player,season_start,salary,salary_real_2023
Patrick Ewing,1990,4250000,9694547
Hot Rod Williams,1990,3785000,8633850
Hakeem Olajuwon,1990,3175000,7242397
Charles Barkley,1990,2900000,6615103
Chris Mullin,1990,2850000,6501049
Isiah Thomas,1990,2720000,6204510
Danny Ferry,1990,2640000,6022024
Robert Parish,1990,2500000,5702675
Michael Jordan,1990,2500000,5702675
Moses Malone,1990,2406000,5488254
Magic Johnson,1990,2400000,5474568
Wayman Tisdale,1990,2330000,5314893
Pervis Ellison,1990,2300000,5246461
David Robinson,1990,2265000,5166623
Karl Malone,1990,2260000,5155218
Ralph Sampson,1990,2250000,5132407
Danny Manning,1990,2200000,5018354
Blair Rasmussen,1990,2185000,4984138
Chuck Person,1990,2150000,4904300
Derrick Coleman,1990,2100000,4790247
Dominique Wilkins,1990,2065000,4710409
Tom Chambers,1990,2060000,4699004
Sam Bowie,1990,2000000,4562140
LaSalle Thompson,1990,2000000,4562140
Willie Burton,1990,2000000,4562140
Terry Porter,1990,2000000,4562140
John Stockton,1990,2000000,4562140
Mark Eaton,1990,2000000,4562140
Sam Perkins,1990,1970000,4493708
Terry Cummings,1990,1860000,4242790
Sean Elliott,1990,1800000,4105926
Mark Jackson,1990,1785000,4071710
Otis Thorpe,1990,1760000,4014683
A.C. Green,1990,1750000,3991872
Benoit Benjamin,1990,1750000,3991872
Kevin Johnson,1990,1750000,3991872
Kevin Duckworth,1990,1710000,3900629
Alton Lister,1990,1700000,3877819
Gary Payton,1990,1685000,3843603
Mahmoud Abdul-Rauf,1990,1660000,3786576
Mike Gminski,1990,1650000,3763765
Rolando Blackman,1990,1650000,3763765
James Worthy,1990,1600000,3649712
Alec Kessler,1990,1600000,3649712
Jack Sikma,1990,1600000,3649712
Bernard King,1990,1600000,3649712
Dennis Scott,1990,1560000,3558469
Jon Koncak,1990,1550000,3535658
Glen Rice,1990,1550000,3535658
Buck Williams,1990,1550000,3535658
Derek Harper,1990,1519000,3464945
Fat Lever,1990,1519000,3464945
Bill Laimbeer,1990,1510000,3444415
Larry Bird,1990,1500000,3421605
Kendall Gill,1990,1500000,3421605
Alex English,1990,1500000,3421605
Danny Schayes,1990,1500000,3421605
Johnny Dawkins,1990,1500000,3421605
Kevin McHale,1990,1400000,3193498
Mark Price,1990,1400000,3193498
Vinnie Johnson,1990,1400000,3193498
Sleepy Floyd,1990,1400000,3193498
Xavier McDaniel,1990,1400000,3193498
Greg Anderson,1990,1365000,3113660
Ron Harper,1990,1365000,3113660
Rik Smits,1990,1350000,3079444
Rick Mahorn,1990,1330000,3033823
Brad Daugherty,1990,1320000,3011012
Manute Bol,1990,1300000,2965391
Brad Lohaus,1990,1275000,2908364
Sarunas Marciulionis,1990,1270000,2896958
Larry Nance,1990,1260000,2874148
Roy Hinson,1990,1250000,2851337
J.R. Reid,1990,1250000,2851337
Dale Ellis,1990,1250000,2851337
Jim Petersen,1990,1235000,2817121
Brian Shaw,1990,1212000,2764656
Drazen Petrovic,1990,1200000,2737284
Johnny Newman,1990,1200000,2737284
Tony Campbell,1990,1200000,2737284
Armen Gilliam,1990,1200000,2737284
Clyde Drexler,1990,1180000,2691662
Detlef Schrempf,1990,1160000,2646041
Randy Breuer,1990,1150000,2623230
Mark Aguirre,1990,1115000,2543393
Bill Cartwright,1990,1100000,2509177
Byron Scott,1990,1100000,2509177
Ricky Pierce,1990,1100000,2509177
Jeff Hornacek,1990,1100000,2509177
Wayne Cooper,1990,1100000,2509177
Terry Catledge,1990,1085000,2474961
Felton Spencer,1990,1070000,2440744
Ken Norman,1990,1050000,2395123
Charles Oakley,1990,1050000,2395123
Joe Dumars,1990,1035000,2360907
Kiki Vandeweghe,1990,1025000,2338096
Kelly Tripucka,1990,1000000,2281070
Horace Grant,1990,1000000,2281070
Stacey King,1990,1000000,2281070
Herb Williams,1990,1000000,2281070
Tyrone Hill,1990,1000000,2281070
Charles Smith,1990,1000000,2281070
Maurice Cheeks,1990,1000000,2281070
Eddie Johnson,1990,1000000,2281070
Hersey Hawkins,1990,1000000,2281070
Thurl Bailey,1990,1000000,2281070
John Williams,1990,1000000,2281070
Joe Wolf,1990,990000,2258259
Rodney McCray,1990,985000,2246854
Sam Vincent,1990,980000,2235448
Derrick McKey,1990,962000,2194389
Chris Dudley,1990,950000,2167016
Bo Kimble,1990,950000,2167016
George McCloud,1990,940000,2144205
James Edwards,1990,935000,2132800
Lionel Simmons,1990,930000,2121395
Craig Ehlo,1990,925000,2109989
Dennis Hopson,1990,915000,2087179
Jeff Malone,1990,915000,2087179
Michael Cage,1990,910000,2075773
Frank Brickowski,1990,905000,2064368
Dell Curry,1990,900000,2052963
Lester Conner,1990,900000,2052963
Kurt Rambis,1990,900000,2052963
Walter Davis,1990,900000,2052963
Paul Pressey,1990,900000,2052963
Doc Rivers,1990,895000,2041557
James Donaldson,1990,880000,2007341
Dennis Rodman,1990,880000,2007341
Kenny Walker,1990,875000,1995936
Mark West,1990,875000,1995936
Alvin Robertson,1990,870000,1984530
Joe Kleine,1990,850000,1938909
William Bedford,1990,850000,1938909
Mitch Richmond,1990,850000,1938909
Darrell Griffith,1990,850000,1938909
Sidney Green,1990,837000,1909255
Trent Tucker,1990,835000,1904693
Tyrone Corbin,1990,830000,1893288
Michael Adams,1990,825000,1881882
Loy Vaught,1990,825000,1881882
Muggsy Bogues,1990,805000,1836261
Orlando Woolridge,1990,805000,1836261
Rumeal Robinson,1990,800000,1824856
Tree Rollins,1990,800000,1824856
Larry Smith,1990,800000,1824856
Travis Mays,1990,800000,1824856
Tom Hammonds,1990,800000,1824856
Tim McCormick,1990,775000,1767829
Vlade Divac,1990,770000,1756423
Reggie Theus,1990,765000,1745018
Scottie Pippen,1990,765000,1745018
Roy Tarpley,1990,765000,1745018
Mike Sanders,1990,760000,1733613
Rony Seikaly,1990,755000,1722207
Ed Pinckney,1990,750000,1710802
Chris Morris,1990,750000,1710802
Cliff Levingston,1990,750000,1710802
David Wingate,1990,750000,1710802
Randy White,1990,730000,1665181
Gerald Wilkins,1990,725000,1653775
Nick Anderson,1990,725000,1653775
Danny Ainge,1990,725000,1653775
Willie Anderson,1990,725000,1653775
Kenny Smith,1990,700000,1596749
Bill Wennington,1990,700000,1596749
Fred Roberts,1990,690000,1573938
Kevin Willis,1990,685000,1562532
Rex Chapman,1990,675000,1539722
Buck Johnson,1990,675000,1539722
Tim Perry,1990,675000,1539722
Charles Jones,1990,675000,1539722
Vern Fleming,1990,667000,1521473
Nate McMillan,1990,658000,1500944
Reggie Miller,1990,654000,1491819
Alexander Volkov,1990,650000,1482695
Dave Jamerson,1990,650000,1482695
Jay Humphries,1990,650000,1482695
Sedale Threatt,1990,650000,1482695
Duane Causwell,1990,650000,1482695
Dave Greenwood,1990,650000,1482695
Mike Brown,1990,650000,1482695
Chucky Brown,1990,630000,1437074
Mychal Thompson,1990,615000,1402858
Pooh Richardson,1990,615000,1402858
Antoine Carr,1990,610000,1391452
Darrell Walker,1990,610000,1391452
Jeff Grayer,1990,605000,1380047
Larry Krystkowiak,1990,605000,1380047
Ledell Eackles,1990,605000,1380047
Terry Mills,1990,600000,1368642
Craig Hodges,1990,600000,1368642
Brad Davis,1990,600000,1368642
Olden Polynice,1990,600000,1368642
Andrew Lang,1990,600000,1368642
John Battle,1990,590000,1345831
Tod Murphy,1990,590000,1345831
John Salley,1990,575000,1311615
Elden Campbell,1990,575000,1311615
Gerald Glass,1990,575000,1311615
Todd Lichti,1990,565000,1288804
Jerrod Mustaf,1990,565000,1288804
John Bagley,1990,550000,1254588
Larry Drew,1990,550000,1254588
Terry Teagle,1990,550000,1254588
Ed Nealy,1990,550000,1254588
Jerome Kersey,1990,550000,1254588
Bob Hansen,1990,550000,1254588
Steve Kerr,1990,548000,1250026
Dee Brown,1990,547000,1247745
Gary Grant,1990,530000,1208967
Michael Smith,1990,525000,1197561
Mookie Blaylock,1990,525000,1197561
Derrick Chievous,1990,525000,1197561
Winston Bennett,1990,525000,1197561
Dwayne Schintzius,1990,520000,1186156
Sidney Moncrief,1990,510000,1163345
Spud Webb,1990,510000,1163345
Bill Hanzlik,1990,510000,1163345
Les Jepsen,1990,505000,1151940
Jerome Lane,1990,500000,1140535
Tim Hardaway,1990,500000,1140535
Rod Higgins,1990,500000,1140535
Randy Wittman,1990,500000,1140535
Sam Mitchell,1990,500000,1140535
Dana Barros,1990,500000,1140535
Jayson Williams,1990,500000,1140535
Mark Alarie,1990,500000,1140535
Eric Leckner,1990,485000,1106318
Greg Kite,1990,480000,1094913
Harvey Grant,1990,475000,1083508
Negele Knight,1990,468000,1067540
Brian Oliver,1990,455000,1037886
Will Perdue,1990,450000,1026481
Scott Hastings,1990,450000,1026481
Winston Garland,1990,450000,1026481
Jerry Reynolds,1990,450000,1026481
Otis Smith,1990,450000,1026481
Danny Young,1990,450000,1026481
Mark Acres,1990,437000,996827
Dan Majerle,1990,430000,980860
BJ Armstrong,1990,425000,969454
Kevin Edwards,1990,425000,969454
Quintin Dailey,1990,425000,969454
Ron Anderson,1990,425000,969454
Tate George,1990,410000,935238
Jeff Turner,1990,410000,935238
Scott Skiles,1990,408000,930676
Tom Tolbert,1990,405000,923833
Mark Bryant,1990,405000,923833
Reggie Lewis,1990,400000,912428
Ken Bannister,1990,400000,912428
Billy Thompson,1990,400000,912428
Adrian Dantley,1990,400000,912428
Eddie Lee Wilkins,1990,400000,912428
Dave Hoppen,1990,400000,912428
Kenny Payne,1990,400000,912428
Rod Strickland,1990,400000,912428
Alaa Abdelnaby,1990,395000,901022
John Paxson,1990,385000,878211
Kevin Gamble,1990,375000,855401
Byron Irvin,1990,375000,855401
Anthony Cook,1990,370000,843995
Lance Blanks,1990,365000,832590
Jack Haley,1990,360000,821185
Brian Quinnett,1990,360000,821185
Blue Edwards,1990,360000,821185
Kenny Gattison,1990,355000,809779
John Morton,1990,350000,798374
Kenny Battle,1990,350000,798374
Shawn Kemp,1990,350000,798374
Joe Barry Carroll,1990,350000,798374
Morlon Wiley,1990,347000,791531
Tom Garrick,1990,340000,775563
Jon Sundvold,1990,335000,764158
Bob Thornton,1990,335000,764158
Micheal Williams,1990,325000,741347
Mike Smrek,1990,325000,741347
Sherman Douglas,1990,325000,741347
Randolph Keys,1990,322000,734504
Derek Smith,1990,315000,718537
David Wood,1990,300000,684321
Greg Dreiling,1990,300000,684321
Grant Long,1990,300000,684321
Greg Grant,1990,300000,684321
Dave Corzine,1990,300000,684321
Scott Meents,1990,300000,684321
Rory Sparrow,1990,300000,684321
Steve Colter,1990,300000,684321
Scott Brooks,1990,295000,672915
Bimbo Coles,1990,290000,661510
Adrian Caldwell,1990,275000,627294
Dave Feitl,1990,275000,627294
A.J. English,1990,275000,627294
Greg Foster,1990,275000,627294
Steve Alford,1990,250000,570267
Vernon Maxwell,1990,250000,570267
Terry Davis,1990,250000,570267
Cliff Robinson,1990,250000,570267
Doug West,1990,230000,524646
Jud Buechler,1990,225000,513240
Frank Kornet,1990,225000,513240
Walter Palmer,1990,225000,513240
Stojko Vrankovic,1990,222000,506397
Delaney Rudd,1990,215000,490430
Marcus Liberty,1990,210000,479024
Jeff Martin,1990,210000,479024
Gary Leonard,1990,200000,456214
Steve Scheffler,1990,200000,456214
Milos Babic,1990,200000,456214
Michael Ansley,1990,200000,456214
Kevin Pritchard,1990,185000,421997
Kenny Williams,1990,175000,399187
Cedric Ceballos,1990,175000,399187
Derrick Gervin,1990,155000,353565
Scott Williams,1990,150000,342160
John Shasky,1990,150000,342160
John Long,1990,150000,342160
Keith Askins,1990,150000,342160
Richard Coffey,1990,150000,342160
Sean Higgins,1990,150000,342160
Tony Massenburg,1990,150000,342160
Alan Ogg,1990,130000,296539
Ian Lockhart,1990,130000,296539
Duane Ferrell,1990,125000,285133
Gerald Henderson,1990,125000,285133
Rick Calloway,1990,125000,285133
Kurk Lee,1990,120000,273728
Gerald Paddio,1990,120000,273728
Matt Bullard,1990,120000,273728
Kennard Winchester,1990,120000,273728
Tony Smith,1990,120000,273728
Irving Thomas,1990,120000,273728
Steve Henson,1990,120000,273728
John Starks,1990,120000,273728
Rickey Green,1990,120000,273728
Andy Toolson,1990,120000,273728
Haywoode Workman,1990,120000,273728
Jim Grandholm,1990,115000,262323
Andre Turner,1990,110000,250917
Darnell Valentine,1990,100000,228107
Paul Mokeski,1990,100000,228107
Dave Popson,1990,80000,182485
Scott Haffner,1990,75000,171080
Henry James,1990,75000,171080
Mario Elie,1990,50000,114053
Avery Johnson,1990,50000,114053
Alan Bannister,1990,50000,114053
Tony Brown,1990,50000,114053
A.J. Wynder,1990,30000,68432
Kelvin Upshaw,1990,30000,68432
Anthony Frederick,1990,30000,68432
Larry Bird,1991,7070000,15403814
Hot Rod Williams,1991,3786000,8248775
Kevin McHale,1991,3500000,7625650
Reggie Lewis,1991,3340000,7277049
Michael Jordan,1991,3250000,7080961
Reggie Miller,1991,3211000,6995989
Charles Barkley,1991,3200000,6972023
Hakeem Olajuwon,1991,3170000,6906660
Patrick Ewing,1991,3139000,6839119
Dominique Wilkins,1991,3100000,6754147
Robert Parish,1991,3000000,6536272
Isiah Thomas,1991,2960000,6449121
Benoit Benjamin,1991,2875000,6263927
Chris Mullin,1991,2844000,6196385
Danny Ferry,1991,2843000,6194207
Scottie Pippen,1991,2770000,6035157
Ralph Sampson,1991,2685000,5849963
Karl Malone,1991,2556000,5568903
Bernard King,1991,2525000,5501362
Sam Perkins,1991,2507000,5462144
Magic Johnson,1991,2500000,5446893
Wayman Tisdale,1991,2333000,5083040
Derrick Coleman,1991,2300000,5011141
Danny Manning,1991,2300000,5011141
Pervis Ellison,1991,2300000,5011141
Tom Chambers,1991,2275000,4956672
Steve Smith,1991,2250000,4902204
Brad Daugherty,1991,2245000,4891310
David Robinson,1991,2240000,4880416
Chuck Person,1991,2156000,4697400
John Stockton,1991,2100000,4575390
Kevin Duckworth,1991,2013000,4385838
Mahmoud Abdul-Rauf,1991,2008000,4374944
Dikembe Mutombo,1991,2005000,4368408
Rony Seikaly,1991,2002000,4361872
Jon Koncak,1991,2000000,4357514
Sam Bowie,1991,2000000,4357514
Bill Cartwright,1991,2000000,4357514
John Salley,1991,2000000,4357514
LaSalle Thompson,1991,2000000,4357514
Dennis Scott,1991,1980000,4313939
Larry Johnson,1991,1955000,4259470
Kevin Johnson,1991,1950000,4248576
Scott Skiles,1991,1925000,4194107
Rolando Blackman,1991,1920000,4183214
Kendall Gill,1991,1908000,4157069
Gary Payton,1991,1883000,4102600
Terry Cummings,1991,1861000,4054667
Mike Gminski,1991,1850000,4030701
Kenny Anderson,1991,1828000,3982768
Mychal Thompson,1991,1807000,3937014
Sean Elliott,1991,1802000,3926120
Terry Porter,1991,1787000,3893439
Otis Thorpe,1991,1786000,3891260
Horace Grant,1991,1750000,3812825
A.C. Green,1991,1750000,3812825
James Worthy,1991,1750000,3812825
Ricky Pierce,1991,1750000,3812825
Derek Harper,1991,1725000,3758356
Johnny Dawkins,1991,1700000,3703887
Buck Williams,1991,1700000,3703887
Ron Harper,1991,1650000,3594949
Kenny Smith,1991,1633000,3557910
Xavier McDaniel,1991,1625000,3540480
Fat Lever,1991,1619000,3527408
John Paxson,1991,1600000,3486011
Danny Schayes,1991,1600000,3486011
Moses Malone,1991,1600000,3486011
Luc Longley,1991,1590000,3464224
Vinnie Johnson,1991,1580000,3442436
Jeff Malone,1991,1580000,3442436
Blair Rasmussen,1991,1558000,3394503
Mark Price,1991,1520000,3311711
Billy Owens,1991,1509000,3287744
Doug Smith,1991,1500000,3268136
Sleepy Floyd,1991,1500000,3268136
Greg Anderson,1991,1465000,3191879
Jeff Hornacek,1991,1428000,3111265
Willie Burton,1991,1402000,3054617
Kevin Gamble,1991,1400000,3050260
Michael Cage,1991,1390000,3028472
Terry Catledge,1991,1386000,3019757
Clyde Drexler,1991,1378000,3002327
Brad Lohaus,1991,1377000,3000148
Drazen Petrovic,1991,1375000,2995791
Bill Laimbeer,1991,1369000,2982718
Larry Nance,1991,1363000,2969646
Cliff Levingston,1991,1350000,2941322
Rik Smits,1991,1350000,2941322
Armen Gilliam,1991,1350000,2941322
Manute Bol,1991,1350000,2941322
Felton Spencer,1991,1340000,2919534
Alton Lister,1991,1333000,2904283
Mark Eaton,1991,1333000,2904283
Charles Shackleford,1991,1332000,2902104
Brian Shaw,1991,1313000,2860708
Michael Adams,1991,1309000,2851993
Glen Rice,1991,1302000,2836742
Dale Ellis,1991,1300000,2832384
Jerry Reynolds,1991,1300000,2832384
Joe Dumars,1991,1295000,2821490
Lionel Simmons,1991,1289000,2808418
Detlef Schrempf,1991,1278000,2784451
Sarunas Marciulionis,1991,1267000,2760485
Antoine Carr,1991,1263000,2751770
Sam Vincent,1991,1260000,2745234
J.R. Reid,1991,1250000,2723446
Sherman Douglas,1991,1250000,2723446
Randy Breuer,1991,1250000,2723446
Mark Jackson,1991,1250000,2723446
Mark Aguirre,1991,1232000,2684229
Walter Davis,1991,1215000,2647189
Johnny Newman,1991,1206000,2627581
Tyrone Hill,1991,1200000,2614508
Wayne Cooper,1991,1200000,2614508
Doc Rivers,1991,1195000,2603615
Herb Williams,1991,1183000,2577469
Tony Campbell,1991,1183000,2577469
Mike Brown,1991,1175000,2560039
Ken Norman,1991,1150000,2505570
Bo Kimble,1991,1150000,2505570
Alec Kessler,1991,1122000,2444565
Derrick McKey,1991,1112000,2422778
Stacey King,1991,1100000,2396633
Byron Scott,1991,1100000,2396633
John Williams,1991,1100000,2396633
Dennis Rodman,1991,1075000,2342164
Sidney Green,1991,1063000,2316019
Frank Brickowski,1991,1055000,2298589
Charles Smith,1991,1050000,2287695
Charles Oakley,1991,1050000,2287695
Eddie Johnson,1991,1050000,2287695
Alvin Robertson,1991,1033000,2250656
Rumeal Robinson,1991,1025000,2233226
Rodney McCray,1991,1025000,2233226
Kiki Vandeweghe,1991,1020000,2222332
Dell Curry,1991,1006000,2191829
Maurice Cheeks,1991,1000000,2178757
Travis Mays,1991,1000000,2178757
Chris Dudley,1991,1000000,2178757
Loy Vaught,1991,1000000,2178757
Thurl Bailey,1991,1000000,2178757
Ron Anderson,1991,1000000,2178757
Paul Pressey,1991,1000000,2178757
Larry Smith,1991,997000,2172221
George McCloud,1991,990000,2156969
Mark West,1991,975000,2124288
Mark Macon,1991,970000,2113394
Orlando Woolridge,1991,957000,2085070
Joe Kleine,1991,950000,2069819
Jeff Grayer,1991,950000,2069819
Kurt Rambis,1991,950000,2069819
Dennis Hopson,1991,950000,2069819
Mitch Richmond,1991,950000,2069819
Roy Hinson,1991,943000,2054568
Vlade Divac,1991,942000,2052389
Rex Chapman,1991,940000,2048031
Jim Petersen,1991,936000,2039316
James Edwards,1991,933000,2032780
Gary Grant,1991,928000,2021886
Craig Ehlo,1991,925000,2015350
Joe Barry Carroll,1991,925000,2015350
Tyrone Corbin,1991,922000,2008814
Muggsy Bogues,1991,906000,1973954
Ed Pinckney,1991,900000,1960881
William Bedford,1991,900000,1960881
Lester Conner,1991,900000,1960881
James Donaldson,1991,880000,1917306
Stacey Augmon,1991,875000,1906412
Greg Anthony,1991,865000,1884625
Mike Sanders,1991,860000,1873731
Randy White,1991,855000,1862837
Terry Mills,1991,850000,1851943
Darrell Griffith,1991,850000,1851943
Dave Jamerson,1991,840000,1830156
Tim McCormick,1991,825000,1797474
Tom Hammonds,1991,825000,1797474
Duane Causwell,1991,820000,1786581
Trent Tucker,1991,813000,1771329
Hersey Hawkins,1991,805000,1753899
Gerald Wilkins,1991,795000,1732112
Fred Roberts,1991,791000,1723397
Ledell Eackles,1991,780000,1699430
Bison Dele,1991,777000,1692894
Buck Johnson,1991,775000,1688536
Willie Anderson,1991,775000,1688536
Joe Wolf,1991,763000,1662391
Vern Fleming,1991,760000,1655855
Jay Humphries,1991,760000,1655855
Pooh Richardson,1991,760000,1655855
Tod Murphy,1991,760000,1655855
Victor Alexander,1991,750000,1634068
Olden Polynice,1991,750000,1634068
Nick Anderson,1991,750000,1634068
Charles Jones,1991,750000,1634068
Jerrod Mustaf,1991,735000,1601386
Nate McMillan,1991,733000,1597029
Kevin Willis,1991,725000,1579599
Danny Ainge,1991,725000,1579599
Dee Brown,1991,705000,1536023
Gerald Glass,1991,705000,1536023
Craig Hodges,1991,700000,1525130
John Battle,1991,700000,1525130
Chris Gatling,1991,700000,1525130
Terry Teagle,1991,700000,1525130
Greg Kite,1991,700000,1525130
Andrew Lang,1991,700000,1525130
Alexander Volkov,1991,675000,1470661
Tim Perry,1991,675000,1470661
Stojko Vrankovic,1991,665000,1448873
Darrell Walker,1991,665000,1448873
Mike Woodson,1991,658000,1433622
Chris Morris,1991,650000,1416192
Jayson Williams,1991,650000,1416192
Ed Nealy,1991,650000,1416192
Dwayne Schintzius,1991,650000,1416192
Chucky Brown,1991,640000,1394404
Jerome Lane,1991,640000,1394404
Tim Hardaway,1991,640000,1394404
Sam Mitchell,1991,630000,1372617
Michael Smith,1991,625000,1361723
Kevin Brooks,1991,625000,1361723
LaBradford Smith,1991,620000,1350829
Eric Leckner,1991,618000,1346472
John Turner,1991,615000,1339935
Sedale Threatt,1991,612000,1333399
Larry Krystkowiak,1991,605000,1318148
Bob Hansen,1991,600000,1307254
Brad Davis,1991,600000,1307254
Brad Sellers,1991,600000,1307254
Greg Dreiling,1991,600000,1307254
Larry Drew,1991,600000,1307254
Kevin Edwards,1991,600000,1307254
Rich King,1991,600000,1307254
Eric Murdock,1991,600000,1307254
Mookie Blaylock,1991,575000,1252785
Elden Campbell,1991,575000,1252785
Anthony Bonner,1991,568000,1237534
Todd Lichti,1991,565000,1230997
Jerome Kersey,1991,561000,1222282
Spud Webb,1991,560000,1220104
Steve Kerr,1991,553000,1204852
John Bagley,1991,550000,1198316
Rod Higgins,1991,550000,1198316
Randy Wittman,1991,550000,1198316
Jeff Turner,1991,550000,1198316
Stanley Roberts,1991,550000,1198316
Danny Young,1991,550000,1198316
Mark Alarie,1991,550000,1198316
Mark Acres,1991,547000,1191780
Dan Majerle,1991,535000,1165635
Rick Fox,1991,525000,1143847
Terrell Brandon,1991,525000,1143847
Winston Bennett,1991,525000,1143847
Otis Smith,1991,525000,1143847
Stuart Gray,1991,520000,1132953
Bill Hanzlik,1991,508000,1106808
Tom Tolbert,1991,506000,1102451
Les Jepsen,1991,504000,1098093
Duane Ferrell,1991,500000,1089378
Will Perdue,1991,500000,1089378
Alex English,1991,500000,1089378
Scott Hastings,1991,500000,1089378
Micheal Williams,1991,500000,1089378
Dana Barros,1991,500000,1089378
Dave Hoppen,1991,500000,1089378
Alaa Abdelnaby,1991,494000,1076306
Tate George,1991,481000,1047982
Anthony Cook,1991,480000,1045803
Henry James,1991,477000,1039267
Pete Chilcutt,1991,475000,1034909
Cliff Robinson,1991,474000,1032730
Negele Knight,1991,469000,1021837
Kenny Gattison,1991,456000,993513
Brian Oliver,1991,456000,993513
John Morton,1991,450000,980440
Winston Garland,1991,450000,980440
Brian Quinnett,1991,450000,980440
Andrew Toney,1991,450000,980440
Mark Bryant,1991,450000,980440
Harvey Grant,1991,450000,980440
Rickey Green,1991,445000,969546
BJ Armstrong,1991,435000,947759
Dale Davis,1991,430000,936865
Shawn Kemp,1991,430000,936865
Reggie Williams,1991,425000,925971
Quintin Dailey,1991,425000,925971
Lance Blanks,1991,415000,904184
Kenny Payne,1991,410000,893290
Mike Holton,1991,400000,871502
Tony Smith,1991,400000,871502
Scott Brooks,1991,400000,871502
John Starks,1991,400000,871502
Rod Strickland,1991,400000,871502
Blue Edwards,1991,390000,849715
Jeff Sanders,1991,385000,838821
Terry Davis,1991,382000,832285
Tree Rollins,1991,375000,817034
Scott Williams,1991,350000,762565
Steve Henson,1991,350000,762565
Greg Foster,1991,339000,738598
Bob Thornton,1991,335000,729883
Mitchell Wiggins,1991,335000,729883
Jon Sundvold,1991,333000,725526
Vernon Maxwell,1991,325000,708096
Carl Herrera,1991,325000,708096
A.J. English,1991,325000,708096
Jim Les,1991,323000,703738
Rafael Addison,1991,311000,677593
Doug West,1991,310000,675414
Ken Bannister,1991,300000,653627
Jack Haley,1991,300000,653627
Dave Corzine,1991,300000,653627
Kevin Pritchard,1991,288000,627481
Matt Bullard,1991,275000,599158
Kenny Williams,1991,275000,599158
Walter Palmer,1991,275000,599158
Ian Lockhart,1991,263000,573013
Marcus Liberty,1991,260000,566476
Grant Long,1991,252000,549046
John Shasky,1991,250000,544689
Kelvin Upshaw,1991,250000,544689
Mark Hughes,1991,250000,544689
Cedric Ceballos,1991,250000,544689
Andy Toolson,1991,250000,544689
David Wingate,1991,250000,544689
Haywoode Workman,1991,250000,544689
Delaney Rudd,1991,240000,522901
David Benoit,1991,230000,501114
Jim Paxson,1991,225000,490220
Rodney Monroe,1991,217000,472790
Bimbo Coles,1991,212000,461896
Anthony Mason,1991,210000,457539
Randy Brown,1991,210000,457539
Keith Askins,1991,202000,440108
Alan Ogg,1991,202000,440108
Jimmy Oliver,1991,200000,435751
Myron Brown,1991,200000,435751
Tom Garrick,1991,200000,435751
Tony Massenburg,1991,200000,435751
Mike Iuzzolino,1991,185000,403070
Mark Randall,1991,180000,392176
LeRon Ellis,1991,180000,392176
Jawann Oldham,1991,175000,381282
Greg Sutton,1991,175000,381282
Tom Copa,1991,160000,348601
Doug Lee,1991,150000,326813
Lamont Strothers,1991,150000,326813
Dave Feitl,1991,135000,294132
Vincent Askew,1991,135000,294132
Gary Leonard,1991,130000,283238
A.J. Wynder,1991,130000,283238
Anthony Frederick,1991,130000,283238
Darnell Valentine,1991,130000,283238
Donald Hodge,1991,130000,283238
Bob McCann,1991,130000,283238
Charles Thomas,1991,130000,283238
Mario Elie,1991,130000,283238
Sean Green,1991,130000,283238
Elliot Perry,1991,130000,283238
Lanard Copeland,1991,130000,283238
Tony Brown,1991,130000,283238
Keith Owens,1991,130000,283238
Bobby Phills,1991,130000,283238
Patrick Eddie,1991,130000,283238
Bart Kofoed,1991,130000,283238
Marty Conlon,1991,130000,283238
Derek Strong,1991,130000,283238
Robert Reid,1991,130000,283238
Tharon Mayes,1991,130000,283238
Ennis Whatley,1991,130000,283238
Robert Pack,1991,130000,283238
Donald Royal,1991,130000,283238
Morlon Wiley,1991,130000,283238
Corey Crowder,1991,130000,283238
Isaac Austin,1991,130000,283238
Andre Turner,1991,130000,283238
Larry Stewart,1991,130000,283238
Rory Sparrow,1991,126000,274523
Paul Graham,1991,125000,272344
Kennard Winchester,1991,120000,261450
Chuck Nevitt,1991,118000,257093
Dan Godfread,1991,100000,217875
David Robinson,1992,5720000,12089150
Michael Jordan,1992,4000000,8453951
Hot Rod Williams,1992,3786000,8001665
Vlade Divac,1992,3633000,7678301
Robert Parish,1992,3513000,7424682
Dominique Wilkins,1992,3500000,7397207
Kevin McHale,1992,3500000,7397207
Scottie Pippen,1992,3425000,7238695
Reggie Lewis,1992,3320000,7016779
Patrick Ewing,1992,3300000,6974509
Reggie Miller,1992,3211000,6786409
Benoit Benjamin,1992,3175000,6710324
Hakeem Olajuwon,1992,3170000,6699756
Danny Ferry,1992,3143000,6642692
Sam Perkins,1992,3047000,6439797
Shaquille O'Neal,1992,3000000,6340463
Brad Daugherty,1992,2923000,6177725
Derrick Coleman,1992,2870000,6065710
Karl Malone,1992,2854000,6031894
Chris Mullin,1992,2844000,6010759
Larry Nance,1992,2775000,5864928
Ralph Sampson,1992,2685000,5674714
Jerome Kersey,1992,2655000,5611310
Sam Bowie,1992,2600000,5495068
Danny Manning,1992,2600000,5495068
Larry Johnson,1992,2540000,5368259
Magic Johnson,1992,2500000,5283719
Bernard King,1992,2500000,5283719
Jon Koncak,1992,2450000,5178045
Kevin Willis,1992,2425000,5125208
Charles Barkley,1992,2420000,5114640
Terry Cummings,1992,2407000,5087165
Alonzo Mourning,1992,2400000,5072370
Dikembe Mutombo,1992,2400000,5072370
Dennis Scott,1992,2400000,5072370
Hersey Hawkins,1992,2400000,5072370
Rony Seikaly,1992,2382000,5034328
Kenny Anderson,1992,2376000,5021647
Mahmoud Abdul-Rauf,1992,2358000,4983604
Dennis Rodman,1992,2350000,4966696
Wayman Tisdale,1992,2333000,4930767
Larry Bird,1992,2300000,4861022
Armen Gilliam,1992,2300000,4861022
Pervis Ellison,1992,2300000,4861022
Isiah Thomas,1992,2272000,4801844
Steve Smith,1992,2252000,4759574
Moses Malone,1992,2230000,4713077
Ron Harper,1992,2220000,4691943
Kevin Duckworth,1992,2213000,4677148
Bill Cartwright,1992,2200000,4649673
Terry Porter,1992,2200000,4649673
John Stockton,1992,2200000,4649673
Gary Payton,1992,2183000,4613744
Chuck Person,1992,2156000,4556679
Otis Thorpe,1992,2102000,4442551
Christian Laettner,1992,2100000,4438324
Willie Anderson,1992,2075000,4385487
Derek Harper,1992,2069000,4372806
Mike Sanders,1992,2010000,4248109
Rex Chapman,1992,2004000,4235429
John Salley,1992,2002000,4231202
Rik Smits,1992,2000000,4226975
LaSalle Thompson,1992,2000000,4226975
Ricky Pierce,1992,2000000,4226975
Blair Rasmussen,1992,1988000,4201613
Kenny Smith,1992,1983000,4191046
Jeff Malone,1992,1980000,4184705
Billy Owens,1992,1962000,4146663
Kendall Gill,1992,1908000,4032534
Horace Grant,1992,1900000,4015626
LaPhonso Ellis,1992,1900000,4015626
Stanley Roberts,1992,1900000,4015626
Johnny Dawkins,1992,1900000,4015626
Tom Chambers,1992,1885000,3983924
Xavier McDaniel,1992,1869000,3950108
Sherman Douglas,1992,1869000,3950108
James Worthy,1992,1850000,3909952
Kevin Johnson,1992,1850000,3909952
Buck Williams,1992,1850000,3909952
Doug Smith,1992,1845000,3899385
Cliff Robinson,1992,1805000,3814845
Fat Lever,1992,1802000,3808505
Sean Elliott,1992,1802000,3808505
Frank Brickowski,1992,1800000,3804278
Jay Humphries,1992,1800000,3804278
Mark Jackson,1992,1790000,3783143
Micheal Williams,1992,1775000,3751440
A.C. Green,1992,1750000,3698603
Charles Shackleford,1992,1720000,3635199
Sleepy Floyd,1992,1700000,3592929
Mark Price,1992,1690000,3571794
Manute Bol,1992,1650000,3487254
Jeff Hornacek,1992,1646000,3478801
Harvey Grant,1992,1625000,3434417
Drazen Petrovic,1992,1615000,3413282
Felton Spencer,1992,1610000,3402715
Danny Schayes,1992,1600000,3381580
Luc Longley,1992,1590000,3360445
Glen Rice,1992,1552000,3280133
Vernon Maxwell,1992,1542000,3258998
Terry Davis,1992,1537000,3248430
Chris Morris,1992,1510000,3191366
Sam Vincent,1992,1510000,3191366
Sarunas Marciulionis,1992,1500000,3170231
Rolando Blackman,1992,1500000,3170231
Lionel Simmons,1992,1464000,3094146
Mike Gminski,1992,1415000,2990585
Brian Shaw,1992,1413000,2986358
Stacey King,1992,1400000,2958883
Tyrone Hill,1992,1400000,2958883
Detlef Schrempf,1992,1393000,2944088
Michael Cage,1992,1390000,2937748
Tony Campbell,1992,1383000,2922953
Clyde Drexler,1992,1378000,2912386
Vern Fleming,1992,1360000,2874343
Mark Aguirre,1992,1351000,2855322
Scott Skiles,1992,1348000,2848981
Joe Dumars,1992,1339000,2829960
Terry Mills,1992,1337000,2825733
Mark Eaton,1992,1333000,2817279
Danny Ainge,1992,1330000,2810938
Todd Day,1992,1325000,2800371
Bill Laimbeer,1992,1319000,2787690
Spud Webb,1992,1317000,2783463
Michael Adams,1992,1309000,2766555
Sidney Green,1992,1288000,2722172
Alton Lister,1992,1283000,2711604
Alvin Robertson,1992,1283000,2711604
Ken Norman,1992,1275000,2694697
Doug West,1992,1275000,2694697
Walt Williams,1992,1275000,2694697
Mike Brown,1992,1275000,2694697
Grant Long,1992,1258000,2658767
Roy Hinson,1992,1250000,2641859
James Edwards,1992,1250000,2641858
Charles Smith,1992,1250000,2641859
J.R. Reid,1992,1250000,2641859
Tom Gugliotta,1992,1250000,2641859
Antoine Carr,1992,1233000,2605930
Mark Macon,1992,1228000,2595363
Rumeal Robinson,1992,1225000,2589022
Jim Petersen,1992,1221000,2580568
Travis Mays,1992,1200000,2536185
Kevin Gamble,1992,1200000,2536185
Chris Dudley,1992,1200000,2536185
John Paxson,1992,1200000,2536185
Rod Strickland,1992,1200000,2536185
Johnny Newman,1992,1175000,2483348
Derrick McKey,1992,1162000,2455872
Joe Kleine,1992,1150000,2430511
Ed Pinckney,1992,1150000,2430511
Stacey Augmon,1992,1138000,2405149
Gary Grant,1992,1128000,2384014
Orlando Woolridge,1992,1108000,2341744
Loy Vaught,1992,1100000,2324836
Byron Scott,1992,1100000,2324836
Eddie Johnson,1992,1100000,2324836
Kurt Rambis,1992,1100000,2324836
Mark Bryant,1992,1100000,2324836
Tyrone Corbin,1992,1100000,2324836
Terry Catledge,1992,1086000,2295247
Rodney McCray,1992,1075000,2271999
Craig Ehlo,1992,1075000,2271999
Greg Anthony,1992,1067000,2255091
Charles Oakley,1992,1050000,2219162
George McCloud,1992,1040000,2198027
Andrew Lang,1992,1040000,2198027
Mitch Richmond,1992,1036000,2189573
Dave Jamerson,1992,1034000,2185346
Bison Dele,1992,1011000,2136736
Adam Keefe,1992,1000000,2113487
Thurl Bailey,1992,1000000,2113487
Mark West,1992,1000000,2113487
Dale Ellis,1992,1000000,2113487
Robert Horry,1992,997000,2107147
Reggie Williams,1992,985000,2081785
Ron Anderson,1992,950000,2007813
Duane Causwell,1992,950000,2007813
Victor Alexander,1992,942000,1990905
Randy White,1992,930000,1965543
William Bedford,1992,925000,1954976
Vinny Del Negro,1992,920000,1944408
Harold Miner,1992,912000,1927500
John Battle,1992,910000,1923273
Chris Gatling,1992,910000,1923273
Jerry Reynolds,1992,910000,1923273
Jerrod Mustaf,1992,904000,1910593
Gerald Glass,1992,903000,1908479
Anthony Bowie,1992,900000,1902139
Tim Perry,1992,900000,1902139
Doc Rivers,1992,895000,1891571
Lester Conner,1992,890000,1881004
Charles Jones,1992,875000,1849301
Fred Roberts,1992,866000,1830280
Dee Brown,1992,865000,1828167
Bo Kimble,1992,865000,1828167
Tom Hammonds,1992,850000,1796464
Bryant Stith,1992,850000,1796464
Olden Polynice,1992,850000,1796464
Stojko Vrankovic,1992,831000,1756308
Duane Ferrell,1992,825000,1743627
Willie Burton,1992,802000,1695017
Jayson Williams,1992,800000,1690790
Kevin Brooks,1992,800000,1690790
Carl Herrera,1992,800000,1690790
Pooh Richardson,1992,800000,1690790
John Williams,1992,800000,1690790
Nick Anderson,1992,800000,1690790
Clarence Weatherspoon,1992,800000,1690790
Ed Nealy,1992,800000,1690790
Sedale Threatt,1992,796000,1682336
Malik Sealy,1992,790000,1669655
Ledell Eackles,1992,780000,1648520
Greg Kite,1992,775000,1637953
Anthony Bonner,1992,763000,1612591
Alec Kessler,1992,762000,1610477
LaBradford Smith,1992,760000,1606250
Winston Garland,1992,759000,1604136
Dell Curry,1992,750000,1585115
Kevin Edwards,1992,750000,1585115
Nate McMillan,1992,750000,1585115
Darrell Walker,1992,735000,1553413
Dan Majerle,1992,735000,1553413
Tracy Murray,1992,725000,1532278
Dino Radja,1992,711000,1502689
Muggsy Bogues,1992,700000,1479441
Anthony Peeler,1992,700000,1479441
Eric Murdock,1992,700000,1479441
Brad Sellers,1992,700000,1479441
Jeff Turner,1992,700000,1479441
Tim Hardaway,1992,690000,1458306
Terrell Brandon,1992,682000,1441398
Mookie Blaylock,1992,660000,1394901
Tim McCormick,1992,660000,1394901
Rick Fox,1992,650000,1373767
Michael Smith,1992,650000,1373767
Donald Hodge,1992,650000,1373767
Greg Dreiling,1992,650000,1373767
Bimbo Coles,1992,650000,1373767
Shawn Kemp,1992,650000,1373767
Pete Chilcutt,1992,630000,1331497
Will Perdue,1992,625000,1320929
Scott Williams,1992,613000,1295568
Mario Elie,1992,608000,1285000
Tom Tolbert,1992,606000,1280773
Larry Krystkowiak,1992,605000,1278660
Maurice Cheeks,1992,600000,1268092
Bob Hansen,1992,600000,1268092
Scott Hastings,1992,600000,1268092
John Starks,1992,600000,1268092
Rich King,1992,600000,1268092
Kenny Gattison,1992,598000,1263865
Hubert Davis,1992,588000,1242730
Brad Lohaus,1992,583000,1232163
Sam Mitchell,1992,575000,1215255
Elden Campbell,1992,575000,1215255
Anthony Cook,1992,570000,1204688
Todd Lichti,1992,565180,1194501
Dale Davis,1992,559000,1181439
Tate George,1992,551000,1164531
John Bagley,1992,550000,1162418
Latrell Sprewell,1992,550000,1162418
Jeff Grayer,1992,550000,1162418
Steve Kerr,1992,550000,1162418
Buck Johnson,1992,550000,1162418
BJ Armstrong,1992,540000,1141283
Rafael Addison,1992,522000,1103240
Lee Mayberry,1992,520000,1099013
Oliver Miller,1992,517000,1092673
Les Jepsen,1992,504000,1065197
Paul Graham,1992,500000,1056743
Alaa Abdelnaby,1992,500000,1056743
Rick Mahorn,1992,500000,1056743
Gerald Wilkins,1992,500000,1056743
Byron Houston,1992,500000,1056743
Matt Bullard,1992,500000,1056743
Scott Brooks,1992,500000,1056743
Tree Rollins,1992,500000,1056743
Tod Murphy,1992,500000,1056743
Randy Woods,1992,500000,1056743
Anthony Avent,1992,500000,1056743
Jon Barry,1992,500000,1056743
Dana Barros,1992,500000,1056743
Eddie Lee Wilkins,1992,500000,1056743
Kenny Payne,1992,500000,1056743
Tim Kempton,1992,500000,1056743
Dave Johnson,1992,500000,1056743
Larry Smith,1992,500000,1056743
Larry Stewart,1992,500000,1056743
Lance Blanks,1992,490000,1035609
Henry James,1992,477000,1008133
Blue Edwards,1992,475000,1003906
Negele Knight,1992,469000,991225
Don MacLean,1992,463000,978544
Brian Oliver,1992,456000,963750
Tony Smith,1992,450000,951069
Greg Foster,1992,439000,927821
Elmore Spencer,1992,438000,925707
Herb Williams,1992,430000,908799
Jim Les,1992,413000,872870
A.J. English,1992,406000,858076
Craig Hodges,1992,400000,845395
Isaac Austin,1992,400000,845395
Jack Haley,1992,390000,824260
Sean Rooks,1992,375000,792557
Jud Buechler,1992,375000,792557
David Wood,1992,375000,792557
Marcus Liberty,1992,360000,760855
Sean Green,1992,355000,750288
Trent Tucker,1992,350000,739720
Cedric Ceballos,1992,350000,739720
Mitchell Wiggins,1992,335000,708018
Kenny Williams,1992,325000,686883
Marlon Maxey,1992,325000,686883
Randy Wittman,1992,300000,634046
Chris Corchiani,1992,300000,634046
David Benoit,1992,300000,634046
Brent Price,1992,283000,598117
Gundars Vetra,1992,275000,581209
Reggie Smith,1992,275000,581209
Anthony Mason,1992,273000,576982
Greg Grant,1992,270000,570641
Jeff Sanders,1992,250000,528371
Morlon Wiley,1992,250000,528371
Kevin Lynch,1992,250000,528371
Bobby Phills,1992,250000,528371
Tracy Moore,1992,250000,528371
Robert Pack,1992,250000,528371
Mark Randall,1992,250000,528371
Mark Acres,1992,250000,528371
Sean Higgins,1992,250000,528371
Keith Owens,1992,250000,528371
Keith Askins,1992,250000,528371
Randy Brown,1992,250000,528371
Corey Crowder,1992,250000,528371
Mike Iuzzolino,1992,241000,509350
Jerome Lane,1992,225000,475534
Bob McCann,1992,225000,475534
Vinnie Johnson,1992,210000,443832
Corey Williams,1992,200000,422697
Brian Howard,1992,200000,422697
Chris Smith,1992,200000,422697
Marty Conlon,1992,200000,422697
Gerald Paddio,1992,190000,401562
Vincent Askew,1992,180000,380427
Kevin Pritchard,1992,158000,333931
Steve Bardo,1992,150000,317023
Dexter Cambridge,1992,150000,317023
John Shasky,1992,150000,317023
Walter Bond,1992,150000,317023
Robert Werdann,1992,145000,306455
A.J. Wynder,1992,140000,295888
Bart Kofoed,1992,140000,295888
Kenny Battle,1992,140000,295888
Marcus Webb,1992,140000,295888
Chucky Brown,1992,140000,295888
Dan O'Sullivan,1992,140000,295888
Dwayne Schintzius,1992,140000,295888
Tony Bennett,1992,140000,295888
Jay Guidinger,1992,140000,295888
Radisav Curcic,1992,140000,295888
Walter Palmer,1992,140000,295888
Gary Plummer,1992,140000,295888
Isaiah Morris,1992,140000,295888
Keith Jennings,1992,140000,295888
Kennard Winchester,1992,140000,295888
Jaren Jackson Jr,1992,140000,295888
Kiki Vandeweghe,1992,140000,295888
Alex Blackwell,1992,140000,295888
Duane Cooper,1992,140000,295888
Rory Sparrow,1992,140000,295888
Matt Geiger,1992,140000,295888
Anthony Pullard,1992,140000,295888
Eric Anderson,1992,140000,295888
Steve Scheffler,1992,140000,295888
Donald Royal,1992,140000,295888
Litterial Green,1992,140000,295888
Alex Stivrins,1992,140000,295888
Frank Johnson,1992,140000,295888
Richard Dumas,1992,140000,295888
Avery Johnson,1992,140000,295888
Lloyd Daniels,1992,140000,295888
Sam Mack,1992,140000,295888
John Crotty,1992,140000,295888
Stephen Howard,1992,140000,295888
Tim Legler,1992,140000,295888
Andre Turner,1992,140000,295888
Doug Overton,1992,140000,295888
Stan Kimbrough,1992,133000,281093
David Wingate,1992,129000,272639
Doug Lee,1992,125000,264185
Roy Tarpley,1992,80000,169079
Joe Wolf,1992,29000,61291
Curtis Blair,1992,25000,52837
Ron Grandison,1992,15000,31702
Corey Gaines,1992,13000,27475
Matt Othick,1992,13000,27475
Reggie Fox,1992,11000,23248
Ricky Blanton,1992,8000,16907
Lorenzo Williams,1992,7000,14794
Tito Horford,1992,7000,14794
David Robinson,1993,5740000,11778567
Buck Williams,1993,5050000,10362676
John Williams,1993,4886000,10026145
Vlade Divac,1993,4133000,8480978
Robert Parish,1993,4000000,8208060
Michael Jordan,1993,4000000,8208060
Ron Harper,1993,4000000,8208060
Shaquille O'Neal,1993,3900000,8002859
Patrick Ewing,1993,3825000,7848958
Sam Perkins,1993,3587000,7360578
Benoit Benjamin,1993,3575000,7335954
Danny Ferry,1993,3543000,7270289
Brad Daugherty,1993,3541000,7266185
Dominique Wilkins,1993,3500000,7182053
Derrick Coleman,1993,3440000,7058932
Tim Hardaway,1993,3340000,6853730
Danny Manning,1993,3250000,6669049
Charles Barkley,1993,3250000,6669049
Sam Bowie,1993,3200000,6566448
Hakeem Olajuwon,1993,3170000,6504888
Larry Johnson,1993,3125000,6412547
Alonzo Mourning,1993,3120000,6402287
Karl Malone,1993,3081000,6322258
Scottie Pippen,1993,3075000,6309946
Rony Seikaly,1993,3057000,6273010
Reggie Miller,1993,3011000,6178617
Dikembe Mutombo,1993,3000000,6156045
Dan Majerle,1993,2975000,6104745
Jerome Kersey,1993,2940000,6032924
Kenny Anderson,1993,2925000,6002144
Jon Koncak,1993,2900000,5950844
Mark Price,1993,2850000,5848243
Chris Mullin,1993,2844000,5835931
Stanley Roberts,1993,2841000,5829775
Larry Nance,1993,2840000,5827723
Dennis Scott,1993,2820000,5786682
Ken Norman,1993,2785000,5714862
Christian Laettner,1993,2730000,5602001
Shawn Bradley,1993,2700000,5540441
Nick Anderson,1993,2670000,5478880
Kevin Willis,1993,2625000,5386539
Charles Smith,1993,2557000,5247002
Isiah Thomas,1993,2520000,5171078
Rik Smits,1993,2500000,5130038
Magic Johnson,1993,2500000,5130038
Terry Porter,1993,2500000,5130038
Mitch Richmond,1993,2500000,5130038
Blair Rasmussen,1993,2457000,5041801
John Salley,1993,2452000,5031541
Dennis Rodman,1993,2450000,5027437
Harvey Grant,1993,2429000,4984345
Otis Thorpe,1993,2418000,4961772
Billy Owens,1993,2414000,4953564
Terry Cummings,1993,2407000,4939200
Hersey Hawkins,1993,2400000,4924836
Bill Cartwright,1993,2400000,4924836
Sedale Threatt,1993,2400000,4924836
John Stockton,1993,2400000,4924836
Gary Payton,1993,2383000,4889952
Jeff Malone,1993,2380000,4883796
LaPhonso Ellis,1993,2350000,4822235
Clifford Robinson,1993,2336000,4793507
Wayman Tisdale,1993,2333000,4787351
Kevin Duckworth,1993,2313000,4746311
Sherman Douglas,1993,2300000,4719635
Kevin Johnson,1993,2300000,4719635
Pervis Ellison,1993,2300000,4719635
Gerald Wilkins,1993,2278000,4674490
Steve Smith,1993,2252000,4621138
Fat Lever,1993,2203000,4520589
Chuck Person,1993,2156000,4424144
Kenny Smith,1993,2150000,4411832
Xavier McDaniel,1993,2145000,4401572
Ricky Pierce,1993,2100000,4309231
Johnny Dawkins,1993,2100000,4309231
Micheal Williams,1993,2075000,4257931
Willie Anderson,1993,2075000,4257931
Jamal Mashburn,1993,2033000,4171746
Rex Chapman,1993,2004000,4112238
Glen Rice,1993,2002000,4108134
Jim Jackson,1993,2000000,4104030
LaSalle Thompson,1993,2000000,4104030
Mark Jackson,1993,2000000,4104030
Isaiah Rider,1993,2000000,4104030
Kendall Gill,1993,2000000,4104030
Cedric Ceballos,1993,2000000,4104030
Calbert Cheaney,1993,2000000,4104030
Rolando Blackman,1993,1995000,4093770
Horace Grant,1993,1950000,4001429
Charles Oakley,1993,1950000,4001429
Jeff Hornacek,1993,1946000,3993221
Derek Harper,1993,1927000,3954233
Sarunas Marciulionis,1993,1900000,3898828
A.C. Green,1993,1885000,3868048
Mike Gminski,1993,1850000,3796228
Sleepy Floyd,1993,1850000,3796227
Frank Brickowski,1993,1850000,3796228
Mahmoud Abdul-Rauf,1993,1825000,3744927
J.R. Reid,1993,1818000,3730563
Sean Elliott,1993,1807000,3707991
James Worthy,1993,1800000,3693627
Jay Humphries,1993,1800000,3693627
Chris Morris,1993,1785000,3662847
Danny Schayes,1993,1750000,3591026
Lionel Simmons,1993,1743000,3576662
Todd Day,1993,1723000,3535622
Scott Skiles,1993,1722000,3533570
Elden Campbell,1993,1700000,3488425
Pooh Richardson,1993,1694000,3476113
Orlando Woolridge,1993,1692000,3472009
Danny Ainge,1993,1690000,3467905
Tony Campbell,1993,1682000,3451489
Walt Williams,1993,1658000,3402241
Dino Radja,1993,1650000,3385825
Doug Smith,1993,1650000,3385825
Mookie Blaylock,1993,1630000,3344784
Tom Gugliotta,1993,1625000,3334524
Mark Aguirre,1993,1621000,3326316
Bobby Hurley,1993,1616000,3316056
Evers Burns,1993,1616000,3316056
Terry Mills,1993,1614000,3311952
Stacey King,1993,1600000,3283224
Chris Webber,1993,1600000,3283224
Herb Williams,1993,1600000,3283224
Luc Longley,1993,1590000,3262704
Felton Spencer,1993,1581000,3244236
Clyde Drexler,1993,1578000,3238080
Spud Webb,1993,1567000,3215507
Vern Fleming,1993,1560000,3201143
Rod Strickland,1993,1560000,3201143
Tim Perry,1993,1550000,3180623
Jim Petersen,1993,1521000,3121115
Brian Shaw,1993,1513000,3104699
Sidney Green,1993,1512000,3102647
Michael Cage,1993,1502000,3082126
Blue Edwards,1993,1500000,3078022
Mark Macon,1993,1498000,3073918
Ed Pinckney,1993,1470000,3016462
Roy Hinson,1993,1445000,2965162
Doug Christie,1993,1445000,2965162
Johnny Newman,1993,1435000,2944641
Vernon Maxwell,1993,1424000,2922069
Grant Long,1993,1410000,2893341
Alvin Robertson,1993,1408000,2889237
Stacey Augmon,1993,1400000,2872821
Tyrone Corbin,1993,1400000,2872821
Terry Catledge,1993,1386000,2844093
Mike Brown,1993,1375000,2821520
Antoine Carr,1993,1353000,2776376
Mark Eaton,1993,1333000,2735336
Michael Adams,1993,1309000,2686087
Detlef Schrempf,1993,1308000,2684035
Bill Laimbeer,1993,1300000,2667619
James Edwards,1993,1300000,2667619
Richard Dumas,1993,1300000,2667619
Mark Bryant,1993,1300000,2667619
Dale Ellis,1993,1300000,2667619
Tom Chambers,1993,1295000,2657359
Jerry Reynolds,1993,1288000,2642995
Joe Dumars,1993,1280000,2626579
Doug West,1993,1275000,2616319
Greg Anthony,1993,1269000,2604007
Derrick McKey,1993,1262000,2589643
Duane Causwell,1993,1260000,2585539
Reggie Williams,1993,1258000,2581435
Kenny Gattison,1993,1250000,2565019
Bison Dele,1993,1244000,2552706
Anfernee Hardaway,1993,1244000,2552706
Rumeal Robinson,1993,1240000,2544498
Andrew Lang,1993,1228000,2519874
Loy Vaught,1993,1225000,2513718
Adam Keefe,1993,1200000,2462418
Craig Ehlo,1993,1200000,2462418
Armen Gilliam,1993,1200000,2462418
Kevin Edwards,1993,1200000,2462418
Will Perdue,1993,1200000,2462418
Terry Davis,1993,1200000,2462418
Mark Randall,1993,1200000,2462418
Robert Horry,1993,1200000,2462418
Moses Malone,1993,1200000,2462418
Vinny Del Negro,1993,1195365,2452907
Harold Miner,1993,1186000,2433690
Victor Alexander,1993,1160000,2380337
Eddie Johnson,1993,1150000,2359817
Bo Kimble,1993,1150000,2359817
Gary Grant,1993,1128000,2314673
John Battle,1993,1120000,2298257
Chris Gatling,1993,1120000,2298257
John Starks,1993,1112000,2281840
Doc Rivers,1993,1110000,2277736
Kevin Gamble,1993,1100000,2257216
Bryant Stith,1993,1100000,2257216
George Lynch,1993,1100000,2257216
Nick Van Exel,1993,1100000,2257216
Anthony Mason,1993,1100000,2257216
Tyrone Hill,1993,1075000,2205916
Jerrod Mustaf,1993,1073000,2201812
Terry Dehere,1993,1050000,2154615
Dell Curry,1993,1040000,2134095
Clarence Weatherspoon,1993,1040000,2134095
Duane Ferrell,1993,1025000,2103315
Dee Brown,1993,1025000,2103315
Toni Kukoc,1993,1025000,2103315
Malik Sealy,1993,1023000,2099211
Willie Burton,1993,1002000,2056119
Carl Herrera,1993,1000000,2052015
Thurl Bailey,1993,1000000,2052015
Mark West,1993,1000000,2052015
Greg Kite,1993,985000,2021235
Kevin Brooks,1993,975000,2000714
Brad Lohaus,1993,958000,1965830
Jayson Williams,1993,950000,1949414
Tracy Murray,1993,943000,1935050
LaBradford Smith,1993,940000,1928894
Randy White,1993,922000,1891958
Alec Kessler,1993,922000,1891958
Dwayne Schintzius,1993,921000,1889906
Anthony Peeler,1993,910000,1867333
Lindsey Hunter,1993,902000,1850917
Muggsy Bogues,1993,900000,1846813
Anthony Bowie,1993,900000,1846813
Donald Royal,1993,890000,1826293
Vin Baker,1993,866000,1777045
Olden Polynice,1993,850000,1744212
Tim McCormick,1993,850000,1744212
Nate McMillan,1993,850000,1744212
Donald Hodge,1993,845000,1733952
Terrell Brandon,1993,840000,1723692
Scott Haskin,1993,833000,1709328
Stojko Vrankovic,1993,831000,1705224
David Benoit,1993,810000,1662132
Alaa Abdelnaby,1993,805000,1651872
Bimbo Coles,1993,802000,1645716
John Paxson,1993,800000,1641612
Tom Hammonds,1993,800000,1641612
Tony Smith,1993,800000,1641612
Eric Murdock,1993,800000,1641612
Mario Elie,1993,790000,1621092
Chris Dudley,1993,790000,1621092
Dave Jamerson,1993,780000,1600571
Hubert Davis,1993,764000,1567739
Pete Chilcutt,1993,760000,1559531
Rick Fox,1993,755000,1549271
Shawn Kemp,1993,750000,1539011
Dana Barros,1993,750000,1539011
Allan Houston,1993,736000,1510283
Jeff Grayer,1993,715000,1467190
Sam Mitchell,1993,715000,1467190
Buck Johnson,1993,715000,1467190
Latrell Sprewell,1993,700000,1436410
Rich King,1993,700000,1436410
Greg Graham,1993,700000,1436410
Dale Davis,1993,688000,1411786
Oliver Miller,1993,672000,1378954
Lee Mayberry,1993,670000,1374850
Doug Edwards,1993,650000,1333809
Acie Earl,1993,650000,1333809
Rex Walters,1993,650000,1333809
Rick Mahorn,1993,650000,1333809
Scott Burrell,1993,650000,1333809
Chris Mills,1993,650000,1333809
Greg Anderson,1993,650000,1333809
Marcus Liberty,1993,650000,1333809
Matt Bullard,1993,650000,1333809
Sam Cassell,1993,650000,1333809
Byron Scott,1993,650000,1333809
Randy Woods,1993,650000,1333809
Tom Tolbert,1993,650000,1333809
Manute Bol,1993,650000,1333809
Anthony Cook,1993,650000,1333809
Jon Barry,1993,650000,1333809
Anthony Bonner,1993,650000,1333809
Anthony Avent,1993,650000,1333809
Joe Kleine,1993,650000,1333809
Tim Kempton,1993,650000,1333809
Dave Johnson,1993,650000,1333809
James Robinson,1993,650000,1333809
Luther Wright,1993,650000,1333809
Larry Krystkowiak,1993,644000,1321497
Scott Williams,1993,641000,1315341
Tate George,1993,626000,1284561
Corie Blount,1993,620000,1272249
BJ Armstrong,1993,620000,1272249
Ervin Johnson,1993,617000,1266093
Don MacLean,1993,601000,1233261
Paul Graham,1993,600000,1231209
John Bagley,1993,600000,1231209
PJ Brown,1993,600000,1231209
Byron Houston,1993,600000,1231209
Larry Stewart,1993,600000,1231209
Randy Brown,1993,597000,1225053
Kurt Rambis,1993,580000,1190168
David Wingate,1993,570000,1169648
Elmore Spencer,1993,569000,1167596
Antonio Davis,1993,565000,1159388
Todd Lichti,1993,565000,1159388
Malcolm Mackey,1993,550000,1128608
Scott Brooks,1993,525000,1077307
Les Jepsen,1993,504000,1034215
Frank Johnson,1993,500000,1026007
Doug Overton,1993,500000,1026007
Gheorghe Muresan,1993,500000,1026007
Negele Knight,1993,496000,1017799
Sean Rooks,1993,488000,1001383
David Wood,1993,488000,1001383
Gerald Madkins,1993,475000,974707
Brian Oliver,1993,456000,935718
Isaac Austin,1993,450000,923406
Derek Strong,1993,420000,861846
Robert Pack,1993,400000,820806
Sean Green,1993,400000,820806
Kenny Walker,1993,400000,820806
Jack Haley,1993,390000,800285
Jud Buechler,1993,375000,769505
Kenny Williams,1993,375000,769505
Marlon Maxey,1993,375000,769505
Jim Les,1993,363000,744881
Reggie Smith,1993,358000,734621
Lucious Harris,1993,350000,718205
Kevin Lynch,1993,325000,666904
Haywoode Workman,1993,320000,656644
Bobby Phills,1993,313000,642280
Keith Askins,1993,313000,642280
A.J. English,1993,300000,615604
Greg Dreiling,1993,300000,615604
Avery Johnson,1993,300000,615604
Gundars Vetra,1993,300000,615604
Eric Leckner,1993,300000,615604
Ron Anderson,1993,300000,615604
Brent Price,1993,283000,580720
Popeye Jones,1993,275000,564304
Chris Smith,1993,270000,554044
Greg Foster,1993,250000,513003
Steve Henson,1993,250000,513003
Lorenzo Williams,1993,250000,513003
Jay Guidinger,1993,250000,513003
Tim Legler,1993,250000,513003
Robert Werdann,1993,250000,513003
Keith Jennings,1993,250000,513003
Andre Spencer,1993,250000,513003
Matt Geiger,1993,250000,513003
Eric Anderson,1993,250000,513003
Litterial Green,1993,250000,513003
Marty Conlon,1993,250000,513003
Tellis Frank,1993,200000,410403
John Crotty,1993,200000,410403
Tony Bennett,1993,182000,373466
Lloyd Daniels,1993,182000,373466
Steve Scheffler,1993,170000,348842
Ennis Whatley,1993,150000,307802
Chris Corchiani,1993,150000,307802
Matt Wenstrom,1993,150000,307802
David Wesley,1993,150000,307802
LeRon Ellis,1993,150000,307802
Steve Kerr,1993,150000,307802
Bill Wennington,1993,150000,307802
Pete Myers,1993,150000,307802
Sedric Toney,1993,150000,307802
Rodney Rogers,1993,150000,307802
Darnell Mee,1993,150000,307802
Josh Grant,1993,150000,307802
Eric Riley,1993,150000,307802
Richard Petruska,1993,150000,307802
Henry James,1993,150000,307802
Kiki Vandeweghe,1993,150000,307802
Antonio Harvey,1993,150000,307802
Trevor Wilson,1993,150000,307802
Brian Davis,1993,150000,307802
Michael Curry,1993,150000,307802
Duane Cooper,1993,150000,307802
Joe Courtney,1993,150000,307802
Elliot Perry,1993,150000,307802
Kevin Thompson,1993,150000,307802
Mike Peplowski,1993,150000,307802
Randy Breuer,1993,150000,307802
Rod Higgins,1993,150000,307802
Chris Whitney,1993,150000,307802
Bryon Russell,1993,150000,307802
Walter Bond,1993,150000,307802
Mitchell Butler,1993,150000,307802
Eddie Lee Wilkins,1993,100000,205201
Roy Tarpley,1993,80000,164161
Darren Morningstar,1993,43000,88236
Tracy Moore,1993,40000,82080
Lester Conner,1993,25000,51300
Magic Johnson,1994,14660000,29350805
David Robinson,1994,7300000,14615339
James Worthy,1994,7250000,14515234
A.C. Green,1994,6472600,12958801
Detlef Schrempf,1994,5000000,10010506
Shaquille O'Neal,1994,4800000,9610086
Patrick Ewing,1994,4486700,8982828
Anfernee Hardaway,1994,4305000,8619046
Derrick Coleman,1994,4212000,8432850
John Williams,1994,4161000,8330743
Sam Perkins,1994,4126600,8261871
Dale Davis,1994,4050000,8108510
Danny Ferry,1994,4042000,8092493
Charles Barkley,1994,4030000,8068468
Clarence Weatherspoon,1994,4000000,8008405
Michael Jordan,1994,3850000,7708090
Alonzo Mourning,1994,3840000,7688069
Brad Daugherty,1994,3800000,7607985
Benoit Benjamin,1994,3774600,7557131
Larry Johnson,1994,3710000,7427796
Tim Hardaway,1994,3703000,7413781
Jerome Kersey,1994,3608000,7223581
Shawn Bradley,1994,3510000,7027375
Chris Dudley,1994,3500000,7007354
Stanley Roberts,1994,3496000,6999346
Kenny Anderson,1994,3463200,6933677
Karl Malone,1994,3378800,6764700
Christian Laettner,1994,3360000,6727060
Vlade Divac,1994,3333300,6673604
Reggie Lewis,1994,3300000,6606934
Rony Seikaly,1994,3297000,6600928
Toni Kukoc,1994,3260000,6526850
Rik Smits,1994,3250000,6506829
Dennis Scott,1994,3240000,6486808
Reggie Miller,1994,3210500,6427746
Mark Price,1994,3200000,6406724
Sam Bowie,1994,3200000,6406724
Buck Williams,1994,3200000,6406724
Hakeem Olajuwon,1994,3169900,6346461
Dikembe Mutombo,1994,3100000,6206514
Nick Anderson,1994,3090000,6186493
Roy Tarpley,1994,3000000,6006304
Dan Majerle,1994,3000000,6006304
Mitch Richmond,1994,3000000,6006304
Harvey Grant,1994,2990000,5986283
Kevin Willis,1994,2975000,5956251
Glenn Robinson,1994,2900000,5806093
Billy Owens,1994,2867000,5740024
Charles Smith,1994,2857000,5720003
Chris Mullin,1994,2844000,5693976
Dominique Wilkins,1994,2820000,5645925
Tyrone Hill,1994,2820000,5645925
BJ Armstrong,1994,2800000,5605883
Jason Kidd,1994,2770800,5547422
Grant Hill,1994,2750000,5505778
Loy Vaught,1994,2750000,5505778
Kevin Johnson,1994,2750000,5505778
Blair Rasmussen,1994,2747500,5500773
Clifford Robinson,1994,2732000,5469740
Sherman Douglas,1994,2731000,5467738
LaPhonso Ellis,1994,2731000,5467738
Jim Jackson,1994,2700000,5405673
John Salley,1994,2652000,5309572
Craig Ehlo,1994,2650000,5305568
Xavier McDaniel,1994,2640000,5285547
Jamal Mashburn,1994,2633300,5272133
Kenny Smith,1994,2633000,5271532
Kevin Duckworth,1994,2612500,5230489
Jon Koncak,1994,2600000,5205463
Derrick McKey,1994,2600000,5205463
Glen Rice,1994,2600000,5205463
Kendall Gill,1994,2600000,5205463
Terry Porter,1994,2600000,5205463
John Stockton,1994,2600000,5205463
Gary Payton,1994,2583300,5172028
Otis Thorpe,1994,2578400,5162218
Dee Brown,1994,2500000,5005253
Hersey Hawkins,1994,2500000,5005253
Ricky Pierce,1994,2500000,5005253
Isaiah Rider,1994,2500000,5005253
Dennis Rodman,1994,2500000,5005253
Gerald Wilkins,1994,2478000,4961207
Terry Cummings,1994,2406600,4818257
Ron Harper,1994,2400000,4805043
Sedale Threatt,1994,2400000,4805043
Calbert Cheaney,1994,2400000,4805043
Derek Harper,1994,2382700,4770406
Orlando Woolridge,1994,2367000,4738973
Mark Jackson,1994,2300000,4604833
Frank Brickowski,1994,2233000,4470692
Scottie Pippen,1994,2225000,4454675
J.R. Reid,1994,2215000,4434654
Mahmoud Abdul-Rauf,1994,2200000,4404622
Charles Oakley,1994,2200000,4404622
Lionel Simmons,1994,2181400,4367383
Micheal Williams,1994,2175000,4354570
Dino Radja,1994,2145000,4294507
Horace Grant,1994,2125000,4254465
Scott Skiles,1994,2125000,4254465
Jeff Hornacek,1994,2121400,4247257
Pooh Richardson,1994,2120700,4245856
Todd Day,1994,2120000,4244454
Mookie Blaylock,1994,2100000,4204412
Elden Campbell,1994,2100000,4204412
Donyell Marshall,1994,2100000,4204412
Sarunas Marciulionis,1994,2100000,4204412
Bobby Hurley,1994,2100000,4204412
Tom Chambers,1994,2093000,4190397
Danny Ainge,1994,2080000,4164370
Chris Webber,1994,2080000,4164370
Willie Anderson,1994,2075000,4154360
Spud Webb,1994,2071600,4147553
Chris Morris,1994,2060000,4124328
Walt Williams,1994,2040000,4084286
Sharone Wright,1994,2020000,4044244
Alvin Robertson,1994,2015000,4034234
Rex Chapman,1994,2004500,4013212
Bison Dele,1994,2000000,4004202
LaSalle Thompson,1994,2000000,4004202
Lamond Murray,1994,2000000,4004202
Ken Norman,1994,1963000,3930124
Doug Smith,1994,1950000,3904097
Steve Smith,1994,1935900,3875868
Jeff Malone,1994,1930000,3864055
Robert Parish,1994,1925000,3854045
Rod Strickland,1994,1920000,3844034
Nick Van Exel,1994,1900000,3803992
Stacey King,1994,1900000,3803992
Olden Polynice,1994,1900000,3803992
Jay Humphries,1994,1900000,3803992
Terry Mills,1994,1897000,3797986
Felton Spencer,1994,1881250,3766453
Vernon Maxwell,1994,1833000,3669851
Johnny Dawkins,1994,1830000,3663845
Mark Macon,1994,1767000,3537713
Vern Fleming,1994,1760000,3523698
Rick Fox,1994,1750000,3503677
Cedric Ceballos,1994,1750000,3503677
Tim Perry,1994,1750000,3503677
Blue Edwards,1994,1700000,3403572
Terry Catledge,1994,1685700,3374942
Jerry Reynolds,1994,1667500,3338504
Stacey Augmon,1994,1662500,3328493
Michael Cage,1994,1635000,3273435
Tom Gugliotta,1994,1625000,3253414
Tyrone Corbin,1994,1600000,3203362
Andrew Lang,1994,1596000,3195353
Luc Longley,1994,1590000,3183341
Clyde Drexler,1994,1578000,3159315
Reggie Williams,1994,1567500,3138293
Kevin Edwards,1994,1560000,3123278
Armen Gilliam,1994,1560000,3123278
Terry Davis,1994,1560000,3123278
Rodney Rogers,1994,1560000,3123278
Byron Scott,1994,1550000,3103257
Duane Causwell,1994,1545000,3093246
Mark Aguirre,1994,1540600,3084437
Oliver Miller,1994,1540000,3083236
Doc Rivers,1994,1514750,3032682
Bill Cartwright,1994,1502000,3007156
Mark West,1994,1500000,3003152
Scott Williams,1994,1500000,3003152
Adam Keefe,1994,1500000,3003152
Robert Horry,1994,1499000,3001149
Grant Long,1994,1485300,2973721
Ed Pinckney,1994,1485000,2973120
Mike Brown,1994,1475000,2953099
Greg Anthony,1994,1471000,2945091
Vinny Del Negro,1994,1471000,2945091
Vincent Askew,1994,1460000,2923067
Harold Miner,1994,1459000,2921065
Bobby Phills,1994,1458000,2919063
Mario Elie,1994,1450000,2903046
Bo Kimble,1994,1435000,2873015
George Lynch,1994,1430000,2863004
Matt Geiger,1994,1402000,2806946
Alec Kessler,1994,1402000,2806946
Mark Bryant,1994,1400000,2802941
Victor Alexander,1994,1377500,2757894
Bryant Stith,1994,1375000,2752889
Terry Dehere,1994,1365000,2732868
John Starks,1994,1362500,2727863
Carl Herrera,1994,1350000,2702836
Sean Elliott,1994,1350000,2702836
Dell Curry,1994,1340000,2682815
Rolando Blackman,1994,1340000,2682815
John Battle,1994,1330000,2662794
Chris Gatling,1994,1330000,2662794
Juwan Howard,1994,1309000,2620750
Eddie Jones,1994,1300000,2602731
Khalid Reeves,1994,1300000,2602731
Chuck Person,1994,1300000,2602731
Doug West,1994,1275000,2552679
Malik Sealy,1994,1260000,2522647
Kenny Gattison,1994,1250000,2502626
Doug Christie,1994,1244000,2490614
Michael Adams,1994,1240000,2482605
Willie Burton,1994,1202000,2406525
Anthony Mason,1994,1200000,2402521
Dwayne Schintzius,1994,1197000,2396515
Greg Kite,1994,1195000,2392511
Lindsey Hunter,1994,1173000,2348464
Tracy Murray,1994,1160000,2322437
Gheorghe Muresan,1994,1150000,2302416
Roy Hinson,1994,1137500,2277390
Muggsy Bogues,1994,1125000,2252364
Anthony Peeler,1994,1120000,2242353
Pervis Ellison,1994,1100000,2202311
Jayson Williams,1994,1100000,2202311
Gary Grant,1994,1100000,2202311
Jeff Turner,1994,1100000,2202311
Joe Dumars,1994,1096700,2195704
Scott Haskin,1994,1073000,2148254
Vin Baker,1994,1065300,2132838
Nate McMillan,1994,1060000,2122227
Robert Pack,1994,1059500,2121226
Will Perdue,1994,1056225,2114669
Tony Smith,1994,1050000,2102206
Dale Ellis,1994,1007500,2017117
Donald Hodge,1994,1005000,2012111
Bill Wennington,1994,1000000,2002101
Eric Murdock,1994,1000000,2002101
Mike Gminski,1994,1000000,2002101
Herb Williams,1994,1000000,2002101
Shawn Kemp,1994,1000000,2002101
Donald Royal,1994,1000000,2002101
Danny Manning,1994,1000000,2002101
David Benoit,1994,1000000,2002101
Terrell Brandon,1994,997000,1996095
Jalen Rose,1994,975000,1952048
Eric Piatkowski,1994,962500,1927022
Allan Houston,1994,956000,1914008
Hubert Davis,1994,940000,1881975
Dana Barros,1994,937500,1876970
Yinka Dare,1994,920000,1841933
Greg Graham,1994,910000,1821912
Bimbo Coles,1994,902000,1805895
Anthony Bowie,1994,900000,1801891
Latrell Sprewell,1994,890000,1781870
Sam Mitchell,1994,850000,1701786
Wayman Tisdale,1994,850000,1701786
Doug Edwards,1994,845000,1691775
Acie Earl,1994,845000,1691775
Rex Walters,1994,845000,1691775
Scott Burrell,1994,845000,1691775
Corie Blount,1994,845000,1691775
Chris Mills,1994,845000,1691775
Sam Cassell,1994,845000,1691775
Anthony Bonner,1994,845000,1691775
Joe Kleine,1994,845000,1691775
James Robinson,1994,845000,1691775
Luther Wright,1994,845000,1691775
Stojko Vrankovic,1994,831000,1663746
Lee Mayberry,1994,820000,1641723
Brian Grant,1994,808000,1617697
Eric Montross,1994,800000,1601681
Rick Mahorn,1994,800000,1601681
Randy Woods,1994,800000,1601681
Jon Barry,1994,800000,1601681
Rich King,1994,800000,1601681
Anthony Avent,1994,800000,1601681
PJ Brown,1994,780000,1561639
Popeye Jones,1994,769000,1539615
Moses Malone,1994,768750,1539115
Don MacLean,1994,740000,1481555
Tree Rollins,1994,735000,1471544
Larry Krystkowiak,1994,725000,1451523
Ervin Johnson,1994,716600,1434705
Carlos Rogers,1994,715000,1431502
B.J. Tyler,1994,715000,1431502
Bill Curley,1994,702000,1405475
Tony Dumas,1994,700000,1401470
Tom Hammonds,1994,700000,1401470
Antonio Davis,1994,700000,1401470
Elmore Spencer,1994,700000,1401470
Byron Houston,1994,700000,1401470
Randy Brown,1994,700000,1401470
Larry Stewart,1994,700000,1401470
Brian Shaw,1994,692900,1387256
Danny Schayes,1994,672000,1345412
Antoine Carr,1994,666600,1334600
Dickey Simpkins,1994,650000,1301365
Tony Campbell,1994,650000,1301365
Cliff Levingston,1994,650000,1301365
Clifford Rozier,1994,650000,1301365
Duane Ferrell,1994,650000,1301365
Kevin Gamble,1994,650000,1301365
Charles Shackleford,1994,650000,1301365
Monty Williams,1994,650000,1301365
Brooks Thompson,1994,650000,1301365
Wesley Person,1994,650000,1301365
Aaron McKie,1994,650000,1301365
Alaa Abdelnaby,1994,650000,1301365
Avery Johnson,1994,650000,1301365
Steve Kerr,1994,620000,1241302
Eric Mobley,1994,620000,1241302
Gerald Madkins,1994,615000,1231292
Kevin Brooks,1994,600000,1201260
Sean Rooks,1994,600000,1201260
David Wingate,1994,570000,1141197
Charlie Ward,1994,555000,1111166
Scott Brooks,1994,550000,1101155
Doug Overton,1994,550000,1101155
Pete Myers,1994,545000,1091145
Greg Anderson,1994,510000,1021071
Derek Strong,1994,500000,1001050
Sean Higgins,1994,500000,1001050
Zan Tabak,1994,500000,1001050
Trevor Wilson,1994,500000,1001050
Lucious Harris,1994,455000,910956
Tony Massenburg,1994,422500,845887
Keith Askins,1994,406000,812853
John Paxson,1994,400000,800840
Haywoode Workman,1994,400000,800840
Mitchell Butler,1994,400000,800840
Chris Smith,1994,355000,710745
Eric Leckner,1994,350000,700735
Keith Jennings,1994,350000,700735
Brent Price,1994,328750,658190
Tom Tolbert,1994,325000,650682
Antonio Harvey,1994,325000,650682
Brad Lohaus,1994,325000,650682
Antonio Lang,1994,325000,650682
James Edwards,1994,325000,650682
Morlon Wiley,1994,310000,620651
Eric Riley,1994,305000,610640
Johnny Newman,1994,300000,600630
Marlon Maxey,1994,275000,550577
Steve Scheffler,1994,275000,550577
Bryon Russell,1994,265000,530556
Lloyd Daniels,1994,261400,523348
Jim Les,1994,250000,500525
David Wesley,1994,250000,500525
Greg Minor,1994,250000,500525
Darnell Mee,1994,250000,500525
Rafael Addison,1994,250000,500525
Chris Jent,1994,250000,500525
Bo Outlaw,1994,250000,500525
Bob Martin,1994,250000,500525
Harold Ellis,1994,250000,500525
Geert Hammink,1994,250000,500525
Elliot Perry,1994,250000,500525
John Crotty,1994,250000,500525
Trevor Ruffin,1994,243860,488232
Tim McCormick,1994,225000,450472
Tony Bennett,1994,224000,448470
Lorenzo Williams,1994,200000,400420
Manute Bol,1994,200000,400420
Todd Lichti,1994,200000,400420
Jim McIlvaine,1994,200000,400420
Greg Foster,1994,193900,388207
Chris Whitney,1994,182900,366184
Marty Conlon,1994,182500,365383
Henry Turner,1994,180000,360378
Andres Guibert,1994,175000,350367
Walter Bond,1994,174900,350166
Sergei Bazarevich,1994,168000,336353
Fred Vinson,1994,150000,300315
Matt Wenstrom,1994,150000,300315
Tony Harris,1994,150000,300315
Chris Childs,1994,150000,300315
Sleepy Floyd,1994,150000,300315
Joe Wolf,1994,150000,300315
Darrin Hancock,1994,150000,300315
Jud Buechler,1994,150000,300315
Greg Dreiling,1994,150000,300315
Gary Alexander,1994,150000,300315
Steve Colter,1994,150000,300315
Reggie Slater,1994,150000,300315
Ivano Newbill,1994,150000,300315
David Wood,1994,150000,300315
Dwayne Morton,1994,150000,300315
Adrian Caldwell,1994,150000,300315
Tim Breaux,1994,150000,300315
Damon Bailey,1994,150000,300315
Matt Fish,1994,150000,300315
Anthony Miller,1994,150000,300315
Ledell Eackles,1994,150000,300315
Aaron Williams,1994,150000,300315
Alton Lister,1994,150000,300315
Danny Young,1994,150000,300315
Howard Eisley,1994,150000,300315
Askia Jones,1994,150000,300315
Melvin Robinson,1994,150000,300315
Ron Grandison,1994,150000,300315
Dontonio Wingfield,1994,150000,300315
Greg Grant,1994,150000,300315
Rodney Dent,1994,150000,300315
Derrick Alston Sr,1994,150000,300315
Negele Knight,1994,150000,300315
Michael Smith,1994,150000,300315
Doug Lee,1994,150000,300315
Jack Haley,1994,150000,300315
Julius Nwosu,1994,150000,300315
Jamie Watson,1994,150000,300315
Anthony Tucker,1994,150000,300315
Brian Oliver,1994,150000,300315
Kenny Walker,1994,150000,300315
Winston Garland,1994,143860,288022
Corey Crowder,1994,142982,286264
Jaren Jackson Jr,1994,140350,280994
Greg Sutton,1994,139500,279293
Pete Chilcutt,1994,126300,252865
Pat Durham,1994,126000,252264
Dave Jamerson,1994,104000,208218
Aaron Swinson,1994,102424,205063
Mike Iuzzolino,1994,97500,195204
Richard Petruska,1994,55000,110115
Ryan Lorthridge,1994,50000,100105
Jo Jo English,1994,50000,100105
Larry Robinson,1994,30000,60063
Keith Tower,1994,26316,52687
Rod Higgins,1994,15800,31633
Joe Courtney,1994,13158,26343
Kevin Rankin,1994,11404,22831
Todd Mundt,1994,9660,19340
Tom Hovasse,1994,6140,12292
Tate George,1994,5260,10531
Patrick Ewing,1995,18724000,36381161
Clyde Drexler,1995,9810000,19061055
David Robinson,1995,7700000,14961276
Chris Webber,1995,7000000,13601160
Joe Dumars,1995,6881000,13369940
Danny Manning,1995,6833000,13276675
A.C. Green,1995,6473000,12577187
Shaquille O'Neal,1995,5700000,11075230
Derrick Coleman,1995,5476000,10639993
Sean Elliott,1995,5333000,10362141
Hakeem Olajuwon,1995,5305000,10307736
Anfernee Hardaway,1995,5230000,10162010
James Worthy,1995,5150000,10006568
Detlef Schrempf,1995,5000000,9715114
Sam Bowie,1995,4800000,9326510
Charles Barkley,1995,4760000,9248789
Brad Daugherty,1995,4700000,9132207
Danny Ferry,1995,4643000,9021455
Alonzo Mourning,1995,4560000,8860184
Tom Gugliotta,1995,4500000,8743603
Clarence Weatherspoon,1995,4500000,8743603
Shawn Bradley,1995,4320000,8393859
Larry Johnson,1995,4295000,8345283
Brian Shaw,1995,4250000,8257847
John Williams,1995,4151000,8065488
Grant Hill,1995,4050000,7869242
Dale Davis,1995,4050000,7869242
Benoit Benjamin,1995,3975000,7723516
Sam Perkins,1995,3967000,7707972
Christian Laettner,1995,3910000,7597219
Kenny Anderson,1995,3898000,7573903
Michael Jordan,1995,3850000,7480638
Chris Dudley,1995,3800000,7383487
Glenn Robinson,1995,3770000,7325196
Vin Baker,1995,3765000,7315481
Rik Smits,1995,3750000,7286336
Tim Hardaway,1995,3728000,7243589
Mark Price,1995,3687000,7163925
Karl Malone,1995,3676000,7142552
Kevin Willis,1995,3650000,7092033
Jason Kidd,1995,3588000,6971566
Charles Smith,1995,3582000,6959908
Toni Kukoc,1995,3560000,6917161
Harvey Grant,1995,3551000,6899674
Rony Seikaly,1995,3532000,6862757
Mitch Richmond,1995,3500000,6800580
Wayman Tisdale,1995,3475000,6752004
Anthony Mason,1995,3472000,6746175
Tyrone Hill,1995,3425000,6654853
Buck Williams,1995,3400000,6606278
Vlade Divac,1995,3333000,6476095
Billy Owens,1995,3320000,6450836
Glen Rice,1995,3302000,6415861
Dana Barros,1995,3300000,6411975
Dikembe Mutombo,1995,3250000,6314824
Frank Brickowski,1995,3250000,6314824
Jamal Mashburn,1995,3233000,6281793
Reggie Miller,1995,3211000,6239046
Kendall Gill,1995,3200000,6217673
Jim Jackson,1995,3200000,6217673
Nick Anderson,1995,3200000,6217673
Sherman Douglas,1995,3163000,6145781
Dennis Scott,1995,3150000,6120522
Ron Harper,1995,3120000,6062231
Dan Majerle,1995,3100000,6023371
Blair Rasmussen,1995,3088000,6000054
LaPhonso Ellis,1995,3039000,5904846
Clifford Robinson,1995,3018000,5864043
Isaiah Rider,1995,3010000,5848499
Dee Brown,1995,3000000,5829068
Loy Vaught,1995,3000000,5829068
Stanley Roberts,1995,3000000,5829068
Shawn Kemp,1995,3000000,5829068
Scottie Pippen,1995,2925000,5683342
Kevin Johnson,1995,2900000,5634766
Kevin Duckworth,1995,2863000,5562874
Chris Mullin,1995,2844000,5525957
Derek Harper,1995,2837000,5512356
Derrick McKey,1995,2800000,5440464
John Stockton,1995,2800000,5440464
Calbert Cheaney,1995,2800000,5440464
Gary Payton,1995,2783000,5407432
Horace Grant,1995,2763000,5368572
Donyell Marshall,1995,2730000,5304452
Kenny Smith,1995,2683000,5213130
Lionel Simmons,1995,2676000,5199529
J.R. Reid,1995,2658000,5164555
Dino Radja,1995,2640000,5129580
Otis Thorpe,1995,2607000,5065460
Mahmoud Abdul-Rauf,1995,2600000,5051859
Mark Jackson,1995,2600000,5051859
Bobby Hurley,1995,2584000,5020771
Steve Smith,1995,2568000,4989682
Alvin Robertson,1995,2525000,4906132
Antoine Carr,1995,2525000,4906132
Pooh Richardson,1995,2521000,4898360
Olden Polynice,1995,2520000,4896417
Todd Day,1995,2518000,4892531
Mookie Blaylock,1995,2500000,4857557
Robert Parish,1995,2500000,4857557
Dennis Rodman,1995,2500000,4857557
Hersey Hawkins,1995,2500000,4857557
Sharone Wright,1995,2500000,4857557
Chris Morris,1995,2500000,4857557
Gerald Wilkins,1995,2478000,4814810
Joe Smith,1995,2473000,4805095
Walt Williams,1995,2423000,4707944
Ken Norman,1995,2416000,4694343
John Salley,1995,2402000,4667141
BJ Armstrong,1995,2400000,4663255
Lamond Murray,1995,2400000,4663255
Sedale Threatt,1995,2400000,4663255
Charles Oakley,1995,2400000,4663255
Sarunas Marciulionis,1995,2400000,4663255
Jeff Malone,1995,2380000,4624394
Micheal Williams,1995,2375000,4614679
Oliver Miller,1995,2372000,4608850
Luc Longley,1995,2300000,4468952
Doc Rivers,1995,2287000,4443693
Rod Strickland,1995,2280000,4430092
Cedric Ceballos,1995,2245000,4362086
Antonio McDyess,1995,2213000,4299909
Bison Dele,1995,2200000,4274650
Elden Campbell,1995,2200000,4274650
Arvydas Sabonis,1995,2200000,4274650
Felton Spencer,1995,2181000,4237733
Terry Mills,1995,2177000,4229960
Stacey Augmon,1995,2160000,4196929
Michael Cage,1995,2126000,4130866
Jeff Hornacek,1995,2121000,4121151
Johnny Dawkins,1995,2100000,4080348
Willie Anderson,1995,2075000,4031772
Mark Macon,1995,2038000,3959880
Elliot Perry,1995,2025000,3934621
Rex Chapman,1995,2004000,3893817
Jayson Williams,1995,2000000,3886045
Eric Murdock,1995,2000000,3886045
Jerry Stackhouse,1995,1987000,3860786
Terry Catledge,1995,1976000,3839413
Andrew Lang,1995,1964000,3816097
Gheorghe Muresan,1995,1963000,3814154
Tim Perry,1995,1950000,3788894
Scott Williams,1995,1950000,3788894
Ed Pinckney,1995,1926000,3742262
Kevin Edwards,1995,1920000,3730604
Armen Gilliam,1995,1920000,3730604
Terry Davis,1995,1920000,3730604
Rodney Rogers,1995,1920000,3730604
Nick Van Exel,1995,1900000,3691743
Blue Edwards,1995,1900000,3691743
Doug West,1995,1900000,3691743
Grant Long,1995,1860000,3614022
Craig Ehlo,1995,1855000,3604307
Reggie Williams,1995,1853000,3600421
Duane Causwell,1995,1830000,3555731
Vincent Askew,1995,1810000,3516871
Spud Webb,1995,1800000,3497441
George Lynch,1995,1760000,3419720
Rick Fox,1995,1750000,3400290
Vinny Del Negro,1995,1747000,3394461
Harold Miner,1995,1733000,3367258
Juwan Howard,1995,1702000,3307025
Bo Kimble,1995,1700000,3303139
Tyrone Corbin,1995,1700000,3303139
Anthony Bonner,1995,1690000,3283708
Chuck Person,1995,1690000,3283708
Terry Dehere,1995,1680000,3264278
Greg Anthony,1995,1673000,3250677
Bobby Phills,1995,1658000,3221532
Byron Scott,1995,1650000,3205987
Adam Keefe,1995,1650000,3205987
Kevin Garnett,1995,1622000,3151583
John Starks,1995,1613000,3134096
Khalid Reeves,1995,1602000,3112722
Robert Horry,1995,1601000,3110779
Eddie Jones,1995,1600000,3108836
Alec Kessler,1995,1600000,3108836
Jerrod Mustaf,1995,1600000,3108836
Victor Alexander,1995,1595000,3099121
Dell Curry,1995,1570000,3050546
Xavier McDaniel,1995,1565000,3040830
Lorenzo Williams,1995,1550000,3011685
Bryant Stith,1995,1550000,3011685
John Battle,1995,1540000,2992255
Chris Gatling,1995,1540000,2992255
Matt Geiger,1995,1532000,2976711
Terry Porter,1995,1525000,2963109
Mark West,1995,1500000,2914534
Donald Royal,1995,1500000,2914534
Malik Sealy,1995,1495000,2904819
Rasheed Wallace,1995,1493000,2900933
Bryant Reeves,1995,1474000,2864015
Tree Rollins,1995,1470000,2856243
Doug Christie,1995,1466000,2848471
Sasha Danilovic,1995,1455000,2827098
Mario Elie,1995,1450000,2817383
Kenny Gattison,1995,1450000,2817383
Terry Cummings,1995,1450000,2817382
Lindsey Hunter,1995,1444000,2805725
Pervis Ellison,1995,1430000,2778522
Popeye Jones,1995,1425000,2768807
Muggsy Bogues,1995,1350000,2623080
Damon Stoudamire,1995,1345000,2613365
Vernon Maxwell,1995,1343000,2609478
Michael Smith,1995,1340000,2603650
Will Perdue,1995,1340000,2603650
Anthony Peeler,1995,1330000,2584220
Eric Mobley,1995,1328000,2580334
Scott Haskin,1995,1313000,2551189
Dale Ellis,1995,1310000,2545360
Robert Pack,1995,1304000,2533701
Elmore Spencer,1995,1300000,2525929
Herb Williams,1995,1300000,2525929
Jeff Turner,1995,1300000,2525929
Carl Herrera,1995,1300000,2525929
Jalen Rose,1995,1268000,2463753
Nate McMillan,1995,1265000,2457924
Michael Adams,1995,1240000,2409348
Shawn Respert,1995,1232000,2393804
Donald Hodge,1995,1200000,2331627
Sean Rooks,1995,1200000,2331627
David Benoit,1995,1200000,2331627
Yinka Dare,1995,1184000,2300539
Allan Houston,1995,1177000,2286938
Marty Conlon,1995,1165000,2263621
Terrell Brandon,1995,1155000,2244191
Eric Piatkowski,1995,1138000,2211160
Ed O'Bannon,1995,1133000,2201445
Greg Graham,1995,1120000,2176185
Hubert Davis,1995,1116000,2168413
Johnny Newman,1995,1100000,2137325
Kurt Thomas,1995,1071000,2080977
Brian Grant,1995,1050000,2040174
Eric Montross,1995,1040000,2020743
Scott Burrell,1995,1040000,2020743
Chris Mills,1995,1040000,2020743
Sam Cassell,1995,1040000,2020743
Corie Blount,1995,1040000,2020743
Doug Edwards,1995,1040000,2020743
Rex Walters,1995,1040000,2020743
Joe Kleine,1995,1040000,2020743
James Robinson,1995,1040000,2020743
Acie Earl,1995,1040000,2020743
Luther Wright,1995,1040000,2020743
Gary Trent,1995,1022000,1985769
Bimbo Coles,1995,1002000,1946908
Bill Wennington,1995,1000000,1943022
Mark Bryant,1995,1000000,1943022
Eddie Johnson,1995,1000000,1943022
Ricky Pierce,1995,1000000,1943022
Derek Strong,1995,1000000,1943022
Sam Mitchell,1995,1000000,1943022
Jon Koncak,1995,1000000,1943022
Jamie Watson,1995,1000000,1943022
Latrell Sprewell,1995,975000,1894447
Cherokee Parks,1995,971000,1886675
Tom Hammonds,1995,970000,1884732
Lee Mayberry,1995,965000,1875017
Jerry Reynolds,1995,961000,1867245
PJ Brown,1995,960000,1865302
George McCloud,1995,950000,1845871
Randy Woods,1995,950000,1845871
Anthony Avent,1995,950000,1845871
Carlos Rogers,1995,930000,1807011
Don MacLean,1995,925000,1797296
Corliss Williamson,1995,923000,1793410
Bill Curley,1995,913000,1773979
Tony Dumas,1995,910000,1768150
Randy Brown,1995,900000,1748720
Haywoode Workman,1995,900000,1748720
Eric Williams,1995,876000,1702088
Dickey Simpkins,1995,845000,1641854
Clifford Rozier,1995,845000,1641854
Duane Ferrell,1995,845000,1641854
Kevin Gamble,1995,845000,1641854
Monty Williams,1995,845000,1641854
Wesley Person,1995,845000,1641854
Aaron McKie,1995,845000,1641854
Avery Johnson,1995,845000,1641854
B.J. Tyler,1995,845000,1641854
Brent Barry,1995,833000,1618538
Brooks Thompson,1995,825000,1602993
Steve Kerr,1995,800000,1554418
Antonio Davis,1995,800000,1554418
Larry Stewart,1995,800000,1554418
Byron Houston,1995,800000,1554418
Alan Henderson,1995,791000,1536931
Roy Tarpley,1995,775000,1505842
Ervin Johnson,1995,767000,1490298
Bob Sura,1995,752000,1461153
Scott Brooks,1995,750000,1457267
Lucious Harris,1995,725000,1408691
Gary Grant,1995,725000,1408691
Charlie Ward,1995,722000,1402862
Theo Ratliff,1995,714000,1387318
Vern Fleming,1995,700000,1360116
Pete Chilcutt,1995,700000,1360116
Keith Jennings,1995,700000,1360116
Randolph Childress,1995,682000,1325141
Zan Tabak,1995,650000,1262964
Michael Finley,1995,628000,1220218
Jason Caffey,1995,627000,1218275
Rafael Addison,1995,617000,1198844
George Zidek,1995,603000,1171642
Doug Overton,1995,600000,1165813
Pete Myers,1995,600000,1165813
Stacey King,1995,600000,1165813
Travis Best,1995,580000,1126953
David Wingate,1995,560000,1088092
Loren Meyer,1995,556000,1080320
Anthony Miller,1995,550000,1068662
Keith Askins,1995,550000,1068662
Greg Kite,1995,550000,1068662
Tony Massenburg,1995,550000,1068662
David Vaughn,1995,534000,1037574
Jim McIlvaine,1995,525000,1020087
Bo Outlaw,1995,500000,971511
Sherell Ford,1995,500000,971511
Sean Higgins,1995,500000,971511
Tony Smith,1995,500000,971511
Vincenzo Esposito,1995,500000,971511
Mitchell Butler,1995,500000,971511
Greg Ostertag,1995,498000,967625
Cory Alexander,1995,490000,952081
Greg Anderson,1995,485000,942366
Brad Lohaus,1995,485000,942366
Mario Bennett,1995,480000,932651
Gerald Glass,1995,475000,922935
Doug Smith,1995,450000,874360
James Edwards,1995,425000,825784
Chucky Brown,1995,425000,825784
Darrick Martin,1995,425000,825784
Antonio Lang,1995,423000,821898
Stefano Rusconi,1995,415000,806354
Rick Mahorn,1995,400000,777209
Antonio Harvey,1995,400000,777209
LeRon Ellis,1995,400000,777209
Anthony Bowie,1995,370000,718918
Randolph Keys,1995,363000,705317
Chris Childs,1995,350000,680058
John Crotty,1995,350000,680058
David Wood,1995,350000,680058
Dwayne Morton,1995,350000,680058
Ryan Lorthridge,1995,350000,680058
Charles Jones,1995,350000,680058
Eric Riley,1995,350000,680057
Stanley Jackson,1995,350000,680058
Darrell Armstrong,1995,350000,680058
Derrick Alston Sr,1995,350000,680058
Greg Foster,1995,350000,680058
Larry Krystkowiak,1995,335000,650912
Greg Minor,1995,325000,631482
Andy Toolson,1995,310000,602337
Moses Malone,1995,305000,592621
Howard Nathan,1995,300000,582906
David Wesley,1995,300000,582906
Alton Lister,1995,300000,582906
Junior Burrough,1995,300000,582906
Jud Buechler,1995,300000,582906
Eric Leckner,1995,300000,582906
Dave Johnson,1995,300000,582906
Jimmy King,1995,300000,582906
Bryon Russell,1995,300000,582906
James Donaldson,1995,300000,582906
Bob McCann,1995,300000,582906
Lawrence Moten,1995,280000,544046
Jon Barry,1995,275000,534331
Kevin Pritchard,1995,275000,534331
Keith Tower,1995,263000,511015
Jerome Kersey,1995,255000,495470
Donnie Boyce,1995,250000,485755
Greg Sutton,1995,250000,485755
Damon Bailey,1995,250000,485755
Steve Scheffler,1995,250000,485755
Tracy Murray,1995,250000,485755
Brent Price,1995,250000,485755
Tim Legler,1995,250000,485755
Joe Wolf,1995,240000,466325
Henry Turner,1995,235000,456610
Andrew DeClercq,1995,230000,446895
Matt Bullard,1995,225000,437180
Ennis Whatley,1995,225000,437180
Todd Mundt,1995,225000,437180
Larry Sykes,1995,225000,437180
Robert Werdann,1995,225000,437180
Darrin Hancock,1995,225000,437180
Jack Haley,1995,225000,437180
Joe Courtney,1995,225000,437180
Steve Colter,1995,225000,437180
Greg Grant,1995,225000,437180
Steve Bardo,1995,225000,437180
Eldridge Recasner,1995,225000,437180
Tim Breaux,1995,225000,437180
Earl Cureton,1995,225000,437180
Dwayne Schintzius,1995,225000,437180
Adrian Caldwell,1995,225000,437180
Reggie Jordan,1995,225000,437180
Fred Roberts,1995,225000,437180
Rich Manning,1995,225000,437180
Ashraf Amaya,1995,225000,437180
Chris King,1995,225000,437180
Derrick Phelps,1995,225000,437180
Rodney Dent,1995,225000,437180
Trevor Ruffin,1995,225000,437180
Ron Grandison,1995,225000,437180
Marques Bragg,1995,225000,437180
Anthony Tucker,1995,225000,437180
Eric Anderson,1995,225000,437180
Willie Burton,1995,225000,437180
Corey Gaines,1995,225000,437180
Elmer Bennett,1995,225000,437180
Jeff Grayer,1995,225000,437180
Richard Dumas,1995,225000,437180
Reggie Slater,1995,225000,437180
Dontonio Wingfield,1995,225000,437180
Anthony Cook,1995,225000,437180
Dell Demps,1995,225000,437180
Mike Peplowski,1995,225000,437180
Jeff Webster,1995,225000,437180
Tyus Edney,1995,210000,408034
Charles Claxton,1995,200000,388604
Donny Marshall,1995,200000,388604
John Amaechi,1995,200000,388604
Gerald Madkins,1995,200000,388604
Rastko Cvetkovic,1995,200000,388604
Don Reid,1995,200000,388604
Lou Roe,1995,200000,388604
Rodney Zimmerman,1995,200000,388604
Alvin Heggs,1995,200000,388604
Fred Hoiberg,1995,200000,388604
Logan Vander Velden,1995,200000,388604
Frankie King,1995,200000,388604
Terrence Rencher,1995,200000,388604
Mark Davis,1995,200000,388604
Jerome Allen,1995,200000,388604
Eric Snow,1995,200000,388604
Chris Carr,1995,200000,388604
John Coker,1995,200000,388604
Clint McDaniel,1995,200000,388604
Martin Lewis,1995,200000,388604
Kevin Salvadori,1995,110000,213732
Rich King,1995,100000,194302
Geert Hammink,1995,97560,189561
Mark Strickland,1995,50000,97151
Chris Whitney,1995,50000,97151
Kareem Townes,1995,40000,77720
Kurt Rambis,1995,40000,77720
Gerard King,1995,35000,68005
Grady Livingston,1995,25000,48575
Constantin Popa,1995,15000,29145
Nate Higgs,1995,15000,29145
Michael Jordan,1996,30140000,56993066
Horace Grant,1996,14857000,28093762
Reggie Miller,1996,11250000,21273125
Shaquille O'Neal,1996,10714000,20259579
Gary Payton,1996,10212000,19310325
David Robinson,1996,9952000,18818679
Juwan Howard,1996,9750000,18436708
Hakeem Olajuwon,1996,9655000,18257068
Alonzo Mourning,1996,9380000,17737059
Dennis Rodman,1996,9000000,17018500
Dikembe Mutombo,1996,8013000,15152138
Chris Webber,1996,8000000,15127555
Otis Thorpe,1996,7000000,13236611
Latrell Sprewell,1996,7000000,13236611
Elden Campbell,1996,7000000,13236611
Kevin Johnson,1996,7000000,13236611
Danny Manning,1996,6833000,12920823
Derrick Coleman,1996,6739000,12743074
Anfernee Hardaway,1996,6655000,12584235
Dale Davis,1996,6508000,12306266
John Stockton,1996,6000000,11345666
Clyde Drexler,1996,5500000,10400194
Sean Elliott,1996,5333000,10084406
Dino Radja,1996,5313000,10046588
Antonio Davis,1996,5200000,9832911
Shawn Bradley,1996,5130000,9700545
Grant Hill,1996,5025000,9501996
Larry Johnson,1996,5004000,9462286
Tom Gugliotta,1996,5000000,9454722
Allan Houston,1996,5000000,9454722
A.C. Green,1996,4851000,9172971
Vlade Divac,1996,4718000,8921476
Charles Barkley,1996,4695000,8877984
Karl Malone,1996,4657000,8806128
Danny Ferry,1996,4643000,8779655
Glenn Robinson,1996,4640000,8773982
Christian Laettner,1996,4500000,8509250
Steve Smith,1996,4500000,8509250
Jason Kidd,1996,4408000,8335283
Kenny Anderson,1996,4175000,7894693
John Williams,1996,4151000,7849310
Harvey Grant,1996,4111000,7773672
Chris Dudley,1996,4100000,7752872
Glen Rice,1996,4002000,7567559
Rik Smits,1996,4000000,7563777
Brian Shaw,1996,4000000,7563777
Toni Kukoc,1996,3960000,7488140
Jim Jackson,1996,3900000,7374683
Ron Harper,1996,3840000,7261226
Jamal Mashburn,1996,3833000,7247990
Kendall Gill,1996,3800000,7185589
Nick Anderson,1996,3790000,7166679
Billy Owens,1996,3773000,7134533
Vin Baker,1996,3765000,7119405
Rony Seikaly,1996,3752000,7094823
Isaiah Rider,1996,3610000,6826309
Sherman Douglas,1996,3594000,6796054
Mitch Richmond,1996,3575000,6760126
Charles Smith,1996,3557000,6726089
Tyrone Hill,1996,3480000,6580486
Wayman Tisdale,1996,3475000,6571032
Mark Price,1996,3409000,6446229
Dana Barros,1996,3400000,6429211
Bryant Stith,1996,3400000,6429211
Donyell Marshall,1996,3360000,6353573
Detlef Schrempf,1996,3333000,6302517
Shawn Kemp,1996,3300000,6240116
Clarence Weatherspoon,1996,3300000,6240116
LaPhonso Ellis,1996,3294000,6228771
Dee Brown,1996,3250000,6145569
Stanley Roberts,1996,3250000,6145569
Calbert Cheaney,1996,3200000,6051022
Lionel Simmons,1996,3194000,6039676
Olden Polynice,1996,3140000,5937565
Loy Vaught,1996,3100000,5861927
Mahmoud Abdul-Rauf,1996,3100000,5861927
Sharone Wright,1996,3100000,5861927
Joe Dumars,1996,3075000,5814654
Bobby Hurley,1996,3068000,5801417
Chris Gatling,1996,3047000,5761707
Rod Strickland,1996,3036000,5740907
Derrick McKey,1996,3000000,5672833
Patrick Ewing,1996,3000000,5672833
Jim McIlvaine,1996,3000000,5672833
Dennis Scott,1996,3000000,5672833
Clifford Robinson,1996,2924000,5529121
Todd Day,1996,2915000,5512103
Mark Jackson,1996,2900000,5483738
Stojko Vrankovic,1996,2900000,5483738
Ken Norman,1996,2869000,5425119
Chris Mullin,1996,2844000,5377846
Mookie Blaylock,1996,2800000,5294644
Joe Smith,1996,2794000,5283298
Luc Longley,1996,2790000,5275735
Anthony Mason,1996,2777000,5251152
Sam Perkins,1996,2730000,5162278
Pooh Richardson,1996,2721000,5145259
Robert Pack,1996,2700000,5105550
Lamond Murray,1996,2700000,5105550
Felton Spencer,1996,2694000,5094204
Arvydas Sabonis,1996,2640000,4992093
Hersey Hawkins,1996,2604000,4924019
Charles Oakley,1996,2600000,4916455
Chris Childs,1996,2600000,4916455
Antonio McDyess,1996,2545000,4812453
Sarunas Marciulionis,1996,2500000,4727361
Tim Hardaway,1996,2500000,4727361
Chris Morris,1996,2500000,4727361
Stacey Augmon,1996,2480000,4689542
Micheal Williams,1996,2475000,4680087
Terry Mills,1996,2457000,4646050
Marcus Camby,1996,2434000,4602558
BJ Armstrong,1996,2400000,4538266
Cedric Ceballos,1996,2400000,4538266
Scott Williams,1996,2400000,4538266
Jeff Hornacek,1996,2396000,4530702
Gheorghe Muresan,1996,2363000,4468301
Dan Majerle,1996,2350000,4443719
Andrew Lang,1996,2332000,4409682
Armen Gilliam,1996,2317000,4381318
Terry Davis,1996,2300000,4349172
Antoine Carr,1996,2300000,4349172
Jerry Stackhouse,1996,2286000,4322699
Kevin Edwards,1996,2280000,4311353
Rodney Rogers,1996,2280000,4311353
Allen Iverson,1996,2267000,4286771
Grant Long,1996,2260000,4273534
Jayson Williams,1996,2250000,4254625
Scottie Pippen,1996,2250000,4254625
John Salley,1996,2225000,4207351
Duane Causwell,1996,2215000,4188442
Shareef Abdur-Rahim,1996,2186000,4133604
Doug West,1996,2155000,4074985
Blue Edwards,1996,2100000,3970983
George Lynch,1996,2090000,3952073
Rasheed Wallace,1996,2060000,3895345
Chuck Person,1996,2060000,3895345
Reggie Williams,1996,2048000,3872654
Vinny Del Negro,1996,2023000,3825380
Mark West,1996,2000000,3781888
Vincent Askew,1996,2000000,3781888
PJ Brown,1996,2000000,3781888
Elliot Perry,1996,2000000,3781888
Adam Keefe,1996,1950000,3687341
Stephon Marbury,1996,1917000,3624940
John Starks,1996,1913000,3617376
Terry Dehere,1996,1905000,3602249
Nick Van Exel,1996,1900000,3592794
Sasha Danilovic,1996,1892000,3577666
Greg Anthony,1996,1875000,3545520
Dell Curry,1996,1830000,3460428
Bobby Phills,1996,1808000,3418827
Greg Minor,1996,1800000,3403700
Eddie Jones,1996,1800000,3403700
Ray Allen,1996,1785000,3375335
Don MacLean,1996,1780000,3365881
Terry Porter,1996,1775000,3356426
Pervis Ellison,1996,1760000,3328062
Khalid Reeves,1996,1752000,3312934
Rick Fox,1996,1750000,3309152
Malik Sealy,1996,1732000,3275115
Lindsey Hunter,1996,1715000,3242969
Robert Horry,1996,1703000,3220278
Donald Royal,1996,1700000,3214605
Tracy Murray,1996,1700000,3214605
Bryant Reeves,1996,1695000,3205150
Kevin Garnett,1996,1666000,3150313
Ervin Johnson,1996,1636000,3093585
Antoine Walker,1996,1620000,3063330
Dale Ellis,1996,1600000,3025511
Brent Price,1996,1600000,3025511
Popeye Jones,1996,1581000,2989583
Muggsy Bogues,1996,1575000,2978237
Michael Smith,1996,1570000,2968782
Matt Geiger,1996,1562000,2953655
Jalen Rose,1996,1560000,2949873
Carl Herrera,1996,1550000,2930963
Damon Stoudamire,1996,1547000,2925291
Will Perdue,1996,1544000,2919618
Anthony Peeler,1996,1540000,2912054
Frank Brickowski,1996,1500000,2836416
Kevin Willis,1996,1500000,2836416
Lorenzen Wright,1996,1480000,2798597
Michael Cage,1996,1473000,2785361
Kenny Gattison,1996,1450000,2741869
Yinka Dare,1996,1448000,2738087
Marty Conlon,1996,1447500,2737141
Shawn Respert,1996,1417000,2679468
Bimbo Coles,1996,1400000,2647322
Mario Elie,1996,1400000,2647322
Eric Piatkowski,1996,1363000,2577357
Kerry Kittles,1996,1356000,2564120
Nate McMillan,1996,1355000,2562229
Doug Christie,1996,1355000,2562229
Brooks Thompson,1996,1332300,2519304
Greg Graham,1996,1330000,2514956
Terrell Brandon,1996,1312000,2480919
Ed O'Bannon,1996,1303000,2463900
Randy Brown,1996,1300000,2458227
Derek Harper,1996,1300000,2458227
Hubert Davis,1996,1295000,2448773
Brian Grant,1996,1293000,2444991
Eric Montross,1996,1280000,2420408
Samaki Walker,1996,1246000,2356116
Kurt Thomas,1996,1238000,2340989
Scott Burrell,1996,1235000,2335316
Chris Mills,1996,1235000,2335316
Sam Cassell,1996,1235000,2335316
Corie Blount,1996,1235000,2335316
James Robinson,1996,1235000,2335316
Rex Walters,1996,1235000,2335316
Joe Kleine,1996,1235000,2335316
Acie Earl,1996,1235000,2335316
Johnny Newman,1996,1225000,2316406
Ricky Pierce,1996,1200000,2269133
Eddie Johnson,1996,1200000,2269133
Sean Rooks,1996,1200000,2269133
Sam Mitchell,1996,1200000,2269133
Lucious Harris,1996,1200000,2269133
Kevin Gamble,1996,1196000,2261569
Buck Williams,1996,1193000,2255896
Erick Dampier,1996,1184000,2238878
Gary Trent,1996,1176000,2223750
Jon Koncak,1996,1150000,2174586
Mark Bryant,1996,1150000,2174586
Carlos Rogers,1996,1144000,2163240
Todd Fuller,1996,1125000,2127312
Bill Curley,1996,1123000,2123530
Tony Dumas,1996,1120000,2117857
Cherokee Parks,1996,1117000,2112184
George McCloud,1996,1100000,2080038
Lee Mayberry,1996,1100000,2080038
Haywoode Workman,1996,1080000,2042220
Tom Hammonds,1996,1070000,2023310
Vitaly Potapenko,1996,1068000,2019528
Corliss Williamson,1996,1051000,1987382
Dickey Simpkins,1996,1040000,1966582
Duane Ferrell,1996,1040000,1966582
Clifford Rozier,1996,1040000,1966582
Wesley Person,1996,1040000,1966582
Aaron McKie,1996,1040000,1966582
Avery Johnson,1996,1040000,1966582
Monty Williams,1996,1040000,1966582
B.J. Tyler,1996,1040000,1966582
Kobe Bryant,1996,1015000,1919308
Eric Williams,1996,1008000,1906072
Bill Wennington,1996,1000000,1890944
Robert Parish,1996,1000000,1890944
Vernon Maxwell,1996,1000000,1890944
Jamie Watson,1996,1000000,1890944
Eric Mobley,1996,992000,1875816
Brent Barry,1996,958000,1811524
Lorenzo Williams,1996,940000,1777487
Steve Nash,1996,916000,1732105
Alan Henderson,1996,910000,1720759
Charlie Ward,1996,888000,1679158
Tony Delk,1996,870000,1645121
Bob Sura,1996,864000,1633776
Jermaine O'Neal,1996,827000,1563811
Theo Ratliff,1996,821000,1552465
Zan Tabak,1996,800000,1512755
John Wallace,1996,785000,1484391
Randolph Childress,1996,784000,1482500
Herb Williams,1996,757000,1431444
Steve Kerr,1996,750000,1418208
Chris Carr,1996,750000,1418208
Walter McCarty,1996,750000,1418208
Michael Finley,1996,723000,1367152
Zydrunas Ilgauskas,1996,720000,1361480
Jason Caffey,1996,700000,1323661
Pete Chilcutt,1996,700000,1323661
George Zidek,1996,694000,1312315
Dontae' Jones,1996,691000,1306642
Travis Best,1996,666000,1259369
Roy Rogers,1996,664000,1255587
Keith Askins,1996,650000,1229113
Loren Meyer,1996,639000,1208313
Dwayne Schintzius,1996,625000,1181840
David Vaughn,1996,614000,1161039
Derek Fisher,1996,612000,1157258
Bo Outlaw,1996,600000,1134566
Mitchell Butler,1996,600000,1134566
Greg Anderson,1996,584000,1104311
Danny Schayes,1996,575000,1087293
Greg Ostertag,1996,573000,1083511
Jerome Williams,1996,568000,1074056
David Wingate,1996,560000,1058928
Mario Bennett,1996,555000,1049474
Brian Evans,1996,551000,1041910
Priest Lauderdale,1996,548000,1036237
Cory Alexander,1996,521000,985182
Antonio Lang,1996,520000,983291
David Benoit,1996,508000,960599
Alton Lister,1996,500000,945472
Jud Buechler,1996,500000,945472
Gary Grant,1996,500000,945472
Chucky Brown,1996,500000,945472
Sherell Ford,1996,500000,945472
Dontonio Wingfield,1996,500000,945472
Brad Lohaus,1996,485000,917108
Donny Marshall,1996,450000,850925
Tim Legler,1996,450000,850925
Greg Foster,1996,420000,794196
Darrell Armstrong,1996,410000,775287
Martin Muursepp,1996,401000,758268
Don Reid,1996,400000,756377
Michael Curry,1996,400000,756377
Rick Mahorn,1996,400000,756377
Joe Wolf,1996,400000,756377
Chris Whitney,1996,400000,756377
Bryon Russell,1996,385000,728013
Darrick Martin,1996,375000,709104
Craig Ehlo,1996,360000,680740
David Wesley,1996,350000,661830
Jimmy King,1996,330000,624011
Lawrence Moten,1996,321000,606993
Shane Heal,1996,320000,605102
Shawnelle Scott,1996,300000,567283
Ed Pinckney,1996,300000,567283
Howard Eisley,1996,298000,563501
Fred Hoiberg,1996,297000,561610
Rafael Addison,1996,290000,548373
Andrew DeClercq,1996,276000,521900
Steve Scheffler,1996,275000,520009
Xavier McDaniel,1996,254000,480299
Anthony Goldwire,1996,250000,472736
Jon Barry,1996,247500,468008
Eldridge Recasner,1996,247500,468008
Tyrone Corbin,1996,247500,468008
Donnie Boyce,1996,247500,468008
Ivano Newbill,1996,247500,468008
Willie Burton,1996,247500,468008
Tony Massenburg,1996,247500,468008
Tony Smith,1996,247500,468008
Carl Thomas,1996,247500,468008
Oliver Miller,1996,247500,468008
Fred Roberts,1996,247500,468008
Greg Dreiling,1996,247500,468008
Keith Jennings,1996,247500,468008
LaSalle Thompson,1996,247500,468008
Litterial Green,1996,247500,468008
Lou Roe,1996,247500,468008
Mike Peplowski,1996,247500,468008
Matt Bullard,1996,247500,468008
Matt Maloney,1996,247500,468008
Othella Harrington,1996,247500,468008
Sam Mack,1996,247500,468008
Charles Jones,1996,247500,468008
Tracy Moore,1996,247500,468008
Brent Scott,1996,247500,468008
Jerome Allen,1996,247500,468008
Kevin Duckworth,1996,247500,468008
Jerome Kersey,1996,247500,468008
Byron Scott,1996,247500,468008
Rumeal Robinson,1996,247500,468008
Doug Edwards,1996,247500,468008
Rich Manning,1996,247500,468008
Isaac Austin,1996,247500,468008
Mark Strickland,1996,247500,468008
Voshon Lenard,1996,247500,468008
Tony Farmer,1996,247500,468008
David Wood,1996,247500,468008
Dean Garrett,1996,247500,468008
Chris Jent,1996,247500,468008
Eric Leckner,1996,247500,468008
Scott Brooks,1996,247500,468008
Antonio Harvey,1996,247500,468008
Eric Snow,1996,247500,468008
Larry Stewart,1996,247500,468008
Gerald Wilkins,1996,247500,468008
Derek Strong,1996,247500,468008
Doug Overton,1996,247500,468008
Mark Bradtke,1996,247500,468008
Mark Davis,1996,247500,468008
Rex Chapman,1996,247500,468008
Darrin Hancock,1996,247500,468008
Reggie Jordan,1996,247500,468008
Tyus Edney,1996,247500,468008
Kevin Salvadori,1996,247500,468008
Dominique Wilkins,1996,247500,468008
Walt Williams,1996,247500,468008
Ben Wallace,1996,247500,468008
Jaren Jackson Jr,1996,247500,468008
Ashraf Amaya,1996,247500,468008
Matt Fish,1996,247500,468008
Mark Hendrickson,1996,247000,467063
Brett Szabo,1996,220000,416007
Steve Hamer,1996,220000,416007
Malik Rose,1996,220000,416007
Carlos Strong,1996,220000,416007
Reggie Geary,1996,220000,416007
Erick Strickland,1996,220000,416007
Darvin Ham,1996,220000,416007
Marcus Mann,1996,220000,416007
Ray Owes,1996,220000,416007
Emanual Davis,1996,220000,416007
Randy Livingston,1996,220000,416007
Travis Knight,1996,220000,416007
Chris Robinson,1996,220000,416007
James Scott,1996,220000,416007
Virginijus Praskevicius,1996,220000,416007
Amal McCaskill,1996,220000,416007
Ben Davis,1996,220000,416007
Marcus Brown,1996,220000,416007
Donald Whiteside,1996,220000,416007
Shandon Anderson,1996,220000,416007
Earl Cureton,1996,205200,388021
John Long,1996,205200,388021
Kenny Smith,1996,190100,359468
Lloyd Daniels,1996,184100,348122
Henry James,1996,181100,342450
Stephen Howard,1996,181100,342450
Aaron Williams,1996,169000,319569
Robert Werdann,1996,166000,313896
Gaylon Nickerson,1996,152900,289125
Michael Jordan,1997,33140000,61258556
Patrick Ewing,1997,20500000,37893796
Horace Grant,1997,14285714,26406825
Shaquille O'Neal,1997,12857143,23766144
David Robinson,1997,12397440,22916393
Alonzo Mourning,1997,11254800,20804248
Juwan Howard,1997,11250000,20795375
Hakeem Olajuwon,1997,11156000,20621618
Gary Payton,1997,10514688,19436167
Dikembe Mutombo,1997,9615187,17773460
Reggie Miller,1997,9031850,16695174
Chris Webber,1997,9000000,16636300
Shawn Kemp,1997,8600000,15896909
Larry Johnson,1997,8460714,15639442
Derrick Coleman,1997,8002800,14792998
Kevin Johnson,1997,8000000,14787822
Latrell Sprewell,1997,7770000,14362672
Anfernee Hardaway,1997,7580000,14011462
Elden Campbell,1997,7000000,12939344
Danny Manning,1997,6833333,12631264
Robert Horry,1997,6000000,11090867
Allan Houston,1997,6000000,11090867
Shawn Bradley,1997,5940000,10979958
Grant Hill,1997,5850000,10813595
Otis Thorpe,1997,5700000,10536323
Glenn Robinson,1997,5510000,10185112
Clyde Drexler,1997,5500000,10166628
Tom Gugliotta,1997,5500000,10166628
Steve Smith,1997,5400000,9981780
Sean Elliott,1997,5333333,9858547
Dale Davis,1997,5273333,9747639
Jason Kidd,1997,5223333,9655215
Karl Malone,1997,5118578,9461578
John Starks,1997,5112500,9450343
A.C. Green,1997,5095088,9418157
Christian Laettner,1997,5050000,9334813
Kenny Anderson,1997,5010000,9260874
Brian Grant,1997,5000000,9242389
John Stockton,1997,5000000,9242389
Vlade Divac,1997,4833333,8934309
Tim Hardaway,1997,4800000,8872693
Glen Rice,1997,4702000,8691542
Harvey Grant,1997,4671875,8635857
Jim Jackson,1997,4600000,8502998
Charles Smith,1997,4576343,8459268
Ron Harper,1997,4560000,8429059
Toni Kukoc,1997,4560000,8429059
John Williams,1997,4550000,8410574
Dennis Rodman,1997,4500000,8318150
Antonio Davis,1997,4500000,8318150
Jamal Mashburn,1997,4433334,8194919
Kendall Gill,1997,4400000,8133302
Sherman Douglas,1997,4297250,7943371
Billy Owens,1997,4225200,7810188
Isaiah Rider,1997,4210000,7782091
Jeff Hornacek,1997,4195000,7754364
Tyrone Hill,1997,4110000,7597243
Mark Price,1997,4090920,7561975
Vin Baker,1997,4064373,7512903
Bison Dele,1997,4050000,7486335
Bryant Stith,1997,4030000,7449365
Rony Seikaly,1997,4002000,7397608
Danny Ferry,1997,4000000,7393911
Rik Smits,1997,4000000,7393911
Nick Anderson,1997,4000000,7393911
Donyell Marshall,1997,3990000,7375426
PJ Brown,1997,3844800,7107027
Brian Shaw,1997,3750000,6931791
Stanley Roberts,1997,3750000,6931791
Walt Williams,1997,3750000,6931791
Lionel Simmons,1997,3716500,6869867
Dell Curry,1997,3660000,6765428
Chris Gatling,1997,3656400,6758774
LaPhonso Ellis,1997,3650000,6746944
Olden Polynice,1997,3610000,6673005
Derrick McKey,1997,3600000,6654520
Jim McIlvaine,1997,3600000,6654520
Calbert Cheaney,1997,3600000,6654520
Stojko Vrankovic,1997,3580000,6617550
Bobby Hurley,1997,3552000,6565793
Dee Brown,1997,3500000,6469672
Wesley Person,1997,3500000,6469672
Nate McMillan,1997,3500000,6469672
Sharone Wright,1997,3500000,6469672
Anthony Mason,1997,3471500,6416990
Rod Strickland,1997,3450000,6377248
Dana Barros,1997,3400000,6284824
Sam Perkins,1997,3370000,6229370
Loy Vaught,1997,3350000,6192400
Detlef Schrempf,1997,3333333,6161592
Ken Norman,1997,3332000,6159128
Mahmoud Abdul-Rauf,1997,3300000,6099976
Robert Pack,1997,3240000,5989068
Mark Jackson,1997,3200000,5915129
Luc Longley,1997,3184900,5887217
Joe Smith,1997,3165160,5850728
Allen Iverson,1997,3128640,5783221
Hersey Hawkins,1997,3124100,5774829
Chris Childs,1997,3120000,5767250
Arvydas Sabonis,1997,3080000,5693311
Mookie Blaylock,1997,3000000,5545433
Joe Dumars,1997,3000000,5545433
Chris Mills,1997,3000000,5545433
Mitch Richmond,1997,3000000,5545433
Avery Johnson,1997,3000000,5545433
Chris Morris,1997,3000000,5545433
Tim Duncan,1997,2967840,5485986
Chris Mullin,1997,2941500,5437297
Dennis Scott,1997,2920000,5397555
Bobby Phills,1997,2900000,5360585
Lamond Murray,1997,2900000,5360585
Antonio McDyess,1997,2876640,5317405
Bryon Russell,1997,2857144,5281367
Charles Oakley,1997,2850000,5268161
Scott Williams,1997,2850000,5268161
Pooh Richardson,1997,2820710,5214019
Dan Majerle,1997,2820000,5212707
Clarence Weatherspoon,1997,2800000,5175737
Stacey Augmon,1997,2800000,5175737
Marcus Camby,1997,2799240,5174333
Armen Gilliam,1997,2780400,5139507
Scottie Pippen,1997,2775000,5129526
Micheal Williams,1997,2775000,5129526
Andrew Lang,1997,2700000,4990890
Keith Van Horn,1997,2655360,4908374
Kevin Edwards,1997,2640000,4879981
Rodney Rogers,1997,2640000,4879981
Grant Long,1997,2610335,4825146
Cedric Ceballos,1997,2605000,4815284
BJ Armstrong,1997,2600000,4806042
Jerry Stackhouse,1997,2583360,4775283
Doug West,1997,2535000,4685891
Shareef Abdur-Rahim,1997,2513760,4646629
Dino Radja,1997,2500000,4621194
Jayson Williams,1997,2500000,4621194
Sam Cassell,1997,2500000,4621194
Chuck Person,1997,2470000,4565740
Mario Elie,1997,2430000,4491801
Chauncey Billups,1997,2384640,4407954
Voshon Lenard,1997,2364597,4370905
Rasheed Wallace,1997,2329080,4305252
Blue Edwards,1997,2300000,4251499
Adam Keefe,1997,2300000,4251499
Vinny Del Negro,1997,2298777,4249238
Ervin Johnson,1997,2281128,4216614
Stephon Marbury,1997,2266320,4189242
Charles Barkley,1997,2250000,4159075
Mark Bryant,1997,2250000,4159075
Felton Spencer,1997,2178099,4026167
Greg Minor,1997,2160000,3992712
Antonio Daniels,1997,2149920,3974079
Don MacLean,1997,2120000,3918773
George Lynch,1997,2115000,3909530
Kevin Garnett,1997,2109120,3898661
Pervis Ellison,1997,2090000,3863318
Michael Cage,1997,2055421,3799400
Ray Allen,1997,2052360,3793742
Elmore Spencer,1997,2050000,3789379
Tracy Murray,1997,2040000,3770894
Doug Christie,1997,2012767,3720555
Anthony Peeler,1997,2012500,3720061
Travis Knight,1997,2000000,3696955
Eddie Jones,1997,2000000,3696955
Elliot Perry,1997,2000000,3696955
Terry Porter,1997,2000000,3696955
Will Perdue,1997,1987500,3673849
Tony Battie,1997,1946880,3598764
Brent Price,1997,1920000,3549077
Dale Ellis,1997,1920000,3549077
Michael Smith,1997,1920000,3549077
Bryant Reeves,1997,1915680,3541092
Nick Van Exel,1997,1900000,3512107
Carlos Rogers,1997,1900000,3512107
Gheorghe Muresan,1997,1887500,3489001
Popeye Jones,1997,1886538,3487223
Antoine Walker,1997,1864080,3445710
Jalen Rose,1997,1852500,3424305
Khalid Reeves,1997,1852000,3423380
Carl Herrera,1997,1820000,3364229
David Wesley,1997,1800000,3327260
Muggsy Bogues,1997,1800000,3327260
Bill Wennington,1997,1800000,3327260
Dean Garrett,1997,1800000,3327260
Kevin Willis,1997,1800000,3327260
Ron Mercer,1997,1768320,3268700
Lindsey Hunter,1997,1750000,3234836
Damon Stoudamire,1997,1748760,3232544
Lorenzen Wright,1997,1701720,3145591
Bimbo Coles,1997,1700000,3142412
Tim Thomas,1997,1614240,2983886
Shawn Respert,1997,1602120,2961483
Erick Strickland,1997,1600000,2957564
Antoine Carr,1997,1600000,2957564
Eric Piatkowski,1997,1587500,2934458
Derek Harper,1997,1560000,2883625
Kerry Kittles,1997,1559040,2881850
Yinka Dare,1997,1552500,2869761
Greg Graham,1997,1540000,2846655
Eric Montross,1997,1520000,2809686
James Robinson,1997,1500000,2772716
Adonal Foyle,1997,1495000,2763474
Erick Dampier,1997,1478880,2733676
Ed O'Bannon,1997,1472640,2722142
Tree Rollins,1997,1470000,2717262
Terrell Brandon,1997,1469440,2716227
Lucious Harris,1997,1440000,2661808
Sean Rooks,1997,1440000,2661808
Samaki Walker,1997,1433040,2648942
Buck Williams,1997,1431000,2645171
Scott Burrell,1997,1430000,2643323
Corie Blount,1997,1430000,2643323
Doug Edwards,1997,1430000,2643323
Acie Earl,1997,1430000,2643323
Rex Walters,1997,1430000,2643323
Kevin Gamble,1997,1420250,2625300
Matt Geiger,1997,1402000,2591565
Sam Mitchell,1997,1400000,2587868
Kurt Thomas,1997,1398960,2585946
Tracy McGrady,1997,1359360,2512746
Bill Curley,1997,1333800,2465499
Tony Dumas,1997,1330000,2458475
Gary Trent,1997,1329009,2456643
Johnny Newman,1997,1325000,2449233
Lee Mayberry,1997,1320000,2439990
Todd Fuller,1997,1293240,2390525
Danny Fortson,1997,1291440,2387198
Cherokee Parks,1997,1262640,2333962
Randy Brown,1997,1260000,2329082
Haywoode Workman,1997,1260000,2329082
Howard Eisley,1997,1240000,2292112
Aaron McKie,1997,1235000,2282870
Dickey Simpkins,1997,1235000,2282870
Duane Ferrell,1997,1235000,2282870
Monty Williams,1997,1235000,2282870
Vitaly Potapenko,1997,1228560,2270965
Tariq Abdul-Wahad,1997,1226880,2267860
Duane Causwell,1997,1211705,2239809
Andrew DeClercq,1997,1200000,2218173
Keith Closs,1997,1200000,2218173
B.J. Tyler,1997,1200000,2218173
Shandon Anderson,1997,1200000,2218173
Chris Whitney,1997,1200000,2218173
Corliss Williamson,1997,1199520,2217286
Eric Mobley,1997,1178000,2177506
Kobe Bryant,1997,1167240,2157617
Austin Croshere,1997,1165440,2154290
Robert Parish,1997,1150000,2125749
Malik Sealy,1997,1150000,2125749
Eric Williams,1997,1139520,2106377
Chris Dudley,1997,1135000,2098022
Lorenzo Williams,1997,1128000,2085083
Derek Anderson,1997,1107240,2046708
Tim Legler,1997,1105000,2042568
Brent Barry,1997,1082520,2001014
Charlie Ward,1997,1054500,1949219
Steve Nash,1997,1053360,1947112
Maurice Taylor,1997,1051800,1944229
Alan Henderson,1997,1028400,1900974
Clifford Rozier,1997,1022250,1889606
Tony Delk,1997,1000680,1849734
Henry James,1997,1000000,1848477
Don Reid,1997,1000000,1848477
Rick Fox,1997,1000000,1848477
Terry Mills,1997,1000000,1848477
Bo Outlaw,1997,1000000,1848477
Terry Cummings,1997,1000000,1848477
Clifford Robinson,1997,1000000,1848477
Kelvin Cato,1997,999240,1847073
Bob Sura,1997,976920,1805814
Tom Hammonds,1997,970000,1793023
Jermaine O'Neal,1997,950640,1757236
Zan Tabak,1997,950000,1756053
Brevin Knight,1997,949320,1754796
Theo Ratliff,1997,928080,1715535
John Wallace,1997,903120,1669397
Mario Bennett,1997,902500,1668251
Johnny Taylor,1997,901880,1667105
Chris Carr,1997,900000,1663630
Terry Dehere,1997,886125,1637981
Walter McCarty,1997,862560,1594423
Jason Caffey,1997,850920,1572906
Zydrunas Ilgauskas,1997,828000,1530539
Scot Pollard,1997,818160,1512350
Michael Finley,1997,816840,1509910
Dontae' Jones,1997,794880,1469318
Paul Grant,1997,785400,1451794
George Zidek,1997,784200,1449576
Herb Williams,1997,766667,1417166
Roy Rogers,1997,763080,1410536
Randolph Childress,1997,760000,1404843
Anthony Parker,1997,754080,1393900
Travis Best,1997,752000,1390055
Steve Kerr,1997,750000,1386358
Tony Massenburg,1997,750000,1386358
Keith Askins,1997,750000,1386358
Ed Gray,1997,723840,1338002
Loren Meyer,1997,722760,1336005
Chris Anstey,1997,713900,1319628
Eric Snow,1997,706300,1305579
Derek Fisher,1997,703200,1299849
Pete Chilcutt,1997,700000,1293934
Bobby Jackson,1997,694920,1284544
David Vaughn,1997,693840,1282547
Danny Schayes,1997,690000,1275449
Martin Muursepp,1997,675120,1247944
Sherell Ford,1997,670800,1239958
Jerome Williams,1997,652800,1206686
J.R. Reid,1997,650000,1201510
Mark West,1997,650000,1201510
Greg Ostertag,1997,647400,1196704
John Thomas,1997,640440,1183839
Priest Lauderdale,1997,630000,1164541
Eddie Johnson,1997,626700,1158440
David Benoit,1997,609096,1125900
Brian Evans,1997,607545,1123033
Jacque Vaughn,1997,601320,1111526
Dontonio Wingfield,1997,600000,1109086
Gary Grant,1997,600000,1109086
Keith Booth,1997,597600,1104650
David Wingate,1997,570000,1053632
Cory Alexander,1997,562380,1039546
Rodrick Rhodes,1997,555900,1027568
Donny Marshall,1997,540000,998178
Hubert Davis,1997,537500,993556
Greg Foster,1997,504000,931632
Jud Buechler,1997,500000,924238
Shawnelle Scott,1997,500000,924238
Randy Woods,1997,500000,924238
Marcus Brown,1997,500000,924238
Michael Curry,1997,500000,924238
Aaron Williams,1997,500000,924238
Jerome Kersey,1997,500000,924238
Lawrence Funderburke,1997,500000,924238
Joe Wolf,1997,480000,887269
Rick Mahorn,1997,480000,887269
Sam Mack,1997,455000,841057
Craig Ehlo,1997,432081,798692
Darrick Martin,1997,431250,797156
Bruce Bowen,1997,422500,780981
John Crotty,1997,420000,776360
Tyus Edney,1997,400000,739391
Isaac Austin,1997,384000,709815
Shane Heal,1997,384000,709815
Fred Hoiberg,1997,356400,658797
Darrell Armstrong,1997,350000,646967
Reggie Slater,1997,350000,646967
Anthony Goldwire,1997,330000,609997
Steve Scheffler,1997,330000,609997
Eldridge Recasner,1997,326700,603897
Tyrone Corbin,1997,326700,603897
Emanual Davis,1997,326700,603897
Matt Bullard,1997,326700,603897
Matt Maloney,1997,326700,603897
Othella Harrington,1997,326700,603897
Randy Livingston,1997,326700,603897
Derek Strong,1997,326700,603897
Gerald Wilkins,1997,326700,603897
Doug Overton,1997,326700,603897
Mark Davis,1997,326700,603897
Rex Chapman,1997,326700,603897
Ben Wallace,1997,326700,603897
Chris Robinson,1997,325000,600755
Charles O'Bannon,1997,320000,591512
Jerald Honeycutt,1997,300000,554543
Kevin Salvadori,1997,300000,554543
Adrian Caldwell,1997,292250,540217
Jon Barry,1997,272500,503710
Ed Stokes,1997,272500,503710
John Long,1997,272500,503710
Anthony Miller,1997,272250,503248
Chucky Brown,1997,272250,503248
Donald Whiteside,1997,272250,503248
Greg Anderson,1997,272250,503248
Jack Haley,1997,272250,503248
Steve Henson,1997,272250,503248
Corey Beck,1997,272250,503248
Tony Farmer,1997,272250,503248
Joe Kleine,1997,272250,503248
Mitchell Butler,1997,272250,503248
Kevin Ollie,1997,272250,503248
Rumeal Robinson,1997,272250,503248
Carl Thomas,1997,272250,503248
Joe Stephens,1997,272250,503248
Etdrick Bohannon,1997,272250,503248
Ivano Newbill,1997,272250,503248
Eric Murdock,1997,272250,503248
Mark Strickland,1997,272250,503248
Todd Day,1997,272250,503248
Jamie Feick,1997,272250,503248
Tim Breaux,1997,272250,503248
Reggie Jordan,1997,272250,503248
Pete Myers,1997,272250,503248
Ron Grandison,1997,272250,503248
Greg Anthony,1997,272250,503248
Stephen Howard,1997,272250,503248
Tim Kempton,1997,272250,503248
George McCloud,1997,272250,503248
Horacio Llamas Grey,1997,272250,503248
Tom Chambers,1997,272250,503248
Alton Lister,1997,272250,503248
Sean Higgins,1997,272250,503248
Vincent Askew,1997,272250,503248
Jaren Jackson Jr,1997,272250,503248
Malik Rose,1997,272250,503248
Reggie Geary,1997,272250,503248
Darvin Ham,1997,272250,503248
Terry Davis,1997,272250,503248
Jimmy Oliver,1997,272250,503248
DeJuan Wheat,1997,262000,484300
Bubba Wells,1997,260000,480604
Cedric Henderson,1997,250000,462119
Jason Lawson,1997,242250,447793
God Shammgod,1997,242250,447793
Chris Crawford,1997,242000,447331
Travis Williams,1997,242000,447331
Adrian Custis,1997,242000,447331
Eric Washington,1997,242000,447331
Serge Zwikker,1997,242000,447331
Mark Pope,1997,242000,447331
James Collins,1997,242000,447331
Shea Seals,1997,242000,447331
Malcolm Huckaby,1997,242000,447331
Jeff Nordgaard,1997,242000,447331
James Cotton,1997,242000,447331
Kebu Stewart,1997,242000,447331
Marko Milic,1997,242000,447331
Alvin Williams,1997,242000,447331
Anthony Johnson,1997,242000,447331
Michael Stewart,1997,242000,447331
Derek Grimm,1997,242000,447331
Chris Garner,1997,242000,447331
Troy Hudson,1997,242000,447331
Matt Fish,1997,150000,277271
Stacey King,1997,100000,184847
Scott Brooks,1997,50000,92423
Ron Riley,1997,50000,92423
Ruben Nembhard,1997,50000,92423
William Cunningham,1997,50000,92423
Jerome Allen,1997,35000,64696
Ben Davis,1997,25000,46211
Patrick Savoy,1997,25000,46211
Amal McCaskill,1997,20700,38263
Nate Huffman,1997,20000,36969
Todd Lindeman,1997,15000,27727
Patrick Ewing,1998,18500000,33630389
Shaquille O'Neal,1998,15000000,27267883
David Robinson,1998,14841000,26978843
Kevin Garnett,1998,14000000,25450024
Alonzo Mourning,1998,13130000,23868487
Juwan Howard,1998,13125000,23859398
Hakeem Olajuwon,1998,12943000,23528547
Derrick Coleman,1998,12267000,22299674
Dikembe Mutombo,1998,11218000,20392741
Jayson Williams,1998,11000000,19996447
Scottie Pippen,1998,11000000,19996447
Larry Johnson,1998,10186000,18516710
Charles Oakley,1998,10186000,18516710
Chris Webber,1998,10000000,18178588
Shawn Kemp,1998,9740000,17705945
Antonio McDyess,1998,9000000,16360730
Arvydas Sabonis,1998,9000000,16360730
Damon Stoudamire,1998,9000000,16360730
Rasheed Wallace,1998,9000000,16360730
Gary Payton,1998,8715000,15842640
Anfernee Hardaway,1998,8505000,15460889
Rik Smits,1998,8500000,15451800
Latrell Sprewell,1998,8300000,15088228
Vlade Divac,1998,8300000,15088228
Horace Grant,1998,7843000,14257467
Tom Gugliotta,1998,7800000,14179299
Bryant Reeves,1998,7222000,13128576
Elden Campbell,1998,7000000,12725012
Allan Houston,1998,7000000,12725012
Danny Manning,1998,6833000,12421429
Matt Geiger,1998,6800000,12361440
Reggie Miller,1998,6781000,12326901
Shawn Bradley,1998,6750000,12270547
Grant Hill,1998,6675000,12134208
Glenn Robinson,1998,6380000,11597939
Steve Smith,1998,6300000,11452511
Terrell Brandon,1998,6300000,11452511
Karl Malone,1998,6142000,11165289
Jason Kidd,1998,6041000,10981685
Michael Finley,1998,6000000,10907153
Theo Ratliff,1998,6000000,10907153
Brian Grant,1998,6000000,10907153
Kenny Anderson,1998,5845000,10625385
Tim Hardaway,1998,5600000,10180009
Mark Price,1998,5488000,9976409
Christian Laettner,1998,5360000,9743723
Tyrone Hill,1998,5352000,9729180
Sean Elliott,1998,5333000,9694641
Ron Harper,1998,5280000,9598294
Glen Rice,1998,5248000,9540123
A.C. Green,1998,5125088,9316686
Charles Smith,1998,5052223,9184227
Jamal Mashburn,1998,5033000,9149283
Kendall Gill,1998,5000000,9089294
Robert Horry,1998,5000000,9089294
Isaac Austin,1998,5000000,9089294
Bison Dele,1998,4860000,8834794
Isaiah Rider,1998,4810000,8743901
Alan Henderson,1998,4725000,8589383
Bryant Stith,1998,4666000,8482129
Toni Kukoc,1998,4610000,8380329
PJ Brown,1998,4480000,8144007
Otis Thorpe,1998,4400000,7998579
Will Perdue,1998,4373000,7949496
Donyell Marshall,1998,4370000,7944043
Greg Ostertag,1998,4333000,7876782
Chris Gatling,1998,4266000,7754986
Vin Baker,1998,4264000,7751350
Rony Seikaly,1998,4252000,7729536
Brian Shaw,1998,4250000,7725900
Lionel Simmons,1998,4238500,7704994
Jim McIlvaine,1998,4200000,7635007
Wesley Person,1998,4200000,7635007
Derrick McKey,1998,4200000,7635007
Anthony Mason,1998,4165000,7571382
Stojko Vrankovic,1998,4060000,7380507
Dale Davis,1998,4038000,7340514
Bobby Hurley,1998,4030000,7325971
Danny Ferry,1998,4000000,7271435
John Starks,1998,4000000,7271435
Luc Longley,1998,4000000,7271435
Sharone Wright,1998,4000000,7271435
John Stockton,1998,4000000,7271435
Calbert Cheaney,1998,4000000,7271435
Jerry Stackhouse,1998,3887000,7066017
Chuck Person,1998,3860000,7016934
Loy Vaught,1998,3830000,6962399
Robert Pack,1998,3780000,6871506
Ken Norman,1998,3775000,6862417
Dee Brown,1998,3750000,6816970
Jason Caffey,1998,3675000,6680631
BJ Armstrong,1998,3650000,6635184
Hersey Hawkins,1998,3644000,6624277
Chris Childs,1998,3640000,6617006
Mookie Blaylock,1998,3600000,6544292
Brent Barry,1998,3600000,6544292
Chris Mills,1998,3600000,6544292
Mark Jackson,1998,3600000,6544292
Allen Iverson,1998,3537000,6429766
Chris Mullin,1998,3510000,6380684
Dana Barros,1998,3500000,6362506
Antonio Davis,1998,3500000,6362506
Lamond Murray,1998,3500000,6362506
Clifford Robinson,1998,3500000,6362506
Bobby Phills,1998,3480000,6326148
Jeff Hornacek,1998,3455000,6280702
Bryon Russell,1998,3428000,6231620
Tim Duncan,1998,3413000,6204352
Detlef Schrempf,1998,3333000,6058923
Scott Williams,1998,3300000,5998934
Dan Majerle,1998,3290000,5980755
Armen Gilliam,1998,3244000,5897134
Nick Anderson,1998,3200000,5817148
Stacey Augmon,1998,3200000,5817148
Marcus Camby,1998,3164000,5751705
Bob Sura,1998,3133000,5695351
Andrew Lang,1998,3068000,5577191
Keith Van Horn,1998,3054000,5551741
Pooh Richardson,1998,3030000,5508112
Rodney Rogers,1998,3000000,5453576
Sam Cassell,1998,3000000,5453576
Derek Strong,1998,3000000,5453576
Walt Williams,1998,3000000,5453576
Avery Johnson,1998,3000000,5453576
Grant Long,1998,2977000,5411765
Micheal Williams,1998,2975000,5408130
Doug West,1998,2915000,5299058
Darrell Armstrong,1998,2900000,5271790
Shareef Abdur-Rahim,1998,2842000,5166354
Voshon Lenard,1998,2837000,5157265
Muggsy Bogues,1998,2800000,5090004
Rex Chapman,1998,2800000,5090004
Eric Williams,1998,2780000,5053647
Travis Best,1998,2750000,4999111
Carl Herrera,1998,2742500,4985477
Chauncey Billups,1998,2742000,4984569
Michael Olowokandi,1998,2700000,4908219
Adam Keefe,1998,2650000,4817326
Ervin Johnson,1998,2594000,4715525
Stephon Marbury,1998,2562000,4657354
Greg Minor,1998,2520000,4581004
Dino Radja,1998,2500000,4544647
Mitch Richmond,1998,2500000,4544647
Khalid Reeves,1998,2477000,4502835
Antonio Daniels,1998,2472000,4493747
Don MacLean,1998,2460000,4471932
Pervis Ellison,1998,2420000,4399218
Tyrone Corbin,1998,2400000,4362861
Travis Knight,1998,2400000,4362861
Mike Bibby,1998,2400000,4362861
Popeye Jones,1998,2381000,4328322
Tracy Murray,1998,2380000,4326504
Doug Christie,1998,2353000,4277421
Michael Cage,1998,2350000,4271968
James Robinson,1998,2337500,4249245
Ray Allen,1998,2320000,4217432
Anthony Peeler,1998,2254000,4097453
Brent Price,1998,2240000,4072003
Tony Battie,1998,2238000,4068368
Eddie Jones,1998,2200000,3999289
Sherman Douglas,1998,2200000,3999289
Michael Smith,1998,2180000,3962932
Corie Blount,1998,2162500,3931119
Rex Walters,1998,2162500,3931119
David Wesley,1998,2160000,3926575
Dean Garrett,1998,2160000,3926575
Raef LaFrentz,1998,2150000,3908396
Jalen Rose,1998,2145000,3899307
Antoine Walker,1998,2107000,3830228
Mark Strickland,1998,2100000,3817503
Kevin Willis,1998,2100000,3817503
Mark Bryant,1998,2050000,3726610
Lindsey Hunter,1998,2050000,3726610
Haywoode Workman,1998,2040000,3708431
Ron Mercer,1998,2033000,3695707
Elliot Perry,1998,2000000,3635717
Bimbo Coles,1998,2000000,3635717
Cherokee Parks,1998,2000000,3635717
Gerald Wilkins,1998,2000000,3635717
Carlos Rogers,1998,2000000,3635717
Antawn Jamison,1998,1940000,3526646
Lorenzen Wright,1998,1923000,3495742
Erick Strickland,1998,1920000,3490289
Nick Van Exel,1998,1900000,3453931
Tim Thomas,1998,1856000,3373946
Sam Perkins,1998,1785000,3244878
Steve Kerr,1998,1774000,3224881
Kerry Kittles,1998,1762000,3203067
Eric Montross,1998,1760000,3199431
Vince Carter,1998,1760000,3199431
LaPhonso Ellis,1998,1750000,3181253
Eric Murdock,1998,1750000,3181253
John Williams,1998,1750000,3181253
Rick Fox,1998,1750000,3181253
Clarence Weatherspoon,1998,1750000,3181253
Vinny Del Negro,1998,1750000,3181253
Joe Smith,1998,1750000,3181253
Kurt Thomas,1998,1750000,3181253
Billy Owens,1998,1750000,3181253
Dale Ellis,1998,1750000,3181253
Jim Jackson,1998,1750000,3181253
Mario Elie,1998,1750000,3181253
Terry Davis,1998,1750000,3181253
Dennis Scott,1998,1725000,3135805
Adonal Foyle,1998,1701000,3092177
Lucious Harris,1998,1680000,3054002
Sean Rooks,1998,1680000,3054002
Buck Williams,1998,1670000,3035824
Yinka Dare,1998,1657000,3012192
Felton Spencer,1998,1650000,2999467
Eric Piatkowski,1998,1650000,2999467
Kevin Gamble,1998,1645000,2990377
Doug Edwards,1998,1625000,2954020
Samaki Walker,1998,1619880,2944713
Robert Traylor,1998,1590000,2890395
Tracy McGrady,1998,1563000,2841313
Bill Curley,1998,1544000,2806774
Lee Mayberry,1998,1540000,2799502
Erick Dampier,1998,1538000,2795866
Danny Fortson,1998,1485000,2699520
Dirk Nowitzki,1998,1472640,2677051
Todd Fuller,1998,1461000,2655891
Jason Williams,1998,1460000,2654073
Duane Causwell,1998,1454000,2643166
Andrew DeClercq,1998,1440000,2617716
Keith Closs,1998,1440000,2617716
Chris Whitney,1998,1440000,2617716
Duane Ferrell,1998,1430000,2599538
Aaron McKie,1998,1430000,2599538
Tariq Abdul-Wahad,1998,1411000,2564998
B.J. Tyler,1998,1411000,2564998
Howard Eisley,1998,1400000,2545002
Austin Croshere,1998,1340000,2435930
Vitaly Potapenko,1998,1339000,2434113
Larry Hughes,1998,1330000,2417752
Randy Brown,1998,1320000,2399573
Tim Legler,1998,1320000,2399573
Kobe Bryant,1998,1319000,2397755
Lorenzo Williams,1998,1316000,2392302
Shandon Anderson,1998,1300000,2363216
Scot Pollard,1998,1290920,2346709
Derek Anderson,1998,1273000,2314134
Charlie Ward,1998,1221000,2219605
Maurice Taylor,1998,1209000,2197791
Steve Nash,1998,1190760,2164633
Paul Pierce,1998,1165000,2117805
Terry Cummings,1998,1150000,2090537
Bo Outlaw,1998,1150000,2090537
Kelvin Cato,1998,1149000,2088719
Terry Mills,1998,1145000,2081448
Tony Delk,1998,1131000,2055998
Terry Dehere,1998,1112500,2022367
John Crotty,1998,1104000,2006915
Bonzi Wells,1998,1100000,1999644
Brevin Knight,1998,1092000,1985101
Jermaine O'Neal,1998,1075000,1954198
Michael Doleac,1998,1050000,1908751
Johnny Taylor,1998,1037000,1885119
John Wallace,1998,1021000,1856033
Anthony Johnson,1998,1000000,1817858
Mark West,1998,1000000,1817858
Chris Carr,1998,1000000,1817858
Scott Burrell,1998,1000000,1817858
Joe Wolf,1998,1000000,1817858
Bill Wennington,1998,1000000,1817858
Johnny Newman,1998,1000000,1817858
Gary Trent,1998,1000000,1817858
Keon Clark,1998,1000000,1817858
Joe Dumars,1998,1000000,1817858
Charles Barkley,1998,1000000,1817858
Dennis Rodman,1998,1000000,1817858
Derek Harper,1998,1000000,1817858
Terry Porter,1998,1000000,1817858
Dell Curry,1998,1000000,1817858
Malik Sealy,1998,1000000,1817858
David Wingate,1998,1000000,1817858
Herb Williams,1998,1000000,1817858
Olden Polynice,1998,1000000,1817858
Danny Schayes,1998,1000000,1817858
Dominique Wilkins,1998,1000000,1817858
George Lynch,1998,1000000,1817858
Harvey Grant,1998,1000000,1817858
Rick Mahorn,1998,1000000,1817858
Joe Kleine,1998,1000000,1817858
Chris Morris,1998,1000000,1817858
Gary Grant,1998,1000000,1817858
Greg Anthony,1998,1000000,1817858
Vernon Maxwell,1998,1000000,1817858
Jerome Kersey,1998,1000000,1817858
Michael Stewart,1998,1000000,1817858
Chris Anstey,1998,985200,1790954
Walter McCarty,1998,975000,1772412
Dontae' Jones,1998,953856,1733975
Michael Dickerson,1998,949600,1726238
Zydrunas Ilgauskas,1998,936000,1701515
Paul Grant,1998,903240,1641962
Tony Massenburg,1998,900000,1636073
Matt Harpring,1998,900000,1636073
Anthony Parker,1998,867120,1576301
Randolph Childress,1998,866320,1574847
Roy Rogers,1998,862560,1568012
Bryce Drew,1998,857000,1557905
Chucky Brown,1998,850000,1545180
Jud Buechler,1998,850000,1545180
Blue Edwards,1998,850000,1545180
Thurl Bailey,1998,850000,1545180
Eric Snow,1998,846300,1538453
Ed Gray,1998,832440,1513258
Don Reid,1998,800000,1454287
Ben Wallace,1998,800000,1454287
Bobby Jackson,1998,799200,1452832
Derek Fisher,1998,795000,1445197
J.R. Reid,1998,780000,1417929
Radoslav Nesterovic,1998,775750,1410204
Martin Muursepp,1998,763200,1387389
Cedric Ceballos,1998,750000,1363394
George McCloud,1998,750000,1363394
Roshown McLeod,1998,740000,1345215
Pat Garrity,1998,740000,1345215
Mirsad Turkcan,1998,739400,1344124
Jerome Williams,1998,737880,1341361
John Thomas,1998,737000,1339762
Keith Askins,1998,725000,1317947
Priest Lauderdale,1998,712200,1294679
Pete Chilcutt,1998,700000,1272501
Jacque Vaughn,1998,691560,1257158
Keith Booth,1998,687240,1249305
Brian Evans,1998,686780,1248469
Ricky Davis,1998,680000,1236144
Dwayne Schintzius,1998,662500,1204331
Marty Conlon,1998,662500,1204331
Brian Skinner,1998,653500,1187970
Hubert Davis,1998,645000,1172518
Rodrick Rhodes,1998,639300,1162157
Ruben Patterson,1998,628500,1142524
Fred Hoiberg,1998,600000,1090715
Felipe Lopez,1998,600000,1090715
Doug Overton,1998,600000,1090715
Jon Barry,1998,600000,1090715
Oliver Miller,1998,600000,1090715
Greg Foster,1998,588000,1068901
Aaron Williams,1998,575000,1045268
Lawrence Funderburke,1998,575000,1045268
Sam Jacobson,1998,559000,1016183
Michael Curry,1998,550000,999822
Sam Mack,1998,545000,990733
Al Harrington,1998,543000,987097
Vladimir Stepania,1998,543000,987097
Corey Benjamin,1998,540000,981643
Eric Riley,1998,537500,977099
Charles Shackleford,1998,537500,977099
Mitchell Butler,1998,537500,977099
Negele Knight,1998,537500,977099
Nazr Mohammed,1998,535000,972554
Eric Washington,1998,520000,945286
Bruce Bowen,1998,507000,921654
Craig Ehlo,1998,504082,916349
Marcus Brown,1998,500000,908929
Corliss Williamson,1998,500000,908929
Gheorghe Muresan,1998,475000,863482
Jeff Sanders,1998,475000,863482
Anthony Miller,1998,475000,863482
David Vaughn,1998,450000,818036
Loren Meyer,1998,450000,818036
Jamie Feick,1998,425000,772590
Mark Hendrickson,1998,425000,772590
Corey Beck,1998,425000,772590
Ben Davis,1998,425000,772590
Horacio Llamas Grey,1998,425000,772590
Malik Rose,1998,425000,772590
Reggie Slater,1998,400000,727143
Mark Pope,1998,382000,694422
Chris Robinson,1998,375000,681697
Chris Crawford,1998,350000,636250
William Cunningham,1998,350000,636250
Rusty Larue,1998,350000,636250
DeJuan Wheat,1998,350000,636250
Adonis Jordan,1998,350000,636250
Rick Brunson,1998,350000,636250
Moochie Norris,1998,350000,636250
Drew Barry,1998,350000,636250
Marko Milic,1998,350000,636250
Michael Hawkins,1998,350000,636250
Andrew Gaze,1998,350000,636250
Jeff McInnis,1998,350000,636250
John Coker,1998,350000,636250
Charles O'Bannon,1998,320000,581714
Bubba Wells,1998,312000,567171
Jerald Honeycutt,1998,300000,545357
Jeffrey Sheppard,1998,287500,522634
Damon Jones,1998,287500,522634
Marlon Garnett,1998,287500,522634
Brad Miller,1998,287500,522634
Kornel David,1998,287500,522634
Charles Jones,1998,287500,522634
Cory Carr,1998,287500,522634
Earl Boykins,1998,287500,522634
Ryan Stack,1998,287500,522634
Ansu Sesay,1998,287500,522634
Bruno Sundov,1998,287500,522634
Kelly McCarty,1998,287500,522634
Korleone Young,1998,287500,522634
Cuttino Mobley,1998,287500,522634
Mate Skelin,1998,287500,522634
Troy Hudson,1998,287500,522634
Tyrone Nesby,1998,287500,522634
Tyronn Lue,1998,287500,522634
J.R. Henderson,1998,287500,522634
Makhtar N'Diaye,1998,287500,522634
Andrae Patterson,1998,287500,522634
Trevor Winter,1998,287500,522634
Jelani McCoy,1998,287500,522634
Rashard Lewis,1998,287500,522634
Jonathan Kerner,1998,287500,522634
Miles Simon,1998,287500,522634
Casey Shaw,1998,287500,522634
Randy Livingston,1998,287500,522634
Gerald Brown,1998,287500,522634
Toby Bailey,1998,287500,522634
Nikita Morgunov,1998,287500,522634
Jerome James,1998,287500,522634
Gerard King,1998,287500,522634
Brandon Williams,1998,287500,522634
Sean Marks,1998,287500,522634
Paul Rogers,1998,287500,522634
Randell Jackson,1998,287500,522634
Shaquille O'Neal,1999,17142858,30563281
Kevin Garnett,1999,16806300,29963246
Alonzo Mourning,1999,15004800,26751427
Patrick Ewing,1999,15000000,26742870
Juwan Howard,1999,15000000,26742870
Scottie Pippen,1999,14795642,26378528
Hakeem Olajuwon,1999,14302001,25498436
Karl Malone,1999,14000000,24960012
Dikembe Mutombo,1999,12820249,22856683
Jayson Williams,1999,12375000,22062867
Rik Smits,1999,12250000,21840010
Larry Johnson,1999,11910714,21235111
David Robinson,1999,11592683,20668107
Gary Payton,1999,11020473,19647938
Chris Webber,1999,11000000,19611438
John Stockton,1999,11000000,19611438
Rasheed Wallace,1999,10800000,19254866
Shawn Kemp,1999,10780000,19219209
Damon Stoudamire,1999,10125000,18051437
Mitch Richmond,1999,10000000,17828580
Rod Strickland,1999,10000000,17828580
Antonio McDyess,1999,9900000,17650294
Arvydas Sabonis,1999,9818481,17504957
Reggie Miller,1999,9031850,16102506
Antoine Walker,1999,9000000,16045722
Stephon Marbury,1999,9000000,16045722
Zydrunas Ilgauskas,1999,9000000,16045722
Charles Barkley,1999,9000000,16045722
Kobe Bryant,1999,9000000,16045722
Shareef Abdur-Rahim,1999,9000000,16045722
Ray Allen,1999,9000000,16045722
Latrell Sprewell,1999,9000000,16045722
Vin Baker,1999,9000000,16045722
Allen Iverson,1999,9000000,16045722
Anfernee Hardaway,1999,9000000,16045722
Vlade Divac,1999,8837774,15756496
Bryant Reeves,1999,8666666,15451434
Tom Gugliotta,1999,8558535,15258652
Nick Van Exel,1999,8354614,14895090
Allan Houston,1999,8000000,14262864
Elden Campbell,1999,7975000,14218292
Brian Grant,1999,7680862,13693886
Shawn Bradley,1999,7560000,13478406
Terrell Brandon,1999,7400000,13193149
Derrick Coleman,1999,7370000,13139663
Glenn Robinson,1999,7250000,12925720
Michael Finley,1999,7200000,12836577
Steve Smith,1999,7200000,12836577
Kerry Kittles,1999,7166666,12777147
Chris Dudley,1999,7100000,12658291
Theo Ratliff,1999,7031250,12535720
Glen Rice,1999,7000000,12480006
Grant Hill,1999,6939000,12371251
Matt Geiger,1999,6889520,12283035
Jason Kidd,1999,6858335,12227437
Danny Manning,1999,6833333,12182862
Kenny Anderson,1999,6680000,11909491
Tyrone Hill,1999,6422400,11450227
Clifford Robinson,1999,6125000,10920005
Christian Laettner,1999,6062500,10808576
Horace Grant,1999,5952381,10612250
Bison Dele,1999,5770000,10287090
Kendall Gill,1999,5600000,9984004
Jamal Mashburn,1999,5600000,9984004
Steve Nash,1999,5500000,9805719
Sean Elliott,1999,5433333,9686861
Isaiah Rider,1999,5410000,9645261
Alan Henderson,1999,5318437,9482017
Will Perdue,1999,5300000,9449147
Bryant Stith,1999,5290000,9431318
Donyell Marshall,1999,5250000,9360004
Marcus Camby,1999,5250000,9360004
Charles Oakley,1999,5236000,9335044
Greg Ostertag,1999,5200000,9270861
Jeff Hornacek,1999,5200000,9270861
Luc Longley,1999,5175000,9226290
PJ Brown,1999,5124800,9136790
Jermaine O'Neal,1999,5075000,9048004
Nick Anderson,1999,5051906,9006831
Erick Dampier,1999,4988000,8892895
Wesley Person,1999,4900000,8736004
Chris Gatling,1999,4875200,8691789
Anthony Mason,1999,4860100,8664868
Isaac Austin,1999,4819451,8592396
Jim McIlvaine,1999,4800000,8557718
Derrick McKey,1999,4800000,8557718
Robert Horry,1999,4800000,8557718
Tim Hardaway,1999,4800000,8557718
Jerry Stackhouse,1999,4781250,8524289
Charlie Ward,1999,4540000,8094175
Toni Kukoc,1999,4500000,8022861
Dale Davis,1999,4490000,8005032
Lorenzen Wright,1999,4400000,7844575
Chris Mills,1999,4200000,7488003
Mookie Blaylock,1999,4200000,7488003
Antonio Davis,1999,4200000,7488003
Loy Vaught,1999,4180000,7452346
Hersey Hawkins,1999,4164100,7423999
Chris Childs,1999,4160000,7416689
Darrell Armstrong,1999,4125000,7354289
Chris Mullin,1999,4079100,7272456
Bobby Phills,1999,4060000,7238403
Robert Pack,1999,4050000,7220574
Armen Gilliam,1999,4019200,7165662
John Starks,1999,4000000,7131432
Danny Ferry,1999,4000000,7131432
Mark Jackson,1999,4000000,7131432
Dee Brown,1999,4000000,7131432
Bryon Russell,1999,4000000,7131432
Stacey Augmon,1999,3960000,7060117
Brent Barry,1999,3960000,7060117
Jason Caffey,1999,3937500,7020003
Tim Duncan,1999,3858240,6878694
Vitaly Potapenko,1999,3810000,6792688
Bob Sura,1999,3760000,6703546
Walt Williams,1999,3750000,6685717
Scott Williams,1999,3750000,6685717
Michael Smith,1999,3660000,6525260
Dan Majerle,1999,3600000,6418288
Corliss Williamson,1999,3560000,6346974
Dana Barros,1999,3500000,6240003
Cedric Ceballos,1999,3500000,6240003
Sam Cassell,1999,3500000,6240003
Michael Olowokandi,1999,3456240,6161985
Keith Van Horn,1999,3451920,6154283
Elton Brand,1999,3375960,6018857
Eric Williams,1999,3336000,5947614
Voshon Lenard,1999,3308516,5898614
Doug West,1999,3295000,5874517
Travis Best,1999,3250000,5794288
Avery Johnson,1999,3200000,5705145
Michael Stewart,1999,3200000,5705145
Derek Strong,1999,3159000,5632048
Rex Chapman,1999,3150000,5616002
Chauncey Billups,1999,3100080,5527002
Mike Bibby,1999,3092400,5513310
Rick Fox,1999,3033000,5407408
Steve Francis,1999,3020520,5385158
Lamond Murray,1999,3000000,5348574
Derek Fisher,1999,3000000,5348574
Gerald Wilkins,1999,3000000,5348574
Eric Snow,1999,3000000,5348574
Adam Keefe,1999,3000000,5348574
Ervin Johnson,1999,2951029,5261265
Brent Price,1999,2944000,5248733
Greg Minor,1999,2880000,5134631
Don MacLean,1999,2800000,4992002
Travis Knight,1999,2800000,4992002
Antonio Daniels,1999,2794920,4982945
Raef LaFrentz,1999,2777160,4951281
Pervis Ellison,1999,2750000,4902859
Doug Christie,1999,2742600,4889666
Tracy Murray,1999,2720000,4849373
Tyrone Nesby,1999,2716667,4843431
Samaki Walker,1999,2716667,4843431
Baron Davis,1999,2712480,4835966
Matt Maloney,1999,2681250,4780287
Kevin Willis,1999,2625000,4680002
Terry Cummings,1999,2600000,4635430
Jerome Williams,1999,2550000,4546287
Tony Battie,1999,2530920,4512270
David Wesley,1999,2520000,4492802
Dean Garrett,1999,2520000,4492802
Antawn Jamison,1999,2503800,4463919
Walter McCarty,1999,2500000,4457145
Eddie Jones,1999,2500000,4457145
Anthony Peeler,1999,2495500,4449122
Jaren Jackson Jr,1999,2483333,4427430
Lamar Odom,1999,2445480,4359943
Jalen Rose,1999,2437500,4345716
Cedric Henderson,1999,2400000,4278859
Lawrence Funderburke,1999,2400000,4278859
James Robinson,1999,2376667,4237259
Lindsey Hunter,1999,2350000,4189716
Mark Strickland,1999,2302400,4104852
Bimbo Coles,1999,2300000,4100573
Ron Mercer,1999,2298840,4098505
Malik Rose,1999,2285000,4073830
Dino Radja,1999,2270500,4047979
Vince Carter,1999,2267280,4042238
Erick Strickland,1999,2240000,3993601
Jonathan Bender,1999,2214600,3948317
Carlos Rogers,1999,2100000,3744001
Joe Smith,1999,2100000,3744001
Dell Curry,1999,2100000,3744001
Tim Thomas,1999,2098560,3741434
Dale Ellis,1999,2095250,3735533
Billy Owens,1999,2090000,3726173
Scot Pollard,1999,2063680,3679248
Robert Traylor,1999,2059320,3671475
Othella Harrington,1999,2025000,3610287
Wally Szczerbiak,1999,2011440,3586111
Chris Crawford,1999,2000000,3565716
Calbert Cheaney,1999,2000000,3565716
Elliot Perry,1999,2000000,3565716
Jamie Feick,1999,2000000,3565716
Mark Bryant,1999,2000000,3565716
Gary Trent,1999,2000000,3565716
George McCloud,1999,2000000,3565716
Eric Montross,1999,2000000,3565716
Michael Curry,1999,2000000,3565716
Shandon Anderson,1999,2000000,3565716
Eric Piatkowski,1999,2000000,3565716
Ron Harper,1999,2000000,3565716
Grant Long,1999,2000000,3565716
Otis Thorpe,1999,2000000,3565716
J.R. Reid,1999,2000000,3565716
Sam Mitchell,1999,2000000,3565716
John Wallace,1999,2000000,3565716
Bo Outlaw,1999,2000000,3565716
George Lynch,1999,2000000,3565716
Rodney Rogers,1999,2000000,3565716
Detlef Schrempf,1999,2000000,3565716
Terry Porter,1999,2000000,3565716
Olden Polynice,1999,2000000,3565716
Cory Alexander,1999,1980000,3530058
Steve Kerr,1999,1968750,3510001
Jim Jackson,1999,1925000,3432001
LaPhonso Ellis,1999,1925000,3432001
Hot Rod Williams,1999,1925000,3432001
Sam Perkins,1999,1925000,3432001
Eric Murdock,1999,1925000,3432001
Cherokee Parks,1999,1925000,3432001
Clarence Weatherspoon,1999,1925000,3432001
Vinny Del Negro,1999,1925000,3432001
Kurt Thomas,1999,1925000,3432001
Terry Davis,1999,1925000,3432001
Mario Elie,1999,1925000,3432001
Alvin Williams,1999,1925000,3432001
Adonal Foyle,1999,1922520,3427580
Lucious Harris,1999,1920000,3423087
Sean Rooks,1999,1920000,3423087
Yinka Dare,1999,1893500,3375841
Jason Williams,1999,1879920,3351630
Kevin Gamble,1999,1868750,3331715
Richard Hamilton,1999,1836240,3273755
Tom Hammonds,1999,1800000,3209144
Tracy McGrady,1999,1767120,3150524
Keith Askins,1999,1752400,3124280
Larry Hughes,1999,1722240,3070509
A.C. Green,1999,1700000,3030858
Duane Causwell,1999,1696387,3024417
Andre Miller,1999,1682280,2999266
Andrew DeClercq,1999,1680000,2995201
Keith Closs,1999,1680000,2995201
Chris Whitney,1999,1680000,2995201
Danny Fortson,1999,1678800,2993062
Tim Legler,1999,1629000,2904275
Duane Ferrell,1999,1625000,2897144
Aaron McKie,1999,1624000,2895361
B.J. Tyler,1999,1614000,2877532
Brian Shaw,1999,1610000,2870400
Greg Foster,1999,1603861,2859456
Tariq Abdul-Wahad,1999,1594920,2843515
Dirk Nowitzki,1999,1583040,2822335
Howard Eisley,1999,1560000,2781258
Shawn Marion,1999,1546320,2756868
Lorenzo Williams,1999,1540000,2745601
Austin Croshere,1999,1515120,2701243
Paul Pierce,1999,1503960,2681347
Dickey Simpkins,1999,1500000,2674287
Jason Terry,1999,1468920,2618875
Derek Anderson,1999,1439400,2566245
Vernon Maxwell,1999,1430000,2549486
Bonzi Wells,1999,1428720,2547204
Trajan Langdon,1999,1394280,2485803
Maurice Taylor,1999,1367400,2437880
Michael Doleac,1999,1357320,2419908
Matt Bullard,1999,1333333,2377143
Aleksandar Radojevic,1999,1325760,2363641
Predrag Stojakovic,1999,1310400,2336257
Kelvin Cato,1999,1299000,2315932
Keon Clark,1999,1289400,2298817
Corey Maggette,1999,1259400,2245331
John Crotty,1999,1237000,2205395
Brevin Knight,1999,1234080,2200189
Michael Dickerson,1999,1224960,2183929
Randy Brown,1999,1200000,2139429
Harvey Grant,1999,1200000,2139429
Gary Grant,1999,1200000,2139429
William Avery,1999,1196520,2133225
Johnny Taylor,1999,1172400,2090222
Matt Harpring,1999,1163760,2074818
Tony Massenburg,1999,1150000,2050286
Chris Anstey,1999,1113720,1985604
Bryce Drew,1999,1105560,1971056
Johnny Newman,1999,1100000,1961143
Eldridge Recasner,1999,1100000,1961143
Jud Buechler,1999,1100000,1961143
Derek Harper,1999,1100000,1961143
Zan Tabak,1999,1100000,1961143
Dennis Scott,1999,1100000,1961143
Rex Walters,1999,1100000,1961143
Malik Sealy,1999,1100000,1961143
Anthony Johnson,1999,1100000,1961143
Corie Blount,1999,1100000,1961143
Greg Anthony,1999,1100000,1961143
Aaron Williams,1999,1100000,1961143
Metta World Peace,1999,1079760,1925058
Radoslav Nesterovic,1999,1050240,1872428
Cal Bowdler,1999,1025880,1828998
Paul Grant,1999,1021080,1820440
Sherman Douglas,1999,1000000,1782858
Scott Burrell,1999,1000000,1782858
Don Reid,1999,1000000,1782858
Eddie Johnson,1999,1000000,1782858
Antoine Carr,1999,1000000,1782858
Jelani McCoy,1999,1000000,1782858
Jerome Kersey,1999,1000000,1782858
Anthony Parker,1999,980280,1747700
James Posey,1999,974520,1737430
Pat Garrity,1999,952800,1698707
Frederic Weis,1999,947200,1688723
Ed Gray,1999,941040,1677740
Quincy Lewis,1999,930720,1659341
Roshown McLeod,1999,914760,1630887
Bobby Jackson,1999,903360,1610562
Ruben Patterson,1999,900000,1604572
Ben Wallace,1999,893750,1593429
Dion Glover,1999,893400,1592805
Ricky Davis,1999,878160,1565634
Jeff Foster,1999,857760,1529264
Brian Skinner,1999,843000,1502949
John Thomas,1999,832560,1484336
Mirsad Turkcan,1999,830745,1481100
Kenny Thomas,1999,823440,1468076
Tyronn Lue,1999,809280,1442831
Fred Hoiberg,1999,800000,1426286
Jon Barry,1999,800000,1426286
Devean George,1999,790440,1409242
Jacque Vaughn,1999,781800,1393838
Charles Smith,1999,779960,1390557
Keith Booth,1999,776880,1385066
Hubert Davis,1999,752500,1341600
Al Harrington,1999,745800,1329655
Sam Jacobson,1999,743727,1325959
Tim James,1999,728520,1298847
Rodrick Rhodes,1999,722000,1287222
Vonteego Cummings,1999,704400,1255845
Vladimir Stepania,1999,700320,1248571
Corey Benjamin,1999,696000,1240869
Nazr Mohammed,1999,690960,1231883
Jumaine Jones,1999,684000,1219474
Scott Padgett,1999,679800,1211986
Efthimios Rentzias,1999,658700,1174368
Andrei Kirilenko,1999,632400,1127479
Eddie Robinson,1999,600000,1069714
Doug Overton,1999,592000,1055451
Darrick Martin,1999,572500,1020686
Eric Washington,1999,550000,980571
Dwayne Schintzius,1999,550000,980571
Ansu Sesay,1999,535000,953829
Toby Bailey,1999,535000,953829
Gheorghe Muresan,1999,510000,909257
Jack Haley,1999,510000,909257
Michael Cage,1999,510000,909257
Chucky Brown,1999,510000,909257
Bruce Bowen,1999,510000,909257
BJ Armstrong,1999,510000,909257
Terry Mills,1999,510000,909257
Joe Dumars,1999,510000,909257
Tony Farmer,1999,510000,909257
Thomas Hamilton,1999,510000,909257
LaSalle Thompson,1999,510000,909257
Anthony Avent,1999,510000,909257
John Salley,1999,510000,909257
Byron Scott,1999,510000,909257
Blue Edwards,1999,510000,909257
Ed Pinckney,1999,510000,909257
Willie Anderson,1999,510000,909257
Haywoode Workman,1999,510000,909257
Jerome Allen,1999,510000,909257
Ricky Pierce,1999,510000,909257
David Wingate,1999,510000,909257
Andrew Lang,1999,510000,909257
Emanual Davis,1999,510000,909257
Chuck Person,1999,510000,909257
Monty Williams,1999,510000,909257
Rick Mahorn,1999,510000,909257
Oliver Miller,1999,510000,909257
Todd Day,1999,510000,909257
Mark West,1999,510000,909257
Antonio Harvey,1999,510000,909257
Joe Kleine,1999,510000,909257
Bill Wennington,1999,510000,909257
Tyrone Corbin,1999,510000,909257
Felton Spencer,1999,510000,909257
Muggsy Bogues,1999,510000,909257
Pete Chilcutt,1999,510000,909257
Thurl Bailey,1999,510000,909257
John Coker,1999,510000,909257
Reggie Jordan,1999,510000,909257
Pooh Richardson,1999,505882,901915
Shammond Williams,1999,500000,891429
Todd Fuller,1999,485000,864686
Roy Rogers,1999,485000,864686
Amal McCaskill,1999,485000,864686
Rick Brunson,1999,485000,864686
Fred Vinson,1999,485000,864686
Randy Livingston,1999,485000,864686
Tony Delk,1999,485000,864686
Michael Hawkins,1999,465029,829080
James Cotton,1999,460000,820114
Mikki Moore,1999,460000,820114
Mark Pope,1999,460000,820114
Troy Hudson,1999,460000,820114
DeJuan Wheat,1999,460000,820114
Darvin Ham,1999,460000,820114
Jeff McInnis,1999,460000,820114
Jerald Honeycutt,1999,460000,820114
Andrew Gaze,1999,460000,820114
Gerard King,1999,460000,820114
Leon Smith,1999,449920,802143
Kevin Ollie,1999,425088,757871
Michael Ruffin,1999,401875,716486
Jeffrey Sheppard,1999,385000,686400
Adrian Griffin,1999,385000,686400
Brad Miller,1999,385000,686400
Ryan Stack,1999,385000,686400
Bruno Sundov,1999,385000,686400
Cuttino Mobley,1999,385000,686400
Brent Scott,1999,385000,686400
Mate Skelin,1999,385000,686400
Charles Jones,1999,385000,686400
Shea Seals,1999,385000,686400
Anthony Carter,1999,385000,686400
Andrae Patterson,1999,385000,686400
Rashard Lewis,1999,385000,686400
Chucky Atkins,1999,385000,686400
John Amaechi,1999,385000,686400
Makhtar N'Diaye,1999,385000,686400
Miles Simon,1999,385000,686400
Gerald Brown,1999,385000,686400
Nikita Morgunov,1999,385000,686400
Sean Marks,1999,385000,686400
Jahidi White,1999,385000,686400
Marty Conlon,1999,343588,612567
Sam Mack,1999,315000,561600
Jermaine Jackson,1999,302875,539983
Evan Eschmeyer,1999,301875,538200
Ryan Bowen,1999,301875,538200
Chris Herren,1999,301875,538200
Tim Young,1999,301875,538200
Shannon Smith,1999,301875,538200
John Celestand,1999,301875,538200
Milt Palacio,1999,301875,538200
Obinna Ekezie,1999,301875,538200
Harold Jamison,1999,301875,538200
Rodney Buford,1999,301875,538200
Rafer Alston,1999,301875,538200
Lazaro Borrell,1999,301875,538200
Todd MacCulloch,1999,301875,538200
Ryan Robertson,1999,301875,538200
Derrick Dial,1999,301875,538200
Calvin Booth,1999,301875,538200
Laron Profit,1999,301875,538200
Jamie Watson,1999,250000,445714
Dominique Wilkins,1999,250000,445714
Danny Schayes,1999,211765,377546
Kornel David,1999,202941,361814
Damon Jones,1999,176647,314936
Mitchell Butler,1999,150000,267428
Dedric Willoughby,1999,134956,240607
Benoit Benjamin,1999,123529,220234
A.J. Bramlett,1999,118974,212113
Bill Curley,1999,117867,210140
Randell Jackson,1999,115500,205920
Rick Hughes,1999,115423,205782
DeMarco Johnson,1999,111871,199450
Mark Davis,1999,106000,188982
Stanley Roberts,1999,102824,183320
Corey Brewer,1999,100000,178285
Jermaine Walker,1999,100000,178285
Lou Roe,1999,97412,173671
Lari Ketner,1999,92338,164625
Chris Carr,1999,90000,160456
Joe Stephens,1999,88441,157677
Earl Boykins,1999,88324,157469
Devin Gray,1999,88223,157289
Drew Barry,1999,62765,111901
Mark Hendrickson,1999,62764,111899
Kiwane Garris,1999,61147,109016
Jamel Thomas,1999,58599,104473
Eric Riley,1999,50206,89510
Adrian Caldwell,1999,50000,89142
Terry Dehere,1999,50000,89142
Derek Hood,1999,49721,88645
Greg Buckner,1999,47647,84947
Ben Davis,1999,45847,81738
Marcus Brown,1999,43294,77187
Rusty Larue,1999,40588,72362
Tyrone Grant,1999,37290,66482
Brandon Williams,1999,35176,62713
Bakari Hendrix,1999,31706,56527
Khalid Reeves,1999,30309,54036
Wayne Turner,1999,30000,53485
Anthony Miller,1999,30000,53485
Casey Shaw,1999,25000,44571
LaMarcus Golden,1999,25000,44571
Mike Brown,1999,25000,44571
Art Long,1999,25000,44571
Jason Lawson,1999,25000,44571
Maceo Baston,1999,20000,35657
Brett Robisch,1999,20000,35657
Kebu Stewart,1999,18941,33769
Jason Miskiri,1999,15982,28493
Louis Bullock,1999,10000,17828
Robert Werdann,1999,7471,13319
Jimmy Oliver,1999,7471,13319
John Morton,1999,6735,12007
Andy Panko,1999,5000,8914
Jonathan Kerner,1999,5000,8914
Ira Bowman,1999,4529,8074
Trevor Winter,1999,4529,8074
Steve Goodrich,1999,4529,8074
Jason Sasser,1999,2706,4824
Kevin Garnett,2000,19610000,33704516
Shaquille O'Neal,2000,19285715,33147154
Alonzo Mourning,2000,16880000,29012353
Juwan Howard,2000,16875000,29003759
Hakeem Olajuwon,2000,16700000,28702979
Karl Malone,2000,15750000,27070175
David Robinson,2000,14700000,25265497
Dikembe Mutombo,2000,14400000,24749874
Patrick Ewing,2000,14000000,24062378
Jayson Williams,2000,13800000,23718629
Scottie Pippen,2000,13750000,23632692
Rasheed Wallace,2000,12600000,21656140
Gary Payton,2000,12200000,20968643
Tim Hardaway,2000,12000000,20624895
Chris Webber,2000,12000000,20624895
Shawn Kemp,2000,11720000,20143648
Damon Stoudamire,2000,11250000,19335839
Arvydas Sabonis,2000,11250000,19335839
Larry Johnson,2000,11000000,18906154
John Stockton,2000,11000000,18906154
Antonio McDyess,2000,10800000,18562406
Reggie Miller,2000,10670000,18338969
Antoine Walker,2000,10130000,17410849
Stephon Marbury,2000,10130000,17410849
Zydrunas Ilgauskas,2000,10130000,17410849
Kobe Bryant,2000,10130000,17410849
Shareef Abdur-Rahim,2000,10130000,17410849
Ray Allen,2000,10130000,17410849
Vin Baker,2000,10130000,17410849
Allen Iverson,2000,10130000,17410849
Anfernee Hardaway,2000,10130000,17410849
Latrell Sprewell,2000,10125000,17402255
Bryant Reeves,2000,10110000,17376474
Mitch Richmond,2000,10000000,17187412
Rod Strickland,2000,10000000,17187412
Jalen Rose,2000,9660000,16603040
Grant Hill,2000,9660000,16603040
Tracy McGrady,2000,9660000,16603040
Tim Duncan,2000,9660000,16603040
Vlade Divac,2000,9640000,16568666
Tom Gugliotta,2000,9360000,16087418
Nick Van Exel,2000,9200000,15812419
Keith Van Horn,2000,9000000,15468671
Allan Houston,2000,9000000,15468671
Eddie Jones,2000,8960000,15399922
Brian Grant,2000,8900000,15296797
Tim Thomas,2000,8510000,14626488
Michael Finley,2000,8400000,14437426
Shawn Bradley,2000,8370000,14385864
Terrell Brandon,2000,8330000,14317115
Glenn Robinson,2000,8120000,13956179
Steve Smith,2000,8100000,13921804
Elden Campbell,2000,8050000,13835867
Danny Manning,2000,8030000,13801492
Derrick Coleman,2000,8000000,13749930
Avery Johnson,2000,8000000,13749930
Theo Ratliff,2000,7800000,13406182
Kerry Kittles,2000,7770000,13354619
Jason Kidd,2000,7680000,13199933
Glen Rice,2000,7578900,13026168
Kenny Anderson,2000,7520000,12924934
Matt Geiger,2000,7515840,12917784
Tyrone Hill,2000,7300000,12546811
Kendall Gill,2000,7000000,12031189
Clifford Robinson,2000,6890000,11842127
Christian Laettner,2000,6625000,11386661
Horace Grant,2000,6500000,11171818
Jamal Mashburn,2000,6200000,10656196
Chris Dudley,2000,6200000,10656196
Toni Kukoc,2000,6000000,10312447
Dale Davis,2000,6000000,10312447
Bryant Stith,2000,5920000,10174948
Alan Henderson,2000,5910000,10157761
Charles Oakley,2000,5760000,9899949
Marcus Camby,2000,5750000,9882762
Luc Longley,2000,5750000,9882762
PJ Brown,2000,5740000,9865575
Jermaine O'Neal,2000,5710000,9814012
Donyell Marshall,2000,5630000,9676513
Erick Dampier,2000,5610000,9642138
Wesley Person,2000,5600000,9624951
Chris Gatling,2000,5550000,9539014
Anthony Mason,2000,5550000,9539014
Ron Mercer,2000,5520000,9487451
Steve Nash,2000,5500000,9453077
Isaac Austin,2000,5500000,9453077
Antonio Davis,2000,5500000,9453077
Jim McIlvaine,2000,5400000,9281203
Derrick McKey,2000,5400000,9281203
Kelvin Cato,2000,5330000,9160891
Jerry Stackhouse,2000,5310000,9126516
Austin Croshere,2000,5300000,9109328
Sean Elliott,2000,5300000,9109328
Greg Ostertag,2000,5200000,8937454
Charlie Ward,2000,5040000,8662456
Lorenzen Wright,2000,4950000,8507769
Loy Vaught,2000,4812025,8270626
Chris Mills,2000,4800000,8249958
Mookie Blaylock,2000,4800000,8249958
Robert Horry,2000,4800000,8249958
Hersey Hawkins,2000,4760000,8181208
Chris Childs,2000,4680000,8043709
Chris Mullin,2000,4650000,7992146
Bobby Phills,2000,4640000,7974959
Bryon Russell,2000,4570000,7854647
Tariq Abdul-Wahad,2000,4500000,7734335
Bo Outlaw,2000,4500000,7734335
Bob Sura,2000,4390000,7545274
Jason Caffey,2000,4380000,7528086
Robert Pack,2000,4320000,7424962
Brent Barry,2000,4320000,7424962
Vitaly Potapenko,2000,4290000,7373400
Brevin Knight,2000,4250000,7304650
Howard Eisley,2000,4250000,7304650
Walt Williams,2000,4250000,7304650
Scott Williams,2000,4200000,7218713
Dan Majerle,2000,4050000,6960902
Brad Miller,2000,4000000,6874965
Ben Wallace,2000,4000000,6874965
Duane Causwell,2000,4000000,6874965
Sam Cassell,2000,4000000,6874965
Danny Fortson,2000,3950000,6789028
Corliss Williamson,2000,3940000,6771840
Cedric Ceballos,2000,3937500,6767543
Jahidi White,2000,3922000,6740903
Cuttino Mobley,2000,3920000,6737465
Rashard Lewis,2000,3920000,6737465
Scot Pollard,2000,3920000,6737465
Eric Williams,2000,3890000,6685903
Voshon Lenard,2000,3780000,6496842
Nick Anderson,2000,3750000,6445279
Dana Barros,2000,3700000,6359342
Michael Olowokandi,2000,3697440,6354942
Doug West,2000,3680000,6324967
Kurt Thomas,2000,3680000,6324967
Elton Brand,2000,3629160,6237587
Adonal Foyle,2000,3580000,6153093
Mark Jackson,2000,3570000,6135906
Kenyon Martin,2000,3536640,6078569
Michael Stewart,2000,3520000,6049969
Derek Strong,2000,3510000,6032781
Travis Best,2000,3500000,6015594
Rex Chapman,2000,3500000,6015594
Greg Anthony,2000,3500000,6015594
Rick Fox,2000,3400000,5843720
Adam Keefe,2000,3390000,5826533
Lamond Murray,2000,3380000,5809345
Derek Fisher,2000,3380000,5809345
Eric Snow,2000,3380000,5809345
Mike Bibby,2000,3308160,5685871
Jud Buechler,2000,3260000,5603096
Steve Francis,2000,3246960,5580684
Greg Minor,2000,3240000,5568721
Tony Battie,2000,3200000,5499972
Travis Knight,2000,3200000,5499972
Don MacLean,2000,3178500,5463018
Stromile Swift,2000,3164280,5438578
Doug Christie,2000,3140000,5396847
Darrell Armstrong,2000,3100000,5328098
Tracy Murray,2000,3060000,5259348
Mark Bryant,2000,3029268,5206527
Chucky Atkins,2000,3000000,5156223
Tyrone Nesby,2000,2990000,5139036
Raef LaFrentz,2000,2970840,5106105
Samaki Walker,2000,2960000,5087474
Baron Davis,2000,2916000,5011849
David Wesley,2000,2880000,4949974
Brent Price,2000,2880000,4949974
Dean Garrett,2000,2880000,4949974
Jerome Williams,2000,2870000,4932787
Kevin Willis,2000,2870000,4932787
Mikki Moore,2000,2850000,4898412
Darius Miles,2000,2841720,4884181
Antonio Daniels,2000,2820000,4846850
Popeye Jones,2000,2812500,4833959
Anthony Peeler,2000,2740000,4709351
Jon Barry,2000,2730000,4692163
Cedric Henderson,2000,2700000,4640601
Ervin Johnson,2000,2700000,4640601
Lawrence Funderburke,2000,2700000,4640601
Antawn Jamison,2000,2678400,4603476
Walter McCarty,2000,2670000,4589039
Lindsey Hunter,2000,2650000,4554664
Lamar Odom,2000,2628960,4518502
Vernon Maxwell,2000,2570000,4417164
Malik Rose,2000,2570000,4417165
Marcus Fizer,2000,2562000,4403415
Erick Strickland,2000,2560000,4399977
Dragan Tarlac,2000,2500000,4296853
Vince Carter,2000,2425440,4168703
Matt Maloney,2000,2401000,4126696
Gary Trent,2000,2400000,4124979
Terry Mills,2000,2400000,4124978
Mark Strickland,2000,2400000,4124979
Jonathan Bender,2000,2380680,4091773
Sam Mitchell,2000,2370000,4073416
Chris Whitney,2000,2370000,4073416
Jim Jackson,2000,2330000,4004667
Mike Miller,2000,2320080,3987617
Dale Ellis,2000,2290000,3935917
Randy Brown,2000,2250000,3867167
Aaron Williams,2000,2250000,3867167
Bimbo Coles,2000,2250000,3867167
Joe Smith,2000,2250000,3867167
Maurice Taylor,2000,2250000,3867167
Sam Perkins,2000,2250000,3867167
Brian Shaw,2000,2250000,3867167
Othella Harrington,2000,2250000,3867167
A.C. Green,2000,2250000,3867167
Chauncey Billups,2000,2250000,3867167
Tony Delk,2000,2250000,3867167
Will Perdue,2000,2250000,3867167
Bobby Jackson,2000,2250000,3867167
Derek Anderson,2000,2250000,3867167
John Starks,2000,2250000,3867167
Eric Montross,2000,2240000,3849980
Robert Traylor,2000,2203080,3786524
Chris Crawford,2000,2200000,3781230
Jamie Feick,2000,2200000,3781230
Otis Thorpe,2000,2200000,3781230
J.R. Reid,2000,2200000,3781230
Calbert Cheaney,2000,2200000,3781230
George McCloud,2000,2200000,3781230
John Wallace,2000,2200000,3781230
Michael Curry,2000,2200000,3781230
Terry Cummings,2000,2200000,3781230
Carlos Rogers,2000,2200000,3781230
Shandon Anderson,2000,2200000,3781230
Eric Piatkowski,2000,2200000,3781230
Ron Harper,2000,2200000,3781230
Grant Long,2000,2200000,3781230
George Lynch,2000,2200000,3781230
Rodney Rogers,2000,2200000,3781230
Detlef Schrempf,2000,2200000,3781230
Steve Kerr,2000,2200000,3781230
Terry Porter,2000,2200000,3781230
Olden Polynice,2000,2200000,3781230
Michael Smith,2000,2200000,3781230
Wally Szczerbiak,2000,2162280,3716399
Lucious Harris,2000,2160000,3712481
Cory Alexander,2000,2160000,3712481
Sean Rooks,2000,2160000,3712481
DerMarr Johnson,2000,2107200,3621731
John Williams,2000,2100000,3609356
Clarence Weatherspoon,2000,2100000,3609356
Hubert Davis,2000,2100000,3609356
Billy Owens,2000,2100000,3609356
Eric Murdock,2000,2100000,3609356
Vinny Del Negro,2000,2100000,3609356
Matt Bullard,2000,2100000,3609356
Cherokee Parks,2000,2100000,3609356
Alvin Williams,2000,2100000,3609356
Jason Williams,2000,2011080,3456526
Johnny Newman,2000,2000000,3437482
Dell Curry,2000,2000000,3437482
Richard Hamilton,2000,1973880,3392589
Chris Mihm,2000,1923600,3306170
Keith Closs,2000,1920000,3299983
Andrew DeClercq,2000,1920000,3299983
James Robinson,2000,1870000,3214046
Larry Hughes,2000,1842480,3166746
Aaron McKie,2000,1818000,3124671
Andre Miller,2000,1808400,3108171
Jamal Crawford,2000,1762320,3028972
Greg Foster,2000,1760000,3024984
Jaren Jackson Jr,2000,1750000,3007797
Lorenzo Williams,2000,1750000,3007797
Muggsy Bogues,2000,1740000,2990609
Darvin Ham,2000,1700000,2921860
Dirk Nowitzki,2000,1693560,2910791
Shawn Marion,2000,1662240,2856960
Joel Przybilla,2000,1619880,2784154
Paul Pierce,2000,1608840,2765179
Jason Terry,2000,1579080,2714030
Keyon Dooling,2000,1538880,2644936
Bonzi Wells,2000,1528440,2626992
Trajan Langdon,2000,1500120,2578318
Jacque Vaughn,2000,1500000,2578111
Predrag Stojakovic,2000,1480000,2543737
Jerome Moiso,2000,1461960,2512731
Michael Doleac,2000,1452000,2495612
Aleksandar Radojevic,2000,1425120,2449412
Etan Thomas,2000,1388880,2387125
Keon Clark,2000,1379400,2370831
Tony Massenburg,2000,1360000,2337488
Corey Maggette,2000,1353960,2327106
Corie Blount,2000,1320000,2268738
Courtney Alexander,2000,1319400,2267707
Gary Grant,2000,1316969,2263528
Michael Dickerson,2000,1310400,2252238
William Avery,2000,1286160,2210576
Mateen Cleaves,2000,1253400,2154270
Matt Harpring,2000,1244880,2139626
Anthony Johnson,2000,1200000,2062489
Chris Carr,2000,1200000,2062489
Eldridge Recasner,2000,1200000,2062489
Joe Kleine,2000,1200000,2062489
Zan Tabak,2000,1200000,2062489
Chuck Person,2000,1200000,2062489
Anthony Carter,2000,1200000,2062489
LaPhonso Ellis,2000,1200000,2062489
Danny Ferry,2000,1200000,2062489
Dennis Scott,2000,1200000,2062489
Jason Collier,2000,1190760,2046608
Bryce Drew,2000,1182600,2032583
Metta World Peace,2000,1160760,1995046
Elliot Perry,2000,1144000,1966239
Hidayet Turkoglu,2000,1131240,1944308
Tom Hammonds,2000,1130000,1942177
Radoslav Nesterovic,2000,1123560,1931108
Jelani McCoy,2000,1110000,1907802
Cal Bowdler,2000,1102800,1895427
Sherman Douglas,2000,1100000,1890615
Greg Buckner,2000,1100000,1890615
Desmond Mason,2000,1074720,1847165
Mirsad Turkcan,2000,1069400,1838021
James Posey,2000,1047600,1800553
Bill Curley,2000,1034500,1778036
Quentin Richardson,2000,1020960,1754766
Pat Garrity,2000,1019280,1751878
Quincy Lewis,2000,1000440,1719497
Kevin Edwards,2000,1000000,1718741
Jerome Kersey,2000,1000000,1718741
Felton Spencer,2000,1000000,1718741
David Wingate,2000,1000000,1718741
Pervis Ellison,2000,1000000,1718741
Dee Brown,2000,1000000,1718741
Monty Williams,2000,1000000,1718741
Mario Elie,2000,1000000,1718741
Tyrone Corbin,2000,1000000,1718741
Bruno Sundov,2000,997000,1713584
Ruben Patterson,2000,990000,1701553
Roshown McLeod,2000,978600,1681960
Jamaal Magloire,2000,975000,1675772
Dion Glover,2000,960480,1650816
Ricky Davis,2000,939360,1614516
Speedy Claxton,2000,936000,1608741
Terry Davis,2000,923500,1587257
Stacey Augmon,2000,923500,1587257
Jeff Foster,2000,922080,1584816
Brian Skinner,2000,901800,1549960
Morris Peterson,2000,898560,1544392
Kenny Thomas,2000,885120,1521292
Fred Hoiberg,2000,880000,1512492
Tyronn Lue,2000,865800,1488086
Donnell Harvey,2000,862560,1482517
Devean George,2000,849720,1460448
Felipe Lopez,2000,831120,1428480
DeShawn Stevenson,2000,828120,1423324
John Crotty,2000,800000,1374993
Mahmoud Abdul-Rauf,2000,798500,1372414
Al Harrington,2000,797880,1371349
Dalibor Bagaric,2000,795000,1366399
Tim James,2000,783120,1345980
Sam Jacobson,2000,768500,1320852
Iakovos Tsakalidis,2000,763200,1311743
Vonteego Cummings,2000,757200,1301430
Corey Benjamin,2000,749160,1287612
Vladimir Stepania,2000,749160,1287612
Nazr Mohammed,2000,739080,1270287
Mamadou N'diaye,2000,737880,1268224
Isaiah Rider,2000,736000,1264993
Todd Day,2000,736000,1264993
David Benoit,2000,736000,1264993
Jumaine Jones,2000,735600,1264306
Bruce Bowen,2000,733000,1259837
Scott Padgett,2000,730800,1256056
Erick Barkley,2000,712200,1224087
Damon Jones,2000,710000,1220306
Mark Madsen,2000,707040,1215218
Reggie Slater,2000,673500,1157572
Darrick Martin,2000,673500,1157572
Larry Robinson,2000,611000,1050150
Todd Fuller,2000,611000,1050150
Don Reid,2000,611000,1050150
Antonio Harvey,2000,611000,1050150
Emanual Davis,2000,610000,1048432
Eddie Robinson,2000,600000,1031244
John Amaechi,2000,600000,1031244
Shammond Williams,2000,550000,945307
Doug Overton,2000,548500,942729
Shawnelle Scott,2000,548500,942729
Rick Brunson,2000,539500,927260
Kevin Ollie,2000,523500,899761
Moochie Norris,2000,523500,899761
Tyus Edney,2000,523500,899761
Jeff McInnis,2000,523500,899761
Etdrick Bohannon,2000,523500,899761
Troy Hudson,2000,523500,899761
Roy Rogers,2000,523500,899761
Ryan Bowen,2000,510000,876558
Ansu Sesay,2000,508000,873120
Laron Profit,2000,508000,873120
Adrian Griffin,2000,498500,856792
Earl Boykins,2000,498500,856792
William Cunningham,2000,498500,856792
Mark Pope,2000,498500,856792
Andrae Patterson,2000,498500,856792
Kornel David,2000,498500,856792
Gerard King,2000,489500,841323
Leon Smith,2000,483680,831320
Michael Ruffin,2000,440000,756246
Evan Eschmeyer,2000,423500,727886
Rodney Buford,2000,423500,727886
Michael Hawkins,2000,423500,727886
Lari Ketner,2000,423500,727886
Maceo Baston,2000,423500,727886
Rafer Alston,2000,423500,727886
Jonathan Kerner,2000,423500,727886
Lazaro Borrell,2000,423500,727886
Jermaine Jackson,2000,423500,727886
Todd MacCulloch,2000,423500,727886
Derrick Dial,2000,423500,727886
Calvin Booth,2000,423500,727886
Obinna Ekezie,2000,423500,727886
Hanno Mottola,2000,316969,544787
Mark Blount,2000,316969,544787
Milt Palacio,2000,316969,544787
Chris Herren,2000,316969,544787
Soumaila Samake,2000,316969,544787
Stephen Jackson,2000,316969,544787
Lee Nailon,2000,316969,544787
Terrance Roberson,2000,316969,544787
AJ Guyton,2000,316969,544787
Jake Voskuhl,2000,316969,544787
Khalid El-Amin,2000,316969,544787
Eduardo Najera,2000,316969,544787
Brian Cardinal,2000,316969,544787
Torraye Braggs,2000,316969,544787
Marc Jackson,2000,316969,544787
Chris Porter,2000,316969,544787
Dan Langhi,2000,316969,544787
Zendon Hamilton,2000,316969,544787
Stanislav Medvedenko,2000,316969,544787
Mike Penberthy,2000,316969,544787
Eddie House,2000,316969,544787
Jason Hart,2000,316969,544787
Michael Redd,2000,316969,544787
Lavor Postell,2000,316969,544787
Pete Mickeal,2000,316969,544787
Olumide Oyedeji,2000,316969,544787
Ruben Wolkowyski,2000,316969,544787
Pepe Sanchez,2000,316969,544787
Ademola Okulaja,2000,316969,544787
Daniel Santiago,2000,316969,544787
Paul McPherson,2000,316969,544787
Ruben Garces,2000,316969,544787
Jabari Smith Sr,2000,316969,544787
Ira Newble,2000,316969,544787
Chris Carrawell,2000,316969,544787
Garth Joseph,2000,316969,544787
Mike Smith,2000,316969,544787
Mark Karcher,2000,50000,85937
Anthony Miller,2000,40000,68749
Jamal Robinson,2000,40000,68749
Kevin Garnett,2001,22400000,37288575
Shaquille O'Neal,2001,21428572,35671469
Alonzo Mourning,2001,18754800,31220525
Juwan Howard,2001,18750000,31212535
Scottie Pippen,2001,18083564,30103140
Karl Malone,2001,17500000,29131699
Jayson Williams,2001,15125000,25178111
Rasheed Wallace,2001,14400000,23971226
Dikembe Mutombo,2001,14315790,23831045
Gary Payton,2001,12926493,21518326
Allan Houston,2001,12750000,21224523
Chris Webber,2001,12750000,21224523
Shawn Kemp,2001,12660000,21074703
Damon Stoudamire,2001,12375000,20600273
Reggie Miller,2001,12045075,20051057
Antonio McDyess,2001,11700000,19476621
Bryant Reeves,2001,11555554,19236167
Larry Johnson,2001,11335714,18870206
Shareef Abdur-Rahim,2001,11250000,18727521
Antoine Walker,2001,11250000,18727521
Zydrunas Ilgauskas,2001,11250000,18727521
Kobe Bryant,2001,11250000,18727521
Ray Allen,2001,11250000,18727521
Latrell Sprewell,2001,11250000,18727521
Vin Baker,2001,11250000,18727521
Allen Iverson,2001,11250000,18727521
Anfernee Hardaway,2001,11250000,18727521
Stephon Marbury,2001,11250000,18727521
Mitch Richmond,2001,11000000,18311353
Antonio Davis,2001,11000000,18311353
Keith Van Horn,2001,10865250,18087039
Jalen Rose,2001,10865250,18087039
Grant Hill,2001,10865250,18087039
Tracy McGrady,2001,10865250,18087039
Tim Duncan,2001,10865250,18087039
Michael Finley,2001,10625000,17687103
Vlade Divac,2001,10444642,17386866
Nick Van Exel,2001,10164642,16920759
Tom Gugliotta,2001,10114000,16836457
Eddie Jones,2001,10091250,16798586
Brian Grant,2001,9925076,16521961
Tim Thomas,2001,9675000,16105668
Theo Ratliff,2001,9667969,16093963
David Robinson,2001,9500000,15814351
Terrell Brandon,2001,9300000,15481417
Steve Smith,2001,9000000,14982016
Glenn Robinson,2001,8990000,14965370
Glen Rice,2001,8800000,14649083
Derrick Coleman,2001,8710000,14499262
Jason Kidd,2001,8447500,14062287
Kenny Anderson,2001,8350000,13899982
Kerry Kittles,2001,8166667,13594793
Matt Geiger,2001,8142160,13553997
Elden Campbell,2001,7975000,13275731
Toni Kukoc,2001,7906783,13162172
Clifford Robinson,2001,7656250,12745118
Marcus Camby,2001,7300000,12152080
Chris Dudley,2001,7200000,11985612
Dale Davis,2001,7010000,11669326
John Stockton,2001,7000000,11652679
Jamal Mashburn,2001,6975000,11611063
Greg Ostertag,2001,6933328,11541692
Ron Mercer,2001,6750000,11236512
Tyrone Hill,2001,6600000,10986812
Charles Oakley,2001,6545000,10895255
Donyell Marshall,2001,6510000,10836992
Alan Henderson,2001,6500312,10820864
Maurice Taylor,2001,6500000,10820345
Derek Anderson,2001,6495000,10812022
PJ Brown,2001,6404800,10661869
Jermaine O'Neal,2001,6325000,10529028
Luc Longley,2001,6325000,10529028
Austin Croshere,2001,6310000,10504058
Wesley Person,2001,6300000,10487411
Erick Dampier,2001,6235000,10379208
Kelvin Cato,2001,6048000,10067915
Jim McIlvaine,2001,6000000,9988011
Derrick McKey,2001,6000000,9988011
Bo Outlaw,2001,6000000,9988011
Jerry Stackhouse,2001,5843750,9727906
Steve Nash,2001,5750000,9571844
Isaac Austin,2001,5695715,9481477
Lorenzen Wright,2001,5500000,9155676
Shandon Anderson,2001,5500000,9155676
Nick Anderson,2001,5401906,8992382
Chris Mills,2001,5400000,8989210
Mookie Blaylock,2001,5400000,8989210
Alvin Williams,2001,5350000,8905976
Robert Horry,2001,5300000,8822743
Loy Vaught,2001,5222025,8692940
Bobby Phills,2001,5220000,8689569
Bob Sura,2001,5213333,8678471
Doug Christie,2001,5200000,8656276
Chris Childs,2001,5200000,8656276
Eddie Robinson,2001,5170000,8606336
Bryon Russell,2001,5142857,8561152
Charlie Ward,2001,5110000,8506456
Tariq Abdul-Wahad,2001,5062500,8427384
Hakeem Olajuwon,2001,5061539,8425784
Walt Williams,2001,5000000,8323342
Predrag Stojakovic,2001,5000000,8323342
Jerome Williams,2001,5000000,8323342
Jason Caffey,2001,4812500,8011217
Howard Eisley,2001,4781250,7959196
Vitaly Potapenko,2001,4762500,7927983
Rod Strickland,2001,4750000,7907175
Ben Wallace,2001,4700000,7823942
Brent Barry,2001,4680000,7790648
Michael Olowokandi,2001,4662472,7761470
Scott Williams,2001,4650000,7740708
Danny Fortson,2001,4649534,7739932
Clarence Weatherspoon,2001,4638000,7720732
Calvin Booth,2001,4539000,7555930
Todd MacCulloch,2001,4538000,7554265
Avery Johnson,2001,4538000,7554265
Anthony Mason,2001,4538000,7554265
Joe Smith,2001,4538000,7554265
Ruben Patterson,2001,4538000,7554265
Nazr Mohammed,2001,4500000,7491008
Shawn Bradley,2001,4500000,7491008
Brevin Knight,2001,4500000,7491008
Christian Laettner,2001,4500000,7491008
Eric Williams,2001,4448000,7404445
Cuttino Mobley,2001,4413375,7346806
Kurt Thomas,2001,4413375,7346806
Rashard Lewis,2001,4413375,7346806
Jahidi White,2001,4413375,7346806
Brad Miller,2001,4400000,7324541
Adonal Foyle,2001,4400000,7324541
Sam Cassell,2001,4350000,7241308
Scot Pollard,2001,4344187,7231631
Voshon Lenard,2001,4252435,7078894
Mike Bibby,2001,4174893,6949813
Darrell Armstrong,2001,4005000,6666997
Corliss Williamson,2001,4000000,6658674
Aaron McKie,2001,4000000,6658674
Elton Brand,2001,3882360,6462842
Derek Strong,2001,3861000,6427285
Mark Jackson,2001,3860000,6425620
Rex Chapman,2001,3850000,6408973
Michael Stewart,2001,3840000,6392327
Kenyon Martin,2001,3801960,6329003
Rick Fox,2001,3791250,6311174
Raef LaFrentz,2001,3755142,6251066
Lamond Murray,2001,3750000,6242507
Eric Snow,2001,3750000,6242507
Kwame Brown,2001,3697440,6155012
Brent Price,2001,3680000,6125980
Ervin Johnson,2001,3670929,6110880
Tony Battie,2001,3600000,5992806
Moochie Norris,2001,3600000,5992806
Travis Knight,2001,3600000,5992806
Jud Buechler,2001,3600000,5992806
Zeljko Rebraca,2001,3500000,5826339
Steve Francis,2001,3473520,5782259
Lindsey Hunter,2001,3425760,5702754
Stromile Swift,2001,3401640,5662603
Tracy Murray,2001,3400000,5659873
Antawn Jamison,2001,3388176,5640189
Travis Best,2001,3375000,5618256
Tim Hardaway,2001,3360390,5593935
Tyson Chandler,2001,3308160,5506989
Chucky Atkins,2001,3300000,5493406
Tyrone Nesby,2001,3260000,5426819
Marc Jackson,2001,3250000,5410172
Anthony Carter,2001,3250000,5410172
David Wesley,2001,3240000,5393526
Dean Garrett,2001,3240000,5393526
Jon Barry,2001,3175000,5285322
Walter McCarty,2001,3125000,5202089
Baron Davis,2001,3119400,5192767
Vince Carter,2001,3073032,5115579
Darius Miles,2001,3054840,5085296
Evan Eschmeyer,2001,3038000,5057263
Lawrence Funderburke,2001,3025000,5035622
Jaren Jackson Jr,2001,3020834,5028687
Greg Anthony,2001,3000000,4994005
Cedric Henderson,2001,3000000,4994005
Kevin Willis,2001,3000000,4994005
Eric Piatkowski,2001,3000000,4994005
Derek Fisher,2001,3000000,4994005
LaPhonso Ellis,2001,3000000,4994005
Antonio Daniels,2001,3000000,4994005
Anthony Peeler,2001,2978500,4958215
Pau Gasol,2001,2970840,4945463
Andrew DeClercq,2001,2900000,4827538
Lamar Odom,2001,2812320,4681580
Robert Traylor,2001,2793505,4650259
Marcus Fizer,2001,2754120,4584696
Chris Whitney,2001,2700000,4494605
Eddy Curry,2001,2678400,4458648
Johnny Newman,2001,2675000,4452987
John Wallace,2001,2630000,4378078
Jason Williams,2001,2554072,4251683
Jonathan Bender,2001,2546760,4239511
Matt Maloney,2001,2543750,4234500
Mikki Moore,2001,2531250,4213692
Chris Gatling,2001,2504227,4168707
Chris Crawford,2001,2500000,4161671
Mike Miller,2001,2494080,4151816
Eric Montross,2001,2480000,4128377
Randy Brown,2001,2475000,4120054
Aaron Williams,2001,2475000,4120054
Chauncey Billups,2001,2475000,4120054
Othella Harrington,2001,2475000,4120054
Tony Delk,2001,2475000,4120054
Bobby Jackson,2001,2475000,4120054
John Starks,2001,2475000,4120054
Jason Richardson,2001,2425440,4037553
Horace Grant,2001,2419580,4027798
Hubert Davis,2001,2418750,4026417
Steve Kerr,2001,2406250,4005608
Jamie Feick,2001,2400000,3995204
Lucious Harris,2001,2400000,3995204
George Lynch,2001,2400000,3995204
Stacey Augmon,2001,2400000,3995204
Calbert Cheaney,2001,2400000,3995204
George McCloud,2001,2400000,3995204
Michael Curry,2001,2400000,3995204
Sean Rooks,2001,2400000,3995204
Grant Long,2001,2400000,3995204
Rodney Rogers,2001,2400000,3995204
Terry Porter,2001,2400000,3995204
Michael Smith,2001,2400000,3995204
Larry Hughes,2001,2343635,3901375
Wally Szczerbiak,2001,2313240,3850777
Malik Rose,2001,2285000,3803767
Vinny Del Negro,2001,2275000,3787120
DerMarr Johnson,2001,2265240,3770873
Shane Battier,2001,2203080,3667397
Bimbo Coles,2001,2200000,3662270
John Amaechi,2001,2175000,3620654
Dirk Nowitzki,2001,2157595,3591680
Patrick Ewing,2001,2118420,3526467
Richard Hamilton,2001,2111640,3515180
Dell Curry,2001,2100000,3495803
Chris Mihm,2001,2067960,3442467
Paul Pierce,2001,2051271,3414686
Bonzi Wells,2001,2028239,3376345
Eddie Griffin,2001,2011080,3347781
Michael Doleac,2001,2000856,3330762
Bryant Stith,2001,2000000,3329337
Cory Alexander,2001,1995741,3322247
Keon Clark,2001,1971163,3281333
Michael Dickerson,2001,1940702,3230625
Andre Miller,2001,1934520,3220334
Matt Harpring,2001,1908401,3176855
Jamal Crawford,2001,1894560,3153814
Lorenzo Williams,2001,1880000,3129576
DeSagana Diop,2001,1842480,3067118
Tom Hammonds,2001,1800000,2996403
Shawn Marion,2001,1778160,2960047
Greg Foster,2001,1764247,2936886
Darvin Ham,2001,1760000,2929816
Shammond Williams,2001,1750000,2913169
Joel Przybilla,2001,1741440,2898920
Radoslav Nesterovic,2001,1725788,2872864
Tyronn Lue,2001,1700000,2829936
Rodney White,2001,1693560,2819216
Jason Terry,2001,1689360,2812224
Keyon Dooling,2001,1654320,2753894
Tony Massenburg,2001,1650000,2746703
Corie Blount,2001,1609235,2678842
Joe Johnson,2001,1608840,2678185
Trajan Langdon,2001,1604880,2671593
Fred Hoiberg,2001,1600000,2663469
Dana Barros,2001,1600000,2663469
Jerome Moiso,2001,1571640,2616259
Pat Garrity,2001,1569691,2613015
Kendall Gill,2001,1538000,2560260
Kedrick Brown,2001,1528440,2544345
Aleksandar Radojevic,2001,1524600,2537953
Muggsy Bogues,2001,1520860,2531727
Roshown McLeod,2001,1509001,2511986
Danny Manning,2001,1500000,2497002
Popeye Jones,2001,1500000,2497002
Ricky Davis,2001,1496400,2491010
Etan Thomas,2001,1493040,2485416
Brian Skinner,2001,1483461,2469470
Vladimir Radmanovic,2001,1452000,2417098
Corey Maggette,2001,1448400,2411105
Al Harrington,2001,1436982,2392098
Courtney Alexander,2001,1418400,2361165
Samaki Walker,2001,1400000,2330535
Richard Jefferson,2001,1379400,2296243
William Avery,2001,1375920,2290450
Mateen Cleaves,2001,1347480,2243107
Will Perdue,2001,1320000,2197362
Troy Murphy,2001,1310400,2181381
Bryce Drew,2001,1300000,2164069
Matt Bullard,2001,1300000,2164069
Eldridge Recasner,2001,1300000,2164069
Jason Collier,2001,1280040,2130842
Steven Hunter,2001,1244880,2072312
Metta World Peace,2001,1241760,2067118
Hidayet Turkoglu,2001,1216080,2024370
Greg Buckner,2001,1200000,1997602
Kirk Haston,2001,1182600,1968637
Cal Bowdler,2001,1179720,1963842
Desmond Mason,2001,1155240,1923091
Michael Bradley,2001,1123560,1870354
James Posey,2001,1120680,1865560
Quentin Richardson,2001,1097520,1827007
Quincy Lewis,2001,1070280,1781661
Jason Collins,2001,1067400,1776867
Jamaal Magloire,2001,1048080,1744705
Dion Glover,2001,1027440,1710347
Zach Randolph,2001,1019280,1696763
Michael Ruffin,2001,1009147,1679894
Speedy Claxton,2001,1006200,1674989
Sam Mitchell,2001,1000000,1664668
Felton Spencer,2001,1000000,1664668
Don Reid,2001,1000000,1664668
Dan Majerle,2001,1000000,1664668
Danny Ferry,2001,1000000,1664668
Mark Bryant,2001,1000000,1664668
John Crotty,2001,1000000,1664668
Michael Jordan,2001,1000000,1664668
Jeff Foster,2001,986400,1642029
Brendan Haywood,2001,978600,1629044
Morris Peterson,2001,966000,1608069
Don MacLean,2001,965850,1607820
Brian Shaw,2001,963415,1603766
Kenny Thomas,2001,946920,1576307
Tim James,2001,943252,1570201
Joseph Forte,2001,939360,1563723
Donnell Harvey,2001,927360,1543747
Jeryl Sasser,2001,901800,1501198
DeShawn Stevenson,2001,890280,1482021
Brandon Armstrong,2001,865800,1441270
Dalibor Bagaric,2001,854640,1422692
Devean George,2001,834250,1388749
Andrei Kirilenko,2001,831120,1383539
Iakovos Tsakalidis,2001,820400,1365694
Vonteego Cummings,2001,810000,1348381
Gerald Wallace,2001,797880,1328205
Mamadou N'diaye,2001,793200,1320415
Jim Jackson,2001,789170,1313706
Jumaine Jones,2001,786600,1309428
Scott Padgett,2001,781680,1301238
Darrick Martin,2001,778350,1295694
Carlos Rogers,2001,778350,1295694
Monty Williams,2001,778350,1295694
Samuel Dalembert,2001,771480,1284258
Mark Madsen,2001,759960,1265081
Jamaal Tinsley,2001,749160,1247103
Primoz Brezec,2001,749160,1247103
Tony Parker,2001,744480,1239312
Emanual Davis,2001,715850,1191652
Mark Strickland,2001,715850,1191652
Gary Trent,2001,715850,1191652
Larry Robinson,2001,715850,1191652
Antonio Harvey,2001,715850,1191652
Mitchell Butler,2001,715850,1191652
Bruce Bowen,2001,715850,1191652
Cherokee Parks,2001,715850,1191652
Milt Palacio,2001,690000,1148621
Victor Alexander,2001,653350,1087611
Earl Boykins,2001,650000,1082034
Reggie Slater,2001,646011,1075393
Erick Barkley,2001,638000,1062058
Erick Strickland,2001,637415,1061084
Ryan Bowen,2001,630850,1050156
Laron Profit,2001,630850,1050156
Rafer Alston,2001,625000,1040417
Harold Jamison,2001,600000,998801
Jacque Vaughn,2001,590850,983569
Kevin Ollie,2001,590850,983569
Shawnelle Scott,2001,590850,983569
Jeff McInnis,2001,590850,983569
Mark Pope,2001,590850,983569
Troy Hudson,2001,590850,983569
Rick Brunson,2001,590850,983569
Stephen Jackson,2001,590850,983569
Adrian Griffin,2001,565850,941952
Damon Jones,2001,565850,941952
Bruno Sundov,2001,565850,941952
Jelani McCoy,2001,565850,941952
Sean Marks,2001,565850,941952
Vladimir Stepania,2001,565850,941952
Felipe Lopez,2001,565850,941952
Ruben Wolkowyski,2001,545385,907884
Mark Blount,2001,540850,900335
Derrick Dial,2001,540850,900335
Obinna Ekezie,2001,540850,900335
Raja Bell,2001,540850,900335
Charles Smith,2001,540850,900335
Leon Smith,2001,517360,861232
Rodney Buford,2001,481488,801517
Predrag Drobnjak,2001,478558,796640
Vernon Maxwell,2001,473000,787388
Hanno Mottola,2001,465850,775485
Steve Goodrich,2001,465850,775485
Lee Nailon,2001,465850,775485
Chris Porter,2001,465850,775485
AJ Guyton,2001,465850,775485
Soumaila Samake,2001,465850,775485
Eduardo Najera,2001,465850,775485
Khalid El-Amin,2001,465850,775485
Wang Zhizhi,2001,465850,775485
Zendon Hamilton,2001,465850,775485
Brian Cardinal,2001,465850,775485
Dan Langhi,2001,465850,775485
Stanislav Medvedenko,2001,465850,775485
Eddie House,2001,465850,775485
Jason Hart,2001,465850,775485
Michael Redd,2001,465850,775485
Lavor Postell,2001,465850,775485
Art Long,2001,465850,775485
Jerome James,2001,465850,775485
Olumide Oyedeji,2001,465850,775485
Daniel Santiago,2001,465850,775485
Jake Voskuhl,2001,465850,775485
Jabari Smith Sr,2001,465850,775485
Amal McCaskill,2001,465850,775485
Terence Morris,2001,420000,699160
Brian Scalabrine,2001,332817,554029
Trenton Hassell,2001,332817,554029
Jeff Trepagnier,2001,332817,554029
Kenny Satterfield,2001,332817,554029
Ratko Varda,2001,332817,554029
Dean Oliver,2001,332817,554029
Gilbert Arenas,2001,332817,554029
Oscar Torres,2001,332817,554029
Tierre Brown,2001,332817,554029
Jamison Brewer,2001,332817,554029
Norm Richardson,2001,332817,554029
Antonis Fotsis,2001,332817,554029
Willie Solomon,2001,332817,554029
Ernest Brown,2001,332817,554029
Malik Allen,2001,332817,554029
Loren Woods,2001,332817,554029
Maurice Evans,2001,332817,554029
Earl Watson,2001,332817,554029
Alvin Jones,2001,332817,554029
Damone Brown,2001,332817,554029
Alton Ford,2001,332817,554029
Ruben Boumtje-Boumtje,2001,332817,554029
Carlos Arroyo,2001,332817,554029
Jarron Collins,2001,332817,554029
Bobby Simmons,2001,332817,554029
Omar Cook,2001,292230,486466
Chris Andersen,2001,288171,479709
Sam Mack,2001,174598,290647
Isaiah Rider,2001,112797,187769
Charlie Bell,2001,89292,148641
Tang Hamilton,2001,60881,101346
Joe Crispin,2001,48705,81077
Mike Penberthy,2001,28405,47284
Dickey Simpkins,2001,26190,43597
Kevin Garnett,2002,25200000,41506599
Shaquille O'Neal,2002,23571429,38824200
Alonzo Mourning,2002,20629800,33979080
Juwan Howard,2002,20625000,33971174
Scottie Pippen,2002,19727524,32492953
Karl Malone,2002,19250000,31706429
Rasheed Wallace,2002,16200000,26682813
Dikembe Mutombo,2002,16105264,26526775
Allan Houston,2002,14343750,23625408
Chris Webber,2002,14343750,23625408
Shawn Kemp,2002,13651028,22484433
Bryant Reeves,2002,12999998,21412131
Gary Payton,2002,12636117,20812787
Antonio McDyess,2002,12600000,20753299
Shareef Abdur-Rahim,2002,12375000,20382704
Antoine Walker,2002,12375000,20382704
Vin Baker,2002,12375000,20382704
Zydrunas Ilgauskas,2002,12375000,20382704
Kobe Bryant,2002,12375000,20382704
Ray Allen,2002,12375000,20382704
Latrell Sprewell,2002,12375000,20382704
Allen Iverson,2002,12375000,20382704
Anfernee Hardaway,2002,12375000,20382704
Stephon Marbury,2002,12375000,20382704
Damon Stoudamire,2002,12375000,20382704
Jalen Rose,2002,12072500,19884461
Grant Hill,2002,12072500,19884461
Tracy McGrady,2002,12072500,19884461
Keith Van Horn,2002,12072500,19884461
Tim Duncan,2002,12072500,19884461
Reggie Miller,2002,12046473,19841592
Antonio Davis,2002,12000000,19765047
Michael Finley,2002,11953125,19687840
Vlade Divac,2002,11248076,18526562
Eddie Jones,2002,11212500,18467966
Nick Van Exel,2002,11061234,18218817
Brian Grant,2002,11027862,18163851
Tom Gugliotta,2002,10892000,17940074
Tim Thomas,2002,10750000,17706188
David Robinson,2002,10500000,17294416
Terrell Brandon,2002,10175000,16759112
Paul Pierce,2002,10067750,16582462
Dirk Nowitzki,2002,10067750,16582462
Antawn Jamison,2002,10067750,16582462
Vince Carter,2002,10067750,16582462
Steve Smith,2002,9900000,16306163
Glenn Robinson,2002,9860000,16240280
Larry Johnson,2002,9610714,15829684
Derrick Coleman,2002,9380000,15449678
Theo Ratliff,2002,9375000,15441443
Jason Kidd,2002,9265000,15260263
Glen Rice,2002,9200000,15153202
Kenny Anderson,2002,9185000,15128496
Kerry Kittles,2002,8966667,14768883
Matt Geiger,2002,8768480,14442451
Mike Bibby,2002,8500000,14000241
Clifford Robinson,2002,8421875,13871563
Dale Davis,2002,8055000,13267287
Toni Kukoc,2002,8050000,13259052
Elden Campbell,2002,8050000,13259052
John Stockton,2002,7875000,12970812
Greg Ostertag,2002,7799996,12847274
Jamal Mashburn,2002,7750000,12764926
Raef LaFrentz,2002,7270000,11974324
Maurice Taylor,2002,7150000,11776673
Derek Anderson,2002,7144500,11767615
Alan Henderson,2002,7091250,11679907
PJ Brown,2002,7044800,11603400
Wesley Person,2002,7000000,11529610
Austin Croshere,2002,6960000,11463727
Jermaine O'Neal,2002,6900000,11364902
Luc Longley,2002,6900000,11364902
Erick Dampier,2002,6858500,11296548
Arvydas Sabonis,2002,6850000,11282547
Marcus Camby,2002,6750000,11117839
Ron Mercer,2002,6750000,11117839
Kelvin Cato,2002,6696000,11028896
Tyrone Hill,2002,6600000,10870775
Bo Outlaw,2002,6585000,10846069
Jerry Stackhouse,2002,6375000,10500181
Bonzi Wells,2002,6300000,10376649
Doug Christie,2002,6250000,10294295
Rashard Lewis,2002,6233766,10267556
Nick Anderson,2002,6101906,10050371
Shandon Anderson,2002,6100000,10047232
Michael Olowokandi,2002,6061213,9983346
Lorenzen Wright,2002,6050000,9964877
Chris Mills,2002,6000000,9882523
Steve Nash,2002,5750000,9470751
Hakeem Olajuwon,2002,5694231,9378895
Eddie Robinson,2002,5687000,9366985
Bob Sura,2002,5639999,9289570
Tariq Abdul-Wahad,2002,5625000,9264865
Predrag Stojakovic,2002,5625000,9264865
Charlie Ward,2002,5570000,9174276
Jason Williams,2002,5500000,9058979
Michael Dickerson,2002,5500000,9058979
Loy Vaught,2002,5364964,8836563
Alvin Williams,2002,5350000,8811916
Howard Eisley,2002,5312500,8750151
Robert Horry,2002,5300000,8729562
Jason Caffey,2002,5250000,8647208
Jerome Williams,2002,5250000,8647208
Vitaly Potapenko,2002,5238750,8628678
Ben Wallace,2002,5200000,8564853
Donyell Marshall,2002,5186542,8542687
Christian Laettner,2002,5062500,8338379
Al Harrington,2002,5060000,8334261
Brent Barry,2002,5040000,8301319
Danny Fortson,2002,5039068,8299784
Eric Williams,2002,5004000,8242024
Brevin Knight,2002,5000000,8235436
Calvin Booth,2002,4992900,8223742
Avery Johnson,2002,4991800,8221930
Joe Smith,2002,4991800,8221930
Clarence Weatherspoon,2002,4991800,8221930
Todd MacCulloch,2002,4991800,8221930
Ruben Patterson,2002,4991800,8221930
Cuttino Mobley,2002,4903750,8076904
Kurt Thomas,2002,4903750,8076904
Jahidi White,2002,4903750,8076904
Elton Brand,2002,4895656,8063572
Sam Cassell,2002,4850000,7988373
Scot Pollard,2002,4826874,7950282
Brad Miller,2002,4800000,7906018
Nazr Mohammed,2002,4750000,7823664
Ricky Davis,2002,4546000,7487658
Chauncey Billups,2002,4546000,7487658
Devean George,2002,4546000,7487658
Jerome James,2002,4546000,7487658
Keon Clark,2002,4546000,7487658
Danny Ferry,2002,4546000,7487658
Larry Hughes,2002,4546000,7487658
Mark Jackson,2002,4530000,7461304
Corliss Williamson,2002,4500000,7411892
Aaron McKie,2002,4500000,7411892
Jim McIlvaine,2002,4400000,7247183
Adonal Foyle,2002,4400000,7247183
Steve Francis,2002,4383581,7220140
Anthony Mason,2002,4370819,7199120
Malik Rose,2002,4370000,7197771
Rick Fox,2002,4340231,7148739
Derek Strong,2002,4212000,6937531
Michael Stewart,2002,4160000,6851883
Eric Snow,2002,4125000,6794234
Lamond Murray,2002,4125000,6794234
Kenyon Martin,2002,4067160,6698967
Brent Price,2002,4048000,6667409
Darrell Armstrong,2002,4010000,6604819
Tony Battie,2002,4000000,6588349
Shawn Bradley,2002,4000000,6588349
Travis Knight,2002,4000000,6588349
Matt Harpring,2002,4000000,6588349
Ervin Johnson,2002,3998679,6586173
Kwame Brown,2002,3974760,6546776
Baron Davis,2002,3942922,6494336
Lindsey Hunter,2002,3870912,6375729
Yao Ming,2002,3858240,6354857
Zeljko Rebraca,2002,3850000,6341285
Tracy Murray,2002,3740000,6160106
Anthony Carter,2002,3656250,6022162
Stromile Swift,2002,3639000,5993750
Chucky Atkins,2002,3600000,5929514
David Wesley,2002,3600000,5929514
Marc Jackson,2002,3575000,5888336
Lamar Odom,2002,3557585,5859652
Tyson Chandler,2002,3556200,5857371
Bruce Bowen,2002,3550000,5847159
Jay Williams,2002,3451920,5685613
Jud Buechler,2002,3450000,5682451
Antonio Daniels,2002,3375000,5558919
Anthony Peeler,2002,3350812,5519079
Lawrence Funderburke,2002,3300000,5435387
Darius Miles,2002,3267960,5382615
Andrew DeClercq,2002,3262500,5373622
Jonathan Bender,2002,3226745,5314730
Pau Gasol,2002,3193680,5260269
Jon Barry,2002,3175000,5229502
Moochie Norris,2002,3150000,5188324
Evan Eschmeyer,2002,3103800,5112229
Mike Dunleavy,2002,3100080,5106102
LaPhonso Ellis,2002,3100000,5105970
Eduardo Najera,2002,3047620,5019696
Chris Whitney,2002,3000000,4941261
Eric Piatkowski,2002,3000000,4941261
Derek Fisher,2002,3000000,4941261
Michael Redd,2002,3000000,4941261
Jeff McInnis,2002,3000000,4941261
Marcus Fizer,2002,2946240,4852714
Matt Maloney,2002,2945716,4851851
Wally Szczerbiak,2002,2933187,4831214
Eddy Curry,2002,2879280,4742425
Rodney Rogers,2002,2796000,4605256
Drew Gooden,2002,2794920,4603477
Chris Crawford,2002,2750000,4529489
Eric Montross,2002,2720000,4480077
Tony Delk,2002,2700000,4447135
Aaron Williams,2002,2700000,4447135
Othella Harrington,2002,2700000,4447135
Randy Brown,2002,2700000,4447135
Bobby Jackson,2002,2700000,4447135
Hubert Davis,2002,2687500,4426547
Richard Hamilton,2002,2681783,4417130
Mike Miller,2002,2668080,4394560
Horace Grant,2002,2661538,4383785
Lucious Harris,2002,2640000,4348310
Sean Rooks,2002,2640000,4348310
Steve Kerr,2002,2625000,4323604
Jason Richardson,2002,2607360,4294549
Jamie Feick,2002,2600000,4282426
Michael Curry,2002,2600000,4282426
George Lynch,2002,2600000,4282426
George McCloud,2002,2599900,4282262
Tony Massenburg,2002,2541098,4185410
Nikoloz Tskitishvili,2002,2530920,4168646
Andre Miller,2002,2460709,4053002
Mikki Moore,2002,2459142,4050421
Radoslav Nesterovic,2002,2436813,4013643
DerMarr Johnson,2002,2423280,3991353
Bimbo Coles,2002,2400000,3953009
Stacey Augmon,2002,2400000,3953009
Greg Buckner,2002,2400000,3953009
John Amaechi,2002,2392500,3940656
Shane Battier,2002,2368200,3900632
Pat Garrity,2002,2350000,3870655
Dajuan Wagner,2002,2298840,3786390
Shawn Marion,2002,2265375,3731270
Chris Mihm,2002,2212200,3643686
Eddie Griffin,2002,2161920,3560870
Jason Terry,2002,2153934,3547717
Cory Alexander,2002,2149259,3540017
Corey Maggette,2002,2069764,3409081
Lorenzo Williams,2002,2068000,3406176
Jamal Crawford,2002,2026680,3338118
Shammond Williams,2002,2000000,3294174
Bryant Stith,2002,2000000,3294174
Troy Hudson,2002,2000000,3294174
DeSagana Diop,2002,1980600,3262221
Nenê,2002,1945520,3204441
Chris Wilcox,2002,1922520,3166558
Metta World Peace,2002,1904860,3137470
Wang Zhizhi,2002,1900000,3129465
Tyronn Lue,2002,1870000,3080053
Joel Przybilla,2002,1862880,3068325
Patrick Ewing,2002,1850000,3047111
Rodney White,2002,1820520,2998555
Keyon Dooling,2002,1769760,2914949
Amare Stoudemire,2002,1767120,2910600
Chris Childs,2002,1750000,2882402
Marko Jaric,2002,1750000,2882402
Joe Johnson,2002,1729560,2848736
James Posey,2002,1723606,2838929
Jerome Moiso,2002,1681200,2769083
Caron Butler,2002,1678800,2765130
Muggsy Bogues,2002,1659120,2732715
Kedrick Brown,2002,1643040,2706230
Etan Thomas,2002,1597200,2630727
Jared Jeffries,2002,1594920,2626972
Dion Glover,2002,1584312,2609500
Jeff Foster,2002,1571335,2588125
Vladimir Radmanovic,2002,1560840,2570839
Kenny Thomas,2002,1557684,2565641
Samaki Walker,2002,1540000,2536514
Courtney Alexander,2002,1517280,2499092
Greg Anthony,2002,1500000,2470630
Cezary Trybanski,2002,1500000,2470630
Melvin Ely,2002,1490120,2454357
Richard Jefferson,2002,1482840,2442366
Mateen Cleaves,2002,1441440,2374177
Marcus Haislip,2002,1439400,2370817
Matt Bullard,2002,1430000,2355334
Jumaine Jones,2002,1419026,2337259
Troy Murphy,2002,1408680,2320218
Corie Blount,2002,1400000,2305922
Fred Hoiberg,2002,1400000,2305922
Stanislav Medvedenko,2002,1400000,2305922
Gordan Giricek,2002,1400000,2305922
Travis Best,2002,1400000,2305922
Michael Doleac,2002,1400000,2305922
Bryon Russell,2002,1400000,2305922
Jason Collier,2002,1369440,2255587
Fred Jones,2002,1367400,2252227
Vladimir Stepania,2002,1350000,2223567
Steven Hunter,2002,1338240,2204198
Manu Ginobili,2002,1325000,2182390
Hidayet Turkoglu,2002,1300920,2142728
Bryce Drew,2002,1300000,2141213
Kirk Haston,2002,1271400,2094106
Earl Boykins,2002,1243605,2048325
Desmond Mason,2002,1235880,2035602
Jiri Welsch,2002,1234080,2032637
Bostjan Nachbar,2002,1224000,2016034
Earl Watson,2002,1215000,2001211
Michael Bradley,2002,1207800,1989352
Quentin Richardson,2002,1174080,1933812
Juan Dixon,2002,1172400,1931045
Jarron Collins,2002,1150000,1894150
Jason Collins,2002,1147440,1889933
Jamaal Magloire,2002,1121280,1846846
Curtis Borchardt,2002,1113720,1834394
Ryan Bowen,2002,1111111,1830096
Don Reid,2002,1100000,1811795
Zach Randolph,2002,1095720,1804746
Speedy Claxton,2002,1076400,1772924
Ryan Humphrey,2002,1063680,1751973
Brendan Haywood,2002,1051920,1732604
Morris Peterson,2002,1033320,1701968
Popeye Jones,2002,1030000,1696499
Walt Williams,2002,1030000,1696499
Mark Bryant,2002,1030000,1696499
Brian Shaw,2002,1030000,1696499
Kendall Gill,2002,1030000,1696499
Rod Strickland,2002,1030000,1696499
Scott Williams,2002,1030000,1696499
Chris Dudley,2002,1030000,1696499
Kevin Willis,2002,1030000,1696499
Charles Oakley,2002,1030000,1696499
Michael Jordan,2002,1030000,1696499
Kareem Rush,2002,1021080,1681807
Joseph Forte,2002,1009920,1663426
Tim Hardaway,2002,1000000,1647087
Mehmet Okur,2002,1000000,1647087
Kevin Ollie,2002,1000000,1647087
Calbert Cheaney,2002,1000000,1647087
Donnell Harvey,2002,992040,1633976
Qyntel Woods,2002,980280,1614606
Jeryl Sasser,2002,969480,1596818
DeShawn Stevenson,2002,952320,1568554
Casey Jacobsen,2002,941040,1549975
Brandon Armstrong,2002,930720,1532977
Tayshaun Prince,2002,903360,1487912
Efthimios Rentzias,2002,903360,1487912
Danny Manning,2002,900000,1482378
Andrei Kirilenko,2002,893400,1471507
Monty Williams,2002,887435,1461682
Iakovos Tsakalidis,2002,877680,1445615
Gerald Wallace,2002,857760,1412805
Bobby Simmons,2002,849892,1399846
Mamadou N'diaye,2002,848520,1397586
Amal McCaskill,2002,843212,1388843
Frank Williams,2002,832560,1371298
Dalibor Bagaric,2002,830947,1368642
Emanual Davis,2002,824935,1358739
Cherokee Parks,2002,824935,1358739
Gary Trent,2002,824935,1358739
Voshon Lenard,2002,824935,1358739
Mark Madsen,2002,813000,1339081
Jamaal Tinsley,2002,805320,1326432
Primoz Brezec,2002,805320,1326432
Tony Parker,2002,800400,1318328
J.R. Reid,2002,800000,1317669
Jim Jackson,2002,791341,1303407
Chris Jefferies,2002,781800,1287692
Dan Dickau,2002,776880,1279589
Walter McCarty,2002,762435,1255796
Mark Blount,2002,762435,1255796
Erick Strickland,2002,762435,1255796
Milt Palacio,2002,750000,1235315
Robert Traylor,2002,750000,1235315
Darvin Ham,2002,699935,1152854
Anthony Johnson,2002,699935,1152854
Rick Brunson,2002,699935,1152854
Jacque Vaughn,2002,699935,1152854
Stephen Jackson,2002,699935,1152854
Samuel Dalembert,2002,691100,1138302
Erick Barkley,2002,682500,1124137
John Salmons,2002,670800,1104866
Loren Woods,2002,662435,1091088
Bruno Sundov,2002,637435,1049911
Adrian Griffin,2002,637435,1049911
Eddie House,2002,637435,1049911
Felipe Lopez,2002,637435,1049911
Mark Pope,2002,637435,1049911
Brian Skinner,2002,637435,1049911
Charles Smith,2002,637435,1049911
Damon Jones,2002,637435,1049911
Jelani McCoy,2002,637435,1049911
Raja Bell,2002,612435,1008733
Sean Marks,2002,612435,1008733
Ansu Sesay,2002,612435,1008733
Scott Padgett,2002,612435,1008733
Ira Newble,2002,587435,967556
Ruben Wolkowyski,2002,587435,967556
Pepe Sanchez,2002,587435,967556
Juaquin Hawkins,2002,587435,967556
Lavor Postell,2002,587435,967556
Lee Nailon,2002,587435,967556
Olumide Oyedeji,2002,587435,967556
Dan Langhi,2002,587435,967556
Jake Voskuhl,2002,587435,967556
Brian Cardinal,2002,587435,967556
Raul Lopez,2002,578160,952279
Carlos Arroyo,2002,546000,899309
Predrag Drobnjak,2002,526413,867048
Mengke Bateer,2002,512453,844054
Brian Scalabrine,2002,512435,844025
Trenton Hassell,2002,512435,844025
Chris Andersen,2002,512435,844025
Gilbert Arenas,2002,512435,844025
Terence Morris,2002,512435,844025
Jamison Brewer,2002,512435,844025
Tremaine Fowlkes,2002,512435,844025
Malik Allen,2002,512435,844025
Mike James,2002,512435,844025
Kenny Satterfield,2002,512435,844025
Alton Ford,2002,512435,844025
Ruben Boumtje-Boumtje,2002,512435,844025
Greg Foster,2002,401951,662048
JR Bremer,2002,349458,575587
Tamar Slay,2002,349458,575587
Lonny Baxter,2002,349458,575587
Roger Mason,2002,349458,575587
Carlos Boozer,2002,349458,575587
Smush Parker,2002,349458,575587
Junior Harrington,2002,349458,575587
Predrag Savovic,2002,349458,575587
Vincent Yarbrough,2002,349458,575587
Tito Maddox,2002,349458,575587
Jannero Pargo,2002,349458,575587
Chris Owens,2002,349458,575587
Mike Batiste,2002,349458,575587
Robert Archibald,2002,349458,575587
Ken Johnson,2002,349458,575587
Rasual Butler,2002,349458,575587
Sean Lampley,2002,349458,575587
Dan Gadzuric,2002,349458,575587
Jamal Sampson,2002,349458,575587
Ronald Murray,2002,349458,575587
Igor Rakocevic,2002,349458,575587
Reggie Evans,2002,349458,575587
Pat Burke,2002,349458,575587
Sam Clancy,2002,349458,575587
Nate Huffman,2002,349458,575587
Reggie Slater,2002,321926,530240
Art Long,2002,229243,377583
Jermaine Jackson,2002,171932,283187
Oscar Torres,2002,168729,277911
Adam Harrington,2002,140636,231639
Anthony Goldwire,2002,139925,230468
John Crotty,2002,138171,227579
Pete Mickeal,2002,136374,224619
Soumaila Samake,2002,124984,205859
Ratko Varda,2002,124984,205859
Dean Oliver,2002,118735,195566
Antonio Harvey,2002,60361,99419
Mark Strickland,2002,60361,99419
Mike Wilks,2002,55402,91251
Rafer Alston,2002,37344,61508
Guy Rucker,2002,34946,57559
Devin Brown,2002,34946,57559
Paul Shirley,2002,29832,49135
Kevin Garnett,2003,28000000,45164442
Shaquille O'Neal,2003,24749999,39922139
Dikembe Mutombo,2003,17714291,28573430
Rasheed Wallace,2003,17000000,27421268
Allan Houston,2003,15937500,25707439
Chris Webber,2003,15937500,25707439
Shawn Kemp,2003,14941935,24101577
Shareef Abdur-Rahim,2003,13500000,21775713
Vin Baker,2003,13500000,21775713
Zydrunas Ilgauskas,2003,13500000,21775713
Antoine Walker,2003,13500000,21775713
Kobe Bryant,2003,13500000,21775713
Latrell Sprewell,2003,13500000,21775713
Antonio McDyess,2003,13500000,21775713
Ray Allen,2003,13500000,21775713
Allen Iverson,2003,13500000,21775713
Anfernee Hardaway,2003,13500000,21775713
Stephon Marbury,2003,13500000,21775713
Michael Finley,2003,13281250,21422865
Keith Van Horn,2003,13279750,21420446
Grant Hill,2003,13279750,21420446
Tracy McGrady,2003,13279750,21420446
Jalen Rose,2003,13279750,21420446
Jason Kidd,2003,13152000,21214383
Jermaine O'Neal,2003,13152000,21214383
Antonio Davis,2003,12925000,20848229
Tim Duncan,2003,12676125,20446789
Damon Stoudamire,2003,12375000,19961070
Eddie Jones,2003,12333750,19894533
Brian Grant,2003,12130648,19566926
Vlade Divac,2003,12051510,19439275
Nick Van Exel,2003,11956625,19286224
Tim Thomas,2003,11825000,19073911
Tom Gugliotta,2003,11670000,18823894
Paul Pierce,2003,11326219,18269370
Antawn Jamison,2003,11326219,18269370
Dirk Nowitzki,2003,11326219,18269370
Vince Carter,2003,11326219,18269370
Terrell Brandon,2003,11100000,17904475
Steve Francis,2003,10960000,17678653
Elton Brand,2003,10960000,17678653
Baron Davis,2003,10960000,17678653
Shawn Marion,2003,10960000,17678653
Glenn Robinson,2003,10730000,17307659
Theo Ratliff,2003,10156250,16382191
Lamar Odom,2003,9963596,16071437
Mike Bibby,2003,9500000,15323649
Kerry Kittles,2003,9266666,14947278
Dale Davis,2003,9061875,14616947
Toni Kukoc,2003,9056250,14607874
Greg Ostertag,2003,8666666,13979469
Gilbert Arenas,2003,8536000,13768702
Jamal Mashburn,2003,8525000,13750959
Jason Terry,2003,8333333,13441797
Raef LaFrentz,2003,8178750,13192452
Andre Miller,2003,8000000,12904126
Wally Szczerbiak,2003,8000000,12904126
PJ Brown,2003,8000000,12904126
Glen Rice,2003,7885000,12718628
Erick Dampier,2003,7842000,12649269
Maurice Taylor,2003,7800000,12581523
Derek Anderson,2003,7794000,12571845
Wesley Person,2003,7700000,12420221
Alan Henderson,2003,7682188,12391490
Austin Croshere,2003,7610000,12275050
Kelvin Cato,2003,7344000,11845987
Marcus Camby,2003,7250000,11694364
Rashard Lewis,2003,7012987,11312058
Corey Maggette,2003,7000000,11291110
Bonzi Wells,2003,7000000,11291110
Brad Miller,2003,7000000,11291110
Jerry Stackhouse,2003,6906250,11139890
Doug Christie,2003,6900000,11129808
Ron Mercer,2003,6750000,10887856
Shandon Anderson,2003,6700000,10807205
Chris Mills,2003,6600000,10645904
Lorenzen Wright,2003,6600000,10645904
Bo Outlaw,2003,6585000,10621708
Richard Hamilton,2003,6500000,10484602
Hakeem Olajuwon,2003,6326923,10205426
Bob Sura,2003,6266666,10108231
Predrag Stojakovic,2003,6250000,10081348
Eddie Robinson,2003,6204000,10007149
Tariq Abdul-Wahad,2003,6187500,9980535
Jason Williams,2003,6187500,9980535
Michael Dickerson,2003,6187500,9980535
Charlie Ward,2003,6030000,9726485
Jerome Williams,2003,5987500,9657932
Howard Eisley,2003,5843750,9426061
Jonathan Bender,2003,5800000,9355491
Steve Nash,2003,5750000,9274840
Vitaly Potapenko,2003,5715000,9218385
Al Harrington,2003,5692500,9182092
Jason Caffey,2003,5687500,9174027
Jahidi White,2003,5676091,9155624
Christian Laettner,2003,5625000,9073213
Radoslav Nesterovic,2003,5600000,9032888
Eric Williams,2003,5540000,8936107
Ben Wallace,2003,5500000,8871586
Kenny Thomas,2003,5500000,8871586
Alvin Williams,2003,5500000,8871586
Metta World Peace,2003,5473684,8829138
Calvin Booth,2003,5446800,8785774
Avery Johnson,2003,5445600,8783838
Clarence Weatherspoon,2003,5445600,8783838
Joe Smith,2003,5445600,8783838
Todd MacCulloch,2003,5445600,8783838
Ruben Patterson,2003,5445600,8783838
Danny Fortson,2003,5428602,8756420
Brent Barry,2003,5400000,8710285
Cuttino Mobley,2003,5394125,8700808
Kurt Thomas,2003,5394125,8700808
Scot Pollard,2003,5309563,8564408
Kenyon Martin,2003,5128689,8272656
Sam Cassell,2003,5062500,8165892
Ricky Davis,2003,5000600,8066046
Chauncey Billups,2003,5000600,8066046
Jerome James,2003,5000600,8066046
Keon Clark,2003,5000600,8066046
Larry Hughes,2003,5000600,8066046
Nazr Mohammed,2003,5000000,8065078
Corliss Williamson,2003,5000000,8065078
Reggie Miller,2003,5000000,8065078
Aaron McKie,2003,5000000,8065078
Brevin Knight,2003,5000000,8065078
Alonzo Mourning,2003,4917000,7931198
Scottie Pippen,2003,4917000,7931198
Gary Payton,2003,4917000,7931198
James Posey,2003,4917000,7931198
Michael Olowokandi,2003,4917000,7931198
Juwan Howard,2003,4917000,7931198
Malik Rose,2003,4916250,7929988
Rick Fox,2003,4734797,7637302
Clifford Robinson,2003,4700000,7581174
Donyell Marshall,2003,4605196,7428253
Stromile Swift,2003,4592418,7407642
Devean George,2003,4546000,7332769
Eric Snow,2003,4500000,7258571
Robert Horry,2003,4500000,7258571
Lamond Murray,2003,4500000,7258571
Michael Stewart,2003,4480000,7226310
Ervin Johnson,2003,4418156,7126555
Travis Knight,2003,4402500,7101302
Tony Battie,2003,4400000,7097269
Adonal Foyle,2003,4400000,7097269
Anthony Mason,2003,4348094,7013544
Matt Harpring,2003,4290000,6919837
Kwame Brown,2003,4252080,6858672
Zeljko Rebraca,2003,4200000,6774666
Yao Ming,2003,4147560,6690079
Darius Miles,2003,4130701,6662885
LeBron James,2003,4018920,6482581
Elden Campbell,2003,4000000,6452063
Jeff Foster,2003,4000000,6452063
Derrick Coleman,2003,4000000,6452063
David Wesley,2003,3960000,6387542
Chucky Atkins,2003,3900000,6290761
Marc Jackson,2003,3900000,6290761
Tyson Chandler,2003,3804360,6136492
Marcus Fizer,2003,3726994,6011700
Jay Williams,2003,3710880,5985708
Bruce Bowen,2003,3650000,5887507
Lawrence Funderburke,2003,3600000,5806856
Darko Milicic,2003,3595800,5800082
Shawn Bradley,2003,3500000,5645555
Moochie Norris,2003,3500000,5645555
Eduardo Najera,2003,3428572,5530340
Mike Miller,2003,3380457,5452730
Mike Dunleavy,2003,3332520,5375407
Jeff McInnis,2003,3300000,5322952
Carmelo Anthony,2003,3229200,5208750
Eddy Curry,2003,3080160,4968346
Rodney Rogers,2003,3075600,4960991
Evan Eschmeyer,2003,3017266,4866897
Matt Maloney,2003,3006260,4849144
Drew Gooden,2003,3004560,4846402
Chris Crawford,2003,3000000,4839047
Jon Barry,2003,3000000,4839047
Lindsey Hunter,2003,3000000,4839047
Speedy Claxton,2003,3000000,4839047
Derek Fisher,2003,3000000,4839047
Michael Redd,2003,3000000,4839047
Eric Montross,2003,2960000,4774526
Hubert Davis,2003,2956250,4768477
Aaron Williams,2003,2925000,4718071
Tony Delk,2003,2925000,4718071
Othella Harrington,2003,2925000,4718071
Bobby Jackson,2003,2925000,4718071
Chris Bosh,2003,2911320,4696005
Chris Mihm,2003,2809494,4531758
George Lynch,2003,2800000,4516444
Michael Curry,2003,2800000,4516444
Jason Richardson,2003,2789280,4499152
Nikoloz Tskitishvili,2003,2720760,4388628
Pat Garrity,2003,2643750,4264410
Greg Buckner,2003,2640000,4258361
Dwyane Wade,2003,2636400,4252554
Wang Zhizhi,2003,2620943,4227621
Pau Gasol,2003,2618395,4223512
John Amaechi,2003,2610000,4209971
Jamal Crawford,2003,2577937,4158253
Shane Battier,2003,2533440,4086478
Lucious Harris,2003,2500000,4032539
Earl Boykins,2003,2500000,4032539
Eric Piatkowski,2003,2500000,4032539
Predrag Drobnjak,2003,2500000,4032539
Andrew DeClercq,2003,2500000,4032539
Darrell Armstrong,2003,2475000,3992214
Dajuan Wagner,2003,2471280,3986213
Ira Newble,2003,2458500,3965599
Kevin Ollie,2003,2458500,3965599
Stacey Augmon,2003,2400000,3871237
Chris Kaman,2003,2394600,3862527
Joel Przybilla,2003,2373309,3828184
Eddie Griffin,2003,2312760,3730518
Cory Alexander,2003,2302778,3714417
Keyon Dooling,2003,2256444,3639679
Etan Thomas,2003,2200942,3550154
Jim Jackson,2003,2200000,3548634
Antonio Daniels,2003,2200000,3548634
Kirk Hinrich,2003,2185920,3525923
Courtney Alexander,2003,2168193,3497329
Bimbo Coles,2003,2120000,3419592
DeSagana Diop,2003,2118840,3417722
Nenê,2003,2102840,3391914
Troy Hudson,2003,2100000,3387333
Chris Wilcox,2003,2066760,3333716
TJ Ford,2003,2002680,3230354
Hidayet Turkoglu,2003,1995611,3218952
Rodney White,2003,1947600,3141509
Marko Jaric,2003,1925000,3105055
Amare Stoudemire,2003,1899720,3064278
Desmond Mason,2003,1898312,3062007
Joe Johnson,2003,1850160,2984337
Mike Sweetney,2003,1840800,2969239
Quentin Richardson,2003,1805735,2912679
Caron Butler,2003,1804680,2910977
Nate Huffman,2003,1760000,2838907
Kedrick Brown,2003,1757640,2835101
Jarvis Hayes,2003,1748760,2820777
Jamaal Magloire,2003,1726771,2785308
Jared Jeffries,2003,1714440,2765418
Samaki Walker,2003,1700000,2742126
Corie Blount,2003,1680000,2709866
Vladimir Radmanovic,2003,1669800,2693413
Morris Peterson,2003,1646079,2655151
Melvin Ely,2003,1628760,2627215
DeShawn Stevenson,2003,1616087,2606773
Cezary Trybanski,2003,1600000,2580825
Jerome Moiso,2003,1600000,2580825
Dalibor Bagaric,2003,1599076,2579334
Richard Jefferson,2003,1586280,2558694
Iakovos Tsakalidis,2003,1580702,2549697
Nick Collison,2003,1578240,2545726
Marcus Haislip,2003,1547280,2495787
Stanislav Medvedenko,2003,1540000,2484044
Michael Doleac,2003,1540000,2484044
Gordan Giricek,2003,1540000,2484044
Mickael Pietrus,2003,1527946,2464601
Malik Allen,2003,1510000,2435653
Troy Murphy,2003,1506960,2430750
Fred Jones,2003,1506000,2429201
Jumaine Jones,2003,1500000,2419523
Mark Jackson,2003,1500000,2419523
Karl Malone,2003,1500000,2419523
Brian Skinner,2003,1500000,2419523
Erick Strickland,2003,1500000,2419523
Tyronn Lue,2003,1500000,2419523
Jake Voskuhl,2003,1500000,2419523
Marcus Banks,2003,1499400,2418555
Manu Ginobili,2003,1457500,2350970
Steven Hunter,2003,1431600,2309193
Luke Ridnour,2003,1424400,2297579
Bostjan Nachbar,2003,1396440,2252479
Kirk Haston,2003,1360080,2193830
Reece Gaines,2003,1353120,2182603
Earl Watson,2003,1336500,2155795
Jiri Welsch,2003,1326600,2139826
Bryce Drew,2003,1300000,2096920
Michael Bradley,2003,1292040,2084080
Troy Bell,2003,1285440,2073435
Juan Dixon,2003,1260360,2032980
Ryan Bowen,2003,1250000,2016269
Jarron Collins,2003,1250000,2016269
Jason Collins,2003,1227480,1979944
Zarko Cabarkapa,2003,1221240,1969879
Walter McCarty,2003,1200000,1935618
Voshon Lenard,2003,1200000,1935618
Daniel Santiago,2003,1200000,1935618
Curtis Borchardt,2003,1187240,1915036
Zach Randolph,2003,1172160,1890712
Chris Childs,2003,1166667,1881852
David West,2003,1160160,1871356
Ryan Humphrey,2003,1143360,1844257
Jeryl Sasser,2003,1125729,1815818
Brendan Haywood,2003,1125360,1815223
Aleksandar Pavlovic,2003,1107960,1787156
Mehmet Okur,2003,1100000,1774317
Kareem Rush,2003,1097640,1770510
Joseph Forte,2003,1080360,1742637
Kendall Gill,2003,1070000,1725926
Calbert Cheaney,2003,1070000,1725926
Popeye Jones,2003,1070000,1725926
Kenny Anderson,2003,1070000,1725926
Olden Polynice,2003,1070000,1725926
Bryon Russell,2003,1070000,1725926
Horace Grant,2003,1070000,1725926
Sean Rooks,2003,1070000,1725926
Steve Smith,2003,1070000,1725926
Scott Williams,2003,1070000,1725926
Anthony Peeler,2003,1070000,1725926
Tony Massenburg,2003,1070000,1725926
Kevin Willis,2003,1070000,1725926
Chris Whitney,2003,1070000,1725926
Dahntay Jones,2003,1063680,1715732
Qyntel Woods,2003,1053720,1699666
Boris Diaw,2003,1021080,1647018
Casey Jacobsen,2003,1011600,1631726
Dion Glover,2003,1000000,1613015
Stephen Jackson,2003,1000000,1613015
Monty Williams,2003,1000000,1613015
Brandon Armstrong,2003,995650,1605999
Zoran Planinic,2003,980280,1581207
Tayshaun Prince,2003,971160,1566496
Efthimios Rentzias,2003,971160,1566496
Robert Pack,2003,965610,1557544
Andrei Kirilenko,2003,955800,1541720
Mark Blount,2003,944922,1524174
Travis Outlaw,2003,941040,1517912
Travis Best,2003,938679,1514104
Fred Hoiberg,2003,938679,1514104
Gary Trent,2003,938679,1514104
Gerald Wallace,2003,917520,1479974
Brian Cook,2003,903360,1457133
Frank Williams,2003,894960,1443584
Rod Strickland,2003,887317,1431256
Samuel Dalembert,2003,887160,1431003
Mitchell Butler,2003,876179,1413290
John Salmons,2003,865320,1395774
Jamaal Tinsley,2003,861600,1389774
Primoz Brezec,2003,861600,1389774
Tony Parker,2003,856200,1381064
Chris Jefferies,2003,840360,1355513
Ndudi Ebi,2003,838560,1352610
Dan Dickau,2003,835200,1347190
Maciej Lampe,2003,829000,1337190
Robert Traylor,2003,825000,1330738
Kendrick Perkins,2003,814320,1313511
Jacque Vaughn,2003,813679,1312477
Rick Brunson,2003,813679,1312477
Darvin Ham,2003,813679,1312477
Anthony Johnson,2003,813679,1312477
John Wallace,2003,813679,1312477
Leandro Barbosa,2003,809280,1305381
Brian Scalabrine,2003,800000,1290412
Carlos Arroyo,2003,800000,1290412
Josh Howard,2003,773400,1247506
Mark Pope,2003,751179,1211663
Adrian Griffin,2003,751179,1211663
Damon Jones,2003,751179,1211663
Shammond Williams,2003,751179,1211663
Vladimir Stepania,2003,751179,1211663
Anthony Carter,2003,751179,1211663
Bruno Sundov,2003,751159,1211631
Eddie House,2003,750000,1209761
Reggie Evans,2003,700000,1129111
Doug Overton,2003,695844,1122406
Obinna Ekezie,2003,688679,1110850
Scott Padgett,2003,688679,1110850
Rafer Alston,2003,688679,1110850
Ansu Sesay,2003,688679,1110850
Amal McCaskill,2003,688679,1110850
Milt Palacio,2003,688679,1110850
Raja Bell,2003,688679,1110850
Oliver Miller,2003,686838,1107880
Brian Cardinal,2003,663679,1070524
Pepe Sanchez,2003,663679,1070524
Mark Madsen,2003,663679,1070524
Donnell Harvey,2003,663679,1070524
Ruben Boumtje-Boumtje,2003,663679,1070524
Michael Ruffin,2003,663679,1070524
Mike James,2003,638679,1030199
Chris Andersen,2003,638679,1030199
Jeff Trepagnier,2003,638679,1030199
Tremaine Fowlkes,2003,638679,1030199
Mike Wilks,2003,638679,1030199
Jamison Brewer,2003,638679,1030199
Bobby Simmons,2003,638679,1030199
Loren Woods,2003,638679,1030199
Trenton Hassell,2003,638679,1030199
Jabari Smith Sr,2003,638679,1030199
Jason Hart,2003,638679,1030199
Lonny Baxter,2003,636679,1026973
Mengke Bateer,2003,636679,1026973
Raul Lopez,2003,621520,1002521
Dan Langhi,2003,603786,973915
Sean Marks,2003,596295,961833
Alton Ford,2003,586082,945359
Tamar Slay,2003,563679,909223
Carlos Boozer,2003,563679,909223
JR Bremer,2003,563679,909223
Jamal Sampson,2003,563679,909223
Jannero Pargo,2003,563679,909223
Rasual Butler,2003,563679,909223
Dan Gadzuric,2003,563679,909223
Ronald Murray,2003,563679,909223
Robert Archibald,2003,563679,909223
Sam Clancy,2003,563679,909223
Devin Brown,2003,563679,909223
Roger Mason,2003,563679,909223
Mikki Moore,2003,513000,827477
Zendon Hamilton,2003,485619,783311
Muggsy Bogues,2003,437420,705565
Travis Hansen,2003,366931,591865
Brandon Hunter,2003,366931,591865
Linton Johnson,2003,366931,591865
Jason Kapono,2003,366931,591865
Jon Stefansson,2003,366931,591865
Marquis Daniels,2003,366931,591865
Francisco Elson,2003,366931,591865
James Jones,2003,366931,591865
Josh Moore,2003,366931,591865
Luke Walton,2003,366931,591865
Theron Smith,2003,366931,591865
Jerome Beasley,2003,366931,591865
Udonis Haslem,2003,366931,591865
Keith McLeod,2003,366931,591865
Richie Frahm,2003,366931,591865
Keith Bogans,2003,366931,591865
Zaza Pachulia,2003,366931,591865
Kyle Korver,2003,366931,591865
Willie Green,2003,366931,591865
Darius Songaila,2003,366931,591865
Alex Garcia,2003,366931,591865
Ben Handlogten,2003,366931,591865
Maurice Williams,2003,366931,591865
Steve Blake,2003,366931,591865
Paul Grant,2003,350581,565492
Matt Carroll,2003,349032,562994
Kaniel Dickens,2003,264011,425853
Cherokee Parks,2003,228946,369293
Tyrone Hill,2003,221829,357813
Damone Brown,2003,202508,326648
Quincy Lewis,2003,202341,326379
Ben Davis,2003,176369,284485
Rodney Buford,2003,145686,234993
Tracy Murray,2003,143537,231527
Slavko Vranes,2003,129768,209317
Sean Lampley,2003,89364,144145
Shane Heal,2003,75615,121968
Torraye Braggs,2003,53697,86614
Britton Johnsen,2003,44748,72179
Jelani McCoy,2003,36643,59105
Derrick Dial,2003,32375,52221
Shaquille O'Neal,2004,27696430,43261765
Dikembe Mutombo,2004,19485719,30436651
Allan Houston,2004,17531250,27383775
Chris Webber,2004,17531250,27383775
Kevin Garnett,2004,16000000,24991966
Jason Kidd,2004,14796000,23111320
Jermaine O'Neal,2004,14796000,23111320
Antoine Walker,2004,14625000,22844219
Zydrunas Ilgauskas,2004,14625000,22844219
Latrell Sprewell,2004,14625000,22844219
Anfernee Hardaway,2004,14625000,22844219
Stephon Marbury,2004,14625000,22844219
Ray Allen,2004,14625000,22844219
Allen Iverson,2004,14625000,22844219
Shareef Abdur-Rahim,2004,14625000,22844219
Michael Finley,2004,14609375,22819812
Tracy McGrady,2004,14487000,22628663
Keith Van Horn,2004,14487000,22628663
Grant Hill,2004,14487000,22628663
Jalen Rose,2004,14487000,22628663
Tim Duncan,2004,14260641,22275091
Kobe Bryant,2004,14175000,22141320
Eddie Jones,2004,13455000,21016681
Brian Grant,2004,13233434,20670596
Antonio Davis,2004,12925000,20188822
Tim Thomas,2004,12900000,20149772
Paul Pierce,2004,12584688,19657256
Vince Carter,2004,12584688,19657256
Dirk Nowitzki,2004,12584688,19657256
Antawn Jamison,2004,12584688,19657256
Damon Stoudamire,2004,12500000,19524973
Baron Davis,2004,12330000,19259434
Steve Francis,2004,12330000,19259434
Shawn Marion,2004,12330000,19259434
Glenn Robinson,2004,12071250,18855267
Elton Brand,2004,12056000,18831446
Nick Van Exel,2004,11933252,18639714
Carlos Boozer,2004,10967500,17131211
Theo Ratliff,2004,10937500,17084351
Lamar Odom,2004,10548596,16476884
Mike Bibby,2004,10500000,16400977
Dale Davis,2004,10068750,15727366
Rasheed Wallace,2004,9720000,15182619
Raef LaFrentz,2004,9714538,15174087
Kerry Kittles,2004,9566667,14943113
Kenyon Martin,2004,9454546,14767980
Gilbert Arenas,2004,9389600,14666535
Jamal Mashburn,2004,9300000,14526580
Wally Szczerbiak,2004,9000000,14057981
Vin Baker,2004,8833333,13797646
Steve Nash,2004,8750000,13667481
Jamaal Magloire,2004,8533333,13329048
Marcus Camby,2004,8500000,13276982
Maurice Taylor,2004,8450000,13198882
Derek Anderson,2004,8443500,13188729
Alan Henderson,2004,8273125,12922603
Austin Croshere,2004,8260000,12902102
Shandon Anderson,2004,8173699,12767299
PJ Brown,2004,8000000,12495983
Kelvin Cato,2004,7992000,12483487
Brad Miller,2004,7875000,12300733
Richard Hamilton,2004,7812500,12203108
Rashard Lewis,2004,7792208,12171412
Erick Dampier,2004,7700000,12027383
Bonzi Wells,2004,7700000,12027383
Bo Outlaw,2004,7632904,11922579
Doug Christie,2004,7550000,11793084
Jason Terry,2004,7500000,11714984
Mehmet Okur,2004,7500000,11714984
Jerry Stackhouse,2004,7437500,11617359
Andre Miller,2004,7366667,11506718
Lorenzen Wright,2004,7150000,11168284
Ben Wallace,2004,7000000,10933985
Corey Maggette,2004,7000000,10933985
Jason Williams,2004,6875000,10738735
Predrag Stojakovic,2004,6875000,10738735
Tariq Abdul-Wahad,2004,6750000,10543485
Darius Miles,2004,6750000,10543485
Manu Ginobili,2004,6603500,10314653
Christian Laettner,2004,6600000,10309185
Desmond Mason,2004,6529630,10199268
Jonathan Bender,2004,6525000,10192036
Adonal Foyle,2004,6500000,10152986
Al Harrington,2004,6325000,9879636
Howard Eisley,2004,6301923,9843589
Sam Cassell,2004,6250000,9762486
Vitaly Potapenko,2004,6191250,9670719
Jerome Williams,2004,6187500,9664861
Jahidi White,2004,6166466,9632006
Radoslav Nesterovic,2004,6160000,9621907
Metta World Peace,2004,6157895,9618619
Mike Miller,2004,6000000,9371987
Kenny Thomas,2004,6000000,9371987
Stromile Swift,2004,5993105,9361217
Calvin Booth,2004,5900700,9216880
Clarence Weatherspoon,2004,5899400,9214850
Joe Smith,2004,5899400,9214850
Todd MacCulloch,2004,5899400,9214850
Ruben Patterson,2004,5899400,9214850
Kurt Thomas,2004,5884500,9191576
Cuttino Mobley,2004,5884500,9191576
Alvin Williams,2004,5850000,9137687
Danny Fortson,2004,5818136,9087916
Quentin Richardson,2004,5800000,9059587
Scot Pollard,2004,5792250,9047482
Jamal Crawford,2004,5760000,8997107
Reggie Miller,2004,5500000,8590988
Aaron McKie,2004,5500000,8590988
Corliss Williamson,2004,5500000,8590988
Malik Rose,2004,5462500,8532413
Ricky Davis,2004,5455200,8521010
Chauncey Billups,2004,5455200,8521010
Jerome James,2004,5455200,8521010
Larry Hughes,2004,5455200,8521010
Gary Payton,2004,5408700,8448377
Scottie Pippen,2004,5408700,8448377
Juwan Howard,2004,5408700,8448377
James Posey,2004,5408700,8448377
Michael Olowokandi,2004,5408700,8448377
Alonzo Mourning,2004,5408700,8448377
Kwame Brown,2004,5361873,8375234
Clifford Robinson,2004,5287500,8259063
Nazr Mohammed,2004,5250000,8200488
Stephen Jackson,2004,5100000,7966189
Eddie Robinson,2004,5055556,7896767
Donyell Marshall,2004,5023850,7847243
Mark Blount,2004,4903000,7658475
Marquis Daniels,2004,4903000,7658475
Antonio McDyess,2004,4903000,7658475
Derek Fisher,2004,4903000,7658475
Vlade Divac,2004,4903000,7658475
Brian Cardinal,2004,4903000,7658475
Troy Hudson,2004,4903000,7658475
Hidayet Turkoglu,2004,4903000,7658475
Etan Thomas,2004,4903000,7658475
Eric Snow,2004,4875000,7614739
Lamond Murray,2004,4875000,7614739
Ervin Johnson,2004,4837633,7556372
Tyson Chandler,2004,4801102,7499311
Michael Stewart,2004,4800000,7497589
Rick Fox,2004,4800000,7497589
Tony Battie,2004,4800000,7497589
Anthony Mason,2004,4710435,7357689
Matt Harpring,2004,4690000,7325770
Devean George,2004,4546000,7100842
Derrick Coleman,2004,4500000,7028990
Jeff Foster,2004,4500000,7028990
Brian Skinner,2004,4500000,7028990
David Wesley,2004,4455000,6958700
Yao Ming,2004,4436880,6930397
Elden Campbell,2004,4400000,6872790
Morris Peterson,2004,4400000,6872790
Trenton Hassell,2004,4350000,6794690
LeBron James,2004,4320360,6748393
Pau Gasol,2004,4318481,6745458
Brent Barry,2004,4264900,6661764
Marc Jackson,2004,4225000,6599441
Chucky Atkins,2004,4200000,6560391
Dwight Howard,2004,4179720,6528713
Jason Caffey,2004,4148148,6479398
Shawn Bradley,2004,4000000,6247991
Greg Ostertag,2004,4000000,6247991
Carlos Arroyo,2004,4000000,6247991
Gordan Giricek,2004,4000000,6247991
Eddy Curry,2004,3896402,6086171
Darko Milicic,2004,3865440,6037809
Moochie Norris,2004,3850000,6013691
Eduardo Najera,2004,3809524,5950468
Aaron Williams,2004,3790257,5920373
Emeka Okafor,2004,3739680,5841372
Jeff McInnis,2004,3600000,5623192
Eric Williams,2004,3580000,5591952
Mike Dunleavy,2004,3565080,5568647
Jason Richardson,2004,3534018,5520128
Rafer Alston,2004,3500000,5466992
Carmelo Anthony,2004,3471360,5422257
Evan Eschmeyer,2004,3407655,5322749
Chris Mihm,2004,3371393,5266108
Ben Gordon,2004,3358320,5245688
Speedy Claxton,2004,3300000,5154593
Chris Crawford,2004,3250000,5076493
Voshon Lenard,2004,3250000,5076493
Matt Maloney,2004,3237500,5056968
Drew Gooden,2004,3214080,5020386
Shane Battier,2004,3212402,5017765
Bob Sura,2004,3200000,4998393
Othella Harrington,2004,3150000,4920293
Bobby Jackson,2004,3150000,4920293
Chris Bosh,2004,3129720,4888616
Mike James,2004,3100000,4842193
Shaun Livingston,2004,3027840,4729479
Stanislav Medvedenko,2004,3000000,4685993
Michael Redd,2004,3000000,4685993
Toni Kukoc,2004,3000000,4685993
George Lynch,2004,3000000,4685993
Arvydas Sabonis,2004,3000000,4685993
Bruce Bowen,2004,3000000,4685993
Pat Garrity,2004,2937500,4588368
Nikoloz Tskitishvili,2004,2910600,4546351
Iakovos Tsakalidis,2004,2900000,4529793
Dwyane Wade,2004,2834160,4426951
Eric Piatkowski,2004,2750000,4295494
Devin Harris,2004,2741880,4282810
Ira Newble,2004,2704350,4224188
Kevin Ollie,2004,2704350,4224188
Tony Delk,2004,2700000,4217394
Tom Gugliotta,2004,2700000,4217394
Rodney Rogers,2004,2700000,4217394
DeSagana Diop,2004,2695164,4209840
Greg Buckner,2004,2647824,4135895
Dajuan Wagner,2004,2643600,4129297
Chris Kaman,2004,2574240,4020957
Predrag Drobnjak,2004,2550000,3983094
Andres Nocioni,2004,2525000,3944044
Damon Jones,2004,2503000,3909680
Lucious Harris,2004,2500000,3904994
Earl Boykins,2004,2500000,3904994
Zeljko Rebraca,2004,2500000,3904994
Andrew DeClercq,2004,2500000,3904994
DeShawn Stevenson,2004,2500000,3904994
Josh Childress,2004,2490360,3889937
Jim Jackson,2004,2420000,3780034
Michael Doleac,2004,2400000,3748794
Joe Johnson,2004,2358954,3684681
Kirk Hinrich,2004,2349840,3670445
Kedrick Brown,2004,2332388,3643185
Vladimir Radmanovic,2004,2300984,3594132
Darrell Armstrong,2004,2275000,3553545
Luol Deng,2004,2273400,3551046
Richard Jefferson,2004,2266794,3540727
Nenê,2004,2260280,3530552
Troy Murphy,2004,2231808,3486079
Chris Wilcox,2004,2210880,3453389
Anthony Johnson,2004,2200000,3436395
Antonio Daniels,2004,2200000,3436395
TJ Ford,2004,2152800,3362669
Marko Jaric,2004,2100000,3280195
Rafael Araujo,2004,2082720,3253204
Amare Stoudemire,2004,2032200,3174292
Mike Sweetney,2004,1978920,3091068
Marcus Haislip,2004,1976380,3087101
Nick Collison,2004,1969680,3076636
Malik Allen,2004,1950625,3046872
Caron Butler,2004,1930680,3015718
Andre Iguodala,2004,1914480,2990413
Jason Collins,2004,1887864,2948839
Jarvis Hayes,2004,1879920,2936431
Jared Jeffries,2004,1834080,2864829
Luke Jackson,2004,1818720,2840836
Jon Barry,2004,1800000,2811596
Rodney White,2004,1797845,2808230
Mickael Pietrus,2004,1785960,2789665
Jerome Moiso,2004,1760000,2749116
Melvin Ely,2004,1742400,2721625
Brendan Haywood,2004,1735305,2710542
Andris Biedrins,2004,1727760,2698757
Steven Hunter,2004,1720046,2686707
Cezary Trybanski,2004,1700000,2655396
Charlie Ward,2004,1700000,2655396
Jarron Collins,2004,1700000,2655396
Jumaine Jones,2004,1687500,2635871
Jake Voskuhl,2004,1687500,2635871
Andrei Kirilenko,2004,1671694,2611182
Gerald Wallace,2004,1652453,2581128
Erick Strickland,2004,1650000,2577296
Robert Swift,2004,1641360,2563800
Marcus Banks,2004,1611840,2517690
Ron Mercer,2004,1600000,2499196
Robert Traylor,2004,1600000,2499196
Scott Williams,2004,1600000,2499196
Lindsey Hunter,2004,1600000,2499196
Calbert Cheaney,2004,1600000,2499196
Tyronn Lue,2004,1600000,2499196
Wesley Person,2004,1600000,2499196
Maurice Williams,2004,1600000,2499196
Fred Hoiberg,2004,1600000,2499196
Chris Andersen,2004,1600000,2499196
Ibo Kutluay,2004,1600000,2499196
Darius Songaila,2004,1600000,2499196
Anthony Peeler,2004,1600000,2499196
Samuel Dalembert,2004,1599549,2498492
Fred Jones,2004,1572480,2456210
Sebastian Telfair,2004,1559280,2435592
Primoz Brezec,2004,1554326,2427853
Jamaal Tinsley,2004,1554326,2427853
Jay Williams,2004,1550551,2421957
Tony Parker,2004,1545441,2413975
Luke Ridnour,2004,1531200,2391731
Zach Randolph,2004,1504272,2349669
Jason Collier,2004,1500000,2342996
Joel Przybilla,2004,1500000,2342996
Bostjan Nachbar,2004,1493880,2333437
Kris Humphries,2004,1481400,2313943
Earl Watson,2004,1458000,2277392
Reece Gaines,2004,1454640,2272144
Mike Wilks,2004,1440092,2249420
Jiri Welsch,2004,1419240,2216849
Al Jefferson,2004,1407240,2198105
Jason Hart,2004,1400000,2186797
Eddie House,2004,1388327,2168563
Troy Bell,2004,1381920,2158556
Juan Dixon,2004,1348200,2105885
Walter McCarty,2004,1337500,2089172
Kirk Snyder,2004,1336920,2088266
Daniel Santiago,2004,1320000,2061837
Raja Bell,2004,1320000,2061837
Zarko Cabarkapa,2004,1312800,2050590
Kevin Willis,2004,1300000,2030597
Curtis Borchardt,2004,1280880,2000731
Nate Huffman,2004,1280000,1999357
Josh Smith,2004,1270080,1983862
David West,2004,1247160,1948061
Ryan Humphrey,2004,1223160,1910573
JR Smith,2004,1206600,1884706
Rasual Butler,2004,1200000,1874397
John Amaechi,2004,1200000,1874397
Aleksandar Pavlovic,2004,1191000,1860339
Kareem Rush,2004,1174200,1834097
Dorell Wright,2004,1152240,1799796
Dahntay Jones,2004,1143360,1785925
Qyntel Woods,2004,1127280,1760808
Jameer Nelson,2004,1106160,1727819
Kenny Anderson,2004,1100000,1718197
Steve Smith,2004,1100000,1718197
Avery Johnson,2004,1100000,1718197
Bryon Russell,2004,1100000,1718197
Stacey Augmon,2004,1100000,1718197
Vladimir Stepania,2004,1100000,1718197
Robert Horry,2004,1100000,1718197
Tony Massenburg,2004,1100000,1718197
Boris Diaw,2004,1097640,1714511
Casey Jacobsen,2004,1082160,1690331
Pavel Podkolzin,2004,1061880,1658654
Zoran Planinic,2004,1053720,1645908
Tayshaun Prince,2004,1038960,1622853
Viktor Khryapa,2004,1019400,1592300
Travis Outlaw,2004,1011600,1580117
Travis Best,2004,1000000,1561997
Raul Lopez,2004,997320,1557811
Samaki Walker,2004,995046,1554259
Brian Cook,2004,971160,1516949
Frank Williams,2004,957480,1495581
Delonte West,2004,939480,1467465
Nenad Krstic,2004,939480,1467465
Jacque Vaughn,2004,932546,1456634
Brevin Knight,2004,932546,1456634
Amal McCaskill,2004,932546,1456634
Darvin Ham,2004,932546,1456634
Rick Brunson,2004,932546,1456634
John Salmons,2004,925680,1445910
Kendall Gill,2004,912195,1424846
Tony Allen,2004,901920,1408797
Carlos Delfino,2004,901920,1408797
Ndudi Ebi,2004,901440,1408047
Brian Scalabrine,2004,900000,1405798
Maciej Lampe,2004,900000,1405798
Chris Jefferies,2004,899040,1404298
Dan Dickau,2004,893400,1395488
Reggie Evans,2004,880000,1374558
Kendrick Perkins,2004,875400,1367372
Kevin Martin,2004,872040,1362124
Adrian Griffin,2004,870046,1359010
Mark Pope,2004,870046,1359010
Mikki Moore,2004,870046,1359010
Bruno Sundov,2004,870046,1359010
Leandro Barbosa,2004,870000,1358938
Josh Howard,2004,863640,1349003
Sasha Vujacic,2004,846840,1322762
Michael Curry,2004,845122,1320078
Beno Udrih,2004,841680,1314702
David Harrison,2004,835560,1305142
Bobby Simmons,2004,825000,1288648
Scott Padgett,2004,807546,1261385
Zendon Hamilton,2004,807546,1261385
Anthony Carter,2004,807546,1261385
Milt Palacio,2004,807546,1261385
Ryan Bowen,2004,807046,1260604
Didier Ilunga-Mbenga,2004,800000,1249598
Anderson Varejao,2004,788000,1230854
Loren Woods,2004,755000,1179308
Mamadou N'diaye,2004,750000,1171498
Keith McLeod,2004,750000,1171498
Rodney Buford,2004,745046,1163760
DerMarr Johnson,2004,745046,1163760
Ansu Sesay,2004,745046,1163760
Keyon Dooling,2004,745046,1163760
Wang Zhizhi,2004,745046,1163760
Mark Madsen,2004,745046,1163760
Lee Nailon,2004,745046,1163760
Sean Marks,2004,745046,1163760
Laron Profit,2004,745046,1163760
Michael Ruffin,2004,745046,1163760
Marcus Fizer,2004,735960,1149567
Mateen Cleaves,2004,735960,1149567
Jabari Smith Sr,2004,720046,1124710
Eddie Gill,2004,720046,1124710
Tierre Brown,2004,720046,1124710
Jamison Brewer,2004,720046,1124710
Michael Bradley,2004,720046,1124710
Aleksandar Radojevic,2004,720046,1124710
Jamal Sampson,2004,695046,1085660
Tamar Slay,2004,695046,1085660
Jannero Pargo,2004,695046,1085660
Smush Parker,2004,695046,1085660
Dan Gadzuric,2004,695046,1085660
Eddie Griffin,2004,695046,1085660
Junior Harrington,2004,695046,1085660
Ronald Murray,2004,695046,1085660
Richie Frahm,2004,695046,1085660
Matt Barnes,2004,695046,1085660
Maurice Evans,2004,695046,1085660
Devin Brown,2004,695046,1085660
Jason Kapono,2004,620046,968510
Keith Bogans,2004,620046,968510
Theron Smith,2004,620046,968510
Tommy Smith,2004,620046,968510
Francisco Elson,2004,620046,968510
Ronald Dupree,2004,620046,968510
James Jones,2004,620046,968510
Quinton Ross,2004,620046,968510
Luke Walton,2004,620046,968510
Jerome Beasley,2004,620046,968510
Udonis Haslem,2004,620046,968510
Zaza Pachulia,2004,620046,968510
Alex Garcia,2004,620046,968510
Brandon Hunter,2004,620046,968510
Josh Davis,2004,620046,968510
Kyle Korver,2004,620046,968510
Willie Green,2004,620046,968510
Linton Johnson,2004,620046,968510
Steve Blake,2004,620046,968510
Peter John Ramos,2004,600000,937198
Lonny Baxter,2004,542475,847344
Efthimios Rentzias,2004,516865,807342
Kaniel Dickens,2004,483938,755910
Lionel Chalmers,2004,450000,702899
Donta Smith,2004,425000,663849
Royal Ivey,2004,425000,663849
Justin Reed,2004,385277,601801
Bernard Robinson,2004,385277,601801
Chris Duhon,2004,385277,601801
Jared Reiner,2004,385277,601801
Arthur Johnson,2004,385277,601801
Horace Jenkins,2004,385277,601801
Luis Flores,2004,385277,601801
Andre Barrett,2004,385277,601801
John Edwards,2004,385277,601801
Andre Emmett,2004,385277,601801
Antonio Burks,2004,385277,601801
Trevor Ariza,2004,385277,601801
Damien Wilkins,2004,385277,601801
Mario Kasun,2004,385277,601801
Jackson Vroman,2004,385277,601801
Erik Daniels,2004,385277,601801
Romain Sato,2004,385277,601801
Matt Bonner,2004,385277,601801
Pape Sow,2004,385277,601801
Matt Freije,2004,380579,594463
Corsley Edwards,2004,319498,499055
Tony Bobbitt,2004,305403,477038
Roger Mason,2004,203428,317754
Jelani McCoy,2004,167418,261506
Anthony Goldwire,2004,116713,182305
Yuta Tabuse,2004,108066,168798
Awvee Storey,2004,84573,132102
Tremaine Fowlkes,2004,79029,123443
Courtney Alexander,2004,79029,123443
Geno Carlisle,2004,65779,102746
Britton Johnsen,2004,45369,70866
Anthony Miller,2004,34118,53292
Shaquille O'Neal,2005,20000000,30468997
Allan Houston,2005,19125000,29135978
Chris Webber,2005,19125000,29135978
Michael Finley,2005,18612500,28355210
Kevin Garnett,2005,18000000,27422097
Stephon Marbury,2005,16453125,25065511
Allen Iverson,2005,16453125,25065511
Jason Kidd,2005,16440000,25045515
Jermaine O'Neal,2005,16440000,25045515
Brian Grant,2005,16006220,24384673
Kobe Bryant,2005,15946875,24294264
Tim Duncan,2005,15845156,24139300
Anfernee Hardaway,2005,15750000,23994335
Keith Van Horn,2005,15694250,23909403
Tracy McGrady,2005,15694250,23909403
Grant Hill,2005,15694250,23909403
Jalen Rose,2005,15694250,23909403
Eddie Jones,2005,14576250,22206186
Tim Thomas,2005,13975000,21290211
Antonio Davis,2005,13925000,21214039
Paul Pierce,2005,13843156,21089354
Vince Carter,2005,13843156,21089354
Dirk Nowitzki,2005,13843156,21089354
Antawn Jamison,2005,13843156,21089354
Baron Davis,2005,13700000,20871263
Steve Francis,2005,13700000,20871263
Shawn Marion,2005,13700000,20871263
Ray Allen,2005,13223140,20144790
Elton Brand,2005,13152000,20036412
Joe Johnson,2005,12000000,18281398
Michael Redd,2005,12000000,18281398
Theo Ratliff,2005,11666666,17773580
Carlos Boozer,2005,11593816,17662597
Mike Bibby,2005,11500000,17519673
Lamar Odom,2005,11465333,17466860
Pau Gasol,2005,10993000,16747284
Andrei Kirilenko,2005,10983000,16732049
Rasheed Wallace,2005,10860000,16544665
Derek Anderson,2005,10763000,16396890
Zach Randolph,2005,10666667,16250132
Kenyon Martin,2005,10636364,16203967
Raef LaFrentz,2005,10623288,16184046
Larry Hughes,2005,10344900,15759936
Gilbert Arenas,2005,10243200,15605001
Richard Jefferson,2005,10200000,15539188
Jamal Mashburn,2005,10075000,15348757
Wally Szczerbiak,2005,10000000,15234498
Doug Christie,2005,9775000,14891721
Steve Nash,2005,9625000,14663205
Vin Baker,2005,9183333,13990347
Marcus Camby,2005,9150000,13939566
Maurice Taylor,2005,9100000,13863393
Tyson Chandler,2005,9000000,13711048
Shandon Anderson,2005,8935000,13612023
Jason Richardson,2005,8888888,13541775
Brad Miller,2005,8750000,13330186
Zydrunas Ilgauskas,2005,8740000,13314951
Erick Dampier,2005,8662500,13196884
Kelvin Cato,2005,8640000,13162606
Richard Hamilton,2005,8625000,13139755
Rashard Lewis,2005,8571429,13058142
Jamaal Magloire,2005,8533333,13000105
Aaron McKie,2005,8500000,12949323
Samuel Dalembert,2005,8470000,12903620
Tony Parker,2005,8400000,12796978
Jerry Stackhouse,2005,8367187,12746989
Mehmet Okur,2005,8250000,12568461
Andre Miller,2005,8100000,12339943
Bobby Simmons,2005,8000000,12187598
PJ Brown,2005,8000000,12187598
Bonzi Wells,2005,8000000,12187598
Austin Croshere,2005,7900000,12035253
Lorenzen Wright,2005,7700000,11730564
Jason Williams,2005,7562500,11521089
Ben Wallace,2005,7500000,11425874
Kwame Brown,2005,7500000,11425874
Predrag Stojakovic,2005,7500000,11425874
Manu Ginobili,2005,7428937,11317613
Eddy Curry,2005,7390000,11258294
Troy Murphy,2005,7365079,11220328
Desmond Mason,2005,7333333,11171965
Adonal Foyle,2005,7312500,11140227
Calvin Booth,2005,7255098,11052777
Darius Miles,2005,7250000,11045011
Cuttino Mobley,2005,7200000,10968839
Jonathan Bender,2005,7175000,10930752
Corey Maggette,2005,7000000,10664149
Al Harrington,2005,6957500,10599402
Quentin Richardson,2005,6940000,10572742
Antoine Walker,2005,6880000,10481335
Sam Cassell,2005,6875000,10473717
Metta World Peace,2005,6842105,10423603
Mike Miller,2005,6750000,10283286
Radoslav Nesterovic,2005,6720000,10237583
Jason Terry,2005,6666667,10156332
Jerome Williams,2005,6620063,10085334
Kurt Thomas,2005,6620062,10085332
Kenny Thomas,2005,6500000,9902424
Jamal Crawford,2005,6480000,9871955
Lamond Murray,2005,6388500,9732558
Clarence Weatherspoon,2005,6353200,9678781
Joe Smith,2005,6353200,9678781
Todd MacCulloch,2005,6353200,9678781
Ruben Patterson,2005,6353200,9678781
Alvin Williams,2005,6300000,9597734
Scot Pollard,2005,6274937,9559551
Danny Fortson,2005,6207670,9457074
Malik Rose,2005,6008750,9154029
Reggie Miller,2005,6000000,9140699
Corliss Williamson,2005,6000000,9140699
Howard Eisley,2005,5926984,9029462
Ricky Davis,2005,5909800,9003284
Chauncey Billups,2005,5909800,9003284
Juwan Howard,2005,5900400,8988963
James Posey,2005,5900400,8988963
Michael Olowokandi,2005,5900400,8988963
Stephen Jackson,2005,5610000,8546553
Yao Ming,2005,5594906,8523558
Mark Blount,2005,5515875,8403159
Jason Collins,2005,5500000,8378974
Nazr Mohammed,2005,5500000,8378974
Eric Snow,2005,5484375,8355170
Eddie Robinson,2005,5444444,8294337
Jamaal Tinsley,2005,5400000,8226629
Marquis Daniels,2005,5393300,8216422
Antonio McDyess,2005,5393300,8216422
Derek Fisher,2005,5393300,8216422
Brian Cardinal,2005,5393300,8216422
Hidayet Turkoglu,2005,5393300,8216422
Etan Thomas,2005,5393300,8216422
Troy Hudson,2005,5253000,8002682
Tony Battie,2005,5200000,7921939
Alonzo Mourning,2005,5138500,7828246
David Wesley,2005,5070000,7723890
Matt Harpring,2005,5020000,7647718
Devean George,2005,5000600,7618163
Gerald Wallace,2005,5000000,7617249
Earl Watson,2005,5000000,7617249
Stromile Swift,2005,5000000,7617249
Jeff Foster,2005,5000000,7617249
Udonis Haslem,2005,5000000,7617249
Marko Jaric,2005,5000000,7617249
Jerome James,2005,5000000,7617249
Shareef Abdur-Rahim,2005,5000000,7617249
Antonio Daniels,2005,5000000,7617249
Brian Skinner,2005,4950000,7541076
Shane Battier,2005,4903000,7469474
Donyell Marshall,2005,4799108,7311200
Dan Gadzuric,2005,4750000,7236386
Brent Barry,2005,4691390,7147097
LeBron James,2005,4621800,7041080
Brevin Knight,2005,4600000,7007869
Marc Jackson,2005,4550000,6931696
Morris Peterson,2005,4550000,6931696
Mike Dunleavy,2005,4506261,6865062
Shawn Bradley,2005,4500000,6855524
Chucky Atkins,2005,4500000,6855524
Dwight Howard,2005,4493160,6845104
Greg Ostertag,2005,4400000,6703179
Trenton Hassell,2005,4350000,6627006
Andrew Bogut,2005,4340520,6612564
Raja Bell,2005,4250000,6474661
Moochie Norris,2005,4200000,6398489
Eduardo Najera,2005,4190476,6383980
Darko Milicic,2005,4135200,6299769
Drew Gooden,2005,4065811,6194059
Emeka Okafor,2005,4020120,6124451
Zaza Pachulia,2005,4000000,6093799
Carlos Arroyo,2005,4000000,6093799
Sarunas Jasikevicius,2005,4000000,6093799
Gordan Giricek,2005,4000000,6093799
Brendan Haywood,2005,4000000,6093799
Eric Williams,2005,3938000,5999345
Marvin Williams,2005,3883560,5916408
Rafer Alston,2005,3850000,5865282
Chris Mihm,2005,3792817,5778166
Damon Stoudamire,2005,3750000,5712937
Carmelo Anthony,2005,3713640,5657544
Evan Eschmeyer,2005,3711400,5654131
Tariq Abdul-Wahad,2005,3656250,5570113
Kyle Korver,2005,3630363,5530676
Ben Gordon,2005,3610200,5499958
Speedy Claxton,2005,3600000,5484419
Greg Buckner,2005,3595926,5478212
Damon Jones,2005,3590000,5469185
Voshon Lenard,2005,3520000,5362543
Bob Sura,2005,3520000,5362543
Tyronn Lue,2005,3500000,5332074
Othella Harrington,2005,3500000,5332074
Dale Davis,2005,3500000,5332074
Chris Andersen,2005,3500000,5332074
Deron Williams,2005,3487400,5312879
Mike James,2005,3410000,5194964
Jeff McInnis,2005,3400000,5179729
Tony Delk,2005,3375000,5141643
Bobby Jackson,2005,3375000,5141643
Bruce Bowen,2005,3375000,5141643
Aaron Williams,2005,3375000,5141643
Chris Bosh,2005,3348000,5100510
Vitaly Potapenko,2005,3320000,5057853
Shaun Livingston,2005,3254880,4958646
Pat Garrity,2005,3231250,4922647
George Lynch,2005,3200000,4875039
Vladimir Radmanovic,2005,3166155,4823478
Chris Paul,2005,3144240,4790092
Keyon Dooling,2005,3100000,4722694
Nenê,2005,3039889,4631118
Dwyane Wade,2005,3031920,4618978
Kareem Rush,2005,3000000,4570349
Eric Piatkowski,2005,3000000,4570349
Zeljko Rebraca,2005,3000000,4570349
Stanislav Medvedenko,2005,3000000,4570349
Robert Horry,2005,3000000,4570349
Ira Newble,2005,2950200,4494481
Kevin Ollie,2005,2950200,4494481
Devin Harris,2005,2947440,4490277
Iakovos Tsakalidis,2005,2900000,4418004
Raymond Felton,2005,2847360,4337810
Chris Wilcox,2005,2812239,4284305
Chris Duhon,2005,2800000,4265659
Steven Hunter,2005,2800000,4265659
Andres Nocioni,2005,2775000,4227573
Chris Kaman,2005,2753760,4195215
Primoz Brezec,2005,2750000,4189487
Earl Boykins,2005,2750000,4189487
DeShawn Stevenson,2005,2750000,4189487
Josh Childress,2005,2677200,4078579
Michael Doleac,2005,2640000,4021907
Jim Jackson,2005,2640000,4021907
Amare Stoudemire,2005,2589023,3944246
Brian Scalabrine,2005,2586207,3939956
Martell Webster,2005,2586120,3939824
Kirk Hinrich,2005,2513880,3829770
Clifford Robinson,2005,2500000,3808624
Eddie Griffin,2005,2500000,3808624
Arvydas Macijauskas,2005,2500000,3808624
Bostjan Nachbar,2005,2500000,3808624
Damien Wilkins,2005,2500000,3808624
Juan Dixon,2005,2500000,3808624
Devin Brown,2005,2500000,3808624
Caron Butler,2005,2461617,3750150
Luol Deng,2005,2443920,3723189
Jared Jeffries,2005,2433824,3707808
Anthony Johnson,2005,2420000,3686748
Melvin Ely,2005,2401027,3657844
James Jones,2005,2400000,3656279
Charlie Villanueva,2005,2360880,3596682
Fred Jones,2005,2328843,3547875
Fabricio Oberto,2005,2325000,3542020
TJ Ford,2005,2303040,3508565
Dan Dickau,2005,2250000,3427762
Rafael Araujo,2005,2238960,3410943
Darius Songaila,2005,2200000,3351589
Jose Calderon,2005,2190000,3336355
Jiri Welsch,2005,2177114,3316724
Channing Frye,2005,2162880,3295039
Mike Sweetney,2005,2116920,3225021
Andre Iguodala,2005,2058000,3135259
Jarvis Hayes,2005,2011080,3063779
Derrick Coleman,2005,2000000,3046899
Dikembe Mutombo,2005,2000000,3046899
Vlade Divac,2005,2000000,3046899
Toni Kukoc,2005,2000000,3046899
Mark Madsen,2005,2000000,3046899
Matt Bonner,2005,2000000,3046899
Ike Diogu,2005,1988160,3028862
Curtis Borchardt,2005,1969993,3001185
Luke Jackson,2005,1955160,2978588
Jake Voskuhl,2005,1937500,2951684
Mickael Pietrus,2005,1910520,2910581
Andrew Bynum,2005,1888680,2877309
Jumaine Jones,2005,1875000,2856468
Charlie Ward,2005,1870000,2848851
Andris Biedrins,2005,1857360,2829594
DeSagana Diop,2005,1850000,2818382
Nick Collison,2005,1815000,2765061
Jon Barry,2005,1800000,2742209
Robert Swift,2005,1764480,2688096
Tayshaun Prince,2005,1763115,2686017
Ron Mercer,2005,1760000,2681271
Lindsey Hunter,2005,1760000,2681271
Calbert Cheaney,2005,1760000,2681271
Wesley Person,2005,1760000,2681271
Maurice Williams,2005,1760000,2681271
Fred Hoiberg,2005,1760000,2681271
Ibo Kutluay,2005,1760000,2681271
Raul Lopez,2005,1744313,2657373
Marcus Banks,2005,1724280,2626854
Yaroslav Korolev,2005,1704480,2596689
Jarron Collins,2005,1700000,2589864
Sebastian Telfair,2005,1676280,2553728
Scott Padgett,2005,1670000,2544161
Malik Allen,2005,1670000,2544161
Michael Ruffin,2005,1670000,2544161
John Salmons,2005,1669001,2542639
Jason Collier,2005,1650000,2513692
Luke Ridnour,2005,1638000,2495410
Sean May,2005,1619280,2466891
Kris Humphries,2005,1592400,2425941
Joel Przybilla,2005,1560000,2376581
Reece Gaines,2005,1556160,2370731
Jason Hart,2005,1540000,2346112
Rashad McCants,2005,1538400,2343675
Al Jefferson,2005,1512840,2304735
Maurice Evans,2005,1500000,2285174
Troy Bell,2005,1478280,2252085
Antoine Wright,2005,1461360,2226308
Kirk Snyder,2005,1437240,2189563
Zarko Cabarkapa,2005,1404360,2139472
Milt Palacio,2005,1400000,2132829
Joey Graham,2005,1388400,2115157
Josh Smith,2005,1365360,2080057
Jermaine Jackson,2005,1355067,2064376
David West,2005,1334160,2032525
Danny Granger,2005,1318920,2009308
Rasual Butler,2005,1300000,1980484
JR Smith,2005,1297080,1976036
Aleksandar Pavlovic,2005,1274160,1941118
Gerald Green,2005,1253040,1908943
Luke Walton,2005,1250000,1904312
Keith McLeod,2005,1250000,1904312
Dorell Wright,2005,1238640,1887005
Dahntay Jones,2005,1223160,1863422
Hakim Warrick,2005,1196520,1822838
Jameer Nelson,2005,1189200,1811686
Boris Diaw,2005,1174200,1788834
Julius Hodge,2005,1148760,1750078
Pavel Podkolzin,2005,1141560,1739109
Alan Henderson,2005,1138500,1734447
Darrell Armstrong,2005,1138500,1734447
Bryon Russell,2005,1138500,1734447
Gary Payton,2005,1138500,1734447
Ervin Johnson,2005,1138500,1734447
Bo Outlaw,2005,1138500,1734447
Stacey Augmon,2005,1138500,1734447
Nick Van Exel,2005,1138500,1734447
Zoran Planinic,2005,1127280,1717354
Nate Robinson,2005,1102680,1679877
Matt Carroll,2005,1100000,1675794
Jason Kapono,2005,1100000,1675794
Reggie Evans,2005,1100000,1675794
Viktor Khryapa,2005,1095960,1669640
Jacque Vaughn,2005,1094550,1667492
Travis Outlaw,2005,1082160,1648616
Jarrett Jack,2005,1058640,1612784
Brian Cook,2005,1038960,1582803
Walter McCarty,2005,1035000,1576770
Rick Brunson,2005,1029873,1568959
Mikki Moore,2005,1020000,1553918
Sergey Monya,2005,1016400,1548434
Francisco Garcia,2005,1016400,1548434
Delonte West,2005,1010040,1538745
Nenad Krstic,2005,1010040,1538745
John Edwards,2005,1000000,1523449
Steve Blake,2005,1000000,1523449
Luther Head,2005,975600,1486277
Tony Allen,2005,969696,1477283
Carlos Delfino,2005,969696,1477283
Ndudi Ebi,2005,964320,1469093
Darrick Martin,2005,946646,1442167
Kevin Martin,2005,937440,1428142
Johan Petro,2005,936600,1426863
Kendrick Perkins,2005,936480,1426680
Leandro Barbosa,2005,930600,1417722
Josh Howard,2005,923880,1407484
Sasha Vujacic,2005,910440,1387009
Jason Maxiell,2005,905640,1379697
Beno Udrih,2005,904800,1378417
Ryan Bowen,2005,900498,1371863
Anthony Carter,2005,900498,1371863
Maciej Lampe,2005,900000,1371104
David Harrison,2005,898200,1368362
Jannero Pargo,2005,895248,1363865
Ronald Murray,2005,895248,1363865
Didier Ilunga-Mbenga,2005,880000,1340635
Linas Kleiza,2005,879360,1339660
Keith Bogans,2005,869373,1324446
Wayne Simien,2005,867720,1321927
Anderson Varejao,2005,866800,1320526
David Lee,2005,861360,1312238
DerMarr Johnson,2005,835810,1273314
Terence Morris,2005,835810,1273314
Lee Nailon,2005,835810,1273314
Eddie House,2005,835810,1273314
Sean Marks,2005,835810,1273314
Eddie Gill,2005,819551,1248544
Michael Bradley,2005,819550,1248543
Loren Woods,2005,780000,1188290
Charles Smith,2005,771123,1174767
Adrian Griffin,2005,768718,1171103
Pat Burke,2005,750000,1142587
Mike Wilks,2005,745248,1135347
Lonny Baxter,2005,745248,1135347
Laron Profit,2005,745248,1135347
Smush Parker,2005,745248,1135347
Nikoloz Tskitishvili,2005,745248,1135347
Linton Johnson,2005,719373,1095928
Francisco Elson,2005,719373,1095928
Richie Frahm,2005,719373,1095928
Ronald Dupree,2005,719373,1095928
Jamal Sampson,2005,719373,1095928
Quinton Ross,2005,700000,1066414
Matt Barnes,2005,683862,1041829
Jackson Vroman,2005,682051,1039070
Trevor Ariza,2005,682051,1039070
Romain Sato,2005,682051,1039070
Lionel Chalmers,2005,682050,1039068
Mario Kasun,2005,682050,1039068
Salim Stoudamire,2005,675000,1028328
Peter John Ramos,2005,660000,1005476
Donta Smith,2005,641748,977670
Royal Ivey,2005,641748,977670
Justin Reed,2005,641748,977670
Bernard Robinson,2005,641748,977670
Antonio Burks,2005,641748,977670
Andre Emmett,2005,641748,977670
Charlie Bell,2005,641748,977670
Ha Seung-Jin,2005,641748,977670
Pape Sow,2005,641748,977670
Awvee Storey,2005,641748,977670
James Singleton,2005,625000,952156
Qyntel Woods,2005,599834,913817
Daniel Ewing,2005,450000,685552
Louis Williams,2005,450000,685552
Monta Ellis,2005,448762,683666
Ryan Gomes,2005,428762,653197
Chris Taft,2005,423762,645580
Esteban Batista,2005,398762,607493
Orien Greene,2005,398762,607493
Alan Anderson,2005,398762,607493
Kevin Burleson,2005,398762,607493
Eddie Basden,2005,398762,607493
Martynas Andriuskevicius,2005,398762,607493
Josh Powell,2005,398762,607493
Rawle Marshall,2005,398762,607493
Alex Acker,2005,398762,607493
Amir Johnson,2005,398762,607493
Boniface N'Dong,2005,398762,607493
Von Wafer,2005,398762,607493
Devin Green,2005,398762,607493
Anthony Roberson,2005,398762,607493
Lawrence Roberts,2005,398762,607493
Earl Barron,2005,398762,607493
Ersan Ilyasova,2005,398762,607493
Bracey Wright,2005,398762,607493
Dwayne Jones,2005,398762,607493
Brandon Bass,2005,398762,607493
Jackie Butler,2005,398762,607493
Travis Diener,2005,398762,607493
Shavlik Randolph,2005,398762,607493
Dijon Thompson,2005,398762,607493
Ronnie Price,2005,398762,607493
CJ Miles,2005,398762,607493
Robert Whaley,2005,398762,607493
Andre Owens,2005,398762,607493
Andray Blatche,2005,398762,607493
Donell Taylor,2005,398762,607493
Samaki Walker,2005,364223,554875
Gerald Fitch,2005,359858,548225
Zendon Hamilton,2005,329138,501425
Mateen Cleaves,2005,305784,465846
John Thomas,2005,282118,429792
Jared Reiner,2005,242612,369607
Josh Davis,2005,193003,294029
Dion Glover,2005,163085,248451
Aaron Miles,2005,155614,237070
Sean Banks,2005,150751,229661
James Thomas,2005,148698,226533
Sharrod Ford,2005,116711,177803
Deng Gai,2005,92396,140760
Anthony Goldwire,2005,74652,113728
Randy Holcomb,2005,52033,79269
Stephen Graham,2005,48630,74085
Matt Walsh,2005,38904,59268
Ben Handlogten,2005,35091,53459
John Lucas,2005,34041,51859
Kaniel Dickens,2005,31305,47691
Alex Scales,2005,24315,37042
Melvin Sanders,2005,24315,37042
Kevin Garnett,2006,21000000,30667969
Shaquille O'Neal,2006,20000000,29207589
Michael Finley,2006,19030999,27792480
Chris Webber,2006,18261024,26668024
Jason Kidd,2006,18084000,26409502
Jermaine O'Neal,2006,18084000,26409502
Kobe Bryant,2006,17718750,25876099
Tim Duncan,2006,17429672,25453935
Allen Iverson,2006,17184375,25095708
Stephon Marbury,2006,17184375,25095708
Tracy McGrady,2006,16901500,24682604
Grant Hill,2006,16901500,24682604
Brian Grant,2006,16786950,24515316
Jalen Rose,2006,16141500,23572715
Ben Wallace,2006,16000000,23366071
Eddie Jones,2006,15395472,22483231
Paul Pierce,2006,15101625,22054103
Vince Carter,2006,15101625,22054103
Dirk Nowitzki,2006,15101625,22054103
Antawn Jamison,2006,15101625,22054103
Baron Davis,2006,15070000,22007919
Steve Francis,2006,15070000,22007919
Shawn Marion,2006,15070000,22007919
Ray Allen,2006,14611570,21338437
Elton Brand,2006,14248000,20807487
Larry Hughes,2006,13363012,19515068
Michael Redd,2006,13260000,19364632
Joe Johnson,2006,12744189,18611352
Mike Bibby,2006,12500000,18254743
Yao Ming,2006,12455000,18189026
Amare Stoudemire,2006,12455000,18189026
Pau Gasol,2006,12364000,18056132
Andrei Kirilenko,2006,12364000,18056132
Lamar Odom,2006,12348596,18033636
Kenyon Martin,2006,12068182,17624125
Zach Randolph,2006,12000000,17524553
Wally Szczerbiak,2006,11775000,17195968
Theo Ratliff,2006,11666666,17037759
Rasheed Wallace,2006,11650000,17013421
Raef LaFrentz,2006,11532037,16841150
Carlos Boozer,2006,11260483,16444578
Richard Jefferson,2006,11200000,16356250
Gilbert Arenas,2006,11096800,16205539
Derek Anderson,2006,11043897,16128279
Predrag Stojakovic,2006,10800000,15772098
Steve Nash,2006,10500000,15333984
Jason Richardson,2006,9999999,14603793
Erick Dampier,2006,9628000,14060533
Brad Miller,2006,9625000,14056152
Samuel Dalembert,2006,9464307,13821479
Tony Parker,2006,9450000,13800586
Zydrunas Ilgauskas,2006,9442697,13789921
Rashard Lewis,2006,9350649,13655496
Jerry Stackhouse,2006,9296874,13576964
Richard Hamilton,2006,9187500,13417236
Tyson Chandler,2006,9150000,13362472
Marcus Camby,2006,8800000,12851339
Andre Miller,2006,8733333,12753980
Bobby Simmons,2006,8640000,12617678
Maurice Taylor,2006,8565918,12509490
PJ Brown,2006,8560000,12500848
Jamaal Magloire,2006,8433334,12315868
Kwame Brown,2006,8287500,12102895
Troy Murphy,2006,8285714,12100286
Manu Ginobili,2006,8254375,12054520
Jason Williams,2006,8250000,12048130
Mehmet Okur,2006,8250000,12048130
Eddy Curry,2006,8171103,11932911
Adonal Foyle,2006,8125000,11865583
Cuttino Mobley,2006,8125000,11865583
Jason Terry,2006,8100000,11829073
Aaron McKie,2006,8070874,11786538
Desmond Mason,2006,8037037,11737124
Nenê,2006,8000000,11683035
Tayshaun Prince,2006,7851240,11465789
Kurt Thomas,2006,7821482,11422331
Darius Miles,2006,7750000,11317941
Calvin Booth,2006,7628858,11141026
Al Harrington,2006,7625000,11135393
Mike Miller,2006,7623813,11133660
Antoine Walker,2006,7606820,11108843
Metta World Peace,2006,7526316,10991277
Quentin Richardson,2006,7525500,10990085
Malik Rose,2006,7525397,10989935
Mike Dunleavy,2006,7438016,10862326
Caron Butler,2006,7438000,10862302
Austin Croshere,2006,7300000,10660770
Mark Blount,2006,7288165,10643486
Radoslav Nesterovic,2006,7280000,10631562
Shandon Anderson,2006,7244726,10580049
Jamal Crawford,2006,7200000,10514732
Kenny Thomas,2006,7187500,10496477
Jerome Williams,2006,7014400,10243685
Corey Maggette,2006,7000000,10222656
Speedy Claxton,2006,6854546,10010238
Sam Cassell,2006,6850000,10003599
Ruben Patterson,2006,6807000,9940803
Joe Smith,2006,6807000,9940803
Alonzo Mourning,2006,6725433,9821683
Drew Gooden,2006,6645402,9704808
Danny Fortson,2006,6596990,9634108
Corliss Williamson,2006,6500000,9492466
Matt Harpring,2006,6500000,9492466
Juwan Howard,2006,6392100,9334891
James Posey,2006,6392100,9334891
Chauncey Billups,2006,6364400,9294439
Ricky Davis,2006,6364400,9294439
Chris Wilcox,2006,6250000,9127371
Stephen Jackson,2006,6120000,8937522
Eric Snow,2006,6093750,8899187
Antonio McDyess,2006,5883600,8592288
Marquis Daniels,2006,5883600,8592288
Hidayet Turkoglu,2006,5883600,8592288
Derek Fisher,2006,5883600,8592288
Etan Thomas,2006,5883600,8592288
Jamaal Tinsley,2006,5850000,8543220
LeBron James,2006,5828090,8511223
Jason Collins,2006,5800000,8470201
Tony Battie,2006,5746000,8391340
Donyell Marshall,2006,5633037,8226371
Troy Hudson,2006,5603000,8182506
Gerald Wallace,2006,5525000,8068596
Udonis Haslem,2006,5525000,8068596
Marko Jaric,2006,5525000,8068596
Jeff Foster,2006,5500000,8032087
Brian Cardinal,2006,5400000,7886049
Stromile Swift,2006,5400000,7886049
Brian Skinner,2006,5400000,7886049
Jerome James,2006,5400000,7886049
Earl Watson,2006,5400000,7886049
Shareef Abdur-Rahim,2006,5400000,7886049
Antonio Daniels,2006,5400000,7886049
Shane Battier,2006,5393300,7876264
Vin Baker,2006,5329555,7783172
Bobby Jackson,2006,5259000,7680135
Dan Gadzuric,2006,5252065,7670008
Darko Milicic,2006,5218622,7621168
Nazr Mohammed,2006,5215000,7615879
Tim Thomas,2006,5215000,7615879
Vladimir Radmanovic,2006,5215000,7615879
Mike James,2006,5215000,7615879
Jared Jeffries,2006,5215000,7615879
Joel Przybilla,2006,5215000,7615879
Greg Buckner,2006,5182074,7567793
Brent Barry,2006,5117880,7474047
Marc Jackson,2006,4875000,7119350
Dwight Howard,2006,4806720,7019635
Shawn Bradley,2006,4800000,7009821
Carmelo Anthony,2006,4694041,6855081
Andrew Bogut,2006,4665960,6814072
Alvin Williams,2006,4587508,6699501
Eduardo Najera,2006,4571428,6676019
Morris Peterson,2006,4550000,6644726
Andrea Bargnani,2006,4501200,6573460
Raja Bell,2006,4500000,6571707
Brendan Haywood,2006,4500000,6571707
Brevin Knight,2006,4400000,6425669
John Salmons,2006,4400000,6425669
Trenton Hassell,2006,4350000,6352650
Emeka Okafor,2006,4300560,6280449
Eric Williams,2006,4296000,6273790
Chris Bosh,2006,4235220,6185028
Chris Mihm,2006,4214241,6154391
Rafer Alston,2006,4200000,6133593
Marvin Williams,2006,4174800,6096792
Anthony Parker,2006,4150000,6060574
Carlos Arroyo,2006,4100000,5987555
Damon Stoudamire,2006,4050000,5914536
LaMarcus Aldridge,2006,4027320,5881415
Kyle Korver,2006,4018182,5868070
Zaza Pachulia,2006,4000000,5841517
Reggie Evans,2006,4000000,5841517
Sarunas Jasikevicius,2006,4000000,5841517
Gordan Giricek,2006,4000000,5841517
Andres Nocioni,2006,3950000,5768499
Damon Jones,2006,3884678,5673104
Ben Gordon,2006,3862080,5640102
Dwyane Wade,2006,3841443,5609964
Bob Sura,2006,3840000,5607857
Bruce Bowen,2006,3750000,5476423
Jorge Garbajosa,2006,3750000,5476423
Deron Williams,2006,3749040,5475021
Vitaly Potapenko,2006,3674584,5366287
Marcus Banks,2006,3672414,5363118
Darius Songaila,2006,3650000,5330385
Adam Morrison,2006,3616680,5281725
Jeff McInnis,2006,3600000,5257366
Pat Garrity,2006,3525000,5147837
Tyronn Lue,2006,3500000,5111328
Dale Davis,2006,3500000,5111328
Chris Kaman,2006,3491768,5099306
Shaun Livingston,2006,3481920,5084924
Chris Paul,2006,3380160,4936316
Keyon Dooling,2006,3348000,4889350
Robert Horry,2006,3315000,4841158
Melvin Ely,2006,3303813,4824820
Tyrus Thomas,2006,3260760,4761947
Lorenzen Wright,2006,3250000,4746233
Zeljko Rebraca,2006,3240000,4731629
Ira Newble,2006,3196050,4667445
Kevin Ollie,2006,3196050,4667445
Kirk Hinrich,2006,3192628,4662448
Devin Harris,2006,3153120,4604751
Trevor Ariza,2006,3100000,4527176
Fred Jones,2006,3100000,4527176
Raymond Felton,2006,3060840,4469987
Chris Duhon,2006,3024000,4416187
Steven Hunter,2006,3024000,4416187
Chucky Atkins,2006,3000000,4381138
Rasual Butler,2006,3000000,4381138
Francisco Elson,2006,3000000,4381138
Shelden Williams,2006,2952840,4312266
Earl Boykins,2006,2950000,4308119
TJ Ford,2006,2929467,4278133
Iakovos Tsakalidis,2006,2900000,4235100
Michael Doleac,2006,2880000,4205892
Josh Childress,2006,2863920,4182410
Willie Green,2006,2800000,4089062
Brian Scalabrine,2006,2793103,4078990
Martell Webster,2006,2780160,4060088
Dan Dickau,2006,2753218,4020743
Primoz Brezec,2006,2750000,4016043
Eddie Griffin,2006,2700000,3943024
Damien Wilkins,2006,2700000,3943024
Mike Sweetney,2006,2696956,3938579
Brandon Roy,2006,2681880,3916562
James Jones,2006,2650000,3870005
Anthony Johnson,2006,2640000,3855401
Jarron Collins,2006,2625698,3834515
Luol Deng,2006,2614440,3818074
Jarvis Hayes,2006,2564127,3744598
Juan Dixon,2006,2550000,3723967
Charlie Villanueva,2006,2537880,3706267
Mickael Pietrus,2006,2535260,3702441
Keith Bogans,2006,2510000,3665552
Nick Collison,2006,2501070,3652511
Bostjan Nachbar,2006,2500000,3650948
Fabricio Oberto,2006,2500000,3650948
Randy Foye,2006,2448240,3575359
Luke Ridnour,2006,2425878,3542702
Rafael Araujo,2006,2395200,3497900
Jose Calderon,2006,2333334,3407553
Channing Frye,2006,2325000,3395382
Lindsey Hunter,2006,2250000,3285853
Rudy Gay,2006,2242290,3274594
Dikembe Mutombo,2006,2210000,3227438
Mark Madsen,2006,2210000,3227438
Andre Iguodala,2006,2201640,3215229
Othella Harrington,2006,2200000,3212834
Scot Pollard,2006,2200000,3212834
Jackie Butler,2006,2200000,3212834
Zarko Cabarkapa,2006,2157097,3150180
Ike Diogu,2006,2137200,3121123
Luke Jackson,2006,2131981,3113500
Bonzi Wells,2006,2115000,3088702
Patrick O'Bryant,2006,2061720,3010893
David West,2006,2051938,2996608
Andrew Bynum,2006,2030280,2964979
Jake Voskuhl,2006,2000000,2920758
Matt Bonner,2006,2000000,2920758
DeSagana Diop,2006,1998000,2917838
Andris Biedrins,2006,1986960,2901715
Devean George,2006,1974259,2883167
Tariq Abdul-Wahad,2006,1968750,2875122
Aleksandar Pavlovic,2006,1962206,2865565
Saer Sene,2006,1958640,2860357
Jason Hart,2006,1922640,2807783
Maurice Williams,2006,1920000,2803928
Robert Swift,2006,1887600,2756612
Dahntay Jones,2006,1886113,2754440
Boris Diaw,2006,1870501,2731641
JJ Redick,2006,1860720,2717357
Travis Outlaw,2006,1836426,2681878
Yaroslav Korolev,2006,1832280,2675824
Brian Cook,2006,1817141,2653715
Malik Allen,2006,1803600,2633940
Michael Ruffin,2006,1803600,2633940
Walter Herrmann,2006,1800000,2628683
Vassilis Spanoulis,2006,1800000,2628683
Sebastian Telfair,2006,1793160,2618694
Hilton Armstrong,2006,1767600,2581366
David Wesley,2006,1750000,2555664
Ronald Murray,2006,1750000,2555664
Aaron Williams,2006,1750000,2555664
Shammond Williams,2006,1750000,2555664
Sean May,2006,1740720,2542111
Kris Humphries,2006,1703520,2487785
Kendrick Perkins,2006,1689409,2467178
Leandro Barbosa,2006,1679733,2453047
Thabo Sefolosha,2006,1679280,2452386
Josh Howard,2006,1667603,2435333
Rashad McCants,2006,1653720,2415058
Didier Ilunga-Mbenga,2006,1628959,2378898
Maurice Evans,2006,1620000,2365814
Al Jefferson,2006,1618320,2363361
Clifford Robinson,2006,1600000,2336607
Ronnie Brewer,2006,1595400,2329889
Antoine Wright,2006,1570920,2294139
Kirk Snyder,2006,1537440,2245245
Cedric Simmons,2006,1515480,2213175
Scott Padgett,2006,1495317,2183729
Joey Graham,2006,1492440,2179528
Adrian Griffin,2006,1475000,2154059
Josh Smith,2006,1460640,2133088
Rodney Carney,2006,1439760,2102595
Danny Granger,2006,1417800,2070526
Eddie House,2006,1400000,2044531
JR Smith,2006,1387560,2026364
Luke Walton,2006,1375000,2008021
Shawne Williams,2006,1367760,1997448
Keith McLeod,2006,1350000,1971512
Gerald Green,2006,1347000,1967131
Steve Blake,2006,1330000,1942304
Dorell Wright,2006,1325160,1935236
Justin Reed,2006,1300000,1898493
Hakim Warrick,2006,1286280,1878456
Jameer Nelson,2006,1272120,1857777
Quincy Douby,2006,1240920,1812214
Julius Hodge,2006,1234800,1803276
Renaldo Balkman,2006,1191240,1739662
Matt Carroll,2006,1188000,1734930
Jason Kapono,2006,1188000,1734930
Nate Robinson,2006,1185480,1731250
Darrell Armstrong,2006,1178348,1720835
Gary Payton,2006,1178348,1720835
Bo Outlaw,2006,1178348,1720835
Eric Piatkowski,2006,1178348,1720835
Darrick Martin,2006,1178348,1720835
Alan Henderson,2006,1178348,1720835
Viktor Khryapa,2006,1172400,1712148
Rajon Rondo,2006,1143600,1670089
Jarrett Jack,2006,1137960,1661853
Michael Olowokandi,2006,1103225,1611127
Marcus Williams,2006,1097880,1603321
Francisco Garcia,2006,1092600,1595610
Delonte West,2006,1080480,1577910
Nenad Krstic,2006,1080480,1577910
John Edwards,2006,1080000,1577209
Mikki Moore,2006,1071225,1564395
Kelvin Cato,2006,1071225,1564395
Jacque Vaughn,2006,1071225,1564395
Devin Brown,2006,1064518,1554599
Josh Boone,2006,1053960,1539181
Luther Head,2006,1048800,1531646
Tony Allen,2006,1037280,1514822
Carlos Delfino,2006,1037280,1514822
Kyle Lowry,2006,1011720,1477495
Johan Petro,2006,1006800,1470310
Kevin Martin,2006,1002840,1464526
Bernard Robinson,2006,1000000,1460379
Jannero Pargo,2006,1000000,1460379
Shavlik Randolph,2006,1000000,1460379
Ryan Bowen,2006,998967,1458870
Jumaine Jones,2006,998967,1458870
Sasha Vujacic,2006,973920,1422292
Jason Maxiell,2006,973440,1421591
Shannon Brown,2006,971280,1418437
Beno Udrih,2006,967920,1413530
David Harrison,2006,960840,1403191
Anderson Varejao,2006,945600,1380934
Linas Kleiza,2006,945360,1380584
Jordan Farmar,2006,939120,1371471
Wayne Simien,2006,932760,1362183
Sean Marks,2006,932015,1361095
DeShawn Stevenson,2006,932015,1361095
David Lee,2006,926040,1352369
Mario Kasun,2006,919551,1342893
Sergio Rodriguez,2006,912000,1331866
Maurice Ager,2006,906480,1323804
Mardy Collins,2006,899880,1314166
DerMarr Johnson,2006,865063,1263320
Alex Acker,2006,839209,1225563
Boniface N'Dong,2006,839209,1225563
James White,2006,818153,1194812
Pat Burke,2006,810000,1182907
Mickael Gelabale,2006,802000,1171224
Mile Ilic,2006,800000,1168303
Smush Parker,2006,798112,1165546
Mike Wilks,2006,798112,1165546
Jamal Sampson,2006,771331,1126435
Ronald Dupree,2006,771331,1126435
Dajuan Wagner,2006,771331,1126435
Matt Barnes,2006,771331,1126435
Quinton Ross,2006,771331,1126435
Linton Johnson,2006,771331,1126435
James Lang,2006,771331,1126435
Royal Ivey,2006,744551,1087327
Andre Barrett,2006,744551,1087327
Josh Powell,2006,744551,1087327
Maceo Baston,2006,744551,1087327
Earl Barron,2006,744551,1087327
Charlie Bell,2006,744551,1087327
Ha Seung-Jin,2006,744551,1087327
Ime Udoka,2006,744551,1087327
Pape Sow,2006,744551,1087327
Roger Mason,2006,744551,1087327
Salim Stoudamire,2006,729000,1064616
John Lucas,2006,700000,1022265
Andre Owens,2006,676800,988384
Solomon Jones,2006,675000,985756
James Singleton,2006,675000,985756
Esteban Batista,2006,664209,969997
Ryan Gomes,2006,664209,969997
Martynas Andriuskevicius,2006,664209,969997
Dwayne Jones,2006,664209,969997
Amir Johnson,2006,664209,969997
Chris Taft,2006,664209,969997
Monta Ellis,2006,664209,969997
Chuck Hayes,2006,664209,969997
Orien Greene,2006,664209,969997
Rawle Marshall,2006,664209,969997
Daniel Ewing,2006,664209,969997
Ronny Turiaf,2006,664209,969997
Lawrence Roberts,2006,664209,969997
Ersan Ilyasova,2006,664209,969997
Lynn Greer,2006,664209,969997
Bracey Wright,2006,664209,969997
Brandon Bass,2006,664209,969997
Travis Diener,2006,664209,969997
Louis Williams,2006,664209,969997
Ronnie Price,2006,664209,969997
CJ Miles,2006,664209,969997
Andray Blatche,2006,664209,969997
Donell Taylor,2006,664209,969997
Stanislav Medvedenko,2006,625132,912929
Paul Millsap,2006,625000,912737
Pavel Podkolzin,2006,600000,876227
Steve Novak,2006,600000,876227
Arvydas Macijauskas,2006,500000,730189
Leon Powe,2006,432000,630883
Cedric Bozeman,2006,412718,602724
Allan Ray,2006,412718,602724
Hassan Adams,2006,412718,602724
Ryan Hollins,2006,412718,602724
Daniel Gibson,2006,412718,602724
Pops Mensah-Bonsu,2006,412718,602724
Jose Juan Barea,2006,412718,602724
Yakhouba Diawara,2006,412718,602724
Ivan McFarlin,2006,412718,602724
Will Blalock,2006,412718,602724
Paul Davis,2006,412718,602724
Alexander Johnson,2006,412718,602724
Tarence Kinsey,2006,412718,602724
Chris Quinn,2006,412718,602724
Robert Hite,2006,412718,602724
Damir Markota,2006,412718,602724
David Noel,2006,412718,602724
Craig Smith,2006,412718,602724
Marcus Vinicius,2006,412718,602724
James Augustine,2006,412718,602724
Bobby Jones,2006,412718,602724
PJ Tucker,2006,412718,602724
Uros Slokar,2006,412718,602724
Dee Brown,2006,412718,602724
Brian Chase,2006,412718,602724
Roger Powell,2006,412718,602724
Jared Reiner,2006,396905,579631
Junior Harrington,2006,390556,570359
Peter John Ramos,2006,384776,561918
Kelenna Azubuike,2006,301657,440532
Loren Woods,2006,300000,438113
Desmon Farmer,2006,275404,402194
Anthony Roberson,2006,267111,390083
Justin Williams,2006,261724,382216
Stephen Graham,2006,259204,378536
Andre Brown,2006,241591,352814
Juaquin Hawkins,2006,215928,315336
Jeremy Richardson,2006,176161,257261
Howard Eisley,2006,162660,237545
Chris McCray,2006,161061,235210
Andreas Glyniadakis,2006,161061,235210
Steven Smith,2006,161061,235210
Doug Christie,2006,158071,230843
Zoran Planinic,2006,150000,219056
Mike Gansey,2006,150000,219056
Matt Freije,2006,145961,213158
Mike Hall,2006,135895,198458
Pat Carroll,2006,110000,160641
Alan Anderson,2006,102131,149150
Jimmie Hunter,2006,100000,146037
Paul Miller,2006,100000,146037
Sergey Monya,2006,100000,146037
Ndudi Ebi,2006,90000,131434
Dijon Thompson,2006,89101,130121
Robert Whaley,2006,83026,121249
Jefferson Sobral,2006,75000,109528
Daniel Horton,2006,75000,109528
Kevin Burleson,2006,70000,102226
Vincent Grier,2006,70000,102226
Luke Schenscher,2006,55000,80320
Kevin Pittsnogle,2006,50000,73018
Will Conroy,2006,35378,51665
Casey Jacobsen,2006,31250,45636
Von Wafer,2006,24300,35487
Renaldo Major,2006,20133,29401
Kevin Garnett,2007,23750000,33776427
Michael Finley,2007,21696750,30856366
Shaquille O'Neal,2007,20000000,28443307
Jason Kidd,2007,19728000,28056478
Jermaine O'Neal,2007,19728000,28056478
Chris Webber,2007,19602173,27877531
Kobe Bryant,2007,19490625,27718891
Tim Duncan,2007,19014188,27041319
Tracy McGrady,2007,19014187,27041318
Allen Iverson,2007,19012500,27038919
Stephon Marbury,2007,19012500,27038919
Steve Francis,2007,17500000,24887893
Baron Davis,2007,16440000,23380398
Shawn Marion,2007,16440000,23380398
Paul Pierce,2007,16360094,23266759
Dirk Nowitzki,2007,16360094,23266759
Antawn Jamison,2007,16360094,23266759
Ray Allen,2007,16000000,22754645
Ben Wallace,2007,15500000,22043563
Elton Brand,2007,15344000,21821705
Rashard Lewis,2007,14880000,21161820
Michael Redd,2007,14520000,20649841
Yao Ming,2007,13762775,19572942
Amare Stoudemire,2007,13762775,19572942
Pau Gasol,2007,13735000,19533441
Andrei Kirilenko,2007,13735000,19533441
Mike Bibby,2007,13500000,19199232
Joe Johnson,2007,13488377,19182702
Zach Randolph,2007,13333333,18962204
Vince Carter,2007,13320000,18943242
Kenyon Martin,2007,13250000,18843691
Lamar Odom,2007,13248596,18841694
LeBron James,2007,13041250,18546814
Carmelo Anthony,2007,13041250,18546814
Dwyane Wade,2007,13041250,18546814
Wally Szczerbiak,2007,12775000,18168162
Rasheed Wallace,2007,12540000,17833953
Chris Bosh,2007,12455000,17713069
Raef LaFrentz,2007,12440787,17692856
Richard Jefferson,2007,12200000,17350417
Larry Hughes,2007,12000084,17066103
Gilbert Arenas,2007,11950400,16995445
Theo Ratliff,2007,11666666,16591928
Predrag Stojakovic,2007,11664000,16588136
Steve Nash,2007,11375000,16177131
Carlos Boozer,2007,11260483,16014269
Kirk Hinrich,2007,11250000,15999360
Marcus Camby,2007,11250000,15999360
Jason Richardson,2007,11111110,15801835
Derek Fisher,2007,10723900,15251158
David West,2007,10650000,15146061
Erick Dampier,2007,10590500,15061442
Brad Miller,2007,10500000,14932736
Tony Parker,2007,10500000,14932736
Tyson Chandler,2007,10250000,14577195
Samuel Dalembert,2007,10250000,14577195
Adonal Foyle,2007,10157090,14445061
Zydrunas Ilgauskas,2007,10142156,14423823
Chauncey Billups,2007,10000000,14221653
Richard Hamilton,2007,10000000,14221653
Gerald Wallace,2007,9500000,13510571
Andre Miller,2007,9366666,13320948
Bobby Simmons,2007,9280000,13197694
Troy Murphy,2007,9206349,13092950
Manu Ginobili,2007,9079811,12912992
Kwame Brown,2007,9075000,12906150
Josh Howard,2007,9000000,12799488
Boris Diaw,2007,9000000,12799488
Eddy Curry,2007,8947543,12724885
Jason Williams,2007,8937500,12710603
Jason Terry,2007,8898000,12654427
Nenê,2007,8840000,12571941
Tayshaun Prince,2007,8675620,12338166
Chris Kaman,2007,8600000,12230622
Andres Nocioni,2007,8500000,12088405
Mehmet Okur,2007,8500000,12088405
Al Harrington,2007,8425625,11982632
Mike Miller,2007,8376194,11912333
Cuttino Mobley,2007,8350000,11875080
Antoine Walker,2007,8329640,11846125
Darius Miles,2007,8250000,11732864
Mike Dunleavy,2007,8219008,11688788
Caron Butler,2007,8218990,11688762
Quentin Richardson,2007,8105500,11527361
Juwan Howard,2007,8094997,11512424
Kurt Thomas,2007,8091188,11507007
TJ Ford,2007,8000000,11377322
Jamal Crawford,2007,7920000,11263549
Mark Blount,2007,7901040,11236585
Kenny Thomas,2007,7875000,11199552
Radoslav Nesterovic,2007,7840000,11149776
Aaron McKie,2007,7750000,11021781
Maurice Williams,2007,7750000,11021781
Jerome Williams,2007,7639400,10864490
Metta World Peace,2007,7400000,10524023
Troy Hudson,2007,7172590,10200608
Malik Rose,2007,7101250,10099151
Corey Maggette,2007,7000000,9955157
Ricky Davis,2007,6819000,9697745
Jerry Stackhouse,2007,6750000,9599616
Eric Snow,2007,6703125,9532952
Stephen Jackson,2007,6630000,9428956
Darko Milicic,2007,6500000,9244074
Chris Wilcox,2007,6500000,9244074
Luke Ridnour,2007,6500000,9244074
Drew Gooden,2007,6453416,9177824
Antonio McDyess,2007,6373900,9064739
Marquis Daniels,2007,6373900,9064739
Hidayet Turkoglu,2007,6373900,9064739
Etan Thomas,2007,6373900,9064739
Speedy Claxton,2007,6306182,8968433
Jamaal Tinsley,2007,6300000,8959641
Sam Cassell,2007,6150000,8746317
Jason Collins,2007,6100000,8675208
Dwight Howard,2007,6061274,8620134
Udonis Haslem,2007,6050000,8604100
Marko Jaric,2007,6050000,8604100
Donyell Marshall,2007,6016965,8557119
Matt Harpring,2007,6000000,8532992
Shane Battier,2007,5883600,8367452
Brian Cardinal,2007,5850000,8319667
Greg Buckner,2007,5830000,8291223
Stromile Swift,2007,5800000,8248559
Jerome James,2007,5800000,8248559
Earl Watson,2007,5800000,8248559
Shareef Abdur-Rahim,2007,5800000,8248559
Antonio Daniels,2007,5800000,8248559
Joel Przybilla,2007,5762575,8195334
Dan Gadzuric,2007,5751130,8179057
Nick Collison,2007,5750000,8177450
Bobby Jackson,2007,5670000,8063677
Nazr Mohammed,2007,5632200,8009919
Tim Thomas,2007,5632200,8009919
Vladimir Radmanovic,2007,5632200,8009919
Mike James,2007,5632200,8009919
Jared Jeffries,2007,5632200,8009919
Leandro Barbosa,2007,5600000,7964126
Brent Barry,2007,5544370,7885011
Jeff Foster,2007,5500000,7821909
Matt Carroll,2007,5450000,7750801
Emeka Okafor,2007,5427307,7718528
Anderson Varejao,2007,5356000,7617117
Morris Peterson,2007,5356000,7617117
Mikki Moore,2007,5356000,7617117
Jason Kapono,2007,5356000,7617117
Joe Smith,2007,5200000,7395259
Tony Battie,2007,5200000,7395259
Desmond Mason,2007,5000000,7110826
Brendan Haywood,2007,5000000,7110826
Andrew Bogut,2007,4991520,7098766
Eduardo Najera,2007,4952380,7043103
Damon Stoudamire,2007,4906438,6977765
Ben Gordon,2007,4881669,6942540
Andrea Bargnani,2007,4838880,6881687
John Salmons,2007,4752000,6758129
Raja Bell,2007,4750000,6755285
Greg Oden,2007,4662000,6630134
Rafer Alston,2007,4550000,6470852
Alvin Williams,2007,4516484,6423187
Kendrick Perkins,2007,4480912,6372597
Marvin Williams,2007,4466040,6351447
Shaun Livingston,2007,4404629,6264110
Kyle Korver,2007,4400000,6257527
Trenton Hassell,2007,4350000,6186419
Anthony Parker,2007,4350000,6186419
LaMarcus Aldridge,2007,4329360,6157065
Reggie Evans,2007,4320000,6143754
Keith Van Horn,2007,4300000,6115311
Aleksandar Pavlovic,2007,4250000,6044202
Steve Blake,2007,4250000,6044202
Damon Jones,2007,4172432,5933888
Kevin Durant,2007,4171200,5932136
Bruce Bowen,2007,4125000,5866432
Carlos Arroyo,2007,4100000,5830878
Deron Williams,2007,4010640,5703793
Zaza Pachulia,2007,4000000,5688661
Jamaal Magloire,2007,4000000,5688661
Luke Walton,2007,4000000,5688661
Gordan Giricek,2007,4000000,5688661
Travis Outlaw,2007,4000000,5688661
Jorge Garbajosa,2007,4000000,5688661
Devin Harris,2007,3995003,5681554
Marcus Banks,2007,3966207,5640602
Darius Songaila,2007,3942000,5606175
Dan Dickau,2007,3916706,5570203
Adam Morrison,2007,3887880,5529208
Bob Sura,2007,3840000,5461115
Pat Garrity,2007,3818750,5430894
Al Horford,2007,3745800,5327147
Amir Johnson,2007,3666666,5214605
Josh Childress,2007,3631449,5164521
Robert Horry,2007,3630000,5162460
Chris Paul,2007,3615960,5142493
Fabricio Oberto,2007,3600000,5119795
Keyon Dooling,2007,3596000,5114106
Tyrus Thomas,2007,3505320,4985144
Brian Cook,2007,3500000,4977578
Tyronn Lue,2007,3500000,4977578
Mickael Pietrus,2007,3470770,4936008
Ira Newble,2007,3441900,4894951
Kevin Ollie,2007,3441900,4894951
Mike Conley,2007,3377160,4802880
Luol Deng,2007,3320339,4722071
Rasual Butler,2007,3315000,4714478
Fred Jones,2007,3300000,4693145
Raymond Felton,2007,3274440,4656795
Lorenzen Wright,2007,3250000,4622037
Chris Duhon,2007,3248000,4619193
Steven Hunter,2007,3248000,4619193
James Posey,2007,3206000,4559462
Shelden Williams,2007,3174240,4514294
Michael Doleac,2007,3120000,4437155
Trevor Ariza,2007,3100000,4408712
Charlie Bell,2007,3100000,4408712
Willie Green,2007,3094000,4400179
Jeff Green,2007,3058200,4349266
Brian Scalabrine,2007,3000000,4266496
Chucky Atkins,2007,3000000,4266496
Matt Barnes,2007,3000000,4266496
Jake Voskuhl,2007,3000000,4266496
Francisco Elson,2007,3000000,4266496
Martell Webster,2007,2974080,4229633
Luis Scola,2007,2910000,4138501
Eddie Griffin,2007,2900000,4124279
Damien Wilkins,2007,2900000,4124279
James Jones,2007,2900000,4124279
Brandon Roy,2007,2883120,4100273
Anthony Johnson,2007,2860000,4067392
Andre Iguodala,2007,2804889,3989016
Yi Jianlian,2007,2777760,3950434
Alonzo Mourning,2007,2762500,3928731
Primoz Brezec,2007,2750000,3910954
Charlie Villanueva,2007,2715000,3861178
Matt Bonner,2007,2678000,3808558
Andris Biedrins,2007,2636696,3749817
Randy Foye,2007,2631840,3742911
Robert Swift,2007,2601113,3699212
Sebastian Telfair,2007,2562426,3644193
Juan Dixon,2007,2550000,3626521
Corey Brewer,2007,2535720,3606213
Beno Udrih,2007,2535445,3605821
Kris Humphries,2007,2522913,3587999
Bostjan Nachbar,2007,2500000,3555413
Chris Mihm,2007,2500000,3555413
Channing Frye,2007,2487240,3537266
Didier Ilunga-Mbenga,2007,2483569,3532044
Al Jefferson,2007,2480885,3528228
Jose Calderon,2007,2471604,3515029
Andray Blatche,2007,2470000,3512748
Keith Bogans,2007,2440000,3470083
Mark Madsen,2007,2420000,3441640
Rudy Gay,2007,2411160,3429068
Othella Harrington,2007,2376000,3379064
Devean George,2007,2369111,3369267
Kirk Snyder,2007,2358433,3354081
Jackie Butler,2007,2350000,3342088
Jarron Collins,2007,2350000,3342088
Brandan Wright,2007,2323080,3303803
Jason Hart,2007,2300000,3270980
Ike Diogu,2007,2286360,3251582
Bonzi Wells,2007,2284200,3248510
Lindsey Hunter,2007,2250000,3199872
Smush Parker,2007,2250000,3199872
Josh Smith,2007,2243543,3190689
Patrick O'Bryant,2007,2216400,3152087
Andrew Bynum,2007,2172000,3088943
DeSagana Diop,2007,2146000,3051966
Joakim Noah,2007,2135400,3036891
JR Smith,2007,2134067,3034996
Saer Sene,2007,2105520,2994397
Dorell Wright,2007,2040746,2902278
Spencer Hawes,2007,2028600,2885004
JJ Redick,2007,2000160,2844558
Jameer Nelson,2007,1961609,2789732
Walter Herrmann,2007,1944000,2764689
Vassilis Spanoulis,2007,1944000,2764689
Viktor Khryapa,2007,1928598,2742785
Acie Law,2007,1927080,2740626
Hilton Armstrong,2007,1900200,2702398
Ronald Murray,2007,1890000,2687892
Aaron Williams,2007,1890000,2687892
Nenad Krstic,2007,1889760,2687551
Delonte West,2007,1889760,2687551
Tony Allen,2007,1868141,2656805
Carlos Delfino,2007,1868141,2656805
Sean May,2007,1862160,2648299
Thaddeus Young,2007,1830720,2603586
Eddie Jones,2007,1830000,2602562
Jannero Pargo,2007,1830000,2602562
Grant Hill,2007,1830000,2602562
Maceo Baston,2007,1830000,2602562
Kevin Martin,2007,1808121,2571447
Thabo Sefolosha,2007,1805160,2567236
Kosta Perovic,2007,1800000,2559897
Rashad McCants,2007,1769160,2516038
Sasha Vujacic,2007,1756951,2498674
Chuck Hayes,2007,1750000,2488789
Maurice Evans,2007,1740000,2474567
Julian Wright,2007,1739160,2473373
David Harrison,2007,1734316,2466484
Ronnie Brewer,2007,1715040,2439070
Antoine Wright,2007,1680600,2390091
Al Thornton,2007,1652280,2349815
Cedric Simmons,2007,1629120,2316878
Brevin Knight,2007,1600000,2275464
Joey Graham,2007,1596600,2270629
Adrian Griffin,2007,1593000,2265509
Rodney Stuckey,2007,1569600,2232230
Rodney Carney,2007,1547760,2201170
Danny Granger,2007,1516800,2157140
Eddie House,2007,1500000,2133248
Travis Diener,2007,1500000,2133248
Nick Young,2007,1491240,2120789
Shawne Williams,2007,1470360,2091095
Gerald Green,2007,1440960,2049283
Justin Reed,2007,1436500,2042940
Sean Williams,2007,1416600,2014639
Hakim Warrick,2007,1376040,1956956
Marco Belinelli,2007,1345800,1913950
Oleksiy Pecherov,2007,1345800,1913950
Quincy Douby,2007,1333920,1897054
Javaris Crittenton,2007,1285200,1827766
Renaldo Balkman,2007,1280640,1821281
Nate Robinson,2007,1268160,1803533
Jason Smith,2007,1233840,1754724
Rajon Rondo,2007,1229280,1748239
Jacque Vaughn,2007,1219950,1734970
Scot Pollard,2007,1219590,1734458
Darrell Armstrong,2007,1219590,1734458
Derek Anderson,2007,1219590,1734458
Jeff McInnis,2007,1219590,1734458
Austin Croshere,2007,1219590,1734458
Dikembe Mutombo,2007,1219590,1734458
Eric Piatkowski,2007,1219590,1734458
Darrick Martin,2007,1219590,1734458
Jarrett Jack,2007,1217400,1731344
Devin Brown,2007,1200000,1706598
Jarvis Hayes,2007,1200000,1706598
Marcus Williams,2007,1193090,1696770
Daequan Cook,2007,1184400,1684412
Francisco Garcia,2007,1168800,1662226
Jared Dudley,2007,1137000,1617002
Josh Boone,2007,1133040,1611370
Luther Head,2007,1122000,1595669
Brian Skinner,2007,1108718,1576780
Anthony Carter,2007,1103225,1568968
Calvin Booth,2007,1103225,1568968
Ronnie Price,2007,1100000,1564381
Wilson Chandler,2007,1091640,1552492
Kyle Lowry,2007,1087680,1546860
Bernard Robinson,2007,1080000,1535938
Shavlik Randolph,2007,1080000,1535938
Johan Petro,2007,1077120,1531842
Shannon Brown,2007,1044120,1484911
Jason Maxiell,2007,1041360,1480986
Michael Ruffin,2007,1033930,1470419
Ryan Bowen,2007,1033930,1470419
Sean Marks,2007,1033930,1470419
DeShawn Stevenson,2007,1033930,1470419
Linas Kleiza,2007,1011360,1438321
Jordan Farmar,2007,1009560,1435761
Morris Almond,2007,1005960,1430641
Ime Udoka,2007,1000000,1422165
Malik Allen,2007,998398,1419887
David Lee,2007,990600,1408797
Maurice Ager,2007,974400,1385757
Earl Barron,2007,973328,1384233
Aaron Brooks,2007,972720,1383368
Mardy Collins,2007,967320,1375689
Arron Afflalo,2007,944520,1343263
Ian Mahinmi,2007,938760,1335071
Alando Tucker,2007,931920,1325344
Melvin Ely,2007,895341,1273322
Mile Ilic,2007,864000,1228750
Justin Williams,2007,862456,1226555
Kareem Rush,2007,854957,1215890
Jeremy Richardson,2007,850726,1209872
Casey Jacobsen,2007,826269,1175091
Ronald Dupree,2007,826046,1174774
Quinton Ross,2007,826046,1174774
Royal Ivey,2007,826046,1174774
Sergio Rodriguez,2007,817000,1161909
Randolph Morris,2007,810000,1151953
Mickael Gelabale,2007,802000,1140576
Josh Powell,2007,800000,1137732
Roger Mason,2007,798328,1135354
Salim Stoudamire,2007,783000,1113555
Billy Thomas,2007,775426,1102783
Bobby Jones,2007,773388,1099885
Dwayne Jones,2007,770610,1095934
Brandon Bass,2007,770610,1095934
Monta Ellis,2007,770610,1095934
Stephen Graham,2007,770610,1095934
Ronny Turiaf,2007,770610,1095934
Ryan Gomes,2007,770610,1095934
Louis Williams,2007,770610,1095934
Von Wafer,2007,770610,1095934
CJ Miles,2007,770610,1095934
Dahntay Jones,2007,753767,1071981
Kyrylo Fesenko,2007,750000,1066624
Solomon Jones,2007,729000,1036758
Andre Brown,2007,711517,1011894
Awvee Storey,2007,711517,1011894
Leon Powe,2007,687456,977676
Ryan Hollins,2007,687456,977676
Daniel Gibson,2007,687456,977676
Jose Juan Barea,2007,687456,977676
Yakhouba Diawara,2007,687456,977676
Kelenna Azubuike,2007,687456,977676
Steve Novak,2007,687456,977676
Andre Owens,2007,687456,977676
Paul Davis,2007,687456,977676
Marcus Vinicius,2007,687456,977676
Chris Quinn,2007,687456,977676
Alexander Johnson,2007,687456,977676
David Noel,2007,687456,977676
Craig Smith,2007,687456,977676
James Augustine,2007,687456,977676
Juaquin Hawkins,2007,687456,977676
Paul Millsap,2007,687456,977676
Gabe Pruitt,2007,650000,924407
Richie Frahm,2007,623694,886996
Juan Carlos Navarro,2007,538090,765252
Earl Boykins,2007,533572,758827
Clifford Robinson,2007,500000,711082
Arvydas Macijauskas,2007,500000,711082
Mario West,2007,427163,607496
Glen Davis,2007,427163,607496
Jermareo Davidson,2007,427163,607496
Aaron Gray,2007,427163,607496
Demetris Nichols,2007,427163,607496
JamesOn Curry,2007,427163,607496
Nick Fazekas,2007,427163,607496
Taurean Green,2007,427163,607496
Cheikh Samb,2007,427163,607496
Carl Landry,2007,427163,607496
Adam Haluska,2007,427163,607496
Coby Karl,2007,427163,607496
Joel Anthony,2007,427163,607496
Ramon Sessions,2007,427163,607496
Chris Richard,2007,427163,607496
Marcin Gortat,2007,427163,607496
Herbert Hill,2007,427163,607496
D.J. Strawberry,2007,427163,607496
Josh McRoberts,2007,427163,607496
Jamario Moon,2007,427163,607496
Dominic McGuire,2007,427163,607496
Anfernee Hardaway,2007,320142,455294
Ruben Patterson,2007,304897,433613
Linton Johnson,2007,283953,403828
Luke Jackson,2007,279415,397374
Keith Langford,2007,272316,387278
Kaniel Dickens,2007,264897,376727
David Wesley,2007,250000,355541
Mike Wilks,2007,229432,326289
Tarence Kinsey,2007,219533,312212
Bo Outlaw,2007,160071,227647
Darius Washington,2007,154847,220218
Eddie Gill,2007,151089,214873
Jelani McCoy,2007,151089,214873
Brandon Wallace,2007,130819,186046
CJ Watson,2007,125479,178451
Courtney Sims,2007,112130,159467
Darryl Watkins,2007,109461,155671
Thomas Gardner,2007,101451,144280
Orien Greene,2007,77061,109593
Guillermo Diaz,2007,56065,79733
Stephane Lasme,2007,48056,68343
DerMarr Johnson,2007,42203,60019
Kevin Garnett,2008,24751934,33518133
Jason Kidd,2008,21372000,28941154
Jermaine O'Neal,2008,21372000,28941154
Kobe Bryant,2008,21262500,28792873
Shaquille O'Neal,2008,21000000,28437406
Allen Iverson,2008,20840625,28221586
Stephon Marbury,2008,20840625,28221586
Tim Duncan,2008,20598704,27893986
Tracy McGrady,2008,20370437,27584875
Steve Francis,2008,19816550,26834822
Ray Allen,2008,18388430,24900916
Dirk Nowitzki,2008,18077904,24480414
Paul Pierce,2008,18077903,24480412
Shawn Marion,2008,17810000,24117628
Rashard Lewis,2008,16447871,22273085
Michael Redd,2008,15780000,21368679
Pau Gasol,2008,15106000,20455974
Andrei Kirilenko,2008,15106000,20455974
Yao Ming,2008,15070550,20407969
Amare Stoudemire,2008,15070550,20407969
Mike Bibby,2008,14983603,20290228
Vince Carter,2008,14724125,19938853
Zach Randolph,2008,14666667,19861045
Gilbert Arenas,2008,14653466,19843169
Ben Wallace,2008,14500000,19635351
Kenyon Martin,2008,14431816,19543019
LeBron James,2008,14410581,19514263
Carmelo Anthony,2008,14410581,19514263
Dwyane Wade,2008,14410581,19514263
Chris Bosh,2008,14410581,19514263
Joe Johnson,2008,14232567,19273204
Lamar Odom,2008,14148596,19159493
Rasheed Wallace,2008,13930000,18863479
Wally Szczerbiak,2008,13775000,18653584
Dwight Howard,2008,13758000,18630563
Elton Brand,2008,13757844,18630352
Richard Jefferson,2008,13200000,17874940
Larry Hughes,2008,12827676,17370753
Raef LaFrentz,2008,12722500,17228328
Jason Richardson,2008,12664335,17149563
Predrag Stojakovic,2008,12528000,16964943
Steve Nash,2008,12250000,16588486
Carlos Boozer,2008,11593817,15699908
Erick Dampier,2008,11553000,15644635
Tony Parker,2008,11550000,15640573
Brad Miller,2008,11375000,15403594
Tyson Chandler,2008,11350000,15369740
Andre Iguodala,2008,11300000,15302032
Baron Davis,2008,11250000,15234324
Samuel Dalembert,2008,11238564,15218838
Chauncey Billups,2008,11050000,14963492
Monta Ellis,2008,11000000,14895784
Al Jefferson,2008,11000000,14895784
Zydrunas Ilgauskas,2008,10841615,14681305
Richard Hamilton,2008,10812500,14641878
Bobby Simmons,2008,10602667,14357730
Andre Miller,2008,10333334,13993010
Troy Murphy,2008,10126984,13713578
Josh Smith,2008,10000000,13541621
Kirk Hinrich,2008,10000000,13541621
Marcus Camby,2008,10000000,13541621
Josh Howard,2008,9945000,13467142
Antawn Jamison,2008,9923285,13437737
Manu Ginobili,2008,9905248,13413312
David West,2008,9862500,13355424
Eddy Curry,2008,9723983,13167850
Darius Miles,2008,9704752,13141807
Nenê,2008,9680000,13108290
Emeka Okafor,2008,9537500,12915321
Gerald Wallace,2008,9500000,12864540
Tayshaun Prince,2008,9500000,12864540
Chris Kaman,2008,9500000,12864540
Luol Deng,2008,9385000,12708812
Caron Butler,2008,9249980,12525973
Al Harrington,2008,9226250,12493838
Jason Terry,2008,9196000,12452875
Cuttino Mobley,2008,9100000,12322875
Mike Miller,2008,9028575,12226154
Boris Diaw,2008,9000000,12187459
Andris Biedrins,2008,9000000,12187459
Mike Dunleavy,2008,9000000,12187459
Antoine Walker,2008,8854475,11990395
Kevin Martin,2008,8760335,11862914
Quentin Richardson,2008,8685500,11761575
Jamal Crawford,2008,8640000,11699961
Kenny Thomas,2008,8562500,11595013
Mark Blount,2008,8513916,11529223
Mehmet Okur,2008,8500000,11510378
Radoslav Nesterovic,2008,8400000,11374962
Juwan Howard,2008,8355619,11314862
Maurice Williams,2008,8353000,11311316
Corey Maggette,2008,8275862,11206859
Adonal Foyle,2008,8062275,10917627
TJ Ford,2008,8000000,10833297
Andres Nocioni,2008,8000000,10833297
Devin Harris,2008,7800000,10562465
Jameer Nelson,2008,7700000,10427048
Malik Rose,2008,7647500,10355955
Jose Calderon,2008,7438018,10072282
Metta World Peace,2008,7400000,10020800
Eric Snow,2008,7312500,9902311
Donyell Marshall,2008,7213169,9767800
Drew Gooden,2008,7151183,9683861
Stephen Jackson,2008,7140000,9668718
Darko Milicic,2008,7020000,9506218
Jerry Stackhouse,2008,7000000,9479135
Marquis Daniels,2008,6864200,9295240
Hidayet Turkoglu,2008,6864200,9295240
Etan Thomas,2008,6864200,9295240
Jamaal Tinsley,2008,6750000,9140594
Chris Wilcox,2008,6750000,9140594
Marko Jaric,2008,6575000,8903616
Udonis Haslem,2008,6575000,8903616
Luke Ridnour,2008,6500000,8802054
Bobby Jackson,2008,6487888,8785652
Shane Battier,2008,6448900,8732856
Ben Gordon,2008,6404750,8673070
Nick Collison,2008,6350000,8598929
Joel Przybilla,2008,6310150,8544966
Brian Cardinal,2008,6300000,8531221
Andrew Bogut,2008,6294310,8523516
Dan Gadzuric,2008,6250195,8463777
Mike James,2008,6244093,8455514
Stromile Swift,2008,6200000,8395805
Jerome James,2008,6200000,8395805
Jason Collins,2008,6200000,8395805
Antonio Daniels,2008,6200000,8395805
Earl Watson,2008,6200000,8395805
Leandro Barbosa,2008,6100000,8260389
Nazr Mohammed,2008,6049400,8191868
Vladimir Radmanovic,2008,6049400,8191868
Tim Thomas,2008,6049400,8191868
Jared Jeffries,2008,6049400,8191868
Matt Harpring,2008,6000000,8124973
Anderson Varejao,2008,5784480,7833124
Jason Kapono,2008,5784480,7833124
Speedy Claxton,2008,5757818,7797019
Tony Battie,2008,5746000,7781015
Marvin Williams,2008,5636143,7632251
Mikki Moore,2008,5632200,7626912
Morris Peterson,2008,5592240,7572799
DeSagana Diop,2008,5585000,7562995
James Posey,2008,5585000,7562995
Chris Duhon,2008,5585000,7562995
Beno Udrih,2008,5585000,7562995
Jeff Foster,2008,5500000,7447892
Brendan Haywood,2008,5500000,7447892
Desmond Mason,2008,5300000,7177059
Mickael Pietrus,2008,5300000,7177059
Andrea Bargnani,2008,5176440,7009739
John Salmons,2008,5104000,6911643
Deron Williams,2008,5069449,6864856
Matt Carroll,2008,5050000,6838519
Greg Oden,2008,5011680,6786627
Raja Bell,2008,5000000,6770810
JR Smith,2008,4985001,6750499
Kyle Korver,2008,4956818,6712335
Rafer Alston,2008,4900000,6635394
Derrick Rose,2008,4822800,6530853
Joe Smith,2008,4795000,6493207
Nenad Krstic,2008,4778548,6470929
Derek Fisher,2008,4700000,6364562
Reggie Evans,2008,4640000,6283312
LaMarcus Aldridge,2008,4631400,6271666
Kendrick Perkins,2008,4578880,6200546
Chris Paul,2008,4574189,6194193
Anthony Parker,2008,4550000,6161437
Sasha Vujacic,2008,4524887,6127430
Aleksandar Pavlovic,2008,4500000,6093729
Ronny Turiaf,2008,4500000,6093729
Louis Williams,2008,4500000,6093729
Kevin Durant,2008,4484040,6072117
Damon Jones,2008,4460186,6039815
Luke Walton,2008,4420000,5985396
Trenton Hassell,2008,4350000,5890605
Jorge Garbajosa,2008,4350000,5890605
Michael Beasley,2008,4314960,5843155
Marcus Banks,2008,4260000,5768730
Steve Blake,2008,4250000,5755189
Darius Songaila,2008,4235000,5734876
Kurt Thomas,2008,4200000,5687481
Adam Morrison,2008,4159200,5632231
Raymond Felton,2008,4148716,5618034
Al Horford,2008,4026720,5452831
Greg Buckner,2008,4010005,5430197
James Jones,2008,4010000,5430190
Zaza Pachulia,2008,4000000,5416648
Kwame Brown,2008,4000000,5416648
Travis Outlaw,2008,4000000,5416648
Bruce Bowen,2008,4000000,5416648
Antonio McDyess,2008,3950419,5349507
OJ Mayo,2008,3875040,5247432
Steven Hunter,2008,3862600,5230586
Delonte West,2008,3850000,5213524
Martell Webster,2008,3771133,5106725
Tyrus Thomas,2008,3749880,5077945
Daniel Gibson,2008,3700000,5010400
CJ Miles,2008,3700000,5010400
Amir Johnson,2008,3666667,4965261
Ryan Gomes,2008,3650000,4942692
Mike Conley,2008,3630480,4916258
Rasual Butler,2008,3630000,4915608
DeShawn Stevenson,2008,3616072,4896747
Fabricio Oberto,2008,3600000,4874983
Robert Swift,2008,3579131,4846723
Brian Cook,2008,3500000,4739567
Roger Mason,2008,3500000,4739567
Russell Westbrook,2008,3493680,4731009
Charlie Villanueva,2008,3448050,4669218
Shelden Williams,2008,3395760,4598409
Willie Green,2008,3388000,4587901
Charlie Bell,2008,3354480,4542509
Keyon Dooling,2008,3300000,4468735
Jeff Green,2008,3287640,4451997
Eduardo Najera,2008,3250000,4401027
Chucky Atkins,2008,3240000,4387485
Brian Scalabrine,2008,3206897,4342658
Kris Humphries,2008,3200000,4333319
Channing Frye,2008,3163769,4284256
Kevin Love,2008,3163680,4284135
Luis Scola,2008,3100667,4198806
Trevor Ariza,2008,3100000,4197902
Damien Wilkins,2008,3100000,4197902
Marc Gasol,2008,3093333,4188874
Brandon Roy,2008,3084240,4176561
Carl Landry,2008,3000000,4062486
Matt Bonner,2008,2987000,4044882
Yi Jianlian,2008,2986080,4043636
Ike Diogu,2008,2912823,3944434
Kelenna Azubuike,2008,2900000,3927070
Danilo Gallinari,2008,2873520,3891212
Didier Ilunga-Mbenga,2008,2852599,3862880
Randy Foye,2008,2815560,3812724
Andrew Bynum,2008,2769300,3750081
Andray Blatche,2008,2739669,3709956
Corey Brewer,2008,2725920,3691337
Sean May,2008,2661027,3603462
Eddie House,2008,2650000,3588529
Mark Madsen,2008,2630000,3561446
Eric Gordon,2008,2623200,3552238
Rashad McCants,2008,2620126,3548075
Dorell Wright,2008,2612835,3538202
Rudy Gay,2008,2579400,3492925
Keith Bogans,2008,2565000,3473426
Jackie Butler,2008,2552000,3455821
Maurice Evans,2008,2500000,3385405
Tony Allen,2008,2500000,3385405
Chris Mihm,2008,2500000,3385405
Craig Smith,2008,2500000,3385405
Michael Finley,2008,2500000,3385405
Brandan Wright,2008,2497320,3381776
Jason Hart,2008,2484000,3363738
Joey Graham,2008,2449184,3316592
Joe Alexander,2008,2403120,3254214
Danny Granger,2008,2329805,3154933
Damon Stoudamire,2008,2325000,3148427
Ricky Davis,2008,2300000,3114573
Sebastian Telfair,2008,2300000,3114573
Joakim Noah,2008,2295480,3108452
Maceo Baston,2008,2272860,3077821
Saer Sene,2008,2252400,3050114
Tyronn Lue,2008,2250000,3046864
DJ Augustin,2008,2208960,2991290
Spencer Hawes,2008,2180760,2953102
JJ Redick,2008,2139720,2897527
Hakim Warrick,2008,2119102,2869607
Brook Lopez,2008,2098560,2841790
Jarron Collins,2008,2074302,2808941
Acie Law,2008,2071680,2805390
Hilton Armstrong,2008,2032800,2752740
Nate Robinson,2008,2020179,2735650
Jarrett Jack,2008,2002623,2711876
Walter Herrmann,2008,2000000,2708324
Eddie Jones,2008,2000000,2708324
Brevin Knight,2008,2000000,2708324
Jerryd Bayless,2008,1993560,2699603
Francisco Garcia,2008,1983454,2685918
Grant Hill,2008,1976400,2676366
Thaddeus Young,2008,1968120,2665153
Luther Head,2008,1962378,2657378
Johan Petro,2008,1939893,2626929
Thabo Sefolosha,2008,1931160,2615103
Jarvis Hayes,2008,1910000,2586449
Brent Barry,2008,1910000,2586449
Anthony Johnson,2008,1910000,2586449
Jason Thompson,2008,1893840,2564566
Jason Maxiell,2008,1877572,2542537
Julian Wright,2008,1869600,2531741
Ronnie Brewer,2008,1834680,2484454
Linas Kleiza,2008,1824493,2470659
Antoine Wright,2008,1800000,2437491
Brandon Rush,2008,1799160,2436354
David Lee,2008,1788033,2421286
Al Thornton,2008,1776240,2405317
Chuck Hayes,2008,1768000,2394158
Cedric Simmons,2008,1742760,2359979
Adrian Griffin,2008,1711000,2316971
Anthony Randolph,2008,1709280,2314642
Francisco Elson,2008,1700000,2302075
Goran Dragic,2008,1700000,2302075
Rodney Stuckey,2008,1687320,2284904
Smush Parker,2008,1660000,2247909
Rodney Carney,2008,1655760,2242167
Robin Lopez,2008,1623720,2198780
Travis Diener,2008,1620000,2193742
Nick Young,2008,1602960,2170667
Devean George,2008,1600000,2166659
Justin Reed,2008,1573000,2130097
Shawne Williams,2008,1572960,2130042
Hamed Haddadi,2008,1572221,2129042
Marreese Speights,2008,1542600,2088930
Sean Williams,2008,1522920,2062280
Ronald Murray,2008,1500000,2031243
Jose Juan Barea,2008,1500000,2031243
Patrick O'Bryant,2008,1500000,2031243
Roy Hibbert,2008,1465400,1984389
Marco Belinelli,2008,1446720,1959093
Oleksiy Pecherov,2008,1446720,1959093
Quincy Douby,2008,1427040,1932443
JaVale McGee,2008,1392240,1885318
Javaris Crittenton,2008,1381560,1870856
Renaldo Balkman,2008,1369920,1855093
JJ Hickson,2008,1329480,1800331
Jason Smith,2008,1326360,1796106
Calvin Booth,2008,1319651,1787021
Rajon Rondo,2008,1315080,1780831
Malik Allen,2008,1300000,1760410
Alexis Ajinca,2008,1276320,1728344
Daequan Cook,2008,1273200,1724119
Marcus Williams,2008,1262520,1709656
Lorenzen Wright,2008,1262275,1709325
Brian Skinner,2008,1262275,1709325
Jason Williams,2008,1262275,1709325
Kevin Ollie,2008,1262275,1709325
Theo Ratliff,2008,1262275,1709325
Sam Cassell,2008,1262275,1709325
Jacque Vaughn,2008,1262275,1709325
Roko Ukic,2008,1250000,1692702
Ryan Anderson,2008,1225200,1659119
Jared Dudley,2008,1222320,1655219
Josh Boone,2008,1212120,1641407
Ronnie Price,2008,1188000,1608744
Courtney Lee,2008,1176240,1592819
Wilson Chandler,2008,1173480,1589082
Kyle Lowry,2008,1163520,1575594
Anthony Carter,2008,1147533,1553945
Lindsey Hunter,2008,1143473,1548447
Jamaal Magloire,2008,1141838,1546233
Ryan Bowen,2008,1141838,1546233
Sean Marks,2008,1141838,1546233
Michael Ruffin,2008,1141838,1546233
Kosta Koufos,2008,1129320,1529282
Rudy Fernandez,2008,1084080,1468020
Morris Almond,2008,1081440,1464445
Jordan Farmar,2008,1080000,1462495
Ime Udoka,2008,1080000,1462495
Sergio Rodriguez,2008,1048800,1420245
Aaron Brooks,2008,1045560,1415857
Maurice Ager,2008,1042440,1411632
Nicolas Batum,2008,1040640,1409195
Mardy Collins,2008,1034760,1401232
Arron Afflalo,2008,1015440,1375070
Ian Mahinmi,2008,1009200,1366620
George Hill,2008,1006200,1362557
Alando Tucker,2008,1001880,1356708
Chris Andersen,2008,998398,1351992
Mike Wilks,2008,998398,1351992
Devin Brown,2008,998398,1351992
Melvin Ely,2008,998398,1351992
Juan Dixon,2008,998398,1351992
Darrell Arthur,2008,977160,1323233
Ryan Hollins,2008,972581,1317032
Chris Quinn,2008,972581,1317032
Donte Greene,2008,971160,1315108
DJ White,2008,964080,1305520
JR Giddens,2008,957120,1296095
Keith McLeod,2008,926678,1254872
Dahntay Jones,2008,926678,1254872
Kareem Rush,2008,926678,1254872
Matt Barnes,2008,926678,1254872
Yakhouba Diawara,2008,875000,1184891
Gerald Green,2008,854957,1157750
Josh Powell,2008,854957,1157750
Quinton Ross,2008,854957,1157750
Royal Ivey,2008,854957,1157750
Brandon Bass,2008,826269,1118902
James Singleton,2008,826269,1118902
Von Wafer,2008,826269,1118902
Stephen Graham,2008,826269,1118902
Shavlik Randolph,2008,826269,1118902
Jake Voskuhl,2008,826153,1118745
Joey Dorsey,2008,816500,1105673
Kyrylo Fesenko,2008,810000,1096871
Kyle Weaver,2008,806452,1092066
Randolph Morris,2008,797581,1080054
Solomon Jones,2008,797581,1080054
Leon Powe,2008,797581,1080054
Anthony Roberson,2008,797581,1080054
Tarence Kinsey,2008,797581,1080054
Steve Novak,2008,797581,1080054
Cheikh Samb,2008,797581,1080054
Shannon Brown,2008,797581,1080054
Juaquin Hawkins,2008,797581,1080054
Paul Millsap,2008,797581,1080054
Dikembe Mutombo,2008,794491,1075869
Jeremy Richardson,2008,769431,1041934
Luc Mbah a Moute,2008,757000,1025100
Ramon Sessions,2008,722517,978405
Mario West,2008,711517,963509
Thomas Gardner,2008,711517,963509
Gabe Pruitt,2008,711517,963509
Glen Davis,2008,711517,963509
Aaron Gray,2008,711517,963509
Will Bynum,2008,711517,963509
CJ Watson,2008,711517,963509
Josh McRoberts,2008,711517,963509
Alex Acker,2008,711517,963509
Jamario Moon,2008,711517,963509
Joel Anthony,2008,711517,963509
Marcin Gortat,2008,711517,963509
Willie Solomon,2008,711517,963509
Dominic McGuire,2008,711517,963509
Mario Chalmers,2008,700000,947913
Fred Jones,2008,622531,843007
Austin Croshere,2008,601436,814440
DeAndre Jordan,2008,550000,744789
Henry Walker,2008,542114,734110
Mike Taylor,2008,500000,677081
Darnell Jackson,2008,450000,609372
Chris Douglas-Roberts,2008,442411,599096
Othello Hunter,2008,442114,598694
Sean Singletary,2008,442114,598694
Sonny Weems,2008,442114,598694
Walter Sharpe,2008,442114,598694
Anthony Morrow,2008,442114,598694
Sun Yue,2008,442114,598694
Bobby Brown,2008,442114,598694
Nathan Jawai,2008,442114,598694
Rob Kurz,2008,429111,581085
Jermareo Davidson,2008,422725,572438
Eddie Gill,2008,387613,524890
Shaun Livingston,2008,370000,501040
Malik Hairston,2008,351091,475434
Paul Davis,2008,328416,444728
Hassan Adams,2008,297163,402406
Jawad Williams,2008,244463,331042
Dee Brown,2008,238567,323057
Anthony Tolliver,2008,213255,288781
Cartier Martin,2008,200252,271173
Trey Johnson,2008,187258,253577
Courtney Sims,2008,184648,250043
DeMarcus Nelson,2008,182047,246521
Steven Hill,2008,148238,200738
Blake Ahearn,2008,125562,170031
Linton Johnson,2008,125374,169776
Andre Brown,2008,107908,146124
Demetris Nichols,2008,87893,119021
Desmon Farmer,2008,83708,113354
Richard Hendrix,2008,57215,77478
Dwayne Jones,2008,46812,63391
Tracy McGrady,2009,23239562,31925643
Kobe Bryant,2009,23034375,31643765
Jermaine O'Neal,2009,23016000,31618522
Tim Duncan,2009,22183220,30474480
Shaquille O'Neal,2009,20000000,27475254
Dirk Nowitzki,2009,19795714,27194613
Paul Pierce,2009,19795712,27194610
Rashard Lewis,2009,18876000,25931144
Ray Allen,2009,18776860,25794950
Michael Redd,2009,17040000,23408916
Pau Gasol,2009,16452000,22601144
Andrei Kirilenko,2009,16452000,22601144
Kevin Garnett,2009,16400000,22529708
Yao Ming,2009,16378325,22499932
Amare Stoudemire,2009,16378325,22499932
Vince Carter,2009,16300000,22392332
Gilbert Arenas,2009,16192080,22244075
Zach Randolph,2009,16000000,21980203
LeBron James,2009,15779912,21677854
Carmelo Anthony,2009,15779912,21677854
Dwyane Wade,2009,15779912,21677854
Chris Bosh,2009,15779912,21677854
Kenyon Martin,2009,15363636,21105990
Dwight Howard,2009,15202590,20884751
Joe Johnson,2009,14976754,20574506
Elton Brand,2009,14858471,20412013
Richard Jefferson,2009,14200000,19507430
Larry Hughes,2009,13655268,18759097
Chris Paul,2009,13520500,18573958
Carlos Boozer,2009,13520500,18573958
Predrag Stojakovic,2009,13392000,18397430
Jason Richardson,2009,13333333,18316835
Steve Nash,2009,13125000,18030635
Tony Parker,2009,12600000,17309410
Andrew Bynum,2009,12526998,17209122
Deron Williams,2009,12323900,16930114
Brad Miller,2009,12250000,16828593
Andre Iguodala,2009,12200000,16759905
Baron Davis,2009,12150000,16691216
Erick Dampier,2009,12115500,16643822
Chauncey Billups,2009,12100000,16622528
Samuel Dalembert,2009,12025694,16520449
Al Jefferson,2009,12000000,16485152
Tyson Chandler,2009,11850000,16279088
Antawn Jamison,2009,11641095,15992102
Richard Hamilton,2009,11625000,15969991
Zydrunas Ilgauskas,2009,11541074,15854697
Troy Murphy,2009,11047619,15176807
Monta Ellis,2009,11000000,15111389
Josh Howard,2009,10890000,14960275
Josh Smith,2009,10800000,14836637
Manu Ginobili,2009,10728130,14737904
Bobby Simmons,2009,10560000,14506934
Emeka Okafor,2009,10538937,14477998
Nenê,2009,10520000,14451983
Eddy Curry,2009,10500423,14425089
Chris Kaman,2009,10400000,14287132
Luol Deng,2009,10370425,14246503
Tayshaun Prince,2009,10324380,14183248
Kevin Martin,2009,10180170,13985137
Al Harrington,2009,10026875,13774546
Ben Gordon,2009,10000000,13737627
Andrew Bogut,2009,10000000,13737627
Danny Granger,2009,9930500,13642150
Jason Terry,2009,9862500,13548734
Mike Dunleavy,2009,9780992,13436762
Caron Butler,2009,9780970,13436731
Mike Miller,2009,9750000,13394186
Kirk Hinrich,2009,9500000,13050745
Cuttino Mobley,2009,9500000,13050745
Earl Watson,2009,9400000,12913368
Jamal Crawford,2009,9360000,12858418
Quentin Richardson,2009,9352400,12847978
Gerald Wallace,2009,9075000,12466896
David West,2009,9075000,12466896
Boris Diaw,2009,9000000,12363864
Andris Biedrins,2009,9000000,12363864
Darius Miles,2009,9000000,12363864
Hidayet Turkoglu,2009,9000000,12363864
Mehmet Okur,2009,9000000,12363864
Corey Maggette,2009,8937931,12278596
Maurice Williams,2009,8860000,12171537
Kenny Thomas,2009,8775000,12054767
TJ Ford,2009,8500000,11676983
Devin Harris,2009,8400000,11539606
Jose Calderon,2009,8219009,11290968
Jason Kidd,2009,8000000,10990101
Mark Blount,2009,7962500,10938585
Tim Thomas,2009,7773055,10678332
Paul Millsap,2009,7692932,10568263
Stephen Jackson,2009,7650000,10509284
Marcus Camby,2009,7650000,10509284
Marvin Williams,2009,7500000,10303220
Antonio McDyess,2009,7500000,10303220
Lamar Odom,2009,7500000,10303220
Darko Milicic,2009,7500000,10303220
Andres Nocioni,2009,7500000,10303220
Etan Thomas,2009,7350000,10097155
Marko Jaric,2009,7100000,9753715
Udonis Haslem,2009,7100000,9753715
David Lee,2009,7000000,9616338
Shane Battier,2009,6864200,9429781
Joel Przybilla,2009,6857725,9420886
Brian Cardinal,2009,6750000,9272898
Dan Gadzuric,2009,6749260,9271881
Andre Miller,2009,6730800,9246522
Shawn Marion,2009,6635068,9115008
Jerome James,2009,6600000,9066833
Leandro Barbosa,2009,6600000,9066833
Shareef Abdur-Rahim,2009,6600000,9066833
Andrea Bargnani,2009,6527491,8967223
Charlie Villanueva,2009,6500000,8929457
Luke Ridnour,2009,6500000,8929457
Matt Harpring,2009,6500000,8929457
Nazr Mohammed,2009,6466600,8883573
Vladimir Radmanovic,2009,6466600,8883573
Jared Jeffries,2009,6466600,8883573
Mike James,2009,6466600,8883573
Anderson Varejao,2009,6300000,8654705
Tony Battie,2009,6292000,8643714
Nick Collison,2009,6250000,8586016
Mike Bibby,2009,6217617,8541530
Morris Peterson,2009,6212960,8535132
Jason Kapono,2009,6212960,8535132
Jamaal Tinsley,2009,6190300,8504003
Jameer Nelson,2009,6138888,8433375
Jeff Foster,2009,6077500,8349042
DeSagana Diop,2009,6031800,8286261
James Posey,2009,6031800,8286261
Chris Duhon,2009,6031800,8286261
Beno Udrih,2009,6031800,8286261
Brendan Haywood,2009,6000000,8242576
Antonio Daniels,2009,5863580,8055167
Rasheed Wallace,2009,5854000,8042006
Trevor Ariza,2009,5854000,8042006
Metta World Peace,2009,5854000,8042006
Marcin Gortat,2009,5854000,8042006
LaMarcus Aldridge,2009,5844827,8029405
Francisco Garcia,2009,5800000,7967823
JR Smith,2009,5508426,7567270
Raymond Felton,2009,5501196,7557337
John Salmons,2009,5456000,7495249
Nenad Krstic,2009,5400000,7418318
Greg Oden,2009,5361240,7365071
Mickael Pietrus,2009,5300000,7280942
Adam Morrison,2009,5257229,7222185
Raja Bell,2009,5250000,7212254
Speedy Claxton,2009,5209454,7156553
Derrick Rose,2009,5184480,7122245
Kyle Korver,2009,5155115,7081904
Rafer Alston,2009,5053133,6941805
Derek Fisher,2009,5048000,6934754
Jason Maxiell,2009,5000000,6868813
Sasha Vujacic,2009,5000000,6868813
Blake Griffin,2009,4983480,6846118
Louis Williams,2009,4972500,6831035
Reggie Evans,2009,4960000,6813863
Steve Blake,2009,4930000,6772650
Luke Walton,2009,4840000,6649011
Kevin Durant,2009,4796880,6589774
Zaza Pachulia,2009,4750000,6525372
Tyrus Thomas,2009,4743598,6516578
Matt Carroll,2009,4700000,6456684
Michael Beasley,2009,4638600,6372335
Marcus Banks,2009,4553793,6255831
Darius Songaila,2009,4526000,6217650
Drew Gooden,2009,4500000,6181932
Jarrett Jack,2009,4500000,6181932
Hasheem Thabeet,2009,4458840,6125388
Trenton Hassell,2009,4350000,5975867
Martell Webster,2009,4344000,5967625
James Jones,2009,4320000,5934654
Al Horford,2009,4307640,5917675
Delonte West,2009,4254250,5844330
Kendrick Perkins,2009,4250000,5838491
OJ Mayo,2009,4165560,5722490
Ronny Turiaf,2009,4140000,5687377
Kwame Brown,2009,4100000,5632427
Daniel Gibson,2009,4088500,5616628
James Harden,2009,4054160,5569453
Nate Robinson,2009,4000000,5495050
Travis Outlaw,2009,4000000,5495050
Brandon Bass,2009,4000000,5495050
Rasual Butler,2009,3945000,5419493
Brandon Roy,2009,3910816,5372533
Fabricio Oberto,2009,3900000,5357673
DeShawn Stevenson,2009,3886928,5339716
Mike Conley,2009,3883800,5335419
Ryan Gomes,2009,3867500,5313027
Kurt Thomas,2009,3800000,5220298
Roger Mason,2009,3780000,5192823
Russell Westbrook,2009,3755640,5159358
CJ Miles,2009,3700000,5082922
Steven Hunter,2009,3696000,5077426
Willie Green,2009,3682000,5058194
Ramon Sessions,2009,3670667,5042625
Amir Johnson,2009,3666666,5037129
Chris Andersen,2009,3650000,5014233
Tyreke Evans,2009,3610080,4959393
Charlie Bell,2009,3596000,4940050
Randy Foye,2009,3575761,4912247
Keyon Dooling,2009,3564000,4896090
Jeff Green,2009,3516960,4831468
Brian Cook,2009,3500000,4808169
Carlos Delfino,2009,3500000,4808169
Brian Scalabrine,2009,3413793,4689741
Kevin Love,2009,3401040,4672221
Luis Scola,2009,3375600,4637273
Damien Wilkins,2009,3300000,4533416
Rudy Gay,2009,3280997,4507311
Matt Bonner,2009,3240380,4451513
Marc Gasol,2009,3240000,4450991
Kris Humphries,2009,3200000,4396040
Yi Jianlian,2009,3194400,4388347
Kelenna Azubuike,2009,3132000,4302624
Eduardo Najera,2009,3100000,4258664
Danilo Gallinari,2009,3089040,4243607
Glen Davis,2009,3000000,4121288
Hakim Warrick,2009,3000000,4121288
Chris Wilcox,2009,3000000,4121288
Grant Hill,2009,3000000,4121288
Carl Landry,2009,3000000,4121288
Andray Blatche,2009,3000000,4121288
Jonny Flynn,2009,2969280,4079086
Corey Brewer,2009,2916120,4006056
Eddie House,2009,2862000,3931708
Mark Madsen,2009,2840000,3901486
JJ Redick,2009,2839408,3900672
Eric Gordon,2009,2819880,3873845
Hilton Armstrong,2009,2801198,3848181
Thabo Sefolosha,2009,2759628,3791074
Jamario Moon,2009,2750000,3777847
Dorell Wright,2009,2750000,3777847
Aleksandar Pavlovic,2009,2750000,3777847
Ronnie Brewer,2009,2717161,3732734
Stephen Curry,2009,2710560,3723666
Brandan Wright,2009,2671440,3669924
Jerry Stackhouse,2009,2668598,3666019
Anthony Parker,2009,2644230,3632544
Joe Alexander,2009,2583360,3548923
Mikki Moore,2009,2537952,3486543
Maurice Evans,2009,2500000,3434406
Tony Allen,2009,2500000,3434406
Sebastian Telfair,2009,2500000,3434406
Dahntay Jones,2009,2500000,3434406
Craig Smith,2009,2500000,3434406
Michael Finley,2009,2500000,3434406
Ricky Davis,2009,2484000,3412426
Jordan Hill,2009,2483280,3411437
Joakim Noah,2009,2455680,3373521
Shawne Williams,2009,2416067,3319102
DJ Augustin,2009,2385480,3277083
Spencer Hawes,2009,2332800,3204713
David Andersen,2009,2300000,3159654
DeMar DeRozan,2009,2282640,3135805
Brook Lopez,2009,2225880,3057830
Acie Law,2009,2216160,3044477
Ryan Hollins,2009,2183333,2999381
Brandon Jennings,2009,2168520,2979031
Anthony Johnson,2009,2160000,2967327
Jerryd Bayless,2009,2143080,2944083
Renaldo Balkman,2009,2112417,2901959
Chuck Hayes,2009,2111750,2901043
Antoine Wright,2009,2110550,2899394
Thaddeus Young,2009,2105400,2892320
Ersan Ilyasova,2009,2100000,2884901
Rajon Rondo,2009,2094922,2877925
Chucky Atkins,2009,2066455,2838818
Jarvis Hayes,2009,2062800,2833797
Brent Barry,2009,2062800,2833797
Terrence Williams,2009,2060040,2830006
Josh Boone,2009,2056968,2825785
Jason Thompson,2009,2035920,2796870
Kyle Lowry,2009,2034997,2795602
Julian Wright,2009,2000040,2747580
Jannero Pargo,2009,2000000,2747525
Shannon Brown,2009,2000000,2747525
Bruce Bowen,2009,2000000,2747525
Channing Frye,2009,2000000,2747525
Marquis Daniels,2009,1990000,2733787
Ronald Murray,2009,1990000,2733787
Radoslav Nesterovic,2009,1990000,2733787
Gerald Henderson,2009,1957080,2688563
Jordan Farmar,2009,1947240,2675045
Brandon Rush,2009,1934160,2657076
Al Thornton,2009,1900200,2610423
Sergio Rodriguez,2009,1892035,2599207
Mardy Collins,2009,1867742,2565834
Tyler Hansbrough,2009,1859160,2554044
Anthony Randolph,2009,1837560,2524371
Goran Dragic,2009,1836000,2522228
Rodney Stuckey,2009,1805040,2479696
Earl Clark,2009,1766280,2426449
Robin Lopez,2009,1745520,2397930
Travis Diener,2009,1740000,2390347
Nick Young,2009,1714800,2355728
Francisco Elson,2009,1700000,2335396
Austin Daye,2009,1677840,2304954
Marreese Speights,2009,1658280,2278083
Jose Juan Barea,2009,1657500,2277011
Sean Williams,2009,1629120,2238024
Hamed Haddadi,2009,1627779,2236182
Solomon Jones,2009,1620000,2225495
Patrick O'Bryant,2009,1620000,2225495
Devean George,2009,1600000,2198020
Matt Barnes,2009,1600000,2198020
James Johnson,2009,1594080,2189887
Roy Hibbert,2009,1575360,2164170
Oleksiy Pecherov,2009,1547640,2126090
Marco Belinelli,2009,1547640,2126090
Jrue Holiday,2009,1514280,2080261
JaVale McGee,2009,1496640,2056028
Javaris Crittenton,2009,1477920,2030311
Ty Lawson,2009,1438690,1976418
JJ Hickson,2009,1429200,1963381
Jason Smith,2009,1418880,1949204
Jeff Teague,2009,1373880,1887385
Alexis Ajinca,2009,1372080,1884912
Daequan Cook,2009,1362120,1871229
Eric Maynor,2009,1318920,1811883
Ryan Anderson,2009,1317120,1809410
Jared Dudley,2009,1307640,1796387
Joe Smith,2009,1306455,1794759
Theo Ratliff,2009,1306455,1794759
Lindsey Hunter,2009,1306455,1794759
Anthony Carter,2009,1306455,1794759
Brian Skinner,2009,1306455,1794759
Kevin Ollie,2009,1306455,1794759
Adonal Foyle,2009,1306455,1794759
Jason Williams,2009,1306455,1794759
Juwan Howard,2009,1306455,1794759
Ben Wallace,2009,1306445,1794745
Malik Allen,2009,1300000,1785891
Darren Collison,2009,1266120,1739348
Courtney Lee,2009,1264440,1737040
Wilson Chandler,2009,1255440,1724676
Ronnie Price,2009,1250000,1717203
Jamaal Magloire,2009,1229225,1688663
Kosta Koufos,2009,1214040,1667802
Allen Iverson,2009,1191180,1636398
Earl Boykins,2009,1191180,1636398
Sean Marks,2009,1187686,1631598
Jason Collins,2009,1181803,1623516
Jarron Collins,2009,1181803,1623516
Omri Casspi,2009,1167000,1603181
Rudy Fernandez,2009,1165320,1600873
Serge Ibaka,2009,1120200,1538888
BJ Mullens,2009,1120200,1538888
Nicolas Batum,2009,1118760,1536910
Aaron Brooks,2009,1118520,1536581
Carlos Arroyo,2009,1107572,1521541
Primoz Brezec,2009,1107572,1521541
Devin Brown,2009,1100000,1511138
Arron Afflalo,2009,1086240,1492236
George Hill,2009,1081680,1485971
Ian Mahinmi,2009,1079640,1483169
Rodrigue Beaubois,2009,1075440,1477399
Alando Tucker,2009,1071720,1472288
Chris Quinn,2009,1055000,1449319
Darrell Arthur,2009,1050480,1443110
Royal Ivey,2009,1050000,1442450
Donte Greene,2009,1044000,1434208
Taj Gibson,2009,1039800,1428438
DJ White,2009,1036440,1423822
Keith Bogans,2009,1033342,1419566
Quinton Ross,2009,1033342,1419566
James Singleton,2009,1030189,1415235
JR Giddens,2009,1028880,1413436
DeMarre Carroll,2009,1009680,1387060
Wayne Ellington,2009,1003560,1378653
CJ Watson,2009,1000497,1374445
Aaron Gray,2009,1000497,1374445
Greg Buckner,2009,1000000,1373762
Toney Douglas,2009,996240,1368597
Josh Powell,2009,959111,1317590
Didier Ilunga-Mbenga,2009,959111,1317590
Yakhouba Diawara,2009,945000,1298205
Stephen Graham,2009,884881,1215616
Joey Graham,2009,884881,1215616
Johan Petro,2009,884881,1215616
Luther Head,2009,884881,1215616
Ike Diogu,2009,884881,1215616
Sean May,2009,884881,1215616
Joey Dorsey,2009,881000,1210284
Kyle Weaver,2009,870968,1196503
Kyrylo Fesenko,2009,870000,1195173
Randolph Morris,2009,855189,1174826
Leon Powe,2009,855189,1174826
Steve Novak,2009,855189,1174826
Marcus Williams,2009,855189,1174826
Rodney Carney,2009,855189,1174826
Louis Amundson,2009,855189,1174826
DeJuan Blair,2009,850000,1167698
Ime Udoka,2009,838034,1151259
Shelden Williams,2009,825497,1134036
Will Bynum,2009,825497,1134036
Josh McRoberts,2009,825497,1134036
Joel Anthony,2009,825497,1134036
Dominic McGuire,2009,825497,1134036
Marcus Haislip,2009,825497,1134036
Sam Young,2009,824200,1132255
Jonathan Bender,2009,801361,1100879
Mario Chalmers,2009,773500,1062605
Darnell Jackson,2009,736420,1011666
Jawad Williams,2009,736420,1011666
Anthony Morrow,2009,736420,1011666
DeAndre Jordan,2009,736420,1011666
Bobby Brown,2009,736420,1011666
Luc Mbah a Moute,2009,736420,1011666
Nathan Jawai,2009,736420,1011666
Henry Walker,2009,736420,1011666
Malik Hairston,2009,736420,1011666
Sonny Weems,2009,736420,1011666
Chris Douglas-Roberts,2009,736000,1011089
Jermaine Taylor,2009,725000,995977
Jodie Meeks,2009,650000,892945
Chris Hunter,2009,632455,868843
Kareem Rush,2009,534906,734833
Jason Hart,2009,521384,716257
Marcus Thornton,2009,457888,629029
Marcus Landry,2009,457588,628617
Derrick Brown,2009,457588,628617
Danny Green,2009,457588,628617
Jonas Jerebko,2009,457588,628617
DaJuan Summers,2009,457588,628617
Chase Budinger,2009,457588,628617
AJ Price,2009,457588,628617
Taylor Griffin,2009,457588,628617
Dante Cunningham,2009,457588,628617
Jeff Ayres,2009,457588,628617
Patrick Mills,2009,457588,628617
Jon Brockman,2009,457588,628617
Wesley Matthews,2009,457588,628617
Mario West,2009,446740,613714
Anthony Tolliver,2009,411529,565342
Lester Hudson,2009,392987,539869
Coby Karl,2009,355215,487981
Shavlik Randolph,2009,343542,471944
Pops Mensah-Bonsu,2009,330199,453614
Othello Hunter,2009,307564,422519
Roko Ukic,2009,303232,416568
Shaun Livingston,2009,296695,407588
Sundiata Gaines,2009,269169,369774
Ryan Bowen,2009,209592,287929
Garrett Temple,2009,180344,247749
Mike Wilks,2009,175908,241655
Antonio Anderson,2009,139968,192282
Cartier Martin,2009,86638,119020
Quincy Douby,2009,85519,117482
Paul Davis,2009,80488,110571
Desmond Mason,2009,76850,105573
Mike Harris,2009,64978,89264
Cedric Jackson,2009,53834,73955
Will Conroy,2009,48559,66708
Chris Richard,2009,43319,59510
JamesOn Curry,2009,26917,36977
Kobe Bryant,2010,24806250,33722683
Rashard Lewis,2010,19573711,26609344
Kevin Garnett,2010,18800000,25557528
Tim Duncan,2010,18700000,25421584
Michael Redd,2010,18300000,24877807
Pau Gasol,2010,17823000,24229353
Andrei Kirilenko,2010,17823000,24229353
Gilbert Arenas,2010,17730694,24103868
Yao Ming,2010,17686100,24043245
Zach Randolph,2010,17666666,24016825
Vince Carter,2010,17300000,23518364
Dirk Nowitzki,2010,17278618,23489296
Carmelo Anthony,2010,17149243,23313418
Dwight Howard,2010,16647180,22630892
Kenyon Martin,2010,16545454,22492602
Amare Stoudemire,2010,16486611,22412608
Joe Johnson,2010,16324500,22192227
Elton Brand,2010,15959099,21695485
Predrag Stojakovic,2010,15532320,21115303
Chris Paul,2010,14940153,20310286
Deron Williams,2010,14940152,20310285
LeBron James,2010,14500000,19711923
Chris Bosh,2010,14500000,19711923
Jason Richardson,2010,14444444,19636398
Carlos Boozer,2010,14400000,19575979
Dwyane Wade,2010,14200000,19304091
Paul Pierce,2010,13876321,18864067
Andrew Bynum,2010,13700000,18624369
Rudy Gay,2010,13603750,18493523
Brandon Roy,2010,13520500,18380349
Tony Parker,2010,13500000,18352480
Samuel Dalembert,2010,13428129,18254776
Antawn Jamison,2010,13358905,18160670
Nick Collison,2010,13250000,18012620
Chauncey Billups,2010,13150000,17876675
Baron Davis,2010,13000000,17672759
Al Jefferson,2010,13000000,17672759
Tyson Chandler,2010,12600000,17128982
Richard Hamilton,2010,12500000,16993037
Andre Iguodala,2010,12345250,16782664
Troy Murphy,2010,11968253,16270158
Manu Ginobili,2010,11854584,16115631
Chris Kaman,2010,11800000,16041427
Marcus Camby,2010,11749832,15973227
Josh Smith,2010,11600000,15769539
Eddy Curry,2010,11530592,15675182
Emeka Okafor,2010,11495000,15626797
Nenê,2010,11360000,15443272
Luol Deng,2010,11345000,15422881
LaMarcus Aldridge,2010,11244000,15285577
Tayshaun Prince,2010,11148760,15156104
Kevin Martin,2010,11100005,15089824
Monta Ellis,2010,11000000,14953873
Andrew Bogut,2010,11000000,14953873
Danny Granger,2010,10973202,14917442
Jamal Crawford,2010,10800000,14681984
Ben Gordon,2010,10800000,14681984
David Lee,2010,10800000,14681984
Jason Terry,2010,10650000,14478068
Mike Dunleavy,2010,10561984,14358415
Caron Butler,2010,10561960,14358382
Gerald Wallace,2010,10500000,14274151
Steve Nash,2010,10310938,14017132
Hidayet Turkoglu,2010,10215850,13887866
Ray Allen,2010,10000000,13594430
Mehmet Okur,2010,9945000,13519660
Corey Maggette,2010,9600000,13050653
Maurice Williams,2010,9300000,12642820
Rajon Rondo,2010,9090911,12358575
Kirk Hinrich,2010,9000000,12234987
Boris Diaw,2010,9000000,12234987
Andris Biedrins,2010,9000000,12234987
Jose Calderon,2010,9000000,12234987
Devin Harris,2010,8981000,12209157
Jason Kidd,2010,8610500,11705484
TJ Ford,2010,8500000,11555265
Andrea Bargnani,2010,8500000,11555265
Stephen Jackson,2010,8453250,11491711
Richard Jefferson,2010,8400000,11419321
David West,2010,8287500,11266384
Lamar Odom,2010,8200000,11147432
John Salmons,2010,8000000,10875544
Jameer Nelson,2010,7800000,10603655
Luis Scola,2010,7775378,10570183
Marko Jaric,2010,7625000,10365753
Paul Millsap,2010,7600000,10331767
Raymond Felton,2010,7500000,10195822
Joel Przybilla,2010,7405300,10067083
Shane Battier,2010,7354500,9998023
Shawn Marion,2010,7305500,9931411
Anderson Varejao,2010,7281818,9899216
Andre Miller,2010,7269264,9882150
JJ Redick,2010,7250000,9855961
Dan Gadzuric,2010,7248325,9853684
James Posey,2010,7148800,9718386
Leandro Barbosa,2010,7100000,9652045
Charlie Villanueva,2010,7020000,9543290
Travis Outlaw,2010,7000000,9516101
Brendan Haywood,2010,6900000,9380156
Vladimir Radmanovic,2010,6883800,9358133
Jared Jeffries,2010,6883800,9358133
Nazr Mohammed,2010,6883800,9358133
Andres Nocioni,2010,6850000,9312184
Greg Oden,2010,6760524,9190547
JR Smith,2010,6757851,9186913
Marvin Williams,2010,6712500,9125261
Morris Peterson,2010,6665000,9060687
Jeff Foster,2010,6655000,9047093
Jason Kapono,2010,6641440,9028659
Tyrus Thomas,2010,6611570,8988052
Josh Childress,2010,6500000,8836379
DeSagana Diop,2010,6478600,8807287
Beno Udrih,2010,6478600,8807287
Rasheed Wallace,2010,6322320,8594833
Metta World Peace,2010,6322320,8594833
Trevor Ariza,2010,6322320,8594833
Marcin Gortat,2010,6322320,8594833
Kevin Durant,2010,6053663,8229609
Andray Blatche,2010,5900000,8020713
Jermaine O'Neal,2010,5765000,7837189
Al Harrington,2010,5765000,7837189
Wesley Matthews,2010,5765000,7837189
Drew Gooden,2010,5760000,7830391
Kyle Lowry,2010,5750000,7816797
Mike Bibby,2010,5564767,7564983
Derrick Rose,2010,5546160,7539688
Nenad Krstic,2010,5543116,7535550
Jamaal Tinsley,2010,5500000,7476936
Francisco Garcia,2010,5500000,7476936
Sasha Vujacic,2010,5475113,7443104
Al Horford,2010,5444857,7401972
Blake Griffin,2010,5357280,7282916
Mickael Pietrus,2010,5300000,7205048
Luke Walton,2010,5260000,7150670
Channing Frye,2010,5200000,7069103
John Wall,2010,5144280,6993355
Reggie Evans,2010,5080000,6905970
Kyle Korver,2010,5000000,6797215
Jason Maxiell,2010,5000000,6797215
Mike Miller,2010,5000000,6797215
Louis Williams,2010,5000000,6797215
Amir Johnson,2010,5000000,6797215
Linas Kleiza,2010,4995000,6790417
Michael Beasley,2010,4962240,6745882
Mike Conley,2010,4913007,6678953
Antonio McDyess,2010,4860000,6606893
Marcus Banks,2010,4847586,6590016
Darius Songaila,2010,4818000,6549796
Martell Webster,2010,4800000,6525326
Hasheem Thabeet,2010,4793280,6516191
Ronnie Brewer,2010,4790000,6511732
Kendrick Perkins,2010,4640208,6308098
Evan Turner,2010,4602720,6257135
Jarrett Jack,2010,4600000,6253437
Chris Andersen,2010,4533300,6162763
OJ Mayo,2010,4456200,6057950
Jeff Green,2010,4455988,6057661
Charlie Bell,2010,4447792,6046519
Brad Miller,2010,4400000,5981549
Darko Milicic,2010,4325000,5879591
James Harden,2010,4304520,5851749
Matt Carroll,2010,4300000,5845605
Zaza Pachulia,2010,4251250,5779332
Randy Foye,2010,4250000,5777632
Hakim Warrick,2010,4250000,5777632
Nate Robinson,2010,4200000,5709660
DeShawn Stevenson,2010,4151786,5644116
Derrick Favors,2010,4133280,5618958
Yi Jianlian,2010,4050499,5506422
Russell Westbrook,2010,4017720,5461861
Daniel Gibson,2010,4015334,5458617
Anthony Morrow,2010,4000000,5437772
Ryan Gomes,2010,4000000,5437772
Steve Blake,2010,4000000,5437772
Nikola Pekovic,2010,4000000,5437772
Luke Ridnour,2010,4000000,5437772
Ronny Turiaf,2010,4000000,5437772
Brandon Bass,2010,4000000,5437772
Willie Green,2010,3976000,5405145
Ramon Sessions,2010,3964320,5389267
Tyreke Evans,2010,3880920,5275889
Jordan Farmar,2010,3750000,5097911
Wesley Johnson,2010,3726600,5066100
Corey Brewer,2010,3703472,5034659
Derek Fisher,2010,3700000,5029939
CJ Miles,2010,3700000,5029939
Kevin Love,2010,3638280,4946034
Timofey Mozgov,2010,3567096,4849263
Shaun Livingston,2010,3500000,4758050
Dorell Wright,2010,3500000,4758050
Udonis Haslem,2010,3500000,4758050
Carlos Delfino,2010,3500000,4758050
Chris Duhon,2010,3500000,4758050
Marc Gasol,2010,3480000,4730861
Tiago Splitter,2010,3400000,4622106
Brandan Wright,2010,3398072,4619485
DeMarcus Cousins,2010,3374640,4587630
Grant Hill,2010,3324000,4518788
Danilo Gallinari,2010,3304560,4492361
Glen Davis,2010,3300000,4486161
Joel Anthony,2010,3300000,4486161
Kelenna Azubuike,2010,3300000,4486161
Johan Petro,2010,3250000,4418189
Will Bynum,2010,3250000,4418189
Thabo Sefolosha,2010,3250000,4418189
Kris Humphries,2010,3200000,4350217
Jonny Flynn,2010,3192000,4339342
Joakim Noah,2010,3128536,4253066
CJ Watson,2010,3100000,4214273
Ekpe Udoh,2010,3065040,4166747
Eric Gordon,2010,3016680,4101004
Eduardo Najera,2010,3000000,4078329
Chris Wilcox,2010,3000000,4078329
Jamario Moon,2010,3000000,4078329
Tony Allen,2010,3000000,4078329
Carl Landry,2010,3000000,4078329
Matt Bonner,2010,3000000,4078329
Raja Bell,2010,3000000,4078329
Josh Howard,2010,3000000,4078329
Spencer Hawes,2010,2974320,4043418
Stephen Curry,2010,2913840,3961199
Thaddeus Young,2010,2901241,3944071
Julian Wright,2010,2858057,3885365
Anthony Parker,2010,2855700,3882161
Al Thornton,2010,2814196,3825739
Greg Monroe,2010,2798040,3803775
Rodney Stuckey,2010,2767126,3761750
Sebastian Telfair,2010,2700000,3670496
Jordan Hill,2010,2669520,3629060
Nick Young,2010,2630503,3576018
Al-Farouq Aminu,2010,2563320,3484687
DJ Augustin,2010,2540400,3453529
Dahntay Jones,2010,2500000,3398607
David Andersen,2010,2500000,3398607
Maurice Evans,2010,2500000,3398607
Marquis Daniels,2010,2470000,3357824
DeMar DeRozan,2010,2453880,3335910
Brook Lopez,2010,2413320,3280771
Rasual Butler,2010,2400000,3262663
Marco Belinelli,2010,2380270,3235841
Gordon Hayward,2010,2356320,3203282
Ryan Hollins,2010,2333333,3172033
Brandon Jennings,2010,2331120,3169024
Ersan Ilyasova,2010,2320500,3154587
Craig Smith,2010,2300000,3126718
Jerryd Bayless,2010,2292600,3116659
Quentin Richardson,2010,2265000,3079138
Paul George,2010,2238360,3042922
Louis Amundson,2010,2225000,3024760
Terrence Williams,2010,2214480,3010459
Shannon Brown,2010,2200000,2990774
Anthony Tolliver,2010,2200000,2990774
Jason Smith,2010,2187913,2974343
Jason Thompson,2010,2178000,2960866
Daequan Cook,2010,2169857,2949796
Jared Dudley,2010,2151068,2924254
Wilson Chandler,2010,2130482,2896268
Cole Aldrich,2010,2126520,2890882
Gerald Henderson,2010,2103840,2860050
Ben Wallace,2010,2080000,2827641
Brandon Rush,2010,2069049,2812754
Xavier Henry,2010,2020200,2746346
Aaron Brooks,2010,2016692,2741577
Keyon Dooling,2010,2000000,2718886
Tyler Hansbrough,2010,1998600,2716982
Chuck Hayes,2010,1972500,2681501
Goran Dragic,2010,1972000,2680821
Anthony Randolph,2010,1965720,2672284
Arron Afflalo,2010,1959577,2663933
Ed Davis,2010,1919160,2608988
Earl Clark,2010,1898760,2581256
Jason Williams,2010,1877145,2551871
Robin Lopez,2010,1867320,2538515
Patrick Patterson,2010,1823280,2478645
Jose Juan Barea,2010,1815000,2467389
Austin Daye,2010,1803720,2452054
Marreese Speights,2010,1773960,2411597
Matt Barnes,2010,1765000,2399416
Larry Sanders,2010,1731960,2354500
Omer Asik,2010,1721000,2339601
James Johnson,2010,1713600,2329541
Roy Hibbert,2010,1685280,2291042
Renaldo Balkman,2010,1675000,2277067
Luke Babbitt,2010,1645440,2236881
Jrue Holiday,2010,1627920,2213064
JaVale McGee,2010,1601040,2176522
Keith Bogans,2010,1600000,2175108
Hamed Haddadi,2010,1600000,2175108
Kevin Seraphin,2010,1563120,2124972
Ty Lawson,2010,1546560,2102460
JJ Hickson,2010,1528920,2078479
Solomon Jones,2010,1500000,2039164
Eric Bledsoe,2010,1485000,2018772
Jeff Teague,2010,1476840,2007679
Alexis Ajinca,2010,1467840,1995444
Avery Bradley,2010,1418160,1927907
Eric Maynor,2010,1417800,1927418
Courtney Lee,2010,1409040,1915509
Ryan Anderson,2010,1409040,1915509
Roger Mason,2010,1400000,1903220
Ronnie Price,2010,1380000,1876031
James Anderson,2010,1361400,1850745
Darren Collison,2010,1361040,1850256
Kosta Koufos,2010,1352640,1838837
Jason Collins,2010,1352181,1838213
Shaquille O'Neal,2010,1352181,1838213
Kurt Thomas,2010,1352181,1838213
Brian Cardinal,2010,1352181,1838213
Tracy McGrady,2010,1352181,1838213
Theo Ratliff,2010,1352181,1838213
Joe Smith,2010,1352181,1838213
Zydrunas Ilgauskas,2010,1352181,1838213
Juwan Howard,2010,1352181,1838213
Eddie House,2010,1352181,1838213
Earl Boykins,2010,1352181,1838213
Anthony Carter,2010,1352181,1838213
Tony Battie,2010,1352181,1838213
Craig Brackins,2010,1306920,1776683
Sean Marks,2010,1264687,1719269
Elliot Williams,2010,1254720,1705720
Omri Casspi,2010,1254480,1705394
Rudy Fernandez,2010,1246680,1694790
Kwame Brown,2010,1229255,1671102
Brian Scalabrine,2010,1229255,1671102
Jamaal Magloire,2010,1229255,1671102
Malik Allen,2010,1229255,1671102
Earl Watson,2010,1229255,1671102
Etan Thomas,2010,1223166,1662824
Melvin Ely,2010,1223166,1662824
Carlos Arroyo,2010,1223166,1662824
Trevor Booker,2010,1204560,1637530
Serge Ibaka,2010,1204200,1637041
BJ Mullens,2010,1204200,1637041
Royal Ivey,2010,1200000,1631331
Nicolas Batum,2010,1196760,1626927
George Hill,2010,1157160,1573093
Damion James,2010,1156320,1571951
Rodrigue Beaubois,2010,1156080,1571624
Quinton Ross,2010,1146337,1558379
Brian Cook,2010,1146337,1558379
Francisco Elson,2010,1146337,1558379
Erick Dampier,2010,1129469,1535448
Darrell Arthur,2010,1123680,1527578
Taj Gibson,2010,1117680,1519422
Donte Greene,2010,1116840,1518280
Dominique Jones,2010,1110120,1509144
DJ White,2010,1108680,1507187
Kyrylo Fesenko,2010,1087500,1478394
DeMarre Carroll,2010,1085400,1475539
Wayne Ellington,2010,1078800,1466567
Quincy Pondexter,2010,1073280,1459063
Toney Douglas,2010,1071000,1455963
Josh Powell,2010,1069609,1454072
Delonte West,2010,1069509,1453936
James Jones,2010,1069509,1453936
Didier Ilunga-Mbenga,2010,1069509,1453936
Jordan Crawford,2010,1042320,1416974
Greivis Vasquez,2010,1035960,1408328
Aaron Gray,2010,1028840,1398649
Daniel Orton,2010,1028400,1398051
Christian Eyenga,2010,1020960,1387936
Lazar Hayward,2010,1020960,1387936
Jon Brockman,2010,1000000,1359443
Hilton Armstrong,2010,992680,1349491
Stephen Graham,2010,992680,1349491
Joey Graham,2010,992680,1349491
Fabricio Oberto,2010,992680,1349491
Luther Head,2010,992680,1349491
Antoine Wright,2010,992680,1349491
Patrick Mills,2010,937195,1274063
DeJuan Blair,2010,918000,1247968
Von Wafer,2010,915852,1245048
Leon Powe,2010,915852,1245048
Shelden Williams,2010,915852,1245048
Sam Young,2010,886000,1204466
Shawne Williams,2010,885210,1203392
Josh McRoberts,2010,885120,1203270
Dominic McGuire,2010,884120,1201910
Chris Quinn,2010,861978,1171809
Acie Law,2010,859087,1167879
DeAndre Jordan,2010,854389,1161493
Mario Chalmers,2010,854389,1161493
Luc Mbah a Moute,2010,854389,1161493
Chris Douglas-Roberts,2010,854389,1161493
Henry Walker,2010,854389,1161493
Darnell Jackson,2010,854389,1161493
Sonny Weems,2010,854389,1161493
Joey Dorsey,2010,854389,1161493
Cartier Martin,2010,854389,1161493
Chase Budinger,2010,780871,1061549
Jermaine Taylor,2010,780871,1061549
Solomon Alabi,2010,770000,1046771
Ian Mahinmi,2010,762196,1036162
Dante Cunningham,2010,762195,1036160
Derrick Brown,2010,762195,1036160
DaJuan Summers,2010,762195,1036160
Jonas Jerebko,2010,762195,1036160
Reggie Williams,2010,762195,1036160
AJ Price,2010,762195,1036160
Jodie Meeks,2010,762195,1036160
Marcus Thornton,2010,762195,1036160
Lance Stephenson,2010,750000,1019582
Damien Wilkins,2010,748656,1017755
Steve Novak,2010,734945,999115
Hassan Whiteside,2010,730437,992987
Alonzo Gee,2010,681492,926448
Rodney Carney,2010,651872,886182
Jarron Collins,2010,643551,874870
Ike Diogu,2010,608772,827590
Andy Rautins,2010,600000,815665
Gary Neal,2010,525000,713707
Samardo Samuels,2010,500000,679721
Willie Warren,2010,500000,679721
Gani Lawal,2010,473640,643886
Garret Siler,2010,473640,643886
Pape Sy,2010,473604,643837
Ben Uzoh,2010,473604,643837
Sherron Collins,2010,473604,643837
Semih Erden,2010,473604,643837
Luke Harangody,2010,473604,643837
Manny Harris,2010,473604,643837
Gary Forbes,2010,473604,643837
Terrico White,2010,473604,643837
Jeremy Lin,2010,473604,643837
Devin Ebanks,2010,473604,643837
Derrick Caracter,2010,473604,643837
Ishmael Smith,2010,473604,643837
Patrick Beverley,2010,473604,643837
Dexter Pittman,2010,473604,643837
Da'Sean Butler,2010,473604,643837
Landry Fields,2010,473604,643837
Armon Johnson,2010,473604,643837
Pooh Jeter,2010,473604,643837
Jeremy Evans,2010,473604,643837
Hamady N'Diaye,2010,473604,643837
Pops Mensah-Bonsu,2010,364461,495463
Jeff Adrien,2010,342666,465834
Sundiata Gaines,2010,327296,444940
Jawad Williams,2010,321652,437267
Brian Skinner,2010,270436,367642
Ime Udoka,2010,264232,359208
Zabian Dowdell,2010,242374,329493
Jerry Stackhouse,2010,222712,302764
John Lucas,2010,208264,283123
Aleksandar Pavlovic,2010,202295,275007
Lester Hudson,2010,192791,262088
Earl Barron,2010,188558,256333
Garrett Temple,2010,170373,231612
Chris Johnson,2010,164368,223448
Darington Hobson,2010,103078,140128
Danny Green,2010,94154,127996
Joe Alexander,2010,90465,122982
Trey Johnson,2010,89670,121901
Mustafa Shakur,2010,89670,121901
Maurice Ager,2010,83305,113248
Bobby Simmons,2010,71951,97813
Matt Janning,2010,58504,79532
Ronald Dupree,2010,58393,79381
Larry Owens,2010,55718,75745
Kobe Bryant,2011,25244493,33139086
Vince Carter,2011,21300000,27961050
Kevin Garnett,2011,21247044,27891534
Tim Duncan,2011,21164619,27783332
Rashard Lewis,2011,21136631,27746592
Gilbert Arenas,2011,19269307,25295308
Dirk Nowitzki,2011,19092873,25063699
Pau Gasol,2011,18714150,24566539
Carmelo Anthony,2011,18518574,24309802
Amare Stoudemire,2011,18217705,23914843
Dwight Howard,2011,18091770,23749525
Joe Johnson,2011,18038573,23679692
Richard Hamilton,2011,17500000,22972693
Elton Brand,2011,17059727,22394736
Deron Williams,2011,16359805,21475931
Chris Paul,2011,16359805,21475931
Brandon Roy,2011,16032144,21045802
LeBron James,2011,16022500,21033142
Chris Bosh,2011,16022500,21033142
Dwyane Wade,2011,15691000,20597974
Kevin Durant,2011,15506632,20355949
Paul Pierce,2011,15333334,20128456
Baron Davis,2011,15252181,20021924
Zach Randolph,2011,15200000,19953425
Antawn Jamison,2011,15076715,19791586
Rudy Gay,2011,15032144,19733077
Andrew Bynum,2011,14900000,19559608
Chauncey Billups,2011,14200000,18640699
Chris Kaman,2011,14030000,18417537
Al Jefferson,2011,14000000,18378155
Andre Iguodala,2011,13531750,17763471
Carlos Boozer,2011,13500000,17721792
Tyson Chandler,2011,13107837,17206990
Nenê,2011,13000000,17065430
Manu Ginobili,2011,12981038,17040538
Marc Gasol,2011,12922194,16963292
Emeka Okafor,2011,12541812,16463955
Tony Parker,2011,12500000,16409067
Josh Smith,2011,12400000,16277794
LaMarcus Aldridge,2011,12372000,16241038
Luol Deng,2011,12325000,16179340
Danny Granger,2011,12015904,15773582
Al Horford,2011,12000000,15752704
Joakim Noah,2011,12000000,15752704
Andrew Bogut,2011,12000000,15752704
Steve Nash,2011,11689062,15344528
David Lee,2011,11610000,15240741
Ben Gordon,2011,11600000,15227614
Kevin Martin,2011,11519840,15122386
Marcus Camby,2011,11227250,14738296
Jason Terry,2011,11158000,14647389
Hidayet Turkoglu,2011,11015850,14460785
Monta Ellis,2011,11000000,14439979
Mehmet Okur,2011,10890000,14295579
Corey Maggette,2011,10262069,13471278
Jason Kidd,2011,10121000,13286093
DeAndre Jordan,2011,10079404,13231489
Rajon Rondo,2011,10045455,13186923
Ray Allen,2011,10000000,13127253
David West,2011,10000000,13127253
Jose Calderon,2011,9780992,12839756
Gerald Wallace,2011,9500000,12470891
Devin Harris,2011,9319000,12233287
Richard Jefferson,2011,9282000,12184717
Stephen Jackson,2011,9256500,12151242
Andrea Bargnani,2011,9250000,12142709
Boris Diaw,2011,9000000,11814528
Andris Biedrins,2011,9000000,11814528
Lamar Odom,2011,8900000,11683255
Luis Scola,2011,8591793,11278664
Rodney Stuckey,2011,8500000,11158165
Maurice Williams,2011,8500000,11158165
Carl Landry,2011,8500000,11158165
John Salmons,2011,8500000,11158165
Paul Millsap,2011,8103435,10637584
Kirk Hinrich,2011,8100000,10633075
Shawn Marion,2011,8022449,10531272
Kris Humphries,2011,8000000,10501803
Caron Butler,2011,8000000,10501803
Andre Miller,2011,7807728,10249402
Jameer Nelson,2011,7800000,10239258
Anderson Varejao,2011,7700000,10107985
Brendan Haywood,2011,7624500,10008874
Leandro Barbosa,2011,7600000,9976712
James Posey,2011,7595600,9970936
Arron Afflalo,2011,7562500,9927485
Raymond Felton,2011,7560000,9924203
Charlie Villanueva,2011,7540000,9897949
Marvin Williams,2011,7500000,9845440
Thaddeus Young,2011,7478261,9816903
Tyrus Thomas,2011,7305765,9590463
Kendrick Perkins,2011,7123626,9351364
Travis Outlaw,2011,7000000,9189077
Samuel Dalembert,2011,7000000,9189077
Marcus Thornton,2011,7000000,9189077
Derrick Rose,2011,6993708,9180818
DeSagana Diop,2011,6925400,9091148
Beno Udrih,2011,6925400,9091148
Metta World Peace,2011,6790640,8914245
Trevor Ariza,2011,6790640,8914245
Marcin Gortat,2011,6790640,8914245
Kwame Brown,2011,6750000,8860896
JJ Redick,2011,6750000,8860896
Andres Nocioni,2011,6650000,8729623
Mike Conley,2011,6611571,8679177
Mickael Pietrus,2011,6523166,8563125
Grant Hill,2011,6500000,8532715
Andray Blatche,2011,6442083,8456685
Glen Davis,2011,6300000,8270169
Tayshaun Prince,2011,6292135,8259845
Michael Beasley,2011,6262347,8220741
Jermaine O'Neal,2011,6226200,8173290
Al Harrington,2011,6226200,8173290
Drew Gooden,2011,6226200,8173290
Wesley Matthews,2011,6135160,8053780
Josh Childress,2011,6000000,7876352
Francisco Garcia,2011,5800000,7613807
Kyle Lowry,2011,5750000,7548170
Blake Griffin,2011,5731080,7523334
Luke Walton,2011,5680000,7456280
OJ Mayo,2011,5632637,7394105
Channing Frye,2011,5600000,7351262
John Wall,2011,5530080,7259476
Amir Johnson,2011,5500000,7219989
Nate Robinson,2011,5483307,7198076
Mike Miller,2011,5400000,7088717
Jason Richardson,2011,5395000,7082153
Martell Webster,2011,5256000,6899684
Chuck Hayes,2011,5250000,6891808
Louis Williams,2011,5176000,6794666
Kyrie Irving,2011,5144280,6753026
Hasheem Thabeet,2011,5127720,6731288
Russell Westbrook,2011,5082416,6671816
Kyle Korver,2011,5000000,6563626
Jason Maxiell,2011,5000000,6563626
Luc Mbah a Moute,2011,5000000,6563626
Jarrett Jack,2011,5000000,6563626
Jamal Crawford,2011,5000000,6563626
Evan Turner,2011,4947840,6495155
Darko Milicic,2011,4776500,6270232
Brad Miller,2011,4752000,6238071
Zaza Pachulia,2011,4750000,6235445
Ronnie Brewer,2011,4710000,6182936
Kevin Love,2011,4609701,6051271
Linas Kleiza,2011,4605000,6045100
James Harden,2011,4604760,6044785
Derrick Williams,2011,4602720,6042107
Nikola Pekovic,2011,4503600,5911990
Jonas Jerebko,2011,4500000,5907264
Derrick Favors,2011,4443360,5832911
Daniel Gibson,2011,4403834,5781024
Ronny Turiaf,2011,4360000,5723482
Jose Juan Barea,2011,4300000,5644719
Ramon Sessions,2011,4257973,5589549
Brandon Bass,2011,4250000,5579082
Randy Foye,2011,4250000,5579082
Jared Dudley,2011,4250000,5579082
Chris Andersen,2011,4234000,5558079
Danilo Gallinari,2011,4190182,5500558
Tyreke Evans,2011,4151640,5449963
Enes Kanter,2011,4133280,5425861
Charlie Bell,2011,4099920,5382069
Spencer Hawes,2011,4051024,5317882
Wesley Johnson,2011,4006080,5258882
Jordan Farmar,2011,4000000,5250901
Anthony Morrow,2011,4000000,5250901
Ryan Gomes,2011,4000000,5250901
Steve Blake,2011,4000000,5250901
Mario Chalmers,2011,4000000,5250901
Hakim Warrick,2011,4000000,5250901
Matt Carroll,2011,3900000,5119629
Eric Gordon,2011,3831184,5029292
Dorell Wright,2011,3823000,5018549
Udonis Haslem,2011,3780000,4962101
Mike Dunleavy,2011,3750000,4922720
Nazr Mohammed,2011,3750000,4922720
Tristan Thompson,2011,3726600,4892002
CJ Miles,2011,3700000,4857083
Nick Young,2011,3695857,4851645
Luke Ridnour,2011,3680000,4830829
Tiago Splitter,2011,3672000,4820327
DeMarcus Cousins,2011,3627720,4762200
Joel Anthony,2011,3600000,4725811
Shaun Livingston,2011,3500000,4594538
Carlos Delfino,2011,3500000,4594538
Chris Duhon,2011,3500000,4594538
Shannon Brown,2011,3500000,4594538
Ricky Rubio,2011,3480120,4568441
Jonny Flynn,2011,3414720,4482589
CJ Watson,2011,3400000,4463266
Derek Fisher,2011,3400000,4463266
Marco Belinelli,2011,3377604,4433866
Timofey Mozgov,2011,3343896,4389617
Daequan Cook,2011,3341558,4386548
Matt Bonner,2011,3315000,4351684
Thabo Sefolosha,2011,3300000,4331993
Ekpe Udoh,2011,3294960,4325377
Nick Collison,2011,3272997,4296546
Johan Petro,2011,3250000,4266357
Will Bynum,2011,3250000,4266357
Raja Bell,2011,3240000,4253230
DJ Augustin,2011,3236470,4248596
Tony Allen,2011,3150000,4135084
Stephen Curry,2011,3117120,4091922
Brook Lopez,2011,3076983,4039233
Jan Vesely,2011,3065040,4023555
Corey Brewer,2011,3059000,4015626
Jerryd Bayless,2011,3042280,3993678
Greg Monroe,2011,3007920,3948572
Jason Thompson,2011,3001284,3939861
Chris Wilcox,2011,3000000,3938176
Shawne Williams,2011,3000000,3938176
Jeff Foster,2011,3000000,3938176
Josh McRoberts,2011,3000000,3938176
Shane Battier,2011,3000000,3938176
Brandon Rush,2011,2956658,3881280
Anthony Randolph,2011,2911231,3821646
Robin Lopez,2011,2862602,3757810
Jordan Hill,2011,2855760,3748828
Bismack Biyombo,2011,2798040,3673058
Al-Farouq Aminu,2011,2755560,3617293
Eduardo Najera,2011,2750000,3609994
Marreese Speights,2011,2721255,3572260
Dahntay Jones,2011,2700000,3544358
Antonio McDyess,2011,2640000,3465595
DeMar DeRozan,2011,2625000,3445904
Roy Hibbert,2011,2588590,3398107
Brandon Knight,2011,2563320,3364935
Ersan Ilyasova,2011,2541000,3335635
Gordon Hayward,2011,2532960,3325080
DeShawn Stevenson,2011,2500000,3281813
Reggie Williams,2011,2500000,3281813
Kenyon Martin,2011,2500000,3281813
Jason Smith,2011,2500000,3281813
Aaron Gray,2011,2500000,3281813
Brandon Jennings,2011,2493720,3273569
Ryan Hollins,2011,2483333,3259934
JaVale McGee,2011,2462400,3232454
Quentin Richardson,2011,2446600,3211713
Paul George,2011,2406240,3158732
Louis Amundson,2011,2403000,3154479
JR Smith,2011,2382353,3127375
Terrence Williams,2011,2369040,3109898
Kemba Walker,2011,2356320,3093201
JJ Hickson,2011,2354537,3090860
Cole Aldrich,2011,2286000,3000890
Gerald Henderson,2011,2250600,2954419
Anthony Parker,2011,2250000,2953632
Keyon Dooling,2011,2246400,2948906
Ben Wallace,2011,2246400,2948906
Ryan Anderson,2011,2244601,2946544
Jimmer Fredette,2011,2238360,2938351
Courtney Lee,2011,2225093,2920936
Kosta Koufos,2011,2203792,2892973
Rudy Fernandez,2011,2180443,2862322
Xavier Henry,2011,2171640,2850766
Nicolas Batum,2011,2155365,2829402
Josh Howard,2011,2150000,2822359
Tyler Hansbrough,2011,2138040,2806659
Klay Thompson,2011,2126520,2791536
Goran Dragic,2011,2108000,2767225
George Hill,2011,2086360,2738817
Ed Davis,2011,2063040,2708204
Anthony Tolliver,2011,2050000,2691087
Darrell Arthur,2011,2027119,2661050
Alec Burks,2011,2020200,2651967
Donte Greene,2011,2015896,2646317
DJ White,2011,2001167,2626982
Dante Cunningham,2011,2000000,2625450
Earl Watson,2011,2000000,2625450
Patrick Patterson,2011,1959960,2572889
Austin Daye,2011,1929600,2533034
Markieff Morris,2011,1919160,2519330
Matt Barnes,2011,1906200,2502317
Larry Sanders,2011,1861920,2444189
Omer Asik,2011,1857500,2438387
James Johnson,2011,1833120,2406383
Marcus Morris,2011,1823280,2393465
Luke Babbitt,2011,1768800,2321948
Jrue Holiday,2011,1741440,2286032
Kawhi Leonard,2011,1731960,2273587
Kevin Seraphin,2011,1680360,2205851
Renaldo Balkman,2011,1675000,2198815
Ty Lawson,2011,1654440,2171825
Nikola Vucevic,2011,1645400,2159958
Eric Bledsoe,2011,1596360,2095582
Jeff Teague,2011,1579920,2074001
Gustavo Ayon,2011,1567500,2057697
Iman Shumpert,2011,1563120,2051947
Avery Bradley,2011,1524480,2001223
Eric Maynor,2011,1516680,1990984
Jeff Ayres,2011,1500000,1969088
James Jones,2011,1500000,1969088
Sebastian Telfair,2011,1500000,1969088
Greg Oden,2011,1500000,1969088
Gary Forbes,2011,1500000,1969088
Chris Singleton,2011,1485000,1949397
James Anderson,2011,1463520,1921199
Darren Collison,2011,1455960,1911275
Tobias Harris,2011,1418160,1861654
Craig Brackins,2011,1404960,1844326
Jerry Stackhouse,2011,1352181,1775042
Jason Collins,2011,1352181,1775042
Tracy McGrady,2011,1352181,1775042
Vladimir Radmanovic,2011,1352181,1775042
Brian Scalabrine,2011,1352181,1775042
Brian Cardinal,2011,1352181,1775042
Troy Murphy,2011,1352181,1775042
Juwan Howard,2011,1352181,1775042
Eddie House,2011,1352181,1775042
Mike Bibby,2011,1352181,1775042
Tony Battie,2011,1352181,1775042
Kurt Thomas,2011,1352181,1775042
Jamaal Magloire,2011,1352181,1775042
Anthony Carter,2011,1352181,1775042
Elliot Williams,2011,1348800,1770604
Omri Casspi,2011,1341960,1761624
Michael Redd,2011,1308506,1717709
Nolan Smith,2011,1306920,1715627
Hamed Haddadi,2011,1300000,1706543
Trevor Booker,2011,1294920,1699874
BJ Mullens,2011,1288200,1691052
Serge Ibaka,2011,1288200,1691052
Kenneth Faried,2011,1254720,1647102
Damion James,2011,1243080,1631822
Rodrigue Beaubois,2011,1236720,1623473
Reggie Evans,2011,1229255,1613674
Eddy Curry,2011,1229255,1613674
Jared Jeffries,2011,1229255,1613674
Rasual Butler,2011,1229255,1613674
Jamaal Tinsley,2011,1229255,1613674
Jannero Pargo,2011,1223166,1605681
Willie Green,2011,1223166,1605681
Marquis Daniels,2011,1223166,1605681
Aleksandar Pavlovic,2011,1223166,1605681
Brian Cook,2011,1223166,1605681
Jason Kapono,2011,1223166,1605681
Maurice Evans,2011,1223166,1605681
Royal Ivey,2011,1200000,1575270
Taj Gibson,2011,1195680,1569599
Dominique Jones,2011,1193280,1566448
Earl Clark,2011,1160000,1522761
Reggie Jackson,2011,1156320,1517930
Wayne Ellington,2011,1154040,1514937
Quincy Pondexter,2011,1153800,1514622
Delonte West,2011,1146337,1504825
Damien Wilkins,2011,1146337,1504825
TJ Ford,2011,1146337,1504825
Roger Mason,2011,1146337,1504825
Toney Douglas,2011,1145640,1503910
Joel Przybilla,2011,1145027,1503106
Jordan Crawford,2011,1120440,1470830
Greivis Vasquez,2011,1113600,1461850
MarShon Brooks,2011,1110120,1457282
Daniel Orton,2011,1105560,1451296
Christian Eyenga,2011,1097520,1440742
Lazar Hayward,2011,1097520,1440742
Jordan Hamilton,2011,1073286,1408929
Ronnie Price,2011,1069509,1403971
JaJuan Johnson,2011,1042320,1368279
Norris Cole,2011,1035960,1359930
Cory Joseph,2011,1028400,1350006
Jimmy Butler,2011,1020960,1340240
Jeremy Pargo,2011,1000000,1312725
Jon Brockman,2011,1000000,1312725
Shelden Williams,2011,992680,1303116
Steve Novak,2011,992680,1303116
Von Wafer,2011,992680,1303116
Craig Smith,2011,992680,1303116
DeJuan Blair,2011,986000,1294347
Sam Young,2011,947800,1244201
John Lucas,2011,915852,1202262
Ian Mahinmi,2011,915852,1202262
Brandan Wright,2011,915852,1202262
Dominic McGuire,2011,915852,1202262
Sean Williams,2011,885120,1161919
Henry Walker,2011,885120,1161919
Sundiata Gaines,2011,854389,1121578
Derrick Brown,2011,854389,1121578
Alonzo Gee,2011,854389,1121578
Chase Budinger,2011,854389,1121578
AJ Price,2011,854389,1121578
Jodie Meeks,2011,854389,1121578
Danny Green,2011,854389,1121578
Erick Dampier,2011,850522,1116501
Chandler Parsons,2011,850000,1115816
Keith Bogans,2011,848266,1113540
DeMarre Carroll,2011,833713,1094436
Solomon Alabi,2011,830000,1089562
Yi Jianlian,2011,827197,1085882
Lance Stephenson,2011,810000,1063307
Andy Rautins,2011,788872,1035572
Tyler Honeycutt,2011,775000,1017362
Greg Stiemsma,2011,762195,1000552
Semih Erden,2011,762195,1000552
Samardo Samuels,2011,762195,1000552
Luke Harangody,2011,762195,1000552
Devin Ebanks,2011,762195,1000552
Dexter Pittman,2011,762195,1000552
Landry Fields,2011,762195,1000552
Jeremy Lin,2011,762195,1000552
Chris Johnson,2011,762195,1000552
Armon Johnson,2011,762195,1000552
Hassan Whiteside,2011,762195,1000552
Gary Neal,2011,762195,1000552
Jeremy Evans,2011,762195,1000552
Jeremy Tyler,2011,650000,853271
Ishmael Smith,2011,639254,839164
Bobby Simmons,2011,594836,780856
Josh Selby,2011,550000,721998
Gerald Green,2011,516999,678676
Malcolm Lee,2011,500000,656362
Ryan Reid,2011,475000,623544
Ivan Johnson,2011,473604,621711
E'Twaun Moore,2011,473604,621711
Jordan Williams,2011,473604,621711
Cory Higgins,2011,473604,621711
Julyan Stone,2011,473604,621711
Vernon Macklin,2011,473604,621711
Charles Jenkins,2011,473604,621711
Chris Wright,2011,473604,621711
Travis Leslie,2011,473604,621711
Trey Thompkins,2011,473604,621711
Darius Morris,2011,473604,621711
Andrew Goudelock,2011,473604,621711
Terrel Harris,2011,473604,621711
Jon Leuer,2011,473604,621711
Josh Harrellson,2011,473604,621711
Jerome Jordan,2011,473604,621711
Justin Harper,2011,473604,621711
DeAndre Liggins,2011,473604,621711
Lavoy Allen,2011,473604,621711
Isaiah Thomas,2011,473604,621711
Shelvin Mack,2011,473604,621711
Solomon Jones,2011,440353,578062
Larry Hughes,2011,414443,544049
Walker Russell,2011,374289,491338
Lance Thomas,2011,328444,431156
Josh Davis,2011,314041,412249
Francisco Elson,2011,305792,401420
DaJuan Summers,2011,303137,397935
Greg Smith,2011,301733,396092
Mike James,2011,277566,364367
Jeff Adrien,2011,270427,354996
Derrick Caracter,2011,270427,354996
Hamady N'Diaye,2011,270427,354996
Mickell Gladness,2011,248263,325901
Darington Hobson,2011,245884,322778
Jeff Foote,2011,225341,295810
Donald Sloan,2011,198629,260744
Earl Barron,2011,185588,243626
Mychel Thompson,2011,168035,220583
Carldell Johnson,2011,168035,220583
Manny Harris,2011,122942,161389
Malcolm Thomas,2011,103104,135347
Dennis Horner,2011,91642,120300
Larry Owens,2011,86052,112962
Brian Skinner,2011,65446,85912
Ike Diogu,2011,64028,84051
Andre Emmett,2011,61433,80644
Ben Uzoh,2011,61433,80644
Garret Siler,2011,51097,67076
Courtney Fortson,2011,42009,55146
Kobe Bryant,2012,27849000,35959721
Brandon Roy,2012,21459805,27709742
Dirk Nowitzki,2012,20907128,26996104
Gilbert Arenas,2012,20807922,26868005
Amare Stoudemire,2012,19948799,25758672
Joe Johnson,2012,19752645,25505390
Carmelo Anthony,2012,19450000,25114603
Dwight Howard,2012,19261200,24870817
Pau Gasol,2012,19000000,24533545
Elton Brand,2012,18160354,23449361
Chris Paul,2012,17779457,22957532
Kevin Durant,2012,17548838,22659748
LeBron James,2012,17545000,22654792
Chris Bosh,2012,17545000,22654792
Deron Williams,2012,17177795,22180643
Dwyane Wade,2012,17024000,21982056
Paul Pierce,2012,16790345,21680352
Zach Randolph,2012,16500000,21305447
Andrew Bynum,2012,16473002,21270586
Rudy Gay,2012,16460532,21254484
Derrick Rose,2012,16402500,21179551
Rashard Lewis,2012,15052181,19435966
Carlos Boozer,2012,15000000,19368588
Al Jefferson,2012,15000000,19368588
Baron Davis,2012,14850000,19174902
Andre Iguodala,2012,14718250,19004782
Manu Ginobili,2012,14107492,18216147
Marc Gasol,2012,13891359,17937067
Roy Hibbert,2012,13668750,17649626
Kevin Love,2012,13668750,17649626
Eric Gordon,2012,13668750,17649626
Russell Westbrook,2012,13668750,17649626
Brook Lopez,2012,13668000,17648658
Tyson Chandler,2012,13604188,17566261
Emeka Okafor,2012,13543250,17487575
Luol Deng,2012,13326700,17207958
Josh Smith,2012,13200000,17044358
Andrew Bogut,2012,13150000,16979796
Danny Granger,2012,13058606,16861784
LaMarcus Aldridge,2012,13000000,16786110
Nenê,2012,13000000,16786110
Kevin Martin,2012,12939675,16708216
David Lee,2012,12744000,16455552
Tony Parker,2012,12500000,16140490
Kevin Garnett,2012,12467532,16098566
Ben Gordon,2012,12400000,16011366
Al Horford,2012,12000000,15494870
Kris Humphries,2012,12000000,15494870
Nicolas Batum,2012,11950000,15430309
Hidayet Turkoglu,2012,11815850,15257089
Joakim Noah,2012,11050000,14268193
Jose Calderon,2012,11046591,14263791
Rajon Rondo,2012,11000000,14203631
Monta Ellis,2012,11000000,14203631
Corey Maggette,2012,10924138,14105675
DeAndre Jordan,2012,10532977,13600593
Richard Hamilton,2012,10500000,13558011
Richard Jefferson,2012,10164000,13124155
Stephen Jackson,2012,10060000,12989866
JaVale McGee,2012,10000000,12912392
David West,2012,10000000,12912392
Andrea Bargnani,2012,10000000,12912392
Andrei Kirilenko,2012,9779349,12627479
Gerald Wallace,2012,9682435,12502340
Tim Duncan,2012,9638554,12445679
Danilo Gallinari,2012,9439000,12188007
Andris Biedrins,2012,9000000,11621153
Steve Nash,2012,8900000,11492029
Ryan Anderson,2012,8700000,11233781
Shawn Marion,2012,8646364,11164524
Jameer Nelson,2012,8600000,11104657
Devin Harris,2012,8500000,10975533
Rodney Stuckey,2012,8500000,10975533
Maurice Williams,2012,8500000,10975533
Anderson Varejao,2012,8400000,10846409
Brendan Haywood,2012,8349000,10780555
Marvin Williams,2012,8287500,10701145
Lamar Odom,2012,8200000,10588161
Jeff Green,2012,8100000,10459037
John Salmons,2012,8080000,10433213
Charlie Villanueva,2012,8060000,10407388
Thaddeus Young,2012,8039130,10380440
Tyrus Thomas,2012,8000000,10329913
Chris Kaman,2012,8000000,10329913
George Hill,2012,8000000,10329913
Caron Butler,2012,8000000,10329913
Andray Blatche,2012,7972891,10294909
Ersan Ilyasova,2012,7900000,10200790
Beno Udrih,2012,7810000,10084578
Kendrick Perkins,2012,7800531,10072351
Marcus Thornton,2012,7632500,9855383
Arron Afflalo,2012,7562500,9764996
Goran Dragic,2012,7500000,9684294
DeSagana Diop,2012,7372200,9519273
Metta World Peace,2012,7258960,9373054
Marcin Gortat,2012,7258960,9373054
Trevor Ariza,2012,7258960,9373054
Blake Griffin,2012,7226891,9331645
Paul Millsap,2012,7200000,9296922
Mike Conley,2012,7180000,9271097
Travis Outlaw,2012,7000000,9038673
Josh Childress,2012,6890056,8896710
Tayshaun Prince,2012,6764045,8734000
Samuel Dalembert,2012,6700000,8651302
Al Harrington,2012,6687400,8635033
Drew Gooden,2012,6680000,8625478
Wesley Matthews,2012,6505320,8399924
Brandon Bass,2012,6500000,8393055
Spencer Hawes,2012,6500000,8393055
Darko Milicic,2012,6457255,8337860
Glen Davis,2012,6400000,8263931
Francisco Garcia,2012,6100000,7876559
Luke Walton,2012,6091363,7865406
JJ Redick,2012,6000000,7747435
Nick Young,2012,6000000,7747435
Channing Frye,2012,6000000,7747435
Amir Johnson,2012,6000000,7747435
Wilson Chandler,2012,5930415,7657584
John Wall,2012,5915880,7638816
James Harden,2012,5820416,7515549
Mike Miller,2012,5800000,7489187
Jason Richardson,2012,5799625,7488703
Aaron Brooks,2012,5750000,7424625
Michael Beasley,2012,5750000,7424625
Kyle Lowry,2012,5750000,7424625
Jarrett Jack,2012,5580000,7205115
Kyrie Irving,2012,5530080,7140656
Chuck Hayes,2012,5486250,7084061
Evan Turner,2012,5293080,6834632
Tyreke Evans,2012,5251824,6781361
Jason Thompson,2012,5250000,6779006
Zaza Pachulia,2012,5248750,6777391
Chris Andersen,2012,5225952,6747953
Anthony Davis,2012,5144280,6642496
Louis Williams,2012,5000000,6456196
Kyle Korver,2012,5000000,6456196
Jason Terry,2012,5000000,6456196
Courtney Lee,2012,5000000,6456196
Ramon Sessions,2012,5000000,6456196
Andre Miller,2012,5000000,6456196
Jason Maxiell,2012,5000000,6456196
Omer Asik,2012,5000000,6456196
Jeremy Lin,2012,5000000,6456196
Jamal Crawford,2012,5000000,6456196
Landry Fields,2012,5000000,6456196
Derrick Williams,2012,4947840,6388845
Robin Lopez,2012,4899293,6326159
Luc Mbah a Moute,2012,4794192,6190448
Daniel Gibson,2012,4792332,6188047
Derrick Favors,2012,4753320,6137673
Nikola Pekovic,2012,4640000,5991350
Michael Kidd-Gilchrist,2012,4602720,5943212
Linas Kleiza,2012,4600000,5939700
Marcus Camby,2012,4590338,5927224
Jonas Jerebko,2012,4500000,5810576
Luis Scola,2012,4500000,5810576
Boris Diaw,2012,4500000,5810576
Jose Juan Barea,2012,4493000,5801537
Enes Kanter,2012,4443360,5737440
Wesley Johnson,2012,4285560,5533683
Jared Dudley,2012,4250000,5487766
Marreese Speights,2012,4200000,5423204
Bradley Beal,2012,4133280,5337053
Dorell Wright,2012,4106000,5301828
Udonis Haslem,2012,4060000,5242431
Steve Novak,2012,4054055,5234754
OJ Mayo,2012,4020000,5190781
Tristan Thompson,2012,4006080,5172807
Anthony Morrow,2012,4000000,5164956
Carl Landry,2012,4000000,5164956
Brandon Rush,2012,4000000,5164956
Ian Mahinmi,2012,4000000,5164956
Ryan Gomes,2012,4000000,5164956
Steve Blake,2012,4000000,5164956
Mario Chalmers,2012,4000000,5164956
Luke Ridnour,2012,4000000,5164956
Raymond Felton,2012,4000000,5164956
Hakim Warrick,2012,4000000,5164956
JJ Hickson,2012,4000000,5164956
Stephen Curry,2012,3958742,5111683
Tiago Splitter,2012,3944000,5092647
Kirk Hinrich,2012,3941000,5088773
DeMarcus Cousins,2012,3880800,5011041
Joel Anthony,2012,3750000,4842147
Mike Dunleavy,2012,3750000,4842147
Ricky Rubio,2012,3741120,4830680
Dion Waiters,2012,3726600,4811932
Chris Duhon,2012,3680000,4751760
Matt Bonner,2012,3630000,4687198
Daequan Cook,2012,3602675,4651914
Thabo Sefolosha,2012,3600000,4648461
Ekpe Udoh,2012,3524880,4551463
Johan Petro,2012,3500000,4519337
Alonzo Gee,2012,3500000,4519337
Will Bynum,2012,3500000,4519337
DJ Augustin,2012,3500000,4519337
Gerald Green,2012,3500000,4519337
Jordan Hill,2012,3500000,4519337
Matt Carroll,2012,3500000,4519337
Shannon Brown,2012,3500000,4519337
Danny Green,2012,3500000,4519337
Raja Bell,2012,3480000,4493512
Thomas Robinson,2012,3374640,4357467
Jonas Valanciunas,2012,3374640,4357467
DeMar DeRozan,2012,3344250,4318226
Tony Allen,2012,3300000,4261089
Jan Vesely,2012,3294960,4254581
Corey Brewer,2012,3243000,4187488
Greg Monroe,2012,3217680,4154794
Brandon Jennings,2012,3179493,4105486
Shawne Williams,2012,3158000,4077733
Josh McRoberts,2012,3135000,4048035
Shane Battier,2012,3135000,4048035
Vince Carter,2012,3120000,4028666
Gerald Henderson,2012,3101326,4004553
Jerryd Bayless,2012,3100000,4002841
Mirza Teletovic,2012,3090000,3989929
Ray Allen,2012,3090000,3989929
Jason Kidd,2012,3090000,3989929
Damian Lillard,2012,3065040,3957699
Tyler Hansbrough,2012,3055259,3945070
Alexey Shved,2012,3017943,3896886
Bismack Biyombo,2012,3007920,3883944
Darrell Arthur,2012,3006217,3881745
Kosta Koufos,2012,3000000,3873717
Carlos Delfino,2012,3000000,3873717
Chauncey Billups,2012,3000000,3873717
Lavoy Allen,2012,3000000,3873717
Kwame Brown,2012,3000000,3873717
Austin Daye,2012,2958444,3820059
Al-Farouq Aminu,2012,2947800,3806315
Nick Collison,2012,2929332,3782468
Dahntay Jones,2012,2900000,3744593
Joel Freeland,2012,2900000,3744593
James Johnson,2012,2812006,3630972
JR Smith,2012,2806452,3623800
Harrison Barnes,2012,2798040,3612939
Timofey Mozgov,2012,2794621,3608524
Brandon Knight,2012,2755560,3558087
Gordon Hayward,2012,2709720,3498896
Quentin Richardson,2012,2706940,3495306
Jrue Holiday,2012,2674851,3453872
Greg Stiemsma,2012,2575000,3324941
Paul George,2012,2574120,3323804
Terrence Ross,2012,2563320,3309859
Ty Lawson,2012,2544528,3285594
Kemba Walker,2012,2532960,3270657
Reggie Williams,2012,2500000,3228098
Jason Smith,2012,2500000,3228098
Randy Foye,2012,2500000,3228098
Cole Aldrich,2012,2445480,3157699
Jeff Teague,2012,2433076,3141683
Jimmer Fredette,2012,2406240,3107031
Andre Drummond,2012,2356320,3042572
Eric Maynor,2012,2338720,3019847
Xavier Henry,2012,2323200,2999807
Darren Collison,2012,2319344,2994828
Omri Casspi,2012,2277306,2940546
BJ Mullens,2012,2253061,2909240
Serge Ibaka,2012,2253061,2909240
DeShawn Stevenson,2012,2240450,2892956
Austin Rivers,2012,2238360,2890258
Rodrigue Beaubois,2012,2227332,2876018
CJ Miles,2012,2225000,2873007
Klay Thompson,2012,2222160,2869340
Ed Davis,2012,2207040,2849816
Martell Webster,2012,2200000,2840725
Alec Burks,2012,2171640,2804106
Taj Gibson,2012,2155811,2783667
Meyers Leonard,2012,2126520,2745846
Patrick Patterson,2012,2096760,2707418
Dante Cunningham,2012,2090000,2698690
Wayne Ellington,2012,2083042,2689705
Toney Douglas,2012,2067880,2670127
Markieff Morris,2012,2063040,2663878
Shaun Livingston,2012,2038446,2632120
Jeremy Lamb,2012,2020200,2608561
Earl Watson,2012,2000000,2582478
Larry Sanders,2012,1991760,2571838
Marcus Morris,2012,1959960,2530777
Marco Belinelli,2012,1957000,2526955
Grant Hill,2012,1957000,2526955
Kendall Marshall,2012,1919160,2478094
Luke Babbitt,2012,1892280,2443386
Kawhi Leonard,2012,1861920,2404184
John Henson,2012,1823280,2354290
Kevin Seraphin,2012,1797600,2321131
Jeremy Evans,2012,1795000,2317774
Nikola Vucevic,2012,1768800,2283943
Moe Harkless,2012,1731960,2236374
Eric Bledsoe,2012,1707720,2205075
Iman Shumpert,2012,1680360,2169746
Renaldo Balkman,2012,1675000,2162825
Anthony Randolph,2012,1674641,2162362
Royce White,2012,1645440,2124656
Avery Bradley,2012,1630800,2105752
Reggie Evans,2012,1622618,2095188
Chris Singleton,2012,1596360,2061282
Sebastian Telfair,2012,1567500,2024017
Tyler Zeller,2012,1563120,2018361
Tobias Harris,2012,1524480,1968468
Derek Fisher,2012,1519214,1961668
Jordan Farmar,2012,1500000,1936858
Vyacheslav Kravtsov,2012,1500000,1936858
Gary Forbes,2012,1500000,1936858
Gustavo Ayon,2012,1500000,1936858
John Lucas,2012,1500000,1936858
Terrence Jones,2012,1485000,1917490
Jared Jeffries,2012,1475106,1904714
Keyon Dooling,2012,1471491,1900046
Elliot Williams,2012,1442880,1863103
Andrew Nicholson,2012,1418160,1831183
Nolan Smith,2012,1404960,1814139
Jodie Meeks,2012,1400000,1807734
Nando De Colo,2012,1400000,1807734
Trevor Booker,2012,1385280,1788727
Willie Green,2012,1375000,1775453
Louis Amundson,2012,1365196,1762793
Evan Fournier,2012,1361400,1757893
Donatas Motiejunas,2012,1361400,1757893
Chris Wilcox,2012,1352181,1745989
Jerry Stackhouse,2012,1352181,1745989
Nazr Mohammed,2012,1352181,1745989
Vladimir Radmanovic,2012,1352181,1745989
Antawn Jamison,2012,1352181,1745989
Joel Przybilla,2012,1352181,1745989
Rasheed Wallace,2012,1352181,1745989
Kurt Thomas,2012,1352181,1745989
Jermaine O'Neal,2012,1352181,1745989
Jamaal Tinsley,2012,1352181,1745989
Jason Collins,2012,1352181,1745989
Kenneth Faried,2012,1348800,1741623
Jeremy Pargo,2012,1313845,1696487
Jared Sullinger,2012,1306920,1687546
Hamed Haddadi,2012,1300000,1678611
Dominique Jones,2012,1276560,1648344
Fab Melo,2012,1254720,1620143
Victor Claver,2012,1254720,1620143
Reggie Jackson,2012,1243080,1605113
Earl Clark,2012,1240000,1601136
Quincy Pondexter,2012,1234320,1593802
Aleksandar Pavlovic,2012,1232713,1591727
Marquis Daniels,2012,1229255,1587262
Roger Mason,2012,1229255,1587262
Leandro Barbosa,2012,1229255,1587262
Delonte West,2012,1223166,1579399
Damien Wilkins,2012,1223166,1579399
Royal Ivey,2012,1223166,1579399
Lazar Hayward,2012,1209260,1561443
John Jenkins,2012,1204560,1555375
Jordan Crawford,2012,1198680,1547782
Dominic McGuire,2012,1195578,1543776
MarShon Brooks,2012,1193280,1540809
Greivis Vasquez,2012,1191240,1538175
Christian Eyenga,2012,1174080,1516018
Jared Cunningham,2012,1156320,1493085
Jordan Hamilton,2012,1153800,1489831
Nate Robinson,2012,1146337,1480195
Ronny Turiaf,2012,1146337,1480195
Ronnie Price,2012,1146337,1480195
JaJuan Johnson,2012,1120440,1446756
Norris Cole,2012,1113600,1437924
Josh Howard,2012,1113560,1437872
Tony Wroten,2012,1110120,1433430
Cory Joseph,2012,1105560,1427542
Jimmy Butler,2012,1097520,1417160
Patrick Mills,2012,1085120,1401149
Miles Plumlee,2012,1073280,1385861
Ryan Hollins,2012,1069509,1380991
Ronnie Brewer,2012,1069509,1380991
Luke Harangody,2012,1054389,1361468
DeJuan Blair,2012,1054000,1360966
Arnett Moultrie,2012,1042320,1345884
Devin Ebanks,2012,1040000,1342888
Perry Jones,2012,1035960,1337672
Festus Ezeli,2012,1020960,1318303
Mickael Pietrus,2012,1005096,1297819
Kyle Singler,2012,1000000,1291239
Jon Brockman,2012,1000000,1291239
CJ Watson,2012,992680,1281787
Kelenna Azubuike,2012,992680,1281787
Brandan Wright,2012,992680,1281787
Ishmael Smith,2012,985000,1271870
Gary Neal,2012,972000,1255084
Ivan Johnson,2012,962195,1242423
Chase Budinger,2012,942293,1216725
Darius Morris,2012,937195,1210142
Anthony Tolliver,2012,915852,1182584
Cartier Martin,2012,915852,1182584
Lance Stephenson,2012,915243,1181797
James Anderson,2012,902002,1164699
Chandler Parsons,2012,888250,1146943
Hasheem Thabeet,2012,885120,1142901
Alan Anderson,2012,885120,1142901
DeMarre Carroll,2012,885120,1142901
AJ Price,2012,885120,1142901
Marquis Teague,2012,857000,1106592
Keith Bogans,2012,854389,1103220
Jeff Ayres,2012,854389,1103220
Matt Barnes,2012,854389,1103220
Dexter Pittman,2012,854389,1103220
Will Conroy,2012,854389,1103220
James White,2012,854389,1103220
Draymond Green,2012,850000,1097553
Tyler Honeycutt,2012,850000,1097553
Brad Miller,2012,848000,1094970
Mike James,2012,795400,1027051
Kyle O'Quinn,2012,788872,1018622
Jeremy Tyler,2012,762195,984176
Cory Higgins,2012,762195,984176
Josh Selby,2012,762195,984176
Julyan Stone,2012,762195,984176
Greg Smith,2012,762195,984176
Trey Thompkins,2012,762195,984176
Jon Leuer,2012,762195,984176
Malcolm Lee,2012,762195,984176
Lance Thomas,2012,762195,984176
DeAndre Liggins,2012,762195,984176
Daniel Orton,2012,762195,984176
Justin Harper,2012,762195,984176
E'Twaun Moore,2012,762195,984176
Charles Jenkins,2012,762195,984176
PJ Tucker,2012,762195,984176
Isaiah Thomas,2012,762195,984176
Shelvin Mack,2012,761800,983665
Sam Young,2012,761319,983044
Jannero Pargo,2012,696446,899277
Quincy Acy,2012,665000,858674
Jeff Adrien,2012,653356,843638
Doron Lamb,2012,650000,839305
Jae Crowder,2012,600491,775377
Garrett Temple,2012,572943,739806
Jeffery Taylor,2012,550000,710181
Orlando Johnson,2012,550000,710181
Will Barton,2012,550000,710181
Chris Johnson,2012,508586,656705
Mike Scott,2012,473604,611536
Tyshawn Taylor,2012,473604,611536
Tornike Shengelia,2012,473604,611536
Bernard James,2012,473604,611536
Quincy Miller,2012,473604,611536
Kim English,2012,473604,611536
Khris Middleton,2012,473604,611536
Kent Bazemore,2012,473604,611536
Ben Hansbrough,2012,473604,611536
Robert Sacre,2012,473604,611536
Brian Roberts,2012,473604,611536
Darius Miller,2012,473604,611536
Chris Copeland,2012,473604,611536
Pablo Prigioni,2012,473604,611536
DeQuan Jones,2012,473604,611536
Diante Garrett,2012,473604,611536
Luke Zeller,2012,473604,611536
Kevin Murphy,2012,473604,611536
Mickael Gelabale,2012,452323,584057
Kenyon Martin,2012,429516,554607
Jordan Williams,2012,420000,542320
Kevin Jones,2012,390000,503583
Juwan Howard,2012,373838,482714
Josh Harrellson,2012,358680,463141
Samardo Samuels,2012,346781,447777
Earl Barron,2012,339726,438667
Maalik Wayns,2012,334308,431670
Jarvis Varnado,2012,314806,406488
Terrel Harris,2012,304878,393670
Donald Sloan,2012,300395,387881
Micheal Eric,2012,300000,387371
Patrick Beverley,2012,298092,384908
Terrence Williams,2012,296775,383207
Travis Leslie,2012,294835,380701
Shavlik Randolph,2012,280286,361916
DJ White,2012,263980,340861
Aron Baynes,2012,239588,309365
Dionte Christmas,2012,236800,305765
Troy Murphy,2012,226619,292619
Kris Joseph,2012,225657,291377
Scott Machado,2012,225657,291376
Darius Johnson-Odom,2012,195013,251808
Malcolm Thomas,2012,179340,231570
DaJuan Summers,2012,177024,228580
Chris Quinn,2012,169339,218657
Tim Ohlbrecht,2012,142081,183460
Tracy McGrady,2012,79540,102705
Justin Holiday,2012,76220,98418
Chris Douglas-Roberts,2012,72892,94121
Solomon Jones,2012,62912,81234
Jerel McNeal,2012,61289,79138
Damion James,2012,50258,64895
Justin Dentmon,2012,44835,57892
Andrew Goudelock,2012,44835,57892
Josh Akognon,2012,41788,53958
Eddy Curry,2012,31629,40840
Chris Wright,2012,27859,35972
Henry Sims,2012,25073,32375
Kobe Bryant,2013,30453000,38644129
Dirk Nowitzki,2013,22721381,28832889
Gilbert Arenas,2013,22346536,28357220
Amare Stoudemire,2013,21679893,27511266
Carmelo Anthony,2013,21490000,27270296
Joe Johnson,2013,21466718,27240752
Dwight Howard,2013,20513178,26030733
Pau Gasol,2013,19285850,24473283
Chris Bosh,2013,19067500,24196202
LeBron James,2013,19067500,24196202
Kevin Durant,2013,18773176,23822712
Chris Paul,2013,18668431,23689793
Dwyane Wade,2013,18536000,23521741
Deron Williams,2013,18466130,23433078
Rudy Gay,2013,17888932,22700627
Zach Randolph,2013,17800000,22587774
Brandon Roy,2013,17779458,22561707
Derrick Rose,2013,17632688,22375460
Blake Griffin,2013,16402500,20814380
Paul Pierce,2013,15333334,19457634
Carlos Boozer,2013,15300000,19415334
Marc Gasol,2013,14860523,18857648
Brook Lopez,2013,14694000,18646335
Kevin Love,2013,14693906,18646215
Russell Westbrook,2013,14693906,18646215
Emeka Okafor,2013,14544687,18456860
Danny Granger,2013,14379240,18246912
Luol Deng,2013,14312125,18161744
Roy Hibbert,2013,14283844,18125856
Eric Gordon,2013,14283844,18125856
Andrew Bogut,2013,14200000,18019460
Tyson Chandler,2013,14100538,17893246
LaMarcus Aldridge,2013,14100000,17892563
Josh Smith,2013,14000000,17765665
David Lee,2013,13878000,17610850
James Harden,2013,13668750,17345317
Al Jefferson,2013,13500000,17131177
Ben Gordon,2013,13200000,16750484
Nenê,2013,13000000,16496689
Andre Iguodala,2013,12868632,16329986
Tony Parker,2013,12500000,15862201
Serge Ibaka,2013,12250000,15544957
Nikola Pekovic,2013,12100000,15354611
Al Horford,2013,12000000,15227713
Rajon Rondo,2013,12000000,15227713
Kris Humphries,2013,12000000,15227713
David West,2013,12000000,15227713
Tyreke Evans,2013,11796247,14969155
Joakim Noah,2013,11600000,14720122
Kevin Garnett,2013,11532468,14634426
Richard Jefferson,2013,11046000,14017110
Jrue Holiday,2013,11000000,13958737
Andrea Bargnani,2013,11000000,13958737
DeAndre Jordan,2013,10986550,13941669
Nicolas Batum,2013,10920250,13857536
Ty Lawson,2013,10786517,13687832
JaVale McGee,2013,10750000,13641493
Tim Duncan,2013,10361446,13148427
Danilo Gallinari,2013,10146925,12876205
Gerald Wallace,2013,10105855,12824088
Tiago Splitter,2013,10000000,12689761
Stephen Curry,2013,9887642,12547181
Paul Millsap,2013,9500000,12055273
DeMar DeRozan,2013,9500000,12055273
Metta World Peace,2013,9317280,11823405
Shawn Marion,2013,9316796,11822791
Steve Nash,2013,9300500,11802112
Andray Blatche,2013,9170525,11637176
Anderson Varejao,2013,9100000,11547682
Andris Biedrins,2013,9000000,11420785
Jeff Green,2013,8700000,11040092
Tyrus Thomas,2013,8694215,11032751
Jameer Nelson,2013,8600000,10913194
Thaddeus Young,2013,8600000,10913194
Charlie Villanueva,2013,8580000,10887815
Al Harrington,2013,8548107,10847342
Rodney Stuckey,2013,8500000,10786297
Kendrick Perkins,2013,8477437,10757665
Caron Butler,2013,8386992,10642891
Monta Ellis,2013,8360000,10608640
Ryan Anderson,2013,8308500,10543288
Marcus Thornton,2013,8165000,10361190
Jeff Teague,2013,8000000,10151808
George Hill,2013,8000000,10151808
OJ Mayo,2013,8000000,10151808
Mike Conley,2013,7900000,10024911
Ersan Ilyasova,2013,7900000,10024911
Trevor Ariza,2013,7727280,9805733
Marcin Gortat,2013,7727280,9805733
Brandon Jennings,2013,7655503,9714650
Mike Miller,2013,7599507,9643591
John Salmons,2013,7580000,9618838
Arron Afflalo,2013,7562500,9596631
Taj Gibson,2013,7550000,9580769
Goran Dragic,2013,7500000,9517320
Marvin Williams,2013,7500000,9517320
John Wall,2013,7459924,9466465
Josh Childress,2013,7405833,9397824
Tayshaun Prince,2013,7235955,9182254
Drew Gooden,2013,7091619,8999094
Brendan Haywood,2013,7073500,8976102
Michael Beasley,2013,7027424,8917632
Andrew Bynum,2013,7000000,8882832
Manu Ginobili,2013,7000000,8882832
Wesley Matthews,2013,6875480,8724819
Jose Calderon,2013,6791570,8618340
Kyle Korver,2013,6760563,8578993
Brandon Bass,2013,6750000,8565588
Glen Davis,2013,6750000,8565588
Carl Landry,2013,6750000,8565588
Evan Turner,2013,6679866,8476590
Hidayet Turkoglu,2013,6650359,8439146
Spencer Hawes,2013,6500000,8248344
JJ Redick,2013,6500000,8248344
Kevin Martin,2013,6500000,8248344
Amir Johnson,2013,6500000,8248344
Channing Frye,2013,6400000,8121447
Wilson Chandler,2013,6344164,8050592
Jarrett Jack,2013,6300000,7994549
Chris Andersen,2013,6217507,7889866
Kyle Lowry,2013,6210000,7880341
Jason Richardson,2013,6204250,7873045
Derrick Favors,2013,6008106,7624143
Gerald Henderson,2013,6000000,7613856
Kyrie Irving,2013,5915880,7507110
Chuck Hayes,2013,5722500,7261715
Jason Thompson,2013,5643750,7161783
JR Smith,2013,5565000,7061852
Anthony Davis,2013,5375760,6821711
Anthony Bennett,2013,5324280,6756384
Derrick Williams,2013,5293080,6716792
Louis Williams,2013,5225000,6630400
Jeremy Lin,2013,5225000,6630400
Omer Asik,2013,5225000,6630400
Jamal Crawford,2013,5225000,6630400
Courtney Lee,2013,5225000,6630400
Jason Terry,2013,5225000,6630400
Landry Fields,2013,5225000,6630400
Zaza Pachulia,2013,5200000,6598675
JJ Hickson,2013,5150000,6535227
Martell Webster,2013,5150000,6535227
Robin Lopez,2013,5119761,6496854
Keith Bogans,2013,5058198,6418732
Brandan Wright,2013,5000000,6344880
Tony Allen,2013,5000000,6344880
Ramon Sessions,2013,5000000,6344880
Chase Budinger,2013,5000000,6344880
Andre Miller,2013,5000000,6344880
DeMarcus Cousins,2013,4916973,6239521
Michael Kidd-Gilchrist,2013,4809840,6103572
Victor Oladipo,2013,4763760,6045097
Enes Kanter,2013,4753320,6031849
Boris Diaw,2013,4702500,5967360
Jose Juan Barea,2013,4687000,5947691
Linas Kleiza,2013,4600000,5837290
Luc Mbah a Moute,2013,4588384,5822549
Jonas Jerebko,2013,4500000,5710392
Luis Scola,2013,4500000,5710392
Corey Brewer,2013,4500000,5710392
Ekpe Udoh,2013,4469547,5671748
Timofey Mozgov,2013,4400000,5583494
Earl Clark,2013,4361518,5534661
Udonis Haslem,2013,4340000,5507356
Luke Ridnour,2013,4320000,5481976
Bradley Beal,2013,4319280,5481063
Tristan Thompson,2013,4285560,5438273
Otto Porter,2013,4278000,5428679
Jared Dudley,2013,4250000,5393148
Quentin Richardson,2013,4208107,5339986
Raymond Felton,2013,4180000,5304320
Greg Monroe,2013,4086453,5185611
Kirk Hinrich,2013,4059000,5150774
Ricky Rubio,2013,4002120,5078594
Elton Brand,2013,4000000,5075904
Steve Blake,2013,4000000,5075904
Ian Mahinmi,2013,4000000,5075904
Mario Chalmers,2013,4000000,5075904
Brandon Rush,2013,4000000,5075904
Matt Bonner,2013,3945000,5006110
Thabo Sefolosha,2013,3900000,4949006
Dion Waiters,2013,3894240,4941697
Cody Zeller,2013,3857040,4894491
Joel Anthony,2013,3800000,4822109
Danny Green,2013,3762500,4774522
Steve Novak,2013,3750001,4758661
Samuel Dalembert,2013,3700748,4696160
Al-Farouq Aminu,2013,3700000,4695211
Thomas Robinson,2013,3526440,4474968
Jonas Valanciunas,2013,3526440,4474968
Jan Vesely,2013,3524880,4472988
Marreese Speights,2013,3500000,4441416
Jordan Hill,2013,3500000,4441416
Gerald Green,2013,3500000,4441416
Alex Len,2013,3492720,4432178
Gordon Hayward,2013,3452183,4380737
Marcus Camby,2013,3383773,4293927
Paul George,2013,3282003,4164783
Shane Battier,2013,3270000,4149551
Gary Neal,2013,3250000,4124172
Alonzo Gee,2013,3250000,4124172
Matt Barnes,2013,3250000,4124172
Carlos Delfino,2013,3250000,4124172
Klay Thompson,2013,3245151,4118019
Darrell Arthur,2013,3231683,4100928
Mirza Teletovic,2013,3229050,4097587
Ray Allen,2013,3229050,4097587
Bismack Biyombo,2013,3217680,4083159
Damian Lillard,2013,3202920,4064428
Andrei Kirilenko,2013,3183000,4039150
Chris Kaman,2013,3183000,4039150
Tyler Hansbrough,2013,3183000,4039150
Vince Carter,2013,3180000,4035344
Nerlens Noel,2013,3172320,4025598
Ed Davis,2013,3153860,4002173
Jerryd Bayless,2013,3135000,3978240
Lavoy Allen,2013,3120000,3959205
Patrick Patterson,2013,3105301,3940552
Alexey Shved,2013,3066667,3891527
Larry Sanders,2013,3053368,3874651
Mike Dunleavy,2013,3000000,3806928
Randy Foye,2013,3000000,3806928
Chris Copeland,2013,3000000,3806928
Kosta Koufos,2013,3000000,3806928
Kwame Brown,2013,3000000,3806928
Joel Freeland,2013,3000000,3806928
Dorell Wright,2013,3000000,3806928
Brandon Knight,2013,2947800,3740687
Harrison Barnes,2013,2923920,3710384
Ben McLemore,2013,2895960,3674904
Jimmer Fredette,2013,2813399,3570135
Will Bynum,2013,2790343,3540878
Kevin Seraphin,2013,2761113,3503786
Marco Belinelli,2013,2750000,3489684
Kemba Walker,2013,2709720,3438569
Terrence Ross,2013,2678640,3399130
Greg Stiemsma,2013,2676000,3395780
Kentavious Caldwell-Pope,2013,2653080,3366695
Josh McRoberts,2013,2652000,3365324
Maurice Williams,2013,2652000,3365324
Eric Bledsoe,2013,2626473,3332931
Aaron Gray,2013,2612500,3315200
Nick Collison,2013,2585668,3281150
Avery Bradley,2013,2511432,3186947
DeMarre Carroll,2013,2500000,3172440
Wayne Ellington,2013,2500000,3172440
Chauncey Billups,2013,2500000,3172440
Jason Smith,2013,2500000,3172440
Jason Maxiell,2013,2500000,3172440
Andre Drummond,2013,2462400,3124726
Trey Burke,2013,2438760,3094728
Trevor Booker,2013,2350820,2983134
Austin Rivers,2013,2339040,2968185
Alec Burks,2013,2323200,2948085
CJ McCollum,2013,2316720,2939862
Quincy Pondexter,2013,2225478,2824078
CJ Miles,2013,2225000,2823471
Meyers Leonard,2013,2222160,2819867
Markieff Morris,2013,2207040,2800681
Michael Carter-Williams,2013,2200920,2792914
Dante Cunningham,2013,2180000,2766367
Jordan Crawford,2013,2162418,2744056
Greivis Vasquez,2013,2150188,2728537
Jeremy Lamb,2013,2111160,2679011
Marcus Morris,2013,2096760,2660738
Steven Adams,2013,2090880,2653276
Nate Robinson,2013,2016000,2558255
CJ Watson,2013,2016000,2558255
Eric Maynor,2013,2016000,2558255
Vitor Faverani,2013,2000000,2537952
Jermaine O'Neal,2013,2000000,2537952
Kawhi Leonard,2013,1991760,2527495
Kelly Olynyk,2013,1986360,2520643
John Henson,2013,1905360,2417856
Darren Collison,2013,1900000,2411054
Nikola Vucevic,2013,1892280,2401258
Shabazz Muhammad,2013,1887120,2394710
Moe Harkless,2013,1809840,2296643
Iman Shumpert,2013,1797600,2281111
Giannis Antetokounmpo,2013,1792560,2274715
Royce White,2013,1777148,2255158
Anthony Randolph,2013,1750000,2220708
Gigi Datome,2013,1750000,2220708
Jeff Ayres,2013,1750000,2220708
Chris Singleton,2013,1707720,2167055
Reggie Evans,2013,1695636,2151721
Jeremy Evans,2013,1660000,2106500
Tyler Zeller,2013,1633440,2072796
Tobias Harris,2013,1630800,2069446
Dennis Schroeder,2013,1617840,2053000
Toney Douglas,2013,1600000,2030361
Ronny Turiaf,2013,1600000,2030361
John Lucas,2013,1600000,2030361
Pablo Prigioni,2013,1591350,2019385
Terrence Jones,2013,1551840,1969247
Jodie Meeks,2013,1550000,1966912
Shane Larkin,2013,1536960,1950365
Gustavo Ayon,2013,1500000,1903464
Chris Duhon,2013,1500000,1903464
James Jones,2013,1500000,1903464
Vyacheslav Kravtsov,2013,1500000,1903464
Andrew Nicholson,2013,1482000,1880622
Sergey Karasev,2013,1467840,1862653
Nando De Colo,2013,1463000,1856512
Kenneth Faried,2013,1442880,1830980
Evan Fournier,2013,1422720,1805397
Donatas Motiejunas,2013,1422720,1805397
Tony Snell,2013,1409040,1788038
Antawn Jamison,2013,1399507,1775940
Jannero Pargo,2013,1399507,1775940
Nazr Mohammed,2013,1399507,1775940
Rasual Butler,2013,1399507,1775940
Willie Green,2013,1399507,1775940
Rashard Lewis,2013,1399507,1775940
Kenyon Martin,2013,1399507,1775940
Derek Fisher,2013,1399507,1775940
Earl Watson,2013,1399507,1775940
Jared Sullinger,2013,1365720,1733066
Gorgui Dieng,2013,1352640,1716467
Scotty Hopson,2013,1350000,1713117
Reggie Jackson,2013,1329720,1687382
Fab Melo,2013,1311240,1663932
Victor Claver,2013,1311240,1663932
Jared Cunningham,2013,1301208,1651201
Mason Plumlee,2013,1298640,1647943
MarShon Brooks,2013,1276560,1619924
Devin Harris,2013,1272279,1614491
Beno Udrih,2013,1272279,1614490
Roger Mason,2013,1272279,1614491
Shaun Livingston,2013,1265977,1606494
Francisco Garcia,2013,1265977,1606494
Ronnie Price,2013,1265977,1606494
John Jenkins,2013,1258800,1597387
Ronnie Brewer,2013,1256250,1594151
Solomon Hill,2013,1246680,1582007
Jordan Hamilton,2013,1234320,1566322
Pero Antic,2013,1200000,1522771
Hasheem Thabeet,2013,1200000,1522771
Tim Hardaway Jr,2013,1196760,1518659
Norris Cole,2013,1191240,1511655
Ryan Hollins,2013,1186459,1505588
Cory Joseph,2013,1182600,1500691
Jimmy Butler,2013,1174080,1489879
Tony Wroten,2013,1160040,1472063
Reggie Bullock,2013,1149000,1458053
Patrick Mills,2013,1133950,1438955
Miles Plumlee,2013,1121520,1423182
Andre Roberson,2013,1110840,1409629
Nick Young,2013,1106942,1404682
Jordan Farmar,2013,1106942,1404682
Arnett Moultrie,2013,1089240,1382219
Perry Jones,2013,1082520,1373692
Rudy Gobert,2013,1078800,1368971
Marquis Teague,2013,1074720,1363794
Festus Ezeli,2013,1066920,1353896
Archie Goodwin,2013,1064400,1350698
Nemanja Nedovic,2013,1056720,1340952
Kyle Singler,2013,1045000,1326080
Aaron Brooks,2013,1027424,1303776
Greg Oden,2013,1027424,1303776
Anthony Morrow,2013,1027424,1303776
Cartier Martin,2013,1003248,1273096
Richard Hamilton,2013,1000000,1268976
Ishmael Smith,2013,985000,1249941
Lance Stephenson,2013,981349,1245308
Alan Anderson,2013,947907,1202871
Omri Casspi,2013,947907,1202871
AJ Price,2013,947907,1202871
BJ Mullens,2013,947907,1202871
Austin Daye,2013,947907,1202871
Darius Morris,2013,944923,1199083
DeJuan Blair,2013,941000,1194106
Chandler Parsons,2013,926500,1175706
Wesley Johnson,2013,916099,1162507
Xavier Henry,2013,916099,1162507
Jeff Adrien,2013,916099,1162507
Chris Johnson,2013,916099,1162507
James Anderson,2013,916099,1162507
Garrett Temple,2013,916099,1162507
Jon Leuer,2013,900000,1142078
Mike James,2013,889097,1128242
Shelvin Mack,2013,884293,1122146
Greg Smith,2013,884293,1122146
Josh Harrellson,2013,884293,1122146
Donald Sloan,2013,884293,1122146
Lance Thomas,2013,884293,1122146
Cole Aldrich,2013,884293,1122146
E'Twaun Moore,2013,884293,1122146
PJ Tucker,2013,884293,1122146
Isaiah Thomas,2013,884293,1122146
Julyan Stone,2013,884293,1122146
Draymond Green,2013,875500,1110988
Allen Crabbe,2013,825000,1046905
Elliot Williams,2013,797545,1012065
Robert Sacre,2013,788873,1001060
Mike Scott,2013,788872,1001059
Jeffery Taylor,2013,788872,1001059
Tornike Shengelia,2013,788872,1001059
Jae Crowder,2013,788872,1001059
Bernard James,2013,788872,1001059
Quincy Miller,2013,788872,1001059
Patrick Beverley,2013,788872,1001059
Orlando Johnson,2013,788872,1001059
Khris Middleton,2013,788872,1001059
Brian Roberts,2013,788872,1001059
Darius Miller,2013,788872,1001059
Doron Lamb,2013,788872,1001059
Kyle O'Quinn,2013,788872,1001059
Henry Sims,2013,788872,1001059
Will Barton,2013,788872,1001059
Quincy Acy,2013,788872,1001059
Aron Baynes,2013,788872,1001059
Kent Bazemore,2013,762195,967207
Diante Garrett,2013,719266,912731
Malcolm Thomas,2013,702233,891116
Dwight Buycks,2013,700000,888283
Leandro Barbosa,2013,650359,825290
Alexis Ajinca,2013,635880,806916
DJ Augustin,2013,592279,751587
Isaiah Canaan,2013,570515,723969
Jeremy Tyler,2013,556584,706291
Ricky Ledo,2013,550000,697936
Kendall Marshall,2013,547570,694853
Shawne Williams,2013,535770,679879
Chris Douglas-Roberts,2013,535288,679267
Jamaal Franklin,2013,535000,678902
Ray McCallum,2013,524616,665725
James Johnson,2013,507409,643889
Ryan Gomes,2013,495521,628804
Phil Pressey,2013,490180,622026
Matthew Dellavedova,2013,490180,622026
Carrick Felix,2013,490180,622026
Gal Mekel,2013,490180,622026
Tony Mitchell,2013,490180,622026
Peyton Siva,2013,490180,622026
Ognjen Kuzmic,2013,490180,622026
Robert Covington,2013,490180,622026
Ryan Kelly,2013,490180,622026
Nick Calathes,2013,490180,622026
Miroslav Raduljica,2013,490180,622026
Nate Wolters,2013,490180,622026
Robbie Hummel,2013,490180,622026
Jeff Withey,2013,490180,622026
Toure Murry,2013,490180,622026
Brandon Davies,2013,490180,622026
Hollis Thompson,2013,490180,622026
Dionte Christmas,2013,490180,622026
Ian Clark,2013,490180,622026
Glen Rice Jr,2013,490180,622026
Shannon Brown,2013,481562,611090
Solomon Jones,2013,474583,602234
Erik Murphy,2013,455580,578120
Jason Collins,2013,436316,553674
Luke Babbitt,2013,387995,492356
Daniel Orton,2013,369322,468660
Maalik Wayns,2013,361952,459308
Christapher Johnson,2013,320000,406072
Jarvis Varnado,2013,310908,394534
Shavlik Randolph,2013,306036,388352
Hilton Armstrong,2013,296138,375792
Dewayne Dedmon,2013,256623,325648
Stephen Jackson,2013,238739,302954
Hamed Haddadi,2013,200000,253795
Chris Smith,2013,184538,234174
Mike Muscala,2013,161471,204902
Troy Daniels,2013,158587,201243
James Southerland,2013,155704,197584
Jamaal Tinsley,2013,139951,177594
Chris Wright,2013,139212,176656
Chris Babb,2013,138403,175630
Justin Hamilton,2013,126870,160994
Jorge Gutierrez,2013,121103,153676
Reggie Williams,2013,111518,141513
Dexter Pittman,2013,107776,136764
Damion James,2013,107776,136765
Arinze Onuaku,2013,106776,135495
Manny Harris,2013,104034,132016
Othyus Jeffers,2013,104034,132016
Elias Harris,2013,100000,126897
DeAndre Liggins,2013,88429,112214
Royal Ivey,2013,74839,94968
Melvin Ely,2013,74469,94499
Sasha Vujacic,2013,69791,88563
Casper Ware,2013,69201,87814
Seth Curry,2013,66318,84155
James Nunnally,2013,57668,73179
Willie Reed,2013,57668,73179
Mustafa Shakur,2013,46404,58885
Darius Johnson-Odom,2013,46404,58885
Vander Blue,2013,28834,36589
Shane Edwards,2013,28834,36589
Tony Mitchell,2013,28834,36589
DJ Stephens,2013,28834,36589
Kobe Bryant,2014,23500000,29215494
Joe Johnson,2014,23180790,28818648
Carmelo Anthony,2014,22458401,27920565
Amare Stoudemire,2014,21896658,27222199
Dwight Howard,2014,21436271,26649840
LeBron James,2014,20644400,25665376
Chris Bosh,2014,20644400,25665376
Chris Paul,2014,20068563,24949488
Kevin Durant,2014,19997513,24861158
Deron Williams,2014,19754465,24558998
Rudy Gay,2014,19317326,24015541
Derrick Rose,2014,18862876,23450563
Blake Griffin,2014,17632688,21921178
Carlos Boozer,2014,16800000,20885969
Zach Randolph,2014,16500000,20513006
Marc Gasol,2014,15829688,19679666
Paul George,2014,15800000,19642757
Kevin Love,2014,15719063,19542135
Russell Westbrook,2014,15719062,19542134
Brook Lopez,2014,15719000,19542057
LaMarcus Aldridge,2014,15200000,18896830
David Lee,2014,15012000,18663106
Dwyane Wade,2014,15000000,18648187
Josh Smith,2014,14945778,18580778
Roy Hibbert,2014,14898938,18522546
Jeremy Lin,2014,14898938,18522546
Eric Gordon,2014,14898938,18522546
Omer Asik,2014,14898938,18522546
Gordon Hayward,2014,14746000,18332411
Chandler Parsons,2014,14700000,18275223
James Harden,2014,14693906,18267647
Tyson Chandler,2014,14596888,18147033
Brandon Roy,2014,14399332,17901429
DeMarcus Cousins,2014,13701250,17033565
John Wall,2014,13701250,17033565
Al Jefferson,2014,13500000,16783368
Eric Bledsoe,2014,13000000,16161762
Nenê,2014,13000000,16161762
Andrew Bogut,2014,12972973,16128162
Derrick Favors,2014,12950000,16099602
Rajon Rondo,2014,12909090,16048742
Joakim Noah,2014,12700000,15788798
Tony Parker,2014,12500000,15540156
Andre Iguodala,2014,12289544,15278514
Serge Ibaka,2014,12250000,15229353
Nikola Pekovic,2014,12100000,15042871
Al Horford,2014,12000000,14918550
David West,2014,12000000,14918550
Kevin Garnett,2014,12000000,14918550
Andrea Bargnani,2014,12000000,14918550
Kyle Lowry,2014,12000000,14918550
Ty Lawson,2014,11595506,14415678
DeAndre Jordan,2014,11440123,14222504
Nicolas Batum,2014,11390500,14160812
Tyreke Evans,2014,11265416,14005306
JaVale McGee,2014,11250000,13986140
Larry Sanders,2014,11000000,13675337
Jrue Holiday,2014,11000000,13675337
Danilo Gallinari,2014,10854850,13494885
Stephen Curry,2014,10629213,13214370
Marcin Gortat,2014,10434782,12972651
Tim Duncan,2014,10361446,12881479
Gerald Wallace,2014,10105855,12563725
Anderson Varejao,2014,9800000,12183482
Brendan Haywood,2014,9798000,12180996
Luol Deng,2014,9714461,12077139
Steve Nash,2014,9701000,12060404
Kendrick Perkins,2014,9588889,11921026
Paul Millsap,2014,9500000,11810518
DeMar DeRozan,2014,9500000,11810518
Tyrus Thomas,2014,9460664,11761615
Mike Miller,2014,9332000,11601658
Tiago Splitter,2014,9250000,11499715
Jeff Green,2014,9200000,11437555
Thaddeus Young,2014,9160870,11388908
Lance Stephenson,2014,9000000,11188912
Jordan Hill,2014,9000000,11188912
Mike Conley,2014,8760000,10890541
Monta Ellis,2014,8720000,10840813
Marcus Thornton,2014,8697500,10812840
Trevor Ariza,2014,8600000,10691627
Channing Frye,2014,8579088,10665629
Landry Fields,2014,8500000,10567306
Ryan Anderson,2014,8491500,10556739
Marcus Camby,2014,8354416,10386314
Drew Gooden,2014,8128490,10105439
Jeff Teague,2014,8000000,9945700
Taj Gibson,2014,8000000,9945700
Brandon Jennings,2014,8000000,9945700
George Hill,2014,8000000,9945700
OJ Mayo,2014,8000000,9945700
Boris Diaw,2014,8000000,9945700
Dirk Nowitzki,2014,7974482,9913975
Ersan Ilyasova,2014,7900000,9821378
Glen Davis,2014,7827985,9731848
Tayshaun Prince,2014,7707865,9582514
Al Harrington,2014,7609800,9460598
Arron Afflalo,2014,7562500,9401794
Goran Dragic,2014,7500000,9324093
Kyrie Irving,2014,7459924,9274270
Josh Childress,2014,7317500,9097207
Wesley Matthews,2014,7245640,9007870
Isaiah Thomas,2014,7238606,8999125
Avery Bradley,2014,7191011,8939954
Pau Gasol,2014,7128000,8861618
Jose Calderon,2014,7097191,8823316
Travis Outlaw,2014,7000000,8702487
Marvin Williams,2014,7000000,8702487
Manu Ginobili,2014,7000000,8702487
Amir Johnson,2014,7000000,8702487
Brandon Bass,2014,6950000,8640326
JJ Redick,2014,6792500,8444520
Kevin Martin,2014,6792500,8444520
Wilson Chandler,2014,6754913,8397792
Carl Landry,2014,6750000,8391684
Derrick Williams,2014,6679866,8304492
Jason Richardson,2014,6601125,8206601
Greivis Vasquez,2014,6400000,7956560
Jarrett Jack,2014,6300000,7832238
Kyle Korver,2014,6253521,7774455
Jason Thompson,2014,6037500,7505895
Enes Kanter,2014,6008106,7469352
Gerald Henderson,2014,6000000,7459275
Jodie Meeks,2014,6000000,7459275
JR Smith,2014,5982375,7437363
Chuck Hayes,2014,5958750,7407992
Patrick Patterson,2014,5831326,7249577
Jose Juan Barea,2014,5822078,7238079
PJ Tucker,2014,5700000,7086311
Anthony Davis,2014,5607240,6970990
Anthony Bennett,2014,5563920,6917134
Andrew Wiggins,2014,5510640,6850896
Greg Monroe,2014,5479933,6812721
Jason Terry,2014,5450000,6775508
Jamal Crawford,2014,5450000,6775508
Courtney Lee,2014,5450000,6775508
Louis Williams,2014,5450000,6775508
Tristan Thompson,2014,5421233,6739744
JJ Hickson,2014,5381750,6690658
Martell Webster,2014,5381750,6690658
Robin Lopez,2014,5340229,6639039
Nikola Mirotic,2014,5305000,6595242
Shaun Livingston,2014,5305000,6595242
Spencer Hawes,2014,5305000,6595242
Josh McRoberts,2014,5305000,6595242
Paul Pierce,2014,5305000,6595242
Chris Andersen,2014,5300000,6589026
Zaza Pachulia,2014,5200000,6464705
Ricky Rubio,2014,5070686,6303940
Michael Kidd-Gilchrist,2014,5016960,6237147
Tony Allen,2014,5000000,6216062
Chase Budinger,2014,5000000,6216062
Brandan Wright,2014,5000000,6216062
Trevor Booker,2014,5000000,6216062
Nick Young,2014,4994420,6209125
Victor Oladipo,2014,4978200,6188960
Jabari Parker,2014,4930560,6129733
Chris Kaman,2014,4800000,5967420
Kostas Papanikolaou,2014,4797664,5964515
Darren Collison,2014,4797664,5964515
Jameer Nelson,2014,4750000,5905259
Corey Brewer,2014,4702500,5846206
Timofey Mozgov,2014,4650000,5780938
Andre Miller,2014,4625000,5749857
Bradley Beal,2014,4505280,5601020
Jonas Jerebko,2014,4500000,5594456
Luis Scola,2014,4500000,5594456
Caron Butler,2014,4500000,5594456
Ben Gordon,2014,4500000,5594456
Otto Porter,2014,4470480,5557756
Joel Embiid,2014,4427640,5504497
Luc Mbah a Moute,2014,4382576,5448473
Raymond Felton,2014,4360000,5420406
Jared Dudley,2014,4250000,5283653
Kris Humphries,2014,4250000,5283653
CJ Miles,2014,4205000,5227708
Bismack Biyombo,2014,4086453,5080329
Dion Waiters,2014,4062000,5049929
Cody Zeller,2014,4030560,5010842
Danny Green,2014,4025000,5003930
Thabo Sefolosha,2014,4000000,4972850
Ian Mahinmi,2014,4000000,4972850
Mario Chalmers,2014,4000000,4972850
Aaron Gordon,2014,3992040,4962954
Vince Carter,2014,3911981,4863423
Kevin Seraphin,2014,3898691,4846901
Devin Harris,2014,3878896,4822292
Joel Anthony,2014,3800000,4724207
Maurice Williams,2014,3750000,4662046
Thomas Robinson,2014,3678360,4572982
Jonas Valanciunas,2014,3678360,4572983
Marreese Speights,2014,3657500,4547049
Alex Len,2014,3649920,4537626
Dante Exum,2014,3615000,4494213
Brandon Knight,2014,3553917,4418274
Gerald Green,2014,3500000,4351243
Patrick Mills,2014,3500000,4351243
Darrell Arthur,2014,3457149,4297970
Kemba Walker,2014,3452183,4291797
Steve Novak,2014,3445947,4284044
Matt Barnes,2014,3396250,4222260
Mirza Teletovic,2014,3368100,4187264
Damian Lillard,2014,3340920,4153473
Mike Scott,2014,3333333,4144041
Andrei Kirilenko,2014,3326235,4135216
Tyler Hansbrough,2014,3326235,4135216
Nerlens Noel,2014,3315120,4121398
Marcus Smart,2014,3283320,4081864
Evan Turner,2014,3278000,4075250
Bojan Bogdanovic,2014,3278000,4075250
Jason Smith,2014,3278000,4075250
Carlos Delfino,2014,3250000,4040440
Gary Neal,2014,3250000,4040440
Alec Burks,2014,3201369,3979981
Anthony Morrow,2014,3200000,3978280
Alexey Shved,2014,3198723,3976692
Markieff Morris,2014,3153860,3920918
Quincy Pondexter,2014,3146068,3911231
Dorell Wright,2014,3145000,3909903
Chris Copeland,2014,3130000,3891255
Marcus Morris,2014,3105301,3860549
Joel Freeland,2014,3100000,3853958
Klay Thompson,2014,3075880,3823972
Kawhi Leonard,2014,3053368,3795985
Harrison Barnes,2014,3049920,3791698
Ben McLemore,2014,3026280,3762309
Mike Dunleavy,2014,3000000,3729637
Randy Foye,2014,3000000,3729637
Anthony Tolliver,2014,3000000,3729637
Kosta Koufos,2014,3000000,3729637
Jerryd Bayless,2014,3000000,3729637
DJ Augustin,2014,3000000,3729637
Julius Randle,2014,2997360,3726355
Will Bynum,2014,2915908,3625093
Nikola Vucevic,2014,2902757,3608743
Marco Belinelli,2014,2873750,3572681
Furkan Aldemir,2014,2810305,3493806
Terrence Ross,2014,2793960,3473486
Kentavious Caldwell-Pope,2014,2772480,3446781
Iman Shumpert,2014,2761113,3432650
Luke Ridnour,2014,2750000,3418834
Nik Stauskas,2014,2745840,3413662
Brian Roberts,2014,2732000,3396456
Udonis Haslem,2014,2732000,3396456
Kirk Hinrich,2014,2730000,3393970
Andre Drummond,2014,2568360,3193017
Trey Burke,2014,2548560,3168401
Noah Vonleh,2014,2524200,3138117
Tobias Harris,2014,2511432,3122243
DeMarre Carroll,2014,2500000,3108031
James Johnson,2014,2500000,3108031
Austin Rivers,2014,2439840,3033239
Shelvin Mack,2014,2433333,3025150
CJ McCollum,2014,2421000,3009817
Elfrid Payton,2014,2397840,2981024
Kenneth Faried,2014,2373537,2950810
Reggie Jackson,2014,2325680,2891314
Meyers Leonard,2014,2317920,2881667
Michael Carter-Williams,2014,2300040,2859438
Doug McDermott,2014,2277960,2831988
Nick Collison,2014,2242003,2787286
Jeremy Lamb,2014,2202000,2737553
Steven Adams,2014,2184960,2716369
Norris Cole,2014,2150188,2673140
Cory Joseph,2014,2134593,2653752
Jimmy Butler,2014,2119214,2634633
Nate Robinson,2014,2106720,2619100
Eric Maynor,2014,2106720,2619100
Jordan Farmar,2014,2100000,2610746
Danny Granger,2014,2100000,2610746
Steve Blake,2014,2100000,2610746
Aron Baynes,2014,2100000,2610746
Vitor Faverani,2014,2090000,2598314
CJ Watson,2014,2077000,2582152
Beno Udrih,2014,2077000,2582152
Ramon Sessions,2014,2077000,2582152
Kelly Olynyk,2014,2075760,2580610
Zach LaVine,2014,2055840,2555846
Kent Bazemore,2014,2000000,2486425
Elton Brand,2014,2000000,2486425
DeJuan Blair,2014,2000000,2486425
John Henson,2014,1987320,2470661
Shabazz Muhammad,2014,1971960,2451565
TJ Warren,2014,1953120,2428143
Moe Harkless,2014,1887840,2346986
Samuel Dalembert,2014,1885755,2344394
Giannis Antetokounmpo,2014,1873200,2328785
Adreian Payne,2014,1855320,2306557
Ishmael Smith,2014,1838615,2285787
Jeff Ayres,2014,1828750,2273524
Anthony Randolph,2014,1825359,2269309
Jeremy Evans,2014,1795000,2231566
Joffrey Lauvergne,2014,1790281,2225699
Reggie Evans,2014,1768654,2198812
Jusuf Nurkic,2014,1762680,2191385
Lucas Nogueira,2014,1762680,2191385
Zoran Dragic,2014,1756500,2183702
Gigi Datome,2014,1750000,2175621
Tyler Zeller,2014,1703760,2118135
Dennis Schroeder,2014,1690680,2101874
James Young,2014,1674480,2081734
Pablo Prigioni,2014,1662961,2067413
Ryan Kelly,2014,1650000,2051300
Terrence Jones,2014,1618680,2012363
Shane Larkin,2014,1606080,1996698
Ronny Turiaf,2014,1600000,1989140
Miroslav Raduljica,2014,1596056,1984236
Tyler Ennis,2014,1590720,1977603
Andrew Nicholson,2014,1545840,1921807
Sergey Karasev,2014,1533840,1906889
Gary Harris,2014,1519200,1888688
Donatas Motiejunas,2014,1483920,1844827
Evan Fournier,2014,1483920,1844827
Tony Snell,2014,1472400,1830506
Bruno Caboclo,2014,1458360,1813051
Jannero Pargo,2014,1448490,1800780
Nazr Mohammed,2014,1448490,1800780
James Jones,2014,1448490,1800780
Shawn Marion,2014,1448490,1800780
Richard Jefferson,2014,1448490,1800780
Leandro Barbosa,2014,1448490,1800780
Hidayet Turkoglu,2014,1448490,1800780
Willie Green,2014,1448490,1800780
Matt Bonner,2014,1448490,1800780
Rasual Butler,2014,1448490,1800780
Jared Sullinger,2014,1424520,1770981
Gorgui Dieng,2014,1413480,1757256
Mitch McGary,2014,1400040,1740547
Victor Claver,2014,1370000,1703201
Mason Plumlee,2014,1357080,1687138
Jordan Adams,2014,1344120,1671026
Jason Maxiell,2014,1316809,1637073
Charlie Villanueva,2014,1316809,1637073
Francisco Garcia,2014,1316809,1637073
Ronnie Price,2014,1316809,1637073
Sebastian Telfair,2014,1316809,1637073
John Jenkins,2014,1312920,1632238
Ryan Hollins,2014,1310286,1628963
Solomon Hill,2014,1302840,1619706
Louis Amundson,2014,1294868,1609796
Rodney Hood,2014,1290360,1604191
Alan Anderson,2014,1276061,1586415
Austin Daye,2014,1263550,1570860
Bernard James,2014,1259775,1566168
Tim Hardaway Jr,2014,1250640,1554811
Pero Antic,2014,1250000,1554015
Shabazz Napier,2014,1238640,1539892
Jordan Hamilton,2014,1232610,1532396
Shavlik Randolph,2014,1227985,1526646
Aaron Gray,2014,1227985,1526646
Rodney Stuckey,2014,1227985,1526646
Jeff Adrien,2014,1217698,1513856
Tony Wroten,2014,1210080,1504386
Reggie Bullock,2014,1200720,1492750
Clint Capela,2014,1189200,1478428
Miles Plumlee,2014,1169880,1454409
Andre Roberson,2014,1160880,1443220
PJ Hairston,2014,1149720,1429346
Cartier Martin,2014,1145685,1424329
Brandon Rush,2014,1145685,1424329
Shawne Williams,2014,1145685,1424329
Arnett Moultrie,2014,1136160,1412488
Christapher Johnson,2014,1135974,1412256
Perry Jones,2014,1129200,1403835
Rudy Gobert,2014,1127400,1401597
Marquis Teague,2014,1120920,1393541
Festus Ezeli,2014,1112880,1383546
Archie Goodwin,2014,1112280,1382800
CJ Wilcox,2014,1109760,1379667
Nemanja Nedovic,2014,1104240,1372804
Damjan Rudez,2014,1100000,1367533
Kyle Anderson,2014,1093680,1359676
Kyle Singler,2014,1090000,1355101
Xavier Henry,2014,1082000,1345155
Wayne Ellington,2014,1063384,1322012
Alonzo Gee,2014,1063384,1322012
Omri Casspi,2014,1063384,1322012
John Salmons,2014,1000000,1243212
Robert Covington,2014,1000000,1243212
Toure Murry,2014,1000000,1243212
Al-Farouq Aminu,2014,981084,1219695
Ekpe Udoh,2014,981084,1219695
Wesley Johnson,2014,981084,1219695
Ed Davis,2014,981084,1219695
Alexis Ajinca,2014,981084,1219695
Luke Babbitt,2014,981084,1219695
Cole Aldrich,2014,981084,1219695
Greg Stiemsma,2014,981084,1219695
Garrett Temple,2014,981084,1219695
Jon Leuer,2014,967500,1202808
Ricky Ledo,2014,960566,1194187
Jorge Gutierrez,2014,960566,1194187
E'Twaun Moore,2014,948163,1178768
Greg Smith,2014,948163,1178768
Joey Dorsey,2014,948163,1178768
Donald Sloan,2014,948163,1178768
Lavoy Allen,2014,948163,1178768
Jimmer Fredette,2014,948163,1178768
Lance Thomas,2014,937004,1164895
Jae Crowder,2014,915243,1137841
Chris Douglas-Roberts,2014,915243,1137841
Jeffery Taylor,2014,915243,1137841
Aaron Brooks,2014,915243,1137841
Will Barton,2014,915243,1137841
Draymond Green,2014,915243,1137841
Patrick Beverley,2014,915243,1137841
Robert Sacre,2014,915243,1137841
Khris Middleton,2014,915243,1137841
Darius Miller,2014,915243,1137841
Quincy Acy,2014,915243,1137841
Kyle O'Quinn,2014,915243,1137841
Henry Sims,2014,915243,1137841
Kendall Marshall,2014,915243,1137841
Nate Wolters,2014,904854,1124925
Gal Mekel,2014,888524,1104623
Joe Harris,2014,884879,1100092
Devyn Marble,2014,884879,1100092
Jerami Grant,2014,884879,1100092
Robbie Hummel,2014,880000,1094027
Jamaal Franklin,2014,864510,1074769
Allen Crabbe,2014,862000,1071649
Dante Cunningham,2014,831941,1034279
Damien Inglis,2014,820000,1019434
Kenyon Martin,2014,818049,1017008
Mike Muscala,2014,816482,1015060
Phil Pressey,2014,816482,1015060
Jerome Jordan,2014,816482,1015060
Troy Daniels,2014,816482,1015060
Matthew Dellavedova,2014,816482,1015060
Ognjen Kuzmic,2014,816482,1015060
Justin Holiday,2014,816482,1015060
Nick Calathes,2014,816482,1015060
Justin Hamilton,2014,816482,1015059
Jeff Withey,2014,816482,1015060
Dewayne Dedmon,2014,816482,1015060
Hollis Thompson,2014,816482,1015060
Isaiah Canaan,2014,816482,1015060
Tony Mitchell,2014,816482,1015060
Ray McCallum,2014,816482,1015060
Carrick Felix,2014,816482,1015060
Grant Jerrett,2014,816482,1015060
Ian Clark,2014,816481,1015058
Darius Morris,2014,803149,998484
Hassan Whiteside,2014,775191,963726
Dahntay Jones,2014,721169,896566
Malcolm Thomas,2014,713910,887541
Spencer Dinwiddie,2014,700000,870248
Johnny O'Bryant,2014,600000,745927
Markel Brown,2014,507336,630726
Cory Jefferson,2014,507336,630726
Cameron Bairstow,2014,507336,630726
Dwight Powell,2014,507336,630726
Erick Green,2014,507336,630726
KJ McDaniels,2014,507336,630726
Nick Johnson,2014,507336,630726
Shayne Whittington,2014,507336,630726
Jordan Clarkson,2014,507336,630726
Tarik Black,2014,507336,630726
Jarnell Stokes,2014,507336,630726
Russ Smith,2014,507336,630726
James Ennis,2014,507336,630726
Glenn Robinson III,2014,507336,630726
Patric Young,2014,507336,630726
Cleanthony Early,2014,507336,630726
Travis Wear,2014,507336,630726
JaKarr Sampson,2014,507336,630726
Eric Moreland,2014,507336,630726
Joe Ingles,2014,507336,630726
AJ Price,2014,493917,614043
John Lucas,2014,491968,611620
Reggie Williams,2014,487905,606569
Glen Rice Jr,2014,470677,585151
Quincy Miller,2014,398393,495286
Lorenzo Brown,2014,390082,484954
Earl Barron,2014,390063,484931
Michael Beasley,2014,330225,410539
Henry Walker,2014,311634,387427
Elijah Millsap,2014,301417,374725
Langston Galloway,2014,295455,367313
Tyler Johnson,2014,280526,348753
Andre Dawkins,2014,271697,337776
Toney Douglas,2014,268973,334390
James Michael McAdoo,2014,259634,322780
Metta World Peace,2014,250000,310803
JaMychal Green,2014,244712,304228
Shannon Brown,2014,215811,268298
Alex Kirk,2014,214871,267130
Kalin Lucas,2014,173008,215084
Elliot Williams,2014,161511,200791
Bryce Cotton,2014,152200,189216
Jack Cooley,2014,152199,189215
Brandon Davies,2014,129676,161214
Earl Clark,2014,125104,155530
Lester Hudson,2014,111548,138677
Tim Frazier,2014,107435,133564
Will Cherry,2014,106567,132485
Jabari Brown,2014,104450,129853
Jarvis Varnado,2014,75000,93240
Drew Gordon,2014,73657,91571
Jerel McNeal,2014,59686,74202
David Stockton,2014,59686,74202
Larry Drew II,2014,53716,66780
Chris Babb,2014,48028,59709
Vander Blue,2014,48028,59709
Dwight Buycks,2014,48028,59709
Arinze Onuaku,2014,48028,59709
Seth Curry,2014,48028,59709
Malcolm Lee,2014,37686,46851
Sim Bhullar,2014,35000,43512
Jarell Eddie,2014,29843,37101
Sean Kilpatrick,2014,29843,37101
David Wear,2014,29843,37101
Josh Davis,2014,20000,24864
Kobe Bryant,2015,25000000,31041891
LeBron James,2015,22970500,28521911
Carmelo Anthony,2015,22875000,28403331
Dwight Howard,2015,22359364,27763078
Joe Johnson,2015,22309344,27700968
Chris Bosh,2015,22192730,27556173
Kevin Durant,2015,21971850,27281911
Chris Paul,2015,21468695,26657156
Derrick Rose,2015,20093064,24949068
Dwyane Wade,2015,20000000,24833513
Brook Lopez,2015,19689000,24447352
Kevin Love,2015,19689000,24447352
DeAndre Jordan,2015,19689000,24447352
Marc Gasol,2015,19689000,24447352
LaMarcus Aldridge,2015,19689000,24447352
Blake Griffin,2015,18862876,23421574
Paul Millsap,2015,18671659,23184144
David Lee,2015,17120776,21258450
Paul George,2015,16900000,20984318
Russell Westbrook,2015,16744218,20790888
Jimmy Butler,2015,16407500,20372793
Kyrie Irving,2015,16407500,20372793
Wesley Matthews,2015,16407500,20372793
Greg Monroe,2015,16407500,20372793
Enes Kanter,2015,16407500,20372793
Kawhi Leonard,2015,16407500,20372793
Tobias Harris,2015,16000000,19866810
James Harden,2015,15719062,19517976
Roy Hibbert,2015,15514031,19263394
Eric Gordon,2015,15514031,19263394
Klay Thompson,2015,15501000,19247214
Gordon Hayward,2015,15409570,19133688
Chandler Parsons,2015,15361500,19074000
Goran Dragic,2015,14783000,18355691
DeMarcus Cousins,2015,14728844,18288447
John Wall,2015,14728844,18288447
Khris Middleton,2015,14700000,18252632
Draymond Green,2015,14260870,17707375
Tristan Thompson,2015,14260000,17706295
Danilo Gallinari,2015,14000000,17383459
Reggie Jackson,2015,13913044,17275488
DeMarre Carroll,2015,13600000,16886789
Al Jefferson,2015,13500000,16762621
Eric Bledsoe,2015,13500000,16762621
Brandon Knight,2015,13500000,16762621
Tony Parker,2015,13437500,16685016
Joakim Noah,2015,13400000,16638454
JaVale McGee,2015,13270964,16478233
Tyson Chandler,2015,13000000,16141783
Nenê,2015,13000000,16141783
Ricky Rubio,2015,12700000,15769281
Robin Lopez,2015,12650000,15707197
Ty Lawson,2015,12444552,15452096
Rudy Gay,2015,12403101,15400628
Serge Ibaka,2015,12250000,15210527
Nikola Pekovic,2015,12100000,15024275
Al Horford,2015,12000000,14900108
Amir Johnson,2015,12000000,14900108
Kemba Walker,2015,12000000,14900108
Andrew Bogut,2015,12000000,14900108
Kyle Lowry,2015,12000000,14900108
Derrick Favors,2015,12000000,14900108
Nicolas Batum,2015,11860750,14727204
Andre Iguodala,2015,11710456,14540588
Stephen Curry,2015,11370786,14118828
Nikola Vucevic,2015,11250000,13968851
Thaddeus Young,2015,11235955,13951412
Kenneth Faried,2015,11235955,13951412
Marcin Gortat,2015,11217391,13928361
Jrue Holiday,2015,11000000,13658432
Deron Williams,2015,10853761,13476850
Tyreke Evans,2015,10734586,13328874
Wilson Chandler,2015,10449438,12974812
Monta Ellis,2015,10300000,12789259
Anderson Varejao,2015,10158574,12613654
Luol Deng,2015,10151612,12605009
Gerald Wallace,2015,10105855,12548194
Zach Randolph,2015,10000000,12416756
Danny Green,2015,10000000,12416756
Mike Conley,2015,9680000,12019420
Rajon Rondo,2015,9500000,11795918
DeMar DeRozan,2015,9500000,11795918
Alec Burks,2015,9213484,11440158
Omer Asik,2015,9213483,11440157
Jeff Green,2015,9200000,11423416
Lance Stephenson,2015,9000000,11175081
Iman Shumpert,2015,8988765,11161130
Tiago Splitter,2015,8500000,10554243
Taj Gibson,2015,8500000,10554243
Kevin Garnett,2015,8500000,10554243
Ryan Anderson,2015,8500000,10554243
Brandon Jennings,2015,8344497,10361158
Dirk Nowitzki,2015,8333333,10347296
Corey Brewer,2015,8229375,10218214
Trevor Ariza,2015,8200000,10181740
Channing Frye,2015,8193029,10173084
Al-Farouq Aminu,2015,8042895,9986667
Jeff Teague,2015,8000000,9933405
George Hill,2015,8000000,9933405
OJ Mayo,2015,8000000,9933405
Arron Afflalo,2015,8000000,9933405
Markieff Morris,2015,8000000,9933405
Ersan Ilyasova,2015,7900000,9809237
Avery Bradley,2015,7730337,9598571
Kosta Koufos,2015,7700000,9560902
Boris Diaw,2015,7500000,9312567
Pau Gasol,2015,7448760,9248944
Jose Calderon,2015,7402812,9191891
Kevin Martin,2015,7402474,9191471
JJ Redick,2015,7085000,8797272
Anthony Davis,2015,7070730,8779553
Marvin Williams,2015,7000000,8691729
Rodney Stuckey,2015,7000000,8691729
Louis Williams,2015,7000000,8691729
Cory Joseph,2015,7000000,8691729
Ed Davis,2015,6980802,8667892
Isaiah Thomas,2015,6912869,8583541
Josh Smith,2015,6830916,8481782
Jae Crowder,2015,6796117,8438573
Jason Thompson,2015,6752729,8384698
Carl Landry,2015,6750000,8381310
Greivis Vasquez,2015,6600000,8195059
Aron Baynes,2015,6500000,8070891
Patrick Beverley,2015,6486486,8054111
Michael Kidd-Gilchrist,2015,6331403,7861549
Jarrett Jack,2015,6300000,7822556
Jodie Meeks,2015,6270000,7785306
Patrick Patterson,2015,6268675,7783661
Marco Belinelli,2015,6060606,7525307
Gerald Henderson,2015,6000000,7450054
Andrew Wiggins,2015,5758680,7150412
Kyle Korver,2015,5746479,7135263
Martell Webster,2015,5713500,7094313
Karl-Anthony Towns,2015,5703600,7082021
Bradley Beal,2015,5694673,7070936
Courtney Lee,2015,5675000,7046509
Jamal Crawford,2015,5675000,7046509
JJ Hickson,2015,5583413,6932787
Spencer Hawes,2015,5543725,6883508
Nikola Mirotic,2015,5543725,6883508
Shaun Livingston,2015,5543725,6883508
Josh McRoberts,2015,5543725,6883508
Mirza Teletovic,2015,5500000,6829216
PJ Tucker,2015,5500000,6829216
Brandan Wright,2015,5464000,6784515
Chase Budinger,2015,5258082,6528832
Tim Duncan,2015,5250000,6518797
Nick Young,2015,5219169,6480515
Zaza Pachulia,2015,5200000,6456713
Victor Oladipo,2015,5192520,6447425
Jabari Parker,2015,5152440,6397659
Dion Waiters,2015,5138430,6380263
D'Angelo Russell,2015,5103120,6336419
Darren Collison,2015,5013559,6225214
Jonas Jerebko,2015,5000000,6208378
JR Smith,2015,5000000,6208378
Marcus Morris,2015,5000000,6208378
Chris Andersen,2015,5000000,6208378
Tony Allen,2015,5000000,6208378
Larry Sanders,2015,5000000,6208378
CJ Watson,2015,5000000,6208378
Chris Kaman,2015,5000000,6208378
Timofey Mozgov,2015,4950000,6146294
Mike Dunleavy,2015,4837500,6006606
Trevor Booker,2015,4775000,5929001
Otto Porter,2015,4662960,5789884
Jonas Valanciunas,2015,4660482,5786807
Joel Embiid,2015,4626960,5745183
Anthony Bennett,2015,4597276,5708325
Jahlil Okafor,2015,4582680,5690202
Raymond Felton,2015,4540000,5637207
Alexis Ajinca,2015,4539607,5636719
Kyle Singler,2015,4500000,5587540
Kris Humphries,2015,4440000,5513039
Derrick Williams,2015,4400000,5463372
CJ Miles,2015,4394225,5456202
Mike Miller,2015,4354127,5406413
Jameer Nelson,2015,4345000,5395080
Mario Chalmers,2015,4300000,5339205
Jason Smith,2015,4300000,5339205
Jose Juan Barea,2015,4290000,5326788
Jared Dudley,2015,4250000,5277121
Damian Lillard,2015,4236286,5260093
Cody Zeller,2015,4204200,5220252
Aaron Gordon,2015,4171680,5179873
Kristaps Porzingis,2015,4131720,5130256
Vince Carter,2015,4088019,5075993
Devin Harris,2015,4053446,5033065
Thabo Sefolosha,2015,4000000,4966702
Ian Mahinmi,2015,4000000,4966702
Jordan Hill,2015,4000000,4966702
Alan Anderson,2015,4000000,4966702
Nemanja Bjelica,2015,3950000,4904618
Harrison Barnes,2015,3873398,4809504
Marreese Speights,2015,3815500,4737613
Alex Len,2015,3807120,4727208
Dante Exum,2015,3777720,4690703
Steve Novak,2015,3758017,4666237
Kyle O'Quinn,2015,3750000,4656283
Nick Collison,2015,3750000,4656283
Mario Hezonja,2015,3741480,4645704
Terrence Ross,2015,3553917,4412812
Lavoy Allen,2015,3550000,4407948
Matt Barnes,2015,3542500,4398636
Will Barton,2015,3533333,4387253
Nerlens Noel,2015,3457800,4293466
Marcus Smart,2015,3431040,4260238
Evan Turner,2015,3425510,4253372
Bojan Bogdanovic,2015,3425510,4253372
Willie Cauley-Stein,2015,3398280,4219561
Quincy Pondexter,2015,3382023,4199375
Paul Pierce,2015,3376000,4191897
Anthony Morrow,2015,3344000,4152163
Mike Scott,2015,3333333,4138918
Drew Gooden,2015,3300000,4097529
Andre Drummond,2015,3272090,4062874
Norris Cole,2015,3203780,3978055
Patrick Mills,2015,3200000,3973362
KJ McDaniels,2015,3189794,3960689
Ben McLemore,2015,3156600,3919473
Randy Foye,2015,3135000,3892653
Julius Randle,2015,3132240,3889226
Austin Rivers,2015,3110796,3862599
Emmanuel Mudiay,2015,3102240,3851975
Meyers Leonard,2015,3075879,3819244
Jeremy Lamb,2015,3034356,3767686
DJ Augustin,2015,3000000,3725027
Anthony Tolliver,2015,3000000,3725027
Brandon Bass,2015,3000000,3725027
Jerryd Bayless,2015,3000000,3725027
Toney Douglas,2015,2971568,3689723
John Henson,2015,2943220,3654524
Luis Scola,2015,2900000,3600859
Moe Harkless,2015,2894058,3593481
Kentavious Caldwell-Pope,2015,2891760,3590628
Kirk Hinrich,2015,2870000,3563609
Nik Stauskas,2015,2869440,3562913
Udonis Haslem,2015,2854940,3544909
Brian Roberts,2015,2854940,3544909
Dante Cunningham,2015,2850000,3538775
Stanley Johnson,2015,2841960,3528792
Omri Casspi,2015,2836186,3521623
Darrell Arthur,2015,2814000,3494075
Kevin Seraphin,2015,2814000,3494075
Sonny Weems,2015,2814000,3494075
Manu Ginobili,2015,2814000,3494075
Bismack Biyombo,2015,2814000,3494075
Tibor Pleiss,2015,2700000,3352524
Furkan Aldemir,2015,2683841,3332460
Trey Burke,2015,2658240,3300671
Noah Vonleh,2015,2637720,3275192
Tyler Zeller,2015,2616975,3249434
Frank Kaminsky,2015,2612520,3243902
CJ McCollum,2015,2525160,3135429
Elfrid Payton,2015,2505720,3111291
Joel Anthony,2015,2500000,3104189
Leandro Barbosa,2015,2500000,3104189
James Johnson,2015,2500000,3104189
Terrence Jones,2015,2489529,3091187
Justise Winslow,2015,2481720,3081491
Shelvin Mack,2015,2433333,3021410
Michael Carter-Williams,2015,2399040,2978829
Andrew Nicholson,2015,2380593,2955924
Doug McDermott,2015,2380440,2955734
Tony Wroten,2015,2346760,2913913
Jordan Farmar,2015,2291455,2845243
Evan Fournier,2015,2288204,2841207
Steven Adams,2015,2279040,2829828
Myles Turner,2015,2277960,2828487
Jared Sullinger,2015,2269260,2817684
Aaron Brooks,2015,2250000,2793770
Trey Lyles,2015,2239800,2781105
Ramon Sessions,2015,2170465,2695013
Kelly Olynyk,2015,2165160,2688426
Zach LaVine,2015,2148360,2667566
Kendall Marshall,2015,2144772,2663111
Jeremy Lin,2015,2139000,2655944
Gary Neal,2015,2139000,2655944
Miles Plumlee,2015,2109293,2619057
Maurice Williams,2015,2100000,2607518
Danny Granger,2015,2100000,2607518
Steve Blake,2015,2100000,2607518
Joe Ingles,2015,2100000,2607518
Beno Udrih,2015,2080465,2583262
Shabazz Muhammad,2015,2056920,2554027
Devin Booker,2015,2055840,2552686
TJ Warren,2015,2041080,2534359
Perry Jones,2015,2038206,2530790
Cameron Payne,2015,2021520,2510072
Festus Ezeli,2015,2008748,2494213
Kent Bazemore,2015,2000000,2483351
DeJuan Blair,2015,2000000,2483351
Giannis Antetokounmpo,2015,1953960,2426184
Adreian Payne,2015,1938840,2407410
Kelly Oubre,2015,1920240,2384315
Jusuf Nurkic,2015,1842000,2287166
Lucas Nogueira,2015,1842000,2287166
Terry Rozier,2015,1824360,2265263
Dennis Schroeder,2015,1763400,2189570
Zoran Dragic,2015,1756500,2181003
James Young,2015,1749840,2172733
Rashad Vaughn,2015,1733040,2151873
Ryan Kelly,2015,1724250,2140959
Joffrey Lauvergne,2015,1709719,2122916
Louis Amundson,2015,1700000,2110848
Tyler Ennis,2015,1662360,2064111
Sam Dekker,2015,1646400,2044294
Lance Thomas,2015,1636842,2032426
Sergey Karasev,2015,1599840,1986482
Gary Harris,2015,1587480,1971135
Jerian Grant,2015,1572360,1952361
Tony Snell,2015,1535880,1907064
Bruno Caboclo,2015,1524000,1892313
Delon Wright,2015,1509360,1874135
Shane Larkin,2015,1500000,1862513
Wayne Ellington,2015,1500000,1862513
James Jones,2015,1499187,1861504
Richard Jefferson,2015,1499187,1861504
Charlie Villanueva,2015,1499187,1861504
Samuel Dalembert,2015,1499187,1861504
Jason Terry,2015,1499187,1861504
Metta World Peace,2015,1499187,1861504
Amare Stoudemire,2015,1499187,1861504
Tayshaun Prince,2015,1499187,1861504
Kendrick Perkins,2015,1499187,1861504
Ronnie Price,2015,1499187,1861504
Caron Butler,2015,1499187,1861504
Rasual Butler,2015,1499187,1861504
Matt Bonner,2015,1499187,1861504
David West,2015,1499187,1861504
Andre Miller,2015,1490369,1850554
Gorgui Dieng,2015,1474440,1830776
Mitch McGary,2015,1463040,1816621
Justin Anderson,2015,1449000,1799188
Marcus Thornton,2015,1436891,1784152
Pablo Prigioni,2015,1421348,1764852
Mason Plumlee,2015,1415520,1757616
Jordan Adams,2015,1404600,1744057
Andrea Bargnani,2015,1362897,1692276
Gerald Green,2015,1362897,1692276
Solomon Hill,2015,1358880,1687288
Aaron Gray,2015,1356146,1683893
Sasha Vujacic,2015,1356146,1683893
Rodney Hood,2015,1348440,1674325
Matthew Dellavedova,2015,1347276,1672879
Bobby Portis,2015,1344120,1668961
Rondae Hollis-Jefferson,2015,1335480,1658233
Alonzo Gee,2015,1320000,1639011
Tim Hardaway Jr,2015,1304520,1619790
Nikola Jokic,2015,1300000,1614178
Shabazz Napier,2015,1294440,1607274
Tyus Jones,2015,1282080,1591927
Sasha Kaun,2015,1276000,1584378
Cartier Martin,2015,1270964,1578125
Brandon Rush,2015,1270964,1578125
Luc Mbah a Moute,2015,1270964,1578125
Reggie Bullock,2015,1252400,1555074
Clint Capela,2015,1242720,1543055
Jarell Martin,2015,1230840,1528304
Andre Roberson,2015,1210800,1503420
PJ Hairston,2015,1201440,1491798
Boban Marjanovic,2015,1200000,1490010
Tyler Hansbrough,2015,1185784,1472359
Jeremy Evans,2015,1185784,1472359
Rudy Gobert,2015,1175880,1460061
Jordan Mickey,2015,1170960,1453952
Archie Goodwin,2015,1160160,1440542
CJ Wilcox,2015,1159680,1439946
Larry Nance Jr,2015,1155600,1434880
Chris Copeland,2015,1150000,1427927
Damjan Rudez,2015,1149500,1427306
RJ Hunter,2015,1148640,1426238
Kyle Anderson,2015,1142880,1419086
Chris McCullough,2015,1140240,1415808
Josh Huestis,2015,1140240,1415808
Kevon Looney,2015,1131960,1405527
JaKarr Sampson,2015,1103547,1370247
Cole Aldrich,2015,1100602,1366590
Wesley Johnson,2015,1100602,1366590
Luke Babbitt,2015,1100602,1366590
Ishmael Smith,2015,1100602,1366590
Garrett Temple,2015,1100602,1366590
Glenn Robinson III,2015,1100000,1365843
Ray McCallum,2015,1076758,1336983
Richaun Holmes,2015,1075000,1334801
Jared Cunningham,2015,1039074,1290191
Jon Leuer,2015,1035000,1285134
Donald Sloan,2015,1015421,1260823
E'Twaun Moore,2015,1015421,1260823
Joey Dorsey,2015,1015421,1260823
James Anderson,2015,1015421,1260823
Phil Pressey,2015,1014142,1259235
Rakeem Christmas,2015,1007026,1250399
Joseph Young,2015,1007026,1250399
Walter Tavares,2015,1000000,1241675
Montrezl Harrell,2015,1000000,1241675
Robert Covington,2015,1000000,1241675
Tim Frazier,2015,989216,1228285
Robert Sacre,2015,981358,1218528
John Jenkins,2015,981349,1218517
Thomas Robinson,2015,981348,1218515
Hassan Whiteside,2015,981348,1218515
Quincy Acy,2015,981348,1218515
Christapher Johnson,2015,981348,1218515
Mike Muscala,2015,947276,1176209
Troy Daniels,2015,947276,1176209
Justin Holiday,2015,947276,1176209
Gal Mekel,2015,947276,1176209
Ian Clark,2015,947276,1176209
Dewayne Dedmon,2015,947276,1176209
Isaiah Canaan,2015,947276,1176209
Hollis Thompson,2015,947276,1176209
Allen Crabbe,2015,947276,1176209
Seth Curry,2015,947276,1176209
Jeff Withey,2015,947276,1176209
James Ennis,2015,944477,1172733
Elton Brand,2015,890693,1105951
Damien Inglis,2015,855000,1061632
Markel Brown,2015,845059,1049289
Cameron Bairstow,2015,845059,1049289
Dwight Powell,2015,845059,1049289
Nick Johnson,2015,845059,1049289
Spencer Dinwiddie,2015,845059,1049289
James Michael McAdoo,2015,845059,1049289
Shayne Whittington,2015,845059,1049289
Tarik Black,2015,845059,1049289
Jordan Clarkson,2015,845059,1049289
Russ Smith,2015,845059,1049289
JaMychal Green,2015,845059,1049289
Tyler Johnson,2015,845059,1049289
Johnny O'Bryant,2015,845059,1049289
Jarnell Stokes,2015,845059,1049289
Cleanthony Early,2015,845059,1049289
Langston Galloway,2015,845059,1049289
Devyn Marble,2015,845059,1049289
Joe Harris,2015,845059,1049289
Jerami Grant,2015,845059,1049289
Eric Moreland,2015,845059,1049289
Raul Neto,2015,840000,1043007
Kostas Papanikolaou,2015,800320,993737
Pierre Jackson,2015,750000,931256
Norman Powell,2015,650000,807089
Jimmer Fredette,2015,625167,776253
Pat Connaughton,2015,625093,776162
Ryan Hollins,2015,615906,764755
Darrun Hilliard,2015,600000,745005
Lamar Patterson,2015,525093,651995
Willie Reed,2015,525093,651995
Aaron Harrison,2015,525093,651995
Cristiano Felicio,2015,525093,651995
Salah Mejri,2015,525093,651995
Maurice Ndour,2015,525093,651995
Branden Dawson,2015,525093,651995
Marcelo Huertas,2015,525093,651995
Anthony Brown,2015,525093,651995
Michael Frazier,2015,525093,651995
Josh Richardson,2015,525093,651995
TJ McConnell,2015,525093,651995
Cliff Alexander,2015,525093,651995
Luis Montero,2015,525093,651995
Duje Dukan,2015,525093,651995
Jonathon Simmons,2015,525093,651995
Treveon Graham,2015,525093,651995
Cory Jefferson,2015,362878,450576
Elijah Millsap,2015,352936,438232
Nazr Mohammed,2015,352749,437999
Jarell Eddie,2015,349032,433384
Christian Wood,2015,339762,421874
Sean Kilpatrick,2015,320594,398072
Michael Beasley,2015,306526,380605
Jorge Gutierrez,2015,300899,373618
Jeff Ayres,2015,251890,312765
Lorenzo Brown,2015,222888,276754
Andrew Goudelock,2015,200600,249080
Scottie Wilbekin,2015,200000,248335
Erick Green,2015,199418,247611
Greg Smith,2015,197111,244747
Jordan McRae,2015,172971,214773
Henry Sims,2015,161633,200695
Xavier Munford,2015,123548,153406
Jordan Hamilton,2015,119461,148331
Alan Williams,2015,114284,141903
Orlando Johnson,2015,111444,138376
Jonathan Holmes,2015,100000,124167
Justin Harper,2015,99418,123444
Bryce Cotton,2015,99418,123444
Alex Stepheson,2015,92662,115055
Chuck Hayes,2015,70549,87598
Axel Toupane,2015,61775,76704
Bryce Dejean-Jones,2015,61775,76704
Keith Appling,2015,61775,76704
Coty Clarke,2015,61774,76703
Briante Weber,2015,61774,76702
Elliot Williams,2015,57726,71676
Quincy Miller,2015,50000,62083
Thanasis Antetokounmpo,2015,30887,38351
JJ O'Brien,2015,30887,38351
Nate Robinson,2015,26456,32849
Dorell Wright,2015,17637,21899
John Holland,2015,9266,11505
LeBron James,2016,30963450,38066911
Al Horford,2016,26540100,32628781
Kevin Durant,2016,26540100,32628781
James Harden,2016,26540100,32628781
Mike Conley,2016,26540100,32628781
Russell Westbrook,2016,26540100,32628781
DeMar DeRozan,2016,26540100,32628781
Dirk Nowitzki,2016,25000000,30735360
Carmelo Anthony,2016,24559380,30193655
Damian Lillard,2016,24328425,29909716
Chris Bosh,2016,23741060,29187601
Dwight Howard,2016,23500000,28891238
Dwyane Wade,2016,23200000,28522414
Chris Paul,2016,22868827,28115265
Harrison Barnes,2016,22116750,27190650
Andre Drummond,2016,22116750,27190650
Chandler Parsons,2016,22116750,27190650
Hassan Whiteside,2016,22116750,27190650
Anthony Davis,2016,22116750,27190650
Bradley Beal,2016,22116750,27190650
Derrick Rose,2016,21323252,26215113
Brook Lopez,2016,21165675,26021385
Kevin Love,2016,21165675,26021385
DeAndre Jordan,2016,21165675,26021385
Marc Gasol,2016,21165675,26021385
Nicolas Batum,2016,20869566,25657344
LaMarcus Aldridge,2016,20575005,25295207
Blake Griffin,2016,20093064,24702702
Paul Millsap,2016,20072033,24676846
Ryan Anderson,2016,18735364,23033526
Allen Crabbe,2016,18500000,22744166
Paul George,2016,18100000,22252400
Luol Deng,2016,18000000,22129459
Kyrie Irving,2016,17638063,21684488
Kawhi Leonard,2016,17638063,21684488
Jimmy Butler,2016,17552209,21578938
Tobias Harris,2016,17200000,21145927
Wesley Matthews,2016,17145838,21079340
Greg Monroe,2016,17145838,21079340
Enes Kanter,2016,17145838,21079340
Joakim Noah,2016,17000000,20900044
Evan Fournier,2016,17000000,20900044
Bismack Biyombo,2016,17000000,20900044
Klay Thompson,2016,16663575,20486439
Evan Turner,2016,16393443,20154334
Gordon Hayward,2016,16073140,19760549
Timofey Mozgov,2016,16000000,19670630
Ian Mahinmi,2016,16000000,19670630
Goran Dragic,2016,15891725,19537515
DeMarcus Cousins,2016,15756438,19371191
John Wall,2016,15756438,19371191
Kent Bazemore,2016,15730337,19339102
Pau Gasol,2016,15500000,19055923
Tristan Thompson,2016,15330435,18847457
Draymond Green,2016,15330435,18847457
Khris Middleton,2016,15200000,18687098
Danilo Gallinari,2016,15050000,18502686
Jeff Green,2016,15000000,18441216
Reggie Jackson,2016,14956522,18387763
Deron Williams,2016,14885520,18300471
Tony Parker,2016,14445313,17759275
Jonas Valanciunas,2016,14382023,17681466
DeMarre Carroll,2016,14200000,17457684
Rajon Rondo,2016,14000000,17211801
Eric Bledsoe,2016,14000000,17211801
Manu Ginobili,2016,14000000,17211801
Ricky Rubio,2016,13400000,16474152
Rudy Gay,2016,13333333,16392191
Jamal Crawford,2016,13253012,16293443
Robin Lopez,2016,13219250,16251936
Michael Kidd-Gilchrist,2016,13000000,15982387
JR Smith,2016,12800000,15736504
Brandon Knight,2016,12606250,15498305
Jordan Clarkson,2016,12500000,15367680
Arron Afflalo,2016,12500000,15367680
Tyson Chandler,2016,12415000,15263179
Miles Plumlee,2016,12400000,15244738
Eric Gordon,2016,12385665,15227114
John Henson,2016,12267606,15081971
Marvin Williams,2016,12250000,15060326
Serge Ibaka,2016,12250000,15060326
Stephen Curry,2016,12112359,14891108
Nikola Pekovic,2016,12100000,14875914
Kenneth Faried,2016,12078652,14849668
Thaddeus Young,2016,12078652,14849668
Amir Johnson,2016,12000000,14752972
Kemba Walker,2016,12000000,14752972
Kyle Lowry,2016,12000000,14752972
Marcin Gortat,2016,12000000,14752972
Nikola Vucevic,2016,11750000,14445619
Solomon Hill,2016,11709603,14395954
Jeremy Lin,2016,11483254,14117677
Andrew Bogut,2016,11410378,14028082
Courtney Lee,2016,11242000,13821076
Wilson Chandler,2016,11233146,13810191
Andre Iguodala,2016,11131368,13685064
Derrick Favors,2016,11050000,13585029
Austin Rivers,2016,11000000,13523558
Jrue Holiday,2016,11000000,13523558
Joe Johnson,2016,11000000,13523558
Jon Leuer,2016,10991957,13513670
Anderson Varejao,2016,10851659,13341184
Monta Ellis,2016,10763500,13232801
Mirza Teletovic,2016,10500000,12908851
Jared Dudley,2016,10470000,12871968
Al Jefferson,2016,10230179,12577129
Tyreke Evans,2016,10203755,12544643
Zach Randolph,2016,10000000,12294144
Terrence Ross,2016,10000000,12294144
Danny Green,2016,10000000,12294144
Alec Burks,2016,9904495,12176728
Omer Asik,2016,9904494,12176727
Iman Shumpert,2016,9662922,11879735
Matthew Dellavedova,2016,9607500,11811598
Jerryd Bayless,2016,9424084,11586104
Trevor Booker,2016,9250000,11372083
Meyers Leonard,2016,9213484,11327189
Gerald Henderson,2016,9000000,11064729
Moe Harkless,2016,8988764,11050915
Taj Gibson,2016,8950000,11003258
E'Twaun Moore,2016,8801363,10820522
Kris Humphries,2016,8630000,10609845
Ersan Ilyasova,2016,8400000,10327080
Dwight Powell,2016,8375000,10296345
Avery Bradley,2016,8269663,10166842
Tiago Splitter,2016,8250000,10142668
Darrell Arthur,2016,8070175,9921589
Kosta Koufos,2016,8046500,9892482
Tyler Zeller,2016,8000000,9835315
Jeff Teague,2016,8000000,9835315
Kevin Garnett,2016,8000000,9835315
Garrett Temple,2016,8000000,9835315
Anthony Tolliver,2016,8000000,9835315
George Hill,2016,8000000,9835315
Channing Frye,2016,7806971,9598002
Trevor Ariza,2016,7800000,9589432
Jose Calderon,2016,7708427,9476851
Al-Farouq Aminu,2016,7680965,9443088
Cole Aldrich,2016,7643979,9397617
Corey Brewer,2016,7612172,9358513
Festus Ezeli,2016,7400000,9097666
Markieff Morris,2016,7400000,9097666
JJ Redick,2016,7377500,9070004
Cory Joseph,2016,7315000,8993166
DJ Augustin,2016,7250000,8913254
Jeremy Lamb,2016,7000000,8605900
Louis Williams,2016,7000000,8605900
Rodney Stuckey,2016,7000000,8605900
Boris Diaw,2016,7000000,8605900
Sergio Rodriguez,2016,6800000,8360017
Carl Landry,2016,6750000,8298547
Ed Davis,2016,6666667,8196096
Isaiah Thomas,2016,6587131,8098313
Victor Oladipo,2016,6552960,8056303
Jodie Meeks,2016,6540000,8040370
Matt Barnes,2016,6508351,8001460
Aron Baynes,2016,6500000,7991193
Marco Belinelli,2016,6333333,7786290
Jae Crowder,2016,6286408,7728600
Tarik Black,2016,6191000,7611304
Lance Thomas,2016,6191000,7611304
Andrew Nicholson,2016,6088993,7485895
Patrick Patterson,2016,6050000,7437957
Andrew Wiggins,2016,6006600,7384600
Ramon Sessions,2016,6000000,7376486
Ishmael Smith,2016,6000000,7376486
Patrick Beverley,2016,6000000,7376486
Wayne Ellington,2016,6000000,7376486
Alex Abrines,2016,5994764,7370049
Karl-Anthony Towns,2016,5960160,7327506
Ben Simmons,2016,5903160,7257429
Otto Porter,2016,5893981,7246145
Nikola Mirotic,2016,5782450,7109027
Shaun Livingston,2016,5782450,7109027
Josh McRoberts,2016,5782450,7109027
Spencer Hawes,2016,5782450,7109027
Brandan Wright,2016,5709880,7019808
Tim Duncan,2016,5643750,6938507
Boban Marjanovic,2016,5628000,6919144
Wesley Johnson,2016,5628000,6919144
Tyler Johnson,2016,5628000,6919144
Jared Sullinger,2016,5628000,6919144
Brandon Jennings,2016,5587318,6869128
Nick Young,2016,5443918,6692831
Jabari Parker,2016,5374320,6607266
Lance Stephenson,2016,5371672,6604010
D'Angelo Russell,2016,5332800,6556221
Josh Smith,2016,5331729,6554904
Cody Zeller,2016,5318313,6538410
PJ Tucker,2016,5300000,6515896
Brandon Ingram,2016,5281680,6493373
Kyle Korver,2016,5239437,6441439
Darren Collison,2016,5229454,6429166
Larry Sanders,2016,5207722,6402448
Langston Galloway,2016,5200000,6392954
Derrick Williams,2016,5020145,6171838
Jonas Jerebko,2016,5000000,6147072
Luis Scola,2016,5000000,6147072
Roy Hibbert,2016,5000000,6147072
Tony Allen,2016,5000000,6147072
CJ Watson,2016,5000000,6147072
Jason Smith,2016,5000000,6147072
Alexis Ajinca,2016,4863206,5978895
Mike Dunleavy,2016,4837500,5947292
Kyle Singler,2016,4837500,5947292
Joel Embiid,2016,4826160,5933350
Alex Len,2016,4823621,5930229
Jahlil Okafor,2016,4788840,5887468
Jaylen Brown,2016,4743000,5831112
Marcus Morris,2016,4625000,5686041
CJ Miles,2016,4583450,5634959
Jameer Nelson,2016,4540525,5582186
Nerlens Noel,2016,4384490,5390355
Aaron Gordon,2016,4351320,5349575
Greivis Vasquez,2016,4347826,5345279
Kristaps Porzingis,2016,4317720,5308267
Dragan Bender,2016,4276320,5257369
Vince Carter,2016,4264057,5242293
Devin Harris,2016,4227996,5197959
Jose Juan Barea,2016,4096950,5036849
Ben McLemore,2016,4008882,4928577
Thabo Sefolosha,2016,4000000,4917657
James Johnson,2016,4000000,4917657
Udonis Haslem,2016,4000000,4917657
Jordan Hill,2016,4000000,4917657
Leandro Barbosa,2016,4000000,4917657
Dante Exum,2016,3940320,4844286
Kyle O'Quinn,2016,3918750,4817767
Mario Hezonja,2016,3909840,4806813
Kris Dunn,2016,3872520,4760931
Nemanja Bjelica,2016,3800000,4671774
Nick Collison,2016,3750000,4610304
Kentavious Caldwell-Pope,2016,3678319,4522178
Quincy Pondexter,2016,3617978,4447994
Marcus Smart,2016,3578880,4399926
Bojan Bogdanovic,2016,3573020,4392722
Willie Cauley-Stein,2016,3551160,4365847
Will Barton,2016,3533333,4343930
Paul Pierce,2016,3527920,4337275
Buddy Hield,2016,3517200,4324096
Mike Miller,2016,3500000,4302950
Lavoy Allen,2016,3500000,4302950
Brandon Rush,2016,3500000,4302950
Anthony Morrow,2016,3488000,4288197
Trey Burke,2016,3386597,4163531
Kevin Martin,2016,3336000,4101326
KJ McDaniels,2016,3333333,4098047
Mike Scott,2016,3333333,4098047
Troy Daniels,2016,3332940,4097564
Julius Randle,2016,3267120,4016644
Ronnie Price,2016,3251227,3997104
Emmanuel Mudiay,2016,3241800,3985515
CJ McCollum,2016,3219579,3958196
Jamal Murray,2016,3210840,3947452
Patrick Mills,2016,3200000,3934126
Michael Carter-Williams,2016,3183526,3913872
Omri Casspi,2016,3149524,3872069
Steven Adams,2016,3140517,3860996
Kelly Olynyk,2016,3094013,3803824
Shabazz Muhammad,2016,3046299,3745163
Justin Hamilton,2016,3000000,3688243
Dante Cunningham,2016,3000000,3688243
Giannis Antetokounmpo,2016,2995420,3682612
Nik Stauskas,2016,2993040,3679686
Stanley Johnson,2016,2969880,3651213
Quincy Acy,2016,2965505,3645833
Marquese Chriss,2016,2941440,3616248
Seth Curry,2016,2898000,3562842
Zaza Pachulia,2016,2898000,3562842
Nenê,2016,2898000,3562842
James Ennis,2016,2898000,3562842
Dion Waiters,2016,2898000,3562842
Mindaugas Kuzminskas,2016,2898000,3562842
Dewayne Dedmon,2016,2898000,3562842
Tomas Satoransky,2016,2870813,3529418
Tibor Pleiss,2016,2800000,3442360
Noah Vonleh,2016,2751360,3382561
Frank Kaminsky,2016,2730000,3356301
Dennis Schroeder,2016,2708582,3329969
Jakob Poeltl,2016,2703960,3324287
Aaron Brooks,2016,2700000,3319418
Elfrid Payton,2016,2613600,3213197
Justise Winslow,2016,2593440,3188412
Thon Maker,2016,2568600,3157873
Malcolm Delaney,2016,2500000,3073536
Randy Foye,2016,2500000,3073536
Richard Jefferson,2016,2500000,3073536
Martell Webster,2016,2500000,3073536
Doug McDermott,2016,2483040,3052685
Domantas Sabonis,2016,2440200,3000017
Shelvin Mack,2016,2433334,2991575
Myles Turner,2016,2380440,2926547
Tony Snell,2016,2368327,2911655
Archie Goodwin,2016,2350999,2890351
Gorgui Dieng,2016,2348782,2887626
Trey Lyles,2016,2340600,2877567
Mason Plumlee,2016,2328530,2862728
Taurean Prince,2016,2318280,2850126
Dario Saric,2016,2318280,2850126
Tim Hardaway Jr,2016,2281605,2805038
Reggie Bullock,2016,2255644,2773121
Alonzo Gee,2016,2255408,2772830
Zach LaVine,2016,2240880,2754970
Devin Booker,2016,2223600,2733725
Luc Mbah a Moute,2016,2203000,2708399
Georgios Papagiannis,2016,2202240,2707465
Maurice Williams,2016,2194500,2697949
Andre Roberson,2016,2183072,2683900
TJ Warren,2016,2128920,2617324
Rudy Gobert,2016,2121287,2607940
Cameron Payne,2016,2112480,2597113
Joe Ingles,2016,2100000,2581770
Denzel Valentine,2016,2092200,2572180
Tim Frazier,2016,2090000,2569476
Adreian Payne,2016,2022240,2486170
Kelly Oubre,2016,2006640,2466992
Juan Hernangomez,2016,1987440,2443387
Jusuf Nurkic,2016,1921320,2362098
Lucas Nogueira,2016,1921320,2362098
Terry Rozier,2016,1906440,2343804
James Young,2016,1825200,2243927
Rashad Vaughn,2016,1811040,2226518
Kevin Seraphin,2016,1800000,2212945
Wade Baldwin,2016,1793760,2205274
Tyler Ennis,2016,1733880,2131657
Sam Dekker,2016,1720560,2115281
Joffrey Lauvergne,2016,1709719,2101953
Henry Ellenson,2016,1704120,2095069
Gary Harris,2016,1655880,2035762
Jerian Grant,2016,1643040,2019977
Malik Beasley,2016,1627320,2000650
RJ Hunter,2016,1625240,1998093
Bruno Caboclo,2016,1589640,1954326
Delon Wright,2016,1577280,1939130
Jarrett Jack,2016,1571705,1932275
Caris LeVert,2016,1562280,1920689
Chris Andersen,2016,1551659,1907631
James Jones,2016,1551659,1907631
David West,2016,1551659,1907631
Raymond Felton,2016,1551659,1907631
Brandon Bass,2016,1551659,1907631
Metta World Peace,2016,1551659,1907631
Jason Terry,2016,1551659,1907631
Steve Novak,2016,1551659,1907631
Caron Butler,2016,1551659,1907631
David Lee,2016,1551659,1907631
Mitch McGary,2016,1526040,1876135
Justin Anderson,2016,1514160,1861530
Marcelo Huertas,2016,1500000,1844121
DeAndre Bembry,2016,1499760,1843826
Jordan Adams,2016,1465080,1801190
Demetrius Jackson,2016,1450000,1782650
Malachi Richardson,2016,1439880,1770209
Gerald Green,2016,1410598,1734209
Sasha Vujacic,2016,1410598,1734209
Rodney Hood,2016,1406520,1729195
Bobby Portis,2016,1404600,1726835
JaVale McGee,2016,1403611,1725619
Marreese Speights,2016,1403611,1725619
Michael Beasley,2016,1403611,1725619
Rondae Hollis-Jefferson,2016,1395600,1715770
Willy Hernangomez,2016,1375000,1690444
Deyonta Davis,2016,1369229,1683349
Nikola Jokic,2016,1358500,1670159
Shabazz Napier,2016,1350120,1659856
Tyus Jones,2016,1339680,1647021
Sasha Kaun,2016,1333420,1639325
Timothe Luwawu,2016,1326960,1631383
Alan Anderson,2016,1315448,1617230
Ty Lawson,2016,1315448,1617230
Marcus Thornton,2016,1315448,1617230
Clint Capela,2016,1296240,1593616
Jarell Martin,2016,1286160,1581223
Brice Johnson,2016,1273920,1566175
Jeremy Evans,2016,1227286,1508843
Luke Babbitt,2016,1227286,1508843
Jordan Mickey,2016,1223653,1504376
CJ Wilcox,2016,1209600,1487099
Larry Nance Jr,2016,1207680,1484739
Terrence Jones,2016,1207194,1484141
Pascal Siakam,2016,1196040,1470428
Kyle Anderson,2016,1192080,1465560
Josh Huestis,2016,1191480,1464822
Chris McCullough,2016,1191480,1464822
Skal Labissiere,2016,1188840,1461577
Livio Jean-Charles,2016,1188840,1461577
Kevon Looney,2016,1182840,1454200
Dejounte Murray,2016,1180080,1450807
Damian Jones,2016,1171560,1440332
Hollis Thompson,2016,1131040,1390516
Isaiah Whitehead,2016,1074145,1320569
Joseph Young,2016,1052342,1293764
Rakeem Christmas,2016,1052342,1293764
Brian Roberts,2016,1050961,1292066
Pablo Prigioni,2016,1050961,1292066
Thomas Robinson,2016,1050961,1292066
John Jenkins,2016,1050961,1292066
Glenn Robinson III,2016,1050500,1291499
Montrezl Harrell,2016,1045000,1284738
Ivica Zubac,2016,1034865,1272277
Richaun Holmes,2016,1024000,1258920
Anthony Brown,2016,1023838,1258720
Mike Muscala,2016,1015696,1248711
Anthony Bennett,2016,1015696,1248711
Isaiah Canaan,2016,1015696,1248711
Ian Clark,2016,1015696,1248711
Justin Holiday,2016,1015696,1248711
Robert Covington,2016,1015696,1248711
Jeff Withey,2016,1015696,1248711
DeAndre Liggins,2016,1015695,1248709
Walter Tavares,2016,1006000,1236790
Joe Harris,2016,980431,1205355
Sean Kilpatrick,2016,980431,1205355
Nick Johnson,2016,980431,1205355
Beno Udrih,2016,980431,1205355
James Michael McAdoo,2016,980431,1205355
JaMychal Green,2016,980431,1205355
Louis Amundson,2016,980431,1205355
Jerami Grant,2016,980431,1205355
Damjan Rudez,2016,980431,1205355
Elton Brand,2016,980000,1204826
Axel Toupane,2016,977534,1201794
Stephen Zimmerman,2016,950000,1167943
Andrew Harrison,2016,945000,1161796
Bobby Brown,2016,940070,1155735
Tyler Ulis,2016,918369,1129056
Jason Thompson,2016,893333,1098276
Raul Neto,2016,877800,1079179
Malcolm Brogdon,2016,875000,1075737
Christian Wood,2016,874636,1075290
Cristiano Felicio,2016,874636,1075290
Jordan McRae,2016,874636,1075290
Salah Mejri,2016,874636,1075290
Darrun Hilliard,2016,874636,1075290
Josh Richardson,2016,874636,1075290
TJ McConnell,2016,874636,1075290
Alan Williams,2016,874636,1075290
Pat Connaughton,2016,874636,1075290
Jonathon Simmons,2016,874636,1075290
Norman Powell,2016,874636,1075290
Paul Zipser,2016,750000,922060
Spencer Dinwiddie,2016,726672,893381
Ryan Kelly,2016,713305,876947
Jonathan Gibson,2016,671346,825362
Joel Anthony,2016,663810,816097
Troy Williams,2016,652165,801780
AJ Hammons,2016,650000,799119
Michael Gbinije,2016,650000,799119
Georges Niang,2016,650000,799119
Briante Weber,2016,623447,766474
Donatas Motiejunas,2016,607491,746858
Jake Layman,2016,600000,737648
Joel Bolomboy,2016,600000,737648
John Lucas,2016,580344,713483
Gary Payton II,2016,578636,711383
Toney Douglas,2016,564868,694456
Treveon Graham,2016,543471,668151
Kay Felder,2016,543471,668151
Nicolas Brussino,2016,543471,668151
Dorian Finney-Smith,2016,543471,668151
Patrick McCaw,2016,543471,668151
Kyle Wiltjer,2016,543471,668151
Chinanu Onuaku,2016,543471,668151
Diamond Stone,2016,543471,668151
Rodney McGruder,2016,543471,668151
Cheick Diallo,2016,543471,668151
Ron Baker,2016,543471,668151
Marshall Plumlee,2016,543471,668151
Maurice Ndour,2016,543471,668151
Semaj Christon,2016,543471,668151
Derrick Jones,2016,543471,668151
Tim Quarterman,2016,543471,668151
Davis Bertans,2016,543471,668151
Bryn Forbes,2016,543471,668151
Fred VanVleet,2016,543471,668151
Daniel Ochefu,2016,543471,668151
Sheldon Mac,2016,543471,668151
Danuel House,2016,543471,668151
Chasson Randle,2016,541170,665321
Arinze Onuaku,2016,426775,524683
Yogi Ferrell,2016,409300,503198
Johnny O'Bryant,2016,392169,482137
Aaron Harrison,2016,365289,449091
Okaro White,2016,310995,382341
Isaiah Taylor,2016,305000,374971
Norris Cole,2016,288131,354232
Ben Bentil,2016,281968,346654
Jarell Eddie,2016,277898,341651
Elliot Williams,2016,250000,307353
Yi Jianlian,2016,250000,307353
Lamar Patterson,2016,242963,298702
Jordan Crawford,2016,234920,288814
Nicolas Laprovittola,2016,204601,251539
Reggie Williams,2016,193307,237654
Pierre Jackson,2016,191810,235812
Brandon Paul,2016,155000,190559
Shawn Long,2016,154512,189959
Robbie Hummel,2016,150000,184412
Jarnell Stokes,2016,150000,184412
Mike Tobey,2016,138937,170811
Patricio Garino,2016,131968,162242
Jarrod Uthoff,2016,129920,159724
Marcus Paige,2016,125000,153676
Ray McCallum,2016,119493,146906
Manny Harris,2016,119493,146906
Wayne Selden,2016,115087,141488
Egidijus Mockevicius,2016,100000,122941
Stefan Jankovic,2016,100000,122941
JP Tokoto,2016,100000,122941
Isaiah Cousins,2016,100000,122941
Quinn Cook,2016,95904,117904
Marcus Georges-Hunt,2016,88936,109337
Jordan Farmar,2016,82976,102011
Prince Ibeh,2016,77250,94972
Keith Benson,2016,75000,92206
Kaleb Tarczewski,2016,75000,92206
Ryan Arcidiacono,2016,75000,92206
Henry Sims,2016,75000,92206
Quincy Ford,2016,75000,92206
Alex Poythress,2016,73743,90659
David Nwaba,2016,73528,90396
Gary Neal,2016,72193,88755
Kyle Collinsworth,2016,70000,86059
Thomas Walkup,2016,69500,85444
James Webb,2016,65000,79911
Zach Auguste,2016,60000,73764
Brady Heslip,2016,56500,69461
Matt Costello,2016,50000,61470
Damion Lee,2016,50000,61470
Nate Wolters,2016,50000,61470
DJ Kennedy,2016,50000,61470
Scott Wood,2016,50000,61470
Elgin Cook,2016,50000,61470
Julyan Stone,2016,50000,61470
Alex Caruso,2016,50000,61470
Anthony Barber,2016,50000,61470
Dionte Christmas,2016,50000,61470
EJ Singler,2016,50000,61470
Beau Beech,2016,45000,55323
Phil Pressey,2016,35000,43029
Nikola Jovanovic,2016,30000,36882
Jalen Jones,2016,25000,30735
Nick Zeisloft,2016,25000,30735
Tony Wroten,2016,25000,30735
Dahntay Jones,2016,24022,29532
Stephen Curry,2017,34682550,41953914
LeBron James,2017,33285709,40264218
Paul Millsap,2017,30769231,37220149
Gordon Hayward,2017,29727900,35960497
Blake Griffin,2017,29512900,35700422
Kyle Lowry,2017,28903704,34963505
Mike Conley,2017,28530608,34512187
James Harden,2017,28299399,34232504
Russell Westbrook,2017,28299399,34232504
DeMar DeRozan,2017,27739975,33555794
Al Horford,2017,27734405,33549057
Carmelo Anthony,2017,26243760,31745891
Damian Lillard,2017,26153057,31636171
Jrue Holiday,2017,25686667,31072000
Chris Bosh,2017,25289390,30591432
Kevin Durant,2017,25000000,30241370
Otto Porter,2017,24773250,29967081
Chris Paul,2017,24268959,29357063
CJ McCollum,2017,23962573,28986442
Andre Drummond,2017,23775506,28760155
Hassan Whiteside,2017,23775506,28760155
Anthony Davis,2017,23775506,28760155
Bradley Beal,2017,23775506,28760155
Dwight Howard,2017,23500000,28426888
Harrison Barnes,2017,23112004,27957547
Chandler Parsons,2017,23112004,27957547
JJ Redick,2017,23000000,27822061
Kevin Love,2017,22642350,27389428
DeAndre Jordan,2017,22642350,27389428
Brook Lopez,2017,22642350,27389428
Marc Gasol,2017,22642350,27389428
Giannis Antetokounmpo,2017,22471911,27183255
Steven Adams,2017,22471911,27183255
Nicolas Batum,2017,22434783,27138343
LaMarcus Aldridge,2017,21461010,25960414
Greg Monroe,2017,21384175,25867470
Rudy Gobert,2017,21224719,25674583
Victor Oladipo,2017,21000000,25402751
Danilo Gallinari,2017,20559599,24870018
Serge Ibaka,2017,20061729,24267767
George Hill,2017,20000000,24193096
Ryan Anderson,2017,19578455,23683172
Paul George,2017,19300000,23346338
Jeff Teague,2017,19000000,22983441
Kyrie Irving,2017,18868626,22824524
Kawhi Leonard,2017,18868625,22824523
Jimmy Butler,2017,18696918,22616817
Allen Crabbe,2017,18500000,22378614
DeMarcus Cousins,2017,18063850,21851023
John Wall,2017,18063850,21851023
Enes Kanter,2017,17884176,21633679
Wesley Matthews,2017,17884175,21633678
Dwyane Wade,2017,17878652,21626997
Klay Thompson,2017,17826150,21563488
Joakim Noah,2017,17765000,21489518
Kentavious Caldwell-Pope,2017,17745894,21466406
Luol Deng,2017,17190000,20793966
Evan Turner,2017,17131148,20722775
Goran Dragic,2017,17000450,20564676
Bismack Biyombo,2017,17000000,20564132
Evan Fournier,2017,17000000,20564132
Kent Bazemore,2017,16910112,20455398
Robert Covington,2017,16698103,20198941
Tim Hardaway Jr,2017,16500000,19959304
Tristan Thompson,2017,16400000,19838339
Draymond Green,2017,16400000,19838339
Reggie Jackson,2017,16000000,19354477
Tobias Harris,2017,16000000,19354477
Pau Gasol,2017,16000000,19354477
Ian Mahinmi,2017,16000000,19354477
Dennis Schroeder,2017,15500000,18749649
Jonas Valanciunas,2017,15460675,18702080
Tony Parker,2017,15453126,18692948
Timofey Mozgov,2017,15280000,18483525
Jamal Crawford,2017,15270762,18472350
Andre Iguodala,2017,14814815,17920812
DeMarre Carroll,2017,14800000,17902891
Eric Bledsoe,2017,14500000,17539995
Gorgui Dieng,2017,14112360,17071084
Khris Middleton,2017,14100000,17056133
Ricky Rubio,2017,14100000,17056133
Mason Plumlee,2017,14041096,16984879
Taj Gibson,2017,14000000,16935167
Robin Lopez,2017,13788500,16679325
JR Smith,2017,13760000,16644850
James Johnson,2017,13734000,16613399
Joe Ingles,2017,13636364,16495293
Brandon Knight,2017,13618750,16473986
Marvin Williams,2017,13168750,15929642
Michael Kidd-Gilchrist,2017,13000000,15725512
Tyson Chandler,2017,13000000,15725512
Eric Gordon,2017,12943020,15656586
Kenneth Faried,2017,12921348,15630371
Thaddeus Young,2017,12921348,15630371
Marcin Gortat,2017,12782609,15462544
Cody Zeller,2017,12584270,15222623
Nikola Mirotic,2017,12500000,15120685
Miles Plumlee,2017,12400000,14999719
Zach Randolph,2017,12307692,14888059
Nikola Vucevic,2017,12250000,14818271
Solomon Hill,2017,12236535,14801983
Dion Waiters,2017,12100000,14636823
Wilson Chandler,2017,12016854,14536245
Kelly Olynyk,2017,12007169,14524530
Jeremy Lin,2017,12000000,14515858
Kemba Walker,2017,12000000,14515858
Derrick Favors,2017,12000000,14515858
Austin Rivers,2017,11825000,14304168
Courtney Lee,2017,11747890,14210891
Nikola Pekovic,2017,11600000,14031996
Jordan Clarkson,2017,11562500,13986634
John Henson,2017,11422536,13817325
Amir Johnson,2017,11000000,13306203
Alec Burks,2017,10845506,13119318
Patrick Mills,2017,10714286,12960587
Moe Harkless,2017,10662922,12898455
Omer Asik,2017,10595505,12816903
Bojan Bogdanovic,2017,10500000,12701375
Mirza Teletovic,2017,10500000,12701375
Terrence Ross,2017,10500000,12701375
Jon Leuer,2017,10497319,12698132
Iman Shumpert,2017,10337079,12504297
Joe Johnson,2017,10254904,12404893
Darren Collison,2017,10000000,12096548
Jared Dudley,2017,10000000,12096548
Danny Green,2017,10000000,12096548
Meyers Leonard,2017,9904495,11981020
Tony Snell,2017,9821429,11880539
Al Jefferson,2017,9769821,11818111
Matthew Dellavedova,2017,9607500,11621758
Trevor Booker,2017,9571137,11577771
Bogdan Bogdanovic,2017,9470614,11456174
Andre Roberson,2017,9259260,11200508
Dwight Powell,2017,9003125,10890673
Jerryd Bayless,2017,9000000,10886893
Avery Bradley,2017,8808989,10655836
JaMychal Green,2017,8533333,10322387
E'Twaun Moore,2017,8445024,10215564
Rudy Gay,2017,8406000,10168358
Kosta Koufos,2017,8393000,10152633
Corey Brewer,2017,8105615,9804995
Garrett Temple,2017,8000000,9677238
Vince Carter,2017,8000000,9677238
Markieff Morris,2017,8000000,9677238
CJ Miles,2017,7936509,9600436
Cristiano Felicio,2017,7843500,9487927
Shaun Livingston,2017,7692308,9305037
Cory Joseph,2017,7630000,9229666
PJ Tucker,2017,7590035,9181322
Andrew Wiggins,2017,7574322,9162315
Darrell Arthur,2017,7464912,9029966
Channing Frye,2017,7420912,8976742
Trevor Ariza,2017,7400000,8951445
Al-Farouq Aminu,2017,7319035,8853506
Cole Aldrich,2017,7300000,8830480
DJ Augustin,2017,7250000,8769997
Marco Belinelli,2017,7082277,8567109
Markelle Fultz,2017,7026240,8499325
Jeremy Lamb,2017,7000000,8467583
Kyle Korver,2017,7000000,8467583
Louis Williams,2017,7000000,8467583
Jameer Nelson,2017,6998920,8466276
Dewayne Dedmon,2017,6900000,8346618
Jae Crowder,2017,6796117,8220955
Jabari Parker,2017,6782392,8204353
Langston Galloway,2017,6666667,8064365
Lance Thomas,2017,6655325,8050646
Ersan Ilyasova,2017,6514288,7880039
Matt Barnes,2017,6400625,7742546
Ed Davis,2017,6352531,7684369
Rajon Rondo,2017,6300000,7620824
Jonathon Simmons,2017,6300000,7620825
Lonzo Ball,2017,6286560,7604567
Wayne Ellington,2017,6270000,7584535
Isaiah Thomas,2017,6261394,7574125
Karl-Anthony Towns,2017,6216840,7520230
Ben Simmons,2017,6168840,7462167
Joel Embiid,2017,6100266,7379216
Josh McRoberts,2017,6021175,7283543
Ishmael Smith,2017,6000000,7257929
Milos Teodosic,2017,6000000,7257929
Shelvin Mack,2017,6000000,7257929
Alan Williams,2017,6000000,7257929
Brandan Wright,2017,5955760,7204413
Wesley Johnson,2017,5881260,7114294
Boban Marjanovic,2017,5881260,7114294
Tyler Johnson,2017,5821260,7041715
Alex Abrines,2017,5725000,6925273
Jayson Tatum,2017,5645400,6828985
D'Angelo Russell,2017,5562360,6728535
Brandon Ingram,2017,5519400,6676568
Josh Smith,2017,5514806,6671010
Patrick Beverley,2017,5513514,6669448
Aaron Gordon,2017,5504419,6658447
Deron Williams,2017,5474787,6622602
Arron Afflalo,2017,5328652,6445829
Anthony Tolliver,2017,5290000,6399073
Thabo Sefolosha,2017,5250000,6350687
Jason Smith,2017,5225000,6320446
Ben McLemore,2017,5200000,6290205
Nick Young,2017,5192000,6280527
Patrick Patterson,2017,5192000,6280527
Josh Jackson,2017,5090040,6157191
Mike Muscala,2017,5000000,6048274
Marcus Morris,2017,5000000,6048274
Dirk Nowitzki,2017,5000000,6048274
Larry Sanders,2017,5000000,6048274
Jahlil Okafor,2017,4995120,6042371
Dante Exum,2017,4992385,6039062
Alexis Ajinca,2017,4961798,6002062
Jaylen Brown,2017,4956480,5995629
Richard Jefferson,2017,4828652,5841002
Sean Kilpatrick,2017,4774445,5775428
Kyle Singler,2017,4666500,5644854
De'Aaron Fox,2017,4609200,5575541
Marcus Smart,2017,4538019,5489436
Kristaps Porzingis,2017,4503600,5447801
Justin Holiday,2017,4500000,5443446
Dragan Bender,2017,4468800,5405705
Devin Harris,2017,4402546,5325561
Ron Baker,2017,4328000,5235386
Aron Baynes,2017,4300000,5201515
Nerlens Noel,2017,4187599,5065549
Alex Len,2017,4187599,5065549
Jonathan Isaac,2017,4186320,5064002
Lance Stephenson,2017,4180000,5056357
Julius Randle,2017,4149242,5019150
Kyle O'Quinn,2017,4087500,4944464
Mario Hezonja,2017,4078320,4933359
Kris Dunn,2017,4046760,4895182
Noah Vonleh,2017,4031018,4876140
Jonas Jerebko,2017,4000000,4838619
Nemanja Bjelica,2017,3950000,4778136
Jose Juan Barea,2017,3903900,4722371
Quincy Pondexter,2017,3853931,4661926
Lauri Markkanen,2017,3821640,4622865
Nik Stauskas,2017,3807146,4605332
Willie Cauley-Stein,2017,3704160,4480755
Paul Pierce,2017,3679840,4451336
Buddy Hield,2017,3675480,4446062
Will Barton,2017,3533333,4274113
Frank Ntilikina,2017,3501120,4235146
Lavoy Allen,2017,3500000,4233791
Zaza Pachulia,2017,3477600,4206695
Nenê,2017,3477600,4206695
Troy Daniels,2017,3408520,4123132
Emmanuel Mudiay,2017,3381480,4090423
Jamal Murray,2017,3355320,4058779
Elfrid Payton,2017,3332340,4030981
Doug McDermott,2017,3294994,3985805
Tarik Black,2017,3290000,3979764
Tyreke Evans,2017,3290000,3979764
Jodie Meeks,2017,3290000,3979764
Dennis Smith,2017,3218280,3893007
Zach LaVine,2017,3202217,3873577
Ekpe Udoh,2017,3200000,3870895
TJ Warren,2017,3152930,3813957
Stanley Johnson,2017,3097800,3747268
Thon Maker,2017,3086784,3733943
Marquese Chriss,2017,3073800,3718237
Zach Collins,2017,3057240,3698205
Seth Curry,2017,3028410,3663330
James Ennis,2017,3028410,3663330
Mindaugas Kuzminskas,2017,3028410,3663330
Tomas Satoransky,2017,3000000,3628964
Ramon Sessions,2017,2986463,3612589
Jusuf Nurkic,2017,2947304,3565220
Lucas Nogueira,2017,2947304,3565220
Malik Monk,2017,2904480,3513418
Frank Kaminsky,2017,2847600,3444613
Andrew Nicholson,2017,2844429,3440777
Jakob Poeltl,2017,2825640,3418049
Luke Kennard,2017,2759280,3337776
Justise Winslow,2017,2705040,3272164
Michael Carter-Williams,2017,2700000,3266068
Cedi Osman,2017,2642857,3196944
Donovan Mitchell,2017,2621280,3170844
Gary Harris,2017,2550055,3084686
Domantas Sabonis,2017,2550000,3084619
Derrick Rose,2017,2533488,3064645
Malcolm Delaney,2017,2500000,3024137
Reggie Bullock,2017,2500000,3024137
Manu Ginobili,2017,2500000,3024137
Bam Adebayo,2017,2490360,3012476
Georgios Papagiannis,2017,2486757,3008117
Myles Turner,2017,2483040,3003621
Bruno Caboclo,2017,2451224,2965134
Ronnie Price,2017,2442455,2954527
Trey Lyles,2017,2441400,2953251
Taurean Prince,2017,2422560,2930461
Dario Saric,2017,2422560,2930461
Rodney Hood,2017,2386864,2887281
Justin Jackson,2017,2365560,2861511
Shabazz Napier,2017,2361359,2856429
Rashad Vaughn,2017,2338653,2828962
Clint Capela,2017,2334528,2823973
Jose Calderon,2017,2328652,2816865
David West,2017,2328652,2816865
Udonis Haslem,2017,2328652,2816865
Jason Terry,2017,2328652,2816865
Jarrett Jack,2017,2328652,2816865
Raymond Felton,2017,2328652,2816865
Nick Collison,2017,2328652,2816865
Devin Booker,2017,2319360,2805625
Dante Cunningham,2017,2300000,2782206
Wade Baldwin,2017,2254292,2726915
Guerschon Yabusele,2017,2247480,2718675
Justin Patton,2017,2247480,2718675
Monta Ellis,2017,2245400,2716158
Cameron Payne,2017,2203440,2665401
Denzel Valentine,2017,2186400,2644789
Kyle Anderson,2017,2151704,2602819
DJ Wilson,2017,2135040,2582661
Jeff Green,2017,2116955,2560784
JaVale McGee,2017,2116955,2560784
Luc Mbah a Moute,2017,2116955,2560784
Aaron Brooks,2017,2116955,2560784
Michael Beasley,2017,2116955,2560784
Marreese Speights,2017,2116955,2560784
Omri Casspi,2017,2106470,2548101
Mario Chalmers,2017,2106407,2548025
Darius Miller,2017,2100000,2540275
Kelly Oubre,2017,2093040,2531855
Juan Hernangomez,2017,2076840,2512259
TJ Leaf,2017,2028360,2453615
Spencer Hawes,2017,2007058,2427847
Tim Frazier,2017,2000000,2419309
Terry Rozier,2017,1988520,2405422
Luke Babbitt,2017,1974159,2388050
John Collins,2017,1936920,2343004
Shabazz Muhammad,2017,1924755,2328288
Harry Giles,2017,1859400,2249232
Troy Williams,2017,1842176,2228396
Sam Dekker,2017,1794600,2170846
Terrance Ferguson,2017,1785000,2159233
Henry Ellenson,2017,1780800,2154153
Eric Moreland,2017,1740000,2104799
Jerian Grant,2017,1713840,2073154
Jarrett Allen,2017,1713720,2073009
Quincy Acy,2017,1709538,2067950
Tyler Zeller,2017,1709538,2067950
Jordan Crawford,2017,1709538,2067950
Mike Scott,2017,1709538,2067950
Malik Beasley,2017,1700640,2057187
Ante Zizic,2017,1645200,1990124
Delon Wright,2017,1645200,1990124
OG Anunoby,2017,1645200,1990124
Caris LeVert,2017,1632480,1974737
Mike Dunleavy,2017,1600000,1935447
Timothe Luwawu,2017,1594590,1928903
Tyler Lydon,2017,1579440,1910577
Justin Anderson,2017,1579440,1910577
Ian Clark,2017,1577230,1907903
DeAndre Bembry,2017,1567200,1895771
Shane Larkin,2017,1524305,1843882
Joe Harris,2017,1524305,1843882
Spencer Dinwiddie,2017,1524305,1843882
Julyan Stone,2017,1524305,1843882
Glenn Robinson III,2017,1524305,1843882
Tyler Ennis,2017,1524305,1843882
Johnny O'Bryant,2017,1524305,1843882
Jerami Grant,2017,1524305,1843882
Joffrey Lauvergne,2017,1524305,1843882
Bobby Portis,2017,1516320,1834223
DeAndre Liggins,2017,1505942,1821669
Malachi Richardson,2017,1504560,1819998
Tony Allen,2017,1471382,1779864
Willie Reed,2017,1471382,1779864
Larry Nance Jr,2017,1471382,1779864
Salah Mejri,2017,1471382,1779864
Nikola Jokic,2017,1471382,1779864
Kevon Looney,2017,1471382,1779864
Joseph Young,2017,1471382,1779864
Montrezl Harrell,2017,1471382,1779864
Jarell Martin,2017,1471382,1779864
Josh Richardson,2017,1471382,1779864
Jordan Mickey,2017,1471382,1779864
Tyus Jones,2017,1471382,1779864
Josh Huestis,2017,1471382,1779864
Richaun Holmes,2017,1471382,1779864
TJ McConnell,2017,1471382,1779864
Pat Connaughton,2017,1471382,1779864
Norman Powell,2017,1471382,1779864
Raul Neto,2017,1471382,1779864
Chris McCullough,2017,1471382,1779864
Furkan Korkmaz,2017,1465920,1773257
Caleb Swanigan,2017,1465920,1773257
Okaro White,2017,1460927,1767217
Rondae Hollis-Jefferson,2017,1455720,1760918
Willy Hernangomez,2017,1435750,1736761
Kyle Kuzma,2017,1423560,1722016
Tony Bradley,2017,1414920,1711564
Derrick White,2017,1404600,1699081
Josh Hart,2017,1394520,1686887
Gerald Green,2017,1381403,1671020
Brice Johnson,2017,1331160,1610244
Diamond Stone,2017,1312611,1587806
Isaiah Taylor,2017,1312611,1587806
Sheldon Mac,2017,1312611,1587806
Isaiah Whitehead,2017,1312611,1587806
Treveon Graham,2017,1312611,1587806
Paul Zipser,2017,1312611,1587806
David Nwaba,2017,1312611,1587806
Dorian Finney-Smith,2017,1312611,1587806
Yogi Ferrell,2017,1312611,1587806
Patrick McCaw,2017,1312611,1587806
Damian Jones,2017,1312611,1587806
Chinanu Onuaku,2017,1312611,1587806
Ivica Zubac,2017,1312611,1587806
Deyonta Davis,2017,1312611,1587806
Andrew Harrison,2017,1312611,1587806
Wayne Selden,2017,1312611,1587806
Rodney McGruder,2017,1312611,1587806
AJ Hammons,2017,1312611,1587806
Malcolm Brogdon,2017,1312611,1587806
Marcus Georges-Hunt,2017,1312611,1587806
Cheick Diallo,2017,1312611,1587806
Chasson Randle,2017,1312611,1587806
Tyler Ulis,2017,1312611,1587806
Jake Layman,2017,1312611,1587806
Skal Labissiere,2017,1312611,1587806
Dejounte Murray,2017,1312611,1587806
Bryn Forbes,2017,1312611,1587806
Davis Bertans,2017,1312611,1587806
Pascal Siakam,2017,1312611,1587806
Fred VanVleet,2017,1312611,1587806
Semi Ojeleye,2017,1291892,1562743
Livio Jean-Charles,2017,1242240,1502681
Bobby Brown,2017,1231500,1489689
Frank Mason,2017,1184385,1432697
Abdel Nader,2017,1167333,1412070
Isaiah Canaan,2017,1113863,1347389
Damyean Dotson,2017,1100000,1330620
Andrew Bogut,2017,1078810,1304987
Wesley Iwundu,2017,1050000,1270137
Gerald Henderson,2017,1000000,1209654
Festus Ezeli,2017,1000000,1209654
Justin Hamilton,2017,1000000,1209654
Damien Wilkins,2017,992696,1200819
Ike Anigbogu,2017,950000,1149172
Rade Zagorac,2017,950000,1149172
Ivan Rabb,2017,950000,1149172
Jason Thompson,2017,893333,1080624
Tyler Dorsey,2017,815615,986612
Daniel Theis,2017,815615,986612
Dwayne Bacon,2017,815615,986612
Maxi Kleber,2017,815615,986612
Jordan Bell,2017,815615,986612
Zhou Qi,2017,815615,986612
Jawun Evans,2017,815615,986612
Sindarius Thornwell,2017,815615,986612
Thomas Bryant,2017,815615,986612
Dillon Brooks,2017,815615,986612
Sterling Brown,2017,815615,986612
Frank Jackson,2017,815615,986612
Dakari Johnson,2017,815615,986612
Khem Birch,2017,815615,986612
Davon Reed,2017,815615,986612
Brandon Paul,2017,815615,986612
Alfonzo McKinnie,2017,815615,986612
Royce O'Neale,2017,815615,986612
Emeka Okafor,2017,813293,983803
Trey Burke,2017,784160,948562
Alex Poythress,2017,778668,941919
Dwight Buycks,2017,748160,905015
Joel Bolomboy,2017,708200,856677
Kyle Collinsworth,2017,595702,720593
Jeff Withey,2017,593780,718268
Kay Felder,2017,551866,667566
Michael Gbinije,2017,500000,604827
Leandro Barbosa,2017,500000,604827
Derrick Jones,2017,462875,559918
Nicolas Brussino,2017,393041,475443
Antonius Cleveland,2017,384116,464647
Brandon Jennings,2017,380830,460672
CJ Watson,2017,333333,403217
Demetrius Jackson,2017,319266,386199
Travis Wear,2017,304051,367796
Cameron Oliver,2017,300000,362896
Shaquille Harrison,2017,230399,278703
Larry Drew II,2017,222474,269116
Jaylen Morris,2017,198143,239684
Nigel Hayes,2017,193532,234105
David Stockton,2017,192812,233235
Quinn Cook,2017,189832,229630
Georges Niang,2017,177250,214410
Aaron Harrison,2017,174570,211169
Omari Johnson,2017,170495,206240
Naz Long,2017,167158,202203
Jarell Eddie,2017,166256,201112
Rodney Purvis,2017,165887,200666
Mike James,2017,164802,199352
Briante Weber,2017,160378,194001
Marquis Teague,2017,157944,191057
Gary Payton II,2017,154500,186890
Jeremy Evans,2017,154059,186358
Carrick Felix,2017,140901,170441
Damion Lee,2017,138239,167221
Kendrick Perkins,2017,131562,159144
Milton Doyle,2017,127250,153927
Brandon Rush,2017,119601,144675
Ty Lawson,2017,119009,143959
Derrick Williams,2017,104059,125875
KJ McDaniels,2017,100000,120965
Tim Quarterman,2017,96406,116617
Walter Lemon Jr,2017,92159,111480
Josh Gray,2017,92159,111480
Jaylen Johnson,2017,87551,105906
MarShon Brooks,2017,86118,104173
CJ Fair,2017,82943,100332
Josh Magette,2017,77250,93445
Tyler Cavanaugh,2017,77250,93445
Andrew White,2017,77250,93445
Kadeem Allen,2017,77250,93445
Jabari Bird,2017,77250,93445
Yakuba Ouattara,2017,77250,93445
Jacob Wiley,2017,77250,93445
James Webb,2017,77250,93445
Mangok Mathiang,2017,77250,93445
Marcus Paige,2017,77250,93445
Antonio Blakeney,2017,77250,93445
Ryan Arcidiacono,2017,77250,93445
John Holland,2017,77250,93445
London Perrantes,2017,77250,93445
Johnathan Motley,2017,77250,93445
Gian Clavell,2017,77250,93445
Jalen Jones,2017,77250,93445
Torrey Craig,2017,77250,93445
Monte Morris,2017,77250,93445
Luis Montero,2017,77250,93445
Reggie Hearn,2017,77250,93445
Chris Boucher,2017,77250,93445
RJ Hunter,2017,77250,93445
Markel Brown,2017,77250,93445
Edmond Sumner,2017,77250,93445
Ben Moore,2017,77250,93445
Jamil Wilson,2017,77250,93445
CJ Williams,2017,77250,93445
Tyrone Wallace,2017,77250,93445
Alex Caruso,2017,77250,93445
Vander Blue,2017,77250,93445
Kobi Simmons,2017,77250,93445
Vince Hunter,2017,77250,93445
Myke Henry,2017,77250,93445
Matt Williams,2017,77250,93445
Derrick Walton,2017,77250,93445
Xavier Munford,2017,77250,93445
Marshall Plumlee,2017,77250,93445
Anthony Brown,2017,77250,93445
Amile Jefferson,2017,77250,93445
Charles Cooke,2017,77250,93445
Luke Kornet,2017,77250,93445
Isaiah Hicks,2017,77250,93445
Daniel Hamilton,2017,77250,93445
PJ Dozier,2017,77250,93445
Adreian Payne,2017,77250,93445
Jamel Artis,2017,77250,93445
James Michael McAdoo,2017,77250,93445
Jacob Pullen,2017,77250,93445
James Young,2017,77250,93445
Alec Peters,2017,77250,93445
Danuel House,2017,77250,93445
CJ Wilcox,2017,77250,93445
JaKarr Sampson,2017,77250,93445
Jack Cooley,2017,77250,93445
Darrun Hilliard,2017,77250,93445
Matt Costello,2017,77250,93445
Malcolm Miller,2017,77250,93445
Lorenzo Brown,2017,77250,93445
Eric Griffin,2017,77250,93445
Nate Wolters,2017,77250,93445
Erik McCree,2017,77250,93445
Michael Young,2017,77250,93445
Devin Robinson,2017,77250,93445
Xavier Silas,2017,74158,89705
Jonathan Gibson,2017,74158,89705
Scotty Hopson,2017,74158,89705
Landry Nnoko,2017,50000,60482
VJ Beachem,2017,50000,60482
Bronson Koenig,2017,50000,60482
Daniel Ochefu,2017,50000,60482
Marcus Thornton II,2017,46079,55739
Jameel Warney,2017,46079,55739
Aaron Jackson,2017,46079,55739
Trey McKinney-Jones,2017,46079,55739
Andre Ingram,2017,46079,55739
Stephen Curry,2018,37457154,44045441
Russell Westbrook,2018,35665000,41938067
Chris Paul,2018,35654150,41925309
LeBron James,2018,35654150,41925309
Kyle Lowry,2018,32700000,38451558
Blake Griffin,2018,31873932,37480194
Gordon Hayward,2018,31214295,36704534
James Harden,2018,30570000,35946915
Paul George,2018,30560700,35935979
Mike Conley,2018,30521115,35889432
Kevin Durant,2018,30000000,35276658
Paul Millsap,2018,29230769,34372128
Al Horford,2018,28928710,34016941
Damian Lillard,2018,27977689,32898646
DeMar DeRozan,2018,27739975,32619121
Chris Bosh,2018,26837720,31558169
Jrue Holiday,2018,26641111,31326979
Otto Porter,2018,26011913,30587112
CJ McCollum,2018,25759766,30290615
Nikola Jokic,2018,25467250,29946649
Andrew Wiggins,2018,25467250,29946649
Joel Embiid,2018,25467250,29946649
Anthony Davis,2018,25434263,29907860
Andre Drummond,2018,25434262,29907859
Bradley Beal,2018,25434262,29907859
Hassan Whiteside,2018,24434262,28731970
Dwight Howard,2018,24256725,28523206
Giannis Antetokounmpo,2018,24157304,28406299
Steven Adams,2018,24157304,28406299
Kevin Love,2018,24119025,28361287
Marc Gasol,2018,24119025,28361287
Chandler Parsons,2018,24107258,28347450
Harrison Barnes,2018,24107258,28347450
Nicolas Batum,2018,24000000,28221327
Rudy Gobert,2018,23491573,27623473
Kawhi Leonard,2018,23114066,27179567
DeAndre Jordan,2018,22897200,26924557
LaMarcus Aldridge,2018,22347015,26277600
Serge Ibaka,2018,21666667,25477587
Aaron Gordon,2018,21590909,25388504
Danilo Gallinari,2018,21587579,25384588
Victor Oladipo,2018,21000000,24693661
Ryan Anderson,2018,20421546,24013463
Joakim Noah,2018,20261172,23824881
Kyrie Irving,2018,20099189,23634407
Jabari Parker,2018,20000000,23517772
Jimmy Butler,2018,19841627,23331543
Zach LaVine,2018,19500000,22929828
Wesley Matthews,2018,19360228,22765471
Allen Crabbe,2018,19332500,22732866
Enes Kanter,2018,19264603,22653027
Tyler Johnson,2018,19245370,22630411
John Wall,2018,19169800,22541549
George Hill,2018,19000000,22341883
Jeff Teague,2018,19000000,22341883
Klay Thompson,2018,18988725,22328625
Goran Dragic,2018,18109175,21294372
Kent Bazemore,2018,18089888,21271693
Evan Turner,2018,17868853,21011781
Tristan Thompson,2018,17469565,20542262
Draymond Green,2018,17469565,20542262
Tim Hardaway Jr,2018,17325000,20372270
Pau Gasol,2018,17133285,20146834
Reggie Jackson,2018,17043478,20041231
Bismack Biyombo,2018,17000000,19990106
Evan Fournier,2018,17000000,19990106
Derrick Favors,2018,16900000,19872517
Luol Deng,2018,16747954,19693728
Jonas Valanciunas,2018,16539326,19448405
Gary Harris,2018,16517857,19423160
Andre Iguodala,2018,16000000,18814218
Timofey Mozgov,2018,16000000,18814218
Ian Mahinmi,2018,16000000,18814218
Clint Capela,2018,15793104,18570931
Dennis Schroeder,2018,15500000,18226273
DeMarre Carroll,2018,15400000,18108684
Gorgui Dieng,2018,15170787,17839155
Eric Bledsoe,2018,15000000,17638329
Trevor Ariza,2018,15000000,17638329
Tobias Harris,2018,14800000,17403151
Ricky Rubio,2018,14800000,17403151
JR Smith,2018,14720000,17309080
Brandon Knight,2018,14631250,17204720
James Johnson,2018,14420700,16957137
Robin Lopez,2018,14357750,16883114
Kenneth Faried,2018,14242782,16747925
Marvin Williams,2018,14087500,16565331
Taj Gibson,2018,14000000,16462440
Thaddeus Young,2018,13764045,16184984
Tyson Chandler,2018,13585000,15974446
Marcin Gortat,2018,13565218,15951185
Kelly Olynyk,2018,13537527,15918624
Cody Zeller,2018,13528090,15907527
Eric Gordon,2018,13500375,15874937
Austin Rivers,2018,13155324,15469195
Michael Kidd-Gilchrist,2018,13000000,15286552
Khris Middleton,2018,13000000,15286552
Mason Plumlee,2018,12917808,15189903
Wilson Chandler,2018,12800562,15052035
Solomon Hill,2018,12763467,15008415
Nikola Vucevic,2018,12750000,14992580
Dion Waiters,2018,12705000,14939665
Joe Ingles,2018,12545455,14752057
Jeremy Lin,2018,12516746,14718298
Jordan Clarkson,2018,12500000,14698607
Nikola Mirotic,2018,12500000,14698607
Miles Plumlee,2018,12400000,14581019
Tyreke Evans,2018,12400000,14581019
Courtney Lee,2018,12253780,14409080
JJ Redick,2018,12250000,14404635
Kemba Walker,2018,12000000,14110663
Kentavious Caldwell-Pope,2018,12000000,14110663
Avery Bradley,2018,12000000,14110663
Will Barton,2018,11830358,13911183
TJ Warren,2018,11750000,13816691
Zach Randolph,2018,11692308,13748852
Patrick Mills,2018,11571429,13606711
Alec Burks,2018,11536515,13565656
Omer Asik,2018,11286516,13271685
Marcus Smart,2018,11160716,13123759
Jusuf Nurkic,2018,11111111,13065429
Iman Shumpert,2018,11011234,12947984
Moe Harkless,2018,10837079,12743197
Tony Snell,2018,10607143,12472818
Dante Exum,2018,10600000,12464419
Meyers Leonard,2018,10595506,12459135
John Henson,2018,10577466,12437922
Bojan Bogdanovic,2018,10500000,12346830
Mirza Teletovic,2018,10500000,12346830
Terrence Ross,2018,10500000,12346830
Robert Covington,2018,10464092,12304606
Rudy Gay,2018,10087200,11861423
Jon Leuer,2018,10002681,11762038
Darren Collison,2018,10000000,11758886
Andre Roberson,2018,10000000,11758886
Danny Green,2018,10000000,11758886
Dwight Powell,2018,9631250,11325277
Matthew Dellavedova,2018,9607500,11297350
Jared Dudley,2018,9530000,11206218
Boban Marjanovic,2018,9490740,11160053
Josh Richardson,2018,9367200,11014783
Norman Powell,2018,9367200,11014783
Markieff Morris,2018,9173294,10786771
Rajon Rondo,2018,9000000,10582997
Bogdan Bogdanovic,2018,9000000,10582997
E'Twaun Moore,2018,8808685,10358032
Kosta Koufos,2018,8739500,10276678
Fred VanVleet,2018,8653847,10175960
Wayne Ellington,2018,8653076,10175052
Kyle Anderson,2018,8641000,10160853
Julius Randle,2018,8641000,10160853
Jerryd Bayless,2018,8575916,10084322
Cristiano Felicio,2018,8470980,9960929
Markelle Fultz,2018,8339880,9806770
Joe Harris,2018,8333333,9799071
CJ Miles,2018,8333333,9799071
Jerami Grant,2018,8333333,9799071
Shaun Livingston,2018,8307692,9768920
Deandre Ayton,2018,8175840,9613877
JaMychal Green,2018,8066667,9485502
Louis Williams,2018,8000000,9407109
Garrett Temple,2018,8000000,9407109
PJ Tucker,2018,7959537,9359529
Cory Joseph,2018,7945000,9342435
Karl-Anthony Towns,2018,7839435,9218302
Kyle Korver,2018,7560000,8889718
Darrell Arthur,2018,7464912,8777905
Lonzo Ball,2018,7461960,8774433
Doug McDermott,2018,7333334,8623184
Marvin Bagley,2018,7314960,8601578
Jae Crowder,2018,7305825,8590836
DJ Augustin,2018,7250000,8525192
Lance Thomas,2018,7119650,8371915
D'Angelo Russell,2018,7019698,8254383
Jeremy Lamb,2018,7000000,8231220
Langston Galloway,2018,7000000,8231220
Ersan Ilyasova,2018,7000000,8231220
Davis Bertans,2018,7000000,8231220
Al-Farouq Aminu,2018,6957105,8180780
Jayson Tatum,2018,6700800,7879394
Luka Doncic,2018,6569040,7724459
Mario Hezonja,2018,6500000,7643276
Nemanja Bjelica,2018,6500000,7643276
Ben Simmons,2018,6434520,7566278
Dewayne Dedmon,2018,6300000,7408098
Milos Teodosic,2018,6300000,7408098
Marco Belinelli,2018,6153846,7236237
Wesley Johnson,2018,6134000,7212900
Josh Jackson,2018,6041520,7104154
Ishmael Smith,2018,6000000,7055331
Montrezl Harrell,2018,6000000,7055331
Jonathon Simmons,2018,6000000,7055331
Jaren Jackson Jr,2018,5922720,6964459
Brandon Ingram,2018,5757120,6769731
Anthony Tolliver,2018,5750000,6761359
Kristaps Porzingis,2018,5697054,6699101
Deron Williams,2018,5474787,6437739
De'Aaron Fox,2018,5470920,6433192
Ben McLemore,2018,5460000,6420351
Patrick Patterson,2018,5451600,6410474
Jason Smith,2018,5450000,6408593
Marcus Morris,2018,5375000,6320401
Trae Young,2018,5363280,6306619
DeMarcus Cousins,2018,5337000,6275717
Josh Smith,2018,5331729,6269519
Alexis Ajinca,2018,5285394,6215034
Thabo Sefolosha,2018,5250000,6173415
Aron Baynes,2018,5193600,6107095
Jaylen Brown,2018,5169960,6079297
Patrick Beverley,2018,5027028,5911225
Tony Parker,2018,5000000,5879443
Dirk Nowitzki,2018,5000000,5879443
Mike Muscala,2018,5000000,5879443
Jonathan Isaac,2018,4969080,5843084
Mo Bamba,2018,4871280,5728082
Jamal Crawford,2018,4698113,5524457
Ron Baker,2018,4697823,5524115
Willie Cauley-Stein,2018,4696874,5523000
Dragan Bender,2018,4661280,5481146
Lauri Markkanen,2018,4536120,5333971
Justin Holiday,2018,4500000,5291498
Ed Davis,2018,4449000,5231528
Kyle O'Quinn,2018,4449000,5231528
Lance Stephenson,2018,4449000,5231528
Wendell Carter,2018,4446840,5228988
Alex Len,2018,4350000,5115115
Luc Mbah a Moute,2018,4320500,5080426
Mike Scott,2018,4320500,5080426
Emmanuel Mudiay,2018,4294479,5049829
Kris Dunn,2018,4221000,4963425
Frank Ntilikina,2018,4155720,4886663
Glenn Robinson III,2018,4075000,4791746
Collin Sexton,2018,4073760,4790288
Al Jefferson,2018,4000000,4703554
Stanley Johnson,2018,3940401,4633472
Buddy Hield,2018,3833760,4508074
Dennis Smith,2018,3819960,4491847
Jodie Meeks,2018,3774176,4438010
Kevin Knox,2018,3744840,4403514
Jose Juan Barea,2018,3710850,4363546
Alex Abrines,2018,3667645,4312742
Nenê,2018,3651480,4293733
Zach Collins,2018,3628920,4267205
Frank Kaminsky,2018,3627842,4265938
Mikal Bridges,2018,3557400,4183106
Michael Beasley,2018,3500000,4115610
Jamal Murray,2018,3499800,4115375
Rodney Hood,2018,3472887,4083728
Justise Winslow,2018,3448926,4055552
Malik Monk,2018,3447480,4053852
Cameron Payne,2018,3440356,4045475
Brook Lopez,2018,3382000,3976855
Allonzo Trier,2018,3382000,3976855
Shai Gilgeous-Alexander,2018,3375360,3969047
Trey Lyles,2018,3364249,3955982
Ekpe Udoh,2018,3360000,3950985
Devin Booker,2018,3314365,3897324
Myles Turner,2018,3294994,3874545
Luke Kennard,2018,3275280,3851364
Troy Daniels,2018,3258539,3831678
Kelly Oubre,2018,3208630,3772991
Miles Bridges,2018,3206640,3770651
Marquese Chriss,2018,3206160,3770087
Tomas Satoransky,2018,3129187,3679575
Bryn Forbes,2018,3125000,3674651
Donovan Mitchell,2018,3111480,3658753
Terry Rozier,2018,3050389,3586917
Jerome Robinson,2018,3050160,3586648
Elfrid Payton,2018,3000000,3527665
Yogi Ferrell,2018,3000000,3527665
Bam Adebayo,2018,2955840,3475738
Jakob Poeltl,2018,2947320,3465720
Michael Porter,2018,2894160,3403209
Andrew Nicholson,2018,2844429,3344731
Justin Jackson,2018,2807880,3301754
Thon Maker,2018,2799720,3292158
Seth Curry,2018,2795000,3286608
Cedi Osman,2018,2775000,3263090
Sam Dekker,2018,2760094,3245563
Troy Brown,2018,2752680,3236845
Guerschon Yabusele,2018,2667600,3136800
Justin Patton,2018,2667600,3136800
Domantas Sabonis,2018,2659800,3127628
Jerian Grant,2018,2639313,3103538
Zhaire Smith,2018,2615160,3075136
Corey Brewer,2018,2559925,3010185
Delon Wright,2018,2536898,2983109
DJ Wilson,2018,2534280,2980031
Taurean Prince,2018,2526840,2971282
Dario Saric,2018,2526840,2971282
Justin Anderson,2018,2516047,2958591
Shelvin Mack,2018,2512601,2954538
Reggie Bullock,2018,2500000,2939721
Manu Ginobili,2018,2500000,2939721
Bobby Portis,2018,2494346,2933073
Dante Cunningham,2018,2487000,2924435
Donte DiVincenzo,2018,2484360,2921330
Rondae Hollis-Jefferson,2018,2470356,2904863
Tyus Jones,2018,2444052,2873932
Jarell Martin,2018,2416221,2841206
Greg Monroe,2018,2410167,2834086
TJ Leaf,2018,2407560,2831022
Georgios Papagiannis,2018,2400480,2822697
Vince Carter,2018,2393887,2814944
Carmelo Anthony,2018,2393887,2814944
Channing Frye,2018,2393887,2814944
Devin Harris,2018,2393887,2814944
Jose Calderon,2018,2393887,2814944
Zaza Pachulia,2018,2393887,2814944
JaVale McGee,2018,2393887,2814944
Udonis Haslem,2018,2393887,2814944
Dwyane Wade,2018,2393887,2814944
Raymond Felton,2018,2393887,2814944
Amir Johnson,2018,2393887,2814944
Jeff Green,2018,2393887,2814944
Lonnie Walker,2018,2360160,2775285
John Collins,2018,2299080,2703462
Denzel Valentine,2018,2280600,2681731
Larry Nance Jr,2018,2272390,2672077
Kevin Huerter,2018,2250960,2646878
Monta Ellis,2018,2245400,2640340
Harry Giles,2018,2207040,2595233
Darius Miller,2018,2205000,2592834
Henry Ellenson,2018,2199311,2586144
Omri Casspi,2018,2176260,2559039
Derrick Rose,2018,2176260,2559039
Juan Hernangomez,2018,2166360,2547398
Jonas Jerebko,2018,2165481,2546364
Quincy Pondexter,2018,2165481,2546364
Josh Okogie,2018,2163600,2544152
Nik Stauskas,2018,2161886,2542136
Terrance Ferguson,2018,2118840,2491519
Raul Neto,2018,2100000,2469366
Salah Mejri,2018,2098196,2467244
Grayson Allen,2018,2076960,2442273
Jarrett Allen,2018,2034120,2391898
Isaiah Thomas,2018,2029463,2386422
Spencer Hawes,2018,2007058,2360076
Torrey Craig,2018,2000000,2351777
Cole Aldrich,2018,2000000,2351777
Chandler Hutchison,2018,1991520,2341805
Ante Zizic,2018,1952760,2296228
OG Anunoby,2018,1952760,2296228
Shabazz Napier,2018,1942422,2284071
Aaron Holiday,2018,1914480,2251215
Timothe Luwawu,2018,1880268,2210985
Tyler Lydon,2018,1874640,2204367
Anfernee Simons,2018,1837800,2161048
Tim Frazier,2018,1832107,2154353
Trey Burke,2018,1795015,2110737
Malik Beasley,2018,1773840,2085838
Moritz Wagner,2018,1764240,2074549
Ian Clark,2018,1757429,2066540
Nerlens Noel,2018,1757429,2066540
Deyonta Davis,2018,1741503,2047813
Furkan Korkmaz,2018,1740000,2046046
Caleb Swanigan,2018,1740000,2046046
Landry Shamet,2018,1705920,2005971
Caris LeVert,2018,1702800,2002303
Rodions Kurucs,2018,1690000,1987251
Jonah Bolden,2018,1690000,1987251
Kyle Kuzma,2018,1689840,1987063
Tony Bradley,2018,1679520,1974928
Derrick White,2018,1667160,1960394
Kyle Singler,2018,1665333,1958246
Robert Williams,2018,1656600,1947977
Spencer Dinwiddie,2018,1656092,1947379
MarShon Brooks,2018,1656092,1947379
Josh Hart,2018,1655160,1946283
Jacob Evans,2018,1646400,1935983
Pat Connaughton,2018,1641000,1929633
DeAndre Bembry,2018,1634640,1922154
Dzanan Musa,2018,1634400,1921872
Omari Spellman,2018,1622520,1907902
Noah Vonleh,2018,1621415,1906603
James Ennis,2018,1621415,1906603
Luke Kornet,2018,1619260,1904069
TJ McConnell,2018,1600520,1882033
Richaun Holmes,2018,1600520,1882033
Malachi Richardson,2018,1569360,1845392
Kevon Looney,2018,1567007,1842625
Jahlil Okafor,2018,1567007,1842625
Wayne Selden,2018,1544951,1816690
Dorian Finney-Smith,2018,1544951,1816690
Damian Jones,2018,1544951,1816690
Quinn Cook,2018,1544951,1816690
Wade Baldwin,2018,1544951,1816690
Ivica Zubac,2018,1544951,1816690
Rodney McGruder,2018,1544951,1816690
Malcolm Brogdon,2018,1544951,1816690
Cheick Diallo,2018,1544951,1816690
Jake Layman,2018,1544951,1816690
Skal Labissiere,2018,1544951,1816690
Dejounte Murray,2018,1544951,1816690
Pascal Siakam,2018,1544951,1816690
Treveon Graham,2018,1512601,1778650
David Nwaba,2018,1512601,1778650
Gerald Green,2018,1512601,1778650
Derrick Jones,2018,1512601,1778650
Christian Wood,2018,1512601,1778650
Georges Niang,2018,1512601,1778650
Willy Hernangomez,2018,1496500,1759717
Sviatoslav Mykhailiuk,2018,1487694,1749362
Mitchell Robinson,2018,1485440,1746712
Michael Carter-Williams,2018,1468082,1726300
Jawun Evans,2018,1455492,1711496
Semi Ojeleye,2018,1378242,1620659
Daniel Theis,2018,1378242,1620659
Dwayne Bacon,2018,1378242,1620659
Maxi Kleber,2018,1378242,1620659
Jordan Bell,2018,1378242,1620659
Zhou Qi,2018,1378242,1620659
Sindarius Thornwell,2018,1378242,1620659
Rade Zagorac,2018,1378242,1620659
Dillon Brooks,2018,1378242,1620659
Ivan Rabb,2018,1378242,1620659
Tyler Dorsey,2018,1378242,1620659
Sterling Brown,2018,1378242,1620659
Frank Jackson,2018,1378242,1620659
Damyean Dotson,2018,1378242,1620659
Abdel Nader,2018,1378242,1620659
Wesley Iwundu,2018,1378242,1620659
Khem Birch,2018,1378242,1620659
Frank Mason,2018,1378242,1620659
Royce O'Neale,2018,1378242,1620659
Thomas Bryant,2018,1378242,1620659
Daniel Hamilton,2018,1349383,1586724
Jabari Bird,2018,1349383,1586724
Antonio Blakeney,2018,1349383,1586724
Ryan Arcidiacono,2018,1349383,1586724
Monte Morris,2018,1349383,1586724
Alfonzo McKinnie,2018,1349383,1586724
Ike Anigbogu,2018,1349383,1586724
Tyrone Wallace,2018,1349383,1586724
Shaquille Harrison,2018,1325531,1558676
Elie Okobo,2018,1238464,1456295
Jalen Brunson,2018,1230000,1446343
Melvin Frazier,2018,1050000,1234683
Raymond Spalding,2018,1023210,1203180
Isaac Bonga,2018,1000000,1175888
Justin Hamilton,2018,1000000,1175888
Devonte Graham,2018,988464,1162323
Chasson Randle,2018,975824,1147460
Patrick McCaw,2018,964104,1133678
De'Anthony Melton,2018,949000,1115918
Jason Thompson,2018,893333,1050460
Brad Wanamaker,2018,838464,985940
Ryan Broekhoff,2018,838464,985940
Jarred Vanderbilt,2018,838464,985940
Bruce Brown,2018,838464,985940
Khyri Thomas,2018,838464,985940
Isaiah Hartenstein,2018,838464,985940
Alize Johnson,2018,838464,985940
Jevon Carter,2018,838464,985940
Keita Bates-Diop,2018,838464,985940
Kenrich Williams,2018,838464,985940
Hamidou Diallo,2018,838464,985940
Isaiah Briscoe,2018,838464,985940
Gary Trent Jr,2018,838464,985940
Chimezie Metu,2018,838464,985940
Lorenzo Brown,2018,800000,940710
Davon Reed,2018,752250,884561
Isaiah Canaan,2018,744671,875648
Isaiah Whitehead,2018,726390,854153
Bruno Caboclo,2018,705361,829425
Gary Clark,2018,674122,792692
James Nunnally,2018,663255,779913
Kalin Lucas,2018,648008,761985
John Jenkins,2018,585809,688845
Deonte Burton,2018,500000,587944
Andrew Bogut,2018,486892,572530
Dakari Johnson,2018,459414,540219
Chris Boucher,2018,457418,537872
Malcolm Miller,2018,457418,537872
Edmond Sumner,2018,449794,528907
Yante Maten,2018,385000,452717
Andrew Harrison,2018,354500,416851
Eric Moreland,2018,309859,364359
Nick Young,2018,284020,333975
Danuel House,2018,247827,291416
Okaro White,2018,247827,291416
Jaylen Adams,2018,236854,278513
Ben Moore,2018,222099,261163
Tyler Zeller,2018,213948,251578
Quincy Acy,2018,213948,251579
Terrence Jones,2018,198579,233506
Jimmer Fredette,2018,198579,233506
Dairis Bertans,2018,194220,228381
Walter Lemon Jr,2018,176250,207249
Demetrius Jackson,2018,170107,200026
BJ Johnson,2018,142111,167105
Chris Chiozza,2018,137374,161536
Johnathan Williams,2018,127250,149631
Cam Reynolds,2018,108953,128116
Donatas Motiejunas,2018,99289,116752
Emanuel Terry,2018,94740,111402
Justin Bibbs,2018,92159,108368
JaKarr Sampson,2018,85457,100487
Gary Payton II,2018,85457,100487
Alex Poythress,2018,77250,90837
PJ Dozier,2018,77250,90837
RJ Hunter,2018,77250,90837
Theo Pinson,2018,77250,90837
Alan Williams,2018,77250,90837
JP Macura,2018,77250,90837
Joe Chealey,2018,77250,90837
Rawle Alkins,2018,77250,90837
Tyler Ulis,2018,77250,90837
Brandon Sampson,2018,77250,90837
John Holland,2018,77250,90837
Billy Preston,2018,77250,90837
Jaron Blossomgame,2018,77250,90837
Jalen Jones,2018,77250,90837
Deng Adel,2018,77250,90837
Kostas Antetokounmpo,2018,77250,90837
Daryl Macon,2018,77250,90837
Thomas Welsh,2018,77250,90837
DeVaughn Akoon-Purcell,2018,77250,90837
Archie Goodwin,2018,77250,90837
Keenan Evans,2018,77250,90837
Zach Lofton,2018,77250,90837
Damion Lee,2018,77250,90837
Marcus Derrickson,2018,77250,90837
Vincent Edwards,2018,77250,90837
Trevon Duval,2018,77250,90837
Angel Delgado,2018,77250,90837
Johnathan Motley,2018,77250,90837
Alex Caruso,2018,77250,90837
Yuta Watanabe,2018,77250,90837
DJ Stephens,2018,77250,90837
Jarnell Stokes,2018,77250,90837
Julian Washburn,2018,77250,90837
Duncan Robinson,2018,77250,90837
Jaylen Morris,2018,77250,90837
Bonzie Colson,2018,77250,90837
Jared Terrell,2018,77250,90837
CJ Williams,2018,77250,90837
Trevon Bluiett,2018,77250,90837
Isaiah Hicks,2018,77250,90837
Kadeem Allen,2018,77250,90837
Tyler Davis,2018,77250,90837
Donte Grantham,2018,77250,90837
Troy Caupain,2018,77250,90837
Amile Jefferson,2018,77250,90837
Shake Milton,2018,77250,90837
Haywood Highsmith,2018,77250,90837
George King,2018,77250,90837
Troy Williams,2018,77250,90837
Drew Eubanks,2018,77250,90837
Jordan Loyd,2018,77250,90837
Naz Long,2018,77250,90837
Tyler Cavanaugh,2018,77250,90837
Devin Robinson,2018,77250,90837
Jordan McRae,2018,77250,90837
Jonathan Gibson,2018,76236,89645
Kobi Simmons,2018,76236,89645
Andre Ingram,2018,76236,89645
Scott Machado,2018,76236,89645
Charles Cooke,2018,76236,89645
Scotty Hopson,2018,76236,89645
Wenyen Gabriel,2018,75000,88191
Billy Garrett,2018,67370,79219
Brandon Goodwin,2018,56845,66843
Mitch Creek,2018,56845,66843
Jemerrio Jones,2018,52170,61346
Jordan Sibert,2018,47370,55701
Isaac Humphries,2018,47370,55701
Mitchell Creek,2018,47370,55701
Tahjere McCall,2018,47370,55701
Michael Frazier,2018,47370,55701
Stephan Hicks,2018,47370,55701
Dusty Hannahs,2018,47370,55701
Kendrick Nunn,2018,47370,55701
Richard Solomon,2018,47370,55701
Cody Demps,2018,47370,55701
Tarik Phillip,2018,47370,55701
Stephen Curry,2019,40231758,46540848
Russell Westbrook,2019,38506482,44545016
Chris Paul,2019,38506482,44545016
James Harden,2019,38199000,44189315
John Wall,2019,38199000,44189315
LeBron James,2019,37436858,43307655
Kevin Durant,2019,37199000,43032497
Blake Griffin,2019,34449964,39852360
Kyle Lowry,2019,33296296,38517776
Paul George,2019,33005556,38181442
Kemba Walker,2019,32742000,37876556
Klay Thompson,2019,32742000,37876556
Kawhi Leonard,2019,32742000,37876556
Jimmy Butler,2019,32742000,37876556
Tobias Harris,2019,32742000,37876556
Gordon Hayward,2019,32700690,37828768
Mike Conley,2019,32511623,37610051
Kyrie Irving,2019,31742000,36719737
Khris Middleton,2019,30603448,35402639
Paul Millsap,2019,30350000,35109446
Damian Lillard,2019,29802321,34475880
Kevin Love,2019,28942830,33481605
Nikola Vucevic,2019,28000000,32390922
Al Horford,2019,28000000,32390922
DeMar DeRozan,2019,27739975,32090120
CJ McCollum,2019,27556959,31878404
Nikola Jokic,2019,27504630,31817869
Andrew Wiggins,2019,27504630,31817869
Joel Embiid,2019,27504630,31817869
Kristaps Porzingis,2019,27285000,31563796
D'Angelo Russell,2019,27285000,31563796
Karl-Anthony Towns,2019,27285000,31563796
Devin Booker,2019,27285000,31563796
Otto Porter,2019,27250576,31523974
Anthony Davis,2019,27093019,31341709
Andre Drummond,2019,27093018,31341708
Hassan Whiteside,2019,27093018,31341708
Bradley Beal,2019,27093018,31341708
Jrue Holiday,2019,26131111,30228956
LaMarcus Aldridge,2019,26000000,30077284
Giannis Antetokounmpo,2019,25842697,29895313
Steven Adams,2019,25842697,29895313
Marc Gasol,2019,25595700,29609583
Nicolas Batum,2019,25565217,29574319
Rudy Gobert,2019,25258427,29219419
Chandler Parsons,2019,25102512,29039054
Harrison Barnes,2019,24147727,27934540
Serge Ibaka,2019,23271604,26921025
Danilo Gallinari,2019,22615559,26162100
Victor Oladipo,2019,21000000,24293191
Tim Hardaway Jr,2019,20025127,23165440
Malcolm Brogdon,2019,20000000,23136373
Terry Rozier,2019,19894737,23014602
Aaron Gordon,2019,19863636,22978624
Zach LaVine,2019,19500000,22557963
Kent Bazemore,2019,19269663,22291505
Goran Dragic,2019,19217900,22231625
Jeff Teague,2019,19000000,21979554
Evan Turner,2019,18606556,21524411
Tristan Thompson,2019,18539130,21446411
Draymond Green,2019,18539130,21446411
Gary Harris,2019,18189286,21041705
Myles Turner,2019,18000000,20822735
Julius Randle,2019,18000000,20822735
Derrick Favors,2019,17650000,20417849
Andre Iguodala,2019,17185185,19880142
Evan Fournier,2019,17150000,19839439
Bismack Biyombo,2019,17000000,19665917
Bojan Bogdanovic,2019,17000000,19665917
Clint Capela,2019,16896552,19546246
Gorgui Dieng,2019,16229213,18774256
Ricky Rubio,2019,16200000,18740462
Jonas Valanciunas,2019,16000000,18509098
Brandon Knight,2019,15643750,18096981
Eric Bledsoe,2019,15625000,18075291
Kelly Oubre,2019,15625000,18075291
Dennis Schroeder,2019,15500000,17930689
Ian Mahinmi,2019,15450051,17872907
James Johnson,2019,15349400,17756472
Marcus Morris,2019,15000000,17352279
Bobby Portis,2019,15000000,17352279
Danny Green,2019,14634147,16929054
Rudy Gay,2019,14500000,16773870
Cody Zeller,2019,14471910,16741375
Eric Gordon,2019,14057730,16262244
Mason Plumlee,2019,14041096,16243001
JJ Redick,2019,13486300,15601203
Jordan Clarkson,2019,13437500,15544750
Dewayne Dedmon,2019,13333334,15424249
Solomon Hill,2019,13290395,15374576
Justise Winslow,2019,13000000,15038642
Thaddeus Young,2019,12900000,14922960
Will Barton,2019,12776786,14780424
Courtney Lee,2019,12759670,14760624
Larry Nance Jr,2019,12727273,14723146
Patrick Mills,2019,12678571,14666807
Kelly Olynyk,2019,12667885,14654445
Marcus Smart,2019,12553571,14522205
Terrence Ross,2019,12500000,14460233
Patrick Beverley,2019,12345680,14281712
Trevor Ariza,2019,12200000,14113187
Brook Lopez,2019,12093024,13989435
Jusuf Nurkic,2019,12000000,13881823
Cory Joseph,2019,12000000,13881823
Joe Ingles,2019,11454546,13250832
Tony Snell,2019,11392857,13179469
Robert Covington,2019,11301219,13073460
Meyers Leonard,2019,11286515,13056451
TJ Warren,2019,11060000,12794414
Moe Harkless,2019,11011234,12738000
Andre Roberson,2019,10740740,12425088
Spencer Dinwiddie,2019,10605600,12268755
Jeremy Lamb,2019,10500000,12146595
Dwight Powell,2019,10259375,11868236
George Hill,2019,10133907,11723092
Josh Richardson,2019,10116576,11703043
Norman Powell,2019,10116576,11703043
Tyus Jones,2019,10116000,11702377
Tomas Satoransky,2019,10000000,11568186
DeAndre Jordan,2019,9881598,11431216
Zion Williamson,2019,9757440,11287588
Markelle Fultz,2019,9745200,11273429
John Henson,2019,9732396,11258617
Matthew Dellavedova,2019,9607500,11114135
Dante Exum,2019,9600000,11105459
Deandre Ayton,2019,9562920,11062564
Delon Wright,2019,9473684,10959334
Jerami Grant,2019,9346153,10811804
Fred VanVleet,2019,9346153,10811804
Al-Farouq Aminu,2019,9258000,10709827
Kyle Anderson,2019,9073050,10495873
Taj Gibson,2019,9000000,10411367
Ja Morant,2019,8730240,10099304
Lonzo Ball,2019,8719320,10086672
E'Twaun Moore,2019,8664928,10023750
Marvin Bagley,2019,8556120,9897879
Bogdan Bogdanovic,2019,8529386,9866952
PJ Tucker,2019,8349039,9658324
Cristiano Felicio,2019,8156500,9435591
Kentavious Caldwell-Pope,2019,8139282,9415673
Ben Simmons,2019,8113929,9386344
Maxi Kleber,2019,8000000,9254549
Louis Williams,2019,8000000,9254549
Elfrid Payton,2019,8000000,9254549
Wayne Ellington,2019,8000000,9254549
Thomas Bryant,2019,8000000,9254549
RJ Barrett,2019,7839960,9069411
Jayson Tatum,2019,7830000,9057890
Jae Crowder,2019,7815533,9041154
Luka Doncic,2019,7683360,8888254
Joe Harris,2019,7666667,8868943
Seth Curry,2019,7461380,8631463
DeMarre Carroll,2019,7339258,8490190
Langston Galloway,2019,7333333,8483336
Doug McDermott,2019,7333333,8483336
Derrick Rose,2019,7317074,8464527
Brandon Ingram,2019,7265485,8404848
Darius Miller,2019,7250000,8386935
DJ Augustin,2019,7250000,8386935
De'Andre Hunter,2019,7068360,8176810
Josh Jackson,2019,7059480,8166538
Ersan Ilyasova,2019,7000000,8097730
Davis Bertans,2019,7000000,8097730
Jaren Jackson Jr,2019,6927480,8013838
Nemanja Bjelica,2019,6825000,7895287
Jaylen Brown,2019,6534829,7559612
Jabari Parker,2019,6500000,7519321
Ivica Zubac,2019,6481482,7497899
Darius Garland,2019,6400920,7404703
De'Aaron Fox,2019,6392760,7395264
Trae Young,2019,6273000,7256723
Montrezl Harrell,2019,6000000,6940911
Ishmael Smith,2019,6000000,6940911
Marco Belinelli,2019,5846154,6762939
Jarrett Culver,2019,5813640,6725327
Jonathan Isaac,2019,5806440,6716998
Rodney Hood,2019,5718000,6614689
Mo Bamba,2019,5697600,6591089
Trey Lyles,2019,5500000,6362502
Aron Baynes,2019,5453280,6308456
Kris Dunn,2019,5348007,6186674
Coby White,2019,5307120,6139375
Lauri Markkanen,2019,5300400,6131601
Wendell Carter,2019,5201400,6017076
Daniel Theis,2019,5000000,5784093
Luol Deng,2019,5000000,5784093
Jaxson Hayes,2019,4862040,5624498
Buddy Hield,2019,4861207,5623534
Frank Ntilikina,2019,4855800,5617280
Rodney McGruder,2019,4807693,5561628
Enes Kanter,2019,4767000,5514554
Garrett Temple,2019,4767000,5514554
Justin Holiday,2019,4767000,5514554
JaMychal Green,2019,4767000,5514554
Avery Bradley,2019,4767000,5514554
Robin Lopez,2019,4767000,5514554
Mike Scott,2019,4767000,5514554
Frank Kaminsky,2019,4767000,5514554
Richaun Holmes,2019,4767000,5514554
Ed Davis,2019,4767000,5514554
Collin Sexton,2019,4764960,5512194
Rui Hachimura,2019,4469160,5170007
Kevon Looney,2019,4464286,5164369
Dennis Smith,2019,4463640,5163622
Jamal Murray,2019,4444746,5141765
Kevin Knox,2019,4380120,5067004
Cam Reddish,2019,4245720,4911528
Zach Collins,2019,4240200,4905142
Mikal Bridges,2019,4161000,4813522
Alex Len,2019,4160000,4812365
Nicolo Melli,2019,4102564,4745922
Cameron Johnson,2019,4033440,4665958
Malik Monk,2019,4028400,4660128
Dorian Finney-Smith,2019,4000000,4627274
JaVale McGee,2019,4000000,4627274
Reggie Bullock,2019,4000000,4627274
Patrick McCaw,2019,4000000,4627274
Shai Gilgeous-Alexander,2019,3952920,4572811
PJ Washington,2019,3831840,4432743
Luke Kennard,2019,3827160,4427330
Miles Bridges,2019,3755400,4344316
Jakob Poeltl,2019,3754885,4343721
Tyler Herro,2019,3640200,4211051
Donovan Mitchell,2019,3635760,4205914
Stanley Johnson,2019,3623000,4191153
Jake Layman,2019,3581986,4143708
Thon Maker,2019,3569643,4129429
Jerome Robinson,2019,3567720,4127205
Danuel House,2019,3540000,4095138
Domantas Sabonis,2019,3529554,4083053
Boban Marjanovic,2019,3500000,4048865
TJ McConnell,2019,3500000,4048865
DeMarcus Cousins,2019,3500000,4048865
Taurean Prince,2019,3481985,4028025
Dario Saric,2019,3481985,4028025
Romeo Langford,2019,3458400,4000741
Bam Adebayo,2019,3454080,3995744
Michael Porter,2019,3389400,3920921
Denzel Valentine,2019,3377568,3907233
Juan Hernangomez,2019,3321029,3841828
Sekou Doumbouya,2019,3285120,3800288
Justin Jackson,2019,3280920,3795429
Troy Brown,2019,3219480,3724354
Yogi Ferrell,2019,3150000,3643978
Zhaire Smith,2019,3058800,3538476
Ryan Arcidiacono,2019,3000000,3470455
Quinn Cook,2019,3000000,3470455
Khem Birch,2019,3000000,3470455
Nickeil Alexander-Walker,2019,2964840,3429782
DJ Wilson,2019,2961120,3425478
Cedi Osman,2019,2907143,3363037
Donte DiVincenzo,2019,2905800,3361483
Bryn Forbes,2019,2875000,3325853
Goga Bitadze,2019,2816760,3258480
TJ Leaf,2019,2813280,3254454
Lonnie Walker,2019,2764200,3197678
Alex Caruso,2019,2750000,3181251
Malik Beasley,2019,2731713,3160096
Luka Samanic,2019,2689920,3111749
John Collins,2019,2686560,3107862
Kevin Huerter,2019,2636280,3049697
Caris LeVert,2019,2625717,3037478
Marko Guduric,2019,2625000,3036648
DeAndre Bembry,2019,2603981,3012333
Matisse Thybulle,2019,2582160,2987090
Harry Giles,2019,2578800,2983203
Vince Carter,2019,2564753,2966954
Wilson Chandler,2019,2564753,2966954
Jose Juan Barea,2019,2564753,2966954
Thabo Sefolosha,2019,2564753,2966954
Tyson Chandler,2019,2564753,2966954
Dwight Howard,2019,2564753,2966954
Rajon Rondo,2019,2564753,2966954
Jared Dudley,2019,2564753,2966954
Udonis Haslem,2019,2564753,2966954
Kyle Korver,2019,2564753,2966954
Wesley Matthews,2019,2564753,2966954
Josh Okogie,2019,2530680,2927537
Vincent Poirier,2019,2505793,2898748
Rondae Hollis-Jefferson,2019,2500000,2892046
Brandon Clarke,2019,2478840,2867568
Terrance Ferguson,2019,2475840,2864097
Grayson Allen,2019,2429400,2810375
Alfonzo McKinnie,2019,2391985,2767092
Grant Williams,2019,2379840,2753043
Jarrett Allen,2019,2376840,2749572
Pascal Siakam,2019,2351838,2720650
Skal Labissiere,2019,2338846,2705620
Chandler Hutchison,2019,2332320,2698071
Patrick Patterson,2019,2331593,2697230
Dejounte Murray,2019,2321735,2685826
Alec Burks,2019,2320044,2683870
Damian Jones,2019,2305057,2666532
Darius Bazley,2019,2284800,2643099
Ante Zizic,2019,2281800,2639628
OG Anunoby,2019,2281800,2639628
Markieff Morris,2019,2259887,2614279
Luke Kornet,2019,2250000,2602841
Aaron Holiday,2019,2239200,2590348
Ty Jerome,2019,2193480,2537458
Willie Cauley-Stein,2019,2177483,2518952
Kyle O'Quinn,2019,2174318,2515291
Austin Rivers,2019,2174310,2515282
Carmelo Anthony,2019,2159029,2497605
Anfernee Simons,2019,2149560,2486651
Nassir Little,2019,2105520,2435704
Moritz Wagner,2019,2063520,2387118
Dylan Windler,2019,2035800,2355051
Caleb Swanigan,2019,2033160,2351997
Ben McLemore,2019,2028594,2346715
Mike Muscala,2019,2028594,2346715
Michael Carter-Williams,2019,2028594,2346715
Noah Vonleh,2019,2000000,2313637
Torrey Craig,2019,2000000,2313637
Edmond Sumner,2019,2000000,2313637
Landry Shamet,2019,1995120,2307992
Mfiondu Kabengele,2019,1977000,2287030
Kyle Kuzma,2019,1974600,2284254
Jordan Poole,2019,1964760,2272871
Tony Bradley,2019,1962360,2270094
Keldon Johnson,2019,1950600,2256490
Derrick White,2019,1948080,2253575
Robert Williams,2019,1937520,2241359
Josh Hart,2019,1934160,2237472
Jacob Evans,2019,1925880,2227893
Dzanan Musa,2019,1911600,2211374
Omari Spellman,2019,1897800,2195410
Nerlens Noel,2019,1882867,2178135
James Ennis,2019,1882867,2178135
Glenn Robinson III,2019,1882867,2178135
Bruno Caboclo,2019,1845301,2134678
Shabazz Napier,2019,1845301,2134678
JR Smith,2019,1746470,2020348
JaKarr Sampson,2019,1737145,2009561
Raul Neto,2019,1737145,2009561
Mario Hezonja,2019,1737145,2009561
Emmanuel Mudiay,2019,1737145,2009561
Pat Connaughton,2019,1723050,1993256
Jahlil Okafor,2019,1702486,1969467
Rodions Kurucs,2019,1699236,1965707
Cheick Diallo,2019,1678854,1942129
Willy Hernangomez,2019,1676735,1939678
Treveon Graham,2019,1645357,1903379
Christian Wood,2019,1645357,1903379
Derrick Jones,2019,1645357,1903379
Georges Niang,2019,1645357,1903379
Shaquille Harrison,2019,1620564,1874698
Furkan Korkmaz,2019,1620564,1874698
Semi Ojeleye,2019,1618520,1872334
Dwayne Bacon,2019,1618520,1872334
Dillon Brooks,2019,1618520,1872334
Sterling Brown,2019,1618520,1872334
Frank Jackson,2019,1618520,1872334
Damyean Dotson,2019,1618520,1872334
Abdel Nader,2019,1618520,1872334
Wesley Iwundu,2019,1618520,1872334
Royce O'Neale,2019,1618520,1872334
Monte Morris,2019,1588231,1837295
Malcolm Miller,2019,1588231,1837295
Chris Boucher,2019,1588231,1837295
Mitchell Robinson,2019,1559712,1804303
Isaiah Roby,2019,1500000,1735227
Nigel Williams-Goss,2019,1500000,1735227
Brad Wanamaker,2019,1445697,1672409
Thanasis Antetokounmpo,2019,1445697,1672409
Theo Pinson,2019,1445697,1672409
Shake Milton,2019,1445697,1672409
Wenyen Gabriel,2019,1445697,1672409
Devonte Graham,2019,1416852,1639040
Jalen Brunson,2019,1416852,1639040
Keita Bates-Diop,2019,1416852,1639040
Sviatoslav Mykhailiuk,2019,1416852,1639040
Khyri Thomas,2019,1416852,1639040
Bruce Brown,2019,1416852,1639040
Alize Johnson,2019,1416852,1639040
De'Anthony Melton,2019,1416852,1639040
Kendrick Nunn,2019,1416852,1639040
Duncan Robinson,2019,1416852,1639040
Jarred Vanderbilt,2019,1416852,1639040
Kenrich Williams,2019,1416852,1639040
Hamidou Diallo,2019,1416852,1639040
Deonte Burton,2019,1416852,1639040
Melvin Frazier,2019,1416852,1639040
Ryan Broekhoff,2019,1416852,1639040
Jevon Carter,2019,1416852,1639040
Elie Okobo,2019,1416852,1639040
Gary Trent Jr,2019,1416852,1639040
Chimezie Metu,2019,1416852,1639040
Isaac Bonga,2019,1416852,1639040
Bruno Fernando,2019,1400000,1619546
Jaylen Nowell,2019,1400000,1619546
Kevin Porter,2019,1290960,1493406
Jordan McRae,2019,1254933,1451729
Carsen Edwards,2019,1228026,1420603
Cody Martin,2019,1173310,1357306
Gary Payton II,2019,1052909,1218024
Terance Mann,2019,1000000,1156818
Admiral Schofield,2019,1000000,1156818
David Nwaba,2019,903111,1044735
Javonte Green,2019,898310,1039181
Nicolas Claxton,2019,898310,1039181
Jalen McDaniels,2019,898310,1039181
Caleb Martin,2019,898310,1039181
Daniel Gafford,2019,898310,1039181
Vlatko Cancar,2019,898310,1039181
Alen Smailagic,2019,898310,1039181
Eric Paschall,2019,898310,1039181
Talen Horton-Tucker,2019,898310,1039181
KZ Okpala,2019,898310,1039181
Naz Reid,2019,898310,1039181
Ignas Brazdeikis,2019,898310,1039181
Jalen Lecque,2019,898310,1039181
DaQuan Jeffries,2019,898310,1039181
Justin James,2019,898310,1039181
Matt Thomas,2019,898310,1039181
Terence Davis,2019,898310,1039181
Dewan Hernandez,2019,898310,1039181
Miye Oni,2019,898310,1039181
Damion Lee,2019,842327,974419
Jeff Green,2019,840427,972221
Timothe Luwawu,2019,837583,968931
Juwan Morgan,2019,746054,863049
Gary Clark,2019,718765,831480
Marvin Williams,2019,604278,699040
Michael Kidd-Gilchrist,2019,595122,688448
Rayjon Tucker,2019,578573,669304
Chris Clemons,2019,563346,651689
Brandon Goodwin,2019,522738,604713
Reggie Jackson,2019,512721,593125
Justin Patton,2019,483115,558876
Anzejs Pasecniks,2019,482144,557753
Chris Silva,2019,466918,540139
Troy Daniels,2019,458439,530330
Anthony Tolliver,2019,434704,502873
Joakim Noah,2019,381360,441164
Dion Waiters,2019,375385,434252
Dean Wade,2019,375000,433806
Ky Bowman,2019,350189,405105
Juan Toscano-Anderson,2019,350189,405105
Norvel Pelle,2019,350189,405105
Jamal Crawford,2019,289803,335249
Jordan Bell,2019,250000,289204
Tyler Zeller,2019,245686,284214
Trey Burke,2019,229220,265165
Jontay Porter,2019,197933,228972
Cameron Payne,2019,196288,227069
Jerian Grant,2019,196288,227069
Dragan Bender,2019,189700,219448
Mychal Mulder,2019,187782,217229
Tyler Johnson,2019,183115,211830
PJ Dozier,2019,183115,211830
Sindarius Thornwell,2019,183115,211830
Corey Brewer,2019,183115,211830
Joe Chealey,2019,163356,188973
Jaylen Adams,2019,163356,188973
Johnathan Williams,2019,161245,186531
Luguentz Dort,2019,155647,180055
Oshae Brissett,2019,129568,149886
JP Macura,2019,106181,122832
Donta Hall,2019,101504,117421
Sheldon Mac,2019,91557,105914
Chasson Randle,2019,91557,105914
Jonah Bolden,2019,89846,103935
Derrick Walton,2019,81678,94486
Charlie Brown,2019,79568,92045
Tacko Fall,2019,79568,92045
Tremont Waters,2019,79568,92045
Jeremiah Martin,2019,79568,92045
Chris Chiozza,2019,79568,92045
Raymond Spalding,2019,79568,92045
Kobi Simmons,2019,79568,92045
Max Strus,2019,79568,92045
Adam Mokoka,2019,79568,92045
Matt Mooney,2019,79568,92045
Josh Reaves,2019,79568,92045
Antonius Cleveland,2019,79568,92045
Bol Bol,2019,79568,92045
Tyler Cook,2019,79568,92045
Jordan Bone,2019,79568,92045
Louis King,2019,79568,92045
Michael Frazier,2019,79568,92045
William Howard,2019,79568,92045
Naz Long,2019,79568,92045
Brian Bowen,2019,79568,92045
Johnathan Motley,2019,79568,92045
Amir Coffey,2019,79568,92045
Devontae Cacok,2019,79568,92045
Kostas Antetokounmpo,2019,79568,92045
John Konchar,2019,79568,92045
Yuta Watanabe,2019,79568,92045
Kyle Alexander,2019,79568,92045
Gabe Vincent,2019,79568,92045
Cam Reynolds,2019,79568,92045
Frank Mason,2019,79568,92045
Kelan Martin,2019,79568,92045
Jordan McLaughlin,2019,79568,92045
Zylan Cheatham,2019,79568,92045
Josh Gray,2019,79568,92045
Kenny Wooten,2019,79568,92045
Jared Harper,2019,79568,92045
Kevin Hervey,2019,79568,92045
Vic Law,2019,79568,92045
BJ Johnson,2019,79568,92045
Marial Shayok,2019,79568,92045
Tariq Owens,2019,79568,92045
Moses Brown,2019,79568,92045
Jaylen Hoard,2019,79568,92045
Kyle Guy,2019,79568,92045
Drew Eubanks,2019,79568,92045
Quinndary Weatherspoon,2019,79568,92045
Paul Watson,2019,79568,92045
Jarrell Brantley,2019,79568,92045
Justin Wright-Foreman,2019,79568,92045
Garrison Mathews,2019,79568,92045
Malik Newman,2019,65978,76324
Stephen Curry,2020,43006362,49431367
Chris Paul,2020,41358814,47537680
Russell Westbrook,2020,41358814,47537680
James Harden,2020,41254920,47418265
John Wall,2020,41254920,47418265
Kevin Durant,2020,40108950,46101091
LeBron James,2020,39219566,45078836
Paul George,2020,35450412,40746583
Klay Thompson,2020,35361360,40644227
Mike Conley,2020,34502132,39656633
Kemba Walker,2020,34379100,39515221
Kawhi Leonard,2020,34379100,39515221
Jimmy Butler,2020,34379100,39515221
Tobias Harris,2020,34358850,39491945
Blake Griffin,2020,33900241,38964821
Kyrie Irving,2020,33722850,38760929
Khris Middleton,2020,33051724,37989539
Anthony Davis,2020,32742000,37633544
Damian Lillard,2020,31626953,36351912
Kevin Love,2020,31258256,35928133
Ben Simmons,2020,30559200,35124641
Pascal Siakam,2020,30559200,35124641
Kyle Lowry,2020,30500000,35056596
Steven Adams,2020,29592695,34013743
Nikola Jokic,2020,29542010,33955486
Andrew Wiggins,2020,29542010,33955486
Joel Embiid,2020,29542010,33955486
Kristaps Porzingis,2020,29467800,33870189
Karl-Anthony Towns,2020,29467800,33870189
Devin Booker,2020,29467800,33870189
CJ McCollum,2020,29354152,33739563
Andre Drummond,2020,28751774,33047190
Bradley Beal,2020,28751774,33047191
D'Angelo Russell,2020,28649250,32929351
Gordon Hayward,2020,28500000,32757803
Otto Porter,2020,28489239,32745434
DeMar DeRozan,2020,27739975,31884233
Giannis Antetokounmpo,2020,27528088,31640691
Rudy Gobert,2020,27525281,31637464
Al Horford,2020,27500000,31608407
Jamal Murray,2020,27285000,31361286
Brandon Ingram,2020,27285000,31361286
Jrue Holiday,2020,27026011,31063605
Nikola Vucevic,2020,26000000,29884312
Jaylen Brown,2020,25035118,28775279
Buddy Hield,2020,24931817,28656546
Draymond Green,2020,22246956,25570575
Harrison Barnes,2020,22215909,25534890
Fred VanVleet,2020,21250000,24424678
Victor Oladipo,2020,21000000,24137328
Malcolm Brogdon,2020,20700000,23792509
Julius Randle,2020,19845000,22809775
Domantas Sabonis,2020,19800000,22758053
Gary Harris,2020,19610714,22540488
Danilo Gallinari,2020,19500000,22413234
Zach LaVine,2020,19500000,22413234
Jerami Grant,2020,19050000,21896005
Tim Hardaway Jr,2020,18975000,21809800
Terry Rozier,2020,18900000,21723596
Aaron Gordon,2020,18136364,20845875
Clint Capela,2020,18000000,20689139
Bogdan Bogdanovic,2020,18000000,20689139
Myles Turner,2020,18000000,20689139
Goran Dragic,2020,18000000,20689139
Bojan Bogdanovic,2020,17850000,20516729
LaMarcus Aldridge,2020,17628340,20261954
Gorgui Dieng,2020,17587688,20215228
Evan Fournier,2020,17150000,19712152
Ricky Rubio,2020,17000000,19539742
Eric Bledsoe,2020,16875000,19396067
Eric Gordon,2020,16869267,19389478
Caris LeVert,2020,16203704,18624482
Joe Harris,2020,16071429,18472446
James Johnson,2020,16047100,18444482
Dennis Schroeder,2020,15500000,17815647
Cody Zeller,2020,15415730,17718787
Danny Green,2020,15365853,17661459
Jonas Valanciunas,2020,15000000,17240949
Andre Iguodala,2020,15000000,17240949
Davis Bertans,2020,15000000,17240949
Marcus Morris,2020,14883721,17107298
Rudy Gay,2020,14500000,16666250
Kelly Oubre,2020,14375000,16522576
Dejounte Murray,2020,14286000,16420280
Will Barton,2020,13723214,15773415
Thaddeus Young,2020,13545000,15568577
Patrick Mills,2020,13535714,15557903
Terrence Ross,2020,13500000,15516854
Malik Beasley,2020,13425895,15431678
Patrick Beverley,2020,13333333,15325287
Christian Wood,2020,13015874,14960401
JJ Redick,2020,13013700,14957902
Justise Winslow,2020,13000000,14942156
Marcus Smart,2020,12946428,14880580
Jusuf Nurkic,2020,12888889,14814445
Kelly Olynyk,2020,12819650,14734862
Trevor Ariza,2020,12800000,14712276
Brook Lopez,2020,12697675,14594664
Dion Waiters,2020,12650000,14539867
Cory Joseph,2020,12600000,14482397
Markelle Fultz,2020,12288697,14124586
Taurean Prince,2020,12250000,14080108
Tony Snell,2020,12178571,13998008
Robert Covington,2020,12138345,13951772
Kentavious Caldwell-Pope,2020,12073020,13876688
TJ Warren,2020,12000000,13792759
Larry Nance Jr,2020,11709091,13458389
Nicolas Batum,2020,11608231,13342461
Jordan Clarkson,2020,11500000,13218061
Spencer Dinwiddie,2020,11454048,13165244
Dillon Brooks,2020,11400000,13103121
Dwight Powell,2020,11080125,12735458
Lonzo Ball,2020,11003782,12647709
Josh Richardson,2020,10865952,12489288
Norman Powell,2020,10865952,12489288
Jeremy Lamb,2020,10500000,12068664
DeAndre Jordan,2020,10375678,11925769
Joe Ingles,2020,10363637,11911929
Zion Williamson,2020,10245480,11776120
Paul Millsap,2020,10100000,11608905
Rodney Hood,2020,10047450,11548505
Deandre Ayton,2020,10018200,11514885
Tomas Satoransky,2020,10000000,11493966
Jayson Tatum,2020,9897120,11375716
Anthony Edwards,2020,9757440,11215168
Al-Farouq Aminu,2020,9720900,11173169
Dante Exum,2020,9600000,11034207
George Hill,2020,9590602,11023405
De'Anthony Melton,2020,9571712,11001693
Kyle Anderson,2020,9505100,10925129
Meyers Leonard,2020,9400000,10804328
Tristan Thompson,2020,9258000,10641113
Serge Ibaka,2020,9258000,10641113
Montrezl Harrell,2020,9258000,10641113
Jae Crowder,2020,9258000,10641113
Derrick Jones,2020,9258000,10641113
Derrick Favors,2020,9258000,10641113
Dario Saric,2020,9250000,10631918
Ja Morant,2020,9166800,10536288
Delon Wright,2020,9000000,10344569
Marvin Bagley,2020,8963640,10302777
Cedi Osman,2020,8840580,10161332
Tyus Jones,2020,8817143,10134394
James Wiseman,2020,8730240,10034508
Royce O'Neale,2020,8500000,9769871
Maxi Kleber,2020,8475000,9741136
Thomas Bryant,2020,8333333,9578304
RJ Barrett,2020,8231760,9461557
Jakob Poeltl,2020,8101852,9312241
De'Aaron Fox,2020,8099627,9309683
Luka Doncic,2020,8049360,9251907
Louis Williams,2020,8000000,9195172
Mason Plumlee,2020,8000000,9195172
PJ Tucker,2020,7969537,9160158
LaMelo Ball,2020,7839960,9011223
Seth Curry,2020,7834449,9004889
Derrick Rose,2020,7682926,8830729
Cristiano Felicio,2020,7529020,8653830
Rajon Rondo,2020,7500000,8620474
De'Andre Hunter,2020,7422000,8530821
Jonathan Isaac,2020,7362565,8462507
Doug McDermott,2020,7333333,8428908
Robin Lopez,2020,7300000,8390595
Jaren Jackson Jr,2020,7257360,8341585
JaMychal Green,2020,7199760,8275379
Nemanja Bjelica,2020,7150000,8218185
Patrick Williams,2020,7068360,8124349
Ivica Zubac,2020,7000000,8045776
Darius Miller,2020,7000000,8045776
Aron Baynes,2020,7000000,8045776
Jabari Parker,2020,6930729,7966156
Lauri Markkanen,2020,6731508,7737172
Darius Garland,2020,6720720,7724772
DJ Augustin,2020,6666667,7662644
Trae Young,2020,6571800,7553604
Chris Boucher,2020,6500000,7471078
Juan Hernangomez,2020,6493000,7463032
Joakim Noah,2020,6431666,7392535
Isaac Okoro,2020,6400920,7357195
Frank Ntilikina,2020,6176578,7099337
DeMarre Carroll,2020,6119676,7033934
Jarrett Culver,2020,6104280,7016238
Alec Burks,2020,6000000,6896379
Ishmael Smith,2020,6000000,6896379
Mo Bamba,2020,5969040,6860794
Onyeka Okongwu,2020,5813640,6682178
Justin Holiday,2020,5720400,6575008
Dennis Smith,2020,5686677,6536247
Avery Bradley,2020,5635000,6476849
Timofey Mozgov,2020,5573333,6405970
Coby White,2020,5572680,6405219
Trey Lyles,2020,5500000,6321681
Wendell Carter,2020,5448840,6262878
Zach Collins,2020,5406255,6213931
Malik Monk,2020,5345687,6144314
Killian Hayes,2020,5307120,6099985
Luke Kennard,2020,5273826,6061717
Ryan Anderson,2020,5214583,5993624
Donovan Mitchell,2020,5195501,5971691
Rodney McGruder,2020,5192307,5968020
Bam Adebayo,2020,5115492,5879729
Justin Jackson,2020,5109637,5872998
Jaxson Hayes,2020,5105160,5867853
Ed Davis,2020,5005350,5753132
Mike Scott,2020,5005350,5753132
Enes Kanter,2020,5005350,5753132
Richaun Holmes,2020,5005350,5753132
Daniel Theis,2020,5000000,5746983
Luol Deng,2020,5000000,5746983
Nerlens Noel,2020,5000000,5746983
Collin Sexton,2020,4991880,5737649
Pat Connaughton,2020,4938273,5676034
Obi Toppin,2020,4862040,5588412
Kevon Looney,2020,4821429,5541734
Kris Dunn,2020,4767000,5479173
Garrett Temple,2020,4767000,5479173
Josh Jackson,2020,4767000,5479173
Elfrid Payton,2020,4767000,5479173
Rui Hachimura,2020,4692840,5393934
Denzel Valentine,2020,4642800,5336418
Kevin Knox,2020,4588680,5274213
DJ Wilson,2020,4548280,5227777
Deni Avdija,2020,4469160,5136837
Cam Reddish,2020,4458000,5124010
TJ Leaf,2020,4431423,5093462
Mikal Bridges,2020,4359000,5010219
Jalen Smith,2020,4245720,4880016
Cameron Johnson,2020,4235160,4867878
JaVale McGee,2020,4200000,4827465
Reggie Bullock,2020,4200000,4827465
Shai Gilgeous-Alexander,2020,4141320,4760019
John Collins,2020,4137302,4755400
Willie Cauley-Stein,2020,4100000,4712526
Devin Vassell,2020,4033440,4636022
PJ Washington,2020,4023600,4624712
Dorian Finney-Smith,2020,4000000,4597586
Patrick McCaw,2020,4000000,4597586
Alex Len,2020,3970648,4563848
Terrance Ferguson,2020,3944013,4533235
Miles Bridges,2020,3934320,4522094
Austin Rivers,2020,3929049,4516035
Jevon Carter,2020,3925000,4511381
Jarrett Allen,2020,3909902,4494028
Nicolo Melli,2020,3897436,4479699
OG Anunoby,2020,3872215,4450710
Gabriel Deck,2020,3870370,4448590
Tyrese Haliburton,2020,3831840,4404303
Tyler Herro,2020,3822240,4393269
Patrick Patterson,2020,3814771,4384684
Stanley Johnson,2020,3804150,4372477
Jake Layman,2020,3761085,4322978
Jerome Robinson,2020,3737520,4295892
Danuel House,2020,3717000,4272307
Kira Lewis,2020,3640200,4184033
Romeo Langford,2020,3631200,4173689
Wesley Matthews,2020,3623000,4164263
Bobby Portis,2020,3623000,4164263
Moe Harkless,2020,3623000,4164263
Wayne Ellington,2020,3564753,4097314
Kyle Kuzma,2020,3562178,4094355
Michael Porter,2020,3550800,4081277
Tony Bradley,2020,3542060,4071231
Derrick White,2020,3516284,4041604
Bismack Biyombo,2020,3500000,4022888
Boban Marjanovic,2020,3500000,4022888
TJ McConnell,2020,3500000,4022888
Luca Vildoza,2020,3500000,4022888
Josh Hart,2020,3491159,4012726
Aaron Nesmith,2020,3458400,3975073
Sekou Doumbouya,2020,3449400,3964728
Dewayne Dedmon,2020,3447478,3962519
Troy Brown,2020,3372840,3876730
Jeff Teague,2020,3372826,3876714
Michael Carter-Williams,2020,3300000,3793008
James Ennis,2020,3300000,3793008
Cole Anthony,2020,3285120,3775905
Taj Gibson,2020,3283684,3774255
Facundo Campazzo,2020,3200000,3678069
Jon Leuer,2020,3169348,3642837
Isaiah Stewart,2020,3121080,3587358
Chuma Okeke,2020,3121080,3587358
Nickeil Alexander-Walker,2020,3113160,3578255
DeMarcus Cousins,2020,3051832,3507765
Donte DiVincenzo,2020,3044160,3498947
Khem Birch,2020,3011499,3461406
Ryan Arcidiacono,2020,3000000,3448189
Trey Burke,2020,3000000,3448189
Aleksej Pokusevski,2020,2964840,3407777
Goga Bitadze,2020,2957520,3399363
Lonnie Walker,2020,2895720,3328330
Ben McLemore,2020,2893630,3325927
Andrew Nicholson,2020,2844429,3269377
Luka Samanic,2020,2824320,3246263
Josh Green,2020,2816760,3237574
Kevin Huerter,2020,2761920,3174541
Alex Caruso,2020,2750000,3160840
Marko Guduric,2020,2750000,3160840
Matisse Thybulle,2020,2711280,3116336
Saddiq Bey,2020,2689920,3091784
Josh Okogie,2020,2651040,3047096
Vincent Poirier,2020,2619207,3010507
Brandon Clarke,2020,2602920,2991787
Precious Achiuwa,2020,2582160,2967925
Jeff Green,2020,2564753,2947918
Jose Juan Barea,2020,2564753,2947918
Marc Gasol,2020,2564753,2947918
Jared Dudley,2020,2564753,2947918
Udonis Haslem,2020,2564753,2947918
Dwight Howard,2020,2564753,2947918
Carmelo Anthony,2020,2564753,2947918
Grayson Allen,2020,2545320,2925582
Grant Williams,2020,2498760,2872066
Tyrese Maxey,2020,2478840,2849170
Chandler Hutchison,2020,2443440,2808481
Mfiondu Kabengele,2020,2432353,2795737
Darius Bazley,2020,2399160,2757586
Moritz Wagner,2020,2383915,2740063
Zeke Nnaji,2020,2379840,2735380
Aaron Holiday,2020,2345640,2696070
Bryn Forbes,2020,2337145,2686306
Reggie Jackson,2020,2331593,2679925
Markieff Morris,2020,2331593,2679925
E'Twaun Moore,2020,2331593,2679925
Kent Bazemore,2020,2320044,2666650
Hassan Whiteside,2020,2320044,2666650
Ty Jerome,2020,2303040,2647106
Mike Muscala,2020,2283034,2624111
Anfernee Simons,2020,2252040,2588487
Luke Kornet,2020,2250000,2586142
Brad Wanamaker,2020,2250000,2586142
Monta Ellis,2020,2245400,2580855
Nassir Little,2020,2210640,2540902
RJ Hampton,2020,2193480,2521178
Solomon Hill,2020,2174318,2499153
Matthew Dellavedova,2020,2174318,2499153
Edmond Sumner,2020,2160000,2482696
Anderson Varejao,2020,2141713,2461677
Dylan Windler,2020,2137440,2456766
Immanuel Quickley,2020,2105520,2420077
John Konchar,2020,2100000,2413732
Landry Shamet,2020,2090040,2402284
Jordan Poole,2020,2063280,2371527
Bol Bol,2020,2058240,2365734
Keldon Johnson,2020,2048040,2354010
Payton Pritchard,2020,2035800,2339941
Robert Williams,2020,2029920,2333183
Tyler Johnson,2020,2028594,2331659
Bruno Caboclo,2020,2028594,2331659
Langston Galloway,2020,2028594,2331659
Gary Clark,2020,2018458,2320008
Jacob Evans,2020,2017320,2318700
Spencer Hawes,2020,2007058,2306905
Dzanan Musa,2020,2002800,2302011
Damyean Dotson,2020,2000000,2298793
Kenrich Williams,2020,2000000,2298793
Theo Maledon,2020,2000000,2298793
Omari Spellman,2020,1988280,2285322
Quinn Cook,2020,1981649,2277700
Mario Hezonja,2020,1977011,2272369
Cameron Payne,2020,1977011,2272369
Udoka Azubuike,2020,1977000,2272357
Jaden McDaniels,2020,1964760,2258288
Malachi Flynn,2020,1950600,2242013
Desmond Bane,2020,1936440,2225737
Jontay Porter,2020,1900000,2183853
Jahlil Okafor,2020,1882867,2164160
JaKarr Sampson,2020,1882867,2164160
Raul Neto,2020,1882867,2164160
Larry Sanders,2020,1865546,2144252
Timothe Luwawu,2020,1824003,2096502
David Nwaba,2020,1824003,2096502
Marquese Chriss,2020,1824003,2096502
Georges Niang,2020,1783557,2050014
Rodions Kurucs,2020,1780152,2046100
PJ Dozier,2020,1762796,2026151
Damion Lee,2020,1762796,2026151
Alfonzo McKinnie,2020,1762796,2026151
Furkan Korkmaz,2020,1762796,2026151
Semi Ojeleye,2020,1752950,2014834
Abdel Nader,2020,1752950,2014834
Thon Maker,2020,1737145,1996668
Willy Hernangomez,2020,1737145,1996668
Frank Kaminsky,2020,1737145,1996668
DeAndre Bembry,2020,1737145,1996668
Monte Morris,2020,1723707,1981222
Kevin Porter,2020,1717981,1974641
Brandon Goodwin,2020,1701593,1955805
Thanasis Antetokounmpo,2020,1701593,1955805
Shake Milton,2020,1701593,1955805
Ignas Brazdeikis,2020,1686315,1938244
Sterling Brown,2020,1678854,1929669
Wesley Iwundu,2020,1678854,1929669
Dwayne Bacon,2020,1678854,1929669
Torrey Craig,2020,1678854,1929669
Bruce Brown,2020,1663861,1912436
Devonte Graham,2020,1663861,1912436
Jalen Brunson,2020,1663861,1912436
Hamidou Diallo,2020,1663861,1912436
Duncan Robinson,2020,1663861,1912436
Kendrick Nunn,2020,1663861,1912436
Jarred Vanderbilt,2020,1663861,1912436
Mitchell Robinson,2020,1663861,1912436
Sviatoslav Mykhailiuk,2020,1663861,1912436
Gary Trent Jr,2020,1663861,1912436
Isaac Bonga,2020,1663861,1912436
Isaiah Hartenstein,2020,1620564,1862670
Wenyen Gabriel,2020,1620564,1862670
Josh Gray,2020,1620564,1862670
Harry Giles,2020,1620564,1862670
Drew Eubanks,2020,1620564,1862670
Bruno Fernando,2020,1517981,1744762
Carsen Edwards,2020,1517981,1744762
Nicolas Claxton,2020,1517981,1744762
Cody Martin,2020,1517981,1744762
Caleb Martin,2020,1517981,1744762
Jalen McDaniels,2020,1517981,1744762
Javonte Green,2020,1517981,1744762
Dean Wade,2020,1517981,1744762
Vlatko Cancar,2020,1517981,1744762
Eric Paschall,2020,1517981,1744762
Alen Smailagic,2020,1517981,1744762
Mychal Mulder,2020,1517981,1744762
Chris Clemons,2020,1517981,1744762
Jalen Lecque,2020,1517981,1744762
Terance Mann,2020,1517981,1744762
Talen Horton-Tucker,2020,1517981,1744762
KZ Okpala,2020,1517981,1744762
Naz Reid,2020,1517981,1744762
Jaylen Nowell,2020,1517981,1744762
Luguentz Dort,2020,1517981,1744762
Isaiah Roby,2020,1517981,1744762
Admiral Schofield,2020,1517981,1744762
Justin James,2020,1517981,1744762
Terence Davis,2020,1517981,1744762
Chris Silva,2020,1517981,1744762
Miye Oni,2020,1517981,1744762
Juwan Morgan,2020,1517981,1744762
Matt Thomas,2020,1517981,1744762
Daniel Gafford,2020,1517981,1744762
Robert Woodard,2020,1500000,1724094
Damian Jones,2020,1487284,1709477
JR Smith,2020,1456667,1674288
Jae'Sean Tate,2020,1445697,1661679
DaQuan Jeffries,2020,1445697,1661679
Kelan Martin,2020,1445697,1661679
Zylan Cheatham,2020,1445697,1661679
Paul Watson,2020,1445697,1661679
Vernon Carey,2020,1350000,1551685
Xavier Tillman,2020,1300000,1494215
Tyrell Terry,2020,1289846,1482544
Oshae Brissett,2020,1255493,1443058
Moses Brown,2020,1250000,1436745
Sindarius Thornwell,2020,1235889,1420525
Ersan Ilyasova,2020,1194542,1373002
Glenn Robinson III,2020,1165322,1339417
Zhaire Smith,2020,1068200,1227785
Khyri Thomas,2020,1061283,1219834
Guerschon Yabusele,2020,1039080,1194315
Norvel Pelle,2020,1014905,1166527
Nick Richards,2020,1000000,1149396
Lamar Stevens,2020,1000000,1149396
Jahmi'us Ramsey,2020,1000000,1149396
Kyle Singler,2020,999200,1148477
Juan Toscano-Anderson,2020,943963,1084987
Shaquille Harrison,2020,915048,1051752
Chimezie Metu,2020,910895,1046979
Deividas Sirvydis,2020,898310,1032514
KJ Martin,2020,898310,1032514
Daniel Oturu,2020,898310,1032514
Jordan Nwora,2020,898310,1032514
Sam Merrill,2020,898310,1032514
Isaiah Joe,2020,898310,1032514
CJ Elleby,2020,898310,1032514
Tre Jones,2020,898310,1032514
Elijah Hughes,2020,898310,1032514
Anthony Gill,2020,898310,1032514
Iman Shumpert,2020,803044,923016
Theo Pinson,2020,802182,922025
Yuta Watanabe,2020,737996,848250
Tremont Waters,2020,712278,818689
Frank Jackson,2020,699115,803560
Rayjon Tucker,2020,693755,797398
Tyler Cook,2020,693141,796693
Garrison Mathews,2020,688052,790844
Cole Aldrich,2020,685340,787727
Shaun Livingston,2020,666666,766263
Gabe Vincent,2020,660750,759463
Tacko Fall,2020,653924,751618
Max Strus,2020,647098,743772
Alize Johnson,2020,621587,714449
Anthony Tolliver,2020,614838,706692
Paul Reed,2020,609128,700129
Tim Frazier,2020,597463,686721
Jordan Bell,2020,592368,680865
Amir Coffey,2020,578842,665319
Naji Marshall,2020,538391,618824
Kyle Guy,2020,537888,618246
Markus Howard,2020,535294,615265
Skylar Mays,2020,532218,611729
Mamadi Diakite,2020,529341,608422
Nathan Knight,2020,522989,601121
Jared Harper,2020,520487,598245
Saben Lee,2020,516836,594049
Jarrell Brantley,2020,510586,586865
Jordan McLaughlin,2020,503760,579020
Rondae Hollis-Jefferson,2020,502957,578097
Reggie Perry,2020,489148,562225
Cassius Stanley,2020,470690,541009
Trent Forrest,2020,470690,541009
Dakari Johnson,2020,459414,528048
Chris Chiozza,2020,449115,516211
Grant Riller,2020,449115,516211
Nate Darling,2020,449115,516211
Devon Dotson,2020,449115,516211
Adam Mokoka,2020,449115,516211
Marques Bolden,2020,449115,516211
Tyler Bey,2020,449115,516211
Nate Hinton,2020,449115,516211
Nico Mannion,2020,449115,516211
Jay Scrubb,2020,449115,516211
Kostas Antetokounmpo,2020,449115,516211
Devontae Cacok,2020,449115,516211
Killian Tillie,2020,449115,516211
Sean McDermott,2020,449115,516211
Jaylen Adams,2020,449115,516211
Josh Hall,2020,449115,516211
Ty-Shon Alexander,2020,449115,516211
Keljin Blevins,2020,449115,516211
Quinndary Weatherspoon,2020,449115,516211
Keita Bates-Diop,2020,449115,516211
Jalen Harris,2020,449115,516211
Cassius Winston,2020,449115,516211
Yogi Ferrell,2020,444149,510503
Noah Vonleh,2020,427725,491625
Mason Jones,2020,424544,487968
Brodric Thomas,2020,412202,473783
Andre Roberson,2020,411639,473136
Donta Hall,2020,376276,432490
Brian Bowen,2020,375321,431392
Anzejs Pasecniks,2020,374297,430215
Freddie Gillespie,2020,363015,417248
AJ Hammons,2020,350087,402388
Karim Mane,2020,344557,396032
Will Magnay,2020,341481,392497
Greg Whittington,2020,332252,381889
Raymond Spalding,2020,289156,332354
Chasson Randle,2020,279927,321747
Justin Patton,2020,267623,307604
Gary Payton II,2020,249864,287192
Mike James,2020,237648,273151
Charlie Brown,2020,217844,250389
Anthony Lamb,2020,215330,247499
Justin Robinson,2020,198040,227626
Axel Toupane,2020,196872,226284
Henry Ellenson,2020,168983,194228
Ashton Hagans,2020,166111,190927
Isaiah Thomas,2020,159698,183556
John Henson,2020,158907,182647
Armoni Brooks,2020,135362,155584
Jordan Bone,2020,135350,155570
Jaylen Hoard,2020,129209,148512
Justin Anderson,2020,125000,143674
Amida Brimah,2020,123056,141440
Didi Louzada,2020,123056,141440
Troy Williams,2020,122741,141078
James Nunnally,2020,107674,123760
Demetrius Jackson,2020,92857,106729
Dakota Mathias,2020,86132,98999
Malik Fitts,2020,61528,70720
Jeremiah Martin,2020,58452,67184
Jerian Grant,2020,50000,57469
Louis King,2020,49222,56575
Cameron Oliver,2020,43070,49504
Cam Reynolds,2020,33299,38273
Tyler Hall,2020,25000,28734
Andrew White,2020,25000,28734
Elijah Bryant,2020,24611,28287
Caleb Homesley,2020,20000,22987
Stephen Curry,2021,45780966,49928610
John Wall,2021,44310840,48325294
James Harden,2021,44310840,48325294
Russell Westbrook,2021,44211146,48216568
Kevin Durant,2021,42018900,45825710
LeBron James,2021,41180544,44911401
Paul George,2021,39344970,42909529
Kawhi Leonard,2021,39344900,42909452
Giannis Antetokounmpo,2021,39344900,42909452
Damian Lillard,2021,39344900,42909452
Klay Thompson,2021,37980720,41421681
Jimmy Butler,2021,36016200,39279180
Tobias Harris,2021,35995950,39257095
Khris Middleton,2021,35500000,38716214
Anthony Davis,2021,35361360,38565013
Rudy Gobert,2021,35344828,38546983
Kyrie Irving,2021,35328700,38529394
Kemba Walker,2021,34967442,38135407
Bradley Beal,2021,33724200,36779530
Ben Simmons,2021,33003936,35994012
Pascal Siakam,2021,33003936,35994012
Blake Griffin,2021,32405817,35341704
Karl-Anthony Towns,2021,31650600,34518067
Devin Booker,2021,31650600,34518067
Kristaps Porzingis,2021,31650600,34518067
Andrew Wiggins,2021,31579390,34440406
Joel Embiid,2021,31579390,34440406
Kevin Love,2021,31258256,34090178
Jrue Holiday,2021,31171333,33995380
Nikola Jokic,2021,31044906,33857499
CJ McCollum,2021,30864198,33660419
Chris Paul,2021,30800000,33590405
D'Angelo Russell,2021,30013500,32732650
Gordon Hayward,2021,29925000,32636132
Jamal Murray,2021,29467800,32137511
Brandon Ingram,2021,29467800,32137511
Jayson Tatum,2021,28103500,30649609
Bam Adebayo,2021,28103500,30649609
De'Aaron Fox,2021,28103500,30649609
Donovan Mitchell,2021,28103500,30649609
Al Horford,2021,27000000,29446134
Kyle Lowry,2021,26984128,29428824
Jaylen Brown,2021,26758928,29183222
DeMar DeRozan,2021,26000000,28355537
Draymond Green,2021,24026712,26203473
Nikola Vucevic,2021,24000000,26174341
Buddy Hield,2021,23073234,25163613
John Collins,2021,23000000,25083744
Malcolm Brogdon,2021,21700000,23665967
Tim Hardaway Jr,2021,21306816,23237161
Mike Conley,2021,21000000,22902549
Gary Harris,2021,20932143,22828544
Danilo Gallinari,2021,20475000,22329985
Harrison Barnes,2021,20284091,22121780
Jerami Grant,2021,20002500,21814678
Jarrett Allen,2021,20000000,21811951
Julius Randle,2021,19800000,21593832
Fred VanVleet,2021,19675926,21458517
Zach LaVine,2021,19500000,21266652
Goran Dragic,2021,19348907,21101870
Spencer Dinwiddie,2021,19314284,21064111
Bojan Bogdanovic,2021,18700000,20394174
Lonzo Ball,2021,18604651,20290187
Domantas Sabonis,2021,18500000,20176055
Eric Gordon,2021,18218818,19869398
Eric Bledsoe,2021,18125000,19767081
Bogdan Bogdanovic,2021,18000000,19630756
Myles Turner,2021,18000000,19630756
Terry Rozier,2021,17905263,19527436
Ricky Rubio,2021,17800000,19412636
Clint Capela,2021,17603448,19198277
Caris LeVert,2021,17500000,19085457
Jonathan Isaac,2021,17400000,18976397
Joe Harris,2021,17357143,18929658
Evan Fournier,2021,17142857,18695958
Steven Adams,2021,17073171,18619958
Markelle Fultz,2021,16500000,17994860
Aaron Gordon,2021,16409091,17895714
Gary Trent Jr,2021,16225000,17694945
OG Anunoby,2021,16071429,17527461
Davis Bertans,2021,16000000,17449561
Lauri Markkanen,2021,15690909,17112467
Derrick White,2021,15678571,17099011
Duncan Robinson,2021,15650000,17067852
Marcus Morris,2021,15627907,17043757
Will Barton,2021,15625000,17040587
Norman Powell,2021,15517242,16923066
Dejounte Murray,2021,15428880,16826699
Malik Beasley,2021,14491964,15804900
Patrick Beverley,2021,14320987,15618433
Thaddeus Young,2021,14190000,15475579
Jonas Valanciunas,2021,14000000,15268366
Marcus Smart,2021,13839285,15093090
Doug McDermott,2021,13750000,14995716
Christian Wood,2021,13666667,14904833
Derrick Rose,2021,13445120,14663215
Luke Kennard,2021,13347727,14556998
Taurean Prince,2021,13334375,14542437
Brook Lopez,2021,13302325,14507483
Kentavious Caldwell-Pope,2021,13038862,14220151
Joe Ingles,2021,13036364,14217427
Kyle Kuzma,2021,13000000,14177768
Robert Covington,2021,12975471,14151017
TJ Warren,2021,12940000,14112332
Deandre Ayton,2021,12632950,13777464
Terrence Ross,2021,12500000,13632469
Jordan Clarkson,2021,12420000,13545221
Dillon Brooks,2021,12200000,13305290
Kelly Olynyk,2021,12195122,13299970
Nicolas Batum,2021,12026998,13116613
Kelly Oubre,2021,12000000,13087170
Jusuf Nurkic,2021,12000000,13087170
Josh Hart,2021,12000000,13087170
Josh Richardson,2021,11615328,12667648
Marvin Bagley,2021,11312114,12336964
DeAndre Jordan,2021,11109327,12115804
Dwight Powell,2021,11080125,12083957
Devonte Graham,2021,11000000,11996573
Zion Williamson,2021,10733400,11705820
Larry Nance Jr,2021,10690909,11659479
Jeremy Lamb,2021,10500000,11451274
Reggie Jackson,2021,10384500,11325310
Richaun Holmes,2021,10384500,11325310
Al-Farouq Aminu,2021,10335621,11272002
Anthony Edwards,2021,10245480,11173695
Luka Doncic,2021,10174391,11096166
Cade Cunningham,2021,10050120,10960636
Danny Green,2021,10000000,10905975
Tomas Satoransky,2021,10000000,10905975
Tristan Thompson,2021,9946611,10847749
Kyle Anderson,2021,9937150,10837431
Montrezl Harrell,2021,9720900,10601590
Derrick Jones,2021,9720900,10601590
Serge Ibaka,2021,9720900,10601590
Derrick Favors,2021,9720900,10601590
Jae Crowder,2021,9720900,10601590
Ja Morant,2021,9603360,10473401
Reggie Bullock,2021,9536000,10399938
Alec Burks,2021,9536000,10399938
Talen Horton-Tucker,2021,9500000,10360677
Mason Plumlee,2021,9248333,10086209
Jaren Jackson Jr,2021,9180560,10012296
James Wiseman,2021,9166800,9997289
Jalen Green,2021,8992080,9806740
De'Anthony Melton,2021,8805976,9603776
Nerlens Noel,2021,8800000,9597258
Royce O'Neale,2021,8800000,9597258
Maxi Kleber,2021,8750000,9542728
Jakob Poeltl,2021,8750000,9542728
Thomas Bryant,2021,8666667,9451846
RJ Barrett,2021,8623920,9405226
Alex Caruso,2021,8600000,9379139
Delon Wright,2021,8526316,9298779
Dario Saric,2021,8510000,9280985
Monte Morris,2021,8449074,9214539
Tyus Jones,2021,8376286,9135157
Trae Young,2021,8326471,9080829
Daniel Theis,2021,8280351,9030530
LaMelo Ball,2021,8231760,8977537
Seth Curry,2021,8207518,8951099
JaMychal Green,2021,8200000,8942900
Cedi Osman,2021,8133334,8870194
Evan Mobley,2021,8075160,8806749
De'Andre Hunter,2021,7775400,8479832
DJ Augustin,2021,7622467,8313044
Mo Bamba,2021,7568743,8254452
Ivica Zubac,2021,7518518,8199677
Rajon Rondo,2021,7500000,8179481
TJ McConnell,2021,7500000,8179481
Patrick Williams,2021,7422000,8094415
Cory Joseph,2021,7310000,7972268
Scottie Barnes,2021,7280400,7939986
Darius Garland,2021,7040880,7678766
Chris Boucher,2021,7020000,7655995
PJ Tucker,2021,7000000,7634183
Zach Collins,2021,7000000,7634183
Wendell Carter,2021,6920027,7546964
Juan Hernangomez,2021,6803190,7419542
Isaac Okoro,2021,6720720,7329600
Jalen Suggs,2021,6592920,7190222
Cameron Payne,2021,6500000,7088884
Joakim Noah,2021,6431666,7014359
Jarrett Culver,2021,6395160,6974546
Khem Birch,2021,6350000,6925294
Collin Sexton,2021,6349671,6924935
Onyeka Okongwu,2021,6104280,6657312
Justin Holiday,2021,6006420,6550587
Josh Giddey,2021,5988000,6530498
Patrick Mills,2021,5890000,6423619
Dennis Schroeder,2021,5890000,6423619
Rudy Gay,2021,5890000,6423619
Kevin Knox,2021,5845978,6375609
Coby White,2021,5837760,6366646
Timofey Mozgov,2021,5573333,6078263
Killian Hayes,2021,5572680,6077551
Mikal Bridges,2021,5557725,6061241
Shai Gilgeous-Alexander,2021,5495532,5993413
Jonathan Kuminga,2021,5466360,5961598
Miles Bridges,2021,5421493,5912667
Jaxson Hayes,2021,5348280,5832821
Pat Connaughton,2021,5333334,5816521
Kris Dunn,2021,5317430,5799175
George Hill,2021,5275491,5753437
Michael Porter,2021,5258735,5735163
Dewayne Dedmon,2021,5256308,5732516
Ryan Anderson,2021,5214583,5687011
Hamidou Diallo,2021,5200000,5671107
Kevon Looney,2021,5178572,5647738
Troy Brown,2021,5170564,5639004
Obi Toppin,2021,5105160,5567675
Franz Wagner,2021,5007840,5461538
Josh Jackson,2021,5005350,5458822
Louis Williams,2021,5000000,5452987
Kendrick Nunn,2021,5000000,5452987
Luol Deng,2021,5000000,5452987
Robin Lopez,2021,5000000,5452987
JaVale McGee,2021,5000000,5452987
Danuel House,2021,4997424,5450176
Rui Hachimura,2021,4916160,5361552
Garrett Temple,2021,4910000,5354834
Taj Gibson,2021,4910000,5354834
Torrey Craig,2021,4878049,5319988
Bruce Brown,2021,4736102,5165181
Deni Avdija,2021,4692840,5117999
Donte DiVincenzo,2021,4675830,5099448
Cam Reddish,2021,4670160,5093265
David Nwaba,2021,4650000,5071278
Furkan Korkmaz,2021,4629630,5049063
Davion Mitchell,2021,4603200,5020238
Jeff Green,2021,4500000,4907689
Bryn Forbes,2021,4500000,4907689
Ishmael Smith,2021,4500000,4907689
Jalen Smith,2021,4458000,4861884
Lonnie Walker,2021,4447896,4850864
Cameron Johnson,2021,4437000,4838981
Ziaire Williams,2021,4373040,4769226
Bobby Portis,2021,4347600,4741482
Moe Harkless,2021,4347600,4741482
Kevin Huerter,2021,4253357,4638700
Devin Vassell,2021,4235160,4618855
Chandler Hutchison,2021,4224186,4606886
Willie Cauley-Stein,2021,4220083,4602412
PJ Washington,2021,4215120,4596999
James Bouknight,2021,4154400,4530778
Jevon Carter,2021,4107149,4479246
Josh Okogie,2021,4087904,4458258
Grayson Allen,2021,4054695,4422040
Jarred Vanderbilt,2021,4050000,4416920
Tyrese Haliburton,2021,4023600,4388128
Tyler Herro,2021,4004280,4367058
Gorgui Dieng,2021,4000000,4362390
Dorian Finney-Smith,2021,4000000,4362390
Terence Davis,2021,4000000,4362390
Aaron Holiday,2021,3980551,4341179
Josh Primo,2021,3946800,4304370
Jake Layman,2021,3940184,4297155
Anfernee Simons,2021,3938818,4295665
Justise Winslow,2021,3902439,4255990
Kira Lewis,2021,3822240,4168525
Romeo Langford,2021,3804360,4149025
Sekou Doumbouya,2021,3799131,4143322
Landry Shamet,2021,3768342,4109744
Chris Duarte,2021,3749400,4089086
Alex Len,2021,3732000,4070110
Robert Williams,2021,3661976,3993742
Aaron Nesmith,2021,3631200,3960177
Moses Moody,2021,3562200,3884926
Boban Marjanovic,2021,3500000,3817091
Mike Muscala,2021,3500000,3817091
Cole Anthony,2021,3449400,3761907
Corey Kispert,2021,3383640,3690189
Luka Samanic,2021,3355239,3659215
Michael Carter-Williams,2021,3300000,3598972
Georges Niang,2021,3300000,3598972
Isaiah Stewart,2021,3277080,3573975
Chuma Okeke,2021,3277080,3573975
Nickeil Alexander-Walker,2021,3261480,3556962
Alperen Sengun,2021,3214680,3505922
Jon Leuer,2021,3169348,3456483
Trey Burke,2021,3150000,3435382
Aleksej Pokusevski,2021,3113160,3395204
Facundo Campazzo,2021,3100000,3380852
Goga Bitadze,2021,3098400,3379107
Trey Murphy,2021,3053760,3330423
Sterling Brown,2021,3000000,3271792
Frank Jackson,2021,3000000,3271792
Josh Green,2021,2957520,3225464
Tre Mann,2021,2901240,3164085
Andrew Nicholson,2021,2844429,3102127
Matisse Thybulle,2021,2840160,3097471
Saddiq Bey,2021,2824320,3080196
Kai Jones,2021,2770560,3021566
Brandon Clarke,2021,2726880,2973928
Precious Achiuwa,2021,2711280,2956915
Marc Gasol,2021,2692991,2936969
Jalen Johnson,2021,2659680,2900640
LaMarcus Aldridge,2021,2641691,2881021
James Johnson,2021,2641691,2881021
Ed Davis,2021,2641691,2881021
Andre Iguodala,2021,2641691,2881021
Enes Kanter,2021,2641691,2881021
Avery Bradley,2021,2641691,2881021
Carmelo Anthony,2021,2641691,2881021
Wayne Ellington,2021,2641691,2881021
Trevor Ariza,2021,2641691,2881021
Dwight Howard,2021,2641691,2881021
Udonis Haslem,2021,2641691,2881021
Markieff Morris,2021,2641691,2881021
E'Twaun Moore,2021,2641691,2881021
Paul Millsap,2021,2641691,2881021
Grant Williams,2021,2617800,2854966
Tyrese Maxey,2021,2602920,2838738
Keon Johnson,2021,2553240,2784557
Darius Bazley,2021,2513040,2740715
Trey Lyles,2021,2500000,2726493
Zeke Nnaji,2021,2498760,2725141
Isaiah Jackson,2021,2451240,2673316
Ty Jerome,2021,2412840,2631437
Andre Drummond,2021,2401537,2619110
Austin Rivers,2021,2401537,2619110
Kent Bazemore,2021,2401537,2619110
Hassan Whiteside,2021,2401537,2619110
Otto Porter,2021,2389641,2606136
Victor Oladipo,2021,2389641,2606136
Tony Snell,2021,2389641,2606136
Solomon Hill,2021,2389641,2606136
Ben McLemore,2021,2389641,2606136
Cody Zeller,2021,2389641,2606136
Usman Garuba,2021,2353320,2566525
Leandro Bolmaro,2021,2353320,2566525
Willy Hernangomez,2021,2327220,2538060
Edmond Sumner,2021,2320000,2530186
Nassir Little,2021,2316240,2526085
RJ Hampton,2021,2303040,2511689
DeAndre Bembry,2021,2271045,2476795
Josh Christopher,2021,2259240,2463921
Monta Ellis,2021,2245400,2448827
Drew Eubanks,2021,2239820,2442742
Rodney Hood,2021,2239544,2442441
Elfrid Payton,2021,2239544,2442441
Dylan Windler,2021,2239200,2442066
Immanuel Quickley,2021,2210640,2410918
John Konchar,2021,2200000,2399314
Quentin Grimes,2021,2168640,2365113
Jordan Poole,2021,2161440,2357261
Bol Bol,2021,2161152,2356947
Keldon Johnson,2021,2145720,2340117
Payton Pritchard,2021,2137440,2331086
Jahlil Okafor,2021,2130023,2322997
Bones Hyland,2021,2096880,2286852
Nemanja Bjelica,2021,2089448,2278746
Frank Kaminsky,2021,2089448,2278746
Raul Neto,2021,2089448,2278746
Udoka Azubuike,2021,2075880,2263949
Jaden McDaniels,2021,2063280,2250208
Malachi Flynn,2021,2048040,2233587
DeMarcus Cousins,2021,2038942,2223664
Cam Thomas,2021,2036280,2220762
Desmond Bane,2021,2033160,2217359
Jaden Springer,2021,2023680,2207020
Day'Ron Sharpe,2021,2009160,2191185
Garrison Mathews,2021,2000000,2181195
Jordan McLaughlin,2021,2000000,2181195
Jeremiah Robinson-Earl,2021,2000000,2181195
Theo Maledon,2021,2000000,2181195
Kenrich Williams,2021,2000000,2181195
Abdel Nader,2021,2000000,2181195
Santiago Aldama,2021,1994520,2175218
Damian Jones,2021,1977011,2156123
Wesley Matthews,2021,1958495,2135929
Timothe Luwawu,2021,1939350,2115050
Rodney McGruder,2021,1939350,2115050
Moses Brown,2021,1933909,2109116
Wesley Iwundu,2021,1926834,2101400
Jose Alvarado,2021,1925406,2099843
Damion Lee,2021,1910860,2083979
PJ Dozier,2021,1910860,2083979
Killian Tillie,2021,1901625,2073907
Tyrell Terry,2021,1869438,2038804
Larry Sanders,2021,1865546,2034559
Carsen Edwards,2021,1859365,2027818
Shake Milton,2021,1846738,2014047
Jalen Brunson,2021,1802057,1965319
Mitchell Robinson,2021,1802057,1965319
Tony Bradley,2021,1789256,1951358
Frank Ntilikina,2021,1789256,1951358
Semi Ojeleye,2021,1789256,1951358
Malik Monk,2021,1789256,1951358
Dennis Smith,2021,1789256,1951358
Didi Louzada,2021,1786878,1948764
Nicolas Claxton,2021,1782621,1944122
Jalen McDaniels,2021,1782621,1944122
Cody Martin,2021,1782621,1944122
Dean Wade,2021,1782621,1944122
Vlatko Cancar,2021,1782621,1944122
Kevin Porter,2021,1782621,1944122
Bruno Fernando,2021,1782621,1944122
Terance Mann,2021,1782621,1944122
Jaylen Nowell,2021,1782621,1944122
Naz Reid,2021,1782621,1944122
Isaiah Roby,2021,1782621,1944122
Luguentz Dort,2021,1782621,1944122
KZ Okpala,2021,1782621,1944122
Eric Paschall,2021,1782621,1944122
Daniel Gafford,2021,1782621,1944122
Chimezie Metu,2021,1762796,1922501
Yuta Watanabe,2021,1762796,1922501
Armoni Brooks,2021,1739065,1896619
Isaiah Hartenstein,2021,1729217,1885879
Thanasis Antetokounmpo,2021,1729217,1885879
Moritz Wagner,2021,1729217,1885879
Keita Bates-Diop,2021,1729217,1885879
Sviatoslav Mykhailiuk,2021,1729217,1885879
Isaac Bonga,2021,1729217,1885879
Juan Toscano-Anderson,2021,1701593,1855753
Oshae Brissett,2021,1701593,1855753
Herb Jones,2021,1700000,1854015
Gabriel Deck,2021,1690507,1843662
Matt Thomas,2021,1669178,1820401
Javonte Green,2021,1669178,1820401
Gary Payton II,2021,1669178,1820401
Max Strus,2021,1669178,1820401
Gabe Vincent,2021,1669178,1820401
Robert Woodard,2021,1619015,1765693
Lance Stephenson,2021,1614825,1761124
Deividas Sirvydis,2021,1603559,1748837
Daniel Oturu,2021,1603559,1748837
Kevin Pangos,2021,1569178,1711341
Bismack Biyombo,2021,1518213,1655759
Nick Richards,2021,1517981,1655506
Lamar Stevens,2021,1517981,1655506
KJ Martin,2021,1517981,1655506
Jae'Sean Tate,2021,1517981,1655506
Sam Merrill,2021,1517981,1655506
Xavier Tillman,2021,1517981,1655506
Jordan Nwora,2021,1517981,1655506
Naji Marshall,2021,1517981,1655506
Paul Reed,2021,1517981,1655506
Isaiah Joe,2021,1517981,1655506
CJ Elleby,2021,1517981,1655506
Elijah Hughes,2021,1517981,1655506
Jahmi'us Ramsey,2021,1517981,1655506
Tre Jones,2021,1517981,1655506
Anthony Gill,2021,1517981,1655506
Vernon Carey,2021,1517981,1655506
Isaiah Todd,2021,1500000,1635896
Saben Lee,2021,1489065,1623970
Omer Yurtseven,2021,1489065,1623970
JR Smith,2021,1456667,1588637
Stanley Johnson,2021,1368998,1493025
Duane Washington Jr,2021,1346676,1468681
Aaron Wiggins,2021,1305761,1424059
Marquese Chriss,2021,1292900,1410033
JT Thor,2021,1250000,1363246
DeMarre Carroll,2021,1242340,1354892
Jabari Parker,2021,1168286,1274129
Alfonzo McKinnie,2021,1090007,1188758
Zhaire Smith,2021,1068200,1164976
Jason Preston,2021,1062303,1158545
Isaiah Livers,2021,1057260,1153045
Denzel Valentine,2021,1005633,1096740
Alize Johnson,2021,1003740,1094675
Kyle Singler,2021,999200,1089725
Kelan Martin,2021,993760,1083792
Miye Oni,2021,946261,1031989
Ayo Dosunmu,2021,925258,1009084
Marko Simonovic,2021,925258,1009084
Luka Garza,2021,925258,1009084
BJ Boston,2021,925258,1009084
Austin Reaves,2021,925258,1009084
Miles McBride,2021,925258,1009084
Vit Krejci,2021,925258,1009084
Charles Bassey,2021,925258,1009084
Greg Brown,2021,925258,1009084
Jock Landale,2021,925258,1009084
Dalano Banton,2021,925258,1009084
Jared Butler,2021,925258,1009084
Daishen Nix,2021,923078,1006706
Isaiah Thomas,2021,910926,993452
Terry Taylor,2021,895125,976221
Mamadi Diakite,2021,869078,947814
Caleb Martin,2021,844011,920476
Brad Wanamaker,2021,814918,888747
Luke Kornet,2021,812364,885961
Wayne Selden,2021,812363,885961
Gary Clark,2021,811213,884706
Ryan Arcidiacono,2021,774727,844915
Trendon Watford,2021,768830,838484
Patrick Patterson,2021,737067,803843
Devontae Cacok,2021,726128,791913
Admiral Schofield,2021,723741,789309
Ishmail Wainright,2021,707893,772025
Shaun Livingston,2021,666666,727064
Malik Fitts,2021,630874,688028
Sam Hauser,2021,619498,675623
Greg Monroe,2021,612805,668323
Amir Coffey,2021,573576,625540
Joe Wieskamp,2021,563663,614729
Keifer Sykes,2021,558345,608929
Haywood Highsmith,2021,547701,597321
Nik Stauskas,2021,534993,583461
Davon Reed,2021,532398,580631
Wenyen Gabriel,2021,522015,569306
Skylar Mays,2021,510907,557193
Georgios Kalaitzakis,2021,499852,545137
RJ Nembhard,2021,491876,536438
Chris Silva,2021,479650,523105
Kessler Edwards,2021,463211,505176
Trent Forrest,2021,463211,505176
Sharife Cooper,2021,462629,504542
Brodric Thomas,2021,462629,504542
David Duke,2021,462629,504542
Scottie Lewis,2021,462629,504542
Arnoldas Kulboka,2021,462629,504542
Tyler Cook,2021,462629,504542
Markus Howard,2021,462629,504542
Jamorko Pickett,2021,462629,504542
Sean Chris Smith,2021,462629,504542
Chris Chiozza,2021,462629,504542
Jay Scrubb,2021,462629,504542
Yves Pons,2021,462629,504542
Sandro Mamukelashvili,2021,462629,504542
McKinley Wright,2021,462629,504542
Nathan Knight,2021,462629,504542
Jericho Sims,2021,462629,504542
Ignas Brazdeikis,2021,462629,504542
Keljin Blevins,2021,462629,504542
Neemias Queta,2021,462629,504542
David Johnson,2021,462629,504542
Justin Champagnie,2021,462629,504542
Joel Ayayi,2021,462629,504542
Cassius Winston,2021,462629,504542
Justin Anderson,2021,445828,486218
Theo Pinson,2021,440710,480637
Charlie Brown,2021,431151,470212
Langston Galloway,2021,386127,421108
James Ennis,2021,386127,421107
Tim Frazier,2021,386127,421108
Kyle Guy,2021,383079,417785
Sam Dekker,2021,350000,381709
Quinndary Weatherspoon,2021,346491,377882
Brandon Goodwin,2021,343988,375152
Malcolm Hill,2021,324373,353759
Louis King,2021,316396,345060
Justin Jackson,2021,308493,336441
Shaquille Harrison,2021,308493,336441
DJ Wilson,2021,308493,336441
Jeff Dowtin,2021,305761,333460
Trevelin Queen,2021,303102,330562
Paul Watson,2021,303102,330562
Myles Powell,2021,300443,327662
Jontay Porter,2021,300000,327179
Mason Jones,2021,295125,321862
Eugene Omoruyi,2021,281831,307364
Brandon Knight,2021,274672,299556
Justin Robinson,2021,265953,290047
Ja'Vonte Smart,2021,265878,289965
Mychal Mulder,2021,257902,281266
Tyler Johnson,2021,257418,280738
Cassius Stanley,2021,256734,279993
Zylan Cheatham,2021,256734,279993
Devon Dotson,2021,239291,260970
Marcus Garrett,2021,236632,258070
Lindell Wigginton,2021,233973,255170
Jay Huff,2021,225997,246471
Olivier Sarr,2021,223339,243572
Aaron Henry,2021,223338,243571
Freddie Gillespie,2021,221156,241191
JaQuori McLaughlin,2021,220679,240671
Rayjon Tucker,2021,220639,240628
Tacko Fall,2021,218021,237773
Petr Cornelie,2021,218021,237773
Juwan Morgan,2021,211046,230166
Damyean Dotson,2021,205662,224294
Xavier Moon,2021,202069,220375
Tyrone Wallace,2021,198760,216767
Norvel Pelle,2021,191860,209242
Jaylen Hoard,2021,191860,209242
Tremont Waters,2021,191860,209242
Reggie Perry,2021,188272,205328
Devin Cannady,2021,185578,202390
Brandon Williams,2021,180798,197177
Moses Wright,2021,172821,188477
DeJon Jarreau,2021,172821,188477
Dakota Mathias,2021,171156,186662
Matt Mooney,2021,171156,186662
Daulton Hommes,2021,167504,182679
Grant Riller,2021,162186,176879
Lindy Waters III,2021,159527,173979
CJ Miles,2021,151821,165575
Joe Johnson,2021,151821,165575
Ersan Ilyasova,2021,151821,165575
Darren Collison,2021,151821,165575
Anthony Tolliver,2021,151821,165575
Chaundee Brown,2021,151552,165281
Xavier Sneed,2021,146233,159481
Mario Chalmers,2021,138019,150523
Anthony Lamb,2021,136095,148424
Braxton Key,2021,127622,139183
Troy Williams,2021,122741,133861
Feron Hunt,2021,116987,127585
Mac McClung,2021,111670,121786
Matt Ryan,2021,111669,121785
Emmanuel Mudiay,2021,111457,121554
Carlik Jones,2021,106352,115986
Hassani Gravett,2021,106352,115987
Paris Bass,2021,106352,115987
Jordan Bell,2021,102831,112147
Cheick Diallo,2021,102831,112147
DJ Stewart,2021,101034,110187
Nate Hinton,2021,96213,104929
Derrick Walton,2021,95930,104621
DaQuan Jeffries,2021,95930,104621
Justin James,2021,95930,104621
Scotty Hopson,2021,95930,104621
BJ Johnson,2021,95930,104621
Jaylen Morris,2021,95930,104621
Demetrius Jackson,2021,92857,101269
Cameron Oliver,2021,85578,93331
Chris Clemons,2021,85578,93331
Malik Newman,2021,85578,93331
George King,2021,85578,93331
Jemerrio Jones,2021,85578,93331
Emanuel Terry,2021,85578,93331
Jared Harper,2021,85081,92789
Gabriel Lundberg,2021,79764,86990
Anthony Barber,2021,53176,57993
Malik Ellison,2021,53176,57993
Justin Tillman,2021,53176,57993
Tre Scott,2021,53176,57993
Trayvon Palmer,2021,53176,57993
Micah Potter,2021,53176,57993
Jaysean Paige,2021,53176,57993
Ahmad Caver,2021,53176,57993
Shaq Buchanan,2021,53176,57993
Jon Teske,2021,53176,57993
Aric Holman,2021,53176,57993
Javin DeLaurier,2021,53176,57993
Tyler Hall,2021,53176,57993
Rob Edwards,2021,53176,57993
Aleem Ford,2021,53176,57993
MJ Walker,2021,53176,57993
Cameron McGriff,2021,53176,57993
Jarron Cumberland,2021,53176,57993
Ade Murkey,2021,53176,57993
Jordan Schakel,2021,53176,57993
Jordan Goodwin,2021,53176,57993
Craig Sword,2021,53176,57993
Jaime Echenique,2021,53176,57993
Luca Vildoza,2021,42789,46665
Zavier Simpson,2021,37223,40595
Mfiondu Kabengele,2021,19186,20924
Melvin Frazier,2021,13294,14498
Stephen Curry,2021,45780966,49928610
John Wall,2021,44310840,48325294
James Harden,2021,44310840,48325294
Russell Westbrook,2021,44211146,48216568
Kevin Durant,2021,42018900,45825710
LeBron James,2021,41180544,44911401
Paul George,2021,39344970,42909529
Kawhi Leonard,2021,39344900,42909452
Giannis Antetokounmpo,2021,39344900,42909452
Damian Lillard,2021,39344900,42909452
Klay Thompson,2021,37980720,41421681
Jimmy Butler,2021,36016200,39279180
Tobias Harris,2021,35995950,39257095
Khris Middleton,2021,35500000,38716214
Anthony Davis,2021,35361360,38565013
Rudy Gobert,2021,35344828,38546983
Kyrie Irving,2021,35328700,38529394
Kemba Walker,2021,34967442,38135407
Bradley Beal,2021,33724200,36779530
Ben Simmons,2021,33003936,35994012
Pascal Siakam,2021,33003936,35994012
Blake Griffin,2021,32405817,35341704
Karl-Anthony Towns,2021,31650600,34518067
Devin Booker,2021,31650600,34518067
Kristaps Porzingis,2021,31650600,34518067
Andrew Wiggins,2021,31579390,34440406
Joel Embiid,2021,31579390,34440406
Kevin Love,2021,31258256,34090178
Jrue Holiday,2021,31171333,33995380
Nikola Jokic,2021,31044906,33857499
CJ McCollum,2021,30864198,33660419
Chris Paul,2021,30800000,33590405
D'Angelo Russell,2021,30013500,32732650
Gordon Hayward,2021,29925000,32636132
Jamal Murray,2021,29467800,32137511
Brandon Ingram,2021,29467800,32137511
Jayson Tatum,2021,28103500,30649609
Bam Adebayo,2021,28103500,30649609
De'Aaron Fox,2021,28103500,30649609
Donovan Mitchell,2021,28103500,30649609
Al Horford,2021,27000000,29446134
Kyle Lowry,2021,26984128,29428824
Jaylen Brown,2021,26758928,29183222
DeMar DeRozan,2021,26000000,28355537
Draymond Green,2021,24026712,26203473
Nikola Vucevic,2021,24000000,26174341
Buddy Hield,2021,23073234,25163613
John Collins,2021,23000000,25083744
Malcolm Brogdon,2021,21700000,23665967
Tim Hardaway Jr,2021,21306816,23237161
Mike Conley,2021,21000000,22902549
Gary Harris,2021,20932143,22828544
Danilo Gallinari,2021,20475000,22329985
Harrison Barnes,2021,20284091,22121780
Jerami Grant,2021,20002500,21814678
Jarrett Allen,2021,20000000,21811951
Julius Randle,2021,19800000,21593832
Fred VanVleet,2021,19675926,21458517
Zach LaVine,2021,19500000,21266652
Goran Dragic,2021,19348907,21101870
Spencer Dinwiddie,2021,19314284,21064111
Bojan Bogdanovic,2021,18700000,20394174
Lonzo Ball,2021,18604651,20290187
Domantas Sabonis,2021,18500000,20176055
Eric Gordon,2021,18218818,19869398
Eric Bledsoe,2021,18125000,19767081
Bogdan Bogdanovic,2021,18000000,19630756
Myles Turner,2021,18000000,19630756
Terry Rozier,2021,17905263,19527436
Ricky Rubio,2021,17800000,19412636
Clint Capela,2021,17603448,19198277
Caris LeVert,2021,17500000,19085457
Jonathan Isaac,2021,17400000,18976397
Joe Harris,2021,17357143,18929658
Evan Fournier,2021,17142857,18695958
Steven Adams,2021,17073171,18619958
Markelle Fultz,2021,16500000,17994860
Aaron Gordon,2021,16409091,17895714
Gary Trent Jr,2021,16225000,17694945
OG Anunoby,2021,16071429,17527461
Davis Bertans,2021,16000000,17449561
Lauri Markkanen,2021,15690909,17112467
Derrick White,2021,15678571,17099011
Duncan Robinson,2021,15650000,17067852
Marcus Morris,2021,15627907,17043757
Will Barton,2021,15625000,17040587
Norman Powell,2021,15517242,16923066
Dejounte Murray,2021,15428880,16826699
Malik Beasley,2021,14491964,15804900
Patrick Beverley,2021,14320987,15618433
Thaddeus Young,2021,14190000,15475579
Jonas Valanciunas,2021,14000000,15268366
Marcus Smart,2021,13839285,15093090
Doug McDermott,2021,13750000,14995716
Christian Wood,2021,13666667,14904833
Derrick Rose,2021,13445120,14663215
Luke Kennard,2021,13347727,14556998
Taurean Prince,2021,13334375,14542437
Brook Lopez,2021,13302325,14507483
Kentavious Caldwell-Pope,2021,13038862,14220151
Joe Ingles,2021,13036364,14217427
Kyle Kuzma,2021,13000000,14177768
Robert Covington,2021,12975471,14151017
TJ Warren,2021,12940000,14112332
Deandre Ayton,2021,12632950,13777464
Terrence Ross,2021,12500000,13632469
Jordan Clarkson,2021,12420000,13545221
Dillon Brooks,2021,12200000,13305290
Kelly Olynyk,2021,12195122,13299970
Nicolas Batum,2021,12026998,13116613
Kelly Oubre,2021,12000000,13087170
Jusuf Nurkic,2021,12000000,13087170
Josh Hart,2021,12000000,13087170
Josh Richardson,2021,11615328,12667648
Marvin Bagley,2021,11312114,12336964
DeAndre Jordan,2021,11109327,12115804
Dwight Powell,2021,11080125,12083957
Devonte Graham,2021,11000000,11996573
Zion Williamson,2021,10733400,11705820
Larry Nance Jr,2021,10690909,11659479
Jeremy Lamb,2021,10500000,11451274
Reggie Jackson,2021,10384500,11325310
Richaun Holmes,2021,10384500,11325310
Al-Farouq Aminu,2021,10335621,11272002
Anthony Edwards,2021,10245480,11173695
Luka Doncic,2021,10174391,11096166
Cade Cunningham,2021,10050120,10960636
Danny Green,2021,10000000,10905975
Tomas Satoransky,2021,10000000,10905975
Tristan Thompson,2021,9946611,10847749
Kyle Anderson,2021,9937150,10837431
Montrezl Harrell,2021,9720900,10601590
Derrick Jones,2021,9720900,10601590
Serge Ibaka,2021,9720900,10601590
Derrick Favors,2021,9720900,10601590
Jae Crowder,2021,9720900,10601590
Ja Morant,2021,9603360,10473401
Reggie Bullock,2021,9536000,10399938
Alec Burks,2021,9536000,10399938
Talen Horton-Tucker,2021,9500000,10360677
Mason Plumlee,2021,9248333,10086209
Jaren Jackson Jr,2021,9180560,10012296
James Wiseman,2021,9166800,9997289
Jalen Green,2021,8992080,9806740
De'Anthony Melton,2021,8805976,9603776
Nerlens Noel,2021,8800000,9597258
Royce O'Neale,2021,8800000,9597258
Maxi Kleber,2021,8750000,9542728
Jakob Poeltl,2021,8750000,9542728
Thomas Bryant,2021,8666667,9451846
RJ Barrett,2021,8623920,9405226
Alex Caruso,2021,8600000,9379139
Delon Wright,2021,8526316,9298779
Dario Saric,2021,8510000,9280985
Monte Morris,2021,8449074,9214539
Tyus Jones,2021,8376286,9135157
Trae Young,2021,8326471,9080829
Daniel Theis,2021,8280351,9030530
LaMelo Ball,2021,8231760,8977537
Seth Curry,2021,8207518,8951099
JaMychal Green,2021,8200000,8942900
Cedi Osman,2021,8133334,8870194
Evan Mobley,2021,8075160,8806749
De'Andre Hunter,2021,7775400,8479832
DJ Augustin,2021,7622467,8313044
Mo Bamba,2021,7568743,8254452
Ivica Zubac,2021,7518518,8199677
Rajon Rondo,2021,7500000,8179481
TJ McConnell,2021,7500000,8179481
Patrick Williams,2021,7422000,8094415
Cory Joseph,2021,7310000,7972268
Scottie Barnes,2021,7280400,7939986
Darius Garland,2021,7040880,7678766
Chris Boucher,2021,7020000,7655995
PJ Tucker,2021,7000000,7634183
Zach Collins,2021,7000000,7634183
Wendell Carter,2021,6920027,7546964
Juan Hernangomez,2021,6803190,7419542
Isaac Okoro,2021,6720720,7329600
Jalen Suggs,2021,6592920,7190222
Cameron Payne,2021,6500000,7088884
Joakim Noah,2021,6431666,7014359
Jarrett Culver,2021,6395160,6974546
Khem Birch,2021,6350000,6925294
Collin Sexton,2021,6349671,6924935
Onyeka Okongwu,2021,6104280,6657312
Justin Holiday,2021,6006420,6550587
Josh Giddey,2021,5988000,6530498
Patrick Mills,2021,5890000,6423619
Dennis Schroeder,2021,5890000,6423619
Rudy Gay,2021,5890000,6423619
Kevin Knox,2021,5845978,6375609
Coby White,2021,5837760,6366646
Timofey Mozgov,2021,5573333,6078263
Killian Hayes,2021,5572680,6077551
Mikal Bridges,2021,5557725,6061241
Shai Gilgeous-Alexander,2021,5495532,5993413
Jonathan Kuminga,2021,5466360,5961598
Miles Bridges,2021,5421493,5912667
Jaxson Hayes,2021,5348280,5832821
Pat Connaughton,2021,5333334,5816521
Kris Dunn,2021,5317430,5799175
George Hill,2021,5275491,5753437
Michael Porter,2021,5258735,5735163
Dewayne Dedmon,2021,5256308,5732516
Ryan Anderson,2021,5214583,5687011
Hamidou Diallo,2021,5200000,5671107
Kevon Looney,2021,5178572,5647738
Troy Brown,2021,5170564,5639004
Obi Toppin,2021,5105160,5567675
Franz Wagner,2021,5007840,5461538
Josh Jackson,2021,5005350,5458822
Louis Williams,2021,5000000,5452987
Kendrick Nunn,2021,5000000,5452987
Luol Deng,2021,5000000,5452987
Robin Lopez,2021,5000000,5452987
JaVale McGee,2021,5000000,5452987
Danuel House,2021,4997424,5450176
Rui Hachimura,2021,4916160,5361552
Garrett Temple,2021,4910000,5354834
Taj Gibson,2021,4910000,5354834
Torrey Craig,2021,4878049,5319988
Bruce Brown,2021,4736102,5165181
Deni Avdija,2021,4692840,5117999
Donte DiVincenzo,2021,4675830,5099448
Cam Reddish,2021,4670160,5093265
David Nwaba,2021,4650000,5071278
Furkan Korkmaz,2021,4629630,5049063
Davion Mitchell,2021,4603200,5020238
Jeff Green,2021,4500000,4907689
Bryn Forbes,2021,4500000,4907689
Ishmael Smith,2021,4500000,4907689
Jalen Smith,2021,4458000,4861884
Lonnie Walker,2021,4447896,4850864
Cameron Johnson,2021,4437000,4838981
Ziaire Williams,2021,4373040,4769226
Bobby Portis,2021,4347600,4741482
Moe Harkless,2021,4347600,4741482
Kevin Huerter,2021,4253357,4638700
Devin Vassell,2021,4235160,4618855
Chandler Hutchison,2021,4224186,4606886
Willie Cauley-Stein,2021,4220083,4602412
PJ Washington,2021,4215120,4596999
James Bouknight,2021,4154400,4530778
Jevon Carter,2021,4107149,4479246
Josh Okogie,2021,4087904,4458258
Grayson Allen,2021,4054695,4422040
Jarred Vanderbilt,2021,4050000,4416920
Tyrese Haliburton,2021,4023600,4388128
Tyler Herro,2021,4004280,4367058
Gorgui Dieng,2021,4000000,4362390
Dorian Finney-Smith,2021,4000000,4362390
Terence Davis,2021,4000000,4362390
Aaron Holiday,2021,3980551,4341179
Josh Primo,2021,3946800,4304370
Jake Layman,2021,3940184,4297155
Anfernee Simons,2021,3938818,4295665
Justise Winslow,2021,3902439,4255990
Kira Lewis,2021,3822240,4168525
Romeo Langford,2021,3804360,4149025
Sekou Doumbouya,2021,3799131,4143322
Landry Shamet,2021,3768342,4109744
Chris Duarte,2021,3749400,4089086
Alex Len,2021,3732000,4070110
Robert Williams,2021,3661976,3993742
Aaron Nesmith,2021,3631200,3960177
Moses Moody,2021,3562200,3884926
Boban Marjanovic,2021,3500000,3817091
Mike Muscala,2021,3500000,3817091
Cole Anthony,2021,3449400,3761907
Corey Kispert,2021,3383640,3690189
Luka Samanic,2021,3355239,3659215
Michael Carter-Williams,2021,3300000,3598972
Georges Niang,2021,3300000,3598972
Isaiah Stewart,2021,3277080,3573975
Chuma Okeke,2021,3277080,3573975
Nickeil Alexander-Walker,2021,3261480,3556962
Alperen Sengun,2021,3214680,3505922
Jon Leuer,2021,3169348,3456483
Trey Burke,2021,3150000,3435382
Aleksej Pokusevski,2021,3113160,3395204
Facundo Campazzo,2021,3100000,3380852
Goga Bitadze,2021,3098400,3379107
Trey Murphy,2021,3053760,3330423
Sterling Brown,2021,3000000,3271792
Frank Jackson,2021,3000000,3271792
Josh Green,2021,2957520,3225464
Tre Mann,2021,2901240,3164085
Andrew Nicholson,2021,2844429,3102127
Matisse Thybulle,2021,2840160,3097471
Saddiq Bey,2021,2824320,3080196
Kai Jones,2021,2770560,3021566
Brandon Clarke,2021,2726880,2973928
Precious Achiuwa,2021,2711280,2956915
Marc Gasol,2021,2692991,2936969
Jalen Johnson,2021,2659680,2900640
LaMarcus Aldridge,2021,2641691,2881021
James Johnson,2021,2641691,2881021
Ed Davis,2021,2641691,2881021
Andre Iguodala,2021,2641691,2881021
Enes Kanter,2021,2641691,2881021
Avery Bradley,2021,2641691,2881021
Carmelo Anthony,2021,2641691,2881021
Wayne Ellington,2021,2641691,2881021
Trevor Ariza,2021,2641691,2881021
Dwight Howard,2021,2641691,2881021
Udonis Haslem,2021,2641691,2881021
Markieff Morris,2021,2641691,2881021
E'Twaun Moore,2021,2641691,2881021
Paul Millsap,2021,2641691,2881021
Grant Williams,2021,2617800,2854966
Tyrese Maxey,2021,2602920,2838738
Keon Johnson,2021,2553240,2784557
Darius Bazley,2021,2513040,2740715
Trey Lyles,2021,2500000,2726493
Zeke Nnaji,2021,2498760,2725141
Isaiah Jackson,2021,2451240,2673316
Ty Jerome,2021,2412840,2631437
Andre Drummond,2021,2401537,2619110
Austin Rivers,2021,2401537,2619110
Kent Bazemore,2021,2401537,2619110
Hassan Whiteside,2021,2401537,2619110
Otto Porter,2021,2389641,2606136
Victor Oladipo,2021,2389641,2606136
Tony Snell,2021,2389641,2606136
Solomon Hill,2021,2389641,2606136
Ben McLemore,2021,2389641,2606136
Cody Zeller,2021,2389641,2606136
Usman Garuba,2021,2353320,2566525
Leandro Bolmaro,2021,2353320,2566525
Willy Hernangomez,2021,2327220,2538060
Edmond Sumner,2021,2320000,2530186
Nassir Little,2021,2316240,2526085
RJ Hampton,2021,2303040,2511689
DeAndre Bembry,2021,2271045,2476795
Josh Christopher,2021,2259240,2463921
Monta Ellis,2021,2245400,2448827
Drew Eubanks,2021,2239820,2442742
Rodney Hood,2021,2239544,2442441
Elfrid Payton,2021,2239544,2442441
Dylan Windler,2021,2239200,2442066
Immanuel Quickley,2021,2210640,2410918
John Konchar,2021,2200000,2399314
Quentin Grimes,2021,2168640,2365113
Jordan Poole,2021,2161440,2357261
Bol Bol,2021,2161152,2356947
Keldon Johnson,2021,2145720,2340117
Payton Pritchard,2021,2137440,2331086
Jahlil Okafor,2021,2130023,2322997
Bones Hyland,2021,2096880,2286852
Nemanja Bjelica,2021,2089448,2278746
Frank Kaminsky,2021,2089448,2278746
Raul Neto,2021,2089448,2278746
Udoka Azubuike,2021,2075880,2263949
Jaden McDaniels,2021,2063280,2250208
Malachi Flynn,2021,2048040,2233587
DeMarcus Cousins,2021,2038942,2223664
Cam Thomas,2021,2036280,2220762
Desmond Bane,2021,2033160,2217359
Jaden Springer,2021,2023680,2207020
Day'Ron Sharpe,2021,2009160,2191185
Garrison Mathews,2021,2000000,2181195
Jordan McLaughlin,2021,2000000,2181195
Jeremiah Robinson-Earl,2021,2000000,2181195
Theo Maledon,2021,2000000,2181195
Kenrich Williams,2021,2000000,2181195
Abdel Nader,2021,2000000,2181195
Santiago Aldama,2021,1994520,2175218
Damian Jones,2021,1977011,2156123
Wesley Matthews,2021,1958495,2135929
Timothe Luwawu,2021,1939350,2115050
Rodney McGruder,2021,1939350,2115050
Moses Brown,2021,1933909,2109116
Wesley Iwundu,2021,1926834,2101400
Jose Alvarado,2021,1925406,2099843
Damion Lee,2021,1910860,2083979
PJ Dozier,2021,1910860,2083979
Killian Tillie,2021,1901625,2073907
Tyrell Terry,2021,1869438,2038804
Larry Sanders,2021,1865546,2034559
Carsen Edwards,2021,1859365,2027818
Shake Milton,2021,1846738,2014047
Jalen Brunson,2021,1802057,1965319
Mitchell Robinson,2021,1802057,1965319
Tony Bradley,2021,1789256,1951358
Frank Ntilikina,2021,1789256,1951358
Semi Ojeleye,2021,1789256,1951358
Malik Monk,2021,1789256,1951358
Dennis Smith,2021,1789256,1951358
Didi Louzada,2021,1786878,1948764
Nicolas Claxton,2021,1782621,1944122
Jalen McDaniels,2021,1782621,1944122
Cody Martin,2021,1782621,1944122
Dean Wade,2021,1782621,1944122
Vlatko Cancar,2021,1782621,1944122
Kevin Porter,2021,1782621,1944122
Bruno Fernando,2021,1782621,1944122
Terance Mann,2021,1782621,1944122
Jaylen Nowell,2021,1782621,1944122
Naz Reid,2021,1782621,1944122
Isaiah Roby,2021,1782621,1944122
Luguentz Dort,2021,1782621,1944122
KZ Okpala,2021,1782621,1944122
Eric Paschall,2021,1782621,1944122
Daniel Gafford,2021,1782621,1944122
Chimezie Metu,2021,1762796,1922501
Yuta Watanabe,2021,1762796,1922501
Armoni Brooks,2021,1739065,1896619
Isaiah Hartenstein,2021,1729217,1885879
Thanasis Antetokounmpo,2021,1729217,1885879
Moritz Wagner,2021,1729217,1885879
Keita Bates-Diop,2021,1729217,1885879
Sviatoslav Mykhailiuk,2021,1729217,1885879
Isaac Bonga,2021,1729217,1885879
Juan Toscano-Anderson,2021,1701593,1855753
Oshae Brissett,2021,1701593,1855753
Herb Jones,2021,1700000,1854015
Gabriel Deck,2021,1690507,1843662
Matt Thomas,2021,1669178,1820401
Javonte Green,2021,1669178,1820401
Gary Payton II,2021,1669178,1820401
Max Strus,2021,1669178,1820401
Gabe Vincent,2021,1669178,1820401
Robert Woodard,2021,1619015,1765693
Lance Stephenson,2021,1614825,1761124
Deividas Sirvydis,2021,1603559,1748837
Daniel Oturu,2021,1603559,1748837
Kevin Pangos,2021,1569178,1711341
Bismack Biyombo,2021,1518213,1655759
Nick Richards,2021,1517981,1655506
Lamar Stevens,2021,1517981,1655506
KJ Martin,2021,1517981,1655506
Jae'Sean Tate,2021,1517981,1655506
Sam Merrill,2021,1517981,1655506
Xavier Tillman,2021,1517981,1655506
Jordan Nwora,2021,1517981,1655506
Naji Marshall,2021,1517981,1655506
Paul Reed,2021,1517981,1655506
Isaiah Joe,2021,1517981,1655506
CJ Elleby,2021,1517981,1655506
Elijah Hughes,2021,1517981,1655506
Jahmi'us Ramsey,2021,1517981,1655506
Tre Jones,2021,1517981,1655506
Anthony Gill,2021,1517981,1655506
Vernon Carey,2021,1517981,1655506
Isaiah Todd,2021,1500000,1635896
Saben Lee,2021,1489065,1623970
Omer Yurtseven,2021,1489065,1623970
JR Smith,2021,1456667,1588637
Stanley Johnson,2021,1368998,1493025
Duane Washington Jr,2021,1346676,1468681
Aaron Wiggins,2021,1305761,1424059
Marquese Chriss,2021,1292900,1410033
JT Thor,2021,1250000,1363246
DeMarre Carroll,2021,1242340,1354892
Jabari Parker,2021,1168286,1274129
Alfonzo McKinnie,2021,1090007,1188758
Zhaire Smith,2021,1068200,1164976
Jason Preston,2021,1062303,1158545
Isaiah Livers,2021,1057260,1153045
Denzel Valentine,2021,1005633,1096740
Alize Johnson,2021,1003740,1094675
Kyle Singler,2021,999200,1089725
Kelan Martin,2021,993760,1083792
Miye Oni,2021,946261,1031989
Ayo Dosunmu,2021,925258,1009084
Marko Simonovic,2021,925258,1009084
Luka Garza,2021,925258,1009084
BJ Boston,2021,925258,1009084
Austin Reaves,2021,925258,1009084
Miles McBride,2021,925258,1009084
Vit Krejci,2021,925258,1009084
Charles Bassey,2021,925258,1009084
Greg Brown,2021,925258,1009084
Jock Landale,2021,925258,1009084
Dalano Banton,2021,925258,1009084
Jared Butler,2021,925258,1009084
Daishen Nix,2021,923078,1006706
Isaiah Thomas,2021,910926,993452
Terry Taylor,2021,895125,976221
Mamadi Diakite,2021,869078,947814
Caleb Martin,2021,844011,920476
Brad Wanamaker,2021,814918,888747
Luke Kornet,2021,812364,885961
Wayne Selden,2021,812363,885961
Gary Clark,2021,811213,884706
Ryan Arcidiacono,2021,774727,844915
Trendon Watford,2021,768830,838484
Patrick Patterson,2021,737067,803843
Devontae Cacok,2021,726128,791913
Admiral Schofield,2021,723741,789309
Ishmail Wainright,2021,707893,772025
Shaun Livingston,2021,666666,727064
Malik Fitts,2021,630874,688028
Sam Hauser,2021,619498,675623
Greg Monroe,2021,612805,668323
Amir Coffey,2021,573576,625540
Joe Wieskamp,2021,563663,614729
Keifer Sykes,2021,558345,608929
Haywood Highsmith,2021,547701,597321
Nik Stauskas,2021,534993,583461
Davon Reed,2021,532398,580631
Wenyen Gabriel,2021,522015,569306
Skylar Mays,2021,510907,557193
Georgios Kalaitzakis,2021,499852,545137
RJ Nembhard,2021,491876,536438
Chris Silva,2021,479650,523105
Kessler Edwards,2021,463211,505176
Trent Forrest,2021,463211,505176
Sharife Cooper,2021,462629,504542
Brodric Thomas,2021,462629,504542
David Duke,2021,462629,504542
Scottie Lewis,2021,462629,504542
Arnoldas Kulboka,2021,462629,504542
Tyler Cook,2021,462629,504542
Markus Howard,2021,462629,504542
Jamorko Pickett,2021,462629,504542
Sean Chris Smith,2021,462629,504542
Chris Chiozza,2021,462629,504542
Jay Scrubb,2021,462629,504542
Yves Pons,2021,462629,504542
Sandro Mamukelashvili,2021,462629,504542
McKinley Wright,2021,462629,504542
Nathan Knight,2021,462629,504542
Jericho Sims,2021,462629,504542
Ignas Brazdeikis,2021,462629,504542
Keljin Blevins,2021,462629,504542
Neemias Queta,2021,462629,504542
David Johnson,2021,462629,504542
Justin Champagnie,2021,462629,504542
Joel Ayayi,2021,462629,504542
Cassius Winston,2021,462629,504542
Justin Anderson,2021,445828,486218
Theo Pinson,2021,440710,480637
Charlie Brown,2021,431151,470212
Langston Galloway,2021,386127,421108
James Ennis,2021,386127,421107
Tim Frazier,2021,386127,421108
Kyle Guy,2021,383079,417785
Sam Dekker,2021,350000,381709
Quinndary Weatherspoon,2021,346491,377882
Brandon Goodwin,2021,343988,375152
Malcolm Hill,2021,324373,353759
Louis King,2021,316396,345060
Justin Jackson,2021,308493,336441
Shaquille Harrison,2021,308493,336441
DJ Wilson,2021,308493,336441
Jeff Dowtin,2021,305761,333460
Trevelin Queen,2021,303102,330562
Paul Watson,2021,303102,330562
Myles Powell,2021,300443,327662
Jontay Porter,2021,300000,327179
Mason Jones,2021,295125,321862
Eugene Omoruyi,2021,281831,307364
Brandon Knight,2021,274672,299556
Justin Robinson,2021,265953,290047
Ja'Vonte Smart,2021,265878,289965
Mychal Mulder,2021,257902,281266
Tyler Johnson,2021,257418,280738
Cassius Stanley,2021,256734,279993
Zylan Cheatham,2021,256734,279993
Devon Dotson,2021,239291,260970
Marcus Garrett,2021,236632,258070
Lindell Wigginton,2021,233973,255170
Jay Huff,2021,225997,246471
Olivier Sarr,2021,223339,243572
Aaron Henry,2021,223338,243571
Freddie Gillespie,2021,221156,241191
JaQuori McLaughlin,2021,220679,240671
Rayjon Tucker,2021,220639,240628
Tacko Fall,2021,218021,237773
Petr Cornelie,2021,218021,237773
Juwan Morgan,2021,211046,230166
Damyean Dotson,2021,205662,224294
Xavier Moon,2021,202069,220375
Tyrone Wallace,2021,198760,216767
Norvel Pelle,2021,191860,209242
Jaylen Hoard,2021,191860,209242
Tremont Waters,2021,191860,209242
Reggie Perry,2021,188272,205328
Devin Cannady,2021,185578,202390
Brandon Williams,2021,180798,197177
Moses Wright,2021,172821,188477
DeJon Jarreau,2021,172821,188477
Dakota Mathias,2021,171156,186662
Matt Mooney,2021,171156,186662
Daulton Hommes,2021,167504,182679
Grant Riller,2021,162186,176879
Lindy Waters III,2021,159527,173979
CJ Miles,2021,151821,165575
Joe Johnson,2021,151821,165575
Ersan Ilyasova,2021,151821,165575
Darren Collison,2021,151821,165575
Anthony Tolliver,2021,151821,165575
Chaundee Brown,2021,151552,165281
Xavier Sneed,2021,146233,159481
Mario Chalmers,2021,138019,150523
Anthony Lamb,2021,136095,148424
Braxton Key,2021,127622,139183
Troy Williams,2021,122741,133861
Feron Hunt,2021,116987,127585
Mac McClung,2021,111670,121786
Matt Ryan,2021,111669,121785
Emmanuel Mudiay,2021,111457,121554
Carlik Jones,2021,106352,115986
Hassani Gravett,2021,106352,115987
Paris Bass,2021,106352,115987
Jordan Bell,2021,102831,112147
Cheick Diallo,2021,102831,112147
DJ Stewart,2021,101034,110187
Nate Hinton,2021,96213,104929
Derrick Walton,2021,95930,104621
DaQuan Jeffries,2021,95930,104621
Justin James,2021,95930,104621
Scotty Hopson,2021,95930,104621
BJ Johnson,2021,95930,104621
Jaylen Morris,2021,95930,104621
Demetrius Jackson,2021,92857,101269
Cameron Oliver,2021,85578,93331
Chris Clemons,2021,85578,93331
Malik Newman,2021,85578,93331
George King,2021,85578,93331
Jemerrio Jones,2021,85578,93331
Emanuel Terry,2021,85578,93331
Jared Harper,2021,85081,92789
Gabriel Lundberg,2021,79764,86990
Anthony Barber,2021,53176,57993
Malik Ellison,2021,53176,57993
Justin Tillman,2021,53176,57993
Tre Scott,2021,53176,57993
Trayvon Palmer,2021,53176,57993
Micah Potter,2021,53176,57993
Jaysean Paige,2021,53176,57993
Ahmad Caver,2021,53176,57993
Shaq Buchanan,2021,53176,57993
Jon Teske,2021,53176,57993
Aric Holman,2021,53176,57993
Javin DeLaurier,2021,53176,57993
Tyler Hall,2021,53176,57993
Rob Edwards,2021,53176,57993
Aleem Ford,2021,53176,57993
MJ Walker,2021,53176,57993
Cameron McGriff,2021,53176,57993
Jarron Cumberland,2021,53176,57993
Ade Murkey,2021,53176,57993
Jordan Schakel,2021,53176,57993
Jordan Goodwin,2021,53176,57993
Craig Sword,2021,53176,57993
Jaime Echenique,2021,53176,57993
Luca Vildoza,2021,42789,46665
Zavier Simpson,2021,37223,40595
Mfiondu Kabengele,2021,19186,20924
Melvin Frazier,2021,13294,14498
