PLAYER_ID,SEASON_ID,LEAGUE_ID,TEAM_ID,TEAM_ABBREVIATION,PLAYER_AGE,GP,GS,MIN,FGM,FGA,FG_PCT,FG3M,FG3A,FG3_PCT,FTM,FTA,FT_PCT,OREB,DREB,REB,AST,STL,BLK,TOV,PF,PTS,SEASON_TYPE
1630173,2020-21,00,1610612748,MIA,21.0,61,4,12.1,2.0,3.7,0.544,0.0,0.0,0.0,0.9,1.8,0.509,1.2,2.2,3.4,0.5,0.3,0.5,0.7,1.5,5.0,regular
1630173,2021-22,00,1610612761,TOR,22.0,73,28,23.6,3.6,8.3,0.439,0.8,2.1,0.359,1.1,1.8,0.595,2.0,4.5,6.5,1.1,0.5,0.6,1.2,2.1,9.1,regular
1630173,2022-23,00,1610612761,TOR,23.0,55,12,20.7,3.6,7.3,0.485,0.5,2.0,0.269,1.6,2.3,0.702,1.8,4.1,6.0,0.9,0.6,0.5,1.1,1.9,9.2,regular
1630173,2023-24,00,1610612761,TOR,24.0,25,0,17.5,3.1,6.8,0.459,0.5,1.9,0.277,1.0,1.7,0.571,2.0,3.4,5.4,1.8,0.6,0.5,1.2,1.6,7.7,regular
1630173,2023-24,00,1610612752,NYK,24.0,49,18,24.2,3.2,6.1,0.525,0.3,1.0,0.26,0.9,1.4,0.643,2.9,4.3,7.2,1.1,0.6,1.1,1.1,2.1,7.6,regular
1630173,2023-24,00,0,TOT,24.0,74,18,21.9,3.2,6.3,0.501,0.4,1.3,0.268,0.9,1.5,0.616,2.6,4.0,6.6,1.3,0.6,0.9,1.1,1.9,7.6,regular
1630173,2024-25,00,1610612752,NYK,25.0,57,10,20.5,2.9,5.7,0.502,0.2,0.6,0.278,0.7,1.2,0.594,1.8,3.8,5.6,1.0,0.8,0.7,0.8,1.4,6.6,regular
1630173,2025-26,00,1610612758,SAC,26.0,73,57,23.9,4.3,8.2,0.528,0.4,1.3,0.278,1.1,1.9,0.554,2.4,4.3,6.7,1.4,0.9,0.7,0.9,1.7,10.1,regular
1630173,2020-21,00,1610612748,MIA,21.0,3,0,4.0,1.0,1.3,0.75,0.0,0.0,0.0,0.3,1.3,0.25,0.0,2.0,2.0,0.0,0.0,0.7,1.3,0.3,2.3,playoffs
1630173,2021-22,00,1610612761,TOR,22.0,6,1,27.8,4.2,8.7,0.481,0.8,2.7,0.313,1.0,1.7,0.6,1.3,3.5,4.8,1.0,0.2,0.8,1.5,2.3,10.2,playoffs
1630173,2023-24,00,1610612752,NYK,24.0,9,2,20.4,2.3,4.8,0.488,0.0,0.3,0.0,0.6,1.4,0.385,2.4,1.8,4.2,0.6,0.4,1.3,0.4,2.2,5.2,playoffs
1630173,2024-25,00,1610612752,NYK,25.0,8,0,4.3,0.8,1.8,0.429,0.0,0.1,0.0,0.3,0.5,0.5,0.4,0.8,1.1,0.0,0.1,0.0,0.1,0.3,1.8,playoffs
203500,2013-14,00,1610612760,OKC,20.0,81,20,14.8,1.1,2.3,0.503,0.0,0.0,0.0,1.0,1.7,0.581,1.8,2.3,4.1,0.5,0.5,0.7,0.9,2.5,3.3,regular
203500,2014-15,00,1610612760,OKC,21.0,70,67,25.3,3.1,5.7,0.544,0.0,0.0,0.0,1.5,2.9,0.502,2.8,4.6,7.5,0.9,0.5,1.2,1.4,3.2,7.7,regular
203500,2015-16,00,1610612760,OKC,22.0,80,80,25.2,3.3,5.3,0.613,0.0,0.0,0.0,1.4,2.5,0.582,2.7,3.9,6.7,0.8,0.5,1.1,1.1,2.8,8.0,regular
203500,2016-17,00,1610612760,OKC,23.0,80,80,29.9,4.7,8.2,0.571,0.0,0.0,0.0,2.0,3.2,0.611,3.5,4.2,7.7,1.1,1.1,1.0,1.8,2.4,11.3,regular
203500,2017-18,00,1610612760,OKC,24.0,76,76,32.7,5.9,9.4,0.629,0.0,0.0,0.0,2.1,3.8,0.559,5.1,4.0,9.0,1.2,1.2,1.0,1.7,2.8,13.9,regular
203500,2018-19,00,1610612760,OKC,25.0,80,80,33.4,6.0,10.1,0.595,0.0,0.0,0.0,1.8,3.7,0.5,4.9,4.6,9.5,1.6,1.5,1.0,1.7,2.6,13.9,regular
203500,2019-20,00,1610612760,OKC,26.0,63,63,26.7,4.5,7.6,0.592,0.0,0.0,0.333,1.9,3.2,0.582,3.3,6.0,9.3,2.3,0.8,1.1,1.5,1.9,10.9,regular
203500,2020-21,00,1610612740,NOP,27.0,58,58,27.7,3.3,5.3,0.614,0.0,0.1,0.0,1.0,2.3,0.444,3.7,5.2,8.9,1.9,0.9,0.7,1.3,1.9,7.6,regular
203500,2021-22,00,1610612763,MEM,28.0,76,75,26.3,2.8,5.1,0.547,0.0,0.0,0.0,1.4,2.6,0.543,4.6,5.4,10.0,3.4,0.9,0.8,1.5,2.0,6.9,regular
203500,2022-23,00,1610612763,MEM,29.0,42,42,27.0,3.7,6.3,0.597,0.0,0.0,0.0,1.1,3.1,0.364,5.1,6.5,11.5,2.3,0.9,1.1,1.9,2.3,8.6,regular
203500,2024-25,00,1610612745,HOU,31.0,58,3,13.7,1.6,2.9,0.545,0.0,0.0,0.0,0.7,1.6,0.462,2.9,2.8,5.6,1.1,0.4,0.5,0.9,1.0,3.9,regular
203500,2025-26,00,1610612745,HOU,32.0,32,11,22.8,2.2,4.3,0.504,0.0,0.0,0.0,1.5,2.5,0.58,4.5,4.1,8.6,1.5,0.7,0.6,1.1,1.7,5.8,regular
203500,2013-14,00,1610612760,OKC,20.0,18,0,18.4,1.7,2.5,0.689,0.0,0.0,0.0,0.4,1.3,0.348,1.2,2.9,4.1,0.2,0.1,1.3,0.6,2.7,3.9,playoffs
203500,2015-16,00,1610612760,OKC,22.0,18,18,30.7,3.8,6.2,0.613,0.0,0.1,0.0,2.6,4.1,0.63,3.4,6.1,9.5,0.7,0.5,0.8,0.9,3.1,10.1,playoffs
203500,2016-17,00,1610612760,OKC,23.0,5,5,31.4,3.6,5.6,0.643,0.0,0.0,0.0,0.8,2.2,0.364,3.4,3.4,6.8,1.4,1.2,1.8,0.8,2.8,8.0,playoffs
203500,2017-18,00,1610612760,OKC,24.0,6,6,33.3,4.5,7.7,0.587,0.0,0.0,0.0,1.5,2.2,0.692,3.2,4.3,7.5,1.5,0.7,0.7,0.7,2.5,10.5,playoffs
203500,2018-19,00,1610612760,OKC,25.0,5,5,31.8,5.6,8.4,0.667,0.0,0.2,0.0,0.6,1.6,0.375,2.4,4.8,7.2,1.4,1.0,1.0,1.8,2.6,11.8,playoffs
203500,2019-20,00,1610612760,OKC,26.0,7,7,30.0,4.4,7.4,0.596,0.0,0.1,0.0,1.3,2.9,0.45,4.9,6.7,11.6,1.3,0.6,0.3,2.3,1.4,10.1,playoffs
203500,2021-22,00,1610612763,MEM,28.0,7,5,16.3,1.3,3.0,0.429,0.0,0.0,0.0,0.9,1.6,0.545,2.1,4.3,6.4,2.1,0.1,0.1,0.6,1.7,3.4,playoffs
203500,2024-25,00,1610612745,HOU,31.0,7,0,22.1,1.7,2.9,0.6,0.0,0.0,0.0,2.3,4.3,0.533,3.3,3.3,6.6,0.6,0.4,1.1,0.7,1.0,5.7,playoffs
1628389,2017-18,00,1610612748,MIA,20.0,69,19,19.8,2.5,4.9,0.512,0.0,0.1,0.0,1.9,2.6,0.721,1.7,3.8,5.5,1.5,0.5,0.6,1.0,2.0,6.9,regular
1628389,2018-19,00,1610612748,MIA,21.0,82,28,23.3,3.4,5.9,0.576,0.0,0.2,0.2,2.0,2.8,0.735,2.0,5.3,7.3,2.2,0.9,0.8,1.5,2.5,8.9,regular
1628389,2019-20,00,1610612748,MIA,22.0,72,72,33.6,6.1,11.0,0.557,0.0,0.2,0.143,3.7,5.3,0.691,2.4,7.8,10.2,5.1,1.1,1.3,2.8,2.5,15.9,regular
1628389,2020-21,00,1610612748,MIA,23.0,64,64,33.5,7.1,12.5,0.57,0.0,0.1,0.25,4.4,5.5,0.799,2.2,6.7,9.0,5.4,1.2,1.0,2.6,2.3,18.7,regular
1628389,2021-22,00,1610612748,MIA,24.0,56,56,32.6,7.3,13.0,0.557,0.0,0.1,0.0,4.6,6.1,0.753,2.4,7.6,10.1,3.4,1.4,0.8,2.6,3.1,19.1,regular
1628389,2022-23,00,1610612748,MIA,25.0,75,75,34.6,8.0,14.9,0.54,0.0,0.2,0.083,4.3,5.4,0.806,2.5,6.7,9.2,3.2,1.2,0.8,2.5,2.8,20.4,regular
1628389,2023-24,00,1610612748,MIA,26.0,71,71,34.0,7.5,14.3,0.521,0.2,0.6,0.357,4.1,5.5,0.755,2.2,8.1,10.4,3.9,1.1,0.9,2.3,2.2,19.3,regular
1628389,2024-25,00,1610612748,MIA,27.0,78,78,34.3,6.9,14.3,0.485,1.0,2.8,0.357,3.2,4.2,0.765,2.4,7.2,9.6,4.3,1.3,0.7,2.1,2.1,18.1,regular
1628389,2025-26,00,1610612748,MIA,28.0,73,73,32.4,6.9,15.7,0.442,1.7,5.5,0.318,4.5,5.8,0.778,2.0,8.0,10.0,3.2,1.2,0.7,1.6,1.7,20.1,regular
1628389,2017-18,00,1610612748,MIA,20.0,5,0,15.4,1.4,3.0,0.467,0.0,0.2,0.0,0.6,2.8,0.214,1.8,2.2,4.0,0.0,0.0,0.4,0.4,1.6,3.4,playoffs
1628389,2019-20,00,1610612748,MIA,22.0,19,19,36.2,6.5,11.6,0.564,0.0,0.1,0.0,4.7,6.1,0.783,2.5,7.8,10.3,4.4,1.0,0.8,2.5,3.1,17.8,playoffs
1628389,2020-21,00,1610612748,MIA,23.0,4,4,34.0,6.5,14.3,0.456,0.0,0.0,0.0,2.5,3.3,0.769,3.5,5.8,9.3,4.3,1.3,0.5,2.8,2.8,15.5,playoffs
1628389,2021-22,00,1610612748,MIA,24.0,18,18,34.1,5.8,9.7,0.594,0.0,0.1,0.0,3.2,4.2,0.763,2.1,5.9,8.0,2.7,1.0,0.7,2.1,3.1,14.8,playoffs
1628389,2022-23,00,1610612748,MIA,25.0,23,23,37.0,7.3,15.1,0.481,0.0,0.1,0.0,3.4,4.1,0.821,2.7,7.1,9.9,3.7,0.8,0.7,2.7,3.1,17.9,playoffs
1628389,2023-24,00,1610612748,MIA,26.0,5,5,38.6,9.6,19.4,0.495,0.4,2.0,0.2,3.0,4.2,0.714,2.2,7.2,9.4,3.8,0.4,0.0,1.6,3.0,22.6,playoffs
1628389,2024-25,00,1610612748,MIA,27.0,4,4,38.3,7.0,16.0,0.438,1.8,5.3,0.333,1.8,2.8,0.636,4.0,7.0,11.0,4.3,1.0,0.3,3.0,2.3,17.5,playoffs
1630534,2022-23,00,1610612762,UTA,23.0,59,22,20.5,2.8,6.5,0.427,1.4,3.9,0.355,0.9,1.2,0.812,0.7,1.3,2.1,1.1,0.3,0.3,0.7,1.7,7.9,regular
1630534,2023-24,00,1610612762,UTA,24.0,51,10,19.7,2.1,4.9,0.426,0.9,2.8,0.331,0.3,0.4,0.75,0.7,1.8,2.5,0.9,0.5,0.6,0.7,1.3,5.4,regular
1630534,2023-24,00,1610612761,TOR,24.0,27,18,23.6,2.7,6.8,0.391,0.6,2.6,0.217,0.8,1.3,0.611,1.4,1.9,3.3,1.3,0.7,0.6,1.1,1.9,6.7,regular
1630534,2023-24,00,0,TOT,24.0,78,28,21.1,2.3,5.6,0.411,0.8,2.7,0.294,0.5,0.7,0.661,0.9,1.8,2.8,1.1,0.6,0.6,0.8,1.5,5.8,regular
1630534,2024-25,00,1610612761,TOR,25.0,64,45,27.2,4.2,8.3,0.498,1.6,4.0,0.399,0.5,0.8,0.708,1.0,2.8,3.8,1.5,0.9,0.5,0.8,2.0,10.4,regular
1630534,2025-26,00,1610612761,TOR,25.0,42,13,15.5,1.7,4.0,0.424,0.3,1.5,0.185,0.6,0.7,0.862,0.8,1.5,2.3,0.7,0.4,0.3,0.5,1.8,4.3,regular
1630534,2025-26,00,1610612751,BKN,25.0,20,0,16.2,2.5,5.5,0.455,1.1,3.2,0.349,0.6,0.7,0.786,0.7,1.7,2.3,0.9,0.4,0.3,0.6,0.9,6.7,regular
1630534,2025-26,00,0,TOT,25.0,62,13,15.7,2.0,4.5,0.436,0.5,2.1,0.266,0.6,0.7,0.837,0.7,1.5,2.3,0.8,0.4,0.3,0.5,1.5,5.1,regular
1630583,2021-22,00,1610612763,MEM,21.0,32,0,11.3,1.7,4.1,0.402,0.2,1.5,0.125,0.6,1.0,0.625,1.0,1.7,2.7,0.7,0.2,0.3,0.5,1.1,4.1,regular
1630583,2022-23,00,1610612763,MEM,22.0,77,20,21.8,3.2,6.8,0.47,1.2,3.5,0.353,1.4,1.9,0.75,1.1,3.7,4.8,1.3,0.6,0.6,0.8,1.9,9.0,regular
1630583,2023-24,00,1610612763,MEM,23.0,61,35,26.5,4.0,9.3,0.435,1.7,5.0,0.349,0.9,1.4,0.621,1.2,4.6,5.8,2.3,0.7,0.9,1.1,1.5,10.7,regular
1630583,2024-25,00,1610612763,MEM,24.0,65,16,25.5,4.8,10.0,0.483,1.8,5.0,0.368,1.0,1.4,0.691,1.4,5.0,6.4,2.9,0.8,0.4,1.1,1.2,12.5,regular
1630583,2025-26,00,1610612763,MEM,25.0,43,11,27.9,5.3,11.1,0.479,1.6,4.7,0.35,1.8,2.7,0.667,1.6,5.1,6.7,2.9,0.9,0.7,1.3,1.6,14.0,regular
1630583,2022-23,00,1610612763,MEM,22.0,6,0,16.8,2.5,5.5,0.455,1.2,2.5,0.467,0.3,0.3,1.0,1.2,3.2,4.3,1.2,0.5,0.0,0.3,0.8,6.5,playoffs
1630583,2024-25,00,1610612763,MEM,24.0,4,1,30.5,5.3,11.0,0.477,2.5,6.0,0.417,0.0,0.0,0.0,0.5,5.5,6.0,1.8,0.0,0.3,1.3,1.8,13.0,playoffs
1641725,2024-25,00,1610612743,DEN,22.0,24,0,4.9,0.5,1.7,0.317,0.1,0.7,0.176,0.1,0.2,0.75,0.0,0.5,0.5,0.5,0.1,0.0,0.2,0.4,1.3,regular
1641725,2025-26,00,1610612740,NOP,22.0,9,0,12.3,2.1,4.1,0.514,0.7,1.3,0.5,0.3,0.6,0.6,0.1,1.1,1.2,1.0,0.7,0.2,0.3,1.4,5.2,regular
1629638,2019-20,00,1610612740,NOP,21.0,47,1,12.6,2.1,5.7,0.368,1.0,2.8,0.346,0.5,0.8,0.676,0.2,1.6,1.8,1.9,0.4,0.2,1.1,1.2,5.7,regular
1629638,2020-21,00,1610612740,NOP,22.0,46,13,21.9,4.2,10.0,0.419,1.7,4.8,0.347,1.0,1.4,0.727,0.3,2.8,3.1,2.2,1.0,0.5,1.5,1.9,11.0,regular
1629638,2021-22,00,1610612740,NOP,23.0,50,19,26.3,4.7,12.6,0.375,1.9,6.1,0.311,1.4,1.9,0.722,0.7,2.6,3.3,2.8,0.8,0.4,1.7,1.8,12.8,regular
1629638,2021-22,00,1610612762,UTA,23.0,15,2,9.9,1.1,3.2,0.333,0.7,2.2,0.303,0.7,0.8,0.917,0.1,1.5,1.5,1.1,0.3,0.3,0.5,1.0,3.5,regular
1629638,2021-22,00,0,TOT,23.0,65,21,22.6,3.9,10.5,0.372,1.6,5.2,0.311,1.2,1.7,0.743,0.6,2.3,2.9,2.4,0.7,0.4,1.4,1.6,10.6,regular
1629638,2022-23,00,1610612762,UTA,24.0,36,3,14.7,2.3,4.7,0.488,1.0,2.4,0.402,0.8,1.1,0.692,0.2,1.4,1.6,2.1,0.7,0.4,1.3,1.6,6.3,regular
1629638,2022-23,00,1610612750,MIN,24.0,23,0,15.5,2.1,5.4,0.384,1.1,3.1,0.361,0.6,0.9,0.619,0.3,1.5,1.8,1.4,0.3,0.3,0.4,1.3,5.9,regular
1629638,2022-23,00,0,TOT,24.0,59,3,15.0,2.2,5.0,0.444,1.0,2.7,0.384,0.7,1.0,0.667,0.3,1.5,1.7,1.8,0.5,0.4,0.9,1.5,6.2,regular
1629638,2023-24,00,1610612750,MIN,25.0,82,20,23.4,2.9,6.6,0.439,1.6,4.1,0.391,0.6,0.8,0.8,0.4,1.6,2.0,2.5,0.8,0.5,0.9,1.7,8.0,regular
1629638,2024-25,00,1610612750,MIN,26.0,82,10,25.3,3.3,7.5,0.438,1.7,4.5,0.381,1.1,1.4,0.78,0.7,2.6,3.2,2.7,0.6,0.4,1.2,1.7,9.4,regular
1629638,2025-26,00,1610612737,ATL,27.0,78,71,33.4,7.0,15.3,0.459,3.2,8.1,0.399,3.6,3.9,0.902,0.7,2.8,3.4,3.7,1.3,0.5,2.1,2.2,20.8,regular
1629638,2021-22,00,1610612762,UTA,23.0,1,0,5.0,2.0,2.0,1.0,0.0,0.0,0.0,1.0,1.0,1.0,0.0,1.0,1.0,1.0,1.0,0.0,0.0,0.0,5.0,playoffs
1629638,2022-23,00,1610612750,MIN,24.0,5,4,29.6,3.0,7.0,0.429,2.0,5.0,0.4,0.4,0.6,0.667,0.2,1.8,2.0,1.4,0.6,0.2,0.8,1.8,8.4,playoffs
1629638,2023-24,00,1610612750,MIN,25.0,16,1,23.6,2.6,7.0,0.366,1.5,5.1,0.296,0.6,0.6,1.0,0.3,1.4,1.8,2.3,0.6,0.4,0.9,1.5,7.3,playoffs
1629638,2024-25,00,1610612750,MIN,26.0,15,0,20.7,2.9,7.5,0.389,1.5,4.2,0.349,1.0,1.1,0.882,0.5,1.3,1.8,2.3,0.4,0.3,1.5,1.6,8.3,playoffs
1629638,2025-26,00,1610612737,ATL,27.0,6,6,35.5,4.5,11.8,0.38,3.0,7.2,0.419,1.7,2.5,0.667,0.5,1.8,2.3,2.7,0.5,0.8,2.8,2.0,13.7,playoffs
1628960,2018-19,00,1610612762,UTA,23.0,38,2,10.9,1.8,4.7,0.376,0.8,2.6,0.323,1.2,1.6,0.75,0.1,0.5,0.6,0.7,0.2,0.2,0.9,1.2,5.6,regular
1628960,2019-20,00,1610612763,MEM,24.0,38,0,18.9,3.1,6.6,0.466,1.5,3.7,0.404,1.0,1.2,0.867,0.2,2.0,2.2,1.4,0.3,0.1,0.9,1.4,8.7,regular
1628960,2020-21,00,1610612763,MEM,25.0,50,38,25.2,3.5,8.3,0.418,2.1,5.5,0.391,1.6,1.8,0.868,0.4,2.8,3.2,2.2,0.9,0.2,1.0,1.4,10.6,regular
1628960,2021-22,00,1610612749,MIL,26.0,66,61,27.3,3.9,8.6,0.448,2.4,5.9,0.409,1.0,1.1,0.865,0.5,2.9,3.4,1.5,0.7,0.3,0.7,1.5,11.1,regular
1628960,2022-23,00,1610612749,MIL,27.0,72,70,27.4,3.4,7.7,0.44,2.0,5.1,0.399,1.6,1.8,0.905,0.8,2.4,3.3,2.3,0.9,0.2,1.0,1.6,10.4,regular
1628960,2023-24,00,1610612756,PHX,28.0,75,74,33.5,4.5,9.1,0.499,2.7,5.9,0.461,1.7,2.0,0.878,0.6,3.3,3.9,3.0,0.9,0.6,1.3,2.1,13.5,regular
1628960,2024-25,00,1610612756,PHX,29.0,64,7,24.1,3.4,7.6,0.448,2.3,5.5,0.426,1.5,1.8,0.816,0.5,2.5,3.0,2.1,0.8,0.3,1.2,1.5,10.6,regular
1628960,2025-26,00,1610612756,PHX,30.0,51,27,28.8,5.3,13.1,0.403,3.1,8.9,0.349,2.8,3.3,0.857,0.7,2.3,3.0,3.8,1.4,0.3,1.6,2.3,16.5,regular
1628960,2018-19,00,1610612762,UTA,23.0,2,0,7.0,1.0,3.5,0.286,0.0,1.5,0.0,2.5,3.5,0.714,0.0,0.5,0.5,0.0,0.0,0.0,0.0,0.0,4.5,playoffs
1628960,2020-21,00,1610612763,MEM,25.0,5,0,23.2,2.4,6.6,0.364,1.6,4.2,0.381,0.0,0.2,0.0,0.6,2.0,2.6,0.2,0.4,0.2,0.2,2.6,6.4,playoffs
1628960,2021-22,00,1610612749,MIL,26.0,12,5,25.4,3.1,6.8,0.451,1.6,4.0,0.396,0.6,0.9,0.636,0.4,2.5,2.9,1.3,0.7,0.3,0.8,1.8,8.3,playoffs
1628960,2022-23,00,1610612749,MIL,27.0,5,5,29.8,3.8,8.2,0.463,2.8,5.8,0.483,1.2,1.4,0.857,0.2,2.2,2.4,1.8,0.4,0.0,0.8,1.4,11.6,playoffs
1628960,2023-24,00,1610612756,PHX,28.0,2,2,21.5,0.5,2.5,0.2,0.5,2.5,0.2,2.0,2.0,1.0,1.0,3.0,4.0,1.0,0.5,0.0,1.5,2.0,3.5,playoffs
1628960,2025-26,00,1610612756,PHX,30.0,2,0,19.0,3.0,6.5,0.462,2.0,5.5,0.364,1.5,2.0,0.75,0.5,1.5,2.0,2.0,0.0,1.0,0.0,1.5,9.5,playoffs
1628386,2017-18,00,1610612751,BKN,20.0,72,31,20.0,3.3,5.5,0.589,0.1,0.2,0.333,1.6,2.0,0.776,2.0,3.4,5.4,0.7,0.4,1.2,1.1,2.0,8.2,regular
1628386,2018-19,00,1610612751,BKN,21.0,80,80,26.2,4.2,7.1,0.59,0.1,0.6,0.133,2.5,3.5,0.709,2.4,6.0,8.4,1.4,0.5,1.5,1.3,2.3,10.9,regular
1628386,2019-20,00,1610612751,BKN,22.0,70,64,26.5,4.3,6.6,0.649,0.0,0.1,0.0,2.4,3.9,0.633,3.1,6.5,9.6,1.6,0.6,1.3,1.1,2.3,11.1,regular
1628386,2020-21,00,1610612751,BKN,23.0,12,5,26.7,3.7,5.4,0.677,0.0,0.0,0.0,3.8,5.1,0.754,3.2,7.3,10.4,1.7,0.6,1.6,1.8,1.8,11.2,regular
1628386,2020-21,00,1610612739,CLE,23.0,51,40,30.3,5.0,8.2,0.609,0.1,0.4,0.316,3.1,4.5,0.69,3.1,6.8,9.9,1.7,0.5,1.4,1.5,1.5,13.2,regular
1628386,2020-21,00,0,TOT,23.0,63,45,29.6,4.7,7.7,0.618,0.1,0.3,0.316,3.2,4.6,0.703,3.1,6.9,10.0,1.7,0.5,1.4,1.6,1.5,12.8,regular
1628386,2021-22,00,1610612739,CLE,24.0,56,56,32.3,6.6,9.7,0.677,0.0,0.2,0.1,2.9,4.2,0.708,3.4,7.3,10.8,1.6,0.8,1.3,1.7,1.7,16.1,regular
1628386,2022-23,00,1610612739,CLE,25.0,68,68,32.6,5.9,9.2,0.644,0.0,0.1,0.1,2.4,3.3,0.733,3.3,6.5,9.8,1.7,0.8,1.2,1.4,2.3,14.3,regular
1628386,2023-24,00,1610612739,CLE,26.0,77,77,31.7,6.7,10.6,0.634,0.0,0.1,0.0,3.0,4.1,0.742,3.2,7.4,10.5,2.7,0.7,1.1,1.6,1.9,16.5,regular
1628386,2024-25,00,1610612739,CLE,27.0,82,82,28.0,5.5,7.8,0.706,0.0,0.1,0.0,2.4,3.4,0.718,2.6,7.1,9.7,1.9,0.9,0.9,1.2,1.5,13.5,regular
1628386,2025-26,00,1610612739,CLE,28.0,56,56,27.1,6.0,9.4,0.638,0.0,0.2,0.1,3.3,4.7,0.709,2.6,5.9,8.5,1.8,1.0,0.8,1.3,1.7,15.4,regular
1628386,2018-19,00,1610612751,BKN,21.0,5,5,22.0,3.8,6.4,0.594,0.0,0.0,0.0,3.4,4.0,0.85,3.0,3.8,6.8,2.2,0.6,0.6,1.6,2.6,11.0,playoffs
1628386,2019-20,00,1610612751,BKN,22.0,4,4,33.0,3.5,6.0,0.583,0.0,0.0,0.0,3.3,4.0,0.813,4.3,10.5,14.8,2.3,0.5,1.8,2.8,1.8,10.3,playoffs
1628386,2022-23,00,1610612739,CLE,25.0,5,5,38.2,4.4,7.2,0.611,0.0,0.0,0.0,0.6,1.2,0.5,3.0,4.4,7.4,2.4,0.8,1.0,0.6,2.0,9.4,playoffs
1628386,2023-24,00,1610612739,CLE,26.0,4,4,31.8,6.3,9.3,0.676,0.0,0.0,0.0,4.5,6.5,0.692,3.8,10.0,13.8,1.3,1.3,1.0,1.3,2.0,17.0,playoffs
1628386,2024-25,00,1610612739,CLE,27.0,9,9,29.0,4.9,6.8,0.721,0.0,0.0,0.0,3.7,3.9,0.943,2.3,6.1,8.4,1.3,1.4,0.9,1.9,1.7,13.4,playoffs
1628386,2025-26,00,1610612739,CLE,28.0,18,18,29.4,4.8,7.6,0.635,0.0,0.0,0.0,3.1,5.3,0.579,3.2,4.0,7.2,1.1,1.0,1.7,0.9,2.0,12.7,playoffs
1630631,2021-22,00,1610612740,NOP,24.0,54,1,15.4,2.4,5.4,0.446,0.6,2.0,0.291,0.7,1.0,0.679,0.5,1.4,1.9,2.8,1.3,0.1,0.7,1.4,6.1,regular
1630631,2022-23,00,1610612740,NOP,25.0,61,10,21.5,3.3,8.0,0.411,1.4,4.0,0.336,1.1,1.3,0.813,0.5,1.9,2.3,3.0,1.1,0.2,1.3,2.0,9.0,regular
1630631,2023-24,00,1610612740,NOP,26.0,56,0,18.4,2.5,6.2,0.412,1.4,3.7,0.377,0.6,0.9,0.673,0.4,1.8,2.3,2.1,1.1,0.3,0.7,1.6,7.1,regular
1630631,2024-25,00,1610612740,NOP,27.0,56,23,24.4,3.6,9.3,0.392,2.0,5.5,0.359,1.1,1.3,0.811,0.5,1.9,2.4,4.6,1.3,0.3,1.5,1.6,10.3,regular
1630631,2025-26,00,1610612740,NOP,28.0,41,0,21.9,2.9,6.8,0.418,1.7,4.7,0.363,0.5,0.6,0.833,0.4,2.4,2.8,3.1,0.9,0.1,1.1,2.0,7.9,regular
1630631,2025-26,00,1610612752,NYK,28.0,28,3,16.9,2.5,6.0,0.414,1.1,3.4,0.33,0.5,0.8,0.682,0.4,1.7,2.0,3.8,1.0,0.1,1.1,1.8,6.6,regular
1630631,2025-26,00,0,TOT,28.0,69,3,19.9,2.7,6.5,0.416,1.5,4.2,0.352,0.5,0.7,0.761,0.4,2.1,2.5,3.4,1.0,0.1,1.1,1.9,7.4,regular
1630631,2021-22,00,1610612740,NOP,24.0,6,0,19.5,2.7,5.5,0.485,1.0,2.7,0.375,1.7,2.2,0.769,0.3,1.0,1.3,1.5,1.2,0.2,1.2,3.0,8.0,playoffs
1630631,2023-24,00,1610612740,NOP,26.0,4,0,15.5,0.8,5.0,0.15,0.3,3.5,0.071,0.0,0.0,0.0,0.0,1.0,1.0,2.3,1.3,0.3,1.0,0.8,1.8,playoffs
1630631,2025-26,00,1610612752,NYK,28.0,14,0,8.6,1.7,3.5,0.49,0.7,1.8,0.4,0.2,0.2,1.0,0.0,1.1,1.1,1.1,0.7,0.1,0.6,0.9,4.4,playoffs
203937,2014-15,00,1610612759,SAS,21.0,33,8,10.8,0.9,2.7,0.348,0.1,0.3,0.273,0.3,0.4,0.643,0.2,2.0,2.2,0.8,0.5,0.2,0.3,0.8,2.2,regular
203937,2015-16,00,1610612759,SAS,22.0,78,11,16.0,1.8,3.8,0.468,0.2,0.5,0.324,0.8,1.1,0.747,0.3,2.8,3.1,1.6,0.8,0.4,0.8,1.2,4.5,regular
203937,2016-17,00,1610612759,SAS,23.0,72,14,14.2,1.3,2.9,0.445,0.2,0.6,0.375,0.6,0.8,0.789,0.5,2.4,2.9,1.3,0.7,0.4,0.5,0.9,3.4,regular
203937,2017-18,00,1610612759,SAS,24.0,74,67,26.7,3.1,5.9,0.527,0.3,0.8,0.333,1.4,2.0,0.712,1.1,4.2,5.4,2.7,1.6,0.8,1.3,1.5,7.9,regular
203937,2018-19,00,1610612763,MEM,25.0,43,40,29.8,3.5,6.4,0.543,0.2,0.8,0.265,0.9,1.5,0.578,1.1,4.7,5.8,3.0,1.3,0.9,1.3,2.6,8.0,regular
203937,2019-20,00,1610612763,MEM,26.0,67,28,19.9,2.3,4.9,0.474,0.4,1.3,0.282,0.8,1.2,0.667,0.9,3.4,4.3,2.4,0.8,0.6,1.0,1.7,5.8,regular
203937,2020-21,00,1610612763,MEM,27.0,69,69,27.3,4.5,9.5,0.468,1.4,3.8,0.36,2.1,2.7,0.783,0.8,5.0,5.7,3.6,1.2,0.8,1.2,1.7,12.4,regular
203937,2021-22,00,1610612763,MEM,28.0,69,11,21.5,3.0,6.8,0.446,0.5,1.6,0.33,1.0,1.5,0.638,1.0,4.3,5.3,2.7,1.1,0.7,1.0,1.6,7.6,regular
203937,2022-23,00,1610612750,MIN,29.0,69,46,28.4,3.7,7.2,0.509,0.6,1.5,0.41,1.4,2.0,0.735,1.0,4.4,5.3,4.9,1.1,0.9,1.5,2.1,9.4,regular
203937,2023-24,00,1610612750,MIN,30.0,79,10,22.6,2.5,5.5,0.46,0.1,0.6,0.229,1.2,1.7,0.708,0.8,2.7,3.5,4.2,0.9,0.6,1.2,1.6,6.4,regular
203937,2024-25,00,1610612744,GSW,31.0,36,3,15.0,2.1,4.7,0.45,0.5,1.4,0.365,0.5,0.8,0.667,0.8,2.3,3.1,2.3,0.7,0.6,0.6,1.1,5.3,regular
203937,2024-25,00,1610612748,MIA,31.0,25,1,18.4,2.6,5.4,0.493,0.2,0.7,0.333,1.2,1.5,0.789,1.0,2.8,3.8,2.6,0.6,0.5,0.7,1.6,6.7,regular
203937,2024-25,00,0,TOT,31.0,61,4,16.4,2.3,5.0,0.469,0.4,1.1,0.357,0.8,1.1,0.738,0.9,2.5,3.4,2.4,0.7,0.5,0.6,1.3,5.9,regular
203937,2025-26,00,1610612762,UTA,32.0,20,0,20.1,2.9,5.5,0.523,0.2,0.3,0.6,1.3,1.9,0.658,1.0,2.4,3.3,3.1,1.2,0.5,0.9,2.3,7.1,regular
203937,2025-26,00,1610612763,MEM,32.0,4,3,22.3,3.8,4.8,0.789,0.3,0.3,1.0,1.5,2.0,0.75,0.8,2.8,3.5,0.8,1.5,1.0,1.8,3.0,9.3,regular
203937,2025-26,00,1610612750,MIN,32.0,19,2,19.1,1.8,3.9,0.473,0.0,0.3,0.0,0.9,1.2,0.773,1.1,2.6,3.7,3.3,0.8,0.6,0.8,2.0,4.6,regular
203937,2025-26,00,0,TOT,32.0,43,5,19.8,2.5,4.7,0.53,0.1,0.3,0.364,1.1,1.6,0.706,1.0,2.5,3.5,2.9,1.0,0.6,0.9,2.2,6.2,regular
203937,2015-16,00,1610612759,SAS,22.0,10,0,12.9,0.8,2.5,0.32,0.1,0.3,0.333,0.6,0.7,0.857,0.2,2.2,2.4,0.7,0.6,0.3,0.4,1.1,2.3,playoffs
203937,2016-17,00,1610612759,SAS,23.0,15,1,13.0,2.4,4.3,0.563,0.2,0.7,0.3,0.5,0.7,0.727,0.8,2.3,3.1,1.7,0.7,0.1,0.5,0.5,5.5,playoffs
203937,2017-18,00,1610612759,SAS,24.0,5,1,14.6,2.4,4.0,0.6,0.0,0.8,0.0,0.6,0.8,0.75,1.0,1.6,2.6,0.6,1.2,0.2,0.6,2.0,5.4,playoffs
203937,2020-21,00,1610612763,MEM,27.0,5,5,28.4,3.6,8.4,0.429,0.6,2.4,0.25,0.6,0.8,0.75,0.8,4.2,5.0,3.2,2.8,0.0,0.8,1.8,8.4,playoffs
203937,2021-22,00,1610612763,MEM,28.0,12,1,18.4,2.4,4.3,0.569,0.3,1.0,0.25,0.9,1.5,0.611,0.8,3.5,4.3,1.8,0.9,0.6,0.8,1.8,6.0,playoffs
203937,2022-23,00,1610612750,MIN,29.0,4,0,26.0,3.8,7.5,0.5,0.5,1.5,0.333,0.5,0.5,1.0,0.8,3.3,4.0,4.5,1.8,0.5,1.5,3.3,8.5,playoffs
203937,2023-24,00,1610612750,MIN,30.0,15,1,15.4,1.7,3.8,0.456,0.1,0.5,0.25,0.7,0.8,0.833,1.2,1.5,2.7,2.5,0.7,0.3,0.7,1.7,4.3,playoffs
203937,2024-25,00,1610612748,MIA,31.0,2,0,7.0,0.0,1.0,0.0,0.0,0.0,0.0,0.0,0.0,0.0,0.0,0.5,0.5,0.5,0.0,0.0,0.5,0.5,0.0,playoffs
203937,2025-26,00,1610612750,MIN,32.0,8,0,7.6,0.8,2.1,0.353,0.0,0.1,0.0,0.4,1.0,0.375,0.3,0.6,0.9,1.9,0.3,0.0,0.8,0.8,1.9,playoffs
1630828,2025-26,00,1610612749,MIL,24.0,6,0,3.5,0.5,1.3,0.375,0.3,1.2,0.286,1.8,2.5,0.733,0.3,0.7,1.0,0.2,0.0,0.2,0.2,0.2,3.2,regular
203507,2013-14,00,1610612749,MIL,19.0,77,23,24.6,2.2,5.4,0.414,0.5,1.5,0.347,1.8,2.6,0.683,1.0,3.4,4.4,1.9,0.8,0.8,1.6,2.2,6.8,regular
203507,2014-15,00,1610612749,MIL,20.0,81,71,31.4,4.7,9.6,0.491,0.1,0.5,0.159,3.2,4.3,0.741,1.2,5.5,6.7,2.6,0.9,1.0,2.1,3.1,12.7,regular
203507,2015-16,00,1610612749,MIL,21.0,80,79,35.3,6.4,12.7,0.506,0.4,1.4,0.257,3.7,5.1,0.724,1.4,6.2,7.7,4.3,1.2,1.4,2.6,3.2,16.9,regular
203507,2016-17,00,1610612749,MIL,22.0,80,80,35.6,8.2,15.7,0.521,0.6,2.3,0.272,5.9,7.7,0.77,1.8,7.0,8.8,5.4,1.6,1.9,2.9,3.1,22.9,regular
203507,2017-18,00,1610612749,MIL,23.0,75,75,36.7,9.9,18.7,0.529,0.6,1.9,0.307,6.5,8.5,0.76,2.1,8.0,10.0,4.8,1.5,1.4,3.0,3.1,26.9,regular
203507,2018-19,00,1610612749,MIL,24.0,72,72,32.8,10.0,17.3,0.578,0.7,2.8,0.256,6.9,9.5,0.729,2.2,10.3,12.5,5.9,1.3,1.5,3.7,3.2,27.7,regular
203507,2019-20,00,1610612749,MIL,25.0,63,63,30.4,10.9,19.7,0.553,1.4,4.7,0.304,6.3,10.0,0.633,2.2,11.4,13.6,5.6,1.0,1.0,3.7,3.1,29.5,regular
203507,2020-21,00,1610612749,MIL,26.0,61,61,33.0,10.3,18.0,0.569,1.1,3.6,0.303,6.5,9.5,0.685,1.6,9.4,11.0,5.9,1.2,1.2,3.4,2.8,28.1,regular
203507,2021-22,00,1610612749,MIL,27.0,67,67,32.9,10.3,18.6,0.553,1.1,3.6,0.293,8.3,11.4,0.722,2.0,9.6,11.6,5.8,1.1,1.4,3.3,3.2,29.9,regular
203507,2022-23,00,1610612749,MIL,28.0,63,63,32.1,11.2,20.3,0.553,0.7,2.7,0.275,7.9,12.3,0.645,2.2,9.6,11.8,5.7,0.8,0.8,3.9,3.1,31.1,regular
203507,2023-24,00,1610612749,MIL,29.0,73,73,35.2,11.5,18.8,0.611,0.5,1.7,0.274,7.0,10.7,0.657,2.7,8.8,11.5,6.5,1.2,1.1,3.4,2.9,30.4,regular
203507,2024-25,00,1610612749,MIL,30.0,67,67,34.2,11.8,19.7,0.601,0.2,0.9,0.222,6.5,10.6,0.617,2.2,9.7,11.9,6.5,0.9,1.2,3.1,2.3,30.4,regular
203507,2025-26,00,1610612749,MIL,31.0,36,36,28.9,10.4,16.6,0.624,0.4,1.3,0.333,6.4,9.9,0.65,2.7,7.1,9.8,5.4,0.9,0.7,3.2,2.4,27.6,regular
203507,2014-15,00,1610612749,MIL,20.0,6,6,33.5,4.3,11.8,0.366,0.0,0.2,0.0,2.8,3.8,0.739,2.0,5.0,7.0,2.7,0.5,1.5,1.8,3.0,11.5,playoffs
203507,2016-17,00,1610612749,MIL,22.0,6,6,40.5,10.0,18.7,0.536,0.7,1.7,0.4,4.2,7.7,0.543,1.7,7.8,9.5,4.0,2.2,1.7,3.3,3.5,24.8,playoffs
203507,2017-18,00,1610612749,MIL,23.0,7,7,40.0,9.9,17.3,0.57,0.6,2.0,0.286,5.4,7.9,0.691,1.1,8.4,9.6,6.3,1.4,0.9,2.4,4.0,25.7,playoffs
203507,2018-19,00,1610612749,MIL,24.0,15,15,34.3,8.6,17.4,0.494,1.2,3.7,0.327,7.1,11.2,0.637,2.4,9.8,12.2,4.9,1.2,2.0,3.3,3.2,25.5,playoffs
203507,2019-20,00,1610612749,MIL,25.0,9,9,30.8,10.0,17.9,0.559,1.4,4.4,0.325,5.2,9.0,0.58,3.0,10.8,13.8,5.7,0.7,0.9,3.3,3.4,26.7,playoffs
203507,2020-21,00,1610612749,MIL,26.0,21,21,38.1,11.9,20.9,0.569,0.6,3.3,0.186,5.8,9.8,0.587,2.8,10.0,12.8,5.1,1.0,1.2,3.0,2.9,30.2,playoffs
203507,2021-22,00,1610612749,MIL,27.0,12,12,37.3,11.7,23.8,0.491,0.8,3.4,0.22,7.6,11.2,0.679,2.2,12.0,14.2,6.8,0.7,1.3,4.5,3.6,31.7,playoffs
203507,2022-23,00,1610612749,MIL,28.0,3,3,30.3,9.3,17.7,0.528,0.0,1.0,0.0,4.7,10.3,0.452,2.7,8.3,11.0,5.3,0.3,0.7,4.7,3.0,23.3,playoffs
203507,2024-25,00,1610612749,MIL,30.0,5,5,37.6,12.0,19.8,0.606,0.2,1.0,0.2,8.8,12.6,0.698,3.8,11.6,15.4,6.6,1.0,1.0,4.6,2.4,33.0,playoffs
203648,2015-16,00,1610612752,NYK,23.0,2,0,3.0,1.5,2.0,0.75,0.0,0.5,0.0,0.0,0.0,0.0,0.0,0.5,0.5,0.0,0.0,0.0,0.0,1.0,3.0,regular
203648,2019-20,00,1610612749,MIL,27.0,20,2,6.5,1.2,2.4,0.5,0.0,0.5,0.0,0.4,0.9,0.412,0.6,0.6,1.2,0.8,0.4,0.1,0.6,0.9,2.8,regular
203648,2020-21,00,1610612749,MIL,28.0,57,3,9.7,1.2,2.4,0.489,0.1,0.5,0.241,0.4,0.9,0.51,0.9,1.2,2.2,0.8,0.4,0.2,0.8,1.3,2.9,regular
203648,2021-22,00,1610612749,MIL,29.0,48,6,9.9,1.5,2.7,0.547,0.0,0.3,0.143,0.6,1.0,0.63,0.8,1.3,2.1,0.5,0.3,0.3,0.5,1.4,3.6,regular
203648,2022-23,00,1610612749,MIL,30.0,37,0,5.6,0.5,1.2,0.435,0.0,0.2,0.0,0.3,0.6,0.5,0.4,0.8,1.2,0.4,0.1,0.1,0.3,0.6,1.4,regular
203648,2023-24,00,1610612749,MIL,31.0,34,0,4.6,0.5,0.9,0.533,0.0,0.0,0.0,0.0,0.1,0.0,0.2,0.2,0.4,0.5,0.2,0.1,0.4,0.7,0.9,regular
203648,2025-26,00,1610612749,MIL,33.0,34,0,4.4,0.4,0.9,0.469,0.0,0.1,0.0,0.5,0.9,0.567,0.4,0.5,0.9,0.4,0.4,0.2,0.3,0.5,1.4,regular
203648,2020-21,00,1610612749,MIL,28.0,13,0,3.5,0.2,0.5,0.286,0.0,0.0,0.0,0.4,0.5,0.833,0.2,0.5,0.8,0.2,0.4,0.2,0.2,0.9,0.7,playoffs
203648,2021-22,00,1610612749,MIL,29.0,8,0,2.5,0.3,0.4,0.667,0.0,0.0,0.0,0.1,0.4,0.333,0.1,0.4,0.5,0.1,0.1,0.0,0.0,0.5,0.6,playoffs
203648,2022-23,00,1610612749,MIL,30.0,2,0,2.5,0.0,0.0,0.0,0.0,0.0,0.0,0.0,0.0,0.0,0.0,0.0,0.0,0.0,0.0,0.0,0.0,0.0,0.0,playoffs
203648,2023-24,00,1610612749,MIL,31.0,2,0,2.5,0.0,0.0,0.0,0.0,0.0,0.0,0.0,0.0,0.0,0.0,0.0,0.0,0.0,0.5,0.5,0.0,0.5,0.0,playoffs
1630175,2020-21,00,1610612753,ORL,21.0,47,34,27.1,4.7,11.7,0.397,1.2,3.7,0.337,2.3,2.8,0.832,0.8,3.9,4.7,4.1,0.6,0.4,2.3,2.1,12.9,regular
1630175,2021-22,00,1610612753,ORL,22.0,65,65,31.7,5.5,14.0,0.391,2.0,6.0,0.338,3.3,3.9,0.854,0.5,4.9,5.4,5.7,0.7,0.3,2.6,2.6,16.3,regular
1630175,2022-23,00,1610612753,ORL,23.0,60,4,25.9,4.6,10.2,0.454,1.3,3.4,0.364,2.5,2.8,0.894,0.8,4.0,4.8,3.9,0.6,0.5,1.5,2.6,13.0,regular
1630175,2023-24,00,1610612753,ORL,24.0,81,0,22.4,4.1,9.4,0.435,1.1,3.4,0.338,2.2,2.7,0.826,0.8,3.0,3.8,2.9,0.8,0.5,1.6,2.2,11.6,regular
1630175,2024-25,00,1610612753,ORL,25.0,67,22,18.4,3.4,8.1,0.424,1.1,3.3,0.353,1.4,1.7,0.823,0.7,2.4,3.0,2.9,0.7,0.5,1.5,2.3,9.4,regular
1630175,2025-26,00,1610612749,MIL,25.0,35,0,15.1,2.8,6.6,0.424,0.6,2.1,0.306,0.5,0.7,0.615,0.5,2.0,2.5,3.5,0.6,0.3,1.9,2.1,6.7,regular
1630175,2023-24,00,1610612753,ORL,24.0,7,0,14.7,1.9,5.9,0.317,0.3,1.9,0.154,1.1,1.3,0.889,0.3,1.9,2.1,1.3,0.6,0.1,0.7,2.3,5.1,playoffs
1630175,2024-25,00,1610612753,ORL,25.0,5,0,10.2,0.8,2.8,0.286,0.0,1.2,0.0,0.6,0.8,0.75,0.6,0.8,1.4,1.2,0.0,0.2,1.8,2.4,2.2,playoffs
1628384,2017-18,00,1610612761,TOR,20.0,74,62,20.0,2.2,4.7,0.471,1.0,2.7,0.371,0.5,0.8,0.629,0.6,1.9,2.5,0.7,0.7,0.2,0.6,1.8,5.9,regular
1628384,2018-19,00,1610612761,TOR,21.0,67,6,20.2,2.7,6.0,0.453,1.0,3.0,0.332,0.5,0.9,0.581,0.9,2.1,2.9,0.7,0.7,0.3,0.8,2.1,7.0,regular
1628384,2019-20,00,1610612761,TOR,22.0,69,68,29.9,4.1,8.2,0.505,1.3,3.3,0.39,1.0,1.5,0.706,1.2,4.1,5.3,1.6,1.4,0.7,1.1,2.4,10.6,regular
1628384,2020-21,00,1610612761,TOR,23.0,43,43,33.3,5.8,12.1,0.48,2.4,6.1,0.398,1.9,2.4,0.784,1.3,4.3,5.5,2.2,1.5,0.7,1.7,2.7,15.9,regular
1628384,2021-22,00,1610612761,TOR,24.0,48,48,36.0,6.4,14.5,0.443,2.4,6.6,0.363,1.9,2.5,0.754,1.5,4.0,5.5,2.6,1.5,0.5,1.7,2.7,17.1,regular
1628384,2022-23,00,1610612761,TOR,25.0,67,67,35.6,6.3,13.2,0.476,2.1,5.5,0.387,2.1,2.5,0.838,1.4,3.5,5.0,2.0,1.9,0.7,2.0,3.0,16.8,regular
1628384,2023-24,00,1610612761,TOR,26.0,27,27,33.3,5.8,11.9,0.489,2.3,6.0,0.374,1.2,1.7,0.717,0.9,3.0,3.9,2.7,1.0,0.5,1.6,2.3,15.1,regular
1628384,2023-24,00,1610612752,NYK,26.0,23,23,34.9,5.4,11.1,0.488,1.8,4.5,0.394,1.5,1.9,0.791,1.0,3.4,4.4,1.5,1.7,1.0,1.7,2.5,14.1,regular
1628384,2023-24,00,0,TOT,26.0,50,50,34.0,5.6,11.5,0.489,2.0,5.3,0.382,1.3,1.8,0.753,0.9,3.2,4.2,2.1,1.4,0.7,1.6,2.4,14.7,regular
1628384,2024-25,00,1610612752,NYK,27.0,74,74,36.6,6.6,13.9,0.476,2.3,6.2,0.372,2.5,3.1,0.81,1.3,3.5,4.8,2.2,1.5,0.9,1.4,2.3,18.0,regular
1628384,2025-26,00,1610612752,NYK,28.0,67,67,33.2,5.8,12.0,0.484,2.3,6.1,0.386,2.7,3.3,0.828,1.3,4.0,5.2,2.2,1.6,0.7,1.8,2.4,16.7,regular
1628384,2017-18,00,1610612761,TOR,20.0,10,10,23.8,2.9,5.2,0.558,1.3,2.9,0.448,0.8,1.1,0.727,0.9,1.2,2.1,0.7,0.6,0.4,0.6,2.3,7.9,playoffs
1628384,2019-20,00,1610612761,TOR,22.0,11,11,35.7,3.6,8.0,0.455,1.5,3.7,0.415,1.6,2.5,0.643,2.4,4.5,6.9,1.2,1.0,1.2,1.5,2.5,10.5,playoffs
1628384,2021-22,00,1610612761,TOR,24.0,6,6,36.2,6.5,13.7,0.476,2.3,6.8,0.341,2.0,2.7,0.75,1.2,2.8,4.0,2.5,1.0,0.2,1.7,3.0,17.3,playoffs
1628384,2023-24,00,1610612752,NYK,26.0,9,9,36.0,6.2,12.3,0.505,1.8,4.3,0.41,0.9,1.4,0.615,0.8,5.2,6.0,1.1,0.9,1.0,1.1,1.7,15.1,playoffs
1628384,2024-25,00,1610612752,NYK,27.0,18,18,39.2,5.7,13.7,0.417,2.3,6.7,0.339,2.6,3.2,0.81,1.3,3.3,4.6,1.3,2.0,1.2,1.7,2.7,16.3,playoffs
1628384,2025-26,00,1610612752,NYK,28.0,13,13,33.6,6.5,11.5,0.564,2.4,4.9,0.484,4.2,4.8,0.857,1.1,5.5,6.6,1.8,1.5,1.0,0.5,2.5,19.5,playoffs
1630166,2020-21,00,1610612764,WAS,20.0,54,32,23.3,2.4,5.8,0.417,1.0,3.1,0.315,0.5,0.8,0.644,0.4,4.4,4.9,1.2,0.6,0.3,0.6,2.6,6.3,regular
1630166,2021-22,00,1610612764,WAS,21.0,82,8,24.2,3.0,7.1,0.432,1.0,3.2,0.317,1.3,1.7,0.757,0.6,4.5,5.2,2.0,0.7,0.5,1.1,2.3,8.4,regular
1630166,2022-23,00,1610612764,WAS,22.0,76,40,26.6,3.3,7.6,0.437,0.9,3.1,0.297,1.6,2.2,0.739,1.0,5.4,6.4,2.8,0.9,0.4,1.6,2.8,9.2,regular
1630166,2023-24,00,1610612764,WAS,23.0,75,75,30.1,5.4,10.7,0.506,1.2,3.1,0.374,2.7,3.6,0.74,1.1,6.1,7.2,3.8,0.8,0.5,2.1,2.5,14.7,regular
1630166,2024-25,00,1610612757,POR,24.0,72,54,30.0,5.6,11.7,0.476,1.7,4.8,0.365,4.0,5.2,0.78,1.5,5.7,7.3,3.9,1.0,0.5,2.7,2.4,16.9,regular
1630166,2025-26,00,1610612757,POR,25.0,66,66,33.3,7.5,16.1,0.462,1.9,6.0,0.318,7.4,9.2,0.802,1.1,5.8,6.9,6.7,0.8,0.6,3.8,2.5,24.2,regular
1630166,2025-26,00,1610612757,POR,25.0,5,5,34.8,7.0,15.6,0.449,1.4,4.0,0.35,6.8,9.4,0.723,0.6,5.4,6.0,4.6,0.4,0.6,3.4,3.8,22.2,playoffs
1629028,2018-19,00,1610612756,PHX,20.0,71,70,30.7,7.2,12.3,0.585,0.0,0.1,0.0,2.0,2.7,0.746,3.1,7.1,10.3,1.8,0.9,0.9,1.8,2.9,16.3,regular
1629028,2019-20,00,1610612756,PHX,21.0,38,32,32.5,8.2,14.9,0.546,0.1,0.3,0.231,1.8,2.3,0.753,3.9,7.6,11.5,1.9,0.7,1.5,2.1,3.1,18.2,regular
1629028,2020-21,00,1610612756,PHX,22.0,69,69,30.7,6.2,10.0,0.626,0.1,0.3,0.2,1.9,2.5,0.769,3.3,7.2,10.5,1.4,0.6,1.2,1.5,2.8,14.4,regular
1629028,2021-22,00,1610612756,PHX,23.0,58,58,29.5,7.6,12.0,0.634,0.1,0.3,0.368,1.8,2.4,0.746,2.6,7.7,10.2,1.4,0.7,0.7,1.6,2.4,17.2,regular
1629028,2022-23,00,1610612756,PHX,24.0,67,67,30.4,7.8,13.2,0.589,0.1,0.4,0.292,2.3,3.0,0.76,2.6,7.4,10.0,1.7,0.6,0.8,1.8,2.8,18.0,regular
1629028,2023-24,00,1610612757,POR,25.0,55,55,32.4,7.8,13.6,0.57,0.0,0.2,0.1,1.2,1.4,0.823,3.2,7.9,11.1,1.6,1.0,0.8,1.8,2.0,16.7,regular
1629028,2024-25,00,1610612757,POR,26.0,40,40,30.2,6.6,11.7,0.566,0.2,0.8,0.188,1.0,1.5,0.667,3.1,7.1,10.2,1.6,0.8,1.0,1.7,2.2,14.4,regular
1629028,2025-26,00,1610612747,LAL,27.0,72,72,27.2,5.6,8.3,0.671,0.0,0.0,0.0,1.3,2.0,0.645,2.6,5.4,8.0,0.8,0.6,1.0,1.2,2.2,12.5,regular
1629028,2020-21,00,1610612756,PHX,22.0,22,22,36.4,7.0,10.6,0.658,0.0,0.0,0.0,1.8,2.4,0.736,3.0,8.8,11.8,1.1,0.8,1.1,1.3,2.9,15.8,playoffs
1629028,2021-22,00,1610612756,PHX,23.0,13,13,30.5,8.1,12.6,0.64,0.2,0.3,0.5,1.6,2.5,0.636,2.5,6.4,8.9,1.7,0.4,0.8,1.5,2.6,17.9,playoffs
1629028,2022-23,00,1610612756,PHX,24.0,10,10,31.9,6.1,11.1,0.55,0.0,0.0,0.0,1.2,2.3,0.522,2.9,6.8,9.7,1.0,0.6,0.7,1.7,3.5,13.4,playoffs
1629028,2025-26,00,1610612747,LAL,27.0,10,10,28.5,4.6,8.4,0.548,0.0,0.0,0.0,0.8,1.3,0.615,3.7,5.9,9.6,0.9,0.2,0.8,1.3,2.8,10.0,playoffs
1628963,2018-19,00,1610612758,SAC,20.0,62,4,25.3,5.7,11.4,0.504,0.5,1.5,0.313,2.9,4.2,0.691,2.6,5.0,7.6,1.0,0.5,1.0,1.6,1.9,14.9,regular
1628963,2019-20,00,1610612758,SAC,21.0,13,6,25.7,6.0,12.8,0.467,0.3,1.7,0.182,1.9,2.4,0.806,2.2,5.2,7.5,0.8,0.5,0.9,1.4,3.3,14.2,regular
1628963,2020-21,00,1610612758,SAC,22.0,43,42,25.9,5.7,11.4,0.504,0.9,2.5,0.343,1.8,3.1,0.575,2.5,4.9,7.4,1.0,0.5,0.5,1.4,2.3,14.1,regular
1628963,2021-22,00,1610612758,SAC,23.0,30,17,21.9,3.8,8.2,0.463,0.5,2.1,0.242,1.2,1.6,0.745,2.2,4.9,7.2,0.6,0.3,0.4,0.7,1.7,9.3,regular
1628963,2021-22,00,1610612765,DET,23.0,18,8,27.2,6.2,11.1,0.555,0.4,1.9,0.229,1.8,3.0,0.593,2.1,4.7,6.8,1.1,0.7,0.4,1.0,2.4,14.6,regular
1628963,2021-22,00,0,TOT,23.0,48,25,23.9,4.7,9.3,0.504,0.5,2.0,0.237,1.4,2.1,0.663,2.2,4.9,7.0,0.8,0.5,0.4,0.8,1.9,11.3,regular
1628963,2022-23,00,1610612765,DET,24.0,42,25,23.6,4.8,9.1,0.529,0.5,1.6,0.288,1.9,2.6,0.75,2.2,4.2,6.4,0.9,0.5,0.7,1.1,1.9,12.0,regular
1628963,2023-24,00,1610612765,DET,25.0,26,10,18.4,4.1,7.0,0.591,0.0,0.2,0.167,1.9,2.3,0.82,1.8,2.8,4.5,1.0,0.2,0.5,1.1,1.5,10.2,regular
1628963,2023-24,00,1610612764,WAS,25.0,24,15,24.0,5.5,9.5,0.581,0.3,0.7,0.471,1.9,2.7,0.708,3.5,4.6,8.1,1.2,0.6,0.8,1.3,1.7,13.3,regular
1628963,2023-24,00,0,TOT,25.0,50,25,21.1,4.8,8.2,0.586,0.2,0.5,0.391,1.9,2.5,0.762,2.6,3.6,6.2,1.1,0.4,0.7,1.2,1.6,11.7,regular
1628963,2024-25,00,1610612764,WAS,26.0,19,1,8.8,2.0,3.7,0.535,0.1,0.5,0.2,0.8,1.2,0.652,1.4,1.5,2.9,0.4,0.4,0.3,0.6,0.6,4.9,regular
1628963,2024-25,00,1610612763,MEM,26.0,12,1,8.3,1.4,2.9,0.486,0.1,0.8,0.111,0.7,1.0,0.667,0.9,1.4,2.3,0.3,0.2,0.3,0.1,0.5,3.6,regular
1628963,2024-25,00,0,TOT,26.0,31,2,8.5,1.8,3.4,0.519,0.1,0.6,0.158,0.7,1.1,0.657,1.2,1.5,2.7,0.4,0.3,0.3,0.4,0.6,4.4,regular
1628963,2025-26,00,1610612764,WAS,27.0,38,8,19.2,4.1,6.5,0.626,0.2,0.5,0.421,1.8,2.6,0.711,2.6,3.1,5.7,1.5,0.5,0.7,1.2,2.1,10.1,regular
1628963,2025-26,00,1610612742,DAL,27.0,22,4,21.4,4.5,7.5,0.606,0.7,1.5,0.485,1.2,2.1,0.553,2.4,4.4,6.8,1.3,0.4,0.7,0.8,2.0,11.0,regular
1628963,2025-26,00,0,TOT,27.0,60,12,20.0,4.2,6.9,0.618,0.4,0.9,0.462,1.6,2.4,0.66,2.5,3.6,6.1,1.4,0.5,0.7,1.0,2.1,10.5,regular
1628963,2024-25,00,1610612763,MEM,26.0,2,0,14.0,4.0,4.5,0.889,0.5,0.5,1.0,0.0,0.0,0.0,1.0,2.0,3.0,0.0,1.0,0.5,1.5,1.5,8.5,playoffs
1642846,2025-26,00,1610612762,UTA,19.0,72,61,27.6,5.5,12.4,0.443,1.9,5.5,0.344,0.9,1.2,0.75,1.4,2.8,4.2,1.8,0.8,0.7,1.5,2.7,13.8,regular
1630163,2020-21,00,1610612766,CHA,19.0,51,31,28.8,5.7,13.2,0.436,1.8,5.1,0.352,2.5,3.2,0.758,1.2,4.7,5.9,6.1,1.6,0.4,2.8,2.7,15.7,regular
1630163,2021-22,00,1610612766,CHA,20.0,75,75,32.3,7.2,16.7,0.429,2.9,7.5,0.389,2.8,3.2,0.872,1.4,5.2,6.7,7.6,1.6,0.4,3.3,3.2,20.1,regular
1630163,2022-23,00,1610612766,CHA,21.0,36,36,35.2,8.2,20.0,0.411,4.0,10.6,0.376,2.8,3.4,0.836,1.2,5.3,6.4,8.4,1.3,0.3,3.6,3.3,23.3,regular
1630163,2023-24,00,1610612766,CHA,22.0,22,22,32.3,8.3,19.2,0.433,3.2,9.0,0.355,4.1,4.7,0.865,1.3,3.8,5.1,8.0,1.8,0.2,3.8,3.6,23.9,regular
1630163,2024-25,00,1610612766,CHA,23.0,47,47,32.0,8.6,21.3,0.405,3.8,11.2,0.339,4.1,4.9,0.843,1.0,3.9,4.9,7.4,1.1,0.3,3.6,3.3,25.2,regular
1630163,2025-26,00,1610612766,CHA,24.0,72,69,28.0,7.0,17.3,0.407,3.8,10.3,0.368,2.2,2.5,0.899,0.9,3.9,4.8,7.1,1.2,0.2,2.8,2.7,20.1,regular
1628366,2017-18,00,1610612747,LAL,20.0,52,50,34.2,3.9,10.8,0.36,1.7,5.7,0.305,0.6,1.4,0.451,1.3,5.6,6.9,7.2,1.7,0.8,2.6,2.3,10.2,regular
1628366,2018-19,00,1610612747,LAL,21.0,47,45,30.3,3.9,9.7,0.406,1.6,4.9,0.329,0.4,1.0,0.417,1.1,4.2,5.3,5.4,1.5,0.4,2.2,2.4,9.9,regular
1628366,2019-20,00,1610612740,NOP,22.0,63,54,32.1,4.4,10.9,0.403,2.3,6.3,0.375,0.7,1.2,0.566,1.1,5.0,6.1,7.0,1.4,0.6,3.1,2.0,11.8,regular
1628366,2020-21,00,1610612740,NOP,23.0,55,55,31.8,5.3,12.7,0.414,3.1,8.3,0.378,0.9,1.2,0.781,0.6,4.2,4.8,5.7,1.5,0.6,2.2,1.9,14.6,regular
1628366,2021-22,00,1610612741,CHI,24.0,35,35,34.6,4.6,10.9,0.423,3.1,7.4,0.423,0.6,0.8,0.75,1.0,4.4,5.4,5.1,1.8,0.9,2.3,2.4,13.0,regular
1628366,2024-25,00,1610612741,CHI,27.0,35,14,22.2,2.5,6.9,0.366,1.9,5.6,0.344,0.6,0.8,0.815,0.7,2.7,3.4,3.3,1.3,0.5,1.2,1.6,7.6,regular
1628366,2025-26,00,1610612739,CLE,28.0,35,3,20.8,1.5,5.0,0.301,1.1,4.2,0.272,0.4,0.6,0.667,0.7,3.3,4.0,3.9,1.3,0.3,1.5,1.3,4.6,regular
1631094,2022-23,00,1610612753,ORL,20.0,72,72,33.8,6.7,15.6,0.427,1.2,4.0,0.298,5.5,7.4,0.738,1.2,5.7,6.9,3.7,0.8,0.5,2.8,2.2,20.0,regular
1631094,2023-24,00,1610612753,ORL,21.0,80,80,35.0,8.0,17.6,0.455,1.5,4.4,0.339,5.1,7.0,0.725,1.0,5.9,6.9,5.4,0.9,0.6,3.1,1.9,22.6,regular
1631094,2024-25,00,1610612753,ORL,22.0,46,46,34.4,9.0,19.8,0.452,1.9,5.9,0.32,6.1,8.4,0.727,1.1,6.4,7.5,4.8,0.8,0.6,3.0,2.1,25.9,regular
1631094,2025-26,00,1610612753,ORL,23.0,72,72,34.8,7.3,16.0,0.459,1.2,3.8,0.305,6.3,8.2,0.775,1.2,7.2,8.4,5.2,0.7,0.6,3.1,2.0,22.2,regular
1631094,2023-24,00,1610612753,ORL,21.0,7,7,37.4,9.7,21.3,0.456,2.3,5.7,0.4,5.3,7.0,0.755,2.0,6.6,8.6,4.0,1.1,0.6,4.6,2.0,27.0,playoffs
1631094,2024-25,00,1610612753,ORL,22.0,5,5,39.4,10.8,24.8,0.435,2.4,5.4,0.444,5.4,8.2,0.659,2.4,6.0,8.4,4.2,0.6,0.8,3.0,3.6,29.4,playoffs
1631094,2025-26,00,1610612753,ORL,23.0,7,7,39.0,8.6,20.4,0.42,2.0,6.0,0.333,7.1,10.6,0.676,1.3,7.7,9.0,6.3,1.4,0.7,3.4,2.6,26.3,playoffs
1630217,2020-21,00,1610612763,MEM,23.0,68,17,22.3,3.4,7.3,0.469,1.7,4.0,0.432,0.6,0.7,0.816,0.5,2.6,3.1,1.7,0.6,0.2,0.9,1.8,9.2,regular
1630217,2021-22,00,1610612763,MEM,24.0,76,76,29.8,6.7,14.5,0.461,3.0,6.9,0.436,1.8,2.0,0.903,0.6,3.8,4.4,2.7,1.2,0.4,1.5,2.6,18.2,regular
1630217,2022-23,00,1610612763,MEM,25.0,58,58,31.7,7.8,16.2,0.479,2.9,7.0,0.408,3.1,3.5,0.883,0.7,4.3,5.0,4.4,1.0,0.4,2.2,2.6,21.5,regular
1630217,2023-24,00,1610612763,MEM,26.0,42,42,34.4,8.6,18.5,0.464,3.3,8.6,0.381,3.3,3.8,0.87,0.9,3.5,4.4,5.5,1.0,0.5,2.7,2.9,23.7,regular
1630217,2024-25,00,1610612763,MEM,27.0,69,68,32.0,7.1,14.8,0.484,2.4,6.1,0.392,2.6,2.9,0.894,0.9,5.2,6.1,5.3,1.2,0.4,2.4,2.4,19.2,regular
1630217,2025-26,00,1610612753,ORL,27.0,82,82,33.6,7.1,14.7,0.484,2.0,5.2,0.391,3.8,4.2,0.908,1.2,2.9,4.1,4.1,1.0,0.5,2.0,3.1,20.1,regular
1630217,2020-21,00,1610612763,MEM,23.0,5,0,19.8,2.2,3.8,0.579,1.2,2.4,0.5,0.0,0.0,0.0,0.4,3.0,3.4,2.0,0.8,0.4,0.6,1.2,5.6,playoffs
1630217,2021-22,00,1610612763,MEM,24.0,12,12,35.7,6.3,13.3,0.478,3.6,7.3,0.489,2.5,2.9,0.857,0.4,3.3,3.8,2.2,0.9,0.8,1.3,1.9,18.8,playoffs
1630217,2022-23,00,1610612763,MEM,25.0,6,6,38.5,8.2,19.3,0.422,2.7,8.3,0.32,4.5,4.8,0.931,1.2,4.8,6.0,3.2,0.5,0.0,2.8,3.2,23.5,playoffs
1630217,2024-25,00,1610612763,MEM,27.0,4,4,34.8,5.0,15.8,0.317,1.8,8.0,0.219,3.5,3.8,0.933,1.3,5.5,6.8,3.3,0.8,0.5,3.8,2.3,15.3,playoffs
1630217,2025-26,00,1610612753,ORL,27.0,7,7,36.1,6.1,15.7,0.391,3.6,8.3,0.431,2.3,2.9,0.8,1.4,3.3,4.7,1.9,1.9,0.3,1.6,4.0,18.1,playoffs
1631230,2022-23,00,1610612759,SAS,20.0,28,0,14.6,1.6,3.1,0.535,0.0,0.1,0.0,0.6,0.9,0.72,1.6,2.0,3.6,0.9,0.4,0.7,0.5,2.0,3.9,regular
1631230,2023-24,00,1610612759,SAS,21.0,33,1,12.7,1.7,3.4,0.496,0.1,0.3,0.333,0.9,1.3,0.69,1.4,2.1,3.4,1.1,0.4,0.4,0.3,1.4,4.4,regular
1631230,2024-25,00,1610612737,ATL,22.0,35,4,10.7,1.7,3.2,0.531,0.2,0.8,0.259,0.6,0.9,0.636,1.0,1.4,2.4,0.5,0.3,0.5,0.1,1.3,4.2,regular
1631230,2025-26,00,1610612755,PHI,22.0,71,59,23.8,3.0,5.6,0.539,0.3,1.2,0.256,1.3,1.8,0.718,1.9,2.9,4.8,1.2,0.9,0.7,0.8,2.1,7.7,regular
1631230,2025-26,00,1610612755,PHI,22.0,9,0,10.7,1.1,1.9,0.588,0.0,0.1,0.0,0.7,0.8,0.857,0.7,1.0,1.7,0.1,0.2,0.4,0.2,1.0,2.9,playoffs
203084,2012-13,00,1610612744,GSW,21.0,81,81,25.4,3.4,7.8,0.439,0.6,1.8,0.359,1.8,2.3,0.758,0.7,3.5,4.1,1.2,0.6,0.2,1.2,1.7,9.2,regular
203084,2013-14,00,1610612744,GSW,22.0,78,24,28.3,3.5,8.7,0.399,0.8,2.4,0.347,1.7,2.3,0.718,0.8,3.1,4.0,1.5,0.8,0.3,1.1,2.0,9.5,regular
203084,2014-15,00,1610612744,GSW,23.0,82,82,28.3,3.9,8.0,0.482,1.1,2.6,0.405,1.3,1.8,0.72,1.4,4.1,5.5,1.4,0.7,0.2,0.9,1.8,10.1,regular
203084,2015-16,00,1610612744,GSW,24.0,66,59,30.9,4.5,9.6,0.466,1.2,3.2,0.383,1.5,2.0,0.761,1.2,3.8,4.9,1.8,0.6,0.2,0.9,2.1,11.7,regular
203084,2016-17,00,1610612742,DAL,25.0,79,79,35.5,7.6,16.2,0.468,1.0,2.8,0.351,3.1,3.6,0.861,1.2,3.8,5.0,1.5,0.8,0.2,1.3,1.6,19.2,regular
203084,2017-18,00,1610612742,DAL,26.0,77,77,34.2,7.0,15.7,0.445,1.5,4.3,0.357,3.4,4.1,0.827,1.0,5.1,6.1,2.0,0.6,0.2,1.5,1.2,18.9,regular
203084,2018-19,00,1610612742,DAL,27.0,49,49,32.3,5.9,14.6,0.404,2.5,6.3,0.389,3.4,4.0,0.833,0.7,3.5,4.2,1.3,0.7,0.2,1.4,1.6,17.7,regular
203084,2018-19,00,1610612758,SAC,27.0,28,28,33.9,5.0,11.1,0.455,1.9,4.6,0.408,2.3,2.9,0.8,0.8,4.8,5.5,1.9,0.6,0.1,1.1,1.5,14.3,regular
203084,2018-19,00,0,TOT,27.0,77,77,32.9,5.6,13.3,0.42,2.3,5.7,0.395,3.0,3.6,0.824,0.7,3.9,4.7,1.5,0.6,0.2,1.3,1.6,16.4,regular
203084,2019-20,00,1610612758,SAC,28.0,72,72,34.5,5.1,11.0,0.46,1.4,3.7,0.381,3.0,3.7,0.801,1.1,3.9,4.9,2.2,0.6,0.2,1.2,1.3,14.5,regular
203084,2020-21,00,1610612758,SAC,29.0,58,58,36.2,5.5,11.1,0.497,1.7,4.4,0.391,3.4,4.1,0.83,1.1,5.5,6.6,3.5,0.7,0.2,1.6,1.3,16.1,regular
203084,2021-22,00,1610612758,SAC,30.0,77,77,33.6,5.1,10.8,0.469,1.8,4.7,0.394,4.4,5.4,0.826,1.1,4.5,5.6,2.4,0.7,0.2,1.5,1.2,16.4,regular
203084,2022-23,00,1610612758,SAC,31.0,82,82,32.5,4.6,9.6,0.473,1.6,4.3,0.374,4.3,5.0,0.847,1.1,3.4,4.5,1.6,0.7,0.1,1.0,1.3,15.0,regular
203084,2023-24,00,1610612758,SAC,32.0,82,82,29.0,4.2,8.9,0.474,1.8,4.7,0.387,1.9,2.4,0.801,0.8,2.2,3.0,1.2,0.7,0.1,0.7,1.2,12.2,regular
203084,2024-25,00,1610612759,SAS,33.0,82,82,27.2,4.2,8.3,0.508,1.9,4.4,0.433,2.0,2.4,0.809,1.2,2.6,3.8,1.7,0.5,0.2,0.6,0.9,12.3,regular
203084,2025-26,00,1610612759,SAS,34.0,77,52,25.8,3.4,7.5,0.456,1.8,4.6,0.388,1.3,1.6,0.829,0.8,2.0,2.8,1.9,0.6,0.2,0.8,1.1,9.9,regular
203084,2012-13,00,1610612744,GSW,21.0,12,12,38.4,6.0,13.5,0.444,1.6,4.3,0.365,2.5,2.9,0.857,1.5,4.9,6.4,1.3,0.6,0.4,1.3,2.8,16.1,playoffs
203084,2013-14,00,1610612744,GSW,22.0,7,0,22.3,2.7,6.9,0.396,1.1,3.0,0.381,1.3,2.3,0.563,1.0,3.0,4.0,1.1,0.1,0.4,0.7,1.9,7.9,playoffs
203084,2014-15,00,1610612744,GSW,23.0,21,21,32.4,4.2,9.5,0.44,1.0,3.0,0.355,1.2,1.6,0.735,2.1,3.1,5.2,1.5,0.8,0.5,1.0,2.1,10.6,playoffs
203084,2015-16,00,1610612744,GSW,24.0,24,23,31.0,3.4,8.9,0.385,1.1,3.2,0.342,1.1,1.4,0.765,1.1,3.5,4.7,1.3,0.7,0.2,0.8,1.9,9.0,playoffs
203084,2022-23,00,1610612758,SAC,31.0,7,7,28.1,3.6,8.6,0.417,0.9,3.6,0.24,2.7,3.7,0.731,1.4,2.0,3.4,0.7,1.1,0.3,0.4,0.7,10.7,playoffs
203084,2025-26,00,1610612759,SAS,34.0,19,0,9.4,0.7,2.1,0.333,0.3,1.4,0.231,0.7,0.9,0.824,0.8,0.5,1.4,0.3,0.1,0.1,0.3,0.4,2.4,playoffs
1630567,2021-22,00,1610612761,TOR,20.0,74,74,35.4,6.2,12.6,0.492,0.8,2.6,0.301,2.1,2.9,0.735,2.6,4.9,7.5,3.5,1.1,0.7,1.8,2.6,15.3,regular
1630567,2022-23,00,1610612761,TOR,21.0,77,76,34.8,6.0,13.2,0.456,0.8,2.9,0.281,2.5,3.2,0.772,2.3,4.3,6.6,4.8,1.1,0.8,2.0,2.2,15.3,regular
1630567,2023-24,00,1610612761,TOR,22.0,60,60,34.9,7.5,15.7,0.475,1.7,4.9,0.341,3.3,4.2,0.781,2.4,5.9,8.2,6.1,1.3,1.5,2.8,2.0,19.9,regular
1630567,2024-25,00,1610612761,TOR,23.0,65,65,32.8,7.3,16.4,0.446,1.2,4.3,0.271,3.5,4.6,0.755,1.7,6.0,7.7,5.8,1.4,1.0,2.8,1.7,19.3,regular
1630567,2025-26,00,1610612761,TOR,24.0,80,80,33.5,7.1,14.0,0.507,0.9,2.8,0.304,3.0,3.7,0.815,1.9,5.6,7.5,5.9,1.4,1.5,2.6,2.6,18.1,regular
1630567,2021-22,00,1610612761,TOR,20.0,4,3,33.3,4.5,10.5,0.429,0.5,3.0,0.167,3.3,4.0,0.813,1.8,7.3,9.0,4.3,1.0,0.3,1.3,3.0,12.8,playoffs
1630567,2025-26,00,1610612761,TOR,24.0,7,7,39.0,8.4,16.6,0.509,1.1,3.0,0.381,6.1,7.7,0.796,1.6,4.6,6.1,8.6,1.1,1.7,3.4,3.0,24.1,playoffs
1642964,2025-26,00,1610612760,OKC,24.0,40,0,8.7,0.7,1.8,0.38,0.2,0.6,0.292,0.2,0.3,0.7,0.5,1.5,2.0,0.6,0.3,0.1,0.3,0.7,1.7,regular
1629628,2019-20,00,1610612752,NYK,20.0,56,55,30.4,5.2,13.0,0.402,1.1,3.5,0.32,2.8,4.5,0.614,0.9,4.1,5.0,2.6,1.0,0.3,2.2,2.2,14.3,regular
1629628,2020-21,00,1610612752,NYK,21.0,72,72,34.9,6.5,14.7,0.441,1.7,4.3,0.401,2.9,3.8,0.746,0.9,4.8,5.8,3.0,0.7,0.3,1.9,2.6,17.6,regular
1629628,2021-22,00,1610612752,NYK,22.0,70,70,34.5,7.0,17.1,0.408,2.0,5.8,0.342,4.1,5.8,0.714,0.9,4.9,5.8,3.0,0.6,0.2,2.2,2.0,20.0,regular
1629628,2022-23,00,1610612752,NYK,23.0,73,73,33.9,7.0,16.1,0.434,1.7,5.3,0.31,4.0,5.4,0.74,0.8,4.2,5.0,2.8,0.4,0.2,2.2,2.5,19.6,regular
1629628,2023-24,00,1610612752,NYK,24.0,26,26,29.5,6.3,14.9,0.423,1.7,5.0,0.331,4.0,4.8,0.831,0.7,3.5,4.3,2.4,0.5,0.3,1.8,1.7,18.2,regular
1629628,2023-24,00,1610612761,TOR,24.0,32,32,33.5,8.5,15.4,0.553,1.5,3.8,0.392,3.3,5.2,0.629,1.1,5.3,6.4,4.1,0.6,0.4,2.5,2.6,21.8,regular
1629628,2023-24,00,0,TOT,24.0,58,58,31.7,7.5,15.2,0.495,1.6,4.3,0.36,3.6,5.0,0.715,0.9,4.5,5.4,3.3,0.5,0.4,2.2,2.2,20.2,regular
1629628,2024-25,00,1610612761,TOR,25.0,58,58,32.2,7.9,16.9,0.468,1.8,5.3,0.35,3.4,5.4,0.63,1.1,5.3,6.3,5.4,0.8,0.3,2.9,2.4,21.1,regular
1629628,2025-26,00,1610612761,TOR,25.0,57,57,30.3,7.0,14.3,0.491,1.7,5.0,0.339,3.5,4.9,0.717,1.0,4.3,5.3,3.3,0.7,0.3,1.7,2.6,19.3,regular
1629628,2020-21,00,1610612752,NYK,21.0,5,5,32.4,5.2,13.4,0.388,1.6,5.6,0.286,2.4,3.0,0.8,0.8,6.4,7.2,3.0,0.8,0.4,0.4,2.2,14.4,playoffs
1629628,2022-23,00,1610612752,NYK,23.0,11,11,34.3,6.5,14.9,0.433,1.8,5.5,0.328,4.5,5.9,0.769,0.5,4.0,4.5,2.8,0.8,0.2,2.3,2.3,19.3,playoffs
1629628,2025-26,00,1610612761,TOR,25.0,7,7,38.7,9.0,18.9,0.477,2.4,6.3,0.386,3.7,5.9,0.634,2.0,5.0,7.0,4.0,1.3,0.3,3.6,3.4,24.1,playoffs
1629646,2021-22,00,1610612755,PHI,21.0,23,0,7.3,1.3,2.0,0.638,0.0,0.2,0.0,0.4,0.5,0.75,1.0,1.7,2.7,0.3,0.2,0.7,0.3,1.4,3.0,regular
1629646,2022-23,00,1610612759,SAS,22.0,35,2,14.5,2.5,3.9,0.644,0.1,0.2,0.375,0.6,1.1,0.595,2.1,3.4,5.5,1.4,0.5,0.9,1.2,2.1,5.7,regular
1629646,2023-24,00,1610612759,SAS,23.0,19,0,10.8,1.5,2.1,0.725,0.0,0.1,0.0,0.3,0.3,0.833,1.2,2.8,4.0,1.1,0.4,0.9,0.8,1.6,3.3,regular
1629646,2024-25,00,1610612759,SAS,24.0,36,1,10.4,1.9,3.3,0.581,0.0,0.0,0.0,0.6,0.9,0.636,1.6,2.7,4.2,0.5,0.4,0.8,0.6,1.4,4.4,regular
1629646,2025-26,00,1610612763,MEM,25.0,2,0,15.5,1.5,4.0,0.375,0.0,0.0,0.0,0.5,1.5,0.333,3.5,4.0,7.5,1.0,0.5,0.5,0.5,2.5,3.5,regular
1629646,2025-26,00,1610612755,PHI,25.0,1,0,5.0,1.0,1.0,1.0,0.0,0.0,0.0,0.0,0.0,0.0,0.0,0.0,0.0,0.0,0.0,1.0,0.0,0.0,2.0,regular
1629646,2025-26,00,1610612738,BOS,25.0,5,0,3.4,1.2,1.4,0.857,0.0,0.0,0.0,0.4,0.8,0.5,0.8,0.4,1.2,0.0,0.2,0.4,0.2,0.6,2.8,regular
1629646,2025-26,00,1610612744,GSW,25.0,5,0,20.0,4.2,6.2,0.677,0.0,0.0,0.0,2.2,2.6,0.846,2.4,4.8,7.2,1.0,0.4,1.4,0.8,2.2,10.6,regular
1629646,2025-26,00,0,TOT,25.0,13,0,11.8,2.4,3.6,0.66,0.0,0.0,0.0,1.1,1.5,0.7,1.8,2.6,4.4,0.5,0.3,0.8,0.5,1.5,5.8,regular
1629646,2021-22,00,1610612755,PHI,21.0,3,0,4.0,0.3,0.7,0.5,0.0,0.0,0.0,0.0,0.3,0.0,0.3,1.3,1.7,0.3,0.0,0.3,0.0,0.3,0.7,playoffs
1642419,2024-25,00,1610612761,TOR,24.0,59,10,17.7,2.5,5.9,0.429,1.8,4.4,0.405,0.3,0.3,0.889,0.6,2.1,2.7,0.9,0.3,0.2,0.5,1.6,7.1,regular
1642419,2025-26,00,1610612761,TOR,24.0,61,2,8.5,1.2,2.4,0.51,0.6,1.4,0.412,0.1,0.2,0.643,0.3,1.1,1.5,0.4,0.1,0.0,0.3,0.7,3.1,regular
1642419,2025-26,00,1610612761,TOR,24.0,6,0,11.8,1.8,3.2,0.579,1.2,1.8,0.636,0.0,0.0,0.0,0.5,1.3,1.8,0.2,0.0,0.0,0.2,1.0,4.8,playoffs
201587,2008-09,00,1610612757,POR,20.0,79,76,18.4,2.0,4.6,0.446,0.8,2.1,0.369,0.5,0.7,0.808,1.1,1.7,2.8,0.9,0.6,0.5,0.6,1.8,5.4,regular
201587,2009-10,00,1610612757,POR,21.0,37,25,24.8,3.8,7.2,0.519,1.5,3.6,0.409,1.2,1.4,0.843,0.9,2.9,3.8,1.2,0.6,0.7,0.7,2.2,10.1,regular
201587,2010-11,00,1610612757,POR,22.0,80,67,31.5,4.6,10.1,0.455,1.5,4.3,0.345,1.7,2.1,0.841,1.4,3.2,4.5,1.5,0.9,0.6,1.0,2.4,12.4,regular
201587,2011-12,00,1610612757,POR,23.0,59,34,30.4,4.9,10.9,0.451,1.8,4.6,0.391,2.3,2.7,0.836,1.4,3.2,4.6,1.4,1.0,1.0,1.5,1.8,13.9,regular
201587,2012-13,00,1610612757,POR,24.0,73,73,38.5,4.8,11.4,0.423,2.3,6.1,0.372,2.4,2.9,0.848,1.3,4.3,5.6,4.9,1.2,1.1,2.6,1.9,14.3,regular
201587,2013-14,00,1610612757,POR,25.0,82,82,36.0,4.6,10.0,0.465,1.8,4.9,0.361,2.0,2.5,0.803,1.4,6.0,7.5,5.1,0.9,0.7,2.5,1.9,13.0,regular
201587,2014-15,00,1610612757,POR,26.0,71,71,33.5,3.4,8.5,0.4,1.4,4.4,0.324,1.2,1.4,0.857,0.9,5.0,5.9,4.8,1.1,0.6,1.9,1.5,9.4,regular
201587,2015-16,00,1610612766,CHA,27.0,70,70,35.0,5.3,12.5,0.426,2.0,5.7,0.348,2.3,2.7,0.849,0.8,5.3,6.1,5.8,0.9,0.6,2.9,1.6,14.9,regular
201587,2016-17,00,1610612766,CHA,28.0,77,77,34.0,5.1,12.7,0.403,1.8,5.3,0.333,3.2,3.7,0.856,0.6,5.6,6.2,5.9,1.1,0.4,2.5,1.4,15.1,regular
201587,2017-18,00,1610612766,CHA,29.0,64,64,31.0,4.2,10.2,0.415,1.4,4.3,0.336,1.7,2.0,0.831,0.9,3.9,4.8,5.5,1.0,0.4,2.0,1.1,11.6,regular
201587,2018-19,00,1610612766,CHA,30.0,75,72,31.4,3.4,7.5,0.45,1.5,4.0,0.389,1.0,1.2,0.865,0.9,4.3,5.2,3.3,0.9,0.6,1.6,1.9,9.3,regular
201587,2019-20,00,1610612766,CHA,31.0,22,3,23.0,1.3,3.7,0.346,0.6,2.2,0.286,0.4,0.5,0.9,1.1,3.4,4.5,3.0,0.8,0.4,1.0,1.9,3.6,regular
201587,2020-21,00,1610612746,LAC,32.0,67,38,27.4,2.9,6.1,0.464,1.6,4.1,0.404,0.7,0.9,0.828,0.7,4.0,4.7,2.2,1.0,0.6,0.8,1.5,8.1,regular
201587,2021-22,00,1610612746,LAC,33.0,59,54,24.8,3.0,6.6,0.463,1.8,4.6,0.4,0.4,0.6,0.658,0.5,3.8,4.3,1.7,1.0,0.7,0.7,1.4,8.3,regular
201587,2022-23,00,1610612746,LAC,34.0,78,19,21.9,2.1,4.9,0.42,1.6,4.1,0.391,0.4,0.6,0.708,0.8,3.0,3.8,1.6,0.7,0.6,0.6,1.9,6.1,regular
201587,2023-24,00,1610612746,LAC,35.0,3,0,18.0,1.0,2.7,0.375,0.7,2.3,0.286,0.0,0.0,0.0,0.0,2.3,2.3,1.7,1.0,1.3,0.3,1.7,2.7,regular
201587,2023-24,00,1610612755,PHI,35.0,57,38,25.9,2.0,4.4,0.456,1.2,3.1,0.399,0.3,0.4,0.714,1.2,3.0,4.2,2.2,0.8,0.6,0.7,1.8,5.5,regular
201587,2023-24,00,0,TOT,35.0,60,38,25.5,1.9,4.3,0.453,1.2,3.1,0.395,0.3,0.4,0.714,1.2,3.0,4.1,2.1,0.8,0.6,0.7,1.8,5.3,regular
201587,2024-25,00,1610612746,LAC,36.0,78,8,17.5,1.3,3.1,0.437,1.1,2.6,0.433,0.2,0.3,0.81,0.6,2.2,2.8,1.1,0.7,0.5,0.4,1.4,4.0,regular
201587,2025-26,00,1610612746,LAC,37.0,74,6,17.5,1.3,3.2,0.403,1.2,3.1,0.404,0.1,0.1,0.818,0.3,2.2,2.5,0.9,0.6,0.3,0.5,1.4,4.0,regular
201587,2008-09,00,1610612757,POR,20.0,6,5,10.5,0.8,1.5,0.556,0.3,0.7,0.5,0.0,0.0,0.0,0.2,0.3,0.5,0.2,0.2,0.3,0.5,1.2,2.0,playoffs
201587,2009-10,00,1610612757,POR,21.0,6,6,23.2,2.8,6.2,0.459,1.5,3.5,0.429,1.0,1.3,0.75,0.7,2.5,3.2,0.8,0.3,0.0,0.7,2.2,8.2,playoffs
201587,2010-11,00,1610612757,POR,22.0,6,0,25.2,3.2,7.7,0.413,1.2,4.3,0.269,0.5,0.7,0.75,0.2,1.5,1.7,1.3,0.8,0.8,1.2,2.3,8.0,playoffs
201587,2013-14,00,1610612757,POR,25.0,11,11,41.7,6.1,12.9,0.472,1.9,5.5,0.35,1.1,1.4,0.8,0.9,6.7,7.6,4.8,1.4,0.5,2.5,1.9,15.2,playoffs
201587,2014-15,00,1610612757,POR,26.0,5,5,41.8,4.8,14.0,0.343,2.6,7.8,0.333,2.0,2.6,0.769,1.2,7.4,8.6,5.2,0.2,0.2,2.4,2.2,14.2,playoffs
201587,2015-16,00,1610612766,CHA,27.0,5,2,28.8,3.4,9.0,0.378,1.2,4.4,0.273,3.4,4.0,0.85,0.4,3.2,3.6,2.0,0.4,0.0,1.6,1.2,11.4,playoffs
201587,2020-21,00,1610612746,LAC,32.0,19,10,29.2,2.8,5.7,0.486,1.5,3.8,0.389,1.0,1.2,0.826,1.0,4.5,5.5,2.1,1.3,0.5,0.3,1.4,8.1,playoffs
201587,2022-23,00,1610612746,LAC,34.0,5,3,18.4,1.6,3.8,0.421,1.2,3.4,0.353,0.0,0.0,0.0,0.2,2.0,2.2,1.2,0.4,0.4,0.4,2.0,4.4,playoffs
201587,2023-24,00,1610612755,PHI,35.0,6,0,28.3,2.0,4.8,0.414,1.5,3.7,0.409,0.8,1.3,0.625,1.5,4.3,5.8,1.3,0.2,0.8,0.8,2.2,6.3,playoffs
201587,2024-25,00,1610612746,LAC,36.0,7,0,24.6,1.9,4.7,0.394,1.9,4.7,0.394,0.0,0.0,0.0,0.6,3.3,3.9,2.0,0.9,1.7,0.4,1.9,5.6,playoffs
203078,2012-13,00,1610612764,WAS,20.0,56,46,31.2,5.0,12.3,0.41,1.6,4.2,0.386,2.2,2.8,0.786,0.8,3.0,3.8,2.4,0.9,0.5,1.6,2.0,13.9,regular
203078,2013-14,00,1610612764,WAS,21.0,73,73,34.7,6.6,15.7,0.419,1.9,4.7,0.402,2.0,2.6,0.788,0.7,3.0,3.7,3.3,1.0,0.2,1.8,2.1,17.1,regular
203078,2014-15,00,1610612764,WAS,22.0,63,59,33.4,5.8,13.5,0.427,1.7,4.1,0.409,2.1,2.6,0.783,0.9,2.9,3.8,3.1,1.2,0.3,2.0,2.2,15.3,regular
203078,2015-16,00,1610612764,WAS,23.0,55,35,31.1,6.5,14.5,0.449,1.9,4.9,0.387,2.5,3.2,0.767,0.7,2.7,3.4,2.9,1.0,0.2,2.0,2.1,17.4,regular
203078,2016-17,00,1610612764,WAS,24.0,77,77,34.9,8.3,17.2,0.482,2.9,7.2,0.404,3.7,4.4,0.825,0.7,2.4,3.1,3.5,1.1,0.3,2.0,2.2,23.1,regular
203078,2017-18,00,1610612764,WAS,25.0,82,82,36.3,8.3,18.1,0.46,2.4,6.5,0.375,3.6,4.5,0.791,0.7,3.7,4.4,4.5,1.2,0.4,2.6,2.0,22.6,regular
203078,2018-19,00,1610612764,WAS,26.0,82,82,36.9,9.3,19.6,0.475,2.5,7.3,0.351,4.4,5.5,0.808,1.1,3.9,5.0,5.5,1.5,0.7,2.7,2.8,25.6,regular
203078,2019-20,00,1610612764,WAS,27.0,57,57,36.0,10.4,22.9,0.455,3.0,8.4,0.353,6.8,8.0,0.842,0.9,3.3,4.2,6.1,1.2,0.4,3.4,2.2,30.5,regular
203078,2020-21,00,1610612764,WAS,28.0,60,60,35.8,11.2,23.0,0.485,2.2,6.2,0.349,6.8,7.7,0.889,1.2,3.5,4.7,4.4,1.2,0.4,3.1,2.3,31.3,regular
203078,2021-22,00,1610612764,WAS,29.0,40,40,36.0,8.7,19.3,0.451,1.6,5.3,0.3,4.2,5.1,0.833,1.0,3.8,4.7,6.6,0.9,0.4,3.4,2.4,23.2,regular
203078,2022-23,00,1610612764,WAS,30.0,50,50,33.5,8.9,17.6,0.506,1.6,4.4,0.365,3.8,4.6,0.842,0.8,3.1,3.9,5.4,0.9,0.7,2.9,2.1,23.2,regular
203078,2023-24,00,1610612756,PHX,31.0,53,53,33.3,7.1,13.9,0.513,1.9,4.4,0.43,2.1,2.5,0.813,1.0,3.4,4.4,5.0,1.0,0.5,2.5,2.4,18.2,regular
203078,2024-25,00,1610612756,PHX,32.0,53,38,32.1,6.5,13.1,0.497,1.9,5.0,0.386,2.1,2.6,0.803,0.6,2.7,3.3,3.7,1.1,0.5,1.9,2.6,17.0,regular
203078,2025-26,00,1610612746,LAC,32.0,6,6,20.2,3.0,8.0,0.375,1.2,3.2,0.368,1.0,1.3,0.75,0.3,0.5,0.8,1.7,0.5,0.0,1.5,2.3,8.2,regular
203078,2013-14,00,1610612764,WAS,21.0,11,11,41.6,6.8,16.1,0.424,2.0,4.8,0.415,3.5,4.5,0.796,1.4,3.6,5.0,4.5,1.6,0.6,2.1,2.8,19.2,playoffs
203078,2014-15,00,1610612764,WAS,22.0,10,10,41.8,8.1,20.0,0.405,2.3,6.3,0.365,4.9,5.9,0.831,1.4,4.1,5.5,4.6,1.6,0.7,2.6,1.9,23.4,playoffs
203078,2016-17,00,1610612764,WAS,24.0,13,13,38.8,9.4,19.9,0.471,2.2,7.8,0.287,3.8,4.7,0.82,1.2,2.2,3.4,2.7,1.6,0.6,2.1,2.9,24.8,playoffs
203078,2017-18,00,1610612764,WAS,25.0,6,6,36.0,8.2,18.0,0.454,3.5,7.5,0.467,3.3,3.8,0.87,0.3,3.0,3.3,2.8,1.2,0.3,2.5,3.2,23.2,playoffs
203078,2020-21,00,1610612764,WAS,28.0,5,5,39.0,11.2,24.6,0.455,1.4,6.4,0.219,6.2,7.2,0.861,1.2,5.0,6.2,4.2,0.8,0.6,4.0,1.2,30.0,playoffs
203078,2023-24,00,1610612756,PHX,31.0,4,4,38.5,6.5,14.8,0.441,2.5,5.8,0.435,1.0,1.3,0.8,1.5,1.3,2.8,4.5,0.8,0.3,3.3,3.8,16.5,playoffs
1642866,2025-26,00,1610612750,MIN,19.0,40,3,7.9,1.6,2.5,0.663,0.0,0.0,0.0,0.7,0.9,0.703,1.1,1.2,2.3,0.3,0.2,0.7,0.3,1.2,3.9,regular
1642866,2025-26,00,1610612750,MIN,19.0,5,0,4.6,1.0,1.8,0.556,0.0,0.0,0.0,1.2,1.6,0.75,1.0,1.2,2.2,0.0,0.4,0.4,0.6,0.0,3.2,playoffs
1630180,2020-21,00,1610612765,DET,22.0,70,53,27.3,4.0,9.9,0.404,2.5,6.6,0.38,1.8,2.1,0.844,0.6,3.9,4.5,1.4,0.7,0.2,0.9,1.6,12.2,regular
1630180,2021-22,00,1610612765,DET,23.0,82,82,33.0,5.5,13.9,0.396,2.6,7.4,0.346,2.6,3.1,0.827,1.3,4.1,5.4,2.8,0.9,0.2,1.2,1.6,16.1,regular
1630180,2022-23,00,1610612765,DET,24.0,52,30,28.8,4.7,11.7,0.404,1.9,5.6,0.345,3.5,4.0,0.861,1.1,3.5,4.7,1.6,1.0,0.2,1.0,1.7,14.8,regular
1630180,2022-23,00,1610612737,ATL,24.0,25,7,25.2,4.3,9.2,0.47,2.0,5.0,0.4,1.0,1.2,0.862,1.6,3.2,4.8,1.4,0.8,0.0,0.7,1.5,11.6,regular
1630180,2022-23,00,0,TOT,24.0,77,37,27.6,4.6,10.9,0.422,2.0,5.4,0.361,2.7,3.1,0.861,1.3,3.4,4.7,1.5,0.9,0.2,0.9,1.6,13.8,regular
1630180,2023-24,00,1610612737,ATL,25.0,63,51,32.7,4.6,11.1,0.416,1.8,5.7,0.316,2.7,3.2,0.837,2.7,3.9,6.5,1.5,0.8,0.2,0.9,1.4,13.7,regular
1630180,2025-26,00,1610612740,NOP,26.0,72,64,31.2,6.1,13.4,0.451,2.1,5.7,0.367,3.4,4.1,0.841,1.7,3.9,5.6,2.5,0.9,0.1,0.9,1.3,17.7,regular
1630180,2022-23,00,1610612737,ATL,24.0,6,0,22.2,2.5,6.7,0.375,1.2,3.0,0.389,1.3,1.5,0.889,1.2,2.8,4.0,1.0,0.5,0.0,0.3,0.5,7.5,playoffs
1629048,2019-20,00,1610612754,IND,20.0,54,2,8.7,1.3,2.8,0.467,0.1,0.8,0.19,0.4,0.6,0.727,0.5,1.5,2.0,0.4,0.2,0.7,0.5,1.2,3.2,regular
1629048,2020-21,00,1610612754,IND,21.0,45,3,12.5,1.8,4.3,0.428,0.4,1.8,0.253,1.0,1.4,0.738,1.3,2.0,3.3,0.8,0.2,1.3,0.4,2.1,5.1,regular
1629048,2021-22,00,1610612754,IND,22.0,50,16,14.6,2.6,5.0,0.52,0.5,1.6,0.288,1.3,1.9,0.681,1.6,2.0,3.5,1.1,0.4,0.8,0.9,2.1,7.0,regular
1629048,2022-23,00,1610612754,IND,23.0,21,0,9.6,1.3,2.5,0.519,0.2,0.7,0.286,0.5,1.1,0.458,1.2,1.1,2.3,0.9,0.4,0.5,0.6,1.6,3.3,regular
1629048,2022-23,00,1610612753,ORL,23.0,17,1,15.0,2.5,4.3,0.575,0.1,0.7,0.167,0.7,1.1,0.667,2.1,3.1,5.2,1.2,0.4,0.9,0.6,1.8,5.8,regular
1629048,2022-23,00,0,TOT,23.0,38,1,12.0,1.8,3.3,0.552,0.2,0.7,0.231,0.6,1.1,0.548,1.6,2.0,3.6,1.0,0.4,0.7,0.6,1.7,4.4,regular
1629048,2023-24,00,1610612753,ORL,24.0,62,33,15.4,2.0,3.4,0.603,0.0,0.2,0.143,0.9,1.4,0.655,1.8,2.9,4.6,1.3,0.5,1.2,0.7,1.7,5.0,regular
1629048,2024-25,00,1610612753,ORL,25.0,70,42,20.4,3.0,4.8,0.611,0.0,0.4,0.107,1.2,1.9,0.639,2.4,4.2,6.6,2.0,0.7,1.4,1.0,2.1,7.2,regular
1629048,2025-26,00,1610612753,ORL,26.0,64,3,15.2,2.4,3.5,0.676,0.0,0.2,0.182,1.1,1.5,0.711,2.1,2.9,5.0,1.3,0.6,1.0,0.7,2.1,5.9,regular
1629048,2023-24,00,1610612753,ORL,24.0,2,0,5.0,0.0,1.0,0.0,0.0,0.0,0.0,0.0,0.0,0.0,0.5,1.0,1.5,1.0,0.0,0.0,0.5,0.0,0.0,playoffs
1629048,2024-25,00,1610612753,ORL,25.0,3,0,3.7,0.3,0.3,1.0,0.0,0.0,0.0,0.0,0.0,0.0,0.0,1.0,1.0,0.3,0.0,0.3,0.0,2.0,0.7,playoffs
1629048,2025-26,00,1610612753,ORL,26.0,6,0,13.8,1.0,2.5,0.4,0.0,0.0,0.0,0.8,1.2,0.714,2.2,1.8,4.0,0.3,0.3,1.7,0.7,2.3,2.8,playoffs
202687,2011-12,00,1610612766,CHA,19.0,63,41,23.1,2.0,4.4,0.464,0.0,0.0,0.0,1.1,2.3,0.483,1.8,4.0,5.8,0.4,0.3,1.8,1.1,2.3,5.2,regular
202687,2012-13,00,1610612766,CHA,20.0,80,65,27.3,2.0,4.3,0.451,0.0,0.0,0.0,0.9,1.8,0.521,2.4,4.9,7.3,0.4,0.4,1.8,1.0,2.4,4.8,regular
202687,2013-14,00,1610612766,CHA,21.0,77,9,13.9,1.1,1.9,0.611,0.0,0.0,0.0,0.6,1.2,0.517,1.4,3.4,4.8,0.1,0.1,1.1,0.5,1.6,2.9,regular
202687,2014-15,00,1610612766,CHA,22.0,64,21,19.4,1.6,2.9,0.543,0.0,0.0,0.0,1.6,2.7,0.583,2.5,3.9,6.4,0.3,0.3,1.5,0.8,2.2,4.8,regular
202687,2015-16,00,1610612761,TOR,23.0,82,22,22.0,1.9,3.5,0.542,0.0,0.0,0.0,1.7,2.8,0.628,2.2,5.8,8.0,0.4,0.2,1.6,0.9,2.7,5.5,regular
202687,2016-17,00,1610612753,ORL,24.0,81,27,22.1,2.2,4.2,0.528,0.0,0.0,0.0,1.5,2.9,0.534,1.9,5.1,7.0,0.9,0.3,1.1,1.2,2.5,6.0,regular
202687,2017-18,00,1610612753,ORL,25.0,82,25,18.2,2.2,4.3,0.52,0.0,0.0,0.0,1.2,1.9,0.65,1.8,4.0,5.7,0.8,0.3,1.2,1.0,1.9,5.7,regular
202687,2018-19,00,1610612766,CHA,26.0,54,32,14.5,1.6,2.9,0.571,0.0,0.0,0.0,1.1,1.7,0.637,1.5,3.1,4.6,0.6,0.2,0.8,0.6,1.9,4.4,regular
202687,2019-20,00,1610612766,CHA,27.0,53,29,19.4,2.8,5.2,0.543,0.0,0.0,0.0,1.7,2.8,0.603,2.3,3.5,5.8,0.9,0.2,0.9,0.9,2.2,7.4,regular
202687,2020-21,00,1610612766,CHA,28.0,66,36,20.4,2.2,3.7,0.587,0.0,0.0,0.0,0.7,1.6,0.448,2.1,3.2,5.3,1.2,0.3,1.1,1.1,2.1,5.0,regular
202687,2021-22,00,1610612756,PHX,29.0,36,3,14.1,2.4,4.0,0.593,0.0,0.0,0.0,1.1,2.0,0.535,1.8,2.9,4.6,0.6,0.3,0.7,0.7,1.9,5.8,regular
202687,2022-23,00,1610612756,PHX,30.0,61,14,14.3,2.0,3.4,0.578,0.0,0.0,0.0,0.4,1.1,0.357,1.5,2.8,4.3,0.9,0.3,1.4,0.8,1.9,4.3,regular
202687,2023-24,00,1610612763,MEM,31.0,30,27,23.9,2.2,4.0,0.563,0.0,0.0,0.0,0.7,1.5,0.478,1.9,4.5,6.4,1.7,0.3,1.1,1.3,2.7,5.2,regular
202687,2023-24,00,1610612760,OKC,31.0,10,0,7.3,0.7,1.2,0.583,0.0,0.0,0.0,0.4,0.8,0.5,0.5,1.3,1.8,0.2,0.1,0.3,0.4,0.7,1.8,regular
202687,2023-24,00,0,TOT,31.0,40,27,19.8,1.9,3.3,0.565,0.0,0.0,0.0,0.7,1.4,0.481,1.6,3.7,5.2,1.3,0.3,0.9,1.1,2.2,4.4,regular
202687,2024-25,00,1610612759,SAS,32.0,28,26,18.9,2.4,4.1,0.588,0.0,0.0,0.0,0.4,0.9,0.4,1.5,4.1,5.6,1.1,0.6,0.8,1.0,1.9,5.1,regular
202687,2025-26,00,1610612759,SAS,33.0,25,1,5.6,0.4,0.6,0.6,0.0,0.0,0.0,0.2,0.3,0.714,0.2,0.8,1.0,0.2,0.2,0.1,0.3,1.1,0.9,regular
202687,2013-14,00,1610612766,CHA,21.0,3,1,16.0,1.0,1.7,0.6,0.0,0.0,0.0,0.7,2.0,0.333,1.7,2.0,3.7,0.3,0.0,0.7,0.0,1.3,2.7,playoffs
202687,2015-16,00,1610612761,TOR,23.0,20,10,25.3,2.0,3.5,0.58,0.0,0.0,0.0,2.2,3.6,0.597,2.7,6.7,9.4,0.4,0.4,1.4,1.1,2.4,6.2,playoffs
202687,2021-22,00,1610612756,PHX,29.0,9,0,9.6,1.2,1.9,0.647,0.0,0.0,0.0,0.3,0.7,0.5,0.9,1.2,2.1,0.6,0.1,0.2,0.7,1.4,2.8,playoffs
202687,2022-23,00,1610612756,PHX,30.0,8,0,9.8,1.1,2.0,0.563,0.0,0.0,0.0,1.1,2.3,0.5,1.3,2.1,3.4,0.8,0.0,1.3,0.8,2.3,3.4,playoffs
202687,2025-26,00,1610612759,SAS,33.0,9,0,2.8,0.3,0.8,0.429,0.0,0.0,0.0,0.0,0.0,0.0,0.1,0.2,0.3,0.0,0.0,0.2,0.2,0.4,0.7,playoffs
1641710,2023-24,00,1610612753,ORL,20.0,69,33,16.9,1.7,3.6,0.466,0.5,1.4,0.394,0.7,1.2,0.613,0.5,1.5,2.0,1.3,0.5,0.3,0.8,1.6,4.6,regular
1641710,2024-25,00,1610612753,ORL,21.0,78,10,24.2,3.4,7.9,0.423,0.8,2.5,0.318,1.9,2.5,0.761,0.7,2.3,2.9,3.1,1.1,0.6,1.8,2.1,9.4,regular
1641710,2025-26,00,1610612753,ORL,22.0,64,40,29.8,5.4,12.1,0.447,1.6,4.7,0.333,2.6,3.6,0.732,0.7,3.1,3.8,3.7,1.4,0.7,2.1,2.7,15.0,regular
1641710,2023-24,00,1610612753,ORL,20.0,2,0,5.5,1.5,3.5,0.429,0.0,1.0,0.0,0.0,0.0,0.0,0.5,0.5,1.0,1.0,0.5,0.0,0.5,0.5,3.0,playoffs
1641710,2024-25,00,1610612753,ORL,21.0,5,0,17.8,3.0,7.4,0.405,0.4,2.6,0.154,1.8,2.6,0.692,2.0,2.4,4.4,0.0,0.8,0.2,0.4,1.6,8.2,playoffs
1641710,2025-26,00,1610612753,ORL,22.0,7,0,28.0,2.9,7.7,0.37,1.0,3.1,0.318,1.9,3.0,0.619,0.3,2.9,3.1,1.4,2.1,0.7,0.7,2.7,8.6,playoffs
203992,2017-18,00,1610612758,SAC,25.0,78,52,27.9,4.4,9.9,0.446,1.7,4.2,0.392,1.3,1.5,0.84,0.4,2.5,2.9,3.3,0.9,0.2,1.6,2.2,11.8,regular
203992,2018-19,00,1610612758,SAC,26.0,70,17,27.8,5.2,12.3,0.418,1.9,5.3,0.36,1.9,2.3,0.827,0.6,2.9,3.5,3.8,1.0,0.2,1.7,2.0,14.1,regular
203992,2019-20,00,1610612758,SAC,27.0,61,28,29.0,5.5,12.6,0.44,2.7,7.2,0.372,1.4,1.9,0.741,0.4,3.0,3.4,3.4,1.0,0.2,1.7,2.2,15.1,regular
203992,2020-21,00,1610612737,ATL,28.0,44,27,29.7,6.1,12.8,0.473,3.3,7.6,0.438,0.9,1.0,0.909,0.5,3.2,3.6,3.3,1.1,0.3,1.2,2.3,16.4,regular
203992,2021-22,00,1610612737,ATL,29.0,63,27,29.3,5.4,12.6,0.431,2.7,7.3,0.368,1.5,1.8,0.843,0.5,3.5,4.0,3.1,1.1,0.2,1.1,2.1,15.1,regular
203992,2022-23,00,1610612737,ATL,30.0,54,9,27.9,5.1,11.3,0.447,2.7,6.7,0.406,1.2,1.4,0.831,0.4,2.6,3.1,2.8,0.8,0.3,1.2,1.6,14.0,regular
203992,2023-24,00,1610612737,ATL,31.0,79,33,30.4,6.0,13.9,0.428,3.0,8.1,0.374,1.9,2.1,0.921,0.7,2.8,3.4,3.1,1.2,0.3,1.4,2.3,16.9,regular
203992,2024-25,00,1610612737,ATL,32.0,24,0,24.9,3.5,9.3,0.371,1.8,6.1,0.301,1.3,1.4,0.882,0.5,2.3,2.8,2.0,0.8,0.3,1.5,2.4,10.0,regular
203992,2024-25,00,1610612746,LAC,32.0,30,4,25.0,4.2,8.9,0.474,2.0,4.8,0.427,0.9,1.1,0.875,0.4,2.7,3.1,3.2,0.7,0.2,1.2,2.3,11.4,regular
203992,2024-25,00,0,TOT,32.0,54,4,25.0,3.9,9.1,0.427,1.9,5.4,0.363,1.1,1.2,0.879,0.4,2.5,2.9,2.7,0.8,0.2,1.4,2.4,10.8,regular
203992,2025-26,00,1610612746,LAC,33.0,23,3,19.7,2.6,6.6,0.388,1.4,4.1,0.347,0.9,1.1,0.8,0.3,2.3,2.6,2.2,0.4,0.1,1.2,2.0,7.4,regular
203992,2020-21,00,1610612737,ATL,28.0,18,18,33.2,5.4,13.8,0.39,2.6,7.9,0.329,0.7,0.9,0.706,0.6,3.6,4.2,2.9,1.6,0.3,1.5,2.8,14.1,playoffs
203992,2021-22,00,1610612737,ATL,29.0,4,0,26.8,5.0,12.3,0.408,2.3,6.5,0.346,2.0,2.5,0.8,1.0,3.8,4.8,3.0,0.3,0.3,1.0,3.0,14.3,playoffs
203992,2022-23,00,1610612737,ATL,30.0,6,1,26.2,5.0,9.0,0.556,2.5,5.5,0.455,0.8,1.2,0.714,0.3,2.7,3.0,2.5,1.0,0.8,0.5,2.7,13.3,playoffs
203992,2024-25,00,1610612746,LAC,32.0,7,0,16.7,2.3,6.3,0.364,1.0,3.4,0.292,0.9,1.0,0.857,0.7,2.1,2.9,2.1,0.4,0.0,1.6,3.6,6.4,playoffs
1641737,2024-25,00,1610612755,PHI,22.0,58,11,15.6,2.3,3.3,0.703,0.0,0.0,0.0,1.2,1.7,0.67,1.6,2.6,4.2,0.5,0.4,1.2,1.1,2.2,5.8,regular
1641737,2025-26,00,1610612755,PHI,23.0,71,18,17.4,1.8,3.1,0.595,0.0,0.1,0.333,1.1,1.6,0.708,1.8,2.5,4.3,0.5,0.4,1.2,0.8,2.2,4.8,regular
1641737,2025-26,00,1610612755,PHI,23.0,10,3,9.6,0.8,1.6,0.5,0.0,0.0,0.0,1.0,1.6,0.625,1.1,1.0,2.1,0.1,0.1,0.7,1.1,2.3,2.6,playoffs
1626164,2015-16,00,1610612756,PHX,19.0,76,51,27.7,4.8,11.4,0.423,1.3,3.8,0.343,2.8,3.4,0.84,0.4,2.1,2.5,2.6,0.6,0.3,2.1,3.0,13.8,regular
1626164,2016-17,00,1610612756,PHX,20.0,78,78,35.0,7.8,18.3,0.423,1.9,5.2,0.363,4.7,5.7,0.832,0.6,2.6,3.2,3.4,0.9,0.3,3.1,3.1,22.1,regular
1626164,2017-18,00,1610612756,PHX,21.0,54,54,34.5,8.4,19.5,0.432,2.7,7.1,0.383,5.4,6.1,0.878,0.5,4.0,4.5,4.7,0.9,0.3,3.6,3.1,24.9,regular
1626164,2018-19,00,1610612756,PHX,22.0,64,64,35.0,9.2,19.6,0.467,2.1,6.5,0.326,6.1,7.1,0.866,0.6,3.5,4.1,6.8,0.9,0.2,4.1,3.1,26.6,regular
1626164,2019-20,00,1610612756,PHX,23.0,70,70,35.9,9.0,18.3,0.489,2.0,5.7,0.354,6.7,7.3,0.919,0.4,3.8,4.2,6.5,0.7,0.3,3.8,3.0,26.6,regular
1626164,2020-21,00,1610612756,PHX,24.0,67,67,33.9,9.3,19.2,0.484,1.9,5.5,0.34,5.1,5.9,0.867,0.5,3.7,4.2,4.3,0.8,0.2,3.1,2.7,25.6,regular
1626164,2021-22,00,1610612756,PHX,25.0,68,68,34.5,9.7,20.9,0.466,2.7,7.0,0.383,4.6,5.3,0.868,0.7,4.4,5.0,4.8,1.1,0.4,2.4,2.6,26.8,regular
1626164,2022-23,00,1610612756,PHX,26.0,53,53,34.6,9.9,20.1,0.494,2.1,6.0,0.351,5.8,6.8,0.855,0.9,3.7,4.5,5.5,1.0,0.3,2.7,3.0,27.8,regular
1626164,2023-24,00,1610612756,PHX,27.0,68,68,36.0,9.4,19.2,0.492,2.2,6.1,0.364,6.0,6.7,0.886,0.8,3.7,4.5,6.9,0.9,0.4,2.6,3.0,27.1,regular
1626164,2024-25,00,1610612756,PHX,28.0,75,75,37.3,8.7,18.9,0.461,2.4,7.3,0.332,5.8,6.4,0.894,1.0,3.1,4.1,7.1,0.9,0.2,2.9,2.6,25.6,regular
1626164,2025-26,00,1610612756,PHX,29.0,64,64,33.5,8.5,18.7,0.456,1.9,5.8,0.33,7.1,8.1,0.873,0.8,3.1,3.9,6.0,0.8,0.3,3.1,2.6,26.1,regular
1626164,2020-21,00,1610612756,PHX,24.0,22,22,40.4,9.6,21.5,0.447,2.0,6.2,0.321,6.0,6.7,0.905,0.7,5.0,5.6,4.5,0.8,0.2,3.7,3.5,27.3,playoffs
1626164,2021-22,00,1610612756,PHX,25.0,10,10,36.6,7.9,17.5,0.451,2.8,6.5,0.431,4.7,5.3,0.887,1.0,3.8,4.8,4.4,0.5,0.4,3.2,2.5,23.3,playoffs
1626164,2022-23,00,1610612756,PHX,26.0,11,11,41.7,12.8,21.9,0.585,2.8,5.5,0.508,5.3,6.1,0.866,1.1,3.7,4.8,7.2,1.7,0.8,2.9,3.4,33.7,playoffs
1626164,2023-24,00,1610612756,PHX,27.0,4,4,41.5,8.0,16.3,0.492,1.8,5.0,0.35,9.8,10.3,0.951,0.3,3.0,3.3,6.0,1.8,0.3,2.8,4.5,27.5,playoffs
1626164,2025-26,00,1610612756,PHX,29.0,4,4,38.3,7.3,15.8,0.46,1.3,5.0,0.25,5.5,7.0,0.786,2.5,1.8,4.3,4.8,0.3,0.3,4.0,3.8,21.3,playoffs
1628449,2017-18,00,1610612744,GSW,25.0,1,0,1.0,0.0,1.0,0.0,0.0,1.0,0.0,0.0,0.0,0.0,0.0,1.0,1.0,0.0,0.0,0.0,0.0,0.0,0.0,regular
1628449,2018-19,00,1610612761,TOR,26.0,28,0,5.8,1.2,2.7,0.447,0.4,1.3,0.324,0.5,0.5,0.867,0.6,1.4,2.0,0.1,0.2,0.9,0.3,1.1,3.3,regular
1628449,2019-20,00,1610612761,TOR,27.0,62,0,13.2,2.3,4.8,0.472,0.6,1.9,0.322,1.5,1.9,0.784,1.7,2.7,4.5,0.4,0.4,1.0,0.5,1.8,6.6,regular
1628449,2020-21,00,1610612761,TOR,28.0,60,14,24.2,4.8,9.3,0.514,1.5,3.9,0.383,2.5,3.2,0.788,2.0,4.8,6.7,1.1,0.6,1.9,0.8,2.8,13.6,regular
1628449,2021-22,00,1610612761,TOR,29.0,80,9,21.1,3.4,7.2,0.464,0.9,2.9,0.297,1.9,2.4,0.777,2.2,3.9,6.2,0.3,0.6,0.9,0.5,2.2,9.4,regular
1628449,2022-23,00,1610612761,TOR,30.0,76,0,20.0,3.4,7.0,0.493,0.8,2.5,0.328,1.7,2.2,0.762,2.1,3.5,5.5,0.4,0.6,0.8,0.5,1.9,9.4,regular
1628449,2023-24,00,1610612761,TOR,31.0,50,0,14.1,2.2,4.3,0.507,0.6,1.9,0.33,1.4,1.8,0.772,1.2,2.9,4.1,0.5,0.3,0.5,0.6,1.4,6.4,regular
1628449,2024-25,00,1610612761,TOR,32.0,50,0,17.2,3.6,7.4,0.492,1.4,3.9,0.363,1.4,1.7,0.782,1.4,3.1,4.5,0.7,0.5,0.5,0.6,1.4,10.0,regular
1628449,2025-26,00,1610612738,BOS,33.0,9,0,10.4,0.9,2.8,0.32,0.2,1.7,0.133,0.3,0.4,0.75,0.2,1.8,2.0,0.3,0.6,0.8,0.1,1.9,2.3,regular
1628449,2018-19,00,1610612761,TOR,26.0,2,0,2.0,1.0,2.5,0.4,0.5,1.5,0.333,0.0,0.5,0.0,0.0,0.5,0.5,0.0,0.0,0.5,0.0,0.0,2.5,playoffs
1628449,2019-20,00,1610612761,TOR,27.0,7,0,6.1,0.4,1.6,0.273,0.3,0.7,0.4,0.0,0.1,0.0,0.4,1.3,1.7,0.1,0.0,0.3,0.1,0.7,1.1,playoffs
1628449,2021-22,00,1610612761,TOR,29.0,6,0,21.7,4.3,7.0,0.619,1.0,2.5,0.4,1.5,1.7,0.9,2.0,3.8,5.8,0.2,0.2,1.2,0.3,2.2,11.2,playoffs
1628396,2017-18,00,1610612762,UTA,20.0,9,0,3.2,0.3,1.2,0.273,0.0,0.1,0.0,0.2,0.2,1.0,0.4,0.8,1.2,0.1,0.0,0.0,0.0,0.1,0.9,regular
1628396,2018-19,00,1610612762,UTA,21.0,3,0,12.0,2.7,5.3,0.5,0.0,0.0,0.0,0.3,0.7,0.5,3.0,2.0,5.0,0.3,0.7,0.7,1.0,2.0,5.7,regular
1628396,2019-20,00,1610612762,UTA,22.0,58,3,11.4,2.2,3.3,0.667,0.1,0.1,1.0,0.5,0.8,0.652,1.9,2.7,4.6,0.4,0.2,0.6,0.5,2.0,4.9,regular
1628396,2020-21,00,1610612755,PHI,23.0,20,8,14.4,2.6,3.8,0.68,0.0,0.1,0.0,0.4,0.6,0.636,2.0,3.3,5.2,0.9,0.3,0.7,0.3,1.4,5.5,regular
1628396,2020-21,00,1610612760,OKC,23.0,22,0,18.0,3.6,5.5,0.656,0.0,0.1,0.0,1.4,2.0,0.705,2.1,4.0,6.1,0.9,0.4,0.8,1.2,1.5,8.7,regular
1628396,2020-21,00,0,TOT,23.0,42,8,16.3,3.1,4.7,0.665,0.0,0.1,0.0,0.9,1.3,0.691,2.0,3.7,5.7,0.9,0.4,0.7,0.8,1.5,7.1,regular
1628396,2021-22,00,1610612741,CHI,24.0,55,7,10.0,1.3,2.2,0.585,0.0,0.0,0.0,0.3,0.5,0.655,1.2,2.2,3.4,0.5,0.2,0.6,0.6,1.1,3.0,regular
1628396,2022-23,00,1610612741,CHI,25.0,12,0,2.8,0.5,1.0,0.5,0.3,0.4,0.6,0.3,0.3,1.0,0.1,0.8,0.9,0.1,0.1,0.1,0.1,0.2,1.6,regular
1628396,2024-25,00,1610612754,IND,27.0,14,0,8.1,2.1,3.2,0.644,0.1,0.2,0.333,0.1,0.4,0.333,1.3,1.7,3.0,0.4,0.1,0.6,0.4,0.8,4.4,regular
1628396,2025-26,00,1610612754,IND,28.0,38,3,10.9,1.6,2.8,0.557,0.0,0.1,0.5,0.8,1.1,0.744,1.5,1.3,2.8,0.5,0.2,0.2,0.4,1.6,4.0,regular
1628396,2025-26,00,1610612737,ATL,28.0,3,1,11.3,1.7,3.7,0.455,0.3,0.7,0.5,0.0,0.0,0.0,1.3,1.7,3.0,0.7,0.0,0.0,0.3,0.7,3.7,regular
1628396,2025-26,00,0,TOT,28.0,41,4,11.0,1.6,2.9,0.547,0.0,0.1,0.5,0.8,1.0,0.744,1.5,1.4,2.8,0.5,0.1,0.2,0.4,1.5,4.0,regular
1628396,2017-18,00,1610612762,UTA,20.0,1,0,2.0,1.0,2.0,0.5,0.0,0.0,0.0,0.0,0.0,0.0,1.0,0.0,1.0,0.0,0.0,0.0,0.0,0.0,2.0,playoffs
1628396,2019-20,00,1610612762,UTA,22.0,6,0,8.0,0.3,1.5,0.222,0.0,0.0,0.0,0.8,1.2,0.714,1.7,2.2,3.8,0.2,0.3,0.3,0.7,0.7,1.5,playoffs
1628396,2021-22,00,1610612741,CHI,24.0,2,0,4.0,2.5,2.5,1.0,0.0,0.0,0.0,0.0,0.0,0.0,0.0,2.0,2.0,0.5,0.0,0.0,0.0,0.0,5.0,playoffs
1628396,2024-25,00,1610612754,IND,27.0,11,0,7.1,0.4,0.8,0.444,0.0,0.1,0.0,0.8,1.1,0.75,1.0,0.9,1.9,0.3,0.0,0.1,0.4,0.9,1.5,playoffs
1628396,2025-26,00,1610612737,ATL,28.0,4,0,10.3,0.8,1.0,0.75,0.3,0.3,1.0,1.0,1.5,0.667,0.3,2.5,2.8,0.8,0.5,0.8,0.3,1.8,2.8,playoffs
1631103,2022-23,00,1610612759,SAS,20.0,66,32,23.5,4.1,9.3,0.44,1.2,3.9,0.302,0.9,1.1,0.829,0.4,2.3,2.7,1.9,0.5,0.1,1.2,1.7,10.2,regular
1631103,2023-24,00,1610612759,SAS,21.0,75,29,21.3,3.6,8.4,0.432,1.2,3.6,0.347,0.7,0.8,0.873,0.4,1.6,2.0,2.1,0.4,0.1,1.2,1.3,9.2,regular
1631103,2024-25,00,1610612759,SAS,22.0,47,0,9.1,1.9,4.0,0.458,0.7,1.8,0.405,0.6,0.7,0.818,0.1,0.9,1.1,0.8,0.2,0.0,0.7,0.6,5.0,regular
1631103,2025-26,00,1610612764,WAS,22.0,28,0,9.9,1.5,3.3,0.473,0.5,1.3,0.378,1.0,1.2,0.824,0.4,1.1,1.6,0.8,0.4,0.1,0.5,0.8,4.6,regular
1631128,2022-23,00,1610612743,DEN,22.0,76,6,15.5,1.9,3.8,0.495,0.4,1.3,0.354,0.5,0.8,0.625,0.6,1.8,2.4,0.8,0.5,0.2,0.5,1.3,4.7,regular
1631128,2023-24,00,1610612743,DEN,23.0,82,4,20.2,2.7,5.9,0.46,0.8,2.0,0.384,1.1,1.6,0.694,1.0,2.8,3.7,1.6,0.5,0.4,0.7,1.7,7.3,regular
1631128,2024-25,00,1610612743,DEN,24.0,79,77,33.9,6.0,10.4,0.58,1.1,2.8,0.397,2.2,2.7,0.827,1.2,3.9,5.2,2.6,1.1,0.5,1.0,2.2,15.4,regular
1631128,2025-26,00,1610612743,DEN,25.0,44,44,31.8,4.6,8.8,0.519,1.0,3.3,0.301,1.8,2.3,0.782,1.4,3.4,4.8,2.7,0.7,0.3,1.0,2.3,12.0,regular
1631128,2022-23,00,1610612743,DEN,22.0,19,0,13.0,1.3,2.4,0.533,0.1,0.5,0.2,0.6,1.0,0.579,0.6,1.4,2.1,0.6,0.6,0.2,0.5,1.5,3.2,playoffs
1631128,2023-24,00,1610612743,DEN,23.0,12,0,17.0,1.9,4.5,0.426,0.3,1.5,0.222,0.9,1.3,0.688,0.8,1.9,2.7,0.8,0.2,0.4,0.1,1.5,5.1,playoffs
1631128,2024-25,00,1610612743,DEN,24.0,14,14,38.9,4.8,10.6,0.453,1.5,5.0,0.3,1.6,2.2,0.71,1.8,4.6,6.4,2.4,1.2,0.7,1.0,3.4,12.6,playoffs
1631128,2025-26,00,1610612743,DEN,25.0,6,6,31.2,2.5,6.0,0.417,1.0,2.3,0.429,2.3,3.2,0.737,0.3,3.2,3.5,1.7,1.0,0.8,0.7,2.2,8.3,playoffs
1642886,2025-26,00,1610612756,PHX,23.0,12,0,7.0,1.3,3.0,0.417,1.1,2.5,0.433,0.2,0.2,1.0,0.1,0.6,0.7,0.8,0.1,0.0,0.3,0.5,3.8,regular
1628969,2018-19,00,1610612756,PHX,22.0,82,56,29.5,3.0,6.9,0.43,1.3,3.8,0.335,1.2,1.4,0.805,0.7,2.5,3.2,2.1,1.6,0.5,0.9,2.5,8.3,regular
1628969,2019-20,00,1610612756,PHX,23.0,73,32,28.0,3.4,6.6,0.51,1.0,2.7,0.361,1.4,1.7,0.844,0.9,3.1,4.0,1.8,1.4,0.6,1.0,2.2,9.1,regular
1628969,2020-21,00,1610612756,PHX,24.0,72,72,32.6,5.0,9.3,0.543,1.9,4.4,0.425,1.5,1.8,0.84,1.1,3.2,4.3,2.1,1.1,0.9,0.8,1.6,13.5,regular
1628969,2021-22,00,1610612756,PHX,25.0,82,82,34.8,5.6,10.5,0.534,1.4,3.8,0.369,1.6,1.9,0.834,0.9,3.3,4.2,2.3,1.2,0.4,0.8,1.8,14.2,regular
1628969,2022-23,00,1610612756,PHX,26.0,56,56,36.4,6.3,13.6,0.463,1.8,4.7,0.387,2.8,3.1,0.897,1.0,3.3,4.3,3.6,1.2,0.8,1.4,2.1,17.2,regular
1628969,2022-23,00,1610612751,BKN,26.0,27,27,34.2,8.9,18.6,0.475,2.5,6.7,0.376,5.9,6.6,0.894,0.9,3.6,4.5,2.7,1.0,0.6,1.8,1.6,26.1,regular
1628969,2022-23,00,0,TOT,26.0,83,83,35.7,7.1,15.3,0.468,2.0,5.3,0.382,3.8,4.3,0.895,1.0,3.4,4.4,3.3,1.1,0.7,1.5,1.9,20.1,regular
1628969,2023-24,00,1610612751,BKN,27.0,82,82,34.8,6.9,15.8,0.436,2.7,7.2,0.372,3.1,3.9,0.814,0.8,3.7,4.5,3.6,1.0,0.4,2.0,1.4,19.6,regular
1628969,2024-25,00,1610612752,NYK,28.0,82,82,37.0,7.2,14.4,0.5,2.0,5.6,0.354,1.2,1.4,0.814,0.9,2.3,3.2,3.7,0.9,0.5,1.6,1.5,17.6,regular
1628969,2025-26,00,1610612752,NYK,29.0,82,82,32.8,5.8,11.7,0.49,1.9,5.1,0.371,1.0,1.2,0.827,1.0,2.8,3.8,3.7,1.3,0.8,1.0,2.0,14.4,regular
1628969,2020-21,00,1610612756,PHX,24.0,22,22,32.1,4.2,8.6,0.484,1.6,4.3,0.368,1.1,1.3,0.893,0.9,3.4,4.3,1.6,1.0,0.7,0.7,1.9,11.1,playoffs
1628969,2021-22,00,1610612756,PHX,25.0,13,13,38.5,5.1,10.6,0.478,1.0,2.5,0.394,2.2,2.3,0.933,0.9,3.8,4.7,2.8,1.1,1.0,0.8,2.4,13.3,playoffs
1628969,2022-23,00,1610612751,BKN,26.0,4,4,39.3,8.3,19.3,0.429,2.5,6.3,0.4,4.5,5.8,0.783,0.5,4.8,5.3,4.0,0.5,0.5,2.0,1.3,23.5,playoffs
1628969,2024-25,00,1610612752,NYK,28.0,18,18,39.2,6.7,14.6,0.456,1.6,4.7,0.333,0.7,0.9,0.75,1.1,3.4,4.5,2.9,1.7,0.9,2.1,2.2,15.6,playoffs
1628969,2025-26,00,1610612752,NYK,29.0,15,15,31.5,5.9,10.1,0.583,1.0,2.9,0.341,1.5,1.5,0.957,0.5,2.6,3.1,2.5,1.2,0.3,1.0,1.9,14.2,playoffs
1628970,2018-19,00,1610612766,CHA,21.0,80,25,21.2,3.0,6.4,0.464,0.8,2.5,0.325,0.7,1.0,0.753,0.8,3.2,4.0,1.2,0.7,0.6,0.6,1.4,7.5,regular
1628970,2019-20,00,1610612766,CHA,22.0,65,64,30.7,4.9,11.6,0.424,1.5,4.6,0.33,1.6,2.0,0.809,1.4,4.2,5.6,1.8,0.6,0.7,1.5,2.0,13.0,regular
1628970,2020-21,00,1610612766,CHA,23.0,66,19,29.3,4.7,9.4,0.503,1.8,4.4,0.4,1.5,1.7,0.867,1.2,4.8,6.0,2.2,0.7,0.8,1.6,2.2,12.7,regular
1628970,2021-22,00,1610612766,CHA,24.0,80,80,35.5,7.5,15.2,0.491,1.9,5.8,0.331,3.3,4.2,0.802,1.1,5.9,7.0,3.8,0.9,0.8,1.9,2.4,20.2,regular
1628970,2023-24,00,1610612766,CHA,26.0,69,67,37.4,8.1,17.5,0.462,2.3,6.5,0.349,2.5,3.1,0.825,1.0,6.3,7.3,3.3,0.9,0.5,2.0,1.7,21.0,regular
1628970,2024-25,00,1610612766,CHA,27.0,64,64,31.7,7.3,17.0,0.431,2.2,7.0,0.313,3.5,4.0,0.87,1.1,6.4,7.5,3.9,0.7,0.7,2.1,1.5,20.3,regular
1628970,2025-26,00,1610612766,CHA,28.0,77,77,31.0,6.2,13.5,0.46,1.9,5.8,0.333,2.7,3.3,0.822,1.0,4.9,5.8,3.2,0.6,0.4,1.4,1.7,17.1,regular
1628415,2017-18,00,1610612763,MEM,22.0,82,74,28.7,4.1,9.4,0.44,1.1,3.2,0.356,1.5,2.0,0.747,0.6,2.5,3.1,1.6,0.9,0.2,1.5,2.8,11.0,regular
1628415,2018-19,00,1610612763,MEM,23.0,18,0,18.3,2.7,6.8,0.402,0.8,2.2,0.375,1.2,1.7,0.733,0.5,1.2,1.7,0.9,0.6,0.2,1.1,2.8,7.5,regular
1628415,2019-20,00,1610612763,MEM,24.0,73,73,28.9,6.0,14.6,0.407,2.0,5.6,0.358,2.2,2.8,0.808,0.9,2.4,3.3,2.1,0.9,0.4,1.7,3.8,16.2,regular
1628415,2020-21,00,1610612763,MEM,25.0,67,67,29.8,6.4,15.4,0.419,1.9,5.6,0.344,2.4,2.9,0.815,0.8,2.1,2.9,2.3,1.2,0.4,1.8,3.5,17.2,regular
1628415,2021-22,00,1610612763,MEM,26.0,32,31,27.7,7.1,16.4,0.432,1.4,4.7,0.309,2.8,3.3,0.849,0.9,2.3,3.2,2.8,1.1,0.3,1.6,3.3,18.4,regular
1628415,2022-23,00,1610612763,MEM,27.0,73,73,30.3,5.4,13.6,0.396,2.0,6.0,0.326,1.6,2.1,0.779,0.6,2.7,3.3,2.6,0.9,0.2,1.4,3.3,14.3,regular
1628415,2023-24,00,1610612745,HOU,28.0,72,72,30.9,4.6,10.7,0.428,1.8,5.1,0.359,1.7,2.0,0.844,0.7,2.7,3.4,1.7,0.9,0.1,1.2,3.3,12.7,regular
1628415,2024-25,00,1610612745,HOU,29.0,75,75,31.8,5.1,11.9,0.429,2.5,6.3,0.397,1.3,1.6,0.818,1.0,2.7,3.7,1.7,0.8,0.2,1.0,3.2,14.0,regular
1628415,2025-26,00,1610612756,PHX,30.0,56,56,30.4,7.4,17.1,0.435,2.3,6.6,0.344,3.0,3.6,0.842,0.8,2.9,3.6,1.8,1.0,0.2,1.8,3.3,20.2,regular
1628415,2020-21,00,1610612763,MEM,25.0,5,5,35.0,10.0,19.4,0.515,1.6,4.0,0.4,4.2,5.2,0.808,1.0,3.2,4.2,2.2,1.4,0.4,1.8,3.4,25.8,playoffs
1628415,2021-22,00,1610612763,MEM,26.0,11,11,30.5,5.5,15.6,0.349,2.3,6.5,0.347,1.5,2.3,0.64,0.7,2.0,2.7,2.7,1.0,0.3,2.0,3.3,14.6,playoffs
1628415,2022-23,00,1610612763,MEM,27.0,6,6,27.8,4.0,12.8,0.312,1.7,7.0,0.238,0.8,1.2,0.714,0.5,2.5,3.0,1.8,0.2,0.0,1.2,3.3,10.5,playoffs
1628415,2024-25,00,1610612745,HOU,29.0,7,7,29.4,4.0,9.0,0.444,1.4,4.1,0.345,2.9,3.4,0.833,1.3,1.9,3.1,1.3,0.7,0.3,1.3,3.9,12.3,playoffs
1628415,2025-26,00,1610612756,PHX,30.0,4,4,37.3,9.8,21.3,0.459,3.5,8.0,0.438,3.0,3.0,1.0,1.3,4.8,6.0,1.8,0.3,0.3,1.5,4.5,26.0,playoffs
1641780,2025-26,00,1610612755,PHI,23.0,11,0,5.0,0.4,2.2,0.167,0.0,0.5,0.0,0.2,0.5,0.333,0.6,0.8,1.5,0.4,0.3,0.2,0.3,0.6,0.9,regular
1641780,2025-26,00,1610612755,PHI,23.0,2,0,4.0,1.5,3.0,0.5,0.5,2.0,0.25,0.0,0.0,0.0,0.5,0.5,1.0,0.5,0.0,0.0,0.0,0.0,3.5,playoffs
1628971,2018-19,00,1610612765,DET,22.0,74,56,19.6,1.7,4.2,0.398,0.3,1.3,0.258,0.6,0.8,0.75,0.6,1.9,2.5,1.2,0.5,0.5,0.6,2.4,4.3,regular
1628971,2019-20,00,1610612765,DET,23.0,58,43,28.2,3.4,7.7,0.443,0.6,1.7,0.344,1.5,2.1,0.739,1.1,3.7,4.7,4.0,1.1,0.5,1.7,2.8,8.9,regular
1628971,2020-21,00,1610612751,BKN,24.0,65,37,22.3,3.6,6.5,0.556,0.3,0.9,0.288,1.3,1.8,0.735,1.7,3.7,5.4,1.6,0.9,0.4,0.8,2.2,8.8,regular
1628971,2021-22,00,1610612751,BKN,25.0,72,45,24.6,3.6,7.0,0.506,0.5,1.3,0.404,1.3,1.8,0.758,1.4,3.4,4.8,2.1,1.1,0.7,0.8,2.4,9.0,regular
1628971,2022-23,00,1610612743,DEN,26.0,80,31,28.5,4.5,9.3,0.483,1.1,3.2,0.358,1.5,1.9,0.758,0.8,3.3,4.1,3.4,1.1,0.6,1.5,2.4,11.5,regular
1628971,2023-24,00,1610612754,IND,27.0,33,33,29.7,4.5,9.5,0.475,1.0,3.1,0.327,2.0,2.5,0.817,0.8,3.9,4.7,3.0,1.1,0.2,1.2,2.5,12.1,regular
1628971,2023-24,00,1610612761,TOR,27.0,34,11,26.0,3.8,7.9,0.481,0.6,1.9,0.317,1.5,1.8,0.833,0.8,3.0,3.8,2.7,0.7,0.3,1.3,2.0,9.6,regular
1628971,2023-24,00,0,TOT,27.0,67,44,27.8,4.1,8.7,0.478,0.8,2.4,0.323,1.7,2.1,0.824,0.8,3.4,4.2,2.9,0.9,0.3,1.3,2.2,10.8,regular
1628971,2024-25,00,1610612761,TOR,28.0,18,0,19.6,3.2,7.3,0.435,0.6,2.0,0.306,1.4,1.6,0.897,0.9,2.8,3.8,1.6,0.9,0.2,1.1,1.4,8.4,regular
1628971,2024-25,00,1610612740,NOP,28.0,23,12,24.7,3.2,7.7,0.41,0.7,2.0,0.356,1.2,1.6,0.75,1.0,3.2,4.2,2.4,0.7,0.3,0.9,2.0,8.2,regular
1628971,2024-25,00,0,TOT,28.0,41,12,22.5,3.2,7.5,0.421,0.7,2.0,0.333,1.3,1.6,0.815,1.0,3.0,4.0,2.0,0.8,0.2,1.0,1.7,8.3,regular
1628971,2025-26,00,1610612743,DEN,29.0,82,4,24.4,3.0,6.4,0.475,0.7,1.8,0.385,1.2,1.5,0.762,1.0,2.8,3.9,2.1,1.0,0.2,1.1,2.4,7.9,regular
1628971,2018-19,00,1610612765,DET,22.0,4,2,14.3,1.3,3.5,0.357,0.3,1.3,0.2,0.5,0.5,1.0,0.3,1.8,2.0,0.5,0.5,0.3,0.5,2.0,3.3,playoffs
1628971,2020-21,00,1610612751,BKN,24.0,12,5,23.1,3.3,6.6,0.506,0.2,0.9,0.182,1.1,1.3,0.813,1.9,3.2,5.1,2.1,0.7,0.4,0.9,2.6,7.9,playoffs
1628971,2021-22,00,1610612751,BKN,25.0,4,4,34.8,5.3,9.3,0.568,1.5,3.5,0.429,2.0,2.5,0.8,1.5,3.3,4.8,2.8,1.3,0.8,2.3,4.0,14.0,playoffs
1628971,2022-23,00,1610612743,DEN,26.0,20,0,26.6,4.5,8.8,0.511,0.9,2.9,0.316,2.1,2.5,0.857,0.8,3.3,4.0,1.9,1.1,0.5,1.2,2.5,12.0,playoffs
1628971,2025-26,00,1610612743,DEN,29.0,6,0,19.3,2.5,5.7,0.441,0.5,1.8,0.273,0.8,1.5,0.556,0.5,2.2,2.7,1.7,1.7,0.0,1.5,2.7,6.3,playoffs
1627759,2016-17,00,1610612738,BOS,20.0,78,20,17.2,2.5,5.4,0.455,0.6,1.7,0.343,1.1,1.6,0.685,0.6,2.2,2.8,0.8,0.4,0.2,0.9,1.8,6.6,regular
1627759,2017-18,00,1610612738,BOS,21.0,70,70,30.7,5.3,11.5,0.465,1.7,4.4,0.395,2.1,3.3,0.644,0.9,4.0,4.9,1.6,1.0,0.4,1.8,2.6,14.5,regular
1627759,2018-19,00,1610612738,BOS,22.0,74,25,25.9,5.0,10.7,0.465,1.3,3.7,0.344,1.8,2.7,0.658,0.9,3.4,4.2,1.4,0.9,0.4,1.3,2.5,13.0,regular
1627759,2019-20,00,1610612738,BOS,23.0,57,57,33.9,7.5,15.6,0.481,2.3,5.9,0.382,3.1,4.3,0.724,1.1,5.3,6.4,2.1,1.1,0.4,2.2,2.9,20.3,regular
1627759,2020-21,00,1610612738,BOS,24.0,58,58,34.5,9.3,19.2,0.484,2.8,7.1,0.397,3.3,4.3,0.764,1.2,4.8,6.0,3.4,1.2,0.6,2.7,2.9,24.7,regular
1627759,2021-22,00,1610612738,BOS,25.0,66,66,33.6,8.7,18.4,0.473,2.5,7.0,0.358,3.7,4.8,0.758,0.8,5.3,6.1,3.5,1.1,0.3,2.7,2.5,23.6,regular
1627759,2022-23,00,1610612738,BOS,26.0,67,67,35.9,10.1,20.6,0.491,2.4,7.3,0.335,3.9,5.1,0.765,1.2,5.7,6.9,3.5,1.1,0.4,2.9,2.6,26.6,regular
1627759,2023-24,00,1610612738,BOS,27.0,70,70,33.5,9.0,17.9,0.499,2.1,5.9,0.354,3.0,4.3,0.703,1.2,4.3,5.5,3.6,1.2,0.5,2.4,2.6,23.0,regular
1627759,2024-25,00,1610612738,BOS,28.0,63,63,34.3,8.2,17.7,0.463,1.8,5.7,0.324,3.9,5.1,0.764,1.3,4.5,5.8,4.5,1.2,0.3,2.6,2.4,22.2,regular
1627759,2025-26,00,1610612738,BOS,29.0,71,71,34.4,10.4,21.7,0.477,2.0,5.7,0.347,6.0,7.5,0.795,1.1,5.8,6.9,5.1,1.0,0.4,3.6,2.7,28.7,regular
1627759,2016-17,00,1610612738,BOS,20.0,17,0,12.6,2.0,4.2,0.479,0.3,1.4,0.217,0.7,1.1,0.667,0.7,1.4,2.1,0.8,0.4,0.1,0.8,1.5,5.0,playoffs
1627759,2017-18,00,1610612738,BOS,21.0,18,15,32.4,6.9,14.8,0.466,2.4,6.2,0.393,1.8,2.8,0.64,0.9,3.9,4.8,1.4,0.8,0.6,1.3,3.2,18.0,playoffs
1627759,2018-19,00,1610612738,BOS,22.0,9,9,30.4,4.9,9.7,0.506,1.6,4.4,0.35,2.6,3.3,0.767,0.7,5.1,5.8,1.1,0.7,0.2,1.8,3.3,13.9,playoffs
1627759,2019-20,00,1610612738,BOS,23.0,17,17,39.5,8.1,16.9,0.476,2.5,7.1,0.358,3.1,3.7,0.841,1.4,6.1,7.5,2.3,1.5,0.5,2.4,2.8,21.8,playoffs
1627759,2021-22,00,1610612738,BOS,25.0,24,24,38.3,8.2,17.5,0.47,2.5,6.7,0.373,4.2,5.5,0.763,1.4,5.5,6.9,3.5,1.1,0.4,3.1,3.0,23.1,playoffs
1627759,2022-23,00,1610612738,BOS,26.0,20,20,37.6,9.1,18.3,0.496,2.0,5.7,0.354,2.6,3.7,0.689,1.3,4.4,5.6,3.4,1.1,0.4,3.3,3.1,22.7,playoffs
1627759,2023-24,00,1610612738,BOS,27.0,19,19,37.2,9.2,17.8,0.516,1.9,5.8,0.327,3.6,5.4,0.66,1.2,4.8,5.9,3.3,1.2,0.6,2.7,2.7,23.9,playoffs
1627759,2024-25,00,1610612738,BOS,28.0,11,11,36.5,7.8,17.7,0.441,1.9,5.7,0.333,4.5,6.0,0.758,1.2,5.9,7.1,3.9,1.0,0.3,3.5,3.2,22.1,playoffs
1627759,2025-26,00,1610612738,BOS,29.0,7,7,35.6,9.3,20.4,0.455,2.4,6.0,0.405,4.7,6.6,0.717,1.6,4.1,5.7,3.3,0.9,1.1,3.6,3.0,25.7,playoffs
1641738,2023-24,00,1610612746,LAC,24.0,44,0,9.0,0.8,2.0,0.411,0.3,1.1,0.292,0.0,0.0,0.5,0.5,1.0,1.4,0.6,0.3,0.1,0.2,1.1,2.0,regular
1641738,2024-25,00,1610612746,LAC,25.0,40,0,6.8,0.8,1.8,0.458,0.2,0.7,0.231,0.1,0.2,0.714,0.5,1.2,1.6,0.6,0.2,0.1,0.3,0.6,1.9,regular
1641738,2025-26,00,1610612746,LAC,26.0,34,0,8.7,1.0,2.5,0.393,0.4,1.4,0.265,0.6,0.8,0.808,0.5,1.0,1.6,0.8,0.3,0.1,0.4,0.5,2.9,regular
1641738,2025-26,00,1610612754,IND,26.0,27,10,24.7,3.5,6.9,0.503,1.4,3.3,0.433,1.0,1.2,0.788,1.9,3.0,4.9,2.0,0.5,0.4,1.4,2.0,9.4,regular
1641738,2025-26,00,0,TOT,26.0,61,10,15.8,2.1,4.4,0.469,0.9,2.3,0.374,0.8,1.0,0.797,1.1,1.9,3.0,1.3,0.4,0.2,0.9,1.1,5.8,regular
1641738,2023-24,00,1610612746,LAC,24.0,3,0,3.3,0.0,0.0,0.0,0.0,0.0,0.0,0.0,0.0,0.0,0.3,0.3,0.7,0.0,0.0,0.0,0.0,0.3,0.0,playoffs
1641738,2024-25,00,1610612746,LAC,25.0,3,0,5.0,2.3,2.7,0.875,0.3,0.3,1.0,0.3,0.3,1.0,0.0,0.3,0.3,1.3,0.0,0.0,0.0,0.0,5.3,playoffs
1628973,2018-19,00,1610612742,DAL,22.0,73,38,21.8,3.6,7.7,0.467,0.9,2.5,0.348,1.2,1.6,0.725,0.3,2.0,2.3,3.2,0.5,0.1,1.2,1.7,9.3,regular
1628973,2019-20,00,1610612742,DAL,23.0,57,16,17.9,3.2,6.8,0.466,0.8,2.1,0.358,1.1,1.3,0.813,0.4,2.0,2.4,3.3,0.4,0.1,1.2,1.3,8.2,regular
1628973,2020-21,00,1610612742,DAL,24.0,68,12,25.0,4.8,9.2,0.523,1.2,2.9,0.405,1.8,2.2,0.795,0.4,3.0,3.4,3.5,0.5,0.0,1.2,1.6,12.6,regular
1628973,2021-22,00,1610612742,DAL,25.0,79,61,31.9,6.4,12.8,0.502,1.2,3.2,0.373,2.3,2.7,0.84,0.5,3.4,3.9,4.8,0.8,0.0,1.6,1.9,16.3,regular
1628973,2022-23,00,1610612752,NYK,26.0,68,68,35.0,8.6,17.6,0.491,2.0,4.7,0.416,4.8,5.8,0.829,0.6,3.0,3.5,6.2,0.9,0.2,2.1,2.2,24.0,regular
1628973,2023-24,00,1610612752,NYK,27.0,77,77,35.4,10.3,21.4,0.479,2.7,6.8,0.401,5.5,6.5,0.847,0.6,3.1,3.6,6.7,0.9,0.2,2.4,1.9,28.7,regular
1628973,2024-25,00,1610612752,NYK,28.0,65,65,35.4,9.0,18.5,0.487,2.3,6.1,0.383,5.7,6.9,0.821,0.4,2.5,2.9,7.3,0.9,0.1,2.5,2.1,26.0,regular
1628973,2025-26,00,1610612752,NYK,29.0,74,74,35.0,9.3,19.9,0.467,2.6,7.1,0.369,4.8,5.7,0.841,0.4,2.9,3.3,6.8,0.8,0.1,2.4,2.3,26.0,regular
1628973,2020-21,00,1610612742,DAL,24.0,7,0,16.3,2.9,6.3,0.455,0.9,1.9,0.462,1.4,1.9,0.769,0.9,1.7,2.6,1.4,0.0,0.0,0.6,0.9,8.0,playoffs
1628973,2021-22,00,1610612742,DAL,25.0,18,18,34.9,8.1,17.3,0.466,1.4,4.2,0.347,4.0,5.0,0.8,0.8,3.8,4.6,3.7,0.8,0.1,1.1,2.1,21.6,playoffs
1628973,2022-23,00,1610612752,NYK,26.0,11,11,40.3,9.9,20.9,0.474,2.4,7.3,0.325,5.6,6.2,0.912,0.8,4.1,4.9,5.6,1.5,0.1,2.1,2.4,27.8,playoffs
1628973,2023-24,00,1610612752,NYK,27.0,13,13,39.8,11.6,26.2,0.444,2.0,6.5,0.31,7.2,9.2,0.775,0.6,2.7,3.3,7.5,0.8,0.2,2.7,2.0,32.4,playoffs
1628973,2024-25,00,1610612752,NYK,28.0,18,18,37.8,10.1,21.8,0.461,2.7,7.4,0.358,6.7,7.8,0.851,0.7,2.8,3.4,7.0,0.4,0.3,3.1,3.3,29.4,playoffs
1628973,2025-26,00,1610612752,NYK,29.0,15,15,36.2,9.9,20.7,0.476,2.2,6.5,0.34,5.1,6.1,0.846,0.4,2.4,2.8,6.3,0.9,0.0,2.4,2.1,27.1,playoffs
1642868,2025-26,00,1610612759,SAS,20.0,71,0,11.5,1.5,3.7,0.408,0.7,2.2,0.335,0.4,0.6,0.714,0.5,2.0,2.5,0.7,0.2,0.3,0.5,1.3,4.2,regular
1642868,2025-26,00,1610612759,SAS,20.0,18,0,9.4,1.1,2.2,0.475,0.6,1.5,0.37,0.1,0.3,0.333,0.5,1.4,1.9,0.8,0.1,0.3,0.7,1.9,2.8,playoffs
1628418,2017-18,00,1610612747,LAL,20.0,15,0,4.8,0.5,1.4,0.381,0.1,0.7,0.1,0.3,0.6,0.556,0.2,0.9,1.1,0.4,0.1,0.1,0.1,0.4,1.5,regular
1628418,2018-19,00,1610612764,WAS,21.0,72,53,20.8,4.3,7.0,0.616,0.5,1.4,0.333,1.5,1.9,0.781,1.6,4.7,6.3,1.3,0.3,0.9,0.8,1.8,10.5,regular
1628418,2019-20,00,1610612764,WAS,22.0,46,36,24.9,5.3,9.1,0.581,0.8,2.0,0.407,1.9,2.5,0.741,2.1,5.1,7.2,1.8,0.5,1.1,1.2,2.2,13.2,regular
1628418,2020-21,00,1610612764,WAS,23.0,10,10,27.1,5.9,9.1,0.648,0.9,2.1,0.429,1.6,2.4,0.667,1.8,4.3,6.1,1.5,0.4,0.8,1.1,3.1,14.3,regular
1628418,2021-22,00,1610612764,WAS,24.0,27,9,16.3,2.9,5.5,0.52,0.4,1.6,0.286,1.3,1.5,0.875,1.0,3.0,4.0,0.9,0.2,0.8,0.7,1.6,7.4,regular
1628418,2022-23,00,1610612747,LAL,25.0,41,25,21.4,4.8,7.3,0.654,0.5,1.2,0.44,2.0,2.6,0.741,1.6,5.2,6.8,0.7,0.3,0.6,0.7,1.9,12.1,regular
1628418,2022-23,00,1610612743,DEN,25.0,18,1,11.4,1.8,3.8,0.485,0.2,0.5,0.444,0.7,1.0,0.722,1.1,2.3,3.3,0.1,0.1,0.4,0.6,1.4,4.6,regular
1628418,2022-23,00,0,TOT,25.0,59,26,18.3,3.9,6.3,0.623,0.4,1.0,0.441,1.6,2.1,0.738,1.5,4.3,5.7,0.5,0.3,0.5,0.6,1.7,9.8,regular
1628418,2023-24,00,1610612748,MIA,26.0,38,4,11.6,2.3,3.9,0.577,0.1,0.6,0.182,1.1,1.2,0.872,1.1,2.7,3.7,0.6,0.3,0.4,0.6,1.2,5.7,regular
1628418,2024-25,00,1610612748,MIA,27.0,10,0,11.5,1.2,2.8,0.429,0.6,1.7,0.353,1.1,1.1,1.0,0.6,2.6,3.2,0.4,0.1,0.9,0.2,0.9,4.1,regular
1628418,2024-25,00,1610612754,IND,27.0,56,8,15.1,2.7,5.2,0.515,0.8,2.3,0.321,0.8,0.9,0.83,1.4,2.5,3.9,0.9,0.5,0.6,0.5,1.2,6.9,regular
1628418,2024-25,00,0,TOT,27.0,66,8,14.6,2.5,4.9,0.508,0.7,2.2,0.324,0.8,1.0,0.859,1.3,2.5,3.8,0.8,0.4,0.6,0.5,1.2,6.5,regular
1628418,2025-26,00,1610612739,CLE,28.0,60,1,12.2,2.3,4.5,0.506,0.8,2.2,0.359,0.9,1.1,0.803,1.0,2.4,3.4,0.6,0.3,0.4,0.5,1.3,6.2,regular
1628418,2022-23,00,1610612743,DEN,25.0,1,0,1.0,0.0,0.0,0.0,0.0,0.0,0.0,0.0,0.0,0.0,0.0,0.0,0.0,0.0,0.0,0.0,0.0,0.0,0.0,playoffs
1628418,2023-24,00,1610612748,MIA,26.0,2,0,9.0,2.5,3.5,0.714,0.0,1.0,0.0,1.0,1.5,0.667,1.0,1.5,2.5,0.5,0.0,0.0,1.0,0.5,6.0,playoffs
1628418,2024-25,00,1610612754,IND,27.0,20,0,8.4,0.8,1.7,0.485,0.5,0.9,0.5,0.6,0.7,0.786,0.4,1.0,1.4,0.2,0.2,0.3,0.4,1.3,2.6,playoffs
1628418,2025-26,00,1610612739,CLE,28.0,9,0,4.6,0.7,2.3,0.286,0.2,1.3,0.167,0.3,0.3,1.0,0.3,0.9,1.2,0.2,0.2,0.1,0.2,0.4,1.9,playoffs
202710,2011-12,00,1610612741,CHI,22.0,42,0,8.5,0.8,1.9,0.405,0.0,0.3,0.182,1.0,1.3,0.768,0.5,0.8,1.3,0.3,0.3,0.1,0.3,0.5,2.6,regular
202710,2012-13,00,1610612741,CHI,23.0,82,20,26.0,2.9,6.2,0.467,0.5,1.3,0.381,2.3,2.8,0.803,1.7,2.3,4.0,1.4,1.0,0.4,0.8,1.2,8.6,regular
202710,2013-14,00,1610612741,CHI,24.0,67,67,38.7,4.1,10.3,0.397,1.0,3.6,0.283,3.9,5.0,0.769,1.3,3.6,4.9,2.6,1.9,0.5,1.5,1.6,13.1,regular
202710,2014-15,00,1610612741,CHI,25.0,65,65,38.7,6.5,14.0,0.462,1.1,3.0,0.378,5.9,7.1,0.834,1.8,4.1,5.8,3.3,1.8,0.6,1.4,1.7,20.0,regular
202710,2015-16,00,1610612741,CHI,26.0,67,67,36.9,7.0,15.4,0.454,1.0,3.1,0.312,5.9,7.1,0.832,1.2,4.2,5.3,4.8,1.6,0.6,2.0,1.9,20.9,regular
202710,2016-17,00,1610612741,CHI,27.0,76,75,37.0,7.5,16.5,0.455,1.2,3.3,0.367,7.7,8.9,0.865,1.7,4.5,6.2,5.5,1.9,0.4,2.1,1.5,23.9,regular
202710,2017-18,00,1610612750,MIN,28.0,59,59,36.7,7.4,15.6,0.474,1.2,3.4,0.35,6.2,7.2,0.854,1.3,4.0,5.3,4.9,2.0,0.4,1.8,1.3,22.2,regular
202710,2018-19,00,1610612750,MIN,29.0,10,10,36.1,7.4,15.7,0.471,1.7,4.5,0.378,4.8,6.1,0.787,1.6,3.6,5.2,4.3,2.4,1.0,1.4,1.8,21.3,regular
202710,2018-19,00,1610612755,PHI,29.0,55,55,33.2,6.3,13.6,0.461,0.9,2.7,0.338,4.8,5.5,0.868,1.9,3.4,5.3,4.0,1.8,0.5,1.5,1.7,18.2,regular
202710,2018-19,00,0,TOT,29.0,65,65,33.6,6.4,13.9,0.462,1.0,3.0,0.347,4.8,5.6,0.855,1.9,3.4,5.3,4.0,1.9,0.6,1.5,1.7,18.7,regular
202710,2019-20,00,1610612748,MIA,30.0,58,58,33.8,5.9,13.1,0.455,0.5,2.1,0.244,7.6,9.1,0.834,1.8,4.8,6.7,6.0,1.8,0.6,2.2,1.4,19.9,regular
202710,2020-21,00,1610612748,MIA,31.0,52,52,33.6,7.0,14.2,0.497,0.5,2.0,0.245,6.9,8.0,0.863,1.8,5.1,6.9,7.1,2.1,0.3,2.1,1.4,21.5,regular
202710,2021-22,00,1610612748,MIA,32.0,57,57,33.9,7.0,14.5,0.48,0.5,2.0,0.233,6.9,8.0,0.87,1.8,4.1,5.9,5.5,1.6,0.5,2.1,1.5,21.4,regular
202710,2022-23,00,1610612748,MIA,33.0,64,64,33.4,7.5,13.9,0.539,0.6,1.6,0.35,7.4,8.7,0.85,2.2,3.7,5.9,5.3,1.8,0.3,1.6,1.3,22.9,regular
202710,2023-24,00,1610612748,MIA,34.0,60,60,34.0,6.6,13.2,0.499,1.0,2.4,0.414,6.6,7.7,0.858,1.8,3.6,5.3,5.0,1.3,0.3,1.7,1.1,20.8,regular
202710,2024-25,00,1610612748,MIA,35.0,25,25,30.6,5.7,10.5,0.54,0.5,1.4,0.361,5.2,6.4,0.801,2.2,3.0,5.2,4.8,1.1,0.4,1.2,0.9,17.0,regular
202710,2024-25,00,1610612744,GSW,35.0,30,30,32.7,5.3,11.1,0.476,0.6,2.3,0.279,6.7,7.7,0.87,2.3,3.2,5.5,5.9,1.7,0.3,1.5,1.0,17.9,regular
202710,2024-25,00,0,TOT,35.0,55,55,31.7,5.5,10.9,0.504,0.6,1.9,0.308,6.0,7.1,0.842,2.3,3.1,5.4,5.4,1.4,0.3,1.3,0.9,17.5,regular
202710,2025-26,00,1610612744,GSW,36.0,38,38,31.1,6.3,12.2,0.519,0.8,2.2,0.376,6.5,7.6,0.864,2.3,3.2,5.6,4.9,1.4,0.2,1.6,1.2,20.0,regular
202710,2011-12,00,1610612741,CHI,22.0,3,0,1.3,0.0,0.0,0.0,0.0,0.0,0.0,0.0,0.0,0.0,0.0,0.0,0.0,0.0,0.0,0.0,0.0,0.3,0.0,playoffs
202710,2012-13,00,1610612741,CHI,23.0,12,12,40.8,4.2,9.6,0.435,1.3,3.1,0.405,3.8,4.6,0.818,0.8,4.4,5.2,2.7,1.3,0.5,1.3,2.2,13.3,playoffs
202710,2013-14,00,1610612741,CHI,24.0,5,5,43.6,4.4,11.4,0.386,1.2,4.0,0.3,3.6,4.6,0.783,1.2,4.0,5.2,2.2,1.2,0.0,0.6,2.6,13.6,playoffs
202710,2014-15,00,1610612741,CHI,25.0,12,12,42.2,7.8,17.8,0.441,2.3,6.0,0.389,4.9,6.0,0.819,1.5,4.1,5.6,3.2,2.4,0.8,1.8,2.3,22.9,playoffs
202710,2016-17,00,1610612741,CHI,27.0,6,6,39.8,7.7,18.0,0.426,1.0,3.8,0.261,6.3,7.8,0.809,1.5,5.8,7.3,4.3,1.7,0.8,2.5,1.7,22.7,playoffs
202710,2017-18,00,1610612750,MIN,28.0,5,5,34.0,5.6,12.6,0.444,1.6,3.4,0.471,3.0,3.6,0.833,0.6,5.4,6.0,4.0,0.8,0.2,1.0,1.8,15.8,playoffs
202710,2018-19,00,1610612755,PHI,29.0,12,12,35.1,6.6,14.6,0.451,1.0,3.8,0.267,5.3,6.0,0.875,1.8,4.2,6.0,5.2,1.5,0.6,1.8,1.7,19.4,playoffs
202710,2019-20,00,1610612748,MIA,30.0,21,21,38.4,6.9,14.0,0.488,0.7,2.0,0.349,7.8,9.1,0.859,2.2,4.3,6.5,6.0,2.0,0.7,2.8,1.8,22.2,playoffs
202710,2020-21,00,1610612748,MIA,31.0,4,4,38.5,4.8,16.0,0.297,1.0,3.8,0.267,4.0,5.5,0.727,1.5,6.0,7.5,7.0,1.3,0.3,2.3,1.5,14.5,playoffs
202710,2021-22,00,1610612748,MIA,32.0,17,17,37.0,9.8,19.3,0.506,1.4,4.0,0.338,6.5,7.8,0.841,2.4,4.9,7.4,4.6,2.1,0.6,1.5,1.5,27.4,playoffs
202710,2022-23,00,1610612748,MIA,33.0,22,22,39.7,9.4,20.1,0.468,1.3,3.5,0.359,6.8,8.5,0.806,2.1,4.3,6.5,5.9,1.8,0.6,1.9,1.7,26.9,playoffs
202710,2024-25,00,1610612744,GSW,35.0,11,11,36.1,6.2,13.8,0.447,1.0,3.3,0.306,5.8,7.3,0.8,2.4,4.3,6.6,5.2,1.3,0.3,1.2,1.7,19.2,playoffs
1641824,2024-25,00,1610612741,CHI,20.0,80,31,18.9,3.2,6.9,0.454,1.2,3.3,0.361,1.1,1.4,0.815,0.7,2.8,3.5,1.0,0.4,0.9,0.9,1.6,8.6,regular
1641824,2025-26,00,1610612741,CHI,21.0,77,77,29.2,5.8,12.5,0.463,2.2,6.4,0.349,2.4,3.1,0.786,1.0,4.8,5.8,2.1,0.7,1.5,2.1,2.3,16.3,regular
1631288,2022-23,00,1610612748,MIA,24.0,18,0,13.3,2.1,3.7,0.561,0.4,1.1,0.35,0.9,1.2,0.773,0.8,2.1,2.9,0.7,0.6,0.1,0.3,1.2,5.4,regular
1631288,2023-24,00,1610612748,MIA,25.0,26,1,10.0,1.3,3.0,0.43,0.4,1.2,0.355,0.7,0.9,0.783,0.6,0.8,1.4,0.4,0.4,0.2,0.3,0.8,3.7,regular
1631288,2024-25,00,1610612740,NOP,26.0,37,0,13.6,1.8,4.3,0.43,0.7,2.2,0.325,0.9,1.4,0.68,0.7,1.6,2.3,0.6,0.6,0.2,0.6,1.2,5.3,regular
1631288,2025-26,00,1610612753,ORL,27.0,40,1,12.2,1.9,3.8,0.487,0.7,1.8,0.384,1.0,1.2,0.848,0.7,1.3,2.0,0.7,0.3,0.1,0.5,1.3,5.4,regular
1631288,2025-26,00,1610612753,ORL,27.0,7,3,17.6,1.7,4.1,0.414,0.4,1.7,0.25,0.7,1.6,0.455,1.0,2.4,3.4,0.6,0.3,0.4,0.7,2.0,4.6,playoffs
203484,2013-14,00,1610612765,DET,21.0,80,41,19.8,2.3,5.8,0.396,0.7,2.3,0.319,0.6,0.8,0.77,0.5,1.5,2.0,0.7,0.9,0.2,0.4,1.8,5.9,regular
203484,2014-15,00,1610612765,DET,22.0,82,82,31.5,4.8,11.9,0.401,1.9,5.4,0.345,1.3,1.9,0.696,0.6,2.5,3.1,1.3,1.1,0.2,1.1,2.0,12.7,regular
203484,2015-16,00,1610612765,DET,23.0,76,76,36.7,5.3,12.6,0.42,1.5,4.9,0.309,2.4,3.0,0.811,0.9,2.8,3.7,1.8,1.4,0.2,1.4,2.2,14.5,regular
203484,2016-17,00,1610612765,DET,24.0,76,75,33.3,4.9,12.2,0.399,2.0,5.8,0.35,2.0,2.4,0.832,0.7,2.5,3.3,2.5,1.2,0.2,1.1,1.6,13.8,regular
203484,2017-18,00,1610612747,LAL,25.0,74,74,33.2,4.6,10.8,0.426,2.1,5.6,0.383,2.1,2.6,0.789,0.8,4.4,5.2,2.2,1.4,0.2,1.3,2.0,13.4,regular
203484,2018-19,00,1610612747,LAL,26.0,82,23,24.8,4.0,9.2,0.43,1.8,5.3,0.347,1.7,1.9,0.867,0.6,2.3,2.9,1.3,0.9,0.2,0.8,1.7,11.4,regular
203484,2019-20,00,1610612747,LAL,27.0,69,26,25.5,3.4,7.3,0.467,1.3,3.5,0.385,1.1,1.5,0.775,0.6,1.5,2.1,1.6,0.8,0.2,0.9,1.9,9.3,regular
203484,2020-21,00,1610612747,LAL,28.0,67,67,28.4,3.3,7.6,0.431,1.8,4.4,0.41,1.4,1.7,0.866,0.4,2.3,2.7,1.9,0.9,0.4,1.0,1.7,9.7,regular
203484,2021-22,00,1610612764,WAS,29.0,77,77,30.2,4.7,10.8,0.435,2.1,5.3,0.39,1.8,2.0,0.89,0.5,2.9,3.4,1.9,1.1,0.3,1.3,1.8,13.2,regular
203484,2022-23,00,1610612743,DEN,30.0,76,76,31.3,3.8,8.3,0.462,1.8,4.2,0.423,1.4,1.6,0.824,0.5,2.3,2.7,2.4,1.5,0.5,1.1,1.9,10.8,regular
203484,2023-24,00,1610612743,DEN,31.0,76,76,31.6,3.6,7.7,0.46,1.6,4.1,0.406,1.3,1.5,0.894,0.4,2.0,2.4,2.4,1.3,0.6,1.0,2.0,10.1,regular
203484,2024-25,00,1610612753,ORL,32.0,77,77,29.6,3.1,7.1,0.439,1.5,4.3,0.342,1.1,1.2,0.863,0.4,1.8,2.2,1.8,1.3,0.4,0.8,1.8,8.7,regular
203484,2025-26,00,1610612763,MEM,32.0,51,14,21.3,2.9,7.2,0.41,1.1,3.4,0.316,1.4,1.6,0.912,0.4,2.1,2.5,2.7,0.8,0.2,1.2,1.1,8.4,regular
203484,2015-16,00,1610612765,DET,23.0,4,4,40.3,5.5,12.5,0.44,3.0,6.8,0.444,1.3,1.8,0.714,0.5,3.8,4.3,2.8,1.8,0.3,0.5,1.8,15.3,playoffs
203484,2019-20,00,1610612747,LAL,27.0,21,21,29.0,3.8,9.0,0.418,2.1,5.7,0.378,1.0,1.3,0.815,0.4,1.7,2.1,1.3,1.0,0.2,0.7,1.9,10.7,playoffs
203484,2020-21,00,1610612747,LAL,28.0,5,5,29.2,2.2,5.8,0.379,0.8,3.8,0.211,1.0,1.0,1.0,0.4,2.4,2.8,1.0,1.0,0.0,0.4,3.0,6.2,playoffs
203484,2022-23,00,1610612743,DEN,30.0,20,20,33.6,3.7,8.1,0.457,1.8,4.6,0.38,1.5,1.8,0.829,0.7,2.6,3.3,1.6,1.3,0.7,0.8,2.4,10.6,playoffs
203484,2023-24,00,1610612743,DEN,31.0,12,12,35.0,2.8,7.2,0.395,1.5,4.6,0.327,0.9,0.9,1.0,0.4,2.5,2.9,2.6,1.4,0.4,0.8,3.1,8.1,playoffs
203484,2024-25,00,1610612753,ORL,32.0,5,5,32.6,1.6,6.0,0.267,1.2,4.6,0.261,0.6,0.8,0.75,0.2,2.8,3.0,1.8,1.4,0.6,0.4,2.2,5.0,playoffs
1641739,2023-24,00,1610612757,POR,24.0,70,49,24.8,2.8,6.3,0.45,0.8,2.5,0.337,1.1,1.4,0.758,2.0,2.9,4.9,1.2,0.9,0.5,1.2,2.5,7.5,regular
1641739,2024-25,00,1610612757,POR,25.0,78,78,32.7,4.2,9.2,0.458,1.7,4.6,0.375,1.2,1.6,0.722,2.2,3.6,5.8,2.2,1.5,0.6,1.4,2.9,11.3,regular
1641739,2025-26,00,1610612757,POR,25.0,82,82,33.3,4.8,10.9,0.44,2.7,7.2,0.37,1.2,1.7,0.708,1.6,3.6,5.1,2.5,1.1,0.4,1.8,2.9,13.4,regular
1641739,2025-26,00,1610612757,POR,25.0,5,5,33.0,2.2,7.6,0.289,1.4,5.4,0.259,1.2,1.2,1.0,1.6,3.8,5.4,1.2,1.4,0.6,1.4,2.6,7.0,playoffs
203991,2014-15,00,1610612745,HOU,21.0,12,0,7.5,1.2,2.4,0.483,0.0,0.0,0.0,0.3,1.9,0.174,0.8,2.2,3.0,0.2,0.1,0.8,0.4,1.2,2.7,regular
203991,2015-16,00,1610612745,HOU,22.0,77,35,19.1,3.0,5.2,0.582,0.0,0.0,0.0,1.0,2.7,0.379,2.5,3.9,6.4,0.6,0.8,1.2,0.8,2.5,7.0,regular
203991,2016-17,00,1610612745,HOU,23.0,65,59,23.9,5.6,8.7,0.643,0.0,0.0,0.0,1.4,2.7,0.531,2.7,5.4,8.1,1.0,0.5,1.2,1.3,2.8,12.6,regular
203991,2017-18,00,1610612745,HOU,24.0,74,74,27.5,6.0,9.1,0.652,0.0,0.0,0.0,1.9,3.5,0.56,3.3,7.6,10.8,0.9,0.8,1.9,1.4,2.5,13.9,regular
203991,2018-19,00,1610612745,HOU,25.0,67,67,33.6,7.1,10.9,0.648,0.0,0.0,0.0,2.5,3.9,0.636,4.4,8.2,12.7,1.4,0.7,1.5,1.4,2.5,16.6,regular
203991,2019-20,00,1610612745,HOU,26.0,39,39,32.8,6.3,9.9,0.629,0.0,0.0,0.0,1.4,2.7,0.529,4.3,9.5,13.8,1.2,0.8,1.8,1.6,2.6,13.9,regular
203991,2020-21,00,1610612737,ATL,27.0,63,63,30.1,6.6,11.0,0.594,0.0,0.0,0.0,2.1,3.6,0.573,4.7,9.6,14.3,0.8,0.7,2.0,1.2,2.3,15.2,regular
203991,2021-22,00,1610612737,ATL,28.0,74,73,27.6,5.0,8.2,0.613,0.0,0.0,0.0,1.1,2.3,0.473,3.8,8.1,11.9,1.2,0.7,1.3,0.6,2.2,11.1,regular
203991,2022-23,00,1610612737,ATL,29.0,65,63,26.6,5.4,8.2,0.653,0.0,0.0,0.0,1.2,2.0,0.603,4.0,7.1,11.0,0.9,0.7,1.2,0.8,2.1,12.0,regular
203991,2023-24,00,1610612737,ATL,30.0,73,73,25.8,4.8,8.5,0.571,0.0,0.0,0.0,1.8,2.8,0.631,4.6,6.0,10.6,1.2,0.6,1.5,1.0,2.2,11.5,regular
203991,2024-25,00,1610612737,ATL,31.0,55,41,21.4,4.0,7.1,0.559,0.0,0.0,0.0,0.9,1.8,0.536,3.2,5.4,8.5,1.1,0.6,1.0,0.9,1.9,8.9,regular
203991,2025-26,00,1610612745,HOU,31.0,75,3,12.3,1.6,3.0,0.52,0.0,0.0,0.5,0.6,1.0,0.577,2.1,2.5,4.6,0.7,0.5,0.8,0.5,1.0,3.8,regular
203991,2014-15,00,1610612745,HOU,21.0,17,0,7.5,1.2,1.8,0.677,0.0,0.0,0.0,0.9,1.7,0.517,0.8,1.7,2.5,0.3,0.2,0.5,0.2,1.1,3.4,playoffs
203991,2015-16,00,1610612745,HOU,22.0,5,0,8.6,0.6,1.8,0.333,0.0,0.0,0.0,0.4,1.0,0.4,1.6,2.4,4.0,0.4,0.6,0.4,0.6,1.0,1.6,playoffs
203991,2016-17,00,1610612745,HOU,23.0,11,11,26.0,4.2,7.5,0.561,0.0,0.1,0.0,2.2,3.5,0.615,2.4,6.4,8.7,1.1,0.7,2.5,0.7,2.5,10.5,playoffs
203991,2017-18,00,1610612745,HOU,24.0,17,17,30.6,5.6,8.5,0.66,0.0,0.0,0.0,1.5,3.2,0.473,3.6,8.0,11.6,1.3,0.8,2.1,0.9,2.2,12.7,playoffs
203991,2018-19,00,1610612745,HOU,25.0,11,11,30.1,4.2,7.5,0.561,0.0,0.0,0.0,1.4,3.2,0.429,3.7,6.5,10.3,1.5,0.3,1.1,1.5,2.4,9.7,playoffs
203991,2020-21,00,1610612737,ATL,27.0,18,18,31.6,4.6,7.6,0.603,0.0,0.0,0.0,0.9,2.2,0.436,3.4,7.8,11.2,0.9,0.7,1.1,1.0,2.6,10.1,playoffs
203991,2021-22,00,1610612737,ATL,28.0,2,2,20.0,1.0,3.0,0.333,0.0,0.0,0.0,0.0,0.0,0.0,2.0,5.5,7.5,0.0,0.5,0.5,0.5,1.0,2.0,playoffs
203991,2022-23,00,1610612737,ATL,29.0,6,6,25.2,3.8,6.3,0.605,0.0,0.0,0.0,0.7,1.0,0.667,2.5,5.8,8.3,0.5,1.0,0.5,0.7,0.8,8.3,playoffs
203991,2025-26,00,1610612745,HOU,31.0,4,0,5.5,0.8,2.0,0.375,0.0,0.0,0.0,0.0,0.0,0.0,1.3,0.5,1.8,0.3,0.0,0.3,0.3,0.3,1.5,playoffs
1642928,2025-26,00,1610612758,SAC,24.0,44,1,20.6,2.4,4.1,0.587,0.0,0.1,0.5,0.6,1.2,0.51,3.3,4.2,7.5,1.4,0.7,1.5,0.9,3.7,5.4,regular
1642382,2024-25,00,1610612760,OKC,26.0,32,0,7.7,1.3,3.0,0.443,0.7,2.1,0.333,0.4,0.6,0.778,0.5,1.2,1.7,0.4,0.2,0.7,0.2,0.7,3.8,regular
1642382,2025-26,00,1610612760,OKC,26.0,42,4,11.6,2.3,4.4,0.527,0.7,2.0,0.36,0.4,0.6,0.577,0.7,2.3,3.0,0.7,0.2,0.6,0.4,0.9,5.8,regular
1642267,2024-25,00,1610612764,WAS,19.0,82,57,30.0,3.7,9.1,0.401,1.7,5.0,0.339,0.8,1.0,0.812,0.4,3.8,4.2,4.4,0.7,0.3,1.7,2.3,9.8,regular
1642267,2025-26,00,1610612764,WAS,20.0,82,48,27.7,3.8,9.0,0.424,2.1,5.0,0.408,1.0,1.4,0.73,0.4,3.0,3.4,4.6,0.6,0.2,2.3,2.2,10.7,regular
1642269,2024-25,00,1610612758,SAC,23.0,36,0,11.0,1.3,3.5,0.37,0.5,1.7,0.295,0.7,1.2,0.591,0.5,1.6,2.1,1.1,0.6,0.1,0.5,1.1,3.8,regular
1642269,2025-26,00,1610612758,SAC,24.0,38,12,18.4,3.2,7.7,0.414,0.8,3.0,0.263,1.8,2.5,0.713,0.9,2.3,3.3,2.7,0.9,0.2,1.4,1.3,8.9,regular
1628975,2018-19,00,1610612763,MEM,23.0,39,3,14.8,1.4,4.7,0.303,0.9,2.6,0.333,0.7,0.8,0.813,0.4,1.3,1.7,1.8,0.7,0.3,0.8,1.4,4.4,regular
1628975,2019-20,00,1610612756,PHX,24.0,58,2,16.3,1.7,4.2,0.416,1.1,2.5,0.425,0.4,0.5,0.852,0.5,1.5,2.0,1.4,0.8,0.3,0.6,1.5,4.9,regular
1628975,2020-21,00,1610612756,PHX,25.0,60,1,12.0,1.6,3.7,0.422,0.9,2.5,0.371,0.1,0.1,0.571,0.3,1.3,1.5,1.2,0.5,0.2,0.3,0.9,4.1,regular
1628975,2021-22,00,1610612751,BKN,26.0,46,1,12.0,1.3,3.8,0.333,0.9,2.8,0.331,0.2,0.2,0.7,0.2,1.3,1.5,1.0,0.3,0.2,0.6,1.0,3.6,regular
1628975,2021-22,00,1610612749,MIL,26.0,20,2,17.7,2.0,4.0,0.506,1.2,2.2,0.558,0.4,0.4,1.0,0.3,1.9,2.2,2.5,0.5,0.2,0.4,1.1,5.6,regular
1628975,2021-22,00,0,TOT,26.0,66,3,13.7,1.5,3.8,0.387,1.0,2.6,0.388,0.2,0.3,0.833,0.2,1.5,1.7,1.5,0.4,0.2,0.5,1.0,4.2,regular
1628975,2022-23,00,1610612749,MIL,27.0,81,39,22.4,3.0,7.0,0.423,1.8,4.2,0.421,0.4,0.5,0.816,0.4,2.1,2.5,2.4,0.8,0.4,1.0,2.0,8.0,regular
1628975,2023-24,00,1610612741,CHI,28.0,72,0,13.9,1.9,5.1,0.378,1.1,3.3,0.329,0.1,0.1,0.571,0.2,0.7,0.8,1.3,0.5,0.2,0.5,1.0,5.0,regular
1628975,2024-25,00,1610612741,CHI,29.0,36,1,8.9,1.5,4.1,0.377,1.0,2.9,0.333,0.2,0.3,0.8,0.1,1.0,1.1,1.1,0.4,0.1,0.3,0.4,4.3,regular
1628975,2025-26,00,1610612741,CHI,30.0,23,0,11.0,1.8,4.5,0.398,1.4,3.4,0.41,0.4,0.4,1.0,0.2,0.9,1.1,0.8,0.6,0.1,0.5,0.8,5.4,regular
1628975,2025-26,00,1610612753,ORL,30.0,30,1,20.4,2.7,6.8,0.402,1.5,4.6,0.336,0.2,0.3,0.556,0.3,1.8,2.1,2.3,0.9,0.3,0.8,1.3,7.2,regular
1628975,2025-26,00,0,TOT,30.0,53,1,16.4,2.3,5.8,0.401,1.5,4.1,0.363,0.3,0.4,0.789,0.3,1.4,1.7,1.6,0.8,0.2,0.7,1.1,6.4,regular
1628975,2020-21,00,1610612756,PHX,25.0,7,0,3.1,0.4,1.1,0.375,0.0,0.3,0.0,0.0,0.3,0.0,0.0,0.3,0.3,0.6,0.0,0.0,0.0,0.0,0.9,playoffs
1628975,2021-22,00,1610612749,MIL,26.0,11,0,11.5,0.8,1.7,0.474,0.3,0.6,0.429,0.2,0.2,1.0,0.3,1.2,1.5,0.9,0.7,0.0,0.5,1.1,2.1,playoffs
1628975,2022-23,00,1610612749,MIL,27.0,4,0,12.3,0.5,2.3,0.222,0.3,1.8,0.143,0.0,0.0,0.0,0.0,1.0,1.0,1.0,0.3,0.0,0.0,0.3,1.3,playoffs
1628975,2025-26,00,1610612753,ORL,30.0,3,0,5.7,0.3,1.3,0.25,0.0,0.7,0.0,0.0,0.0,0.0,0.3,0.3,0.7,0.7,0.3,0.0,0.0,0.0,0.7,playoffs
1628976,2018-19,00,1610612741,CHI,20.0,44,44,25.2,4.1,8.4,0.485,0.1,0.7,0.188,2.0,2.5,0.795,2.0,5.0,7.0,1.8,0.6,1.3,1.5,3.5,10.3,regular
1628976,2019-20,00,1610612741,CHI,21.0,43,43,29.2,4.3,8.0,0.534,0.1,0.7,0.207,2.6,3.5,0.737,3.2,6.2,9.4,1.2,0.8,0.8,1.7,3.8,11.3,regular
1628976,2020-21,00,1610612741,CHI,22.0,32,25,24.8,4.0,7.9,0.512,0.3,0.7,0.364,2.6,3.5,0.739,2.2,5.6,7.8,2.2,0.6,0.8,1.5,3.0,10.9,regular
1628976,2020-21,00,1610612753,ORL,22.0,22,19,26.5,4.6,9.3,0.493,0.3,1.3,0.241,2.2,3.1,0.721,2.8,6.0,8.8,1.6,0.8,0.8,1.3,2.3,11.7,regular
1628976,2020-21,00,0,TOT,22.0,54,44,25.5,4.3,8.5,0.503,0.3,0.9,0.294,2.4,3.3,0.732,2.4,5.8,8.2,1.9,0.6,0.8,1.4,2.7,11.2,regular
1628976,2021-22,00,1610612753,ORL,23.0,62,61,29.9,5.8,11.0,0.525,1.1,3.5,0.327,2.3,3.3,0.691,2.2,8.2,10.5,2.8,0.6,0.7,1.9,2.7,15.0,regular
1628976,2022-23,00,1610612753,ORL,24.0,57,54,29.6,5.6,10.8,0.525,1.4,3.9,0.356,2.5,3.4,0.738,2.1,6.6,8.7,2.3,0.5,0.6,1.9,2.8,15.2,regular
1628976,2023-24,00,1610612753,ORL,25.0,55,48,25.6,4.1,7.7,0.525,1.2,3.1,0.374,1.7,2.4,0.694,2.0,4.9,6.9,1.7,0.6,0.5,1.2,2.2,11.0,regular
1628976,2024-25,00,1610612753,ORL,26.0,68,51,25.9,3.3,7.2,0.46,0.5,2.3,0.234,1.9,2.6,0.737,2.2,5.0,7.2,2.0,0.8,0.6,1.1,2.9,9.1,regular
1628976,2025-26,00,1610612753,ORL,27.0,78,78,29.3,4.2,8.2,0.512,0.9,2.9,0.319,2.5,3.2,0.792,2.1,5.3,7.4,2.0,0.8,0.6,1.3,3.4,11.8,regular
1628976,2023-24,00,1610612753,ORL,25.0,7,5,26.4,2.7,6.7,0.404,1.0,3.6,0.28,1.1,1.6,0.727,1.3,5.0,6.3,1.3,0.7,0.6,0.7,2.9,7.6,playoffs
1628976,2024-25,00,1610612753,ORL,26.0,5,5,32.4,4.2,8.0,0.525,0.6,2.2,0.273,1.2,2.0,0.6,3.8,7.0,10.8,1.2,0.4,0.4,1.6,2.4,10.2,playoffs
1628976,2025-26,00,1610612753,ORL,27.0,7,7,33.9,3.6,6.9,0.521,0.7,2.6,0.278,3.1,4.4,0.71,2.9,4.1,7.0,2.9,0.6,1.7,1.4,4.0,11.0,playoffs
1627936,2017-18,00,1610612747,LAL,24.0,37,7,15.2,1.4,3.1,0.431,0.4,1.2,0.302,0.6,0.8,0.7,0.4,1.4,1.8,2.0,0.6,0.3,1.1,1.4,3.6,regular
1627936,2018-19,00,1610612747,LAL,25.0,25,4,21.2,3.1,6.9,0.445,1.0,2.0,0.48,2.0,2.6,0.797,0.8,1.9,2.7,3.1,1.0,0.4,1.7,2.2,9.2,regular
1627936,2019-20,00,1610612747,LAL,26.0,64,2,18.4,1.9,4.5,0.412,0.6,1.9,0.333,1.1,1.5,0.734,0.3,1.7,1.9,1.9,1.1,0.3,0.8,1.5,5.5,regular
1627936,2020-21,00,1610612747,LAL,27.0,58,6,21.0,2.3,5.3,0.436,0.9,2.4,0.401,0.8,1.3,0.645,0.5,2.4,2.9,2.8,1.1,0.3,1.3,1.9,6.4,regular
1627936,2021-22,00,1610612741,CHI,28.0,41,18,28.0,2.5,6.2,0.398,1.0,3.1,0.333,1.4,1.8,0.795,0.8,2.8,3.6,4.0,1.7,0.4,1.4,2.6,7.4,regular
1627936,2022-23,00,1610612741,CHI,29.0,67,36,23.5,1.9,4.3,0.455,0.8,2.3,0.364,0.9,1.1,0.808,0.6,2.3,2.9,2.9,1.5,0.7,1.1,2.4,5.6,regular
1627936,2023-24,00,1610612741,CHI,30.0,71,57,28.7,3.6,7.6,0.468,1.9,4.7,0.408,1.0,1.4,0.76,0.9,3.0,3.8,3.5,1.7,1.0,1.4,2.5,10.1,regular
1627936,2024-25,00,1610612760,OKC,31.0,54,3,19.3,2.6,5.8,0.446,1.1,3.1,0.353,0.8,0.9,0.824,0.7,2.2,2.9,2.5,1.6,0.6,0.7,1.9,7.1,regular
1627936,2025-26,00,1610612760,OKC,32.0,56,0,18.2,2.3,5.4,0.423,0.9,3.2,0.293,0.7,0.9,0.804,0.5,2.3,2.8,2.0,1.3,0.3,0.9,1.2,6.2,regular
1627936,2019-20,00,1610612747,LAL,26.0,21,1,24.3,2.3,5.4,0.425,0.8,2.9,0.279,1.1,1.4,0.8,0.7,1.6,2.3,2.8,1.1,0.6,1.5,2.6,6.5,playoffs
1627936,2020-21,00,1610612747,LAL,27.0,6,0,20.2,2.3,6.3,0.368,0.8,2.8,0.294,0.3,0.3,1.0,0.3,1.0,1.3,0.5,0.2,0.7,1.2,2.0,5.8,playoffs
1627936,2021-22,00,1610612741,CHI,28.0,4,4,28.3,2.3,5.8,0.391,1.8,4.5,0.389,0.0,0.0,0.0,0.5,2.3,2.8,4.3,1.3,1.0,0.3,2.8,6.3,playoffs
1627936,2024-25,00,1610612760,OKC,31.0,23,0,24.4,3.1,7.0,0.45,1.6,3.9,0.411,1.3,1.7,0.795,0.7,2.0,2.7,2.2,2.0,0.6,0.8,2.7,9.2,playoffs
1627936,2025-26,00,1610612760,OKC,32.0,15,0,23.5,3.7,7.7,0.478,2.2,4.9,0.446,1.5,1.8,0.815,0.4,2.6,3.0,2.1,1.4,0.5,0.9,2.1,11.0,playoffs
1642264,2024-25,00,1610612759,SAS,20.0,81,47,26.7,5.2,12.2,0.428,1.2,4.1,0.285,3.1,4.2,0.724,1.1,2.6,3.7,4.1,0.9,0.3,2.2,2.0,14.7,regular
1642264,2025-26,00,1610612759,SAS,21.0,68,67,30.0,5.7,12.0,0.471,1.2,3.6,0.332,4.1,5.6,0.734,1.4,3.9,5.3,7.4,1.1,0.3,3.2,3.3,16.7,regular
1642264,2025-26,00,1610612759,SAS,21.0,19,19,33.5,6.3,13.2,0.478,1.6,4.5,0.353,4.8,5.9,0.821,1.5,3.6,5.1,6.5,0.9,0.4,3.6,3.8,19.1,playoffs
1630658,2023-24,00,1610612747,LAL,24.0,16,0,3.7,0.6,1.0,0.563,0.0,0.0,0.0,0.4,0.4,1.0,0.4,0.4,0.8,0.2,0.1,0.0,0.2,0.7,1.5,regular
1630658,2024-25,00,1610612763,MEM,25.0,10,0,4.6,0.2,1.0,0.2,0.0,0.4,0.0,1.0,1.1,0.909,0.3,0.6,0.9,0.0,0.1,0.1,0.1,0.6,1.4,regular
1630658,2024-25,00,1610612755,PHI,25.0,5,0,19.6,2.4,4.8,0.5,0.0,0.8,0.0,1.2,1.8,0.667,3.2,4.2,7.4,2.0,0.2,0.2,0.2,2.6,6.0,regular
1630658,2024-25,00,1610612761,TOR,25.0,11,4,26.2,2.9,5.8,0.5,0.2,0.7,0.25,1.2,1.6,0.722,3.1,3.8,6.9,1.6,0.5,0.7,1.9,2.9,7.2,regular
1630658,2024-25,00,0,TOT,25.0,26,4,16.6,1.8,3.8,0.469,0.1,0.6,0.125,1.1,1.5,0.763,2.0,2.7,4.7,1.1,0.3,0.4,0.9,2.0,4.7,regular
1630658,2025-26,00,1610612753,ORL,25.0,4,0,5.3,0.5,1.3,0.4,0.0,0.0,0.0,0.3,0.3,1.0,0.5,1.5,2.0,0.3,0.3,0.0,0.5,0.5,1.3,regular
1630577,2022-23,00,1610612755,PHI,22.0,2,0,3.5,0.0,1.0,0.0,0.0,0.5,0.0,0.0,0.0,0.0,0.0,0.0,0.0,0.0,0.5,0.0,0.0,0.0,0.0,regular
1630577,2022-23,00,1610612759,SAS,22.0,15,3,20.9,3.9,8.5,0.461,2.2,5.4,0.407,0.9,1.1,0.824,0.7,3.3,4.0,0.7,0.3,0.3,0.7,1.7,11.0,regular
1630577,2022-23,00,0,TOT,22.0,17,3,18.8,3.5,7.6,0.454,1.9,4.8,0.402,0.8,1.0,0.824,0.6,2.9,3.5,0.6,0.4,0.3,0.6,1.5,9.7,regular
1630577,2023-24,00,1610612759,SAS,23.0,74,59,19.8,2.2,5.4,0.408,1.4,3.7,0.365,1.0,1.2,0.815,0.6,2.2,2.8,1.4,0.6,0.6,0.8,1.0,6.8,regular
1630577,2024-25,00,1610612759,SAS,24.0,82,29,23.6,3.4,8.1,0.415,2.2,5.9,0.371,1.0,1.1,0.904,0.8,3.1,3.9,1.4,0.7,0.4,0.9,1.4,9.9,regular
1630577,2025-26,00,1610612759,SAS,24.0,82,68,27.6,3.7,8.4,0.437,2.4,6.2,0.381,1.4,1.6,0.844,0.9,4.9,5.8,1.5,0.8,0.5,0.8,1.6,11.1,regular
1630577,2025-26,00,1610612759,SAS,24.0,19,19,30.5,3.9,8.6,0.454,2.7,6.7,0.402,1.1,1.4,0.769,1.0,5.0,6.0,1.5,1.3,0.6,0.5,2.3,11.5,playoffs
1630551,2021-22,00,1610612761,TOR,21.0,36,0,7.8,0.9,1.9,0.463,0.3,0.8,0.357,0.3,0.3,1.0,1.0,1.0,2.0,0.3,0.2,0.1,0.2,0.9,2.3,regular
1630551,2022-23,00,1610612761,TOR,22.0,3,0,3.7,1.0,1.0,1.0,0.0,0.0,0.0,0.0,0.0,0.0,0.3,1.0,1.3,0.3,0.0,0.0,0.0,0.3,2.0,regular
1630551,2022-23,00,1610612738,BOS,22.0,2,0,11.5,1.0,6.0,0.167,0.5,2.5,0.2,0.0,0.0,0.0,1.0,1.0,2.0,1.5,0.5,0.0,0.0,0.5,2.5,regular
1630551,2022-23,00,0,TOT,22.0,5,0,6.8,1.0,3.0,0.333,0.2,1.0,0.2,0.0,0.0,0.0,0.6,1.0,1.6,0.8,0.2,0.0,0.0,0.4,2.2,regular
1630551,2023-24,00,1610612764,WAS,23.0,15,1,15.7,2.1,5.2,0.41,0.9,3.0,0.289,0.8,1.0,0.8,1.3,2.3,3.5,1.3,0.7,0.6,0.7,0.9,5.9,regular
1630551,2024-25,00,1610612764,WAS,24.0,62,31,21.6,3.4,6.6,0.511,1.2,3.1,0.383,0.8,1.2,0.685,1.8,3.9,5.7,1.0,1.0,0.6,0.9,1.8,8.8,regular
1630551,2025-26,00,1610612764,WAS,24.0,69,19,20.0,3.4,6.7,0.502,0.8,2.4,0.319,1.2,1.5,0.784,2.1,3.5,5.6,1.2,0.9,0.6,0.7,1.7,8.7,regular
1630551,2022-23,00,1610612738,BOS,22.0,4,0,2.5,0.3,1.0,0.25,0.0,0.8,0.0,0.0,0.0,0.0,0.0,0.0,0.0,0.0,0.0,0.0,0.0,0.5,0.5,playoffs
1642353,2024-25,00,1610612746,LAC,19.0,13,0,4.5,0.5,1.8,0.292,0.2,1.0,0.154,0.2,0.3,0.5,0.2,0.7,0.9,0.5,0.4,0.1,0.2,0.3,1.4,regular
1642353,2025-26,00,1610612746,LAC,20.0,55,0,8.7,1.0,2.5,0.381,0.2,0.9,0.245,0.7,0.9,0.76,0.3,1.1,1.4,0.6,0.3,0.1,0.4,0.3,2.8,regular
1642353,2024-25,00,1610612746,LAC,19.0,3,0,4.3,0.7,1.0,0.667,0.3,0.7,0.5,0.0,0.0,0.0,0.0,0.7,0.7,0.0,0.3,0.0,0.3,0.0,1.7,playoffs
1631108,2022-23,00,1610612747,LAL,20.0,41,3,12.5,1.1,2.6,0.415,0.6,1.5,0.419,0.3,0.4,0.875,0.2,1.7,1.8,0.5,0.2,0.2,0.3,0.8,3.1,regular
1631108,2023-24,00,1610612747,LAL,21.0,67,7,14.1,1.5,3.6,0.427,0.6,1.8,0.356,0.5,0.7,0.783,0.2,1.9,2.1,0.9,0.3,0.3,0.5,0.9,4.2,regular
1631108,2024-25,00,1610612747,LAL,22.0,46,25,25.1,2.8,6.3,0.444,1.3,3.5,0.368,1.6,1.9,0.851,0.5,2.1,2.7,1.4,0.8,0.5,0.8,1.6,8.5,regular
1631108,2024-25,00,1610612742,DAL,22.0,32,11,30.4,3.9,9.4,0.411,1.7,4.7,0.364,1.8,2.0,0.862,0.4,3.8,4.2,2.5,0.9,0.3,1.5,1.3,11.2,regular
1631108,2024-25,00,0,TOT,22.0,78,36,27.3,3.2,7.6,0.427,1.5,4.0,0.366,1.7,1.9,0.855,0.5,2.8,3.3,1.9,0.8,0.4,1.1,1.5,9.6,regular
1631108,2025-26,00,1610612742,DAL,23.0,77,68,29.2,4.2,9.4,0.441,2.3,5.8,0.404,1.6,1.8,0.899,0.2,3.0,3.2,2.0,0.6,0.4,1.2,1.3,12.3,regular
1631108,2022-23,00,1610612747,LAL,20.0,9,0,3.7,0.6,1.1,0.5,0.1,0.4,0.25,0.2,0.4,0.5,0.1,0.7,0.8,0.3,0.0,0.1,0.0,0.0,1.4,playoffs
1630619,2025-26,00,1610612742,DAL,23.0,38,1,13.9,1.7,3.0,0.574,0.0,0.0,0.0,1.0,2.1,0.469,2.3,3.3,5.7,0.2,0.5,1.2,0.8,1.9,4.5,regular
1631321,2023-24,00,1610612759,SAS,20.0,12,0,11.8,1.3,2.8,0.485,0.1,1.0,0.083,1.0,1.3,0.8,0.7,1.2,1.8,0.8,0.6,0.3,0.3,1.5,3.8,regular
1631321,2024-25,00,1610612759,SAS,21.0,17,0,3.2,0.5,1.1,0.5,0.2,0.4,0.429,0.1,0.4,0.167,0.2,0.4,0.6,0.4,0.1,0.0,0.1,0.4,1.3,regular
1631321,2024-25,00,1610612757,POR,21.0,5,0,12.0,0.8,2.4,0.333,0.0,1.2,0.0,0.4,0.6,0.667,1.0,1.2,2.2,1.8,0.2,0.2,1.8,0.8,2.0,regular
1631321,2024-25,00,0,TOT,21.0,22,0,5.2,0.6,1.4,0.433,0.1,0.6,0.231,0.1,0.4,0.333,0.4,0.6,1.0,0.7,0.1,0.0,0.5,0.5,1.5,regular
1631321,2025-26,00,1610612757,POR,22.0,75,26,19.1,1.8,4.5,0.398,0.8,2.6,0.298,0.8,1.2,0.659,0.8,1.4,2.2,1.5,0.7,0.3,0.9,2.4,5.1,regular
1631321,2025-26,00,1610612757,POR,22.0,4,0,6.5,1.0,2.5,0.4,0.5,1.3,0.4,0.3,0.3,1.0,0.5,0.8,1.3,0.3,1.0,0.0,0.3,1.0,2.8,playoffs
1641740,2024-25,00,1610612750,MIN,23.0,40,4,13.1,1.4,3.0,0.467,0.6,1.3,0.431,0.7,0.9,0.784,0.7,0.7,1.3,0.7,0.9,0.1,0.2,1.5,4.1,regular
1641740,2025-26,00,1610612750,MIN,24.0,68,1,13.1,1.5,3.4,0.434,0.5,1.5,0.327,0.6,1.0,0.657,0.8,1.0,1.8,0.6,0.7,0.1,0.3,1.3,4.0,regular
1641740,2024-25,00,1610612750,MIN,23.0,5,0,5.6,0.8,1.0,0.8,0.0,0.2,0.0,0.6,0.8,0.75,0.4,1.0,1.4,0.2,0.4,0.0,0.2,0.4,2.2,playoffs
1641740,2025-26,00,1610612750,MIN,24.0,6,0,9.5,0.5,2.0,0.25,0.3,1.3,0.25,0.3,0.3,1.0,0.3,0.8,1.2,0.5,0.2,0.2,0.0,1.0,1.7,playoffs
1629634,2019-20,00,1610612763,MEM,23.0,58,4,22.4,5.1,8.3,0.618,0.4,1.1,0.359,1.5,1.9,0.759,1.6,4.4,5.9,1.4,0.6,0.8,0.9,1.7,12.1,regular
1629634,2020-21,00,1610612763,MEM,24.0,59,16,24.0,4.3,8.4,0.517,0.3,1.3,0.26,1.3,1.9,0.69,1.6,3.9,5.6,1.6,1.0,0.9,0.6,1.4,10.3,regular
1629634,2021-22,00,1610612763,MEM,25.0,64,1,19.5,4.5,7.0,0.644,0.1,0.3,0.227,1.3,2.0,0.654,2.1,3.2,5.3,1.3,0.6,1.1,0.5,1.9,10.4,regular
1629634,2022-23,00,1610612763,MEM,26.0,56,8,19.5,4.1,6.2,0.656,0.0,0.1,0.167,1.8,2.4,0.723,1.6,3.9,5.5,1.3,0.6,0.7,1.0,2.3,10.0,regular
1629634,2023-24,00,1610612763,MEM,27.0,6,1,22.3,5.5,9.8,0.559,0.2,1.0,0.167,0.2,1.2,0.143,2.2,3.2,5.3,1.5,0.8,1.0,0.5,1.3,11.3,regular
1629634,2024-25,00,1610612763,MEM,28.0,64,18,18.9,3.7,5.9,0.621,0.0,0.3,0.059,1.0,1.4,0.701,2.0,3.1,5.1,1.0,0.8,0.6,0.6,2.3,8.3,regular
1629634,2025-26,00,1610612763,MEM,29.0,2,2,10.0,1.5,4.5,0.333,0.0,0.0,0.0,1.0,2.0,0.5,2.0,1.0,3.0,0.5,1.0,0.0,0.0,2.5,4.0,regular
1629634,2020-21,00,1610612763,MEM,24.0,2,0,4.5,0.5,1.0,0.5,0.0,0.0,0.0,0.0,0.0,0.0,0.0,0.5,0.5,0.0,0.0,0.5,0.0,0.0,1.0,playoffs
1629634,2021-22,00,1610612763,MEM,25.0,12,0,24.7,4.7,7.6,0.615,0.0,0.1,0.0,3.0,4.5,0.667,3.1,3.8,6.9,2.0,0.8,0.8,1.0,1.9,12.3,playoffs
203903,2014-15,00,1610612747,LAL,23.0,59,38,25.0,4.5,10.1,0.448,0.6,2.1,0.314,2.2,2.7,0.829,0.9,2.3,3.2,3.5,0.9,0.2,1.6,1.8,11.9,regular
203903,2015-16,00,1610612747,LAL,24.0,79,79,32.3,6.0,13.9,0.433,1.4,4.1,0.347,2.1,2.6,0.804,1.2,2.8,4.0,2.4,1.1,0.1,1.7,2.1,15.5,regular
203903,2016-17,00,1610612747,LAL,25.0,82,19,29.2,5.8,13.1,0.445,1.4,4.3,0.329,1.6,2.0,0.798,0.6,2.4,3.0,2.6,1.1,0.1,2.0,1.8,14.7,regular
203903,2017-18,00,1610612747,LAL,26.0,53,2,23.7,5.6,12.6,0.448,1.3,4.0,0.324,2.0,2.5,0.795,0.8,2.2,3.0,3.3,0.7,0.1,1.8,1.2,14.5,regular
203903,2017-18,00,1610612739,CLE,26.0,28,0,22.6,4.7,10.3,0.456,1.6,3.9,0.407,1.7,2.1,0.81,0.5,1.6,2.1,1.7,0.7,0.1,1.1,1.6,12.6,regular
203903,2017-18,00,0,TOT,26.0,81,2,23.3,5.3,11.8,0.451,1.4,3.9,0.352,1.9,2.3,0.8,0.7,2.0,2.7,2.7,0.7,0.1,1.6,1.3,13.9,regular
203903,2018-19,00,1610612739,CLE,27.0,81,0,27.3,6.5,14.6,0.448,1.8,5.5,0.324,2.0,2.4,0.844,1.0,2.3,3.3,2.4,0.7,0.2,1.7,1.4,16.8,regular
203903,2019-20,00,1610612739,CLE,28.0,29,0,23.0,5.0,11.2,0.442,2.0,5.5,0.371,2.6,3.0,0.884,0.7,1.7,2.4,2.4,0.6,0.3,1.3,1.1,14.6,regular
203903,2019-20,00,1610612762,UTA,28.0,42,2,24.7,6.0,12.9,0.462,2.2,6.0,0.366,1.5,1.9,0.785,0.7,2.1,2.8,1.6,0.7,0.2,1.4,1.8,15.6,regular
203903,2019-20,00,0,TOT,28.0,71,2,24.0,5.5,12.2,0.454,2.1,5.8,0.368,1.9,2.3,0.836,0.7,1.9,2.6,1.9,0.6,0.2,1.4,1.5,15.2,regular
203903,2020-21,00,1610612762,UTA,29.0,68,1,26.7,6.7,15.8,0.425,3.1,8.8,0.347,1.9,2.1,0.896,0.7,3.3,4.0,2.5,0.9,0.1,1.7,1.6,18.4,regular
203903,2021-22,00,1610612762,UTA,30.0,79,1,27.1,5.9,14.1,0.419,2.4,7.6,0.318,1.8,2.2,0.828,0.8,2.6,3.5,2.5,0.8,0.2,1.6,1.9,16.0,regular
203903,2022-23,00,1610612762,UTA,31.0,61,61,32.6,7.5,16.9,0.444,2.5,7.5,0.338,3.3,4.0,0.816,1.2,2.9,4.0,4.4,0.5,0.2,3.0,2.0,20.8,regular
203903,2023-24,00,1610612762,UTA,32.0,55,19,30.6,6.1,14.8,0.413,1.7,5.6,0.294,3.2,3.7,0.881,0.9,2.5,3.4,5.0,0.6,0.1,2.7,1.5,17.1,regular
203903,2024-25,00,1610612762,UTA,33.0,37,9,26.0,5.4,13.3,0.408,2.3,6.3,0.362,3.1,3.9,0.797,0.7,2.5,3.2,3.7,0.8,0.2,2.3,1.4,16.2,regular
203903,2025-26,00,1610612752,NYK,33.0,72,1,17.8,3.3,7.3,0.451,1.0,3.0,0.327,1.1,1.3,0.83,0.9,0.9,1.8,1.3,0.4,0.1,0.9,1.7,8.6,regular
203903,2017-18,00,1610612739,CLE,26.0,19,0,15.1,1.9,6.5,0.301,0.6,2.4,0.239,0.3,0.3,0.833,0.5,1.2,1.7,0.7,0.4,0.2,0.7,1.1,4.7,playoffs
203903,2019-20,00,1610612762,UTA,28.0,7,0,28.6,6.4,13.9,0.464,2.4,7.0,0.347,1.4,1.4,1.0,0.3,3.1,3.4,2.1,0.9,0.0,1.0,2.1,16.7,playoffs
203903,2020-21,00,1610612762,UTA,29.0,11,0,27.1,6.1,15.0,0.406,3.1,8.8,0.351,2.3,2.4,0.962,0.5,2.5,3.1,1.5,0.6,0.3,2.1,1.4,17.5,playoffs
203903,2021-22,00,1610612762,UTA,30.0,6,0,28.3,6.7,12.2,0.548,1.5,4.0,0.375,2.7,3.0,0.889,0.8,2.3,3.2,1.3,0.5,0.2,1.7,2.8,17.5,playoffs
203903,2025-26,00,1610612752,NYK,33.0,15,0,11.4,1.9,4.1,0.468,0.1,0.9,0.143,1.0,1.3,0.789,1.1,0.7,1.7,0.7,0.2,0.1,0.8,1.5,5.0,playoffs
1629651,2019-20,00,1610612751,BKN,21.0,15,0,12.5,1.8,3.2,0.563,0.1,0.5,0.143,0.7,1.4,0.524,1.3,1.7,2.9,1.1,0.1,0.5,0.6,0.9,4.4,regular
1629651,2020-21,00,1610612751,BKN,22.0,32,1,18.6,2.8,4.5,0.621,0.0,0.2,0.2,1.0,2.0,0.484,1.3,3.8,5.2,0.9,0.7,1.3,0.6,2.1,6.6,regular
1629651,2021-22,00,1610612751,BKN,23.0,47,19,20.7,3.8,5.6,0.674,0.0,0.0,0.0,1.1,2.0,0.581,1.9,3.7,5.6,0.9,0.5,1.1,0.8,2.3,8.7,regular
1629651,2022-23,00,1610612751,BKN,24.0,76,76,29.9,5.4,7.7,0.705,0.0,0.0,0.0,1.8,3.2,0.541,2.4,6.8,9.2,1.9,0.9,2.5,1.3,2.8,12.6,regular
1629651,2023-24,00,1610612751,BKN,25.0,71,71,29.8,5.2,8.2,0.629,0.0,0.1,0.2,1.5,2.8,0.551,2.7,7.2,9.9,2.1,0.6,2.1,1.3,2.5,11.8,regular
1629651,2024-25,00,1610612751,BKN,26.0,70,62,26.9,4.6,8.1,0.563,0.1,0.3,0.238,1.1,2.2,0.513,2.2,5.1,7.4,2.2,0.9,1.4,1.2,2.1,10.3,regular
1629651,2025-26,00,1610612751,BKN,26.0,69,68,27.8,4.8,8.4,0.571,0.0,0.3,0.158,2.0,3.3,0.616,2.4,4.5,6.9,3.7,0.7,1.1,1.4,2.3,11.7,regular
1629651,2020-21,00,1610612751,BKN,22.0,12,0,10.8,1.2,2.4,0.483,0.0,0.0,0.0,0.2,0.3,0.667,1.2,1.6,2.8,0.6,0.3,1.0,0.3,1.7,2.5,playoffs
1629651,2021-22,00,1610612751,BKN,23.0,4,0,24.5,4.8,6.0,0.792,0.0,0.0,0.0,1.0,5.5,0.182,1.8,4.5,6.3,1.5,1.3,2.3,0.5,1.5,10.5,playoffs
1629651,2022-23,00,1610612751,BKN,24.0,4,4,29.3,4.5,6.3,0.72,0.0,0.0,0.0,1.5,2.5,0.6,1.3,6.8,8.0,1.5,0.3,1.8,0.8,2.0,10.5,playoffs
1642383,2025-26,00,1610612762,UTA,23.0,45,0,18.0,2.3,5.7,0.398,1.0,3.2,0.308,1.3,1.4,0.935,0.3,1.6,2.0,3.2,0.5,0.3,1.3,1.7,6.8,regular
1642383,2025-26,00,1610612763,MEM,23.0,24,6,25.0,3.1,8.5,0.366,1.3,4.2,0.307,2.1,2.5,0.864,0.4,1.7,2.1,5.7,0.8,0.3,2.5,1.7,9.7,regular
1642383,2025-26,00,0,TOT,23.0,69,6,20.4,2.6,6.7,0.384,1.1,3.5,0.307,1.6,1.8,0.901,0.4,1.7,2.0,4.0,0.6,0.3,1.7,1.7,7.8,regular
1642363,2025-26,00,1610612758,SAC,24.0,75,28,25.1,3.3,7.9,0.418,1.0,3.1,0.333,0.9,1.3,0.722,0.9,2.9,3.8,2.4,0.9,0.3,1.5,2.1,8.6,regular
1642270,2024-25,00,1610612757,POR,21.0,67,37,19.8,2.7,5.0,0.539,0.2,0.7,0.286,0.9,1.6,0.596,3.2,4.6,7.9,1.1,0.5,1.6,1.1,2.8,6.5,regular
1642270,2025-26,00,1610612757,POR,22.0,77,77,27.2,4.6,8.9,0.52,1.1,3.2,0.341,1.8,2.6,0.68,4.5,7.1,11.6,2.1,0.6,1.7,1.2,2.4,12.1,regular
1642270,2025-26,00,1610612757,POR,22.0,5,5,21.4,2.8,9.2,0.304,1.0,5.0,0.2,0.4,0.8,0.5,2.8,5.0,7.8,2.2,0.2,0.6,0.6,2.8,7.0,playoffs
1641730,2023-24,00,1610612751,BKN,19.0,23,4,16.1,2.2,4.0,0.538,0.5,1.4,0.364,0.9,1.3,0.7,1.1,2.4,3.5,0.8,0.3,0.7,0.7,1.1,5.8,regular
1641730,2024-25,00,1610612751,BKN,20.0,46,20,22.7,2.9,8.1,0.358,1.9,5.7,0.333,1.5,1.7,0.838,0.9,3.0,3.9,0.9,0.5,0.5,1.0,2.3,9.1,regular
1641730,2025-26,00,1610612751,BKN,21.0,66,60,27.0,3.8,9.6,0.396,2.0,5.9,0.329,2.7,3.4,0.804,0.8,3.3,4.1,1.6,0.8,0.7,1.5,2.5,12.3,regular
1629599,2019-20,00,1610612746,LAC,23.0,18,1,8.8,1.3,3.0,0.426,0.3,1.1,0.316,0.3,0.6,0.545,0.2,0.7,0.9,0.8,0.3,0.1,0.4,1.1,3.2,regular
1629599,2020-21,00,1610612746,LAC,24.0,44,1,9.0,1.0,2.3,0.437,0.5,1.3,0.411,0.6,0.9,0.711,0.2,0.8,1.0,0.5,0.2,0.0,0.3,0.7,3.2,regular
1629599,2021-22,00,1610612746,LAC,25.0,69,30,22.7,3.1,6.8,0.453,1.4,3.7,0.378,1.5,1.7,0.863,0.4,2.5,2.9,1.8,0.6,0.2,0.7,1.3,9.0,regular
1629599,2022-23,00,1610612746,LAC,26.0,50,9,12.5,1.1,2.9,0.386,0.2,0.8,0.275,1.0,1.3,0.778,0.3,0.7,1.1,1.1,0.1,0.1,0.4,1.0,3.4,regular
1629599,2023-24,00,1610612746,LAC,27.0,70,13,20.9,2.4,5.0,0.472,1.0,2.6,0.38,0.9,1.0,0.859,0.4,1.7,2.1,1.1,0.6,0.2,0.5,1.5,6.6,regular
1629599,2024-25,00,1610612746,LAC,28.0,72,13,24.3,3.3,7.1,0.471,1.4,3.4,0.409,1.6,1.8,0.891,0.4,1.8,2.2,1.1,0.6,0.1,0.6,1.7,9.7,regular
1629599,2025-26,00,1610612749,MIL,28.0,30,2,8.8,0.9,1.8,0.473,0.2,0.8,0.28,0.4,0.5,0.867,0.2,0.7,0.9,0.4,0.1,0.1,0.1,0.5,2.4,regular
1629599,2025-26,00,1610612756,PHX,28.0,16,1,14.1,1.8,3.6,0.5,0.6,1.5,0.417,0.6,0.8,0.692,0.8,1.1,1.9,1.0,0.4,0.1,0.3,1.0,4.8,regular
1629599,2025-26,00,0,TOT,28.0,46,3,10.7,1.2,2.5,0.487,0.4,1.1,0.347,0.5,0.6,0.786,0.4,0.8,1.2,0.6,0.2,0.1,0.2,0.7,3.2,regular
1629599,2019-20,00,1610612746,LAC,23.0,3,0,2.3,0.0,1.0,0.0,0.0,0.3,0.0,0.7,0.7,1.0,0.0,0.0,0.0,1.3,0.3,0.0,0.0,0.0,0.7,playoffs
1629599,2020-21,00,1610612746,LAC,24.0,10,0,1.6,0.3,0.4,0.75,0.1,0.1,1.0,0.0,0.1,0.0,0.0,0.2,0.2,0.1,0.1,0.0,0.1,0.0,0.7,playoffs
1629599,2022-23,00,1610612746,LAC,26.0,1,0,1.0,0.0,0.0,0.0,0.0,0.0,0.0,0.0,0.0,0.0,0.0,0.0,0.0,0.0,0.0,0.0,0.0,0.0,0.0,playoffs
1629599,2023-24,00,1610612746,LAC,27.0,6,3,18.7,1.2,3.7,0.318,0.5,1.8,0.273,0.0,0.0,0.0,0.3,1.3,1.7,0.3,0.3,0.2,0.8,1.0,2.8,playoffs
1629599,2025-26,00,1610612756,PHX,28.0,4,0,1.5,0.0,0.0,0.0,0.0,0.0,0.0,0.0,0.0,0.0,0.0,0.0,0.0,0.0,0.0,0.0,0.5,0.0,0.0,playoffs
1642268,2024-25,00,1610612762,UTA,20.0,71,46,25.9,3.3,7.8,0.422,0.6,2.4,0.249,1.5,2.2,0.682,0.5,2.9,3.3,6.3,0.9,0.2,2.9,2.1,8.7,regular
1642268,2025-26,00,1610612762,UTA,21.0,59,19,25.7,4.3,8.7,0.495,0.5,1.7,0.27,2.6,3.5,0.722,0.4,2.2,2.5,7.2,1.1,0.3,2.5,2.3,11.7,regular
1628381,2017-18,00,1610612737,ATL,20.0,74,26,24.1,4.2,7.4,0.576,0.2,0.6,0.34,1.8,2.5,0.715,2.4,4.9,7.3,1.3,0.6,1.1,1.4,2.9,10.5,regular
1628381,2018-19,00,1610612737,ATL,21.0,61,59,30.0,7.6,13.6,0.56,0.9,2.6,0.348,3.3,4.4,0.763,3.6,6.2,9.8,2.0,0.4,0.6,2.0,3.3,19.5,regular
1628381,2019-20,00,1610612737,ATL,22.0,41,41,33.2,8.6,14.8,0.583,1.4,3.6,0.401,2.9,3.7,0.8,2.8,7.3,10.1,1.5,0.8,1.6,1.8,3.4,21.6,regular
1628381,2020-21,00,1610612737,ATL,23.0,63,63,29.3,6.8,12.2,0.556,1.3,3.3,0.399,2.7,3.2,0.833,1.9,5.5,7.4,1.2,0.5,1.0,1.3,3.1,17.6,regular
1628381,2021-22,00,1610612737,ATL,24.0,54,53,30.8,6.3,11.9,0.526,1.2,3.3,0.364,2.5,3.1,0.793,1.7,6.1,7.8,1.8,0.6,1.0,1.1,3.0,16.2,regular
1628381,2022-23,00,1610612737,ATL,25.0,71,71,30.0,5.1,10.0,0.508,1.0,3.4,0.292,2.0,2.5,0.803,1.1,5.4,6.5,1.2,0.6,1.0,1.1,3.1,13.1,regular
1628381,2023-24,00,1610612762,UTA,26.0,68,66,28.0,5.8,11.0,0.532,1.3,3.4,0.371,2.2,2.7,0.795,2.3,6.1,8.5,1.1,0.6,0.9,1.4,2.8,15.1,regular
1628381,2024-25,00,1610612762,UTA,27.0,40,31,30.5,7.0,13.3,0.527,1.5,3.7,0.399,3.5,4.1,0.848,2.2,6.0,8.2,2.0,1.0,1.0,2.6,2.9,19.0,regular
1628381,2025-26,00,1610612746,LAC,28.0,69,56,27.1,5.3,9.6,0.552,1.3,3.2,0.406,1.7,2.2,0.766,1.6,3.7,5.3,1.0,0.9,0.7,1.4,2.7,13.6,regular
1628381,2020-21,00,1610612737,ATL,23.0,18,18,32.0,5.6,10.1,0.549,1.1,3.1,0.357,1.7,2.0,0.833,2.0,6.7,8.7,0.9,0.4,0.6,1.3,3.3,13.9,playoffs
1628381,2021-22,00,1610612737,ATL,24.0,5,4,24.4,3.8,7.8,0.487,0.8,2.2,0.364,1.0,2.0,0.5,0.4,4.2,4.6,1.2,0.4,0.2,1.0,2.4,9.4,playoffs
1628381,2022-23,00,1610612737,ATL,25.0,6,6,27.3,4.3,10.0,0.433,1.8,5.3,0.344,0.8,1.0,0.833,1.2,3.2,4.3,0.8,0.3,1.0,1.5,2.2,11.3,playoffs
1628380,2017-18,00,1610612757,POR,20.0,66,1,15.8,1.7,4.4,0.398,0.5,1.7,0.31,0.4,0.6,0.643,0.7,2.7,3.3,0.8,0.3,0.5,0.9,2.0,4.4,regular
1628380,2018-19,00,1610612757,POR,21.0,77,0,17.6,2.5,5.2,0.473,0.5,1.6,0.331,1.2,1.6,0.746,1.4,2.8,4.2,0.9,0.3,0.9,1.0,2.3,6.6,regular
1628380,2019-20,00,1610612757,POR,22.0,11,11,26.4,2.9,6.2,0.471,0.6,1.7,0.368,0.5,0.7,0.75,2.3,4.0,6.3,1.5,0.5,0.5,1.3,3.3,7.0,regular
1628380,2021-22,00,1610612759,SAS,24.0,28,4,17.9,2.7,5.5,0.49,0.5,1.5,0.341,1.9,2.3,0.8,1.6,3.8,5.5,2.2,0.5,0.8,1.6,2.4,7.8,regular
1628380,2022-23,00,1610612759,SAS,25.0,63,26,22.9,4.5,8.7,0.518,0.9,2.3,0.374,1.7,2.3,0.761,1.8,4.5,6.4,2.9,0.6,0.8,2.0,3.2,11.6,regular
1628380,2023-24,00,1610612759,SAS,26.0,69,29,22.1,4.3,8.9,0.484,0.8,2.6,0.32,1.8,2.3,0.753,1.7,3.7,5.4,2.8,0.5,0.8,1.9,3.0,11.2,regular
1628380,2024-25,00,1610612759,SAS,27.0,36,4,11.8,1.7,3.7,0.462,0.4,1.3,0.304,0.9,1.0,0.886,1.1,1.8,2.8,1.4,0.4,0.4,0.6,1.9,4.6,regular
1628380,2024-25,00,1610612741,CHI,27.0,28,8,19.7,3.3,6.1,0.541,0.6,2.1,0.3,1.4,1.5,0.884,2.3,4.4,6.7,2.1,0.5,0.5,1.3,2.2,8.6,regular
1628380,2024-25,00,0,TOT,27.0,64,12,15.3,2.4,4.7,0.507,0.5,1.7,0.302,1.1,1.2,0.885,1.6,2.9,4.5,1.7,0.5,0.5,0.9,2.1,6.4,regular
1628380,2025-26,00,1610612741,CHI,28.0,10,0,18.4,3.7,6.4,0.578,0.9,2.1,0.429,1.4,2.0,0.7,1.6,4.0,5.6,1.5,0.2,0.4,1.0,1.8,9.7,regular
1628380,2017-18,00,1610612757,POR,20.0,4,0,17.5,2.8,7.5,0.367,0.8,3.5,0.214,0.8,1.0,0.75,0.8,2.3,3.0,1.5,0.8,0.5,0.5,2.5,7.0,playoffs
1628380,2018-19,00,1610612757,POR,21.0,16,0,17.2,2.6,5.1,0.506,0.4,1.3,0.333,1.3,1.6,0.8,1.1,2.6,3.6,0.9,0.4,1.3,1.3,3.4,6.8,playoffs
201144,2007-08,00,1610612763,MEM,20.0,53,46,26.1,3.6,8.3,0.428,0.6,1.7,0.33,1.7,2.3,0.732,0.4,2.2,2.6,4.2,0.8,0.0,1.7,1.6,9.4,regular
201144,2008-09,00,1610612763,MEM,21.0,82,61,30.6,3.9,8.9,0.442,1.1,2.6,0.406,2.0,2.4,0.817,0.3,3.1,3.4,4.3,1.1,0.1,1.7,1.8,10.9,regular
201144,2009-10,00,1610612763,MEM,22.0,80,80,32.1,4.6,10.4,0.445,1.0,2.7,0.387,1.7,2.3,0.743,0.4,2.0,2.4,5.3,1.4,0.2,2.1,2.2,12.0,regular
201144,2010-11,00,1610612763,MEM,23.0,81,81,35.5,5.2,11.8,0.444,1.0,2.7,0.369,2.2,3.0,0.733,0.4,2.7,3.0,6.5,1.8,0.2,2.2,2.2,13.7,regular
201144,2011-12,00,1610612763,MEM,24.0,62,61,35.1,4.8,11.0,0.433,1.0,2.6,0.377,2.2,2.5,0.861,0.4,2.2,2.5,6.5,2.2,0.2,2.0,2.1,12.7,regular
201144,2012-13,00,1610612763,MEM,25.0,80,80,34.5,5.2,11.8,0.44,1.3,3.7,0.362,2.9,3.5,0.83,0.5,2.3,2.8,6.1,2.2,0.3,2.4,2.1,14.6,regular
201144,2013-14,00,1610612763,MEM,26.0,73,73,33.5,6.3,14.1,0.45,1.4,4.0,0.361,3.1,3.8,0.815,0.6,2.4,2.9,6.0,1.5,0.2,2.1,1.9,17.2,regular
201144,2014-15,00,1610612763,MEM,27.0,70,70,31.8,5.6,12.6,0.446,1.5,4.0,0.386,3.1,3.6,0.859,0.4,2.6,3.0,5.4,1.3,0.2,2.2,2.0,15.8,regular
201144,2015-16,00,1610612763,MEM,28.0,56,56,31.4,5.3,12.4,0.422,1.4,3.8,0.363,3.4,4.1,0.834,0.5,2.5,2.9,6.1,1.2,0.3,1.5,1.8,15.3,regular
201144,2016-17,00,1610612763,MEM,29.0,69,68,33.2,6.7,14.6,0.46,2.5,6.1,0.408,4.6,5.3,0.859,0.4,3.0,3.5,6.3,1.3,0.3,2.3,1.8,20.5,regular
201144,2017-18,00,1610612763,MEM,30.0,12,12,31.1,5.3,14.0,0.381,2.0,6.4,0.312,4.4,5.5,0.803,0.0,2.3,2.3,4.1,1.0,0.3,1.5,2.0,17.1,regular
201144,2018-19,00,1610612763,MEM,31.0,70,70,33.5,7.0,16.0,0.438,2.2,6.1,0.364,4.9,5.8,0.845,0.6,2.8,3.4,6.4,1.3,0.3,1.9,1.8,21.1,regular
201144,2019-20,00,1610612762,UTA,32.0,47,41,29.0,4.9,12.1,0.409,2.0,5.4,0.375,2.4,3.0,0.827,0.7,2.5,3.2,4.4,0.8,0.1,2.0,2.2,14.4,regular
201144,2020-21,00,1610612762,UTA,33.0,51,51,29.4,5.6,12.5,0.444,2.7,6.6,0.412,2.4,2.8,0.852,0.7,2.8,3.5,6.0,1.4,0.2,1.9,1.9,16.2,regular
201144,2021-22,00,1610612762,UTA,34.0,72,72,28.6,4.8,11.0,0.435,2.3,5.8,0.408,1.8,2.3,0.796,0.7,2.4,3.0,5.3,1.3,0.3,1.7,2.0,13.7,regular
201144,2022-23,00,1610612762,UTA,35.0,43,42,29.7,3.6,8.7,0.408,1.8,5.0,0.362,1.8,2.2,0.813,0.4,2.1,2.5,7.7,1.0,0.2,1.7,2.2,10.7,regular
201144,2022-23,00,1610612750,MIN,35.0,24,24,31.4,4.5,9.8,0.46,2.4,5.8,0.42,2.6,3.0,0.863,0.7,2.5,3.1,5.0,1.2,0.2,1.2,1.9,14.0,regular
201144,2022-23,00,0,TOT,35.0,67,66,30.3,3.9,9.1,0.428,2.0,5.2,0.385,2.1,2.5,0.834,0.5,2.2,2.7,6.7,1.1,0.2,1.5,2.1,11.9,regular
201144,2023-24,00,1610612750,MIN,36.0,76,76,28.9,3.9,8.5,0.457,2.4,5.3,0.442,1.3,1.5,0.911,0.5,2.4,2.9,5.9,1.2,0.2,1.3,1.7,11.4,regular
201144,2024-25,00,1610612750,MIN,37.0,71,64,24.7,2.6,6.6,0.4,1.8,4.4,0.41,1.1,1.3,0.9,0.5,2.1,2.6,4.5,1.1,0.2,1.1,1.6,8.2,regular
201144,2025-26,00,1610612750,MIN,38.0,54,15,18.4,1.3,4.0,0.335,1.0,3.1,0.337,0.8,0.9,0.9,0.3,1.4,1.7,2.9,0.6,0.3,0.6,1.6,4.5,regular
201144,2010-11,00,1610612763,MEM,23.0,13,13,39.0,5.5,14.1,0.388,0.8,2.8,0.297,3.4,4.1,0.83,0.5,3.3,3.8,6.4,1.1,0.2,2.3,3.0,15.2,playoffs
201144,2011-12,00,1610612763,MEM,24.0,7,7,39.6,4.6,10.9,0.421,1.6,3.1,0.5,3.4,4.6,0.75,0.6,2.7,3.3,7.1,0.9,0.0,2.3,2.7,14.1,playoffs
201144,2012-13,00,1610612763,MEM,25.0,15,15,38.3,5.5,14.4,0.384,1.2,4.3,0.281,4.7,6.2,0.763,0.8,3.9,4.7,7.1,1.7,0.3,2.3,2.3,17.0,playoffs
201144,2013-14,00,1610612763,MEM,26.0,7,7,38.1,6.3,14.6,0.431,0.4,3.9,0.111,2.9,3.7,0.769,0.7,3.9,4.6,7.9,2.0,0.1,2.1,2.0,15.9,playoffs
201144,2014-15,00,1610612763,MEM,27.0,8,8,30.4,5.1,12.0,0.427,1.3,4.1,0.303,2.9,3.5,0.821,0.0,1.1,1.1,5.0,1.4,0.0,1.5,1.3,14.4,playoffs
201144,2016-17,00,1610612763,MEM,29.0,6,6,37.3,8.3,17.2,0.485,2.8,6.3,0.447,5.2,6.2,0.838,0.2,3.2,3.3,7.0,1.7,0.5,2.0,1.8,24.7,playoffs
201144,2019-20,00,1610612762,UTA,32.0,5,5,33.0,6.2,12.8,0.484,3.6,6.8,0.529,3.8,4.4,0.864,0.6,2.2,2.8,5.2,1.6,0.2,1.0,2.0,19.8,playoffs
201144,2020-21,00,1610612762,UTA,33.0,6,6,29.3,4.8,11.3,0.426,3.0,6.2,0.486,2.7,2.7,1.0,0.5,3.0,3.5,7.7,0.2,0.5,2.3,2.5,15.3,playoffs
201144,2021-22,00,1610612762,UTA,34.0,6,6,29.0,3.2,9.5,0.333,0.8,4.2,0.2,2.0,2.5,0.8,0.3,2.8,3.2,4.8,0.8,0.3,2.2,3.2,9.2,playoffs
201144,2022-23,00,1610612750,MIN,35.0,5,5,36.6,4.0,8.4,0.476,2.0,4.4,0.455,2.0,2.2,0.909,0.4,2.2,2.6,6.4,0.6,0.0,1.4,2.2,12.0,playoffs
201144,2023-24,00,1610612750,MIN,36.0,15,15,31.6,4.1,9.7,0.428,2.0,5.1,0.395,1.3,1.9,0.714,0.7,3.2,3.9,5.7,1.4,0.2,1.3,2.5,11.6,playoffs
201144,2024-25,00,1610612750,MIN,37.0,15,15,23.7,1.9,6.4,0.302,1.3,4.0,0.333,0.8,0.9,0.923,0.8,2.1,2.9,3.3,0.6,0.2,0.8,1.4,6.0,playoffs
201144,2025-26,00,1610612750,MIN,38.0,12,5,14.0,1.6,3.2,0.5,1.1,2.2,0.5,0.2,0.2,1.0,0.1,1.2,1.3,2.7,0.7,0.0,0.4,1.3,4.4,playoffs
1626192,2015-16,00,1610612757,POR,23.0,34,0,4.2,0.4,1.4,0.265,0.1,0.6,0.238,0.1,0.1,1.0,0.3,0.6,0.9,0.3,0.1,0.0,0.3,0.2,1.1,regular
1626192,2016-17,00,1610612757,POR,24.0,39,1,8.1,0.9,1.8,0.514,0.4,0.8,0.515,0.2,0.2,0.778,0.3,1.1,1.3,0.7,0.2,0.1,0.4,0.6,2.5,regular
1626192,2017-18,00,1610612757,POR,25.0,82,5,18.1,2.0,4.8,0.423,0.9,2.6,0.352,0.5,0.5,0.841,0.4,1.5,2.0,1.1,0.3,0.3,0.5,1.5,5.4,regular
1626192,2018-19,00,1610612749,MIL,26.0,61,2,20.7,2.7,5.7,0.466,1.1,3.3,0.33,0.5,0.7,0.725,1.0,3.2,4.2,2.0,0.5,0.4,0.5,1.3,6.9,regular
1626192,2019-20,00,1610612749,MIL,27.0,67,4,18.6,2.0,4.5,0.455,0.8,2.5,0.331,0.5,0.6,0.775,0.9,3.3,4.2,1.6,0.4,0.5,0.8,1.0,5.4,regular
1626192,2020-21,00,1610612749,MIL,28.0,69,4,22.8,2.4,5.6,0.434,1.5,3.9,0.371,0.4,0.6,0.775,0.9,3.9,4.8,1.2,0.7,0.3,0.5,1.4,6.8,regular
1626192,2021-22,00,1610612749,MIL,29.0,65,19,26.0,3.5,7.6,0.458,2.2,5.7,0.395,0.7,0.8,0.833,0.7,3.5,4.2,1.3,0.9,0.2,0.5,1.3,9.9,regular
1626192,2022-23,00,1610612749,MIL,30.0,61,33,23.7,2.7,6.9,0.392,1.8,5.3,0.339,0.4,0.7,0.659,0.8,3.8,4.6,1.3,0.6,0.2,0.5,1.1,7.6,regular
1626192,2023-24,00,1610612749,MIL,31.0,76,3,22.1,2.0,4.6,0.435,1.1,3.1,0.345,0.6,0.8,0.759,0.7,2.5,3.1,2.1,0.5,0.3,0.6,1.3,5.6,regular
1626192,2024-25,00,1610612749,MIL,32.0,41,1,14.7,2.0,4.3,0.469,0.6,2.0,0.321,0.6,0.8,0.774,0.5,2.2,2.7,1.7,0.2,0.3,0.6,1.1,5.3,regular
1626192,2025-26,00,1610612766,CHA,33.0,42,0,7.1,0.9,2.0,0.447,0.5,1.2,0.404,0.3,0.5,0.65,0.4,1.1,1.5,0.4,0.3,0.0,0.3,0.2,2.6,regular
1626192,2015-16,00,1610612757,POR,23.0,6,0,1.3,0.5,0.8,0.6,0.3,0.5,0.667,0.0,0.0,0.0,0.0,0.2,0.2,0.0,0.0,0.0,0.0,0.0,1.3,playoffs
1626192,2016-17,00,1610612757,POR,24.0,3,0,8.0,0.7,3.0,0.222,0.0,2.0,0.0,1.0,1.0,1.0,0.3,2.0,2.3,1.3,0.0,0.0,0.0,0.0,2.3,playoffs
1626192,2017-18,00,1610612757,POR,25.0,4,0,14.8,1.5,3.8,0.4,0.5,2.5,0.2,0.5,0.5,1.0,0.5,0.5,1.0,1.5,0.3,0.3,0.3,2.3,4.0,playoffs
1626192,2018-19,00,1610612749,MIL,26.0,15,0,21.6,2.5,5.1,0.481,1.0,2.8,0.357,0.3,0.5,0.5,0.7,5.5,6.2,1.4,0.4,0.9,0.6,0.9,6.2,playoffs
1626192,2019-20,00,1610612749,MIL,27.0,10,0,17.1,1.5,3.5,0.429,0.8,2.3,0.348,0.2,0.2,1.0,0.5,3.4,3.9,1.1,0.2,0.2,0.5,1.2,4.0,playoffs
1626192,2020-21,00,1610612749,MIL,28.0,23,1,23.7,2.4,5.2,0.462,1.6,4.1,0.389,0.5,0.6,0.846,1.3,3.1,4.4,0.9,0.4,0.3,0.5,1.7,6.9,playoffs
1626192,2021-22,00,1610612749,MIL,29.0,12,0,26.5,3.5,7.3,0.477,2.1,5.3,0.391,0.4,0.4,1.0,0.3,4.0,4.3,0.9,0.4,0.3,0.6,1.2,9.5,playoffs
1626192,2022-23,00,1610612749,MIL,30.0,4,0,22.0,4.3,7.5,0.567,2.8,5.8,0.478,0.8,1.0,0.75,1.0,4.0,5.0,1.8,1.0,0.3,0.5,2.5,12.0,playoffs
1626192,2023-24,00,1610612749,MIL,31.0,6,0,20.7,1.8,4.2,0.44,0.5,1.8,0.273,0.3,0.3,1.0,0.5,3.3,3.8,2.2,1.0,0.2,0.5,1.0,4.5,playoffs
1626192,2024-25,00,1610612749,MIL,32.0,3,0,4.7,0.7,2.7,0.25,0.3,1.3,0.25,0.3,0.7,0.5,0.0,0.7,0.7,0.3,0.0,0.0,0.3,0.3,2.0,playoffs
1631451,2025-26,00,1610612757,POR,26.0,19,0,4.9,0.5,2.2,0.22,0.2,1.2,0.13,0.1,0.1,1.0,0.2,0.8,1.0,0.4,0.3,0.0,0.5,0.3,1.2,regular
1630536,2021-22,00,1610612737,ATL,21.0,13,0,3.0,0.2,1.1,0.214,0.1,0.5,0.167,0.0,0.0,0.0,0.0,0.4,0.4,0.4,0.0,0.0,0.4,0.1,0.5,regular
1630536,2025-26,00,1610612764,WAS,24.0,41,1,17.1,3.1,6.0,0.514,0.7,1.9,0.382,1.2,1.5,0.833,0.4,1.7,2.1,3.0,0.4,0.1,1.5,1.5,8.1,regular
1641731,2023-24,00,1610612764,WAS,19.0,63,15,27.2,3.0,6.9,0.435,1.0,2.9,0.346,1.5,2.1,0.702,0.9,3.2,4.1,1.7,0.9,0.8,1.4,2.2,8.4,regular
1641731,2024-25,00,1610612764,WAS,20.0,59,59,33.0,4.5,10.6,0.421,1.1,3.8,0.281,2.3,3.1,0.746,1.5,3.4,5.0,3.4,1.3,0.7,2.1,2.4,12.3,regular
1641731,2025-26,00,1610612764,WAS,21.0,56,56,26.2,4.1,9.7,0.425,1.2,3.6,0.319,2.4,3.2,0.746,0.9,3.5,4.3,2.6,1.3,1.0,1.4,2.3,11.7,regular
1642907,2025-26,00,1610612763,MEM,22.0,62,47,25.8,4.9,10.5,0.471,1.5,4.4,0.338,2.3,2.7,0.843,1.3,4.5,5.9,2.8,0.6,0.4,1.7,2.0,13.6,regular
1642384,2024-25,00,1610612758,SAC,23.0,15,0,3.1,0.3,0.7,0.455,0.1,0.3,0.2,0.1,0.3,0.5,0.1,0.5,0.5,0.1,0.1,0.1,0.1,0.1,0.9,regular
1642384,2025-26,00,1610612745,HOU,24.0,14,0,6.6,0.7,1.7,0.417,0.2,0.9,0.231,0.4,0.4,0.833,0.2,0.9,1.1,0.4,0.1,0.2,0.3,0.3,2.0,regular
1630595,2021-22,00,1610612765,DET,20.0,64,64,32.6,6.7,16.1,0.416,1.8,5.7,0.314,2.2,2.6,0.845,0.9,4.6,5.5,5.6,1.2,0.7,3.7,3.1,17.4,regular
1630595,2022-23,00,1610612765,DET,21.0,12,12,33.3,7.8,18.7,0.415,1.4,5.1,0.279,3.0,3.6,0.837,1.0,5.2,6.2,6.0,0.8,0.6,3.3,2.8,19.9,regular
1630595,2023-24,00,1610612765,DET,22.0,62,62,33.5,8.5,18.8,0.449,1.9,5.4,0.355,3.8,4.4,0.869,0.5,3.8,4.3,7.5,0.9,0.4,3.4,2.5,22.7,regular
1630595,2024-25,00,1610612765,DET,23.0,70,70,35.0,9.8,20.8,0.469,2.1,6.0,0.356,4.5,5.3,0.846,0.8,5.3,6.1,9.1,1.0,0.8,4.4,2.8,26.1,regular
1630595,2025-26,00,1610612765,DET,24.0,64,64,33.9,8.6,18.6,0.461,2.0,5.7,0.342,4.8,6.0,0.812,0.9,4.7,5.5,9.9,1.4,0.8,3.7,3.1,23.9,regular
1630595,2024-25,00,1610612765,DET,23.0,6,6,41.3,9.2,21.5,0.426,0.8,4.7,0.179,5.8,7.0,0.833,1.0,7.3,8.3,8.7,1.8,1.3,5.3,3.3,25.0,playoffs
1630595,2025-26,00,1610612765,DET,24.0,14,14,40.9,9.1,21.0,0.432,2.9,7.3,0.402,7.1,8.2,0.861,0.9,4.2,5.1,7.5,1.1,0.6,5.6,3.1,28.1,playoffs
201939,2009-10,00,1610612744,GSW,22.0,80,77,36.2,6.6,14.3,0.462,2.1,4.8,0.437,2.2,2.5,0.885,0.6,3.9,4.5,5.9,1.9,0.2,3.0,3.2,17.5,regular
201939,2010-11,00,1610612744,GSW,23.0,74,74,33.6,6.8,14.2,0.48,2.0,4.6,0.442,2.9,3.1,0.934,0.7,3.2,3.9,5.8,1.5,0.3,3.1,3.1,18.6,regular
201939,2011-12,00,1610612744,GSW,24.0,26,23,28.2,5.6,11.4,0.49,2.1,4.7,0.455,1.5,1.8,0.809,0.6,2.8,3.4,5.3,1.5,0.3,2.5,2.4,14.7,regular
201939,2012-13,00,1610612744,GSW,25.0,78,78,38.2,8.0,17.8,0.451,3.5,7.7,0.453,3.4,3.7,0.9,0.8,3.3,4.0,6.9,1.6,0.2,3.1,2.5,22.9,regular
201939,2013-14,00,1610612744,GSW,26.0,78,78,36.5,8.4,17.7,0.471,3.3,7.9,0.424,3.9,4.5,0.885,0.6,3.7,4.3,8.5,1.6,0.2,3.8,2.5,24.0,regular
201939,2014-15,00,1610612744,GSW,27.0,80,80,32.7,8.2,16.8,0.487,3.6,8.1,0.443,3.9,4.2,0.914,0.7,3.6,4.3,7.7,2.0,0.2,3.1,2.0,23.8,regular
201939,2015-16,00,1610612744,GSW,28.0,79,79,34.2,10.2,20.2,0.504,5.1,11.2,0.454,4.6,5.1,0.908,0.9,4.6,5.4,6.7,2.1,0.2,3.3,2.0,30.1,regular
201939,2016-17,00,1610612744,GSW,29.0,79,79,33.4,8.5,18.3,0.468,4.1,10.0,0.411,4.1,4.6,0.898,0.8,3.7,4.5,6.6,1.8,0.2,3.0,2.3,25.3,regular
201939,2017-18,00,1610612744,GSW,30.0,51,51,32.0,8.4,16.9,0.495,4.2,9.8,0.423,5.5,5.9,0.921,0.7,4.4,5.1,6.1,1.6,0.2,3.0,2.2,26.4,regular
201939,2018-19,00,1610612744,GSW,31.0,69,69,33.8,9.2,19.4,0.472,5.1,11.7,0.437,3.8,4.2,0.916,0.7,4.7,5.3,5.2,1.3,0.4,2.8,2.4,27.3,regular
201939,2019-20,00,1610612744,GSW,32.0,5,5,27.8,6.6,16.4,0.402,2.4,9.8,0.245,5.2,5.2,1.0,0.8,4.4,5.2,6.6,1.0,0.4,3.2,2.2,20.8,regular
201939,2020-21,00,1610612744,GSW,33.0,63,63,34.2,10.4,21.7,0.482,5.3,12.7,0.421,5.7,6.3,0.916,0.5,5.0,5.5,5.8,1.2,0.1,3.4,1.9,32.0,regular
201939,2021-22,00,1610612744,GSW,34.0,64,64,34.5,8.4,19.1,0.437,4.5,11.7,0.38,4.3,4.7,0.923,0.5,4.7,5.2,6.3,1.3,0.4,3.2,2.0,25.5,regular
201939,2022-23,00,1610612744,GSW,35.0,56,56,34.7,10.0,20.2,0.493,4.9,11.4,0.427,4.6,5.0,0.915,0.7,5.4,6.1,6.3,0.9,0.4,3.2,2.1,29.4,regular
201939,2023-24,00,1610612744,GSW,36.0,74,74,32.7,8.8,19.5,0.45,4.8,11.8,0.408,4.0,4.4,0.923,0.5,4.0,4.5,5.1,0.7,0.4,2.8,1.6,26.4,regular
201939,2024-25,00,1610612744,GSW,37.0,70,70,32.2,8.1,18.0,0.448,4.4,11.2,0.397,4.0,4.3,0.933,0.6,3.9,4.4,6.0,1.1,0.4,2.9,1.4,24.5,regular
201939,2025-26,00,1610612744,GSW,38.0,43,41,30.9,8.7,18.6,0.468,4.4,11.3,0.393,4.7,5.1,0.923,0.4,3.2,3.6,4.7,1.1,0.4,2.8,1.7,26.6,regular
201939,2012-13,00,1610612744,GSW,25.0,12,12,41.4,8.5,19.6,0.434,3.5,8.8,0.396,2.9,3.2,0.921,0.4,3.4,3.8,8.1,1.7,0.2,3.3,2.9,23.4,playoffs
201939,2013-14,00,1610612744,GSW,26.0,7,7,42.3,7.3,16.6,0.44,3.1,8.1,0.386,5.3,6.0,0.881,0.6,3.0,3.6,8.4,1.7,0.1,3.7,2.6,23.0,playoffs
201939,2014-15,00,1610612744,GSW,27.0,21,21,39.3,9.5,20.9,0.456,4.7,11.0,0.422,4.6,5.5,0.835,1.0,4.0,5.0,6.4,1.9,0.1,3.9,2.2,28.3,playoffs
201939,2015-16,00,1610612744,GSW,28.0,18,17,34.1,8.2,18.8,0.438,4.4,11.0,0.404,4.2,4.6,0.916,0.8,4.7,5.5,5.2,1.4,0.3,4.2,2.2,25.1,playoffs
201939,2016-17,00,1610612744,GSW,29.0,17,17,35.4,8.9,18.4,0.484,4.2,10.1,0.419,6.1,6.7,0.904,1.3,4.9,6.2,6.7,2.0,0.2,3.4,2.2,28.1,playoffs
201939,2017-18,00,1610612744,GSW,30.0,15,14,37.0,9.1,20.3,0.451,4.3,10.8,0.395,3.0,3.1,0.957,0.6,5.5,6.1,5.4,1.7,0.7,2.9,2.5,25.5,playoffs
201939,2018-19,00,1610612744,GSW,31.0,22,22,38.5,8.6,19.6,0.441,4.2,11.1,0.377,6.7,7.1,0.943,0.8,5.2,6.0,5.7,1.1,0.2,3.0,3.1,28.2,playoffs
201939,2021-22,00,1610612744,GSW,34.0,22,18,34.7,9.2,20.0,0.459,4.1,10.4,0.397,4.9,5.9,0.829,0.5,4.7,5.2,5.9,1.3,0.4,2.6,2.7,27.4,playoffs
201939,2022-23,00,1610612744,GSW,35.0,13,13,37.9,11.2,23.9,0.466,4.4,12.1,0.363,3.8,4.5,0.845,0.7,4.5,5.2,6.1,1.0,0.5,3.2,2.6,30.5,playoffs
201939,2024-25,00,1610612744,GSW,37.0,8,8,35.1,7.8,16.3,0.477,4.0,10.0,0.4,3.1,3.5,0.893,0.3,5.0,5.3,5.1,1.0,0.8,3.4,1.6,22.6,playoffs
1642359,2024-25,00,1610612752,NYK,19.0,18,0,6.2,0.6,1.7,0.323,0.3,1.1,0.316,0.2,0.3,0.667,0.2,0.8,1.0,0.3,0.2,0.1,0.2,0.4,1.7,regular
1642359,2025-26,00,1610612752,NYK,20.0,29,0,4.7,0.6,1.7,0.333,0.2,1.1,0.219,0.3,0.4,0.818,0.1,0.8,0.9,0.4,0.1,0.0,0.1,0.3,1.7,regular
1642359,2024-25,00,1610612752,NYK,19.0,2,0,2.0,0.5,0.5,1.0,0.0,0.0,0.0,0.0,0.0,0.0,0.0,0.0,0.0,0.0,0.0,0.0,0.0,0.0,1.0,playoffs
1642359,2025-26,00,1610612752,NYK,20.0,7,0,5.7,1.1,2.3,0.5,0.4,1.1,0.375,0.1,0.3,0.5,0.3,0.7,1.0,0.4,0.3,0.0,0.3,0.1,2.9,playoffs
1630700,2022-23,00,1610612740,NOP,20.0,59,11,17.7,1.5,3.5,0.418,0.5,1.5,0.314,0.4,0.7,0.65,0.6,2.6,3.2,2.3,0.7,0.2,1.0,1.7,3.8,regular
1630700,2023-24,00,1610612740,NOP,21.0,61,16,22.3,2.3,5.1,0.447,0.7,2.2,0.311,0.6,0.9,0.642,1.0,2.9,3.9,2.7,1.4,0.4,1.0,1.7,5.8,regular
1630700,2024-25,00,1610612737,ATL,22.0,76,76,33.8,6.0,12.1,0.493,1.1,3.1,0.34,1.1,1.8,0.593,1.6,4.3,5.9,4.4,3.0,0.7,2.0,2.3,14.1,regular
1630700,2025-26,00,1610612737,ATL,23.0,76,76,33.2,5.3,10.2,0.517,0.3,1.5,0.188,1.0,1.6,0.615,2.4,4.4,6.8,5.9,2.0,0.4,1.8,2.2,11.9,regular
1630700,2023-24,00,1610612740,NOP,21.0,3,0,5.7,0.7,2.0,0.333,0.0,0.7,0.0,0.0,0.0,0.0,0.0,0.7,0.7,0.0,0.7,0.0,0.3,0.0,1.3,playoffs
1630700,2025-26,00,1610612737,ATL,23.0,6,6,27.7,3.0,6.8,0.439,0.7,2.3,0.286,0.7,1.0,0.667,1.5,4.7,6.2,5.0,1.8,0.3,1.8,2.0,7.3,playoffs
1642368,2024-25,00,1610612745,HOU,23.0,4,0,12.8,2.5,3.3,0.769,0.0,0.0,0.0,1.0,1.3,0.8,1.5,3.8,5.3,0.5,0.3,1.3,0.5,2.3,6.0,regular
1642368,2025-26,00,1610612737,ATL,24.0,4,0,3.8,0.3,1.0,0.25,0.0,0.0,0.0,0.3,0.3,1.0,0.8,1.0,1.8,0.0,0.5,0.0,0.3,0.3,0.8,regular
203076,2012-13,00,1610612740,NOH,20.0,64,60,28.8,5.5,10.6,0.516,0.0,0.1,0.0,2.6,3.5,0.751,2.6,5.6,8.2,1.0,1.2,1.8,1.4,2.5,13.5,regular
203076,2013-14,00,1610612740,NOP,21.0,67,66,35.2,7.8,15.0,0.519,0.0,0.1,0.222,5.2,6.6,0.791,3.1,7.0,10.0,1.6,1.3,2.8,1.6,3.0,20.8,regular
203076,2014-15,00,1610612740,NOP,22.0,68,68,36.1,9.4,17.6,0.535,0.0,0.2,0.083,5.5,6.8,0.805,2.5,7.7,10.2,2.2,1.5,2.9,1.4,2.1,24.4,regular
203076,2015-16,00,1610612740,NOP,23.0,61,61,35.5,9.2,18.6,0.493,0.6,1.8,0.324,5.3,7.0,0.758,2.1,8.1,10.3,1.9,1.3,2.0,2.0,2.4,24.3,regular
203076,2016-17,00,1610612740,NOP,24.0,75,75,36.1,10.3,20.3,0.505,0.5,1.8,0.299,6.9,8.6,0.802,2.3,9.5,11.8,2.1,1.3,2.2,2.4,2.2,28.0,regular
203076,2017-18,00,1610612740,NOP,25.0,75,75,36.4,10.4,19.5,0.534,0.7,2.2,0.34,6.6,8.0,0.828,2.5,8.6,11.1,2.3,1.5,2.6,2.2,2.1,28.1,regular
203076,2018-19,00,1610612740,NOP,26.0,56,56,33.0,9.5,18.3,0.517,0.9,2.6,0.331,6.1,7.7,0.794,3.1,8.9,12.0,3.9,1.6,2.4,2.0,2.4,25.9,regular
203076,2019-20,00,1610612747,LAL,27.0,62,62,34.4,8.9,17.7,0.503,1.2,3.5,0.33,7.2,8.5,0.846,2.3,7.0,9.3,3.2,1.5,2.3,2.5,2.5,26.1,regular
203076,2020-21,00,1610612747,LAL,28.0,36,36,32.3,8.4,17.0,0.491,0.7,2.8,0.26,4.4,5.9,0.738,1.7,6.2,7.9,3.1,1.3,1.6,2.1,1.7,21.8,regular
203076,2021-22,00,1610612747,LAL,29.0,40,40,35.1,9.3,17.4,0.532,0.3,1.8,0.186,4.4,6.1,0.713,2.7,7.2,9.9,3.1,1.2,2.3,2.1,2.4,23.2,regular
203076,2022-23,00,1610612747,LAL,30.0,56,54,34.0,9.7,17.2,0.563,0.3,1.3,0.257,6.2,7.9,0.784,3.5,9.1,12.5,2.6,1.1,2.0,2.2,2.6,25.9,regular
203076,2023-24,00,1610612747,LAL,31.0,76,76,35.5,9.4,16.9,0.556,0.4,1.4,0.271,5.5,6.8,0.816,3.1,9.5,12.6,3.5,1.2,2.3,2.1,2.3,24.7,regular
203076,2024-25,00,1610612747,LAL,32.0,42,42,34.3,9.5,18.0,0.528,0.7,2.2,0.298,6.0,7.6,0.788,2.8,9.0,11.9,3.4,1.3,2.1,2.2,2.0,25.7,regular
203076,2024-25,00,1610612742,DAL,32.0,9,9,29.6,7.8,16.9,0.461,0.8,3.3,0.233,3.7,5.3,0.688,1.7,8.4,10.1,4.4,0.6,2.2,2.2,1.8,20.0,regular
203076,2024-25,00,0,TOT,32.0,51,51,33.4,9.2,17.8,0.516,0.7,2.4,0.282,5.6,7.2,0.775,2.6,8.9,11.6,3.5,1.2,2.2,2.2,1.9,24.7,regular
203076,2025-26,00,1610612742,DAL,33.0,20,20,31.3,8.5,16.7,0.506,0.5,1.9,0.27,3.0,4.1,0.728,3.1,8.0,11.1,2.8,1.1,1.7,2.1,2.1,20.4,regular
203076,2014-15,00,1610612740,NOP,22.0,4,4,43.0,11.8,21.8,0.54,0.0,0.5,0.0,8.0,9.0,0.889,2.3,8.8,11.0,2.0,1.3,3.0,3.3,3.0,31.5,playoffs
203076,2017-18,00,1610612740,NOP,25.0,9,9,39.8,11.8,22.7,0.52,0.7,2.4,0.273,5.9,7.1,0.828,2.7,10.8,13.4,1.7,2.0,2.3,2.6,3.3,30.1,playoffs
203076,2019-20,00,1610612747,LAL,27.0,21,21,36.6,9.8,17.1,0.571,1.1,2.9,0.383,7.1,8.5,0.832,2.6,7.1,9.7,3.5,1.2,1.4,2.5,2.7,27.7,playoffs
203076,2020-21,00,1610612747,LAL,28.0,5,5,28.8,5.0,12.4,0.403,0.4,2.2,0.182,7.0,8.4,0.833,1.4,5.2,6.6,2.6,0.6,1.6,1.2,1.8,17.4,playoffs
203076,2022-23,00,1610612747,LAL,30.0,16,16,38.0,8.3,15.9,0.52,0.3,0.9,0.333,5.8,6.8,0.852,2.4,11.7,14.1,2.6,1.4,3.1,2.1,2.9,22.6,playoffs
203076,2023-24,00,1610612747,LAL,31.0,5,5,41.6,11.8,18.6,0.634,0.0,1.0,0.0,4.2,5.2,0.808,3.0,12.6,15.6,4.0,0.4,1.6,2.2,3.8,27.8,playoffs
1631120,2022-23,00,1610612738,BOS,20.0,12,0,5.5,0.7,1.6,0.421,0.2,0.6,0.286,0.1,0.2,0.5,0.2,0.6,0.8,0.9,0.2,0.2,0.3,0.4,1.6,regular
1631120,2023-24,00,1610612738,BOS,21.0,8,0,4.9,0.6,1.5,0.417,0.4,0.9,0.429,0.4,0.5,0.75,0.3,1.0,1.3,1.3,0.1,0.1,0.3,0.5,2.0,regular
1631120,2024-25,00,1610612738,BOS,22.0,16,0,5.8,0.8,2.1,0.353,0.3,1.1,0.222,0.3,0.4,0.714,0.1,0.7,0.8,0.8,0.3,0.1,0.8,0.1,2.1,regular
1631120,2025-26,00,1610612745,HOU,23.0,28,0,7.8,0.9,2.3,0.375,0.3,1.1,0.25,0.5,0.7,0.684,0.1,1.1,1.2,1.3,0.2,0.2,0.3,0.6,2.5,regular
1631120,2024-25,00,1610612738,BOS,22.0,4,0,3.3,0.3,2.0,0.125,0.3,0.5,0.5,0.3,0.5,0.5,0.3,0.5,0.8,0.8,0.0,0.0,0.3,0.0,1.0,playoffs
1631120,2025-26,00,1610612745,HOU,23.0,2,0,2.5,0.0,0.0,0.0,0.0,0.0,0.0,1.0,1.0,1.0,0.0,1.0,1.0,0.0,0.0,0.0,1.0,0.0,1.0,playoffs
201942,2009-10,00,1610612761,TOR,20.0,77,65,21.6,3.3,6.6,0.498,0.1,0.2,0.25,1.9,2.5,0.763,0.9,2.0,2.9,0.7,0.6,0.2,0.8,2.3,8.6,regular
201942,2010-11,00,1610612761,TOR,21.0,82,82,34.8,6.6,14.1,0.467,0.1,0.6,0.096,4.0,4.9,0.813,0.9,2.9,3.8,1.8,1.0,0.4,1.8,2.6,17.2,regular
201942,2011-12,00,1610612761,TOR,22.0,63,63,35.0,6.0,14.3,0.422,0.4,1.5,0.261,4.3,5.3,0.81,0.6,2.7,3.3,2.0,0.8,0.3,2.0,2.6,16.7,regular
201942,2012-13,00,1610612761,TOR,23.0,82,82,36.7,6.7,15.0,0.445,0.4,1.5,0.283,4.3,5.2,0.831,0.6,3.3,3.9,2.5,0.9,0.3,1.8,2.1,18.1,regular
201942,2013-14,00,1610612761,TOR,24.0,79,79,38.2,7.6,17.8,0.429,0.8,2.7,0.305,6.6,8.0,0.824,0.6,3.7,4.3,4.0,1.1,0.4,2.2,2.5,22.7,regular
201942,2014-15,00,1610612761,TOR,25.0,60,60,35.0,6.8,16.5,0.413,0.4,1.5,0.284,6.0,7.2,0.832,0.7,3.9,4.6,3.5,1.2,0.2,2.3,2.0,20.1,regular
201942,2015-16,00,1610612761,TOR,26.0,78,78,35.9,7.9,17.7,0.446,0.6,1.8,0.338,7.1,8.4,0.85,0.8,3.7,4.5,4.0,1.0,0.3,2.2,2.1,23.5,regular
201942,2016-17,00,1610612761,TOR,27.0,74,74,35.4,9.7,20.9,0.467,0.4,1.7,0.266,7.4,8.7,0.842,0.9,4.3,5.2,3.9,1.1,0.2,2.4,1.8,27.3,regular
201942,2017-18,00,1610612761,TOR,28.0,80,80,33.9,8.1,17.7,0.456,1.1,3.6,0.31,5.8,7.0,0.825,0.7,3.2,3.9,5.2,1.1,0.3,2.2,1.9,23.0,regular
201942,2018-19,00,1610612759,SAS,29.0,77,77,34.9,8.2,17.1,0.481,0.1,0.6,0.156,4.8,5.7,0.83,0.7,5.3,6.0,6.2,1.1,0.5,2.6,2.3,21.2,regular
201942,2019-20,00,1610612759,SAS,30.0,68,68,34.1,8.2,15.4,0.531,0.1,0.5,0.257,5.6,6.6,0.845,0.6,4.9,5.5,5.6,1.0,0.3,2.4,2.6,22.1,regular
201942,2020-21,00,1610612759,SAS,31.0,61,61,33.7,7.5,15.1,0.495,0.3,1.2,0.257,6.3,7.2,0.88,0.7,3.6,4.2,6.9,0.9,0.2,2.0,2.1,21.6,regular
201942,2021-22,00,1610612741,CHI,32.0,76,76,36.1,10.2,20.2,0.504,0.7,1.9,0.352,6.8,7.8,0.877,0.7,4.4,5.2,4.9,0.9,0.3,2.4,2.3,27.9,regular
201942,2022-23,00,1610612741,CHI,33.0,74,74,36.2,8.9,17.6,0.504,0.6,1.9,0.324,6.2,7.1,0.872,0.5,4.2,4.6,5.1,1.1,0.5,2.1,2.5,24.5,regular
201942,2023-24,00,1610612741,CHI,34.0,79,79,37.8,8.2,17.2,0.48,0.9,2.8,0.333,6.6,7.7,0.853,0.5,3.8,4.3,5.3,1.1,0.6,1.7,2.0,24.0,regular
201942,2024-25,00,1610612758,SAC,35.0,77,77,35.9,8.1,17.0,0.477,1.1,3.3,0.328,4.9,5.7,0.857,0.6,3.2,3.9,4.4,0.8,0.4,1.4,1.9,22.2,regular
201942,2025-26,00,1610612758,SAC,36.0,77,77,31.2,6.5,13.1,0.497,0.6,1.9,0.32,4.9,5.6,0.868,0.5,2.5,2.9,4.1,1.0,0.3,1.2,1.9,18.4,regular
201942,2013-14,00,1610612761,TOR,24.0,7,7,40.3,6.4,16.7,0.385,0.9,2.6,0.333,10.1,11.3,0.899,0.4,3.7,4.1,3.6,1.1,0.3,2.6,3.3,23.9,playoffs
201942,2014-15,00,1610612761,TOR,25.0,4,4,39.8,8.0,20.0,0.4,0.8,2.0,0.375,3.5,4.3,0.824,1.3,5.0,6.3,5.8,1.5,0.0,2.5,3.0,20.3,playoffs
201942,2015-16,00,1610612761,TOR,26.0,20,20,37.3,7.9,19.9,0.394,0.2,1.3,0.154,5.0,6.2,0.813,0.7,3.5,4.2,2.7,1.1,0.2,2.3,2.6,20.9,playoffs
201942,2016-17,00,1610612761,TOR,27.0,10,10,37.3,7.6,17.5,0.434,0.1,1.5,0.067,7.1,8.0,0.888,0.4,4.5,4.9,3.4,1.4,0.0,2.5,2.6,22.4,playoffs
201942,2017-18,00,1610612761,TOR,28.0,10,10,35.4,8.7,19.9,0.437,1.0,3.5,0.286,4.3,5.3,0.811,0.6,3.0,3.6,4.0,0.5,0.6,2.3,2.4,22.7,playoffs
201942,2018-19,00,1610612759,SAS,29.0,7,7,35.9,8.3,17.0,0.487,0.0,0.1,0.0,5.4,6.3,0.864,1.4,5.3,6.7,4.6,1.1,0.1,1.7,2.3,22.0,playoffs
201942,2021-22,00,1610612741,CHI,32.0,5,5,40.6,7.8,19.0,0.411,0.0,1.8,0.0,5.2,6.0,0.867,0.2,5.2,5.4,4.8,1.8,0.4,2.2,2.4,20.8,playoffs
1642484,2024-25,00,1610612754,IND,24.0,11,0,6.4,1.0,3.0,0.333,0.5,1.9,0.286,0.2,0.2,1.0,0.2,0.9,1.1,1.3,0.6,0.2,0.5,0.6,2.7,regular
1642484,2025-26,00,1610612754,IND,25.0,13,0,12.9,1.7,5.5,0.306,0.9,2.9,0.316,0.6,0.7,0.889,0.6,1.0,1.6,2.0,0.2,0.3,1.1,1.2,4.9,regular
1642484,2025-26,00,1610612746,LAC,25.0,1,0,4.0,0.0,0.0,0.0,0.0,0.0,0.0,0.0,0.0,0.0,0.0,2.0,2.0,0.0,0.0,0.0,1.0,0.0,0.0,regular
1642484,2025-26,00,1610612737,ATL,25.0,3,0,11.3,1.3,3.7,0.364,0.7,2.3,0.286,0.0,0.0,0.0,0.0,1.0,1.0,2.3,0.3,0.0,0.7,1.7,3.3,regular
1642484,2025-26,00,0,TOT,25.0,17,0,12.1,1.5,4.9,0.313,0.8,2.6,0.311,0.5,0.5,0.889,0.5,1.1,1.5,1.9,0.2,0.2,1.0,1.2,4.4,regular
1628978,2018-19,00,1610612749,MIL,22.0,27,0,15.2,1.9,4.6,0.403,0.8,3.1,0.265,0.3,0.4,0.75,0.6,1.8,2.4,1.1,0.5,0.2,0.7,1.4,4.9,regular
1628978,2019-20,00,1610612749,MIL,23.0,66,24,23.0,3.5,7.7,0.455,1.3,3.7,0.336,1.0,1.3,0.733,1.0,3.8,4.8,2.3,1.3,0.3,1.4,1.7,9.2,regular
1628978,2020-21,00,1610612749,MIL,24.0,66,66,27.5,3.8,9.1,0.42,2.0,5.2,0.379,0.8,1.1,0.718,1.2,4.5,5.8,3.1,1.1,0.2,1.4,1.7,10.4,regular
1628978,2021-22,00,1610612749,MIL,25.0,17,0,20.1,2.3,6.9,0.331,1.2,4.4,0.284,1.4,1.6,0.852,1.1,2.5,3.5,1.7,0.6,0.2,1.6,1.5,7.2,regular
1628978,2021-22,00,1610612758,SAC,25.0,25,1,26.6,3.2,8.7,0.362,2.1,5.8,0.368,1.9,2.2,0.839,0.9,3.5,4.4,3.6,1.5,0.2,1.8,1.7,10.3,regular
1628978,2021-22,00,0,TOT,25.0,42,1,23.9,2.8,8.0,0.351,1.8,5.2,0.339,1.7,2.0,0.843,1.0,3.1,4.0,2.8,1.1,0.2,1.7,1.6,9.0,regular
1628978,2022-23,00,1610612744,GSW,26.0,72,36,26.3,3.3,7.5,0.435,2.1,5.3,0.397,0.8,1.0,0.817,1.1,3.4,4.5,3.5,1.3,0.1,1.6,1.8,9.4,regular
1628978,2023-24,00,1610612752,NYK,27.0,81,63,29.1,5.5,12.4,0.443,3.5,8.7,0.401,1.1,1.4,0.754,0.8,2.9,3.7,2.7,1.3,0.4,1.4,2.0,15.5,regular
1628978,2024-25,00,1610612750,MIN,28.0,62,10,25.9,4.0,9.6,0.422,2.8,7.1,0.397,0.8,1.0,0.778,0.5,3.2,3.7,3.6,1.2,0.3,1.6,1.8,11.7,regular
1628978,2025-26,00,1610612750,MIN,29.0,82,82,30.4,4.1,10.2,0.406,3.0,7.9,0.379,1.0,1.3,0.743,0.8,3.3,4.1,3.8,1.3,0.4,1.4,2.4,12.2,regular
1628978,2019-20,00,1610612749,MIL,23.0,10,1,16.5,2.3,5.1,0.451,0.7,2.1,0.333,1.3,2.0,0.65,0.8,2.4,3.2,1.2,0.7,0.3,1.0,2.1,6.6,playoffs
1628978,2020-21,00,1610612749,MIL,24.0,3,3,23.3,1.0,5.3,0.188,0.7,4.0,0.167,0.0,0.0,0.0,0.7,5.7,6.3,2.7,1.0,0.3,2.0,1.3,2.7,playoffs
1628978,2022-23,00,1610612744,GSW,26.0,13,1,18.1,1.8,4.9,0.375,1.2,3.4,0.341,0.6,0.9,0.667,0.8,2.2,3.0,2.8,0.8,0.2,1.3,1.5,5.5,playoffs
1628978,2023-24,00,1610612752,NYK,27.0,13,13,35.8,6.2,14.7,0.419,3.5,8.2,0.425,2.0,2.3,0.867,1.0,3.0,4.0,2.6,1.2,0.9,1.2,2.2,17.8,playoffs
1628978,2024-25,00,1610612750,MIN,28.0,15,0,25.1,3.1,8.4,0.365,1.9,5.9,0.318,0.7,0.9,0.769,0.8,2.3,3.1,3.3,1.4,0.3,1.9,3.0,8.7,playoffs
1628978,2025-26,00,1610612750,MIN,29.0,4,4,24.0,4.0,8.0,0.5,2.8,5.8,0.478,0.0,0.5,0.0,0.0,3.8,3.8,4.0,1.8,0.0,1.0,2.5,10.8,playoffs
1631217,2022-23,00,1610612746,LAC,21.0,22,1,8.9,1.1,2.1,0.511,0.0,0.1,0.5,0.5,0.7,0.625,1.4,0.9,2.3,0.2,0.3,0.4,0.4,0.7,2.7,regular
1631217,2023-24,00,1610612746,LAC,22.0,11,0,5.8,0.9,1.7,0.526,0.0,0.0,0.0,0.8,1.3,0.643,1.4,0.8,2.2,0.4,0.5,0.1,0.2,0.4,2.6,regular
1631217,2024-25,00,1610612766,CHA,23.0,71,8,17.5,2.4,3.9,0.596,0.0,0.1,0.0,1.0,1.6,0.595,2.6,3.5,6.2,0.8,0.6,0.6,0.9,1.5,5.7,regular
1631217,2025-26,00,1610612766,CHA,24.0,73,47,26.0,3.1,5.0,0.631,0.0,0.0,0.5,1.6,2.4,0.659,3.7,5.0,8.7,1.9,0.8,1.0,1.0,2.4,7.9,regular
1642885,2025-26,00,1610612752,NYK,21.0,69,7,9.2,1.3,3.1,0.423,0.7,1.9,0.369,0.3,0.3,0.75,0.2,1.1,1.4,0.8,0.2,0.1,0.4,0.7,3.6,regular
1642885,2025-26,00,1610612752,NYK,21.0,6,0,7.2,0.5,2.2,0.231,0.2,1.0,0.167,0.0,0.0,0.0,0.2,1.3,1.5,1.0,0.2,0.0,0.5,0.5,1.2,playoffs
1641711,2023-24,00,1610612761,TOR,20.0,60,17,21.1,3.2,7.4,0.425,1.5,4.0,0.365,0.7,0.9,0.863,0.5,1.8,2.2,1.1,0.6,0.0,0.8,1.5,8.5,regular
1641711,2024-25,00,1610612761,TOR,21.0,54,54,29.4,4.9,12.0,0.41,2.1,6.0,0.35,2.5,2.9,0.858,0.8,2.8,3.6,1.8,0.9,0.2,1.5,2.2,14.4,regular
1641711,2025-26,00,1610612761,TOR,22.0,76,1,14.0,2.1,5.1,0.419,0.7,2.4,0.301,1.0,1.2,0.875,0.6,1.4,1.9,0.7,0.6,0.1,0.6,1.3,6.0,regular
1641711,2025-26,00,1610612761,TOR,22.0,3,0,1.3,0.0,0.0,0.0,0.0,0.0,0.0,0.0,0.0,0.0,0.0,0.3,0.3,0.0,0.0,0.0,0.0,0.0,0.0,playoffs
1630621,2025-26,00,1610612740,NOP,25.0,5,0,8.4,1.0,2.8,0.357,0.0,0.8,0.0,0.4,0.4,1.0,0.4,0.6,1.0,0.4,0.2,0.4,0.6,1.2,2.4,regular
1631172,2022-23,00,1610612760,OKC,20.0,39,1,14.6,1.9,4.6,0.42,0.7,2.5,0.265,0.4,0.6,0.652,0.5,2.2,2.7,1.2,0.4,0.2,0.7,1.1,4.9,regular
1631172,2023-24,00,1610612760,OKC,21.0,33,0,11.1,1.5,3.5,0.422,0.6,2.1,0.3,0.4,0.5,0.875,0.3,1.2,1.5,1.1,0.2,0.2,0.6,0.7,4.0,regular
1631172,2024-25,00,1610612760,OKC,22.0,37,1,10.9,1.5,3.4,0.432,0.6,1.9,0.324,0.3,0.4,0.688,0.5,1.7,2.2,0.8,0.5,0.2,0.5,0.9,3.8,regular
1631172,2025-26,00,1610612760,OKC,22.0,27,0,10.9,1.4,3.4,0.418,0.7,1.8,0.367,0.2,0.2,1.0,0.3,1.3,1.6,1.0,0.1,0.3,0.3,0.8,3.7,regular
1631172,2025-26,00,1610612749,MIL,22.0,30,20,26.8,4.3,10.2,0.423,1.5,4.5,0.331,0.9,1.3,0.667,0.7,3.9,4.6,3.6,0.8,0.3,2.2,1.9,11.0,regular
1631172,2025-26,00,0,TOT,22.0,57,20,19.3,2.9,7.0,0.422,1.1,3.2,0.341,0.6,0.8,0.711,0.5,2.6,3.2,2.4,0.4,0.3,1.3,1.4,7.6,regular
1631172,2023-24,00,1610612760,OKC,21.0,4,0,1.8,0.3,0.5,0.5,0.0,0.3,0.0,0.0,0.0,0.0,0.0,0.0,0.0,0.0,0.0,0.0,0.0,0.0,0.5,playoffs
1631172,2024-25,00,1610612760,OKC,22.0,9,0,3.6,0.4,1.1,0.4,0.4,0.8,0.571,0.2,0.2,1.0,0.0,0.4,0.4,0.3,0.0,0.1,0.0,0.0,1.6,playoffs
1642265,2024-25,00,1610612750,MIN,20.0,49,1,10.5,1.9,4.3,0.441,0.5,1.5,0.338,0.2,0.3,0.533,0.2,0.8,1.0,2.0,0.4,0.0,1.1,0.8,4.5,regular
1642265,2025-26,00,1610612750,MIN,21.0,35,0,9.3,1.3,4.0,0.333,0.3,0.9,0.364,0.4,0.6,0.75,0.1,1.0,1.2,1.7,0.5,0.1,1.0,1.0,3.5,regular
1642265,2025-26,00,1610612741,CHI,21.0,30,0,21.5,3.9,9.0,0.428,1.0,3.3,0.3,0.9,1.2,0.743,0.5,2.5,3.0,2.8,0.9,0.1,2.1,2.6,9.6,regular
1642265,2025-26,00,0,TOT,21.0,65,0,14.9,2.5,6.3,0.396,0.6,2.0,0.316,0.6,0.8,0.745,0.3,1.7,2.0,2.2,0.7,0.1,1.5,1.8,6.3,regular
1642265,2024-25,00,1610612750,MIN,20.0,3,0,5.3,1.0,2.7,0.375,0.3,0.7,0.5,0.3,0.7,0.5,0.0,0.7,0.7,2.3,0.0,0.0,0.0,0.3,2.7,playoffs
1629029,2018-19,00,1610612742,DAL,20.0,72,72,32.2,7.0,16.5,0.427,2.3,7.1,0.327,4.8,6.7,0.713,1.2,6.6,7.8,6.0,1.1,0.3,3.4,1.9,21.2,regular
1629029,2019-20,00,1610612742,DAL,21.0,61,61,33.6,9.5,20.6,0.463,2.8,8.9,0.316,7.0,9.2,0.758,1.3,8.1,9.4,8.8,1.0,0.2,4.3,2.5,28.8,regular
1629029,2020-21,00,1610612742,DAL,22.0,66,66,34.3,9.8,20.5,0.479,2.9,8.3,0.35,5.2,7.1,0.73,0.8,7.2,8.0,8.6,1.0,0.5,4.3,2.3,27.7,regular
1629029,2021-22,00,1610612742,DAL,23.0,65,65,35.4,9.9,21.6,0.457,3.1,8.8,0.353,5.6,7.5,0.744,0.9,8.3,9.1,8.7,1.2,0.6,4.5,2.2,28.4,regular
1629029,2022-23,00,1610612742,DAL,24.0,66,66,36.2,10.9,22.0,0.496,2.8,8.2,0.342,7.8,10.5,0.742,0.8,7.8,8.6,8.0,1.4,0.5,3.6,2.5,32.4,regular
1629029,2023-24,00,1610612742,DAL,25.0,70,70,37.5,11.5,23.6,0.487,4.1,10.6,0.382,6.8,8.7,0.786,0.8,8.4,9.2,9.8,1.4,0.5,4.0,2.1,33.9,regular
1629029,2024-25,00,1610612742,DAL,26.0,22,22,35.7,9.8,21.2,0.464,3.4,9.6,0.354,5.1,6.6,0.767,0.7,7.6,8.3,7.8,2.0,0.4,3.4,2.6,28.1,regular
1629029,2024-25,00,1610612747,LAL,26.0,28,28,35.1,8.8,20.0,0.438,3.6,9.6,0.379,7.0,8.9,0.791,0.9,7.2,8.1,7.5,1.6,0.4,3.7,2.4,28.2,regular
1629029,2024-25,00,0,TOT,26.0,50,50,35.4,9.2,20.5,0.45,3.5,9.6,0.368,6.2,7.9,0.782,0.8,7.4,8.2,7.7,1.8,0.4,3.6,2.5,28.2,regular
1629029,2025-26,00,1610612747,LAL,27.0,64,64,35.8,10.8,22.8,0.476,4.0,10.8,0.366,7.9,10.1,0.78,0.6,7.1,7.7,8.3,1.6,0.5,4.0,2.4,33.5,regular
1629029,2019-20,00,1610612742,DAL,21.0,6,6,35.8,10.7,21.3,0.5,2.7,7.3,0.364,7.0,10.7,0.656,0.7,9.2,9.8,8.7,1.2,0.5,5.2,2.8,31.0,playoffs
1629029,2020-21,00,1610612742,DAL,22.0,7,7,40.1,13.7,28.0,0.49,4.4,10.9,0.408,3.9,7.3,0.529,0.6,7.3,7.9,10.3,1.3,0.4,4.6,2.4,35.7,playoffs
1629029,2021-22,00,1610612742,DAL,23.0,15,15,36.8,10.7,23.5,0.455,3.4,9.9,0.345,6.9,9.0,0.77,0.7,9.1,9.8,6.4,1.8,0.6,3.9,2.9,31.7,playoffs
1629029,2023-24,00,1610612742,DAL,25.0,22,22,40.9,10.2,22.9,0.446,3.1,9.6,0.322,5.3,7.0,0.765,0.7,8.7,9.5,8.1,1.9,0.4,4.1,2.5,28.9,playoffs
1629029,2024-25,00,1610612747,LAL,26.0,5,5,41.6,9.4,20.8,0.452,3.2,9.2,0.348,8.2,9.2,0.891,0.4,6.6,7.0,5.8,1.0,0.6,4.0,3.2,30.2,playoffs
1629652,2019-20,00,1610612760,OKC,21.0,36,28,22.8,2.4,6.1,0.394,0.8,2.8,0.297,1.2,1.5,0.792,0.7,1.6,2.3,0.8,0.9,0.1,0.6,2.7,6.8,regular
1629652,2020-21,00,1610612760,OKC,22.0,52,52,29.7,4.8,12.3,0.387,2.2,6.3,0.343,2.3,3.2,0.744,0.7,2.9,3.6,1.7,0.9,0.4,1.5,2.6,14.0,regular
1629652,2021-22,00,1610612760,OKC,23.0,51,51,32.6,5.7,14.2,0.404,2.5,7.7,0.332,3.2,3.7,0.843,0.7,3.4,4.2,1.7,0.9,0.4,1.7,2.9,17.2,regular
1629652,2022-23,00,1610612760,OKC,24.0,74,73,30.7,4.6,11.8,0.388,1.8,5.5,0.33,2.7,3.5,0.772,1.7,2.9,4.6,2.1,1.0,0.3,1.2,3.3,13.7,regular
1629652,2023-24,00,1610612760,OKC,25.0,79,79,28.4,3.6,8.3,0.438,2.0,5.0,0.394,1.6,2.0,0.826,0.9,2.7,3.6,1.4,0.9,0.6,0.9,2.9,10.9,regular
1629652,2024-25,00,1610612760,OKC,26.0,71,71,29.2,3.6,8.4,0.435,2.4,5.8,0.412,0.5,0.6,0.717,1.3,2.9,4.1,1.6,1.1,0.5,0.7,2.9,10.1,regular
1629652,2025-26,00,1610612760,OKC,27.0,69,69,26.8,2.9,7.6,0.385,1.9,5.4,0.344,0.6,0.8,0.759,0.8,2.7,3.6,1.2,0.9,0.4,0.8,2.6,8.3,regular
1629652,2019-20,00,1610612760,OKC,21.0,6,6,29.2,4.5,12.7,0.355,2.2,8.3,0.26,1.3,2.5,0.533,0.8,2.8,3.7,1.0,0.3,1.0,2.5,4.2,12.5,playoffs
1629652,2023-24,00,1610612760,OKC,25.0,10,10,35.0,3.3,9.1,0.363,2.5,6.4,0.391,1.6,1.9,0.842,1.9,2.7,4.6,2.0,1.3,0.2,1.1,4.2,10.7,playoffs
1629652,2024-25,00,1610612760,OKC,26.0,23,23,29.0,2.6,7.1,0.366,2.1,6.1,0.343,0.6,1.0,0.636,1.4,2.5,3.9,0.9,1.3,0.4,0.9,3.3,7.9,playoffs
1629652,2025-26,00,1610612760,OKC,27.0,15,15,22.3,2.0,5.5,0.366,1.3,4.3,0.308,0.1,0.3,0.5,0.7,2.0,2.7,1.3,0.5,0.1,0.5,2.7,5.5,playoffs
1630245,2021-22,00,1610612741,CHI,22.0,77,40,27.4,3.6,6.9,0.52,0.9,2.4,0.376,0.7,1.0,0.679,0.4,2.4,2.8,3.3,0.8,0.4,1.4,2.4,8.8,regular
1630245,2022-23,00,1610612741,CHI,23.0,80,51,26.2,3.5,7.1,0.493,0.7,2.4,0.312,0.8,1.0,0.805,0.6,2.2,2.8,2.6,0.8,0.3,1.2,2.3,8.6,regular
1630245,2023-24,00,1610612741,CHI,24.0,76,37,29.1,4.7,9.5,0.501,1.6,3.9,0.403,1.1,1.4,0.81,0.7,2.1,2.8,3.2,0.9,0.5,1.4,2.2,12.2,regular
1630245,2024-25,00,1610612741,CHI,25.0,46,26,30.3,4.8,9.8,0.492,1.3,4.1,0.328,1.3,1.7,0.785,0.6,2.9,3.5,4.5,0.9,0.4,1.5,2.3,12.3,regular
1630245,2025-26,00,1610612741,CHI,26.0,45,10,26.4,5.6,10.8,0.514,1.9,4.3,0.451,2.0,2.3,0.857,0.7,2.3,3.0,3.6,0.8,0.3,1.4,1.7,15.0,regular
1630245,2025-26,00,1610612750,MIN,26.0,24,9,28.9,5.7,10.9,0.521,1.5,3.6,0.414,1.5,1.7,0.925,0.6,3.6,4.2,3.5,1.0,0.3,1.5,2.2,14.4,regular
1630245,2025-26,00,0,TOT,26.0,69,19,27.3,5.6,10.8,0.517,1.8,4.1,0.439,1.8,2.1,0.876,0.7,2.8,3.4,3.6,0.8,0.3,1.4,1.9,14.8,regular
1630245,2021-22,00,1610612741,CHI,22.0,5,1,17.2,1.6,5.2,0.308,0.6,2.6,0.231,0.2,0.2,1.0,0.8,1.8,2.6,2.2,0.2,0.0,0.6,1.0,4.0,playoffs
1630245,2025-26,00,1610612750,MIN,26.0,10,4,29.2,5.7,11.4,0.5,1.7,4.0,0.425,2.5,2.7,0.926,0.7,2.9,3.6,4.1,0.9,0.4,1.5,2.8,15.6,playoffs
203083,2012-13,00,1610612765,DET,19.0,60,10,20.7,3.5,5.7,0.608,0.0,0.0,0.5,1.0,2.7,0.371,2.8,4.8,7.6,0.5,1.0,1.6,1.0,2.4,7.9,regular
203083,2013-14,00,1610612765,DET,20.0,81,81,32.3,5.9,9.5,0.623,0.0,0.0,0.0,1.7,4.0,0.418,5.4,7.8,13.2,0.4,1.2,1.6,1.4,3.4,13.5,regular
203083,2014-15,00,1610612765,DET,21.0,82,82,30.5,6.0,11.7,0.514,0.0,0.0,0.0,1.7,4.5,0.389,5.3,8.1,13.5,0.7,0.9,1.9,1.5,3.5,13.8,regular
203083,2015-16,00,1610612765,DET,22.0,81,81,32.9,6.8,13.1,0.521,0.0,0.1,0.333,2.6,7.2,0.355,4.9,9.9,14.8,0.8,1.5,1.4,1.9,3.0,16.2,regular
203083,2016-17,00,1610612765,DET,23.0,81,81,29.7,6.0,11.2,0.53,0.0,0.1,0.286,1.7,4.4,0.386,4.3,9.5,13.8,1.1,1.5,1.1,1.9,2.9,13.6,regular
203083,2017-18,00,1610612765,DET,24.0,78,78,33.7,6.0,11.3,0.529,0.0,0.1,0.0,3.1,5.1,0.605,5.1,10.9,16.0,3.0,1.5,1.6,2.6,3.2,15.0,regular
203083,2018-19,00,1610612765,DET,25.0,79,79,33.5,7.1,13.3,0.533,0.1,0.5,0.132,3.1,5.2,0.59,5.4,10.2,15.6,1.4,1.7,1.7,2.2,3.4,17.3,regular
203083,2019-20,00,1610612765,DET,26.0,49,48,33.8,7.3,13.9,0.53,0.0,0.4,0.048,3.0,5.2,0.584,4.6,11.2,15.8,2.8,2.0,1.7,3.6,3.6,17.8,regular
203083,2019-20,00,1610612739,CLE,26.0,8,8,28.1,7.3,13.1,0.552,0.5,1.8,0.286,2.5,4.9,0.513,3.0,8.1,11.1,1.8,1.5,1.4,3.6,3.1,17.5,regular
203083,2019-20,00,0,TOT,26.0,57,56,32.9,7.3,13.8,0.533,0.1,0.6,0.143,3.0,5.2,0.575,4.4,10.8,15.2,2.7,1.9,1.6,3.6,3.5,17.7,regular
203083,2020-21,00,1610612739,CLE,27.0,25,25,28.9,7.2,15.2,0.474,0.0,0.3,0.0,3.1,5.2,0.597,4.0,9.4,13.5,2.6,1.6,1.2,3.2,2.8,17.5,regular
203083,2020-21,00,1610612747,LAL,27.0,21,21,24.8,4.9,9.1,0.531,0.0,0.0,0.0,2.2,3.6,0.605,3.1,7.1,10.2,1.4,1.1,1.0,2.0,3.8,11.9,regular
203083,2020-21,00,0,TOT,27.0,46,46,27.0,6.1,12.4,0.493,0.0,0.2,0.0,2.7,4.5,0.6,3.6,8.4,12.0,2.0,1.4,1.1,2.7,3.2,14.9,regular
203083,2021-22,00,1610612755,PHI,28.0,49,12,18.4,2.6,4.9,0.538,0.0,0.0,0.0,0.9,1.7,0.512,2.8,6.1,8.8,2.0,1.1,0.9,1.6,2.5,6.1,regular
203083,2021-22,00,1610612751,BKN,28.0,24,24,22.3,5.0,8.1,0.61,0.0,0.0,0.0,1.8,3.4,0.537,3.9,6.4,10.3,1.4,0.9,1.0,1.5,3.0,11.8,regular
203083,2021-22,00,0,TOT,28.0,73,36,19.7,3.4,5.9,0.57,0.0,0.0,0.0,1.2,2.2,0.524,3.1,6.2,9.3,1.8,1.1,0.9,1.6,2.6,7.9,regular
203083,2022-23,00,1610612741,CHI,29.0,67,0,12.7,2.5,4.1,0.606,0.0,0.0,0.0,1.0,1.9,0.536,2.1,4.6,6.6,0.5,0.7,0.4,1.1,1.7,6.0,regular
203083,2023-24,00,1610612741,CHI,30.0,79,10,17.1,3.4,6.1,0.556,0.0,0.0,0.0,1.6,2.8,0.592,3.4,5.6,9.0,0.5,0.9,0.6,1.0,1.8,8.4,regular
203083,2024-25,00,1610612755,PHI,31.0,40,23,18.8,2.9,5.9,0.5,0.1,0.5,0.15,1.4,2.3,0.622,2.7,5.0,7.8,0.9,1.0,0.5,1.4,2.4,7.3,regular
203083,2025-26,00,1610612755,PHI,32.0,63,25,19.5,2.5,5.3,0.472,0.5,1.4,0.356,0.8,1.3,0.631,3.2,5.3,8.4,1.3,0.6,0.8,1.0,2.0,6.4,regular
203083,2015-16,00,1610612765,DET,22.0,4,4,32.8,7.0,13.5,0.519,0.0,0.3,0.0,2.8,8.5,0.324,3.0,6.0,9.0,0.0,0.3,1.5,1.0,2.0,16.8,playoffs
203083,2018-19,00,1610612765,DET,25.0,4,4,31.8,6.0,13.5,0.444,0.0,0.3,0.0,2.3,5.3,0.429,5.0,8.0,13.0,2.3,1.5,1.3,2.8,4.3,14.3,playoffs
203083,2020-21,00,1610612747,LAL,27.0,5,5,21.0,3.8,6.4,0.594,0.0,0.0,0.0,1.4,2.0,0.7,3.8,7.2,11.0,0.0,0.8,0.6,2.2,2.4,9.0,playoffs
203083,2021-22,00,1610612751,BKN,28.0,4,4,15.0,1.5,2.8,0.545,0.0,0.0,0.0,0.8,1.3,0.6,0.8,2.3,3.0,0.8,1.3,0.8,1.5,3.0,3.8,playoffs
203083,2025-26,00,1610612755,PHI,32.0,11,1,12.9,1.5,2.1,0.696,0.4,0.7,0.5,0.6,0.9,0.7,1.1,3.2,4.3,0.6,0.4,0.2,0.8,2.5,3.9,playoffs
1627739,2016-17,00,1610612750,MIN,23.0,78,7,17.1,1.5,4.0,0.377,0.3,0.9,0.288,0.5,0.8,0.61,0.3,1.8,2.1,2.4,1.0,0.5,1.1,2.3,3.8,regular
1627739,2017-18,00,1610612741,CHI,24.0,52,43,29.3,5.5,12.8,0.429,0.8,2.6,0.321,1.6,2.2,0.737,0.5,3.8,4.3,6.0,2.0,0.5,2.9,3.3,13.4,regular
1627739,2018-19,00,1610612741,CHI,25.0,46,44,30.2,4.7,11.0,0.425,0.7,2.1,0.354,1.2,1.5,0.797,0.4,3.7,4.1,6.0,1.5,0.5,2.3,3.6,11.3,regular
1627739,2019-20,00,1610612741,CHI,26.0,51,32,24.9,3.0,6.7,0.444,0.6,2.2,0.259,0.8,1.1,0.741,0.5,3.2,3.6,3.4,2.0,0.3,1.3,3.1,7.3,regular
1627739,2020-21,00,1610612737,ATL,27.0,4,0,11.3,0.3,3.0,0.083,0.0,0.5,0.0,0.8,1.0,0.75,0.0,1.5,1.5,0.5,0.5,0.5,0.8,2.5,1.3,regular
1627739,2021-22,00,1610612757,POR,28.0,14,3,24.0,3.1,7.3,0.431,0.1,0.8,0.091,1.2,1.3,0.944,0.6,2.9,3.5,5.6,1.6,0.2,2.3,2.7,7.6,regular
1627739,2022-23,00,1610612762,UTA,29.0,22,3,25.8,5.3,9.8,0.537,0.8,1.6,0.472,1.9,2.4,0.774,0.4,4.1,4.5,5.6,1.1,0.5,1.6,2.6,13.2,regular
1627739,2023-24,00,1610612762,UTA,30.0,66,32,18.9,2.2,4.7,0.47,0.6,1.7,0.369,0.3,0.5,0.688,0.8,2.1,2.9,3.8,1.0,0.4,1.2,2.0,5.4,regular
1627739,2024-25,00,1610612746,LAC,31.0,74,58,24.1,2.6,5.9,0.439,1.0,3.0,0.335,0.2,0.3,0.682,0.7,2.7,3.4,2.8,1.7,0.4,1.0,2.7,6.4,regular
1627739,2025-26,00,1610612746,LAC,32.0,82,68,27.2,2.8,5.8,0.476,1.0,2.6,0.374,0.8,1.0,0.765,0.7,2.6,3.3,3.6,1.6,0.2,1.4,2.3,7.3,regular
1627739,2020-21,00,1610612737,ATL,27.0,5,0,6.6,0.2,1.0,0.2,0.0,0.2,0.0,0.8,0.8,1.0,0.0,1.0,1.0,1.0,0.4,0.4,0.8,1.0,1.2,playoffs
1627739,2024-25,00,1610612746,LAC,31.0,7,6,21.9,2.4,6.3,0.386,1.4,4.0,0.357,0.0,0.0,0.0,1.4,2.0,3.4,1.3,1.1,0.6,0.1,2.6,6.3,playoffs
1642346,2024-25,00,1610612756,PHX,22.0,74,44,19.1,2.8,6.4,0.43,1.1,3.6,0.311,0.3,0.5,0.487,1.2,2.4,3.6,0.8,0.6,0.5,0.5,2.2,6.9,regular
1642346,2025-26,00,1610612756,PHX,23.0,70,16,19.4,2.3,5.2,0.453,0.8,2.4,0.331,0.3,0.7,0.489,1.4,2.8,4.2,1.5,0.9,0.4,0.8,1.9,5.8,regular
1642346,2025-26,00,1610612756,PHX,23.0,4,0,8.5,0.0,1.0,0.0,0.0,1.0,0.0,0.0,0.0,0.0,0.0,1.5,1.5,0.5,0.0,0.0,0.8,0.5,0.0,playoffs
201142,2007-08,00,1610612760,SEA,19.0,80,80,34.6,7.3,17.1,0.43,0.7,2.6,0.288,4.9,5.6,0.873,0.9,3.5,4.4,2.4,1.0,0.9,2.9,1.5,20.3,regular
201142,2008-09,00,1610612760,OKC,20.0,74,74,39.0,8.9,18.8,0.476,1.3,3.1,0.422,6.1,7.1,0.863,1.0,5.5,6.5,2.8,1.3,0.7,3.0,1.8,25.3,regular
201142,2009-10,00,1610612760,OKC,21.0,82,82,39.5,9.7,20.3,0.476,1.6,4.3,0.365,9.2,10.2,0.9,1.3,6.3,7.6,2.8,1.4,1.0,3.3,2.1,30.1,regular
201142,2010-11,00,1610612760,OKC,22.0,78,78,38.9,9.1,19.7,0.462,1.9,5.3,0.35,7.6,8.7,0.88,0.7,6.1,6.8,2.7,1.1,1.0,2.8,2.0,27.7,regular
201142,2011-12,00,1610612760,OKC,23.0,66,66,38.6,9.7,19.7,0.496,2.0,5.2,0.387,6.5,7.6,0.86,0.6,7.4,8.0,3.5,1.3,1.2,3.8,2.0,28.0,regular
201142,2012-13,00,1610612760,OKC,24.0,81,81,38.5,9.0,17.7,0.51,1.7,4.1,0.416,8.4,9.3,0.905,0.6,7.3,7.9,4.6,1.4,1.3,3.5,1.8,28.1,regular
201142,2013-14,00,1610612760,OKC,25.0,81,81,38.5,10.5,20.8,0.503,2.4,6.1,0.391,8.7,9.9,0.873,0.7,6.7,7.4,5.5,1.3,0.7,3.5,2.1,32.0,regular
201142,2014-15,00,1610612760,OKC,26.0,27,27,33.8,8.8,17.3,0.51,2.4,5.9,0.403,5.4,6.3,0.854,0.6,6.0,6.6,4.1,0.9,0.9,2.7,1.5,25.4,regular
201142,2015-16,00,1610612760,OKC,27.0,72,72,35.8,9.7,19.2,0.505,2.6,6.7,0.387,6.2,6.9,0.898,0.6,7.6,8.2,5.0,1.0,1.2,3.5,1.9,28.2,regular
201142,2016-17,00,1610612744,GSW,28.0,62,62,33.4,8.9,16.5,0.537,1.9,5.0,0.375,5.4,6.2,0.875,0.6,7.6,8.3,4.8,1.1,1.6,2.2,1.9,25.1,regular
201142,2017-18,00,1610612744,GSW,29.0,68,68,34.2,9.3,18.0,0.516,2.5,6.1,0.419,5.3,5.9,0.889,0.5,6.4,6.8,5.4,0.7,1.8,3.0,2.0,26.4,regular
201142,2018-19,00,1610612744,GSW,30.0,78,78,34.6,9.2,17.7,0.521,1.8,5.0,0.353,5.7,6.5,0.885,0.4,5.9,6.4,5.9,0.7,1.1,2.9,2.0,26.0,regular
201142,2020-21,00,1610612751,BKN,32.0,35,32,33.1,9.3,17.2,0.537,2.4,5.4,0.45,6.0,6.8,0.882,0.4,6.7,7.1,5.6,0.7,1.3,3.4,2.0,26.9,regular
201142,2021-22,00,1610612751,BKN,33.0,55,55,37.2,10.5,20.3,0.518,2.1,5.5,0.383,6.8,7.4,0.91,0.5,6.9,7.4,6.4,0.9,0.9,3.5,2.1,29.9,regular
201142,2022-23,00,1610612751,BKN,34.0,39,39,36.0,10.5,18.8,0.559,1.8,4.8,0.376,6.8,7.3,0.934,0.4,6.4,6.7,5.3,0.8,1.5,3.5,2.4,29.7,regular
201142,2022-23,00,1610612756,PHX,34.0,8,8,33.6,9.1,16.0,0.57,2.8,5.1,0.537,5.0,6.0,0.833,0.4,6.0,6.4,3.5,0.3,1.3,2.5,0.9,26.0,regular
201142,2022-23,00,0,TOT,34.0,47,47,35.6,10.3,18.3,0.56,2.0,4.9,0.404,6.5,7.1,0.919,0.4,6.3,6.7,5.0,0.7,1.4,3.3,2.1,29.1,regular
201142,2023-24,00,1610612756,PHX,35.0,75,75,37.2,10.0,19.1,0.523,2.2,5.4,0.413,4.8,5.6,0.856,0.5,6.1,6.6,5.0,0.9,1.2,3.3,1.8,27.1,regular
201142,2024-25,00,1610612756,PHX,36.0,62,62,36.5,9.5,18.1,0.527,2.6,6.0,0.43,4.9,5.8,0.839,0.4,5.7,6.0,4.2,0.8,1.2,3.1,1.7,26.6,regular
201142,2025-26,00,1610612745,HOU,37.0,78,78,36.4,9.2,17.6,0.52,2.4,5.8,0.413,5.2,6.0,0.874,0.5,4.9,5.5,4.8,0.8,0.9,3.2,1.8,26.0,regular
201142,2009-10,00,1610612760,OKC,21.0,6,6,38.5,7.2,20.5,0.35,1.7,5.8,0.286,9.0,10.3,0.871,1.3,6.3,7.7,2.3,0.5,1.3,3.7,2.8,25.0,playoffs
201142,2010-11,00,1610612760,OKC,22.0,17,17,42.5,9.1,20.3,0.449,2.2,6.4,0.339,8.2,9.8,0.838,1.1,7.1,8.2,2.8,0.9,1.1,2.5,3.1,28.6,playoffs
201142,2011-12,00,1610612760,OKC,23.0,20,20,41.9,9.9,19.2,0.517,2.1,5.5,0.373,6.7,7.7,0.864,0.7,6.8,7.4,3.7,1.5,1.2,3.2,2.6,28.5,playoffs
201142,2012-13,00,1610612760,OKC,24.0,11,11,44.1,10.2,22.4,0.455,2.0,6.4,0.314,8.5,10.2,0.83,0.6,8.4,9.0,6.3,1.3,1.1,3.9,2.4,30.8,playoffs
201142,2013-14,00,1610612760,OKC,25.0,19,19,42.9,10.2,22.2,0.46,2.3,6.6,0.344,6.9,8.6,0.81,1.3,7.6,8.9,3.9,1.0,1.3,3.8,2.2,29.6,playoffs
201142,2015-16,00,1610612760,OKC,27.0,18,18,40.3,9.7,22.6,0.43,1.7,6.1,0.282,7.2,8.1,0.89,0.7,6.4,7.1,3.3,1.0,1.0,3.6,2.1,28.4,playoffs
201142,2016-17,00,1610612744,GSW,28.0,15,15,35.5,9.9,17.9,0.556,2.5,5.7,0.442,6.1,6.9,0.893,1.1,6.9,7.9,4.3,0.8,1.3,2.5,2.6,28.5,playoffs
201142,2017-18,00,1610612744,GSW,29.0,21,21,38.4,10.1,20.7,0.487,2.2,6.6,0.341,6.5,7.2,0.901,0.6,7.1,7.8,4.7,0.7,1.2,2.4,2.0,29.0,playoffs
201142,2018-19,00,1610612744,GSW,30.0,12,12,36.8,10.4,20.3,0.514,2.9,6.7,0.438,8.5,9.4,0.903,0.1,4.8,4.9,4.5,1.1,1.0,3.6,3.2,32.3,playoffs
201142,2020-21,00,1610612751,BKN,32.0,12,12,40.4,12.1,23.5,0.514,2.8,6.8,0.402,7.3,8.4,0.871,0.4,8.8,9.3,4.4,1.5,1.6,3.5,2.6,34.3,playoffs
201142,2021-22,00,1610612751,BKN,33.0,4,4,44.0,8.0,20.8,0.386,1.8,5.3,0.333,8.5,9.5,0.895,0.5,5.3,5.8,6.3,1.0,0.3,5.3,3.8,26.3,playoffs
201142,2022-23,00,1610612756,PHX,34.0,11,11,42.4,9.7,20.4,0.478,1.5,4.6,0.333,8.0,8.7,0.917,0.6,8.1,8.7,5.5,0.8,1.4,3.5,2.6,29.0,playoffs
201142,2023-24,00,1610612756,PHX,35.0,4,4,42.0,9.3,16.8,0.552,1.3,3.0,0.417,7.0,8.5,0.824,0.3,6.3,6.5,3.3,0.5,1.5,2.5,2.0,26.8,playoffs
201142,2025-26,00,1610612745,HOU,37.0,1,1,41.0,7.0,12.0,0.583,1.0,4.0,0.25,8.0,9.0,0.889,2.0,4.0,6.0,4.0,1.0,1.0,9.0,4.0,23.0,playoffs
1631105,2022-23,00,1610612765,DET,19.0,67,31,24.9,3.9,5.9,0.648,0.0,0.0,0.0,1.4,2.3,0.611,3.4,5.5,8.9,1.1,0.7,0.9,1.4,2.7,9.1,regular
1631105,2023-24,00,1610612765,DET,20.0,61,60,29.1,5.7,9.2,0.619,0.0,0.1,0.0,2.3,3.0,0.79,3.1,8.5,11.6,2.4,0.5,0.8,2.1,3.1,13.8,regular
1631105,2024-25,00,1610612765,DET,21.0,78,78,26.1,4.8,7.0,0.692,0.0,0.0,0.0,2.1,3.1,0.669,3.6,6.8,10.3,2.7,0.7,1.1,1.7,3.2,11.8,regular
1631105,2025-26,00,1610612765,DET,22.0,70,70,28.2,7.5,11.5,0.65,0.0,0.0,0.0,4.6,6.1,0.747,3.8,6.7,10.5,2.0,0.8,0.8,1.9,2.8,19.5,regular
1631105,2024-25,00,1610612765,DET,21.0,6,6,33.8,4.3,6.7,0.65,0.0,0.0,0.0,3.2,3.8,0.826,4.3,6.3,10.7,3.5,0.3,1.7,1.7,4.3,11.8,playoffs
1631105,2025-26,00,1610612765,DET,22.0,14,14,30.1,4.0,7.8,0.514,0.0,0.0,0.0,2.2,3.3,0.674,3.3,5.2,8.5,2.1,0.6,1.2,2.3,3.4,10.2,playoffs
1642856,2025-26,00,1610612751,BKN,20.0,52,45,25.2,3.4,8.6,0.399,2.4,6.2,0.385,1.0,1.3,0.831,0.4,2.8,3.2,3.3,0.8,0.3,1.7,1.8,10.3,regular
1631106,2022-23,00,1610612745,HOU,22.0,82,5,21.5,3.6,8.0,0.448,0.7,2.1,0.343,1.3,1.8,0.752,2.4,3.7,6.0,1.1,1.2,0.6,1.2,2.3,9.3,regular
1631106,2023-24,00,1610612745,HOU,23.0,22,0,21.8,4.0,8.6,0.466,0.8,2.3,0.36,1.0,1.5,0.636,2.1,4.9,7.0,1.2,1.4,0.9,0.9,2.3,9.8,regular
1631106,2024-25,00,1610612745,HOU,24.0,57,16,24.9,4.8,9.8,0.487,1.1,3.2,0.342,1.4,1.8,0.76,2.2,4.1,6.4,1.5,1.7,0.9,1.1,2.4,12.0,regular
1631106,2025-26,00,1610612745,HOU,24.0,60,34,25.8,4.0,9.7,0.416,1.6,4.3,0.358,0.9,1.1,0.776,2.1,4.2,6.3,1.5,1.2,0.5,1.4,2.3,10.5,regular
1631106,2024-25,00,1610612745,HOU,24.0,7,0,18.9,3.0,6.3,0.477,1.0,2.7,0.368,0.6,1.1,0.5,1.0,3.3,4.3,0.7,1.1,1.0,1.4,1.9,7.6,playoffs
1631106,2025-26,00,1610612745,HOU,24.0,6,4,32.5,5.2,10.8,0.477,1.7,5.0,0.333,1.8,2.2,0.846,2.0,4.7,6.7,1.7,2.5,0.7,0.8,3.7,13.8,playoffs
1641744,2024-25,00,1610612763,MEM,23.0,66,55,21.5,3.8,6.6,0.58,0.3,0.8,0.346,1.4,1.9,0.709,3.5,4.8,8.3,1.0,0.5,1.3,1.3,2.8,9.2,regular
1641744,2025-26,00,1610612763,MEM,23.0,11,11,25.8,5.6,8.9,0.633,0.1,0.5,0.2,2.3,2.9,0.781,3.9,7.2,11.1,1.1,0.6,1.9,2.4,3.4,13.6,regular
1641744,2024-25,00,1610612763,MEM,23.0,4,4,27.0,2.5,3.8,0.667,0.0,0.0,0.0,1.3,1.8,0.714,2.8,5.0,7.8,1.8,0.0,2.5,1.5,3.0,6.3,playoffs
1642845,2025-26,00,1610612755,PHI,20.0,75,75,35.0,6.0,13.7,0.438,2.0,5.6,0.354,2.0,2.4,0.818,1.6,4.0,5.6,4.2,1.4,0.5,1.8,2.9,16.0,regular
1642845,2025-26,00,1610612755,PHI,20.0,11,11,37.0,5.5,13.2,0.414,1.9,6.5,0.292,1.2,1.6,0.722,2.1,4.0,6.1,3.4,1.0,0.4,1.6,2.6,14.0,playoffs
1630162,2020-21,00,1610612750,MIN,19.0,72,55,32.1,7.0,16.8,0.417,2.4,7.2,0.329,2.9,3.8,0.776,0.8,3.8,4.7,2.9,1.1,0.5,2.2,1.8,19.3,regular
1630162,2021-22,00,1610612750,MIN,20.0,72,72,34.3,7.6,17.3,0.441,3.0,8.4,0.357,3.1,3.9,0.786,0.9,3.9,4.8,3.8,1.5,0.6,2.6,2.3,21.3,regular
1630162,2022-23,00,1610612750,MIN,21.0,79,79,36.0,8.9,19.5,0.459,2.7,7.3,0.369,4.0,5.3,0.756,0.6,5.2,5.8,4.4,1.6,0.7,3.3,2.4,24.6,regular
1630162,2023-24,00,1610612750,MIN,22.0,79,78,35.1,9.1,19.7,0.461,2.4,6.7,0.357,5.4,6.4,0.836,0.7,4.8,5.4,5.1,1.3,0.5,3.1,1.8,25.9,regular
1630162,2024-25,00,1610612750,MIN,23.0,79,79,36.3,9.1,20.4,0.447,4.1,10.3,0.395,5.3,6.3,0.837,0.8,4.9,5.7,4.5,1.2,0.6,3.2,1.9,27.6,regular
1630162,2025-26,00,1610612750,MIN,24.0,61,60,35.0,9.9,20.2,0.489,3.4,8.4,0.399,5.7,7.2,0.796,0.6,4.4,5.0,3.7,1.4,0.8,2.9,1.9,28.8,regular
1630162,2021-22,00,1610612750,MIN,20.0,6,6,37.8,8.3,18.3,0.455,3.8,9.5,0.404,4.7,5.7,0.824,0.7,3.5,4.2,3.0,1.2,1.2,2.5,3.7,25.2,playoffs
1630162,2022-23,00,1610612750,MIN,21.0,5,5,39.8,11.0,22.8,0.482,3.0,8.6,0.349,6.6,7.8,0.846,0.6,4.4,5.0,5.2,1.8,2.0,1.6,2.6,31.6,playoffs
1630162,2023-24,00,1610612750,MIN,22.0,16,16,40.6,9.8,20.3,0.481,2.9,7.2,0.4,5.2,6.4,0.814,1.1,5.9,7.0,6.5,1.5,0.6,3.3,2.3,27.6,playoffs
1630162,2024-25,00,1610612750,MIN,23.0,15,15,39.0,9.0,19.9,0.453,3.1,8.7,0.354,4.3,5.9,0.719,1.2,6.6,7.8,5.5,1.1,0.7,2.6,2.1,25.3,playoffs
1630162,2025-26,00,1610612750,MIN,24.0,10,8,32.4,7.7,18.0,0.428,2.0,6.3,0.317,4.2,5.1,0.824,0.5,5.2,5.7,2.7,0.5,0.7,2.5,2.9,21.6,playoffs
1642348,2024-25,00,1610612755,PHI,21.0,44,26,26.3,3.9,8.6,0.455,1.6,4.3,0.363,0.7,1.0,0.696,1.0,2.3,3.4,1.6,1.0,0.4,1.1,2.2,10.1,regular
1642348,2025-26,00,1610612755,PHI,22.0,64,12,15.3,2.2,5.0,0.447,1.0,2.8,0.372,0.5,0.6,0.846,0.4,1.1,1.5,1.3,0.8,0.2,0.6,1.4,6.0,regular
1642348,2025-26,00,1610612755,PHI,22.0,9,0,12.1,1.2,3.6,0.344,0.4,2.0,0.222,0.4,0.8,0.571,0.7,1.6,2.2,0.4,0.0,0.1,0.7,1.7,3.3,playoffs
1631165,2022-23,00,1610612758,SAC,23.0,16,0,4.4,0.4,1.0,0.438,0.4,0.8,0.5,0.3,0.4,0.571,0.3,0.3,0.5,0.4,0.3,0.1,0.1,0.6,1.5,regular
1631165,2023-24,00,1610612758,SAC,24.0,57,21,17.2,1.9,4.1,0.461,1.2,2.9,0.417,0.5,0.6,0.743,0.6,1.6,2.2,1.5,0.9,0.5,0.6,2.0,5.4,regular
1631165,2024-25,00,1610612758,SAC,25.0,80,28,24.4,2.8,5.8,0.489,1.7,4.0,0.433,0.9,1.1,0.849,0.8,1.9,2.7,1.5,1.5,0.8,0.9,2.2,8.3,regular
1631165,2025-26,00,1610612758,SAC,26.0,43,5,17.6,1.9,4.9,0.397,1.2,3.3,0.368,0.5,0.7,0.625,0.3,0.9,1.3,0.6,1.1,0.5,0.5,1.6,5.6,regular
1631165,2025-26,00,1610612739,CLE,26.0,29,6,24.8,3.0,6.0,0.491,1.3,3.7,0.355,1.1,1.3,0.816,0.8,2.0,2.8,1.6,1.3,0.8,0.7,2.2,8.3,regular
1631165,2025-26,00,0,TOT,26.0,72,11,20.5,2.3,5.3,0.44,1.3,3.5,0.363,0.7,1.0,0.729,0.5,1.3,1.9,1.0,1.2,0.6,0.6,1.9,6.7,regular
1631165,2025-26,00,1610612739,CLE,26.0,12,0,7.4,0.4,1.3,0.333,0.4,1.2,0.357,0.3,0.4,0.8,0.3,0.9,1.2,0.3,0.6,0.1,0.5,0.8,1.6,playoffs
203954,2016-17,00,1610612755,PHI,23.0,31,31,25.4,6.5,13.8,0.466,1.2,3.2,0.367,6.2,7.9,0.783,2.0,5.9,7.8,2.1,0.9,2.5,3.8,3.6,20.2,regular
203954,2017-18,00,1610612755,PHI,24.0,63,63,30.3,8.1,16.8,0.483,1.0,3.4,0.308,5.7,7.4,0.769,2.3,8.7,11.0,3.2,0.6,1.8,3.7,3.3,22.9,regular
203954,2018-19,00,1610612755,PHI,25.0,64,64,33.7,9.1,18.7,0.484,1.2,4.1,0.3,8.2,10.1,0.804,2.5,11.1,13.6,3.7,0.7,1.9,3.5,3.3,27.5,regular
203954,2019-20,00,1610612755,PHI,26.0,51,51,29.5,7.5,15.7,0.477,1.1,3.4,0.331,6.9,8.5,0.807,2.8,8.9,11.6,3.0,0.9,1.3,3.1,3.4,23.0,regular
203954,2020-21,00,1610612755,PHI,27.0,51,51,31.1,9.0,17.6,0.513,1.1,3.0,0.377,9.2,10.7,0.859,2.2,8.4,10.6,2.8,1.0,1.4,3.1,2.4,28.5,regular
203954,2021-22,00,1610612755,PHI,28.0,68,68,33.8,9.8,19.6,0.499,1.4,3.7,0.371,9.6,11.8,0.814,2.1,9.6,11.7,4.2,1.1,1.5,3.1,2.7,30.6,regular
203954,2022-23,00,1610612755,PHI,29.0,66,66,34.6,11.0,20.1,0.548,1.0,3.0,0.33,10.0,11.7,0.857,1.7,8.4,10.2,4.2,1.0,1.7,3.4,3.1,33.1,regular
203954,2023-24,00,1610612755,PHI,30.0,39,39,33.6,11.5,21.8,0.529,1.4,3.6,0.388,10.2,11.6,0.883,2.4,8.6,11.0,5.6,1.2,1.7,3.8,2.9,34.7,regular
203954,2024-25,00,1610612755,PHI,31.0,19,19,30.2,7.4,16.6,0.444,1.2,4.1,0.299,7.8,8.9,0.882,1.9,6.3,8.2,4.5,0.7,0.9,3.3,2.2,23.8,regular
203954,2025-26,00,1610612755,PHI,32.0,38,38,31.6,9.0,18.3,0.489,1.4,4.2,0.333,7.5,8.8,0.854,2.0,5.7,7.7,3.9,0.6,1.2,2.9,2.2,26.9,regular
203954,2017-18,00,1610612755,PHI,24.0,8,8,34.8,7.5,17.3,0.435,1.0,3.6,0.276,5.4,7.6,0.705,2.9,9.8,12.6,3.0,0.9,1.8,3.6,3.9,21.4,playoffs
203954,2018-19,00,1610612755,PHI,25.0,11,11,30.4,6.2,14.5,0.428,1.1,3.5,0.308,6.7,8.2,0.822,1.9,8.5,10.5,3.4,0.7,2.3,3.6,3.1,20.2,playoffs
203954,2019-20,00,1610612755,PHI,26.0,4,4,36.3,8.5,18.5,0.459,1.0,4.0,0.25,12.0,14.8,0.814,2.8,9.5,12.3,1.3,1.5,1.3,3.8,4.5,30.0,playoffs
203954,2020-21,00,1610612755,PHI,27.0,11,11,32.5,9.2,17.9,0.513,1.5,3.7,0.39,8.3,9.9,0.835,1.5,9.1,10.5,3.4,1.0,1.5,3.8,3.0,28.1,playoffs
203954,2021-22,00,1610612755,PHI,28.0,10,10,38.5,7.8,16.1,0.484,0.7,3.3,0.212,7.3,8.9,0.82,2.1,8.6,10.7,2.1,0.4,0.8,3.2,3.4,23.6,playoffs
203954,2022-23,00,1610612755,PHI,29.0,9,9,37.3,7.3,17.0,0.431,0.6,3.1,0.179,8.4,9.3,0.905,1.8,8.0,9.8,2.7,0.7,2.8,3.9,3.0,23.7,playoffs
203954,2023-24,00,1610612755,PHI,30.0,6,6,41.3,9.8,22.2,0.444,2.2,6.5,0.333,11.2,13.0,0.859,3.2,7.7,10.8,5.7,1.2,1.5,4.2,3.3,33.0,playoffs
203954,2025-26,00,1610612755,PHI,32.0,7,7,33.3,8.1,17.7,0.46,0.7,4.0,0.179,7.0,8.4,0.831,1.1,6.1,7.3,5.4,0.3,0.9,2.1,2.4,24.0,playoffs
1642855,2025-26,00,1610612741,CHI,18.0,2,0,3.0,0.0,1.5,0.0,0.0,1.0,0.0,0.0,0.0,0.0,0.0,0.0,0.0,0.0,0.5,0.0,0.0,0.5,0.0,regular
1630623,2024-25,00,1610612751,BKN,25.0,7,0,21.6,2.4,7.4,0.327,1.9,6.3,0.295,1.1,1.4,0.8,0.4,0.9,1.3,1.7,0.4,0.1,1.1,2.4,7.9,regular
1630623,2025-26,00,1610612751,BKN,26.0,24,2,15.8,2.4,6.0,0.4,1.8,4.5,0.398,1.3,1.5,0.833,0.2,0.9,1.1,1.7,0.5,0.0,0.7,2.0,7.9,regular
1629234,2018-19,00,1610612759,SAS,22.0,23,0,4.9,0.7,1.1,0.577,0.0,0.0,0.0,0.5,0.6,0.846,0.3,1.2,1.5,0.3,0.1,0.2,0.3,0.5,1.8,regular
1629234,2019-20,00,1610612759,SAS,23.0,22,3,12.4,2.0,3.0,0.642,0.0,0.0,1.0,0.9,1.2,0.769,1.3,2.6,3.9,0.7,0.2,0.8,1.0,1.7,4.9,regular
1629234,2020-21,00,1610612759,SAS,24.0,54,3,14.0,2.1,3.8,0.566,0.0,0.0,1.0,1.4,2.0,0.726,1.4,3.1,4.5,0.8,0.3,0.9,0.8,1.6,5.8,regular
1629234,2021-22,00,1610612759,SAS,25.0,49,9,12.1,1.7,3.2,0.528,0.0,0.2,0.125,1.2,1.6,0.747,1.3,2.7,4.0,1.0,0.3,0.6,0.9,1.2,4.7,regular
1629234,2021-22,00,1610612757,POR,25.0,22,22,29.5,6.2,9.6,0.646,0.2,0.7,0.267,1.8,2.3,0.784,3.0,5.5,8.5,1.6,0.8,0.5,1.6,2.8,14.5,regular
1629234,2021-22,00,0,TOT,25.0,71,31,17.5,3.1,5.2,0.596,0.1,0.3,0.217,1.4,1.8,0.762,1.8,3.5,5.4,1.2,0.4,0.6,1.1,1.7,7.7,regular
1629234,2022-23,00,1610612757,POR,26.0,78,28,20.3,2.7,4.3,0.641,0.1,0.2,0.389,1.1,1.6,0.664,1.7,3.7,5.4,1.3,0.5,1.3,0.9,2.2,6.6,regular
1629234,2023-24,00,1610612756,PHX,27.0,75,6,15.6,2.0,3.4,0.601,0.0,0.0,1.0,1.0,1.2,0.774,1.4,2.9,4.3,0.8,0.4,0.8,0.8,1.5,5.1,regular
1629234,2024-25,00,1610612762,UTA,28.0,37,4,15.4,2.4,3.9,0.607,0.1,0.1,0.6,1.0,1.5,0.632,1.1,3.5,4.5,1.2,0.3,0.9,0.8,1.2,5.8,regular
1629234,2024-25,00,1610612746,LAC,28.0,24,0,7.4,1.1,2.0,0.551,0.0,0.0,0.0,0.5,0.6,0.786,0.8,1.6,2.4,0.4,0.1,0.3,0.4,0.7,2.7,regular
1629234,2024-25,00,0,TOT,28.0,61,4,12.2,1.9,3.2,0.593,0.0,0.1,0.5,0.8,1.2,0.662,1.0,2.7,3.7,0.9,0.2,0.6,0.7,1.0,4.6,regular
1629234,2025-26,00,1610612758,SAC,29.0,42,11,13.1,2.2,3.7,0.596,0.0,0.2,0.143,0.8,1.4,0.561,0.9,2.1,3.0,0.5,0.4,0.6,0.7,1.4,5.2,regular
1629234,2023-24,00,1610612756,PHX,27.0,3,0,12.3,2.3,4.0,0.583,0.0,0.0,0.0,1.0,1.0,1.0,0.0,1.3,1.3,0.0,0.7,0.3,0.7,2.0,5.7,playoffs
1629234,2024-25,00,1610612746,LAC,28.0,3,0,4.3,0.0,0.7,0.0,0.0,0.0,0.0,1.3,2.0,0.667,0.0,0.3,0.3,0.0,0.0,0.0,0.0,0.7,1.3,playoffs
1641787,2023-24,00,1610612763,MEM,23.0,4,0,18.5,1.0,3.8,0.267,0.5,2.0,0.25,0.0,0.0,0.0,2.0,1.5,3.5,1.5,0.0,0.3,0.3,1.3,2.5,regular
1641787,2023-24,00,1610612765,DET,23.0,13,8,22.5,2.5,4.3,0.571,0.8,1.8,0.417,1.3,1.9,0.68,0.8,2.8,3.5,0.8,0.5,0.3,0.6,1.4,7.0,regular
1641787,2023-24,00,0,TOT,23.0,17,8,21.6,2.1,4.2,0.507,0.7,1.9,0.375,1.0,1.5,0.68,1.1,2.5,3.5,0.9,0.4,0.3,0.5,1.4,5.9,regular
1641787,2024-25,00,1610612751,BKN,24.0,28,0,23.8,3.4,7.9,0.427,0.9,2.8,0.312,2.0,2.6,0.753,1.1,3.1,4.3,2.0,0.9,0.4,1.4,2.0,9.5,regular
1641787,2025-26,00,1610612752,NYK,24.0,5,0,1.6,0.0,0.2,0.0,0.0,0.0,0.0,0.0,0.0,0.0,0.2,0.2,0.4,0.0,0.0,0.0,0.0,0.2,0.0,regular
203957,2014-15,00,1610612762,UTA,19.0,82,41,22.2,1.8,5.1,0.349,1.0,3.2,0.314,0.2,0.4,0.625,0.3,1.3,1.6,2.4,0.5,0.2,1.4,1.8,4.8,regular
203957,2016-17,00,1610612762,UTA,21.0,66,26,18.6,2.3,5.5,0.427,0.7,2.3,0.295,0.9,1.1,0.795,0.5,1.5,2.0,1.7,0.3,0.2,1.2,2.2,6.2,regular
203957,2017-18,00,1610612762,UTA,22.0,14,0,16.8,3.0,6.2,0.483,0.4,1.3,0.278,1.8,2.2,0.806,0.3,1.6,1.9,3.1,0.6,0.2,1.4,1.4,8.1,regular
203957,2018-19,00,1610612762,UTA,23.0,42,1,15.8,2.4,5.7,0.419,0.4,1.5,0.29,1.6,2.0,0.791,0.4,1.2,1.6,2.6,0.3,0.1,1.2,1.6,6.9,regular
203957,2019-20,00,1610612762,UTA,24.0,11,0,7.5,0.9,2.1,0.435,0.2,0.5,0.333,0.2,0.2,1.0,0.3,0.8,1.1,0.6,0.1,0.2,0.9,0.7,2.2,regular
203957,2019-20,00,1610612739,CLE,24.0,24,1,16.8,1.9,4.0,0.479,0.5,1.5,0.351,1.3,1.7,0.732,0.4,1.9,2.3,1.4,0.5,0.3,0.9,1.3,5.6,regular
203957,2019-20,00,0,TOT,24.0,35,1,13.9,1.6,3.4,0.471,0.4,1.2,0.349,0.9,1.2,0.744,0.3,1.6,1.9,1.1,0.4,0.2,0.9,1.1,4.5,regular
203957,2020-21,00,1610612739,CLE,25.0,6,3,19.3,1.7,4.3,0.385,0.3,1.8,0.182,0.2,0.3,0.5,0.3,2.5,2.8,2.2,0.7,0.3,1.2,1.5,3.8,regular
203957,2023-24,00,1610612742,DAL,28.0,55,17,19.8,2.9,5.5,0.533,1.0,2.0,0.491,1.0,1.2,0.779,0.5,2.3,2.7,2.9,0.4,0.1,0.9,1.5,7.8,regular
203957,2024-25,00,1610612742,DAL,29.0,20,13,18.6,3.2,6.7,0.478,1.2,2.7,0.434,1.2,1.6,0.742,0.2,1.5,1.7,2.8,0.6,0.2,1.1,1.7,8.7,regular
203957,2016-17,00,1610612762,UTA,21.0,7,0,12.0,1.6,3.9,0.407,0.6,1.7,0.333,0.9,0.9,1.0,0.3,0.6,0.9,1.3,0.7,0.0,0.4,1.4,4.6,playoffs
203957,2017-18,00,1610612762,UTA,22.0,10,0,11.4,2.0,4.1,0.488,0.2,0.7,0.286,0.9,1.2,0.75,0.4,1.0,1.4,1.0,0.1,0.1,1.5,1.5,5.1,playoffs
203957,2023-24,00,1610612742,DAL,28.0,21,0,6.9,0.8,2.1,0.364,0.3,1.0,0.35,0.2,0.3,0.667,0.1,0.7,0.8,0.6,0.1,0.0,0.2,0.4,2.0,playoffs
1642847,2025-26,00,1610612740,NOP,19.0,82,49,25.8,5.3,12.3,0.434,1.2,3.7,0.33,2.4,3.0,0.789,0.7,2.9,3.7,3.4,1.2,0.4,2.2,1.8,14.3,regular
1642271,2024-25,00,1610612762,UTA,21.0,72,27,21.1,3.6,7.2,0.502,1.1,3.1,0.35,1.3,2.0,0.65,1.6,4.6,6.1,1.9,0.7,0.3,1.4,2.4,9.6,regular
1642271,2025-26,00,1610612762,UTA,22.0,77,41,23.4,4.2,8.5,0.492,1.0,3.0,0.325,2.1,2.8,0.75,1.9,5.3,7.2,2.6,0.9,0.5,1.6,3.0,11.4,regular
1627827,2016-17,00,1610612742,DAL,24.0,81,35,20.3,1.5,4.1,0.372,0.7,2.4,0.293,0.6,0.8,0.754,0.7,2.1,2.7,0.8,0.6,0.3,0.6,1.5,4.3,regular
1627827,2017-18,00,1610612742,DAL,25.0,21,13,21.3,2.2,5.8,0.38,1.0,3.2,0.299,0.5,0.7,0.733,1.0,2.5,3.6,1.2,0.5,0.2,1.0,2.0,5.9,regular
1627827,2018-19,00,1610612742,DAL,26.0,81,26,24.5,2.8,6.5,0.432,1.0,3.1,0.311,0.9,1.3,0.709,1.7,3.1,4.8,1.2,0.9,0.4,0.9,2.3,7.5,regular
1627827,2019-20,00,1610612742,DAL,27.0,71,68,29.9,3.4,7.4,0.466,1.6,4.3,0.376,1.1,1.5,0.722,2.0,3.7,5.7,1.6,0.6,0.5,1.0,2.5,9.5,regular
1627827,2020-21,00,1610612742,DAL,28.0,60,60,32.0,3.7,7.8,0.472,2.0,5.0,0.394,0.5,0.7,0.756,1.6,3.8,5.4,1.7,0.9,0.4,0.8,2.3,9.8,regular
1627827,2021-22,00,1610612742,DAL,29.0,80,80,33.1,4.1,8.7,0.471,2.2,5.4,0.395,0.7,1.0,0.675,1.5,3.2,4.7,1.9,1.1,0.5,1.0,2.3,11.0,regular
1627827,2022-23,00,1610612742,DAL,30.0,40,40,32.2,3.2,7.8,0.416,1.9,5.4,0.355,0.8,1.0,0.75,1.7,3.0,4.7,1.5,1.0,0.5,0.9,2.0,9.1,regular
1627827,2022-23,00,1610612751,BKN,30.0,26,26,27.7,2.6,7.3,0.351,1.4,4.7,0.306,0.6,0.7,0.789,1.8,3.1,4.9,1.6,0.7,0.6,1.0,2.5,7.2,regular
1627827,2022-23,00,0,TOT,30.0,66,66,30.4,3.0,7.6,0.391,1.7,5.1,0.337,0.7,0.9,0.763,1.7,3.1,4.8,1.5,0.8,0.5,0.9,2.2,8.3,regular
1627827,2023-24,00,1610612751,BKN,31.0,68,56,28.5,3.2,7.5,0.421,1.7,4.9,0.348,0.5,0.7,0.717,1.6,3.1,4.7,1.6,0.8,0.6,0.9,2.2,8.5,regular
1627827,2024-25,00,1610612751,BKN,32.0,20,20,29.0,3.7,8.0,0.459,2.4,5.4,0.435,0.8,1.2,0.625,1.6,3.0,4.6,1.6,0.9,0.6,0.9,2.7,10.4,regular
1627827,2024-25,00,1610612747,LAL,32.0,43,20,28.8,2.8,6.4,0.442,1.9,4.8,0.398,0.3,0.5,0.714,1.1,2.5,3.6,1.4,0.9,0.3,0.9,1.9,7.9,regular
1627827,2024-25,00,0,TOT,32.0,63,40,28.9,3.1,6.9,0.448,2.0,5.0,0.411,0.5,0.7,0.667,1.3,2.7,3.9,1.4,0.9,0.4,0.9,2.2,8.7,regular
1627827,2025-26,00,1610612745,HOU,32.0,37,1,16.8,1.2,3.6,0.333,0.7,2.7,0.27,0.2,0.2,0.889,0.9,1.6,2.5,1.0,0.4,0.2,0.6,1.6,3.3,regular
1627827,2019-20,00,1610612742,DAL,27.0,6,6,31.8,3.8,8.7,0.442,1.8,5.0,0.367,0.7,0.8,0.8,2.0,3.7,5.7,3.2,1.2,0.5,1.5,3.7,10.2,playoffs
1627827,2020-21,00,1610612742,DAL,28.0,7,7,38.7,3.7,9.1,0.406,2.3,5.3,0.432,0.6,0.7,0.8,2.4,4.1,6.6,2.1,1.1,0.3,1.7,3.3,10.3,playoffs
1627827,2021-22,00,1610612742,DAL,29.0,18,18,38.2,4.1,8.7,0.471,2.6,6.0,0.426,0.9,1.3,0.708,1.8,3.7,5.5,1.9,0.9,0.4,1.0,2.9,11.7,playoffs
1627827,2022-23,00,1610612751,BKN,30.0,4,4,25.3,2.3,5.8,0.391,1.8,4.3,0.412,0.0,0.0,0.0,1.5,3.0,4.5,0.8,0.8,0.5,1.3,1.8,6.3,playoffs
1627827,2024-25,00,1610612747,LAL,32.0,5,1,34.0,2.4,5.8,0.414,1.4,3.8,0.368,0.0,0.0,0.0,2.0,2.2,4.2,2.6,0.2,0.4,1.0,3.4,6.2,playoffs
1627827,2025-26,00,1610612745,HOU,32.0,4,0,12.3,0.5,3.5,0.143,0.5,2.8,0.182,0.5,0.5,1.0,0.3,1.8,2.0,0.3,0.3,0.3,0.5,1.5,2.0,playoffs
1642843,2025-26,00,1610612742,DAL,19.0,70,70,33.5,8.0,17.1,0.468,1.0,3.5,0.295,4.0,4.9,0.827,1.2,5.4,6.7,4.5,1.2,0.9,2.3,2.0,21.0,regular
1642853,2025-26,00,1610612756,PHX,21.0,55,1,12.2,1.6,3.9,0.405,0.8,2.4,0.346,0.3,0.6,0.559,1.0,1.2,2.3,0.3,0.4,0.4,0.5,1.2,4.3,regular
1642853,2025-26,00,1610612756,PHX,21.0,4,0,4.5,0.8,1.3,0.6,0.8,1.3,0.6,0.0,0.0,0.0,0.3,0.0,0.3,0.0,0.5,0.3,0.3,0.5,2.3,playoffs
1642280,2024-25,00,1610612746,LAC,20.0,6,0,4.5,0.7,1.8,0.364,0.0,0.3,0.0,0.5,0.5,1.0,0.2,0.5,0.7,0.0,0.0,0.0,0.2,0.7,1.8,regular
1642280,2025-26,00,1610612741,CHI,20.0,2,0,3.0,1.0,1.5,0.667,0.0,0.5,0.0,0.0,0.0,0.0,0.5,0.0,0.5,0.5,0.0,0.0,0.5,0.5,2.0,regular
1631323,2022-23,00,1610612762,UTA,27.0,52,6,14.7,2.2,6.0,0.369,1.2,3.7,0.33,0.7,0.8,0.795,0.6,1.1,1.7,0.8,0.3,0.2,0.8,1.2,6.3,regular
1631323,2023-24,00,1610612762,UTA,28.0,50,34,23.2,3.2,7.2,0.45,1.8,4.7,0.391,0.6,0.8,0.8,1.0,2.5,3.5,1.5,0.6,0.4,1.0,1.6,8.9,regular
1631323,2023-24,00,1610612765,DET,28.0,16,9,30.3,5.7,11.9,0.479,2.7,6.3,0.426,1.4,1.6,0.846,0.8,3.6,4.4,1.8,0.9,0.3,1.1,1.8,15.4,regular
1631323,2023-24,00,0,TOT,28.0,66,43,24.9,3.8,8.3,0.46,2.0,5.1,0.401,0.8,1.0,0.818,1.0,2.8,3.7,1.5,0.7,0.3,1.0,1.7,10.5,regular
1631323,2024-25,00,1610612765,DET,29.0,75,0,16.5,2.0,5.0,0.402,1.0,3.0,0.335,0.9,1.1,0.833,0.7,2.2,2.9,0.9,0.4,0.2,0.7,1.3,5.9,regular
1631323,2025-26,00,1610612748,MIA,30.0,70,9,16.8,2.8,6.7,0.412,1.8,4.7,0.375,1.2,1.5,0.843,0.8,2.2,3.0,1.4,0.5,0.1,0.7,1.5,8.5,regular
1628368,2017-18,00,1610612758,SAC,20.0,73,61,27.8,4.5,10.9,0.412,0.6,2.1,0.307,1.9,2.7,0.723,0.5,2.3,2.8,4.4,1.0,0.3,2.4,2.2,11.6,regular
1628368,2018-19,00,1610612758,SAC,21.0,81,81,31.4,6.2,13.6,0.458,1.1,2.9,0.371,3.7,5.1,0.727,0.5,3.2,3.8,7.3,1.6,0.6,2.8,2.5,17.3,regular
1628368,2019-20,00,1610612758,SAC,22.0,51,49,32.0,7.7,16.0,0.48,1.1,3.6,0.292,4.7,6.7,0.705,0.7,3.2,3.8,6.8,1.5,0.5,3.1,2.8,21.1,regular
1628368,2020-21,00,1610612758,SAC,23.0,58,58,35.1,9.1,19.1,0.477,1.8,5.5,0.322,5.2,7.2,0.719,0.6,2.9,3.5,7.2,1.5,0.5,3.0,2.9,25.2,regular
1628368,2021-22,00,1610612758,SAC,24.0,59,59,35.3,8.7,18.5,0.473,1.3,4.2,0.297,4.4,5.9,0.75,0.4,3.5,3.9,5.6,1.2,0.4,2.8,2.9,23.2,regular
1628368,2022-23,00,1610612758,SAC,25.0,73,73,33.4,9.3,18.2,0.512,1.6,5.0,0.324,4.7,6.0,0.78,0.5,3.6,4.2,6.1,1.1,0.3,2.5,2.4,25.0,regular
1628368,2023-24,00,1610612758,SAC,26.0,74,74,35.9,9.7,20.9,0.465,2.9,7.8,0.369,4.2,5.7,0.738,0.9,3.7,4.6,5.6,2.0,0.4,2.6,2.6,26.6,regular
1628368,2024-25,00,1610612758,SAC,27.0,45,45,37.0,9.2,19.6,0.469,2.0,6.4,0.322,4.5,5.5,0.829,1.0,4.0,5.0,6.1,1.5,0.4,3.0,2.6,25.0,regular
1628368,2024-25,00,1610612759,SAS,27.0,17,17,34.0,7.4,16.5,0.446,1.5,5.6,0.274,3.5,4.2,0.819,0.5,3.8,4.3,6.8,1.5,0.3,2.4,2.7,19.7,regular
1628368,2024-25,00,0,TOT,27.0,62,62,36.1,8.7,18.8,0.463,1.9,6.1,0.31,4.2,5.1,0.827,0.9,3.9,4.8,6.3,1.5,0.4,2.8,2.6,23.5,regular
1628368,2025-26,00,1610612759,SAS,28.0,72,72,31.0,7.1,14.5,0.486,1.8,5.5,0.332,2.6,3.4,0.76,0.6,3.2,3.8,6.2,1.2,0.3,2.3,2.3,18.6,regular
1628368,2022-23,00,1610612758,SAC,25.0,7,7,38.6,10.0,23.6,0.424,3.0,9.0,0.333,4.4,5.9,0.756,1.7,3.7,5.4,7.7,2.1,0.6,4.0,3.3,27.4,playoffs
1628368,2025-26,00,1610612759,SAS,28.0,17,17,32.9,6.1,14.4,0.424,1.4,4.6,0.295,2.3,3.2,0.722,0.6,3.4,4.0,5.9,1.2,0.3,1.9,2.6,15.9,playoffs
1642402,2024-25,00,1610612754,IND,24.0,22,1,8.2,0.7,1.7,0.432,0.0,0.5,0.1,0.6,0.9,0.684,0.5,0.9,1.4,0.4,0.1,0.1,0.3,1.0,2.1,regular
1642402,2025-26,00,1610612750,MIN,25.0,4,0,9.3,1.0,2.0,0.5,0.5,1.0,0.5,0.8,1.0,0.75,0.5,2.0,2.5,0.5,0.5,0.8,0.5,1.3,3.3,regular
1642277,2024-25,00,1610612754,IND,20.0,50,0,7.6,0.7,1.8,0.38,0.3,1.0,0.3,0.4,0.4,0.818,0.5,1.0,1.4,0.4,0.4,0.2,0.2,0.8,2.1,regular
1642277,2025-26,00,1610612754,IND,21.0,35,21,18.4,2.0,4.3,0.47,0.7,2.0,0.324,0.5,1.0,0.486,0.9,3.5,4.4,1.2,0.6,0.2,0.8,1.9,5.1,regular
1642277,2024-25,00,1610612754,IND,20.0,11,0,3.2,0.1,0.4,0.25,0.0,0.2,0.0,0.0,0.1,0.0,0.1,0.5,0.5,0.1,0.0,0.1,0.1,0.5,0.2,playoffs
1629655,2019-20,00,1610612741,CHI,21.0,43,7,14.2,2.2,3.1,0.701,0.0,0.0,0.0,0.7,1.4,0.533,1.2,1.3,2.5,0.5,0.3,1.3,0.7,2.3,5.1,regular
1629655,2020-21,00,1610612741,CHI,22.0,31,11,12.4,1.9,2.8,0.69,0.0,0.0,0.0,0.9,1.3,0.659,1.4,1.9,3.3,0.5,0.4,1.1,0.7,1.7,4.7,regular
1629655,2020-21,00,1610612764,WAS,22.0,23,0,17.7,4.1,6.0,0.681,0.0,0.0,0.0,2.0,2.9,0.672,2.2,3.4,5.6,0.5,0.7,1.8,0.8,1.9,10.1,regular
1629655,2020-21,00,0,TOT,22.0,54,11,14.6,2.9,4.2,0.684,0.0,0.0,0.0,1.3,2.0,0.667,1.7,2.5,4.3,0.5,0.5,1.4,0.8,1.8,7.0,regular
1629655,2021-22,00,1610612764,WAS,23.0,72,53,20.1,4.0,5.7,0.693,0.0,0.0,0.0,1.5,2.1,0.699,2.2,3.5,5.7,0.9,0.4,1.4,0.9,2.4,9.4,regular
1629655,2022-23,00,1610612764,WAS,24.0,78,47,20.6,3.7,5.1,0.732,0.0,0.0,0.0,1.6,2.4,0.679,2.1,3.5,5.6,1.1,0.4,1.3,1.1,2.4,9.0,regular
1629655,2023-24,00,1610612764,WAS,25.0,45,45,26.5,4.5,6.5,0.69,0.0,0.0,0.0,1.9,2.6,0.706,2.9,5.1,8.0,1.5,1.0,2.2,1.0,3.3,10.9,regular
1629655,2023-24,00,1610612742,DAL,25.0,29,21,21.5,5.0,6.4,0.78,0.0,0.0,0.0,1.2,1.9,0.607,2.2,4.7,6.9,1.6,0.7,1.9,1.0,2.8,11.2,regular
1629655,2023-24,00,0,TOT,25.0,74,66,24.5,4.7,6.5,0.725,0.0,0.0,0.0,1.6,2.4,0.674,2.6,5.0,7.6,1.6,0.9,2.1,1.0,3.1,11.0,regular
1629655,2024-25,00,1610612742,DAL,26.0,57,31,21.5,5.0,7.1,0.702,0.0,0.0,0.0,2.4,3.4,0.689,2.7,4.1,6.8,1.4,0.4,1.8,1.2,2.7,12.3,regular
1629655,2025-26,00,1610612742,DAL,27.0,55,44,21.7,3.8,5.7,0.655,0.0,0.0,0.0,2.0,2.9,0.683,2.5,4.4,6.9,1.1,0.8,1.3,1.1,2.6,9.5,regular
1629655,2020-21,00,1610612764,WAS,22.0,5,2,23.4,4.4,5.2,0.846,0.0,0.0,0.0,3.0,4.8,0.625,2.8,3.0,5.8,0.6,1.0,2.0,0.6,3.4,11.8,playoffs
1629655,2023-24,00,1610612742,DAL,25.0,22,22,20.2,3.5,5.6,0.634,0.0,0.0,0.0,1.9,3.0,0.631,1.9,3.6,5.5,0.7,0.3,1.5,0.9,1.7,9.0,playoffs
1642066,2025-26,00,1610612748,MIA,24.0,45,7,9.1,1.3,2.7,0.48,0.6,1.4,0.406,0.4,0.6,0.731,0.9,1.8,2.7,1.0,0.4,0.2,0.4,1.7,3.6,regular
1629636,2019-20,00,1610612739,CLE,20.0,59,59,30.9,4.7,11.8,0.401,1.8,5.0,0.355,1.1,1.2,0.875,0.5,1.4,1.9,3.9,0.7,0.1,2.6,1.6,12.3,regular
1629636,2020-21,00,1610612739,CLE,21.0,54,50,33.1,6.7,14.9,0.451,1.9,4.9,0.395,2.1,2.4,0.848,0.4,2.0,2.4,6.1,1.2,0.1,3.0,2.0,17.4,regular
1629636,2021-22,00,1610612739,CLE,22.0,68,68,35.7,8.0,17.3,0.462,2.6,6.7,0.383,3.2,3.5,0.892,0.6,2.7,3.3,8.6,1.3,0.1,3.6,1.7,21.7,regular
1629636,2022-23,00,1610612739,CLE,23.0,69,69,35.5,7.6,16.4,0.462,2.4,6.0,0.41,4.0,4.7,0.863,0.4,2.3,2.7,7.8,1.2,0.1,2.9,2.1,21.6,regular
1629636,2023-24,00,1610612739,CLE,24.0,57,57,33.3,6.6,14.8,0.446,2.3,6.2,0.371,2.6,3.1,0.834,0.5,2.1,2.7,6.5,1.3,0.1,3.1,1.7,18.0,regular
1629636,2024-25,00,1610612739,CLE,25.0,75,75,30.7,7.4,15.7,0.472,2.8,7.1,0.401,3.0,3.4,0.878,0.6,2.2,2.9,6.7,1.2,0.1,2.5,1.9,20.6,regular
1629636,2025-26,00,1610612739,CLE,26.0,26,26,30.5,6.5,14.5,0.451,2.3,6.3,0.36,2.6,3.0,0.861,0.5,2.0,2.4,6.9,0.8,0.1,2.8,1.8,18.0,regular
1629636,2025-26,00,1610612746,LAC,26.0,19,17,29.1,7.3,15.5,0.471,3.3,7.6,0.438,1.9,2.3,0.86,0.3,2.0,2.3,6.4,1.2,0.3,3.0,1.9,19.9,regular
1629636,2025-26,00,0,TOT,26.0,45,43,29.9,6.9,14.9,0.46,2.7,6.8,0.396,2.3,2.7,0.861,0.4,2.0,2.4,6.7,1.0,0.2,2.9,1.9,18.8,regular
1629636,2022-23,00,1610612739,CLE,23.0,5,5,37.8,7.0,16.0,0.438,2.4,6.2,0.387,4.2,5.0,0.84,0.0,1.8,1.8,5.0,1.6,0.2,3.6,3.4,20.6,playoffs
1629636,2023-24,00,1610612739,CLE,24.0,12,12,36.0,6.1,14.3,0.427,2.1,5.9,0.352,1.4,1.8,0.81,0.1,3.5,3.6,5.8,1.1,0.2,2.3,2.8,15.7,playoffs
1629636,2024-25,00,1610612739,CLE,25.0,5,5,29.6,5.8,13.8,0.42,2.0,7.0,0.286,4.4,4.8,0.917,0.2,2.0,2.2,5.2,0.4,0.0,3.0,3.4,18.0,playoffs
1630568,2021-22,00,1610612765,DET,23.0,32,5,12.2,2.1,4.6,0.449,0.5,1.5,0.327,1.2,1.9,0.623,1.8,1.3,3.1,0.6,0.3,0.2,0.6,1.7,5.8,regular
1630568,2022-23,00,1610612750,MIN,24.0,28,0,8.7,2.3,4.1,0.543,0.5,1.4,0.359,1.5,1.9,0.788,1.2,1.1,2.3,0.6,0.1,0.1,0.5,1.5,6.5,regular
1630568,2023-24,00,1610612750,MIN,25.0,25,0,4.9,1.4,3.0,0.48,0.4,1.3,0.281,0.7,1.0,0.72,0.8,0.5,1.2,0.2,0.2,0.0,0.2,1.0,4.0,regular
1630568,2024-25,00,1610612750,MIN,26.0,39,0,5.6,1.3,2.7,0.495,0.3,0.9,0.278,0.6,0.9,0.686,0.8,0.6,1.4,0.3,0.2,0.1,0.3,0.7,3.5,regular
1630568,2025-26,00,1610612738,BOS,27.0,69,6,16.2,3.0,5.2,0.577,0.8,1.8,0.433,1.3,1.7,0.769,2.3,1.8,4.1,1.0,0.4,0.4,0.7,2.3,8.1,regular
1630568,2023-24,00,1610612750,MIN,25.0,7,0,3.7,1.4,1.7,0.833,0.3,0.4,0.667,1.0,1.1,0.875,0.3,0.6,0.9,0.1,0.0,0.0,0.0,0.0,4.1,playoffs
1630568,2024-25,00,1610612750,MIN,26.0,5,0,3.8,1.2,1.2,1.0,0.2,0.2,1.0,0.0,0.0,0.0,0.6,0.0,0.6,0.0,0.0,0.0,0.0,0.2,2.6,playoffs
1630568,2025-26,00,1610612738,BOS,27.0,7,1,8.4,1.4,2.9,0.5,0.6,1.9,0.308,1.0,1.1,0.875,1.0,0.7,1.7,0.9,0.0,0.1,0.1,2.0,4.4,playoffs
1641718,2023-24,00,1610612762,UTA,20.0,75,44,27.0,4.3,10.9,0.391,2.0,5.9,0.334,2.5,3.0,0.848,0.2,2.6,2.8,4.4,0.5,0.1,2.5,1.2,13.0,regular
1641718,2024-25,00,1610612762,UTA,21.0,67,35,31.5,5.4,13.7,0.391,2.6,7.6,0.343,3.5,4.3,0.818,0.4,3.4,3.8,5.6,0.7,0.1,2.7,1.7,16.8,regular
1641718,2025-26,00,1610612762,UTA,22.0,54,54,33.1,7.4,16.3,0.456,2.5,6.7,0.371,6.2,7.0,0.892,0.4,3.3,3.7,6.1,1.1,0.3,3.1,2.2,23.6,regular
1642273,2024-25,00,1610612764,WAS,21.0,68,38,26.5,3.0,8.0,0.372,1.7,5.2,0.322,1.0,1.4,0.753,0.7,3.5,4.2,2.5,1.0,0.7,1.4,3.0,8.7,regular
1642273,2025-26,00,1610612764,WAS,22.0,48,48,29.0,5.3,12.0,0.438,2.1,5.4,0.381,2.2,2.7,0.802,0.9,4.2,5.1,4.5,1.0,0.9,2.6,3.5,14.8,regular
202331,2010-11,00,1610612754,IND,21.0,61,19,20.7,2.9,6.5,0.453,0.7,2.3,0.297,1.3,1.7,0.762,0.6,3.1,3.7,1.1,1.0,0.4,1.1,2.1,7.8,regular
202331,2011-12,00,1610612754,IND,22.0,66,66,29.7,4.3,9.7,0.44,1.4,3.5,0.385,2.2,2.8,0.802,0.8,4.8,5.6,2.4,1.6,0.6,1.8,2.9,12.1,regular
202331,2012-13,00,1610612754,IND,23.0,79,79,37.6,6.2,14.9,0.419,2.2,5.9,0.362,2.8,3.5,0.807,1.1,6.5,7.6,4.1,1.8,0.6,2.9,2.9,17.4,regular
202331,2013-14,00,1610612754,IND,24.0,80,80,36.2,7.2,17.0,0.424,2.3,6.3,0.364,5.0,5.8,0.864,0.8,6.0,6.8,3.5,1.9,0.3,2.8,2.5,21.7,regular
202331,2014-15,00,1610612754,IND,25.0,6,0,15.2,3.0,8.2,0.367,1.5,3.7,0.409,1.3,1.8,0.727,0.7,3.0,3.7,1.0,0.8,0.2,2.0,1.8,8.8,regular
202331,2015-16,00,1610612754,IND,26.0,81,81,34.8,7.5,17.9,0.418,2.6,7.0,0.371,5.6,6.5,0.86,1.0,6.0,7.0,4.1,1.9,0.4,3.3,2.8,23.1,regular
202331,2016-17,00,1610612754,IND,27.0,75,75,35.9,8.3,18.0,0.461,2.6,6.6,0.393,4.5,5.0,0.898,0.8,5.8,6.6,3.3,1.6,0.4,2.9,2.7,23.7,regular
202331,2017-18,00,1610612760,OKC,28.0,79,79,36.6,7.3,17.0,0.43,3.1,7.7,0.401,4.3,5.2,0.822,0.9,4.7,5.7,3.3,2.0,0.5,2.7,2.9,21.9,regular
202331,2018-19,00,1610612760,OKC,29.0,77,77,36.9,9.2,21.0,0.438,3.8,9.8,0.386,5.9,7.0,0.839,1.4,6.8,8.2,4.1,2.2,0.4,2.7,2.8,28.0,regular
202331,2019-20,00,1610612746,LAC,30.0,48,48,29.6,7.1,16.3,0.439,3.3,7.9,0.412,4.0,4.5,0.876,0.5,5.2,5.7,3.9,1.4,0.4,2.6,2.4,21.5,regular
202331,2020-21,00,1610612746,LAC,31.0,54,54,33.7,8.2,17.6,0.467,3.2,7.7,0.411,3.7,4.2,0.868,0.8,5.8,6.6,5.2,1.1,0.4,3.3,2.4,23.3,regular
202331,2021-22,00,1610612746,LAC,32.0,31,31,34.7,8.6,20.5,0.421,2.9,8.3,0.354,4.1,4.8,0.858,0.4,6.5,6.9,5.7,2.2,0.4,4.1,2.4,24.3,regular
202331,2022-23,00,1610612746,LAC,33.0,56,56,34.6,8.2,17.9,0.457,2.8,7.6,0.371,4.6,5.3,0.871,0.8,5.3,6.1,5.1,1.5,0.4,3.1,2.8,23.8,regular
202331,2023-24,00,1610612746,LAC,34.0,74,74,33.8,7.9,16.7,0.471,3.3,7.9,0.413,3.6,3.9,0.907,0.5,4.7,5.2,3.5,1.5,0.5,2.1,2.7,22.6,regular
202331,2024-25,00,1610612755,PHI,35.0,41,41,32.5,6.0,13.9,0.43,2.3,6.5,0.358,1.9,2.4,0.814,0.6,4.8,5.3,4.3,1.8,0.5,2.6,2.5,16.2,regular
202331,2025-26,00,1610612755,PHI,36.0,37,37,30.7,6.1,13.9,0.439,2.7,6.9,0.392,2.5,3.0,0.82,0.5,4.8,5.3,3.6,1.7,0.4,1.7,2.3,17.3,regular
202331,2010-11,00,1610612754,IND,21.0,5,5,26.6,2.0,6.6,0.303,0.6,2.6,0.231,1.4,1.6,0.875,1.0,4.0,5.0,1.0,1.4,2.0,1.4,2.2,6.0,playoffs
202331,2011-12,00,1610612754,IND,22.0,11,11,33.7,3.4,8.6,0.389,1.0,3.7,0.268,2.0,2.5,0.786,1.4,5.3,6.6,2.4,1.6,0.4,1.9,2.9,9.7,playoffs
202331,2012-13,00,1610612754,IND,23.0,19,19,41.1,6.3,14.6,0.43,1.8,5.5,0.327,4.9,6.7,0.727,0.8,6.6,7.4,5.1,1.3,0.5,3.9,3.8,19.2,playoffs
202331,2013-14,00,1610612754,IND,24.0,19,19,41.1,7.3,16.6,0.438,2.7,6.8,0.403,5.3,6.7,0.789,0.7,6.9,7.6,3.8,2.2,0.4,2.6,2.9,22.6,playoffs
202331,2015-16,00,1610612754,IND,26.0,7,7,39.3,8.0,17.6,0.455,2.6,6.1,0.419,8.7,9.1,0.953,1.3,6.3,7.6,4.3,2.0,0.7,3.3,3.4,27.3,playoffs
202331,2016-17,00,1610612754,IND,27.0,4,4,43.0,8.5,22.0,0.386,4.5,10.5,0.429,6.5,7.5,0.867,1.3,7.5,8.8,7.3,1.8,0.5,3.3,3.3,28.0,playoffs
202331,2017-18,00,1610612760,OKC,28.0,6,6,41.8,8.2,20.0,0.408,3.2,8.7,0.365,5.2,6.0,0.861,0.7,5.3,6.0,2.7,1.3,0.7,4.0,2.8,24.7,playoffs
202331,2018-19,00,1610612760,OKC,29.0,5,5,40.8,8.8,20.2,0.436,3.0,9.4,0.319,8.0,9.8,0.816,1.2,7.4,8.6,3.6,1.4,0.2,4.2,4.2,28.6,playoffs
202331,2019-20,00,1610612746,LAC,30.0,13,13,36.8,6.8,17.0,0.398,2.8,8.5,0.333,3.8,4.2,0.909,1.1,5.0,6.1,3.8,1.5,0.5,3.1,3.8,20.2,playoffs
202331,2020-21,00,1610612746,LAC,31.0,19,19,40.8,8.7,19.7,0.441,2.7,8.0,0.336,6.8,8.1,0.844,0.9,8.7,9.6,5.4,1.0,0.5,3.5,3.1,26.9,playoffs
202331,2023-24,00,1610612746,LAC,34.0,6,6,37.0,6.5,15.8,0.411,3.0,8.2,0.367,3.5,4.2,0.84,0.5,6.3,6.8,4.8,1.2,0.5,2.3,3.7,19.5,playoffs
202331,2025-26,00,1610612755,PHI,36.0,11,11,35.8,5.9,12.9,0.458,3.2,6.5,0.493,1.4,1.8,0.75,0.5,3.4,3.9,3.0,1.3,0.5,2.0,2.5,16.4,playoffs
1630581,2021-22,00,1610612760,OKC,19.0,54,54,31.5,5.2,12.4,0.419,1.0,3.9,0.263,1.0,1.5,0.709,1.8,6.0,7.8,6.4,0.9,0.4,3.2,1.6,12.5,regular
1630581,2022-23,00,1610612760,OKC,20.0,76,76,31.1,7.1,14.7,0.482,1.0,3.1,0.325,1.4,1.9,0.731,1.9,5.9,7.9,6.2,0.8,0.4,2.8,1.9,16.6,regular
1630581,2023-24,00,1610612760,OKC,21.0,80,80,25.2,5.0,10.6,0.475,1.0,3.0,0.337,1.3,1.6,0.806,1.4,5.0,6.4,4.8,0.6,0.6,2.1,1.4,12.3,regular
1630581,2024-25,00,1610612741,CHI,22.0,70,69,30.2,5.3,11.4,0.465,1.5,4.0,0.378,2.5,3.2,0.781,1.8,6.3,8.1,7.2,1.2,0.6,2.9,1.7,14.6,regular
1630581,2025-26,00,1610612741,CHI,23.0,54,51,32.1,5.9,13.3,0.448,1.9,5.2,0.364,3.2,4.2,0.763,1.2,7.1,8.3,9.1,1.0,0.5,3.6,1.7,17.0,regular
1630581,2023-24,00,1610612760,OKC,21.0,10,8,18.1,3.4,7.5,0.453,1.2,3.4,0.353,0.7,0.8,0.875,0.7,2.9,3.6,2.1,0.2,0.4,1.2,0.9,8.7,playoffs
1628983,2018-19,00,1610612746,LAC,20.0,82,73,26.5,4.2,8.7,0.476,0.6,1.7,0.367,1.9,2.4,0.8,0.7,2.1,2.8,3.3,1.2,0.5,1.7,2.1,10.8,regular
1628983,2019-20,00,1610612760,OKC,21.0,70,70,34.7,6.8,14.5,0.471,1.2,3.6,0.347,4.1,5.1,0.807,0.7,5.2,5.9,3.3,1.1,0.7,1.9,1.7,19.0,regular
1628983,2020-21,00,1610612760,OKC,22.0,35,35,33.7,8.2,16.1,0.508,2.0,4.9,0.418,5.3,6.5,0.808,0.5,4.2,4.7,5.9,0.8,0.7,3.0,2.0,23.7,regular
1628983,2021-22,00,1610612760,OKC,23.0,56,56,34.7,8.5,18.8,0.453,1.6,5.3,0.3,5.9,7.2,0.81,0.7,4.3,5.0,5.9,1.3,0.8,2.8,2.5,24.5,regular
1628983,2022-23,00,1610612760,OKC,24.0,68,68,35.5,10.4,20.3,0.51,0.9,2.5,0.345,9.8,10.9,0.905,0.9,4.0,4.8,5.5,1.6,1.0,2.8,2.8,31.4,regular
1628983,2023-24,00,1610612760,OKC,25.0,75,75,34.0,10.6,19.8,0.535,1.3,3.6,0.353,7.6,8.7,0.874,0.9,4.7,5.5,6.2,2.0,0.9,2.2,2.5,30.1,regular
1628983,2024-25,00,1610612760,OKC,26.0,76,76,34.2,11.3,21.8,0.519,2.1,5.7,0.375,7.9,8.8,0.898,0.9,4.1,5.0,6.4,1.7,1.0,2.4,2.2,32.7,regular
1628983,2025-26,00,1610612760,OKC,27.0,68,68,33.2,10.8,19.4,0.553,1.7,4.4,0.386,7.9,9.0,0.879,0.6,3.7,4.3,6.6,1.4,0.8,2.2,2.0,31.1,regular
1628983,2018-19,00,1610612746,LAC,20.0,6,6,28.8,4.7,10.0,0.467,1.5,3.0,0.5,2.8,3.3,0.85,0.7,2.0,2.7,3.2,1.0,0.8,0.8,2.8,13.7,playoffs
1628983,2019-20,00,1610612760,OKC,21.0,7,7,39.9,5.6,12.9,0.433,2.0,5.0,0.4,3.1,3.3,0.957,0.4,4.9,5.3,4.1,1.0,0.4,2.1,2.4,16.3,playoffs
1628983,2023-24,00,1610612760,OKC,25.0,10,10,39.9,11.1,22.4,0.496,1.6,3.7,0.432,6.4,8.1,0.79,0.8,6.4,7.2,6.4,1.3,1.7,2.2,3.1,30.2,playoffs
1628983,2024-25,00,1610612760,OKC,26.0,23,23,37.0,10.1,21.9,0.462,1.4,4.9,0.283,8.3,9.4,0.876,1.0,4.3,5.3,6.5,1.7,0.9,2.6,2.8,29.9,playoffs
1628983,2025-26,00,1610612760,OKC,27.0,15,15,36.3,8.8,19.0,0.463,1.2,3.9,0.305,8.8,9.9,0.892,0.4,2.5,2.9,7.9,1.3,0.9,3.1,2.3,27.6,playoffs
1630264,2020-21,00,1610612764,WAS,28.0,26,4,8.4,1.2,2.3,0.5,0.3,0.9,0.292,0.5,0.6,0.813,0.6,1.3,2.0,0.4,0.4,0.2,0.3,1.0,3.1,regular
1630264,2021-22,00,1610612764,WAS,29.0,44,0,10.5,1.4,2.5,0.569,0.3,0.6,0.538,1.0,1.2,0.808,0.8,1.2,1.9,0.6,0.1,0.3,0.4,1.3,4.1,regular
1630264,2022-23,00,1610612764,WAS,30.0,59,8,10.6,1.2,2.2,0.538,0.1,0.5,0.138,0.8,1.1,0.731,0.6,1.1,1.7,0.6,0.1,0.2,0.3,1.2,3.3,regular
1630264,2023-24,00,1610612764,WAS,31.0,50,3,9.3,1.5,3.2,0.469,0.2,0.8,0.244,0.6,0.7,0.806,0.7,1.1,1.9,0.7,0.3,0.2,0.5,1.0,3.8,regular
1630264,2024-25,00,1610612764,WAS,32.0,51,0,7.8,0.8,1.7,0.489,0.2,0.6,0.323,0.6,1.0,0.66,0.4,0.9,1.3,0.3,0.2,0.0,0.2,0.6,2.5,regular
1630264,2025-26,00,1610612764,WAS,33.0,55,8,17.3,2.5,3.9,0.628,0.3,0.9,0.354,0.6,0.8,0.739,1.1,1.8,2.9,1.3,0.6,0.4,0.7,1.6,5.8,regular
1630264,2020-21,00,1610612764,WAS,28.0,4,0,8.3,0.0,0.8,0.0,0.0,0.3,0.0,0.0,0.0,0.0,0.3,0.8,1.0,0.0,0.0,0.0,0.8,1.8,0.0,playoffs
1631221,2023-24,00,1610612743,DEN,25.0,24,0,9.4,1.3,2.9,0.464,0.6,1.6,0.395,0.3,0.5,0.667,0.0,0.8,0.9,1.1,0.5,0.0,0.6,1.0,3.6,regular
1631221,2024-25,00,1610612756,PHX,26.0,33,9,14.0,2.1,4.8,0.43,1.2,2.7,0.433,0.6,0.7,0.864,0.7,1.7,2.4,2.4,0.6,0.2,0.5,0.9,5.9,regular
1631221,2025-26,00,1610612756,PHX,26.0,80,58,28.5,4.4,10.5,0.418,2.9,7.2,0.401,1.0,1.1,0.874,1.1,3.0,4.1,4.6,1.2,0.2,1.6,1.6,12.7,regular
1631221,2025-26,00,1610612756,PHX,26.0,4,3,28.5,4.0,9.0,0.444,2.5,6.3,0.4,0.0,0.3,0.0,1.5,3.5,5.0,3.8,1.3,0.3,1.0,3.0,10.5,playoffs
203497,2013-14,00,1610612762,UTA,22.0,45,0,9.6,0.8,1.6,0.486,0.0,0.0,0.0,0.7,1.4,0.492,1.1,2.3,3.4,0.2,0.2,0.9,0.7,1.3,2.3,regular
203497,2014-15,00,1610612762,UTA,23.0,82,37,26.3,3.1,5.2,0.604,0.0,0.0,0.0,2.1,3.3,0.623,3.2,6.2,9.5,1.3,0.8,2.3,1.4,2.1,8.4,regular
203497,2015-16,00,1610612762,UTA,24.0,61,60,31.7,3.2,5.8,0.559,0.0,0.0,0.0,2.6,4.6,0.569,3.4,7.5,11.0,1.5,0.7,2.2,1.9,2.7,9.1,regular
203497,2016-17,00,1610612762,UTA,25.0,81,81,33.9,5.1,7.7,0.661,0.0,0.0,0.0,3.8,5.9,0.653,3.9,8.9,12.8,1.2,0.6,2.6,1.8,3.0,14.0,regular
203497,2017-18,00,1610612762,UTA,26.0,56,56,32.4,4.9,7.9,0.622,0.0,0.0,0.0,3.6,5.3,0.682,2.9,7.8,10.7,1.4,0.8,2.3,1.9,2.7,13.5,regular
203497,2018-19,00,1610612762,UTA,27.0,81,80,31.8,5.9,8.8,0.669,0.0,0.0,0.0,4.1,6.4,0.636,3.8,9.0,12.9,2.0,0.8,2.3,1.6,2.9,15.9,regular
203497,2019-20,00,1610612762,UTA,28.0,68,68,34.3,5.7,8.2,0.693,0.0,0.0,0.0,3.7,5.9,0.63,3.4,10.1,13.5,1.5,0.8,2.0,1.9,3.2,15.1,regular
203497,2020-21,00,1610612762,UTA,29.0,71,71,30.8,5.5,8.2,0.675,0.0,0.1,0.0,3.3,5.3,0.623,3.4,10.1,13.5,1.3,0.6,2.7,1.7,2.3,14.3,regular
203497,2021-22,00,1610612762,UTA,30.0,66,66,32.1,5.5,7.7,0.713,0.0,0.1,0.0,4.6,6.7,0.69,3.7,11.0,14.7,1.1,0.7,2.1,1.8,2.7,15.6,regular
203497,2022-23,00,1610612750,MIN,31.0,70,70,30.7,5.1,7.8,0.659,0.0,0.0,0.0,3.1,4.9,0.644,3.3,8.3,11.6,1.2,0.8,1.4,1.7,3.0,13.4,regular
203497,2023-24,00,1610612750,MIN,32.0,76,76,34.1,5.3,8.1,0.661,0.0,0.0,0.0,3.3,5.1,0.638,3.8,9.2,12.9,1.3,0.7,2.1,1.6,3.1,14.0,regular
203497,2024-25,00,1610612750,MIN,33.0,72,72,33.2,4.7,7.1,0.669,0.0,0.0,0.0,2.6,3.8,0.674,3.7,7.2,10.9,1.8,0.8,1.4,1.2,2.5,12.0,regular
203497,2025-26,00,1610612750,MIN,33.0,76,76,31.3,4.4,6.5,0.682,0.0,0.1,0.0,2.1,4.0,0.526,3.9,7.5,11.5,1.7,0.8,1.6,1.4,2.6,10.9,regular
203497,2016-17,00,1610612762,UTA,25.0,9,9,27.3,4.4,7.0,0.635,0.0,0.0,0.0,2.7,5.6,0.48,2.4,7.4,9.9,1.2,1.0,1.3,1.0,3.3,11.6,playoffs
203497,2017-18,00,1610612762,UTA,26.0,11,11,34.8,5.0,7.6,0.655,0.0,0.0,0.0,3.2,5.3,0.603,3.9,6.8,10.7,1.0,0.9,2.3,1.9,3.1,13.2,playoffs
203497,2018-19,00,1610612762,UTA,27.0,5,5,30.4,3.8,6.4,0.594,0.0,0.0,0.0,3.6,4.6,0.783,4.6,5.6,10.2,1.4,0.6,2.6,1.8,3.2,11.2,playoffs
203497,2019-20,00,1610612762,UTA,28.0,7,7,38.6,6.9,10.6,0.649,0.0,0.0,0.0,3.1,6.0,0.524,3.4,8.0,11.4,1.1,0.6,1.4,1.3,3.7,16.9,playoffs
203497,2020-21,00,1610612762,UTA,29.0,11,11,34.2,5.5,7.4,0.741,0.0,0.1,0.0,3.8,6.0,0.636,3.9,8.4,12.3,0.8,0.5,2.1,1.5,4.2,14.7,playoffs
203497,2021-22,00,1610612762,UTA,30.0,6,6,32.8,3.5,5.5,0.636,0.0,0.0,0.0,5.0,7.3,0.682,3.5,9.7,13.2,0.5,0.2,1.0,1.3,3.2,12.0,playoffs
203497,2022-23,00,1610612750,MIN,31.0,5,5,35.4,5.8,9.2,0.63,0.0,0.0,0.0,3.4,5.4,0.63,3.6,8.6,12.2,2.0,0.4,1.0,1.6,4.8,15.0,playoffs
203497,2023-24,00,1610612750,MIN,32.0,15,15,34.1,4.3,6.9,0.615,0.0,0.0,0.0,3.5,5.3,0.671,2.7,7.1,9.8,1.6,0.9,1.0,1.5,3.7,12.1,playoffs
203497,2024-25,00,1610612750,MIN,33.0,15,15,27.4,3.1,5.3,0.582,0.0,0.0,0.0,1.7,3.3,0.52,3.1,5.5,8.6,0.7,0.5,1.2,0.9,2.5,7.9,playoffs
203497,2025-26,00,1610612750,MIN,33.0,12,12,31.0,2.8,5.8,0.493,0.0,0.2,0.0,1.5,3.2,0.474,3.5,5.8,9.3,2.3,1.2,1.1,1.3,2.8,7.2,playoffs
1642884,2025-26,00,1610612748,MIA,24.0,9,0,2.7,0.3,0.4,0.75,0.0,0.0,0.0,0.1,0.1,1.0,0.3,0.7,1.0,0.3,0.0,0.3,0.3,0.6,0.8,regular
1642864,2025-26,00,1610612738,BOS,20.0,74,3,14.6,1.6,3.3,0.476,0.6,1.6,0.362,0.2,0.4,0.5,0.8,2.5,3.3,0.5,0.6,0.3,0.5,1.7,3.9,regular
1642864,2025-26,00,1610612738,BOS,20.0,4,0,4.8,0.0,0.8,0.0,0.0,0.8,0.0,0.0,0.5,0.0,0.3,0.8,1.0,0.5,0.0,0.3,0.3,1.0,0.0,playoffs
1630692,2021-22,00,1610612764,WAS,23.0,2,0,3.0,0.0,1.5,0.0,0.0,0.5,0.0,0.0,0.0,0.0,0.0,0.5,0.5,0.0,0.0,0.0,0.0,0.5,0.0,regular
1630692,2022-23,00,1610612764,WAS,24.0,62,7,17.8,2.5,5.7,0.448,0.6,1.9,0.322,0.9,1.1,0.768,0.9,2.4,3.3,2.7,0.9,0.4,0.9,1.5,6.6,regular
1630692,2023-24,00,1610612756,PHX,25.0,40,0,14.0,1.9,4.8,0.389,0.6,2.0,0.288,0.6,0.7,0.862,1.0,1.9,2.9,2.0,0.6,0.2,0.7,1.1,5.0,regular
1630692,2023-24,00,1610612763,MEM,25.0,17,12,29.2,3.9,11.1,0.349,1.1,3.6,0.311,1.1,1.8,0.633,2.8,5.2,8.0,4.5,1.5,0.5,1.6,1.9,10.0,regular
1630692,2023-24,00,0,TOT,25.0,57,12,18.5,2.5,6.7,0.369,0.7,2.5,0.298,0.8,1.0,0.746,1.5,2.9,4.4,2.7,0.8,0.3,1.0,1.3,6.5,regular
1630692,2024-25,00,1610612747,LAL,26.0,29,5,18.7,2.2,5.0,0.438,0.9,2.3,0.382,0.3,0.4,0.818,1.3,2.6,3.9,1.4,1.0,0.4,0.9,1.5,5.6,regular
1630692,2025-26,00,1610612756,PHX,27.0,70,10,22.5,3.3,7.9,0.413,1.6,4.3,0.371,0.6,0.8,0.696,2.0,2.9,4.9,2.2,1.5,0.2,1.0,1.9,8.7,regular
1630692,2024-25,00,1610612747,LAL,26.0,4,0,7.8,0.3,1.3,0.2,0.0,0.5,0.0,0.3,0.5,0.5,0.5,0.8,1.3,0.5,0.3,0.3,0.3,1.8,0.8,playoffs
1630692,2025-26,00,1610612756,PHX,27.0,1,1,5.0,1.0,4.0,0.25,0.0,3.0,0.0,0.0,0.0,0.0,0.0,0.0,0.0,0.0,0.0,0.0,0.0,2.0,2.0,playoffs
203932,2014-15,00,1610612753,ORL,19.0,47,8,17.0,2.0,4.4,0.447,0.3,1.0,0.271,0.9,1.3,0.721,1.0,2.6,3.6,0.7,0.4,0.5,0.8,1.8,5.2,regular
203932,2015-16,00,1610612753,ORL,20.0,78,37,23.9,3.5,7.4,0.473,0.5,1.8,0.296,1.7,2.5,0.668,2.0,4.5,6.5,1.6,0.8,0.7,0.8,2.0,9.2,regular
203932,2016-17,00,1610612753,ORL,21.0,80,72,28.7,4.9,10.8,0.454,1.0,3.3,0.288,2.0,2.7,0.719,1.5,3.6,5.1,1.9,0.8,0.5,1.1,2.2,12.7,regular
203932,2017-18,00,1610612753,ORL,22.0,58,57,32.9,6.5,14.9,0.434,2.0,5.9,0.336,2.7,3.9,0.698,1.5,6.4,7.9,2.3,1.0,0.8,1.8,1.9,17.6,regular
203932,2018-19,00,1610612753,ORL,23.0,78,78,33.8,6.0,13.4,0.449,1.6,4.4,0.349,2.4,3.2,0.731,1.7,5.7,7.4,3.7,0.7,0.7,2.1,2.2,16.0,regular
203932,2019-20,00,1610612753,ORL,24.0,62,62,32.5,5.4,12.4,0.437,1.2,3.8,0.308,2.4,3.6,0.674,1.7,5.9,7.7,3.7,0.8,0.6,1.6,2.0,14.4,regular
203932,2020-21,00,1610612753,ORL,25.0,25,25,29.4,5.1,11.7,0.437,1.7,4.5,0.375,2.6,4.2,0.629,1.6,5.1,6.6,4.2,0.6,0.8,2.7,2.0,14.6,regular
203932,2020-21,00,1610612743,DEN,25.0,25,25,25.9,4.1,8.2,0.5,0.7,2.6,0.266,1.2,1.8,0.705,1.5,3.2,4.7,2.2,0.7,0.6,1.2,1.6,10.2,regular
203932,2020-21,00,0,TOT,25.0,50,50,27.7,4.6,10.0,0.463,1.2,3.5,0.335,1.9,3.0,0.651,1.5,4.1,5.7,3.2,0.7,0.7,1.9,1.8,12.4,regular
203932,2021-22,00,1610612743,DEN,26.0,75,75,31.7,5.8,11.1,0.52,1.2,3.5,0.335,2.3,3.1,0.743,1.7,4.2,5.9,2.5,0.6,0.6,1.8,2.0,15.0,regular
203932,2022-23,00,1610612743,DEN,27.0,68,68,30.2,6.3,11.2,0.564,0.9,2.5,0.347,2.8,4.6,0.608,2.4,4.1,6.6,3.0,0.8,0.8,1.4,1.9,16.3,regular
203932,2023-24,00,1610612743,DEN,28.0,73,73,31.5,5.5,9.8,0.556,0.5,1.9,0.29,2.4,3.7,0.658,2.4,4.1,6.5,3.5,0.8,0.6,1.4,1.9,13.9,regular
203932,2024-25,00,1610612743,DEN,29.0,51,42,28.4,5.2,9.7,0.531,1.5,3.4,0.436,2.8,3.5,0.81,1.6,3.3,4.8,3.2,0.5,0.3,1.4,1.6,14.7,regular
203932,2025-26,00,1610612743,DEN,30.0,36,33,27.9,5.5,11.1,0.497,1.7,4.4,0.389,3.5,4.5,0.767,1.4,4.4,5.8,2.7,0.6,0.3,1.1,1.7,16.2,regular
203932,2018-19,00,1610612753,ORL,23.0,5,5,32.8,5.8,12.4,0.468,1.6,4.0,0.4,2.0,3.8,0.526,2.2,5.0,7.2,3.6,1.2,0.2,2.6,3.2,15.2,playoffs
203932,2020-21,00,1610612743,DEN,25.0,10,10,29.9,4.3,9.9,0.434,0.9,2.3,0.391,1.6,2.5,0.64,2.1,3.3,5.4,2.0,0.5,0.3,1.4,2.3,11.1,playoffs
203932,2021-22,00,1610612743,DEN,26.0,5,5,32.0,4.6,10.8,0.426,0.6,3.0,0.2,4.0,5.6,0.714,3.6,3.6,7.2,2.6,0.4,1.2,1.6,2.8,13.8,playoffs
203932,2022-23,00,1610612743,DEN,27.0,20,20,35.7,5.1,9.8,0.518,0.9,2.3,0.391,2.3,3.5,0.652,2.5,3.6,6.0,2.6,0.6,0.7,1.0,2.9,13.3,playoffs
203932,2023-24,00,1610612743,DEN,28.0,12,12,37.1,5.8,9.8,0.585,0.9,2.3,0.407,1.9,2.3,0.821,3.0,4.3,7.3,4.4,0.8,0.6,1.5,2.3,14.3,playoffs
203932,2024-25,00,1610612743,DEN,29.0,14,14,37.3,5.8,11.9,0.485,1.6,4.1,0.379,3.1,3.6,0.86,3.6,4.0,7.6,2.7,0.6,0.4,1.9,2.4,16.2,playoffs
203932,2025-26,00,1610612743,DEN,30.0,3,3,29.7,4.0,10.0,0.4,1.0,4.7,0.214,2.3,3.3,0.7,1.3,4.0,5.3,2.3,0.0,0.3,0.3,3.0,11.3,playoffs
201569,2008-09,00,1610612746,LAC,20.0,78,65,34.3,5.3,11.6,0.456,1.7,4.3,0.389,3.8,4.5,0.854,0.6,2.0,2.6,2.8,1.0,0.4,2.1,2.2,16.1,regular
201569,2009-10,00,1610612746,LAC,21.0,62,60,36.0,5.7,12.6,0.449,1.9,5.2,0.371,3.6,4.8,0.742,0.4,2.2,2.6,3.0,1.1,0.2,2.3,1.5,16.9,regular
201569,2010-11,00,1610612746,LAC,22.0,56,56,37.7,7.6,16.9,0.45,1.9,5.2,0.364,5.1,6.2,0.825,0.8,2.1,2.9,4.4,1.3,0.3,2.7,2.1,22.3,regular
201569,2011-12,00,1610612740,NOH,23.0,9,9,34.4,7.0,15.6,0.45,1.1,4.4,0.25,5.4,7.2,0.754,0.2,2.6,2.8,3.4,1.4,0.4,2.7,2.2,20.6,regular
201569,2012-13,00,1610612740,NOH,24.0,42,40,30.1,5.6,13.9,0.402,1.3,4.1,0.324,4.5,5.3,0.842,0.2,1.6,1.8,3.3,1.1,0.2,2.8,1.8,17.0,regular
201569,2013-14,00,1610612740,NOP,25.0,64,64,32.1,5.6,12.8,0.436,1.6,4.0,0.391,2.7,3.5,0.785,0.5,2.1,2.6,3.3,1.2,0.2,2.1,1.8,15.4,regular
201569,2014-15,00,1610612740,NOP,26.0,61,60,33.1,4.7,11.4,0.411,2.3,5.2,0.448,1.8,2.2,0.805,0.5,2.1,2.6,3.8,0.8,0.2,2.0,2.4,13.4,regular
201569,2015-16,00,1610612740,NOP,27.0,45,44,32.9,5.1,12.3,0.418,2.5,6.5,0.384,2.5,2.8,0.888,0.2,2.0,2.2,2.7,1.0,0.3,1.6,2.2,15.2,regular
201569,2016-17,00,1610612745,HOU,28.0,75,15,31.0,5.5,13.5,0.406,3.3,8.8,0.372,2.0,2.3,0.84,0.4,2.3,2.7,2.5,0.6,0.5,1.6,2.0,16.2,regular
201569,2017-18,00,1610612745,HOU,29.0,69,30,31.2,6.0,14.1,0.428,3.2,8.8,0.359,2.8,3.5,0.809,0.4,2.1,2.5,2.2,0.6,0.4,1.9,1.7,18.0,regular
201569,2018-19,00,1610612745,HOU,30.0,68,53,31.7,5.6,13.8,0.409,3.2,8.8,0.36,1.8,2.2,0.783,0.3,1.9,2.2,1.9,0.6,0.4,1.3,2.1,16.2,regular
201569,2019-20,00,1610612745,HOU,31.0,36,15,28.2,4.8,12.9,0.369,2.7,8.4,0.317,2.3,3.0,0.766,0.3,1.7,2.0,1.5,0.6,0.4,1.2,1.9,14.4,regular
201569,2020-21,00,1610612745,HOU,32.0,27,13,29.2,5.9,13.6,0.433,2.6,7.8,0.329,3.5,4.2,0.825,0.3,1.9,2.1,2.6,0.5,0.5,1.9,1.6,17.8,regular
201569,2021-22,00,1610612745,HOU,33.0,57,46,29.3,4.7,9.9,0.475,2.2,5.3,0.412,1.8,2.4,0.778,0.3,1.7,2.0,2.7,0.5,0.3,1.9,1.1,13.4,regular
201569,2022-23,00,1610612745,HOU,34.0,47,47,30.2,4.5,10.2,0.439,1.8,5.2,0.347,2.3,2.9,0.815,0.3,1.8,2.1,2.9,0.6,0.4,1.8,1.0,13.1,regular
201569,2022-23,00,1610612746,LAC,34.0,22,11,24.9,3.7,8.0,0.463,2.1,5.0,0.423,1.5,1.7,0.842,0.2,1.5,1.7,2.1,0.6,0.4,1.0,1.5,11.0,regular
201569,2022-23,00,0,TOT,34.0,69,58,28.5,4.2,9.5,0.446,1.9,5.2,0.371,2.1,2.5,0.821,0.2,1.7,1.9,2.7,0.6,0.4,1.5,1.1,12.4,regular
201569,2023-24,00,1610612756,PHX,35.0,68,24,27.8,4.0,9.1,0.443,2.2,5.8,0.378,0.8,0.9,0.797,0.2,1.6,1.8,2.0,1.0,0.4,1.1,1.2,11.0,regular
201569,2024-25,00,1610612755,PHI,36.0,39,13,19.7,2.2,5.2,0.426,1.4,3.5,0.409,0.9,1.2,0.75,0.2,1.0,1.2,1.7,0.7,0.3,0.7,0.8,6.8,regular
201569,2025-26,00,1610612755,PHI,37.0,6,0,12.3,2.0,3.5,0.571,1.3,2.3,0.571,0.2,0.3,0.5,0.2,0.2,0.3,0.5,0.7,0.2,0.5,0.5,5.5,regular
201569,2014-15,00,1610612740,NOP,26.0,4,4,35.8,7.0,15.8,0.444,3.3,8.0,0.406,1.3,1.5,0.833,0.5,1.8,2.3,3.8,0.5,0.5,2.5,2.8,18.5,playoffs
201569,2016-17,00,1610612745,HOU,28.0,11,2,32.5,4.6,11.0,0.421,2.5,6.4,0.386,1.2,1.6,0.722,0.5,3.5,3.9,2.0,0.7,0.5,1.3,1.8,12.9,playoffs
201569,2017-18,00,1610612745,HOU,29.0,17,2,32.3,4.9,13.0,0.38,2.5,7.6,0.331,3.0,3.6,0.836,0.5,2.1,2.6,1.6,0.6,0.5,1.4,1.7,15.4,playoffs
201569,2018-19,00,1610612745,HOU,30.0,11,11,37.3,6.1,13.6,0.447,3.5,8.6,0.4,2.2,2.5,0.857,0.5,2.1,2.5,1.3,0.6,1.0,2.5,2.0,17.8,playoffs
201569,2019-20,00,1610612745,HOU,31.0,12,12,34.2,6.0,14.7,0.409,2.4,7.5,0.322,2.9,3.3,0.875,0.5,2.2,2.7,3.0,0.8,0.6,2.0,2.2,17.3,playoffs
201569,2022-23,00,1610612746,LAC,34.0,5,5,29.8,3.6,8.8,0.409,2.0,5.8,0.345,1.0,1.2,0.833,0.2,1.2,1.4,2.6,0.6,0.4,0.8,2.4,10.2,playoffs
201569,2023-24,00,1610612756,PHX,35.0,4,0,29.5,2.3,7.0,0.321,1.8,4.3,0.412,1.8,2.0,0.875,0.3,1.5,1.8,1.3,1.3,0.5,1.0,1.3,8.0,playoffs
203924,2014-15,00,1610612755,PHI,21.0,65,11,21.2,1.9,5.4,0.352,0.8,2.4,0.314,1.8,3.0,0.591,0.8,2.3,3.0,1.2,0.6,1.0,1.3,2.2,6.3,regular
203924,2015-16,00,1610612755,PHI,22.0,77,52,26.8,3.3,7.8,0.419,0.5,1.9,0.24,2.8,4.2,0.658,1.3,3.4,4.7,1.8,0.7,1.6,1.4,2.8,9.7,regular
203924,2016-17,00,1610612755,PHI,23.0,2,0,20.5,3.0,8.5,0.353,0.0,1.0,0.0,2.0,4.0,0.5,0.0,3.0,3.0,0.0,0.0,2.0,1.5,2.5,8.0,regular
203924,2016-17,00,1610612760,OKC,23.0,78,4,19.1,1.9,4.0,0.469,0.6,1.5,0.377,1.1,1.8,0.619,0.5,2.1,2.6,0.6,0.4,1.0,0.5,1.8,5.4,regular
203924,2016-17,00,0,TOT,23.0,80,4,19.1,1.9,4.1,0.463,0.5,1.5,0.371,1.1,1.8,0.612,0.5,2.1,2.6,0.6,0.4,1.0,0.6,1.9,5.5,regular
203924,2017-18,00,1610612760,OKC,24.0,81,1,20.3,3.0,5.6,0.535,0.4,1.4,0.291,2.0,3.0,0.675,1.1,2.9,3.9,0.7,0.4,1.0,0.7,1.9,8.4,regular
203924,2018-19,00,1610612760,OKC,25.0,80,77,32.7,5.1,10.3,0.497,1.4,3.7,0.392,2.0,2.8,0.71,1.2,4.0,5.2,1.0,0.8,1.3,0.8,2.7,13.6,regular
203924,2019-20,00,1610612743,DEN,26.0,71,24,26.6,4.3,8.9,0.478,1.4,3.5,0.389,2.1,2.8,0.75,0.8,2.7,3.5,1.2,0.7,0.8,0.9,2.2,12.0,regular
203924,2020-21,00,1610612765,DET,27.0,54,54,33.9,7.4,17.3,0.429,2.1,6.1,0.35,5.4,6.4,0.845,0.6,4.0,4.6,2.8,0.6,1.1,2.0,2.3,22.3,regular
203924,2021-22,00,1610612765,DET,28.0,47,47,31.9,6.3,14.9,0.426,1.9,5.4,0.358,4.6,5.5,0.838,0.6,3.5,4.1,2.4,0.9,1.0,1.8,2.3,19.2,regular
203924,2022-23,00,1610612757,POR,29.0,63,63,35.7,6.9,14.5,0.475,2.3,5.7,0.401,4.4,5.4,0.813,0.8,3.7,4.5,2.4,0.8,0.8,1.8,2.4,20.5,regular
203924,2023-24,00,1610612757,POR,30.0,54,54,33.9,7.1,15.7,0.451,2.1,5.1,0.402,4.7,5.8,0.817,0.7,2.9,3.5,2.8,0.8,0.6,2.1,2.2,21.0,regular
203924,2024-25,00,1610612757,POR,31.0,47,47,32.4,4.6,12.2,0.373,2.3,6.3,0.365,3.0,3.5,0.849,0.6,2.9,3.5,2.1,0.9,1.0,1.4,2.3,14.4,regular
203924,2025-26,00,1610612757,POR,32.0,57,38,29.7,5.8,12.8,0.453,2.4,6.1,0.389,4.6,5.6,0.814,1.0,2.5,3.5,2.1,0.7,0.6,2.1,2.5,18.6,regular
203924,2016-17,00,1610612760,OKC,23.0,5,0,22.2,3.8,6.2,0.613,0.4,1.2,0.333,1.2,1.4,0.857,1.4,2.4,3.8,0.8,0.2,0.4,0.6,1.4,9.2,playoffs
203924,2017-18,00,1610612760,OKC,24.0,6,0,22.2,3.0,5.8,0.514,0.3,1.3,0.25,0.8,1.8,0.455,1.3,2.0,3.3,1.0,0.7,0.5,1.0,2.5,7.2,playoffs
203924,2018-19,00,1610612760,OKC,25.0,5,5,35.2,4.0,8.0,0.5,1.8,4.0,0.45,1.8,2.6,0.692,1.2,4.2,5.4,0.8,0.6,2.0,0.8,2.6,11.6,playoffs
203924,2019-20,00,1610612743,DEN,26.0,19,16,34.4,3.7,9.2,0.406,1.6,5.0,0.326,2.5,2.8,0.889,0.4,2.9,3.3,1.3,0.6,0.8,1.3,3.1,11.6,playoffs
203924,2025-26,00,1610612757,POR,32.0,5,0,22.4,3.0,8.6,0.349,1.0,3.0,0.333,3.4,3.6,0.944,0.4,1.4,1.8,0.4,1.0,0.2,0.6,2.2,10.4,playoffs
1631260,2022-23,00,1610612749,MIL,23.0,35,1,9.9,1.5,3.6,0.424,1.3,3.0,0.419,0.1,0.1,1.0,0.2,1.1,1.3,0.6,0.2,0.0,0.3,0.9,4.4,regular
1631260,2023-24,00,1610612749,MIL,24.0,56,0,11.0,1.5,3.5,0.423,1.2,3.0,0.408,0.3,0.3,0.895,0.2,1.0,1.1,0.5,0.2,0.1,0.2,0.9,4.5,regular
1631260,2024-25,00,1610612749,MIL,25.0,73,7,22.7,2.5,5.8,0.429,2.1,5.0,0.427,0.3,0.4,0.815,0.2,2.1,2.4,1.5,0.5,0.1,0.5,2.2,7.4,regular
1631260,2025-26,00,1610612749,MIL,26.0,78,68,29.1,3.4,7.9,0.424,3.0,7.1,0.419,0.7,0.8,0.855,0.4,2.4,2.7,1.9,0.5,0.1,1.0,2.3,10.4,regular
1631260,2023-24,00,1610612749,MIL,24.0,6,0,11.2,1.0,2.7,0.375,0.3,1.8,0.182,0.5,0.5,1.0,0.0,1.5,1.5,0.3,0.0,0.0,0.2,1.5,2.8,playoffs
1631260,2024-25,00,1610612749,MIL,25.0,5,1,27.0,3.6,7.8,0.462,3.6,7.0,0.514,0.2,0.4,0.5,0.4,2.4,2.8,2.0,0.0,0.2,0.0,2.6,11.0,playoffs
203110,2012-13,00,1610612744,GSW,23.0,79,1,13.4,1.1,3.3,0.327,0.2,0.8,0.209,0.6,0.7,0.818,0.7,2.6,3.3,0.7,0.5,0.3,0.6,2.0,2.9,regular
203110,2013-14,00,1610612744,GSW,24.0,82,12,21.9,2.3,5.6,0.407,0.7,2.0,0.333,1.0,1.5,0.667,1.0,3.9,5.0,1.9,1.2,0.9,1.1,2.8,6.2,regular
203110,2014-15,00,1610612744,GSW,25.0,79,79,31.5,4.3,9.7,0.443,1.4,4.2,0.337,1.7,2.5,0.66,1.4,6.7,8.2,3.7,1.6,1.3,1.7,3.2,11.7,regular
203110,2015-16,00,1610612744,GSW,26.0,81,81,34.7,5.0,10.1,0.49,1.2,3.2,0.388,2.8,4.1,0.696,1.7,7.8,9.5,7.4,1.5,1.4,3.2,3.0,14.0,regular
203110,2016-17,00,1610612744,GSW,27.0,76,76,32.5,3.6,8.6,0.418,1.1,3.5,0.308,2.0,2.8,0.709,1.3,6.6,7.9,7.0,2.0,1.4,2.4,2.9,10.2,regular
203110,2017-18,00,1610612744,GSW,28.0,70,70,32.7,4.0,8.8,0.454,1.1,3.7,0.301,1.9,2.5,0.775,1.1,6.6,7.6,7.3,1.4,1.3,2.9,2.6,11.0,regular
203110,2018-19,00,1610612744,GSW,29.0,66,66,31.3,2.8,6.4,0.445,0.7,2.5,0.285,1.0,1.4,0.692,0.9,6.4,7.3,6.9,1.4,1.1,2.6,3.0,7.4,regular
203110,2019-20,00,1610612744,GSW,30.0,43,43,28.4,2.9,7.3,0.389,0.8,3.0,0.279,1.5,1.9,0.759,0.5,5.7,6.2,6.2,1.4,0.8,2.3,2.6,8.0,regular
203110,2020-21,00,1610612744,GSW,31.0,63,63,31.5,2.7,6.0,0.447,0.5,2.0,0.27,1.1,1.4,0.795,0.9,6.2,7.1,8.9,1.7,0.8,3.0,3.1,7.0,regular
203110,2021-22,00,1610612744,GSW,32.0,46,44,28.9,2.9,5.6,0.525,0.3,1.2,0.296,1.3,2.0,0.659,1.0,6.3,7.3,7.0,1.3,1.1,3.0,3.0,7.5,regular
203110,2022-23,00,1610612744,GSW,33.0,73,73,31.5,3.4,6.5,0.527,0.5,1.8,0.305,1.1,1.5,0.713,0.9,6.3,7.2,6.8,1.0,0.8,2.8,3.1,8.5,regular
203110,2023-24,00,1610612744,GSW,34.0,55,52,27.1,3.4,6.8,0.497,0.9,2.3,0.395,1.0,1.3,0.73,1.4,5.9,7.2,6.0,1.0,0.9,2.5,3.0,8.6,regular
203110,2024-25,00,1610612744,GSW,35.0,68,66,29.2,3.2,7.5,0.424,1.2,3.6,0.325,1.5,2.2,0.687,1.1,5.0,6.1,5.6,1.5,1.0,2.6,3.2,9.0,regular
203110,2025-26,00,1610612744,GSW,36.0,68,68,27.5,3.0,7.2,0.418,1.5,4.6,0.326,0.9,1.2,0.702,0.8,4.7,5.5,5.5,0.9,0.6,2.7,2.9,8.4,regular
203110,2012-13,00,1610612744,GSW,23.0,12,1,18.6,2.0,4.7,0.429,0.8,1.9,0.391,1.1,1.4,0.765,1.2,3.1,4.3,1.6,0.5,0.8,1.0,2.9,5.8,playoffs
203110,2013-14,00,1610612744,GSW,24.0,7,4,32.6,4.0,8.6,0.467,1.1,4.1,0.276,2.7,3.4,0.792,2.6,5.7,8.3,2.9,1.7,1.7,2.4,4.7,11.9,playoffs
203110,2014-15,00,1610612744,GSW,25.0,21,21,37.3,4.8,11.4,0.417,1.1,4.3,0.264,3.0,4.1,0.736,2.2,7.9,10.1,5.2,1.8,1.2,2.8,4.2,13.7,playoffs
203110,2015-16,00,1610612744,GSW,26.0,23,23,38.2,5.2,12.0,0.431,1.7,4.5,0.365,3.4,4.7,0.738,1.7,8.3,9.9,6.0,1.6,1.8,2.4,3.5,15.4,playoffs
203110,2016-17,00,1610612744,GSW,27.0,17,17,34.9,4.2,9.5,0.447,1.9,4.6,0.41,2.7,3.9,0.687,1.2,7.9,9.1,6.5,1.8,1.6,2.1,3.5,13.1,playoffs
203110,2017-18,00,1610612744,GSW,28.0,21,21,39.0,4.0,9.1,0.432,1.0,3.8,0.266,1.9,2.3,0.796,2.0,8.6,10.6,8.1,2.0,1.5,3.0,3.6,10.8,playoffs
203110,2018-19,00,1610612744,GSW,29.0,22,22,38.6,5.2,10.4,0.498,0.6,2.6,0.228,2.3,3.2,0.718,1.9,8.3,10.1,8.5,1.5,1.5,3.8,3.9,13.3,playoffs
203110,2021-22,00,1610612744,GSW,32.0,22,22,32.0,3.1,6.5,0.479,0.4,1.8,0.205,1.4,2.1,0.638,1.2,6.0,7.2,6.3,1.1,1.0,2.7,4.0,8.0,playoffs
203110,2022-23,00,1610612744,GSW,33.0,12,9,30.6,3.5,7.6,0.462,0.4,1.7,0.25,2.0,2.8,0.727,1.6,5.3,6.9,6.8,1.5,1.0,2.3,4.0,9.4,playoffs
203110,2024-25,00,1610612744,GSW,35.0,12,12,32.4,3.5,9.0,0.389,1.3,5.0,0.267,0.8,1.1,0.692,0.8,4.8,5.5,3.8,1.4,0.9,3.0,3.7,9.1,playoffs
1630224,2021-22,00,1610612745,HOU,20.0,67,67,31.9,6.1,14.2,0.426,2.3,6.8,0.343,2.8,3.5,0.797,0.5,2.9,3.4,2.6,0.7,0.3,2.0,1.5,17.3,regular
1630224,2022-23,00,1610612745,HOU,21.0,76,76,34.2,7.4,17.9,0.416,2.5,7.3,0.338,4.8,6.1,0.786,0.6,3.2,3.7,3.7,0.8,0.2,2.6,1.7,22.1,regular
1630224,2023-24,00,1610612745,HOU,22.0,82,82,31.7,6.9,16.2,0.423,2.5,7.4,0.332,3.5,4.3,0.804,0.5,4.7,5.2,3.5,0.8,0.3,2.3,1.4,19.6,regular
1630224,2024-25,00,1610612745,HOU,23.0,82,82,32.9,7.4,17.5,0.423,2.9,8.1,0.354,3.3,4.1,0.813,0.5,4.0,4.6,3.4,0.9,0.3,2.5,1.5,21.0,regular
1630224,2025-26,00,1610612756,PHX,24.0,32,27,25.9,6.8,16.0,0.422,2.2,7.1,0.313,2.0,2.7,0.747,0.5,3.1,3.6,2.8,1.1,0.3,2.3,1.3,17.8,regular
1630224,2024-25,00,1610612745,HOU,23.0,7,7,31.3,4.6,12.3,0.372,1.9,6.3,0.295,2.3,3.4,0.667,0.4,5.0,5.4,2.9,0.6,0.3,1.4,0.9,13.3,playoffs
1630224,2025-26,00,1610612756,PHX,24.0,4,4,37.8,8.0,20.8,0.386,1.8,8.5,0.206,4.0,5.0,0.8,1.3,4.0,5.3,3.5,2.0,0.3,3.3,2.0,21.8,playoffs
1629750,2019-20,00,1610612738,BOS,26.0,48,2,9.8,1.3,2.6,0.5,0.2,0.7,0.273,0.6,0.9,0.667,0.5,1.4,1.9,0.5,0.5,0.2,0.5,0.9,3.4,regular
1629750,2020-21,00,1610612738,BOS,27.0,25,2,13.8,1.6,2.8,0.549,0.3,0.9,0.318,0.8,1.2,0.667,0.8,1.3,2.1,0.4,0.7,0.1,0.5,1.3,4.2,regular
1629750,2020-21,00,1610612741,CHI,27.0,16,0,8.0,0.9,1.9,0.452,0.2,0.5,0.375,0.6,0.6,1.0,0.4,0.8,1.2,0.4,0.6,0.3,0.4,0.8,2.6,regular
1629750,2020-21,00,0,TOT,27.0,41,2,11.6,1.3,2.5,0.52,0.2,0.7,0.333,0.7,1.0,0.75,0.6,1.1,1.7,0.4,0.7,0.1,0.5,1.1,3.6,regular
1629750,2021-22,00,1610612741,CHI,28.0,65,45,23.4,2.7,5.0,0.542,0.6,1.6,0.356,1.2,1.5,0.833,1.4,2.8,4.2,0.9,1.0,0.5,0.5,2.0,7.2,regular
1629750,2022-23,00,1610612741,CHI,29.0,32,1,15.0,1.9,3.4,0.565,0.4,1.1,0.371,0.9,1.4,0.667,0.8,1.9,2.8,0.7,0.8,0.7,0.6,1.6,5.2,regular
1629750,2023-24,00,1610612741,CHI,30.0,9,5,25.6,5.0,8.3,0.6,1.1,3.0,0.37,1.1,1.4,0.769,2.2,5.2,7.4,0.6,1.1,0.9,0.8,2.1,12.2,regular
1629750,2024-25,00,1610612740,NOP,31.0,50,18,21.8,2.0,4.5,0.446,0.8,2.2,0.352,1.0,1.3,0.758,1.0,2.6,3.6,0.9,1.1,0.6,0.6,1.5,5.8,regular
1629750,2024-25,00,1610612739,CLE,31.0,18,1,9.2,1.3,3.5,0.365,0.4,1.8,0.242,0.3,0.6,0.5,0.6,1.7,2.2,0.6,0.6,0.1,0.2,1.2,3.3,regular
1629750,2024-25,00,0,TOT,31.0,68,19,18.5,1.8,4.2,0.429,0.7,2.1,0.326,0.8,1.1,0.724,0.9,2.3,3.2,0.8,1.0,0.5,0.5,1.4,5.1,regular
1629750,2025-26,00,1610612765,DET,32.0,82,6,17.6,2.3,5.0,0.447,1.1,3.0,0.381,1.3,1.5,0.84,0.8,2.0,2.8,0.7,1.2,0.3,0.5,1.3,6.9,regular
1629750,2019-20,00,1610612738,BOS,26.0,1,0,6.0,1.0,2.0,0.5,1.0,2.0,0.5,0.0,0.0,0.0,0.0,1.0,1.0,0.0,0.0,0.0,0.0,1.0,3.0,playoffs
1629750,2021-22,00,1610612741,CHI,28.0,5,1,14.4,0.6,3.4,0.176,0.0,1.2,0.0,0.2,0.4,0.5,1.6,1.4,3.0,0.4,1.8,0.0,0.8,1.6,1.4,playoffs
1629750,2024-25,00,1610612739,CLE,31.0,6,0,6.5,0.7,1.7,0.4,0.2,0.8,0.2,1.0,1.0,1.0,0.2,1.3,1.5,0.3,0.7,0.0,0.3,0.3,2.5,playoffs
1629750,2025-26,00,1610612765,DET,32.0,11,0,12.0,0.8,2.7,0.3,0.6,2.5,0.259,0.5,0.5,0.833,0.2,1.6,1.8,0.3,0.5,0.5,0.3,1.3,2.7,playoffs
201145,2007-08,00,1610612760,SEA,21.0,80,52,28.2,4.0,9.4,0.427,0.3,1.0,0.276,2.2,3.0,0.744,1.3,3.5,4.7,1.5,0.6,0.6,2.0,2.5,10.5,regular
201145,2008-09,00,1610612760,OKC,22.0,78,78,36.8,6.1,13.7,0.446,1.2,3.2,0.389,3.1,3.9,0.788,1.5,5.1,6.7,2.0,1.0,0.4,2.2,2.6,16.5,regular
201145,2009-10,00,1610612760,OKC,23.0,82,82,37.1,5.9,13.0,0.453,1.3,3.8,0.333,2.0,2.7,0.74,1.4,4.6,6.0,1.6,1.3,0.9,1.6,2.7,15.1,regular
201145,2010-11,00,1610612760,OKC,24.0,49,49,37.0,5.5,12.6,0.437,1.1,3.8,0.304,3.0,3.7,0.818,1.2,4.4,5.6,1.8,0.8,0.4,1.6,2.9,15.2,regular
201145,2010-11,00,1610612738,BOS,24.0,26,2,23.5,3.8,7.8,0.485,0.3,1.0,0.296,1.9,2.4,0.794,0.6,2.7,3.3,0.7,0.5,0.6,0.9,2.6,9.8,regular
201145,2010-11,00,0,TOT,24.0,75,51,32.4,4.9,10.9,0.449,0.9,2.8,0.303,2.6,3.3,0.811,1.0,3.8,4.8,1.4,0.7,0.5,1.3,2.8,13.3,regular
201145,2012-13,00,1610612738,BOS,26.0,81,17,27.8,4.6,10.0,0.467,0.9,2.2,0.385,2.6,3.3,0.808,0.7,3.2,3.9,1.6,0.7,0.8,1.6,2.2,12.8,regular
201145,2013-14,00,1610612738,BOS,27.0,82,82,34.2,5.9,14.3,0.412,1.6,4.8,0.341,3.5,4.3,0.795,0.7,4.0,4.6,1.7,0.7,0.6,2.0,2.2,16.9,regular
201145,2014-15,00,1610612738,BOS,28.0,33,33,33.1,6.2,14.4,0.434,1.4,4.7,0.305,3.7,4.4,0.84,0.6,3.6,4.3,1.6,0.8,0.4,1.7,2.0,17.6,regular
201145,2014-15,00,1610612763,MEM,28.0,45,37,30.2,4.7,10.9,0.427,1.1,3.1,0.362,2.6,3.2,0.825,1.0,3.2,4.2,1.8,0.6,0.5,1.2,1.8,13.1,regular
201145,2014-15,00,0,TOT,28.0,78,70,31.5,5.3,12.4,0.43,1.2,3.7,0.332,3.1,3.7,0.833,0.8,3.4,4.2,1.7,0.7,0.4,1.4,1.9,15.0,regular
201145,2015-16,00,1610612763,MEM,29.0,53,31,29.1,4.5,10.5,0.431,0.8,2.6,0.309,2.3,2.9,0.8,1.0,3.5,4.5,1.8,0.8,0.4,1.3,1.9,12.2,regular
201145,2015-16,00,1610612746,LAC,29.0,27,10,26.3,4.2,9.9,0.427,0.9,2.9,0.325,1.5,2.4,0.615,0.7,2.7,3.4,1.5,0.7,0.8,0.9,2.3,10.9,regular
201145,2015-16,00,0,TOT,29.0,80,41,28.2,4.4,10.3,0.43,0.8,2.7,0.315,2.1,2.8,0.745,0.9,3.2,4.2,1.7,0.7,0.5,1.2,2.1,11.7,regular
201145,2016-17,00,1610612753,ORL,30.0,69,11,22.2,3.2,8.1,0.394,0.8,2.8,0.275,2.1,2.4,0.863,0.6,2.5,3.1,1.2,0.5,0.2,1.1,1.5,9.2,regular
201145,2017-18,00,1610612739,CLE,31.0,78,14,23.4,3.8,7.9,0.477,0.7,2.2,0.312,2.6,3.0,0.868,0.8,2.4,3.2,1.3,0.5,0.4,1.0,1.9,10.8,regular
201145,2018-19,00,1610612764,WAS,32.0,77,44,27.2,4.2,8.9,0.475,1.4,4.2,0.347,2.4,2.7,0.888,0.7,3.3,4.0,1.8,0.6,0.5,1.3,2.1,12.3,regular
201145,2019-20,00,1610612762,UTA,33.0,30,2,18.4,2.5,6.5,0.385,1.1,3.5,0.327,1.6,2.1,0.778,0.5,2.2,2.7,0.7,0.4,0.3,0.9,1.5,7.8,regular
201145,2019-20,00,1610612745,HOU,33.0,18,2,22.6,4.7,8.3,0.564,1.6,4.4,0.354,1.3,1.6,0.857,0.6,2.3,2.9,1.7,0.8,0.5,0.8,2.4,12.2,regular
201145,2019-20,00,0,TOT,33.0,48,4,20.0,3.3,7.2,0.462,1.3,3.8,0.339,1.5,1.9,0.802,0.5,2.3,2.8,1.0,0.5,0.4,0.9,1.9,9.4,regular
201145,2020-21,00,1610612751,BKN,34.0,68,38,27.0,3.8,7.8,0.492,1.5,3.7,0.412,1.8,2.4,0.776,0.5,3.4,3.9,1.6,0.5,0.4,0.8,1.8,11.0,regular
201145,2021-22,00,1610612743,DEN,35.0,75,63,24.7,3.7,7.1,0.524,0.7,2.2,0.315,2.2,2.6,0.833,0.5,2.5,3.1,1.3,0.4,0.4,0.9,2.0,10.3,regular
201145,2022-23,00,1610612743,DEN,36.0,56,4,19.5,2.9,5.9,0.488,0.5,1.9,0.288,1.6,2.1,0.744,0.7,1.9,2.6,1.2,0.3,0.3,0.8,1.8,7.8,regular
201145,2023-24,00,1610612745,HOU,37.0,78,6,16.8,2.1,4.7,0.456,0.7,2.1,0.331,1.6,1.9,0.819,0.6,1.7,2.3,0.9,0.2,0.4,0.6,1.3,6.5,regular
201145,2024-25,00,1610612745,HOU,38.0,32,3,12.4,1.9,3.8,0.504,0.9,2.5,0.367,0.7,0.8,0.808,0.3,1.5,1.8,0.6,0.2,0.1,0.3,1.0,5.4,regular
201145,2025-26,00,1610612745,HOU,39.0,30,0,5.8,0.8,2.3,0.368,0.4,1.5,0.273,0.2,0.2,1.0,0.2,0.6,0.8,0.3,0.1,0.1,0.1,0.4,2.2,regular
201145,2009-10,00,1610612760,OKC,23.0,6,6,37.3,3.8,11.7,0.329,1.3,4.5,0.296,2.8,3.3,0.85,1.0,3.7,4.7,1.7,0.7,0.5,1.0,2.7,11.8,playoffs
201145,2010-11,00,1610612738,BOS,24.0,9,0,19.2,2.6,5.9,0.434,0.8,1.8,0.438,1.4,2.0,0.722,0.7,2.0,2.7,0.2,0.6,0.4,1.3,2.2,7.3,playoffs
201145,2012-13,00,1610612738,BOS,26.0,6,6,43.0,6.2,14.2,0.435,1.7,3.7,0.455,6.3,7.5,0.844,1.0,4.3,5.3,2.3,0.3,0.7,3.2,3.7,20.3,playoffs
201145,2014-15,00,1610612763,MEM,28.0,11,2,27.1,3.3,9.8,0.333,0.4,1.6,0.222,2.0,2.4,0.846,0.8,3.9,4.7,1.7,0.5,0.5,1.5,1.6,8.9,playoffs
201145,2015-16,00,1610612746,LAC,29.0,6,1,26.5,3.5,7.7,0.457,0.7,1.7,0.4,2.5,4.2,0.6,0.5,2.7,3.2,0.7,1.0,0.3,0.5,2.0,10.2,playoffs
201145,2017-18,00,1610612739,CLE,31.0,22,2,23.8,2.6,6.5,0.408,1.0,3.2,0.3,1.5,2.1,0.717,0.3,2.1,2.4,1.5,0.3,0.7,0.8,1.6,7.7,playoffs
201145,2019-20,00,1610612745,HOU,33.0,12,0,28.4,4.3,8.6,0.495,1.9,4.5,0.426,1.2,1.4,0.824,0.4,4.6,5.0,1.6,0.5,0.5,1.3,2.3,11.6,playoffs
201145,2020-21,00,1610612751,BKN,34.0,6,1,24.7,2.7,5.5,0.485,1.7,3.0,0.556,1.2,1.3,0.875,0.7,2.2,2.8,1.7,0.5,0.3,0.5,2.3,8.2,playoffs
201145,2021-22,00,1610612743,DEN,35.0,5,5,22.6,1.2,3.4,0.353,0.6,1.6,0.375,0.8,1.0,0.8,1.4,2.2,3.6,0.4,0.6,0.4,0.4,1.2,3.8,playoffs
201145,2022-23,00,1610612743,DEN,36.0,20,0,17.2,1.4,3.1,0.452,0.5,1.4,0.321,0.9,1.0,0.895,0.3,1.3,1.6,0.7,0.3,0.4,0.5,2.2,4.1,playoffs
201145,2024-25,00,1610612745,HOU,38.0,3,0,1.7,0.3,1.0,0.333,0.3,0.3,1.0,0.0,0.0,0.0,0.3,0.0,0.3,0.0,0.0,0.0,0.0,0.0,1.0,playoffs
201145,2025-26,00,1610612745,HOU,39.0,2,0,5.5,0.0,1.0,0.0,0.0,0.5,0.0,0.0,0.0,0.0,0.0,0.0,0.0,0.0,0.0,0.0,0.5,0.5,0.0,playoffs
1630182,2020-21,00,1610612742,DAL,20.0,39,5,11.4,1.1,2.4,0.452,0.1,0.6,0.16,0.3,0.6,0.565,0.7,1.3,2.0,0.7,0.4,0.1,0.4,0.9,2.6,regular
1630182,2021-22,00,1610612742,DAL,21.0,67,3,15.5,1.9,3.8,0.508,0.4,1.2,0.359,0.5,0.7,0.689,0.8,1.6,2.4,1.2,0.7,0.2,0.7,1.7,4.8,regular
1630182,2022-23,00,1610612742,DAL,22.0,60,21,25.7,3.4,6.4,0.537,1.1,2.8,0.402,1.1,1.6,0.723,0.9,2.1,3.0,1.7,0.7,0.1,1.2,2.6,9.1,regular
1630182,2023-24,00,1610612742,DAL,23.0,57,33,26.4,3.1,6.6,0.479,1.3,3.3,0.385,0.7,1.0,0.684,0.7,2.5,3.2,2.3,0.8,0.2,1.1,1.9,8.2,regular
1630182,2024-25,00,1610612766,CHA,24.0,68,67,27.8,2.6,6.2,0.428,1.4,3.6,0.391,0.7,1.1,0.681,0.8,1.7,2.5,1.6,1.1,0.2,1.0,2.4,7.4,regular
1630182,2025-26,00,1610612766,CHA,25.0,58,0,15.7,1.4,3.1,0.459,1.0,2.4,0.42,0.4,0.5,0.893,0.8,1.0,1.8,0.8,0.6,0.1,0.6,1.1,4.3,regular
1630182,2020-21,00,1610612742,DAL,20.0,1,0,4.0,0.0,0.0,0.0,0.0,0.0,0.0,0.0,0.0,0.0,0.0,0.0,0.0,0.0,0.0,0.0,0.0,0.0,0.0,playoffs
1630182,2021-22,00,1610612742,DAL,21.0,16,0,7.6,0.5,1.8,0.286,0.3,1.4,0.227,0.1,0.5,0.25,0.1,0.7,0.8,0.4,0.3,0.0,0.0,1.0,1.4,playoffs
1630182,2023-24,00,1610612742,DAL,23.0,22,0,18.1,1.6,3.9,0.424,1.0,2.7,0.39,0.6,0.9,0.737,1.0,1.6,2.5,1.0,0.8,0.1,0.3,1.3,5.0,playoffs
1629656,2021-22,00,1610612752,NYK,22.0,46,6,17.1,2.1,5.1,0.404,1.6,4.1,0.381,0.3,0.4,0.684,0.5,1.5,2.0,1.0,0.7,0.2,0.6,1.6,6.0,regular
1629656,2022-23,00,1610612752,NYK,23.0,71,66,29.9,4.0,8.5,0.468,2.2,5.7,0.386,1.1,1.4,0.796,0.7,2.5,3.2,2.1,0.7,0.4,1.0,2.5,11.3,regular
1629656,2023-24,00,1610612752,NYK,24.0,45,18,20.2,2.5,6.4,0.395,1.7,4.7,0.363,0.5,0.8,0.706,0.3,1.6,2.0,1.2,0.7,0.1,0.5,1.5,7.3,regular
1629656,2023-24,00,1610612765,DET,24.0,6,0,19.2,1.5,7.0,0.214,0.7,4.7,0.143,1.7,1.8,0.909,0.2,1.8,2.0,2.3,0.8,0.7,1.2,1.5,5.3,regular
1629656,2023-24,00,0,TOT,24.0,51,18,20.1,2.4,6.4,0.372,1.6,4.7,0.338,0.7,0.9,0.756,0.3,1.7,2.0,1.3,0.7,0.1,0.5,1.5,7.0,regular
1629656,2024-25,00,1610612742,DAL,25.0,47,12,22.8,3.6,7.8,0.463,1.7,4.3,0.398,1.3,1.7,0.765,0.6,3.2,3.8,2.1,0.7,0.2,1.3,1.7,10.2,regular
1629656,2024-25,00,1610612755,PHI,25.0,28,25,33.7,7.7,16.4,0.469,2.9,7.9,0.373,3.6,4.8,0.752,1.0,4.1,5.2,4.5,1.5,0.4,2.9,2.1,21.9,regular
1629656,2024-25,00,0,TOT,25.0,75,37,26.8,5.1,11.0,0.467,2.2,5.6,0.385,2.2,2.9,0.757,0.8,3.5,4.3,3.0,1.0,0.3,1.9,1.8,14.6,regular
1629656,2025-26,00,1610612755,PHI,26.0,75,19,29.4,4.5,10.1,0.45,1.7,5.1,0.334,2.7,3.2,0.84,0.6,3.0,3.6,3.3,0.9,0.4,1.8,2.1,13.4,regular
1629656,2022-23,00,1610612752,NYK,23.0,9,6,26.9,1.6,5.1,0.304,1.0,4.1,0.243,1.0,1.2,0.818,0.3,2.4,2.8,1.4,1.0,0.6,1.1,1.9,5.1,playoffs
1629656,2025-26,00,1610612755,PHI,26.0,11,0,22.1,2.1,5.3,0.397,1.3,3.2,0.4,1.3,1.5,0.875,0.2,2.5,2.7,2.3,0.3,0.5,0.5,1.9,6.7,playoffs
1631243,2023-24,00,1610612737,ATL,21.0,6,0,12.2,1.3,3.8,0.348,0.5,1.5,0.333,0.8,1.0,0.833,1.7,2.0,3.7,0.7,0.8,0.7,0.2,2.2,4.0,regular
1631243,2024-25,00,1610612737,ATL,22.0,33,28,16.2,2.2,5.2,0.421,0.6,2.5,0.259,1.0,1.3,0.762,1.3,2.9,4.2,0.8,0.8,1.0,0.5,1.7,6.0,regular
1631243,2025-26,00,1610612737,ATL,23.0,77,8,15.3,1.7,3.8,0.452,0.5,1.7,0.308,0.5,0.8,0.645,1.2,2.4,3.6,0.9,0.8,0.5,0.4,1.6,4.4,regular
1631243,2025-26,00,1610612737,ATL,23.0,6,0,8.3,0.7,2.3,0.286,0.2,1.7,0.1,0.2,0.3,0.5,0.8,0.8,1.7,0.7,0.2,0.0,0.2,1.5,1.7,playoffs
1629060,2019-20,00,1610612764,WAS,22.0,48,48,30.1,5.3,11.4,0.466,0.5,1.8,0.287,2.4,2.9,0.829,1.6,4.5,6.1,1.8,0.8,0.2,1.1,2.2,13.5,regular
1629060,2020-21,00,1610612764,WAS,23.0,57,57,31.5,5.4,11.4,0.478,0.8,2.4,0.328,2.2,2.8,0.77,0.9,4.6,5.5,1.4,0.8,0.1,1.2,2.1,13.8,regular
1629060,2021-22,00,1610612764,WAS,24.0,42,13,22.5,4.5,9.1,0.491,1.3,2.9,0.447,1.1,1.6,0.697,0.6,3.2,3.8,1.1,0.5,0.2,0.8,1.3,11.3,regular
1629060,2022-23,00,1610612764,WAS,25.0,30,0,24.3,5.3,10.8,0.488,1.0,3.0,0.337,1.5,1.9,0.759,0.6,3.6,4.3,1.2,0.4,0.4,1.2,1.3,13.0,regular
1629060,2022-23,00,1610612747,LAL,25.0,33,9,22.4,3.8,7.9,0.485,0.6,2.2,0.296,1.3,1.8,0.721,1.0,3.7,4.7,0.7,0.2,0.4,0.5,1.0,9.6,regular
1629060,2022-23,00,0,TOT,25.0,63,9,23.3,4.5,9.3,0.486,0.8,2.5,0.319,1.4,1.9,0.739,0.8,3.7,4.5,0.9,0.3,0.4,0.8,1.1,11.2,regular
1629060,2023-24,00,1610612747,LAL,26.0,68,39,26.8,5.3,9.9,0.537,1.4,3.4,0.422,1.5,2.0,0.739,0.9,3.5,4.3,1.2,0.6,0.4,0.7,1.5,13.6,regular
1629060,2024-25,00,1610612747,LAL,27.0,59,57,31.7,5.0,9.8,0.509,1.7,4.2,0.413,1.5,1.9,0.77,1.3,3.7,5.0,1.4,0.8,0.4,0.8,1.8,13.1,regular
1629060,2025-26,00,1610612747,LAL,28.0,68,41,28.3,4.5,8.8,0.514,1.7,3.9,0.443,0.7,1.1,0.694,0.6,2.7,3.3,0.8,0.6,0.3,0.6,1.6,11.5,regular
1629060,2020-21,00,1610612764,WAS,23.0,5,5,34.6,5.8,9.4,0.617,1.8,3.0,0.6,1.4,2.4,0.583,1.0,6.2,7.2,1.0,0.4,0.2,1.0,3.6,14.8,playoffs
1629060,2022-23,00,1610612747,LAL,25.0,16,1,24.3,4.6,8.2,0.557,1.2,2.4,0.487,1.9,2.1,0.882,0.6,3.1,3.6,0.6,0.5,0.3,0.6,1.6,12.2,playoffs
1629060,2023-24,00,1610612747,LAL,26.0,5,5,30.6,3.0,7.6,0.395,1.0,2.8,0.357,0.8,1.6,0.5,1.2,2.6,3.8,0.8,0.0,0.0,0.4,1.6,7.8,playoffs
1629060,2024-25,00,1610612747,LAL,27.0,5,5,36.4,5.6,11.4,0.491,3.0,6.2,0.484,0.6,0.6,1.0,0.8,3.8,4.6,1.0,0.6,0.6,1.4,2.4,14.8,playoffs
1629060,2025-26,00,1610612747,LAL,28.0,10,10,38.6,6.7,12.2,0.549,3.3,5.8,0.569,0.8,1.1,0.727,0.6,3.4,4.0,1.7,0.9,0.6,0.9,2.8,17.5,playoffs
1630169,2020-21,00,1610612758,SAC,21.0,58,20,30.1,5.0,10.7,0.472,2.1,5.1,0.409,0.8,1.0,0.857,0.7,2.3,3.0,5.3,1.3,0.5,1.6,1.4,13.0,regular
1630169,2021-22,00,1610612758,SAC,22.0,51,51,34.5,5.3,11.5,0.457,2.0,4.9,0.413,1.7,2.0,0.837,0.8,3.1,3.9,7.4,1.7,0.7,2.3,1.4,14.3,regular
1630169,2021-22,00,1610612754,IND,22.0,26,26,36.1,6.2,12.4,0.502,2.2,5.3,0.416,2.8,3.3,0.849,0.8,3.5,4.3,9.6,1.8,0.6,3.2,1.9,17.5,regular
1630169,2021-22,00,0,TOT,22.0,77,77,35.0,5.6,11.8,0.473,2.1,5.1,0.414,2.1,2.5,0.842,0.8,3.2,4.0,8.2,1.7,0.6,2.6,1.6,15.3,regular
1630169,2022-23,00,1610612754,IND,23.0,56,56,33.6,7.4,15.0,0.49,2.9,7.2,0.4,3.1,3.6,0.871,0.6,3.1,3.7,10.4,1.6,0.4,2.5,1.2,20.7,regular
1630169,2023-24,00,1610612754,IND,24.0,69,68,32.2,7.2,15.2,0.477,2.8,7.8,0.364,2.8,3.3,0.855,0.5,3.4,3.9,10.9,1.2,0.7,2.3,1.1,20.1,regular
1630169,2024-25,00,1610612754,IND,25.0,73,73,33.6,6.5,13.8,0.473,3.0,7.7,0.388,2.6,3.0,0.851,0.6,3.0,3.5,9.2,1.4,0.7,1.6,1.3,18.6,regular
1630169,2023-24,00,1610612754,IND,24.0,15,15,34.8,7.0,14.3,0.488,3.5,9.3,0.379,1.1,1.3,0.85,0.8,4.0,4.8,8.2,1.3,0.7,2.1,0.9,18.7,playoffs
1630169,2024-25,00,1610612754,IND,25.0,23,23,33.6,6.3,13.7,0.463,2.3,6.9,0.34,2.3,2.8,0.828,0.3,5.0,5.3,8.6,1.3,0.7,2.3,1.7,17.3,playoffs
1641790,2024-25,00,1610612743,DEN,23.0,19,0,3.5,0.7,1.3,0.583,0.1,0.4,0.25,0.2,0.2,0.75,0.3,0.8,1.2,0.2,0.0,0.2,0.1,0.6,1.7,regular
1641790,2025-26,00,1610612763,MEM,24.0,7,0,3.9,0.7,1.3,0.556,0.1,0.4,0.333,0.3,0.4,0.667,0.4,0.9,1.3,0.3,0.0,0.3,0.1,0.4,1.9,regular
1641790,2025-26,00,1610612766,CHA,24.0,12,2,15.6,2.1,4.2,0.5,0.2,0.2,1.0,1.8,2.2,0.808,2.5,3.0,5.5,0.7,0.3,0.7,1.3,1.6,6.1,regular
1641790,2025-26,00,0,TOT,24.0,19,2,11.2,1.6,3.1,0.508,0.2,0.3,0.6,1.2,1.5,0.793,1.7,2.2,3.9,0.5,0.2,0.5,0.8,1.2,4.5,regular
203501,2013-14,00,1610612752,NYK,22.0,81,1,23.1,3.6,8.5,0.428,1.6,4.4,0.363,1.3,1.6,0.828,0.2,1.3,1.5,0.8,0.5,0.1,0.6,1.8,10.2,regular
203501,2014-15,00,1610612752,NYK,23.0,70,30,24.0,4.0,10.2,0.389,1.7,5.1,0.342,1.8,2.2,0.801,0.2,2.1,2.2,1.8,0.3,0.2,1.2,1.7,11.5,regular
203501,2015-16,00,1610612737,ATL,24.0,51,1,16.9,2.2,5.2,0.43,0.9,2.8,0.336,1.0,1.1,0.893,0.1,1.5,1.7,1.0,0.4,0.1,0.5,0.9,6.4,regular
203501,2016-17,00,1610612737,ATL,25.0,79,30,27.3,5.3,11.5,0.455,1.9,5.3,0.357,2.1,2.7,0.766,0.4,2.4,2.8,2.3,0.7,0.2,1.3,1.3,14.5,regular
203501,2017-18,00,1610612752,NYK,26.0,57,54,33.1,6.3,15.0,0.421,2.3,7.2,0.317,2.6,3.1,0.816,0.6,3.4,3.9,2.7,1.1,0.2,1.6,2.2,17.5,regular
203501,2018-19,00,1610612752,NYK,27.0,46,46,32.6,6.1,15.8,0.388,2.5,7.3,0.347,4.3,5.1,0.854,0.6,2.9,3.5,2.7,0.9,0.1,1.8,2.3,19.1,regular
203501,2018-19,00,1610612742,DAL,27.0,19,17,29.3,5.7,14.1,0.404,2.4,7.4,0.321,1.7,2.3,0.767,0.4,2.8,3.2,1.9,0.6,0.1,1.3,1.8,15.5,regular
203501,2018-19,00,0,TOT,27.0,65,63,31.6,6.0,15.3,0.393,2.5,7.3,0.34,3.6,4.2,0.841,0.5,2.9,3.4,2.4,0.8,0.1,1.6,2.2,18.1,regular
203501,2019-20,00,1610612742,DAL,28.0,71,58,29.5,5.4,12.5,0.434,2.9,7.2,0.398,2.1,2.6,0.819,0.4,2.9,3.3,1.9,0.6,0.1,1.0,1.8,15.8,regular
203501,2020-21,00,1610612742,DAL,29.0,70,31,28.4,5.8,13.0,0.447,3.0,7.6,0.391,2.0,2.5,0.816,0.3,3.0,3.3,1.8,0.4,0.2,0.9,1.6,16.6,regular
203501,2021-22,00,1610612742,DAL,30.0,42,20,29.6,5.0,12.6,0.394,2.4,7.2,0.336,1.9,2.5,0.757,0.3,3.4,3.7,2.2,0.9,0.1,0.8,1.8,14.2,regular
203501,2022-23,00,1610612742,DAL,31.0,71,45,30.3,4.8,11.9,0.401,3.0,7.7,0.385,1.8,2.3,0.77,0.3,3.2,3.5,1.8,0.7,0.2,0.8,1.7,14.4,regular
203501,2023-24,00,1610612742,DAL,32.0,79,12,26.8,5.0,12.4,0.402,2.7,7.6,0.353,1.8,2.1,0.852,0.3,2.9,3.2,1.8,0.5,0.1,0.9,1.3,14.4,regular
203501,2024-25,00,1610612765,DET,33.0,77,77,28.0,3.6,8.8,0.406,2.2,5.9,0.368,1.6,1.9,0.855,0.2,2.1,2.4,1.6,0.5,0.1,0.6,1.2,11.0,regular
203501,2025-26,00,1610612743,DEN,34.0,80,6,26.6,4.4,9.7,0.447,2.8,6.9,0.407,2.0,2.5,0.811,0.2,2.4,2.6,1.4,0.5,0.1,0.5,1.3,13.5,regular
203501,2015-16,00,1610612737,ATL,24.0,9,0,9.7,0.8,2.9,0.269,0.2,1.6,0.143,0.4,0.7,0.667,0.0,1.0,1.0,0.8,0.0,0.1,0.3,0.2,2.2,playoffs
203501,2016-17,00,1610612737,ATL,25.0,6,6,33.3,4.5,13.7,0.329,1.8,7.0,0.262,2.0,3.2,0.632,0.5,2.2,2.7,1.2,0.5,0.0,1.7,2.2,12.8,playoffs
203501,2019-20,00,1610612742,DAL,28.0,6,6,34.0,6.7,15.8,0.421,3.2,9.0,0.352,1.3,1.8,0.727,0.5,3.0,3.5,1.8,0.3,0.0,0.5,2.7,17.8,playoffs
203501,2020-21,00,1610612742,DAL,29.0,7,7,37.4,6.0,14.4,0.416,3.3,8.1,0.404,1.7,2.3,0.75,0.7,2.6,3.3,1.4,0.4,0.0,0.9,2.4,17.0,playoffs
203501,2023-24,00,1610612742,DAL,32.0,14,0,12.7,1.6,4.1,0.379,0.9,2.6,0.351,0.3,0.6,0.5,0.1,1.6,1.8,0.4,0.4,0.1,0.1,0.7,4.4,playoffs
203501,2024-25,00,1610612765,DET,33.0,6,6,31.3,4.0,11.8,0.338,2.7,8.7,0.308,1.3,1.7,0.8,0.3,2.5,2.8,1.2,0.3,0.0,1.5,1.7,12.0,playoffs
203501,2025-26,00,1610612743,DEN,34.0,6,0,23.3,3.2,7.5,0.422,1.3,3.8,0.348,3.2,4.0,0.792,1.0,2.3,3.3,0.8,0.7,0.3,0.7,1.7,10.8,playoffs
201935,2009-10,00,1610612760,OKC,20.0,76,0,22.9,3.1,7.6,0.403,1.2,3.3,0.375,2.6,3.2,0.808,0.6,2.6,3.2,1.8,1.1,0.3,1.4,2.6,9.9,regular
201935,2010-11,00,1610612760,OKC,21.0,82,5,26.7,3.6,8.3,0.436,1.4,4.0,0.349,3.5,4.2,0.843,0.5,2.6,3.1,2.1,1.1,0.3,1.3,2.5,12.2,regular
201935,2011-12,00,1610612760,OKC,22.0,62,2,31.4,5.0,10.1,0.491,1.8,4.7,0.39,5.0,6.0,0.846,0.5,3.6,4.1,3.7,1.0,0.2,2.2,2.4,16.8,regular
201935,2012-13,00,1610612745,HOU,23.0,78,78,38.3,7.5,17.1,0.438,2.3,6.2,0.368,8.6,10.2,0.851,0.8,4.1,4.9,5.8,1.8,0.5,3.8,2.3,25.9,regular
201935,2013-14,00,1610612745,HOU,24.0,73,73,38.0,7.5,16.5,0.456,2.4,6.6,0.366,7.9,9.1,0.866,0.8,3.9,4.7,6.1,1.6,0.4,3.6,2.4,25.4,regular
201935,2014-15,00,1610612745,HOU,25.0,81,81,36.8,8.0,18.1,0.44,2.6,6.9,0.375,8.8,10.2,0.868,0.9,4.7,5.7,7.0,1.9,0.7,4.0,2.6,27.4,regular
201935,2015-16,00,1610612745,HOU,26.0,82,82,38.1,8.7,19.7,0.439,2.9,8.0,0.359,8.8,10.2,0.86,0.8,5.3,6.1,7.5,1.7,0.6,4.6,2.8,29.0,regular
201935,2016-17,00,1610612745,HOU,27.0,81,81,36.4,8.3,18.9,0.44,3.2,9.3,0.347,9.2,10.9,0.847,1.2,7.0,8.1,11.2,1.5,0.5,5.7,2.7,29.1,regular
201935,2017-18,00,1610612745,HOU,28.0,72,72,35.4,9.0,20.1,0.449,3.7,10.0,0.367,8.7,10.1,0.858,0.6,4.8,5.4,8.8,1.8,0.7,4.4,2.3,30.4,regular
201935,2018-19,00,1610612745,HOU,29.0,78,78,36.8,10.8,24.5,0.442,4.8,13.2,0.368,9.7,11.0,0.879,0.8,5.8,6.6,7.5,2.0,0.7,5.0,3.1,36.1,regular
201935,2019-20,00,1610612745,HOU,30.0,68,68,36.5,9.9,22.3,0.444,4.4,12.4,0.355,10.2,11.8,0.865,1.0,5.5,6.6,7.5,1.8,0.9,4.5,3.3,34.3,regular
201935,2020-21,00,1610612745,HOU,31.0,8,8,36.3,7.5,16.9,0.444,3.1,9.0,0.347,6.6,7.5,0.883,0.6,4.5,5.1,10.4,0.9,0.8,4.3,1.8,24.8,regular
201935,2020-21,00,1610612751,BKN,31.0,36,35,36.6,7.8,16.6,0.471,2.7,7.3,0.366,6.3,7.3,0.856,0.8,7.7,8.5,10.9,1.3,0.8,4.0,2.4,24.6,regular
201935,2020-21,00,0,TOT,31.0,44,43,36.6,7.8,16.7,0.466,2.8,7.6,0.362,6.3,7.3,0.861,0.8,7.1,7.9,10.8,1.2,0.8,4.0,2.3,24.6,regular
201935,2021-22,00,1610612751,BKN,32.0,44,44,37.0,6.6,16.0,0.414,2.3,7.0,0.332,6.9,8.0,0.869,1.0,7.0,8.0,10.2,1.3,0.7,4.8,2.4,22.5,regular
201935,2021-22,00,1610612755,PHI,32.0,21,21,37.7,5.5,13.6,0.402,2.2,6.7,0.326,7.9,8.9,0.892,0.6,6.5,7.1,10.5,1.2,0.2,3.4,2.3,21.0,regular
201935,2021-22,00,0,TOT,32.0,65,65,37.2,6.3,15.3,0.41,2.3,6.9,0.33,7.2,8.2,0.877,0.8,6.8,7.7,10.3,1.3,0.6,4.4,2.4,22.0,regular
201935,2022-23,00,1610612755,PHI,33.0,58,58,36.8,6.4,14.5,0.441,2.8,7.2,0.385,5.4,6.2,0.867,0.7,5.4,6.1,10.7,1.2,0.5,3.4,1.9,21.0,regular
201935,2023-24,00,1610612746,LAC,34.0,72,72,34.3,4.9,11.4,0.428,2.6,6.8,0.381,4.2,4.8,0.878,0.5,4.7,5.1,8.5,1.1,0.8,2.6,1.8,16.6,regular
201935,2024-25,00,1610612746,LAC,35.0,79,79,35.3,6.7,16.4,0.41,3.0,8.5,0.352,6.4,7.3,0.874,0.7,5.1,5.8,8.7,1.5,0.7,4.3,2.1,22.8,regular
201935,2025-26,00,1610612746,LAC,36.0,44,44,35.4,7.3,17.5,0.419,3.1,8.8,0.347,7.7,8.5,0.901,0.6,4.2,4.8,8.1,1.3,0.4,3.7,1.9,25.4,regular
201935,2025-26,00,1610612739,CLE,36.0,26,26,33.8,6.3,13.5,0.466,3.1,7.1,0.435,4.8,5.8,0.84,0.5,4.3,4.8,7.7,0.8,0.5,3.2,2.1,20.5,regular
201935,2025-26,00,0,TOT,36.0,70,70,34.8,7.0,16.0,0.434,3.1,8.2,0.375,6.6,7.5,0.884,0.6,4.2,4.8,8.0,1.1,0.4,3.5,2.0,23.6,regular
201935,2009-10,00,1610612760,OKC,20.0,6,0,20.0,2.0,5.2,0.387,1.0,2.7,0.375,2.7,3.2,0.842,0.2,2.3,2.5,1.8,1.0,0.2,0.5,2.3,7.7,playoffs
201935,2010-11,00,1610612760,OKC,21.0,17,0,31.6,3.9,8.2,0.475,1.4,4.5,0.303,3.9,4.7,0.825,0.6,4.8,5.4,3.6,1.2,0.8,1.6,2.8,13.0,playoffs
201935,2011-12,00,1610612760,OKC,22.0,20,0,31.5,4.7,10.7,0.435,1.6,3.9,0.41,5.4,6.3,0.857,0.7,4.5,5.1,3.4,1.6,0.1,2.1,3.4,16.3,playoffs
201935,2012-13,00,1610612745,HOU,23.0,6,6,40.5,7.5,19.2,0.391,2.5,7.3,0.341,8.8,11.0,0.803,0.8,5.8,6.7,4.5,2.0,1.0,4.5,3.0,26.3,playoffs
201935,2013-14,00,1610612745,HOU,24.0,6,6,43.8,8.3,22.2,0.376,2.7,9.0,0.296,7.5,8.3,0.9,0.8,3.8,4.7,5.8,2.0,0.2,3.5,3.5,26.8,playoffs
201935,2014-15,00,1610612745,HOU,25.0,17,17,37.4,7.6,17.3,0.439,2.4,6.3,0.383,9.6,10.5,0.916,0.7,5.0,5.7,7.5,1.6,0.4,4.5,2.9,27.2,playoffs
201935,2015-16,00,1610612745,HOU,26.0,5,5,38.6,8.2,20.0,0.41,2.6,8.4,0.31,7.6,9.0,0.844,1.4,3.8,5.2,7.6,2.4,0.2,5.2,2.6,26.6,playoffs
201935,2016-17,00,1610612745,HOU,27.0,11,11,37.0,8.2,19.8,0.413,2.9,10.5,0.278,9.2,10.5,0.878,0.6,4.8,5.5,8.5,1.9,0.5,5.4,3.9,28.5,playoffs
201935,2017-18,00,1610612745,HOU,28.0,17,17,36.5,9.3,22.6,0.41,3.1,10.2,0.299,6.9,7.8,0.887,0.8,4.4,5.2,6.8,2.2,0.6,3.8,2.7,28.6,playoffs
201935,2018-19,00,1610612745,HOU,29.0,11,11,38.5,9.9,24.0,0.413,4.4,12.5,0.35,7.5,8.9,0.837,0.8,6.0,6.8,6.6,2.2,0.9,4.6,3.7,31.6,playoffs
201935,2019-20,00,1610612745,HOU,30.0,12,12,37.3,9.1,19.0,0.478,3.3,9.8,0.333,8.2,9.7,0.845,1.0,4.6,5.6,7.7,1.5,0.8,3.8,3.6,29.6,playoffs
201935,2020-21,00,1610612751,BKN,31.0,9,9,35.8,5.7,12.0,0.472,2.7,7.3,0.364,6.2,6.9,0.903,0.8,5.6,6.3,8.6,1.7,0.7,2.9,2.6,20.2,playoffs
201935,2021-22,00,1610612755,PHI,32.0,12,12,39.9,5.3,13.2,0.405,2.3,6.3,0.368,5.6,6.3,0.893,0.9,4.8,5.7,8.6,0.8,0.7,4.2,2.4,18.6,playoffs
201935,2022-23,00,1610612755,PHI,33.0,11,11,38.8,6.5,16.6,0.393,2.8,7.5,0.378,4.4,5.0,0.873,0.5,5.6,6.2,8.3,1.8,0.4,3.2,2.5,20.3,playoffs
201935,2023-24,00,1610612746,LAC,34.0,6,6,40.3,6.7,14.8,0.449,3.0,7.8,0.383,4.8,5.3,0.906,0.5,4.0,4.5,8.0,1.0,1.0,2.3,2.2,21.2,playoffs
201935,2024-25,00,1610612746,LAC,35.0,7,7,39.4,6.3,14.4,0.436,2.3,6.3,0.364,3.9,4.7,0.818,0.6,4.9,5.4,9.1,1.3,1.0,3.0,2.3,18.7,playoffs
201935,2025-26,00,1610612739,CLE,36.0,18,18,37.3,5.7,13.8,0.41,2.1,7.1,0.299,5.7,6.9,0.831,0.7,4.4,5.1,5.5,1.7,0.7,4.7,2.6,19.2,playoffs
1630702,2022-23,00,1610612742,DAL,20.0,48,5,14.8,3.0,6.9,0.438,1.3,3.3,0.404,1.4,1.6,0.823,0.2,1.6,1.9,1.4,0.4,0.1,1.0,1.3,8.8,regular
1630702,2023-24,00,1610612742,DAL,21.0,73,7,13.5,2.7,6.6,0.407,1.1,3.1,0.362,0.8,1.0,0.776,0.3,1.5,1.8,1.5,0.3,0.1,0.8,1.1,7.3,regular
1630702,2024-25,00,1610612742,DAL,22.0,57,3,15.9,3.2,7.3,0.435,1.3,3.5,0.386,1.1,1.5,0.698,0.2,1.4,1.6,1.4,0.5,0.1,1.4,1.6,8.7,regular
1630702,2025-26,00,1610612742,DAL,23.0,34,4,12.6,2.3,5.7,0.402,1.4,3.6,0.371,0.9,1.2,0.775,0.3,1.1,1.4,0.9,0.3,0.1,0.8,1.1,6.9,regular
1630702,2025-26,00,1610612764,WAS,23.0,23,0,20.4,4.5,10.2,0.443,2.5,6.0,0.42,1.0,1.5,0.686,0.2,1.5,1.7,1.3,0.3,0.2,1.5,2.2,12.6,regular
1630702,2025-26,00,0,TOT,23.0,57,4,15.8,3.2,7.5,0.424,1.8,4.6,0.397,1.0,1.3,0.733,0.3,1.2,1.5,1.0,0.3,0.1,1.1,1.6,9.2,regular
1630702,2023-24,00,1610612742,DAL,21.0,19,0,6.8,1.5,3.6,0.426,0.6,1.4,0.407,0.6,0.8,0.733,0.1,0.7,0.8,0.9,0.2,0.0,0.4,0.7,4.2,playoffs
1641989,2024-25,00,1610612762,UTA,25.0,10,0,13.8,1.1,3.5,0.314,0.7,2.5,0.28,0.3,0.6,0.5,0.9,1.2,2.1,0.8,1.0,0.1,0.3,1.8,3.2,regular
1641989,2025-26,00,1610612762,UTA,26.0,26,9,21.0,2.1,6.2,0.335,0.8,3.4,0.239,1.9,2.5,0.766,0.4,1.7,2.0,2.9,1.2,0.2,1.0,2.0,6.8,regular
1642844,2025-26,00,1610612759,SAS,20.0,69,4,22.6,4.8,9.5,0.505,0.9,2.6,0.343,1.3,1.7,0.756,0.8,2.6,3.4,3.9,0.8,0.3,1.4,2.0,11.8,regular
1642844,2025-26,00,1610612759,SAS,20.0,19,2,25.7,4.8,9.1,0.529,0.9,2.5,0.354,2.7,3.2,0.852,1.3,4.2,5.5,2.5,1.1,0.2,1.6,2.2,13.2,playoffs
1631199,2022-23,00,1610612761,TOR,23.0,9,0,5.3,0.9,1.8,0.5,0.3,1.0,0.333,0.1,0.1,1.0,0.3,0.4,0.8,0.4,0.0,0.1,0.0,0.3,2.2,regular
1631199,2023-24,00,1610612761,TOR,24.0,1,0,4.0,0.0,0.0,0.0,0.0,0.0,0.0,0.0,0.0,0.0,0.0,0.0,0.0,1.0,0.0,0.0,0.0,2.0,0.0,regular
1631199,2024-25,00,1610612765,DET,25.0,1,0,17.0,1.0,8.0,0.125,0.0,6.0,0.0,2.0,2.0,1.0,4.0,3.0,7.0,2.0,0.0,0.0,0.0,0.0,4.0,regular
1631199,2025-26,00,1610612738,BOS,26.0,29,3,11.0,1.6,3.8,0.418,1.0,2.8,0.35,0.1,0.1,0.75,0.5,1.1,1.7,0.8,0.3,0.3,0.3,0.7,4.2,regular
1631199,2025-26,00,1610612738,BOS,26.0,6,1,4.2,0.7,1.5,0.444,0.5,1.0,0.5,0.0,0.0,0.0,0.2,0.5,0.7,0.2,0.5,0.0,0.0,0.2,1.8,playoffs
203914,2014-15,00,1610612743,DEN,20.0,55,6,13.1,1.2,3.9,0.304,0.4,1.9,0.204,0.6,0.9,0.745,0.4,0.8,1.2,0.5,0.7,0.1,0.7,1.3,3.4,regular
203914,2015-16,00,1610612743,DEN,21.0,76,76,32.1,4.7,10.1,0.469,1.4,3.9,0.354,1.4,1.8,0.82,0.7,2.2,2.9,1.9,1.3,0.2,1.3,1.9,12.3,regular
203914,2016-17,00,1610612743,DEN,22.0,57,56,31.3,5.6,11.2,0.502,1.9,4.5,0.42,1.8,2.4,0.776,0.8,2.3,3.1,2.9,1.2,0.1,1.3,1.6,14.9,regular
203914,2017-18,00,1610612743,DEN,23.0,67,65,34.4,6.6,13.6,0.485,2.3,5.9,0.396,2.0,2.4,0.827,0.6,2.1,2.6,2.9,1.8,0.2,1.8,1.8,17.5,regular
203914,2018-19,00,1610612743,DEN,24.0,57,48,28.8,4.7,11.2,0.424,1.4,4.2,0.339,2.0,2.5,0.799,0.7,2.1,2.8,2.2,1.0,0.3,1.2,2.0,12.9,regular
203914,2019-20,00,1610612743,DEN,25.0,56,55,31.8,3.9,9.3,0.42,1.3,3.8,0.333,1.3,1.6,0.815,0.5,2.4,2.9,2.1,1.4,0.3,1.1,2.1,10.4,regular
203914,2020-21,00,1610612743,DEN,26.0,19,19,30.6,3.6,8.2,0.442,1.3,3.9,0.32,1.2,1.6,0.733,0.7,1.8,2.5,1.7,0.9,0.2,0.7,1.9,9.7,regular
203914,2020-21,00,1610612753,ORL,26.0,20,19,25.0,3.5,9.5,0.365,1.2,3.3,0.364,2.1,2.4,0.875,0.4,1.2,1.6,2.3,0.6,0.4,1.2,1.7,10.2,regular
203914,2020-21,00,0,TOT,26.0,39,38,27.7,3.5,8.8,0.4,1.2,3.6,0.34,1.6,2.0,0.821,0.5,1.5,2.0,2.0,0.7,0.3,0.9,1.8,9.9,regular
203914,2021-22,00,1610612753,ORL,27.0,61,30,28.4,3.9,9.1,0.434,1.9,5.0,0.384,1.4,1.6,0.874,0.6,1.4,2.0,1.8,1.0,0.1,1.0,1.8,11.1,regular
203914,2022-23,00,1610612753,ORL,28.0,48,42,24.7,2.9,6.4,0.45,2.0,4.5,0.431,0.6,0.6,0.9,0.4,1.6,2.0,1.2,0.9,0.3,0.6,1.9,8.3,regular
203914,2023-24,00,1610612753,ORL,29.0,54,27,24.0,2.4,5.5,0.441,1.4,3.8,0.371,0.6,0.8,0.756,0.4,1.2,1.7,1.6,0.9,0.3,0.6,1.7,6.9,regular
203914,2024-25,00,1610612753,ORL,30.0,48,3,14.8,1.1,2.8,0.383,0.8,2.1,0.356,0.1,0.3,0.583,0.4,0.9,1.3,0.6,0.5,0.3,0.4,0.9,3.0,regular
203914,2025-26,00,1610612749,MIL,31.0,48,2,13.8,1.0,2.2,0.442,0.6,1.4,0.412,0.2,0.2,0.889,0.3,0.9,1.3,1.1,0.6,0.2,0.4,1.1,2.7,regular
203914,2018-19,00,1610612743,DEN,24.0,14,14,36.9,5.2,11.3,0.462,1.4,4.1,0.351,2.4,2.7,0.868,0.6,3.5,4.1,2.3,0.9,0.6,0.8,2.7,14.2,playoffs
203914,2019-20,00,1610612743,DEN,25.0,14,12,27.1,2.4,6.4,0.378,1.4,3.7,0.365,1.2,1.6,0.773,0.5,1.5,2.0,1.7,1.1,0.3,1.5,3.2,7.4,playoffs
203914,2023-24,00,1610612753,ORL,29.0,6,6,26.5,1.3,4.7,0.286,1.2,3.7,0.318,0.3,0.3,1.0,0.8,1.2,2.0,0.7,1.2,0.5,0.3,3.0,4.2,playoffs
203914,2024-25,00,1610612753,ORL,30.0,5,0,16.6,0.6,1.6,0.375,0.2,1.2,0.167,0.0,0.0,0.0,0.2,0.8,1.0,0.6,0.6,0.2,0.0,1.4,1.4,playoffs
1630284,2022-23,00,1610612753,ORL,26.0,34,0,13.4,1.4,3.1,0.439,0.5,1.3,0.372,0.9,1.2,0.756,0.8,1.2,2.1,0.5,0.5,0.1,0.6,1.6,4.1,regular
1630284,2023-24,00,1610612753,ORL,27.0,2,0,3.0,1.0,1.5,0.667,0.0,0.0,0.0,0.0,0.0,0.0,0.0,1.0,1.0,0.5,0.0,0.0,0.5,1.5,2.0,regular
202699,2011-12,00,1610612749,MIL,19.0,42,9,11.4,1.9,4.0,0.467,0.1,0.5,0.261,1.0,1.3,0.815,0.7,1.7,2.4,0.5,0.3,0.2,0.7,1.1,5.0,regular
202699,2012-13,00,1610612749,MIL,20.0,28,14,11.6,1.9,4.1,0.461,0.3,0.8,0.333,0.8,0.9,0.885,0.6,1.4,2.0,0.5,0.3,0.3,0.6,1.1,4.9,regular
202699,2012-13,00,1610612753,ORL,20.0,27,20,36.1,6.7,14.7,0.453,1.0,3.2,0.31,3.0,4.1,0.721,2.1,6.4,8.5,2.1,0.9,1.4,1.8,3.3,17.3,regular
202699,2012-13,00,0,TOT,20.0,55,34,23.6,4.2,9.3,0.455,0.6,2.0,0.315,1.9,2.5,0.752,1.3,3.9,5.2,1.3,0.6,0.8,1.2,2.2,11.0,regular
202699,2013-14,00,1610612753,ORL,21.0,61,36,30.3,5.4,11.7,0.464,0.5,2.1,0.254,3.2,4.0,0.807,1.4,5.5,7.0,1.3,0.7,0.4,1.3,2.3,14.6,regular
202699,2014-15,00,1610612753,ORL,22.0,68,63,34.8,6.5,14.0,0.466,1.3,3.5,0.364,2.8,3.6,0.788,1.1,5.3,6.3,1.8,1.0,0.5,1.7,2.0,17.1,regular
202699,2015-16,00,1610612753,ORL,23.0,49,49,32.9,5.1,11.0,0.464,1.0,3.1,0.311,2.4,3.1,0.784,1.4,5.5,7.0,2.0,1.0,0.6,1.6,1.9,13.7,regular
202699,2015-16,00,1610612765,DET,23.0,27,25,33.4,6.1,12.9,0.477,1.2,3.3,0.375,3.0,3.3,0.911,0.9,5.3,6.2,2.6,0.7,0.4,1.1,2.3,16.6,regular
202699,2015-16,00,0,TOT,23.0,76,74,33.1,5.5,11.7,0.469,1.1,3.1,0.335,2.7,3.2,0.831,1.3,5.4,6.7,2.2,0.9,0.5,1.4,2.0,14.7,regular
202699,2016-17,00,1610612765,DET,24.0,82,48,31.3,6.2,13.0,0.481,1.3,3.8,0.347,2.3,2.8,0.841,0.8,4.3,5.1,1.7,0.7,0.5,1.2,1.6,16.1,regular
202699,2017-18,00,1610612765,DET,25.0,48,48,32.6,6.7,14.8,0.451,2.4,5.8,0.409,2.4,2.8,0.846,0.8,4.3,5.1,2.0,0.7,0.3,1.1,1.9,18.1,regular
202699,2017-18,00,1610612746,LAC,25.0,32,32,34.5,7.6,16.0,0.473,2.2,5.3,0.414,2.0,2.5,0.8,0.7,5.3,6.0,3.1,1.2,0.6,1.7,2.3,19.3,regular
202699,2017-18,00,0,TOT,25.0,80,80,33.4,7.0,15.3,0.46,2.3,5.6,0.411,2.2,2.7,0.829,0.7,4.7,5.5,2.4,0.9,0.4,1.3,2.1,18.6,regular
202699,2018-19,00,1610612746,LAC,26.0,55,55,34.6,7.7,15.5,0.496,2.0,4.7,0.434,3.5,4.0,0.877,0.7,7.2,7.9,2.7,0.7,0.4,2.0,2.2,20.9,regular
202699,2018-19,00,1610612755,PHI,26.0,27,27,35.0,6.9,14.8,0.469,1.6,5.0,0.326,2.7,3.3,0.841,1.2,6.7,7.9,2.9,0.4,0.5,1.6,2.3,18.2,regular
202699,2018-19,00,0,TOT,26.0,82,82,34.7,7.5,15.3,0.487,1.9,4.8,0.397,3.2,3.7,0.866,0.8,7.0,7.9,2.8,0.6,0.5,1.8,2.2,20.0,regular
202699,2019-20,00,1610612755,PHI,27.0,72,72,34.3,7.7,16.3,0.471,1.8,5.0,0.367,2.4,3.0,0.806,1.0,5.9,6.9,3.2,0.7,0.6,1.4,2.3,19.6,regular
202699,2020-21,00,1610612755,PHI,28.0,62,62,32.5,7.6,14.9,0.512,1.3,3.4,0.394,2.9,3.3,0.892,1.0,5.8,6.8,3.5,0.9,0.8,1.7,1.9,19.5,regular
202699,2021-22,00,1610612755,PHI,29.0,73,73,34.8,6.8,14.0,0.482,1.4,3.8,0.367,2.3,2.8,0.842,1.1,5.7,6.8,3.5,0.6,0.6,1.6,2.2,17.2,regular
202699,2022-23,00,1610612755,PHI,30.0,74,74,32.9,5.7,11.4,0.501,1.7,4.4,0.389,1.5,1.7,0.876,0.9,4.8,5.7,2.5,0.9,0.5,1.2,2.0,14.7,regular
202699,2023-24,00,1610612755,PHI,31.0,70,70,33.8,6.6,13.6,0.487,1.3,3.7,0.353,2.7,3.0,0.878,1.1,5.3,6.5,3.1,1.0,0.7,1.3,1.6,17.2,regular
202699,2024-25,00,1610612765,DET,32.0,73,73,31.6,5.3,11.0,0.477,1.2,3.6,0.345,2.0,2.3,0.861,0.9,5.0,5.9,2.2,1.0,0.8,1.2,1.9,13.7,regular
202699,2025-26,00,1610612765,DET,33.0,63,63,27.7,4.9,10.5,0.469,1.3,3.5,0.368,2.2,2.5,0.866,0.9,4.3,5.1,2.5,0.9,0.4,1.0,1.7,13.3,regular
202699,2015-16,00,1610612765,DET,23.0,4,4,39.0,5.3,11.5,0.457,1.0,3.0,0.333,3.0,3.3,0.923,1.5,8.0,9.5,3.0,0.8,0.8,1.5,2.8,14.5,playoffs
202699,2018-19,00,1610612755,PHI,26.0,12,12,36.9,5.9,13.9,0.425,1.8,5.3,0.349,1.8,2.2,0.846,1.0,8.2,9.2,4.0,1.1,0.5,1.7,2.5,15.5,playoffs
202699,2019-20,00,1610612755,PHI,27.0,4,4,37.3,5.8,15.0,0.383,0.5,3.8,0.133,3.8,4.8,0.789,3.5,6.0,9.5,4.0,0.5,0.3,1.3,2.8,15.8,playoffs
202699,2020-21,00,1610612755,PHI,28.0,12,12,36.5,8.8,17.9,0.488,1.3,3.6,0.372,2.9,3.3,0.875,0.8,7.7,8.5,3.5,1.0,0.4,1.5,2.4,21.8,playoffs
202699,2021-22,00,1610612755,PHI,29.0,12,12,38.8,6.8,13.5,0.5,1.8,4.8,0.386,1.6,1.8,0.864,0.8,6.8,7.6,2.9,1.1,0.8,1.5,2.9,16.9,playoffs
202699,2022-23,00,1610612755,PHI,30.0,11,11,35.6,6.4,12.2,0.522,1.4,3.7,0.366,1.2,1.4,0.867,1.5,5.7,7.3,1.6,0.6,0.5,0.7,2.5,15.3,playoffs
202699,2023-24,00,1610612755,PHI,31.0,6,6,36.3,3.7,8.5,0.431,1.0,3.0,0.333,0.7,0.7,1.0,1.5,5.7,7.2,1.5,0.2,0.5,0.5,1.8,9.0,playoffs
202699,2024-25,00,1610612765,DET,32.0,6,6,38.8,5.7,11.8,0.479,1.7,3.8,0.435,2.7,2.7,1.0,1.3,6.3,7.7,0.5,1.0,1.2,1.0,2.7,15.7,playoffs
202699,2025-26,00,1610612765,DET,33.0,14,14,34.6,6.5,15.3,0.425,1.4,4.6,0.292,3.7,4.5,0.825,1.1,6.1,7.2,1.6,1.5,0.8,1.1,2.6,18.1,playoffs
1628404,2017-18,00,1610612747,LAL,23.0,63,23,23.2,2.8,6.0,0.469,1.2,3.1,0.396,1.0,1.5,0.702,0.7,3.5,4.2,1.3,0.7,0.3,0.7,1.7,7.9,regular
1628404,2018-19,00,1610612747,LAL,24.0,67,22,25.6,2.8,6.9,0.407,1.4,4.1,0.336,0.8,1.2,0.688,0.5,3.2,3.7,1.4,1.0,0.6,0.9,2.2,7.8,regular
1628404,2019-20,00,1610612740,NOP,25.0,65,16,27.0,3.5,8.2,0.423,1.9,5.4,0.342,1.3,1.8,0.739,0.9,5.6,6.5,1.7,1.0,0.4,1.2,2.5,10.1,regular
1628404,2020-21,00,1610612740,NOP,26.0,47,4,28.7,3.2,7.3,0.439,1.3,4.1,0.326,1.5,1.9,0.775,1.1,6.9,8.0,2.3,0.8,0.3,1.0,2.4,9.2,regular
1628404,2021-22,00,1610612740,NOP,27.0,41,40,33.5,4.8,9.4,0.505,1.0,3.2,0.323,2.8,3.8,0.753,1.3,6.5,7.8,4.1,1.1,0.3,2.0,2.9,13.4,regular
1628404,2021-22,00,1610612757,POR,27.0,13,13,32.1,7.1,14.1,0.503,2.4,6.4,0.373,3.4,4.4,0.772,0.7,4.7,5.4,4.3,1.2,0.2,2.5,2.5,19.9,regular
1628404,2021-22,00,0,TOT,27.0,54,53,33.2,5.3,10.5,0.504,1.4,3.9,0.343,3.0,3.9,0.758,1.1,6.0,7.2,4.1,1.1,0.2,2.1,2.8,14.9,regular
1628404,2022-23,00,1610612757,POR,28.0,51,51,33.4,3.6,7.1,0.504,0.7,2.2,0.304,1.7,2.3,0.731,1.9,6.3,8.2,3.9,1.1,0.2,1.5,2.6,9.5,regular
1628404,2022-23,00,1610612752,NYK,28.0,25,1,30.0,3.7,6.3,0.586,1.1,2.1,0.519,1.8,2.3,0.789,1.9,5.2,7.0,3.6,1.4,0.5,1.5,2.5,10.2,regular
1628404,2022-23,00,0,TOT,28.0,76,52,32.3,3.6,6.8,0.529,0.8,2.2,0.372,1.7,2.3,0.75,1.9,5.9,7.8,3.8,1.2,0.3,1.5,2.6,9.8,regular
1628404,2023-24,00,1610612752,NYK,29.0,81,42,33.4,3.6,8.4,0.434,1.0,3.2,0.31,1.1,1.4,0.791,1.6,6.8,8.3,4.1,0.9,0.3,1.5,2.1,9.4,regular
1628404,2024-25,00,1610612752,NYK,30.0,77,77,37.6,5.2,10.0,0.525,1.1,3.3,0.333,2.1,2.7,0.776,2.1,7.5,9.6,5.9,1.5,0.4,2.1,2.6,13.6,regular
1628404,2025-26,00,1610612752,NYK,31.0,66,52,30.2,4.6,9.0,0.508,1.5,3.7,0.413,1.4,1.9,0.72,1.4,6.0,7.4,4.8,1.1,0.3,1.9,2.5,12.0,regular
1628404,2022-23,00,1610612752,NYK,28.0,11,5,32.1,4.1,8.5,0.479,0.9,2.9,0.313,1.3,2.0,0.636,1.6,5.7,7.4,2.2,0.8,0.3,1.9,3.5,10.4,playoffs
1628404,2023-24,00,1610612752,NYK,29.0,13,13,42.2,5.1,11.5,0.44,1.7,4.5,0.373,2.7,3.7,0.729,2.8,8.7,11.5,4.5,1.0,0.8,2.6,3.2,14.5,playoffs
1628404,2024-25,00,1610612752,NYK,30.0,18,14,35.7,3.8,8.0,0.472,1.1,3.0,0.37,2.9,3.7,0.776,2.4,6.3,8.8,4.4,1.1,0.6,1.9,3.4,11.6,playoffs
1628404,2025-26,00,1610612752,NYK,31.0,15,15,32.6,4.2,9.7,0.434,1.3,4.6,0.29,1.1,1.8,0.63,1.1,8.0,9.1,4.7,1.9,0.2,1.9,2.5,10.9,playoffs
1628392,2018-19,00,1610612745,HOU,21.0,28,0,7.9,0.7,1.5,0.488,0.1,0.2,0.333,0.4,0.5,0.786,0.8,0.9,1.7,0.5,0.3,0.4,0.5,2.0,1.9,regular
1628392,2019-20,00,1610612745,HOU,22.0,23,2,11.6,1.9,2.9,0.657,0.0,0.2,0.0,0.8,1.2,0.679,1.3,2.7,3.9,0.8,0.4,0.5,0.7,1.8,4.7,regular
1628392,2020-21,00,1610612743,DEN,23.0,30,0,9.1,1.4,2.7,0.513,0.0,0.0,0.0,0.7,1.2,0.611,1.3,1.5,2.8,0.5,0.4,0.7,0.7,2.0,3.5,regular
1628392,2020-21,00,1610612739,CLE,23.0,16,2,17.9,3.3,5.7,0.582,0.1,0.4,0.333,1.5,2.2,0.686,1.6,4.4,6.0,2.5,0.5,1.2,1.4,2.8,8.3,regular
1628392,2020-21,00,0,TOT,23.0,46,2,12.2,2.0,3.7,0.55,0.0,0.1,0.333,1.0,1.5,0.648,1.4,2.5,3.9,1.2,0.4,0.8,1.0,2.3,5.1,regular
1628392,2021-22,00,1610612746,LAC,24.0,68,0,17.9,3.4,5.4,0.626,0.2,0.4,0.467,1.3,1.9,0.689,1.7,3.2,4.9,2.4,0.7,1.1,1.2,2.5,8.3,regular
1628392,2022-23,00,1610612752,NYK,25.0,82,8,19.9,2.1,4.0,0.535,0.1,0.5,0.216,0.6,0.9,0.676,2.5,4.0,6.5,1.2,0.6,0.8,0.8,2.6,5.0,regular
1628392,2023-24,00,1610612752,NYK,26.0,75,49,25.3,3.1,4.9,0.644,0.0,0.0,0.333,1.5,2.1,0.707,3.3,5.1,8.3,2.5,1.2,1.1,1.2,2.8,7.8,regular
1628392,2024-25,00,1610612760,OKC,27.0,57,53,27.9,4.9,8.4,0.581,0.0,0.3,0.0,1.4,2.1,0.675,2.9,7.9,10.7,3.8,0.8,1.1,1.7,3.0,11.2,regular
1628392,2025-26,00,1610612760,OKC,28.0,47,46,24.2,3.9,6.3,0.622,0.0,0.1,0.0,1.4,2.2,0.61,3.2,6.3,9.4,3.5,1.0,0.8,1.7,2.5,9.2,regular
1628392,2018-19,00,1610612745,HOU,21.0,2,0,1.0,1.0,1.0,1.0,0.0,0.0,0.0,0.0,0.0,0.0,0.5,0.0,0.5,0.0,0.0,0.0,0.0,0.5,2.0,playoffs
1628392,2022-23,00,1610612752,NYK,25.0,11,0,20.0,1.0,2.1,0.478,0.0,0.0,0.0,1.1,1.5,0.75,2.1,2.5,4.6,1.3,0.8,1.4,0.5,2.6,3.1,playoffs
1628392,2023-24,00,1610612752,NYK,26.0,13,13,29.8,3.5,5.8,0.592,0.1,0.2,0.5,1.5,1.7,0.864,3.8,4.1,7.8,3.5,0.3,0.9,1.5,3.2,8.5,playoffs
1628392,2024-25,00,1610612760,OKC,27.0,23,20,22.4,3.6,5.8,0.619,0.0,0.0,0.0,0.9,1.3,0.667,2.7,4.8,7.5,2.2,0.8,0.5,1.2,2.5,8.1,playoffs
1628392,2025-26,00,1610612760,OKC,28.0,15,15,23.3,3.8,6.0,0.633,0.0,0.1,0.0,1.5,2.0,0.767,3.3,5.0,8.3,2.6,0.8,0.7,1.7,3.2,9.1,playoffs
1630573,2021-22,00,1610612738,BOS,24.0,26,0,6.1,0.9,1.9,0.46,0.7,1.7,0.432,0.0,0.0,0.0,0.2,0.9,1.1,0.4,0.0,0.1,0.1,0.3,2.5,regular
1630573,2022-23,00,1610612738,BOS,25.0,80,8,16.1,2.3,5.0,0.455,1.8,4.2,0.418,0.2,0.2,0.706,0.4,2.1,2.6,0.9,0.4,0.3,0.4,1.2,6.4,regular
1630573,2023-24,00,1610612738,BOS,26.0,79,13,22.0,3.2,7.1,0.446,2.5,5.9,0.424,0.2,0.2,0.895,0.6,2.9,3.5,1.0,0.5,0.3,0.4,1.3,9.0,regular
1630573,2024-25,00,1610612738,BOS,27.0,71,19,21.7,3.0,6.7,0.451,2.3,5.6,0.416,0.2,0.2,1.0,0.6,2.5,3.2,0.9,0.6,0.2,0.3,1.2,8.5,regular
1630573,2025-26,00,1610612738,BOS,28.0,78,49,24.8,3.2,7.7,0.419,2.5,6.5,0.393,0.2,0.3,0.85,0.7,3.1,3.8,1.5,0.5,0.3,0.4,1.4,9.2,regular
1630573,2021-22,00,1610612738,BOS,24.0,7,0,2.1,0.1,0.6,0.25,0.1,0.4,0.333,0.3,0.3,1.0,0.0,0.1,0.1,0.3,0.0,0.0,0.0,0.0,0.7,playoffs
1630573,2022-23,00,1610612738,BOS,25.0,15,0,6.9,0.7,1.9,0.345,0.5,1.6,0.333,0.1,0.1,1.0,0.3,0.8,1.1,0.3,0.1,0.1,0.0,0.5,2.0,playoffs
1630573,2023-24,00,1610612738,BOS,26.0,19,0,14.9,1.9,4.4,0.429,1.4,3.7,0.38,0.2,0.2,1.0,0.4,1.7,2.2,0.6,0.3,0.2,0.2,1.1,5.4,playoffs
1630573,2024-25,00,1610612738,BOS,27.0,8,0,13.5,1.3,3.0,0.417,0.9,2.6,0.333,0.1,0.1,1.0,0.0,1.5,1.5,0.5,0.1,0.1,0.4,1.4,3.5,playoffs
1630573,2025-26,00,1610612738,BOS,28.0,7,6,23.4,2.7,6.6,0.413,2.3,5.4,0.421,0.0,0.0,0.0,1.3,3.0,4.3,0.9,0.1,0.1,0.3,1.4,7.7,playoffs
1641722,2023-24,00,1610612740,NOP,22.0,67,10,17.3,2.6,6.8,0.382,1.6,4.4,0.366,1.0,1.2,0.838,0.4,1.8,2.2,1.0,0.3,0.1,0.6,1.1,7.8,regular
1641722,2024-25,00,1610612740,NOP,23.0,56,9,23.6,3.7,9.9,0.372,2.0,5.9,0.331,1.4,1.8,0.816,0.4,2.4,2.8,1.2,0.5,0.4,1.0,0.9,10.8,regular
1641722,2025-26,00,1610612740,NOP,23.0,51,1,13.6,1.8,5.0,0.366,0.9,2.6,0.348,0.5,0.5,0.852,0.4,1.3,1.7,0.8,0.3,0.2,0.7,0.6,5.1,regular
1641722,2023-24,00,1610612740,NOP,22.0,3,0,4.0,0.0,1.3,0.0,0.0,1.0,0.0,0.0,0.0,0.0,0.0,0.7,0.7,0.0,0.0,0.0,0.0,0.3,0.0,playoffs
1629637,2019-20,00,1610612740,NOP,20.0,64,14,16.9,2.7,4.0,0.672,0.0,0.1,0.25,1.9,3.0,0.647,1.5,2.5,4.0,0.9,0.4,0.9,0.8,2.5,7.4,regular
1629637,2020-21,00,1610612740,NOP,21.0,60,3,16.1,2.9,4.7,0.625,0.1,0.2,0.429,1.6,2.0,0.775,1.5,2.8,4.3,0.6,0.4,0.6,0.7,1.7,7.5,regular
1629637,2021-22,00,1610612740,NOP,22.0,70,28,20.0,3.5,5.7,0.616,0.3,0.8,0.351,2.1,2.7,0.766,1.6,2.9,4.5,0.6,0.5,0.8,0.8,2.2,9.3,regular
1629637,2022-23,00,1610612740,NOP,23.0,47,2,13.0,1.8,3.3,0.551,0.1,0.6,0.103,1.2,1.8,0.699,0.8,2.0,2.8,0.7,0.4,0.4,0.7,1.4,5.0,regular
1629637,2023-24,00,1610612747,LAL,24.0,70,5,12.5,1.8,2.5,0.72,0.0,0.1,0.0,0.7,1.2,0.622,1.0,2.0,3.0,0.5,0.5,0.4,0.6,1.8,4.3,regular
1629637,2024-25,00,1610612747,LAL,25.0,56,35,19.5,2.9,4.0,0.722,0.0,0.1,0.0,1.1,1.8,0.622,1.4,3.4,4.8,1.0,0.6,0.9,0.8,2.4,6.8,regular
1629637,2025-26,00,1610612747,LAL,25.0,66,9,18.3,3.0,4.0,0.756,0.0,0.0,1.0,1.5,2.3,0.653,1.5,2.6,4.1,0.9,0.4,0.8,0.5,1.9,7.5,regular
1629637,2021-22,00,1610612740,NOP,22.0,6,6,13.8,2.3,4.2,0.56,0.0,0.5,0.0,1.2,1.8,0.636,0.7,1.8,2.5,0.2,0.0,0.3,0.7,1.8,5.8,playoffs
1629637,2023-24,00,1610612747,LAL,24.0,4,0,6.0,0.0,0.5,0.0,0.0,0.0,0.0,0.3,0.5,0.5,0.8,2.3,3.0,0.3,0.0,0.0,0.5,1.8,0.3,playoffs
1629637,2024-25,00,1610612747,LAL,25.0,4,4,7.8,0.8,2.0,0.375,0.0,0.0,0.0,0.3,0.5,0.5,1.3,0.8,2.0,0.3,0.0,0.3,0.3,2.0,1.8,playoffs
1629637,2025-26,00,1610612747,LAL,25.0,10,0,16.3,1.9,2.8,0.679,0.0,0.1,0.0,1.9,2.7,0.704,1.5,1.7,3.2,0.7,0.3,0.8,1.0,2.7,5.7,playoffs
1628502,2017-18,00,1610612747,LAL,23.0,2,0,5.5,0.5,1.5,0.333,0.0,1.0,0.0,0.5,0.5,1.0,0.0,0.0,0.0,1.0,0.0,0.0,0.0,0.0,1.5,regular
1628502,2017-18,00,1610612761,TOR,23.0,2,0,3.0,1.0,1.0,1.0,1.0,1.0,1.0,0.0,0.0,0.0,0.0,0.0,0.0,0.0,0.0,0.0,0.5,0.0,3.0,regular
1628502,2017-18,00,1610612758,SAC,23.0,5,0,21.0,1.6,5.6,0.286,0.4,2.4,0.167,0.0,0.4,0.0,0.8,3.6,4.4,0.8,0.4,0.6,0.2,1.6,3.6,regular
1628502,2017-18,00,0,TOT,23.0,9,0,13.6,1.2,3.7,0.333,0.4,1.8,0.25,0.1,0.3,0.333,0.4,2.0,2.4,0.7,0.2,0.3,0.2,0.9,3.0,regular
1628502,2025-26,00,1610612756,PHX,31.0,27,0,7.2,0.6,1.7,0.326,0.1,0.6,0.125,0.1,0.1,0.5,0.4,0.8,1.2,0.3,0.3,0.1,0.3,0.6,1.3,regular
1630703,2023-24,00,1610612757,POR,20.0,62,32,28.5,5.0,12.9,0.385,1.4,4.3,0.325,2.7,3.3,0.819,0.9,2.3,3.1,5.4,0.8,0.2,3.4,3.1,14.0,regular
1630703,2024-25,00,1610612757,POR,21.0,66,10,26.7,4.3,10.4,0.419,1.6,4.5,0.354,2.4,3.1,0.767,0.8,2.2,3.0,5.1,1.0,0.2,2.7,2.7,12.7,regular
1630703,2025-26,00,1610612757,POR,22.0,30,10,24.9,4.8,11.4,0.418,1.9,5.4,0.352,2.8,3.3,0.84,0.6,2.1,2.7,3.7,0.9,0.3,2.4,2.8,14.2,regular
1630703,2025-26,00,1610612757,POR,22.0,5,5,29.0,5.6,11.8,0.475,2.6,5.6,0.464,1.2,1.6,0.75,0.4,1.2,1.6,1.2,0.8,0.2,1.8,3.4,15.0,playoffs
1641707,2023-24,00,1610612762,UTA,20.0,40,23,21.4,2.7,6.0,0.45,1.3,3.5,0.379,0.6,0.7,0.793,1.2,3.5,4.6,0.8,0.7,0.8,0.7,1.9,7.3,regular
1641707,2024-25,00,1610612762,UTA,21.0,3,3,25.0,1.3,6.0,0.222,1.0,4.0,0.25,1.0,1.3,0.75,1.7,3.3,5.0,0.7,1.7,1.3,0.7,2.7,4.7,regular
1641707,2025-26,00,1610612762,UTA,22.0,33,6,14.9,1.8,3.9,0.453,0.7,2.1,0.343,0.7,1.0,0.719,0.9,2.1,3.0,0.7,0.4,0.2,0.6,1.2,4.9,regular
1641707,2025-26,00,1610612763,MEM,22.0,26,11,24.1,4.0,8.7,0.463,1.5,4.4,0.342,1.0,1.5,0.65,1.4,3.3,4.7,1.2,1.4,0.8,1.2,2.3,10.6,regular
1641707,2025-26,00,0,TOT,22.0,59,17,18.9,2.8,6.0,0.459,1.1,3.1,0.342,0.8,1.2,0.681,1.1,2.6,3.7,0.9,0.8,0.5,0.8,1.7,7.4,regular
1642935,2025-26,00,1610612761,TOR,22.0,2,0,6.5,0.0,3.0,0.0,0.0,2.5,0.0,0.0,0.0,0.0,0.0,0.5,0.5,1.0,0.5,0.0,0.5,1.0,0.0,regular
1629639,2019-20,00,1610612748,MIA,20.0,55,8,27.4,4.9,11.5,0.428,2.1,5.4,0.389,1.6,1.8,0.87,0.3,3.8,4.1,2.2,0.6,0.2,1.6,1.4,13.5,regular
1629639,2020-21,00,1610612748,MIA,21.0,54,15,30.3,5.7,12.9,0.439,2.0,5.5,0.36,1.7,2.2,0.803,0.5,4.5,5.0,3.4,0.6,0.3,1.9,1.3,15.1,regular
1629639,2021-22,00,1610612748,MIA,22.0,66,10,32.6,7.6,17.0,0.447,2.7,6.7,0.399,2.9,3.3,0.868,0.5,4.5,5.0,4.0,0.7,0.1,2.6,1.4,20.7,regular
1629639,2022-23,00,1610612748,MIA,23.0,67,67,34.9,7.3,16.6,0.439,3.0,8.0,0.378,2.5,2.7,0.934,0.4,5.0,5.4,4.2,0.8,0.2,2.4,1.5,20.1,regular
1629639,2023-24,00,1610612748,MIA,24.0,42,40,33.5,7.7,17.5,0.441,3.1,7.9,0.396,2.3,2.6,0.856,0.5,4.8,5.3,4.5,0.7,0.1,2.2,1.5,20.8,regular
1629639,2024-25,00,1610612748,MIA,25.0,77,77,35.4,8.5,17.9,0.472,3.3,8.7,0.375,3.7,4.2,0.878,0.5,4.7,5.2,5.5,0.9,0.2,2.6,1.1,23.9,regular
1629639,2025-26,00,1610612748,MIA,26.0,33,28,31.3,7.5,15.6,0.48,2.5,6.7,0.378,3.0,3.3,0.917,0.4,4.4,4.8,4.1,0.7,0.4,1.9,1.9,20.5,regular
1629639,2019-20,00,1610612748,MIA,20.0,21,5,33.7,5.7,13.2,0.433,2.3,6.1,0.375,2.2,2.6,0.87,0.3,4.8,5.1,3.7,0.4,0.1,2.0,1.5,16.0,playoffs
1629639,2020-21,00,1610612748,MIA,21.0,4,0,23.3,3.0,9.5,0.316,1.5,4.8,0.316,1.8,1.8,1.0,0.3,3.0,3.3,1.8,0.3,0.3,0.8,0.5,9.3,playoffs
1629639,2021-22,00,1610612748,MIA,22.0,15,0,25.4,4.9,12.1,0.409,1.1,4.7,0.229,1.7,1.8,0.926,0.5,3.4,3.9,2.8,0.6,0.4,1.8,1.4,12.6,playoffs
1629639,2022-23,00,1610612748,MIA,23.0,1,1,19.0,5.0,9.0,0.556,2.0,4.0,0.5,0.0,0.0,0.0,0.0,2.0,2.0,2.0,0.0,1.0,1.0,1.0,12.0,playoffs
1629639,2023-24,00,1610612748,MIA,24.0,5,5,37.0,6.0,15.6,0.385,3.0,8.6,0.349,1.8,2.0,0.9,0.0,3.6,3.6,5.4,0.4,0.0,2.8,2.0,16.8,playoffs
1629639,2024-25,00,1610612748,MIA,25.0,4,4,36.0,6.8,16.3,0.415,2.3,7.3,0.31,2.0,2.5,0.8,0.0,3.5,3.5,2.8,0.5,0.0,2.3,3.0,17.8,playoffs
1627741,2016-17,00,1610612740,NOP,24.0,57,37,20.4,3.2,8.3,0.393,1.6,4.2,0.369,0.5,0.6,0.879,0.3,2.6,2.9,1.4,0.3,0.1,0.8,1.4,8.6,regular
1627741,2016-17,00,1610612758,SAC,24.0,25,18,29.1,5.7,11.8,0.48,2.4,5.5,0.428,1.4,1.7,0.814,0.6,3.5,4.1,1.8,0.8,0.1,2.1,1.4,15.1,regular
1627741,2016-17,00,0,TOT,24.0,82,55,23.0,4.0,9.4,0.426,1.8,4.6,0.391,0.8,0.9,0.842,0.4,2.9,3.3,1.5,0.5,0.1,1.2,1.4,10.6,regular
1627741,2017-18,00,1610612758,SAC,25.0,80,13,25.3,5.2,11.7,0.446,2.2,5.1,0.431,0.9,1.0,0.877,0.7,3.2,3.8,1.9,1.1,0.3,1.6,1.9,13.5,regular
1627741,2018-19,00,1610612758,SAC,26.0,82,82,31.9,7.6,16.6,0.458,3.4,7.9,0.427,2.1,2.4,0.886,1.3,3.7,5.0,2.5,0.7,0.4,1.8,2.5,20.7,regular
1627741,2019-20,00,1610612758,SAC,27.0,72,44,30.8,6.9,16.1,0.429,3.8,9.6,0.394,1.6,1.9,0.846,0.8,3.8,4.6,3.0,0.9,0.2,2.3,2.3,19.2,regular
1627741,2020-21,00,1610612758,SAC,28.0,71,71,34.3,5.7,14.0,0.406,4.0,10.2,0.391,1.2,1.5,0.846,0.4,4.3,4.7,3.6,0.9,0.4,1.8,2.5,16.6,regular
1627741,2021-22,00,1610612758,SAC,29.0,55,6,28.6,4.8,12.6,0.382,3.3,9.0,0.368,1.5,1.7,0.87,0.8,3.2,4.0,1.9,0.9,0.3,1.6,2.1,14.4,regular
1627741,2021-22,00,1610612754,IND,29.0,26,26,35.6,7.0,15.6,0.447,3.1,8.5,0.362,1.2,1.3,0.886,0.9,4.2,5.1,4.8,1.0,0.4,2.4,2.7,18.2,regular
1627741,2021-22,00,0,TOT,29.0,81,32,30.9,5.5,13.6,0.406,3.2,8.8,0.366,1.4,1.6,0.874,0.8,3.5,4.4,2.8,0.9,0.3,1.9,2.3,15.6,regular
1627741,2022-23,00,1610612754,IND,30.0,80,73,31.0,5.9,13.0,0.458,3.6,8.5,0.425,1.3,1.6,0.822,0.8,4.2,5.0,2.8,1.2,0.3,1.7,2.0,16.8,regular
1627741,2023-24,00,1610612754,IND,31.0,52,28,25.7,4.4,9.9,0.443,2.6,6.9,0.384,0.5,0.6,0.848,0.7,2.6,3.2,2.7,0.8,0.6,1.2,2.0,12.0,regular
1627741,2023-24,00,1610612755,PHI,31.0,32,14,25.8,4.4,10.4,0.426,2.6,6.6,0.389,0.8,0.8,0.923,0.8,2.3,3.2,3.0,0.8,0.3,1.3,2.1,12.2,regular
1627741,2023-24,00,0,TOT,31.0,84,42,25.7,4.4,10.1,0.436,2.6,6.8,0.386,0.6,0.7,0.881,0.7,2.5,3.2,2.8,0.8,0.5,1.2,2.0,12.1,regular
1627741,2024-25,00,1610612744,GSW,32.0,82,22,22.7,4.0,9.6,0.417,2.5,6.7,0.37,0.6,0.8,0.828,0.6,2.6,3.2,1.6,0.8,0.3,1.1,1.6,11.1,regular
1627741,2025-26,00,1610612744,GSW,33.0,44,3,17.5,3.0,6.8,0.433,1.5,4.4,0.344,0.6,0.8,0.794,0.6,1.9,2.5,1.5,0.8,0.2,1.0,1.3,8.0,regular
1627741,2025-26,00,1610612737,ATL,33.0,7,0,7.3,1.9,3.9,0.481,1.0,2.4,0.412,0.4,0.4,1.0,0.1,1.0,1.1,0.7,0.3,0.0,0.9,0.1,5.1,regular
1627741,2025-26,00,0,TOT,33.0,51,3,16.1,2.8,6.4,0.437,1.5,4.2,0.349,0.6,0.7,0.811,0.5,1.7,2.3,1.4,0.8,0.2,0.9,1.1,7.6,regular
1627741,2023-24,00,1610612755,PHI,31.0,4,0,12.8,1.8,4.3,0.412,1.5,3.3,0.462,0.5,0.5,1.0,0.5,0.8,1.3,0.5,0.0,0.3,0.5,1.0,5.5,playoffs
1627741,2024-25,00,1610612744,GSW,32.0,12,9,27.3,4.3,10.4,0.416,2.8,6.4,0.429,1.1,1.2,0.929,1.5,2.0,3.5,1.8,1.2,0.4,1.1,2.0,12.5,playoffs
1627741,2025-26,00,1610612737,ATL,33.0,2,0,6.5,2.0,2.5,0.8,1.0,1.0,1.0,0.0,0.0,0.0,0.0,1.0,1.0,0.0,0.0,0.0,1.0,0.0,5.0,playoffs
1629312,2018-19,00,1610612755,PHI,22.0,5,0,8.0,0.8,2.0,0.4,0.2,1.0,0.2,0.0,0.4,0.0,0.0,1.0,1.0,0.4,0.2,0.0,0.2,0.2,1.8,regular
1629312,2021-22,00,1610612748,MIA,25.0,19,1,8.6,0.8,2.4,0.348,0.5,1.5,0.321,0.1,0.3,0.4,0.5,0.8,1.4,0.3,0.1,0.2,0.2,0.7,2.3,regular
1629312,2022-23,00,1610612748,MIA,26.0,54,11,17.9,1.7,4.0,0.431,0.7,2.0,0.339,0.2,0.5,0.464,1.1,2.4,3.5,0.8,0.7,0.3,0.8,1.5,4.4,regular
1629312,2023-24,00,1610612748,MIA,27.0,66,26,20.7,2.3,5.0,0.465,1.2,2.9,0.396,0.3,0.5,0.639,1.0,2.2,3.2,1.1,0.8,0.5,0.5,1.8,6.1,regular
1629312,2024-25,00,1610612748,MIA,28.0,74,42,24.6,2.4,5.3,0.458,1.2,3.1,0.382,0.4,0.6,0.721,1.0,2.4,3.4,1.5,0.9,0.5,0.7,2.2,6.5,regular
1629312,2025-26,00,1610612756,PHX,29.0,7,0,13.0,1.7,3.3,0.522,1.1,2.0,0.571,0.9,1.0,0.857,0.9,1.0,1.9,1.0,0.6,0.0,0.0,1.3,5.4,regular
1629312,2021-22,00,1610612748,MIA,25.0,8,0,3.9,0.4,0.9,0.429,0.4,0.6,0.6,0.0,0.0,0.0,0.3,0.4,0.6,0.4,0.0,0.0,0.4,0.3,1.1,playoffs
1629312,2022-23,00,1610612748,MIA,26.0,18,0,8.9,1.3,2.2,0.615,0.4,0.9,0.5,0.2,0.3,0.8,0.6,0.8,1.3,0.3,0.6,0.1,0.1,1.1,3.3,playoffs
1629312,2023-24,00,1610612748,MIA,27.0,5,0,25.2,2.0,5.6,0.357,0.6,3.2,0.188,0.2,0.2,1.0,0.4,2.4,2.8,1.6,0.2,0.2,0.8,2.8,4.8,playoffs
1629312,2024-25,00,1610612748,MIA,28.0,4,0,21.0,2.8,4.8,0.579,1.8,3.8,0.467,0.0,0.0,0.0,1.0,2.3,3.3,1.0,0.8,0.5,1.0,2.8,7.3,playoffs
1629312,2025-26,00,1610612756,PHX,29.0,2,0,5.5,0.0,1.0,0.0,0.0,1.0,0.0,0.0,0.0,0.0,0.5,1.0,1.5,0.5,0.0,0.0,1.0,0.0,0.0,playoffs
1628988,2018-19,00,1610612754,IND,22.0,50,0,12.9,2.1,5.2,0.401,0.9,2.5,0.339,0.8,1.0,0.82,0.1,1.2,1.3,1.7,0.4,0.3,0.8,1.4,5.9,regular
1628988,2019-20,00,1610612754,IND,23.0,66,33,24.5,3.5,8.5,0.414,1.3,3.3,0.394,1.1,1.3,0.851,0.3,2.0,2.4,3.4,0.8,0.2,1.3,1.8,9.5,regular
1628988,2020-21,00,1610612754,IND,24.0,66,8,17.8,2.6,6.6,0.39,1.0,2.8,0.368,1.0,1.3,0.819,0.2,1.1,1.3,1.9,0.7,0.2,1.0,1.4,7.2,regular
1628988,2021-22,00,1610612764,WAS,25.0,41,14,16.2,2.4,5.2,0.467,0.6,1.6,0.343,0.7,0.9,0.8,0.2,1.4,1.6,1.9,0.6,0.2,1.0,1.5,6.1,regular
1628988,2021-22,00,1610612756,PHX,25.0,22,1,16.3,2.3,5.6,0.411,0.7,1.6,0.444,1.4,1.5,0.939,0.7,1.8,2.5,3.4,0.8,0.0,1.3,1.5,6.8,regular
1628988,2021-22,00,0,TOT,25.0,63,15,16.2,2.4,5.4,0.447,0.6,1.6,0.379,0.9,1.1,0.868,0.4,1.6,1.9,2.4,0.7,0.1,1.1,1.5,6.3,regular
1628988,2022-23,00,1610612737,ATL,26.0,63,6,13.4,1.5,3.5,0.418,0.6,1.4,0.409,0.4,0.5,0.844,0.4,0.8,1.2,1.4,0.6,0.2,0.6,1.3,3.9,regular
1628988,2023-24,00,1610612745,HOU,27.0,78,1,16.3,2.4,5.3,0.446,1.1,2.8,0.387,0.7,0.8,0.921,0.3,1.3,1.6,1.8,0.5,0.1,0.7,1.6,6.6,regular
1628988,2024-25,00,1610612745,HOU,28.0,62,3,12.8,1.9,4.3,0.437,1.2,2.9,0.398,0.5,0.7,0.829,0.2,1.0,1.3,1.3,0.3,0.2,0.6,1.0,5.5,regular
1628988,2025-26,00,1610612745,HOU,29.0,57,1,13.7,1.8,4.4,0.417,1.2,3.0,0.394,0.6,0.7,0.854,0.2,0.8,1.0,1.1,0.5,0.1,0.7,1.3,5.5,regular
1628988,2018-19,00,1610612754,IND,22.0,3,0,4.3,0.7,1.7,0.4,0.3,0.7,0.5,0.0,0.0,0.0,0.0,0.0,0.0,0.0,0.0,0.0,0.3,1.0,1.7,playoffs
1628988,2019-20,00,1610612754,IND,23.0,4,2,18.0,3.0,5.3,0.571,1.0,2.3,0.444,0.8,1.3,0.6,0.3,1.0,1.3,2.5,1.0,0.0,1.0,2.5,7.8,playoffs
1628988,2021-22,00,1610612756,PHX,25.0,6,0,3.3,1.3,2.3,0.571,0.8,1.2,0.714,0.0,0.2,0.0,0.5,0.0,0.5,1.5,0.5,0.2,0.0,0.2,3.5,playoffs
1628988,2022-23,00,1610612737,ATL,26.0,1,0,4.0,0.0,0.0,0.0,0.0,0.0,0.0,0.0,0.0,0.0,0.0,0.0,0.0,1.0,0.0,0.0,1.0,0.0,0.0,playoffs
1628988,2024-25,00,1610612745,HOU,28.0,3,0,9.0,1.3,3.3,0.4,0.7,1.7,0.4,0.7,1.3,0.5,0.3,0.3,0.7,1.0,0.0,0.0,0.3,1.0,4.0,playoffs
1628988,2025-26,00,1610612745,HOU,29.0,6,0,11.2,1.0,3.7,0.273,0.7,2.5,0.267,0.0,0.0,0.0,0.0,0.3,0.3,0.5,0.3,0.2,0.5,1.0,2.7,playoffs
201950,2009-10,00,1610612755,PHI,20.0,73,51,24.2,3.2,7.1,0.442,0.8,2.2,0.39,0.9,1.2,0.756,0.8,1.8,2.6,3.8,1.1,0.2,2.1,2.1,8.0,regular
201950,2010-11,00,1610612755,PHI,21.0,82,82,35.4,5.4,12.2,0.446,1.0,2.7,0.365,2.1,2.5,0.823,0.8,3.2,4.0,6.5,1.5,0.4,2.7,2.5,14.0,regular
201950,2011-12,00,1610612755,PHI,22.0,65,65,33.8,5.5,12.8,0.432,1.0,2.6,0.38,1.4,1.8,0.783,0.9,2.4,3.3,4.5,1.6,0.3,2.1,2.1,13.5,regular
201950,2012-13,00,1610612755,PHI,23.0,78,78,37.5,7.1,16.5,0.431,1.2,3.2,0.368,2.3,3.1,0.752,1.1,3.1,4.2,8.0,1.6,0.4,3.7,2.2,17.7,regular
201950,2013-14,00,1610612740,NOP,24.0,34,34,33.6,6.0,13.4,0.447,0.9,2.3,0.39,1.5,1.9,0.81,0.8,3.4,4.2,7.9,1.6,0.4,3.1,2.7,14.3,regular
201950,2014-15,00,1610612740,NOP,25.0,40,37,32.6,6.0,13.4,0.446,1.3,3.4,0.378,1.6,1.9,0.855,0.8,2.6,3.4,6.9,1.6,0.6,2.3,2.8,14.8,regular
201950,2015-16,00,1610612740,NOP,26.0,65,23,28.2,6.3,14.4,0.439,1.3,4.0,0.336,2.8,3.3,0.843,0.4,2.6,3.0,6.0,1.4,0.3,2.6,2.3,16.8,regular
201950,2016-17,00,1610612740,NOP,27.0,67,61,32.7,6.0,13.3,0.454,1.5,4.2,0.356,1.8,2.5,0.708,0.7,3.3,3.9,7.3,1.5,0.7,2.9,2.0,15.4,regular
201950,2017-18,00,1610612740,NOP,28.0,81,81,36.1,7.6,15.4,0.494,1.5,4.4,0.337,2.3,2.9,0.786,0.8,3.7,4.5,6.0,1.5,0.8,2.6,2.5,19.0,regular
201950,2018-19,00,1610612740,NOP,29.0,67,67,35.9,8.2,17.3,0.472,1.8,5.4,0.325,3.1,4.0,0.768,1.1,3.9,5.0,7.7,1.6,0.8,3.1,2.2,21.2,regular
201950,2019-20,00,1610612740,NOP,30.0,61,61,34.7,7.5,16.5,0.455,2.0,5.7,0.353,2.1,3.0,0.709,1.3,3.5,4.8,6.7,1.6,0.8,3.0,2.4,19.1,regular
201950,2020-21,00,1610612749,MIL,31.0,59,56,32.3,7.0,13.9,0.503,1.9,4.8,0.392,1.8,2.3,0.787,1.2,3.3,4.5,6.1,1.6,0.6,2.2,1.7,17.7,regular
201950,2021-22,00,1610612749,MIL,32.0,67,64,32.9,7.1,14.2,0.501,2.0,4.8,0.411,2.0,2.7,0.761,1.0,3.5,4.5,6.8,1.6,0.4,2.7,2.0,18.3,regular
201950,2022-23,00,1610612749,MIL,33.0,67,65,32.6,7.3,15.3,0.479,2.4,6.1,0.384,2.3,2.6,0.859,1.2,3.9,5.1,7.4,1.2,0.4,2.9,1.7,19.3,regular
201950,2023-24,00,1610612738,BOS,34.0,69,69,32.8,4.8,10.0,0.48,2.0,4.7,0.429,0.9,1.0,0.833,1.2,4.2,5.4,4.8,0.9,0.8,1.8,1.6,12.5,regular
201950,2024-25,00,1610612738,BOS,35.0,62,62,30.6,4.1,9.2,0.443,1.7,4.9,0.353,1.1,1.2,0.909,1.2,3.0,4.3,3.9,1.1,0.4,1.2,1.6,11.1,regular
201950,2025-26,00,1610612757,POR,35.0,53,51,29.4,6.0,13.4,0.451,2.6,6.8,0.378,1.7,2.0,0.838,1.3,3.3,4.6,6.1,1.0,0.1,2.8,1.5,16.3,regular
201950,2010-11,00,1610612755,PHI,21.0,5,5,37.6,4.8,11.6,0.414,2.2,4.2,0.524,2.4,3.0,0.8,0.6,3.2,3.8,5.6,2.0,0.4,2.2,2.0,14.2,playoffs
201950,2011-12,00,1610612755,PHI,22.0,13,13,38.0,5.7,13.8,0.413,1.5,3.8,0.408,2.9,3.4,0.864,1.3,3.4,4.7,5.2,1.5,0.6,2.0,1.8,15.8,playoffs
201950,2014-15,00,1610612740,NOP,25.0,3,0,18.3,2.3,6.3,0.368,0.3,1.3,0.25,1.3,1.3,1.0,0.7,0.3,1.0,4.3,0.7,0.3,1.7,1.0,6.3,playoffs
201950,2017-18,00,1610612740,NOP,28.0,9,9,38.7,9.8,18.9,0.518,1.8,5.6,0.32,2.3,3.3,0.7,1.0,4.7,5.7,6.3,1.1,0.6,2.6,2.4,23.7,playoffs
201950,2020-21,00,1610612749,MIL,31.0,23,23,39.7,6.9,16.9,0.406,1.9,6.2,0.303,1.7,2.4,0.714,1.4,4.3,5.7,8.7,1.7,0.4,2.4,2.1,17.3,playoffs
201950,2021-22,00,1610612749,MIL,32.0,12,12,38.6,7.4,19.6,0.379,2.1,6.6,0.316,2.2,2.6,0.839,1.0,4.6,5.6,6.5,1.8,0.6,2.8,2.3,19.1,playoffs
201950,2022-23,00,1610612749,MIL,33.0,5,5,38.2,6.8,17.0,0.4,2.4,8.4,0.286,1.8,2.6,0.692,0.8,5.8,6.6,8.0,1.0,0.4,2.4,2.4,17.8,playoffs
201950,2023-24,00,1610612738,BOS,34.0,19,19,37.9,5.1,10.2,0.503,1.8,4.6,0.402,1.1,1.2,0.955,1.9,4.2,6.1,4.4,1.1,0.6,1.5,2.1,13.2,playoffs
201950,2024-25,00,1610612738,BOS,35.0,8,8,33.0,3.6,7.5,0.483,1.1,3.3,0.346,1.1,1.6,0.692,1.5,2.6,4.1,4.0,0.9,0.1,2.0,3.1,9.5,playoffs
201950,2025-26,00,1610612757,POR,35.0,5,5,38.4,6.2,15.4,0.403,2.4,6.8,0.353,1.6,1.8,0.889,1.6,3.8,5.4,7.2,1.4,0.4,3.2,3.0,16.4,playoffs
1641842,2024-25,00,1610612765,DET,19.0,81,2,15.6,2.4,5.1,0.474,0.4,1.9,0.238,1.1,1.5,0.754,0.5,2.2,2.7,1.0,0.6,0.2,0.9,1.7,6.4,regular
1641842,2025-26,00,1610612765,DET,20.0,78,5,19.9,3.0,7.0,0.432,0.6,2.5,0.253,1.5,1.9,0.805,1.1,3.0,4.0,1.2,1.2,0.3,1.2,2.3,8.2,regular
1641842,2024-25,00,1610612765,DET,19.0,5,0,6.8,0.0,1.0,0.0,0.0,0.6,0.0,1.8,2.0,0.9,0.6,0.6,1.2,0.0,0.0,0.2,1.2,1.0,1.8,playoffs
1641842,2025-26,00,1610612765,DET,20.0,9,0,6.4,0.4,1.4,0.308,0.2,0.9,0.25,0.3,0.6,0.6,0.1,1.4,1.6,0.1,0.4,0.2,0.3,1.0,1.4,playoffs
1641747,2025-26,00,1610612743,DEN,23.0,25,6,8.4,1.2,2.4,0.508,0.8,1.8,0.444,0.4,0.6,0.786,0.3,1.1,1.4,0.6,0.0,0.2,0.5,0.8,3.7,regular
1641747,2025-26,00,1610612743,DEN,23.0,2,0,2.0,0.0,0.0,0.0,0.0,0.0,0.0,0.0,0.0,0.0,0.0,1.0,1.0,0.0,0.0,0.0,0.0,0.0,0.0,playoffs
1631096,2023-24,00,1610612760,OKC,22.0,82,82,29.4,6.2,11.6,0.53,1.6,4.3,0.37,2.7,3.4,0.793,1.6,6.3,7.9,2.4,0.6,2.3,1.6,2.4,16.5,regular
1631096,2024-25,00,1610612760,OKC,23.0,32,32,27.4,5.2,10.7,0.49,1.4,3.6,0.379,3.2,4.2,0.754,1.5,6.5,8.0,2.0,0.7,2.2,1.8,2.3,15.0,regular
1631096,2025-26,00,1610612760,OKC,24.0,69,69,28.9,6.3,11.3,0.557,1.3,3.5,0.362,3.3,4.1,0.792,1.9,7.0,8.9,1.7,0.6,1.9,1.6,2.3,17.1,regular
1631096,2023-24,00,1610612760,OKC,22.0,10,10,34.5,5.9,11.9,0.496,1.3,5.0,0.26,2.5,3.3,0.758,1.4,5.8,7.2,2.1,0.7,2.5,1.9,2.6,15.6,playoffs
1631096,2024-25,00,1610612760,OKC,23.0,23,23,29.8,5.3,11.6,0.462,1.2,4.0,0.297,3.3,4.2,0.784,1.8,6.8,8.7,1.0,0.7,1.9,1.2,2.0,15.2,playoffs
1631096,2025-26,00,1610612760,OKC,24.0,15,15,30.6,5.5,9.7,0.568,1.0,2.8,0.357,2.9,3.5,0.827,2.0,6.2,8.2,1.1,1.1,1.5,1.3,2.3,14.9,playoffs
201143,2007-08,00,1610612737,ATL,22.0,81,77,31.4,4.1,8.2,0.499,0.0,0.1,0.0,1.9,2.6,0.731,3.1,6.6,9.7,1.5,0.7,0.9,1.7,3.3,10.1,regular
201143,2008-09,00,1610612737,ATL,23.0,67,67,33.5,4.7,8.9,0.525,0.0,0.0,0.0,2.2,3.1,0.727,2.2,7.1,9.3,2.4,0.8,1.4,1.5,2.8,11.5,regular
201143,2009-10,00,1610612737,ATL,24.0,81,81,35.1,5.8,10.5,0.551,0.0,0.0,1.0,2.6,3.3,0.789,2.9,7.0,9.9,2.3,0.7,1.1,1.5,2.8,14.2,regular
201143,2010-11,00,1610612737,ATL,25.0,77,77,35.1,6.7,12.0,0.557,0.0,0.1,0.5,1.9,2.4,0.798,2.4,7.0,9.3,3.5,0.8,1.0,1.5,2.5,15.3,regular
201143,2011-12,00,1610612737,ATL,26.0,11,11,31.6,5.2,9.4,0.553,0.0,0.1,0.0,2.0,2.7,0.733,2.4,4.6,7.0,2.2,0.9,1.3,1.5,1.9,12.4,regular
201143,2012-13,00,1610612737,ATL,27.0,74,74,37.2,7.8,14.3,0.543,0.0,0.1,0.5,1.8,2.8,0.644,2.6,7.6,10.2,3.2,1.1,1.1,2.0,2.2,17.4,regular
201143,2013-14,00,1610612737,ATL,28.0,29,29,33.0,8.2,14.5,0.567,0.1,0.4,0.364,2.0,2.9,0.682,2.3,6.1,8.4,2.6,0.9,1.5,2.2,1.9,18.6,regular
201143,2014-15,00,1610612737,ATL,29.0,76,76,30.5,6.8,12.7,0.538,0.1,0.5,0.306,1.4,1.9,0.759,1.7,5.4,7.2,3.2,0.9,1.3,1.3,1.6,15.2,regular
201143,2015-16,00,1610612737,ATL,30.0,82,82,32.1,6.5,12.8,0.505,1.1,3.1,0.344,1.3,1.6,0.798,1.8,5.5,7.3,3.2,0.8,1.5,1.3,2.0,15.2,regular
201143,2016-17,00,1610612738,BOS,31.0,68,68,32.3,5.6,11.8,0.473,1.3,3.6,0.355,1.6,2.0,0.8,1.4,5.4,6.8,5.0,0.8,1.3,1.7,2.0,14.0,regular
201143,2017-18,00,1610612738,BOS,32.0,72,72,31.6,5.1,10.5,0.489,1.3,3.1,0.429,1.3,1.7,0.783,1.4,5.9,7.4,4.7,0.6,1.1,1.8,1.9,12.9,regular
201143,2018-19,00,1610612738,BOS,33.0,68,68,29.0,5.7,10.6,0.535,1.1,3.0,0.36,1.1,1.4,0.821,1.8,5.0,6.7,4.2,0.9,1.3,1.5,1.9,13.6,regular
201143,2019-20,00,1610612755,PHI,34.0,67,61,30.2,4.8,10.6,0.45,1.5,4.2,0.35,0.9,1.2,0.763,1.5,5.3,6.8,4.0,0.8,0.9,1.2,2.1,11.9,regular
201143,2020-21,00,1610612760,OKC,35.0,28,28,27.9,5.8,12.9,0.45,2.0,5.4,0.368,0.6,0.8,0.818,1.0,5.7,6.7,3.4,0.9,0.9,1.0,1.7,14.2,regular
201143,2021-22,00,1610612738,BOS,36.0,69,69,29.1,3.9,8.2,0.467,1.3,3.8,0.336,1.2,1.4,0.842,1.6,6.1,7.7,3.4,0.7,1.3,0.9,1.9,10.2,regular
201143,2022-23,00,1610612738,BOS,37.0,63,63,30.5,3.6,7.6,0.476,2.3,5.2,0.446,0.2,0.3,0.714,1.2,5.0,6.2,3.0,0.5,1.0,0.6,1.9,9.8,regular
201143,2023-24,00,1610612738,BOS,38.0,65,33,26.8,3.3,6.4,0.511,1.7,4.0,0.419,0.4,0.5,0.867,1.3,5.1,6.4,2.6,0.6,1.0,0.7,1.4,8.6,regular
201143,2024-25,00,1610612738,BOS,39.0,60,42,27.7,3.3,7.7,0.423,1.9,5.2,0.363,0.6,0.6,0.895,1.3,4.8,6.2,2.1,0.6,0.9,0.8,1.4,9.0,regular
201143,2025-26,00,1610612744,GSW,39.0,45,13,21.5,3.1,7.2,0.426,1.6,4.6,0.361,0.5,0.6,0.846,1.0,3.9,4.9,2.6,0.7,1.1,0.9,1.1,8.3,regular
201143,2007-08,00,1610612737,ATL,22.0,7,7,39.6,4.9,10.3,0.472,0.0,0.0,0.0,2.9,3.9,0.741,3.1,7.3,10.4,3.6,0.4,1.0,2.1,3.7,12.6,playoffs
201143,2008-09,00,1610612737,ATL,23.0,9,9,28.0,2.8,6.6,0.424,0.0,0.1,0.0,1.3,2.0,0.667,1.3,4.4,5.8,2.0,0.7,0.7,0.4,2.9,6.9,playoffs
201143,2009-10,00,1610612737,ATL,24.0,11,11,35.3,6.1,11.6,0.523,0.1,0.1,1.0,2.4,2.8,0.839,2.5,6.5,9.0,1.8,0.7,1.7,1.4,3.2,14.6,playoffs
201143,2010-11,00,1610612737,ATL,25.0,12,12,39.0,4.8,11.4,0.423,0.0,0.2,0.0,1.7,2.2,0.769,2.1,7.5,9.6,3.5,0.4,1.0,1.4,2.8,11.3,playoffs
201143,2011-12,00,1610612737,ATL,26.0,3,2,36.0,6.7,11.3,0.588,0.0,0.0,0.0,2.0,2.7,0.75,1.7,6.7,8.3,2.7,1.3,1.3,4.0,3.7,15.3,playoffs
201143,2012-13,00,1610612737,ATL,27.0,6,6,36.3,6.8,13.8,0.494,0.0,0.0,0.0,3.0,4.5,0.667,2.0,6.8,8.8,3.0,1.0,0.8,1.5,2.8,16.7,playoffs
201143,2014-15,00,1610612737,ATL,29.0,16,16,32.6,6.7,13.2,0.507,0.1,0.6,0.222,0.9,1.3,0.75,2.5,6.1,8.6,3.7,0.8,1.4,1.6,2.1,14.4,playoffs
201143,2015-16,00,1610612737,ATL,30.0,10,10,32.7,5.4,11.6,0.466,1.1,2.8,0.393,1.5,1.6,0.938,1.3,5.2,6.5,3.1,1.2,2.4,1.7,2.5,13.4,playoffs
201143,2016-17,00,1610612738,BOS,31.0,18,18,33.9,6.2,10.6,0.584,1.5,2.9,0.519,1.2,1.6,0.759,1.7,4.8,6.6,5.4,0.8,0.8,1.8,1.8,15.1,playoffs
201143,2017-18,00,1610612738,BOS,32.0,19,19,35.7,5.8,10.7,0.544,0.8,2.3,0.349,3.3,3.9,0.827,1.7,6.6,8.3,3.3,1.0,1.2,1.7,2.1,15.7,playoffs
201143,2018-19,00,1610612738,BOS,33.0,9,9,34.4,5.1,12.2,0.418,2.0,4.9,0.409,1.7,2.0,0.833,1.4,7.6,9.0,4.4,0.4,0.8,2.1,2.3,13.9,playoffs
201143,2019-20,00,1610612755,PHI,34.0,4,3,32.0,3.0,6.3,0.48,0.0,1.0,0.0,1.0,1.8,0.571,2.3,5.0,7.3,2.3,0.3,1.3,0.8,3.5,7.0,playoffs
201143,2021-22,00,1610612738,BOS,36.0,23,23,35.4,4.4,8.4,0.523,2.0,4.3,0.48,1.2,1.6,0.778,1.5,7.8,9.3,3.3,0.8,1.3,1.3,2.8,12.0,playoffs
201143,2022-23,00,1610612738,BOS,37.0,20,20,30.9,2.6,6.6,0.386,1.4,4.7,0.298,0.2,0.2,0.75,1.5,5.7,7.2,3.0,1.1,1.7,0.6,2.4,6.7,playoffs
201143,2023-24,00,1610612738,BOS,38.0,19,15,30.3,3.5,7.3,0.478,1.8,5.0,0.368,0.4,0.6,0.636,1.8,5.2,7.0,2.1,0.8,0.8,0.6,1.5,9.2,playoffs
201143,2024-25,00,1610612738,BOS,39.0,11,9,31.6,3.1,6.5,0.472,1.3,3.2,0.4,0.5,0.6,0.857,1.6,4.4,6.0,1.8,0.6,1.3,0.6,2.7,8.0,playoffs
1631216,2022-23,00,1610612753,ORL,20.0,51,4,15.9,1.3,3.6,0.363,0.9,2.7,0.338,0.3,0.4,0.833,0.7,1.3,1.9,0.6,0.2,0.1,0.4,1.2,3.8,regular
1631216,2023-24,00,1610612753,ORL,21.0,59,13,13.8,1.4,3.5,0.388,1.2,3.3,0.373,0.4,0.4,0.808,0.5,0.9,1.4,0.5,0.3,0.1,0.3,1.0,4.3,regular
1631216,2024-25,00,1610612753,ORL,22.0,58,6,13.6,1.4,3.3,0.421,1.1,2.8,0.4,0.3,0.3,0.882,0.3,1.0,1.3,0.6,0.4,0.1,0.2,1.1,4.1,regular
1631216,2025-26,00,1610612737,ATL,23.0,18,0,4.2,0.8,1.4,0.538,0.6,1.2,0.524,0.2,0.2,1.0,0.3,0.3,0.6,0.2,0.1,0.1,0.2,0.6,2.3,regular
1631216,2023-24,00,1610612753,ORL,21.0,3,0,4.7,0.3,0.7,0.5,0.3,0.7,0.5,0.0,0.0,0.0,0.3,0.3,0.7,0.0,0.0,0.0,0.0,0.0,1.0,playoffs
1631216,2024-25,00,1610612753,ORL,22.0,5,0,9.4,0.4,2.8,0.143,0.4,2.0,0.2,0.0,0.0,0.0,0.4,0.4,0.8,0.2,0.0,0.2,0.4,0.6,1.2,playoffs
1641724,2023-24,00,1610612753,ORL,20.0,18,0,3.7,0.6,1.7,0.333,0.4,1.4,0.28,0.1,0.2,0.5,0.1,0.3,0.4,0.3,0.1,0.1,0.2,0.2,1.6,regular
1641724,2024-25,00,1610612753,ORL,21.0,60,0,11.7,1.6,4.4,0.374,0.9,3.1,0.296,0.3,0.4,0.696,0.3,0.8,1.2,0.7,0.2,0.2,0.6,1.1,4.5,regular
1641724,2025-26,00,1610612753,ORL,22.0,55,0,12.6,1.9,4.6,0.418,1.0,2.6,0.372,0.7,0.7,0.949,0.4,1.2,1.6,0.8,0.2,0.2,0.3,1.2,5.5,regular
1641724,2023-24,00,1610612753,ORL,20.0,2,0,5.0,1.0,1.5,0.667,0.5,0.5,1.0,0.0,0.0,0.0,0.0,0.5,0.5,0.5,0.0,0.0,1.0,0.5,2.5,playoffs
1641724,2024-25,00,1610612753,ORL,21.0,1,0,4.0,2.0,2.0,1.0,2.0,2.0,1.0,0.0,0.0,0.0,0.0,0.0,0.0,0.0,0.0,0.0,0.0,1.0,6.0,playoffs
1641724,2025-26,00,1610612753,ORL,22.0,1,0,3.0,0.0,2.0,0.0,0.0,2.0,0.0,0.0,0.0,0.0,0.0,0.0,0.0,0.0,0.0,0.0,0.0,0.0,0.0,playoffs
1628989,2018-19,00,1610612737,ATL,20.0,75,59,27.3,3.7,8.8,0.419,1.8,4.7,0.385,0.5,0.7,0.732,0.8,2.5,3.3,2.9,0.9,0.3,1.5,2.1,9.7,regular
1628989,2019-20,00,1610612737,ATL,21.0,56,48,31.4,4.5,10.9,0.413,2.3,6.0,0.38,0.9,1.1,0.828,0.6,3.4,4.1,3.8,0.9,0.5,1.6,2.5,12.2,regular
1628989,2020-21,00,1610612737,ATL,22.0,69,49,30.8,4.6,10.6,0.432,2.0,5.6,0.363,0.7,0.9,0.781,0.6,2.8,3.3,3.5,1.2,0.3,1.1,2.4,11.9,regular
1628989,2021-22,00,1610612737,ATL,23.0,74,60,29.6,4.7,10.3,0.454,2.2,5.6,0.389,0.6,0.7,0.808,0.4,3.0,3.4,2.7,0.7,0.4,1.2,2.5,12.1,regular
1628989,2022-23,00,1610612758,SAC,24.0,75,75,29.4,5.6,11.5,0.485,2.7,6.8,0.402,1.3,1.7,0.725,0.6,2.8,3.3,2.9,1.1,0.3,1.3,2.4,15.2,regular
1628989,2023-24,00,1610612758,SAC,25.0,64,59,24.4,3.9,8.8,0.443,1.9,5.3,0.361,0.6,0.7,0.766,0.6,2.9,3.5,2.6,0.7,0.4,0.8,2.1,10.2,regular
1628989,2024-25,00,1610612758,SAC,26.0,43,15,20.9,3.0,7.2,0.413,1.4,4.8,0.302,0.5,0.7,0.714,0.4,2.3,2.8,1.7,0.8,0.4,0.9,1.6,7.9,regular
1628989,2024-25,00,1610612741,CHI,26.0,26,16,30.0,5.0,11.3,0.439,2.7,7.2,0.376,0.6,0.8,0.714,0.4,2.8,3.3,3.2,1.2,0.3,1.2,2.0,13.2,regular
1628989,2024-25,00,0,TOT,26.0,69,31,24.3,3.7,8.8,0.425,1.9,5.7,0.338,0.5,0.7,0.714,0.4,2.5,3.0,2.3,1.0,0.3,1.0,1.8,9.9,regular
1628989,2025-26,00,1610612741,CHI,27.0,44,11,23.6,4.2,9.2,0.455,1.6,5.1,0.314,0.9,1.3,0.732,0.5,3.3,3.8,2.6,0.8,0.6,1.1,1.9,10.9,regular
1628989,2025-26,00,1610612765,DET,27.0,25,3,20.5,3.4,7.7,0.443,1.2,4.1,0.294,0.6,0.6,0.933,0.4,2.4,2.8,2.5,1.1,0.3,0.9,1.2,8.6,regular
1628989,2025-26,00,0,TOT,27.0,69,14,22.4,3.9,8.6,0.451,1.4,4.7,0.308,0.8,1.0,0.775,0.5,3.0,3.5,2.6,0.9,0.5,1.0,1.7,10.0,regular
1628989,2020-21,00,1610612737,ATL,22.0,18,10,31.0,4.3,10.0,0.428,1.8,5.3,0.347,0.7,0.9,0.706,0.6,3.2,3.8,2.8,0.8,0.9,1.1,2.7,11.1,playoffs
1628989,2021-22,00,1610612737,ATL,23.0,5,5,30.8,3.4,9.4,0.362,1.8,6.2,0.29,0.6,0.8,0.75,0.2,2.8,3.0,3.8,1.2,0.6,2.2,3.0,9.2,playoffs
1628989,2022-23,00,1610612758,SAC,24.0,7,7,26.1,3.6,10.3,0.347,1.1,5.6,0.205,0.9,1.1,0.75,0.1,4.3,4.4,1.1,0.4,1.3,0.6,3.3,9.1,playoffs
1628989,2025-26,00,1610612765,DET,27.0,5,0,9.2,0.4,1.4,0.286,0.4,1.0,0.4,0.0,0.0,0.0,0.0,1.0,1.0,1.4,0.4,0.0,0.4,0.4,1.2,playoffs
1630643,2021-22,00,1610612747,LAL,24.0,4,0,5.0,0.0,0.8,0.0,0.0,0.5,0.0,0.0,0.0,0.0,0.3,0.8,1.0,0.3,0.3,0.3,0.3,0.3,0.0,regular
1630643,2022-23,00,1610612764,WAS,25.0,7,0,13.6,2.1,3.6,0.6,0.9,1.7,0.5,2.1,2.3,0.938,0.9,2.1,3.0,1.4,0.4,0.6,0.7,2.1,7.3,regular
1630643,2023-24,00,1610612743,DEN,26.0,20,0,2.5,0.5,0.8,0.6,0.2,0.5,0.333,0.1,0.1,1.0,0.1,0.5,0.6,0.1,0.1,0.2,0.1,0.5,1.2,regular
1630643,2024-25,00,1610612763,MEM,27.0,64,2,11.7,2.5,4.8,0.515,1.3,3.1,0.405,0.7,0.9,0.786,0.5,1.5,2.0,0.6,0.3,0.9,0.5,1.2,6.9,regular
1630643,2025-26,00,1610612754,IND,28.0,82,47,21.0,3.5,7.5,0.476,1.5,4.5,0.319,1.0,1.2,0.828,0.9,3.1,4.0,1.5,0.5,1.9,0.9,2.4,9.5,regular
1630643,2024-25,00,1610612763,MEM,27.0,2,0,9.0,1.0,2.0,0.5,0.0,0.5,0.0,2.0,2.0,1.0,0.5,1.0,1.5,0.5,0.0,1.5,0.5,0.5,4.0,playoffs
1630574,2024-25,00,1610612752,NYK,23.0,25,1,8.7,0.8,1.2,0.677,0.0,0.0,0.0,0.2,0.5,0.462,0.6,1.5,2.0,0.4,0.0,0.6,0.8,1.3,1.9,regular
1630574,2025-26,00,1610612752,NYK,24.0,54,5,9.2,0.8,1.5,0.563,0.0,0.1,0.25,0.5,0.6,0.788,1.0,1.9,2.9,0.5,0.2,0.5,0.6,1.2,2.2,regular
1630574,2024-25,00,1610612752,NYK,23.0,3,0,1.7,0.7,0.7,1.0,0.0,0.0,0.0,0.0,0.7,0.0,0.0,0.7,0.7,0.0,0.0,0.0,0.0,0.0,1.3,playoffs
1630574,2025-26,00,1610612752,NYK,24.0,8,0,8.8,0.6,1.4,0.455,0.0,0.1,0.0,0.9,1.9,0.467,1.6,2.3,3.9,0.3,0.3,0.6,0.6,2.1,2.1,playoffs
1629631,2019-20,00,1610612737,ATL,22.0,63,62,32.0,4.4,10.8,0.41,1.7,4.8,0.355,1.7,2.3,0.764,0.7,3.8,4.5,1.8,0.7,0.3,1.6,2.9,12.3,regular
1629631,2020-21,00,1610612737,ATL,23.0,23,19,29.5,5.2,10.8,0.484,1.3,4.1,0.326,3.2,3.7,0.859,0.7,4.0,4.8,1.9,0.8,0.5,1.3,2.6,15.0,regular
1629631,2021-22,00,1610612737,ATL,24.0,53,52,29.8,4.8,10.8,0.442,1.4,3.7,0.379,2.4,3.1,0.765,0.5,2.8,3.3,1.3,0.7,0.4,1.3,2.9,13.4,regular
1629631,2022-23,00,1610612737,ATL,25.0,67,67,31.7,5.7,12.3,0.461,1.5,4.3,0.35,2.6,3.1,0.826,0.7,3.6,4.2,1.4,0.5,0.3,1.2,3.0,15.4,regular
1629631,2023-24,00,1610612737,ATL,26.0,57,37,29.5,5.3,11.6,0.459,2.1,5.3,0.385,2.9,3.4,0.847,0.5,3.4,3.9,1.5,0.7,0.3,1.5,2.6,15.6,regular
1629631,2024-25,00,1610612737,ATL,27.0,37,4,28.8,6.1,13.3,0.461,2.6,6.7,0.393,4.1,4.8,0.858,0.7,3.2,3.9,1.5,0.8,0.1,1.6,2.4,19.0,regular
1629631,2024-25,00,1610612739,CLE,27.0,27,5,25.0,4.9,10.0,0.485,2.2,5.2,0.426,2.4,2.9,0.821,0.6,3.6,4.2,1.3,0.7,0.3,0.9,2.5,14.3,regular
1629631,2024-25,00,0,TOT,27.0,64,9,27.2,5.6,11.9,0.47,2.5,6.1,0.405,3.4,4.0,0.846,0.7,3.3,4.0,1.4,0.8,0.2,1.3,2.4,17.0,regular
1629631,2025-26,00,1610612739,CLE,28.0,43,23,26.2,4.7,11.2,0.423,1.7,5.5,0.308,2.8,3.2,0.869,0.7,3.6,4.2,2.1,0.7,0.1,1.7,2.5,14.0,regular
1629631,2025-26,00,1610612758,SAC,28.0,2,2,25.5,2.0,9.5,0.211,1.0,4.5,0.222,2.5,3.0,0.833,0.5,1.0,1.5,0.5,0.0,0.0,2.0,2.5,7.5,regular
1629631,2025-26,00,0,TOT,28.0,45,25,26.1,4.6,11.1,0.415,1.7,5.5,0.305,2.8,3.2,0.867,0.7,3.4,4.1,2.0,0.7,0.1,1.7,2.5,13.7,regular
1629631,2020-21,00,1610612737,ATL,23.0,5,5,30.4,3.6,9.0,0.4,1.2,3.2,0.375,2.4,3.2,0.75,0.4,3.6,4.0,0.6,0.2,0.6,1.4,2.2,10.8,playoffs
1629631,2021-22,00,1610612737,ATL,24.0,5,5,35.0,7.8,14.0,0.557,2.4,5.2,0.462,3.2,4.0,0.8,0.4,3.4,3.8,0.6,0.8,0.2,2.2,4.0,21.2,playoffs
1629631,2022-23,00,1610612737,ATL,25.0,6,6,37.3,6.5,14.2,0.459,2.3,6.3,0.368,1.3,1.7,0.8,1.2,4.5,5.7,1.2,0.7,0.3,1.5,3.3,16.7,playoffs
1629631,2024-25,00,1610612739,CLE,27.0,8,0,23.1,3.4,7.9,0.429,1.5,3.3,0.462,2.8,3.3,0.846,0.8,2.9,3.6,1.0,0.5,0.1,0.9,2.1,11.0,playoffs
1643047,2025-26,00,1610612756,PHX,24.0,4,0,10.0,1.5,2.8,0.545,0.0,0.8,0.0,0.0,0.0,0.0,0.5,0.8,1.3,0.5,0.3,0.0,0.0,0.5,3.0,regular
1630538,2021-22,00,1610612743,DEN,21.0,69,4,19.0,3.3,8.3,0.403,1.9,5.2,0.366,1.6,1.8,0.856,0.2,2.5,2.7,2.8,0.6,0.3,1.2,2.2,10.1,regular
1630538,2022-23,00,1610612743,DEN,22.0,42,1,19.5,4.1,10.3,0.399,2.2,5.7,0.378,1.7,2.0,0.866,0.2,1.8,2.0,3.0,0.7,0.3,1.6,1.6,12.1,regular
1630538,2022-23,00,1610612746,LAC,22.0,14,0,18.9,3.9,9.8,0.401,1.9,5.3,0.351,1.1,1.4,0.75,0.7,2.8,3.5,3.4,0.8,0.1,1.1,2.1,10.8,regular
1630538,2022-23,00,0,TOT,22.0,56,1,19.4,4.1,10.2,0.399,2.1,5.6,0.371,1.5,1.8,0.843,0.4,2.1,2.4,3.1,0.7,0.3,1.5,1.7,11.8,regular
1630538,2023-24,00,1610612746,LAC,23.0,37,5,14.6,2.6,6.8,0.386,1.2,3.6,0.326,0.5,0.6,0.783,0.1,1.4,1.5,2.5,0.7,0.1,1.2,1.4,6.9,regular
1630538,2024-25,00,1610612746,LAC,24.0,20,0,11.1,2.3,5.8,0.391,1.6,4.0,0.388,1.2,1.3,0.885,0.3,1.0,1.2,1.4,0.9,0.2,1.2,1.3,7.2,regular
1630538,2024-25,00,1610612750,MIN,24.0,4,0,4.3,0.5,0.8,0.667,0.3,0.5,0.5,0.0,0.0,0.0,0.0,0.3,0.3,1.0,0.0,0.0,0.3,0.8,1.3,regular
1630538,2024-25,00,0,TOT,24.0,24,0,10.0,2.0,4.9,0.398,1.3,3.4,0.39,1.0,1.1,0.885,0.2,0.8,1.0,1.3,0.8,0.2,1.0,1.2,6.2,regular
1630538,2025-26,00,1610612750,MIN,25.0,71,3,16.6,3.0,6.6,0.453,1.6,4.2,0.388,0.9,1.2,0.78,0.3,1.5,1.8,2.6,0.6,0.2,1.0,1.7,8.5,regular
1630538,2021-22,00,1610612743,DEN,21.0,5,0,17.4,2.6,7.2,0.361,1.6,4.6,0.348,2.4,2.8,0.857,0.2,1.8,2.0,3.2,0.2,0.0,1.2,2.4,9.2,playoffs
1630538,2022-23,00,1610612746,LAC,22.0,5,0,16.4,3.0,8.8,0.341,1.0,4.0,0.25,1.6,2.0,0.8,0.2,0.6,0.8,0.8,0.8,0.2,0.8,1.8,8.6,playoffs
1630538,2023-24,00,1610612746,LAC,23.0,3,0,4.0,1.0,2.3,0.429,0.3,1.7,0.2,1.3,1.3,1.0,0.0,0.7,0.7,1.3,0.0,0.0,0.3,0.0,3.7,playoffs
1630538,2025-26,00,1610612750,MIN,25.0,10,0,11.6,1.5,5.0,0.3,0.9,3.4,0.265,0.7,0.8,0.875,0.3,1.0,1.3,1.5,0.4,0.1,0.8,1.1,4.6,playoffs
1642345,2024-25,00,1610612756,PHX,22.0,61,6,17.1,1.9,3.1,0.604,0.0,0.0,0.0,0.5,0.8,0.58,1.1,2.6,3.6,1.2,0.5,0.5,0.6,1.7,4.2,regular
1642345,2025-26,00,1610612756,PHX,23.0,82,24,22.0,2.9,4.5,0.653,0.0,0.0,0.0,0.6,1.4,0.453,1.7,3.4,5.1,2.3,0.9,0.7,1.2,2.7,6.5,regular
1642345,2025-26,00,1610612756,PHX,23.0,4,4,32.3,3.3,6.0,0.542,0.0,0.0,0.0,1.0,1.5,0.667,3.0,4.0,7.0,4.0,0.5,0.8,1.8,3.8,7.5,playoffs
204060,2014-15,00,1610612762,UTA,27.0,79,32,21.2,1.9,4.5,0.415,0.9,2.6,0.356,0.4,0.5,0.75,0.3,1.9,2.2,2.3,0.9,0.1,1.2,1.6,5.0,regular
204060,2015-16,00,1610612762,UTA,28.0,81,2,15.3,1.5,3.6,0.426,1.0,2.6,0.386,0.2,0.2,0.722,0.2,1.6,1.9,1.2,0.7,0.0,0.8,1.2,4.2,regular
204060,2016-17,00,1610612762,UTA,29.0,82,26,24.0,2.5,5.5,0.452,1.5,3.4,0.441,0.6,0.8,0.735,0.3,2.9,3.2,2.7,1.2,0.1,1.3,2.0,7.1,regular
204060,2017-18,00,1610612762,UTA,30.0,82,81,31.5,4.1,8.8,0.467,2.5,5.7,0.44,0.8,1.0,0.795,0.3,3.9,4.2,4.8,1.1,0.2,1.9,2.2,11.5,regular
204060,2018-19,00,1610612762,UTA,31.0,82,82,31.3,4.4,9.8,0.448,2.3,5.9,0.391,1.1,1.5,0.707,0.4,3.6,4.0,5.7,1.2,0.2,2.4,2.2,12.1,regular
204060,2019-20,00,1610612762,UTA,32.0,72,45,29.7,3.4,7.7,0.445,2.0,4.9,0.399,1.0,1.3,0.787,0.4,3.5,3.9,5.2,0.9,0.2,2.0,2.1,9.8,regular
204060,2020-21,00,1610612762,UTA,33.0,67,30,27.9,4.1,8.4,0.489,2.7,6.1,0.451,1.1,1.3,0.844,0.4,3.2,3.6,4.7,0.7,0.2,1.7,1.8,12.1,regular
204060,2021-22,00,1610612762,UTA,34.0,45,15,24.9,2.6,6.3,0.404,1.7,5.0,0.347,0.4,0.5,0.773,0.3,2.6,2.9,3.5,0.5,0.1,1.0,1.8,7.2,regular
204060,2022-23,00,1610612749,MIL,35.0,46,0,22.7,2.3,5.4,0.435,1.8,4.4,0.409,0.4,0.5,0.857,0.3,2.5,2.8,3.3,0.7,0.1,1.2,1.6,6.9,regular
204060,2023-24,00,1610612753,ORL,36.0,68,0,17.2,1.5,3.3,0.436,1.0,2.4,0.435,0.4,0.5,0.824,0.3,1.8,2.1,3.0,0.6,0.1,1.0,1.3,4.4,regular
204060,2024-25,00,1610612750,MIN,37.0,19,1,6.0,0.3,1.2,0.261,0.2,0.8,0.2,0.0,0.0,0.0,0.1,0.5,0.6,1.2,0.1,0.0,0.5,0.6,0.8,regular
204060,2025-26,00,1610612750,MIN,38.0,27,2,5.7,0.6,1.0,0.593,0.3,0.6,0.438,0.1,0.1,1.0,0.0,0.7,0.7,1.3,0.3,0.1,0.5,0.3,1.5,regular
204060,2016-17,00,1610612762,UTA,29.0,11,11,30.3,2.3,5.6,0.403,1.4,3.7,0.366,0.5,0.8,0.667,0.2,3.5,3.7,3.3,2.0,0.5,1.5,2.5,6.5,playoffs
204060,2017-18,00,1610612762,UTA,30.0,11,11,34.7,5.2,11.0,0.471,3.2,7.0,0.455,1.0,1.5,0.647,0.5,3.9,4.4,3.4,0.5,0.2,2.4,2.6,14.5,playoffs
204060,2018-19,00,1610612762,UTA,31.0,5,5,30.2,2.4,7.4,0.324,1.6,5.8,0.276,0.0,0.0,0.0,0.6,4.2,4.8,5.0,2.2,0.0,1.6,2.8,6.4,playoffs
204060,2019-20,00,1610612762,UTA,32.0,7,7,33.4,3.1,7.7,0.407,2.0,5.7,0.35,0.9,0.9,1.0,0.1,3.3,3.4,4.7,0.6,0.1,0.6,2.1,9.1,playoffs
204060,2020-21,00,1610612762,UTA,33.0,11,6,27.8,3.5,7.2,0.494,2.2,5.3,0.414,0.9,1.2,0.769,0.1,3.0,3.1,3.5,0.6,0.0,0.8,1.7,10.2,playoffs
204060,2022-23,00,1610612749,MIL,35.0,5,0,17.8,2.4,4.6,0.522,2.0,4.0,0.5,0.0,0.0,0.0,0.2,1.0,1.2,2.0,0.6,0.2,1.2,1.4,6.8,playoffs
204060,2023-24,00,1610612753,ORL,36.0,7,0,9.7,0.6,1.7,0.333,0.3,1.0,0.286,0.1,0.3,0.5,0.3,1.6,1.9,1.7,0.4,0.0,0.0,0.4,1.6,playoffs
204060,2025-26,00,1610612750,MIN,38.0,3,0,4.7,0.7,1.0,0.667,0.7,1.0,0.667,0.3,0.7,0.5,0.3,0.3,0.7,0.0,0.7,0.0,0.3,0.0,2.3,playoffs
1627742,2016-17,00,1610612747,LAL,19.0,79,40,28.8,3.5,8.7,0.402,0.7,2.4,0.294,1.7,2.7,0.621,0.8,3.2,4.0,2.1,0.6,0.5,1.5,2.0,9.4,regular
1627742,2017-18,00,1610612747,LAL,20.0,59,59,33.5,6.1,12.9,0.47,0.7,1.8,0.39,3.3,4.8,0.681,1.0,4.4,5.3,3.9,0.8,0.7,2.5,2.8,16.1,regular
1627742,2018-19,00,1610612747,LAL,21.0,52,52,33.9,7.0,14.0,0.497,0.6,1.8,0.33,3.8,5.6,0.675,0.8,4.3,5.1,3.0,0.5,0.6,2.5,2.9,18.3,regular
1627742,2019-20,00,1610612740,NOP,22.0,62,62,33.9,8.2,17.7,0.463,2.4,6.2,0.391,5.0,5.9,0.851,0.8,5.3,6.1,4.2,1.0,0.6,3.0,2.9,23.8,regular
1627742,2020-21,00,1610612740,NOP,23.0,61,61,34.3,8.4,18.0,0.466,2.3,6.1,0.381,4.6,5.2,0.878,0.6,4.3,4.9,4.9,0.7,0.6,2.5,2.0,23.8,regular
1627742,2021-22,00,1610612740,NOP,24.0,55,55,34.0,8.2,17.9,0.461,1.3,4.1,0.327,4.8,5.9,0.826,0.6,5.2,5.8,5.6,0.6,0.5,2.7,2.2,22.7,regular
1627742,2022-23,00,1610612740,NOP,25.0,45,45,34.2,9.0,18.6,0.484,1.4,3.6,0.39,5.3,6.0,0.882,0.5,5.0,5.5,5.8,0.7,0.4,3.3,2.6,24.7,regular
1627742,2023-24,00,1610612740,NOP,26.0,64,64,32.9,7.8,15.9,0.492,1.3,3.8,0.355,3.8,4.8,0.801,0.7,4.4,5.1,5.7,0.8,0.6,2.5,2.3,20.8,regular
1627742,2024-25,00,1610612740,NOP,27.0,18,18,33.1,8.6,18.5,0.465,2.4,6.4,0.374,2.6,3.1,0.855,0.9,4.6,5.6,5.2,0.9,0.6,3.8,2.5,22.2,regular
1627742,2025-26,00,1610612761,TOR,28.0,77,77,33.8,8.0,16.7,0.477,1.8,4.6,0.382,3.8,4.6,0.82,0.8,4.8,5.6,3.7,0.8,0.7,2.4,1.9,21.5,regular
1627742,2021-22,00,1610612740,NOP,24.0,6,6,39.3,9.3,19.7,0.475,1.8,4.5,0.407,6.5,7.8,0.83,0.7,5.5,6.2,6.2,0.7,0.3,3.8,1.8,27.0,playoffs
1627742,2023-24,00,1610612740,NOP,26.0,4,4,36.3,4.8,13.8,0.345,0.5,2.0,0.25,4.3,4.8,0.895,0.3,4.3,4.5,3.3,1.0,1.3,2.3,2.0,14.3,playoffs
1627742,2025-26,00,1610612761,TOR,28.0,5,5,29.6,3.8,11.6,0.328,1.0,2.6,0.385,3.4,4.6,0.739,0.4,2.8,3.2,2.2,0.6,0.8,2.0,2.0,12.0,playoffs
1631127,2024-25,00,1610612759,SAS,22.0,5,0,7.0,0.4,0.8,0.5,0.0,0.2,0.0,0.0,0.0,0.0,0.4,1.4,1.8,0.6,0.6,0.0,0.2,0.4,0.8,regular
1631127,2025-26,00,1610612759,SAS,23.0,7,0,3.7,0.7,0.9,0.833,0.1,0.1,1.0,0.0,0.0,0.0,0.4,0.0,0.4,0.1,0.0,0.0,0.1,0.3,1.6,regular
202681,2011-12,00,1610612739,CLE,20.0,51,51,30.5,6.9,14.6,0.469,1.4,3.6,0.399,3.4,3.8,0.872,0.9,2.9,3.7,5.4,1.1,0.4,3.1,2.2,18.5,regular
202681,2012-13,00,1610612739,CLE,21.0,59,59,34.7,8.2,18.1,0.452,1.8,4.7,0.391,4.2,4.9,0.855,0.6,3.1,3.7,5.9,1.5,0.4,3.2,2.5,22.5,regular
202681,2013-14,00,1610612739,CLE,22.0,71,71,35.2,7.5,17.4,0.43,1.7,4.8,0.358,4.1,4.8,0.861,0.7,2.9,3.6,6.1,1.5,0.3,2.7,2.3,20.8,regular
202681,2014-15,00,1610612739,CLE,23.0,75,75,36.4,7.7,16.5,0.468,2.1,5.0,0.415,4.2,4.9,0.863,0.7,2.4,3.2,5.2,1.5,0.3,2.5,1.9,21.7,regular
202681,2015-16,00,1610612739,CLE,24.0,53,53,31.5,7.4,16.6,0.448,1.6,4.9,0.321,3.2,3.6,0.885,0.8,2.1,3.0,4.7,1.1,0.3,2.3,2.0,19.6,regular
202681,2016-17,00,1610612739,CLE,25.0,72,72,35.1,9.3,19.7,0.473,2.5,6.1,0.401,4.1,4.6,0.905,0.7,2.5,3.2,5.8,1.2,0.3,2.5,2.2,25.2,regular
202681,2017-18,00,1610612738,BOS,26.0,60,60,32.2,8.9,18.1,0.491,2.8,6.8,0.408,3.9,4.4,0.889,0.6,3.2,3.8,5.1,1.1,0.3,2.3,2.0,24.4,regular
202681,2018-19,00,1610612738,BOS,27.0,67,67,33.0,9.0,18.5,0.487,2.6,6.5,0.401,3.2,3.7,0.873,1.1,3.9,5.0,6.9,1.5,0.5,2.6,2.5,23.8,regular
202681,2019-20,00,1610612751,BKN,28.0,20,20,32.9,10.0,20.8,0.478,2.8,7.1,0.394,4.7,5.1,0.922,1.1,4.1,5.2,6.4,1.4,0.5,2.6,2.7,27.4,regular
202681,2020-21,00,1610612751,BKN,29.0,54,54,34.9,10.2,20.1,0.506,2.8,7.0,0.402,3.7,4.0,0.922,1.0,3.8,4.8,6.0,1.4,0.7,2.4,2.6,26.9,regular
202681,2021-22,00,1610612751,BKN,30.0,29,29,37.7,10.0,21.2,0.469,3.4,8.2,0.418,4.1,4.4,0.915,0.6,3.8,4.4,5.8,1.4,0.6,2.5,2.8,27.4,regular
202681,2022-23,00,1610612751,BKN,31.0,40,40,37.0,10.0,20.5,0.486,3.3,8.7,0.374,4.0,4.5,0.883,1.0,4.2,5.1,5.3,1.0,0.8,2.3,2.7,27.1,regular
202681,2022-23,00,1610612742,DAL,31.0,20,20,38.2,9.8,19.2,0.51,2.9,7.4,0.392,4.5,4.7,0.947,1.1,4.0,5.0,6.0,1.3,0.6,1.9,2.8,27.0,regular
202681,2022-23,00,0,TOT,31.0,60,60,37.4,9.9,20.1,0.494,3.1,8.3,0.379,4.1,4.6,0.905,1.0,4.1,5.1,5.5,1.1,0.8,2.1,2.8,27.1,regular
202681,2023-24,00,1610612742,DAL,32.0,58,58,35.0,9.7,19.5,0.497,3.0,7.3,0.411,3.3,3.6,0.905,0.8,4.2,5.0,5.2,1.3,0.5,1.8,1.9,25.6,regular
202681,2024-25,00,1610612742,DAL,33.0,50,50,36.1,8.9,18.9,0.473,2.9,7.2,0.401,3.9,4.3,0.916,1.2,3.6,4.8,4.6,1.3,0.5,2.2,2.0,24.7,regular
202681,2014-15,00,1610612739,CLE,23.0,13,13,35.7,6.2,14.2,0.438,2.1,4.6,0.45,4.5,5.3,0.841,0.8,2.8,3.6,3.8,1.3,0.8,1.5,2.2,19.0,playoffs
202681,2015-16,00,1610612739,CLE,24.0,21,21,36.9,9.6,20.1,0.475,2.4,5.5,0.44,3.7,4.2,0.875,0.7,2.2,3.0,4.7,1.7,0.6,2.3,2.2,25.2,playoffs
202681,2016-17,00,1610612739,CLE,25.0,18,18,36.3,9.6,20.6,0.468,2.4,6.6,0.373,4.2,4.7,0.905,0.7,2.1,2.8,5.3,1.3,0.4,2.7,2.1,25.9,playoffs
202681,2018-19,00,1610612738,BOS,27.0,9,9,36.7,7.7,19.9,0.385,2.0,6.4,0.31,4.0,4.4,0.9,0.6,3.8,4.3,7.0,1.4,0.4,3.1,2.9,21.3,playoffs
202681,2020-21,00,1610612751,BKN,29.0,9,9,36.1,8.6,18.1,0.472,2.7,7.2,0.369,2.9,3.1,0.929,1.3,4.4,5.8,3.4,1.0,0.6,1.2,2.1,22.7,playoffs
202681,2021-22,00,1610612751,BKN,30.0,4,4,42.5,7.0,15.8,0.444,2.0,5.3,0.381,5.3,5.3,1.0,1.5,3.8,5.3,5.3,1.8,1.3,2.3,3.3,21.3,playoffs
202681,2023-24,00,1610612742,DAL,32.0,22,22,40.0,8.5,18.1,0.467,2.4,6.2,0.39,2.8,3.3,0.849,1.0,2.7,3.7,5.1,1.0,0.3,2.3,2.8,22.1,playoffs
1628371,2017-18,00,1610612753,ORL,20.0,27,10,19.8,2.0,5.4,0.379,0.6,1.7,0.348,0.7,0.9,0.76,0.6,3.1,3.7,0.7,1.2,1.1,1.0,1.8,5.4,regular
1628371,2018-19,00,1610612753,ORL,21.0,75,64,26.6,3.5,8.1,0.429,1.1,3.5,0.323,1.5,1.8,0.815,1.3,4.2,5.5,1.1,0.8,1.3,1.0,1.9,9.6,regular
1628371,2019-20,00,1610612753,ORL,22.0,34,32,28.8,4.6,9.8,0.47,0.9,2.8,0.34,1.8,2.3,0.779,1.7,5.1,6.8,1.4,1.6,2.3,1.4,2.4,11.9,regular
1628371,2022-23,00,1610612753,ORL,25.0,11,0,11.3,2.0,4.8,0.415,0.5,1.4,0.4,0.5,0.8,0.556,1.4,2.6,4.0,0.5,1.3,0.4,0.4,0.5,5.0,regular
1628371,2023-24,00,1610612753,ORL,26.0,58,2,15.8,2.5,4.9,0.51,0.7,1.9,0.375,1.0,1.4,0.72,1.3,3.2,4.5,0.5,0.7,1.2,0.5,1.1,6.8,regular
1628371,2024-25,00,1610612753,ORL,27.0,71,1,15.4,1.9,4.6,0.414,0.5,2.1,0.258,1.0,1.5,0.682,1.7,2.7,4.4,0.6,0.9,1.1,0.5,1.3,5.4,regular
1628371,2025-26,00,1610612753,ORL,28.0,52,0,10.0,0.9,2.1,0.422,0.1,0.7,0.184,0.7,1.1,0.603,0.8,1.7,2.5,0.4,0.4,0.6,0.3,0.8,2.6,regular
1628371,2018-19,00,1610612753,ORL,21.0,5,5,27.4,2.2,8.0,0.275,0.8,4.0,0.2,1.4,1.6,0.875,2.0,4.2,6.2,0.4,0.4,1.0,1.0,1.8,6.6,playoffs
1628371,2023-24,00,1610612753,ORL,26.0,7,3,21.0,2.3,5.6,0.41,1.4,3.9,0.37,0.3,0.3,1.0,1.4,3.4,4.9,0.4,0.7,1.3,0.6,1.0,6.3,playoffs
1628371,2024-25,00,1610612753,ORL,27.0,5,0,13.8,1.4,2.4,0.583,0.2,0.8,0.25,0.6,1.0,0.6,1.0,1.0,2.0,0.4,0.4,0.2,0.4,0.6,3.6,playoffs
1631093,2022-23,00,1610612765,DET,21.0,74,73,31.1,5.5,13.3,0.416,1.6,4.7,0.343,3.6,4.8,0.747,1.0,2.9,3.9,5.2,0.8,0.2,3.2,3.3,16.3,regular
1631093,2023-24,00,1610612765,DET,22.0,77,61,28.8,5.4,12.6,0.429,1.6,4.8,0.336,2.9,3.9,0.749,1.1,2.3,3.4,3.8,0.7,0.5,2.5,2.6,15.4,regular
1631093,2024-25,00,1610612765,DET,23.0,30,30,29.9,6.3,13.8,0.46,2.1,5.1,0.409,2.8,3.9,0.733,1.3,2.8,4.1,4.0,0.9,0.4,3.0,2.2,17.6,regular
1631093,2025-26,00,1610612765,DET,24.0,33,2,16.8,3.0,6.7,0.45,1.3,3.4,0.372,0.9,1.2,0.789,0.6,1.6,2.2,1.6,0.5,0.4,1.1,1.3,8.2,regular
1631093,2025-26,00,1610612741,CHI,24.0,4,3,28.8,3.8,9.0,0.417,2.0,5.3,0.381,2.0,2.3,0.889,1.3,3.5,4.8,4.0,2.0,0.5,1.5,2.3,11.5,regular
1631093,2025-26,00,0,TOT,24.0,37,5,18.1,3.1,6.9,0.445,1.4,3.6,0.373,1.0,1.3,0.809,0.6,1.8,2.5,1.8,0.6,0.4,1.1,1.4,8.5,regular
1641713,2023-24,00,1610612763,MEM,19.0,48,18,25.7,5.0,11.7,0.428,2.1,6.0,0.357,2.4,3.2,0.752,1.1,3.0,4.1,1.2,0.6,0.5,1.4,1.3,14.6,regular
1641713,2024-25,00,1610612763,MEM,20.0,29,3,15.8,2.6,6.9,0.372,1.1,3.3,0.337,1.0,1.4,0.725,0.9,2.2,3.2,1.0,0.4,0.2,1.1,1.0,7.2,regular
1641713,2025-26,00,1610612763,MEM,21.0,55,28,21.4,4.6,9.3,0.496,1.2,3.5,0.332,2.0,2.7,0.742,0.9,3.4,4.3,1.5,0.6,0.8,1.5,1.4,12.5,regular
1630543,2021-22,00,1610612754,IND,20.0,36,15,15.0,3.2,5.7,0.563,0.1,0.4,0.313,1.7,2.4,0.682,1.7,2.5,4.1,0.3,0.7,1.4,1.1,2.6,8.3,regular
1630543,2022-23,00,1610612754,IND,21.0,63,12,16.5,2.8,5.0,0.563,0.0,0.2,0.143,1.5,2.3,0.651,1.8,2.7,4.5,0.8,0.5,1.5,0.8,2.4,7.2,regular
1630543,2023-24,00,1610612754,IND,22.0,60,3,12.9,2.6,3.9,0.665,0.0,0.1,0.0,1.2,1.7,0.716,1.6,2.4,4.0,0.8,0.6,1.0,0.7,2.3,6.4,regular
1630543,2024-25,00,1610612754,IND,23.0,5,1,16.8,2.8,4.6,0.609,0.0,0.0,0.0,1.4,2.8,0.5,2.2,3.4,5.6,1.0,0.6,1.6,1.0,2.8,7.0,regular
1630543,2025-26,00,1610612754,IND,24.0,38,14,16.8,2.5,4.3,0.582,0.0,0.0,0.0,1.3,1.9,0.689,2.3,3.3,5.6,0.8,0.7,0.8,1.1,2.8,6.4,regular
1630543,2025-26,00,1610612746,LAC,24.0,17,0,15.9,3.2,4.2,0.764,0.0,0.1,0.0,1.0,1.8,0.548,1.6,3.1,4.6,1.2,0.6,1.2,0.9,2.3,7.5,regular
1630543,2025-26,00,0,TOT,24.0,55,14,16.5,2.7,4.3,0.637,0.0,0.1,0.0,1.2,1.9,0.648,2.1,3.2,5.3,0.9,0.7,0.9,1.1,2.7,6.7,regular
1630543,2023-24,00,1610612754,IND,22.0,15,0,10.3,1.5,2.9,0.535,0.0,0.0,0.0,0.7,1.2,0.611,1.4,1.8,3.2,0.5,0.2,0.9,0.3,1.6,3.8,playoffs
1631245,2022-23,00,1610612764,WAS,24.0,9,0,15.0,2.1,4.7,0.452,0.1,1.3,0.083,1.9,2.4,0.773,0.2,0.7,0.9,1.7,0.4,0.1,0.4,1.1,6.2,regular
1631245,2023-24,00,1610612754,IND,25.0,3,0,3.7,0.0,0.3,0.0,0.0,0.0,0.0,0.7,0.7,1.0,0.0,1.3,1.3,0.7,0.3,0.0,0.0,0.3,0.7,regular
1631245,2024-25,00,1610612754,IND,26.0,28,7,13.6,2.1,4.4,0.475,0.5,1.4,0.375,1.1,1.4,0.775,0.5,1.1,1.6,1.9,0.8,0.2,0.6,1.5,5.8,regular
1631245,2025-26,00,1610612754,IND,27.0,49,19,18.3,3.1,6.7,0.47,0.9,2.4,0.356,2.0,2.4,0.824,0.6,1.8,2.3,2.9,0.6,0.1,1.3,1.7,9.1,regular
1641748,2023-24,00,1610612749,MIL,22.0,57,8,10.0,0.9,1.8,0.5,0.3,0.8,0.37,0.1,0.2,0.727,0.8,1.2,2.0,0.9,0.3,0.1,0.5,1.6,2.2,regular
1641748,2024-25,00,1610612749,MIL,23.0,67,43,14.6,1.4,2.9,0.477,0.4,1.1,0.395,0.2,0.4,0.5,1.0,1.7,2.7,1.2,0.5,0.2,0.9,1.7,3.4,regular
1641748,2025-26,00,1610612749,MIL,24.0,48,1,8.5,0.8,2.5,0.328,0.3,1.3,0.25,0.4,0.7,0.625,0.5,1.0,1.5,0.9,0.4,0.1,0.6,0.9,2.4,regular
1641748,2023-24,00,1610612749,MIL,22.0,5,0,12.0,1.0,2.2,0.455,0.4,1.2,0.333,0.0,0.0,0.0,1.0,1.2,2.2,2.0,1.0,0.2,0.6,2.0,2.4,playoffs
1641748,2024-25,00,1610612749,MIL,23.0,2,0,2.5,0.0,0.5,0.0,0.0,0.5,0.0,0.0,0.0,0.0,0.0,0.0,0.0,0.0,0.0,0.0,0.0,0.0,0.0,playoffs
1628991,2018-19,00,1610612763,MEM,19.0,58,56,26.1,5.1,10.2,0.506,0.9,2.4,0.359,2.6,3.4,0.766,1.3,3.4,4.7,1.1,0.9,1.4,1.7,3.8,13.8,regular
1628991,2019-20,00,1610612763,MEM,20.0,57,57,28.5,6.2,13.2,0.469,2.5,6.5,0.394,2.4,3.3,0.747,1.0,3.6,4.6,1.4,0.7,1.6,1.7,4.1,17.4,regular
1628991,2020-21,00,1610612763,MEM,21.0,11,4,23.5,4.8,11.4,0.424,1.5,5.5,0.283,3.2,3.8,0.833,1.5,4.1,5.6,1.1,1.1,1.6,1.4,3.8,14.4,regular
1628991,2021-22,00,1610612763,MEM,22.0,78,78,27.3,5.5,13.3,0.415,1.6,5.1,0.319,3.6,4.4,0.823,1.5,4.3,5.8,1.1,0.9,2.3,1.7,3.5,16.3,regular
1628991,2022-23,00,1610612763,MEM,23.0,63,63,28.4,6.6,13.0,0.506,1.6,4.5,0.355,3.8,4.9,0.788,1.7,5.0,6.8,1.0,1.0,3.0,1.7,3.6,18.6,regular
1628991,2023-24,00,1610612763,MEM,24.0,66,66,32.2,7.8,17.6,0.444,1.8,5.5,0.32,5.1,6.3,0.808,1.3,4.2,5.5,2.3,1.2,1.6,2.4,3.6,22.5,regular
1628991,2024-25,00,1610612763,MEM,25.0,74,74,29.8,8.0,16.4,0.488,2.0,5.3,0.375,4.2,5.4,0.781,1.2,4.4,5.6,2.0,1.2,1.5,2.1,3.5,22.2,regular
1628991,2025-26,00,1610612763,MEM,26.0,45,45,30.7,7.1,14.9,0.475,1.8,4.9,0.359,3.3,4.2,0.797,0.9,4.8,5.8,1.9,1.0,1.5,2.2,3.8,19.2,regular
1628991,2025-26,00,1610612762,UTA,26.0,3,3,24.0,8.0,16.3,0.49,1.7,5.0,0.333,4.7,5.3,0.875,0.3,4.0,4.3,2.7,2.0,0.3,2.3,3.0,22.3,regular
1628991,2025-26,00,0,TOT,26.0,48,48,30.3,7.1,15.0,0.476,1.8,4.9,0.357,3.4,4.2,0.803,0.9,4.8,5.7,2.0,1.1,1.4,2.2,3.7,19.4,regular
1628991,2020-21,00,1610612763,MEM,21.0,5,5,27.4,4.6,10.8,0.426,1.6,5.6,0.286,2.8,3.2,0.875,1.8,3.8,5.6,1.0,1.0,1.2,0.8,4.2,13.6,playoffs
1628991,2021-22,00,1610612763,MEM,22.0,12,12,27.7,4.9,13.0,0.378,2.3,6.0,0.375,3.3,4.4,0.755,2.2,4.6,6.8,0.9,0.8,2.5,1.4,4.4,15.4,playoffs
1628991,2022-23,00,1610612763,MEM,23.0,6,6,36.7,5.8,13.8,0.422,1.2,4.2,0.28,5.2,6.0,0.861,3.3,4.5,7.8,1.5,1.0,2.0,3.0,4.0,18.0,playoffs
1628991,2024-25,00,1610612763,MEM,25.0,4,4,34.3,5.5,14.5,0.379,0.8,2.8,0.273,4.3,5.0,0.85,2.3,2.8,5.0,1.5,1.0,0.5,2.8,3.5,16.0,playoffs
1631218,2023-24,00,1610612744,GSW,24.0,68,16,16.6,3.4,4.9,0.702,0.0,0.0,0.0,1.1,1.9,0.561,2.0,3.0,5.0,1.2,0.4,1.1,0.7,1.6,7.9,regular
1631218,2024-25,00,1610612744,GSW,25.0,62,37,15.6,2.8,4.9,0.576,0.0,0.0,0.0,1.0,1.6,0.578,2.0,3.0,5.0,1.7,0.4,0.6,0.7,1.2,6.6,regular
1631218,2025-26,00,1610612744,GSW,26.0,36,1,11.4,1.7,2.8,0.588,0.0,0.0,1.0,0.8,1.4,0.558,1.3,1.8,3.1,0.9,0.4,0.5,0.5,1.1,4.2,regular
1631218,2025-26,00,1610612761,TOR,26.0,17,0,5.0,0.6,1.3,0.5,0.0,0.0,0.0,0.5,1.3,0.409,1.1,0.8,1.9,0.4,0.2,0.3,0.2,0.3,1.8,regular
1631218,2025-26,00,0,TOT,26.0,53,1,9.4,1.3,2.3,0.573,0.0,0.0,1.0,0.7,1.4,0.514,1.2,1.5,2.7,0.7,0.3,0.5,0.4,0.8,3.4,regular
1631218,2024-25,00,1610612744,GSW,25.0,9,3,8.9,1.8,2.0,0.889,0.0,0.0,0.0,0.6,1.4,0.385,1.0,1.3,2.3,0.2,0.3,0.2,0.1,1.7,4.1,playoffs
1631218,2025-26,00,1610612761,TOR,26.0,3,0,1.3,0.0,0.3,0.0,0.0,0.0,0.0,0.7,0.7,1.0,0.3,0.0,0.3,0.0,0.0,0.0,0.3,0.7,0.7,playoffs
1642857,2025-26,00,1610612748,MIA,19.0,53,12,17.8,1.9,4.5,0.429,1.2,2.9,0.423,1.1,1.2,0.879,0.8,1.8,2.6,2.6,0.6,0.1,0.9,1.9,6.2,regular
1642355,2024-25,00,1610612747,LAL,20.0,27,1,6.7,0.8,2.5,0.313,0.3,1.2,0.281,0.4,0.5,0.786,0.1,0.5,0.7,0.8,0.3,0.1,0.5,0.5,2.3,regular
1642355,2025-26,00,1610612747,LAL,21.0,42,1,8.9,1.1,2.7,0.409,0.5,1.4,0.386,0.1,0.2,0.857,0.1,0.4,0.5,1.2,0.5,0.1,0.6,0.7,2.9,regular
1642355,2024-25,00,1610612747,LAL,20.0,2,0,2.0,0.0,1.0,0.0,0.0,1.0,0.0,0.0,0.0,0.0,0.0,0.0,0.0,0.0,0.0,0.0,0.0,0.0,0.0,playoffs
1642355,2025-26,00,1610612747,LAL,21.0,8,0,5.3,0.6,1.3,0.5,0.3,0.8,0.333,0.0,0.0,0.0,0.4,0.0,0.4,0.9,0.1,0.0,0.5,0.6,1.5,playoffs
2544,2003-04,00,1610612739,CLE,19.0,79,79,39.5,7.9,18.9,0.417,0.8,2.7,0.29,4.4,5.8,0.754,1.3,4.2,5.5,5.9,1.6,0.7,3.5,1.9,20.9,regular
2544,2004-05,00,1610612739,CLE,20.0,80,80,42.4,9.9,21.1,0.472,1.4,3.9,0.351,6.0,8.0,0.75,1.4,6.0,7.4,7.2,2.2,0.7,3.3,1.8,27.2,regular
2544,2005-06,00,1610612739,CLE,21.0,79,79,42.5,11.1,23.1,0.48,1.6,4.8,0.335,7.6,10.3,0.738,0.9,6.1,7.0,6.6,1.6,0.8,3.3,2.3,31.4,regular
2544,2006-07,00,1610612739,CLE,22.0,78,78,40.9,9.9,20.8,0.476,1.3,4.0,0.319,6.3,9.0,0.698,1.1,5.7,6.7,6.0,1.6,0.7,3.2,2.2,27.3,regular
2544,2007-08,00,1610612739,CLE,23.0,75,74,40.4,10.6,21.9,0.484,1.5,4.8,0.315,7.3,10.3,0.712,1.8,6.1,7.9,7.2,1.8,1.1,3.4,2.2,30.0,regular
2544,2008-09,00,1610612739,CLE,24.0,81,81,37.7,9.7,19.9,0.489,1.6,4.7,0.344,7.3,9.4,0.78,1.3,6.3,7.6,7.2,1.7,1.1,3.0,1.7,28.4,regular
2544,2009-10,00,1610612739,CLE,25.0,76,76,39.0,10.1,20.1,0.503,1.7,5.1,0.333,7.8,10.2,0.767,0.9,6.4,7.3,8.6,1.6,1.0,3.4,1.6,29.7,regular
2544,2010-11,00,1610612748,MIA,26.0,79,79,38.8,9.6,18.8,0.51,1.2,3.5,0.33,6.4,8.4,0.759,1.0,6.5,7.5,7.0,1.6,0.6,3.6,2.1,26.7,regular
2544,2011-12,00,1610612748,MIA,27.0,62,62,37.5,10.0,18.9,0.531,0.9,2.4,0.362,6.2,8.1,0.771,1.5,6.4,7.9,6.2,1.9,0.8,3.4,1.5,27.1,regular
2544,2012-13,00,1610612748,MIA,28.0,76,76,37.9,10.1,17.8,0.565,1.4,3.3,0.406,5.3,7.0,0.753,1.3,6.8,8.0,7.3,1.7,0.9,3.0,1.4,26.8,regular
2544,2013-14,00,1610612748,MIA,29.0,77,77,37.7,10.0,17.6,0.567,1.5,4.0,0.379,5.7,7.6,0.75,1.1,5.9,6.9,6.3,1.6,0.3,3.5,1.6,27.1,regular
2544,2014-15,00,1610612739,CLE,30.0,69,69,36.1,9.0,18.5,0.488,1.7,4.9,0.354,5.4,7.7,0.71,0.7,5.3,6.0,7.4,1.6,0.7,3.9,2.0,25.3,regular
2544,2015-16,00,1610612739,CLE,31.0,76,76,35.6,9.7,18.6,0.52,1.1,3.7,0.309,4.7,6.5,0.731,1.5,6.0,7.4,6.8,1.4,0.6,3.3,1.9,25.3,regular
2544,2016-17,00,1610612739,CLE,32.0,74,74,37.8,9.9,18.2,0.548,1.7,4.6,0.363,4.8,7.2,0.674,1.3,7.3,8.6,8.7,1.2,0.6,4.1,1.8,26.4,regular
2544,2017-18,00,1610612739,CLE,33.0,82,82,36.9,10.5,19.3,0.542,1.8,5.0,0.367,4.7,6.5,0.731,1.2,7.5,8.6,9.1,1.4,0.9,4.2,1.7,27.5,regular
2544,2018-19,00,1610612747,LAL,34.0,55,55,35.2,10.1,19.9,0.51,2.0,5.9,0.339,5.1,7.6,0.665,1.0,7.4,8.5,8.3,1.3,0.6,3.6,1.7,27.4,regular
2544,2019-20,00,1610612747,LAL,35.0,67,67,34.6,9.6,19.4,0.493,2.2,6.3,0.348,3.9,5.7,0.693,1.0,6.9,7.8,10.2,1.2,0.5,3.9,1.8,25.3,regular
2544,2020-21,00,1610612747,LAL,36.0,45,45,33.4,9.4,18.3,0.513,2.3,6.3,0.365,4.0,5.7,0.698,0.6,7.0,7.7,7.8,1.1,0.6,3.7,1.6,25.0,regular
2544,2021-22,00,1610612747,LAL,37.0,56,56,37.2,11.4,21.8,0.524,2.9,8.0,0.359,4.5,6.0,0.756,1.1,7.1,8.2,6.2,1.3,1.1,3.5,2.2,30.3,regular
2544,2022-23,00,1610612747,LAL,38.0,55,54,35.5,11.1,22.2,0.5,2.2,6.9,0.321,4.6,5.9,0.768,1.2,7.1,8.3,6.8,0.9,0.6,3.2,1.6,28.9,regular
2544,2023-24,00,1610612747,LAL,39.0,71,71,35.3,9.6,17.9,0.54,2.1,5.1,0.41,4.3,5.7,0.75,0.9,6.4,7.3,8.3,1.3,0.5,3.5,1.1,25.7,regular
2544,2024-25,00,1610612747,LAL,40.0,70,70,34.9,9.3,18.1,0.513,2.1,5.7,0.376,3.7,4.7,0.782,1.0,6.8,7.8,8.2,1.0,0.6,3.7,1.4,24.4,regular
2544,2025-26,00,1610612747,LAL,41.0,60,60,33.2,7.9,15.3,0.515,1.3,4.1,0.317,3.9,5.3,0.737,0.7,5.4,6.1,7.2,1.2,0.6,3.0,1.4,20.9,regular
2544,2005-06,00,1610612739,CLE,21.0,13,13,46.5,11.2,23.6,0.476,1.6,4.8,0.333,6.7,9.1,0.737,1.7,6.4,8.1,5.8,1.4,0.7,5.0,3.4,30.8,playoffs
2544,2006-07,00,1610612739,CLE,22.0,20,20,44.7,8.3,20.0,0.416,1.1,3.8,0.28,7.4,9.8,0.755,1.3,6.8,8.1,8.0,1.7,0.5,3.3,2.0,25.1,playoffs
2544,2007-08,00,1610612739,CLE,23.0,13,13,42.5,8.7,21.2,0.411,1.4,5.4,0.257,9.4,12.8,0.731,1.2,6.6,7.8,7.6,1.8,1.3,4.2,2.5,28.2,playoffs
2544,2008-09,00,1610612739,CLE,24.0,14,14,41.4,11.4,22.3,0.51,1.9,5.8,0.333,10.6,14.2,0.749,1.4,7.8,9.1,7.3,1.6,0.9,2.7,2.1,35.3,playoffs
2544,2009-10,00,1610612739,CLE,25.0,11,11,41.8,9.6,19.2,0.502,1.8,4.5,0.4,8.0,10.9,0.733,1.4,7.9,9.3,7.6,1.7,1.8,3.8,2.1,29.1,playoffs
2544,2010-11,00,1610612748,MIA,26.0,21,21,43.9,8.3,17.8,0.466,1.4,4.0,0.353,5.7,7.4,0.763,1.6,6.8,8.4,5.9,1.7,1.2,3.1,2.7,23.7,playoffs
2544,2011-12,00,1610612748,MIA,27.0,23,23,42.7,10.9,21.8,0.5,1.0,3.7,0.259,7.5,10.2,0.739,2.3,7.4,9.7,5.6,1.9,0.7,3.5,2.0,30.3,playoffs
2544,2012-13,00,1610612748,MIA,28.0,23,23,41.7,9.2,18.8,0.491,1.6,4.2,0.375,5.9,7.6,0.777,1.6,6.8,8.4,6.6,1.8,0.8,3.0,1.9,25.9,playoffs
2544,2013-14,00,1610612748,MIA,29.0,20,20,38.2,9.6,17.0,0.565,1.8,4.3,0.407,6.5,8.0,0.806,0.7,6.4,7.1,4.8,1.8,0.6,3.1,2.3,27.4,playoffs
2544,2014-15,00,1610612739,CLE,30.0,20,20,42.2,11.4,27.2,0.417,1.3,5.5,0.227,6.1,8.4,0.731,1.9,9.5,11.3,8.5,1.7,1.1,4.1,2.9,30.1,playoffs
2544,2015-16,00,1610612739,CLE,31.0,21,21,39.1,10.4,19.9,0.525,1.5,4.5,0.34,3.9,5.9,0.661,2.0,7.5,9.5,7.6,2.3,1.3,3.6,2.6,26.3,playoffs
2544,2016-17,00,1610612739,CLE,32.0,18,18,41.3,12.1,21.3,0.565,2.4,5.9,0.411,6.3,9.0,0.698,1.1,8.1,9.1,7.8,1.9,1.3,4.0,2.4,32.8,playoffs
2544,2017-18,00,1610612739,CLE,33.0,22,22,41.9,12.5,23.2,0.539,1.8,5.2,0.342,7.2,9.7,0.746,1.4,7.7,9.1,9.0,1.4,1.0,4.3,2.4,34.0,playoffs
2544,2019-20,00,1610612747,LAL,35.0,21,21,36.3,10.2,18.2,0.56,2.1,5.7,0.37,5.1,7.1,0.72,1.3,9.4,10.8,8.8,1.2,0.9,4.0,1.9,27.6,playoffs
2544,2020-21,00,1610612747,LAL,36.0,6,6,37.3,9.0,19.0,0.474,3.0,8.0,0.375,2.3,3.8,0.609,1.2,6.0,7.2,8.0,1.5,0.3,4.2,1.2,23.3,playoffs
2544,2022-23,00,1610612747,LAL,38.0,16,16,38.7,9.2,18.4,0.498,1.8,6.6,0.264,4.4,5.8,0.761,1.6,8.3,9.9,6.5,1.1,1.1,2.5,1.8,24.5,playoffs
2544,2023-24,00,1610612747,LAL,39.0,5,5,40.8,11.2,19.8,0.566,2.0,5.2,0.385,3.4,4.6,0.739,0.8,6.0,6.8,8.8,2.4,1.0,3.8,2.2,27.8,playoffs
2544,2024-25,00,1610612747,LAL,40.0,5,5,40.8,8.6,17.6,0.489,2.0,5.6,0.357,6.2,8.0,0.775,2.4,6.6,9.0,5.6,2.0,1.8,2.6,1.6,25.4,playoffs
2544,2025-26,00,1610612747,LAL,41.0,10,10,38.4,8.4,18.3,0.459,1.7,5.2,0.327,4.7,6.3,0.746,0.4,6.3,6.7,7.3,1.3,0.3,3.8,1.6,23.2,playoffs
1642883,2025-26,00,1610612766,CHA,23.0,82,19,22.5,1.7,4.5,0.371,1.0,2.9,0.352,1.0,1.2,0.837,0.6,2.9,3.5,2.0,0.6,0.2,0.8,1.8,5.4,regular
1631170,2023-24,00,1610612748,MIA,23.0,75,20,28.2,4.5,9.3,0.489,0.9,2.7,0.322,1.9,2.3,0.811,1.1,2.7,3.8,2.6,1.0,0.3,1.5,2.2,11.9,regular
1631170,2024-25,00,1610612748,MIA,24.0,66,17,20.7,3.2,7.0,0.461,0.6,1.8,0.311,1.6,2.2,0.754,1.3,3.1,4.4,2.5,0.9,0.2,1.5,1.2,8.6,regular
1631170,2025-26,00,1610612748,MIA,25.0,75,1,28.3,6.2,12.2,0.507,0.8,2.4,0.317,2.2,2.9,0.769,1.3,3.7,5.0,4.7,0.7,0.3,2.0,1.8,15.4,regular
1631170,2023-24,00,1610612748,MIA,23.0,4,4,30.8,5.3,13.0,0.404,0.8,3.3,0.231,1.5,1.8,0.857,0.5,2.8,3.3,3.0,0.8,0.5,1.8,1.5,12.8,playoffs
1631170,2024-25,00,1610612748,MIA,24.0,3,0,6.3,0.3,2.0,0.167,0.0,0.7,0.0,0.7,0.7,1.0,1.0,0.3,1.3,0.3,0.0,0.0,0.3,0.3,1.3,playoffs
1641998,2023-24,00,1610612764,WAS,24.0,2,0,0.5,0.0,0.0,0.0,0.0,0.0,0.0,0.0,0.0,0.0,0.0,0.5,0.5,0.0,0.0,0.0,0.5,0.0,0.0,regular
1641998,2023-24,00,1610612763,MEM,24.0,23,14,24.9,3.3,5.9,0.551,0.0,0.0,0.0,0.9,1.1,0.84,2.8,3.0,5.8,1.2,0.5,1.2,1.4,3.0,7.4,regular
1641998,2023-24,00,0,TOT,24.0,25,14,23.0,3.0,5.4,0.551,0.0,0.0,0.0,0.8,1.0,0.84,2.6,2.8,5.4,1.1,0.5,1.1,1.4,2.8,6.8,regular
1641998,2024-25,00,1610612740,NOP,25.0,16,0,10.4,0.9,2.0,0.469,0.0,0.0,0.0,0.5,1.3,0.381,1.4,1.4,2.8,0.6,0.4,0.4,0.6,1.7,2.4,regular
1641998,2024-25,00,1610612747,LAL,25.0,22,0,10.3,1.2,1.9,0.619,0.0,0.0,0.0,0.2,0.5,0.417,1.0,1.8,2.8,0.3,0.1,0.4,0.6,1.9,2.6,regular
1641998,2024-25,00,0,TOT,25.0,38,0,10.3,1.1,1.9,0.554,0.0,0.0,0.0,0.3,0.9,0.394,1.2,1.6,2.8,0.4,0.2,0.4,0.6,1.8,2.5,regular
1641998,2025-26,00,1610612752,NYK,26.0,13,0,6.3,0.5,0.8,0.6,0.0,0.0,0.0,0.1,0.1,1.0,0.6,0.8,1.4,0.4,0.1,0.2,0.8,0.8,1.0,regular
1642450,2024-25,00,1610612765,DET,23.0,7,0,3.3,0.4,1.4,0.3,0.1,1.0,0.143,0.0,0.3,0.0,0.0,0.3,0.3,0.4,0.0,0.0,0.1,0.3,1.0,regular
1642450,2025-26,00,1610612765,DET,24.0,72,19,20.2,3.2,7.9,0.408,1.0,2.7,0.374,1.9,2.2,0.832,0.7,1.6,2.3,3.9,0.9,0.2,1.6,1.5,9.3,regular
1642450,2025-26,00,1610612765,DET,24.0,14,3,22.7,3.1,8.7,0.361,1.1,4.2,0.271,1.7,2.2,0.774,0.9,1.7,2.6,3.0,0.4,0.4,0.7,1.6,9.1,playoffs
1629660,2019-20,00,1610612756,PHX,22.0,31,0,10.6,1.2,3.6,0.336,0.5,1.6,0.28,0.4,0.5,0.75,0.2,1.3,1.5,1.4,0.5,0.1,0.6,0.9,3.3,regular
1629660,2020-21,00,1610612760,OKC,23.0,33,1,23.9,3.9,8.7,0.446,2.2,5.1,0.423,0.8,1.0,0.765,0.3,2.5,2.8,3.6,0.6,0.2,1.4,1.8,10.7,regular
1629660,2021-22,00,1610612760,OKC,24.0,48,4,16.7,2.6,6.8,0.378,1.1,3.9,0.29,0.8,1.0,0.809,0.4,1.2,1.6,2.3,0.6,0.1,0.8,1.5,7.1,regular
1629660,2022-23,00,1610612744,GSW,25.0,45,2,18.1,2.6,5.4,0.488,0.8,2.0,0.389,0.8,0.9,0.927,0.2,1.6,1.7,3.0,0.5,0.1,0.7,1.4,6.9,regular
1629660,2023-24,00,1610612739,CLE,26.0,2,0,7.5,1.0,2.0,0.5,0.0,0.5,0.0,0.0,0.0,0.0,0.5,0.0,0.5,1.5,0.0,0.0,0.5,1.0,2.0,regular
1629660,2024-25,00,1610612739,CLE,27.0,70,3,19.9,4.6,8.8,0.516,1.6,3.6,0.439,1.8,2.1,0.872,0.7,1.8,2.5,3.4,1.1,0.0,1.3,1.5,12.5,regular
1629660,2025-26,00,1610612763,MEM,28.0,15,15,22.6,6.8,14.3,0.474,2.8,6.7,0.42,3.3,3.7,0.875,0.7,2.1,2.8,5.7,1.1,0.3,1.8,2.1,19.7,regular
1629660,2024-25,00,1610612739,CLE,27.0,9,1,21.2,4.1,10.2,0.402,1.6,4.0,0.389,1.9,2.2,0.85,0.6,1.9,2.4,3.6,0.6,0.1,1.2,1.8,11.7,playoffs
1630198,2020-21,00,1610612755,PHI,21.0,41,1,9.3,1.2,3.2,0.361,1.0,2.6,0.368,0.4,0.6,0.75,0.1,0.7,0.9,0.5,0.3,0.1,0.3,0.8,3.7,regular
1630198,2021-22,00,1610612755,PHI,22.0,55,1,11.1,1.1,3.2,0.35,0.8,2.5,0.333,0.5,0.6,0.935,0.1,0.9,1.0,0.6,0.3,0.1,0.3,0.9,3.6,regular
1630198,2022-23,00,1610612760,OKC,23.0,73,10,19.1,3.1,7.0,0.441,2.2,5.4,0.409,1.1,1.4,0.82,0.4,2.0,2.4,1.2,0.7,0.1,0.5,1.4,9.5,regular
1630198,2023-24,00,1610612760,OKC,24.0,78,1,18.5,2.8,6.2,0.458,1.9,4.5,0.416,0.6,0.7,0.865,0.4,1.9,2.3,1.3,0.6,0.3,0.6,1.1,8.2,regular
1630198,2024-25,00,1610612760,OKC,25.0,74,16,21.7,3.5,7.9,0.44,2.6,6.3,0.412,0.6,0.8,0.821,0.6,2.1,2.6,1.6,0.6,0.1,0.5,1.5,10.2,regular
1630198,2025-26,00,1610612760,OKC,26.0,71,9,21.2,3.5,7.6,0.455,2.5,6.0,0.423,1.5,1.7,0.894,0.5,2.1,2.5,1.3,0.7,0.2,0.6,1.7,11.1,regular
1630198,2020-21,00,1610612755,PHI,21.0,4,0,2.3,0.3,0.8,0.333,0.0,0.5,0.0,0.0,0.0,0.0,0.0,0.0,0.0,0.3,0.0,0.0,0.0,0.5,0.5,playoffs
1630198,2021-22,00,1610612755,PHI,22.0,7,0,2.1,0.3,0.7,0.4,0.1,0.4,0.333,0.0,0.0,0.0,0.0,0.3,0.3,0.0,0.0,0.0,0.4,0.1,0.7,playoffs
1630198,2023-24,00,1610612760,OKC,24.0,10,2,17.3,2.4,5.4,0.444,1.6,3.9,0.41,0.0,0.0,0.0,0.4,1.8,2.2,1.0,0.5,0.0,0.5,1.0,6.4,playoffs
1630198,2024-25,00,1610612760,OKC,25.0,21,0,10.0,1.7,3.5,0.493,1.1,2.7,0.411,0.6,0.7,0.857,0.3,1.0,1.4,0.7,0.3,0.1,0.3,0.6,5.1,playoffs
1630198,2025-26,00,1610612760,OKC,26.0,13,0,11.0,1.8,4.2,0.418,1.2,3.5,0.348,0.1,0.1,1.0,0.4,1.0,1.4,1.1,0.5,0.1,0.4,1.3,4.8,playoffs
1642358,2024-25,00,1610612749,MIL,20.0,7,0,6.3,1.1,2.7,0.421,0.4,0.7,0.6,0.1,0.3,0.5,0.0,1.0,1.0,1.0,0.1,0.0,0.6,0.0,2.9,regular
1642358,2024-25,00,1610612764,WAS,20.0,22,11,27.0,3.4,8.8,0.381,1.0,3.9,0.247,1.4,1.6,0.886,0.4,2.0,2.4,3.1,0.5,0.1,1.4,2.3,9.1,regular
1642358,2024-25,00,0,TOT,20.0,29,11,22.0,2.8,7.3,0.385,0.8,3.1,0.267,1.1,1.3,0.865,0.3,1.8,2.0,2.6,0.4,0.1,1.2,1.7,7.6,regular
1642358,2025-26,00,1610612764,WAS,21.0,25,0,8.6,1.1,3.3,0.325,0.3,1.0,0.28,0.4,0.5,0.75,0.3,0.9,1.2,0.9,0.3,0.0,0.7,0.6,2.8,regular
1642358,2025-26,00,1610612742,DAL,21.0,23,0,10.4,1.3,4.0,0.323,0.2,1.4,0.156,1.1,1.2,0.893,0.3,0.8,1.0,1.1,0.2,0.1,0.5,0.7,3.9,regular
1642358,2025-26,00,0,TOT,21.0,48,0,9.4,1.2,3.7,0.324,0.3,1.2,0.211,0.7,0.8,0.85,0.3,0.9,1.1,1.0,0.2,0.1,0.6,0.6,3.3,regular
1629661,2019-20,00,1610612756,PHX,24.0,57,9,22.0,3.1,7.1,0.435,1.9,4.8,0.39,0.8,1.0,0.807,0.9,2.4,3.3,1.2,0.6,0.4,0.6,1.5,8.8,regular
1629661,2020-21,00,1610612756,PHX,25.0,60,11,24.0,3.4,8.1,0.42,2.0,5.6,0.349,0.8,1.0,0.847,0.6,2.8,3.3,1.4,0.6,0.3,0.7,1.4,9.6,regular
1629661,2021-22,00,1610612756,PHX,26.0,66,16,26.2,4.2,9.2,0.46,2.5,5.9,0.425,1.5,1.7,0.86,0.6,3.5,4.1,1.5,0.9,0.2,0.7,1.7,12.5,regular
1629661,2022-23,00,1610612756,PHX,27.0,17,16,25.2,4.8,10.2,0.474,2.6,5.8,0.455,1.6,1.9,0.818,0.8,3.0,3.8,1.5,0.9,0.4,0.6,1.7,13.9,regular
1629661,2022-23,00,1610612751,BKN,27.0,25,25,30.8,5.6,12.0,0.468,2.3,6.2,0.372,3.0,3.5,0.851,0.8,4.0,4.8,2.1,1.4,0.3,1.1,2.2,16.6,regular
1629661,2022-23,00,0,TOT,27.0,42,41,28.6,5.3,11.3,0.47,2.5,6.1,0.404,2.4,2.9,0.842,0.8,3.6,4.4,1.9,1.2,0.3,0.9,2.0,15.5,regular
1629661,2023-24,00,1610612751,BKN,28.0,58,47,27.6,4.8,10.7,0.446,2.4,6.1,0.391,1.5,1.9,0.789,0.9,3.4,4.3,2.4,0.8,0.3,1.0,1.8,13.4,regular
1629661,2024-25,00,1610612751,BKN,29.0,57,57,31.6,6.2,13.1,0.475,2.8,7.2,0.39,3.5,3.9,0.893,0.9,3.4,4.3,3.4,0.9,0.4,1.7,1.8,18.8,regular
1629661,2025-26,00,1610612743,DEN,30.0,54,54,30.5,4.2,8.8,0.48,2.0,4.7,0.43,1.7,2.1,0.839,0.8,3.0,3.8,2.4,0.7,0.4,0.9,2.3,12.2,regular
1629661,2020-21,00,1610612756,PHX,25.0,21,0,21.1,2.6,5.2,0.5,1.6,3.5,0.446,1.4,1.5,0.906,0.8,2.4,3.1,0.8,0.9,0.2,0.7,1.3,8.2,playoffs
1629661,2021-22,00,1610612756,PHX,26.0,13,3,24.6,3.5,7.6,0.465,1.7,4.5,0.373,2.0,2.5,0.813,0.7,2.8,3.5,1.5,0.4,0.1,0.9,2.4,10.8,playoffs
1629661,2022-23,00,1610612751,BKN,27.0,4,4,38.0,7.0,13.8,0.509,3.0,7.0,0.429,1.5,1.8,0.857,0.8,5.0,5.8,2.8,0.8,0.3,1.3,2.5,18.5,playoffs
1629661,2025-26,00,1610612743,DEN,30.0,6,6,31.0,5.2,10.3,0.5,1.8,5.8,0.314,2.0,2.8,0.706,0.5,2.7,3.2,2.3,1.0,0.3,1.0,3.0,14.2,playoffs
1630552,2021-22,00,1610612737,ATL,20.0,22,0,5.5,1.0,1.9,0.537,0.1,0.6,0.231,0.2,0.3,0.714,0.1,1.1,1.2,0.1,0.1,0.1,0.4,0.4,2.4,regular
1630552,2022-23,00,1610612737,ATL,21.0,70,6,14.9,2.3,4.6,0.491,0.4,1.5,0.288,0.7,1.1,0.628,0.7,3.3,4.0,1.2,0.5,0.5,0.6,1.6,5.6,regular
1630552,2023-24,00,1610612737,ATL,22.0,56,52,33.7,6.4,12.5,0.511,1.3,3.6,0.355,1.9,2.6,0.728,1.3,7.4,8.7,3.6,1.2,0.8,1.8,2.4,16.0,regular
1630552,2024-25,00,1610612737,ATL,23.0,36,36,35.7,7.5,15.1,0.5,1.2,3.9,0.312,2.6,3.5,0.746,1.7,8.3,10.0,5.0,1.6,1.0,2.9,1.9,18.9,regular
1630552,2025-26,00,1610612737,ATL,24.0,72,72,35.2,8.3,17.1,0.489,1.7,4.7,0.352,4.2,5.3,0.788,1.4,8.9,10.3,7.9,1.2,0.4,3.4,2.1,22.5,regular
1630552,2021-22,00,1610612737,ATL,20.0,2,0,4.5,0.0,1.5,0.0,0.0,0.5,0.0,0.0,0.0,0.0,0.0,0.0,0.0,0.0,0.0,0.0,0.5,0.0,0.0,playoffs
1630552,2022-23,00,1610612737,ATL,21.0,6,0,9.3,1.7,4.0,0.417,0.7,1.8,0.364,0.3,0.3,1.0,0.3,2.2,2.5,1.3,0.5,0.0,0.8,0.8,4.3,playoffs
1630552,2025-26,00,1610612737,ATL,24.0,6,6,35.7,6.7,15.3,0.435,1.5,5.2,0.29,4.7,5.3,0.875,1.0,6.7,7.7,5.2,0.8,0.3,2.3,3.3,19.5,playoffs
1629640,2019-20,00,1610612759,SAS,20.0,17,1,17.7,3.1,5.2,0.596,0.8,1.3,0.591,2.1,2.6,0.795,0.6,2.8,3.4,0.9,0.8,0.1,0.8,1.6,9.1,regular
1629640,2020-21,00,1610612759,SAS,21.0,69,67,28.5,4.9,10.2,0.479,0.9,2.6,0.331,2.1,2.8,0.74,1.3,4.6,6.0,1.8,0.6,0.3,1.1,2.1,12.8,regular
1629640,2021-22,00,1610612759,SAS,22.0,75,74,31.9,6.3,13.5,0.466,2.1,5.3,0.398,2.4,3.1,0.756,1.1,5.0,6.1,2.1,0.8,0.2,1.2,2.0,17.0,regular
1629640,2022-23,00,1610612759,SAS,23.0,63,63,32.7,8.0,17.7,0.452,2.1,6.5,0.329,3.9,5.2,0.749,0.9,4.2,5.0,2.9,0.7,0.2,2.1,2.0,22.0,regular
1629640,2023-24,00,1610612759,SAS,24.0,69,27,29.5,5.7,12.5,0.454,1.8,5.3,0.346,2.5,3.2,0.792,1.4,4.1,5.5,2.8,0.7,0.3,1.4,2.2,15.7,regular
1629640,2024-25,00,1610612759,SAS,25.0,77,0,23.9,4.8,10.0,0.482,1.1,3.6,0.318,1.9,2.5,0.773,1.5,3.4,4.8,1.6,0.6,0.3,1.0,1.5,12.7,regular
1629640,2025-26,00,1610612759,SAS,26.0,82,0,23.3,5.0,9.7,0.519,1.2,3.3,0.363,1.9,2.4,0.794,1.7,3.7,5.4,1.4,0.6,0.1,0.9,2.0,13.2,regular
1629640,2025-26,00,1610612759,SAS,26.0,19,0,18.1,3.1,7.5,0.413,1.0,2.7,0.365,1.2,1.8,0.629,1.3,1.9,3.2,0.9,0.6,0.2,1.1,2.3,8.4,playoffs
1642352,2024-25,00,1610612748,MIA,24.0,16,0,6.1,1.1,1.6,0.692,0.2,0.4,0.429,0.3,0.6,0.444,0.4,1.4,1.8,0.3,0.3,0.3,0.3,0.7,2.7,regular
1642352,2025-26,00,1610612748,MIA,24.0,32,0,8.8,1.6,3.3,0.49,0.4,1.4,0.295,0.7,0.9,0.724,0.8,1.1,1.9,0.3,0.5,0.3,0.4,0.9,4.3,regular
1642352,2024-25,00,1610612748,MIA,24.0,2,0,4.0,0.5,0.5,1.0,0.0,0.0,0.0,0.0,0.0,0.0,0.5,0.0,0.5,0.0,0.0,0.0,0.5,0.5,1.0,playoffs
1642848,2025-26,00,1610612764,WAS,20.0,60,42,24.1,4.5,10.8,0.419,1.9,5.4,0.358,1.3,1.5,0.874,0.5,2.4,2.8,2.0,0.6,0.3,1.6,2.0,12.2,regular
203999,2015-16,00,1610612743,DEN,21.0,80,55,21.7,3.8,7.5,0.512,0.4,1.1,0.333,1.9,2.4,0.811,2.3,4.7,7.0,2.4,1.0,0.6,1.3,2.6,10.0,regular
203999,2016-17,00,1610612743,DEN,22.0,73,59,27.9,6.8,11.7,0.578,0.6,1.9,0.324,2.6,3.1,0.825,2.9,6.9,9.8,4.9,0.8,0.8,2.3,2.9,16.7,regular
203999,2017-18,00,1610612743,DEN,23.0,75,73,32.6,6.7,13.5,0.499,1.5,3.7,0.396,3.5,4.2,0.85,2.6,8.1,10.7,6.1,1.2,0.8,2.8,2.8,18.5,regular
203999,2018-19,00,1610612743,DEN,24.0,80,80,31.3,7.7,15.1,0.511,1.0,3.4,0.307,3.6,4.4,0.821,2.9,8.0,10.8,7.3,1.4,0.7,3.1,2.9,20.1,regular
203999,2019-20,00,1610612743,DEN,25.0,73,73,32.0,7.7,14.7,0.528,1.1,3.5,0.314,3.4,4.1,0.817,2.3,7.5,9.7,7.0,1.2,0.6,3.1,3.0,19.9,regular
203999,2020-21,00,1610612743,DEN,26.0,72,72,34.6,10.2,18.0,0.566,1.3,3.3,0.388,4.8,5.5,0.868,2.8,8.0,10.8,8.3,1.3,0.7,3.1,2.7,26.4,regular
203999,2021-22,00,1610612743,DEN,27.0,74,74,33.5,10.3,17.7,0.583,1.3,3.9,0.337,5.1,6.3,0.81,2.8,11.0,13.8,7.9,1.5,0.9,3.8,2.6,27.1,regular
203999,2022-23,00,1610612743,DEN,28.0,69,69,33.7,9.4,14.8,0.632,0.8,2.2,0.383,4.9,6.0,0.822,2.4,9.4,11.8,9.8,1.3,0.7,3.6,2.5,24.5,regular
203999,2023-24,00,1610612743,DEN,29.0,79,79,34.6,10.4,17.9,0.583,1.1,2.9,0.359,4.5,5.5,0.817,2.8,9.5,12.4,9.0,1.4,0.9,3.0,2.5,26.4,regular
203999,2024-25,00,1610612743,DEN,30.0,70,70,36.7,11.2,19.5,0.576,2.0,4.7,0.417,5.2,6.4,0.8,2.9,9.9,12.7,10.2,1.8,0.6,3.3,2.3,29.6,regular
203999,2025-26,00,1610612743,DEN,31.0,65,65,34.8,9.9,17.4,0.569,1.7,4.5,0.38,6.1,7.4,0.831,3.0,9.9,12.9,10.7,1.4,0.8,3.7,2.7,27.7,regular
203999,2018-19,00,1610612743,DEN,24.0,14,14,39.7,9.4,18.6,0.506,1.6,4.0,0.393,4.7,5.6,0.846,3.9,9.1,13.0,8.4,1.1,0.9,2.6,3.9,25.1,playoffs
203999,2019-20,00,1610612743,DEN,25.0,19,19,36.5,9.4,18.1,0.519,2.2,5.2,0.429,3.5,4.2,0.835,1.9,7.9,9.8,5.7,1.1,0.8,3.3,3.6,24.4,playoffs
203999,2020-21,00,1610612743,DEN,26.0,10,10,34.5,11.6,22.8,0.509,2.0,5.3,0.377,4.6,5.5,0.836,3.7,7.9,11.6,5.0,0.6,0.9,2.4,2.3,29.8,playoffs
203999,2021-22,00,1610612743,DEN,27.0,5,5,34.2,12.2,21.2,0.575,1.0,3.6,0.278,5.6,6.6,0.848,3.4,9.8,13.2,5.8,1.6,1.0,4.8,4.0,31.0,playoffs
203999,2022-23,00,1610612743,DEN,28.0,20,20,39.5,11.4,20.7,0.548,1.8,3.8,0.461,5.6,7.0,0.799,3.5,10.0,13.5,9.5,1.1,1.0,3.5,3.5,30.0,playoffs
203999,2023-24,00,1610612743,DEN,29.0,12,12,40.2,11.1,20.3,0.545,1.2,4.4,0.264,5.3,5.9,0.901,3.6,9.8,13.4,8.7,1.4,0.7,3.3,2.7,28.7,playoffs
203999,2024-25,00,1610612743,DEN,30.0,14,14,40.2,9.4,19.1,0.489,1.9,5.1,0.38,5.6,7.2,0.772,2.1,10.6,12.7,8.0,2.0,0.9,3.9,3.4,26.2,playoffs
203999,2025-26,00,1610612743,DEN,31.0,6,6,39.5,9.0,20.2,0.446,1.2,6.0,0.194,6.7,7.2,0.93,1.5,11.7,13.2,9.5,1.0,0.8,3.8,3.5,25.8,playoffs
1641732,2023-24,00,1610612758,SAC,22.0,30,0,6.4,0.9,2.4,0.394,0.1,0.7,0.091,0.2,0.4,0.545,0.6,0.8,1.3,0.7,0.2,0.2,0.3,1.0,2.1,regular
1641732,2024-25,00,1610612758,SAC,23.0,24,0,5.4,0.5,1.1,0.423,0.2,0.4,0.4,0.0,0.0,0.0,0.3,0.6,1.0,0.3,0.3,0.3,0.3,0.5,1.1,regular
1641732,2024-25,00,1610612764,WAS,23.0,15,0,25.7,3.2,6.9,0.466,0.8,2.6,0.308,1.5,2.3,0.657,0.9,3.4,4.3,2.5,1.3,0.4,1.1,1.6,8.7,regular
1641732,2024-25,00,0,TOT,23.0,39,0,13.2,1.5,3.3,0.457,0.4,1.3,0.327,0.6,0.9,0.657,0.5,1.7,2.2,1.1,0.7,0.3,0.6,0.9,4.0,regular
1641732,2025-26,00,1610612765,DET,23.0,1,0,7.0,1.0,3.0,0.333,0.0,2.0,0.0,0.0,0.0,0.0,0.0,4.0,4.0,2.0,0.0,0.0,0.0,1.0,2.0,regular
1642938,2025-26,00,1610612743,DEN,24.0,10,0,8.8,1.1,2.7,0.407,0.6,1.8,0.333,0.1,0.2,0.5,0.2,0.9,1.1,1.0,0.4,0.0,0.2,0.6,2.9,regular
1630529,2021-22,00,1610612740,NOP,23.0,78,69,29.9,3.5,7.4,0.476,0.7,2.2,0.337,1.8,2.1,0.84,1.3,2.5,3.8,2.1,1.7,0.8,1.3,3.1,9.5,regular
1630529,2022-23,00,1610612740,NOP,24.0,66,66,29.6,3.6,7.6,0.469,0.8,2.5,0.335,1.9,2.4,0.764,1.5,2.6,4.1,2.5,1.6,0.6,1.3,3.2,9.8,regular
1630529,2023-24,00,1610612740,NOP,25.0,76,76,30.5,3.9,7.7,0.498,1.5,3.6,0.418,1.8,2.1,0.867,1.0,2.6,3.6,2.6,1.4,0.8,1.2,2.9,11.0,regular
1630529,2024-25,00,1610612740,NOP,26.0,20,20,32.4,3.8,8.6,0.436,1.1,3.6,0.306,1.7,2.0,0.825,1.1,2.8,3.9,3.3,1.9,0.5,1.8,3.3,10.3,regular
1630529,2025-26,00,1610612740,NOP,27.0,56,56,28.4,3.3,8.5,0.383,1.4,4.6,0.309,0.9,1.1,0.806,0.8,2.6,3.4,2.8,1.6,0.5,1.3,3.2,8.9,regular
1630529,2021-22,00,1610612740,NOP,23.0,6,6,37.7,3.5,7.3,0.477,0.8,2.0,0.417,2.8,3.7,0.773,1.3,2.0,3.3,1.8,1.8,0.8,1.3,3.7,10.7,playoffs
1630529,2023-24,00,1610612740,NOP,25.0,4,4,35.3,4.0,10.3,0.39,2.0,6.0,0.333,3.0,3.0,1.0,1.5,3.5,5.0,2.5,1.3,0.3,2.8,3.8,13.0,playoffs
1642403,2024-25,00,1610612758,SAC,24.0,40,0,7.6,1.4,2.1,0.651,0.1,0.2,0.375,0.6,0.9,0.639,0.6,0.9,1.4,0.3,0.1,0.3,0.4,0.8,3.4,regular
1642403,2025-26,00,1610612758,SAC,25.0,3,1,5.7,0.3,0.7,0.5,0.0,0.3,0.0,0.3,0.7,0.5,0.7,0.0,0.7,0.3,0.0,0.0,0.0,1.3,1.0,regular
1642403,2025-26,00,1610612765,DET,25.0,4,0,4.8,0.5,1.3,0.4,0.0,0.3,0.0,0.5,0.5,1.0,0.0,0.8,0.8,0.0,0.0,0.3,0.3,0.0,1.5,regular
1642403,2025-26,00,0,TOT,25.0,7,1,5.1,0.4,1.0,0.429,0.0,0.3,0.0,0.4,0.6,0.75,0.3,0.4,0.7,0.1,0.0,0.1,0.1,0.6,1.3,regular
1642880,2025-26,00,1610612754,IND,24.0,37,7,16.6,1.8,4.6,0.402,0.6,2.0,0.293,0.1,0.2,0.5,0.4,1.2,1.6,3.2,0.5,0.0,1.0,1.1,4.4,regular
1642461,2024-25,00,1610612743,DEN,24.0,20,0,6.3,0.6,1.7,0.324,0.1,0.9,0.059,0.2,0.2,1.0,0.4,0.5,0.9,0.3,0.3,0.3,0.3,0.9,1.3,regular
1642461,2025-26,00,1610612743,DEN,24.0,64,37,22.1,2.1,4.1,0.504,0.9,2.3,0.396,0.5,0.8,0.608,1.2,2.1,3.3,0.8,0.8,0.5,0.5,2.7,5.5,regular
1642461,2025-26,00,1610612743,DEN,24.0,6,3,24.2,2.2,3.2,0.684,1.5,2.2,0.692,0.7,0.8,0.8,0.5,1.5,2.0,0.3,0.7,1.2,0.7,3.3,6.5,playoffs
1630200,2020-21,00,1610612759,SAS,21.0,37,1,7.3,1.0,2.1,0.474,0.1,0.1,0.6,0.5,0.5,0.895,0.2,0.4,0.6,1.1,0.2,0.0,0.4,0.4,2.5,regular
1630200,2021-22,00,1610612759,SAS,22.0,69,11,16.6,2.4,4.9,0.49,0.1,0.7,0.196,1.0,1.3,0.78,0.4,1.8,2.2,3.4,0.6,0.1,0.7,1.1,6.0,regular
1630200,2022-23,00,1610612759,SAS,23.0,68,65,29.2,5.0,10.9,0.459,0.7,2.3,0.285,2.2,2.5,0.86,0.8,2.8,3.6,6.6,1.3,0.1,1.6,1.4,12.9,regular
1630200,2023-24,00,1610612759,SAS,24.0,77,48,27.8,3.9,7.8,0.505,0.8,2.5,0.335,1.3,1.5,0.856,0.8,3.0,3.8,6.2,1.0,0.1,1.5,1.2,10.0,regular
1630200,2024-25,00,1610612759,SAS,25.0,28,0,16.1,1.6,3.3,0.484,0.3,0.9,0.308,0.9,1.2,0.758,0.5,1.5,2.1,3.7,0.6,0.2,0.8,1.2,4.4,regular
1630200,2024-25,00,1610612741,CHI,25.0,18,9,25.3,4.6,8.1,0.572,0.6,1.2,0.5,1.7,1.9,0.882,0.9,2.3,3.2,4.9,1.1,0.3,0.8,1.2,11.5,regular
1630200,2024-25,00,0,TOT,25.0,46,9,19.7,2.8,5.2,0.538,0.4,1.0,0.396,1.2,1.5,0.821,0.7,1.8,2.5,4.2,0.8,0.2,0.8,1.2,7.2,regular
1630200,2025-26,00,1610612741,CHI,26.0,65,41,27.0,5.2,9.5,0.553,0.6,2.0,0.315,2.9,3.5,0.841,0.6,2.6,3.1,5.4,1.2,0.2,1.4,1.4,14.1,regular
1626145,2015-16,00,1610612750,MIN,20.0,37,0,15.5,1.5,4.2,0.359,0.4,1.4,0.302,0.8,1.1,0.718,0.2,1.1,1.3,2.9,0.8,0.1,0.9,0.9,4.2,regular
1626145,2016-17,00,1610612750,MIN,21.0,60,0,12.9,1.3,3.0,0.414,0.4,1.2,0.356,0.6,0.7,0.767,0.2,1.0,1.1,2.6,0.8,0.1,0.6,0.8,3.5,regular
1626145,2017-18,00,1610612750,MIN,22.0,82,11,17.9,1.8,4.0,0.457,0.5,1.6,0.349,0.9,1.0,0.877,0.2,1.4,1.6,2.8,1.2,0.1,0.7,1.3,5.1,regular
1626145,2018-19,00,1610612750,MIN,23.0,68,23,22.9,2.7,6.6,0.415,0.6,1.9,0.317,0.9,1.0,0.841,0.3,1.6,2.0,4.8,1.2,0.1,0.7,1.1,6.9,regular
1626145,2019-20,00,1610612763,MEM,24.0,65,6,19.0,3.0,6.6,0.459,0.7,1.9,0.379,0.7,0.9,0.741,0.1,1.4,1.6,4.4,0.9,0.1,0.8,0.7,7.4,regular
1626145,2020-21,00,1610612763,MEM,25.0,70,9,17.5,2.5,5.9,0.431,0.6,2.0,0.321,0.6,0.6,0.911,0.3,1.7,2.0,3.7,0.9,0.1,0.7,0.4,6.3,regular
1626145,2021-22,00,1610612763,MEM,26.0,73,23,21.2,3.4,7.6,0.451,1.1,2.8,0.39,0.7,0.9,0.818,0.2,2.2,2.4,4.4,0.9,0.0,0.6,0.4,8.7,regular
1626145,2022-23,00,1610612763,MEM,27.0,80,22,24.2,3.9,8.9,0.438,1.5,4.1,0.371,1.0,1.3,0.8,0.4,2.2,2.5,5.2,1.0,0.1,0.9,0.4,10.3,regular
1626145,2023-24,00,1610612764,WAS,28.0,66,66,29.3,4.9,10.1,0.489,1.6,3.9,0.414,0.5,0.6,0.8,0.3,2.4,2.7,7.3,1.1,0.3,1.0,0.7,12.0,regular
1626145,2024-25,00,1610612756,PHX,29.0,81,58,26.8,3.8,8.4,0.448,2.0,5.0,0.414,0.6,0.7,0.895,0.5,1.9,2.4,5.3,0.9,0.1,1.1,0.8,10.2,regular
1626145,2025-26,00,1610612753,ORL,29.0,48,8,15.7,1.1,3.3,0.342,0.6,2.1,0.294,0.1,0.1,1.0,0.2,0.9,1.1,2.4,0.7,0.1,0.3,0.5,3.0,regular
1626145,2025-26,00,1610612742,DAL,29.0,8,2,16.6,1.6,4.3,0.382,0.5,2.4,0.211,0.1,0.3,0.5,0.1,1.0,1.1,3.8,0.4,0.0,0.6,0.6,3.9,regular
1626145,2025-26,00,1610612743,DEN,29.0,11,2,8.4,0.8,2.4,0.346,0.5,1.5,0.375,0.0,0.1,0.0,0.2,1.1,1.3,1.2,0.1,0.0,0.5,0.1,2.2,regular
1626145,2025-26,00,0,TOT,29.0,67,12,14.6,1.1,3.3,0.349,0.6,2.0,0.292,0.1,0.1,0.778,0.2,1.0,1.1,2.4,0.6,0.0,0.4,0.5,3.0,regular
1626145,2017-18,00,1610612750,MIN,22.0,4,0,13.8,0.5,1.8,0.286,0.0,0.5,0.0,0.0,0.0,0.0,0.0,2.3,2.3,2.0,0.3,0.0,0.3,0.0,1.0,playoffs
1626145,2020-21,00,1610612763,MEM,25.0,5,0,9.4,1.2,3.4,0.353,0.2,0.8,0.25,0.4,0.4,1.0,0.2,1.2,1.4,1.2,0.2,0.0,0.0,0.2,3.0,playoffs
1626145,2021-22,00,1610612763,MEM,26.0,12,3,21.8,3.3,8.3,0.394,1.5,3.8,0.4,1.2,1.3,0.933,0.3,2.9,3.3,4.5,1.2,0.2,1.1,0.7,9.2,playoffs
1626145,2022-23,00,1610612763,MEM,27.0,6,1,20.0,1.8,6.0,0.306,0.5,3.2,0.158,0.3,0.5,0.667,0.5,2.5,3.0,3.7,1.3,0.0,1.3,0.8,4.5,playoffs
1626145,2025-26,00,1610612743,DEN,29.0,3,0,10.0,1.3,2.7,0.5,0.0,0.3,0.0,0.3,0.7,0.5,0.0,0.0,0.0,1.7,0.7,0.0,0.0,1.0,3.0,playoffs
1642357,2025-26,00,1610612759,SAS,24.0,11,0,6.2,1.2,2.3,0.52,0.3,0.5,0.6,0.3,0.5,0.5,0.4,0.8,1.2,1.6,0.5,0.1,0.5,0.5,2.9,regular
1627884,2016-17,00,1610612756,PHX,20.0,32,8,17.0,2.1,3.8,0.562,0.1,0.3,0.273,0.9,1.3,0.707,1.2,1.3,2.5,0.4,0.4,0.4,0.4,2.0,5.3,regular
1627884,2017-18,00,1610612756,PHX,21.0,6,0,5.5,0.3,0.7,0.5,0.0,0.3,0.0,0.8,1.0,0.833,0.3,0.3,0.7,0.5,0.2,0.7,0.2,0.3,1.5,regular
1627884,2017-18,00,1610612748,MIA,21.0,14,8,15.1,1.4,3.5,0.388,0.2,1.1,0.188,0.8,1.3,0.611,1.4,1.1,2.4,0.4,0.2,0.6,0.4,1.6,3.7,regular
1627884,2017-18,00,0,TOT,21.0,20,8,12.3,1.1,2.7,0.396,0.2,0.9,0.167,0.8,1.2,0.667,1.1,0.9,1.9,0.5,0.2,0.7,0.4,1.2,3.1,regular
1627884,2018-19,00,1610612748,MIA,22.0,60,14,19.2,2.7,5.4,0.494,0.5,1.5,0.308,1.2,2.0,0.607,1.6,2.4,4.0,0.6,0.8,0.7,0.7,2.1,7.0,regular
1627884,2019-20,00,1610612748,MIA,23.0,59,16,23.3,3.1,5.9,0.527,0.6,2.2,0.28,1.6,2.1,0.772,1.1,2.8,3.9,1.1,1.0,0.6,0.5,2.2,8.5,regular
1627884,2020-21,00,1610612757,POR,24.0,58,43,22.7,2.5,5.2,0.484,0.7,2.3,0.316,1.0,1.6,0.648,1.3,2.2,3.5,0.8,0.6,0.9,0.6,2.2,6.8,regular
1627884,2021-22,00,1610612741,CHI,25.0,51,8,17.6,2.1,3.8,0.538,0.4,1.2,0.328,1.1,1.4,0.8,1.2,2.1,3.3,0.6,0.5,0.6,0.6,2.1,5.6,regular
1627884,2022-23,00,1610612741,CHI,26.0,64,0,14.0,1.8,3.6,0.5,0.4,1.3,0.338,1.0,1.3,0.738,0.9,1.5,2.4,0.5,0.5,0.6,0.4,1.3,5.0,regular
1627884,2023-24,00,1610612742,DAL,27.0,76,66,23.5,3.1,6.5,0.483,1.1,3.1,0.343,1.3,1.8,0.713,1.1,2.2,3.3,1.0,0.7,0.7,0.9,1.6,8.6,regular
1627884,2024-25,00,1610612746,LAC,28.0,77,55,24.3,4.0,7.6,0.526,1.0,2.8,0.356,1.1,1.5,0.703,1.2,2.2,3.4,0.8,1.0,0.4,0.9,2.0,10.1,regular
1627884,2025-26,00,1610612746,LAC,29.0,50,45,27.0,3.8,7.6,0.499,1.1,3.1,0.359,1.4,1.9,0.763,1.2,2.2,3.5,1.4,0.9,1.0,0.8,2.1,10.1,regular
1627884,2019-20,00,1610612748,MIA,23.0,15,0,6.5,0.5,1.1,0.471,0.3,0.6,0.444,0.1,0.3,0.4,0.4,0.4,0.8,0.5,0.4,0.3,0.1,0.8,1.5,playoffs
1627884,2020-21,00,1610612757,POR,24.0,2,0,5.0,1.0,2.5,0.4,0.0,1.0,0.0,0.0,0.0,0.0,0.0,0.0,0.0,0.0,0.5,0.0,0.0,1.0,2.0,playoffs
1627884,2021-22,00,1610612741,CHI,25.0,5,0,11.8,1.4,3.4,0.412,0.6,2.2,0.273,0.4,0.6,0.667,0.6,0.8,1.4,0.4,0.2,0.0,0.6,1.6,3.8,playoffs
1627884,2023-24,00,1610612742,DAL,27.0,22,22,29.4,3.5,7.3,0.481,1.1,3.0,0.369,1.0,1.4,0.733,1.5,2.0,3.5,1.2,0.5,1.0,0.8,2.5,9.1,playoffs
1627884,2024-25,00,1610612746,LAC,28.0,7,1,18.4,3.0,6.9,0.438,0.9,2.9,0.3,0.4,1.1,0.375,0.7,1.1,1.9,0.3,0.6,1.3,0.4,0.4,7.3,playoffs
201599,2008-09,00,1610612746,LAC,20.0,53,13,14.5,1.8,2.8,0.633,0.0,0.0,0.0,0.8,2.1,0.385,1.4,3.1,4.5,0.2,0.2,1.1,0.8,1.8,4.3,regular
201599,2009-10,00,1610612746,LAC,21.0,70,12,16.2,2.1,3.4,0.605,0.0,0.0,0.0,0.7,1.8,0.375,1.7,3.3,5.0,0.3,0.2,0.9,1.1,2.2,4.8,regular
201599,2010-11,00,1610612746,LAC,22.0,80,66,25.6,2.9,4.3,0.686,0.0,0.0,0.0,1.2,2.7,0.452,2.6,4.6,7.2,0.5,0.5,1.8,1.3,3.2,7.1,regular
201599,2011-12,00,1610612746,LAC,23.0,66,66,27.2,3.1,4.9,0.632,0.0,0.0,0.0,1.1,2.1,0.525,3.1,5.2,8.3,0.3,0.5,2.0,1.1,2.9,7.4,regular
201599,2012-13,00,1610612746,LAC,24.0,82,82,24.5,3.8,6.0,0.643,0.0,0.0,0.0,1.2,3.0,0.386,2.6,4.7,7.2,0.3,0.6,1.4,1.2,2.3,8.8,regular
201599,2013-14,00,1610612746,LAC,25.0,82,82,35.0,4.2,6.3,0.676,0.0,0.0,0.0,2.0,4.6,0.428,4.0,9.5,13.6,0.9,1.0,2.5,1.5,3.2,10.4,regular
201599,2014-15,00,1610612746,LAC,26.0,82,82,34.4,4.6,6.5,0.71,0.0,0.0,0.25,2.3,5.7,0.397,4.8,10.1,15.0,0.7,1.0,2.2,1.3,3.0,11.5,regular
201599,2015-16,00,1610612746,LAC,27.0,77,77,33.7,4.6,6.6,0.703,0.0,0.0,0.0,3.5,8.0,0.43,3.5,10.3,13.8,1.2,0.7,2.3,1.4,2.7,12.7,regular
201599,2016-17,00,1610612746,LAC,28.0,81,81,31.7,5.1,7.1,0.714,0.0,0.0,0.0,2.5,5.2,0.482,3.7,10.1,13.8,1.2,0.6,1.7,1.4,2.6,12.7,regular
201599,2017-18,00,1610612746,LAC,29.0,77,77,31.5,4.8,7.5,0.645,0.0,0.0,0.0,2.4,4.1,0.58,4.3,10.9,15.2,1.5,0.5,0.9,1.8,2.6,12.0,regular
201599,2018-19,00,1610612742,DAL,30.0,50,50,31.1,4.2,6.5,0.644,0.0,0.0,0.0,2.7,4.0,0.682,3.2,10.5,13.7,2.0,0.7,1.1,2.2,2.5,11.0,regular
201599,2018-19,00,1610612752,NYK,30.0,19,19,25.9,4.1,6.5,0.634,0.0,0.0,0.0,2.7,3.5,0.773,3.4,8.0,11.4,3.0,0.5,1.1,2.2,2.2,10.9,regular
201599,2018-19,00,0,TOT,30.0,69,69,29.7,4.1,6.5,0.641,0.0,0.0,0.0,2.7,3.8,0.705,3.3,9.8,13.1,2.3,0.6,1.1,2.2,2.4,11.0,regular
201599,2019-20,00,1610612751,BKN,31.0,56,6,22.0,3.4,5.1,0.666,0.0,0.0,0.0,1.5,2.2,0.68,2.5,7.5,10.0,1.9,0.3,0.9,1.3,2.0,8.3,regular
201599,2020-21,00,1610612751,BKN,32.0,57,43,21.9,3.3,4.4,0.763,0.0,0.0,0.0,0.8,1.6,0.5,2.1,5.4,7.5,1.6,0.3,1.1,1.5,2.0,7.5,regular
201599,2021-22,00,1610612747,LAL,33.0,32,19,12.8,1.9,2.8,0.674,0.0,0.0,0.0,0.4,0.8,0.462,1.6,3.8,5.4,0.4,0.3,0.8,0.7,1.6,4.1,regular
201599,2021-22,00,1610612755,PHI,33.0,16,1,13.4,2.0,3.4,0.593,0.0,0.0,0.0,0.6,0.9,0.714,2.0,3.8,5.8,0.5,0.1,0.6,1.0,1.3,4.6,regular
201599,2021-22,00,0,TOT,33.0,48,20,13.0,1.9,3.0,0.643,0.0,0.0,0.0,0.5,0.8,0.55,1.7,3.8,5.5,0.4,0.3,0.7,0.8,1.5,4.3,regular
201599,2022-23,00,1610612743,DEN,34.0,39,8,15.0,2.3,2.9,0.765,0.0,0.0,1.0,0.6,1.2,0.458,1.3,3.8,5.2,0.9,0.3,0.6,1.2,1.8,5.1,regular
201599,2023-24,00,1610612743,DEN,35.0,36,2,11.0,1.6,2.6,0.624,0.0,0.0,0.0,0.7,1.5,0.491,1.5,2.9,4.4,0.7,0.2,0.4,0.6,1.6,3.9,regular
201599,2024-25,00,1610612743,DEN,36.0,56,5,12.3,1.6,2.5,0.65,0.0,0.0,0.0,0.5,1.1,0.422,1.5,3.6,5.1,0.9,0.3,0.5,0.7,1.3,3.7,regular
201599,2025-26,00,1610612740,NOP,37.0,12,7,16.6,1.8,2.7,0.656,0.0,0.0,0.0,0.9,1.4,0.647,2.2,4.2,6.3,0.9,0.3,0.8,0.8,1.3,4.4,regular
201599,2011-12,00,1610612746,LAC,23.0,11,11,22.6,1.9,3.6,0.525,0.0,0.0,0.0,0.7,2.2,0.333,1.6,3.6,5.3,0.4,0.6,1.6,0.6,1.8,4.5,playoffs
201599,2012-13,00,1610612746,LAC,24.0,6,6,24.0,1.7,3.7,0.455,0.0,0.0,0.0,0.3,1.5,0.222,2.5,3.8,6.3,0.2,0.2,1.7,1.5,3.0,3.7,playoffs
201599,2013-14,00,1610612746,LAC,25.0,13,13,34.0,3.5,4.8,0.73,0.0,0.0,0.0,2.5,5.8,0.434,3.3,9.2,12.5,0.8,0.9,2.5,1.8,3.5,9.6,playoffs
201599,2014-15,00,1610612746,LAC,26.0,14,14,34.4,4.1,5.8,0.716,0.0,0.0,0.0,4.8,11.2,0.427,3.5,9.9,13.4,1.1,1.1,2.4,1.2,3.0,13.1,playoffs
201599,2015-16,00,1610612746,LAC,27.0,6,6,33.0,4.0,6.3,0.632,0.0,0.0,0.0,3.7,9.8,0.373,5.0,11.3,16.3,1.8,1.2,2.7,1.2,2.8,11.7,playoffs
201599,2016-17,00,1610612746,LAC,28.0,7,7,37.7,6.1,8.7,0.705,0.0,0.1,0.0,3.1,8.0,0.393,3.6,10.9,14.4,0.7,0.4,0.9,2.4,4.1,15.4,playoffs
201599,2021-22,00,1610612755,PHI,33.0,3,2,10.3,1.7,1.7,1.0,0.0,0.0,0.0,0.0,0.0,0.0,0.3,2.0,2.3,0.3,0.0,0.7,0.7,1.3,3.3,playoffs
201599,2022-23,00,1610612743,DEN,34.0,4,0,3.5,0.5,0.8,0.667,0.0,0.0,0.0,0.3,0.5,0.5,0.0,1.0,1.0,0.3,0.0,0.3,0.5,0.5,1.3,playoffs
201599,2023-24,00,1610612743,DEN,35.0,2,0,6.5,0.5,1.0,0.5,0.0,0.0,0.0,1.0,1.0,1.0,0.5,1.0,1.5,0.0,0.5,0.5,0.0,2.0,2.0,playoffs
201599,2024-25,00,1610612743,DEN,36.0,7,0,5.1,0.4,0.4,1.0,0.0,0.0,0.0,0.0,0.6,0.0,0.1,1.1,1.3,0.3,0.0,0.1,0.3,1.3,0.9,playoffs
1631107,2022-23,00,1610612748,MIA,20.0,15,8,13.6,1.9,4.6,0.406,0.5,2.3,0.229,1.2,1.3,0.947,0.6,1.5,2.1,0.7,0.5,0.1,0.7,1.3,5.5,regular
1631107,2023-24,00,1610612748,MIA,21.0,46,38,19.5,2.8,6.1,0.452,1.4,3.5,0.399,0.7,1.0,0.702,0.5,3.6,4.2,2.0,0.5,0.3,0.9,1.8,7.7,regular
1631107,2024-25,00,1610612748,MIA,22.0,46,10,25.1,3.7,8.2,0.456,1.7,4.6,0.371,1.6,1.9,0.828,0.6,3.3,3.9,2.8,0.8,0.3,1.3,1.8,10.7,regular
1631107,2025-26,00,1610612748,MIA,22.0,47,1,17.2,2.4,6.7,0.366,1.0,3.6,0.269,1.5,2.1,0.683,0.5,2.7,3.3,2.2,0.6,0.4,1.4,1.4,7.3,regular
1631107,2022-23,00,1610612748,MIA,20.0,7,0,1.9,0.1,0.6,0.25,0.0,0.3,0.0,0.0,0.0,0.0,0.1,0.6,0.7,0.0,0.0,0.0,0.0,0.0,0.3,playoffs
1631107,2023-24,00,1610612748,MIA,21.0,5,5,25.6,3.2,7.2,0.444,1.8,4.4,0.409,1.2,1.4,0.857,0.4,6.2,6.6,2.2,1.0,0.6,1.2,1.8,9.4,playoffs
1631107,2024-25,00,1610612748,MIA,22.0,4,0,18.8,3.3,8.8,0.371,1.5,6.0,0.25,1.5,1.5,1.0,1.0,3.0,4.0,1.5,0.8,0.3,1.3,0.5,9.5,playoffs
1630548,2022-23,00,1610612762,UTA,22.0,18,0,12.9,1.9,5.8,0.337,0.8,3.5,0.238,0.1,0.2,0.5,0.4,1.7,2.2,0.4,0.2,0.2,0.2,0.7,4.8,regular
1630548,2023-24,00,1610612762,UTA,23.0,20,5,18.6,2.6,5.5,0.464,1.6,3.9,0.416,0.5,0.7,0.714,0.4,1.5,1.8,1.2,0.2,0.1,0.7,1.5,7.2,regular
1630548,2024-25,00,1610612762,UTA,24.0,64,18,19.8,3.2,7.4,0.429,1.8,4.9,0.376,0.7,0.8,0.849,0.7,2.2,2.9,1.1,0.6,0.1,0.6,2.0,8.9,regular
1630548,2025-26,00,1610612750,MIN,24.0,21,0,4.2,0.8,1.8,0.421,0.3,1.1,0.25,0.2,0.4,0.625,0.2,0.6,0.8,0.3,0.1,0.0,0.2,0.1,2.0,regular
1641750,2025-26,00,1610612766,CHA,24.0,69,31,21.4,3.2,4.2,0.753,0.0,0.1,0.0,1.2,1.7,0.716,2.4,3.0,5.5,0.8,0.5,1.5,0.9,1.6,7.6,regular
1642939,2025-26,00,1610612742,DAL,23.0,14,0,9.6,1.1,3.1,0.364,0.7,2.4,0.303,0.1,0.1,1.0,0.4,1.4,1.7,0.9,0.3,0.1,0.4,0.9,3.1,regular
1628379,2017-18,00,1610612765,DET,22.0,73,9,20.0,2.8,6.4,0.443,1.1,2.7,0.415,0.9,1.0,0.855,0.3,2.1,2.4,1.7,0.6,0.2,0.9,1.2,7.6,regular
1628379,2018-19,00,1610612765,DET,23.0,63,10,22.8,3.6,8.3,0.438,1.7,4.3,0.394,0.8,1.0,0.836,0.2,2.7,2.9,1.8,0.4,0.2,0.9,1.5,9.7,regular
1628379,2019-20,00,1610612765,DET,24.0,28,25,32.9,5.4,12.2,0.442,2.6,6.5,0.399,2.4,2.7,0.893,0.3,3.2,3.5,4.1,0.4,0.2,1.5,2.3,15.8,regular
1628379,2020-21,00,1610612746,LAC,25.0,63,17,19.6,3.1,6.6,0.476,1.6,3.6,0.446,0.4,0.5,0.839,0.2,2.3,2.6,1.7,0.4,0.1,0.8,1.4,8.3,regular
1628379,2021-22,00,1610612746,LAC,26.0,70,13,27.4,4.1,9.1,0.449,2.7,6.0,0.449,1.0,1.1,0.896,0.3,3.0,3.3,2.1,0.6,0.1,0.9,1.4,11.9,regular
1628379,2022-23,00,1610612746,LAC,27.0,35,11,20.7,2.8,6.0,0.464,1.7,3.8,0.447,0.5,0.6,0.95,0.2,2.2,2.4,1.1,0.5,0.1,0.9,1.3,7.8,regular
1628379,2022-23,00,1610612763,MEM,27.0,24,3,24.6,3.8,7.1,0.526,3.1,5.7,0.54,0.8,0.8,0.947,0.4,2.8,3.1,2.3,0.5,0.0,0.7,1.5,11.3,regular
1628379,2022-23,00,0,TOT,27.0,59,14,22.3,3.2,6.5,0.492,2.3,4.6,0.494,0.6,0.7,0.949,0.3,2.4,2.7,1.5,0.5,0.1,0.8,1.4,9.3,regular
1628379,2023-24,00,1610612763,MEM,28.0,39,22,25.6,3.6,8.1,0.448,2.7,6.1,0.45,1.0,1.2,0.889,0.3,2.6,2.9,3.5,0.5,0.1,1.4,1.0,11.0,regular
1628379,2024-25,00,1610612763,MEM,29.0,65,11,22.6,3.2,6.6,0.478,1.7,4.0,0.433,0.8,0.9,0.895,0.6,2.2,2.8,3.3,0.8,0.1,1.1,0.9,8.9,regular
1628379,2025-26,00,1610612737,ATL,29.0,46,0,20.5,2.8,5.2,0.537,1.6,3.2,0.497,0.7,0.8,0.914,0.4,1.7,2.2,2.1,0.7,0.1,0.7,1.2,7.9,regular
1628379,2025-26,00,1610612747,LAL,29.0,32,6,23.0,3.3,6.3,0.527,1.3,3.0,0.448,1.0,1.1,0.912,0.4,2.2,2.6,2.4,0.7,0.1,0.9,1.5,9.0,regular
1628379,2025-26,00,0,TOT,29.0,78,6,21.6,3.0,5.7,0.533,1.5,3.1,0.478,0.8,0.9,0.913,0.4,1.9,2.3,2.2,0.7,0.1,0.8,1.3,8.4,regular
1628379,2018-19,00,1610612765,DET,23.0,4,2,33.3,5.8,11.8,0.489,2.3,3.8,0.6,1.3,1.5,0.833,0.0,4.0,4.0,1.8,0.8,0.3,0.8,1.5,15.0,playoffs
1628379,2020-21,00,1610612746,LAC,25.0,15,0,14.6,2.1,4.3,0.477,1.4,3.4,0.412,0.1,0.1,0.5,0.3,0.6,0.9,0.5,0.1,0.0,0.2,1.0,5.6,playoffs
1628379,2022-23,00,1610612763,MEM,27.0,5,0,21.4,2.4,4.6,0.522,1.6,3.2,0.5,0.8,0.8,1.0,1.0,3.0,4.0,1.4,0.8,0.0,0.2,1.6,7.2,playoffs
1628379,2024-25,00,1610612763,MEM,29.0,4,0,20.0,2.0,4.5,0.444,0.5,2.3,0.222,0.0,0.0,0.0,0.5,3.0,3.5,2.0,1.0,0.3,1.5,0.8,4.5,playoffs
1628379,2025-26,00,1610612747,LAL,29.0,10,5,32.6,3.9,8.0,0.487,1.8,3.8,0.474,1.9,2.3,0.826,0.3,3.2,3.5,2.3,0.9,0.1,1.4,1.6,11.5,playoffs
1631117,2022-23,00,1610612762,UTA,21.0,74,40,23.0,4.0,5.6,0.72,0.0,0.0,0.333,1.1,2.1,0.516,3.1,5.3,8.4,0.9,0.4,2.3,0.8,2.3,9.2,regular
1631117,2023-24,00,1610612762,UTA,22.0,64,22,23.3,3.6,5.5,0.654,0.1,0.3,0.211,0.9,1.5,0.602,2.6,4.9,7.5,0.9,0.5,2.4,1.0,2.1,8.1,regular
1631117,2024-25,00,1610612762,UTA,23.0,58,58,30.0,4.8,7.2,0.663,0.1,0.6,0.176,1.4,2.6,0.52,4.6,7.6,12.2,1.7,0.6,2.4,1.5,2.2,11.1,regular
1631117,2025-26,00,1610612762,UTA,24.0,5,5,30.8,5.2,7.4,0.703,1.2,1.6,0.75,2.8,4.0,0.7,4.6,6.2,10.8,3.0,1.4,1.8,3.2,4.4,14.4,regular
1630557,2021-22,00,1610612764,WAS,23.0,77,36,23.4,3.0,6.7,0.455,1.5,4.2,0.35,0.7,0.8,0.871,0.7,2.0,2.7,1.1,0.5,0.3,0.6,1.2,8.2,regular
1630557,2022-23,00,1610612764,WAS,24.0,74,45,28.3,3.9,7.9,0.497,2.2,5.2,0.424,1.0,1.2,0.852,0.4,2.4,2.8,1.2,0.4,0.1,0.7,1.3,11.1,regular
1630557,2023-24,00,1610612764,WAS,25.0,80,22,25.8,4.8,9.9,0.486,2.3,6.0,0.383,1.4,2.0,0.726,0.4,2.4,2.8,2.0,0.5,0.2,1.2,1.8,13.4,regular
1630557,2024-25,00,1610612764,WAS,26.0,61,0,26.3,4.2,9.3,0.451,2.0,5.4,0.364,1.2,1.4,0.852,0.6,2.4,3.0,1.7,0.4,0.2,1.0,1.6,11.6,regular
1630557,2025-26,00,1610612764,WAS,27.0,19,2,19.5,3.1,6.3,0.496,1.6,4.0,0.395,1.4,1.8,0.765,0.3,2.0,2.3,1.7,0.4,0.2,0.7,1.1,9.2,regular
1630557,2025-26,00,1610612737,ATL,27.0,39,8,18.2,3.2,7.1,0.455,1.5,4.1,0.354,1.3,1.6,0.81,0.5,1.7,2.3,1.5,0.2,0.2,0.8,1.0,9.2,regular
1630557,2025-26,00,0,TOT,27.0,58,10,18.6,3.2,6.8,0.467,1.5,4.1,0.367,1.3,1.7,0.794,0.5,1.8,2.3,1.6,0.3,0.2,0.8,1.0,9.2,regular
1630557,2025-26,00,1610612737,ATL,27.0,5,0,10.8,0.8,4.4,0.182,0.2,2.4,0.083,0.4,0.6,0.667,0.6,1.0,1.6,1.2,0.4,0.0,0.6,1.6,2.2,playoffs
1628467,2017-18,00,1610612742,DAL,26.0,72,35,16.8,2.1,4.3,0.489,0.6,1.8,0.313,0.6,0.8,0.746,1.0,2.3,3.3,0.7,0.4,0.7,0.4,1.6,5.4,regular
1628467,2018-19,00,1610612742,DAL,27.0,71,18,21.2,2.5,5.4,0.453,1.1,3.1,0.353,0.8,1.0,0.784,1.3,3.4,4.6,1.0,0.5,1.1,0.8,2.0,6.8,regular
1628467,2019-20,00,1610612742,DAL,28.0,74,21,25.5,3.2,6.9,0.461,1.6,4.3,0.373,1.1,1.3,0.849,1.5,3.7,5.2,1.2,0.3,1.1,0.8,2.4,9.1,regular
1628467,2020-21,00,1610612742,DAL,29.0,50,40,26.8,2.3,5.5,0.422,1.7,4.2,0.41,0.7,0.7,0.919,0.9,4.3,5.2,1.4,0.5,0.7,0.6,2.1,7.1,regular
1628467,2021-22,00,1610612742,DAL,30.0,59,21,24.6,2.4,6.0,0.398,1.4,4.3,0.325,0.8,1.1,0.708,1.2,4.7,5.9,1.2,0.5,1.0,0.8,2.3,7.0,regular
1628467,2022-23,00,1610612742,DAL,31.0,37,5,25.1,2.1,4.6,0.456,1.1,3.0,0.348,0.7,1.0,0.711,0.8,2.8,3.6,1.4,0.3,0.8,0.7,2.3,5.9,regular
1628467,2023-24,00,1610612742,DAL,32.0,43,7,20.3,1.5,3.4,0.432,0.7,2.1,0.348,0.8,1.1,0.702,0.7,2.6,3.3,1.6,0.4,0.7,0.7,1.8,4.4,regular
1628467,2024-25,00,1610612742,DAL,33.0,34,4,18.7,1.1,2.8,0.385,0.4,1.4,0.265,0.5,0.6,0.762,0.7,2.1,2.8,1.3,0.3,0.5,0.7,1.9,3.0,regular
1628467,2025-26,00,1610612747,LAL,34.0,43,1,10.7,0.8,1.7,0.452,0.1,0.6,0.231,0.3,0.6,0.538,0.8,1.1,2.0,0.6,0.4,0.3,0.4,1.4,2.0,regular
1628467,2019-20,00,1610612742,DAL,28.0,6,6,33.8,2.2,6.5,0.333,0.8,4.3,0.192,1.5,2.0,0.75,1.7,4.8,6.5,1.5,0.3,1.2,0.7,3.3,6.7,playoffs
1628467,2020-21,00,1610612742,DAL,29.0,7,4,26.7,1.7,4.3,0.4,1.1,2.9,0.4,0.7,1.0,0.714,0.7,2.9,3.6,1.4,0.4,0.0,0.1,2.7,5.3,playoffs
1628467,2021-22,00,1610612742,DAL,30.0,18,0,25.4,3.0,5.9,0.509,1.9,4.3,0.436,0.8,1.2,0.714,0.8,3.7,4.6,1.1,0.2,0.8,0.6,2.7,8.7,playoffs
1628467,2023-24,00,1610612742,DAL,32.0,13,0,16.8,1.2,3.0,0.41,0.9,2.2,0.429,0.3,0.5,0.667,0.3,1.6,1.9,1.0,0.2,0.3,0.4,1.5,3.7,playoffs
1628467,2024-25,00,1610612747,LAL,33.0,1,0,5.0,0.0,1.0,0.0,0.0,1.0,0.0,2.0,2.0,1.0,0.0,0.0,0.0,0.0,0.0,0.0,1.0,1.0,2.0,playoffs
1628467,2025-26,00,1610612747,LAL,34.0,3,0,4.7,0.0,0.3,0.0,0.0,0.0,0.0,0.3,0.7,0.5,0.7,0.0,0.7,1.0,0.3,0.0,0.7,0.7,0.3,playoffs
1641752,2024-25,00,1610612765,DET,22.0,8,0,5.3,0.8,1.3,0.6,0.3,0.6,0.4,0.1,0.3,0.5,0.1,0.8,0.9,0.9,0.3,0.1,0.1,1.0,1.9,regular
1641752,2025-26,00,1610612765,DET,23.0,12,0,5.9,0.8,2.3,0.333,0.3,1.1,0.308,0.0,0.3,0.0,0.4,1.2,1.6,0.5,0.3,0.0,0.5,0.9,1.8,regular
1642261,2024-25,00,1610612747,LAL,24.0,78,16,19.2,3.3,7.1,0.461,1.6,4.4,0.376,0.8,1.1,0.762,0.5,2.3,2.8,0.8,0.3,0.1,0.5,1.2,9.1,regular
1642261,2025-26,00,1610612747,LAL,25.0,54,1,10.2,1.6,3.5,0.455,0.7,2.1,0.342,0.3,0.4,0.727,0.3,1.1,1.4,0.4,0.2,0.2,0.4,0.8,4.2,regular
1642261,2024-25,00,1610612747,LAL,24.0,2,0,2.0,1.0,2.5,0.4,0.5,2.0,0.25,0.0,0.0,0.0,1.0,0.5,1.5,0.0,0.0,0.0,0.0,0.0,2.5,playoffs
1642261,2025-26,00,1610612747,LAL,25.0,5,0,3.6,0.6,1.6,0.375,0.4,1.0,0.4,0.4,0.4,1.0,0.0,1.2,1.2,0.6,0.0,0.0,0.2,0.0,2.0,playoffs
1642851,2025-26,00,1610612766,CHA,20.0,81,80,31.5,6.4,13.4,0.475,3.4,7.9,0.425,2.4,2.8,0.863,1.2,4.1,5.3,3.4,0.7,0.2,2.0,2.1,18.5,regular
1642278,2024-25,00,1610612752,NYK,24.0,41,0,7.2,0.7,2.0,0.329,0.3,1.1,0.298,0.3,0.4,0.765,0.2,0.5,0.7,1.7,0.3,0.1,0.4,0.6,2.0,regular
1642278,2025-26,00,1610612752,NYK,25.0,62,1,11.7,1.7,4.0,0.435,0.7,1.8,0.386,0.2,0.3,0.7,0.3,1.3,1.6,2.7,0.4,0.1,0.9,1.0,4.4,regular
1642278,2024-25,00,1610612752,NYK,24.0,3,0,2.0,0.3,0.3,1.0,0.3,0.3,1.0,0.0,0.0,0.0,0.0,0.3,0.3,1.0,0.0,0.0,0.0,0.0,1.0,playoffs
1642278,2025-26,00,1610612752,NYK,25.0,8,0,6.6,1.4,3.1,0.44,0.5,1.1,0.444,0.3,0.3,1.0,0.1,0.6,0.8,1.5,0.0,0.1,0.4,0.4,3.5,playoffs
1631132,2022-23,00,1610612761,TOR,23.0,58,19,13.8,1.2,2.6,0.48,0.0,0.2,0.083,0.6,1.0,0.627,1.4,1.5,2.9,0.5,0.4,1.0,0.3,2.2,3.1,regular
1631132,2024-25,00,1610612747,LAL,25.0,37,0,9.2,1.1,1.8,0.606,0.0,0.1,0.0,0.3,0.4,0.714,0.9,1.5,2.5,0.4,0.2,0.4,0.3,1.2,2.4,regular
1631132,2025-26,00,1610612747,LAL,25.0,2,0,3.0,0.0,0.0,0.0,0.0,0.0,0.0,0.0,0.0,0.0,0.0,0.5,0.5,0.0,0.0,0.0,0.0,0.5,0.0,regular
1631132,2025-26,00,1610612763,MEM,25.0,11,2,17.7,1.3,3.2,0.4,0.0,0.1,0.0,0.1,0.4,0.25,1.7,2.3,4.0,0.9,0.9,1.2,0.6,1.8,2.6,regular
1631132,2025-26,00,1610612737,ATL,25.0,14,2,11.1,1.2,2.8,0.436,0.1,0.6,0.125,0.6,0.8,0.818,0.9,1.7,2.6,0.6,0.3,0.7,0.6,1.9,3.1,regular
1631132,2025-26,00,0,TOT,25.0,27,4,13.2,1.1,2.7,0.419,0.0,0.3,0.111,0.4,0.6,0.667,1.1,1.9,3.0,0.7,0.5,0.9,0.6,1.8,2.7,regular
1629723,2019-20,00,1610612763,MEM,24.0,19,0,9.5,1.3,1.9,0.649,0.3,0.5,0.5,0.1,0.1,0.5,0.9,1.5,2.5,1.2,0.4,0.2,0.4,0.4,2.8,regular
1629723,2020-21,00,1610612763,MEM,25.0,43,0,13.4,1.6,3.2,0.5,0.5,1.3,0.375,0.6,0.7,0.833,0.8,2.2,3.0,1.1,0.7,0.2,0.4,0.9,4.3,regular
1629723,2021-22,00,1610612763,MEM,26.0,72,7,17.9,1.9,3.6,0.515,0.7,1.8,0.413,0.4,0.7,0.551,1.2,3.4,4.6,1.5,0.6,0.3,0.4,1.3,4.8,regular
1629723,2022-23,00,1610612763,MEM,27.0,72,23,20.8,1.9,4.4,0.431,0.8,2.5,0.339,0.4,0.5,0.778,0.9,3.4,4.3,1.4,1.1,0.3,0.5,1.6,5.1,regular
1629723,2023-24,00,1610612763,MEM,28.0,55,23,21.3,1.6,3.8,0.423,0.7,2.2,0.317,0.4,0.5,0.84,1.3,3.4,4.7,2.0,0.9,0.9,0.8,1.4,4.3,regular
1629723,2024-25,00,1610612763,MEM,29.0,46,4,12.1,0.9,2.0,0.451,0.5,1.3,0.371,0.2,0.2,0.875,0.8,2.5,3.3,0.9,0.7,0.3,0.3,0.7,2.4,regular
1629723,2025-26,00,1610612763,MEM,30.0,30,1,14.5,1.2,2.4,0.521,0.4,1.3,0.333,0.3,0.4,0.615,0.7,2.4,3.1,1.3,1.0,0.4,0.5,1.0,3.2,regular
1629723,2025-26,00,1610612762,UTA,30.0,26,7,26.2,2.2,4.9,0.445,0.6,2.3,0.25,0.9,1.2,0.774,2.1,3.6,5.7,3.0,2.0,1.0,0.8,1.9,5.9,regular
1629723,2025-26,00,0,TOT,30.0,56,8,19.9,1.7,3.6,0.472,0.5,1.8,0.283,0.6,0.8,0.727,1.3,3.0,4.3,2.1,1.5,0.7,0.6,1.4,4.4,regular
1629723,2020-21,00,1610612763,MEM,25.0,1,0,3.0,0.0,1.0,0.0,0.0,1.0,0.0,0.0,0.0,0.0,0.0,1.0,1.0,0.0,0.0,1.0,0.0,0.0,0.0,playoffs
1629723,2021-22,00,1610612763,MEM,26.0,8,0,7.0,0.4,1.4,0.273,0.1,0.8,0.167,0.3,0.3,1.0,0.4,2.0,2.4,0.6,0.4,0.1,0.1,0.9,1.1,playoffs
1629723,2022-23,00,1610612763,MEM,27.0,5,0,9.8,0.4,1.8,0.222,0.0,0.8,0.0,0.0,0.0,0.0,0.8,1.2,2.0,0.8,0.4,0.4,0.2,1.2,0.8,playoffs
1629723,2024-25,00,1610612763,MEM,29.0,4,0,17.3,0.8,2.3,0.333,0.3,1.5,0.167,1.0,1.0,1.0,0.8,2.5,3.3,1.5,0.5,0.5,0.5,2.0,2.8,playoffs
1628436,2017-18,00,1610612752,NYK,22.0,20,1,16.3,2.5,6.3,0.392,1.4,4.0,0.354,0.4,0.6,0.727,0.6,2.7,3.2,1.3,0.3,0.8,0.6,1.4,6.7,regular
1628436,2018-19,00,1610612752,NYK,23.0,46,18,17.0,2.3,6.2,0.378,1.5,4.2,0.363,0.8,1.0,0.826,0.6,2.3,2.9,1.2,0.6,0.9,0.5,0.9,7.0,regular
1628436,2019-20,00,1610612741,CHI,24.0,36,14,15.5,2.3,5.2,0.439,0.9,3.0,0.287,0.6,0.8,0.714,0.6,1.7,2.3,0.9,0.3,0.7,0.4,1.5,6.0,regular
1628436,2020-21,00,1610612741,CHI,25.0,13,0,7.2,0.7,2.1,0.333,0.5,1.8,0.261,0.2,0.3,0.5,0.1,1.1,1.2,0.3,0.2,0.5,0.1,0.1,2.0,regular
1628436,2020-21,00,1610612738,BOS,25.0,18,2,14.1,1.9,4.1,0.473,0.5,2.0,0.25,0.1,0.1,0.5,0.7,2.2,2.9,1.1,0.1,1.4,0.3,1.1,4.4,regular
1628436,2020-21,00,0,TOT,25.0,31,2,11.2,1.4,3.3,0.436,0.5,1.9,0.254,0.1,0.2,0.5,0.5,1.7,2.2,0.8,0.1,1.0,0.2,0.6,3.4,regular
1628436,2021-22,00,1610612739,CLE,26.0,2,0,7.5,0.5,2.5,0.2,0.0,0.5,0.0,1.0,1.5,0.667,1.0,0.5,1.5,0.5,0.0,0.5,0.0,0.5,2.0,regular
1628436,2021-22,00,1610612749,MIL,26.0,1,0,3.0,0.0,1.0,0.0,0.0,0.0,0.0,0.0,0.0,0.0,1.0,0.0,1.0,0.0,0.0,0.0,0.0,1.0,0.0,regular
1628436,2021-22,00,1610612738,BOS,26.0,12,0,7.1,1.0,1.8,0.571,0.0,0.3,0.0,0.2,0.3,0.667,0.8,1.3,2.1,0.7,0.3,0.2,0.0,0.6,2.2,regular
1628436,2021-22,00,0,TOT,26.0,15,0,6.9,0.9,1.8,0.481,0.0,0.3,0.0,0.3,0.4,0.667,0.9,1.1,1.9,0.6,0.2,0.2,0.0,0.6,2.0,regular
1628436,2022-23,00,1610612738,BOS,27.0,69,0,11.7,1.6,2.5,0.665,0.0,0.2,0.231,0.5,0.6,0.821,1.2,1.6,2.9,0.8,0.2,0.7,0.4,1.2,3.8,regular
1628436,2023-24,00,1610612738,BOS,28.0,63,7,15.6,2.3,3.2,0.7,0.0,0.0,1.0,0.8,0.9,0.907,1.9,2.3,4.1,1.1,0.4,1.0,0.3,1.2,5.3,regular
1628436,2024-25,00,1610612738,BOS,29.0,73,16,18.6,2.6,3.8,0.668,0.0,0.0,0.0,0.9,1.3,0.691,2.6,2.7,5.3,1.6,0.5,1.0,0.4,1.6,6.0,regular
1628436,2025-26,00,1610612759,SAS,30.0,68,25,21.0,2.6,4.0,0.643,0.0,0.0,0.0,1.4,1.7,0.825,2.7,3.4,6.1,1.9,0.5,1.0,0.4,1.8,6.5,regular
1628436,2020-21,00,1610612738,BOS,25.0,2,0,2.5,0.5,0.5,1.0,0.0,0.0,0.0,0.5,1.0,0.5,0.0,1.5,1.5,0.0,0.0,0.0,0.0,0.0,1.5,playoffs
1628436,2021-22,00,1610612738,BOS,26.0,9,0,2.1,0.3,0.4,0.75,0.1,0.1,1.0,0.0,0.0,0.0,0.1,0.4,0.6,0.1,0.0,0.0,0.1,0.1,0.8,playoffs
1628436,2022-23,00,1610612738,BOS,27.0,8,0,4.0,0.9,1.0,0.875,0.1,0.1,1.0,0.3,0.3,1.0,0.6,0.6,1.3,0.0,0.0,0.1,0.0,0.3,2.1,playoffs
1628436,2023-24,00,1610612738,BOS,28.0,13,0,10.2,1.1,1.6,0.667,0.0,0.0,0.0,0.8,1.0,0.846,1.5,1.7,3.2,0.5,0.1,0.4,0.5,0.8,3.0,playoffs
1628436,2024-25,00,1610612738,BOS,29.0,11,1,16.4,1.9,2.6,0.724,0.0,0.0,0.0,0.7,0.7,1.0,1.5,2.5,3.9,0.5,0.5,1.2,0.5,1.8,4.5,playoffs
1628436,2025-26,00,1610612759,SAS,30.0,19,1,13.9,1.7,2.9,0.589,0.1,0.1,1.0,0.7,0.9,0.778,1.9,2.3,4.2,0.7,0.6,0.8,0.6,1.8,4.3,playoffs
1630249,2021-22,00,1610612760,OKC,22.0,30,8,23.0,2.3,5.6,0.407,1.1,3.3,0.327,0.6,0.7,0.864,0.6,2.8,3.4,1.9,0.6,0.3,1.0,2.2,6.2,regular
1630249,2022-23,00,1610612737,ATL,23.0,29,0,5.7,0.5,1.3,0.405,0.2,0.7,0.238,0.0,0.1,0.5,0.2,0.7,0.9,0.6,0.2,0.0,0.2,0.6,1.2,regular
1630249,2023-24,00,1610612737,ATL,24.0,22,14,24.6,2.3,4.7,0.49,1.3,3.1,0.412,0.2,0.3,0.833,0.5,1.9,2.4,2.3,0.6,0.3,0.9,2.2,6.1,regular
1630249,2024-25,00,1610612737,ATL,25.0,57,16,20.2,2.5,5.1,0.497,1.6,3.6,0.437,0.6,0.8,0.711,0.4,2.4,2.7,2.6,0.6,0.5,0.9,1.8,7.2,regular
1630249,2025-26,00,1610612737,ATL,25.0,46,8,22.3,3.1,6.7,0.464,2.2,5.2,0.423,0.6,0.8,0.75,0.4,1.7,2.1,1.5,0.8,0.3,0.7,2.3,9.0,regular
1630249,2025-26,00,1610612757,POR,25.0,19,0,19.2,2.6,6.4,0.405,1.4,4.7,0.303,0.6,0.8,0.733,0.6,2.1,2.7,1.7,0.5,0.3,0.6,1.6,7.2,regular
1630249,2025-26,00,0,TOT,25.0,65,8,21.4,3.0,6.6,0.448,2.0,5.0,0.39,0.6,0.8,0.745,0.5,1.8,2.3,1.5,0.7,0.3,0.6,2.1,8.5,regular
1630249,2025-26,00,1610612757,POR,25.0,4,0,4.0,0.3,1.0,0.25,0.0,0.8,0.0,0.0,0.0,0.0,0.0,0.3,0.3,0.5,0.0,0.0,0.0,0.8,0.5,playoffs
1630228,2021-22,00,1610612744,GSW,19.0,70,12,16.9,3.4,6.6,0.513,0.7,2.1,0.336,1.9,2.7,0.684,0.8,2.6,3.3,0.9,0.4,0.3,1.1,2.1,9.3,regular
1630228,2022-23,00,1610612744,GSW,20.0,67,16,20.8,3.9,7.4,0.525,0.8,2.2,0.37,1.3,2.1,0.652,1.0,2.4,3.4,1.9,0.6,0.5,1.4,2.3,9.9,regular
1630228,2023-24,00,1610612744,GSW,21.0,74,46,26.3,6.2,11.6,0.529,0.7,2.2,0.321,3.0,4.0,0.746,1.2,3.6,4.8,2.2,0.7,0.5,1.6,2.3,16.1,regular
1630228,2024-25,00,1610612744,GSW,22.0,47,10,24.3,5.5,12.1,0.454,1.0,3.2,0.305,3.3,5.0,0.668,1.2,3.4,4.6,2.2,0.8,0.4,1.5,1.9,15.3,regular
1630228,2025-26,00,1610612744,GSW,23.0,20,13,23.8,4.4,9.7,0.454,0.9,2.7,0.321,2.5,3.3,0.742,1.5,4.4,5.9,2.5,0.4,0.3,2.3,1.7,12.1,regular
1630228,2025-26,00,1610612737,ATL,23.0,16,1,22.1,4.3,9.1,0.476,1.1,3.3,0.346,2.5,3.6,0.702,1.3,4.1,5.3,2.1,0.9,0.3,1.3,1.4,12.3,regular
1630228,2025-26,00,0,TOT,23.0,36,14,23.1,4.4,9.4,0.463,1.0,2.9,0.333,2.5,3.4,0.724,1.4,4.3,5.6,2.3,0.6,0.3,1.9,1.5,12.2,regular
1630228,2021-22,00,1610612744,GSW,19.0,16,3,8.6,1.9,3.8,0.5,0.2,0.8,0.231,1.3,1.6,0.769,0.3,1.4,1.7,0.5,0.2,0.1,0.7,0.7,5.2,playoffs
1630228,2022-23,00,1610612744,GSW,20.0,10,0,6.1,1.3,2.4,0.542,0.3,0.7,0.429,0.5,0.9,0.556,0.4,0.5,0.9,0.5,0.2,0.0,0.4,0.5,3.4,playoffs
1630228,2024-25,00,1610612744,GSW,22.0,8,1,23.4,5.6,11.6,0.484,1.3,3.1,0.4,2.8,3.9,0.71,0.9,1.6,2.5,1.3,0.5,0.5,1.6,1.6,15.3,playoffs
1630228,2025-26,00,1610612737,ATL,23.0,6,0,26.0,4.8,10.0,0.483,0.8,4.0,0.208,3.2,4.3,0.731,1.0,2.3,3.3,1.0,0.5,0.5,1.0,2.7,13.7,playoffs
1628398,2017-18,00,1610612747,LAL,22.0,77,37,31.2,6.1,13.5,0.45,2.1,5.6,0.366,1.9,2.7,0.707,1.1,5.1,6.3,1.8,0.6,0.4,1.8,2.1,16.1,regular
1628398,2018-19,00,1610612747,LAL,23.0,70,68,33.1,7.1,15.5,0.456,1.8,6.0,0.303,2.7,3.6,0.752,0.9,4.6,5.5,2.5,0.6,0.4,1.9,2.4,18.7,regular
1628398,2019-20,00,1610612747,LAL,24.0,61,9,25.0,4.8,11.0,0.436,1.4,4.5,0.316,1.9,2.5,0.735,0.9,3.6,4.5,1.3,0.5,0.4,1.5,2.1,12.8,regular
1628398,2020-21,00,1610612747,LAL,25.0,68,32,28.7,4.9,11.1,0.443,2.0,5.6,0.361,1.0,1.4,0.691,1.6,4.5,6.1,1.9,0.5,0.6,1.7,1.8,12.9,regular
1628398,2021-22,00,1610612764,WAS,26.0,66,66,33.4,6.4,14.2,0.452,1.9,5.7,0.341,2.4,3.3,0.712,1.1,7.4,8.5,3.5,0.6,0.9,2.6,1.9,17.1,regular
1628398,2022-23,00,1610612764,WAS,27.0,64,64,35.0,8.0,17.8,0.448,2.5,7.5,0.333,2.7,3.7,0.73,0.9,6.4,7.2,3.7,0.6,0.5,3.0,2.3,21.2,regular
1628398,2023-24,00,1610612764,WAS,28.0,70,70,32.6,8.7,18.8,0.463,2.2,6.4,0.336,2.7,3.4,0.775,0.9,5.7,6.6,4.2,0.5,0.7,2.7,2.2,22.2,regular
1628398,2024-25,00,1610612764,WAS,29.0,32,30,27.7,6.0,14.2,0.42,1.4,5.0,0.281,1.8,3.1,0.602,0.8,4.9,5.8,2.5,0.6,0.2,2.3,1.6,15.2,regular
1628398,2024-25,00,1610612749,MIL,29.0,33,32,31.8,5.4,11.9,0.455,1.5,4.6,0.333,2.1,3.2,0.663,0.8,4.8,5.6,2.2,0.5,0.4,2.2,2.0,14.5,regular
1628398,2024-25,00,0,TOT,29.0,65,62,29.8,5.7,13.0,0.436,1.5,4.8,0.307,2.0,3.1,0.634,0.8,4.9,5.7,2.3,0.6,0.3,2.2,1.8,14.8,regular
1628398,2025-26,00,1610612749,MIL,30.0,69,43,26.2,4.9,10.0,0.492,1.2,3.5,0.347,2.0,2.7,0.726,0.8,3.7,4.5,2.7,0.7,0.4,1.7,1.9,13.0,regular
1628398,2019-20,00,1610612747,LAL,24.0,21,0,23.0,3.7,8.5,0.43,1.2,4.0,0.313,1.4,1.8,0.784,0.9,2.2,3.1,0.8,0.3,0.3,1.0,2.4,10.0,playoffs
1628398,2020-21,00,1610612747,LAL,25.0,6,0,21.5,2.3,8.0,0.292,0.7,3.8,0.174,1.0,1.5,0.667,0.7,3.2,3.8,1.2,0.3,0.2,1.0,1.3,6.3,playoffs
1628398,2024-25,00,1610612749,MIL,29.0,5,4,20.4,2.4,7.0,0.343,0.4,2.0,0.2,0.6,1.2,0.5,0.6,1.6,2.2,0.8,0.0,0.2,0.6,2.4,5.8,playoffs
1631222,2022-23,00,1610612763,MEM,21.0,35,0,11.8,1.1,2.7,0.389,0.7,2.0,0.338,0.2,0.3,0.778,0.5,1.3,1.8,0.6,0.3,0.1,0.5,1.4,3.0,regular
1631222,2023-24,00,1610612763,MEM,22.0,35,6,23.0,3.4,8.7,0.389,1.5,4.5,0.34,2.6,3.1,0.826,1.5,2.2,3.7,1.7,0.8,0.3,1.3,2.0,10.8,regular
1631222,2024-25,00,1610612763,MEM,23.0,47,0,20.9,2.5,5.1,0.49,0.9,1.9,0.444,1.4,2.0,0.698,1.4,2.9,4.4,2.8,0.9,0.4,1.5,2.0,7.3,regular
1631222,2024-25,00,1610612758,SAC,23.0,19,0,19.3,2.2,5.1,0.438,1.1,2.7,0.385,0.6,1.0,0.579,1.2,1.6,2.8,1.3,0.9,0.2,0.9,2.1,6.1,regular
1631222,2024-25,00,0,TOT,23.0,66,0,20.4,2.4,5.1,0.475,0.9,2.2,0.423,1.2,1.7,0.678,1.4,2.6,3.9,2.4,0.9,0.3,1.3,2.0,6.9,regular
1631222,2025-26,00,1610612747,LAL,24.0,82,43,25.1,2.9,6.4,0.459,1.0,3.0,0.321,1.4,1.9,0.763,1.4,2.6,4.0,1.8,1.3,0.5,1.1,2.4,8.2,regular
1631222,2025-26,00,1610612747,LAL,24.0,8,0,14.3,1.1,3.4,0.333,0.3,0.9,0.286,0.8,0.8,1.0,1.1,1.0,2.1,0.8,0.5,0.8,1.4,2.0,3.3,playoffs
203897,2014-15,00,1610612750,MIN,20.0,77,40,24.7,3.7,8.8,0.422,0.7,2.2,0.341,1.9,2.3,0.842,0.4,2.4,2.8,3.6,0.7,0.1,2.5,2.1,10.1,regular
203897,2015-16,00,1610612750,MIN,21.0,82,33,28.0,5.3,11.7,0.452,1.5,3.9,0.389,2.0,2.5,0.793,0.3,2.5,2.8,3.1,0.8,0.2,1.9,2.4,14.0,regular
203897,2016-17,00,1610612750,MIN,22.0,47,47,37.2,6.9,15.1,0.459,2.6,6.6,0.387,2.5,3.0,0.836,0.4,3.0,3.4,3.0,0.9,0.2,1.8,2.2,18.9,regular
203897,2017-18,00,1610612741,CHI,23.0,24,24,27.3,5.7,14.8,0.383,1.8,5.1,0.341,3.6,4.5,0.813,0.4,3.5,3.9,3.0,1.0,0.2,1.8,2.3,16.7,regular
203897,2018-19,00,1610612741,CHI,24.0,63,62,34.5,8.4,18.0,0.467,1.9,5.1,0.374,5.0,6.0,0.832,0.6,4.0,4.7,4.5,1.0,0.4,3.4,2.2,23.7,regular
203897,2019-20,00,1610612741,CHI,25.0,60,60,34.8,9.0,20.0,0.45,3.1,8.1,0.38,4.5,5.6,0.802,0.7,4.1,4.8,4.2,1.5,0.5,3.4,2.2,25.5,regular
203897,2020-21,00,1610612741,CHI,26.0,58,58,35.1,9.8,19.4,0.507,3.4,8.2,0.419,4.4,5.1,0.849,0.6,4.4,5.0,4.9,0.8,0.5,3.5,2.4,27.4,regular
203897,2021-22,00,1610612741,CHI,27.0,67,67,34.7,8.4,17.7,0.476,2.8,7.1,0.389,4.8,5.6,0.853,0.3,4.3,4.6,4.5,0.6,0.3,2.6,1.8,24.4,regular
203897,2022-23,00,1610612741,CHI,28.0,77,77,35.9,8.7,18.0,0.485,2.6,7.1,0.375,4.7,5.6,0.848,0.5,3.9,4.5,4.2,0.9,0.2,2.5,2.1,24.8,regular
203897,2023-24,00,1610612741,CHI,29.0,25,23,34.9,6.8,15.0,0.452,2.4,6.8,0.349,3.5,4.1,0.854,0.3,4.8,5.2,3.9,0.8,0.3,2.1,2.3,19.5,regular
203897,2024-25,00,1610612741,CHI,30.0,42,42,34.1,8.6,16.9,0.511,3.2,7.3,0.446,3.5,4.3,0.797,0.3,4.5,4.8,4.5,0.9,0.2,2.9,1.5,24.0,regular
203897,2024-25,00,1610612758,SAC,30.0,32,32,36.6,8.2,16.0,0.511,3.2,7.2,0.446,2.8,3.2,0.874,0.3,3.2,3.5,3.8,0.6,0.1,2.7,1.8,22.4,regular
203897,2024-25,00,0,TOT,30.0,74,74,35.2,8.4,16.5,0.511,3.2,7.2,0.446,3.2,3.9,0.825,0.3,4.0,4.3,4.2,0.8,0.2,2.8,1.6,23.3,regular
203897,2025-26,00,1610612758,SAC,30.0,39,37,31.4,6.7,14.0,0.479,2.5,6.5,0.39,3.2,3.6,0.88,0.2,2.6,2.8,2.3,0.7,0.3,1.9,2.1,19.2,regular
203897,2021-22,00,1610612741,CHI,27.0,4,4,38.3,6.8,15.8,0.429,2.3,6.0,0.375,3.5,3.8,0.933,0.0,5.3,5.3,6.0,0.8,0.3,3.0,2.3,19.3,playoffs
1629111,2021-22,00,1610612759,SAS,26.0,54,1,10.9,1.9,3.8,0.495,0.5,1.6,0.326,0.6,0.8,0.829,1.2,1.4,2.6,0.8,0.2,0.3,0.6,1.0,4.9,regular
1629111,2022-23,00,1610612756,PHX,27.0,69,4,14.2,2.6,4.9,0.528,0.3,1.2,0.25,1.1,1.5,0.752,1.7,2.3,4.1,1.0,0.2,0.4,0.9,1.8,6.6,regular
1629111,2023-24,00,1610612745,HOU,28.0,56,3,13.6,1.9,3.7,0.515,0.2,0.7,0.25,0.9,1.2,0.8,1.6,1.5,3.1,1.2,0.4,0.6,0.6,1.3,4.9,regular
1629111,2024-25,00,1610612745,HOU,29.0,42,3,11.9,1.9,3.6,0.533,0.3,0.6,0.423,0.6,1.0,0.675,1.3,1.9,3.3,0.9,0.3,0.2,0.5,1.2,4.8,regular
1629111,2025-26,00,1610612763,MEM,30.0,45,25,23.6,4.4,8.6,0.514,1.1,2.9,0.38,1.3,2.0,0.674,3.1,3.4,6.5,1.7,0.6,0.5,1.0,2.3,11.3,regular
1629111,2025-26,00,1610612737,ATL,30.0,23,2,19.4,3.6,6.9,0.516,1.1,2.8,0.391,0.9,1.6,0.541,1.8,2.3,4.1,1.7,0.4,0.6,0.6,2.1,9.1,regular
1629111,2025-26,00,0,TOT,30.0,68,27,22.1,4.1,8.1,0.515,1.1,2.8,0.383,1.2,1.9,0.635,2.7,3.0,5.7,1.7,0.5,0.5,0.9,2.2,10.6,regular
1629111,2022-23,00,1610612756,PHX,27.0,7,1,16.1,2.4,3.9,0.63,0.0,0.1,0.0,1.3,2.0,0.643,1.4,2.6,4.0,0.4,0.4,0.4,0.3,2.1,6.1,playoffs
1629111,2024-25,00,1610612745,HOU,29.0,1,0,5.0,1.0,2.0,0.5,0.0,0.0,0.0,0.0,0.0,0.0,0.0,0.0,0.0,0.0,0.0,0.0,0.0,0.0,2.0,playoffs
1642404,2025-26,00,1610612765,DET,24.0,34,0,7.7,0.8,2.6,0.315,0.6,2.0,0.284,0.1,0.2,0.833,0.2,0.4,0.7,0.5,0.2,0.0,0.1,0.4,2.4,regular
1642404,2025-26,00,1610612765,DET,24.0,3,0,2.7,0.3,1.0,0.333,0.0,0.3,0.0,0.0,0.0,0.0,0.0,0.0,0.0,0.3,0.0,0.0,0.0,0.0,0.7,playoffs
1641796,2024-25,00,1610612748,MIA,24.0,55,8,14.2,1.6,3.7,0.438,0.6,1.7,0.337,0.7,1.1,0.672,0.5,1.2,1.7,1.2,0.6,0.1,0.4,1.7,4.6,regular
1641796,2025-26,00,1610612748,MIA,25.0,70,54,26.4,4.0,8.0,0.496,0.9,2.7,0.323,2.6,3.3,0.797,1.0,2.5,3.5,3.4,0.7,0.2,1.4,2.1,11.4,regular
1641796,2024-25,00,1610612748,MIA,24.0,4,0,13.0,2.0,3.8,0.533,0.8,2.0,0.375,0.3,0.8,0.333,0.5,1.8,2.3,1.0,0.3,0.0,0.5,1.5,5.0,playoffs
1630639,2022-23,00,1610612750,MIN,22.0,1,0,2.0,1.0,1.0,1.0,0.0,0.0,0.0,0.0,0.0,0.0,0.0,1.0,1.0,0.0,0.0,0.0,0.0,1.0,2.0,regular
1630639,2022-23,00,1610612742,DAL,22.0,14,0,7.6,1.5,3.1,0.488,0.7,1.8,0.4,0.1,0.6,0.25,0.4,1.0,1.4,0.1,0.1,0.0,0.2,0.7,3.9,regular
1630639,2022-23,00,0,TOT,22.0,15,0,7.2,1.5,2.9,0.5,0.7,1.7,0.4,0.1,0.5,0.25,0.4,1.0,1.4,0.1,0.1,0.0,0.2,0.7,3.7,regular
1630639,2023-24,00,1610612742,DAL,23.0,42,0,7.4,1.3,2.9,0.446,0.3,1.2,0.26,0.4,0.5,0.652,0.3,0.9,1.2,0.5,0.2,0.1,0.3,0.5,3.2,regular
1630639,2024-25,00,1610612761,TOR,24.0,26,2,18.7,3.1,7.3,0.421,1.3,3.9,0.327,1.7,2.4,0.683,0.8,2.5,3.3,1.2,0.5,0.2,0.6,1.7,9.1,regular
1630639,2025-26,00,1610612761,TOR,25.0,24,0,9.4,1.4,3.3,0.436,0.8,1.9,0.422,0.6,0.8,0.778,0.4,1.4,1.8,0.3,0.5,0.2,0.3,1.1,4.2,regular
1630639,2023-24,00,1610612742,DAL,23.0,10,0,3.0,0.4,0.9,0.444,0.2,0.6,0.333,0.1,0.2,0.5,0.1,0.2,0.3,0.0,0.0,0.1,0.0,0.1,1.1,playoffs
1630639,2025-26,00,1610612761,TOR,25.0,7,0,7.3,0.6,2.3,0.25,0.3,1.1,0.25,0.3,0.3,1.0,0.0,0.4,0.4,0.6,0.0,0.3,0.3,1.1,1.7,playoffs
1627747,2016-17,00,1610612751,BKN,22.0,57,26,21.7,3.0,6.7,0.45,1.0,3.2,0.321,1.2,1.6,0.72,0.4,2.9,3.3,1.9,0.9,0.1,1.0,1.6,8.2,regular
1627747,2017-18,00,1610612751,BKN,23.0,71,10,26.3,4.5,10.4,0.435,1.2,3.5,0.347,1.9,2.6,0.711,0.7,2.9,3.7,4.2,1.2,0.3,2.2,2.2,12.1,regular
1627747,2018-19,00,1610612751,BKN,24.0,40,25,26.6,5.2,12.1,0.429,1.2,3.9,0.312,2.1,3.1,0.691,0.9,2.9,3.8,3.9,1.1,0.4,1.7,1.9,13.7,regular
1627747,2019-20,00,1610612751,BKN,25.0,45,31,29.6,6.9,16.3,0.425,1.8,4.9,0.364,3.1,4.4,0.711,1.1,3.1,4.2,4.4,1.2,0.2,2.6,1.8,18.7,regular
1627747,2020-21,00,1610612751,BKN,26.0,12,4,27.8,7.3,16.7,0.435,1.8,5.3,0.349,2.2,2.8,0.765,0.8,3.5,4.3,6.0,1.1,0.5,2.2,1.7,18.5,regular
1627747,2020-21,00,1610612754,IND,26.0,35,35,32.9,7.8,17.5,0.443,1.8,5.6,0.318,3.4,4.2,0.822,0.7,4.0,4.6,4.9,1.5,0.7,2.2,2.4,20.7,regular
1627747,2020-21,00,0,TOT,26.0,47,39,31.6,7.6,17.3,0.441,1.8,5.5,0.326,3.1,3.8,0.811,0.7,3.9,4.6,5.2,1.4,0.6,2.2,2.2,20.2,regular
1627747,2021-22,00,1610612754,IND,27.0,39,39,31.1,7.1,15.9,0.447,1.6,4.8,0.323,2.8,3.7,0.76,0.8,3.1,3.8,4.4,0.9,0.5,1.9,2.3,18.7,regular
1627747,2021-22,00,1610612739,CLE,27.0,19,10,29.8,5.3,12.2,0.435,1.1,3.5,0.313,1.8,2.5,0.745,0.7,2.7,3.4,3.9,0.8,0.3,1.7,2.1,13.6,regular
1627747,2021-22,00,0,TOT,27.0,58,49,30.7,6.5,14.7,0.444,1.4,4.4,0.32,2.5,3.3,0.756,0.7,2.9,3.7,4.3,0.9,0.4,1.9,2.3,17.0,regular
1627747,2022-23,00,1610612739,CLE,28.0,74,30,30.2,4.3,10.0,0.431,1.7,4.4,0.392,1.8,2.4,0.722,0.7,3.1,3.8,3.9,1.0,0.3,1.6,2.3,12.1,regular
1627747,2023-24,00,1610612739,CLE,29.0,68,10,28.8,5.1,12.1,0.421,1.6,4.9,0.325,2.3,3.0,0.766,0.6,3.5,4.1,5.1,1.1,0.5,1.7,1.8,14.0,regular
1627747,2024-25,00,1610612739,CLE,30.0,38,3,23.8,3.6,7.8,0.453,1.6,3.9,0.405,1.5,2.2,0.699,0.6,2.2,2.8,3.7,0.9,0.5,1.3,1.3,10.2,regular
1627747,2024-25,00,1610612737,ATL,30.0,26,0,26.6,5.6,11.6,0.482,1.8,5.2,0.338,2.0,2.8,0.722,0.7,3.0,3.7,2.9,0.9,0.5,1.0,2.0,14.9,regular
1627747,2024-25,00,0,TOT,30.0,64,3,24.9,4.4,9.4,0.467,1.7,4.4,0.373,1.7,2.4,0.71,0.6,2.5,3.2,3.4,0.9,0.5,1.2,1.5,12.1,regular
1627747,2025-26,00,1610612765,DET,31.0,60,0,19.2,2.7,6.5,0.417,1.0,3.0,0.333,1.0,1.4,0.679,0.4,1.6,2.0,2.7,0.9,0.7,1.4,1.5,7.4,regular
1627747,2018-19,00,1610612751,BKN,24.0,5,2,28.8,7.2,14.6,0.493,2.4,5.2,0.462,4.2,5.8,0.724,1.2,3.4,4.6,3.0,1.0,0.4,2.0,1.6,21.0,playoffs
1627747,2019-20,00,1610612751,BKN,25.0,4,4,35.0,6.8,18.3,0.37,2.3,5.3,0.429,4.5,6.3,0.72,2.0,4.0,6.0,9.5,1.3,0.3,3.3,1.8,20.3,playoffs
1627747,2022-23,00,1610612739,CLE,28.0,5,3,34.0,5.4,12.6,0.429,2.6,7.2,0.361,1.6,2.6,0.615,0.8,3.8,4.6,2.6,0.4,0.2,1.0,2.0,15.0,playoffs
1627747,2023-24,00,1610612739,CLE,29.0,11,1,25.3,4.0,9.3,0.431,0.5,3.0,0.182,1.5,2.4,0.654,0.7,2.9,3.6,2.3,0.8,0.5,1.3,1.3,10.1,playoffs
1627747,2025-26,00,1610612765,DET,31.0,13,0,16.6,2.2,5.0,0.446,0.8,2.1,0.37,0.7,0.8,0.9,0.5,1.8,2.2,1.2,0.6,0.5,0.6,1.5,5.9,playoffs
202695,2011-12,00,1610612759,SAS,21.0,64,39,24.0,3.1,6.3,0.493,0.6,1.7,0.376,1.1,1.4,0.773,1.6,3.5,5.1,1.1,1.3,0.4,0.7,1.4,7.9,regular
202695,2012-13,00,1610612759,SAS,22.0,58,57,31.2,4.5,9.1,0.494,1.1,3.0,0.374,1.8,2.2,0.825,1.1,4.9,6.0,1.6,1.7,0.6,1.1,1.7,11.9,regular
202695,2013-14,00,1610612759,SAS,23.0,66,65,29.1,5.1,9.8,0.522,1.0,2.8,0.379,1.5,1.9,0.802,1.2,5.1,6.2,2.0,1.7,0.8,1.2,1.9,12.8,regular
202695,2014-15,00,1610612759,SAS,24.0,64,64,31.8,6.2,12.8,0.479,1.0,3.0,0.349,3.2,3.9,0.802,1.3,5.9,7.2,2.5,2.3,0.8,1.5,2.0,16.5,regular
202695,2015-16,00,1610612759,SAS,25.0,72,72,33.1,7.7,15.1,0.506,1.8,4.0,0.443,4.1,4.6,0.874,1.3,5.5,6.8,2.6,1.8,1.0,1.5,1.8,21.2,regular
202695,2016-17,00,1610612759,SAS,26.0,74,74,33.4,8.6,17.7,0.485,2.0,5.2,0.38,6.3,7.2,0.88,1.1,4.7,5.8,3.5,1.8,0.7,2.1,1.6,25.5,regular
202695,2017-18,00,1610612759,SAS,27.0,9,9,23.3,5.8,12.3,0.468,1.2,3.9,0.314,3.4,4.2,0.816,0.7,4.0,4.7,2.3,2.0,1.0,1.8,1.0,16.2,regular
202695,2018-19,00,1610612761,TOR,28.0,60,60,34.0,9.3,18.8,0.496,1.9,5.0,0.371,6.1,7.1,0.854,1.3,6.0,7.3,3.3,1.8,0.4,2.0,1.5,26.6,regular
202695,2019-20,00,1610612746,LAC,29.0,57,57,32.4,9.3,19.9,0.47,2.2,5.7,0.378,6.2,7.1,0.886,0.9,6.1,7.1,4.9,1.8,0.6,2.6,2.0,27.1,regular
202695,2020-21,00,1610612746,LAC,30.0,52,52,34.1,8.9,17.5,0.512,1.9,4.9,0.398,5.0,5.7,0.885,1.1,5.4,6.5,5.2,1.6,0.4,2.0,1.6,24.8,regular
202695,2022-23,00,1610612746,LAC,32.0,52,50,33.6,8.6,16.8,0.512,2.0,4.8,0.416,4.7,5.4,0.871,1.1,5.4,6.5,3.9,1.4,0.5,1.7,1.6,23.8,regular
202695,2023-24,00,1610612746,LAC,33.0,68,68,34.3,9.0,17.1,0.525,2.1,4.9,0.417,3.7,4.2,0.885,1.2,4.9,6.1,3.6,1.6,0.9,1.8,1.4,23.7,regular
202695,2024-25,00,1610612746,LAC,34.0,37,37,31.9,8.4,16.8,0.498,2.1,5.1,0.411,2.6,3.3,0.81,0.9,5.0,5.9,3.1,1.6,0.5,1.9,1.5,21.5,regular
202695,2025-26,00,1610612746,LAC,34.0,65,65,32.1,9.8,19.4,0.505,2.6,6.8,0.387,5.7,6.4,0.892,1.1,5.3,6.4,3.6,1.9,0.4,2.0,1.2,27.9,regular
202695,2011-12,00,1610612759,SAS,21.0,14,14,27.1,3.2,6.4,0.5,1.3,2.9,0.45,0.9,1.1,0.813,1.3,4.6,5.9,0.6,1.2,0.4,0.9,1.6,8.6,playoffs
202695,2012-13,00,1610612759,SAS,22.0,21,21,36.9,5.5,10.0,0.545,1.1,2.8,0.39,1.5,2.3,0.633,2.4,6.7,9.0,1.0,1.8,0.5,1.1,1.9,13.5,playoffs
202695,2013-14,00,1610612759,SAS,23.0,23,23,32.0,5.3,10.4,0.51,1.3,3.2,0.419,2.3,3.1,0.736,1.3,5.4,6.7,1.7,1.7,0.6,1.3,2.9,14.3,playoffs
202695,2014-15,00,1610612759,SAS,24.0,7,7,35.7,7.4,15.6,0.477,1.6,3.7,0.423,3.9,5.0,0.771,1.9,5.6,7.4,2.6,1.1,0.6,2.1,2.6,20.3,playoffs
202695,2015-16,00,1610612759,SAS,25.0,10,10,33.9,8.3,16.6,0.5,1.7,3.9,0.436,4.2,5.1,0.824,1.4,4.9,6.3,2.8,2.6,1.4,1.6,2.1,22.5,playoffs
202695,2016-17,00,1610612759,SAS,26.0,12,12,35.8,8.8,16.8,0.525,2.1,4.6,0.455,7.9,8.5,0.931,1.6,6.2,7.8,4.6,1.7,0.5,2.2,1.8,27.7,playoffs
202695,2018-19,00,1610612761,TOR,28.0,24,24,39.1,10.1,20.7,0.49,2.3,6.0,0.379,8.0,9.0,0.884,2.3,6.8,9.1,3.9,1.7,0.7,3.1,2.3,30.5,playoffs
202695,2019-20,00,1610612746,LAC,29.0,13,13,39.3,10.1,20.6,0.489,1.8,5.6,0.329,6.2,7.2,0.862,1.8,7.5,9.3,5.5,2.3,0.8,2.5,2.2,28.2,playoffs
202695,2020-21,00,1610612746,LAC,30.0,11,11,39.3,11.1,19.4,0.573,2.2,5.5,0.393,6.0,6.8,0.88,2.0,5.7,7.7,4.4,2.1,0.8,2.2,2.6,30.4,playoffs
202695,2022-23,00,1610612746,LAC,32.0,2,2,40.0,12.0,22.0,0.545,3.0,5.0,0.6,7.5,8.5,0.882,1.5,5.0,6.5,6.0,2.0,0.5,3.0,2.5,34.5,playoffs
202695,2023-24,00,1610612746,LAC,33.0,2,2,29.5,5.5,12.0,0.458,0.0,2.5,0.0,1.0,1.5,0.667,1.5,6.5,8.0,2.0,2.0,0.5,2.0,1.5,12.0,playoffs
202695,2024-25,00,1610612746,LAC,34.0,7,7,37.9,9.4,17.6,0.537,2.1,5.3,0.405,4.0,5.1,0.778,1.6,6.0,7.6,4.7,1.1,0.7,2.1,1.7,25.0,playoffs
1630604,2023-24,00,1610612740,NOP,23.0,8,0,2.9,0.1,0.8,0.167,0.0,0.6,0.0,0.3,0.3,1.0,0.0,0.6,0.6,0.1,0.3,0.3,0.3,0.3,0.5,regular
1630604,2024-25,00,1610612741,CHI,24.0,12,0,4.4,0.7,1.3,0.533,0.3,0.8,0.3,0.2,0.2,1.0,0.3,0.5,0.8,0.3,0.1,0.1,0.2,0.9,1.8,regular
1630604,2025-26,00,1610612751,BKN,25.0,26,5,13.4,2.1,4.3,0.486,0.7,2.0,0.346,0.8,1.0,0.808,0.5,2.1,2.7,0.9,0.2,0.4,0.6,1.7,5.7,regular
1630604,2023-24,00,1610612740,NOP,23.0,1,0,3.0,0.0,0.0,0.0,0.0,0.0,0.0,0.0,0.0,0.0,0.0,1.0,1.0,0.0,0.0,0.0,0.0,0.0,0.0,playoffs
203081,2012-13,00,1610612757,POR,22.0,82,82,38.6,6.7,15.7,0.429,2.3,6.1,0.368,3.3,3.9,0.844,0.5,2.6,3.1,6.5,0.9,0.2,3.0,2.1,19.0,regular
203081,2013-14,00,1610612757,POR,23.0,82,82,35.8,6.7,15.9,0.424,2.7,6.8,0.394,4.5,5.2,0.871,0.4,3.1,3.5,5.6,0.8,0.3,2.4,2.4,20.7,regular
203081,2014-15,00,1610612757,POR,24.0,82,82,35.7,7.2,16.6,0.434,2.4,7.0,0.343,4.2,4.9,0.864,0.6,4.0,4.6,6.2,1.2,0.3,2.7,2.0,21.0,regular
203081,2015-16,00,1610612757,POR,25.0,75,75,35.7,8.2,19.7,0.419,3.1,8.1,0.375,5.5,6.2,0.892,0.6,3.4,4.0,6.8,0.9,0.4,3.2,2.2,25.1,regular
203081,2016-17,00,1610612757,POR,26.0,75,75,35.9,8.8,19.8,0.444,2.9,7.7,0.37,6.5,7.3,0.895,0.6,4.3,4.9,5.9,0.9,0.3,2.6,2.0,27.0,regular
203081,2017-18,00,1610612757,POR,27.0,73,73,36.6,8.5,19.4,0.439,3.1,8.6,0.361,6.8,7.4,0.916,0.8,3.6,4.5,6.6,1.1,0.4,2.8,1.6,26.9,regular
203081,2018-19,00,1610612757,POR,28.0,80,80,35.5,8.5,19.2,0.444,3.0,8.0,0.369,5.9,6.4,0.912,0.9,3.8,4.6,6.9,1.1,0.4,2.7,1.9,25.8,regular
203081,2019-20,00,1610612757,POR,29.0,66,66,37.5,9.5,20.4,0.463,4.1,10.2,0.401,7.0,7.8,0.888,0.5,3.8,4.3,8.0,1.1,0.3,2.9,1.7,30.0,regular
203081,2020-21,00,1610612757,POR,30.0,67,67,35.8,9.0,19.9,0.451,4.1,10.5,0.391,6.7,7.2,0.928,0.5,3.7,4.2,7.5,0.9,0.3,3.0,1.5,28.8,regular
203081,2021-22,00,1610612757,POR,31.0,29,29,36.4,7.7,19.0,0.402,3.2,9.8,0.324,5.5,6.2,0.878,0.4,3.7,4.1,7.3,0.6,0.4,2.9,1.3,24.0,regular
203081,2022-23,00,1610612757,POR,32.0,58,58,36.3,9.6,20.7,0.463,4.2,11.3,0.371,8.8,9.6,0.914,0.8,4.0,4.8,7.3,0.9,0.3,3.3,1.9,32.2,regular
203081,2023-24,00,1610612749,MIL,33.0,73,73,35.3,7.4,17.5,0.424,3.0,8.5,0.354,6.5,7.0,0.92,0.5,3.9,4.4,7.0,1.0,0.2,2.6,1.8,24.3,regular
203081,2024-25,00,1610612749,MIL,34.0,58,58,36.1,7.7,17.1,0.448,3.4,9.0,0.376,6.2,6.8,0.921,0.5,4.2,4.7,7.1,1.2,0.2,2.8,1.7,24.9,regular
203081,2013-14,00,1610612757,POR,23.0,11,11,42.4,7.5,17.2,0.439,2.5,6.4,0.386,5.4,6.0,0.894,1.1,4.0,5.1,6.5,1.0,0.1,2.7,2.6,22.9,playoffs
203081,2014-15,00,1610612757,POR,24.0,5,5,40.2,7.8,19.2,0.406,1.0,6.2,0.161,5.0,6.4,0.781,0.4,3.6,4.0,4.6,0.4,0.6,2.4,3.0,21.6,playoffs
203081,2015-16,00,1610612757,POR,25.0,11,11,39.7,8.1,22.0,0.368,3.8,9.7,0.393,6.5,7.1,0.91,1.1,3.2,4.3,6.3,1.3,0.3,3.0,2.1,26.5,playoffs
203081,2016-17,00,1610612757,POR,26.0,4,4,37.8,9.8,22.5,0.433,2.3,8.0,0.281,6.0,6.3,0.96,1.0,3.5,4.5,3.3,1.3,0.5,3.3,2.8,27.8,playoffs
203081,2017-18,00,1610612757,POR,27.0,4,4,40.5,6.3,17.8,0.352,2.3,7.5,0.3,3.8,4.3,0.882,0.8,3.8,4.5,4.8,1.3,0.0,4.0,2.0,18.5,playoffs
203081,2018-19,00,1610612757,POR,28.0,16,16,40.6,8.6,20.6,0.418,3.7,9.9,0.373,5.9,7.1,0.833,0.5,4.3,4.8,6.6,1.7,0.3,3.8,2.5,26.9,playoffs
203081,2019-20,00,1610612757,POR,29.0,4,4,35.8,6.5,16.0,0.406,3.3,8.3,0.394,8.0,8.3,0.97,0.3,3.3,3.5,4.3,0.5,0.3,3.5,1.0,24.3,playoffs
203081,2020-21,00,1610612757,POR,30.0,6,6,41.3,10.3,22.3,0.463,5.8,13.0,0.449,7.8,8.3,0.94,0.2,4.2,4.3,10.2,1.0,0.7,2.2,1.5,34.3,playoffs
203081,2023-24,00,1610612749,MIL,33.0,4,4,39.0,8.5,20.3,0.42,5.0,12.0,0.417,9.3,9.5,0.974,0.5,2.8,3.3,5.0,1.0,0.0,2.3,2.0,31.3,playoffs
203081,2024-25,00,1610612749,MIL,34.0,3,3,25.0,2.0,9.0,0.222,1.0,5.3,0.188,2.0,2.3,0.857,0.3,2.3,2.7,4.7,0.7,0.7,1.0,2.7,7.0,playoffs
1641726,2023-24,00,1610612742,DAL,20.0,55,42,23.5,4.0,5.4,0.747,0.0,0.0,0.0,0.7,1.5,0.506,2.5,4.4,6.9,1.1,0.7,1.4,0.9,2.6,8.8,regular
1641726,2024-25,00,1610612742,DAL,21.0,36,29,23.1,3.7,5.3,0.702,0.0,0.0,0.0,1.3,2.0,0.63,2.9,4.6,7.5,2.4,0.6,1.6,1.1,2.8,8.7,regular
1641726,2025-26,00,1610612742,DAL,21.0,7,4,16.4,1.6,2.6,0.611,0.0,0.0,0.0,1.1,1.4,0.8,2.0,3.3,5.3,1.9,0.6,1.6,1.4,3.0,4.3,regular
1641726,2023-24,00,1610612742,DAL,20.0,21,0,22.0,3.0,4.5,0.674,0.0,0.0,1.0,1.7,2.9,0.59,2.7,4.7,7.4,1.3,0.4,1.0,1.0,2.3,7.9,playoffs
1630587,2021-22,00,1610612765,DET,23.0,19,5,20.2,2.2,4.7,0.456,1.4,3.4,0.422,0.6,0.7,0.857,0.8,2.2,3.0,1.1,0.7,0.4,0.8,1.9,6.4,regular
1630587,2022-23,00,1610612765,DET,24.0,52,22,23.1,2.3,5.5,0.417,1.4,3.9,0.365,0.6,0.8,0.821,0.5,2.2,2.8,0.8,0.5,0.5,0.6,2.0,6.7,regular
1630587,2023-24,00,1610612765,DET,25.0,23,6,20.4,1.7,5.0,0.345,1.0,3.3,0.286,0.5,0.8,0.667,0.7,1.4,2.1,1.1,0.6,0.2,0.7,1.9,5.0,regular
1630587,2025-26,00,1610612756,PHX,27.0,36,0,9.6,0.6,1.8,0.344,0.3,1.1,0.3,0.3,0.3,0.75,0.5,1.2,1.7,0.6,0.4,0.2,0.3,0.8,1.8,regular
1641753,2023-24,00,1610612749,MIL,20.0,21,0,4.3,0.5,1.0,0.5,0.0,0.2,0.2,0.1,0.2,0.75,0.1,0.9,1.0,0.2,0.1,0.0,0.2,0.7,1.2,regular
1641753,2024-25,00,1610612749,MIL,21.0,21,1,5.0,0.4,1.3,0.333,0.0,0.4,0.0,0.6,0.8,0.75,0.5,1.2,1.7,0.2,0.2,0.0,0.3,0.4,1.4,regular
1641753,2025-26,00,1610612739,CLE,22.0,3,0,5.7,1.3,2.3,0.571,0.0,1.0,0.0,0.3,0.3,1.0,0.0,1.0,1.0,0.3,0.3,0.0,0.0,1.3,3.0,regular
1641753,2023-24,00,1610612749,MIL,20.0,2,0,3.0,0.5,0.5,1.0,0.0,0.0,0.0,0.0,1.5,0.0,0.0,0.0,0.0,0.0,0.0,0.0,0.0,0.0,1.0,playoffs
1641753,2024-25,00,1610612749,MIL,21.0,2,0,2.5,0.0,0.5,0.0,0.0,0.5,0.0,0.0,0.0,0.0,0.0,0.5,0.5,0.0,0.0,0.0,0.0,0.0,0.0,playoffs
1626172,2015-16,00,1610612744,GSW,20.0,5,0,4.2,0.8,1.4,0.571,0.2,0.4,0.5,0.0,0.0,0.0,0.8,1.2,2.0,0.0,0.0,0.0,0.2,0.4,1.8,regular
1626172,2016-17,00,1610612744,GSW,21.0,53,4,8.4,1.1,2.0,0.523,0.0,0.2,0.222,0.4,0.6,0.618,0.8,1.5,2.3,0.5,0.3,0.3,0.3,1.2,2.5,regular
1626172,2017-18,00,1610612744,GSW,22.0,66,4,13.8,1.7,2.9,0.58,0.0,0.1,0.2,0.6,1.2,0.545,1.3,2.0,3.3,0.6,0.5,0.8,0.5,1.6,4.0,regular
1626172,2018-19,00,1610612744,GSW,23.0,80,24,18.5,2.7,4.3,0.625,0.0,0.1,0.1,0.8,1.3,0.619,2.4,2.8,5.2,1.5,0.6,0.7,0.6,2.6,6.3,regular
1626172,2019-20,00,1610612744,GSW,24.0,20,4,13.1,1.5,4.0,0.367,0.1,0.7,0.071,0.5,0.6,0.75,1.4,1.9,3.3,1.0,0.6,0.3,0.6,1.7,3.4,regular
1626172,2020-21,00,1610612744,GSW,25.0,61,34,19.0,1.8,3.2,0.548,0.1,0.3,0.235,0.5,0.8,0.646,1.9,3.4,5.3,2.0,0.3,0.4,0.6,2.2,4.1,regular
1626172,2021-22,00,1610612744,GSW,26.0,82,80,21.1,2.5,4.4,0.571,0.0,0.0,0.0,0.9,1.5,0.6,2.5,4.7,7.3,2.0,0.6,0.6,0.8,2.6,6.0,regular
1626172,2022-23,00,1610612744,GSW,27.0,82,70,23.9,3.0,4.7,0.63,0.0,0.0,0.0,1.1,1.9,0.606,3.3,5.9,9.3,2.5,0.6,0.6,0.5,2.7,7.0,regular
1626172,2023-24,00,1610612744,GSW,28.0,74,36,16.1,1.9,3.1,0.597,0.0,0.0,0.0,0.8,1.1,0.675,1.9,3.7,5.7,1.8,0.4,0.4,0.7,2.1,4.5,regular
1626172,2024-25,00,1610612744,GSW,29.0,76,6,15.0,1.9,3.7,0.514,0.0,0.1,0.4,0.7,1.3,0.566,2.4,3.6,6.1,1.6,0.6,0.5,0.5,2.0,4.5,regular
1626172,2025-26,00,1610612740,NOP,30.0,21,8,14.7,1.2,2.9,0.417,0.1,0.6,0.154,0.3,0.5,0.7,2.3,3.3,5.6,1.6,0.4,0.5,0.4,1.6,2.8,regular
1626172,2017-18,00,1610612744,GSW,22.0,21,5,18.4,1.9,3.4,0.542,0.0,0.1,0.0,0.4,1.0,0.381,2.0,2.2,4.2,0.9,0.7,0.4,0.4,2.4,4.1,playoffs
1626172,2018-19,00,1610612744,GSW,23.0,21,1,20.5,3.0,4.4,0.688,0.0,0.0,0.0,1.0,1.4,0.724,2.0,2.5,4.5,1.0,0.6,0.5,0.6,2.4,7.1,playoffs
1626172,2021-22,00,1610612744,GSW,26.0,22,13,20.4,2.6,4.0,0.659,0.0,0.0,0.0,0.5,0.8,0.611,2.9,4.8,7.6,2.2,0.4,0.5,0.9,2.3,5.8,playoffs
1626172,2022-23,00,1610612744,GSW,27.0,13,8,25.0,2.8,4.9,0.578,0.0,0.0,0.0,0.8,1.4,0.556,4.7,8.4,13.1,3.3,0.6,0.4,1.0,2.8,6.5,playoffs
1626172,2024-25,00,1610612744,GSW,29.0,12,0,10.0,0.8,1.9,0.435,0.0,0.0,0.0,0.5,0.7,0.75,1.4,2.2,3.6,0.3,0.4,0.3,0.2,2.3,2.2,playoffs
201572,2008-09,00,1610612751,NJN,21.0,82,75,30.5,5.5,10.3,0.531,0.0,0.0,0.0,2.1,2.6,0.793,2.7,5.4,8.1,1.0,0.5,1.8,1.8,3.1,13.0,regular
201572,2009-10,00,1610612751,NJN,22.0,82,82,36.9,6.9,13.8,0.499,0.0,0.0,0.0,5.1,6.2,0.817,3.3,5.4,8.6,2.3,0.7,1.7,2.5,3.1,18.8,regular
201572,2010-11,00,1610612751,NJN,23.0,82,82,35.2,7.9,16.0,0.492,0.0,0.0,0.0,4.7,6.0,0.787,2.4,3.5,6.0,1.6,0.6,1.5,2.1,2.9,20.4,regular
201572,2011-12,00,1610612751,NJN,24.0,5,5,27.2,7.6,15.4,0.494,0.0,0.0,0.0,4.0,6.4,0.625,1.6,2.0,3.6,1.2,0.2,0.8,1.2,1.6,19.2,regular
201572,2012-13,00,1610612751,BKN,25.0,74,74,30.4,7.7,14.8,0.521,0.0,0.0,0.0,4.0,5.3,0.758,2.8,4.1,6.9,0.9,0.4,2.1,1.8,2.1,19.4,regular
201572,2013-14,00,1610612751,BKN,26.0,17,17,31.4,7.6,13.5,0.563,0.0,0.1,0.0,5.5,6.8,0.817,2.3,3.7,6.0,0.9,0.5,1.8,1.6,3.1,20.7,regular
201572,2014-15,00,1610612751,BKN,27.0,72,44,29.2,7.0,13.7,0.513,0.0,0.1,0.1,3.1,3.8,0.814,3.0,4.5,7.4,0.7,0.6,1.8,1.4,2.9,17.2,regular
201572,2015-16,00,1610612751,BKN,28.0,73,73,33.7,8.1,15.8,0.511,0.0,0.2,0.143,4.3,5.5,0.787,2.8,5.1,7.8,2.0,0.8,1.7,2.4,2.9,20.6,regular
201572,2016-17,00,1610612751,BKN,29.0,75,75,29.6,7.4,15.6,0.474,1.8,5.2,0.346,3.9,4.9,0.81,1.6,3.8,5.4,2.3,0.5,1.7,2.5,2.6,20.5,regular
201572,2017-18,00,1610612747,LAL,30.0,74,72,23.4,5.0,10.7,0.465,1.5,4.4,0.345,1.5,2.1,0.703,1.0,3.0,4.0,1.7,0.4,1.3,1.3,2.6,13.0,regular
201572,2018-19,00,1610612749,MIL,31.0,81,81,28.7,4.4,9.7,0.452,2.3,6.3,0.365,1.4,1.6,0.842,0.4,4.5,4.9,1.2,0.6,2.2,1.0,2.3,12.5,regular
201572,2019-20,00,1610612749,MIL,32.0,68,67,26.7,4.3,9.9,0.435,1.5,4.8,0.314,1.9,2.2,0.836,0.9,3.7,4.6,1.5,0.7,2.4,1.0,2.4,12.0,regular
201572,2020-21,00,1610612749,MIL,33.0,70,70,27.2,4.6,9.1,0.503,1.4,4.0,0.338,1.7,2.0,0.845,1.5,3.5,5.0,0.7,0.6,1.5,0.9,2.1,12.3,regular
201572,2021-22,00,1610612749,MIL,34.0,13,11,22.9,4.7,10.1,0.466,1.5,4.1,0.358,1.5,1.8,0.87,1.5,2.6,4.1,0.5,0.6,1.2,0.9,2.6,12.4,regular
201572,2022-23,00,1610612749,MIL,35.0,78,78,30.4,6.1,11.5,0.531,1.7,4.7,0.374,1.9,2.4,0.784,2.0,4.7,6.7,1.3,0.5,2.5,1.4,2.6,15.9,regular
201572,2023-24,00,1610612749,MIL,36.0,79,79,30.5,4.6,9.6,0.485,1.9,5.1,0.366,1.4,1.7,0.821,1.5,3.7,5.2,1.6,0.5,2.4,1.0,2.4,12.5,regular
201572,2024-25,00,1610612749,MIL,37.0,80,80,31.8,4.9,9.7,0.509,1.7,4.7,0.373,1.4,1.7,0.826,1.4,3.6,5.0,1.8,0.6,1.9,1.1,2.1,13.0,regular
201572,2025-26,00,1610612746,LAC,38.0,75,40,21.8,3.1,7.2,0.428,1.5,4.2,0.36,0.7,1.0,0.757,0.6,3.0,3.6,1.3,0.6,1.2,0.8,2.1,8.5,regular
201572,2012-13,00,1610612751,BKN,25.0,7,7,37.6,8.3,17.6,0.472,0.1,0.1,1.0,5.6,6.3,0.886,4.1,3.3,7.4,1.4,0.9,3.0,2.3,2.9,22.3,playoffs
201572,2014-15,00,1610612751,BKN,27.0,6,6,39.0,7.2,14.5,0.494,0.0,0.0,0.0,5.5,6.7,0.825,3.3,5.7,9.0,0.8,0.7,2.2,1.0,3.0,19.8,playoffs
201572,2018-19,00,1610612749,MIL,31.0,15,15,29.2,4.1,8.9,0.455,1.5,5.0,0.293,1.6,1.9,0.828,0.8,4.7,5.5,1.4,0.4,1.9,0.7,3.1,11.2,playoffs
201572,2019-20,00,1610612749,MIL,32.0,10,10,32.8,6.1,11.4,0.535,2.1,5.3,0.396,1.5,2.0,0.75,1.9,3.6,5.5,0.5,1.0,1.3,1.2,2.7,15.8,playoffs
201572,2020-21,00,1610612749,MIL,33.0,23,23,29.0,5.2,9.4,0.548,1.0,3.1,0.319,1.6,1.9,0.86,2.1,3.8,5.9,0.3,0.7,1.5,1.1,2.1,13.0,playoffs
201572,2021-22,00,1610612749,MIL,34.0,12,12,27.7,4.2,8.5,0.49,0.5,2.3,0.214,1.8,1.9,0.913,2.3,3.7,5.9,0.7,0.5,1.5,0.9,2.7,10.6,playoffs
201572,2022-23,00,1610612749,MIL,35.0,5,5,36.4,7.8,13.4,0.582,1.4,3.4,0.412,2.0,2.6,0.769,2.8,3.6,6.4,1.2,1.4,1.8,2.2,2.0,19.0,playoffs
201572,2023-24,00,1610612749,MIL,36.0,6,6,33.3,7.3,12.5,0.587,1.7,3.8,0.435,1.3,2.5,0.533,1.8,2.5,4.3,1.8,0.0,1.3,1.5,1.7,17.7,playoffs
201572,2024-25,00,1610612749,MIL,37.0,5,4,14.8,1.6,4.4,0.364,0.8,3.0,0.267,1.0,1.0,1.0,0.6,1.0,1.6,0.8,0.2,1.0,0.8,2.2,5.0,playoffs
1631126,2025-26,00,1610612757,POR,24.0,49,1,20.7,3.9,10.0,0.388,1.9,6.0,0.318,0.7,1.0,0.735,0.5,1.8,2.3,2.5,0.6,0.1,1.3,1.0,10.4,regular
201567,2008-09,00,1610612750,MIN,20.0,81,37,25.3,3.9,8.5,0.459,0.0,0.2,0.105,3.3,4.1,0.789,3.4,5.7,9.1,1.0,0.4,0.6,1.5,2.5,11.1,regular
201567,2009-10,00,1610612750,MIN,21.0,60,22,28.6,4.9,10.8,0.45,0.6,1.8,0.33,3.8,4.6,0.815,3.8,7.2,11.0,2.3,0.7,0.4,2.0,2.3,14.0,regular
201567,2010-11,00,1610612750,MIN,22.0,73,73,35.8,6.6,14.1,0.47,1.2,2.9,0.417,5.8,6.8,0.85,4.5,10.7,15.2,2.5,0.6,0.4,2.1,2.0,20.2,regular
201567,2011-12,00,1610612750,MIN,23.0,55,55,39.0,8.6,19.3,0.448,1.9,5.1,0.372,6.9,8.4,0.824,4.1,9.2,13.3,2.0,0.9,0.5,2.3,2.8,26.0,regular
201567,2012-13,00,1610612750,MIN,24.0,18,18,34.3,5.8,16.6,0.352,1.1,5.1,0.217,5.6,7.9,0.704,3.6,10.4,14.0,2.3,0.7,0.5,2.2,1.9,18.3,regular
201567,2013-14,00,1610612750,MIN,25.0,77,77,36.3,8.4,18.5,0.457,2.5,6.6,0.376,6.8,8.2,0.821,2.9,9.6,12.5,4.4,0.8,0.5,2.5,1.8,26.1,regular
201567,2014-15,00,1610612739,CLE,26.0,75,75,33.8,5.5,12.7,0.434,1.9,5.2,0.367,3.4,4.3,0.804,1.9,7.9,9.7,2.2,0.7,0.5,1.6,1.9,16.4,regular
201567,2015-16,00,1610612739,CLE,27.0,77,77,31.5,5.3,12.7,0.419,2.1,5.7,0.36,3.4,4.1,0.822,1.9,8.0,9.9,2.4,0.8,0.5,1.8,2.1,16.0,regular
201567,2016-17,00,1610612739,CLE,28.0,60,60,31.4,6.2,14.5,0.427,2.4,6.5,0.373,4.3,4.9,0.871,2.5,8.6,11.1,1.9,0.9,0.4,2.0,2.1,19.0,regular
201567,2017-18,00,1610612739,CLE,29.0,59,59,28.0,5.7,12.4,0.458,2.3,5.6,0.415,4.0,4.5,0.88,1.7,7.5,9.3,1.7,0.7,0.4,1.5,2.0,17.6,regular
201567,2018-19,00,1610612739,CLE,30.0,22,21,27.2,5.0,12.9,0.385,2.4,6.7,0.361,4.7,5.2,0.904,1.5,9.4,10.9,2.2,0.3,0.2,1.9,2.5,17.0,regular
201567,2019-20,00,1610612739,CLE,31.0,56,56,31.8,5.8,13.0,0.45,2.6,7.0,0.374,3.3,3.9,0.854,1.0,8.8,9.8,3.2,0.6,0.3,2.5,1.6,17.6,regular
201567,2020-21,00,1610612739,CLE,32.0,25,25,24.9,4.1,10.1,0.409,2.3,6.2,0.365,1.7,2.0,0.824,0.7,6.8,7.4,2.5,0.6,0.1,1.5,1.0,12.2,regular
201567,2021-22,00,1610612739,CLE,33.0,74,4,22.5,4.4,10.3,0.43,2.5,6.4,0.392,2.2,2.7,0.838,1.2,6.1,7.2,2.2,0.4,0.2,1.3,1.4,13.6,regular
201567,2022-23,00,1610612739,CLE,34.0,41,3,20.0,2.7,7.0,0.389,1.7,4.8,0.354,1.4,1.5,0.889,1.0,5.8,6.8,1.9,0.2,0.2,1.1,1.6,8.5,regular
201567,2022-23,00,1610612748,MIA,34.0,21,17,20.0,2.6,6.6,0.388,1.4,4.8,0.297,1.1,1.3,0.857,0.8,4.9,5.7,1.9,0.4,0.2,1.1,1.5,7.7,regular
201567,2022-23,00,0,TOT,34.0,62,20,20.0,2.7,6.8,0.389,1.6,4.8,0.334,1.3,1.5,0.879,1.0,5.5,6.4,1.9,0.3,0.2,1.1,1.6,8.2,regular
201567,2023-24,00,1610612748,MIA,35.0,55,5,16.8,2.9,6.5,0.44,1.5,4.4,0.344,1.5,2.0,0.787,1.1,5.1,6.1,2.1,0.3,0.2,0.9,1.8,8.8,regular
201567,2024-25,00,1610612748,MIA,36.0,23,9,10.9,1.8,5.0,0.357,1.0,2.9,0.358,0.7,1.0,0.696,1.0,3.1,4.1,1.0,0.7,0.2,0.6,0.9,5.3,regular
201567,2025-26,00,1610612762,UTA,37.0,37,5,16.6,2.1,5.4,0.397,1.4,3.8,0.373,1.0,1.2,0.841,1.5,4.3,5.8,1.8,0.4,0.2,0.8,1.5,6.7,regular
201567,2014-15,00,1610612739,CLE,26.0,4,4,26.8,4.3,10.3,0.415,2.3,5.3,0.429,3.5,4.8,0.737,1.5,5.5,7.0,2.5,0.3,0.5,1.5,3.0,14.3,playoffs
201567,2015-16,00,1610612739,CLE,27.0,20,19,30.7,4.6,12.0,0.385,2.3,5.6,0.414,3.2,3.8,0.84,1.7,7.1,8.8,2.1,0.5,0.4,1.4,1.7,14.7,playoffs
201567,2016-17,00,1610612739,CLE,28.0,18,18,32.1,5.3,12.1,0.436,2.8,6.2,0.45,3.5,4.2,0.84,2.0,8.6,10.6,1.7,1.2,0.9,1.7,2.6,16.8,playoffs
201567,2017-18,00,1610612739,CLE,29.0,21,21,31.4,5.2,13.2,0.392,1.7,5.0,0.34,2.8,3.0,0.922,2.3,7.9,10.2,1.6,0.7,0.4,2.0,2.8,14.9,playoffs
201567,2022-23,00,1610612748,MIA,34.0,20,18,18.0,2.3,6.0,0.378,1.7,4.4,0.375,0.7,0.8,0.875,0.7,4.9,5.6,1.2,0.5,0.4,0.5,1.8,6.9,playoffs
201567,2023-24,00,1610612748,MIA,35.0,5,0,6.4,0.8,1.8,0.444,0.2,0.8,0.25,0.0,0.0,0.0,0.2,2.6,2.8,0.8,0.0,0.0,0.4,0.4,1.8,playoffs
200768,2006-07,00,1610612763,MEM,21.0,10,0,17.5,1.4,3.8,0.368,0.3,0.8,0.375,2.5,2.8,0.893,1.2,1.9,3.1,3.2,1.4,0.1,1.2,2.0,5.6,regular
200768,2007-08,00,1610612763,MEM,22.0,82,9,25.5,3.1,7.2,0.432,0.4,1.7,0.257,3.0,4.2,0.698,0.5,2.5,3.0,3.6,1.1,0.3,1.5,2.3,9.6,regular
200768,2008-09,00,1610612763,MEM,23.0,49,21,21.9,2.3,5.6,0.412,0.3,1.4,0.246,2.6,3.3,0.801,0.3,2.0,2.3,3.6,1.0,0.2,1.6,1.8,7.6,regular
200768,2008-09,00,1610612745,HOU,23.0,28,0,21.7,2.8,5.8,0.475,0.3,1.0,0.276,1.9,2.3,0.8,0.5,2.3,2.8,3.5,0.8,0.3,1.4,2.0,7.6,regular
200768,2008-09,00,0,TOT,23.0,77,21,21.8,2.5,5.6,0.435,0.3,1.3,0.255,2.4,2.9,0.801,0.3,2.1,2.5,3.6,0.9,0.2,1.5,1.9,7.6,regular
200768,2009-10,00,1610612745,HOU,24.0,68,0,24.3,2.7,6.8,0.397,0.5,2.0,0.272,3.2,3.8,0.827,1.3,2.3,3.6,4.5,0.9,0.1,1.7,2.5,9.1,regular
200768,2010-11,00,1610612745,HOU,25.0,75,71,34.2,4.6,10.8,0.426,1.7,4.6,0.376,2.6,3.3,0.765,1.2,2.9,4.1,6.7,1.4,0.3,2.1,2.8,13.5,regular
200768,2011-12,00,1610612745,HOU,26.0,47,38,32.1,4.5,10.9,0.409,1.7,4.5,0.374,3.6,4.2,0.864,0.8,3.7,4.5,6.6,1.6,0.3,2.8,2.8,14.3,regular
200768,2012-13,00,1610612761,TOR,27.0,68,52,29.7,3.7,9.2,0.401,1.5,4.1,0.362,2.8,3.5,0.795,0.8,3.9,4.7,6.4,1.4,0.4,2.3,3.2,11.6,regular
200768,2013-14,00,1610612761,TOR,28.0,79,79,36.2,5.8,13.7,0.423,2.4,6.3,0.38,4.0,4.9,0.813,1.1,3.6,4.7,7.4,1.5,0.2,2.5,3.4,17.9,regular
200768,2014-15,00,1610612761,TOR,29.0,70,70,34.5,6.1,14.9,0.412,1.9,5.6,0.338,3.6,4.5,0.808,0.8,3.9,4.7,6.8,1.6,0.2,2.5,3.0,17.8,regular
200768,2015-16,00,1610612761,TOR,30.0,77,77,37.0,6.6,15.6,0.427,2.8,7.1,0.388,5.2,6.4,0.811,0.7,4.0,4.7,6.4,2.1,0.4,2.9,2.7,21.2,regular
200768,2016-17,00,1610612761,TOR,31.0,60,60,37.4,7.1,15.3,0.464,3.2,7.8,0.412,5.0,6.1,0.819,0.8,4.0,4.8,7.0,1.5,0.3,2.9,2.8,22.4,regular
200768,2017-18,00,1610612761,TOR,32.0,78,78,32.2,5.2,12.1,0.427,3.1,7.6,0.399,2.9,3.3,0.854,0.8,4.7,5.6,6.9,1.1,0.2,2.3,2.5,16.2,regular
200768,2018-19,00,1610612761,TOR,33.0,65,65,34.0,4.7,11.4,0.411,2.4,7.0,0.347,2.5,3.0,0.83,0.6,4.2,4.8,8.7,1.4,0.5,2.8,2.6,14.2,regular
200768,2019-20,00,1610612761,TOR,34.0,58,58,36.2,5.8,13.8,0.416,2.8,8.0,0.352,5.1,5.9,0.857,0.6,4.5,5.0,7.5,1.4,0.4,3.1,3.3,19.4,regular
200768,2020-21,00,1610612761,TOR,35.0,46,46,34.8,5.7,13.0,0.436,2.8,7.2,0.396,3.0,3.5,0.875,0.8,4.6,5.4,7.3,1.0,0.3,2.7,3.1,17.2,regular
200768,2021-22,00,1610612748,MIA,36.0,63,63,33.9,4.4,10.0,0.44,2.3,6.1,0.377,2.3,2.8,0.851,0.5,4.0,4.5,7.5,1.1,0.3,2.7,2.8,13.4,regular
200768,2022-23,00,1610612748,MIA,37.0,55,44,31.2,3.6,8.8,0.404,1.9,5.6,0.345,2.1,2.5,0.859,0.8,3.3,4.1,5.1,1.0,0.4,1.9,2.6,11.2,regular
200768,2023-24,00,1610612748,MIA,38.0,37,35,28.0,2.8,6.5,0.426,1.7,4.4,0.385,0.9,1.1,0.833,0.7,2.8,3.5,4.0,1.1,0.4,1.4,2.5,8.2,regular
200768,2023-24,00,1610612755,PHI,38.0,23,20,28.4,2.6,5.9,0.444,1.6,3.9,0.404,1.2,1.4,0.848,0.4,2.4,2.8,4.6,0.9,0.3,1.4,2.3,8.0,regular
200768,2023-24,00,0,TOT,38.0,60,55,28.2,2.7,6.3,0.432,1.6,4.2,0.392,1.1,1.3,0.84,0.6,2.7,3.2,4.2,1.0,0.4,1.4,2.4,8.1,regular
200768,2024-25,00,1610612755,PHI,39.0,35,12,18.8,1.2,3.3,0.35,0.8,2.5,0.33,0.8,0.9,0.818,0.3,1.6,1.9,2.7,0.9,0.3,0.6,1.8,3.9,regular
200768,2025-26,00,1610612755,PHI,40.0,14,0,8.4,0.3,1.8,0.16,0.3,1.8,0.16,0.4,0.4,0.833,0.0,0.6,0.6,0.8,0.1,0.1,0.3,0.6,1.2,regular
200768,2008-09,00,1610612745,HOU,23.0,13,0,19.5,1.6,4.8,0.333,0.3,1.2,0.25,1.8,2.4,0.742,0.6,2.3,2.9,2.5,0.9,0.1,1.3,1.8,5.3,playoffs
200768,2013-14,00,1610612761,TOR,28.0,7,7,38.7,6.3,15.6,0.404,2.4,6.1,0.395,6.1,7.0,0.878,1.3,3.4,4.7,4.7,0.9,0.0,2.9,3.9,21.1,playoffs
200768,2014-15,00,1610612761,TOR,29.0,4,4,32.8,4.5,14.3,0.316,1.3,5.8,0.217,2.0,2.8,0.727,1.8,3.8,5.5,4.8,1.3,0.0,3.0,4.5,12.3,playoffs
200768,2015-16,00,1610612761,TOR,30.0,20,20,38.3,6.6,16.5,0.397,2.1,6.9,0.304,3.9,5.2,0.75,0.9,3.8,4.7,6.0,1.6,0.2,3.2,3.7,19.1,playoffs
200768,2016-17,00,1610612761,TOR,31.0,8,8,37.5,5.4,11.6,0.462,1.6,4.8,0.342,3.4,4.1,0.818,0.4,2.8,3.1,5.9,1.5,0.5,2.1,3.3,15.8,playoffs
200768,2017-18,00,1610612761,TOR,32.0,10,10,36.1,6.0,11.8,0.508,2.8,6.3,0.444,2.6,3.2,0.813,0.2,4.1,4.3,8.5,1.5,0.0,3.1,3.3,17.4,playoffs
200768,2018-19,00,1610612761,TOR,33.0,24,24,37.5,5.1,11.5,0.44,2.2,6.0,0.359,2.7,3.4,0.802,0.9,4.0,4.9,6.6,1.3,0.3,2.3,4.0,15.0,playoffs
200768,2019-20,00,1610612761,TOR,34.0,11,11,37.5,5.6,13.5,0.419,2.1,6.5,0.319,4.4,5.5,0.8,0.7,5.8,6.5,5.8,1.7,0.7,2.5,3.6,17.7,playoffs
200768,2021-22,00,1610612748,MIA,36.0,10,10,29.5,2.5,8.6,0.291,1.3,5.4,0.241,1.5,1.9,0.789,0.3,3.3,3.6,4.7,1.2,0.7,1.9,2.9,7.8,playoffs
200768,2022-23,00,1610612748,MIA,37.0,23,1,26.0,3.2,7.6,0.425,1.4,3.8,0.375,1.3,1.4,0.939,0.5,3.0,3.5,4.4,1.0,0.6,1.7,2.6,9.2,playoffs
200768,2023-24,00,1610612755,PHI,38.0,6,6,29.2,1.8,5.3,0.344,1.3,4.0,0.333,2.0,2.5,0.8,1.0,2.5,3.5,4.0,1.0,0.7,0.7,3.8,7.0,playoffs
200768,2025-26,00,1610612755,PHI,40.0,2,0,1.5,0.0,0.0,0.0,0.0,0.0,0.0,0.0,0.0,0.0,0.0,0.5,0.5,0.0,0.0,0.0,0.0,0.5,0.0,playoffs
1642863,2025-26,00,1610612756,PHX,19.0,46,1,8.9,1.2,2.3,0.533,0.1,0.5,0.238,0.5,0.7,0.71,1.1,1.8,2.9,0.1,0.1,0.7,0.5,0.9,3.0,regular
1642863,2025-26,00,1610612756,PHX,19.0,4,0,11.3,1.0,2.0,0.5,0.0,0.3,0.0,0.0,0.0,0.0,0.5,1.8,2.3,0.0,0.0,0.0,0.8,1.0,2.0,playoffs
1630572,2021-22,00,1610612749,MIL,23.0,41,3,9.9,1.4,2.8,0.496,0.5,1.3,0.423,0.4,0.5,0.818,0.9,1.1,2.0,0.5,0.2,0.2,0.4,0.7,3.8,regular
1630572,2022-23,00,1610612749,MIL,24.0,24,0,9.0,0.8,2.4,0.328,0.3,1.3,0.219,0.5,0.8,0.667,0.8,1.6,2.3,0.7,0.2,0.2,0.4,0.8,2.4,regular
1630572,2022-23,00,1610612759,SAS,24.0,19,7,23.3,4.1,9.1,0.453,1.2,3.5,0.343,1.4,2.1,0.692,2.7,4.1,6.8,2.4,0.5,0.4,1.4,1.7,10.8,regular
1630572,2022-23,00,0,TOT,24.0,43,7,15.3,2.3,5.3,0.422,0.7,2.3,0.303,0.9,1.3,0.684,1.6,2.7,4.3,1.4,0.3,0.3,0.8,1.2,6.1,regular
1630572,2023-24,00,1610612759,SAS,25.0,46,5,9.8,1.6,3.4,0.471,0.4,1.4,0.297,0.5,0.7,0.735,1.0,2.2,3.2,1.1,0.2,0.3,0.4,0.8,4.1,regular
1630572,2024-25,00,1610612759,SAS,26.0,61,0,11.2,2.3,4.6,0.502,1.0,2.6,0.373,0.7,1.0,0.741,1.0,2.0,3.1,0.8,0.4,0.3,0.4,1.0,6.3,regular
1630572,2025-26,00,1610612761,TOR,26.0,80,13,21.9,4.1,7.9,0.523,1.4,3.7,0.389,1.5,2.0,0.747,1.4,3.6,4.9,1.9,0.8,0.5,0.8,1.8,11.2,regular
1630572,2025-26,00,1610612761,TOR,26.0,7,0,14.9,2.0,5.0,0.4,0.6,2.0,0.286,0.4,1.0,0.429,1.6,3.4,5.0,1.0,0.7,0.4,0.6,1.7,5.0,playoffs
1629611,2019-20,00,1610612746,LAC,23.0,41,6,8.8,0.9,1.9,0.468,0.2,0.5,0.35,0.4,0.7,0.667,0.2,1.1,1.3,1.3,0.3,0.1,0.4,1.1,2.4,regular
1629611,2020-21,00,1610612746,LAC,24.0,67,10,18.9,2.7,5.2,0.509,0.6,1.4,0.418,1.2,1.4,0.83,0.8,2.8,3.6,1.6,0.4,0.2,0.6,1.9,7.0,regular
1629611,2021-22,00,1610612746,LAC,25.0,81,33,28.6,4.1,8.5,0.484,0.9,2.6,0.365,1.6,2.0,0.78,1.3,4.0,5.2,2.6,0.7,0.3,1.0,2.2,10.8,regular
1629611,2022-23,00,1610612746,LAC,26.0,81,36,23.1,3.4,6.5,0.519,1.0,2.4,0.389,1.1,1.5,0.78,1.0,2.5,3.4,2.3,0.5,0.3,1.0,1.8,8.8,regular
1629611,2023-24,00,1610612746,LAC,27.0,75,71,25.0,3.4,6.6,0.515,0.9,2.7,0.348,1.1,1.3,0.832,1.2,2.2,3.4,1.6,0.6,0.2,0.6,1.9,8.8,regular
1629611,2024-25,00,1610612746,LAC,28.0,37,12,19.8,2.4,5.3,0.446,0.7,2.0,0.347,0.6,0.9,0.719,0.9,2.0,2.9,1.6,0.8,0.3,0.7,1.8,6.0,regular
1629611,2024-25,00,1610612737,ATL,28.0,30,1,22.7,3.9,7.3,0.541,1.1,2.9,0.386,0.8,1.2,0.667,1.2,1.9,3.1,2.1,0.6,0.1,0.7,2.0,9.8,regular
1629611,2024-25,00,0,TOT,28.0,67,13,21.1,3.1,6.2,0.496,0.9,2.4,0.368,0.7,1.0,0.691,1.0,2.0,3.0,1.8,0.7,0.2,0.7,1.9,7.7,regular
1629611,2025-26,00,1610612751,BKN,29.0,63,51,24.3,2.7,5.8,0.457,0.9,2.4,0.364,1.0,1.3,0.787,1.1,2.1,3.2,3.0,0.7,0.2,1.1,2.5,7.2,regular
1629611,2019-20,00,1610612746,LAC,23.0,13,0,2.1,0.2,0.4,0.4,0.0,0.2,0.0,0.0,0.0,0.0,0.0,0.5,0.5,0.1,0.1,0.0,0.2,0.3,0.3,playoffs
1629611,2020-21,00,1610612746,LAC,24.0,19,6,19.9,2.8,5.5,0.519,0.8,1.9,0.432,1.1,1.5,0.714,0.9,1.8,2.7,0.7,0.5,0.3,0.2,2.2,7.6,playoffs
1629611,2022-23,00,1610612746,LAC,26.0,5,0,26.6,3.8,6.6,0.576,1.8,3.8,0.474,1.2,1.8,0.667,1.4,1.8,3.2,2.2,0.8,0.2,1.8,3.4,10.6,playoffs
1629611,2023-24,00,1610612746,LAC,27.0,6,6,31.2,3.2,7.7,0.413,1.7,3.7,0.455,1.3,1.3,1.0,2.8,2.2,5.0,1.8,0.0,0.0,0.8,3.2,9.3,playoffs
1630544,2021-22,00,1610612760,OKC,21.0,60,26,22.8,3.9,9.8,0.393,1.6,4.5,0.36,1.1,1.4,0.793,0.4,2.4,2.9,1.5,0.8,0.2,1.2,1.7,10.4,regular
1630544,2022-23,00,1610612760,OKC,22.0,67,5,17.7,2.9,7.5,0.393,1.2,3.8,0.315,0.6,0.8,0.764,0.4,1.9,2.3,1.8,0.6,0.2,0.9,1.5,7.7,regular
1630544,2023-24,00,1610612760,OKC,23.0,13,0,9.2,1.5,3.1,0.5,0.6,1.5,0.421,0.1,0.1,1.0,0.3,1.5,1.8,1.5,0.2,0.0,0.7,0.2,3.8,regular
1630544,2023-24,00,1610612766,CHA,23.0,28,28,31.0,4.5,9.9,0.453,1.4,3.8,0.364,1.6,2.1,0.759,0.6,3.9,4.5,5.2,1.7,0.1,2.0,1.6,11.9,regular
1630544,2023-24,00,0,TOT,23.0,41,28,24.1,3.5,7.7,0.459,1.1,3.1,0.373,1.1,1.4,0.763,0.5,3.1,3.6,4.0,1.2,0.1,1.6,1.2,9.3,regular
1630544,2024-25,00,1610612766,CHA,24.0,13,0,24.5,5.4,12.4,0.435,1.8,4.6,0.4,1.5,1.6,0.905,0.9,2.0,2.9,3.0,0.5,0.3,1.9,1.8,14.1,regular
1630544,2025-26,00,1610612766,CHA,25.0,53,1,12.6,2.1,5.7,0.36,0.9,2.9,0.323,0.4,0.5,0.852,0.4,1.4,1.7,1.6,0.5,0.1,1.0,1.3,5.5,regular
1628374,2017-18,00,1610612741,CHI,21.0,68,68,29.7,5.5,12.7,0.434,2.1,5.9,0.362,2.1,2.4,0.843,1.2,6.3,7.5,1.2,0.6,0.6,1.2,1.5,15.2,regular
1628374,2018-19,00,1610612741,CHI,22.0,52,51,32.3,6.6,15.3,0.43,2.3,6.4,0.361,3.3,3.8,0.872,1.4,7.6,9.0,1.4,0.7,0.6,1.6,2.3,18.7,regular
1628374,2019-20,00,1610612741,CHI,23.0,50,50,29.8,5.0,11.8,0.425,2.2,6.3,0.344,2.5,3.1,0.824,1.2,5.1,6.3,1.5,0.8,0.5,1.6,1.9,14.7,regular
1628374,2020-21,00,1610612741,CHI,24.0,51,26,25.8,4.9,10.2,0.48,2.3,5.8,0.402,1.5,1.8,0.826,0.7,4.6,5.3,0.9,0.5,0.3,1.0,1.5,13.6,regular
1628374,2021-22,00,1610612739,CLE,25.0,61,61,30.8,5.1,11.5,0.445,2.2,6.2,0.358,2.3,2.6,0.868,1.0,4.7,5.7,1.3,0.7,0.5,0.9,2.1,14.8,regular
1628374,2022-23,00,1610612762,UTA,26.0,66,66,34.4,8.7,17.3,0.499,3.0,7.7,0.391,5.3,6.0,0.875,2.0,6.7,8.6,1.9,0.6,0.6,1.9,2.1,25.6,regular
1628374,2023-24,00,1610612762,UTA,27.0,55,55,33.1,7.8,16.2,0.48,3.2,8.0,0.399,4.5,5.0,0.899,2.2,5.9,8.2,2.0,0.9,0.5,1.4,1.8,23.2,regular
1628374,2024-25,00,1610612762,UTA,28.0,47,47,31.4,6.3,14.9,0.423,2.9,8.5,0.346,3.4,3.9,0.876,1.5,4.4,5.9,1.5,0.7,0.4,1.4,1.7,19.0,regular
1628374,2025-26,00,1610612762,UTA,28.0,42,42,34.4,9.1,19.2,0.477,2.7,7.7,0.355,5.7,6.4,0.896,2.0,4.9,6.9,2.1,1.0,0.5,1.5,1.8,26.7,regular
1630230,2020-21,00,1610612740,NOP,23.0,32,10,21.9,2.6,6.5,0.392,0.9,2.6,0.349,1.7,2.3,0.707,0.5,4.2,4.6,2.8,0.8,0.3,1.2,1.8,7.7,regular
1630230,2021-22,00,1610612740,NOP,24.0,55,4,13.4,2.0,4.9,0.405,0.4,1.9,0.2,1.3,1.7,0.796,0.7,1.9,2.6,1.1,0.6,0.1,0.8,1.3,5.7,regular
1630230,2022-23,00,1610612740,NOP,25.0,77,21,23.3,3.2,7.4,0.433,0.9,2.8,0.303,1.8,2.3,0.789,0.6,3.0,3.6,2.5,0.7,0.2,1.3,1.5,9.1,regular
1630230,2023-24,00,1610612740,NOP,26.0,66,1,19.0,2.6,5.6,0.463,0.9,2.3,0.387,1.0,1.3,0.791,0.8,2.8,3.6,1.9,0.7,0.2,1.0,1.4,7.1,regular
1630230,2024-25,00,1610612742,DAL,27.0,69,31,27.8,5.2,10.3,0.508,0.9,3.2,0.275,1.9,2.3,0.813,1.1,3.7,4.8,3.0,1.0,0.2,1.6,1.6,13.2,regular
1630230,2025-26,00,1610612742,DAL,28.0,74,47,29.5,5.7,11.1,0.51,0.8,2.9,0.291,3.1,4.1,0.76,0.9,3.8,4.7,3.3,1.1,0.1,1.6,1.9,15.2,regular
1630230,2021-22,00,1610612740,NOP,24.0,6,0,9.3,1.2,1.7,0.7,0.0,0.0,0.0,0.7,0.7,1.0,0.5,0.5,1.0,0.8,0.2,0.2,0.5,0.8,3.0,playoffs
1630230,2023-24,00,1610612740,NOP,26.0,4,0,21.0,3.0,7.0,0.429,1.5,3.8,0.4,1.5,1.5,1.0,0.8,2.0,2.8,1.3,0.5,0.5,0.5,2.3,9.0,playoffs
1642918,2025-26,00,1610612761,TOR,24.0,23,0,6.3,0.7,2.2,0.32,0.2,0.9,0.19,0.7,0.8,0.789,0.4,0.5,0.9,0.5,0.3,0.2,0.3,0.5,2.2,regular
1628997,2019-20,00,1610612766,CHA,24.0,18,1,17.6,2.1,4.7,0.44,1.1,2.1,0.541,0.9,1.2,0.81,0.6,1.6,2.1,1.3,0.7,0.4,0.8,1.8,6.2,regular
1628997,2020-21,00,1610612766,CHA,25.0,53,3,15.4,1.8,4.8,0.375,0.6,2.4,0.248,0.8,1.2,0.641,0.6,2.1,2.7,1.3,0.7,0.2,0.6,1.2,5.0,regular
1628997,2021-22,00,1610612748,MIA,26.0,60,12,22.9,3.5,6.8,0.507,1.1,2.6,0.413,1.2,1.6,0.763,1.2,2.7,3.8,1.1,1.0,0.5,0.9,1.7,9.2,regular
1628997,2022-23,00,1610612748,MIA,27.0,71,49,29.3,3.6,7.7,0.464,1.2,3.3,0.356,1.3,1.6,0.805,1.2,3.6,4.8,1.6,1.0,0.4,1.1,2.0,9.6,regular
1628997,2023-24,00,1610612748,MIA,28.0,64,23,27.5,3.8,8.7,0.431,1.3,3.6,0.349,1.2,1.5,0.778,1.2,3.2,4.4,2.2,0.7,0.5,1.2,2.0,10.0,regular
1628997,2024-25,00,1610612755,PHI,29.0,31,24,30.4,3.3,7.5,0.435,1.1,2.8,0.379,1.5,2.4,0.622,1.4,3.0,4.4,2.2,1.1,0.6,1.4,2.0,9.1,regular
1628997,2024-25,00,1610612742,DAL,29.0,14,0,19.6,2.0,5.1,0.389,0.3,1.1,0.25,1.1,1.7,0.625,0.7,2.2,2.9,1.9,0.9,0.2,0.9,1.7,5.4,regular
1628997,2024-25,00,0,TOT,29.0,45,24,27.1,2.9,6.8,0.424,0.8,2.3,0.359,1.4,2.2,0.622,1.2,2.8,3.9,2.1,1.0,0.5,1.2,1.9,7.9,regular
1628997,2025-26,00,1610612742,DAL,30.0,58,12,14.8,1.5,3.3,0.45,0.3,1.0,0.351,0.6,1.1,0.607,0.5,2.0,2.5,1.4,0.7,0.3,0.7,1.5,3.9,regular
1628997,2021-22,00,1610612748,MIA,26.0,17,0,12.3,1.9,4.7,0.4,0.6,1.9,0.303,0.1,0.4,0.333,0.7,1.5,2.2,0.3,0.6,0.1,0.6,1.0,4.5,playoffs
1628997,2022-23,00,1610612748,MIA,27.0,23,4,30.2,4.7,9.0,0.529,1.9,4.5,0.423,1.3,1.5,0.829,1.2,4.3,5.4,1.6,0.9,0.4,1.0,2.4,12.7,playoffs
1628997,2023-24,00,1610612748,MIA,28.0,5,5,35.2,4.2,9.0,0.467,2.2,5.0,0.44,1.0,1.0,1.0,1.0,2.6,3.6,1.4,0.6,0.0,0.6,2.8,11.6,playoffs
1628998,2019-20,00,1610612766,CHA,24.0,48,3,18.8,1.9,4.3,0.43,0.4,1.6,0.234,0.9,1.4,0.646,0.8,2.5,3.3,2.0,0.8,0.2,0.9,1.6,5.0,regular
1628998,2020-21,00,1610612766,CHA,25.0,52,10,16.3,1.6,3.6,0.441,0.3,1.1,0.276,0.5,0.8,0.581,1.0,2.1,3.1,1.7,0.7,0.2,0.8,1.0,4.0,regular
1628998,2021-22,00,1610612766,CHA,26.0,71,11,26.3,2.9,6.0,0.482,0.9,2.2,0.384,1.1,1.5,0.701,1.2,2.9,4.0,2.5,1.2,0.5,0.9,1.6,7.7,regular
1628998,2022-23,00,1610612766,CHA,27.0,7,0,19.1,2.0,5.1,0.389,0.4,2.0,0.214,0.6,1.0,0.571,1.1,2.3,3.4,1.6,0.6,0.1,0.3,1.9,5.0,regular
1628998,2023-24,00,1610612766,CHA,28.0,28,22,26.9,2.9,7.7,0.381,1.0,3.1,0.314,0.7,1.2,0.606,0.7,3.2,3.9,3.7,1.1,0.6,1.6,1.7,7.5,regular
1628998,2024-25,00,1610612766,CHA,29.0,39,8,24.8,3.0,6.9,0.433,1.0,3.2,0.323,0.9,1.3,0.694,1.0,3.5,4.5,2.3,1.1,0.7,1.1,1.8,7.8,regular
1628998,2024-25,00,1610612756,PHX,29.0,14,0,14.7,1.4,4.1,0.351,0.2,1.9,0.111,0.6,0.9,0.75,0.9,2.5,3.4,1.1,0.9,0.4,0.6,1.6,3.7,regular
1628998,2024-25,00,0,TOT,29.0,53,8,22.1,2.6,6.1,0.418,0.8,2.8,0.285,0.8,1.2,0.705,1.0,3.2,4.2,2.0,1.1,0.6,1.0,1.8,6.8,regular
1628998,2025-26,00,1610612754,IND,30.0,4,0,13.8,0.5,2.5,0.2,0.0,1.3,0.0,0.8,1.5,0.5,0.3,3.3,3.5,0.5,1.0,0.5,1.0,1.3,1.8,regular
1631213,2022-23,00,1610612737,ATL,24.0,16,0,4.1,0.6,1.4,0.391,0.1,0.4,0.143,0.1,0.1,1.0,0.3,0.4,0.8,0.1,0.1,0.0,0.1,0.1,1.3,regular
1631213,2024-25,00,1610612751,BKN,26.0,60,11,21.9,3.2,7.8,0.406,1.7,4.7,0.351,0.8,1.0,0.793,1.0,2.7,3.7,2.0,0.6,0.2,1.2,1.3,8.7,regular
1631213,2025-26,00,1610612751,BKN,27.0,37,6,18.8,2.7,6.9,0.392,1.4,4.1,0.336,0.5,0.7,0.731,0.9,2.0,2.9,1.9,0.6,0.1,0.9,0.8,7.3,regular
1631213,2025-26,00,1610612755,PHI,27.0,9,0,9.0,1.0,2.4,0.409,0.2,1.4,0.154,0.0,0.2,0.0,0.2,0.9,1.1,1.0,0.3,0.2,0.8,0.3,2.2,regular
1631213,2025-26,00,0,TOT,27.0,46,6,16.9,2.4,6.0,0.394,1.2,3.6,0.321,0.4,0.6,0.679,0.7,1.8,2.5,1.7,0.5,0.1,0.9,0.7,6.3,regular
1631097,2022-23,00,1610612754,IND,21.0,78,17,28.5,5.3,12.2,0.434,1.3,4.0,0.323,4.8,5.8,0.828,1.1,3.0,4.1,1.5,0.6,0.2,1.9,2.1,16.7,regular
1631097,2023-24,00,1610612754,IND,22.0,59,19,26.1,5.0,11.2,0.446,1.4,3.6,0.374,3.1,3.8,0.821,1.0,2.9,4.0,2.0,0.6,0.2,1.6,2.0,14.5,regular
1631097,2024-25,00,1610612754,IND,23.0,72,49,29.8,5.4,11.8,0.458,1.4,4.0,0.34,3.8,4.6,0.831,1.2,4.1,5.3,1.9,0.7,0.3,1.9,2.3,16.1,regular
1631097,2025-26,00,1610612754,IND,23.0,28,24,31.8,5.5,12.8,0.433,2.1,5.6,0.372,4.6,5.2,0.884,0.8,4.6,5.4,2.3,0.6,0.1,2.3,2.7,17.8,regular
1631097,2025-26,00,1610612746,LAC,23.0,26,1,28.0,5.2,12.3,0.426,0.7,3.2,0.207,6.3,7.3,0.858,1.3,4.2,5.5,2.5,1.0,0.3,2.1,2.3,17.4,regular
1631097,2025-26,00,0,TOT,23.0,54,25,30.0,5.4,12.5,0.43,1.4,4.4,0.315,5.4,6.2,0.869,1.0,4.4,5.4,2.4,0.8,0.2,2.2,2.5,17.6,regular
1631097,2024-25,00,1610612754,IND,23.0,22,0,17.5,3.1,6.7,0.459,0.8,2.7,0.3,4.0,4.7,0.864,1.2,2.1,3.3,0.9,0.4,0.3,1.2,1.9,11.0,playoffs
1631255,2024-25,00,1610612740,NOP,24.0,42,7,18.8,3.2,5.6,0.574,0.5,1.6,0.318,0.8,1.0,0.773,1.5,3.5,5.0,1.1,0.5,1.0,1.0,2.5,7.7,regular
1631255,2025-26,00,1610612740,NOP,25.0,62,2,14.7,2.3,3.8,0.604,0.6,1.5,0.422,0.5,0.7,0.732,1.2,2.5,3.7,0.8,0.4,0.9,0.5,1.7,5.7,regular
1630178,2020-21,00,1610612755,PHI,20.0,61,8,15.3,3.2,7.0,0.462,0.5,1.7,0.301,1.0,1.1,0.871,0.2,1.5,1.7,2.0,0.4,0.2,0.7,1.3,8.0,regular
1630178,2021-22,00,1610612755,PHI,21.0,75,74,35.3,6.4,13.3,0.485,1.8,4.1,0.427,2.8,3.3,0.866,0.3,2.9,3.2,4.3,0.7,0.4,1.2,2.1,17.5,regular
1630178,2022-23,00,1610612755,PHI,22.0,60,41,33.6,7.3,15.2,0.481,2.7,6.2,0.434,3.0,3.6,0.845,0.4,2.6,2.9,3.5,0.8,0.1,1.3,2.2,20.3,regular
1630178,2023-24,00,1610612755,PHI,23.0,70,70,37.5,9.1,20.3,0.45,3.0,8.1,0.373,4.7,5.4,0.868,0.5,3.2,3.7,6.2,1.0,0.5,1.7,2.2,25.9,regular
1630178,2024-25,00,1610612755,PHI,24.0,52,52,37.7,9.2,21.0,0.437,3.1,9.2,0.337,4.9,5.6,0.879,0.3,3.1,3.3,6.1,1.8,0.4,2.4,2.2,26.3,regular
1630178,2025-26,00,1610612755,PHI,25.0,70,70,38.0,9.9,21.4,0.462,3.1,8.6,0.367,5.3,6.0,0.892,0.3,3.8,4.1,6.6,1.9,0.8,2.4,2.2,28.3,regular
1630178,2020-21,00,1610612755,PHI,20.0,12,0,13.1,2.4,5.5,0.439,0.3,1.0,0.333,1.2,1.8,0.636,0.1,1.8,1.8,1.3,0.3,0.5,0.4,1.3,6.3,playoffs
1630178,2021-22,00,1610612755,PHI,21.0,12,12,40.4,7.3,15.2,0.484,2.2,5.8,0.377,3.9,4.2,0.94,0.5,3.0,3.5,3.9,0.8,0.2,1.8,2.0,20.8,playoffs
1630178,2022-23,00,1610612755,PHI,22.0,11,11,38.5,7.5,17.5,0.427,3.1,7.7,0.4,2.5,2.8,0.903,0.8,4.0,4.8,2.3,1.4,0.5,0.7,2.4,20.5,playoffs
1630178,2023-24,00,1610612755,PHI,23.0,6,6,44.5,11.0,23.0,0.478,3.7,9.2,0.4,4.2,4.7,0.893,0.2,5.0,5.2,6.8,0.8,0.3,2.2,2.7,29.8,playoffs
1630178,2025-26,00,1610612755,PHI,25.0,11,11,39.7,8.7,19.2,0.455,2.4,6.7,0.351,3.9,4.4,0.896,0.4,3.6,4.0,5.9,0.8,0.4,2.1,2.0,23.7,playoffs
1643024,2025-26,00,1610612747,LAL,24.0,9,0,5.1,0.2,0.7,0.333,0.0,0.3,0.0,0.3,0.4,0.75,0.2,0.9,1.1,0.3,0.6,0.2,0.1,0.7,0.8,regular
1630540,2021-22,00,1610612752,NYK,21.0,40,2,9.3,0.8,2.7,0.296,0.4,1.7,0.25,0.2,0.3,0.667,0.1,1.0,1.1,1.0,0.4,0.0,0.1,1.1,2.2,regular
1630540,2022-23,00,1610612752,NYK,22.0,64,2,11.9,1.2,3.4,0.358,0.6,2.1,0.299,0.4,0.7,0.667,0.2,0.6,0.8,1.1,0.6,0.1,0.4,0.9,3.5,regular
1630540,2023-24,00,1610612752,NYK,23.0,68,14,19.5,3.0,6.7,0.452,1.6,3.9,0.41,0.6,0.7,0.86,0.5,1.0,1.5,1.7,0.7,0.1,0.4,1.6,8.3,regular
1630540,2024-25,00,1610612752,NYK,24.0,64,10,24.9,3.5,8.5,0.406,1.8,4.9,0.369,0.8,1.0,0.813,0.7,1.8,2.5,2.9,1.0,0.3,0.6,1.7,9.5,regular
1630540,2025-26,00,1610612752,NYK,25.0,41,15,26.3,4.2,9.9,0.423,2.7,6.6,0.413,0.9,1.1,0.787,0.6,1.9,2.4,2.6,0.9,0.2,0.8,1.7,12.0,regular
1630540,2022-23,00,1610612752,NYK,22.0,8,0,2.5,0.1,0.5,0.25,0.1,0.4,0.333,0.0,0.0,0.0,0.0,0.3,0.3,0.1,0.0,0.1,0.0,0.1,0.4,playoffs
1630540,2023-24,00,1610612752,NYK,23.0,13,2,26.7,4.2,9.5,0.435,1.9,5.2,0.368,0.8,0.9,0.833,0.5,1.7,2.2,1.9,0.5,0.2,0.8,2.3,11.0,playoffs
1630540,2024-25,00,1610612752,NYK,24.0,18,0,18.9,1.9,5.0,0.378,1.2,3.3,0.373,0.8,0.9,0.824,0.2,1.0,1.2,1.0,0.4,0.1,0.6,1.2,5.8,playoffs
1630540,2025-26,00,1610612752,NYK,25.0,15,2,19.1,2.2,6.0,0.367,1.9,4.6,0.42,0.5,0.5,0.875,0.5,0.9,1.4,1.3,0.5,0.3,0.5,2.1,6.8,playoffs
1642272,2024-25,00,1610612755,PHI,21.0,23,8,25.7,5.5,11.9,0.46,2.2,5.8,0.383,2.1,2.4,0.875,0.6,1.9,2.4,2.6,0.7,0.0,1.6,1.6,15.3,regular
1642272,2025-26,00,1610612755,PHI,22.0,37,1,16.8,2.4,6.2,0.385,1.2,3.2,0.378,0.6,0.7,0.88,0.2,1.9,2.0,1.7,0.6,0.1,0.8,1.2,6.6,regular
1642272,2025-26,00,1610612760,OKC,22.0,30,2,18.0,3.8,8.3,0.462,1.8,4.6,0.391,1.0,1.1,0.853,0.6,1.5,2.1,0.9,0.4,0.1,0.9,1.3,10.4,regular
1642272,2025-26,00,0,TOT,22.0,67,3,17.3,3.0,7.2,0.425,1.5,3.8,0.385,0.8,0.9,0.864,0.3,1.7,2.0,1.3,0.5,0.1,0.8,1.2,8.3,regular
1642272,2025-26,00,1610612760,OKC,22.0,15,2,17.2,3.7,9.1,0.412,1.7,4.7,0.371,0.8,1.0,0.8,0.6,1.3,1.9,1.0,0.3,0.0,0.7,1.3,10.0,playoffs
1630644,2021-22,00,1610612741,CHI,23.0,1,0,3.0,1.0,1.0,1.0,0.0,0.0,0.0,0.0,0.0,0.0,0.0,0.0,0.0,0.0,0.0,0.0,1.0,0.0,2.0,regular
1630644,2021-22,00,1610612747,LAL,23.0,1,0,22.0,2.0,5.0,0.4,1.0,3.0,0.333,1.0,1.0,1.0,0.0,3.0,3.0,1.0,1.0,1.0,2.0,5.0,6.0,regular
1630644,2021-22,00,0,TOT,23.0,2,0,12.0,1.5,3.0,0.5,0.5,1.5,0.333,0.5,0.5,1.0,0.0,1.5,1.5,0.5,0.5,0.5,1.5,2.5,4.0,regular
1630644,2022-23,00,1610612755,PHI,24.0,2,0,20.5,4.5,10.0,0.45,2.0,5.5,0.364,1.5,2.5,0.6,1.5,3.5,5.0,4.5,0.0,0.0,1.5,1.5,12.5,regular
1630644,2024-25,00,1610612753,ORL,26.0,2,0,5.0,0.0,1.0,0.0,0.0,0.5,0.0,0.0,0.0,0.0,0.0,0.5,0.5,1.5,0.0,0.0,0.0,1.0,0.0,regular
1630644,2025-26,00,1610612754,IND,27.0,3,0,11.3,2.3,6.0,0.389,0.7,3.3,0.2,1.0,1.3,0.75,0.0,1.3,1.3,0.3,1.7,0.3,0.7,2.0,6.3,regular
1630644,2025-26,00,1610612741,CHI,27.0,8,0,12.6,2.0,5.1,0.39,0.6,2.5,0.25,1.4,1.8,0.786,0.3,0.5,0.8,1.1,0.8,0.3,0.9,1.6,6.0,regular
1630644,2025-26,00,0,TOT,27.0,11,0,12.3,2.1,5.4,0.39,0.6,2.7,0.233,1.3,1.6,0.778,0.2,0.7,0.9,0.9,1.0,0.3,0.8,1.7,6.1,regular
203468,2013-14,00,1610612757,POR,22.0,38,0,12.5,1.9,4.7,0.416,0.8,2.1,0.375,0.6,0.9,0.676,0.2,1.1,1.3,0.7,0.4,0.1,0.9,1.4,5.3,regular
203468,2014-15,00,1610612757,POR,23.0,62,3,15.7,2.6,5.9,0.436,0.9,2.2,0.396,0.8,1.2,0.699,0.2,1.2,1.5,1.0,0.7,0.1,0.8,1.3,6.8,regular
203468,2015-16,00,1610612757,POR,24.0,80,80,34.8,8.0,17.9,0.448,2.5,5.9,0.417,2.3,2.8,0.827,0.6,2.7,3.2,4.3,1.2,0.3,2.5,2.3,20.8,regular
203468,2016-17,00,1610612757,POR,25.0,80,80,35.0,8.7,18.0,0.48,2.3,5.5,0.421,3.4,3.7,0.912,0.8,2.9,3.6,3.6,0.9,0.5,2.2,2.5,23.0,regular
203468,2017-18,00,1610612757,POR,26.0,81,81,36.1,8.2,18.6,0.443,2.3,5.9,0.397,2.6,3.1,0.836,0.7,3.3,4.0,3.4,1.0,0.4,1.9,2.1,21.4,regular
203468,2018-19,00,1610612757,POR,27.0,70,70,33.9,8.2,17.8,0.459,2.4,6.4,0.375,2.3,2.7,0.828,0.9,3.1,4.0,3.0,0.8,0.4,1.5,2.5,21.0,regular
203468,2019-20,00,1610612757,POR,28.0,70,70,36.5,8.7,19.4,0.451,2.8,7.3,0.379,2.0,2.6,0.757,0.7,3.6,4.2,4.4,0.8,0.6,1.8,2.6,22.2,regular
203468,2020-21,00,1610612757,POR,29.0,47,47,34.0,8.6,18.8,0.458,3.6,8.9,0.402,2.3,2.8,0.812,0.6,3.3,3.9,4.7,0.9,0.4,1.4,1.9,23.1,regular
203468,2021-22,00,1610612757,POR,30.0,36,36,35.2,8.1,18.5,0.436,3.1,8.0,0.384,1.3,1.9,0.706,0.9,3.3,4.3,4.5,1.0,0.6,1.9,2.1,20.5,regular
203468,2021-22,00,1610612740,NOP,30.0,26,26,33.8,9.5,19.2,0.493,2.7,6.9,0.394,2.6,3.9,0.667,0.7,3.7,4.5,5.8,1.3,0.0,2.2,1.7,24.3,regular
203468,2021-22,00,0,TOT,30.0,62,62,34.6,8.6,18.8,0.46,2.9,7.6,0.388,1.9,2.7,0.682,0.9,3.5,4.3,5.1,1.1,0.4,2.0,2.0,22.1,regular
203468,2022-23,00,1610612740,NOP,31.0,75,75,35.3,7.8,17.9,0.437,2.8,7.2,0.389,2.4,3.2,0.769,0.7,3.6,4.4,5.7,0.9,0.5,2.4,2.0,20.9,regular
203468,2023-24,00,1610612740,NOP,32.0,66,66,32.7,7.3,16.0,0.459,3.6,8.4,0.429,1.7,2.1,0.827,0.6,3.7,4.3,4.6,0.9,0.6,1.7,1.9,20.0,regular
203468,2024-25,00,1610612740,NOP,33.0,56,56,32.7,7.9,17.9,0.444,3.1,8.2,0.373,2.2,3.1,0.717,0.8,3.0,3.8,4.1,0.8,0.4,1.9,2.2,21.1,regular
203468,2025-26,00,1610612764,WAS,34.0,35,35,30.9,6.9,15.1,0.454,2.7,7.0,0.393,2.3,2.9,0.804,0.7,2.9,3.5,3.6,0.7,0.3,1.7,2.1,18.8,regular
203468,2025-26,00,1610612737,ATL,34.0,41,25,28.8,7.0,15.2,0.456,2.3,6.5,0.357,2.5,3.3,0.748,1.0,2.2,3.1,4.1,1.0,0.6,1.9,1.7,18.7,regular
203468,2025-26,00,0,TOT,34.0,76,60,29.8,6.9,15.2,0.455,2.5,6.7,0.375,2.4,3.1,0.772,0.8,2.5,3.3,3.9,0.8,0.5,1.8,1.9,18.7,regular
203468,2013-14,00,1610612757,POR,22.0,6,0,4.0,0.2,1.8,0.091,0.0,0.8,0.0,0.3,0.3,1.0,0.0,0.2,0.2,0.0,0.0,0.0,0.2,0.3,0.7,playoffs
203468,2014-15,00,1610612757,POR,23.0,5,1,33.2,6.4,13.4,0.478,2.2,4.6,0.478,2.0,2.6,0.769,0.2,3.8,4.0,0.4,1.2,0.2,1.2,2.6,17.0,playoffs
203468,2015-16,00,1610612757,POR,24.0,11,11,40.2,7.6,17.9,0.426,1.8,5.3,0.345,3.4,4.2,0.804,0.6,3.0,3.6,3.3,0.9,0.5,1.8,2.7,20.5,playoffs
203468,2016-17,00,1610612757,POR,25.0,4,4,35.0,8.0,20.0,0.4,2.8,5.5,0.5,3.8,4.0,0.938,2.0,4.0,6.0,1.0,1.0,0.5,3.8,2.5,22.5,playoffs
203468,2017-18,00,1610612757,POR,26.0,4,4,38.8,10.0,19.3,0.519,2.8,6.5,0.423,2.5,3.3,0.769,0.0,2.0,2.0,3.5,1.3,0.3,2.3,2.8,25.3,playoffs
203468,2018-19,00,1610612757,POR,27.0,16,16,39.7,9.6,21.9,0.44,2.9,7.3,0.393,2.6,3.5,0.732,0.9,4.1,5.0,3.7,0.8,0.6,1.9,2.1,24.7,playoffs
203468,2019-20,00,1610612757,POR,28.0,5,5,39.2,8.8,19.8,0.444,2.6,7.0,0.371,3.0,4.4,0.682,1.0,4.8,5.8,3.2,1.2,0.4,3.0,2.0,23.2,playoffs
203468,2020-21,00,1610612757,POR,29.0,6,6,40.0,8.3,19.0,0.439,2.3,7.0,0.333,1.7,2.2,0.769,1.0,5.0,6.0,4.3,0.3,0.7,2.0,4.2,20.7,playoffs
203468,2021-22,00,1610612740,NOP,30.0,6,6,39.0,8.2,20.8,0.392,2.8,8.5,0.333,3.0,4.3,0.692,1.8,4.8,6.7,4.8,0.7,0.8,2.5,2.5,22.2,playoffs
203468,2023-24,00,1610612740,NOP,32.0,4,4,37.0,7.8,18.5,0.419,1.8,7.3,0.241,0.5,0.5,1.0,0.5,4.3,4.8,4.8,1.8,0.8,4.0,3.5,17.8,playoffs
203468,2025-26,00,1610612737,ATL,34.0,6,6,32.0,7.7,16.5,0.465,1.7,5.5,0.303,2.2,4.0,0.542,1.2,1.8,3.0,2.0,1.0,1.2,3.5,2.3,19.2,playoffs
204456,2015-16,00,1610612755,PHI,24.0,81,17,19.8,2.7,5.7,0.47,0.4,1.1,0.348,0.3,0.5,0.634,0.5,2.6,3.1,4.5,1.2,0.1,1.7,1.4,6.1,regular
204456,2016-17,00,1610612755,PHI,25.0,81,51,26.3,2.9,6.3,0.461,0.1,0.7,0.2,0.9,1.1,0.811,0.5,2.6,3.1,6.6,1.7,0.1,2.0,1.7,6.9,regular
204456,2017-18,00,1610612755,PHI,26.0,76,1,22.5,2.8,5.5,0.499,0.4,0.8,0.435,0.4,0.5,0.795,0.5,2.5,3.0,4.0,1.2,0.2,1.5,1.6,6.3,regular
204456,2018-19,00,1610612755,PHI,27.0,76,3,19.3,2.9,5.5,0.525,0.2,0.6,0.333,0.4,0.5,0.784,0.4,1.9,2.3,3.4,1.0,0.2,1.2,1.4,6.4,regular
204456,2019-20,00,1610612754,IND,28.0,71,3,18.7,3.0,5.8,0.516,0.1,0.2,0.294,0.5,0.6,0.833,0.5,2.1,2.7,5.0,0.8,0.2,1.4,1.0,6.5,regular
204456,2020-21,00,1610612754,IND,29.0,69,3,26.0,4.0,7.1,0.559,0.2,0.7,0.313,0.5,0.7,0.688,0.8,2.9,3.7,6.6,1.9,0.3,2.0,1.6,8.6,regular
204456,2021-22,00,1610612754,IND,30.0,27,8,24.1,3.7,7.7,0.481,0.4,1.2,0.303,0.7,0.9,0.826,0.7,2.6,3.3,4.9,1.1,0.4,1.1,2.0,8.5,regular
204456,2022-23,00,1610612754,IND,31.0,75,6,20.3,3.8,6.9,0.543,0.3,0.8,0.441,0.8,0.9,0.853,0.6,2.5,3.1,5.3,1.1,0.1,1.9,1.4,8.7,regular
204456,2023-24,00,1610612754,IND,32.0,71,4,18.2,4.6,8.4,0.556,0.3,0.6,0.409,0.7,0.9,0.79,0.5,2.2,2.7,5.5,1.0,0.1,1.5,1.1,10.2,regular
204456,2024-25,00,1610612754,IND,33.0,79,1,17.9,4.1,7.9,0.519,0.2,0.6,0.306,0.7,1.0,0.74,0.6,1.9,2.4,4.4,1.1,0.3,1.4,1.0,9.1,regular
204456,2025-26,00,1610612754,IND,34.0,56,4,17.2,4.3,8.0,0.538,0.3,0.9,0.32,0.4,0.5,0.862,0.4,1.8,2.2,5.1,1.0,0.2,1.1,1.1,9.4,regular
204456,2017-18,00,1610612755,PHI,26.0,10,2,15.5,2.5,3.6,0.694,0.2,0.3,0.667,0.3,0.5,0.6,0.6,2.0,2.6,2.3,0.6,0.0,0.6,1.3,5.5,playoffs
204456,2018-19,00,1610612755,PHI,27.0,9,0,8.3,1.3,3.0,0.444,0.0,0.0,0.0,0.0,0.0,0.0,0.1,0.6,0.7,1.2,0.2,0.1,0.1,0.4,2.7,playoffs
204456,2019-20,00,1610612754,IND,28.0,3,0,9.3,1.0,2.7,0.375,0.0,0.0,0.0,0.3,0.7,0.5,0.0,2.0,2.0,2.3,0.0,0.0,0.7,1.3,2.3,playoffs
204456,2023-24,00,1610612754,IND,32.0,17,0,20.5,5.3,10.9,0.486,0.4,1.5,0.269,0.8,0.9,0.867,0.6,2.4,3.1,5.1,0.9,0.1,1.2,1.5,11.8,playoffs
204456,2024-25,00,1610612754,IND,33.0,23,0,17.5,4.1,7.6,0.537,0.3,0.8,0.421,1.0,1.2,0.815,0.5,2.7,3.3,4.0,0.9,0.1,1.9,1.1,9.5,playoffs
1641755,2024-25,00,1610612752,NYK,24.0,4,0,7.3,0.5,1.8,0.286,0.0,0.3,0.0,0.5,0.5,1.0,0.0,2.0,2.0,0.5,0.3,0.3,0.0,1.5,1.5,regular
1641755,2025-26,00,1610612752,NYK,25.0,21,0,7.4,1.0,2.2,0.426,0.4,1.1,0.333,0.1,0.2,0.4,0.5,0.8,1.3,1.0,0.4,0.0,0.6,1.0,2.4,regular
1630183,2020-21,00,1610612750,MIN,20.0,63,27,24.0,2.6,5.8,0.447,1.1,3.1,0.364,0.4,0.7,0.6,0.8,2.9,3.7,1.1,0.6,1.0,0.7,2.7,6.8,regular
1630183,2021-22,00,1610612750,MIN,21.0,70,31,25.8,3.6,7.9,0.46,1.1,3.6,0.317,0.8,1.0,0.803,1.1,3.1,4.2,1.1,0.7,0.8,1.1,3.2,9.2,regular
1630183,2022-23,00,1610612750,MIN,22.0,79,79,30.6,4.7,9.1,0.517,1.4,3.4,0.398,1.3,1.8,0.736,1.2,2.7,3.9,1.9,0.9,1.0,1.4,3.4,12.1,regular
1630183,2023-24,00,1610612750,MIN,23.0,72,71,29.2,4.3,8.7,0.489,1.2,3.5,0.337,0.8,1.1,0.722,0.8,2.3,3.1,1.4,0.9,0.6,1.2,3.0,10.5,regular
1630183,2024-25,00,1610612750,MIN,24.0,82,82,31.9,4.9,10.2,0.477,1.2,3.7,0.33,1.3,1.6,0.813,1.6,4.2,5.7,2.0,1.3,0.9,1.2,2.7,12.2,regular
1630183,2025-26,00,1610612750,MIN,25.0,73,73,31.7,5.7,11.1,0.515,1.4,3.4,0.412,2.0,2.4,0.835,1.0,3.2,4.2,2.7,1.1,1.0,1.8,3.3,14.8,regular
1630183,2021-22,00,1610612750,MIN,21.0,6,0,21.7,3.0,5.7,0.529,1.7,3.3,0.5,1.7,2.0,0.833,0.8,2.0,2.8,0.7,0.3,1.8,1.0,3.0,9.3,playoffs
1630183,2023-24,00,1610612750,MIN,23.0,16,16,33.6,4.5,8.8,0.514,1.5,3.5,0.429,1.7,2.2,0.771,1.8,2.1,3.8,1.1,0.9,1.1,1.1,3.4,12.2,playoffs
1630183,2024-25,00,1610612750,MIN,24.0,15,15,33.1,5.8,11.3,0.515,1.4,3.7,0.382,1.7,1.9,0.893,1.8,3.8,5.6,1.5,1.3,0.9,1.2,3.3,14.7,playoffs
1630183,2025-26,00,1610612750,MIN,25.0,12,12,33.8,6.5,14.7,0.443,0.8,3.5,0.238,2.5,2.9,0.857,2.3,3.4,5.8,2.4,0.5,0.7,1.4,4.4,16.3,playoffs
203926,2014-15,00,1610612741,CHI,23.0,36,0,8.9,1.2,3.0,0.402,0.4,1.1,0.317,0.3,0.4,0.667,0.2,1.0,1.2,0.2,0.1,0.0,0.5,0.8,3.0,regular
203926,2015-16,00,1610612741,CHI,24.0,81,4,23.0,3.6,8.0,0.452,1.4,3.2,0.425,0.9,1.0,0.857,0.5,2.0,2.4,0.7,0.2,0.1,0.7,1.6,9.4,regular
203926,2016-17,00,1610612741,CHI,25.0,44,4,24.5,3.8,8.5,0.445,1.3,3.4,0.373,1.3,1.5,0.881,0.3,2.6,3.0,1.0,0.3,0.1,0.7,1.3,10.2,regular
203926,2016-17,00,1610612760,OKC,25.0,22,1,19.5,2.5,5.6,0.452,1.0,2.6,0.362,0.5,0.8,0.706,0.3,2.0,2.2,0.6,0.1,0.0,0.3,1.0,6.6,regular
203926,2016-17,00,0,TOT,25.0,66,5,22.8,3.4,7.5,0.447,1.2,3.2,0.37,1.1,1.3,0.845,0.3,2.4,2.7,0.9,0.2,0.1,0.6,1.2,9.0,regular
203926,2017-18,00,1610612752,NYK,26.0,55,1,21.3,2.7,6.0,0.46,1.0,2.5,0.387,0.7,1.0,0.755,0.6,1.8,2.4,0.9,0.2,0.2,0.6,1.3,7.2,regular
203926,2017-18,00,1610612742,DAL,26.0,26,3,22.9,3.3,6.9,0.478,1.5,3.0,0.494,0.9,1.1,0.857,0.3,2.3,2.5,1.1,0.3,0.2,0.8,1.9,9.0,regular
203926,2017-18,00,0,TOT,26.0,81,4,21.8,2.9,6.3,0.467,1.1,2.7,0.426,0.8,1.0,0.79,0.5,2.0,2.5,1.0,0.2,0.2,0.7,1.5,7.8,regular
203926,2018-19,00,1610612754,IND,27.0,77,1,17.4,2.7,5.5,0.491,1.1,2.7,0.408,0.9,1.0,0.835,0.2,1.2,1.4,0.9,0.2,0.1,0.5,1.4,7.3,regular
203926,2019-20,00,1610612754,IND,28.0,69,0,19.9,3.9,7.9,0.488,1.9,4.3,0.435,0.7,0.8,0.828,0.4,2.1,2.5,1.1,0.2,0.1,0.6,1.7,10.3,regular
203926,2020-21,00,1610612754,IND,29.0,66,29,24.5,5.4,10.1,0.532,1.7,4.3,0.388,1.2,1.5,0.816,0.9,2.4,3.3,1.3,0.3,0.1,0.8,1.8,13.6,regular
203926,2021-22,00,1610612759,SAS,30.0,51,51,24.0,4.2,9.1,0.462,2.1,5.0,0.422,0.8,1.0,0.784,0.4,1.9,2.3,1.3,0.3,0.1,0.8,1.5,11.3,regular
203926,2022-23,00,1610612759,SAS,31.0,64,0,20.5,3.7,8.2,0.457,1.9,4.7,0.413,0.8,1.1,0.757,0.4,1.8,2.2,1.4,0.2,0.1,0.9,1.8,10.2,regular
203926,2023-24,00,1610612759,SAS,32.0,46,0,15.2,2.1,4.7,0.442,1.7,3.8,0.439,0.2,0.4,0.588,0.2,0.9,1.0,1.2,0.2,0.0,0.5,1.0,6.0,regular
203926,2023-24,00,1610612754,IND,32.0,18,0,11.3,1.6,3.8,0.406,1.0,3.1,0.321,0.1,0.1,0.5,0.1,0.5,0.6,0.7,0.3,0.0,0.2,0.9,4.2,regular
203926,2023-24,00,0,TOT,32.0,64,0,14.1,1.9,4.4,0.433,1.5,3.6,0.41,0.2,0.3,0.579,0.2,0.8,0.9,1.1,0.3,0.0,0.4,1.0,5.5,regular
203926,2024-25,00,1610612758,SAC,33.0,42,3,8.1,1.2,2.8,0.427,1.0,2.4,0.436,0.1,0.1,0.6,0.1,0.5,0.5,0.2,0.1,0.0,0.1,0.7,3.5,regular
203926,2025-26,00,1610612758,SAC,34.0,29,0,15.1,1.9,4.8,0.388,1.7,4.2,0.39,0.3,0.3,0.889,0.2,1.0,1.3,0.8,0.2,0.1,0.4,1.0,5.7,regular
203926,2014-15,00,1610612741,CHI,23.0,3,0,3.3,0.3,1.0,0.333,0.3,0.7,0.5,0.7,0.7,1.0,0.3,0.3,0.7,0.3,0.0,0.0,0.3,0.0,1.7,playoffs
203926,2016-17,00,1610612760,OKC,25.0,5,0,13.2,1.8,3.6,0.5,1.4,2.6,0.538,0.0,0.0,0.0,0.0,1.0,1.0,0.2,0.2,0.2,0.2,0.4,5.0,playoffs
203926,2018-19,00,1610612754,IND,27.0,3,0,9.7,0.7,3.3,0.2,0.0,2.3,0.0,0.7,1.3,0.5,1.0,0.7,1.7,1.3,0.0,0.3,0.0,0.7,2.0,playoffs
203926,2019-20,00,1610612754,IND,28.0,4,0,13.5,1.0,3.8,0.267,0.5,2.5,0.2,0.0,0.0,0.0,0.0,0.8,0.8,0.3,0.3,0.0,0.3,0.8,2.5,playoffs
203926,2023-24,00,1610612754,IND,32.0,10,0,6.4,0.5,1.1,0.455,0.3,0.8,0.375,0.0,0.0,0.0,0.2,0.1,0.3,0.7,0.0,0.2,0.1,0.5,1.3,playoffs
1631121,2022-23,00,1610612766,CHA,20.0,46,7,17.1,1.7,4.4,0.396,0.6,1.7,0.325,1.3,1.7,0.75,0.4,1.6,2.0,1.2,0.3,0.1,0.9,1.0,5.3,regular
1631121,2023-24,00,1610612766,CHA,21.0,59,14,14.9,1.7,3.9,0.439,0.6,1.7,0.333,1.1,1.4,0.776,0.3,1.4,1.7,0.9,0.4,0.2,0.5,1.3,5.1,regular
1631121,2024-25,00,1610612757,POR,22.0,13,0,2.5,0.3,1.1,0.286,0.0,0.3,0.0,0.4,0.5,0.833,0.2,0.1,0.2,0.2,0.1,0.0,0.3,0.2,1.0,regular
1631121,2025-26,00,1610612740,NOP,23.0,42,13,21.0,2.7,5.6,0.481,0.9,2.2,0.409,1.8,2.3,0.779,0.3,1.8,2.1,1.5,0.6,0.2,0.4,2.1,8.1,regular
1629162,2019-20,00,1610612750,MIN,24.0,30,2,19.7,2.9,5.9,0.489,1.0,2.5,0.382,0.9,1.3,0.667,0.2,1.4,1.6,4.2,1.1,0.1,1.0,1.0,7.6,regular
1629162,2020-21,00,1610612750,MIN,25.0,51,2,18.4,2.0,4.7,0.413,0.6,1.8,0.359,0.5,0.6,0.767,0.4,1.7,2.1,3.8,1.0,0.1,1.0,0.9,5.0,regular
1629162,2021-22,00,1610612750,MIN,26.0,62,3,14.5,1.4,3.2,0.44,0.4,1.4,0.318,0.5,0.6,0.75,0.4,1.2,1.5,2.9,0.9,0.2,0.6,0.9,3.8,regular
1629162,2022-23,00,1610612750,MIN,27.0,43,0,15.8,1.4,3.4,0.421,0.6,1.8,0.308,0.3,0.4,0.833,0.3,1.1,1.4,3.4,0.7,0.1,0.8,0.7,3.7,regular
1629162,2023-24,00,1610612750,MIN,28.0,56,0,11.2,1.3,2.6,0.483,0.8,1.6,0.472,0.2,0.3,0.722,0.3,1.0,1.3,2.0,0.6,0.1,0.3,0.6,3.5,regular
1629162,2024-25,00,1610612758,SAC,29.0,28,0,6.8,0.6,1.6,0.364,0.4,0.9,0.385,0.4,0.6,0.688,0.1,0.6,0.8,0.9,0.4,0.0,0.4,0.5,1.9,regular
1629162,2024-25,00,1610612759,SAS,29.0,18,0,6.9,0.8,1.6,0.536,0.5,1.1,0.45,0.3,0.3,1.0,0.1,0.4,0.5,1.5,0.3,0.1,0.3,0.3,2.5,regular
1629162,2024-25,00,0,TOT,29.0,46,0,6.8,0.7,1.6,0.431,0.4,1.0,0.413,0.4,0.5,0.773,0.1,0.5,0.7,1.1,0.3,0.0,0.3,0.4,2.1,regular
1629162,2025-26,00,1610612759,SAS,30.0,44,0,6.4,0.8,1.8,0.418,0.4,0.9,0.425,0.1,0.2,0.857,0.2,0.6,0.7,0.9,0.5,0.0,0.3,0.3,2.0,regular
1629162,2021-22,00,1610612750,MIN,26.0,5,0,16.6,2.4,3.4,0.706,0.8,1.4,0.571,0.6,0.8,0.75,0.0,2.4,2.4,3.4,1.0,0.0,0.4,1.0,6.2,playoffs
1629162,2022-23,00,1610612750,MIN,27.0,2,0,7.0,0.0,2.0,0.0,0.0,1.0,0.0,0.0,0.0,0.0,0.0,1.0,1.0,1.0,0.0,0.0,0.0,1.0,0.0,playoffs
1629162,2023-24,00,1610612750,MIN,28.0,6,0,5.0,0.3,1.5,0.222,0.0,0.8,0.0,0.0,0.3,0.0,0.0,0.7,0.7,0.3,0.0,0.0,0.3,0.2,0.7,playoffs
1629162,2025-26,00,1610612759,SAS,30.0,10,0,4.6,0.7,1.1,0.636,0.3,0.5,0.6,0.2,0.2,1.0,0.2,0.6,0.8,1.0,0.2,0.0,0.2,0.3,1.9,playoffs
1642862,2025-26,00,1610612766,CHA,20.0,31,0,11.9,1.2,3.1,0.4,0.8,1.9,0.4,1.0,1.3,0.821,0.4,1.9,2.4,0.8,0.2,0.1,0.4,1.2,4.3,regular
1629001,2018-19,00,1610612756,PHX,21.0,50,31,19.7,2.0,5.1,0.391,0.6,1.9,0.305,0.4,0.6,0.75,0.5,2.2,2.7,3.2,1.4,0.5,1.5,2.3,5.0,regular
1629001,2019-20,00,1610612763,MEM,22.0,60,8,19.5,2.7,6.7,0.401,0.7,2.3,0.286,1.6,2.0,0.769,0.7,3.0,3.7,2.9,1.3,0.3,1.4,1.8,7.6,regular
1629001,2020-21,00,1610612763,MEM,23.0,52,1,20.1,3.3,7.6,0.438,1.7,4.1,0.412,0.8,1.0,0.804,0.6,2.5,3.1,2.5,1.2,0.6,1.3,1.6,9.1,regular
1629001,2021-22,00,1610612763,MEM,24.0,73,15,22.7,3.8,9.5,0.404,1.9,5.1,0.374,1.2,1.6,0.75,0.9,3.6,4.5,2.7,1.4,0.5,1.5,1.8,10.8,regular
1629001,2022-23,00,1610612755,PHI,25.0,77,58,27.9,3.6,8.5,0.425,2.0,5.2,0.39,0.9,1.1,0.793,0.9,3.2,4.1,2.6,1.6,0.5,1.3,2.5,10.1,regular
1629001,2023-24,00,1610612755,PHI,26.0,38,33,26.9,3.7,9.5,0.386,2.0,5.6,0.36,1.7,2.1,0.835,0.7,3.0,3.7,3.0,1.6,0.4,1.0,2.2,11.1,regular
1629001,2024-25,00,1610612744,GSW,27.0,6,2,20.2,3.7,9.0,0.407,2.2,5.8,0.371,0.8,1.3,0.625,1.0,2.3,3.3,2.8,1.2,0.3,1.7,3.0,10.3,regular
1629001,2025-26,00,1610612744,GSW,27.0,49,24,23.0,4.4,10.8,0.407,1.5,5.0,0.294,2.0,2.5,0.826,0.8,2.4,3.2,2.6,1.6,0.4,1.9,1.9,12.3,regular
1629001,2020-21,00,1610612763,MEM,23.0,5,0,16.6,2.2,6.2,0.355,1.2,4.0,0.3,0.6,1.0,0.6,0.8,2.4,3.2,1.0,0.2,0.8,0.6,1.4,6.2,playoffs
1629001,2021-22,00,1610612763,MEM,24.0,10,0,17.0,2.1,6.5,0.323,1.1,4.4,0.25,0.3,0.4,0.75,0.9,2.2,3.1,1.6,1.0,0.5,1.4,0.9,5.6,playoffs
1629001,2022-23,00,1610612755,PHI,25.0,11,0,24.9,2.8,7.4,0.383,1.7,4.5,0.388,0.5,0.7,0.75,1.3,2.0,3.3,1.6,1.2,0.8,0.7,1.8,7.9,playoffs
1629001,2023-24,00,1610612755,PHI,26.0,1,0,7.0,0.0,2.0,0.0,0.0,2.0,0.0,0.0,0.0,0.0,0.0,1.0,1.0,1.0,0.0,0.0,0.0,1.0,0.0,playoffs
1630241,2020-21,00,1610612749,MIL,25.0,30,2,7.8,1.1,2.4,0.444,0.7,1.6,0.447,0.1,0.1,1.0,0.2,0.8,1.0,0.7,0.3,0.0,0.3,0.6,3.0,regular
1630241,2021-22,00,1610612763,MEM,26.0,6,0,9.7,1.3,4.0,0.333,1.2,3.8,0.304,0.3,0.7,0.5,0.2,1.0,1.2,0.7,0.0,0.0,0.3,0.5,4.2,regular
1630241,2022-23,00,1610612739,CLE,27.0,5,0,11.8,1.8,4.4,0.409,1.0,3.6,0.278,0.4,0.4,1.0,0.0,1.8,1.8,1.0,0.8,0.0,0.0,0.6,5.0,regular
1630241,2023-24,00,1610612739,CLE,28.0,61,1,17.5,2.6,6.4,0.402,2.3,5.8,0.404,0.4,0.5,0.929,0.4,1.6,2.0,1.8,0.3,0.1,0.3,1.2,8.0,regular
1630241,2024-25,00,1610612739,CLE,29.0,71,4,19.7,2.4,6.0,0.406,1.9,5.2,0.372,0.4,0.4,0.966,0.5,1.7,2.2,1.5,0.7,0.2,0.5,1.7,7.2,regular
1630241,2025-26,00,1610612739,CLE,30.0,52,38,26.5,4.3,9.3,0.461,3.0,7.2,0.421,1.1,1.3,0.855,0.5,2.0,2.6,2.4,0.6,0.1,0.8,2.4,12.8,regular
1630241,2020-21,00,1610612749,MIL,25.0,8,0,3.8,0.3,0.9,0.286,0.1,0.6,0.2,0.0,0.0,0.0,0.1,0.5,0.6,0.1,0.5,0.0,0.1,0.3,0.6,playoffs
1630241,2023-24,00,1610612739,CLE,28.0,10,0,12.5,1.0,2.9,0.345,1.0,2.7,0.37,0.3,0.3,1.0,0.2,1.0,1.2,0.9,0.0,0.0,0.0,0.9,3.3,playoffs
1630241,2024-25,00,1610612739,CLE,29.0,8,3,19.9,1.9,5.0,0.375,1.8,4.9,0.359,0.3,0.4,0.667,0.9,1.6,2.5,1.8,0.5,0.3,0.3,2.3,5.8,playoffs
1630241,2025-26,00,1610612739,CLE,30.0,17,0,19.9,2.4,5.6,0.427,1.7,4.6,0.372,1.2,1.5,0.84,0.5,0.8,1.2,1.1,0.5,0.0,0.5,2.4,7.8,playoffs
203114,2012-13,00,1610612765,DET,21.0,27,0,17.6,2.3,5.2,0.44,0.5,1.7,0.311,1.0,1.2,0.844,0.1,1.7,1.9,1.0,0.6,0.1,0.4,2.0,6.1,regular
203114,2013-14,00,1610612749,MIL,22.0,82,64,30.0,4.6,10.4,0.44,1.5,3.5,0.414,1.4,1.7,0.861,0.7,3.0,3.8,2.1,1.0,0.2,1.5,3.0,12.1,regular
203114,2014-15,00,1610612749,MIL,23.0,79,58,30.1,5.1,11.0,0.467,1.4,3.4,0.407,1.7,2.0,0.859,0.6,3.8,4.4,2.3,1.5,0.1,1.4,2.3,13.4,regular
203114,2015-16,00,1610612749,MIL,24.0,79,79,36.1,6.4,14.5,0.444,1.8,4.6,0.396,3.5,3.9,0.888,0.6,3.3,3.8,4.2,1.7,0.2,2.3,2.6,18.2,regular
203114,2016-17,00,1610612749,MIL,25.0,29,23,30.7,5.2,11.5,0.45,1.6,3.6,0.433,2.8,3.2,0.88,0.4,3.9,4.2,3.4,1.4,0.2,2.2,2.7,14.7,regular
203114,2017-18,00,1610612749,MIL,26.0,82,82,36.4,7.2,15.5,0.466,1.8,5.0,0.359,3.9,4.4,0.884,0.5,4.7,5.2,4.0,1.5,0.3,2.3,3.3,20.1,regular
203114,2018-19,00,1610612749,MIL,27.0,77,77,31.1,6.6,14.9,0.441,2.3,6.2,0.378,2.8,3.4,0.837,0.6,5.3,6.0,4.3,1.0,0.1,2.3,2.2,18.3,regular
203114,2019-20,00,1610612749,MIL,28.0,62,59,29.9,7.6,15.3,0.497,2.4,5.7,0.415,3.4,3.7,0.916,0.7,5.5,6.2,4.3,0.9,0.1,2.2,2.3,20.9,regular
203114,2020-21,00,1610612749,MIL,29.0,68,68,33.4,7.5,15.8,0.476,2.2,5.4,0.414,3.1,3.5,0.898,0.8,5.2,6.0,5.4,1.1,0.1,2.6,2.4,20.4,regular
203114,2021-22,00,1610612749,MIL,30.0,66,66,32.4,6.8,15.5,0.443,2.5,6.6,0.373,3.9,4.4,0.89,0.6,4.8,5.4,5.4,1.2,0.3,2.9,2.4,20.1,regular
203114,2022-23,00,1610612749,MIL,31.0,33,19,24.3,5.4,12.3,0.436,1.5,4.9,0.315,2.8,3.1,0.902,0.8,3.4,4.2,4.9,0.7,0.2,2.2,2.1,15.1,regular
203114,2023-24,00,1610612749,MIL,32.0,55,55,27.0,5.8,11.7,0.493,1.7,4.5,0.381,1.8,2.2,0.833,0.7,3.9,4.7,5.3,0.9,0.3,2.3,2.6,15.1,regular
203114,2024-25,00,1610612749,MIL,33.0,23,7,23.2,4.7,9.2,0.512,1.5,3.7,0.407,1.7,2.0,0.848,0.2,3.5,3.7,4.4,0.7,0.2,1.6,2.3,12.6,regular
203114,2024-25,00,1610612764,WAS,33.0,14,14,22.1,3.7,9.0,0.413,0.9,3.4,0.277,2.4,2.7,0.868,0.6,3.1,3.7,3.4,1.3,0.2,1.4,1.6,10.7,regular
203114,2024-25,00,0,TOT,33.0,37,21,22.8,4.3,9.1,0.475,1.3,3.6,0.361,1.9,2.3,0.857,0.4,3.4,3.7,4.1,0.9,0.2,1.5,2.0,11.9,regular
203114,2025-26,00,1610612764,WAS,34.0,34,34,24.3,3.8,8.8,0.433,1.0,2.9,0.333,1.7,2.0,0.841,0.9,3.1,3.9,3.3,0.8,0.3,1.7,2.5,10.3,regular
203114,2025-26,00,1610612742,DAL,34.0,29,16,21.1,3.3,8.3,0.404,1.2,3.0,0.391,2.1,2.3,0.91,0.7,2.6,3.3,2.2,0.5,0.0,1.8,2.0,10.0,regular
203114,2025-26,00,0,TOT,34.0,63,50,22.8,3.6,8.6,0.42,1.1,3.0,0.36,1.9,2.2,0.875,0.8,2.9,3.7,2.8,0.7,0.1,1.7,2.3,10.2,regular
203114,2014-15,00,1610612749,MIL,23.0,6,6,38.7,5.8,15.3,0.38,1.8,5.7,0.324,2.3,2.5,0.933,1.2,2.5,3.7,2.0,2.3,0.5,1.7,2.3,15.8,playoffs
203114,2016-17,00,1610612749,MIL,25.0,6,6,38.5,5.2,13.0,0.397,1.2,3.2,0.368,3.0,3.7,0.818,0.0,4.7,4.7,5.3,2.0,0.0,1.8,2.8,14.5,playoffs
203114,2017-18,00,1610612749,MIL,26.0,7,7,39.3,9.6,16.0,0.598,3.6,5.9,0.61,2.0,2.7,0.737,0.1,5.0,5.1,3.1,0.9,0.7,2.3,4.3,24.7,playoffs
203114,2018-19,00,1610612749,MIL,27.0,15,15,34.3,5.6,13.4,0.418,2.7,6.1,0.435,3.1,3.5,0.885,0.6,5.7,6.3,4.4,0.6,0.0,1.9,2.9,16.9,playoffs
203114,2019-20,00,1610612749,MIL,28.0,10,10,35.5,7.1,18.0,0.394,2.3,6.5,0.354,3.8,4.6,0.826,0.5,6.4,6.9,6.0,1.1,0.2,3.4,4.1,20.3,playoffs
203114,2020-21,00,1610612749,MIL,29.0,23,23,40.1,8.6,19.7,0.438,2.6,7.6,0.343,3.7,4.2,0.887,1.1,6.5,7.6,5.1,1.5,0.2,3.2,2.5,23.6,playoffs
203114,2021-22,00,1610612749,MIL,30.0,2,2,35.5,5.0,12.0,0.417,3.0,7.0,0.429,1.5,1.5,1.0,0.5,4.5,5.0,7.0,1.5,0.0,5.5,3.0,14.5,playoffs
203114,2022-23,00,1610612749,MIL,31.0,5,5,34.6,8.0,17.2,0.465,2.6,6.4,0.406,5.2,6.0,0.867,1.4,5.0,6.4,6.2,0.6,0.0,3.4,3.0,23.8,playoffs
203114,2023-24,00,1610612749,MIL,32.0,6,6,38.3,9.2,19.0,0.482,1.8,5.2,0.355,4.5,5.0,0.9,2.0,7.2,9.2,4.7,0.5,0.2,2.3,4.2,24.7,playoffs
1641706,2023-24,00,1610612766,CHA,21.0,74,68,32.2,6.4,14.6,0.44,2.5,6.7,0.373,1.9,2.3,0.827,0.8,3.4,4.3,2.4,0.9,0.6,1.8,2.5,17.3,regular
1641706,2024-25,00,1610612766,CHA,22.0,27,27,34.2,7.3,18.2,0.403,3.9,10.9,0.355,2.5,2.9,0.861,0.9,3.9,4.9,3.6,1.1,0.7,2.8,2.7,21.0,regular
1641706,2025-26,00,1610612766,CHA,23.0,65,65,30.3,7.0,16.1,0.435,3.1,8.2,0.383,3.1,3.4,0.892,1.1,3.8,4.9,3.3,1.0,0.7,2.5,2.8,20.2,regular
1641801,2024-25,00,1610612741,CHI,25.0,6,0,4.2,0.7,1.3,0.5,0.0,0.2,0.0,0.3,0.3,1.0,0.7,0.7,1.3,0.3,0.2,0.0,0.0,0.5,1.7,regular
1641801,2025-26,00,1610612741,CHI,25.0,5,0,6.6,1.2,2.6,0.462,0.4,1.2,0.333,0.2,0.4,0.5,0.2,0.4,0.6,0.8,0.4,0.0,0.0,0.4,3.0,regular
1641757,2023-24,00,1610612746,LAC,24.0,8,0,3.5,0.6,1.1,0.556,0.1,0.3,0.5,0.3,0.3,1.0,0.4,0.3,0.6,0.0,0.0,0.0,0.1,0.3,1.6,regular
1641757,2024-25,00,1610612746,LAC,25.0,37,0,11.4,1.6,3.6,0.433,0.2,1.0,0.211,0.8,0.9,0.8,0.6,0.9,1.6,0.9,0.5,0.1,0.7,0.7,4.1,regular
1641757,2025-26,00,1610612746,LAC,26.0,60,1,22.1,3.5,6.7,0.531,0.6,1.8,0.345,2.3,2.9,0.777,0.8,2.2,3.0,2.3,0.8,0.2,1.1,1.0,10.0,regular
1641757,2024-25,00,1610612746,LAC,25.0,3,0,4.3,1.0,2.3,0.429,0.0,0.3,0.0,0.3,0.7,0.5,0.0,0.7,0.7,1.3,1.0,0.0,0.0,0.0,2.3,playoffs
1631159,2023-24,00,1610612750,MIN,20.0,17,0,3.1,0.8,1.2,0.65,0.1,0.3,0.4,0.1,0.1,0.5,0.3,0.9,1.2,0.5,0.1,0.1,0.1,0.3,1.7,regular
1631159,2024-25,00,1610612750,MIN,21.0,13,0,2.5,0.5,1.2,0.4,0.0,0.4,0.0,0.6,0.6,1.0,0.2,0.6,0.8,0.0,0.2,0.1,0.2,0.2,1.5,regular
1631159,2025-26,00,1610612750,MIN,22.0,19,0,5.0,0.9,1.7,0.545,0.1,0.6,0.083,0.4,0.6,0.636,0.4,0.9,1.3,0.3,0.2,0.0,0.5,0.6,2.3,regular
1631159,2025-26,00,1610612741,CHI,22.0,27,12,23.1,4.7,8.5,0.555,1.1,3.2,0.356,1.2,1.6,0.762,1.7,4.0,5.8,1.3,0.5,0.6,1.0,2.0,11.7,regular
1631159,2025-26,00,0,TOT,22.0,46,12,15.6,3.2,5.7,0.553,0.7,2.2,0.323,0.8,1.2,0.736,1.2,2.8,3.9,0.9,0.4,0.3,0.8,1.4,7.8,regular
1631159,2023-24,00,1610612750,MIN,20.0,3,0,2.3,0.0,0.3,0.0,0.0,0.3,0.0,0.0,0.0,0.0,0.3,1.0,1.3,0.0,0.0,0.0,0.0,0.0,0.0,playoffs
1631159,2024-25,00,1610612750,MIN,21.0,3,0,4.3,2.0,2.7,0.75,0.3,0.3,1.0,0.0,0.0,0.0,1.0,0.7,1.7,0.0,0.0,0.0,0.3,0.0,4.3,playoffs
1642434,2024-25,00,1610612759,SAS,24.0,1,0,7.0,0.0,1.0,0.0,0.0,1.0,0.0,0.0,0.0,0.0,0.0,2.0,2.0,0.0,0.0,0.0,0.0,0.0,0.0,regular
1642434,2025-26,00,1610612759,SAS,25.0,3,0,2.7,1.3,2.0,0.667,0.3,1.0,0.333,0.0,0.0,0.0,0.3,0.3,0.7,0.3,0.3,0.0,0.0,0.3,3.0,regular
1642434,2025-26,00,1610612739,CLE,25.0,6,0,8.3,1.7,2.8,0.588,0.5,1.5,0.333,0.5,0.5,1.0,0.2,0.5,0.7,0.7,0.2,0.2,0.5,0.7,4.3,regular
1642434,2025-26,00,0,TOT,25.0,9,0,6.4,1.6,2.6,0.609,0.4,1.3,0.333,0.3,0.3,1.0,0.2,0.4,0.7,0.6,0.2,0.1,0.3,0.6,3.9,regular
1631169,2022-23,00,1610612750,MIN,20.0,15,0,6.4,1.2,2.4,0.5,0.1,0.4,0.333,0.5,0.5,1.0,0.3,1.3,1.7,0.3,0.3,0.4,0.2,0.7,3.1,regular
1631169,2023-24,00,1610612750,MIN,21.0,32,0,2.8,0.5,1.1,0.472,0.1,0.3,0.4,0.4,0.4,0.857,0.1,0.4,0.5,0.3,0.2,0.2,0.1,0.3,1.6,regular
1631169,2024-25,00,1610612750,MIN,22.0,46,0,6.0,1.0,2.0,0.489,0.3,0.9,0.326,0.4,0.4,0.895,0.3,0.8,1.0,0.4,0.3,0.3,0.2,0.7,2.6,regular
1631169,2025-26,00,1610612738,BOS,23.0,33,10,15.9,2.1,4.1,0.507,1.0,2.3,0.442,0.6,0.8,0.769,1.2,2.4,3.6,1.0,0.7,0.4,0.6,1.5,5.8,regular
1631169,2025-26,00,1610612751,BKN,23.0,16,1,19.3,3.6,7.3,0.491,1.9,4.8,0.395,1.8,2.2,0.8,0.5,2.0,2.5,0.8,1.3,0.8,1.4,1.4,10.8,regular
1631169,2025-26,00,0,TOT,23.0,49,11,17.0,2.6,5.1,0.5,1.3,3.1,0.418,1.0,1.2,0.787,1.0,2.2,3.2,0.9,0.9,0.5,0.9,1.5,7.4,regular
1631169,2022-23,00,1610612750,MIN,20.0,1,0,6.0,0.0,1.0,0.0,0.0,1.0,0.0,0.0,0.0,0.0,0.0,0.0,0.0,0.0,2.0,1.0,1.0,1.0,0.0,playoffs
1631169,2023-24,00,1610612750,MIN,21.0,5,0,3.6,0.4,1.8,0.222,0.4,1.0,0.4,0.0,0.0,0.0,0.2,0.8,1.0,0.6,0.0,0.0,0.0,0.4,1.2,playoffs
1631169,2024-25,00,1610612750,MIN,22.0,5,0,4.6,0.4,1.6,0.25,0.2,1.2,0.167,0.0,0.0,0.0,0.0,0.0,0.0,0.4,0.0,0.2,0.4,0.2,1.0,playoffs
1642274,2024-25,00,1610612740,NOP,21.0,73,67,26.8,3.7,6.7,0.547,0.0,0.0,0.0,1.7,2.8,0.623,3.5,4.7,8.2,1.4,0.5,1.3,1.1,2.0,9.1,regular
1642274,2025-26,00,1610612740,NOP,21.0,66,14,19.7,2.4,4.5,0.544,0.0,0.0,0.0,0.9,1.5,0.559,2.8,3.1,5.8,1.3,0.3,1.5,0.8,1.7,5.7,regular
1642349,2024-25,00,1610612760,OKC,23.0,36,1,16.6,2.5,5.1,0.495,0.6,1.7,0.383,0.8,1.0,0.829,0.5,1.4,1.9,1.8,0.7,0.1,0.8,1.9,6.5,regular
1642349,2025-26,00,1610612760,OKC,23.0,57,16,25.8,5.0,10.4,0.485,1.1,3.1,0.347,2.5,2.8,0.87,0.7,2.6,3.3,3.6,1.2,0.3,1.4,2.1,13.6,regular
1642349,2024-25,00,1610612760,OKC,23.0,12,0,7.0,1.3,2.9,0.457,0.4,1.1,0.385,0.3,0.4,0.8,0.3,0.5,0.8,0.8,0.2,0.0,0.5,0.6,3.4,playoffs
1642349,2025-26,00,1610612760,OKC,23.0,11,7,28.8,5.7,12.5,0.46,1.2,3.6,0.325,2.5,2.7,0.9,1.2,2.5,3.7,4.3,1.5,0.1,1.4,1.8,15.1,playoffs
1630558,2021-22,00,1610612758,SAC,23.0,75,19,27.7,4.7,11.2,0.418,1.3,4.3,0.316,0.7,1.1,0.659,0.4,1.8,2.2,4.2,0.7,0.3,1.5,1.9,11.5,regular
1630558,2022-23,00,1610612758,SAC,24.0,80,9,18.1,2.3,5.0,0.454,0.8,2.5,0.32,0.3,0.4,0.806,0.2,1.1,1.3,2.3,0.6,0.2,0.8,1.4,5.6,regular
1630558,2023-24,00,1610612758,SAC,25.0,72,4,15.3,2.0,4.5,0.452,0.8,2.2,0.361,0.4,0.6,0.714,0.3,1.1,1.3,1.9,0.2,0.0,0.6,1.2,5.3,regular
1630558,2024-25,00,1610612761,TOR,26.0,44,22,24.5,2.4,5.5,0.434,1.0,2.7,0.359,0.6,0.8,0.676,0.4,1.6,1.9,4.6,0.7,0.2,1.8,2.6,6.3,regular
1630558,2024-25,00,1610612748,MIA,26.0,30,15,31.6,3.9,7.7,0.504,1.4,3.1,0.447,1.1,1.6,0.702,0.6,2.1,2.7,5.3,1.4,0.3,1.7,2.3,10.3,regular
1630558,2024-25,00,0,TOT,26.0,74,37,27.4,3.0,6.4,0.468,1.1,2.9,0.398,0.8,1.1,0.69,0.5,1.8,2.3,4.9,1.0,0.2,1.7,2.5,7.9,regular
1630558,2025-26,00,1610612748,MIA,27.0,70,70,28.6,3.7,7.6,0.49,1.3,3.3,0.395,0.6,0.9,0.646,0.5,2.2,2.7,6.5,1.0,0.2,1.5,2.6,9.3,regular
1630558,2022-23,00,1610612758,SAC,24.0,7,0,20.0,2.7,6.6,0.413,1.0,3.9,0.259,0.7,0.9,0.833,0.4,0.9,1.3,1.7,0.9,0.1,0.9,1.0,7.1,playoffs
1630558,2024-25,00,1610612748,MIA,26.0,4,3,35.5,6.3,10.3,0.61,1.8,3.5,0.5,0.8,1.8,0.429,0.5,1.8,2.3,6.3,0.8,0.3,2.0,2.8,15.0,playoffs
1628378,2017-18,00,1610612762,UTA,21.0,79,71,33.4,7.5,17.2,0.437,2.4,7.0,0.34,3.0,3.8,0.805,0.7,3.1,3.7,3.7,1.5,0.3,2.7,2.7,20.5,regular
1628378,2018-19,00,1610612762,UTA,22.0,77,77,33.7,8.6,19.9,0.432,2.4,6.7,0.362,4.1,5.1,0.806,0.8,3.3,4.1,4.2,1.4,0.4,2.8,2.7,23.8,regular
1628378,2019-20,00,1610612762,UTA,23.0,69,69,34.3,8.7,19.4,0.449,2.5,6.9,0.366,4.0,4.7,0.863,0.8,3.6,4.4,4.3,1.0,0.2,2.7,2.5,24.0,regular
1628378,2020-21,00,1610612762,UTA,24.0,53,53,33.4,9.0,20.6,0.438,3.4,8.7,0.386,5.0,6.0,0.845,0.9,3.5,4.4,5.2,1.0,0.3,2.8,2.2,26.4,regular
1628378,2021-22,00,1610612762,UTA,25.0,67,67,33.8,9.2,20.5,0.448,3.5,9.8,0.355,4.0,4.7,0.853,0.8,3.4,4.2,5.3,1.5,0.2,3.0,2.4,25.9,regular
1628378,2022-23,00,1610612739,CLE,26.0,68,68,35.8,10.0,20.6,0.484,3.6,9.3,0.386,4.7,5.4,0.867,0.9,3.3,4.3,4.4,1.5,0.4,2.6,2.5,28.3,regular
1628378,2023-24,00,1610612739,CLE,27.0,55,55,35.3,9.1,19.8,0.462,3.3,9.0,0.368,5.0,5.8,0.865,0.8,4.3,5.1,6.1,1.8,0.5,2.8,2.1,26.6,regular
1628378,2024-25,00,1610612739,CLE,28.0,71,71,31.4,8.2,18.6,0.443,3.3,8.9,0.368,4.2,5.1,0.823,0.8,3.7,4.5,5.0,1.3,0.2,2.1,2.0,24.0,regular
1628378,2025-26,00,1610612739,CLE,29.0,70,70,33.5,9.7,20.0,0.483,3.2,8.8,0.364,5.3,6.1,0.865,0.7,3.8,4.5,5.7,1.5,0.3,2.8,2.3,27.9,regular
1628378,2017-18,00,1610612762,UTA,21.0,11,11,37.4,9.3,22.1,0.42,2.3,7.3,0.313,3.5,3.9,0.907,0.8,5.1,5.9,4.2,1.5,0.4,2.9,3.2,24.4,playoffs
1628378,2018-19,00,1610612762,UTA,22.0,5,5,38.6,7.2,22.4,0.321,2.2,8.6,0.256,4.8,6.6,0.727,1.4,3.6,5.0,3.2,1.6,0.2,4.2,3.0,21.4,playoffs
1628378,2019-20,00,1610612762,UTA,23.0,7,7,37.7,11.9,22.4,0.529,4.7,9.1,0.516,7.9,8.3,0.948,0.9,4.1,5.0,4.9,1.0,0.3,4.1,1.6,36.3,playoffs
1628378,2020-21,00,1610612762,UTA,24.0,10,10,34.6,10.5,23.5,0.447,5.0,11.5,0.435,6.3,7.6,0.829,0.3,3.9,4.2,5.5,1.1,0.2,2.8,2.0,32.3,playoffs
1628378,2021-22,00,1610612762,UTA,25.0,6,6,38.3,8.8,22.2,0.398,1.7,8.0,0.208,6.2,7.0,0.881,1.0,3.3,4.3,5.7,0.7,0.5,2.7,2.3,25.5,playoffs
1628378,2022-23,00,1610612739,CLE,26.0,5,5,41.4,9.0,20.8,0.433,2.6,9.0,0.289,2.6,3.6,0.722,0.6,4.4,5.0,7.2,2.0,0.6,3.8,2.8,23.2,playoffs
1628378,2023-24,00,1610612739,CLE,27.0,10,10,38.2,10.7,22.5,0.476,2.9,8.2,0.354,5.3,6.5,0.815,0.6,4.8,5.4,4.7,1.3,0.3,2.8,2.9,29.6,playoffs
1628378,2024-25,00,1610612739,CLE,28.0,9,9,32.0,9.6,21.6,0.443,3.1,9.3,0.333,7.3,9.9,0.742,1.2,3.4,4.7,3.9,1.9,0.3,1.9,2.0,29.6,playoffs
1628378,2025-26,00,1610612739,CLE,29.0,18,18,36.2,9.5,21.1,0.451,2.8,8.7,0.327,4.2,5.1,0.815,0.8,4.0,4.8,3.1,1.2,0.3,2.6,3.1,26.0,playoffs
1630596,2021-22,00,1610612739,CLE,21.0,69,69,33.8,6.1,12.0,0.508,0.3,1.3,0.25,2.4,3.7,0.663,2.1,6.2,8.3,2.5,0.8,1.7,1.9,2.1,15.0,regular
1630596,2022-23,00,1610612739,CLE,22.0,79,79,34.4,6.6,12.0,0.554,0.3,1.3,0.216,2.6,3.8,0.674,2.4,6.6,9.0,2.8,0.8,1.5,1.8,2.8,16.2,regular
1630596,2023-24,00,1610612739,CLE,23.0,50,50,30.6,6.4,11.0,0.58,0.4,1.2,0.373,2.5,3.4,0.719,2.2,7.1,9.4,3.2,0.9,1.4,1.8,2.7,15.7,regular
1630596,2024-25,00,1610612739,CLE,24.0,71,71,30.5,7.1,12.8,0.557,1.2,3.2,0.37,3.1,4.3,0.725,2.3,7.0,9.3,3.2,0.9,1.6,2.0,2.0,18.5,regular
1630596,2025-26,00,1610612739,CLE,24.0,65,63,31.9,7.2,13.2,0.546,1.0,3.2,0.297,2.8,4.6,0.606,2.4,6.6,9.0,3.6,0.7,1.7,1.9,2.4,18.2,regular
1630596,2022-23,00,1610612739,CLE,22.0,5,5,37.6,4.4,9.6,0.458,0.0,0.2,0.0,1.0,1.6,0.625,3.0,7.0,10.0,2.0,0.6,1.2,2.4,2.6,9.8,playoffs
1630596,2023-24,00,1610612739,CLE,23.0,12,12,35.2,6.8,12.2,0.555,0.4,1.5,0.278,2.1,3.0,0.694,2.5,6.8,9.3,2.3,0.8,2.2,1.8,2.8,16.0,playoffs
1630596,2024-25,00,1610612739,CLE,24.0,8,8,32.1,6.4,10.9,0.586,1.8,3.9,0.452,2.6,3.1,0.84,2.6,5.5,8.1,1.6,1.1,1.0,1.4,1.3,17.1,playoffs
1630596,2025-26,00,1610612739,CLE,24.0,18,18,35.6,6.3,11.8,0.535,1.3,3.9,0.338,3.0,4.8,0.621,2.1,6.0,8.1,3.9,0.9,1.8,2.3,2.4,17.0,playoffs
1642367,2024-25,00,1610612761,TOR,23.0,63,18,20.4,2.5,5.7,0.438,0.3,1.1,0.243,1.0,1.3,0.732,1.7,3.2,4.9,2.3,0.9,0.5,1.1,2.2,6.2,regular
1642367,2025-26,00,1610612761,TOR,24.0,40,0,6.2,0.7,1.1,0.591,0.0,0.0,0.0,0.2,0.4,0.643,0.5,1.2,1.7,0.6,0.3,0.2,0.4,0.7,1.5,regular
1642367,2025-26,00,1610612761,TOR,24.0,3,0,1.3,0.7,0.7,1.0,0.0,0.0,0.0,0.0,0.0,0.0,0.0,0.0,0.0,0.0,0.0,0.0,0.0,0.3,1.3,playoffs
1628370,2017-18,00,1610612766,CHA,20.0,63,0,13.6,2.4,6.7,0.36,1.3,3.9,0.342,0.5,0.6,0.842,0.1,0.9,1.0,1.4,0.3,0.1,0.8,1.0,6.7,regular
1628370,2018-19,00,1610612766,CHA,21.0,73,0,17.2,3.1,8.0,0.387,1.5,4.5,0.33,1.2,1.4,0.882,0.2,1.7,1.9,1.6,0.5,0.3,1.2,1.5,8.9,regular
1628370,2019-20,00,1610612766,CHA,22.0,55,1,21.3,3.9,8.9,0.434,1.1,3.7,0.284,1.5,1.8,0.82,0.5,2.4,2.9,2.1,0.5,0.3,1.4,1.3,10.3,regular
1628370,2020-21,00,1610612766,CHA,23.0,42,0,20.9,4.1,9.5,0.434,2.0,5.0,0.401,1.4,1.7,0.819,0.3,2.1,2.4,2.1,0.5,0.1,1.3,1.1,11.7,regular
1628370,2021-22,00,1610612747,LAL,24.0,76,37,28.1,5.1,10.9,0.473,2.3,5.8,0.391,1.2,1.5,0.795,0.5,2.9,3.4,2.9,0.8,0.4,1.6,1.8,13.8,regular
1628370,2022-23,00,1610612758,SAC,25.0,77,0,22.3,4.6,10.3,0.448,1.9,5.2,0.359,2.4,2.7,0.889,0.4,2.2,2.6,3.9,0.6,0.3,1.9,1.6,13.5,regular
1628370,2023-24,00,1610612758,SAC,26.0,72,0,26.0,5.5,12.4,0.443,2.1,5.9,0.35,2.4,2.8,0.829,0.4,2.6,2.9,5.1,0.6,0.5,2.1,2.2,15.4,regular
1628370,2024-25,00,1610612758,SAC,27.0,65,45,31.6,6.3,14.4,0.439,2.1,6.6,0.325,2.4,2.7,0.865,0.5,3.3,3.8,5.6,0.9,0.6,2.4,2.4,17.2,regular
1628370,2025-26,00,1610612758,SAC,28.0,62,3,22.0,4.5,10.2,0.438,2.0,5.1,0.395,1.5,1.7,0.879,0.2,1.6,1.9,3.0,0.6,0.4,1.5,1.6,12.5,regular
1628370,2022-23,00,1610612758,SAC,25.0,7,0,29.3,5.4,13.3,0.409,1.9,5.6,0.333,6.3,7.0,0.898,0.9,4.6,5.4,3.6,0.7,0.4,2.0,2.1,19.0,playoffs
1630541,2021-22,00,1610612744,GSW,20.0,52,11,11.7,1.5,3.5,0.437,0.8,2.1,0.364,0.5,0.7,0.778,0.3,1.2,1.5,0.4,0.1,0.2,0.3,0.8,4.4,regular
1630541,2022-23,00,1610612744,GSW,21.0,63,3,13.0,1.7,3.6,0.476,0.8,2.1,0.363,0.6,0.8,0.698,0.4,1.2,1.7,0.8,0.3,0.1,0.5,0.9,4.8,regular
1630541,2023-24,00,1610612744,GSW,22.0,66,9,17.5,2.9,6.4,0.462,1.1,3.0,0.36,1.1,1.4,0.785,1.0,2.0,3.0,0.9,0.6,0.4,0.7,1.4,8.1,regular
1630541,2024-25,00,1610612744,GSW,23.0,74,34,22.3,3.3,7.7,0.433,1.7,4.6,0.374,1.4,1.8,0.797,0.7,1.9,2.6,1.3,0.8,0.4,0.7,1.6,9.8,regular
1630541,2025-26,00,1610612744,GSW,23.0,60,49,25.7,4.1,9.3,0.44,2.5,6.3,0.401,1.5,1.9,0.77,0.9,2.5,3.3,1.6,1.0,0.6,1.0,2.0,12.1,regular
1630541,2021-22,00,1610612744,GSW,20.0,13,0,8.1,1.2,2.2,0.536,0.5,1.0,0.538,0.3,0.5,0.667,0.2,0.5,0.6,0.3,0.2,0.2,0.2,0.3,3.2,playoffs
1630541,2022-23,00,1610612744,GSW,21.0,12,0,13.4,1.9,3.6,0.535,1.1,1.8,0.591,0.9,1.0,0.917,0.6,2.0,2.6,0.7,0.4,0.3,0.2,1.5,5.8,playoffs
1630541,2024-25,00,1610612744,GSW,23.0,12,2,16.1,2.3,6.7,0.35,1.3,3.8,0.333,1.2,1.4,0.824,0.8,1.4,2.2,1.2,0.5,0.3,0.3,1.3,7.1,playoffs
1631111,2022-23,00,1610612750,MIN,21.0,29,2,5.3,0.6,1.5,0.419,0.1,0.6,0.118,0.1,0.2,0.8,0.1,0.5,0.6,0.6,0.3,0.2,0.3,0.4,1.4,regular
1631111,2023-24,00,1610612750,MIN,22.0,25,0,3.0,0.4,0.7,0.5,0.0,0.2,0.0,0.0,0.0,0.0,0.0,0.5,0.5,0.2,0.2,0.0,0.2,0.2,0.7,regular
1631111,2024-25,00,1610612765,DET,23.0,20,1,11.0,1.2,2.5,0.46,0.2,0.7,0.286,0.7,0.7,0.929,0.6,1.7,2.2,1.2,0.5,0.2,0.5,0.8,3.2,regular
1631111,2024-25,00,1610612766,CHA,23.0,16,0,17.5,2.3,4.8,0.474,0.6,1.7,0.37,0.3,0.5,0.625,1.2,2.0,3.2,1.2,0.6,0.1,1.1,1.0,5.4,regular
1631111,2024-25,00,0,TOT,23.0,36,1,13.9,1.6,3.5,0.468,0.4,1.1,0.341,0.5,0.6,0.818,0.8,1.8,2.6,1.2,0.6,0.1,0.8,0.9,4.2,regular
1631111,2025-26,00,1610612765,DET,24.0,6,0,10.0,0.7,1.2,0.571,0.0,0.2,0.0,0.3,0.3,1.0,0.2,0.8,1.0,0.7,0.3,0.3,0.2,0.5,1.7,regular
1631111,2022-23,00,1610612750,MIN,21.0,1,0,2.0,0.0,0.0,0.0,0.0,0.0,0.0,0.0,0.0,0.0,0.0,0.0,0.0,0.0,0.0,0.0,1.0,0.0,0.0,playoffs
1631111,2023-24,00,1610612750,MIN,22.0,6,0,3.0,0.5,1.2,0.429,0.2,0.7,0.25,0.0,0.0,0.0,0.0,0.3,0.3,0.3,0.2,0.0,0.2,0.5,1.2,playoffs
1629630,2019-20,00,1610612763,MEM,20.0,67,67,31.0,6.7,14.0,0.477,0.9,2.7,0.335,3.6,4.6,0.776,0.8,3.1,3.9,7.3,0.9,0.3,3.3,1.6,17.8,regular
1629630,2020-21,00,1610612763,MEM,21.0,63,63,32.6,6.8,15.2,0.449,1.2,3.8,0.303,4.3,5.9,0.728,0.9,3.1,4.0,7.4,0.9,0.2,3.2,1.4,19.1,regular
1629630,2021-22,00,1610612763,MEM,22.0,57,57,33.1,10.2,20.6,0.493,1.5,4.5,0.344,5.5,7.3,0.761,1.4,4.4,5.7,6.7,1.2,0.4,3.4,1.5,27.4,regular
1629630,2022-23,00,1610612763,MEM,23.0,61,59,31.9,9.3,19.9,0.466,1.5,4.9,0.307,6.1,8.1,0.748,1.0,4.9,5.9,8.1,1.1,0.3,3.4,1.6,26.2,regular
1629630,2023-24,00,1610612763,MEM,24.0,9,9,35.3,8.9,18.9,0.471,1.6,5.7,0.275,5.8,7.1,0.813,0.7,4.9,5.6,8.1,0.8,0.6,3.0,2.1,25.1,regular
1629630,2024-25,00,1610612763,MEM,25.0,50,50,30.4,8.1,17.8,0.454,1.8,5.7,0.309,5.3,6.4,0.824,0.7,3.4,4.1,7.3,1.2,0.2,3.7,2.3,23.2,regular
1629630,2025-26,00,1610612763,MEM,26.0,20,20,28.5,6.6,16.1,0.41,1.0,4.3,0.235,5.3,5.9,0.897,0.4,2.9,3.3,8.1,1.0,0.3,3.6,2.0,19.5,regular
1629630,2020-21,00,1610612763,MEM,21.0,5,5,40.6,11.0,22.6,0.487,2.0,6.2,0.323,6.2,8.0,0.775,1.4,3.4,4.8,8.2,0.4,0.0,3.4,1.8,30.2,playoffs
1629630,2021-22,00,1610612763,MEM,22.0,9,9,37.6,9.0,20.4,0.44,1.9,5.6,0.34,7.2,9.7,0.747,1.4,6.6,8.0,9.8,2.0,0.4,3.6,2.4,27.1,playoffs
1629630,2022-23,00,1610612763,MEM,23.0,5,5,37.4,9.0,21.2,0.425,2.6,6.2,0.419,4.0,5.2,0.769,1.6,5.2,6.8,7.0,1.8,0.2,3.4,2.4,24.6,playoffs
1629630,2024-25,00,1610612763,MEM,25.0,3,3,27.3,7.3,17.7,0.415,1.3,5.3,0.25,2.3,3.7,0.636,0.3,1.7,2.0,5.0,0.7,0.7,2.0,1.0,18.3,playoffs
1628420,2017-18,00,1610612743,DEN,23.0,3,0,8.3,1.3,2.0,0.667,0.0,0.3,0.0,0.7,0.7,1.0,0.0,0.7,0.7,2.3,1.0,0.0,0.3,0.3,3.3,regular
1628420,2018-19,00,1610612743,DEN,24.0,82,6,24.0,4.2,8.6,0.493,1.1,2.8,0.414,0.8,1.0,0.802,0.4,1.9,2.4,3.6,0.9,0.0,0.6,1.2,10.4,regular
1628420,2019-20,00,1610612743,DEN,25.0,73,12,22.4,3.6,7.8,0.459,0.9,2.4,0.378,1.0,1.2,0.843,0.3,1.5,1.9,3.5,0.8,0.2,0.7,1.0,9.0,regular
1628420,2020-21,00,1610612743,DEN,26.0,47,13,25.4,4.0,8.2,0.481,1.1,2.9,0.381,1.2,1.6,0.795,0.2,1.8,2.0,3.2,0.7,0.3,0.7,1.0,10.2,regular
1628420,2021-22,00,1610612743,DEN,27.0,75,74,29.9,5.0,10.3,0.484,1.7,4.2,0.395,1.0,1.1,0.869,0.4,2.7,3.0,4.4,0.7,0.2,1.0,1.2,12.6,regular
1628420,2022-23,00,1610612764,WAS,28.0,62,61,27.4,4.0,8.3,0.48,1.3,3.3,0.382,1.0,1.2,0.831,0.4,3.0,3.4,5.3,0.7,0.2,1.0,1.2,10.3,regular
1628420,2023-24,00,1610612765,DET,29.0,6,0,11.3,2.0,5.5,0.364,0.3,1.8,0.182,0.2,0.3,0.5,0.3,1.7,2.0,1.3,0.2,0.2,0.3,0.2,4.5,regular
1628420,2023-24,00,1610612750,MIN,29.0,27,0,15.1,1.9,4.4,0.417,0.9,2.2,0.424,0.4,0.6,0.706,0.2,1.5,1.7,2.3,0.7,0.3,0.2,0.5,5.1,regular
1628420,2023-24,00,0,TOT,29.0,33,0,14.4,1.9,4.6,0.405,0.8,2.1,0.386,0.4,0.6,0.684,0.2,1.5,1.7,2.1,0.6,0.3,0.2,0.4,5.0,regular
1628420,2024-25,00,1610612756,PHX,30.0,45,0,12.7,1.8,4.3,0.426,0.7,1.9,0.36,0.8,0.9,0.857,0.3,1.2,1.5,1.6,0.4,0.1,0.5,0.5,5.2,regular
1628420,2025-26,00,1610612754,IND,30.0,6,0,10.8,1.2,3.3,0.35,0.3,1.3,0.25,0.3,0.7,0.5,0.2,1.0,1.2,1.5,0.2,0.2,0.3,0.5,3.0,regular
1628420,2018-19,00,1610612743,DEN,24.0,14,0,16.0,2.4,6.1,0.384,0.0,0.9,0.0,0.6,0.9,0.692,0.2,1.1,1.4,2.6,0.4,0.1,0.4,1.1,5.4,playoffs
1628420,2019-20,00,1610612743,DEN,25.0,19,4,21.4,3.5,7.0,0.496,0.6,2.1,0.3,1.5,1.8,0.824,0.2,1.3,1.5,2.7,0.6,0.1,0.5,1.1,9.1,playoffs
1628420,2020-21,00,1610612743,DEN,26.0,10,1,28.6,5.0,11.6,0.431,1.6,4.0,0.4,2.1,2.9,0.724,0.7,1.7,2.4,5.5,1.0,0.2,0.7,1.2,13.7,playoffs
1628420,2021-22,00,1610612743,DEN,27.0,5,5,31.2,5.0,10.2,0.49,2.2,5.2,0.423,1.8,2.4,0.75,0.2,2.0,2.2,5.4,1.2,0.0,1.6,2.8,14.0,playoffs
1628420,2023-24,00,1610612750,MIN,29.0,9,0,7.4,1.0,3.3,0.3,0.1,1.6,0.071,0.2,0.2,1.0,0.1,0.6,0.7,1.0,0.2,0.1,0.0,0.7,2.3,playoffs
1630530,2021-22,00,1610612740,NOP,22.0,62,1,13.9,1.8,4.5,0.394,1.1,3.0,0.382,0.7,0.8,0.882,0.8,1.6,2.4,0.6,0.4,0.1,0.3,1.0,5.4,regular
1630530,2022-23,00,1610612740,NOP,23.0,79,65,31.0,4.9,10.1,0.484,2.6,6.3,0.406,2.2,2.4,0.905,0.7,2.8,3.6,1.4,1.1,0.5,0.8,2.0,14.5,regular
1630530,2023-24,00,1610612740,NOP,24.0,57,23,29.6,4.8,10.9,0.443,3.0,7.8,0.38,2.2,2.6,0.815,0.7,4.2,4.9,2.2,0.9,0.5,0.6,1.2,14.8,regular
1630530,2024-25,00,1610612740,NOP,25.0,53,51,35.0,7.2,15.8,0.454,3.0,8.3,0.361,3.8,4.3,0.887,0.9,4.2,5.1,3.5,1.1,0.7,1.9,2.1,21.2,regular
1630530,2025-26,00,1610612740,NOP,25.0,66,66,35.5,7.5,15.9,0.47,3.2,8.6,0.379,3.3,3.7,0.886,1.0,4.8,5.7,3.8,1.5,0.4,1.8,2.1,21.5,regular
1630530,2021-22,00,1610612740,NOP,22.0,6,0,20.0,1.5,3.7,0.409,1.5,3.2,0.474,0.7,0.8,0.8,0.5,2.0,2.5,0.5,0.5,0.2,0.2,1.5,5.2,playoffs
1630530,2023-24,00,1610612740,NOP,24.0,4,4,42.0,4.5,12.0,0.375,2.5,7.5,0.333,0.0,0.0,0.0,0.8,5.8,6.5,2.3,1.3,1.5,2.0,3.0,11.5,playoffs
1627749,2016-17,00,1610612759,SAS,20.0,38,8,8.5,1.3,3.1,0.431,0.2,0.6,0.391,0.6,0.8,0.7,0.2,0.9,1.1,1.3,0.2,0.2,1.0,0.8,3.4,regular
1627749,2017-18,00,1610612759,SAS,21.0,81,48,21.5,3.3,7.5,0.443,0.1,0.4,0.265,1.3,1.8,0.709,1.4,4.3,5.7,2.9,1.2,0.4,1.7,1.9,8.1,regular
1627749,2019-20,00,1610612759,SAS,23.0,66,58,25.6,4.5,9.7,0.462,0.6,1.7,0.369,1.4,1.7,0.798,1.0,4.8,5.8,4.1,1.7,0.3,1.9,2.2,10.9,regular
1627749,2020-21,00,1610612759,SAS,24.0,67,67,31.9,6.6,14.5,0.453,0.9,3.0,0.317,1.6,2.0,0.791,0.9,6.2,7.1,5.4,1.5,0.1,1.7,2.0,15.7,regular
1627749,2021-22,00,1610612759,SAS,25.0,68,68,34.8,8.4,18.3,0.462,1.4,4.3,0.327,2.9,3.6,0.794,1.2,7.1,8.3,9.2,2.0,0.3,2.6,2.0,21.1,regular
1627749,2022-23,00,1610612737,ATL,26.0,74,74,36.4,8.3,17.8,0.464,1.8,5.2,0.344,2.1,2.6,0.832,0.7,4.5,5.3,6.1,1.5,0.3,2.2,1.4,20.5,regular
1627749,2023-24,00,1610612737,ATL,27.0,78,78,35.7,8.6,18.8,0.459,2.6,7.1,0.363,2.7,3.4,0.794,0.8,4.5,5.3,6.4,1.4,0.3,2.6,1.8,22.5,regular
1627749,2024-25,00,1610612740,NOP,28.0,31,31,32.6,6.3,15.9,0.393,1.7,5.6,0.299,3.3,4.0,0.823,0.5,5.9,6.5,7.4,2.0,0.4,3.4,2.0,17.5,regular
1627749,2025-26,00,1610612740,NOP,29.0,14,14,27.8,6.3,13.0,0.484,1.4,4.4,0.306,2.8,3.2,0.867,0.3,5.1,5.4,6.4,1.6,0.2,3.4,2.4,16.7,regular
1627749,2016-17,00,1610612759,SAS,20.0,11,2,15.3,2.1,5.5,0.377,0.0,0.3,0.0,1.5,2.3,0.68,0.4,2.1,2.5,2.5,1.5,0.1,1.5,1.3,5.7,playoffs
1627749,2017-18,00,1610612759,SAS,21.0,5,5,19.2,2.8,6.2,0.452,0.8,1.2,0.667,1.4,1.8,0.778,0.8,3.4,4.2,1.8,1.0,0.4,1.0,2.2,7.8,playoffs
1627749,2022-23,00,1610612737,ATL,26.0,5,5,38.0,9.2,20.6,0.447,2.8,7.4,0.378,1.8,1.8,1.0,1.8,5.4,7.2,6.8,2.0,0.2,2.0,1.4,23.0,playoffs
1627750,2016-17,00,1610612743,DEN,20.0,82,9,21.5,3.6,8.9,0.404,1.4,4.2,0.334,1.3,1.5,0.883,0.5,2.1,2.6,2.1,0.6,0.3,1.4,1.5,9.9,regular
1627750,2017-18,00,1610612743,DEN,21.0,81,80,31.7,5.9,13.1,0.451,2.0,5.4,0.378,2.8,3.1,0.905,1.0,2.7,3.7,3.4,1.0,0.3,2.1,2.1,16.7,regular
1627750,2018-19,00,1610612743,DEN,22.0,75,74,32.6,6.8,15.6,0.437,2.0,5.5,0.367,2.5,3.0,0.848,0.9,3.4,4.2,4.8,0.9,0.4,2.1,2.0,18.2,regular
1627750,2019-20,00,1610612743,DEN,23.0,59,59,32.3,6.9,15.2,0.456,1.9,5.5,0.346,2.8,3.1,0.881,0.8,3.2,4.0,4.8,1.1,0.3,2.2,1.7,18.5,regular
1627750,2020-21,00,1610612743,DEN,24.0,48,48,35.5,7.9,16.5,0.477,2.7,6.6,0.408,2.8,3.2,0.869,0.8,3.3,4.0,4.8,1.3,0.3,2.3,2.0,21.2,regular
1627750,2022-23,00,1610612743,DEN,26.0,65,65,32.8,7.3,16.0,0.454,2.6,6.6,0.398,2.8,3.3,0.833,0.7,3.2,4.0,6.2,1.0,0.2,2.2,1.6,20.0,regular
1627750,2023-24,00,1610612743,DEN,27.0,59,59,31.5,8.0,16.7,0.481,2.5,5.8,0.425,2.7,3.1,0.853,0.7,3.4,4.1,6.5,1.0,0.7,2.1,1.8,21.2,regular
1627750,2024-25,00,1610612743,DEN,28.0,67,67,36.1,7.9,16.7,0.474,2.3,5.9,0.393,3.3,3.7,0.886,0.7,3.2,3.9,6.0,1.4,0.5,2.1,1.9,21.4,regular
1627750,2025-26,00,1610612743,DEN,29.0,75,75,35.4,8.8,18.1,0.483,3.3,7.5,0.435,4.6,5.2,0.887,0.4,4.0,4.4,7.1,0.9,0.4,2.3,1.7,25.4,regular
1627750,2018-19,00,1610612743,DEN,22.0,14,14,36.3,7.6,18.0,0.425,2.0,5.9,0.337,4.0,4.4,0.903,1.4,3.0,4.4,4.7,1.0,0.1,1.6,1.7,21.3,playoffs
1627750,2019-20,00,1610612743,DEN,23.0,19,19,39.6,9.8,19.4,0.505,3.3,7.2,0.453,3.7,4.1,0.897,1.1,3.8,4.8,6.6,0.9,0.3,2.8,2.2,26.5,playoffs
1627750,2022-23,00,1610612743,DEN,26.0,20,20,40.0,9.7,20.5,0.473,3.0,7.5,0.396,3.8,4.1,0.926,0.8,4.9,5.7,7.1,1.5,0.3,2.5,2.1,26.1,playoffs
1627750,2023-24,00,1610612743,DEN,27.0,12,12,38.5,8.3,20.8,0.402,1.9,6.1,0.315,2.0,2.2,0.923,0.8,3.6,4.3,5.6,0.8,0.5,2.6,2.3,20.6,playoffs
1627750,2024-25,00,1610612743,DEN,28.0,14,14,41.3,7.9,17.9,0.444,2.4,6.9,0.354,3.5,4.0,0.875,0.6,4.2,4.9,5.2,1.2,0.8,3.1,2.2,21.8,playoffs
1627750,2025-26,00,1610612743,DEN,29.0,6,6,39.7,7.7,21.5,0.357,1.8,7.0,0.262,6.5,6.7,0.975,1.2,3.8,5.0,5.7,0.8,0.3,2.2,1.7,23.7,playoffs
1631099,2022-23,00,1610612758,SAC,22.0,80,78,29.8,4.4,9.8,0.453,2.6,6.3,0.411,0.8,1.0,0.765,1.1,3.5,4.6,1.2,0.8,0.5,0.8,2.0,12.2,regular
1631099,2023-24,00,1610612758,SAC,23.0,77,77,33.6,5.8,12.7,0.454,2.4,6.6,0.358,1.3,1.6,0.831,1.4,4.1,5.5,1.7,1.0,0.8,0.8,2.7,15.2,regular
1631099,2024-25,00,1610612758,SAC,24.0,76,76,34.3,4.8,10.8,0.444,2.0,5.9,0.343,0.8,0.9,0.833,1.9,4.8,6.7,1.4,0.8,0.9,0.8,2.4,12.4,regular
1631099,2025-26,00,1610612758,SAC,25.0,23,22,34.5,5.5,13.0,0.42,1.3,4.9,0.277,1.7,2.1,0.776,1.4,4.3,5.7,1.7,1.0,1.6,1.2,1.8,14.0,regular
1631099,2022-23,00,1610612758,SAC,22.0,7,7,27.7,3.7,8.3,0.448,1.7,4.6,0.375,0.6,0.9,0.667,2.1,4.1,6.3,0.7,0.6,0.3,0.6,2.6,9.7,playoffs
1631200,2023-24,00,1610612757,POR,23.0,62,29,21.7,2.3,5.9,0.396,0.8,3.0,0.268,0.6,0.9,0.661,1.4,2.2,3.6,1.3,0.9,0.3,0.9,1.5,6.1,regular
1631200,2024-25,00,1610612757,POR,24.0,69,6,15.1,1.7,4.0,0.419,0.4,1.7,0.225,0.4,0.8,0.456,1.1,1.5,2.6,1.0,0.5,0.2,0.6,1.0,4.2,regular
1631200,2025-26,00,1610612757,POR,25.0,57,15,23.4,2.3,4.8,0.467,0.6,2.1,0.279,0.7,1.0,0.684,1.6,2.0,3.6,1.4,0.9,0.4,0.8,1.6,5.8,regular
1631200,2025-26,00,1610612757,POR,25.0,5,0,5.0,0.4,0.8,0.5,0.0,0.4,0.0,0.2,0.4,0.5,0.2,0.4,0.6,0.0,0.0,0.0,0.6,0.6,1.0,playoffs
1642867,2025-26,00,1610612761,TOR,20.0,57,22,21.9,3.5,6.0,0.579,0.3,0.9,0.34,1.2,1.9,0.657,2.3,2.7,5.0,1.9,0.9,0.9,1.0,2.6,8.5,regular
1642867,2025-26,00,1610612761,TOR,20.0,7,0,27.3,6.0,9.1,0.656,0.0,0.4,0.0,2.4,3.1,0.773,3.0,3.4,6.4,2.4,1.3,1.1,1.9,2.3,14.4,playoffs
1629004,2018-19,00,1610612747,LAL,22.0,39,0,10.8,1.1,3.4,0.333,0.7,2.2,0.318,0.3,0.5,0.6,0.2,0.7,0.9,0.8,0.3,0.0,0.5,0.6,3.3,regular
1629004,2018-19,00,1610612765,DET,22.0,3,0,6.7,0.7,2.7,0.25,0.7,1.3,0.5,0.0,0.0,0.0,0.3,0.3,0.7,1.3,0.3,0.0,0.3,0.0,2.0,regular
1629004,2018-19,00,0,TOT,22.0,42,0,10.5,1.1,3.3,0.329,0.7,2.1,0.326,0.3,0.5,0.6,0.2,0.6,0.9,0.9,0.3,0.0,0.5,0.6,3.2,regular
1629004,2019-20,00,1610612765,DET,23.0,56,27,22.6,3.0,7.2,0.41,2.1,5.1,0.404,1.0,1.3,0.814,0.3,1.6,1.9,1.9,0.7,0.1,1.1,1.6,9.0,regular
1629004,2020-21,00,1610612765,DET,24.0,36,5,17.6,2.3,6.2,0.377,1.6,4.8,0.333,0.7,0.8,0.8,0.3,1.8,2.1,1.6,0.8,0.2,1.1,0.9,6.9,regular
1629004,2020-21,00,1610612760,OKC,24.0,30,9,23.0,4.1,9.4,0.438,1.6,4.8,0.336,0.5,0.7,0.7,0.4,2.5,3.0,1.8,0.8,0.2,1.6,1.0,10.3,regular
1629004,2020-21,00,0,TOT,24.0,66,14,20.1,3.2,7.7,0.411,1.6,4.8,0.334,0.6,0.8,0.76,0.4,2.1,2.5,1.7,0.8,0.2,1.3,1.0,8.5,regular
1629004,2021-22,00,1610612761,TOR,25.0,56,5,12.8,1.6,4.2,0.389,0.7,2.4,0.306,0.6,0.7,0.865,0.4,1.3,1.6,0.8,0.5,0.1,0.6,1.0,4.6,regular
1629004,2022-23,00,1610612752,NYK,26.0,13,0,3.1,0.5,0.9,0.5,0.5,0.8,0.6,0.2,0.4,0.6,0.0,0.5,0.5,0.1,0.1,0.0,0.2,0.1,1.6,regular
1629004,2022-23,00,1610612766,CHA,26.0,19,8,22.5,3.7,8.5,0.441,1.9,4.7,0.404,1.2,1.8,0.676,0.8,1.6,2.4,2.7,0.7,0.2,1.2,1.2,10.6,regular
1629004,2022-23,00,0,TOT,26.0,32,8,14.6,2.4,5.4,0.445,1.3,3.1,0.424,0.8,1.2,0.667,0.5,1.2,1.7,1.7,0.5,0.1,0.8,0.7,6.9,regular
1629004,2023-24,00,1610612738,BOS,27.0,41,2,10.1,1.4,3.3,0.416,1.0,2.6,0.389,0.1,0.2,0.667,0.3,1.0,1.2,0.9,0.3,0.0,0.3,0.5,4.0,regular
1629004,2024-25,00,1610612762,UTA,28.0,38,13,20.0,3.1,7.9,0.391,1.8,5.3,0.345,0.7,0.9,0.8,0.6,1.8,2.4,2.0,0.5,0.2,1.4,1.1,8.8,regular
1629004,2025-26,00,1610612762,UTA,28.0,50,41,23.1,3.5,7.2,0.478,2.0,4.8,0.408,0.5,0.6,0.893,0.7,1.8,2.5,1.9,0.5,0.1,0.8,1.3,9.4,regular
1629004,2021-22,00,1610612761,TOR,25.0,3,0,1.7,0.0,0.7,0.0,0.0,0.7,0.0,0.3,0.3,1.0,0.0,0.3,0.3,0.0,0.0,0.0,0.0,0.3,0.3,playoffs
1629004,2023-24,00,1610612738,BOS,27.0,8,0,4.0,0.4,1.5,0.25,0.3,1.1,0.222,0.0,0.0,0.0,0.1,0.5,0.6,0.1,0.1,0.0,0.3,0.4,1.0,playoffs
1631250,2023-24,00,1610612739,CLE,24.0,8,0,3.4,0.1,0.8,0.167,0.1,0.1,1.0,0.0,0.3,0.0,0.0,0.4,0.4,0.0,0.1,0.0,0.1,0.3,0.4,regular
1631250,2024-25,00,1610612755,PHI,25.0,7,0,9.7,0.7,2.1,0.333,0.6,1.7,0.333,0.1,0.3,0.5,0.3,1.1,1.4,0.4,0.1,0.0,0.0,1.4,2.1,regular
1631250,2024-25,00,1610612749,MIL,25.0,6,1,11.7,1.5,2.8,0.529,0.8,2.0,0.417,0.0,0.0,0.0,0.5,1.3,1.8,1.2,0.2,0.3,0.7,1.2,3.8,regular
1631250,2024-25,00,0,TOT,25.0,13,1,10.6,1.1,2.5,0.438,0.7,1.8,0.375,0.1,0.2,0.5,0.4,1.2,1.6,0.8,0.2,0.2,0.3,1.3,2.9,regular
1631250,2025-26,00,1610612749,MIL,26.0,47,6,15.7,2.1,4.1,0.515,1.1,2.5,0.42,0.1,0.2,0.364,0.6,2.1,2.7,1.0,0.3,0.3,0.6,1.3,5.4,regular
1626204,2015-16,00,1610612747,LAL,23.0,63,22,20.1,2.5,4.8,0.527,0.0,0.2,0.1,0.5,0.7,0.681,1.6,3.3,5.0,0.7,0.9,0.4,0.7,2.0,5.5,regular
1626204,2016-17,00,1610612747,LAL,24.0,63,7,22.9,3.0,5.7,0.526,0.2,0.6,0.278,0.9,1.3,0.738,1.9,4.0,5.9,1.5,1.3,0.6,0.9,2.4,7.1,regular
1626204,2017-18,00,1610612747,LAL,25.0,42,17,22.0,3.6,6.0,0.601,0.0,0.1,0.25,1.3,2.1,0.632,2.6,4.2,6.8,1.4,1.4,0.5,1.0,2.7,8.6,regular
1626204,2017-18,00,1610612739,CLE,25.0,24,9,20.8,3.7,6.7,0.55,0.0,0.3,0.125,1.5,2.1,0.72,2.2,4.8,7.0,1.0,1.2,0.8,0.4,2.5,8.9,regular
1626204,2017-18,00,0,TOT,25.0,66,26,21.5,3.6,6.3,0.581,0.0,0.2,0.167,1.4,2.1,0.664,2.4,4.4,6.8,1.2,1.3,0.6,0.8,2.6,8.7,regular
1626204,2018-19,00,1610612739,CLE,26.0,67,30,26.8,3.7,7.1,0.52,0.5,1.5,0.337,1.4,2.0,0.716,2.5,5.7,8.2,3.2,1.5,0.6,1.4,2.9,9.4,regular
1626204,2019-20,00,1610612739,CLE,27.0,56,10,26.3,4.1,7.7,0.531,1.0,2.8,0.352,0.9,1.3,0.676,1.9,5.4,7.3,2.2,1.0,0.4,1.1,1.6,10.1,regular
1626204,2020-21,00,1610612739,CLE,28.0,35,27,31.2,3.7,7.8,0.471,1.2,3.3,0.36,0.9,1.4,0.612,1.5,5.2,6.7,3.1,1.7,0.5,1.6,2.1,9.3,regular
1626204,2021-22,00,1610612757,POR,29.0,37,11,23.2,2.8,5.4,0.515,0.5,1.7,0.306,0.9,1.3,0.653,1.6,4.1,5.6,2.0,1.0,0.4,0.7,1.8,6.9,regular
1626204,2021-22,00,1610612740,NOP,29.0,9,0,20.2,3.0,5.4,0.551,0.4,0.9,0.5,0.9,0.9,1.0,1.6,2.8,4.3,0.9,0.6,0.8,1.1,1.9,7.3,regular
1626204,2021-22,00,0,TOT,29.0,46,11,22.6,2.8,5.4,0.522,0.5,1.5,0.329,0.9,1.2,0.702,1.6,3.8,5.4,1.8,0.9,0.4,0.8,1.8,7.0,regular
1626204,2022-23,00,1610612740,NOP,30.0,65,1,21.2,2.9,4.7,0.61,0.2,0.6,0.333,0.8,1.2,0.696,1.6,3.8,5.4,1.8,0.9,0.6,0.6,2.0,6.8,regular
1626204,2023-24,00,1610612740,NOP,31.0,61,0,19.9,2.3,4.0,0.573,0.4,1.1,0.415,0.8,1.0,0.77,1.5,3.5,5.0,1.9,1.0,0.3,0.8,1.6,5.7,regular
1626204,2024-25,00,1610612737,ATL,32.0,24,3,19.3,3.3,6.5,0.516,1.4,3.2,0.447,0.4,0.5,0.692,1.0,3.3,4.3,1.6,0.8,0.5,0.7,1.5,8.5,regular
1626204,2025-26,00,1610612739,CLE,33.0,35,3,12.8,1.5,3.5,0.419,0.6,1.8,0.333,0.2,0.4,0.462,0.8,1.8,2.7,1.0,0.6,0.2,0.6,1.6,3.7,regular
1626204,2017-18,00,1610612739,CLE,25.0,20,0,15.4,2.1,3.0,0.683,0.0,0.1,0.0,0.7,1.6,0.452,1.8,2.8,4.5,0.9,0.8,0.7,0.6,1.8,4.8,playoffs
1626204,2021-22,00,1610612740,NOP,29.0,6,0,21.7,3.7,6.5,0.564,0.3,1.5,0.222,1.5,1.8,0.818,3.2,2.7,5.8,1.8,0.5,0.3,1.0,2.5,9.2,playoffs
1626204,2023-24,00,1610612740,NOP,31.0,4,0,21.0,2.5,4.3,0.588,0.3,1.0,0.25,1.0,1.5,0.667,3.8,4.5,8.3,1.8,0.5,0.0,1.8,2.3,6.3,playoffs
1626204,2025-26,00,1610612739,CLE,33.0,2,0,2.5,0.0,0.0,0.0,0.0,0.0,0.0,0.0,0.0,0.0,0.0,0.0,0.0,0.0,0.0,0.0,0.5,0.0,0.0,playoffs
1629614,2022-23,00,1610612754,IND,23.0,75,63,27.7,3.8,8.6,0.441,1.2,3.5,0.35,0.7,0.8,0.79,0.5,2.2,2.7,4.5,0.9,0.2,1.7,2.4,9.5,regular
1629614,2023-24,00,1610612754,IND,24.0,68,47,25.0,3.8,7.7,0.498,0.9,2.5,0.357,0.7,0.8,0.804,0.5,1.5,2.1,4.1,0.9,0.1,1.5,2.1,9.2,regular
1629614,2024-25,00,1610612754,IND,25.0,65,65,28.9,3.8,8.3,0.458,0.8,2.7,0.291,1.7,2.1,0.794,0.5,2.8,3.3,5.0,1.2,0.2,1.7,2.3,10.0,regular
1629614,2025-26,00,1610612754,IND,26.0,57,57,31.3,5.8,13.2,0.442,1.9,5.2,0.361,3.4,4.1,0.825,0.4,2.4,2.8,7.7,0.9,0.1,2.4,2.2,16.9,regular
1629614,2023-24,00,1610612754,IND,24.0,17,17,32.6,6.0,10.7,0.56,1.7,3.5,0.483,1.2,1.5,0.769,0.8,2.5,3.3,5.5,0.4,0.2,1.4,3.3,14.9,playoffs
1629614,2024-25,00,1610612754,IND,25.0,23,23,33.4,4.6,9.7,0.471,1.7,3.7,0.465,1.6,2.0,0.804,0.6,2.6,3.2,4.7,1.5,0.2,1.8,2.7,12.5,playoffs
1642948,2025-26,00,1610612742,DAL,23.0,60,27,19.5,2.7,6.5,0.415,0.8,2.3,0.356,0.4,0.5,0.806,0.2,2.0,2.2,5.3,0.4,0.0,1.4,1.4,6.6,regular
1630174,2020-21,00,1610612738,BOS,21.0,46,1,14.5,1.7,3.9,0.438,0.9,2.3,0.37,0.5,0.6,0.786,0.6,2.2,2.8,0.5,0.3,0.2,0.5,1.9,4.7,regular
1630174,2021-22,00,1610612738,BOS,22.0,52,3,11.0,1.4,3.5,0.396,0.6,2.2,0.27,0.4,0.5,0.808,0.3,1.4,1.7,0.4,0.4,0.1,0.6,1.3,3.8,regular
1630174,2022-23,00,1610612754,IND,23.0,73,60,24.9,3.5,8.1,0.427,1.6,4.3,0.366,1.6,1.9,0.838,0.8,2.9,3.8,1.3,0.8,0.5,1.0,3.2,10.1,regular
1630174,2023-24,00,1610612754,IND,24.0,72,47,27.7,4.4,8.8,0.496,1.9,4.6,0.419,1.5,1.9,0.781,0.9,2.9,3.8,1.5,0.9,0.7,0.9,3.3,12.2,regular
1630174,2024-25,00,1610612754,IND,25.0,45,37,24.9,4.3,8.4,0.507,1.9,4.3,0.431,1.6,1.8,0.912,0.8,3.1,4.0,1.2,0.8,0.4,0.8,2.5,12.0,regular
1630174,2025-26,00,1610612754,IND,26.0,45,42,29.7,4.7,11.4,0.414,2.3,6.2,0.379,2.0,2.5,0.829,1.1,3.1,4.2,1.9,0.6,0.5,1.4,2.8,13.8,regular
1630174,2020-21,00,1610612738,BOS,21.0,5,0,15.0,1.0,3.6,0.278,0.8,2.8,0.286,0.4,0.4,1.0,0.4,2.2,2.6,0.2,0.2,0.2,0.4,1.4,3.2,playoffs
1630174,2021-22,00,1610612738,BOS,22.0,15,0,3.5,0.3,1.1,0.235,0.1,0.7,0.091,0.2,0.3,0.75,0.3,0.7,1.0,0.2,0.1,0.3,0.1,0.4,0.8,playoffs
1630174,2023-24,00,1610612754,IND,24.0,17,17,32.9,3.6,8.3,0.433,1.3,4.6,0.278,2.0,2.2,0.919,1.1,3.8,4.9,2.2,0.6,0.5,1.4,3.9,10.5,playoffs
1630174,2024-25,00,1610612754,IND,25.0,23,23,28.3,4.3,9.2,0.472,2.6,5.3,0.492,1.3,1.6,0.861,1.2,4.5,5.7,1.1,0.9,0.8,1.0,4.1,12.7,playoffs
1642854,2025-26,00,1610612737,ATL,20.0,44,2,11.4,2.1,3.8,0.538,0.7,1.7,0.387,0.4,0.7,0.552,1.0,1.2,2.2,0.6,0.4,0.3,0.5,1.5,5.2,regular
1642854,2025-26,00,1610612737,ATL,20.0,2,0,5.5,0.5,1.0,0.5,0.0,0.0,0.0,0.0,0.0,0.0,0.0,0.0,0.0,0.5,0.5,0.5,0.0,0.5,1.0,playoffs
1627777,2016-17,00,1610612754,IND,24.0,23,0,4.0,0.4,1.6,0.25,0.0,0.5,0.083,0.1,0.1,1.0,0.1,0.7,0.7,0.2,0.1,0.0,0.2,0.3,0.9,regular
1627777,2017-18,00,1610612762,UTA,25.0,9,0,3.6,0.4,1.2,0.364,0.0,0.4,0.0,0.1,0.2,0.5,0.3,0.7,1.0,0.3,0.2,0.0,0.3,0.1,1.0,regular
1627777,2018-19,00,1610612762,UTA,26.0,59,0,8.7,1.5,3.1,0.475,0.7,1.8,0.41,0.3,0.4,0.833,0.2,1.3,1.5,0.6,0.2,0.1,0.4,1.0,4.0,regular
1627777,2019-20,00,1610612762,UTA,27.0,66,1,14.0,2.1,4.9,0.438,1.4,3.4,0.4,0.3,0.4,0.833,0.2,1.7,1.9,0.7,0.3,0.1,0.5,1.1,5.9,regular
1627777,2020-21,00,1610612762,UTA,28.0,72,10,16.0,2.5,5.6,0.437,1.7,4.1,0.425,0.3,0.3,0.957,0.4,2.1,2.4,0.8,0.3,0.1,0.7,1.6,6.9,regular
1627777,2021-22,00,1610612755,PHI,29.0,76,7,22.8,3.2,7.4,0.437,2.1,5.1,0.403,0.7,0.8,0.881,0.3,2.3,2.7,1.3,0.4,0.2,0.8,2.5,9.2,regular
1627777,2022-23,00,1610612755,PHI,30.0,78,1,19.4,2.8,6.4,0.442,2.0,4.9,0.401,0.5,0.6,0.867,0.2,2.1,2.4,1.0,0.4,0.2,0.7,1.9,8.2,regular
1627777,2023-24,00,1610612739,CLE,31.0,82,10,22.3,3.5,7.7,0.449,1.8,4.8,0.376,0.6,0.7,0.85,0.3,3.1,3.4,1.2,0.4,0.2,0.9,2.3,9.4,regular
1627777,2024-25,00,1610612739,CLE,32.0,51,1,20.6,3.3,6.8,0.477,1.8,4.4,0.4,0.5,0.6,0.793,0.7,3.0,3.7,1.3,0.3,0.1,0.9,2.5,8.7,regular
1627777,2024-25,00,1610612737,ATL,32.0,28,2,23.0,4.3,9.7,0.441,2.7,6.6,0.413,0.8,1.0,0.793,0.5,2.5,3.0,1.6,0.4,0.3,1.2,2.6,12.1,regular
1627777,2024-25,00,0,TOT,32.0,79,3,21.5,3.6,7.8,0.461,2.1,5.2,0.406,0.6,0.7,0.793,0.6,2.8,3.4,1.4,0.4,0.2,1.0,2.5,9.9,regular
1627777,2018-19,00,1610612762,UTA,26.0,5,0,11.0,1.8,4.4,0.409,0.8,2.6,0.308,0.0,0.0,0.0,0.0,2.8,2.8,1.0,0.2,0.2,0.4,1.0,4.4,playoffs
1627777,2019-20,00,1610612762,UTA,27.0,7,0,16.3,3.1,6.3,0.5,1.7,4.1,0.414,0.3,0.3,1.0,0.6,1.6,2.1,0.6,0.0,0.1,0.3,1.3,8.3,playoffs
1627777,2020-21,00,1610612762,UTA,28.0,11,0,11.7,1.0,3.5,0.282,0.8,2.7,0.3,0.4,0.4,1.0,0.2,1.5,1.7,0.7,0.0,0.1,0.7,1.7,3.2,playoffs
1627777,2021-22,00,1610612755,PHI,29.0,12,0,16.5,1.7,4.0,0.417,1.3,3.6,0.372,0.2,0.2,1.0,0.3,1.2,1.5,0.9,0.3,0.0,0.6,2.5,4.8,playoffs
1627777,2022-23,00,1610612755,PHI,30.0,11,0,14.3,1.6,3.3,0.5,1.1,2.4,0.462,0.0,0.0,0.0,0.0,0.4,0.4,0.2,0.0,0.2,0.5,1.5,4.4,playoffs
1627777,2023-24,00,1610612739,CLE,31.0,10,0,12.1,0.9,4.1,0.22,0.3,2.3,0.13,0.7,0.8,0.875,0.3,0.9,1.2,0.4,0.4,0.2,0.7,1.8,2.8,playoffs
1642949,2025-26,00,1610612746,LAC,22.0,41,0,10.3,1.6,2.4,0.64,0.0,0.1,0.2,1.1,1.5,0.758,0.9,2.0,2.9,0.3,0.1,0.7,0.6,1.6,4.3,regular
1630192,2020-21,00,1610612743,DEN,20.0,42,1,9.5,1.2,2.5,0.481,0.6,1.4,0.407,0.3,0.4,0.8,0.3,1.2,1.5,0.2,0.2,0.1,0.2,0.7,3.2,regular
1630192,2021-22,00,1610612743,DEN,21.0,41,1,17.0,2.3,4.5,0.516,0.9,2.0,0.463,1.0,1.6,0.631,1.4,2.2,3.6,0.4,0.4,0.3,0.6,1.9,6.6,regular
1630192,2022-23,00,1610612743,DEN,22.0,53,5,13.7,2.1,3.7,0.561,0.3,1.2,0.262,0.8,1.2,0.645,1.2,1.4,2.6,0.3,0.3,0.4,0.6,2.0,5.2,regular
1630192,2023-24,00,1610612743,DEN,23.0,58,0,9.9,1.2,2.6,0.463,0.1,0.4,0.261,0.7,1.1,0.677,1.1,1.1,2.2,0.6,0.3,0.7,0.5,1.4,3.2,regular
1630192,2024-25,00,1610612743,DEN,24.0,57,4,10.7,1.2,2.5,0.496,0.3,0.9,0.327,0.5,0.8,0.614,0.6,1.0,1.6,0.4,0.4,0.7,0.2,1.1,3.2,regular
1630192,2025-26,00,1610612743,DEN,25.0,52,4,12.0,1.4,2.9,0.47,0.3,1.0,0.259,0.7,0.8,0.773,0.6,2.0,2.6,0.6,0.3,0.5,0.5,1.4,3.7,regular
1630192,2020-21,00,1610612743,DEN,20.0,5,0,3.6,0.8,1.6,0.5,0.6,1.4,0.429,0.2,0.4,0.5,0.2,0.2,0.4,0.4,0.2,0.0,0.0,0.2,2.4,playoffs
1630192,2021-22,00,1610612743,DEN,21.0,2,0,4.5,0.5,0.5,1.0,0.5,0.5,1.0,0.0,0.0,0.0,0.0,0.0,0.0,0.0,0.0,0.0,0.0,1.0,1.5,playoffs
1630192,2022-23,00,1610612743,DEN,22.0,5,0,2.4,0.4,0.8,0.5,0.2,0.6,0.333,0.0,0.0,0.0,0.0,0.4,0.4,0.0,0.2,0.0,0.2,0.0,1.0,playoffs
1630192,2023-24,00,1610612743,DEN,23.0,3,0,4.7,0.7,1.0,0.667,0.0,0.0,0.0,0.3,0.7,0.5,0.7,0.0,0.7,0.0,0.0,0.3,0.7,0.3,1.7,playoffs
1630192,2024-25,00,1610612743,DEN,24.0,6,0,5.7,0.2,1.3,0.125,0.2,1.0,0.167,0.7,1.2,0.571,0.5,0.7,1.2,0.3,0.2,0.3,0.3,1.0,1.2,playoffs
1630192,2025-26,00,1610612743,DEN,25.0,2,0,9.5,1.0,1.0,1.0,0.5,0.5,1.0,2.5,3.0,0.833,0.5,1.0,1.5,0.5,0.5,0.0,0.0,1.5,5.0,playoffs
203994,2014-15,00,1610612743,DEN,20.0,62,27,17.8,2.8,6.2,0.446,0.0,0.0,0.0,1.4,2.1,0.636,2.0,4.1,6.2,0.8,0.8,1.1,1.4,3.3,6.9,regular
203994,2015-16,00,1610612743,DEN,21.0,32,3,17.1,3.2,7.6,0.417,0.0,0.1,0.0,1.9,3.1,0.616,2.0,3.4,5.5,1.3,0.8,1.4,1.7,2.8,8.2,regular
203994,2016-17,00,1610612743,DEN,22.0,45,29,17.9,3.4,6.6,0.507,0.0,0.0,0.0,1.2,2.5,0.496,2.0,3.8,5.8,1.3,0.6,0.8,1.8,2.0,8.0,regular
203994,2016-17,00,1610612757,POR,22.0,20,19,29.2,6.0,11.8,0.508,0.0,0.1,0.0,3.2,4.9,0.66,3.3,7.1,10.4,3.2,1.3,1.9,3.1,3.7,15.2,regular
203994,2016-17,00,0,TOT,22.0,65,48,21.4,4.2,8.2,0.507,0.0,0.0,0.0,1.8,3.2,0.571,2.4,4.8,7.2,1.9,0.8,1.1,2.2,2.5,10.2,regular
203994,2017-18,00,1610612757,POR,23.0,79,79,26.4,6.1,12.0,0.505,0.0,0.1,0.0,2.2,3.5,0.63,2.4,6.6,9.0,1.8,0.8,1.4,2.3,3.1,14.3,regular
203994,2018-19,00,1610612757,POR,24.0,72,72,27.4,5.8,11.5,0.508,0.0,0.4,0.103,3.9,5.1,0.773,3.4,7.0,10.4,3.2,1.0,1.4,2.3,3.5,15.6,regular
203994,2019-20,00,1610612757,POR,25.0,8,8,31.6,6.8,13.6,0.495,0.3,1.3,0.2,3.9,4.4,0.886,2.9,7.4,10.3,4.0,1.4,2.0,2.4,4.9,17.6,regular
203994,2020-21,00,1610612757,POR,26.0,37,37,23.8,4.6,9.0,0.514,0.3,0.8,0.4,1.9,3.1,0.619,2.3,6.6,9.0,3.4,1.0,1.1,2.0,2.8,11.5,regular
203994,2021-22,00,1610612757,POR,27.0,56,56,28.2,5.7,10.7,0.535,0.3,1.0,0.268,3.3,4.8,0.69,3.0,8.1,11.1,2.8,1.1,0.6,2.6,3.4,15.0,regular
203994,2022-23,00,1610612757,POR,28.0,52,52,26.8,5.0,9.7,0.519,0.8,2.3,0.361,2.4,3.7,0.661,2.2,6.9,9.1,2.9,0.8,0.8,2.3,3.6,13.3,regular
203994,2023-24,00,1610612756,PHX,29.0,76,76,27.3,4.2,8.3,0.51,0.3,1.2,0.244,2.2,3.4,0.64,2.9,8.1,11.0,4.0,1.1,1.1,2.3,3.3,10.9,regular
203994,2024-25,00,1610612756,PHX,30.0,25,23,23.7,3.0,6.5,0.454,0.8,2.4,0.322,1.9,2.8,0.696,1.8,7.3,9.2,1.9,0.9,0.6,2.3,3.1,8.6,regular
203994,2024-25,00,1610612766,CHA,30.0,26,9,18.1,3.6,7.3,0.497,0.5,1.8,0.283,1.4,2.3,0.627,1.5,5.0,6.5,2.6,0.7,0.7,1.5,2.0,9.2,regular
203994,2024-25,00,0,TOT,30.0,51,32,20.8,3.3,6.9,0.477,0.6,2.1,0.305,1.7,2.5,0.664,1.7,6.1,7.8,2.3,0.8,0.7,1.9,2.5,8.9,regular
203994,2025-26,00,1610612762,UTA,31.0,41,36,26.4,4.4,8.7,0.503,0.6,1.7,0.352,1.5,2.8,0.549,2.6,7.8,10.4,4.8,1.3,0.5,2.5,3.3,10.9,regular
203994,2016-17,00,1610612757,POR,22.0,1,1,17.0,1.0,3.0,0.333,0.0,1.0,0.0,0.0,0.0,0.0,0.0,11.0,11.0,4.0,0.0,1.0,3.0,1.0,2.0,playoffs
203994,2017-18,00,1610612757,POR,23.0,4,4,23.5,4.8,9.8,0.487,0.0,0.0,0.0,2.3,2.8,0.818,3.0,5.0,8.0,1.0,1.5,1.3,0.8,3.5,11.8,playoffs
203994,2019-20,00,1610612757,POR,25.0,5,5,32.2,5.0,11.4,0.439,0.6,2.2,0.273,3.6,4.6,0.783,2.8,7.6,10.4,3.6,1.4,0.2,2.6,4.2,14.2,playoffs
203994,2020-21,00,1610612757,POR,26.0,6,6,28.8,5.0,9.2,0.545,0.2,0.8,0.2,3.0,4.2,0.72,3.0,7.3,10.3,2.7,0.5,1.2,2.3,5.0,13.2,playoffs
203994,2023-24,00,1610612756,PHX,29.0,4,4,26.0,3.3,6.5,0.5,0.0,0.5,0.0,1.3,2.8,0.455,3.3,5.0,8.3,2.8,1.5,1.5,1.5,3.8,7.8,playoffs
1626220,2017-18,00,1610612762,UTA,25.0,69,4,16.7,1.7,4.1,0.423,0.6,1.7,0.356,0.9,1.1,0.803,0.4,3.1,3.4,1.4,0.5,0.2,0.8,1.5,5.0,regular
1626220,2018-19,00,1610612762,UTA,26.0,82,16,20.4,2.0,4.2,0.475,0.8,2.1,0.386,0.4,0.5,0.762,0.3,3.2,3.5,1.5,0.7,0.3,0.9,2.1,5.2,regular
1626220,2019-20,00,1610612762,UTA,27.0,71,62,28.9,2.2,5.1,0.433,1.3,3.4,0.377,0.6,0.8,0.764,0.4,5.1,5.5,2.5,0.8,0.5,0.9,2.8,6.3,regular
1626220,2020-21,00,1610612762,UTA,28.0,71,71,31.5,2.5,5.5,0.444,1.5,3.9,0.385,0.5,0.6,0.848,1.2,5.6,6.8,2.5,0.8,0.5,1.2,2.6,7.0,regular
1626220,2021-22,00,1610612762,UTA,29.0,77,77,31.2,2.6,5.8,0.457,1.5,4.0,0.389,0.6,0.7,0.804,0.8,3.9,4.8,2.5,1.1,0.4,1.0,2.4,7.4,regular
1626220,2022-23,00,1610612751,BKN,30.0,76,53,31.7,3.0,7.8,0.386,2.1,5.5,0.389,0.7,0.9,0.725,0.7,4.3,5.1,3.7,0.9,0.6,1.5,3.1,8.8,regular
1626220,2023-24,00,1610612751,BKN,31.0,49,6,24.5,2.6,6.6,0.388,2.0,5.4,0.366,0.3,0.4,0.682,0.8,3.7,4.5,2.8,0.7,0.6,1.0,2.4,7.4,regular
1626220,2023-24,00,1610612756,PHX,31.0,30,8,25.1,2.9,7.1,0.411,2.0,5.2,0.376,0.3,0.4,0.692,0.7,4.5,5.2,2.7,0.9,0.5,0.7,1.8,8.1,regular
1626220,2023-24,00,0,TOT,31.0,79,14,24.7,2.7,6.8,0.397,2.0,5.3,0.37,0.3,0.4,0.686,0.8,4.0,4.8,2.8,0.7,0.6,0.9,2.2,7.7,regular
1626220,2024-25,00,1610612756,PHX,32.0,75,22,24.5,3.2,7.6,0.423,2.4,5.9,0.406,0.3,0.3,0.731,0.7,3.9,4.7,2.2,0.9,0.4,0.9,2.0,9.1,regular
1626220,2025-26,00,1610612756,PHX,32.0,78,67,28.4,3.4,8.0,0.421,2.7,6.7,0.408,0.3,0.5,0.711,0.8,4.0,4.8,2.7,1.1,0.4,1.3,2.3,9.8,regular
1626220,2017-18,00,1610612762,UTA,25.0,11,5,23.5,2.5,5.1,0.5,0.9,2.5,0.357,1.1,1.7,0.632,0.3,3.2,3.5,1.4,0.9,0.4,1.5,2.7,7.1,playoffs
1626220,2018-19,00,1610612762,UTA,26.0,5,0,27.4,4.2,9.0,0.467,1.6,4.6,0.348,0.6,0.8,0.75,0.4,4.2,4.6,1.6,0.4,0.4,2.0,3.0,10.6,playoffs
1626220,2019-20,00,1610612762,UTA,27.0,7,7,35.6,1.9,4.6,0.406,1.4,3.1,0.455,0.4,0.9,0.5,0.4,5.0,5.4,2.7,1.3,0.3,1.9,3.6,5.6,playoffs
1626220,2020-21,00,1610612762,UTA,28.0,11,11,36.7,3.9,7.7,0.506,2.5,5.5,0.467,0.9,1.1,0.833,1.5,5.8,7.3,2.1,1.1,0.3,0.7,3.7,11.3,playoffs
1626220,2021-22,00,1610612762,UTA,29.0,6,6,31.3,2.3,5.8,0.4,1.2,4.2,0.28,0.3,0.3,1.0,1.0,4.7,5.7,1.5,0.5,0.2,0.5,2.7,6.2,playoffs
1626220,2022-23,00,1610612751,BKN,30.0,4,0,29.5,1.8,7.3,0.241,1.0,5.5,0.182,0.5,0.5,1.0,1.0,3.3,4.3,3.5,1.3,0.3,1.0,2.8,5.0,playoffs
1626220,2023-24,00,1610612756,PHX,31.0,4,2,26.0,1.8,5.5,0.318,1.5,4.5,0.333,0.0,0.0,0.0,1.3,3.5,4.8,1.0,0.3,0.0,0.5,2.8,5.0,playoffs
1626220,2025-26,00,1610612756,PHX,32.0,4,0,24.3,2.3,3.5,0.643,2.0,3.3,0.615,1.3,1.5,0.833,1.0,5.3,6.3,2.3,0.5,0.3,1.0,3.0,7.8,playoffs
1629006,2018-19,00,1610612750,MIN,20.0,74,52,23.7,2.6,6.9,0.386,0.8,2.9,0.279,1.6,2.2,0.728,0.6,2.4,2.9,1.2,1.2,0.4,0.9,2.2,7.7,regular
1629006,2019-20,00,1610612750,MIN,21.0,62,28,25.0,2.7,6.4,0.427,0.7,2.5,0.266,2.5,3.1,0.796,1.4,2.9,4.3,1.6,1.1,0.4,1.4,2.2,8.6,regular
1629006,2020-21,00,1610612750,MIN,22.0,59,37,20.3,1.7,4.3,0.402,0.5,1.8,0.269,1.4,1.8,0.769,1.1,1.6,2.6,1.1,0.9,0.5,0.7,2.1,5.4,regular
1629006,2021-22,00,1610612750,MIN,23.0,49,6,10.5,0.9,2.1,0.404,0.3,1.0,0.298,0.7,1.0,0.686,0.6,0.8,1.4,0.5,0.5,0.2,0.5,1.1,2.7,regular
1629006,2022-23,00,1610612756,PHX,24.0,72,26,18.8,2.3,5.8,0.391,0.9,2.7,0.335,1.9,2.7,0.724,1.5,2.0,3.5,1.5,0.8,0.5,0.9,1.6,7.3,regular
1629006,2023-24,00,1610612756,PHX,25.0,60,11,16.0,1.4,3.4,0.417,0.5,1.6,0.309,1.3,1.7,0.745,1.2,1.3,2.6,1.1,0.8,0.4,0.6,1.1,4.6,regular
1629006,2024-25,00,1610612756,PHX,26.0,25,1,14.0,2.2,4.6,0.491,0.6,1.7,0.381,0.9,1.3,0.688,1.3,1.6,2.9,0.6,0.8,0.4,0.6,1.1,6.0,regular
1629006,2024-25,00,1610612766,CHA,26.0,15,6,18.3,2.5,6.5,0.388,1.1,3.3,0.32,2.7,3.5,0.774,0.9,1.9,2.7,1.3,1.8,0.5,1.0,1.3,8.9,regular
1629006,2024-25,00,0,TOT,26.0,40,7,15.6,2.4,5.3,0.443,0.8,2.3,0.348,1.6,2.1,0.741,1.1,1.7,2.8,0.8,1.2,0.5,0.8,1.2,7.1,regular
1629006,2025-26,00,1610612745,HOU,27.0,78,32,17.4,1.6,3.8,0.425,0.8,2.1,0.385,0.5,0.9,0.594,1.0,1.5,2.6,0.9,0.8,0.2,0.5,1.4,4.5,regular
1629006,2021-22,00,1610612750,MIN,23.0,1,0,2.0,0.0,0.0,0.0,0.0,0.0,0.0,0.0,0.0,0.0,0.0,0.0,0.0,0.0,0.0,0.0,0.0,0.0,0.0,playoffs
1629006,2022-23,00,1610612756,PHX,24.0,10,5,17.5,1.4,3.7,0.378,0.2,1.4,0.143,1.1,1.3,0.846,1.2,0.9,2.1,1.3,0.6,0.2,0.3,1.8,4.1,playoffs
1629006,2023-24,00,1610612756,PHX,25.0,4,0,7.3,1.3,2.3,0.556,0.3,0.8,0.333,0.8,1.5,0.5,0.0,1.0,1.0,0.5,0.5,0.0,0.5,1.8,3.5,playoffs
1629006,2025-26,00,1610612745,HOU,27.0,6,2,17.3,1.8,4.2,0.44,0.8,2.2,0.385,0.3,0.3,1.0,1.0,1.3,2.3,0.8,1.2,0.0,0.5,2.0,4.8,playoffs
1630168,2020-21,00,1610612737,ATL,20.0,50,4,12.0,1.9,3.0,0.644,0.0,0.1,0.0,0.7,1.1,0.632,1.2,2.0,3.3,0.4,0.5,0.7,0.6,2.0,4.6,regular
1630168,2021-22,00,1610612737,ATL,21.0,48,6,20.7,3.3,4.7,0.69,0.0,0.0,0.0,1.7,2.3,0.727,2.4,3.5,5.9,1.1,0.6,1.3,0.9,3.1,8.2,regular
1630168,2022-23,00,1610612737,ATL,22.0,80,18,23.1,4.0,6.2,0.638,0.1,0.2,0.308,1.9,2.5,0.781,2.7,4.5,7.2,1.0,0.7,1.3,1.0,3.1,9.9,regular
1630168,2023-24,00,1610612737,ATL,23.0,55,8,25.5,4.1,6.6,0.611,0.4,1.3,0.333,1.7,2.1,0.793,2.6,4.2,6.8,1.3,0.5,1.1,0.8,2.9,10.2,regular
1630168,2024-25,00,1610612737,ATL,24.0,74,40,27.9,5.2,9.2,0.567,0.6,2.0,0.324,2.2,2.9,0.759,3.0,5.9,8.9,2.3,0.9,0.9,1.2,2.6,13.4,regular
1630168,2025-26,00,1610612737,ATL,25.0,74,63,31.0,5.6,11.6,0.48,1.9,5.2,0.376,2.1,2.7,0.757,1.9,5.7,7.6,3.1,1.1,1.1,1.7,3.3,15.2,regular
1630168,2020-21,00,1610612737,ATL,20.0,18,0,9.2,0.9,1.7,0.548,0.0,0.1,0.0,0.8,1.2,0.667,1.2,1.5,2.7,0.1,0.3,0.7,0.2,1.6,2.7,playoffs
1630168,2021-22,00,1610612737,ATL,21.0,5,1,21.6,1.8,3.2,0.563,0.0,0.0,0.0,1.6,2.0,0.8,2.2,3.2,5.4,0.4,0.8,0.8,0.8,3.8,5.2,playoffs
1630168,2022-23,00,1610612737,ATL,22.0,6,0,21.8,2.5,4.2,0.6,0.2,0.2,1.0,0.8,1.7,0.5,3.2,3.2,6.3,1.2,0.3,1.3,1.2,3.0,6.0,playoffs
1630168,2025-26,00,1610612737,ATL,25.0,6,6,33.2,4.7,8.0,0.583,1.7,3.7,0.455,1.5,2.0,0.75,1.3,5.3,6.7,2.3,1.2,0.8,1.2,3.5,12.5,playoffs
1630171,2020-21,00,1610612739,CLE,20.0,67,67,32.4,3.5,8.3,0.42,0.9,3.2,0.29,1.7,2.3,0.726,1.0,2.1,3.1,1.9,0.9,0.4,1.3,2.8,9.6,regular
1630171,2021-22,00,1610612739,CLE,21.0,67,61,29.6,3.1,6.4,0.48,0.8,2.3,0.35,1.8,2.3,0.768,1.1,1.9,3.0,1.8,0.8,0.3,0.9,2.4,8.8,regular
1630171,2022-23,00,1610612739,CLE,22.0,76,46,21.8,2.3,4.7,0.494,0.8,2.3,0.363,1.0,1.4,0.757,0.7,1.8,2.5,1.1,0.7,0.4,0.6,2.1,6.4,regular
1630171,2023-24,00,1610612739,CLE,23.0,69,42,27.3,3.4,7.0,0.49,1.2,3.1,0.391,1.3,2.0,0.679,1.0,2.0,3.0,1.9,0.8,0.5,0.8,2.0,9.4,regular
1630171,2024-25,00,1610612739,CLE,24.0,55,22,19.1,2.3,4.9,0.464,1.0,2.7,0.371,0.6,0.8,0.717,0.9,1.5,2.4,1.2,0.6,0.3,0.4,1.9,6.1,regular
1630171,2025-26,00,1610612741,CHI,25.0,63,62,26.9,3.3,7.3,0.46,1.2,3.5,0.33,1.4,1.8,0.795,1.1,1.7,2.7,1.6,0.7,0.5,0.7,2.6,9.3,regular
1630171,2022-23,00,1610612739,CLE,22.0,5,2,15.0,2.2,4.6,0.478,0.8,2.6,0.308,1.2,1.2,1.0,0.6,0.8,1.4,0.8,0.4,0.4,0.8,2.0,6.4,playoffs
1630171,2023-24,00,1610612739,CLE,23.0,12,7,21.9,2.1,5.8,0.357,0.8,2.9,0.257,0.6,0.8,0.778,0.4,1.3,1.8,1.1,0.9,0.3,0.9,2.5,5.5,playoffs
1630171,2024-25,00,1610612739,CLE,24.0,9,0,14.2,1.7,3.3,0.5,0.7,1.8,0.375,0.6,0.9,0.625,0.4,0.8,1.2,0.6,0.7,0.1,0.4,1.4,4.6,playoffs
1642950,2025-26,00,1610612741,CHI,22.0,37,2,9.3,1.0,2.1,0.468,0.1,0.5,0.105,0.4,1.1,0.375,1.2,1.8,3.0,1.1,0.3,0.2,0.4,1.3,2.4,regular
203482,2013-14,00,1610612738,BOS,23.0,70,9,20.0,3.3,7.2,0.466,0.6,1.6,0.351,1.4,1.7,0.811,2.0,3.2,5.2,1.6,0.5,0.4,1.5,3.2,8.7,regular
203482,2014-15,00,1610612738,BOS,24.0,64,13,22.3,3.9,8.3,0.475,1.0,2.7,0.349,1.5,2.1,0.684,1.4,3.3,4.7,1.7,1.0,0.6,1.5,3.3,10.3,regular
203482,2015-16,00,1610612738,BOS,25.0,69,8,20.2,3.7,8.1,0.455,1.2,3.0,0.405,1.4,1.9,0.75,1.0,3.0,4.1,1.5,0.8,0.5,1.1,2.4,10.0,regular
203482,2016-17,00,1610612738,BOS,26.0,75,6,20.5,3.5,6.8,0.512,0.9,2.6,0.354,1.2,1.6,0.732,1.0,3.8,4.8,2.0,0.6,0.4,1.3,2.8,9.0,regular
203482,2017-18,00,1610612748,MIA,27.0,76,22,23.4,4.2,8.4,0.497,1.4,3.7,0.379,1.8,2.3,0.77,1.2,4.5,5.7,2.7,0.8,0.5,1.9,2.9,11.5,regular
203482,2018-19,00,1610612748,MIA,28.0,79,36,22.9,3.3,7.1,0.463,1.4,4.0,0.354,1.9,2.3,0.822,0.9,3.8,4.7,1.8,0.7,0.5,1.4,2.3,10.0,regular
203482,2019-20,00,1610612748,MIA,29.0,67,9,19.4,2.7,5.9,0.462,1.4,3.5,0.406,1.3,1.5,0.86,0.7,3.9,4.6,1.7,0.7,0.3,1.1,2.6,8.2,regular
203482,2020-21,00,1610612748,MIA,30.0,43,38,26.9,3.8,8.7,0.431,1.8,5.7,0.317,0.7,0.9,0.775,1.0,5.0,6.1,2.1,0.9,0.6,1.3,2.9,10.0,regular
203482,2020-21,00,1610612745,HOU,30.0,27,24,31.1,6.5,11.9,0.545,1.8,4.6,0.392,4.2,5.0,0.844,1.6,6.9,8.4,4.1,1.4,0.6,2.6,3.1,19.0,regular
203482,2020-21,00,0,TOT,30.0,70,62,28.5,4.8,10.0,0.484,1.8,5.3,0.342,2.1,2.5,0.829,1.2,5.7,7.0,2.9,1.1,0.6,1.8,3.0,13.5,regular
203482,2021-22,00,1610612765,DET,31.0,40,1,19.1,3.2,7.2,0.448,1.0,3.0,0.336,1.7,2.2,0.775,1.4,3.1,4.4,2.8,0.8,0.5,1.5,2.5,9.1,regular
203482,2022-23,00,1610612762,UTA,32.0,68,68,28.6,4.1,8.2,0.499,1.4,3.5,0.394,2.9,3.4,0.853,1.2,5.0,6.2,3.7,0.9,0.5,2.5,3.4,12.5,regular
203482,2023-24,00,1610612762,UTA,33.0,50,8,20.4,2.9,5.2,0.562,0.7,1.7,0.429,1.6,1.9,0.842,1.3,3.8,5.1,4.4,0.7,0.2,1.6,2.6,8.1,regular
203482,2023-24,00,1610612761,TOR,33.0,28,19,26.4,4.7,8.5,0.548,0.9,2.5,0.338,2.5,3.0,0.824,1.6,4.0,5.6,4.6,1.3,0.6,2.5,3.5,12.7,regular
203482,2023-24,00,0,TOT,33.0,78,27,22.6,3.5,6.4,0.555,0.8,2.0,0.387,1.9,2.3,0.833,1.4,3.9,5.3,4.4,0.9,0.4,1.9,2.9,9.8,regular
203482,2024-25,00,1610612761,TOR,34.0,24,2,16.0,2.5,4.9,0.5,0.8,1.8,0.442,1.4,1.8,0.791,1.0,2.7,3.7,2.3,0.7,0.3,1.5,2.5,7.1,regular
203482,2024-25,00,1610612740,NOP,34.0,20,20,25.4,3.8,7.5,0.5,0.7,1.8,0.389,2.5,3.3,0.754,1.9,4.0,5.9,3.6,0.9,0.6,2.1,3.2,10.7,regular
203482,2024-25,00,0,TOT,34.0,44,22,20.3,3.0,6.1,0.5,0.8,1.8,0.418,1.9,2.5,0.769,1.4,3.3,4.7,2.9,0.8,0.4,1.7,2.8,8.7,regular
203482,2025-26,00,1610612759,SAS,35.0,42,0,8.6,1.1,2.3,0.49,0.3,1.1,0.255,0.6,0.9,0.711,0.6,1.2,1.8,1.2,0.4,0.1,0.6,0.9,3.2,regular
203482,2014-15,00,1610612738,BOS,24.0,4,0,13.3,1.8,3.3,0.538,0.8,1.5,0.5,0.3,0.5,0.5,0.5,0.8,1.3,0.5,0.5,0.5,1.0,3.0,4.5,playoffs
203482,2015-16,00,1610612738,BOS,25.0,4,0,8.0,0.3,2.3,0.111,0.0,0.8,0.0,0.0,0.0,0.0,0.5,0.5,1.0,0.8,0.3,0.0,1.0,1.3,0.5,playoffs
203482,2016-17,00,1610612738,BOS,26.0,18,2,19.2,3.6,6.9,0.512,0.8,2.6,0.319,1.2,1.7,0.733,0.8,2.4,3.2,1.9,0.7,0.8,1.2,2.6,9.2,playoffs
203482,2017-18,00,1610612748,MIA,27.0,5,0,29.2,4.2,8.8,0.477,1.6,3.8,0.421,2.8,4.0,0.7,1.4,3.2,4.6,3.8,1.4,1.2,1.6,3.8,12.8,playoffs
203482,2019-20,00,1610612748,MIA,29.0,17,0,15.2,2.6,5.6,0.474,1.0,2.9,0.347,1.4,1.6,0.821,0.8,3.9,4.6,1.1,0.2,0.5,0.8,2.1,7.6,playoffs
203482,2025-26,00,1610612759,SAS,35.0,9,0,3.9,0.9,1.7,0.533,0.6,0.9,0.625,0.4,0.8,0.571,0.0,0.8,0.8,0.3,0.4,0.0,0.4,0.3,2.8,playoffs
1626162,2015-16,00,1610612764,WAS,20.0,63,9,10.7,1.4,3.3,0.427,0.4,1.3,0.316,0.5,0.8,0.633,0.4,1.7,2.1,0.2,0.3,0.1,0.5,1.6,3.7,regular
1626162,2016-17,00,1610612764,WAS,21.0,79,5,20.3,2.4,5.6,0.421,0.7,2.4,0.287,0.9,1.3,0.758,0.8,2.5,3.3,0.6,0.7,0.2,0.6,2.5,6.3,regular
1626162,2017-18,00,1610612764,WAS,22.0,81,11,27.5,3.9,9.8,0.403,1.6,4.6,0.341,2.4,2.9,0.82,0.7,3.8,4.5,1.2,1.0,0.4,1.1,2.9,11.8,regular
1626162,2018-19,00,1610612764,WAS,23.0,29,7,26.0,4.6,10.5,0.433,1.4,4.6,0.311,2.3,2.9,0.8,0.8,3.6,4.4,0.7,0.9,0.7,1.0,2.4,12.9,regular
1626162,2018-19,00,1610612756,PHX,23.0,40,12,29.5,6.1,13.4,0.453,1.7,5.2,0.325,3.0,4.0,0.761,1.2,3.7,4.9,1.6,1.4,1.0,1.8,2.8,16.9,regular
1626162,2018-19,00,0,TOT,23.0,69,19,28.0,5.4,12.2,0.445,1.6,4.9,0.32,2.7,3.5,0.775,1.0,3.7,4.7,1.2,1.2,0.9,1.5,2.6,15.2,regular
1626162,2019-20,00,1610612756,PHX,24.0,56,55,34.5,6.7,14.8,0.452,1.9,5.5,0.352,3.4,4.4,0.78,1.2,5.3,6.4,1.5,1.3,0.7,1.5,3.4,18.7,regular
1626162,2020-21,00,1610612744,GSW,25.0,55,50,30.7,5.8,13.2,0.439,1.6,5.2,0.316,2.2,3.2,0.695,1.5,4.5,6.0,1.3,1.0,0.8,1.3,2.2,15.4,regular
1626162,2021-22,00,1610612766,CHA,26.0,76,13,26.3,5.4,12.3,0.44,2.5,7.3,0.345,1.7,2.5,0.667,1.0,2.9,4.0,1.1,1.0,0.4,0.9,2.5,15.0,regular
1626162,2022-23,00,1610612766,CHA,27.0,48,40,32.3,7.4,17.1,0.431,2.3,7.1,0.319,3.3,4.3,0.76,1.4,3.8,5.2,1.1,1.4,0.4,1.3,2.9,20.3,regular
1626162,2023-24,00,1610612755,PHI,28.0,68,52,30.2,5.7,12.9,0.441,1.5,4.8,0.311,2.6,3.4,0.75,1.4,3.6,5.0,1.5,1.1,0.7,1.3,2.9,15.4,regular
1626162,2024-25,00,1610612755,PHI,29.0,60,57,34.6,5.8,12.4,0.47,1.2,4.0,0.293,2.3,3.1,0.751,1.6,4.5,6.1,1.8,1.5,0.5,1.3,3.0,15.1,regular
1626162,2025-26,00,1610612755,PHI,30.0,50,41,31.5,5.1,10.9,0.467,1.7,4.8,0.36,2.2,2.9,0.766,1.0,4.0,5.0,1.6,1.4,0.5,1.4,2.5,14.1,regular
1626162,2016-17,00,1610612764,WAS,21.0,12,0,15.3,2.2,5.1,0.426,0.9,2.5,0.367,0.6,0.8,0.7,0.8,1.6,2.3,0.3,0.8,0.4,0.6,3.2,5.8,playoffs
1626162,2017-18,00,1610612764,WAS,22.0,6,1,24.7,3.0,8.0,0.375,0.7,3.2,0.211,2.7,3.0,0.889,0.2,3.7,3.8,0.7,1.0,0.5,0.8,2.7,9.3,playoffs
1626162,2023-24,00,1610612755,PHI,28.0,6,6,37.3,5.2,10.7,0.484,1.5,3.8,0.391,1.3,1.8,0.727,1.5,2.5,4.0,1.7,1.8,1.2,1.3,4.0,13.2,playoffs
1626162,2025-26,00,1610612755,PHI,30.0,11,11,33.1,4.4,9.6,0.453,0.9,3.5,0.256,2.0,2.5,0.815,1.1,4.7,5.8,1.1,0.5,0.5,0.7,2.5,11.6,playoffs
101108,2005-06,00,1610612740,NOK,21.0,78,78,36.0,5.2,12.1,0.43,0.6,2.3,0.282,5.1,6.0,0.847,0.8,4.3,5.1,7.8,2.2,0.1,2.3,2.8,16.1,regular
101108,2006-07,00,1610612740,NOK,22.0,64,64,36.8,6.0,13.6,0.437,0.8,2.2,0.35,4.6,5.6,0.818,0.8,3.5,4.4,8.9,1.8,0.0,2.5,2.4,17.3,regular
101108,2007-08,00,1610612740,NOH,23.0,80,80,37.6,7.9,16.1,0.488,1.2,3.1,0.369,4.2,4.9,0.851,0.8,3.2,4.0,11.6,2.7,0.1,2.5,2.3,21.1,regular
101108,2008-09,00,1610612740,NOH,24.0,78,78,38.5,8.1,16.1,0.503,0.8,2.3,0.364,5.8,6.7,0.868,0.9,4.7,5.5,11.0,2.8,0.1,3.0,2.7,22.8,regular
101108,2009-10,00,1610612740,NOH,25.0,45,45,38.0,7.0,14.2,0.493,1.2,2.8,0.409,3.6,4.2,0.847,0.4,3.8,4.2,10.7,2.1,0.2,2.5,2.6,18.7,regular
101108,2010-11,00,1610612740,NOH,26.0,80,80,36.0,5.4,11.6,0.463,0.9,2.3,0.388,4.2,4.8,0.878,0.5,3.6,4.1,9.8,2.4,0.1,2.2,2.5,15.9,regular
101108,2011-12,00,1610612746,LAC,27.0,60,60,36.4,7.1,14.8,0.478,1.3,3.6,0.371,4.3,5.0,0.861,0.7,2.9,3.6,9.1,2.5,0.1,2.1,2.3,19.8,regular
101108,2012-13,00,1610612746,LAC,28.0,70,70,33.4,5.9,12.2,0.481,1.1,3.3,0.328,4.1,4.6,0.885,0.8,3.0,3.7,9.7,2.4,0.1,2.3,2.0,16.9,regular
101108,2013-14,00,1610612746,LAC,29.0,62,62,35.0,6.5,14.0,0.467,1.3,3.4,0.368,4.8,5.6,0.855,0.6,3.7,4.3,10.7,2.5,0.1,2.3,2.5,19.1,regular
101108,2014-15,00,1610612746,LAC,30.0,82,82,34.8,6.9,14.3,0.485,1.7,4.3,0.398,3.5,3.9,0.9,0.6,4.0,4.6,10.2,1.9,0.2,2.3,2.5,19.1,regular
101108,2015-16,00,1610612746,LAC,31.0,74,74,32.7,7.0,15.1,0.462,1.6,4.4,0.371,4.0,4.4,0.896,0.5,3.7,4.2,10.0,2.1,0.2,2.6,2.5,19.5,regular
101108,2016-17,00,1610612746,LAC,32.0,61,61,31.5,6.1,12.9,0.476,2.0,5.0,0.411,3.8,4.3,0.892,0.7,4.3,5.0,9.2,2.0,0.1,2.4,2.4,18.1,regular
101108,2017-18,00,1610612745,HOU,33.0,58,58,31.8,6.3,13.8,0.46,2.5,6.5,0.38,3.5,3.8,0.919,0.6,4.8,5.4,7.9,1.7,0.2,2.2,2.4,18.6,regular
101108,2018-19,00,1610612745,HOU,34.0,58,58,32.0,5.2,12.4,0.419,2.2,6.1,0.358,3.0,3.5,0.862,0.6,3.9,4.6,8.2,2.0,0.3,2.6,2.5,15.6,regular
101108,2019-20,00,1610612760,OKC,35.0,70,70,31.5,6.2,12.7,0.489,1.6,4.3,0.365,3.6,4.0,0.907,0.4,4.6,5.0,6.7,1.6,0.2,2.3,2.3,17.6,regular
101108,2020-21,00,1610612756,PHX,36.0,70,70,31.4,6.3,12.6,0.499,1.5,3.7,0.395,2.4,2.6,0.934,0.4,4.1,4.5,8.9,1.4,0.3,2.2,2.4,16.4,regular
101108,2021-22,00,1610612756,PHX,37.0,65,65,32.9,5.6,11.3,0.493,1.0,3.1,0.317,2.6,3.1,0.837,0.3,4.0,4.4,10.8,1.9,0.3,2.4,2.1,14.7,regular
101108,2022-23,00,1610612756,PHX,38.0,59,59,32.0,5.0,11.3,0.44,1.7,4.4,0.375,2.3,2.7,0.831,0.5,3.8,4.3,8.9,1.5,0.4,1.9,2.1,13.9,regular
101108,2023-24,00,1610612744,GSW,39.0,58,18,26.4,3.6,8.1,0.441,1.3,3.6,0.371,0.7,0.9,0.827,0.3,3.6,3.9,6.8,1.2,0.1,1.3,1.9,9.2,regular
101108,2024-25,00,1610612759,SAS,40.0,82,82,28.0,3.0,7.1,0.427,1.7,4.5,0.377,1.0,1.1,0.924,0.4,3.2,3.6,7.4,1.3,0.3,1.6,1.8,8.8,regular
101108,2025-26,00,1610612746,LAC,40.0,16,0,14.3,1.1,3.5,0.321,0.6,1.9,0.333,0.1,0.1,0.5,0.4,1.4,1.8,3.3,0.7,0.0,1.0,1.4,2.9,regular
101108,2007-08,00,1610612740,NOH,23.0,12,12,40.5,9.3,18.4,0.502,0.4,1.8,0.238,5.2,6.6,0.785,1.3,3.6,4.9,11.3,2.3,0.2,1.8,3.6,24.1,playoffs
101108,2008-09,00,1610612740,NOH,24.0,5,5,40.2,6.0,14.6,0.411,1.0,3.2,0.313,3.6,4.2,0.857,0.8,3.6,4.4,10.4,1.6,0.0,4.8,1.6,16.6,playoffs
101108,2010-11,00,1610612740,NOH,26.0,6,6,41.7,7.0,12.8,0.545,1.5,3.2,0.474,6.5,8.2,0.796,0.5,6.2,6.7,11.5,1.8,0.0,3.7,1.8,22.0,playoffs
101108,2011-12,00,1610612746,LAC,27.0,11,11,38.5,6.4,14.9,0.427,1.2,3.5,0.333,3.7,4.3,0.872,0.5,4.5,5.1,7.9,2.7,0.1,3.9,2.7,17.6,playoffs
101108,2012-13,00,1610612746,LAC,28.0,6,6,37.3,8.2,15.3,0.533,1.0,3.2,0.316,5.5,6.2,0.892,0.5,3.5,4.0,6.3,1.8,0.0,1.5,2.8,22.8,playoffs
101108,2013-14,00,1610612746,LAC,29.0,13,13,36.3,7.1,15.2,0.467,2.5,5.4,0.457,3.2,4.1,0.774,0.9,3.3,4.2,10.3,2.8,0.0,3.0,3.8,19.8,playoffs
101108,2014-15,00,1610612746,LAC,30.0,12,12,37.1,7.9,15.8,0.503,2.3,5.4,0.415,4.0,4.3,0.941,0.6,3.8,4.4,8.8,1.8,0.3,2.2,3.1,22.1,playoffs
101108,2015-16,00,1610612746,LAC,31.0,4,4,31.3,9.3,19.0,0.487,1.5,5.0,0.3,3.8,3.8,1.0,1.0,3.0,4.0,7.3,2.3,0.0,1.0,3.0,23.8,playoffs
101108,2016-17,00,1610612746,LAC,32.0,7,7,37.1,9.6,19.3,0.496,2.0,5.4,0.368,4.1,4.7,0.879,0.6,4.4,5.0,9.9,1.7,0.1,2.7,3.4,25.3,playoffs
101108,2017-18,00,1610612745,HOU,33.0,15,15,34.5,7.9,17.1,0.459,2.5,6.6,0.374,2.9,3.5,0.83,0.6,5.3,5.9,5.8,2.0,0.3,1.9,3.1,21.1,playoffs
101108,2018-19,00,1610612745,HOU,34.0,11,11,36.1,6.0,13.5,0.446,1.5,5.7,0.27,3.5,4.1,0.844,1.3,5.1,6.4,5.5,2.2,0.6,3.4,3.3,17.0,playoffs
101108,2019-20,00,1610612760,OKC,35.0,7,7,37.3,7.9,16.0,0.491,2.3,6.1,0.372,3.3,3.7,0.885,0.4,7.0,7.4,5.3,1.6,0.4,3.3,2.6,21.3,playoffs
101108,2020-21,00,1610612756,PHX,36.0,20,20,34.2,7.5,15.0,0.497,1.5,3.3,0.446,2.9,3.3,0.877,0.5,3.1,3.5,8.6,1.2,0.2,2.2,2.4,19.2,playoffs
101108,2021-22,00,1610612756,PHX,37.0,13,13,34.5,6.7,11.9,0.561,1.5,3.8,0.388,2.7,2.8,0.946,0.5,3.6,4.2,8.3,1.5,0.2,2.4,3.1,17.5,playoffs
101108,2022-23,00,1610612756,PHX,38.0,7,7,35.7,5.4,13.0,0.418,1.3,4.0,0.321,0.3,0.6,0.5,0.7,4.3,5.0,7.4,1.7,0.7,1.0,2.3,12.4,playoffs
1627780,2016-17,00,1610612749,MIL,24.0,6,0,16.5,1.3,3.7,0.364,0.2,1.5,0.111,0.5,0.8,0.6,0.0,2.0,2.0,2.2,0.5,0.7,1.7,1.5,3.3,regular
1627780,2017-18,00,1610612749,MIL,25.0,12,6,8.8,1.1,2.8,0.394,0.2,1.0,0.167,0.2,0.3,0.667,0.3,1.1,1.4,0.8,0.3,0.1,0.3,1.4,2.5,regular
1627780,2017-18,00,1610612747,LAL,25.0,11,0,10.5,1.5,3.7,0.415,0.4,1.2,0.308,0.1,0.5,0.167,0.8,1.6,2.5,1.1,0.4,0.2,0.4,1.2,3.5,regular
1627780,2017-18,00,0,TOT,25.0,23,6,9.6,1.3,3.2,0.405,0.3,1.1,0.24,0.1,0.4,0.333,0.6,1.3,1.9,0.9,0.3,0.1,0.3,1.3,3.0,regular
1627780,2018-19,00,1610612764,WAS,26.0,3,0,5.3,1.7,2.7,0.625,0.3,0.7,0.5,0.0,0.0,0.0,0.3,0.3,0.7,1.3,1.0,0.3,0.3,0.7,3.7,regular
1627780,2019-20,00,1610612764,WAS,27.0,29,17,14.9,1.7,4.0,0.414,0.4,1.6,0.283,0.1,0.3,0.5,0.9,1.9,2.8,1.7,1.1,0.2,0.7,1.9,3.9,regular
1627780,2020-21,00,1610612744,GSW,28.0,10,0,4.0,1.0,1.3,0.769,0.2,0.4,0.5,0.3,0.4,0.75,0.2,0.9,1.1,0.1,0.6,0.1,0.1,0.8,2.5,regular
1627780,2021-22,00,1610612744,GSW,29.0,71,16,17.6,3.0,4.8,0.616,0.6,1.7,0.358,0.5,0.8,0.603,1.0,2.5,3.5,0.9,1.4,0.3,0.6,1.8,7.1,regular
1627780,2022-23,00,1610612757,POR,30.0,15,1,17.0,1.6,2.7,0.585,0.6,1.1,0.529,0.3,0.3,1.0,0.7,1.9,2.6,1.5,1.1,0.1,0.8,1.9,4.1,regular
1627780,2022-23,00,1610612744,GSW,30.0,7,0,16.0,2.4,4.0,0.607,0.6,1.3,0.444,0.3,0.4,0.667,2.0,2.3,4.3,1.1,0.9,0.6,0.6,2.0,5.7,regular
1627780,2022-23,00,0,TOT,30.0,22,1,16.7,1.9,3.1,0.594,0.6,1.2,0.5,0.3,0.3,0.857,1.1,2.0,3.1,1.4,1.0,0.2,0.7,2.0,4.6,regular
1627780,2023-24,00,1610612744,GSW,31.0,44,0,15.5,2.3,4.2,0.563,0.5,1.3,0.364,0.3,0.5,0.609,1.0,1.5,2.6,1.1,0.9,0.4,0.6,1.8,5.5,regular
1627780,2024-25,00,1610612744,GSW,32.0,62,11,15.0,2.8,4.8,0.574,0.5,1.5,0.326,0.4,0.6,0.711,0.9,2.1,3.0,1.3,0.8,0.3,0.6,1.7,6.5,regular
1627780,2025-26,00,1610612744,GSW,33.0,73,1,15.6,3.3,5.7,0.583,0.5,1.7,0.291,0.4,0.5,0.65,1.4,2.2,3.6,1.7,0.9,0.3,0.8,1.8,7.5,regular
1627780,2021-22,00,1610612744,GSW,29.0,12,2,16.9,2.4,3.7,0.659,0.7,1.3,0.533,1.0,1.5,0.667,1.1,2.0,3.1,1.3,1.2,0.6,0.5,1.9,6.5,playoffs
1627780,2022-23,00,1610612744,GSW,30.0,12,3,15.9,3.0,4.5,0.667,0.3,1.3,0.267,0.5,0.8,0.667,1.8,1.8,3.7,0.8,0.7,0.5,0.9,1.6,6.8,playoffs
1627780,2024-25,00,1610612744,GSW,32.0,11,1,16.4,1.9,4.3,0.447,0.8,2.1,0.391,0.0,0.0,0.0,0.9,1.3,2.2,1.5,0.9,0.0,0.5,1.9,4.6,playoffs
1642877,2025-26,00,1610612740,NOP,24.0,61,4,15.0,1.7,4.5,0.385,0.5,1.8,0.259,0.4,0.5,0.759,0.8,1.2,1.9,1.0,0.7,0.1,0.3,1.6,4.3,regular
1642869,2025-26,00,1610612753,ORL,21.0,59,2,12.8,1.4,3.4,0.404,0.5,1.6,0.323,0.6,0.8,0.688,1.1,2.0,3.2,1.2,0.5,0.3,0.7,1.2,3.8,regular
1642869,2025-26,00,1610612753,ORL,21.0,1,0,3.0,0.0,0.0,0.0,0.0,0.0,0.0,0.0,0.0,0.0,0.0,1.0,1.0,0.0,0.0,0.0,0.0,0.0,0.0,playoffs
1643007,2025-26,00,1610612754,IND,24.0,38,0,12.9,1.6,4.2,0.38,1.1,3.3,0.328,0.3,0.4,0.625,0.3,1.3,1.6,1.1,0.7,0.1,0.7,1.0,4.5,regular
1641809,2023-24,00,1610612738,BOS,24.0,3,0,7.7,1.3,2.0,0.667,1.0,1.7,0.6,0.0,0.0,0.0,0.0,0.3,0.3,0.3,0.7,0.0,0.3,0.3,3.7,regular
1641809,2024-25,00,1610612738,BOS,25.0,25,1,7.4,0.7,1.6,0.415,0.5,1.3,0.394,0.3,0.4,0.778,0.4,1.2,1.6,0.5,0.2,0.1,0.3,0.7,2.2,regular
1641809,2025-26,00,1610612766,CHA,26.0,6,0,10.7,0.3,2.7,0.125,0.0,2.0,0.0,0.2,0.3,0.5,0.5,1.0,1.5,0.3,0.5,0.2,0.0,0.5,0.8,regular
1641763,2023-24,00,1610612741,CHI,20.0,40,0,8.1,0.8,1.9,0.416,0.3,1.0,0.316,0.3,0.5,0.684,0.3,0.6,0.9,0.3,0.2,0.2,0.3,1.0,2.2,regular
1641763,2024-25,00,1610612741,CHI,21.0,79,5,14.2,1.6,3.6,0.446,0.6,1.9,0.327,0.8,1.0,0.789,0.8,1.3,2.1,0.5,0.5,0.3,0.3,1.4,4.6,regular
1641763,2025-26,00,1610612741,CHI,22.0,35,2,9.5,1.1,2.5,0.42,0.5,1.4,0.327,0.3,0.3,0.818,0.6,0.6,1.3,0.2,0.5,0.2,0.2,0.9,2.8,regular
1641763,2025-26,00,1610612750,MIN,22.0,13,0,7.2,1.1,2.5,0.424,0.3,1.2,0.25,0.7,0.9,0.75,0.1,0.3,0.4,0.2,0.4,0.1,0.3,0.8,3.2,regular
1641763,2025-26,00,0,TOT,22.0,48,2,8.9,1.1,2.5,0.421,0.4,1.4,0.308,0.4,0.5,0.783,0.5,0.5,1.0,0.2,0.5,0.1,0.2,0.9,2.9,regular
1641763,2025-26,00,1610612750,MIN,22.0,5,0,5.0,0.4,1.2,0.333,0.4,0.8,0.5,0.0,0.0,0.0,0.0,0.2,0.2,0.4,0.4,0.0,0.2,0.2,1.2,playoffs
1629618,2023-24,00,1610612743,DEN,24.0,27,0,4.5,0.6,1.3,0.429,0.3,0.9,0.36,0.1,0.1,0.75,0.0,0.5,0.5,0.8,0.1,0.0,0.3,0.5,1.6,regular
1629618,2024-25,00,1610612743,DEN,25.0,49,4,13.6,1.6,3.7,0.428,0.8,2.1,0.396,0.1,0.2,0.75,0.3,1.1,1.4,2.2,0.4,0.1,0.5,0.8,4.1,regular
1629618,2025-26,00,1610612743,DEN,26.0,50,18,16.1,2.0,4.6,0.422,1.0,2.5,0.386,0.3,0.4,0.789,0.4,1.9,2.3,2.3,0.3,0.1,0.7,0.8,5.2,regular
1629618,2023-24,00,1610612743,DEN,24.0,3,0,3.7,0.7,1.0,0.667,0.0,0.3,0.0,0.0,0.0,0.0,0.0,0.3,0.3,0.3,0.0,0.3,0.0,0.3,1.3,playoffs
1629618,2024-25,00,1610612743,DEN,25.0,8,0,7.1,0.6,1.9,0.333,0.4,1.1,0.333,0.0,0.0,0.0,0.0,0.9,0.9,0.6,0.0,0.1,0.8,0.4,1.6,playoffs
1629618,2025-26,00,1610612743,DEN,26.0,2,0,2.0,0.0,0.0,0.0,0.0,0.0,0.0,0.5,1.0,0.5,0.0,0.0,0.0,0.5,0.0,0.0,0.0,0.0,0.5,playoffs
1630590,2022-23,00,1610612747,LAL,22.0,6,0,5.3,0.7,2.0,0.333,0.2,0.5,0.333,0.8,1.5,0.556,0.3,0.3,0.7,0.3,0.3,0.2,0.3,0.5,2.3,regular
1630590,2023-24,00,1610612763,MEM,23.0,21,16,25.1,4.8,9.7,0.493,1.4,3.4,0.417,2.0,2.6,0.745,1.0,2.1,3.2,4.7,1.7,0.5,2.7,2.9,12.9,regular
1630590,2024-25,00,1610612763,MEM,24.0,79,21,21.3,3.6,7.5,0.48,1.1,2.8,0.397,1.5,2.2,0.713,0.8,2.5,3.3,4.4,1.3,0.4,1.7,2.6,9.9,regular
1630590,2025-26,00,1610612763,MEM,25.0,10,6,21.2,4.3,9.6,0.448,1.0,3.2,0.313,1.8,2.3,0.783,0.8,1.4,2.2,4.7,1.9,0.4,2.7,3.1,11.4,regular
1630590,2024-25,00,1610612763,MEM,24.0,4,4,32.3,5.5,14.5,0.379,2.5,7.0,0.357,4.8,4.8,1.0,1.0,4.5,5.5,3.5,1.0,0.3,3.5,4.8,18.3,playoffs
1631342,2024-25,00,1610612737,ATL,26.0,6,0,12.0,2.7,4.2,0.64,1.5,2.8,0.529,0.3,0.3,1.0,0.7,1.2,1.8,0.3,0.0,0.0,0.7,1.7,7.2,regular
1631342,2025-26,00,1610612758,SAC,27.0,32,7,26.4,3.8,8.7,0.43,1.9,5.8,0.333,1.3,1.5,0.857,1.0,2.0,3.0,1.3,0.7,0.2,0.8,2.4,10.8,regular
203486,2013-14,00,1610612751,BKN,24.0,70,22,18.2,2.8,4.3,0.659,0.0,0.0,0.0,1.7,2.8,0.626,1.4,3.0,4.4,0.9,0.7,0.8,1.1,2.4,7.4,regular
203486,2014-15,00,1610612751,BKN,25.0,82,45,21.3,3.4,6.0,0.573,0.0,0.0,0.0,1.9,3.9,0.495,2.1,4.1,6.2,0.9,0.8,0.8,1.3,2.5,8.7,regular
203486,2015-16,00,1610612757,POR,26.0,82,82,25.4,3.3,6.3,0.516,0.0,0.0,0.0,2.6,4.1,0.642,2.5,5.2,7.7,2.8,0.8,1.0,1.9,3.1,9.1,regular
203486,2016-17,00,1610612757,POR,27.0,54,54,28.1,4.4,8.2,0.532,0.0,0.1,0.0,2.4,4.1,0.567,2.2,5.8,8.0,4.0,0.9,1.2,1.6,2.8,11.1,regular
203486,2016-17,00,1610612743,DEN,27.0,27,10,23.4,3.7,6.7,0.547,0.0,0.0,0.0,1.7,2.8,0.618,1.9,4.6,6.4,2.6,0.7,1.1,1.7,2.9,9.1,regular
203486,2016-17,00,0,TOT,27.0,81,64,26.5,4.1,7.7,0.536,0.0,0.1,0.0,2.1,3.7,0.58,2.1,5.4,7.5,3.5,0.9,1.1,1.7,2.8,10.4,regular
203486,2017-18,00,1610612743,DEN,28.0,74,26,19.4,3.0,5.0,0.601,0.0,0.0,0.0,1.1,2.4,0.458,1.8,3.6,5.4,1.9,0.7,1.1,1.4,2.5,7.1,regular
203486,2018-19,00,1610612743,DEN,29.0,82,17,21.1,3.2,5.4,0.593,0.0,0.1,0.2,1.4,2.4,0.561,2.0,4.4,6.4,3.0,0.8,0.9,1.5,3.1,7.8,regular
203486,2019-20,00,1610612743,DEN,30.0,61,1,17.3,2.9,4.7,0.615,0.0,0.1,0.0,1.4,2.5,0.535,1.6,3.6,5.2,2.5,0.5,0.6,1.3,2.3,7.2,regular
203486,2020-21,00,1610612765,DET,31.0,56,56,26.8,4.2,6.8,0.614,0.0,0.1,0.0,2.0,3.0,0.669,2.6,6.7,9.3,3.6,0.8,0.9,1.9,3.3,10.4,regular
203486,2021-22,00,1610612766,CHA,32.0,73,73,24.6,2.8,4.4,0.641,0.0,0.0,0.0,0.9,2.3,0.392,2.4,5.3,7.7,3.1,0.8,0.7,1.4,3.1,6.5,regular
203486,2022-23,00,1610612766,CHA,33.0,56,56,28.5,4.7,7.1,0.669,0.0,0.0,0.0,2.8,4.6,0.605,3.3,6.3,9.7,3.7,0.6,0.6,1.6,2.9,12.2,regular
203486,2022-23,00,1610612746,LAC,33.0,23,4,19.9,2.8,3.8,0.727,0.0,0.0,0.0,1.9,2.5,0.772,1.8,5.1,6.9,1.7,0.5,0.5,1.3,2.4,7.5,regular
203486,2022-23,00,0,TOT,33.0,79,60,26.0,4.2,6.1,0.68,0.0,0.0,0.0,2.5,4.0,0.636,2.9,6.0,8.9,3.1,0.6,0.6,1.5,2.7,10.8,regular
203486,2023-24,00,1610612746,LAC,34.0,46,11,14.7,1.9,3.3,0.569,0.0,0.1,0.0,1.5,2.2,0.707,1.3,3.8,5.1,1.2,0.3,0.4,0.8,1.5,5.3,regular
203486,2024-25,00,1610612756,PHX,35.0,74,21,17.6,1.7,2.7,0.619,0.0,0.1,0.0,1.1,1.7,0.648,1.6,4.6,6.1,1.8,0.4,0.6,0.8,2.1,4.5,regular
203486,2025-26,00,1610612766,CHA,36.0,14,2,8.9,0.6,0.9,0.75,0.0,0.0,0.0,0.6,0.9,0.667,0.7,2.1,2.9,1.1,0.4,0.0,0.6,0.7,1.9,regular
203486,2025-26,00,1610612759,SAS,36.0,6,1,7.8,0.3,0.3,1.0,0.0,0.0,0.0,0.2,0.3,0.5,1.2,1.0,2.2,0.7,0.7,0.0,0.5,1.2,0.8,regular
203486,2025-26,00,0,TOT,36.0,20,3,8.6,0.6,0.7,0.786,0.0,0.0,0.0,0.5,0.7,0.643,0.9,1.8,2.7,1.0,0.5,0.0,0.6,0.9,1.6,regular
203486,2013-14,00,1610612751,BKN,24.0,10,0,11.4,0.7,1.6,0.438,0.0,0.0,0.0,0.8,1.8,0.444,0.5,1.8,2.3,0.2,0.3,0.7,0.9,2.4,2.2,playoffs
203486,2014-15,00,1610612751,BKN,25.0,6,0,8.2,0.7,1.0,0.667,0.0,0.0,0.0,0.7,1.8,0.364,0.3,1.0,1.3,0.3,0.7,0.3,0.5,1.7,2.0,playoffs
203486,2015-16,00,1610612757,POR,26.0,11,11,27.8,2.5,6.4,0.4,0.0,0.0,0.0,1.9,3.0,0.636,3.4,8.5,11.8,4.8,0.6,1.0,2.3,3.8,7.0,playoffs
203486,2018-19,00,1610612743,DEN,29.0,14,0,15.6,1.7,3.4,0.511,0.0,0.1,0.0,1.1,2.0,0.571,1.9,2.6,4.4,1.5,0.5,0.7,0.6,2.8,4.6,playoffs
203486,2019-20,00,1610612743,DEN,30.0,19,0,10.9,1.0,2.1,0.487,0.0,0.1,0.0,0.4,0.6,0.667,1.6,1.6,3.2,1.3,0.2,0.4,0.6,2.1,2.4,playoffs
203486,2022-23,00,1610612746,LAC,33.0,5,0,18.2,2.8,3.2,0.875,0.0,0.0,0.0,2.6,2.8,0.929,3.2,3.6,6.8,1.8,0.4,0.4,0.6,3.0,8.2,playoffs
203486,2023-24,00,1610612746,LAC,34.0,6,0,11.0,1.2,3.0,0.389,0.0,0.0,0.0,0.8,1.3,0.625,1.2,2.2,3.3,0.7,0.5,0.3,0.3,2.2,3.2,playoffs
203486,2025-26,00,1610612759,SAS,36.0,6,0,3.0,0.3,0.5,0.667,0.0,0.0,0.0,0.0,0.0,0.0,0.0,0.7,0.7,0.3,0.0,0.5,0.2,0.7,0.7,playoffs
1641764,2023-24,00,1610612744,GSW,21.0,74,28,26.6,3.7,8.1,0.454,1.2,3.2,0.385,0.7,1.1,0.633,1.6,4.2,5.8,3.7,0.8,0.2,1.2,1.6,9.2,regular
1641764,2024-25,00,1610612744,GSW,22.0,64,33,26.8,4.4,9.8,0.445,1.8,4.8,0.372,1.1,1.5,0.758,1.0,4.1,5.1,3.4,1.1,0.2,1.2,1.5,11.7,regular
1641764,2025-26,00,1610612744,GSW,23.0,82,43,28.5,4.8,10.6,0.455,1.9,5.0,0.371,2.3,2.9,0.797,0.9,4.2,5.1,3.7,1.1,0.2,1.6,1.7,13.8,regular
1641764,2024-25,00,1610612744,GSW,22.0,12,11,32.1,4.0,11.0,0.364,1.8,5.6,0.328,1.4,2.0,0.708,1.3,3.7,5.0,3.1,1.3,0.2,1.5,1.5,11.3,playoffs
1627751,2016-17,00,1610612761,TOR,21.0,54,4,11.6,1.2,2.1,0.583,0.0,0.0,0.0,0.6,1.1,0.544,1.4,1.6,3.1,0.2,0.3,0.4,0.5,2.1,3.1,regular
1627751,2017-18,00,1610612761,TOR,22.0,82,0,18.6,3.1,4.7,0.659,0.0,0.0,0.5,0.7,1.2,0.594,2.0,2.8,4.8,0.7,0.5,1.2,1.0,2.6,6.9,regular
1627751,2018-19,00,1610612759,SAS,23.0,77,24,16.5,2.4,3.8,0.645,0.0,0.0,0.0,0.6,1.2,0.533,2.3,3.0,5.3,1.2,0.4,0.9,0.6,1.6,5.5,regular
1627751,2019-20,00,1610612759,SAS,24.0,66,18,17.7,2.5,4.0,0.624,0.0,0.0,0.0,0.6,1.3,0.465,2.0,3.7,5.7,1.8,0.6,1.4,0.8,1.9,5.6,regular
1627751,2020-21,00,1610612759,SAS,25.0,69,51,26.7,3.8,6.2,0.616,0.0,0.0,0.0,0.9,1.8,0.508,3.2,4.8,7.9,1.9,0.7,1.8,1.2,2.5,8.6,regular
1627751,2021-22,00,1610612759,SAS,26.0,68,67,29.0,6.0,9.8,0.618,0.0,0.0,1.0,1.4,2.8,0.495,3.9,5.5,9.3,2.8,0.7,1.7,1.6,3.1,13.5,regular
1627751,2022-23,00,1610612759,SAS,27.0,46,46,26.1,5.2,8.4,0.616,0.0,0.0,0.0,1.7,2.8,0.605,3.3,5.7,9.0,3.1,0.8,1.1,2.1,2.6,12.1,regular
1627751,2022-23,00,1610612761,TOR,27.0,26,25,27.2,5.8,8.8,0.652,0.0,0.0,0.0,1.6,2.8,0.569,3.2,5.9,9.1,2.2,1.2,1.3,1.1,3.0,13.1,regular
1627751,2022-23,00,0,TOT,27.0,72,71,26.5,5.4,8.6,0.629,0.0,0.0,0.0,1.7,2.8,0.592,3.3,5.8,9.1,2.7,0.9,1.2,1.7,2.7,12.5,regular
1627751,2023-24,00,1610612761,TOR,28.0,50,50,26.4,5.0,7.6,0.656,0.0,0.0,0.0,1.2,2.1,0.551,2.9,5.7,8.6,2.5,0.7,1.5,1.5,3.0,11.1,regular
1627751,2024-25,00,1610612761,TOR,29.0,57,56,29.6,6.4,10.2,0.627,0.0,0.1,0.333,1.7,2.5,0.674,3.3,6.3,9.6,2.8,1.2,1.2,1.9,3.1,14.5,regular
1627751,2025-26,00,1610612761,TOR,30.0,46,44,25.0,4.7,6.7,0.7,0.0,0.0,0.0,1.3,2.1,0.602,2.5,4.5,7.0,2.0,0.9,0.7,1.2,3.2,10.7,regular
1627751,2016-17,00,1610612761,TOR,21.0,6,0,4.3,0.8,1.8,0.455,0.0,0.0,0.0,0.0,0.3,0.0,1.0,1.0,2.0,0.0,0.2,0.2,0.0,0.5,1.7,playoffs
1627751,2017-18,00,1610612761,TOR,22.0,9,0,15.6,1.9,3.4,0.548,0.0,0.1,0.0,1.7,2.1,0.789,1.7,2.3,4.0,0.7,0.3,0.4,0.9,2.8,5.4,playoffs
1627751,2018-19,00,1610612759,SAS,23.0,7,7,25.3,3.3,5.1,0.639,0.0,0.1,0.0,0.7,1.3,0.556,3.6,4.1,7.7,1.7,0.3,0.7,0.4,3.7,7.3,playoffs
1627751,2025-26,00,1610612761,TOR,30.0,7,7,19.1,2.9,4.4,0.645,0.0,0.0,0.0,1.3,2.0,0.643,1.7,4.3,6.0,1.4,0.9,0.9,0.9,2.7,7.0,playoffs
1629673,2019-20,00,1610612744,GSW,21.0,57,14,22.4,2.9,8.8,0.333,1.3,4.6,0.279,1.7,2.1,0.798,0.2,1.9,2.1,2.4,0.6,0.2,1.3,1.6,8.8,regular
1629673,2020-21,00,1610612744,GSW,22.0,51,7,19.4,4.0,9.3,0.432,1.9,5.4,0.351,2.1,2.3,0.882,0.3,1.5,1.8,1.9,0.5,0.2,1.0,1.7,12.0,regular
1629673,2021-22,00,1610612744,GSW,23.0,76,51,30.0,6.2,13.9,0.448,2.8,7.6,0.364,3.2,3.5,0.925,0.4,3.0,3.4,4.0,0.8,0.3,2.5,2.7,18.5,regular
1629673,2022-23,00,1610612744,GSW,24.0,82,43,30.0,6.7,15.6,0.43,2.6,7.8,0.336,4.4,5.1,0.87,0.4,2.4,2.7,4.5,0.8,0.3,3.1,2.6,20.4,regular
1629673,2023-24,00,1610612764,WAS,25.0,78,66,30.1,6.3,15.2,0.413,2.4,7.2,0.326,2.5,2.8,0.877,0.4,2.3,2.7,4.4,1.1,0.3,2.4,3.1,17.4,regular
1629673,2024-25,00,1610612764,WAS,26.0,68,68,29.4,6.7,15.5,0.432,3.5,9.1,0.378,3.6,4.0,0.883,0.5,2.5,3.0,4.5,1.3,0.4,3.0,3.0,20.5,regular
1629673,2025-26,00,1610612740,NOP,26.0,39,8,23.9,4.2,11.4,0.372,2.5,7.4,0.333,2.5,2.9,0.86,0.2,1.7,2.0,3.1,0.6,0.4,1.8,2.3,13.4,regular
1629673,2021-22,00,1610612744,GSW,23.0,22,5,27.5,5.9,11.5,0.508,2.3,5.8,0.391,3.0,3.2,0.915,0.5,2.4,2.8,3.8,0.8,0.4,2.4,2.8,17.0,playoffs
1629673,2022-23,00,1610612744,GSW,24.0,13,4,21.8,3.5,10.4,0.341,1.2,4.8,0.254,2.0,2.6,0.765,0.3,1.8,2.2,3.5,0.8,0.2,1.2,2.5,10.3,playoffs
1641854,2023-24,00,1610612739,CLE,24.0,51,6,12.7,2.3,4.5,0.509,0.2,0.7,0.353,0.8,1.1,0.732,0.4,1.7,2.1,2.3,0.4,0.3,0.9,0.8,5.6,regular
1641854,2024-25,00,1610612739,CLE,25.0,51,1,10.1,1.4,2.7,0.514,0.4,0.9,0.438,0.5,0.6,0.719,0.4,0.9,1.3,1.4,0.3,0.3,0.7,0.5,3.7,regular
1641854,2025-26,00,1610612739,CLE,26.0,64,3,17.9,1.8,4.0,0.45,0.5,1.5,0.355,0.4,0.6,0.6,1.3,2.1,3.4,3.2,0.9,0.6,0.9,1.1,4.5,regular
1641854,2024-25,00,1610612739,CLE,25.0,6,0,5.8,1.0,2.0,0.5,0.0,0.5,0.0,0.0,0.0,0.0,0.5,0.5,1.0,1.5,0.5,0.3,0.3,0.3,2.0,playoffs
1641854,2025-26,00,1610612739,CLE,26.0,7,0,3.0,0.1,0.4,0.333,0.0,0.1,0.0,0.0,0.0,0.0,0.0,0.4,0.4,0.6,0.0,0.0,0.6,0.1,0.3,playoffs
1629645,2019-20,00,1610612739,CLE,20.0,50,3,23.2,3.7,8.4,0.442,1.1,3.2,0.335,1.5,2.0,0.723,0.4,2.8,3.2,2.2,0.9,0.3,1.9,2.7,10.0,regular
1629645,2020-21,00,1610612745,HOU,21.0,26,23,32.2,6.0,14.1,0.425,1.9,6.2,0.311,2.7,3.6,0.734,0.8,3.0,3.8,6.3,0.7,0.3,3.5,2.3,16.6,regular
1629645,2021-22,00,1610612745,HOU,22.0,61,61,31.3,5.5,13.2,0.415,2.5,6.8,0.375,2.0,3.2,0.642,0.7,3.7,4.4,6.2,1.1,0.4,3.1,2.6,15.6,regular
1629645,2022-23,00,1610612745,HOU,23.0,59,59,34.3,6.6,15.0,0.442,2.4,6.5,0.366,3.5,4.5,0.784,1.3,4.0,5.3,5.7,1.4,0.3,3.2,2.6,19.2,regular
1629645,2024-25,00,1610612746,LAC,25.0,45,2,19.6,3.8,9.0,0.423,0.6,2.4,0.245,1.1,1.7,0.645,0.6,2.9,3.6,3.2,1.0,0.2,1.9,1.6,9.3,regular
1629645,2024-25,00,1610612749,MIL,25.0,30,2,19.9,4.0,8.2,0.494,1.0,2.4,0.408,2.7,3.1,0.871,0.4,3.5,3.9,3.7,1.3,0.1,1.7,1.6,11.7,regular
1629645,2024-25,00,0,TOT,25.0,75,4,19.8,3.9,8.7,0.449,0.7,2.4,0.311,1.7,2.3,0.769,0.6,3.1,3.7,3.4,1.1,0.2,1.8,1.6,10.3,regular
1629645,2025-26,00,1610612749,MIL,25.0,38,36,33.2,6.3,13.5,0.465,1.2,3.8,0.322,3.6,4.1,0.878,0.9,4.3,5.2,7.4,2.2,0.5,2.9,2.3,17.4,regular
1629645,2024-25,00,1610612749,MIL,25.0,5,1,30.2,3.8,9.6,0.396,1.4,3.0,0.467,2.2,2.6,0.846,0.6,3.0,3.6,5.4,0.8,0.0,1.8,2.4,11.2,playoffs
1629008,2019-20,00,1610612743,DEN,22.0,55,8,16.4,3.5,7.0,0.509,1.1,2.7,0.422,1.1,1.3,0.833,1.2,3.5,4.7,0.8,0.5,0.5,0.9,1.8,9.3,regular
1629008,2020-21,00,1610612743,DEN,23.0,61,54,31.3,7.3,13.4,0.542,2.8,6.3,0.445,1.7,2.2,0.791,1.5,5.8,7.3,1.1,0.7,0.9,1.3,2.1,19.0,regular
1629008,2021-22,00,1610612743,DEN,24.0,9,9,29.4,4.1,11.4,0.359,1.1,5.3,0.208,0.6,1.0,0.556,1.0,5.6,6.6,1.9,1.1,0.2,1.3,1.8,9.9,regular
1629008,2022-23,00,1610612743,DEN,25.0,62,62,29.0,6.4,13.2,0.487,3.0,7.3,0.414,1.5,1.9,0.8,1.0,4.5,5.5,1.0,0.6,0.5,1.1,1.9,17.4,regular
1629008,2023-24,00,1610612743,DEN,26.0,81,81,31.7,6.4,13.3,0.484,2.7,6.8,0.397,1.1,1.4,0.836,1.3,5.7,7.0,1.5,0.5,0.7,1.1,1.8,16.7,regular
1629008,2024-25,00,1610612743,DEN,27.0,77,77,33.7,6.9,13.6,0.504,2.5,6.4,0.395,1.9,2.5,0.768,1.8,5.2,7.0,2.1,0.6,0.5,1.4,2.0,18.2,regular
1629008,2025-26,00,1610612751,BKN,27.0,52,52,32.5,8.5,18.4,0.463,3.4,9.3,0.363,3.8,4.4,0.859,1.3,5.7,7.1,3.0,1.1,0.3,2.3,2.2,24.2,regular
1629008,2019-20,00,1610612743,DEN,22.0,19,3,23.7,4.1,8.6,0.476,1.8,4.7,0.382,1.4,1.8,0.743,1.1,5.6,6.7,0.8,0.7,0.3,1.3,2.3,11.4,playoffs
1629008,2020-21,00,1610612743,DEN,23.0,10,10,33.2,6.4,13.5,0.474,2.9,7.3,0.397,1.7,2.1,0.81,1.2,5.0,6.2,1.3,1.1,0.3,1.6,3.1,17.4,playoffs
1629008,2022-23,00,1610612743,DEN,25.0,20,20,32.7,5.0,11.7,0.423,2.3,6.6,0.351,1.2,1.5,0.793,1.0,7.1,8.1,1.6,0.5,0.6,0.5,2.1,13.4,playoffs
1629008,2023-24,00,1610612743,DEN,26.0,12,12,36.9,5.7,12.2,0.466,2.8,6.8,0.407,1.7,2.2,0.769,0.7,6.2,6.8,1.1,0.9,0.8,1.5,2.3,15.8,playoffs
1629008,2024-25,00,1610612743,DEN,27.0,14,14,31.1,3.4,8.6,0.392,1.7,5.0,0.343,0.7,1.0,0.714,1.0,4.5,5.5,0.6,0.6,0.4,0.9,1.9,9.1,playoffs
1626171,2015-16,00,1610612741,CHI,21.0,62,4,17.8,3.0,7.0,0.427,0.3,0.8,0.308,0.8,1.1,0.727,2.0,3.5,5.4,0.8,0.4,0.4,0.9,1.6,7.0,regular
1626171,2016-17,00,1610612741,CHI,22.0,64,13,15.6,2.9,5.9,0.488,0.5,1.5,0.333,0.6,0.9,0.661,1.2,3.5,4.6,0.5,0.3,0.2,0.6,1.5,6.8,regular
1626171,2017-18,00,1610612741,CHI,23.0,73,4,22.5,5.2,11.1,0.471,1.1,3.1,0.359,1.6,2.1,0.769,2.2,4.6,6.8,1.7,0.7,0.3,1.4,1.8,13.2,regular
1626171,2018-19,00,1610612741,CHI,24.0,22,6,24.1,5.5,12.3,0.45,1.2,3.3,0.375,1.8,2.3,0.78,2.1,5.2,7.3,1.3,0.5,0.4,1.3,2.8,14.1,regular
1626171,2018-19,00,1610612764,WAS,24.0,28,22,27.4,5.6,12.8,0.44,1.7,4.3,0.403,1.4,1.7,0.809,2.3,6.4,8.6,1.5,0.9,0.4,1.6,3.0,14.3,regular
1626171,2018-19,00,0,TOT,24.0,50,28,26.0,5.6,12.6,0.444,1.5,3.8,0.393,1.5,1.9,0.794,2.2,5.9,8.1,1.4,0.7,0.4,1.5,2.9,14.2,regular
1626171,2019-20,00,1610612752,NYK,25.0,66,5,21.1,4.0,8.9,0.45,1.0,2.8,0.358,1.1,1.4,0.763,1.2,3.9,5.1,1.5,0.5,0.3,1.1,1.7,10.1,regular
1626171,2020-21,00,1610612749,MIL,26.0,66,7,20.8,4.7,9.1,0.523,1.1,2.4,0.471,0.8,1.1,0.74,1.9,5.2,7.1,1.1,0.8,0.4,0.8,1.7,11.4,regular
1626171,2021-22,00,1610612749,MIL,27.0,72,59,28.2,5.8,12.1,0.479,1.8,4.7,0.393,1.2,1.6,0.752,2.5,6.6,9.1,1.2,0.7,0.7,1.3,2.4,14.6,regular
1626171,2022-23,00,1610612749,MIL,28.0,70,22,26.0,5.7,11.5,0.496,1.4,3.7,0.37,1.4,1.8,0.768,2.2,7.4,9.6,1.5,0.4,0.2,1.2,1.6,14.1,regular
1626171,2023-24,00,1610612749,MIL,29.0,82,4,24.5,5.7,11.2,0.508,1.2,3.0,0.407,1.2,1.5,0.79,1.7,5.7,7.4,1.3,0.8,0.4,1.1,2.3,13.8,regular
1626171,2024-25,00,1610612749,MIL,30.0,49,7,25.4,5.7,12.1,0.466,1.3,3.6,0.365,1.2,1.5,0.836,1.8,6.6,8.4,2.1,0.7,0.5,1.2,1.9,13.9,regular
1626171,2025-26,00,1610612749,MIL,31.0,67,9,24.2,5.5,11.2,0.488,2.0,4.4,0.456,0.7,1.0,0.706,1.3,5.1,6.4,1.6,0.6,0.2,1.0,1.6,13.7,regular
1626171,2016-17,00,1610612741,CHI,22.0,6,0,20.2,2.8,5.5,0.515,1.0,2.2,0.462,0.0,0.0,0.0,0.8,5.2,6.0,1.2,0.5,0.5,1.0,1.7,6.7,playoffs
1626171,2020-21,00,1610612749,MIL,26.0,20,2,18.3,3.5,7.6,0.464,0.9,2.6,0.346,0.9,1.3,0.72,1.7,3.4,5.0,0.6,0.7,0.4,0.5,1.6,8.8,playoffs
1626171,2021-22,00,1610612749,MIL,27.0,12,5,24.8,4.0,9.6,0.417,1.2,3.9,0.298,1.4,1.8,0.773,2.1,7.9,10.0,0.8,0.4,0.3,1.3,2.2,10.6,playoffs
1626171,2022-23,00,1610612749,MIL,28.0,5,2,21.4,4.0,8.2,0.488,1.0,3.6,0.278,0.6,0.6,1.0,2.0,6.2,8.2,1.2,0.6,0.4,0.8,3.0,9.6,playoffs
1626171,2023-24,00,1610612749,MIL,29.0,6,6,31.2,7.3,15.2,0.484,0.5,2.0,0.25,1.3,2.2,0.615,2.7,8.7,11.3,1.0,0.5,0.2,1.5,2.2,16.5,playoffs
1626171,2024-25,00,1610612749,MIL,30.0,5,1,31.6,6.0,13.6,0.441,2.0,5.6,0.357,0.0,0.2,0.0,1.6,6.6,8.2,1.4,0.4,0.4,1.2,1.6,14.0,playoffs
204001,2015-16,00,1610612752,NYK,20.0,72,72,28.4,5.2,12.3,0.421,1.1,3.4,0.333,2.8,3.3,0.838,1.8,5.5,7.3,1.3,0.7,1.9,1.7,2.8,14.3,regular
204001,2016-17,00,1610612752,NYK,21.0,66,65,32.8,6.7,14.9,0.45,1.7,4.8,0.357,3.0,3.8,0.786,1.7,5.5,7.2,1.5,0.7,2.0,1.8,3.7,18.1,regular
204001,2017-18,00,1610612752,NYK,22.0,48,48,32.4,8.1,18.5,0.439,1.9,4.8,0.395,4.5,5.7,0.793,1.3,5.3,6.6,1.2,0.8,2.4,1.9,2.9,22.7,regular
204001,2019-20,00,1610612742,DAL,24.0,57,57,31.8,7.0,16.4,0.427,2.5,7.1,0.352,4.0,5.0,0.799,1.8,7.7,9.5,1.8,0.7,2.0,1.6,3.2,20.4,regular
204001,2020-21,00,1610612742,DAL,25.0,43,43,30.9,7.6,15.9,0.476,2.3,6.0,0.376,2.7,3.2,0.855,1.9,7.0,8.9,1.6,0.5,1.3,1.2,2.7,20.1,regular
204001,2021-22,00,1610612742,DAL,26.0,34,34,29.5,6.7,14.9,0.451,1.4,5.1,0.283,4.3,5.0,0.865,1.9,5.8,7.7,2.0,0.7,1.7,1.6,2.6,19.2,regular
204001,2021-22,00,1610612764,WAS,26.0,17,17,28.2,7.2,15.2,0.475,1.7,4.6,0.367,5.9,6.8,0.871,2.2,6.6,8.8,2.9,0.7,1.5,1.6,2.9,22.1,regular
204001,2021-22,00,0,TOT,26.0,51,51,29.0,6.9,15.0,0.459,1.5,4.9,0.31,4.9,5.6,0.867,2.0,6.1,8.1,2.3,0.7,1.6,1.6,2.7,20.2,regular
204001,2022-23,00,1610612764,WAS,27.0,65,65,32.6,7.8,15.7,0.498,2.1,5.5,0.385,5.4,6.4,0.851,1.8,6.6,8.4,2.7,0.9,1.5,2.1,3.0,23.2,regular
204001,2023-24,00,1610612738,BOS,28.0,57,57,29.6,6.8,13.2,0.516,1.9,5.1,0.375,4.5,5.3,0.858,1.7,5.5,7.2,2.0,0.7,1.9,1.6,2.7,20.1,regular
204001,2024-25,00,1610612738,BOS,29.0,42,42,28.8,6.6,13.7,0.483,2.5,6.0,0.412,3.8,4.7,0.809,1.6,5.1,6.8,2.1,0.7,1.5,1.3,2.8,19.5,regular
204001,2025-26,00,1610612737,ATL,30.0,17,12,24.3,5.6,12.4,0.457,1.8,5.1,0.36,4.0,4.8,0.84,1.2,3.9,5.1,2.7,0.5,1.3,0.9,3.2,17.1,regular
204001,2025-26,00,1610612744,GSW,30.0,15,11,23.7,5.1,11.9,0.433,1.5,4.9,0.311,4.3,5.1,0.844,1.3,4.1,5.3,2.3,0.6,1.1,1.7,2.5,16.1,regular
204001,2025-26,00,0,TOT,30.0,32,23,24.0,5.4,12.1,0.446,1.7,5.0,0.338,4.2,4.9,0.842,1.3,4.0,5.2,2.5,0.6,1.2,1.3,2.9,16.7,regular
204001,2019-20,00,1610612742,DAL,24.0,3,3,31.3,7.0,13.3,0.525,3.0,5.7,0.529,6.7,7.7,0.87,1.0,7.7,8.7,0.7,0.0,1.0,1.0,3.0,23.7,playoffs
204001,2020-21,00,1610612742,DAL,25.0,7,7,33.3,4.9,10.3,0.472,1.1,3.9,0.296,2.3,2.7,0.842,1.0,4.4,5.4,1.3,1.3,0.7,0.4,2.7,13.1,playoffs
204001,2023-24,00,1610612738,BOS,28.0,7,4,23.6,4.0,8.6,0.467,1.4,4.1,0.345,2.9,3.1,0.909,0.6,3.9,4.4,1.1,0.7,1.6,0.7,2.1,12.3,playoffs
204001,2024-25,00,1610612738,BOS,29.0,11,7,21.0,2.3,7.2,0.316,0.4,2.4,0.154,2.8,4.1,0.689,1.9,2.7,4.6,0.7,0.9,0.8,0.9,2.4,7.7,playoffs
1642366,2024-25,00,1610612744,GSW,25.0,42,14,16.3,2.9,6.5,0.449,1.7,4.3,0.408,0.5,0.6,0.778,0.8,2.7,3.5,1.3,0.4,0.4,0.8,2.0,8.1,regular
1642366,2025-26,00,1610612744,GSW,26.0,67,35,17.3,2.9,6.6,0.44,1.4,4.1,0.336,0.5,0.6,0.791,1.0,3.0,4.0,1.4,0.4,0.5,0.8,1.9,7.7,regular
1642366,2024-25,00,1610612744,GSW,25.0,12,2,12.2,1.3,4.0,0.333,0.8,2.7,0.313,0.3,0.3,0.75,0.5,1.8,2.3,1.0,0.3,0.3,0.5,1.7,3.8,playoffs
1642962,2025-26,00,1610612751,BKN,20.0,63,24,21.0,2.3,5.7,0.402,0.8,2.9,0.28,1.1,1.2,0.896,0.3,1.4,1.8,1.4,0.6,0.2,1.0,1.4,6.5,regular
203939,2014-15,00,1610612738,BOS,23.0,5,0,1.8,0.8,1.0,0.8,0.0,0.0,0.0,0.2,0.4,0.5,0.0,0.2,0.2,0.0,0.4,0.0,0.4,0.2,1.8,regular
203939,2014-15,00,1610612742,DAL,23.0,24,0,9.5,1.1,2.6,0.435,0.1,0.5,0.273,1.0,1.3,0.774,0.8,1.3,2.0,0.4,0.3,0.3,0.4,1.6,3.4,regular
203939,2014-15,00,0,TOT,23.0,29,0,8.1,1.1,2.3,0.463,0.1,0.4,0.273,0.9,1.1,0.758,0.6,1.1,1.7,0.3,0.3,0.2,0.4,1.4,3.1,regular
203939,2015-16,00,1610612742,DAL,24.0,69,2,14.4,2.1,4.3,0.493,0.0,0.2,0.125,1.5,2.1,0.739,1.2,2.7,4.0,0.6,0.5,0.3,0.6,1.7,5.8,regular
203939,2016-17,00,1610612742,DAL,25.0,77,3,17.3,2.5,4.9,0.515,0.3,1.0,0.284,1.4,1.8,0.759,1.2,2.8,4.0,0.6,0.8,0.5,0.4,1.8,6.7,regular
203939,2017-18,00,1610612742,DAL,26.0,79,24,21.2,3.2,5.4,0.593,0.4,1.1,0.333,1.7,2.3,0.719,1.7,3.9,5.6,1.2,0.8,0.4,0.7,2.4,8.5,regular
203939,2018-19,00,1610612742,DAL,27.0,77,22,21.6,3.8,6.3,0.597,0.5,1.6,0.307,2.5,3.3,0.772,1.8,3.5,5.3,1.5,0.6,0.6,0.9,2.6,10.6,regular
203939,2019-20,00,1610612742,DAL,28.0,40,37,26.5,3.7,5.7,0.638,0.3,1.0,0.256,1.9,2.8,0.667,1.9,3.8,5.7,1.5,0.9,0.6,0.9,2.6,9.4,regular
203939,2020-21,00,1610612742,DAL,29.0,58,19,16.7,2.1,3.3,0.619,0.1,0.4,0.238,1.7,2.1,0.782,1.4,2.7,4.0,1.1,0.6,0.5,0.7,2.3,5.9,regular
203939,2021-22,00,1610612742,DAL,30.0,82,71,21.9,3.3,4.9,0.671,0.2,0.5,0.351,2.0,2.6,0.783,2.1,2.8,4.9,1.2,0.5,0.5,0.8,2.7,8.7,regular
203939,2022-23,00,1610612742,DAL,31.0,76,64,19.2,2.6,3.5,0.732,0.0,0.1,0.0,1.5,2.2,0.667,2.0,2.2,4.1,0.9,0.6,0.3,0.9,2.8,6.7,regular
203939,2023-24,00,1610612742,DAL,32.0,63,9,13.3,1.1,1.7,0.679,0.0,0.0,0.333,1.0,1.4,0.708,1.5,1.9,3.4,1.3,0.4,0.3,0.5,1.8,3.3,regular
203939,2024-25,00,1610612742,DAL,33.0,55,3,10.0,0.8,1.1,0.689,0.0,0.1,0.4,0.5,0.8,0.651,0.9,1.3,2.1,1.0,0.3,0.4,0.3,1.4,2.1,regular
203939,2025-26,00,1610612742,DAL,34.0,63,12,14.3,1.0,1.6,0.644,0.0,0.1,0.286,1.2,1.8,0.696,1.5,2.6,4.1,1.1,0.5,0.3,0.7,2.1,3.3,regular
203939,2014-15,00,1610612742,DAL,23.0,2,0,1.5,0.0,0.5,0.0,0.0,0.0,0.0,0.0,0.0,0.0,0.0,0.5,0.5,0.5,0.0,0.0,0.0,0.5,0.0,playoffs
203939,2015-16,00,1610612742,DAL,24.0,4,0,16.0,2.3,4.8,0.474,0.0,0.3,0.0,1.5,2.8,0.545,2.3,2.0,4.3,1.0,0.3,0.0,0.3,1.3,6.0,playoffs
203939,2020-21,00,1610612742,DAL,29.0,7,0,7.4,1.0,1.1,0.875,0.0,0.0,0.0,0.7,0.9,0.833,0.7,1.1,1.9,0.9,0.3,0.0,0.1,1.1,2.7,playoffs
203939,2021-22,00,1610612742,DAL,30.0,18,18,13.8,1.2,1.9,0.629,0.0,0.1,0.0,0.8,1.3,0.609,0.9,1.7,2.6,0.2,0.2,0.3,0.5,2.2,3.2,playoffs
203939,2023-24,00,1610612742,DAL,32.0,13,0,3.4,0.1,0.2,0.333,0.0,0.0,0.0,0.3,0.5,0.667,0.2,0.7,0.9,0.2,0.1,0.0,0.2,0.7,0.5,playoffs
1626181,2015-16,00,1610612761,TOR,23.0,49,24,14.8,2.0,4.7,0.424,0.7,1.8,0.404,0.9,1.1,0.811,0.3,1.9,2.3,1.0,0.6,0.2,0.7,1.2,5.6,regular
1626181,2016-17,00,1610612761,TOR,24.0,76,18,18.0,3.0,6.7,0.449,0.7,2.3,0.324,1.7,2.1,0.792,0.3,1.9,2.2,1.1,0.7,0.2,0.9,1.7,8.4,regular
1626181,2017-18,00,1610612761,TOR,25.0,70,18,15.2,2.1,5.3,0.401,0.8,2.7,0.285,0.5,0.6,0.821,0.2,1.5,1.7,1.3,0.5,0.2,0.9,1.6,5.5,regular
1626181,2018-19,00,1610612761,TOR,26.0,60,3,18.8,3.2,6.7,0.483,1.1,2.8,0.4,1.0,1.3,0.827,0.3,2.1,2.3,1.5,0.7,0.2,1.1,1.6,8.6,regular
1626181,2019-20,00,1610612761,TOR,27.0,52,26,28.4,5.7,11.5,0.495,2.1,5.3,0.399,2.5,2.9,0.843,0.5,3.2,3.7,1.8,1.2,0.4,1.5,2.1,16.0,regular
1626181,2020-21,00,1610612761,TOR,28.0,42,31,30.4,6.7,13.5,0.498,2.8,6.4,0.439,3.4,3.9,0.865,0.5,2.5,3.0,1.8,1.1,0.2,1.8,2.3,19.6,regular
1626181,2020-21,00,1610612757,POR,28.0,27,27,34.4,5.8,13.0,0.443,2.0,5.4,0.361,3.5,4.0,0.88,0.9,2.4,3.3,1.9,1.3,0.4,1.6,2.3,17.0,regular
1626181,2020-21,00,0,TOT,28.0,69,58,32.0,6.3,13.3,0.477,2.5,6.0,0.411,3.4,3.9,0.871,0.6,2.5,3.1,1.9,1.2,0.3,1.7,2.3,18.6,regular
1626181,2021-22,00,1610612757,POR,29.0,40,39,33.3,6.2,13.6,0.456,2.3,5.7,0.406,4.0,5.0,0.803,0.4,2.9,3.3,2.1,1.0,0.4,1.6,2.3,18.7,regular
1626181,2021-22,00,1610612746,LAC,29.0,5,2,25.0,6.4,12.6,0.508,2.6,4.8,0.542,6.0,7.0,0.857,0.6,2.2,2.8,2.8,0.4,0.8,1.4,2.8,21.4,regular
1626181,2021-22,00,0,TOT,29.0,45,41,32.4,6.2,13.4,0.461,2.4,5.6,0.419,4.2,5.2,0.811,0.4,2.8,3.2,2.1,0.9,0.5,1.5,2.4,19.0,regular
1626181,2022-23,00,1610612746,LAC,30.0,60,8,26.1,5.7,11.8,0.479,1.9,4.8,0.397,3.8,4.6,0.812,0.4,2.5,2.9,1.8,0.8,0.3,1.7,2.1,17.0,regular
1626181,2023-24,00,1610612746,LAC,31.0,76,3,26.2,4.9,10.1,0.486,2.2,5.1,0.435,1.9,2.3,0.831,0.2,2.4,2.6,1.1,0.6,0.3,0.9,1.8,13.9,regular
1626181,2024-25,00,1610612746,LAC,32.0,60,60,32.6,7.6,15.8,0.484,3.0,7.1,0.418,3.6,4.4,0.804,0.4,2.8,3.2,2.1,1.2,0.2,1.8,1.9,21.8,regular
1626181,2025-26,00,1610612748,MIA,32.0,58,52,29.6,7.3,15.4,0.47,2.7,7.1,0.38,4.5,5.5,0.827,0.4,3.1,3.5,2.5,1.1,0.2,1.9,2.2,21.7,regular
1626181,2015-16,00,1610612761,TOR,23.0,18,3,11.4,1.5,3.9,0.386,0.4,1.4,0.269,0.4,0.4,0.875,0.2,1.3,1.5,0.3,0.7,0.1,0.3,1.0,3.8,playoffs
1626181,2016-17,00,1610612761,TOR,24.0,9,5,25.2,3.9,9.1,0.427,1.7,3.8,0.441,2.2,2.7,0.833,0.6,2.6,3.1,1.6,1.1,0.3,1.7,2.8,11.7,playoffs
1626181,2017-18,00,1610612761,TOR,25.0,6,0,6.7,0.7,2.3,0.286,0.2,1.2,0.143,0.5,0.7,0.75,0.0,0.3,0.3,0.3,0.0,0.0,0.2,0.7,2.0,playoffs
1626181,2018-19,00,1610612761,TOR,26.0,23,0,15.9,2.4,5.5,0.444,1.0,2.7,0.387,0.6,0.8,0.737,0.2,2.0,2.2,1.1,0.4,0.0,0.5,1.3,6.5,playoffs
1626181,2019-20,00,1610612761,TOR,27.0,11,0,24.8,4.6,9.5,0.49,2.0,4.7,0.423,2.1,2.6,0.793,0.4,2.0,2.4,1.0,0.5,0.3,1.0,2.6,13.4,playoffs
1626181,2020-21,00,1610612757,POR,28.0,6,6,36.0,6.3,12.7,0.5,1.7,4.3,0.385,2.7,3.0,0.889,0.5,1.7,2.2,2.0,0.8,1.0,1.2,2.8,17.0,playoffs
1626181,2022-23,00,1610612746,LAC,30.0,5,3,33.4,7.2,15.2,0.474,2.6,6.4,0.406,4.8,6.2,0.774,0.8,2.2,3.0,2.2,0.8,0.4,1.6,3.2,21.8,playoffs
1626181,2023-24,00,1610612746,LAC,31.0,6,0,29.8,4.3,10.2,0.426,2.2,4.8,0.448,2.0,2.5,0.8,0.5,2.3,2.8,0.3,0.5,0.0,1.2,3.3,12.8,playoffs
1626181,2024-25,00,1610612746,LAC,32.0,7,7,34.0,6.0,12.7,0.472,2.0,5.7,0.35,2.0,2.6,0.778,0.1,2.3,2.4,2.4,1.1,0.3,1.7,2.1,16.0,playoffs
1627752,2016-17,00,1610612737,ATL,23.0,59,10,16.6,1.9,4.8,0.4,0.6,1.7,0.324,1.3,1.6,0.787,0.4,2.2,2.7,0.9,0.7,0.5,1.0,1.6,5.7,regular
1627752,2017-18,00,1610612737,ATL,24.0,82,82,30.0,5.1,11.9,0.426,2.1,5.6,0.385,1.9,2.2,0.844,0.6,4.1,4.7,2.6,1.0,0.5,2.3,2.0,14.1,regular
1627752,2018-19,00,1610612737,ATL,25.0,55,47,28.2,4.8,10.8,0.441,2.2,5.7,0.39,1.7,2.1,0.819,0.4,3.2,3.6,2.1,1.0,0.3,1.8,2.6,13.5,regular
1627752,2019-20,00,1610612751,BKN,26.0,64,61,29.0,4.3,11.5,0.376,2.3,6.7,0.339,1.1,1.4,0.798,0.8,5.2,6.0,1.8,0.9,0.4,2.0,2.5,12.1,regular
1627752,2020-21,00,1610612751,BKN,27.0,12,4,18.2,2.5,6.2,0.405,1.1,3.1,0.351,2.0,2.3,0.889,0.2,2.7,2.8,0.6,0.7,0.7,0.9,1.8,8.1,regular
1627752,2020-21,00,1610612739,CLE,27.0,29,6,23.7,3.5,8.7,0.399,1.7,4.1,0.415,1.4,1.7,0.837,0.6,3.1,3.7,2.4,0.7,0.5,1.2,1.9,10.1,regular
1627752,2020-21,00,0,TOT,27.0,41,10,22.1,3.2,8.0,0.401,1.5,3.8,0.4,1.6,1.9,0.855,0.5,3.0,3.5,1.9,0.7,0.6,1.1,1.8,9.5,regular
1627752,2021-22,00,1610612750,MIN,28.0,69,8,17.1,2.6,5.7,0.454,1.2,3.3,0.376,0.9,1.2,0.756,0.4,2.1,2.5,1.0,0.7,0.3,0.8,1.7,7.3,regular
1627752,2022-23,00,1610612750,MIN,29.0,54,4,22.1,3.3,7.0,0.467,1.4,3.6,0.381,1.2,1.4,0.844,0.3,2.2,2.4,1.6,0.5,0.3,1.3,2.3,9.1,regular
1627752,2023-24,00,1610612747,LAL,30.0,78,49,27.0,3.2,7.3,0.442,1.8,4.6,0.396,0.6,0.9,0.735,0.3,2.7,2.9,1.5,0.7,0.4,0.9,1.9,8.9,regular
1627752,2024-25,00,1610612749,MIL,31.0,80,73,27.1,2.9,6.4,0.457,1.8,4.2,0.439,0.5,0.6,0.813,0.4,3.2,3.6,1.9,1.0,0.2,1.0,2.1,8.2,regular
1627752,2025-26,00,1610612749,MIL,32.0,26,7,23.5,3.3,7.3,0.45,2.3,5.4,0.436,0.2,0.2,1.0,0.2,3.0,3.1,1.8,0.6,0.2,1.2,1.8,9.2,regular
1627752,2016-17,00,1610612737,ATL,23.0,6,6,31.2,4.8,8.7,0.558,0.7,2.3,0.286,0.8,0.8,1.0,1.2,4.2,5.3,1.3,0.3,0.2,1.2,1.5,11.2,playoffs
1627752,2021-22,00,1610612750,MIN,28.0,5,0,13.0,2.0,5.4,0.37,0.8,2.8,0.286,1.2,1.4,0.857,0.2,1.4,1.6,1.2,0.4,0.2,0.8,1.0,6.0,playoffs
1627752,2022-23,00,1610612750,MIN,29.0,5,1,20.0,2.4,6.6,0.364,1.6,4.2,0.381,1.4,1.8,0.778,0.6,0.8,1.4,0.8,0.6,0.2,1.0,1.8,7.8,playoffs
1627752,2023-24,00,1610612747,LAL,30.0,5,0,22.2,2.4,5.8,0.414,1.0,3.4,0.294,1.6,1.6,1.0,0.2,2.2,2.4,0.6,0.2,0.4,0.2,1.8,7.4,playoffs
1627752,2024-25,00,1610612749,MIL,31.0,5,2,12.2,0.4,2.0,0.2,0.4,1.8,0.222,0.0,0.0,0.0,0.0,1.0,1.0,1.6,0.4,0.2,1.0,0.6,1.2,playoffs
1630202,2020-21,00,1610612738,BOS,23.0,66,4,19.2,2.8,6.3,0.44,1.5,3.8,0.411,0.6,0.7,0.889,0.5,1.9,2.4,1.8,0.6,0.1,0.8,1.6,7.7,regular
1630202,2021-22,00,1610612738,BOS,24.0,71,2,14.1,2.3,5.3,0.429,1.4,3.5,0.412,0.3,0.3,1.0,0.5,1.4,1.9,2.0,0.4,0.1,0.6,0.9,6.2,regular
1630202,2022-23,00,1610612738,BOS,25.0,48,3,13.4,2.1,5.1,0.412,1.2,3.2,0.364,0.3,0.3,0.75,0.5,1.3,1.8,1.3,0.3,0.0,0.8,0.8,5.6,regular
1630202,2023-24,00,1610612738,BOS,26.0,82,5,22.3,3.6,7.7,0.468,1.8,4.7,0.385,0.6,0.7,0.821,0.9,2.4,3.2,3.4,0.5,0.1,0.7,1.3,9.6,regular
1630202,2024-25,00,1610612738,BOS,27.0,80,3,28.4,5.1,10.8,0.472,3.2,7.8,0.407,0.9,1.1,0.845,1.3,2.6,3.8,3.5,0.9,0.2,1.0,1.5,14.3,regular
1630202,2025-26,00,1610612738,BOS,28.0,79,50,32.4,6.4,13.8,0.464,2.7,7.1,0.377,1.5,1.7,0.89,0.9,3.1,3.9,5.2,0.7,0.1,1.4,1.5,17.0,regular
1630202,2020-21,00,1610612738,BOS,23.0,5,0,13.4,1.2,3.4,0.353,0.6,2.0,0.3,0.4,0.4,1.0,0.4,1.4,1.8,2.4,0.4,0.0,0.6,0.8,3.4,playoffs
1630202,2021-22,00,1610612738,BOS,24.0,24,0,12.9,1.8,4.3,0.422,1.0,3.0,0.333,0.2,0.3,0.667,0.4,1.5,1.9,1.6,0.3,0.1,0.4,1.0,4.8,playoffs
1630202,2022-23,00,1610612738,BOS,25.0,10,0,5.7,1.2,2.2,0.545,0.4,1.0,0.4,0.4,0.5,0.8,0.0,0.6,0.6,1.1,0.1,0.0,0.5,0.3,3.2,playoffs
1630202,2023-24,00,1610612738,BOS,26.0,19,0,18.7,2.3,5.5,0.419,1.2,3.2,0.383,0.6,0.6,0.917,0.7,1.2,1.9,2.1,0.2,0.0,0.7,1.2,6.4,playoffs
1630202,2024-25,00,1610612738,BOS,27.0,11,0,27.5,4.1,9.0,0.455,2.5,6.1,0.403,1.3,1.5,0.824,0.8,1.5,2.3,1.5,0.5,0.0,0.8,1.7,11.9,playoffs
1630202,2025-26,00,1610612738,BOS,28.0,7,0,33.0,5.6,13.1,0.424,2.4,7.9,0.309,1.0,1.1,0.875,1.3,2.4,3.7,5.1,0.4,0.0,0.7,0.7,14.6,playoffs
1642878,2025-26,00,1610612739,CLE,22.0,50,1,10.9,1.9,4.5,0.413,0.9,2.6,0.351,0.8,0.9,0.889,0.2,1.1,1.3,1.5,0.5,0.0,0.8,1.2,5.4,regular
1642878,2025-26,00,1610612739,CLE,22.0,4,0,3.3,0.0,0.5,0.0,0.0,0.5,0.0,0.5,0.5,1.0,0.0,0.3,0.3,0.5,0.0,0.0,0.5,0.3,0.5,playoffs
1641765,2023-24,00,1610612742,DAL,21.0,40,1,8.4,1.0,2.6,0.385,0.3,1.1,0.289,0.7,1.0,0.683,0.6,1.4,2.0,0.6,0.2,0.1,0.2,0.5,3.0,regular
1641765,2024-25,00,1610612742,DAL,22.0,52,4,11.2,1.3,3.3,0.402,0.2,1.0,0.235,0.9,1.5,0.645,0.8,1.6,2.4,0.8,0.5,0.1,0.3,0.5,3.9,regular
1641765,2025-26,00,1610612763,MEM,23.0,53,24,18.6,3.6,6.6,0.549,1.1,2.8,0.405,1.6,2.2,0.754,1.1,2.4,3.5,1.0,0.8,0.2,0.9,1.6,10.0,regular
1641765,2023-24,00,1610612742,DAL,21.0,3,0,3.0,0.0,0.7,0.0,0.0,0.0,0.0,0.0,0.0,0.0,0.0,1.0,1.0,0.3,0.0,0.0,0.0,0.0,0.0,playoffs
1642852,2025-26,00,1610612740,NOP,21.0,81,48,25.0,4.4,9.2,0.473,0.3,1.1,0.261,2.7,3.4,0.795,1.7,5.4,7.1,3.7,1.0,0.9,2.3,2.7,11.7,regular
1629674,2021-22,00,1610612758,SAC,22.0,15,0,8.0,1.1,2.5,0.447,0.0,0.0,0.0,0.7,1.1,0.647,0.9,1.1,2.1,0.4,0.1,0.5,0.4,1.2,3.0,regular
1629674,2022-23,00,1610612758,SAC,23.0,5,0,5.8,1.2,1.8,0.667,0.0,0.0,0.0,0.0,0.4,0.0,1.0,1.2,2.2,0.2,0.0,0.4,0.2,1.4,2.4,regular
1629674,2023-24,00,1610612738,BOS,24.0,28,0,11.9,2.4,3.7,0.644,0.0,0.0,0.0,0.7,1.0,0.714,1.9,2.5,4.4,0.7,0.5,0.8,0.5,1.8,5.5,regular
1629674,2024-25,00,1610612738,BOS,25.0,62,6,13.9,2.1,3.3,0.65,0.0,0.0,0.0,0.7,1.0,0.754,1.4,2.4,3.8,0.7,0.3,0.7,0.6,1.7,5.0,regular
1629674,2025-26,00,1610612738,BOS,26.0,76,75,25.3,4.3,6.6,0.653,0.0,0.1,0.125,1.6,2.3,0.703,3.0,5.3,8.4,1.7,0.8,1.3,1.0,2.8,10.2,regular
1629674,2023-24,00,1610612738,BOS,24.0,3,0,4.3,0.7,1.0,0.667,0.0,0.0,0.0,0.0,0.0,0.0,0.3,0.7,1.0,0.0,0.0,0.3,0.0,0.0,1.3,playoffs
1629674,2024-25,00,1610612738,BOS,25.0,4,0,3.3,1.3,1.5,0.833,0.0,0.0,0.0,0.0,0.0,0.0,0.5,0.0,0.5,0.5,0.3,0.0,0.0,0.5,2.5,playoffs
1629674,2025-26,00,1610612738,BOS,26.0,7,6,21.7,3.6,4.9,0.735,0.0,0.0,0.0,2.1,2.7,0.789,1.7,6.9,8.6,0.6,0.1,0.9,0.9,4.1,9.3,playoffs
1630193,2020-21,00,1610612752,NYK,22.0,64,3,19.4,3.6,9.1,0.395,1.8,4.7,0.389,2.4,2.7,0.891,0.4,1.8,2.1,2.0,0.5,0.2,0.9,1.8,11.4,regular
1630193,2021-22,00,1610612752,NYK,23.0,78,3,23.1,3.6,9.3,0.392,1.8,5.1,0.346,2.3,2.6,0.881,0.4,2.8,3.2,3.5,0.7,0.0,1.3,2.1,11.3,regular
1630193,2022-23,00,1610612752,NYK,24.0,81,21,28.9,5.2,11.6,0.448,2.1,5.6,0.37,2.5,3.1,0.819,0.7,3.4,4.2,3.4,1.0,0.2,1.2,2.0,14.9,regular
1630193,2023-24,00,1610612752,NYK,25.0,30,0,24.0,5.1,11.2,0.454,2.1,5.4,0.395,2.7,3.1,0.872,0.2,2.4,2.6,2.5,0.5,0.1,1.0,1.5,15.0,regular
1630193,2023-24,00,1610612761,TOR,25.0,38,38,33.3,6.2,14.7,0.422,2.8,7.1,0.395,3.3,4.0,0.841,0.3,4.5,4.8,6.8,0.9,0.2,1.8,2.0,18.6,regular
1630193,2023-24,00,0,TOT,25.0,68,38,29.2,5.7,13.1,0.434,2.5,6.4,0.395,3.1,3.6,0.853,0.3,3.6,3.8,4.9,0.7,0.1,1.5,1.8,17.0,regular
1630193,2024-25,00,1610612761,TOR,26.0,33,33,27.8,5.6,13.3,0.42,2.6,6.8,0.378,3.4,3.9,0.867,0.5,3.1,3.5,5.8,0.7,0.1,1.8,1.8,17.1,regular
1630193,2025-26,00,1610612761,TOR,26.0,70,70,31.9,5.7,12.9,0.443,2.5,6.8,0.374,2.4,3.0,0.821,0.5,3.5,4.0,5.9,1.3,0.1,1.5,2.0,16.4,regular
1630193,2020-21,00,1610612752,NYK,22.0,5,0,15.4,2.0,6.6,0.303,0.8,2.2,0.364,1.0,1.4,0.714,0.0,1.4,1.4,1.0,0.6,0.0,1.2,1.6,5.8,playoffs
1630193,2022-23,00,1610612752,NYK,24.0,8,0,21.9,2.9,8.3,0.348,1.1,4.6,0.243,2.1,2.5,0.85,0.3,1.4,1.6,1.0,0.5,0.0,1.1,1.4,9.0,playoffs
203944,2014-15,00,1610612747,LAL,20.0,1,0,14.0,1.0,3.0,0.333,0.0,0.0,0.0,0.0,2.0,0.0,0.0,0.0,0.0,0.0,0.0,0.0,1.0,1.0,2.0,regular
203944,2015-16,00,1610612747,LAL,21.0,81,60,28.2,4.4,10.3,0.429,0.1,0.4,0.278,2.4,3.3,0.715,2.1,8.1,10.2,1.8,0.7,0.4,1.8,3.0,11.3,regular
203944,2016-17,00,1610612747,LAL,22.0,74,73,28.8,5.1,10.4,0.488,0.2,0.9,0.27,2.8,3.8,0.723,2.0,6.6,8.6,3.6,0.7,0.5,2.3,3.4,13.2,regular
203944,2017-18,00,1610612747,LAL,23.0,82,49,26.7,6.1,11.0,0.558,0.1,0.5,0.222,3.7,5.2,0.718,2.2,5.8,8.0,2.6,0.5,0.5,2.6,3.3,16.1,regular
203944,2018-19,00,1610612740,NOP,24.0,73,49,30.6,7.8,14.9,0.524,0.9,2.7,0.344,4.9,6.7,0.731,2.2,6.5,8.7,3.1,0.7,0.6,2.8,3.4,21.4,regular
203944,2019-20,00,1610612752,NYK,25.0,64,64,32.5,7.2,15.7,0.46,1.0,3.6,0.277,4.0,5.5,0.733,2.4,7.4,9.7,3.1,0.8,0.3,3.0,2.8,19.5,regular
203944,2020-21,00,1610612752,NYK,26.0,71,71,37.6,8.5,18.6,0.456,2.3,5.5,0.411,4.9,6.0,0.811,1.2,9.0,10.2,6.0,0.9,0.3,3.4,3.2,24.1,regular
203944,2021-22,00,1610612752,NYK,27.0,72,72,35.3,7.1,17.3,0.411,1.7,5.4,0.308,4.2,5.6,0.756,1.7,8.2,9.9,5.1,0.7,0.5,3.4,2.8,20.1,regular
203944,2022-23,00,1610612752,NYK,28.0,77,77,35.5,8.5,18.6,0.459,2.8,8.3,0.343,5.2,6.9,0.757,1.8,8.1,10.0,4.1,0.6,0.3,2.8,3.0,25.1,regular
203944,2023-24,00,1610612752,NYK,29.0,46,46,35.4,8.6,18.2,0.472,1.7,5.3,0.311,5.1,6.6,0.781,2.2,7.0,9.2,5.0,0.5,0.3,3.5,2.7,24.0,regular
203944,2024-25,00,1610612750,MIN,30.0,69,69,32.3,6.6,13.6,0.485,1.6,4.6,0.344,3.9,4.9,0.806,2.1,5.0,7.1,4.7,0.7,0.2,2.8,2.5,18.7,regular
203944,2025-26,00,1610612750,MIN,31.0,79,79,33.0,7.3,15.3,0.481,1.4,4.4,0.315,5.0,6.3,0.802,1.7,5.1,6.7,5.0,1.1,0.2,2.7,2.8,21.1,regular
203944,2020-21,00,1610612752,NYK,26.0,5,5,36.0,5.6,18.8,0.298,2.2,6.6,0.333,4.6,5.4,0.852,2.2,9.4,11.6,4.0,0.6,0.0,4.6,3.6,18.0,playoffs
203944,2022-23,00,1610612752,NYK,28.0,10,10,33.0,5.5,14.7,0.374,1.7,6.6,0.258,3.9,5.5,0.709,1.7,6.6,8.3,3.6,0.5,0.3,3.5,2.4,16.6,playoffs
203944,2024-25,00,1610612750,MIN,30.0,15,15,35.5,7.7,15.3,0.502,2.0,5.2,0.385,4.4,5.0,0.88,1.8,4.1,5.9,4.9,0.8,0.1,3.3,3.0,21.7,playoffs
203944,2025-26,00,1610612750,MIN,31.0,12,12,33.3,5.6,14.3,0.39,0.8,3.4,0.244,4.0,5.4,0.738,2.5,5.0,7.5,2.8,0.5,0.1,2.8,3.4,16.0,playoffs
1642875,2025-26,00,1610612758,SAC,23.0,74,56,26.5,5.2,9.1,0.571,0.3,1.0,0.324,1.8,2.3,0.786,1.9,5.6,7.5,1.4,0.5,0.5,1.3,2.3,12.5,regular
1641871,2023-24,00,1610612757,POR,28.0,68,20,17.9,3.4,7.3,0.461,1.3,3.6,0.359,1.0,1.4,0.742,1.4,2.3,3.7,1.0,0.5,0.6,0.8,2.4,9.1,regular
1641871,2024-25,00,1610612757,POR,29.0,46,0,10.2,1.5,3.6,0.422,0.7,2.3,0.321,0.4,0.5,0.909,1.0,1.0,2.0,0.6,0.3,0.3,0.3,0.9,4.2,regular
1641871,2025-26,00,1610612757,POR,29.0,32,0,8.1,1.0,2.3,0.446,0.7,1.7,0.418,0.2,0.2,0.833,0.3,0.9,1.2,0.3,0.2,0.3,0.2,0.9,2.9,regular
1630559,2021-22,00,1610612747,LAL,24.0,61,19,23.2,2.4,5.2,0.459,0.9,2.7,0.317,1.6,1.9,0.839,0.7,2.4,3.2,1.8,0.5,0.3,0.7,1.4,7.3,regular
1630559,2022-23,00,1610612747,LAL,25.0,64,22,28.8,4.0,7.7,0.529,1.3,3.4,0.398,3.6,4.1,0.864,0.5,2.5,3.0,3.4,0.5,0.3,1.5,1.7,13.0,regular
1630559,2023-24,00,1610612747,LAL,26.0,82,57,32.1,5.6,11.5,0.486,1.9,5.1,0.367,2.8,3.3,0.853,0.7,3.6,4.3,5.5,0.8,0.3,2.1,1.9,15.9,regular
1630559,2024-25,00,1610612747,LAL,27.0,73,73,34.9,6.5,14.2,0.46,2.7,7.3,0.377,4.4,5.0,0.877,0.8,3.7,4.5,5.8,1.1,0.3,2.4,2.1,20.2,regular
1630559,2025-26,00,1610612747,LAL,27.0,51,45,34.5,7.3,14.9,0.49,2.3,6.4,0.36,6.3,7.3,0.871,0.6,4.1,4.7,5.5,1.1,0.4,3.0,2.2,23.3,regular
1630559,2022-23,00,1610612747,LAL,25.0,16,16,36.2,5.6,12.1,0.464,2.4,5.5,0.443,3.2,3.6,0.895,1.3,3.2,4.4,4.6,0.6,0.2,1.6,2.4,16.9,playoffs
1630559,2023-24,00,1610612747,LAL,26.0,5,5,34.8,6.0,12.6,0.476,1.4,5.2,0.269,3.4,3.8,0.895,1.0,2.8,3.8,3.6,1.4,0.6,0.8,1.6,16.8,playoffs
1630559,2024-25,00,1610612747,LAL,27.0,5,5,39.2,6.0,14.6,0.411,3.0,9.4,0.319,1.2,1.4,0.857,0.8,4.6,5.4,3.6,0.2,0.6,2.8,3.6,16.2,playoffs
1630559,2025-26,00,1610612747,LAL,27.0,6,5,36.8,6.2,15.2,0.407,1.5,5.8,0.257,6.2,7.2,0.86,0.5,3.5,4.0,5.8,0.0,1.2,4.5,3.5,20.0,playoffs
1630194,2020-21,00,1610612755,PHI,22.0,26,0,6.8,1.6,3.0,0.538,0.0,0.2,0.0,0.2,0.3,0.5,1.2,1.2,2.3,0.5,0.4,0.5,0.5,1.1,3.4,regular
1630194,2021-22,00,1610612755,PHI,23.0,38,2,8.0,1.4,2.5,0.563,0.1,0.2,0.25,0.2,0.4,0.429,1.2,1.3,2.4,0.4,0.9,0.4,0.3,1.5,3.1,regular
1630194,2022-23,00,1610612755,PHI,24.0,69,2,10.9,1.8,3.0,0.593,0.0,0.1,0.167,0.6,0.7,0.745,1.6,2.2,3.8,0.4,0.7,0.7,0.7,1.8,4.2,regular
1630194,2023-24,00,1610612755,PHI,25.0,82,24,19.4,3.2,5.9,0.54,0.3,0.7,0.368,0.7,1.0,0.718,2.4,3.6,6.0,1.3,0.8,1.0,0.8,2.4,7.3,regular
1630194,2024-25,00,1610612765,DET,26.0,45,0,9.7,1.6,3.2,0.507,0.2,0.6,0.286,0.7,0.9,0.762,0.9,1.8,2.7,1.0,0.9,0.6,0.6,1.7,4.1,regular
1630194,2025-26,00,1610612765,DET,26.0,65,11,13.9,3.2,5.2,0.617,0.2,0.6,0.325,1.1,1.7,0.664,2.0,2.5,4.5,1.2,0.9,0.9,0.9,1.8,7.8,regular
1630194,2020-21,00,1610612755,PHI,22.0,3,0,3.7,0.7,1.3,0.5,0.0,0.0,0.0,0.0,0.0,0.0,1.0,1.7,2.7,0.0,0.0,0.3,0.0,0.3,1.3,playoffs
1630194,2021-22,00,1610612755,PHI,23.0,12,0,11.7,1.6,3.0,0.528,0.2,0.3,0.667,0.3,0.6,0.571,1.8,2.0,3.8,0.8,0.8,0.5,0.8,2.4,3.7,playoffs
1630194,2022-23,00,1610612755,PHI,24.0,11,2,14.3,2.0,3.5,0.579,0.0,0.0,0.0,0.6,0.6,1.0,2.5,3.0,5.5,0.6,0.5,0.4,0.5,1.4,4.6,playoffs
1630194,2023-24,00,1610612755,PHI,25.0,6,0,7.2,0.7,1.5,0.444,0.0,0.0,0.0,0.2,0.3,0.5,1.5,1.2,2.7,0.3,0.2,0.5,0.5,1.2,1.5,playoffs
1630194,2024-25,00,1610612765,DET,26.0,5,0,10.6,1.0,1.6,0.625,0.0,0.0,0.0,0.8,1.2,0.667,1.4,1.6,3.0,0.2,1.0,0.6,1.0,1.6,2.8,playoffs
1630194,2025-26,00,1610612765,DET,26.0,9,0,9.6,3.1,4.7,0.667,0.2,0.6,0.4,1.0,1.3,0.75,2.0,2.0,4.0,0.6,0.1,0.7,0.8,1.6,7.4,playoffs
1641810,2024-25,00,1610612740,NOP,24.0,44,6,15.0,2.6,5.6,0.456,1.2,2.9,0.395,0.6,0.8,0.8,0.4,1.0,1.4,0.9,0.5,0.1,0.7,0.9,6.9,regular
1641810,2025-26,00,1610612766,CHA,25.0,10,0,6.8,1.0,2.0,0.5,0.7,1.3,0.538,0.0,0.0,0.0,0.2,0.6,0.8,0.3,0.1,0.0,0.1,0.3,2.7,regular
1629675,2019-20,00,1610612750,MIN,20.0,30,11,16.5,3.3,8.1,0.412,1.1,3.2,0.33,1.2,1.8,0.698,1.1,3.0,4.1,1.2,0.6,0.7,0.7,2.8,9.0,regular
1629675,2020-21,00,1610612750,MIN,21.0,70,15,19.2,4.3,8.3,0.523,0.9,2.5,0.351,1.6,2.4,0.693,1.2,3.4,4.6,1.0,0.5,1.1,1.0,2.6,11.2,regular
1629675,2021-22,00,1610612750,MIN,22.0,77,6,15.8,3.0,6.2,0.489,0.7,2.2,0.343,1.5,1.9,0.765,1.3,2.6,3.9,0.9,0.5,0.9,1.1,2.2,8.3,regular
1629675,2022-23,00,1610612750,MIN,23.0,68,11,18.4,4.6,8.5,0.537,1.1,3.2,0.346,1.3,1.9,0.677,1.1,3.8,4.9,1.1,0.6,0.8,1.4,2.6,11.5,regular
1629675,2023-24,00,1610612750,MIN,24.0,81,14,24.2,5.0,10.5,0.477,2.1,5.0,0.414,1.3,1.8,0.736,0.9,4.3,5.2,1.3,0.8,0.9,1.4,2.1,13.5,regular
1629675,2024-25,00,1610612750,MIN,25.0,80,17,27.5,5.3,11.5,0.462,2.2,5.8,0.379,1.4,1.8,0.776,1.2,4.9,6.0,2.3,0.7,0.9,1.4,2.4,14.2,regular
1629675,2025-26,00,1610612750,MIN,26.0,77,3,26.1,5.2,11.3,0.456,2.1,5.8,0.362,1.2,1.6,0.732,1.2,5.0,6.2,2.2,1.0,1.0,1.6,2.5,13.6,regular
1629675,2021-22,00,1610612750,MIN,22.0,5,0,10.8,1.4,3.4,0.412,0.6,1.4,0.429,1.4,1.4,1.0,0.4,2.4,2.8,0.0,0.2,1.2,1.0,2.8,4.8,playoffs
1629675,2023-24,00,1610612750,MIN,24.0,16,0,22.6,4.1,8.9,0.458,1.6,4.3,0.362,1.4,1.9,0.71,0.6,3.1,3.7,1.0,0.5,0.8,0.9,2.0,11.1,playoffs
1629675,2024-25,00,1610612750,MIN,25.0,15,0,25.0,3.7,7.3,0.509,1.7,4.2,0.397,1.3,1.7,0.76,1.1,3.7,4.7,1.7,0.7,0.9,1.9,2.9,10.4,playoffs
1629675,2025-26,00,1610612750,MIN,26.0,12,0,26.9,4.9,10.2,0.484,1.8,4.6,0.4,0.9,1.4,0.647,1.2,6.2,7.3,2.1,0.4,0.3,1.3,3.2,12.6,playoffs
1642954,2025-26,00,1610612744,GSW,23.0,69,21,20.0,2.3,5.0,0.468,1.0,3.1,0.335,0.7,0.8,0.852,1.0,1.5,2.5,1.3,1.2,0.1,0.8,1.9,6.4,regular
1630208,2020-21,00,1610612766,CHA,23.0,18,0,3.5,0.2,0.5,0.444,0.0,0.1,0.0,0.4,0.6,0.636,0.2,0.4,0.6,0.1,0.0,0.0,0.2,0.4,0.8,regular
1630208,2021-22,00,1610612766,CHA,24.0,50,5,7.3,1.2,1.8,0.667,0.0,0.0,0.0,0.6,0.9,0.698,0.7,1.0,1.7,0.3,0.2,0.4,0.5,1.0,3.0,regular
1630208,2022-23,00,1610612766,CHA,25.0,65,9,18.7,3.0,4.8,0.629,0.0,0.0,1.0,2.1,2.8,0.749,2.3,4.1,6.4,0.6,0.2,1.1,0.9,2.4,8.2,regular
1630208,2023-24,00,1610612766,CHA,26.0,67,51,26.3,3.9,5.6,0.691,0.0,0.0,0.0,2.0,2.7,0.737,2.6,5.5,8.0,0.8,0.4,1.1,1.1,2.6,9.7,regular
1630208,2024-25,00,1610612766,CHA,27.0,21,9,21.0,3.0,5.4,0.561,0.0,0.0,0.0,2.8,4.1,0.678,2.4,5.1,7.5,1.3,0.3,1.2,1.6,2.3,8.9,regular
1630208,2024-25,00,1610612756,PHX,27.0,36,34,22.7,3.9,6.5,0.605,0.0,0.0,0.0,1.7,2.0,0.822,2.7,5.9,8.6,0.6,0.2,0.8,1.3,2.6,9.5,regular
1630208,2024-25,00,0,TOT,27.0,57,43,22.0,3.6,6.1,0.591,0.0,0.0,0.0,2.1,2.8,0.744,2.6,5.6,8.2,0.9,0.2,1.0,1.4,2.5,9.3,regular
1630208,2025-26,00,1610612756,PHX,28.0,28,2,9.1,1.3,2.5,0.493,0.0,0.0,0.0,0.7,1.0,0.679,1.3,2.0,3.3,0.3,0.1,0.5,0.9,1.4,3.2,regular
1630208,2025-26,00,1610612741,CHI,28.0,20,4,22.4,3.4,6.5,0.523,0.3,0.9,0.278,2.3,3.7,0.63,2.1,5.5,7.6,0.4,0.3,0.9,1.7,2.5,9.4,regular
1630208,2025-26,00,0,TOT,28.0,48,6,14.6,2.1,4.2,0.512,0.1,0.4,0.278,1.4,2.1,0.644,1.6,3.5,5.1,0.3,0.2,0.7,1.2,1.8,5.8,regular
1642859,2025-26,00,1610612753,ORL,20.0,54,0,10.9,1.6,3.5,0.473,0.5,1.5,0.354,0.6,0.9,0.717,0.4,0.8,1.2,1.1,0.4,0.0,0.5,1.0,4.4,regular
1642859,2025-26,00,1610612753,ORL,20.0,1,0,3.0,2.0,2.0,1.0,2.0,2.0,1.0,0.0,0.0,0.0,0.0,0.0,0.0,0.0,0.0,0.0,0.0,0.0,6.0,playoffs
1642860,2025-26,00,1610612764,WAS,20.0,74,18,22.1,3.7,8.4,0.439,1.1,3.3,0.316,1.9,2.4,0.8,0.8,2.1,2.9,2.0,0.7,0.1,1.3,1.2,10.3,regular
1642258,2024-25,00,1610612737,ATL,20.0,75,73,24.6,4.8,10.4,0.458,1.6,4.6,0.355,1.4,2.0,0.711,1.1,2.4,3.6,1.2,0.7,0.5,1.2,2.0,12.6,regular
1642258,2025-26,00,1610612737,ATL,21.0,67,46,22.4,3.6,8.0,0.455,1.4,3.9,0.368,0.9,1.3,0.644,1.1,2.8,3.8,1.1,0.9,0.5,0.9,2.2,9.6,regular
1642258,2025-26,00,1610612737,ATL,21.0,3,0,7.7,1.7,4.7,0.357,0.3,1.7,0.2,0.0,0.0,0.0,1.3,1.7,3.0,0.0,0.0,0.0,0.0,0.7,3.7,playoffs
1629130,2018-19,00,1610612748,MIA,25.0,15,1,10.7,1.2,3.1,0.391,0.7,2.3,0.286,0.3,0.4,0.667,0.1,1.1,1.3,0.3,0.3,0.0,0.3,0.7,3.3,regular
1629130,2019-20,00,1610612748,MIA,26.0,73,68,29.7,4.4,9.4,0.47,3.7,8.3,0.446,0.9,1.0,0.931,0.1,3.0,3.2,1.4,0.5,0.3,1.0,2.6,13.5,regular
1629130,2020-21,00,1610612748,MIA,27.0,72,72,31.4,4.4,10.0,0.439,3.5,8.5,0.408,0.9,1.0,0.827,0.1,3.4,3.5,1.8,0.6,0.3,1.1,2.5,13.1,regular
1629130,2021-22,00,1610612748,MIA,28.0,79,68,25.9,3.7,9.2,0.399,2.9,7.9,0.372,0.6,0.8,0.836,0.3,2.3,2.6,1.6,0.5,0.2,0.8,2.5,10.9,regular
1629130,2022-23,00,1610612748,MIA,29.0,42,1,16.4,2.1,5.6,0.371,1.5,4.6,0.328,0.7,0.8,0.906,0.2,1.5,1.6,1.1,0.3,0.0,0.7,1.8,6.4,regular
1629130,2023-24,00,1610612748,MIA,30.0,68,36,28.0,4.5,9.9,0.45,2.8,7.0,0.395,1.2,1.3,0.889,0.2,2.3,2.5,2.8,0.7,0.2,1.4,2.4,12.9,regular
1629130,2024-25,00,1610612748,MIA,31.0,74,37,24.1,3.9,9.0,0.437,2.6,6.5,0.393,0.6,0.7,0.887,0.2,2.0,2.3,2.4,0.5,0.1,1.2,1.8,11.0,regular
1629130,2025-26,00,1610612765,DET,32.0,77,77,27.4,4.1,9.1,0.456,2.9,7.0,0.41,1.1,1.4,0.755,0.4,2.3,2.7,2.1,0.6,0.3,0.7,2.2,12.2,regular
1629130,2019-20,00,1610612748,MIA,26.0,21,21,28.6,3.6,8.4,0.426,3.0,7.4,0.397,1.6,1.8,0.868,0.2,2.5,2.8,1.8,0.7,0.3,0.8,3.1,11.7,playoffs
1629130,2020-21,00,1610612748,MIA,27.0,4,4,25.0,2.8,7.3,0.379,2.5,6.8,0.37,2.3,2.5,0.9,0.0,2.8,2.8,0.8,0.8,0.0,1.0,3.3,10.3,playoffs
1629130,2021-22,00,1610612748,MIA,28.0,13,0,12.2,1.9,4.4,0.439,1.4,3.6,0.383,0.4,0.5,0.833,0.2,1.6,1.8,0.4,0.3,0.1,0.2,1.7,5.6,playoffs
1629130,2022-23,00,1610612748,MIA,29.0,23,1,18.2,3.3,6.9,0.475,2.2,4.9,0.442,0.3,0.3,0.875,0.0,1.4,1.5,1.7,0.3,0.1,0.9,1.6,9.0,playoffs
1629130,2023-24,00,1610612748,MIA,30.0,5,0,12.0,1.0,3.2,0.313,0.6,2.6,0.231,0.0,0.0,0.0,0.0,1.0,1.0,1.2,0.4,0.0,1.0,1.2,2.6,playoffs
1629130,2024-25,00,1610612748,MIA,31.0,4,0,14.8,1.3,3.5,0.357,1.0,3.0,0.333,0.8,1.0,0.75,0.0,1.0,1.0,0.3,0.0,0.0,1.5,1.5,4.3,playoffs
1629130,2025-26,00,1610612765,DET,32.0,13,11,29.5,3.9,8.8,0.447,3.2,6.9,0.456,0.8,1.4,0.611,0.3,2.1,2.4,2.3,1.3,0.2,1.0,2.9,11.8,playoffs
1629011,2018-19,00,1610612752,NYK,21.0,66,19,20.6,3.1,4.4,0.694,0.0,0.0,0.0,1.2,2.0,0.6,2.7,3.7,6.4,0.6,0.8,2.4,0.5,3.3,7.3,regular
1629011,2019-20,00,1610612752,NYK,22.0,61,7,23.1,4.1,5.6,0.742,0.0,0.0,0.0,1.4,2.4,0.568,3.0,4.0,7.0,0.6,0.9,2.0,0.6,3.2,9.7,regular
1629011,2020-21,00,1610612752,NYK,23.0,31,29,27.5,3.7,5.7,0.653,0.0,0.0,0.0,0.8,1.7,0.491,3.6,4.5,8.1,0.5,1.1,1.5,0.8,2.8,8.3,regular
1629011,2021-22,00,1610612752,NYK,24.0,72,62,25.7,3.6,4.8,0.761,0.0,0.0,0.0,1.2,2.5,0.486,4.1,4.5,8.6,0.5,0.8,1.8,0.8,2.7,8.5,regular
1629011,2022-23,00,1610612752,NYK,25.0,59,58,26.9,3.2,4.7,0.671,0.0,0.0,0.0,1.0,2.1,0.484,4.5,4.9,9.4,0.9,0.9,1.8,0.7,2.7,7.4,regular
1629011,2023-24,00,1610612752,NYK,26.0,31,21,24.8,2.4,4.1,0.575,0.0,0.0,0.0,0.9,2.1,0.409,4.6,3.9,8.5,0.6,1.2,1.1,0.8,1.8,5.6,regular
1629011,2024-25,00,1610612752,NYK,27.0,17,3,17.1,2.2,3.3,0.661,0.0,0.0,0.0,0.8,1.1,0.684,3.1,2.9,5.9,0.8,0.9,1.1,0.6,1.5,5.1,regular
1629011,2025-26,00,1610612752,NYK,28.0,60,16,19.6,2.5,3.4,0.723,0.0,0.0,0.0,0.7,1.7,0.408,4.2,4.6,8.8,0.9,0.9,1.2,0.7,2.1,5.7,regular
1629011,2022-23,00,1610612752,NYK,25.0,11,11,27.1,2.6,4.4,0.604,0.0,0.0,0.0,1.2,3.0,0.394,5.0,4.3,9.3,0.8,0.7,1.5,0.9,2.6,6.5,playoffs
1629011,2023-24,00,1610612752,NYK,26.0,6,0,19.2,1.2,2.3,0.5,0.0,0.0,0.0,0.5,1.3,0.375,3.8,3.0,6.8,0.5,1.0,1.2,0.5,2.5,2.8,playoffs
1629011,2024-25,00,1610612752,NYK,27.0,18,4,20.6,1.7,2.8,0.608,0.0,0.0,0.0,1.2,3.1,0.393,3.7,3.3,7.1,0.4,0.9,0.8,0.7,2.1,4.7,playoffs
1629011,2025-26,00,1610612752,NYK,28.0,14,0,14.1,2.1,2.9,0.725,0.0,0.0,0.0,0.9,3.1,0.295,2.4,3.1,5.5,0.3,0.4,0.6,0.4,1.6,5.1,playoffs
1631115,2022-23,00,1610612748,MIA,22.0,31,1,13.7,1.5,2.9,0.528,0.0,0.2,0.0,0.7,1.0,0.71,1.5,2.5,4.1,0.8,0.4,0.4,0.5,1.7,3.7,regular
1631115,2023-24,00,1610612748,MIA,23.0,36,7,8.4,1.0,2.0,0.5,0.2,0.4,0.533,0.5,0.7,0.76,0.8,1.6,2.3,0.9,0.2,0.2,0.5,1.0,2.8,regular
1631115,2024-25,00,1610612758,SAC,24.0,9,0,6.3,0.8,1.9,0.412,0.1,0.6,0.2,0.4,0.8,0.571,0.3,1.2,1.6,1.0,0.3,0.1,0.4,0.7,2.1,regular
1631115,2024-25,00,1610612761,TOR,24.0,35,8,20.4,3.1,7.0,0.447,0.5,1.3,0.34,1.4,1.8,0.794,2.5,3.4,5.9,1.9,0.4,0.4,1.3,2.7,8.1,regular
1631115,2024-25,00,0,TOT,24.0,44,8,17.5,2.6,5.9,0.444,0.4,1.2,0.327,1.2,1.6,0.771,2.0,3.0,5.0,1.8,0.4,0.4,1.1,2.3,6.9,regular
1631115,2025-26,00,1610612753,ORL,25.0,4,1,6.3,0.8,1.3,0.6,0.3,0.5,0.5,0.0,0.0,0.0,0.5,0.5,1.0,0.8,0.3,0.0,0.0,0.8,1.8,regular
1631115,2023-24,00,1610612748,MIA,23.0,1,0,2.0,0.0,1.0,0.0,0.0,1.0,0.0,0.0,0.0,0.0,0.0,1.0,1.0,1.0,0.0,0.0,0.0,0.0,0.0,playoffs
1630526,2021-22,00,1610612760,OKC,21.0,49,36,22.2,2.7,6.6,0.414,1.2,3.4,0.352,0.8,1.1,0.741,1.5,4.1,5.6,1.0,0.6,0.3,0.8,1.5,7.5,regular
1630526,2022-23,00,1610612760,OKC,22.0,43,20,18.9,2.6,5.8,0.444,0.9,2.6,0.333,0.8,1.0,0.833,1.7,2.5,4.2,1.0,0.6,0.3,0.4,1.7,6.8,regular
1630526,2023-24,00,1610612740,NOP,23.0,39,1,8.6,1.2,2.4,0.474,0.3,1.0,0.333,0.3,0.4,0.75,0.6,1.4,1.9,0.5,0.3,0.1,0.4,0.6,2.9,regular
1630526,2024-25,00,1610612740,NOP,24.0,66,9,18.8,2.4,5.3,0.455,0.8,2.5,0.341,0.7,0.8,0.836,1.7,3.1,4.8,1.3,0.6,0.1,0.8,1.2,6.3,regular
1630526,2025-26,00,1610612754,IND,25.0,17,3,17.6,1.7,4.9,0.349,0.5,1.9,0.242,0.8,0.8,0.929,1.9,3.3,5.2,0.7,0.4,0.1,0.6,1.4,4.6,regular
1630526,2025-26,00,1610612742,DAL,25.0,5,0,12.2,1.6,3.4,0.471,0.4,1.6,0.25,0.8,0.8,1.0,0.8,2.2,3.0,0.6,0.4,0.0,0.4,0.6,4.4,regular
1630526,2025-26,00,0,TOT,25.0,22,3,16.4,1.7,4.5,0.37,0.5,1.9,0.244,0.8,0.8,0.944,1.6,3.0,4.7,0.7,0.4,0.0,0.5,1.2,4.6,regular
1630526,2023-24,00,1610612740,NOP,23.0,1,0,5.0,1.0,2.0,0.5,0.0,0.0,0.0,0.0,2.0,0.0,1.0,0.0,1.0,1.0,0.0,0.0,0.0,0.0,2.0,playoffs
1631157,2022-23,00,1610612744,GSW,20.0,12,0,5.2,0.6,1.7,0.35,0.3,0.8,0.333,0.5,0.5,1.0,0.3,0.8,1.0,0.5,0.1,0.1,1.3,0.8,1.9,regular
1631157,2023-24,00,1610612764,WAS,21.0,10,0,6.6,1.3,2.5,0.52,0.2,0.3,0.667,1.3,1.7,0.765,0.2,0.9,1.1,1.1,0.8,0.3,0.7,0.7,4.1,regular
1631157,2023-24,00,1610612749,MIL,21.0,3,0,4.0,0.3,0.7,0.5,0.3,0.3,1.0,0.0,0.0,0.0,0.0,0.7,0.7,1.0,0.7,0.0,0.3,0.3,1.0,regular
1631157,2023-24,00,0,TOT,21.0,13,0,6.0,1.1,2.1,0.519,0.2,0.3,0.75,1.0,1.3,0.765,0.2,0.8,1.0,1.1,0.8,0.2,0.6,0.6,3.4,regular
1631157,2024-25,00,1610612749,MIL,22.0,56,19,14.6,2.4,4.8,0.487,0.9,2.1,0.408,0.6,0.8,0.8,0.4,1.6,1.9,1.9,0.8,0.3,0.9,1.6,6.2,regular
1631157,2025-26,00,1610612749,MIL,23.0,74,67,32.1,6.6,13.9,0.472,2.5,6.1,0.406,1.7,2.1,0.796,0.7,3.8,4.6,5.6,1.5,0.4,2.7,2.6,17.3,regular
1631157,2024-25,00,1610612749,MIL,22.0,3,1,10.0,1.3,4.3,0.308,0.7,2.3,0.286,0.0,0.0,0.0,0.3,0.3,0.7,1.3,0.3,0.0,0.0,1.3,3.3,playoffs
1642050,2024-25,00,1610612744,GSW,28.0,6,0,8.7,1.3,2.8,0.471,0.5,1.7,0.3,0.5,1.0,0.5,0.5,1.3,1.8,0.7,0.7,0.0,0.2,0.7,3.7,regular
1626179,2015-16,00,1610612738,BOS,22.0,39,0,8.0,0.7,2.7,0.274,0.2,0.7,0.222,0.2,0.3,0.8,0.6,1.0,1.6,0.9,0.2,0.0,0.5,0.6,1.8,regular
1626179,2016-17,00,1610612738,BOS,23.0,74,0,17.1,2.0,5.6,0.367,0.8,2.4,0.318,0.7,0.9,0.773,0.5,2.5,3.1,1.8,0.6,0.1,0.6,0.9,5.5,regular
1626179,2017-18,00,1610612738,BOS,24.0,80,16,25.9,4.0,10.0,0.395,1.9,5.0,0.381,1.4,1.9,0.772,0.8,3.9,4.7,2.9,1.0,0.2,1.0,1.5,11.3,regular
1626179,2018-19,00,1610612738,BOS,25.0,79,14,22.7,3.3,8.4,0.387,1.5,4.3,0.353,0.9,1.2,0.785,0.4,3.5,3.9,2.9,0.9,0.3,0.9,1.3,9.0,regular
1626179,2019-20,00,1610612766,CHA,26.0,63,63,34.4,6.3,14.9,0.423,2.7,6.7,0.407,2.6,3.0,0.874,0.8,3.6,4.4,4.1,1.0,0.2,2.2,2.0,18.0,regular
1626179,2020-21,00,1610612766,CHA,27.0,69,69,34.5,7.4,16.4,0.45,3.2,8.3,0.389,2.4,2.9,0.817,0.7,3.7,4.4,4.2,1.3,0.4,1.9,1.7,20.4,regular
1626179,2021-22,00,1610612766,CHA,28.0,73,73,33.7,7.1,16.0,0.444,3.0,8.1,0.374,2.1,2.4,0.852,0.8,3.5,4.3,4.5,1.3,0.3,1.3,1.6,19.3,regular
1626179,2022-23,00,1610612766,CHA,29.0,63,63,35.3,7.8,18.9,0.415,2.6,8.0,0.327,2.8,3.5,0.809,0.8,3.3,4.1,5.1,1.2,0.3,2.1,1.9,21.1,regular
1626179,2023-24,00,1610612766,CHA,30.0,30,30,35.5,8.4,18.3,0.459,2.8,7.7,0.358,3.6,4.3,0.845,0.6,3.3,3.9,6.6,1.1,0.4,2.2,1.7,23.2,regular
1626179,2023-24,00,1610612748,MIA,30.0,31,30,31.5,6.1,14.5,0.423,2.1,5.7,0.371,2.0,2.2,0.913,0.6,3.6,4.2,4.6,1.0,0.3,1.3,1.6,16.4,regular
1626179,2023-24,00,0,TOT,30.0,61,60,33.4,7.2,16.4,0.443,2.4,6.7,0.363,2.8,3.2,0.869,0.6,3.5,4.0,5.6,1.0,0.3,1.7,1.7,19.8,regular
1626179,2024-25,00,1610612748,MIA,31.0,64,23,25.9,3.9,9.9,0.391,1.4,4.8,0.295,1.4,1.7,0.852,0.7,3.0,3.7,2.6,0.6,0.2,1.2,1.1,10.6,regular
1626179,2015-16,00,1610612738,BOS,22.0,5,0,19.8,1.8,4.6,0.391,0.8,2.2,0.364,0.4,0.4,1.0,0.6,2.8,3.4,1.2,0.2,0.6,0.4,1.0,4.8,playoffs
1626179,2016-17,00,1610612738,BOS,23.0,17,0,16.3,1.9,4.8,0.402,0.8,2.2,0.368,0.9,1.2,0.8,0.7,1.9,2.6,1.9,0.6,0.2,0.6,1.2,5.6,playoffs
1626179,2017-18,00,1610612738,BOS,24.0,19,19,36.6,5.7,14.0,0.406,2.7,7.7,0.347,2.4,2.9,0.821,0.4,4.8,5.3,5.7,1.3,0.3,1.2,2.0,16.5,playoffs
1626179,2018-19,00,1610612738,BOS,25.0,9,0,18.0,2.1,6.6,0.322,0.9,3.8,0.235,1.3,1.8,0.75,0.4,3.9,4.3,1.9,0.4,0.2,1.1,1.7,6.4,playoffs
1641712,2023-24,00,1610612757,POR,20.0,39,12,16.2,1.4,4.1,0.335,0.7,2.0,0.359,0.5,0.6,0.76,0.6,1.7,2.4,1.6,0.3,0.1,0.8,1.4,4.0,regular
1641712,2024-25,00,1610612757,POR,21.0,52,0,8.8,1.1,2.7,0.408,0.3,1.1,0.271,0.4,0.6,0.767,0.5,0.8,1.3,0.5,0.3,0.1,0.6,0.7,3.0,regular
1641712,2025-26,00,1610612757,POR,21.0,48,0,12.0,1.1,3.1,0.361,0.5,1.5,0.31,0.2,0.3,0.643,0.5,1.3,1.8,0.7,0.6,0.0,0.6,1.3,2.9,regular
1641712,2025-26,00,1610612763,MEM,21.0,16,8,30.9,4.4,10.4,0.422,1.4,4.1,0.338,2.1,2.5,0.825,1.6,4.8,6.4,2.1,1.6,0.4,1.7,4.0,12.2,regular
1641712,2025-26,00,0,TOT,21.0,64,8,16.8,1.9,4.9,0.393,0.7,2.1,0.324,0.7,0.8,0.778,0.8,2.2,2.9,1.1,0.9,0.1,0.9,1.9,5.2,regular
1626156,2015-16,00,1610612747,LAL,20.0,80,48,28.2,4.9,12.0,0.41,1.6,4.6,0.351,1.8,2.4,0.737,0.6,2.8,3.4,3.3,1.2,0.2,2.5,1.8,13.2,regular
1626156,2016-17,00,1610612747,LAL,21.0,63,60,28.7,5.6,13.8,0.405,2.1,6.1,0.352,2.3,3.0,0.782,0.5,3.0,3.5,4.8,1.4,0.3,2.8,2.1,15.6,regular
1626156,2017-18,00,1610612751,BKN,22.0,48,35,25.7,5.8,14.0,0.414,1.9,5.8,0.324,2.0,2.7,0.74,0.6,3.3,3.9,5.2,0.8,0.4,3.1,1.9,15.5,regular
1626156,2018-19,00,1610612751,BKN,23.0,81,81,30.2,8.1,18.7,0.434,2.9,7.8,0.369,2.0,2.5,0.78,0.7,3.2,3.9,7.0,1.2,0.2,3.1,1.7,21.1,regular
1626156,2019-20,00,1610612744,GSW,24.0,33,33,32.1,8.3,19.2,0.43,3.6,9.7,0.374,3.4,4.4,0.785,0.4,3.3,3.7,6.2,0.9,0.3,3.1,1.9,23.6,regular
1626156,2019-20,00,1610612750,MIN,24.0,12,12,32.7,7.3,17.6,0.412,3.2,9.2,0.345,4.0,4.6,0.873,0.3,4.3,4.6,6.6,1.4,0.3,3.8,1.8,21.7,regular
1626156,2019-20,00,0,TOT,24.0,45,45,32.3,8.0,18.8,0.426,3.5,9.6,0.367,3.6,4.4,0.809,0.4,3.6,3.9,6.3,1.1,0.3,3.3,1.9,23.1,regular
1626156,2020-21,00,1610612750,MIN,25.0,42,26,28.5,6.7,15.5,0.431,2.9,7.4,0.387,2.7,3.5,0.765,0.4,2.3,2.6,5.8,1.1,0.4,2.7,1.6,19.0,regular
1626156,2021-22,00,1610612750,MIN,26.0,65,65,32.0,6.2,15.0,0.411,2.7,8.0,0.34,3.0,3.7,0.825,0.4,2.9,3.3,7.1,1.0,0.3,2.5,2.0,18.1,regular
1626156,2022-23,00,1610612750,MIN,27.0,54,54,32.9,6.3,13.5,0.465,2.7,7.0,0.391,2.6,3.1,0.856,0.5,2.5,3.1,6.2,1.1,0.4,2.7,2.2,17.9,regular
1626156,2022-23,00,1610612747,LAL,27.0,17,17,30.9,6.3,13.0,0.484,2.7,6.5,0.414,2.1,2.9,0.735,0.4,2.5,2.9,6.1,0.6,0.5,2.3,1.4,17.4,regular
1626156,2022-23,00,0,TOT,27.0,71,71,32.5,6.3,13.4,0.469,2.7,6.9,0.396,2.5,3.0,0.829,0.5,2.5,3.0,6.2,1.0,0.4,2.6,2.0,17.8,regular
1626156,2023-24,00,1610612747,LAL,28.0,76,69,32.7,6.5,14.2,0.456,3.0,7.2,0.415,2.1,2.5,0.828,0.4,2.7,3.1,6.3,0.9,0.5,2.1,2.1,18.0,regular
1626156,2024-25,00,1610612747,LAL,29.0,29,10,26.3,4.4,10.7,0.415,1.9,5.8,0.333,1.6,1.8,0.849,0.3,2.5,2.8,4.7,0.8,0.1,1.7,1.8,12.4,regular
1626156,2024-25,00,1610612751,BKN,29.0,29,26,24.7,4.1,11.3,0.367,2.0,6.6,0.297,2.6,3.2,0.826,0.4,2.4,2.8,5.6,1.1,0.7,2.0,2.1,12.9,regular
1626156,2024-25,00,0,TOT,29.0,58,36,25.5,4.3,11.0,0.39,1.9,6.2,0.314,2.1,2.5,0.834,0.3,2.4,2.8,5.1,1.0,0.4,1.9,2.0,12.6,regular
1626156,2025-26,00,1610612742,DAL,30.0,26,3,19.0,3.6,8.9,0.405,1.3,4.3,0.295,1.7,2.3,0.717,0.3,2.0,2.3,4.0,0.5,0.1,1.9,1.2,10.2,regular
1626156,2018-19,00,1610612751,BKN,23.0,5,5,29.6,7.4,20.6,0.359,2.4,7.4,0.324,2.2,2.6,0.846,0.4,3.2,3.6,3.6,1.4,0.2,2.8,2.4,19.4,playoffs
1626156,2021-22,00,1610612750,MIN,26.0,6,6,32.7,4.0,12.0,0.333,2.0,5.2,0.387,2.0,2.7,0.75,0.0,2.5,2.5,6.7,1.5,0.0,2.8,2.8,12.0,playoffs
1626156,2022-23,00,1610612747,LAL,27.0,16,15,29.6,5.2,12.2,0.426,1.7,5.4,0.31,1.3,1.6,0.769,0.6,2.3,2.9,4.6,0.7,0.3,1.8,2.0,13.3,playoffs
1626156,2023-24,00,1610612747,LAL,28.0,5,5,37.0,5.6,14.6,0.384,2.8,8.8,0.318,0.2,0.4,0.5,0.2,2.6,2.8,4.2,0.8,0.2,1.8,1.2,14.2,playoffs
1627734,2016-17,00,1610612760,OKC,21.0,81,66,20.1,2.4,5.9,0.399,0.6,2.0,0.321,0.5,0.8,0.657,0.6,3.0,3.6,1.0,0.5,0.4,1.0,2.5,5.9,regular
1627734,2017-18,00,1610612754,IND,22.0,74,19,24.5,4.6,8.9,0.514,0.2,0.5,0.351,2.3,3.0,0.75,2.2,5.5,7.7,2.0,0.5,0.4,1.9,3.0,11.6,regular
1627734,2018-19,00,1610612754,IND,23.0,74,5,24.8,5.6,9.5,0.59,0.1,0.2,0.529,2.8,3.9,0.715,2.5,6.8,9.3,2.9,0.6,0.4,2.2,3.2,14.1,regular
1627734,2019-20,00,1610612754,IND,24.0,62,62,34.8,7.4,13.7,0.54,0.3,1.1,0.254,3.5,4.8,0.723,3.0,9.4,12.4,5.0,0.8,0.5,2.7,3.1,18.5,regular
1627734,2020-21,00,1610612754,IND,25.0,62,62,36.0,7.8,14.6,0.535,0.8,2.6,0.321,3.9,5.3,0.732,2.4,9.5,12.0,6.7,1.2,0.5,3.4,3.3,20.3,regular
1627734,2021-22,00,1610612754,IND,26.0,47,46,34.7,7.0,12.1,0.58,0.7,2.3,0.324,4.1,5.5,0.74,3.3,8.8,12.1,5.0,1.0,0.5,3.0,3.1,18.9,regular
1627734,2021-22,00,1610612758,SAC,26.0,15,15,33.6,7.5,13.5,0.554,0.3,1.1,0.235,3.7,4.9,0.743,3.1,9.3,12.3,5.8,0.9,0.3,3.5,3.8,18.9,regular
1627734,2021-22,00,0,TOT,26.0,62,61,34.5,7.1,12.5,0.573,0.6,2.0,0.312,4.0,5.4,0.741,3.2,8.9,12.1,5.2,1.0,0.4,3.1,3.3,18.9,regular
1627734,2022-23,00,1610612758,SAC,27.0,79,79,34.6,7.3,11.9,0.615,0.4,1.1,0.373,4.1,5.5,0.742,3.2,9.1,12.3,7.3,0.8,0.5,2.9,3.5,19.1,regular
1627734,2023-24,00,1610612758,SAC,28.0,82,82,35.7,7.7,13.0,0.594,0.4,1.1,0.379,3.6,5.1,0.704,3.6,10.1,13.7,8.2,0.9,0.6,3.3,3.0,19.4,regular
1627734,2024-25,00,1610612758,SAC,29.0,70,70,34.7,7.5,12.8,0.59,0.9,2.2,0.417,3.1,4.1,0.754,3.8,10.1,13.9,6.0,0.7,0.4,2.9,3.3,19.1,regular
1627734,2025-26,00,1610612758,SAC,29.0,19,15,29.7,6.3,11.6,0.543,0.3,1.4,0.185,2.9,4.1,0.727,3.4,8.0,11.4,4.1,0.9,0.2,2.7,3.5,15.8,regular
1627734,2016-17,00,1610612760,OKC,21.0,2,0,3.0,0.0,1.5,0.0,0.0,0.5,0.0,2.0,2.0,1.0,0.0,1.0,1.0,0.0,0.5,0.5,0.0,2.0,2.0,playoffs
1627734,2017-18,00,1610612754,IND,22.0,7,0,23.7,5.1,8.9,0.581,0.1,1.0,0.143,2.0,2.6,0.778,2.0,2.6,4.6,0.7,0.1,0.3,1.0,3.1,12.4,playoffs
1627734,2018-19,00,1610612754,IND,23.0,4,0,24.0,3.0,7.3,0.414,0.3,1.0,0.25,2.3,3.5,0.643,1.8,5.5,7.3,4.0,0.8,0.3,1.3,3.0,8.5,playoffs
1627734,2022-23,00,1610612758,SAC,27.0,7,7,34.7,7.0,14.1,0.495,0.1,0.7,0.2,2.3,4.0,0.571,4.4,6.6,11.0,4.7,1.4,0.9,3.7,4.0,16.4,playoffs
1642275,2024-25,00,1610612766,CHA,19.0,60,10,20.7,1.9,5.8,0.33,1.0,3.4,0.283,1.1,1.6,0.713,1.2,3.5,4.7,1.2,0.5,0.2,1.0,1.4,5.9,regular
1642275,2025-26,00,1610612766,CHA,20.0,37,0,15.5,2.2,4.3,0.503,1.0,2.2,0.434,0.7,1.1,0.65,0.7,3.3,4.0,0.7,0.4,0.2,0.7,1.5,6.0,regular
1642282,2025-26,00,1610612755,PHI,22.0,7,0,3.7,0.4,0.7,0.6,0.0,0.0,0.0,0.1,0.3,0.5,0.0,0.1,0.1,0.6,0.0,0.1,0.7,0.3,1.0,regular
1642920,2025-26,00,1610612746,LAC,23.0,68,16,19.9,2.6,5.6,0.466,1.2,2.9,0.408,0.8,1.0,0.826,0.4,1.8,2.3,1.6,0.7,0.1,1.2,2.1,7.3,regular
1630611,2023-24,00,1610612744,GSW,22.0,23,0,8.3,1.2,2.4,0.509,0.4,1.2,0.37,0.7,0.7,0.941,0.7,1.4,2.1,0.6,0.2,0.1,0.3,1.0,3.6,regular
1630611,2024-25,00,1610612744,GSW,23.0,56,2,13.6,1.5,3.2,0.458,0.6,1.8,0.33,0.5,0.8,0.69,1.3,1.8,3.1,1.4,0.4,0.2,0.8,1.6,4.1,regular
1630611,2025-26,00,1610612744,GSW,23.0,68,30,20.5,3.4,6.8,0.5,1.1,3.3,0.351,1.3,1.8,0.725,1.1,2.8,3.9,2.3,0.9,0.3,1.5,2.1,9.2,regular
1630611,2024-25,00,1610612744,GSW,23.0,10,0,7.2,0.9,1.7,0.529,0.4,1.0,0.4,0.4,0.6,0.667,0.3,0.9,1.2,0.8,0.3,0.1,0.6,1.0,2.6,playoffs
1642879,2025-26,00,1610612751,BKN,19.0,44,11,20.8,2.7,6.9,0.396,0.4,2.0,0.211,1.7,2.0,0.83,0.5,1.6,2.1,3.3,0.9,0.2,2.3,1.8,7.5,regular
1642259,2024-25,00,1610612764,WAS,20.0,67,67,27.1,4.9,12.4,0.394,1.6,5.1,0.308,1.7,2.5,0.679,1.9,4.6,6.5,2.4,0.7,1.5,1.7,2.2,13.0,regular
1642259,2025-26,00,1610612764,WAS,20.0,48,48,27.2,6.6,13.7,0.482,1.0,3.1,0.333,2.1,3.0,0.692,2.2,5.2,7.4,2.7,0.8,2.0,1.7,2.2,16.3,regular
1631204,2023-24,00,1610612765,DET,23.0,71,11,19.0,3.1,7.2,0.428,1.3,3.4,0.375,0.8,0.9,0.879,0.2,1.6,1.8,3.3,0.6,0.2,1.3,1.5,8.3,regular
1631204,2024-25,00,1610612765,DET,24.0,57,1,14.2,2.4,5.2,0.463,1.0,2.7,0.382,0.8,0.9,0.843,0.3,0.9,1.2,2.3,0.6,0.1,0.9,1.3,6.6,regular
1631204,2025-26,00,1610612765,DET,25.0,38,5,12.0,1.8,4.7,0.39,1.2,2.8,0.415,0.4,0.5,0.833,0.2,0.8,1.0,2.0,0.5,0.1,0.8,1.1,5.2,regular
1631204,2025-26,00,1610612765,DET,25.0,6,0,10.2,1.8,3.8,0.478,0.8,2.3,0.357,0.0,0.0,0.0,0.5,0.3,0.8,0.5,0.5,0.0,0.3,0.7,4.5,playoffs
1631248,2024-25,00,1610612738,BOS,24.0,31,2,12.4,1.3,3.5,0.355,0.8,2.6,0.317,0.3,0.4,0.75,0.6,1.5,2.1,1.1,0.5,0.1,0.4,0.7,3.6,regular
1631248,2025-26,00,1610612738,BOS,25.0,77,20,18.6,2.0,4.3,0.453,1.3,3.2,0.399,0.4,0.4,0.903,0.7,2.8,3.5,1.5,0.5,0.1,0.6,1.4,5.5,regular
1631248,2024-25,00,1610612738,BOS,24.0,4,0,5.5,0.8,2.5,0.3,0.5,1.3,0.4,0.0,0.0,0.0,0.3,0.8,1.0,0.0,0.0,0.0,0.3,0.5,2.0,playoffs
1631248,2025-26,00,1610612738,BOS,25.0,7,1,14.1,1.6,3.7,0.423,1.1,3.0,0.381,0.0,0.0,0.0,1.0,1.9,2.9,0.6,0.9,0.1,0.3,1.1,4.3,playoffs
203471,2013-14,00,1610612737,ATL,20.0,49,0,13.1,1.5,3.8,0.383,0.2,0.9,0.238,0.6,0.9,0.674,0.1,1.1,1.2,1.9,0.3,0.0,1.2,1.1,3.7,regular
203471,2014-15,00,1610612737,ATL,21.0,77,10,19.7,3.7,8.6,0.427,0.7,1.9,0.351,1.9,2.3,0.827,0.4,1.8,2.1,4.1,0.6,0.1,1.9,1.6,10.0,regular
203471,2015-16,00,1610612737,ATL,22.0,80,6,20.3,4.1,9.8,0.421,1.0,3.0,0.322,1.8,2.3,0.791,0.3,2.2,2.6,4.4,0.9,0.1,2.3,1.7,11.0,regular
203471,2016-17,00,1610612737,ATL,23.0,79,78,31.5,6.9,15.4,0.451,1.3,3.7,0.34,2.8,3.2,0.855,0.5,2.6,3.1,6.3,0.9,0.2,3.3,1.9,17.9,regular
203471,2017-18,00,1610612737,ATL,24.0,67,67,31.0,7.5,17.1,0.436,1.1,3.9,0.29,3.4,4.0,0.849,0.7,2.4,3.1,6.2,1.1,0.1,2.7,2.2,19.4,regular
203471,2018-19,00,1610612760,OKC,25.0,79,14,29.3,5.8,14.0,0.414,1.6,4.6,0.341,2.4,2.9,0.819,0.5,3.1,3.6,4.1,0.8,0.2,2.2,2.4,15.5,regular
203471,2019-20,00,1610612760,OKC,26.0,65,2,30.8,7.0,14.8,0.469,1.9,5.0,0.385,3.0,3.6,0.839,0.3,3.3,3.6,4.0,0.7,0.2,2.6,2.2,18.9,regular
203471,2020-21,00,1610612747,LAL,27.0,61,61,32.1,5.4,12.5,0.437,1.2,3.5,0.335,3.4,4.0,0.848,0.5,3.0,3.5,5.8,1.1,0.2,2.7,2.6,15.4,regular
203471,2021-22,00,1610612738,BOS,28.0,49,25,29.2,5.2,11.9,0.44,1.4,3.9,0.349,2.5,3.0,0.848,0.6,2.8,3.3,4.2,0.8,0.1,2.1,2.4,14.4,regular
203471,2021-22,00,1610612745,HOU,28.0,15,4,26.9,3.7,9.3,0.393,1.3,3.9,0.328,2.3,2.6,0.872,0.4,2.9,3.3,5.9,0.8,0.2,2.6,2.5,10.9,regular
203471,2021-22,00,0,TOT,28.0,64,29,28.7,4.9,11.3,0.431,1.3,3.9,0.344,2.5,2.9,0.853,0.5,2.8,3.3,4.6,0.8,0.1,2.2,2.4,13.5,regular
203471,2022-23,00,1610612747,LAL,29.0,67,50,29.6,4.0,9.7,0.415,1.1,3.4,0.329,3.2,3.8,0.857,0.3,2.1,2.5,4.4,0.7,0.1,1.7,2.2,12.4,regular
203471,2023-24,00,1610612761,TOR,30.0,51,33,30.6,4.8,11.0,0.442,1.5,4.3,0.35,2.5,2.9,0.852,0.4,2.3,2.7,6.1,0.9,0.2,1.6,2.1,13.7,regular
203471,2023-24,00,1610612751,BKN,30.0,29,25,32.0,5.4,12.7,0.424,2.1,5.1,0.412,1.8,2.2,0.797,0.6,2.9,3.5,6.0,0.6,0.3,2.4,2.0,14.6,regular
203471,2023-24,00,0,TOT,30.0,80,58,31.1,5.0,11.6,0.435,1.7,4.6,0.375,2.2,2.7,0.836,0.5,2.5,3.0,6.1,0.8,0.2,1.9,2.1,14.0,regular
203471,2024-25,00,1610612751,BKN,31.0,23,23,33.6,6.4,14.1,0.452,2.5,6.5,0.387,3.1,3.5,0.889,0.2,2.8,3.0,6.6,1.1,0.2,2.6,2.4,18.4,regular
203471,2024-25,00,1610612744,GSW,31.0,24,18,26.2,3.9,10.5,0.375,1.5,4.8,0.322,1.2,1.6,0.744,0.4,1.9,2.3,4.4,1.0,0.1,2.0,2.8,10.6,regular
203471,2024-25,00,1610612765,DET,31.0,28,8,25.2,3.4,9.0,0.378,1.1,3.8,0.302,2.9,3.4,0.833,0.5,2.2,2.6,5.3,0.5,0.2,1.3,2.0,10.8,regular
203471,2024-25,00,0,TOT,31.0,75,49,28.1,4.5,11.0,0.406,1.7,4.9,0.342,2.4,2.9,0.838,0.4,2.3,2.6,5.4,0.9,0.2,1.9,2.4,13.1,regular
203471,2025-26,00,1610612758,SAC,32.0,40,14,26.4,4.3,10.6,0.408,1.4,4.2,0.343,2.7,3.3,0.82,0.6,2.5,3.1,5.3,0.8,0.2,2.0,1.7,12.8,regular
203471,2025-26,00,1610612739,CLE,32.0,30,3,21.4,2.8,6.9,0.401,0.6,2.1,0.29,2.1,2.4,0.861,0.4,1.9,2.3,4.3,0.8,0.2,1.5,1.4,8.2,regular
203471,2025-26,00,0,TOT,32.0,70,17,24.2,3.6,9.0,0.405,1.1,3.3,0.329,2.4,2.9,0.834,0.5,2.2,2.7,4.9,0.8,0.2,1.8,1.6,10.8,regular
203471,2013-14,00,1610612737,ATL,20.0,2,0,3.5,1.0,1.0,1.0,0.5,0.5,1.0,0.0,0.0,0.0,0.0,1.0,1.0,0.0,0.0,0.0,0.0,0.5,2.5,playoffs
203471,2014-15,00,1610612737,ATL,21.0,16,0,18.1,3.5,9.1,0.386,0.5,2.1,0.235,1.5,1.8,0.857,0.3,1.5,1.8,3.9,0.6,0.0,1.7,1.8,9.0,playoffs
203471,2015-16,00,1610612737,ATL,22.0,10,0,19.1,4.7,10.4,0.452,1.2,3.5,0.343,1.1,1.3,0.846,0.6,1.3,1.9,3.6,0.4,0.1,2.1,2.4,11.7,playoffs
203471,2016-17,00,1610612737,ATL,23.0,6,6,35.2,8.3,18.3,0.455,2.8,6.7,0.425,5.2,6.2,0.838,0.7,1.7,2.3,7.7,1.0,0.0,1.7,3.2,24.7,playoffs
203471,2018-19,00,1610612760,OKC,25.0,5,0,30.2,5.0,11.0,0.455,1.2,4.0,0.3,2.6,3.6,0.722,0.4,2.8,3.2,3.4,0.8,0.0,1.2,2.2,13.8,playoffs
203471,2019-20,00,1610612760,OKC,26.0,7,0,32.4,6.3,15.6,0.404,1.9,6.4,0.289,2.9,3.6,0.8,0.3,3.4,3.7,3.6,0.6,0.1,2.4,2.1,17.3,playoffs
203471,2020-21,00,1610612747,LAL,27.0,6,6,32.7,4.7,11.7,0.4,1.3,4.3,0.308,3.7,4.3,0.846,0.2,2.8,3.0,2.8,1.0,0.2,1.7,2.2,14.3,playoffs
203471,2022-23,00,1610612747,LAL,29.0,16,3,26.1,2.6,6.4,0.398,0.8,2.4,0.333,1.4,1.8,0.821,0.2,1.8,1.9,2.9,1.0,0.2,1.3,2.5,7.4,playoffs
203471,2024-25,00,1610612765,DET,31.0,6,0,27.3,4.3,8.8,0.491,1.7,3.5,0.476,2.2,2.7,0.813,0.7,1.7,2.3,3.7,1.2,0.2,1.2,2.0,12.5,playoffs
203471,2025-26,00,1610612739,CLE,32.0,17,0,15.9,1.9,4.9,0.381,0.6,1.9,0.333,1.1,1.4,0.792,0.2,1.2,1.5,2.4,0.4,0.2,1.4,1.4,5.5,playoffs
1641813,2025-26,00,1610612749,MIL,23.0,7,0,3.7,0.9,1.9,0.462,0.6,1.1,0.5,0.9,1.1,0.75,0.1,0.1,0.3,0.3,0.0,0.0,0.6,0.6,3.1,regular
1630578,2021-22,00,1610612745,HOU,19.0,72,13,20.7,3.5,7.3,0.474,0.4,1.6,0.248,2.3,3.2,0.711,1.9,3.5,5.5,2.6,0.8,0.9,2.0,3.0,9.6,regular
1630578,2022-23,00,1610612745,HOU,20.0,75,72,28.9,5.9,10.7,0.553,0.3,0.8,0.333,2.7,3.8,0.715,3.2,5.8,9.0,3.9,0.9,0.9,2.6,3.4,14.8,regular
1630578,2023-24,00,1610612745,HOU,21.0,63,63,32.5,8.4,15.6,0.537,0.5,1.8,0.297,3.9,5.6,0.693,2.9,6.4,9.3,5.0,1.2,0.7,2.6,3.3,21.1,regular
1630578,2024-25,00,1610612745,HOU,22.0,76,76,31.5,7.5,15.0,0.496,0.3,1.2,0.233,3.9,5.6,0.692,3.4,6.9,10.3,4.9,1.1,0.8,2.6,2.8,19.1,regular
1630578,2025-26,00,1610612745,HOU,23.0,72,72,33.3,8.1,15.6,0.519,0.6,1.8,0.305,3.6,5.2,0.691,3.0,5.9,8.9,6.2,1.2,1.1,3.2,3.3,20.4,regular
1630578,2024-25,00,1610612745,HOU,22.0,7,7,36.6,8.4,18.7,0.45,0.4,1.1,0.375,3.6,5.7,0.625,3.0,8.9,11.9,5.3,1.9,0.4,2.1,3.7,20.9,playoffs
1630578,2025-26,00,1610612745,HOU,23.0,6,6,38.7,7.7,16.5,0.465,0.2,1.3,0.125,4.8,7.0,0.69,3.5,6.7,10.2,4.7,1.8,1.3,3.0,3.5,20.3,playoffs
1641729,2023-24,00,1610612762,UTA,20.0,32,11,18.3,2.7,6.8,0.39,1.1,3.6,0.296,1.2,1.3,0.902,0.5,2.7,3.2,1.7,0.4,0.2,1.5,1.3,7.5,regular
1641729,2024-25,00,1610612762,UTA,21.0,71,15,20.2,3.9,8.4,0.459,2.2,5.2,0.422,0.9,1.0,0.89,0.6,2.4,3.0,1.5,0.6,0.1,1.5,1.6,10.9,regular
1641729,2025-26,00,1610612762,UTA,22.0,75,22,23.5,5.3,11.4,0.46,2.2,5.9,0.367,2.2,2.7,0.826,0.7,2.3,3.1,1.9,0.7,0.2,1.7,1.9,14.9,regular
1629012,2018-19,00,1610612739,CLE,20.0,82,72,31.8,6.3,14.7,0.43,1.5,3.6,0.402,2.6,3.1,0.839,0.7,2.2,2.9,3.0,0.5,0.1,2.3,2.3,16.7,regular
1629012,2019-20,00,1610612739,CLE,21.0,65,65,33.0,7.9,16.7,0.472,1.5,3.9,0.38,3.5,4.1,0.846,0.9,2.2,3.1,3.0,1.0,0.1,2.4,2.2,20.8,regular
1629012,2020-21,00,1610612739,CLE,22.0,60,60,35.3,8.8,18.4,0.475,1.6,4.4,0.371,5.2,6.4,0.815,1.0,2.2,3.1,4.4,1.0,0.2,2.8,2.6,24.3,regular
1629012,2021-22,00,1610612739,CLE,23.0,11,11,28.7,6.2,13.7,0.45,1.0,4.1,0.244,2.6,3.5,0.744,1.2,2.1,3.3,2.1,0.9,0.0,2.8,2.3,16.0,regular
1629012,2022-23,00,1610612762,UTA,24.0,48,15,23.9,4.9,9.8,0.506,1.0,2.5,0.393,3.4,4.1,0.819,0.8,1.4,2.2,2.9,0.6,0.1,1.8,2.3,14.3,regular
1629012,2023-24,00,1610612762,UTA,25.0,78,51,26.6,6.5,13.3,0.487,1.6,4.2,0.394,4.1,4.7,0.859,0.9,1.7,2.6,4.9,0.8,0.2,2.1,2.0,18.7,regular
1629012,2024-25,00,1610612762,UTA,26.0,63,61,27.9,6.6,13.8,0.48,1.7,4.3,0.406,3.4,4.0,0.865,1.0,1.8,2.7,4.2,0.7,0.1,2.5,2.3,18.4,regular
1629012,2025-26,00,1610612766,CHA,27.0,42,12,22.3,4.8,9.9,0.488,1.4,3.5,0.393,3.2,3.7,0.877,0.4,1.5,1.9,3.7,0.9,0.2,2.1,1.8,14.2,regular
1629012,2025-26,00,1610612741,CHI,27.0,26,10,26.0,6.1,12.6,0.482,2.1,5.2,0.41,3.2,3.9,0.822,0.9,2.0,2.9,2.5,1.5,0.1,2.0,2.7,17.5,regular
1629012,2025-26,00,0,TOT,27.0,68,22,23.7,5.3,10.9,0.485,1.6,4.1,0.401,3.2,3.8,0.855,0.6,1.7,2.3,3.3,1.1,0.1,2.1,2.1,15.4,regular
1629013,2018-19,00,1610612755,PHI,22.0,54,4,20.5,2.8,6.4,0.441,1.8,4.5,0.404,0.8,1.0,0.815,0.3,1.2,1.4,1.1,0.4,0.1,0.5,2.0,8.3,regular
1629013,2018-19,00,1610612746,LAC,22.0,25,23,27.8,3.5,8.4,0.414,2.7,6.0,0.45,1.2,1.6,0.795,0.3,2.0,2.2,2.3,0.5,0.1,0.8,2.0,10.9,regular
1629013,2018-19,00,0,TOT,22.0,79,27,22.8,3.0,7.1,0.431,2.1,5.0,0.422,0.9,1.2,0.806,0.3,1.4,1.7,1.5,0.5,0.1,0.6,2.0,9.1,regular
1629013,2019-20,00,1610612746,LAC,23.0,53,30,27.4,3.0,7.4,0.404,2.1,5.6,0.375,1.2,1.4,0.855,0.1,1.8,1.9,1.9,0.4,0.2,0.8,2.7,9.3,regular
1629013,2020-21,00,1610612751,BKN,24.0,61,12,23.0,3.0,7.5,0.408,2.1,5.5,0.387,1.1,1.3,0.846,0.2,1.7,1.8,1.6,0.5,0.2,0.8,1.5,9.3,regular
1629013,2021-22,00,1610612756,PHX,25.0,69,14,20.8,2.8,7.0,0.394,1.8,4.8,0.368,1.0,1.2,0.84,0.2,1.6,1.8,1.6,0.4,0.1,0.6,1.3,8.3,regular
1629013,2022-23,00,1610612756,PHX,26.0,40,9,20.2,2.8,7.5,0.377,1.9,5.0,0.377,1.1,1.3,0.882,0.3,1.4,1.7,2.3,0.7,0.1,0.9,1.5,8.7,regular
1629013,2023-24,00,1610612764,WAS,27.0,46,5,15.8,2.6,6.0,0.431,1.2,3.4,0.338,0.8,1.0,0.826,0.3,1.0,1.3,1.2,0.5,0.2,0.7,1.7,7.1,regular
1629013,2024-25,00,1610612752,NYK,28.0,50,0,15.2,2.1,4.6,0.461,1.2,3.1,0.397,0.2,0.4,0.667,0.2,1.0,1.2,0.5,0.5,0.0,0.4,1.0,5.7,regular
1629013,2025-26,00,1610612752,NYK,29.0,51,12,23.0,3.1,7.1,0.437,2.0,5.2,0.392,1.1,1.5,0.711,0.5,1.4,1.8,1.4,0.6,0.2,0.6,1.5,9.3,regular
1629013,2018-19,00,1610612746,LAC,22.0,6,6,29.0,2.2,6.3,0.342,1.7,5.2,0.323,1.7,1.7,1.0,0.2,1.8,2.0,1.7,1.0,0.0,1.2,2.5,7.7,playoffs
1629013,2019-20,00,1610612746,LAC,23.0,13,4,18.7,1.8,4.5,0.407,1.2,3.2,0.357,0.4,0.5,0.714,0.0,1.7,1.7,1.3,0.5,0.2,1.0,1.4,5.2,playoffs
1629013,2020-21,00,1610612751,BKN,24.0,12,0,17.2,1.5,3.4,0.439,0.8,2.2,0.385,0.3,0.4,0.8,0.3,1.5,1.8,0.6,0.4,0.1,0.5,1.6,4.2,playoffs
1629013,2021-22,00,1610612756,PHX,25.0,12,0,16.0,1.6,4.0,0.396,0.8,2.2,0.346,0.4,0.6,0.714,0.3,1.4,1.7,1.3,0.5,0.0,0.6,0.8,4.3,playoffs
1629013,2022-23,00,1610612756,PHX,26.0,10,1,18.4,1.7,4.5,0.378,1.1,2.9,0.379,0.3,0.4,0.75,0.3,1.4,1.7,1.1,0.2,0.1,0.4,1.5,4.8,playoffs
1629013,2024-25,00,1610612752,NYK,28.0,11,0,7.5,0.8,1.8,0.45,0.6,1.4,0.467,0.1,0.4,0.25,0.0,0.4,0.4,0.7,0.1,0.0,0.4,0.5,2.4,playoffs
1629013,2025-26,00,1610612752,NYK,29.0,15,0,14.8,2.1,3.7,0.554,1.6,2.7,0.585,0.5,0.6,0.778,0.2,0.6,0.8,0.6,0.3,0.0,0.5,1.7,6.2,playoffs
1630545,2024-25,00,1610612750,MIN,24.0,32,1,10.6,1.7,3.6,0.482,0.3,1.0,0.355,0.5,0.7,0.81,0.3,1.2,1.5,1.0,0.2,0.2,0.5,0.8,4.3,regular
1630545,2025-26,00,1610612750,MIN,25.0,43,2,12.5,1.8,4.0,0.45,0.7,1.8,0.408,1.3,1.6,0.8,0.2,0.9,1.1,0.9,0.3,0.0,0.6,1.2,5.6,regular
1630545,2024-25,00,1610612750,MIN,24.0,9,0,6.3,1.4,3.0,0.481,0.3,0.9,0.375,1.3,1.3,1.0,0.1,1.0,1.1,0.3,0.4,0.0,0.3,1.0,4.6,playoffs
1630545,2025-26,00,1610612750,MIN,25.0,9,3,22.6,4.2,10.4,0.404,0.9,3.6,0.25,2.4,2.7,0.917,0.6,2.0,2.6,1.3,0.4,0.0,0.9,2.4,11.8,playoffs
1630549,2021-22,00,1610612751,BKN,20.0,32,8,12.2,2.7,4.7,0.577,0.1,0.2,0.286,0.8,1.3,0.585,2.5,2.5,5.0,0.5,0.3,0.5,0.9,1.9,6.2,regular
1630549,2022-23,00,1610612751,BKN,21.0,48,3,11.5,1.9,3.6,0.544,0.1,0.2,0.545,0.7,1.1,0.636,2.1,2.1,4.2,0.8,0.3,0.7,0.9,1.9,4.7,regular
1630549,2023-24,00,1610612751,BKN,22.0,61,1,15.1,2.8,4.8,0.571,0.1,0.2,0.267,1.2,2.0,0.61,2.6,3.7,6.4,1.4,0.4,0.7,1.1,2.1,6.8,regular
1630549,2024-25,00,1610612751,BKN,23.0,50,2,18.1,3.3,6.3,0.521,0.2,0.9,0.244,1.1,1.5,0.757,3.0,3.6,6.6,1.8,0.8,0.8,1.3,2.3,7.9,regular
1630549,2025-26,00,1610612751,BKN,24.0,62,7,18.7,3.5,5.7,0.601,0.1,0.6,0.231,1.7,2.5,0.678,2.8,3.9,6.7,2.3,1.1,0.4,1.7,2.4,8.7,regular
1630549,2021-22,00,1610612751,BKN,20.0,1,0,0.0,0.0,0.0,0.0,0.0,0.0,0.0,0.0,0.0,0.0,0.0,0.0,0.0,0.0,0.0,0.0,0.0,0.0,0.0,playoffs
1630549,2022-23,00,1610612751,BKN,21.0,2,0,10.0,1.0,1.5,0.667,0.0,0.0,0.0,1.0,1.0,1.0,1.0,2.0,3.0,2.5,0.0,0.5,1.0,1.5,3.0,playoffs
1631101,2022-23,00,1610612757,POR,20.0,80,15,22.2,3.8,8.1,0.472,1.3,3.5,0.36,0.9,1.3,0.714,0.8,2.2,3.0,1.2,0.5,0.3,1.0,1.7,9.9,regular
1631101,2023-24,00,1610612757,POR,21.0,32,25,33.1,5.5,13.6,0.406,1.9,5.6,0.333,3.1,3.7,0.824,1.3,3.7,5.0,2.9,0.9,0.4,2.3,2.8,15.9,regular
1631101,2024-25,00,1610612757,POR,22.0,72,52,31.3,6.9,15.3,0.452,2.0,6.6,0.311,2.6,3.4,0.785,0.9,3.6,4.5,2.8,0.9,0.2,2.1,1.7,18.5,regular
1631101,2025-26,00,1610612757,POR,22.0,50,42,29.4,7.8,17.4,0.452,2.1,6.1,0.337,3.1,3.9,0.787,1.0,3.3,4.3,2.6,1.4,0.1,2.9,2.0,20.8,regular
1631101,2025-26,00,1610612757,POR,22.0,5,0,13.4,2.8,6.8,0.412,0.6,2.2,0.273,1.0,1.6,0.625,0.6,1.0,1.6,0.6,0.4,0.4,0.0,1.0,7.2,playoffs
1642347,2024-25,00,1610612761,TOR,22.0,75,11,19.6,2.7,6.7,0.405,1.0,3.0,0.323,0.7,0.9,0.768,0.4,1.1,1.5,4.2,0.8,0.1,1.6,2.1,7.1,regular
1642347,2025-26,00,1610612761,TOR,23.0,82,12,22.6,2.3,6.1,0.367,1.0,3.2,0.321,1.1,1.4,0.784,0.3,1.4,1.7,5.4,0.9,0.2,1.4,2.0,6.6,regular
1642347,2025-26,00,1610612761,TOR,23.0,7,4,32.0,3.3,9.3,0.354,2.0,6.0,0.333,0.4,0.9,0.5,0.4,1.6,2.0,5.0,1.4,0.1,2.0,3.1,9.0,playoffs
1641767,2023-24,00,1610612754,IND,22.0,57,1,14.3,1.6,4.0,0.393,0.9,2.7,0.314,0.4,0.5,0.885,0.3,1.3,1.6,0.9,0.6,0.0,0.3,1.5,4.4,regular
1641767,2024-25,00,1610612754,IND,23.0,63,9,19.5,1.9,4.6,0.418,1.1,3.2,0.342,0.4,0.4,0.889,0.7,2.1,2.8,1.3,0.6,0.2,0.3,2.0,5.3,regular
1641767,2025-26,00,1610612754,IND,24.0,65,20,21.4,2.6,6.0,0.434,1.3,3.6,0.362,0.6,0.8,0.765,0.7,2.3,3.0,1.8,0.6,0.1,0.6,1.8,7.1,regular
1641767,2023-24,00,1610612754,IND,22.0,17,2,19.7,1.8,4.2,0.437,1.1,2.9,0.38,0.4,0.5,0.778,0.6,2.4,3.0,1.0,0.5,0.1,0.6,1.9,5.2,playoffs
1641767,2024-25,00,1610612754,IND,23.0,21,0,14.0,1.1,2.4,0.471,0.7,1.8,0.395,0.2,0.2,1.0,0.4,1.5,1.9,0.4,0.4,0.0,0.5,1.8,3.2,playoffs
1642263,2024-25,00,1610612745,HOU,21.0,52,3,12.6,1.6,4.6,0.351,0.9,2.7,0.338,0.3,0.3,0.813,0.3,1.2,1.5,1.4,0.7,0.3,0.7,1.0,4.4,regular
1642263,2025-26,00,1610612745,HOU,21.0,82,21,26.2,5.0,11.5,0.43,2.8,7.0,0.394,0.8,1.0,0.802,0.3,2.6,2.9,3.4,1.5,0.7,1.5,2.0,13.5,regular
1642263,2024-25,00,1610612745,HOU,21.0,3,0,3.3,0.0,0.7,0.0,0.0,0.7,0.0,0.0,0.0,0.0,0.0,0.3,0.3,0.3,0.7,0.3,0.3,0.3,0.0,playoffs
1642263,2025-26,00,1610612745,HOU,21.0,6,5,32.0,4.5,14.7,0.307,2.7,9.0,0.296,0.5,0.7,0.75,0.2,0.8,1.0,4.7,2.2,0.8,2.0,2.3,12.2,playoffs
1642917,2025-26,00,1610612738,BOS,23.0,11,1,3.3,0.2,0.7,0.25,0.1,0.4,0.25,0.2,0.2,1.0,0.3,0.3,0.5,0.2,0.1,0.0,0.3,0.9,0.6,regular
1642917,2025-26,00,1610612738,BOS,23.0,2,0,2.5,0.5,1.0,0.5,0.5,1.0,0.5,0.0,0.0,0.0,0.0,0.0,0.0,0.0,0.0,0.0,0.0,0.5,1.5,playoffs
1627783,2016-17,00,1610612761,TOR,23.0,55,38,15.6,1.9,3.7,0.502,0.0,0.1,0.143,0.4,0.6,0.688,1.2,2.2,3.4,0.3,0.5,0.8,0.6,2.0,4.2,regular
1627783,2017-18,00,1610612761,TOR,24.0,81,5,20.7,3.1,6.1,0.508,0.4,1.6,0.22,0.7,1.1,0.621,1.0,3.5,4.5,2.0,0.8,0.5,0.8,2.0,7.3,regular
1627783,2018-19,00,1610612761,TOR,25.0,80,79,31.9,6.5,11.8,0.549,1.0,2.7,0.369,3.0,3.8,0.785,1.6,5.3,6.9,3.1,0.9,0.7,1.9,3.0,16.9,regular
1627783,2019-20,00,1610612761,TOR,26.0,60,60,35.2,8.3,18.4,0.453,2.2,6.1,0.359,4.0,5.1,0.792,1.1,6.3,7.3,3.5,1.0,0.9,2.5,2.8,22.9,regular
1627783,2020-21,00,1610612761,TOR,27.0,56,56,35.8,7.8,17.2,0.455,1.3,4.4,0.297,4.4,5.4,0.827,1.7,5.5,7.2,4.5,1.1,0.7,2.3,3.1,21.4,regular
1627783,2021-22,00,1610612761,TOR,28.0,68,68,37.9,8.8,17.8,0.494,1.1,3.2,0.344,4.2,5.6,0.749,1.9,6.6,8.5,5.3,1.3,0.6,2.7,3.3,22.8,regular
1627783,2022-23,00,1610612761,TOR,29.0,71,71,37.4,8.9,18.5,0.48,1.3,4.0,0.324,5.2,6.7,0.774,1.8,6.0,7.8,5.8,0.9,0.5,2.4,3.2,24.2,regular
1627783,2023-24,00,1610612761,TOR,30.0,39,39,34.7,8.3,16.0,0.522,1.2,3.7,0.317,4.3,5.7,0.758,1.4,4.9,6.3,4.9,0.8,0.3,2.1,2.2,22.2,regular
1627783,2023-24,00,1610612754,IND,30.0,41,41,31.8,8.7,15.8,0.549,1.0,2.5,0.386,3.0,4.2,0.699,2.1,5.7,7.8,3.7,0.8,0.4,1.4,2.6,21.3,regular
1627783,2023-24,00,0,TOT,30.0,80,80,33.2,8.5,15.9,0.536,1.1,3.1,0.346,3.6,5.0,0.732,1.7,5.3,7.1,4.3,0.8,0.3,1.8,2.4,21.7,regular
1627783,2024-25,00,1610612754,IND,31.0,78,78,32.7,7.9,15.2,0.519,1.6,4.2,0.389,2.9,3.9,0.734,1.7,5.2,6.9,3.4,0.9,0.5,1.4,2.4,20.2,regular
1627783,2025-26,00,1610612754,IND,32.0,62,62,33.2,9.0,18.6,0.484,1.7,4.7,0.358,4.2,6.1,0.693,1.4,5.2,6.6,3.8,1.1,0.4,2.2,2.4,24.0,regular
1627783,2016-17,00,1610612761,TOR,23.0,2,0,5.0,0.0,1.0,0.0,0.0,0.0,0.0,0.0,0.0,0.0,1.0,0.5,1.5,0.5,0.5,0.0,0.0,0.5,0.0,playoffs
1627783,2017-18,00,1610612761,TOR,24.0,10,0,17.9,2.5,4.1,0.61,0.3,0.4,0.75,1.3,2.0,0.65,0.9,2.7,3.6,0.8,0.1,0.6,0.7,2.7,6.6,playoffs
1627783,2018-19,00,1610612761,TOR,25.0,24,24,37.1,7.5,16.0,0.47,1.2,4.3,0.279,2.8,3.6,0.759,1.7,5.5,7.1,2.8,1.0,0.7,1.4,2.8,19.0,playoffs
1627783,2019-20,00,1610612761,TOR,26.0,11,11,38.0,6.5,16.5,0.396,0.9,4.8,0.189,3.0,4.2,0.717,1.3,6.3,7.5,3.8,1.1,0.4,2.0,3.0,17.0,playoffs
1627783,2021-22,00,1610612761,TOR,28.0,6,6,43.3,8.5,17.8,0.477,0.7,2.8,0.235,5.2,6.0,0.861,1.3,5.8,7.2,5.8,1.2,1.0,2.2,4.0,22.8,playoffs
1627783,2023-24,00,1610612754,IND,30.0,17,17,35.4,9.2,17.1,0.541,0.8,2.8,0.298,2.3,3.7,0.619,2.5,5.1,7.5,3.8,0.8,0.4,1.1,2.8,21.6,playoffs
1627783,2024-25,00,1610612754,IND,31.0,23,23,33.5,7.6,14.8,0.513,1.5,3.6,0.427,3.8,5.3,0.713,1.3,5.0,6.3,3.4,1.2,0.7,1.3,2.9,20.5,playoffs
1629014,2018-19,00,1610612757,POR,20.0,20,1,7.1,1.4,3.2,0.444,0.5,1.5,0.345,0.5,0.8,0.563,0.2,0.5,0.7,0.7,0.1,0.0,0.6,0.5,3.8,regular
1629014,2019-20,00,1610612757,POR,21.0,70,4,20.7,3.1,7.7,0.399,1.1,3.2,0.332,1.1,1.3,0.826,0.4,1.8,2.2,1.4,0.4,0.1,0.9,1.9,8.3,regular
1629014,2020-21,00,1610612757,POR,22.0,64,0,17.3,2.6,6.3,0.419,1.9,4.4,0.426,0.7,0.9,0.807,0.2,2.0,2.2,1.4,0.3,0.1,0.7,1.5,7.8,regular
1629014,2021-22,00,1610612757,POR,23.0,57,30,29.5,6.2,14.0,0.443,3.1,7.8,0.405,1.8,2.0,0.888,0.5,2.2,2.6,3.9,0.5,0.1,2.0,1.9,17.3,regular
1629014,2022-23,00,1610612757,POR,24.0,62,62,35.0,7.5,16.9,0.447,3.4,9.1,0.377,2.6,2.9,0.894,0.3,2.3,2.6,4.1,0.7,0.2,2.1,2.3,21.1,regular
1629014,2023-24,00,1610612757,POR,25.0,46,46,34.4,7.8,18.2,0.43,3.4,8.8,0.385,3.5,3.9,0.916,0.5,3.2,3.6,5.5,0.5,0.1,2.7,2.1,22.6,regular
1629014,2024-25,00,1610612757,POR,26.0,70,70,32.7,6.8,16.1,0.426,3.1,8.5,0.363,2.5,2.8,0.902,0.4,2.3,2.7,4.8,0.9,0.1,2.0,1.7,19.3,regular
1629014,2025-26,00,1610612738,BOS,26.0,49,0,24.5,5.1,11.6,0.44,2.7,6.7,0.395,1.3,1.5,0.889,0.5,1.9,2.4,2.4,0.6,0.1,1.1,1.7,14.2,regular
1629014,2025-26,00,1610612741,CHI,26.0,6,5,28.3,5.8,13.3,0.438,2.7,8.3,0.32,0.8,0.8,1.0,0.8,2.0,2.8,3.0,0.0,0.3,2.2,2.0,15.2,regular
1629014,2025-26,00,0,TOT,26.0,55,5,24.9,5.2,11.8,0.44,2.7,6.9,0.385,1.3,1.4,0.896,0.6,1.9,2.5,2.4,0.5,0.1,1.2,1.7,14.3,regular
1629014,2018-19,00,1610612757,POR,20.0,5,0,2.4,0.0,1.4,0.0,0.0,0.4,0.0,0.8,1.0,0.8,0.0,0.0,0.0,0.0,0.2,0.0,0.0,0.4,0.8,playoffs
1629014,2019-20,00,1610612757,POR,21.0,4,0,20.5,2.0,6.5,0.308,1.5,3.5,0.429,1.3,1.5,0.833,0.3,2.5,2.8,2.5,1.5,0.0,1.0,1.8,6.8,playoffs
1629014,2020-21,00,1610612757,POR,22.0,6,0,17.8,2.3,4.2,0.56,1.8,3.0,0.611,0.0,0.0,0.0,0.5,2.2,2.7,0.8,0.3,0.2,0.2,1.0,6.5,playoffs
1642354,2024-25,00,1610612766,CHA,22.0,36,15,23.4,2.9,8.4,0.346,0.9,3.6,0.254,1.1,1.4,0.82,1.1,1.9,3.0,3.1,0.9,0.2,1.6,1.6,7.8,regular
1642354,2025-26,00,1610612766,CHA,23.0,14,2,15.9,2.2,6.4,0.348,0.9,2.8,0.308,0.7,1.1,0.625,0.4,1.7,2.1,2.5,1.1,0.0,1.7,1.0,6.0,regular
1642354,2025-26,00,1610612743,DEN,23.0,6,0,5.7,0.5,1.7,0.3,0.0,0.2,0.0,0.2,0.3,0.5,0.7,0.7,1.3,1.3,0.2,0.0,0.2,0.7,1.2,regular
1642354,2025-26,00,0,TOT,23.0,20,2,12.9,1.7,5.0,0.343,0.6,2.0,0.3,0.6,0.9,0.611,0.5,1.4,1.9,2.2,0.8,0.0,1.3,0.9,4.6,regular
1630579,2021-22,00,1610612752,NYK,23.0,41,5,13.5,1.0,1.3,0.722,0.0,0.0,0.0,0.3,0.7,0.414,1.5,2.6,4.1,0.5,0.3,0.5,0.5,1.6,2.2,regular
1630579,2022-23,00,1610612752,NYK,24.0,52,16,15.6,1.6,2.1,0.776,0.0,0.0,0.0,0.2,0.3,0.75,1.9,2.8,4.7,0.5,0.3,0.5,0.5,1.8,3.4,regular
1630579,2023-24,00,1610612752,NYK,25.0,45,11,13.0,0.8,1.2,0.691,0.0,0.0,0.0,0.4,0.5,0.667,1.2,2.0,3.3,0.6,0.2,0.4,0.4,1.0,2.0,regular
1630579,2024-25,00,1610612752,NYK,26.0,39,5,10.8,0.7,1.2,0.609,0.0,0.0,0.0,0.2,0.3,0.615,1.3,2.0,3.3,0.6,0.2,0.3,0.5,1.2,1.6,regular
1630579,2024-25,00,1610612749,MIL,26.0,14,0,15.0,1.2,1.8,0.68,0.0,0.0,0.0,0.0,0.0,0.0,1.4,3.4,4.9,0.8,0.1,0.6,0.9,1.4,2.4,regular
1630579,2024-25,00,0,TOT,26.0,53,5,11.9,0.8,1.3,0.634,0.0,0.0,0.0,0.2,0.2,0.615,1.3,2.4,3.7,0.6,0.2,0.4,0.6,1.2,1.8,regular
1630579,2025-26,00,1610612749,MIL,27.0,67,19,19.7,2.2,2.8,0.784,0.0,0.0,0.0,0.7,1.1,0.62,2.2,3.3,5.5,1.6,0.3,0.3,1.1,2.2,5.0,regular
1630579,2023-24,00,1610612752,NYK,25.0,5,0,5.4,0.4,0.4,1.0,0.0,0.0,0.0,0.6,0.8,0.75,0.6,1.0,1.6,0.2,0.4,0.2,0.0,0.2,1.4,playoffs
1630579,2024-25,00,1610612749,MIL,26.0,5,0,11.6,1.2,1.2,1.0,0.0,0.0,0.0,0.4,0.6,0.667,2.2,1.8,4.0,0.2,0.0,0.2,1.0,1.0,2.8,playoffs
1642914,2025-26,00,1610612763,MEM,23.0,41,12,20.2,3.3,7.0,0.465,1.5,3.5,0.423,1.7,2.0,0.829,0.9,2.2,3.1,3.7,0.8,0.2,1.4,1.6,9.7,regular
203935,2014-15,00,1610612738,BOS,21.0,67,38,27.0,2.6,7.1,0.367,1.4,4.1,0.335,1.2,1.9,0.646,0.9,2.4,3.3,3.1,1.5,0.3,1.3,2.6,7.8,regular
203935,2015-16,00,1610612738,BOS,22.0,61,10,27.3,3.0,8.7,0.348,1.0,4.0,0.253,2.1,2.7,0.777,1.2,2.9,4.2,3.0,1.5,0.3,1.3,3.0,9.1,regular
203935,2016-17,00,1610612738,BOS,23.0,79,24,30.4,3.4,9.5,0.359,1.2,4.2,0.283,2.6,3.2,0.812,1.0,2.9,3.9,4.6,1.6,0.4,2.0,2.4,10.6,regular
203935,2017-18,00,1610612738,BOS,24.0,54,11,29.9,3.5,9.5,0.367,1.4,4.6,0.301,1.8,2.5,0.729,0.8,2.7,3.5,4.8,1.3,0.4,2.4,2.5,10.2,regular
203935,2018-19,00,1610612738,BOS,25.0,80,60,27.5,3.0,7.1,0.422,1.6,4.3,0.364,1.3,1.6,0.806,0.7,2.2,2.9,4.0,1.8,0.4,1.5,2.5,8.9,regular
203935,2019-20,00,1610612738,BOS,26.0,60,40,32.0,4.3,11.4,0.375,2.3,6.6,0.347,2.1,2.5,0.836,0.7,3.1,3.8,4.9,1.7,0.5,1.7,2.7,12.9,regular
203935,2020-21,00,1610612738,BOS,27.0,48,45,32.9,4.2,10.6,0.398,1.9,5.9,0.33,2.7,3.4,0.79,0.8,2.7,3.5,5.7,1.5,0.5,2.0,2.6,13.1,regular
203935,2021-22,00,1610612738,BOS,28.0,71,71,32.3,4.2,10.1,0.418,1.7,5.1,0.331,2.0,2.5,0.793,0.6,3.2,3.8,5.9,1.7,0.3,2.2,2.3,12.1,regular
203935,2022-23,00,1610612738,BOS,29.0,61,61,32.1,4.1,9.9,0.415,1.9,5.6,0.336,1.4,1.9,0.746,0.8,2.4,3.1,6.3,1.5,0.4,2.3,2.8,11.5,regular
203935,2023-24,00,1610612763,MEM,30.0,20,20,30.3,5.1,11.9,0.43,2.1,6.7,0.313,2.2,2.8,0.768,0.3,2.4,2.7,4.3,2.1,0.3,3.1,2.7,14.5,regular
203935,2024-25,00,1610612763,MEM,31.0,19,6,21.1,2.8,7.8,0.358,1.5,4.7,0.322,1.6,1.9,0.833,0.7,1.5,2.3,3.7,1.2,0.3,1.8,1.6,8.7,regular
203935,2024-25,00,1610612764,WAS,31.0,15,1,18.7,3.2,7.3,0.44,1.3,3.4,0.392,1.6,2.3,0.686,0.3,1.7,1.9,2.5,1.1,0.2,1.3,1.5,9.3,regular
203935,2024-25,00,0,TOT,31.0,34,7,20.0,3.0,7.6,0.393,1.4,4.1,0.348,1.6,2.1,0.761,0.5,1.6,2.1,3.2,1.1,0.3,1.6,1.6,9.0,regular
203935,2025-26,00,1610612747,LAL,32.0,62,54,28.5,3.0,7.7,0.395,1.6,4.7,0.331,1.7,2.1,0.822,0.6,2.2,2.8,3.0,1.4,0.4,1.5,2.6,9.3,regular
203935,2014-15,00,1610612738,BOS,21.0,4,3,22.5,3.5,7.3,0.483,0.8,3.3,0.231,2.0,3.8,0.533,1.3,1.5,2.8,1.3,0.3,0.3,1.0,3.0,9.8,playoffs
203935,2015-16,00,1610612738,BOS,22.0,6,1,32.2,3.7,10.0,0.367,1.8,5.3,0.344,2.8,3.5,0.81,1.3,3.2,4.5,3.0,1.7,0.8,2.5,2.8,12.0,playoffs
203935,2016-17,00,1610612738,BOS,23.0,18,3,29.9,2.6,7.4,0.351,1.6,4.1,0.397,1.8,2.8,0.64,1.3,3.4,4.7,4.7,1.5,0.9,2.1,2.8,8.6,playoffs
203935,2017-18,00,1610612738,BOS,24.0,15,4,29.9,3.2,9.5,0.336,1.0,4.5,0.221,2.4,3.3,0.735,0.9,2.8,3.7,5.3,1.7,0.7,2.4,2.9,9.8,playoffs
203935,2018-19,00,1610612738,BOS,25.0,2,0,16.0,0.5,5.5,0.091,0.5,5.5,0.091,2.0,3.0,0.667,2.0,0.0,2.0,2.0,1.5,0.0,1.5,1.5,3.5,playoffs
203935,2019-20,00,1610612738,BOS,26.0,17,16,38.1,4.6,11.6,0.394,2.4,7.2,0.333,2.9,3.3,0.875,0.6,4.6,5.2,4.6,1.2,0.5,2.6,3.2,14.5,playoffs
203935,2020-21,00,1610612738,BOS,27.0,5,5,36.6,5.8,13.2,0.439,3.2,8.6,0.372,3.0,4.2,0.714,0.8,3.6,4.4,6.0,1.0,0.2,2.8,2.8,17.8,playoffs
203935,2021-22,00,1610612738,BOS,28.0,21,21,36.2,5.4,13.3,0.405,2.3,6.5,0.35,2.4,3.0,0.806,1.0,3.6,4.5,5.9,1.2,0.2,2.5,3.4,15.4,playoffs
203935,2022-23,00,1610612738,BOS,29.0,20,20,34.0,5.1,11.2,0.453,2.2,6.1,0.361,2.6,3.3,0.8,1.1,3.0,4.0,5.1,1.3,0.3,2.3,1.9,14.9,playoffs
203935,2025-26,00,1610612747,LAL,32.0,10,10,34.5,3.9,9.9,0.394,1.7,5.0,0.34,3.4,4.3,0.791,1.0,2.5,3.5,5.1,2.4,1.0,3.5,3.1,12.9,playoffs
1630696,2022-23,00,1610612748,MIA,25.0,5,1,13.4,1.0,2.8,0.357,0.2,1.2,0.167,0.0,0.0,0.0,0.2,1.6,1.8,1.0,0.8,0.6,0.2,2.0,2.2,regular
1630696,2022-23,00,1610612751,BKN,25.0,10,0,9.2,1.3,3.1,0.419,0.4,1.3,0.308,0.3,0.3,1.0,0.1,1.4,1.5,1.7,0.6,0.1,0.2,1.3,3.3,regular
1630696,2022-23,00,0,TOT,25.0,15,1,10.5,1.2,3.0,0.4,0.3,1.3,0.263,0.2,0.2,1.0,0.1,1.5,1.6,1.5,0.7,0.3,0.2,1.5,2.9,regular
1630696,2023-24,00,1610612748,MIA,26.0,9,0,14.6,1.7,3.7,0.455,0.8,1.9,0.412,0.2,0.2,1.0,0.7,0.9,1.6,1.6,1.0,0.3,0.6,1.3,4.3,regular
1630696,2024-25,00,1610612748,MIA,27.0,14,1,19.1,2.2,4.4,0.508,1.1,2.1,0.533,0.6,0.9,0.75,0.9,1.7,2.6,1.6,1.5,0.4,1.2,2.1,6.2,regular
1630696,2025-26,00,1610612748,MIA,28.0,70,1,16.3,1.9,4.6,0.415,0.5,1.8,0.295,1.2,1.5,0.829,0.9,1.6,2.5,2.6,1.4,0.3,0.8,1.6,5.6,regular
1630188,2020-21,00,1610612756,PHX,21.0,27,1,5.8,0.8,1.9,0.44,0.1,0.6,0.235,0.2,0.3,0.714,0.3,1.1,1.4,0.1,0.0,0.1,0.3,0.6,2.0,regular
1630188,2021-22,00,1610612756,PHX,22.0,29,4,13.2,2.2,4.7,0.46,0.3,1.3,0.231,1.4,1.8,0.769,1.9,2.9,4.8,0.2,0.2,0.6,0.8,1.8,6.0,regular
1630188,2021-22,00,1610612754,IND,22.0,22,4,24.7,5.1,9.7,0.531,1.4,3.8,0.373,1.7,2.3,0.76,2.1,5.5,7.6,0.8,0.4,1.0,0.9,2.0,13.4,regular
1630188,2021-22,00,0,TOT,22.0,51,8,18.1,3.5,6.9,0.503,0.8,2.4,0.328,1.5,2.0,0.765,2.0,4.0,6.0,0.5,0.3,0.8,0.8,1.9,9.2,regular
1630188,2022-23,00,1610612754,IND,23.0,68,31,18.8,3.6,7.5,0.476,0.8,2.8,0.283,1.5,2.0,0.759,1.9,3.9,5.8,1.0,0.3,0.9,1.1,2.3,9.4,regular
1630188,2023-24,00,1610612754,IND,24.0,61,14,17.2,3.8,6.5,0.592,1.0,2.4,0.424,1.2,1.7,0.692,1.8,3.7,5.5,1.0,0.3,0.6,0.7,2.0,9.9,regular
1630188,2024-25,00,1610612741,CHI,25.0,64,2,15.0,3.0,6.4,0.466,1.1,3.5,0.324,1.1,1.4,0.809,1.4,4.2,5.6,1.0,0.3,0.7,0.6,1.5,8.2,regular
1630188,2025-26,00,1610612741,CHI,26.0,53,21,20.7,3.7,7.6,0.483,1.5,4.2,0.373,1.3,1.8,0.742,1.8,4.8,6.7,1.2,0.5,0.8,1.0,2.1,10.2,regular
1630188,2020-21,00,1610612756,PHX,21.0,6,0,3.0,0.3,0.7,0.5,0.2,0.2,1.0,0.0,0.0,0.0,0.3,0.5,0.8,0.2,0.0,0.0,0.2,0.3,0.8,playoffs
1630188,2023-24,00,1610612754,IND,24.0,7,0,6.0,0.4,1.1,0.375,0.3,0.6,0.5,0.7,1.1,0.625,1.0,1.0,2.0,0.3,0.3,0.1,0.6,1.1,1.9,playoffs
1642449,2024-25,00,1610612765,DET,24.0,1,0,22.0,6.0,9.0,0.667,0.0,0.0,0.0,2.0,3.0,0.667,4.0,4.0,8.0,0.0,0.0,0.0,2.0,3.0,14.0,regular
1642449,2025-26,00,1610612765,DET,25.0,15,0,9.1,1.2,2.4,0.5,0.0,0.0,0.0,1.3,2.0,0.667,1.5,1.8,3.3,0.9,0.1,0.4,0.5,1.5,3.7,regular
1642449,2025-26,00,1610612765,DET,25.0,3,0,2.3,0.7,0.7,1.0,0.0,0.0,0.0,0.0,0.0,0.0,0.0,0.7,0.7,0.0,0.3,0.0,0.3,0.0,1.3,playoffs
1631095,2022-23,00,1610612745,HOU,20.0,79,79,31.0,4.6,11.3,0.408,1.5,4.9,0.307,2.1,2.6,0.786,1.5,5.7,7.2,1.3,0.5,0.9,1.3,2.9,12.8,regular
1631095,2023-24,00,1610612745,HOU,21.0,76,76,31.9,5.0,11.0,0.454,1.8,5.0,0.363,2.0,2.4,0.811,1.8,6.3,8.1,1.6,0.7,0.8,1.2,2.6,13.7,regular
1631095,2024-25,00,1610612745,HOU,22.0,57,39,30.1,4.4,9.9,0.438,1.7,4.9,0.354,1.8,2.2,0.825,1.8,5.2,7.0,1.1,0.4,0.7,1.1,2.2,12.2,regular
1631095,2025-26,00,1610612745,HOU,22.0,77,77,35.1,5.7,12.6,0.45,2.3,6.3,0.363,2.1,2.7,0.775,1.4,5.5,6.9,1.9,0.7,0.9,1.4,2.5,15.8,regular
1631095,2024-25,00,1610612745,HOU,22.0,7,0,20.4,2.4,4.9,0.5,1.4,3.1,0.455,1.1,1.4,0.8,1.0,2.9,3.9,0.6,0.1,0.7,1.4,0.9,7.4,playoffs
1631095,2025-26,00,1610612745,HOU,22.0,6,6,42.0,5.5,14.2,0.388,3.2,8.5,0.373,3.3,4.3,0.769,2.0,6.5,8.5,1.8,1.0,0.7,1.0,2.8,17.5,playoffs
1641733,2023-24,00,1610612766,CHA,20.0,51,0,14.3,2.2,5.7,0.391,1.2,2.9,0.432,0.3,0.3,0.867,0.4,1.1,1.4,1.2,0.2,0.1,0.8,1.1,5.9,regular
1641733,2024-25,00,1610612766,CHA,21.0,60,27,22.8,3.7,9.5,0.391,1.7,5.1,0.34,0.7,0.8,0.935,0.2,1.9,2.1,2.4,0.3,0.1,1.4,1.3,9.9,regular
1641733,2025-26,00,1610612747,LAL,22.0,30,1,12.5,2.3,5.4,0.435,1.1,2.9,0.395,0.4,0.5,0.733,0.1,0.7,0.8,1.0,0.3,0.1,0.7,0.9,6.2,regular
1641733,2025-26,00,1610612747,LAL,22.0,6,0,3.0,1.0,2.3,0.429,0.5,1.2,0.429,0.2,0.3,0.5,0.0,0.2,0.2,0.2,0.2,0.2,0.2,0.0,2.7,playoffs
1631110,2022-23,00,1610612759,SAS,20.0,56,53,26.0,4.5,9.9,0.453,0.6,2.4,0.246,1.4,2.1,0.698,1.7,3.6,5.3,2.5,0.8,0.4,1.7,2.5,11.0,regular
1631110,2023-24,00,1610612759,SAS,21.0,74,73,29.6,4.6,10.5,0.438,0.9,3.1,0.308,1.5,1.9,0.771,1.9,4.6,6.4,3.4,0.8,0.5,1.9,2.3,11.6,regular
1631110,2024-25,00,1610612759,SAS,22.0,54,23,25.3,4.6,8.7,0.535,0.5,1.7,0.308,1.6,2.3,0.696,2.4,4.2,6.5,2.4,0.8,0.5,1.6,2.4,11.4,regular
1631110,2025-26,00,1610612759,SAS,22.0,28,0,12.8,1.7,3.5,0.475,0.3,1.3,0.257,0.4,0.6,0.688,0.9,1.7,2.6,1.0,0.4,0.2,0.6,1.8,4.1,regular
1631110,2025-26,00,1610612752,NYK,22.0,16,0,6.9,1.1,1.9,0.567,0.1,0.6,0.2,0.5,0.6,0.8,0.7,1.4,2.1,0.8,0.4,0.1,0.2,0.8,2.8,regular
1631110,2025-26,00,0,TOT,22.0,44,0,10.7,1.5,2.9,0.496,0.3,1.0,0.244,0.4,0.6,0.731,0.8,1.6,2.4,0.9,0.4,0.2,0.5,1.4,3.6,regular
1631110,2025-26,00,1610612752,NYK,22.0,5,0,4.6,1.4,1.6,0.875,0.2,0.4,0.5,1.0,1.6,0.625,0.2,0.8,1.0,0.4,0.2,0.2,0.2,0.4,4.0,playoffs
1642285,2024-25,00,1610612763,MEM,25.0,25,1,10.1,1.4,3.3,0.415,0.8,2.1,0.365,0.8,0.8,1.0,0.5,0.7,1.2,1.4,0.4,0.0,0.2,0.9,4.2,regular
1642285,2025-26,00,1610612763,MEM,25.0,72,20,23.8,3.7,7.7,0.473,2.0,4.5,0.449,1.8,1.9,0.94,0.6,2.0,2.5,5.6,0.7,0.2,1.3,1.4,11.1,regular
1630311,2023-24,00,1610612744,GSW,27.0,6,0,4.3,0.3,0.7,0.5,0.0,0.3,0.0,0.0,0.0,0.0,0.3,0.3,0.7,0.8,0.0,0.0,0.2,0.2,0.7,regular
1630311,2024-25,00,1610612744,GSW,28.0,39,0,6.4,1.1,2.6,0.406,0.1,0.6,0.227,0.3,0.4,0.733,0.4,0.8,1.2,1.2,0.4,0.1,0.5,0.5,2.5,regular
1630311,2025-26,00,1610612744,GSW,29.0,66,14,18.6,2.8,6.6,0.427,0.9,2.5,0.357,0.7,0.9,0.772,0.8,1.6,2.4,3.5,0.7,0.1,1.3,1.1,7.2,regular
1630311,2024-25,00,1610612744,GSW,28.0,8,0,7.9,2.0,3.1,0.64,0.1,0.4,0.333,0.4,0.4,1.0,0.6,0.8,1.4,0.8,0.4,0.0,0.8,1.1,4.5,playoffs
1641815,2024-25,00,1610612748,MIA,24.0,3,0,2.0,0.0,0.7,0.0,0.0,0.3,0.0,0.0,0.0,0.0,0.0,0.7,0.7,0.0,0.3,0.0,0.0,0.0,0.0,regular
1641815,2025-26,00,1610612758,SAC,25.0,3,0,14.3,1.0,2.3,0.429,0.0,0.3,0.0,1.3,1.3,1.0,0.7,0.3,1.0,3.3,1.7,0.0,0.7,0.7,3.3,regular
1630191,2020-21,00,1610612765,DET,20.0,68,14,21.4,3.3,6.0,0.553,0.3,0.9,0.333,0.9,1.4,0.696,2.3,4.3,6.7,0.9,0.6,1.3,1.0,2.7,7.9,regular
1630191,2021-22,00,1610612765,DET,21.0,71,71,25.6,3.5,6.9,0.51,0.2,0.6,0.326,1.0,1.5,0.718,3.2,5.5,8.7,1.2,0.3,1.1,1.2,3.0,8.3,regular
1630191,2022-23,00,1610612765,DET,22.0,50,47,28.3,3.9,8.8,0.442,1.3,4.1,0.327,2.2,3.0,0.738,2.3,5.8,8.1,1.4,0.4,0.7,1.4,2.7,11.3,regular
1630191,2023-24,00,1610612765,DET,23.0,46,45,30.9,4.0,8.3,0.487,1.5,3.8,0.383,1.4,1.8,0.753,1.6,5.0,6.6,1.6,0.4,0.8,1.4,2.2,10.9,regular
1630191,2024-25,00,1610612765,DET,24.0,72,4,19.9,2.4,4.4,0.559,0.2,0.7,0.321,0.9,1.2,0.759,1.8,3.7,5.5,1.7,0.4,1.4,0.9,2.5,6.0,regular
1630191,2025-26,00,1610612765,DET,24.0,58,13,22.7,3.8,6.9,0.55,0.7,2.1,0.333,1.7,2.3,0.756,1.7,3.3,5.0,1.1,0.3,1.6,1.2,2.9,10.0,regular
1630191,2024-25,00,1610612765,DET,24.0,1,0,19.0,1.0,2.0,0.5,0.0,0.0,0.0,0.0,0.0,0.0,1.0,4.0,5.0,1.0,0.0,2.0,0.0,5.0,2.0,playoffs
1630191,2025-26,00,1610612765,DET,24.0,14,0,11.8,1.4,2.4,0.588,0.3,0.6,0.5,0.9,1.2,0.706,0.9,1.5,2.4,0.2,0.1,1.0,0.6,2.6,4.0,playoffs
1631124,2023-24,00,1610612743,DEN,22.0,50,0,10.9,1.6,4.4,0.369,0.8,2.8,0.297,0.4,0.6,0.71,0.1,1.1,1.2,0.9,0.3,0.1,0.5,1.1,4.5,regular
1631124,2024-25,00,1610612743,DEN,23.0,65,4,21.3,3.2,7.5,0.432,1.4,4.1,0.349,1.1,1.4,0.822,0.3,1.9,2.2,1.3,0.6,0.2,0.9,2.3,9.0,regular
1631124,2025-26,00,1610612743,DEN,24.0,57,14,15.1,2.6,5.6,0.467,1.0,2.6,0.387,1.0,1.2,0.814,0.2,1.8,2.0,1.1,0.4,0.1,0.6,1.3,7.2,regular
1631124,2023-24,00,1610612743,DEN,22.0,3,0,5.3,0.7,2.0,0.333,0.3,1.3,0.25,0.7,1.3,0.5,0.0,0.7,0.7,0.0,0.3,0.0,0.3,1.0,2.3,playoffs
1631124,2024-25,00,1610612743,DEN,23.0,9,0,9.8,1.4,3.3,0.433,0.7,1.3,0.5,0.7,0.8,0.857,0.4,0.6,1.0,0.2,0.2,0.1,0.6,1.2,4.2,playoffs
1631124,2025-26,00,1610612743,DEN,24.0,2,0,9.0,1.0,3.5,0.286,0.5,1.5,0.333,0.5,1.0,0.5,0.5,1.0,1.5,0.0,0.0,0.0,1.0,1.0,3.0,playoffs
1629622,2019-20,00,1610612741,CHI,24.0,2,0,3.0,1.0,1.5,0.667,0.0,0.5,0.0,0.5,0.5,1.0,0.5,0.0,0.5,0.0,0.0,0.0,0.0,0.5,2.5,regular
1629622,2020-21,00,1610612748,MIA,25.0,39,0,13.0,2.2,4.8,0.455,1.3,3.8,0.338,0.4,0.6,0.667,0.1,0.9,1.1,0.6,0.3,0.1,0.2,1.1,6.1,regular
1629622,2021-22,00,1610612748,MIA,26.0,68,16,23.3,3.7,8.3,0.441,2.7,6.5,0.41,0.6,0.8,0.792,0.4,2.6,3.0,1.4,0.4,0.2,0.8,1.7,10.6,regular
1629622,2022-23,00,1610612748,MIA,27.0,80,33,28.4,4.1,9.9,0.41,2.5,7.0,0.35,1.0,1.1,0.876,0.6,2.6,3.2,2.1,0.5,0.2,0.9,2.1,11.5,regular
1629622,2023-24,00,1610612739,CLE,28.0,70,70,32.0,4.3,10.4,0.418,2.4,6.8,0.351,1.1,1.4,0.794,0.9,3.9,4.8,4.0,0.9,0.4,1.6,2.4,12.2,regular
1629622,2024-25,00,1610612739,CLE,29.0,50,37,25.5,3.3,7.5,0.442,2.3,5.9,0.386,0.6,0.7,0.824,1.1,3.3,4.3,3.2,0.5,0.2,1.1,2.1,9.4,regular
1629622,2025-26,00,1610612739,CLE,30.0,12,5,24.0,3.9,8.8,0.443,2.8,6.8,0.402,0.6,0.8,0.778,0.8,4.7,5.4,2.0,0.3,0.0,0.8,2.8,11.2,regular
1629622,2020-21,00,1610612748,MIA,25.0,2,0,3.0,0.0,0.5,0.0,0.0,0.0,0.0,0.0,0.0,0.0,0.0,0.0,0.0,0.0,0.0,0.0,0.0,0.0,0.0,playoffs
1629622,2021-22,00,1610612748,MIA,26.0,18,18,29.1,3.8,10.1,0.374,2.6,7.9,0.331,0.7,1.0,0.722,0.8,3.2,4.1,2.1,0.8,0.4,1.1,3.1,10.9,playoffs
1629622,2022-23,00,1610612748,MIA,27.0,23,23,28.1,3.3,8.2,0.402,1.9,5.9,0.319,0.9,1.1,0.8,0.6,3.0,3.6,1.4,0.3,0.3,0.3,2.0,9.3,playoffs
1629622,2023-24,00,1610612739,CLE,28.0,12,12,36.2,3.5,8.6,0.408,2.1,6.0,0.347,0.4,0.4,1.0,0.7,4.7,5.3,2.9,0.8,0.0,1.3,3.4,9.5,playoffs
1629622,2024-25,00,1610612739,CLE,29.0,9,9,28.1,4.1,9.9,0.416,2.9,7.4,0.388,0.6,0.7,0.833,1.8,3.9,5.7,3.9,0.7,0.2,0.8,2.6,11.7,playoffs
1629622,2025-26,00,1610612739,CLE,30.0,18,4,26.7,3.1,7.7,0.406,2.1,5.9,0.358,1.2,1.3,0.917,1.6,3.3,4.8,2.1,0.8,0.2,1.3,3.3,9.6,playoffs
1630591,2021-22,00,1610612753,ORL,21.0,48,45,27.2,4.1,11.4,0.361,0.9,4.1,0.214,2.6,3.4,0.773,0.5,3.0,3.6,4.4,1.2,0.4,3.0,3.0,11.8,regular
1630591,2022-23,00,1610612753,ORL,22.0,53,19,23.5,3.5,8.4,0.419,1.2,3.8,0.327,1.6,2.2,0.723,1.0,2.0,3.0,2.9,1.3,0.5,1.8,2.3,9.9,regular
1630591,2023-24,00,1610612753,ORL,23.0,75,75,27.0,4.5,9.5,0.471,2.0,5.1,0.397,1.6,2.1,0.756,0.6,2.4,3.1,2.7,1.4,0.6,1.8,2.7,12.6,regular
1630591,2024-25,00,1610612753,ORL,24.0,35,35,28.6,5.6,13.7,0.41,2.2,6.9,0.314,2.8,3.1,0.882,0.7,3.4,4.0,3.7,1.5,0.9,2.9,2.8,16.2,regular
1630591,2025-26,00,1610612753,ORL,24.0,57,56,27.6,4.9,11.4,0.435,2.1,6.3,0.339,1.8,2.1,0.855,0.6,3.2,3.9,5.5,1.8,0.7,2.7,2.5,13.8,regular
1630591,2023-24,00,1610612753,ORL,23.0,7,7,33.1,4.7,11.7,0.402,2.0,6.9,0.292,3.3,4.3,0.767,1.6,3.6,5.1,3.3,1.3,0.4,2.9,2.6,14.7,playoffs
1630591,2025-26,00,1610612753,ORL,24.0,7,7,35.4,3.7,12.4,0.299,1.9,7.7,0.241,1.9,2.0,0.929,0.7,3.3,4.0,4.1,1.9,0.6,3.0,3.9,11.1,playoffs
1630256,2020-21,00,1610612745,HOU,25.0,70,58,29.2,4.5,8.9,0.506,0.9,2.8,0.308,1.5,2.1,0.694,1.9,3.5,5.3,2.5,1.2,0.5,1.4,3.2,11.3,regular
1630256,2021-22,00,1610612745,HOU,26.0,78,77,26.4,4.7,9.3,0.498,0.8,2.6,0.312,1.7,2.4,0.707,1.7,3.7,5.4,2.8,0.9,0.5,1.8,3.7,11.8,regular
1630256,2022-23,00,1610612745,HOU,27.0,31,7,21.8,3.5,7.4,0.48,0.4,1.5,0.283,1.6,2.2,0.725,1.3,2.5,3.8,2.7,0.7,0.2,1.5,3.4,9.1,regular
1630256,2023-24,00,1610612745,HOU,28.0,65,9,15.9,1.7,3.5,0.472,0.4,1.2,0.299,0.4,0.6,0.667,0.9,2.1,3.0,1.0,0.6,0.2,0.6,2.1,4.1,regular
1630256,2024-25,00,1610612745,HOU,29.0,52,2,11.3,1.3,2.8,0.473,0.3,0.9,0.348,0.6,0.9,0.681,1.0,1.3,2.3,0.9,0.5,0.1,0.4,1.6,3.6,regular
1630256,2025-26,00,1610612745,HOU,30.0,46,1,8.8,1.2,2.4,0.514,0.2,0.7,0.313,0.2,0.2,0.636,0.7,0.9,1.6,0.5,0.2,0.1,0.3,1.0,2.8,regular
1630256,2025-26,00,1610612745,HOU,30.0,5,0,6.0,0.6,2.0,0.3,0.0,0.8,0.0,0.8,1.2,0.667,1.2,0.8,2.0,0.0,0.2,0.0,0.0,1.6,2.0,playoffs
1628369,2017-18,00,1610612738,BOS,20.0,80,80,30.5,5.0,10.4,0.475,1.3,3.0,0.434,2.7,3.2,0.826,0.6,4.4,5.0,1.6,1.0,0.7,1.4,2.1,13.9,regular
1628369,2018-19,00,1610612738,BOS,21.0,79,79,31.1,5.9,13.1,0.45,1.5,3.9,0.373,2.5,2.9,0.855,0.9,5.2,6.0,2.1,1.1,0.7,1.5,2.1,15.7,regular
1628369,2019-20,00,1610612738,BOS,22.0,66,66,34.3,8.4,18.6,0.45,2.9,7.1,0.403,3.8,4.7,0.812,1.0,6.0,7.0,3.0,1.4,0.9,2.3,2.1,23.4,regular
1628369,2020-21,00,1610612738,BOS,23.0,64,64,35.8,9.5,20.6,0.459,2.9,7.6,0.386,4.6,5.3,0.868,0.8,6.6,7.4,4.3,1.2,0.5,2.7,1.9,26.4,regular
1628369,2021-22,00,1610612738,BOS,24.0,76,76,35.9,9.3,20.6,0.453,3.0,8.6,0.353,5.3,6.2,0.853,1.1,6.9,8.0,4.4,1.0,0.6,2.9,2.3,26.9,regular
1628369,2022-23,00,1610612738,BOS,25.0,74,74,36.9,9.8,21.1,0.466,3.2,9.3,0.35,7.2,8.4,0.854,1.1,7.7,8.8,4.6,1.1,0.7,2.9,2.2,30.1,regular
1628369,2023-24,00,1610612738,BOS,26.0,74,74,35.7,9.1,19.3,0.471,3.1,8.2,0.376,5.6,6.7,0.833,0.9,7.2,8.1,4.9,1.0,0.6,2.5,2.0,26.9,regular
1628369,2024-25,00,1610612738,BOS,27.0,72,72,36.4,9.2,20.3,0.452,3.5,10.1,0.343,5.0,6.1,0.814,0.7,8.0,8.7,6.0,1.1,0.5,2.9,2.2,26.8,regular
1628369,2025-26,00,1610612738,BOS,28.0,16,16,32.6,7.4,17.9,0.411,2.9,8.9,0.329,4.1,4.9,0.823,0.5,9.5,10.0,5.3,1.4,0.2,2.4,1.6,21.8,regular
1628369,2017-18,00,1610612738,BOS,20.0,19,19,35.9,6.5,13.7,0.471,1.2,3.7,0.324,4.3,5.1,0.845,0.5,3.8,4.4,2.7,1.2,0.5,2.2,2.6,18.5,playoffs
1628369,2018-19,00,1610612738,BOS,21.0,9,9,32.8,5.4,12.4,0.438,1.1,3.4,0.323,3.2,4.3,0.744,0.8,5.9,6.7,1.9,1.1,0.8,2.0,2.3,15.2,playoffs
1628369,2019-20,00,1610612738,BOS,22.0,17,17,40.6,8.5,19.6,0.434,2.8,7.4,0.373,5.9,7.2,0.813,1.3,8.7,10.0,5.0,1.0,1.2,2.8,2.4,25.7,playoffs
1628369,2020-21,00,1610612738,BOS,23.0,5,5,37.0,9.4,22.2,0.423,2.8,7.2,0.389,9.0,9.8,0.918,0.6,5.2,5.8,4.6,1.2,1.6,2.6,3.0,30.6,playoffs
1628369,2021-22,00,1610612738,BOS,24.0,24,24,41.0,8.4,19.7,0.426,3.2,8.2,0.393,5.7,7.1,0.8,1.0,5.7,6.7,6.2,1.2,0.9,4.2,3.0,25.6,playoffs
1628369,2022-23,00,1610612738,BOS,25.0,20,20,40.0,9.3,20.2,0.458,2.7,8.2,0.323,6.0,6.9,0.876,1.3,9.2,10.5,5.3,1.1,1.1,2.8,2.2,27.2,playoffs
1628369,2023-24,00,1610612738,BOS,26.0,19,19,40.4,8.4,19.6,0.427,2.1,7.3,0.283,6.2,7.2,0.861,0.9,8.8,9.7,6.3,1.1,0.7,2.6,2.8,25.0,playoffs
1628369,2024-25,00,1610612738,BOS,27.0,8,8,40.3,9.3,21.9,0.423,3.6,9.8,0.372,6.0,6.8,0.889,1.1,10.4,11.5,5.4,2.1,0.8,3.3,2.6,28.1,playoffs
1628369,2025-26,00,1610612738,BOS,28.0,6,6,36.3,8.0,16.8,0.475,3.2,8.7,0.365,4.2,5.3,0.781,1.0,9.7,10.7,6.8,1.2,0.0,2.8,1.8,23.3,playoffs
1643141,2025-26,00,1610612746,LAC,24.0,8,0,4.0,0.0,0.5,0.0,0.0,0.5,0.0,0.1,0.5,0.25,0.0,0.4,0.4,0.1,0.1,0.0,0.1,0.6,0.1,regular
202066,2009-10,00,1610612745,HOU,24.0,9,0,13.1,1.4,3.2,0.448,0.3,1.3,0.25,1.8,2.7,0.667,0.2,1.3,1.6,0.8,0.4,0.4,1.6,1.8,5.0,regular
202066,2009-10,00,1610612758,SAC,24.0,5,0,4.6,0.6,1.6,0.375,0.0,0.4,0.0,1.0,1.0,1.0,0.2,0.4,0.6,0.4,0.2,0.0,0.4,0.2,2.2,regular
202066,2009-10,00,1610612759,SAS,24.0,13,4,14.8,2.2,4.9,0.438,0.8,1.8,0.435,1.1,1.6,0.667,0.2,0.8,1.1,0.9,0.6,0.2,0.8,1.9,6.2,regular
202066,2009-10,00,0,TOT,24.0,27,4,12.4,1.6,3.7,0.436,0.5,1.4,0.351,1.3,1.9,0.7,0.2,0.9,1.1,0.8,0.5,0.2,1.0,1.6,5.0,regular
202066,2010-11,00,1610612759,SAS,25.0,3,0,7.0,0.3,1.7,0.2,0.0,0.3,0.0,0.0,0.7,0.0,0.3,0.3,0.7,0.7,0.3,0.3,0.3,0.7,0.7,regular
202066,2010-11,00,1610612749,MIL,25.0,9,0,9.2,0.8,2.3,0.333,0.3,1.1,0.3,0.0,0.4,0.0,0.0,0.7,0.7,0.7,0.1,0.1,0.2,0.9,1.9,regular
202066,2010-11,00,1610612766,CHA,25.0,12,0,10.5,1.0,3.5,0.286,0.6,2.2,0.269,0.6,0.9,0.636,0.0,1.3,1.3,2.0,0.8,0.3,1.7,1.2,3.2,regular
202066,2010-11,00,0,TOT,25.0,24,0,9.6,0.8,2.8,0.294,0.4,1.5,0.27,0.3,0.7,0.412,0.0,0.9,1.0,1.3,0.5,0.3,1.0,1.0,2.4,regular
202066,2012-13,00,1610612764,WAS,27.0,51,36,22.7,2.1,5.1,0.407,0.5,1.6,0.325,0.5,0.7,0.703,0.6,1.8,2.4,2.3,1.0,0.3,1.2,1.8,5.1,regular
202066,2013-14,00,1610612764,WAS,28.0,75,0,8.5,0.7,1.9,0.362,0.1,0.4,0.207,0.4,0.6,0.698,0.3,0.6,0.9,1.0,0.5,0.1,0.6,1.0,1.8,regular
202066,2014-15,00,1610612764,WAS,29.0,52,18,14.2,1.3,3.3,0.4,0.6,1.7,0.375,0.7,0.9,0.729,0.5,1.3,1.7,1.1,0.8,0.2,0.7,1.5,3.9,regular
202066,2015-16,00,1610612764,WAS,30.0,80,43,24.4,2.5,6.3,0.398,1.1,3.2,0.345,1.1,1.6,0.728,0.5,2.2,2.7,1.8,0.9,0.2,0.8,2.4,7.3,regular
202066,2016-17,00,1610612758,SAC,31.0,65,20,26.6,2.8,6.6,0.424,1.3,3.4,0.373,0.9,1.1,0.784,0.5,2.3,2.8,2.6,1.3,0.4,1.2,2.2,7.8,regular
202066,2017-18,00,1610612758,SAC,32.0,65,35,24.8,3.1,7.3,0.418,1.4,3.5,0.392,0.9,1.2,0.769,0.3,2.0,2.3,1.9,0.9,0.4,1.2,2.1,8.4,regular
202066,2018-19,00,1610612763,MEM,33.0,49,49,31.2,3.4,7.9,0.429,1.5,4.3,0.352,1.2,1.6,0.75,0.4,2.7,3.1,1.4,1.0,0.5,1.1,2.7,9.4,regular
202066,2018-19,00,1610612746,LAC,33.0,26,6,19.6,1.6,4.1,0.396,0.6,2.1,0.296,0.9,1.2,0.742,0.4,2.1,2.5,1.4,1.0,0.2,0.6,2.7,4.7,regular
202066,2018-19,00,0,TOT,33.0,75,55,27.2,2.8,6.6,0.422,1.2,3.5,0.341,1.1,1.4,0.748,0.4,2.5,2.9,1.4,1.0,0.4,0.9,2.7,7.8,regular
202066,2019-20,00,1610612751,BKN,34.0,62,35,27.9,3.6,9.5,0.378,2.0,6.2,0.329,1.1,1.4,0.805,0.5,3.0,3.5,2.5,0.8,0.5,1.0,1.7,10.3,regular
202066,2020-21,00,1610612741,CHI,35.0,56,25,27.3,2.8,6.8,0.415,1.2,3.6,0.335,0.7,0.9,0.8,0.5,2.3,2.9,2.2,0.8,0.5,1.0,2.3,7.6,regular
202066,2021-22,00,1610612740,NOP,36.0,59,16,18.6,1.9,5.0,0.376,1.0,3.1,0.319,0.5,0.7,0.683,0.5,1.9,2.4,1.3,0.7,0.4,0.7,1.4,5.2,regular
202066,2022-23,00,1610612740,NOP,37.0,25,0,6.5,0.7,1.8,0.4,0.4,1.0,0.423,0.1,0.2,0.75,0.2,0.5,0.7,0.5,0.4,0.1,0.2,0.6,2.0,regular
202066,2023-24,00,1610612761,TOR,38.0,27,2,10.7,1.1,2.9,0.372,0.4,1.5,0.3,0.7,0.8,0.818,0.7,1.0,1.7,1.0,0.4,0.1,0.5,1.0,3.3,regular
202066,2024-25,00,1610612761,TOR,39.0,28,0,8.1,0.6,2.1,0.3,0.2,1.0,0.214,0.4,0.4,0.917,0.3,0.7,1.0,1.1,0.6,0.1,0.4,0.8,1.9,regular
202066,2025-26,00,1610612761,TOR,39.0,22,0,3.3,0.2,0.7,0.267,0.1,0.5,0.25,0.3,0.4,0.667,0.0,0.4,0.4,0.4,0.2,0.1,0.3,0.3,0.8,regular
202066,2009-10,00,1610612759,SAS,24.0,6,0,2.5,0.2,0.5,0.333,0.2,0.5,0.333,0.2,0.2,1.0,0.0,0.3,0.3,0.3,0.2,0.0,0.3,0.2,0.7,playoffs
202066,2013-14,00,1610612764,WAS,28.0,10,0,0.9,0.2,0.2,1.0,0.1,0.1,1.0,0.0,0.0,0.0,0.0,0.0,0.0,0.0,0.0,0.0,0.1,0.5,0.5,playoffs
202066,2014-15,00,1610612764,WAS,29.0,4,0,6.5,0.3,1.5,0.167,0.0,0.8,0.0,1.3,2.0,0.625,0.3,0.5,0.8,0.3,0.5,0.0,0.8,1.0,1.8,playoffs
202066,2018-19,00,1610612746,LAC,33.0,6,0,10.5,0.5,1.8,0.273,0.2,1.2,0.143,1.2,1.7,0.7,0.2,1.0,1.2,0.3,0.5,0.2,0.3,1.3,2.3,playoffs
202066,2019-20,00,1610612751,BKN,34.0,4,4,34.3,4.3,12.3,0.347,2.3,9.0,0.25,1.3,1.5,0.833,0.0,2.8,2.8,2.0,0.8,0.3,1.5,3.0,12.0,playoffs
202066,2021-22,00,1610612740,NOP,36.0,1,0,2.0,0.0,0.0,0.0,0.0,0.0,0.0,0.0,0.0,0.0,0.0,1.0,1.0,0.0,0.0,0.0,0.0,0.0,0.0,playoffs
202066,2025-26,00,1610612761,TOR,39.0,2,0,1.0,0.0,0.5,0.0,0.0,0.0,0.0,0.0,0.0,0.0,0.0,0.0,0.0,0.5,0.0,0.0,0.0,0.0,0.0,playoffs
1631207,2022-23,00,1610612741,CHI,20.0,38,0,5.6,0.8,1.9,0.444,0.2,0.7,0.259,0.4,0.6,0.667,0.3,0.7,1.0,0.6,0.3,0.1,0.2,0.6,2.2,regular
1631207,2023-24,00,1610612741,CHI,21.0,59,2,11.5,1.2,2.7,0.439,0.3,1.3,0.23,0.4,0.7,0.581,0.5,1.4,1.9,1.4,0.5,0.3,0.5,1.4,3.1,regular
1631207,2024-25,00,1610612741,CHI,22.0,73,5,13.5,1.6,3.7,0.448,0.5,1.4,0.356,0.7,0.9,0.71,0.5,1.2,1.7,1.3,0.6,0.2,0.7,1.6,4.5,regular
1631207,2025-26,00,1610612741,CHI,23.0,34,0,11.1,1.3,3.0,0.441,0.6,1.4,0.413,0.3,0.5,0.529,0.6,1.3,1.9,1.3,0.6,0.3,0.6,1.0,3.5,regular
1631207,2025-26,00,1610612755,PHI,23.0,14,0,12.4,1.6,3.8,0.434,0.4,1.4,0.25,0.5,0.9,0.538,0.5,1.1,1.6,1.6,0.5,0.3,0.4,1.1,4.1,regular
1631207,2025-26,00,0,TOT,23.0,48,0,11.5,1.4,3.2,0.439,0.5,1.4,0.364,0.3,0.6,0.533,0.5,1.3,1.8,1.4,0.6,0.3,0.5,1.0,3.7,regular
1631207,2025-26,00,1610612755,PHI,23.0,7,0,5.6,0.6,1.9,0.308,0.3,0.7,0.4,0.4,1.0,0.429,0.0,0.6,0.6,1.0,0.7,0.0,0.3,0.4,1.9,playoffs
1642876,2025-26,00,1610612747,LAL,22.0,25,0,6.0,0.6,1.2,0.516,0.0,0.1,0.333,0.6,0.9,0.636,0.4,0.8,1.1,0.4,0.3,0.1,0.4,0.8,1.9,regular
1642876,2025-26,00,1610612747,LAL,22.0,6,0,5.7,0.5,1.0,0.5,0.0,0.3,0.0,0.5,1.0,0.5,0.8,1.2,2.0,0.2,0.0,0.0,0.7,0.8,1.5,playoffs
1630560,2021-22,00,1610612751,BKN,20.0,67,2,17.6,3.3,7.5,0.433,0.7,2.6,0.27,1.3,1.6,0.829,0.2,2.2,2.4,1.2,0.5,0.1,0.8,1.0,8.5,regular
1630560,2022-23,00,1610612751,BKN,21.0,57,4,16.6,3.5,8.0,0.441,0.9,2.3,0.383,2.6,3.1,0.868,0.1,1.5,1.7,1.4,0.4,0.1,1.1,1.0,10.6,regular
1630560,2023-24,00,1610612751,BKN,22.0,66,51,31.4,8.0,18.0,0.442,2.2,6.0,0.364,4.3,5.1,0.856,0.4,2.8,3.2,2.9,0.7,0.2,1.9,2.1,22.5,regular
1630560,2024-25,00,1610612751,BKN,23.0,25,23,31.2,8.0,18.2,0.438,2.7,7.8,0.349,5.3,6.0,0.881,0.6,2.7,3.3,3.8,0.6,0.1,2.5,1.8,24.0,regular
1630560,2025-26,00,1610612751,BKN,24.0,24,8,24.3,5.1,12.8,0.399,1.6,4.9,0.325,3.8,4.5,0.843,0.4,1.4,1.8,3.1,0.2,0.1,2.0,1.3,15.6,regular
1630560,2025-26,00,1610612749,MIL,24.0,18,0,16.6,3.7,8.5,0.431,0.8,2.8,0.275,2.6,3.4,0.754,0.1,1.4,1.6,1.9,0.3,0.1,1.4,0.7,10.7,regular
1630560,2025-26,00,0,TOT,24.0,42,8,21.0,4.5,11.0,0.41,1.2,4.0,0.31,3.3,4.0,0.811,0.3,1.4,1.7,2.6,0.2,0.1,1.8,1.0,13.5,regular
1630560,2021-22,00,1610612751,BKN,20.0,1,0,0.0,0.0,0.0,0.0,0.0,0.0,0.0,0.0,0.0,0.0,0.0,0.0,0.0,0.0,0.0,0.0,0.0,0.0,0.0,playoffs
1630560,2022-23,00,1610612751,BKN,21.0,2,0,8.0,1.5,3.5,0.429,0.0,1.0,0.0,0.0,0.0,0.0,0.0,0.5,0.5,0.5,0.0,0.0,0.5,1.0,3.0,playoffs
1641708,2023-24,00,1610612745,HOU,21.0,62,23,22.4,3.9,7.2,0.536,0.1,0.9,0.138,1.7,2.5,0.684,2.4,4.2,6.6,2.6,1.3,0.6,1.5,2.3,9.5,regular
1641708,2024-25,00,1610612745,HOU,22.0,69,42,32.2,5.6,10.1,0.557,0.4,1.3,0.275,2.4,3.6,0.684,2.8,5.4,8.2,3.8,1.4,1.3,2.0,2.4,14.1,regular
1641708,2025-26,00,1610612745,HOU,23.0,79,79,37.4,7.1,13.2,0.534,0.3,1.5,0.216,3.8,4.9,0.779,3.0,4.8,7.8,5.3,1.5,0.6,2.4,2.2,18.3,regular
1641708,2024-25,00,1610612745,HOU,22.0,7,7,33.0,6.0,12.1,0.494,0.1,0.6,0.25,3.6,5.1,0.694,2.7,4.1,6.9,3.3,1.7,0.9,1.7,2.6,15.7,playoffs
1641708,2025-26,00,1610612745,HOU,23.0,6,6,44.0,7.0,14.3,0.488,0.3,1.3,0.25,4.8,6.8,0.707,2.5,4.5,7.0,5.7,2.0,1.2,2.5,3.2,19.2,playoffs
1641709,2023-24,00,1610612765,DET,21.0,63,38,25.1,3.7,7.6,0.483,0.3,1.8,0.186,1.1,1.9,0.597,2.0,4.3,6.4,1.9,1.1,0.9,1.3,2.8,8.8,regular
1641709,2024-25,00,1610612765,DET,22.0,59,48,22.5,4.2,7.8,0.535,0.2,0.8,0.224,1.5,2.4,0.641,1.9,3.3,5.1,2.3,1.7,0.7,1.4,2.8,10.1,regular
1641709,2025-26,00,1610612765,DET,23.0,73,72,26.0,4.2,7.9,0.525,0.1,0.3,0.25,1.5,2.6,0.571,2.1,3.7,5.7,3.1,2.0,0.9,1.5,2.7,9.9,regular
1641709,2024-25,00,1610612765,DET,22.0,6,6,22.5,4.0,7.0,0.571,0.0,0.3,0.0,3.5,6.0,0.583,1.3,3.8,5.2,1.0,1.2,0.8,1.8,4.2,11.5,playoffs
1641709,2025-26,00,1610612765,DET,23.0,14,14,30.5,3.5,6.9,0.505,0.1,0.5,0.143,1.1,2.2,0.516,3.2,4.6,7.9,3.1,2.0,1.8,1.6,2.9,8.2,playoffs
202691,2011-12,00,1610612744,GSW,22.0,66,29,24.4,4.8,10.9,0.443,1.7,4.1,0.414,1.2,1.4,0.868,0.4,2.1,2.4,2.0,0.7,0.3,1.6,2.3,12.5,regular
202691,2012-13,00,1610612744,GSW,23.0,82,82,35.8,6.2,14.7,0.422,2.6,6.4,0.401,1.6,1.9,0.841,0.4,3.3,3.7,2.2,1.0,0.5,1.9,2.9,16.6,regular
202691,2013-14,00,1610612744,GSW,24.0,81,81,35.4,6.9,15.5,0.444,2.8,6.6,0.417,1.8,2.3,0.795,0.5,2.6,3.1,2.2,0.9,0.5,1.7,2.9,18.4,regular
202691,2014-15,00,1610612744,GSW,25.0,77,77,31.9,7.8,16.9,0.463,3.1,7.1,0.439,2.9,3.3,0.879,0.4,2.9,3.2,2.9,1.1,0.8,1.9,1.6,21.7,regular
202691,2015-16,00,1610612744,GSW,26.0,80,80,33.3,8.1,17.3,0.47,3.5,8.1,0.425,2.4,2.8,0.873,0.4,3.4,3.8,2.1,0.8,0.6,1.7,1.9,22.1,regular
202691,2016-17,00,1610612744,GSW,27.0,78,78,34.0,8.3,17.6,0.468,3.4,8.3,0.414,2.4,2.8,0.853,0.6,3.0,3.7,2.1,0.8,0.5,1.6,1.8,22.3,regular
202691,2017-18,00,1610612744,GSW,28.0,73,73,34.3,7.9,16.1,0.489,3.1,7.1,0.44,1.1,1.3,0.837,0.4,3.4,3.8,2.5,0.8,0.5,1.8,1.6,20.0,regular
202691,2018-19,00,1610612744,GSW,29.0,78,78,34.0,8.4,18.0,0.467,3.1,7.7,0.402,1.7,2.0,0.816,0.5,3.4,3.8,2.4,1.1,0.6,1.5,2.0,21.5,regular
202691,2021-22,00,1610612744,GSW,32.0,32,32,29.4,7.7,17.9,0.429,3.6,9.3,0.385,1.4,1.6,0.902,0.5,3.4,3.9,2.8,0.5,0.5,1.3,1.7,20.4,regular
202691,2022-23,00,1610612744,GSW,33.0,69,69,33.0,7.9,18.1,0.436,4.4,10.6,0.412,1.7,1.9,0.879,0.6,3.6,4.1,2.4,0.7,0.4,1.8,1.9,21.9,regular
202691,2023-24,00,1610612744,GSW,34.0,77,63,29.7,6.4,14.7,0.432,3.5,9.0,0.387,1.6,1.8,0.927,0.5,2.8,3.3,2.3,0.6,0.5,1.5,1.6,17.9,regular
202691,2024-25,00,1610612742,DAL,35.0,72,72,27.3,5.0,12.2,0.412,3.0,7.7,0.391,0.9,1.0,0.905,0.6,2.8,3.4,2.0,0.7,0.4,1.2,1.1,14.0,regular
202691,2025-26,00,1610612742,DAL,36.0,69,8,21.7,4.1,10.6,0.393,2.9,7.6,0.383,0.5,0.7,0.766,0.3,1.8,2.1,1.4,0.5,0.3,0.9,1.0,11.7,regular
202691,2012-13,00,1610612744,GSW,23.0,12,12,41.3,6.3,14.5,0.437,2.1,4.9,0.424,0.4,0.5,0.833,0.8,3.8,4.6,1.8,1.0,0.6,2.0,3.7,15.2,playoffs
202691,2013-14,00,1610612744,GSW,24.0,7,7,36.7,5.7,14.0,0.408,2.3,6.3,0.364,2.7,3.4,0.792,0.6,2.9,3.4,3.6,1.0,0.7,2.1,3.4,16.4,playoffs
202691,2014-15,00,1610612744,GSW,25.0,21,21,36.2,7.1,15.9,0.446,2.7,7.0,0.39,1.7,2.1,0.8,0.4,3.4,3.9,2.6,0.8,0.9,2.0,3.0,18.6,playoffs
202691,2015-16,00,1610612744,GSW,26.0,24,24,35.4,8.4,18.9,0.444,4.1,9.6,0.424,3.4,4.0,0.854,0.6,3.0,3.7,2.3,1.1,0.4,2.0,2.2,24.3,playoffs
202691,2016-17,00,1610612744,GSW,27.0,17,17,35.1,5.5,13.9,0.397,2.4,6.2,0.387,1.5,1.9,0.788,0.6,3.2,3.9,2.1,0.8,0.3,1.4,2.6,15.0,playoffs
202691,2017-18,00,1610612744,GSW,28.0,21,21,37.8,7.6,16.3,0.465,3.2,7.5,0.427,1.3,1.5,0.871,0.5,3.6,4.1,1.8,0.8,0.3,1.5,2.3,19.6,playoffs
202691,2018-19,00,1610612744,GSW,29.0,21,21,39.0,7.8,17.1,0.456,3.3,7.5,0.443,1.8,2.0,0.902,0.6,3.5,4.1,2.1,1.3,0.7,1.8,2.8,20.7,playoffs
202691,2021-22,00,1610612744,GSW,32.0,22,22,36.0,7.2,16.7,0.429,3.5,9.1,0.385,1.2,1.4,0.867,0.3,3.6,3.9,2.3,1.1,0.7,1.3,2.1,19.0,playoffs
202691,2022-23,00,1610612744,GSW,33.0,13,13,36.0,6.5,16.8,0.388,3.8,10.5,0.368,1.6,1.8,0.875,0.1,4.1,4.2,2.2,0.5,0.3,2.0,2.2,18.5,playoffs
1629680,2019-20,00,1610612755,PHI,23.0,65,14,19.8,1.7,4.1,0.423,0.9,2.4,0.357,0.4,0.6,0.61,0.7,1.0,1.6,1.2,1.4,0.7,0.8,2.2,4.7,regular
1629680,2020-21,00,1610612755,PHI,24.0,65,8,20.0,1.6,3.7,0.42,0.7,2.2,0.301,0.1,0.3,0.444,0.5,1.4,1.9,1.0,1.6,1.1,0.5,2.0,3.9,regular
1629680,2021-22,00,1610612755,PHI,25.0,66,50,25.5,2.3,4.5,0.5,0.7,2.2,0.313,0.5,0.7,0.791,0.6,1.7,2.3,1.1,1.7,1.1,0.6,2.4,5.7,regular
1629680,2022-23,00,1610612755,PHI,26.0,49,6,12.1,1.0,2.4,0.431,0.4,1.3,0.333,0.2,0.2,0.75,0.4,0.9,1.3,0.5,0.9,0.3,0.2,1.3,2.7,regular
1629680,2022-23,00,1610612757,POR,26.0,22,22,27.7,2.7,6.2,0.438,1.5,3.9,0.388,0.5,0.7,0.625,0.9,2.6,3.5,1.4,1.7,0.8,0.7,2.2,7.4,regular
1629680,2022-23,00,0,TOT,26.0,71,28,16.9,1.5,3.6,0.435,0.8,2.1,0.365,0.3,0.4,0.679,0.6,1.4,2.0,0.7,1.2,0.5,0.3,1.6,4.1,regular
1629680,2023-24,00,1610612757,POR,27.0,65,19,22.9,1.9,4.9,0.397,1.2,3.6,0.346,0.3,0.4,0.759,0.5,1.6,2.1,1.4,1.7,0.8,0.6,1.4,5.4,regular
1629680,2024-25,00,1610612757,POR,28.0,15,5,20.8,2.8,5.9,0.477,1.4,3.2,0.438,0.5,1.0,0.467,0.9,2.5,3.5,1.9,2.2,0.6,0.9,0.9,7.5,regular
1629680,2025-26,00,1610612757,POR,29.0,30,0,16.0,1.9,4.5,0.433,1.2,3.1,0.398,0.7,0.8,0.84,0.6,1.4,2.0,0.9,2.0,0.5,0.9,1.4,5.8,regular
1629680,2019-20,00,1610612755,PHI,23.0,4,1,18.8,0.8,1.8,0.429,0.3,1.0,0.25,0.0,0.0,0.0,0.3,1.5,1.8,0.5,0.8,0.3,0.5,1.5,1.8,playoffs
1629680,2020-21,00,1610612755,PHI,24.0,12,1,18.3,2.1,4.3,0.481,0.9,2.8,0.324,0.2,0.4,0.4,0.3,1.1,1.4,0.3,1.3,0.9,0.2,2.4,5.3,playoffs
1629680,2021-22,00,1610612755,PHI,25.0,9,0,15.2,1.2,2.7,0.458,0.4,1.6,0.286,0.1,0.3,0.333,0.2,0.8,1.0,0.4,0.8,0.8,0.2,1.7,3.0,playoffs
1629680,2025-26,00,1610612757,POR,29.0,4,0,13.3,0.5,3.5,0.143,0.3,2.8,0.091,0.5,0.5,1.0,0.3,1.8,2.0,1.0,0.8,0.8,0.0,0.8,1.8,playoffs
1630214,2020-21,00,1610612763,MEM,22.0,59,12,18.4,2.8,5.1,0.559,0.4,1.1,0.338,0.6,0.9,0.642,1.3,3.1,4.3,1.3,0.7,0.6,0.8,2.0,6.6,regular
1630214,2021-22,00,1610612763,MEM,23.0,53,2,13.2,1.8,4.1,0.454,0.2,0.9,0.204,0.9,1.3,0.648,1.2,1.8,3.0,1.2,0.9,0.3,0.6,1.2,4.8,regular
1630214,2022-23,00,1610612763,MEM,24.0,61,29,19.3,3.1,5.0,0.614,0.1,0.2,0.267,0.8,1.5,0.551,2.0,3.0,5.0,1.6,1.0,0.5,0.7,1.6,7.0,regular
1630214,2023-24,00,1610612763,MEM,25.0,34,13,20.6,2.6,6.3,0.408,0.4,1.6,0.226,0.5,1.3,0.419,1.6,3.0,4.6,1.7,1.2,1.0,0.9,1.8,6.0,regular
1630214,2023-24,00,1610612738,BOS,25.0,20,2,13.7,1.7,3.3,0.515,0.4,1.4,0.286,0.2,0.4,0.571,0.7,2.0,2.7,1.0,0.5,0.5,0.3,0.8,4.0,regular
1630214,2023-24,00,0,TOT,25.0,54,15,18.1,2.2,5.2,0.434,0.4,1.5,0.247,0.4,0.9,0.44,1.3,2.6,3.9,1.4,0.9,0.8,0.6,1.4,5.3,regular
1630214,2024-25,00,1610612738,BOS,26.0,33,2,7.0,0.4,1.6,0.245,0.2,1.0,0.156,0.1,0.1,0.75,0.3,1.0,1.3,0.2,0.3,0.2,0.4,0.5,1.0,regular
1630214,2025-26,00,1610612738,BOS,27.0,14,1,7.9,1.0,2.2,0.452,0.2,1.1,0.2,0.0,0.0,0.0,0.7,1.1,1.8,0.4,0.4,0.1,0.4,0.6,2.2,regular
1630214,2025-26,00,1610612766,CHA,27.0,16,0,4.5,0.4,0.9,0.4,0.0,0.2,0.0,0.1,0.3,0.25,0.6,0.6,1.1,0.5,0.2,0.2,0.2,0.4,0.8,regular
1630214,2025-26,00,0,TOT,27.0,30,1,6.1,0.7,1.5,0.435,0.1,0.6,0.167,0.0,0.1,0.25,0.6,0.8,1.4,0.4,0.3,0.2,0.3,0.5,1.5,regular
1630214,2020-21,00,1610612763,MEM,22.0,3,0,6.0,0.3,1.7,0.2,0.0,0.3,0.0,0.0,0.0,0.0,0.3,0.7,1.0,0.3,0.3,0.0,0.3,0.7,0.7,playoffs
1630214,2021-22,00,1610612763,MEM,23.0,9,6,15.4,2.0,2.8,0.72,0.1,0.2,0.5,0.3,0.7,0.5,1.4,1.9,3.3,0.7,0.7,0.1,1.1,1.8,4.4,playoffs
1630214,2022-23,00,1610612763,MEM,24.0,6,6,30.5,4.0,7.5,0.533,0.2,0.7,0.25,0.5,0.8,0.6,2.8,5.2,8.0,3.2,0.7,0.7,0.7,2.8,8.7,playoffs
1630214,2023-24,00,1610612738,BOS,25.0,8,0,8.6,0.6,1.0,0.625,0.1,0.1,1.0,0.1,0.1,1.0,0.5,1.3,1.8,0.4,0.4,0.4,0.4,0.9,1.5,playoffs
1630214,2024-25,00,1610612738,BOS,26.0,1,0,8.0,1.0,4.0,0.25,0.0,2.0,0.0,0.0,0.0,0.0,1.0,2.0,3.0,0.0,0.0,0.0,0.0,0.0,2.0,playoffs
1641772,2024-25,00,1610612739,CLE,24.0,5,1,12.6,2.6,6.4,0.406,0.4,2.0,0.2,1.6,2.2,0.727,1.8,2.4,4.2,0.4,0.0,0.2,0.4,1.8,7.2,regular
1641772,2025-26,00,1610612739,CLE,25.0,64,3,15.7,2.3,4.9,0.478,0.4,1.8,0.235,0.7,1.0,0.77,1.3,1.6,2.9,0.8,0.6,0.5,0.5,2.0,5.8,regular
1641772,2025-26,00,1610612739,CLE,25.0,7,0,2.7,0.6,0.9,0.667,0.0,0.0,0.0,0.1,0.3,0.5,0.6,0.1,0.7,0.3,0.1,0.0,0.1,0.4,1.3,playoffs
1642910,2025-26,00,1610612738,BOS,24.0,6,0,7.0,0.7,2.3,0.286,0.5,1.7,0.3,0.7,0.7,1.0,0.0,1.0,1.0,0.3,0.3,0.0,0.0,0.8,2.5,regular
1642260,2025-26,00,1610612760,OKC,20.0,10,2,16.0,2.2,5.1,0.431,0.6,1.5,0.4,0.2,0.5,0.4,0.7,1.2,1.9,4.4,0.5,0.0,2.5,1.3,5.2,regular
1642260,2025-26,00,1610612760,OKC,20.0,9,0,2.4,0.2,0.7,0.333,0.0,0.2,0.0,0.0,0.0,0.0,0.0,0.2,0.2,0.3,0.2,0.0,0.2,0.1,0.4,playoffs
1631210,2023-24,00,1610612752,NYK,24.0,9,0,4.2,0.6,1.0,0.556,0.1,0.4,0.25,0.2,0.2,1.0,0.3,0.4,0.8,0.3,0.0,0.1,0.1,0.3,1.4,regular
1631210,2024-25,00,1610612752,NYK,25.0,16,0,3.1,0.2,0.6,0.3,0.0,0.1,0.0,0.0,0.0,0.0,0.1,0.6,0.7,0.3,0.1,0.0,0.1,0.2,0.4,regular
1631210,2024-25,00,1610612737,ATL,25.0,1,0,27.0,6.0,12.0,0.5,5.0,8.0,0.625,0.0,0.0,0.0,1.0,3.0,4.0,2.0,0.0,0.0,1.0,0.0,17.0,regular
1631210,2024-25,00,0,TOT,25.0,17,0,4.4,0.5,1.3,0.409,0.3,0.6,0.5,0.0,0.0,0.0,0.2,0.7,0.9,0.4,0.1,0.0,0.2,0.2,1.4,regular
1631210,2025-26,00,1610612737,ATL,25.0,5,0,3.4,0.8,1.2,0.667,0.0,0.0,0.0,0.0,0.0,0.0,0.0,0.2,0.2,0.2,0.0,0.2,0.0,0.2,1.6,regular
1630167,2020-21,00,1610612752,NYK,23.0,62,0,11.0,1.7,3.4,0.498,0.4,1.4,0.306,0.3,0.4,0.731,0.4,1.8,2.2,0.5,0.3,0.2,0.4,0.9,4.1,regular
1630167,2021-22,00,1610612752,NYK,24.0,72,10,17.1,3.5,6.6,0.531,0.7,2.3,0.308,1.3,1.7,0.758,1.0,2.8,3.7,1.1,0.3,0.5,0.8,1.4,9.0,regular
1630167,2022-23,00,1610612752,NYK,25.0,67,5,15.7,2.8,6.3,0.446,1.3,3.7,0.344,0.6,0.7,0.809,0.4,2.4,2.8,1.0,0.3,0.2,0.6,1.0,7.4,regular
1630167,2023-24,00,1610612754,IND,26.0,82,28,21.1,4.0,7.1,0.573,1.2,3.1,0.403,0.9,1.2,0.77,1.0,2.9,3.9,1.6,0.6,0.5,0.8,1.7,10.3,regular
1630167,2024-25,00,1610612754,IND,27.0,79,4,19.6,4.0,7.6,0.529,1.4,3.8,0.365,1.1,1.4,0.781,0.7,3.3,4.0,1.6,0.6,0.4,0.9,1.4,10.5,regular
1630167,2025-26,00,1610612754,IND,28.0,24,3,17.7,4.2,8.3,0.503,1.5,4.4,0.352,1.8,1.9,0.913,0.5,3.9,4.4,2.3,0.5,0.0,1.2,1.2,11.6,regular
1630167,2020-21,00,1610612752,NYK,23.0,5,0,13.0,2.4,4.6,0.522,0.6,1.8,0.333,1.0,1.2,0.833,0.8,1.8,2.6,0.4,0.0,0.2,0.6,1.2,6.4,playoffs
1630167,2022-23,00,1610612752,NYK,25.0,11,1,15.9,2.7,6.4,0.429,1.2,3.9,0.302,0.4,0.5,0.8,0.9,2.6,3.5,0.6,0.7,0.3,0.7,1.1,7.0,playoffs
1630167,2023-24,00,1610612754,IND,26.0,17,0,20.2,4.3,7.9,0.541,1.2,3.3,0.357,1.1,1.5,0.76,0.6,3.8,4.4,1.7,0.4,0.4,0.8,1.2,10.9,playoffs
1630167,2024-25,00,1610612754,IND,27.0,23,0,19.1,3.6,7.4,0.485,1.1,3.4,0.321,1.1,1.6,0.694,0.6,3.3,3.8,1.3,0.7,0.3,1.0,2.0,9.4,playoffs
1626157,2015-16,00,1610612750,MIN,20.0,82,82,32.0,7.6,14.1,0.542,0.4,1.1,0.341,2.7,3.4,0.811,2.8,7.7,10.5,2.0,0.7,1.7,2.2,3.0,18.3,regular
1626157,2016-17,00,1610612750,MIN,21.0,82,82,37.0,9.8,18.0,0.542,1.2,3.4,0.367,4.3,5.2,0.832,3.6,8.7,12.3,2.7,0.7,1.3,2.6,2.9,25.1,regular
1626157,2017-18,00,1610612750,MIN,22.0,82,82,35.6,7.8,14.3,0.545,1.5,3.5,0.421,4.2,4.9,0.858,2.9,9.4,12.3,2.4,0.8,1.4,1.9,3.5,21.3,regular
1626157,2018-19,00,1610612750,MIN,23.0,77,77,33.1,8.8,17.1,0.518,1.8,4.6,0.4,4.9,5.8,0.836,3.4,9.0,12.4,3.4,0.9,1.6,3.1,3.8,24.4,regular
1626157,2019-20,00,1610612750,MIN,24.0,35,35,33.9,9.0,17.8,0.508,3.3,7.9,0.412,5.1,6.5,0.796,2.7,8.1,10.8,4.4,0.9,1.2,3.1,3.3,26.5,regular
1626157,2020-21,00,1610612750,MIN,25.0,50,50,33.8,8.5,17.5,0.486,2.4,6.3,0.387,5.3,6.2,0.859,2.7,7.9,10.6,4.5,0.8,1.1,3.2,3.7,24.8,regular
1626157,2021-22,00,1610612750,MIN,26.0,74,74,33.4,8.7,16.4,0.529,2.0,4.9,0.41,5.2,6.3,0.822,2.6,7.2,9.8,3.6,1.0,1.1,3.1,3.6,24.6,regular
1626157,2022-23,00,1610612750,MIN,27.0,29,29,33.0,7.3,14.8,0.495,2.1,5.7,0.366,4.1,4.7,0.874,1.7,6.5,8.1,4.8,0.7,0.6,3.0,3.8,20.8,regular
1626157,2023-24,00,1610612750,MIN,28.0,62,62,32.7,7.7,15.3,0.504,2.2,5.3,0.416,4.1,4.7,0.873,1.5,6.8,8.3,3.0,0.7,0.7,2.9,3.3,21.8,regular
1626157,2024-25,00,1610612752,NYK,29.0,72,72,35.0,8.9,16.9,0.526,2.0,4.7,0.42,4.7,5.7,0.829,2.9,9.8,12.8,3.1,1.0,0.7,2.7,3.5,24.4,regular
1626157,2025-26,00,1610612752,NYK,30.0,75,75,31.0,6.9,13.8,0.501,1.5,4.1,0.368,4.8,5.5,0.858,3.1,8.7,11.9,3.0,0.9,0.5,2.5,3.4,20.1,regular
1626157,2017-18,00,1610612750,MIN,22.0,5,5,34.0,5.6,12.0,0.467,0.6,2.2,0.273,3.4,4.6,0.739,3.0,10.4,13.4,2.2,0.4,1.0,2.4,2.8,15.2,playoffs
1626157,2021-22,00,1610612750,MIN,26.0,6,6,37.0,6.5,13.3,0.488,1.7,3.7,0.455,7.2,8.3,0.86,1.8,9.0,10.8,2.2,0.7,2.0,4.5,4.2,21.8,playoffs
1626157,2022-23,00,1610612750,MIN,27.0,5,5,36.0,6.4,14.0,0.457,1.2,4.8,0.25,4.2,5.6,0.75,1.2,9.0,10.2,2.0,0.6,0.8,3.6,4.2,18.2,playoffs
1626157,2023-24,00,1610612750,MIN,28.0,16,16,32.6,6.8,14.5,0.466,1.9,5.2,0.361,3.7,4.3,0.855,2.2,6.8,9.0,2.6,0.8,0.2,1.7,3.4,19.1,playoffs
1626157,2024-25,00,1610612752,NYK,29.0,18,18,35.5,7.7,15.8,0.488,1.4,4.1,0.351,4.6,5.4,0.845,2.1,9.5,11.6,1.3,0.7,0.7,2.2,4.3,21.4,playoffs
1626157,2025-26,00,1610612752,NYK,30.0,15,15,30.5,5.7,10.2,0.562,1.5,3.1,0.468,4.1,4.5,0.897,2.7,8.0,10.7,5.7,1.1,1.3,2.6,3.9,17.0,playoffs
1642849,2025-26,00,1610612751,BKN,19.0,56,31,22.2,3.3,8.6,0.38,1.1,3.4,0.318,1.3,1.7,0.787,0.3,1.5,1.8,3.8,0.8,0.4,2.3,2.1,8.9,regular
1631247,2024-25,00,1610612739,CLE,23.0,12,0,7.3,0.4,1.7,0.25,0.0,0.8,0.0,0.2,0.2,1.0,0.7,1.0,1.7,0.7,0.1,0.1,0.7,0.5,1.0,regular
1631247,2025-26,00,1610612739,CLE,24.0,12,0,8.6,0.8,3.0,0.25,0.1,1.3,0.063,0.8,0.8,1.0,0.8,1.3,2.0,0.8,0.6,0.3,0.3,0.5,2.3,regular
1629018,2018-19,00,1610612757,POR,20.0,15,1,7.4,1.1,3.3,0.32,0.3,1.4,0.238,0.2,0.5,0.429,0.1,0.7,0.7,0.3,0.1,0.1,0.3,0.3,2.7,regular
1629018,2019-20,00,1610612757,POR,21.0,61,8,21.8,3.2,7.2,0.444,1.8,4.4,0.418,0.6,0.7,0.822,0.4,1.2,1.6,1.0,0.8,0.3,0.3,1.5,8.9,regular
1629018,2020-21,00,1610612757,POR,22.0,41,23,30.8,5.3,12.8,0.414,3.0,7.4,0.397,1.4,1.8,0.773,0.5,1.7,2.2,1.4,0.9,0.1,0.8,1.5,15.0,regular
1629018,2020-21,00,1610612761,TOR,22.0,17,15,31.8,6.1,15.4,0.395,2.6,7.3,0.355,1.5,1.8,0.806,0.4,3.2,3.6,1.3,1.1,0.2,0.7,1.7,16.2,regular
1629018,2020-21,00,0,TOT,22.0,58,38,31.1,5.5,13.5,0.408,2.8,7.4,0.385,1.4,1.8,0.783,0.5,2.2,2.6,1.4,1.0,0.2,0.7,1.6,15.3,regular
1629018,2021-22,00,1610612761,TOR,23.0,70,69,35.0,6.4,15.5,0.414,3.0,7.8,0.383,2.5,2.9,0.853,0.4,2.4,2.7,2.0,1.7,0.3,1.0,2.1,18.3,regular
1629018,2022-23,00,1610612761,TOR,24.0,66,44,32.1,6.1,14.2,0.433,2.5,6.8,0.369,2.6,3.1,0.839,0.5,2.2,2.6,1.6,1.6,0.2,0.8,1.5,17.4,regular
1629018,2023-24,00,1610612761,TOR,25.0,71,41,28.1,5.1,11.9,0.426,2.5,6.4,0.393,1.0,1.4,0.771,0.4,2.3,2.6,1.7,1.1,0.1,0.7,1.4,13.7,regular
1629018,2024-25,00,1610612749,MIL,26.0,74,9,25.6,3.8,8.9,0.431,2.4,5.9,0.416,1.1,1.2,0.848,0.3,2.0,2.3,1.2,1.0,0.1,0.6,1.7,11.1,regular
1629018,2025-26,00,1610612749,MIL,27.0,65,21,21.2,2.8,7.3,0.387,1.9,5.3,0.36,0.6,0.8,0.769,0.1,0.9,1.0,1.2,0.5,0.0,0.6,1.3,8.1,regular
1629018,2019-20,00,1610612757,POR,21.0,5,1,30.6,3.2,9.0,0.356,2.0,4.8,0.417,1.2,1.4,0.857,1.0,1.0,2.0,0.6,0.8,0.0,1.0,3.2,9.6,playoffs
1629018,2021-22,00,1610612761,TOR,23.0,6,6,33.2,5.2,13.7,0.378,2.2,6.5,0.333,2.8,3.2,0.895,0.2,1.5,1.7,1.3,1.0,0.5,0.5,1.8,15.3,playoffs
1629018,2024-25,00,1610612749,MIL,26.0,5,3,34.2,6.4,12.4,0.516,4.4,8.8,0.5,1.6,2.0,0.8,0.2,2.0,2.2,1.2,2.6,0.0,0.6,1.8,18.8,playoffs
1631131,2023-24,00,1610612754,IND,24.0,8,0,5.3,1.3,2.5,0.5,0.0,0.0,0.0,0.8,1.0,0.75,1.0,1.0,2.0,0.3,0.3,0.1,0.0,0.4,3.3,regular
1631131,2024-25,00,1610612762,UTA,25.0,14,1,18.2,3.0,5.0,0.6,0.0,0.0,0.0,1.6,2.2,0.742,3.3,5.4,8.7,0.6,0.9,0.1,0.7,1.7,7.6,regular
1631131,2025-26,00,1610612762,UTA,26.0,27,6,16.6,3.4,5.4,0.634,0.0,0.0,0.0,1.0,1.8,0.551,2.9,3.8,6.6,1.2,0.6,0.2,0.8,1.4,7.8,regular
1626167,2015-16,00,1610612754,IND,20.0,60,30,22.8,4.4,8.8,0.498,0.1,0.2,0.214,1.5,2.0,0.727,1.1,4.4,5.5,0.7,0.4,1.4,1.1,2.6,10.3,regular
1626167,2016-17,00,1610612754,IND,21.0,81,81,31.4,5.5,10.7,0.511,0.5,1.4,0.348,3.0,3.7,0.809,1.7,5.6,7.3,1.3,0.9,2.1,1.3,3.2,14.5,regular
1626167,2017-18,00,1610612754,IND,22.0,65,62,28.2,4.7,9.8,0.479,0.9,2.4,0.357,2.5,3.2,0.777,1.4,5.0,6.4,1.3,0.6,1.8,1.5,2.9,12.7,regular
1626167,2018-19,00,1610612754,IND,23.0,74,74,28.6,5.1,10.5,0.487,1.0,2.6,0.388,2.0,2.7,0.736,1.4,5.8,7.2,1.6,0.8,2.7,1.4,2.6,13.3,regular
1626167,2019-20,00,1610612754,IND,24.0,62,62,29.5,4.3,9.5,0.457,1.4,4.0,0.344,2.0,2.7,0.751,1.4,5.2,6.6,1.2,0.7,2.1,1.4,2.7,12.1,regular
1626167,2020-21,00,1610612754,IND,25.0,47,47,31.0,4.4,9.2,0.477,1.5,4.4,0.335,2.4,3.0,0.782,1.3,5.2,6.5,1.0,0.9,3.4,1.4,3.5,12.6,regular
1626167,2021-22,00,1610612754,IND,26.0,42,42,29.4,4.8,9.4,0.509,1.5,4.4,0.333,1.9,2.5,0.752,1.5,5.5,7.1,1.0,0.7,2.8,1.3,2.8,12.9,regular
1626167,2022-23,00,1610612754,IND,27.0,62,62,29.4,6.5,11.8,0.548,1.5,4.0,0.373,3.5,4.5,0.783,1.4,6.1,7.5,1.4,0.6,2.3,1.7,3.5,18.0,regular
1626167,2023-24,00,1610612754,IND,28.0,77,77,27.0,6.2,11.8,0.524,1.5,4.2,0.358,3.2,4.1,0.773,1.5,5.5,6.9,1.3,0.5,1.9,1.4,3.0,17.1,regular
1626167,2024-25,00,1610612754,IND,29.0,72,72,30.2,5.4,11.3,0.481,2.2,5.5,0.396,2.6,3.3,0.773,1.3,5.3,6.5,1.5,0.8,2.0,1.7,2.5,15.6,regular
1626167,2025-26,00,1610612749,MIL,30.0,71,71,26.9,4.0,9.1,0.44,2.1,5.4,0.383,1.8,2.5,0.74,1.1,4.3,5.3,1.5,0.7,1.6,1.2,2.6,11.9,regular
1626167,2015-16,00,1610612754,IND,20.0,7,4,28.1,4.7,10.1,0.465,0.0,0.3,0.0,0.9,1.3,0.667,2.3,4.1,6.4,0.4,0.3,3.3,1.7,3.4,10.3,playoffs
1626167,2016-17,00,1610612754,IND,21.0,4,4,33.3,4.8,11.0,0.432,0.0,1.5,0.0,1.3,2.0,0.625,1.5,5.3,6.8,0.8,1.8,1.3,1.5,3.8,10.8,playoffs
1626167,2017-18,00,1610612754,IND,22.0,7,7,28.0,4.7,7.7,0.611,0.9,1.9,0.462,2.1,2.7,0.789,0.9,4.3,5.1,0.6,0.3,0.6,1.6,3.6,12.4,playoffs
1626167,2018-19,00,1610612754,IND,23.0,4,4,31.5,3.5,8.8,0.4,0.8,3.5,0.214,2.0,3.3,0.615,1.0,5.3,6.3,1.5,0.0,1.8,0.8,3.5,9.8,playoffs
1626167,2019-20,00,1610612754,IND,24.0,4,4,36.5,6.3,11.0,0.568,1.5,3.5,0.429,1.8,4.0,0.438,2.8,8.0,10.8,0.8,0.5,4.0,2.3,3.3,15.8,playoffs
1626167,2023-24,00,1610612754,IND,28.0,17,17,32.4,6.2,12.1,0.517,2.3,5.1,0.453,2.2,2.9,0.76,1.5,5.1,6.6,2.1,0.5,1.5,1.9,2.6,17.0,playoffs
1626167,2024-25,00,1610612754,IND,29.0,23,23,29.3,4.6,9.5,0.484,1.3,3.9,0.344,3.2,4.2,0.771,1.2,3.6,4.8,1.4,0.5,2.0,1.7,3.0,13.8,playoffs
1641816,2023-24,00,1610612743,DEN,24.0,18,0,2.7,0.4,1.1,0.4,0.2,0.8,0.286,0.0,0.0,0.0,0.1,0.4,0.5,0.1,0.1,0.0,0.1,0.6,1.1,regular
1641816,2024-25,00,1610612743,DEN,25.0,51,2,7.8,0.9,2.4,0.375,0.5,1.5,0.311,0.4,0.5,0.75,0.5,1.0,1.5,0.4,0.2,0.1,0.3,0.9,2.6,regular
1641816,2025-26,00,1610612743,DEN,25.0,21,2,7.7,0.7,2.5,0.269,0.3,1.6,0.212,0.5,0.6,0.846,0.2,1.5,1.7,0.8,0.1,0.0,0.2,0.6,2.2,regular
1641816,2023-24,00,1610612743,DEN,24.0,3,0,4.7,0.0,1.3,0.0,0.0,1.0,0.0,0.3,0.7,0.5,0.3,0.7,1.0,0.3,0.0,0.0,0.3,0.0,0.3,playoffs
1641816,2024-25,00,1610612743,DEN,25.0,5,0,6.0,1.0,2.0,0.5,0.2,1.0,0.2,0.8,0.8,1.0,0.8,0.8,1.6,0.4,0.2,0.0,0.2,0.6,3.0,playoffs
1642281,2024-25,00,1610612739,CLE,22.0,47,3,9.6,1.4,3.2,0.43,0.4,1.2,0.345,0.4,0.5,0.792,0.8,1.3,2.0,0.9,0.3,0.1,0.6,1.1,3.6,regular
1642281,2025-26,00,1610612739,CLE,23.0,66,42,26.9,5.0,10.2,0.493,2.0,4.5,0.446,1.2,1.6,0.738,1.8,3.3,5.1,2.2,0.8,0.4,1.5,2.5,13.2,regular
1642281,2024-25,00,1610612739,CLE,22.0,4,0,7.8,1.8,3.8,0.467,1.3,2.3,0.556,1.3,1.5,0.833,0.8,1.0,1.8,1.8,0.5,0.3,0.5,1.0,6.0,playoffs
1642281,2025-26,00,1610612739,CLE,23.0,17,0,12.7,1.5,4.1,0.362,0.5,2.2,0.237,0.6,0.9,0.667,0.8,2.0,2.8,1.3,0.2,0.1,0.6,1.5,4.1,playoffs
202685,2012-13,00,1610612761,TOR,21.0,62,57,23.9,3.3,5.9,0.557,0.0,0.0,0.0,2.4,3.0,0.789,2.0,4.0,6.0,0.7,0.3,1.3,1.5,3.0,8.9,regular
202685,2013-14,00,1610612761,TOR,22.0,81,81,28.2,4.4,8.3,0.531,0.0,0.0,0.0,2.4,3.2,0.762,2.8,6.0,8.8,0.7,0.3,0.9,1.7,3.1,11.3,regular
202685,2014-15,00,1610612761,TOR,23.0,80,80,26.2,4.7,8.2,0.572,0.0,0.0,0.0,2.7,3.5,0.786,2.7,6.0,8.7,0.5,0.4,1.2,1.4,2.8,12.0,regular
202685,2015-16,00,1610612761,TOR,24.0,60,59,26.0,5.1,8.9,0.565,0.0,0.0,0.0,2.7,3.6,0.761,3.1,6.1,9.1,0.7,0.4,1.3,1.4,2.6,12.8,regular
202685,2016-17,00,1610612761,TOR,25.0,80,80,25.8,4.9,8.8,0.557,0.0,0.0,0.5,2.2,2.7,0.811,2.8,6.7,9.5,0.7,0.5,0.8,1.3,2.7,12.0,regular
202685,2017-18,00,1610612761,TOR,26.0,77,77,22.4,5.1,8.9,0.568,0.4,1.0,0.405,2.2,2.7,0.806,2.4,6.2,8.6,1.1,0.4,0.9,1.5,2.5,12.7,regular
202685,2018-19,00,1610612761,TOR,27.0,30,10,18.8,5.0,8.6,0.575,0.3,1.0,0.3,2.6,3.1,0.819,1.8,5.4,7.2,1.0,0.4,0.8,1.3,2.7,12.8,regular
202685,2018-19,00,1610612763,MEM,27.0,19,17,27.7,8.0,14.7,0.545,0.3,0.9,0.278,3.7,4.8,0.769,2.7,7.9,10.7,2.2,0.3,1.6,2.7,3.4,19.9,regular
202685,2018-19,00,0,TOT,27.0,49,27,22.3,6.1,11.0,0.559,0.3,1.0,0.292,3.0,3.8,0.795,2.2,6.4,8.6,1.4,0.4,1.1,1.8,3.0,15.6,regular
202685,2019-20,00,1610612763,MEM,28.0,70,70,26.4,6.2,10.6,0.585,0.5,1.3,0.352,2.1,2.9,0.74,3.0,8.2,11.3,1.9,0.4,1.1,1.8,2.6,14.9,regular
202685,2020-21,00,1610612763,MEM,29.0,62,61,28.3,7.1,12.0,0.592,0.3,0.9,0.368,2.5,3.3,0.773,4.1,8.4,12.5,1.8,0.6,0.9,1.6,2.9,17.1,regular
202685,2021-22,00,1610612740,NOP,30.0,74,74,30.3,6.9,12.7,0.544,0.8,2.1,0.361,3.2,3.9,0.82,3.1,8.3,11.4,2.6,0.6,0.8,2.4,3.3,17.8,regular
202685,2022-23,00,1610612740,NOP,31.0,79,79,24.9,5.6,10.3,0.547,0.5,1.4,0.349,2.3,2.8,0.826,2.8,7.3,10.2,1.8,0.3,0.7,2.0,3.1,14.1,regular
202685,2023-24,00,1610612740,NOP,32.0,82,82,23.5,4.9,8.8,0.559,0.5,1.5,0.308,2.0,2.5,0.785,2.3,6.5,8.8,2.1,0.4,0.8,1.4,2.7,12.2,regular
202685,2024-25,00,1610612764,WAS,33.0,49,12,20.0,4.7,8.6,0.547,0.1,0.6,0.259,1.9,2.2,0.896,2.4,5.8,8.2,2.2,0.4,0.6,1.8,2.0,11.5,regular
202685,2024-25,00,1610612758,SAC,33.0,32,9,16.9,3.6,6.4,0.556,0.0,0.3,0.1,1.6,1.8,0.847,2.2,4.8,7.0,1.8,0.5,0.6,1.0,2.6,8.7,regular
202685,2024-25,00,0,TOT,33.0,81,21,18.8,4.3,7.7,0.55,0.1,0.5,0.216,1.8,2.0,0.879,2.3,5.4,7.7,2.0,0.5,0.6,1.5,2.2,10.4,regular
202685,2025-26,00,1610612743,DEN,33.0,65,6,13.4,3.5,6.0,0.582,0.1,0.4,0.308,1.6,2.1,0.772,1.6,3.4,5.1,1.2,0.2,0.6,1.1,2.0,8.7,regular
202685,2013-14,00,1610612761,TOR,22.0,7,7,28.6,4.4,7.0,0.633,0.0,0.0,0.0,2.0,3.1,0.636,2.7,7.0,9.7,0.3,0.0,1.0,2.7,3.1,10.9,playoffs
202685,2014-15,00,1610612761,TOR,23.0,4,4,26.5,4.8,9.5,0.5,0.0,0.0,0.0,1.8,2.0,0.875,2.3,7.0,9.3,0.5,0.5,0.3,1.0,1.8,11.3,playoffs
202685,2015-16,00,1610612761,TOR,24.0,12,10,26.8,5.7,10.0,0.567,0.0,0.0,0.0,2.4,3.3,0.744,4.0,6.8,10.8,0.9,0.8,1.2,1.5,2.7,13.8,playoffs
202685,2016-17,00,1610612761,TOR,25.0,10,6,22.6,4.4,8.1,0.543,0.0,0.1,0.0,2.4,3.3,0.727,0.9,5.8,6.7,0.2,0.2,0.6,1.3,2.2,11.2,playoffs
202685,2017-18,00,1610612761,TOR,26.0,10,9,24.4,5.8,10.7,0.542,0.2,0.5,0.4,2.8,3.4,0.824,3.0,7.5,10.5,1.2,0.4,1.5,1.9,2.2,14.6,playoffs
202685,2020-21,00,1610612763,MEM,29.0,5,5,33.2,6.6,11.6,0.569,0.4,1.6,0.25,1.4,1.6,0.875,4.0,5.8,9.8,2.6,0.6,0.6,2.0,3.6,15.0,playoffs
202685,2021-22,00,1610612740,NOP,30.0,6,6,29.2,5.5,11.3,0.485,0.2,1.0,0.167,3.3,4.3,0.769,5.5,8.8,14.3,3.0,0.7,0.2,2.0,2.8,14.5,playoffs
202685,2023-24,00,1610612740,NOP,32.0,4,4,22.3,5.5,10.5,0.524,0.0,0.3,0.0,3.5,4.3,0.824,4.5,6.5,11.0,1.3,0.5,0.0,2.5,2.3,14.5,playoffs
202685,2025-26,00,1610612743,DEN,33.0,4,0,6.3,1.3,1.8,0.714,0.0,0.0,0.0,0.3,0.5,0.5,0.8,1.5,2.3,0.3,0.0,0.3,1.3,2.8,2.8,playoffs
1627832,2016-17,00,1610612761,TOR,23.0,37,0,7.9,1.1,3.0,0.351,0.3,0.8,0.379,0.5,0.6,0.818,0.1,1.0,1.1,0.9,0.4,0.1,0.4,1.0,2.9,regular
1627832,2017-18,00,1610612761,TOR,24.0,76,0,20.0,3.1,7.2,0.426,1.4,3.4,0.414,1.1,1.3,0.832,0.3,2.1,2.4,3.2,0.9,0.3,1.0,1.7,8.6,regular
1627832,2018-19,00,1610612761,TOR,25.0,64,28,27.5,3.8,9.4,0.41,1.8,4.6,0.378,1.5,1.8,0.843,0.3,2.3,2.6,4.8,0.9,0.3,1.3,1.7,11.0,regular
1627832,2019-20,00,1610612761,TOR,26.0,54,54,35.7,5.9,14.3,0.413,2.7,6.9,0.39,3.1,3.7,0.848,0.3,3.4,3.8,6.6,1.9,0.3,2.2,2.4,17.6,regular
1627832,2020-21,00,1610612761,TOR,27.0,52,52,36.5,6.5,16.7,0.389,3.3,9.2,0.366,3.3,3.7,0.885,0.6,3.6,4.2,6.3,1.7,0.7,1.8,2.3,19.6,regular
1627832,2021-22,00,1610612761,TOR,28.0,65,65,37.9,6.8,16.9,0.403,3.7,9.9,0.377,3.0,3.4,0.874,0.7,3.8,4.4,6.7,1.7,0.5,2.6,2.5,20.3,regular
1627832,2022-23,00,1610612761,TOR,29.0,69,69,36.7,6.3,16.1,0.393,3.0,8.8,0.342,3.7,4.1,0.898,0.4,3.6,4.1,7.2,1.8,0.6,2.0,2.8,19.3,regular
1627832,2023-24,00,1610612745,HOU,30.0,73,73,36.8,5.8,13.9,0.416,3.1,8.0,0.387,2.7,3.1,0.86,0.5,3.4,3.8,8.1,1.4,0.8,1.7,2.5,17.4,regular
1627832,2024-25,00,1610612745,HOU,31.0,60,60,35.2,4.8,12.7,0.378,2.7,7.7,0.345,1.9,2.3,0.81,0.5,3.2,3.7,5.6,1.6,0.4,1.5,2.3,14.1,regular
1627832,2016-17,00,1610612761,TOR,23.0,7,0,4.1,0.9,1.3,0.667,0.3,0.7,0.4,0.0,0.0,0.0,0.0,0.1,0.1,0.6,0.1,0.0,0.1,0.4,2.0,playoffs
1627832,2017-18,00,1610612761,TOR,24.0,6,1,19.0,2.2,6.5,0.333,1.3,4.7,0.286,1.2,1.3,0.875,0.0,1.7,1.7,2.2,0.0,0.0,0.7,1.3,6.8,playoffs
1627832,2018-19,00,1610612761,TOR,25.0,24,0,24.7,2.7,6.9,0.392,1.6,4.1,0.388,1.0,1.3,0.774,0.3,1.4,1.7,2.6,0.8,0.3,0.9,2.0,8.0,playoffs
1627832,2019-20,00,1610612761,TOR,26.0,11,11,39.1,6.9,17.3,0.4,3.9,10.0,0.391,1.9,2.3,0.84,0.5,3.9,4.4,6.9,1.6,0.6,2.0,2.5,19.6,playoffs
1627832,2021-22,00,1610612761,TOR,28.0,4,4,35.0,4.8,13.5,0.352,3.0,9.0,0.333,1.3,1.5,0.833,0.5,2.5,3.0,6.3,1.8,1.0,1.0,3.0,13.8,playoffs
1627832,2024-25,00,1610612745,HOU,31.0,7,7,40.0,5.7,13.3,0.43,3.9,8.9,0.435,3.4,3.4,1.0,0.4,3.7,4.1,4.4,1.0,0.3,1.9,2.3,18.7,playoffs
1629020,2018-19,00,1610612743,DEN,20.0,17,0,4.1,0.5,1.1,0.474,0.0,0.1,0.0,0.4,0.6,0.6,0.4,0.9,1.4,0.2,0.4,0.1,0.5,0.5,1.4,regular
1629020,2019-20,00,1610612743,DEN,21.0,9,0,4.6,0.6,0.8,0.714,0.0,0.0,0.0,0.0,0.0,0.0,0.3,0.6,0.9,0.2,0.3,0.1,0.8,0.7,1.1,regular
1629020,2019-20,00,1610612750,MIN,21.0,2,0,2.5,0.0,0.5,0.0,0.0,0.5,0.0,1.0,1.0,1.0,0.0,0.5,0.5,0.0,0.0,0.0,0.0,0.0,1.0,regular
1629020,2019-20,00,0,TOT,21.0,11,0,4.3,0.5,0.7,0.625,0.0,0.1,0.0,0.2,0.2,1.0,0.3,0.5,0.8,0.2,0.3,0.1,0.6,0.5,1.1,regular
1629020,2020-21,00,1610612750,MIN,22.0,64,30,17.8,2.2,3.7,0.606,0.0,0.1,0.2,0.9,1.6,0.559,1.8,3.9,5.8,1.2,1.0,0.7,0.8,1.9,5.4,regular
1629020,2021-22,00,1610612750,MIN,23.0,74,67,25.4,2.9,4.9,0.587,0.0,0.2,0.143,1.2,1.8,0.656,2.9,5.5,8.4,1.3,1.3,0.6,1.0,2.4,6.9,regular
1629020,2022-23,00,1610612762,UTA,24.0,52,41,24.1,3.3,6.0,0.556,0.4,1.1,0.333,1.3,2.0,0.657,2.3,5.5,7.9,2.7,1.0,0.3,1.3,2.6,8.3,regular
1629020,2022-23,00,1610612747,LAL,24.0,26,24,24.0,2.8,5.4,0.529,0.4,1.3,0.303,1.1,1.4,0.784,1.9,4.8,6.7,1.6,1.2,0.2,1.1,2.2,7.2,regular
1629020,2022-23,00,0,TOT,24.0,78,65,24.1,3.2,5.8,0.548,0.4,1.2,0.322,1.2,1.8,0.691,2.2,5.3,7.5,2.4,1.1,0.3,1.2,2.4,7.9,regular
1629020,2023-24,00,1610612747,LAL,25.0,29,6,20.0,2.0,3.9,0.518,0.3,0.9,0.296,0.8,1.2,0.667,1.4,3.3,4.8,1.2,1.2,0.2,1.0,1.5,5.2,regular
1629020,2024-25,00,1610612747,LAL,26.0,36,2,16.1,1.6,3.4,0.488,0.3,0.9,0.281,0.6,1.0,0.556,1.9,3.2,5.1,1.1,1.0,0.3,0.8,1.9,4.1,regular
1629020,2025-26,00,1610612747,LAL,27.0,65,3,17.4,1.7,3.7,0.471,0.4,1.5,0.293,0.5,0.9,0.589,1.2,3.3,4.5,1.3,0.8,0.3,0.9,1.6,4.4,regular
1629020,2018-19,00,1610612743,DEN,20.0,3,0,1.7,0.0,0.0,0.0,0.0,0.0,0.0,0.0,0.0,0.0,0.0,0.3,0.3,0.0,0.0,0.3,0.0,0.0,0.0,playoffs
1629020,2021-22,00,1610612750,MIN,23.0,6,6,21.5,2.2,4.5,0.481,0.0,0.0,0.0,1.2,1.7,0.7,2.0,5.2,7.2,0.7,1.2,0.3,0.8,2.7,5.5,playoffs
1629020,2022-23,00,1610612747,LAL,24.0,15,13,16.5,1.6,4.0,0.4,0.5,1.9,0.241,0.9,1.3,0.7,1.3,1.9,3.2,0.8,0.7,0.8,0.9,2.1,4.6,playoffs
1629020,2024-25,00,1610612747,LAL,26.0,5,0,12.0,0.4,1.2,0.333,0.0,0.2,0.0,0.6,0.8,0.75,0.8,3.0,3.8,1.0,0.6,0.2,0.6,1.8,1.4,playoffs
1629020,2025-26,00,1610612747,LAL,27.0,7,0,10.7,1.3,3.1,0.409,0.1,1.3,0.111,0.1,0.4,0.333,0.7,2.7,3.4,0.3,0.3,0.0,0.1,1.7,2.9,playoffs
1630170,2020-21,00,1610612759,SAS,20.0,62,7,17.0,2.0,4.9,0.406,0.8,2.4,0.347,0.7,0.8,0.843,0.4,2.4,2.8,0.9,0.7,0.3,0.4,1.4,5.5,regular
1630170,2021-22,00,1610612759,SAS,21.0,71,32,27.3,4.6,10.8,0.427,1.9,5.4,0.361,1.2,1.4,0.838,0.6,3.7,4.3,1.9,1.1,0.6,0.8,2.0,12.3,regular
1630170,2022-23,00,1610612759,SAS,22.0,38,32,31.0,6.9,15.7,0.439,2.7,7.0,0.387,2.1,2.6,0.78,0.2,3.7,3.9,3.6,1.1,0.4,1.5,1.5,18.5,regular
1630170,2023-24,00,1610612759,SAS,23.0,68,62,33.1,7.3,15.5,0.472,2.4,6.6,0.372,2.4,3.0,0.801,0.4,3.4,3.8,4.1,1.1,0.3,1.6,1.1,19.5,regular
1630170,2024-25,00,1610612759,SAS,24.0,64,53,31.0,6.2,13.9,0.443,2.5,6.7,0.368,1.5,1.9,0.792,0.5,3.5,4.0,2.9,1.3,0.5,1.4,1.7,16.3,regular
1630170,2025-26,00,1610612759,SAS,25.0,67,65,30.5,4.9,11.3,0.437,2.5,6.4,0.384,1.6,1.9,0.815,0.6,3.4,4.0,2.5,0.9,0.4,0.9,1.6,13.9,regular
1630170,2025-26,00,1610612759,SAS,25.0,19,19,33.9,4.6,11.2,0.408,2.3,6.5,0.347,1.4,1.7,0.813,0.9,4.2,5.1,2.7,1.4,0.8,1.1,2.0,12.8,playoffs
1629216,2019-20,00,1610612748,MIA,24.0,9,0,9.2,0.9,4.1,0.216,0.7,3.0,0.222,0.0,0.0,0.0,0.0,0.6,0.6,0.7,0.6,0.0,0.1,0.7,2.4,regular
1629216,2020-21,00,1610612748,MIA,25.0,50,7,13.1,1.8,4.7,0.378,0.9,3.0,0.309,0.4,0.5,0.87,0.2,0.9,1.1,1.3,0.4,0.0,0.7,1.6,4.8,regular
1629216,2021-22,00,1610612748,MIA,26.0,68,27,23.4,3.1,7.5,0.417,1.8,4.8,0.368,0.6,0.8,0.815,0.3,1.5,1.9,3.1,0.9,0.2,1.4,2.3,8.7,regular
1629216,2022-23,00,1610612748,MIA,27.0,68,34,25.9,3.4,8.3,0.402,1.7,5.1,0.334,1.0,1.1,0.872,0.4,1.7,2.1,2.5,0.9,0.1,1.4,2.3,9.4,regular
1629216,2023-24,00,1610612747,LAL,28.0,11,0,19.8,1.4,4.5,0.306,0.3,2.5,0.107,0.1,0.2,0.5,0.4,0.5,0.8,1.9,0.8,0.0,0.5,1.7,3.1,regular
1629216,2024-25,00,1610612747,LAL,29.0,72,11,21.2,2.3,5.8,0.4,1.5,4.3,0.353,0.2,0.3,0.714,0.3,1.0,1.3,1.4,0.7,0.2,0.6,2.1,6.4,regular
1629216,2025-26,00,1610612747,LAL,29.0,29,7,19.3,1.6,4.5,0.346,1.3,3.6,0.369,0.3,0.4,0.909,0.2,0.7,0.9,1.3,0.5,0.0,0.4,1.8,4.8,regular
1629216,2025-26,00,1610612737,ATL,29.0,24,0,13.3,1.3,3.6,0.36,0.9,2.9,0.3,0.4,0.5,0.833,0.4,0.7,1.1,1.6,0.5,0.1,0.6,1.1,3.9,regular
1629216,2025-26,00,0,TOT,29.0,53,7,16.6,1.4,4.1,0.352,1.1,3.3,0.341,0.4,0.4,0.87,0.3,0.7,1.0,1.4,0.5,0.1,0.5,1.5,4.4,regular
1629216,2019-20,00,1610612748,MIA,24.0,1,0,0.0,0.0,0.0,0.0,0.0,0.0,0.0,0.0,0.0,0.0,0.0,0.0,0.0,0.0,0.0,0.0,0.0,0.0,0.0,playoffs
1629216,2020-21,00,1610612748,MIA,25.0,3,0,4.7,0.7,1.0,0.667,0.3,0.7,0.5,0.0,0.0,0.0,0.0,0.3,0.3,0.7,0.0,0.0,0.3,0.0,1.7,playoffs
1629216,2021-22,00,1610612748,MIA,26.0,18,8,23.5,2.8,7.3,0.382,1.4,4.5,0.309,1.1,1.1,0.95,0.2,1.8,1.9,3.2,0.8,0.3,1.4,2.3,8.0,playoffs
1629216,2022-23,00,1610612748,MIA,27.0,22,22,30.5,4.5,11.2,0.402,2.3,6.1,0.378,1.4,1.5,0.882,0.4,1.0,1.4,3.5,0.9,0.2,1.4,3.0,12.7,playoffs
1629216,2023-24,00,1610612747,LAL,28.0,5,0,13.8,0.6,2.4,0.25,0.2,1.4,0.143,0.0,0.0,0.0,0.2,1.4,1.6,0.6,0.4,0.0,0.6,1.6,1.4,playoffs
1629216,2024-25,00,1610612747,LAL,29.0,5,0,19.8,1.0,2.8,0.357,0.8,2.6,0.308,0.0,0.0,0.0,0.0,1.0,1.0,1.0,0.2,0.4,0.2,1.6,2.8,playoffs
1629216,2025-26,00,1610612737,ATL,29.0,6,0,15.5,1.3,3.7,0.364,1.0,3.0,0.333,0.7,0.8,0.8,0.5,0.0,0.5,1.2,0.3,0.2,0.5,1.7,4.3,playoffs
1641774,2023-24,00,1610612764,WAS,21.0,10,4,15.3,2.9,6.7,0.433,1.0,3.6,0.278,1.7,2.2,0.773,0.6,3.0,3.6,1.3,0.5,0.7,1.0,2.8,8.5,regular
1641774,2024-25,00,1610612764,WAS,22.0,35,1,14.7,3.4,6.9,0.496,1.1,2.9,0.373,1.5,1.9,0.776,0.7,3.0,3.7,1.1,0.3,0.7,1.2,1.6,9.4,regular
1641774,2025-26,00,1610612764,WAS,23.0,49,12,13.7,3.1,6.5,0.479,1.0,2.9,0.347,1.8,2.3,0.784,0.7,2.3,3.0,1.1,0.5,0.7,1.3,1.7,9.0,regular
202696,2011-12,00,1610612755,PHI,21.0,51,15,15.9,2.6,5.7,0.45,0.1,0.2,0.375,0.4,0.7,0.529,1.7,3.1,4.8,0.6,0.4,0.7,0.6,2.2,5.5,regular
202696,2012-13,00,1610612753,ORL,22.0,77,77,33.2,6.0,11.5,0.519,0.0,0.0,0.0,1.1,1.6,0.683,3.5,8.4,11.9,1.9,0.8,1.0,1.8,2.8,13.1,regular
202696,2013-14,00,1610612753,ORL,23.0,57,57,31.8,6.2,12.2,0.507,0.0,0.0,0.0,1.8,2.4,0.766,3.2,7.7,11.0,1.8,1.1,0.8,2.0,3.0,14.2,regular
202696,2014-15,00,1610612753,ORL,24.0,74,74,34.2,8.5,16.3,0.523,0.0,0.1,0.333,2.2,2.9,0.752,3.2,7.7,10.9,2.0,0.7,0.7,2.0,3.0,19.3,regular
202696,2015-16,00,1610612753,ORL,25.0,65,60,31.3,8.2,16.1,0.51,0.0,0.1,0.222,1.7,2.3,0.753,2.7,6.2,8.9,2.8,0.8,1.1,1.9,2.7,18.2,regular
202696,2016-17,00,1610612753,ORL,26.0,75,55,28.8,6.4,13.7,0.468,0.3,1.0,0.307,1.4,2.1,0.669,2.3,8.0,10.4,2.8,1.0,1.0,1.6,2.4,14.6,regular
202696,2017-18,00,1610612753,ORL,27.0,57,57,29.5,7.0,14.7,0.475,1.1,3.6,0.314,1.4,1.6,0.819,1.8,7.4,9.2,3.4,1.0,1.1,1.9,2.5,16.5,regular
202696,2018-19,00,1610612753,ORL,28.0,80,80,31.4,8.8,16.9,0.518,1.1,2.9,0.364,2.2,2.8,0.789,2.8,9.2,12.0,3.8,1.0,1.1,2.0,2.0,20.8,regular
202696,2019-20,00,1610612753,ORL,29.0,62,62,32.2,8.0,16.7,0.477,1.6,4.7,0.339,2.1,2.7,0.784,2.3,8.6,10.9,3.6,0.9,0.8,1.4,2.2,19.6,regular
202696,2020-21,00,1610612753,ORL,30.0,44,44,34.1,9.9,20.6,0.48,2.7,6.5,0.406,2.1,2.5,0.827,2.0,9.8,11.8,3.8,1.0,0.6,1.9,1.8,24.5,regular
202696,2020-21,00,1610612741,CHI,30.0,26,26,32.6,8.8,18.8,0.471,2.3,5.8,0.388,1.5,1.8,0.87,2.3,9.3,11.5,3.9,0.9,0.8,1.7,2.2,21.5,regular
202696,2020-21,00,0,TOT,30.0,70,70,33.5,9.5,19.9,0.477,2.5,6.3,0.4,1.9,2.2,0.84,2.1,9.6,11.7,3.8,0.9,0.7,1.8,2.0,23.4,regular
202696,2021-22,00,1610612741,CHI,31.0,73,73,33.1,7.5,15.8,0.473,1.4,4.5,0.314,1.3,1.7,0.76,1.9,9.1,11.0,3.2,1.0,1.0,1.9,2.5,17.6,regular
202696,2022-23,00,1610612741,CHI,32.0,82,82,33.5,7.3,14.0,0.52,1.5,4.2,0.349,1.6,1.9,0.835,1.9,9.1,11.0,3.2,0.7,0.7,1.7,2.2,17.6,regular
202696,2023-24,00,1610612741,CHI,33.0,76,74,34.3,7.7,15.9,0.484,1.2,4.1,0.294,1.4,1.7,0.822,2.8,7.8,10.5,3.3,0.7,0.8,1.6,2.5,18.0,regular
202696,2024-25,00,1610612741,CHI,34.0,73,72,31.2,7.5,14.2,0.53,1.8,4.4,0.402,1.6,2.0,0.805,2.4,7.6,10.1,3.5,0.8,0.7,1.6,2.2,18.5,regular
202696,2025-26,00,1610612741,CHI,35.0,48,48,30.8,6.9,13.8,0.505,1.7,4.5,0.376,1.3,1.5,0.838,2.1,6.9,9.0,3.8,0.7,0.6,1.4,2.0,16.9,regular
202696,2025-26,00,1610612738,BOS,35.0,16,1,21.1,3.8,8.7,0.439,1.1,3.3,0.34,0.9,1.2,0.789,1.6,5.1,6.6,2.0,0.4,0.6,1.0,1.9,9.7,regular
202696,2025-26,00,0,TOT,35.0,64,49,28.4,6.2,12.5,0.493,1.6,4.2,0.369,1.2,1.5,0.828,2.0,6.4,8.4,3.3,0.6,0.6,1.3,2.0,15.1,regular
202696,2011-12,00,1610612755,PHI,21.0,1,0,3.0,0.0,1.0,0.0,0.0,0.0,0.0,1.0,2.0,0.5,0.0,1.0,1.0,0.0,0.0,0.0,0.0,0.0,1.0,playoffs
202696,2018-19,00,1610612753,ORL,28.0,5,5,29.4,4.2,11.6,0.362,0.6,2.6,0.231,2.2,2.8,0.786,1.8,6.2,8.0,3.0,0.4,1.0,2.6,2.4,11.2,playoffs
202696,2019-20,00,1610612753,ORL,29.0,5,5,37.0,11.2,22.2,0.505,3.6,8.8,0.409,2.0,2.2,0.909,1.8,9.2,11.0,4.0,0.8,0.6,2.6,2.6,28.0,playoffs
202696,2021-22,00,1610612741,CHI,31.0,5,5,36.2,8.0,18.2,0.44,2.6,8.4,0.31,0.8,1.0,0.8,2.8,9.6,12.4,3.2,0.4,1.2,1.6,2.8,19.4,playoffs
202696,2025-26,00,1610612738,BOS,35.0,6,0,19.0,2.3,6.2,0.378,1.2,4.0,0.292,0.3,0.7,0.5,0.8,3.5,4.3,2.3,0.2,0.5,1.3,2.5,6.2,playoffs
1629731,2019-20,00,1610612739,CLE,23.0,12,0,5.9,0.8,1.1,0.692,0.2,0.3,0.5,0.0,0.1,0.0,0.3,1.3,1.6,0.2,0.2,0.3,0.3,0.7,1.7,regular
1629731,2020-21,00,1610612739,CLE,24.0,63,19,19.2,2.1,4.9,0.431,1.2,3.4,0.366,0.5,0.6,0.769,0.6,2.8,3.4,1.2,0.6,0.3,0.5,1.2,6.0,regular
1629731,2021-22,00,1610612739,CLE,25.0,51,28,19.2,1.9,4.3,0.456,1.0,2.8,0.359,0.4,0.6,0.667,0.6,2.3,2.9,1.0,0.6,0.1,0.3,1.7,5.3,regular
1629731,2022-23,00,1610612739,CLE,26.0,44,13,20.3,1.7,4.0,0.412,1.0,2.9,0.354,0.3,0.5,0.652,0.5,3.0,3.4,0.8,0.6,0.5,0.4,2.0,4.7,regular
1629731,2023-24,00,1610612739,CLE,27.0,54,32,20.5,1.8,4.3,0.414,1.5,3.7,0.391,0.4,0.5,0.769,0.7,3.4,4.0,0.8,0.7,0.5,0.4,1.7,5.4,regular
1629731,2024-25,00,1610612739,CLE,28.0,59,30,21.2,1.9,4.6,0.413,1.4,3.8,0.36,0.3,0.5,0.533,0.9,3.4,4.2,1.3,0.7,0.3,0.4,1.7,5.4,regular
1629731,2025-26,00,1610612739,CLE,29.0,59,38,22.3,2.1,4.7,0.439,1.2,3.3,0.362,0.5,0.6,0.711,0.9,3.3,4.2,1.5,0.7,0.4,0.3,1.5,5.8,regular
1629731,2022-23,00,1610612739,CLE,26.0,2,0,5.5,0.0,0.5,0.0,0.0,0.5,0.0,1.0,1.0,1.0,0.0,1.5,1.5,0.0,0.0,0.0,0.0,0.0,1.0,playoffs
1629731,2023-24,00,1610612739,CLE,27.0,3,1,21.0,1.3,4.3,0.308,1.0,3.3,0.3,0.0,0.0,0.0,0.3,1.7,2.0,1.7,0.3,0.7,0.7,1.3,3.7,playoffs
1629731,2024-25,00,1610612739,CLE,28.0,9,1,15.8,0.7,2.0,0.333,0.3,1.6,0.214,0.0,0.0,0.0,1.1,3.1,4.2,0.7,0.3,0.1,0.3,1.1,1.7,playoffs
1629731,2025-26,00,1610612739,CLE,29.0,18,14,22.6,1.7,3.6,0.462,1.0,2.7,0.375,0.1,0.2,0.333,1.3,2.6,3.9,0.8,0.7,0.1,0.6,1.2,4.4,playoffs
1630532,2021-22,00,1610612753,ORL,20.0,79,79,30.7,5.8,12.3,0.468,1.2,3.4,0.354,2.4,2.8,0.863,1.1,3.4,4.5,2.9,0.9,0.4,1.5,2.1,15.2,regular
1630532,2022-23,00,1610612753,ORL,21.0,80,80,32.6,6.8,14.0,0.485,1.6,4.5,0.361,3.4,4.0,0.842,0.9,3.2,4.1,3.5,1.0,0.2,2.1,2.3,18.6,regular
1630532,2023-24,00,1610612753,ORL,22.0,72,72,32.5,7.3,15.2,0.482,1.3,4.6,0.281,3.8,4.4,0.85,1.0,4.3,5.3,3.7,1.1,0.4,1.9,2.3,19.7,regular
1630532,2024-25,00,1610612753,ORL,23.0,60,60,33.7,9.0,19.4,0.463,1.7,5.9,0.295,4.5,5.2,0.871,0.9,4.8,5.7,4.7,1.3,0.4,2.3,2.5,24.2,regular
1630532,2025-26,00,1610612753,ORL,24.0,34,32,30.0,7.2,14.9,0.481,1.4,4.1,0.345,4.8,5.8,0.823,1.3,3.9,5.2,3.3,0.9,0.3,1.7,2.1,20.6,regular
1630532,2023-24,00,1610612753,ORL,22.0,7,7,37.0,6.0,14.7,0.408,1.3,4.9,0.265,5.6,6.3,0.886,1.4,5.4,6.9,4.4,0.7,1.3,1.3,2.9,18.9,playoffs
1630532,2024-25,00,1610612753,ORL,23.0,5,5,39.0,10.2,23.0,0.443,1.4,7.4,0.189,4.0,5.2,0.769,0.6,4.2,4.8,5.6,1.2,0.4,2.0,3.2,25.8,playoffs
1630532,2025-26,00,1610612753,ORL,24.0,4,4,30.5,6.3,14.3,0.439,0.8,2.3,0.333,3.5,3.8,0.933,1.0,4.5,5.5,3.5,2.8,0.3,1.5,2.0,16.8,playoffs
1629021,2018-19,00,1610612747,LAL,22.0,43,5,10.4,1.7,4.0,0.415,0.5,1.8,0.286,1.0,1.2,0.811,0.4,1.6,2.0,0.6,0.3,0.3,0.9,1.3,4.8,regular
1629021,2019-20,00,1610612764,WAS,23.0,45,5,18.6,3.2,5.9,0.545,0.6,1.8,0.313,1.7,2.1,0.821,1.2,3.6,4.9,1.2,0.6,0.4,1.5,3.4,8.7,regular
1629021,2020-21,00,1610612764,WAS,24.0,25,13,15.0,2.5,4.9,0.508,0.5,1.7,0.31,1.6,2.1,0.788,0.5,2.4,2.9,1.3,0.9,0.3,0.8,2.5,7.1,regular
1629021,2020-21,00,1610612738,BOS,24.0,9,1,6.8,0.4,1.6,0.286,0.2,0.7,0.333,0.1,0.2,0.5,0.3,1.8,2.1,0.7,0.0,0.1,1.0,1.1,1.2,regular
1629021,2020-21,00,1610612753,ORL,24.0,11,10,26.0,3.5,8.5,0.409,1.5,3.9,0.372,2.6,3.0,0.879,1.0,3.9,4.9,1.1,0.4,0.8,1.2,3.3,11.0,regular
1629021,2020-21,00,0,TOT,24.0,45,24,16.0,2.3,5.1,0.454,0.7,2.0,0.341,1.6,1.9,0.816,0.6,2.6,3.2,1.1,0.6,0.4,1.0,2.4,6.9,regular
1629021,2021-22,00,1610612753,ORL,25.0,63,3,15.2,3.1,6.3,0.497,1.0,3.2,0.328,1.7,2.0,0.806,0.7,3.0,3.7,1.4,0.3,0.2,0.9,2.0,9.0,regular
1629021,2022-23,00,1610612753,ORL,26.0,57,18,19.5,3.5,6.9,0.5,0.9,2.9,0.313,2.7,3.2,0.841,1.2,3.3,4.5,1.5,0.6,0.2,1.2,2.4,10.5,regular
1629021,2023-24,00,1610612753,ORL,27.0,80,1,17.7,4.2,6.9,0.601,0.5,1.4,0.33,2.1,2.6,0.814,1.5,2.9,4.3,1.2,0.5,0.3,1.2,2.0,10.9,regular
1629021,2024-25,00,1610612753,ORL,28.0,30,1,18.8,4.7,8.3,0.562,0.9,2.5,0.36,2.6,3.7,0.718,1.3,3.6,4.9,1.4,0.8,0.4,1.6,1.8,12.9,regular
1629021,2025-26,00,1610612753,ORL,29.0,36,0,11.9,2.3,5.4,0.426,0.6,1.9,0.314,1.6,2.0,0.819,0.8,2.4,3.2,0.8,0.4,0.1,0.5,1.6,6.9,regular
1629021,2023-24,00,1610612753,ORL,27.0,7,0,15.0,2.3,5.1,0.444,0.3,1.3,0.222,1.4,2.4,0.588,1.6,2.9,4.4,0.3,0.9,0.4,1.1,3.0,6.3,playoffs
1629021,2025-26,00,1610612753,ORL,29.0,2,0,6.5,0.5,2.0,0.25,0.5,0.5,1.0,1.0,1.0,1.0,0.5,1.0,1.5,0.0,0.0,0.0,0.5,1.5,2.5,playoffs
1631133,2022-23,00,1610612757,POR,20.0,56,0,11.1,1.5,3.5,0.419,0.3,1.0,0.286,0.6,0.8,0.756,0.9,1.5,2.3,0.6,0.2,0.2,0.5,1.2,3.9,regular
1631133,2023-24,00,1610612757,POR,21.0,72,23,23.6,3.3,7.1,0.46,0.6,1.9,0.295,1.8,2.4,0.754,2.1,5.0,7.1,1.0,0.6,0.3,0.9,2.4,8.9,regular
1631133,2024-25,00,1610612757,POR,22.0,60,1,12.5,2.0,3.8,0.515,0.5,1.2,0.389,0.8,1.2,0.69,1.0,2.5,3.5,0.6,0.6,0.1,0.6,1.5,5.2,regular
1631133,2025-26,00,1610612755,PHI,23.0,64,6,11.9,1.5,3.3,0.455,0.5,1.5,0.337,0.8,1.1,0.735,1.1,1.9,3.0,0.5,0.4,0.2,0.4,1.6,4.3,regular
1631133,2025-26,00,1610612755,PHI,23.0,6,0,4.8,0.2,1.7,0.1,0.0,0.8,0.0,0.3,0.3,1.0,0.3,0.7,1.0,0.0,0.0,0.0,0.2,0.5,0.7,playoffs
1641716,2023-24,00,1610612754,IND,20.0,33,0,10.3,1.4,3.3,0.409,0.7,1.7,0.4,0.2,0.3,0.889,0.4,1.5,1.9,1.2,0.5,0.3,0.5,0.9,3.6,regular
1641716,2024-25,00,1610612754,IND,21.0,75,5,15.8,2.3,4.8,0.472,1.0,2.5,0.405,0.6,0.9,0.667,0.3,2.7,3.1,1.5,0.7,0.3,1.0,1.5,6.1,regular
1641716,2025-26,00,1610612754,IND,22.0,76,41,25.7,4.0,9.6,0.419,1.8,4.7,0.374,1.8,2.4,0.749,0.6,4.5,5.1,2.5,0.8,0.3,1.8,1.6,11.6,regular
1641716,2023-24,00,1610612754,IND,20.0,9,0,3.4,0.3,1.1,0.3,0.0,0.3,0.0,0.2,0.3,0.667,0.1,0.3,0.4,0.4,0.2,0.1,0.7,0.2,0.9,playoffs
1641716,2024-25,00,1610612754,IND,21.0,12,0,9.8,1.1,2.8,0.382,0.7,1.7,0.4,0.2,0.3,0.5,0.2,1.6,1.8,0.7,0.2,0.2,0.6,0.8,3.0,playoffs
1641717,2023-24,00,1610612760,OKC,20.0,82,13,20.6,2.6,5.4,0.491,1.2,2.9,0.419,0.4,0.5,0.784,0.6,1.6,2.3,1.5,0.9,0.5,0.5,1.6,6.8,regular
1641717,2024-25,00,1610612760,OKC,21.0,68,43,27.6,3.4,7.2,0.474,1.1,3.1,0.356,0.4,0.5,0.811,1.0,2.3,3.4,2.5,1.8,0.5,0.9,2.1,8.4,regular
1641717,2025-26,00,1610612760,OKC,22.0,77,58,26.6,3.3,7.6,0.432,1.3,3.7,0.351,0.7,0.9,0.809,0.8,2.3,3.1,2.6,1.9,0.4,0.9,2.0,8.6,regular
1641717,2023-24,00,1610612760,OKC,20.0,10,0,19.8,1.6,4.1,0.39,0.9,2.8,0.321,0.1,0.2,0.5,0.7,0.6,1.3,1.0,0.9,0.2,0.4,1.4,4.2,playoffs
1641717,2024-25,00,1610612760,OKC,21.0,23,3,22.4,2.2,5.2,0.429,0.9,2.7,0.323,0.3,0.4,0.667,1.0,1.7,2.7,2.1,1.4,0.4,0.7,2.2,5.6,playoffs
1641717,2025-26,00,1610612760,OKC,22.0,15,2,24.9,3.1,6.4,0.479,2.0,4.1,0.484,0.5,0.5,0.875,1.3,2.5,3.8,2.4,2.1,0.5,0.7,2.0,8.6,playoffs
1630811,2024-25,00,1610612737,ATL,26.0,31,5,16.2,2.1,5.2,0.401,0.9,2.6,0.329,0.4,0.4,1.0,0.2,1.4,1.6,2.6,0.9,0.3,1.1,1.3,5.4,regular
1630811,2025-26,00,1610612737,ATL,27.0,53,3,10.1,1.3,3.2,0.398,0.7,1.9,0.373,0.2,0.3,0.667,0.1,1.0,1.1,1.8,0.5,0.1,0.5,0.9,3.5,regular
1630811,2025-26,00,1610612737,ATL,27.0,3,0,5.0,0.7,2.7,0.25,0.0,1.0,0.0,0.7,0.7,1.0,0.0,1.0,1.0,1.0,0.3,0.0,0.0,0.3,2.0,playoffs
1641775,2023-24,00,1610612738,BOS,20.0,9,1,9.2,0.7,1.7,0.4,0.2,1.0,0.222,0.1,0.2,0.5,0.6,1.7,2.2,0.6,0.6,0.1,0.3,1.2,1.7,regular
1641775,2024-25,00,1610612738,BOS,21.0,52,1,7.8,0.6,1.6,0.361,0.3,1.1,0.273,0.1,0.2,0.583,0.4,0.9,1.3,0.4,0.2,0.2,0.3,0.6,1.6,regular
1641775,2025-26,00,1610612738,BOS,22.0,68,25,17.8,2.0,3.9,0.509,0.7,1.8,0.384,0.6,0.8,0.772,1.3,2.8,4.0,0.8,0.7,0.5,0.5,2.0,5.4,regular
1641775,2023-24,00,1610612738,BOS,20.0,3,0,3.7,0.3,1.0,0.333,0.0,0.3,0.0,0.0,0.0,0.0,0.0,0.7,0.7,0.0,0.0,0.0,0.0,0.0,0.7,playoffs
1641775,2024-25,00,1610612738,BOS,21.0,5,0,3.0,0.0,0.2,0.0,0.0,0.2,0.0,0.0,0.0,0.0,0.0,0.2,0.2,0.2,0.0,0.0,0.0,0.0,0.0,playoffs
1641775,2025-26,00,1610612738,BOS,22.0,7,0,12.7,0.6,2.7,0.211,0.3,1.7,0.167,0.3,0.9,0.333,0.9,1.7,2.6,1.0,0.6,0.3,0.0,0.7,1.7,playoffs
1642266,2024-25,00,1610612761,TOR,20.0,52,18,21.2,3.1,7.6,0.405,1.3,3.6,0.349,1.3,1.6,0.795,1.1,1.9,3.1,1.6,0.8,0.2,1.0,1.8,8.6,regular
1642266,2025-26,00,1610612761,TOR,21.0,72,19,20.5,2.5,5.6,0.446,1.5,3.7,0.409,1.0,1.3,0.789,0.8,1.8,2.6,1.2,1.0,0.2,0.5,2.3,7.5,regular
1642266,2025-26,00,1610612761,TOR,21.0,7,5,32.0,3.6,9.6,0.373,2.4,7.4,0.327,1.6,1.7,0.917,0.3,2.9,3.1,1.4,2.0,0.3,0.6,2.9,11.1,playoffs
1642276,2024-25,00,1610612748,MIA,21.0,64,36,22.2,4.0,7.3,0.554,0.5,1.7,0.315,0.7,1.0,0.687,1.8,5.6,7.4,0.9,0.6,1.1,0.9,1.7,9.3,regular
1642276,2025-26,00,1610612748,MIA,22.0,77,34,22.1,4.5,8.4,0.53,1.2,3.0,0.395,0.9,1.2,0.74,2.8,6.2,9.0,0.7,0.8,1.1,0.8,1.5,11.1,regular
1642276,2024-25,00,1610612748,MIA,21.0,4,4,18.3,2.0,4.5,0.444,0.8,2.8,0.273,0.0,0.0,0.0,1.0,3.8,4.8,1.0,0.3,0.5,0.5,0.8,4.8,playoffs
1629023,2019-20,00,1610612766,CHA,21.0,58,57,30.3,4.6,10.2,0.455,1.5,4.0,0.374,1.5,2.3,0.647,1.0,4.4,5.4,2.1,0.9,0.8,1.6,2.7,12.2,regular
1629023,2020-21,00,1610612766,CHA,22.0,64,61,30.5,4.7,10.7,0.44,1.8,4.5,0.386,1.7,2.3,0.745,1.5,5.1,6.5,2.5,1.1,1.2,2.0,2.7,12.9,regular
1629023,2021-22,00,1610612766,CHA,23.0,65,28,27.2,3.8,8.2,0.47,1.7,4.6,0.365,0.9,1.2,0.716,1.3,3.9,5.2,2.3,0.9,0.9,1.3,2.3,10.3,regular
1629023,2022-23,00,1610612766,CHA,24.0,73,73,32.6,5.9,13.4,0.444,2.0,5.9,0.348,1.7,2.4,0.73,1.0,3.9,4.9,2.4,0.9,1.1,1.5,2.6,15.7,regular
1629023,2023-24,00,1610612766,CHA,25.0,44,17,29.2,5.2,11.6,0.446,1.8,5.5,0.324,1.5,2.1,0.713,1.2,4.1,5.3,2.2,0.9,0.7,1.5,2.5,13.6,regular
1629023,2023-24,00,1610612742,DAL,25.0,29,28,32.2,4.4,10.4,0.421,1.8,5.8,0.314,1.1,1.8,0.627,1.1,5.1,6.2,1.5,1.2,0.9,1.0,2.0,11.7,regular
1629023,2023-24,00,0,TOT,25.0,73,45,30.4,4.8,11.1,0.436,1.8,5.7,0.32,1.4,2.0,0.683,1.2,4.5,5.6,1.9,1.0,0.8,1.3,2.3,12.9,regular
1629023,2024-25,00,1610612742,DAL,26.0,57,56,32.2,5.3,11.7,0.453,1.6,4.2,0.381,2.5,3.5,0.722,1.4,6.3,7.8,2.3,1.1,1.1,2.1,2.3,14.7,regular
1629023,2025-26,00,1610612742,DAL,27.0,56,53,31.0,5.3,11.8,0.45,1.4,4.2,0.325,2.2,3.3,0.687,1.5,5.5,7.0,1.8,1.0,1.1,1.7,2.1,14.2,regular
1629023,2023-24,00,1610612742,DAL,25.0,22,22,35.7,4.5,10.6,0.427,2.1,6.1,0.348,1.8,2.5,0.709,1.5,5.1,6.6,1.4,0.7,0.8,1.5,3.0,13.0,playoffs
1630322,2021-22,00,1610612760,OKC,24.0,25,1,18.6,2.8,7.0,0.406,2.1,5.8,0.363,0.2,0.2,0.8,0.2,2.7,2.9,1.0,0.8,0.3,0.4,1.2,8.0,regular
1630322,2022-23,00,1610612760,OKC,25.0,41,0,13.0,1.7,4.3,0.393,1.4,4.0,0.358,0.4,0.5,0.8,0.4,1.4,1.8,0.7,0.3,0.3,0.2,1.0,5.2,regular
1630322,2023-24,00,1610612760,OKC,26.0,38,0,7.4,1.3,2.7,0.471,1.0,2.2,0.435,0.1,0.1,1.0,0.2,0.9,1.1,0.6,0.1,0.2,0.2,0.6,3.6,regular
1630322,2024-25,00,1610612744,GSW,27.0,38,9,17.2,2.0,5.4,0.371,1.3,3.9,0.331,0.2,0.3,0.727,0.4,2.1,2.5,1.1,0.6,0.3,0.4,1.4,5.5,regular
1630322,2024-25,00,1610612765,DET,27.0,14,0,8.8,1.1,3.1,0.364,1.1,2.7,0.395,0.0,0.0,0.0,0.3,0.7,1.0,0.7,0.4,0.1,0.2,0.5,3.4,regular
1630322,2024-25,00,0,TOT,27.0,52,9,15.0,1.8,4.8,0.369,1.2,3.6,0.344,0.2,0.2,0.727,0.4,1.7,2.1,1.0,0.5,0.2,0.4,1.2,4.9,regular
1630322,2025-26,00,1610612759,SAS,28.0,40,0,7.1,0.8,2.2,0.375,0.7,2.0,0.342,0.1,0.1,0.667,0.1,0.7,0.7,0.5,0.2,0.0,0.2,0.6,2.4,regular
1630322,2023-24,00,1610612760,OKC,26.0,3,0,3.0,0.0,0.3,0.0,0.0,0.3,0.0,0.0,0.0,0.0,0.0,0.3,0.3,0.0,0.0,0.0,0.0,0.0,0.0,playoffs
1630322,2025-26,00,1610612759,SAS,28.0,9,0,3.8,0.7,1.4,0.462,0.3,0.9,0.375,0.0,0.0,0.0,0.3,0.3,0.7,0.4,0.1,0.0,0.1,0.2,1.7,playoffs
1630570,2021-22,00,1610612757,POR,21.0,48,10,18.1,3.0,5.6,0.532,0.2,0.8,0.237,1.5,2.0,0.755,1.2,3.0,4.1,1.7,0.5,0.6,0.9,2.4,7.6,regular
1630570,2022-23,00,1610612757,POR,22.0,62,12,19.1,2.9,5.2,0.56,0.4,1.0,0.391,1.2,1.6,0.72,0.7,3.2,3.8,2.1,0.5,0.2,1.1,1.9,7.4,regular
1630570,2023-24,00,1610612751,BKN,23.0,63,2,13.6,2.6,4.9,0.527,0.4,1.1,0.397,1.2,1.5,0.794,0.8,2.3,3.1,1.3,0.4,0.3,1.0,1.7,6.9,regular
1630570,2024-25,00,1610612751,BKN,24.0,44,6,20.8,3.7,8.0,0.469,0.7,2.0,0.33,2.1,2.8,0.762,0.8,2.8,3.6,2.6,0.6,0.3,1.9,2.2,10.2,regular
1630570,2025-26,00,1610612755,PHI,25.0,53,7,16.3,2.6,5.1,0.515,0.2,0.9,0.2,1.1,1.5,0.779,0.7,2.6,3.3,2.5,0.3,0.4,1.2,2.0,6.5,regular
1630570,2025-26,00,1610612755,PHI,25.0,7,0,5.7,1.0,1.6,0.636,0.0,0.1,0.0,0.9,1.1,0.75,0.0,0.4,0.4,0.4,0.4,0.0,0.3,0.3,2.9,playoffs
1642364,2025-26,00,1610612764,WAS,24.0,50,7,20.6,2.6,5.9,0.446,0.9,3.2,0.297,1.1,1.6,0.695,1.0,2.9,3.9,1.3,1.1,0.5,0.8,2.6,7.4,regular
1631212,2022-23,00,1610612743,DEN,20.0,23,2,8.1,1.3,2.6,0.492,0.3,0.6,0.429,0.5,0.9,0.55,0.3,1.3,1.6,0.5,0.1,0.5,0.3,0.6,3.3,regular
1631212,2023-24,00,1610612743,DEN,21.0,80,4,18.6,2.6,5.6,0.465,0.6,1.9,0.296,0.9,1.3,0.67,0.7,2.5,3.2,1.1,0.5,1.1,0.7,1.8,6.7,regular
1631212,2024-25,00,1610612743,DEN,22.0,68,18,24.4,3.0,6.3,0.477,0.7,2.0,0.353,1.4,2.0,0.693,0.7,2.7,3.4,1.4,0.7,1.4,0.8,1.8,8.1,regular
1631212,2025-26,00,1610612743,DEN,23.0,54,40,29.6,5.3,10.8,0.491,1.5,3.6,0.411,2.6,3.5,0.73,0.9,4.0,4.9,2.1,0.9,1.1,1.7,2.5,14.6,regular
1631212,2022-23,00,1610612743,DEN,20.0,5,0,2.8,0.4,1.0,0.4,0.2,0.4,0.5,0.0,0.0,0.0,0.2,0.6,0.8,0.2,0.0,0.2,0.2,0.4,1.0,playoffs
1631212,2023-24,00,1610612743,DEN,21.0,10,0,9.0,0.6,2.4,0.25,0.3,1.2,0.25,0.3,0.6,0.5,0.2,1.3,1.5,0.4,0.0,0.6,0.3,0.9,1.8,playoffs
1631212,2024-25,00,1610612743,DEN,22.0,14,0,14.2,1.7,4.2,0.407,0.5,1.4,0.368,0.6,1.1,0.5,1.0,1.9,2.9,0.3,0.8,0.6,0.6,1.5,4.5,playoffs
1642377,2024-25,00,1610612763,MEM,21.0,79,74,25.9,3.6,8.6,0.425,1.7,5.0,0.352,1.4,1.7,0.822,1.1,2.3,3.4,1.7,0.6,0.1,0.9,1.8,10.4,regular
1642377,2025-26,00,1610612763,MEM,22.0,69,69,26.4,4.4,10.1,0.431,1.9,5.3,0.353,1.9,2.5,0.784,0.9,2.3,3.2,1.6,0.9,0.1,1.1,2.1,12.5,regular
1641705,2023-24,00,1610612759,SAS,20.0,71,71,29.7,7.8,16.7,0.465,1.8,5.5,0.325,4.1,5.2,0.796,2.3,8.4,10.6,3.9,1.2,3.6,3.7,2.2,21.4,regular
1641705,2024-25,00,1610612759,SAS,21.0,46,46,33.2,8.9,18.6,0.476,3.1,8.8,0.352,3.4,4.1,0.836,1.8,9.2,11.0,3.7,1.1,3.8,3.2,2.3,24.3,regular
1641705,2025-26,00,1610612759,SAS,22.0,64,55,29.2,8.6,16.9,0.512,1.9,5.5,0.349,5.8,7.0,0.827,2.0,9.5,11.5,3.1,1.0,3.1,2.4,2.4,25.0,regular
1641705,2025-26,00,1610612759,SAS,22.0,18,18,32.8,7.7,15.6,0.493,1.8,5.0,0.356,6.2,7.1,0.875,2.2,8.6,10.8,2.7,0.9,3.5,2.9,2.6,23.3,playoffs
1631104,2022-23,00,1610612759,SAS,20.0,37,1,18.1,1.9,5.8,0.321,0.5,1.4,0.385,0.7,1.2,0.591,0.3,1.9,2.2,2.6,0.7,0.1,1.8,1.8,5.0,regular
1631104,2023-24,00,1610612759,SAS,21.0,61,3,14.4,1.7,3.5,0.474,0.2,0.9,0.218,0.9,1.3,0.667,0.3,1.2,1.5,2.7,0.5,0.1,0.9,1.5,4.4,regular
1631104,2024-25,00,1610612759,SAS,22.0,58,0,11.8,1.4,3.2,0.435,0.3,1.0,0.293,0.7,1.1,0.623,0.3,0.8,1.1,2.0,0.6,0.1,0.9,0.8,3.7,regular
1631104,2025-26,00,1610612757,POR,23.0,31,0,11.6,1.8,4.0,0.452,0.3,1.2,0.278,0.8,1.5,0.553,0.3,1.0,1.3,2.0,0.5,0.2,1.0,1.1,4.8,regular
1631104,2025-26,00,1610612757,POR,23.0,4,0,1.3,0.0,0.0,0.0,0.0,0.0,0.0,0.3,0.5,0.5,0.0,0.0,0.0,0.0,0.0,0.0,0.3,0.0,0.3,playoffs
201566,2008-09,00,1610612760,OKC,20.0,82,65,32.5,5.3,13.4,0.398,0.4,1.6,0.271,4.3,5.2,0.815,2.2,2.7,4.9,5.3,1.3,0.2,3.3,2.3,15.3,regular
201566,2009-10,00,1610612760,OKC,21.0,82,82,34.3,5.9,14.1,0.418,0.3,1.3,0.221,4.0,5.1,0.78,1.7,3.1,4.9,8.0,1.3,0.4,3.3,2.5,16.1,regular
201566,2010-11,00,1610612760,OKC,22.0,82,82,34.7,7.5,17.0,0.442,0.4,1.3,0.33,6.5,7.7,0.842,1.5,3.1,4.6,8.2,1.9,0.4,3.9,2.5,21.9,regular
201566,2011-12,00,1610612760,OKC,23.0,66,66,35.3,8.8,19.2,0.457,0.9,3.0,0.316,5.2,6.3,0.823,1.5,3.1,4.6,5.5,1.7,0.3,3.6,2.2,23.6,regular
201566,2012-13,00,1610612760,OKC,24.0,82,82,34.9,8.2,18.7,0.438,1.2,3.7,0.323,5.6,7.0,0.8,1.4,3.9,5.2,7.4,1.8,0.3,3.3,2.3,23.2,regular
201566,2013-14,00,1610612760,OKC,25.0,46,46,30.7,7.5,17.2,0.437,1.5,4.7,0.318,5.3,6.4,0.826,1.2,4.5,5.7,6.9,1.9,0.2,3.8,2.3,21.8,regular
201566,2014-15,00,1610612760,OKC,26.0,67,67,34.4,9.4,22.0,0.426,1.3,4.3,0.299,8.1,9.8,0.835,1.9,5.4,7.3,8.6,2.1,0.2,4.4,2.7,28.1,regular
201566,2015-16,00,1610612760,OKC,27.0,80,80,34.4,8.2,18.1,0.454,1.3,4.3,0.296,5.8,7.2,0.812,1.8,6.0,7.8,10.4,2.0,0.3,4.3,2.5,23.5,regular
201566,2016-17,00,1610612760,OKC,28.0,81,81,34.6,10.2,24.0,0.425,2.5,7.2,0.343,8.8,10.4,0.845,1.7,9.0,10.7,10.4,1.6,0.4,5.4,2.3,31.6,regular
201566,2017-18,00,1610612760,OKC,29.0,80,80,36.4,9.5,21.1,0.449,1.2,4.1,0.298,5.2,7.1,0.737,1.9,8.2,10.1,10.3,1.8,0.3,4.8,2.5,25.4,regular
201566,2018-19,00,1610612760,OKC,30.0,73,73,36.0,8.6,20.2,0.428,1.6,5.6,0.29,4.1,6.2,0.656,1.5,9.6,11.1,10.7,1.9,0.5,4.5,3.4,22.9,regular
201566,2019-20,00,1610612745,HOU,31.0,57,57,35.9,10.6,22.5,0.472,1.0,3.7,0.258,5.1,6.7,0.763,1.8,6.2,7.9,7.0,1.6,0.4,4.5,3.5,27.2,regular
201566,2020-21,00,1610612764,WAS,32.0,65,65,36.4,8.4,19.0,0.439,1.3,4.2,0.315,4.2,6.4,0.656,1.7,9.9,11.5,11.7,1.4,0.4,4.8,2.9,22.2,regular
201566,2021-22,00,1610612747,LAL,33.0,78,78,34.3,7.0,15.8,0.444,1.0,3.4,0.298,3.4,5.1,0.667,1.4,6.0,7.4,7.1,1.0,0.3,3.8,3.0,18.5,regular
201566,2022-23,00,1610612747,LAL,34.0,52,3,28.7,5.8,14.0,0.417,1.2,4.1,0.296,3.0,4.6,0.655,1.1,5.0,6.2,7.5,1.0,0.4,3.5,2.3,15.9,regular
201566,2022-23,00,1610612746,LAC,34.0,21,21,30.2,6.1,12.5,0.489,1.2,3.5,0.356,2.4,3.6,0.658,1.4,3.4,4.9,7.6,1.1,0.5,3.4,2.0,15.8,regular
201566,2022-23,00,0,TOT,34.0,73,24,29.1,5.9,13.6,0.436,1.2,3.9,0.311,2.8,4.3,0.656,1.2,4.6,5.8,7.5,1.0,0.5,3.5,2.2,15.9,regular
201566,2023-24,00,1610612746,LAC,35.0,68,11,22.5,4.4,9.8,0.454,0.6,2.3,0.273,1.6,2.4,0.688,1.4,3.7,5.0,4.5,1.1,0.3,2.1,1.8,11.1,regular
201566,2024-25,00,1610612743,DEN,36.0,75,36,27.9,5.0,11.1,0.449,1.3,3.9,0.323,2.1,3.1,0.661,1.4,3.6,4.9,6.1,1.4,0.5,3.2,2.5,13.3,regular
201566,2025-26,00,1610612758,SAC,37.0,64,58,29.0,5.6,13.1,0.427,2.0,5.9,0.338,2.0,2.9,0.694,1.3,4.2,5.4,6.7,1.3,0.2,3.3,2.3,15.2,regular
201566,2009-10,00,1610612760,OKC,21.0,6,6,35.3,7.2,15.2,0.473,0.8,2.0,0.417,5.3,6.3,0.842,1.7,4.3,6.0,6.0,1.7,0.2,2.3,2.2,20.5,playoffs
201566,2010-11,00,1610612760,OKC,22.0,17,17,37.5,7.9,20.2,0.394,0.8,2.8,0.292,7.1,8.4,0.852,2.1,3.2,5.4,6.4,1.4,0.4,4.6,3.3,23.8,playoffs
201566,2011-12,00,1610612760,OKC,23.0,20,20,38.4,8.9,20.4,0.435,0.9,3.3,0.277,4.5,5.6,0.802,1.1,4.4,5.5,5.9,1.6,0.4,2.3,2.5,23.1,playoffs
201566,2012-13,00,1610612760,OKC,24.0,2,2,34.0,8.5,20.5,0.415,1.0,4.5,0.222,6.0,7.0,0.857,0.5,6.0,6.5,7.0,3.0,0.0,4.0,2.5,24.0,playoffs
201566,2013-14,00,1610612760,OKC,25.0,19,19,38.7,8.8,20.9,0.42,1.5,5.3,0.28,7.6,8.6,0.884,2.4,4.9,7.3,8.1,2.2,0.3,4.4,3.3,26.7,playoffs
201566,2015-16,00,1610612760,OKC,27.0,18,18,37.4,8.8,21.8,0.405,1.9,5.8,0.324,6.4,7.8,0.829,2.3,4.6,6.9,11.0,2.6,0.1,4.3,2.4,26.0,playoffs
201566,2016-17,00,1610612760,OKC,28.0,5,5,38.8,11.8,30.4,0.388,2.6,9.8,0.265,11.2,14.0,0.8,1.8,9.8,11.6,10.8,2.4,0.4,6.0,3.2,37.4,playoffs
201566,2017-18,00,1610612760,OKC,29.0,6,6,39.2,10.7,26.8,0.398,2.5,7.0,0.357,5.5,6.7,0.825,1.8,10.2,12.0,7.5,1.5,0.0,5.2,3.5,29.3,playoffs
201566,2018-19,00,1610612760,OKC,30.0,5,5,39.4,8.0,22.2,0.36,2.2,6.8,0.324,4.6,5.2,0.885,1.4,7.6,9.0,10.6,1.0,0.6,4.6,3.8,22.8,playoffs
201566,2019-20,00,1610612745,HOU,31.0,8,8,32.8,7.4,17.5,0.421,1.0,4.1,0.242,2.1,4.0,0.531,1.4,5.6,7.0,4.6,1.5,0.3,3.8,2.9,17.9,playoffs
201566,2020-21,00,1610612764,WAS,32.0,5,5,37.2,5.6,16.8,0.333,1.0,4.0,0.25,6.8,8.6,0.791,2.8,7.6,10.4,11.8,0.4,0.2,4.2,3.4,19.0,playoffs
201566,2022-23,00,1610612746,LAC,34.0,5,5,38.4,8.6,21.0,0.41,2.0,5.6,0.357,4.4,5.0,0.88,1.8,5.8,7.6,7.4,1.2,1.4,4.0,3.0,23.6,playoffs
201566,2023-24,00,1610612746,LAC,35.0,6,0,19.0,2.2,8.3,0.26,0.7,2.8,0.235,1.3,2.2,0.615,1.0,3.2,4.2,1.7,1.2,0.5,1.7,1.8,6.3,playoffs
201566,2024-25,00,1610612743,DEN,36.0,13,0,24.1,4.0,10.2,0.391,1.5,4.8,0.317,2.2,3.1,0.7,1.5,2.2,3.7,2.6,0.9,0.1,2.3,3.2,11.7,playoffs
1629632,2019-20,00,1610612741,CHI,20.0,65,1,25.8,4.8,12.2,0.394,2.0,5.8,0.354,1.6,2.0,0.791,0.4,3.1,3.5,2.7,0.8,0.1,1.7,1.8,13.2,regular
1629632,2020-21,00,1610612741,CHI,21.0,69,54,31.2,5.4,13.1,0.416,2.4,6.6,0.359,1.9,2.1,0.901,0.4,3.7,4.1,4.8,0.6,0.2,2.3,2.6,15.1,regular
1629632,2021-22,00,1610612741,CHI,22.0,61,17,27.5,4.6,10.6,0.433,2.2,5.8,0.385,1.3,1.5,0.857,0.3,2.7,3.0,2.9,0.5,0.2,1.1,2.2,12.7,regular
1629632,2022-23,00,1610612741,CHI,23.0,74,2,23.4,3.6,8.0,0.443,1.7,4.6,0.372,0.8,0.9,0.871,0.2,2.6,2.9,2.8,0.7,0.1,1.0,1.6,9.7,regular
1629632,2023-24,00,1610612741,CHI,24.0,79,78,36.5,6.8,15.3,0.447,2.6,7.0,0.376,2.8,3.3,0.838,0.6,4.0,4.5,5.1,0.7,0.2,2.1,2.4,19.1,regular
1629632,2024-25,00,1610612741,CHI,25.0,74,73,33.1,6.9,15.1,0.453,2.9,7.9,0.37,3.7,4.1,0.902,0.3,3.4,3.7,4.5,0.9,0.2,2.4,2.1,20.4,regular
1629632,2025-26,00,1610612741,CHI,26.0,29,26,29.1,5.9,13.6,0.438,2.5,7.2,0.346,4.3,5.3,0.805,0.2,3.5,3.7,4.7,0.7,0.1,3.0,2.4,18.6,regular
1629632,2025-26,00,1610612766,CHA,26.0,21,0,19.3,5.0,11.0,0.461,2.0,5.2,0.391,3.5,4.1,0.839,0.5,2.5,3.0,3.0,0.2,0.1,1.9,1.9,15.6,regular
1629632,2025-26,00,0,TOT,26.0,50,26,25.0,5.6,12.5,0.446,2.3,6.4,0.362,3.9,4.8,0.817,0.3,3.1,3.4,4.0,0.5,0.1,2.6,2.2,17.4,regular
1629632,2021-22,00,1610612741,CHI,22.0,5,0,19.6,3.0,9.0,0.333,1.6,5.8,0.276,0.8,1.0,0.8,0.0,3.4,3.4,1.8,0.2,0.0,1.2,1.0,8.4,playoffs
1628401,2017-18,00,1610612759,SAS,23.0,17,0,8.2,0.9,1.9,0.485,0.5,0.8,0.615,0.8,1.2,0.7,0.3,1.2,1.5,0.5,0.2,0.2,0.4,0.5,3.2,regular
1628401,2018-19,00,1610612759,SAS,24.0,67,55,25.8,3.9,8.1,0.479,0.7,2.1,0.338,1.4,1.8,0.772,0.5,3.2,3.7,3.9,1.0,0.7,1.4,2.2,9.9,regular
1628401,2019-20,00,1610612759,SAS,25.0,68,20,24.7,3.7,8.1,0.458,1.2,3.2,0.366,2.6,3.1,0.853,0.5,2.8,3.3,3.5,0.6,0.9,1.3,2.2,11.3,regular
1628401,2020-21,00,1610612759,SAS,26.0,36,32,29.6,5.2,12.6,0.411,2.3,6.8,0.346,2.7,3.2,0.851,0.4,2.6,3.0,3.5,0.7,1.0,1.3,2.5,15.4,regular
1628401,2021-22,00,1610612759,SAS,27.0,49,48,30.3,5.0,11.6,0.426,1.7,5.3,0.314,2.8,3.3,0.869,0.5,3.0,3.5,5.6,1.0,0.9,1.8,2.4,14.4,regular
1628401,2021-22,00,1610612738,BOS,27.0,26,4,27.4,3.6,8.8,0.409,1.3,4.3,0.306,2.5,2.9,0.853,0.5,2.9,3.4,3.5,0.6,0.6,1.2,2.2,11.0,regular
1628401,2021-22,00,0,TOT,27.0,75,52,29.3,4.5,10.7,0.421,1.5,4.9,0.312,2.7,3.1,0.864,0.5,3.0,3.5,4.9,0.9,0.8,1.6,2.3,13.2,regular
1628401,2022-23,00,1610612738,BOS,28.0,82,70,28.3,4.3,9.2,0.462,1.8,4.8,0.381,2.0,2.3,0.875,0.6,2.9,3.6,3.9,0.7,0.9,1.2,2.2,12.4,regular
1628401,2023-24,00,1610612738,BOS,29.0,73,73,32.6,5.3,11.5,0.461,2.7,6.8,0.396,1.9,2.1,0.901,0.7,3.5,4.2,5.2,1.0,1.2,1.5,2.1,15.2,regular
1628401,2024-25,00,1610612738,BOS,30.0,76,76,33.9,5.6,12.6,0.442,3.5,9.1,0.384,1.8,2.1,0.839,0.9,3.6,4.5,4.8,0.9,1.1,1.7,1.8,16.4,regular
1628401,2025-26,00,1610612738,BOS,31.0,77,77,34.1,5.7,14.4,0.394,2.7,8.3,0.327,2.4,2.6,0.902,1.1,3.3,4.4,5.4,1.1,1.3,1.7,1.5,16.5,regular
1628401,2017-18,00,1610612759,SAS,23.0,3,0,6.0,1.0,2.0,0.5,0.3,0.7,0.5,0.0,0.0,0.0,0.0,0.0,0.0,0.3,0.3,0.7,0.0,0.0,2.3,playoffs
1628401,2018-19,00,1610612759,SAS,24.0,7,7,27.3,5.9,10.7,0.547,0.7,2.4,0.294,2.7,3.7,0.731,0.1,2.9,3.0,3.0,0.7,0.7,2.1,2.4,15.1,playoffs
1628401,2021-22,00,1610612738,BOS,27.0,23,3,25.4,2.8,7.7,0.364,1.1,3.6,0.313,1.8,2.2,0.824,0.3,2.7,3.0,2.7,0.9,0.6,1.3,2.0,8.5,playoffs
1628401,2022-23,00,1610612738,BOS,28.0,20,16,29.7,4.7,9.2,0.505,2.5,5.5,0.455,1.6,1.7,0.912,0.7,2.3,3.0,2.1,0.6,1.0,0.9,1.9,13.4,playoffs
1628401,2023-24,00,1610612738,BOS,29.0,19,19,35.6,5.7,12.7,0.452,3.4,8.5,0.404,1.8,2.0,0.921,1.0,3.3,4.3,4.1,0.9,1.2,0.8,2.3,16.7,playoffs
1628401,2024-25,00,1610612738,BOS,30.0,11,11,37.7,6.2,13.4,0.463,3.6,9.5,0.385,2.8,3.3,0.861,1.3,3.8,5.1,3.5,0.6,1.1,1.2,2.0,18.8,playoffs
1628401,2025-26,00,1610612738,BOS,31.0,7,7,35.9,3.7,11.6,0.321,2.1,7.9,0.273,1.6,1.9,0.846,1.4,1.9,3.3,3.1,0.9,1.4,1.6,1.7,11.1,playoffs
1641715,2023-24,00,1610612745,HOU,19.0,47,2,18.7,4.5,9.9,0.454,1.7,4.7,0.359,1.6,2.4,0.679,0.9,2.9,3.8,0.7,0.6,0.4,1.0,1.4,12.3,regular
1641715,2024-25,00,1610612745,HOU,20.0,51,3,16.2,3.5,7.9,0.444,1.3,3.6,0.355,1.1,1.4,0.75,0.7,2.3,3.0,1.0,0.6,0.3,0.9,0.9,9.4,regular
1641715,2025-26,00,1610612764,WAS,21.0,21,0,16.9,3.7,8.0,0.456,0.8,2.7,0.286,1.1,1.5,0.742,0.9,1.9,2.8,0.7,0.7,0.4,0.9,1.2,9.2,regular
1641715,2024-25,00,1610612745,HOU,20.0,3,0,1.7,0.0,0.7,0.0,0.0,0.3,0.0,0.0,0.0,0.0,0.0,0.3,0.3,0.0,0.0,0.0,0.0,0.0,0.0,playoffs
1630598,2021-22,00,1610612760,OKC,23.0,50,35,24.2,3.1,6.7,0.463,0.8,2.8,0.304,1.2,1.7,0.729,1.0,2.5,3.6,1.4,0.6,0.2,1.1,1.9,8.3,regular
1630598,2022-23,00,1610612760,OKC,24.0,70,14,18.5,2.7,5.2,0.512,0.7,1.7,0.393,0.8,1.0,0.831,1.0,2.0,3.0,1.1,0.6,0.2,0.8,1.6,6.8,regular
1630598,2023-24,00,1610612760,OKC,25.0,78,4,15.7,2.7,4.8,0.562,0.8,1.6,0.492,0.7,0.9,0.789,0.8,1.6,2.4,1.1,0.7,0.2,0.7,1.2,6.9,regular
1630598,2024-25,00,1610612760,OKC,26.0,76,26,22.9,4.7,9.6,0.488,1.7,4.5,0.383,1.0,1.2,0.831,1.1,2.8,3.9,1.8,0.8,0.2,0.9,1.3,12.0,regular
1630598,2025-26,00,1610612760,OKC,27.0,65,21,21.8,3.6,8.2,0.431,1.5,4.2,0.356,0.8,1.1,0.736,0.6,2.4,3.1,1.7,0.9,0.4,1.2,1.3,9.4,regular
1630598,2023-24,00,1610612760,OKC,25.0,10,0,15.7,2.3,4.7,0.489,0.6,2.0,0.3,1.0,1.1,0.909,0.9,2.3,3.2,1.0,0.6,0.3,0.9,0.8,6.2,playoffs
1630598,2024-25,00,1610612760,OKC,26.0,22,0,13.8,2.1,5.4,0.395,1.1,3.1,0.362,0.6,0.8,0.765,0.6,1.6,2.3,0.9,0.5,0.3,0.8,1.0,6.0,playoffs
1630598,2025-26,00,1610612760,OKC,27.0,13,0,5.8,0.7,1.9,0.36,0.1,0.7,0.111,0.0,0.0,0.0,0.1,0.3,0.4,0.4,0.1,0.1,0.3,0.3,1.5,playoffs
203952,2014-15,00,1610612750,MIN,20.0,82,82,36.2,6.1,13.9,0.437,0.5,1.5,0.31,4.3,5.7,0.76,1.6,2.9,4.6,2.1,1.0,0.6,2.2,2.3,16.9,regular
203952,2015-16,00,1610612750,MIN,21.0,81,81,35.1,7.3,16.0,0.459,0.7,2.3,0.3,5.3,7.0,0.761,1.3,2.3,3.6,2.0,1.0,0.6,2.2,2.0,20.7,regular
203952,2016-17,00,1610612750,MIN,22.0,82,82,37.2,8.6,19.1,0.452,1.3,3.5,0.356,5.0,6.6,0.76,1.2,2.8,4.0,2.3,1.0,0.4,2.3,2.2,23.6,regular
203952,2017-18,00,1610612750,MIN,23.0,82,82,36.3,6.9,15.9,0.438,1.4,4.1,0.331,2.5,3.8,0.643,1.0,3.4,4.4,2.0,1.1,0.6,1.7,2.0,17.7,regular
203952,2018-19,00,1610612750,MIN,24.0,73,73,34.8,6.8,16.6,0.412,1.6,4.8,0.339,2.8,4.1,0.699,1.1,3.7,4.8,2.5,1.0,0.7,1.9,2.1,18.1,regular
203952,2019-20,00,1610612750,MIN,25.0,42,42,34.6,8.4,18.8,0.444,2.2,6.5,0.331,3.5,4.9,0.72,1.1,4.1,5.2,3.7,0.7,0.9,2.5,2.4,22.4,regular
203952,2019-20,00,1610612744,GSW,25.0,12,12,33.6,7.2,15.7,0.457,1.7,4.9,0.339,3.4,5.1,0.672,1.5,3.1,4.6,3.6,1.3,1.4,2.1,2.2,19.4,regular
203952,2019-20,00,0,TOT,25.0,54,54,34.4,8.1,18.1,0.447,2.1,6.2,0.332,3.5,5.0,0.709,1.2,3.9,5.1,3.7,0.8,1.0,2.4,2.4,21.8,regular
203952,2020-21,00,1610612744,GSW,26.0,71,71,33.3,7.1,14.9,0.477,2.0,5.2,0.38,2.4,3.4,0.714,1.2,3.7,4.9,2.4,0.9,1.0,1.8,2.2,18.6,regular
203952,2021-22,00,1610612744,GSW,27.0,73,73,31.9,6.5,14.0,0.466,2.2,5.5,0.393,2.0,3.2,0.634,1.2,3.3,4.5,2.2,1.0,0.7,1.5,2.2,17.2,regular
203952,2022-23,00,1610612744,GSW,28.0,37,37,32.2,6.8,14.3,0.473,2.4,6.1,0.396,1.2,1.9,0.611,1.6,3.4,5.0,2.3,1.2,0.8,1.3,2.9,17.1,regular
203952,2023-24,00,1610612744,GSW,29.0,71,59,27.0,5.0,11.0,0.453,1.3,3.6,0.358,2.0,2.7,0.751,1.5,3.0,4.5,1.7,0.6,0.6,1.2,2.1,13.2,regular
203952,2024-25,00,1610612744,GSW,30.0,43,43,30.1,6.1,13.7,0.444,2.2,5.8,0.379,3.2,4.2,0.777,1.5,3.0,4.6,2.4,0.9,0.8,1.3,1.6,17.6,regular
203952,2024-25,00,1610612748,MIA,30.0,17,17,32.1,6.8,14.8,0.458,2.1,5.9,0.36,3.4,4.6,0.731,1.4,2.9,4.2,3.3,1.2,1.0,2.5,1.8,19.0,regular
203952,2024-25,00,0,TOT,30.0,60,60,30.7,6.3,14.0,0.448,2.2,5.8,0.374,3.3,4.3,0.763,1.5,3.0,4.5,2.6,1.0,0.8,1.7,1.7,18.0,regular
203952,2025-26,00,1610612748,MIA,31.0,68,68,30.3,5.7,12.1,0.475,2.0,4.9,0.414,1.9,2.4,0.784,1.7,3.1,4.8,2.7,1.1,1.0,1.5,2.3,15.4,regular
203952,2017-18,00,1610612750,MIN,23.0,5,5,32.8,6.0,13.6,0.441,1.4,4.2,0.333,2.4,4.0,0.6,1.0,4.2,5.2,2.0,0.4,0.4,1.8,2.8,15.8,playoffs
203952,2021-22,00,1610612744,GSW,27.0,22,22,34.9,6.5,13.9,0.469,1.6,4.8,0.333,1.9,3.0,0.646,2.5,5.0,7.5,1.8,1.0,1.0,1.4,2.5,16.5,playoffs
203952,2022-23,00,1610612744,GSW,28.0,13,12,34.0,6.4,13.9,0.459,1.5,4.9,0.297,2.5,3.6,0.681,1.8,3.8,5.6,1.9,0.8,1.2,1.3,3.5,16.7,playoffs
203952,2024-25,00,1610612748,MIA,30.0,4,4,30.5,4.0,10.8,0.372,1.8,5.0,0.35,1.8,2.5,0.7,1.0,2.3,3.3,2.3,0.3,1.3,2.8,1.5,11.5,playoffs
1642873,2025-26,00,1610612738,BOS,24.0,22,2,6.6,0.5,0.9,0.5,0.0,0.0,0.0,0.5,0.6,0.714,0.4,1.4,1.8,0.5,0.1,0.5,0.5,0.9,1.4,regular
1642873,2025-26,00,1610612738,BOS,24.0,1,0,2.0,0.0,1.0,0.0,0.0,0.0,0.0,1.0,2.0,0.5,1.0,0.0,1.0,0.0,0.0,0.0,0.0,0.0,1.0,playoffs
1630314,2021-22,00,1610612757,POR,22.0,24,16,26.7,4.4,11.8,0.372,1.3,4.4,0.292,2.8,4.0,0.701,0.8,2.3,3.1,3.9,1.0,0.4,2.4,2.2,12.9,regular
1630314,2023-24,00,1610612742,DAL,24.0,17,0,6.6,1.2,3.2,0.37,0.2,0.9,0.2,0.6,1.0,0.647,0.2,0.5,0.8,1.0,0.1,0.1,0.4,0.2,3.2,regular
1630314,2024-25,00,1610612742,DAL,25.0,33,3,14.8,3.0,5.7,0.521,0.7,1.8,0.4,1.7,2.0,0.833,0.4,1.4,1.8,2.3,0.7,0.2,1.2,1.0,8.3,regular
1630314,2025-26,00,1610612742,DAL,26.0,66,15,22.2,4.4,9.3,0.472,0.5,2.3,0.232,3.7,4.6,0.793,0.5,2.4,2.9,3.9,0.9,0.3,1.9,1.6,13.0,regular
1642262,2024-25,00,1610612762,UTA,20.0,50,21,21.2,1.7,5.1,0.323,0.7,2.7,0.259,0.6,0.8,0.725,0.5,1.7,2.3,1.2,0.5,0.3,0.9,1.9,4.6,regular
1642262,2025-26,00,1610612762,UTA,21.0,67,41,24.3,3.6,7.6,0.468,0.4,2.0,0.214,1.3,1.8,0.706,0.9,2.0,3.0,2.0,0.8,0.4,1.1,1.8,8.8,regular
1629684,2019-20,00,1610612738,BOS,21.0,69,5,15.1,1.3,3.1,0.412,0.3,1.4,0.25,0.6,0.8,0.722,0.9,1.7,2.6,1.0,0.4,0.5,0.7,2.4,3.4,regular
1629684,2020-21,00,1610612738,BOS,22.0,63,9,18.1,1.7,3.9,0.437,0.8,2.0,0.372,0.5,0.8,0.588,0.8,2.1,2.8,1.0,0.5,0.4,0.9,2.6,4.7,regular
1629684,2021-22,00,1610612738,BOS,23.0,77,21,24.4,2.7,5.6,0.475,1.4,3.4,0.411,1.1,1.2,0.905,0.8,2.7,3.6,1.0,0.5,0.7,0.8,2.4,7.8,regular
1629684,2022-23,00,1610612738,BOS,24.0,79,23,25.9,2.7,6.0,0.454,1.5,3.7,0.395,1.2,1.5,0.77,1.1,3.5,4.6,1.7,0.5,0.4,1.0,2.4,8.1,regular
1629684,2023-24,00,1610612742,DAL,25.0,47,33,26.4,2.8,6.7,0.413,1.7,4.5,0.376,0.9,1.2,0.745,1.0,2.6,3.6,1.7,0.5,0.6,1.1,2.9,8.1,regular
1629684,2023-24,00,1610612766,CHA,25.0,29,10,30.6,5.0,9.9,0.503,1.6,4.3,0.373,2.2,2.9,0.765,1.4,3.8,5.1,3.2,0.7,0.4,1.9,3.1,13.9,regular
1629684,2023-24,00,0,TOT,25.0,76,43,28.0,3.6,8.0,0.456,1.7,4.4,0.375,1.4,1.8,0.757,1.1,3.1,4.2,2.3,0.6,0.5,1.4,3.0,10.3,regular
1629684,2024-25,00,1610612766,CHA,26.0,16,7,29.9,3.4,7.7,0.439,1.7,4.6,0.365,1.9,2.3,0.838,1.1,4.0,5.1,2.3,1.1,0.8,1.8,2.9,10.4,regular
1629684,2025-26,00,1610612766,CHA,27.0,36,3,19.8,2.2,5.1,0.426,1.4,3.7,0.388,1.2,1.5,0.815,1.3,2.7,3.9,1.6,0.5,0.5,0.9,1.6,7.0,regular
1629684,2019-20,00,1610612738,BOS,21.0,17,0,10.0,0.9,1.5,0.577,0.6,1.0,0.588,0.4,0.6,0.7,0.4,1.1,1.5,0.4,0.1,0.3,0.2,1.9,2.8,playoffs
1629684,2020-21,00,1610612738,BOS,22.0,5,0,11.4,1.2,2.4,0.5,0.4,0.8,0.5,0.6,0.6,1.0,0.6,1.4,2.0,0.8,0.2,0.8,0.2,1.4,3.4,playoffs
1629684,2021-22,00,1610612738,BOS,23.0,24,5,27.3,2.7,6.3,0.433,1.5,3.7,0.393,1.8,2.2,0.808,1.0,2.8,3.8,0.8,0.3,0.8,0.8,3.5,8.6,playoffs
1629684,2022-23,00,1610612738,BOS,24.0,15,0,17.7,1.7,3.5,0.472,1.2,2.7,0.45,0.5,0.7,0.8,0.7,1.5,2.2,1.2,0.3,0.4,0.3,1.7,5.1,playoffs
1631114,2022-23,00,1610612760,OKC,22.0,75,62,30.3,5.5,10.6,0.521,1.0,2.7,0.356,2.1,2.5,0.812,1.1,3.4,4.5,3.3,1.4,0.5,1.6,2.5,14.1,regular
1631114,2023-24,00,1610612760,OKC,23.0,71,71,31.3,7.5,14.0,0.54,1.5,3.4,0.427,2.5,3.1,0.814,0.5,3.5,4.0,4.5,1.1,0.6,1.7,2.5,19.1,regular
1631114,2024-25,00,1610612760,OKC,24.0,69,69,32.4,8.2,16.9,0.484,1.8,4.9,0.365,3.4,4.3,0.789,0.9,4.5,5.3,5.1,1.6,0.7,2.2,2.3,21.6,regular
1631114,2025-26,00,1610612760,OKC,25.0,33,33,28.4,6.5,13.5,0.484,0.7,2.3,0.299,3.3,3.9,0.837,0.8,3.8,4.6,5.5,1.2,0.3,1.9,2.0,17.1,regular
1631114,2023-24,00,1610612760,OKC,23.0,10,10,37.7,7.5,16.0,0.469,1.5,3.9,0.385,2.2,2.7,0.815,1.3,5.5,6.8,5.4,1.7,0.5,1.9,2.1,18.7,playoffs
1631114,2024-25,00,1610612760,OKC,24.0,23,23,34.6,7.7,17.2,0.449,1.5,5.0,0.304,4.4,5.6,0.789,1.0,4.5,5.5,4.8,1.4,0.4,1.8,2.2,21.4,playoffs
1631114,2025-26,00,1610612760,OKC,25.0,5,4,21.4,5.8,11.2,0.518,1.0,2.4,0.417,1.8,2.4,0.75,1.0,2.2,3.2,2.8,1.0,0.4,1.2,1.0,14.4,playoffs
1631119,2022-23,00,1610612760,OKC,21.0,49,36,18.7,2.1,4.8,0.436,0.9,2.3,0.407,0.8,1.1,0.704,0.9,4.0,4.9,1.6,0.6,0.2,0.8,2.3,5.9,regular
1631119,2023-24,00,1610612760,OKC,22.0,69,1,13.0,1.4,3.3,0.417,0.8,2.1,0.368,0.5,0.6,0.805,0.5,2.9,3.4,1.6,0.4,0.4,0.5,1.4,4.0,regular
1631119,2024-25,00,1610612760,OKC,23.0,47,9,16.7,2.1,4.7,0.439,1.3,3.3,0.399,0.5,0.6,0.767,1.0,4.6,5.6,2.6,0.5,0.6,0.7,1.7,5.9,regular
1631119,2025-26,00,1610612760,OKC,23.0,65,11,19.6,2.3,5.4,0.423,1.5,3.9,0.383,1.1,1.4,0.793,0.5,5.0,5.5,2.4,0.5,0.6,1.0,2.0,7.2,regular
1631119,2023-24,00,1610612760,OKC,22.0,10,0,12.7,1.6,3.3,0.485,0.9,2.2,0.409,0.3,0.4,0.75,0.4,2.8,3.2,1.5,0.4,0.3,0.3,1.1,4.4,playoffs
1631119,2024-25,00,1610612760,OKC,23.0,17,0,8.2,0.9,2.1,0.429,0.5,1.5,0.36,0.4,0.6,0.545,0.2,1.6,1.9,1.0,0.5,0.1,0.7,1.8,2.6,playoffs
1631119,2025-26,00,1610612760,OKC,23.0,15,0,16.0,1.7,4.3,0.4,1.2,3.3,0.36,0.3,0.4,0.667,0.5,3.7,4.1,1.5,0.5,0.2,0.4,2.1,4.9,playoffs
1629026,2018-19,00,1610612740,NOP,24.0,46,29,23.5,2.3,6.1,0.384,1.1,3.4,0.333,0.3,0.4,0.684,1.2,3.6,4.8,1.8,1.0,0.4,0.8,2.1,6.1,regular
1629026,2019-20,00,1610612740,NOP,25.0,39,18,21.3,1.3,3.8,0.347,0.6,2.5,0.258,0.2,0.7,0.346,1.3,3.5,4.8,1.5,0.7,0.5,0.6,2.3,3.5,regular
1629026,2020-21,00,1610612760,OKC,26.0,66,13,21.6,3.3,6.2,0.533,0.8,1.8,0.444,0.5,1.0,0.571,1.3,2.9,4.1,2.3,0.8,0.3,1.2,2.2,8.0,regular
1629026,2021-22,00,1610612760,OKC,27.0,49,0,21.9,3.0,6.5,0.461,0.8,2.5,0.339,0.6,1.1,0.545,1.5,3.0,4.5,2.2,0.9,0.2,0.9,1.7,7.4,regular
1629026,2022-23,00,1610612760,OKC,28.0,53,10,22.8,3.4,6.5,0.517,0.9,2.5,0.373,0.3,0.7,0.436,1.8,3.1,4.9,2.0,0.8,0.3,0.6,2.1,8.0,regular
1629026,2023-24,00,1610612760,OKC,29.0,69,1,14.9,1.9,4.1,0.468,0.8,2.0,0.397,0.1,0.2,0.5,0.9,2.1,3.0,1.3,0.6,0.1,0.5,1.5,4.7,regular
1629026,2024-25,00,1610612760,OKC,30.0,69,7,16.4,2.5,5.1,0.483,1.0,2.5,0.386,0.4,0.6,0.718,0.9,2.6,3.5,1.4,0.6,0.1,0.6,1.6,6.3,regular
1629026,2025-26,00,1610612760,OKC,31.0,56,2,15.3,2.5,5.3,0.473,0.9,2.3,0.388,0.6,0.9,0.635,1.1,2.3,3.3,1.4,0.6,0.1,0.8,1.1,6.5,regular
1629026,2023-24,00,1610612760,OKC,29.0,7,0,4.4,0.3,1.1,0.25,0.0,0.7,0.0,0.0,0.0,0.0,0.1,1.0,1.1,0.4,0.1,0.0,0.0,0.4,0.6,playoffs
1629026,2024-25,00,1610612760,OKC,30.0,16,0,8.6,1.0,2.5,0.4,0.3,1.3,0.2,0.2,0.4,0.5,0.5,1.7,2.2,0.4,0.4,0.1,0.4,0.4,2.4,playoffs
1629026,2025-26,00,1610612760,OKC,31.0,11,0,6.5,1.1,2.8,0.387,0.5,1.7,0.316,0.4,0.4,1.0,0.5,1.3,1.8,0.5,0.1,0.0,0.2,0.6,3.1,playoffs
1631109,2022-23,00,1610612766,CHA,21.0,43,17,19.3,3.7,5.8,0.637,0.0,0.0,0.0,1.6,2.3,0.691,2.2,4.9,7.1,0.4,0.7,1.0,0.9,2.2,9.0,regular
1631109,2023-24,00,1610612766,CHA,22.0,19,19,26.7,5.2,7.9,0.649,0.0,0.0,0.0,2.4,3.4,0.719,4.0,5.7,9.7,1.2,0.8,1.1,0.9,2.6,12.7,regular
1631109,2024-25,00,1610612766,CHA,23.0,44,41,26.6,6.1,10.2,0.604,0.0,0.1,0.0,3.0,3.7,0.804,3.0,7.2,10.2,2.5,0.7,1.2,1.6,2.4,15.3,regular
1631109,2025-26,00,1610612756,PHX,24.0,60,55,23.6,4.7,7.3,0.644,0.0,0.0,1.0,2.3,2.9,0.771,3.1,4.9,8.0,1.0,0.9,0.9,1.1,2.2,11.7,regular
1630172,2020-21,00,1610612741,CHI,19.0,71,71,27.9,3.6,7.4,0.483,0.8,1.9,0.391,1.3,1.8,0.728,0.9,3.7,4.6,1.4,0.9,0.6,1.4,1.8,9.2,regular
1630172,2021-22,00,1610612741,CHI,20.0,17,9,24.8,3.2,6.0,0.529,0.9,1.7,0.517,1.8,2.4,0.732,1.0,3.1,4.1,0.9,0.5,0.5,0.9,1.6,9.0,regular
1630172,2022-23,00,1610612741,CHI,21.0,82,65,28.3,3.8,8.3,0.464,1.4,3.4,0.415,1.1,1.3,0.857,1.0,3.0,4.0,1.2,0.9,0.9,1.2,1.8,10.2,regular
1630172,2023-24,00,1610612741,CHI,22.0,43,30,27.3,3.7,8.3,0.443,1.4,3.4,0.399,1.2,1.5,0.788,1.1,2.8,3.9,1.5,0.9,0.8,1.3,2.0,10.0,regular
1630172,2024-25,00,1610612741,CHI,23.0,63,36,25.0,3.3,8.2,0.397,1.5,4.3,0.353,1.0,1.3,0.723,0.7,3.1,3.8,2.0,0.8,0.5,1.4,1.4,9.0,regular
1630172,2025-26,00,1610612741,CHI,24.0,72,6,20.5,2.5,6.6,0.372,1.3,3.8,0.347,0.8,1.0,0.72,0.7,2.3,3.0,1.5,0.7,0.4,1.0,1.3,7.0,regular
1630172,2021-22,00,1610612741,CHI,20.0,5,5,30.6,4.4,9.4,0.468,1.4,4.2,0.333,1.6,2.2,0.727,1.2,4.2,5.4,0.8,1.0,0.6,1.4,3.0,11.8,playoffs
1630533,2021-22,00,1610612763,MEM,20.0,62,31,21.7,3.1,6.8,0.45,1.2,3.9,0.314,0.7,0.9,0.782,0.4,1.7,2.1,1.0,0.6,0.2,0.7,1.8,8.1,regular
1630533,2022-23,00,1610612763,MEM,21.0,37,4,15.2,2.3,5.3,0.429,0.7,2.6,0.258,0.5,0.6,0.773,0.4,1.7,2.1,0.9,0.4,0.2,1.0,1.6,5.7,regular
1630533,2023-24,00,1610612763,MEM,22.0,51,15,20.4,2.9,7.4,0.397,1.1,3.7,0.307,1.2,1.5,0.827,0.7,2.8,3.5,1.5,0.7,0.2,1.3,1.7,8.2,regular
1630533,2024-25,00,1610612751,BKN,23.0,63,45,24.5,3.4,8.3,0.412,1.6,4.8,0.341,1.6,2.0,0.821,1.0,3.6,4.6,1.3,1.0,0.4,1.1,2.4,10.0,regular
1630533,2025-26,00,1610612751,BKN,24.0,56,13,22.9,3.3,7.7,0.425,1.5,4.5,0.343,2.1,2.5,0.85,0.5,1.9,2.4,1.1,1.4,0.4,1.1,2.1,10.2,regular
1630533,2021-22,00,1610612763,MEM,20.0,10,1,16.8,2.3,5.2,0.442,1.1,3.6,0.306,1.2,1.3,0.923,0.4,1.2,1.6,0.5,0.5,0.0,0.2,1.4,6.9,playoffs
1630533,2022-23,00,1610612763,MEM,21.0,4,0,3.0,0.5,1.8,0.286,0.3,0.8,0.333,0.0,0.0,0.0,0.0,0.5,0.5,0.5,0.0,0.0,0.5,0.3,1.3,playoffs
1629057,2018-19,00,1610612738,BOS,21.0,32,2,8.8,1.1,1.6,0.706,0.0,0.0,0.0,0.3,0.5,0.6,0.8,1.7,2.5,0.2,0.3,1.3,0.3,1.1,2.5,regular
1629057,2019-20,00,1610612738,BOS,22.0,29,1,13.4,2.2,3.0,0.727,0.0,0.0,0.0,0.8,1.2,0.647,1.4,3.0,4.4,0.9,0.8,1.2,0.7,1.8,5.2,regular
1629057,2020-21,00,1610612738,BOS,23.0,52,13,18.9,3.6,5.0,0.721,0.0,0.0,0.0,0.9,1.4,0.616,2.6,4.3,6.9,1.8,0.8,1.8,1.0,2.0,8.0,regular
1629057,2021-22,00,1610612738,BOS,24.0,61,61,29.6,4.4,6.0,0.736,0.0,0.0,0.0,1.1,1.5,0.722,3.9,5.7,9.6,2.0,0.9,2.2,1.0,2.2,10.0,regular
1629057,2022-23,00,1610612738,BOS,25.0,35,20,23.5,3.6,4.9,0.747,0.0,0.0,0.0,0.7,1.2,0.61,3.0,5.4,8.3,1.4,0.6,1.4,1.0,1.9,8.0,regular
1629057,2023-24,00,1610612757,POR,26.0,6,0,19.8,2.8,4.3,0.654,0.0,0.0,0.0,1.2,1.5,0.778,1.8,4.5,6.3,0.8,1.2,1.2,1.2,2.8,6.8,regular
1629057,2024-25,00,1610612757,POR,27.0,20,3,17.6,2.5,3.9,0.641,0.1,0.2,0.333,0.8,0.9,0.882,1.8,4.2,5.9,1.1,0.7,1.7,0.9,1.6,5.8,regular
1629057,2025-26,00,1610612757,POR,28.0,59,1,17.1,3.0,4.2,0.708,0.2,0.4,0.391,0.6,1.0,0.596,2.4,4.6,7.0,1.0,0.6,1.5,0.8,1.3,6.7,regular
1629057,2018-19,00,1610612738,BOS,21.0,3,0,4.3,0.3,0.7,0.5,0.0,0.0,0.0,0.7,0.7,1.0,0.3,2.0,2.3,0.0,0.0,0.0,0.0,0.3,1.3,playoffs
1629057,2019-20,00,1610612738,BOS,22.0,13,0,11.5,1.8,2.4,0.742,0.0,0.1,0.0,0.2,0.5,0.333,1.7,2.2,3.9,0.8,0.2,0.5,0.5,1.4,3.7,playoffs
1629057,2020-21,00,1610612738,BOS,23.0,3,0,15.3,3.0,4.7,0.643,0.0,0.0,0.0,0.3,0.7,0.5,2.7,2.3,5.0,0.7,0.3,3.0,0.3,2.3,6.3,playoffs
1629057,2021-22,00,1610612738,BOS,24.0,17,15,23.2,3.1,4.6,0.679,0.0,0.1,0.0,1.5,1.6,0.893,2.5,3.6,6.2,1.0,0.7,2.2,0.6,2.0,7.7,playoffs
1629057,2022-23,00,1610612738,BOS,25.0,20,4,20.9,3.4,4.3,0.788,0.0,0.1,0.0,1.0,1.4,0.679,1.8,4.2,6.0,1.0,0.5,1.3,0.8,2.2,7.7,playoffs
1629057,2025-26,00,1610612757,POR,28.0,5,0,21.6,4.4,7.0,0.629,0.6,1.8,0.333,0.2,0.6,0.333,3.2,4.2,7.4,2.6,0.6,1.2,0.4,1.0,9.6,playoffs
1631246,2022-23,00,1610612763,MEM,22.0,15,1,7.0,0.8,2.7,0.3,0.3,1.9,0.143,0.1,0.1,1.0,0.3,0.7,1.0,0.3,0.4,0.1,0.3,0.8,2.0,regular
1631246,2023-24,00,1610612763,MEM,23.0,52,33,27.6,3.3,7.3,0.446,1.5,4.0,0.378,2.0,2.5,0.8,1.1,4.4,5.6,3.4,0.9,0.7,1.8,2.6,10.0,regular
1631246,2024-25,00,1610612763,MEM,24.0,27,5,18.5,2.5,6.2,0.401,1.0,3.5,0.274,0.7,0.9,0.792,0.8,2.8,3.6,2.0,0.4,0.3,1.2,1.7,6.6,regular
1631246,2025-26,00,1610612763,MEM,25.0,34,12,21.6,2.7,7.8,0.352,1.4,4.7,0.308,1.1,1.4,0.804,1.0,3.0,4.0,4.4,0.8,0.4,1.9,2.1,8.0,regular
1631246,2025-26,00,1610612762,UTA,25.0,6,0,14.0,1.7,4.7,0.357,1.0,3.0,0.333,0.3,0.7,0.5,0.8,2.3,3.2,2.7,0.3,0.3,1.2,1.5,4.7,regular
1631246,2025-26,00,0,TOT,25.0,40,12,20.5,2.6,7.3,0.353,1.4,4.4,0.311,1.0,1.3,0.78,1.0,2.9,3.9,4.2,0.7,0.4,1.8,2.0,7.5,regular
1631246,2024-25,00,1610612763,MEM,24.0,3,0,12.7,1.3,2.3,0.571,1.3,2.3,0.571,0.7,0.7,1.0,0.3,2.0,2.3,1.3,0.7,0.3,1.0,1.0,4.7,playoffs
1629627,2019-20,00,1610612740,NOP,19.0,24,24,27.8,8.8,15.0,0.583,0.3,0.6,0.429,4.8,7.4,0.64,2.7,3.6,6.3,2.1,0.7,0.4,2.5,1.8,22.5,regular
1629627,2020-21,00,1610612740,NOP,20.0,61,61,33.2,10.4,17.0,0.611,0.2,0.6,0.294,6.0,8.7,0.698,2.7,4.5,7.2,3.7,0.9,0.6,2.7,2.2,27.0,regular
1629627,2022-23,00,1610612740,NOP,22.0,29,29,33.0,9.8,16.2,0.608,0.2,0.7,0.368,6.1,8.6,0.714,2.0,5.0,7.0,4.6,1.1,0.6,3.4,2.2,26.0,regular
1629627,2023-24,00,1610612740,NOP,23.0,70,70,31.5,8.9,15.6,0.57,0.1,0.3,0.333,5.0,7.1,0.702,1.7,4.1,5.8,5.0,1.1,0.7,2.8,2.3,22.9,regular
1629627,2024-25,00,1610612740,NOP,24.0,30,30,28.6,9.6,16.9,0.567,0.1,0.4,0.231,5.3,8.0,0.656,2.5,4.7,7.2,5.3,1.2,0.9,3.0,2.7,24.6,regular
1629627,2025-26,00,1610612740,NOP,25.0,62,55,29.7,7.8,13.0,0.6,0.0,0.1,0.25,5.4,7.5,0.716,2.0,3.7,5.7,3.2,1.0,0.5,2.0,2.3,21.0,regular
1630592,2023-24,00,1610612751,BKN,23.0,43,3,15.5,1.8,4.2,0.425,0.6,1.7,0.324,0.9,1.1,0.826,1.1,2.0,3.0,1.0,0.3,0.1,0.4,1.1,5.0,regular
1630592,2024-25,00,1610612751,BKN,24.0,79,22,25.7,3.1,7.8,0.397,1.5,4.6,0.337,1.7,2.1,0.818,0.9,2.5,3.4,1.8,0.5,0.1,1.0,2.1,9.5,regular
1630592,2025-26,00,1610612751,BKN,25.0,54,2,15.9,2.0,5.1,0.396,1.0,2.8,0.355,1.3,1.8,0.719,0.3,1.8,2.1,0.9,0.4,0.0,0.7,1.6,6.4,regular
1630164,2020-21,00,1610612744,GSW,20.0,39,27,21.4,4.9,9.4,0.519,0.3,1.0,0.316,1.4,2.2,0.628,1.4,4.4,5.8,0.7,0.3,0.9,1.5,3.1,11.5,regular
1630164,2022-23,00,1610612744,GSW,22.0,21,0,12.5,2.8,4.5,0.628,0.0,0.1,0.5,1.2,1.8,0.684,0.9,2.6,3.5,0.7,0.1,0.3,0.7,1.9,6.9,regular
1630164,2022-23,00,1610612765,DET,22.0,24,22,25.2,5.4,10.2,0.531,0.1,0.8,0.167,1.8,2.5,0.712,2.3,5.8,8.1,0.7,0.2,0.8,1.5,2.9,12.7,regular
1630164,2022-23,00,0,TOT,22.0,45,22,19.3,4.2,7.5,0.558,0.1,0.4,0.2,1.5,2.2,0.701,1.6,4.3,5.9,0.7,0.2,0.6,1.1,2.4,10.0,regular
1630164,2023-24,00,1610612765,DET,23.0,63,6,17.3,3.0,4.8,0.613,0.0,0.0,0.0,1.1,1.6,0.706,1.7,3.6,5.3,0.9,0.2,0.6,1.0,2.2,7.1,regular
1630164,2024-25,00,1610612754,IND,24.0,1,0,5.0,2.0,4.0,0.5,0.0,1.0,0.0,2.0,2.0,1.0,0.0,1.0,1.0,0.0,0.0,0.0,0.0,0.0,6.0,regular
1630164,2025-26,00,1610612754,IND,24.0,4,1,14.5,1.5,2.5,0.6,0.0,0.0,0.0,0.3,0.5,0.5,1.3,0.8,2.0,0.8,0.0,0.3,1.3,2.5,3.3,regular
1642874,2025-26,00,1610612751,BKN,21.0,57,15,20.8,3.1,7.7,0.405,1.2,3.7,0.322,1.5,1.9,0.771,1.0,3.9,4.9,2.2,0.5,0.6,1.3,2.2,8.9,regular
1627824,2017-18,00,1610612738,BOS,22.0,33,4,7.1,0.8,1.8,0.426,0.4,1.1,0.324,0.5,0.7,0.682,0.5,1.1,1.6,0.5,0.1,0.2,0.4,0.7,2.4,regular
1627824,2018-19,00,1610612738,BOS,23.0,41,1,6.1,0.9,1.9,0.455,0.2,0.7,0.321,0.4,0.5,0.682,0.6,0.7,1.3,0.4,0.2,0.2,0.4,0.8,2.3,regular
1627824,2024-25,00,1610612755,PHI,29.0,70,43,27.1,4.0,8.0,0.501,1.5,3.9,0.38,1.4,2.0,0.725,1.9,3.7,5.6,2.1,0.8,0.3,1.2,2.3,11.0,regular
1627824,2025-26,00,1610612752,NYK,30.0,41,0,8.9,1.0,2.6,0.393,0.5,1.7,0.294,0.2,0.3,0.667,0.6,1.5,2.1,0.4,0.1,0.1,0.4,0.9,2.7,regular
1627824,2025-26,00,1610612741,CHI,30.0,26,19,24.7,3.2,7.9,0.405,1.9,4.9,0.383,1.8,2.3,0.767,1.2,4.4,5.7,1.7,0.8,0.4,1.0,1.7,10.0,regular
1627824,2025-26,00,0,TOT,30.0,67,19,15.0,1.9,4.7,0.401,1.0,2.9,0.352,0.8,1.1,0.75,0.8,2.7,3.5,0.9,0.4,0.2,0.6,1.2,5.6,regular
1627824,2017-18,00,1610612738,BOS,22.0,12,0,4.0,0.1,0.8,0.111,0.0,0.5,0.0,0.2,0.4,0.4,0.3,0.7,0.9,0.3,0.2,0.0,0.0,0.8,0.3,playoffs
1627824,2018-19,00,1610612738,BOS,23.0,4,0,3.5,0.5,1.0,0.5,0.0,0.3,0.0,1.0,1.8,0.571,0.3,0.3,0.5,0.3,0.0,0.3,0.3,0.8,2.0,playoffs
1642905,2025-26,00,1610612757,POR,20.0,43,1,7.0,0.7,2.3,0.31,0.1,1.0,0.119,0.7,0.8,0.824,0.5,1.1,1.5,0.5,0.1,0.2,0.7,1.0,2.2,regular
1642905,2025-26,00,1610612757,POR,20.0,4,0,1.3,0.0,0.5,0.0,0.0,0.5,0.0,0.0,0.0,0.0,0.0,0.3,0.3,0.0,0.0,0.0,0.0,0.0,0.0,playoffs
1642443,2024-25,00,1610612741,CHI,24.0,6,0,5.0,0.7,0.8,0.8,0.2,0.3,0.5,0.3,0.3,1.0,0.2,0.3,0.5,1.0,0.0,0.0,0.2,0.3,1.8,regular
1642443,2025-26,00,1610612748,MIA,25.0,14,0,4.1,0.7,1.8,0.4,0.2,0.6,0.333,0.1,0.1,1.0,0.1,0.1,0.3,0.6,0.1,0.0,0.2,0.5,1.8,regular
1629027,2018-19,00,1610612737,ATL,20.0,81,81,30.9,6.5,15.5,0.418,1.9,6.0,0.324,4.2,5.1,0.829,0.8,2.9,3.7,8.1,0.9,0.2,3.8,1.7,19.1,regular
1629027,2019-20,00,1610612737,ATL,21.0,60,60,35.3,9.1,20.8,0.437,3.4,9.5,0.361,8.0,9.3,0.86,0.5,3.7,4.3,9.3,1.1,0.1,4.8,1.7,29.6,regular
1629027,2020-21,00,1610612737,ATL,22.0,63,63,33.7,7.7,17.7,0.438,2.2,6.3,0.343,7.7,8.7,0.886,0.6,3.3,3.9,9.4,0.8,0.2,4.1,1.8,25.3,regular
1629027,2021-22,00,1610612737,ATL,23.0,76,76,34.9,9.4,20.3,0.46,3.1,8.0,0.382,6.6,7.3,0.904,0.7,3.1,3.7,9.7,0.9,0.1,4.0,1.7,28.4,regular
1629027,2022-23,00,1610612737,ATL,24.0,73,73,34.8,8.2,19.0,0.429,2.1,6.3,0.335,7.8,8.8,0.886,0.8,2.2,3.0,10.2,1.1,0.1,4.1,1.4,26.2,regular
1629027,2023-24,00,1610612737,ATL,25.0,54,54,36.0,8.0,18.7,0.43,3.2,8.7,0.373,6.4,7.5,0.855,0.4,2.3,2.8,10.8,1.3,0.2,4.4,2.0,25.7,regular
1629027,2024-25,00,1610612737,ATL,26.0,76,76,36.0,7.4,18.1,0.411,2.9,8.4,0.34,6.5,7.4,0.875,0.5,2.6,3.1,11.6,1.2,0.2,4.7,1.9,24.2,regular
1629027,2025-26,00,1610612737,ATL,27.0,10,10,28.0,5.6,13.5,0.415,1.8,5.9,0.305,6.3,7.3,0.863,0.0,1.5,1.5,8.9,1.0,0.1,2.6,2.0,19.3,regular
1629027,2025-26,00,1610612764,WAS,27.0,5,5,20.8,5.0,8.4,0.595,1.8,4.2,0.429,3.4,4.8,0.708,0.8,2.2,3.0,6.2,0.6,0.2,2.6,2.6,15.2,regular
1629027,2025-26,00,0,TOT,27.0,15,15,25.6,5.4,11.8,0.458,1.8,5.3,0.338,5.3,6.5,0.825,0.3,1.7,2.0,8.0,0.9,0.1,2.6,2.2,17.9,regular
1629027,2020-21,00,1610612737,ATL,22.0,16,16,37.7,9.4,22.4,0.418,2.8,9.0,0.313,7.3,8.4,0.866,0.4,2.4,2.8,9.5,1.3,0.0,4.0,2.2,28.8,playoffs
1629027,2021-22,00,1610612737,ATL,23.0,5,5,37.4,4.4,13.8,0.319,1.4,7.6,0.184,5.2,6.6,0.788,1.0,4.0,5.0,6.0,0.6,0.0,6.2,2.6,15.4,playoffs
1629027,2022-23,00,1610612737,ATL,24.0,6,6,38.3,10.0,24.8,0.403,3.0,9.0,0.333,6.2,7.2,0.86,0.8,2.8,3.7,10.2,1.7,0.7,4.0,1.8,29.2,playoffs
1642959,2025-26,00,1610612760,OKC,24.0,32,0,5.4,0.6,1.9,0.333,0.5,1.6,0.314,0.3,0.3,0.9,0.2,0.7,0.9,0.3,0.1,0.1,0.1,0.6,2.0,regular
1642959,2025-26,00,1610612757,POR,24.0,2,0,5.5,1.0,1.5,0.667,1.0,1.5,0.667,0.0,0.0,0.0,0.0,0.0,0.0,0.5,0.0,0.0,0.0,1.0,3.0,regular
1642959,2025-26,00,0,TOT,24.0,34,0,5.4,0.6,1.9,0.349,0.5,1.6,0.333,0.3,0.3,0.9,0.2,0.6,0.8,0.4,0.1,0.1,0.1,0.6,2.1,regular
1642911,2025-26,00,1610612750,MIN,19.0,5,0,7.2,1.0,1.6,0.625,0.0,0.0,0.0,0.8,0.8,1.0,0.4,2.4,2.8,0.4,0.0,1.0,0.2,0.6,2.8,regular
1627826,2016-17,00,1610612747,LAL,20.0,38,11,16.0,3.3,6.3,0.529,0.0,0.1,0.0,0.8,1.3,0.653,1.1,3.1,4.2,0.8,0.4,0.9,0.8,1.7,7.5,regular
1627826,2017-18,00,1610612747,LAL,21.0,43,0,9.5,1.4,2.8,0.5,0.0,0.0,0.0,0.9,1.2,0.765,1.0,1.8,2.9,0.6,0.2,0.3,0.6,1.1,3.7,regular
1627826,2018-19,00,1610612747,LAL,22.0,33,12,15.6,3.4,5.8,0.58,0.0,0.0,0.0,1.7,2.0,0.864,1.6,3.3,4.9,0.8,0.1,0.8,1.0,2.2,8.5,regular
1627826,2018-19,00,1610612746,LAC,22.0,26,25,20.2,3.8,7.2,0.538,0.0,0.0,0.0,1.7,2.3,0.733,2.3,5.3,7.7,1.5,0.4,0.9,1.4,2.5,9.4,regular
1627826,2018-19,00,0,TOT,22.0,59,37,17.6,3.6,6.4,0.559,0.0,0.0,0.0,1.7,2.1,0.802,1.9,4.2,6.1,1.1,0.2,0.9,1.2,2.3,8.9,regular
1627826,2019-20,00,1610612746,LAC,23.0,72,70,18.4,3.3,5.3,0.613,0.0,0.0,0.0,1.7,2.3,0.747,2.7,4.8,7.5,1.1,0.2,0.9,0.8,2.3,8.3,regular
1627826,2020-21,00,1610612746,LAC,24.0,72,33,22.3,3.6,5.5,0.652,0.0,0.1,0.25,1.9,2.4,0.789,2.6,4.6,7.2,1.3,0.3,0.9,1.1,2.6,9.0,regular
1627826,2021-22,00,1610612746,LAC,25.0,76,76,24.4,4.1,6.5,0.626,0.0,0.0,0.0,2.2,3.0,0.727,2.9,5.6,8.5,1.6,0.5,1.0,1.5,2.7,10.3,regular
1627826,2022-23,00,1610612746,LAC,26.0,76,76,28.5,4.3,6.8,0.634,0.0,0.0,0.0,2.2,3.1,0.697,3.1,6.8,9.9,1.0,0.4,1.3,1.5,2.9,10.8,regular
1627826,2023-24,00,1610612746,LAC,27.0,68,68,26.4,5.0,7.6,0.649,0.0,0.0,0.0,1.8,2.4,0.723,2.9,6.3,9.2,1.4,0.3,1.2,1.2,2.6,11.7,regular
1627826,2024-25,00,1610612746,LAC,28.0,80,80,32.8,7.4,11.8,0.628,0.0,0.0,0.0,2.0,3.0,0.661,3.8,8.9,12.6,2.7,0.7,1.1,1.6,2.1,16.8,regular
1627826,2025-26,00,1610612746,LAC,28.0,43,42,30.9,6.1,10.0,0.613,0.0,0.0,0.0,2.2,3.1,0.705,3.4,7.6,11.0,2.2,0.4,0.8,1.9,2.4,14.4,regular
1627826,2025-26,00,1610612754,IND,28.0,5,5,23.6,5.0,10.6,0.472,0.0,0.0,0.0,1.6,2.0,0.8,2.8,4.4,7.2,1.8,0.4,0.8,0.8,1.6,11.6,regular
1627826,2025-26,00,0,TOT,28.0,48,47,30.1,6.0,10.0,0.598,0.0,0.0,0.0,2.1,3.0,0.711,3.4,7.2,10.6,2.2,0.4,0.8,1.8,2.3,14.1,regular
1627826,2018-19,00,1610612746,LAC,22.0,4,3,9.8,2.3,4.5,0.5,0.0,0.0,0.0,0.5,0.8,0.667,2.8,2.8,5.5,0.3,0.5,0.5,1.0,1.3,5.0,playoffs
1627826,2019-20,00,1610612746,LAC,23.0,13,13,24.6,3.4,6.0,0.564,0.0,0.0,0.0,2.3,2.8,0.811,2.4,4.8,7.2,0.6,0.2,0.8,0.9,2.6,9.1,playoffs
1627826,2020-21,00,1610612746,LAC,24.0,17,7,17.7,2.0,3.4,0.596,0.0,0.0,0.0,2.3,2.9,0.796,2.5,3.3,5.8,0.4,0.1,0.7,0.9,1.9,6.3,playoffs
1627826,2022-23,00,1610612746,LAC,26.0,5,5,26.0,3.4,6.0,0.567,0.0,0.0,0.0,2.4,3.2,0.75,3.2,6.4,9.6,0.6,0.6,0.2,2.2,1.6,9.2,playoffs
1627826,2023-24,00,1610612746,LAC,27.0,6,6,32.0,7.0,11.7,0.6,0.0,0.0,0.0,2.2,3.3,0.65,3.0,6.3,9.3,1.0,0.8,0.5,1.3,3.5,16.2,playoffs
1627826,2024-25,00,1610612746,LAC,28.0,7,7,36.6,7.7,11.7,0.659,0.0,0.0,0.0,2.0,3.7,0.538,3.9,6.3,10.1,2.3,0.7,1.0,1.6,2.7,17.4,playoffs
1641783,2024-25,00,1610612753,ORL,24.0,74,38,22.0,2.7,6.5,0.412,1.1,3.2,0.335,0.7,0.9,0.873,1.0,2.3,3.3,1.5,0.4,0.2,0.8,1.3,7.2,regular
1641783,2025-26,00,1610612753,ORL,24.0,77,34,24.7,3.6,8.1,0.45,1.6,4.2,0.374,1.1,1.2,0.884,0.8,2.9,3.7,1.6,0.9,0.3,0.9,1.5,9.9,regular
1641783,2024-25,00,1610612753,ORL,24.0,2,0,2.5,0.0,0.5,0.0,0.0,0.5,0.0,0.0,0.0,0.0,0.0,2.0,2.0,0.5,0.0,0.0,1.0,0.0,0.0,playoffs
1641783,2025-26,00,1610612753,ORL,24.0,7,0,15.3,1.6,4.1,0.379,0.7,2.3,0.313,0.3,0.6,0.5,1.0,1.9,2.9,0.1,0.1,0.0,0.7,1.1,4.1,playoffs
203967,2016-17,00,1610612755,PHI,23.0,81,36,26.3,4.7,11.4,0.411,1.3,4.2,0.311,2.1,2.7,0.782,1.4,5.0,6.3,2.2,0.7,0.4,2.3,2.0,12.8,regular
203967,2017-18,00,1610612755,PHI,24.0,78,73,29.6,5.2,11.4,0.453,2.0,5.1,0.393,2.3,2.7,0.86,2.0,4.7,6.7,2.6,0.7,0.3,1.9,2.1,14.6,regular
203967,2018-19,00,1610612755,PHI,25.0,13,13,30.5,3.7,10.2,0.364,1.6,5.4,0.3,2.1,2.3,0.9,1.6,5.0,6.6,2.0,0.3,0.2,1.9,3.0,11.1,regular
203967,2018-19,00,1610612750,MIN,25.0,68,28,23.9,3.8,8.3,0.454,1.4,3.7,0.383,1.5,1.8,0.875,1.5,3.9,5.5,1.5,0.6,0.1,1.1,2.1,10.5,regular
203967,2018-19,00,0,TOT,25.0,81,41,25.0,3.8,8.6,0.437,1.5,4.0,0.365,1.6,1.9,0.88,1.6,4.1,5.6,1.6,0.6,0.1,1.2,2.2,10.6,regular
203967,2019-20,00,1610612756,PHX,26.0,66,51,24.7,3.9,8.2,0.476,1.3,3.6,0.357,1.6,1.9,0.844,1.5,4.6,6.2,1.9,0.6,0.2,1.3,2.4,10.7,regular
203967,2020-21,00,1610612756,PHX,27.0,50,4,17.4,3.1,6.8,0.447,0.9,2.7,0.348,1.7,2.0,0.848,0.9,2.9,3.8,1.3,0.6,0.1,1.1,1.9,8.7,regular
203967,2022-23,00,1610612756,PHX,29.0,37,12,14.4,2.1,4.8,0.427,0.7,1.9,0.391,1.0,1.2,0.818,1.1,2.8,3.8,1.5,0.4,0.1,1.0,1.9,5.8,regular
203967,2022-23,00,1610612760,OKC,29.0,20,0,13.7,2.6,5.0,0.515,0.9,2.3,0.391,1.4,1.6,0.844,0.7,2.6,3.3,0.9,0.4,0.1,1.0,1.5,7.4,regular
203967,2022-23,00,0,TOT,29.0,57,12,14.1,2.2,4.9,0.458,0.8,2.0,0.391,1.1,1.3,0.829,0.9,2.7,3.6,1.3,0.4,0.1,1.0,1.7,6.4,regular
203967,2023-24,00,1610612744,GSW,30.0,64,9,17.2,2.8,6.1,0.466,1.2,3.1,0.376,1.2,1.5,0.849,1.1,3.3,4.4,2.3,0.5,0.2,1.2,1.8,8.0,regular
203967,2024-25,00,1610612743,DEN,31.0,16,4,13.1,1.3,3.6,0.362,0.4,1.6,0.269,0.4,0.6,0.7,0.9,2.3,3.1,1.4,0.4,0.1,0.9,1.2,3.5,regular
203967,2025-26,00,1610612758,SAC,31.0,5,0,8.2,0.2,1.2,0.167,0.2,0.6,0.333,0.4,0.4,1.0,0.2,1.0,1.2,0.4,0.0,0.0,0.4,0.6,1.0,regular
203967,2017-18,00,1610612755,PHI,24.0,10,10,32.9,5.9,14.0,0.421,2.0,5.2,0.385,3.4,4.0,0.85,3.2,4.1,7.3,3.5,1.0,0.4,1.5,2.8,17.2,playoffs
203967,2020-21,00,1610612756,PHX,27.0,14,0,10.5,1.5,3.2,0.467,0.6,1.3,0.444,0.9,1.0,0.929,0.6,1.9,2.5,1.0,0.1,0.1,0.4,1.5,4.5,playoffs
