gameId,teamId,teamCity,teamName,teamTricode,teamSlug,personId,firstName,familyName,nameI,playerSlug,position,comment,jerseyNum,minutes,fieldGoalsMade,fieldGoalsAttempted,fieldGoalsPercentage,threePointersMade,threePointersAttempted,threePointersPercentage,freeThrowsMade,freeThrowsAttempted,freeThrowsPercentage,reboundsOffensive,reboundsDefensive,reboundsTotal,assists,steals,blocks,turnovers,foulsPersonal,points,plusMinusPoints,SEASON,SEASON_TYPE
0042100101,1610612748,Miami,Heat,MIA,heat,202710,Jimmy,Butler III,J. Butler III,jimmy-butler-iii,F,,,33:18,9,15,0.6,1,2,0.5,2,7,0.286,1,5,6,4,3,0,3,2,21,27.0,2021-22,Playoffs
0042100101,1610612748,Miami,Heat,MIA,heat,200782,P.J.,Tucker,P. Tucker,pj-tucker,F,,,24:19,6,8,0.75,4,4,1.0,0,0,0.0,0,5,5,1,0,0,0,2,16,17.0,2021-22,Playoffs
0042100101,1610612748,Miami,Heat,MIA,heat,1628389,Bam,Adebayo,B. Adebayo,bam-adebayo,C,,,27:51,1,5,0.2,0,0,0.0,4,4,1.0,0,6,6,5,1,1,4,2,6,27.0,2021-22,Playoffs
0042100101,1610612748,Miami,Heat,MIA,heat,1629622,Max,Strus,M. Strus,max-strus,G,,,25:08,3,8,0.375,1,5,0.2,2,3,0.667,0,2,2,1,2,1,0,3,9,8.0,2021-22,Playoffs
0042100101,1610612748,Miami,Heat,MIA,heat,200768,Kyle,Lowry,K. Lowry,kyle-lowry,G,,,28:41,4,8,0.5,2,4,0.5,0,0,0.0,0,4,4,9,2,0,0,1,10,21.0,2021-22,Playoffs
0042100101,1610612748,Miami,Heat,MIA,heat,1629639,Tyler,Herro,T. Herro,tyler-herro,,,,22:40,3,11,0.273,0,4,0.0,0,0,0.0,0,5,5,5,2,0,5,2,6,6.0,2021-22,Playoffs
0042100101,1610612748,Miami,Heat,MIA,heat,203473,Dewayne,Dedmon,D. Dedmon,dewayne-dedmon,,,,15:11,2,4,0.5,0,1,0.0,1,1,1.0,2,3,5,3,1,0,1,3,5,3.0,2021-22,Playoffs
0042100101,1610612748,Miami,Heat,MIA,heat,1629130,Duncan,Robinson,D. Robinson,duncan-robinson,,,,22:52,9,10,0.9,8,9,0.889,1,1,1.0,0,1,1,0,0,0,0,2,27,16.0,2021-22,Playoffs
0042100101,1610612748,Miami,Heat,MIA,heat,1629216,Gabe,Vincent,G. Vincent,gabe-vincent,,,,25:06,3,8,0.375,2,7,0.286,0,0,0.0,1,2,3,7,0,1,1,4,8,13.0,2021-22,Playoffs
0042100101,1610612748,Miami,Heat,MIA,heat,1630209,Omer,Yurtseven,O. Yurtseven,omer-yurtseven,,,,4:58,2,3,0.667,0,1,0.0,1,2,0.5,0,1,1,0,0,0,0,1,5,-6.0,2021-22,Playoffs
0042100101,1610612748,Miami,Heat,MIA,heat,1628997,Caleb,Martin,C. Martin,caleb-martin,,,,4:58,1,2,0.5,0,1,0.0,0,0,0.0,0,1,1,0,1,0,0,0,2,-6.0,2021-22,Playoffs
0042100101,1610612748,Miami,Heat,MIA,heat,1629312,Haywood,Highsmith,H. Highsmith,haywood-highsmith,,,,4:58,0,0,0.0,0,0,0.0,0,0,0.0,0,1,1,0,0,0,1,0,0,-6.0,2021-22,Playoffs
0042100101,1610612748,Miami,Heat,MIA,heat,2617,Udonis,Haslem,U. Haslem,udonis-haslem,,DNP - Coach's Decision,,,0,0,0.0,0,0,0.0,0,0,0.0,0,0,0,0,0,0,0,0,0,0.0,2021-22,Playoffs
0042100101,1610612748,Miami,Heat,MIA,heat,202693,Markieff,Morris,M. Morris,markieff-morris,,DNP - Coach's Decision,,,0,0,0.0,0,0,0.0,0,0,0.0,0,0,0,0,0,0,0,0,0,0.0,2021-22,Playoffs
0042100101,1610612748,Miami,Heat,MIA,heat,203506,Victor,Oladipo,V. Oladipo,victor-oladipo,,DNP - Coach's Decision,,,0,0,0.0,0,0,0.0,0,0,0.0,0,0,0,0,0,0,0,0,0,0.0,2021-22,Playoffs
0042100101,1610612737,Atlanta,Hawks,ATL,hawks,1629631,De'Andre,Hunter,D. Hunter,deandre-hunter,F,,,34:50,6,8,0.75,2,2,1.0,0,0,0.0,0,3,3,0,1,0,2,3,14,-31.0,2021-22,Playoffs
0042100101,1610612737,Atlanta,Hawks,ATL,hawks,201568,Danilo,Gallinari,D. Gallinari,danilo-gallinari,F,,,29:12,5,12,0.417,1,3,0.333,6,6,1.0,0,5,5,0,0,0,1,2,17,-17.0,2021-22,Playoffs
0042100101,1610612737,Atlanta,Hawks,ATL,hawks,1630168,Onyeka,Okongwu,O. Okongwu,onyeka-okongwu,C,,,20:33,1,3,0.333,0,0,0.0,1,2,0.5,3,4,7,1,0,1,0,4,3,-29.0,2021-22,Playoffs
0042100101,1610612737,Atlanta,Hawks,ATL,hawks,1628989,Kevin,Huerter,K. Huerter,kevin-huerter,G,,,23:13,3,8,0.375,2,6,0.333,0,0,0.0,1,0,1,2,1,1,2,2,8,-21.0,2021-22,Playoffs
0042100101,1610612737,Atlanta,Hawks,ATL,hawks,1629027,Trae,Young,T. Young,trae-young,G,,,28:27,1,12,0.083,0,7,0.0,6,7,0.857,1,5,6,4,2,0,6,1,8,-22.0,2021-22,Playoffs
0042100101,1610612737,Atlanta,Hawks,ATL,hawks,203992,Bogdan,Bogdanović,B. Bogdanović,bogdan-bogdanović,,,,25:53,0,8,0.0,0,4,0.0,6,6,1.0,1,2,3,2,0,0,2,3,6,-18.0,2021-22,Playoffs
0042100101,1610612737,Atlanta,Hawks,ATL,hawks,1628381,John,Collins,J. Collins,john-collins,,,,21:19,4,6,0.667,1,2,0.5,1,3,0.333,0,4,4,1,1,0,0,0,10,2.0,2021-22,Playoffs
0042100101,1610612737,Atlanta,Hawks,ATL,hawks,1626153,Delon,Wright,D. Wright,delon-wright,,,,20:57,2,6,0.333,1,4,0.25,0,0,0.0,1,1,2,6,2,0,1,0,5,-7.0,2021-22,Playoffs
0042100101,1610612737,Atlanta,Hawks,ATL,hawks,1627789,Timothe,Luwawu-Cabarrot,T. Luwawu-Cabarrot,timothe-luwawu-cabarrot,,,,14:34,2,4,0.5,1,3,0.333,0,0,0.0,0,3,3,0,0,0,1,4,5,2.0,2021-22,Playoffs
0042100101,1610612737,Atlanta,Hawks,ATL,hawks,203476,Gorgui,Dieng,G. Dieng,gorgui-dieng,,,,6:08,1,1,1.0,0,0,0.0,1,1,1.0,1,0,1,0,0,0,0,0,3,3.0,2021-22,Playoffs
0042100101,1610612737,Atlanta,Hawks,ATL,hawks,1630552,Jalen,Johnson,J. Johnson,jalen-johnson,,,,4:58,0,1,0.0,0,1,0.0,0,0,0.0,0,0,0,0,0,0,0,0,0,6.0,2021-22,Playoffs
0042100101,1610612737,Atlanta,Hawks,ATL,hawks,1630219,Skylar,Mays,S. Mays,skylar-mays,,,,4:58,1,1,1.0,0,0,0.0,0,0,0.0,0,1,1,0,0,0,0,0,2,6.0,2021-22,Playoffs
0042100101,1610612737,Atlanta,Hawks,ATL,hawks,1628995,Kevin,Knox II,K. Knox II,kevin-knox-ii,,,,4:58,3,5,0.6,2,4,0.5,2,2,1.0,0,2,2,0,1,0,3,0,10,6.0,2021-22,Playoffs
0042100102,1610612748,Miami,Heat,MIA,heat,202710,Jimmy,Butler III,J. Butler III,jimmy-butler-iii,F,,,39:01,15,25,0.6,4,7,0.571,11,12,0.917,0,5,5,5,2,0,0,0,45,19.0,2021-22,Playoffs
0042100102,1610612748,Miami,Heat,MIA,heat,200782,P.J.,Tucker,P. Tucker,pj-tucker,F,,,24:12,1,3,0.333,1,2,0.5,0,0,0.0,0,6,6,2,1,0,2,5,3,5.0,2021-22,Playoffs
0042100102,1610612748,Miami,Heat,MIA,heat,1628389,Bam,Adebayo,B. Adebayo,bam-adebayo,C,,,23:36,3,6,0.5,0,0,0.0,3,4,0.75,1,3,4,3,0,1,4,4,9,-1.0,2021-22,Playoffs
0042100102,1610612748,Miami,Heat,MIA,heat,1629622,Max,Strus,M. Strus,max-strus,G,,,22:01,5,10,0.5,3,8,0.375,1,1,1.0,0,1,1,4,2,0,1,2,14,6.0,2021-22,Playoffs
0042100102,1610612748,Miami,Heat,MIA,heat,200768,Kyle,Lowry,K. Lowry,kyle-lowry,G,,,37:06,2,8,0.25,1,6,0.167,4,5,0.8,0,3,3,2,0,3,3,1,9,12.0,2021-22,Playoffs
0042100102,1610612748,Miami,Heat,MIA,heat,1629639,Tyler,Herro,T. Herro,tyler-herro,,,,31:22,5,11,0.455,1,4,0.25,4,4,1.0,0,3,3,2,0,1,1,3,15,-7.0,2021-22,Playoffs
0042100102,1610612748,Miami,Heat,MIA,heat,203473,Dewayne,Dedmon,D. Dedmon,dewayne-dedmon,,,,13:16,3,5,0.6,0,1,0.0,0,0,0.0,3,6,9,0,0,0,1,4,6,7.0,2021-22,Playoffs
0042100102,1610612748,Miami,Heat,MIA,heat,1629216,Gabe,Vincent,G. Vincent,gabe-vincent,,,,25:40,3,6,0.5,3,5,0.6,2,3,0.667,0,1,1,3,2,0,2,2,11,2.0,2021-22,Playoffs
0042100102,1610612748,Miami,Heat,MIA,heat,1629130,Duncan,Robinson,D. Robinson,duncan-robinson,,,,6:40,0,0,0.0,0,0,0.0,0,0,0.0,0,2,2,0,0,0,0,2,0,1.0,2021-22,Playoffs
0042100102,1610612748,Miami,Heat,MIA,heat,1628997,Caleb,Martin,C. Martin,caleb-martin,,,,17:06,1,5,0.2,1,3,0.333,0,0,0.0,0,0,0,0,2,1,0,1,3,6.0,2021-22,Playoffs
0042100102,1610612748,Miami,Heat,MIA,heat,2617,Udonis,Haslem,U. Haslem,udonis-haslem,,DNP - Coach's Decision,,,0,0,0.0,0,0,0.0,0,0,0.0,0,0,0,0,0,0,0,0,0,0.0,2021-22,Playoffs
0042100102,1610612748,Miami,Heat,MIA,heat,1629312,Haywood,Highsmith,H. Highsmith,haywood-highsmith,,DNP - Coach's Decision,,,0,0,0.0,0,0,0.0,0,0,0.0,0,0,0,0,0,0,0,0,0,0.0,2021-22,Playoffs
0042100102,1610612748,Miami,Heat,MIA,heat,202693,Markieff,Morris,M. Morris,markieff-morris,,DNP - Coach's Decision,,,0,0,0.0,0,0,0.0,0,0,0.0,0,0,0,0,0,0,0,0,0,0.0,2021-22,Playoffs
0042100102,1610612748,Miami,Heat,MIA,heat,203506,Victor,Oladipo,V. Oladipo,victor-oladipo,,DNP - Coach's Decision,,,0,0,0.0,0,0,0.0,0,0,0.0,0,0,0,0,0,0,0,0,0,0.0,2021-22,Playoffs
0042100102,1610612748,Miami,Heat,MIA,heat,1630209,Omer,Yurtseven,O. Yurtseven,omer-yurtseven,,DNP - Coach's Decision,,,0,0,0.0,0,0,0.0,0,0,0.0,0,0,0,0,0,0,0,0,0,0.0,2021-22,Playoffs
0042100102,1610612737,Atlanta,Hawks,ATL,hawks,1629631,De'Andre,Hunter,D. Hunter,deandre-hunter,F,,,35:03,6,15,0.4,1,5,0.2,3,3,1.0,0,2,2,0,0,1,0,5,16,-8.0,2021-22,Playoffs
0042100102,1610612737,Atlanta,Hawks,ATL,hawks,201568,Danilo,Gallinari,D. Gallinari,danilo-gallinari,F,,,21:41,0,6,0.0,0,4,0.0,2,2,1.0,1,5,6,1,1,0,1,1,2,-11.0,2021-22,Playoffs
0042100102,1610612737,Atlanta,Hawks,ATL,hawks,1628381,John,Collins,J. Collins,john-collins,C,,,29:01,6,11,0.545,0,1,0.0,1,3,0.333,1,9,10,2,1,0,2,2,13,-6.0,2021-22,Playoffs
0042100102,1610612737,Atlanta,Hawks,ATL,hawks,1628989,Kevin,Huerter,K. Huerter,kevin-huerter,G,,,33:31,3,10,0.3,3,7,0.429,0,0,0.0,0,5,5,6,1,1,2,5,9,-17.0,2021-22,Playoffs
0042100102,1610612737,Atlanta,Hawks,ATL,hawks,1629027,Trae,Young,T. Young,trae-young,G,,,40:38,10,20,0.5,2,10,0.2,3,4,0.75,2,4,6,7,0,0,10,3,25,-11.0,2021-22,Playoffs
0042100102,1610612737,Atlanta,Hawks,ATL,hawks,203992,Bogdan,Bogdanović,B. Bogdanović,bogdan-bogdanović,,,,28:27,12,18,0.667,5,10,0.5,0,0,0.0,1,3,4,3,0,0,1,5,29,0.0,2021-22,Playoffs
0042100102,1610612737,Atlanta,Hawks,ATL,hawks,1626153,Delon,Wright,D. Wright,delon-wright,,,,29:25,3,5,0.6,1,3,0.333,2,2,1.0,2,1,3,2,2,0,2,0,9,8.0,2021-22,Playoffs
0042100102,1610612737,Atlanta,Hawks,ATL,hawks,1630168,Onyeka,Okongwu,O. Okongwu,onyeka-okongwu,,,,18:59,1,2,0.5,0,0,0.0,0,0,0.0,0,4,4,0,1,0,1,3,2,-4.0,2021-22,Playoffs
0042100102,1610612737,Atlanta,Hawks,ATL,hawks,1627789,Timothe,Luwawu-Cabarrot,T. Luwawu-Cabarrot,timothe-luwawu-cabarrot,,,,3:15,0,0,0.0,0,0,0.0,0,0,0.0,0,0,0,0,0,0,0,2,0,-1.0,2021-22,Playoffs
0042100102,1610612737,Atlanta,Hawks,ATL,hawks,203476,Gorgui,Dieng,G. Dieng,gorgui-dieng,,DNP - Coach's Decision,,,0,0,0.0,0,0,0.0,0,0,0.0,0,0,0,0,0,0,0,0,0,0.0,2021-22,Playoffs
0042100102,1610612737,Atlanta,Hawks,ATL,hawks,1630552,Jalen,Johnson,J. Johnson,jalen-johnson,,DNP - Coach's Decision,,,0,0,0.0,0,0,0.0,0,0,0.0,0,0,0,0,0,0,0,0,0,0.0,2021-22,Playoffs
0042100102,1610612737,Atlanta,Hawks,ATL,hawks,1628995,Kevin,Knox II,K. Knox II,kevin-knox-ii,,DNP - Coach's Decision,,,0,0,0.0,0,0,0.0,0,0,0.0,0,0,0,0,0,0,0,0,0,0.0,2021-22,Playoffs
0042100102,1610612737,Atlanta,Hawks,ATL,hawks,1630219,Skylar,Mays,S. Mays,skylar-mays,,DNP - Coach's Decision,,,0,0,0.0,0,0,0.0,0,0,0.0,0,0,0,0,0,0,0,0,0,0.0,2021-22,Playoffs
0042100103,1610612737,Atlanta,Hawks,ATL,hawks,1629631,De'Andre,Hunter,D. Hunter,deandre-hunter,F,,,31:32,7,13,0.538,2,6,0.333,1,2,0.5,0,0,0,0,0,0,4,4,17,-12.0,2021-22,Playoffs
0042100103,1610612737,Atlanta,Hawks,ATL,hawks,201568,Danilo,Gallinari,D. Gallinari,danilo-gallinari,F,,,24:59,4,7,0.571,1,1,1.0,2,2,1.0,0,3,3,2,0,0,2,0,11,-23.0,2021-22,Playoffs
0042100103,1610612737,Atlanta,Hawks,ATL,hawks,1628381,John,Collins,J. Collins,john-collins,C,,,23:57,2,6,0.333,1,1,1.0,1,1,1.0,0,5,5,2,0,0,0,3,6,-18.0,2021-22,Playoffs
0042100103,1610612737,Atlanta,Hawks,ATL,hawks,1628989,Kevin,Huerter,K. Huerter,kevin-huerter,G,,,33:28,5,13,0.385,1,8,0.125,2,2,1.0,0,5,5,4,2,0,0,4,13,-5.0,2021-22,Playoffs
0042100103,1610612737,Atlanta,Hawks,ATL,hawks,1629027,Trae,Young,T. Young,trae-young,G,,,40:25,6,14,0.429,2,6,0.333,10,12,0.833,0,4,4,8,1,0,3,4,24,5.0,2021-22,Playoffs
0042100103,1610612737,Atlanta,Hawks,ATL,hawks,203992,Bogdan,Bogdanović,B. Bogdanović,bogdan-bogdanović,,,,31:51,7,17,0.412,4,9,0.444,0,0,0.0,1,7,8,6,1,1,1,1,18,16.0,2021-22,Playoffs
0042100103,1610612737,Atlanta,Hawks,ATL,hawks,1626153,Delon,Wright,D. Wright,delon-wright,,,,29:46,6,6,1.0,1,1,1.0,0,1,0.0,2,3,5,1,0,0,0,0,13,23.0,2021-22,Playoffs
0042100103,1610612737,Atlanta,Hawks,ATL,hawks,1630168,Onyeka,Okongwu,O. Okongwu,onyeka-okongwu,,,,24:03,4,4,1.0,0,0,0.0,1,1,1.0,2,4,6,0,1,2,1,4,9,19.0,2021-22,Playoffs
0042100103,1610612737,Atlanta,Hawks,ATL,hawks,203476,Gorgui,Dieng,G. Dieng,gorgui-dieng,,DNP - Coach's Decision,,,0,0,0.0,0,0,0.0,0,0,0.0,0,0,0,0,0,0,0,0,0,0.0,2021-22,Playoffs
0042100103,1610612737,Atlanta,Hawks,ATL,hawks,1630552,Jalen,Johnson,J. Johnson,jalen-johnson,,DNP - Coach's Decision,,,0,0,0.0,0,0,0.0,0,0,0.0,0,0,0,0,0,0,0,0,0,0.0,2021-22,Playoffs
0042100103,1610612737,Atlanta,Hawks,ATL,hawks,1628995,Kevin,Knox II,K. Knox II,kevin-knox-ii,,DNP - Coach's Decision,,,0,0,0.0,0,0,0.0,0,0,0.0,0,0,0,0,0,0,0,0,0,0.0,2021-22,Playoffs
0042100103,1610612737,Atlanta,Hawks,ATL,hawks,1627789,Timothe,Luwawu-Cabarrot,T. Luwawu-Cabarrot,timothe-luwawu-cabarrot,,DNP - Coach's Decision,,,0,0,0.0,0,0,0.0,0,0,0.0,0,0,0,0,0,0,0,0,0,0.0,2021-22,Playoffs
0042100103,1610612737,Atlanta,Hawks,ATL,hawks,1630219,Skylar,Mays,S. Mays,skylar-mays,,DNP - Coach's Decision,,,0,0,0.0,0,0,0.0,0,0,0.0,0,0,0,0,0,0,0,0,0,0.0,2021-22,Playoffs
0042100103,1610612748,Miami,Heat,MIA,heat,202710,Jimmy,Butler III,J. Butler III,jimmy-butler-iii,F,,,40:36,8,20,0.4,1,5,0.2,3,3,1.0,4,6,10,8,2,1,2,0,20,-1.0,2021-22,Playoffs
0042100103,1610612748,Miami,Heat,MIA,heat,200782,P.J.,Tucker,P. Tucker,pj-tucker,F,,,33:04,4,6,0.667,1,3,0.333,2,2,1.0,3,4,7,4,0,0,0,4,11,13.0,2021-22,Playoffs
0042100103,1610612748,Miami,Heat,MIA,heat,1628389,Bam,Adebayo,B. Adebayo,bam-adebayo,C,,,34:59,5,9,0.556,0,0,0.0,3,3,1.0,2,9,11,5,3,0,3,2,13,11.0,2021-22,Playoffs
0042100103,1610612748,Miami,Heat,MIA,heat,1629622,Max,Strus,M. Strus,max-strus,G,,,29:04,7,13,0.538,5,10,0.5,1,3,0.333,0,1,1,1,0,0,1,2,20,14.0,2021-22,Playoffs
0042100103,1610612748,Miami,Heat,MIA,heat,200768,Kyle,Lowry,K. Lowry,kyle-lowry,G,,,22:51,2,7,0.286,2,6,0.333,0,0,0.0,0,4,4,5,0,0,0,3,6,18.0,2021-22,Playoffs
0042100103,1610612748,Miami,Heat,MIA,heat,1629639,Tyler,Herro,T. Herro,tyler-herro,,,,33:31,10,22,0.455,4,11,0.364,0,0,0.0,0,7,7,4,0,1,3,3,24,-21.0,2021-22,Playoffs
0042100103,1610612748,Miami,Heat,MIA,heat,1629216,Gabe,Vincent,G. Vincent,gabe-vincent,,,,17:41,1,6,0.167,0,5,0.0,1,1,1.0,0,1,1,3,1,0,3,3,3,-15.0,2021-22,Playoffs
0042100103,1610612748,Miami,Heat,MIA,heat,1629130,Duncan,Robinson,D. Robinson,duncan-robinson,,,,14:24,1,4,0.25,1,4,0.25,3,3,1.0,0,2,2,0,0,0,2,4,6,-8.0,2021-22,Playoffs
0042100103,1610612748,Miami,Heat,MIA,heat,203473,Dewayne,Dedmon,D. Dedmon,dewayne-dedmon,,,,13:01,3,6,0.5,0,1,0.0,1,2,0.5,2,0,2,0,0,1,0,2,7,-12.0,2021-22,Playoffs
0042100103,1610612748,Miami,Heat,MIA,heat,1628997,Caleb,Martin,C. Martin,caleb-martin,,,,0:49,0,0,0.0,0,0,0.0,0,0,0.0,0,0,0,0,0,0,0,0,0,-4.0,2021-22,Playoffs
0042100103,1610612748,Miami,Heat,MIA,heat,2617,Udonis,Haslem,U. Haslem,udonis-haslem,,DNP - Coach's Decision,,,0,0,0.0,0,0,0.0,0,0,0.0,0,0,0,0,0,0,0,0,0,0.0,2021-22,Playoffs
0042100103,1610612748,Miami,Heat,MIA,heat,1629312,Haywood,Highsmith,H. Highsmith,haywood-highsmith,,DNP - Coach's Decision,,,0,0,0.0,0,0,0.0,0,0,0.0,0,0,0,0,0,0,0,0,0,0.0,2021-22,Playoffs
0042100103,1610612748,Miami,Heat,MIA,heat,202693,Markieff,Morris,M. Morris,markieff-morris,,DNP - Coach's Decision,,,0,0,0.0,0,0,0.0,0,0,0.0,0,0,0,0,0,0,0,0,0,0.0,2021-22,Playoffs
0042100103,1610612748,Miami,Heat,MIA,heat,203506,Victor,Oladipo,V. Oladipo,victor-oladipo,,DNP - Coach's Decision,,,0,0,0.0,0,0,0.0,0,0,0.0,0,0,0,0,0,0,0,0,0,0.0,2021-22,Playoffs
0042100103,1610612748,Miami,Heat,MIA,heat,1630209,Omer,Yurtseven,O. Yurtseven,omer-yurtseven,,DNP - Coach's Decision,,,0,0,0.0,0,0,0.0,0,0,0.0,0,0,0,0,0,0,0,0,0,0.0,2021-22,Playoffs
0042100104,1610612737,Atlanta,Hawks,ATL,hawks,1629631,De'Andre,Hunter,D. Hunter,deandre-hunter,F,,,30:30,9,13,0.692,4,6,0.667,2,4,0.5,1,2,3,1,0,0,1,2,24,-29.0,2021-22,Playoffs
0042100104,1610612737,Atlanta,Hawks,ATL,hawks,1628381,John,Collins,J. Collins,john-collins,F,,,21:41,4,8,0.5,2,4,0.5,1,2,0.5,0,2,2,1,0,1,2,5,11,-23.0,2021-22,Playoffs
0042100104,1610612737,Atlanta,Hawks,ATL,hawks,203991,Clint,Capela,C. Capela,clint-capela,C,,,20:59,1,4,0.25,0,0,0.0,0,0,0.0,2,5,7,0,0,0,0,0,2,-11.0,2021-22,Playoffs
0042100104,1610612737,Atlanta,Hawks,ATL,hawks,1628989,Kevin,Huerter,K. Huerter,kevin-huerter,G,,,30:05,1,7,0.143,1,5,0.2,1,2,0.5,0,3,3,4,0,0,4,1,4,-9.0,2021-22,Playoffs
0042100104,1610612737,Atlanta,Hawks,ATL,hawks,1629027,Trae,Young,T. Young,trae-young,G,,,35:31,3,11,0.273,3,10,0.3,0,1,0.0,0,1,1,5,0,0,5,3,9,-27.0,2021-22,Playoffs
0042100104,1610612737,Atlanta,Hawks,ATL,hawks,203992,Bogdan,Bogdanović,B. Bogdanović,bogdan-bogdanović,,,,20:43,1,6,0.167,0,3,0.0,2,4,0.5,1,3,4,1,0,0,0,3,4,-10.0,2021-22,Playoffs
0042100104,1610612737,Atlanta,Hawks,ATL,hawks,1626153,Delon,Wright,D. Wright,delon-wright,,,,25:43,2,6,0.333,1,3,0.333,2,4,0.5,3,4,7,2,0,1,0,0,7,-15.0,2021-22,Playoffs
0042100104,1610612737,Atlanta,Hawks,ATL,hawks,201568,Danilo,Gallinari,D. Gallinari,danilo-gallinari,,,,14:59,4,9,0.444,0,4,0.0,1,1,1.0,1,6,7,1,0,0,0,2,9,4.0,2021-22,Playoffs
0042100104,1610612737,Atlanta,Hawks,ATL,hawks,1630168,Onyeka,Okongwu,O. Okongwu,onyeka-okongwu,,,,18:30,1,2,0.5,0,0,0.0,2,2,1.0,3,2,5,0,0,1,2,4,4,0.0,2021-22,Playoffs
0042100104,1610612737,Atlanta,Hawks,ATL,hawks,1627789,Timothe,Luwawu-Cabarrot,T. Luwawu-Cabarrot,timothe-luwawu-cabarrot,,,,4:16,0,0,0.0,0,0,0.0,0,0,0.0,0,0,0,2,0,0,0,0,0,0.0,2021-22,Playoffs
0042100104,1610612737,Atlanta,Hawks,ATL,hawks,1630552,Jalen,Johnson,J. Johnson,jalen-johnson,,,,4:16,0,2,0.0,0,0,0.0,0,0,0.0,0,0,0,0,0,0,1,0,0,0.0,2021-22,Playoffs
0042100104,1610612737,Atlanta,Hawks,ATL,hawks,203476,Gorgui,Dieng,G. Dieng,gorgui-dieng,,,,4:16,0,1,0.0,0,1,0.0,0,0,0.0,0,2,2,0,0,0,0,0,0,0.0,2021-22,Playoffs
0042100104,1610612737,Atlanta,Hawks,ATL,hawks,1630219,Skylar,Mays,S. Mays,skylar-mays,,,,4:16,0,0,0.0,0,0,0.0,0,0,0.0,0,0,0,1,1,0,0,1,0,0.0,2021-22,Playoffs
0042100104,1610612737,Atlanta,Hawks,ATL,hawks,1628995,Kevin,Knox II,K. Knox II,kevin-knox-ii,,,,4:16,4,6,0.667,4,6,0.667,0,0,0.0,0,0,0,0,1,0,0,0,12,0.0,2021-22,Playoffs
0042100104,1610612748,Miami,Heat,MIA,heat,202710,Jimmy,Butler III,J. Butler III,jimmy-butler-iii,F,,,36:29,12,21,0.571,1,2,0.5,11,12,0.917,3,7,10,4,4,1,0,1,36,14.0,2021-22,Playoffs
0042100104,1610612748,Miami,Heat,MIA,heat,200782,P.J.,Tucker,P. Tucker,pj-tucker,F,,,27:47,5,7,0.714,2,4,0.5,2,2,1.0,3,5,8,3,0,0,0,1,14,22.0,2021-22,Playoffs
0042100104,1610612748,Miami,Heat,MIA,heat,1628389,Bam,Adebayo,B. Adebayo,bam-adebayo,C,,,29:44,6,11,0.545,0,0,0.0,2,3,0.667,4,4,8,1,0,0,1,4,14,8.0,2021-22,Playoffs
0042100104,1610612748,Miami,Heat,MIA,heat,1629622,Max,Strus,M. Strus,max-strus,G,,,35:40,4,16,0.25,4,14,0.286,0,0,0.0,2,3,5,3,1,0,1,3,12,34.0,2021-22,Playoffs
0042100104,1610612748,Miami,Heat,MIA,heat,1629216,Gabe,Vincent,G. Vincent,gabe-vincent,G,,,27:26,4,9,0.444,3,6,0.5,0,0,0.0,1,2,3,4,1,0,0,3,11,19.0,2021-22,Playoffs
0042100104,1610612748,Miami,Heat,MIA,heat,203473,Dewayne,Dedmon,D. Dedmon,dewayne-dedmon,,,,3:35,1,1,1.0,0,0,0.0,1,1,1.0,0,0,0,0,0,0,0,2,3,1.0,2021-22,Playoffs
0042100104,1610612748,Miami,Heat,MIA,heat,1629639,Tyler,Herro,T. Herro,tyler-herro,,,,21:09,1,8,0.125,0,5,0.0,1,2,0.5,0,3,3,1,1,0,0,0,3,7.0,2021-22,Playoffs
0042100104,1610612748,Miami,Heat,MIA,heat,1628997,Caleb,Martin,C. Martin,caleb-martin,,,,19:01,1,6,0.167,1,4,0.25,0,0,0.0,1,1,2,0,1,0,2,4,3,1.0,2021-22,Playoffs
0042100104,1610612748,Miami,Heat,MIA,heat,1629130,Duncan,Robinson,D. Robinson,duncan-robinson,,,,9:20,1,1,1.0,1,1,1.0,0,0,0.0,0,1,1,0,0,0,0,1,3,-10.0,2021-22,Playoffs
0042100104,1610612748,Miami,Heat,MIA,heat,203506,Victor,Oladipo,V. Oladipo,victor-oladipo,,,,23:04,3,10,0.3,0,5,0.0,0,0,0.0,1,7,8,4,0,0,1,4,6,28.0,2021-22,Playoffs
0042100104,1610612748,Miami,Heat,MIA,heat,1630209,Omer,Yurtseven,O. Yurtseven,omer-yurtseven,,,,3:23,1,1,1.0,0,0,0.0,0,1,0.0,0,0,0,1,0,0,0,0,2,-2.0,2021-22,Playoffs
0042100104,1610612748,Miami,Heat,MIA,heat,1629312,Haywood,Highsmith,H. Highsmith,haywood-highsmith,,,,3:23,1,1,1.0,1,1,1.0,0,0,0.0,0,0,0,1,0,0,1,0,3,-2.0,2021-22,Playoffs
0042100104,1610612748,Miami,Heat,MIA,heat,2617,Udonis,Haslem,U. Haslem,udonis-haslem,,DNP - Coach's Decision,,,0,0,0.0,0,0,0.0,0,0,0.0,0,0,0,0,0,0,0,0,0,0.0,2021-22,Playoffs
0042100104,1610612748,Miami,Heat,MIA,heat,202693,Markieff,Morris,M. Morris,markieff-morris,,DNP - Coach's Decision,,,0,0,0.0,0,0,0.0,0,0,0.0,0,0,0,0,0,0,0,0,0,0.0,2021-22,Playoffs
0042100105,1610612748,Miami,Heat,MIA,heat,1629622,Max,Strus,M. Strus,max-strus,F,,,32:23,6,12,0.5,3,8,0.375,0,0,0.0,2,3,5,2,2,0,2,5,15,0.0,2021-22,Playoffs
0042100105,1610612748,Miami,Heat,MIA,heat,200782,P.J.,Tucker,P. Tucker,pj-tucker,F,,,31:52,2,6,0.333,0,2,0.0,0,0,0.0,1,4,5,2,1,0,0,5,4,14.0,2021-22,Playoffs
0042100105,1610612748,Miami,Heat,MIA,heat,1628389,Bam,Adebayo,B. Adebayo,bam-adebayo,C,,,41:02,7,11,0.636,0,0,0.0,6,8,0.75,2,9,11,4,1,1,3,4,20,5.0,2021-22,Playoffs
0042100105,1610612748,Miami,Heat,MIA,heat,203506,Victor,Oladipo,V. Oladipo,victor-oladipo,G,,,36:10,8,16,0.5,3,6,0.5,4,4,1.0,0,1,1,3,3,0,2,3,23,7.0,2021-22,Playoffs
0042100105,1610612748,Miami,Heat,MIA,heat,1629216,Gabe,Vincent,G. Vincent,gabe-vincent,G,,,29:47,3,8,0.375,1,2,0.5,2,2,1.0,0,4,4,4,2,0,1,1,9,9.0,2021-22,Playoffs
0042100105,1610612748,Miami,Heat,MIA,heat,1629639,Tyler,Herro,T. Herro,tyler-herro,,,,33:15,6,12,0.5,0,4,0.0,4,4,1.0,0,1,1,4,2,1,3,3,16,-6.0,2021-22,Playoffs
0042100105,1610612748,Miami,Heat,MIA,heat,1628997,Caleb,Martin,C. Martin,caleb-martin,,,,20:42,5,12,0.417,0,4,0.0,0,3,0.0,1,3,4,0,1,0,2,2,10,-11.0,2021-22,Playoffs
0042100105,1610612748,Miami,Heat,MIA,heat,1629130,Duncan,Robinson,D. Robinson,duncan-robinson,,,,12:30,0,5,0.0,0,5,0.0,0,0,0.0,0,0,0,0,0,0,0,0,0,-1.0,2021-22,Playoffs
0042100105,1610612748,Miami,Heat,MIA,heat,203473,Dewayne,Dedmon,D. Dedmon,dewayne-dedmon,,,,2:21,0,0,0.0,0,0,0.0,0,0,0.0,1,1,2,0,0,0,1,2,0,-2.0,2021-22,Playoffs
0042100105,1610612748,Miami,Heat,MIA,heat,2617,Udonis,Haslem,U. Haslem,udonis-haslem,,DNP - Coach's Decision,,,0,0,0.0,0,0,0.0,0,0,0.0,0,0,0,0,0,0,0,0,0,0.0,2021-22,Playoffs
0042100105,1610612748,Miami,Heat,MIA,heat,1629312,Haywood,Highsmith,H. Highsmith,haywood-highsmith,,DNP - Coach's Decision,,,0,0,0.0,0,0,0.0,0,0,0.0,0,0,0,0,0,0,0,0,0,0.0,2021-22,Playoffs
0042100105,1610612748,Miami,Heat,MIA,heat,202693,Markieff,Morris,M. Morris,markieff-morris,,DNP - Coach's Decision,,0:00,0,0,0.0,0,0,0.0,0,0,0.0,0,0,0,0,0,0,0,0,0,0.0,2021-22,Playoffs
0042100105,1610612748,Miami,Heat,MIA,heat,1630209,Omer,Yurtseven,O. Yurtseven,omer-yurtseven,,DNP - Coach's Decision,,,0,0,0.0,0,0,0.0,0,0,0.0,0,0,0,0,0,0,0,0,0,0.0,2021-22,Playoffs
0042100105,1610612737,Atlanta,Hawks,ATL,hawks,1629631,De'Andre,Hunter,D. Hunter,deandre-hunter,F,,,42:42,11,21,0.524,3,7,0.429,10,11,0.909,1,10,11,2,3,0,4,6,35,3.0,2021-22,Playoffs
0042100105,1610612737,Atlanta,Hawks,ATL,hawks,1628381,John,Collins,J. Collins,john-collins,F,,,25:38,3,8,0.375,0,3,0.0,1,1,1.0,1,1,2,0,0,0,1,2,7,-21.0,2021-22,Playoffs
0042100105,1610612737,Atlanta,Hawks,ATL,hawks,203991,Clint,Capela,C. Capela,clint-capela,C,,,19:25,1,2,0.5,0,0,0.0,0,0,0.0,2,6,8,0,1,1,1,2,2,-16.0,2021-22,Playoffs
0042100105,1610612737,Atlanta,Hawks,ATL,hawks,1628989,Kevin,Huerter,K. Huerter,kevin-huerter,G,,,33:14,5,9,0.556,2,5,0.4,0,0,0.0,0,1,1,3,2,1,3,3,12,-10.0,2021-22,Playoffs
0042100105,1610612737,Atlanta,Hawks,ATL,hawks,1629027,Trae,Young,T. Young,trae-young,G,,,41:29,2,12,0.167,0,5,0.0,7,9,0.778,2,6,8,6,0,0,7,2,11,-3.0,2021-22,Playoffs
0042100105,1610612737,Atlanta,Hawks,ATL,hawks,1626153,Delon,Wright,D. Wright,delon-wright,,,,31:00,2,6,0.333,1,2,0.5,2,2,1.0,3,4,7,3,0,0,2,2,7,9.0,2021-22,Playoffs
0042100105,1610612737,Atlanta,Hawks,ATL,hawks,201568,Danilo,Gallinari,D. Gallinari,danilo-gallinari,,,,20:43,5,11,0.455,2,3,0.667,0,0,0.0,0,0,0,0,0,0,1,1,12,11.0,2021-22,Playoffs
0042100105,1610612737,Atlanta,Hawks,ATL,hawks,1630168,Onyeka,Okongwu,O. Okongwu,onyeka-okongwu,,,,25:45,2,5,0.4,0,0,0.0,4,5,0.8,3,2,5,1,2,0,0,4,8,12.0,2021-22,Playoffs
0042100105,1610612737,Atlanta,Hawks,ATL,hawks,1627789,Timothe,Luwawu-Cabarrot,T. Luwawu-Cabarrot,timothe-luwawu-cabarrot,,,,0:03,0,0,0.0,0,0,0.0,0,0,0.0,0,0,0,0,0,0,0,0,0,0.0,2021-22,Playoffs
0042100105,1610612737,Atlanta,Hawks,ATL,hawks,203992,Bogdan,Bogdanović,B. Bogdanović,bogdan-bogdanović,,DND - Injury/Illness,,,0,0,0.0,0,0,0.0,0,0,0.0,0,0,0,0,0,0,0,0,0,0.0,2021-22,Playoffs
0042100105,1610612737,Atlanta,Hawks,ATL,hawks,203476,Gorgui,Dieng,G. Dieng,gorgui-dieng,,DNP - Coach's Decision,,,0,0,0.0,0,0,0.0,0,0,0.0,0,0,0,0,0,0,0,0,0,0.0,2021-22,Playoffs
0042100105,1610612737,Atlanta,Hawks,ATL,hawks,1630552,Jalen,Johnson,J. Johnson,jalen-johnson,,DNP - Coach's Decision,,,0,0,0.0,0,0,0.0,0,0,0.0,0,0,0,0,0,0,0,0,0,0.0,2021-22,Playoffs
0042100105,1610612737,Atlanta,Hawks,ATL,hawks,1628995,Kevin,Knox II,K. Knox II,kevin-knox-ii,,DNP - Coach's Decision,,,0,0,0.0,0,0,0.0,0,0,0.0,0,0,0,0,0,0,0,0,0,0.0,2021-22,Playoffs
0042100105,1610612737,Atlanta,Hawks,ATL,hawks,1630219,Skylar,Mays,S. Mays,skylar-mays,,DNP - Coach's Decision,,,0,0,0.0,0,0,0.0,0,0,0.0,0,0,0,0,0,0,0,0,0,0.0,2021-22,Playoffs
0042100111,1610612738,Boston,Celtics,BOS,celtics,1628369,Jayson,Tatum,J. Tatum,jayson-tatum,F,,,44:54,9,18,0.5,3,7,0.429,10,12,0.833,1,3,4,8,1,2,5,4,31,2.0,2021-22,Playoffs
0042100111,1610612738,Boston,Celtics,BOS,celtics,201143,Al,Horford,A. Horford,al-horford,F,,,41:29,8,13,0.615,2,2,1.0,2,2,1.0,6,9,15,2,1,0,1,3,20,8.0,2021-22,Playoffs
0042100111,1610612738,Boston,Celtics,BOS,celtics,1628464,Daniel,Theis,D. Theis,daniel-theis,C,,,20:16,1,6,0.167,0,2,0.0,2,2,1.0,4,2,6,0,1,0,1,4,4,6.0,2021-22,Playoffs
0042100111,1610612738,Boston,Celtics,BOS,celtics,1627759,Jaylen,Brown,J. Brown,jaylen-brown,G,,,39:44,9,19,0.474,1,4,0.25,4,6,0.667,1,4,5,3,4,2,2,4,23,10.0,2021-22,Playoffs
0042100111,1610612738,Boston,Celtics,BOS,celtics,203935,Marcus,Smart,M. Smart,marcus-smart,G,,,36:16,8,17,0.471,4,9,0.444,0,0,0.0,2,5,7,6,2,0,3,4,20,6.0,2021-22,Playoffs
0042100111,1610612738,Boston,Celtics,BOS,celtics,1629684,Grant,Williams,G. Williams,grant-williams,,,,21:01,3,7,0.429,0,4,0.0,1,2,0.5,0,2,2,1,0,1,0,3,7,-17.0,2021-22,Playoffs
0042100111,1610612738,Boston,Celtics,BOS,celtics,1628401,Derrick,White,D. White,derrick-white,,,,27:54,3,8,0.375,1,4,0.25,0,0,0.0,0,3,3,4,3,0,2,2,7,-3.0,2021-22,Playoffs
0042100111,1610612738,Boston,Celtics,BOS,celtics,1630202,Payton,Pritchard,P. Pritchard,payton-pritchard,,,,8:27,1,1,1.0,1,1,1.0,0,0,0.0,0,1,1,0,0,0,0,0,3,-7.0,2021-22,Playoffs
0042100111,1610612738,Boston,Celtics,BOS,celtics,1630238,Malik,Fitts,M. Fitts,malik-fitts,,DNP - Coach's Decision,,,0,0,0.0,0,0,0.0,0,0,0.0,0,0,0,0,0,0,0,0,0,0.0,2021-22,Playoffs
0042100111,1610612738,Boston,Celtics,BOS,celtics,1630573,Sam,Hauser,S. Hauser,sam-hauser,,DNP - Coach's Decision,,,0,0,0.0,0,0,0.0,0,0,0.0,0,0,0,0,0,0,0,0,0,0.0,2021-22,Playoffs
0042100111,1610612738,Boston,Celtics,BOS,celtics,1628436,Luke,Kornet,L. Kornet,luke-kornet,,DNP - Coach's Decision,,,0,0,0.0,0,0,0.0,0,0,0.0,0,0,0,0,0,0,0,0,0,0.0,2021-22,Playoffs
0042100111,1610612738,Boston,Celtics,BOS,celtics,1629752,Juwan,Morgan,J. Morgan,juwan-morgan,,DNP - Coach's Decision,,,0,0,0.0,0,0,0.0,0,0,0.0,0,0,0,0,0,0,0,0,0,0.0,2021-22,Playoffs
0042100111,1610612738,Boston,Celtics,BOS,celtics,1630174,Aaron,Nesmith,A. Nesmith,aaron-nesmith,,DNP - Coach's Decision,,,0,0,0.0,0,0,0.0,0,0,0.0,0,0,0,0,0,0,0,0,0,0.0,2021-22,Playoffs
0042100111,1610612738,Boston,Celtics,BOS,celtics,203917,Nik,Stauskas,N. Stauskas,nik-stauskas,,DNP - Coach's Decision,,,0,0,0.0,0,0,0.0,0,0,0.0,0,0,0,0,0,0,0,0,0,0.0,2021-22,Playoffs
0042100111,1610612751,Brooklyn,Nets,BKN,nets,201142,Kevin,Durant,K. Durant,kevin-durant,F,,,41:01,9,24,0.375,1,5,0.2,4,5,0.8,0,4,4,3,1,1,6,3,23,-13.0,2021-22,Playoffs
0042100111,1610612751,Brooklyn,Nets,BKN,nets,1628971,Bruce,Brown,B. Brown,bruce-brown,F,,,36:38,2,3,0.667,1,1,1.0,0,0,0.0,0,1,1,2,2,0,2,5,5,-13.0,2021-22,Playoffs
0042100111,1610612751,Brooklyn,Nets,BKN,nets,203083,Andre,Drummond,A. Drummond,andre-drummond,C,,,17:19,3,4,0.75,0,0,0.0,2,2,1.0,1,3,4,0,2,1,2,4,8,-13.0,2021-22,Playoffs
0042100111,1610612751,Brooklyn,Nets,BKN,nets,203552,Seth,Curry,S. Curry,seth-curry,G,,,29:33,3,7,0.429,1,4,0.25,2,2,1.0,0,2,2,6,0,0,0,4,9,-1.0,2021-22,Playoffs
0042100111,1610612751,Brooklyn,Nets,BKN,nets,202681,Kyrie,Irving,K. Irving,kyrie-irving,G,,,42:08,12,20,0.6,6,10,0.6,9,9,1.0,1,4,5,6,4,1,3,4,39,6.0,2021-22,Playoffs
0042100111,1610612751,Brooklyn,Nets,BKN,nets,201988,Patty,Mills,P. Mills,patty-mills,,,,12:14,1,1,1.0,1,1,1.0,0,0,0.0,0,0,0,0,0,0,1,2,3,8.0,2021-22,Playoffs
0042100111,1610612751,Brooklyn,Nets,BKN,nets,1629651,Nic,Claxton,N. Claxton,nic-claxton,,,,30:38,6,8,0.75,0,0,0.0,1,5,0.2,2,6,8,1,1,3,1,1,13,10.0,2021-22,Playoffs
0042100111,1610612751,Brooklyn,Nets,BKN,nets,1630556,Kessler,Edwards,K. Edwards,kessler-edwards,,,,4:02,0,0,0.0,0,0,0.0,0,0,0.0,0,0,0,1,1,0,0,1,0,-6.0,2021-22,Playoffs
0042100111,1610612751,Brooklyn,Nets,BKN,nets,201609,Goran,Dragic,G. Dragic,goran-dragic,,,,26:29,6,11,0.545,1,3,0.333,1,1,1.0,1,4,5,1,1,0,1,2,14,17.0,2021-22,Playoffs
0042100111,1610612751,Brooklyn,Nets,BKN,nets,200746,LaMarcus,Aldridge,L. Aldridge,lamarcus-aldridge,,DNP - Coach's Decision,,,0,0,0.0,0,0,0.0,0,0,0.0,0,0,0,0,0,0,0,0,0,0.0,2021-22,Playoffs
0042100111,1610612751,Brooklyn,Nets,BKN,nets,201933,Blake,Griffin,B. Griffin,blake-griffin,,DNP - Coach's Decision,,,0,0,0.0,0,0,0.0,0,0,0.0,0,0,0,0,0,0,0,0,0,0.0,2021-22,Playoffs
0042100111,1610612751,Brooklyn,Nets,BKN,nets,1630549,Day'Ron,Sharpe,D. Sharpe,dayron-sharpe,,DNP - Coach's Decision,,,0,0,0.0,0,0,0.0,0,0,0.0,0,0,0,0,0,0,0,0,0,0.0,2021-22,Playoffs
0042100111,1610612751,Brooklyn,Nets,BKN,nets,1630560,Cam,Thomas,C. Thomas,cam-thomas,,DNP - Coach's Decision,,,0,0,0.0,0,0,0.0,0,0,0.0,0,0,0,0,0,0,0,0,0,0.0,2021-22,Playoffs
0042100112,1610612738,Boston,Celtics,BOS,celtics,1628369,Jayson,Tatum,J. Tatum,jayson-tatum,F,,,41:04,5,16,0.313,2,5,0.4,7,8,0.875,1,5,6,10,0,1,3,4,19,11.0,2021-22,Playoffs
0042100112,1610612738,Boston,Celtics,BOS,celtics,201143,Al,Horford,A. Horford,al-horford,F,,,32:23,6,10,0.6,3,6,0.5,1,2,0.5,1,5,6,2,2,1,0,6,16,11.0,2021-22,Playoffs
0042100112,1610612738,Boston,Celtics,BOS,celtics,1628464,Daniel,Theis,D. Theis,daniel-theis,C,,,30:54,7,9,0.778,0,2,0.0,1,2,0.5,0,6,6,2,1,0,2,5,15,-7.0,2021-22,Playoffs
0042100112,1610612738,Boston,Celtics,BOS,celtics,1627759,Jaylen,Brown,J. Brown,jaylen-brown,G,,,39:20,9,18,0.5,2,6,0.333,2,3,0.667,0,4,4,6,3,0,4,2,22,1.0,2021-22,Playoffs
0042100112,1610612738,Boston,Celtics,BOS,celtics,203935,Marcus,Smart,M. Smart,marcus-smart,G,,,35:42,3,9,0.333,1,6,0.167,5,6,0.833,0,1,1,5,1,0,4,3,12,-1.0,2021-22,Playoffs
0042100112,1610612738,Boston,Celtics,BOS,celtics,1629684,Grant,Williams,G. Williams,grant-williams,,,,32:00,4,4,1.0,3,3,1.0,6,6,1.0,4,2,6,0,0,2,0,3,17,9.0,2021-22,Playoffs
0042100112,1610612738,Boston,Celtics,BOS,celtics,1628401,Derrick,White,D. White,derrick-white,,,,13:06,0,2,0.0,0,1,0.0,3,4,0.75,1,2,3,1,0,0,0,3,3,-4.0,2021-22,Playoffs
0042100112,1610612738,Boston,Celtics,BOS,celtics,1630202,Payton,Pritchard,P. Pritchard,payton-pritchard,,,,15:31,5,7,0.714,0,2,0.0,0,0,0.0,0,4,4,1,0,0,1,1,10,15.0,2021-22,Playoffs
0042100112,1610612738,Boston,Celtics,BOS,celtics,1630238,Malik,Fitts,M. Fitts,malik-fitts,,DNP - Coach's Decision,,,0,0,0.0,0,0,0.0,0,0,0.0,0,0,0,0,0,0,0,0,0,0.0,2021-22,Playoffs
0042100112,1610612738,Boston,Celtics,BOS,celtics,1630573,Sam,Hauser,S. Hauser,sam-hauser,,DNP - Coach's Decision,,,0,0,0.0,0,0,0.0,0,0,0.0,0,0,0,0,0,0,0,0,0,0.0,2021-22,Playoffs
0042100112,1610612738,Boston,Celtics,BOS,celtics,1628436,Luke,Kornet,L. Kornet,luke-kornet,,DNP - Coach's Decision,,,0,0,0.0,0,0,0.0,0,0,0.0,0,0,0,0,0,0,0,0,0,0.0,2021-22,Playoffs
0042100112,1610612738,Boston,Celtics,BOS,celtics,1629752,Juwan,Morgan,J. Morgan,juwan-morgan,,DNP - Coach's Decision,,,0,0,0.0,0,0,0.0,0,0,0.0,0,0,0,0,0,0,0,0,0,0.0,2021-22,Playoffs
0042100112,1610612738,Boston,Celtics,BOS,celtics,1630174,Aaron,Nesmith,A. Nesmith,aaron-nesmith,,DNP - Coach's Decision,,,0,0,0.0,0,0,0.0,0,0,0.0,0,0,0,0,0,0,0,0,0,0.0,2021-22,Playoffs
0042100112,1610612738,Boston,Celtics,BOS,celtics,203917,Nik,Stauskas,N. Stauskas,nik-stauskas,,DNP - Coach's Decision,,,0,0,0.0,0,0,0.0,0,0,0.0,0,0,0,0,0,0,0,0,0,0.0,2021-22,Playoffs
0042100112,1610612751,Brooklyn,Nets,BKN,nets,201142,Kevin,Durant,K. Durant,kevin-durant,F,,,42:26,4,17,0.235,1,2,0.5,18,20,0.9,0,4,4,5,1,0,6,5,27,-10.0,2021-22,Playoffs
0042100112,1610612751,Brooklyn,Nets,BKN,nets,1628971,Bruce,Brown,B. Brown,bruce-brown,F,,,37:38,8,12,0.667,3,4,0.75,4,4,1.0,3,5,8,4,1,2,1,3,23,-8.0,2021-22,Playoffs
0042100112,1610612751,Brooklyn,Nets,BKN,nets,203083,Andre,Drummond,A. Drummond,andre-drummond,C,,,23:30,2,4,0.5,0,0,0.0,1,3,0.333,1,3,4,2,3,2,2,4,5,0.0,2021-22,Playoffs
0042100112,1610612751,Brooklyn,Nets,BKN,nets,203552,Seth,Curry,S. Curry,seth-curry,G,,,30:51,6,11,0.545,4,6,0.667,0,0,0.0,1,2,3,2,0,1,2,4,16,-3.0,2021-22,Playoffs
0042100112,1610612751,Brooklyn,Nets,BKN,nets,202681,Kyrie,Irving,K. Irving,kyrie-irving,G,,,40:20,4,13,0.308,0,1,0.0,2,2,1.0,3,5,8,1,0,1,2,3,10,-9.0,2021-22,Playoffs
0042100112,1610612751,Brooklyn,Nets,BKN,nets,1630556,Kessler,Edwards,K. Edwards,kessler-edwards,,,,3:08,0,0,0.0,0,0,0.0,0,0,0.0,0,0,0,0,0,0,1,2,0,1.0,2021-22,Playoffs
0042100112,1610612751,Brooklyn,Nets,BKN,nets,1629651,Nic,Claxton,N. Claxton,nic-claxton,,,,23:15,1,1,1.0,0,0,0.0,1,4,0.25,0,4,4,2,2,2,0,3,3,-10.0,2021-22,Playoffs
0042100112,1610612751,Brooklyn,Nets,BKN,nets,201988,Patty,Mills,P. Mills,patty-mills,,,,17:58,2,4,0.5,1,3,0.333,0,0,0.0,0,1,1,0,0,0,0,1,5,-1.0,2021-22,Playoffs
0042100112,1610612751,Brooklyn,Nets,BKN,nets,201609,Goran,Dragic,G. Dragic,goran-dragic,,,,20:08,8,14,0.571,1,5,0.2,1,1,1.0,1,3,4,0,1,0,0,3,18,1.0,2021-22,Playoffs
0042100112,1610612751,Brooklyn,Nets,BKN,nets,1630549,Day'Ron,Sharpe,D. Sharpe,dayron-sharpe,,,,0:23,0,0,0.0,0,0,0.0,0,0,0.0,0,0,0,0,0,0,0,0,0,2.0,2021-22,Playoffs
0042100112,1610612751,Brooklyn,Nets,BKN,nets,1630560,Cam,Thomas,C. Thomas,cam-thomas,,,,0:23,0,0,0.0,0,0,0.0,0,0,0.0,0,0,0,0,0,0,0,0,0,2.0,2021-22,Playoffs
0042100112,1610612751,Brooklyn,Nets,BKN,nets,200746,LaMarcus,Aldridge,L. Aldridge,lamarcus-aldridge,,DNP - Coach's Decision,,,0,0,0.0,0,0,0.0,0,0,0.0,0,0,0,0,0,0,0,0,0,0.0,2021-22,Playoffs
0042100112,1610612751,Brooklyn,Nets,BKN,nets,201933,Blake,Griffin,B. Griffin,blake-griffin,,DNP - Coach's Decision,,,0,0,0.0,0,0,0.0,0,0,0.0,0,0,0,0,0,0,0,0,0,0.0,2021-22,Playoffs
0042100113,1610612751,Brooklyn,Nets,BKN,nets,201142,Kevin,Durant,K. Durant,kevin-durant,F,,,45:54,6,11,0.545,2,3,0.667,2,2,1.0,1,7,8,8,1,0,5,3,16,-2.0,2021-22,Playoffs
0042100113,1610612751,Brooklyn,Nets,BKN,nets,1628971,Bruce,Brown,B. Brown,bruce-brown,F,,,40:24,10,19,0.526,2,7,0.286,4,6,0.667,3,5,8,3,2,1,5,5,26,1.0,2021-22,Playoffs
0042100113,1610612751,Brooklyn,Nets,BKN,nets,203083,Andre,Drummond,A. Drummond,andre-drummond,C,,,15:30,1,3,0.333,0,0,0.0,0,0,0.0,1,2,3,1,0,0,1,3,2,-9.0,2021-22,Playoffs
0042100113,1610612751,Brooklyn,Nets,BKN,nets,203552,Seth,Curry,S. Curry,seth-curry,G,,,34:10,4,8,0.5,2,4,0.5,0,0,0.0,1,0,1,2,1,0,1,4,10,-3.0,2021-22,Playoffs
0042100113,1610612751,Brooklyn,Nets,BKN,nets,202681,Kyrie,Irving,K. Irving,kyrie-irving,G,,,43:13,6,17,0.353,0,7,0.0,4,4,1.0,1,2,3,9,3,1,2,5,16,-3.0,2021-22,Playoffs
0042100113,1610612751,Brooklyn,Nets,BKN,nets,1629651,Nic,Claxton,N. Claxton,nic-claxton,,,,20:52,6,9,0.667,0,0,0.0,1,2,0.5,3,4,7,1,0,1,1,0,13,-2.0,2021-22,Playoffs
0042100113,1610612751,Brooklyn,Nets,BKN,nets,201609,Goran,Dragic,G. Dragic,goran-dragic,,,,8:53,0,1,0.0,0,0,0.0,0,0,0.0,1,0,1,1,0,0,2,1,0,-12.0,2021-22,Playoffs
0042100113,1610612751,Brooklyn,Nets,BKN,nets,201988,Patty,Mills,P. Mills,patty-mills,,,,23:12,4,5,0.8,4,5,0.8,0,0,0.0,0,1,1,0,0,1,0,0,12,4.0,2021-22,Playoffs
0042100113,1610612751,Brooklyn,Nets,BKN,nets,201933,Blake,Griffin,B. Griffin,blake-griffin,,,,7:52,2,4,0.5,2,3,0.667,2,2,1.0,1,0,1,0,0,1,1,1,8,-4.0,2021-22,Playoffs
0042100113,1610612751,Brooklyn,Nets,BKN,nets,200746,LaMarcus,Aldridge,L. Aldridge,lamarcus-aldridge,,DNP - Coach's Decision,,,0,0,0.0,0,0,0.0,0,0,0.0,0,0,0,0,0,0,0,0,0,0.0,2021-22,Playoffs
0042100113,1610612751,Brooklyn,Nets,BKN,nets,1630556,Kessler,Edwards,K. Edwards,kessler-edwards,,DNP - Coach's Decision,,,0,0,0.0,0,0,0.0,0,0,0.0,0,0,0,0,0,0,0,0,0,0.0,2021-22,Playoffs
0042100113,1610612751,Brooklyn,Nets,BKN,nets,1630549,Day'Ron,Sharpe,D. Sharpe,dayron-sharpe,,DNP - Coach's Decision,,,0,0,0.0,0,0,0.0,0,0,0.0,0,0,0,0,0,0,0,0,0,0.0,2021-22,Playoffs
0042100113,1610612751,Brooklyn,Nets,BKN,nets,1630560,Cam,Thomas,C. Thomas,cam-thomas,,DNP - Coach's Decision,,,0,0,0.0,0,0,0.0,0,0,0.0,0,0,0,0,0,0,0,0,0,0.0,2021-22,Playoffs
0042100113,1610612738,Boston,Celtics,BOS,celtics,1628369,Jayson,Tatum,J. Tatum,jayson-tatum,F,,,44:37,13,29,0.448,4,13,0.308,9,10,0.9,2,3,5,6,6,0,6,4,39,4.0,2021-22,Playoffs
0042100113,1610612738,Boston,Celtics,BOS,celtics,201143,Al,Horford,A. Horford,al-horford,F,,,28:05,1,2,0.5,1,2,0.5,0,0,0.0,1,2,3,3,0,2,1,3,3,3.0,2021-22,Playoffs
0042100113,1610612738,Boston,Celtics,BOS,celtics,1628464,Daniel,Theis,D. Theis,daniel-theis,C,,,17:18,4,6,0.667,1,2,0.5,0,0,0.0,3,3,6,2,0,0,0,1,9,5.0,2021-22,Playoffs
0042100113,1610612738,Boston,Celtics,BOS,celtics,1627759,Jaylen,Brown,J. Brown,jaylen-brown,G,,,37:37,9,16,0.563,1,4,0.25,4,4,1.0,1,3,4,5,2,0,3,1,23,3.0,2021-22,Playoffs
0042100113,1610612738,Boston,Celtics,BOS,celtics,203935,Marcus,Smart,M. Smart,marcus-smart,G,,,38:07,6,15,0.4,2,10,0.2,0,0,0.0,2,1,3,6,2,0,2,4,14,-5.0,2021-22,Playoffs
0042100113,1610612738,Boston,Celtics,BOS,celtics,1629684,Grant,Williams,G. Williams,grant-williams,,,,32:29,3,7,0.429,1,3,0.333,0,0,0.0,3,2,5,1,1,0,1,3,7,2.0,2021-22,Playoffs
0042100113,1610612738,Boston,Celtics,BOS,celtics,1628401,Derrick,White,D. White,derrick-white,,,,13:46,1,3,0.333,0,2,0.0,0,0,0.0,0,6,6,1,1,0,1,1,2,5.0,2021-22,Playoffs
0042100113,1610612738,Boston,Celtics,BOS,celtics,1629057,Robert,Williams III,R. Williams III,robert-williams-iii,,,,15:34,1,1,1.0,0,0,0.0,0,0,0.0,1,1,2,1,0,1,0,0,2,5.0,2021-22,Playoffs
0042100113,1610612738,Boston,Celtics,BOS,celtics,1630202,Payton,Pritchard,P. Pritchard,payton-pritchard,,,,12:27,4,5,0.8,2,3,0.667,0,0,0.0,0,0,0,1,1,0,0,2,10,8.0,2021-22,Playoffs
0042100113,1610612738,Boston,Celtics,BOS,celtics,1630238,Malik,Fitts,M. Fitts,malik-fitts,,DNP - Coach's Decision,,,0,0,0.0,0,0,0.0,0,0,0.0,0,0,0,0,0,0,0,0,0,0.0,2021-22,Playoffs
0042100113,1610612738,Boston,Celtics,BOS,celtics,1630573,Sam,Hauser,S. Hauser,sam-hauser,,DNP - Coach's Decision,,,0,0,0.0,0,0,0.0,0,0,0.0,0,0,0,0,0,0,0,0,0,0.0,2021-22,Playoffs
0042100113,1610612738,Boston,Celtics,BOS,celtics,1628436,Luke,Kornet,L. Kornet,luke-kornet,,DNP - Coach's Decision,,,0,0,0.0,0,0,0.0,0,0,0.0,0,0,0,0,0,0,0,0,0,0.0,2021-22,Playoffs
0042100113,1610612738,Boston,Celtics,BOS,celtics,1629752,Juwan,Morgan,J. Morgan,juwan-morgan,,DNP - Coach's Decision,,,0,0,0.0,0,0,0.0,0,0,0.0,0,0,0,0,0,0,0,0,0,0.0,2021-22,Playoffs
0042100113,1610612738,Boston,Celtics,BOS,celtics,1630174,Aaron,Nesmith,A. Nesmith,aaron-nesmith,,DNP - Coach's Decision,,,0,0,0.0,0,0,0.0,0,0,0.0,0,0,0,0,0,0,0,0,0,0.0,2021-22,Playoffs
0042100113,1610612738,Boston,Celtics,BOS,celtics,203917,Nik,Stauskas,N. Stauskas,nik-stauskas,,DNP - Coach's Decision,,,0,0,0.0,0,0,0.0,0,0,0.0,0,0,0,0,0,0,0,0,0,0.0,2021-22,Playoffs
0042100114,1610612751,Brooklyn,Nets,BKN,nets,201142,Kevin,Durant,K. Durant,kevin-durant,F,,,46:39,13,31,0.419,3,11,0.273,10,11,0.909,1,6,7,9,1,0,4,4,39,-6.0,2021-22,Playoffs
0042100114,1610612751,Brooklyn,Nets,BKN,nets,1628971,Bruce,Brown,B. Brown,bruce-brown,F,,,23:59,1,3,0.333,0,2,0.0,0,0,0.0,0,2,2,2,0,0,1,3,2,-7.0,2021-22,Playoffs
0042100114,1610612751,Brooklyn,Nets,BKN,nets,203083,Andre,Drummond,A. Drummond,andre-drummond,C,,,3:36,0,0,0.0,0,0,0.0,0,0,0.0,0,1,1,0,0,0,1,1,0,-3.0,2021-22,Playoffs
0042100114,1610612751,Brooklyn,Nets,BKN,nets,203552,Seth,Curry,S. Curry,seth-curry,G,,,37:40,9,13,0.692,5,9,0.556,0,1,0.0,0,4,4,2,0,2,0,3,23,-1.0,2021-22,Playoffs
0042100114,1610612751,Brooklyn,Nets,BKN,nets,202681,Kyrie,Irving,K. Irving,kyrie-irving,G,,,44:46,6,13,0.462,2,3,0.667,6,6,1.0,1,4,5,5,0,2,2,1,20,-3.0,2021-22,Playoffs
0042100114,1610612751,Brooklyn,Nets,BKN,nets,201988,Patty,Mills,P. Mills,patty-mills,,,,18:57,2,6,0.333,1,4,0.25,0,0,0.0,0,2,2,0,0,0,0,2,5,-9.0,2021-22,Playoffs
0042100114,1610612751,Brooklyn,Nets,BKN,nets,1629651,Nic,Claxton,N. Claxton,nic-claxton,,,,23:08,6,6,1.0,0,0,0.0,1,11,0.091,2,4,6,2,2,3,0,2,13,-7.0,2021-22,Playoffs
0042100114,1610612751,Brooklyn,Nets,BKN,nets,201609,Goran,Dragic,G. Dragic,goran-dragic,,,,23:40,4,6,0.667,2,4,0.5,0,0,0.0,3,5,8,4,1,0,2,5,10,6.0,2021-22,Playoffs
0042100114,1610612751,Brooklyn,Nets,BKN,nets,201933,Blake,Griffin,B. Griffin,blake-griffin,,,,17:35,0,3,0.0,0,2,0.0,0,0,0.0,1,2,3,4,1,0,0,2,0,10.0,2021-22,Playoffs
0042100114,1610612751,Brooklyn,Nets,BKN,nets,200746,LaMarcus,Aldridge,L. Aldridge,lamarcus-aldridge,,DNP - Coach's Decision,,,0,0,0.0,0,0,0.0,0,0,0.0,0,0,0,0,0,0,0,0,0,0.0,2021-22,Playoffs
0042100114,1610612751,Brooklyn,Nets,BKN,nets,1630556,Kessler,Edwards,K. Edwards,kessler-edwards,,DNP - Coach's Decision,,,0,0,0.0,0,0,0.0,0,0,0.0,0,0,0,0,0,0,0,0,0,0.0,2021-22,Playoffs
0042100114,1610612751,Brooklyn,Nets,BKN,nets,1630549,Day'Ron,Sharpe,D. Sharpe,dayron-sharpe,,DNP - Coach's Decision,,,0,0,0.0,0,0,0.0,0,0,0.0,0,0,0,0,0,0,0,0,0,0.0,2021-22,Playoffs
0042100114,1610612751,Brooklyn,Nets,BKN,nets,1630560,Cam,Thomas,C. Thomas,cam-thomas,,DNP - Coach's Decision,,,0,0,0.0,0,0,0.0,0,0,0.0,0,0,0,0,0,0,0,0,0,0.0,2021-22,Playoffs
0042100114,1610612738,Boston,Celtics,BOS,celtics,1628369,Jayson,Tatum,J. Tatum,jayson-tatum,F,,,36:22,9,16,0.563,4,6,0.667,7,8,0.875,0,3,3,5,0,0,6,6,29,10.0,2021-22,Playoffs
0042100114,1610612738,Boston,Celtics,BOS,celtics,201143,Al,Horford,A. Horford,al-horford,F,,,25:54,5,9,0.556,3,5,0.6,0,0,0.0,2,4,6,1,0,0,1,4,13,4.0,2021-22,Playoffs
0042100114,1610612738,Boston,Celtics,BOS,celtics,1628464,Daniel,Theis,D. Theis,daniel-theis,C,,,19:43,2,4,0.5,0,1,0.0,2,2,1.0,3,5,8,1,1,1,2,4,6,5.0,2021-22,Playoffs
0042100114,1610612738,Boston,Celtics,BOS,celtics,1627759,Jaylen,Brown,J. Brown,jaylen-brown,G,,,37:56,9,20,0.45,0,5,0.0,4,5,0.8,0,8,8,3,1,0,1,1,22,4.0,2021-22,Playoffs
0042100114,1610612738,Boston,Celtics,BOS,celtics,203935,Marcus,Smart,M. Smart,marcus-smart,G,,,36:47,7,16,0.438,3,7,0.429,3,4,0.75,1,4,5,11,0,0,1,4,20,9.0,2021-22,Playoffs
0042100114,1610612738,Boston,Celtics,BOS,celtics,1629684,Grant,Williams,G. Williams,grant-williams,,,,33:14,5,8,0.625,4,6,0.667,0,0,0.0,0,3,3,1,0,3,1,3,14,1.0,2021-22,Playoffs
0042100114,1610612738,Boston,Celtics,BOS,celtics,1628401,Derrick,White,D. White,derrick-white,,,,26:35,4,10,0.4,0,4,0.0,1,1,1.0,0,6,6,2,0,0,0,1,9,-2.0,2021-22,Playoffs
0042100114,1610612738,Boston,Celtics,BOS,celtics,1629057,Robert,Williams III,R. Williams III,robert-williams-iii,,,,14:08,1,4,0.25,0,0,0.0,1,2,0.5,4,1,5,0,1,0,1,4,3,-3.0,2021-22,Playoffs
0042100114,1610612738,Boston,Celtics,BOS,celtics,1630202,Payton,Pritchard,P. Pritchard,payton-pritchard,,,,9:21,0,2,0.0,0,1,0.0,0,0,0.0,0,1,1,2,0,0,0,1,0,-8.0,2021-22,Playoffs
0042100114,1610612738,Boston,Celtics,BOS,celtics,1630238,Malik,Fitts,M. Fitts,malik-fitts,,DNP - Coach's Decision,,,0,0,0.0,0,0,0.0,0,0,0.0,0,0,0,0,0,0,0,0,0,0.0,2021-22,Playoffs
0042100114,1610612738,Boston,Celtics,BOS,celtics,1630573,Sam,Hauser,S. Hauser,sam-hauser,,DNP - Coach's Decision,,,0,0,0.0,0,0,0.0,0,0,0.0,0,0,0,0,0,0,0,0,0,0.0,2021-22,Playoffs
0042100114,1610612738,Boston,Celtics,BOS,celtics,1628436,Luke,Kornet,L. Kornet,luke-kornet,,DNP - Coach's Decision,,,0,0,0.0,0,0,0.0,0,0,0.0,0,0,0,0,0,0,0,0,0,0.0,2021-22,Playoffs
0042100114,1610612738,Boston,Celtics,BOS,celtics,1629752,Juwan,Morgan,J. Morgan,juwan-morgan,,DNP - Coach's Decision,,,0,0,0.0,0,0,0.0,0,0,0.0,0,0,0,0,0,0,0,0,0,0.0,2021-22,Playoffs
0042100114,1610612738,Boston,Celtics,BOS,celtics,1630174,Aaron,Nesmith,A. Nesmith,aaron-nesmith,,DNP - Coach's Decision,,,0,0,0.0,0,0,0.0,0,0,0.0,0,0,0,0,0,0,0,0,0,0.0,2021-22,Playoffs
0042100114,1610612738,Boston,Celtics,BOS,celtics,203917,Nik,Stauskas,N. Stauskas,nik-stauskas,,DNP - Coach's Decision,,,0,0,0.0,0,0,0.0,0,0,0.0,0,0,0,0,0,0,0,0,0,0.0,2021-22,Playoffs
0042100121,1610612749,Milwaukee,Bucks,MIL,bucks,203114,Khris,Middleton,K. Middleton,khris-middleton,F,,,38:39,4,13,0.308,1,7,0.143,2,2,1.0,0,5,5,6,1,0,7,2,11,4.0,2021-22,Playoffs
0042100121,1610612749,Milwaukee,Bucks,MIL,bucks,203507,Giannis,Antetokounmpo,G. Antetokounmpo,giannis-antetokounmpo,F,,,33:48,10,19,0.526,1,4,0.25,6,11,0.545,3,13,16,3,0,2,5,5,27,19.0,2021-22,Playoffs
0042100121,1610612749,Milwaukee,Bucks,MIL,bucks,201572,Brook,Lopez,B. Lopez,brook-lopez,C,,,32:11,7,14,0.5,1,5,0.2,3,4,0.75,2,3,5,0,0,2,2,4,18,6.0,2021-22,Playoffs
0042100121,1610612749,Milwaukee,Bucks,MIL,bucks,202083,Wesley,Matthews,W. Matthews,wesley-matthews,G,,,26:52,2,3,0.667,2,3,0.667,0,0,0.0,0,5,5,1,0,0,2,2,6,9.0,2021-22,Playoffs
0042100121,1610612749,Milwaukee,Bucks,MIL,bucks,201950,Jrue,Holiday,J. Holiday,jrue-holiday,G,,,39:12,6,16,0.375,1,4,0.25,2,2,1.0,2,4,6,6,2,0,4,3,15,11.0,2021-22,Playoffs
0042100121,1610612749,Milwaukee,Bucks,MIL,bucks,1628960,Grayson,Allen,G. Allen,grayson-allen,,,,18:26,0,2,0.0,0,2,0.0,0,0,0.0,0,3,3,0,0,1,1,3,0,-5.0,2021-22,Playoffs
0042100121,1610612749,Milwaukee,Bucks,MIL,bucks,1626171,Bobby,Portis,B. Portis,bobby-portis,,,,23:21,3,8,0.375,2,5,0.4,2,4,0.5,3,9,12,2,1,1,0,2,10,-1.0,2021-22,Playoffs
0042100121,1610612749,Milwaukee,Bucks,MIL,bucks,1626192,Pat,Connaughton,P. Connaughton,pat-connaughton,,,,17:53,1,7,0.143,1,6,0.167,0,0,0.0,0,4,4,1,0,0,0,0,3,-1.0,2021-22,Playoffs
0042100121,1610612749,Milwaukee,Bucks,MIL,bucks,1628975,Jevon,Carter,J. Carter,jevon-carter,,,,9:37,1,2,0.5,1,2,0.5,0,0,0.0,1,1,2,0,0,0,0,0,3,-7.0,2021-22,Playoffs
0042100121,1610612749,Milwaukee,Bucks,MIL,bucks,203648,Thanasis,Antetokounmpo,T. Antetokounmpo,thanasis-antetokounmpo,,DNP - Coach's Decision,,,0,0,0.0,0,0,0.0,0,0,0.0,0,0,0,0,0,0,0,0,0,0.0,2021-22,Playoffs
0042100121,1610612749,Milwaukee,Bucks,MIL,bucks,201586,Serge,Ibaka,S. Ibaka,serge-ibaka,,DNP - Coach's Decision,,,0,0,0.0,0,0,0.0,0,0,0.0,0,0,0,0,0,0,0,0,0,0.0,2021-22,Playoffs
0042100121,1610612749,Milwaukee,Bucks,MIL,bucks,1629730,Rayjon,Tucker,R. Tucker,rayjon-tucker,,DNP - Coach's Decision,,,0,0,0.0,0,0,0.0,0,0,0.0,0,0,0,0,0,0,0,0,0,0.0,2021-22,Playoffs
0042100121,1610612749,Milwaukee,Bucks,MIL,bucks,1630492,Luca,Vildoza,L. Vildoza,luca-vildoza,,DNP - Coach's Decision,,,0,0,0.0,0,0,0.0,0,0,0.0,0,0,0,0,0,0,0,0,0,0.0,2021-22,Playoffs
0042100121,1610612741,Chicago,Bulls,CHI,bulls,201942,DeMar,DeRozan,D. DeRozan,demar-derozan,F,,,42:56,6,25,0.24,0,2,0.0,6,6,1.0,1,7,8,6,3,0,3,3,18,-5.0,2021-22,Playoffs
0042100121,1610612741,Chicago,Bulls,CHI,bulls,1630172,Patrick,Williams,P. Williams,patrick-williams,F,,,23:11,1,3,0.333,0,2,0.0,3,4,0.75,0,3,3,0,2,0,1,3,5,-13.0,2021-22,Playoffs
0042100121,1610612741,Chicago,Bulls,CHI,bulls,202696,Nikola,Vučević,N. Vučević,nikola-vučević,C,,,38:38,9,27,0.333,2,10,0.2,4,5,0.8,8,9,17,3,1,2,3,3,24,-5.0,2021-22,Playoffs
0042100121,1610612741,Chicago,Bulls,CHI,bulls,203897,Zach,LaVine,Z. LaVine,zach-lavine,G,,,36:37,6,19,0.316,2,10,0.2,4,4,1.0,0,10,10,3,1,1,3,5,18,-11.0,2021-22,Playoffs
0042100121,1610612741,Chicago,Bulls,CHI,bulls,1627936,Alex,Caruso,A. Caruso,alex-caruso,G,,,32:51,3,7,0.429,1,5,0.2,0,0,0.0,1,2,3,2,2,0,0,5,7,-10.0,2021-22,Playoffs
0042100121,1610612741,Chicago,Bulls,CHI,bulls,202684,Tristan,Thompson,T. Thompson,tristan-thompson,,,,7:25,1,2,0.5,0,0,0.0,0,0,0.0,2,0,2,0,0,0,0,0,2,-4.0,2021-22,Playoffs
0042100121,1610612741,Chicago,Bulls,CHI,bulls,1629632,Coby,White,C. White,coby-white,,,,22:52,5,10,0.5,2,6,0.333,0,0,0.0,0,4,4,0,0,0,0,1,12,4.0,2021-22,Playoffs
0042100121,1610612741,Chicago,Bulls,CHI,bulls,1629750,Javonte,Green,J. Green,javonte-green,,,,17:03,0,1,0.0,0,0,0.0,0,0,0.0,1,1,2,0,1,0,0,1,0,5.0,2021-22,Playoffs
0042100121,1610612741,Chicago,Bulls,CHI,bulls,1630245,Ayo,Dosunmu,A. Dosunmu,ayo-dosunmu,,,,8:44,0,1,0.0,0,1,0.0,0,0,0.0,1,1,2,2,0,0,1,1,0,1.0,2021-22,Playoffs
0042100121,1610612741,Chicago,Bulls,CHI,bulls,1627884,Derrick,Jones Jr.,D. Jones Jr.,derrick-jones-jr,,,,9:43,0,1,0.0,0,1,0.0,0,0,0.0,2,0,2,1,0,0,0,0,0,3.0,2021-22,Playoffs
0042100121,1610612741,Chicago,Bulls,CHI,bulls,1628396,Tony,Bradley,T. Bradley,tony-bradley,,DNP - Coach's Decision,,,0,0,0.0,0,0,0.0,0,0,0.0,0,0,0,0,0,0,0,0,0,0.0,2021-22,Playoffs
0042100121,1610612741,Chicago,Bulls,CHI,bulls,1628972,Troy,Brown Jr.,T. Brown Jr.,troy-brown-jr,,DNP - Coach's Decision,,,0,0,0.0,0,0,0.0,0,0,0.0,0,0,0,0,0,0,0,0,0,0.0,2021-22,Playoffs
0042100121,1610612741,Chicago,Bulls,CHI,bulls,1630250,Marko,Simonovic,M. Simonovic,marko-simonovic,,DNP - Coach's Decision,,,0,0,0.0,0,0,0.0,0,0,0.0,0,0,0,0,0,0,0,0,0,0.0,2021-22,Playoffs
0042100122,1610612749,Milwaukee,Bucks,MIL,bucks,203114,Khris,Middleton,K. Middleton,khris-middleton,F,,,32:50,6,11,0.545,5,7,0.714,1,1,1.0,1,4,5,8,2,0,4,4,18,-1.0,2021-22,Playoffs
0042100122,1610612749,Milwaukee,Bucks,MIL,bucks,203507,Giannis,Antetokounmpo,G. Antetokounmpo,giannis-antetokounmpo,F,,,40:15,11,20,0.55,0,2,0.0,11,18,0.611,3,15,18,9,1,2,3,3,33,1.0,2021-22,Playoffs
0042100122,1610612749,Milwaukee,Bucks,MIL,bucks,201572,Brook,Lopez,B. Lopez,brook-lopez,C,,,35:12,9,15,0.6,3,6,0.5,4,4,1.0,2,3,5,1,0,1,0,1,25,-1.0,2021-22,Playoffs
0042100122,1610612749,Milwaukee,Bucks,MIL,bucks,202083,Wesley,Matthews,W. Matthews,wesley-matthews,G,,,34:02,4,7,0.571,3,6,0.5,0,2,0.0,0,2,2,1,0,2,0,3,11,-13.0,2021-22,Playoffs
0042100122,1610612749,Milwaukee,Bucks,MIL,bucks,201950,Jrue,Holiday,J. Holiday,jrue-holiday,G,,,37:54,6,16,0.375,2,5,0.4,1,2,0.5,0,6,6,6,0,1,6,3,15,-8.0,2021-22,Playoffs
0042100122,1610612749,Milwaukee,Bucks,MIL,bucks,1628960,Grayson,Allen,G. Allen,grayson-allen,,,,21:28,1,4,0.25,0,2,0.0,1,2,0.5,1,0,1,1,0,0,0,2,3,-3.0,2021-22,Playoffs
0042100122,1610612749,Milwaukee,Bucks,MIL,bucks,1626171,Bobby,Portis,B. Portis,bobby-portis,,,,5:50,0,2,0.0,0,1,0.0,2,2,1.0,1,1,2,0,0,0,1,0,2,-1.0,2021-22,Playoffs
0042100122,1610612749,Milwaukee,Bucks,MIL,bucks,1628975,Jevon,Carter,J. Carter,jevon-carter,,,,9:18,0,1,0.0,0,1,0.0,0,0,0.0,0,2,2,0,0,0,0,1,0,6.0,2021-22,Playoffs
0042100122,1610612749,Milwaukee,Bucks,MIL,bucks,1626192,Pat,Connaughton,P. Connaughton,pat-connaughton,,,,22:33,1,6,0.167,1,6,0.167,0,0,0.0,1,2,3,1,1,0,1,0,3,2.0,2021-22,Playoffs
0042100122,1610612749,Milwaukee,Bucks,MIL,bucks,201586,Serge,Ibaka,S. Ibaka,serge-ibaka,,,,0:38,0,0,0.0,0,0,0.0,0,0,0.0,0,0,0,0,0,0,0,0,0,-2.0,2021-22,Playoffs
0042100122,1610612749,Milwaukee,Bucks,MIL,bucks,203648,Thanasis,Antetokounmpo,T. Antetokounmpo,thanasis-antetokounmpo,,DNP - Coach's Decision,,,0,0,0.0,0,0,0.0,0,0,0.0,0,0,0,0,0,0,0,0,0,0.0,2021-22,Playoffs
0042100122,1610612749,Milwaukee,Bucks,MIL,bucks,1629670,Jordan,Nwora,J. Nwora,jordan-nwora,,DNP - Coach's Decision,,,0,0,0.0,0,0,0.0,0,0,0.0,0,0,0,0,0,0,0,0,0,0.0,2021-22,Playoffs
0042100122,1610612749,Milwaukee,Bucks,MIL,bucks,1629730,Rayjon,Tucker,R. Tucker,rayjon-tucker,,DNP - Coach's Decision,,,0,0,0.0,0,0,0.0,0,0,0.0,0,0,0,0,0,0,0,0,0,0.0,2021-22,Playoffs
0042100122,1610612749,Milwaukee,Bucks,MIL,bucks,1630492,Luca,Vildoza,L. Vildoza,luca-vildoza,,DNP - Coach's Decision,,,0,0,0.0,0,0,0.0,0,0,0.0,0,0,0,0,0,0,0,0,0,0.0,2021-22,Playoffs
0042100122,1610612741,Chicago,Bulls,CHI,bulls,201942,DeMar,DeRozan,D. DeRozan,demar-derozan,F,,,44:22,16,31,0.516,0,2,0.0,9,9,1.0,0,7,7,4,1,2,2,3,41,2.0,2021-22,Playoffs
0042100122,1610612741,Chicago,Bulls,CHI,bulls,1630172,Patrick,Williams,P. Williams,patrick-williams,F,,,31:57,5,9,0.556,0,2,0.0,0,0,0.0,1,8,9,3,1,1,1,4,10,-4.0,2021-22,Playoffs
0042100122,1610612741,Chicago,Bulls,CHI,bulls,202696,Nikola,Vučević,N. Vučević,nikola-vučević,C,,,36:29,10,18,0.556,4,8,0.5,0,0,0.0,3,10,13,2,1,0,2,5,24,13.0,2021-22,Playoffs
0042100122,1610612741,Chicago,Bulls,CHI,bulls,203897,Zach,LaVine,Z. LaVine,zach-lavine,G,,,43:07,7,13,0.538,3,4,0.75,3,4,0.75,0,1,1,3,1,0,4,1,20,4.0,2021-22,Playoffs
0042100122,1610612741,Chicago,Bulls,CHI,bulls,1627936,Alex,Caruso,A. Caruso,alex-caruso,G,,,37:57,3,8,0.375,3,7,0.429,0,0,0.0,1,1,2,10,2,2,1,1,9,15.0,2021-22,Playoffs
0042100122,1610612741,Chicago,Bulls,CHI,bulls,202684,Tristan,Thompson,T. Thompson,tristan-thompson,,,,7:15,0,1,0.0,0,0,0.0,0,0,0.0,0,3,3,0,1,0,0,1,0,-4.0,2021-22,Playoffs
0042100122,1610612741,Chicago,Bulls,CHI,bulls,1629632,Coby,White,C. White,coby-white,,,,9:35,1,5,0.2,1,1,1.0,2,2,1.0,0,0,0,2,0,0,2,0,5,-6.0,2021-22,Playoffs
0042100122,1610612741,Chicago,Bulls,CHI,bulls,1627884,Derrick,Jones Jr.,D. Jones Jr.,derrick-jones-jr,,,,7:38,1,1,1.0,1,1,1.0,0,0,0.0,0,1,1,0,0,0,0,3,3,-3.0,2021-22,Playoffs
0042100122,1610612741,Chicago,Bulls,CHI,bulls,1630245,Ayo,Dosunmu,A. Dosunmu,ayo-dosunmu,,,,7:19,0,1,0.0,0,0,0.0,0,0,0.0,0,2,2,1,0,0,0,1,0,1.0,2021-22,Playoffs
0042100122,1610612741,Chicago,Bulls,CHI,bulls,1629750,Javonte,Green,J. Green,javonte-green,,,,14:21,1,2,0.5,0,0,0.0,0,0,0.0,1,4,5,0,0,0,0,1,2,2.0,2021-22,Playoffs
0042100122,1610612741,Chicago,Bulls,CHI,bulls,1628396,Tony,Bradley,T. Bradley,tony-bradley,,DNP - Coach's Decision,,,0,0,0.0,0,0,0.0,0,0,0.0,0,0,0,0,0,0,0,0,0,0.0,2021-22,Playoffs
0042100122,1610612741,Chicago,Bulls,CHI,bulls,1628972,Troy,Brown Jr.,T. Brown Jr.,troy-brown-jr,,DNP - Coach's Decision,,,0,0,0.0,0,0,0.0,0,0,0.0,0,0,0,0,0,0,0,0,0,0.0,2021-22,Playoffs
0042100122,1610612741,Chicago,Bulls,CHI,bulls,1630250,Marko,Simonovic,M. Simonovic,marko-simonovic,,DNP - Coach's Decision,,,0,0,0.0,0,0,0.0,0,0,0.0,0,0,0,0,0,0,0,0,0,0.0,2021-22,Playoffs
0042100123,1610612741,Chicago,Bulls,CHI,bulls,201942,DeMar,DeRozan,D. DeRozan,demar-derozan,F,,,32:11,4,9,0.444,0,0,0.0,3,5,0.6,0,5,5,4,1,0,3,2,11,-23.0,2021-22,Playoffs
0042100123,1610612741,Chicago,Bulls,CHI,bulls,1630172,Patrick,Williams,P. Williams,patrick-williams,F,,,30:29,0,9,0.0,0,4,0.0,1,2,0.5,1,3,4,1,2,1,1,2,1,-15.0,2021-22,Playoffs
0042100123,1610612741,Chicago,Bulls,CHI,bulls,202696,Nikola,Vučević,N. Vučević,nikola-vučević,C,,,30:21,8,17,0.471,3,9,0.333,0,0,0.0,0,6,6,3,0,1,0,0,19,-19.0,2021-22,Playoffs
0042100123,1610612741,Chicago,Bulls,CHI,bulls,203897,Zach,LaVine,Z. LaVine,zach-lavine,G,,,30:54,6,13,0.462,2,4,0.5,1,1,1.0,0,5,5,5,1,0,2,2,15,-22.0,2021-22,Playoffs
0042100123,1610612741,Chicago,Bulls,CHI,bulls,1627936,Alex,Caruso,A. Caruso,alex-caruso,G,,,25:40,3,7,0.429,3,5,0.6,0,0,0.0,0,2,2,1,0,0,0,3,9,-20.0,2021-22,Playoffs
0042100123,1610612741,Chicago,Bulls,CHI,bulls,1629632,Coby,White,C. White,coby-white,,,,21:08,2,9,0.222,1,6,0.167,1,2,0.5,0,8,8,1,0,0,1,2,6,-19.0,2021-22,Playoffs
0042100123,1610612741,Chicago,Bulls,CHI,bulls,1627884,Derrick,Jones Jr.,D. Jones Jr.,derrick-jones-jr,,,,14:10,1,2,0.5,0,1,0.0,0,0,0.0,1,1,2,1,0,0,1,1,2,-11.0,2021-22,Playoffs
0042100123,1610612741,Chicago,Bulls,CHI,bulls,202684,Tristan,Thompson,T. Thompson,tristan-thompson,,,,11:32,1,2,0.5,0,0,0.0,0,0,0.0,0,0,0,1,0,0,2,1,2,-16.0,2021-22,Playoffs
0042100123,1610612741,Chicago,Bulls,CHI,bulls,1629750,Javonte,Green,J. Green,javonte-green,,,,7:40,0,1,0.0,0,1,0.0,0,0,0.0,1,1,2,0,0,0,0,0,0,0.0,2021-22,Playoffs
0042100123,1610612741,Chicago,Bulls,CHI,bulls,1630245,Ayo,Dosunmu,A. Dosunmu,ayo-dosunmu,,,,17:48,2,6,0.333,0,3,0.0,0,0,0.0,2,2,4,5,0,0,2,1,4,-11.0,2021-22,Playoffs
0042100123,1610612741,Chicago,Bulls,CHI,bulls,1628972,Troy,Brown Jr.,T. Brown Jr.,troy-brown-jr,,,,12:00,1,4,0.25,0,1,0.0,0,0,0.0,0,2,2,0,1,0,1,1,2,1.0,2021-22,Playoffs
0042100123,1610612741,Chicago,Bulls,CHI,bulls,1628396,Tony,Bradley,T. Bradley,tony-bradley,,,,6:07,5,5,1.0,0,0,0.0,0,0,0.0,0,3,3,0,0,0,0,0,10,5.0,2021-22,Playoffs
0042100123,1610612741,Chicago,Bulls,CHI,bulls,1630250,Marko,Simonovic,M. Simonovic,marko-simonovic,,DNP - Coach's Decision,,,0,0,0.0,0,0,0.0,0,0,0.0,0,0,0,0,0,0,0,0,0,0.0,2021-22,Playoffs
0042100123,1610612749,Milwaukee,Bucks,MIL,bucks,1626171,Bobby,Portis,B. Portis,bobby-portis,F,,,25:28,7,14,0.5,4,8,0.5,0,0,0.0,3,13,16,0,0,0,1,2,18,20.0,2021-22,Playoffs
0042100123,1610612749,Milwaukee,Bucks,MIL,bucks,203507,Giannis,Antetokounmpo,G. Antetokounmpo,giannis-antetokounmpo,F,,,29:01,7,12,0.583,0,3,0.0,4,5,0.8,0,7,7,9,0,1,4,3,18,36.0,2021-22,Playoffs
0042100123,1610612749,Milwaukee,Bucks,MIL,bucks,201572,Brook,Lopez,B. Lopez,brook-lopez,C,,,25:24,4,9,0.444,1,2,0.5,0,0,0.0,0,2,2,1,0,2,0,1,9,13.0,2021-22,Playoffs
0042100123,1610612749,Milwaukee,Bucks,MIL,bucks,202083,Wesley,Matthews,W. Matthews,wesley-matthews,G,,,24:47,1,3,0.333,1,3,0.333,0,0,0.0,2,1,3,1,1,0,1,3,3,14.0,2021-22,Playoffs
0042100123,1610612749,Milwaukee,Bucks,MIL,bucks,201950,Jrue,Holiday,J. Holiday,jrue-holiday,G,,,29:56,7,14,0.5,1,5,0.2,1,2,0.5,1,5,6,6,1,1,2,0,16,27.0,2021-22,Playoffs
0042100123,1610612749,Milwaukee,Bucks,MIL,bucks,1628960,Grayson,Allen,G. Allen,grayson-allen,,,,24:50,8,12,0.667,5,7,0.714,1,1,1.0,0,6,6,0,1,1,0,0,22,15.0,2021-22,Playoffs
0042100123,1610612749,Milwaukee,Bucks,MIL,bucks,1628975,Jevon,Carter,J. Carter,jevon-carter,,,,17:44,0,0,0.0,0,0,0.0,0,0,0.0,0,1,1,4,1,0,0,2,0,19.0,2021-22,Playoffs
0042100123,1610612749,Milwaukee,Bucks,MIL,bucks,1626192,Pat,Connaughton,P. Connaughton,pat-connaughton,,,,20:49,3,8,0.375,2,7,0.286,3,3,1.0,0,4,4,1,1,1,0,0,11,18.0,2021-22,Playoffs
0042100123,1610612749,Milwaukee,Bucks,MIL,bucks,201586,Serge,Ibaka,S. Ibaka,serge-ibaka,,,,8:39,2,7,0.286,0,1,0.0,1,2,0.5,2,4,6,0,0,0,1,0,5,-2.0,2021-22,Playoffs
0042100123,1610612749,Milwaukee,Bucks,MIL,bucks,203648,Thanasis,Antetokounmpo,T. Antetokounmpo,thanasis-antetokounmpo,,,,8:39,2,3,0.667,0,0,0.0,0,1,0.0,0,0,0,1,1,0,0,3,4,-2.0,2021-22,Playoffs
0042100123,1610612749,Milwaukee,Bucks,MIL,bucks,1629670,Jordan,Nwora,J. Nwora,jordan-nwora,,,,8:39,1,6,0.167,0,2,0.0,0,0,0.0,0,1,1,1,0,0,0,0,2,-2.0,2021-22,Playoffs
0042100123,1610612749,Milwaukee,Bucks,MIL,bucks,1629730,Rayjon,Tucker,R. Tucker,rayjon-tucker,,,,8:02,0,0,0.0,0,0,0.0,0,0,0.0,1,1,2,0,0,0,0,0,0,-3.0,2021-22,Playoffs
0042100123,1610612749,Milwaukee,Bucks,MIL,bucks,1630492,Luca,Vildoza,L. Vildoza,luca-vildoza,,,,8:02,1,3,0.333,1,3,0.333,0,0,0.0,0,1,1,3,2,0,0,1,3,-3.0,2021-22,Playoffs
0042100124,1610612741,Chicago,Bulls,CHI,bulls,201942,DeMar,DeRozan,D. DeRozan,demar-derozan,F,,,40:53,8,20,0.4,0,5,0.0,7,8,0.875,0,5,5,3,1,0,1,2,23,-24.0,2021-22,Playoffs
0042100124,1610612741,Chicago,Bulls,CHI,bulls,1630172,Patrick,Williams,P. Williams,patrick-williams,F,,,32:40,7,13,0.538,3,6,0.5,3,3,1.0,3,7,10,0,0,0,0,4,20,-22.0,2021-22,Playoffs
0042100124,1610612741,Chicago,Bulls,CHI,bulls,202696,Nikola,Vučević,N. Vučević,nikola-vučević,C,,,38:20,5,14,0.357,1,6,0.167,0,0,0.0,1,9,10,2,0,1,0,1,11,-10.0,2021-22,Playoffs
0042100124,1610612741,Chicago,Bulls,CHI,bulls,203897,Zach,LaVine,Z. LaVine,zach-lavine,G,,,41:56,8,18,0.444,2,6,0.333,6,6,1.0,0,5,5,13,0,0,3,1,24,-12.0,2021-22,Playoffs
0042100124,1610612741,Chicago,Bulls,CHI,bulls,1627936,Alex,Caruso,A. Caruso,alex-caruso,G,,,16:58,0,1,0.0,0,1,0.0,0,0,0.0,0,4,4,4,1,2,0,2,0,-8.0,2021-22,Playoffs
0042100124,1610612741,Chicago,Bulls,CHI,bulls,1629632,Coby,White,C. White,coby-white,,,,12:59,1,5,0.2,0,3,0.0,0,0,0.0,0,2,2,2,0,0,2,2,2,-17.0,2021-22,Playoffs
0042100124,1610612741,Chicago,Bulls,CHI,bulls,202684,Tristan,Thompson,T. Thompson,tristan-thompson,,,,5:17,0,0,0.0,0,0,0.0,0,0,0.0,0,1,1,1,0,0,3,2,0,-7.0,2021-22,Playoffs
0042100124,1610612741,Chicago,Bulls,CHI,bulls,1627884,Derrick,Jones Jr.,D. Jones Jr.,derrick-jones-jr,,,,13:46,2,5,0.4,1,3,0.333,0,0,0.0,0,1,1,0,1,0,2,0,5,-9.0,2021-22,Playoffs
0042100124,1610612741,Chicago,Bulls,CHI,bulls,1630245,Ayo,Dosunmu,A. Dosunmu,ayo-dosunmu,,,,29:21,3,7,0.429,2,5,0.4,0,0,0.0,0,2,2,2,1,0,0,1,8,-7.0,2021-22,Playoffs
0042100124,1610612741,Chicago,Bulls,CHI,bulls,1629750,Javonte,Green,J. Green,javonte-green,,,,5:57,1,5,0.2,0,0,0.0,0,0,0.0,4,0,4,0,1,0,0,3,2,0.0,2021-22,Playoffs
0042100124,1610612741,Chicago,Bulls,CHI,bulls,1628972,Troy,Brown Jr.,T. Brown Jr.,troy-brown-jr,,,,1:53,0,2,0.0,0,1,0.0,0,0,0.0,0,0,0,0,0,0,0,0,0,-4.0,2021-22,Playoffs
0042100124,1610612741,Chicago,Bulls,CHI,bulls,1628396,Tony,Bradley,T. Bradley,tony-bradley,,DNP - Coach's Decision,,,0,0,0.0,0,0,0.0,0,0,0.0,0,0,0,0,0,0,0,0,0,0.0,2021-22,Playoffs
0042100124,1610612741,Chicago,Bulls,CHI,bulls,1630250,Marko,Simonovic,M. Simonovic,marko-simonovic,,DNP - Coach's Decision,,,0,0,0.0,0,0,0.0,0,0,0.0,0,0,0,0,0,0,0,0,0,0.0,2021-22,Playoffs
0042100124,1610612749,Milwaukee,Bucks,MIL,bucks,1626171,Bobby,Portis,B. Portis,bobby-portis,F,,,32:42,6,12,0.5,1,4,0.25,1,3,0.333,0,10,10,1,0,0,3,1,14,11.0,2021-22,Playoffs
0042100124,1610612749,Milwaukee,Bucks,MIL,bucks,203507,Giannis,Antetokounmpo,G. Antetokounmpo,giannis-antetokounmpo,F,,,34:49,11,22,0.5,1,3,0.333,9,12,0.75,3,14,17,7,0,2,4,4,32,12.0,2021-22,Playoffs
0042100124,1610612749,Milwaukee,Bucks,MIL,bucks,201572,Brook,Lopez,B. Lopez,brook-lopez,C,,,21:47,1,4,0.25,0,2,0.0,0,0,0.0,2,3,5,2,2,1,2,5,2,15.0,2021-22,Playoffs
0042100124,1610612749,Milwaukee,Bucks,MIL,bucks,202083,Wesley,Matthews,W. Matthews,wesley-matthews,G,,,26:17,2,6,0.333,2,5,0.4,0,0,0.0,0,3,3,1,0,0,0,3,6,10.0,2021-22,Playoffs
0042100124,1610612749,Milwaukee,Bucks,MIL,bucks,201950,Jrue,Holiday,J. Holiday,jrue-holiday,G,,,36:57,10,21,0.476,5,8,0.625,1,2,0.5,0,2,2,7,1,0,2,4,26,23.0,2021-22,Playoffs
0042100124,1610612749,Milwaukee,Bucks,MIL,bucks,1628975,Jevon,Carter,J. Carter,jevon-carter,,,,21:11,1,3,0.333,1,1,1.0,0,0,0.0,0,4,4,1,0,0,2,4,3,11.0,2021-22,Playoffs
0042100124,1610612749,Milwaukee,Bucks,MIL,bucks,1628960,Grayson,Allen,G. Allen,grayson-allen,,,,28:24,10,12,0.833,6,7,0.857,1,1,1.0,0,2,2,0,3,0,0,0,27,23.0,2021-22,Playoffs
0042100124,1610612749,Milwaukee,Bucks,MIL,bucks,1626192,Pat,Connaughton,P. Connaughton,pat-connaughton,,,,28:03,2,4,0.5,1,3,0.333,0,0,0.0,0,6,6,1,0,1,1,1,5,8.0,2021-22,Playoffs
0042100124,1610612749,Milwaukee,Bucks,MIL,bucks,203648,Thanasis,Antetokounmpo,T. Antetokounmpo,thanasis-antetokounmpo,,,,2:47,0,0,0.0,0,0,0.0,0,0,0.0,0,0,0,0,0,0,0,0,0,2.0,2021-22,Playoffs
0042100124,1610612749,Milwaukee,Bucks,MIL,bucks,201586,Serge,Ibaka,S. Ibaka,serge-ibaka,,,,2:47,2,2,1.0,0,0,0.0,0,0,0.0,0,2,2,0,0,0,0,1,4,2.0,2021-22,Playoffs
0042100124,1610612749,Milwaukee,Bucks,MIL,bucks,1629670,Jordan,Nwora,J. Nwora,jordan-nwora,,,,2:24,0,0,0.0,0,0,0.0,0,0,0.0,0,0,0,1,0,0,0,0,0,-1.0,2021-22,Playoffs
0042100124,1610612749,Milwaukee,Bucks,MIL,bucks,1629730,Rayjon,Tucker,R. Tucker,rayjon-tucker,,,,1:53,0,0,0.0,0,0,0.0,0,0,0.0,0,0,0,0,0,0,0,0,0,4.0,2021-22,Playoffs
0042100125,1610612749,Milwaukee,Bucks,MIL,bucks,1626171,Bobby,Portis,B. Portis,bobby-portis,F,,,31:44,6,13,0.462,2,7,0.286,0,0,0.0,2,15,17,1,0,0,3,2,14,12.0,2021-22,Playoffs
0042100125,1610612749,Milwaukee,Bucks,MIL,bucks,203507,Giannis,Antetokounmpo,G. Antetokounmpo,giannis-antetokounmpo,F,,,30:07,11,15,0.733,0,1,0.0,11,14,0.786,1,8,9,3,0,0,2,1,33,18.0,2021-22,Playoffs
0042100125,1610612749,Milwaukee,Bucks,MIL,bucks,201572,Brook,Lopez,B. Lopez,brook-lopez,C,,,29:18,4,8,0.5,0,0,0.0,4,4,1.0,1,4,5,0,0,2,1,3,12,10.0,2021-22,Playoffs
0042100125,1610612749,Milwaukee,Bucks,MIL,bucks,202083,Wesley,Matthews,W. Matthews,wesley-matthews,G,,,27:15,3,6,0.5,2,4,0.5,0,0,0.0,0,1,1,4,4,0,0,1,8,16.0,2021-22,Playoffs
0042100125,1610612749,Milwaukee,Bucks,MIL,bucks,201950,Jrue,Holiday,J. Holiday,jrue-holiday,G,,,35:59,4,14,0.286,1,7,0.143,1,2,0.5,1,4,5,9,0,0,6,0,10,17.0,2021-22,Playoffs
0042100125,1610612749,Milwaukee,Bucks,MIL,bucks,1628960,Grayson,Allen,G. Allen,grayson-allen,,,,27:16,5,10,0.5,3,6,0.5,0,0,0.0,0,5,5,1,1,0,2,2,13,6.0,2021-22,Playoffs
0042100125,1610612749,Milwaukee,Bucks,MIL,bucks,1626192,Pat,Connaughton,P. Connaughton,pat-connaughton,,,,23:21,7,11,0.636,6,9,0.667,0,0,0.0,0,2,2,1,0,0,1,1,20,14.0,2021-22,Playoffs
0042100125,1610612749,Milwaukee,Bucks,MIL,bucks,1628975,Jevon,Carter,J. Carter,jevon-carter,,,,21:20,3,6,0.5,0,1,0.0,0,0,0.0,2,1,3,4,5,0,0,2,6,17.0,2021-22,Playoffs
0042100125,1610612749,Milwaukee,Bucks,MIL,bucks,203648,Thanasis,Antetokounmpo,T. Antetokounmpo,thanasis-antetokounmpo,,,,1:42,0,0,0.0,0,0,0.0,0,0,0.0,0,2,2,0,0,0,0,0,0,-5.0,2021-22,Playoffs
0042100125,1610612749,Milwaukee,Bucks,MIL,bucks,201586,Serge,Ibaka,S. Ibaka,serge-ibaka,,,,6:58,0,4,0.0,0,1,0.0,0,0,0.0,0,2,2,0,0,0,1,0,0,-10.0,2021-22,Playoffs
0042100125,1610612749,Milwaukee,Bucks,MIL,bucks,1629730,Rayjon,Tucker,R. Tucker,rayjon-tucker,,,,1:40,0,0,0.0,0,0,0.0,0,0,0.0,0,0,0,0,0,0,0,0,0,-5.0,2021-22,Playoffs
0042100125,1610612749,Milwaukee,Bucks,MIL,bucks,1629670,Jordan,Nwora,J. Nwora,jordan-nwora,,,,1:40,0,0,0.0,0,0,0.0,0,0,0.0,0,0,0,0,0,0,0,0,0,-5.0,2021-22,Playoffs
0042100125,1610612749,Milwaukee,Bucks,MIL,bucks,1630492,Luca,Vildoza,L. Vildoza,luca-vildoza,,,,1:40,0,0,0.0,0,0,0.0,0,0,0.0,0,0,0,0,0,0,0,1,0,-5.0,2021-22,Playoffs
0042100125,1610612741,Chicago,Bulls,CHI,bulls,1629750,Javonte,Green,J. Green,javonte-green,F,,,26:37,1,8,0.125,0,5,0.0,1,2,0.5,1,1,2,2,7,0,4,3,3,-2.0,2021-22,Playoffs
0042100125,1610612741,Chicago,Bulls,CHI,bulls,1630172,Patrick,Williams,P. Williams,patrick-williams,F,,,34:31,9,13,0.692,4,7,0.571,1,2,0.5,1,0,1,0,0,1,4,2,23,-24.0,2021-22,Playoffs
0042100125,1610612741,Chicago,Bulls,CHI,bulls,202696,Nikola,Vučević,N. Vučević,nikola-vučević,C,,,36:58,8,15,0.533,3,9,0.333,0,0,0.0,2,14,16,6,0,2,3,5,19,-18.0,2021-22,Playoffs
0042100125,1610612741,Chicago,Bulls,CHI,bulls,201942,DeMar,DeRozan,D. DeRozan,demar-derozan,G,,,42:57,5,10,0.5,0,0,0.0,1,2,0.5,0,2,2,7,3,0,2,2,11,-15.0,2021-22,Playoffs
0042100125,1610612741,Chicago,Bulls,CHI,bulls,1630245,Ayo,Dosunmu,A. Dosunmu,ayo-dosunmu,G,,,22:29,3,11,0.273,1,4,0.25,1,1,1.0,1,2,3,1,0,0,0,1,8,-12.0,2021-22,Playoffs
0042100125,1610612741,Chicago,Bulls,CHI,bulls,1629632,Coby,White,C. White,coby-white,,,,31:33,6,16,0.375,4,13,0.308,1,1,1.0,0,3,3,4,1,0,1,0,17,-15.0,2021-22,Playoffs
0042100125,1610612741,Chicago,Bulls,CHI,bulls,1628972,Troy,Brown Jr.,T. Brown Jr.,troy-brown-jr,,,,22:40,4,11,0.364,2,9,0.222,0,0,0.0,1,5,6,3,1,0,2,1,10,2.0,2021-22,Playoffs
0042100125,1610612741,Chicago,Bulls,CHI,bulls,1627884,Derrick,Jones Jr.,D. Jones Jr.,derrick-jones-jr,,,,13:51,3,8,0.375,1,5,0.2,2,3,0.667,0,1,1,0,0,0,0,4,9,-2.0,2021-22,Playoffs
0042100125,1610612741,Chicago,Bulls,CHI,bulls,202684,Tristan,Thompson,T. Thompson,tristan-thompson,,,,6:44,0,0,0.0,0,0,0.0,0,0,0.0,0,2,2,0,0,0,0,0,0,1.0,2021-22,Playoffs
0042100125,1610612741,Chicago,Bulls,CHI,bulls,1628396,Tony,Bradley,T. Bradley,tony-bradley,,,,1:40,0,0,0.0,0,0,0.0,0,0,0.0,0,1,1,1,0,0,0,0,0,5.0,2021-22,Playoffs
0042100125,1610612741,Chicago,Bulls,CHI,bulls,1630250,Marko,Simonovic,M. Simonovic,marko-simonovic,,DNP - Coach's Decision,,,0,0,0.0,0,0,0.0,0,0,0.0,0,0,0,0,0,0,0,0,0,0.0,2021-22,Playoffs
0042100125,1610612741,Chicago,Bulls,CHI,bulls,1629744,Matt,Thomas,M. Thomas,matt-thomas,,DND - Injury/Illness,,,0,0,0.0,0,0,0.0,0,0,0.0,0,0,0,0,0,0,0,0,0,0.0,2021-22,Playoffs
0042100131,1610612755,Philadelphia,76ers,PHI,sixers,201980,Danny,Green,D. Green,danny-green,F,,,22:24,1,6,0.167,0,5,0.0,0,0,0.0,2,1,3,0,0,0,0,2,2,12.0,2021-22,Playoffs
0042100131,1610612755,Philadelphia,76ers,PHI,sixers,202699,Tobias,Harris,T. Harris,tobias-harris,F,,,37:04,9,14,0.643,3,5,0.6,5,6,0.833,1,5,6,6,1,1,1,2,26,17.0,2021-22,Playoffs
0042100131,1610612755,Philadelphia,76ers,PHI,sixers,203954,Joel,Embiid,J. Embiid,joel-embiid,C,,,37:09,5,15,0.333,0,2,0.0,9,11,0.818,4,11,15,4,0,1,0,5,19,16.0,2021-22,Playoffs
0042100131,1610612755,Philadelphia,76ers,PHI,sixers,1630178,Tyrese,Maxey,T. Maxey,tyrese-maxey,G,,,38:26,14,21,0.667,5,8,0.625,5,5,1.0,1,3,4,2,0,0,0,0,38,20.0,2021-22,Playoffs
0042100131,1610612755,Philadelphia,76ers,PHI,sixers,201935,James,Harden,J. Harden,james-harden,G,,,40:08,6,17,0.353,4,7,0.571,6,7,0.857,2,3,5,14,1,1,1,0,22,14.0,2021-22,Playoffs
0042100131,1610612755,Philadelphia,76ers,PHI,sixers,1629680,Matisse,Thybulle,M. Thybulle,matisse-thybulle,,,,18:49,1,1,1.0,1,1,1.0,0,0,0.0,0,2,2,0,1,0,0,3,3,3.0,2021-22,Playoffs
0042100131,1610612755,Philadelphia,76ers,PHI,sixers,1627777,Georges,Niang,G. Niang,georges-niang,,,,16:20,3,4,0.75,2,3,0.667,0,0,0.0,0,0,0,0,1,0,0,2,8,11.0,2021-22,Playoffs
0042100131,1610612755,Philadelphia,76ers,PHI,sixers,1629003,Shake,Milton,S. Milton,shake-milton,,,,14:08,3,4,0.75,1,1,1.0,3,3,1.0,0,1,1,2,1,0,0,0,10,2.0,2021-22,Playoffs
0042100131,1610612755,Philadelphia,76ers,PHI,sixers,1630194,Paul,Reed,P. Reed,paul-reed,,,,10:51,1,2,0.5,0,0,0.0,1,2,0.5,0,3,3,0,1,1,0,4,3,4.0,2021-22,Playoffs
0042100131,1610612755,Philadelphia,76ers,PHI,sixers,1627788,Furkan,Korkmaz,F. Korkmaz,furkan-korkmaz,,,,2:46,0,0,0.0,0,0,0.0,0,0,0.0,0,0,0,1,0,0,0,0,0,0.0,2021-22,Playoffs
0042100131,1610612755,Philadelphia,76ers,PHI,sixers,1630198,Isaiah,Joe,I. Joe,isaiah-joe,,,,1:55,0,0,0.0,0,0,0.0,0,0,0.0,0,0,0,0,0,0,1,0,0,1.0,2021-22,Playoffs
0042100131,1610612755,Philadelphia,76ers,PHI,sixers,1629646,Charles,Bassey,C. Bassey,charles-bassey,,DNP - Coach's Decision,,,0,0,0.0,0,0,0.0,0,0,0.0,0,0,0,0,0,0,0,0,0,0.0,2021-22,Playoffs
0042100131,1610612755,Philadelphia,76ers,PHI,sixers,201599,DeAndre,Jordan,D. Jordan,deandre-jordan,,DNP - Coach's Decision,,,0,0,0.0,0,0,0.0,0,0,0.0,0,0,0,0,0,0,0,0,0,0.0,2021-22,Playoffs
0042100131,1610612755,Philadelphia,76ers,PHI,sixers,200794,Paul,Millsap,P. Millsap,paul-millsap,,DNP - Coach's Decision,,,0,0,0.0,0,0,0.0,0,0,0.0,0,0,0,0,0,0,0,0,0,0.0,2021-22,Playoffs
0042100131,1610612761,Toronto,Raptors,TOR,raptors,1628384,OG,Anunoby,O. Anunoby,og-anunoby,F,,,32:30,9,15,0.6,2,5,0.4,0,0,0.0,2,5,7,2,0,0,1,2,20,-11.0,2021-22,Playoffs
0042100131,1610612761,Toronto,Raptors,TOR,raptors,1627783,Pascal,Siakam,P. Siakam,pascal-siakam,F,,,39:41,9,18,0.5,1,2,0.5,5,5,1.0,0,3,3,7,0,3,0,4,24,-19.0,2021-22,Playoffs
0042100131,1610612761,Toronto,Raptors,TOR,raptors,1630567,Scottie,Barnes,S. Barnes,scottie-barnes,C,,,31:34,4,6,0.667,0,0,0.0,7,9,0.778,2,8,10,8,0,1,2,1,15,-10.0,2021-22,Playoffs
0042100131,1610612761,Toronto,Raptors,TOR,raptors,1629018,Gary,Trent Jr.,G. Trent Jr.,gary-trent-jr,G,,,26:18,2,11,0.182,2,7,0.286,3,4,0.75,0,3,3,0,0,1,1,2,9,-23.0,2021-22,Playoffs
0042100131,1610612761,Toronto,Raptors,TOR,raptors,1627832,Fred,VanVleet,F. VanVleet,fred-vanvleet,G,,,36:04,7,12,0.583,4,7,0.571,0,0,0.0,0,1,1,6,1,2,0,6,18,-19.0,2021-22,Playoffs
0042100131,1610612761,Toronto,Raptors,TOR,raptors,203920,Khem,Birch,K. Birch,khem-birch,,,,8:16,2,2,1.0,0,0,0.0,0,0,0.0,0,0,0,0,0,0,0,2,4,-3.0,2021-22,Playoffs
0042100131,1610612761,Toronto,Raptors,TOR,raptors,1630173,Precious,Achiuwa,P. Achiuwa,precious-achiuwa,,,,28:36,3,9,0.333,2,4,0.5,1,1,1.0,1,3,4,3,0,1,1,1,9,-8.0,2021-22,Playoffs
0042100131,1610612761,Toronto,Raptors,TOR,raptors,1628449,Chris,Boucher,C. Boucher,chris-boucher,,,,14:57,3,3,1.0,1,1,1.0,0,0,0.0,1,1,2,0,0,0,1,6,7,-8.0,2021-22,Playoffs
0042100131,1610612761,Toronto,Raptors,TOR,raptors,201152,Thaddeus,Young,T. Young,thaddeus-young,,,,5:33,0,1,0.0,0,1,0.0,0,0,0.0,0,1,1,0,0,0,1,1,0,-1.0,2021-22,Playoffs
0042100131,1610612761,Toronto,Raptors,TOR,raptors,1629139,Yuta,Watanabe,Y. Watanabe,yuta-watanabe,,,,5:27,1,2,0.5,0,0,0.0,0,0,0.0,0,0,0,0,0,0,0,0,2,2.0,2021-22,Playoffs
0042100131,1610612761,Toronto,Raptors,TOR,raptors,1630201,Malachi,Flynn,M. Flynn,malachi-flynn,,,,2:46,0,0,0.0,0,0,0.0,0,0,0.0,1,0,1,0,0,0,0,0,0,0.0,2021-22,Playoffs
0042100131,1610612761,Toronto,Raptors,TOR,raptors,1630625,Dalano,Banton,D. Banton,dalano-banton,,,,2:46,0,0,0.0,0,0,0.0,1,2,0.5,0,0,0,1,0,0,1,0,1,0.0,2021-22,Playoffs
0042100131,1610612761,Toronto,Raptors,TOR,raptors,1629717,Armoni,Brooks,A. Brooks,armoni-brooks,,,,2:46,0,3,0.0,0,3,0.0,0,0,0.0,0,2,2,0,0,0,0,0,0,0.0,2021-22,Playoffs
0042100131,1610612761,Toronto,Raptors,TOR,raptors,1629067,Isaac,Bonga,I. Bonga,isaac-bonga,,,,2:46,0,0,0.0,0,0,0.0,2,2,1.0,0,1,1,0,0,0,0,1,2,0.0,2021-22,Playoffs
0042100131,1610612761,Toronto,Raptors,TOR,raptors,1629004,Svi,Mykhailiuk,S. Mykhailiuk,svi-mykhailiuk,,DNP - Coach's Decision,,,0,0,0.0,0,0,0.0,0,0,0.0,0,0,0,0,0,0,0,0,0,0.0,2021-22,Playoffs
0042100132,1610612755,Philadelphia,76ers,PHI,sixers,201980,Danny,Green,D. Green,danny-green,F,,,37:32,4,12,0.333,3,9,0.333,0,0,0.0,1,0,1,3,1,2,1,2,11,18.0,2021-22,Playoffs
0042100132,1610612755,Philadelphia,76ers,PHI,sixers,202699,Tobias,Harris,T. Harris,tobias-harris,F,,,38:58,7,11,0.636,3,3,1.0,3,4,0.75,1,9,10,1,0,3,2,3,20,23.0,2021-22,Playoffs
0042100132,1610612755,Philadelphia,76ers,PHI,sixers,203954,Joel,Embiid,J. Embiid,joel-embiid,C,,,37:14,9,16,0.563,1,2,0.5,12,14,0.857,2,9,11,0,0,0,4,2,31,7.0,2021-22,Playoffs
0042100132,1610612755,Philadelphia,76ers,PHI,sixers,1630178,Tyrese,Maxey,T. Maxey,tyrese-maxey,G,,,41:03,8,11,0.727,3,6,0.5,4,4,1.0,1,8,9,8,1,1,1,2,23,22.0,2021-22,Playoffs
0042100132,1610612755,Philadelphia,76ers,PHI,sixers,201935,James,Harden,J. Harden,james-harden,G,,,41:19,3,9,0.333,1,4,0.25,7,8,0.875,1,5,6,6,3,2,5,2,14,17.0,2021-22,Playoffs
0042100132,1610612755,Philadelphia,76ers,PHI,sixers,1629680,Matisse,Thybulle,M. Thybulle,matisse-thybulle,,,,10:28,2,3,0.667,1,2,0.5,0,0,0.0,0,0,0,1,0,3,0,1,5,-3.0,2021-22,Playoffs
0042100132,1610612755,Philadelphia,76ers,PHI,sixers,1627777,Georges,Niang,G. Niang,georges-niang,,,,9:02,2,3,0.667,1,2,0.5,0,0,0.0,0,0,0,1,0,0,1,4,5,-8.0,2021-22,Playoffs
0042100132,1610612755,Philadelphia,76ers,PHI,sixers,1629003,Shake,Milton,S. Milton,shake-milton,,,,13:38,1,3,0.333,1,2,0.5,0,0,0.0,0,2,2,0,0,1,0,0,3,-9.0,2021-22,Playoffs
0042100132,1610612755,Philadelphia,76ers,PHI,sixers,1630194,Paul,Reed,P. Reed,paul-reed,,,,10:46,0,1,0.0,0,0,0.0,0,0,0.0,1,1,2,0,0,0,0,2,0,8.0,2021-22,Playoffs
0042100132,1610612755,Philadelphia,76ers,PHI,sixers,1630198,Isaiah,Joe,I. Joe,isaiah-joe,,DNP - Coach's Decision,,,0,0,0.0,0,0,0.0,0,0,0.0,0,0,0,0,0,0,0,0,0,0.0,2021-22,Playoffs
0042100132,1610612755,Philadelphia,76ers,PHI,sixers,201599,DeAndre,Jordan,D. Jordan,deandre-jordan,,DNP - Coach's Decision,,,0,0,0.0,0,0,0.0,0,0,0.0,0,0,0,0,0,0,0,0,0,0.0,2021-22,Playoffs
0042100132,1610612755,Philadelphia,76ers,PHI,sixers,1627788,Furkan,Korkmaz,F. Korkmaz,furkan-korkmaz,,DNP - Coach's Decision,,,0,0,0.0,0,0,0.0,0,0,0.0,0,0,0,0,0,0,0,0,0,0.0,2021-22,Playoffs
0042100132,1610612755,Philadelphia,76ers,PHI,sixers,200794,Paul,Millsap,P. Millsap,paul-millsap,,DNP - Coach's Decision,,,0,0,0.0,0,0,0.0,0,0,0.0,0,0,0,0,0,0,0,0,0,0.0,2021-22,Playoffs
0042100132,1610612755,Philadelphia,76ers,PHI,sixers,1630531,Jaden,Springer,J. Springer,jaden-springer,,DNP - Coach's Decision,,,0,0,0.0,0,0,0.0,0,0,0.0,0,0,0,0,0,0,0,0,0,0.0,2021-22,Playoffs
0042100132,1610612761,Toronto,Raptors,TOR,raptors,1628384,OG,Anunoby,O. Anunoby,og-anunoby,F,,,38:26,10,14,0.714,4,7,0.571,2,2,1.0,0,1,1,3,1,0,3,4,26,-14.0,2021-22,Playoffs
0042100132,1610612761,Toronto,Raptors,TOR,raptors,1627783,Pascal,Siakam,P. Siakam,pascal-siakam,F,,,40:59,7,20,0.35,0,1,0.0,6,7,0.857,4,6,10,5,1,0,2,5,20,-23.0,2021-22,Playoffs
0042100132,1610612761,Toronto,Raptors,TOR,raptors,1630173,Precious,Achiuwa,P. Achiuwa,precious-achiuwa,C,,,28:59,3,8,0.375,0,1,0.0,1,1,1.0,2,4,6,0,1,0,0,3,7,-24.0,2021-22,Playoffs
0042100132,1610612761,Toronto,Raptors,TOR,raptors,1629018,Gary,Trent Jr.,G. Trent Jr.,gary-trent-jr,G,,,9:44,0,3,0.0,0,1,0.0,0,0,0.0,0,1,1,0,0,0,0,4,0,-2.0,2021-22,Playoffs
0042100132,1610612761,Toronto,Raptors,TOR,raptors,1627832,Fred,VanVleet,F. VanVleet,fred-vanvleet,G,,,43:50,7,23,0.304,5,16,0.313,1,2,0.5,0,4,4,7,3,2,4,1,20,-17.0,2021-22,Playoffs
0042100132,1610612761,Toronto,Raptors,TOR,raptors,1628449,Chris,Boucher,C. Boucher,chris-boucher,,,,29:50,8,13,0.615,1,3,0.333,0,0,0.0,6,2,8,0,0,2,0,1,17,-1.0,2021-22,Playoffs
0042100132,1610612761,Toronto,Raptors,TOR,raptors,1630201,Malachi,Flynn,M. Flynn,malachi-flynn,,,,21:10,0,4,0.0,0,2,0.0,0,0,0.0,1,0,1,0,0,0,0,4,0,8.0,2021-22,Playoffs
0042100132,1610612761,Toronto,Raptors,TOR,raptors,203920,Khem,Birch,K. Birch,khem-birch,,,,19:01,2,3,0.667,1,1,1.0,0,0,0.0,0,2,2,1,1,0,0,2,5,9.0,2021-22,Playoffs
0042100132,1610612761,Toronto,Raptors,TOR,raptors,201152,Thaddeus,Young,T. Young,thaddeus-young,,,,8:01,1,1,1.0,0,0,0.0,0,0,0.0,0,2,2,0,0,0,0,0,2,-11.0,2021-22,Playoffs
0042100132,1610612761,Toronto,Raptors,TOR,raptors,1630625,Dalano,Banton,D. Banton,dalano-banton,,DNP - Coach's Decision,,,0,0,0.0,0,0,0.0,0,0,0.0,0,0,0,0,0,0,0,0,0,0.0,2021-22,Playoffs
0042100132,1610612761,Toronto,Raptors,TOR,raptors,1629067,Isaac,Bonga,I. Bonga,isaac-bonga,,DNP - Coach's Decision,,,0,0,0.0,0,0,0.0,0,0,0.0,0,0,0,0,0,0,0,0,0,0.0,2021-22,Playoffs
0042100132,1610612761,Toronto,Raptors,TOR,raptors,1629717,Armoni,Brooks,A. Brooks,armoni-brooks,,DNP - Coach's Decision,,,0,0,0.0,0,0,0.0,0,0,0.0,0,0,0,0,0,0,0,0,0,0.0,2021-22,Playoffs
0042100132,1610612761,Toronto,Raptors,TOR,raptors,1629004,Svi,Mykhailiuk,S. Mykhailiuk,svi-mykhailiuk,,DNP - Coach's Decision,,,0,0,0.0,0,0,0.0,0,0,0.0,0,0,0,0,0,0,0,0,0,0.0,2021-22,Playoffs
0042100132,1610612761,Toronto,Raptors,TOR,raptors,1629139,Yuta,Watanabe,Y. Watanabe,yuta-watanabe,,DNP - Coach's Decision,,,0,0,0.0,0,0,0.0,0,0,0.0,0,0,0,0,0,0,0,0,0,0.0,2021-22,Playoffs
0042100133,1610612761,Toronto,Raptors,TOR,raptors,1628384,OG,Anunoby,O. Anunoby,og-anunoby,F,,,45:49,8,18,0.444,4,9,0.444,6,9,0.667,3,2,5,4,1,1,1,4,26,1.0,2021-22,Playoffs
0042100133,1610612761,Toronto,Raptors,TOR,raptors,1627783,Pascal,Siakam,P. Siakam,pascal-siakam,F,,,48:29,6,16,0.375,0,2,0.0,0,0,0.0,1,4,5,4,2,1,3,5,12,-4.0,2021-22,Playoffs
0042100133,1610612761,Toronto,Raptors,TOR,raptors,203920,Khem,Birch,K. Birch,khem-birch,C,,,14:01,1,4,0.25,0,1,0.0,0,0,0.0,1,1,2,1,0,0,1,4,2,-2.0,2021-22,Playoffs
0042100133,1610612761,Toronto,Raptors,TOR,raptors,1629018,Gary,Trent Jr.,G. Trent Jr.,gary-trent-jr,G,,,45:29,9,19,0.474,4,9,0.444,2,3,0.667,0,2,2,2,2,1,0,1,24,-7.0,2021-22,Playoffs
0042100133,1610612761,Toronto,Raptors,TOR,raptors,1627832,Fred,VanVleet,F. VanVleet,fred-vanvleet,G,,,45:29,3,13,0.231,2,10,0.2,4,4,1.0,0,5,5,9,3,0,0,3,12,-7.0,2021-22,Playoffs
0042100133,1610612761,Toronto,Raptors,TOR,raptors,1630173,Precious,Achiuwa,P. Achiuwa,precious-achiuwa,,,,35:33,9,11,0.818,2,2,1.0,0,2,0.0,2,4,6,1,0,1,4,2,20,2.0,2021-22,Playoffs
0042100133,1610612761,Toronto,Raptors,TOR,raptors,1628449,Chris,Boucher,C. Boucher,chris-boucher,,,,16:56,1,3,0.333,1,2,0.5,0,0,0.0,2,4,6,0,0,0,0,1,3,7.0,2021-22,Playoffs
0042100133,1610612761,Toronto,Raptors,TOR,raptors,1630201,Malachi,Flynn,M. Flynn,malachi-flynn,,,,7:31,0,1,0.0,0,0,0.0,0,0,0.0,0,1,1,2,1,0,1,0,0,4.0,2021-22,Playoffs
0042100133,1610612761,Toronto,Raptors,TOR,raptors,201152,Thaddeus,Young,T. Young,thaddeus-young,,,,5:43,1,1,1.0,0,0,0.0,0,0,0.0,0,0,0,0,0,0,0,1,2,-9.0,2021-22,Playoffs
0042100133,1610612761,Toronto,Raptors,TOR,raptors,1630625,Dalano,Banton,D. Banton,dalano-banton,,DNP - Coach's Decision,,,0,0,0.0,0,0,0.0,0,0,0.0,0,0,0,0,0,0,0,0,0,0.0,2021-22,Playoffs
0042100133,1610612761,Toronto,Raptors,TOR,raptors,1629067,Isaac,Bonga,I. Bonga,isaac-bonga,,DNP - Coach's Decision,,,0,0,0.0,0,0,0.0,0,0,0.0,0,0,0,0,0,0,0,0,0,0.0,2021-22,Playoffs
0042100133,1610612761,Toronto,Raptors,TOR,raptors,1629717,Armoni,Brooks,A. Brooks,armoni-brooks,,DNP - Coach's Decision,,,0,0,0.0,0,0,0.0,0,0,0.0,0,0,0,0,0,0,0,0,0,0.0,2021-22,Playoffs
0042100133,1610612761,Toronto,Raptors,TOR,raptors,1629004,Svi,Mykhailiuk,S. Mykhailiuk,svi-mykhailiuk,,DNP - Coach's Decision,,,0,0,0.0,0,0,0.0,0,0,0.0,0,0,0,0,0,0,0,0,0,0.0,2021-22,Playoffs
0042100133,1610612761,Toronto,Raptors,TOR,raptors,1629139,Yuta,Watanabe,Y. Watanabe,yuta-watanabe,,DNP - Coach's Decision,,,0,0,0.0,0,0,0.0,0,0,0.0,0,0,0,0,0,0,0,0,0,0.0,2021-22,Playoffs
0042100133,1610612755,Philadelphia,76ers,PHI,sixers,201980,Danny,Green,D. Green,danny-green,F,,,46:15,3,8,0.375,3,7,0.429,0,0,0.0,2,5,7,1,2,0,2,4,9,10.0,2021-22,Playoffs
0042100133,1610612755,Philadelphia,76ers,PHI,sixers,202699,Tobias,Harris,T. Harris,tobias-harris,F,,,46:44,4,9,0.444,1,3,0.333,2,2,1.0,2,10,12,2,1,1,3,1,11,7.0,2021-22,Playoffs
0042100133,1610612755,Philadelphia,76ers,PHI,sixers,203954,Joel,Embiid,J. Embiid,joel-embiid,C,,,44:28,12,20,0.6,3,8,0.375,6,9,0.667,1,12,13,2,0,1,6,3,33,8.0,2021-22,Playoffs
0042100133,1610612755,Philadelphia,76ers,PHI,sixers,1630178,Tyrese,Maxey,T. Maxey,tyrese-maxey,G,,,47:20,8,18,0.444,1,5,0.2,2,2,1.0,1,3,4,1,1,0,5,3,19,8.0,2021-22,Playoffs
0042100133,1610612755,Philadelphia,76ers,PHI,sixers,201935,James,Harden,J. Harden,james-harden,G,,,38:06,7,13,0.538,2,4,0.5,3,5,0.6,2,4,6,10,0,0,3,6,19,0.0,2021-22,Playoffs
0042100133,1610612755,Philadelphia,76ers,PHI,sixers,1629003,Shake,Milton,S. Milton,shake-milton,,,,10:55,0,0,0.0,0,0,0.0,2,2,1.0,0,1,1,1,0,0,0,1,2,-7.0,2021-22,Playoffs
0042100133,1610612755,Philadelphia,76ers,PHI,sixers,1627777,Georges,Niang,G. Niang,georges-niang,,,,22:40,3,4,0.75,3,4,0.75,0,0,0.0,1,1,2,0,0,0,1,1,9,-6.0,2021-22,Playoffs
0042100133,1610612755,Philadelphia,76ers,PHI,sixers,1630194,Paul,Reed,P. Reed,paul-reed,,,,8:32,1,2,0.5,0,0,0.0,0,0,0.0,0,1,1,1,1,1,2,2,2,-5.0,2021-22,Playoffs
0042100133,1610612755,Philadelphia,76ers,PHI,sixers,201599,DeAndre,Jordan,D. Jordan,deandre-jordan,,,,0:01,0,0,0.0,0,0,0.0,0,0,0.0,0,0,0,0,0,0,0,0,0,0.0,2021-22,Playoffs
0042100133,1610612755,Philadelphia,76ers,PHI,sixers,1630198,Isaiah,Joe,I. Joe,isaiah-joe,,DNP - Coach's Decision,,,0,0,0.0,0,0,0.0,0,0,0.0,0,0,0,0,0,0,0,0,0,0.0,2021-22,Playoffs
0042100133,1610612755,Philadelphia,76ers,PHI,sixers,1627788,Furkan,Korkmaz,F. Korkmaz,furkan-korkmaz,,DNP - Coach's Decision,,,0,0,0.0,0,0,0.0,0,0,0.0,0,0,0,0,0,0,0,0,0,0.0,2021-22,Playoffs
0042100133,1610612755,Philadelphia,76ers,PHI,sixers,200794,Paul,Millsap,P. Millsap,paul-millsap,,DNP - Coach's Decision,,,0,0,0.0,0,0,0.0,0,0,0.0,0,0,0,0,0,0,0,0,0,0.0,2021-22,Playoffs
0042100133,1610612755,Philadelphia,76ers,PHI,sixers,1630531,Jaden,Springer,J. Springer,jaden-springer,,DNP - Coach's Decision,,,0,0,0.0,0,0,0.0,0,0,0.0,0,0,0,0,0,0,0,0,0,0.0,2021-22,Playoffs
0042100134,1610612761,Toronto,Raptors,TOR,raptors,1628384,OG,Anunoby,O. Anunoby,og-anunoby,F,,,31:29,3,13,0.231,1,7,0.143,4,5,0.8,2,3,5,2,1,0,2,4,11,1.0,2021-22,Playoffs
0042100134,1610612761,Toronto,Raptors,TOR,raptors,1627783,Pascal,Siakam,P. Siakam,pascal-siakam,F,,,43:39,10,19,0.526,1,4,0.25,13,15,0.867,0,8,8,5,1,2,3,3,34,13.0,2021-22,Playoffs
0042100134,1610612761,Toronto,Raptors,TOR,raptors,203920,Khem,Birch,K. Birch,khem-birch,C,,,5:49,0,1,0.0,0,0,0.0,0,0,0.0,2,1,3,0,0,0,1,0,0,-2.0,2021-22,Playoffs
0042100134,1610612761,Toronto,Raptors,TOR,raptors,1629018,Gary,Trent Jr.,G. Trent Jr.,gary-trent-jr,G,,,39:03,8,20,0.4,3,10,0.3,5,5,1.0,1,2,3,1,2,1,1,1,24,7.0,2021-22,Playoffs
0042100134,1610612761,Toronto,Raptors,TOR,raptors,1627832,Fred,VanVleet,F. VanVleet,fred-vanvleet,G,,,14:33,2,6,0.333,1,3,0.333,0,0,0.0,2,0,2,3,0,0,0,2,5,3.0,2021-22,Playoffs
0042100134,1610612761,Toronto,Raptors,TOR,raptors,1630567,Scottie,Barnes,S. Barnes,scottie-barnes,,,,25:34,1,6,0.167,0,4,0.0,4,5,0.8,0,11,11,2,0,0,0,3,6,3.0,2021-22,Playoffs
0042100134,1610612761,Toronto,Raptors,TOR,raptors,1630173,Precious,Achiuwa,P. Achiuwa,precious-achiuwa,,,,24:25,2,6,0.333,0,2,0.0,1,2,0.5,2,2,4,1,0,0,3,1,5,10.0,2021-22,Playoffs
0042100134,1610612761,Toronto,Raptors,TOR,raptors,201152,Thaddeus,Young,T. Young,thaddeus-young,,,,29:49,6,9,0.667,1,3,0.333,0,2,0.0,4,1,5,5,3,1,0,4,13,14.0,2021-22,Playoffs
0042100134,1610612761,Toronto,Raptors,TOR,raptors,1628449,Chris,Boucher,C. Boucher,chris-boucher,,,,19:02,4,5,0.8,1,1,1.0,0,0,0.0,0,5,5,0,1,2,0,1,9,13.0,2021-22,Playoffs
0042100134,1610612761,Toronto,Raptors,TOR,raptors,1630201,Malachi,Flynn,M. Flynn,malachi-flynn,,,,1:23,0,1,0.0,0,0,0.0,0,0,0.0,0,0,0,0,0,0,0,0,0,-4.0,2021-22,Playoffs
0042100134,1610612761,Toronto,Raptors,TOR,raptors,1629004,Svi,Mykhailiuk,S. Mykhailiuk,svi-mykhailiuk,,,,1:19,0,0,0.0,0,0,0.0,0,0,0.0,0,0,0,0,0,0,0,1,0,-5.0,2021-22,Playoffs
0042100134,1610612761,Toronto,Raptors,TOR,raptors,1630625,Dalano,Banton,D. Banton,dalano-banton,,,,1:19,1,1,1.0,0,0,0.0,1,1,1.0,0,0,0,0,1,0,0,0,3,-5.0,2021-22,Playoffs
0042100134,1610612761,Toronto,Raptors,TOR,raptors,1629139,Yuta,Watanabe,Y. Watanabe,yuta-watanabe,,,,1:19,0,1,0.0,0,0,0.0,0,0,0.0,0,0,0,0,0,0,1,0,0,-5.0,2021-22,Playoffs
0042100134,1610612761,Toronto,Raptors,TOR,raptors,1629717,Armoni,Brooks,A. Brooks,armoni-brooks,,,,1:18,0,0,0.0,0,0,0.0,0,0,0.0,0,0,0,0,0,0,0,0,0,-3.0,2021-22,Playoffs
0042100134,1610612761,Toronto,Raptors,TOR,raptors,1629067,Isaac,Bonga,I. Bonga,isaac-bonga,,DNP - Coach's Decision,,,0,0,0.0,0,0,0.0,0,0,0.0,0,0,0,0,0,0,0,0,0,0.0,2021-22,Playoffs
0042100134,1610612755,Philadelphia,76ers,PHI,sixers,201980,Danny,Green,D. Green,danny-green,F,,,27:47,2,10,0.2,2,7,0.286,0,0,0.0,1,2,3,2,0,0,0,2,6,-4.0,2021-22,Playoffs
0042100134,1610612755,Philadelphia,76ers,PHI,sixers,202699,Tobias,Harris,T. Harris,tobias-harris,F,,,40:49,7,12,0.583,1,4,0.25,0,0,0.0,0,11,11,2,1,2,3,5,15,-6.0,2021-22,Playoffs
0042100134,1610612755,Philadelphia,76ers,PHI,sixers,203954,Joel,Embiid,J. Embiid,joel-embiid,C,,,39:21,7,16,0.438,0,1,0.0,7,9,0.778,2,6,8,3,0,0,5,4,21,-5.0,2021-22,Playoffs
0042100134,1610612755,Philadelphia,76ers,PHI,sixers,1630178,Tyrese,Maxey,T. Maxey,tyrese-maxey,G,,,39:29,4,12,0.333,1,3,0.333,2,3,0.667,0,6,6,6,1,0,1,2,11,-12.0,2021-22,Playoffs
0042100134,1610612755,Philadelphia,76ers,PHI,sixers,201935,James,Harden,J. Harden,james-harden,G,,,42:13,5,17,0.294,2,8,0.25,10,11,0.909,1,4,5,9,1,3,4,2,22,-14.0,2021-22,Playoffs
0042100134,1610612755,Philadelphia,76ers,PHI,sixers,1629003,Shake,Milton,S. Milton,shake-milton,,,,15:28,2,3,0.667,1,1,1.0,2,2,1.0,0,1,1,0,0,0,0,1,7,5.0,2021-22,Playoffs
0042100134,1610612755,Philadelphia,76ers,PHI,sixers,1627777,Georges,Niang,G. Niang,georges-niang,,,,22:05,3,4,0.75,3,4,0.75,0,0,0.0,0,1,1,1,0,0,0,6,9,-13.0,2021-22,Playoffs
0042100134,1610612755,Philadelphia,76ers,PHI,sixers,1630194,Paul,Reed,P. Reed,paul-reed,,,,8:40,3,4,0.75,2,2,1.0,0,0,0.0,2,3,5,0,1,0,2,3,8,-3.0,2021-22,Playoffs
0042100134,1610612755,Philadelphia,76ers,PHI,sixers,1627788,Furkan,Korkmaz,F. Korkmaz,furkan-korkmaz,,,,1:23,0,0,0.0,0,0,0.0,0,0,0.0,0,0,0,0,0,0,0,1,0,4.0,2021-22,Playoffs
0042100134,1610612755,Philadelphia,76ers,PHI,sixers,1630198,Isaiah,Joe,I. Joe,isaiah-joe,,,,1:23,1,1,1.0,1,1,1.0,0,0,0.0,0,0,0,0,0,0,0,0,3,4.0,2021-22,Playoffs
0042100134,1610612755,Philadelphia,76ers,PHI,sixers,1630531,Jaden,Springer,J. Springer,jaden-springer,,,,1:23,0,1,0.0,0,0,0.0,0,0,0.0,0,1,1,1,0,0,0,0,0,4.0,2021-22,Playoffs
0042100134,1610612755,Philadelphia,76ers,PHI,sixers,201599,DeAndre,Jordan,D. Jordan,deandre-jordan,,DNP - Coach's Decision,,,0,0,0.0,0,0,0.0,0,0,0.0,0,0,0,0,0,0,0,0,0,0.0,2021-22,Playoffs
0042100134,1610612755,Philadelphia,76ers,PHI,sixers,200794,Paul,Millsap,P. Millsap,paul-millsap,,DNP - Coach's Decision,,,0,0,0.0,0,0,0.0,0,0,0.0,0,0,0,0,0,0,0,0,0,0.0,2021-22,Playoffs
0042100135,1610612755,Philadelphia,76ers,PHI,sixers,201980,Danny,Green,D. Green,danny-green,F,,,24:35,5,10,0.5,4,9,0.444,0,0,0.0,1,3,4,0,2,0,0,0,14,-14.0,2021-22,Playoffs
0042100135,1610612755,Philadelphia,76ers,PHI,sixers,202699,Tobias,Harris,T. Harris,tobias-harris,F,,,44:09,6,16,0.375,2,7,0.286,2,2,1.0,0,7,7,4,0,0,1,2,16,-16.0,2021-22,Playoffs
0042100135,1610612755,Philadelphia,76ers,PHI,sixers,203954,Joel,Embiid,J. Embiid,joel-embiid,C,,,39:38,7,15,0.467,0,4,0.0,6,6,1.0,1,10,11,4,0,0,4,5,20,-4.0,2021-22,Playoffs
0042100135,1610612755,Philadelphia,76ers,PHI,sixers,1630178,Tyrese,Maxey,T. Maxey,tyrese-maxey,G,,,41:52,5,14,0.357,0,3,0.0,2,2,1.0,0,2,2,4,1,0,1,2,12,-16.0,2021-22,Playoffs
0042100135,1610612755,Philadelphia,76ers,PHI,sixers,201935,James,Harden,J. Harden,james-harden,G,,,39:37,4,11,0.364,2,6,0.333,5,6,0.833,0,2,2,7,1,1,5,1,15,-10.0,2021-22,Playoffs
0042100135,1610612755,Philadelphia,76ers,PHI,sixers,1629680,Matisse,Thybulle,M. Thybulle,matisse-thybulle,,,,14:00,1,6,0.167,0,3,0.0,0,2,0.0,1,1,2,0,1,0,1,3,2,-1.0,2021-22,Playoffs
0042100135,1610612755,Philadelphia,76ers,PHI,sixers,1629003,Shake,Milton,S. Milton,shake-milton,,,,10:15,0,1,0.0,0,1,0.0,0,0,0.0,1,0,1,2,1,0,1,2,0,1.0,2021-22,Playoffs
0042100135,1610612755,Philadelphia,76ers,PHI,sixers,1627777,Georges,Niang,G. Niang,georges-niang,,,,13:17,1,2,0.5,1,2,0.5,0,0,0.0,0,1,1,0,0,0,0,1,3,-2.0,2021-22,Playoffs
0042100135,1610612755,Philadelphia,76ers,PHI,sixers,1630194,Paul,Reed,P. Reed,paul-reed,,,,8:22,1,4,0.25,0,0,0.0,1,2,0.5,4,2,6,0,1,0,1,1,3,-11.0,2021-22,Playoffs
0042100135,1610612755,Philadelphia,76ers,PHI,sixers,1627788,Furkan,Korkmaz,F. Korkmaz,furkan-korkmaz,,,,2:16,1,1,1.0,1,1,1.0,0,0,0.0,0,1,1,0,0,0,0,0,3,-1.0,2021-22,Playoffs
0042100135,1610612755,Philadelphia,76ers,PHI,sixers,1630198,Isaiah,Joe,I. Joe,isaiah-joe,,,,1:59,0,1,0.0,0,1,0.0,0,0,0.0,0,0,0,0,0,0,1,0,0,-1.0,2021-22,Playoffs
0042100135,1610612755,Philadelphia,76ers,PHI,sixers,201599,DeAndre,Jordan,D. Jordan,deandre-jordan,,DNP - Coach's Decision,,,0,0,0.0,0,0,0.0,0,0,0.0,0,0,0,0,0,0,0,0,0,0.0,2021-22,Playoffs
0042100135,1610612755,Philadelphia,76ers,PHI,sixers,200794,Paul,Millsap,P. Millsap,paul-millsap,,DNP - Coach's Decision,,,0,0,0.0,0,0,0.0,0,0,0.0,0,0,0,0,0,0,0,0,0,0.0,2021-22,Playoffs
0042100135,1610612755,Philadelphia,76ers,PHI,sixers,1630531,Jaden,Springer,J. Springer,jaden-springer,,DNP - Coach's Decision,,,0,0,0.0,0,0,0.0,0,0,0.0,0,0,0,0,0,0,0,0,0,0.0,2021-22,Playoffs
0042100135,1610612761,Toronto,Raptors,TOR,raptors,1628384,OG,Anunoby,O. Anunoby,og-anunoby,F,,,39:15,7,15,0.467,2,9,0.222,0,0,0.0,0,5,5,4,2,0,3,1,16,18.0,2021-22,Playoffs
0042100135,1610612761,Toronto,Raptors,TOR,raptors,1627783,Pascal,Siakam,P. Siakam,pascal-siakam,F,,,43:42,10,17,0.588,2,4,0.5,1,2,0.5,0,10,10,7,0,0,2,1,23,24.0,2021-22,Playoffs
0042100135,1610612761,Toronto,Raptors,TOR,raptors,203920,Khem,Birch,K. Birch,khem-birch,C,,,11:02,3,6,0.5,1,2,0.5,0,0,0.0,1,0,1,1,0,1,1,4,7,2.0,2021-22,Playoffs
0042100135,1610612761,Toronto,Raptors,TOR,raptors,1629018,Gary,Trent Jr.,G. Trent Jr.,gary-trent-jr,G,,,38:34,5,14,0.357,2,6,0.333,4,4,1.0,0,1,1,3,2,0,0,1,16,13.0,2021-22,Playoffs
0042100135,1610612761,Toronto,Raptors,TOR,raptors,1630567,Scottie,Barnes,S. Barnes,scottie-barnes,G,,,40:43,5,10,0.5,0,1,0.0,2,2,1.0,1,7,8,4,3,0,1,3,12,13.0,2021-22,Playoffs
0042100135,1610612761,Toronto,Raptors,TOR,raptors,1630173,Precious,Achiuwa,P. Achiuwa,precious-achiuwa,,,,26:46,7,11,0.636,1,5,0.2,2,2,1.0,1,6,7,0,0,3,0,4,17,10.0,2021-22,Playoffs
0042100135,1610612761,Toronto,Raptors,TOR,raptors,1628449,Chris,Boucher,C. Boucher,chris-boucher,,,,17:28,3,5,0.6,0,2,0.0,0,0,0.0,0,4,4,1,0,2,0,2,6,5.0,2021-22,Playoffs
0042100135,1610612761,Toronto,Raptors,TOR,raptors,201152,Thaddeus,Young,T. Young,thaddeus-young,,,,15:56,1,2,0.5,0,1,0.0,1,2,0.5,0,3,3,3,1,0,1,2,3,5.0,2021-22,Playoffs
0042100135,1610612761,Toronto,Raptors,TOR,raptors,1629139,Yuta,Watanabe,Y. Watanabe,yuta-watanabe,,,,1:19,1,1,1.0,0,0,0.0,0,0,0.0,0,0,0,0,0,0,0,0,2,-3.0,2021-22,Playoffs
0042100135,1610612761,Toronto,Raptors,TOR,raptors,1630201,Malachi,Flynn,M. Flynn,malachi-flynn,,,,1:19,0,0,0.0,0,0,0.0,0,0,0.0,0,0,0,1,0,0,0,2,0,-3.0,2021-22,Playoffs
0042100135,1610612761,Toronto,Raptors,TOR,raptors,1630625,Dalano,Banton,D. Banton,dalano-banton,,,,1:19,0,0,0.0,0,0,0.0,0,0,0.0,0,0,0,0,0,0,0,0,0,-3.0,2021-22,Playoffs
0042100135,1610612761,Toronto,Raptors,TOR,raptors,1629004,Svi,Mykhailiuk,S. Mykhailiuk,svi-mykhailiuk,,,,1:19,0,1,0.0,0,1,0.0,1,1,1.0,0,1,1,0,0,0,0,0,1,-3.0,2021-22,Playoffs
0042100135,1610612761,Toronto,Raptors,TOR,raptors,1629717,Armoni,Brooks,A. Brooks,armoni-brooks,,,,1:18,0,0,0.0,0,0,0.0,0,0,0.0,0,0,0,0,0,0,0,0,0,-3.0,2021-22,Playoffs
0042100135,1610612761,Toronto,Raptors,TOR,raptors,1629067,Isaac,Bonga,I. Bonga,isaac-bonga,,DNP - Coach's Decision,,,0,0,0.0,0,0,0.0,0,0,0.0,0,0,0,0,0,0,0,0,0,0.0,2021-22,Playoffs
0042100136,1610612761,Toronto,Raptors,TOR,raptors,1628384,OG,Anunoby,O. Anunoby,og-anunoby,F,,,29:02,2,7,0.286,1,4,0.25,0,0,0.0,0,1,1,0,1,0,0,3,5,-26.0,2021-22,Playoffs
0042100136,1610612761,Toronto,Raptors,TOR,raptors,1627783,Pascal,Siakam,P. Siakam,pascal-siakam,F,,,43:47,9,17,0.529,0,4,0.0,6,7,0.857,3,4,7,7,3,0,3,6,24,-32.0,2021-22,Playoffs
0042100136,1610612761,Toronto,Raptors,TOR,raptors,203920,Khem,Birch,K. Birch,khem-birch,C,,,5:05,0,0,0.0,0,0,0.0,0,0,0.0,0,1,1,0,0,0,0,1,0,1.0,2021-22,Playoffs
0042100136,1610612761,Toronto,Raptors,TOR,raptors,1629018,Gary,Trent Jr.,G. Trent Jr.,gary-trent-jr,G,,,40:10,7,15,0.467,2,6,0.333,3,3,1.0,0,0,0,2,0,0,1,2,19,-34.0,2021-22,Playoffs
0042100136,1610612761,Toronto,Raptors,TOR,raptors,1630567,Scottie,Barnes,S. Barnes,scottie-barnes,G,,,35:06,8,20,0.4,2,7,0.286,0,0,0.0,4,3,7,3,1,0,2,5,18,-33.0,2021-22,Playoffs
0042100136,1610612761,Toronto,Raptors,TOR,raptors,1630173,Precious,Achiuwa,P. Achiuwa,precious-achiuwa,,,,22:14,1,7,0.143,0,2,0.0,1,2,0.5,0,2,2,1,0,0,1,3,3,-21.0,2021-22,Playoffs
0042100136,1610612761,Toronto,Raptors,TOR,raptors,1628449,Chris,Boucher,C. Boucher,chris-boucher,,,,31:34,7,13,0.538,2,6,0.333,9,10,0.9,3,7,10,0,0,1,1,2,25,-11.0,2021-22,Playoffs
0042100136,1610612761,Toronto,Raptors,TOR,raptors,201152,Thaddeus,Young,T. Young,thaddeus-young,,,,21:52,0,4,0.0,0,2,0.0,0,0,0.0,3,4,7,2,1,0,1,0,0,-4.0,2021-22,Playoffs
0042100136,1610612761,Toronto,Raptors,TOR,raptors,1629139,Yuta,Watanabe,Y. Watanabe,yuta-watanabe,,,,2:14,0,2,0.0,0,1,0.0,0,0,0.0,0,0,0,0,0,0,0,0,0,-3.0,2021-22,Playoffs
0042100136,1610612761,Toronto,Raptors,TOR,raptors,1629004,Svi,Mykhailiuk,S. Mykhailiuk,svi-mykhailiuk,,,,2:14,0,1,0.0,0,1,0.0,0,0,0.0,0,0,0,0,0,0,0,0,0,-3.0,2021-22,Playoffs
0042100136,1610612761,Toronto,Raptors,TOR,raptors,1630201,Malachi,Flynn,M. Flynn,malachi-flynn,,,,2:14,0,1,0.0,0,1,0.0,0,0,0.0,0,0,0,0,0,0,0,0,0,-3.0,2021-22,Playoffs
0042100136,1610612761,Toronto,Raptors,TOR,raptors,1630625,Dalano,Banton,D. Banton,dalano-banton,,,,2:14,1,1,1.0,0,0,0.0,1,3,0.333,2,0,2,0,0,0,0,0,3,-3.0,2021-22,Playoffs
0042100136,1610612761,Toronto,Raptors,TOR,raptors,1629717,Armoni,Brooks,A. Brooks,armoni-brooks,,,,2:14,0,1,0.0,0,1,0.0,0,0,0.0,0,0,0,0,0,0,0,0,0,-3.0,2021-22,Playoffs
0042100136,1610612761,Toronto,Raptors,TOR,raptors,1629067,Isaac,Bonga,I. Bonga,isaac-bonga,,DNP - Coach's Decision,,,0,0,0.0,0,0,0.0,0,0,0.0,0,0,0,0,0,0,0,0,0,0.0,2021-22,Playoffs
0042100136,1610612755,Philadelphia,76ers,PHI,sixers,201980,Danny,Green,D. Green,danny-green,F,,,29:23,4,7,0.571,4,7,0.571,0,0,0.0,0,5,5,1,1,0,2,0,12,23.0,2021-22,Playoffs
0042100136,1610612755,Philadelphia,76ers,PHI,sixers,202699,Tobias,Harris,T. Harris,tobias-harris,F,,,37:44,7,15,0.467,3,8,0.375,2,2,1.0,1,10,11,2,1,0,0,4,19,29.0,2021-22,Playoffs
0042100136,1610612755,Philadelphia,76ers,PHI,sixers,203954,Joel,Embiid,J. Embiid,joel-embiid,C,,,35:53,12,18,0.667,0,4,0.0,9,10,0.9,3,7,10,1,2,3,1,3,33,28.0,2021-22,Playoffs
0042100136,1610612755,Philadelphia,76ers,PHI,sixers,1630178,Tyrese,Maxey,T. Maxey,tyrese-maxey,G,,,44:08,8,16,0.5,5,12,0.417,4,4,1.0,0,3,3,8,0,0,2,3,25,32.0,2021-22,Playoffs
0042100136,1610612755,Philadelphia,76ers,PHI,sixers,201935,James,Harden,J. Harden,james-harden,G,,,42:04,7,12,0.583,2,5,0.4,6,6,1.0,0,6,6,15,0,0,3,3,22,38.0,2021-22,Playoffs
0042100136,1610612755,Philadelphia,76ers,PHI,sixers,1630194,Paul,Reed,P. Reed,paul-reed,,,,12:29,4,5,0.8,0,0,0.0,1,1,1.0,3,1,4,1,0,0,2,3,9,5.0,2021-22,Playoffs
0042100136,1610612755,Philadelphia,76ers,PHI,sixers,1627777,Georges,Niang,G. Niang,georges-niang,,,,21:05,2,3,0.667,2,3,0.667,0,0,0.0,3,1,4,2,0,0,1,3,6,18.0,2021-22,Playoffs
0042100136,1610612755,Philadelphia,76ers,PHI,sixers,1629003,Shake,Milton,S. Milton,shake-milton,,,,7:41,1,2,0.5,0,1,0.0,0,0,0.0,0,1,1,0,0,1,0,1,2,-3.0,2021-22,Playoffs
0042100136,1610612755,Philadelphia,76ers,PHI,sixers,1627788,Furkan,Korkmaz,F. Korkmaz,furkan-korkmaz,,,,5:06,0,0,0.0,0,0,0.0,0,0,0.0,0,2,2,2,0,0,0,1,0,-1.0,2021-22,Playoffs
0042100136,1610612755,Philadelphia,76ers,PHI,sixers,1630198,Isaiah,Joe,I. Joe,isaiah-joe,,,,2:14,0,1,0.0,0,0,0.0,0,0,0.0,0,0,0,0,0,0,0,0,0,3.0,2021-22,Playoffs
0042100136,1610612755,Philadelphia,76ers,PHI,sixers,1630531,Jaden,Springer,J. Springer,jaden-springer,,,,2:13,2,2,1.0,0,0,0.0,0,0,0.0,0,1,1,0,0,0,0,1,4,3.0,2021-22,Playoffs
0042100136,1610612755,Philadelphia,76ers,PHI,sixers,201599,DeAndre,Jordan,D. Jordan,deandre-jordan,,DNP - Coach's Decision,,,0,0,0.0,0,0,0.0,0,0,0.0,0,0,0,0,0,0,0,0,0,0.0,2021-22,Playoffs
0042100136,1610612755,Philadelphia,76ers,PHI,sixers,200794,Paul,Millsap,P. Millsap,paul-millsap,,DNP - Coach's Decision,,,0,0,0.0,0,0,0.0,0,0,0.0,0,0,0,0,0,0,0,0,0,0.0,2021-22,Playoffs
0042100141,1610612756,Phoenix,Suns,PHX,suns,1628969,Mikal,Bridges,M. Bridges,mikal-bridges,F,,,38:00,4,9,0.444,0,3,0.0,3,4,0.75,0,5,5,3,0,2,0,4,11,4.0,2021-22,Playoffs
0042100141,1610612756,Phoenix,Suns,PHX,suns,203109,Jae,Crowder,J. Crowder,jae-crowder,F,,,28:10,0,4,0.0,0,4,0.0,1,2,0.5,0,1,1,1,0,1,0,3,1,10.0,2021-22,Playoffs
0042100141,1610612756,Phoenix,Suns,PHX,suns,1629028,Deandre,Ayton,D. Ayton,deandre-ayton,C,,,34:02,10,15,0.667,1,1,1.0,0,0,0.0,2,7,9,2,0,4,1,4,21,7.0,2021-22,Playoffs
0042100141,1610612756,Phoenix,Suns,PHX,suns,1626164,Devin,Booker,D. Booker,devin-booker,G,,,40:37,8,19,0.421,4,8,0.5,5,6,0.833,0,4,4,8,1,0,1,2,25,7.0,2021-22,Playoffs
0042100141,1610612756,Phoenix,Suns,PHX,suns,101108,Chris,Paul,C. Paul,chris-paul,G,,,35:04,12,16,0.75,4,6,0.667,2,2,1.0,0,7,7,10,3,1,2,2,30,19.0,2021-22,Playoffs
0042100141,1610612756,Phoenix,Suns,PHX,suns,1626166,Cameron,Payne,C. Payne,cameron-payne,,,,16:32,1,6,0.167,0,3,0.0,0,0,0.0,0,1,1,0,0,0,1,1,2,-3.0,2021-22,Playoffs
0042100141,1610612756,Phoenix,Suns,PHX,suns,1629661,Cameron,Johnson,C. Johnson,cameron-johnson,,,,22:36,5,6,0.833,1,2,0.5,2,3,0.667,1,0,1,0,0,0,2,3,13,4.0,2021-22,Playoffs
0042100141,1610612756,Phoenix,Suns,PHX,suns,201580,JaVale,McGee,J. McGee,javale-mcgee,,,,13:58,2,2,1.0,0,0,0.0,3,4,0.75,2,5,7,0,0,1,1,2,7,4.0,2021-22,Playoffs
0042100141,1610612756,Phoenix,Suns,PHX,suns,1628470,Torrey,Craig,T. Craig,torrey-craig,,,,11:02,0,1,0.0,0,1,0.0,0,0,0.0,0,0,0,1,2,0,1,2,0,3.0,2021-22,Playoffs
0042100141,1610612756,Phoenix,Suns,PHX,suns,202687,Bismack,Biyombo,B. Biyombo,bismack-biyombo,,DNP - Coach's Decision,,,0,0,0.0,0,0,0.0,0,0,0.0,0,0,0,0,0,0,0,0,0,0.0,2021-22,Playoffs
0042100141,1610612756,Phoenix,Suns,PHX,suns,1628988,Aaron,Holiday,A. Holiday,aaron-holiday,,DNP - Coach's Decision,,,0,0,0.0,0,0,0.0,0,0,0.0,0,0,0,0,0,0,0,0,0,0.0,2021-22,Playoffs
0042100141,1610612756,Phoenix,Suns,PHX,suns,203901,Elfrid,Payton,E. Payton,elfrid-payton,,DNP - Coach's Decision,,,0,0,0.0,0,0,0.0,0,0,0.0,0,0,0,0,0,0,0,0,0,0.0,2021-22,Playoffs
0042100141,1610612756,Phoenix,Suns,PHX,suns,1629013,Landry,Shamet,L. Shamet,landry-shamet,,DNP - Coach's Decision,,,0,0,0.0,0,0,0.0,0,0,0.0,0,0,0,0,0,0,0,0,0,0.0,2021-22,Playoffs
0042100141,1610612756,Phoenix,Suns,PHX,suns,1630688,Ish,Wainright,I. Wainright,ish-wainright,,DNP - Coach's Decision,,,0,0,0.0,0,0,0.0,0,0,0.0,0,0,0,0,0,0,0,0,0,0.0,2021-22,Playoffs
0042100141,1610612740,New Orleans,Pelicans,NOP,pelicans,1627742,Brandon,Ingram,B. Ingram,brandon-ingram,F,,,38:40,6,17,0.353,1,2,0.5,5,5,1.0,1,4,5,4,1,0,5,3,18,-6.0,2021-22,Playoffs
0042100141,1610612740,New Orleans,Pelicans,NOP,pelicans,1629637,Jaxson,Hayes,J. Hayes,jaxson-hayes,F,,,11:29,1,2,0.5,0,0,0.0,2,5,0.4,0,1,1,0,0,0,0,1,4,-11.0,2021-22,Playoffs
0042100141,1610612740,New Orleans,Pelicans,NOP,pelicans,202685,Jonas,Valančiūnas,J. Valančiūnas,jonas-valančiūnas,C,,,30:36,7,21,0.333,0,1,0.0,4,6,0.667,13,12,25,3,0,0,1,2,18,-10.0,2021-22,Playoffs
0042100141,1610612740,New Orleans,Pelicans,NOP,pelicans,1630529,Herbert,Jones,H. Jones,herbert-jones,G,,,30:34,2,8,0.25,1,2,0.5,0,0,0.0,3,0,3,0,1,0,1,4,5,-7.0,2021-22,Playoffs
0042100141,1610612740,New Orleans,Pelicans,NOP,pelicans,203468,CJ,McCollum,C. McCollum,cj-mccollum,G,,,43:09,9,25,0.36,3,8,0.375,4,6,0.667,3,5,8,6,1,1,3,2,25,-10.0,2021-22,Playoffs
0042100141,1610612740,New Orleans,Pelicans,NOP,pelicans,1626204,Larry,Nance Jr.,L. Nance Jr.,larry-nance-jr,,,,19:32,5,8,0.625,1,2,0.5,3,4,0.75,3,3,6,3,1,0,1,2,14,-4.0,2021-22,Playoffs
0042100141,1610612740,New Orleans,Pelicans,NOP,pelicans,1630530,Trey,Murphy III,T. Murphy III,trey-murphy-iii,,,,25:54,2,4,0.5,2,4,0.5,0,0,0.0,1,3,4,2,0,0,0,1,6,6.0,2021-22,Playoffs
0042100141,1610612740,New Orleans,Pelicans,NOP,pelicans,1628984,Devonte',Graham,D. Graham,devonte-graham,,,,10:21,0,2,0.0,0,2,0.0,0,0,0.0,0,1,1,1,0,0,1,2,0,-3.0,2021-22,Playoffs
0042100141,1610612740,New Orleans,Pelicans,NOP,pelicans,1630230,Naji,Marshall,N. Marshall,naji-marshall,,,,15:20,3,4,0.75,0,0,0.0,0,0,0.0,1,0,1,1,0,0,1,0,6,-1.0,2021-22,Playoffs
0042100141,1610612740,New Orleans,Pelicans,NOP,pelicans,1630631,Jose,Alvarado,J. Alvarado,jose-alvarado,,,,14:28,1,4,0.25,1,2,0.5,0,0,0.0,0,1,1,0,0,1,0,1,3,-9.0,2021-22,Playoffs
0042100141,1610612740,New Orleans,Pelicans,NOP,pelicans,1626195,Willy,Hernangomez,W. Hernangomez,willy-hernangomez,,DNP - Coach's Decision,,,0,0,0.0,0,0,0.0,0,0,0.0,0,0,0,0,0,0,0,0,0,0.0,2021-22,Playoffs
0042100141,1610612740,New Orleans,Pelicans,NOP,pelicans,203503,Tony,Snell,T. Snell,tony-snell,,DNP - Coach's Decision,,,0,0,0.0,0,0,0.0,0,0,0.0,0,0,0,0,0,0,0,0,0,0.0,2021-22,Playoffs
0042100141,1610612740,New Orleans,Pelicans,NOP,pelicans,202066,Garrett,Temple,G. Temple,garrett-temple,,DNP - Coach's Decision,,,0,0,0.0,0,0,0.0,0,0,0.0,0,0,0,0,0,0,0,0,0,0.0,2021-22,Playoffs
0042100142,1610612756,Phoenix,Suns,PHX,suns,1628969,Mikal,Bridges,M. Bridges,mikal-bridges,F,,,40:29,7,11,0.636,2,3,0.667,3,4,0.75,2,4,6,2,1,1,2,3,19,-8.0,2021-22,Playoffs
0042100142,1610612756,Phoenix,Suns,PHX,suns,203109,Jae,Crowder,J. Crowder,jae-crowder,F,,,27:17,2,11,0.182,0,5,0.0,1,1,1.0,0,6,6,1,2,2,2,2,5,-7.0,2021-22,Playoffs
0042100142,1610612756,Phoenix,Suns,PHX,suns,1629028,Deandre,Ayton,D. Ayton,deandre-ayton,C,,,33:17,4,6,0.667,0,0,0.0,2,2,1.0,3,6,9,4,0,0,0,3,10,-13.0,2021-22,Playoffs
0042100142,1610612756,Phoenix,Suns,PHX,suns,1626164,Devin,Booker,D. Booker,devin-booker,G,,,24:47,12,19,0.632,7,11,0.636,0,0,0.0,1,1,2,1,0,0,2,3,31,-6.0,2021-22,Playoffs
0042100142,1610612756,Phoenix,Suns,PHX,suns,101108,Chris,Paul,C. Paul,chris-paul,G,,,36:22,5,16,0.313,2,6,0.333,5,5,1.0,0,1,1,14,1,0,0,3,17,-12.0,2021-22,Playoffs
0042100142,1610612756,Phoenix,Suns,PHX,suns,1629661,Cameron,Johnson,C. Johnson,cameron-johnson,,,,25:46,4,10,0.4,1,6,0.167,2,4,0.5,0,4,4,0,2,0,1,1,11,-11.0,2021-22,Playoffs
0042100142,1610612756,Phoenix,Suns,PHX,suns,1626166,Cameron,Payne,C. Payne,cameron-payne,,,,17:29,3,6,0.5,0,2,0.0,0,0,0.0,0,1,1,2,2,0,3,1,6,6.0,2021-22,Playoffs
0042100142,1610612756,Phoenix,Suns,PHX,suns,201580,JaVale,McGee,J. McGee,javale-mcgee,,,,14:43,4,4,1.0,0,0,0.0,2,2,1.0,2,1,3,1,0,0,2,2,10,2.0,2021-22,Playoffs
0042100142,1610612756,Phoenix,Suns,PHX,suns,1628470,Torrey,Craig,T. Craig,torrey-craig,,,,8:18,0,0,0.0,0,0,0.0,0,0,0.0,0,1,1,1,0,0,0,0,0,-5.0,2021-22,Playoffs
0042100142,1610612756,Phoenix,Suns,PHX,suns,1629013,Landry,Shamet,L. Shamet,landry-shamet,,,,11:32,2,3,0.667,1,2,0.5,0,0,0.0,0,0,0,0,1,0,0,0,5,-1.0,2021-22,Playoffs
0042100142,1610612756,Phoenix,Suns,PHX,suns,202687,Bismack,Biyombo,B. Biyombo,bismack-biyombo,,DNP - Coach's Decision,,,0,0,0.0,0,0,0.0,0,0,0.0,0,0,0,0,0,0,0,0,0,0.0,2021-22,Playoffs
0042100142,1610612756,Phoenix,Suns,PHX,suns,1628988,Aaron,Holiday,A. Holiday,aaron-holiday,,DNP - Coach's Decision,,,0,0,0.0,0,0,0.0,0,0,0.0,0,0,0,0,0,0,0,0,0,0.0,2021-22,Playoffs
0042100142,1610612756,Phoenix,Suns,PHX,suns,203901,Elfrid,Payton,E. Payton,elfrid-payton,,DNP - Coach's Decision,,,0,0,0.0,0,0,0.0,0,0,0.0,0,0,0,0,0,0,0,0,0,0.0,2021-22,Playoffs
0042100142,1610612756,Phoenix,Suns,PHX,suns,1630688,Ish,Wainright,I. Wainright,ish-wainright,,DNP - Coach's Decision,,,0,0,0.0,0,0,0.0,0,0,0.0,0,0,0,0,0,0,0,0,0,0.0,2021-22,Playoffs
0042100142,1610612740,New Orleans,Pelicans,NOP,pelicans,1627742,Brandon,Ingram,B. Ingram,brandon-ingram,F,,,39:13,13,21,0.619,3,3,1.0,8,8,1.0,2,9,11,9,1,1,4,1,37,18.0,2021-22,Playoffs
0042100142,1610612740,New Orleans,Pelicans,NOP,pelicans,1629637,Jaxson,Hayes,J. Hayes,jaxson-hayes,F,,,20:23,4,7,0.571,0,1,0.0,1,2,0.5,3,0,3,1,0,2,1,3,9,0.0,2021-22,Playoffs
0042100142,1610612740,New Orleans,Pelicans,NOP,pelicans,202685,Jonas,Valančiūnas,J. Valančiūnas,jonas-valančiūnas,C,,,26:02,4,9,0.444,0,2,0.0,2,2,1.0,3,10,13,3,1,0,4,4,10,5.0,2021-22,Playoffs
0042100142,1610612740,New Orleans,Pelicans,NOP,pelicans,1630529,Herbert,Jones,H. Jones,herbert-jones,G,,,40:58,5,8,0.625,2,3,0.667,2,4,0.5,0,1,1,3,1,0,1,4,14,4.0,2021-22,Playoffs
0042100142,1610612740,New Orleans,Pelicans,NOP,pelicans,203468,CJ,McCollum,C. McCollum,cj-mccollum,G,,,39:59,7,18,0.389,6,10,0.6,3,4,0.75,2,6,8,9,0,1,3,1,23,11.0,2021-22,Playoffs
0042100142,1610612740,New Orleans,Pelicans,NOP,pelicans,1630530,Trey,Murphy III,T. Murphy III,trey-murphy-iii,,,,20:08,3,7,0.429,3,5,0.6,0,0,0.0,0,1,1,0,3,0,0,3,9,-1.0,2021-22,Playoffs
0042100142,1610612740,New Orleans,Pelicans,NOP,pelicans,1626204,Larry,Nance Jr.,L. Nance Jr.,larry-nance-jr,,,,21:12,6,9,0.667,1,3,0.333,0,0,0.0,1,5,6,2,0,0,3,1,13,8.0,2021-22,Playoffs
0042100142,1610612740,New Orleans,Pelicans,NOP,pelicans,1628984,Devonte',Graham,D. Graham,devonte-graham,,,,7:02,1,2,0.5,0,1,0.0,0,0,0.0,0,0,0,2,0,1,0,0,2,7.0,2021-22,Playoffs
0042100142,1610612740,New Orleans,Pelicans,NOP,pelicans,1630230,Naji,Marshall,N. Marshall,naji-marshall,,,,8:02,0,0,0.0,0,0,0.0,0,0,0.0,0,0,0,0,0,1,0,0,0,0.0,2021-22,Playoffs
0042100142,1610612740,New Orleans,Pelicans,NOP,pelicans,1630631,Jose,Alvarado,J. Alvarado,jose-alvarado,,,,17:02,3,3,1.0,2,2,1.0,0,0,0.0,0,0,0,3,1,0,1,3,8,3.0,2021-22,Playoffs
0042100142,1610612740,New Orleans,Pelicans,NOP,pelicans,1626195,Willy,Hernangomez,W. Hernangomez,willy-hernangomez,,DNP - Coach's Decision,,,0,0,0.0,0,0,0.0,0,0,0.0,0,0,0,0,0,0,0,0,0,0.0,2021-22,Playoffs
0042100142,1610612740,New Orleans,Pelicans,NOP,pelicans,203503,Tony,Snell,T. Snell,tony-snell,,DNP - Coach's Decision,,,0,0,0.0,0,0,0.0,0,0,0.0,0,0,0,0,0,0,0,0,0,0.0,2021-22,Playoffs
0042100142,1610612740,New Orleans,Pelicans,NOP,pelicans,202066,Garrett,Temple,G. Temple,garrett-temple,,DNP - Coach's Decision,,,0,0,0.0,0,0,0.0,0,0,0.0,0,0,0,0,0,0,0,0,0,0.0,2021-22,Playoffs
0042100143,1610612740,New Orleans,Pelicans,NOP,pelicans,1627742,Brandon,Ingram,B. Ingram,brandon-ingram,F,,,36:42,11,19,0.579,3,6,0.5,9,10,0.9,0,7,7,3,0,1,2,2,34,-2.0,2021-22,Playoffs
0042100143,1610612740,New Orleans,Pelicans,NOP,pelicans,1629637,Jaxson,Hayes,J. Hayes,jaxson-hayes,F,,,9:58,1,1,1.0,0,0,0.0,2,2,1.0,0,6,6,0,0,0,1,2,4,-5.0,2021-22,Playoffs
0042100143,1610612740,New Orleans,Pelicans,NOP,pelicans,202685,Jonas,Valančiūnas,J. Valančiūnas,jonas-valančiūnas,C,,,26:02,1,5,0.2,0,0,0.0,4,4,1.0,5,6,11,1,1,1,4,3,6,-4.0,2021-22,Playoffs
0042100143,1610612740,New Orleans,Pelicans,NOP,pelicans,1630529,Herbert,Jones,H. Jones,herbert-jones,G,,,39:35,5,7,0.714,0,1,0.0,2,3,0.667,2,1,3,1,1,0,1,3,12,-8.0,2021-22,Playoffs
0042100143,1610612740,New Orleans,Pelicans,NOP,pelicans,203468,CJ,McCollum,C. McCollum,cj-mccollum,G,,,40:41,11,23,0.478,4,11,0.364,4,8,0.5,0,4,4,6,2,1,2,2,30,-8.0,2021-22,Playoffs
0042100143,1610612740,New Orleans,Pelicans,NOP,pelicans,1630530,Trey,Murphy III,T. Murphy III,trey-murphy-iii,,,,22:42,0,3,0.0,0,2,0.0,0,0,0.0,0,3,3,0,0,0,0,1,0,21.0,2021-22,Playoffs
0042100143,1610612740,New Orleans,Pelicans,NOP,pelicans,1626204,Larry,Nance Jr.,L. Nance Jr.,larry-nance-jr,,,,23:20,1,8,0.125,0,4,0.0,0,0,0.0,3,1,4,1,0,2,1,6,2,-2.0,2021-22,Playoffs
0042100143,1610612740,New Orleans,Pelicans,NOP,pelicans,1628984,Devonte',Graham,D. Graham,devonte-graham,,,,12:57,3,6,0.5,3,6,0.5,3,4,0.75,1,4,5,1,0,0,1,1,12,1.0,2021-22,Playoffs
0042100143,1610612740,New Orleans,Pelicans,NOP,pelicans,1630230,Naji,Marshall,N. Marshall,naji-marshall,,,,11:20,1,1,1.0,0,0,0.0,0,0,0.0,0,1,1,3,0,0,0,4,2,7.0,2021-22,Playoffs
0042100143,1610612740,New Orleans,Pelicans,NOP,pelicans,1630631,Jose,Alvarado,J. Alvarado,jose-alvarado,,,,16:44,4,6,0.667,1,2,0.5,0,0,0.0,0,1,1,1,0,0,2,4,9,-15.0,2021-22,Playoffs
0042100143,1610612740,New Orleans,Pelicans,NOP,pelicans,1626195,Willy,Hernangomez,W. Hernangomez,willy-hernangomez,,DNP - Coach's Decision,,,0,0,0.0,0,0,0.0,0,0,0.0,0,0,0,0,0,0,0,0,0,0.0,2021-22,Playoffs
0042100143,1610612740,New Orleans,Pelicans,NOP,pelicans,203503,Tony,Snell,T. Snell,tony-snell,,DNP - Coach's Decision,,,0,0,0.0,0,0,0.0,0,0,0.0,0,0,0,0,0,0,0,0,0,0.0,2021-22,Playoffs
0042100143,1610612740,New Orleans,Pelicans,NOP,pelicans,202066,Garrett,Temple,G. Temple,garrett-temple,,DNP - Coach's Decision,,,0,0,0.0,0,0,0.0,0,0,0.0,0,0,0,0,0,0,0,0,0,0.0,2021-22,Playoffs
0042100143,1610612756,Phoenix,Suns,PHX,suns,1628969,Mikal,Bridges,M. Bridges,mikal-bridges,F,,,40:20,4,9,0.444,0,1,0.0,9,9,1.0,0,2,2,2,1,1,1,3,17,10.0,2021-22,Playoffs
0042100143,1610612756,Phoenix,Suns,PHX,suns,203109,Jae,Crowder,J. Crowder,jae-crowder,F,,,34:07,4,10,0.4,0,5,0.0,2,2,1.0,2,2,4,3,1,0,0,5,10,10.0,2021-22,Playoffs
0042100143,1610612756,Phoenix,Suns,PHX,suns,1629028,Deandre,Ayton,D. Ayton,deandre-ayton,C,,,34:48,13,20,0.65,1,1,1.0,1,1,1.0,2,15,17,1,3,1,1,2,28,18.0,2021-22,Playoffs
0042100143,1610612756,Phoenix,Suns,PHX,suns,1629661,Cameron,Johnson,C. Johnson,cameron-johnson,G,,,26:33,3,7,0.429,2,5,0.4,0,2,0.0,0,1,1,0,0,0,1,3,8,-4.0,2021-22,Playoffs
0042100143,1610612756,Phoenix,Suns,PHX,suns,101108,Chris,Paul,C. Paul,chris-paul,G,,,39:55,10,18,0.556,1,6,0.167,7,8,0.875,2,2,4,14,1,0,0,2,28,10.0,2021-22,Playoffs
0042100143,1610612756,Phoenix,Suns,PHX,suns,1629013,Landry,Shamet,L. Shamet,landry-shamet,,,,29:29,2,7,0.286,0,5,0.0,1,1,1.0,2,1,3,3,0,0,2,2,5,-9.0,2021-22,Playoffs
0042100143,1610612756,Phoenix,Suns,PHX,suns,1628470,Torrey,Craig,T. Craig,torrey-craig,,,,9:36,0,3,0.0,0,1,0.0,0,0,0.0,0,0,0,1,0,1,0,1,0,-15.0,2021-22,Playoffs
0042100143,1610612756,Phoenix,Suns,PHX,suns,201580,JaVale,McGee,J. McGee,javale-mcgee,,,,12:03,7,8,0.875,0,0,0.0,1,2,0.5,1,2,3,0,1,0,0,0,15,-9.0,2021-22,Playoffs
0042100143,1610612756,Phoenix,Suns,PHX,suns,1626166,Cameron,Payne,C. Payne,cameron-payne,,,,12:49,1,5,0.2,0,2,0.0,1,2,0.5,0,1,1,2,1,0,0,3,3,4.0,2021-22,Playoffs
0042100143,1610612756,Phoenix,Suns,PHX,suns,202687,Bismack,Biyombo,B. Biyombo,bismack-biyombo,,,,0:20,0,0,0.0,0,0,0.0,0,0,0.0,0,0,0,0,0,0,0,0,0,0.0,2021-22,Playoffs
0042100143,1610612756,Phoenix,Suns,PHX,suns,1626164,Devin,Booker,D. Booker,devin-booker,,DND - Injury/Illness,,,0,0,0.0,0,0,0.0,0,0,0.0,0,0,0,0,0,0,0,0,0,0.0,2021-22,Playoffs
0042100143,1610612756,Phoenix,Suns,PHX,suns,1628988,Aaron,Holiday,A. Holiday,aaron-holiday,,DNP - Coach's Decision,,,0,0,0.0,0,0,0.0,0,0,0.0,0,0,0,0,0,0,0,0,0,0.0,2021-22,Playoffs
0042100143,1610612756,Phoenix,Suns,PHX,suns,203901,Elfrid,Payton,E. Payton,elfrid-payton,,DNP - Coach's Decision,,,0,0,0.0,0,0,0.0,0,0,0.0,0,0,0,0,0,0,0,0,0,0.0,2021-22,Playoffs
0042100143,1610612756,Phoenix,Suns,PHX,suns,1630688,Ish,Wainright,I. Wainright,ish-wainright,,DNP - Coach's Decision,,,0,0,0.0,0,0,0.0,0,0,0.0,0,0,0,0,0,0,0,0,0,0.0,2021-22,Playoffs
0042100144,1610612740,New Orleans,Pelicans,NOP,pelicans,1627742,Brandon,Ingram,B. Ingram,brandon-ingram,F,,,36:28,11,23,0.478,1,5,0.2,7,10,0.7,1,3,4,5,0,0,1,2,30,18.0,2021-22,Playoffs
0042100144,1610612740,New Orleans,Pelicans,NOP,pelicans,1629637,Jaxson,Hayes,J. Hayes,jaxson-hayes,F,,,13:24,1,2,0.5,0,0,0.0,0,0,0.0,0,2,2,0,0,0,1,2,2,8.0,2021-22,Playoffs
0042100144,1610612740,New Orleans,Pelicans,NOP,pelicans,202685,Jonas,Valančiūnas,J. Valančiūnas,jonas-valančiūnas,C,,,32:38,9,15,0.6,1,1,1.0,7,11,0.636,5,10,15,4,0,0,1,2,26,19.0,2021-22,Playoffs
0042100144,1610612740,New Orleans,Pelicans,NOP,pelicans,1630529,Herbert,Jones,H. Jones,herbert-jones,G,,,35:04,3,7,0.429,0,1,0.0,7,8,0.875,1,1,2,3,2,3,0,3,13,7.0,2021-22,Playoffs
0042100144,1610612740,New Orleans,Pelicans,NOP,pelicans,203468,CJ,McCollum,C. McCollum,cj-mccollum,G,,,36:28,8,21,0.381,2,9,0.222,0,0,0.0,4,5,9,2,1,0,2,1,18,4.0,2021-22,Playoffs
0042100144,1610612740,New Orleans,Pelicans,NOP,pelicans,1626204,Larry,Nance Jr.,L. Nance Jr.,larry-nance-jr,,,,25:08,3,3,1.0,0,0,0.0,0,0,0.0,4,3,7,3,1,0,0,2,6,14.0,2021-22,Playoffs
0042100144,1610612740,New Orleans,Pelicans,NOP,pelicans,1630530,Trey,Murphy III,T. Murphy III,trey-murphy-iii,,,,15:53,0,1,0.0,0,1,0.0,2,3,0.667,2,1,3,1,0,0,0,0,2,7.0,2021-22,Playoffs
0042100144,1610612740,New Orleans,Pelicans,NOP,pelicans,1628984,Devonte',Graham,D. Graham,devonte-graham,,,,12:58,2,4,0.5,2,3,0.667,2,2,1.0,0,1,1,0,1,0,0,0,8,7.0,2021-22,Playoffs
0042100144,1610612740,New Orleans,Pelicans,NOP,pelicans,1630230,Naji,Marshall,N. Marshall,naji-marshall,,,,10:21,1,1,1.0,0,0,0.0,4,4,1.0,0,0,0,1,1,0,1,0,6,-6.0,2021-22,Playoffs
0042100144,1610612740,New Orleans,Pelicans,NOP,pelicans,1630631,Jose,Alvarado,J. Alvarado,jose-alvarado,,,,17:48,1,4,0.25,0,3,0.0,3,4,0.75,0,2,2,1,2,0,2,3,5,1.0,2021-22,Playoffs
0042100144,1610612740,New Orleans,Pelicans,NOP,pelicans,1626195,Willy,Hernangomez,W. Hernangomez,willy-hernangomez,,,,1:55,1,4,0.25,0,1,0.0,0,0,0.0,2,0,2,0,0,0,0,1,2,-2.0,2021-22,Playoffs
0042100144,1610612740,New Orleans,Pelicans,NOP,pelicans,202066,Garrett,Temple,G. Temple,garrett-temple,,,,1:55,0,0,0.0,0,0,0.0,0,0,0.0,0,1,1,0,0,0,0,0,0,-2.0,2021-22,Playoffs
0042100144,1610612740,New Orleans,Pelicans,NOP,pelicans,203503,Tony,Snell,T. Snell,tony-snell,,DNP - Coach's Decision,,,0,0,0.0,0,0,0.0,0,0,0.0,0,0,0,0,0,0,0,0,0,0.0,2021-22,Playoffs
0042100144,1610612756,Phoenix,Suns,PHX,suns,1628969,Mikal,Bridges,M. Bridges,mikal-bridges,F,,,41:15,4,11,0.364,0,2,0.0,0,0,0.0,1,5,6,5,0,1,0,3,8,-15.0,2021-22,Playoffs
0042100144,1610612756,Phoenix,Suns,PHX,suns,203109,Jae,Crowder,J. Crowder,jae-crowder,F,,,29:29,3,7,0.429,1,3,0.333,4,6,0.667,1,4,5,5,2,0,2,5,11,-9.0,2021-22,Playoffs
0042100144,1610612756,Phoenix,Suns,PHX,suns,1629028,Deandre,Ayton,D. Ayton,deandre-ayton,C,,,32:50,11,14,0.786,0,0,0.0,1,2,0.5,2,6,8,1,0,1,2,3,23,-11.0,2021-22,Playoffs
0042100144,1610612756,Phoenix,Suns,PHX,suns,1629661,Cameron,Johnson,C. Johnson,cameron-johnson,G,,,31:52,4,12,0.333,3,7,0.429,2,2,1.0,0,5,5,3,0,0,0,4,13,-19.0,2021-22,Playoffs
0042100144,1610612756,Phoenix,Suns,PHX,suns,101108,Chris,Paul,C. Paul,chris-paul,G,,,34:59,2,8,0.25,0,3,0.0,0,0,0.0,1,2,3,11,2,0,3,4,4,-14.0,2021-22,Playoffs
0042100144,1610612756,Phoenix,Suns,PHX,suns,1629013,Landry,Shamet,L. Shamet,landry-shamet,,,,19:41,3,5,0.6,1,3,0.333,0,0,0.0,0,1,1,1,0,0,1,1,7,-8.0,2021-22,Playoffs
0042100144,1610612756,Phoenix,Suns,PHX,suns,1626166,Cameron,Payne,C. Payne,cameron-payne,,,,17:34,3,10,0.3,0,5,0.0,2,2,1.0,0,0,0,1,0,1,2,3,8,-2.0,2021-22,Playoffs
0042100144,1610612756,Phoenix,Suns,PHX,suns,1628470,Torrey,Craig,T. Craig,torrey-craig,,,,9:58,2,5,0.4,1,2,0.5,1,2,0.5,3,1,4,1,1,0,0,0,6,-2.0,2021-22,Playoffs
0042100144,1610612756,Phoenix,Suns,PHX,suns,201580,JaVale,McGee,J. McGee,javale-mcgee,,,,12:46,7,7,1.0,0,0,0.0,0,0,0.0,2,2,4,1,0,0,0,4,14,-7.0,2021-22,Playoffs
0042100144,1610612756,Phoenix,Suns,PHX,suns,1628988,Aaron,Holiday,A. Holiday,aaron-holiday,,,,2:24,3,3,1.0,1,1,1.0,0,1,0.0,0,0,0,2,0,0,0,0,7,3.0,2021-22,Playoffs
0042100144,1610612756,Phoenix,Suns,PHX,suns,203901,Elfrid,Payton,E. Payton,elfrid-payton,,,,2:24,1,1,1.0,0,0,0.0,0,0,0.0,0,0,0,1,0,0,0,0,2,3.0,2021-22,Playoffs
0042100144,1610612756,Phoenix,Suns,PHX,suns,202687,Bismack,Biyombo,B. Biyombo,bismack-biyombo,,,,2:24,0,0,0.0,0,0,0.0,0,0,0.0,1,1,2,1,0,0,2,1,0,3.0,2021-22,Playoffs
0042100144,1610612756,Phoenix,Suns,PHX,suns,1630688,Ish,Wainright,I. Wainright,ish-wainright,,,,2:24,0,2,0.0,0,1,0.0,0,0,0.0,1,0,1,0,1,0,0,0,0,3.0,2021-22,Playoffs
0042100144,1610612756,Phoenix,Suns,PHX,suns,1626164,Devin,Booker,D. Booker,devin-booker,,DND - Injury/Illness,,,0,0,0.0,0,0,0.0,0,0,0.0,0,0,0,0,0,0,0,0,0,0.0,2021-22,Playoffs
0042100145,1610612756,Phoenix,Suns,PHX,suns,1628969,Mikal,Bridges,M. Bridges,mikal-bridges,F,,,46:54,12,17,0.706,4,4,1.0,3,3,1.0,0,5,5,2,1,4,1,1,31,13.0,2021-22,Playoffs
0042100145,1610612756,Phoenix,Suns,PHX,suns,203109,Jae,Crowder,J. Crowder,jae-crowder,F,,,22:30,4,8,0.5,1,5,0.2,0,1,0.0,0,2,2,2,2,0,0,5,9,14.0,2021-22,Playoffs
0042100145,1610612756,Phoenix,Suns,PHX,suns,1629028,Deandre,Ayton,D. Ayton,deandre-ayton,C,,,35:05,8,13,0.615,0,2,0.0,3,5,0.6,3,6,9,3,0,0,3,3,19,19.0,2021-22,Playoffs
0042100145,1610612756,Phoenix,Suns,PHX,suns,1629661,Cameron,Johnson,C. Johnson,cameron-johnson,G,,,36:33,3,8,0.375,1,5,0.2,1,1,1.0,1,8,9,5,0,0,2,2,8,6.0,2021-22,Playoffs
0042100145,1610612756,Phoenix,Suns,PHX,suns,101108,Chris,Paul,C. Paul,chris-paul,G,,,38:56,8,18,0.444,0,4,0.0,6,6,1.0,0,6,6,11,3,0,1,2,22,10.0,2021-22,Playoffs
0042100145,1610612756,Phoenix,Suns,PHX,suns,201580,JaVale,McGee,J. McGee,javale-mcgee,,,,9:10,1,4,0.25,0,0,0.0,0,0,0.0,1,1,2,1,0,0,0,2,2,6.0,2021-22,Playoffs
0042100145,1610612756,Phoenix,Suns,PHX,suns,1626166,Cameron,Payne,C. Payne,cameron-payne,,,,11:54,4,10,0.4,2,3,0.667,2,2,1.0,0,3,3,1,2,0,1,6,12,3.0,2021-22,Playoffs
0042100145,1610612756,Phoenix,Suns,PHX,suns,1629013,Landry,Shamet,L. Shamet,landry-shamet,,,,25:25,2,6,0.333,1,3,0.333,1,2,0.5,0,3,3,0,2,0,1,1,6,6.0,2021-22,Playoffs
0042100145,1610612756,Phoenix,Suns,PHX,suns,202687,Bismack,Biyombo,B. Biyombo,bismack-biyombo,,,,7:43,0,1,0.0,0,0,0.0,0,0,0.0,0,0,0,1,0,0,0,3,0,0.0,2021-22,Playoffs
0042100145,1610612756,Phoenix,Suns,PHX,suns,1628988,Aaron,Holiday,A. Holiday,aaron-holiday,,,,5:50,1,1,1.0,1,1,1.0,0,0,0.0,1,0,1,2,0,0,0,0,3,-2.0,2021-22,Playoffs
0042100145,1610612756,Phoenix,Suns,PHX,suns,1626164,Devin,Booker,D. Booker,devin-booker,,DND - Injury/Illness,,,0,0,0.0,0,0,0.0,0,0,0.0,0,0,0,0,0,0,0,0,0,0.0,2021-22,Playoffs
0042100145,1610612756,Phoenix,Suns,PHX,suns,1628470,Torrey,Craig,T. Craig,torrey-craig,,DNP - Coach's Decision,,,0,0,0.0,0,0,0.0,0,0,0.0,0,0,0,0,0,0,0,0,0,0.0,2021-22,Playoffs
0042100145,1610612756,Phoenix,Suns,PHX,suns,203901,Elfrid,Payton,E. Payton,elfrid-payton,,DNP - Coach's Decision,,,0,0,0.0,0,0,0.0,0,0,0.0,0,0,0,0,0,0,0,0,0,0.0,2021-22,Playoffs
0042100145,1610612756,Phoenix,Suns,PHX,suns,1630688,Ish,Wainright,I. Wainright,ish-wainright,,DNP - Coach's Decision,,,0,0,0.0,0,0,0.0,0,0,0.0,0,0,0,0,0,0,0,0,0,0.0,2021-22,Playoffs
0042100145,1610612740,New Orleans,Pelicans,NOP,pelicans,1627742,Brandon,Ingram,B. Ingram,brandon-ingram,F,,,40:32,7,19,0.368,1,5,0.2,7,11,0.636,0,5,5,5,1,0,5,1,22,-16.0,2021-22,Playoffs
0042100145,1610612740,New Orleans,Pelicans,NOP,pelicans,1629637,Jaxson,Hayes,J. Hayes,jaxson-hayes,F,,,15:32,3,6,0.5,0,1,0.0,2,2,1.0,1,2,3,0,0,0,1,1,8,-12.0,2021-22,Playoffs
0042100145,1610612740,New Orleans,Pelicans,NOP,pelicans,202685,Jonas,Valančiūnas,J. Valančiūnas,jonas-valančiūnas,C,,,31:52,7,11,0.636,0,1,0.0,3,3,1.0,5,9,14,3,1,0,1,3,17,-8.0,2021-22,Playoffs
0042100145,1610612740,New Orleans,Pelicans,NOP,pelicans,1630529,Herbert,Jones,H. Jones,herbert-jones,G,,,40:21,1,5,0.2,1,3,0.333,1,2,0.5,1,6,7,0,2,2,3,3,4,-11.0,2021-22,Playoffs
0042100145,1610612740,New Orleans,Pelicans,NOP,pelicans,203468,CJ,McCollum,C. McCollum,cj-mccollum,G,,,40:13,7,22,0.318,1,8,0.125,6,7,0.857,1,7,8,5,0,2,2,4,21,-7.0,2021-22,Playoffs
0042100145,1610612740,New Orleans,Pelicans,NOP,pelicans,1626204,Larry,Nance Jr.,L. Nance Jr.,larry-nance-jr,,,,19:36,2,2,1.0,0,0,0.0,1,2,0.5,2,2,4,1,0,0,0,1,5,-10.0,2021-22,Playoffs
0042100145,1610612740,New Orleans,Pelicans,NOP,pelicans,1630530,Trey,Murphy III,T. Murphy III,trey-murphy-iii,,,,13:12,0,0,0.0,0,0,0.0,2,2,1.0,0,1,1,0,0,1,0,3,2,0.0,2021-22,Playoffs
0042100145,1610612740,New Orleans,Pelicans,NOP,pelicans,1628984,Devonte',Graham,D. Graham,devonte-graham,,,,11:40,0,3,0.0,0,1,0.0,2,2,1.0,1,1,2,0,0,0,2,0,2,-7.0,2021-22,Playoffs
0042100145,1610612740,New Orleans,Pelicans,NOP,pelicans,1630230,Naji,Marshall,N. Marshall,naji-marshall,,,,6:55,2,4,0.5,0,0,0.0,0,0,0.0,1,1,2,0,0,0,1,1,4,2.0,2021-22,Playoffs
0042100145,1610612740,New Orleans,Pelicans,NOP,pelicans,1630631,Jose,Alvarado,J. Alvarado,jose-alvarado,,,,20:07,3,8,0.375,2,6,0.333,4,4,1.0,1,0,1,0,2,0,0,3,12,-6.0,2021-22,Playoffs
0042100145,1610612740,New Orleans,Pelicans,NOP,pelicans,1626195,Willy,Hernangomez,W. Hernangomez,willy-hernangomez,,DNP - Coach's Decision,,,0,0,0.0,0,0,0.0,0,0,0.0,0,0,0,0,0,0,0,0,0,0.0,2021-22,Playoffs
0042100145,1610612740,New Orleans,Pelicans,NOP,pelicans,203503,Tony,Snell,T. Snell,tony-snell,,DNP - Coach's Decision,,,0,0,0.0,0,0,0.0,0,0,0.0,0,0,0,0,0,0,0,0,0,0.0,2021-22,Playoffs
0042100145,1610612740,New Orleans,Pelicans,NOP,pelicans,202066,Garrett,Temple,G. Temple,garrett-temple,,DNP - Coach's Decision,,,0,0,0.0,0,0,0.0,0,0,0.0,0,0,0,0,0,0,0,0,0,0.0,2021-22,Playoffs
0042100146,1610612740,New Orleans,Pelicans,NOP,pelicans,1627742,Brandon,Ingram,B. Ingram,brandon-ingram,F,,,44:06,8,19,0.421,2,6,0.333,3,3,1.0,0,5,5,11,1,0,6,2,21,-7.0,2021-22,Playoffs
0042100146,1610612740,New Orleans,Pelicans,NOP,pelicans,1629637,Jaxson,Hayes,J. Hayes,jaxson-hayes,F,,,12:11,4,7,0.571,0,1,0.0,0,0,0.0,0,0,0,0,0,0,0,2,8,-8.0,2021-22,Playoffs
0042100146,1610612740,New Orleans,Pelicans,NOP,pelicans,202685,Jonas,Valančiūnas,J. Valančiūnas,jonas-valančiūnas,C,,,27:28,5,7,0.714,0,1,0.0,0,0,0.0,2,6,8,4,1,0,1,3,10,-16.0,2021-22,Playoffs
0042100146,1610612740,New Orleans,Pelicans,NOP,pelicans,1630529,Herbert,Jones,H. Jones,herbert-jones,G,,,39:36,5,9,0.556,1,2,0.5,5,5,1.0,1,3,4,4,4,0,2,5,16,2.0,2021-22,Playoffs
0042100146,1610612740,New Orleans,Pelicans,NOP,pelicans,203468,CJ,McCollum,C. McCollum,cj-mccollum,G,,,33:24,7,16,0.438,1,5,0.2,1,1,1.0,1,2,3,1,0,0,3,5,16,0.0,2021-22,Playoffs
0042100146,1610612740,New Orleans,Pelicans,NOP,pelicans,1630530,Trey,Murphy III,T. Murphy III,trey-murphy-iii,,,,21:57,4,7,0.571,4,7,0.571,0,0,0.0,0,3,3,0,0,0,1,1,12,-1.0,2021-22,Playoffs
0042100146,1610612740,New Orleans,Pelicans,NOP,pelicans,1630631,Jose,Alvarado,J. Alvarado,jose-alvarado,,,,30:48,4,8,0.5,0,1,0.0,3,5,0.6,1,2,3,4,2,0,2,4,11,-3.0,2021-22,Playoffs
0042100146,1610612740,New Orleans,Pelicans,NOP,pelicans,1626204,Larry,Nance Jr.,L. Nance Jr.,larry-nance-jr,,,,21:00,5,9,0.556,0,0,0.0,5,5,1.0,6,2,8,1,1,0,1,3,15,10.0,2021-22,Playoffs
0042100146,1610612740,New Orleans,Pelicans,NOP,pelicans,1628984,Devonte',Graham,D. Graham,devonte-graham,,,,5:07,0,1,0.0,0,1,0.0,0,0,0.0,0,0,0,0,0,0,0,0,0,-5.0,2021-22,Playoffs
0042100146,1610612740,New Orleans,Pelicans,NOP,pelicans,1630230,Naji,Marshall,N. Marshall,naji-marshall,,,,4:24,0,0,0.0,0,0,0.0,0,0,0.0,1,1,2,0,0,0,0,0,0,-2.0,2021-22,Playoffs
0042100146,1610612740,New Orleans,Pelicans,NOP,pelicans,1626195,Willy,Hernangomez,W. Hernangomez,willy-hernangomez,,DNP - Coach's Decision,,,0,0,0.0,0,0,0.0,0,0,0.0,0,0,0,0,0,0,0,0,0,0.0,2021-22,Playoffs
0042100146,1610612740,New Orleans,Pelicans,NOP,pelicans,203503,Tony,Snell,T. Snell,tony-snell,,DNP - Coach's Decision,,,0,0,0.0,0,0,0.0,0,0,0.0,0,0,0,0,0,0,0,0,0,0.0,2021-22,Playoffs
0042100146,1610612740,New Orleans,Pelicans,NOP,pelicans,202066,Garrett,Temple,G. Temple,garrett-temple,,DNP - Coach's Decision,,,0,0,0.0,0,0,0.0,0,0,0.0,0,0,0,0,0,0,0,0,0,0.0,2021-22,Playoffs
0042100146,1610612756,Phoenix,Suns,PHX,suns,1628969,Mikal,Bridges,M. Bridges,mikal-bridges,F,,,44:06,7,12,0.583,2,2,1.0,2,2,1.0,0,3,3,2,2,0,4,1,18,7.0,2021-22,Playoffs
0042100146,1610612756,Phoenix,Suns,PHX,suns,203109,Jae,Crowder,J. Crowder,jae-crowder,F,,,30:22,3,8,0.375,1,4,0.25,2,3,0.667,0,4,4,3,1,1,2,5,9,7.0,2021-22,Playoffs
0042100146,1610612756,Phoenix,Suns,PHX,suns,1629028,Deandre,Ayton,D. Ayton,deandre-ayton,C,,,39:43,10,12,0.833,0,0,0.0,2,2,1.0,1,6,7,4,1,1,0,4,22,4.0,2021-22,Playoffs
0042100146,1610612756,Phoenix,Suns,PHX,suns,1626164,Devin,Booker,D. Booker,devin-booker,G,,,32:14,5,12,0.417,1,6,0.167,2,2,1.0,0,5,5,3,0,0,2,0,13,9.0,2021-22,Playoffs
0042100146,1610612756,Phoenix,Suns,PHX,suns,101108,Chris,Paul,C. Paul,chris-paul,G,,,35:47,14,14,1.0,1,1,1.0,4,4,1.0,1,4,5,8,1,0,3,2,33,17.0,2021-22,Playoffs
0042100146,1610612756,Phoenix,Suns,PHX,suns,1629661,Cameron,Johnson,C. Johnson,cameron-johnson,,,,23:59,4,7,0.571,2,3,0.667,3,3,1.0,1,1,2,1,1,0,0,4,13,4.0,2021-22,Playoffs
0042100146,1610612756,Phoenix,Suns,PHX,suns,1629013,Landry,Shamet,L. Shamet,landry-shamet,,,,11:54,0,2,0.0,0,1,0.0,0,0,0.0,0,0,0,1,0,0,0,0,0,-6.0,2021-22,Playoffs
0042100146,1610612756,Phoenix,Suns,PHX,suns,1626166,Cameron,Payne,C. Payne,cameron-payne,,,,13:42,1,5,0.2,1,3,0.333,0,0,0.0,0,1,1,1,2,0,0,1,3,-11.0,2021-22,Playoffs
0042100146,1610612756,Phoenix,Suns,PHX,suns,201580,JaVale,McGee,J. McGee,javale-mcgee,,,,3:17,0,1,0.0,0,0,0.0,2,2,1.0,1,2,3,0,0,0,0,2,2,1.0,2021-22,Playoffs
0042100146,1610612756,Phoenix,Suns,PHX,suns,202687,Bismack,Biyombo,B. Biyombo,bismack-biyombo,,,,4:57,1,2,0.5,0,0,0.0,0,0,0.0,1,1,2,0,0,0,3,2,2,-2.0,2021-22,Playoffs
0042100146,1610612756,Phoenix,Suns,PHX,suns,1628470,Torrey,Craig,T. Craig,torrey-craig,,DNP - Coach's Decision,,,0,0,0.0,0,0,0.0,0,0,0.0,0,0,0,0,0,0,0,0,0,0.0,2021-22,Playoffs
0042100146,1610612756,Phoenix,Suns,PHX,suns,1628988,Aaron,Holiday,A. Holiday,aaron-holiday,,DNP - Coach's Decision,,,0,0,0.0,0,0,0.0,0,0,0.0,0,0,0,0,0,0,0,0,0,0.0,2021-22,Playoffs
0042100146,1610612756,Phoenix,Suns,PHX,suns,203901,Elfrid,Payton,E. Payton,elfrid-payton,,DNP - Coach's Decision,,,0,0,0.0,0,0,0.0,0,0,0.0,0,0,0,0,0,0,0,0,0,0.0,2021-22,Playoffs
0042100146,1610612756,Phoenix,Suns,PHX,suns,1630688,Ish,Wainright,I. Wainright,ish-wainright,,DNP - Coach's Decision,,,0,0,0.0,0,0,0.0,0,0,0.0,0,0,0,0,0,0,0,0,0,0.0,2021-22,Playoffs
0042100151,1610612763,Memphis,Grizzlies,MEM,grizzlies,1628415,Dillon,Brooks,D. Brooks,dillon-brooks,F,,,35:22,7,14,0.5,3,4,0.75,7,10,0.7,0,1,1,1,0,0,3,5,24,-15.0,2021-22,Playoffs
0042100151,1610612763,Memphis,Grizzlies,MEM,grizzlies,1628991,Jaren,Jackson Jr.,J. Jackson Jr.,jaren-jackson-jr,F,,,24:01,4,13,0.308,0,5,0.0,4,5,0.8,0,4,4,1,0,7,2,5,12,-16.0,2021-22,Playoffs
0042100151,1610612763,Memphis,Grizzlies,MEM,grizzlies,203500,Steven,Adams,S. Adams,steven-adams,C,,,24:04,0,0,0.0,0,0,0.0,0,0,0.0,1,2,3,3,0,0,1,4,0,-13.0,2021-22,Playoffs
0042100151,1610612763,Memphis,Grizzlies,MEM,grizzlies,1630217,Desmond,Bane,D. Bane,desmond-bane,G,,,33:11,6,15,0.4,3,8,0.375,2,2,1.0,0,3,3,1,0,1,1,0,17,0.0,2021-22,Playoffs
0042100151,1610612763,Memphis,Grizzlies,MEM,grizzlies,1629630,Ja,Morant,J. Morant,ja-morant,G,,,35:26,8,18,0.444,0,2,0.0,16,20,0.8,1,3,4,8,2,0,4,2,32,-16.0,2021-22,Playoffs
0042100151,1610612763,Memphis,Grizzlies,MEM,grizzlies,1629001,De'Anthony,Melton,D. Melton,deanthony-melton,,,,14:17,1,4,0.25,0,3,0.0,0,0,0.0,0,1,1,1,1,0,0,2,2,-14.0,2021-22,Playoffs
0042100151,1610612763,Memphis,Grizzlies,MEM,grizzlies,203937,Kyle,Anderson,K. Anderson,kyle-anderson,,,,20:39,2,3,0.667,0,0,0.0,2,3,0.667,1,5,6,2,1,0,0,1,6,1.0,2021-22,Playoffs
0042100151,1610612763,Memphis,Grizzlies,MEM,grizzlies,1626145,Tyus,Jones,T. Jones,tyus-jones,,,,15:56,3,8,0.375,1,3,0.333,0,0,0.0,1,0,1,6,1,0,0,1,7,0.0,2021-22,Playoffs
0042100151,1610612763,Memphis,Grizzlies,MEM,grizzlies,1629634,Brandon,Clarke,B. Clarke,brandon-clarke,,,,27:16,6,7,0.857,0,0,0.0,1,3,0.333,4,8,12,2,2,0,1,2,13,2.0,2021-22,Playoffs
0042100151,1610612763,Memphis,Grizzlies,MEM,grizzlies,1630533,Ziaire,Williams,Z. Williams,ziaire-williams,,,,9:48,2,4,0.5,0,2,0.0,0,0,0.0,0,0,0,0,0,0,0,2,4,6.0,2021-22,Playoffs
0042100151,1610612763,Memphis,Grizzlies,MEM,grizzlies,1630583,Santi,Aldama,S. Aldama,santi-aldama,,DNP - Coach's Decision,,,0,0,0.0,0,0,0.0,0,0,0.0,0,0,0,0,0,0,0,0,0,0.0,2021-22,Playoffs
0042100151,1610612763,Memphis,Grizzlies,MEM,grizzlies,1629633,Jarrett,Culver,J. Culver,jarrett-culver,,DNP - Coach's Decision,,,0,0,0.0,0,0,0.0,0,0,0.0,0,0,0,0,0,0,0,0,0,0.0,2021-22,Playoffs
0042100151,1610612763,Memphis,Grizzlies,MEM,grizzlies,1629723,John,Konchar,J. Konchar,john-konchar,,DNP - Coach's Decision,,,0,0,0.0,0,0,0.0,0,0,0.0,0,0,0,0,0,0,0,0,0,0.0,2021-22,Playoffs
0042100151,1610612763,Memphis,Grizzlies,MEM,grizzlies,1630214,Xavier,Tillman,X. Tillman,xavier-tillman,,DNP - Coach's Decision,,,0,0,0.0,0,0,0.0,0,0,0.0,0,0,0,0,0,0,0,0,0,0.0,2021-22,Playoffs
0042100151,1610612750,Minnesota,Timberwolves,MIN,timberwolves,1630162,Anthony,Edwards,A. Edwards,anthony-edwards,F,,,40:16,12,23,0.522,4,11,0.364,8,8,1.0,0,2,2,6,1,2,2,5,36,12.0,2021-22,Playoffs
0042100151,1610612750,Minnesota,Timberwolves,MIN,timberwolves,1629020,Jarred,Vanderbilt,J. Vanderbilt,jarred-vanderbilt,F,,,18:31,1,3,0.333,0,0,0.0,0,0,0.0,1,5,6,1,0,0,1,2,2,-11.0,2021-22,Playoffs
0042100151,1610612750,Minnesota,Timberwolves,MIN,timberwolves,1626157,Karl-Anthony,Towns,K. Towns,karl-anthony-towns,C,,,42:54,11,18,0.611,2,5,0.4,5,5,1.0,4,9,13,3,0,1,3,3,29,16.0,2021-22,Playoffs
0042100151,1610612750,Minnesota,Timberwolves,MIN,timberwolves,201976,Patrick,Beverley,P. Beverley,patrick-beverley,G,,,27:32,4,8,0.5,2,5,0.4,0,0,0.0,1,5,6,6,1,1,2,5,10,16.0,2021-22,Playoffs
0042100151,1610612750,Minnesota,Timberwolves,MIN,timberwolves,1626156,D'Angelo,Russell,D. Russell,dangelo-russell,G,,,29:08,2,11,0.182,1,3,0.333,5,5,1.0,0,3,3,9,1,0,2,3,10,12.0,2021-22,Playoffs
0042100151,1610612750,Minnesota,Timberwolves,MIN,timberwolves,1630183,Jaden,McDaniels,J. McDaniels,jaden-mcdaniels,,,,25:25,5,6,0.833,2,3,0.667,3,4,0.75,4,3,7,2,1,3,2,5,15,19.0,2021-22,Playoffs
0042100151,1610612750,Minnesota,Timberwolves,MIN,timberwolves,1627736,Malik,Beasley,M. Beasley,malik-beasley,,,,30:09,8,14,0.571,4,10,0.4,3,4,0.75,1,4,5,2,1,0,2,5,23,1.0,2021-22,Playoffs
0042100151,1610612750,Minnesota,Timberwolves,MIN,timberwolves,1629162,Jordan,McLaughlin,J. McLaughlin,jordan-mclaughlin,,,,9:23,0,1,0.0,0,1,0.0,0,0,0.0,0,0,0,3,0,0,0,1,0,-2.0,2021-22,Playoffs
0042100151,1610612750,Minnesota,Timberwolves,MIN,timberwolves,1627752,Taurean,Prince,T. Prince,taurean-prince,,,,11:36,2,6,0.333,1,3,0.333,0,1,0.0,0,2,2,0,0,0,1,0,5,5.0,2021-22,Playoffs
0042100151,1610612750,Minnesota,Timberwolves,MIN,timberwolves,1629675,Naz,Reid,N. Reid,naz-reid,,,,5:06,0,0,0.0,0,0,0.0,0,0,0.0,0,2,2,0,0,0,3,3,0,-3.0,2021-22,Playoffs
0042100151,1610612750,Minnesota,Timberwolves,MIN,timberwolves,1630195,Leandro,Bolmaro,L. Bolmaro,leandro-bolmaro,,DNP - Coach's Decision,,,0,0,0.0,0,0,0.0,0,0,0.0,0,0,0,0,0,0,0,0,0,0.0,2021-22,Playoffs
0042100151,1610612750,Minnesota,Timberwolves,MIN,timberwolves,1627774,Jake,Layman,J. Layman,jake-layman,,DNP - Coach's Decision,,,0,0,0.0,0,0,0.0,0,0,0.0,0,0,0,0,0,0,0,0,0,0.0,2021-22,Playoffs
0042100151,1610612750,Minnesota,Timberwolves,MIN,timberwolves,202328,Greg,Monroe,G. Monroe,greg-monroe,,DNP - Coach's Decision,,,0,0,0.0,0,0,0.0,0,0,0.0,0,0,0,0,0,0,0,0,0,0.0,2021-22,Playoffs
0042100151,1610612750,Minnesota,Timberwolves,MIN,timberwolves,1629669,Jaylen,Nowell,J. Nowell,jaylen-nowell,,DNP - Coach's Decision,,,0,0,0.0,0,0,0.0,0,0,0.0,0,0,0,0,0,0,0,0,0,0.0,2021-22,Playoffs
0042100151,1610612750,Minnesota,Timberwolves,MIN,timberwolves,1629006,Josh,Okogie,J. Okogie,josh-okogie,,DNP - Coach's Decision,,,0,0,0.0,0,0,0.0,0,0,0.0,0,0,0,0,0,0,0,0,0,0.0,2021-22,Playoffs
0042100152,1610612763,Memphis,Grizzlies,MEM,grizzlies,1628415,Dillon,Brooks,D. Brooks,dillon-brooks,F,,,25:54,3,11,0.273,0,5,0.0,3,3,1.0,0,1,1,4,1,0,3,2,9,17.0,2021-22,Playoffs
0042100152,1610612763,Memphis,Grizzlies,MEM,grizzlies,1628991,Jaren,Jackson Jr.,J. Jackson Jr.,jaren-jackson-jr,F,,,26:50,5,12,0.417,4,7,0.571,2,4,0.5,5,2,7,0,1,1,0,4,16,21.0,2021-22,Playoffs
0042100152,1610612763,Memphis,Grizzlies,MEM,grizzlies,203500,Steven,Adams,S. Adams,steven-adams,C,,,2:50,0,0,0.0,0,0,0.0,0,0,0.0,0,0,0,1,0,0,0,2,0,-1.0,2021-22,Playoffs
0042100152,1610612763,Memphis,Grizzlies,MEM,grizzlies,1630217,Desmond,Bane,D. Bane,desmond-bane,G,,,31:28,5,10,0.5,1,4,0.25,5,5,1.0,0,4,4,4,0,0,0,1,16,21.0,2021-22,Playoffs
0042100152,1610612763,Memphis,Grizzlies,MEM,grizzlies,1629630,Ja,Morant,J. Morant,ja-morant,G,,,29:56,9,16,0.563,2,4,0.5,3,4,0.75,2,7,9,10,1,0,2,3,23,24.0,2021-22,Playoffs
0042100152,1610612763,Memphis,Grizzlies,MEM,grizzlies,1629634,Brandon,Clarke,B. Clarke,brandon-clarke,,,,20:51,5,8,0.625,0,0,0.0,3,5,0.6,0,3,3,2,2,0,0,4,13,12.0,2021-22,Playoffs
0042100152,1610612763,Memphis,Grizzlies,MEM,grizzlies,1630533,Ziaire,Williams,Z. Williams,ziaire-williams,,,,19:09,3,5,0.6,1,3,0.333,6,6,1.0,1,0,1,0,1,0,0,2,13,0.0,2021-22,Playoffs
0042100152,1610612763,Memphis,Grizzlies,MEM,grizzlies,203937,Kyle,Anderson,K. Anderson,kyle-anderson,,,,18:23,1,4,0.25,0,1,0.0,0,0,0.0,1,4,5,1,0,0,0,0,2,24.0,2021-22,Playoffs
0042100152,1610612763,Memphis,Grizzlies,MEM,grizzlies,1626145,Tyus,Jones,T. Jones,tyus-jones,,,,16:28,4,8,0.5,1,2,0.5,1,2,0.5,0,4,4,3,1,0,1,0,10,4.0,2021-22,Playoffs
0042100152,1610612763,Memphis,Grizzlies,MEM,grizzlies,1630214,Xavier,Tillman,X. Tillman,xavier-tillman,,,,20:46,6,7,0.857,0,1,0.0,1,1,1.0,4,3,7,0,0,0,1,3,13,5.0,2021-22,Playoffs
0042100152,1610612763,Memphis,Grizzlies,MEM,grizzlies,1629001,De'Anthony,Melton,D. Melton,deanthony-melton,,,,18:06,2,8,0.25,2,6,0.333,1,2,0.5,0,2,2,3,0,0,2,1,7,13.0,2021-22,Playoffs
0042100152,1610612763,Memphis,Grizzlies,MEM,grizzlies,1629723,John,Konchar,J. Konchar,john-konchar,,,,4:40,0,1,0.0,0,1,0.0,0,0,0.0,0,2,2,0,0,0,0,0,0,0.0,2021-22,Playoffs
0042100152,1610612763,Memphis,Grizzlies,MEM,grizzlies,1629633,Jarrett,Culver,J. Culver,jarrett-culver,,,,4:40,1,2,0.5,0,0,0.0,0,0,0.0,1,2,3,1,2,0,0,0,2,0.0,2021-22,Playoffs
0042100152,1610612750,Minnesota,Timberwolves,MIN,timberwolves,1630162,Anthony,Edwards,A. Edwards,anthony-edwards,F,,,33:53,7,16,0.438,4,10,0.4,2,2,1.0,1,5,6,1,1,0,5,4,20,-16.0,2021-22,Playoffs
0042100152,1610612750,Minnesota,Timberwolves,MIN,timberwolves,1629020,Jarred,Vanderbilt,J. Vanderbilt,jarred-vanderbilt,F,,,9:12,0,0,0.0,0,0,0.0,1,2,0.5,0,2,2,0,0,0,1,2,1,-7.0,2021-22,Playoffs
0042100152,1610612750,Minnesota,Timberwolves,MIN,timberwolves,1626157,Karl-Anthony,Towns,K. Towns,karl-anthony-towns,C,,,27:57,4,7,0.571,0,1,0.0,7,8,0.875,2,9,11,1,0,2,5,5,15,-21.0,2021-22,Playoffs
0042100152,1610612750,Minnesota,Timberwolves,MIN,timberwolves,201976,Patrick,Beverley,P. Beverley,patrick-beverley,G,,,29:26,1,6,0.167,0,2,0.0,4,4,1.0,0,2,2,4,0,1,0,3,6,-26.0,2021-22,Playoffs
0042100152,1610612750,Minnesota,Timberwolves,MIN,timberwolves,1626156,D'Angelo,Russell,D. Russell,dangelo-russell,G,,,27:36,3,11,0.273,2,7,0.286,3,4,0.75,0,2,2,4,1,0,2,3,11,-26.0,2021-22,Playoffs
0042100152,1610612750,Minnesota,Timberwolves,MIN,timberwolves,1627736,Malik,Beasley,M. Beasley,malik-beasley,,,,22:06,3,6,0.5,1,2,0.5,0,0,0.0,0,3,3,0,0,0,2,2,7,-24.0,2021-22,Playoffs
0042100152,1610612750,Minnesota,Timberwolves,MIN,timberwolves,1630183,Jaden,McDaniels,J. McDaniels,jaden-mcdaniels,,,,21:06,1,7,0.143,0,4,0.0,0,0,0.0,0,1,1,0,0,3,0,2,2,-9.0,2021-22,Playoffs
0042100152,1610612750,Minnesota,Timberwolves,MIN,timberwolves,1629162,Jordan,McLaughlin,J. McLaughlin,jordan-mclaughlin,,,,17:22,2,2,1.0,0,0,0.0,0,0,0.0,0,4,4,4,0,0,0,1,4,-2.0,2021-22,Playoffs
0042100152,1610612750,Minnesota,Timberwolves,MIN,timberwolves,1629675,Naz,Reid,N. Reid,naz-reid,,,,20:03,2,4,0.5,2,3,0.667,6,6,1.0,1,6,7,0,0,2,2,3,12,-7.0,2021-22,Playoffs
0042100152,1610612750,Minnesota,Timberwolves,MIN,timberwolves,1627752,Taurean,Prince,T. Prince,taurean-prince,,,,17:11,4,7,0.571,2,4,0.5,2,2,1.0,0,2,2,1,2,1,2,2,12,-11.0,2021-22,Playoffs
0042100152,1610612750,Minnesota,Timberwolves,MIN,timberwolves,1629669,Jaylen,Nowell,J. Nowell,jaylen-nowell,,,,11:56,3,10,0.3,0,5,0.0,0,0,0.0,0,0,0,1,1,0,0,1,6,7.0,2021-22,Playoffs
0042100152,1610612750,Minnesota,Timberwolves,MIN,timberwolves,1629006,Josh,Okogie,J. Okogie,josh-okogie,,,,2:12,0,0,0.0,0,0,0.0,0,0,0.0,0,0,0,0,0,0,0,0,0,2.0,2021-22,Playoffs
0042100152,1610612750,Minnesota,Timberwolves,MIN,timberwolves,1630195,Leandro,Bolmaro,L. Bolmaro,leandro-bolmaro,,DNP - Coach's Decision,,,0,0,0.0,0,0,0.0,0,0,0.0,0,0,0,0,0,0,0,0,0,0.0,2021-22,Playoffs
0042100152,1610612750,Minnesota,Timberwolves,MIN,timberwolves,1627774,Jake,Layman,J. Layman,jake-layman,,DNP - Coach's Decision,,,0,0,0.0,0,0,0.0,0,0,0.0,0,0,0,0,0,0,0,0,0,0.0,2021-22,Playoffs
0042100152,1610612750,Minnesota,Timberwolves,MIN,timberwolves,202328,Greg,Monroe,G. Monroe,greg-monroe,,DNP - Coach's Decision,,,0,0,0.0,0,0,0.0,0,0,0.0,0,0,0,0,0,0,0,0,0,0.0,2021-22,Playoffs
0042100153,1610612750,Minnesota,Timberwolves,MIN,timberwolves,1630162,Anthony,Edwards,A. Edwards,anthony-edwards,F,,,40:01,6,13,0.462,4,9,0.444,3,6,0.5,0,7,7,2,1,0,2,3,19,-9.0,2021-22,Playoffs
0042100153,1610612750,Minnesota,Timberwolves,MIN,timberwolves,1629020,Jarred,Vanderbilt,J. Vanderbilt,jarred-vanderbilt,F,,,32:03,2,8,0.25,0,0,0.0,6,8,0.75,6,7,13,2,3,0,1,5,10,5.0,2021-22,Playoffs
0042100153,1610612750,Minnesota,Timberwolves,MIN,timberwolves,1626157,Karl-Anthony,Towns,K. Towns,karl-anthony-towns,C,,,32:46,3,4,0.75,0,1,0.0,2,2,1.0,1,4,5,1,0,5,4,5,8,-4.0,2021-22,Playoffs
0042100153,1610612750,Minnesota,Timberwolves,MIN,timberwolves,201976,Patrick,Beverley,P. Beverley,patrick-beverley,G,,,33:43,5,13,0.385,0,5,0.0,4,5,0.8,0,2,2,5,3,2,2,4,14,0.0,2021-22,Playoffs
0042100153,1610612750,Minnesota,Timberwolves,MIN,timberwolves,1626156,D'Angelo,Russell,D. Russell,dangelo-russell,G,,,38:38,9,21,0.429,4,8,0.5,0,0,0.0,0,5,5,8,1,0,3,3,22,4.0,2021-22,Playoffs
0042100153,1610612750,Minnesota,Timberwolves,MIN,timberwolves,1627736,Malik,Beasley,M. Beasley,malik-beasley,,,,24:56,4,12,0.333,2,7,0.286,1,1,1.0,1,2,3,1,1,1,0,0,11,-21.0,2021-22,Playoffs
0042100153,1610612750,Minnesota,Timberwolves,MIN,timberwolves,1630183,Jaden,McDaniels,J. McDaniels,jaden-mcdaniels,,,,21:39,3,7,0.429,2,4,0.5,0,0,0.0,0,2,2,1,1,1,4,2,8,7.0,2021-22,Playoffs
0042100153,1610612750,Minnesota,Timberwolves,MIN,timberwolves,1629675,Naz,Reid,N. Reid,naz-reid,,,,10:08,1,5,0.2,0,1,0.0,1,1,1.0,1,2,3,0,1,2,0,5,3,-9.0,2021-22,Playoffs
0042100153,1610612750,Minnesota,Timberwolves,MIN,timberwolves,1627752,Taurean,Prince,T. Prince,taurean-prince,,,,6:00,0,2,0.0,0,0,0.0,0,0,0.0,0,1,1,1,0,0,0,1,0,-18.0,2021-22,Playoffs
0042100153,1610612750,Minnesota,Timberwolves,MIN,timberwolves,202328,Greg,Monroe,G. Monroe,greg-monroe,,,,0:06,0,0,0.0,0,0,0.0,0,0,0.0,0,0,0,0,0,0,0,0,0,0.0,2021-22,Playoffs
0042100153,1610612750,Minnesota,Timberwolves,MIN,timberwolves,1630195,Leandro,Bolmaro,L. Bolmaro,leandro-bolmaro,,DNP - Coach's Decision,,,0,0,0.0,0,0,0.0,0,0,0.0,0,0,0,0,0,0,0,0,0,0.0,2021-22,Playoffs
0042100153,1610612750,Minnesota,Timberwolves,MIN,timberwolves,1627774,Jake,Layman,J. Layman,jake-layman,,DNP - Coach's Decision,,,0,0,0.0,0,0,0.0,0,0,0.0,0,0,0,0,0,0,0,0,0,0.0,2021-22,Playoffs
0042100153,1610612750,Minnesota,Timberwolves,MIN,timberwolves,1629162,Jordan,McLaughlin,J. McLaughlin,jordan-mclaughlin,,DNP - Coach's Decision,,,0,0,0.0,0,0,0.0,0,0,0.0,0,0,0,0,0,0,0,0,0,0.0,2021-22,Playoffs
0042100153,1610612750,Minnesota,Timberwolves,MIN,timberwolves,1629669,Jaylen,Nowell,J. Nowell,jaylen-nowell,,DNP - Coach's Decision,,,0,0,0.0,0,0,0.0,0,0,0.0,0,0,0,0,0,0,0,0,0,0.0,2021-22,Playoffs
0042100153,1610612750,Minnesota,Timberwolves,MIN,timberwolves,1629006,Josh,Okogie,J. Okogie,josh-okogie,,DNP - Coach's Decision,,,0,0,0.0,0,0,0.0,0,0,0.0,0,0,0,0,0,0,0,0,0,0.0,2021-22,Playoffs
0042100153,1610612763,Memphis,Grizzlies,MEM,grizzlies,1628415,Dillon,Brooks,D. Brooks,dillon-brooks,F,,,36:55,4,14,0.286,1,6,0.167,2,4,0.5,1,3,4,2,1,0,3,3,11,6.0,2021-22,Playoffs
0042100153,1610612763,Memphis,Grizzlies,MEM,grizzlies,203937,Kyle,Anderson,K. Anderson,kyle-anderson,F,,,26:28,2,3,0.667,0,0,0.0,0,0,0.0,1,2,3,3,1,1,0,3,4,2.0,2021-22,Playoffs
0042100153,1610612763,Memphis,Grizzlies,MEM,grizzlies,1628991,Jaren,Jackson Jr.,J. Jackson Jr.,jaren-jackson-jr,C,,,21:01,2,6,0.333,1,4,0.25,1,1,1.0,2,5,7,0,2,2,1,5,6,14.0,2021-22,Playoffs
0042100153,1610612763,Memphis,Grizzlies,MEM,grizzlies,1630217,Desmond,Bane,D. Bane,desmond-bane,G,,,40:29,8,19,0.421,7,15,0.467,3,4,0.75,0,6,6,2,1,2,1,1,26,14.0,2021-22,Playoffs
0042100153,1610612763,Memphis,Grizzlies,MEM,grizzlies,1629630,Ja,Morant,J. Morant,ja-morant,G,,,40:33,5,18,0.278,1,3,0.333,5,10,0.5,2,8,10,10,1,3,7,4,16,20.0,2021-22,Playoffs
0042100153,1610612763,Memphis,Grizzlies,MEM,grizzlies,1630214,Xavier,Tillman,X. Tillman,xavier-tillman,,,,15:58,2,2,1.0,0,0,0.0,1,4,0.25,3,0,3,1,0,0,3,1,5,-2.0,2021-22,Playoffs
0042100153,1610612763,Memphis,Grizzlies,MEM,grizzlies,1626145,Tyus,Jones,T. Jones,tyus-jones,,,,14:10,4,6,0.667,3,3,1.0,0,0,0.0,0,5,5,4,1,0,2,0,11,6.0,2021-22,Playoffs
0042100153,1610612763,Memphis,Grizzlies,MEM,grizzlies,1630533,Ziaire,Williams,Z. Williams,ziaire-williams,,,,8:09,2,4,0.5,1,3,0.333,0,0,0.0,0,0,0,0,0,0,0,2,5,-11.0,2021-22,Playoffs
0042100153,1610612763,Memphis,Grizzlies,MEM,grizzlies,1629634,Brandon,Clarke,B. Clarke,brandon-clarke,,,,29:29,6,9,0.667,0,1,0.0,8,8,1.0,4,4,8,0,0,1,0,0,20,-1.0,2021-22,Playoffs
0042100153,1610612763,Memphis,Grizzlies,MEM,grizzlies,1629001,De'Anthony,Melton,D. Melton,deanthony-melton,,,,6:48,0,2,0.0,0,2,0.0,0,0,0.0,0,2,2,0,0,0,1,1,0,-3.0,2021-22,Playoffs
0042100153,1610612763,Memphis,Grizzlies,MEM,grizzlies,203500,Steven,Adams,S. Adams,steven-adams,,DNP - Coach's Decision,,,0,0,0.0,0,0,0.0,0,0,0.0,0,0,0,0,0,0,0,0,0,0.0,2021-22,Playoffs
0042100153,1610612763,Memphis,Grizzlies,MEM,grizzlies,1629633,Jarrett,Culver,J. Culver,jarrett-culver,,DNP - Coach's Decision,,,0,0,0.0,0,0,0.0,0,0,0.0,0,0,0,0,0,0,0,0,0,0.0,2021-22,Playoffs
0042100153,1610612763,Memphis,Grizzlies,MEM,grizzlies,1629723,John,Konchar,J. Konchar,john-konchar,,DNP - Coach's Decision,,,0,0,0.0,0,0,0.0,0,0,0.0,0,0,0,0,0,0,0,0,0,0.0,2021-22,Playoffs
0042100154,1610612750,Minnesota,Timberwolves,MIN,timberwolves,1630162,Anthony,Edwards,A. Edwards,anthony-edwards,F,,,37:05,7,14,0.5,4,8,0.5,6,6,1.0,1,3,4,4,2,3,3,2,24,-2.0,2021-22,Playoffs
0042100154,1610612750,Minnesota,Timberwolves,MIN,timberwolves,1629020,Jarred,Vanderbilt,J. Vanderbilt,jarred-vanderbilt,F,,,34:49,6,8,0.75,0,0,0.0,0,0,0.0,2,6,8,1,2,0,0,3,12,-1.0,2021-22,Playoffs
0042100154,1610612750,Minnesota,Timberwolves,MIN,timberwolves,1626157,Karl-Anthony,Towns,K. Towns,karl-anthony-towns,C,,,42:26,8,17,0.471,3,5,0.6,14,17,0.824,2,12,14,3,0,1,6,3,33,5.0,2021-22,Playoffs
0042100154,1610612750,Minnesota,Timberwolves,MIN,timberwolves,201976,Patrick,Beverley,P. Beverley,patrick-beverley,G,,,37:27,5,8,0.625,4,6,0.667,3,7,0.429,1,1,2,5,0,2,1,4,17,0.0,2021-22,Playoffs
0042100154,1610612750,Minnesota,Timberwolves,MIN,timberwolves,1626156,D'Angelo,Russell,D. Russell,dangelo-russell,G,,,34:46,3,12,0.25,2,6,0.333,2,4,0.5,0,2,2,7,1,0,2,4,10,5.0,2021-22,Playoffs
0042100154,1610612750,Minnesota,Timberwolves,MIN,timberwolves,1627736,Malik,Beasley,M. Beasley,malik-beasley,,,,11:35,0,0,0.0,0,0,0.0,0,0,0.0,0,1,1,0,0,0,1,1,0,1.0,2021-22,Playoffs
0042100154,1610612750,Minnesota,Timberwolves,MIN,timberwolves,1630183,Jaden,McDaniels,J. McDaniels,jaden-mcdaniels,,,,10:28,0,4,0.0,0,2,0.0,4,4,1.0,0,1,1,0,0,1,0,5,4,-1.0,2021-22,Playoffs
0042100154,1610612750,Minnesota,Timberwolves,MIN,timberwolves,1629162,Jordan,McLaughlin,J. McLaughlin,jordan-mclaughlin,,,,14:09,5,6,0.833,4,4,1.0,2,2,1.0,0,2,2,2,2,0,2,0,16,6.0,2021-22,Playoffs
0042100154,1610612750,Minnesota,Timberwolves,MIN,timberwolves,1629675,Naz,Reid,N. Reid,naz-reid,,,,5:28,0,1,0.0,0,1,0.0,0,0,0.0,0,0,0,0,0,1,0,1,0,-4.0,2021-22,Playoffs
0042100154,1610612750,Minnesota,Timberwolves,MIN,timberwolves,1627752,Taurean,Prince,T. Prince,taurean-prince,,,,11:47,1,4,0.25,1,4,0.25,0,0,0.0,0,0,0,1,0,0,0,0,3,-4.0,2021-22,Playoffs
0042100154,1610612750,Minnesota,Timberwolves,MIN,timberwolves,1630195,Leandro,Bolmaro,L. Bolmaro,leandro-bolmaro,,DNP - Coach's Decision,,,0,0,0.0,0,0,0.0,0,0,0.0,0,0,0,0,0,0,0,0,0,0.0,2021-22,Playoffs
0042100154,1610612750,Minnesota,Timberwolves,MIN,timberwolves,1627774,Jake,Layman,J. Layman,jake-layman,,DNP - Coach's Decision,,,0,0,0.0,0,0,0.0,0,0,0.0,0,0,0,0,0,0,0,0,0,0.0,2021-22,Playoffs
0042100154,1610612750,Minnesota,Timberwolves,MIN,timberwolves,202328,Greg,Monroe,G. Monroe,greg-monroe,,DNP - Coach's Decision,,,0,0,0.0,0,0,0.0,0,0,0.0,0,0,0,0,0,0,0,0,0,0.0,2021-22,Playoffs
0042100154,1610612750,Minnesota,Timberwolves,MIN,timberwolves,1629669,Jaylen,Nowell,J. Nowell,jaylen-nowell,,DNP - Coach's Decision,,,0,0,0.0,0,0,0.0,0,0,0.0,0,0,0,0,0,0,0,0,0,0.0,2021-22,Playoffs
0042100154,1610612750,Minnesota,Timberwolves,MIN,timberwolves,1629006,Josh,Okogie,J. Okogie,josh-okogie,,DNP - Coach's Decision,,,0,0,0.0,0,0,0.0,0,0,0.0,0,0,0,0,0,0,0,0,0,0.0,2021-22,Playoffs
0042100154,1610612763,Memphis,Grizzlies,MEM,grizzlies,1628415,Dillon,Brooks,D. Brooks,dillon-brooks,F,,,34:04,10,20,0.5,3,4,0.75,1,2,0.5,1,1,2,1,1,1,4,5,24,-3.0,2021-22,Playoffs
0042100154,1610612763,Memphis,Grizzlies,MEM,grizzlies,1628991,Jaren,Jackson Jr.,J. Jackson Jr.,jaren-jackson-jr,F,,,23:14,3,6,0.5,1,3,0.333,0,0,0.0,0,6,6,0,0,2,4,6,7,-1.0,2021-22,Playoffs
0042100154,1610612763,Memphis,Grizzlies,MEM,grizzlies,1630214,Xavier,Tillman,X. Tillman,xavier-tillman,C,,,15:32,1,1,1.0,0,0,0.0,0,0,0.0,1,2,3,0,1,0,1,5,2,-9.0,2021-22,Playoffs
0042100154,1610612763,Memphis,Grizzlies,MEM,grizzlies,1630217,Desmond,Bane,D. Bane,desmond-bane,G,,,34:55,11,18,0.611,8,12,0.667,4,5,0.8,0,2,2,4,1,0,2,5,34,10.0,2021-22,Playoffs
0042100154,1610612763,Memphis,Grizzlies,MEM,grizzlies,1629630,Ja,Morant,J. Morant,ja-morant,G,,,33:47,4,13,0.308,0,2,0.0,3,3,1.0,0,8,8,15,1,0,2,4,11,-6.0,2021-22,Playoffs
0042100154,1610612763,Memphis,Grizzlies,MEM,grizzlies,1629634,Brandon,Clarke,B. Clarke,brandon-clarke,,,,28:53,7,9,0.778,0,0,0.0,1,4,0.25,1,4,5,4,1,1,1,1,15,13.0,2021-22,Playoffs
0042100154,1610612763,Memphis,Grizzlies,MEM,grizzlies,203937,Kyle,Anderson,K. Anderson,kyle-anderson,,,,22:27,2,4,0.5,0,1,0.0,2,2,1.0,1,4,5,2,1,0,1,4,6,-1.0,2021-22,Playoffs
0042100154,1610612763,Memphis,Grizzlies,MEM,grizzlies,1630533,Ziaire,Williams,Z. Williams,ziaire-williams,,,,14:00,1,4,0.25,1,4,0.25,3,4,0.75,0,0,0,1,1,0,0,0,6,-7.0,2021-22,Playoffs
0042100154,1610612763,Memphis,Grizzlies,MEM,grizzlies,1626145,Tyus,Jones,T. Jones,tyus-jones,,,,21:58,3,7,0.429,2,3,0.667,5,5,1.0,1,3,4,3,1,0,1,1,13,3.0,2021-22,Playoffs
0042100154,1610612763,Memphis,Grizzlies,MEM,grizzlies,203500,Steven,Adams,S. Adams,steven-adams,,,,3:41,0,0,0.0,0,0,0.0,0,0,0.0,1,1,2,0,0,0,0,1,0,-5.0,2021-22,Playoffs
0042100154,1610612763,Memphis,Grizzlies,MEM,grizzlies,1629001,De'Anthony,Melton,D. Melton,deanthony-melton,,,,7:27,0,4,0.0,0,3,0.0,0,0,0.0,0,2,2,1,1,0,1,1,0,1.0,2021-22,Playoffs
0042100154,1610612763,Memphis,Grizzlies,MEM,grizzlies,1629723,John,Konchar,J. Konchar,john-konchar,,,,0:02,0,0,0.0,0,0,0.0,0,0,0.0,0,0,0,0,0,0,0,0,0,0.0,2021-22,Playoffs
0042100154,1610612763,Memphis,Grizzlies,MEM,grizzlies,1629633,Jarrett,Culver,J. Culver,jarrett-culver,,DNP - Coach's Decision,,,0,0,0.0,0,0,0.0,0,0,0.0,0,0,0,0,0,0,0,0,0,0.0,2021-22,Playoffs
0042100155,1610612763,Memphis,Grizzlies,MEM,grizzlies,1628415,Dillon,Brooks,D. Brooks,dillon-brooks,F,,,35:43,3,18,0.167,1,10,0.1,1,2,0.5,1,3,4,4,1,0,2,1,8,8.0,2021-22,Playoffs
0042100155,1610612763,Memphis,Grizzlies,MEM,grizzlies,1628991,Jaren,Jackson Jr.,J. Jackson Jr.,jaren-jackson-jr,F,,,17:47,4,9,0.444,1,3,0.333,3,5,0.6,4,1,5,1,0,2,2,6,12,-2.0,2021-22,Playoffs
0042100155,1610612763,Memphis,Grizzlies,MEM,grizzlies,1630214,Xavier,Tillman,X. Tillman,xavier-tillman,C,,,15:54,1,3,0.333,0,0,0.0,0,0,0.0,1,2,3,0,0,0,1,0,2,-6.0,2021-22,Playoffs
0042100155,1610612763,Memphis,Grizzlies,MEM,grizzlies,1630217,Desmond,Bane,D. Bane,desmond-bane,G,,,44:34,9,20,0.45,3,8,0.375,4,4,1.0,0,4,4,1,2,3,2,3,25,3.0,2021-22,Playoffs
0042100155,1610612763,Memphis,Grizzlies,MEM,grizzlies,1629630,Ja,Morant,J. Morant,ja-morant,G,,,44:32,9,22,0.409,1,4,0.25,11,17,0.647,2,11,13,9,3,0,5,3,30,6.0,2021-22,Playoffs
0042100155,1610612763,Memphis,Grizzlies,MEM,grizzlies,1629634,Brandon,Clarke,B. Clarke,brandon-clarke,,,,36:49,9,14,0.643,0,0,0.0,3,7,0.429,9,6,15,3,0,1,1,2,21,0.0,2021-22,Playoffs
0042100155,1610612763,Memphis,Grizzlies,MEM,grizzlies,1630533,Ziaire,Williams,Z. Williams,ziaire-williams,,,,4:07,0,2,0.0,0,0,0.0,0,0,0.0,0,0,0,0,0,0,0,0,0,0.0,2021-22,Playoffs
0042100155,1610612763,Memphis,Grizzlies,MEM,grizzlies,203937,Kyle,Anderson,K. Anderson,kyle-anderson,,,,17:32,3,3,1.0,0,0,0.0,2,2,1.0,1,4,5,0,2,1,0,2,8,-6.0,2021-22,Playoffs
0042100155,1610612763,Memphis,Grizzlies,MEM,grizzlies,1626145,Tyus,Jones,T. Jones,tyus-jones,,,,20:16,1,3,0.333,1,3,0.333,2,2,1.0,0,3,3,5,2,0,3,2,5,12.0,2021-22,Playoffs
0042100155,1610612763,Memphis,Grizzlies,MEM,grizzlies,1629723,John,Konchar,J. Konchar,john-konchar,,,,2:47,0,0,0.0,0,0,0.0,0,0,0.0,0,1,1,1,0,0,0,0,0,-5.0,2021-22,Playoffs
0042100155,1610612763,Memphis,Grizzlies,MEM,grizzlies,203500,Steven,Adams,S. Adams,steven-adams,,DNP - Coach's Decision,,,0,0,0.0,0,0,0.0,0,0,0.0,0,0,0,0,0,0,0,0,0,0.0,2021-22,Playoffs
0042100155,1610612763,Memphis,Grizzlies,MEM,grizzlies,1629633,Jarrett,Culver,J. Culver,jarrett-culver,,DNP - Coach's Decision,,,0,0,0.0,0,0,0.0,0,0,0.0,0,0,0,0,0,0,0,0,0,0.0,2021-22,Playoffs
0042100155,1610612763,Memphis,Grizzlies,MEM,grizzlies,1629001,De'Anthony,Melton,D. Melton,deanthony-melton,,DNP - Coach's Decision,,,0,0,0.0,0,0,0.0,0,0,0.0,0,0,0,0,0,0,0,0,0,0.0,2021-22,Playoffs
0042100155,1610612750,Minnesota,Timberwolves,MIN,timberwolves,1630162,Anthony,Edwards,A. Edwards,anthony-edwards,F,,,34:50,8,20,0.4,3,9,0.333,3,4,0.75,1,0,1,0,0,0,1,5,22,-2.0,2021-22,Playoffs
0042100155,1610612750,Minnesota,Timberwolves,MIN,timberwolves,1629020,Jarred,Vanderbilt,J. Vanderbilt,jarred-vanderbilt,F,,,22:07,3,5,0.6,0,0,0.0,0,0,0.0,1,9,10,0,1,1,2,1,6,-10.0,2021-22,Playoffs
0042100155,1610612750,Minnesota,Timberwolves,MIN,timberwolves,1626157,Karl-Anthony,Towns,K. Towns,karl-anthony-towns,C,,,34:52,7,15,0.467,5,7,0.714,9,9,1.0,1,11,12,1,3,2,7,5,28,-2.0,2021-22,Playoffs
0042100155,1610612750,Minnesota,Timberwolves,MIN,timberwolves,201976,Patrick,Beverley,P. Beverley,patrick-beverley,G,,,27:54,3,6,0.5,1,3,0.333,2,3,0.667,2,1,3,6,1,1,5,6,9,1.0,2021-22,Playoffs
0042100155,1610612750,Minnesota,Timberwolves,MIN,timberwolves,1626156,D'Angelo,Russell,D. Russell,dangelo-russell,G,,,38:56,4,10,0.4,2,4,0.5,2,3,0.667,0,2,2,8,2,0,4,3,12,-3.0,2021-22,Playoffs
0042100155,1610612750,Minnesota,Timberwolves,MIN,timberwolves,1630183,Jaden,McDaniels,J. McDaniels,jaden-mcdaniels,,,,17:46,1,1,1.0,1,1,1.0,0,0,0.0,0,2,2,1,0,2,0,3,3,13.0,2021-22,Playoffs
0042100155,1610612750,Minnesota,Timberwolves,MIN,timberwolves,1627736,Malik,Beasley,M. Beasley,malik-beasley,,,,14:19,3,8,0.375,1,3,0.333,1,1,1.0,0,6,6,0,0,0,2,0,8,-1.0,2021-22,Playoffs
0042100155,1610612750,Minnesota,Timberwolves,MIN,timberwolves,1629675,Naz,Reid,N. Reid,naz-reid,,,,13:08,4,7,0.571,1,2,0.5,0,0,0.0,0,2,2,0,0,1,0,2,9,0.0,2021-22,Playoffs
0042100155,1610612750,Minnesota,Timberwolves,MIN,timberwolves,1629162,Jordan,McLaughlin,J. McLaughlin,jordan-mclaughlin,,,,17:22,1,3,0.333,0,1,0.0,0,0,0.0,0,1,1,4,2,0,0,2,2,0.0,2021-22,Playoffs
0042100155,1610612750,Minnesota,Timberwolves,MIN,timberwolves,1627752,Taurean,Prince,T. Prince,taurean-prince,,,,18:46,3,8,0.375,0,3,0.0,4,4,1.0,1,2,3,3,0,0,1,2,10,-6.0,2021-22,Playoffs
0042100155,1610612750,Minnesota,Timberwolves,MIN,timberwolves,1630195,Leandro,Bolmaro,L. Bolmaro,leandro-bolmaro,,DNP - Coach's Decision,,,0,0,0.0,0,0,0.0,0,0,0.0,0,0,0,0,0,0,0,0,0,0.0,2021-22,Playoffs
0042100155,1610612750,Minnesota,Timberwolves,MIN,timberwolves,1627774,Jake,Layman,J. Layman,jake-layman,,DNP - Coach's Decision,,,0,0,0.0,0,0,0.0,0,0,0.0,0,0,0,0,0,0,0,0,0,0.0,2021-22,Playoffs
0042100155,1610612750,Minnesota,Timberwolves,MIN,timberwolves,202328,Greg,Monroe,G. Monroe,greg-monroe,,DNP - Coach's Decision,,,0,0,0.0,0,0,0.0,0,0,0.0,0,0,0,0,0,0,0,0,0,0.0,2021-22,Playoffs
0042100155,1610612750,Minnesota,Timberwolves,MIN,timberwolves,1629669,Jaylen,Nowell,J. Nowell,jaylen-nowell,,DNP - Coach's Decision,,,0,0,0.0,0,0,0.0,0,0,0.0,0,0,0,0,0,0,0,0,0,0.0,2021-22,Playoffs
0042100155,1610612750,Minnesota,Timberwolves,MIN,timberwolves,1629006,Josh,Okogie,J. Okogie,josh-okogie,,DNP - Coach's Decision,,,0,0,0.0,0,0,0.0,0,0,0.0,0,0,0,0,0,0,0,0,0,0.0,2021-22,Playoffs
0042100156,1610612750,Minnesota,Timberwolves,MIN,timberwolves,1630162,Anthony,Edwards,A. Edwards,anthony-edwards,F,,,40:54,10,24,0.417,4,10,0.4,6,8,0.75,1,4,5,5,2,2,2,3,30,-5.0,2021-22,Playoffs
0042100156,1610612750,Minnesota,Timberwolves,MIN,timberwolves,1629020,Jarred,Vanderbilt,J. Vanderbilt,jarred-vanderbilt,F,,,12:15,1,3,0.333,0,0,0.0,0,0,0.0,2,2,4,0,1,1,0,3,2,-1.0,2021-22,Playoffs
0042100156,1610612750,Minnesota,Timberwolves,MIN,timberwolves,1626157,Karl-Anthony,Towns,K. Towns,karl-anthony-towns,C,,,40:45,6,19,0.316,0,3,0.0,6,9,0.667,1,9,10,4,1,1,2,4,18,-3.0,2021-22,Playoffs
0042100156,1610612750,Minnesota,Timberwolves,MIN,timberwolves,201976,Patrick,Beverley,P. Beverley,patrick-beverley,G,,,37:32,3,8,0.375,2,5,0.4,2,3,0.667,0,4,4,3,2,0,2,6,10,-16.0,2021-22,Playoffs
0042100156,1610612750,Minnesota,Timberwolves,MIN,timberwolves,1626156,D'Angelo,Russell,D. Russell,dangelo-russell,G,,,27:14,3,7,0.429,1,3,0.333,0,0,0.0,0,1,1,4,3,0,4,1,7,4.0,2021-22,Playoffs
0042100156,1610612750,Minnesota,Timberwolves,MIN,timberwolves,1630183,Jaden,McDaniels,J. McDaniels,jaden-mcdaniels,,,,33:27,8,9,0.889,5,6,0.833,3,4,0.75,1,3,4,0,0,1,0,1,24,-10.0,2021-22,Playoffs
0042100156,1610612750,Minnesota,Timberwolves,MIN,timberwolves,1627736,Malik,Beasley,M. Beasley,malik-beasley,,,,15:58,1,4,0.25,0,3,0.0,0,0,0.0,0,2,2,1,0,0,0,1,2,0.0,2021-22,Playoffs
0042100156,1610612750,Minnesota,Timberwolves,MIN,timberwolves,1629162,Jordan,McLaughlin,J. McLaughlin,jordan-mclaughlin,,,,24:50,4,5,0.8,0,1,0.0,1,2,0.5,0,5,5,4,1,0,0,1,9,-6.0,2021-22,Playoffs
0042100156,1610612750,Minnesota,Timberwolves,MIN,timberwolves,202328,Greg,Monroe,G. Monroe,greg-monroe,,,,7:05,2,5,0.4,0,0,0.0,0,0,0.0,1,1,2,1,2,0,1,1,4,-3.0,2021-22,Playoffs
0042100156,1610612750,Minnesota,Timberwolves,MIN,timberwolves,1630195,Leandro,Bolmaro,L. Bolmaro,leandro-bolmaro,,DNP - Coach's Decision,,,0,0,0.0,0,0,0.0,0,0,0.0,0,0,0,0,0,0,0,0,0,0.0,2021-22,Playoffs
0042100156,1610612750,Minnesota,Timberwolves,MIN,timberwolves,1627774,Jake,Layman,J. Layman,jake-layman,,DNP - Coach's Decision,,,0,0,0.0,0,0,0.0,0,0,0.0,0,0,0,0,0,0,0,0,0,0.0,2021-22,Playoffs
0042100156,1610612750,Minnesota,Timberwolves,MIN,timberwolves,1629669,Jaylen,Nowell,J. Nowell,jaylen-nowell,,DNP - Coach's Decision,,,0,0,0.0,0,0,0.0,0,0,0.0,0,0,0,0,0,0,0,0,0,0.0,2021-22,Playoffs
0042100156,1610612750,Minnesota,Timberwolves,MIN,timberwolves,1629006,Josh,Okogie,J. Okogie,josh-okogie,,DNP - Coach's Decision,,,0,0,0.0,0,0,0.0,0,0,0.0,0,0,0,0,0,0,0,0,0,0.0,2021-22,Playoffs
0042100156,1610612750,Minnesota,Timberwolves,MIN,timberwolves,1627752,Taurean,Prince,T. Prince,taurean-prince,,DNP - Coach's Decision,,,0,0,0.0,0,0,0.0,0,0,0.0,0,0,0,0,0,0,0,0,0,0.0,2021-22,Playoffs
0042100156,1610612750,Minnesota,Timberwolves,MIN,timberwolves,1629675,Naz,Reid,N. Reid,naz-reid,,DNP - Personal,,,0,0,0.0,0,0,0.0,0,0,0.0,0,0,0,0,0,0,0,0,0,0.0,2021-22,Playoffs
0042100156,1610612763,Memphis,Grizzlies,MEM,grizzlies,1628415,Dillon,Brooks,D. Brooks,dillon-brooks,F,,,31:49,9,19,0.474,5,6,0.833,0,0,0.0,2,1,3,2,1,0,1,6,23,-5.0,2021-22,Playoffs
0042100156,1610612763,Memphis,Grizzlies,MEM,grizzlies,1628991,Jaren,Jackson Jr.,J. Jackson Jr.,jaren-jackson-jr,F,,,34:24,6,15,0.4,3,6,0.5,3,4,0.75,3,11,14,1,1,2,1,5,18,10.0,2021-22,Playoffs
0042100156,1610612763,Memphis,Grizzlies,MEM,grizzlies,1630214,Xavier,Tillman,X. Tillman,xavier-tillman,C,,,11:29,1,2,0.5,0,0,0.0,0,0,0.0,1,2,3,0,0,0,1,2,2,-9.0,2021-22,Playoffs
0042100156,1610612763,Memphis,Grizzlies,MEM,grizzlies,1630217,Desmond,Bane,D. Bane,desmond-bane,G,,,43:28,9,14,0.643,5,8,0.625,0,0,0.0,1,5,6,1,1,1,5,2,23,22.0,2021-22,Playoffs
0042100156,1610612763,Memphis,Grizzlies,MEM,grizzlies,1629630,Ja,Morant,J. Morant,ja-morant,G,,,38:05,4,14,0.286,0,5,0.0,9,12,0.75,3,5,8,11,1,1,5,0,17,2.0,2021-22,Playoffs
0042100156,1610612763,Memphis,Grizzlies,MEM,grizzlies,203937,Kyle,Anderson,K. Anderson,kyle-anderson,,,,11:52,2,3,0.667,0,0,0.0,0,0,0.0,1,2,3,0,1,1,2,1,4,1.0,2021-22,Playoffs
0042100156,1610612763,Memphis,Grizzlies,MEM,grizzlies,1629634,Brandon,Clarke,B. Clarke,brandon-clarke,,,,33:12,5,9,0.556,0,0,0.0,7,8,0.875,5,6,11,5,0,3,1,2,17,9.0,2021-22,Playoffs
0042100156,1610612763,Memphis,Grizzlies,MEM,grizzlies,1626145,Tyus,Jones,T. Jones,tyus-jones,,,,25:46,4,9,0.444,2,6,0.333,0,0,0.0,0,1,1,4,1,0,2,1,10,4.0,2021-22,Playoffs
0042100156,1610612763,Memphis,Grizzlies,MEM,grizzlies,1629723,John,Konchar,J. Konchar,john-konchar,,,,9:55,0,1,0.0,0,1,0.0,0,0,0.0,0,6,6,0,1,0,0,2,0,6.0,2021-22,Playoffs
0042100156,1610612763,Memphis,Grizzlies,MEM,grizzlies,1629633,Jarrett,Culver,J. Culver,jarrett-culver,,DNP - Coach's Decision,,,0,0,0.0,0,0,0.0,0,0,0.0,0,0,0,0,0,0,0,0,0,0.0,2021-22,Playoffs
0042100156,1610612763,Memphis,Grizzlies,MEM,grizzlies,1629001,De'Anthony,Melton,D. Melton,deanthony-melton,,DNP - Coach's Decision,,,0,0,0.0,0,0,0.0,0,0,0.0,0,0,0,0,0,0,0,0,0,0.0,2021-22,Playoffs
0042100156,1610612763,Memphis,Grizzlies,MEM,grizzlies,1630533,Ziaire,Williams,Z. Williams,ziaire-williams,,DNP - Injury/Illness,,,0,0,0.0,0,0,0.0,0,0,0.0,0,0,0,0,0,0,0,0,0,0.0,2021-22,Playoffs
0042100161,1610612744,Golden State,Warriors,GSW,warriors,203952,Andrew,Wiggins,A. Wiggins,andrew-wiggins,F,,,29:29,6,11,0.545,1,2,0.5,3,4,0.75,1,8,9,2,1,0,1,2,16,16.0,2021-22,Playoffs
0042100161,1610612744,Golden State,Warriors,GSW,warriors,203110,Draymond,Green,D. Green,draymond-green,F,,,28:55,5,7,0.714,1,2,0.5,1,1,1.0,1,5,6,9,0,3,0,2,12,21.0,2021-22,Playoffs
0042100161,1610612744,Golden State,Warriors,GSW,warriors,1626172,Kevon,Looney,K. Looney,kevon-looney,C,,,13:09,2,3,0.667,0,0,0.0,2,2,1.0,3,4,7,0,0,0,0,2,6,-7.0,2021-22,Playoffs
0042100161,1610612744,Golden State,Warriors,GSW,warriors,202691,Klay,Thompson,K. Thompson,klay-thompson,G,,,29:05,7,15,0.467,5,10,0.5,0,0,0.0,0,3,3,2,0,0,3,2,19,5.0,2021-22,Playoffs
0042100161,1610612744,Golden State,Warriors,GSW,warriors,1629673,Jordan,Poole,J. Poole,jordan-poole,G,,,30:06,9,13,0.692,5,7,0.714,7,8,0.875,0,1,1,3,0,0,3,3,30,7.0,2021-22,Playoffs
0042100161,1610612744,Golden State,Warriors,GSW,warriors,201939,Stephen,Curry,S. Curry,stephen-curry,,,,21:41,5,13,0.385,3,6,0.5,3,3,1.0,2,1,3,4,1,0,1,1,16,17.0,2021-22,Playoffs
0042100161,1610612744,Golden State,Warriors,GSW,warriors,203490,Otto,Porter Jr.,O. Porter Jr.,otto-porter-jr,,,,25:05,2,6,0.333,0,3,0.0,0,0,0.0,0,1,1,4,1,1,1,4,4,21.0,2021-22,Playoffs
0042100161,1610612744,Golden State,Warriors,GSW,warriors,202357,Nemanja,Bjelica,N. Bjelica,nemanja-bjelica,,,,14:57,3,6,0.5,0,2,0.0,2,5,0.4,1,2,3,1,1,1,2,3,8,1.0,2021-22,Playoffs
0042100161,1610612744,Golden State,Warriors,GSW,warriors,1627780,Gary,Payton II,G. Payton II,gary-payton-ii,,,,19:40,2,3,0.667,0,0,0.0,1,2,0.5,2,1,3,2,0,1,0,0,5,12.0,2021-22,Playoffs
0042100161,1610612744,Golden State,Warriors,GSW,warriors,2738,Andre,Iguodala,A. Iguodala,andre-iguodala,,,,13:25,0,1,0.0,0,1,0.0,0,0,0.0,0,2,2,4,0,1,0,2,0,11.0,2021-22,Playoffs
0042100161,1610612744,Golden State,Warriors,GSW,warriors,1629308,Juan,Toscano-Anderson,J. Toscano-Anderson,juan-toscano-anderson,,,,3:37,1,1,1.0,1,1,1.0,0,0,0.0,0,1,1,0,0,0,0,0,3,-6.0,2021-22,Playoffs
0042100161,1610612744,Golden State,Warriors,GSW,warriors,1630228,Jonathan,Kuminga,J. Kuminga,jonathan-kuminga,,,,3:37,0,0,0.0,0,0,0.0,1,2,0.5,0,0,0,1,0,1,1,0,1,-6.0,2021-22,Playoffs
0042100161,1610612744,Golden State,Warriors,GSW,warriors,1627814,Damion,Lee,D. Lee,damion-lee,,,,3:37,1,2,0.5,0,0,0.0,0,0,0.0,0,2,2,0,0,0,0,1,2,-6.0,2021-22,Playoffs
0042100161,1610612744,Golden State,Warriors,GSW,warriors,1630541,Moses,Moody,M. Moody,moses-moody,,,,3:37,0,1,0.0,0,1,0.0,1,2,0.5,0,0,0,1,1,0,0,0,1,-6.0,2021-22,Playoffs
0042100161,1610612743,Denver,Nuggets,DEN,nuggets,201145,Jeff,Green,J. Green,jeff-green,F,,,23:11,2,3,0.667,2,2,1.0,1,2,0.5,1,3,4,1,1,0,0,1,7,-7.0,2021-22,Playoffs
0042100161,1610612743,Denver,Nuggets,DEN,nuggets,203932,Aaron,Gordon,A. Gordon,aaron-gordon,F,,,26:21,3,10,0.3,0,3,0.0,2,3,0.667,3,2,5,0,0,0,0,2,8,-11.0,2021-22,Playoffs
0042100161,1610612743,Denver,Nuggets,DEN,nuggets,203999,Nikola,Jokić,N. Jokić,nikola-jokić,C,,,34:34,12,25,0.48,0,4,0.0,1,2,0.5,4,6,10,6,3,1,3,4,25,-19.0,2021-22,Playoffs
0042100161,1610612743,Denver,Nuggets,DEN,nuggets,203115,Will,Barton,W. Barton,will-barton,G,,,35:34,10,18,0.556,2,6,0.333,2,2,1.0,0,6,6,5,0,1,3,1,24,-14.0,2021-22,Playoffs
0042100161,1610612743,Denver,Nuggets,DEN,nuggets,1628420,Monté,Morris,M. Morris,monté-morris,G,,,31:23,4,9,0.444,1,5,0.2,1,1,1.0,0,0,0,6,3,0,1,3,10,-13.0,2021-22,Playoffs
0042100161,1610612743,Denver,Nuggets,DEN,nuggets,203085,Austin,Rivers,A. Rivers,austin-rivers,,,,26:06,2,5,0.4,0,3,0.0,1,1,1.0,0,1,1,1,0,0,1,2,5,-7.0,2021-22,Playoffs
0042100161,1610612743,Denver,Nuggets,DEN,nuggets,203210,JaMychal,Green,J. Green,jamychal-green,,,,14:44,1,3,0.333,1,1,1.0,0,0,0.0,1,3,4,1,0,0,0,3,3,-13.0,2021-22,Playoffs
0042100161,1610612743,Denver,Nuggets,DEN,nuggets,1630538,Bones,Hyland,B. Hyland,bones-hyland,,,,17:07,4,10,0.4,2,7,0.286,0,0,0.0,0,2,2,3,0,0,1,4,10,-3.0,2021-22,Playoffs
0042100161,1610612743,Denver,Nuggets,DEN,nuggets,1627854,Bryn,Forbes,B. Forbes,bryn-forbes,,,,13:47,2,4,0.5,1,2,0.5,0,0,0.0,0,0,0,0,1,0,0,1,5,0.0,2021-22,Playoffs
0042100161,1610612743,Denver,Nuggets,DEN,nuggets,202326,DeMarcus,Cousins,D. Cousins,demarcus-cousins,,,,9:39,2,5,0.4,1,1,1.0,2,2,1.0,0,2,2,2,0,1,0,0,7,-1.0,2021-22,Playoffs
0042100161,1610612743,Denver,Nuggets,DEN,nuggets,1628427,Vlatko,Čančar,V. Čančar,vlatko-čančar,,,,3:47,0,0,0.0,0,0,0.0,0,0,0.0,0,1,1,1,0,0,1,0,0,4.0,2021-22,Playoffs
0042100161,1610612743,Denver,Nuggets,DEN,nuggets,1630192,Zeke,Nnaji,Z. Nnaji,zeke-nnaji,,,,3:47,1,1,1.0,1,1,1.0,0,0,0.0,0,0,0,0,0,0,0,1,3,4.0,2021-22,Playoffs
0042100161,1610612743,Denver,Nuggets,DEN,nuggets,1630267,Facundo,Campazzo,F. Campazzo,facundo-campazzo,,DND_LEAGUE_SUSPENSION,,,0,0,0.0,0,0,0.0,0,0,0.0,0,0,0,0,0,0,0,0,0,0.0,2021-22,Playoffs
0042100162,1610612744,Golden State,Warriors,GSW,warriors,203952,Andrew,Wiggins,A. Wiggins,andrew-wiggins,F,,,30:41,5,9,0.556,2,3,0.667,1,3,0.333,2,6,8,2,1,1,1,2,13,24.0,2021-22,Playoffs
0042100162,1610612744,Golden State,Warriors,GSW,warriors,203110,Draymond,Green,D. Green,draymond-green,F,,,29:39,2,5,0.4,1,3,0.333,1,2,0.5,0,3,3,6,2,1,1,4,6,20.0,2021-22,Playoffs
0042100162,1610612744,Golden State,Warriors,GSW,warriors,1626172,Kevon,Looney,K. Looney,kevon-looney,C,,,11:20,0,2,0.0,0,0,0.0,0,0,0.0,0,1,1,1,0,0,0,2,0,2.0,2021-22,Playoffs
0042100162,1610612744,Golden State,Warriors,GSW,warriors,202691,Klay,Thompson,K. Thompson,klay-thompson,G,,,35:49,9,19,0.474,3,8,0.375,0,0,0.0,0,2,2,1,0,1,0,3,21,13.0,2021-22,Playoffs
0042100162,1610612744,Golden State,Warriors,GSW,warriors,1629673,Jordan,Poole,J. Poole,jordan-poole,G,,,33:41,10,16,0.625,5,10,0.5,4,4,1.0,0,5,5,8,2,1,2,2,29,7.0,2021-22,Playoffs
0042100162,1610612744,Golden State,Warriors,GSW,warriors,203490,Otto,Porter Jr.,O. Porter Jr.,otto-porter-jr,,,,22:28,1,5,0.2,1,4,0.25,0,0,0.0,2,2,4,2,0,1,0,1,3,4.0,2021-22,Playoffs
0042100162,1610612744,Golden State,Warriors,GSW,warriors,201939,Stephen,Curry,S. Curry,stephen-curry,,,,22:57,12,17,0.706,5,10,0.5,5,7,0.714,0,3,3,4,1,1,2,3,34,32.0,2021-22,Playoffs
0042100162,1610612744,Golden State,Warriors,GSW,warriors,202357,Nemanja,Bjelica,N. Bjelica,nemanja-bjelica,,,,16:20,5,6,0.833,0,1,0.0,0,0,0.0,0,2,2,1,1,0,0,2,10,3.0,2021-22,Playoffs
0042100162,1610612744,Golden State,Warriors,GSW,warriors,1627780,Gary,Payton II,G. Payton II,gary-payton-ii,,,,17:60,0,1,0.0,0,0,0.0,3,4,0.75,1,4,5,1,1,2,0,1,3,7.0,2021-22,Playoffs
0042100162,1610612744,Golden State,Warriors,GSW,warriors,1629308,Juan,Toscano-Anderson,J. Toscano-Anderson,juan-toscano-anderson,,,,4:46,1,1,1.0,0,0,0.0,1,2,0.5,0,1,1,1,1,0,0,0,3,-3.0,2021-22,Playoffs
0042100162,1610612744,Golden State,Warriors,GSW,warriors,1627814,Damion,Lee,D. Lee,damion-lee,,,,4:46,1,2,0.5,0,1,0.0,2,2,1.0,0,0,0,0,0,0,0,0,4,-3.0,2021-22,Playoffs
0042100162,1610612744,Golden State,Warriors,GSW,warriors,1630541,Moses,Moody,M. Moody,moses-moody,,,,4:46,0,1,0.0,0,0,0.0,0,0,0.0,1,0,1,0,0,0,1,0,0,-3.0,2021-22,Playoffs
0042100162,1610612744,Golden State,Warriors,GSW,warriors,1630228,Jonathan,Kuminga,J. Kuminga,jonathan-kuminga,,,,4:46,0,0,0.0,0,0,0.0,0,0,0.0,0,0,0,0,1,0,2,0,0,-3.0,2021-22,Playoffs
0042100162,1610612744,Golden State,Warriors,GSW,warriors,2738,Andre,Iguodala,A. Iguodala,andre-iguodala,,DND - Injury/Illness,,,0,0,0.0,0,0,0.0,0,0,0.0,0,0,0,0,0,0,0,0,0,0.0,2021-22,Playoffs
0042100162,1610612743,Denver,Nuggets,DEN,nuggets,203932,Aaron,Gordon,A. Gordon,aaron-gordon,F,,,25:25,3,9,0.333,1,4,0.25,0,0,0.0,2,3,5,3,0,1,1,2,7,-12.0,2021-22,Playoffs
0042100162,1610612743,Denver,Nuggets,DEN,nuggets,201145,Jeff,Green,J. Green,jeff-green,F,,,22:52,1,3,0.333,1,3,0.333,0,0,0.0,2,0,2,0,0,0,0,1,3,-7.0,2021-22,Playoffs
0042100162,1610612743,Denver,Nuggets,DEN,nuggets,203999,Nikola,Jokić,N. Jokić,nikola-jokić,C,,,28:17,9,20,0.45,0,4,0.0,8,8,1.0,5,6,11,4,1,2,3,5,26,-26.0,2021-22,Playoffs
0042100162,1610612743,Denver,Nuggets,DEN,nuggets,203115,Will,Barton,W. Barton,will-barton,G,,,30:56,5,15,0.333,2,4,0.5,0,0,0.0,3,7,10,2,1,0,3,0,12,-10.0,2021-22,Playoffs
0042100162,1610612743,Denver,Nuggets,DEN,nuggets,1628420,Monté,Morris,M. Morris,monté-morris,G,,,25:22,5,8,0.625,2,3,0.667,0,1,0.0,1,3,4,3,0,0,2,2,12,-10.0,2021-22,Playoffs
0042100162,1610612743,Denver,Nuggets,DEN,nuggets,1630538,Bones,Hyland,B. Hyland,bones-hyland,,,,17:05,2,4,0.5,2,2,1.0,6,6,1.0,0,0,0,1,0,0,1,2,12,-13.0,2021-22,Playoffs
0042100162,1610612743,Denver,Nuggets,DEN,nuggets,203085,Austin,Rivers,A. Rivers,austin-rivers,,,,20:50,3,5,0.6,1,2,0.5,0,0,0.0,0,1,1,1,0,0,0,3,7,-17.0,2021-22,Playoffs
0042100162,1610612743,Denver,Nuggets,DEN,nuggets,203210,JaMychal,Green,J. Green,jamychal-green,,,,17:33,1,7,0.143,0,4,0.0,2,2,1.0,2,4,6,1,0,1,0,2,4,-10.0,2021-22,Playoffs
0042100162,1610612743,Denver,Nuggets,DEN,nuggets,1627854,Bryn,Forbes,B. Forbes,bryn-forbes,,,,24:03,3,6,0.5,2,5,0.4,2,2,1.0,0,1,1,2,0,0,2,2,10,-8.0,2021-22,Playoffs
0042100162,1610612743,Denver,Nuggets,DEN,nuggets,202326,DeMarcus,Cousins,D. Cousins,demarcus-cousins,,,,12:12,3,5,0.6,1,1,1.0,1,2,0.5,2,2,4,2,2,0,2,3,8,5.0,2021-22,Playoffs
0042100162,1610612743,Denver,Nuggets,DEN,nuggets,1630267,Facundo,Campazzo,F. Campazzo,facundo-campazzo,,,,5:53,0,2,0.0,0,2,0.0,0,0,0.0,0,2,2,1,0,0,1,2,0,2.0,2021-22,Playoffs
0042100162,1610612743,Denver,Nuggets,DEN,nuggets,1630192,Zeke,Nnaji,Z. Nnaji,zeke-nnaji,,,,4:46,0,0,0.0,0,0,0.0,0,0,0.0,0,0,0,0,0,0,0,1,0,3.0,2021-22,Playoffs
0042100162,1610612743,Denver,Nuggets,DEN,nuggets,1628427,Vlatko,Čančar,V. Čančar,vlatko-čančar,,,,4:46,2,3,0.667,1,2,0.5,0,0,0.0,0,1,1,0,0,0,1,0,5,3.0,2021-22,Playoffs
0042100163,1610612743,Denver,Nuggets,DEN,nuggets,203932,Aaron,Gordon,A. Gordon,aaron-gordon,F,,,34:08,7,13,0.538,1,1,1.0,3,4,0.75,6,6,12,4,0,1,2,5,18,5.0,2021-22,Playoffs
0042100163,1610612743,Denver,Nuggets,DEN,nuggets,201145,Jeff,Green,J. Green,jeff-green,F,,,22:11,1,5,0.2,0,2,0.0,2,2,1.0,0,2,2,0,1,1,2,1,4,3.0,2021-22,Playoffs
0042100163,1610612743,Denver,Nuggets,DEN,nuggets,203999,Nikola,Jokić,N. Jokić,nikola-jokić,C,,,38:21,14,22,0.636,2,3,0.667,7,9,0.778,4,14,18,5,3,0,5,3,37,3.0,2021-22,Playoffs
0042100163,1610612743,Denver,Nuggets,DEN,nuggets,203115,Will,Barton,W. Barton,will-barton,G,,,33:44,5,13,0.385,3,7,0.429,0,0,0.0,1,3,4,5,1,0,1,4,13,-6.0,2021-22,Playoffs
0042100163,1610612743,Denver,Nuggets,DEN,nuggets,1628420,Monté,Morris,M. Morris,monté-morris,G,,,33:42,4,11,0.364,1,5,0.2,1,2,0.5,0,2,2,6,2,0,1,1,10,-5.0,2021-22,Playoffs
0042100163,1610612743,Denver,Nuggets,DEN,nuggets,203085,Austin,Rivers,A. Rivers,austin-rivers,,,,21:09,2,2,1.0,2,2,1.0,0,0,0.0,0,1,1,1,2,1,1,5,6,1.0,2021-22,Playoffs
0042100163,1610612743,Denver,Nuggets,DEN,nuggets,1627854,Bryn,Forbes,B. Forbes,bryn-forbes,,,,16:58,1,2,0.5,1,2,0.5,2,3,0.667,0,0,0,1,0,0,0,1,5,-6.0,2021-22,Playoffs
0042100163,1610612743,Denver,Nuggets,DEN,nuggets,1630538,Bones,Hyland,B. Hyland,bones-hyland,,,,14:18,2,6,0.333,1,3,0.333,0,0,0.0,0,2,2,3,0,0,0,2,5,0.0,2021-22,Playoffs
0042100163,1610612743,Denver,Nuggets,DEN,nuggets,203210,JaMychal,Green,J. Green,jamychal-green,,,,11:58,1,2,0.5,0,0,0.0,4,4,1.0,0,0,0,0,0,0,1,3,6,-4.0,2021-22,Playoffs
0042100163,1610612743,Denver,Nuggets,DEN,nuggets,202326,DeMarcus,Cousins,D. Cousins,demarcus-cousins,,,,9:32,3,4,0.75,0,1,0.0,3,3,1.0,0,3,3,0,0,0,3,1,9,-6.0,2021-22,Playoffs
0042100163,1610612743,Denver,Nuggets,DEN,nuggets,1630267,Facundo,Campazzo,F. Campazzo,facundo-campazzo,,,,3:59,0,0,0.0,0,0,0.0,0,0,0.0,0,0,0,0,0,0,1,0,0,-10.0,2021-22,Playoffs
0042100163,1610612743,Denver,Nuggets,DEN,nuggets,1628427,Vlatko,Čančar,V. Čančar,vlatko-čančar,,DNP - Coach's Decision,,,0,0,0.0,0,0,0.0,0,0,0.0,0,0,0,0,0,0,0,0,0,0.0,2021-22,Playoffs
0042100163,1610612743,Denver,Nuggets,DEN,nuggets,1630192,Zeke,Nnaji,Z. Nnaji,zeke-nnaji,,DNP - Coach's Decision,,,0,0,0.0,0,0,0.0,0,0,0.0,0,0,0,0,0,0,0,0,0,0.0,2021-22,Playoffs
0042100163,1610612744,Golden State,Warriors,GSW,warriors,203952,Andrew,Wiggins,A. Wiggins,andrew-wiggins,F,,,28:38,3,6,0.5,2,4,0.5,1,2,0.5,1,5,6,1,1,0,1,2,9,-4.0,2021-22,Playoffs
0042100163,1610612744,Golden State,Warriors,GSW,warriors,203110,Draymond,Green,D. Green,draymond-green,F,,,35:24,2,6,0.333,1,3,0.333,1,4,0.25,0,5,5,10,2,1,4,5,6,4.0,2021-22,Playoffs
0042100163,1610612744,Golden State,Warriors,GSW,warriors,1626172,Kevon,Looney,K. Looney,kevon-looney,C,,,9:04,0,0,0.0,0,0,0.0,0,0,0.0,0,1,1,0,0,0,0,4,0,-2.0,2021-22,Playoffs
0042100163,1610612744,Golden State,Warriors,GSW,warriors,202691,Klay,Thompson,K. Thompson,klay-thompson,G,,,37:28,10,18,0.556,6,13,0.462,0,0,0.0,0,1,1,1,0,2,1,0,26,2.0,2021-22,Playoffs
0042100163,1610612744,Golden State,Warriors,GSW,warriors,1629673,Jordan,Poole,J. Poole,jordan-poole,G,,,33:46,9,13,0.692,3,5,0.6,6,9,0.667,0,3,3,3,1,1,3,3,27,3.0,2021-22,Playoffs
0042100163,1610612744,Golden State,Warriors,GSW,warriors,201939,Stephen,Curry,S. Curry,stephen-curry,,,,30:43,9,17,0.529,3,9,0.333,6,8,0.75,0,3,3,6,0,0,4,3,27,3.0,2021-22,Playoffs
0042100163,1610612744,Golden State,Warriors,GSW,warriors,203490,Otto,Porter Jr.,O. Porter Jr.,otto-porter-jr,,,,21:57,3,7,0.429,0,3,0.0,0,0,0.0,0,3,3,3,2,0,2,3,6,16.0,2021-22,Playoffs
0042100163,1610612744,Golden State,Warriors,GSW,warriors,1627780,Gary,Payton II,G. Payton II,gary-payton-ii,,,,14:28,4,4,1.0,3,3,1.0,0,0,0.0,1,2,3,0,1,0,0,2,11,10.0,2021-22,Playoffs
0042100163,1610612744,Golden State,Warriors,GSW,warriors,2738,Andre,Iguodala,A. Iguodala,andre-iguodala,,,,16:20,1,1,1.0,0,0,0.0,2,3,0.667,2,2,4,3,0,1,1,1,4,-8.0,2021-22,Playoffs
0042100163,1610612744,Golden State,Warriors,GSW,warriors,202357,Nemanja,Bjelica,N. Bjelica,nemanja-bjelica,,,,12:13,0,2,0.0,0,0,0.0,2,2,1.0,0,1,1,2,0,1,0,2,2,1.0,2021-22,Playoffs
0042100163,1610612744,Golden State,Warriors,GSW,warriors,1630228,Jonathan,Kuminga,J. Kuminga,jonathan-kuminga,,DNP - Coach's Decision,,,0,0,0.0,0,0,0.0,0,0,0.0,0,0,0,0,0,0,0,0,0,0.0,2021-22,Playoffs
0042100163,1610612744,Golden State,Warriors,GSW,warriors,1627814,Damion,Lee,D. Lee,damion-lee,,DNP - Coach's Decision,,,0,0,0.0,0,0,0.0,0,0,0.0,0,0,0,0,0,0,0,0,0,0.0,2021-22,Playoffs
0042100163,1610612744,Golden State,Warriors,GSW,warriors,1630541,Moses,Moody,M. Moody,moses-moody,,DNP - Coach's Decision,,,0,0,0.0,0,0,0.0,0,0,0.0,0,0,0,0,0,0,0,0,0,0.0,2021-22,Playoffs
0042100163,1610612744,Golden State,Warriors,GSW,warriors,1629308,Juan,Toscano-Anderson,J. Toscano-Anderson,juan-toscano-anderson,,DNP - Coach's Decision,,,0,0,0.0,0,0,0.0,0,0,0.0,0,0,0,0,0,0,0,0,0,0.0,2021-22,Playoffs
0042100164,1610612743,Denver,Nuggets,DEN,nuggets,203932,Aaron,Gordon,A. Gordon,aaron-gordon,F,,,34:33,5,11,0.455,1,3,0.333,10,13,0.769,2,4,6,4,1,2,2,4,21,-7.0,2021-22,Playoffs
0042100164,1610612743,Denver,Nuggets,DEN,nuggets,201145,Jeff,Green,J. Green,jeff-green,F,,,15:50,1,1,1.0,0,0,0.0,1,1,1.0,1,0,1,0,0,0,0,1,3,0.0,2021-22,Playoffs
0042100164,1610612743,Denver,Nuggets,DEN,nuggets,203999,Nikola,Jokić,N. Jokić,nikola-jokić,C,,,37:42,14,21,0.667,3,5,0.6,6,6,1.0,1,7,8,6,0,0,7,3,37,-2.0,2021-22,Playoffs
0042100164,1610612743,Denver,Nuggets,DEN,nuggets,203115,Will,Barton,W. Barton,will-barton,G,,,32:08,2,7,0.286,2,5,0.4,0,0,0.0,0,5,5,1,2,0,1,3,6,-12.0,2021-22,Playoffs
0042100164,1610612743,Denver,Nuggets,DEN,nuggets,1628420,Monté,Morris,M. Morris,monté-morris,G,,,29:11,7,11,0.636,5,7,0.714,5,5,1.0,0,2,2,5,0,0,3,4,24,-8.0,2021-22,Playoffs
0042100164,1610612743,Denver,Nuggets,DEN,nuggets,203085,Austin,Rivers,A. Rivers,austin-rivers,,,,35:49,1,5,0.2,1,4,0.25,0,0,0.0,0,0,0,3,5,0,2,4,3,12.0,2021-22,Playoffs
0042100164,1610612743,Denver,Nuggets,DEN,nuggets,1630538,Bones,Hyland,B. Hyland,bones-hyland,,,,19:39,5,10,0.5,3,6,0.5,2,4,0.5,1,3,4,7,1,0,3,2,15,13.0,2021-22,Playoffs
0042100164,1610612743,Denver,Nuggets,DEN,nuggets,1627854,Bryn,Forbes,B. Forbes,bryn-forbes,,,,10:33,0,1,0.0,0,1,0.0,0,0,0.0,0,1,1,0,0,0,0,3,0,13.0,2021-22,Playoffs
0042100164,1610612743,Denver,Nuggets,DEN,nuggets,203210,JaMychal,Green,J. Green,jamychal-green,,,,14:05,3,3,1.0,0,0,0.0,1,1,1.0,0,2,2,0,0,0,1,3,7,9.0,2021-22,Playoffs
0042100164,1610612743,Denver,Nuggets,DEN,nuggets,202326,DeMarcus,Cousins,D. Cousins,demarcus-cousins,,,,10:07,3,3,1.0,0,0,0.0,4,6,0.667,0,4,4,2,0,0,1,4,10,7.0,2021-22,Playoffs
0042100164,1610612743,Denver,Nuggets,DEN,nuggets,1630267,Facundo,Campazzo,F. Campazzo,facundo-campazzo,,,,0:23,0,0,0.0,0,0,0.0,0,0,0.0,0,0,0,0,0,0,0,0,0,0.0,2021-22,Playoffs
0042100164,1610612743,Denver,Nuggets,DEN,nuggets,1628427,Vlatko,Čančar,V. Čančar,vlatko-čančar,,DNP - Coach's Decision,,,0,0,0.0,0,0,0.0,0,0,0.0,0,0,0,0,0,0,0,0,0,0.0,2021-22,Playoffs
0042100164,1610612743,Denver,Nuggets,DEN,nuggets,1630192,Zeke,Nnaji,Z. Nnaji,zeke-nnaji,,DNP - Coach's Decision,,,0,0,0.0,0,0,0.0,0,0,0.0,0,0,0,0,0,0,0,0,0,0.0,2021-22,Playoffs
0042100164,1610612744,Golden State,Warriors,GSW,warriors,203952,Andrew,Wiggins,A. Wiggins,andrew-wiggins,F,,,37:11,9,16,0.563,1,3,0.333,1,2,0.5,3,3,6,1,2,2,1,2,20,5.0,2021-22,Playoffs
0042100164,1610612744,Golden State,Warriors,GSW,warriors,203110,Draymond,Green,D. Green,draymond-green,F,,,34:04,5,6,0.833,0,1,0.0,3,3,1.0,0,11,11,6,2,0,2,6,13,18.0,2021-22,Playoffs
0042100164,1610612744,Golden State,Warriors,GSW,warriors,1626172,Kevon,Looney,K. Looney,kevon-looney,C,,,11:50,1,2,0.5,0,0,0.0,0,0,0.0,2,3,5,1,1,0,1,2,2,0.0,2021-22,Playoffs
0042100164,1610612744,Golden State,Warriors,GSW,warriors,202691,Klay,Thompson,K. Thompson,klay-thompson,G,,,30:42,12,20,0.6,7,11,0.636,1,2,0.5,1,3,4,0,2,0,2,5,32,9.0,2021-22,Playoffs
0042100164,1610612744,Golden State,Warriors,GSW,warriors,1629673,Jordan,Poole,J. Poole,jordan-poole,G,,,38:35,3,10,0.3,1,5,0.2,4,4,1.0,2,0,2,9,3,0,3,2,11,-6.0,2021-22,Playoffs
0042100164,1610612744,Golden State,Warriors,GSW,warriors,201939,Stephen,Curry,S. Curry,stephen-curry,,,,36:50,10,23,0.435,3,11,0.273,10,14,0.714,0,3,3,8,4,1,2,1,33,-4.0,2021-22,Playoffs
0042100164,1610612744,Golden State,Warriors,GSW,warriors,203490,Otto,Porter Jr.,O. Porter Jr.,otto-porter-jr,,,,15:27,0,0,0.0,0,0,0.0,1,2,0.5,0,3,3,0,0,0,2,4,1,-16.0,2021-22,Playoffs
0042100164,1610612744,Golden State,Warriors,GSW,warriors,1627780,Gary,Payton II,G. Payton II,gary-payton-ii,,,,6:48,0,1,0.0,0,1,0.0,0,0,0.0,0,0,0,0,1,0,0,0,0,-9.0,2021-22,Playoffs
0042100164,1610612744,Golden State,Warriors,GSW,warriors,202357,Nemanja,Bjelica,N. Bjelica,nemanja-bjelica,,,,4:50,0,1,0.0,0,0,0.0,0,0,0.0,0,1,1,1,0,0,0,0,0,-9.0,2021-22,Playoffs
0042100164,1610612744,Golden State,Warriors,GSW,warriors,2738,Andre,Iguodala,A. Iguodala,andre-iguodala,,,,12:32,0,3,0.0,0,1,0.0,0,0,0.0,1,0,1,0,0,0,2,5,0,-10.0,2021-22,Playoffs
0042100164,1610612744,Golden State,Warriors,GSW,warriors,1630228,Jonathan,Kuminga,J. Kuminga,jonathan-kuminga,,,,11:11,3,4,0.75,0,1,0.0,3,5,0.6,0,0,0,0,0,0,0,0,9,-3.0,2021-22,Playoffs
0042100164,1610612744,Golden State,Warriors,GSW,warriors,1627814,Damion,Lee,D. Lee,damion-lee,,DNP - Coach's Decision,,,0,0,0.0,0,0,0.0,0,0,0.0,0,0,0,0,0,0,0,0,0,0.0,2021-22,Playoffs
0042100164,1610612744,Golden State,Warriors,GSW,warriors,1630541,Moses,Moody,M. Moody,moses-moody,,DNP - Coach's Decision,,,0,0,0.0,0,0,0.0,0,0,0.0,0,0,0,0,0,0,0,0,0,0.0,2021-22,Playoffs
0042100164,1610612744,Golden State,Warriors,GSW,warriors,1629308,Juan,Toscano-Anderson,J. Toscano-Anderson,juan-toscano-anderson,,DNP - Coach's Decision,,,0,0,0.0,0,0,0.0,0,0,0.0,0,0,0,0,0,0,0,0,0,0.0,2021-22,Playoffs
0042100165,1610612744,Golden State,Warriors,GSW,warriors,202691,Klay,Thompson,K. Thompson,klay-thompson,F,,,39:34,5,13,0.385,1,6,0.167,4,4,1.0,1,8,9,3,4,1,0,2,15,6.0,2021-22,Playoffs
0042100165,1610612744,Golden State,Warriors,GSW,warriors,203952,Andrew,Wiggins,A. Wiggins,andrew-wiggins,F,,,23:34,4,9,0.444,1,1,1.0,3,5,0.6,0,5,5,2,0,1,2,2,12,0.0,2021-22,Playoffs
0042100165,1610612744,Golden State,Warriors,GSW,warriors,203110,Draymond,Green,D. Green,draymond-green,C,,,36:13,4,10,0.4,1,2,0.5,2,2,1.0,0,2,2,6,1,3,1,3,11,12.0,2021-22,Playoffs
0042100165,1610612744,Golden State,Warriors,GSW,warriors,1629673,Jordan,Poole,J. Poole,jordan-poole,G,,,25:40,3,10,0.3,1,4,0.25,1,1,1.0,0,1,1,4,1,0,1,5,8,-6.0,2021-22,Playoffs
0042100165,1610612744,Golden State,Warriors,GSW,warriors,201939,Stephen,Curry,S. Curry,stephen-curry,G,,,37:50,10,22,0.455,5,11,0.455,5,7,0.714,1,4,5,5,2,0,5,2,30,7.0,2021-22,Playoffs
0042100165,1610612744,Golden State,Warriors,GSW,warriors,1626172,Kevon,Looney,K. Looney,kevon-looney,,,,21:35,2,2,1.0,0,0,0.0,0,2,0.0,2,5,7,3,0,0,0,4,4,1.0,2021-22,Playoffs
0042100165,1610612744,Golden State,Warriors,GSW,warriors,203490,Otto,Porter Jr.,O. Porter Jr.,otto-porter-jr,,,,24:21,1,4,0.25,1,3,0.333,0,0,0.0,1,4,5,2,0,0,0,1,3,2.0,2021-22,Playoffs
0042100165,1610612744,Golden State,Warriors,GSW,warriors,1627780,Gary,Payton II,G. Payton II,gary-payton-ii,,,,25:47,6,8,0.75,3,4,0.75,0,0,0.0,1,2,3,3,2,1,0,3,15,0.0,2021-22,Playoffs
0042100165,1610612744,Golden State,Warriors,GSW,warriors,1630228,Jonathan,Kuminga,J. Kuminga,jonathan-kuminga,,,,5:27,2,4,0.5,0,0,0.0,0,0,0.0,0,0,0,0,0,0,0,0,4,-2.0,2021-22,Playoffs
0042100165,1610612744,Golden State,Warriors,GSW,warriors,202357,Nemanja,Bjelica,N. Bjelica,nemanja-bjelica,,DNP - Coach's Decision,,,0,0,0.0,0,0,0.0,0,0,0.0,0,0,0,0,0,0,0,0,0,0.0,2021-22,Playoffs
0042100165,1610612744,Golden State,Warriors,GSW,warriors,1627814,Damion,Lee,D. Lee,damion-lee,,DNP - Coach's Decision,,,0,0,0.0,0,0,0.0,0,0,0.0,0,0,0,0,0,0,0,0,0,0.0,2021-22,Playoffs
0042100165,1610612744,Golden State,Warriors,GSW,warriors,1630541,Moses,Moody,M. Moody,moses-moody,,DNP - Coach's Decision,,,0,0,0.0,0,0,0.0,0,0,0.0,0,0,0,0,0,0,0,0,0,0.0,2021-22,Playoffs
0042100165,1610612744,Golden State,Warriors,GSW,warriors,1629308,Juan,Toscano-Anderson,J. Toscano-Anderson,juan-toscano-anderson,,DNP - Coach's Decision,,,0,0,0.0,0,0,0.0,0,0,0.0,0,0,0,0,0,0,0,0,0,0.0,2021-22,Playoffs
0042100165,1610612743,Denver,Nuggets,DEN,nuggets,203932,Aaron,Gordon,A. Gordon,aaron-gordon,F,,,39:42,5,11,0.455,0,4,0.0,5,8,0.625,5,3,8,2,1,2,3,1,15,2.0,2021-22,Playoffs
0042100165,1610612743,Denver,Nuggets,DEN,nuggets,201145,Jeff,Green,J. Green,jeff-green,F,,,29:20,1,5,0.2,0,1,0.0,0,0,0.0,3,6,9,1,1,1,0,2,2,-13.0,2021-22,Playoffs
0042100165,1610612743,Denver,Nuggets,DEN,nuggets,203999,Nikola,Jokić,N. Jokić,nikola-jokić,C,,,32:12,12,18,0.667,0,2,0.0,6,8,0.75,3,16,19,8,1,2,6,5,30,0.0,2021-22,Playoffs
0042100165,1610612743,Denver,Nuggets,DEN,nuggets,203115,Will,Barton,W. Barton,will-barton,G,,,39:47,5,13,0.385,2,6,0.333,2,4,0.5,1,2,3,1,0,0,2,3,14,2.0,2021-22,Playoffs
0042100165,1610612743,Denver,Nuggets,DEN,nuggets,1628420,Monté,Morris,M. Morris,monté-morris,G,,,36:03,5,12,0.417,2,6,0.333,2,3,0.667,0,3,3,7,1,0,1,4,14,-9.0,2021-22,Playoffs
0042100165,1610612743,Denver,Nuggets,DEN,nuggets,203085,Austin,Rivers,A. Rivers,austin-rivers,,,,4:33,0,1,0.0,0,1,0.0,0,0,0.0,0,0,0,0,0,0,0,1,0,3.0,2021-22,Playoffs
0042100165,1610612743,Denver,Nuggets,DEN,nuggets,1630538,Bones,Hyland,B. Hyland,bones-hyland,,,,18:33,0,6,0.0,0,5,0.0,4,4,1.0,0,2,2,2,0,0,1,2,4,-1.0,2021-22,Playoffs
0042100165,1610612743,Denver,Nuggets,DEN,nuggets,203210,JaMychal,Green,J. Green,jamychal-green,,,,10:24,0,1,0.0,0,0,0.0,0,0,0.0,0,0,0,0,0,0,0,1,0,-3.0,2021-22,Playoffs
0042100165,1610612743,Denver,Nuggets,DEN,nuggets,202326,DeMarcus,Cousins,D. Cousins,demarcus-cousins,,,,15:17,8,12,0.667,2,3,0.667,1,2,0.5,1,3,4,0,1,0,1,1,19,-2.0,2021-22,Playoffs
0042100165,1610612743,Denver,Nuggets,DEN,nuggets,1627854,Bryn,Forbes,B. Forbes,bryn-forbes,,,,11:01,0,2,0.0,0,1,0.0,0,0,0.0,1,0,1,4,0,0,0,0,0,4.0,2021-22,Playoffs
0042100165,1610612743,Denver,Nuggets,DEN,nuggets,1630267,Facundo,Campazzo,F. Campazzo,facundo-campazzo,,,,3:09,0,0,0.0,0,0,0.0,0,0,0.0,0,1,1,1,0,0,0,1,0,-3.0,2021-22,Playoffs
0042100165,1610612743,Denver,Nuggets,DEN,nuggets,1628427,Vlatko,Čančar,V. Čančar,vlatko-čančar,,DNP - Coach's Decision,,,0,0,0.0,0,0,0.0,0,0,0.0,0,0,0,0,0,0,0,0,0,0.0,2021-22,Playoffs
0042100165,1610612743,Denver,Nuggets,DEN,nuggets,1630192,Zeke,Nnaji,Z. Nnaji,zeke-nnaji,,DNP - Coach's Decision,,,0,0,0.0,0,0,0.0,0,0,0.0,0,0,0,0,0,0,0,0,0,0.0,2021-22,Playoffs
0042100171,1610612742,Dallas,Mavericks,DAL,mavericks,203493,Reggie,Bullock Jr.,R. Bullock Jr.,reggie-bullock-jr,F,,,44:16,5,10,0.5,3,8,0.375,2,2,1.0,0,6,6,1,2,0,1,3,15,-12.0,2021-22,Playoffs
0042100171,1610612742,Dallas,Mavericks,DAL,mavericks,1627827,Dorian,Finney-Smith,D. Finney-Smith,dorian-finney-smith,F,,,44:05,4,7,0.571,2,5,0.4,4,4,1.0,1,4,5,1,1,2,0,2,14,-13.0,2021-22,Playoffs
0042100171,1610612742,Dallas,Mavericks,DAL,mavericks,203939,Dwight,Powell,D. Powell,dwight-powell,C,,,22:04,2,6,0.333,0,0,0.0,0,0,0.0,4,1,5,2,1,2,0,2,4,9.0,2021-22,Playoffs
0042100171,1610612742,Dallas,Mavericks,DAL,mavericks,1628973,Jalen,Brunson,J. Brunson,jalen-brunson,G,,,40:44,9,24,0.375,1,3,0.333,5,6,0.833,2,5,7,5,0,0,2,3,24,-5.0,2021-22,Playoffs
0042100171,1610612742,Dallas,Mavericks,DAL,mavericks,203915,Spencer,Dinwiddie,S. Dinwiddie,spencer-dinwiddie,G,,,36:24,6,15,0.4,0,4,0.0,10,16,0.625,0,4,4,8,1,0,4,4,22,0.0,2021-22,Playoffs
0042100171,1610612742,Dallas,Mavericks,DAL,mavericks,1630182,Josh,Green,J. Green,josh-green,,,,10:29,0,4,0.0,0,4,0.0,0,0,0.0,0,0,0,0,2,0,0,3,0,0.0,2021-22,Playoffs
0042100171,1610612742,Dallas,Mavericks,DAL,mavericks,1628467,Maxi,Kleber,M. Kleber,maxi-kleber,,,,24:19,2,7,0.286,2,5,0.4,4,4,1.0,0,4,4,0,0,0,0,3,10,-13.0,2021-22,Playoffs
0042100171,1610612742,Dallas,Mavericks,DAL,mavericks,202722,Davis,Bertans,D. Bertans,davis-bertans,,,,17:41,1,3,0.333,1,3,0.333,1,2,0.5,0,3,3,0,1,0,0,2,4,4.0,2021-22,Playoffs
0042100171,1610612742,Dallas,Mavericks,DAL,mavericks,1628425,Sterling,Brown,S. Brown,sterling-brown,,DNP - Coach's Decision,,,0,0,0.0,0,0,0.0,0,0,0.0,0,0,0,0,0,0,0,0,0,0.0,2021-22,Playoffs
0042100171,1610612742,Dallas,Mavericks,DAL,mavericks,203504,Trey,Burke,T. Burke,trey-burke,,DNP - Coach's Decision,,,0,0,0.0,0,0,0.0,0,0,0.0,0,0,0,0,0,0,0,0,0,0.0,2021-22,Playoffs
0042100171,1610612742,Dallas,Mavericks,DAL,mavericks,1627737,Marquese,Chriss,M. Chriss,marquese-chriss,,DNP - Coach's Decision,,,0,0,0.0,0,0,0.0,0,0,0.0,0,0,0,0,0,0,0,0,0,0.0,2021-22,Playoffs
0042100171,1610612742,Dallas,Mavericks,DAL,mavericks,1626246,Boban,Marjanović,B. Marjanović,boban-marjanović,,DNP - Coach's Decision,,,0,0,0.0,0,0,0.0,0,0,0.0,0,0,0,0,0,0,0,0,0,0.0,2021-22,Playoffs
0042100171,1610612742,Dallas,Mavericks,DAL,mavericks,1628373,Frank,Ntilikina,F. Ntilikina,frank-ntilikina,,DNP - Injury/Illness,,,0,0,0.0,0,0,0.0,0,0,0.0,0,0,0,0,0,0,0,0,0,0.0,2021-22,Playoffs
0042100171,1610612762,Utah,Jazz,UTA,jazz,202711,Bojan,Bogdanović,B. Bogdanović,bojan-bogdanović,F,,,40:09,11,20,0.55,2,6,0.333,2,2,1.0,0,5,5,4,1,0,2,4,26,11.0,2021-22,Playoffs
0042100171,1610612762,Utah,Jazz,UTA,jazz,1626220,Royce,O'Neale,R. O'Neale,royce-oneale,F,,,30:45,1,5,0.2,1,3,0.333,0,0,0.0,3,3,6,2,0,0,0,4,3,-1.0,2021-22,Playoffs
0042100171,1610612762,Utah,Jazz,UTA,jazz,203497,Rudy,Gobert,R. Gobert,rudy-gobert,C,,,35:26,0,1,0.0,0,0,0.0,5,6,0.833,2,15,17,0,0,3,1,3,5,6.0,2021-22,Playoffs
0042100171,1610612762,Utah,Jazz,UTA,jazz,1628378,Donovan,Mitchell,D. Mitchell,donovan-mitchell,G,,,41:30,10,29,0.345,2,6,0.333,10,11,0.909,2,4,6,6,1,1,3,3,32,10.0,2021-22,Playoffs
0042100171,1610612762,Utah,Jazz,UTA,jazz,201144,Mike,Conley,M. Conley,mike-conley,G,,,34:30,6,12,0.5,1,2,0.5,0,0,0.0,1,5,6,3,1,0,4,2,13,6.0,2021-22,Playoffs
0042100171,1610612762,Utah,Jazz,UTA,jazz,1627863,Danuel,House Jr.,D. House Jr.,danuel-house-jr,,,,20:25,3,6,0.5,1,3,0.333,0,0,0.0,1,0,1,0,0,0,1,3,7,1.0,2021-22,Playoffs
0042100171,1610612762,Utah,Jazz,UTA,jazz,202355,Hassan,Whiteside,H. Whiteside,hassan-whiteside,,,,12:34,1,2,0.5,0,0,0.0,1,2,0.5,3,5,8,0,0,1,0,3,3,0.0,2021-22,Playoffs
0042100171,1610612762,Utah,Jazz,UTA,jazz,203903,Jordan,Clarkson,J. Clarkson,jordan-clarkson,,,,19:36,4,7,0.571,0,2,0.0,2,2,1.0,0,1,1,0,0,0,3,3,10,0.0,2021-22,Playoffs
0042100171,1610612762,Utah,Jazz,UTA,jazz,1627823,Juancho,Hernangomez,J. Hernangomez,juancho-hernangomez,,,,5:05,0,1,0.0,0,0,0.0,0,0,0.0,1,2,3,0,0,0,0,0,0,-3.0,2021-22,Playoffs
0042100171,1610612762,Utah,Jazz,UTA,jazz,1629638,Nickeil,Alexander-Walker,N. Alexander-Walker,nickeil-alexander-walker,,DNP - Coach's Decision,,,0,0,0.0,0,0,0.0,0,0,0.0,0,0,0,0,0,0,0,0,0,0.0,2021-22,Playoffs
0042100171,1610612762,Utah,Jazz,UTA,jazz,1630215,Jared,Butler,J. Butler,jared-butler,,DNP - Coach's Decision,,,0,0,0.0,0,0,0.0,0,0,0.0,0,0,0,0,0,0,0,0,0,0.0,2021-22,Playoffs
0042100171,1610612762,Utah,Jazz,UTA,jazz,200752,Rudy,Gay,R. Gay,rudy-gay,,DNP - Coach's Decision,,,0,0,0.0,0,0,0.0,0,0,0.0,0,0,0,0,0,0,0,0,0,0.0,2021-22,Playoffs
0042100171,1610612762,Utah,Jazz,UTA,jazz,1629672,Eric,Paschall,E. Paschall,eric-paschall,,DNP - Coach's Decision,,,0,0,0.0,0,0,0.0,0,0,0.0,0,0,0,0,0,0,0,0,0,0.0,2021-22,Playoffs
0042100172,1610612742,Dallas,Mavericks,DAL,mavericks,203493,Reggie,Bullock Jr.,R. Bullock Jr.,reggie-bullock-jr,F,,,45:11,4,7,0.571,3,5,0.6,0,0,0.0,0,4,4,4,1,0,0,2,11,13.0,2021-22,Playoffs
0042100172,1610612742,Dallas,Mavericks,DAL,mavericks,1627827,Dorian,Finney-Smith,D. Finney-Smith,dorian-finney-smith,F,,,42:15,3,11,0.273,3,9,0.333,0,0,0.0,0,6,6,2,0,1,0,5,9,12.0,2021-22,Playoffs
0042100172,1610612742,Dallas,Mavericks,DAL,mavericks,203939,Dwight,Powell,D. Powell,dwight-powell,C,,,15:39,1,2,0.5,0,1,0.0,0,0,0.0,0,1,1,0,0,1,0,3,2,6.0,2021-22,Playoffs
0042100172,1610612742,Dallas,Mavericks,DAL,mavericks,1628973,Jalen,Brunson,J. Brunson,jalen-brunson,G,,,42:29,15,25,0.6,6,10,0.6,5,7,0.714,0,8,8,5,2,0,0,0,41,15.0,2021-22,Playoffs
0042100172,1610612742,Dallas,Mavericks,DAL,mavericks,203915,Spencer,Dinwiddie,S. Dinwiddie,spencer-dinwiddie,G,,,39:33,6,18,0.333,1,6,0.167,4,4,1.0,1,3,4,6,2,0,3,4,17,6.0,2021-22,Playoffs
0042100172,1610612742,Dallas,Mavericks,DAL,mavericks,1628467,Maxi,Kleber,M. Kleber,maxi-kleber,,,,31:36,8,11,0.727,8,11,0.727,1,2,0.5,1,5,6,3,0,0,0,2,25,0.0,2021-22,Playoffs
0042100172,1610612742,Dallas,Mavericks,DAL,mavericks,203504,Trey,Burke,T. Burke,trey-burke,,,,4:37,1,3,0.333,1,2,0.5,0,0,0.0,0,1,1,0,0,0,0,0,3,-5.0,2021-22,Playoffs
0042100172,1610612742,Dallas,Mavericks,DAL,mavericks,1630182,Josh,Green,J. Green,josh-green,,,,5:41,1,5,0.2,0,2,0.0,0,0,0.0,0,0,0,1,0,0,0,0,2,-5.0,2021-22,Playoffs
0042100172,1610612742,Dallas,Mavericks,DAL,mavericks,202722,Davis,Bertans,D. Bertans,davis-bertans,,,,12:59,0,1,0.0,0,1,0.0,0,0,0.0,0,1,1,1,0,0,0,3,0,-12.0,2021-22,Playoffs
0042100172,1610612742,Dallas,Mavericks,DAL,mavericks,1628425,Sterling,Brown,S. Brown,sterling-brown,,DNP - Coach's Decision,,,0,0,0.0,0,0,0.0,0,0,0.0,0,0,0,0,0,0,0,0,0,0.0,2021-22,Playoffs
0042100172,1610612742,Dallas,Mavericks,DAL,mavericks,1627737,Marquese,Chriss,M. Chriss,marquese-chriss,,DNP - Coach's Decision,,,0,0,0.0,0,0,0.0,0,0,0.0,0,0,0,0,0,0,0,0,0,0.0,2021-22,Playoffs
0042100172,1610612742,Dallas,Mavericks,DAL,mavericks,1626246,Boban,Marjanović,B. Marjanović,boban-marjanović,,DNP - Coach's Decision,,,0,0,0.0,0,0,0.0,0,0,0.0,0,0,0,0,0,0,0,0,0,0.0,2021-22,Playoffs
0042100172,1610612742,Dallas,Mavericks,DAL,mavericks,1628373,Frank,Ntilikina,F. Ntilikina,frank-ntilikina,,DNP - Injury/Illness,,,0,0,0.0,0,0,0.0,0,0,0.0,0,0,0,0,0,0,0,0,0,0.0,2021-22,Playoffs
0042100172,1610612762,Utah,Jazz,UTA,jazz,202711,Bojan,Bogdanović,B. Bogdanović,bojan-bogdanović,F,,,40:19,9,15,0.6,1,4,0.25,6,7,0.857,1,4,5,0,0,0,2,2,25,-19.0,2021-22,Playoffs
0042100172,1610612762,Utah,Jazz,UTA,jazz,1626220,Royce,O'Neale,R. O'Neale,royce-oneale,F,,,37:01,4,7,0.571,4,6,0.667,0,0,0.0,1,8,9,2,1,0,0,2,12,-16.0,2021-22,Playoffs
0042100172,1610612762,Utah,Jazz,UTA,jazz,203497,Rudy,Gobert,R. Gobert,rudy-gobert,C,,,37:27,2,5,0.4,0,0,0.0,4,6,0.667,4,13,17,2,0,2,4,3,8,-10.0,2021-22,Playoffs
0042100172,1610612762,Utah,Jazz,UTA,jazz,1628378,Donovan,Mitchell,D. Mitchell,donovan-mitchell,G,,,41:01,13,30,0.433,3,10,0.3,5,5,1.0,2,0,2,5,0,0,1,1,34,-14.0,2021-22,Playoffs
0042100172,1610612762,Utah,Jazz,UTA,jazz,201144,Mike,Conley,M. Conley,mike-conley,G,,,22:13,0,7,0.0,0,3,0.0,0,0,0.0,1,3,4,3,1,0,0,4,0,-7.0,2021-22,Playoffs
0042100172,1610612762,Utah,Jazz,UTA,jazz,202355,Hassan,Whiteside,H. Whiteside,hassan-whiteside,,,,10:33,1,3,0.333,0,0,0.0,0,0,0.0,2,5,7,0,0,2,0,2,2,4.0,2021-22,Playoffs
0042100172,1610612762,Utah,Jazz,UTA,jazz,1627863,Danuel,House Jr.,D. House Jr.,danuel-house-jr,,,,21:26,1,2,0.5,0,1,0.0,0,0,0.0,0,2,2,2,0,0,2,0,2,17.0,2021-22,Playoffs
0042100172,1610612762,Utah,Jazz,UTA,jazz,203903,Jordan,Clarkson,J. Clarkson,jordan-clarkson,,,,22:43,8,11,0.727,3,4,0.75,2,2,1.0,0,1,1,2,0,0,1,5,21,1.0,2021-22,Playoffs
0042100172,1610612762,Utah,Jazz,UTA,jazz,1627823,Juancho,Hernangomez,J. Hernangomez,juancho-hernangomez,,,,7:17,0,2,0.0,0,1,0.0,0,0,0.0,0,3,3,3,0,0,0,0,0,14.0,2021-22,Playoffs
0042100172,1610612762,Utah,Jazz,UTA,jazz,1629638,Nickeil,Alexander-Walker,N. Alexander-Walker,nickeil-alexander-walker,,DNP - Coach's Decision,,,0,0,0.0,0,0,0.0,0,0,0.0,0,0,0,0,0,0,0,0,0,0.0,2021-22,Playoffs
0042100172,1610612762,Utah,Jazz,UTA,jazz,1630215,Jared,Butler,J. Butler,jared-butler,,DNP - Coach's Decision,,,0,0,0.0,0,0,0.0,0,0,0.0,0,0,0,0,0,0,0,0,0,0.0,2021-22,Playoffs
0042100172,1610612762,Utah,Jazz,UTA,jazz,200752,Rudy,Gay,R. Gay,rudy-gay,,DNP - Coach's Decision,,,0,0,0.0,0,0,0.0,0,0,0.0,0,0,0,0,0,0,0,0,0,0.0,2021-22,Playoffs
0042100172,1610612762,Utah,Jazz,UTA,jazz,1629672,Eric,Paschall,E. Paschall,eric-paschall,,DNP - Coach's Decision,,,0,0,0.0,0,0,0.0,0,0,0.0,0,0,0,0,0,0,0,0,0,0.0,2021-22,Playoffs
0042100173,1610612762,Utah,Jazz,UTA,jazz,202711,Bojan,Bogdanović,B. Bogdanović,bojan-bogdanović,F,,,31:49,8,12,0.667,4,7,0.571,4,4,1.0,0,6,6,2,0,0,3,5,24,4.0,2021-22,Playoffs
0042100173,1610612762,Utah,Jazz,UTA,jazz,1626220,Royce,O'Neale,R. O'Neale,royce-oneale,F,,,31:51,0,0,0.0,0,0,0.0,2,2,1.0,1,3,4,1,0,0,2,4,2,-13.0,2021-22,Playoffs
0042100173,1610612762,Utah,Jazz,UTA,jazz,203497,Rudy,Gobert,R. Gobert,rudy-gobert,C,,,29:06,6,6,1.0,0,0,0.0,3,3,1.0,0,7,7,0,0,1,0,4,15,-16.0,2021-22,Playoffs
0042100173,1610612762,Utah,Jazz,UTA,jazz,1628378,Donovan,Mitchell,D. Mitchell,donovan-mitchell,G,,,38:45,10,21,0.476,1,8,0.125,11,12,0.917,0,2,2,6,0,1,2,4,32,4.0,2021-22,Playoffs
0042100173,1610612762,Utah,Jazz,UTA,jazz,201144,Mike,Conley,M. Conley,mike-conley,G,,,35:11,6,14,0.429,2,7,0.286,7,8,0.875,0,2,2,6,2,1,4,5,21,-16.0,2021-22,Playoffs
0042100173,1610612762,Utah,Jazz,UTA,jazz,202355,Hassan,Whiteside,H. Whiteside,hassan-whiteside,,,,7:16,1,1,1.0,0,0,0.0,0,0,0.0,0,1,1,0,0,1,0,0,2,-1.0,2021-22,Playoffs
0042100173,1610612762,Utah,Jazz,UTA,jazz,203903,Jordan,Clarkson,J. Clarkson,jordan-clarkson,,,,30:10,5,9,0.556,1,3,0.333,3,3,1.0,0,3,3,2,0,0,1,2,14,0.0,2021-22,Playoffs
0042100173,1610612762,Utah,Jazz,UTA,jazz,1627863,Danuel,House Jr.,D. House Jr.,danuel-house-jr,,,,19:15,1,1,1.0,0,0,0.0,0,0,0.0,0,6,6,2,0,0,2,0,2,-3.0,2021-22,Playoffs
0042100173,1610612762,Utah,Jazz,UTA,jazz,1627823,Juancho,Hernangomez,J. Hernangomez,juancho-hernangomez,,,,6:20,0,2,0.0,0,1,0.0,0,0,0.0,0,0,0,1,0,0,0,2,0,-8.0,2021-22,Playoffs
0042100173,1610612762,Utah,Jazz,UTA,jazz,1629672,Eric,Paschall,E. Paschall,eric-paschall,,,,10:17,2,3,0.667,1,2,0.5,1,1,1.0,0,1,1,0,0,0,0,2,6,9.0,2021-22,Playoffs
0042100173,1610612762,Utah,Jazz,UTA,jazz,1629638,Nickeil,Alexander-Walker,N. Alexander-Walker,nickeil-alexander-walker,,DNP - Coach's Decision,,,0,0,0.0,0,0,0.0,0,0,0.0,0,0,0,0,0,0,0,0,0,0.0,2021-22,Playoffs
0042100173,1610612762,Utah,Jazz,UTA,jazz,1630215,Jared,Butler,J. Butler,jared-butler,,DNP - Coach's Decision,,,0,0,0.0,0,0,0.0,0,0,0.0,0,0,0,0,0,0,0,0,0,0.0,2021-22,Playoffs
0042100173,1610612762,Utah,Jazz,UTA,jazz,200752,Rudy,Gay,R. Gay,rudy-gay,,DNP - Coach's Decision,,,0,0,0.0,0,0,0.0,0,0,0.0,0,0,0,0,0,0,0,0,0,0.0,2021-22,Playoffs
0042100173,1610612742,Dallas,Mavericks,DAL,mavericks,203493,Reggie,Bullock Jr.,R. Bullock Jr.,reggie-bullock-jr,F,,,44:29,3,6,0.5,3,6,0.5,3,3,1.0,0,6,6,3,1,0,0,2,12,2.0,2021-22,Playoffs
0042100173,1610612742,Dallas,Mavericks,DAL,mavericks,1627827,Dorian,Finney-Smith,D. Finney-Smith,dorian-finney-smith,F,,,46:49,6,12,0.5,2,7,0.286,0,0,0.0,1,7,8,2,4,0,1,4,14,12.0,2021-22,Playoffs
0042100173,1610612742,Dallas,Mavericks,DAL,mavericks,203939,Dwight,Powell,D. Powell,dwight-powell,C,,,13:18,0,1,0.0,0,1,0.0,0,0,0.0,1,3,4,0,0,0,2,5,0,-11.0,2021-22,Playoffs
0042100173,1610612742,Dallas,Mavericks,DAL,mavericks,203915,Spencer,Dinwiddie,S. Dinwiddie,spencer-dinwiddie,G,,,40:46,6,21,0.286,2,7,0.286,6,7,0.857,2,3,5,6,3,0,2,6,20,8.0,2021-22,Playoffs
0042100173,1610612742,Dallas,Mavericks,DAL,mavericks,1628973,Jalen,Brunson,J. Brunson,jalen-brunson,G,,,35:05,12,22,0.545,0,4,0.0,7,7,1.0,0,1,1,6,0,0,1,2,31,-1.0,2021-22,Playoffs
0042100173,1610612742,Dallas,Mavericks,DAL,mavericks,1628467,Maxi,Kleber,M. Kleber,maxi-kleber,,,,22:20,6,7,0.857,4,5,0.8,1,2,0.5,1,2,3,1,0,0,1,5,17,10.0,2021-22,Playoffs
0042100173,1610612742,Dallas,Mavericks,DAL,mavericks,1630182,Josh,Green,J. Green,josh-green,,,,18:47,4,6,0.667,3,5,0.6,1,4,0.25,0,3,3,6,2,0,0,3,12,10.0,2021-22,Playoffs
0042100173,1610612742,Dallas,Mavericks,DAL,mavericks,202722,Davis,Bertans,D. Bertans,davis-bertans,,,,13:54,4,7,0.571,4,7,0.571,3,3,1.0,1,1,2,0,0,1,1,3,15,6.0,2021-22,Playoffs
0042100173,1610612742,Dallas,Mavericks,DAL,mavericks,203504,Trey,Burke,T. Burke,trey-burke,,,,4:08,0,1,0.0,0,0,0.0,3,3,1.0,0,0,0,0,0,0,0,2,3,5.0,2021-22,Playoffs
0042100173,1610612742,Dallas,Mavericks,DAL,mavericks,1628425,Sterling,Brown,S. Brown,sterling-brown,,,,0:26,0,0,0.0,0,0,0.0,2,2,1.0,0,0,0,0,0,0,0,0,2,-1.0,2021-22,Playoffs
0042100173,1610612742,Dallas,Mavericks,DAL,mavericks,1627737,Marquese,Chriss,M. Chriss,marquese-chriss,,DNP - Coach's Decision,,,0,0,0.0,0,0,0.0,0,0,0.0,0,0,0,0,0,0,0,0,0,0.0,2021-22,Playoffs
0042100173,1610612742,Dallas,Mavericks,DAL,mavericks,1629029,Luka,Dončić,L. Dončić,luka-dončić,,DNP - Injury/Illness,,,0,0,0.0,0,0,0.0,0,0,0.0,0,0,0,0,0,0,0,0,0,0.0,2021-22,Playoffs
0042100173,1610612742,Dallas,Mavericks,DAL,mavericks,1626246,Boban,Marjanović,B. Marjanović,boban-marjanović,,DNP - Coach's Decision,,,0,0,0.0,0,0,0.0,0,0,0.0,0,0,0,0,0,0,0,0,0,0.0,2021-22,Playoffs
0042100173,1610612742,Dallas,Mavericks,DAL,mavericks,1628373,Frank,Ntilikina,F. Ntilikina,frank-ntilikina,,DNP - Injury/Illness,,,0,0,0.0,0,0,0.0,0,0,0.0,0,0,0,0,0,0,0,0,0,0.0,2021-22,Playoffs
0042100174,1610612762,Utah,Jazz,UTA,jazz,202711,Bojan,Bogdanović,B. Bogdanović,bojan-bogdanović,F,,,38:47,4,10,0.4,1,5,0.2,3,4,0.75,0,4,4,2,0,0,1,5,12,-4.0,2021-22,Playoffs
0042100174,1610612762,Utah,Jazz,UTA,jazz,1626220,Royce,O'Neale,R. O'Neale,royce-oneale,F,,,33:18,3,8,0.375,1,6,0.167,0,0,0.0,0,6,6,3,0,0,0,1,7,-5.0,2021-22,Playoffs
0042100174,1610612762,Utah,Jazz,UTA,jazz,203497,Rudy,Gobert,R. Gobert,rudy-gobert,C,,,32:24,4,8,0.5,0,0,0.0,9,18,0.5,10,5,15,1,0,0,2,4,17,1.0,2021-22,Playoffs
0042100174,1610612762,Utah,Jazz,UTA,jazz,1628378,Donovan,Mitchell,D. Mitchell,donovan-mitchell,G,,,37:48,7,21,0.333,2,10,0.2,7,9,0.778,1,5,6,7,2,0,1,3,23,-4.0,2021-22,Playoffs
0042100174,1610612762,Utah,Jazz,UTA,jazz,201144,Mike,Conley,M. Conley,mike-conley,G,,,23:59,2,8,0.25,1,4,0.25,1,2,0.5,0,2,2,4,0,0,0,1,6,-4.0,2021-22,Playoffs
0042100174,1610612762,Utah,Jazz,UTA,jazz,202355,Hassan,Whiteside,H. Whiteside,hassan-whiteside,,,,13:30,1,1,1.0,0,0,0.0,0,2,0.0,1,4,5,0,1,3,0,2,2,2.0,2021-22,Playoffs
0042100174,1610612762,Utah,Jazz,UTA,jazz,203903,Jordan,Clarkson,J. Clarkson,jordan-clarkson,,,,36:09,9,16,0.563,3,5,0.6,4,5,0.8,1,3,4,0,1,0,3,3,25,18.0,2021-22,Playoffs
0042100174,1610612762,Utah,Jazz,UTA,jazz,1627863,Danuel,House Jr.,D. House Jr.,danuel-house-jr,,,,12:46,0,4,0.0,0,2,0.0,2,2,1.0,0,2,2,0,0,0,1,2,2,-2.0,2021-22,Playoffs
0042100174,1610612762,Utah,Jazz,UTA,jazz,1627823,Juancho,Hernangomez,J. Hernangomez,juancho-hernangomez,,,,9:13,2,3,0.667,2,3,0.667,0,0,0.0,0,1,1,0,0,0,0,0,6,5.0,2021-22,Playoffs
0042100174,1610612762,Utah,Jazz,UTA,jazz,1629672,Eric,Paschall,E. Paschall,eric-paschall,,,,2:06,0,0,0.0,0,0,0.0,0,0,0.0,0,1,1,0,0,0,0,0,0,-2.0,2021-22,Playoffs
0042100174,1610612762,Utah,Jazz,UTA,jazz,1629638,Nickeil,Alexander-Walker,N. Alexander-Walker,nickeil-alexander-walker,,DNP - Coach's Decision,,,0,0,0.0,0,0,0.0,0,0,0.0,0,0,0,0,0,0,0,0,0,0.0,2021-22,Playoffs
0042100174,1610612762,Utah,Jazz,UTA,jazz,1630215,Jared,Butler,J. Butler,jared-butler,,DNP - Coach's Decision,,,0,0,0.0,0,0,0.0,0,0,0.0,0,0,0,0,0,0,0,0,0,0.0,2021-22,Playoffs
0042100174,1610612762,Utah,Jazz,UTA,jazz,200752,Rudy,Gay,R. Gay,rudy-gay,,DNP - Coach's Decision,,,0,0,0.0,0,0,0.0,0,0,0.0,0,0,0,0,0,0,0,0,0,0.0,2021-22,Playoffs
0042100174,1610612742,Dallas,Mavericks,DAL,mavericks,203493,Reggie,Bullock Jr.,R. Bullock Jr.,reggie-bullock-jr,F,,,45:40,4,9,0.444,3,8,0.375,0,0,0.0,1,6,7,1,0,1,0,2,11,-2.0,2021-22,Playoffs
0042100174,1610612742,Dallas,Mavericks,DAL,mavericks,1627827,Dorian,Finney-Smith,D. Finney-Smith,dorian-finney-smith,F,,,39:47,4,7,0.571,3,6,0.5,0,0,0.0,1,3,4,3,1,1,1,2,11,5.0,2021-22,Playoffs
0042100174,1610612742,Dallas,Mavericks,DAL,mavericks,203939,Dwight,Powell,D. Powell,dwight-powell,C,,,23:49,3,3,1.0,0,0,0.0,5,8,0.625,2,5,7,1,0,0,2,3,11,6.0,2021-22,Playoffs
0042100174,1610612742,Dallas,Mavericks,DAL,mavericks,1628973,Jalen,Brunson,J. Brunson,jalen-brunson,G,,,35:19,7,18,0.389,2,5,0.4,7,8,0.875,1,4,5,3,0,0,0,3,23,6.0,2021-22,Playoffs
0042100174,1610612742,Dallas,Mavericks,DAL,mavericks,1629029,Luka,Dončić,L. Dončić,luka-dončić,G,,,33:44,11,21,0.524,4,10,0.4,4,4,1.0,0,10,10,4,2,0,4,3,30,7.0,2021-22,Playoffs
0042100174,1610612742,Dallas,Mavericks,DAL,mavericks,203915,Spencer,Dinwiddie,S. Dinwiddie,spencer-dinwiddie,,,,23:50,2,9,0.222,1,5,0.2,0,0,0.0,2,0,2,3,1,0,2,4,5,-14.0,2021-22,Playoffs
0042100174,1610612742,Dallas,Mavericks,DAL,mavericks,1628467,Maxi,Kleber,M. Kleber,maxi-kleber,,,,18:23,1,4,0.25,1,4,0.25,0,0,0.0,0,6,6,0,0,0,1,6,3,-5.0,2021-22,Playoffs
0042100174,1610612742,Dallas,Mavericks,DAL,mavericks,1630182,Josh,Green,J. Green,josh-green,,,,16:15,1,4,0.25,1,4,0.25,1,2,0.5,0,1,1,0,0,0,0,3,4,-9.0,2021-22,Playoffs
0042100174,1610612742,Dallas,Mavericks,DAL,mavericks,202722,Davis,Bertans,D. Bertans,davis-bertans,,,,3:13,0,2,0.0,0,2,0.0,1,1,1.0,0,1,1,0,0,0,1,3,1,1.0,2021-22,Playoffs
0042100174,1610612742,Dallas,Mavericks,DAL,mavericks,1628425,Sterling,Brown,S. Brown,sterling-brown,,DNP - Coach's Decision,,,0,0,0.0,0,0,0.0,0,0,0.0,0,0,0,0,0,0,0,0,0,0.0,2021-22,Playoffs
0042100174,1610612742,Dallas,Mavericks,DAL,mavericks,203504,Trey,Burke,T. Burke,trey-burke,,DNP - Coach's Decision,,,0,0,0.0,0,0,0.0,0,0,0.0,0,0,0,0,0,0,0,0,0,0.0,2021-22,Playoffs
0042100174,1610612742,Dallas,Mavericks,DAL,mavericks,1627737,Marquese,Chriss,M. Chriss,marquese-chriss,,DNP - Coach's Decision,,,0,0,0.0,0,0,0.0,0,0,0.0,0,0,0,0,0,0,0,0,0,0.0,2021-22,Playoffs
0042100174,1610612742,Dallas,Mavericks,DAL,mavericks,1626246,Boban,Marjanović,B. Marjanović,boban-marjanović,,DNP - Coach's Decision,,,0,0,0.0,0,0,0.0,0,0,0.0,0,0,0,0,0,0,0,0,0,0.0,2021-22,Playoffs
0042100174,1610612742,Dallas,Mavericks,DAL,mavericks,1628373,Frank,Ntilikina,F. Ntilikina,frank-ntilikina,,DNP - Injury/Illness,,,0,0,0.0,0,0,0.0,0,0,0.0,0,0,0,0,0,0,0,0,0,0.0,2021-22,Playoffs
0042100175,1610612742,Dallas,Mavericks,DAL,mavericks,203493,Reggie,Bullock Jr.,R. Bullock Jr.,reggie-bullock-jr,F,,,30:53,3,9,0.333,3,9,0.333,0,0,0.0,1,6,7,2,3,0,0,2,9,31.0,2021-22,Playoffs
0042100175,1610612742,Dallas,Mavericks,DAL,mavericks,1627827,Dorian,Finney-Smith,D. Finney-Smith,dorian-finney-smith,F,,,40:58,4,11,0.364,3,7,0.429,2,2,1.0,3,2,5,4,1,0,2,3,13,29.0,2021-22,Playoffs
0042100175,1610612742,Dallas,Mavericks,DAL,mavericks,203939,Dwight,Powell,D. Powell,dwight-powell,C,,,20:23,4,4,1.0,0,0,0.0,0,0,0.0,1,3,4,0,0,0,0,2,8,14.0,2021-22,Playoffs
0042100175,1610612742,Dallas,Mavericks,DAL,mavericks,1628973,Jalen,Brunson,J. Brunson,jalen-brunson,G,,,36:34,9,20,0.45,1,7,0.143,5,5,1.0,2,3,5,4,1,0,1,2,24,23.0,2021-22,Playoffs
0042100175,1610612742,Dallas,Mavericks,DAL,mavericks,1629029,Luka,Dončić,L. Dončić,luka-dončić,G,,,32:46,11,22,0.5,3,10,0.3,8,12,0.667,0,13,13,5,0,1,5,4,33,32.0,2021-22,Playoffs
0042100175,1610612742,Dallas,Mavericks,DAL,mavericks,203915,Spencer,Dinwiddie,S. Dinwiddie,spencer-dinwiddie,,,,27:55,3,8,0.375,2,5,0.4,1,2,0.5,1,3,4,1,0,0,1,2,9,1.0,2021-22,Playoffs
0042100175,1610612742,Dallas,Mavericks,DAL,mavericks,1628467,Maxi,Kleber,M. Kleber,maxi-kleber,,,,20:07,0,1,0.0,0,1,0.0,0,0,0.0,1,4,5,0,0,0,0,0,0,15.0,2021-22,Playoffs
0042100175,1610612742,Dallas,Mavericks,DAL,mavericks,1630182,Josh,Green,J. Green,josh-green,,,,13:60,0,3,0.0,0,3,0.0,0,0,0.0,0,1,1,0,0,0,0,2,0,-9.0,2021-22,Playoffs
0042100175,1610612742,Dallas,Mavericks,DAL,mavericks,202722,Davis,Bertans,D. Bertans,davis-bertans,,,,6:24,0,0,0.0,0,0,0.0,0,0,0.0,1,0,1,0,1,0,0,1,0,-2.0,2021-22,Playoffs
0042100175,1610612742,Dallas,Mavericks,DAL,mavericks,203504,Trey,Burke,T. Burke,trey-burke,,,,4:40,2,4,0.5,0,1,0.0,0,0,0.0,0,1,1,0,0,0,0,0,4,-4.0,2021-22,Playoffs
0042100175,1610612742,Dallas,Mavericks,DAL,mavericks,1627737,Marquese,Chriss,M. Chriss,marquese-chriss,,,,4:05,1,2,0.5,0,0,0.0,0,0,0.0,1,1,2,0,0,0,0,0,2,-3.0,2021-22,Playoffs
0042100175,1610612742,Dallas,Mavericks,DAL,mavericks,1626246,Boban,Marjanović,B. Marjanović,boban-marjanović,,,,1:15,0,1,0.0,0,0,0.0,0,0,0.0,0,1,1,0,0,0,1,0,0,-2.0,2021-22,Playoffs
0042100175,1610612742,Dallas,Mavericks,DAL,mavericks,1628425,Sterling,Brown,S. Brown,sterling-brown,,DNP - Coach's Decision,,,0,0,0.0,0,0,0.0,0,0,0.0,0,0,0,0,0,0,0,0,0,0.0,2021-22,Playoffs
0042100175,1610612742,Dallas,Mavericks,DAL,mavericks,1628373,Frank,Ntilikina,F. Ntilikina,frank-ntilikina,,DNP - Coach's Decision,,,0,0,0.0,0,0,0.0,0,0,0.0,0,0,0,0,0,0,0,0,0,0.0,2021-22,Playoffs
0042100175,1610612762,Utah,Jazz,UTA,jazz,202711,Bojan,Bogdanović,B. Bogdanović,bojan-bogdanović,F,,,27:42,0,9,0.0,0,5,0.0,2,3,0.667,1,0,1,1,0,0,2,3,2,-37.0,2021-22,Playoffs
0042100175,1610612762,Utah,Jazz,UTA,jazz,1626220,Royce,O'Neale,R. O'Neale,royce-oneale,F,,,22:12,2,6,0.333,1,5,0.2,0,0,0.0,0,3,3,1,1,0,1,1,5,-29.0,2021-22,Playoffs
0042100175,1610612762,Utah,Jazz,UTA,jazz,203497,Rudy,Gobert,R. Gobert,rudy-gobert,C,,,26:56,6,7,0.857,0,0,0.0,5,7,0.714,4,7,11,0,1,0,1,5,17,-8.0,2021-22,Playoffs
0042100175,1610612762,Utah,Jazz,UTA,jazz,1628378,Donovan,Mitchell,D. Mitchell,donovan-mitchell,G,,,31:35,4,15,0.267,0,7,0.0,1,1,1.0,0,2,2,1,1,0,4,1,9,-38.0,2021-22,Playoffs
0042100175,1610612762,Utah,Jazz,UTA,jazz,201144,Mike,Conley,M. Conley,mike-conley,G,,,27:08,1,6,0.167,0,3,0.0,2,3,0.667,0,1,1,5,0,0,2,5,4,-7.0,2021-22,Playoffs
0042100175,1610612762,Utah,Jazz,UTA,jazz,203903,Jordan,Clarkson,J. Clarkson,jordan-clarkson,,,,32:09,9,15,0.6,0,4,0.0,2,2,1.0,0,4,4,3,2,0,1,3,20,-17.0,2021-22,Playoffs
0042100175,1610612762,Utah,Jazz,UTA,jazz,202355,Hassan,Whiteside,H. Whiteside,hassan-whiteside,,,,13:04,1,4,0.25,0,0,0.0,0,0,0.0,1,5,6,0,1,1,0,2,2,-18.0,2021-22,Playoffs
0042100175,1610612762,Utah,Jazz,UTA,jazz,1627863,Danuel,House Jr.,D. House Jr.,danuel-house-jr,,,,22:56,2,3,0.667,1,1,1.0,3,4,0.75,0,4,4,0,0,1,0,1,8,12.0,2021-22,Playoffs
0042100175,1610612762,Utah,Jazz,UTA,jazz,1627823,Juancho,Hernangomez,J. Hernangomez,juancho-hernangomez,,,,18:56,2,6,0.333,1,5,0.2,0,0,0.0,1,3,4,0,1,0,2,2,5,8.0,2021-22,Playoffs
0042100175,1610612762,Utah,Jazz,UTA,jazz,1629672,Eric,Paschall,E. Paschall,eric-paschall,,,,8:00,0,2,0.0,0,0,0.0,0,0,0.0,0,2,2,0,0,0,0,1,0,1.0,2021-22,Playoffs
0042100175,1610612762,Utah,Jazz,UTA,jazz,1629638,Nickeil,Alexander-Walker,N. Alexander-Walker,nickeil-alexander-walker,,,,4:41,2,2,1.0,0,0,0.0,1,1,1.0,0,1,1,1,1,0,0,0,5,4.0,2021-22,Playoffs
0042100175,1610612762,Utah,Jazz,UTA,jazz,1630215,Jared,Butler,J. Butler,jared-butler,,,,4:41,0,2,0.0,0,0,0.0,0,0,0.0,0,1,1,0,0,0,0,0,0,4.0,2021-22,Playoffs
0042100175,1610612762,Utah,Jazz,UTA,jazz,200752,Rudy,Gay,R. Gay,rudy-gay,,DNP - Coach's Decision,,,0,0,0.0,0,0,0.0,0,0,0.0,0,0,0,0,0,0,0,0,0,0.0,2021-22,Playoffs
0042100176,1610612762,Utah,Jazz,UTA,jazz,202711,Bojan,Bogdanović,B. Bogdanović,bojan-bogdanović,F,,,35:34,7,15,0.467,3,6,0.5,2,4,0.5,1,3,4,1,1,0,2,5,19,0.0,2021-22,Playoffs
0042100176,1610612762,Utah,Jazz,UTA,jazz,1626220,Royce,O'Neale,R. O'Neale,royce-oneale,F,,,33:07,4,9,0.444,0,5,0.0,0,0,0.0,1,5,6,0,1,1,0,4,8,11.0,2021-22,Playoffs
0042100176,1610612762,Utah,Jazz,UTA,jazz,203497,Rudy,Gobert,R. Gobert,rudy-gobert,C,,,35:37,3,6,0.5,0,0,0.0,4,4,1.0,1,11,12,0,0,0,0,0,10,4.0,2021-22,Playoffs
0042100176,1610612762,Utah,Jazz,UTA,jazz,1628378,Donovan,Mitchell,D. Mitchell,donovan-mitchell,G,,,38:51,9,17,0.529,2,7,0.286,3,4,0.75,1,7,8,9,0,1,5,2,23,3.0,2021-22,Playoffs
0042100176,1610612762,Utah,Jazz,UTA,jazz,201144,Mike,Conley,M. Conley,mike-conley,G,,,31:02,4,10,0.4,1,6,0.167,2,2,1.0,0,4,4,8,1,1,3,2,11,2.0,2021-22,Playoffs
0042100176,1610612762,Utah,Jazz,UTA,jazz,202355,Hassan,Whiteside,H. Whiteside,hassan-whiteside,,,,8:25,0,1,0.0,0,0,0.0,0,0,0.0,1,3,4,0,0,0,0,0,0,-7.0,2021-22,Playoffs
0042100176,1610612762,Utah,Jazz,UTA,jazz,203903,Jordan,Clarkson,J. Clarkson,jordan-clarkson,,,,29:27,5,15,0.333,2,6,0.333,3,4,0.75,4,2,6,1,0,1,1,1,15,-5.0,2021-22,Playoffs
0042100176,1610612762,Utah,Jazz,UTA,jazz,1627863,Danuel,House Jr.,D. House Jr.,danuel-house-jr,,,,14:54,2,6,0.333,0,3,0.0,1,2,0.5,1,1,2,0,0,0,0,1,5,-14.0,2021-22,Playoffs
0042100176,1610612762,Utah,Jazz,UTA,jazz,1627823,Juancho,Hernangomez,J. Hernangomez,juancho-hernangomez,,,,9:09,1,4,0.25,1,2,0.5,0,0,0.0,0,1,1,1,1,0,0,0,3,-5.0,2021-22,Playoffs
0042100176,1610612762,Utah,Jazz,UTA,jazz,1629672,Eric,Paschall,E. Paschall,eric-paschall,,,,3:54,1,1,1.0,0,0,0.0,0,0,0.0,1,0,1,0,1,0,0,0,2,1.0,2021-22,Playoffs
0042100176,1610612762,Utah,Jazz,UTA,jazz,1629638,Nickeil,Alexander-Walker,N. Alexander-Walker,nickeil-alexander-walker,,DNP - Coach's Decision,,,0,0,0.0,0,0,0.0,0,0,0.0,0,0,0,0,0,0,0,0,0,0.0,2021-22,Playoffs
0042100176,1610612762,Utah,Jazz,UTA,jazz,1630215,Jared,Butler,J. Butler,jared-butler,,DNP - Coach's Decision,,,0,0,0.0,0,0,0.0,0,0,0.0,0,0,0,0,0,0,0,0,0,0.0,2021-22,Playoffs
0042100176,1610612762,Utah,Jazz,UTA,jazz,200752,Rudy,Gay,R. Gay,rudy-gay,,DNP - Coach's Decision,,,0,0,0.0,0,0,0.0,0,0,0.0,0,0,0,0,0,0,0,0,0,0.0,2021-22,Playoffs
0042100176,1610612742,Dallas,Mavericks,DAL,mavericks,203493,Reggie,Bullock Jr.,R. Bullock Jr.,reggie-bullock-jr,F,,,44:00,2,6,0.333,2,6,0.333,0,0,0.0,0,6,6,2,2,0,1,5,6,9.0,2021-22,Playoffs
0042100176,1610612742,Dallas,Mavericks,DAL,mavericks,1627827,Dorian,Finney-Smith,D. Finney-Smith,dorian-finney-smith,F,,,45:39,7,13,0.538,4,9,0.444,0,0,0.0,2,8,10,5,0,0,0,3,18,8.0,2021-22,Playoffs
0042100176,1610612742,Dallas,Mavericks,DAL,mavericks,203939,Dwight,Powell,D. Powell,dwight-powell,C,,,10:44,0,2,0.0,0,0,0.0,0,0,0.0,0,1,1,0,0,0,1,2,0,0.0,2021-22,Playoffs
0042100176,1610612742,Dallas,Mavericks,DAL,mavericks,1628973,Jalen,Brunson,J. Brunson,jalen-brunson,G,,,38:01,9,17,0.529,2,4,0.5,4,6,0.667,0,3,3,2,2,0,0,0,24,-16.0,2021-22,Playoffs
0042100176,1610612742,Dallas,Mavericks,DAL,mavericks,1629029,Luka,Dončić,L. Dončić,luka-dončić,G,,,42:06,8,21,0.381,4,10,0.4,4,4,1.0,0,9,9,8,2,2,3,3,24,15.0,2021-22,Playoffs
0042100176,1610612742,Dallas,Mavericks,DAL,mavericks,1628467,Maxi,Kleber,M. Kleber,maxi-kleber,,,,23:18,3,7,0.429,1,5,0.2,0,0,0.0,0,6,6,3,0,1,3,1,7,-6.0,2021-22,Playoffs
0042100176,1610612742,Dallas,Mavericks,DAL,mavericks,1630182,Josh,Green,J. Green,josh-green,,,,2:21,0,1,0.0,0,1,0.0,0,0,0.0,1,0,1,0,0,0,0,0,0,-6.0,2021-22,Playoffs
0042100176,1610612742,Dallas,Mavericks,DAL,mavericks,203915,Spencer,Dinwiddie,S. Dinwiddie,spencer-dinwiddie,,,,31:30,7,12,0.583,4,7,0.571,1,1,1.0,0,1,1,2,0,1,1,4,19,12.0,2021-22,Playoffs
0042100176,1610612742,Dallas,Mavericks,DAL,mavericks,202722,Davis,Bertans,D. Bertans,davis-bertans,,,,2:21,0,1,0.0,0,1,0.0,0,0,0.0,0,0,0,0,0,0,0,1,0,-6.0,2021-22,Playoffs
0042100176,1610612742,Dallas,Mavericks,DAL,mavericks,1628425,Sterling,Brown,S. Brown,sterling-brown,,DNP - Coach's Decision,,,0,0,0.0,0,0,0.0,0,0,0.0,0,0,0,0,0,0,0,0,0,0.0,2021-22,Playoffs
0042100176,1610612742,Dallas,Mavericks,DAL,mavericks,203504,Trey,Burke,T. Burke,trey-burke,,DNP - Coach's Decision,,,0,0,0.0,0,0,0.0,0,0,0.0,0,0,0,0,0,0,0,0,0,0.0,2021-22,Playoffs
0042100176,1610612742,Dallas,Mavericks,DAL,mavericks,1627737,Marquese,Chriss,M. Chriss,marquese-chriss,,DNP - Coach's Decision,,,0,0,0.0,0,0,0.0,0,0,0.0,0,0,0,0,0,0,0,0,0,0.0,2021-22,Playoffs
0042100176,1610612742,Dallas,Mavericks,DAL,mavericks,1626246,Boban,Marjanović,B. Marjanović,boban-marjanović,,DNP - Coach's Decision,,,0,0,0.0,0,0,0.0,0,0,0.0,0,0,0,0,0,0,0,0,0,0.0,2021-22,Playoffs
0042100176,1610612742,Dallas,Mavericks,DAL,mavericks,1628373,Frank,Ntilikina,F. Ntilikina,frank-ntilikina,,DNP - Coach's Decision,,,0,0,0.0,0,0,0.0,0,0,0.0,0,0,0,0,0,0,0,0,0,0.0,2021-22,Playoffs
0042100201,1610612748,Miami,Heat,MIA,heat,202710,Jimmy,Butler III,J. Butler III,jimmy-butler-iii,F,,,30:20,5,16,0.313,1,4,0.25,4,4,1.0,2,7,9,3,2,0,2,1,15,2.0,2021-22,Playoffs
0042100201,1610612748,Miami,Heat,MIA,heat,200782,P.J.,Tucker,P. Tucker,pj-tucker,F,,,27:53,4,9,0.444,2,4,0.5,0,0,0.0,5,2,7,1,0,0,1,2,10,9.0,2021-22,Playoffs
0042100201,1610612748,Miami,Heat,MIA,heat,1628389,Bam,Adebayo,B. Adebayo,bam-adebayo,C,,,33:47,8,10,0.8,0,0,0.0,8,8,1.0,3,9,12,4,2,1,3,2,24,26.0,2021-22,Playoffs
0042100201,1610612748,Miami,Heat,MIA,heat,1629622,Max,Strus,M. Strus,max-strus,G,,,32:51,2,8,0.25,1,7,0.143,0,0,0.0,1,4,5,0,0,0,1,1,5,27.0,2021-22,Playoffs
0042100201,1610612748,Miami,Heat,MIA,heat,1629216,Gabe,Vincent,G. Vincent,gabe-vincent,G,,,29:10,4,12,0.333,1,7,0.143,1,1,1.0,1,2,3,3,1,0,2,2,10,1.0,2021-22,Playoffs
0042100201,1610612748,Miami,Heat,MIA,heat,1629639,Tyler,Herro,T. Herro,tyler-herro,,,,29:18,9,17,0.529,4,6,0.667,3,3,1.0,1,0,1,7,0,0,0,0,25,4.0,2021-22,Playoffs
0042100201,1610612748,Miami,Heat,MIA,heat,203473,Dewayne,Dedmon,D. Dedmon,dewayne-dedmon,,,,4:13,0,1,0.0,0,0,0.0,0,0,0.0,0,0,0,0,0,0,0,5,0,-1.0,2021-22,Playoffs
0042100201,1610612748,Miami,Heat,MIA,heat,203506,Victor,Oladipo,V. Oladipo,victor-oladipo,,,,26:49,2,8,0.25,0,5,0.0,1,2,0.5,0,5,5,2,0,1,1,2,5,-1.0,2021-22,Playoffs
0042100201,1610612748,Miami,Heat,MIA,heat,1628997,Caleb,Martin,C. Martin,caleb-martin,,,,21:02,3,7,0.429,0,3,0.0,0,0,0.0,2,3,5,1,0,0,1,2,6,8.0,2021-22,Playoffs
0042100201,1610612748,Miami,Heat,MIA,heat,1630209,Omer,Yurtseven,O. Yurtseven,omer-yurtseven,,,,4:36,3,4,0.75,0,0,0.0,0,0,0.0,0,0,0,0,0,0,0,1,6,-5.0,2021-22,Playoffs
0042100201,1610612748,Miami,Heat,MIA,heat,2617,Udonis,Haslem,U. Haslem,udonis-haslem,,DNP - Coach's Decision,,,0,0,0.0,0,0,0.0,0,0,0.0,0,0,0,0,0,0,0,0,0,0.0,2021-22,Playoffs
0042100201,1610612748,Miami,Heat,MIA,heat,1629312,Haywood,Highsmith,H. Highsmith,haywood-highsmith,,DNP - Coach's Decision,,,0,0,0.0,0,0,0.0,0,0,0.0,0,0,0,0,0,0,0,0,0,0.0,2021-22,Playoffs
0042100201,1610612748,Miami,Heat,MIA,heat,202693,Markieff,Morris,M. Morris,markieff-morris,,DNP - Coach's Decision,,,0,0,0.0,0,0,0.0,0,0,0.0,0,0,0,0,0,0,0,0,0,0.0,2021-22,Playoffs
0042100201,1610612748,Miami,Heat,MIA,heat,1629130,Duncan,Robinson,D. Robinson,duncan-robinson,,DNP - Coach's Decision,,,0,0,0.0,0,0,0.0,0,0,0.0,0,0,0,0,0,0,0,0,0,0.0,2021-22,Playoffs
0042100201,1610612755,Philadelphia,76ers,PHI,sixers,201980,Danny,Green,D. Green,danny-green,F,,,26:27,2,6,0.333,1,5,0.2,0,0,0.0,1,3,4,1,0,0,0,2,5,-2.0,2021-22,Playoffs
0042100201,1610612755,Philadelphia,76ers,PHI,sixers,202699,Tobias,Harris,T. Harris,tobias-harris,F,,,36:49,11,18,0.611,1,4,0.25,4,5,0.8,1,5,6,1,0,1,3,1,27,-25.0,2021-22,Playoffs
0042100201,1610612755,Philadelphia,76ers,PHI,sixers,201599,DeAndre,Jordan,D. Jordan,deandre-jordan,C,,,17:16,2,2,1.0,0,0,0.0,0,0,0.0,0,2,2,0,0,2,2,2,4,-22.0,2021-22,Playoffs
0042100201,1610612755,Philadelphia,76ers,PHI,sixers,1630178,Tyrese,Maxey,T. Maxey,tyrese-maxey,G,,,35:20,6,15,0.4,1,6,0.167,6,6,1.0,0,0,0,2,0,0,2,0,19,-25.0,2021-22,Playoffs
0042100201,1610612755,Philadelphia,76ers,PHI,sixers,201935,James,Harden,J. Harden,james-harden,G,,,34:35,5,13,0.385,2,7,0.286,4,4,1.0,1,8,9,5,0,0,5,2,16,-8.0,2021-22,Playoffs
0042100201,1610612755,Philadelphia,76ers,PHI,sixers,1630194,Paul,Reed,P. Reed,paul-reed,,,,13:03,2,6,0.333,0,0,0.0,0,0,0.0,5,4,9,4,1,1,1,5,4,-3.0,2021-22,Playoffs
0042100201,1610612755,Philadelphia,76ers,PHI,sixers,1629003,Shake,Milton,S. Milton,shake-milton,,,,15:03,1,3,0.333,0,1,0.0,2,2,1.0,0,1,1,1,0,0,1,1,4,7.0,2021-22,Playoffs
0042100201,1610612755,Philadelphia,76ers,PHI,sixers,1627777,Georges,Niang,G. Niang,georges-niang,,,,21:39,0,7,0.0,0,7,0.0,0,0,0.0,0,0,0,1,2,0,0,2,0,6.0,2021-22,Playoffs
0042100201,1610612755,Philadelphia,76ers,PHI,sixers,1629680,Matisse,Thybulle,M. Thybulle,matisse-thybulle,,,,15:23,1,3,0.333,0,2,0.0,0,0,0.0,0,2,2,1,1,1,0,1,2,-4.0,2021-22,Playoffs
0042100201,1610612755,Philadelphia,76ers,PHI,sixers,200794,Paul,Millsap,P. Millsap,paul-millsap,,,,5:38,0,0,0.0,0,0,0.0,0,0,0.0,0,1,1,1,0,0,0,1,0,-2.0,2021-22,Playoffs
0042100201,1610612755,Philadelphia,76ers,PHI,sixers,1627788,Furkan,Korkmaz,F. Korkmaz,furkan-korkmaz,,,,9:32,3,5,0.6,1,2,0.5,2,2,1.0,0,1,1,0,0,1,0,0,9,-2.0,2021-22,Playoffs
0042100201,1610612755,Philadelphia,76ers,PHI,sixers,1630198,Isaiah,Joe,I. Joe,isaiah-joe,,,,4:40,0,0,0.0,0,0,0.0,0,0,0.0,0,0,0,0,0,0,0,0,0,5.0,2021-22,Playoffs
0042100201,1610612755,Philadelphia,76ers,PHI,sixers,1629646,Charles,Bassey,C. Bassey,charles-bassey,,,,4:36,1,1,1.0,0,0,0.0,0,1,0.0,1,1,2,1,0,0,0,0,2,5.0,2021-22,Playoffs
0042100201,1610612755,Philadelphia,76ers,PHI,sixers,1630531,Jaden,Springer,J. Springer,jaden-springer,,DNP - Coach's Decision,,,0,0,0.0,0,0,0.0,0,0,0.0,0,0,0,0,0,0,0,0,0,0.0,2021-22,Playoffs
0042100202,1610612748,Miami,Heat,MIA,heat,202710,Jimmy,Butler III,J. Butler III,jimmy-butler-iii,F,,,37:19,8,15,0.533,1,3,0.333,5,7,0.714,3,3,6,12,2,0,2,2,22,11.0,2021-22,Playoffs
0042100202,1610612748,Miami,Heat,MIA,heat,200782,P.J.,Tucker,P. Tucker,pj-tucker,F,,,25:46,2,6,0.333,2,3,0.667,0,0,0.0,0,1,1,0,1,0,1,3,6,-2.0,2021-22,Playoffs
0042100202,1610612748,Miami,Heat,MIA,heat,1628389,Bam,Adebayo,B. Adebayo,bam-adebayo,C,,,32:46,7,11,0.636,0,0,0.0,9,11,0.818,3,6,9,3,1,0,1,3,23,15.0,2021-22,Playoffs
0042100202,1610612748,Miami,Heat,MIA,heat,1629622,Max,Strus,M. Strus,max-strus,G,,,26:47,3,6,0.5,3,6,0.5,0,0,0.0,0,3,3,3,0,1,1,4,9,13.0,2021-22,Playoffs
0042100202,1610612748,Miami,Heat,MIA,heat,1629216,Gabe,Vincent,G. Vincent,gabe-vincent,G,,,28:01,3,7,0.429,1,4,0.25,0,0,0.0,0,3,3,3,0,0,2,3,7,10.0,2021-22,Playoffs
0042100202,1610612748,Miami,Heat,MIA,heat,203473,Dewayne,Dedmon,D. Dedmon,dewayne-dedmon,,,,10:34,2,5,0.4,0,2,0.0,3,4,0.75,1,4,5,0,0,1,1,0,7,6.0,2021-22,Playoffs
0042100202,1610612748,Miami,Heat,MIA,heat,1629639,Tyler,Herro,T. Herro,tyler-herro,,,,33:16,6,10,0.6,3,5,0.6,3,4,0.75,0,8,8,3,0,1,2,3,18,9.0,2021-22,Playoffs
0042100202,1610612748,Miami,Heat,MIA,heat,203506,Victor,Oladipo,V. Oladipo,victor-oladipo,,,,28:30,6,11,0.545,3,4,0.75,4,4,1.0,1,5,6,1,0,0,4,3,19,6.0,2021-22,Playoffs
0042100202,1610612748,Miami,Heat,MIA,heat,1628997,Caleb,Martin,C. Martin,caleb-martin,,,,13:20,2,5,0.4,1,2,0.5,1,1,1.0,0,2,2,0,1,0,0,1,6,3.0,2021-22,Playoffs
0042100202,1610612748,Miami,Heat,MIA,heat,1629312,Haywood,Highsmith,H. Highsmith,haywood-highsmith,,,,1:23,0,1,0.0,0,0,0.0,0,0,0.0,0,0,0,0,0,0,0,0,0,3.0,2021-22,Playoffs
0042100202,1610612748,Miami,Heat,MIA,heat,1630209,Omer,Yurtseven,O. Yurtseven,omer-yurtseven,,,,1:23,1,1,1.0,0,0,0.0,0,0,0.0,0,0,0,0,0,0,0,0,2,3.0,2021-22,Playoffs
0042100202,1610612748,Miami,Heat,MIA,heat,1629130,Duncan,Robinson,D. Robinson,duncan-robinson,,,,0:56,0,0,0.0,0,0,0.0,0,0,0.0,0,1,1,0,0,0,0,0,0,3.0,2021-22,Playoffs
0042100202,1610612748,Miami,Heat,MIA,heat,2617,Udonis,Haslem,U. Haslem,udonis-haslem,,DNP - Coach's Decision,,,0,0,0.0,0,0,0.0,0,0,0.0,0,0,0,0,0,0,0,0,0,0.0,2021-22,Playoffs
0042100202,1610612748,Miami,Heat,MIA,heat,202693,Markieff,Morris,M. Morris,markieff-morris,,DNP - Coach's Decision,,,0,0,0.0,0,0,0.0,0,0,0.0,0,0,0,0,0,0,0,0,0,0.0,2021-22,Playoffs
0042100202,1610612755,Philadelphia,76ers,PHI,sixers,201980,Danny,Green,D. Green,danny-green,F,,,23:19,1,10,0.1,1,9,0.111,0,0,0.0,0,2,2,0,2,0,1,1,3,-18.0,2021-22,Playoffs
0042100202,1610612755,Philadelphia,76ers,PHI,sixers,202699,Tobias,Harris,T. Harris,tobias-harris,F,,,38:20,9,17,0.529,2,5,0.4,1,1,1.0,0,4,4,4,4,0,0,4,21,-11.0,2021-22,Playoffs
0042100202,1610612755,Philadelphia,76ers,PHI,sixers,201599,DeAndre,Jordan,D. Jordan,deandre-jordan,C,,,13:24,3,3,1.0,0,0,0.0,0,0,0.0,1,4,5,1,0,0,0,2,6,-9.0,2021-22,Playoffs
0042100202,1610612755,Philadelphia,76ers,PHI,sixers,1630178,Tyrese,Maxey,T. Maxey,tyrese-maxey,G,,,43:27,12,22,0.545,1,4,0.25,9,11,0.818,1,2,3,1,2,0,0,1,34,-10.0,2021-22,Playoffs
0042100202,1610612755,Philadelphia,76ers,PHI,sixers,201935,James,Harden,J. Harden,james-harden,G,,,41:28,6,15,0.4,1,5,0.2,7,7,1.0,1,3,4,9,0,0,3,3,20,-10.0,2021-22,Playoffs
0042100202,1610612755,Philadelphia,76ers,PHI,sixers,1630194,Paul,Reed,P. Reed,paul-reed,,,,25:20,2,4,0.5,0,0,0.0,0,1,0.0,0,4,4,1,1,2,0,2,4,-2.0,2021-22,Playoffs
0042100202,1610612755,Philadelphia,76ers,PHI,sixers,1629680,Matisse,Thybulle,M. Thybulle,matisse-thybulle,,,,20:34,0,0,0.0,0,0,0.0,0,0,0.0,1,1,2,0,1,1,1,1,0,-6.0,2021-22,Playoffs
0042100202,1610612755,Philadelphia,76ers,PHI,sixers,1627788,Furkan,Korkmaz,F. Korkmaz,furkan-korkmaz,,,,18:15,3,8,0.375,2,4,0.5,0,0,0.0,1,5,6,0,0,0,1,4,8,-5.0,2021-22,Playoffs
0042100202,1610612755,Philadelphia,76ers,PHI,sixers,1627777,Georges,Niang,G. Niang,georges-niang,,,,10:21,2,4,0.5,1,3,0.333,0,0,0.0,0,2,2,1,0,0,0,6,5,3.0,2021-22,Playoffs
0042100202,1610612755,Philadelphia,76ers,PHI,sixers,1629003,Shake,Milton,S. Milton,shake-milton,,,,1:23,0,1,0.0,0,0,0.0,2,2,1.0,0,0,0,0,0,0,1,0,2,-3.0,2021-22,Playoffs
0042100202,1610612755,Philadelphia,76ers,PHI,sixers,1630198,Isaiah,Joe,I. Joe,isaiah-joe,,,,1:23,0,0,0.0,0,0,0.0,0,0,0.0,0,1,1,0,0,0,1,1,0,-3.0,2021-22,Playoffs
0042100202,1610612755,Philadelphia,76ers,PHI,sixers,1630531,Jaden,Springer,J. Springer,jaden-springer,,,,1:23,0,0,0.0,0,0,0.0,0,0,0.0,0,0,0,0,0,0,0,0,0,-3.0,2021-22,Playoffs
0042100202,1610612755,Philadelphia,76ers,PHI,sixers,1629646,Charles,Bassey,C. Bassey,charles-bassey,,,,1:23,0,0,0.0,0,0,0.0,0,0,0.0,0,1,1,0,0,1,0,0,0,-3.0,2021-22,Playoffs
0042100202,1610612755,Philadelphia,76ers,PHI,sixers,200794,Paul,Millsap,P. Millsap,paul-millsap,,DNP - Coach's Decision,,,0,0,0.0,0,0,0.0,0,0,0.0,0,0,0,0,0,0,0,0,0,0.0,2021-22,Playoffs
0042100203,1610612755,Philadelphia,76ers,PHI,sixers,201980,Danny,Green,D. Green,danny-green,F,,,33:44,7,9,0.778,7,9,0.778,0,0,0.0,0,4,4,0,1,0,2,3,21,17.0,2021-22,Playoffs
0042100203,1610612755,Philadelphia,76ers,PHI,sixers,202699,Tobias,Harris,T. Harris,tobias-harris,F,,,38:51,4,13,0.308,1,5,0.2,0,0,0.0,3,7,10,8,2,0,2,6,9,11.0,2021-22,Playoffs
0042100203,1610612755,Philadelphia,76ers,PHI,sixers,203954,Joel,Embiid,J. Embiid,joel-embiid,C,,,36:20,5,12,0.417,0,0,0.0,8,10,0.8,1,10,11,1,1,1,4,4,18,8.0,2021-22,Playoffs
0042100203,1610612755,Philadelphia,76ers,PHI,sixers,1630178,Tyrese,Maxey,T. Maxey,tyrese-maxey,G,,,38:36,7,11,0.636,5,6,0.833,2,2,1.0,0,2,2,6,2,0,2,2,21,17.0,2021-22,Playoffs
0042100203,1610612755,Philadelphia,76ers,PHI,sixers,201935,James,Harden,J. Harden,james-harden,G,,,37:53,4,11,0.364,1,7,0.143,8,8,1.0,1,7,8,6,0,1,7,4,17,27.0,2021-22,Playoffs
0042100203,1610612755,Philadelphia,76ers,PHI,sixers,1629680,Matisse,Thybulle,M. Thybulle,matisse-thybulle,,,,19:41,2,2,1.0,0,0,0.0,0,0,0.0,0,0,0,0,1,1,0,2,4,-7.0,2021-22,Playoffs
0042100203,1610612755,Philadelphia,76ers,PHI,sixers,1627777,Georges,Niang,G. Niang,georges-niang,,,,8:38,1,4,0.25,1,3,0.333,0,0,0.0,0,3,3,0,0,0,1,0,3,0.0,2021-22,Playoffs
0042100203,1610612755,Philadelphia,76ers,PHI,sixers,1627788,Furkan,Korkmaz,F. Korkmaz,furkan-korkmaz,,,,6:02,0,0,0.0,0,0,0.0,0,0,0.0,0,0,0,0,0,0,0,0,0,0.0,2021-22,Playoffs
0042100203,1610612755,Philadelphia,76ers,PHI,sixers,1630194,Paul,Reed,P. Reed,paul-reed,,,,11:40,1,1,1.0,0,0,0.0,0,0,0.0,1,2,3,1,0,0,0,2,2,12.0,2021-22,Playoffs
0042100203,1610612755,Philadelphia,76ers,PHI,sixers,1629003,Shake,Milton,S. Milton,shake-milton,,,,8:35,1,4,0.25,1,3,0.333,1,2,0.5,2,0,2,0,0,0,0,1,4,15.0,2021-22,Playoffs
0042100203,1610612755,Philadelphia,76ers,PHI,sixers,1629646,Charles,Bassey,C. Bassey,charles-bassey,,DNP - Coach's Decision,,,0,0,0.0,0,0,0.0,0,0,0.0,0,0,0,0,0,0,0,0,0,0.0,2021-22,Playoffs
0042100203,1610612755,Philadelphia,76ers,PHI,sixers,1630198,Isaiah,Joe,I. Joe,isaiah-joe,,DNP - Coach's Decision,,,0,0,0.0,0,0,0.0,0,0,0.0,0,0,0,0,0,0,0,0,0,0.0,2021-22,Playoffs
0042100203,1610612755,Philadelphia,76ers,PHI,sixers,201599,DeAndre,Jordan,D. Jordan,deandre-jordan,,DNP - Coach's Decision,,,0,0,0.0,0,0,0.0,0,0,0.0,0,0,0,0,0,0,0,0,0,0.0,2021-22,Playoffs
0042100203,1610612755,Philadelphia,76ers,PHI,sixers,200794,Paul,Millsap,P. Millsap,paul-millsap,,DNP - Coach's Decision,,,0,0,0.0,0,0,0.0,0,0,0.0,0,0,0,0,0,0,0,0,0,0.0,2021-22,Playoffs
0042100203,1610612755,Philadelphia,76ers,PHI,sixers,1630531,Jaden,Springer,J. Springer,jaden-springer,,DNP - Coach's Decision,,,0,0,0.0,0,0,0.0,0,0,0.0,0,0,0,0,0,0,0,0,0,0.0,2021-22,Playoffs
0042100203,1610612748,Miami,Heat,MIA,heat,202710,Jimmy,Butler III,J. Butler III,jimmy-butler-iii,F,,,38:13,12,22,0.545,1,5,0.2,8,10,0.8,3,7,10,2,2,0,3,2,33,-4.0,2021-22,Playoffs
0042100203,1610612748,Miami,Heat,MIA,heat,200782,P.J.,Tucker,P. Tucker,pj-tucker,F,,,34:32,2,3,0.667,0,1,0.0,0,0,0.0,3,5,8,1,2,0,1,3,4,-14.0,2021-22,Playoffs
0042100203,1610612748,Miami,Heat,MIA,heat,1628389,Bam,Adebayo,B. Adebayo,bam-adebayo,C,,,33:36,2,9,0.222,0,0,0.0,5,8,0.625,0,3,3,1,2,0,3,5,9,-22.0,2021-22,Playoffs
0042100203,1610612748,Miami,Heat,MIA,heat,1629622,Max,Strus,M. Strus,max-strus,G,,,27:04,3,11,0.273,3,11,0.273,0,0,0.0,0,1,1,1,3,1,1,1,9,-15.0,2021-22,Playoffs
0042100203,1610612748,Miami,Heat,MIA,heat,200768,Kyle,Lowry,K. Lowry,kyle-lowry,G,,,25:21,0,4,0.0,0,2,0.0,0,0,0.0,2,2,4,3,1,0,1,4,0,-10.0,2021-22,Playoffs
0042100203,1610612748,Miami,Heat,MIA,heat,1629216,Gabe,Vincent,G. Vincent,gabe-vincent,,,,14:55,0,2,0.0,0,0,0.0,0,0,0.0,0,1,1,2,1,0,0,2,0,0.0,2021-22,Playoffs
0042100203,1610612748,Miami,Heat,MIA,heat,1629639,Tyler,Herro,T. Herro,tyler-herro,,,,27:05,5,15,0.333,2,7,0.286,2,2,1.0,2,2,4,1,0,0,2,1,14,-16.0,2021-22,Playoffs
0042100203,1610612748,Miami,Heat,MIA,heat,203473,Dewayne,Dedmon,D. Dedmon,dewayne-dedmon,,,,12:19,1,4,0.25,0,1,0.0,2,2,1.0,0,3,3,1,0,0,0,3,4,7.0,2021-22,Playoffs
0042100203,1610612748,Miami,Heat,MIA,heat,203506,Victor,Oladipo,V. Oladipo,victor-oladipo,,,,20:40,2,5,0.4,1,2,0.5,1,2,0.5,0,0,0,2,0,0,1,1,6,-11.0,2021-22,Playoffs
0042100203,1610612748,Miami,Heat,MIA,heat,1628997,Caleb,Martin,C. Martin,caleb-martin,,,,2:05,0,1,0.0,0,0,0.0,0,0,0.0,1,0,1,0,0,0,0,0,0,-5.0,2021-22,Playoffs
0042100203,1610612748,Miami,Heat,MIA,heat,1630209,Omer,Yurtseven,O. Yurtseven,omer-yurtseven,,,,2:05,0,0,0.0,0,0,0.0,0,0,0.0,0,1,1,0,0,0,0,0,0,-5.0,2021-22,Playoffs
0042100203,1610612748,Miami,Heat,MIA,heat,1629312,Haywood,Highsmith,H. Highsmith,haywood-highsmith,,,,2:05,0,1,0.0,0,1,0.0,0,0,0.0,0,0,0,0,0,0,0,0,0,-5.0,2021-22,Playoffs
0042100203,1610612748,Miami,Heat,MIA,heat,2617,Udonis,Haslem,U. Haslem,udonis-haslem,,DNP - Coach's Decision,,,0,0,0.0,0,0,0.0,0,0,0.0,0,0,0,0,0,0,0,0,0,0.0,2021-22,Playoffs
0042100203,1610612748,Miami,Heat,MIA,heat,202693,Markieff,Morris,M. Morris,markieff-morris,,DNP - Coach's Decision,,,0,0,0.0,0,0,0.0,0,0,0.0,0,0,0,0,0,0,0,0,0,0.0,2021-22,Playoffs
0042100203,1610612748,Miami,Heat,MIA,heat,1629130,Duncan,Robinson,D. Robinson,duncan-robinson,,DNP - Coach's Decision,,,0,0,0.0,0,0,0.0,0,0,0.0,0,0,0,0,0,0,0,0,0,0.0,2021-22,Playoffs
0042100204,1610612755,Philadelphia,76ers,PHI,sixers,201980,Danny,Green,D. Green,danny-green,F,,,24:03,4,6,0.667,3,4,0.75,0,1,0.0,0,2,2,1,2,1,2,4,11,6.0,2021-22,Playoffs
0042100204,1610612755,Philadelphia,76ers,PHI,sixers,202699,Tobias,Harris,T. Harris,tobias-harris,F,,,35:13,6,10,0.6,1,4,0.25,0,0,0.0,0,3,3,4,2,0,2,5,13,4.0,2021-22,Playoffs
0042100204,1610612755,Philadelphia,76ers,PHI,sixers,203954,Joel,Embiid,J. Embiid,joel-embiid,C,,,38:10,7,13,0.538,1,3,0.333,9,13,0.692,2,9,11,2,0,1,4,4,24,5.0,2021-22,Playoffs
0042100204,1610612755,Philadelphia,76ers,PHI,sixers,1630178,Tyrese,Maxey,T. Maxey,tyrese-maxey,G,,,42:12,5,10,0.5,2,5,0.4,6,6,1.0,1,2,3,4,0,0,1,3,18,13.0,2021-22,Playoffs
0042100204,1610612755,Philadelphia,76ers,PHI,sixers,201935,James,Harden,J. Harden,james-harden,G,,,40:51,8,18,0.444,6,10,0.6,9,10,0.9,1,6,7,9,1,0,6,2,31,8.0,2021-22,Playoffs
0042100204,1610612755,Philadelphia,76ers,PHI,sixers,1629680,Matisse,Thybulle,M. Thybulle,matisse-thybulle,,,,15:04,2,3,0.667,1,2,0.5,0,0,0.0,0,1,1,1,0,0,0,1,5,-1.0,2021-22,Playoffs
0042100204,1610612755,Philadelphia,76ers,PHI,sixers,1627777,Georges,Niang,G. Niang,georges-niang,,,,21:10,3,6,0.5,2,5,0.4,2,2,1.0,0,2,2,3,0,0,1,2,10,5.0,2021-22,Playoffs
0042100204,1610612755,Philadelphia,76ers,PHI,sixers,1629003,Shake,Milton,S. Milton,shake-milton,,,,13:18,1,1,1.0,0,0,0.0,0,2,0.0,0,2,2,1,0,0,0,1,2,-3.0,2021-22,Playoffs
0042100204,1610612755,Philadelphia,76ers,PHI,sixers,1630194,Paul,Reed,P. Reed,paul-reed,,,,9:58,1,1,1.0,0,0,0.0,0,0,0.0,0,1,1,0,0,0,0,2,2,3.0,2021-22,Playoffs
0042100204,1610612755,Philadelphia,76ers,PHI,sixers,1629646,Charles,Bassey,C. Bassey,charles-bassey,,DNP - Coach's Decision,,,0,0,0.0,0,0,0.0,0,0,0.0,0,0,0,0,0,0,0,0,0,0.0,2021-22,Playoffs
0042100204,1610612755,Philadelphia,76ers,PHI,sixers,201599,DeAndre,Jordan,D. Jordan,deandre-jordan,,DNP - Coach's Decision,,,0,0,0.0,0,0,0.0,0,0,0.0,0,0,0,0,0,0,0,0,0,0.0,2021-22,Playoffs
0042100204,1610612755,Philadelphia,76ers,PHI,sixers,1627788,Furkan,Korkmaz,F. Korkmaz,furkan-korkmaz,,DNP - Coach's Decision,,,0,0,0.0,0,0,0.0,0,0,0.0,0,0,0,0,0,0,0,0,0,0.0,2021-22,Playoffs
0042100204,1610612755,Philadelphia,76ers,PHI,sixers,200794,Paul,Millsap,P. Millsap,paul-millsap,,DNP - Coach's Decision,,,0,0,0.0,0,0,0.0,0,0,0.0,0,0,0,0,0,0,0,0,0,0.0,2021-22,Playoffs
0042100204,1610612755,Philadelphia,76ers,PHI,sixers,1630531,Jaden,Springer,J. Springer,jaden-springer,,DNP - Coach's Decision,,,0,0,0.0,0,0,0.0,0,0,0.0,0,0,0,0,0,0,0,0,0,0.0,2021-22,Playoffs
0042100204,1610612748,Miami,Heat,MIA,heat,202710,Jimmy,Butler III,J. Butler III,jimmy-butler-iii,F,,,41:48,13,20,0.65,2,6,0.333,12,13,0.923,0,3,3,6,2,2,1,1,40,-2.0,2021-22,Playoffs
0042100204,1610612748,Miami,Heat,MIA,heat,200782,P.J.,Tucker,P. Tucker,pj-tucker,F,,,25:08,3,7,0.429,1,4,0.25,0,0,0.0,1,1,2,0,0,0,1,5,7,-7.0,2021-22,Playoffs
0042100204,1610612748,Miami,Heat,MIA,heat,1628389,Bam,Adebayo,B. Adebayo,bam-adebayo,C,,,33:20,9,12,0.75,0,0,0.0,3,3,1.0,1,6,7,4,0,0,1,4,21,-5.0,2021-22,Playoffs
0042100204,1610612748,Miami,Heat,MIA,heat,1629622,Max,Strus,M. Strus,max-strus,G,,,29:56,2,5,0.4,2,5,0.4,0,0,0.0,2,2,4,3,0,1,0,6,6,2.0,2021-22,Playoffs
0042100204,1610612748,Miami,Heat,MIA,heat,200768,Kyle,Lowry,K. Lowry,kyle-lowry,G,,,30:16,3,10,0.3,0,6,0.0,0,0,0.0,0,3,3,7,2,0,4,2,6,-1.0,2021-22,Playoffs
0042100204,1610612748,Miami,Heat,MIA,heat,203506,Victor,Oladipo,V. Oladipo,victor-oladipo,,,,32:09,3,9,0.333,1,5,0.2,8,10,0.8,0,3,3,2,3,2,2,2,15,-12.0,2021-22,Playoffs
0042100204,1610612748,Miami,Heat,MIA,heat,1629639,Tyler,Herro,T. Herro,tyler-herro,,,,33:43,4,12,0.333,1,5,0.2,2,2,1.0,1,9,10,1,2,0,3,1,11,-9.0,2021-22,Playoffs
0042100204,1610612748,Miami,Heat,MIA,heat,1629216,Gabe,Vincent,G. Vincent,gabe-vincent,,,,10:03,1,6,0.167,0,4,0.0,0,0,0.0,0,0,0,1,0,0,0,3,2,-6.0,2021-22,Playoffs
0042100204,1610612748,Miami,Heat,MIA,heat,1628997,Caleb,Martin,C. Martin,caleb-martin,,,,0:09,0,0,0.0,0,0,0.0,0,0,0.0,0,0,0,0,0,0,0,0,0,-2.0,2021-22,Playoffs
0042100204,1610612748,Miami,Heat,MIA,heat,202693,Markieff,Morris,M. Morris,markieff-morris,,,,3:28,0,1,0.0,0,0,0.0,0,0,0.0,0,1,1,0,0,0,1,2,0,2.0,2021-22,Playoffs
0042100204,1610612748,Miami,Heat,MIA,heat,2617,Udonis,Haslem,U. Haslem,udonis-haslem,,DNP - Coach's Decision,,,0,0,0.0,0,0,0.0,0,0,0.0,0,0,0,0,0,0,0,0,0,0.0,2021-22,Playoffs
0042100204,1610612748,Miami,Heat,MIA,heat,1629312,Haywood,Highsmith,H. Highsmith,haywood-highsmith,,DNP - Coach's Decision,,,0,0,0.0,0,0,0.0,0,0,0.0,0,0,0,0,0,0,0,0,0,0.0,2021-22,Playoffs
0042100204,1610612748,Miami,Heat,MIA,heat,1629130,Duncan,Robinson,D. Robinson,duncan-robinson,,DNP - Coach's Decision,,,0,0,0.0,0,0,0.0,0,0,0.0,0,0,0,0,0,0,0,0,0,0.0,2021-22,Playoffs
0042100204,1610612748,Miami,Heat,MIA,heat,1630209,Omer,Yurtseven,O. Yurtseven,omer-yurtseven,,DNP - Coach's Decision,,,0,0,0.0,0,0,0.0,0,0,0.0,0,0,0,0,0,0,0,0,0,0.0,2021-22,Playoffs
0042100205,1610612748,Miami,Heat,MIA,heat,202710,Jimmy,Butler III,J. Butler III,jimmy-butler-iii,F,,,34:35,9,15,0.6,2,4,0.5,3,4,0.75,3,6,9,6,1,0,2,2,23,36.0,2021-22,Playoffs
0042100205,1610612748,Miami,Heat,MIA,heat,200782,P.J.,Tucker,P. Tucker,pj-tucker,F,,,30:37,4,6,0.667,2,2,1.0,0,0,0.0,1,3,4,7,1,1,0,0,10,16.0,2021-22,Playoffs
0042100205,1610612748,Miami,Heat,MIA,heat,1628389,Bam,Adebayo,B. Adebayo,bam-adebayo,C,,,27:37,4,7,0.571,0,0,0.0,4,7,0.571,1,5,6,0,1,2,0,1,12,22.0,2021-22,Playoffs
0042100205,1610612748,Miami,Heat,MIA,heat,1629622,Max,Strus,M. Strus,max-strus,G,,,27:32,7,13,0.538,4,10,0.4,1,2,0.5,1,9,10,1,0,0,1,1,19,30.0,2021-22,Playoffs
0042100205,1610612748,Miami,Heat,MIA,heat,1629216,Gabe,Vincent,G. Vincent,gabe-vincent,G,,,27:40,5,7,0.714,1,3,0.333,4,4,1.0,0,5,5,2,1,0,0,1,15,20.0,2021-22,Playoffs
0042100205,1610612748,Miami,Heat,MIA,heat,1629639,Tyler,Herro,T. Herro,tyler-herro,,,,21:50,4,8,0.5,0,2,0.0,2,2,1.0,0,2,2,3,0,0,2,1,10,16.0,2021-22,Playoffs
0042100205,1610612748,Miami,Heat,MIA,heat,203473,Dewayne,Dedmon,D. Dedmon,dewayne-dedmon,,,,12:16,1,5,0.2,0,1,0.0,0,0,0.0,2,2,4,0,0,0,1,3,2,7.0,2021-22,Playoffs
0042100205,1610612748,Miami,Heat,MIA,heat,1629130,Duncan,Robinson,D. Robinson,duncan-robinson,,,,13:30,1,3,0.333,1,3,0.333,1,2,0.5,0,2,2,1,0,0,1,1,4,5.0,2021-22,Playoffs
0042100205,1610612748,Miami,Heat,MIA,heat,203506,Victor,Oladipo,V. Oladipo,victor-oladipo,,,,18:21,5,10,0.5,1,4,0.25,2,2,1.0,0,3,3,3,2,0,3,2,13,11.0,2021-22,Playoffs
0042100205,1610612748,Miami,Heat,MIA,heat,1628997,Caleb,Martin,C. Martin,caleb-martin,,,,11:25,1,5,0.2,0,1,0.0,0,0,0.0,0,0,0,2,2,0,1,0,2,0.0,2021-22,Playoffs
0042100205,1610612748,Miami,Heat,MIA,heat,1630209,Omer,Yurtseven,O. Yurtseven,omer-yurtseven,,,,8:07,2,3,0.667,0,1,0.0,0,0,0.0,0,1,1,0,0,1,0,0,4,6.0,2021-22,Playoffs
0042100205,1610612748,Miami,Heat,MIA,heat,1629312,Haywood,Highsmith,H. Highsmith,haywood-highsmith,,,,6:30,2,2,1.0,2,2,1.0,0,0,0.0,0,0,0,1,0,0,0,1,6,6.0,2021-22,Playoffs
0042100205,1610612748,Miami,Heat,MIA,heat,2617,Udonis,Haslem,U. Haslem,udonis-haslem,,DNP - Coach's Decision,,,0,0,0.0,0,0,0.0,0,0,0.0,0,0,0,0,0,0,0,0,0,0.0,2021-22,Playoffs
0042100205,1610612748,Miami,Heat,MIA,heat,202693,Markieff,Morris,M. Morris,markieff-morris,,DNP - Coach's Decision,,,0,0,0.0,0,0,0.0,0,0,0.0,0,0,0,0,0,0,0,0,0,0.0,2021-22,Playoffs
0042100205,1610612755,Philadelphia,76ers,PHI,sixers,201980,Danny,Green,D. Green,danny-green,F,,,20:48,2,4,0.5,2,4,0.5,0,0,0.0,1,1,2,1,0,1,3,2,6,-18.0,2021-22,Playoffs
0042100205,1610612755,Philadelphia,76ers,PHI,sixers,202699,Tobias,Harris,T. Harris,tobias-harris,F,,,32:43,5,14,0.357,2,4,0.5,0,0,0.0,0,3,3,0,0,0,0,2,12,-27.0,2021-22,Playoffs
0042100205,1610612755,Philadelphia,76ers,PHI,sixers,203954,Joel,Embiid,J. Embiid,joel-embiid,C,,,33:01,7,12,0.583,0,1,0.0,3,3,1.0,1,4,5,2,1,0,2,1,17,-29.0,2021-22,Playoffs
0042100205,1610612755,Philadelphia,76ers,PHI,sixers,1630178,Tyrese,Maxey,T. Maxey,tyrese-maxey,G,,,31:31,2,10,0.2,1,4,0.25,4,4,1.0,0,3,3,1,1,0,2,2,9,-25.0,2021-22,Playoffs
0042100205,1610612755,Philadelphia,76ers,PHI,sixers,201935,James,Harden,J. Harden,james-harden,G,,,37:19,5,13,0.385,2,6,0.333,2,3,0.667,1,5,6,4,1,0,4,2,14,-29.0,2021-22,Playoffs
0042100205,1610612755,Philadelphia,76ers,PHI,sixers,1627777,Georges,Niang,G. Niang,georges-niang,,,,16:29,0,6,0.0,0,6,0.0,0,0,0.0,0,1,1,0,0,0,0,2,0,-1.0,2021-22,Playoffs
0042100205,1610612755,Philadelphia,76ers,PHI,sixers,1629680,Matisse,Thybulle,M. Thybulle,matisse-thybulle,,,,10:49,1,2,0.5,1,2,0.5,0,0,0.0,0,0,0,1,0,0,0,1,3,-15.0,2021-22,Playoffs
0042100205,1610612755,Philadelphia,76ers,PHI,sixers,1629003,Shake,Milton,S. Milton,shake-milton,,,,19:37,2,8,0.25,1,1,1.0,4,4,1.0,1,3,4,1,2,0,2,4,9,-3.0,2021-22,Playoffs
0042100205,1610612755,Philadelphia,76ers,PHI,sixers,1630194,Paul,Reed,P. Reed,paul-reed,,,,15:56,3,6,0.5,0,1,0.0,1,1,1.0,6,2,8,2,2,1,1,2,7,-9.0,2021-22,Playoffs
0042100205,1610612755,Philadelphia,76ers,PHI,sixers,1627788,Furkan,Korkmaz,F. Korkmaz,furkan-korkmaz,,,,8:18,3,6,0.5,0,2,0.0,0,0,0.0,0,0,0,1,1,0,1,0,6,-6.0,2021-22,Playoffs
0042100205,1610612755,Philadelphia,76ers,PHI,sixers,1630531,Jaden,Springer,J. Springer,jaden-springer,,,,6:59,1,3,0.333,0,1,0.0,0,0,0.0,0,2,2,1,0,0,0,0,2,-7.0,2021-22,Playoffs
0042100205,1610612755,Philadelphia,76ers,PHI,sixers,1629646,Charles,Bassey,C. Bassey,charles-bassey,,,,6:30,0,1,0.0,0,0,0.0,0,0,0.0,0,2,2,0,0,0,0,1,0,-6.0,2021-22,Playoffs
0042100205,1610612755,Philadelphia,76ers,PHI,sixers,1630198,Isaiah,Joe,I. Joe,isaiah-joe,,DNP - Coach's Decision,,,0,0,0.0,0,0,0.0,0,0,0.0,0,0,0,0,0,0,0,0,0,0.0,2021-22,Playoffs
0042100205,1610612755,Philadelphia,76ers,PHI,sixers,201599,DeAndre,Jordan,D. Jordan,deandre-jordan,,DNP - Coach's Decision,,,0,0,0.0,0,0,0.0,0,0,0.0,0,0,0,0,0,0,0,0,0,0.0,2021-22,Playoffs
0042100205,1610612755,Philadelphia,76ers,PHI,sixers,200794,Paul,Millsap,P. Millsap,paul-millsap,,DNP - Coach's Decision,,,0,0,0.0,0,0,0.0,0,0,0.0,0,0,0,0,0,0,0,0,0,0.0,2021-22,Playoffs
0042100206,1610612755,Philadelphia,76ers,PHI,sixers,201980,Danny,Green,D. Green,danny-green,F,,,3:06,1,1,1.0,1,1,1.0,0,0,0.0,0,0,0,0,1,0,0,1,3,0.0,2021-22,Playoffs
0042100206,1610612755,Philadelphia,76ers,PHI,sixers,202699,Tobias,Harris,T. Harris,tobias-harris,F,,,38:21,6,13,0.462,2,5,0.4,0,0,0.0,1,7,8,1,1,2,1,0,14,-17.0,2021-22,Playoffs
0042100206,1610612755,Philadelphia,76ers,PHI,sixers,203954,Joel,Embiid,J. Embiid,joel-embiid,C,,,44:03,7,24,0.292,2,8,0.25,4,4,1.0,4,8,12,2,0,1,2,3,20,-6.0,2021-22,Playoffs
0042100206,1610612755,Philadelphia,76ers,PHI,sixers,1630178,Tyrese,Maxey,T. Maxey,tyrese-maxey,G,,,41:50,9,22,0.409,1,7,0.143,1,1,1.0,1,2,3,4,0,1,4,4,20,-24.0,2021-22,Playoffs
0042100206,1610612755,Philadelphia,76ers,PHI,sixers,201935,James,Harden,J. Harden,james-harden,G,,,42:59,4,9,0.444,3,7,0.429,0,0,0.0,0,4,4,9,1,0,4,2,11,-16.0,2021-22,Playoffs
0042100206,1610612755,Philadelphia,76ers,PHI,sixers,1629680,Matisse,Thybulle,M. Thybulle,matisse-thybulle,,,,11:58,1,4,0.25,0,2,0.0,1,1,1.0,0,0,0,0,2,1,0,2,3,-15.0,2021-22,Playoffs
0042100206,1610612755,Philadelphia,76ers,PHI,sixers,1630194,Paul,Reed,P. Reed,paul-reed,,,,3:57,0,0,0.0,0,0,0.0,0,0,0.0,0,0,0,0,1,0,0,1,0,-3.0,2021-22,Playoffs
0042100206,1610612755,Philadelphia,76ers,PHI,sixers,1629003,Shake,Milton,S. Milton,shake-milton,,,,28:23,6,8,0.75,3,4,0.75,0,1,0.0,0,3,3,3,2,1,0,1,15,6.0,2021-22,Playoffs
0042100206,1610612755,Philadelphia,76ers,PHI,sixers,1627777,Georges,Niang,G. Niang,georges-niang,,,,15:17,0,1,0.0,0,1,0.0,0,0,0.0,0,2,2,2,0,0,2,1,0,11.0,2021-22,Playoffs
0042100206,1610612755,Philadelphia,76ers,PHI,sixers,1627788,Furkan,Korkmaz,F. Korkmaz,furkan-korkmaz,,,,7:50,1,3,0.333,0,1,0.0,0,0,0.0,0,2,2,0,0,0,0,1,2,9.0,2021-22,Playoffs
0042100206,1610612755,Philadelphia,76ers,PHI,sixers,1630198,Isaiah,Joe,I. Joe,isaiah-joe,,,,1:08,1,2,0.5,0,1,0.0,0,0,0.0,0,1,1,0,0,0,0,0,2,5.0,2021-22,Playoffs
0042100206,1610612755,Philadelphia,76ers,PHI,sixers,1630531,Jaden,Springer,J. Springer,jaden-springer,,,,1:08,0,0,0.0,0,0,0.0,0,0,0.0,0,0,0,0,0,0,0,0,0,5.0,2021-22,Playoffs
0042100206,1610612755,Philadelphia,76ers,PHI,sixers,1629646,Charles,Bassey,C. Bassey,charles-bassey,,DNP - Coach's Decision,,,0,0,0.0,0,0,0.0,0,0,0.0,0,0,0,0,0,0,0,0,0,0.0,2021-22,Playoffs
0042100206,1610612755,Philadelphia,76ers,PHI,sixers,201599,DeAndre,Jordan,D. Jordan,deandre-jordan,,DNP - Coach's Decision,,,0,0,0.0,0,0,0.0,0,0,0.0,0,0,0,0,0,0,0,0,0,0.0,2021-22,Playoffs
0042100206,1610612755,Philadelphia,76ers,PHI,sixers,200794,Paul,Millsap,P. Millsap,paul-millsap,,DNP - Coach's Decision,,,0,0,0.0,0,0,0.0,0,0,0.0,0,0,0,0,0,0,0,0,0,0.0,2021-22,Playoffs
0042100206,1610612748,Miami,Heat,MIA,heat,202710,Jimmy,Butler III,J. Butler III,jimmy-butler-iii,F,,,42:36,13,29,0.448,2,6,0.333,4,6,0.667,2,6,8,4,1,2,2,0,32,16.0,2021-22,Playoffs
0042100206,1610612748,Miami,Heat,MIA,heat,200782,P.J.,Tucker,P. Tucker,pj-tucker,F,,,38:38,6,9,0.667,0,2,0.0,0,0,0.0,4,5,9,1,0,2,0,2,12,13.0,2021-22,Playoffs
0042100206,1610612748,Miami,Heat,MIA,heat,1628389,Bam,Adebayo,B. Adebayo,bam-adebayo,C,,,34:28,5,5,1.0,0,0,0.0,0,0,0.0,1,7,8,0,2,1,3,2,10,20.0,2021-22,Playoffs
0042100206,1610612748,Miami,Heat,MIA,heat,1629622,Max,Strus,M. Strus,max-strus,G,,,39:36,6,14,0.429,4,10,0.4,4,5,0.8,3,8,11,5,0,0,2,2,20,23.0,2021-22,Playoffs
0042100206,1610612748,Miami,Heat,MIA,heat,1629216,Gabe,Vincent,G. Vincent,gabe-vincent,G,,,27:29,3,8,0.375,1,4,0.25,0,0,0.0,0,2,2,6,1,0,4,1,7,11.0,2021-22,Playoffs
0042100206,1610612748,Miami,Heat,MIA,heat,203473,Dewayne,Dedmon,D. Dedmon,dewayne-dedmon,,,,12:24,2,4,0.5,0,1,0.0,0,0,0.0,2,1,3,0,0,0,0,1,4,-7.0,2021-22,Playoffs
0042100206,1610612748,Miami,Heat,MIA,heat,1629639,Tyler,Herro,T. Herro,tyler-herro,,,,15:56,5,12,0.417,0,2,0.0,0,0,0.0,1,2,3,1,1,0,0,0,10,-6.0,2021-22,Playoffs
0042100206,1610612748,Miami,Heat,MIA,heat,203506,Victor,Oladipo,V. Oladipo,victor-oladipo,,,,19:34,2,5,0.4,0,2,0.0,0,0,0.0,0,4,4,2,1,0,1,3,4,-14.0,2021-22,Playoffs
0042100206,1610612748,Miami,Heat,MIA,heat,1628997,Caleb,Martin,C. Martin,caleb-martin,,,,5:27,0,0,0.0,0,0,0.0,0,0,0.0,0,1,1,0,1,1,0,0,0,-9.0,2021-22,Playoffs
0042100206,1610612748,Miami,Heat,MIA,heat,1629130,Duncan,Robinson,D. Robinson,duncan-robinson,,,,3:53,0,1,0.0,0,1,0.0,0,0,0.0,0,0,0,0,0,0,0,1,0,-2.0,2021-22,Playoffs
0042100206,1610612748,Miami,Heat,MIA,heat,2617,Udonis,Haslem,U. Haslem,udonis-haslem,,DNP - Coach's Decision,,,0,0,0.0,0,0,0.0,0,0,0.0,0,0,0,0,0,0,0,0,0,0.0,2021-22,Playoffs
0042100206,1610612748,Miami,Heat,MIA,heat,1629312,Haywood,Highsmith,H. Highsmith,haywood-highsmith,,DNP - Coach's Decision,,,0,0,0.0,0,0,0.0,0,0,0.0,0,0,0,0,0,0,0,0,0,0.0,2021-22,Playoffs
0042100206,1610612748,Miami,Heat,MIA,heat,202693,Markieff,Morris,M. Morris,markieff-morris,,DNP - Coach's Decision,,,0,0,0.0,0,0,0.0,0,0,0.0,0,0,0,0,0,0,0,0,0,0.0,2021-22,Playoffs
0042100206,1610612748,Miami,Heat,MIA,heat,1630209,Omer,Yurtseven,O. Yurtseven,omer-yurtseven,,DNP - Coach's Decision,,,0,0,0.0,0,0,0.0,0,0,0.0,0,0,0,0,0,0,0,0,0,0.0,2021-22,Playoffs
0042100211,1610612738,Boston,Celtics,BOS,celtics,1628369,Jayson,Tatum,J. Tatum,jayson-tatum,F,,,39:45,6,18,0.333,4,9,0.444,5,8,0.625,2,4,6,6,2,0,3,4,21,-8.0,2021-22,Playoffs
0042100211,1610612738,Boston,Celtics,BOS,celtics,201143,Al,Horford,A. Horford,al-horford,F,,,36:23,4,11,0.364,4,9,0.444,0,0,0.0,0,10,10,3,1,2,2,3,12,-4.0,2021-22,Playoffs
0042100211,1610612738,Boston,Celtics,BOS,celtics,1629057,Robert,Williams III,R. Williams III,robert-williams-iii,C,,,22:25,3,6,0.5,0,1,0.0,0,0,0.0,3,5,8,0,1,3,0,4,6,-6.0,2021-22,Playoffs
0042100211,1610612738,Boston,Celtics,BOS,celtics,1627759,Jaylen,Brown,J. Brown,jaylen-brown,G,,,38:00,4,13,0.308,3,9,0.333,1,2,0.5,2,7,9,4,2,0,7,4,12,-12.0,2021-22,Playoffs
0042100211,1610612738,Boston,Celtics,BOS,celtics,203935,Marcus,Smart,M. Smart,marcus-smart,G,,,32:47,3,11,0.273,1,6,0.167,3,4,0.75,0,1,1,6,2,0,3,3,10,3.0,2021-22,Playoffs
0042100211,1610612738,Boston,Celtics,BOS,celtics,1629684,Grant,Williams,G. Williams,grant-williams,,,,28:49,2,6,0.333,2,4,0.5,2,2,1.0,1,3,4,0,0,1,0,2,8,-15.0,2021-22,Playoffs
0042100211,1610612738,Boston,Celtics,BOS,celtics,1628401,Derrick,White,D. White,derrick-white,,,,16:27,2,6,0.333,2,3,0.667,4,4,1.0,0,4,4,1,0,0,2,2,10,-8.0,2021-22,Playoffs
0042100211,1610612738,Boston,Celtics,BOS,celtics,1630202,Payton,Pritchard,P. Pritchard,payton-pritchard,,,,11:03,2,8,0.25,2,8,0.25,0,0,0.0,1,1,2,0,0,0,0,1,6,-17.0,2021-22,Playoffs
0042100211,1610612738,Boston,Celtics,BOS,celtics,1628464,Daniel,Theis,D. Theis,daniel-theis,,,,4:26,1,1,1.0,0,0,0.0,0,0,0.0,1,1,2,0,0,1,1,2,2,-3.0,2021-22,Playoffs
0042100211,1610612738,Boston,Celtics,BOS,celtics,1630573,Sam,Hauser,S. Hauser,sam-hauser,,,,1:59,0,0,0.0,0,0,0.0,0,0,0.0,0,0,0,0,0,0,0,0,0,2.0,2021-22,Playoffs
0042100211,1610612738,Boston,Celtics,BOS,celtics,1628436,Luke,Kornet,L. Kornet,luke-kornet,,,,1:59,0,0,0.0,0,0,0.0,0,0,0.0,0,0,0,0,0,0,0,0,0,2.0,2021-22,Playoffs
0042100211,1610612738,Boston,Celtics,BOS,celtics,1630174,Aaron,Nesmith,A. Nesmith,aaron-nesmith,,,,1:59,0,1,0.0,0,0,0.0,0,0,0.0,0,1,1,1,0,0,0,0,0,2.0,2021-22,Playoffs
0042100211,1610612738,Boston,Celtics,BOS,celtics,203917,Nik,Stauskas,N. Stauskas,nik-stauskas,,,,1:59,0,2,0.0,0,1,0.0,0,0,0.0,0,0,0,0,0,0,0,0,0,2.0,2021-22,Playoffs
0042100211,1610612738,Boston,Celtics,BOS,celtics,1630238,Malik,Fitts,M. Fitts,malik-fitts,,,,1:59,1,1,1.0,0,0,0.0,0,0,0.0,0,1,1,0,0,0,0,0,2,2.0,2021-22,Playoffs
0042100211,1610612738,Boston,Celtics,BOS,celtics,1629752,Juwan,Morgan,J. Morgan,juwan-morgan,,DNP - Coach's Decision,,,0,0,0.0,0,0,0.0,0,0,0.0,0,0,0,0,0,0,0,0,0,0.0,2021-22,Playoffs
0042100211,1610612749,Milwaukee,Bucks,MIL,bucks,1626171,Bobby,Portis,B. Portis,bobby-portis,F,,,32:28,6,12,0.5,2,7,0.286,1,2,0.5,0,11,11,1,1,0,1,4,15,11.0,2021-22,Playoffs
0042100211,1610612749,Milwaukee,Bucks,MIL,bucks,203507,Giannis,Antetokounmpo,G. Antetokounmpo,giannis-antetokounmpo,F,,,37:47,9,25,0.36,0,2,0.0,6,11,0.545,3,10,13,12,0,2,5,4,24,23.0,2021-22,Playoffs
0042100211,1610612749,Milwaukee,Bucks,MIL,bucks,201572,Brook,Lopez,B. Lopez,brook-lopez,C,,,28:05,3,7,0.429,0,2,0.0,0,0,0.0,4,6,10,0,1,3,0,1,6,-10.0,2021-22,Playoffs
0042100211,1610612749,Milwaukee,Bucks,MIL,bucks,202083,Wesley,Matthews,W. Matthews,wesley-matthews,G,,,28:46,2,7,0.286,1,6,0.167,0,0,0.0,0,2,2,2,1,0,1,2,5,-1.0,2021-22,Playoffs
0042100211,1610612749,Milwaukee,Bucks,MIL,bucks,201950,Jrue,Holiday,J. Holiday,jrue-holiday,G,,,35:36,8,20,0.4,3,5,0.6,6,6,1.0,2,7,9,5,3,0,2,3,25,-3.0,2021-22,Playoffs
0042100211,1610612749,Milwaukee,Bucks,MIL,bucks,1628960,Grayson,Allen,G. Allen,grayson-allen,,,,28:51,4,8,0.5,3,6,0.5,0,0,0.0,0,2,2,1,3,0,1,3,11,5.0,2021-22,Playoffs
0042100211,1610612749,Milwaukee,Bucks,MIL,bucks,1626192,Pat,Connaughton,P. Connaughton,pat-connaughton,,,,20:43,3,6,0.5,2,4,0.5,0,0,0.0,1,4,5,1,1,0,2,4,8,10.0,2021-22,Playoffs
0042100211,1610612749,Milwaukee,Bucks,MIL,bucks,1628975,Jevon,Carter,J. Carter,jevon-carter,,,,21:43,2,4,0.5,1,2,0.5,2,2,1.0,0,1,1,0,1,0,1,0,7,25.0,2021-22,Playoffs
0042100211,1610612749,Milwaukee,Bucks,MIL,bucks,1629730,Rayjon,Tucker,R. Tucker,rayjon-tucker,,,,1:12,0,0,0.0,0,0,0.0,0,0,0.0,0,0,0,0,0,0,0,0,0,0.0,2021-22,Playoffs
0042100211,1610612749,Milwaukee,Bucks,MIL,bucks,203648,Thanasis,Antetokounmpo,T. Antetokounmpo,thanasis-antetokounmpo,,,,1:12,0,0,0.0,0,0,0.0,0,0,0.0,0,0,0,0,0,0,0,0,0,0.0,2021-22,Playoffs
0042100211,1610612749,Milwaukee,Bucks,MIL,bucks,201586,Serge,Ibaka,S. Ibaka,serge-ibaka,,,,1:12,0,1,0.0,0,0,0.0,0,0,0.0,0,0,0,0,0,0,0,0,0,0.0,2021-22,Playoffs
0042100211,1610612749,Milwaukee,Bucks,MIL,bucks,1629670,Jordan,Nwora,J. Nwora,jordan-nwora,,,,1:12,0,0,0.0,0,0,0.0,0,0,0.0,0,1,1,0,0,0,0,0,0,0.0,2021-22,Playoffs
0042100211,1610612749,Milwaukee,Bucks,MIL,bucks,1630492,Luca,Vildoza,L. Vildoza,luca-vildoza,,,,1:12,0,0,0.0,0,0,0.0,0,0,0.0,0,0,0,0,0,0,0,0,0,0.0,2021-22,Playoffs
0042100212,1610612738,Boston,Celtics,BOS,celtics,1628369,Jayson,Tatum,J. Tatum,jayson-tatum,F,,,42:34,10,20,0.5,5,10,0.5,4,5,0.8,1,2,3,8,3,1,4,3,29,21.0,2021-22,Playoffs
0042100212,1610612738,Boston,Celtics,BOS,celtics,201143,Al,Horford,A. Horford,al-horford,F,,,37:05,4,9,0.444,1,5,0.2,2,2,1.0,0,11,11,3,4,1,1,5,11,14.0,2021-22,Playoffs
0042100212,1610612738,Boston,Celtics,BOS,celtics,1629057,Robert,Williams III,R. Williams III,robert-williams-iii,C,,,25:14,4,5,0.8,0,0,0.0,2,2,1.0,2,2,4,1,0,2,1,5,10,12.0,2021-22,Playoffs
0042100212,1610612738,Boston,Celtics,BOS,celtics,1627759,Jaylen,Brown,J. Brown,jaylen-brown,G,,,38:13,11,18,0.611,6,10,0.6,2,2,1.0,2,4,6,6,2,1,2,1,30,16.0,2021-22,Playoffs
0042100212,1610612738,Boston,Celtics,BOS,celtics,1628401,Derrick,White,D. White,derrick-white,G,,,28:27,0,6,0.0,0,4,0.0,0,0,0.0,1,3,4,5,1,0,2,5,0,22.0,2021-22,Playoffs
0042100212,1610612738,Boston,Celtics,BOS,celtics,1629684,Grant,Williams,G. Williams,grant-williams,,,,35:25,7,14,0.5,6,9,0.667,1,2,0.5,1,4,5,2,0,0,0,2,21,22.0,2021-22,Playoffs
0042100212,1610612738,Boston,Celtics,BOS,celtics,1630202,Payton,Pritchard,P. Pritchard,payton-pritchard,,,,23:42,2,6,0.333,2,4,0.5,0,0,0.0,0,3,3,3,0,0,1,1,6,-2.0,2021-22,Playoffs
0042100212,1610612738,Boston,Celtics,BOS,celtics,1630238,Malik,Fitts,M. Fitts,malik-fitts,,,,1:52,0,1,0.0,0,0,0.0,0,0,0.0,0,1,1,0,0,0,0,0,0,2.0,2021-22,Playoffs
0042100212,1610612738,Boston,Celtics,BOS,celtics,203917,Nik,Stauskas,N. Stauskas,nik-stauskas,,,,1:52,0,0,0.0,0,0,0.0,0,0,0.0,0,0,0,0,0,0,0,0,0,2.0,2021-22,Playoffs
0042100212,1610612738,Boston,Celtics,BOS,celtics,1630174,Aaron,Nesmith,A. Nesmith,aaron-nesmith,,,,1:52,0,0,0.0,0,0,0.0,0,0,0.0,0,1,1,0,0,0,0,0,0,2.0,2021-22,Playoffs
0042100212,1610612738,Boston,Celtics,BOS,celtics,1630573,Sam,Hauser,S. Hauser,sam-hauser,,,,1:52,0,1,0.0,0,1,0.0,2,2,1.0,0,1,1,0,0,0,0,0,2,2.0,2021-22,Playoffs
0042100212,1610612738,Boston,Celtics,BOS,celtics,1628436,Luke,Kornet,L. Kornet,luke-kornet,,,,1:52,0,0,0.0,0,0,0.0,0,0,0.0,0,1,1,0,0,0,0,1,0,2.0,2021-22,Playoffs
0042100212,1610612738,Boston,Celtics,BOS,celtics,1629752,Juwan,Morgan,J. Morgan,juwan-morgan,,DNP - Coach's Decision,,,0,0,0.0,0,0,0.0,0,0,0.0,0,0,0,0,0,0,0,0,0,0.0,2021-22,Playoffs
0042100212,1610612738,Boston,Celtics,BOS,celtics,1628464,Daniel,Theis,D. Theis,daniel-theis,,DNP - Coach's Decision,,,0,0,0.0,0,0,0.0,0,0,0.0,0,0,0,0,0,0,0,0,0,0.0,2021-22,Playoffs
0042100212,1610612749,Milwaukee,Bucks,MIL,bucks,1626171,Bobby,Portis,B. Portis,bobby-portis,F,,,26:02,5,7,0.714,0,2,0.0,3,3,1.0,1,7,8,0,0,0,2,2,13,-14.0,2021-22,Playoffs
0042100212,1610612749,Milwaukee,Bucks,MIL,bucks,203507,Giannis,Antetokounmpo,G. Antetokounmpo,giannis-antetokounmpo,F,,,37:44,11,27,0.407,1,4,0.25,5,9,0.556,1,8,9,7,1,1,6,3,28,-11.0,2021-22,Playoffs
0042100212,1610612749,Milwaukee,Bucks,MIL,bucks,201572,Brook,Lopez,B. Lopez,brook-lopez,C,,,25:21,1,2,0.5,0,0,0.0,0,0,0.0,2,4,6,0,0,3,1,5,2,-18.0,2021-22,Playoffs
0042100212,1610612749,Milwaukee,Bucks,MIL,bucks,202083,Wesley,Matthews,W. Matthews,wesley-matthews,G,,,29:53,1,2,0.5,0,1,0.0,2,2,1.0,0,4,4,0,0,0,0,1,4,-24.0,2021-22,Playoffs
0042100212,1610612749,Milwaukee,Bucks,MIL,bucks,201950,Jrue,Holiday,J. Holiday,jrue-holiday,G,,,39:46,7,20,0.35,1,6,0.167,4,4,1.0,1,3,4,7,2,0,3,2,19,-16.0,2021-22,Playoffs
0042100212,1610612749,Milwaukee,Bucks,MIL,bucks,1628960,Grayson,Allen,G. Allen,grayson-allen,,,,28:21,2,4,0.5,0,1,0.0,1,3,0.333,0,2,2,1,0,1,0,1,5,-6.0,2021-22,Playoffs
0042100212,1610612749,Milwaukee,Bucks,MIL,bucks,1626192,Pat,Connaughton,P. Connaughton,pat-connaughton,,,,25:00,6,7,0.857,1,2,0.5,0,0,0.0,0,1,1,0,0,0,1,1,13,-14.0,2021-22,Playoffs
0042100212,1610612749,Milwaukee,Bucks,MIL,bucks,1628975,Jevon,Carter,J. Carter,jevon-carter,,,,18:33,1,1,1.0,0,0,0.0,0,0,0.0,0,1,1,1,1,0,3,3,2,-2.0,2021-22,Playoffs
0042100212,1610612749,Milwaukee,Bucks,MIL,bucks,201586,Serge,Ibaka,S. Ibaka,serge-ibaka,,,,1:52,0,2,0.0,0,1,0.0,0,0,0.0,0,0,0,0,0,0,0,0,0,-2.0,2021-22,Playoffs
0042100212,1610612749,Milwaukee,Bucks,MIL,bucks,1629670,Jordan,Nwora,J. Nwora,jordan-nwora,,,,1:52,0,0,0.0,0,0,0.0,0,2,0.0,0,1,1,0,0,0,0,0,0,-2.0,2021-22,Playoffs
0042100212,1610612749,Milwaukee,Bucks,MIL,bucks,1629730,Rayjon,Tucker,R. Tucker,rayjon-tucker,,,,1:52,0,0,0.0,0,0,0.0,0,0,0.0,0,1,1,0,0,0,0,0,0,-2.0,2021-22,Playoffs
0042100212,1610612749,Milwaukee,Bucks,MIL,bucks,1630492,Luca,Vildoza,L. Vildoza,luca-vildoza,,,,1:52,0,1,0.0,0,1,0.0,0,0,0.0,0,0,0,0,0,0,0,0,0,-2.0,2021-22,Playoffs
0042100212,1610612749,Milwaukee,Bucks,MIL,bucks,203648,Thanasis,Antetokounmpo,T. Antetokounmpo,thanasis-antetokounmpo,,,,1:52,0,0,0.0,0,0,0.0,0,0,0.0,0,0,0,0,0,0,0,1,0,-2.0,2021-22,Playoffs
0042100213,1610612749,Milwaukee,Bucks,MIL,bucks,202083,Wesley,Matthews,W. Matthews,wesley-matthews,F,,,32:09,1,5,0.2,1,2,0.5,0,0,0.0,3,1,4,0,0,0,0,4,3,11.0,2021-22,Playoffs
0042100213,1610612749,Milwaukee,Bucks,MIL,bucks,203507,Giannis,Antetokounmpo,G. Antetokounmpo,giannis-antetokounmpo,F,,,38:53,16,30,0.533,1,6,0.167,9,12,0.75,2,10,12,8,2,2,3,4,42,-2.0,2021-22,Playoffs
0042100213,1610612749,Milwaukee,Bucks,MIL,bucks,201572,Brook,Lopez,B. Lopez,brook-lopez,C,,,29:15,5,10,0.5,0,0,0.0,3,3,1.0,3,7,10,2,2,0,1,4,13,5.0,2021-22,Playoffs
0042100213,1610612749,Milwaukee,Bucks,MIL,bucks,1628960,Grayson,Allen,G. Allen,grayson-allen,G,,,25:27,0,3,0.0,0,3,0.0,0,0,0.0,1,3,4,4,0,0,1,4,0,-8.0,2021-22,Playoffs
0042100213,1610612749,Milwaukee,Bucks,MIL,bucks,201950,Jrue,Holiday,J. Holiday,jrue-holiday,G,,,42:51,11,30,0.367,3,10,0.3,0,0,0.0,1,6,7,3,3,1,3,3,25,3.0,2021-22,Playoffs
0042100213,1610612749,Milwaukee,Bucks,MIL,bucks,1626171,Bobby,Portis,B. Portis,bobby-portis,,,,25:30,3,9,0.333,1,4,0.25,2,2,1.0,3,4,7,1,1,1,2,3,9,5.0,2021-22,Playoffs
0042100213,1610612749,Milwaukee,Bucks,MIL,bucks,1626192,Pat,Connaughton,P. Connaughton,pat-connaughton,,,,32:45,4,10,0.4,3,8,0.375,0,0,0.0,0,8,8,1,0,0,0,3,11,-1.0,2021-22,Playoffs
0042100213,1610612749,Milwaukee,Bucks,MIL,bucks,201588,George,Hill,G. Hill,george-hill,,,,10:52,0,1,0.0,0,1,0.0,0,0,0.0,0,0,0,1,0,0,0,1,0,-1.0,2021-22,Playoffs
0042100213,1610612749,Milwaukee,Bucks,MIL,bucks,1628975,Jevon,Carter,J. Carter,jevon-carter,,,,2:18,0,1,0.0,0,0,0.0,0,0,0.0,0,1,1,0,0,0,0,0,0,-2.0,2021-22,Playoffs
0042100213,1610612749,Milwaukee,Bucks,MIL,bucks,203648,Thanasis,Antetokounmpo,T. Antetokounmpo,thanasis-antetokounmpo,,DNP - Coach's Decision,,,0,0,0.0,0,0,0.0,0,0,0.0,0,0,0,0,0,0,0,0,0,0.0,2021-22,Playoffs
0042100213,1610612749,Milwaukee,Bucks,MIL,bucks,201586,Serge,Ibaka,S. Ibaka,serge-ibaka,,DNP - Coach's Decision,,,0,0,0.0,0,0,0.0,0,0,0.0,0,0,0,0,0,0,0,0,0,0.0,2021-22,Playoffs
0042100213,1610612749,Milwaukee,Bucks,MIL,bucks,1629670,Jordan,Nwora,J. Nwora,jordan-nwora,,DNP - Coach's Decision,,,0,0,0.0,0,0,0.0,0,0,0.0,0,0,0,0,0,0,0,0,0,0.0,2021-22,Playoffs
0042100213,1610612749,Milwaukee,Bucks,MIL,bucks,1629730,Rayjon,Tucker,R. Tucker,rayjon-tucker,,DNP - Coach's Decision,,,0,0,0.0,0,0,0.0,0,0,0.0,0,0,0,0,0,0,0,0,0,0.0,2021-22,Playoffs
0042100213,1610612749,Milwaukee,Bucks,MIL,bucks,1630492,Luca,Vildoza,L. Vildoza,luca-vildoza,,DNP - Coach's Decision,,,0,0,0.0,0,0,0.0,0,0,0.0,0,0,0,0,0,0,0,0,0,0.0,2021-22,Playoffs
0042100213,1610612738,Boston,Celtics,BOS,celtics,1628369,Jayson,Tatum,J. Tatum,jayson-tatum,F,,,41:20,4,19,0.211,0,6,0.0,2,3,0.667,0,1,1,3,1,4,3,1,10,-5.0,2021-22,Playoffs
0042100213,1610612738,Boston,Celtics,BOS,celtics,201143,Al,Horford,A. Horford,al-horford,F,,,39:08,9,17,0.529,4,7,0.571,0,0,0.0,3,13,16,5,0,2,0,4,22,0.0,2021-22,Playoffs
0042100213,1610612738,Boston,Celtics,BOS,celtics,1629057,Robert,Williams III,R. Williams III,robert-williams-iii,C,,,23:21,5,9,0.556,0,0,0.0,0,0,0.0,4,1,5,4,2,3,0,2,10,-11.0,2021-22,Playoffs
0042100213,1610612738,Boston,Celtics,BOS,celtics,1627759,Jaylen,Brown,J. Brown,jaylen-brown,G,,,39:38,8,16,0.5,1,5,0.2,10,11,0.909,0,12,12,4,0,1,4,3,27,-4.0,2021-22,Playoffs
0042100213,1610612738,Boston,Celtics,BOS,celtics,203935,Marcus,Smart,M. Smart,marcus-smart,G,,,29:14,1,8,0.125,1,4,0.25,6,8,0.75,1,1,2,2,1,0,3,3,9,-10.0,2021-22,Playoffs
0042100213,1610612738,Boston,Celtics,BOS,celtics,1629684,Grant,Williams,G. Williams,grant-williams,,,,33:47,2,9,0.222,1,6,0.167,4,4,1.0,2,4,6,2,0,3,1,5,9,8.0,2021-22,Playoffs
0042100213,1610612738,Boston,Celtics,BOS,celtics,1628401,Derrick,White,D. White,derrick-white,,,,20:36,3,6,0.5,2,3,0.667,6,8,0.75,0,2,2,0,1,0,0,0,14,9.0,2021-22,Playoffs
0042100213,1610612738,Boston,Celtics,BOS,celtics,1630202,Payton,Pritchard,P. Pritchard,payton-pritchard,,,,10:38,0,3,0.0,0,2,0.0,0,0,0.0,1,1,2,3,0,0,0,2,0,5.0,2021-22,Playoffs
0042100213,1610612738,Boston,Celtics,BOS,celtics,1628464,Daniel,Theis,D. Theis,daniel-theis,,,,2:17,0,0,0.0,0,0,0.0,0,0,0.0,0,1,1,0,0,0,1,1,0,-2.0,2021-22,Playoffs
0042100213,1610612738,Boston,Celtics,BOS,celtics,1630238,Malik,Fitts,M. Fitts,malik-fitts,,DNP - Coach's Decision,,,0,0,0.0,0,0,0.0,0,0,0.0,0,0,0,0,0,0,0,0,0,0.0,2021-22,Playoffs
0042100213,1610612738,Boston,Celtics,BOS,celtics,1628436,Luke,Kornet,L. Kornet,luke-kornet,,DNP - Coach's Decision,,,0,0,0.0,0,0,0.0,0,0,0.0,0,0,0,0,0,0,0,0,0,0.0,2021-22,Playoffs
0042100213,1610612738,Boston,Celtics,BOS,celtics,1629752,Juwan,Morgan,J. Morgan,juwan-morgan,,DNP - Coach's Decision,,,0,0,0.0,0,0,0.0,0,0,0.0,0,0,0,0,0,0,0,0,0,0.0,2021-22,Playoffs
0042100213,1610612738,Boston,Celtics,BOS,celtics,1630174,Aaron,Nesmith,A. Nesmith,aaron-nesmith,,DNP - Coach's Decision,,,0,0,0.0,0,0,0.0,0,0,0.0,0,0,0,0,0,0,0,0,0,0.0,2021-22,Playoffs
0042100213,1610612738,Boston,Celtics,BOS,celtics,203917,Nik,Stauskas,N. Stauskas,nik-stauskas,,DNP - Coach's Decision,,,0,0,0.0,0,0,0.0,0,0,0.0,0,0,0,0,0,0,0,0,0,0.0,2021-22,Playoffs
0042100214,1610612749,Milwaukee,Bucks,MIL,bucks,202083,Wesley,Matthews,W. Matthews,wesley-matthews,F,,,28:37,3,5,0.6,3,4,0.75,3,3,1.0,0,0,0,0,2,1,0,4,12,7.0,2021-22,Playoffs
0042100214,1610612749,Milwaukee,Bucks,MIL,bucks,203507,Giannis,Antetokounmpo,G. Antetokounmpo,giannis-antetokounmpo,F,,,41:03,14,32,0.438,0,4,0.0,6,11,0.545,2,16,18,5,0,0,4,5,34,1.0,2021-22,Playoffs
0042100214,1610612749,Milwaukee,Bucks,MIL,bucks,201572,Brook,Lopez,B. Lopez,brook-lopez,C,,,28:42,6,11,0.545,0,1,0.0,5,6,0.833,5,2,7,0,0,1,1,3,17,-7.0,2021-22,Playoffs
0042100214,1610612749,Milwaukee,Bucks,MIL,bucks,1628960,Grayson,Allen,G. Allen,grayson-allen,G,,,28:47,3,7,0.429,1,4,0.25,0,0,0.0,1,1,2,1,0,0,0,1,7,-10.0,2021-22,Playoffs
0042100214,1610612749,Milwaukee,Bucks,MIL,bucks,201950,Jrue,Holiday,J. Holiday,jrue-holiday,G,,,40:54,5,22,0.227,1,6,0.167,5,5,1.0,2,5,7,9,3,0,2,3,16,-23.0,2021-22,Playoffs
0042100214,1610612749,Milwaukee,Bucks,MIL,bucks,1626171,Bobby,Portis,B. Portis,bobby-portis,,,,14:58,2,7,0.286,0,1,0.0,0,0,0.0,3,3,6,1,0,0,0,0,4,-6.0,2021-22,Playoffs
0042100214,1610612749,Milwaukee,Bucks,MIL,bucks,1626192,Pat,Connaughton,P. Connaughton,pat-connaughton,,,,30:17,4,8,0.5,3,6,0.5,0,0,0.0,0,7,7,0,1,1,0,0,11,-6.0,2021-22,Playoffs
0042100214,1610612749,Milwaukee,Bucks,MIL,bucks,201588,George,Hill,G. Hill,george-hill,,,,23:05,1,1,1.0,1,1,1.0,2,2,1.0,0,1,1,2,0,0,0,1,5,-6.0,2021-22,Playoffs
0042100214,1610612749,Milwaukee,Bucks,MIL,bucks,203648,Thanasis,Antetokounmpo,T. Antetokounmpo,thanasis-antetokounmpo,,,,0:43,0,0,0.0,0,0,0.0,0,0,0.0,0,0,0,0,0,0,0,0,0,2.0,2021-22,Playoffs
0042100214,1610612749,Milwaukee,Bucks,MIL,bucks,1628975,Jevon,Carter,J. Carter,jevon-carter,,,,0:43,0,0,0.0,0,0,0.0,0,0,0.0,0,0,0,0,0,0,0,0,0,2.0,2021-22,Playoffs
0042100214,1610612749,Milwaukee,Bucks,MIL,bucks,1630492,Luca,Vildoza,L. Vildoza,luca-vildoza,,,,0:43,0,0,0.0,0,0,0.0,0,0,0.0,0,0,0,0,0,0,0,0,0,2.0,2021-22,Playoffs
0042100214,1610612749,Milwaukee,Bucks,MIL,bucks,1629730,Rayjon,Tucker,R. Tucker,rayjon-tucker,,,,0:43,1,1,1.0,0,0,0.0,0,0,0.0,0,0,0,0,0,0,0,0,2,2.0,2021-22,Playoffs
0042100214,1610612749,Milwaukee,Bucks,MIL,bucks,1629670,Jordan,Nwora,J. Nwora,jordan-nwora,,,,0:43,0,0,0.0,0,0,0.0,0,0,0.0,0,0,0,0,0,0,0,0,0,2.0,2021-22,Playoffs
0042100214,1610612738,Boston,Celtics,BOS,celtics,1628369,Jayson,Tatum,J. Tatum,jayson-tatum,F,,,41:47,11,24,0.458,3,10,0.3,5,6,0.833,2,11,13,5,0,0,2,3,30,9.0,2021-22,Playoffs
0042100214,1610612738,Boston,Celtics,BOS,celtics,1629684,Grant,Williams,G. Williams,grant-williams,F,,,24:46,3,9,0.333,1,5,0.2,2,2,1.0,0,4,4,0,0,0,2,4,9,-17.0,2021-22,Playoffs
0042100214,1610612738,Boston,Celtics,BOS,celtics,201143,Al,Horford,A. Horford,al-horford,C,,,41:36,11,14,0.786,5,7,0.714,3,4,0.75,0,8,8,3,0,1,1,4,30,20.0,2021-22,Playoffs
0042100214,1610612738,Boston,Celtics,BOS,celtics,1627759,Jaylen,Brown,J. Brown,jaylen-brown,G,,,32:05,5,11,0.455,2,5,0.4,6,6,1.0,0,3,3,1,1,0,2,5,18,5.0,2021-22,Playoffs
0042100214,1610612738,Boston,Celtics,BOS,celtics,203935,Marcus,Smart,M. Smart,marcus-smart,G,,,41:21,8,13,0.615,2,3,0.667,0,0,0.0,0,2,2,8,0,2,3,3,18,1.0,2021-22,Playoffs
0042100214,1610612738,Boston,Celtics,BOS,celtics,1628464,Daniel,Theis,D. Theis,daniel-theis,,,,10:57,0,5,0.0,0,2,0.0,0,0,0.0,0,1,1,1,0,0,1,2,0,-10.0,2021-22,Playoffs
0042100214,1610612738,Boston,Celtics,BOS,celtics,1628401,Derrick,White,D. White,derrick-white,,,,34:18,4,6,0.667,1,3,0.333,2,2,1.0,1,3,4,3,0,1,0,2,11,18.0,2021-22,Playoffs
0042100214,1610612738,Boston,Celtics,BOS,celtics,1630202,Payton,Pritchard,P. Pritchard,payton-pritchard,,,,13:10,0,2,0.0,0,2,0.0,0,0,0.0,1,2,3,4,1,0,0,2,0,14.0,2021-22,Playoffs
0042100214,1610612738,Boston,Celtics,BOS,celtics,1630238,Malik,Fitts,M. Fitts,malik-fitts,,DNP - Coach's Decision,,,0,0,0.0,0,0,0.0,0,0,0.0,0,0,0,0,0,0,0,0,0,0.0,2021-22,Playoffs
0042100214,1610612738,Boston,Celtics,BOS,celtics,1628436,Luke,Kornet,L. Kornet,luke-kornet,,DNP - Coach's Decision,,,0,0,0.0,0,0,0.0,0,0,0.0,0,0,0,0,0,0,0,0,0,0.0,2021-22,Playoffs
0042100214,1610612738,Boston,Celtics,BOS,celtics,1629752,Juwan,Morgan,J. Morgan,juwan-morgan,,DNP - Coach's Decision,,,0,0,0.0,0,0,0.0,0,0,0.0,0,0,0,0,0,0,0,0,0,0.0,2021-22,Playoffs
0042100214,1610612738,Boston,Celtics,BOS,celtics,1630174,Aaron,Nesmith,A. Nesmith,aaron-nesmith,,DNP - Coach's Decision,,,0,0,0.0,0,0,0.0,0,0,0.0,0,0,0,0,0,0,0,0,0,0.0,2021-22,Playoffs
0042100214,1610612738,Boston,Celtics,BOS,celtics,203917,Nik,Stauskas,N. Stauskas,nik-stauskas,,DNP - Coach's Decision,,,0,0,0.0,0,0,0.0,0,0,0.0,0,0,0,0,0,0,0,0,0,0.0,2021-22,Playoffs
0042100215,1610612738,Boston,Celtics,BOS,celtics,1628369,Jayson,Tatum,J. Tatum,jayson-tatum,F,,,41:39,12,29,0.414,2,11,0.182,8,9,0.889,1,5,6,4,1,1,1,3,34,-4.0,2021-22,Playoffs
0042100215,1610612738,Boston,Celtics,BOS,celtics,1629684,Grant,Williams,G. Williams,grant-williams,F,,,30:37,0,3,0.0,0,2,0.0,0,0,0.0,1,1,2,1,0,0,2,4,0,-11.0,2021-22,Playoffs
0042100215,1610612738,Boston,Celtics,BOS,celtics,201143,Al,Horford,A. Horford,al-horford,C,,,40:53,4,7,0.571,0,2,0.0,0,0,0.0,1,7,8,6,3,1,1,3,8,-5.0,2021-22,Playoffs
0042100215,1610612738,Boston,Celtics,BOS,celtics,1627759,Jaylen,Brown,J. Brown,jaylen-brown,G,,,35:15,9,19,0.474,3,7,0.429,5,6,0.833,2,6,8,6,0,1,2,3,26,-7.0,2021-22,Playoffs
0042100215,1610612738,Boston,Celtics,BOS,celtics,203935,Marcus,Smart,M. Smart,marcus-smart,G,,,38:15,6,11,0.545,3,5,0.6,0,0,0.0,0,4,4,1,2,1,3,2,15,-6.0,2021-22,Playoffs
0042100215,1610612738,Boston,Celtics,BOS,celtics,1628401,Derrick,White,D. White,derrick-white,,,,32:07,4,5,0.8,1,2,0.5,0,0,0.0,0,5,5,6,0,2,1,2,9,8.0,2021-22,Playoffs
0042100215,1610612738,Boston,Celtics,BOS,celtics,1628464,Daniel,Theis,D. Theis,daniel-theis,,,,11:29,5,5,1.0,1,1,1.0,0,0,0.0,0,1,1,0,0,1,0,2,11,7.0,2021-22,Playoffs
0042100215,1610612738,Boston,Celtics,BOS,celtics,1630202,Payton,Pritchard,P. Pritchard,payton-pritchard,,,,9:45,2,3,0.667,0,1,0.0,0,0,0.0,0,2,2,1,0,0,0,0,4,3.0,2021-22,Playoffs
0042100215,1610612738,Boston,Celtics,BOS,celtics,1630238,Malik,Fitts,M. Fitts,malik-fitts,,DNP - Coach's Decision,,,0,0,0.0,0,0,0.0,0,0,0.0,0,0,0,0,0,0,0,0,0,0.0,2021-22,Playoffs
0042100215,1610612738,Boston,Celtics,BOS,celtics,1628436,Luke,Kornet,L. Kornet,luke-kornet,,DNP - Coach's Decision,,,0,0,0.0,0,0,0.0,0,0,0.0,0,0,0,0,0,0,0,0,0,0.0,2021-22,Playoffs
0042100215,1610612738,Boston,Celtics,BOS,celtics,1629752,Juwan,Morgan,J. Morgan,juwan-morgan,,DNP - Coach's Decision,,,0,0,0.0,0,0,0.0,0,0,0.0,0,0,0,0,0,0,0,0,0,0.0,2021-22,Playoffs
0042100215,1610612738,Boston,Celtics,BOS,celtics,1630174,Aaron,Nesmith,A. Nesmith,aaron-nesmith,,DNP - Coach's Decision,,,0,0,0.0,0,0,0.0,0,0,0.0,0,0,0,0,0,0,0,0,0,0.0,2021-22,Playoffs
0042100215,1610612738,Boston,Celtics,BOS,celtics,203917,Nik,Stauskas,N. Stauskas,nik-stauskas,,DNP - Coach's Decision,,,0,0,0.0,0,0,0.0,0,0,0.0,0,0,0,0,0,0,0,0,0,0.0,2021-22,Playoffs
0042100215,1610612749,Milwaukee,Bucks,MIL,bucks,202083,Wesley,Matthews,W. Matthews,wesley-matthews,F,,,36:38,3,9,0.333,3,6,0.5,0,0,0.0,3,4,7,2,1,0,0,0,9,6.0,2021-22,Playoffs
0042100215,1610612749,Milwaukee,Bucks,MIL,bucks,203507,Giannis,Antetokounmpo,G. Antetokounmpo,giannis-antetokounmpo,F,,,40:20,16,27,0.593,2,5,0.4,6,10,0.6,2,9,11,3,1,1,7,4,40,7.0,2021-22,Playoffs
0042100215,1610612749,Milwaukee,Bucks,MIL,bucks,201572,Brook,Lopez,B. Lopez,brook-lopez,C,,,20:15,1,4,0.25,0,2,0.0,0,0,0.0,2,1,3,2,0,0,0,1,2,-3.0,2021-22,Playoffs
0042100215,1610612749,Milwaukee,Bucks,MIL,bucks,1628960,Grayson,Allen,G. Allen,grayson-allen,G,,,29:43,3,7,0.429,1,2,0.5,1,1,1.0,1,1,2,5,0,1,3,2,8,5.0,2021-22,Playoffs
0042100215,1610612749,Milwaukee,Bucks,MIL,bucks,201950,Jrue,Holiday,J. Holiday,jrue-holiday,G,,,40:51,9,24,0.375,4,7,0.571,2,2,1.0,1,7,8,8,1,2,2,2,24,14.0,2021-22,Playoffs
0042100215,1610612749,Milwaukee,Bucks,MIL,bucks,1626171,Bobby,Portis,B. Portis,bobby-portis,,,,28:26,4,14,0.286,0,2,0.0,6,6,1.0,7,8,15,2,1,0,0,3,14,2.0,2021-22,Playoffs
0042100215,1610612749,Milwaukee,Bucks,MIL,bucks,1626192,Pat,Connaughton,P. Connaughton,pat-connaughton,,,,31:11,4,7,0.571,3,5,0.6,2,2,1.0,1,0,1,0,1,1,1,0,13,-1.0,2021-22,Playoffs
0042100215,1610612749,Milwaukee,Bucks,MIL,bucks,201588,George,Hill,G. Hill,george-hill,,,,12:36,0,0,0.0,0,0,0.0,0,0,0.0,0,2,2,0,0,0,0,2,0,-15.0,2021-22,Playoffs
0042100215,1610612749,Milwaukee,Bucks,MIL,bucks,203648,Thanasis,Antetokounmpo,T. Antetokounmpo,thanasis-antetokounmpo,,DNP - Coach's Decision,,,0,0,0.0,0,0,0.0,0,0,0.0,0,0,0,0,0,0,0,0,0,0.0,2021-22,Playoffs
0042100215,1610612749,Milwaukee,Bucks,MIL,bucks,1628975,Jevon,Carter,J. Carter,jevon-carter,,DNP - Coach's Decision,,,0,0,0.0,0,0,0.0,0,0,0.0,0,0,0,0,0,0,0,0,0,0.0,2021-22,Playoffs
0042100215,1610612749,Milwaukee,Bucks,MIL,bucks,201586,Serge,Ibaka,S. Ibaka,serge-ibaka,,DNP - Coach's Decision,,,0,0,0.0,0,0,0.0,0,0,0.0,0,0,0,0,0,0,0,0,0,0.0,2021-22,Playoffs
0042100215,1610612749,Milwaukee,Bucks,MIL,bucks,1629670,Jordan,Nwora,J. Nwora,jordan-nwora,,DNP - Coach's Decision,,,0,0,0.0,0,0,0.0,0,0,0.0,0,0,0,0,0,0,0,0,0,0.0,2021-22,Playoffs
0042100215,1610612749,Milwaukee,Bucks,MIL,bucks,1629730,Rayjon,Tucker,R. Tucker,rayjon-tucker,,DNP - Coach's Decision,,,0,0,0.0,0,0,0.0,0,0,0.0,0,0,0,0,0,0,0,0,0,0.0,2021-22,Playoffs
0042100215,1610612749,Milwaukee,Bucks,MIL,bucks,1630492,Luca,Vildoza,L. Vildoza,luca-vildoza,,DNP - Coach's Decision,,,0,0,0.0,0,0,0.0,0,0,0.0,0,0,0,0,0,0,0,0,0,0.0,2021-22,Playoffs
0042100216,1610612749,Milwaukee,Bucks,MIL,bucks,202083,Wesley,Matthews,W. Matthews,wesley-matthews,F,,,27:44,2,6,0.333,0,2,0.0,0,0,0.0,0,4,4,2,0,0,1,2,4,-4.0,2021-22,Playoffs
0042100216,1610612749,Milwaukee,Bucks,MIL,bucks,203507,Giannis,Antetokounmpo,G. Antetokounmpo,giannis-antetokounmpo,F,,,40:49,14,30,0.467,2,3,0.667,14,15,0.933,3,17,20,6,1,1,6,4,44,-5.0,2021-22,Playoffs
0042100216,1610612749,Milwaukee,Bucks,MIL,bucks,201572,Brook,Lopez,B. Lopez,brook-lopez,C,,,19:11,3,6,0.5,0,2,0.0,0,0,0.0,0,3,3,0,1,0,1,1,6,-22.0,2021-22,Playoffs
0042100216,1610612749,Milwaukee,Bucks,MIL,bucks,1628960,Grayson,Allen,G. Allen,grayson-allen,G,,,22:09,1,7,0.143,0,4,0.0,1,1,1.0,1,2,3,1,0,0,1,3,3,-29.0,2021-22,Playoffs
0042100216,1610612749,Milwaukee,Bucks,MIL,bucks,201950,Jrue,Holiday,J. Holiday,jrue-holiday,G,,,42:21,7,17,0.412,3,10,0.3,0,0,0.0,0,2,2,4,3,2,1,1,17,-4.0,2021-22,Playoffs
0042100216,1610612749,Milwaukee,Bucks,MIL,bucks,1626192,Pat,Connaughton,P. Connaughton,pat-connaughton,,,,33:04,6,8,0.75,2,3,0.667,0,0,0.0,0,4,4,2,0,0,0,3,14,2.0,2021-22,Playoffs
0042100216,1610612749,Milwaukee,Bucks,MIL,bucks,1626171,Bobby,Portis,B. Portis,bobby-portis,,,,29:09,2,8,0.25,0,3,0.0,0,0,0.0,2,8,10,0,0,0,0,4,4,-2.0,2021-22,Playoffs
0042100216,1610612749,Milwaukee,Bucks,MIL,bucks,201588,George,Hill,G. Hill,george-hill,,,,18:35,0,3,0.0,0,0,0.0,0,0,0.0,1,0,1,0,0,0,0,5,0,-1.0,2021-22,Playoffs
0042100216,1610612749,Milwaukee,Bucks,MIL,bucks,1628975,Jevon,Carter,J. Carter,jevon-carter,,,,1:24,1,1,1.0,0,0,0.0,0,0,0.0,0,1,1,0,0,0,0,0,2,0.0,2021-22,Playoffs
0042100216,1610612749,Milwaukee,Bucks,MIL,bucks,1630492,Luca,Vildoza,L. Vildoza,luca-vildoza,,,,1:24,0,1,0.0,0,1,0.0,0,0,0.0,0,0,0,0,0,0,0,0,0,0.0,2021-22,Playoffs
0042100216,1610612749,Milwaukee,Bucks,MIL,bucks,1629670,Jordan,Nwora,J. Nwora,jordan-nwora,,,,1:24,0,1,0.0,0,1,0.0,0,0,0.0,0,0,0,0,0,0,0,0,0,0.0,2021-22,Playoffs
0042100216,1610612749,Milwaukee,Bucks,MIL,bucks,203648,Thanasis,Antetokounmpo,T. Antetokounmpo,thanasis-antetokounmpo,,,,1:24,0,0,0.0,0,0,0.0,1,2,0.5,0,1,1,0,0,0,0,0,1,0.0,2021-22,Playoffs
0042100216,1610612749,Milwaukee,Bucks,MIL,bucks,1629730,Rayjon,Tucker,R. Tucker,rayjon-tucker,,,,1:24,0,0,0.0,0,0,0.0,0,0,0.0,0,0,0,0,0,0,0,2,0,0.0,2021-22,Playoffs
0042100216,1610612749,Milwaukee,Bucks,MIL,bucks,201586,Serge,Ibaka,S. Ibaka,serge-ibaka,,DNP - Coach's Decision,,,0,0,0.0,0,0,0.0,0,0,0.0,0,0,0,0,0,0,0,0,0,0.0,2021-22,Playoffs
0042100216,1610612738,Boston,Celtics,BOS,celtics,1628369,Jayson,Tatum,J. Tatum,jayson-tatum,F,,,42:43,17,32,0.531,7,15,0.467,5,7,0.714,0,9,9,4,0,1,4,2,46,21.0,2021-22,Playoffs
0042100216,1610612738,Boston,Celtics,BOS,celtics,1629684,Grant,Williams,G. Williams,grant-williams,F,,,28:02,0,3,0.0,0,1,0.0,2,5,0.4,0,5,5,1,2,0,1,5,2,9.0,2021-22,Playoffs
0042100216,1610612738,Boston,Celtics,BOS,celtics,201143,Al,Horford,A. Horford,al-horford,C,,,38:14,1,6,0.167,0,4,0.0,0,0,0.0,2,8,10,3,1,4,1,1,2,9.0,2021-22,Playoffs
0042100216,1610612738,Boston,Celtics,BOS,celtics,1627759,Jaylen,Brown,J. Brown,jaylen-brown,G,,,40:41,7,16,0.438,4,7,0.571,4,7,0.571,2,3,5,4,0,1,2,2,22,2.0,2021-22,Playoffs
0042100216,1610612738,Boston,Celtics,BOS,celtics,203935,Marcus,Smart,M. Smart,marcus-smart,G,,,40:12,8,16,0.5,5,9,0.556,0,0,0.0,2,3,5,7,0,0,0,2,21,11.0,2021-22,Playoffs
0042100216,1610612738,Boston,Celtics,BOS,celtics,1628401,Derrick,White,D. White,derrick-white,,,,29:46,3,9,0.333,1,5,0.2,2,2,1.0,2,3,5,2,2,0,0,3,9,9.0,2021-22,Playoffs
0042100216,1610612738,Boston,Celtics,BOS,celtics,1628464,Daniel,Theis,D. Theis,daniel-theis,,,,10:25,2,3,0.667,0,1,0.0,0,0,0.0,0,2,2,0,0,0,0,1,4,4.0,2021-22,Playoffs
0042100216,1610612738,Boston,Celtics,BOS,celtics,1630202,Payton,Pritchard,P. Pritchard,payton-pritchard,,,,7:23,0,2,0.0,0,1,0.0,0,0,0.0,0,0,0,1,0,1,0,1,0,-2.0,2021-22,Playoffs
0042100216,1610612738,Boston,Celtics,BOS,celtics,1630174,Aaron,Nesmith,A. Nesmith,aaron-nesmith,,,,1:17,0,0,0.0,0,0,0.0,0,0,0.0,0,1,1,0,0,0,0,0,0,1.0,2021-22,Playoffs
0042100216,1610612738,Boston,Celtics,BOS,celtics,203917,Nik,Stauskas,N. Stauskas,nik-stauskas,,,,1:17,0,0,0.0,0,0,0.0,2,2,1.0,0,0,0,0,0,0,0,0,2,1.0,2021-22,Playoffs
0042100216,1610612738,Boston,Celtics,BOS,celtics,1630238,Malik,Fitts,M. Fitts,malik-fitts,,DNP - Coach's Decision,,,0,0,0.0,0,0,0.0,0,0,0.0,0,0,0,0,0,0,0,0,0,0.0,2021-22,Playoffs
0042100216,1610612738,Boston,Celtics,BOS,celtics,1628436,Luke,Kornet,L. Kornet,luke-kornet,,DNP - Coach's Decision,,,0,0,0.0,0,0,0.0,0,0,0.0,0,0,0,0,0,0,0,0,0,0.0,2021-22,Playoffs
0042100216,1610612738,Boston,Celtics,BOS,celtics,1629752,Juwan,Morgan,J. Morgan,juwan-morgan,,DNP - Coach's Decision,,,0,0,0.0,0,0,0.0,0,0,0.0,0,0,0,0,0,0,0,0,0,0.0,2021-22,Playoffs
0042100217,1610612738,Boston,Celtics,BOS,celtics,1628369,Jayson,Tatum,J. Tatum,jayson-tatum,F,,,36:30,7,14,0.5,5,9,0.556,4,5,0.8,1,5,6,8,0,1,7,4,23,15.0,2021-22,Playoffs
0042100217,1610612738,Boston,Celtics,BOS,celtics,1629684,Grant,Williams,G. Williams,grant-williams,F,,,39:20,10,22,0.455,7,18,0.389,0,0,0.0,1,5,6,0,0,2,1,5,27,25.0,2021-22,Playoffs
0042100217,1610612738,Boston,Celtics,BOS,celtics,201143,Al,Horford,A. Horford,al-horford,C,,,39:39,2,7,0.286,0,2,0.0,2,2,1.0,1,9,10,6,0,1,0,3,6,13.0,2021-22,Playoffs
0042100217,1610612738,Boston,Celtics,BOS,celtics,1627759,Jaylen,Brown,J. Brown,jaylen-brown,G,,,36:46,8,16,0.5,2,5,0.4,1,4,0.25,1,7,8,0,2,0,2,2,19,15.0,2021-22,Playoffs
0042100217,1610612738,Boston,Celtics,BOS,celtics,203935,Marcus,Smart,M. Smart,marcus-smart,G,,,37:05,2,9,0.222,1,6,0.167,6,7,0.857,1,6,7,10,1,1,2,5,11,18.0,2021-22,Playoffs
0042100217,1610612738,Boston,Celtics,BOS,celtics,1628401,Derrick,White,D. White,derrick-white,,,,18:13,1,10,0.1,1,6,0.167,0,0,0.0,0,2,2,1,1,0,0,0,3,10.0,2021-22,Playoffs
0042100217,1610612738,Boston,Celtics,BOS,celtics,1628464,Daniel,Theis,D. Theis,daniel-theis,,,,6:18,0,1,0.0,0,1,0.0,0,0,0.0,1,2,3,0,1,2,0,0,0,11.0,2021-22,Playoffs
0042100217,1610612738,Boston,Celtics,BOS,celtics,1630202,Payton,Pritchard,P. Pritchard,payton-pritchard,,,,17:01,5,7,0.714,4,6,0.667,0,0,0.0,2,3,5,3,0,0,0,0,14,14.0,2021-22,Playoffs
0042100217,1610612738,Boston,Celtics,BOS,celtics,203917,Nik,Stauskas,N. Stauskas,nik-stauskas,,,,2:03,0,0,0.0,0,0,0.0,0,0,0.0,0,0,0,1,0,0,0,0,0,4.0,2021-22,Playoffs
0042100217,1610612738,Boston,Celtics,BOS,celtics,1630174,Aaron,Nesmith,A. Nesmith,aaron-nesmith,,,,2:03,1,1,1.0,1,1,1.0,0,0,0.0,0,1,1,0,0,0,0,0,3,4.0,2021-22,Playoffs
0042100217,1610612738,Boston,Celtics,BOS,celtics,1628436,Luke,Kornet,L. Kornet,luke-kornet,,,,2:03,0,0,0.0,0,0,0.0,0,0,0.0,0,0,0,0,0,0,0,0,0,4.0,2021-22,Playoffs
0042100217,1610612738,Boston,Celtics,BOS,celtics,1630238,Malik,Fitts,M. Fitts,malik-fitts,,,,2:03,1,1,1.0,1,1,1.0,0,0,0.0,0,0,0,0,0,0,0,0,3,4.0,2021-22,Playoffs
0042100217,1610612738,Boston,Celtics,BOS,celtics,1629752,Juwan,Morgan,J. Morgan,juwan-morgan,,,,0:57,0,0,0.0,0,0,0.0,0,0,0.0,0,0,0,0,0,0,0,0,0,3.0,2021-22,Playoffs
0042100217,1610612738,Boston,Celtics,BOS,celtics,1629057,Robert,Williams III,R. Williams III,robert-williams-iii,,DNP - Coach's Decision,,,0,0,0.0,0,0,0.0,0,0,0.0,0,0,0,0,0,0,0,0,0,0.0,2021-22,Playoffs
0042100217,1610612749,Milwaukee,Bucks,MIL,bucks,202083,Wesley,Matthews,W. Matthews,wesley-matthews,F,,,21:41,1,5,0.2,0,3,0.0,1,2,0.5,1,1,2,0,0,0,1,2,3,-23.0,2021-22,Playoffs
0042100217,1610612749,Milwaukee,Bucks,MIL,bucks,203507,Giannis,Antetokounmpo,G. Antetokounmpo,giannis-antetokounmpo,F,,,43:09,10,26,0.385,1,4,0.25,4,6,0.667,3,17,20,9,2,1,5,3,25,-20.0,2021-22,Playoffs
0042100217,1610612749,Milwaukee,Bucks,MIL,bucks,201572,Brook,Lopez,B. Lopez,brook-lopez,C,,,37:09,6,12,0.5,1,6,0.167,2,2,1.0,4,6,10,0,0,3,2,3,15,-20.0,2021-22,Playoffs
0042100217,1610612749,Milwaukee,Bucks,MIL,bucks,1628960,Grayson,Allen,G. Allen,grayson-allen,G,,,21:38,0,6,0.0,0,4,0.0,1,2,0.5,0,3,3,0,0,0,0,1,1,-5.0,2021-22,Playoffs
0042100217,1610612749,Milwaukee,Bucks,MIL,bucks,201950,Jrue,Holiday,J. Holiday,jrue-holiday,G,,,40:56,9,21,0.429,0,6,0.0,3,4,0.75,1,4,5,8,2,0,1,4,21,-19.0,2021-22,Playoffs
0042100217,1610612749,Milwaukee,Bucks,MIL,bucks,1626192,Pat,Connaughton,P. Connaughton,pat-connaughton,,,,32:02,1,6,0.167,0,5,0.0,0,0,0.0,0,6,6,2,0,0,0,1,2,-17.0,2021-22,Playoffs
0042100217,1610612749,Milwaukee,Bucks,MIL,bucks,1626171,Bobby,Portis,B. Portis,bobby-portis,,,,21:54,4,9,0.444,2,3,0.667,0,0,0.0,0,6,6,0,1,1,3,3,10,-9.0,2021-22,Playoffs
0042100217,1610612749,Milwaukee,Bucks,MIL,bucks,201588,George,Hill,G. Hill,george-hill,,,,11:15,0,0,0.0,0,0,0.0,0,0,0.0,0,2,2,0,0,0,1,1,0,-7.0,2021-22,Playoffs
0042100217,1610612749,Milwaukee,Bucks,MIL,bucks,203648,Thanasis,Antetokounmpo,T. Antetokounmpo,thanasis-antetokounmpo,,,,2:03,0,0,0.0,0,0,0.0,0,0,0.0,1,0,1,0,0,0,0,0,0,-4.0,2021-22,Playoffs
0042100217,1610612749,Milwaukee,Bucks,MIL,bucks,1629670,Jordan,Nwora,J. Nwora,jordan-nwora,,,,2:03,1,2,0.5,0,1,0.0,0,0,0.0,0,0,0,0,0,0,0,0,2,-4.0,2021-22,Playoffs
0042100217,1610612749,Milwaukee,Bucks,MIL,bucks,1629730,Rayjon,Tucker,R. Tucker,rayjon-tucker,,,,2:03,0,2,0.0,0,1,0.0,0,0,0.0,0,0,0,0,0,0,0,0,0,-4.0,2021-22,Playoffs
0042100217,1610612749,Milwaukee,Bucks,MIL,bucks,1630492,Luca,Vildoza,L. Vildoza,luca-vildoza,,,,2:03,1,1,1.0,0,0,0.0,0,0,0.0,1,0,1,1,0,0,0,0,2,-4.0,2021-22,Playoffs
0042100217,1610612749,Milwaukee,Bucks,MIL,bucks,1628975,Jevon,Carter,J. Carter,jevon-carter,,,,2:03,0,0,0.0,0,0,0.0,0,0,0.0,0,0,0,0,0,0,0,0,0,-4.0,2021-22,Playoffs
0042100217,1610612749,Milwaukee,Bucks,MIL,bucks,201586,Serge,Ibaka,S. Ibaka,serge-ibaka,,DNP - Coach's Decision,,,0,0,0.0,0,0,0.0,0,0,0.0,0,0,0,0,0,0,0,0,0,0.0,2021-22,Playoffs
0042100221,1610612756,Phoenix,Suns,PHX,suns,1628969,Mikal,Bridges,M. Bridges,mikal-bridges,F,,,42:16,4,9,0.444,1,3,0.333,4,4,1.0,3,4,7,4,1,2,0,5,13,7.0,2021-22,Playoffs
0042100221,1610612756,Phoenix,Suns,PHX,suns,203109,Jae,Crowder,J. Crowder,jae-crowder,F,,,28:19,4,6,0.667,3,5,0.6,0,0,0.0,2,6,8,3,0,1,3,5,11,-2.0,2021-22,Playoffs
0042100221,1610612756,Phoenix,Suns,PHX,suns,1629028,Deandre,Ayton,D. Ayton,deandre-ayton,C,,,33:07,12,20,0.6,0,0,0.0,1,1,1.0,3,5,8,0,0,1,0,1,25,10.0,2021-22,Playoffs
0042100221,1610612756,Phoenix,Suns,PHX,suns,1626164,Devin,Booker,D. Booker,devin-booker,G,,,38:13,7,20,0.35,1,5,0.2,8,8,1.0,3,6,9,8,0,1,1,1,23,6.0,2021-22,Playoffs
0042100221,1610612756,Phoenix,Suns,PHX,suns,101108,Chris,Paul,C. Paul,chris-paul,G,,,28:45,7,13,0.538,2,5,0.4,3,3,1.0,0,5,5,3,1,1,1,3,19,14.0,2021-22,Playoffs
0042100221,1610612756,Phoenix,Suns,PHX,suns,1626166,Cameron,Payne,C. Payne,cameron-payne,,,,19:15,4,8,0.5,1,3,0.333,0,0,0.0,0,3,3,5,0,0,1,0,9,-7.0,2021-22,Playoffs
0042100221,1610612756,Phoenix,Suns,PHX,suns,1629661,Cameron,Johnson,C. Johnson,cameron-johnson,,,,24:04,6,10,0.6,3,6,0.5,2,2,1.0,1,4,5,1,0,0,2,3,17,8.0,2021-22,Playoffs
0042100221,1610612756,Phoenix,Suns,PHX,suns,201580,JaVale,McGee,J. McGee,javale-mcgee,,,,14:02,2,3,0.667,0,0,0.0,0,0,0.0,1,2,3,2,1,0,0,2,4,-2.0,2021-22,Playoffs
0042100221,1610612756,Phoenix,Suns,PHX,suns,1629013,Landry,Shamet,L. Shamet,landry-shamet,,,,9:01,0,1,0.0,0,0,0.0,0,0,0.0,0,2,2,1,0,0,0,1,0,3.0,2021-22,Playoffs
0042100221,1610612756,Phoenix,Suns,PHX,suns,1628470,Torrey,Craig,T. Craig,torrey-craig,,,,2:59,0,1,0.0,0,1,0.0,0,0,0.0,0,1,1,0,0,0,1,0,0,-2.0,2021-22,Playoffs
0042100221,1610612756,Phoenix,Suns,PHX,suns,202687,Bismack,Biyombo,B. Biyombo,bismack-biyombo,,DNP - Coach's Decision,,,0,0,0.0,0,0,0.0,0,0,0.0,0,0,0,0,0,0,0,0,0,0.0,2021-22,Playoffs
0042100221,1610612756,Phoenix,Suns,PHX,suns,1628988,Aaron,Holiday,A. Holiday,aaron-holiday,,DNP - Coach's Decision,,,0,0,0.0,0,0,0.0,0,0,0.0,0,0,0,0,0,0,0,0,0,0.0,2021-22,Playoffs
0042100221,1610612756,Phoenix,Suns,PHX,suns,203901,Elfrid,Payton,E. Payton,elfrid-payton,,DNP - Coach's Decision,,,0,0,0.0,0,0,0.0,0,0,0.0,0,0,0,0,0,0,0,0,0,0.0,2021-22,Playoffs
0042100221,1610612756,Phoenix,Suns,PHX,suns,1630688,Ish,Wainright,I. Wainright,ish-wainright,,DNP - Coach's Decision,,,0,0,0.0,0,0,0.0,0,0,0.0,0,0,0,0,0,0,0,0,0,0.0,2021-22,Playoffs
0042100221,1610612742,Dallas,Mavericks,DAL,mavericks,203493,Reggie,Bullock Jr.,R. Bullock Jr.,reggie-bullock-jr,F,,,32:33,2,7,0.286,2,7,0.286,1,1,1.0,0,6,6,0,1,0,1,6,7,-11.0,2021-22,Playoffs
0042100221,1610612742,Dallas,Mavericks,DAL,mavericks,1627827,Dorian,Finney-Smith,D. Finney-Smith,dorian-finney-smith,F,,,40:27,5,10,0.5,2,6,0.333,3,4,0.75,3,3,6,0,1,0,1,3,15,-5.0,2021-22,Playoffs
0042100221,1610612742,Dallas,Mavericks,DAL,mavericks,203939,Dwight,Powell,D. Powell,dwight-powell,C,,,15:46,2,3,0.667,0,0,0.0,0,0,0.0,0,1,1,0,0,0,0,2,4,-10.0,2021-22,Playoffs
0042100221,1610612742,Dallas,Mavericks,DAL,mavericks,1628973,Jalen,Brunson,J. Brunson,jalen-brunson,G,,,30:45,6,16,0.375,0,1,0.0,1,1,1.0,2,2,4,3,1,0,1,4,13,-7.0,2021-22,Playoffs
0042100221,1610612742,Dallas,Mavericks,DAL,mavericks,1629029,Luka,Dončić,L. Dončić,luka-dončić,G,,,44:23,15,30,0.5,4,11,0.364,11,14,0.786,2,10,12,8,0,1,5,1,45,-4.0,2021-22,Playoffs
0042100221,1610612742,Dallas,Mavericks,DAL,mavericks,203915,Spencer,Dinwiddie,S. Dinwiddie,spencer-dinwiddie,,,,30:27,3,8,0.375,2,4,0.5,0,0,0.0,0,3,3,4,2,0,0,2,8,2.0,2021-22,Playoffs
0042100221,1610612742,Dallas,Mavericks,DAL,mavericks,1628467,Maxi,Kleber,M. Kleber,maxi-kleber,,,,24:53,6,9,0.667,5,8,0.625,2,5,0.4,0,1,1,0,0,1,0,1,19,-16.0,2021-22,Playoffs
0042100221,1610612742,Dallas,Mavericks,DAL,mavericks,202722,Davis,Bertans,D. Bertans,davis-bertans,,,,8:27,1,2,0.5,1,2,0.5,0,0,0.0,0,1,1,0,1,0,0,1,3,4.0,2021-22,Playoffs
0042100221,1610612742,Dallas,Mavericks,DAL,mavericks,1630182,Josh,Green,J. Green,josh-green,,,,10:03,0,0,0.0,0,0,0.0,0,0,0.0,0,2,2,0,0,0,0,2,0,11.0,2021-22,Playoffs
0042100221,1610612742,Dallas,Mavericks,DAL,mavericks,1628373,Frank,Ntilikina,F. Ntilikina,frank-ntilikina,,,,2:17,0,0,0.0,0,0,0.0,0,0,0.0,0,0,0,1,0,0,0,0,0,1.0,2021-22,Playoffs
0042100221,1610612742,Dallas,Mavericks,DAL,mavericks,1628425,Sterling,Brown,S. Brown,sterling-brown,,DNP - Coach's Decision,,,0,0,0.0,0,0,0.0,0,0,0.0,0,0,0,0,0,0,0,0,0,0.0,2021-22,Playoffs
0042100221,1610612742,Dallas,Mavericks,DAL,mavericks,203504,Trey,Burke,T. Burke,trey-burke,,DNP - Coach's Decision,,,0,0,0.0,0,0,0.0,0,0,0.0,0,0,0,0,0,0,0,0,0,0.0,2021-22,Playoffs
0042100221,1610612742,Dallas,Mavericks,DAL,mavericks,1627737,Marquese,Chriss,M. Chriss,marquese-chriss,,DNP - Coach's Decision,,,0,0,0.0,0,0,0.0,0,0,0.0,0,0,0,0,0,0,0,0,0,0.0,2021-22,Playoffs
0042100221,1610612742,Dallas,Mavericks,DAL,mavericks,1626246,Boban,Marjanović,B. Marjanović,boban-marjanović,,DNP - Coach's Decision,,,0,0,0.0,0,0,0.0,0,0,0.0,0,0,0,0,0,0,0,0,0,0.0,2021-22,Playoffs
0042100222,1610612756,Phoenix,Suns,PHX,suns,1628969,Mikal,Bridges,M. Bridges,mikal-bridges,F,,,38:55,5,6,0.833,1,2,0.5,0,0,0.0,1,2,3,6,2,0,0,1,11,31.0,2021-22,Playoffs
0042100222,1610612756,Phoenix,Suns,PHX,suns,203109,Jae,Crowder,J. Crowder,jae-crowder,F,,,29:25,4,7,0.571,3,5,0.6,4,5,0.8,1,6,7,3,1,1,1,1,15,15.0,2021-22,Playoffs
0042100222,1610612756,Phoenix,Suns,PHX,suns,1629028,Deandre,Ayton,D. Ayton,deandre-ayton,C,,,18:29,3,6,0.5,0,0,0.0,3,4,0.75,1,2,3,0,0,0,3,4,9,12.0,2021-22,Playoffs
0042100222,1610612756,Phoenix,Suns,PHX,suns,1626164,Devin,Booker,D. Booker,devin-booker,G,,,35:32,11,19,0.579,5,8,0.625,3,3,1.0,1,3,4,4,0,1,2,4,30,21.0,2021-22,Playoffs
0042100222,1610612756,Phoenix,Suns,PHX,suns,101108,Chris,Paul,C. Paul,chris-paul,G,,,36:13,11,16,0.688,1,2,0.5,5,5,1.0,0,6,6,8,1,0,3,2,28,19.0,2021-22,Playoffs
0042100222,1610612756,Phoenix,Suns,PHX,suns,1629661,Cameron,Johnson,C. Johnson,cameron-johnson,,,,17:14,3,6,0.5,1,4,0.25,2,2,1.0,0,2,2,2,0,0,2,4,9,19.0,2021-22,Playoffs
0042100222,1610612756,Phoenix,Suns,PHX,suns,1626166,Cameron,Payne,C. Payne,cameron-payne,,,,11:59,2,4,0.5,0,1,0.0,0,0,0.0,0,2,2,4,0,0,1,1,4,-10.0,2021-22,Playoffs
0042100222,1610612756,Phoenix,Suns,PHX,suns,201580,JaVale,McGee,J. McGee,javale-mcgee,,,,9:50,3,3,1.0,0,0,0.0,0,0,0.0,0,2,2,1,0,3,2,5,6,-3.0,2021-22,Playoffs
0042100222,1610612756,Phoenix,Suns,PHX,suns,1629013,Landry,Shamet,L. Shamet,landry-shamet,,,,14:32,2,4,0.5,1,2,0.5,0,0,0.0,0,1,1,0,1,0,0,1,5,1.0,2021-22,Playoffs
0042100222,1610612756,Phoenix,Suns,PHX,suns,1630688,Ish,Wainright,I. Wainright,ish-wainright,,,,6:02,1,1,1.0,1,1,1.0,0,0,0.0,0,0,0,0,0,0,1,2,3,-10.0,2021-22,Playoffs
0042100222,1610612756,Phoenix,Suns,PHX,suns,202687,Bismack,Biyombo,B. Biyombo,bismack-biyombo,,,,18:21,4,4,1.0,0,0,0.0,1,2,0.5,0,3,3,0,0,1,0,2,9,12.0,2021-22,Playoffs
0042100222,1610612756,Phoenix,Suns,PHX,suns,1628470,Torrey,Craig,T. Craig,torrey-craig,,,,3:27,0,0,0.0,0,0,0.0,0,0,0.0,0,1,1,0,1,0,1,1,0,-7.0,2021-22,Playoffs
0042100222,1610612756,Phoenix,Suns,PHX,suns,1628988,Aaron,Holiday,A. Holiday,aaron-holiday,,DNP - Coach's Decision,,,0,0,0.0,0,0,0.0,0,0,0.0,0,0,0,0,0,0,0,0,0,0.0,2021-22,Playoffs
0042100222,1610612756,Phoenix,Suns,PHX,suns,203901,Elfrid,Payton,E. Payton,elfrid-payton,,DNP - Coach's Decision,,,0,0,0.0,0,0,0.0,0,0,0.0,0,0,0,0,0,0,0,0,0,0.0,2021-22,Playoffs
0042100222,1610612742,Dallas,Mavericks,DAL,mavericks,203493,Reggie,Bullock Jr.,R. Bullock Jr.,reggie-bullock-jr,F,,,36:53,5,9,0.556,4,8,0.5,2,3,0.667,1,3,4,0,1,0,0,3,16,-24.0,2021-22,Playoffs
0042100222,1610612742,Dallas,Mavericks,DAL,mavericks,1627827,Dorian,Finney-Smith,D. Finney-Smith,dorian-finney-smith,F,,,20:22,1,2,0.5,0,0,0.0,0,0,0.0,0,1,1,1,0,1,0,4,2,-28.0,2021-22,Playoffs
0042100222,1610612742,Dallas,Mavericks,DAL,mavericks,203939,Dwight,Powell,D. Powell,dwight-powell,C,,,13:18,1,2,0.5,0,0,0.0,2,2,1.0,0,0,0,0,0,0,2,5,4,-18.0,2021-22,Playoffs
0042100222,1610612742,Dallas,Mavericks,DAL,mavericks,1628973,Jalen,Brunson,J. Brunson,jalen-brunson,G,,,27:36,3,12,0.25,1,3,0.333,2,2,1.0,1,4,5,2,1,0,3,4,9,-22.0,2021-22,Playoffs
0042100222,1610612742,Dallas,Mavericks,DAL,mavericks,1629029,Luka,Dončić,L. Dončić,luka-dončić,G,,,36:23,13,22,0.591,5,10,0.5,4,5,0.8,1,4,5,7,1,0,7,2,35,-28.0,2021-22,Playoffs
0042100222,1610612742,Dallas,Mavericks,DAL,mavericks,1628467,Maxi,Kleber,M. Kleber,maxi-kleber,,,,28:02,3,6,0.5,0,3,0.0,3,3,1.0,1,2,3,1,2,0,0,1,9,4.0,2021-22,Playoffs
0042100222,1610612742,Dallas,Mavericks,DAL,mavericks,203915,Spencer,Dinwiddie,S. Dinwiddie,spencer-dinwiddie,,,,28:10,3,10,0.3,2,5,0.4,3,4,0.75,1,0,1,2,0,0,1,1,11,1.0,2021-22,Playoffs
0042100222,1610612742,Dallas,Mavericks,DAL,mavericks,202722,Davis,Bertans,D. Bertans,davis-bertans,,,,18:35,3,7,0.429,3,7,0.429,0,0,0.0,0,2,2,2,0,0,0,3,9,7.0,2021-22,Playoffs
0042100222,1610612742,Dallas,Mavericks,DAL,mavericks,1630182,Josh,Green,J. Green,josh-green,,,,11:57,0,0,0.0,0,0,0.0,0,0,0.0,0,1,1,0,0,0,0,2,0,4.0,2021-22,Playoffs
0042100222,1610612742,Dallas,Mavericks,DAL,mavericks,1628425,Sterling,Brown,S. Brown,sterling-brown,,,,4:41,1,3,0.333,0,2,0.0,1,1,1.0,0,1,1,1,1,0,0,0,3,1.0,2021-22,Playoffs
0042100222,1610612742,Dallas,Mavericks,DAL,mavericks,1627737,Marquese,Chriss,M. Chriss,marquese-chriss,,,,4:41,1,2,0.5,0,0,0.0,3,4,0.75,2,0,2,0,0,0,0,0,5,1.0,2021-22,Playoffs
0042100222,1610612742,Dallas,Mavericks,DAL,mavericks,1628373,Frank,Ntilikina,F. Ntilikina,frank-ntilikina,,,,4:41,1,1,1.0,1,1,1.0,0,0,0.0,0,0,0,1,0,0,0,1,3,1.0,2021-22,Playoffs
0042100222,1610612742,Dallas,Mavericks,DAL,mavericks,203504,Trey,Burke,T. Burke,trey-burke,,,,4:41,1,3,0.333,1,2,0.5,0,0,0.0,0,0,0,2,1,0,1,0,3,1.0,2021-22,Playoffs
0042100222,1610612742,Dallas,Mavericks,DAL,mavericks,1626246,Boban,Marjanović,B. Marjanović,boban-marjanović,,DNP - Coach's Decision,,,0,0,0.0,0,0,0.0,0,0,0.0,0,0,0,0,0,0,0,0,0,0.0,2021-22,Playoffs
0042100223,1610612742,Dallas,Mavericks,DAL,mavericks,203493,Reggie,Bullock Jr.,R. Bullock Jr.,reggie-bullock-jr,F,,,40:46,5,11,0.455,4,10,0.4,1,1,1.0,1,3,4,2,3,0,0,2,15,15.0,2021-22,Playoffs
0042100223,1610612742,Dallas,Mavericks,DAL,mavericks,1627827,Dorian,Finney-Smith,D. Finney-Smith,dorian-finney-smith,F,,,41:25,5,15,0.333,4,11,0.364,0,0,0.0,2,2,4,0,3,0,2,1,14,6.0,2021-22,Playoffs
0042100223,1610612742,Dallas,Mavericks,DAL,mavericks,203939,Dwight,Powell,D. Powell,dwight-powell,C,,,10:11,1,2,0.5,0,0,0.0,0,0,0.0,2,2,4,1,1,0,0,2,2,5.0,2021-22,Playoffs
0042100223,1610612742,Dallas,Mavericks,DAL,mavericks,1628973,Jalen,Brunson,J. Brunson,jalen-brunson,G,,,36:22,10,21,0.476,1,5,0.2,7,7,1.0,0,4,4,5,1,0,1,1,28,7.0,2021-22,Playoffs
0042100223,1610612742,Dallas,Mavericks,DAL,mavericks,1629029,Luka,Dončić,L. Dončić,luka-dončić,G,,,34:08,11,25,0.44,2,7,0.286,2,5,0.4,3,10,13,9,2,0,5,5,26,20.0,2021-22,Playoffs
0042100223,1610612742,Dallas,Mavericks,DAL,mavericks,1628467,Maxi,Kleber,M. Kleber,maxi-kleber,,,,32:53,6,9,0.667,2,4,0.5,0,0,0.0,0,3,3,4,0,3,0,2,14,7.0,2021-22,Playoffs
0042100223,1610612742,Dallas,Mavericks,DAL,mavericks,203915,Spencer,Dinwiddie,S. Dinwiddie,spencer-dinwiddie,,,,24:06,2,7,0.286,0,2,0.0,0,0,0.0,0,4,4,4,1,1,0,2,4,-6.0,2021-22,Playoffs
0042100223,1610612742,Dallas,Mavericks,DAL,mavericks,202722,Davis,Bertans,D. Bertans,davis-bertans,,,,7:16,0,0,0.0,0,0,0.0,0,0,0.0,0,0,0,0,0,0,0,2,0,5.0,2021-22,Playoffs
0042100223,1610612742,Dallas,Mavericks,DAL,mavericks,1628373,Frank,Ntilikina,F. Ntilikina,frank-ntilikina,,,,12:29,0,0,0.0,0,0,0.0,0,0,0.0,0,0,0,0,1,0,0,2,0,-8.0,2021-22,Playoffs
0042100223,1610612742,Dallas,Mavericks,DAL,mavericks,1628425,Sterling,Brown,S. Brown,sterling-brown,,,,0:12,0,0,0.0,0,0,0.0,0,0,0.0,0,0,0,0,0,0,0,0,0,-3.0,2021-22,Playoffs
0042100223,1610612742,Dallas,Mavericks,DAL,mavericks,203504,Trey,Burke,T. Burke,trey-burke,,,,0:12,0,0,0.0,0,0,0.0,0,0,0.0,0,0,0,0,0,0,0,0,0,-3.0,2021-22,Playoffs
0042100223,1610612742,Dallas,Mavericks,DAL,mavericks,1627737,Marquese,Chriss,M. Chriss,marquese-chriss,,DNP - Coach's Decision,,,0,0,0.0,0,0,0.0,0,0,0.0,0,0,0,0,0,0,0,0,0,0.0,2021-22,Playoffs
0042100223,1610612742,Dallas,Mavericks,DAL,mavericks,1630182,Josh,Green,J. Green,josh-green,,DNP - Coach's Decision,,,0,0,0.0,0,0,0.0,0,0,0.0,0,0,0,0,0,0,0,0,0,0.0,2021-22,Playoffs
0042100223,1610612742,Dallas,Mavericks,DAL,mavericks,1626246,Boban,Marjanović,B. Marjanović,boban-marjanović,,DNP - Coach's Decision,,,0,0,0.0,0,0,0.0,0,0,0.0,0,0,0,0,0,0,0,0,0,0.0,2021-22,Playoffs
0042100223,1610612756,Phoenix,Suns,PHX,suns,1628969,Mikal,Bridges,M. Bridges,mikal-bridges,F,,,38:02,5,14,0.357,0,2,0.0,2,2,1.0,2,4,6,2,1,1,1,2,12,-12.0,2021-22,Playoffs
0042100223,1610612756,Phoenix,Suns,PHX,suns,203109,Jae,Crowder,J. Crowder,jae-crowder,F,,,35:33,7,12,0.583,5,8,0.625,0,0,0.0,0,7,7,5,2,0,2,1,19,-5.0,2021-22,Playoffs
0042100223,1610612756,Phoenix,Suns,PHX,suns,1629028,Deandre,Ayton,D. Ayton,deandre-ayton,C,,,32:50,6,12,0.5,0,0,0.0,4,4,1.0,4,7,11,0,0,0,0,0,16,-4.0,2021-22,Playoffs
0042100223,1610612756,Phoenix,Suns,PHX,suns,1626164,Devin,Booker,D. Booker,devin-booker,G,,,40:02,6,13,0.462,4,6,0.667,2,4,0.5,0,2,2,6,0,0,5,1,18,-12.0,2021-22,Playoffs
0042100223,1610612756,Phoenix,Suns,PHX,suns,101108,Chris,Paul,C. Paul,chris-paul,G,,,36:57,5,9,0.556,2,4,0.5,0,0,0.0,2,5,7,4,1,0,7,4,12,-8.0,2021-22,Playoffs
0042100223,1610612756,Phoenix,Suns,PHX,suns,1629661,Cameron,Johnson,C. Johnson,cameron-johnson,,,,15:58,1,4,0.25,1,3,0.333,3,3,1.0,0,2,2,2,0,0,0,0,6,-2.0,2021-22,Playoffs
0042100223,1610612756,Phoenix,Suns,PHX,suns,1626166,Cameron,Payne,C. Payne,cameron-payne,,,,14:08,0,4,0.0,0,2,0.0,0,0,0.0,0,0,0,3,0,0,1,4,0,-3.0,2021-22,Playoffs
0042100223,1610612756,Phoenix,Suns,PHX,suns,201580,JaVale,McGee,J. McGee,javale-mcgee,,,,14:30,3,5,0.6,0,0,0.0,2,2,1.0,0,7,7,0,0,0,1,2,8,-8.0,2021-22,Playoffs
0042100223,1610612756,Phoenix,Suns,PHX,suns,1629013,Landry,Shamet,L. Shamet,landry-shamet,,,,10:40,1,2,0.5,1,2,0.5,0,0,0.0,1,2,3,1,1,0,0,0,3,3.0,2021-22,Playoffs
0042100223,1610612756,Phoenix,Suns,PHX,suns,1630688,Ish,Wainright,I. Wainright,ish-wainright,,,,0:40,0,0,0.0,0,0,0.0,0,0,0.0,0,0,0,0,0,0,0,0,0,3.0,2021-22,Playoffs
0042100223,1610612756,Phoenix,Suns,PHX,suns,1628988,Aaron,Holiday,A. Holiday,aaron-holiday,,,,0:40,0,1,0.0,0,1,0.0,0,0,0.0,0,0,0,0,0,0,0,0,0,3.0,2021-22,Playoffs
0042100223,1610612756,Phoenix,Suns,PHX,suns,202687,Bismack,Biyombo,B. Biyombo,bismack-biyombo,,DNP - Coach's Decision,,,0,0,0.0,0,0,0.0,0,0,0.0,0,0,0,0,0,0,0,0,0,0.0,2021-22,Playoffs
0042100223,1610612756,Phoenix,Suns,PHX,suns,1628470,Torrey,Craig,T. Craig,torrey-craig,,DND - Injury/Illness,,,0,0,0.0,0,0,0.0,0,0,0.0,0,0,0,0,0,0,0,0,0,0.0,2021-22,Playoffs
0042100223,1610612756,Phoenix,Suns,PHX,suns,203901,Elfrid,Payton,E. Payton,elfrid-payton,,DNP - Coach's Decision,,,0,0,0.0,0,0,0.0,0,0,0.0,0,0,0,0,0,0,0,0,0,0.0,2021-22,Playoffs
0042100224,1610612742,Dallas,Mavericks,DAL,mavericks,203493,Reggie,Bullock Jr.,R. Bullock Jr.,reggie-bullock-jr,F,,,38:55,2,6,0.333,2,5,0.4,1,1,1.0,0,2,2,2,0,0,1,3,7,9.0,2021-22,Playoffs
0042100224,1610612742,Dallas,Mavericks,DAL,mavericks,1627827,Dorian,Finney-Smith,D. Finney-Smith,dorian-finney-smith,F,,,38:25,8,13,0.615,8,12,0.667,0,0,0.0,5,3,8,1,1,0,0,2,24,11.0,2021-22,Playoffs
0042100224,1610612742,Dallas,Mavericks,DAL,mavericks,203939,Dwight,Powell,D. Powell,dwight-powell,C,,,9:45,0,0,0.0,0,0,0.0,0,2,0.0,0,1,1,0,0,0,0,3,0,-4.0,2021-22,Playoffs
0042100224,1610612742,Dallas,Mavericks,DAL,mavericks,1628973,Jalen,Brunson,J. Brunson,jalen-brunson,G,,,37:37,7,17,0.412,1,3,0.333,3,4,0.75,1,3,4,4,0,0,2,2,18,15.0,2021-22,Playoffs
0042100224,1610612742,Dallas,Mavericks,DAL,mavericks,1629029,Luka,Dončić,L. Dončić,luka-dončić,G,,,36:53,9,25,0.36,1,10,0.1,7,8,0.875,0,7,7,11,3,0,4,4,26,15.0,2021-22,Playoffs
0042100224,1610612742,Dallas,Mavericks,DAL,mavericks,1628467,Maxi,Kleber,M. Kleber,maxi-kleber,,,,34:04,4,7,0.571,1,3,0.333,2,2,1.0,2,5,7,0,0,1,2,3,11,17.0,2021-22,Playoffs
0042100224,1610612742,Dallas,Mavericks,DAL,mavericks,203915,Spencer,Dinwiddie,S. Dinwiddie,spencer-dinwiddie,,,,19:16,3,10,0.3,2,4,0.5,2,2,1.0,1,3,4,4,0,0,0,1,10,-2.0,2021-22,Playoffs
0042100224,1610612742,Dallas,Mavericks,DAL,mavericks,202722,Davis,Bertans,D. Bertans,davis-bertans,,,,12:52,4,6,0.667,4,6,0.667,0,0,0.0,0,1,1,0,0,0,0,0,12,-3.0,2021-22,Playoffs
0042100224,1610612742,Dallas,Mavericks,DAL,mavericks,1628373,Frank,Ntilikina,F. Ntilikina,frank-ntilikina,,,,8:52,1,1,1.0,1,1,1.0,0,0,0.0,1,1,2,0,1,0,2,3,3,4.0,2021-22,Playoffs
0042100224,1610612742,Dallas,Mavericks,DAL,mavericks,1630182,Josh,Green,J. Green,josh-green,,,,1:07,0,0,0.0,0,0,0.0,0,0,0.0,0,0,0,0,0,0,0,0,0,-4.0,2021-22,Playoffs
0042100224,1610612742,Dallas,Mavericks,DAL,mavericks,1627737,Marquese,Chriss,M. Chriss,marquese-chriss,,,,1:07,0,0,0.0,0,0,0.0,0,0,0.0,0,1,1,0,0,0,0,0,0,-4.0,2021-22,Playoffs
0042100224,1610612742,Dallas,Mavericks,DAL,mavericks,1628425,Sterling,Brown,S. Brown,sterling-brown,,,,1:07,0,0,0.0,0,0,0.0,0,0,0.0,0,0,0,0,0,0,0,0,0,-4.0,2021-22,Playoffs
0042100224,1610612742,Dallas,Mavericks,DAL,mavericks,203504,Trey,Burke,T. Burke,trey-burke,,DNP - Coach's Decision,,,0,0,0.0,0,0,0.0,0,0,0.0,0,0,0,0,0,0,0,0,0,0.0,2021-22,Playoffs
0042100224,1610612742,Dallas,Mavericks,DAL,mavericks,1626246,Boban,Marjanović,B. Marjanović,boban-marjanović,,DNP - Coach's Decision,,,0,0,0.0,0,0,0.0,0,0,0.0,0,0,0,0,0,0,0,0,0,0.0,2021-22,Playoffs
0042100224,1610612756,Phoenix,Suns,PHX,suns,1628969,Mikal,Bridges,M. Bridges,mikal-bridges,F,,,32:12,3,9,0.333,0,2,0.0,0,0,0.0,1,3,4,2,1,0,0,4,6,-7.0,2021-22,Playoffs
0042100224,1610612756,Phoenix,Suns,PHX,suns,203109,Jae,Crowder,J. Crowder,jae-crowder,F,,,35:46,6,13,0.462,2,7,0.286,1,2,0.5,1,5,6,1,1,1,4,4,15,-16.0,2021-22,Playoffs
0042100224,1610612756,Phoenix,Suns,PHX,suns,1629028,Deandre,Ayton,D. Ayton,deandre-ayton,C,,,32:55,7,12,0.583,0,0,0.0,0,2,0.0,6,5,11,2,0,2,4,1,14,-15.0,2021-22,Playoffs
0042100224,1610612756,Phoenix,Suns,PHX,suns,1626164,Devin,Booker,D. Booker,devin-booker,G,,,43:19,10,22,0.455,3,6,0.5,12,13,0.923,1,3,4,7,0,1,5,4,35,-12.0,2021-22,Playoffs
0042100224,1610612756,Phoenix,Suns,PHX,suns,101108,Chris,Paul,C. Paul,chris-paul,G,,,23:02,2,4,0.5,1,1,1.0,0,0,0.0,0,5,5,7,1,0,2,6,5,-3.0,2021-22,Playoffs
0042100224,1610612756,Phoenix,Suns,PHX,suns,1629661,Cameron,Johnson,C. Johnson,cameron-johnson,,,,29:51,4,10,0.4,3,7,0.429,0,0,0.0,1,4,5,2,0,0,0,1,11,-13.0,2021-22,Playoffs
0042100224,1610612756,Phoenix,Suns,PHX,suns,1626166,Cameron,Payne,C. Payne,cameron-payne,,,,16:02,1,5,0.2,0,2,0.0,0,0,0.0,0,2,2,5,0,0,0,1,2,-1.0,2021-22,Playoffs
0042100224,1610612756,Phoenix,Suns,PHX,suns,201580,JaVale,McGee,J. McGee,javale-mcgee,,,,9:38,3,5,0.6,0,0,0.0,1,1,1.0,2,4,6,0,0,0,2,4,7,1.0,2021-22,Playoffs
0042100224,1610612756,Phoenix,Suns,PHX,suns,1629013,Landry,Shamet,L. Shamet,landry-shamet,,,,9:17,1,2,0.5,0,0,0.0,0,0,0.0,0,0,0,0,0,0,0,0,2,1.0,2021-22,Playoffs
0042100224,1610612756,Phoenix,Suns,PHX,suns,202687,Bismack,Biyombo,B. Biyombo,bismack-biyombo,,,,4:50,1,1,1.0,0,0,0.0,0,0,0.0,0,1,1,0,0,0,0,0,2,7.0,2021-22,Playoffs
0042100224,1610612756,Phoenix,Suns,PHX,suns,1628988,Aaron,Holiday,A. Holiday,aaron-holiday,,,,1:34,1,1,1.0,0,0,0.0,0,0,0.0,0,0,0,1,1,0,0,0,2,4.0,2021-22,Playoffs
0042100224,1610612756,Phoenix,Suns,PHX,suns,1630688,Ish,Wainright,I. Wainright,ish-wainright,,,,1:34,0,0,0.0,0,0,0.0,0,0,0.0,0,0,0,0,0,0,0,0,0,4.0,2021-22,Playoffs
0042100224,1610612756,Phoenix,Suns,PHX,suns,1628470,Torrey,Craig,T. Craig,torrey-craig,,DND - Injury/Illness,,,0,0,0.0,0,0,0.0,0,0,0.0,0,0,0,0,0,0,0,0,0,0.0,2021-22,Playoffs
0042100224,1610612756,Phoenix,Suns,PHX,suns,203901,Elfrid,Payton,E. Payton,elfrid-payton,,DNP - Coach's Decision,,,0,0,0.0,0,0,0.0,0,0,0.0,0,0,0,0,0,0,0,0,0,0.0,2021-22,Playoffs
0042100225,1610612756,Phoenix,Suns,PHX,suns,1628969,Mikal,Bridges,M. Bridges,mikal-bridges,F,,,33:38,6,13,0.462,2,5,0.4,0,0,0.0,1,6,7,1,4,0,0,2,14,23.0,2021-22,Playoffs
0042100225,1610612756,Phoenix,Suns,PHX,suns,203109,Jae,Crowder,J. Crowder,jae-crowder,F,,,26:31,1,6,0.167,1,5,0.2,0,0,0.0,1,4,5,2,0,0,0,6,3,1.0,2021-22,Playoffs
0042100225,1610612756,Phoenix,Suns,PHX,suns,1629028,Deandre,Ayton,D. Ayton,deandre-ayton,C,,,22:14,9,13,0.692,0,0,0.0,2,2,1.0,3,6,9,2,0,0,1,3,20,11.0,2021-22,Playoffs
0042100225,1610612756,Phoenix,Suns,PHX,suns,1626164,Devin,Booker,D. Booker,devin-booker,G,,,35:12,11,20,0.55,3,7,0.429,3,4,0.75,1,6,7,2,2,0,2,3,28,25.0,2021-22,Playoffs
0042100225,1610612756,Phoenix,Suns,PHX,suns,101108,Chris,Paul,C. Paul,chris-paul,G,,,34:43,3,8,0.375,1,3,0.333,0,0,0.0,0,2,2,10,1,0,4,2,7,7.0,2021-22,Playoffs
0042100225,1610612756,Phoenix,Suns,PHX,suns,202687,Bismack,Biyombo,B. Biyombo,bismack-biyombo,,,,21:12,3,5,0.6,0,0,0.0,1,2,0.5,2,4,6,1,0,0,1,1,7,20.0,2021-22,Playoffs
0042100225,1610612756,Phoenix,Suns,PHX,suns,1629013,Landry,Shamet,L. Shamet,landry-shamet,,,,19:03,2,5,0.4,1,3,0.333,3,4,0.75,0,3,3,4,1,0,0,1,8,4.0,2021-22,Playoffs
0042100225,1610612756,Phoenix,Suns,PHX,suns,1629661,Cameron,Johnson,C. Johnson,cameron-johnson,,,,25:28,5,8,0.625,1,4,0.25,3,4,0.75,1,1,2,1,2,1,2,2,14,15.0,2021-22,Playoffs
0042100225,1610612756,Phoenix,Suns,PHX,suns,201580,JaVale,McGee,J. McGee,javale-mcgee,,,,3:22,0,1,0.0,0,0,0.0,0,0,0.0,0,2,2,0,0,0,1,2,0,1.0,2021-22,Playoffs
0042100225,1610612756,Phoenix,Suns,PHX,suns,1630688,Ish,Wainright,I. Wainright,ish-wainright,,,,6:43,0,1,0.0,0,1,0.0,0,0,0.0,1,2,3,1,0,0,1,0,0,10.0,2021-22,Playoffs
0042100225,1610612756,Phoenix,Suns,PHX,suns,1628470,Torrey,Craig,T. Craig,torrey-craig,,,,3:58,2,3,0.667,2,2,1.0,0,0,0.0,0,1,1,1,0,1,0,0,6,11.0,2021-22,Playoffs
0042100225,1610612756,Phoenix,Suns,PHX,suns,1628988,Aaron,Holiday,A. Holiday,aaron-holiday,,,,3:58,1,3,0.333,1,1,1.0,0,0,0.0,2,0,2,3,0,0,0,1,3,11.0,2021-22,Playoffs
0042100225,1610612756,Phoenix,Suns,PHX,suns,1626166,Cameron,Payne,C. Payne,cameron-payne,,,,3:58,0,1,0.0,0,1,0.0,0,0,0.0,0,1,1,0,0,0,0,0,0,11.0,2021-22,Playoffs
0042100225,1610612756,Phoenix,Suns,PHX,suns,203901,Elfrid,Payton,E. Payton,elfrid-payton,,DNP - Coach's Decision,,,0,0,0.0,0,0,0.0,0,0,0.0,0,0,0,0,0,0,0,0,0,0.0,2021-22,Playoffs
0042100225,1610612742,Dallas,Mavericks,DAL,mavericks,203493,Reggie,Bullock Jr.,R. Bullock Jr.,reggie-bullock-jr,F,,,34:44,0,5,0.0,0,3,0.0,0,0,0.0,1,3,4,1,2,0,1,1,0,-19.0,2021-22,Playoffs
0042100225,1610612742,Dallas,Mavericks,DAL,mavericks,1627827,Dorian,Finney-Smith,D. Finney-Smith,dorian-finney-smith,F,,,36:54,2,6,0.333,2,5,0.4,2,2,1.0,2,1,3,2,0,0,2,2,8,-16.0,2021-22,Playoffs
0042100225,1610612742,Dallas,Mavericks,DAL,mavericks,203939,Dwight,Powell,D. Powell,dwight-powell,C,,,7:34,0,0,0.0,0,0,0.0,0,0,0.0,0,1,1,0,0,0,0,2,0,-4.0,2021-22,Playoffs
0042100225,1610612742,Dallas,Mavericks,DAL,mavericks,1629029,Luka,Dončić,L. Dončić,luka-dončić,G,,,35:06,10,23,0.435,2,8,0.25,6,7,0.857,1,10,11,2,3,0,4,3,28,-17.0,2021-22,Playoffs
0042100225,1610612742,Dallas,Mavericks,DAL,mavericks,1628973,Jalen,Brunson,J. Brunson,jalen-brunson,G,,,34:45,9,17,0.529,0,1,0.0,3,6,0.5,0,7,7,2,1,0,4,3,21,-12.0,2021-22,Playoffs
0042100225,1610612742,Dallas,Mavericks,DAL,mavericks,1628467,Maxi,Kleber,M. Kleber,maxi-kleber,,,,24:19,1,5,0.2,1,4,0.25,1,2,0.5,1,5,6,0,0,0,2,4,4,-22.0,2021-22,Playoffs
0042100225,1610612742,Dallas,Mavericks,DAL,mavericks,203915,Spencer,Dinwiddie,S. Dinwiddie,spencer-dinwiddie,,,,15:36,0,3,0.0,0,2,0.0,2,2,1.0,0,1,1,1,0,0,3,2,2,-6.0,2021-22,Playoffs
0042100225,1610612742,Dallas,Mavericks,DAL,mavericks,202722,Davis,Bertans,D. Bertans,davis-bertans,,,,19:28,3,4,0.75,3,4,0.75,1,1,1.0,0,1,1,0,1,0,0,1,10,1.0,2021-22,Playoffs
0042100225,1610612742,Dallas,Mavericks,DAL,mavericks,1628373,Frank,Ntilikina,F. Ntilikina,frank-ntilikina,,,,12:46,1,4,0.25,0,3,0.0,1,1,1.0,0,0,0,1,0,0,0,2,3,-11.0,2021-22,Playoffs
0042100225,1610612742,Dallas,Mavericks,DAL,mavericks,1627737,Marquese,Chriss,M. Chriss,marquese-chriss,,,,4:42,1,1,1.0,0,0,0.0,0,0,0.0,1,1,2,0,0,0,0,1,2,-11.0,2021-22,Playoffs
0042100225,1610612742,Dallas,Mavericks,DAL,mavericks,1628425,Sterling,Brown,S. Brown,sterling-brown,,,,4:42,0,1,0.0,0,1,0.0,0,2,0.0,0,1,1,0,0,0,0,0,0,-11.0,2021-22,Playoffs
0042100225,1610612742,Dallas,Mavericks,DAL,mavericks,1630182,Josh,Green,J. Green,josh-green,,,,4:42,0,0,0.0,0,0,0.0,0,2,0.0,0,1,1,0,0,0,0,0,0,-11.0,2021-22,Playoffs
0042100225,1610612742,Dallas,Mavericks,DAL,mavericks,203504,Trey,Burke,T. Burke,trey-burke,,,,4:42,0,2,0.0,0,1,0.0,2,2,1.0,0,0,0,0,0,0,0,0,2,-11.0,2021-22,Playoffs
0042100225,1610612742,Dallas,Mavericks,DAL,mavericks,1626246,Boban,Marjanović,B. Marjanović,boban-marjanović,,DNP - Coach's Decision,,,0,0,0.0,0,0,0.0,0,0,0.0,0,0,0,0,0,0,0,0,0,0.0,2021-22,Playoffs
0042100226,1610612742,Dallas,Mavericks,DAL,mavericks,203493,Reggie,Bullock Jr.,R. Bullock Jr.,reggie-bullock-jr,F,,,40:16,7,15,0.467,5,11,0.455,0,0,0.0,3,4,7,0,2,0,0,2,19,15.0,2021-22,Playoffs
0042100226,1610612742,Dallas,Mavericks,DAL,mavericks,1627827,Dorian,Finney-Smith,D. Finney-Smith,dorian-finney-smith,F,,,25:02,1,4,0.25,1,3,0.333,1,2,0.5,1,4,5,1,1,0,0,5,4,19.0,2021-22,Playoffs
0042100226,1610612742,Dallas,Mavericks,DAL,mavericks,203939,Dwight,Powell,D. Powell,dwight-powell,C,,,17:03,2,2,1.0,0,0,0.0,4,6,0.667,1,2,3,0,0,2,0,3,8,11.0,2021-22,Playoffs
0042100226,1610612742,Dallas,Mavericks,DAL,mavericks,1628973,Jalen,Brunson,J. Brunson,jalen-brunson,G,,,35:19,6,14,0.429,0,3,0.0,6,6,1.0,0,1,1,2,3,0,0,0,18,24.0,2021-22,Playoffs
0042100226,1610612742,Dallas,Mavericks,DAL,mavericks,1629029,Luka,Dončić,L. Dončić,luka-dončić,G,,,35:17,11,26,0.423,2,8,0.25,9,14,0.643,1,10,11,8,4,0,1,4,33,15.0,2021-22,Playoffs
0042100226,1610612742,Dallas,Mavericks,DAL,mavericks,1628467,Maxi,Kleber,M. Kleber,maxi-kleber,,,,25:23,3,6,0.5,3,5,0.6,0,0,0.0,1,3,4,2,0,0,1,4,9,11.0,2021-22,Playoffs
0042100226,1610612742,Dallas,Mavericks,DAL,mavericks,202722,Davis,Bertans,D. Bertans,davis-bertans,,,,8:22,0,1,0.0,0,1,0.0,3,4,0.75,0,1,1,0,0,0,0,0,3,-1.0,2021-22,Playoffs
0042100226,1610612742,Dallas,Mavericks,DAL,mavericks,203915,Spencer,Dinwiddie,S. Dinwiddie,spencer-dinwiddie,,,,20:35,5,7,0.714,5,7,0.714,0,0,0.0,0,1,1,3,1,0,2,1,15,2.0,2021-22,Playoffs
0042100226,1610612742,Dallas,Mavericks,DAL,mavericks,1628373,Frank,Ntilikina,F. Ntilikina,frank-ntilikina,,,,21:22,0,1,0.0,0,1,0.0,0,0,0.0,0,1,1,2,4,1,2,4,0,9.0,2021-22,Playoffs
0042100226,1610612742,Dallas,Mavericks,DAL,mavericks,1630182,Josh,Green,J. Green,josh-green,,,,3:06,0,0,0.0,0,0,0.0,0,0,0.0,0,0,0,0,1,0,0,0,0,9.0,2021-22,Playoffs
0042100226,1610612742,Dallas,Mavericks,DAL,mavericks,1628425,Sterling,Brown,S. Brown,sterling-brown,,,,3:06,0,0,0.0,0,0,0.0,0,0,0.0,0,2,2,0,0,1,0,0,0,9.0,2021-22,Playoffs
0042100226,1610612742,Dallas,Mavericks,DAL,mavericks,203504,Trey,Burke,T. Burke,trey-burke,,,,1:43,0,0,0.0,0,0,0.0,0,0,0.0,0,0,0,0,0,0,0,0,0,4.0,2021-22,Playoffs
0042100226,1610612742,Dallas,Mavericks,DAL,mavericks,1627737,Marquese,Chriss,M. Chriss,marquese-chriss,,,,1:43,0,0,0.0,0,0,0.0,2,2,1.0,0,1,1,0,0,0,0,0,2,4.0,2021-22,Playoffs
0042100226,1610612742,Dallas,Mavericks,DAL,mavericks,1626246,Boban,Marjanović,B. Marjanović,boban-marjanović,,,,1:43,0,1,0.0,0,0,0.0,2,2,1.0,0,2,2,0,0,0,0,0,2,4.0,2021-22,Playoffs
0042100226,1610612756,Phoenix,Suns,PHX,suns,1628969,Mikal,Bridges,M. Bridges,mikal-bridges,F,,,30:54,2,7,0.286,1,1,1.0,2,2,1.0,1,4,5,5,0,1,2,1,7,-18.0,2021-22,Playoffs
0042100226,1610612756,Phoenix,Suns,PHX,suns,203109,Jae,Crowder,J. Crowder,jae-crowder,F,,,28:36,2,4,0.5,1,1,1.0,4,4,1.0,0,2,2,2,0,0,1,5,9,-7.0,2021-22,Playoffs
0042100226,1610612756,Phoenix,Suns,PHX,suns,1629028,Deandre,Ayton,D. Ayton,deandre-ayton,C,,,30:21,10,16,0.625,0,0,0.0,1,4,0.25,2,9,11,1,0,0,2,3,21,-16.0,2021-22,Playoffs
0042100226,1610612756,Phoenix,Suns,PHX,suns,1626164,Devin,Booker,D. Booker,devin-booker,G,,,39:00,6,17,0.353,0,4,0.0,7,7,1.0,2,6,8,3,1,1,8,4,19,-19.0,2021-22,Playoffs
0042100226,1610612756,Phoenix,Suns,PHX,suns,101108,Chris,Paul,C. Paul,chris-paul,G,,,35:37,4,7,0.571,3,5,0.6,2,2,1.0,1,1,2,4,2,0,5,5,13,-14.0,2021-22,Playoffs
0042100226,1610612756,Phoenix,Suns,PHX,suns,1629661,Cameron,Johnson,C. Johnson,cameron-johnson,,,,20:22,1,5,0.2,1,3,0.333,2,2,1.0,1,2,3,1,0,0,0,1,5,-14.0,2021-22,Playoffs
0042100226,1610612756,Phoenix,Suns,PHX,suns,1629013,Landry,Shamet,L. Shamet,landry-shamet,,,,17:22,1,6,0.167,0,1,0.0,0,0,0.0,0,3,3,2,0,0,2,2,2,-14.0,2021-22,Playoffs
0042100226,1610612756,Phoenix,Suns,PHX,suns,202687,Bismack,Biyombo,B. Biyombo,bismack-biyombo,,,,14:26,2,4,0.5,0,0,0.0,0,0,0.0,2,1,3,0,0,0,0,2,4,-13.0,2021-22,Playoffs
0042100226,1610612756,Phoenix,Suns,PHX,suns,1628470,Torrey,Craig,T. Craig,torrey-craig,,,,15:20,3,6,0.5,0,2,0.0,0,0,0.0,1,3,4,0,0,0,0,2,6,-6.0,2021-22,Playoffs
0042100226,1610612756,Phoenix,Suns,PHX,suns,1626166,Cameron,Payne,C. Payne,cameron-payne,,,,4:01,0,3,0.0,0,0,0.0,0,0,0.0,0,1,1,0,0,0,1,2,0,-7.0,2021-22,Playoffs
0042100226,1610612756,Phoenix,Suns,PHX,suns,1630688,Ish,Wainright,I. Wainright,ish-wainright,,,,4:01,0,3,0.0,0,1,0.0,0,0,0.0,3,0,3,0,0,0,1,0,0,-7.0,2021-22,Playoffs
0042100226,1610612756,Phoenix,Suns,PHX,suns,1628988,Aaron,Holiday,A. Holiday,aaron-holiday,,DNP - Coach's Decision,,,0,0,0.0,0,0,0.0,0,0,0.0,0,0,0,0,0,0,0,0,0,0.0,2021-22,Playoffs
0042100226,1610612756,Phoenix,Suns,PHX,suns,201580,JaVale,McGee,J. McGee,javale-mcgee,,DNP - Coach's Decision,,,0,0,0.0,0,0,0.0,0,0,0.0,0,0,0,0,0,0,0,0,0,0.0,2021-22,Playoffs
0042100226,1610612756,Phoenix,Suns,PHX,suns,203901,Elfrid,Payton,E. Payton,elfrid-payton,,DNP - Coach's Decision,,,0,0,0.0,0,0,0.0,0,0,0.0,0,0,0,0,0,0,0,0,0,0.0,2021-22,Playoffs
0042100227,1610612756,Phoenix,Suns,PHX,suns,1628969,Mikal,Bridges,M. Bridges,mikal-bridges,F,,,33:18,3,11,0.273,0,3,0.0,0,0,0.0,0,2,2,1,0,0,0,1,6,-40.0,2021-22,Playoffs
0042100227,1610612756,Phoenix,Suns,PHX,suns,203109,Jae,Crowder,J. Crowder,jae-crowder,F,,,27:10,2,9,0.222,1,6,0.167,0,0,0.0,0,4,4,0,1,0,2,0,5,-37.0,2021-22,Playoffs
0042100227,1610612756,Phoenix,Suns,PHX,suns,1629028,Deandre,Ayton,D. Ayton,deandre-ayton,C,,,17:27,2,5,0.4,0,0,0.0,1,4,0.25,1,3,4,2,1,0,2,3,5,-23.0,2021-22,Playoffs
0042100227,1610612756,Phoenix,Suns,PHX,suns,1626164,Devin,Booker,D. Booker,devin-booker,G,,,36:59,3,14,0.214,0,4,0.0,5,6,0.833,1,2,3,2,1,0,4,3,11,-41.0,2021-22,Playoffs
0042100227,1610612756,Phoenix,Suns,PHX,suns,101108,Chris,Paul,C. Paul,chris-paul,G,,,31:19,4,8,0.5,1,3,0.333,1,2,0.5,0,1,1,4,1,0,0,3,10,-39.0,2021-22,Playoffs
0042100227,1610612756,Phoenix,Suns,PHX,suns,1629013,Landry,Shamet,L. Shamet,landry-shamet,,,,13:39,3,5,0.6,3,4,0.75,0,0,0.0,0,1,1,2,0,0,1,1,9,-6.0,2021-22,Playoffs
0042100227,1610612756,Phoenix,Suns,PHX,suns,1629661,Cameron,Johnson,C. Johnson,cameron-johnson,,,,20:00,3,6,0.5,2,4,0.5,4,4,1.0,2,3,5,2,0,0,0,3,12,-15.0,2021-22,Playoffs
0042100227,1610612756,Phoenix,Suns,PHX,suns,202687,Bismack,Biyombo,B. Biyombo,bismack-biyombo,,,,11:39,0,0,0.0,0,0,0.0,1,2,0.5,2,0,2,2,1,1,0,2,1,-10.0,2021-22,Playoffs
0042100227,1610612756,Phoenix,Suns,PHX,suns,1628470,Torrey,Craig,T. Craig,torrey-craig,,,,4:09,1,3,0.333,0,1,0.0,0,0,0.0,1,2,3,0,0,0,1,0,2,-2.0,2021-22,Playoffs
0042100227,1610612756,Phoenix,Suns,PHX,suns,201580,JaVale,McGee,J. McGee,javale-mcgee,,,,16:09,3,7,0.429,0,1,0.0,0,0,0.0,4,2,6,1,1,1,0,0,6,7.0,2021-22,Playoffs
0042100227,1610612756,Phoenix,Suns,PHX,suns,1626166,Cameron,Payne,C. Payne,cameron-payne,,,,12:38,2,7,0.286,1,3,0.333,0,0,0.0,2,2,4,3,0,0,2,2,5,8.0,2021-22,Playoffs
0042100227,1610612756,Phoenix,Suns,PHX,suns,1628988,Aaron,Holiday,A. Holiday,aaron-holiday,,,,5:17,2,5,0.4,2,3,0.667,0,0,0.0,0,0,0,1,2,1,0,0,6,11.0,2021-22,Playoffs
0042100227,1610612756,Phoenix,Suns,PHX,suns,203901,Elfrid,Payton,E. Payton,elfrid-payton,,,,5:17,1,2,0.5,0,0,0.0,0,0,0.0,0,0,0,2,0,0,0,0,2,11.0,2021-22,Playoffs
0042100227,1610612756,Phoenix,Suns,PHX,suns,1630688,Ish,Wainright,I. Wainright,ish-wainright,,,,4:59,4,5,0.8,2,2,1.0,0,0,0.0,2,2,4,0,0,1,0,0,10,11.0,2021-22,Playoffs
0042100227,1610612742,Dallas,Mavericks,DAL,mavericks,203493,Reggie,Bullock Jr.,R. Bullock Jr.,reggie-bullock-jr,F,,,32:13,1,4,0.25,1,4,0.25,2,2,1.0,0,3,3,0,1,0,2,2,5,44.0,2021-22,Playoffs
0042100227,1610612742,Dallas,Mavericks,DAL,mavericks,1627827,Dorian,Finney-Smith,D. Finney-Smith,dorian-finney-smith,F,,,29:31,1,4,0.25,1,3,0.333,2,2,1.0,0,5,5,4,2,0,1,4,5,37.0,2021-22,Playoffs
0042100227,1610612742,Dallas,Mavericks,DAL,mavericks,203939,Dwight,Powell,D. Powell,dwight-powell,C,,,20:12,3,3,1.0,0,0,0.0,0,0,0.0,1,4,5,0,0,1,2,2,6,24.0,2021-22,Playoffs
0042100227,1610612742,Dallas,Mavericks,DAL,mavericks,1628973,Jalen,Brunson,J. Brunson,jalen-brunson,G,,,29:38,11,19,0.579,2,4,0.5,0,0,0.0,3,3,6,2,1,0,0,2,24,22.0,2021-22,Playoffs
0042100227,1610612742,Dallas,Mavericks,DAL,mavericks,1629029,Luka,Dončić,L. Dončić,luka-dončić,G,,,30:24,12,19,0.632,6,11,0.545,5,5,1.0,1,9,10,4,2,0,2,3,35,37.0,2021-22,Playoffs
0042100227,1610612742,Dallas,Mavericks,DAL,mavericks,1628467,Maxi,Kleber,M. Kleber,maxi-kleber,,,,21:04,1,1,1.0,1,1,1.0,0,0,0.0,1,3,4,0,0,3,0,1,3,20.0,2021-22,Playoffs
0042100227,1610612742,Dallas,Mavericks,DAL,mavericks,203915,Spencer,Dinwiddie,S. Dinwiddie,spencer-dinwiddie,,,,25:24,11,15,0.733,5,7,0.714,3,3,1.0,0,3,3,2,1,1,0,0,30,29.0,2021-22,Playoffs
0042100227,1610612742,Dallas,Mavericks,DAL,mavericks,202722,Davis,Bertans,D. Bertans,davis-bertans,,,,13:49,0,3,0.0,0,3,0.0,0,0,0.0,0,2,2,1,0,1,0,0,0,3.0,2021-22,Playoffs
0042100227,1610612742,Dallas,Mavericks,DAL,mavericks,1628373,Frank,Ntilikina,F. Ntilikina,frank-ntilikina,,,,12:56,1,4,0.25,1,3,0.333,0,0,0.0,0,4,4,1,0,0,2,1,3,5.0,2021-22,Playoffs
0042100227,1610612742,Dallas,Mavericks,DAL,mavericks,1627737,Marquese,Chriss,M. Chriss,marquese-chriss,,,,6:44,1,3,0.333,1,2,0.5,0,0,0.0,0,0,0,0,0,0,0,1,3,-11.0,2021-22,Playoffs
0042100227,1610612742,Dallas,Mavericks,DAL,mavericks,203504,Trey,Burke,T. Burke,trey-burke,,,,5:17,2,2,1.0,0,0,0.0,0,0,0.0,0,1,1,0,0,0,0,1,4,-11.0,2021-22,Playoffs
0042100227,1610612742,Dallas,Mavericks,DAL,mavericks,1630182,Josh,Green,J. Green,josh-green,,,,5:17,1,1,1.0,1,1,1.0,0,0,0.0,0,0,0,0,0,0,0,0,3,-11.0,2021-22,Playoffs
0042100227,1610612742,Dallas,Mavericks,DAL,mavericks,1628425,Sterling,Brown,S. Brown,sterling-brown,,,,4:18,0,1,0.0,0,0,0.0,0,0,0.0,0,0,0,0,1,0,1,0,0,-11.0,2021-22,Playoffs
0042100227,1610612742,Dallas,Mavericks,DAL,mavericks,1626246,Boban,Marjanović,B. Marjanović,boban-marjanović,,,,3:13,1,2,0.5,0,0,0.0,0,0,0.0,0,0,0,0,1,0,1,0,2,-12.0,2021-22,Playoffs
0042100231,1610612763,Memphis,Grizzlies,MEM,grizzlies,1628415,Dillon,Brooks,D. Brooks,dillon-brooks,F,,,30:18,3,13,0.231,2,8,0.25,0,0,0.0,0,2,2,3,1,0,1,5,8,9.0,2021-22,Playoffs
0042100231,1610612763,Memphis,Grizzlies,MEM,grizzlies,1628991,Jaren,Jackson Jr.,J. Jackson Jr.,jaren-jackson-jr,F,,,30:49,10,18,0.556,6,9,0.667,7,9,0.778,6,4,10,1,0,1,3,3,33,-5.0,2021-22,Playoffs
0042100231,1610612763,Memphis,Grizzlies,MEM,grizzlies,1630214,Xavier,Tillman,X. Tillman,xavier-tillman,C,,,13:05,1,2,0.5,0,0,0.0,0,0,0.0,1,1,2,2,1,0,0,1,2,-10.0,2021-22,Playoffs
0042100231,1610612763,Memphis,Grizzlies,MEM,grizzlies,1630217,Desmond,Bane,D. Bane,desmond-bane,G,,,32:28,3,10,0.3,1,5,0.2,2,3,0.667,1,0,1,1,2,0,1,1,9,1.0,2021-22,Playoffs
0042100231,1610612763,Memphis,Grizzlies,MEM,grizzlies,1629630,Ja,Morant,J. Morant,ja-morant,G,,,38:29,14,31,0.452,4,11,0.364,2,3,0.667,0,9,9,10,3,0,3,3,34,-1.0,2021-22,Playoffs
0042100231,1610612763,Memphis,Grizzlies,MEM,grizzlies,203937,Kyle,Anderson,K. Anderson,kyle-anderson,,,,18:31,0,3,0.0,0,0,0.0,2,2,1.0,2,2,4,1,0,1,1,2,2,0.0,2021-22,Playoffs
0042100231,1610612763,Memphis,Grizzlies,MEM,grizzlies,1629634,Brandon,Clarke,B. Clarke,brandon-clarke,,,,30:35,4,6,0.667,0,0,0.0,4,6,0.667,3,5,8,2,0,2,4,2,12,6.0,2021-22,Playoffs
0042100231,1610612763,Memphis,Grizzlies,MEM,grizzlies,1629001,De'Anthony,Melton,D. Melton,deanthony-melton,,,,24:60,5,8,0.625,3,6,0.5,1,1,1.0,2,5,7,1,3,1,1,0,14,14.0,2021-22,Playoffs
0042100231,1610612763,Memphis,Grizzlies,MEM,grizzlies,1626145,Tyus,Jones,T. Jones,tyus-jones,,,,12:00,1,4,0.25,0,1,0.0,0,0,0.0,0,0,0,3,1,0,0,0,2,-9.0,2021-22,Playoffs
0042100231,1610612763,Memphis,Grizzlies,MEM,grizzlies,1629723,John,Konchar,J. Konchar,john-konchar,,,,8:45,0,0,0.0,0,0,0.0,0,0,0.0,1,2,3,2,0,1,0,2,0,-10.0,2021-22,Playoffs
0042100231,1610612763,Memphis,Grizzlies,MEM,grizzlies,1629633,Jarrett,Culver,J. Culver,jarrett-culver,,DNP - Coach's Decision,,,0,0,0.0,0,0,0.0,0,0,0.0,0,0,0,0,0,0,0,0,0,0.0,2021-22,Playoffs
0042100231,1610612763,Memphis,Grizzlies,MEM,grizzlies,1630533,Ziaire,Williams,Z. Williams,ziaire-williams,,DND - Injury/Illness,,,0,0,0.0,0,0,0.0,0,0,0.0,0,0,0,0,0,0,0,0,0,0.0,2021-22,Playoffs
0042100231,1610612744,Golden State,Warriors,GSW,warriors,202691,Klay,Thompson,K. Thompson,klay-thompson,F,,,30:34,6,19,0.316,3,10,0.3,0,2,0.0,0,1,1,3,2,1,0,3,15,0.0,2021-22,Playoffs
0042100231,1610612744,Golden State,Warriors,GSW,warriors,203952,Andrew,Wiggins,A. Wiggins,andrew-wiggins,F,,,34:23,6,14,0.429,1,5,0.2,4,7,0.571,3,5,8,1,0,0,1,3,17,0.0,2021-22,Playoffs
0042100231,1610612744,Golden State,Warriors,GSW,warriors,203110,Draymond,Green,D. Green,draymond-green,C,,,17:01,2,3,0.667,0,0,0.0,2,3,0.667,1,3,4,3,3,1,5,1,6,2.0,2021-22,Playoffs
0042100231,1610612744,Golden State,Warriors,GSW,warriors,1627780,Gary,Payton II,G. Payton II,gary-payton-ii,G,,,23:12,4,5,0.8,0,0,0.0,0,0,0.0,4,3,7,3,1,1,4,4,8,1.0,2021-22,Playoffs
0042100231,1610612744,Golden State,Warriors,GSW,warriors,201939,Stephen,Curry,S. Curry,stephen-curry,G,,,37:05,8,20,0.4,5,12,0.417,3,4,0.75,0,3,3,4,0,1,1,5,24,-9.0,2021-22,Playoffs
0042100231,1610612744,Golden State,Warriors,GSW,warriors,1629673,Jordan,Poole,J. Poole,jordan-poole,,,,37:29,12,20,0.6,5,10,0.5,2,2,1.0,3,5,8,9,0,2,4,3,31,10.0,2021-22,Playoffs
0042100231,1610612744,Golden State,Warriors,GSW,warriors,203490,Otto,Porter Jr.,O. Porter Jr.,otto-porter-jr,,,,22:32,1,4,0.25,0,1,0.0,0,0,0.0,2,6,8,4,2,0,0,2,2,2.0,2021-22,Playoffs
0042100231,1610612744,Golden State,Warriors,GSW,warriors,1626172,Kevon,Looney,K. Looney,kevon-looney,,,,18:44,4,5,0.8,0,0,0.0,0,0,0.0,2,4,6,2,1,0,1,2,8,-2.0,2021-22,Playoffs
0042100231,1610612744,Golden State,Warriors,GSW,warriors,1627814,Damion,Lee,D. Lee,damion-lee,,,,3:29,0,0,0.0,0,0,0.0,0,0,0.0,0,1,1,1,0,0,1,0,0,3.0,2021-22,Playoffs
0042100231,1610612744,Golden State,Warriors,GSW,warriors,1630228,Jonathan,Kuminga,J. Kuminga,jonathan-kuminga,,,,15:28,2,3,0.667,0,0,0.0,2,2,1.0,1,5,6,1,1,0,1,2,6,-2.0,2021-22,Playoffs
0042100231,1610612744,Golden State,Warriors,GSW,warriors,1629308,Juan,Toscano-Anderson,J. Toscano-Anderson,juan-toscano-anderson,,,,0:04,0,0,0.0,0,0,0.0,0,0,0.0,0,0,0,0,0,0,0,0,0,0.0,2021-22,Playoffs
0042100231,1610612744,Golden State,Warriors,GSW,warriors,202357,Nemanja,Bjelica,N. Bjelica,nemanja-bjelica,,DNP - Coach's Decision,,,0,0,0.0,0,0,0.0,0,0,0.0,0,0,0,0,0,0,0,0,0,0.0,2021-22,Playoffs
0042100231,1610612744,Golden State,Warriors,GSW,warriors,1630541,Moses,Moody,M. Moody,moses-moody,,DNP - Coach's Decision,,,0,0,0.0,0,0,0.0,0,0,0.0,0,0,0,0,0,0,0,0,0,0.0,2021-22,Playoffs
0042100232,1610612763,Memphis,Grizzlies,MEM,grizzlies,1628415,Dillon,Brooks,D. Brooks,dillon-brooks,F,,,2:52,0,3,0.0,0,1,0.0,0,0,0.0,0,0,0,0,1,0,0,1,0,7.0,2021-22,Playoffs
0042100232,1610612763,Memphis,Grizzlies,MEM,grizzlies,1628991,Jaren,Jackson Jr.,J. Jackson Jr.,jaren-jackson-jr,F,,,28:36,3,14,0.214,2,7,0.286,4,4,1.0,2,6,8,1,0,2,1,6,12,4.0,2021-22,Playoffs
0042100232,1610612763,Memphis,Grizzlies,MEM,grizzlies,1630214,Xavier,Tillman,X. Tillman,xavier-tillman,C,,,13:05,3,4,0.75,0,0,0.0,1,1,1.0,2,4,6,1,3,0,1,1,7,13.0,2021-22,Playoffs
0042100232,1610612763,Memphis,Grizzlies,MEM,grizzlies,1630217,Desmond,Bane,D. Bane,desmond-bane,G,,,32:14,2,7,0.286,1,4,0.25,0,0,0.0,1,5,6,0,0,0,2,0,5,11.0,2021-22,Playoffs
0042100232,1610612763,Memphis,Grizzlies,MEM,grizzlies,1629630,Ja,Morant,J. Morant,ja-morant,G,,,40:35,15,31,0.484,5,12,0.417,12,13,0.923,2,6,8,8,3,0,2,2,47,13.0,2021-22,Playoffs
0042100232,1610612763,Memphis,Grizzlies,MEM,grizzlies,1629001,De'Anthony,Melton,D. Melton,deanthony-melton,,,,25:58,1,5,0.2,1,4,0.25,0,0,0.0,3,5,8,2,2,3,4,2,3,-2.0,2021-22,Playoffs
0042100232,1610612763,Memphis,Grizzlies,MEM,grizzlies,1629634,Brandon,Clarke,B. Clarke,brandon-clarke,,,,27:25,4,4,1.0,0,0,0.0,2,2,1.0,1,3,4,0,1,1,3,4,10,-17.0,2021-22,Playoffs
0042100232,1610612763,Memphis,Grizzlies,MEM,grizzlies,1630533,Ziaire,Williams,Z. Williams,ziaire-williams,,,,28:03,5,9,0.556,4,8,0.5,0,0,0.0,2,3,5,1,0,0,0,3,14,8.0,2021-22,Playoffs
0042100232,1610612763,Memphis,Grizzlies,MEM,grizzlies,203937,Kyle,Anderson,K. Anderson,kyle-anderson,,,,16:09,2,7,0.286,1,4,0.25,0,0,0.0,0,2,2,1,1,0,1,4,5,-4.0,2021-22,Playoffs
0042100232,1610612763,Memphis,Grizzlies,MEM,grizzlies,1626145,Tyus,Jones,T. Jones,tyus-jones,,,,20:43,1,7,0.143,0,5,0.0,1,1,1.0,0,2,2,2,2,0,0,0,3,-3.0,2021-22,Playoffs
0042100232,1610612763,Memphis,Grizzlies,MEM,grizzlies,1629723,John,Konchar,J. Konchar,john-konchar,,,,4:20,0,0,0.0,0,0,0.0,0,0,0.0,0,0,0,1,0,0,0,0,0,-5.0,2021-22,Playoffs
0042100232,1610612763,Memphis,Grizzlies,MEM,grizzlies,1629633,Jarrett,Culver,J. Culver,jarrett-culver,,DNP - Coach's Decision,,,0,0,0.0,0,0,0.0,0,0,0.0,0,0,0,0,0,0,0,0,0,0.0,2021-22,Playoffs
0042100232,1610612744,Golden State,Warriors,GSW,warriors,202691,Klay,Thompson,K. Thompson,klay-thompson,F,,,41:10,5,19,0.263,2,12,0.167,0,0,0.0,0,2,2,3,3,0,1,2,12,-9.0,2021-22,Playoffs
0042100232,1610612744,Golden State,Warriors,GSW,warriors,203952,Andrew,Wiggins,A. Wiggins,andrew-wiggins,F,,,38:06,6,16,0.375,1,7,0.143,3,4,0.75,5,4,9,2,1,1,3,3,16,3.0,2021-22,Playoffs
0042100232,1610612744,Golden State,Warriors,GSW,warriors,203110,Draymond,Green,D. Green,draymond-green,C,,,32:22,3,5,0.6,0,1,0.0,0,0,0.0,1,9,10,7,0,1,4,5,6,-10.0,2021-22,Playoffs
0042100232,1610612744,Golden State,Warriors,GSW,warriors,1627780,Gary,Payton II,G. Payton II,gary-payton-ii,G,,,2:52,0,0,0.0,0,0,0.0,1,2,0.5,0,0,0,0,0,0,0,0,1,-7.0,2021-22,Playoffs
0042100232,1610612744,Golden State,Warriors,GSW,warriors,201939,Stephen,Curry,S. Curry,stephen-curry,G,,,39:26,11,25,0.44,3,11,0.273,2,2,1.0,3,6,9,8,1,0,5,1,27,-11.0,2021-22,Playoffs
0042100232,1610612744,Golden State,Warriors,GSW,warriors,1629673,Jordan,Poole,J. Poole,jordan-poole,,,,33:45,8,16,0.5,1,6,0.167,3,3,1.0,1,2,3,5,0,0,3,5,20,2.0,2021-22,Playoffs
0042100232,1610612744,Golden State,Warriors,GSW,warriors,1626172,Kevon,Looney,K. Looney,kevon-looney,,,,8:56,2,2,1.0,0,0,0.0,0,2,0.0,0,4,4,0,0,0,0,1,4,-3.0,2021-22,Playoffs
0042100232,1610612744,Golden State,Warriors,GSW,warriors,1627814,Damion,Lee,D. Lee,damion-lee,,,,8:06,1,1,1.0,0,0,0.0,0,0,0.0,0,1,1,0,0,0,1,0,2,-5.0,2021-22,Playoffs
0042100232,1610612744,Golden State,Warriors,GSW,warriors,203490,Otto,Porter Jr.,O. Porter Jr.,otto-porter-jr,,,,21:13,1,4,0.25,0,1,0.0,2,2,1.0,3,6,9,2,1,0,1,3,4,17.0,2021-22,Playoffs
0042100232,1610612744,Golden State,Warriors,GSW,warriors,1630228,Jonathan,Kuminga,J. Kuminga,jonathan-kuminga,,,,14:02,3,7,0.429,0,0,0.0,3,3,1.0,1,4,5,0,0,0,0,0,9,0.0,2021-22,Playoffs
0042100232,1610612744,Golden State,Warriors,GSW,warriors,1629308,Juan,Toscano-Anderson,J. Toscano-Anderson,juan-toscano-anderson,,,,0:02,0,0,0.0,0,0,0.0,0,0,0.0,0,0,0,0,0,0,0,0,0,-2.0,2021-22,Playoffs
0042100232,1610612744,Golden State,Warriors,GSW,warriors,202357,Nemanja,Bjelica,N. Bjelica,nemanja-bjelica,,DNP - Coach's Decision,,,0,0,0.0,0,0,0.0,0,0,0.0,0,0,0,0,0,0,0,0,0,0.0,2021-22,Playoffs
0042100232,1610612744,Golden State,Warriors,GSW,warriors,1630541,Moses,Moody,M. Moody,moses-moody,,DNP - Coach's Decision,,,0,0,0.0,0,0,0.0,0,0,0.0,0,0,0,0,0,0,0,0,0,0.0,2021-22,Playoffs
0042100233,1610612744,Golden State,Warriors,GSW,warriors,203952,Andrew,Wiggins,A. Wiggins,andrew-wiggins,F,,,25:39,7,10,0.7,2,2,1.0,1,1,1.0,1,2,3,1,2,1,0,5,17,3.0,2021-22,Playoffs
0042100233,1610612744,Golden State,Warriors,GSW,warriors,1630228,Jonathan,Kuminga,J. Kuminga,jonathan-kuminga,F,,,17:35,8,10,0.8,2,4,0.5,0,0,0.0,1,1,2,1,0,0,4,4,18,-2.0,2021-22,Playoffs
0042100233,1610612744,Golden State,Warriors,GSW,warriors,203110,Draymond,Green,D. Green,draymond-green,C,,,26:47,2,3,0.667,0,0,0.0,1,2,0.5,0,5,5,8,0,1,4,4,5,19.0,2021-22,Playoffs
0042100233,1610612744,Golden State,Warriors,GSW,warriors,202691,Klay,Thompson,K. Thompson,klay-thompson,G,,,35:04,8,14,0.571,4,6,0.667,1,1,1.0,0,9,9,4,0,0,2,1,21,22.0,2021-22,Playoffs
0042100233,1610612744,Golden State,Warriors,GSW,warriors,201939,Stephen,Curry,S. Curry,stephen-curry,G,,,34:42,7,14,0.5,2,8,0.25,14,14,1.0,0,2,2,6,1,0,1,2,30,21.0,2021-22,Playoffs
0042100233,1610612744,Golden State,Warriors,GSW,warriors,203490,Otto,Porter Jr.,O. Porter Jr.,otto-porter-jr,,,,24:24,5,7,0.714,3,5,0.6,0,0,0.0,1,3,4,3,1,2,2,2,13,30.0,2021-22,Playoffs
0042100233,1610612744,Golden State,Warriors,GSW,warriors,1629673,Jordan,Poole,J. Poole,jordan-poole,,,,31:09,11,17,0.647,3,5,0.6,2,2,1.0,0,4,4,2,0,0,2,1,27,33.0,2021-22,Playoffs
0042100233,1610612744,Golden State,Warriors,GSW,warriors,1626172,Kevon,Looney,K. Looney,kevon-looney,,,,17:01,3,3,1.0,0,0,0.0,0,0,0.0,1,2,3,3,0,0,0,2,6,7.0,2021-22,Playoffs
0042100233,1610612744,Golden State,Warriors,GSW,warriors,1627814,Damion,Lee,D. Lee,damion-lee,,,,14:33,0,2,0.0,0,1,0.0,0,1,0.0,0,3,3,4,1,0,0,1,0,10.0,2021-22,Playoffs
0042100233,1610612744,Golden State,Warriors,GSW,warriors,1629308,Juan,Toscano-Anderson,J. Toscano-Anderson,juan-toscano-anderson,,,,4:43,0,2,0.0,0,0,0.0,0,0,0.0,0,1,1,2,0,0,0,0,0,-1.0,2021-22,Playoffs
0042100233,1610612744,Golden State,Warriors,GSW,warriors,202357,Nemanja,Bjelica,N. Bjelica,nemanja-bjelica,,,,4:12,0,0,0.0,0,0,0.0,0,0,0.0,0,1,1,0,0,0,1,1,0,4.0,2021-22,Playoffs
0042100233,1610612744,Golden State,Warriors,GSW,warriors,1630541,Moses,Moody,M. Moody,moses-moody,,,,4:12,2,3,0.667,1,1,1.0,0,0,0.0,0,1,1,0,0,0,0,1,5,4.0,2021-22,Playoffs
0042100233,1610612763,Memphis,Grizzlies,MEM,grizzlies,1630533,Ziaire,Williams,Z. Williams,ziaire-williams,F,,,29:52,3,8,0.375,1,5,0.2,0,0,0.0,0,3,3,1,0,0,0,3,7,-15.0,2021-22,Playoffs
0042100233,1610612763,Memphis,Grizzlies,MEM,grizzlies,1628991,Jaren,Jackson Jr.,J. Jackson Jr.,jaren-jackson-jr,F,,,28:41,4,13,0.308,4,8,0.5,3,4,0.75,0,3,3,3,2,0,1,3,15,-14.0,2021-22,Playoffs
0042100233,1610612763,Memphis,Grizzlies,MEM,grizzlies,1630214,Xavier,Tillman,X. Tillman,xavier-tillman,C,,,21:32,2,2,1.0,1,1,1.0,0,0,0.0,0,2,2,1,0,1,0,2,5,-12.0,2021-22,Playoffs
0042100233,1610612763,Memphis,Grizzlies,MEM,grizzlies,1630217,Desmond,Bane,D. Bane,desmond-bane,G,,,29:41,5,10,0.5,4,7,0.571,2,3,0.667,1,3,4,2,0,1,1,4,16,-15.0,2021-22,Playoffs
0042100233,1610612763,Memphis,Grizzlies,MEM,grizzlies,1629630,Ja,Morant,J. Morant,ja-morant,G,,,36:10,13,21,0.619,4,7,0.571,4,5,0.8,1,2,3,7,3,0,2,1,34,-6.0,2021-22,Playoffs
0042100233,1610612763,Memphis,Grizzlies,MEM,grizzlies,1629001,De'Anthony,Melton,D. Melton,deanthony-melton,,,,27:29,5,14,0.357,1,8,0.125,1,1,1.0,2,2,4,3,0,0,3,1,12,-16.0,2021-22,Playoffs
0042100233,1610612763,Memphis,Grizzlies,MEM,grizzlies,1629634,Brandon,Clarke,B. Clarke,brandon-clarke,,,,16:35,1,4,0.25,0,0,0.0,2,2,1.0,1,1,2,0,1,0,0,3,4,-24.0,2021-22,Playoffs
0042100233,1610612763,Memphis,Grizzlies,MEM,grizzlies,203937,Kyle,Anderson,K. Anderson,kyle-anderson,,,,16:14,4,6,0.667,1,3,0.333,0,0,0.0,0,2,2,0,1,2,1,2,9,-3.0,2021-22,Playoffs
0042100233,1610612763,Memphis,Grizzlies,MEM,grizzlies,1626145,Tyus,Jones,T. Jones,tyus-jones,,,,13:23,0,5,0.0,0,2,0.0,2,2,1.0,0,1,1,2,0,0,1,0,2,-16.0,2021-22,Playoffs
0042100233,1610612763,Memphis,Grizzlies,MEM,grizzlies,1629723,John,Konchar,J. Konchar,john-konchar,,,,9:10,0,5,0.0,0,2,0.0,0,0,0.0,2,1,3,0,0,0,1,0,0,-15.0,2021-22,Playoffs
0042100233,1610612763,Memphis,Grizzlies,MEM,grizzlies,203500,Steven,Adams,S. Adams,steven-adams,,,,5:37,1,2,0.5,0,0,0.0,1,2,0.5,0,2,2,2,0,0,0,0,3,-7.0,2021-22,Playoffs
0042100233,1610612763,Memphis,Grizzlies,MEM,grizzlies,1629633,Jarrett,Culver,J. Culver,jarrett-culver,,,,5:37,2,2,1.0,0,0,0.0,1,2,0.5,0,1,1,0,0,0,0,1,5,-7.0,2021-22,Playoffs
0042100233,1610612763,Memphis,Grizzlies,MEM,grizzlies,1628415,Dillon,Brooks,D. Brooks,dillon-brooks,,DNP - League Suspension,,,0,0,0.0,0,0,0.0,0,0,0.0,0,0,0,0,0,0,0,0,0,0.0,2021-22,Playoffs
0042100234,1610612744,Golden State,Warriors,GSW,warriors,203952,Andrew,Wiggins,A. Wiggins,andrew-wiggins,F,,,39:27,7,13,0.538,1,5,0.2,2,3,0.667,5,5,10,1,1,2,2,0,17,12.0,2021-22,Playoffs
0042100234,1610612744,Golden State,Warriors,GSW,warriors,1630228,Jonathan,Kuminga,J. Kuminga,jonathan-kuminga,F,,,5:28,0,0,0.0,0,0,0.0,0,0,0.0,0,1,1,1,0,1,0,0,0,-5.0,2021-22,Playoffs
0042100234,1610612744,Golden State,Warriors,GSW,warriors,203110,Draymond,Green,D. Green,draymond-green,C,,,32:49,1,2,0.5,0,0,0.0,0,0,0.0,1,10,11,5,0,1,2,5,2,6.0,2021-22,Playoffs
0042100234,1610612744,Golden State,Warriors,GSW,warriors,202691,Klay,Thompson,K. Thompson,klay-thompson,G,,,38:25,6,20,0.3,0,7,0.0,2,2,1.0,1,6,7,2,1,2,3,0,14,-3.0,2021-22,Playoffs
0042100234,1610612744,Golden State,Warriors,GSW,warriors,201939,Stephen,Curry,S. Curry,stephen-curry,G,,,37:42,10,25,0.4,4,14,0.286,8,9,0.889,0,5,5,8,1,0,3,3,32,6.0,2021-22,Playoffs
0042100234,1610612744,Golden State,Warriors,GSW,warriors,1629673,Jordan,Poole,J. Poole,jordan-poole,,,,32:13,4,12,0.333,0,3,0.0,6,6,1.0,1,5,6,5,0,0,4,3,14,5.0,2021-22,Playoffs
0042100234,1610612744,Golden State,Warriors,GSW,warriors,203490,Otto,Porter Jr.,O. Porter Jr.,otto-porter-jr,,,,25:34,4,7,0.571,4,6,0.667,0,0,0.0,0,2,2,3,2,0,1,3,12,4.0,2021-22,Playoffs
0042100234,1610612744,Golden State,Warriors,GSW,warriors,1626172,Kevon,Looney,K. Looney,kevon-looney,,,,15:11,3,5,0.6,0,0,0.0,2,2,1.0,2,7,9,0,1,1,1,1,8,-3.0,2021-22,Playoffs
0042100234,1610612744,Golden State,Warriors,GSW,warriors,1627814,Damion,Lee,D. Lee,damion-lee,,,,13:11,1,6,0.167,0,2,0.0,0,0,0.0,0,3,3,0,0,0,0,0,2,-7.0,2021-22,Playoffs
0042100234,1610612744,Golden State,Warriors,GSW,warriors,202357,Nemanja,Bjelica,N. Bjelica,nemanja-bjelica,,DNP - Coach's Decision,,,0,0,0.0,0,0,0.0,0,0,0.0,0,0,0,0,0,0,0,0,0,0.0,2021-22,Playoffs
0042100234,1610612744,Golden State,Warriors,GSW,warriors,1630541,Moses,Moody,M. Moody,moses-moody,,DNP - Coach's Decision,,,0,0,0.0,0,0,0.0,0,0,0.0,0,0,0,0,0,0,0,0,0,0.0,2021-22,Playoffs
0042100234,1610612744,Golden State,Warriors,GSW,warriors,1629308,Juan,Toscano-Anderson,J. Toscano-Anderson,juan-toscano-anderson,,DNP - Coach's Decision,,,0,0,0.0,0,0,0.0,0,0,0.0,0,0,0,0,0,0,0,0,0,0.0,2021-22,Playoffs
0042100234,1610612763,Memphis,Grizzlies,MEM,grizzlies,1628415,Dillon,Brooks,D. Brooks,dillon-brooks,F,,,39:01,5,19,0.263,2,9,0.222,0,0,0.0,0,5,5,8,0,1,4,5,12,-5.0,2021-22,Playoffs
0042100234,1610612763,Memphis,Grizzlies,MEM,grizzlies,1628991,Jaren,Jackson Jr.,J. Jackson Jr.,jaren-jackson-jr,F,,,33:53,7,21,0.333,0,7,0.0,7,8,0.875,1,4,5,0,2,5,0,5,21,-2.0,2021-22,Playoffs
0042100234,1610612763,Memphis,Grizzlies,MEM,grizzlies,203500,Steven,Adams,S. Adams,steven-adams,C,,,27:13,5,9,0.556,0,0,0.0,0,0,0.0,6,9,15,3,1,1,2,2,10,13.0,2021-22,Playoffs
0042100234,1610612763,Memphis,Grizzlies,MEM,grizzlies,1630217,Desmond,Bane,D. Bane,desmond-bane,G,,,36:40,3,8,0.375,2,4,0.5,0,0,0.0,0,1,1,6,3,0,1,2,8,8.0,2021-22,Playoffs
0042100234,1610612763,Memphis,Grizzlies,MEM,grizzlies,1626145,Tyus,Jones,T. Jones,tyus-jones,G,,,41:11,8,18,0.444,3,7,0.429,0,0,0.0,1,5,6,5,0,1,1,0,19,-9.0,2021-22,Playoffs
0042100234,1610612763,Memphis,Grizzlies,MEM,grizzlies,203937,Kyle,Anderson,K. Anderson,kyle-anderson,,,,22:48,7,8,0.875,1,2,0.5,2,7,0.286,2,6,8,2,2,1,1,2,17,-7.0,2021-22,Playoffs
0042100234,1610612763,Memphis,Grizzlies,MEM,grizzlies,1630533,Ziaire,Williams,Z. Williams,ziaire-williams,,,,18:26,3,6,0.5,1,4,0.25,0,0,0.0,0,3,3,0,1,0,1,0,7,-10.0,2021-22,Playoffs
0042100234,1610612763,Memphis,Grizzlies,MEM,grizzlies,1629634,Brandon,Clarke,B. Clarke,brandon-clarke,,,,11:37,2,4,0.5,0,0,0.0,0,0,0.0,0,4,4,1,1,1,1,3,4,-6.0,2021-22,Playoffs
0042100234,1610612763,Memphis,Grizzlies,MEM,grizzlies,1629001,De'Anthony,Melton,D. Melton,deanthony-melton,,,,9:12,0,3,0.0,0,2,0.0,0,0,0.0,0,1,1,0,0,0,1,0,0,3.0,2021-22,Playoffs
0042100234,1610612763,Memphis,Grizzlies,MEM,grizzlies,1629633,Jarrett,Culver,J. Culver,jarrett-culver,,DNP - Coach's Decision,,,0,0,0.0,0,0,0.0,0,0,0.0,0,0,0,0,0,0,0,0,0,0.0,2021-22,Playoffs
0042100234,1610612763,Memphis,Grizzlies,MEM,grizzlies,1629723,John,Konchar,J. Konchar,john-konchar,,DNP - Coach's Decision,,,0,0,0.0,0,0,0.0,0,0,0.0,0,0,0,0,0,0,0,0,0,0.0,2021-22,Playoffs
0042100234,1610612763,Memphis,Grizzlies,MEM,grizzlies,1630214,Xavier,Tillman,X. Tillman,xavier-tillman,,DNP - Coach's Decision,,,0,0,0.0,0,0,0.0,0,0,0.0,0,0,0,0,0,0,0,0,0,0.0,2021-22,Playoffs
0042100235,1610612763,Memphis,Grizzlies,MEM,grizzlies,1628415,Dillon,Brooks,D. Brooks,dillon-brooks,F,,,24:14,5,13,0.385,1,4,0.25,1,2,0.5,1,3,4,4,1,0,0,2,12,38.0,2021-22,Playoffs
0042100235,1610612763,Memphis,Grizzlies,MEM,grizzlies,1628991,Jaren,Jackson Jr.,J. Jackson Jr.,jaren-jackson-jr,F,,,25:12,6,10,0.6,4,6,0.667,5,6,0.833,3,5,8,3,1,2,2,3,21,42.0,2021-22,Playoffs
0042100235,1610612763,Memphis,Grizzlies,MEM,grizzlies,203500,Steven,Adams,S. Adams,steven-adams,C,,,21:49,2,7,0.286,0,0,0.0,3,5,0.6,6,7,13,3,0,0,0,1,7,32.0,2021-22,Playoffs
0042100235,1610612763,Memphis,Grizzlies,MEM,grizzlies,1630217,Desmond,Bane,D. Bane,desmond-bane,G,,,24:08,6,12,0.5,4,6,0.667,5,5,1.0,0,1,1,2,1,0,0,1,21,46.0,2021-22,Playoffs
0042100235,1610612763,Memphis,Grizzlies,MEM,grizzlies,1626145,Tyus,Jones,T. Jones,tyus-jones,G,,,24:25,8,12,0.667,4,7,0.571,1,1,1.0,0,3,3,9,2,1,0,1,21,39.0,2021-22,Playoffs
0042100235,1610612763,Memphis,Grizzlies,MEM,grizzlies,1630533,Ziaire,Williams,Z. Williams,ziaire-williams,,,,22:42,3,8,0.375,2,6,0.333,3,3,1.0,1,2,3,2,1,0,1,2,11,-1.0,2021-22,Playoffs
0042100235,1610612763,Memphis,Grizzlies,MEM,grizzlies,203937,Kyle,Anderson,K. Anderson,kyle-anderson,,,,19:06,4,7,0.571,0,1,0.0,1,2,0.5,0,6,6,7,1,0,2,0,9,2.0,2021-22,Playoffs
0042100235,1610612763,Memphis,Grizzlies,MEM,grizzlies,1629634,Brandon,Clarke,B. Clarke,brandon-clarke,,,,14:11,5,7,0.714,0,0,0.0,1,4,0.25,5,2,7,1,0,0,0,0,11,20.0,2021-22,Playoffs
0042100235,1610612763,Memphis,Grizzlies,MEM,grizzlies,1629001,De'Anthony,Melton,D. Melton,deanthony-melton,,,,24:18,4,11,0.364,2,7,0.286,0,0,0.0,1,1,2,4,2,1,0,0,10,13.0,2021-22,Playoffs
0042100235,1610612763,Memphis,Grizzlies,MEM,grizzlies,1629723,John,Konchar,J. Konchar,john-konchar,,,,15:55,3,4,0.75,1,2,0.5,2,2,1.0,0,4,4,1,2,0,0,3,9,-10.0,2021-22,Playoffs
0042100235,1610612763,Memphis,Grizzlies,MEM,grizzlies,1629633,Jarrett,Culver,J. Culver,jarrett-culver,,,,12:00,0,6,0.0,0,2,0.0,0,0,0.0,1,2,3,0,0,0,2,3,0,-13.0,2021-22,Playoffs
0042100235,1610612763,Memphis,Grizzlies,MEM,grizzlies,1630214,Xavier,Tillman,X. Tillman,xavier-tillman,,,,12:00,1,2,0.5,0,0,0.0,0,0,0.0,0,1,1,1,1,0,2,1,2,-13.0,2021-22,Playoffs
0042100235,1610612744,Golden State,Warriors,GSW,warriors,203952,Andrew,Wiggins,A. Wiggins,andrew-wiggins,F,,,19:25,2,6,0.333,1,3,0.333,0,0,0.0,0,1,1,0,0,1,1,3,5,-23.0,2021-22,Playoffs
0042100235,1610612744,Golden State,Warriors,GSW,warriors,1630228,Jonathan,Kuminga,J. Kuminga,jonathan-kuminga,F,,,23:54,7,16,0.438,0,5,0.0,3,4,0.75,1,2,3,2,0,0,1,2,17,-5.0,2021-22,Playoffs
0042100235,1610612744,Golden State,Warriors,GSW,warriors,203110,Draymond,Green,D. Green,draymond-green,C,,,22:14,2,4,0.5,0,2,0.0,1,2,0.5,2,5,7,5,0,1,5,3,5,-32.0,2021-22,Playoffs
0042100235,1610612744,Golden State,Warriors,GSW,warriors,202691,Klay,Thompson,K. Thompson,klay-thompson,G,,,25:21,7,12,0.583,3,6,0.5,2,2,1.0,0,3,3,1,1,0,2,3,19,-45.0,2021-22,Playoffs
0042100235,1610612744,Golden State,Warriors,GSW,warriors,201939,Stephen,Curry,S. Curry,stephen-curry,G,,,25:00,4,10,0.4,3,8,0.375,3,4,0.75,0,3,3,4,0,0,2,1,14,-37.0,2021-22,Playoffs
0042100235,1610612744,Golden State,Warriors,GSW,warriors,1629673,Jordan,Poole,J. Poole,jordan-poole,,,,19:57,1,6,0.167,1,3,0.333,0,0,0.0,0,1,1,3,1,1,4,3,3,-34.0,2021-22,Playoffs
0042100235,1610612744,Golden State,Warriors,GSW,warriors,203490,Otto,Porter Jr.,O. Porter Jr.,otto-porter-jr,,,,12:17,0,3,0.0,0,3,0.0,0,0,0.0,0,0,0,0,0,0,0,2,0,-8.0,2021-22,Playoffs
0042100235,1610612744,Golden State,Warriors,GSW,warriors,1626172,Kevon,Looney,K. Looney,kevon-looney,,,,15:49,1,1,1.0,0,0,0.0,0,0,0.0,0,5,5,2,1,0,1,2,2,-9.0,2021-22,Playoffs
0042100235,1610612744,Golden State,Warriors,GSW,warriors,1627814,Damion,Lee,D. Lee,damion-lee,,,,23:38,4,6,0.667,2,2,1.0,0,0,0.0,1,2,3,0,0,0,1,2,10,-5.0,2021-22,Playoffs
0042100235,1610612744,Golden State,Warriors,GSW,warriors,202357,Nemanja,Bjelica,N. Bjelica,nemanja-bjelica,,,,19:40,2,4,0.5,1,1,1.0,0,0,0.0,0,3,3,2,0,0,1,2,5,-15.0,2021-22,Playoffs
0042100235,1610612744,Golden State,Warriors,GSW,warriors,1630541,Moses,Moody,M. Moody,moses-moody,,,,17:01,4,7,0.571,2,3,0.667,0,0,0.0,0,3,3,1,0,1,1,0,10,8.0,2021-22,Playoffs
0042100235,1610612744,Golden State,Warriors,GSW,warriors,1629308,Juan,Toscano-Anderson,J. Toscano-Anderson,juan-toscano-anderson,,,,15:44,2,5,0.4,1,3,0.333,0,1,0.0,0,5,5,2,0,1,3,0,5,10.0,2021-22,Playoffs
0042100236,1610612744,Golden State,Warriors,GSW,warriors,203952,Andrew,Wiggins,A. Wiggins,andrew-wiggins,F,,,41:18,7,16,0.438,3,5,0.6,1,2,0.5,6,5,11,0,1,3,2,2,18,20.0,2021-22,Playoffs
0042100236,1610612744,Golden State,Warriors,GSW,warriors,203110,Draymond,Green,D. Green,draymond-green,F,,,38:45,6,14,0.429,0,3,0.0,2,2,1.0,3,12,15,8,1,0,4,4,14,19.0,2021-22,Playoffs
0042100236,1610612744,Golden State,Warriors,GSW,warriors,1626172,Kevon,Looney,K. Looney,kevon-looney,C,,,35:12,2,7,0.286,0,0,0.0,0,0,0.0,11,11,22,5,0,1,2,4,4,10.0,2021-22,Playoffs
0042100236,1610612744,Golden State,Warriors,GSW,warriors,202691,Klay,Thompson,K. Thompson,klay-thompson,G,,,42:06,11,22,0.5,8,14,0.571,0,0,0.0,1,7,8,2,0,3,3,2,30,14.0,2021-22,Playoffs
0042100236,1610612744,Golden State,Warriors,GSW,warriors,201939,Stephen,Curry,S. Curry,stephen-curry,G,,,40:13,10,27,0.37,6,17,0.353,3,4,0.75,0,7,7,5,1,2,3,3,29,16.0,2021-22,Playoffs
0042100236,1610612744,Golden State,Warriors,GSW,warriors,1629673,Jordan,Poole,J. Poole,jordan-poole,,,,24:18,4,15,0.267,2,11,0.182,2,3,0.667,0,3,3,2,0,1,2,0,12,-3.0,2021-22,Playoffs
0042100236,1610612744,Golden State,Warriors,GSW,warriors,1627814,Damion,Lee,D. Lee,damion-lee,,,,10:30,1,2,0.5,1,2,0.5,0,0,0.0,2,0,2,0,0,0,1,1,3,-4.0,2021-22,Playoffs
0042100236,1610612744,Golden State,Warriors,GSW,warriors,202357,Nemanja,Bjelica,N. Bjelica,nemanja-bjelica,,,,7:38,0,1,0.0,0,1,0.0,0,0,0.0,2,0,2,2,0,0,0,1,0,-2.0,2021-22,Playoffs
0042100236,1610612744,Golden State,Warriors,GSW,warriors,1630228,Jonathan,Kuminga,J. Kuminga,jonathan-kuminga,,DNP - Coach's Decision,,,0,0,0.0,0,0,0.0,0,0,0.0,0,0,0,0,0,0,0,0,0,0.0,2021-22,Playoffs
0042100236,1610612744,Golden State,Warriors,GSW,warriors,1630541,Moses,Moody,M. Moody,moses-moody,,DNP - Coach's Decision,,,0,0,0.0,0,0,0.0,0,0,0.0,0,0,0,0,0,0,0,0,0,0.0,2021-22,Playoffs
0042100236,1610612744,Golden State,Warriors,GSW,warriors,203490,Otto,Porter Jr.,O. Porter Jr.,otto-porter-jr,,DNP - Injury/Illness,,,0,0,0.0,0,0,0.0,0,0,0.0,0,0,0,0,0,0,0,0,0,0.0,2021-22,Playoffs
0042100236,1610612744,Golden State,Warriors,GSW,warriors,1629308,Juan,Toscano-Anderson,J. Toscano-Anderson,juan-toscano-anderson,,DNP - Coach's Decision,,,0,0,0.0,0,0,0.0,0,0,0.0,0,0,0,0,0,0,0,0,0,0.0,2021-22,Playoffs
0042100236,1610612763,Memphis,Grizzlies,MEM,grizzlies,1628415,Dillon,Brooks,D. Brooks,dillon-brooks,F,,,39:08,11,28,0.393,7,15,0.467,1,2,0.5,2,2,4,1,3,1,1,1,30,-11.0,2021-22,Playoffs
0042100236,1610612763,Memphis,Grizzlies,MEM,grizzlies,1628991,Jaren,Jackson Jr.,J. Jackson Jr.,jaren-jackson-jr,F,,,37:34,5,19,0.263,1,7,0.143,1,3,0.333,0,4,4,0,0,4,0,2,12,-12.0,2021-22,Playoffs
0042100236,1610612763,Memphis,Grizzlies,MEM,grizzlies,203500,Steven,Adams,S. Adams,steven-adams,C,,,28:29,1,3,0.333,0,0,0.0,2,4,0.5,1,9,10,3,0,0,1,2,4,-6.0,2021-22,Playoffs
0042100236,1610612763,Memphis,Grizzlies,MEM,grizzlies,1630217,Desmond,Bane,D. Bane,desmond-bane,G,,,44:21,9,16,0.563,4,7,0.571,3,4,0.75,1,6,7,2,0,1,0,3,25,-7.0,2021-22,Playoffs
0042100236,1610612763,Memphis,Grizzlies,MEM,grizzlies,1626145,Tyus,Jones,T. Jones,tyus-jones,G,,,35:57,2,12,0.167,1,3,0.333,2,2,1.0,1,8,9,8,2,0,2,2,7,-14.0,2021-22,Playoffs
0042100236,1610612763,Memphis,Grizzlies,MEM,grizzlies,203937,Kyle,Anderson,K. Anderson,kyle-anderson,,,,10:26,0,0,0.0,0,0,0.0,0,0,0.0,0,3,3,2,0,0,1,1,0,-2.0,2021-22,Playoffs
0042100236,1610612763,Memphis,Grizzlies,MEM,grizzlies,1630533,Ziaire,Williams,Z. Williams,ziaire-williams,,,,13:22,1,2,0.5,0,1,0.0,0,0,0.0,0,1,1,0,1,0,0,0,2,-7.0,2021-22,Playoffs
0042100236,1610612763,Memphis,Grizzlies,MEM,grizzlies,1629634,Brandon,Clarke,B. Clarke,brandon-clarke,,,,19:31,2,10,0.2,0,0,0.0,4,5,0.8,4,0,4,4,1,0,0,0,8,-8.0,2021-22,Playoffs
0042100236,1610612763,Memphis,Grizzlies,MEM,grizzlies,1629001,De'Anthony,Melton,D. Melton,deanthony-melton,,,,11:12,3,6,0.5,2,3,0.667,0,0,0.0,1,1,2,1,1,0,1,1,8,-3.0,2021-22,Playoffs
0042100236,1610612763,Memphis,Grizzlies,MEM,grizzlies,1629633,Jarrett,Culver,J. Culver,jarrett-culver,,DNP - Coach's Decision,,,0,0,0.0,0,0,0.0,0,0,0.0,0,0,0,0,0,0,0,0,0,0.0,2021-22,Playoffs
0042100236,1610612763,Memphis,Grizzlies,MEM,grizzlies,1629723,John,Konchar,J. Konchar,john-konchar,,DNP - Coach's Decision,,,0,0,0.0,0,0,0.0,0,0,0.0,0,0,0,0,0,0,0,0,0,0.0,2021-22,Playoffs
0042100236,1610612763,Memphis,Grizzlies,MEM,grizzlies,1630214,Xavier,Tillman,X. Tillman,xavier-tillman,,DNP - Coach's Decision,,,0,0,0.0,0,0,0.0,0,0,0.0,0,0,0,0,0,0,0,0,0,0.0,2021-22,Playoffs
0042100301,1610612748,Miami,Heat,MIA,heat,202710,Jimmy,Butler III,J. Butler III,jimmy-butler-iii,F,,,41:20,12,19,0.632,0,2,0.0,17,18,0.944,5,4,9,5,4,3,2,3,41,25.0,2021-22,Playoffs
0042100301,1610612748,Miami,Heat,MIA,heat,200782,P.J.,Tucker,P. Tucker,pj-tucker,F,,,31:16,2,5,0.4,1,3,0.333,0,2,0.0,0,6,6,3,1,0,1,4,5,12.0,2021-22,Playoffs
0042100301,1610612748,Miami,Heat,MIA,heat,1628389,Bam,Adebayo,B. Adebayo,bam-adebayo,C,,,37:29,3,4,0.75,0,0,0.0,4,5,0.8,0,4,4,1,0,4,2,4,10,-5.0,2021-22,Playoffs
0042100301,1610612748,Miami,Heat,MIA,heat,1629622,Max,Strus,M. Strus,max-strus,G,,,30:03,4,9,0.444,3,8,0.375,0,0,0.0,1,3,4,2,2,0,1,3,11,-12.0,2021-22,Playoffs
0042100301,1610612748,Miami,Heat,MIA,heat,1629216,Gabe,Vincent,G. Vincent,gabe-vincent,G,,,33:43,5,10,0.5,3,7,0.429,4,4,1.0,0,2,2,3,0,3,1,4,17,23.0,2021-22,Playoffs
0042100301,1610612748,Miami,Heat,MIA,heat,1629639,Tyler,Herro,T. Herro,tyler-herro,,,,27:28,7,15,0.467,1,5,0.2,3,3,1.0,1,7,8,3,1,0,4,1,18,5.0,2021-22,Playoffs
0042100301,1610612748,Miami,Heat,MIA,heat,203473,Dewayne,Dedmon,D. Dedmon,dewayne-dedmon,,,,10:31,2,5,0.4,0,1,0.0,2,2,1.0,2,2,4,0,0,1,0,2,6,16.0,2021-22,Playoffs
0042100301,1610612748,Miami,Heat,MIA,heat,203506,Victor,Oladipo,V. Oladipo,victor-oladipo,,,,15:23,2,9,0.222,1,2,0.5,0,0,0.0,0,1,1,1,2,1,1,3,5,-6.0,2021-22,Playoffs
0042100301,1610612748,Miami,Heat,MIA,heat,1628997,Caleb,Martin,C. Martin,caleb-martin,,,,12:47,2,4,0.5,1,2,0.5,0,0,0.0,0,1,1,0,0,0,0,0,5,-3.0,2021-22,Playoffs
0042100301,1610612748,Miami,Heat,MIA,heat,2617,Udonis,Haslem,U. Haslem,udonis-haslem,,DNP - Coach's Decision,,,0,0,0.0,0,0,0.0,0,0,0.0,0,0,0,0,0,0,0,0,0,0.0,2021-22,Playoffs
0042100301,1610612748,Miami,Heat,MIA,heat,1629312,Haywood,Highsmith,H. Highsmith,haywood-highsmith,,DNP - Coach's Decision,,,0,0,0.0,0,0,0.0,0,0,0.0,0,0,0,0,0,0,0,0,0,0.0,2021-22,Playoffs
0042100301,1610612748,Miami,Heat,MIA,heat,202693,Markieff,Morris,M. Morris,markieff-morris,,DNP - Coach's Decision,,,0,0,0.0,0,0,0.0,0,0,0.0,0,0,0,0,0,0,0,0,0,0.0,2021-22,Playoffs
0042100301,1610612748,Miami,Heat,MIA,heat,1629130,Duncan,Robinson,D. Robinson,duncan-robinson,,DNP - Coach's Decision,,,0,0,0.0,0,0,0.0,0,0,0.0,0,0,0,0,0,0,0,0,0,0.0,2021-22,Playoffs
0042100301,1610612748,Miami,Heat,MIA,heat,1630209,Omer,Yurtseven,O. Yurtseven,omer-yurtseven,,DNP - Coach's Decision,,,0,0,0.0,0,0,0.0,0,0,0.0,0,0,0,0,0,0,0,0,0,0.0,2021-22,Playoffs
0042100301,1610612738,Boston,Celtics,BOS,celtics,1628369,Jayson,Tatum,J. Tatum,jayson-tatum,F,,,44:01,10,21,0.476,2,9,0.222,7,9,0.778,1,7,8,6,4,1,7,1,29,-8.0,2021-22,Playoffs
0042100301,1610612738,Boston,Celtics,BOS,celtics,1629684,Grant,Williams,G. Williams,grant-williams,F,,,34:30,2,5,0.4,1,2,0.5,2,2,1.0,0,1,1,2,1,0,2,5,7,-14.0,2021-22,Playoffs
0042100301,1610612738,Boston,Celtics,BOS,celtics,1629057,Robert,Williams III,R. Williams III,robert-williams-iii,C,,,28:26,6,8,0.75,0,0,0.0,6,7,0.857,2,7,9,1,0,2,1,3,18,5.0,2021-22,Playoffs
0042100301,1610612738,Boston,Celtics,BOS,celtics,1627759,Jaylen,Brown,J. Brown,jaylen-brown,G,,,42:47,7,17,0.412,4,8,0.5,6,10,0.6,2,8,10,3,1,0,2,3,24,-10.0,2021-22,Playoffs
0042100301,1610612738,Boston,Celtics,BOS,celtics,1628401,Derrick,White,D. White,derrick-white,G,,,28:59,1,4,0.25,0,1,0.0,1,2,0.5,0,0,0,4,0,1,2,4,3,-11.0,2021-22,Playoffs
0042100301,1610612738,Boston,Celtics,BOS,celtics,1628464,Daniel,Theis,D. Theis,daniel-theis,,,,19:34,4,5,0.8,0,0,0.0,0,0,0.0,1,3,4,2,0,1,0,2,8,-16.0,2021-22,Playoffs
0042100301,1610612738,Boston,Celtics,BOS,celtics,1630202,Payton,Pritchard,P. Pritchard,payton-pritchard,,,,30:23,6,16,0.375,4,11,0.364,2,2,1.0,1,4,5,4,1,0,1,2,18,-1.0,2021-22,Playoffs
0042100301,1610612738,Boston,Celtics,BOS,celtics,1630174,Aaron,Nesmith,A. Nesmith,aaron-nesmith,,,,11:20,0,3,0.0,0,3,0.0,0,0,0.0,1,0,1,0,1,3,1,3,0,0.0,2021-22,Playoffs
0042100301,1610612738,Boston,Celtics,BOS,celtics,1630238,Malik,Fitts,M. Fitts,malik-fitts,,DNP - Coach's Decision,,,0,0,0.0,0,0,0.0,0,0,0.0,0,0,0,0,0,0,0,0,0,0.0,2021-22,Playoffs
0042100301,1610612738,Boston,Celtics,BOS,celtics,1628436,Luke,Kornet,L. Kornet,luke-kornet,,DNP - Coach's Decision,,,0,0,0.0,0,0,0.0,0,0,0.0,0,0,0,0,0,0,0,0,0,0.0,2021-22,Playoffs
0042100301,1610612738,Boston,Celtics,BOS,celtics,1629752,Juwan,Morgan,J. Morgan,juwan-morgan,,DNP - Coach's Decision,,,0,0,0.0,0,0,0.0,0,0,0.0,0,0,0,0,0,0,0,0,0,0.0,2021-22,Playoffs
0042100301,1610612738,Boston,Celtics,BOS,celtics,203917,Nik,Stauskas,N. Stauskas,nik-stauskas,,DNP - Coach's Decision,,,0,0,0.0,0,0,0.0,0,0,0.0,0,0,0,0,0,0,0,0,0,0.0,2021-22,Playoffs
0042100302,1610612748,Miami,Heat,MIA,heat,202710,Jimmy,Butler III,J. Butler III,jimmy-butler-iii,F,,,32:29,11,18,0.611,1,3,0.333,6,8,0.75,5,1,6,3,1,0,3,3,29,-20.0,2021-22,Playoffs
0042100302,1610612748,Miami,Heat,MIA,heat,200782,P.J.,Tucker,P. Tucker,pj-tucker,F,,,21:42,2,6,0.333,1,1,1.0,0,2,0.0,2,2,4,1,0,0,2,2,5,-10.0,2021-22,Playoffs
0042100302,1610612748,Miami,Heat,MIA,heat,1628389,Bam,Adebayo,B. Adebayo,bam-adebayo,C,,,28:43,3,6,0.5,0,0,0.0,0,1,0.0,3,6,9,2,0,0,1,3,6,-5.0,2021-22,Playoffs
0042100302,1610612748,Miami,Heat,MIA,heat,1629622,Max,Strus,M. Strus,max-strus,G,,,25:52,2,7,0.286,2,7,0.286,0,0,0.0,0,5,5,2,1,1,1,1,6,-5.0,2021-22,Playoffs
0042100302,1610612748,Miami,Heat,MIA,heat,1629216,Gabe,Vincent,G. Vincent,gabe-vincent,G,,,24:15,5,10,0.5,4,8,0.5,0,0,0.0,0,3,3,3,0,0,2,3,14,-3.0,2021-22,Playoffs
0042100302,1610612748,Miami,Heat,MIA,heat,203473,Dewayne,Dedmon,D. Dedmon,dewayne-dedmon,,,,12:59,1,1,1.0,0,0,0.0,0,0,0.0,0,2,2,1,0,0,0,2,2,-27.0,2021-22,Playoffs
0042100302,1610612748,Miami,Heat,MIA,heat,1629639,Tyler,Herro,T. Herro,tyler-herro,,,,23:40,5,11,0.455,0,3,0.0,1,1,1.0,0,1,1,3,0,1,2,2,11,-33.0,2021-22,Playoffs
0042100302,1610612748,Miami,Heat,MIA,heat,203506,Victor,Oladipo,V. Oladipo,victor-oladipo,,,,26:18,2,8,0.25,1,5,0.2,9,10,0.9,0,1,1,1,1,0,3,0,14,-15.0,2021-22,Playoffs
0042100302,1610612748,Miami,Heat,MIA,heat,1628997,Caleb,Martin,C. Martin,caleb-martin,,,,17:39,3,8,0.375,1,2,0.5,0,0,0.0,1,1,2,0,0,0,0,1,7,-13.0,2021-22,Playoffs
0042100302,1610612748,Miami,Heat,MIA,heat,1629130,Duncan,Robinson,D. Robinson,duncan-robinson,,,,14:19,3,7,0.429,0,4,0.0,0,0,0.0,0,5,5,3,1,1,0,0,6,-6.0,2021-22,Playoffs
0042100302,1610612748,Miami,Heat,MIA,heat,1630209,Omer,Yurtseven,O. Yurtseven,omer-yurtseven,,,,6:18,1,3,0.333,0,0,0.0,0,0,0.0,1,2,3,2,0,0,0,0,2,7.0,2021-22,Playoffs
0042100302,1610612748,Miami,Heat,MIA,heat,1629312,Haywood,Highsmith,H. Highsmith,haywood-highsmith,,,,5:46,0,1,0.0,0,1,0.0,0,0,0.0,0,1,1,0,0,0,0,1,0,5.0,2021-22,Playoffs
0042100302,1610612748,Miami,Heat,MIA,heat,2617,Udonis,Haslem,U. Haslem,udonis-haslem,,DNP - Coach's Decision,,,0,0,0.0,0,0,0.0,0,0,0.0,0,0,0,0,0,0,0,0,0,0.0,2021-22,Playoffs
0042100302,1610612748,Miami,Heat,MIA,heat,202693,Markieff,Morris,M. Morris,markieff-morris,,DNP - Coach's Decision,,,0,0,0.0,0,0,0.0,0,0,0.0,0,0,0,0,0,0,0,0,0,0.0,2021-22,Playoffs
0042100302,1610612738,Boston,Celtics,BOS,celtics,1628369,Jayson,Tatum,J. Tatum,jayson-tatum,F,,,31:32,8,13,0.615,4,6,0.667,7,7,1.0,0,5,5,5,1,0,3,2,27,13.0,2021-22,Playoffs
0042100302,1610612738,Boston,Celtics,BOS,celtics,201143,Al,Horford,A. Horford,al-horford,F,,,32:37,4,4,1.0,2,2,1.0,0,0,0.0,0,3,3,3,1,1,3,1,10,16.0,2021-22,Playoffs
0042100302,1610612738,Boston,Celtics,BOS,celtics,1629057,Robert,Williams III,R. Williams III,robert-williams-iii,C,,,19:51,2,3,0.667,0,0,0.0,1,1,1.0,1,3,4,0,1,3,1,3,5,13.0,2021-22,Playoffs
0042100302,1610612738,Boston,Celtics,BOS,celtics,1627759,Jaylen,Brown,J. Brown,jaylen-brown,G,,,33:16,9,17,0.529,4,7,0.571,2,2,1.0,2,6,8,3,0,0,1,4,24,13.0,2021-22,Playoffs
0042100302,1610612738,Boston,Celtics,BOS,celtics,203935,Marcus,Smart,M. Smart,marcus-smart,G,,,40:18,8,22,0.364,5,12,0.417,3,3,1.0,2,7,9,12,3,1,1,1,24,31.0,2021-22,Playoffs
0042100302,1610612738,Boston,Celtics,BOS,celtics,1629684,Grant,Williams,G. Williams,grant-williams,,,,32:12,5,7,0.714,2,2,1.0,7,8,0.875,1,3,4,0,1,0,0,5,19,37.0,2021-22,Playoffs
0042100302,1610612738,Boston,Celtics,BOS,celtics,1630202,Payton,Pritchard,P. Pritchard,payton-pritchard,,,,23:07,4,8,0.5,2,6,0.333,0,0,0.0,0,2,2,2,1,0,0,2,10,39.0,2021-22,Playoffs
0042100302,1610612738,Boston,Celtics,BOS,celtics,1630174,Aaron,Nesmith,A. Nesmith,aaron-nesmith,,,,6:32,0,3,0.0,0,2,0.0,0,0,0.0,0,1,1,0,0,0,0,2,0,-9.0,2021-22,Playoffs
0042100302,1610612738,Boston,Celtics,BOS,celtics,1628464,Daniel,Theis,D. Theis,daniel-theis,,,,6:18,1,1,1.0,0,0,0.0,0,0,0.0,0,1,1,1,0,0,0,0,2,-7.0,2021-22,Playoffs
0042100302,1610612738,Boston,Celtics,BOS,celtics,203917,Nik,Stauskas,N. Stauskas,nik-stauskas,,,,4:23,1,3,0.333,1,2,0.5,0,0,0.0,0,1,1,2,0,0,0,0,3,-3.0,2021-22,Playoffs
0042100302,1610612738,Boston,Celtics,BOS,celtics,1628436,Luke,Kornet,L. Kornet,luke-kornet,,,,4:57,1,2,0.5,0,0,0.0,0,0,0.0,1,1,2,0,0,0,0,0,2,-9.0,2021-22,Playoffs
0042100302,1610612738,Boston,Celtics,BOS,celtics,1629752,Juwan,Morgan,J. Morgan,juwan-morgan,,,,4:57,0,1,0.0,0,1,0.0,1,2,0.5,1,0,1,0,0,0,0,1,1,-9.0,2021-22,Playoffs
0042100302,1610612738,Boston,Celtics,BOS,celtics,1630238,Malik,Fitts,M. Fitts,malik-fitts,,DNP - Coach's Decision,,,0,0,0.0,0,0,0.0,0,0,0.0,0,0,0,0,0,0,0,0,0,0.0,2021-22,Playoffs
0042100302,1610612738,Boston,Celtics,BOS,celtics,1628401,Derrick,White,D. White,derrick-white,,NWT - Personal,,,0,0,0.0,0,0,0.0,0,0,0.0,0,0,0,0,0,0,0,0,0,0.0,2021-22,Playoffs
0042100303,1610612738,Boston,Celtics,BOS,celtics,1628369,Jayson,Tatum,J. Tatum,jayson-tatum,F,,,40:44,3,14,0.214,1,7,0.143,3,4,0.75,1,5,6,4,0,0,6,3,10,-7.0,2021-22,Playoffs
0042100303,1610612738,Boston,Celtics,BOS,celtics,201143,Al,Horford,A. Horford,al-horford,F,,,41:44,7,14,0.5,3,5,0.6,3,3,1.0,2,12,14,3,0,3,3,2,20,-7.0,2021-22,Playoffs
0042100303,1610612738,Boston,Celtics,BOS,celtics,1628464,Daniel,Theis,D. Theis,daniel-theis,C,,,10:46,0,0,0.0,0,0,0.0,1,2,0.5,0,3,3,1,0,0,2,0,1,-13.0,2021-22,Playoffs
0042100303,1610612738,Boston,Celtics,BOS,celtics,1627759,Jaylen,Brown,J. Brown,jaylen-brown,G,,,41:44,14,20,0.7,3,9,0.333,9,12,0.75,2,7,9,1,1,1,7,2,40,-6.0,2021-22,Playoffs
0042100303,1610612738,Boston,Celtics,BOS,celtics,203935,Marcus,Smart,M. Smart,marcus-smart,G,,,36:38,6,11,0.545,1,4,0.25,3,5,0.6,1,3,4,7,0,0,4,6,16,-16.0,2021-22,Playoffs
0042100303,1610612738,Boston,Celtics,BOS,celtics,1629684,Grant,Williams,G. Williams,grant-williams,,,,39:00,2,6,0.333,2,4,0.5,4,4,1.0,1,4,5,0,1,1,1,6,10,8.0,2021-22,Playoffs
0042100303,1610612738,Boston,Celtics,BOS,celtics,1628401,Derrick,White,D. White,derrick-white,,,,14:02,0,2,0.0,0,0,0.0,0,0,0.0,1,1,2,1,0,2,0,1,0,-2.0,2021-22,Playoffs
0042100303,1610612738,Boston,Celtics,BOS,celtics,1630202,Payton,Pritchard,P. Pritchard,payton-pritchard,,,,13:17,1,1,1.0,1,1,1.0,0,0,0.0,0,0,0,4,0,0,0,1,3,8.0,2021-22,Playoffs
0042100303,1610612738,Boston,Celtics,BOS,celtics,1629752,Juwan,Morgan,J. Morgan,juwan-morgan,,,,0:25,0,0,0.0,0,0,0.0,0,0,0.0,1,0,1,0,0,0,0,0,0,1.0,2021-22,Playoffs
0042100303,1610612738,Boston,Celtics,BOS,celtics,1630238,Malik,Fitts,M. Fitts,malik-fitts,,,,0:25,0,0,0.0,0,0,0.0,0,0,0.0,0,0,0,0,0,0,0,0,0,1.0,2021-22,Playoffs
0042100303,1610612738,Boston,Celtics,BOS,celtics,203917,Nik,Stauskas,N. Stauskas,nik-stauskas,,,,0:25,1,1,1.0,1,1,1.0,0,0,0.0,0,0,0,0,0,0,0,0,3,1.0,2021-22,Playoffs
0042100303,1610612738,Boston,Celtics,BOS,celtics,1630174,Aaron,Nesmith,A. Nesmith,aaron-nesmith,,,,0:25,0,1,0.0,0,1,0.0,0,0,0.0,0,0,0,0,0,0,0,0,0,1.0,2021-22,Playoffs
0042100303,1610612738,Boston,Celtics,BOS,celtics,1628436,Luke,Kornet,L. Kornet,luke-kornet,,,,0:25,0,0,0.0,0,0,0.0,0,0,0.0,0,0,0,0,0,0,0,0,0,1.0,2021-22,Playoffs
0042100303,1610612748,Miami,Heat,MIA,heat,202710,Jimmy,Butler III,J. Butler III,jimmy-butler-iii,F,,,19:29,3,8,0.375,0,0,0.0,2,2,1.0,0,3,3,2,2,0,0,1,8,13.0,2021-22,Playoffs
0042100303,1610612748,Miami,Heat,MIA,heat,200782,P.J.,Tucker,P. Tucker,pj-tucker,F,,,37:48,5,10,0.5,3,6,0.5,4,4,1.0,2,5,7,1,3,1,1,3,17,6.0,2021-22,Playoffs
0042100303,1610612748,Miami,Heat,MIA,heat,1628389,Bam,Adebayo,B. Adebayo,bam-adebayo,C,,,41:30,15,22,0.682,0,1,0.0,1,1,1.0,2,8,10,6,4,1,1,3,31,17.0,2021-22,Playoffs
0042100303,1610612748,Miami,Heat,MIA,heat,1629622,Max,Strus,M. Strus,max-strus,G,,,34:09,6,12,0.5,4,7,0.571,0,0,0.0,2,2,4,2,0,1,1,5,16,-1.0,2021-22,Playoffs
0042100303,1610612748,Miami,Heat,MIA,heat,200768,Kyle,Lowry,K. Lowry,kyle-lowry,G,,,29:01,4,11,0.364,2,7,0.286,1,1,1.0,0,1,1,6,4,0,2,2,11,10.0,2021-22,Playoffs
0042100303,1610612748,Miami,Heat,MIA,heat,1629216,Gabe,Vincent,G. Vincent,gabe-vincent,,,,19:26,1,4,0.25,1,2,0.5,0,0,0.0,0,1,1,1,1,1,2,2,3,-2.0,2021-22,Playoffs
0042100303,1610612748,Miami,Heat,MIA,heat,203473,Dewayne,Dedmon,D. Dedmon,dewayne-dedmon,,,,3:27,0,0,0.0,0,0,0.0,0,0,0.0,0,2,2,0,0,0,0,3,0,-7.0,2021-22,Playoffs
0042100303,1610612748,Miami,Heat,MIA,heat,1629639,Tyler,Herro,T. Herro,tyler-herro,,,,20:13,4,15,0.267,0,6,0.0,0,0,0.0,1,1,2,3,0,0,0,1,8,2.0,2021-22,Playoffs
0042100303,1610612748,Miami,Heat,MIA,heat,1628997,Caleb,Martin,C. Martin,caleb-martin,,,,10:16,3,4,0.75,1,2,0.5,1,1,1.0,1,2,3,0,1,0,1,1,8,-5.0,2021-22,Playoffs
0042100303,1610612748,Miami,Heat,MIA,heat,1629130,Duncan,Robinson,D. Robinson,duncan-robinson,,,,4:16,1,2,0.5,0,1,0.0,0,0,0.0,0,1,1,0,0,0,0,2,2,2.0,2021-22,Playoffs
0042100303,1610612748,Miami,Heat,MIA,heat,203506,Victor,Oladipo,V. Oladipo,victor-oladipo,,,,20:25,1,4,0.25,0,1,0.0,3,5,0.6,0,0,0,1,4,0,0,1,5,-5.0,2021-22,Playoffs
0042100303,1610612748,Miami,Heat,MIA,heat,2617,Udonis,Haslem,U. Haslem,udonis-haslem,,DNP - Coach's Decision,,,0,0,0.0,0,0,0.0,0,0,0.0,0,0,0,0,0,0,0,0,0,0.0,2021-22,Playoffs
0042100303,1610612748,Miami,Heat,MIA,heat,1629312,Haywood,Highsmith,H. Highsmith,haywood-highsmith,,DNP - Coach's Decision,,,0,0,0.0,0,0,0.0,0,0,0.0,0,0,0,0,0,0,0,0,0,0.0,2021-22,Playoffs
0042100303,1610612748,Miami,Heat,MIA,heat,202693,Markieff,Morris,M. Morris,markieff-morris,,DNP - Coach's Decision,,,0,0,0.0,0,0,0.0,0,0,0.0,0,0,0,0,0,0,0,0,0,0.0,2021-22,Playoffs
0042100303,1610612748,Miami,Heat,MIA,heat,1630209,Omer,Yurtseven,O. Yurtseven,omer-yurtseven,,DNP - Coach's Decision,,,0,0,0.0,0,0,0.0,0,0,0.0,0,0,0,0,0,0,0,0,0,0.0,2021-22,Playoffs
0042100304,1610612738,Boston,Celtics,BOS,celtics,1628369,Jayson,Tatum,J. Tatum,jayson-tatum,F,,,33:50,8,16,0.5,1,7,0.143,14,16,0.875,1,7,8,5,0,2,3,2,31,37.0,2021-22,Playoffs
0042100304,1610612738,Boston,Celtics,BOS,celtics,201143,Al,Horford,A. Horford,al-horford,F,,,33:04,1,2,0.5,1,1,1.0,2,2,1.0,2,11,13,3,0,4,0,2,5,33.0,2021-22,Playoffs
0042100304,1610612738,Boston,Celtics,BOS,celtics,1629057,Robert,Williams III,R. Williams III,robert-williams-iii,C,,,18:38,4,5,0.8,0,0,0.0,4,4,1.0,5,4,9,0,0,2,0,0,12,15.0,2021-22,Playoffs
0042100304,1610612738,Boston,Celtics,BOS,celtics,1627759,Jaylen,Brown,J. Brown,jaylen-brown,G,,,29:10,5,20,0.25,1,6,0.167,1,2,0.5,2,5,7,2,0,0,1,5,12,23.0,2021-22,Playoffs
0042100304,1610612738,Boston,Celtics,BOS,celtics,1628401,Derrick,White,D. White,derrick-white,G,,,40:52,4,14,0.286,1,8,0.125,4,6,0.667,0,8,8,6,3,1,3,0,13,15.0,2021-22,Playoffs
0042100304,1610612738,Boston,Celtics,BOS,celtics,1630202,Payton,Pritchard,P. Pritchard,payton-pritchard,,,,24:45,5,8,0.625,3,6,0.5,1,2,0.5,0,2,2,3,1,1,1,4,14,-6.0,2021-22,Playoffs
0042100304,1610612738,Boston,Celtics,BOS,celtics,1629684,Grant,Williams,G. Williams,grant-williams,,,,36:31,1,8,0.125,1,5,0.2,4,4,1.0,2,3,5,2,0,0,1,2,7,-1.0,2021-22,Playoffs
0042100304,1610612738,Boston,Celtics,BOS,celtics,1630174,Aaron,Nesmith,A. Nesmith,aaron-nesmith,,,,9:18,1,2,0.5,0,1,0.0,0,0,0.0,2,3,5,0,0,1,0,0,2,-11.0,2021-22,Playoffs
0042100304,1610612738,Boston,Celtics,BOS,celtics,1628464,Daniel,Theis,D. Theis,daniel-theis,,,,8:55,2,3,0.667,0,0,0.0,0,0,0.0,0,3,3,0,0,0,0,0,4,-11.0,2021-22,Playoffs
0042100304,1610612738,Boston,Celtics,BOS,celtics,203917,Nik,Stauskas,N. Stauskas,nik-stauskas,,,,1:39,0,0,0.0,0,0,0.0,2,2,1.0,0,0,0,0,0,0,0,0,2,2.0,2021-22,Playoffs
0042100304,1610612738,Boston,Celtics,BOS,celtics,1630238,Malik,Fitts,M. Fitts,malik-fitts,,,,1:39,0,0,0.0,0,0,0.0,0,0,0.0,0,0,0,0,0,0,0,0,0,2.0,2021-22,Playoffs
0042100304,1610612738,Boston,Celtics,BOS,celtics,1629752,Juwan,Morgan,J. Morgan,juwan-morgan,,,,1:39,0,0,0.0,0,0,0.0,0,0,0.0,0,0,0,0,0,0,0,0,0,2.0,2021-22,Playoffs
0042100304,1610612738,Boston,Celtics,BOS,celtics,1628436,Luke,Kornet,L. Kornet,luke-kornet,,DNP - Coach's Decision,,,0,0,0.0,0,0,0.0,0,0,0.0,0,0,0,0,0,0,0,0,0,0.0,2021-22,Playoffs
0042100304,1610612748,Miami,Heat,MIA,heat,202710,Jimmy,Butler III,J. Butler III,jimmy-butler-iii,F,,,27:28,3,14,0.214,0,2,0.0,0,0,0.0,3,4,7,1,0,0,1,2,6,-30.0,2021-22,Playoffs
0042100304,1610612748,Miami,Heat,MIA,heat,200782,P.J.,Tucker,P. Tucker,pj-tucker,F,,,21:18,0,4,0.0,0,1,0.0,0,0,0.0,2,1,3,2,1,0,0,2,0,-30.0,2021-22,Playoffs
0042100304,1610612748,Miami,Heat,MIA,heat,1628389,Bam,Adebayo,B. Adebayo,bam-adebayo,C,,,27:45,3,5,0.6,0,0,0.0,3,5,0.6,1,5,6,2,0,0,3,4,9,-16.0,2021-22,Playoffs
0042100304,1610612748,Miami,Heat,MIA,heat,1629622,Max,Strus,M. Strus,max-strus,G,,,14:57,0,7,0.0,0,4,0.0,0,0,0.0,0,0,0,0,0,0,0,3,0,-33.0,2021-22,Playoffs
0042100304,1610612748,Miami,Heat,MIA,heat,200768,Kyle,Lowry,K. Lowry,kyle-lowry,G,,,21:25,1,6,0.167,1,3,0.333,0,0,0.0,0,5,5,2,0,2,2,2,3,-27.0,2021-22,Playoffs
0042100304,1610612748,Miami,Heat,MIA,heat,1629216,Gabe,Vincent,G. Vincent,gabe-vincent,,,,26:35,2,10,0.2,2,5,0.4,0,0,0.0,0,1,1,7,1,0,0,1,6,7.0,2021-22,Playoffs
0042100304,1610612748,Miami,Heat,MIA,heat,203506,Victor,Oladipo,V. Oladipo,victor-oladipo,,,,30:00,7,16,0.438,4,7,0.571,5,8,0.625,1,3,4,6,0,0,1,3,23,4.0,2021-22,Playoffs
0042100304,1610612748,Miami,Heat,MIA,heat,203473,Dewayne,Dedmon,D. Dedmon,dewayne-dedmon,,,,11:24,3,4,0.75,1,1,1.0,0,0,0.0,0,1,1,0,0,0,2,4,7,-1.0,2021-22,Playoffs
0042100304,1610612748,Miami,Heat,MIA,heat,1629130,Duncan,Robinson,D. Robinson,duncan-robinson,,,,23:20,5,11,0.455,4,8,0.5,0,0,0.0,0,4,4,0,2,0,0,3,14,9.0,2021-22,Playoffs
0042100304,1610612748,Miami,Heat,MIA,heat,1628997,Caleb,Martin,C. Martin,caleb-martin,,,,24:54,5,10,0.5,2,5,0.4,0,1,0.0,2,4,6,1,0,0,0,2,12,9.0,2021-22,Playoffs
0042100304,1610612748,Miami,Heat,MIA,heat,1630209,Omer,Yurtseven,O. Yurtseven,omer-yurtseven,,,,5:27,1,2,0.5,0,0,0.0,0,0,0.0,0,1,1,0,0,0,0,0,2,4.0,2021-22,Playoffs
0042100304,1610612748,Miami,Heat,MIA,heat,1629312,Haywood,Highsmith,H. Highsmith,haywood-highsmith,,,,5:27,0,1,0.0,0,0,0.0,0,0,0.0,1,0,1,1,0,0,0,0,0,4.0,2021-22,Playoffs
0042100304,1610612748,Miami,Heat,MIA,heat,2617,Udonis,Haslem,U. Haslem,udonis-haslem,,DNP - Coach's Decision,,,0,0,0.0,0,0,0.0,0,0,0.0,0,0,0,0,0,0,0,0,0,0.0,2021-22,Playoffs
0042100304,1610612748,Miami,Heat,MIA,heat,202693,Markieff,Morris,M. Morris,markieff-morris,,DNP - Coach's Decision,,,0,0,0.0,0,0,0.0,0,0,0.0,0,0,0,0,0,0,0,0,0,0.0,2021-22,Playoffs
0042100305,1610612748,Miami,Heat,MIA,heat,202710,Jimmy,Butler III,J. Butler III,jimmy-butler-iii,F,,,40:20,4,18,0.222,1,5,0.2,4,4,1.0,3,3,6,4,2,1,0,2,13,-15.0,2021-22,Playoffs
0042100305,1610612748,Miami,Heat,MIA,heat,200782,P.J.,Tucker,P. Tucker,pj-tucker,F,,,31:46,3,7,0.429,1,5,0.2,0,0,0.0,6,5,11,2,1,0,0,1,7,-5.0,2021-22,Playoffs
0042100305,1610612748,Miami,Heat,MIA,heat,1628389,Bam,Adebayo,B. Adebayo,bam-adebayo,C,,,38:20,8,15,0.533,0,0,0.0,2,2,1.0,6,4,10,1,0,1,1,3,18,-23.0,2021-22,Playoffs
0042100305,1610612748,Miami,Heat,MIA,heat,1629622,Max,Strus,M. Strus,max-strus,G,,,20:02,0,9,0.0,0,7,0.0,4,4,1.0,0,2,2,3,0,0,0,3,4,-16.0,2021-22,Playoffs
0042100305,1610612748,Miami,Heat,MIA,heat,200768,Kyle,Lowry,K. Lowry,kyle-lowry,G,,,24:40,0,6,0.0,0,5,0.0,0,0,0.0,0,1,1,0,0,0,3,5,0,-7.0,2021-22,Playoffs
0042100305,1610612748,Miami,Heat,MIA,heat,1629216,Gabe,Vincent,G. Vincent,gabe-vincent,,,,23:20,6,12,0.5,1,7,0.143,2,2,1.0,0,2,2,2,1,0,3,1,15,-6.0,2021-22,Playoffs
0042100305,1610612748,Miami,Heat,MIA,heat,203506,Victor,Oladipo,V. Oladipo,victor-oladipo,,,,15:16,1,7,0.143,0,3,0.0,1,2,0.5,0,5,5,0,2,0,4,0,3,-2.0,2021-22,Playoffs
0042100305,1610612748,Miami,Heat,MIA,heat,1629130,Duncan,Robinson,D. Robinson,duncan-robinson,,,,27:58,4,12,0.333,3,10,0.3,0,0,0.0,2,2,4,1,1,0,0,4,11,3.0,2021-22,Playoffs
0042100305,1610612748,Miami,Heat,MIA,heat,1628997,Caleb,Martin,C. Martin,caleb-martin,,,,15:14,3,7,0.429,1,3,0.333,0,0,0.0,1,5,6,1,0,0,0,0,7,-2.0,2021-22,Playoffs
0042100305,1610612748,Miami,Heat,MIA,heat,1630209,Omer,Yurtseven,O. Yurtseven,omer-yurtseven,,,,1:32,1,1,1.0,0,0,0.0,0,0,0.0,0,0,0,0,0,0,0,0,2,4.0,2021-22,Playoffs
0042100305,1610612748,Miami,Heat,MIA,heat,1629312,Haywood,Highsmith,H. Highsmith,haywood-highsmith,,,,1:32,0,0,0.0,0,0,0.0,0,0,0.0,1,1,2,0,0,0,1,0,0,4.0,2021-22,Playoffs
0042100305,1610612748,Miami,Heat,MIA,heat,203473,Dewayne,Dedmon,D. Dedmon,dewayne-dedmon,,DNP - Coach's Decision,,,0,0,0.0,0,0,0.0,0,0,0.0,0,0,0,0,0,0,0,0,0,0.0,2021-22,Playoffs
0042100305,1610612748,Miami,Heat,MIA,heat,2617,Udonis,Haslem,U. Haslem,udonis-haslem,,DNP - Coach's Decision,,,0,0,0.0,0,0,0.0,0,0,0.0,0,0,0,0,0,0,0,0,0,0.0,2021-22,Playoffs
0042100305,1610612748,Miami,Heat,MIA,heat,202693,Markieff,Morris,M. Morris,markieff-morris,,DNP - Coach's Decision,,,0,0,0.0,0,0,0.0,0,0,0.0,0,0,0,0,0,0,0,0,0,0.0,2021-22,Playoffs
0042100305,1610612738,Boston,Celtics,BOS,celtics,1628369,Jayson,Tatum,J. Tatum,jayson-tatum,F,,,44:26,7,20,0.35,2,8,0.25,6,8,0.75,2,10,12,9,0,0,5,3,22,17.0,2021-22,Playoffs
0042100305,1610612738,Boston,Celtics,BOS,celtics,201143,Al,Horford,A. Horford,al-horford,F,,,39:19,5,8,0.625,1,3,0.333,5,7,0.714,0,7,7,5,1,2,1,0,16,13.0,2021-22,Playoffs
0042100305,1610612738,Boston,Celtics,BOS,celtics,1629057,Robert,Williams III,R. Williams III,robert-williams-iii,C,,,26:48,2,2,1.0,0,0,0.0,2,2,1.0,3,7,10,0,1,3,0,1,6,9.0,2021-22,Playoffs
0042100305,1610612738,Boston,Celtics,BOS,celtics,1627759,Jaylen,Brown,J. Brown,jaylen-brown,G,,,39:49,10,19,0.526,5,9,0.556,0,1,0.0,0,4,4,1,1,1,4,3,25,20.0,2021-22,Playoffs
0042100305,1610612738,Boston,Celtics,BOS,celtics,203935,Marcus,Smart,M. Smart,marcus-smart,G,,,23:42,1,5,0.2,1,3,0.333,2,2,1.0,1,4,5,4,0,0,1,4,5,13.0,2021-22,Playoffs
0042100305,1610612738,Boston,Celtics,BOS,celtics,1628401,Derrick,White,D. White,derrick-white,,,,29:09,6,8,0.75,0,2,0.0,2,3,0.667,0,1,1,5,2,1,3,4,14,8.0,2021-22,Playoffs
0042100305,1610612738,Boston,Celtics,BOS,celtics,1629684,Grant,Williams,G. Williams,grant-williams,,,,23:02,2,5,0.4,1,4,0.25,0,0,0.0,0,6,6,0,0,0,1,4,5,9.0,2021-22,Playoffs
0042100305,1610612738,Boston,Celtics,BOS,celtics,1630202,Payton,Pritchard,P. Pritchard,payton-pritchard,,,,6:05,0,2,0.0,0,2,0.0,0,0,0.0,0,1,1,0,0,0,0,0,0,-4.0,2021-22,Playoffs
0042100305,1610612738,Boston,Celtics,BOS,celtics,1629752,Juwan,Morgan,J. Morgan,juwan-morgan,,,,1:32,0,0,0.0,0,0,0.0,0,0,0.0,0,0,0,0,0,0,0,0,0,-4.0,2021-22,Playoffs
0042100305,1610612738,Boston,Celtics,BOS,celtics,203917,Nik,Stauskas,N. Stauskas,nik-stauskas,,,,1:32,0,2,0.0,0,2,0.0,0,0,0.0,0,0,0,0,0,0,0,0,0,-4.0,2021-22,Playoffs
0042100305,1610612738,Boston,Celtics,BOS,celtics,1630174,Aaron,Nesmith,A. Nesmith,aaron-nesmith,,,,1:32,0,0,0.0,0,0,0.0,0,0,0.0,0,0,0,0,0,0,0,0,0,-4.0,2021-22,Playoffs
0042100305,1610612738,Boston,Celtics,BOS,celtics,1628436,Luke,Kornet,L. Kornet,luke-kornet,,,,1:32,0,0,0.0,0,0,0.0,0,0,0.0,0,0,0,0,0,0,0,0,0,-4.0,2021-22,Playoffs
0042100305,1610612738,Boston,Celtics,BOS,celtics,1630238,Malik,Fitts,M. Fitts,malik-fitts,,,,1:32,0,0,0.0,0,0,0.0,0,0,0.0,0,0,0,0,0,0,0,0,0,-4.0,2021-22,Playoffs
0042100305,1610612738,Boston,Celtics,BOS,celtics,1628464,Daniel,Theis,D. Theis,daniel-theis,,DNP - Coach's Decision,,,0,0,0.0,0,0,0.0,0,0,0.0,0,0,0,0,0,0,0,0,0,0.0,2021-22,Playoffs
0042100306,1610612738,Boston,Celtics,BOS,celtics,1628369,Jayson,Tatum,J. Tatum,jayson-tatum,F,,,45:12,9,12,0.75,4,7,0.571,8,8,1.0,1,8,9,4,2,1,7,4,30,-6.0,2021-22,Playoffs
0042100306,1610612738,Boston,Celtics,BOS,celtics,201143,Al,Horford,A. Horford,al-horford,F,,,32:52,1,8,0.125,1,6,0.167,0,0,0.0,2,7,9,5,0,0,3,4,3,-14.0,2021-22,Playoffs
0042100306,1610612738,Boston,Celtics,BOS,celtics,1629057,Robert,Williams III,R. Williams III,robert-williams-iii,C,,,26:21,5,7,0.714,0,0,0.0,2,2,1.0,0,1,1,0,1,2,1,0,12,-7.0,2021-22,Playoffs
0042100306,1610612738,Boston,Celtics,BOS,celtics,1627759,Jaylen,Brown,J. Brown,jaylen-brown,G,,,41:08,6,13,0.462,1,3,0.333,7,9,0.778,2,4,6,5,2,0,4,6,20,-9.0,2021-22,Playoffs
0042100306,1610612738,Boston,Celtics,BOS,celtics,203935,Marcus,Smart,M. Smart,marcus-smart,G,,,40:25,4,15,0.267,1,9,0.111,5,5,1.0,1,3,4,3,1,0,2,4,14,-12.0,2021-22,Playoffs
0042100306,1610612738,Boston,Celtics,BOS,celtics,1629684,Grant,Williams,G. Williams,grant-williams,,,,17:20,0,2,0.0,0,0,0.0,2,2,1.0,0,2,2,0,1,0,0,5,2,4.0,2021-22,Playoffs
0042100306,1610612738,Boston,Celtics,BOS,celtics,1628401,Derrick,White,D. White,derrick-white,,,,32:55,7,14,0.5,4,7,0.571,4,5,0.8,0,3,3,5,3,1,0,4,22,5.0,2021-22,Playoffs
0042100306,1610612738,Boston,Celtics,BOS,celtics,1630202,Payton,Pritchard,P. Pritchard,payton-pritchard,,,,3:34,0,1,0.0,0,1,0.0,0,0,0.0,0,0,0,0,0,0,0,1,0,-1.0,2021-22,Playoffs
0042100306,1610612738,Boston,Celtics,BOS,celtics,1630174,Aaron,Nesmith,A. Nesmith,aaron-nesmith,,,,0:13,0,0,0.0,0,0,0.0,0,0,0.0,0,0,0,0,0,0,0,0,0,0.0,2021-22,Playoffs
0042100306,1610612738,Boston,Celtics,BOS,celtics,1630238,Malik,Fitts,M. Fitts,malik-fitts,,DNP - Coach's Decision,,,0,0,0.0,0,0,0.0,0,0,0.0,0,0,0,0,0,0,0,0,0,0.0,2021-22,Playoffs
0042100306,1610612738,Boston,Celtics,BOS,celtics,1628436,Luke,Kornet,L. Kornet,luke-kornet,,DNP - Coach's Decision,,,0,0,0.0,0,0,0.0,0,0,0.0,0,0,0,0,0,0,0,0,0,0.0,2021-22,Playoffs
0042100306,1610612738,Boston,Celtics,BOS,celtics,1629752,Juwan,Morgan,J. Morgan,juwan-morgan,,DNP - Coach's Decision,,,0,0,0.0,0,0,0.0,0,0,0.0,0,0,0,0,0,0,0,0,0,0.0,2021-22,Playoffs
0042100306,1610612738,Boston,Celtics,BOS,celtics,203917,Nik,Stauskas,N. Stauskas,nik-stauskas,,DNP - Coach's Decision,,,0,0,0.0,0,0,0.0,0,0,0.0,0,0,0,0,0,0,0,0,0,0.0,2021-22,Playoffs
0042100306,1610612738,Boston,Celtics,BOS,celtics,1628464,Daniel,Theis,D. Theis,daniel-theis,,DNP - Coach's Decision,,,0,0,0.0,0,0,0.0,0,0,0.0,0,0,0,0,0,0,0,0,0,0.0,2021-22,Playoffs
0042100306,1610612748,Miami,Heat,MIA,heat,202710,Jimmy,Butler III,J. Butler III,jimmy-butler-iii,F,,,45:57,16,29,0.552,4,8,0.5,11,11,1.0,3,6,9,8,4,1,1,1,47,8.0,2021-22,Playoffs
0042100306,1610612748,Miami,Heat,MIA,heat,200782,P.J.,Tucker,P. Tucker,pj-tucker,F,,,24:39,3,4,0.75,2,2,1.0,3,4,0.75,2,3,5,1,2,0,1,5,11,9.0,2021-22,Playoffs
0042100306,1610612748,Miami,Heat,MIA,heat,1628389,Bam,Adebayo,B. Adebayo,bam-adebayo,C,,,41:04,3,6,0.5,0,0,0.0,0,0,0.0,3,6,9,2,1,0,4,1,6,12.0,2021-22,Playoffs
0042100306,1610612748,Miami,Heat,MIA,heat,1629622,Max,Strus,M. Strus,max-strus,G,,,34:18,5,12,0.417,3,8,0.375,0,0,0.0,0,2,2,2,0,0,4,6,13,9.0,2021-22,Playoffs
0042100306,1610612748,Miami,Heat,MIA,heat,200768,Kyle,Lowry,K. Lowry,kyle-lowry,G,,,36:51,5,14,0.357,4,9,0.444,4,4,1.0,0,4,4,10,1,1,2,6,18,2.0,2021-22,Playoffs
0042100306,1610612748,Miami,Heat,MIA,heat,1628997,Caleb,Martin,C. Martin,caleb-martin,,,,12:02,2,4,0.5,1,1,1.0,0,0,0.0,2,1,3,0,0,0,3,3,5,-9.0,2021-22,Playoffs
0042100306,1610612748,Miami,Heat,MIA,heat,1629216,Gabe,Vincent,G. Vincent,gabe-vincent,,,,17:23,0,2,0.0,0,2,0.0,2,2,1.0,0,0,0,2,1,0,1,3,2,3.0,2021-22,Playoffs
0042100306,1610612748,Miami,Heat,MIA,heat,1629130,Duncan,Robinson,D. Robinson,duncan-robinson,,,,5:23,0,1,0.0,0,1,0.0,0,0,0.0,0,0,0,0,0,0,0,2,0,-6.0,2021-22,Playoffs
0042100306,1610612748,Miami,Heat,MIA,heat,203506,Victor,Oladipo,V. Oladipo,victor-oladipo,,,,22:23,2,6,0.333,1,4,0.25,4,4,1.0,1,4,5,0,1,0,1,0,9,12.0,2021-22,Playoffs
0042100306,1610612748,Miami,Heat,MIA,heat,203473,Dewayne,Dedmon,D. Dedmon,dewayne-dedmon,,DNP - Coach's Decision,,,0,0,0.0,0,0,0.0,0,0,0.0,0,0,0,0,0,0,0,0,0,0.0,2021-22,Playoffs
0042100306,1610612748,Miami,Heat,MIA,heat,2617,Udonis,Haslem,U. Haslem,udonis-haslem,,DNP - Coach's Decision,,,0,0,0.0,0,0,0.0,0,0,0.0,0,0,0,0,0,0,0,0,0,0.0,2021-22,Playoffs
0042100306,1610612748,Miami,Heat,MIA,heat,1629312,Haywood,Highsmith,H. Highsmith,haywood-highsmith,,DNP - Coach's Decision,,,0,0,0.0,0,0,0.0,0,0,0.0,0,0,0,0,0,0,0,0,0,0.0,2021-22,Playoffs
0042100306,1610612748,Miami,Heat,MIA,heat,202693,Markieff,Morris,M. Morris,markieff-morris,,DNP - Coach's Decision,,,0,0,0.0,0,0,0.0,0,0,0.0,0,0,0,0,0,0,0,0,0,0.0,2021-22,Playoffs
0042100306,1610612748,Miami,Heat,MIA,heat,1630209,Omer,Yurtseven,O. Yurtseven,omer-yurtseven,,DNP - Coach's Decision,,,0,0,0.0,0,0,0.0,0,0,0.0,0,0,0,0,0,0,0,0,0,0.0,2021-22,Playoffs
0042100307,1610612748,Miami,Heat,MIA,heat,202710,Jimmy,Butler III,J. Butler III,jimmy-butler-iii,F,,,48:00,13,24,0.542,1,4,0.25,8,11,0.727,1,8,9,1,1,0,1,2,35,-4.0,2021-22,Playoffs
0042100307,1610612748,Miami,Heat,MIA,heat,200782,P.J.,Tucker,P. Tucker,pj-tucker,F,,,17:02,0,3,0.0,0,2,0.0,0,0,0.0,0,4,4,0,0,1,2,1,0,-16.0,2021-22,Playoffs
0042100307,1610612748,Miami,Heat,MIA,heat,1628389,Bam,Adebayo,B. Adebayo,bam-adebayo,C,,,46:10,12,21,0.571,0,0,0.0,1,3,0.333,4,7,11,4,0,0,0,4,25,-8.0,2021-22,Playoffs
0042100307,1610612748,Miami,Heat,MIA,heat,1629622,Max,Strus,M. Strus,max-strus,G,,,35:25,3,10,0.3,2,7,0.286,0,0,0.0,1,7,8,3,1,2,2,4,8,4.0,2021-22,Playoffs
0042100307,1610612748,Miami,Heat,MIA,heat,200768,Kyle,Lowry,K. Lowry,kyle-lowry,G,,,38:42,4,12,0.333,1,6,0.167,6,9,0.667,1,6,7,3,2,1,2,3,15,-2.0,2021-22,Playoffs
0042100307,1610612748,Miami,Heat,MIA,heat,1629216,Gabe,Vincent,G. Vincent,gabe-vincent,,,,15:18,1,4,0.25,1,3,0.333,1,1,1.0,0,0,0,1,0,0,1,2,4,-10.0,2021-22,Playoffs
0042100307,1610612748,Miami,Heat,MIA,heat,203506,Victor,Oladipo,V. Oladipo,victor-oladipo,,,,32:41,4,12,0.333,1,7,0.143,0,0,0.0,0,5,5,3,0,0,0,2,9,16.0,2021-22,Playoffs
0042100307,1610612748,Miami,Heat,MIA,heat,1629639,Tyler,Herro,T. Herro,tyler-herro,,,,6:43,0,2,0.0,0,1,0.0,0,0,0.0,0,0,0,1,0,1,0,0,0,0.0,2021-22,Playoffs
0042100307,1610612748,Miami,Heat,MIA,heat,203473,Dewayne,Dedmon,D. Dedmon,dewayne-dedmon,,DNP - Coach's Decision,,,0,0,0.0,0,0,0.0,0,0,0.0,0,0,0,0,0,0,0,0,0,0.0,2021-22,Playoffs
0042100307,1610612748,Miami,Heat,MIA,heat,2617,Udonis,Haslem,U. Haslem,udonis-haslem,,DNP - Coach's Decision,,,0,0,0.0,0,0,0.0,0,0,0.0,0,0,0,0,0,0,0,0,0,0.0,2021-22,Playoffs
0042100307,1610612748,Miami,Heat,MIA,heat,1629312,Haywood,Highsmith,H. Highsmith,haywood-highsmith,,DNP - Coach's Decision,,,0,0,0.0,0,0,0.0,0,0,0.0,0,0,0,0,0,0,0,0,0,0.0,2021-22,Playoffs
0042100307,1610612748,Miami,Heat,MIA,heat,1628997,Caleb,Martin,C. Martin,caleb-martin,,DNP - Coach's Decision,,,0,0,0.0,0,0,0.0,0,0,0.0,0,0,0,0,0,0,0,0,0,0.0,2021-22,Playoffs
0042100307,1610612748,Miami,Heat,MIA,heat,202693,Markieff,Morris,M. Morris,markieff-morris,,DNP - Coach's Decision,,,0,0,0.0,0,0,0.0,0,0,0.0,0,0,0,0,0,0,0,0,0,0.0,2021-22,Playoffs
0042100307,1610612748,Miami,Heat,MIA,heat,1629130,Duncan,Robinson,D. Robinson,duncan-robinson,,DNP - Coach's Decision,,,0,0,0.0,0,0,0.0,0,0,0.0,0,0,0,0,0,0,0,0,0,0.0,2021-22,Playoffs
0042100307,1610612748,Miami,Heat,MIA,heat,1630209,Omer,Yurtseven,O. Yurtseven,omer-yurtseven,,DNP - Coach's Decision,,,0,0,0.0,0,0,0.0,0,0,0.0,0,0,0,0,0,0,0,0,0,0.0,2021-22,Playoffs
0042100307,1610612738,Boston,Celtics,BOS,celtics,1628369,Jayson,Tatum,J. Tatum,jayson-tatum,F,,,45:34,9,21,0.429,4,7,0.571,4,5,0.8,2,8,10,6,1,2,2,4,26,7.0,2021-22,Playoffs
0042100307,1610612738,Boston,Celtics,BOS,celtics,201143,Al,Horford,A. Horford,al-horford,F,,,44:02,2,9,0.222,1,6,0.167,0,0,0.0,2,12,14,3,1,2,0,4,5,10.0,2021-22,Playoffs
0042100307,1610612738,Boston,Celtics,BOS,celtics,1629057,Robert,Williams III,R. Williams III,robert-williams-iii,C,,,14:42,0,2,0.0,0,0,0.0,2,2,1.0,1,2,3,1,0,0,1,2,2,5.0,2021-22,Playoffs
0042100307,1610612738,Boston,Celtics,BOS,celtics,1627759,Jaylen,Brown,J. Brown,jaylen-brown,G,,,43:38,8,15,0.533,1,5,0.2,7,8,0.875,1,5,6,6,0,0,4,5,24,8.0,2021-22,Playoffs
0042100307,1610612738,Boston,Celtics,BOS,celtics,203935,Marcus,Smart,M. Smart,marcus-smart,G,,,40:45,8,22,0.364,3,10,0.3,5,6,0.833,0,9,9,5,2,0,1,4,24,2.0,2021-22,Playoffs
0042100307,1610612738,Boston,Celtics,BOS,celtics,1628401,Derrick,White,D. White,derrick-white,,,,18:58,3,8,0.375,2,3,0.667,0,0,0.0,1,2,3,1,0,1,3,3,8,-8.0,2021-22,Playoffs
0042100307,1610612738,Boston,Celtics,BOS,celtics,1629684,Grant,Williams,G. Williams,grant-williams,,,,29:55,5,8,0.625,0,1,0.0,1,3,0.333,3,3,6,0,0,1,2,3,11,-1.0,2021-22,Playoffs
0042100307,1610612738,Boston,Celtics,BOS,celtics,1630202,Payton,Pritchard,P. Pritchard,payton-pritchard,,,,2:26,0,0,0.0,0,0,0.0,0,0,0.0,0,0,0,0,0,0,0,1,0,-3.0,2021-22,Playoffs
0042100307,1610612738,Boston,Celtics,BOS,celtics,1630238,Malik,Fitts,M. Fitts,malik-fitts,,DNP - Coach's Decision,,,0,0,0.0,0,0,0.0,0,0,0.0,0,0,0,0,0,0,0,0,0,0.0,2021-22,Playoffs
0042100307,1610612738,Boston,Celtics,BOS,celtics,1628436,Luke,Kornet,L. Kornet,luke-kornet,,DNP - Coach's Decision,,,0,0,0.0,0,0,0.0,0,0,0.0,0,0,0,0,0,0,0,0,0,0.0,2021-22,Playoffs
0042100307,1610612738,Boston,Celtics,BOS,celtics,1629752,Juwan,Morgan,J. Morgan,juwan-morgan,,DNP - Coach's Decision,,,0,0,0.0,0,0,0.0,0,0,0.0,0,0,0,0,0,0,0,0,0,0.0,2021-22,Playoffs
0042100307,1610612738,Boston,Celtics,BOS,celtics,1630174,Aaron,Nesmith,A. Nesmith,aaron-nesmith,,DNP - Coach's Decision,,,0,0,0.0,0,0,0.0,0,0,0.0,0,0,0,0,0,0,0,0,0,0.0,2021-22,Playoffs
0042100307,1610612738,Boston,Celtics,BOS,celtics,203917,Nik,Stauskas,N. Stauskas,nik-stauskas,,DNP - Coach's Decision,,,0,0,0.0,0,0,0.0,0,0,0.0,0,0,0,0,0,0,0,0,0,0.0,2021-22,Playoffs
0042100307,1610612738,Boston,Celtics,BOS,celtics,1628464,Daniel,Theis,D. Theis,daniel-theis,,DNP - Coach's Decision,,,0,0,0.0,0,0,0.0,0,0,0.0,0,0,0,0,0,0,0,0,0,0.0,2021-22,Playoffs
0042100311,1610612744,Golden State,Warriors,GSW,warriors,203952,Andrew,Wiggins,A. Wiggins,andrew-wiggins,F,,,35:09,8,17,0.471,3,8,0.375,0,2,0.0,1,4,5,3,1,1,2,3,19,28.0,2021-22,Playoffs
0042100311,1610612744,Golden State,Warriors,GSW,warriors,203110,Draymond,Green,D. Green,draymond-green,F,,,28:50,4,6,0.667,0,1,0.0,2,3,0.667,1,8,9,3,2,1,1,4,10,25.0,2021-22,Playoffs
0042100311,1610612744,Golden State,Warriors,GSW,warriors,1626172,Kevon,Looney,K. Looney,kevon-looney,C,,,28:21,5,5,1.0,0,0,0.0,0,0,0.0,2,3,5,4,0,2,1,2,10,15.0,2021-22,Playoffs
0042100311,1610612744,Golden State,Warriors,GSW,warriors,202691,Klay,Thompson,K. Thompson,klay-thompson,G,,,34:34,7,13,0.538,1,4,0.25,0,0,0.0,0,5,5,4,0,2,3,0,15,20.0,2021-22,Playoffs
0042100311,1610612744,Golden State,Warriors,GSW,warriors,201939,Stephen,Curry,S. Curry,stephen-curry,G,,,30:44,7,16,0.438,3,9,0.333,4,7,0.571,2,10,12,4,1,1,3,3,21,23.0,2021-22,Playoffs
0042100311,1610612744,Golden State,Warriors,GSW,warriors,1629673,Jordan,Poole,J. Poole,jordan-poole,,,,26:19,8,12,0.667,1,4,0.25,2,2,1.0,1,1,2,3,1,0,1,5,19,15.0,2021-22,Playoffs
0042100311,1610612744,Golden State,Warriors,GSW,warriors,203490,Otto,Porter Jr.,O. Porter Jr.,otto-porter-jr,,,,23:25,5,7,0.714,0,1,0.0,0,0,0.0,0,6,6,1,1,0,0,2,10,16.0,2021-22,Playoffs
0042100311,1610612744,Golden State,Warriors,GSW,warriors,1627814,Damion,Lee,D. Lee,damion-lee,,,,12:26,1,1,1.0,1,1,1.0,0,0,0.0,0,5,5,0,0,0,1,1,3,-5.0,2021-22,Playoffs
0042100311,1610612744,Golden State,Warriors,GSW,warriors,1629308,Juan,Toscano-Anderson,J. Toscano-Anderson,juan-toscano-anderson,,,,5:03,0,0,0.0,0,0,0.0,0,0,0.0,0,0,0,0,1,0,2,1,0,-3.0,2021-22,Playoffs
0042100311,1610612744,Golden State,Warriors,GSW,warriors,1630541,Moses,Moody,M. Moody,moses-moody,,,,5:03,1,1,1.0,1,1,1.0,0,0,0.0,0,0,0,0,0,0,0,0,3,-3.0,2021-22,Playoffs
0042100311,1610612744,Golden State,Warriors,GSW,warriors,202357,Nemanja,Bjelica,N. Bjelica,nemanja-bjelica,,,,5:03,0,0,0.0,0,0,0.0,0,0,0.0,0,1,1,1,0,0,1,1,0,-3.0,2021-22,Playoffs
0042100311,1610612744,Golden State,Warriors,GSW,warriors,1630228,Jonathan,Kuminga,J. Kuminga,jonathan-kuminga,,,,5:03,0,4,0.0,0,0,0.0,2,2,1.0,0,1,1,1,1,0,0,0,2,-3.0,2021-22,Playoffs
0042100311,1610612742,Dallas,Mavericks,DAL,mavericks,203493,Reggie,Bullock Jr.,R. Bullock Jr.,reggie-bullock-jr,F,,,35:55,4,12,0.333,3,10,0.3,1,1,1.0,0,3,3,2,1,0,0,4,12,-27.0,2021-22,Playoffs
0042100311,1610612742,Dallas,Mavericks,DAL,mavericks,1627827,Dorian,Finney-Smith,D. Finney-Smith,dorian-finney-smith,F,,,33:49,2,6,0.333,1,3,0.333,0,0,0.0,5,2,7,0,0,0,2,4,5,-22.0,2021-22,Playoffs
0042100311,1610612742,Dallas,Mavericks,DAL,mavericks,203939,Dwight,Powell,D. Powell,dwight-powell,C,,,14:14,1,2,0.5,0,0,0.0,1,2,0.5,2,1,3,0,1,0,0,1,3,-8.0,2021-22,Playoffs
0042100311,1610612742,Dallas,Mavericks,DAL,mavericks,1628973,Jalen,Brunson,J. Brunson,jalen-brunson,G,,,31:43,6,16,0.375,0,5,0.0,2,4,0.5,1,3,4,4,1,0,1,1,14,-11.0,2021-22,Playoffs
0042100311,1610612742,Dallas,Mavericks,DAL,mavericks,1629029,Luka,Dončić,L. Dončić,luka-dončić,G,,,34:53,6,18,0.333,3,10,0.3,5,8,0.625,0,7,7,4,1,0,7,1,20,-30.0,2021-22,Playoffs
0042100311,1610612742,Dallas,Mavericks,DAL,mavericks,1628467,Maxi,Kleber,M. Kleber,maxi-kleber,,,,18:56,1,4,0.25,1,4,0.25,0,0,0.0,1,2,3,0,0,0,0,3,3,-8.0,2021-22,Playoffs
0042100311,1610612742,Dallas,Mavericks,DAL,mavericks,203915,Spencer,Dinwiddie,S. Dinwiddie,spencer-dinwiddie,,,,23:35,5,11,0.455,3,7,0.429,4,5,0.8,0,1,1,2,0,0,1,0,17,-21.0,2021-22,Playoffs
0042100311,1610612742,Dallas,Mavericks,DAL,mavericks,202722,Davis,Bertans,D. Bertans,davis-bertans,,,,13:22,0,4,0.0,0,4,0.0,0,0,0.0,0,1,1,0,2,0,0,1,0,-5.0,2021-22,Playoffs
0042100311,1610612742,Dallas,Mavericks,DAL,mavericks,1628373,Frank,Ntilikina,F. Ntilikina,frank-ntilikina,,,,10:16,0,2,0.0,0,2,0.0,0,0,0.0,0,1,1,0,0,0,0,1,0,-6.0,2021-22,Playoffs
0042100311,1610612742,Dallas,Mavericks,DAL,mavericks,1630182,Josh,Green,J. Green,josh-green,,,,8:08,1,3,0.333,0,1,0.0,0,0,0.0,0,1,1,0,0,0,0,0,2,4.0,2021-22,Playoffs
0042100311,1610612742,Dallas,Mavericks,DAL,mavericks,203504,Trey,Burke,T. Burke,trey-burke,,,,5:03,3,4,0.75,0,1,0.0,1,1,1.0,0,0,0,2,0,0,0,0,7,3.0,2021-22,Playoffs
0042100311,1610612742,Dallas,Mavericks,DAL,mavericks,1627737,Marquese,Chriss,M. Chriss,marquese-chriss,,,,5:03,0,0,0.0,0,0,0.0,0,0,0.0,0,1,1,0,0,0,0,1,0,3.0,2021-22,Playoffs
0042100311,1610612742,Dallas,Mavericks,DAL,mavericks,1628425,Sterling,Brown,S. Brown,sterling-brown,,,,5:03,2,4,0.5,0,1,0.0,0,0,0.0,0,3,3,0,1,1,2,0,4,3.0,2021-22,Playoffs
0042100311,1610612742,Dallas,Mavericks,DAL,mavericks,1626246,Boban,Marjanović,B. Marjanović,boban-marjanović,,DNP - Coach's Decision,,,0,0,0.0,0,0,0.0,0,0,0.0,0,0,0,0,0,0,0,0,0,0.0,2021-22,Playoffs
0042100312,1610612744,Golden State,Warriors,GSW,warriors,203952,Andrew,Wiggins,A. Wiggins,andrew-wiggins,F,,,38:01,5,14,0.357,3,5,0.6,3,6,0.5,2,3,5,5,1,1,1,4,16,16.0,2021-22,Playoffs
0042100312,1610612744,Golden State,Warriors,GSW,warriors,203110,Draymond,Green,D. Green,draymond-green,F,,,28:24,2,6,0.333,1,2,0.5,1,2,0.5,0,6,6,5,0,0,4,6,6,-19.0,2021-22,Playoffs
0042100312,1610612744,Golden State,Warriors,GSW,warriors,1626172,Kevon,Looney,K. Looney,kevon-looney,C,,,32:12,10,14,0.714,0,0,0.0,1,1,1.0,5,7,12,2,0,0,0,1,21,9.0,2021-22,Playoffs
0042100312,1610612744,Golden State,Warriors,GSW,warriors,202691,Klay,Thompson,K. Thompson,klay-thompson,G,,,37:17,6,10,0.6,1,4,0.25,2,2,1.0,0,4,4,5,0,0,0,4,15,-9.0,2021-22,Playoffs
0042100312,1610612744,Golden State,Warriors,GSW,warriors,201939,Stephen,Curry,S. Curry,stephen-curry,G,,,37:01,11,21,0.524,6,10,0.6,4,4,1.0,0,8,8,5,0,0,3,4,32,15.0,2021-22,Playoffs
0042100312,1610612744,Golden State,Warriors,GSW,warriors,1629673,Jordan,Poole,J. Poole,jordan-poole,,,,28:47,7,10,0.7,2,4,0.5,7,7,1.0,0,1,1,5,2,0,3,2,23,26.0,2021-22,Playoffs
0042100312,1610612744,Golden State,Warriors,GSW,warriors,203490,Otto,Porter Jr.,O. Porter Jr.,otto-porter-jr,,,,23:52,4,4,1.0,1,1,1.0,2,3,0.667,1,6,7,4,1,1,1,2,11,11.0,2021-22,Playoffs
0042100312,1610612744,Golden State,Warriors,GSW,warriors,1627814,Damion,Lee,D. Lee,damion-lee,,,,4:52,0,2,0.0,0,2,0.0,0,0,0.0,0,0,0,1,0,0,1,2,0,-12.0,2021-22,Playoffs
0042100312,1610612744,Golden State,Warriors,GSW,warriors,1630541,Moses,Moody,M. Moody,moses-moody,,,,9:35,1,1,1.0,0,0,0.0,0,0,0.0,0,0,0,1,0,0,0,1,2,8.0,2021-22,Playoffs
0042100312,1610612744,Golden State,Warriors,GSW,warriors,202357,Nemanja,Bjelica,N. Bjelica,nemanja-bjelica,,DNP - Coach's Decision,,,0,0,0.0,0,0,0.0,0,0,0.0,0,0,0,0,0,0,0,0,0,0.0,2021-22,Playoffs
0042100312,1610612744,Golden State,Warriors,GSW,warriors,1630228,Jonathan,Kuminga,J. Kuminga,jonathan-kuminga,,DNP - Coach's Decision,,,0,0,0.0,0,0,0.0,0,0,0.0,0,0,0,0,0,0,0,0,0,0.0,2021-22,Playoffs
0042100312,1610612744,Golden State,Warriors,GSW,warriors,1629308,Juan,Toscano-Anderson,J. Toscano-Anderson,juan-toscano-anderson,,DNP - Coach's Decision,,,0,0,0.0,0,0,0.0,0,0,0.0,0,0,0,0,0,0,0,0,0,0.0,2021-22,Playoffs
0042100312,1610612742,Dallas,Mavericks,DAL,mavericks,203493,Reggie,Bullock Jr.,R. Bullock Jr.,reggie-bullock-jr,F,,,44:23,6,11,0.545,6,10,0.6,3,3,1.0,0,3,3,2,0,0,1,4,21,-7.0,2021-22,Playoffs
0042100312,1610612742,Dallas,Mavericks,DAL,mavericks,1627827,Dorian,Finney-Smith,D. Finney-Smith,dorian-finney-smith,F,,,42:14,3,6,0.5,3,6,0.5,1,4,0.25,2,6,8,2,0,1,2,2,10,0.0,2021-22,Playoffs
0042100312,1610612742,Dallas,Mavericks,DAL,mavericks,203939,Dwight,Powell,D. Powell,dwight-powell,C,,,7:49,0,1,0.0,0,0,0.0,0,0,0.0,1,1,2,0,0,0,0,0,0,4.0,2021-22,Playoffs
0042100312,1610612742,Dallas,Mavericks,DAL,mavericks,1628973,Jalen,Brunson,J. Brunson,jalen-brunson,G,,,36:23,11,19,0.579,5,7,0.714,4,6,0.667,0,7,7,5,0,0,2,3,31,2.0,2021-22,Playoffs
0042100312,1610612742,Dallas,Mavericks,DAL,mavericks,1629029,Luka,Dončić,L. Dončić,luka-dončić,G,,,38:11,12,23,0.522,5,10,0.5,13,15,0.867,0,5,5,8,3,1,2,3,42,-12.0,2021-22,Playoffs
0042100312,1610612742,Dallas,Mavericks,DAL,mavericks,1628467,Maxi,Kleber,M. Kleber,maxi-kleber,,,,33:06,1,5,0.2,1,5,0.2,0,0,0.0,0,1,1,1,1,2,0,4,3,-20.0,2021-22,Playoffs
0042100312,1610612742,Dallas,Mavericks,DAL,mavericks,203915,Spencer,Dinwiddie,S. Dinwiddie,spencer-dinwiddie,,,,22:07,2,6,0.333,0,2,0.0,0,0,0.0,0,1,1,4,2,1,4,2,4,-8.0,2021-22,Playoffs
0042100312,1610612742,Dallas,Mavericks,DAL,mavericks,1628373,Frank,Ntilikina,F. Ntilikina,frank-ntilikina,,,,3:32,0,3,0.0,0,2,0.0,0,0,0.0,0,0,0,0,0,0,0,1,0,-10.0,2021-22,Playoffs
0042100312,1610612742,Dallas,Mavericks,DAL,mavericks,202722,Davis,Bertans,D. Bertans,davis-bertans,,,,7:14,2,3,0.667,1,2,0.5,1,1,1.0,1,1,2,0,1,0,1,0,6,7.0,2021-22,Playoffs
0042100312,1610612742,Dallas,Mavericks,DAL,mavericks,1630182,Josh,Green,J. Green,josh-green,,,,5:01,0,1,0.0,0,1,0.0,0,0,0.0,0,1,1,0,0,0,0,1,0,-1.0,2021-22,Playoffs
0042100312,1610612742,Dallas,Mavericks,DAL,mavericks,1628425,Sterling,Brown,S. Brown,sterling-brown,,DNP - Coach's Decision,,,0,0,0.0,0,0,0.0,0,0,0.0,0,0,0,0,0,0,0,0,0,0.0,2021-22,Playoffs
0042100312,1610612742,Dallas,Mavericks,DAL,mavericks,203504,Trey,Burke,T. Burke,trey-burke,,DNP - Coach's Decision,,,0,0,0.0,0,0,0.0,0,0,0.0,0,0,0,0,0,0,0,0,0,0.0,2021-22,Playoffs
0042100312,1610612742,Dallas,Mavericks,DAL,mavericks,1627737,Marquese,Chriss,M. Chriss,marquese-chriss,,DNP - Coach's Decision,,,0,0,0.0,0,0,0.0,0,0,0.0,0,0,0,0,0,0,0,0,0,0.0,2021-22,Playoffs
0042100312,1610612742,Dallas,Mavericks,DAL,mavericks,1626246,Boban,Marjanović,B. Marjanović,boban-marjanović,,DNP - Coach's Decision,,,0,0,0.0,0,0,0.0,0,0,0.0,0,0,0,0,0,0,0,0,0,0.0,2021-22,Playoffs
0042100313,1610612742,Dallas,Mavericks,DAL,mavericks,203493,Reggie,Bullock Jr.,R. Bullock Jr.,reggie-bullock-jr,F,,,39:58,0,10,0.0,0,7,0.0,0,1,0.0,0,4,4,4,2,0,0,4,0,-5.0,2021-22,Playoffs
0042100313,1610612742,Dallas,Mavericks,DAL,mavericks,1627827,Dorian,Finney-Smith,D. Finney-Smith,dorian-finney-smith,F,,,42:01,3,7,0.429,2,5,0.4,1,2,0.5,3,1,4,3,0,0,1,1,9,-12.0,2021-22,Playoffs
0042100313,1610612742,Dallas,Mavericks,DAL,mavericks,203939,Dwight,Powell,D. Powell,dwight-powell,C,,,7:59,1,1,1.0,0,0,0.0,1,2,0.5,1,1,2,0,0,0,0,2,3,-7.0,2021-22,Playoffs
0042100313,1610612742,Dallas,Mavericks,DAL,mavericks,1628973,Jalen,Brunson,J. Brunson,jalen-brunson,G,,,36:35,7,12,0.583,3,6,0.5,3,4,0.75,1,4,5,3,0,0,1,2,20,-7.0,2021-22,Playoffs
0042100313,1610612742,Dallas,Mavericks,DAL,mavericks,1629029,Luka,Dončić,L. Dončić,luka-dončić,G,,,40:23,11,23,0.478,4,9,0.444,14,17,0.824,0,11,11,3,1,2,3,3,40,-19.0,2021-22,Playoffs
0042100313,1610612742,Dallas,Mavericks,DAL,mavericks,1628467,Maxi,Kleber,M. Kleber,maxi-kleber,,,,24:41,0,5,0.0,0,5,0.0,0,0,0.0,2,2,4,2,0,0,1,2,0,-12.0,2021-22,Playoffs
0042100313,1610612742,Dallas,Mavericks,DAL,mavericks,203915,Spencer,Dinwiddie,S. Dinwiddie,spencer-dinwiddie,,,,31:45,7,13,0.538,4,10,0.4,8,8,1.0,0,2,2,1,0,0,1,1,26,2.0,2021-22,Playoffs
0042100313,1610612742,Dallas,Mavericks,DAL,mavericks,1628373,Frank,Ntilikina,F. Ntilikina,frank-ntilikina,,,,4:00,0,1,0.0,0,1,0.0,0,0,0.0,0,0,0,1,0,0,0,0,0,4.0,2021-22,Playoffs
0042100313,1610612742,Dallas,Mavericks,DAL,mavericks,202722,Davis,Bertans,D. Bertans,davis-bertans,,,,12:38,1,3,0.333,0,2,0.0,0,0,0.0,0,1,1,1,1,0,0,3,2,11.0,2021-22,Playoffs
0042100313,1610612742,Dallas,Mavericks,DAL,mavericks,1628425,Sterling,Brown,S. Brown,sterling-brown,,DNP - Coach's Decision,,,0,0,0.0,0,0,0.0,0,0,0.0,0,0,0,0,0,0,0,0,0,0.0,2021-22,Playoffs
0042100313,1610612742,Dallas,Mavericks,DAL,mavericks,203504,Trey,Burke,T. Burke,trey-burke,,DNP - Coach's Decision,,,0,0,0.0,0,0,0.0,0,0,0.0,0,0,0,0,0,0,0,0,0,0.0,2021-22,Playoffs
0042100313,1610612742,Dallas,Mavericks,DAL,mavericks,1627737,Marquese,Chriss,M. Chriss,marquese-chriss,,DNP - Coach's Decision,,,0,0,0.0,0,0,0.0,0,0,0.0,0,0,0,0,0,0,0,0,0,0.0,2021-22,Playoffs
0042100313,1610612742,Dallas,Mavericks,DAL,mavericks,1630182,Josh,Green,J. Green,josh-green,,DNP - Coach's Decision,,,0,0,0.0,0,0,0.0,0,0,0.0,0,0,0,0,0,0,0,0,0,0.0,2021-22,Playoffs
0042100313,1610612742,Dallas,Mavericks,DAL,mavericks,1626246,Boban,Marjanović,B. Marjanović,boban-marjanović,,DNP - Coach's Decision,,,0,0,0.0,0,0,0.0,0,0,0.0,0,0,0,0,0,0,0,0,0,0.0,2021-22,Playoffs
0042100313,1610612744,Golden State,Warriors,GSW,warriors,203952,Andrew,Wiggins,A. Wiggins,andrew-wiggins,F,,,39:48,11,20,0.55,1,5,0.2,4,5,0.8,6,5,11,3,0,0,0,4,27,22.0,2021-22,Playoffs
0042100313,1610612744,Golden State,Warriors,GSW,warriors,203110,Draymond,Green,D. Green,draymond-green,F,,,36:56,5,10,0.5,0,0,0.0,0,0,0.0,1,4,5,5,2,1,3,4,10,19.0,2021-22,Playoffs
0042100313,1610612744,Golden State,Warriors,GSW,warriors,1626172,Kevon,Looney,K. Looney,kevon-looney,C,,,29:11,3,4,0.75,0,0,0.0,3,4,0.75,4,8,12,4,1,0,1,3,9,5.0,2021-22,Playoffs
0042100313,1610612744,Golden State,Warriors,GSW,warriors,202691,Klay,Thompson,K. Thompson,klay-thompson,G,,,39:02,6,18,0.333,3,10,0.3,4,4,1.0,0,7,7,3,0,0,0,2,19,13.0,2021-22,Playoffs
0042100313,1610612744,Golden State,Warriors,GSW,warriors,201939,Stephen,Curry,S. Curry,stephen-curry,G,,,39:01,10,20,0.5,5,10,0.5,6,6,1.0,1,4,5,11,0,0,3,5,31,19.0,2021-22,Playoffs
0042100313,1610612744,Golden State,Warriors,GSW,warriors,1629673,Jordan,Poole,J. Poole,jordan-poole,,,,27:56,2,4,0.5,2,4,0.5,4,4,1.0,1,4,5,1,2,0,2,4,10,-6.0,2021-22,Playoffs
0042100313,1610612744,Golden State,Warriors,GSW,warriors,203490,Otto,Porter Jr.,O. Porter Jr.,otto-porter-jr,,,,6:49,1,2,0.5,0,0,0.0,0,0,0.0,0,1,1,0,0,0,0,0,2,-8.0,2021-22,Playoffs
0042100313,1610612744,Golden State,Warriors,GSW,warriors,1630541,Moses,Moody,M. Moody,moses-moody,,,,16:13,0,3,0.0,0,3,0.0,1,2,0.5,1,0,1,1,0,0,0,1,1,-12.0,2021-22,Playoffs
0042100313,1610612744,Golden State,Warriors,GSW,warriors,1629308,Juan,Toscano-Anderson,J. Toscano-Anderson,juan-toscano-anderson,,,,5:04,0,0,0.0,0,0,0.0,0,0,0.0,0,0,0,0,0,0,1,0,0,-7.0,2021-22,Playoffs
0042100313,1610612744,Golden State,Warriors,GSW,warriors,202357,Nemanja,Bjelica,N. Bjelica,nemanja-bjelica,,DNP - Coach's Decision,,,0,0,0.0,0,0,0.0,0,0,0.0,0,0,0,0,0,0,0,0,0,0.0,2021-22,Playoffs
0042100313,1610612744,Golden State,Warriors,GSW,warriors,1630228,Jonathan,Kuminga,J. Kuminga,jonathan-kuminga,,DNP - Coach's Decision,,,0,0,0.0,0,0,0.0,0,0,0.0,0,0,0,0,0,0,0,0,0,0.0,2021-22,Playoffs
0042100313,1610612744,Golden State,Warriors,GSW,warriors,1627814,Damion,Lee,D. Lee,damion-lee,,DNP - Coach's Decision,,,0,0,0.0,0,0,0.0,0,0,0.0,0,0,0,0,0,0,0,0,0,0.0,2021-22,Playoffs
0042100314,1610612742,Dallas,Mavericks,DAL,mavericks,203493,Reggie,Bullock Jr.,R. Bullock Jr.,reggie-bullock-jr,F,,,38:22,6,10,0.6,6,10,0.6,0,0,0.0,0,2,2,2,0,0,0,1,18,12.0,2021-22,Playoffs
0042100314,1610612742,Dallas,Mavericks,DAL,mavericks,1627827,Dorian,Finney-Smith,D. Finney-Smith,dorian-finney-smith,F,,,38:52,9,13,0.692,4,7,0.571,1,2,0.5,0,6,6,2,0,0,2,3,23,18.0,2021-22,Playoffs
0042100314,1610612742,Dallas,Mavericks,DAL,mavericks,203939,Dwight,Powell,D. Powell,dwight-powell,C,,,11:45,0,0,0.0,0,0,0.0,0,0,0.0,0,1,1,0,0,0,0,0,0,7.0,2021-22,Playoffs
0042100314,1610612742,Dallas,Mavericks,DAL,mavericks,1628973,Jalen,Brunson,J. Brunson,jalen-brunson,G,,,34:21,5,12,0.417,1,2,0.5,4,5,0.8,1,4,5,5,0,1,0,3,15,0.0,2021-22,Playoffs
0042100314,1610612742,Dallas,Mavericks,DAL,mavericks,1629029,Luka,Dončić,L. Dončić,luka-dončić,G,,,37:42,10,26,0.385,3,11,0.273,7,10,0.7,0,14,14,9,2,2,3,2,30,13.0,2021-22,Playoffs
0042100314,1610612742,Dallas,Mavericks,DAL,mavericks,1628467,Maxi,Kleber,M. Kleber,maxi-kleber,,,,22:07,5,6,0.833,2,3,0.667,1,1,1.0,2,6,8,2,0,3,0,5,13,5.0,2021-22,Playoffs
0042100314,1610612742,Dallas,Mavericks,DAL,mavericks,203915,Spencer,Dinwiddie,S. Dinwiddie,spencer-dinwiddie,,,,27:38,2,7,0.286,2,5,0.4,4,4,1.0,0,3,3,8,1,0,3,2,10,8.0,2021-22,Playoffs
0042100314,1610612742,Dallas,Mavericks,DAL,mavericks,1628373,Frank,Ntilikina,F. Ntilikina,frank-ntilikina,,,,17:02,2,2,1.0,1,1,1.0,0,0,0.0,0,1,1,1,1,0,0,3,5,-2.0,2021-22,Playoffs
0042100314,1610612742,Dallas,Mavericks,DAL,mavericks,202722,Davis,Bertans,D. Bertans,davis-bertans,,,,9:43,2,6,0.333,1,4,0.25,0,0,0.0,1,4,5,1,0,0,0,0,5,-2.0,2021-22,Playoffs
0042100314,1610612742,Dallas,Mavericks,DAL,mavericks,1630182,Josh,Green,J. Green,josh-green,,,,2:28,0,0,0.0,0,0,0.0,0,0,0.0,0,0,0,0,0,0,0,0,0,-9.0,2021-22,Playoffs
0042100314,1610612742,Dallas,Mavericks,DAL,mavericks,1628425,Sterling,Brown,S. Brown,sterling-brown,,DNP - Coach's Decision,,,0,0,0.0,0,0,0.0,0,0,0.0,0,0,0,0,0,0,0,0,0,0.0,2021-22,Playoffs
0042100314,1610612742,Dallas,Mavericks,DAL,mavericks,203504,Trey,Burke,T. Burke,trey-burke,,DNP - Coach's Decision,,,0,0,0.0,0,0,0.0,0,0,0.0,0,0,0,0,0,0,0,0,0,0.0,2021-22,Playoffs
0042100314,1610612742,Dallas,Mavericks,DAL,mavericks,1627737,Marquese,Chriss,M. Chriss,marquese-chriss,,DNP - Coach's Decision,,,0,0,0.0,0,0,0.0,0,0,0.0,0,0,0,0,0,0,0,0,0,0.0,2021-22,Playoffs
0042100314,1610612742,Dallas,Mavericks,DAL,mavericks,1626246,Boban,Marjanović,B. Marjanović,boban-marjanović,,DNP - Coach's Decision,,,0,0,0.0,0,0,0.0,0,0,0.0,0,0,0,0,0,0,0,0,0,0.0,2021-22,Playoffs
0042100314,1610612744,Golden State,Warriors,GSW,warriors,203952,Andrew,Wiggins,A. Wiggins,andrew-wiggins,F,,,30:32,5,11,0.455,1,3,0.333,2,2,1.0,3,2,5,1,0,0,0,3,13,-20.0,2021-22,Playoffs
0042100314,1610612744,Golden State,Warriors,GSW,warriors,203110,Draymond,Green,D. Green,draymond-green,F,,,25:51,4,8,0.5,0,2,0.0,2,5,0.4,0,6,6,6,0,2,1,1,10,-18.0,2021-22,Playoffs
0042100314,1610612744,Golden State,Warriors,GSW,warriors,1626172,Kevon,Looney,K. Looney,kevon-looney,C,,,19:48,1,3,0.333,0,0,0.0,1,3,0.333,1,5,6,1,0,1,1,0,3,-20.0,2021-22,Playoffs
0042100314,1610612744,Golden State,Warriors,GSW,warriors,202691,Klay,Thompson,K. Thompson,klay-thompson,G,,,28:09,5,10,0.5,2,6,0.333,0,1,0.0,0,1,1,1,2,0,0,2,12,-22.0,2021-22,Playoffs
0042100314,1610612744,Golden State,Warriors,GSW,warriors,201939,Stephen,Curry,S. Curry,stephen-curry,G,,,32:33,7,16,0.438,2,5,0.4,4,5,0.8,0,5,5,8,1,0,2,2,20,-23.0,2021-22,Playoffs
0042100314,1610612744,Golden State,Warriors,GSW,warriors,1629673,Jordan,Poole,J. Poole,jordan-poole,,,,28:36,5,10,0.5,2,5,0.4,2,2,1.0,0,0,0,4,0,1,1,6,14,7.0,2021-22,Playoffs
0042100314,1610612744,Golden State,Warriors,GSW,warriors,1630228,Jonathan,Kuminga,J. Kuminga,jonathan-kuminga,,,,21:39,5,11,0.455,1,3,0.333,6,8,0.75,0,8,8,1,0,0,2,2,17,9.0,2021-22,Playoffs
0042100314,1610612744,Golden State,Warriors,GSW,warriors,1630541,Moses,Moody,M. Moody,moses-moody,,,,22:41,4,7,0.571,2,3,0.667,0,0,0.0,0,2,2,0,2,0,1,0,10,4.0,2021-22,Playoffs
0042100314,1610612744,Golden State,Warriors,GSW,warriors,1627814,Damion,Lee,D. Lee,damion-lee,,,,15:14,3,6,0.5,0,1,0.0,0,0,0.0,2,4,6,1,0,0,0,0,6,15.0,2021-22,Playoffs
0042100314,1610612744,Golden State,Warriors,GSW,warriors,1629308,Juan,Toscano-Anderson,J. Toscano-Anderson,juan-toscano-anderson,,,,0:07,0,0,0.0,0,0,0.0,0,0,0.0,0,0,0,0,0,0,0,0,0,0.0,2021-22,Playoffs
0042100314,1610612744,Golden State,Warriors,GSW,warriors,202357,Nemanja,Bjelica,N. Bjelica,nemanja-bjelica,,,,14:50,2,2,1.0,0,0,0.0,0,0,0.0,0,3,3,3,0,0,0,2,4,18.0,2021-22,Playoffs
0042100314,1610612744,Golden State,Warriors,GSW,warriors,203490,Otto,Porter Jr.,O. Porter Jr.,otto-porter-jr,,DNP - Injury/Illness,,,0,0,0.0,0,0,0.0,0,0,0.0,0,0,0,0,0,0,0,0,0,0.0,2021-22,Playoffs
0042100315,1610612744,Golden State,Warriors,GSW,warriors,203952,Andrew,Wiggins,A. Wiggins,andrew-wiggins,F,,,40:03,7,16,0.438,0,7,0.0,4,4,1.0,3,7,10,2,1,0,1,1,18,9.0,2021-22,Playoffs
0042100315,1610612744,Golden State,Warriors,GSW,warriors,203110,Draymond,Green,D. Green,draymond-green,F,,,31:24,6,7,0.857,1,1,1.0,4,4,1.0,1,5,6,9,0,1,3,5,17,11.0,2021-22,Playoffs
0042100315,1610612744,Golden State,Warriors,GSW,warriors,1626172,Kevon,Looney,K. Looney,kevon-looney,C,,,30:43,5,8,0.625,0,0,0.0,0,0,0.0,7,11,18,4,0,0,0,1,10,11.0,2021-22,Playoffs
0042100315,1610612744,Golden State,Warriors,GSW,warriors,202691,Klay,Thompson,K. Thompson,klay-thompson,G,,,37:20,12,25,0.48,8,16,0.5,0,0,0.0,1,1,2,3,1,0,1,3,32,18.0,2021-22,Playoffs
0042100315,1610612744,Golden State,Warriors,GSW,warriors,201939,Stephen,Curry,S. Curry,stephen-curry,G,,,34:49,5,17,0.294,2,7,0.286,3,3,1.0,0,3,3,9,3,1,2,2,15,11.0,2021-22,Playoffs
0042100315,1610612744,Golden State,Warriors,GSW,warriors,1629673,Jordan,Poole,J. Poole,jordan-poole,,,,28:25,6,8,0.75,1,3,0.333,3,3,1.0,0,6,6,6,1,0,3,3,16,-6.0,2021-22,Playoffs
0042100315,1610612744,Golden State,Warriors,GSW,warriors,202357,Nemanja,Bjelica,N. Bjelica,nemanja-bjelica,,,,21:41,2,4,0.5,1,1,1.0,0,0,0.0,2,4,6,3,0,0,0,3,5,4.0,2021-22,Playoffs
0042100315,1610612744,Golden State,Warriors,GSW,warriors,1629308,Juan,Toscano-Anderson,J. Toscano-Anderson,juan-toscano-anderson,,,,1:44,0,0,0.0,0,0,0.0,0,0,0.0,0,0,0,0,0,0,0,0,0,-6.0,2021-22,Playoffs
0042100315,1610612744,Golden State,Warriors,GSW,warriors,1630541,Moses,Moody,M. Moody,moses-moody,,,,10:37,2,3,0.667,1,1,1.0,2,2,1.0,0,0,0,0,0,1,0,1,7,4.0,2021-22,Playoffs
0042100315,1610612744,Golden State,Warriors,GSW,warriors,1630228,Jonathan,Kuminga,J. Kuminga,jonathan-kuminga,,,,1:37,0,0,0.0,0,0,0.0,0,0,0.0,0,0,0,0,0,0,0,1,0,-3.0,2021-22,Playoffs
0042100315,1610612744,Golden State,Warriors,GSW,warriors,1627814,Damion,Lee,D. Lee,damion-lee,,,,1:37,0,0,0.0,0,0,0.0,0,0,0.0,0,0,0,0,0,0,0,0,0,-3.0,2021-22,Playoffs
0042100315,1610612744,Golden State,Warriors,GSW,warriors,203490,Otto,Porter Jr.,O. Porter Jr.,otto-porter-jr,,DNP - Injury/Illness,,,0,0,0.0,0,0,0.0,0,0,0.0,0,0,0,0,0,0,0,0,0,0.0,2021-22,Playoffs
0042100315,1610612742,Dallas,Mavericks,DAL,mavericks,203493,Reggie,Bullock Jr.,R. Bullock Jr.,reggie-bullock-jr,F,,,37:48,2,4,0.5,2,4,0.5,0,0,0.0,0,4,4,2,0,0,0,0,6,-8.0,2021-22,Playoffs
0042100315,1610612742,Dallas,Mavericks,DAL,mavericks,1627827,Dorian,Finney-Smith,D. Finney-Smith,dorian-finney-smith,F,,,39:24,6,10,0.6,1,4,0.25,0,0,0.0,1,3,4,2,2,1,1,3,13,-14.0,2021-22,Playoffs
0042100315,1610612742,Dallas,Mavericks,DAL,mavericks,203939,Dwight,Powell,D. Powell,dwight-powell,C,,,7:27,1,1,1.0,0,0,0.0,1,1,1.0,1,1,2,0,0,0,0,1,3,-8.0,2021-22,Playoffs
0042100315,1610612742,Dallas,Mavericks,DAL,mavericks,1628973,Jalen,Brunson,J. Brunson,jalen-brunson,G,,,30:09,3,10,0.3,0,2,0.0,4,6,0.667,0,2,2,4,0,0,0,3,10,-24.0,2021-22,Playoffs
0042100315,1610612742,Dallas,Mavericks,DAL,mavericks,1629029,Luka,Dončić,L. Dončić,luka-dončić,G,,,39:38,10,28,0.357,3,13,0.231,5,7,0.714,1,8,9,6,1,0,4,3,28,-12.0,2021-22,Playoffs
0042100315,1610612742,Dallas,Mavericks,DAL,mavericks,1628467,Maxi,Kleber,M. Kleber,maxi-kleber,,,,26:59,3,6,0.5,1,2,0.5,0,0,0.0,1,7,8,1,1,1,0,2,7,2.0,2021-22,Playoffs
0042100315,1610612742,Dallas,Mavericks,DAL,mavericks,1628373,Frank,Ntilikina,F. Ntilikina,frank-ntilikina,,,,14:24,2,5,0.4,2,5,0.4,0,0,0.0,1,2,3,1,1,0,0,1,6,-3.0,2021-22,Playoffs
0042100315,1610612742,Dallas,Mavericks,DAL,mavericks,203915,Spencer,Dinwiddie,S. Dinwiddie,spencer-dinwiddie,,,,32:07,7,12,0.583,5,7,0.714,7,9,0.778,0,0,0,4,0,2,1,4,26,-2.0,2021-22,Playoffs
0042100315,1610612742,Dallas,Mavericks,DAL,mavericks,202722,Davis,Bertans,D. Bertans,davis-bertans,,,,3:57,1,2,0.5,1,2,0.5,0,0,0.0,0,1,1,0,0,0,0,1,3,-5.0,2021-22,Playoffs
0042100315,1610612742,Dallas,Mavericks,DAL,mavericks,203504,Trey,Burke,T. Burke,trey-burke,,,,2:02,2,3,0.667,2,3,0.667,0,0,0.0,0,0,0,0,0,0,0,0,6,6.0,2021-22,Playoffs
0042100315,1610612742,Dallas,Mavericks,DAL,mavericks,1630182,Josh,Green,J. Green,josh-green,,,,2:02,0,0,0.0,0,0,0.0,0,0,0.0,0,0,0,0,0,0,0,0,0,6.0,2021-22,Playoffs
0042100315,1610612742,Dallas,Mavericks,DAL,mavericks,1627737,Marquese,Chriss,M. Chriss,marquese-chriss,,,,2:02,0,0,0.0,0,0,0.0,0,0,0.0,0,0,0,0,0,0,1,0,0,6.0,2021-22,Playoffs
0042100315,1610612742,Dallas,Mavericks,DAL,mavericks,1628425,Sterling,Brown,S. Brown,sterling-brown,,,,2:02,0,1,0.0,0,0,0.0,2,2,1.0,1,0,1,2,1,0,0,0,2,6.0,2021-22,Playoffs
0042100315,1610612742,Dallas,Mavericks,DAL,mavericks,1626246,Boban,Marjanović,B. Marjanović,boban-marjanović,,DNP - Coach's Decision,,,0,0,0.0,0,0,0.0,0,0,0.0,0,0,0,0,0,0,0,0,0,0.0,2021-22,Playoffs
0042100401,1610612744,Golden State,Warriors,GSW,warriors,203952,Andrew,Wiggins,A. Wiggins,andrew-wiggins,F,,,34:54,8,15,0.533,2,7,0.286,2,2,1.0,1,4,5,0,1,3,1,3,20,-11.0,2021-22,Playoffs
0042100401,1610612744,Golden State,Warriors,GSW,warriors,203110,Draymond,Green,D. Green,draymond-green,F,,,38:02,2,12,0.167,0,4,0.0,0,3,0.0,3,8,11,5,2,0,3,6,4,-1.0,2021-22,Playoffs
0042100401,1610612744,Golden State,Warriors,GSW,warriors,1626172,Kevon,Looney,K. Looney,kevon-looney,C,,,25:17,1,4,0.25,0,0,0.0,2,2,1.0,6,3,9,5,0,3,2,0,4,-2.0,2021-22,Playoffs
0042100401,1610612744,Golden State,Warriors,GSW,warriors,202691,Klay,Thompson,K. Thompson,klay-thompson,G,,,38:57,6,14,0.429,3,7,0.429,0,0,0.0,1,1,2,3,0,0,0,0,15,-9.0,2021-22,Playoffs
0042100401,1610612744,Golden State,Warriors,GSW,warriors,201939,Stephen,Curry,S. Curry,stephen-curry,G,,,38:15,12,25,0.48,7,14,0.5,3,4,0.75,0,5,5,5,3,0,2,3,34,-9.0,2021-22,Playoffs
0042100401,1610612744,Golden State,Warriors,GSW,warriors,1629673,Jordan,Poole,J. Poole,jordan-poole,,,,25:02,2,7,0.286,1,5,0.2,4,4,1.0,0,2,2,2,0,0,4,1,9,-19.0,2021-22,Playoffs
0042100401,1610612744,Golden State,Warriors,GSW,warriors,203490,Otto,Porter Jr.,O. Porter Jr.,otto-porter-jr,,,,23:30,4,5,0.8,4,5,0.8,0,0,0.0,0,4,4,0,2,0,1,0,12,-18.0,2021-22,Playoffs
0042100401,1610612744,Golden State,Warriors,GSW,warriors,2738,Andre,Iguodala,A. Iguodala,andre-iguodala,,,,12:02,3,4,0.75,1,1,1.0,0,0,0.0,0,0,0,3,0,0,1,3,7,-6.0,2021-22,Playoffs
0042100401,1610612744,Golden State,Warriors,GSW,warriors,1630228,Jonathan,Kuminga,J. Kuminga,jonathan-kuminga,,,,0:48,0,0,0.0,0,0,0.0,0,0,0.0,0,0,0,0,0,0,0,0,0,3.0,2021-22,Playoffs
0042100401,1610612744,Golden State,Warriors,GSW,warriors,1629308,Juan,Toscano-Anderson,J. Toscano-Anderson,juan-toscano-anderson,,,,0:48,0,0,0.0,0,0,0.0,0,0,0.0,0,0,0,1,0,0,0,0,0,3.0,2021-22,Playoffs
0042100401,1610612744,Golden State,Warriors,GSW,warriors,1627814,Damion,Lee,D. Lee,damion-lee,,,,0:48,0,1,0.0,0,1,0.0,0,0,0.0,0,0,0,0,0,0,0,0,0,3.0,2021-22,Playoffs
0042100401,1610612744,Golden State,Warriors,GSW,warriors,202357,Nemanja,Bjelica,N. Bjelica,nemanja-bjelica,,,,0:48,1,1,1.0,1,1,1.0,0,0,0.0,1,0,1,0,0,0,0,0,3,3.0,2021-22,Playoffs
0042100401,1610612744,Golden State,Warriors,GSW,warriors,1630541,Moses,Moody,M. Moody,moses-moody,,,,0:48,0,0,0.0,0,0,0.0,0,0,0.0,0,0,0,0,0,0,0,0,0,3.0,2021-22,Playoffs
0042100401,1610612744,Golden State,Warriors,GSW,warriors,1627780,Gary,Payton II,G. Payton II,gary-payton-ii,,DNP - Coach's Decision,,,0,0,0.0,0,0,0.0,0,0,0.0,0,0,0,0,0,0,0,0,0,0.0,2021-22,Playoffs
0042100401,1610612738,Boston,Celtics,BOS,celtics,1628369,Jayson,Tatum,J. Tatum,jayson-tatum,F,,,41:34,3,17,0.176,1,5,0.2,5,7,0.714,0,5,5,13,1,0,2,2,12,16.0,2021-22,Playoffs
0042100401,1610612738,Boston,Celtics,BOS,celtics,201143,Al,Horford,A. Horford,al-horford,F,,,32:42,9,12,0.75,6,8,0.75,2,3,0.667,1,5,6,3,1,0,2,2,26,9.0,2021-22,Playoffs
0042100401,1610612738,Boston,Celtics,BOS,celtics,1629057,Robert,Williams III,R. Williams III,robert-williams-iii,C,,,24:11,4,4,1.0,0,0,0.0,0,0,0.0,2,4,6,0,1,4,2,1,8,-1.0,2021-22,Playoffs
0042100401,1610612738,Boston,Celtics,BOS,celtics,1627759,Jaylen,Brown,J. Brown,jaylen-brown,G,,,37:60,10,23,0.435,2,8,0.25,2,2,1.0,2,5,7,5,2,1,4,1,24,22.0,2021-22,Playoffs
0042100401,1610612738,Boston,Celtics,BOS,celtics,203935,Marcus,Smart,M. Smart,marcus-smart,G,,,29:55,7,11,0.636,4,7,0.571,0,0,0.0,1,4,5,4,2,0,0,1,18,-1.0,2021-22,Playoffs
0042100401,1610612738,Boston,Celtics,BOS,celtics,1628401,Derrick,White,D. White,derrick-white,,,,31:49,6,11,0.545,5,8,0.625,4,4,1.0,0,1,1,3,0,0,2,3,21,25.0,2021-22,Playoffs
0042100401,1610612738,Boston,Celtics,BOS,celtics,1629684,Grant,Williams,G. Williams,grant-williams,,,,16:17,0,2,0.0,0,1,0.0,0,0,0.0,0,3,3,3,0,0,0,1,0,-6.0,2021-22,Playoffs
0042100401,1610612738,Boston,Celtics,BOS,celtics,1630202,Payton,Pritchard,P. Pritchard,payton-pritchard,,,,15:32,3,4,0.75,2,3,0.667,0,0,0.0,1,5,6,2,0,0,0,1,8,14.0,2021-22,Playoffs
0042100401,1610612738,Boston,Celtics,BOS,celtics,1628464,Daniel,Theis,D. Theis,daniel-theis,,,,5:59,1,1,1.0,1,1,1.0,0,0,0.0,0,0,0,0,0,1,0,1,3,-3.0,2021-22,Playoffs
0042100401,1610612738,Boston,Celtics,BOS,celtics,1630238,Malik,Fitts,M. Fitts,malik-fitts,,,,0:48,0,0,0.0,0,0,0.0,0,0,0.0,0,0,0,0,0,0,0,0,0,-3.0,2021-22,Playoffs
0042100401,1610612738,Boston,Celtics,BOS,celtics,203917,Nik,Stauskas,N. Stauskas,nik-stauskas,,,,0:48,0,0,0.0,0,0,0.0,0,0,0.0,0,0,0,0,0,0,0,0,0,-3.0,2021-22,Playoffs
0042100401,1610612738,Boston,Celtics,BOS,celtics,1629752,Juwan,Morgan,J. Morgan,juwan-morgan,,,,0:48,0,0,0.0,0,0,0.0,0,0,0.0,0,0,0,0,0,0,0,0,0,-3.0,2021-22,Playoffs
0042100401,1610612738,Boston,Celtics,BOS,celtics,1630573,Sam,Hauser,S. Hauser,sam-hauser,,,,0:48,0,0,0.0,0,0,0.0,0,0,0.0,0,0,0,0,0,0,0,0,0,-3.0,2021-22,Playoffs
0042100401,1610612738,Boston,Celtics,BOS,celtics,1630174,Aaron,Nesmith,A. Nesmith,aaron-nesmith,,,,0:48,0,0,0.0,0,0,0.0,0,0,0.0,0,0,0,0,0,0,0,0,0,-3.0,2021-22,Playoffs
0042100401,1610612738,Boston,Celtics,BOS,celtics,1628436,Luke,Kornet,L. Kornet,luke-kornet,,DNP - Coach's Decision,,,0,0,0.0,0,0,0.0,0,0,0.0,0,0,0,0,0,0,0,0,0,0.0,2021-22,Playoffs
0042100402,1610612744,Golden State,Warriors,GSW,warriors,203952,Andrew,Wiggins,A. Wiggins,andrew-wiggins,F,,,30:30,4,12,0.333,2,3,0.667,1,2,0.5,3,3,6,2,0,0,2,2,11,19.0,2021-22,Playoffs
0042100402,1610612744,Golden State,Warriors,GSW,warriors,203110,Draymond,Green,D. Green,draymond-green,F,,,34:53,2,3,0.667,0,1,0.0,5,7,0.714,0,5,5,7,1,1,1,3,9,7.0,2021-22,Playoffs
0042100402,1610612744,Golden State,Warriors,GSW,warriors,1626172,Kevon,Looney,K. Looney,kevon-looney,C,,,21:22,6,6,1.0,0,0,0.0,0,0,0.0,1,6,7,2,3,1,0,2,12,24.0,2021-22,Playoffs
0042100402,1610612744,Golden State,Warriors,GSW,warriors,202691,Klay,Thompson,K. Thompson,klay-thompson,G,,,30:27,4,19,0.211,1,8,0.125,2,2,1.0,0,3,3,1,2,0,2,1,11,0.0,2021-22,Playoffs
0042100402,1610612744,Golden State,Warriors,GSW,warriors,201939,Stephen,Curry,S. Curry,stephen-curry,G,,,32:11,9,21,0.429,5,12,0.417,6,7,0.857,0,6,6,4,3,0,2,2,29,24.0,2021-22,Playoffs
0042100402,1610612744,Golden State,Warriors,GSW,warriors,1629673,Jordan,Poole,J. Poole,jordan-poole,,,,22:38,6,14,0.429,5,9,0.556,0,0,0.0,0,2,2,3,2,0,3,1,17,7.0,2021-22,Playoffs
0042100402,1610612744,Golden State,Warriors,GSW,warriors,1627780,Gary,Payton II,G. Payton II,gary-payton-ii,,,,25:19,3,3,1.0,1,1,1.0,0,2,0.0,1,2,3,3,0,0,0,2,7,15.0,2021-22,Playoffs
0042100402,1610612744,Golden State,Warriors,GSW,warriors,203490,Otto,Porter Jr.,O. Porter Jr.,otto-porter-jr,,,,14:52,1,1,1.0,1,1,1.0,0,0,0.0,1,2,3,1,3,0,0,1,3,24.0,2021-22,Playoffs
0042100402,1610612744,Golden State,Warriors,GSW,warriors,202357,Nemanja,Bjelica,N. Bjelica,nemanja-bjelica,,,,10:36,3,4,0.75,0,0,0.0,0,0,0.0,0,5,5,0,1,0,1,3,6,-7.0,2021-22,Playoffs
0042100402,1610612744,Golden State,Warriors,GSW,warriors,1630541,Moses,Moody,M. Moody,moses-moody,,,,6:27,1,1,1.0,0,0,0.0,0,0,0.0,0,0,0,0,0,0,0,0,2,-3.0,2021-22,Playoffs
0042100402,1610612744,Golden State,Warriors,GSW,warriors,1629308,Juan,Toscano-Anderson,J. Toscano-Anderson,juan-toscano-anderson,,,,3:35,0,1,0.0,0,1,0.0,0,0,0.0,0,2,2,2,0,0,1,0,0,-5.0,2021-22,Playoffs
0042100402,1610612744,Golden State,Warriors,GSW,warriors,1627814,Damion,Lee,D. Lee,damion-lee,,,,3:35,0,1,0.0,0,1,0.0,0,0,0.0,0,0,0,0,0,0,0,0,0,-5.0,2021-22,Playoffs
0042100402,1610612744,Golden State,Warriors,GSW,warriors,1630228,Jonathan,Kuminga,J. Kuminga,jonathan-kuminga,,,,3:35,0,0,0.0,0,0,0.0,0,0,0.0,0,0,0,0,0,0,0,0,0,-5.0,2021-22,Playoffs
0042100402,1610612738,Boston,Celtics,BOS,celtics,1628369,Jayson,Tatum,J. Tatum,jayson-tatum,F,,,34:18,8,19,0.421,6,9,0.667,6,8,0.75,1,5,6,3,1,0,4,2,28,-36.0,2021-22,Playoffs
0042100402,1610612738,Boston,Celtics,BOS,celtics,201143,Al,Horford,A. Horford,al-horford,F,,,27:38,1,4,0.25,0,0,0.0,0,0,0.0,2,6,8,1,0,1,2,2,2,-15.0,2021-22,Playoffs
0042100402,1610612738,Boston,Celtics,BOS,celtics,1629057,Robert,Williams III,R. Williams III,robert-williams-iii,C,,,14:02,1,1,1.0,0,0,0.0,0,0,0.0,0,2,2,1,0,2,0,2,2,-6.0,2021-22,Playoffs
0042100402,1610612738,Boston,Celtics,BOS,celtics,1627759,Jaylen,Brown,J. Brown,jaylen-brown,G,,,27:37,5,17,0.294,3,9,0.333,4,5,0.8,0,6,6,3,0,0,2,3,17,-10.0,2021-22,Playoffs
0042100402,1610612738,Boston,Celtics,BOS,celtics,203935,Marcus,Smart,M. Smart,marcus-smart,G,,,25:08,1,6,0.167,0,3,0.0,0,0,0.0,0,2,2,5,1,0,5,4,2,-12.0,2021-22,Playoffs
0042100402,1610612738,Boston,Celtics,BOS,celtics,1629684,Grant,Williams,G. Williams,grant-williams,,,,20:54,2,2,1.0,1,1,1.0,1,2,0.5,0,1,1,1,0,1,0,3,6,-13.0,2021-22,Playoffs
0042100402,1610612738,Boston,Celtics,BOS,celtics,1628401,Derrick,White,D. White,derrick-white,,,,30:15,4,13,0.308,2,4,0.5,2,2,1.0,1,3,4,2,1,2,3,2,12,-17.0,2021-22,Playoffs
0042100402,1610612738,Boston,Celtics,BOS,celtics,1628464,Daniel,Theis,D. Theis,daniel-theis,,,,14:25,0,1,0.0,0,1,0.0,0,0,0.0,0,5,5,1,0,1,1,0,0,-7.0,2021-22,Playoffs
0042100402,1610612738,Boston,Celtics,BOS,celtics,1630202,Payton,Pritchard,P. Pritchard,payton-pritchard,,,,18:35,2,7,0.286,0,3,0.0,0,0,0.0,2,2,4,2,1,0,1,0,4,-7.0,2021-22,Playoffs
0042100402,1610612738,Boston,Celtics,BOS,celtics,1630174,Aaron,Nesmith,A. Nesmith,aaron-nesmith,,,,10:45,2,4,0.5,0,2,0.0,0,0,0.0,0,2,2,2,1,0,0,0,4,10.0,2021-22,Playoffs
0042100402,1610612738,Boston,Celtics,BOS,celtics,1630573,Sam,Hauser,S. Hauser,sam-hauser,,,,5:38,1,2,0.5,1,2,0.5,0,0,0.0,0,0,0,1,0,0,0,0,3,3.0,2021-22,Playoffs
0042100402,1610612738,Boston,Celtics,BOS,celtics,203917,Nik,Stauskas,N. Stauskas,nik-stauskas,,,,3:35,1,2,0.5,1,2,0.5,0,0,0.0,0,3,3,1,0,0,0,0,3,5.0,2021-22,Playoffs
0042100402,1610612738,Boston,Celtics,BOS,celtics,1628436,Luke,Kornet,L. Kornet,luke-kornet,,,,3:35,1,1,1.0,0,0,0.0,0,0,0.0,0,0,0,1,0,0,0,0,2,5.0,2021-22,Playoffs
0042100402,1610612738,Boston,Celtics,BOS,celtics,1630238,Malik,Fitts,M. Fitts,malik-fitts,,,,3:35,1,1,1.0,1,1,1.0,0,0,0.0,0,0,0,0,0,0,0,0,3,5.0,2021-22,Playoffs
0042100402,1610612738,Boston,Celtics,BOS,celtics,1629752,Juwan,Morgan,J. Morgan,juwan-morgan,,DNP - Coach's Decision,,,0,0,0.0,0,0,0.0,0,0,0.0,0,0,0,0,0,0,0,0,0,0.0,2021-22,Playoffs
0042100403,1610612738,Boston,Celtics,BOS,celtics,1628369,Jayson,Tatum,J. Tatum,jayson-tatum,F,,,41:18,9,23,0.391,3,9,0.333,5,6,0.833,1,5,6,9,1,0,2,2,26,13.0,2021-22,Playoffs
0042100403,1610612738,Boston,Celtics,BOS,celtics,201143,Al,Horford,A. Horford,al-horford,F,,,30:07,5,7,0.714,1,2,0.5,0,2,0.0,3,5,8,6,1,1,0,3,11,7.0,2021-22,Playoffs
0042100403,1610612738,Boston,Celtics,BOS,celtics,1629057,Robert,Williams III,R. Williams III,robert-williams-iii,C,,,25:57,4,5,0.8,0,0,0.0,0,0,0.0,3,7,10,0,3,4,0,3,8,21.0,2021-22,Playoffs
0042100403,1610612738,Boston,Celtics,BOS,celtics,1627759,Jaylen,Brown,J. Brown,jaylen-brown,G,,,39:40,9,16,0.563,4,8,0.5,5,6,0.833,3,6,9,5,0,1,2,2,27,7.0,2021-22,Playoffs
0042100403,1610612738,Boston,Celtics,BOS,celtics,203935,Marcus,Smart,M. Smart,marcus-smart,G,,,39:23,8,17,0.471,3,7,0.429,5,7,0.714,2,5,7,5,0,0,5,3,24,19.0,2021-22,Playoffs
0042100403,1610612738,Boston,Celtics,BOS,celtics,1628401,Derrick,White,D. White,derrick-white,,,,23:35,3,9,0.333,0,3,0.0,1,1,1.0,0,1,1,2,1,1,1,2,7,-12.0,2021-22,Playoffs
0042100403,1610612738,Boston,Celtics,BOS,celtics,1629684,Grant,Williams,G. Williams,grant-williams,,,,20:09,4,7,0.571,1,4,0.25,1,2,0.5,3,2,5,0,1,0,1,2,10,10.0,2021-22,Playoffs
0042100403,1610612738,Boston,Celtics,BOS,celtics,1630202,Payton,Pritchard,P. Pritchard,payton-pritchard,,,,9:47,1,2,0.5,1,1,1.0,0,0,0.0,0,0,0,1,0,0,1,0,3,15.0,2021-22,Playoffs
0042100403,1610612738,Boston,Celtics,BOS,celtics,1630174,Aaron,Nesmith,A. Nesmith,aaron-nesmith,,,,2:02,0,1,0.0,0,0,0.0,0,0,0.0,0,1,1,0,0,0,0,0,0,0.0,2021-22,Playoffs
0042100403,1610612738,Boston,Celtics,BOS,celtics,1630573,Sam,Hauser,S. Hauser,sam-hauser,,,,2:02,0,1,0.0,0,0,0.0,0,0,0.0,0,0,0,0,0,0,0,0,0,0.0,2021-22,Playoffs
0042100403,1610612738,Boston,Celtics,BOS,celtics,1629752,Juwan,Morgan,J. Morgan,juwan-morgan,,,,2:00,0,0,0.0,0,0,0.0,0,0,0.0,0,0,0,0,0,0,0,0,0,0.0,2021-22,Playoffs
0042100403,1610612738,Boston,Celtics,BOS,celtics,203917,Nik,Stauskas,N. Stauskas,nik-stauskas,,,,2:00,0,1,0.0,0,1,0.0,0,0,0.0,0,0,0,0,0,0,0,0,0,0.0,2021-22,Playoffs
0042100403,1610612738,Boston,Celtics,BOS,celtics,1630238,Malik,Fitts,M. Fitts,malik-fitts,,,,2:00,0,0,0.0,0,0,0.0,0,0,0.0,0,0,0,0,0,0,0,0,0,0.0,2021-22,Playoffs
0042100403,1610612738,Boston,Celtics,BOS,celtics,1628436,Luke,Kornet,L. Kornet,luke-kornet,,DNP - Coach's Decision,,,0,0,0.0,0,0,0.0,0,0,0.0,0,0,0,0,0,0,0,0,0,0.0,2021-22,Playoffs
0042100403,1610612738,Boston,Celtics,BOS,celtics,1628464,Daniel,Theis,D. Theis,daniel-theis,,DNP - Coach's Decision,,,0,0,0.0,0,0,0.0,0,0,0.0,0,0,0,0,0,0,0,0,0,0.0,2021-22,Playoffs
0042100403,1610612744,Golden State,Warriors,GSW,warriors,203952,Andrew,Wiggins,A. Wiggins,andrew-wiggins,F,,,40:22,7,16,0.438,1,6,0.167,3,4,0.75,1,6,7,2,2,2,3,4,18,-16.0,2021-22,Playoffs
0042100403,1610612744,Golden State,Warriors,GSW,warriors,203110,Draymond,Green,D. Green,draymond-green,F,,,34:47,1,4,0.25,0,2,0.0,0,0,0.0,1,3,4,3,0,1,2,6,2,-13.0,2021-22,Playoffs
0042100403,1610612744,Golden State,Warriors,GSW,warriors,1626172,Kevon,Looney,K. Looney,kevon-looney,C,,,16:49,3,4,0.75,0,0,0.0,0,0,0.0,3,4,7,3,0,0,3,3,6,-7.0,2021-22,Playoffs
0042100403,1610612744,Golden State,Warriors,GSW,warriors,202691,Klay,Thompson,K. Thompson,klay-thompson,G,,,39:02,7,17,0.412,5,13,0.385,6,6,1.0,0,3,3,3,1,1,0,1,25,-3.0,2021-22,Playoffs
0042100403,1610612744,Golden State,Warriors,GSW,warriors,201939,Stephen,Curry,S. Curry,stephen-curry,G,,,37:08,12,22,0.545,6,11,0.545,1,1,1.0,0,4,4,2,2,0,3,4,31,-14.0,2021-22,Playoffs
0042100403,1610612744,Golden State,Warriors,GSW,warriors,1627780,Gary,Payton II,G. Payton II,gary-payton-ii,,,,11:25,0,2,0.0,0,0,0.0,2,2,1.0,0,1,1,1,1,0,0,2,2,-13.0,2021-22,Playoffs
0042100403,1610612744,Golden State,Warriors,GSW,warriors,203490,Otto,Porter Jr.,O. Porter Jr.,otto-porter-jr,,,,21:07,2,3,0.667,2,3,0.667,0,0,0.0,1,0,1,4,1,0,1,1,6,4.0,2021-22,Playoffs
0042100403,1610612744,Golden State,Warriors,GSW,warriors,1629673,Jordan,Poole,J. Poole,jordan-poole,,,,24:28,4,8,0.5,1,4,0.25,1,2,0.5,0,3,3,3,0,0,3,2,10,-6.0,2021-22,Playoffs
0042100403,1610612744,Golden State,Warriors,GSW,warriors,2738,Andre,Iguodala,A. Iguodala,andre-iguodala,,,,2:09,0,0,0.0,0,0,0.0,0,0,0.0,0,0,0,0,0,0,0,0,0,-2.0,2021-22,Playoffs
0042100403,1610612744,Golden State,Warriors,GSW,warriors,202357,Nemanja,Bjelica,N. Bjelica,nemanja-bjelica,,,,3:27,0,1,0.0,0,0,0.0,0,0,0.0,0,0,0,1,0,0,0,0,0,-2.0,2021-22,Playoffs
0042100403,1610612744,Golden State,Warriors,GSW,warriors,1630541,Moses,Moody,M. Moody,moses-moody,,,,2:19,0,0,0.0,0,0,0.0,0,0,0.0,0,0,0,0,0,1,0,0,0,-2.0,2021-22,Playoffs
0042100403,1610612744,Golden State,Warriors,GSW,warriors,1630228,Jonathan,Kuminga,J. Kuminga,jonathan-kuminga,,,,2:19,0,0,0.0,0,0,0.0,0,0,0.0,0,1,1,0,0,0,0,0,0,-2.0,2021-22,Playoffs
0042100403,1610612744,Golden State,Warriors,GSW,warriors,1627814,Damion,Lee,D. Lee,damion-lee,,,,2:19,0,1,0.0,0,1,0.0,0,0,0.0,0,0,0,0,0,0,0,0,0,-2.0,2021-22,Playoffs
0042100403,1610612744,Golden State,Warriors,GSW,warriors,1629308,Juan,Toscano-Anderson,J. Toscano-Anderson,juan-toscano-anderson,,,,2:19,0,0,0.0,0,0,0.0,0,0,0.0,0,0,0,0,0,0,1,0,0,-2.0,2021-22,Playoffs
0042100404,1610612738,Boston,Celtics,BOS,celtics,1628369,Jayson,Tatum,J. Tatum,jayson-tatum,F,,,42:40,8,23,0.348,4,8,0.5,3,5,0.6,3,8,11,6,1,3,6,3,23,1.0,2021-22,Playoffs
0042100404,1610612738,Boston,Celtics,BOS,celtics,201143,Al,Horford,A. Horford,al-horford,F,,,28:05,2,6,0.333,2,6,0.333,2,2,1.0,0,6,6,4,0,1,1,3,8,-11.0,2021-22,Playoffs
0042100404,1610612738,Boston,Celtics,BOS,celtics,1629057,Robert,Williams III,R. Williams III,robert-williams-iii,C,,,31:27,3,3,1.0,0,0,0.0,1,2,0.5,4,8,12,4,1,2,0,0,7,6.0,2021-22,Playoffs
0042100404,1610612738,Boston,Celtics,BOS,celtics,1627759,Jaylen,Brown,J. Brown,jaylen-brown,G,,,39:42,9,19,0.474,2,6,0.333,1,2,0.5,2,4,6,2,1,0,2,5,21,0.0,2021-22,Playoffs
0042100404,1610612738,Boston,Celtics,BOS,celtics,203935,Marcus,Smart,M. Smart,marcus-smart,G,,,39:57,7,18,0.389,3,9,0.333,1,1,1.0,2,2,4,5,4,0,2,2,18,-17.0,2021-22,Playoffs
0042100404,1610612738,Boston,Celtics,BOS,celtics,1628401,Derrick,White,D. White,derrick-white,,,,35:33,4,12,0.333,3,5,0.6,5,5,1.0,0,1,1,1,1,0,3,0,16,-19.0,2021-22,Playoffs
0042100404,1610612738,Boston,Celtics,BOS,celtics,1629684,Grant,Williams,G. Williams,grant-williams,,,,12:32,1,2,0.5,1,2,0.5,0,0,0.0,0,1,1,0,0,0,0,4,3,-10.0,2021-22,Playoffs
0042100404,1610612738,Boston,Celtics,BOS,celtics,1630202,Payton,Pritchard,P. Pritchard,payton-pritchard,,,,10:04,0,2,0.0,0,2,0.0,1,2,0.5,0,1,1,0,0,0,1,0,1,0.0,2021-22,Playoffs
0042100404,1610612738,Boston,Celtics,BOS,celtics,1630238,Malik,Fitts,M. Fitts,malik-fitts,,DNP - Coach's Decision,,,0,0,0.0,0,0,0.0,0,0,0.0,0,0,0,0,0,0,0,0,0,0.0,2021-22,Playoffs
0042100404,1610612738,Boston,Celtics,BOS,celtics,1630573,Sam,Hauser,S. Hauser,sam-hauser,,DNP - Coach's Decision,,,0,0,0.0,0,0,0.0,0,0,0.0,0,0,0,0,0,0,0,0,0,0.0,2021-22,Playoffs
0042100404,1610612738,Boston,Celtics,BOS,celtics,1628436,Luke,Kornet,L. Kornet,luke-kornet,,DNP - Coach's Decision,,,0,0,0.0,0,0,0.0,0,0,0.0,0,0,0,0,0,0,0,0,0,0.0,2021-22,Playoffs
0042100404,1610612738,Boston,Celtics,BOS,celtics,1629752,Juwan,Morgan,J. Morgan,juwan-morgan,,DNP - Coach's Decision,,,0,0,0.0,0,0,0.0,0,0,0.0,0,0,0,0,0,0,0,0,0,0.0,2021-22,Playoffs
0042100404,1610612738,Boston,Celtics,BOS,celtics,1630174,Aaron,Nesmith,A. Nesmith,aaron-nesmith,,DNP - Coach's Decision,,,0,0,0.0,0,0,0.0,0,0,0.0,0,0,0,0,0,0,0,0,0,0.0,2021-22,Playoffs
0042100404,1610612738,Boston,Celtics,BOS,celtics,203917,Nik,Stauskas,N. Stauskas,nik-stauskas,,DNP - Coach's Decision,,,0,0,0.0,0,0,0.0,0,0,0.0,0,0,0,0,0,0,0,0,0,0.0,2021-22,Playoffs
0042100404,1610612738,Boston,Celtics,BOS,celtics,1628464,Daniel,Theis,D. Theis,daniel-theis,,DNP - Coach's Decision,,,0,0,0.0,0,0,0.0,0,0,0.0,0,0,0,0,0,0,0,0,0,0.0,2021-22,Playoffs
0042100404,1610612744,Golden State,Warriors,GSW,warriors,203952,Andrew,Wiggins,A. Wiggins,andrew-wiggins,F,,,43:26,7,17,0.412,2,6,0.333,1,2,0.5,3,13,16,2,1,0,2,2,17,20.0,2021-22,Playoffs
0042100404,1610612744,Golden State,Warriors,GSW,warriors,203490,Otto,Porter Jr.,O. Porter Jr.,otto-porter-jr,F,,,14:30,0,2,0.0,0,2,0.0,2,2,1.0,0,1,1,1,0,0,0,1,2,-1.0,2021-22,Playoffs
0042100404,1610612744,Golden State,Warriors,GSW,warriors,203110,Draymond,Green,D. Green,draymond-green,C,,,32:58,1,7,0.143,0,2,0.0,0,0,0.0,5,4,9,8,4,0,2,3,2,0.0,2021-22,Playoffs
0042100404,1610612744,Golden State,Warriors,GSW,warriors,202691,Klay,Thompson,K. Thompson,klay-thompson,G,,,40:49,7,17,0.412,4,10,0.4,0,0,0.0,1,1,2,1,1,2,1,4,18,2.0,2021-22,Playoffs
0042100404,1610612744,Golden State,Warriors,GSW,warriors,201939,Stephen,Curry,S. Curry,stephen-curry,G,,,40:41,14,26,0.538,7,14,0.5,8,9,0.889,2,8,10,4,0,0,5,3,43,11.0,2021-22,Playoffs
0042100404,1610612744,Golden State,Warriors,GSW,warriors,1626172,Kevon,Looney,K. Looney,kevon-looney,,,,28:10,3,4,0.75,0,0,0.0,0,0,0.0,4,7,11,2,1,1,3,3,6,21.0,2021-22,Playoffs
0042100404,1610612744,Golden State,Warriors,GSW,warriors,1627780,Gary,Payton II,G. Payton II,gary-payton-ii,,,,9:54,2,3,0.667,0,1,0.0,1,2,0.5,1,3,4,1,1,1,1,1,5,-1.0,2021-22,Playoffs
0042100404,1610612744,Golden State,Warriors,GSW,warriors,1629673,Jordan,Poole,J. Poole,jordan-poole,,,,20:33,6,13,0.462,2,7,0.286,0,0,0.0,0,1,1,1,1,1,1,4,14,2.0,2021-22,Playoffs
0042100404,1610612744,Golden State,Warriors,GSW,warriors,202357,Nemanja,Bjelica,N. Bjelica,nemanja-bjelica,,,,9:00,0,2,0.0,0,1,0.0,0,0,0.0,0,1,1,0,1,0,1,0,0,-4.0,2021-22,Playoffs
0042100404,1610612744,Golden State,Warriors,GSW,warriors,2738,Andre,Iguodala,A. Iguodala,andre-iguodala,,DNP - Coach's Decision,,,0,0,0.0,0,0,0.0,0,0,0.0,0,0,0,0,0,0,0,0,0,0.0,2021-22,Playoffs
0042100404,1610612744,Golden State,Warriors,GSW,warriors,1630228,Jonathan,Kuminga,J. Kuminga,jonathan-kuminga,,DNP - Coach's Decision,,,0,0,0.0,0,0,0.0,0,0,0.0,0,0,0,0,0,0,0,0,0,0.0,2021-22,Playoffs
0042100404,1610612744,Golden State,Warriors,GSW,warriors,1627814,Damion,Lee,D. Lee,damion-lee,,DNP - Coach's Decision,,,0,0,0.0,0,0,0.0,0,0,0.0,0,0,0,0,0,0,0,0,0,0.0,2021-22,Playoffs
0042100404,1610612744,Golden State,Warriors,GSW,warriors,1630541,Moses,Moody,M. Moody,moses-moody,,DNP - Coach's Decision,,,0,0,0.0,0,0,0.0,0,0,0.0,0,0,0,0,0,0,0,0,0,0.0,2021-22,Playoffs
0042100404,1610612744,Golden State,Warriors,GSW,warriors,1629308,Juan,Toscano-Anderson,J. Toscano-Anderson,juan-toscano-anderson,,DNP - Coach's Decision,,,0,0,0.0,0,0,0.0,0,0,0.0,0,0,0,0,0,0,0,0,0,0.0,2021-22,Playoffs
0042100405,1610612744,Golden State,Warriors,GSW,warriors,203952,Andrew,Wiggins,A. Wiggins,andrew-wiggins,F,,,42:32,12,23,0.522,0,6,0.0,2,3,0.667,1,12,13,2,1,1,0,2,26,12.0,2021-22,Playoffs
0042100405,1610612744,Golden State,Warriors,GSW,warriors,203490,Otto,Porter Jr.,O. Porter Jr.,otto-porter-jr,F,,,14:37,1,3,0.333,0,2,0.0,0,0,0.0,0,2,2,0,0,1,0,2,2,6.0,2021-22,Playoffs
0042100405,1610612744,Golden State,Warriors,GSW,warriors,203110,Draymond,Green,D. Green,draymond-green,C,,,34:59,3,6,0.5,0,2,0.0,2,2,1.0,1,6,7,6,1,0,2,6,8,11.0,2021-22,Playoffs
0042100405,1610612744,Golden State,Warriors,GSW,warriors,202691,Klay,Thompson,K. Thompson,klay-thompson,G,,,39:38,7,14,0.5,5,11,0.455,2,2,1.0,0,3,3,2,2,0,1,4,21,13.0,2021-22,Playoffs
0042100405,1610612744,Golden State,Warriors,GSW,warriors,201939,Stephen,Curry,S. Curry,stephen-curry,G,,,37:08,7,22,0.318,0,9,0.0,2,3,0.667,0,4,4,8,2,0,1,2,16,15.0,2021-22,Playoffs
0042100405,1610612744,Golden State,Warriors,GSW,warriors,1626172,Kevon,Looney,K. Looney,kevon-looney,,,,16:45,1,2,0.5,0,0,0.0,0,0,0.0,1,3,4,3,0,0,1,5,2,12.0,2021-22,Playoffs
0042100405,1610612744,Golden State,Warriors,GSW,warriors,1627780,Gary,Payton II,G. Payton II,gary-payton-ii,,,,26:09,6,8,0.75,1,3,0.333,2,2,1.0,1,4,5,0,3,0,0,3,15,16.0,2021-22,Playoffs
0042100405,1610612744,Golden State,Warriors,GSW,warriors,2738,Andre,Iguodala,A. Iguodala,andre-iguodala,,,,3:56,0,0,0.0,0,0,0.0,0,0,0.0,0,0,0,2,0,0,0,0,0,-4.0,2021-22,Playoffs
0042100405,1610612744,Golden State,Warriors,GSW,warriors,1629673,Jordan,Poole,J. Poole,jordan-poole,,,,14:17,4,8,0.5,3,6,0.5,3,3,1.0,0,0,0,0,0,0,1,1,14,2.0,2021-22,Playoffs
0042100405,1610612744,Golden State,Warriors,GSW,warriors,202357,Nemanja,Bjelica,N. Bjelica,nemanja-bjelica,,,,4:43,0,0,0.0,0,0,0.0,0,0,0.0,0,1,1,0,0,0,0,1,0,-9.0,2021-22,Playoffs
0042100405,1610612744,Golden State,Warriors,GSW,warriors,1627814,Damion,Lee,D. Lee,damion-lee,,,,1:19,0,1,0.0,0,1,0.0,0,0,0.0,0,0,0,0,0,0,0,0,0,-6.0,2021-22,Playoffs
0042100405,1610612744,Golden State,Warriors,GSW,warriors,1630541,Moses,Moody,M. Moody,moses-moody,,,,1:19,0,0,0.0,0,0,0.0,0,0,0.0,0,0,0,0,0,0,0,0,0,-6.0,2021-22,Playoffs
0042100405,1610612744,Golden State,Warriors,GSW,warriors,1630228,Jonathan,Kuminga,J. Kuminga,jonathan-kuminga,,,,1:19,0,1,0.0,0,0,0.0,0,0,0.0,0,0,0,0,0,0,0,0,0,-6.0,2021-22,Playoffs
0042100405,1610612744,Golden State,Warriors,GSW,warriors,1629308,Juan,Toscano-Anderson,J. Toscano-Anderson,juan-toscano-anderson,,,,1:19,0,0,0.0,0,0,0.0,0,0,0.0,0,0,0,0,0,0,0,2,0,-6.0,2021-22,Playoffs
0042100405,1610612738,Boston,Celtics,BOS,celtics,1628369,Jayson,Tatum,J. Tatum,jayson-tatum,F,,,44:25,10,20,0.5,5,9,0.556,2,6,0.333,0,10,10,4,0,0,4,3,27,-13.0,2021-22,Playoffs
0042100405,1610612738,Boston,Celtics,BOS,celtics,201143,Al,Horford,A. Horford,al-horford,F,,,32:51,3,6,0.5,2,3,0.667,1,2,0.5,1,8,9,1,0,0,2,1,9,-19.0,2021-22,Playoffs
0042100405,1610612738,Boston,Celtics,BOS,celtics,1629057,Robert,Williams III,R. Williams III,robert-williams-iii,C,,,30:14,4,5,0.8,0,0,0.0,2,2,1.0,3,5,8,2,0,0,0,2,10,11.0,2021-22,Playoffs
0042100405,1610612738,Boston,Celtics,BOS,celtics,1627759,Jaylen,Brown,J. Brown,jaylen-brown,G,,,44:03,5,18,0.278,0,5,0.0,8,10,0.8,3,6,9,4,1,0,5,2,18,-19.0,2021-22,Playoffs
0042100405,1610612738,Boston,Celtics,BOS,celtics,203935,Marcus,Smart,M. Smart,marcus-smart,G,,,39:42,7,15,0.467,3,6,0.5,3,4,0.75,0,3,3,2,0,0,4,4,20,-9.0,2021-22,Playoffs
0042100405,1610612738,Boston,Celtics,BOS,celtics,1628401,Derrick,White,D. White,derrick-white,,,,21:25,0,4,0.0,0,3,0.0,1,2,0.5,0,1,1,3,1,0,0,1,1,-13.0,2021-22,Playoffs
0042100405,1610612738,Boston,Celtics,BOS,celtics,1629684,Grant,Williams,G. Williams,grant-williams,,,,16:04,1,2,0.5,0,1,0.0,1,1,1.0,0,3,3,1,0,2,2,3,3,-18.0,2021-22,Playoffs
0042100405,1610612738,Boston,Celtics,BOS,celtics,1630202,Payton,Pritchard,P. Pritchard,payton-pritchard,,,,4:41,0,3,0.0,0,3,0.0,0,0,0.0,0,1,1,0,0,0,1,0,0,0.0,2021-22,Playoffs
0042100405,1610612738,Boston,Celtics,BOS,celtics,1629752,Juwan,Morgan,J. Morgan,juwan-morgan,,,,1:19,0,0,0.0,0,0,0.0,0,0,0.0,0,1,1,0,0,0,0,0,0,6.0,2021-22,Playoffs
0042100405,1610612738,Boston,Celtics,BOS,celtics,1630573,Sam,Hauser,S. Hauser,sam-hauser,,,,1:19,0,0,0.0,0,0,0.0,0,0,0.0,0,0,0,1,0,0,0,0,0,6.0,2021-22,Playoffs
0042100405,1610612738,Boston,Celtics,BOS,celtics,203917,Nik,Stauskas,N. Stauskas,nik-stauskas,,,,1:19,0,0,0.0,0,0,0.0,0,0,0.0,0,0,0,0,0,0,0,0,0,6.0,2021-22,Playoffs
0042100405,1610612738,Boston,Celtics,BOS,celtics,1628436,Luke,Kornet,L. Kornet,luke-kornet,,,,1:19,1,1,1.0,1,1,1.0,0,0,0.0,0,1,1,0,0,0,0,0,3,6.0,2021-22,Playoffs
0042100405,1610612738,Boston,Celtics,BOS,celtics,1630174,Aaron,Nesmith,A. Nesmith,aaron-nesmith,,,,1:19,0,1,0.0,0,1,0.0,3,4,0.75,1,0,1,0,0,0,0,0,3,6.0,2021-22,Playoffs
0042100405,1610612738,Boston,Celtics,BOS,celtics,1630238,Malik,Fitts,M. Fitts,malik-fitts,,DNP - Coach's Decision,,,0,0,0.0,0,0,0.0,0,0,0.0,0,0,0,0,0,0,0,0,0,0.0,2021-22,Playoffs
0042100405,1610612738,Boston,Celtics,BOS,celtics,1628464,Daniel,Theis,D. Theis,daniel-theis,,DNP - Coach's Decision,,,0,0,0.0,0,0,0.0,0,0,0.0,0,0,0,0,0,0,0,0,0,0.0,2021-22,Playoffs
0042100406,1610612738,Boston,Celtics,BOS,celtics,1628369,Jayson,Tatum,J. Tatum,jayson-tatum,F,,,40:13,6,18,0.333,1,4,0.25,0,0,0.0,0,3,3,7,3,1,5,3,13,-2.0,2021-22,Playoffs
0042100406,1610612738,Boston,Celtics,BOS,celtics,201143,Al,Horford,A. Horford,al-horford,F,,,39:13,6,8,0.75,4,5,0.8,3,3,1.0,3,11,14,2,2,1,3,1,19,2.0,2021-22,Playoffs
0042100406,1610612738,Boston,Celtics,BOS,celtics,1629057,Robert,Williams III,R. Williams III,robert-williams-iii,C,,,32:37,4,8,0.5,0,0,0.0,2,2,1.0,5,2,7,2,0,5,2,2,10,-1.0,2021-22,Playoffs
0042100406,1610612738,Boston,Celtics,BOS,celtics,1627759,Jaylen,Brown,J. Brown,jaylen-brown,G,,,44:00,12,23,0.522,5,11,0.455,5,6,0.833,1,6,7,3,1,0,5,2,34,1.0,2021-22,Playoffs
0042100406,1610612738,Boston,Celtics,BOS,celtics,203935,Marcus,Smart,M. Smart,marcus-smart,G,,,38:29,4,12,0.333,1,2,0.5,0,0,0.0,1,5,6,9,2,0,3,5,9,7.0,2021-22,Playoffs
0042100406,1610612738,Boston,Celtics,BOS,celtics,1628401,Derrick,White,D. White,derrick-white,,,,16:27,1,6,0.167,0,2,0.0,0,0,0.0,0,1,1,2,0,0,1,1,2,-26.0,2021-22,Playoffs
0042100406,1610612738,Boston,Celtics,BOS,celtics,1630202,Payton,Pritchard,P. Pritchard,payton-pritchard,,,,7:57,0,2,0.0,0,2,0.0,0,0,0.0,1,0,1,1,0,0,1,0,0,-20.0,2021-22,Playoffs
0042100406,1610612738,Boston,Celtics,BOS,celtics,1629684,Grant,Williams,G. Williams,grant-williams,,,,15:51,1,2,0.5,0,1,0.0,1,1,1.0,0,1,1,1,0,1,1,1,3,-18.0,2021-22,Playoffs
0042100406,1610612738,Boston,Celtics,BOS,celtics,203917,Nik,Stauskas,N. Stauskas,nik-stauskas,,,,1:03,0,1,0.0,0,1,0.0,0,0,0.0,0,0,0,0,0,0,0,0,0,-2.0,2021-22,Playoffs
0042100406,1610612738,Boston,Celtics,BOS,celtics,1628436,Luke,Kornet,L. Kornet,luke-kornet,,,,1:03,0,0,0.0,0,0,0.0,0,0,0.0,0,1,1,0,0,0,1,0,0,-2.0,2021-22,Playoffs
0042100406,1610612738,Boston,Celtics,BOS,celtics,1630573,Sam,Hauser,S. Hauser,sam-hauser,,,,1:03,0,0,0.0,0,0,0.0,0,0,0.0,0,0,0,0,0,0,0,0,0,-2.0,2021-22,Playoffs
0042100406,1610612738,Boston,Celtics,BOS,celtics,1630174,Aaron,Nesmith,A. Nesmith,aaron-nesmith,,,,1:03,0,0,0.0,0,0,0.0,0,0,0.0,0,0,0,0,0,0,0,1,0,-2.0,2021-22,Playoffs
0042100406,1610612738,Boston,Celtics,BOS,celtics,1629752,Juwan,Morgan,J. Morgan,juwan-morgan,,,,1:01,0,0,0.0,0,0,0.0,0,0,0.0,0,0,0,0,0,0,0,0,0,0.0,2021-22,Playoffs
0042100406,1610612738,Boston,Celtics,BOS,celtics,1630238,Malik,Fitts,M. Fitts,malik-fitts,,DNP - Coach's Decision,,,0,0,0.0,0,0,0.0,0,0,0.0,0,0,0,0,0,0,0,0,0,0.0,2021-22,Playoffs
0042100406,1610612738,Boston,Celtics,BOS,celtics,1628464,Daniel,Theis,D. Theis,daniel-theis,,DNP - Coach's Decision,,,0,0,0.0,0,0,0.0,0,0,0.0,0,0,0,0,0,0,0,0,0,0.0,2021-22,Playoffs
0042100406,1610612744,Golden State,Warriors,GSW,warriors,203952,Andrew,Wiggins,A. Wiggins,andrew-wiggins,F,,,43:41,7,18,0.389,4,9,0.444,0,0,0.0,3,3,6,5,4,3,3,0,18,5.0,2021-22,Playoffs
0042100406,1610612744,Golden State,Warriors,GSW,warriors,203490,Otto,Porter Jr.,O. Porter Jr.,otto-porter-jr,F,,,13:03,2,3,0.667,2,3,0.667,0,0,0.0,0,1,1,0,0,0,0,0,6,3.0,2021-22,Playoffs
0042100406,1610612744,Golden State,Warriors,GSW,warriors,203110,Draymond,Green,D. Green,draymond-green,C,,,41:49,5,10,0.5,2,5,0.4,0,0,0.0,4,8,12,8,2,2,5,1,12,16.0,2021-22,Playoffs
0042100406,1610612744,Golden State,Warriors,GSW,warriors,202691,Klay,Thompson,K. Thompson,klay-thompson,G,,,41:18,5,20,0.25,2,8,0.25,0,0,0.0,0,5,5,2,2,0,3,3,12,4.0,2021-22,Playoffs
0042100406,1610612744,Golden State,Warriors,GSW,warriors,201939,Stephen,Curry,S. Curry,stephen-curry,G,,,39:55,12,21,0.571,6,11,0.545,4,4,1.0,0,7,7,7,2,1,2,4,34,8.0,2021-22,Playoffs
0042100406,1610612744,Golden State,Warriors,GSW,warriors,1626172,Kevon,Looney,K. Looney,kevon-looney,,,,21:40,0,2,0.0,0,0,0.0,0,0,0.0,6,1,7,1,0,0,1,4,0,0.0,2021-22,Playoffs
0042100406,1610612744,Golden State,Warriors,GSW,warriors,1627780,Gary,Payton II,G. Payton II,gary-payton-ii,,,,19:46,2,6,0.333,0,2,0.0,2,2,1.0,1,2,3,2,3,1,1,5,6,18.0,2021-22,Playoffs
0042100406,1610612744,Golden State,Warriors,GSW,warriors,1629673,Jordan,Poole,J. Poole,jordan-poole,,,,17:47,5,12,0.417,3,8,0.375,2,2,1.0,1,2,3,2,0,0,0,3,15,11.0,2021-22,Playoffs
0042100406,1610612744,Golden State,Warriors,GSW,warriors,2738,Andre,Iguodala,A. Iguodala,andre-iguodala,,,,1:01,0,0,0.0,0,0,0.0,0,0,0.0,0,0,0,0,0,0,0,0,0,0.0,2021-22,Playoffs
0042100406,1610612744,Golden State,Warriors,GSW,warriors,202357,Nemanja,Bjelica,N. Bjelica,nemanja-bjelica,,DNP - Coach's Decision,,,0,0,0.0,0,0,0.0,0,0,0.0,0,0,0,0,0,0,0,0,0,0.0,2021-22,Playoffs
0042100406,1610612744,Golden State,Warriors,GSW,warriors,1630228,Jonathan,Kuminga,J. Kuminga,jonathan-kuminga,,DNP - Coach's Decision,,,0,0,0.0,0,0,0.0,0,0,0.0,0,0,0,0,0,0,0,0,0,0.0,2021-22,Playoffs
0042100406,1610612744,Golden State,Warriors,GSW,warriors,1627814,Damion,Lee,D. Lee,damion-lee,,DNP - Coach's Decision,,,0,0,0.0,0,0,0.0,0,0,0.0,0,0,0,0,0,0,0,0,0,0.0,2021-22,Playoffs
0042100406,1610612744,Golden State,Warriors,GSW,warriors,1630541,Moses,Moody,M. Moody,moses-moody,,DNP - Coach's Decision,,,0,0,0.0,0,0,0.0,0,0,0.0,0,0,0,0,0,0,0,0,0,0.0,2021-22,Playoffs
0042100406,1610612744,Golden State,Warriors,GSW,warriors,1629308,Juan,Toscano-Anderson,J. Toscano-Anderson,juan-toscano-anderson,,DNP - Coach's Decision,,,0,0,0.0,0,0,0.0,0,0,0.0,0,0,0,0,0,0,0,0,0,0.0,2021-22,Playoffs
