gameId,teamId,teamCity,teamName,teamTricode,teamSlug,personId,firstName,familyName,nameI,playerSlug,position,comment,jerseyNum,minutes,pointsOffTurnovers,pointsSecondChance,pointsFastBreak,pointsPaint,oppPointsOffTurnovers,oppPointsSecondChance,oppPointsFastBreak,oppPointsPaint,blocks,blocksAgainst,foulsPersonal,foulsDrawn,SEASON,SEASON_TYPE
0042100101,1610612737,Atlanta,Hawks,ATL,hawks,1629631,De'Andre,Hunter,D. Hunter,deandre-hunter,F,,12,34:50,0,0,0,6,13,0,5,22,0,0,3,4,2021-22,Playoffs
0042100101,1610612737,Atlanta,Hawks,ATL,hawks,201568,Danilo,Gallinari,D. Gallinari,danilo-gallinari,F,,8,29:12,5,0,0,0,10,6,4,22,0,1,2,4,2021-22,Playoffs
0042100101,1610612737,Atlanta,Hawks,ATL,hawks,1630168,Onyeka,Okongwu,O. Okongwu,onyeka-okongwu,C,,17,20:33,2,1,0,2,11,0,4,14,1,1,4,1,2021-22,Playoffs
0042100101,1610612737,Atlanta,Hawks,ATL,hawks,1628989,Kevin,Huerter,K. Huerter,kevin-huerter,G,,3,23:13,5,0,2,2,5,6,4,16,1,0,2,0,2021-22,Playoffs
0042100101,1610612737,Atlanta,Hawks,ATL,hawks,1629027,Trae,Young,T. Young,trae-young,G,,11,28:27,2,0,2,2,10,0,4,22,0,0,1,4,2021-22,Playoffs
0042100101,1610612737,Atlanta,Hawks,ATL,hawks,203992,Bogdan,Bogdanović,B. Bogdanović,bogdan-bogdanović,,,13,25:53,0,0,0,0,13,6,1,20,0,0,3,4,2021-22,Playoffs
0042100101,1610612737,Atlanta,Hawks,ATL,hawks,1628381,John,Collins,J. Collins,john-collins,,,20,21:19,3,2,0,6,4,6,1,16,0,0,0,3,2021-22,Playoffs
0042100101,1610612737,Atlanta,Hawks,ATL,hawks,1626153,Delon,Wright,D. Wright,delon-wright,,,0,20:57,3,0,0,2,7,6,1,14,0,1,0,0,2021-22,Playoffs
0042100101,1610612737,Atlanta,Hawks,ATL,hawks,1627789,Timothe,Luwawu-Cabarrot,T. Luwawu-Cabarrot,timothe-luwawu-cabarrot,,,7,14:34,0,0,0,2,4,0,1,12,0,0,4,0,2021-22,Playoffs
0042100101,1610612737,Atlanta,Hawks,ATL,hawks,203476,Gorgui,Dieng,G. Dieng,gorgui-dieng,,,10,6:08,0,3,0,2,2,0,0,8,0,0,0,1,2021-22,Playoffs
0042100101,1610612737,Atlanta,Hawks,ATL,hawks,1630552,Jalen,Johnson,J. Johnson,jalen-johnson,,,1,4:58,0,0,0,0,2,0,0,8,0,0,0,0,2021-22,Playoffs
0042100101,1610612737,Atlanta,Hawks,ATL,hawks,1630219,Skylar,Mays,S. Mays,skylar-mays,,,4,4:58,2,0,0,2,2,0,0,8,0,0,0,0,2021-22,Playoffs
0042100101,1610612737,Atlanta,Hawks,ATL,hawks,1628995,Kevin,Knox II,K. Knox II,kevin-knox-ii,,,5,4:58,0,0,0,0,2,0,0,8,0,0,0,1,2021-22,Playoffs
0042100101,1610612748,Miami,Heat,MIA,heat,202710,Jimmy,Butler III,J. Butler III,jimmy-butler-iii,F,,22,33:18,2,0,1,14,15,3,2,16,0,0,2,8,2021-22,Playoffs
0042100101,1610612748,Miami,Heat,MIA,heat,200782,P.J.,Tucker,P. Tucker,pj-tucker,F,,17,24:19,3,0,0,4,13,1,2,12,0,0,2,0,2021-22,Playoffs
0042100101,1610612748,Miami,Heat,MIA,heat,1628389,Bam,Adebayo,B. Adebayo,bam-adebayo,C,,13,27:51,0,0,2,0,10,1,2,14,1,0,2,3,2021-22,Playoffs
0042100101,1610612748,Miami,Heat,MIA,heat,1629622,Max,Strus,M. Strus,max-strus,G,,31,25:08,4,0,0,4,11,4,0,12,1,1,3,1,2021-22,Playoffs
0042100101,1610612748,Miami,Heat,MIA,heat,200768,Kyle,Lowry,K. Lowry,kyle-lowry,G,,7,28:41,0,0,0,2,13,1,2,12,0,1,1,3,2021-22,Playoffs
0042100101,1610612748,Miami,Heat,MIA,heat,1629639,Tyler,Herro,T. Herro,tyler-herro,,,14,22:40,0,0,0,2,10,2,2,14,0,0,2,1,2021-22,Playoffs
0042100101,1610612748,Miami,Heat,MIA,heat,203473,Dewayne,Dedmon,D. Dedmon,dewayne-dedmon,,,21,15:11,0,3,0,4,10,2,2,8,0,0,3,1,2021-22,Playoffs
0042100101,1610612748,Miami,Heat,MIA,heat,1629130,Duncan,Robinson,D. Robinson,duncan-robinson,,,55,22:52,5,3,2,2,11,2,4,14,0,0,2,1,2021-22,Playoffs
0042100101,1610612748,Miami,Heat,MIA,heat,1629216,Gabe,Vincent,G. Vincent,gabe-vincent,,,2,25:06,3,0,0,0,11,5,4,16,1,0,4,0,2021-22,Playoffs
0042100101,1610612748,Miami,Heat,MIA,heat,1630209,Omer,Yurtseven,O. Yurtseven,omer-yurtseven,,,77,4:58,0,0,0,4,2,3,0,4,0,0,1,1,2021-22,Playoffs
0042100101,1610612748,Miami,Heat,MIA,heat,1628997,Caleb,Martin,C. Martin,caleb-martin,,,16,4:58,0,0,0,2,2,3,0,4,0,0,0,0,2021-22,Playoffs
0042100101,1610612748,Miami,Heat,MIA,heat,1629312,Haywood,Highsmith,H. Highsmith,haywood-highsmith,,,24,4:58,0,0,0,0,2,3,0,4,0,0,0,0,2021-22,Playoffs
0042100101,1610612748,Miami,Heat,MIA,heat,2617,Udonis,Haslem,U. Haslem,udonis-haslem,,DNP - Coach's Decision,40,,0,0,0,0,0,0,0,0,0,0,0,0,2021-22,Playoffs
0042100101,1610612748,Miami,Heat,MIA,heat,202693,Markieff,Morris,M. Morris,markieff-morris,,DNP - Coach's Decision,8,,0,0,0,0,0,0,0,0,0,0,0,0,2021-22,Playoffs
0042100101,1610612748,Miami,Heat,MIA,heat,203506,Victor,Oladipo,V. Oladipo,victor-oladipo,,DNP - Coach's Decision,4,,0,0,0,0,0,0,0,0,0,0,0,0,2021-22,Playoffs
0042100102,1610612737,Atlanta,Hawks,ATL,hawks,1629631,De'Andre,Hunter,D. Hunter,deandre-hunter,F,,12,35:03,4,2,2,10,10,7,14,32,1,3,5,7,2021-22,Playoffs
0042100102,1610612737,Atlanta,Hawks,ATL,hawks,201568,Danilo,Gallinari,D. Gallinari,danilo-gallinari,F,,8,21:41,0,0,0,0,17,0,16,16,0,0,1,1,2021-22,Playoffs
0042100102,1610612737,Atlanta,Hawks,ATL,hawks,1628381,John,Collins,J. Collins,john-collins,C,,20,29:01,2,4,0,12,16,0,15,22,0,0,2,7,2021-22,Playoffs
0042100102,1610612737,Atlanta,Hawks,ATL,hawks,1628989,Kevin,Huerter,K. Huerter,kevin-huerter,G,,3,33:31,0,0,0,0,12,7,13,26,1,2,5,0,2021-22,Playoffs
0042100102,1610612737,Atlanta,Hawks,ATL,hawks,1629027,Trae,Young,T. Young,trae-young,G,,11,40:38,5,3,4,8,21,3,20,34,0,0,3,6,2021-22,Playoffs
0042100102,1610612737,Atlanta,Hawks,ATL,hawks,203992,Bogdan,Bogdanović,B. Bogdanović,bogdan-bogdanović,,,13,28:27,4,5,5,10,13,4,10,22,0,0,5,0,2021-22,Playoffs
0042100102,1610612737,Atlanta,Hawks,ATL,hawks,1626153,Delon,Wright,D. Wright,delon-wright,,,0,29:25,2,4,0,4,9,7,7,20,0,0,0,1,2021-22,Playoffs
0042100102,1610612737,Atlanta,Hawks,ATL,hawks,1630168,Onyeka,Okongwu,O. Okongwu,onyeka-okongwu,,,17,18:59,2,0,2,2,5,7,5,16,0,1,3,2,2021-22,Playoffs
0042100102,1610612737,Atlanta,Hawks,ATL,hawks,1627789,Timothe,Luwawu-Cabarrot,T. Luwawu-Cabarrot,timothe-luwawu-cabarrot,,,7,3:15,0,0,0,0,2,0,0,2,0,0,2,0,2021-22,Playoffs
0042100102,1610612737,Atlanta,Hawks,ATL,hawks,203476,Gorgui,Dieng,G. Dieng,gorgui-dieng,,DNP - Coach's Decision,10,,0,0,0,0,0,0,0,0,0,0,0,0,2021-22,Playoffs
0042100102,1610612737,Atlanta,Hawks,ATL,hawks,1630552,Jalen,Johnson,J. Johnson,jalen-johnson,,DNP - Coach's Decision,1,,0,0,0,0,0,0,0,0,0,0,0,0,2021-22,Playoffs
0042100102,1610612737,Atlanta,Hawks,ATL,hawks,1628995,Kevin,Knox II,K. Knox II,kevin-knox-ii,,DNP - Coach's Decision,5,,0,0,0,0,0,0,0,0,0,0,0,0,2021-22,Playoffs
0042100102,1610612737,Atlanta,Hawks,ATL,hawks,1630219,Skylar,Mays,S. Mays,skylar-mays,,DNP - Coach's Decision,4,,0,0,0,0,0,0,0,0,0,0,0,0,2021-22,Playoffs
0042100102,1610612748,Miami,Heat,MIA,heat,202710,Jimmy,Butler III,J. Butler III,jimmy-butler-iii,F,,22,39:01,9,0,12,20,13,13,13,36,0,0,0,8,2021-22,Playoffs
0042100102,1610612748,Miami,Heat,MIA,heat,200782,P.J.,Tucker,P. Tucker,pj-tucker,F,,17,24:12,0,0,0,0,8,9,4,24,0,0,5,0,2021-22,Playoffs
0042100102,1610612748,Miami,Heat,MIA,heat,1628389,Bam,Adebayo,B. Adebayo,bam-adebayo,C,,13,23:36,0,0,0,6,13,10,11,28,1,1,4,3,2021-22,Playoffs
0042100102,1610612748,Miami,Heat,MIA,heat,1629622,Max,Strus,M. Strus,max-strus,G,,31,22:01,8,0,8,4,6,5,6,20,0,0,2,1,2021-22,Playoffs
0042100102,1610612748,Miami,Heat,MIA,heat,200768,Kyle,Lowry,K. Lowry,kyle-lowry,G,,7,37:06,4,0,0,2,13,13,9,34,3,0,1,5,2021-22,Playoffs
0042100102,1610612748,Miami,Heat,MIA,heat,1629639,Tyler,Herro,T. Herro,tyler-herro,,,14,31:22,0,0,0,0,17,14,9,36,1,0,3,2,2021-22,Playoffs
0042100102,1610612748,Miami,Heat,MIA,heat,203473,Dewayne,Dedmon,D. Dedmon,dewayne-dedmon,,,21,13:16,0,4,0,6,4,6,0,6,0,0,4,1,2021-22,Playoffs
0042100102,1610612748,Miami,Heat,MIA,heat,1629216,Gabe,Vincent,G. Vincent,gabe-vincent,,,2,25:40,0,3,0,0,13,13,9,26,0,1,2,3,2021-22,Playoffs
0042100102,1610612748,Miami,Heat,MIA,heat,1629130,Duncan,Robinson,D. Robinson,duncan-robinson,,,55,6:40,0,0,0,0,4,5,4,6,0,0,2,1,2021-22,Playoffs
0042100102,1610612748,Miami,Heat,MIA,heat,1628997,Caleb,Martin,C. Martin,caleb-martin,,,16,17:06,0,0,0,0,4,2,0,14,1,0,1,2,2021-22,Playoffs
0042100102,1610612748,Miami,Heat,MIA,heat,2617,Udonis,Haslem,U. Haslem,udonis-haslem,,DNP - Coach's Decision,40,,0,0,0,0,0,0,0,0,0,0,0,0,2021-22,Playoffs
0042100102,1610612748,Miami,Heat,MIA,heat,1629312,Haywood,Highsmith,H. Highsmith,haywood-highsmith,,DNP - Coach's Decision,24,,0,0,0,0,0,0,0,0,0,0,0,0,2021-22,Playoffs
0042100102,1610612748,Miami,Heat,MIA,heat,202693,Markieff,Morris,M. Morris,markieff-morris,,DNP - Coach's Decision,8,,0,0,0,0,0,0,0,0,0,0,0,0,2021-22,Playoffs
0042100102,1610612748,Miami,Heat,MIA,heat,203506,Victor,Oladipo,V. Oladipo,victor-oladipo,,DNP - Coach's Decision,4,,0,0,0,0,0,0,0,0,0,0,0,0,2021-22,Playoffs
0042100102,1610612748,Miami,Heat,MIA,heat,1630209,Omer,Yurtseven,O. Yurtseven,omer-yurtseven,,DNP - Coach's Decision,77,,0,0,0,0,0,0,0,0,0,0,0,0,2021-22,Playoffs
0042100103,1610612748,Miami,Heat,MIA,heat,202710,Jimmy,Butler III,J. Butler III,jimmy-butler-iii,F,,22,40:36,4,4,2,10,17,11,6,44,1,1,0,2,2021-22,Playoffs
0042100103,1610612748,Miami,Heat,MIA,heat,200782,P.J.,Tucker,P. Tucker,pj-tucker,F,,17,33:04,4,3,0,6,12,3,5,26,0,0,4,2,2021-22,Playoffs
0042100103,1610612748,Miami,Heat,MIA,heat,1628389,Bam,Adebayo,B. Adebayo,bam-adebayo,C,,13,34:59,0,2,0,10,16,5,7,32,0,0,2,6,2021-22,Playoffs
0042100103,1610612748,Miami,Heat,MIA,heat,1629622,Max,Strus,M. Strus,max-strus,G,,31,29:04,2,3,5,4,14,5,5,24,0,0,2,1,2021-22,Playoffs
0042100103,1610612748,Miami,Heat,MIA,heat,200768,Kyle,Lowry,K. Lowry,kyle-lowry,G,,7,22:51,0,3,0,0,13,2,7,18,0,0,3,3,2021-22,Playoffs
0042100103,1610612748,Miami,Heat,MIA,heat,1629639,Tyler,Herro,T. Herro,tyler-herro,,,14,33:31,5,5,3,8,16,11,7,38,1,1,3,1,2021-22,Playoffs
0042100103,1610612748,Miami,Heat,MIA,heat,1629216,Gabe,Vincent,G. Vincent,gabe-vincent,,,2,17:41,0,3,0,2,2,6,2,22,0,0,3,2,2021-22,Playoffs
0042100103,1610612748,Miami,Heat,MIA,heat,1629130,Duncan,Robinson,D. Robinson,duncan-robinson,,,55,14:24,0,0,0,0,6,6,2,18,0,0,4,2,2021-22,Playoffs
0042100103,1610612748,Miami,Heat,MIA,heat,203473,Dewayne,Dedmon,D. Dedmon,dewayne-dedmon,,,21,13:01,2,3,0,6,4,6,2,16,1,1,2,1,2021-22,Playoffs
0042100103,1610612748,Miami,Heat,MIA,heat,1628997,Caleb,Martin,C. Martin,caleb-martin,,,16,0:49,0,0,0,0,0,0,2,2,0,0,0,0,2021-22,Playoffs
0042100103,1610612748,Miami,Heat,MIA,heat,2617,Udonis,Haslem,U. Haslem,udonis-haslem,,DNP - Coach's Decision,40,,0,0,0,0,0,0,0,0,0,0,0,0,2021-22,Playoffs
0042100103,1610612748,Miami,Heat,MIA,heat,1629312,Haywood,Highsmith,H. Highsmith,haywood-highsmith,,DNP - Coach's Decision,24,,0,0,0,0,0,0,0,0,0,0,0,0,2021-22,Playoffs
0042100103,1610612748,Miami,Heat,MIA,heat,202693,Markieff,Morris,M. Morris,markieff-morris,,DNP - Coach's Decision,8,,0,0,0,0,0,0,0,0,0,0,0,0,2021-22,Playoffs
0042100103,1610612748,Miami,Heat,MIA,heat,203506,Victor,Oladipo,V. Oladipo,victor-oladipo,,DNP - Coach's Decision,4,,0,0,0,0,0,0,0,0,0,0,0,0,2021-22,Playoffs
0042100103,1610612748,Miami,Heat,MIA,heat,1630209,Omer,Yurtseven,O. Yurtseven,omer-yurtseven,,DNP - Coach's Decision,77,,0,0,0,0,0,0,0,0,0,0,0,0,2021-22,Playoffs
0042100103,1610612737,Atlanta,Hawks,ATL,hawks,1629631,De'Andre,Hunter,D. Hunter,deandre-hunter,F,,12,31:32,7,0,0,8,11,20,5,30,0,0,4,3,2021-22,Playoffs
0042100103,1610612737,Atlanta,Hawks,ATL,hawks,201568,Danilo,Gallinari,D. Gallinari,danilo-gallinari,F,,8,24:59,0,0,0,2,13,12,8,32,0,0,0,1,2021-22,Playoffs
0042100103,1610612737,Atlanta,Hawks,ATL,hawks,1628381,John,Collins,J. Collins,john-collins,C,,20,23:57,0,0,0,2,9,12,6,26,0,0,3,4,2021-22,Playoffs
0042100103,1610612737,Atlanta,Hawks,ATL,hawks,1628989,Kevin,Huerter,K. Huerter,kevin-huerter,G,,3,33:28,2,0,2,6,11,22,3,30,0,0,4,1,2021-22,Playoffs
0042100103,1610612737,Atlanta,Hawks,ATL,hawks,1629027,Trae,Young,T. Young,trae-young,G,,11,40:25,2,0,5,6,15,19,10,38,0,2,4,8,2021-22,Playoffs
0042100103,1610612737,Atlanta,Hawks,ATL,hawks,203992,Bogdan,Bogdanović,B. Bogdanović,bogdan-bogdanović,,,13,31:51,0,2,0,6,10,17,7,30,1,1,1,2,2021-22,Playoffs
0042100103,1610612737,Atlanta,Hawks,ATL,hawks,1626153,Delon,Wright,D. Wright,delon-wright,,,0,29:46,6,4,2,10,8,14,7,24,0,0,0,2,2021-22,Playoffs
0042100103,1610612737,Atlanta,Hawks,ATL,hawks,1630168,Onyeka,Okongwu,O. Okongwu,onyeka-okongwu,,,17,24:03,3,5,0,8,8,14,4,20,2,0,4,2,2021-22,Playoffs
0042100103,1610612737,Atlanta,Hawks,ATL,hawks,203476,Gorgui,Dieng,G. Dieng,gorgui-dieng,,DNP - Coach's Decision,10,,0,0,0,0,0,0,0,0,0,0,0,0,2021-22,Playoffs
0042100103,1610612737,Atlanta,Hawks,ATL,hawks,1630552,Jalen,Johnson,J. Johnson,jalen-johnson,,DNP - Coach's Decision,1,,0,0,0,0,0,0,0,0,0,0,0,0,2021-22,Playoffs
0042100103,1610612737,Atlanta,Hawks,ATL,hawks,1628995,Kevin,Knox II,K. Knox II,kevin-knox-ii,,DNP - Coach's Decision,5,,0,0,0,0,0,0,0,0,0,0,0,0,2021-22,Playoffs
0042100103,1610612737,Atlanta,Hawks,ATL,hawks,1627789,Timothe,Luwawu-Cabarrot,T. Luwawu-Cabarrot,timothe-luwawu-cabarrot,,DNP - Coach's Decision,7,,0,0,0,0,0,0,0,0,0,0,0,0,2021-22,Playoffs
0042100103,1610612737,Atlanta,Hawks,ATL,hawks,1630219,Skylar,Mays,S. Mays,skylar-mays,,DNP - Coach's Decision,4,,0,0,0,0,0,0,0,0,0,0,0,0,2021-22,Playoffs
0042100104,1610612748,Miami,Heat,MIA,heat,202710,Jimmy,Butler III,J. Butler III,jimmy-butler-iii,F,,22,36:29,19,12,5,20,0,10,0,24,1,1,1,7,2021-22,Playoffs
0042100104,1610612748,Miami,Heat,MIA,heat,200782,P.J.,Tucker,P. Tucker,pj-tucker,F,,17,27:47,0,4,0,6,1,2,0,10,0,0,1,3,2021-22,Playoffs
0042100104,1610612748,Miami,Heat,MIA,heat,1628389,Bam,Adebayo,B. Adebayo,bam-adebayo,C,,13,29:44,0,7,0,12,0,7,0,18,0,0,4,6,2021-22,Playoffs
0042100104,1610612748,Miami,Heat,MIA,heat,1629622,Max,Strus,M. Strus,max-strus,G,,31,35:40,0,0,0,0,0,4,0,18,0,0,3,0,2021-22,Playoffs
0042100104,1610612748,Miami,Heat,MIA,heat,1629216,Gabe,Vincent,G. Vincent,gabe-vincent,G,,2,27:26,6,3,3,2,1,4,0,12,0,1,3,0,2021-22,Playoffs
0042100104,1610612748,Miami,Heat,MIA,heat,203473,Dewayne,Dedmon,D. Dedmon,dewayne-dedmon,,,21,3:35,0,0,0,2,0,3,0,2,0,0,2,1,2021-22,Playoffs
0042100104,1610612748,Miami,Heat,MIA,heat,1629639,Tyler,Herro,T. Herro,tyler-herro,,,14,21:09,0,0,0,0,1,6,0,16,0,0,0,2,2021-22,Playoffs
0042100104,1610612748,Miami,Heat,MIA,heat,1628997,Caleb,Martin,C. Martin,caleb-martin,,,16,19:01,0,0,0,0,10,6,0,12,0,0,4,1,2021-22,Playoffs
0042100104,1610612748,Miami,Heat,MIA,heat,1629130,Duncan,Robinson,D. Robinson,duncan-robinson,,,55,9:20,0,0,0,0,9,6,0,6,0,0,1,0,2021-22,Playoffs
0042100104,1610612748,Miami,Heat,MIA,heat,203506,Victor,Oladipo,V. Oladipo,victor-oladipo,,,4,23:04,0,0,0,4,10,2,0,12,0,1,4,0,2021-22,Playoffs
0042100104,1610612748,Miami,Heat,MIA,heat,1630209,Omer,Yurtseven,O. Yurtseven,omer-yurtseven,,,77,3:23,0,0,0,2,9,0,0,0,0,0,0,1,2021-22,Playoffs
0042100104,1610612748,Miami,Heat,MIA,heat,1629312,Haywood,Highsmith,H. Highsmith,haywood-highsmith,,,24,3:23,0,0,0,0,9,0,0,0,0,0,0,0,2021-22,Playoffs
0042100104,1610612748,Miami,Heat,MIA,heat,2617,Udonis,Haslem,U. Haslem,udonis-haslem,,DNP - Coach's Decision,40,,0,0,0,0,0,0,0,0,0,0,0,0,2021-22,Playoffs
0042100104,1610612748,Miami,Heat,MIA,heat,202693,Markieff,Morris,M. Morris,markieff-morris,,DNP - Coach's Decision,8,,0,0,0,0,0,0,0,0,0,0,0,0,2021-22,Playoffs
0042100104,1610612737,Atlanta,Hawks,ATL,hawks,1629631,De'Andre,Hunter,D. Hunter,deandre-hunter,F,,12,30:30,0,0,0,6,18,21,6,38,0,0,2,5,2021-22,Playoffs
0042100104,1610612737,Atlanta,Hawks,ATL,hawks,1628381,John,Collins,J. Collins,john-collins,F,,20,21:41,0,0,0,4,15,24,3,24,1,0,5,1,2021-22,Playoffs
0042100104,1610612737,Atlanta,Hawks,ATL,hawks,203991,Clint,Capela,C. Capela,clint-capela,C,,15,20:59,0,2,0,2,12,16,6,18,0,0,0,2,2021-22,Playoffs
0042100104,1610612737,Atlanta,Hawks,ATL,hawks,1628989,Kevin,Huerter,K. Huerter,kevin-huerter,G,,3,30:05,0,0,0,0,17,24,6,30,0,0,1,1,2021-22,Playoffs
0042100104,1610612737,Atlanta,Hawks,ATL,hawks,1629027,Trae,Young,T. Young,trae-young,G,,11,35:31,0,3,0,0,25,24,8,36,0,0,3,2,2021-22,Playoffs
0042100104,1610612737,Atlanta,Hawks,ATL,hawks,203992,Bogdan,Bogdanović,B. Bogdanović,bogdan-bogdanović,,,13,20:43,0,0,0,2,12,5,2,20,0,1,3,4,2021-22,Playoffs
0042100104,1610612737,Atlanta,Hawks,ATL,hawks,1626153,Delon,Wright,D. Wright,delon-wright,,,0,25:43,1,2,0,2,16,12,5,30,1,0,0,2,2021-22,Playoffs
0042100104,1610612737,Atlanta,Hawks,ATL,hawks,201568,Danilo,Gallinari,D. Gallinari,danilo-gallinari,,,8,14:59,0,3,0,8,2,2,2,10,0,0,2,2,2021-22,Playoffs
0042100104,1610612737,Atlanta,Hawks,ATL,hawks,1630168,Onyeka,Okongwu,O. Okongwu,onyeka-okongwu,,,17,18:30,0,0,0,2,8,2,2,14,1,0,4,2,2021-22,Playoffs
0042100104,1610612737,Atlanta,Hawks,ATL,hawks,1627789,Timothe,Luwawu-Cabarrot,T. Luwawu-Cabarrot,timothe-luwawu-cabarrot,,,7,4:16,0,0,0,0,0,0,0,4,0,0,0,0,2021-22,Playoffs
0042100104,1610612737,Atlanta,Hawks,ATL,hawks,1630552,Jalen,Johnson,J. Johnson,jalen-johnson,,,1,4:16,0,0,0,0,0,0,0,4,0,0,0,0,2021-22,Playoffs
0042100104,1610612737,Atlanta,Hawks,ATL,hawks,203476,Gorgui,Dieng,G. Dieng,gorgui-dieng,,,10,4:16,0,0,0,0,0,0,0,4,0,0,0,1,2021-22,Playoffs
0042100104,1610612737,Atlanta,Hawks,ATL,hawks,1630219,Skylar,Mays,S. Mays,skylar-mays,,,4,4:16,0,0,0,0,0,0,0,4,0,0,1,1,2021-22,Playoffs
0042100104,1610612737,Atlanta,Hawks,ATL,hawks,1628995,Kevin,Knox II,K. Knox II,kevin-knox-ii,,,5,4:16,9,0,0,0,0,0,0,4,0,0,0,0,2021-22,Playoffs
0042100105,1610612737,Atlanta,Hawks,ATL,hawks,1629631,De'Andre,Hunter,D. Hunter,deandre-hunter,F,,12,42:42,8,4,2,4,12,15,4,48,0,0,6,8,2021-22,Playoffs
0042100105,1610612737,Atlanta,Hawks,ATL,hawks,1628381,John,Collins,J. Collins,john-collins,F,,20,25:38,3,2,2,6,12,11,6,32,0,0,2,3,2021-22,Playoffs
0042100105,1610612737,Atlanta,Hawks,ATL,hawks,203991,Clint,Capela,C. Capela,clint-capela,C,,15,19:25,0,0,0,2,9,8,4,26,1,0,2,1,2021-22,Playoffs
0042100105,1610612737,Atlanta,Hawks,ATL,hawks,1628989,Kevin,Huerter,K. Huerter,kevin-huerter,G,,3,33:14,2,0,2,6,11,11,4,36,1,0,3,1,2021-22,Playoffs
0042100105,1610612737,Atlanta,Hawks,ATL,hawks,1629027,Trae,Young,T. Young,trae-young,G,,11,41:29,0,0,2,2,12,16,6,48,0,0,2,6,2021-22,Playoffs
0042100105,1610612737,Atlanta,Hawks,ATL,hawks,1626153,Delon,Wright,D. Wright,delon-wright,,,0,31:00,4,2,0,2,7,12,4,32,0,0,2,1,2021-22,Playoffs
0042100105,1610612737,Atlanta,Hawks,ATL,hawks,201568,Danilo,Gallinari,D. Gallinari,danilo-gallinari,,,8,20:43,3,2,0,2,3,7,0,24,0,0,1,0,2021-22,Playoffs
0042100105,1610612737,Atlanta,Hawks,ATL,hawks,1630168,Onyeka,Okongwu,O. Okongwu,onyeka-okongwu,,,17,25:45,0,3,2,4,4,10,2,24,0,2,4,5,2021-22,Playoffs
0042100105,1610612737,Atlanta,Hawks,ATL,hawks,1627789,Timothe,Luwawu-Cabarrot,T. Luwawu-Cabarrot,timothe-luwawu-cabarrot,,,7,0:03,0,0,0,0,0,0,0,0,0,0,0,0,2021-22,Playoffs
0042100105,1610612737,Atlanta,Hawks,ATL,hawks,203992,Bogdan,Bogdanović,B. Bogdanović,bogdan-bogdanović,,DND - Injury/Illness,13,,0,0,0,0,0,0,0,0,0,0,0,0,2021-22,Playoffs
0042100105,1610612737,Atlanta,Hawks,ATL,hawks,203476,Gorgui,Dieng,G. Dieng,gorgui-dieng,,DNP - Coach's Decision,10,,0,0,0,0,0,0,0,0,0,0,0,0,2021-22,Playoffs
0042100105,1610612737,Atlanta,Hawks,ATL,hawks,1630552,Jalen,Johnson,J. Johnson,jalen-johnson,,DNP - Coach's Decision,1,,0,0,0,0,0,0,0,0,0,0,0,0,2021-22,Playoffs
0042100105,1610612737,Atlanta,Hawks,ATL,hawks,1628995,Kevin,Knox II,K. Knox II,kevin-knox-ii,,DNP - Coach's Decision,5,,0,0,0,0,0,0,0,0,0,0,0,0,2021-22,Playoffs
0042100105,1610612737,Atlanta,Hawks,ATL,hawks,1630219,Skylar,Mays,S. Mays,skylar-mays,,DNP - Coach's Decision,4,,0,0,0,0,0,0,0,0,0,0,0,0,2021-22,Playoffs
0042100105,1610612748,Miami,Heat,MIA,heat,1629622,Max,Strus,M. Strus,max-strus,F,,31,32:23,9,4,4,6,18,5,8,20,0,0,5,0,2021-22,Playoffs
0042100105,1610612748,Miami,Heat,MIA,heat,200782,P.J.,Tucker,P. Tucker,pj-tucker,F,,17,31:52,0,0,0,4,10,5,4,14,0,0,5,2,2021-22,Playoffs
0042100105,1610612748,Miami,Heat,MIA,heat,1628389,Bam,Adebayo,B. Adebayo,bam-adebayo,C,,13,41:02,3,5,0,14,17,11,10,26,1,0,4,9,2021-22,Playoffs
0042100105,1610612748,Miami,Heat,MIA,heat,203506,Victor,Oladipo,V. Oladipo,victor-oladipo,G,,4,36:10,0,3,0,10,17,7,10,22,0,1,3,2,2021-22,Playoffs
0042100105,1610612748,Miami,Heat,MIA,heat,1629216,Gabe,Vincent,G. Vincent,gabe-vincent,G,,2,29:47,0,0,0,4,5,9,4,16,0,0,1,5,2021-22,Playoffs
0042100105,1610612748,Miami,Heat,MIA,heat,1629639,Tyler,Herro,T. Herro,tyler-herro,,,14,33:15,0,2,0,6,18,10,6,18,1,0,3,1,2021-22,Playoffs
0042100105,1610612748,Miami,Heat,MIA,heat,1628997,Caleb,Martin,C. Martin,caleb-martin,,,16,20:42,2,4,2,10,13,10,6,14,0,1,2,3,2021-22,Playoffs
0042100105,1610612748,Miami,Heat,MIA,heat,1629130,Duncan,Robinson,D. Robinson,duncan-robinson,,,55,12:30,0,0,0,0,2,8,2,8,0,0,0,0,2021-22,Playoffs
0042100105,1610612748,Miami,Heat,MIA,heat,203473,Dewayne,Dedmon,D. Dedmon,dewayne-dedmon,,,21,2:21,0,0,0,0,0,0,0,2,0,0,2,0,2021-22,Playoffs
0042100105,1610612748,Miami,Heat,MIA,heat,2617,Udonis,Haslem,U. Haslem,udonis-haslem,,DNP - Coach's Decision,40,,0,0,0,0,0,0,0,0,0,0,0,0,2021-22,Playoffs
0042100105,1610612748,Miami,Heat,MIA,heat,1629312,Haywood,Highsmith,H. Highsmith,haywood-highsmith,,DNP - Coach's Decision,24,,0,0,0,0,0,0,0,0,0,0,0,0,2021-22,Playoffs
0042100105,1610612748,Miami,Heat,MIA,heat,202693,Markieff,Morris,M. Morris,markieff-morris,,DNP - Coach's Decision,8,,0,0,0,0,0,0,0,0,0,0,0,0,2021-22,Playoffs
0042100105,1610612748,Miami,Heat,MIA,heat,1630209,Omer,Yurtseven,O. Yurtseven,omer-yurtseven,,DNP - Coach's Decision,77,,0,0,0,0,0,0,0,0,0,0,0,0,2021-22,Playoffs
0042100111,1610612751,Brooklyn,Nets,BKN,nets,201142,Kevin,Durant,K. Durant,kevin-durant,F,,7,41:01,1,2,5,0,15,18,18,50,1,3,3,8,2021-22,Playoffs
0042100111,1610612751,Brooklyn,Nets,BKN,nets,1628971,Bruce,Brown,B. Brown,bruce-brown,F,,1,36:38,0,0,0,2,13,12,16,44,0,1,5,1,2021-22,Playoffs
0042100111,1610612751,Brooklyn,Nets,BKN,nets,203083,Andre,Drummond,A. Drummond,andre-drummond,C,,0,17:19,2,2,2,6,11,8,11,20,1,0,4,2,2021-22,Playoffs
0042100111,1610612751,Brooklyn,Nets,BKN,nets,203552,Seth,Curry,S. Curry,seth-curry,G,,30,29:33,2,0,0,0,13,10,14,32,0,0,4,1,2021-22,Playoffs
0042100111,1610612751,Brooklyn,Nets,BKN,nets,202681,Kyrie,Irving,K. Irving,kyrie-irving,G,,11,42:08,3,0,3,8,15,18,16,48,1,1,4,8,2021-22,Playoffs
0042100111,1610612751,Brooklyn,Nets,BKN,nets,201988,Patty,Mills,P. Mills,patty-mills,,,8,12:14,0,0,0,0,2,8,5,14,0,0,2,0,2021-22,Playoffs
0042100111,1610612751,Brooklyn,Nets,BKN,nets,1629651,Nic,Claxton,N. Claxton,nic-claxton,,,33,30:38,6,5,4,12,4,10,10,36,3,0,1,3,2021-22,Playoffs
0042100111,1610612751,Brooklyn,Nets,BKN,nets,1630556,Kessler,Edwards,K. Edwards,kessler-edwards,,,14,4:02,0,0,0,0,0,0,5,4,0,0,1,0,2021-22,Playoffs
0042100111,1610612751,Brooklyn,Nets,BKN,nets,201609,Goran,Dragic,G. Dragic,goran-dragic,,,9,26:29,0,2,3,4,2,6,10,32,0,0,2,1,2021-22,Playoffs
0042100111,1610612751,Brooklyn,Nets,BKN,nets,200746,LaMarcus,Aldridge,L. Aldridge,lamarcus-aldridge,,DNP - Coach's Decision,21,,0,0,0,0,0,0,0,0,0,0,0,0,2021-22,Playoffs
0042100111,1610612751,Brooklyn,Nets,BKN,nets,201933,Blake,Griffin,B. Griffin,blake-griffin,,DNP - Coach's Decision,2,,0,0,0,0,0,0,0,0,0,0,0,0,2021-22,Playoffs
0042100111,1610612751,Brooklyn,Nets,BKN,nets,1630549,Day'Ron,Sharpe,D. Sharpe,dayron-sharpe,,DNP - Coach's Decision,20,,0,0,0,0,0,0,0,0,0,0,0,0,2021-22,Playoffs
0042100111,1610612751,Brooklyn,Nets,BKN,nets,1630560,Cam,Thomas,C. Thomas,cam-thomas,,DNP - Coach's Decision,24,,0,0,0,0,0,0,0,0,0,0,0,0,2021-22,Playoffs
0042100111,1610612738,Boston,Celtics,BOS,celtics,1628369,Jayson,Tatum,J. Tatum,jayson-tatum,F,,0,44:54,2,0,0,8,12,9,15,28,2,0,4,8,2021-22,Playoffs
0042100111,1610612738,Boston,Celtics,BOS,celtics,201143,Al,Horford,A. Horford,al-horford,F,,42,41:29,4,6,4,12,12,11,15,28,0,3,3,1,2021-22,Playoffs
0042100111,1610612738,Boston,Celtics,BOS,celtics,1628464,Daniel,Theis,D. Theis,daniel-theis,C,,27,20:16,0,2,0,2,4,4,4,12,0,0,4,2,2021-22,Playoffs
0042100111,1610612738,Boston,Celtics,BOS,celtics,1627759,Jaylen,Brown,J. Brown,jaylen-brown,G,,7,39:44,0,0,4,16,9,10,14,26,2,1,4,5,2021-22,Playoffs
0042100111,1610612738,Boston,Celtics,BOS,celtics,203935,Marcus,Smart,M. Smart,marcus-smart,G,,36,36:16,7,10,3,8,8,8,14,24,0,1,4,7,2021-22,Playoffs
0042100111,1610612738,Boston,Celtics,BOS,celtics,1629684,Grant,Williams,G. Williams,grant-williams,,,12,21:01,2,0,4,6,10,5,10,16,1,0,3,2,2021-22,Playoffs
0042100111,1610612738,Boston,Celtics,BOS,celtics,1628401,Derrick,White,D. White,derrick-white,,,9,27:54,0,0,3,4,10,7,10,20,0,1,2,1,2021-22,Playoffs
0042100111,1610612738,Boston,Celtics,BOS,celtics,1630202,Payton,Pritchard,P. Pritchard,payton-pritchard,,,11,8:27,0,0,3,0,5,1,3,6,0,0,0,0,2021-22,Playoffs
0042100111,1610612738,Boston,Celtics,BOS,celtics,1630238,Malik,Fitts,M. Fitts,malik-fitts,,DNP - Coach's Decision,8,,0,0,0,0,0,0,0,0,0,0,0,0,2021-22,Playoffs
0042100111,1610612738,Boston,Celtics,BOS,celtics,1630573,Sam,Hauser,S. Hauser,sam-hauser,,DNP - Coach's Decision,30,,0,0,0,0,0,0,0,0,0,0,0,0,2021-22,Playoffs
0042100111,1610612738,Boston,Celtics,BOS,celtics,1628436,Luke,Kornet,L. Kornet,luke-kornet,,DNP - Coach's Decision,40,,0,0,0,0,0,0,0,0,0,0,0,0,2021-22,Playoffs
0042100111,1610612738,Boston,Celtics,BOS,celtics,1629752,Juwan,Morgan,J. Morgan,juwan-morgan,,DNP - Coach's Decision,16,,0,0,0,0,0,0,0,0,0,0,0,0,2021-22,Playoffs
0042100111,1610612738,Boston,Celtics,BOS,celtics,1630174,Aaron,Nesmith,A. Nesmith,aaron-nesmith,,DNP - Coach's Decision,26,,0,0,0,0,0,0,0,0,0,0,0,0,2021-22,Playoffs
0042100111,1610612738,Boston,Celtics,BOS,celtics,203917,Nik,Stauskas,N. Stauskas,nik-stauskas,,DNP - Coach's Decision,13,,0,0,0,0,0,0,0,0,0,0,0,0,2021-22,Playoffs
0042100112,1610612751,Brooklyn,Nets,BKN,nets,201142,Kevin,Durant,K. Durant,kevin-durant,F,,7,42:26,2,2,2,2,19,15,12,40,0,2,5,13,2021-22,Playoffs
0042100112,1610612751,Brooklyn,Nets,BKN,nets,1628971,Bruce,Brown,B. Brown,bruce-brown,F,,1,37:38,2,2,2,10,16,15,7,34,2,1,3,5,2021-22,Playoffs
0042100112,1610612751,Brooklyn,Nets,BKN,nets,203083,Andre,Drummond,A. Drummond,andre-drummond,C,,0,23:30,0,2,0,4,16,6,7,22,2,0,4,4,2021-22,Playoffs
0042100112,1610612751,Brooklyn,Nets,BKN,nets,203552,Seth,Curry,S. Curry,seth-curry,G,,30,30:51,0,2,3,2,17,6,7,24,1,0,4,0,2021-22,Playoffs
0042100112,1610612751,Brooklyn,Nets,BKN,nets,202681,Kyrie,Irving,K. Irving,kyrie-irving,G,,11,40:20,4,4,2,4,19,8,12,40,1,1,3,1,2021-22,Playoffs
0042100112,1610612751,Brooklyn,Nets,BKN,nets,1630556,Kessler,Edwards,K. Edwards,kessler-edwards,,,14,3:08,0,0,0,0,1,0,0,2,0,0,2,0,2021-22,Playoffs
0042100112,1610612751,Brooklyn,Nets,BKN,nets,1629651,Nic,Claxton,N. Claxton,nic-claxton,,,33,23:15,0,0,0,2,3,9,5,22,2,0,3,3,2021-22,Playoffs
0042100112,1610612751,Brooklyn,Nets,BKN,nets,201988,Patty,Mills,P. Mills,patty-mills,,,8,17:58,0,3,0,0,2,9,5,16,0,0,1,0,2021-22,Playoffs
0042100112,1610612751,Brooklyn,Nets,BKN,nets,201609,Goran,Dragic,G. Dragic,goran-dragic,,,9,20:08,0,0,4,10,2,7,5,20,0,0,3,1,2021-22,Playoffs
0042100112,1610612751,Brooklyn,Nets,BKN,nets,1630549,Day'Ron,Sharpe,D. Sharpe,dayron-sharpe,,,20,0:23,0,0,0,0,0,0,0,0,0,0,0,0,2021-22,Playoffs
0042100112,1610612751,Brooklyn,Nets,BKN,nets,1630560,Cam,Thomas,C. Thomas,cam-thomas,,,24,0:23,0,0,0,0,0,0,0,0,0,0,0,0,2021-22,Playoffs
0042100112,1610612751,Brooklyn,Nets,BKN,nets,200746,LaMarcus,Aldridge,L. Aldridge,lamarcus-aldridge,,DNP - Coach's Decision,21,,0,0,0,0,0,0,0,0,0,0,0,0,2021-22,Playoffs
0042100112,1610612751,Brooklyn,Nets,BKN,nets,201933,Blake,Griffin,B. Griffin,blake-griffin,,DNP - Coach's Decision,2,,0,0,0,0,0,0,0,0,0,0,0,0,2021-22,Playoffs
0042100112,1610612738,Boston,Celtics,BOS,celtics,1628369,Jayson,Tatum,J. Tatum,jayson-tatum,F,,0,41:04,4,0,7,6,8,12,13,34,1,5,4,6,2021-22,Playoffs
0042100112,1610612738,Boston,Celtics,BOS,celtics,201143,Al,Horford,A. Horford,al-horford,F,,42,32:23,5,3,2,4,6,8,8,22,1,1,6,4,2021-22,Playoffs
0042100112,1610612738,Boston,Celtics,BOS,celtics,1628464,Daniel,Theis,D. Theis,daniel-theis,C,,27,30:54,0,0,0,12,8,11,11,22,0,0,5,1,2021-22,Playoffs
0042100112,1610612738,Boston,Celtics,BOS,celtics,1627759,Jaylen,Brown,J. Brown,jaylen-brown,G,,7,39:20,6,5,3,14,6,15,11,26,0,2,2,5,2021-22,Playoffs
0042100112,1610612738,Boston,Celtics,BOS,celtics,203935,Marcus,Smart,M. Smart,marcus-smart,G,,36,35:42,2,3,0,2,8,10,11,30,0,0,3,6,2021-22,Playoffs
0042100112,1610612738,Boston,Celtics,BOS,celtics,1629684,Grant,Williams,G. Williams,grant-williams,,,12,32:00,0,4,0,2,2,11,7,24,2,0,3,3,2021-22,Playoffs
0042100112,1610612738,Boston,Celtics,BOS,celtics,1628401,Derrick,White,D. White,derrick-white,,,9,13:06,0,0,0,0,0,3,2,6,0,0,3,3,2021-22,Playoffs
0042100112,1610612738,Boston,Celtics,BOS,celtics,1630202,Payton,Pritchard,P. Pritchard,payton-pritchard,,,11,15:31,2,0,0,4,2,5,2,6,0,0,1,0,2021-22,Playoffs
0042100112,1610612738,Boston,Celtics,BOS,celtics,1630238,Malik,Fitts,M. Fitts,malik-fitts,,DNP - Coach's Decision,8,,0,0,0,0,0,0,0,0,0,0,0,0,2021-22,Playoffs
0042100112,1610612738,Boston,Celtics,BOS,celtics,1630573,Sam,Hauser,S. Hauser,sam-hauser,,DNP - Coach's Decision,30,,0,0,0,0,0,0,0,0,0,0,0,0,2021-22,Playoffs
0042100112,1610612738,Boston,Celtics,BOS,celtics,1628436,Luke,Kornet,L. Kornet,luke-kornet,,DNP - Coach's Decision,40,,0,0,0,0,0,0,0,0,0,0,0,0,2021-22,Playoffs
0042100112,1610612738,Boston,Celtics,BOS,celtics,1629752,Juwan,Morgan,J. Morgan,juwan-morgan,,DNP - Coach's Decision,16,,0,0,0,0,0,0,0,0,0,0,0,0,2021-22,Playoffs
0042100112,1610612738,Boston,Celtics,BOS,celtics,1630174,Aaron,Nesmith,A. Nesmith,aaron-nesmith,,DNP - Coach's Decision,26,,0,0,0,0,0,0,0,0,0,0,0,0,2021-22,Playoffs
0042100112,1610612738,Boston,Celtics,BOS,celtics,203917,Nik,Stauskas,N. Stauskas,nik-stauskas,,DNP - Coach's Decision,13,,0,0,0,0,0,0,0,0,0,0,0,0,2021-22,Playoffs
0042100113,1610612738,Boston,Celtics,BOS,celtics,1628369,Jayson,Tatum,J. Tatum,jayson-tatum,F,,0,44:37,17,0,17,14,22,14,9,36,0,2,4,12,2021-22,Playoffs
0042100113,1610612738,Boston,Celtics,BOS,celtics,201143,Al,Horford,A. Horford,al-horford,F,,42,28:05,0,0,0,0,14,10,5,26,2,0,3,0,2021-22,Playoffs
0042100113,1610612738,Boston,Celtics,BOS,celtics,1628464,Daniel,Theis,D. Theis,daniel-theis,C,,27,17:18,5,0,0,4,10,4,9,14,0,0,1,1,2021-22,Playoffs
0042100113,1610612738,Boston,Celtics,BOS,celtics,1627759,Jaylen,Brown,J. Brown,jaylen-brown,G,,7,37:37,6,2,2,14,23,12,9,32,0,2,1,6,2021-22,Playoffs
0042100113,1610612738,Boston,Celtics,BOS,celtics,203935,Marcus,Smart,M. Smart,marcus-smart,G,,36,38:07,2,2,2,6,25,14,9,38,0,0,4,1,2021-22,Playoffs
0042100113,1610612738,Boston,Celtics,BOS,celtics,1629684,Grant,Williams,G. Williams,grant-williams,,,12,32:29,0,5,0,4,15,10,0,30,0,1,3,1,2021-22,Playoffs
0042100113,1610612738,Boston,Celtics,BOS,celtics,1628401,Derrick,White,D. White,derrick-white,,,9,13:46,2,0,2,2,5,2,0,16,0,0,1,0,2021-22,Playoffs
0042100113,1610612738,Boston,Celtics,BOS,celtics,1629057,Robert,Williams III,R. Williams III,robert-williams-iii,,,44,15:34,0,0,0,2,5,2,0,10,1,0,0,1,2021-22,Playoffs
0042100113,1610612738,Boston,Celtics,BOS,celtics,1630202,Payton,Pritchard,P. Pritchard,payton-pritchard,,,11,12:27,5,0,2,4,6,2,4,8,0,0,2,0,2021-22,Playoffs
0042100113,1610612738,Boston,Celtics,BOS,celtics,1630238,Malik,Fitts,M. Fitts,malik-fitts,,DNP - Coach's Decision,8,,0,0,0,0,0,0,0,0,0,0,0,0,2021-22,Playoffs
0042100113,1610612738,Boston,Celtics,BOS,celtics,1630573,Sam,Hauser,S. Hauser,sam-hauser,,DNP - Coach's Decision,30,,0,0,0,0,0,0,0,0,0,0,0,0,2021-22,Playoffs
0042100113,1610612738,Boston,Celtics,BOS,celtics,1628436,Luke,Kornet,L. Kornet,luke-kornet,,DNP - Coach's Decision,40,,0,0,0,0,0,0,0,0,0,0,0,0,2021-22,Playoffs
0042100113,1610612738,Boston,Celtics,BOS,celtics,1629752,Juwan,Morgan,J. Morgan,juwan-morgan,,DNP - Coach's Decision,16,,0,0,0,0,0,0,0,0,0,0,0,0,2021-22,Playoffs
0042100113,1610612738,Boston,Celtics,BOS,celtics,1630174,Aaron,Nesmith,A. Nesmith,aaron-nesmith,,DNP - Coach's Decision,26,,0,0,0,0,0,0,0,0,0,0,0,0,2021-22,Playoffs
0042100113,1610612738,Boston,Celtics,BOS,celtics,203917,Nik,Stauskas,N. Stauskas,nik-stauskas,,DNP - Coach's Decision,13,,0,0,0,0,0,0,0,0,0,0,0,0,2021-22,Playoffs
0042100113,1610612751,Brooklyn,Nets,BKN,nets,201142,Kevin,Durant,K. Durant,kevin-durant,F,,7,45:54,4,4,2,4,35,9,23,46,0,0,3,6,2021-22,Playoffs
0042100113,1610612751,Brooklyn,Nets,BKN,nets,1628971,Bruce,Brown,B. Brown,bruce-brown,F,,1,40:24,10,4,7,16,33,7,23,42,1,1,5,4,2021-22,Playoffs
0042100113,1610612751,Brooklyn,Nets,BKN,nets,203083,Andre,Drummond,A. Drummond,andre-drummond,C,,0,15:30,0,0,0,2,17,0,11,12,0,1,3,0,2021-22,Playoffs
0042100113,1610612751,Brooklyn,Nets,BKN,nets,203552,Seth,Curry,S. Curry,seth-curry,G,,30,34:10,5,2,0,0,27,4,16,32,0,1,4,1,2021-22,Playoffs
0042100113,1610612751,Brooklyn,Nets,BKN,nets,202681,Kyrie,Irving,K. Irving,kyrie-irving,G,,11,43:13,0,0,0,8,35,9,25,46,1,0,5,4,2021-22,Playoffs
0042100113,1610612751,Brooklyn,Nets,BKN,nets,1629651,Nic,Claxton,N. Claxton,nic-claxton,,,33,20:52,0,4,0,12,9,7,7,22,1,0,0,2,2021-22,Playoffs
0042100113,1610612751,Brooklyn,Nets,BKN,nets,201609,Goran,Dragic,G. Dragic,goran-dragic,,,9,8:53,0,0,0,0,6,2,4,12,0,0,1,0,2021-22,Playoffs
0042100113,1610612751,Brooklyn,Nets,BKN,nets,201988,Patty,Mills,P. Mills,patty-mills,,,8,23:12,6,0,0,0,14,5,11,28,1,0,0,1,2021-22,Playoffs
0042100113,1610612751,Brooklyn,Nets,BKN,nets,201933,Blake,Griffin,B. Griffin,blake-griffin,,,2,7:52,0,0,0,0,9,2,5,10,1,0,1,1,2021-22,Playoffs
0042100113,1610612751,Brooklyn,Nets,BKN,nets,200746,LaMarcus,Aldridge,L. Aldridge,lamarcus-aldridge,,DNP - Coach's Decision,21,,0,0,0,0,0,0,0,0,0,0,0,0,2021-22,Playoffs
0042100113,1610612751,Brooklyn,Nets,BKN,nets,1630556,Kessler,Edwards,K. Edwards,kessler-edwards,,DNP - Coach's Decision,14,,0,0,0,0,0,0,0,0,0,0,0,0,2021-22,Playoffs
0042100113,1610612751,Brooklyn,Nets,BKN,nets,1630549,Day'Ron,Sharpe,D. Sharpe,dayron-sharpe,,DNP - Coach's Decision,20,,0,0,0,0,0,0,0,0,0,0,0,0,2021-22,Playoffs
0042100113,1610612751,Brooklyn,Nets,BKN,nets,1630560,Cam,Thomas,C. Thomas,cam-thomas,,DNP - Coach's Decision,24,,0,0,0,0,0,0,0,0,0,0,0,0,2021-22,Playoffs
0042100114,1610612738,Boston,Celtics,BOS,celtics,1628369,Jayson,Tatum,J. Tatum,jayson-tatum,F,,0,36:22,5,0,5,4,11,10,15,24,0,1,6,6,2021-22,Playoffs
0042100114,1610612738,Boston,Celtics,BOS,celtics,201143,Al,Horford,A. Horford,al-horford,F,,42,25:54,3,2,0,4,10,16,12,14,0,0,4,1,2021-22,Playoffs
0042100114,1610612738,Boston,Celtics,BOS,celtics,1628464,Daniel,Theis,D. Theis,daniel-theis,C,,27,19:43,0,4,0,4,9,4,8,8,1,0,4,2,2021-22,Playoffs
0042100114,1610612738,Boston,Celtics,BOS,celtics,1627759,Jaylen,Brown,J. Brown,jaylen-brown,G,,7,37:56,2,0,4,14,12,16,13,22,0,2,1,5,2021-22,Playoffs
0042100114,1610612738,Boston,Celtics,BOS,celtics,203935,Marcus,Smart,M. Smart,marcus-smart,G,,36,36:47,0,8,0,8,12,13,17,24,0,3,4,5,2021-22,Playoffs
0042100114,1610612738,Boston,Celtics,BOS,celtics,1629684,Grant,Williams,G. Williams,grant-williams,,,12,33:14,2,2,0,2,13,13,9,26,3,0,3,1,2021-22,Playoffs
0042100114,1610612738,Boston,Celtics,BOS,celtics,1628401,Derrick,White,D. White,derrick-white,,,9,26:35,4,0,5,6,13,13,6,18,0,0,1,1,2021-22,Playoffs
0042100114,1610612738,Boston,Celtics,BOS,celtics,1629057,Robert,Williams III,R. Williams III,robert-williams-iii,,,44,14:08,0,1,0,2,4,3,5,16,0,1,4,2,2021-22,Playoffs
0042100114,1610612738,Boston,Celtics,BOS,celtics,1630202,Payton,Pritchard,P. Pritchard,payton-pritchard,,,11,9:21,0,0,0,0,6,2,0,8,0,0,1,0,2021-22,Playoffs
0042100114,1610612738,Boston,Celtics,BOS,celtics,1630238,Malik,Fitts,M. Fitts,malik-fitts,,DNP - Coach's Decision,8,,0,0,0,0,0,0,0,0,0,0,0,0,2021-22,Playoffs
0042100114,1610612738,Boston,Celtics,BOS,celtics,1630573,Sam,Hauser,S. Hauser,sam-hauser,,DNP - Coach's Decision,30,,0,0,0,0,0,0,0,0,0,0,0,0,2021-22,Playoffs
0042100114,1610612738,Boston,Celtics,BOS,celtics,1628436,Luke,Kornet,L. Kornet,luke-kornet,,DNP - Coach's Decision,40,,0,0,0,0,0,0,0,0,0,0,0,0,2021-22,Playoffs
0042100114,1610612738,Boston,Celtics,BOS,celtics,1629752,Juwan,Morgan,J. Morgan,juwan-morgan,,DNP - Coach's Decision,16,,0,0,0,0,0,0,0,0,0,0,0,0,2021-22,Playoffs
0042100114,1610612738,Boston,Celtics,BOS,celtics,1630174,Aaron,Nesmith,A. Nesmith,aaron-nesmith,,DNP - Coach's Decision,26,,0,0,0,0,0,0,0,0,0,0,0,0,2021-22,Playoffs
0042100114,1610612738,Boston,Celtics,BOS,celtics,203917,Nik,Stauskas,N. Stauskas,nik-stauskas,,DNP - Coach's Decision,13,,0,0,0,0,0,0,0,0,0,0,0,0,2021-22,Playoffs
0042100114,1610612751,Brooklyn,Nets,BKN,nets,201142,Kevin,Durant,K. Durant,kevin-durant,F,,7,46:39,7,4,5,6,16,17,14,44,0,2,4,10,2021-22,Playoffs
0042100114,1610612751,Brooklyn,Nets,BKN,nets,1628971,Bruce,Brown,B. Brown,bruce-brown,F,,1,23:59,2,0,0,2,9,8,5,26,0,0,3,0,2021-22,Playoffs
0042100114,1610612751,Brooklyn,Nets,BKN,nets,203083,Andre,Drummond,A. Drummond,andre-drummond,C,,0,3:36,0,0,0,0,0,0,0,4,0,0,1,0,2021-22,Playoffs
0042100114,1610612751,Brooklyn,Nets,BKN,nets,203552,Seth,Curry,S. Curry,seth-curry,G,,30,37:40,2,6,6,2,10,14,11,34,2,1,3,2,2021-22,Playoffs
0042100114,1610612751,Brooklyn,Nets,BKN,nets,202681,Kyrie,Irving,K. Irving,kyrie-irving,G,,11,44:46,3,3,4,6,16,16,12,40,2,1,1,3,2021-22,Playoffs
0042100114,1610612751,Brooklyn,Nets,BKN,nets,201988,Patty,Mills,P. Mills,patty-mills,,,8,18:57,0,0,0,0,6,8,7,18,0,0,2,0,2021-22,Playoffs
0042100114,1610612751,Brooklyn,Nets,BKN,nets,1629651,Nic,Claxton,N. Claxton,nic-claxton,,,33,23:08,2,2,0,12,8,11,7,22,3,0,2,7,2021-22,Playoffs
0042100114,1610612751,Brooklyn,Nets,BKN,nets,201609,Goran,Dragic,G. Dragic,goran-dragic,,,9,23:40,2,3,2,4,9,7,7,22,0,0,5,1,2021-22,Playoffs
0042100114,1610612751,Brooklyn,Nets,BKN,nets,201933,Blake,Griffin,B. Griffin,blake-griffin,,,2,17:35,0,0,0,0,6,4,7,10,0,0,2,5,2021-22,Playoffs
0042100114,1610612751,Brooklyn,Nets,BKN,nets,200746,LaMarcus,Aldridge,L. Aldridge,lamarcus-aldridge,,DNP - Coach's Decision,21,,0,0,0,0,0,0,0,0,0,0,0,0,2021-22,Playoffs
0042100114,1610612751,Brooklyn,Nets,BKN,nets,1630556,Kessler,Edwards,K. Edwards,kessler-edwards,,DNP - Coach's Decision,14,,0,0,0,0,0,0,0,0,0,0,0,0,2021-22,Playoffs
0042100114,1610612751,Brooklyn,Nets,BKN,nets,1630549,Day'Ron,Sharpe,D. Sharpe,dayron-sharpe,,DNP - Coach's Decision,20,,0,0,0,0,0,0,0,0,0,0,0,0,2021-22,Playoffs
0042100114,1610612751,Brooklyn,Nets,BKN,nets,1630560,Cam,Thomas,C. Thomas,cam-thomas,,DNP - Coach's Decision,24,,0,0,0,0,0,0,0,0,0,0,0,0,2021-22,Playoffs
0042100121,1610612741,Chicago,Bulls,CHI,bulls,201942,DeMar,DeRozan,D. DeRozan,demar-derozan,F,,11,42:56,2,2,0,4,14,16,8,40,0,2,3,9,2021-22,Playoffs
0042100121,1610612741,Chicago,Bulls,CHI,bulls,1630172,Patrick,Williams,P. Williams,patrick-williams,F,,44,23:11,4,0,1,2,3,8,3,18,0,0,3,2,2021-22,Playoffs
0042100121,1610612741,Chicago,Bulls,CHI,bulls,202696,Nikola,Vučević,N. Vučević,nikola-vučević,C,,9,38:38,2,4,0,12,10,11,3,28,2,0,3,4,2021-22,Playoffs
0042100121,1610612741,Chicago,Bulls,CHI,bulls,203897,Zach,LaVine,Z. LaVine,zach-lavine,G,,8,36:37,2,0,0,4,9,16,3,32,1,2,5,2,2021-22,Playoffs
0042100121,1610612741,Chicago,Bulls,CHI,bulls,1627936,Alex,Caruso,A. Caruso,alex-caruso,G,,6,32:51,0,2,0,4,8,11,3,24,0,0,5,3,2021-22,Playoffs
0042100121,1610612741,Chicago,Bulls,CHI,bulls,202684,Tristan,Thompson,T. Thompson,tristan-thompson,,,3,7:25,0,2,0,2,2,6,5,12,0,0,0,0,2021-22,Playoffs
0042100121,1610612741,Chicago,Bulls,CHI,bulls,1629632,Coby,White,C. White,coby-white,,,0,22:52,5,3,4,4,8,9,5,20,0,1,1,0,2021-22,Playoffs
0042100121,1610612741,Chicago,Bulls,CHI,bulls,1629750,Javonte,Green,J. Green,javonte-green,,,24,17:03,0,0,0,0,9,10,5,22,0,1,1,1,2021-22,Playoffs
0042100121,1610612741,Chicago,Bulls,CHI,bulls,1630245,Ayo,Dosunmu,A. Dosunmu,ayo-dosunmu,,,12,8:44,0,0,0,0,3,5,5,10,0,0,1,0,2021-22,Playoffs
0042100121,1610612741,Chicago,Bulls,CHI,bulls,1627884,Derrick,Jones Jr.,D. Jones Jr.,derrick-jones-jr,,,5,9:43,0,0,0,0,4,3,0,4,0,0,0,0,2021-22,Playoffs
0042100121,1610612741,Chicago,Bulls,CHI,bulls,1628396,Tony,Bradley,T. Bradley,tony-bradley,,DNP - Coach's Decision,13,,0,0,0,0,0,0,0,0,0,0,0,0,2021-22,Playoffs
0042100121,1610612741,Chicago,Bulls,CHI,bulls,1628972,Troy,Brown Jr.,T. Brown Jr.,troy-brown-jr,,DNP - Coach's Decision,7,,0,0,0,0,0,0,0,0,0,0,0,0,2021-22,Playoffs
0042100121,1610612741,Chicago,Bulls,CHI,bulls,1630250,Marko,Simonovic,M. Simonovic,marko-simonovic,,DNP - Coach's Decision,19,,0,0,0,0,0,0,0,0,0,0,0,0,2021-22,Playoffs
0042100121,1610612749,Milwaukee,Bucks,MIL,bucks,203114,Khris,Middleton,K. Middleton,khris-middleton,F,,22,38:39,0,0,0,2,15,9,5,30,0,0,2,3,2021-22,Playoffs
0042100121,1610612749,Milwaukee,Bucks,MIL,bucks,203507,Giannis,Antetokounmpo,G. Antetokounmpo,giannis-antetokounmpo,F,,34,33:48,6,5,8,16,4,9,1,16,2,0,5,9,2021-22,Playoffs
0042100121,1610612749,Milwaukee,Bucks,MIL,bucks,201572,Brook,Lopez,B. Lopez,brook-lopez,C,,11,32:11,2,7,0,12,10,9,3,26,2,2,4,3,2021-22,Playoffs
0042100121,1610612749,Milwaukee,Bucks,MIL,bucks,202083,Wesley,Matthews,W. Matthews,wesley-matthews,G,,23,26:52,0,0,0,0,8,7,3,18,0,0,2,2,2021-22,Playoffs
0042100121,1610612749,Milwaukee,Bucks,MIL,bucks,201950,Jrue,Holiday,J. Holiday,jrue-holiday,G,,21,39:12,2,0,0,10,11,10,4,26,0,1,3,2,2021-22,Playoffs
0042100121,1610612749,Milwaukee,Bucks,MIL,bucks,1628960,Grayson,Allen,G. Allen,grayson-allen,,,7,18:26,0,0,0,0,7,6,2,16,1,0,3,0,2021-22,Playoffs
0042100121,1610612749,Milwaukee,Bucks,MIL,bucks,1626171,Bobby,Portis,B. Portis,bobby-portis,,,9,23:21,4,7,0,2,9,8,2,14,1,0,2,3,2021-22,Playoffs
0042100121,1610612749,Milwaukee,Bucks,MIL,bucks,1626192,Pat,Connaughton,P. Connaughton,pat-connaughton,,,24,17:53,0,0,0,0,7,4,4,10,0,0,0,0,2021-22,Playoffs
0042100121,1610612749,Milwaukee,Bucks,MIL,bucks,1628975,Jevon,Carter,J. Carter,jevon-carter,,,5,9:37,0,0,0,0,4,3,1,4,0,0,0,0,2021-22,Playoffs
0042100121,1610612749,Milwaukee,Bucks,MIL,bucks,203648,Thanasis,Antetokounmpo,T. Antetokounmpo,thanasis-antetokounmpo,,DNP - Coach's Decision,43,,0,0,0,0,0,0,0,0,0,0,0,0,2021-22,Playoffs
0042100121,1610612749,Milwaukee,Bucks,MIL,bucks,201586,Serge,Ibaka,S. Ibaka,serge-ibaka,,DNP - Coach's Decision,25,,0,0,0,0,0,0,0,0,0,0,0,0,2021-22,Playoffs
0042100121,1610612749,Milwaukee,Bucks,MIL,bucks,1629730,Rayjon,Tucker,R. Tucker,rayjon-tucker,,DNP - Coach's Decision,59,,0,0,0,0,0,0,0,0,0,0,0,0,2021-22,Playoffs
0042100121,1610612749,Milwaukee,Bucks,MIL,bucks,1630492,Luca,Vildoza,L. Vildoza,luca-vildoza,,DNP - Coach's Decision,6,,0,0,0,0,0,0,0,0,0,0,0,0,2021-22,Playoffs
0042100122,1610612741,Chicago,Bulls,CHI,bulls,201942,DeMar,DeRozan,D. DeRozan,demar-derozan,F,,11,44:22,8,2,2,14,11,10,7,44,2,4,3,7,2021-22,Playoffs
0042100122,1610612741,Chicago,Bulls,CHI,bulls,1630172,Patrick,Williams,P. Williams,patrick-williams,F,,44,31:57,4,0,2,6,6,6,6,32,1,0,4,0,2021-22,Playoffs
0042100122,1610612741,Chicago,Bulls,CHI,bulls,202696,Nikola,Vučević,N. Vučević,nikola-vučević,C,,9,36:29,2,0,0,8,11,4,5,34,0,1,5,1,2021-22,Playoffs
0042100122,1610612741,Chicago,Bulls,CHI,bulls,203897,Zach,LaVine,Z. LaVine,zach-lavine,G,,8,43:07,2,2,0,6,13,8,7,44,0,0,1,4,2021-22,Playoffs
0042100122,1610612741,Chicago,Bulls,CHI,bulls,1627936,Alex,Caruso,A. Caruso,alex-caruso,G,,6,37:57,0,0,0,0,7,6,5,38,2,0,1,2,2021-22,Playoffs
0042100122,1610612741,Chicago,Bulls,CHI,bulls,202684,Tristan,Thompson,T. Thompson,tristan-thompson,,,3,7:15,0,0,0,0,0,4,2,8,0,0,1,1,2021-22,Playoffs
0042100122,1610612741,Chicago,Bulls,CHI,bulls,1629632,Coby,White,C. White,coby-white,,,0,9:35,3,0,0,0,6,4,0,6,0,1,0,1,2021-22,Playoffs
0042100122,1610612741,Chicago,Bulls,CHI,bulls,1627884,Derrick,Jones Jr.,D. Jones Jr.,derrick-jones-jr,,,5,7:38,0,0,0,0,2,4,0,6,0,0,3,0,2021-22,Playoffs
0042100122,1610612741,Chicago,Bulls,CHI,bulls,1630245,Ayo,Dosunmu,A. Dosunmu,ayo-dosunmu,,,12,7:19,0,0,0,0,2,2,0,4,0,0,1,0,2021-22,Playoffs
0042100122,1610612741,Chicago,Bulls,CHI,bulls,1629750,Javonte,Green,J. Green,javonte-green,,,24,14:21,0,0,2,2,7,2,3,14,0,0,1,1,2021-22,Playoffs
0042100122,1610612741,Chicago,Bulls,CHI,bulls,1628396,Tony,Bradley,T. Bradley,tony-bradley,,DNP - Coach's Decision,13,,0,0,0,0,0,0,0,0,0,0,0,0,2021-22,Playoffs
0042100122,1610612741,Chicago,Bulls,CHI,bulls,1628972,Troy,Brown Jr.,T. Brown Jr.,troy-brown-jr,,DNP - Coach's Decision,7,,0,0,0,0,0,0,0,0,0,0,0,0,2021-22,Playoffs
0042100122,1610612741,Chicago,Bulls,CHI,bulls,1630250,Marko,Simonovic,M. Simonovic,marko-simonovic,,DNP - Coach's Decision,19,,0,0,0,0,0,0,0,0,0,0,0,0,2021-22,Playoffs
0042100122,1610612749,Milwaukee,Bucks,MIL,bucks,203114,Khris,Middleton,K. Middleton,khris-middleton,F,,22,32:50,6,3,0,2,17,2,6,26,0,1,4,1,2021-22,Playoffs
0042100122,1610612749,Milwaukee,Bucks,MIL,bucks,203507,Giannis,Antetokounmpo,G. Antetokounmpo,giannis-antetokounmpo,F,,34,40:15,3,4,4,22,14,4,6,34,2,3,3,11,2021-22,Playoffs
0042100122,1610612749,Milwaukee,Bucks,MIL,bucks,201572,Brook,Lopez,B. Lopez,brook-lopez,C,,11,35:12,0,0,0,12,17,4,6,30,1,1,1,3,2021-22,Playoffs
0042100122,1610612749,Milwaukee,Bucks,MIL,bucks,202083,Wesley,Matthews,W. Matthews,wesley-matthews,G,,23,34:02,0,0,3,2,12,2,4,28,2,0,3,2,2021-22,Playoffs
0042100122,1610612749,Milwaukee,Bucks,MIL,bucks,201950,Jrue,Holiday,J. Holiday,jrue-holiday,G,,21,37:54,3,0,0,8,17,2,4,28,1,0,3,1,2021-22,Playoffs
0042100122,1610612749,Milwaukee,Bucks,MIL,bucks,1628960,Grayson,Allen,G. Allen,grayson-allen,,,7,21:28,1,1,0,0,7,0,0,8,0,0,2,1,2021-22,Playoffs
0042100122,1610612749,Milwaukee,Bucks,MIL,bucks,1626171,Bobby,Portis,B. Portis,bobby-portis,,,9,5:50,0,2,0,0,3,0,0,2,0,0,0,1,2021-22,Playoffs
0042100122,1610612749,Milwaukee,Bucks,MIL,bucks,1628975,Jevon,Carter,J. Carter,jevon-carter,,,5,9:18,0,0,0,0,2,2,2,8,0,0,1,0,2021-22,Playoffs
0042100122,1610612749,Milwaukee,Bucks,MIL,bucks,1626192,Pat,Connaughton,P. Connaughton,pat-connaughton,,,24,22:33,0,0,0,0,4,4,2,16,0,0,0,0,2021-22,Playoffs
0042100122,1610612749,Milwaukee,Bucks,MIL,bucks,201586,Serge,Ibaka,S. Ibaka,serge-ibaka,,,25,0:38,0,0,0,0,2,0,0,0,0,0,0,0,2021-22,Playoffs
0042100122,1610612749,Milwaukee,Bucks,MIL,bucks,203648,Thanasis,Antetokounmpo,T. Antetokounmpo,thanasis-antetokounmpo,,DNP - Coach's Decision,43,,0,0,0,0,0,0,0,0,0,0,0,0,2021-22,Playoffs
0042100122,1610612749,Milwaukee,Bucks,MIL,bucks,1629670,Jordan,Nwora,J. Nwora,jordan-nwora,,DNP - Coach's Decision,13,,0,0,0,0,0,0,0,0,0,0,0,0,2021-22,Playoffs
0042100122,1610612749,Milwaukee,Bucks,MIL,bucks,1629730,Rayjon,Tucker,R. Tucker,rayjon-tucker,,DNP - Coach's Decision,59,,0,0,0,0,0,0,0,0,0,0,0,0,2021-22,Playoffs
0042100122,1610612749,Milwaukee,Bucks,MIL,bucks,1630492,Luca,Vildoza,L. Vildoza,luca-vildoza,,DNP - Coach's Decision,6,,0,0,0,0,0,0,0,0,0,0,0,0,2021-22,Playoffs
0042100123,1610612749,Milwaukee,Bucks,MIL,bucks,1626171,Bobby,Portis,B. Portis,bobby-portis,F,,9,25:28,0,2,3,2,3,4,0,8,0,1,2,0,2021-22,Playoffs
0042100123,1610612749,Milwaukee,Bucks,MIL,bucks,203507,Giannis,Antetokounmpo,G. Antetokounmpo,giannis-antetokounmpo,F,,34,29:01,4,0,4,10,0,4,0,10,1,0,3,4,2021-22,Playoffs
0042100123,1610612749,Milwaukee,Bucks,MIL,bucks,201572,Brook,Lopez,B. Lopez,brook-lopez,C,,11,25:24,0,0,0,6,5,0,0,10,2,0,1,1,2021-22,Playoffs
0042100123,1610612749,Milwaukee,Bucks,MIL,bucks,202083,Wesley,Matthews,W. Matthews,wesley-matthews,G,,23,24:47,3,0,0,0,2,2,0,10,0,0,3,0,2021-22,Playoffs
0042100123,1610612749,Milwaukee,Bucks,MIL,bucks,201950,Jrue,Holiday,J. Holiday,jrue-holiday,G,,21,29:56,2,2,2,10,5,0,0,12,1,0,0,3,2021-22,Playoffs
0042100123,1610612749,Milwaukee,Bucks,MIL,bucks,1628960,Grayson,Allen,G. Allen,grayson-allen,,,7,24:50,3,0,2,6,5,2,0,14,1,1,0,2,2021-22,Playoffs
0042100123,1610612749,Milwaukee,Bucks,MIL,bucks,1628975,Jevon,Carter,J. Carter,jevon-carter,,,5,17:44,0,0,0,0,0,4,0,6,0,0,2,0,2021-22,Playoffs
0042100123,1610612749,Milwaukee,Bucks,MIL,bucks,1626192,Pat,Connaughton,P. Connaughton,pat-connaughton,,,24,20:49,0,3,0,2,5,4,0,10,1,0,0,3,2021-22,Playoffs
0042100123,1610612749,Milwaukee,Bucks,MIL,bucks,201586,Serge,Ibaka,S. Ibaka,serge-ibaka,,,25,8:39,0,4,0,4,2,2,5,14,0,0,0,1,2021-22,Playoffs
0042100123,1610612749,Milwaukee,Bucks,MIL,bucks,203648,Thanasis,Antetokounmpo,T. Antetokounmpo,thanasis-antetokounmpo,,,43,8:39,2,0,2,4,2,2,5,14,0,0,3,1,2021-22,Playoffs
0042100123,1610612749,Milwaukee,Bucks,MIL,bucks,1629670,Jordan,Nwora,J. Nwora,jordan-nwora,,,13,8:39,2,0,2,2,2,2,5,14,0,0,0,0,2021-22,Playoffs
0042100123,1610612749,Milwaukee,Bucks,MIL,bucks,1629730,Rayjon,Tucker,R. Tucker,rayjon-tucker,,,59,8:02,0,0,0,0,2,2,5,14,0,0,0,0,2021-22,Playoffs
0042100123,1610612749,Milwaukee,Bucks,MIL,bucks,1630492,Luca,Vildoza,L. Vildoza,luca-vildoza,,,6,8:02,0,0,0,0,2,2,5,14,0,0,1,0,2021-22,Playoffs
0042100123,1610612741,Chicago,Bulls,CHI,bulls,201942,DeMar,DeRozan,D. DeRozan,demar-derozan,F,,11,32:11,0,0,0,4,10,4,9,28,0,1,2,6,2021-22,Playoffs
0042100123,1610612741,Chicago,Bulls,CHI,bulls,1630172,Patrick,Williams,P. Williams,patrick-williams,F,,44,30:29,0,0,1,0,8,4,13,36,1,1,2,4,2021-22,Playoffs
0042100123,1610612741,Chicago,Bulls,CHI,bulls,202696,Nikola,Vučević,N. Vučević,nikola-vučević,C,,9,30:21,3,0,0,4,9,7,11,30,1,1,0,0,2021-22,Playoffs
0042100123,1610612741,Chicago,Bulls,CHI,bulls,203897,Zach,LaVine,Z. LaVine,zach-lavine,G,,8,30:54,2,0,0,6,9,7,9,26,0,1,2,2,2021-22,Playoffs
0042100123,1610612741,Chicago,Bulls,CHI,bulls,1627936,Alex,Caruso,A. Caruso,alex-caruso,G,,6,25:40,0,0,0,0,12,7,11,24,0,1,3,1,2021-22,Playoffs
0042100123,1610612741,Chicago,Bulls,CHI,bulls,1629632,Coby,White,C. White,coby-white,,,0,21:08,0,2,0,0,7,5,8,20,0,0,2,2,2021-22,Playoffs
0042100123,1610612741,Chicago,Bulls,CHI,bulls,1627884,Derrick,Jones Jr.,D. Jones Jr.,derrick-jones-jr,,,5,14:10,0,2,0,2,6,4,0,8,0,0,1,0,2021-22,Playoffs
0042100123,1610612741,Chicago,Bulls,CHI,bulls,202684,Tristan,Thompson,T. Thompson,tristan-thompson,,,3,11:32,0,0,0,2,3,0,2,8,0,1,1,0,2021-22,Playoffs
0042100123,1610612741,Chicago,Bulls,CHI,bulls,1629750,Javonte,Green,J. Green,javonte-green,,,24,7:40,0,0,0,0,4,5,2,6,0,0,0,0,2021-22,Playoffs
0042100123,1610612741,Chicago,Bulls,CHI,bulls,1630245,Ayo,Dosunmu,A. Dosunmu,ayo-dosunmu,,,12,17:48,0,2,0,2,4,4,4,22,0,0,1,0,2021-22,Playoffs
0042100123,1610612741,Chicago,Bulls,CHI,bulls,1628972,Troy,Brown Jr.,T. Brown Jr.,troy-brown-jr,,,7,12:00,0,0,0,2,4,4,4,14,0,0,1,0,2021-22,Playoffs
0042100123,1610612741,Chicago,Bulls,CHI,bulls,1628396,Tony,Bradley,T. Bradley,tony-bradley,,,13,6:07,2,0,4,8,4,4,2,8,0,0,0,0,2021-22,Playoffs
0042100123,1610612741,Chicago,Bulls,CHI,bulls,1630250,Marko,Simonovic,M. Simonovic,marko-simonovic,,DNP - Coach's Decision,19,,0,0,0,0,0,0,0,0,0,0,0,0,2021-22,Playoffs
0042100124,1610612749,Milwaukee,Bucks,MIL,bucks,1626171,Bobby,Portis,B. Portis,bobby-portis,F,,9,32:42,2,3,2,6,13,2,8,20,0,0,1,1,2021-22,Playoffs
0042100124,1610612749,Milwaukee,Bucks,MIL,bucks,203507,Giannis,Antetokounmpo,G. Antetokounmpo,giannis-antetokounmpo,F,,34,34:49,2,4,4,20,8,2,10,28,2,3,4,9,2021-22,Playoffs
0042100124,1610612749,Milwaukee,Bucks,MIL,bucks,201572,Brook,Lopez,B. Lopez,brook-lopez,C,,11,21:47,0,0,0,2,4,2,4,6,1,0,5,1,2021-22,Playoffs
0042100124,1610612749,Milwaukee,Bucks,MIL,bucks,202083,Wesley,Matthews,W. Matthews,wesley-matthews,G,,23,26:17,0,0,0,0,4,4,8,22,0,0,3,1,2021-22,Playoffs
0042100124,1610612749,Milwaukee,Bucks,MIL,bucks,201950,Jrue,Holiday,J. Holiday,jrue-holiday,G,,21,36:57,0,0,5,2,11,0,8,18,0,0,4,2,2021-22,Playoffs
0042100124,1610612749,Milwaukee,Bucks,MIL,bucks,1628975,Jevon,Carter,J. Carter,jevon-carter,,,5,21:11,3,0,0,0,7,7,4,20,0,0,4,0,2021-22,Playoffs
0042100124,1610612749,Milwaukee,Bucks,MIL,bucks,1628960,Grayson,Allen,G. Allen,grayson-allen,,,7,28:24,2,0,5,8,11,4,4,24,0,0,0,2,2021-22,Playoffs
0042100124,1610612749,Milwaukee,Bucks,MIL,bucks,1626192,Pat,Connaughton,P. Connaughton,pat-connaughton,,,24,28:03,3,0,3,2,11,5,8,30,1,0,1,1,2021-22,Playoffs
0042100124,1610612749,Milwaukee,Bucks,MIL,bucks,203648,Thanasis,Antetokounmpo,T. Antetokounmpo,thanasis-antetokounmpo,,,43,2:47,0,0,0,0,2,3,2,4,0,0,0,0,2021-22,Playoffs
0042100124,1610612749,Milwaukee,Bucks,MIL,bucks,201586,Serge,Ibaka,S. Ibaka,serge-ibaka,,,25,2:47,0,0,0,4,2,3,2,4,0,0,1,1,2021-22,Playoffs
0042100124,1610612749,Milwaukee,Bucks,MIL,bucks,1629670,Jordan,Nwora,J. Nwora,jordan-nwora,,,13,2:24,0,0,0,0,2,3,2,4,0,0,0,0,2021-22,Playoffs
0042100124,1610612749,Milwaukee,Bucks,MIL,bucks,1629730,Rayjon,Tucker,R. Tucker,rayjon-tucker,,,59,1:53,0,0,0,0,0,0,0,0,0,0,0,0,2021-22,Playoffs
0042100124,1610612741,Chicago,Bulls,CHI,bulls,201942,DeMar,DeRozan,D. DeRozan,demar-derozan,F,,11,40:53,4,0,2,6,12,7,19,38,0,0,2,10,2021-22,Playoffs
0042100124,1610612741,Chicago,Bulls,CHI,bulls,1630172,Patrick,Williams,P. Williams,patrick-williams,F,,44,32:40,2,5,2,6,7,7,14,30,0,1,4,3,2021-22,Playoffs
0042100124,1610612741,Chicago,Bulls,CHI,bulls,202696,Nikola,Vučević,N. Vučević,nikola-vučević,C,,9,38:20,2,0,0,6,5,7,15,30,1,0,1,1,2021-22,Playoffs
0042100124,1610612741,Chicago,Bulls,CHI,bulls,203897,Zach,LaVine,Z. LaVine,zach-lavine,G,,8,41:56,7,0,4,10,9,7,16,36,0,2,1,6,2021-22,Playoffs
0042100124,1610612741,Chicago,Bulls,CHI,bulls,1627936,Alex,Caruso,A. Caruso,alex-caruso,G,,6,16:58,0,0,0,0,5,0,7,12,2,0,2,2,2021-22,Playoffs
0042100124,1610612741,Chicago,Bulls,CHI,bulls,1629632,Coby,White,C. White,coby-white,,,0,12:59,0,0,0,2,4,2,4,14,0,0,2,0,2021-22,Playoffs
0042100124,1610612741,Chicago,Bulls,CHI,bulls,202684,Tristan,Thompson,T. Thompson,tristan-thompson,,,3,5:17,0,0,0,0,7,0,4,8,0,0,2,0,2021-22,Playoffs
0042100124,1610612741,Chicago,Bulls,CHI,bulls,1627884,Derrick,Jones Jr.,D. Jones Jr.,derrick-jones-jr,,,5,13:46,0,0,2,2,5,0,3,12,0,1,0,1,2021-22,Playoffs
0042100124,1610612741,Chicago,Bulls,CHI,bulls,1630245,Ayo,Dosunmu,A. Dosunmu,ayo-dosunmu,,,12,29:21,0,0,2,2,6,5,11,28,0,0,1,0,2021-22,Playoffs
0042100124,1610612741,Chicago,Bulls,CHI,bulls,1629750,Javonte,Green,J. Green,javonte-green,,,24,5:57,0,2,0,2,0,0,2,8,0,0,3,0,2021-22,Playoffs
0042100124,1610612741,Chicago,Bulls,CHI,bulls,1628972,Troy,Brown Jr.,T. Brown Jr.,troy-brown-jr,,,7,1:53,0,0,0,0,0,0,0,4,0,0,0,0,2021-22,Playoffs
0042100124,1610612741,Chicago,Bulls,CHI,bulls,1628396,Tony,Bradley,T. Bradley,tony-bradley,,DNP - Coach's Decision,13,,0,0,0,0,0,0,0,0,0,0,0,0,2021-22,Playoffs
0042100124,1610612741,Chicago,Bulls,CHI,bulls,1630250,Marko,Simonovic,M. Simonovic,marko-simonovic,,DNP - Coach's Decision,19,,0,0,0,0,0,0,0,0,0,0,0,0,2021-22,Playoffs
0042100125,1610612741,Chicago,Bulls,CHI,bulls,1629750,Javonte,Green,J. Green,javonte-green,F,,24,26:37,2,0,2,2,13,6,9,30,0,0,3,2,2021-22,Playoffs
0042100125,1610612741,Chicago,Bulls,CHI,bulls,1630172,Patrick,Williams,P. Williams,patrick-williams,F,,44,34:31,0,2,1,6,26,6,18,46,1,0,2,2,2021-22,Playoffs
0042100125,1610612741,Chicago,Bulls,CHI,bulls,202696,Nikola,Vučević,N. Vučević,nikola-vučević,C,,9,36:58,0,2,2,8,26,8,14,48,2,0,5,0,2021-22,Playoffs
0042100125,1610612741,Chicago,Bulls,CHI,bulls,201942,DeMar,DeRozan,D. DeRozan,demar-derozan,G,,11,42:57,4,0,0,4,22,10,18,48,0,1,2,2,2021-22,Playoffs
0042100125,1610612741,Chicago,Bulls,CHI,bulls,1630245,Ayo,Dosunmu,A. Dosunmu,ayo-dosunmu,G,,12,22:29,0,0,3,2,13,6,7,26,0,0,1,1,2021-22,Playoffs
0042100125,1610612741,Chicago,Bulls,CHI,bulls,1629632,Coby,White,C. White,coby-white,,,0,31:33,3,3,3,2,17,4,11,34,0,0,0,3,2021-22,Playoffs
0042100125,1610612741,Chicago,Bulls,CHI,bulls,1628972,Troy,Brown Jr.,T. Brown Jr.,troy-brown-jr,,,7,22:40,2,0,2,2,8,6,7,24,0,0,1,0,2021-22,Playoffs
0042100125,1610612741,Chicago,Bulls,CHI,bulls,1627884,Derrick,Jones Jr.,D. Jones Jr.,derrick-jones-jr,,,5,13:51,1,0,0,4,5,2,6,10,0,1,4,2,2021-22,Playoffs
0042100125,1610612741,Chicago,Bulls,CHI,bulls,202684,Tristan,Thompson,T. Thompson,tristan-thompson,,,3,6:44,0,0,0,0,0,2,0,4,0,0,0,1,2021-22,Playoffs
0042100125,1610612741,Chicago,Bulls,CHI,bulls,1628396,Tony,Bradley,T. Bradley,tony-bradley,,,13,1:40,0,0,0,0,0,0,0,0,0,0,0,0,2021-22,Playoffs
0042100125,1610612741,Chicago,Bulls,CHI,bulls,1630250,Marko,Simonovic,M. Simonovic,marko-simonovic,,DNP - Coach's Decision,19,,0,0,0,0,0,0,0,0,0,0,0,0,2021-22,Playoffs
0042100125,1610612741,Chicago,Bulls,CHI,bulls,1629744,Matt,Thomas,M. Thomas,matt-thomas,,DND - Injury/Illness,21,,0,0,0,0,0,0,0,0,0,0,0,0,2021-22,Playoffs
0042100125,1610612749,Milwaukee,Bucks,MIL,bucks,1626171,Bobby,Portis,B. Portis,bobby-portis,F,,9,31:44,3,0,3,8,5,5,8,18,0,0,2,0,2021-22,Playoffs
0042100125,1610612749,Milwaukee,Bucks,MIL,bucks,203507,Giannis,Antetokounmpo,G. Antetokounmpo,giannis-antetokounmpo,F,,34,30:07,10,4,9,22,8,2,9,22,0,1,1,11,2021-22,Playoffs
0042100125,1610612749,Milwaukee,Bucks,MIL,bucks,201572,Brook,Lopez,B. Lopez,brook-lopez,C,,11,29:18,0,4,0,8,6,3,8,14,2,1,3,3,2021-22,Playoffs
0042100125,1610612749,Milwaukee,Bucks,MIL,bucks,202083,Wesley,Matthews,W. Matthews,wesley-matthews,G,,23,27:15,2,0,2,2,8,2,12,18,0,1,1,1,2021-22,Playoffs
0042100125,1610612749,Milwaukee,Bucks,MIL,bucks,201950,Jrue,Holiday,J. Holiday,jrue-holiday,G,,21,35:59,2,2,0,6,8,5,8,20,0,0,0,2,2021-22,Playoffs
0042100125,1610612749,Milwaukee,Bucks,MIL,bucks,1628960,Grayson,Allen,G. Allen,grayson-allen,,,7,27:16,2,0,2,4,8,5,3,16,0,0,2,0,2021-22,Playoffs
0042100125,1610612749,Milwaukee,Bucks,MIL,bucks,1626192,Pat,Connaughton,P. Connaughton,pat-connaughton,,,24,23:21,3,0,0,2,7,3,4,14,0,0,1,1,2021-22,Playoffs
0042100125,1610612749,Milwaukee,Bucks,MIL,bucks,1628975,Jevon,Carter,J. Carter,jevon-carter,,,5,21:20,4,0,2,2,6,0,4,14,0,0,2,0,2021-22,Playoffs
0042100125,1610612749,Milwaukee,Bucks,MIL,bucks,203648,Thanasis,Antetokounmpo,T. Antetokounmpo,thanasis-antetokounmpo,,,43,1:42,0,0,0,0,0,2,1,2,0,0,0,0,2021-22,Playoffs
0042100125,1610612749,Milwaukee,Bucks,MIL,bucks,201586,Serge,Ibaka,S. Ibaka,serge-ibaka,,,25,6:58,0,0,0,0,4,2,5,6,0,0,0,0,2021-22,Playoffs
0042100125,1610612749,Milwaukee,Bucks,MIL,bucks,1629730,Rayjon,Tucker,R. Tucker,rayjon-tucker,,,59,1:40,0,0,0,0,0,2,1,2,0,0,0,0,2021-22,Playoffs
0042100125,1610612749,Milwaukee,Bucks,MIL,bucks,1629670,Jordan,Nwora,J. Nwora,jordan-nwora,,,13,1:40,0,0,0,0,0,2,1,2,0,0,0,0,2021-22,Playoffs
0042100125,1610612749,Milwaukee,Bucks,MIL,bucks,1630492,Luca,Vildoza,L. Vildoza,luca-vildoza,,,6,1:40,0,0,0,0,0,2,1,2,0,0,1,0,2021-22,Playoffs
0042100131,1610612761,Toronto,Raptors,TOR,raptors,1628384,OG,Anunoby,O. Anunoby,og-anunoby,F,,3,32:30,0,2,4,14,7,10,23,34,0,1,2,0,2021-22,Playoffs
0042100131,1610612761,Toronto,Raptors,TOR,raptors,1627783,Pascal,Siakam,P. Siakam,pascal-siakam,F,,43,39:41,0,0,5,12,9,15,27,40,3,2,4,7,2021-22,Playoffs
0042100131,1610612761,Toronto,Raptors,TOR,raptors,1630567,Scottie,Barnes,S. Barnes,scottie-barnes,C,,4,31:34,2,0,0,6,11,15,21,34,1,0,1,5,2021-22,Playoffs
0042100131,1610612761,Toronto,Raptors,TOR,raptors,1629018,Gary,Trent Jr.,G. Trent Jr.,gary-trent-jr,G,,33,26:18,0,0,0,0,6,14,21,28,1,0,2,2,2021-22,Playoffs
0042100131,1610612761,Toronto,Raptors,TOR,raptors,1627832,Fred,VanVleet,F. VanVleet,fred-vanvleet,G,,23,36:04,0,3,0,4,11,17,22,40,2,1,6,0,2021-22,Playoffs
0042100131,1610612761,Toronto,Raptors,TOR,raptors,203920,Khem,Birch,K. Birch,khem-birch,,,24,8:16,0,0,0,4,2,2,4,6,0,0,2,0,2021-22,Playoffs
0042100131,1610612761,Toronto,Raptors,TOR,raptors,1630173,Precious,Achiuwa,P. Achiuwa,precious-achiuwa,,,5,28:36,0,0,0,2,7,8,16,28,1,0,1,2,2021-22,Playoffs
0042100131,1610612761,Toronto,Raptors,TOR,raptors,1628449,Chris,Boucher,C. Boucher,chris-boucher,,,25,14:57,0,2,0,4,0,2,7,12,0,0,6,0,2021-22,Playoffs
0042100131,1610612761,Toronto,Raptors,TOR,raptors,201152,Thaddeus,Young,T. Young,thaddeus-young,,,21,5:33,0,0,0,0,2,2,2,6,0,0,1,0,2021-22,Playoffs
0042100131,1610612761,Toronto,Raptors,TOR,raptors,1629139,Yuta,Watanabe,Y. Watanabe,yuta-watanabe,,,18,5:27,0,0,0,2,0,0,2,6,0,0,0,0,2021-22,Playoffs
0042100131,1610612761,Toronto,Raptors,TOR,raptors,1630201,Malachi,Flynn,M. Flynn,malachi-flynn,,,22,2:46,0,0,0,0,0,0,0,4,0,0,0,0,2021-22,Playoffs
0042100131,1610612761,Toronto,Raptors,TOR,raptors,1630625,Dalano,Banton,D. Banton,dalano-banton,,,45,2:46,0,0,1,0,0,0,0,4,0,0,0,1,2021-22,Playoffs
0042100131,1610612761,Toronto,Raptors,TOR,raptors,1629717,Armoni,Brooks,A. Brooks,armoni-brooks,,,1,2:46,0,0,0,0,0,0,0,4,0,0,0,0,2021-22,Playoffs
0042100131,1610612761,Toronto,Raptors,TOR,raptors,1629067,Isaac,Bonga,I. Bonga,isaac-bonga,,,17,2:46,2,0,0,0,0,0,0,4,0,0,1,1,2021-22,Playoffs
0042100131,1610612761,Toronto,Raptors,TOR,raptors,1629004,Svi,Mykhailiuk,S. Mykhailiuk,svi-mykhailiuk,,DNP - Coach's Decision,14,,0,0,0,0,0,0,0,0,0,0,0,0,2021-22,Playoffs
0042100131,1610612755,Philadelphia,76ers,PHI,sixers,201980,Danny,Green,D. Green,danny-green,F,,14,22:24,0,2,0,2,2,3,3,22,0,0,2,0,2021-22,Playoffs
0042100131,1610612755,Philadelphia,76ers,PHI,sixers,202699,Tobias,Harris,T. Harris,tobias-harris,F,,12,37:04,2,2,2,8,2,7,6,42,1,1,2,3,2021-22,Playoffs
0042100131,1610612755,Philadelphia,76ers,PHI,sixers,203954,Joel,Embiid,J. Embiid,joel-embiid,C,,21,37:09,0,2,9,10,2,7,7,42,1,1,5,10,2021-22,Playoffs
0042100131,1610612755,Philadelphia,76ers,PHI,sixers,1630178,Tyrese,Maxey,T. Maxey,tyrese-maxey,G,,0,38:26,4,3,11,18,2,5,8,36,0,0,0,5,2021-22,Playoffs
0042100131,1610612755,Philadelphia,76ers,PHI,sixers,201935,James,Harden,J. Harden,james-harden,G,,1,40:08,2,5,2,4,2,7,9,42,1,5,0,4,2021-22,Playoffs
0042100131,1610612755,Philadelphia,76ers,PHI,sixers,1629680,Matisse,Thybulle,M. Thybulle,matisse-thybulle,,,22,18:49,3,3,0,0,0,2,7,20,0,0,3,1,2021-22,Playoffs
0042100131,1610612755,Philadelphia,76ers,PHI,sixers,1627777,Georges,Niang,G. Niang,georges-niang,,,20,16:20,0,0,3,2,2,2,3,12,0,1,2,0,2021-22,Playoffs
0042100131,1610612755,Philadelphia,76ers,PHI,sixers,1629003,Shake,Milton,S. Milton,shake-milton,,,18,14:08,0,0,2,4,2,2,3,14,0,0,0,2,2021-22,Playoffs
0042100131,1610612755,Philadelphia,76ers,PHI,sixers,1630194,Paul,Reed,P. Reed,paul-reed,,,44,10:51,0,0,0,2,2,0,3,6,1,0,4,1,2021-22,Playoffs
0042100131,1610612755,Philadelphia,76ers,PHI,sixers,1627788,Furkan,Korkmaz,F. Korkmaz,furkan-korkmaz,,,30,2:46,0,0,0,0,2,0,1,2,0,0,0,0,2021-22,Playoffs
0042100131,1610612755,Philadelphia,76ers,PHI,sixers,1630198,Isaiah,Joe,I. Joe,isaiah-joe,,,7,1:55,0,0,0,0,2,0,0,2,0,0,0,0,2021-22,Playoffs
0042100131,1610612755,Philadelphia,76ers,PHI,sixers,1629646,Charles,Bassey,C. Bassey,charles-bassey,,DNP - Coach's Decision,23,,0,0,0,0,0,0,0,0,0,0,0,0,2021-22,Playoffs
0042100131,1610612755,Philadelphia,76ers,PHI,sixers,201599,DeAndre,Jordan,D. Jordan,deandre-jordan,,DNP - Coach's Decision,9,,0,0,0,0,0,0,0,0,0,0,0,0,2021-22,Playoffs
0042100131,1610612755,Philadelphia,76ers,PHI,sixers,200794,Paul,Millsap,P. Millsap,paul-millsap,,DNP - Coach's Decision,8,,0,0,0,0,0,0,0,0,0,0,0,0,2021-22,Playoffs
0042100132,1610612761,Toronto,Raptors,TOR,raptors,1628384,OG,Anunoby,O. Anunoby,og-anunoby,F,,3,38:26,8,3,2,8,12,12,19,28,0,1,4,2,2021-22,Playoffs
0042100132,1610612761,Toronto,Raptors,TOR,raptors,1627783,Pascal,Siakam,P. Siakam,pascal-siakam,F,,43,40:59,4,2,2,12,15,9,19,34,0,2,5,7,2021-22,Playoffs
0042100132,1610612761,Toronto,Raptors,TOR,raptors,1630173,Precious,Achiuwa,P. Achiuwa,precious-achiuwa,C,,5,28:59,0,0,0,6,10,6,14,32,0,2,3,3,2021-22,Playoffs
0042100132,1610612761,Toronto,Raptors,TOR,raptors,1629018,Gary,Trent Jr.,G. Trent Jr.,gary-trent-jr,G,,33,9:44,0,0,0,0,6,0,3,10,0,1,4,0,2021-22,Playoffs
0042100132,1610612761,Toronto,Raptors,TOR,raptors,1627832,Fred,VanVleet,F. VanVleet,fred-vanvleet,G,,23,43:50,5,2,6,4,15,9,20,34,2,2,1,2,2021-22,Playoffs
0042100132,1610612761,Toronto,Raptors,TOR,raptors,1628449,Chris,Boucher,C. Boucher,chris-boucher,,,25,29:50,0,8,0,14,10,9,17,20,2,2,1,3,2021-22,Playoffs
0042100132,1610612761,Toronto,Raptors,TOR,raptors,1630201,Malachi,Flynn,M. Flynn,malachi-flynn,,,22,21:10,0,0,0,0,8,6,10,8,0,1,4,1,2021-22,Playoffs
0042100132,1610612761,Toronto,Raptors,TOR,raptors,203920,Khem,Birch,K. Birch,khem-birch,,,24,19:01,0,0,0,2,8,6,8,4,0,1,2,0,2021-22,Playoffs
0042100132,1610612761,Toronto,Raptors,TOR,raptors,201152,Thaddeus,Young,T. Young,thaddeus-young,,,21,8:01,0,0,0,2,6,3,0,10,0,0,0,0,2021-22,Playoffs
0042100132,1610612761,Toronto,Raptors,TOR,raptors,1630625,Dalano,Banton,D. Banton,dalano-banton,,DNP - Coach's Decision,45,,0,0,0,0,0,0,0,0,0,0,0,0,2021-22,Playoffs
0042100132,1610612761,Toronto,Raptors,TOR,raptors,1629067,Isaac,Bonga,I. Bonga,isaac-bonga,,DNP - Coach's Decision,17,,0,0,0,0,0,0,0,0,0,0,0,0,2021-22,Playoffs
0042100132,1610612761,Toronto,Raptors,TOR,raptors,1629717,Armoni,Brooks,A. Brooks,armoni-brooks,,DNP - Coach's Decision,1,,0,0,0,0,0,0,0,0,0,0,0,0,2021-22,Playoffs
0042100132,1610612761,Toronto,Raptors,TOR,raptors,1629004,Svi,Mykhailiuk,S. Mykhailiuk,svi-mykhailiuk,,DNP - Coach's Decision,14,,0,0,0,0,0,0,0,0,0,0,0,0,2021-22,Playoffs
0042100132,1610612761,Toronto,Raptors,TOR,raptors,1629139,Yuta,Watanabe,Y. Watanabe,yuta-watanabe,,DNP - Coach's Decision,18,,0,0,0,0,0,0,0,0,0,0,0,0,2021-22,Playoffs
0042100132,1610612755,Philadelphia,76ers,PHI,sixers,201980,Danny,Green,D. Green,danny-green,F,,14,37:32,0,0,3,2,10,9,8,32,2,1,2,1,2021-22,Playoffs
0042100132,1610612755,Philadelphia,76ers,PHI,sixers,202699,Tobias,Harris,T. Harris,tobias-harris,F,,12,38:58,2,0,3,6,10,9,7,32,3,0,3,4,2021-22,Playoffs
0042100132,1610612755,Philadelphia,76ers,PHI,sixers,203954,Joel,Embiid,J. Embiid,joel-embiid,C,,21,37:14,4,7,5,12,12,11,8,34,0,1,2,10,2021-22,Playoffs
0042100132,1610612755,Philadelphia,76ers,PHI,sixers,1630178,Tyrese,Maxey,T. Maxey,tyrese-maxey,G,,0,41:03,10,2,7,8,14,11,9,38,1,0,2,2,2021-22,Playoffs
0042100132,1610612755,Philadelphia,76ers,PHI,sixers,201935,James,Harden,J. Harden,james-harden,G,,1,41:19,2,0,2,4,13,11,8,38,2,0,2,5,2021-22,Playoffs
0042100132,1610612755,Philadelphia,76ers,PHI,sixers,1629680,Matisse,Thybulle,M. Thybulle,matisse-thybulle,,,22,10:28,0,0,2,2,7,6,2,16,3,0,1,0,2021-22,Playoffs
0042100132,1610612755,Philadelphia,76ers,PHI,sixers,1627777,Georges,Niang,G. Niang,georges-niang,,,20,9:02,0,0,0,2,7,6,3,16,0,0,4,0,2021-22,Playoffs
0042100132,1610612755,Philadelphia,76ers,PHI,sixers,1629003,Shake,Milton,S. Milton,shake-milton,,,18,13:38,0,3,0,0,7,8,3,20,1,1,0,1,2021-22,Playoffs
0042100132,1610612755,Philadelphia,76ers,PHI,sixers,1630194,Paul,Reed,P. Reed,paul-reed,,,44,10:46,0,0,0,0,5,4,2,14,0,1,2,1,2021-22,Playoffs
0042100132,1610612755,Philadelphia,76ers,PHI,sixers,1630198,Isaiah,Joe,I. Joe,isaiah-joe,,DNP - Coach's Decision,7,,0,0,0,0,0,0,0,0,0,0,0,0,2021-22,Playoffs
0042100132,1610612755,Philadelphia,76ers,PHI,sixers,201599,DeAndre,Jordan,D. Jordan,deandre-jordan,,DNP - Coach's Decision,9,,0,0,0,0,0,0,0,0,0,0,0,0,2021-22,Playoffs
0042100132,1610612755,Philadelphia,76ers,PHI,sixers,1627788,Furkan,Korkmaz,F. Korkmaz,furkan-korkmaz,,DNP - Coach's Decision,30,,0,0,0,0,0,0,0,0,0,0,0,0,2021-22,Playoffs
0042100132,1610612755,Philadelphia,76ers,PHI,sixers,200794,Paul,Millsap,P. Millsap,paul-millsap,,DNP - Coach's Decision,8,,0,0,0,0,0,0,0,0,0,0,0,0,2021-22,Playoffs
0042100132,1610612755,Philadelphia,76ers,PHI,sixers,1630531,Jaden,Springer,J. Springer,jaden-springer,,DNP - Coach's Decision,11,,0,0,0,0,0,0,0,0,0,0,0,0,2021-22,Playoffs
0042100133,1610612755,Philadelphia,76ers,PHI,sixers,201980,Danny,Green,D. Green,danny-green,F,,14,46:15,0,0,0,0,20,14,8,26,0,0,4,2,2021-22,Playoffs
0042100133,1610612755,Philadelphia,76ers,PHI,sixers,202699,Tobias,Harris,T. Harris,tobias-harris,F,,12,46:44,9,0,2,4,21,14,11,32,1,1,1,1,2021-22,Playoffs
0042100133,1610612755,Philadelphia,76ers,PHI,sixers,203954,Joel,Embiid,J. Embiid,joel-embiid,C,,21,44:28,0,5,0,16,22,16,11,24,1,0,3,10,2021-22,Playoffs
0042100133,1610612755,Philadelphia,76ers,PHI,sixers,1630178,Tyrese,Maxey,T. Maxey,tyrese-maxey,G,,0,47:20,2,4,2,10,20,14,11,32,0,0,3,1,2021-22,Playoffs
0042100133,1610612755,Philadelphia,76ers,PHI,sixers,201935,James,Harden,J. Harden,james-harden,G,,1,38:06,0,0,0,10,22,16,8,34,0,2,6,5,2021-22,Playoffs
0042100133,1610612755,Philadelphia,76ers,PHI,sixers,1629003,Shake,Milton,S. Milton,shake-milton,,,18,10:55,0,0,0,0,12,2,7,10,0,0,1,1,2021-22,Playoffs
0042100133,1610612755,Philadelphia,76ers,PHI,sixers,1627777,Georges,Niang,G. Niang,georges-niang,,,20,22:40,0,0,0,0,13,4,7,18,0,0,1,1,2021-22,Playoffs
0042100133,1610612755,Philadelphia,76ers,PHI,sixers,1630194,Paul,Reed,P. Reed,paul-reed,,,44,8:32,0,0,0,2,5,0,2,14,1,1,2,0,2021-22,Playoffs
0042100133,1610612755,Philadelphia,76ers,PHI,sixers,201599,DeAndre,Jordan,D. Jordan,deandre-jordan,,,9,0:01,0,0,0,0,0,0,0,0,0,0,0,0,2021-22,Playoffs
0042100133,1610612755,Philadelphia,76ers,PHI,sixers,1630198,Isaiah,Joe,I. Joe,isaiah-joe,,DNP - Coach's Decision,7,,0,0,0,0,0,0,0,0,0,0,0,0,2021-22,Playoffs
0042100133,1610612755,Philadelphia,76ers,PHI,sixers,1627788,Furkan,Korkmaz,F. Korkmaz,furkan-korkmaz,,DNP - Coach's Decision,30,,0,0,0,0,0,0,0,0,0,0,0,0,2021-22,Playoffs
0042100133,1610612755,Philadelphia,76ers,PHI,sixers,200794,Paul,Millsap,P. Millsap,paul-millsap,,DNP - Coach's Decision,8,,0,0,0,0,0,0,0,0,0,0,0,0,2021-22,Playoffs
0042100133,1610612755,Philadelphia,76ers,PHI,sixers,1630531,Jaden,Springer,J. Springer,jaden-springer,,DNP - Coach's Decision,11,,0,0,0,0,0,0,0,0,0,0,0,0,2021-22,Playoffs
0042100133,1610612761,Toronto,Raptors,TOR,raptors,1628384,OG,Anunoby,O. Anunoby,og-anunoby,F,,3,45:49,4,2,4,8,9,9,4,40,1,1,4,9,2021-22,Playoffs
0042100133,1610612761,Toronto,Raptors,TOR,raptors,1627783,Pascal,Siakam,P. Siakam,pascal-siakam,F,,43,48:29,6,4,2,8,11,9,4,42,1,0,5,0,2021-22,Playoffs
0042100133,1610612761,Toronto,Raptors,TOR,raptors,203920,Khem,Birch,K. Birch,khem-birch,C,,24,14:01,0,0,0,2,0,5,0,14,0,0,4,0,2021-22,Playoffs
0042100133,1610612761,Toronto,Raptors,TOR,raptors,1629018,Gary,Trent Jr.,G. Trent Jr.,gary-trent-jr,G,,33,45:29,7,6,5,2,5,9,0,32,1,1,1,2,2021-22,Playoffs
0042100133,1610612761,Toronto,Raptors,TOR,raptors,1627832,Fred,VanVleet,F. VanVleet,fred-vanvleet,G,,23,45:29,0,0,0,2,5,9,0,32,0,0,3,4,2021-22,Playoffs
0042100133,1610612761,Toronto,Raptors,TOR,raptors,1630173,Precious,Achiuwa,P. Achiuwa,precious-achiuwa,,,5,35:33,7,4,2,14,7,4,2,22,1,1,2,3,2021-22,Playoffs
0042100133,1610612761,Toronto,Raptors,TOR,raptors,1628449,Chris,Boucher,C. Boucher,chris-boucher,,,25,16:56,3,0,0,0,6,0,4,12,0,0,1,1,2021-22,Playoffs
0042100133,1610612761,Toronto,Raptors,TOR,raptors,1630201,Malachi,Flynn,M. Flynn,malachi-flynn,,,22,7:31,0,0,0,0,6,0,4,10,0,0,0,2,2021-22,Playoffs
0042100133,1610612761,Toronto,Raptors,TOR,raptors,201152,Thaddeus,Young,T. Young,thaddeus-young,,,21,5:43,0,0,0,2,6,0,2,6,0,0,1,0,2021-22,Playoffs
0042100133,1610612761,Toronto,Raptors,TOR,raptors,1630625,Dalano,Banton,D. Banton,dalano-banton,,DNP - Coach's Decision,45,,0,0,0,0,0,0,0,0,0,0,0,0,2021-22,Playoffs
0042100133,1610612761,Toronto,Raptors,TOR,raptors,1629067,Isaac,Bonga,I. Bonga,isaac-bonga,,DNP - Coach's Decision,17,,0,0,0,0,0,0,0,0,0,0,0,0,2021-22,Playoffs
0042100133,1610612761,Toronto,Raptors,TOR,raptors,1629717,Armoni,Brooks,A. Brooks,armoni-brooks,,DNP - Coach's Decision,1,,0,0,0,0,0,0,0,0,0,0,0,0,2021-22,Playoffs
0042100133,1610612761,Toronto,Raptors,TOR,raptors,1629004,Svi,Mykhailiuk,S. Mykhailiuk,svi-mykhailiuk,,DNP - Coach's Decision,14,,0,0,0,0,0,0,0,0,0,0,0,0,2021-22,Playoffs
0042100133,1610612761,Toronto,Raptors,TOR,raptors,1629139,Yuta,Watanabe,Y. Watanabe,yuta-watanabe,,DNP - Coach's Decision,18,,0,0,0,0,0,0,0,0,0,0,0,0,2021-22,Playoffs
0042100134,1610612755,Philadelphia,76ers,PHI,sixers,201980,Danny,Green,D. Green,danny-green,F,,14,27:47,3,0,0,0,6,10,10,22,0,1,2,0,2021-22,Playoffs
0042100134,1610612755,Philadelphia,76ers,PHI,sixers,202699,Tobias,Harris,T. Harris,tobias-harris,F,,12,40:49,0,0,4,12,15,10,21,34,2,0,5,0,2021-22,Playoffs
0042100134,1610612755,Philadelphia,76ers,PHI,sixers,203954,Joel,Embiid,J. Embiid,joel-embiid,C,,21,39:21,0,2,2,10,12,10,18,32,0,2,4,8,2021-22,Playoffs
0042100134,1610612755,Philadelphia,76ers,PHI,sixers,1630178,Tyrese,Maxey,T. Maxey,tyrese-maxey,G,,0,39:29,0,0,4,6,15,10,19,32,0,0,2,3,2021-22,Playoffs
0042100134,1610612755,Philadelphia,76ers,PHI,sixers,201935,James,Harden,J. Harden,james-harden,G,,1,42:13,0,2,0,6,19,9,21,36,3,3,2,7,2021-22,Playoffs
0042100134,1610612755,Philadelphia,76ers,PHI,sixers,1629003,Shake,Milton,S. Milton,shake-milton,,,18,15:28,0,0,0,2,10,5,5,16,0,0,1,1,2021-22,Playoffs
0042100134,1610612755,Philadelphia,76ers,PHI,sixers,1627777,Georges,Niang,G. Niang,georges-niang,,,20,22:05,0,0,0,0,14,4,8,22,0,0,6,0,2021-22,Playoffs
0042100134,1610612755,Philadelphia,76ers,PHI,sixers,1630194,Paul,Reed,P. Reed,paul-reed,,,44,8:40,0,0,0,2,10,2,3,10,0,0,3,1,2021-22,Playoffs
0042100134,1610612755,Philadelphia,76ers,PHI,sixers,1627788,Furkan,Korkmaz,F. Korkmaz,furkan-korkmaz,,,30,1:23,0,0,0,0,3,0,0,2,0,0,1,0,2021-22,Playoffs
0042100134,1610612755,Philadelphia,76ers,PHI,sixers,1630198,Isaiah,Joe,I. Joe,isaiah-joe,,,7,1:23,0,3,0,0,3,0,0,2,0,0,0,0,2021-22,Playoffs
0042100134,1610612755,Philadelphia,76ers,PHI,sixers,1630531,Jaden,Springer,J. Springer,jaden-springer,,,11,1:23,0,0,0,0,3,0,0,2,0,0,0,0,2021-22,Playoffs
0042100134,1610612755,Philadelphia,76ers,PHI,sixers,201599,DeAndre,Jordan,D. Jordan,deandre-jordan,,DNP - Coach's Decision,9,,0,0,0,0,0,0,0,0,0,0,0,0,2021-22,Playoffs
0042100134,1610612755,Philadelphia,76ers,PHI,sixers,200794,Paul,Millsap,P. Millsap,paul-millsap,,DNP - Coach's Decision,8,,0,0,0,0,0,0,0,0,0,0,0,0,2021-22,Playoffs
0042100134,1610612761,Toronto,Raptors,TOR,raptors,1628384,OG,Anunoby,O. Anunoby,og-anunoby,F,,3,31:29,3,0,4,4,3,4,10,30,0,3,4,4,2021-22,Playoffs
0042100134,1610612761,Toronto,Raptors,TOR,raptors,1627783,Pascal,Siakam,P. Siakam,pascal-siakam,F,,43,43:39,5,0,5,10,3,4,10,38,2,0,3,11,2021-22,Playoffs
0042100134,1610612761,Toronto,Raptors,TOR,raptors,203920,Khem,Birch,K. Birch,khem-birch,C,,24,5:49,0,0,0,0,3,0,4,4,0,0,0,0,2021-22,Playoffs
0042100134,1610612761,Toronto,Raptors,TOR,raptors,1629018,Gary,Trent Jr.,G. Trent Jr.,gary-trent-jr,G,,33,39:03,9,3,9,6,3,2,10,34,1,0,1,2,2021-22,Playoffs
0042100134,1610612761,Toronto,Raptors,TOR,raptors,1627832,Fred,VanVleet,F. VanVleet,fred-vanvleet,G,,23,14:33,0,3,0,0,3,0,4,6,0,0,2,0,2021-22,Playoffs
0042100134,1610612761,Toronto,Raptors,TOR,raptors,1630567,Scottie,Barnes,S. Barnes,scottie-barnes,,,4,25:34,0,2,0,2,0,0,2,20,0,0,3,3,2021-22,Playoffs
0042100134,1610612761,Toronto,Raptors,TOR,raptors,1630173,Precious,Achiuwa,P. Achiuwa,precious-achiuwa,,,5,24:25,2,0,3,4,0,4,4,14,0,1,1,3,2021-22,Playoffs
0042100134,1610612761,Toronto,Raptors,TOR,raptors,201152,Thaddeus,Young,T. Young,thaddeus-young,,,21,29:49,0,4,0,8,0,4,4,28,1,1,4,1,2021-22,Playoffs
0042100134,1610612761,Toronto,Raptors,TOR,raptors,1628449,Chris,Boucher,C. Boucher,chris-boucher,,,25,19:02,0,0,0,6,0,2,2,16,2,0,1,1,2021-22,Playoffs
0042100134,1610612761,Toronto,Raptors,TOR,raptors,1630201,Malachi,Flynn,M. Flynn,malachi-flynn,,,22,1:23,0,0,0,0,0,3,0,0,0,0,0,0,2021-22,Playoffs
0042100134,1610612761,Toronto,Raptors,TOR,raptors,1629004,Svi,Mykhailiuk,S. Mykhailiuk,svi-mykhailiuk,,,14,1:19,0,0,0,0,0,3,0,0,0,0,1,0,2021-22,Playoffs
0042100134,1610612761,Toronto,Raptors,TOR,raptors,1630625,Dalano,Banton,D. Banton,dalano-banton,,,45,1:19,3,0,0,2,0,3,0,0,0,0,0,1,2021-22,Playoffs
0042100134,1610612761,Toronto,Raptors,TOR,raptors,1629139,Yuta,Watanabe,Y. Watanabe,yuta-watanabe,,,18,1:19,0,0,0,0,0,3,0,0,0,0,0,0,2021-22,Playoffs
0042100134,1610612761,Toronto,Raptors,TOR,raptors,1629717,Armoni,Brooks,A. Brooks,armoni-brooks,,,1,1:18,0,0,0,0,0,3,0,0,0,0,0,0,2021-22,Playoffs
0042100134,1610612761,Toronto,Raptors,TOR,raptors,1629067,Isaac,Bonga,I. Bonga,isaac-bonga,,DNP - Coach's Decision,17,,0,0,0,0,0,0,0,0,0,0,0,0,2021-22,Playoffs
0042100135,1610612761,Toronto,Raptors,TOR,raptors,1628384,OG,Anunoby,O. Anunoby,og-anunoby,F,,3,39:15,2,0,7,8,7,6,11,24,0,0,1,3,2021-22,Playoffs
0042100135,1610612761,Toronto,Raptors,TOR,raptors,1627783,Pascal,Siakam,P. Siakam,pascal-siakam,F,,43,43:42,4,0,4,10,5,6,13,30,0,0,1,4,2021-22,Playoffs
0042100135,1610612761,Toronto,Raptors,TOR,raptors,203920,Khem,Birch,K. Birch,khem-birch,C,,24,11:02,0,2,0,4,5,4,9,14,1,0,4,0,2021-22,Playoffs
0042100135,1610612761,Toronto,Raptors,TOR,raptors,1629018,Gary,Trent Jr.,G. Trent Jr.,gary-trent-jr,G,,33,38:34,6,0,7,2,9,8,13,32,0,1,1,3,2021-22,Playoffs
0042100135,1610612761,Toronto,Raptors,TOR,raptors,1630567,Scottie,Barnes,S. Barnes,scottie-barnes,G,,4,40:43,2,2,2,10,9,8,13,30,0,0,3,3,2021-22,Playoffs
0042100135,1610612761,Toronto,Raptors,TOR,raptors,1630173,Precious,Achiuwa,P. Achiuwa,precious-achiuwa,,,5,26:46,6,0,2,12,4,4,2,16,3,0,4,2,2021-22,Playoffs
0042100135,1610612761,Toronto,Raptors,TOR,raptors,1628449,Chris,Boucher,C. Boucher,chris-boucher,,,25,17:28,0,0,2,6,4,2,2,12,2,0,2,1,2021-22,Playoffs
0042100135,1610612761,Toronto,Raptors,TOR,raptors,201152,Thaddeus,Young,T. Young,thaddeus-young,,,21,15:56,0,0,0,2,2,2,2,12,0,0,2,1,2021-22,Playoffs
0042100135,1610612761,Toronto,Raptors,TOR,raptors,1629139,Yuta,Watanabe,Y. Watanabe,yuta-watanabe,,,18,1:19,0,0,0,2,0,3,3,2,0,0,0,0,2021-22,Playoffs
0042100135,1610612761,Toronto,Raptors,TOR,raptors,1630201,Malachi,Flynn,M. Flynn,malachi-flynn,,,22,1:19,0,0,0,0,0,3,3,2,0,0,2,0,2021-22,Playoffs
0042100135,1610612761,Toronto,Raptors,TOR,raptors,1630625,Dalano,Banton,D. Banton,dalano-banton,,,45,1:19,0,0,0,0,0,3,3,2,0,0,0,0,2021-22,Playoffs
0042100135,1610612761,Toronto,Raptors,TOR,raptors,1629004,Svi,Mykhailiuk,S. Mykhailiuk,svi-mykhailiuk,,,14,1:19,0,0,0,0,0,3,3,2,0,0,0,0,2021-22,Playoffs
0042100135,1610612761,Toronto,Raptors,TOR,raptors,1629717,Armoni,Brooks,A. Brooks,armoni-brooks,,,1,1:18,0,0,0,0,0,3,3,2,0,0,0,0,2021-22,Playoffs
0042100135,1610612761,Toronto,Raptors,TOR,raptors,1629067,Isaac,Bonga,I. Bonga,isaac-bonga,,DNP - Coach's Decision,17,,0,0,0,0,0,0,0,0,0,0,0,0,2021-22,Playoffs
0042100135,1610612755,Philadelphia,76ers,PHI,sixers,201980,Danny,Green,D. Green,danny-green,F,,14,24:35,3,2,3,2,6,2,11,28,0,0,0,0,2021-22,Playoffs
0042100135,1610612755,Philadelphia,76ers,PHI,sixers,202699,Tobias,Harris,T. Harris,tobias-harris,F,,12,44:09,0,0,4,8,16,2,22,50,0,1,2,1,2021-22,Playoffs
0042100135,1610612755,Philadelphia,76ers,PHI,sixers,203954,Joel,Embiid,J. Embiid,joel-embiid,C,,21,39:38,0,4,0,12,14,4,18,42,0,2,5,8,2021-22,Playoffs
0042100135,1610612755,Philadelphia,76ers,PHI,sixers,1630178,Tyrese,Maxey,T. Maxey,tyrese-maxey,G,,0,41:52,4,0,2,8,14,4,19,50,0,1,2,1,2021-22,Playoffs
0042100135,1610612755,Philadelphia,76ers,PHI,sixers,201935,James,Harden,J. Harden,james-harden,G,,1,39:37,2,0,4,2,12,2,20,40,1,1,1,7,2021-22,Playoffs
0042100135,1610612755,Philadelphia,76ers,PHI,sixers,1629680,Matisse,Thybulle,M. Thybulle,matisse-thybulle,,,22,14:00,0,2,0,2,12,2,9,16,0,0,3,1,2021-22,Playoffs
0042100135,1610612755,Philadelphia,76ers,PHI,sixers,1629003,Shake,Milton,S. Milton,shake-milton,,,18,10:15,0,0,0,0,8,2,5,14,0,0,2,1,2021-22,Playoffs
0042100135,1610612755,Philadelphia,76ers,PHI,sixers,1627777,Georges,Niang,G. Niang,georges-niang,,,20,13:17,0,0,0,0,4,2,6,18,0,0,1,0,2021-22,Playoffs
0042100135,1610612755,Philadelphia,76ers,PHI,sixers,1630194,Paul,Reed,P. Reed,paul-reed,,,44,8:22,0,3,0,2,6,0,6,14,0,1,1,1,2021-22,Playoffs
0042100135,1610612755,Philadelphia,76ers,PHI,sixers,1627788,Furkan,Korkmaz,F. Korkmaz,furkan-korkmaz,,,30,2:16,0,0,3,0,4,0,2,4,0,0,0,0,2021-22,Playoffs
0042100135,1610612755,Philadelphia,76ers,PHI,sixers,1630198,Isaiah,Joe,I. Joe,isaiah-joe,,,7,1:59,0,0,0,0,4,0,2,4,0,0,0,0,2021-22,Playoffs
0042100135,1610612755,Philadelphia,76ers,PHI,sixers,201599,DeAndre,Jordan,D. Jordan,deandre-jordan,,DNP - Coach's Decision,9,,0,0,0,0,0,0,0,0,0,0,0,0,2021-22,Playoffs
0042100135,1610612755,Philadelphia,76ers,PHI,sixers,200794,Paul,Millsap,P. Millsap,paul-millsap,,DNP - Coach's Decision,8,,0,0,0,0,0,0,0,0,0,0,0,0,2021-22,Playoffs
0042100135,1610612755,Philadelphia,76ers,PHI,sixers,1630531,Jaden,Springer,J. Springer,jaden-springer,,DNP - Coach's Decision,11,,0,0,0,0,0,0,0,0,0,0,0,0,2021-22,Playoffs
0042100136,1610612755,Philadelphia,76ers,PHI,sixers,201980,Danny,Green,D. Green,danny-green,F,,14,29:23,0,0,3,0,5,10,3,22,0,1,0,0,2021-22,Playoffs
0042100136,1610612755,Philadelphia,76ers,PHI,sixers,202699,Tobias,Harris,T. Harris,tobias-harris,F,,12,37:44,5,2,2,6,9,14,5,30,0,0,4,1,2021-22,Playoffs
0042100136,1610612755,Philadelphia,76ers,PHI,sixers,203954,Joel,Embiid,J. Embiid,joel-embiid,C,,21,35:53,4,4,2,16,7,14,3,24,3,0,3,12,2021-22,Playoffs
0042100136,1610612755,Philadelphia,76ers,PHI,sixers,1630178,Tyrese,Maxey,T. Maxey,tyrese-maxey,G,,0,44:08,5,3,8,6,7,20,5,32,0,0,3,3,2021-22,Playoffs
0042100136,1610612755,Philadelphia,76ers,PHI,sixers,201935,James,Harden,J. Harden,james-harden,G,,1,42:04,3,3,4,10,9,16,5,32,0,0,3,5,2021-22,Playoffs
0042100136,1610612755,Philadelphia,76ers,PHI,sixers,1630194,Paul,Reed,P. Reed,paul-reed,,,44,12:29,0,0,2,8,5,9,2,14,0,0,3,1,2021-22,Playoffs
0042100136,1610612755,Philadelphia,76ers,PHI,sixers,1627777,Georges,Niang,G. Niang,georges-niang,,,20,21:05,0,3,0,0,4,12,2,16,0,0,3,0,2021-22,Playoffs
0042100136,1610612755,Philadelphia,76ers,PHI,sixers,1629003,Shake,Milton,S. Milton,shake-milton,,,18,7:41,0,0,0,2,5,7,0,10,1,0,1,0,2021-22,Playoffs
0042100136,1610612755,Philadelphia,76ers,PHI,sixers,1627788,Furkan,Korkmaz,F. Korkmaz,furkan-korkmaz,,,30,5:06,0,0,0,0,3,7,0,6,0,0,1,0,2021-22,Playoffs
0042100136,1610612755,Philadelphia,76ers,PHI,sixers,1630198,Isaiah,Joe,I. Joe,isaiah-joe,,,7,2:14,0,0,0,0,3,3,0,2,0,0,0,0,2021-22,Playoffs
0042100136,1610612755,Philadelphia,76ers,PHI,sixers,1630531,Jaden,Springer,J. Springer,jaden-springer,,,11,2:13,0,2,0,4,3,3,0,2,0,0,1,0,2021-22,Playoffs
0042100136,1610612755,Philadelphia,76ers,PHI,sixers,201599,DeAndre,Jordan,D. Jordan,deandre-jordan,,DNP - Coach's Decision,9,,0,0,0,0,0,0,0,0,0,0,0,0,2021-22,Playoffs
0042100136,1610612755,Philadelphia,76ers,PHI,sixers,200794,Paul,Millsap,P. Millsap,paul-millsap,,DNP - Coach's Decision,8,,0,0,0,0,0,0,0,0,0,0,0,0,2021-22,Playoffs
0042100136,1610612761,Toronto,Raptors,TOR,raptors,1628384,OG,Anunoby,O. Anunoby,og-anunoby,F,,3,29:02,0,0,0,2,17,12,14,26,0,0,3,1,2021-22,Playoffs
0042100136,1610612761,Toronto,Raptors,TOR,raptors,1627783,Pascal,Siakam,P. Siakam,pascal-siakam,F,,43,43:47,2,4,0,14,17,15,19,42,0,0,6,9,2021-22,Playoffs
0042100136,1610612761,Toronto,Raptors,TOR,raptors,203920,Khem,Birch,K. Birch,khem-birch,C,,24,5:05,0,0,0,0,0,3,0,4,0,0,1,0,2021-22,Playoffs
0042100136,1610612761,Toronto,Raptors,TOR,raptors,1629018,Gary,Trent Jr.,G. Trent Jr.,gary-trent-jr,G,,33,40:10,0,2,3,2,17,15,15,42,0,0,2,2,2021-22,Playoffs
0042100136,1610612761,Toronto,Raptors,TOR,raptors,1630567,Scottie,Barnes,S. Barnes,scottie-barnes,G,,4,35:06,0,3,0,8,14,15,19,40,0,1,5,0,2021-22,Playoffs
0042100136,1610612761,Toronto,Raptors,TOR,raptors,1630173,Precious,Achiuwa,P. Achiuwa,precious-achiuwa,,,5,22:14,0,1,0,2,12,7,8,26,0,2,3,1,2021-22,Playoffs
0042100136,1610612761,Toronto,Raptors,TOR,raptors,1628449,Chris,Boucher,C. Boucher,chris-boucher,,,25,31:34,7,10,2,8,5,8,11,28,1,1,2,6,2021-22,Playoffs
0042100136,1610612761,Toronto,Raptors,TOR,raptors,201152,Thaddeus,Young,T. Young,thaddeus-young,,,21,21:52,0,0,0,0,3,0,9,22,0,0,0,1,2021-22,Playoffs
0042100136,1610612761,Toronto,Raptors,TOR,raptors,1629139,Yuta,Watanabe,Y. Watanabe,yuta-watanabe,,,18,2:14,0,0,0,0,0,2,2,6,0,0,0,0,2021-22,Playoffs
0042100136,1610612761,Toronto,Raptors,TOR,raptors,1629004,Svi,Mykhailiuk,S. Mykhailiuk,svi-mykhailiuk,,,14,2:14,0,0,0,0,0,2,2,6,0,0,0,0,2021-22,Playoffs
0042100136,1610612761,Toronto,Raptors,TOR,raptors,1630201,Malachi,Flynn,M. Flynn,malachi-flynn,,,22,2:14,0,0,0,0,0,2,2,6,0,0,0,0,2021-22,Playoffs
0042100136,1610612761,Toronto,Raptors,TOR,raptors,1630625,Dalano,Banton,D. Banton,dalano-banton,,,45,2:14,3,3,0,2,0,2,2,6,0,0,0,2,2021-22,Playoffs
0042100136,1610612761,Toronto,Raptors,TOR,raptors,1629717,Armoni,Brooks,A. Brooks,armoni-brooks,,,1,2:14,0,0,0,0,0,2,2,6,0,0,0,0,2021-22,Playoffs
0042100136,1610612761,Toronto,Raptors,TOR,raptors,1629067,Isaac,Bonga,I. Bonga,isaac-bonga,,DNP - Coach's Decision,17,,0,0,0,0,0,0,0,0,0,0,0,0,2021-22,Playoffs
0042100141,1610612740,New Orleans,Pelicans,NOP,pelicans,1627742,Brandon,Ingram,B. Ingram,brandon-ingram,F,,14,38:40,0,3,0,2,21,7,15,46,0,1,3,5,2021-22,Playoffs
0042100141,1610612740,New Orleans,Pelicans,NOP,pelicans,1629637,Jaxson,Hayes,J. Hayes,jaxson-hayes,F,,10,11:29,0,1,0,2,4,0,5,16,0,1,1,4,2021-22,Playoffs
0042100141,1610612740,New Orleans,Pelicans,NOP,pelicans,202685,Jonas,Valančiūnas,J. Valančiūnas,jonas-valančiūnas,C,,17,30:36,3,14,0,12,21,2,11,36,0,4,2,5,2021-22,Playoffs
0042100141,1610612740,New Orleans,Pelicans,NOP,pelicans,1630529,Herbert,Jones,H. Jones,herbert-jones,G,,5,30:34,0,5,0,2,19,2,11,36,0,1,4,0,2021-22,Playoffs
0042100141,1610612740,New Orleans,Pelicans,NOP,pelicans,203468,CJ,McCollum,C. McCollum,cj-mccollum,G,,3,43:09,1,2,2,6,21,2,11,46,1,1,2,4,2021-22,Playoffs
0042100141,1610612740,New Orleans,Pelicans,NOP,pelicans,1626204,Larry,Nance Jr.,L. Nance Jr.,larry-nance-jr,,,22,19:32,4,2,0,8,2,5,4,18,0,0,2,2,2021-22,Playoffs
0042100141,1610612740,New Orleans,Pelicans,NOP,pelicans,1630530,Trey,Murphy III,T. Murphy III,trey-murphy-iii,,,25,25:54,0,0,0,0,4,7,4,24,0,0,1,0,2021-22,Playoffs
0042100141,1610612740,New Orleans,Pelicans,NOP,pelicans,1628984,Devonte',Graham,D. Graham,devonte-graham,,,4,10:21,0,0,0,0,0,5,4,10,0,0,2,1,2021-22,Playoffs
0042100141,1610612740,New Orleans,Pelicans,NOP,pelicans,1630230,Naji,Marshall,N. Marshall,naji-marshall,,,8,15:20,0,2,0,6,0,5,4,14,0,1,0,2,2021-22,Playoffs
0042100141,1610612740,New Orleans,Pelicans,NOP,pelicans,1630631,Jose,Alvarado,J. Alvarado,jose-alvarado,,,15,14:28,0,0,0,0,13,0,6,14,1,0,1,0,2021-22,Playoffs
0042100141,1610612740,New Orleans,Pelicans,NOP,pelicans,1626195,Willy,Hernangomez,W. Hernangomez,willy-hernangomez,,DNP - Coach's Decision,9,,0,0,0,0,0,0,0,0,0,0,0,0,2021-22,Playoffs
0042100141,1610612740,New Orleans,Pelicans,NOP,pelicans,203503,Tony,Snell,T. Snell,tony-snell,,DNP - Coach's Decision,21,,0,0,0,0,0,0,0,0,0,0,0,0,2021-22,Playoffs
0042100141,1610612740,New Orleans,Pelicans,NOP,pelicans,202066,Garrett,Temple,G. Temple,garrett-temple,,DNP - Coach's Decision,41,,0,0,0,0,0,0,0,0,0,0,0,0,2021-22,Playoffs
0042100141,1610612756,Phoenix,Suns,PHX,suns,1628969,Mikal,Bridges,M. Bridges,mikal-bridges,F,,25,38:00,2,0,2,6,7,27,0,32,2,0,4,2,2021-22,Playoffs
0042100141,1610612756,Phoenix,Suns,PHX,suns,203109,Jae,Crowder,J. Crowder,jae-crowder,F,,99,28:10,0,0,0,0,3,18,2,22,1,0,3,1,2021-22,Playoffs
0042100141,1610612756,Phoenix,Suns,PHX,suns,1629028,Deandre,Ayton,D. Ayton,deandre-ayton,C,,22,34:02,4,2,0,16,5,27,0,28,4,2,4,1,2021-22,Playoffs
0042100141,1610612756,Phoenix,Suns,PHX,suns,1626164,Devin,Booker,D. Booker,devin-booker,G,,1,40:37,6,0,7,4,8,28,0,34,0,0,2,5,2021-22,Playoffs
0042100141,1610612756,Phoenix,Suns,PHX,suns,101108,Chris,Paul,C. Paul,chris-paul,G,,3,35:04,4,0,2,12,3,19,2,24,1,0,2,4,2021-22,Playoffs
0042100141,1610612756,Phoenix,Suns,PHX,suns,1626166,Cameron,Payne,C. Payne,cameron-payne,,,15,16:32,0,0,0,2,3,11,0,12,0,0,1,0,2021-22,Playoffs
0042100141,1610612756,Phoenix,Suns,PHX,suns,1629661,Cameron,Johnson,C. Johnson,cameron-johnson,,,23,22:36,5,3,4,8,5,11,2,20,0,0,3,3,2021-22,Playoffs
0042100141,1610612756,Phoenix,Suns,PHX,suns,201580,JaVale,McGee,J. McGee,javale-mcgee,,,00,13:58,0,2,0,4,3,2,2,10,1,0,2,2,2021-22,Playoffs
0042100141,1610612756,Phoenix,Suns,PHX,suns,1628470,Torrey,Craig,T. Craig,torrey-craig,,,0,11:02,0,0,0,0,3,2,2,8,0,0,2,0,2021-22,Playoffs
0042100141,1610612756,Phoenix,Suns,PHX,suns,202687,Bismack,Biyombo,B. Biyombo,bismack-biyombo,,DNP - Coach's Decision,18,,0,0,0,0,0,0,0,0,0,0,0,0,2021-22,Playoffs
0042100141,1610612756,Phoenix,Suns,PHX,suns,1628988,Aaron,Holiday,A. Holiday,aaron-holiday,,DNP - Coach's Decision,4,,0,0,0,0,0,0,0,0,0,0,0,0,2021-22,Playoffs
0042100141,1610612756,Phoenix,Suns,PHX,suns,203901,Elfrid,Payton,E. Payton,elfrid-payton,,DNP - Coach's Decision,2,,0,0,0,0,0,0,0,0,0,0,0,0,2021-22,Playoffs
0042100141,1610612756,Phoenix,Suns,PHX,suns,1629013,Landry,Shamet,L. Shamet,landry-shamet,,DNP - Coach's Decision,14,,0,0,0,0,0,0,0,0,0,0,0,0,2021-22,Playoffs
0042100141,1610612756,Phoenix,Suns,PHX,suns,1630688,Ish,Wainright,I. Wainright,ish-wainright,,DNP - Coach's Decision,12,,0,0,0,0,0,0,0,0,0,0,0,0,2021-22,Playoffs
0042100142,1610612740,New Orleans,Pelicans,NOP,pelicans,1627742,Brandon,Ingram,B. Ingram,brandon-ingram,F,,14,39:13,6,6,5,10,26,9,7,28,1,1,1,8,2021-22,Playoffs
0042100142,1610612740,New Orleans,Pelicans,NOP,pelicans,1629637,Jaxson,Hayes,J. Hayes,jaxson-hayes,F,,10,20:23,2,0,8,8,15,0,7,14,2,1,3,2,2021-22,Playoffs
0042100142,1610612740,New Orleans,Pelicans,NOP,pelicans,202685,Jonas,Valančiūnas,J. Valančiūnas,jonas-valančiūnas,C,,17,26:02,0,4,0,8,23,3,9,22,0,1,4,2,2021-22,Playoffs
0042100142,1610612740,New Orleans,Pelicans,NOP,pelicans,1630529,Herbert,Jones,H. Jones,herbert-jones,G,,5,40:58,1,2,0,6,26,5,9,36,0,0,4,2,2021-22,Playoffs
0042100142,1610612740,New Orleans,Pelicans,NOP,pelicans,203468,CJ,McCollum,C. McCollum,cj-mccollum,G,,3,39:59,1,1,3,2,23,5,9,38,1,0,1,3,2021-22,Playoffs
0042100142,1610612740,New Orleans,Pelicans,NOP,pelicans,1630530,Trey,Murphy III,T. Murphy III,trey-murphy-iii,,,25,20:08,0,0,0,0,13,9,2,26,0,0,3,0,2021-22,Playoffs
0042100142,1610612740,New Orleans,Pelicans,NOP,pelicans,1626204,Larry,Nance Jr.,L. Nance Jr.,larry-nance-jr,,,22,21:12,2,2,0,6,5,6,0,24,0,0,1,0,2021-22,Playoffs
0042100142,1610612740,New Orleans,Pelicans,NOP,pelicans,1628984,Devonte',Graham,D. Graham,devonte-graham,,,4,7:02,0,0,0,2,2,4,0,6,1,0,0,0,2021-22,Playoffs
0042100142,1610612740,New Orleans,Pelicans,NOP,pelicans,1630230,Naji,Marshall,N. Marshall,naji-marshall,,,8,8:02,0,0,0,0,5,4,0,12,1,0,0,0,2021-22,Playoffs
0042100142,1610612740,New Orleans,Pelicans,NOP,pelicans,1630631,Jose,Alvarado,J. Alvarado,jose-alvarado,,,15,17:02,0,0,0,2,2,0,2,24,0,0,3,1,2021-22,Playoffs
0042100142,1610612740,New Orleans,Pelicans,NOP,pelicans,1626195,Willy,Hernangomez,W. Hernangomez,willy-hernangomez,,DNP - Coach's Decision,9,,0,0,0,0,0,0,0,0,0,0,0,0,2021-22,Playoffs
0042100142,1610612740,New Orleans,Pelicans,NOP,pelicans,203503,Tony,Snell,T. Snell,tony-snell,,DNP - Coach's Decision,21,,0,0,0,0,0,0,0,0,0,0,0,0,2021-22,Playoffs
0042100142,1610612740,New Orleans,Pelicans,NOP,pelicans,202066,Garrett,Temple,G. Temple,garrett-temple,,DNP - Coach's Decision,41,,0,0,0,0,0,0,0,0,0,0,0,0,2021-22,Playoffs
0042100142,1610612756,Phoenix,Suns,PHX,suns,1628969,Mikal,Bridges,M. Bridges,mikal-bridges,F,,25,40:29,7,2,4,10,4,11,14,36,1,1,3,3,2021-22,Playoffs
0042100142,1610612756,Phoenix,Suns,PHX,suns,203109,Jae,Crowder,J. Crowder,jae-crowder,F,,99,27:17,0,0,0,0,4,9,14,30,2,3,2,1,2021-22,Playoffs
0042100142,1610612756,Phoenix,Suns,PHX,suns,1629028,Deandre,Ayton,D. Ayton,deandre-ayton,C,,22,33:17,0,0,0,6,4,9,14,32,0,0,3,1,2021-22,Playoffs
0042100142,1610612756,Phoenix,Suns,PHX,suns,1626164,Devin,Booker,D. Booker,devin-booker,G,,1,24:47,12,3,3,4,8,11,12,26,0,0,3,2,2021-22,Playoffs
0042100142,1610612756,Phoenix,Suns,PHX,suns,101108,Chris,Paul,C. Paul,chris-paul,G,,3,36:22,5,0,0,4,4,9,14,36,0,0,3,4,2021-22,Playoffs
0042100142,1610612756,Phoenix,Suns,PHX,suns,1629661,Cameron,Johnson,C. Johnson,cameron-johnson,,,23,25:46,2,0,2,6,8,6,2,20,0,1,1,4,2021-22,Playoffs
0042100142,1610612756,Phoenix,Suns,PHX,suns,1626166,Cameron,Payne,C. Payne,cameron-payne,,,15,17:29,0,0,0,6,8,8,4,12,0,0,1,1,2021-22,Playoffs
0042100142,1610612756,Phoenix,Suns,PHX,suns,201580,JaVale,McGee,J. McGee,javale-mcgee,,,00,14:43,2,4,0,8,8,6,2,12,0,0,2,2,2021-22,Playoffs
0042100142,1610612756,Phoenix,Suns,PHX,suns,1628470,Torrey,Craig,T. Craig,torrey-craig,,,0,8:18,0,0,0,0,8,4,2,8,0,0,0,1,2021-22,Playoffs
0042100142,1610612756,Phoenix,Suns,PHX,suns,1629013,Landry,Shamet,L. Shamet,landry-shamet,,,14,11:32,0,0,0,2,4,2,2,8,0,1,0,1,2021-22,Playoffs
0042100142,1610612756,Phoenix,Suns,PHX,suns,202687,Bismack,Biyombo,B. Biyombo,bismack-biyombo,,DNP - Coach's Decision,18,,0,0,0,0,0,0,0,0,0,0,0,0,2021-22,Playoffs
0042100142,1610612756,Phoenix,Suns,PHX,suns,1628988,Aaron,Holiday,A. Holiday,aaron-holiday,,DNP - Coach's Decision,4,,0,0,0,0,0,0,0,0,0,0,0,0,2021-22,Playoffs
0042100142,1610612756,Phoenix,Suns,PHX,suns,203901,Elfrid,Payton,E. Payton,elfrid-payton,,DNP - Coach's Decision,2,,0,0,0,0,0,0,0,0,0,0,0,0,2021-22,Playoffs
0042100142,1610612756,Phoenix,Suns,PHX,suns,1630688,Ish,Wainright,I. Wainright,ish-wainright,,DNP - Coach's Decision,12,,0,0,0,0,0,0,0,0,0,0,0,0,2021-22,Playoffs
0042100143,1610612756,Phoenix,Suns,PHX,suns,1628969,Mikal,Bridges,M. Bridges,mikal-bridges,F,,25,40:20,2,0,0,6,7,7,14,32,1,1,3,8,2021-22,Playoffs
0042100143,1610612756,Phoenix,Suns,PHX,suns,203109,Jae,Crowder,J. Crowder,jae-crowder,F,,99,34:07,2,6,0,6,4,4,13,28,0,0,5,4,2021-22,Playoffs
0042100143,1610612756,Phoenix,Suns,PHX,suns,1629028,Deandre,Ayton,D. Ayton,deandre-ayton,C,,22,34:48,6,2,2,22,4,4,9,28,1,1,2,2,2021-22,Playoffs
0042100143,1610612756,Phoenix,Suns,PHX,suns,1629661,Cameron,Johnson,C. Johnson,cameron-johnson,G,,23,26:33,3,0,3,2,3,6,11,24,0,1,3,1,2021-22,Playoffs
0042100143,1610612756,Phoenix,Suns,PHX,suns,101108,Chris,Paul,C. Paul,chris-paul,G,,3,39:55,2,2,5,8,7,7,14,32,0,1,2,7,2021-22,Playoffs
0042100143,1610612756,Phoenix,Suns,PHX,suns,1629013,Landry,Shamet,L. Shamet,landry-shamet,,,14,29:29,5,0,2,4,7,4,12,28,0,0,2,1,2021-22,Playoffs
0042100143,1610612756,Phoenix,Suns,PHX,suns,1628470,Torrey,Craig,T. Craig,torrey-craig,,,0,9:36,0,0,0,0,0,0,6,10,1,1,1,0,2021-22,Playoffs
0042100143,1610612756,Phoenix,Suns,PHX,suns,201580,JaVale,McGee,J. McGee,javale-mcgee,,,00,12:03,3,3,0,14,3,3,7,10,0,0,0,4,2021-22,Playoffs
0042100143,1610612756,Phoenix,Suns,PHX,suns,1626166,Cameron,Payne,C. Payne,cameron-payne,,,15,12:49,0,0,0,2,0,0,4,8,0,0,3,1,2021-22,Playoffs
0042100143,1610612756,Phoenix,Suns,PHX,suns,202687,Bismack,Biyombo,B. Biyombo,bismack-biyombo,,,18,0:20,0,0,0,0,0,0,0,0,0,0,0,0,2021-22,Playoffs
0042100143,1610612756,Phoenix,Suns,PHX,suns,1626164,Devin,Booker,D. Booker,devin-booker,,DND - Injury/Illness,1,,0,0,0,0,0,0,0,0,0,0,0,0,2021-22,Playoffs
0042100143,1610612756,Phoenix,Suns,PHX,suns,1628988,Aaron,Holiday,A. Holiday,aaron-holiday,,DNP - Coach's Decision,4,,0,0,0,0,0,0,0,0,0,0,0,0,2021-22,Playoffs
0042100143,1610612756,Phoenix,Suns,PHX,suns,203901,Elfrid,Payton,E. Payton,elfrid-payton,,DNP - Coach's Decision,2,,0,0,0,0,0,0,0,0,0,0,0,0,2021-22,Playoffs
0042100143,1610612756,Phoenix,Suns,PHX,suns,1630688,Ish,Wainright,I. Wainright,ish-wainright,,DNP - Coach's Decision,12,,0,0,0,0,0,0,0,0,0,0,0,0,2021-22,Playoffs
0042100143,1610612740,New Orleans,Pelicans,NOP,pelicans,1627742,Brandon,Ingram,B. Ingram,brandon-ingram,F,,14,36:42,0,1,2,6,16,9,10,50,1,1,2,3,2021-22,Playoffs
0042100143,1610612740,New Orleans,Pelicans,NOP,pelicans,1629637,Jaxson,Hayes,J. Hayes,jaxson-hayes,F,,10,9:58,0,0,0,2,8,4,8,14,0,0,2,1,2021-22,Playoffs
0042100143,1610612740,New Orleans,Pelicans,NOP,pelicans,202685,Jonas,Valančiūnas,J. Valančiūnas,jonas-valančiūnas,C,,17,26:02,2,0,0,2,14,4,12,38,1,0,3,4,2021-22,Playoffs
0042100143,1610612740,New Orleans,Pelicans,NOP,pelicans,1630529,Herbert,Jones,H. Jones,herbert-jones,G,,5,39:35,2,0,6,10,18,10,12,52,0,0,3,3,2021-22,Playoffs
0042100143,1610612740,New Orleans,Pelicans,NOP,pelicans,203468,CJ,McCollum,C. McCollum,cj-mccollum,G,,3,40:41,0,3,7,10,20,10,12,56,1,1,2,7,2021-22,Playoffs
0042100143,1610612740,New Orleans,Pelicans,NOP,pelicans,1630530,Trey,Murphy III,T. Murphy III,trey-murphy-iii,,,25,22:42,0,0,0,0,7,3,4,34,0,0,1,0,2021-22,Playoffs
0042100143,1610612740,New Orleans,Pelicans,NOP,pelicans,1626204,Larry,Nance Jr.,L. Nance Jr.,larry-nance-jr,,,22,23:20,0,0,0,2,9,9,0,26,2,1,6,0,2021-22,Playoffs
0042100143,1610612740,New Orleans,Pelicans,NOP,pelicans,1628984,Devonte',Graham,D. Graham,devonte-graham,,,4,12:57,3,3,3,0,7,3,0,18,0,0,1,3,2021-22,Playoffs
0042100143,1610612740,New Orleans,Pelicans,NOP,pelicans,1630230,Naji,Marshall,N. Marshall,naji-marshall,,,8,11:20,0,0,0,2,5,5,0,14,0,0,4,0,2021-22,Playoffs
0042100143,1610612740,New Orleans,Pelicans,NOP,pelicans,1630631,Jose,Alvarado,J. Alvarado,jose-alvarado,,,15,16:44,0,0,0,6,11,8,2,18,0,0,4,0,2021-22,Playoffs
0042100143,1610612740,New Orleans,Pelicans,NOP,pelicans,1626195,Willy,Hernangomez,W. Hernangomez,willy-hernangomez,,DNP - Coach's Decision,9,,0,0,0,0,0,0,0,0,0,0,0,0,2021-22,Playoffs
0042100143,1610612740,New Orleans,Pelicans,NOP,pelicans,203503,Tony,Snell,T. Snell,tony-snell,,DNP - Coach's Decision,21,,0,0,0,0,0,0,0,0,0,0,0,0,2021-22,Playoffs
0042100143,1610612740,New Orleans,Pelicans,NOP,pelicans,202066,Garrett,Temple,G. Temple,garrett-temple,,DNP - Coach's Decision,41,,0,0,0,0,0,0,0,0,0,0,0,0,2021-22,Playoffs
0042100144,1610612756,Phoenix,Suns,PHX,suns,1628969,Mikal,Bridges,M. Bridges,mikal-bridges,F,,25,41:15,2,0,2,8,10,14,6,40,1,1,3,1,2021-22,Playoffs
0042100144,1610612756,Phoenix,Suns,PHX,suns,203109,Jae,Crowder,J. Crowder,jae-crowder,F,,99,29:29,5,0,2,2,5,9,4,28,0,0,5,5,2021-22,Playoffs
0042100144,1610612756,Phoenix,Suns,PHX,suns,1629028,Deandre,Ayton,D. Ayton,deandre-ayton,C,,22,32:50,2,8,0,16,5,9,6,32,1,0,3,1,2021-22,Playoffs
0042100144,1610612756,Phoenix,Suns,PHX,suns,1629661,Cameron,Johnson,C. Johnson,cameron-johnson,G,,23,31:52,0,0,0,2,8,9,4,40,0,0,4,1,2021-22,Playoffs
0042100144,1610612756,Phoenix,Suns,PHX,suns,101108,Chris,Paul,C. Paul,chris-paul,G,,3,34:59,0,0,0,2,8,10,4,38,0,0,4,5,2021-22,Playoffs
0042100144,1610612756,Phoenix,Suns,PHX,suns,1629013,Landry,Shamet,L. Shamet,landry-shamet,,,14,19:41,0,2,0,2,7,9,2,22,0,1,1,0,2021-22,Playoffs
0042100144,1610612756,Phoenix,Suns,PHX,suns,1626166,Cameron,Payne,C. Payne,cameron-payne,,,15,17:34,0,0,0,4,6,13,4,14,1,1,3,1,2021-22,Playoffs
0042100144,1610612756,Phoenix,Suns,PHX,suns,1628470,Torrey,Craig,T. Craig,torrey-craig,,,0,9:58,1,2,0,2,6,10,2,16,0,0,0,1,2021-22,Playoffs
0042100144,1610612756,Phoenix,Suns,PHX,suns,201580,JaVale,McGee,J. McGee,javale-mcgee,,,00,12:46,0,6,0,12,7,9,0,16,0,0,4,0,2021-22,Playoffs
0042100144,1610612756,Phoenix,Suns,PHX,suns,1628988,Aaron,Holiday,A. Holiday,aaron-holiday,,,4,2:24,0,2,2,4,2,2,2,6,0,0,0,1,2021-22,Playoffs
0042100144,1610612756,Phoenix,Suns,PHX,suns,203901,Elfrid,Payton,E. Payton,elfrid-payton,,,2,2:24,0,0,0,2,2,2,2,6,0,0,0,0,2021-22,Playoffs
0042100144,1610612756,Phoenix,Suns,PHX,suns,202687,Bismack,Biyombo,B. Biyombo,bismack-biyombo,,,18,2:24,0,0,0,0,2,2,2,6,0,0,1,0,2021-22,Playoffs
0042100144,1610612756,Phoenix,Suns,PHX,suns,1630688,Ish,Wainright,I. Wainright,ish-wainright,,,12,2:24,0,0,0,0,2,2,2,6,0,0,0,0,2021-22,Playoffs
0042100144,1610612756,Phoenix,Suns,PHX,suns,1626164,Devin,Booker,D. Booker,devin-booker,,DND - Injury/Illness,1,,0,0,0,0,0,0,0,0,0,0,0,0,2021-22,Playoffs
0042100144,1610612740,New Orleans,Pelicans,NOP,pelicans,1627742,Brandon,Ingram,B. Ingram,brandon-ingram,F,,14,36:28,2,2,0,10,10,14,4,36,0,0,2,6,2021-22,Playoffs
0042100144,1610612740,New Orleans,Pelicans,NOP,pelicans,1629637,Jaxson,Hayes,J. Hayes,jaxson-hayes,F,,10,13:24,0,0,0,2,2,2,2,10,0,0,2,0,2021-22,Playoffs
0042100144,1610612740,New Orleans,Pelicans,NOP,pelicans,202685,Jonas,Valančiūnas,J. Valančiūnas,jonas-valančiūnas,C,,17,32:38,4,8,0,16,6,12,4,36,0,0,2,6,2021-22,Playoffs
0042100144,1610612740,New Orleans,Pelicans,NOP,pelicans,1630529,Herbert,Jones,H. Jones,herbert-jones,G,,5,35:04,5,0,4,6,8,12,4,30,3,1,3,6,2021-22,Playoffs
0042100144,1610612740,New Orleans,Pelicans,NOP,pelicans,203468,CJ,McCollum,C. McCollum,cj-mccollum,G,,3,36:28,0,3,2,8,8,12,2,36,0,2,1,0,2021-22,Playoffs
0042100144,1610612740,New Orleans,Pelicans,NOP,pelicans,1626204,Larry,Nance Jr.,L. Nance Jr.,larry-nance-jr,,,22,25:08,0,2,0,6,8,12,2,30,0,0,2,1,2021-22,Playoffs
0042100144,1610612740,New Orleans,Pelicans,NOP,pelicans,1630530,Trey,Murphy III,T. Murphy III,trey-murphy-iii,,,25,15:53,1,1,0,0,1,12,2,30,0,0,0,1,2021-22,Playoffs
0042100144,1610612740,New Orleans,Pelicans,NOP,pelicans,1628984,Devonte',Graham,D. Graham,devonte-graham,,,4,12:58,0,2,0,0,0,10,0,22,0,0,0,3,2021-22,Playoffs
0042100144,1610612740,New Orleans,Pelicans,NOP,pelicans,1630230,Naji,Marshall,N. Marshall,naji-marshall,,,8,10:21,2,0,2,2,0,6,2,20,0,0,0,2,2021-22,Playoffs
0042100144,1610612740,New Orleans,Pelicans,NOP,pelicans,1630631,Jose,Alvarado,J. Alvarado,jose-alvarado,,,15,17:48,0,0,0,2,7,4,4,18,0,0,3,3,2021-22,Playoffs
0042100144,1610612740,New Orleans,Pelicans,NOP,pelicans,1626195,Willy,Hernangomez,W. Hernangomez,willy-hernangomez,,,9,1:55,0,2,0,2,0,2,2,6,0,0,1,0,2021-22,Playoffs
0042100144,1610612740,New Orleans,Pelicans,NOP,pelicans,202066,Garrett,Temple,G. Temple,garrett-temple,,,41,1:55,0,0,0,0,0,2,2,6,0,0,0,0,2021-22,Playoffs
0042100144,1610612740,New Orleans,Pelicans,NOP,pelicans,203503,Tony,Snell,T. Snell,tony-snell,,DNP - Coach's Decision,21,,0,0,0,0,0,0,0,0,0,0,0,0,2021-22,Playoffs
0042100145,1610612740,New Orleans,Pelicans,NOP,pelicans,1627742,Brandon,Ingram,B. Ingram,brandon-ingram,F,,14,40:32,3,2,0,8,19,6,10,40,0,1,1,8,2021-22,Playoffs
0042100145,1610612740,New Orleans,Pelicans,NOP,pelicans,1629637,Jaxson,Hayes,J. Hayes,jaxson-hayes,F,,10,15:32,0,4,0,6,10,2,5,18,0,0,1,2,2021-22,Playoffs
0042100145,1610612740,New Orleans,Pelicans,NOP,pelicans,202685,Jonas,Valančiūnas,J. Valančiūnas,jonas-valančiūnas,C,,17,31:52,0,4,2,12,15,2,2,28,0,0,3,2,2021-22,Playoffs
0042100145,1610612740,New Orleans,Pelicans,NOP,pelicans,1630529,Herbert,Jones,H. Jones,herbert-jones,G,,5,40:21,0,1,0,0,16,4,7,42,2,0,3,1,2021-22,Playoffs
0042100145,1610612740,New Orleans,Pelicans,NOP,pelicans,203468,CJ,McCollum,C. McCollum,cj-mccollum,G,,3,40:13,2,2,0,6,16,4,7,42,2,1,4,3,2021-22,Playoffs
0042100145,1610612740,New Orleans,Pelicans,NOP,pelicans,1626204,Larry,Nance Jr.,L. Nance Jr.,larry-nance-jr,,,22,19:36,2,2,2,2,12,4,8,20,0,0,1,3,2021-22,Playoffs
0042100145,1610612740,New Orleans,Pelicans,NOP,pelicans,1630530,Trey,Murphy III,T. Murphy III,trey-murphy-iii,,,25,13:12,0,0,0,0,9,4,3,12,1,0,3,1,2021-22,Playoffs
0042100145,1610612740,New Orleans,Pelicans,NOP,pelicans,1628984,Devonte',Graham,D. Graham,devonte-graham,,,4,11:40,0,0,0,0,9,2,3,8,0,2,0,2,2021-22,Playoffs
0042100145,1610612740,New Orleans,Pelicans,NOP,pelicans,1630230,Naji,Marshall,N. Marshall,naji-marshall,,,8,6:55,0,0,0,4,2,2,0,6,0,0,1,1,2021-22,Playoffs
0042100145,1610612740,New Orleans,Pelicans,NOP,pelicans,1630631,Jose,Alvarado,J. Alvarado,jose-alvarado,,,15,20:07,5,0,0,2,7,0,5,14,0,0,3,2,2021-22,Playoffs
0042100145,1610612740,New Orleans,Pelicans,NOP,pelicans,1626195,Willy,Hernangomez,W. Hernangomez,willy-hernangomez,,DNP - Coach's Decision,9,,0,0,0,0,0,0,0,0,0,0,0,0,2021-22,Playoffs
0042100145,1610612740,New Orleans,Pelicans,NOP,pelicans,203503,Tony,Snell,T. Snell,tony-snell,,DNP - Coach's Decision,21,,0,0,0,0,0,0,0,0,0,0,0,0,2021-22,Playoffs
0042100145,1610612740,New Orleans,Pelicans,NOP,pelicans,202066,Garrett,Temple,G. Temple,garrett-temple,,DNP - Coach's Decision,41,,0,0,0,0,0,0,0,0,0,0,0,0,2021-22,Playoffs
0042100145,1610612756,Phoenix,Suns,PHX,suns,1628969,Mikal,Bridges,M. Bridges,mikal-bridges,F,,25,46:54,7,2,4,14,12,15,4,40,4,1,1,3,2021-22,Playoffs
0042100145,1610612756,Phoenix,Suns,PHX,suns,203109,Jae,Crowder,J. Crowder,jae-crowder,F,,99,22:30,2,0,0,4,6,10,2,22,0,0,5,1,2021-22,Playoffs
0042100145,1610612756,Phoenix,Suns,PHX,suns,1629028,Deandre,Ayton,D. Ayton,deandre-ayton,C,,22,35:05,2,2,0,12,12,12,4,26,0,0,3,3,2021-22,Playoffs
0042100145,1610612756,Phoenix,Suns,PHX,suns,1629661,Cameron,Johnson,C. Johnson,cameron-johnson,G,,23,36:33,0,0,0,4,8,15,4,36,0,0,2,1,2021-22,Playoffs
0042100145,1610612756,Phoenix,Suns,PHX,suns,101108,Chris,Paul,C. Paul,chris-paul,G,,3,38:56,4,0,0,10,12,15,4,36,0,0,2,7,2021-22,Playoffs
0042100145,1610612756,Phoenix,Suns,PHX,suns,201580,JaVale,McGee,J. McGee,javale-mcgee,,,00,9:10,0,2,0,2,0,0,0,10,0,1,2,2,2021-22,Playoffs
0042100145,1610612756,Phoenix,Suns,PHX,suns,1626166,Cameron,Payne,C. Payne,cameron-payne,,,15,11:54,5,0,3,0,0,0,0,6,0,1,6,1,2021-22,Playoffs
0042100145,1610612756,Phoenix,Suns,PHX,suns,1629013,Landry,Shamet,L. Shamet,landry-shamet,,,14,25:25,3,0,3,0,7,5,2,16,0,1,1,1,2021-22,Playoffs
0042100145,1610612756,Phoenix,Suns,PHX,suns,202687,Bismack,Biyombo,B. Biyombo,bismack-biyombo,,,18,7:43,0,0,0,0,0,3,0,4,0,1,3,0,2021-22,Playoffs
0042100145,1610612756,Phoenix,Suns,PHX,suns,1628988,Aaron,Holiday,A. Holiday,aaron-holiday,,,4,5:50,0,0,0,0,3,0,0,4,0,0,0,1,2021-22,Playoffs
0042100145,1610612756,Phoenix,Suns,PHX,suns,1626164,Devin,Booker,D. Booker,devin-booker,,DND - Injury/Illness,1,,0,0,0,0,0,0,0,0,0,0,0,0,2021-22,Playoffs
0042100145,1610612756,Phoenix,Suns,PHX,suns,1628470,Torrey,Craig,T. Craig,torrey-craig,,DNP - Coach's Decision,0,,0,0,0,0,0,0,0,0,0,0,0,0,2021-22,Playoffs
0042100145,1610612756,Phoenix,Suns,PHX,suns,203901,Elfrid,Payton,E. Payton,elfrid-payton,,DNP - Coach's Decision,2,,0,0,0,0,0,0,0,0,0,0,0,0,2021-22,Playoffs
0042100145,1610612756,Phoenix,Suns,PHX,suns,1630688,Ish,Wainright,I. Wainright,ish-wainright,,DNP - Coach's Decision,12,,0,0,0,0,0,0,0,0,0,0,0,0,2021-22,Playoffs
0042100146,1610612756,Phoenix,Suns,PHX,suns,1628969,Mikal,Bridges,M. Bridges,mikal-bridges,F,,25,44:06,5,0,4,6,19,14,20,58,0,0,1,2,2021-22,Playoffs
0042100146,1610612756,Phoenix,Suns,PHX,suns,203109,Jae,Crowder,J. Crowder,jae-crowder,F,,99,30:22,5,0,0,4,12,10,16,44,1,0,5,5,2021-22,Playoffs
0042100146,1610612756,Phoenix,Suns,PHX,suns,1629028,Deandre,Ayton,D. Ayton,deandre-ayton,C,,22,39:43,2,2,0,14,15,14,16,54,1,0,4,3,2021-22,Playoffs
0042100146,1610612756,Phoenix,Suns,PHX,suns,1626164,Devin,Booker,D. Booker,devin-booker,G,,1,32:14,2,0,0,4,11,6,12,34,0,0,0,2,2021-22,Playoffs
0042100146,1610612756,Phoenix,Suns,PHX,suns,101108,Chris,Paul,C. Paul,chris-paul,G,,3,35:47,7,0,0,6,7,10,11,42,0,0,2,7,2021-22,Playoffs
0042100146,1610612756,Phoenix,Suns,PHX,suns,1629661,Cameron,Johnson,C. Johnson,cameron-johnson,,,23,23:59,4,2,3,4,10,8,7,26,0,0,4,3,2021-22,Playoffs
0042100146,1610612756,Phoenix,Suns,PHX,suns,1629013,Landry,Shamet,L. Shamet,landry-shamet,,,14,11:54,0,0,0,0,5,8,5,16,0,0,0,0,2021-22,Playoffs
0042100146,1610612756,Phoenix,Suns,PHX,suns,1626166,Cameron,Payne,C. Payne,cameron-payne,,,15,13:42,0,0,0,0,12,8,9,20,0,0,1,0,2021-22,Playoffs
0042100146,1610612756,Phoenix,Suns,PHX,suns,201580,JaVale,McGee,J. McGee,javale-mcgee,,,00,3:17,0,0,0,0,0,0,0,0,0,0,2,2,2021-22,Playoffs
0042100146,1610612756,Phoenix,Suns,PHX,suns,202687,Bismack,Biyombo,B. Biyombo,bismack-biyombo,,,18,4:57,0,0,0,2,4,2,4,6,0,0,2,1,2021-22,Playoffs
0042100146,1610612756,Phoenix,Suns,PHX,suns,1628470,Torrey,Craig,T. Craig,torrey-craig,,DNP - Coach's Decision,0,,0,0,0,0,0,0,0,0,0,0,0,0,2021-22,Playoffs
0042100146,1610612756,Phoenix,Suns,PHX,suns,1628988,Aaron,Holiday,A. Holiday,aaron-holiday,,DNP - Coach's Decision,4,,0,0,0,0,0,0,0,0,0,0,0,0,2021-22,Playoffs
0042100146,1610612756,Phoenix,Suns,PHX,suns,203901,Elfrid,Payton,E. Payton,elfrid-payton,,DNP - Coach's Decision,2,,0,0,0,0,0,0,0,0,0,0,0,0,2021-22,Playoffs
0042100146,1610612756,Phoenix,Suns,PHX,suns,1630688,Ish,Wainright,I. Wainright,ish-wainright,,DNP - Coach's Decision,12,,0,0,0,0,0,0,0,0,0,0,0,0,2021-22,Playoffs
0042100146,1610612740,New Orleans,Pelicans,NOP,pelicans,1627742,Brandon,Ingram,B. Ingram,brandon-ingram,F,,14,44:06,3,2,5,10,25,4,7,38,0,0,2,3,2021-22,Playoffs
0042100146,1610612740,New Orleans,Pelicans,NOP,pelicans,1629637,Jaxson,Hayes,J. Hayes,jaxson-hayes,F,,10,12:11,2,0,2,8,5,0,0,14,0,1,2,0,2021-22,Playoffs
0042100146,1610612740,New Orleans,Pelicans,NOP,pelicans,202685,Jonas,Valančiūnas,J. Valančiūnas,jonas-valančiūnas,C,,17,27:28,0,4,0,8,15,4,3,24,0,0,3,2,2021-22,Playoffs
0042100146,1610612740,New Orleans,Pelicans,NOP,pelicans,1630529,Herbert,Jones,H. Jones,herbert-jones,G,,5,39:36,7,0,6,8,22,0,2,32,0,0,5,4,2021-22,Playoffs
0042100146,1610612740,New Orleans,Pelicans,NOP,pelicans,203468,CJ,McCollum,C. McCollum,cj-mccollum,G,,3,33:24,0,4,5,8,14,0,2,26,0,0,5,2,2021-22,Playoffs
0042100146,1610612740,New Orleans,Pelicans,NOP,pelicans,1630530,Trey,Murphy III,T. Murphy III,trey-murphy-iii,,,25,21:57,3,0,0,0,11,4,5,16,0,0,1,1,2021-22,Playoffs
0042100146,1610612740,New Orleans,Pelicans,NOP,pelicans,1630631,Jose,Alvarado,J. Alvarado,jose-alvarado,,,15,30:48,0,0,0,8,16,4,7,24,0,1,4,4,2021-22,Playoffs
0042100146,1610612740,New Orleans,Pelicans,NOP,pelicans,1626204,Larry,Nance Jr.,L. Nance Jr.,larry-nance-jr,,,22,21:00,4,6,2,10,10,0,4,16,0,0,3,5,2021-22,Playoffs
0042100146,1610612740,New Orleans,Pelicans,NOP,pelicans,1628984,Devonte',Graham,D. Graham,devonte-graham,,,4,5:07,0,0,0,0,3,4,5,6,0,0,0,0,2021-22,Playoffs
0042100146,1610612740,New Orleans,Pelicans,NOP,pelicans,1630230,Naji,Marshall,N. Marshall,naji-marshall,,,8,4:24,0,0,0,0,4,0,0,4,0,0,0,0,2021-22,Playoffs
0042100146,1610612740,New Orleans,Pelicans,NOP,pelicans,1626195,Willy,Hernangomez,W. Hernangomez,willy-hernangomez,,DNP - Coach's Decision,9,,0,0,0,0,0,0,0,0,0,0,0,0,2021-22,Playoffs
0042100146,1610612740,New Orleans,Pelicans,NOP,pelicans,203503,Tony,Snell,T. Snell,tony-snell,,DNP - Coach's Decision,21,,0,0,0,0,0,0,0,0,0,0,0,0,2021-22,Playoffs
0042100146,1610612740,New Orleans,Pelicans,NOP,pelicans,202066,Garrett,Temple,G. Temple,garrett-temple,,DNP - Coach's Decision,41,,0,0,0,0,0,0,0,0,0,0,0,0,2021-22,Playoffs
0042100151,1610612750,Minnesota,Timberwolves,MIN,timberwolves,1630162,Anthony,Edwards,A. Edwards,anthony-edwards,F,,1,40:16,2,5,3,8,21,12,15,56,2,0,5,6,2021-22,Playoffs
0042100151,1610612750,Minnesota,Timberwolves,MIN,timberwolves,1629020,Jarred,Vanderbilt,J. Vanderbilt,jarred-vanderbilt,F,,8,18:31,0,2,0,2,16,9,8,34,0,2,2,1,2021-22,Playoffs
0042100151,1610612750,Minnesota,Timberwolves,MIN,timberwolves,1626157,Karl-Anthony,Towns,K. Towns,karl-anthony-towns,C,,32,42:54,4,4,0,18,19,12,16,52,1,3,3,7,2021-22,Playoffs
0042100151,1610612750,Minnesota,Timberwolves,MIN,timberwolves,201976,Patrick,Beverley,P. Beverley,patrick-beverley,G,,22,27:32,0,0,0,4,16,10,8,38,1,0,5,0,2021-22,Playoffs
0042100151,1610612750,Minnesota,Timberwolves,MIN,timberwolves,1626156,D'Angelo,Russell,D. Russell,dangelo-russell,G,,0,29:08,0,0,2,2,16,8,11,40,0,2,3,3,2021-22,Playoffs
0042100151,1610612750,Minnesota,Timberwolves,MIN,timberwolves,1630183,Jaden,McDaniels,J. McDaniels,jaden-mcdaniels,,,3,25:25,2,4,0,6,7,5,8,22,3,0,5,3,2021-22,Playoffs
0042100151,1610612750,Minnesota,Timberwolves,MIN,timberwolves,1627736,Malik,Beasley,M. Beasley,malik-beasley,,,5,30:09,3,4,4,8,13,6,14,30,0,0,5,2,2021-22,Playoffs
0042100151,1610612750,Minnesota,Timberwolves,MIN,timberwolves,1629162,Jordan,McLaughlin,J. McLaughlin,jordan-mclaughlin,,,6,9:23,0,0,0,0,4,2,3,10,0,0,1,0,2021-22,Playoffs
0042100151,1610612750,Minnesota,Timberwolves,MIN,timberwolves,1627752,Taurean,Prince,T. Prince,taurean-prince,,,12,11:36,0,0,0,2,7,4,5,10,0,1,0,2,2021-22,Playoffs
0042100151,1610612750,Minnesota,Timberwolves,MIN,timberwolves,1629675,Naz,Reid,N. Reid,naz-reid,,,11,5:06,0,0,0,0,6,2,2,8,0,0,3,0,2021-22,Playoffs
0042100151,1610612750,Minnesota,Timberwolves,MIN,timberwolves,1630195,Leandro,Bolmaro,L. Bolmaro,leandro-bolmaro,,DNP - Coach's Decision,9,,0,0,0,0,0,0,0,0,0,0,0,0,2021-22,Playoffs
0042100151,1610612750,Minnesota,Timberwolves,MIN,timberwolves,1627774,Jake,Layman,J. Layman,jake-layman,,DNP - Coach's Decision,10,,0,0,0,0,0,0,0,0,0,0,0,0,2021-22,Playoffs
0042100151,1610612750,Minnesota,Timberwolves,MIN,timberwolves,202328,Greg,Monroe,G. Monroe,greg-monroe,,DNP - Coach's Decision,15,,0,0,0,0,0,0,0,0,0,0,0,0,2021-22,Playoffs
0042100151,1610612750,Minnesota,Timberwolves,MIN,timberwolves,1629669,Jaylen,Nowell,J. Nowell,jaylen-nowell,,DNP - Coach's Decision,4,,0,0,0,0,0,0,0,0,0,0,0,0,2021-22,Playoffs
0042100151,1610612750,Minnesota,Timberwolves,MIN,timberwolves,1629006,Josh,Okogie,J. Okogie,josh-okogie,,DNP - Coach's Decision,20,,0,0,0,0,0,0,0,0,0,0,0,0,2021-22,Playoffs
0042100151,1610612763,Memphis,Grizzlies,MEM,grizzlies,1628415,Dillon,Brooks,D. Brooks,dillon-brooks,F,,24,35:22,3,0,3,4,10,17,5,40,0,1,5,7,2021-22,Playoffs
0042100151,1610612763,Memphis,Grizzlies,MEM,grizzlies,1628991,Jaren,Jackson Jr.,J. Jackson Jr.,jaren-jackson-jr,F,,13,24:01,3,2,0,8,7,11,3,20,7,0,5,4,2021-22,Playoffs
0042100151,1610612763,Memphis,Grizzlies,MEM,grizzlies,203500,Steven,Adams,S. Adams,steven-adams,C,,4,24:04,0,0,0,0,6,15,8,32,0,0,4,0,2021-22,Playoffs
0042100151,1610612763,Memphis,Grizzlies,MEM,grizzlies,1630217,Desmond,Bane,D. Bane,desmond-bane,G,,22,33:11,2,0,0,6,5,11,6,26,1,3,0,2,2021-22,Playoffs
0042100151,1610612763,Memphis,Grizzlies,MEM,grizzlies,1629630,Ja,Morant,J. Morant,ja-morant,G,,12,35:26,3,3,4,16,10,19,5,40,0,3,2,12,2021-22,Playoffs
0042100151,1610612763,Memphis,Grizzlies,MEM,grizzlies,1629001,De'Anthony,Melton,D. Melton,deanthony-melton,,,0,14:17,0,2,0,2,4,6,3,26,0,0,2,0,2021-22,Playoffs
0042100151,1610612763,Memphis,Grizzlies,MEM,grizzlies,203937,Kyle,Anderson,K. Anderson,kyle-anderson,,,1,20:39,4,1,5,4,5,8,7,28,0,0,1,2,2021-22,Playoffs
0042100151,1610612763,Memphis,Grizzlies,MEM,grizzlies,1626145,Tyus,Jones,T. Jones,tyus-jones,,,21,15:56,2,2,0,4,3,2,4,12,0,0,1,2,2021-22,Playoffs
0042100151,1610612763,Memphis,Grizzlies,MEM,grizzlies,1629634,Brandon,Clarke,B. Clarke,brandon-clarke,,,15,27:16,6,4,2,12,4,4,0,20,0,0,2,2,2021-22,Playoffs
0042100151,1610612763,Memphis,Grizzlies,MEM,grizzlies,1630533,Ziaire,Williams,Z. Williams,ziaire-williams,,,8,9:48,2,0,4,4,1,2,4,6,0,0,2,1,2021-22,Playoffs
0042100151,1610612763,Memphis,Grizzlies,MEM,grizzlies,1630583,Santi,Aldama,S. Aldama,santi-aldama,,DNP - Coach's Decision,7,,0,0,0,0,0,0,0,0,0,0,0,0,2021-22,Playoffs
0042100151,1610612763,Memphis,Grizzlies,MEM,grizzlies,1629633,Jarrett,Culver,J. Culver,jarrett-culver,,DNP - Coach's Decision,23,,0,0,0,0,0,0,0,0,0,0,0,0,2021-22,Playoffs
0042100151,1610612763,Memphis,Grizzlies,MEM,grizzlies,1629723,John,Konchar,J. Konchar,john-konchar,,DNP - Coach's Decision,46,,0,0,0,0,0,0,0,0,0,0,0,0,2021-22,Playoffs
0042100151,1610612763,Memphis,Grizzlies,MEM,grizzlies,1630214,Xavier,Tillman,X. Tillman,xavier-tillman,,DNP - Coach's Decision,2,,0,0,0,0,0,0,0,0,0,0,0,0,2021-22,Playoffs
0042100152,1610612750,Minnesota,Timberwolves,MIN,timberwolves,1630162,Anthony,Edwards,A. Edwards,anthony-edwards,F,,1,33:53,2,0,5,6,18,10,10,44,0,0,4,1,2021-22,Playoffs
0042100152,1610612750,Minnesota,Timberwolves,MIN,timberwolves,1629020,Jarred,Vanderbilt,J. Vanderbilt,jarred-vanderbilt,F,,8,9:12,0,0,0,0,1,2,3,8,0,0,2,3,2021-22,Playoffs
0042100152,1610612750,Minnesota,Timberwolves,MIN,timberwolves,1626157,Karl-Anthony,Towns,K. Towns,karl-anthony-towns,C,,32,27:57,2,2,0,8,12,12,7,44,2,0,5,5,2021-22,Playoffs
0042100152,1610612750,Minnesota,Timberwolves,MIN,timberwolves,201976,Patrick,Beverley,P. Beverley,patrick-beverley,G,,22,29:26,2,2,0,2,14,7,6,32,1,0,3,4,2021-22,Playoffs
0042100152,1610612750,Minnesota,Timberwolves,MIN,timberwolves,1626156,D'Angelo,Russell,D. Russell,dangelo-russell,G,,0,27:36,0,2,0,0,13,12,6,32,0,1,3,4,2021-22,Playoffs
0042100152,1610612750,Minnesota,Timberwolves,MIN,timberwolves,1627736,Malik,Beasley,M. Beasley,malik-beasley,,,5,22:06,0,0,2,4,20,17,5,34,0,0,2,0,2021-22,Playoffs
0042100152,1610612750,Minnesota,Timberwolves,MIN,timberwolves,1630183,Jaden,McDaniels,J. McDaniels,jaden-mcdaniels,,,3,21:06,0,0,0,0,16,5,4,32,3,0,2,0,2021-22,Playoffs
0042100152,1610612750,Minnesota,Timberwolves,MIN,timberwolves,1629162,Jordan,McLaughlin,J. McLaughlin,jordan-mclaughlin,,,6,17:22,4,0,0,4,14,12,6,24,0,0,1,0,2021-22,Playoffs
0042100152,1610612750,Minnesota,Timberwolves,MIN,timberwolves,1629675,Naz,Reid,N. Reid,naz-reid,,,11,20:03,3,2,0,0,16,7,5,16,2,0,3,4,2021-22,Playoffs
0042100152,1610612750,Minnesota,Timberwolves,MIN,timberwolves,1627752,Taurean,Prince,T. Prince,taurean-prince,,,12,17:11,0,0,2,4,10,9,5,14,1,0,2,1,2021-22,Playoffs
0042100152,1610612750,Minnesota,Timberwolves,MIN,timberwolves,1629669,Jaylen,Nowell,J. Nowell,jaylen-nowell,,,4,11:56,2,0,2,6,6,2,3,18,0,0,1,0,2021-22,Playoffs
0042100152,1610612750,Minnesota,Timberwolves,MIN,timberwolves,1629006,Josh,Okogie,J. Okogie,josh-okogie,,,20,2:12,0,0,0,0,0,0,0,2,0,0,0,0,2021-22,Playoffs
0042100152,1610612750,Minnesota,Timberwolves,MIN,timberwolves,1630195,Leandro,Bolmaro,L. Bolmaro,leandro-bolmaro,,DNP - Coach's Decision,9,,0,0,0,0,0,0,0,0,0,0,0,0,2021-22,Playoffs
0042100152,1610612750,Minnesota,Timberwolves,MIN,timberwolves,1627774,Jake,Layman,J. Layman,jake-layman,,DNP - Coach's Decision,10,,0,0,0,0,0,0,0,0,0,0,0,0,2021-22,Playoffs
0042100152,1610612750,Minnesota,Timberwolves,MIN,timberwolves,202328,Greg,Monroe,G. Monroe,greg-monroe,,DNP - Coach's Decision,15,,0,0,0,0,0,0,0,0,0,0,0,0,2021-22,Playoffs
0042100152,1610612763,Memphis,Grizzlies,MEM,grizzlies,1628415,Dillon,Brooks,D. Brooks,dillon-brooks,F,,24,25:54,2,0,0,4,7,4,4,12,0,0,2,1,2021-22,Playoffs
0042100152,1610612763,Memphis,Grizzlies,MEM,grizzlies,1628991,Jaren,Jackson Jr.,J. Jackson Jr.,jaren-jackson-jr,F,,13,26:50,5,3,3,2,3,6,5,12,1,3,4,4,2021-22,Playoffs
0042100152,1610612763,Memphis,Grizzlies,MEM,grizzlies,203500,Steven,Adams,S. Adams,steven-adams,C,,4,2:50,0,0,0,0,0,2,0,2,0,0,2,0,2021-22,Playoffs
0042100152,1610612763,Memphis,Grizzlies,MEM,grizzlies,1630217,Desmond,Bane,D. Bane,desmond-bane,G,,22,31:28,4,2,0,4,9,6,5,20,0,0,1,4,2021-22,Playoffs
0042100152,1610612763,Memphis,Grizzlies,MEM,grizzlies,1629630,Ja,Morant,J. Morant,ja-morant,G,,12,29:56,3,0,1,14,4,8,2,14,0,1,3,7,2021-22,Playoffs
0042100152,1610612763,Memphis,Grizzlies,MEM,grizzlies,1629634,Brandon,Clarke,B. Clarke,brandon-clarke,,,15,20:51,4,0,0,10,2,2,3,12,0,2,4,3,2021-22,Playoffs
0042100152,1610612763,Memphis,Grizzlies,MEM,grizzlies,1630533,Ziaire,Williams,Z. Williams,ziaire-williams,,,8,19:09,5,6,2,4,8,2,7,20,0,0,2,3,2021-22,Playoffs
0042100152,1610612763,Memphis,Grizzlies,MEM,grizzlies,203937,Kyle,Anderson,K. Anderson,kyle-anderson,,,1,18:23,0,0,0,2,4,4,4,10,0,1,0,0,2021-22,Playoffs
0042100152,1610612763,Memphis,Grizzlies,MEM,grizzlies,1626145,Tyus,Jones,T. Jones,tyus-jones,,,21,16:28,3,0,6,6,9,2,5,14,0,0,0,2,2021-22,Playoffs
0042100152,1610612763,Memphis,Grizzlies,MEM,grizzlies,1630214,Xavier,Tillman,X. Tillman,xavier-tillman,,,2,20:46,2,4,0,12,12,2,6,22,0,0,3,3,2021-22,Playoffs
0042100152,1610612763,Memphis,Grizzlies,MEM,grizzlies,1629001,De'Anthony,Melton,D. Melton,deanthony-melton,,,0,18:06,0,4,0,0,9,2,6,16,0,2,1,1,2021-22,Playoffs
0042100152,1610612763,Memphis,Grizzlies,MEM,grizzlies,1629723,John,Konchar,J. Konchar,john-konchar,,,46,4:40,0,0,0,0,4,0,4,8,0,0,0,0,2021-22,Playoffs
0042100152,1610612763,Memphis,Grizzlies,MEM,grizzlies,1629633,Jarrett,Culver,J. Culver,jarrett-culver,,,23,4:40,0,0,0,2,4,0,4,8,0,0,0,0,2021-22,Playoffs
0042100153,1610612763,Memphis,Grizzlies,MEM,grizzlies,1628415,Dillon,Brooks,D. Brooks,dillon-brooks,F,,24,36:55,3,3,2,6,24,13,15,30,0,3,3,7,2021-22,Playoffs
0042100153,1610612763,Memphis,Grizzlies,MEM,grizzlies,203937,Kyle,Anderson,K. Anderson,kyle-anderson,F,,1,26:28,0,2,0,4,15,11,15,24,1,0,3,2,2021-22,Playoffs
0042100153,1610612763,Memphis,Grizzlies,MEM,grizzlies,1628991,Jaren,Jackson Jr.,J. Jackson Jr.,jaren-jackson-jr,C,,13,21:01,0,3,0,2,6,9,4,12,2,1,5,1,2021-22,Playoffs
0042100153,1610612763,Memphis,Grizzlies,MEM,grizzlies,1630217,Desmond,Bane,D. Bane,desmond-bane,G,,22,40:29,5,3,1,2,26,18,17,36,2,2,1,3,2021-22,Playoffs
0042100153,1610612763,Memphis,Grizzlies,MEM,grizzlies,1629630,Ja,Morant,J. Morant,ja-morant,G,,12,40:33,6,2,1,8,24,10,15,30,3,3,4,8,2021-22,Playoffs
0042100153,1610612763,Memphis,Grizzlies,MEM,grizzlies,1630214,Xavier,Tillman,X. Tillman,xavier-tillman,,,2,15:58,0,1,1,4,12,3,8,16,0,0,1,2,2021-22,Playoffs
0042100153,1610612763,Memphis,Grizzlies,MEM,grizzlies,1626145,Tyus,Jones,T. Jones,tyus-jones,,,21,14:10,5,3,0,0,7,8,5,14,0,1,0,0,2021-22,Playoffs
0042100153,1610612763,Memphis,Grizzlies,MEM,grizzlies,1630533,Ziaire,Williams,Z. Williams,ziaire-williams,,,8,8:09,2,0,0,2,5,5,8,12,0,0,2,0,2021-22,Playoffs
0042100153,1610612763,Memphis,Grizzlies,MEM,grizzlies,1629634,Brandon,Clarke,B. Clarke,brandon-clarke,,,15,29:29,0,6,2,12,21,13,13,22,1,1,0,5,2021-22,Playoffs
0042100153,1610612763,Memphis,Grizzlies,MEM,grizzlies,1629001,De'Anthony,Melton,D. Melton,deanthony-melton,,,0,6:48,0,0,0,0,5,0,0,4,0,0,1,0,2021-22,Playoffs
0042100153,1610612763,Memphis,Grizzlies,MEM,grizzlies,203500,Steven,Adams,S. Adams,steven-adams,,DNP - Coach's Decision,4,,0,0,0,0,0,0,0,0,0,0,0,0,2021-22,Playoffs
0042100153,1610612763,Memphis,Grizzlies,MEM,grizzlies,1629633,Jarrett,Culver,J. Culver,jarrett-culver,,DNP - Coach's Decision,23,,0,0,0,0,0,0,0,0,0,0,0,0,2021-22,Playoffs
0042100153,1610612763,Memphis,Grizzlies,MEM,grizzlies,1629723,John,Konchar,J. Konchar,john-konchar,,DNP - Coach's Decision,46,,0,0,0,0,0,0,0,0,0,0,0,0,2021-22,Playoffs
0042100153,1610612750,Minnesota,Timberwolves,MIN,timberwolves,1630162,Anthony,Edwards,A. Edwards,anthony-edwards,F,,1,40:01,5,6,4,4,14,23,4,32,0,1,3,4,2021-22,Playoffs
0042100153,1610612750,Minnesota,Timberwolves,MIN,timberwolves,1629020,Jarred,Vanderbilt,J. Vanderbilt,jarred-vanderbilt,F,,8,32:03,1,4,0,4,10,13,4,28,0,2,5,5,2021-22,Playoffs
0042100153,1610612750,Minnesota,Timberwolves,MIN,timberwolves,1626157,Karl-Anthony,Towns,K. Towns,karl-anthony-towns,C,,32,32:46,0,2,0,4,10,20,4,28,5,0,5,4,2021-22,Playoffs
0042100153,1610612750,Minnesota,Timberwolves,MIN,timberwolves,201976,Patrick,Beverley,P. Beverley,patrick-beverley,G,,22,33:43,7,0,6,10,11,22,1,28,2,1,4,3,2021-22,Playoffs
0042100153,1610612750,Minnesota,Timberwolves,MIN,timberwolves,1626156,D'Angelo,Russell,D. Russell,dangelo-russell,G,,0,38:38,9,0,4,10,15,13,7,32,0,1,3,1,2021-22,Playoffs
0042100153,1610612750,Minnesota,Timberwolves,MIN,timberwolves,1627736,Malik,Beasley,M. Beasley,malik-beasley,,,5,24:56,5,0,3,4,16,11,6,22,1,3,0,1,2021-22,Playoffs
0042100153,1610612750,Minnesota,Timberwolves,MIN,timberwolves,1630183,Jaden,McDaniels,J. McDaniels,jaden-mcdaniels,,,3,21:39,2,3,3,2,13,3,3,16,1,0,2,1,2021-22,Playoffs
0042100153,1610612750,Minnesota,Timberwolves,MIN,timberwolves,1629675,Naz,Reid,N. Reid,naz-reid,,,11,10:08,0,3,0,2,9,3,3,2,2,1,5,1,2021-22,Playoffs
0042100153,1610612750,Minnesota,Timberwolves,MIN,timberwolves,1627752,Taurean,Prince,T. Prince,taurean-prince,,,12,6:00,0,0,0,0,7,7,3,12,0,0,1,0,2021-22,Playoffs
0042100153,1610612750,Minnesota,Timberwolves,MIN,timberwolves,202328,Greg,Monroe,G. Monroe,greg-monroe,,,15,0:06,0,0,0,0,0,0,0,0,0,0,0,0,2021-22,Playoffs
0042100153,1610612750,Minnesota,Timberwolves,MIN,timberwolves,1630195,Leandro,Bolmaro,L. Bolmaro,leandro-bolmaro,,DNP - Coach's Decision,9,,0,0,0,0,0,0,0,0,0,0,0,0,2021-22,Playoffs
0042100153,1610612750,Minnesota,Timberwolves,MIN,timberwolves,1627774,Jake,Layman,J. Layman,jake-layman,,DNP - Coach's Decision,10,,0,0,0,0,0,0,0,0,0,0,0,0,2021-22,Playoffs
0042100153,1610612750,Minnesota,Timberwolves,MIN,timberwolves,1629162,Jordan,McLaughlin,J. McLaughlin,jordan-mclaughlin,,DNP - Coach's Decision,6,,0,0,0,0,0,0,0,0,0,0,0,0,2021-22,Playoffs
0042100153,1610612750,Minnesota,Timberwolves,MIN,timberwolves,1629669,Jaylen,Nowell,J. Nowell,jaylen-nowell,,DNP - Coach's Decision,4,,0,0,0,0,0,0,0,0,0,0,0,0,2021-22,Playoffs
0042100153,1610612750,Minnesota,Timberwolves,MIN,timberwolves,1629006,Josh,Okogie,J. Okogie,josh-okogie,,DNP - Coach's Decision,20,,0,0,0,0,0,0,0,0,0,0,0,0,2021-22,Playoffs
0042100154,1610612763,Memphis,Grizzlies,MEM,grizzlies,1628415,Dillon,Brooks,D. Brooks,dillon-brooks,F,,24,34:04,1,0,3,10,17,5,7,20,1,1,5,1,2021-22,Playoffs
0042100154,1610612763,Memphis,Grizzlies,MEM,grizzlies,1628991,Jaren,Jackson Jr.,J. Jackson Jr.,jaren-jackson-jr,F,,13,23:14,0,0,0,4,13,3,7,8,2,1,6,2,2021-22,Playoffs
0042100154,1610612763,Memphis,Grizzlies,MEM,grizzlies,1630214,Xavier,Tillman,X. Tillman,xavier-tillman,C,,2,15:32,2,0,0,2,5,3,5,8,0,0,5,0,2021-22,Playoffs
0042100154,1610612763,Memphis,Grizzlies,MEM,grizzlies,1630217,Desmond,Bane,D. Bane,desmond-bane,G,,22,34:55,7,0,5,6,17,7,6,24,0,2,5,3,2021-22,Playoffs
0042100154,1610612763,Memphis,Grizzlies,MEM,grizzlies,1629630,Ja,Morant,J. Morant,ja-morant,G,,12,33:47,4,0,2,8,19,7,9,22,0,2,4,5,2021-22,Playoffs
0042100154,1610612763,Memphis,Grizzlies,MEM,grizzlies,1629634,Brandon,Clarke,B. Clarke,brandon-clarke,,,15,28:53,2,0,2,14,14,4,4,20,1,1,1,3,2021-22,Playoffs
0042100154,1610612763,Memphis,Grizzlies,MEM,grizzlies,203937,Kyle,Anderson,K. Anderson,kyle-anderson,,,1,22:27,0,2,0,4,6,4,2,20,0,0,4,1,2021-22,Playoffs
0042100154,1610612763,Memphis,Grizzlies,MEM,grizzlies,1630533,Ziaire,Williams,Z. Williams,ziaire-williams,,,8,14:00,0,0,0,0,4,2,2,10,0,1,0,3,2021-22,Playoffs
0042100154,1610612763,Memphis,Grizzlies,MEM,grizzlies,1626145,Tyus,Jones,T. Jones,tyus-jones,,,21,21:58,0,1,0,2,0,0,3,10,0,0,1,5,2021-22,Playoffs
0042100154,1610612763,Memphis,Grizzlies,MEM,grizzlies,203500,Steven,Adams,S. Adams,steven-adams,,,4,3:41,0,0,0,0,0,0,0,2,0,0,1,0,2021-22,Playoffs
0042100154,1610612763,Memphis,Grizzlies,MEM,grizzlies,1629001,De'Anthony,Melton,D. Melton,deanthony-melton,,,0,7:27,0,0,0,0,0,0,0,6,0,0,1,0,2021-22,Playoffs
0042100154,1610612763,Memphis,Grizzlies,MEM,grizzlies,1629723,John,Konchar,J. Konchar,john-konchar,,,46,0:02,0,0,0,0,0,0,0,0,0,0,0,0,2021-22,Playoffs
0042100154,1610612763,Memphis,Grizzlies,MEM,grizzlies,1629633,Jarrett,Culver,J. Culver,jarrett-culver,,DNP - Coach's Decision,23,,0,0,0,0,0,0,0,0,0,0,0,0,2021-22,Playoffs
0042100154,1610612750,Minnesota,Timberwolves,MIN,timberwolves,1630162,Anthony,Edwards,A. Edwards,anthony-edwards,F,,1,37:05,3,0,0,6,14,3,8,36,3,0,2,4,2021-22,Playoffs
0042100154,1610612750,Minnesota,Timberwolves,MIN,timberwolves,1629020,Jarred,Vanderbilt,J. Vanderbilt,jarred-vanderbilt,F,,8,34:49,2,0,4,12,15,0,12,40,0,0,3,0,2021-22,Playoffs
0042100154,1610612750,Minnesota,Timberwolves,MIN,timberwolves,1626157,Karl-Anthony,Towns,K. Towns,karl-anthony-towns,C,,32,42:26,5,5,0,8,16,2,12,46,1,1,3,14,2021-22,Playoffs
0042100154,1610612750,Minnesota,Timberwolves,MIN,timberwolves,201976,Patrick,Beverley,P. Beverley,patrick-beverley,G,,22,37:27,7,2,2,2,13,1,12,40,2,1,4,3,2021-22,Playoffs
0042100154,1610612750,Minnesota,Timberwolves,MIN,timberwolves,1626156,D'Angelo,Russell,D. Russell,dangelo-russell,G,,0,34:46,2,0,0,2,12,0,10,32,0,1,4,5,2021-22,Playoffs
0042100154,1610612750,Minnesota,Timberwolves,MIN,timberwolves,1627736,Malik,Beasley,M. Beasley,malik-beasley,,,5,11:35,0,0,0,0,1,2,2,10,0,0,1,0,2021-22,Playoffs
0042100154,1610612750,Minnesota,Timberwolves,MIN,timberwolves,1630183,Jaden,McDaniels,J. McDaniels,jaden-mcdaniels,,,3,10:28,0,0,0,0,1,3,0,8,1,0,5,3,2021-22,Playoffs
0042100154,1610612750,Minnesota,Timberwolves,MIN,timberwolves,1629162,Jordan,McLaughlin,J. McLaughlin,jordan-mclaughlin,,,6,14:09,0,0,3,0,4,3,0,16,0,1,0,1,2021-22,Playoffs
0042100154,1610612750,Minnesota,Timberwolves,MIN,timberwolves,1629675,Naz,Reid,N. Reid,naz-reid,,,11,5:28,0,0,0,0,0,1,0,4,1,0,1,0,2021-22,Playoffs
0042100154,1610612750,Minnesota,Timberwolves,MIN,timberwolves,1627752,Taurean,Prince,T. Prince,taurean-prince,,,12,11:47,0,0,0,0,4,0,4,18,0,0,0,3,2021-22,Playoffs
0042100154,1610612750,Minnesota,Timberwolves,MIN,timberwolves,1630195,Leandro,Bolmaro,L. Bolmaro,leandro-bolmaro,,DNP - Coach's Decision,9,,0,0,0,0,0,0,0,0,0,0,0,0,2021-22,Playoffs
0042100154,1610612750,Minnesota,Timberwolves,MIN,timberwolves,1627774,Jake,Layman,J. Layman,jake-layman,,DNP - Coach's Decision,10,,0,0,0,0,0,0,0,0,0,0,0,0,2021-22,Playoffs
0042100154,1610612750,Minnesota,Timberwolves,MIN,timberwolves,202328,Greg,Monroe,G. Monroe,greg-monroe,,DNP - Coach's Decision,15,,0,0,0,0,0,0,0,0,0,0,0,0,2021-22,Playoffs
0042100154,1610612750,Minnesota,Timberwolves,MIN,timberwolves,1629669,Jaylen,Nowell,J. Nowell,jaylen-nowell,,DNP - Coach's Decision,4,,0,0,0,0,0,0,0,0,0,0,0,0,2021-22,Playoffs
0042100154,1610612750,Minnesota,Timberwolves,MIN,timberwolves,1629006,Josh,Okogie,J. Okogie,josh-okogie,,DNP - Coach's Decision,20,,0,0,0,0,0,0,0,0,0,0,0,0,2021-22,Playoffs
0042100155,1610612750,Minnesota,Timberwolves,MIN,timberwolves,1630162,Anthony,Edwards,A. Edwards,anthony-edwards,F,,1,34:50,0,0,3,6,18,21,16,46,0,0,5,2,2021-22,Playoffs
0042100155,1610612750,Minnesota,Timberwolves,MIN,timberwolves,1629020,Jarred,Vanderbilt,J. Vanderbilt,jarred-vanderbilt,F,,8,22:07,2,0,2,6,14,11,10,32,1,1,1,0,2021-22,Playoffs
0042100155,1610612750,Minnesota,Timberwolves,MIN,timberwolves,1626157,Karl-Anthony,Towns,K. Towns,karl-anthony-towns,C,,32,34:52,9,2,0,4,21,16,14,46,2,3,5,6,2021-22,Playoffs
0042100155,1610612750,Minnesota,Timberwolves,MIN,timberwolves,201976,Patrick,Beverley,P. Beverley,patrick-beverley,G,,22,27:54,0,0,0,4,13,10,13,32,1,0,6,5,2021-22,Playoffs
0042100155,1610612750,Minnesota,Timberwolves,MIN,timberwolves,1626156,D'Angelo,Russell,D. Russell,dangelo-russell,G,,0,38:56,0,0,0,0,20,23,16,48,0,0,3,3,2021-22,Playoffs
0042100155,1610612750,Minnesota,Timberwolves,MIN,timberwolves,1630183,Jaden,McDaniels,J. McDaniels,jaden-mcdaniels,,,3,17:46,0,0,0,0,4,8,4,24,2,0,3,0,2021-22,Playoffs
0042100155,1610612750,Minnesota,Timberwolves,MIN,timberwolves,1627736,Malik,Beasley,M. Beasley,malik-beasley,,,5,14:19,2,2,2,4,7,4,5,22,0,1,0,0,2021-22,Playoffs
0042100155,1610612750,Minnesota,Timberwolves,MIN,timberwolves,1629675,Naz,Reid,N. Reid,naz-reid,,,11,13:08,2,2,3,6,2,7,5,16,1,2,2,1,2021-22,Playoffs
0042100155,1610612750,Minnesota,Timberwolves,MIN,timberwolves,1629162,Jordan,McLaughlin,J. McLaughlin,jordan-mclaughlin,,,6,17:22,0,0,0,2,5,8,5,20,0,0,2,0,2021-22,Playoffs
0042100155,1610612750,Minnesota,Timberwolves,MIN,timberwolves,1627752,Taurean,Prince,T. Prince,taurean-prince,,,12,18:46,2,0,0,6,11,7,7,24,0,0,2,2,2021-22,Playoffs
0042100155,1610612750,Minnesota,Timberwolves,MIN,timberwolves,1630195,Leandro,Bolmaro,L. Bolmaro,leandro-bolmaro,,DNP - Coach's Decision,9,,0,0,0,0,0,0,0,0,0,0,0,0,2021-22,Playoffs
0042100155,1610612750,Minnesota,Timberwolves,MIN,timberwolves,1627774,Jake,Layman,J. Layman,jake-layman,,DNP - Coach's Decision,10,,0,0,0,0,0,0,0,0,0,0,0,0,2021-22,Playoffs
0042100155,1610612750,Minnesota,Timberwolves,MIN,timberwolves,202328,Greg,Monroe,G. Monroe,greg-monroe,,DNP - Coach's Decision,15,,0,0,0,0,0,0,0,0,0,0,0,0,2021-22,Playoffs
0042100155,1610612750,Minnesota,Timberwolves,MIN,timberwolves,1629669,Jaylen,Nowell,J. Nowell,jaylen-nowell,,DNP - Coach's Decision,4,,0,0,0,0,0,0,0,0,0,0,0,0,2021-22,Playoffs
0042100155,1610612750,Minnesota,Timberwolves,MIN,timberwolves,1629006,Josh,Okogie,J. Okogie,josh-okogie,,DNP - Coach's Decision,20,,0,0,0,0,0,0,0,0,0,0,0,0,2021-22,Playoffs
0042100155,1610612763,Memphis,Grizzlies,MEM,grizzlies,1628415,Dillon,Brooks,D. Brooks,dillon-brooks,F,,24,35:43,0,0,0,4,11,2,8,18,0,2,1,2,2021-22,Playoffs
0042100155,1610612763,Memphis,Grizzlies,MEM,grizzlies,1628991,Jaren,Jackson Jr.,J. Jackson Jr.,jaren-jackson-jr,F,,13,17:47,4,4,0,6,8,0,7,18,2,0,6,5,2021-22,Playoffs
0042100155,1610612763,Memphis,Grizzlies,MEM,grizzlies,1630214,Xavier,Tillman,X. Tillman,xavier-tillman,C,,2,15:54,2,0,0,2,17,2,7,14,0,0,0,0,2021-22,Playoffs
0042100155,1610612763,Memphis,Grizzlies,MEM,grizzlies,1630217,Desmond,Bane,D. Bane,desmond-bane,G,,22,44:34,2,5,8,10,17,6,7,36,3,3,3,3,2021-22,Playoffs
0042100155,1610612763,Memphis,Grizzlies,MEM,grizzlies,1629630,Ja,Morant,J. Morant,ja-morant,G,,12,44:32,7,5,4,16,13,6,8,30,0,0,3,11,2021-22,Playoffs
0042100155,1610612763,Memphis,Grizzlies,MEM,grizzlies,1629634,Brandon,Clarke,B. Clarke,brandon-clarke,,,15,36:49,4,9,3,18,7,4,3,28,1,1,2,6,2021-22,Playoffs
0042100155,1610612763,Memphis,Grizzlies,MEM,grizzlies,1630533,Ziaire,Williams,Z. Williams,ziaire-williams,,,8,4:07,0,0,0,0,0,0,3,2,0,1,0,0,2021-22,Playoffs
0042100155,1610612763,Memphis,Grizzlies,MEM,grizzlies,203937,Kyle,Anderson,K. Anderson,kyle-anderson,,,1,17:32,4,0,4,6,2,6,3,14,1,0,2,1,2021-22,Playoffs
0042100155,1610612763,Memphis,Grizzlies,MEM,grizzlies,1626145,Tyus,Jones,T. Jones,tyus-jones,,,21,20:16,0,0,0,0,6,4,2,22,0,0,2,1,2021-22,Playoffs
0042100155,1610612763,Memphis,Grizzlies,MEM,grizzlies,1629723,John,Konchar,J. Konchar,john-konchar,,,46,2:47,0,0,0,0,4,0,2,8,0,0,0,0,2021-22,Playoffs
0042100155,1610612763,Memphis,Grizzlies,MEM,grizzlies,203500,Steven,Adams,S. Adams,steven-adams,,DNP - Coach's Decision,4,,0,0,0,0,0,0,0,0,0,0,0,0,2021-22,Playoffs
0042100155,1610612763,Memphis,Grizzlies,MEM,grizzlies,1629633,Jarrett,Culver,J. Culver,jarrett-culver,,DNP - Coach's Decision,23,,0,0,0,0,0,0,0,0,0,0,0,0,2021-22,Playoffs
0042100155,1610612763,Memphis,Grizzlies,MEM,grizzlies,1629001,De'Anthony,Melton,D. Melton,deanthony-melton,,DNP - Coach's Decision,0,,0,0,0,0,0,0,0,0,0,0,0,0,2021-22,Playoffs
0042100156,1610612763,Memphis,Grizzlies,MEM,grizzlies,1628415,Dillon,Brooks,D. Brooks,dillon-brooks,F,,24,31:49,5,2,5,6,11,5,9,28,0,0,6,2,2021-22,Playoffs
0042100156,1610612763,Memphis,Grizzlies,MEM,grizzlies,1628991,Jaren,Jackson Jr.,J. Jackson Jr.,jaren-jackson-jr,F,,13,34:24,6,0,0,6,13,7,6,32,2,1,5,3,2021-22,Playoffs
0042100156,1610612763,Memphis,Grizzlies,MEM,grizzlies,1630214,Xavier,Tillman,X. Tillman,xavier-tillman,C,,2,11:29,0,0,0,2,2,2,4,14,0,0,2,0,2021-22,Playoffs
0042100156,1610612763,Memphis,Grizzlies,MEM,grizzlies,1630217,Desmond,Bane,D. Bane,desmond-bane,G,,22,43:28,5,3,3,6,18,7,5,36,1,0,2,0,2021-22,Playoffs
0042100156,1610612763,Memphis,Grizzlies,MEM,grizzlies,1629630,Ja,Morant,J. Morant,ja-morant,G,,12,38:05,0,2,2,8,16,5,9,32,1,2,0,10,2021-22,Playoffs
0042100156,1610612763,Memphis,Grizzlies,MEM,grizzlies,203937,Kyle,Anderson,K. Anderson,kyle-anderson,,,1,11:52,0,0,0,4,5,0,5,14,1,0,1,0,2021-22,Playoffs
0042100156,1610612763,Memphis,Grizzlies,MEM,grizzlies,1629634,Brandon,Clarke,B. Clarke,brandon-clarke,,,15,33:12,0,6,0,10,18,3,7,32,3,2,2,5,2021-22,Playoffs
0042100156,1610612763,Memphis,Grizzlies,MEM,grizzlies,1626145,Tyus,Jones,T. Jones,tyus-jones,,,21,25:46,0,0,3,4,13,4,8,28,0,0,1,1,2021-22,Playoffs
0042100156,1610612763,Memphis,Grizzlies,MEM,grizzlies,1629723,John,Konchar,J. Konchar,john-konchar,,,46,9:55,0,0,0,0,4,2,2,14,0,0,2,0,2021-22,Playoffs
0042100156,1610612763,Memphis,Grizzlies,MEM,grizzlies,1629633,Jarrett,Culver,J. Culver,jarrett-culver,,DNP - Coach's Decision,23,,0,0,0,0,0,0,0,0,0,0,0,0,2021-22,Playoffs
0042100156,1610612763,Memphis,Grizzlies,MEM,grizzlies,1629001,De'Anthony,Melton,D. Melton,deanthony-melton,,DNP - Coach's Decision,0,,0,0,0,0,0,0,0,0,0,0,0,0,2021-22,Playoffs
0042100156,1610612763,Memphis,Grizzlies,MEM,grizzlies,1630533,Ziaire,Williams,Z. Williams,ziaire-williams,,DNP - Injury/Illness,8,,0,0,0,0,0,0,0,0,0,0,0,0,2021-22,Playoffs
0042100156,1610612750,Minnesota,Timberwolves,MIN,timberwolves,1630162,Anthony,Edwards,A. Edwards,anthony-edwards,F,,1,40:54,5,0,0,10,13,13,10,40,2,2,3,4,2021-22,Playoffs
0042100156,1610612750,Minnesota,Timberwolves,MIN,timberwolves,1629020,Jarred,Vanderbilt,J. Vanderbilt,jarred-vanderbilt,F,,8,12:15,0,2,0,2,7,2,3,14,1,0,3,0,2021-22,Playoffs
0042100156,1610612750,Minnesota,Timberwolves,MIN,timberwolves,1626157,Karl-Anthony,Towns,K. Towns,karl-anthony-towns,C,,32,40:45,4,1,0,8,16,9,13,40,1,4,4,8,2021-22,Playoffs
0042100156,1610612750,Minnesota,Timberwolves,MIN,timberwolves,201976,Patrick,Beverley,P. Beverley,patrick-beverley,G,,22,37:32,4,0,5,2,16,9,11,36,0,0,6,3,2021-22,Playoffs
0042100156,1610612750,Minnesota,Timberwolves,MIN,timberwolves,1626156,D'Angelo,Russell,D. Russell,dangelo-russell,G,,0,27:14,2,0,0,4,13,7,10,26,0,0,1,1,2021-22,Playoffs
0042100156,1610612750,Minnesota,Timberwolves,MIN,timberwolves,1630183,Jaden,McDaniels,J. McDaniels,jaden-mcdaniels,,,3,33:27,2,2,2,6,9,9,8,28,1,0,1,2,2021-22,Playoffs
0042100156,1610612750,Minnesota,Timberwolves,MIN,timberwolves,1627736,Malik,Beasley,M. Beasley,malik-beasley,,,5,15:58,2,0,2,2,3,4,5,16,0,0,1,0,2021-22,Playoffs
0042100156,1610612750,Minnesota,Timberwolves,MIN,timberwolves,1629162,Jordan,McLaughlin,J. McLaughlin,jordan-mclaughlin,,,6,24:50,1,0,2,8,3,8,5,24,0,0,1,2,2021-22,Playoffs
0042100156,1610612750,Minnesota,Timberwolves,MIN,timberwolves,202328,Greg,Monroe,G. Monroe,greg-monroe,,,15,7:05,0,2,0,4,0,4,0,6,0,2,1,1,2021-22,Playoffs
0042100156,1610612750,Minnesota,Timberwolves,MIN,timberwolves,1630195,Leandro,Bolmaro,L. Bolmaro,leandro-bolmaro,,DNP - Coach's Decision,9,,0,0,0,0,0,0,0,0,0,0,0,0,2021-22,Playoffs
0042100156,1610612750,Minnesota,Timberwolves,MIN,timberwolves,1627774,Jake,Layman,J. Layman,jake-layman,,DNP - Coach's Decision,10,,0,0,0,0,0,0,0,0,0,0,0,0,2021-22,Playoffs
0042100156,1610612750,Minnesota,Timberwolves,MIN,timberwolves,1629669,Jaylen,Nowell,J. Nowell,jaylen-nowell,,DNP - Coach's Decision,4,,0,0,0,0,0,0,0,0,0,0,0,0,2021-22,Playoffs
0042100156,1610612750,Minnesota,Timberwolves,MIN,timberwolves,1629006,Josh,Okogie,J. Okogie,josh-okogie,,DNP - Coach's Decision,20,,0,0,0,0,0,0,0,0,0,0,0,0,2021-22,Playoffs
0042100156,1610612750,Minnesota,Timberwolves,MIN,timberwolves,1627752,Taurean,Prince,T. Prince,taurean-prince,,DNP - Coach's Decision,12,,0,0,0,0,0,0,0,0,0,0,0,0,2021-22,Playoffs
0042100156,1610612750,Minnesota,Timberwolves,MIN,timberwolves,1629675,Naz,Reid,N. Reid,naz-reid,,DNP - Personal,11,,0,0,0,0,0,0,0,0,0,0,0,0,2021-22,Playoffs
0042100161,1610612743,Denver,Nuggets,DEN,nuggets,201145,Jeff,Green,J. Green,jeff-green,F,,32,23:11,0,0,0,0,12,11,3,20,0,0,1,2,2021-22,Playoffs
0042100161,1610612743,Denver,Nuggets,DEN,nuggets,203932,Aaron,Gordon,A. Gordon,aaron-gordon,F,,50,26:21,0,2,0,6,12,16,3,22,0,1,2,4,2021-22,Playoffs
0042100161,1610612743,Denver,Nuggets,DEN,nuggets,203999,Nikola,Jokić,N. Jokić,nikola-jokić,C,,15,34:34,2,2,0,22,15,16,3,28,1,2,4,5,2021-22,Playoffs
0042100161,1610612743,Denver,Nuggets,DEN,nuggets,203115,Will,Barton,W. Barton,will-barton,G,,5,35:34,6,0,12,14,16,13,3,32,1,2,1,2,2021-22,Playoffs
0042100161,1610612743,Denver,Nuggets,DEN,nuggets,1628420,Monte,Morris,M. Morris,monte-morris,G,,11,31:23,2,0,2,2,15,16,3,28,0,0,3,3,2021-22,Playoffs
0042100161,1610612743,Denver,Nuggets,DEN,nuggets,203085,Austin,Rivers,A. Rivers,austin-rivers,,,25,26:06,2,0,2,4,11,9,1,24,0,0,2,3,2021-22,Playoffs
0042100161,1610612743,Denver,Nuggets,DEN,nuggets,203210,JaMychal,Green,J. Green,jamychal-green,,,,14:44,0,0,0,0,5,9,0,14,0,0,3,1,2021-22,Playoffs
0042100161,1610612743,Denver,Nuggets,DEN,nuggets,1630538,Bones,Hyland,B. Hyland,bones-hyland,,,3,17:07,0,2,0,4,6,4,1,14,0,1,4,0,2021-22,Playoffs
0042100161,1610612743,Denver,Nuggets,DEN,nuggets,1627854,Bryn,Forbes,B. Forbes,bryn-forbes,,,6,13:47,5,0,0,0,6,2,1,12,0,1,1,0,2021-22,Playoffs
0042100161,1610612743,Denver,Nuggets,DEN,nuggets,202326,DeMarcus,Cousins,D. Cousins,demarcus-cousins,,,4,9:39,0,2,0,2,5,4,0,12,1,1,0,2,2021-22,Playoffs
0042100161,1610612743,Denver,Nuggets,DEN,nuggets,1628427,Vlatko,Čančar,V. Čančar,vlatko-čančar,,,31,3:47,0,0,0,0,1,0,1,2,0,0,0,0,2021-22,Playoffs
0042100161,1610612743,Denver,Nuggets,DEN,nuggets,1630192,Zeke,Nnaji,Z. Nnaji,zeke-nnaji,,,22,3:47,0,0,0,0,1,0,1,2,0,0,1,0,2021-22,Playoffs
0042100161,1610612743,Denver,Nuggets,DEN,nuggets,1630267,Facundo,Campazzo,F. Campazzo,facundo-campazzo,,DND_LEAGUE_SUSPENSION,7,,0,0,0,0,0,0,0,0,0,0,0,0,2021-22,Playoffs
0042100161,1610612744,Golden State,Warriors,GSW,warriors,203952,Andrew,Wiggins,A. Wiggins,andrew-wiggins,F,,22,29:29,3,4,0,8,11,4,14,38,0,0,2,2,2021-22,Playoffs
0042100161,1610612744,Golden State,Warriors,GSW,warriors,203110,Draymond,Green,D. Green,draymond-green,F,,23,28:55,2,0,0,8,8,4,12,38,3,0,2,2,2021-22,Playoffs
0042100161,1610612744,Golden State,Warriors,GSW,warriors,1626172,Kevon,Looney,K. Looney,kevon-looney,C,,5,13:09,2,2,0,4,6,0,10,22,0,1,2,1,2021-22,Playoffs
0042100161,1610612744,Golden State,Warriors,GSW,warriors,202691,Klay,Thompson,K. Thompson,klay-thompson,G,,11,29:05,2,5,0,2,11,6,14,42,0,0,2,0,2021-22,Playoffs
0042100161,1610612744,Golden State,Warriors,GSW,warriors,1629673,Jordan,Poole,J. Poole,jordan-poole,G,,3,30:06,6,0,3,6,9,6,10,40,0,1,3,5,2021-22,Playoffs
0042100161,1610612744,Golden State,Warriors,GSW,warriors,201939,Stephen,Curry,S. Curry,stephen-curry,,,30,21:41,0,3,0,2,7,6,4,24,0,0,1,2,2021-22,Playoffs
0042100161,1610612744,Golden State,Warriors,GSW,warriors,203490,Otto,Porter Jr.,O. Porter Jr.,otto-porter-jr,,,32,25:05,2,0,0,2,4,6,2,20,1,0,4,2,2021-22,Playoffs
0042100161,1610612744,Golden State,Warriors,GSW,warriors,202357,Nemanja,Bjelica,N. Bjelica,nemanja-bjelica,,,8,14:57,0,4,0,4,5,2,2,10,1,0,3,4,2021-22,Playoffs
0042100161,1610612744,Golden State,Warriors,GSW,warriors,1627780,Gary,Payton II,G. Payton II,gary-payton-ii,,,0,19:40,3,2,0,4,6,2,4,12,1,1,0,2,2021-22,Playoffs
0042100161,1610612744,Golden State,Warriors,GSW,warriors,2738,Andre,Iguodala,A. Iguodala,andre-iguodala,,,9,13:25,0,0,0,0,2,4,0,8,1,0,2,0,2021-22,Playoffs
0042100161,1610612744,Golden State,Warriors,GSW,warriors,1629308,Juan,Toscano-Anderson,J. Toscano-Anderson,juan-toscano-anderson,,,95,3:37,0,0,0,0,4,0,2,4,0,0,0,0,2021-22,Playoffs
0042100161,1610612744,Golden State,Warriors,GSW,warriors,1630228,Jonathan,Kuminga,J. Kuminga,jonathan-kuminga,,,00,3:37,0,0,1,0,4,0,2,4,1,0,0,1,2021-22,Playoffs
0042100161,1610612744,Golden State,Warriors,GSW,warriors,1627814,Damion,Lee,D. Lee,damion-lee,,,1,3:37,0,0,0,2,4,0,2,4,0,0,1,0,2021-22,Playoffs
0042100161,1610612744,Golden State,Warriors,GSW,warriors,1630541,Moses,Moody,M. Moody,moses-moody,,,4,3:37,1,0,0,0,4,0,2,4,0,0,0,1,2021-22,Playoffs
0042100162,1610612743,Denver,Nuggets,DEN,nuggets,203932,Aaron,Gordon,A. Gordon,aaron-gordon,F,,50,25:25,0,2,0,4,9,5,4,24,1,0,2,0,2021-22,Playoffs
0042100162,1610612743,Denver,Nuggets,DEN,nuggets,201145,Jeff,Green,J. Green,jeff-green,F,,32,22:52,0,0,0,0,7,5,4,18,0,0,1,0,2021-22,Playoffs
0042100162,1610612743,Denver,Nuggets,DEN,nuggets,203999,Nikola,Jokić,N. Jokić,nikola-jokić,C,,15,28:17,2,10,0,16,13,5,6,22,2,2,5,9,2021-22,Playoffs
0042100162,1610612743,Denver,Nuggets,DEN,nuggets,203115,Will,Barton,W. Barton,will-barton,G,,5,30:56,2,5,2,6,13,5,8,32,0,2,0,0,2021-22,Playoffs
0042100162,1610612743,Denver,Nuggets,DEN,nuggets,1628420,Monte,Morris,M. Morris,monte-morris,G,,11,25:22,2,3,2,4,8,2,6,30,0,0,2,1,2021-22,Playoffs
0042100162,1610612743,Denver,Nuggets,DEN,nuggets,1630538,Bones,Hyland,B. Hyland,bones-hyland,,,3,17:05,0,0,0,0,14,9,5,12,0,0,2,4,2021-22,Playoffs
0042100162,1610612743,Denver,Nuggets,DEN,nuggets,203085,Austin,Rivers,A. Rivers,austin-rivers,,,25,20:50,2,0,2,4,14,6,7,20,0,1,3,0,2021-22,Playoffs
0042100162,1610612743,Denver,Nuggets,DEN,nuggets,203210,JaMychal,Green,J. Green,jamychal-green,,,,17:33,0,4,0,2,13,6,7,18,1,2,2,1,2021-22,Playoffs
0042100162,1610612743,Denver,Nuggets,DEN,nuggets,1627854,Bryn,Forbes,B. Forbes,bryn-forbes,,,6,24:03,0,0,0,0,16,6,7,26,0,0,2,4,2021-22,Playoffs
0042100162,1610612743,Denver,Nuggets,DEN,nuggets,202326,DeMarcus,Cousins,D. Cousins,demarcus-cousins,,,4,12:12,0,2,0,4,9,6,5,16,0,1,3,1,2021-22,Playoffs
0042100162,1610612743,Denver,Nuggets,DEN,nuggets,1630267,Facundo,Campazzo,F. Campazzo,facundo-campazzo,,,7,5:53,0,0,0,0,3,0,2,4,0,0,2,0,2021-22,Playoffs
0042100162,1610612743,Denver,Nuggets,DEN,nuggets,1630192,Zeke,Nnaji,Z. Nnaji,zeke-nnaji,,,22,4:46,0,0,0,0,3,0,2,4,0,0,1,0,2021-22,Playoffs
0042100162,1610612743,Denver,Nuggets,DEN,nuggets,1628427,Vlatko,Čančar,V. Čančar,vlatko-čančar,,,31,4:46,0,0,0,2,3,0,2,4,0,0,0,0,2021-22,Playoffs
0042100162,1610612744,Golden State,Warriors,GSW,warriors,203952,Andrew,Wiggins,A. Wiggins,andrew-wiggins,F,,22,30:41,0,2,0,4,6,22,2,30,1,0,2,2,2021-22,Playoffs
0042100162,1610612744,Golden State,Warriors,GSW,warriors,203110,Draymond,Green,D. Green,draymond-green,F,,23,29:39,0,0,1,2,6,20,2,28,1,0,4,5,2021-22,Playoffs
0042100162,1610612744,Golden State,Warriors,GSW,warriors,1626172,Kevon,Looney,K. Looney,kevon-looney,C,,5,11:20,0,0,0,0,0,5,0,8,0,2,2,0,2021-22,Playoffs
0042100162,1610612744,Golden State,Warriors,GSW,warriors,202691,Klay,Thompson,K. Thompson,klay-thompson,G,,11,35:49,5,3,0,8,6,20,6,30,1,1,3,1,2021-22,Playoffs
0042100162,1610612744,Golden State,Warriors,GSW,warriors,1629673,Jordan,Poole,J. Poole,jordan-poole,G,,3,33:41,10,3,5,8,4,17,4,30,1,0,2,7,2021-22,Playoffs
0042100162,1610612744,Golden State,Warriors,GSW,warriors,203490,Otto,Porter Jr.,O. Porter Jr.,otto-porter-jr,,,32,22:28,0,0,0,0,8,17,6,24,1,0,1,1,2021-22,Playoffs
0042100162,1610612744,Golden State,Warriors,GSW,warriors,201939,Stephen,Curry,S. Curry,stephen-curry,,,30,22:57,6,0,5,10,4,15,2,18,1,0,3,4,2021-22,Playoffs
0042100162,1610612744,Golden State,Warriors,GSW,warriors,202357,Nemanja,Bjelica,N. Bjelica,nemanja-bjelica,,,8,16:20,0,2,0,10,4,8,4,14,0,0,2,0,2021-22,Playoffs
0042100162,1610612744,Golden State,Warriors,GSW,warriors,1627780,Gary,Payton II,G. Payton II,gary-payton-ii,,,0,17:60,1,1,0,0,2,6,4,12,2,1,1,2,2021-22,Playoffs
0042100162,1610612744,Golden State,Warriors,GSW,warriors,1629308,Juan,Toscano-Anderson,J. Toscano-Anderson,juan-toscano-anderson,,,95,4:46,3,0,2,2,0,0,0,4,0,0,0,2,2021-22,Playoffs
0042100162,1610612744,Golden State,Warriors,GSW,warriors,1627814,Damion,Lee,D. Lee,damion-lee,,,1,4:46,0,0,0,2,0,0,0,4,0,0,0,1,2021-22,Playoffs
0042100162,1610612744,Golden State,Warriors,GSW,warriors,1630541,Moses,Moody,M. Moody,moses-moody,,,4,4:46,0,0,0,0,0,0,0,4,0,0,0,0,2021-22,Playoffs
0042100162,1610612744,Golden State,Warriors,GSW,warriors,1630228,Jonathan,Kuminga,J. Kuminga,jonathan-kuminga,,,00,4:46,0,0,0,0,0,0,0,4,0,0,0,0,2021-22,Playoffs
0042100162,1610612744,Golden State,Warriors,GSW,warriors,2738,Andre,Iguodala,A. Iguodala,andre-iguodala,,DND - Injury/Illness,9,,0,0,0,0,0,0,0,0,0,0,0,0,2021-22,Playoffs
0042100163,1610612744,Golden State,Warriors,GSW,warriors,203952,Andrew,Wiggins,A. Wiggins,andrew-wiggins,F,,22,28:38,1,0,0,2,10,6,3,30,0,0,2,1,2021-22,Playoffs
0042100163,1610612744,Golden State,Warriors,GSW,warriors,203110,Draymond,Green,D. Green,draymond-green,F,,23,35:24,0,0,0,2,10,8,3,34,1,1,5,4,2021-22,Playoffs
0042100163,1610612744,Golden State,Warriors,GSW,warriors,1626172,Kevon,Looney,K. Looney,kevon-looney,C,,5,9:04,0,0,0,0,5,0,0,8,0,0,4,0,2021-22,Playoffs
0042100163,1610612744,Golden State,Warriors,GSW,warriors,202691,Klay,Thompson,K. Thompson,klay-thompson,G,,11,37:28,7,3,2,4,15,6,3,34,2,0,0,1,2021-22,Playoffs
0042100163,1610612744,Golden State,Warriors,GSW,warriors,1629673,Jordan,Poole,J. Poole,jordan-poole,G,,3,33:46,10,5,5,12,15,8,3,32,1,1,3,8,2021-22,Playoffs
0042100163,1610612744,Golden State,Warriors,GSW,warriors,201939,Stephen,Curry,S. Curry,stephen-curry,,,30,30:43,1,0,3,10,8,10,3,32,0,0,3,7,2021-22,Playoffs
0042100163,1610612744,Golden State,Warriors,GSW,warriors,203490,Otto,Porter Jr.,O. Porter Jr.,otto-porter-jr,,,32,21:57,0,0,0,6,5,4,0,20,0,0,3,1,2021-22,Playoffs
0042100163,1610612744,Golden State,Warriors,GSW,warriors,1627780,Gary,Payton II,G. Payton II,gary-payton-ii,,,0,14:28,0,0,2,2,0,4,0,14,0,0,2,1,2021-22,Playoffs
0042100163,1610612744,Golden State,Warriors,GSW,warriors,2738,Andre,Iguodala,A. Iguodala,andre-iguodala,,,9,16:20,0,0,0,2,2,2,0,14,1,0,1,2,2021-22,Playoffs
0042100163,1610612744,Golden State,Warriors,GSW,warriors,202357,Nemanja,Bjelica,N. Bjelica,nemanja-bjelica,,,8,12:13,0,0,0,0,5,2,0,12,1,1,2,1,2021-22,Playoffs
0042100163,1610612744,Golden State,Warriors,GSW,warriors,1630228,Jonathan,Kuminga,J. Kuminga,jonathan-kuminga,,DNP - Coach's Decision,00,,0,0,0,0,0,0,0,0,0,0,0,0,2021-22,Playoffs
0042100163,1610612744,Golden State,Warriors,GSW,warriors,1627814,Damion,Lee,D. Lee,damion-lee,,DNP - Coach's Decision,1,,0,0,0,0,0,0,0,0,0,0,0,0,2021-22,Playoffs
0042100163,1610612744,Golden State,Warriors,GSW,warriors,1630541,Moses,Moody,M. Moody,moses-moody,,DNP - Coach's Decision,4,,0,0,0,0,0,0,0,0,0,0,0,0,2021-22,Playoffs
0042100163,1610612744,Golden State,Warriors,GSW,warriors,1629308,Juan,Toscano-Anderson,J. Toscano-Anderson,juan-toscano-anderson,,DNP - Coach's Decision,95,,0,0,0,0,0,0,0,0,0,0,0,0,2021-22,Playoffs
0042100163,1610612743,Denver,Nuggets,DEN,nuggets,203932,Aaron,Gordon,A. Gordon,aaron-gordon,F,,50,34:08,3,4,0,10,12,5,8,22,1,1,5,2,2021-22,Playoffs
0042100163,1610612743,Denver,Nuggets,DEN,nuggets,201145,Jeff,Green,J. Green,jeff-green,F,,32,22:11,0,0,0,0,8,5,3,14,1,1,1,1,2021-22,Playoffs
0042100163,1610612743,Denver,Nuggets,DEN,nuggets,203999,Nikola,Jokić,N. Jokić,nikola-jokić,C,,15,38:21,4,2,0,20,12,8,10,28,0,0,3,11,2021-22,Playoffs
0042100163,1610612743,Denver,Nuggets,DEN,nuggets,203115,Will,Barton,W. Barton,will-barton,G,,5,33:44,0,2,3,2,11,5,10,26,0,2,4,0,2021-22,Playoffs
0042100163,1610612743,Denver,Nuggets,DEN,nuggets,1628420,Monte,Morris,M. Morris,monte-morris,G,,11,33:42,3,0,0,4,12,5,10,24,0,0,1,3,2021-22,Playoffs
0042100163,1610612743,Denver,Nuggets,DEN,nuggets,203085,Austin,Rivers,A. Rivers,austin-rivers,,,25,21:09,3,0,0,0,11,3,9,22,1,0,5,2,2021-22,Playoffs
0042100163,1610612743,Denver,Nuggets,DEN,nuggets,1627854,Bryn,Forbes,B. Forbes,bryn-forbes,,,6,16:58,0,2,0,0,8,3,4,18,0,0,1,1,2021-22,Playoffs
0042100163,1610612743,Denver,Nuggets,DEN,nuggets,1630538,Bones,Hyland,B. Hyland,bones-hyland,,,3,14:18,0,0,0,2,7,3,2,16,0,1,2,1,2021-22,Playoffs
0042100163,1610612743,Denver,Nuggets,DEN,nuggets,203210,JaMychal,Green,J. Green,jamychal-green,,,,11:58,2,0,0,2,5,3,2,12,0,1,3,2,2021-22,Playoffs
0042100163,1610612743,Denver,Nuggets,DEN,nuggets,202326,DeMarcus,Cousins,D. Cousins,demarcus-cousins,,,4,9:32,0,0,0,6,5,0,0,12,0,0,1,2,2021-22,Playoffs
0042100163,1610612743,Denver,Nuggets,DEN,nuggets,1630267,Facundo,Campazzo,F. Campazzo,facundo-campazzo,,,7,3:59,0,0,0,0,4,0,2,6,0,0,0,0,2021-22,Playoffs
0042100163,1610612743,Denver,Nuggets,DEN,nuggets,1630192,Zeke,Nnaji,Z. Nnaji,zeke-nnaji,,DNP - Coach's Decision,22,,0,0,0,0,0,0,0,0,0,0,0,0,2021-22,Playoffs
0042100163,1610612743,Denver,Nuggets,DEN,nuggets,1628427,Vlatko,Čančar,V. Čančar,vlatko-čančar,,DNP - Coach's Decision,31,,0,0,0,0,0,0,0,0,0,0,0,0,2021-22,Playoffs
0042100164,1610612744,Golden State,Warriors,GSW,warriors,203952,Andrew,Wiggins,A. Wiggins,andrew-wiggins,F,,22,37:11,4,2,0,16,22,9,12,36,2,0,2,1,2021-22,Playoffs
0042100164,1610612744,Golden State,Warriors,GSW,warriors,203110,Draymond,Green,D. Green,draymond-green,F,,23,34:04,2,2,1,10,19,8,10,26,0,0,6,3,2021-22,Playoffs
0042100164,1610612744,Golden State,Warriors,GSW,warriors,1626172,Kevon,Looney,K. Looney,kevon-looney,C,,5,11:50,0,2,0,2,11,5,7,16,0,0,2,0,2021-22,Playoffs
0042100164,1610612744,Golden State,Warriors,GSW,warriors,202691,Klay,Thompson,K. Thompson,klay-thompson,G,,11,30:42,11,8,0,6,12,7,5,30,0,0,5,2,2021-22,Playoffs
0042100164,1610612744,Golden State,Warriors,GSW,warriors,1629673,Jordan,Poole,J. Poole,jordan-poole,G,,3,38:35,3,2,3,4,25,8,12,40,0,1,2,7,2021-22,Playoffs
0042100164,1610612744,Golden State,Warriors,GSW,warriors,201939,Stephen,Curry,S. Curry,stephen-curry,,,30,36:50,5,0,4,12,23,7,10,34,1,1,1,10,2021-22,Playoffs
0042100164,1610612744,Golden State,Warriors,GSW,warriors,203490,Otto,Porter Jr.,O. Porter Jr.,otto-porter-jr,,,32,15:27,1,0,1,0,11,1,3,12,0,0,4,2,2021-22,Playoffs
0042100164,1610612744,Golden State,Warriors,GSW,warriors,1627780,Gary,Payton II,G. Payton II,gary-payton-ii,,,0,6:48,0,0,0,0,6,1,3,6,0,0,0,1,2021-22,Playoffs
0042100164,1610612744,Golden State,Warriors,GSW,warriors,202357,Nemanja,Bjelica,N. Bjelica,nemanja-bjelica,,,8,4:50,0,0,0,0,3,0,3,6,0,0,0,0,2021-22,Playoffs
0042100164,1610612744,Golden State,Warriors,GSW,warriors,2738,Andre,Iguodala,A. Iguodala,andre-iguodala,,,9,12:32,0,0,0,0,5,2,3,14,0,0,5,1,2021-22,Playoffs
0042100164,1610612744,Golden State,Warriors,GSW,warriors,1630228,Jonathan,Kuminga,J. Kuminga,jonathan-kuminga,,,00,11:11,2,0,2,6,13,2,7,10,0,0,0,4,2021-22,Playoffs
0042100164,1610612744,Golden State,Warriors,GSW,warriors,1627814,Damion,Lee,D. Lee,damion-lee,,DNP - Coach's Decision,1,,0,0,0,0,0,0,0,0,0,0,0,0,2021-22,Playoffs
0042100164,1610612744,Golden State,Warriors,GSW,warriors,1630541,Moses,Moody,M. Moody,moses-moody,,DNP - Coach's Decision,4,,0,0,0,0,0,0,0,0,0,0,0,0,2021-22,Playoffs
0042100164,1610612744,Golden State,Warriors,GSW,warriors,1629308,Juan,Toscano-Anderson,J. Toscano-Anderson,juan-toscano-anderson,,DNP - Coach's Decision,95,,0,0,0,0,0,0,0,0,0,0,0,0,2021-22,Playoffs
0042100164,1610612743,Denver,Nuggets,DEN,nuggets,203932,Aaron,Gordon,A. Gordon,aaron-gordon,F,,50,34:33,5,3,3,8,21,15,5,46,2,0,4,9,2021-22,Playoffs
0042100164,1610612743,Denver,Nuggets,DEN,nuggets,201145,Jeff,Green,J. Green,jeff-green,F,,32,15:50,0,3,0,2,11,9,3,14,0,0,1,1,2021-22,Playoffs
0042100164,1610612743,Denver,Nuggets,DEN,nuggets,203999,Nikola,Jokić,N. Jokić,nikola-jokić,C,,15,37:42,9,2,5,20,25,15,11,46,0,1,3,6,2021-22,Playoffs
0042100164,1610612743,Denver,Nuggets,DEN,nuggets,203115,Will,Barton,W. Barton,will-barton,G,,5,32:08,6,0,0,0,22,12,5,40,0,0,3,0,2021-22,Playoffs
0042100164,1610612743,Denver,Nuggets,DEN,nuggets,1628420,Monte,Morris,M. Morris,monte-morris,G,,11,29:11,2,0,5,2,19,15,3,38,0,0,4,2,2021-22,Playoffs
0042100164,1610612743,Denver,Nuggets,DEN,nuggets,203085,Austin,Rivers,A. Rivers,austin-rivers,,,25,35:49,3,0,0,0,19,9,8,46,0,1,4,1,2021-22,Playoffs
0042100164,1610612743,Denver,Nuggets,DEN,nuggets,1630538,Bones,Hyland,B. Hyland,bones-hyland,,,3,19:39,5,0,2,4,9,3,8,20,0,1,2,3,2021-22,Playoffs
0042100164,1610612743,Denver,Nuggets,DEN,nuggets,1627854,Bryn,Forbes,B. Forbes,bryn-forbes,,,6,10:33,0,0,0,0,4,0,6,8,0,0,3,0,2021-22,Playoffs
0042100164,1610612743,Denver,Nuggets,DEN,nuggets,203210,JaMychal,Green,J. Green,jamychal-green,,,,14:05,0,0,0,6,7,1,6,12,0,0,3,1,2021-22,Playoffs
0042100164,1610612743,Denver,Nuggets,DEN,nuggets,202326,DeMarcus,Cousins,D. Cousins,demarcus-cousins,,,4,10:07,0,2,0,4,3,1,0,10,0,0,4,4,2021-22,Playoffs
0042100164,1610612743,Denver,Nuggets,DEN,nuggets,1630267,Facundo,Campazzo,F. Campazzo,facundo-campazzo,,,7,0:23,0,0,0,0,0,0,0,0,0,0,0,0,2021-22,Playoffs
0042100164,1610612743,Denver,Nuggets,DEN,nuggets,1630192,Zeke,Nnaji,Z. Nnaji,zeke-nnaji,,DNP - Coach's Decision,22,,0,0,0,0,0,0,0,0,0,0,0,0,2021-22,Playoffs
0042100164,1610612743,Denver,Nuggets,DEN,nuggets,1628427,Vlatko,Čančar,V. Čančar,vlatko-čančar,,DNP - Coach's Decision,31,,0,0,0,0,0,0,0,0,0,0,0,0,2021-22,Playoffs
0042100165,1610612743,Denver,Nuggets,DEN,nuggets,203932,Aaron,Gordon,A. Gordon,aaron-gordon,F,,50,39:42,1,4,4,10,7,4,3,26,2,2,1,5,2021-22,Playoffs
0042100165,1610612743,Denver,Nuggets,DEN,nuggets,201145,Jeff,Green,J. Green,jeff-green,F,,32,29:20,0,0,0,2,7,1,3,24,1,1,2,0,2021-22,Playoffs
0042100165,1610612743,Denver,Nuggets,DEN,nuggets,203999,Nikola,Jokić,N. Jokić,nikola-jokić,C,,15,32:12,0,6,2,18,7,4,3,24,2,0,5,7,2021-22,Playoffs
0042100165,1610612743,Denver,Nuggets,DEN,nuggets,203115,Will,Barton,W. Barton,will-barton,G,,5,39:47,2,3,5,6,7,4,3,30,0,1,3,2,2021-22,Playoffs
0042100165,1610612743,Denver,Nuggets,DEN,nuggets,1628420,Monte,Morris,M. Morris,monte-morris,G,,11,36:03,2,3,2,6,7,4,3,32,0,1,4,3,2021-22,Playoffs
0042100165,1610612743,Denver,Nuggets,DEN,nuggets,203085,Austin,Rivers,A. Rivers,austin-rivers,,,25,4:33,0,0,0,0,0,3,0,2,0,0,1,0,2021-22,Playoffs
0042100165,1610612743,Denver,Nuggets,DEN,nuggets,1630538,Bones,Hyland,B. Hyland,bones-hyland,,,3,18:33,0,0,0,0,0,8,2,14,0,0,2,2,2021-22,Playoffs
0042100165,1610612743,Denver,Nuggets,DEN,nuggets,203210,JaMychal,Green,J. Green,jamychal-green,,,,10:24,0,0,0,0,0,5,2,14,0,0,1,0,2021-22,Playoffs
0042100165,1610612743,Denver,Nuggets,DEN,nuggets,202326,DeMarcus,Cousins,D. Cousins,demarcus-cousins,,,4,15:17,2,2,0,10,0,5,2,16,0,0,1,3,2021-22,Playoffs
0042100165,1610612743,Denver,Nuggets,DEN,nuggets,1627854,Bryn,Forbes,B. Forbes,bryn-forbes,,,6,11:01,0,0,0,0,0,5,2,12,0,1,0,0,2021-22,Playoffs
0042100165,1610612743,Denver,Nuggets,DEN,nuggets,1630267,Facundo,Campazzo,F. Campazzo,facundo-campazzo,,,7,3:09,0,0,0,0,0,2,2,6,0,0,1,0,2021-22,Playoffs
0042100165,1610612743,Denver,Nuggets,DEN,nuggets,1630192,Zeke,Nnaji,Z. Nnaji,zeke-nnaji,,DNP - Coach's Decision,22,,0,0,0,0,0,0,0,0,0,0,0,0,2021-22,Playoffs
0042100165,1610612743,Denver,Nuggets,DEN,nuggets,1628427,Vlatko,Čančar,V. Čančar,vlatko-čančar,,DNP - Coach's Decision,31,,0,0,0,0,0,0,0,0,0,0,0,0,2021-22,Playoffs
0042100165,1610612744,Golden State,Warriors,GSW,warriors,202691,Klay,Thompson,K. Thompson,klay-thompson,F,,11,39:34,2,0,0,6,7,15,10,46,1,1,2,2,2021-22,Playoffs
0042100165,1610612744,Golden State,Warriors,GSW,warriors,203952,Andrew,Wiggins,A. Wiggins,andrew-wiggins,F,,22,23:34,3,1,3,4,5,11,10,40,1,1,2,3,2021-22,Playoffs
0042100165,1610612744,Golden State,Warriors,GSW,warriors,203110,Draymond,Green,D. Green,draymond-green,C,,23,36:13,0,0,0,6,5,13,10,42,3,0,3,3,2021-22,Playoffs
0042100165,1610612744,Golden State,Warriors,GSW,warriors,1629673,Jordan,Poole,J. Poole,jordan-poole,G,,3,25:40,0,3,2,4,3,14,4,26,0,1,5,4,2021-22,Playoffs
0042100165,1610612744,Golden State,Warriors,GSW,warriors,201939,Stephen,Curry,S. Curry,stephen-curry,G,,30,37:50,2,0,0,6,5,16,13,44,0,1,2,5,2021-22,Playoffs
0042100165,1610612744,Golden State,Warriors,GSW,warriors,1626172,Kevon,Looney,K. Looney,kevon-looney,,,5,21:35,0,0,0,4,6,7,9,24,0,0,4,1,2021-22,Playoffs
0042100165,1610612744,Golden State,Warriors,GSW,warriors,203490,Otto,Porter Jr.,O. Porter Jr.,otto-porter-jr,,,32,24:21,0,3,0,0,2,5,3,14,0,0,1,1,2021-22,Playoffs
0042100165,1610612744,Golden State,Warriors,GSW,warriors,1627780,Gary,Payton II,G. Payton II,gary-payton-ii,,,0,25:47,0,2,0,6,2,5,3,22,1,0,3,1,2021-22,Playoffs
0042100165,1610612744,Golden State,Warriors,GSW,warriors,1630228,Jonathan,Kuminga,J. Kuminga,jonathan-kuminga,,,00,5:27,0,0,0,4,0,4,3,2,0,1,0,1,2021-22,Playoffs
0042100165,1610612744,Golden State,Warriors,GSW,warriors,202357,Nemanja,Bjelica,N. Bjelica,nemanja-bjelica,,DNP - Coach's Decision,8,,0,0,0,0,0,0,0,0,0,0,0,0,2021-22,Playoffs
0042100165,1610612744,Golden State,Warriors,GSW,warriors,1627814,Damion,Lee,D. Lee,damion-lee,,DNP - Coach's Decision,1,,0,0,0,0,0,0,0,0,0,0,0,0,2021-22,Playoffs
0042100165,1610612744,Golden State,Warriors,GSW,warriors,1630541,Moses,Moody,M. Moody,moses-moody,,DNP - Coach's Decision,4,,0,0,0,0,0,0,0,0,0,0,0,0,2021-22,Playoffs
0042100165,1610612744,Golden State,Warriors,GSW,warriors,1629308,Juan,Toscano-Anderson,J. Toscano-Anderson,juan-toscano-anderson,,DNP - Coach's Decision,95,,0,0,0,0,0,0,0,0,0,0,0,0,2021-22,Playoffs
0042100171,1610612762,Utah,Jazz,UTA,jazz,202711,Bojan,Bogdanovic,B. Bogdanovic,bojan-bogdanovic,F,,44,40:09,2,3,2,14,11,7,9,30,0,1,4,1,2021-22,Playoffs
0042100171,1610612762,Utah,Jazz,UTA,jazz,1626220,Royce,O'Neale,R. O'Neale,royce-oneale,F,,23,30:45,0,3,0,0,9,7,4,26,0,0,4,1,2021-22,Playoffs
0042100171,1610612762,Utah,Jazz,UTA,jazz,203497,Rudy,Gobert,R. Gobert,rudy-gobert,C,,27,35:26,0,0,0,0,12,4,3,26,3,0,3,7,2021-22,Playoffs
0042100171,1610612762,Utah,Jazz,UTA,jazz,1628378,Donovan,Mitchell,D. Mitchell,donovan-mitchell,G,,45,41:30,4,2,6,14,12,7,10,32,1,2,3,7,2021-22,Playoffs
0042100171,1610612762,Utah,Jazz,UTA,jazz,201144,Mike,Conley,M. Conley,mike-conley,G,,11,34:30,2,5,0,8,12,4,3,26,0,0,2,1,2021-22,Playoffs
0042100171,1610612762,Utah,Jazz,UTA,jazz,1627863,Danuel,House Jr.,D. House Jr.,danuel-house-jr,,,25,20:25,2,2,0,4,7,3,8,14,0,0,3,1,2021-22,Playoffs
0042100171,1610612762,Utah,Jazz,UTA,jazz,202355,Hassan,Whiteside,H. Whiteside,hassan-whiteside,,,21,12:34,0,3,0,2,2,3,7,10,1,1,3,2,2021-22,Playoffs
0042100171,1610612762,Utah,Jazz,UTA,jazz,203903,Jordan,Clarkson,J. Clarkson,jordan-clarkson,,,00,19:36,0,2,0,8,3,0,6,12,0,0,3,2,2021-22,Playoffs
0042100171,1610612762,Utah,Jazz,UTA,jazz,1627823,Juancho,Hernangomez,J. Hernangomez,juancho-hernangomez,,,41,5:05,0,0,0,0,2,0,0,4,0,0,0,0,2021-22,Playoffs
0042100171,1610612762,Utah,Jazz,UTA,jazz,1629638,Nickeil,Alexander-Walker,N. Alexander-Walker,nickeil-alexander-walker,,DNP - Coach's Decision,6,,0,0,0,0,0,0,0,0,0,0,0,0,2021-22,Playoffs
0042100171,1610612762,Utah,Jazz,UTA,jazz,1630215,Jared,Butler,J. Butler,jared-butler,,DNP - Coach's Decision,13,,0,0,0,0,0,0,0,0,0,0,0,0,2021-22,Playoffs
0042100171,1610612762,Utah,Jazz,UTA,jazz,200752,Rudy,Gay,R. Gay,rudy-gay,,DNP - Coach's Decision,8,,0,0,0,0,0,0,0,0,0,0,0,0,2021-22,Playoffs
0042100171,1610612762,Utah,Jazz,UTA,jazz,1629672,Eric,Paschall,E. Paschall,eric-paschall,,DNP - Coach's Decision,0,,0,0,0,0,0,0,0,0,0,0,0,0,2021-22,Playoffs
0042100171,1610612742,Dallas,Mavericks,DAL,mavericks,203493,Reggie,Bullock Jr.,R. Bullock Jr.,reggie-bullock-jr,F,,25,44:16,3,3,2,4,10,20,8,50,0,0,3,1,2021-22,Playoffs
0042100171,1610612742,Dallas,Mavericks,DAL,mavericks,1627827,Dorian,Finney-Smith,D. Finney-Smith,dorian-finney-smith,F,,10,44:05,0,0,3,4,10,20,8,48,2,0,2,3,2021-22,Playoffs
0042100171,1610612742,Dallas,Mavericks,DAL,mavericks,203939,Dwight,Powell,D. Powell,dwight-powell,C,,7,22:04,0,2,0,4,0,7,0,22,2,2,2,1,2021-22,Playoffs
0042100171,1610612742,Dallas,Mavericks,DAL,mavericks,1628973,Jalen,Brunson,J. Brunson,jalen-brunson,G,,13,40:44,4,0,2,14,8,17,6,42,0,1,3,7,2021-22,Playoffs
0042100171,1610612742,Dallas,Mavericks,DAL,mavericks,203915,Spencer,Dinwiddie,S. Dinwiddie,spencer-dinwiddie,G,,26,36:24,7,0,1,10,8,18,6,34,0,1,4,9,2021-22,Playoffs
0042100171,1610612742,Dallas,Mavericks,DAL,mavericks,1630182,Josh,Green,J. Green,josh-green,,,8,10:29,0,0,0,0,2,3,2,10,0,0,3,1,2021-22,Playoffs
0042100171,1610612742,Dallas,Mavericks,DAL,mavericks,1628467,Maxi,Kleber,M. Kleber,maxi-kleber,,,42,24:19,0,2,2,0,8,11,6,24,0,1,3,2,2021-22,Playoffs
0042100171,1610612742,Dallas,Mavericks,DAL,mavericks,202722,Davis,Bertans,D. Bertans,davis-bertans,,,44,17:41,0,0,0,0,4,4,4,20,0,0,2,1,2021-22,Playoffs
0042100171,1610612742,Dallas,Mavericks,DAL,mavericks,1628425,Sterling,Brown,S. Brown,sterling-brown,,DNP - Coach's Decision,0,,0,0,0,0,0,0,0,0,0,0,0,0,2021-22,Playoffs
0042100171,1610612742,Dallas,Mavericks,DAL,mavericks,203504,Trey,Burke,T. Burke,trey-burke,,DNP - Coach's Decision,3,,0,0,0,0,0,0,0,0,0,0,0,0,2021-22,Playoffs
0042100171,1610612742,Dallas,Mavericks,DAL,mavericks,1627737,Marquese,Chriss,M. Chriss,marquese-chriss,,DNP - Coach's Decision,35,,0,0,0,0,0,0,0,0,0,0,0,0,2021-22,Playoffs
0042100171,1610612742,Dallas,Mavericks,DAL,mavericks,1626246,Boban,Marjanovic,B. Marjanovic,boban-marjanovic,,DNP - Coach's Decision,51,,0,0,0,0,0,0,0,0,0,0,0,0,2021-22,Playoffs
0042100171,1610612742,Dallas,Mavericks,DAL,mavericks,1628373,Frank,Ntilikina,F. Ntilikina,frank-ntilikina,,DNP - Injury/Illness,21,,0,0,0,0,0,0,0,0,0,0,0,0,2021-22,Playoffs
0042100172,1610612762,Utah,Jazz,UTA,jazz,202711,Bojan,Bogdanovic,B. Bogdanovic,bojan-bogdanovic,F,,44,40:19,0,4,3,14,12,2,16,24,0,0,2,5,2021-22,Playoffs
0042100172,1610612762,Utah,Jazz,UTA,jazz,1626220,Royce,O'Neale,R. O'Neale,royce-oneale,F,,23,37:01,0,3,0,0,12,4,13,26,0,1,2,0,2021-22,Playoffs
0042100172,1610612762,Utah,Jazz,UTA,jazz,203497,Rudy,Gobert,R. Gobert,rudy-gobert,C,,27,37:27,0,4,0,4,10,2,16,22,2,0,3,7,2021-22,Playoffs
0042100172,1610612762,Utah,Jazz,UTA,jazz,1628378,Donovan,Mitchell,D. Mitchell,donovan-mitchell,G,,45,41:01,4,3,0,18,12,2,16,26,0,1,1,4,2021-22,Playoffs
0042100172,1610612762,Utah,Jazz,UTA,jazz,201144,Mike,Conley,M. Conley,mike-conley,G,,11,22:13,0,0,0,0,5,2,9,8,0,0,4,2,2021-22,Playoffs
0042100172,1610612762,Utah,Jazz,UTA,jazz,202355,Hassan,Whiteside,H. Whiteside,hassan-whiteside,,,21,10:33,0,2,0,2,2,2,0,6,2,0,2,0,2021-22,Playoffs
0042100172,1610612762,Utah,Jazz,UTA,jazz,1627863,Danuel,House Jr.,D. House Jr.,danuel-house-jr,,,25,21:26,0,0,0,2,2,2,3,8,0,0,0,0,2021-22,Playoffs
0042100172,1610612762,Utah,Jazz,UTA,jazz,203903,Jordan,Clarkson,J. Clarkson,jordan-clarkson,,,00,22:43,0,2,0,10,5,4,7,18,0,0,5,1,2021-22,Playoffs
0042100172,1610612762,Utah,Jazz,UTA,jazz,1627823,Juancho,Hernangomez,J. Hernangomez,juancho-hernangomez,,,41,7:17,0,0,0,0,0,0,0,2,0,0,0,0,2021-22,Playoffs
0042100172,1610612762,Utah,Jazz,UTA,jazz,1629638,Nickeil,Alexander-Walker,N. Alexander-Walker,nickeil-alexander-walker,,DNP - Coach's Decision,6,,0,0,0,0,0,0,0,0,0,0,0,0,2021-22,Playoffs
0042100172,1610612762,Utah,Jazz,UTA,jazz,1630215,Jared,Butler,J. Butler,jared-butler,,DNP - Coach's Decision,13,,0,0,0,0,0,0,0,0,0,0,0,0,2021-22,Playoffs
0042100172,1610612762,Utah,Jazz,UTA,jazz,200752,Rudy,Gay,R. Gay,rudy-gay,,DNP - Coach's Decision,8,,0,0,0,0,0,0,0,0,0,0,0,0,2021-22,Playoffs
0042100172,1610612762,Utah,Jazz,UTA,jazz,1629672,Eric,Paschall,E. Paschall,eric-paschall,,DNP - Coach's Decision,0,,0,0,0,0,0,0,0,0,0,0,0,0,2021-22,Playoffs
0042100172,1610612742,Dallas,Mavericks,DAL,mavericks,203493,Reggie,Bullock Jr.,R. Bullock Jr.,reggie-bullock-jr,F,,25,45:11,0,0,0,0,2,16,3,48,0,1,2,2,2021-22,Playoffs
0042100172,1610612742,Dallas,Mavericks,DAL,mavericks,1627827,Dorian,Finney-Smith,D. Finney-Smith,dorian-finney-smith,F,,10,42:15,3,0,3,0,4,16,3,44,1,2,5,1,2021-22,Playoffs
0042100172,1610612742,Dallas,Mavericks,DAL,mavericks,203939,Dwight,Powell,D. Powell,dwight-powell,C,,7,15:39,0,2,0,2,2,5,0,18,1,0,3,2,2021-22,Playoffs
0042100172,1610612742,Dallas,Mavericks,DAL,mavericks,1628973,Jalen,Brunson,J. Brunson,jalen-brunson,G,,13,42:29,7,0,5,16,2,16,3,46,0,0,0,7,2021-22,Playoffs
0042100172,1610612742,Dallas,Mavericks,DAL,mavericks,203915,Spencer,Dinwiddie,S. Dinwiddie,spencer-dinwiddie,G,,26,39:33,2,2,5,10,4,16,0,42,0,0,4,2,2021-22,Playoffs
0042100172,1610612742,Dallas,Mavericks,DAL,mavericks,1628467,Maxi,Kleber,M. Kleber,maxi-kleber,,,42,31:36,0,0,3,0,2,11,3,32,0,0,2,4,2021-22,Playoffs
0042100172,1610612742,Dallas,Mavericks,DAL,mavericks,203504,Trey,Burke,T. Burke,trey-burke,,,3,4:37,0,0,0,0,0,4,0,4,0,0,0,0,2021-22,Playoffs
0042100172,1610612742,Dallas,Mavericks,DAL,mavericks,1630182,Josh,Green,J. Green,josh-green,,,8,5:41,0,0,0,0,2,2,0,4,0,1,0,0,2021-22,Playoffs
0042100172,1610612742,Dallas,Mavericks,DAL,mavericks,202722,Davis,Bertans,D. Bertans,davis-bertans,,,44,12:59,0,0,0,0,2,4,3,12,0,0,3,1,2021-22,Playoffs
0042100172,1610612742,Dallas,Mavericks,DAL,mavericks,1628425,Sterling,Brown,S. Brown,sterling-brown,,DNP - Coach's Decision,0,,0,0,0,0,0,0,0,0,0,0,0,0,2021-22,Playoffs
0042100172,1610612742,Dallas,Mavericks,DAL,mavericks,1627737,Marquese,Chriss,M. Chriss,marquese-chriss,,DNP - Coach's Decision,35,,0,0,0,0,0,0,0,0,0,0,0,0,2021-22,Playoffs
0042100172,1610612742,Dallas,Mavericks,DAL,mavericks,1626246,Boban,Marjanovic,B. Marjanovic,boban-marjanovic,,DNP - Coach's Decision,51,,0,0,0,0,0,0,0,0,0,0,0,0,2021-22,Playoffs
0042100172,1610612742,Dallas,Mavericks,DAL,mavericks,1628373,Frank,Ntilikina,F. Ntilikina,frank-ntilikina,,DNP - Injury/Illness,21,,0,0,0,0,0,0,0,0,0,0,0,0,2021-22,Playoffs
0042100173,1610612742,Dallas,Mavericks,DAL,mavericks,203493,Reggie,Bullock Jr.,R. Bullock Jr.,reggie-bullock-jr,F,,25,44:29,3,0,0,0,4,5,9,52,0,0,2,2,2021-22,Playoffs
0042100173,1610612742,Dallas,Mavericks,DAL,mavericks,1627827,Dorian,Finney-Smith,D. Finney-Smith,dorian-finney-smith,F,,10,46:49,3,2,0,6,6,5,9,54,0,1,4,0,2021-22,Playoffs
0042100173,1610612742,Dallas,Mavericks,DAL,mavericks,203939,Dwight,Powell,D. Powell,dwight-powell,C,,7,13:18,0,0,0,0,2,2,2,20,0,0,5,3,2021-22,Playoffs
0042100173,1610612742,Dallas,Mavericks,DAL,mavericks,203915,Spencer,Dinwiddie,S. Dinwiddie,spencer-dinwiddie,G,,26,40:46,1,0,0,8,6,2,9,44,0,2,6,5,2021-22,Playoffs
0042100173,1610612742,Dallas,Mavericks,DAL,mavericks,1628973,Jalen,Brunson,J. Brunson,jalen-brunson,G,,13,35:05,6,0,0,22,4,5,9,44,0,0,2,8,2021-22,Playoffs
0042100173,1610612742,Dallas,Mavericks,DAL,mavericks,1628467,Maxi,Kleber,M. Kleber,maxi-kleber,,,42,22:20,0,6,0,4,2,3,7,24,0,0,5,2,2021-22,Playoffs
0042100173,1610612742,Dallas,Mavericks,DAL,mavericks,1630182,Josh,Green,J. Green,josh-green,,,8,18:47,0,3,0,2,2,3,0,22,0,0,3,4,2021-22,Playoffs
0042100173,1610612742,Dallas,Mavericks,DAL,mavericks,202722,Davis,Bertans,D. Bertans,davis-bertans,,,44,13:54,0,0,3,0,2,0,0,16,1,0,3,2,2021-22,Playoffs
0042100173,1610612742,Dallas,Mavericks,DAL,mavericks,203504,Trey,Burke,T. Burke,trey-burke,,,3,4:08,0,3,0,0,2,0,0,4,0,1,2,1,2021-22,Playoffs
0042100173,1610612742,Dallas,Mavericks,DAL,mavericks,1628425,Sterling,Brown,S. Brown,sterling-brown,,,0,0:26,0,0,0,0,0,0,0,0,0,0,0,1,2021-22,Playoffs
0042100173,1610612742,Dallas,Mavericks,DAL,mavericks,1627737,Marquese,Chriss,M. Chriss,marquese-chriss,,DNP - Coach's Decision,35,,0,0,0,0,0,0,0,0,0,0,0,0,2021-22,Playoffs
0042100173,1610612742,Dallas,Mavericks,DAL,mavericks,1629029,Luka,Dončić,L. Dončić,luka-dončić,,DNP - Injury/Illness,77,,0,0,0,0,0,0,0,0,0,0,0,0,2021-22,Playoffs
0042100173,1610612742,Dallas,Mavericks,DAL,mavericks,1626246,Boban,Marjanovic,B. Marjanovic,boban-marjanovic,,DNP - Coach's Decision,51,,0,0,0,0,0,0,0,0,0,0,0,0,2021-22,Playoffs
0042100173,1610612742,Dallas,Mavericks,DAL,mavericks,1628373,Frank,Ntilikina,F. Ntilikina,frank-ntilikina,,DNP - Injury/Illness,21,,0,0,0,0,0,0,0,0,0,0,0,0,2021-22,Playoffs
0042100173,1610612762,Utah,Jazz,UTA,jazz,202711,Bojan,Bogdanovic,B. Bogdanovic,bojan-bogdanovic,F,,44,31:49,2,3,5,4,6,6,0,38,0,0,5,4,2021-22,Playoffs
0042100173,1610612762,Utah,Jazz,UTA,jazz,1626220,Royce,O'Neale,R. O'Neale,royce-oneale,F,,23,31:51,0,0,0,0,11,6,3,32,0,0,4,3,2021-22,Playoffs
0042100173,1610612762,Utah,Jazz,UTA,jazz,203497,Rudy,Gobert,R. Gobert,rudy-gobert,C,,27,29:06,2,0,2,12,9,6,3,16,1,0,4,6,2021-22,Playoffs
0042100173,1610612762,Utah,Jazz,UTA,jazz,1628378,Donovan,Mitchell,D. Mitchell,donovan-mitchell,G,,45,38:45,0,0,2,18,11,8,0,42,1,0,4,7,2021-22,Playoffs
0042100173,1610612762,Utah,Jazz,UTA,jazz,201144,Mike,Conley,M. Conley,mike-conley,G,,11,35:11,2,0,0,8,10,8,3,24,1,0,5,8,2021-22,Playoffs
0042100173,1610612762,Utah,Jazz,UTA,jazz,202355,Hassan,Whiteside,H. Whiteside,hassan-whiteside,,,21,7:16,0,0,0,2,3,4,0,8,1,0,0,1,2021-22,Playoffs
0042100173,1610612762,Utah,Jazz,UTA,jazz,203903,Jordan,Clarkson,J. Clarkson,jordan-clarkson,,,00,30:10,0,2,0,8,8,14,3,24,0,0,2,2,2021-22,Playoffs
0042100173,1610612762,Utah,Jazz,UTA,jazz,1627863,Danuel,House Jr.,D. House Jr.,danuel-house-jr,,,25,19:15,0,0,0,2,5,8,3,10,0,0,0,0,2021-22,Playoffs
0042100173,1610612762,Utah,Jazz,UTA,jazz,1627823,Juancho,Hernangomez,J. Hernangomez,juancho-hernangomez,,,41,6:20,0,0,0,0,2,6,0,0,0,1,2,0,2021-22,Playoffs
0042100173,1610612762,Utah,Jazz,UTA,jazz,1629672,Eric,Paschall,E. Paschall,eric-paschall,,,0,10:17,0,0,0,2,0,4,0,16,0,0,2,1,2021-22,Playoffs
0042100173,1610612762,Utah,Jazz,UTA,jazz,1629638,Nickeil,Alexander-Walker,N. Alexander-Walker,nickeil-alexander-walker,,DNP - Coach's Decision,6,,0,0,0,0,0,0,0,0,0,0,0,0,2021-22,Playoffs
0042100173,1610612762,Utah,Jazz,UTA,jazz,1630215,Jared,Butler,J. Butler,jared-butler,,DNP - Coach's Decision,13,,0,0,0,0,0,0,0,0,0,0,0,0,2021-22,Playoffs
0042100173,1610612762,Utah,Jazz,UTA,jazz,200752,Rudy,Gay,R. Gay,rudy-gay,,DNP - Coach's Decision,8,,0,0,0,0,0,0,0,0,0,0,0,0,2021-22,Playoffs
0042100174,1610612742,Dallas,Mavericks,DAL,mavericks,203493,Reggie,Bullock Jr.,R. Bullock Jr.,reggie-bullock-jr,F,,25,45:40,0,0,3,2,11,20,3,36,1,0,2,0,2021-22,Playoffs
0042100174,1610612742,Dallas,Mavericks,DAL,mavericks,1627827,Dorian,Finney-Smith,D. Finney-Smith,dorian-finney-smith,F,,10,39:47,2,0,3,2,11,18,0,30,1,0,2,0,2021-22,Playoffs
0042100174,1610612742,Dallas,Mavericks,DAL,mavericks,203939,Dwight,Powell,D. Powell,dwight-powell,C,,7,23:49,2,4,0,6,4,10,3,22,0,0,3,6,2021-22,Playoffs
0042100174,1610612742,Dallas,Mavericks,DAL,mavericks,1628973,Jalen,Brunson,J. Brunson,jalen-brunson,G,,13,35:19,2,5,0,10,11,18,0,28,0,1,3,6,2021-22,Playoffs
0042100174,1610612742,Dallas,Mavericks,DAL,mavericks,1629029,Luka,Dončić,L. Dončić,luka-dončić,G,,77,33:44,0,3,0,10,6,10,3,24,0,1,3,4,2021-22,Playoffs
0042100174,1610612742,Dallas,Mavericks,DAL,mavericks,203915,Spencer,Dinwiddie,S. Dinwiddie,spencer-dinwiddie,,,26,23:50,0,0,0,0,5,15,3,18,0,1,4,2,2021-22,Playoffs
0042100174,1610612742,Dallas,Mavericks,DAL,mavericks,1628467,Maxi,Kleber,M. Kleber,maxi-kleber,,,42,18:23,0,0,0,0,3,12,0,14,0,0,6,0,2021-22,Playoffs
0042100174,1610612742,Dallas,Mavericks,DAL,mavericks,1630182,Josh,Green,J. Green,josh-green,,,8,16:15,0,0,0,0,2,5,3,14,0,0,3,3,2021-22,Playoffs
0042100174,1610612742,Dallas,Mavericks,DAL,mavericks,202722,Davis,Bertans,D. Bertans,davis-bertans,,,44,3:13,0,0,0,0,2,2,0,4,0,0,3,0,2021-22,Playoffs
0042100174,1610612742,Dallas,Mavericks,DAL,mavericks,1628425,Sterling,Brown,S. Brown,sterling-brown,,DNP - Coach's Decision,0,,0,0,0,0,0,0,0,0,0,0,0,0,2021-22,Playoffs
0042100174,1610612742,Dallas,Mavericks,DAL,mavericks,203504,Trey,Burke,T. Burke,trey-burke,,DNP - Coach's Decision,3,,0,0,0,0,0,0,0,0,0,0,0,0,2021-22,Playoffs
0042100174,1610612742,Dallas,Mavericks,DAL,mavericks,1627737,Marquese,Chriss,M. Chriss,marquese-chriss,,DNP - Coach's Decision,35,,0,0,0,0,0,0,0,0,0,0,0,0,2021-22,Playoffs
0042100174,1610612742,Dallas,Mavericks,DAL,mavericks,1626246,Boban,Marjanovic,B. Marjanovic,boban-marjanovic,,DNP - Coach's Decision,51,,0,0,0,0,0,0,0,0,0,0,0,0,2021-22,Playoffs
0042100174,1610612742,Dallas,Mavericks,DAL,mavericks,1628373,Frank,Ntilikina,F. Ntilikina,frank-ntilikina,,DNP - Injury/Illness,21,,0,0,0,0,0,0,0,0,0,0,0,0,2021-22,Playoffs
0042100174,1610612762,Utah,Jazz,UTA,jazz,202711,Bojan,Bogdanovic,B. Bogdanovic,bojan-bogdanovic,F,,44,38:47,0,2,0,4,6,10,6,26,0,1,5,3,2021-22,Playoffs
0042100174,1610612762,Utah,Jazz,UTA,jazz,1626220,Royce,O'Neale,R. O'Neale,royce-oneale,F,,23,33:18,2,0,0,4,6,4,3,26,0,0,1,1,2021-22,Playoffs
0042100174,1610612762,Utah,Jazz,UTA,jazz,203497,Rudy,Gobert,R. Gobert,rudy-gobert,C,,27,32:24,0,10,0,8,4,9,3,22,0,0,4,12,2021-22,Playoffs
0042100174,1610612762,Utah,Jazz,UTA,jazz,1628378,Donovan,Mitchell,D. Mitchell,donovan-mitchell,G,,45,37:48,7,3,0,10,6,10,6,26,0,1,3,6,2021-22,Playoffs
0042100174,1610612762,Utah,Jazz,UTA,jazz,201144,Mike,Conley,M. Conley,mike-conley,G,,11,23:59,0,0,0,0,2,2,3,18,0,0,1,1,2021-22,Playoffs
0042100174,1610612762,Utah,Jazz,UTA,jazz,202355,Hassan,Whiteside,H. Whiteside,hassan-whiteside,,,21,13:30,0,2,0,2,2,3,3,4,3,0,2,1,2021-22,Playoffs
0042100174,1610612762,Utah,Jazz,UTA,jazz,203903,Jordan,Clarkson,J. Clarkson,jordan-clarkson,,,00,36:09,2,2,0,10,4,12,3,16,0,0,3,3,2021-22,Playoffs
0042100174,1610612762,Utah,Jazz,UTA,jazz,1627863,Danuel,House Jr.,D. House Jr.,danuel-house-jr,,,25,12:46,0,0,0,0,0,8,3,4,0,0,2,1,2021-22,Playoffs
0042100174,1610612762,Utah,Jazz,UTA,jazz,1627823,Juancho,Hernangomez,J. Hernangomez,juancho-hernangomez,,,41,9:13,0,3,3,0,0,2,0,4,0,0,0,1,2021-22,Playoffs
0042100174,1610612762,Utah,Jazz,UTA,jazz,1629672,Eric,Paschall,E. Paschall,eric-paschall,,,0,2:06,0,0,0,0,0,0,0,4,0,0,0,0,2021-22,Playoffs
0042100174,1610612762,Utah,Jazz,UTA,jazz,1629638,Nickeil,Alexander-Walker,N. Alexander-Walker,nickeil-alexander-walker,,DNP - Coach's Decision,6,,0,0,0,0,0,0,0,0,0,0,0,0,2021-22,Playoffs
0042100174,1610612762,Utah,Jazz,UTA,jazz,1630215,Jared,Butler,J. Butler,jared-butler,,DNP - Coach's Decision,13,,0,0,0,0,0,0,0,0,0,0,0,0,2021-22,Playoffs
0042100174,1610612762,Utah,Jazz,UTA,jazz,200752,Rudy,Gay,R. Gay,rudy-gay,,DNP - Coach's Decision,8,,0,0,0,0,0,0,0,0,0,0,0,0,2021-22,Playoffs
0042100175,1610612762,Utah,Jazz,UTA,jazz,202711,Bojan,Bogdanovic,B. Bogdanovic,bojan-bogdanovic,F,,44,27:42,0,0,0,0,14,7,6,26,0,0,3,2,2021-22,Playoffs
0042100175,1610612762,Utah,Jazz,UTA,jazz,1626220,Royce,O'Neale,R. O'Neale,royce-oneale,F,,23,22:12,0,0,0,2,10,7,3,24,0,0,1,1,2021-22,Playoffs
0042100175,1610612762,Utah,Jazz,UTA,jazz,203497,Rudy,Gobert,R. Gobert,rudy-gobert,C,,27,26:56,3,4,0,12,11,10,2,30,0,0,5,6,2021-22,Playoffs
0042100175,1610612762,Utah,Jazz,UTA,jazz,1628378,Donovan,Mitchell,D. Mitchell,donovan-mitchell,G,,45,31:35,0,0,3,6,14,7,6,28,0,0,1,1,2021-22,Playoffs
0042100175,1610612762,Utah,Jazz,UTA,jazz,201144,Mike,Conley,M. Conley,mike-conley,G,,11,27:08,2,0,2,2,12,10,5,26,0,0,5,2,2021-22,Playoffs
0042100175,1610612762,Utah,Jazz,UTA,jazz,203903,Jordan,Clarkson,J. Clarkson,jordan-clarkson,,,00,32:09,0,0,0,12,18,7,5,30,0,1,3,2,2021-22,Playoffs
0042100175,1610612762,Utah,Jazz,UTA,jazz,202355,Hassan,Whiteside,H. Whiteside,hassan-whiteside,,,21,13:04,2,2,0,2,10,2,3,10,1,0,2,0,2021-22,Playoffs
0042100175,1610612762,Utah,Jazz,UTA,jazz,1627863,Danuel,House Jr.,D. House Jr.,danuel-house-jr,,,25,22:56,0,0,2,2,9,7,5,20,1,0,1,2,2021-22,Playoffs
0042100175,1610612762,Utah,Jazz,UTA,jazz,1627823,Juancho,Hernangomez,J. Hernangomez,juancho-hernangomez,,,41,18:56,0,2,0,2,7,7,2,18,0,0,2,0,2021-22,Playoffs
0042100175,1610612762,Utah,Jazz,UTA,jazz,1629672,Eric,Paschall,E. Paschall,eric-paschall,,,0,8:00,0,0,0,0,0,2,3,6,0,0,1,0,2021-22,Playoffs
0042100175,1610612762,Utah,Jazz,UTA,jazz,1629638,Nickeil,Alexander-Walker,N. Alexander-Walker,nickeil-alexander-walker,,,6,4:41,0,0,0,4,0,2,0,6,0,0,0,1,2021-22,Playoffs
0042100175,1610612762,Utah,Jazz,UTA,jazz,1630215,Jared,Butler,J. Butler,jared-butler,,,13,4:41,0,0,0,0,0,2,0,6,0,0,0,1,2021-22,Playoffs
0042100175,1610612762,Utah,Jazz,UTA,jazz,200752,Rudy,Gay,R. Gay,rudy-gay,,DNP - Coach's Decision,8,,0,0,0,0,0,0,0,0,0,0,0,0,2021-22,Playoffs
0042100175,1610612742,Dallas,Mavericks,DAL,mavericks,203493,Reggie,Bullock Jr.,R. Bullock Jr.,reggie-bullock-jr,F,,25,30:53,0,0,0,0,5,3,5,24,0,0,2,1,2021-22,Playoffs
0042100175,1610612742,Dallas,Mavericks,DAL,mavericks,1627827,Dorian,Finney-Smith,D. Finney-Smith,dorian-finney-smith,F,,10,40:58,0,8,0,2,7,6,5,34,0,0,3,2,2021-22,Playoffs
0042100175,1610612742,Dallas,Mavericks,DAL,mavericks,203939,Dwight,Powell,D. Powell,dwight-powell,C,,7,20:23,0,2,0,8,5,1,2,18,0,0,2,2,2021-22,Playoffs
0042100175,1610612742,Dallas,Mavericks,DAL,mavericks,1628973,Jalen,Brunson,J. Brunson,jalen-brunson,G,,13,36:34,13,2,3,16,7,6,5,34,0,1,2,5,2021-22,Playoffs
0042100175,1610612742,Dallas,Mavericks,DAL,mavericks,1629029,Luka,Dončić,L. Dončić,luka-dončić,G,,77,32:46,5,0,5,14,3,4,2,26,1,1,4,10,2021-22,Playoffs
0042100175,1610612742,Dallas,Mavericks,DAL,mavericks,203915,Spencer,Dinwiddie,S. Dinwiddie,spencer-dinwiddie,,,26,27:55,3,0,0,2,4,7,3,28,0,0,2,1,2021-22,Playoffs
0042100175,1610612742,Dallas,Mavericks,DAL,mavericks,1628467,Maxi,Kleber,M. Kleber,maxi-kleber,,,42,20:07,0,0,0,0,2,5,3,14,0,0,0,2,2021-22,Playoffs
0042100175,1610612742,Dallas,Mavericks,DAL,mavericks,1630182,Josh,Green,J. Green,josh-green,,,8,13:60,0,0,0,0,2,2,2,14,0,0,2,1,2021-22,Playoffs
0042100175,1610612742,Dallas,Mavericks,DAL,mavericks,202722,Davis,Bertans,D. Bertans,davis-bertans,,,44,6:24,0,0,0,0,0,2,2,10,0,0,1,0,2021-22,Playoffs
0042100175,1610612742,Dallas,Mavericks,DAL,mavericks,203504,Trey,Burke,T. Burke,trey-burke,,,3,4:40,0,0,0,2,0,2,2,8,0,0,0,0,2021-22,Playoffs
0042100175,1610612742,Dallas,Mavericks,DAL,mavericks,1627737,Marquese,Chriss,M. Chriss,marquese-chriss,,,35,4:05,0,2,0,2,0,2,2,8,0,0,0,0,2021-22,Playoffs
0042100175,1610612742,Dallas,Mavericks,DAL,mavericks,1626246,Boban,Marjanovic,B. Marjanovic,boban-marjanovic,,,51,1:15,0,0,0,0,0,0,2,2,0,0,0,0,2021-22,Playoffs
0042100175,1610612742,Dallas,Mavericks,DAL,mavericks,1628425,Sterling,Brown,S. Brown,sterling-brown,,DNP - Coach's Decision,0,,0,0,0,0,0,0,0,0,0,0,0,0,2021-22,Playoffs
0042100175,1610612742,Dallas,Mavericks,DAL,mavericks,1628373,Frank,Ntilikina,F. Ntilikina,frank-ntilikina,,DNP - Coach's Decision,21,,0,0,0,0,0,0,0,0,0,0,0,0,2021-22,Playoffs
0042100176,1610612742,Dallas,Mavericks,DAL,mavericks,203493,Reggie,Bullock Jr.,R. Bullock Jr.,reggie-bullock-jr,F,,25,44:00,0,0,0,0,8,9,6,52,0,0,5,0,2021-22,Playoffs
0042100176,1610612742,Dallas,Mavericks,DAL,mavericks,1627827,Dorian,Finney-Smith,D. Finney-Smith,dorian-finney-smith,F,,10,45:39,2,3,2,6,10,11,6,54,0,1,3,1,2021-22,Playoffs
0042100176,1610612742,Dallas,Mavericks,DAL,mavericks,203939,Dwight,Powell,D. Powell,dwight-powell,C,,7,10:44,0,0,0,0,2,3,4,10,0,0,2,0,2021-22,Playoffs
0042100176,1610612742,Dallas,Mavericks,DAL,mavericks,1628973,Jalen,Brunson,J. Brunson,jalen-brunson,G,,13,38:01,8,0,2,14,13,13,9,48,0,1,0,6,2021-22,Playoffs
0042100176,1610612742,Dallas,Mavericks,DAL,mavericks,1629029,Luka,Dončić,L. Dončić,luka-dončić,G,,77,42:06,5,0,0,8,10,11,4,44,2,1,3,6,2021-22,Playoffs
0042100176,1610612742,Dallas,Mavericks,DAL,mavericks,1628467,Maxi,Kleber,M. Kleber,maxi-kleber,,,42,23:18,0,0,0,2,11,5,5,32,1,0,1,1,2021-22,Playoffs
0042100176,1610612742,Dallas,Mavericks,DAL,mavericks,1630182,Josh,Green,J. Green,josh-green,,,8,2:21,0,0,0,0,3,3,3,0,0,0,0,0,2021-22,Playoffs
0042100176,1610612742,Dallas,Mavericks,DAL,mavericks,203915,Spencer,Dinwiddie,S. Dinwiddie,spencer-dinwiddie,,,26,31:30,3,0,2,6,5,12,5,30,1,1,4,1,2021-22,Playoffs
0042100176,1610612742,Dallas,Mavericks,DAL,mavericks,202722,Davis,Bertans,D. Bertans,davis-bertans,,,44,2:21,0,0,0,0,3,3,3,0,0,0,1,0,2021-22,Playoffs
0042100176,1610612742,Dallas,Mavericks,DAL,mavericks,1628425,Sterling,Brown,S. Brown,sterling-brown,,DNP - Coach's Decision,0,,0,0,0,0,0,0,0,0,0,0,0,0,2021-22,Playoffs
0042100176,1610612742,Dallas,Mavericks,DAL,mavericks,203504,Trey,Burke,T. Burke,trey-burke,,DNP - Coach's Decision,3,,0,0,0,0,0,0,0,0,0,0,0,0,2021-22,Playoffs
0042100176,1610612742,Dallas,Mavericks,DAL,mavericks,1627737,Marquese,Chriss,M. Chriss,marquese-chriss,,DNP - Coach's Decision,35,,0,0,0,0,0,0,0,0,0,0,0,0,2021-22,Playoffs
0042100176,1610612742,Dallas,Mavericks,DAL,mavericks,1626246,Boban,Marjanovic,B. Marjanovic,boban-marjanovic,,DNP - Coach's Decision,51,,0,0,0,0,0,0,0,0,0,0,0,0,2021-22,Playoffs
0042100176,1610612742,Dallas,Mavericks,DAL,mavericks,1628373,Frank,Ntilikina,F. Ntilikina,frank-ntilikina,,DNP - Coach's Decision,21,,0,0,0,0,0,0,0,0,0,0,0,0,2021-22,Playoffs
0042100176,1610612762,Utah,Jazz,UTA,jazz,202711,Bojan,Bogdanovic,B. Bogdanovic,bojan-bogdanovic,F,,44,35:34,0,0,0,8,13,0,2,28,0,2,5,2,2021-22,Playoffs
0042100176,1610612762,Utah,Jazz,UTA,jazz,1626220,Royce,O'Neale,R. O'Neale,royce-oneale,F,,23,33:07,2,0,2,8,10,0,2,24,1,0,4,2,2021-22,Playoffs
0042100176,1610612762,Utah,Jazz,UTA,jazz,203497,Rudy,Gobert,R. Gobert,rudy-gobert,C,,27,35:37,0,2,0,6,17,3,6,26,0,0,0,3,2021-22,Playoffs
0042100176,1610612762,Utah,Jazz,UTA,jazz,1628378,Donovan,Mitchell,D. Mitchell,donovan-mitchell,G,,45,38:51,4,2,0,14,13,0,2,28,1,0,2,5,2021-22,Playoffs
0042100176,1610612762,Utah,Jazz,UTA,jazz,201144,Mike,Conley,M. Conley,mike-conley,G,,11,31:02,2,3,4,6,11,3,6,22,1,0,2,2,2021-22,Playoffs
0042100176,1610612762,Utah,Jazz,UTA,jazz,202355,Hassan,Whiteside,H. Whiteside,hassan-whiteside,,,21,8:25,0,0,0,0,1,0,0,10,0,0,0,1,2021-22,Playoffs
0042100176,1610612762,Utah,Jazz,UTA,jazz,203903,Jordan,Clarkson,J. Clarkson,jordan-clarkson,,,00,29:27,5,4,3,6,11,3,4,22,1,1,1,2,2021-22,Playoffs
0042100176,1610612762,Utah,Jazz,UTA,jazz,1627863,Danuel,House Jr.,D. House Jr.,danuel-house-jr,,,25,14:54,0,1,0,4,9,3,4,12,0,0,1,1,2021-22,Playoffs
0042100176,1610612762,Utah,Jazz,UTA,jazz,1627823,Juancho,Hernangomez,J. Hernangomez,juancho-hernangomez,,,41,9:09,0,0,0,0,5,3,4,8,0,1,0,1,2021-22,Playoffs
0042100176,1610612762,Utah,Jazz,UTA,jazz,1629672,Eric,Paschall,E. Paschall,eric-paschall,,,0,3:54,0,2,0,2,0,0,0,0,0,0,0,0,2021-22,Playoffs
0042100176,1610612762,Utah,Jazz,UTA,jazz,1629638,Nickeil,Alexander-Walker,N. Alexander-Walker,nickeil-alexander-walker,,DNP - Coach's Decision,6,,0,0,0,0,0,0,0,0,0,0,0,0,2021-22,Playoffs
0042100176,1610612762,Utah,Jazz,UTA,jazz,1630215,Jared,Butler,J. Butler,jared-butler,,DNP - Coach's Decision,13,,0,0,0,0,0,0,0,0,0,0,0,0,2021-22,Playoffs
0042100176,1610612762,Utah,Jazz,UTA,jazz,200752,Rudy,Gay,R. Gay,rudy-gay,,DNP - Coach's Decision,8,,0,0,0,0,0,0,0,0,0,0,0,0,2021-22,Playoffs
0042100201,1610612755,Philadelphia,76ers,PHI,sixers,201980,Danny,Green,D. Green,danny-green,F,,14,26:27,0,0,0,2,15,7,5,22,0,0,2,0,2021-22,Playoffs
0042100201,1610612755,Philadelphia,76ers,PHI,sixers,202699,Tobias,Harris,T. Harris,tobias-harris,F,,12,36:49,0,4,2,14,22,18,11,42,1,0,1,3,2021-22,Playoffs
0042100201,1610612755,Philadelphia,76ers,PHI,sixers,201599,DeAndre,Jordan,D. Jordan,deandre-jordan,C,,9,17:16,0,0,0,4,13,11,5,18,2,0,2,1,2021-22,Playoffs
0042100201,1610612755,Philadelphia,76ers,PHI,sixers,1630178,Tyrese,Maxey,T. Maxey,tyrese-maxey,G,,0,35:20,0,5,6,10,17,15,11,40,0,1,0,3,2021-22,Playoffs
0042100201,1610612755,Philadelphia,76ers,PHI,sixers,201935,James,Harden,J. Harden,james-harden,G,,1,34:35,5,2,0,4,18,12,9,26,0,0,2,5,2021-22,Playoffs
0042100201,1610612755,Philadelphia,76ers,PHI,sixers,1630194,Paul,Reed,P. Reed,paul-reed,,,44,13:03,0,0,0,4,7,5,4,12,1,1,5,2,2021-22,Playoffs
0042100201,1610612755,Philadelphia,76ers,PHI,sixers,1629003,Shake,Milton,S. Milton,shake-milton,,,18,15:03,0,0,0,2,5,3,4,14,0,0,1,1,2021-22,Playoffs
0042100201,1610612755,Philadelphia,76ers,PHI,sixers,1627777,Georges,Niang,G. Niang,georges-niang,,,20,21:39,0,0,0,0,2,7,8,18,0,0,2,0,2021-22,Playoffs
0042100201,1610612755,Philadelphia,76ers,PHI,sixers,1629680,Matisse,Thybulle,M. Thybulle,matisse-thybulle,,,22,15:23,2,0,2,2,4,4,4,22,1,0,1,1,2021-22,Playoffs
0042100201,1610612755,Philadelphia,76ers,PHI,sixers,200794,Paul,Millsap,P. Millsap,paul-millsap,,,8,5:38,0,0,0,0,0,2,2,10,0,0,1,0,2021-22,Playoffs
0042100201,1610612755,Philadelphia,76ers,PHI,sixers,1627788,Furkan,Korkmaz,F. Korkmaz,furkan-korkmaz,,,30,9:32,2,3,0,2,7,6,2,20,1,0,0,1,2021-22,Playoffs
0042100201,1610612755,Philadelphia,76ers,PHI,sixers,1630198,Isaiah,Joe,I. Joe,isaiah-joe,,,7,4:40,0,0,0,0,0,0,0,8,0,0,0,0,2021-22,Playoffs
0042100201,1610612755,Philadelphia,76ers,PHI,sixers,1629646,Charles,Bassey,C. Bassey,charles-bassey,,,23,4:36,0,0,0,2,0,0,0,8,0,0,0,1,2021-22,Playoffs
0042100201,1610612755,Philadelphia,76ers,PHI,sixers,1630531,Jaden,Springer,J. Springer,jaden-springer,,DNP - Coach's Decision,11,,0,0,0,0,0,0,0,0,0,0,0,0,2021-22,Playoffs
0042100201,1610612748,Miami,Heat,MIA,heat,202710,Jimmy,Butler III,J. Butler III,jimmy-butler-iii,F,,22,30:20,9,5,2,4,7,4,8,36,0,1,1,5,2021-22,Playoffs
0042100201,1610612748,Miami,Heat,MIA,heat,200782,P.J.,Tucker,P. Tucker,pj-tucker,F,,17,27:53,0,2,3,4,2,6,8,34,0,0,2,2,2021-22,Playoffs
0042100201,1610612748,Miami,Heat,MIA,heat,1628389,Bam,Adebayo,B. Adebayo,bam-adebayo,C,,13,33:47,8,4,0,16,7,5,8,30,1,0,2,6,2021-22,Playoffs
0042100201,1610612748,Miami,Heat,MIA,heat,1629622,Max,Strus,M. Strus,max-strus,G,,31,32:51,0,0,0,2,4,7,8,30,0,0,1,0,2021-22,Playoffs
0042100201,1610612748,Miami,Heat,MIA,heat,1629216,Gabe,Vincent,G. Vincent,gabe-vincent,G,,2,29:10,0,3,2,2,7,5,8,36,0,0,2,2,2021-22,Playoffs
0042100201,1610612748,Miami,Heat,MIA,heat,1629639,Tyler,Herro,T. Herro,tyler-herro,,,14,29:18,3,2,2,8,7,14,4,22,0,3,0,1,2021-22,Playoffs
0042100201,1610612748,Miami,Heat,MIA,heat,203473,Dewayne,Dedmon,D. Dedmon,dewayne-dedmon,,,21,4:13,0,0,0,0,0,2,0,2,0,1,5,0,2021-22,Playoffs
0042100201,1610612748,Miami,Heat,MIA,heat,203506,Victor,Oladipo,V. Oladipo,victor-oladipo,,,4,26:49,0,0,2,4,9,12,4,22,1,0,2,1,2021-22,Playoffs
0042100201,1610612748,Miami,Heat,MIA,heat,1628997,Caleb,Martin,C. Martin,caleb-martin,,,16,21:02,2,2,2,6,2,12,2,12,0,0,2,0,2021-22,Playoffs
0042100201,1610612748,Miami,Heat,MIA,heat,1630209,Omer,Yurtseven,O. Yurtseven,omer-yurtseven,,,77,4:36,0,0,0,6,0,3,0,6,0,1,1,0,2021-22,Playoffs
0042100201,1610612748,Miami,Heat,MIA,heat,2617,Udonis,Haslem,U. Haslem,udonis-haslem,,DNP - Coach's Decision,40,,0,0,0,0,0,0,0,0,0,0,0,0,2021-22,Playoffs
0042100201,1610612748,Miami,Heat,MIA,heat,1629312,Haywood,Highsmith,H. Highsmith,haywood-highsmith,,DNP - Coach's Decision,24,,0,0,0,0,0,0,0,0,0,0,0,0,2021-22,Playoffs
0042100201,1610612748,Miami,Heat,MIA,heat,202693,Markieff,Morris,M. Morris,markieff-morris,,DNP - Coach's Decision,8,,0,0,0,0,0,0,0,0,0,0,0,0,2021-22,Playoffs
0042100201,1610612748,Miami,Heat,MIA,heat,1629130,Duncan,Robinson,D. Robinson,duncan-robinson,,DNP - Coach's Decision,55,,0,0,0,0,0,0,0,0,0,0,0,0,2021-22,Playoffs
0042100202,1610612755,Philadelphia,76ers,PHI,sixers,201980,Danny,Green,D. Green,danny-green,F,,14,23:19,0,0,0,0,5,10,4,24,0,0,1,2,2021-22,Playoffs
0042100202,1610612755,Philadelphia,76ers,PHI,sixers,202699,Tobias,Harris,T. Harris,tobias-harris,F,,12,38:20,5,0,3,12,5,21,6,32,0,1,4,1,2021-22,Playoffs
0042100202,1610612755,Philadelphia,76ers,PHI,sixers,201599,DeAndre,Jordan,D. Jordan,deandre-jordan,C,,9,13:24,0,2,0,6,0,5,2,14,0,0,2,2,2021-22,Playoffs
0042100202,1610612755,Philadelphia,76ers,PHI,sixers,1630178,Tyrese,Maxey,T. Maxey,tyrese-maxey,G,,0,43:27,10,2,12,18,5,21,8,36,0,1,1,7,2021-22,Playoffs
0042100202,1610612755,Philadelphia,76ers,PHI,sixers,201935,James,Harden,J. Harden,james-harden,G,,1,41:28,3,2,0,10,7,18,6,30,0,1,3,6,2021-22,Playoffs
0042100202,1610612755,Philadelphia,76ers,PHI,sixers,1630194,Paul,Reed,P. Reed,paul-reed,,,44,25:20,0,4,0,4,4,11,4,20,2,0,2,1,2021-22,Playoffs
0042100202,1610612755,Philadelphia,76ers,PHI,sixers,1629680,Matisse,Thybulle,M. Thybulle,matisse-thybulle,,,22,20:34,0,0,0,0,10,8,6,20,1,0,1,1,2021-22,Playoffs
0042100202,1610612755,Philadelphia,76ers,PHI,sixers,1627788,Furkan,Korkmaz,F. Korkmaz,furkan-korkmaz,,,30,18:15,0,2,0,2,2,10,2,14,0,0,4,1,2021-22,Playoffs
0042100202,1610612755,Philadelphia,76ers,PHI,sixers,1627777,Georges,Niang,G. Niang,georges-niang,,,20,10:21,0,0,0,2,2,1,2,4,0,0,6,0,2021-22,Playoffs
0042100202,1610612755,Philadelphia,76ers,PHI,sixers,1629003,Shake,Milton,S. Milton,shake-milton,,,18,1:23,0,0,0,0,5,0,0,4,0,0,0,1,2021-22,Playoffs
0042100202,1610612755,Philadelphia,76ers,PHI,sixers,1630198,Isaiah,Joe,I. Joe,isaiah-joe,,,7,1:23,0,0,0,0,5,0,0,4,0,0,1,0,2021-22,Playoffs
0042100202,1610612755,Philadelphia,76ers,PHI,sixers,1630531,Jaden,Springer,J. Springer,jaden-springer,,,11,1:23,0,0,0,0,5,0,0,4,0,0,0,0,2021-22,Playoffs
0042100202,1610612755,Philadelphia,76ers,PHI,sixers,1629646,Charles,Bassey,C. Bassey,charles-bassey,,,23,1:23,0,0,0,0,5,0,0,4,1,0,0,0,2021-22,Playoffs
0042100202,1610612755,Philadelphia,76ers,PHI,sixers,200794,Paul,Millsap,P. Millsap,paul-millsap,,DNP - Coach's Decision,8,,0,0,0,0,0,0,0,0,0,0,0,0,2021-22,Playoffs
0042100202,1610612748,Miami,Heat,MIA,heat,202710,Jimmy,Butler III,J. Butler III,jimmy-butler-iii,F,,22,37:19,0,0,2,12,15,6,15,46,0,0,2,5,2021-22,Playoffs
0042100202,1610612748,Miami,Heat,MIA,heat,200782,P.J.,Tucker,P. Tucker,pj-tucker,F,,17,25:46,0,0,0,0,13,6,13,40,0,0,3,0,2021-22,Playoffs
0042100202,1610612748,Miami,Heat,MIA,heat,1628389,Bam,Adebayo,B. Adebayo,bam-adebayo,C,,13,32:46,2,5,0,14,11,8,8,36,0,0,3,7,2021-22,Playoffs
0042100202,1610612748,Miami,Heat,MIA,heat,1629622,Max,Strus,M. Strus,max-strus,G,,31,26:47,3,3,0,0,6,8,3,28,1,0,4,1,2021-22,Playoffs
0042100202,1610612748,Miami,Heat,MIA,heat,1629216,Gabe,Vincent,G. Vincent,gabe-vincent,G,,2,28:01,0,0,0,0,8,6,10,38,0,1,3,0,2021-22,Playoffs
0042100202,1610612748,Miami,Heat,MIA,heat,203473,Dewayne,Dedmon,D. Dedmon,dewayne-dedmon,,,21,10:34,0,3,0,4,5,4,5,14,1,0,0,3,2021-22,Playoffs
0042100202,1610612748,Miami,Heat,MIA,heat,1629639,Tyler,Herro,T. Herro,tyler-herro,,,14,33:16,2,3,2,4,15,10,12,34,1,1,3,4,2021-22,Playoffs
0042100202,1610612748,Miami,Heat,MIA,heat,203506,Victor,Oladipo,V. Oladipo,victor-oladipo,,,4,28:30,0,7,4,4,12,6,9,24,0,0,3,3,2021-22,Playoffs
0042100202,1610612748,Miami,Heat,MIA,heat,1628997,Caleb,Martin,C. Martin,caleb-martin,,,16,13:20,3,0,0,2,5,6,0,10,0,1,1,2,2021-22,Playoffs
0042100202,1610612748,Miami,Heat,MIA,heat,1629312,Haywood,Highsmith,H. Highsmith,haywood-highsmith,,,24,1:23,0,0,0,0,0,0,0,0,0,1,0,0,2021-22,Playoffs
0042100202,1610612748,Miami,Heat,MIA,heat,1630209,Omer,Yurtseven,O. Yurtseven,omer-yurtseven,,,77,1:23,2,0,0,2,0,0,0,0,0,0,0,0,2021-22,Playoffs
0042100202,1610612748,Miami,Heat,MIA,heat,1629130,Duncan,Robinson,D. Robinson,duncan-robinson,,,55,0:56,0,0,0,0,0,0,0,0,0,0,0,0,2021-22,Playoffs
0042100202,1610612748,Miami,Heat,MIA,heat,2617,Udonis,Haslem,U. Haslem,udonis-haslem,,DNP - Coach's Decision,40,,0,0,0,0,0,0,0,0,0,0,0,0,2021-22,Playoffs
0042100202,1610612748,Miami,Heat,MIA,heat,202693,Markieff,Morris,M. Morris,markieff-morris,,DNP - Coach's Decision,8,,0,0,0,0,0,0,0,0,0,0,0,0,2021-22,Playoffs
0042100203,1610612748,Miami,Heat,MIA,heat,202710,Jimmy,Butler III,J. Butler III,jimmy-butler-iii,F,,22,38:13,12,11,0,20,10,7,17,16,0,0,2,7,2021-22,Playoffs
0042100203,1610612748,Miami,Heat,MIA,heat,200782,P.J.,Tucker,P. Tucker,pj-tucker,F,,17,34:32,0,2,0,4,10,7,17,16,0,0,3,2,2021-22,Playoffs
0042100203,1610612748,Miami,Heat,MIA,heat,1628389,Bam,Adebayo,B. Adebayo,bam-adebayo,C,,13,33:36,1,2,1,0,15,7,17,18,0,1,5,7,2021-22,Playoffs
0042100203,1610612748,Miami,Heat,MIA,heat,1629622,Max,Strus,M. Strus,max-strus,G,,31,27:04,0,0,3,0,12,4,15,14,1,0,1,1,2021-22,Playoffs
0042100203,1610612748,Miami,Heat,MIA,heat,200768,Kyle,Lowry,K. Lowry,kyle-lowry,G,,7,25:21,0,0,0,0,12,0,11,16,0,0,4,1,2021-22,Playoffs
0042100203,1610612748,Miami,Heat,MIA,heat,1629216,Gabe,Vincent,G. Vincent,gabe-vincent,,,2,14:55,0,0,0,0,2,1,8,10,0,0,2,0,2021-22,Playoffs
0042100203,1610612748,Miami,Heat,MIA,heat,1629639,Tyler,Herro,T. Herro,tyler-herro,,,14,27:05,4,0,2,2,12,3,6,22,0,1,1,1,2021-22,Playoffs
0042100203,1610612748,Miami,Heat,MIA,heat,203473,Dewayne,Dedmon,D. Dedmon,dewayne-dedmon,,,21,12:19,0,0,0,0,2,0,2,8,0,0,3,2,2021-22,Playoffs
0042100203,1610612748,Miami,Heat,MIA,heat,203506,Victor,Oladipo,V. Oladipo,victor-oladipo,,,4,20:40,2,0,0,2,10,6,2,14,0,0,1,3,2021-22,Playoffs
0042100203,1610612748,Miami,Heat,MIA,heat,1628997,Caleb,Martin,C. Martin,caleb-martin,,,16,2:05,0,0,0,0,0,0,0,2,0,1,0,0,2021-22,Playoffs
0042100203,1610612748,Miami,Heat,MIA,heat,1630209,Omer,Yurtseven,O. Yurtseven,omer-yurtseven,,,77,2:05,0,0,0,0,0,0,0,2,0,0,0,0,2021-22,Playoffs
0042100203,1610612748,Miami,Heat,MIA,heat,1629312,Haywood,Highsmith,H. Highsmith,haywood-highsmith,,,24,2:05,0,0,0,0,0,0,0,2,0,0,0,0,2021-22,Playoffs
0042100203,1610612748,Miami,Heat,MIA,heat,2617,Udonis,Haslem,U. Haslem,udonis-haslem,,DNP - Coach's Decision,40,,0,0,0,0,0,0,0,0,0,0,0,0,2021-22,Playoffs
0042100203,1610612748,Miami,Heat,MIA,heat,202693,Markieff,Morris,M. Morris,markieff-morris,,DNP - Coach's Decision,8,,0,0,0,0,0,0,0,0,0,0,0,0,2021-22,Playoffs
0042100203,1610612748,Miami,Heat,MIA,heat,1629130,Duncan,Robinson,D. Robinson,duncan-robinson,,DNP - Coach's Decision,55,,0,0,0,0,0,0,0,0,0,0,0,0,2021-22,Playoffs
0042100203,1610612755,Philadelphia,76ers,PHI,sixers,201980,Danny,Green,D. Green,danny-green,F,,14,33:44,6,0,0,0,13,9,4,22,0,0,3,0,2021-22,Playoffs
0042100203,1610612755,Philadelphia,76ers,PHI,sixers,202699,Tobias,Harris,T. Harris,tobias-harris,F,,12,38:51,2,0,6,6,19,15,6,28,0,0,6,0,2021-22,Playoffs
0042100203,1610612755,Philadelphia,76ers,PHI,sixers,203954,Joel,Embiid,J. Embiid,joel-embiid,C,,21,36:20,3,3,0,6,12,13,4,22,1,0,4,12,2021-22,Playoffs
0042100203,1610612755,Philadelphia,76ers,PHI,sixers,1630178,Tyrese,Maxey,T. Maxey,tyrese-maxey,G,,0,38:36,2,3,4,4,19,13,6,24,0,1,2,1,2021-22,Playoffs
0042100203,1610612755,Philadelphia,76ers,PHI,sixers,201935,James,Harden,J. Harden,james-harden,G,,1,37:53,4,0,5,6,8,6,4,12,1,0,4,6,2021-22,Playoffs
0042100203,1610612755,Philadelphia,76ers,PHI,sixers,1629680,Matisse,Thybulle,M. Thybulle,matisse-thybulle,,,22,19:41,0,0,0,4,11,11,2,16,1,0,2,1,2021-22,Playoffs
0042100203,1610612755,Philadelphia,76ers,PHI,sixers,1627777,Georges,Niang,G. Niang,georges-niang,,,20,8:38,0,0,0,0,4,0,2,4,0,0,0,1,2021-22,Playoffs
0042100203,1610612755,Philadelphia,76ers,PHI,sixers,1627788,Furkan,Korkmaz,F. Korkmaz,furkan-korkmaz,,,30,6:02,0,0,0,0,2,2,0,4,0,0,0,0,2021-22,Playoffs
0042100203,1610612755,Philadelphia,76ers,PHI,sixers,1630194,Paul,Reed,P. Reed,paul-reed,,,44,11:40,0,0,0,2,7,2,2,6,0,0,2,0,2021-22,Playoffs
0042100203,1610612755,Philadelphia,76ers,PHI,sixers,1629003,Shake,Milton,S. Milton,shake-milton,,,18,8:35,0,1,4,0,0,4,0,2,0,0,1,1,2021-22,Playoffs
0042100203,1610612755,Philadelphia,76ers,PHI,sixers,1629646,Charles,Bassey,C. Bassey,charles-bassey,,DNP - Coach's Decision,23,,0,0,0,0,0,0,0,0,0,0,0,0,2021-22,Playoffs
0042100203,1610612755,Philadelphia,76ers,PHI,sixers,1630198,Isaiah,Joe,I. Joe,isaiah-joe,,DNP - Coach's Decision,7,,0,0,0,0,0,0,0,0,0,0,0,0,2021-22,Playoffs
0042100203,1610612755,Philadelphia,76ers,PHI,sixers,201599,DeAndre,Jordan,D. Jordan,deandre-jordan,,DNP - Coach's Decision,9,,0,0,0,0,0,0,0,0,0,0,0,0,2021-22,Playoffs
0042100203,1610612755,Philadelphia,76ers,PHI,sixers,200794,Paul,Millsap,P. Millsap,paul-millsap,,DNP - Coach's Decision,8,,0,0,0,0,0,0,0,0,0,0,0,0,2021-22,Playoffs
0042100203,1610612755,Philadelphia,76ers,PHI,sixers,1630531,Jaden,Springer,J. Springer,jaden-springer,,DNP - Coach's Decision,11,,0,0,0,0,0,0,0,0,0,0,0,0,2021-22,Playoffs
0042100204,1610612748,Miami,Heat,MIA,heat,202710,Jimmy,Butler III,J. Butler III,jimmy-butler-iii,F,,22,41:48,7,0,4,16,9,7,18,30,2,0,1,9,2021-22,Playoffs
0042100204,1610612748,Miami,Heat,MIA,heat,200782,P.J.,Tucker,P. Tucker,pj-tucker,F,,17,25:08,3,3,0,4,7,3,11,20,0,0,5,0,2021-22,Playoffs
0042100204,1610612748,Miami,Heat,MIA,heat,1628389,Bam,Adebayo,B. Adebayo,bam-adebayo,C,,13,33:20,4,4,0,18,5,4,9,24,0,0,4,4,2021-22,Playoffs
0042100204,1610612748,Miami,Heat,MIA,heat,1629622,Max,Strus,M. Strus,max-strus,G,,31,29:56,0,0,0,0,6,7,9,24,1,0,6,1,2021-22,Playoffs
0042100204,1610612748,Miami,Heat,MIA,heat,200768,Kyle,Lowry,K. Lowry,kyle-lowry,G,,7,30:16,4,0,6,6,9,5,8,24,0,1,2,4,2021-22,Playoffs
0042100204,1610612748,Miami,Heat,MIA,heat,203506,Victor,Oladipo,V. Oladipo,victor-oladipo,,,4,32:09,5,0,5,2,8,5,14,20,2,0,2,5,2021-22,Playoffs
0042100204,1610612748,Miami,Heat,MIA,heat,1629639,Tyler,Herro,T. Herro,tyler-herro,,,14,33:43,0,0,2,2,5,4,12,18,0,0,1,1,2021-22,Playoffs
0042100204,1610612748,Miami,Heat,MIA,heat,1629216,Gabe,Vincent,G. Vincent,gabe-vincent,,,2,10:03,2,0,2,0,2,0,5,4,0,0,3,0,2021-22,Playoffs
0042100204,1610612748,Miami,Heat,MIA,heat,1628997,Caleb,Martin,C. Martin,caleb-martin,,,16,0:09,0,0,0,0,2,0,2,2,0,0,0,0,2021-22,Playoffs
0042100204,1610612748,Miami,Heat,MIA,heat,202693,Markieff,Morris,M. Morris,markieff-morris,,,8,3:28,0,0,0,0,2,0,2,4,0,1,2,0,2021-22,Playoffs
0042100204,1610612748,Miami,Heat,MIA,heat,2617,Udonis,Haslem,U. Haslem,udonis-haslem,,DNP - Coach's Decision,40,,0,0,0,0,0,0,0,0,0,0,0,0,2021-22,Playoffs
0042100204,1610612748,Miami,Heat,MIA,heat,1629312,Haywood,Highsmith,H. Highsmith,haywood-highsmith,,DNP - Coach's Decision,24,,0,0,0,0,0,0,0,0,0,0,0,0,2021-22,Playoffs
0042100204,1610612748,Miami,Heat,MIA,heat,1629130,Duncan,Robinson,D. Robinson,duncan-robinson,,DNP - Coach's Decision,55,,0,0,0,0,0,0,0,0,0,0,0,0,2021-22,Playoffs
0042100204,1610612748,Miami,Heat,MIA,heat,1630209,Omer,Yurtseven,O. Yurtseven,omer-yurtseven,,DNP - Coach's Decision,77,,0,0,0,0,0,0,0,0,0,0,0,0,2021-22,Playoffs
0042100204,1610612755,Philadelphia,76ers,PHI,sixers,201980,Danny,Green,D. Green,danny-green,F,,14,24:03,2,0,3,2,10,5,2,26,1,0,4,1,2021-22,Playoffs
0042100204,1610612755,Philadelphia,76ers,PHI,sixers,202699,Tobias,Harris,T. Harris,tobias-harris,F,,12,35:13,2,2,0,6,18,5,11,38,0,1,5,2,2021-22,Playoffs
0042100204,1610612755,Philadelphia,76ers,PHI,sixers,203954,Joel,Embiid,J. Embiid,joel-embiid,C,,21,38:10,0,0,0,8,23,7,17,34,1,0,4,9,2021-22,Playoffs
0042100204,1610612755,Philadelphia,76ers,PHI,sixers,1630178,Tyrese,Maxey,T. Maxey,tyrese-maxey,G,,0,42:12,4,0,8,6,21,7,17,38,0,1,3,4,2021-22,Playoffs
0042100204,1610612755,Philadelphia,76ers,PHI,sixers,201935,James,Harden,J. Harden,james-harden,G,,1,40:51,1,0,7,4,23,5,15,40,0,3,2,6,2021-22,Playoffs
0042100204,1610612755,Philadelphia,76ers,PHI,sixers,1629680,Matisse,Thybulle,M. Thybulle,matisse-thybulle,,,22,15:04,0,0,0,2,9,2,10,14,0,0,1,0,2021-22,Playoffs
0042100204,1610612755,Philadelphia,76ers,PHI,sixers,1627777,Georges,Niang,G. Niang,georges-niang,,,20,21:10,2,3,0,2,13,2,15,18,0,0,2,2,2021-22,Playoffs
0042100204,1610612755,Philadelphia,76ers,PHI,sixers,1629003,Shake,Milton,S. Milton,shake-milton,,,18,13:18,0,0,0,2,6,2,6,18,0,0,1,1,2021-22,Playoffs
0042100204,1610612755,Philadelphia,76ers,PHI,sixers,1630194,Paul,Reed,P. Reed,paul-reed,,,44,9:58,0,2,0,2,2,0,2,14,0,0,2,1,2021-22,Playoffs
0042100204,1610612755,Philadelphia,76ers,PHI,sixers,1629646,Charles,Bassey,C. Bassey,charles-bassey,,DNP - Coach's Decision,23,,0,0,0,0,0,0,0,0,0,0,0,0,2021-22,Playoffs
0042100204,1610612755,Philadelphia,76ers,PHI,sixers,201599,DeAndre,Jordan,D. Jordan,deandre-jordan,,DNP - Coach's Decision,9,,0,0,0,0,0,0,0,0,0,0,0,0,2021-22,Playoffs
0042100204,1610612755,Philadelphia,76ers,PHI,sixers,1627788,Furkan,Korkmaz,F. Korkmaz,furkan-korkmaz,,DNP - Coach's Decision,30,,0,0,0,0,0,0,0,0,0,0,0,0,2021-22,Playoffs
0042100204,1610612755,Philadelphia,76ers,PHI,sixers,200794,Paul,Millsap,P. Millsap,paul-millsap,,DNP - Coach's Decision,8,,0,0,0,0,0,0,0,0,0,0,0,0,2021-22,Playoffs
0042100204,1610612755,Philadelphia,76ers,PHI,sixers,1630531,Jaden,Springer,J. Springer,jaden-springer,,DNP - Coach's Decision,11,,0,0,0,0,0,0,0,0,0,0,0,0,2021-22,Playoffs
0042100205,1610612755,Philadelphia,76ers,PHI,sixers,201980,Danny,Green,D. Green,danny-green,F,,14,20:48,3,0,0,0,15,11,7,28,1,0,2,0,2021-22,Playoffs
0042100205,1610612755,Philadelphia,76ers,PHI,sixers,202699,Tobias,Harris,T. Harris,tobias-harris,F,,12,32:43,2,0,0,6,17,11,12,42,0,2,2,0,2021-22,Playoffs
0042100205,1610612755,Philadelphia,76ers,PHI,sixers,203954,Joel,Embiid,J. Embiid,joel-embiid,C,,21,33:01,0,2,2,8,17,11,12,42,0,1,1,5,2021-22,Playoffs
0042100205,1610612755,Philadelphia,76ers,PHI,sixers,1630178,Tyrese,Maxey,T. Maxey,tyrese-maxey,G,,0,31:31,4,0,4,2,16,8,14,42,0,0,2,3,2021-22,Playoffs
0042100205,1610612755,Philadelphia,76ers,PHI,sixers,201935,James,Harden,J. Harden,james-harden,G,,1,37:19,0,2,0,6,21,11,14,48,0,0,2,1,2021-22,Playoffs
0042100205,1610612755,Philadelphia,76ers,PHI,sixers,1627777,Georges,Niang,G. Niang,georges-niang,,,20,16:29,0,0,0,0,6,0,2,18,0,0,2,0,2021-22,Playoffs
0042100205,1610612755,Philadelphia,76ers,PHI,sixers,1629680,Matisse,Thybulle,M. Thybulle,matisse-thybulle,,,22,10:49,0,0,0,0,7,3,7,14,0,0,1,0,2021-22,Playoffs
0042100205,1610612755,Philadelphia,76ers,PHI,sixers,1629003,Shake,Milton,S. Milton,shake-milton,,,18,19:37,0,5,0,2,8,0,1,18,0,0,4,2,2021-22,Playoffs
0042100205,1610612755,Philadelphia,76ers,PHI,sixers,1630194,Paul,Reed,P. Reed,paul-reed,,,44,15:56,0,5,0,6,6,0,3,14,1,1,2,1,2021-22,Playoffs
0042100205,1610612755,Philadelphia,76ers,PHI,sixers,1627788,Furkan,Korkmaz,F. Korkmaz,furkan-korkmaz,,,30,8:18,0,0,0,4,2,0,1,6,0,0,0,0,2021-22,Playoffs
0042100205,1610612755,Philadelphia,76ers,PHI,sixers,1630531,Jaden,Springer,J. Springer,jaden-springer,,,11,6:59,0,0,0,2,0,0,1,4,0,0,0,1,2021-22,Playoffs
0042100205,1610612755,Philadelphia,76ers,PHI,sixers,1629646,Charles,Bassey,C. Bassey,charles-bassey,,,23,6:30,0,0,0,0,0,0,1,4,0,0,1,0,2021-22,Playoffs
0042100205,1610612755,Philadelphia,76ers,PHI,sixers,1630198,Isaiah,Joe,I. Joe,isaiah-joe,,DNP - Coach's Decision,7,,0,0,0,0,0,0,0,0,0,0,0,0,2021-22,Playoffs
0042100205,1610612755,Philadelphia,76ers,PHI,sixers,201599,DeAndre,Jordan,D. Jordan,deandre-jordan,,DNP - Coach's Decision,9,,0,0,0,0,0,0,0,0,0,0,0,0,2021-22,Playoffs
0042100205,1610612755,Philadelphia,76ers,PHI,sixers,200794,Paul,Millsap,P. Millsap,paul-millsap,,DNP - Coach's Decision,8,,0,0,0,0,0,0,0,0,0,0,0,0,2021-22,Playoffs
0042100205,1610612748,Miami,Heat,MIA,heat,202710,Jimmy,Butler III,J. Butler III,jimmy-butler-iii,F,,22,34:35,9,5,4,12,9,4,4,24,0,0,2,3,2021-22,Playoffs
0042100205,1610612748,Miami,Heat,MIA,heat,200782,P.J.,Tucker,P. Tucker,pj-tucker,F,,17,30:37,2,0,0,4,7,4,4,20,1,0,0,1,2021-22,Playoffs
0042100205,1610612748,Miami,Heat,MIA,heat,1628389,Bam,Adebayo,B. Adebayo,bam-adebayo,C,,13,27:37,0,2,5,8,7,6,4,14,2,0,1,4,2021-22,Playoffs
0042100205,1610612748,Miami,Heat,MIA,heat,1629622,Max,Strus,M. Strus,max-strus,G,,31,27:32,6,2,5,6,7,2,2,16,0,0,1,3,2021-22,Playoffs
0042100205,1610612748,Miami,Heat,MIA,heat,1629216,Gabe,Vincent,G. Vincent,gabe-vincent,G,,2,27:40,0,0,0,8,0,6,2,20,0,0,1,3,2021-22,Playoffs
0042100205,1610612748,Miami,Heat,MIA,heat,1629639,Tyler,Herro,T. Herro,tyler-herro,,,14,21:50,0,0,0,8,4,10,4,22,0,1,1,1,2021-22,Playoffs
0042100205,1610612748,Miami,Heat,MIA,heat,203473,Dewayne,Dedmon,D. Dedmon,dewayne-dedmon,,,21,12:16,0,0,0,0,2,4,2,14,0,0,3,0,2021-22,Playoffs
0042100205,1610612748,Miami,Heat,MIA,heat,1629130,Duncan,Robinson,D. Robinson,duncan-robinson,,,55,13:30,0,0,1,0,0,10,2,12,0,0,1,1,2021-22,Playoffs
0042100205,1610612748,Miami,Heat,MIA,heat,203506,Victor,Oladipo,V. Oladipo,victor-oladipo,,,4,18:21,2,2,0,6,9,8,4,10,0,0,2,1,2021-22,Playoffs
0042100205,1610612748,Miami,Heat,MIA,heat,1628997,Caleb,Martin,C. Martin,caleb-martin,,,16,11:25,2,0,0,2,0,10,2,12,0,1,0,1,2021-22,Playoffs
0042100205,1610612748,Miami,Heat,MIA,heat,1630209,Omer,Yurtseven,O. Yurtseven,omer-yurtseven,,,77,8:07,2,0,0,2,0,4,0,8,1,0,0,0,2021-22,Playoffs
0042100205,1610612748,Miami,Heat,MIA,heat,1629312,Haywood,Highsmith,H. Highsmith,haywood-highsmith,,,24,6:30,0,0,0,0,0,2,0,8,0,0,1,1,2021-22,Playoffs
0042100205,1610612748,Miami,Heat,MIA,heat,2617,Udonis,Haslem,U. Haslem,udonis-haslem,,DNP - Coach's Decision,40,,0,0,0,0,0,0,0,0,0,0,0,0,2021-22,Playoffs
0042100205,1610612748,Miami,Heat,MIA,heat,202693,Markieff,Morris,M. Morris,markieff-morris,,DNP - Coach's Decision,8,,0,0,0,0,0,0,0,0,0,0,0,0,2021-22,Playoffs
0042100206,1610612748,Miami,Heat,MIA,heat,202710,Jimmy,Butler III,J. Butler III,jimmy-butler-iii,F,,22,42:36,7,3,7,16,13,9,8,40,2,3,0,8,2021-22,Playoffs
0042100206,1610612748,Miami,Heat,MIA,heat,200782,P.J.,Tucker,P. Tucker,pj-tucker,F,,17,38:38,0,4,0,12,10,7,8,40,2,1,2,1,2021-22,Playoffs
0042100206,1610612748,Miami,Heat,MIA,heat,1628389,Bam,Adebayo,B. Adebayo,bam-adebayo,C,,13,34:28,4,4,4,10,8,6,8,36,1,0,2,3,2021-22,Playoffs
0042100206,1610612748,Miami,Heat,MIA,heat,1629622,Max,Strus,M. Strus,max-strus,G,,31,39:36,5,2,0,4,11,9,8,38,0,1,2,2,2021-22,Playoffs
0042100206,1610612748,Miami,Heat,MIA,heat,1629216,Gabe,Vincent,G. Vincent,gabe-vincent,G,,2,27:29,0,0,0,4,6,7,8,28,0,0,1,0,2021-22,Playoffs
0042100206,1610612748,Miami,Heat,MIA,heat,203473,Dewayne,Dedmon,D. Dedmon,dewayne-dedmon,,,21,12:24,0,2,0,4,5,3,3,10,0,0,1,1,2021-22,Playoffs
0042100206,1610612748,Miami,Heat,MIA,heat,1629639,Tyler,Herro,T. Herro,tyler-herro,,,14,15:56,4,2,2,10,5,2,3,12,0,1,0,0,2021-22,Playoffs
0042100206,1610612748,Miami,Heat,MIA,heat,203506,Victor,Oladipo,V. Oladipo,victor-oladipo,,,4,19:34,2,0,0,2,7,2,3,22,0,0,3,0,2021-22,Playoffs
0042100206,1610612748,Miami,Heat,MIA,heat,1628997,Caleb,Martin,C. Martin,caleb-martin,,,16,5:27,0,0,0,0,0,0,3,8,1,0,0,1,2021-22,Playoffs
0042100206,1610612748,Miami,Heat,MIA,heat,1629130,Duncan,Robinson,D. Robinson,duncan-robinson,,,55,3:53,0,0,0,0,0,0,3,6,0,0,1,0,2021-22,Playoffs
0042100206,1610612748,Miami,Heat,MIA,heat,2617,Udonis,Haslem,U. Haslem,udonis-haslem,,DNP - Coach's Decision,40,,0,0,0,0,0,0,0,0,0,0,0,0,2021-22,Playoffs
0042100206,1610612748,Miami,Heat,MIA,heat,1629312,Haywood,Highsmith,H. Highsmith,haywood-highsmith,,DNP - Coach's Decision,24,,0,0,0,0,0,0,0,0,0,0,0,0,2021-22,Playoffs
0042100206,1610612748,Miami,Heat,MIA,heat,202693,Markieff,Morris,M. Morris,markieff-morris,,DNP - Coach's Decision,8,,0,0,0,0,0,0,0,0,0,0,0,0,2021-22,Playoffs
0042100206,1610612748,Miami,Heat,MIA,heat,1630209,Omer,Yurtseven,O. Yurtseven,omer-yurtseven,,DNP - Coach's Decision,77,,0,0,0,0,0,0,0,0,0,0,0,0,2021-22,Playoffs
0042100206,1610612755,Philadelphia,76ers,PHI,sixers,201980,Danny,Green,D. Green,danny-green,F,,14,3:06,0,0,0,0,3,0,0,4,0,0,1,0,2021-22,Playoffs
0042100206,1610612755,Philadelphia,76ers,PHI,sixers,202699,Tobias,Harris,T. Harris,tobias-harris,F,,12,38:21,4,2,2,8,18,11,10,50,2,0,0,0,2021-22,Playoffs
0042100206,1610612755,Philadelphia,76ers,PHI,sixers,203954,Joel,Embiid,J. Embiid,joel-embiid,C,,21,44:03,0,4,0,10,16,15,9,54,1,4,3,5,2021-22,Playoffs
0042100206,1610612755,Philadelphia,76ers,PHI,sixers,1630178,Tyrese,Maxey,T. Maxey,tyrese-maxey,G,,0,41:50,6,0,7,16,22,15,13,56,1,2,4,2,2021-22,Playoffs
0042100206,1610612755,Philadelphia,76ers,PHI,sixers,201935,James,Harden,J. Harden,james-harden,G,,1,42:59,3,0,0,2,20,15,13,56,0,0,2,1,2021-22,Playoffs
0042100206,1610612755,Philadelphia,76ers,PHI,sixers,1629680,Matisse,Thybulle,M. Thybulle,matisse-thybulle,,,22,11:58,0,3,0,2,5,4,2,18,1,0,2,1,2021-22,Playoffs
0042100206,1610612755,Philadelphia,76ers,PHI,sixers,1630194,Paul,Reed,P. Reed,paul-reed,,,44,3:57,0,0,0,0,6,2,4,8,0,0,1,0,2021-22,Playoffs
0042100206,1610612755,Philadelphia,76ers,PHI,sixers,1629003,Shake,Milton,S. Milton,shake-milton,,,18,28:23,0,0,2,6,12,13,11,36,1,0,1,2,2021-22,Playoffs
0042100206,1610612755,Philadelphia,76ers,PHI,sixers,1627777,Georges,Niang,G. Niang,georges-niang,,,20,15:17,0,0,0,0,6,8,3,20,0,0,1,0,2021-22,Playoffs
0042100206,1610612755,Philadelphia,76ers,PHI,sixers,1627788,Furkan,Korkmaz,F. Korkmaz,furkan-korkmaz,,,30,7:50,0,0,0,2,2,2,0,8,0,0,1,1,2021-22,Playoffs
0042100206,1610612755,Philadelphia,76ers,PHI,sixers,1630198,Isaiah,Joe,I. Joe,isaiah-joe,,,7,1:08,0,0,0,2,0,0,0,0,0,0,0,0,2021-22,Playoffs
0042100206,1610612755,Philadelphia,76ers,PHI,sixers,1630531,Jaden,Springer,J. Springer,jaden-springer,,,11,1:08,0,0,0,0,0,0,0,0,0,0,0,0,2021-22,Playoffs
0042100206,1610612755,Philadelphia,76ers,PHI,sixers,1629646,Charles,Bassey,C. Bassey,charles-bassey,,DNP - Coach's Decision,23,,0,0,0,0,0,0,0,0,0,0,0,0,2021-22,Playoffs
0042100206,1610612755,Philadelphia,76ers,PHI,sixers,201599,DeAndre,Jordan,D. Jordan,deandre-jordan,,DNP - Coach's Decision,9,,0,0,0,0,0,0,0,0,0,0,0,0,2021-22,Playoffs
0042100206,1610612755,Philadelphia,76ers,PHI,sixers,200794,Paul,Millsap,P. Millsap,paul-millsap,,DNP - Coach's Decision,8,,0,0,0,0,0,0,0,0,0,0,0,0,2021-22,Playoffs
0042100211,1610612749,Milwaukee,Bucks,MIL,bucks,1626171,Bobby,Portis,B. Portis,bobby-portis,F,,9,32:28,4,0,7,4,6,8,8,18,0,0,4,2,2021-22,Playoffs
0042100211,1610612749,Milwaukee,Bucks,MIL,bucks,203507,Giannis,Antetokounmpo,G. Antetokounmpo,giannis-antetokounmpo,F,,34,37:47,4,6,4,14,6,11,5,14,2,2,4,10,2021-22,Playoffs
0042100211,1610612749,Milwaukee,Bucks,MIL,bucks,201572,Brook,Lopez,B. Lopez,brook-lopez,C,,11,28:05,0,6,0,6,5,10,8,14,3,1,1,1,2021-22,Playoffs
0042100211,1610612749,Milwaukee,Bucks,MIL,bucks,202083,Wesley,Matthews,W. Matthews,wesley-matthews,G,,23,28:46,3,0,3,2,5,11,6,14,0,0,2,2,2021-22,Playoffs
0042100211,1610612749,Milwaukee,Bucks,MIL,bucks,201950,Jrue,Holiday,J. Holiday,jrue-holiday,G,,21,35:36,8,2,8,4,5,9,5,16,0,2,3,5,2021-22,Playoffs
0042100211,1610612749,Milwaukee,Bucks,MIL,bucks,1628960,Grayson,Allen,G. Allen,grayson-allen,,,7,28:51,5,0,3,2,1,10,3,12,0,1,3,2,2021-22,Playoffs
0042100211,1610612749,Milwaukee,Bucks,MIL,bucks,1626192,Pat,Connaughton,P. Connaughton,pat-connaughton,,,24,20:43,0,5,0,2,1,5,5,8,0,0,4,2,2021-22,Playoffs
0042100211,1610612749,Milwaukee,Bucks,MIL,bucks,1628975,Jevon,Carter,J. Carter,jevon-carter,,,5,21:43,3,0,3,0,1,6,0,4,0,1,0,1,2021-22,Playoffs
0042100211,1610612749,Milwaukee,Bucks,MIL,bucks,1629730,Rayjon,Tucker,R. Tucker,rayjon-tucker,,,59,1:12,0,0,0,0,0,0,0,0,0,0,0,0,2021-22,Playoffs
0042100211,1610612749,Milwaukee,Bucks,MIL,bucks,203648,Thanasis,Antetokounmpo,T. Antetokounmpo,thanasis-antetokounmpo,,,43,1:12,0,0,0,0,0,0,0,0,0,0,0,0,2021-22,Playoffs
0042100211,1610612749,Milwaukee,Bucks,MIL,bucks,201586,Serge,Ibaka,S. Ibaka,serge-ibaka,,,25,1:12,0,0,0,0,0,0,0,0,0,0,0,0,2021-22,Playoffs
0042100211,1610612749,Milwaukee,Bucks,MIL,bucks,1629670,Jordan,Nwora,J. Nwora,jordan-nwora,,,13,1:12,0,0,0,0,0,0,0,0,0,0,0,0,2021-22,Playoffs
0042100211,1610612749,Milwaukee,Bucks,MIL,bucks,1630492,Luca,Vildoza,L. Vildoza,luca-vildoza,,,6,1:12,0,0,0,0,0,0,0,0,0,0,0,0,2021-22,Playoffs
0042100211,1610612738,Boston,Celtics,BOS,celtics,1628369,Jayson,Tatum,J. Tatum,jayson-tatum,F,,0,39:45,0,3,3,4,25,16,26,26,0,3,4,6,2021-22,Playoffs
0042100211,1610612738,Boston,Celtics,BOS,celtics,201143,Al,Horford,A. Horford,al-horford,F,,42,36:23,3,0,0,0,24,17,22,26,2,0,3,1,2021-22,Playoffs
0042100211,1610612738,Boston,Celtics,BOS,celtics,1629057,Robert,Williams III,R. Williams III,robert-williams-iii,C,,44,22:25,0,4,0,6,13,2,14,12,3,1,4,0,2021-22,Playoffs
0042100211,1610612738,Boston,Celtics,BOS,celtics,1627759,Jaylen,Brown,J. Brown,jaylen-brown,G,,7,38:00,1,5,0,2,22,13,23,26,0,0,4,5,2021-22,Playoffs
0042100211,1610612738,Boston,Celtics,BOS,celtics,203935,Marcus,Smart,M. Smart,marcus-smart,G,,36,32:47,2,0,2,4,22,12,18,18,0,0,3,5,2021-22,Playoffs
0042100211,1610612738,Boston,Celtics,BOS,celtics,1629684,Grant,Williams,G. Williams,grant-williams,,,12,28:49,0,0,0,0,14,17,17,26,1,1,2,2,2021-22,Playoffs
0042100211,1610612738,Boston,Celtics,BOS,celtics,1628401,Derrick,White,D. White,derrick-white,,,9,16:27,0,0,0,0,7,11,7,20,0,0,2,2,2021-22,Playoffs
0042100211,1610612738,Boston,Celtics,BOS,celtics,1630202,Payton,Pritchard,P. Pritchard,payton-pritchard,,,11,11:03,0,0,3,0,5,5,10,12,0,0,1,0,2021-22,Playoffs
0042100211,1610612738,Boston,Celtics,BOS,celtics,1628464,Daniel,Theis,D. Theis,daniel-theis,,,27,4:26,0,2,0,2,3,2,3,4,1,0,2,0,2021-22,Playoffs
0042100211,1610612738,Boston,Celtics,BOS,celtics,1630573,Sam,Hauser,S. Hauser,sam-hauser,,,30,1:59,0,0,0,0,0,0,0,0,0,0,0,0,2021-22,Playoffs
0042100211,1610612738,Boston,Celtics,BOS,celtics,1628436,Luke,Kornet,L. Kornet,luke-kornet,,,40,1:59,0,0,0,0,0,0,0,0,0,0,0,0,2021-22,Playoffs
0042100211,1610612738,Boston,Celtics,BOS,celtics,1630174,Aaron,Nesmith,A. Nesmith,aaron-nesmith,,,26,1:59,0,0,0,0,0,0,0,0,0,0,0,0,2021-22,Playoffs
0042100211,1610612738,Boston,Celtics,BOS,celtics,203917,Nik,Stauskas,N. Stauskas,nik-stauskas,,,13,1:59,0,0,0,0,0,0,0,0,0,0,0,0,2021-22,Playoffs
0042100211,1610612738,Boston,Celtics,BOS,celtics,1630238,Malik,Fitts,M. Fitts,malik-fitts,,,8,1:59,0,0,0,2,0,0,0,0,0,0,0,0,2021-22,Playoffs
0042100211,1610612738,Boston,Celtics,BOS,celtics,1629752,Juwan,Morgan,J. Morgan,juwan-morgan,,DNP - Coach's Decision,16,,0,0,0,0,0,0,0,0,0,0,0,0,2021-22,Playoffs
0042100212,1610612749,Milwaukee,Bucks,MIL,bucks,1626171,Bobby,Portis,B. Portis,bobby-portis,F,,9,26:02,3,0,4,8,16,4,6,14,0,0,2,2,2021-22,Playoffs
0042100212,1610612749,Milwaukee,Bucks,MIL,bucks,203507,Giannis,Antetokounmpo,G. Antetokounmpo,giannis-antetokounmpo,F,,34,37:44,5,3,2,18,17,5,6,20,1,2,3,10,2021-22,Playoffs
0042100212,1610612749,Milwaukee,Bucks,MIL,bucks,201572,Brook,Lopez,B. Lopez,brook-lopez,C,,11,25:21,0,2,0,2,14,7,2,6,3,0,5,1,2021-22,Playoffs
0042100212,1610612749,Milwaukee,Bucks,MIL,bucks,202083,Wesley,Matthews,W. Matthews,wesley-matthews,G,,23,29:53,0,0,0,2,20,5,4,12,0,1,1,4,2021-22,Playoffs
0042100212,1610612749,Milwaukee,Bucks,MIL,bucks,201950,Jrue,Holiday,J. Holiday,jrue-holiday,G,,21,39:46,2,2,0,10,21,9,4,22,0,2,2,2,2021-22,Playoffs
0042100212,1610612749,Milwaukee,Bucks,MIL,bucks,1628960,Grayson,Allen,G. Allen,grayson-allen,,,7,28:21,0,0,0,4,12,9,2,16,1,0,1,3,2021-22,Playoffs
0042100212,1610612749,Milwaukee,Bucks,MIL,bucks,1626192,Pat,Connaughton,P. Connaughton,pat-connaughton,,,24,25:00,5,2,0,10,11,6,2,14,0,0,1,0,2021-22,Playoffs
0042100212,1610612749,Milwaukee,Bucks,MIL,bucks,1628975,Jevon,Carter,J. Carter,jevon-carter,,,5,18:33,2,0,0,0,9,0,4,16,0,0,3,0,2021-22,Playoffs
0042100212,1610612749,Milwaukee,Bucks,MIL,bucks,201586,Serge,Ibaka,S. Ibaka,serge-ibaka,,,25,1:52,0,0,0,0,0,0,0,0,0,0,0,0,2021-22,Playoffs
0042100212,1610612749,Milwaukee,Bucks,MIL,bucks,1629670,Jordan,Nwora,J. Nwora,jordan-nwora,,,13,1:52,0,0,0,0,0,0,0,0,0,0,0,1,2021-22,Playoffs
0042100212,1610612749,Milwaukee,Bucks,MIL,bucks,1629730,Rayjon,Tucker,R. Tucker,rayjon-tucker,,,59,1:52,0,0,0,0,0,0,0,0,0,0,0,0,2021-22,Playoffs
0042100212,1610612749,Milwaukee,Bucks,MIL,bucks,1630492,Luca,Vildoza,L. Vildoza,luca-vildoza,,,6,1:52,0,0,0,0,0,0,0,0,0,0,0,0,2021-22,Playoffs
0042100212,1610612749,Milwaukee,Bucks,MIL,bucks,203648,Thanasis,Antetokounmpo,T. Antetokounmpo,thanasis-antetokounmpo,,,43,1:52,0,0,0,0,0,0,0,0,0,0,1,0,2021-22,Playoffs
0042100212,1610612738,Boston,Celtics,BOS,celtics,1628369,Jayson,Tatum,J. Tatum,jayson-tatum,F,,0,42:34,7,0,0,8,17,9,6,54,1,1,3,3,2021-22,Playoffs
0042100212,1610612738,Boston,Celtics,BOS,celtics,201143,Al,Horford,A. Horford,al-horford,F,,42,37:05,7,0,2,4,15,9,6,44,1,1,5,2,2021-22,Playoffs
0042100212,1610612738,Boston,Celtics,BOS,celtics,1629057,Robert,Williams III,R. Williams III,robert-williams-iii,C,,44,25:14,2,4,2,6,11,3,5,26,2,0,5,2,2021-22,Playoffs
0042100212,1610612738,Boston,Celtics,BOS,celtics,1627759,Jaylen,Brown,J. Brown,jaylen-brown,G,,7,38:13,3,2,2,4,15,9,4,48,1,1,1,4,2021-22,Playoffs
0042100212,1610612738,Boston,Celtics,BOS,celtics,1628401,Derrick,White,D. White,derrick-white,G,,9,28:27,0,0,0,0,12,7,3,24,0,1,5,4,2021-22,Playoffs
0042100212,1610612738,Boston,Celtics,BOS,celtics,1629684,Grant,Williams,G. Williams,grant-williams,,,12,35:25,2,3,0,2,8,6,3,42,0,1,2,3,2021-22,Playoffs
0042100212,1610612738,Boston,Celtics,BOS,celtics,1630202,Payton,Pritchard,P. Pritchard,payton-pritchard,,,11,23:42,3,0,0,0,7,2,3,32,0,0,1,0,2021-22,Playoffs
0042100212,1610612738,Boston,Celtics,BOS,celtics,1630238,Malik,Fitts,M. Fitts,malik-fitts,,,8,1:52,0,0,0,0,0,0,0,0,0,0,0,0,2021-22,Playoffs
0042100212,1610612738,Boston,Celtics,BOS,celtics,203917,Nik,Stauskas,N. Stauskas,nik-stauskas,,,13,1:52,0,0,0,0,0,0,0,0,0,0,0,0,2021-22,Playoffs
0042100212,1610612738,Boston,Celtics,BOS,celtics,1630174,Aaron,Nesmith,A. Nesmith,aaron-nesmith,,,26,1:52,0,0,0,0,0,0,0,0,0,0,0,0,2021-22,Playoffs
0042100212,1610612738,Boston,Celtics,BOS,celtics,1630573,Sam,Hauser,S. Hauser,sam-hauser,,,30,1:52,0,0,0,0,0,0,0,0,0,0,0,1,2021-22,Playoffs
0042100212,1610612738,Boston,Celtics,BOS,celtics,1628436,Luke,Kornet,L. Kornet,luke-kornet,,,40,1:52,0,0,0,0,0,0,0,0,0,0,1,0,2021-22,Playoffs
0042100212,1610612738,Boston,Celtics,BOS,celtics,1629752,Juwan,Morgan,J. Morgan,juwan-morgan,,DNP - Coach's Decision,16,,0,0,0,0,0,0,0,0,0,0,0,0,2021-22,Playoffs
0042100212,1610612738,Boston,Celtics,BOS,celtics,1628464,Daniel,Theis,D. Theis,daniel-theis,,DNP - Coach's Decision,27,,0,0,0,0,0,0,0,0,0,0,0,0,2021-22,Playoffs
0042100213,1610612738,Boston,Celtics,BOS,celtics,1628369,Jayson,Tatum,J. Tatum,jayson-tatum,F,,0,41:20,3,1,3,6,11,9,21,48,4,1,1,4,2021-22,Playoffs
0042100213,1610612738,Boston,Celtics,BOS,celtics,201143,Al,Horford,A. Horford,al-horford,F,,42,39:08,3,5,0,6,5,8,15,42,2,1,4,0,2021-22,Playoffs
0042100213,1610612738,Boston,Celtics,BOS,celtics,1629057,Robert,Williams III,R. Williams III,robert-williams-iii,C,,44,23:21,2,4,2,8,8,7,16,28,3,0,2,1,2021-22,Playoffs
0042100213,1610612738,Boston,Celtics,BOS,celtics,1627759,Jaylen,Brown,J. Brown,jaylen-brown,G,,7,39:38,0,0,6,10,10,7,16,44,1,1,3,7,2021-22,Playoffs
0042100213,1610612738,Boston,Celtics,BOS,celtics,203935,Marcus,Smart,M. Smart,marcus-smart,G,,36,29:14,3,0,0,0,10,5,16,38,0,1,3,7,2021-22,Playoffs
0042100213,1610612738,Boston,Celtics,BOS,celtics,1629684,Grant,Williams,G. Williams,grant-williams,,,12,33:47,0,0,0,2,9,7,9,36,3,0,5,4,2021-22,Playoffs
0042100213,1610612738,Boston,Celtics,BOS,celtics,1628401,Derrick,White,D. White,derrick-white,,,9,20:36,0,0,0,0,1,6,5,14,0,0,0,4,2021-22,Playoffs
0042100213,1610612738,Boston,Celtics,BOS,celtics,1630202,Payton,Pritchard,P. Pritchard,payton-pritchard,,,11,10:38,0,0,0,0,1,6,5,10,0,0,2,0,2021-22,Playoffs
0042100213,1610612738,Boston,Celtics,BOS,celtics,1628464,Daniel,Theis,D. Theis,daniel-theis,,,27,2:17,0,0,0,0,0,0,2,0,0,0,1,0,2021-22,Playoffs
0042100213,1610612738,Boston,Celtics,BOS,celtics,1630238,Malik,Fitts,M. Fitts,malik-fitts,,DNP - Coach's Decision,8,,0,0,0,0,0,0,0,0,0,0,0,0,2021-22,Playoffs
0042100213,1610612738,Boston,Celtics,BOS,celtics,1628436,Luke,Kornet,L. Kornet,luke-kornet,,DNP - Coach's Decision,40,,0,0,0,0,0,0,0,0,0,0,0,0,2021-22,Playoffs
0042100213,1610612738,Boston,Celtics,BOS,celtics,1629752,Juwan,Morgan,J. Morgan,juwan-morgan,,DNP - Coach's Decision,16,,0,0,0,0,0,0,0,0,0,0,0,0,2021-22,Playoffs
0042100213,1610612738,Boston,Celtics,BOS,celtics,1630174,Aaron,Nesmith,A. Nesmith,aaron-nesmith,,DNP - Coach's Decision,26,,0,0,0,0,0,0,0,0,0,0,0,0,2021-22,Playoffs
0042100213,1610612738,Boston,Celtics,BOS,celtics,203917,Nik,Stauskas,N. Stauskas,nik-stauskas,,DNP - Coach's Decision,13,,0,0,0,0,0,0,0,0,0,0,0,0,2021-22,Playoffs
0042100213,1610612749,Milwaukee,Bucks,MIL,bucks,202083,Wesley,Matthews,W. Matthews,wesley-matthews,F,,23,32:09,0,0,0,0,5,7,8,26,0,2,4,0,2021-22,Playoffs
0042100213,1610612749,Milwaukee,Bucks,MIL,bucks,203507,Giannis,Antetokounmpo,G. Antetokounmpo,giannis-antetokounmpo,F,,34,38:53,9,2,9,26,9,9,11,32,2,4,4,9,2021-22,Playoffs
0042100213,1610612749,Milwaukee,Bucks,MIL,bucks,201572,Brook,Lopez,B. Lopez,brook-lopez,C,,11,29:15,0,4,0,10,9,6,5,14,0,0,4,3,2021-22,Playoffs
0042100213,1610612749,Milwaukee,Bucks,MIL,bucks,1628960,Grayson,Allen,G. Allen,grayson-allen,G,,7,25:27,0,0,0,0,8,6,7,18,0,1,4,1,2021-22,Playoffs
0042100213,1610612749,Milwaukee,Bucks,MIL,bucks,201950,Jrue,Holiday,J. Holiday,jrue-holiday,G,,21,42:51,0,3,10,12,11,10,11,32,1,4,3,2,2021-22,Playoffs
0042100213,1610612749,Milwaukee,Bucks,MIL,bucks,1626171,Bobby,Portis,B. Portis,bobby-portis,,,9,25:30,2,2,0,2,4,5,6,18,1,1,3,1,2021-22,Playoffs
0042100213,1610612749,Milwaukee,Bucks,MIL,bucks,1626192,Pat,Connaughton,P. Connaughton,pat-connaughton,,,24,32:45,0,0,2,2,6,7,4,16,0,1,3,2,2021-22,Playoffs
0042100213,1610612749,Milwaukee,Bucks,MIL,bucks,201588,George,Hill,G. Hill,george-hill,,,3,10:52,0,0,0,0,0,0,0,0,0,0,1,2,2021-22,Playoffs
0042100213,1610612749,Milwaukee,Bucks,MIL,bucks,1628975,Jevon,Carter,J. Carter,jevon-carter,,,5,2:18,0,0,0,0,3,0,3,4,0,0,0,0,2021-22,Playoffs
0042100213,1610612749,Milwaukee,Bucks,MIL,bucks,203648,Thanasis,Antetokounmpo,T. Antetokounmpo,thanasis-antetokounmpo,,DNP - Coach's Decision,43,,0,0,0,0,0,0,0,0,0,0,0,0,2021-22,Playoffs
0042100213,1610612749,Milwaukee,Bucks,MIL,bucks,201586,Serge,Ibaka,S. Ibaka,serge-ibaka,,DNP - Coach's Decision,25,,0,0,0,0,0,0,0,0,0,0,0,0,2021-22,Playoffs
0042100213,1610612749,Milwaukee,Bucks,MIL,bucks,1629670,Jordan,Nwora,J. Nwora,jordan-nwora,,DNP - Coach's Decision,13,,0,0,0,0,0,0,0,0,0,0,0,0,2021-22,Playoffs
0042100213,1610612749,Milwaukee,Bucks,MIL,bucks,1629730,Rayjon,Tucker,R. Tucker,rayjon-tucker,,DNP - Coach's Decision,59,,0,0,0,0,0,0,0,0,0,0,0,0,2021-22,Playoffs
0042100213,1610612749,Milwaukee,Bucks,MIL,bucks,1630492,Luca,Vildoza,L. Vildoza,luca-vildoza,,DNP - Coach's Decision,6,,0,0,0,0,0,0,0,0,0,0,0,0,2021-22,Playoffs
0042100214,1610612738,Boston,Celtics,BOS,celtics,1628369,Jayson,Tatum,J. Tatum,jayson-tatum,F,,0,41:47,3,2,2,16,15,10,11,46,0,0,3,4,2021-22,Playoffs
0042100214,1610612738,Boston,Celtics,BOS,celtics,1629684,Grant,Williams,G. Williams,grant-williams,F,,12,24:46,0,3,2,2,11,10,6,28,0,1,4,1,2021-22,Playoffs
0042100214,1610612738,Boston,Celtics,BOS,celtics,201143,Al,Horford,A. Horford,al-horford,C,,42,41:36,0,0,3,8,13,9,9,44,1,0,4,3,2021-22,Playoffs
0042100214,1610612738,Boston,Celtics,BOS,celtics,1627759,Jaylen,Brown,J. Brown,jaylen-brown,G,,7,32:05,6,0,4,6,13,8,11,34,0,0,5,5,2021-22,Playoffs
0042100214,1610612738,Boston,Celtics,BOS,celtics,203935,Marcus,Smart,M. Smart,marcus-smart,G,,36,41:21,0,0,0,12,15,10,11,46,2,1,3,2,2021-22,Playoffs
0042100214,1610612738,Boston,Celtics,BOS,celtics,1628464,Daniel,Theis,D. Theis,daniel-theis,,,27,10:57,0,0,0,0,4,3,4,12,0,1,2,0,2021-22,Playoffs
0042100214,1610612738,Boston,Celtics,BOS,celtics,1628401,Derrick,White,D. White,derrick-white,,,9,34:18,2,0,5,4,8,6,9,38,1,0,2,2,2021-22,Playoffs
0042100214,1610612738,Boston,Celtics,BOS,celtics,1630202,Payton,Pritchard,P. Pritchard,payton-pritchard,,,11,13:10,0,0,0,0,6,4,4,12,0,0,2,0,2021-22,Playoffs
0042100214,1610612738,Boston,Celtics,BOS,celtics,1630238,Malik,Fitts,M. Fitts,malik-fitts,,DNP - Coach's Decision,8,,0,0,0,0,0,0,0,0,0,0,0,0,2021-22,Playoffs
0042100214,1610612738,Boston,Celtics,BOS,celtics,1628436,Luke,Kornet,L. Kornet,luke-kornet,,DNP - Coach's Decision,40,,0,0,0,0,0,0,0,0,0,0,0,0,2021-22,Playoffs
0042100214,1610612738,Boston,Celtics,BOS,celtics,1629752,Juwan,Morgan,J. Morgan,juwan-morgan,,DNP - Coach's Decision,16,,0,0,0,0,0,0,0,0,0,0,0,0,2021-22,Playoffs
0042100214,1610612738,Boston,Celtics,BOS,celtics,1630174,Aaron,Nesmith,A. Nesmith,aaron-nesmith,,DNP - Coach's Decision,26,,0,0,0,0,0,0,0,0,0,0,0,0,2021-22,Playoffs
0042100214,1610612738,Boston,Celtics,BOS,celtics,203917,Nik,Stauskas,N. Stauskas,nik-stauskas,,DNP - Coach's Decision,13,,0,0,0,0,0,0,0,0,0,0,0,0,2021-22,Playoffs
0042100214,1610612749,Milwaukee,Bucks,MIL,bucks,202083,Wesley,Matthews,W. Matthews,wesley-matthews,F,,23,28:37,0,0,0,0,7,0,11,36,1,0,4,3,2021-22,Playoffs
0042100214,1610612749,Milwaukee,Bucks,MIL,bucks,203507,Giannis,Antetokounmpo,G. Antetokounmpo,giannis-antetokounmpo,F,,34,41:03,4,2,4,22,9,5,13,42,0,3,5,8,2021-22,Playoffs
0042100214,1610612749,Milwaukee,Bucks,MIL,bucks,201572,Brook,Lopez,B. Lopez,brook-lopez,C,,11,28:42,4,5,2,12,9,2,12,32,1,1,3,6,2021-22,Playoffs
0042100214,1610612749,Milwaukee,Bucks,MIL,bucks,1628960,Grayson,Allen,G. Allen,grayson-allen,G,,7,28:47,2,0,2,4,4,5,11,28,0,0,1,0,2021-22,Playoffs
0042100214,1610612749,Milwaukee,Bucks,MIL,bucks,201950,Jrue,Holiday,J. Holiday,jrue-holiday,G,,21,40:54,2,0,0,6,9,5,16,42,0,0,3,3,2021-22,Playoffs
0042100214,1610612749,Milwaukee,Bucks,MIL,bucks,1626171,Bobby,Portis,B. Portis,bobby-portis,,,9,14:58,0,2,0,4,2,3,2,8,0,0,0,0,2021-22,Playoffs
0042100214,1610612749,Milwaukee,Bucks,MIL,bucks,1626192,Pat,Connaughton,P. Connaughton,pat-connaughton,,,24,30:17,5,3,2,2,4,2,3,26,1,0,0,0,2021-22,Playoffs
0042100214,1610612749,Milwaukee,Bucks,MIL,bucks,201588,George,Hill,G. Hill,george-hill,,,3,23:05,0,0,3,0,11,3,12,26,0,0,1,5,2021-22,Playoffs
0042100214,1610612749,Milwaukee,Bucks,MIL,bucks,203648,Thanasis,Antetokounmpo,T. Antetokounmpo,thanasis-antetokounmpo,,,43,0:43,0,0,0,0,0,0,0,0,0,0,0,0,2021-22,Playoffs
0042100214,1610612749,Milwaukee,Bucks,MIL,bucks,1628975,Jevon,Carter,J. Carter,jevon-carter,,,5,0:43,0,0,0,0,0,0,0,0,0,0,0,0,2021-22,Playoffs
0042100214,1610612749,Milwaukee,Bucks,MIL,bucks,1630492,Luca,Vildoza,L. Vildoza,luca-vildoza,,,6,0:43,0,0,0,0,0,0,0,0,0,0,0,0,2021-22,Playoffs
0042100214,1610612749,Milwaukee,Bucks,MIL,bucks,1629730,Rayjon,Tucker,R. Tucker,rayjon-tucker,,,59,0:43,0,0,0,2,0,0,0,0,0,0,0,0,2021-22,Playoffs
0042100214,1610612749,Milwaukee,Bucks,MIL,bucks,1629670,Jordan,Nwora,J. Nwora,jordan-nwora,,,13,0:43,0,0,0,0,0,0,0,0,0,0,0,0,2021-22,Playoffs
0042100215,1610612749,Milwaukee,Bucks,MIL,bucks,202083,Wesley,Matthews,W. Matthews,wesley-matthews,F,,23,36:38,3,0,0,0,9,13,9,36,0,1,0,0,2021-22,Playoffs
0042100215,1610612749,Milwaukee,Bucks,MIL,bucks,203507,Giannis,Antetokounmpo,G. Antetokounmpo,giannis-antetokounmpo,F,,34,40:20,2,9,0,24,11,13,11,42,1,1,4,10,2021-22,Playoffs
0042100215,1610612749,Milwaukee,Bucks,MIL,bucks,201572,Brook,Lopez,B. Lopez,brook-lopez,C,,11,20:15,2,2,0,0,7,6,6,22,0,0,1,0,2021-22,Playoffs
0042100215,1610612749,Milwaukee,Bucks,MIL,bucks,1628960,Grayson,Allen,G. Allen,grayson-allen,G,,7,29:43,0,0,0,4,7,6,11,30,1,0,2,2,2021-22,Playoffs
0042100215,1610612749,Milwaukee,Bucks,MIL,bucks,201950,Jrue,Holiday,J. Holiday,jrue-holiday,G,,21,40:51,3,3,3,6,9,10,10,42,2,3,2,3,2021-22,Playoffs
0042100215,1610612749,Milwaukee,Bucks,MIL,bucks,1626171,Bobby,Portis,B. Portis,bobby-portis,,,9,28:26,6,6,4,8,4,7,11,28,0,2,3,3,2021-22,Playoffs
0042100215,1610612749,Milwaukee,Bucks,MIL,bucks,1626192,Pat,Connaughton,P. Connaughton,pat-connaughton,,,24,31:11,0,0,0,2,8,7,8,32,1,0,0,1,2021-22,Playoffs
0042100215,1610612749,Milwaukee,Bucks,MIL,bucks,201588,George,Hill,G. Hill,george-hill,,,3,12:36,0,0,0,0,10,3,9,18,0,0,2,0,2021-22,Playoffs
0042100215,1610612749,Milwaukee,Bucks,MIL,bucks,203648,Thanasis,Antetokounmpo,T. Antetokounmpo,thanasis-antetokounmpo,,DNP - Coach's Decision,43,,0,0,0,0,0,0,0,0,0,0,0,0,2021-22,Playoffs
0042100215,1610612749,Milwaukee,Bucks,MIL,bucks,1628975,Jevon,Carter,J. Carter,jevon-carter,,DNP - Coach's Decision,5,,0,0,0,0,0,0,0,0,0,0,0,0,2021-22,Playoffs
0042100215,1610612749,Milwaukee,Bucks,MIL,bucks,201586,Serge,Ibaka,S. Ibaka,serge-ibaka,,DNP - Coach's Decision,25,,0,0,0,0,0,0,0,0,0,0,0,0,2021-22,Playoffs
0042100215,1610612749,Milwaukee,Bucks,MIL,bucks,1629670,Jordan,Nwora,J. Nwora,jordan-nwora,,DNP - Coach's Decision,13,,0,0,0,0,0,0,0,0,0,0,0,0,2021-22,Playoffs
0042100215,1610612749,Milwaukee,Bucks,MIL,bucks,1629730,Rayjon,Tucker,R. Tucker,rayjon-tucker,,DNP - Coach's Decision,59,,0,0,0,0,0,0,0,0,0,0,0,0,2021-22,Playoffs
0042100215,1610612749,Milwaukee,Bucks,MIL,bucks,1630492,Luca,Vildoza,L. Vildoza,luca-vildoza,,DNP - Coach's Decision,6,,0,0,0,0,0,0,0,0,0,0,0,0,2021-22,Playoffs
0042100215,1610612738,Boston,Celtics,BOS,celtics,1628369,Jayson,Tatum,J. Tatum,jayson-tatum,F,,0,41:39,4,4,9,14,14,18,5,34,1,0,3,6,2021-22,Playoffs
0042100215,1610612738,Boston,Celtics,BOS,celtics,1629684,Grant,Williams,G. Williams,grant-williams,F,,12,30:37,0,0,0,0,9,16,7,28,0,1,4,2,2021-22,Playoffs
0042100215,1610612738,Boston,Celtics,BOS,celtics,201143,Al,Horford,A. Horford,al-horford,C,,42,40:53,0,2,0,6,14,18,5,34,1,1,3,1,2021-22,Playoffs
0042100215,1610612738,Boston,Celtics,BOS,celtics,1627759,Jaylen,Brown,J. Brown,jaylen-brown,G,,7,35:15,5,7,2,8,14,16,5,28,1,2,3,3,2021-22,Playoffs
0042100215,1610612738,Boston,Celtics,BOS,celtics,203935,Marcus,Smart,M. Smart,marcus-smart,G,,36,38:15,2,0,2,4,14,16,5,32,1,1,2,1,2021-22,Playoffs
0042100215,1610612738,Boston,Celtics,BOS,celtics,1628401,Derrick,White,D. White,derrick-white,,,9,32:07,0,0,2,6,11,10,4,36,2,0,2,1,2021-22,Playoffs
0042100215,1610612738,Boston,Celtics,BOS,celtics,1628464,Daniel,Theis,D. Theis,daniel-theis,,,27,11:29,0,0,0,8,2,2,2,16,1,0,2,0,2021-22,Playoffs
0042100215,1610612738,Boston,Celtics,BOS,celtics,1630202,Payton,Pritchard,P. Pritchard,payton-pritchard,,,11,9:45,2,0,0,4,2,4,2,12,0,0,0,0,2021-22,Playoffs
0042100215,1610612738,Boston,Celtics,BOS,celtics,1630238,Malik,Fitts,M. Fitts,malik-fitts,,DNP - Coach's Decision,8,,0,0,0,0,0,0,0,0,0,0,0,0,2021-22,Playoffs
0042100215,1610612738,Boston,Celtics,BOS,celtics,1628436,Luke,Kornet,L. Kornet,luke-kornet,,DNP - Coach's Decision,40,,0,0,0,0,0,0,0,0,0,0,0,0,2021-22,Playoffs
0042100215,1610612738,Boston,Celtics,BOS,celtics,1629752,Juwan,Morgan,J. Morgan,juwan-morgan,,DNP - Coach's Decision,16,,0,0,0,0,0,0,0,0,0,0,0,0,2021-22,Playoffs
0042100215,1610612738,Boston,Celtics,BOS,celtics,1630174,Aaron,Nesmith,A. Nesmith,aaron-nesmith,,DNP - Coach's Decision,26,,0,0,0,0,0,0,0,0,0,0,0,0,2021-22,Playoffs
0042100215,1610612738,Boston,Celtics,BOS,celtics,203917,Nik,Stauskas,N. Stauskas,nik-stauskas,,DNP - Coach's Decision,13,,0,0,0,0,0,0,0,0,0,0,0,0,2021-22,Playoffs
0042100216,1610612738,Boston,Celtics,BOS,celtics,1628369,Jayson,Tatum,J. Tatum,jayson-tatum,F,,0,42:43,2,6,0,16,8,9,15,44,1,1,2,5,2021-22,Playoffs
0042100216,1610612738,Boston,Celtics,BOS,celtics,1629684,Grant,Williams,G. Williams,grant-williams,F,,12,28:02,0,0,0,0,2,10,10,26,0,0,5,5,2021-22,Playoffs
0042100216,1610612738,Boston,Celtics,BOS,celtics,201143,Al,Horford,A. Horford,al-horford,C,,42,38:14,0,2,0,2,8,9,13,38,4,0,1,0,2021-22,Playoffs
0042100216,1610612738,Boston,Celtics,BOS,celtics,1627759,Jaylen,Brown,J. Brown,jaylen-brown,G,,7,40:41,4,0,4,4,10,10,15,40,1,1,2,7,2021-22,Playoffs
0042100216,1610612738,Boston,Celtics,BOS,celtics,203935,Marcus,Smart,M. Smart,marcus-smart,G,,36,40:12,0,0,2,4,10,9,15,44,0,1,2,3,2021-22,Playoffs
0042100216,1610612738,Boston,Celtics,BOS,celtics,1628401,Derrick,White,D. White,derrick-white,,,9,29:46,2,2,0,4,8,5,5,32,0,0,3,4,2021-22,Playoffs
0042100216,1610612738,Boston,Celtics,BOS,celtics,1628464,Daniel,Theis,D. Theis,daniel-theis,,,27,10:25,0,0,0,4,2,3,2,10,0,0,1,0,2021-22,Playoffs
0042100216,1610612738,Boston,Celtics,BOS,celtics,1630202,Payton,Pritchard,P. Pritchard,payton-pritchard,,,11,7:23,0,0,0,0,2,5,0,6,1,0,1,0,2021-22,Playoffs
0042100216,1610612738,Boston,Celtics,BOS,celtics,1630174,Aaron,Nesmith,A. Nesmith,aaron-nesmith,,,26,1:17,0,0,0,0,0,0,0,0,0,0,0,0,2021-22,Playoffs
0042100216,1610612738,Boston,Celtics,BOS,celtics,203917,Nik,Stauskas,N. Stauskas,nik-stauskas,,,13,1:17,0,0,0,0,0,0,0,0,0,0,0,1,2021-22,Playoffs
0042100216,1610612738,Boston,Celtics,BOS,celtics,1630238,Malik,Fitts,M. Fitts,malik-fitts,,DNP - Coach's Decision,8,,0,0,0,0,0,0,0,0,0,0,0,0,2021-22,Playoffs
0042100216,1610612738,Boston,Celtics,BOS,celtics,1628436,Luke,Kornet,L. Kornet,luke-kornet,,DNP - Coach's Decision,40,,0,0,0,0,0,0,0,0,0,0,0,0,2021-22,Playoffs
0042100216,1610612738,Boston,Celtics,BOS,celtics,1629752,Juwan,Morgan,J. Morgan,juwan-morgan,,DNP - Coach's Decision,16,,0,0,0,0,0,0,0,0,0,0,0,0,2021-22,Playoffs
0042100216,1610612749,Milwaukee,Bucks,MIL,bucks,202083,Wesley,Matthews,W. Matthews,wesley-matthews,F,,23,27:44,2,0,0,4,8,6,4,20,0,1,2,1,2021-22,Playoffs
0042100216,1610612749,Milwaukee,Bucks,MIL,bucks,203507,Giannis,Antetokounmpo,G. Antetokounmpo,giannis-antetokounmpo,F,,34,40:49,4,7,10,22,6,10,6,28,1,2,4,11,2021-22,Playoffs
0042100216,1610612749,Milwaukee,Bucks,MIL,bucks,201572,Brook,Lopez,B. Lopez,brook-lopez,C,,11,19:11,4,0,0,6,4,4,2,16,0,0,1,0,2021-22,Playoffs
0042100216,1610612749,Milwaukee,Bucks,MIL,bucks,1628960,Grayson,Allen,G. Allen,grayson-allen,G,,7,22:09,0,0,0,2,2,4,6,16,0,1,3,1,2021-22,Playoffs
0042100216,1610612749,Milwaukee,Bucks,MIL,bucks,201950,Jrue,Holiday,J. Holiday,jrue-holiday,G,,21,42:21,0,3,3,4,8,8,4,30,2,0,1,0,2021-22,Playoffs
0042100216,1610612749,Milwaukee,Bucks,MIL,bucks,1626192,Pat,Connaughton,P. Connaughton,pat-connaughton,,,24,33:04,0,0,0,8,6,6,2,26,0,0,3,1,2021-22,Playoffs
0042100216,1610612749,Milwaukee,Bucks,MIL,bucks,1626171,Bobby,Portis,B. Portis,bobby-portis,,,9,29:09,0,2,2,2,2,6,4,20,0,1,4,0,2021-22,Playoffs
0042100216,1610612749,Milwaukee,Bucks,MIL,bucks,201588,George,Hill,G. Hill,george-hill,,,3,18:35,0,0,0,0,4,6,2,14,0,2,5,2,2021-22,Playoffs
0042100216,1610612749,Milwaukee,Bucks,MIL,bucks,1628975,Jevon,Carter,J. Carter,jevon-carter,,,5,1:24,0,0,0,0,0,0,0,0,0,0,0,0,2021-22,Playoffs
0042100216,1610612749,Milwaukee,Bucks,MIL,bucks,1630492,Luca,Vildoza,L. Vildoza,luca-vildoza,,,6,1:24,0,0,0,0,0,0,0,0,0,0,0,0,2021-22,Playoffs
0042100216,1610612749,Milwaukee,Bucks,MIL,bucks,1629670,Jordan,Nwora,J. Nwora,jordan-nwora,,,13,1:24,0,0,0,0,0,0,0,0,0,0,0,0,2021-22,Playoffs
0042100216,1610612749,Milwaukee,Bucks,MIL,bucks,203648,Thanasis,Antetokounmpo,T. Antetokounmpo,thanasis-antetokounmpo,,,43,1:24,0,0,0,0,0,0,0,0,0,0,0,1,2021-22,Playoffs
0042100216,1610612749,Milwaukee,Bucks,MIL,bucks,1629730,Rayjon,Tucker,R. Tucker,rayjon-tucker,,,59,1:24,0,0,0,0,0,0,0,0,0,0,2,0,2021-22,Playoffs
0042100216,1610612749,Milwaukee,Bucks,MIL,bucks,201586,Serge,Ibaka,S. Ibaka,serge-ibaka,,DNP - Coach's Decision,25,,0,0,0,0,0,0,0,0,0,0,0,0,2021-22,Playoffs
0042100217,1610612749,Milwaukee,Bucks,MIL,bucks,202083,Wesley,Matthews,W. Matthews,wesley-matthews,F,,23,21:41,0,0,0,2,4,8,5,20,0,2,2,1,2021-22,Playoffs
0042100217,1610612749,Milwaukee,Bucks,MIL,bucks,203507,Giannis,Antetokounmpo,G. Antetokounmpo,giannis-antetokounmpo,F,,34,43:09,7,2,11,16,8,8,8,24,1,3,3,6,2021-22,Playoffs
0042100217,1610612749,Milwaukee,Bucks,MIL,bucks,201572,Brook,Lopez,B. Lopez,brook-lopez,C,,11,37:09,2,4,2,8,11,11,7,16,3,0,3,3,2021-22,Playoffs
0042100217,1610612749,Milwaukee,Bucks,MIL,bucks,1628960,Grayson,Allen,G. Allen,grayson-allen,G,,7,21:38,0,0,0,0,3,3,1,12,0,0,1,3,2021-22,Playoffs
0042100217,1610612749,Milwaukee,Bucks,MIL,bucks,201950,Jrue,Holiday,J. Holiday,jrue-holiday,G,,21,40:56,4,2,2,14,9,9,6,18,0,1,4,4,2021-22,Playoffs
0042100217,1610612749,Milwaukee,Bucks,MIL,bucks,1626192,Pat,Connaughton,P. Connaughton,pat-connaughton,,,24,32:02,0,2,0,2,11,8,7,18,0,0,1,1,2021-22,Playoffs
0042100217,1610612749,Milwaukee,Bucks,MIL,bucks,1626171,Bobby,Portis,B. Portis,bobby-portis,,,9,21:54,5,0,2,4,4,3,4,12,1,1,3,0,2021-22,Playoffs
0042100217,1610612749,Milwaukee,Bucks,MIL,bucks,201588,George,Hill,G. Hill,george-hill,,,3,11:15,0,0,0,0,5,5,2,10,0,0,1,1,2021-22,Playoffs
0042100217,1610612749,Milwaukee,Bucks,MIL,bucks,203648,Thanasis,Antetokounmpo,T. Antetokounmpo,thanasis-antetokounmpo,,,43,2:03,0,0,0,0,0,0,0,0,0,0,0,0,2021-22,Playoffs
0042100217,1610612749,Milwaukee,Bucks,MIL,bucks,1629670,Jordan,Nwora,J. Nwora,jordan-nwora,,,13,2:03,0,0,0,0,0,0,0,0,0,0,0,0,2021-22,Playoffs
0042100217,1610612749,Milwaukee,Bucks,MIL,bucks,1629730,Rayjon,Tucker,R. Tucker,rayjon-tucker,,,59,2:03,0,0,0,0,0,0,0,0,0,0,0,0,2021-22,Playoffs
0042100217,1610612749,Milwaukee,Bucks,MIL,bucks,1630492,Luca,Vildoza,L. Vildoza,luca-vildoza,,,6,2:03,0,2,0,2,0,0,0,0,0,0,0,0,2021-22,Playoffs
0042100217,1610612749,Milwaukee,Bucks,MIL,bucks,1628975,Jevon,Carter,J. Carter,jevon-carter,,,5,2:03,0,0,0,0,0,0,0,0,0,0,0,0,2021-22,Playoffs
0042100217,1610612749,Milwaukee,Bucks,MIL,bucks,201586,Serge,Ibaka,S. Ibaka,serge-ibaka,,DNP - Coach's Decision,25,,0,0,0,0,0,0,0,0,0,0,0,0,2021-22,Playoffs
0042100217,1610612738,Boston,Celtics,BOS,celtics,1628369,Jayson,Tatum,J. Tatum,jayson-tatum,F,,0,36:30,3,0,0,4,15,6,15,38,1,0,4,4,2021-22,Playoffs
0042100217,1610612738,Boston,Celtics,BOS,celtics,1629684,Grant,Williams,G. Williams,grant-williams,F,,12,39:20,0,0,3,6,16,10,10,42,2,1,5,2,2021-22,Playoffs
0042100217,1610612738,Boston,Celtics,BOS,celtics,201143,Al,Horford,A. Horford,al-horford,C,,42,39:39,2,0,0,4,14,6,15,40,1,1,3,1,2021-22,Playoffs
0042100217,1610612738,Boston,Celtics,BOS,celtics,1627759,Jaylen,Brown,J. Brown,jaylen-brown,G,,7,36:46,0,3,3,10,18,8,15,38,0,0,2,6,2021-22,Playoffs
0042100217,1610612738,Boston,Celtics,BOS,celtics,203935,Marcus,Smart,M. Smart,marcus-smart,G,,36,37:05,3,5,2,2,12,6,15,34,1,1,5,4,2021-22,Playoffs
0042100217,1610612738,Boston,Celtics,BOS,celtics,1628401,Derrick,White,D. White,derrick-white,,,9,18:13,0,0,0,0,5,4,9,12,0,2,0,0,2021-22,Playoffs
0042100217,1610612738,Boston,Celtics,BOS,celtics,1628464,Daniel,Theis,D. Theis,daniel-theis,,,27,6:18,0,0,0,0,4,4,2,6,2,0,0,0,2021-22,Playoffs
0042100217,1610612738,Boston,Celtics,BOS,celtics,1630202,Payton,Pritchard,P. Pritchard,payton-pritchard,,,11,17:01,3,3,0,0,6,8,4,22,0,0,0,1,2021-22,Playoffs
0042100217,1610612738,Boston,Celtics,BOS,celtics,203917,Nik,Stauskas,N. Stauskas,nik-stauskas,,,13,2:03,0,0,0,0,0,2,0,2,0,0,0,0,2021-22,Playoffs
0042100217,1610612738,Boston,Celtics,BOS,celtics,1630174,Aaron,Nesmith,A. Nesmith,aaron-nesmith,,,26,2:03,0,0,0,0,0,2,0,2,0,0,0,0,2021-22,Playoffs
0042100217,1610612738,Boston,Celtics,BOS,celtics,1628436,Luke,Kornet,L. Kornet,luke-kornet,,,40,2:03,0,0,0,0,0,2,0,2,0,0,0,0,2021-22,Playoffs
0042100217,1610612738,Boston,Celtics,BOS,celtics,1630238,Malik,Fitts,M. Fitts,malik-fitts,,,8,2:03,0,0,0,0,0,2,0,2,0,0,0,0,2021-22,Playoffs
0042100217,1610612738,Boston,Celtics,BOS,celtics,1629752,Juwan,Morgan,J. Morgan,juwan-morgan,,,16,0:57,0,0,0,0,0,0,0,0,0,0,0,0,2021-22,Playoffs
0042100217,1610612738,Boston,Celtics,BOS,celtics,1629057,Robert,Williams III,R. Williams III,robert-williams-iii,,DNP - Coach's Decision,44,,0,0,0,0,0,0,0,0,0,0,0,0,2021-22,Playoffs
0042100221,1610612742,Dallas,Mavericks,DAL,mavericks,203493,Reggie,Bullock Jr.,R. Bullock Jr.,reggie-bullock-jr,F,,25,32:33,0,4,0,0,10,5,11,28,0,1,6,1,2021-22,Playoffs
0042100221,1610612742,Dallas,Mavericks,DAL,mavericks,1627827,Dorian,Finney-Smith,D. Finney-Smith,dorian-finney-smith,F,,10,40:27,5,5,3,6,10,9,8,32,0,1,3,3,2021-22,Playoffs
0042100221,1610612742,Dallas,Mavericks,DAL,mavericks,203939,Dwight,Powell,D. Powell,dwight-powell,C,,7,15:46,0,0,0,4,2,4,4,20,0,0,2,0,2021-22,Playoffs
0042100221,1610612742,Dallas,Mavericks,DAL,mavericks,1628973,Jalen,Brunson,J. Brunson,jalen-brunson,G,,13,30:45,0,2,0,10,7,9,11,24,0,1,4,5,2021-22,Playoffs
0042100221,1610612742,Dallas,Mavericks,DAL,mavericks,1629029,Luka,Dončić,L. Dončić,luka-dončić,G,,77,44:23,4,0,6,20,10,9,8,36,1,2,1,9,2021-22,Playoffs
0042100221,1610612742,Dallas,Mavericks,DAL,mavericks,203915,Spencer,Dinwiddie,S. Dinwiddie,spencer-dinwiddie,,,26,30:27,0,0,3,2,5,7,7,22,0,1,2,0,2021-22,Playoffs
0042100221,1610612742,Dallas,Mavericks,DAL,mavericks,1628467,Maxi,Kleber,M. Kleber,maxi-kleber,,,42,24:53,4,0,0,2,6,2,3,16,1,0,1,3,2021-22,Playoffs
0042100221,1610612742,Dallas,Mavericks,DAL,mavericks,202722,Davis,Bertans,D. Bertans,davis-bertans,,,44,8:27,0,0,0,0,0,0,3,6,0,0,1,0,2021-22,Playoffs
0042100221,1610612742,Dallas,Mavericks,DAL,mavericks,1630182,Josh,Green,J. Green,josh-green,,,8,10:03,0,0,0,0,0,0,0,6,0,0,2,0,2021-22,Playoffs
0042100221,1610612742,Dallas,Mavericks,DAL,mavericks,1628373,Frank,Ntilikina,F. Ntilikina,frank-ntilikina,,,21,2:17,0,0,0,0,0,0,0,0,0,0,0,0,2021-22,Playoffs
0042100221,1610612742,Dallas,Mavericks,DAL,mavericks,1628425,Sterling,Brown,S. Brown,sterling-brown,,DNP - Coach's Decision,0,,0,0,0,0,0,0,0,0,0,0,0,0,2021-22,Playoffs
0042100221,1610612742,Dallas,Mavericks,DAL,mavericks,203504,Trey,Burke,T. Burke,trey-burke,,DNP - Coach's Decision,3,,0,0,0,0,0,0,0,0,0,0,0,0,2021-22,Playoffs
0042100221,1610612742,Dallas,Mavericks,DAL,mavericks,1627737,Marquese,Chriss,M. Chriss,marquese-chriss,,DNP - Coach's Decision,35,,0,0,0,0,0,0,0,0,0,0,0,0,2021-22,Playoffs
0042100221,1610612742,Dallas,Mavericks,DAL,mavericks,1626246,Boban,Marjanovic,B. Marjanovic,boban-marjanovic,,DNP - Coach's Decision,51,,0,0,0,0,0,0,0,0,0,0,0,0,2021-22,Playoffs
0042100221,1610612756,Phoenix,Suns,PHX,suns,1628969,Mikal,Bridges,M. Bridges,mikal-bridges,F,,25,42:16,2,2,2,4,10,11,9,40,2,0,5,2,2021-22,Playoffs
0042100221,1610612756,Phoenix,Suns,PHX,suns,203109,Jae,Crowder,J. Crowder,jae-crowder,F,,99,28:19,0,0,3,2,5,9,7,28,1,0,5,3,2021-22,Playoffs
0042100221,1610612756,Phoenix,Suns,PHX,suns,1629028,Deandre,Ayton,D. Ayton,deandre-ayton,C,,22,33:07,0,2,0,18,7,11,8,30,1,0,1,2,2021-22,Playoffs
0042100221,1610612756,Phoenix,Suns,PHX,suns,1626164,Devin,Booker,D. Booker,devin-booker,G,,1,38:13,0,2,2,6,6,11,8,36,1,0,1,8,2021-22,Playoffs
0042100221,1610612756,Phoenix,Suns,PHX,suns,101108,Chris,Paul,C. Paul,chris-paul,G,,3,28:45,0,3,0,0,3,7,6,30,1,1,3,4,2021-22,Playoffs
0042100221,1610612756,Phoenix,Suns,PHX,suns,1626166,Cameron,Payne,C. Payne,cameron-payne,,,15,19:15,0,0,0,2,10,4,6,14,0,0,0,0,2021-22,Playoffs
0042100221,1610612756,Phoenix,Suns,PHX,suns,1629661,Cameron,Johnson,C. Johnson,cameron-johnson,,,23,24:04,6,0,2,2,9,2,6,20,0,0,3,2,2021-22,Playoffs
0042100221,1610612756,Phoenix,Suns,PHX,suns,201580,JaVale,McGee,J. McGee,javale-mcgee,,,00,14:02,2,0,2,4,6,0,4,12,0,0,2,1,2021-22,Playoffs
0042100221,1610612756,Phoenix,Suns,PHX,suns,1629013,Landry,Shamet,L. Shamet,landry-shamet,,,14,9:01,0,0,0,0,6,0,3,8,0,1,1,0,2021-22,Playoffs
0042100221,1610612756,Phoenix,Suns,PHX,suns,1628470,Torrey,Craig,T. Craig,torrey-craig,,,0,2:59,0,0,0,0,3,0,3,2,0,0,0,0,2021-22,Playoffs
0042100221,1610612756,Phoenix,Suns,PHX,suns,202687,Bismack,Biyombo,B. Biyombo,bismack-biyombo,,DNP - Coach's Decision,18,,0,0,0,0,0,0,0,0,0,0,0,0,2021-22,Playoffs
0042100221,1610612756,Phoenix,Suns,PHX,suns,1628988,Aaron,Holiday,A. Holiday,aaron-holiday,,DNP - Coach's Decision,4,,0,0,0,0,0,0,0,0,0,0,0,0,2021-22,Playoffs
0042100221,1610612756,Phoenix,Suns,PHX,suns,203901,Elfrid,Payton,E. Payton,elfrid-payton,,DNP - Coach's Decision,2,,0,0,0,0,0,0,0,0,0,0,0,0,2021-22,Playoffs
0042100221,1610612756,Phoenix,Suns,PHX,suns,1630688,Ish,Wainright,I. Wainright,ish-wainright,,DNP - Coach's Decision,12,,0,0,0,0,0,0,0,0,0,0,0,0,2021-22,Playoffs
0042100222,1610612742,Dallas,Mavericks,DAL,mavericks,203493,Reggie,Bullock Jr.,R. Bullock Jr.,reggie-bullock-jr,F,,25,36:53,3,3,0,0,21,11,5,44,0,0,3,3,2021-22,Playoffs
0042100222,1610612742,Dallas,Mavericks,DAL,mavericks,1627827,Dorian,Finney-Smith,D. Finney-Smith,dorian-finney-smith,F,,10,20:22,0,0,0,2,14,9,5,24,1,1,4,0,2021-22,Playoffs
0042100222,1610612742,Dallas,Mavericks,DAL,mavericks,203939,Dwight,Powell,D. Powell,dwight-powell,C,,7,13:18,2,0,0,2,15,7,3,10,0,0,5,3,2021-22,Playoffs
0042100222,1610612742,Dallas,Mavericks,DAL,mavericks,1628973,Jalen,Brunson,J. Brunson,jalen-brunson,G,,13,27:36,2,0,0,4,14,11,5,32,0,2,4,4,2021-22,Playoffs
0042100222,1610612742,Dallas,Mavericks,DAL,mavericks,1629029,Luka,Dončić,L. Dončić,luka-dončić,G,,77,36:23,4,2,0,14,21,9,5,44,0,0,2,6,2021-22,Playoffs
0042100222,1610612742,Dallas,Mavericks,DAL,mavericks,1628467,Maxi,Kleber,M. Kleber,maxi-kleber,,,42,28:02,2,0,2,4,6,6,2,32,0,1,1,3,2021-22,Playoffs
0042100222,1610612742,Dallas,Mavericks,DAL,mavericks,203915,Spencer,Dinwiddie,S. Dinwiddie,spencer-dinwiddie,,,26,28:10,5,7,0,2,7,6,0,32,0,2,1,3,2021-22,Playoffs
0042100222,1610612742,Dallas,Mavericks,DAL,mavericks,202722,Davis,Bertans,D. Bertans,davis-bertans,,,44,18:35,0,3,0,0,7,4,0,14,0,0,3,1,2021-22,Playoffs
0042100222,1610612742,Dallas,Mavericks,DAL,mavericks,1630182,Josh,Green,J. Green,josh-green,,,8,11:57,0,0,0,0,0,2,0,10,0,0,2,1,2021-22,Playoffs
0042100222,1610612742,Dallas,Mavericks,DAL,mavericks,1628425,Sterling,Brown,S. Brown,sterling-brown,,,0,4:41,3,0,3,2,0,0,0,2,0,0,0,1,2021-22,Playoffs
0042100222,1610612742,Dallas,Mavericks,DAL,mavericks,1627737,Marquese,Chriss,M. Chriss,marquese-chriss,,,35,4:41,0,1,0,2,0,0,0,2,0,0,0,2,2021-22,Playoffs
0042100222,1610612742,Dallas,Mavericks,DAL,mavericks,1628373,Frank,Ntilikina,F. Ntilikina,frank-ntilikina,,,21,4:41,0,0,0,0,0,0,0,2,0,0,1,1,2021-22,Playoffs
0042100222,1610612742,Dallas,Mavericks,DAL,mavericks,203504,Trey,Burke,T. Burke,trey-burke,,,3,4:41,0,0,0,0,0,0,0,2,0,0,0,0,2021-22,Playoffs
0042100222,1610612742,Dallas,Mavericks,DAL,mavericks,1626246,Boban,Marjanovic,B. Marjanovic,boban-marjanovic,,DNP - Coach's Decision,51,,0,0,0,0,0,0,0,0,0,0,0,0,2021-22,Playoffs
0042100222,1610612756,Phoenix,Suns,PHX,suns,1628969,Mikal,Bridges,M. Bridges,mikal-bridges,F,,25,38:55,5,0,2,8,13,8,2,24,0,0,1,1,2021-22,Playoffs
0042100222,1610612756,Phoenix,Suns,PHX,suns,203109,Jae,Crowder,J. Crowder,jae-crowder,F,,99,29:25,5,0,0,0,13,6,0,22,1,0,1,5,2021-22,Playoffs
0042100222,1610612756,Phoenix,Suns,PHX,suns,1629028,Deandre,Ayton,D. Ayton,deandre-ayton,C,,22,18:29,0,2,0,4,6,3,0,22,0,1,4,4,2021-22,Playoffs
0042100222,1610612756,Phoenix,Suns,PHX,suns,1626164,Devin,Booker,D. Booker,devin-booker,G,,1,35:32,5,7,3,6,11,9,0,22,1,0,4,4,2021-22,Playoffs
0042100222,1610612756,Phoenix,Suns,PHX,suns,101108,Chris,Paul,C. Paul,chris-paul,G,,3,36:13,6,4,0,12,14,11,0,18,0,0,2,6,2021-22,Playoffs
0042100222,1610612756,Phoenix,Suns,PHX,suns,1629661,Cameron,Johnson,C. Johnson,cameron-johnson,,,23,17:14,0,0,0,4,5,9,2,8,0,0,4,1,2021-22,Playoffs
0042100222,1610612756,Phoenix,Suns,PHX,suns,1626166,Cameron,Payne,C. Payne,cameron-payne,,,15,11:59,0,0,0,0,10,8,5,14,0,0,1,0,2021-22,Playoffs
0042100222,1610612756,Phoenix,Suns,PHX,suns,201580,JaVale,McGee,J. McGee,javale-mcgee,,,00,9:50,0,0,0,6,9,6,2,6,3,0,5,2,2021-22,Playoffs
0042100222,1610612756,Phoenix,Suns,PHX,suns,1629013,Landry,Shamet,L. Shamet,landry-shamet,,,14,14:32,0,0,0,2,10,8,5,10,0,0,1,1,2021-22,Playoffs
0042100222,1610612756,Phoenix,Suns,PHX,suns,1630688,Ish,Wainright,I. Wainright,ish-wainright,,,12,6:02,0,0,0,0,5,4,3,6,0,0,2,0,2021-22,Playoffs
0042100222,1610612756,Phoenix,Suns,PHX,suns,202687,Bismack,Biyombo,B. Biyombo,bismack-biyombo,,,18,18:21,0,0,0,8,6,7,3,4,1,0,2,2,2021-22,Playoffs
0042100222,1610612756,Phoenix,Suns,PHX,suns,1628470,Torrey,Craig,T. Craig,torrey-craig,,,0,3:27,0,0,0,0,3,1,3,4,0,0,1,0,2021-22,Playoffs
0042100222,1610612756,Phoenix,Suns,PHX,suns,1628988,Aaron,Holiday,A. Holiday,aaron-holiday,,DNP - Coach's Decision,4,,0,0,0,0,0,0,0,0,0,0,0,0,2021-22,Playoffs
0042100222,1610612756,Phoenix,Suns,PHX,suns,203901,Elfrid,Payton,E. Payton,elfrid-payton,,DNP - Coach's Decision,2,,0,0,0,0,0,0,0,0,0,0,0,0,2021-22,Playoffs
0042100223,1610612756,Phoenix,Suns,PHX,suns,1628969,Mikal,Bridges,M. Bridges,mikal-bridges,F,,25,38:02,4,0,2,10,14,16,4,42,1,0,2,1,2021-22,Playoffs
0042100223,1610612756,Phoenix,Suns,PHX,suns,203109,Jae,Crowder,J. Crowder,jae-crowder,F,,99,35:33,3,0,2,4,19,14,6,40,0,0,1,2,2021-22,Playoffs
0042100223,1610612756,Phoenix,Suns,PHX,suns,1629028,Deandre,Ayton,D. Ayton,deandre-ayton,C,,22,32:50,0,4,0,12,14,14,4,36,0,0,0,3,2021-22,Playoffs
0042100223,1610612756,Phoenix,Suns,PHX,suns,1626164,Devin,Booker,D. Booker,devin-booker,G,,1,40:02,3,0,1,0,20,16,4,42,0,3,1,4,2021-22,Playoffs
0042100223,1610612756,Phoenix,Suns,PHX,suns,101108,Chris,Paul,C. Paul,chris-paul,G,,3,36:57,0,0,2,0,16,14,6,40,0,0,4,3,2021-22,Playoffs
0042100223,1610612756,Phoenix,Suns,PHX,suns,1629661,Cameron,Johnson,C. Johnson,cameron-johnson,,,23,15:58,0,3,0,0,8,2,2,16,0,1,0,1,2021-22,Playoffs
0042100223,1610612756,Phoenix,Suns,PHX,suns,1626166,Cameron,Payne,C. Payne,cameron-payne,,,15,14:08,0,0,0,0,6,2,0,12,0,0,4,2,2021-22,Playoffs
0042100223,1610612756,Phoenix,Suns,PHX,suns,201580,JaVale,McGee,J. McGee,javale-mcgee,,,00,14:30,2,0,0,6,8,2,2,14,0,0,2,3,2021-22,Playoffs
0042100223,1610612756,Phoenix,Suns,PHX,suns,1629013,Landry,Shamet,L. Shamet,landry-shamet,,,14,10:40,3,3,0,0,5,0,2,8,0,0,0,0,2021-22,Playoffs
0042100223,1610612756,Phoenix,Suns,PHX,suns,1630688,Ish,Wainright,I. Wainright,ish-wainright,,,12,0:40,0,0,0,0,0,0,0,0,0,0,0,0,2021-22,Playoffs
0042100223,1610612756,Phoenix,Suns,PHX,suns,1628988,Aaron,Holiday,A. Holiday,aaron-holiday,,,4,0:40,0,0,0,0,0,0,0,0,0,0,0,0,2021-22,Playoffs
0042100223,1610612756,Phoenix,Suns,PHX,suns,202687,Bismack,Biyombo,B. Biyombo,bismack-biyombo,,DNP - Coach's Decision,18,,0,0,0,0,0,0,0,0,0,0,0,0,2021-22,Playoffs
0042100223,1610612756,Phoenix,Suns,PHX,suns,1628470,Torrey,Craig,T. Craig,torrey-craig,,DND - Injury/Illness,0,,0,0,0,0,0,0,0,0,0,0,0,0,2021-22,Playoffs
0042100223,1610612756,Phoenix,Suns,PHX,suns,203901,Elfrid,Payton,E. Payton,elfrid-payton,,DNP - Coach's Decision,2,,0,0,0,0,0,0,0,0,0,0,0,0,2021-22,Playoffs
0042100223,1610612742,Dallas,Mavericks,DAL,mavericks,203493,Reggie,Bullock Jr.,R. Bullock Jr.,reggie-bullock-jr,F,,25,40:46,3,3,0,2,12,4,6,28,0,0,2,0,2021-22,Playoffs
0042100223,1610612742,Dallas,Mavericks,DAL,mavericks,1627827,Dorian,Finney-Smith,D. Finney-Smith,dorian-finney-smith,F,,10,41:25,5,5,0,2,12,7,7,26,0,1,1,1,2021-22,Playoffs
0042100223,1610612742,Dallas,Mavericks,DAL,mavericks,203939,Dwight,Powell,D. Powell,dwight-powell,C,,7,10:11,0,0,0,2,5,3,2,6,0,0,2,0,2021-22,Playoffs
0042100223,1610612742,Dallas,Mavericks,DAL,mavericks,1628973,Jalen,Brunson,J. Brunson,jalen-brunson,G,,13,36:22,3,2,3,16,13,10,7,20,0,0,1,6,2021-22,Playoffs
0042100223,1610612742,Dallas,Mavericks,DAL,mavericks,1629029,Luka,Dončić,L. Dončić,luka-dončić,G,,77,34:08,3,4,1,18,7,2,2,22,0,0,5,4,2021-22,Playoffs
0042100223,1610612742,Dallas,Mavericks,DAL,mavericks,1628467,Maxi,Kleber,M. Kleber,maxi-kleber,,,42,32:53,6,2,0,6,7,7,3,24,3,0,2,0,2021-22,Playoffs
0042100223,1610612742,Dallas,Mavericks,DAL,mavericks,203915,Spencer,Dinwiddie,S. Dinwiddie,spencer-dinwiddie,,,26,24:06,2,0,2,4,5,3,3,16,1,0,2,1,2021-22,Playoffs
0042100223,1610612742,Dallas,Mavericks,DAL,mavericks,202722,Davis,Bertans,D. Bertans,davis-bertans,,,44,7:16,0,0,0,0,0,0,0,6,0,0,2,1,2021-22,Playoffs
0042100223,1610612742,Dallas,Mavericks,DAL,mavericks,1628373,Frank,Ntilikina,F. Ntilikina,frank-ntilikina,,,21,12:29,0,0,0,0,8,8,5,12,0,0,2,1,2021-22,Playoffs
0042100223,1610612742,Dallas,Mavericks,DAL,mavericks,1628425,Sterling,Brown,S. Brown,sterling-brown,,,0,0:12,0,0,0,0,3,3,0,0,0,0,0,0,2021-22,Playoffs
0042100223,1610612742,Dallas,Mavericks,DAL,mavericks,203504,Trey,Burke,T. Burke,trey-burke,,,3,0:12,0,0,0,0,3,3,0,0,0,0,0,0,2021-22,Playoffs
0042100223,1610612742,Dallas,Mavericks,DAL,mavericks,1627737,Marquese,Chriss,M. Chriss,marquese-chriss,,DNP - Coach's Decision,35,,0,0,0,0,0,0,0,0,0,0,0,0,2021-22,Playoffs
0042100223,1610612742,Dallas,Mavericks,DAL,mavericks,1630182,Josh,Green,J. Green,josh-green,,DNP - Coach's Decision,8,,0,0,0,0,0,0,0,0,0,0,0,0,2021-22,Playoffs
0042100223,1610612742,Dallas,Mavericks,DAL,mavericks,1626246,Boban,Marjanovic,B. Marjanovic,boban-marjanovic,,DNP - Coach's Decision,51,,0,0,0,0,0,0,0,0,0,0,0,0,2021-22,Playoffs
0042100224,1610612756,Phoenix,Suns,PHX,suns,1628969,Mikal,Bridges,M. Bridges,mikal-bridges,F,,25,32:12,2,2,0,4,15,8,6,18,0,0,4,0,2021-22,Playoffs
0042100224,1610612756,Phoenix,Suns,PHX,suns,203109,Jae,Crowder,J. Crowder,jae-crowder,F,,99,35:46,3,1,0,6,21,12,6,24,1,0,4,2,2021-22,Playoffs
0042100224,1610612756,Phoenix,Suns,PHX,suns,1629028,Deandre,Ayton,D. Ayton,deandre-ayton,C,,22,32:55,4,6,0,14,18,15,6,26,2,0,1,4,2021-22,Playoffs
0042100224,1610612756,Phoenix,Suns,PHX,suns,1626164,Devin,Booker,D. Booker,devin-booker,G,,1,43:19,0,5,3,10,20,15,6,30,1,1,4,10,2021-22,Playoffs
0042100224,1610612756,Phoenix,Suns,PHX,suns,101108,Chris,Paul,C. Paul,chris-paul,G,,3,23:02,0,0,0,2,13,3,0,14,0,0,6,1,2021-22,Playoffs
0042100224,1610612756,Phoenix,Suns,PHX,suns,1629661,Cameron,Johnson,C. Johnson,cameron-johnson,,,23,29:51,0,0,3,2,13,10,6,22,0,0,1,0,2021-22,Playoffs
0042100224,1610612756,Phoenix,Suns,PHX,suns,1626166,Cameron,Payne,C. Payne,cameron-payne,,,15,16:02,0,0,0,2,7,12,0,12,0,0,1,2,2021-22,Playoffs
0042100224,1610612756,Phoenix,Suns,PHX,suns,201580,JaVale,McGee,J. McGee,javale-mcgee,,,00,9:38,0,2,0,6,3,0,0,2,0,0,4,1,2021-22,Playoffs
0042100224,1610612756,Phoenix,Suns,PHX,suns,1629013,Landry,Shamet,L. Shamet,landry-shamet,,,14,9:17,0,0,0,2,3,0,0,4,0,0,0,1,2021-22,Playoffs
0042100224,1610612756,Phoenix,Suns,PHX,suns,202687,Bismack,Biyombo,B. Biyombo,bismack-biyombo,,,18,4:50,0,0,0,2,2,0,0,4,0,0,0,0,2021-22,Playoffs
0042100224,1610612756,Phoenix,Suns,PHX,suns,1628988,Aaron,Holiday,A. Holiday,aaron-holiday,,,4,1:34,0,0,0,0,0,0,0,2,0,0,0,0,2021-22,Playoffs
0042100224,1610612756,Phoenix,Suns,PHX,suns,1630688,Ish,Wainright,I. Wainright,ish-wainright,,,12,1:34,0,0,0,0,0,0,0,2,0,0,0,0,2021-22,Playoffs
0042100224,1610612756,Phoenix,Suns,PHX,suns,1628470,Torrey,Craig,T. Craig,torrey-craig,,DND - Injury/Illness,0,,0,0,0,0,0,0,0,0,0,0,0,0,2021-22,Playoffs
0042100224,1610612756,Phoenix,Suns,PHX,suns,203901,Elfrid,Payton,E. Payton,elfrid-payton,,DNP - Coach's Decision,2,,0,0,0,0,0,0,0,0,0,0,0,0,2021-22,Playoffs
0042100224,1610612742,Dallas,Mavericks,DAL,mavericks,203493,Reggie,Bullock Jr.,R. Bullock Jr.,reggie-bullock-jr,F,,25,38:55,0,0,0,0,9,14,4,42,0,0,3,0,2021-22,Playoffs
0042100224,1610612742,Dallas,Mavericks,DAL,mavericks,1627827,Dorian,Finney-Smith,D. Finney-Smith,dorian-finney-smith,F,,10,38:25,9,9,6,0,9,16,4,46,0,0,2,1,2021-22,Playoffs
0042100224,1610612742,Dallas,Mavericks,DAL,mavericks,203939,Dwight,Powell,D. Powell,dwight-powell,C,,7,9:45,0,0,0,0,5,3,1,8,0,0,3,1,2021-22,Playoffs
0042100224,1610612742,Dallas,Mavericks,DAL,mavericks,1628973,Jalen,Brunson,J. Brunson,jalen-brunson,G,,13,37:37,2,2,0,8,9,14,1,36,0,1,2,8,2021-22,Playoffs
0042100224,1610612742,Dallas,Mavericks,DAL,mavericks,1629029,Luka,Dončić,L. Dončić,luka-dončić,G,,77,36:53,7,0,0,16,6,14,6,42,0,2,4,11,2021-22,Playoffs
0042100224,1610612742,Dallas,Mavericks,DAL,mavericks,1628467,Maxi,Kleber,M. Kleber,maxi-kleber,,,42,34:04,2,4,0,6,4,11,5,38,1,0,3,1,2021-22,Playoffs
0042100224,1610612742,Dallas,Mavericks,DAL,mavericks,203915,Spencer,Dinwiddie,S. Dinwiddie,spencer-dinwiddie,,,26,19:16,0,0,0,2,3,4,5,18,0,1,1,2,2021-22,Playoffs
0042100224,1610612742,Dallas,Mavericks,DAL,mavericks,202722,Davis,Bertans,D. Bertans,davis-bertans,,,44,12:52,3,0,0,0,0,2,2,8,0,0,0,1,2021-22,Playoffs
0042100224,1610612742,Dallas,Mavericks,DAL,mavericks,1628373,Frank,Ntilikina,F. Ntilikina,frank-ntilikina,,,21,8:52,0,0,0,0,0,2,2,6,0,0,3,0,2021-22,Playoffs
0042100224,1610612742,Dallas,Mavericks,DAL,mavericks,1630182,Josh,Green,J. Green,josh-green,,,8,1:07,0,0,0,0,0,0,0,2,0,0,0,0,2021-22,Playoffs
0042100224,1610612742,Dallas,Mavericks,DAL,mavericks,1627737,Marquese,Chriss,M. Chriss,marquese-chriss,,,35,1:07,0,0,0,0,0,0,0,2,0,0,0,0,2021-22,Playoffs
0042100224,1610612742,Dallas,Mavericks,DAL,mavericks,1628425,Sterling,Brown,S. Brown,sterling-brown,,,0,1:07,0,0,0,0,0,0,0,2,0,0,0,0,2021-22,Playoffs
0042100224,1610612742,Dallas,Mavericks,DAL,mavericks,203504,Trey,Burke,T. Burke,trey-burke,,DNP - Coach's Decision,3,,0,0,0,0,0,0,0,0,0,0,0,0,2021-22,Playoffs
0042100224,1610612742,Dallas,Mavericks,DAL,mavericks,1626246,Boban,Marjanovic,B. Marjanovic,boban-marjanovic,,DNP - Coach's Decision,51,,0,0,0,0,0,0,0,0,0,0,0,0,2021-22,Playoffs
0042100225,1610612742,Dallas,Mavericks,DAL,mavericks,203493,Reggie,Bullock Jr.,R. Bullock Jr.,reggie-bullock-jr,F,,25,34:44,0,0,0,0,19,8,9,34,0,0,1,0,2021-22,Playoffs
0042100225,1610612742,Dallas,Mavericks,DAL,mavericks,1627827,Dorian,Finney-Smith,D. Finney-Smith,dorian-finney-smith,F,,10,36:54,3,0,3,0,17,8,9,34,0,0,2,1,2021-22,Playoffs
0042100225,1610612742,Dallas,Mavericks,DAL,mavericks,203939,Dwight,Powell,D. Powell,dwight-powell,C,,7,7:34,0,0,0,0,5,4,3,10,0,0,2,1,2021-22,Playoffs
0042100225,1610612742,Dallas,Mavericks,DAL,mavericks,1629029,Luka,Dončić,L. Dončić,luka-dončić,G,,77,35:06,7,2,0,8,19,6,9,32,0,1,3,7,2021-22,Playoffs
0042100225,1610612742,Dallas,Mavericks,DAL,mavericks,1628973,Jalen,Brunson,J. Brunson,jalen-brunson,G,,13,34:45,4,0,4,12,15,8,9,34,0,0,3,6,2021-22,Playoffs
0042100225,1610612742,Dallas,Mavericks,DAL,mavericks,1628467,Maxi,Kleber,M. Kleber,maxi-kleber,,,42,24:19,0,0,0,0,19,0,8,24,0,0,4,1,2021-22,Playoffs
0042100225,1610612742,Dallas,Mavericks,DAL,mavericks,203915,Spencer,Dinwiddie,S. Dinwiddie,spencer-dinwiddie,,,26,15:36,0,0,0,0,14,2,4,12,0,0,2,1,2021-22,Playoffs
0042100225,1610612742,Dallas,Mavericks,DAL,mavericks,202722,Davis,Bertans,D. Bertans,davis-bertans,,,44,19:28,0,0,0,0,10,4,2,14,0,0,1,2,2021-22,Playoffs
0042100225,1610612742,Dallas,Mavericks,DAL,mavericks,1628373,Frank,Ntilikina,F. Ntilikina,frank-ntilikina,,,21,12:46,3,0,3,2,2,6,2,10,0,0,2,1,2021-22,Playoffs
0042100225,1610612742,Dallas,Mavericks,DAL,mavericks,1627737,Marquese,Chriss,M. Chriss,marquese-chriss,,,35,4:42,0,0,0,2,0,6,0,4,0,0,1,0,2021-22,Playoffs
0042100225,1610612742,Dallas,Mavericks,DAL,mavericks,1628425,Sterling,Brown,S. Brown,sterling-brown,,,0,4:42,0,0,0,0,0,6,0,4,0,0,0,1,2021-22,Playoffs
0042100225,1610612742,Dallas,Mavericks,DAL,mavericks,1630182,Josh,Green,J. Green,josh-green,,,8,4:42,0,0,0,0,0,6,0,4,0,0,0,1,2021-22,Playoffs
0042100225,1610612742,Dallas,Mavericks,DAL,mavericks,203504,Trey,Burke,T. Burke,trey-burke,,,3,4:42,0,0,0,0,0,6,0,4,0,1,0,1,2021-22,Playoffs
0042100225,1610612742,Dallas,Mavericks,DAL,mavericks,1626246,Boban,Marjanovic,B. Marjanovic,boban-marjanovic,,DNP - Coach's Decision,51,,0,0,0,0,0,0,0,0,0,0,0,0,2021-22,Playoffs
0042100225,1610612756,Phoenix,Suns,PHX,suns,1628969,Mikal,Bridges,M. Bridges,mikal-bridges,F,,25,33:38,4,0,2,8,8,2,3,14,0,0,2,0,2021-22,Playoffs
0042100225,1610612756,Phoenix,Suns,PHX,suns,203109,Jae,Crowder,J. Crowder,jae-crowder,F,,99,26:31,0,0,0,0,12,2,8,12,0,0,6,2,2021-22,Playoffs
0042100225,1610612756,Phoenix,Suns,PHX,suns,1629028,Deandre,Ayton,D. Ayton,deandre-ayton,C,,22,22:14,4,4,0,14,3,2,3,8,0,0,3,1,2021-22,Playoffs
0042100225,1610612756,Phoenix,Suns,PHX,suns,1626164,Devin,Booker,D. Booker,devin-booker,G,,1,35:12,11,0,5,10,10,2,5,14,0,0,3,5,2021-22,Playoffs
0042100225,1610612756,Phoenix,Suns,PHX,suns,101108,Chris,Paul,C. Paul,chris-paul,G,,3,34:43,0,0,0,0,17,2,10,16,0,0,2,4,2021-22,Playoffs
0042100225,1610612756,Phoenix,Suns,PHX,suns,202687,Bismack,Biyombo,B. Biyombo,bismack-biyombo,,,18,21:12,0,0,2,6,10,0,5,14,0,0,1,3,2021-22,Playoffs
0042100225,1610612756,Phoenix,Suns,PHX,suns,1629013,Landry,Shamet,L. Shamet,landry-shamet,,,14,19:03,1,0,0,2,9,0,7,14,0,0,1,4,2021-22,Playoffs
0042100225,1610612756,Phoenix,Suns,PHX,suns,1629661,Cameron,Johnson,C. Johnson,cameron-johnson,,,23,25:28,4,4,2,4,12,0,7,14,1,0,2,2,2021-22,Playoffs
0042100225,1610612756,Phoenix,Suns,PHX,suns,201580,JaVale,McGee,J. McGee,javale-mcgee,,,00,3:22,0,0,0,0,2,0,0,2,0,0,2,0,2021-22,Playoffs
0042100225,1610612756,Phoenix,Suns,PHX,suns,1630688,Ish,Wainright,I. Wainright,ish-wainright,,,12,6:43,0,0,0,0,2,0,2,6,0,0,0,0,2021-22,Playoffs
0042100225,1610612756,Phoenix,Suns,PHX,suns,1628470,Torrey,Craig,T. Craig,torrey-craig,,,0,3:58,0,6,0,0,0,0,0,2,1,0,0,0,2021-22,Playoffs
0042100225,1610612756,Phoenix,Suns,PHX,suns,1628988,Aaron,Holiday,A. Holiday,aaron-holiday,,,4,3:58,0,0,0,0,0,0,0,2,0,0,1,0,2021-22,Playoffs
0042100225,1610612756,Phoenix,Suns,PHX,suns,1626166,Cameron,Payne,C. Payne,cameron-payne,,,15,3:58,0,0,0,0,0,0,0,2,0,0,0,0,2021-22,Playoffs
0042100225,1610612756,Phoenix,Suns,PHX,suns,203901,Elfrid,Payton,E. Payton,elfrid-payton,,DNP - Coach's Decision,2,,0,0,0,0,0,0,0,0,0,0,0,0,2021-22,Playoffs
0042100226,1610612756,Phoenix,Suns,PHX,suns,1628969,Mikal,Bridges,M. Bridges,mikal-bridges,F,,25,30:54,0,0,0,2,18,8,14,24,1,0,1,1,2021-22,Playoffs
0042100226,1610612756,Phoenix,Suns,PHX,suns,203109,Jae,Crowder,J. Crowder,jae-crowder,F,,99,28:36,0,0,0,0,17,5,9,26,0,0,5,3,2021-22,Playoffs
0042100226,1610612756,Phoenix,Suns,PHX,suns,1629028,Deandre,Ayton,D. Ayton,deandre-ayton,C,,22,30:21,2,6,0,20,21,8,11,28,0,1,3,3,2021-22,Playoffs
0042100226,1610612756,Phoenix,Suns,PHX,suns,1626164,Devin,Booker,D. Booker,devin-booker,G,,1,39:00,4,3,6,8,27,8,17,30,1,1,4,8,2021-22,Playoffs
0042100226,1610612756,Phoenix,Suns,PHX,suns,101108,Chris,Paul,C. Paul,chris-paul,G,,3,35:37,0,0,0,2,21,8,17,28,0,0,5,5,2021-22,Playoffs
0042100226,1610612756,Phoenix,Suns,PHX,suns,1629661,Cameron,Johnson,C. Johnson,cameron-johnson,,,23,20:22,0,0,0,0,10,3,16,8,0,0,1,1,2021-22,Playoffs
0042100226,1610612756,Phoenix,Suns,PHX,suns,1629013,Landry,Shamet,L. Shamet,landry-shamet,,,14,17:22,0,0,0,2,8,0,8,8,0,0,2,1,2021-22,Playoffs
0042100226,1610612756,Phoenix,Suns,PHX,suns,202687,Bismack,Biyombo,B. Biyombo,bismack-biyombo,,,18,14:26,0,0,0,4,8,0,8,6,0,1,2,0,2021-22,Playoffs
0042100226,1610612756,Phoenix,Suns,PHX,suns,1628470,Torrey,Craig,T. Craig,torrey-craig,,,0,15:20,0,2,2,6,11,0,5,8,0,0,2,0,2021-22,Playoffs
0042100226,1610612756,Phoenix,Suns,PHX,suns,1626166,Cameron,Payne,C. Payne,cameron-payne,,,15,4:01,0,0,0,0,2,0,0,2,0,0,2,1,2021-22,Playoffs
0042100226,1610612756,Phoenix,Suns,PHX,suns,1630688,Ish,Wainright,I. Wainright,ish-wainright,,,12,4:01,0,0,0,0,2,0,0,2,0,1,0,0,2021-22,Playoffs
0042100226,1610612756,Phoenix,Suns,PHX,suns,1628988,Aaron,Holiday,A. Holiday,aaron-holiday,,DNP - Coach's Decision,4,,0,0,0,0,0,0,0,0,0,0,0,0,2021-22,Playoffs
0042100226,1610612756,Phoenix,Suns,PHX,suns,201580,JaVale,McGee,J. McGee,javale-mcgee,,DNP - Coach's Decision,00,,0,0,0,0,0,0,0,0,0,0,0,0,2021-22,Playoffs
0042100226,1610612756,Phoenix,Suns,PHX,suns,203901,Elfrid,Payton,E. Payton,elfrid-payton,,DNP - Coach's Decision,2,,0,0,0,0,0,0,0,0,0,0,0,0,2021-22,Playoffs
0042100226,1610612742,Dallas,Mavericks,DAL,mavericks,203493,Reggie,Bullock Jr.,R. Bullock Jr.,reggie-bullock-jr,F,,25,40:16,6,2,6,4,4,11,6,44,0,0,2,0,2021-22,Playoffs
0042100226,1610612742,Dallas,Mavericks,DAL,mavericks,1627827,Dorian,Finney-Smith,D. Finney-Smith,dorian-finney-smith,F,,10,25:02,1,3,0,0,2,4,2,20,0,0,5,1,2021-22,Playoffs
0042100226,1610612742,Dallas,Mavericks,DAL,mavericks,203939,Dwight,Powell,D. Powell,dwight-powell,C,,7,17:03,2,0,0,4,2,4,6,14,2,0,3,4,2021-22,Playoffs
0042100226,1610612742,Dallas,Mavericks,DAL,mavericks,1628973,Jalen,Brunson,J. Brunson,jalen-brunson,G,,13,35:19,2,0,2,8,0,11,6,38,0,1,0,6,2021-22,Playoffs
0042100226,1610612742,Dallas,Mavericks,DAL,mavericks,1629029,Luka,Dončić,L. Dončić,luka-dončić,G,,77,35:17,12,0,4,18,6,7,4,30,0,1,4,11,2021-22,Playoffs
0042100226,1610612742,Dallas,Mavericks,DAL,mavericks,1628467,Maxi,Kleber,M. Kleber,maxi-kleber,,,42,25:23,0,3,0,0,2,7,0,26,0,0,4,0,2021-22,Playoffs
0042100226,1610612742,Dallas,Mavericks,DAL,mavericks,202722,Davis,Bertans,D. Bertans,davis-bertans,,,44,8:22,0,0,3,0,4,0,4,6,0,0,0,2,2021-22,Playoffs
0042100226,1610612742,Dallas,Mavericks,DAL,mavericks,203915,Spencer,Dinwiddie,S. Dinwiddie,spencer-dinwiddie,,,26,20:35,6,0,6,0,6,4,6,20,0,0,1,0,2021-22,Playoffs
0042100226,1610612742,Dallas,Mavericks,DAL,mavericks,1628373,Frank,Ntilikina,F. Ntilikina,frank-ntilikina,,,21,21:22,0,0,0,0,4,7,6,22,1,0,4,1,2021-22,Playoffs
0042100226,1610612742,Dallas,Mavericks,DAL,mavericks,1630182,Josh,Green,J. Green,josh-green,,,8,3:06,0,0,0,0,0,0,0,0,0,0,0,0,2021-22,Playoffs
0042100226,1610612742,Dallas,Mavericks,DAL,mavericks,1628425,Sterling,Brown,S. Brown,sterling-brown,,,0,3:06,0,0,0,0,0,0,0,0,1,0,0,0,2021-22,Playoffs
0042100226,1610612742,Dallas,Mavericks,DAL,mavericks,203504,Trey,Burke,T. Burke,trey-burke,,,3,1:43,0,0,0,0,0,0,0,0,0,0,0,0,2021-22,Playoffs
0042100226,1610612742,Dallas,Mavericks,DAL,mavericks,1627737,Marquese,Chriss,M. Chriss,marquese-chriss,,,35,1:43,0,0,0,0,0,0,0,0,0,0,0,1,2021-22,Playoffs
0042100226,1610612742,Dallas,Mavericks,DAL,mavericks,1626246,Boban,Marjanovic,B. Marjanovic,boban-marjanovic,,,51,1:43,0,0,0,0,0,0,0,0,0,0,0,1,2021-22,Playoffs
0042100227,1610612742,Dallas,Mavericks,DAL,mavericks,203493,Reggie,Bullock Jr.,R. Bullock Jr.,reggie-bullock-jr,F,,25,32:13,3,0,0,0,4,8,4,20,0,0,2,1,2021-22,Playoffs
0042100227,1610612742,Dallas,Mavericks,DAL,mavericks,1627827,Dorian,Finney-Smith,D. Finney-Smith,dorian-finney-smith,F,,10,29:31,0,0,0,0,4,6,4,18,0,0,4,2,2021-22,Playoffs
0042100227,1610612742,Dallas,Mavericks,DAL,mavericks,203939,Dwight,Powell,D. Powell,dwight-powell,C,,7,20:12,0,0,0,6,4,2,2,16,1,0,2,3,2021-22,Playoffs
0042100227,1610612742,Dallas,Mavericks,DAL,mavericks,1628973,Jalen,Brunson,J. Brunson,jalen-brunson,G,,13,29:38,0,0,0,10,2,7,4,22,0,0,2,2,2021-22,Playoffs
0042100227,1610612742,Dallas,Mavericks,DAL,mavericks,1629029,Luka,Dončić,L. Dončić,luka-dončić,G,,77,30:24,10,0,0,10,4,8,4,20,0,1,3,4,2021-22,Playoffs
0042100227,1610612742,Dallas,Mavericks,DAL,mavericks,1628467,Maxi,Kleber,M. Kleber,maxi-kleber,,,42,21:04,0,0,0,0,0,8,2,14,3,0,1,0,2021-22,Playoffs
0042100227,1610612742,Dallas,Mavericks,DAL,mavericks,203915,Spencer,Dinwiddie,S. Dinwiddie,spencer-dinwiddie,,,26,25:24,2,0,3,10,2,11,0,18,1,0,0,4,2021-22,Playoffs
0042100227,1610612742,Dallas,Mavericks,DAL,mavericks,202722,Davis,Bertans,D. Bertans,davis-bertans,,,44,13:49,0,0,0,0,2,7,0,14,1,0,0,1,2021-22,Playoffs
0042100227,1610612742,Dallas,Mavericks,DAL,mavericks,1628373,Frank,Ntilikina,F. Ntilikina,frank-ntilikina,,,21,12:56,0,0,0,0,4,7,2,14,0,0,1,0,2021-22,Playoffs
0042100227,1610612742,Dallas,Mavericks,DAL,mavericks,1627737,Marquese,Chriss,M. Chriss,marquese-chriss,,,35,6:44,0,0,0,0,9,13,5,8,0,1,1,0,2021-22,Playoffs
0042100227,1610612742,Dallas,Mavericks,DAL,mavericks,203504,Trey,Burke,T. Burke,trey-burke,,,3,5:17,0,0,0,2,9,10,5,8,0,0,1,0,2021-22,Playoffs
0042100227,1610612742,Dallas,Mavericks,DAL,mavericks,1630182,Josh,Green,J. Green,josh-green,,,8,5:17,0,0,0,0,9,10,5,8,0,0,0,0,2021-22,Playoffs
0042100227,1610612742,Dallas,Mavericks,DAL,mavericks,1628425,Sterling,Brown,S. Brown,sterling-brown,,,0,4:18,0,0,0,0,7,10,5,6,0,1,0,0,2021-22,Playoffs
0042100227,1610612742,Dallas,Mavericks,DAL,mavericks,1626246,Boban,Marjanovic,B. Marjanovic,boban-marjanovic,,,51,3:13,0,0,0,2,5,8,3,4,0,1,0,1,2021-22,Playoffs
0042100227,1610612756,Phoenix,Suns,PHX,suns,1628969,Mikal,Bridges,M. Bridges,mikal-bridges,F,,25,33:18,2,2,2,4,15,0,0,26,0,0,1,1,2021-22,Playoffs
0042100227,1610612756,Phoenix,Suns,PHX,suns,203109,Jae,Crowder,J. Crowder,jae-crowder,F,,99,27:10,0,0,0,0,15,0,0,24,0,1,0,0,2021-22,Playoffs
0042100227,1610612756,Phoenix,Suns,PHX,suns,1629028,Deandre,Ayton,D. Ayton,deandre-ayton,C,,22,17:27,2,0,0,4,9,0,0,10,0,0,3,2,2021-22,Playoffs
0042100227,1610612756,Phoenix,Suns,PHX,suns,1626164,Devin,Booker,D. Booker,devin-booker,G,,1,36:59,0,4,2,6,15,0,0,32,0,1,3,5,2021-22,Playoffs
0042100227,1610612756,Phoenix,Suns,PHX,suns,101108,Chris,Paul,C. Paul,chris-paul,G,,3,31:19,0,0,0,6,15,0,3,26,0,1,3,3,2021-22,Playoffs
0042100227,1610612756,Phoenix,Suns,PHX,suns,1629013,Landry,Shamet,L. Shamet,landry-shamet,,,14,13:39,0,0,0,0,0,0,3,14,0,0,1,0,2021-22,Playoffs
0042100227,1610612756,Phoenix,Suns,PHX,suns,1629661,Cameron,Johnson,C. Johnson,cameron-johnson,,,23,20:00,0,5,0,2,0,0,3,16,0,1,3,2,2021-22,Playoffs
0042100227,1610612756,Phoenix,Suns,PHX,suns,202687,Bismack,Biyombo,B. Biyombo,bismack-biyombo,,,18,11:39,0,0,0,0,6,0,0,14,1,0,2,2,2021-22,Playoffs
0042100227,1610612756,Phoenix,Suns,PHX,suns,1628470,Torrey,Craig,T. Craig,torrey-craig,,,0,4:09,0,2,0,2,0,0,3,2,0,1,0,0,2021-22,Playoffs
0042100227,1610612756,Phoenix,Suns,PHX,suns,201580,JaVale,McGee,J. McGee,javale-mcgee,,,00,16:09,0,2,0,6,0,0,3,14,1,1,0,2,2021-22,Playoffs
0042100227,1610612756,Phoenix,Suns,PHX,suns,1626166,Cameron,Payne,C. Payne,cameron-payne,,,15,12:38,0,0,0,2,0,0,0,10,0,0,2,0,2021-22,Playoffs
0042100227,1610612756,Phoenix,Suns,PHX,suns,1628988,Aaron,Holiday,A. Holiday,aaron-holiday,,,4,5:17,3,3,0,0,0,0,0,4,1,0,0,0,2021-22,Playoffs
0042100227,1610612756,Phoenix,Suns,PHX,suns,203901,Elfrid,Payton,E. Payton,elfrid-payton,,,2,5:17,2,0,0,2,0,0,0,4,0,0,0,0,2021-22,Playoffs
0042100227,1610612756,Phoenix,Suns,PHX,suns,1630688,Ish,Wainright,I. Wainright,ish-wainright,,,12,4:59,4,5,5,4,0,0,0,4,1,0,0,0,2021-22,Playoffs
0042100231,1610612744,Golden State,Warriors,GSW,warriors,202691,Klay,Thompson,K. Thompson,klay-thompson,F,,11,30:34,5,0,2,6,14,7,13,24,1,0,3,1,2021-22,Playoffs
0042100231,1610612744,Golden State,Warriors,GSW,warriors,203952,Andrew,Wiggins,A. Wiggins,andrew-wiggins,F,,22,34:23,1,7,0,8,23,18,12,38,0,2,3,4,2021-22,Playoffs
0042100231,1610612744,Golden State,Warriors,GSW,warriors,203110,Draymond,Green,D. Green,draymond-green,C,,23,17:01,0,0,0,4,12,10,3,14,1,0,1,3,2021-22,Playoffs
0042100231,1610612744,Golden State,Warriors,GSW,warriors,1627780,Gary,Payton II,G. Payton II,gary-payton-ii,G,,0,23:12,0,2,2,8,13,15,1,12,1,0,4,1,2021-22,Playoffs
0042100231,1610612744,Golden State,Warriors,GSW,warriors,201939,Stephen,Curry,S. Curry,stephen-curry,G,,30,37:05,8,3,5,2,22,18,17,40,1,1,5,3,2021-22,Playoffs
0042100231,1610612744,Golden State,Warriors,GSW,warriors,1629673,Jordan,Poole,J. Poole,jordan-poole,,,3,37:29,8,8,7,14,21,19,16,38,2,2,3,3,2021-22,Playoffs
0042100231,1610612744,Golden State,Warriors,GSW,warriors,203490,Otto,Porter Jr.,O. Porter Jr.,otto-porter-jr,,,32,22:32,0,2,0,2,9,11,7,14,0,0,2,2,2021-22,Playoffs
0042100231,1610612744,Golden State,Warriors,GSW,warriors,1626172,Kevon,Looney,K. Looney,kevon-looney,,,5,18:44,0,2,0,8,9,8,12,22,0,1,2,1,2021-22,Playoffs
0042100231,1610612744,Golden State,Warriors,GSW,warriors,1627814,Damion,Lee,D. Lee,damion-lee,,,1,3:29,0,0,0,0,0,0,0,4,0,0,0,0,2021-22,Playoffs
0042100231,1610612744,Golden State,Warriors,GSW,warriors,1630228,Jonathan,Kuminga,J. Kuminga,jonathan-kuminga,,,00,15:28,2,2,2,4,7,4,4,14,0,0,2,1,2021-22,Playoffs
0042100231,1610612744,Golden State,Warriors,GSW,warriors,1629308,Juan,Toscano-Anderson,J. Toscano-Anderson,juan-toscano-anderson,,,95,0:04,0,0,0,0,0,0,0,0,0,0,0,0,2021-22,Playoffs
0042100231,1610612744,Golden State,Warriors,GSW,warriors,202357,Nemanja,Bjelica,N. Bjelica,nemanja-bjelica,,DNP - Coach's Decision,8,,0,0,0,0,0,0,0,0,0,0,0,0,2021-22,Playoffs
0042100231,1610612744,Golden State,Warriors,GSW,warriors,1630541,Moses,Moody,M. Moody,moses-moody,,DNP - Coach's Decision,4,,0,0,0,0,0,0,0,0,0,0,0,0,2021-22,Playoffs
0042100231,1610612763,Memphis,Grizzlies,MEM,grizzlies,1628415,Dillon,Brooks,D. Brooks,dillon-brooks,F,,24,30:18,0,3,0,2,10,14,9,32,0,0,5,2,2021-22,Playoffs
0042100231,1610612763,Memphis,Grizzlies,MEM,grizzlies,1628991,Jaren,Jackson Jr.,J. Jackson Jr.,jaren-jackson-jr,F,,13,30:49,2,4,3,8,22,8,18,34,1,1,3,8,2021-22,Playoffs
0042100231,1610612763,Memphis,Grizzlies,MEM,grizzlies,1630214,Xavier,Tillman,X. Tillman,xavier-tillman,C,,2,13:05,0,0,0,2,7,7,7,18,0,0,1,0,2021-22,Playoffs
0042100231,1610612763,Memphis,Grizzlies,MEM,grizzlies,1630217,Desmond,Bane,D. Bane,desmond-bane,G,,22,32:28,3,1,1,0,22,15,16,34,0,1,1,2,2021-22,Playoffs
0042100231,1610612763,Memphis,Grizzlies,MEM,grizzlies,1629630,Ja,Morant,J. Morant,ja-morant,G,,12,38:29,8,7,6,20,20,15,15,48,0,3,3,5,2021-22,Playoffs
0042100231,1610612763,Memphis,Grizzlies,MEM,grizzlies,203937,Kyle,Anderson,K. Anderson,kyle-anderson,,,1,18:31,0,0,0,0,4,18,2,26,1,0,2,2,2021-22,Playoffs
0042100231,1610612763,Memphis,Grizzlies,MEM,grizzlies,1629634,Brandon,Clarke,B. Clarke,brandon-clarke,,,15,30:35,5,0,2,8,15,19,7,32,2,1,2,4,2021-22,Playoffs
0042100231,1610612763,Memphis,Grizzlies,MEM,grizzlies,1629001,De'Anthony,Melton,D. Melton,deanthony-melton,,,0,24:60,6,7,5,4,10,8,8,34,1,0,0,1,2021-22,Playoffs
0042100231,1610612763,Memphis,Grizzlies,MEM,grizzlies,1626145,Tyus,Jones,T. Jones,tyus-jones,,,21,12:00,2,0,0,0,6,13,5,14,0,0,0,0,2021-22,Playoffs
0042100231,1610612763,Memphis,Grizzlies,MEM,grizzlies,1629723,John,Konchar,J. Konchar,john-konchar,,,46,8:45,0,0,0,0,4,13,3,8,1,0,2,1,2021-22,Playoffs
0042100231,1610612763,Memphis,Grizzlies,MEM,grizzlies,1629633,Jarrett,Culver,J. Culver,jarrett-culver,,DNP - Coach's Decision,23,,0,0,0,0,0,0,0,0,0,0,0,0,2021-22,Playoffs
0042100231,1610612763,Memphis,Grizzlies,MEM,grizzlies,1630533,Ziaire,Williams,Z. Williams,ziaire-williams,,DND - Injury/Illness,8,,0,0,0,0,0,0,0,0,0,0,0,0,2021-22,Playoffs
0042100232,1610612744,Golden State,Warriors,GSW,warriors,202691,Klay,Thompson,K. Thompson,klay-thompson,F,,11,41:10,0,0,5,4,15,8,16,34,0,0,2,0,2021-22,Playoffs
0042100232,1610612744,Golden State,Warriors,GSW,warriors,203952,Andrew,Wiggins,A. Wiggins,andrew-wiggins,F,,22,38:06,4,5,0,10,10,10,9,32,1,0,3,6,2021-22,Playoffs
0042100232,1610612744,Golden State,Warriors,GSW,warriors,203110,Draymond,Green,D. Green,draymond-green,C,,23,32:22,0,0,2,6,13,7,9,30,1,1,5,1,2021-22,Playoffs
0042100232,1610612744,Golden State,Warriors,GSW,warriors,1627780,Gary,Payton II,G. Payton II,gary-payton-ii,G,,0,2:52,0,0,1,0,3,0,0,2,0,0,0,1,2021-22,Playoffs
0042100232,1610612744,Golden State,Warriors,GSW,warriors,201939,Stephen,Curry,S. Curry,stephen-curry,G,,30,39:26,2,7,0,12,15,10,15,36,0,3,1,4,2021-22,Playoffs
0042100232,1610612744,Golden State,Warriors,GSW,warriors,1629673,Jordan,Poole,J. Poole,jordan-poole,,,3,33:45,2,6,2,14,2,7,15,34,0,1,5,4,2021-22,Playoffs
0042100232,1610612744,Golden State,Warriors,GSW,warriors,1626172,Kevon,Looney,K. Looney,kevon-looney,,,5,8:56,0,0,0,4,2,0,6,10,0,0,1,1,2021-22,Playoffs
0042100232,1610612744,Golden State,Warriors,GSW,warriors,1627814,Damion,Lee,D. Lee,damion-lee,,,1,8:06,0,0,0,2,5,0,5,8,0,0,0,0,2021-22,Playoffs
0042100232,1610612744,Golden State,Warriors,GSW,warriors,203490,Otto,Porter Jr.,O. Porter Jr.,otto-porter-jr,,,32,21:13,0,2,0,2,7,3,5,16,0,0,3,3,2021-22,Playoffs
0042100232,1610612744,Golden State,Warriors,GSW,warriors,1630228,Jonathan,Kuminga,J. Kuminga,jonathan-kuminga,,,00,14:02,4,0,0,6,3,5,10,8,0,1,0,3,2021-22,Playoffs
0042100232,1610612744,Golden State,Warriors,GSW,warriors,1629308,Juan,Toscano-Anderson,J. Toscano-Anderson,juan-toscano-anderson,,,95,0:02,0,0,0,0,0,0,0,0,0,0,0,0,2021-22,Playoffs
0042100232,1610612744,Golden State,Warriors,GSW,warriors,202357,Nemanja,Bjelica,N. Bjelica,nemanja-bjelica,,DNP - Coach's Decision,8,,0,0,0,0,0,0,0,0,0,0,0,0,2021-22,Playoffs
0042100232,1610612744,Golden State,Warriors,GSW,warriors,1630541,Moses,Moody,M. Moody,moses-moody,,DNP - Coach's Decision,4,,0,0,0,0,0,0,0,0,0,0,0,0,2021-22,Playoffs
0042100232,1610612763,Memphis,Grizzlies,MEM,grizzlies,1628415,Dillon,Brooks,D. Brooks,dillon-brooks,F,,24,2:52,0,0,0,0,0,0,1,0,0,0,1,0,2021-22,Playoffs
0042100232,1610612763,Memphis,Grizzlies,MEM,grizzlies,1628991,Jaren,Jackson Jr.,J. Jackson Jr.,jaren-jackson-jr,F,,13,28:36,0,0,2,2,4,11,10,30,2,1,6,4,2021-22,Playoffs
0042100232,1610612763,Memphis,Grizzlies,MEM,grizzlies,1630214,Xavier,Tillman,X. Tillman,xavier-tillman,C,,2,13:05,2,0,2,6,4,0,8,14,0,0,1,1,2021-22,Playoffs
0042100232,1610612763,Memphis,Grizzlies,MEM,grizzlies,1630217,Desmond,Bane,D. Bane,desmond-bane,G,,22,32:14,0,3,0,2,8,12,10,36,0,0,0,1,2021-22,Playoffs
0042100232,1610612763,Memphis,Grizzlies,MEM,grizzlies,1629630,Ja,Morant,J. Morant,ja-morant,G,,12,40:35,10,5,6,18,10,14,10,52,0,1,2,8,2021-22,Playoffs
0042100232,1610612763,Memphis,Grizzlies,MEM,grizzlies,1629001,De'Anthony,Melton,D. Melton,deanthony-melton,,,0,25:58,0,0,0,0,8,8,3,40,3,0,2,0,2021-22,Playoffs
0042100232,1610612763,Memphis,Grizzlies,MEM,grizzlies,1629634,Brandon,Clarke,B. Clarke,brandon-clarke,,,15,27:25,0,0,2,8,8,20,0,38,1,0,4,3,2021-22,Playoffs
0042100232,1610612763,Memphis,Grizzlies,MEM,grizzlies,1630533,Ziaire,Williams,Z. Williams,ziaire-williams,,,8,28:03,3,2,3,2,10,7,4,46,0,0,3,1,2021-22,Playoffs
0042100232,1610612763,Memphis,Grizzlies,MEM,grizzlies,203937,Kyle,Anderson,K. Anderson,kyle-anderson,,,1,16:09,0,0,0,2,4,9,2,20,0,0,4,1,2021-22,Playoffs
0042100232,1610612763,Memphis,Grizzlies,MEM,grizzlies,1626145,Tyus,Jones,T. Jones,tyus-jones,,,21,20:43,0,0,3,2,4,13,2,20,0,0,0,1,2021-22,Playoffs
0042100232,1610612763,Memphis,Grizzlies,MEM,grizzlies,1629723,John,Konchar,J. Konchar,john-konchar,,,46,4:20,0,0,0,0,0,6,0,4,0,0,0,0,2021-22,Playoffs
0042100232,1610612763,Memphis,Grizzlies,MEM,grizzlies,1629633,Jarrett,Culver,J. Culver,jarrett-culver,,DNP - Coach's Decision,23,,0,0,0,0,0,0,0,0,0,0,0,0,2021-22,Playoffs
0042100233,1610612763,Memphis,Grizzlies,MEM,grizzlies,1630533,Ziaire,Williams,Z. Williams,ziaire-williams,F,,8,29:52,2,0,4,4,11,7,12,38,0,1,3,1,2021-22,Playoffs
0042100233,1610612763,Memphis,Grizzlies,MEM,grizzlies,1628991,Jaren,Jackson Jr.,J. Jackson Jr.,jaren-jackson-jr,F,,13,28:41,1,0,0,0,9,9,5,36,0,1,3,7,2021-22,Playoffs
0042100233,1610612763,Memphis,Grizzlies,MEM,grizzlies,1630214,Xavier,Tillman,X. Tillman,xavier-tillman,C,,2,21:32,3,0,0,2,6,4,8,24,1,0,2,0,2021-22,Playoffs
0042100233,1610612763,Memphis,Grizzlies,MEM,grizzlies,1630217,Desmond,Bane,D. Bane,desmond-bane,G,,22,29:41,3,5,3,2,9,9,5,40,1,1,4,3,2021-22,Playoffs
0042100233,1610612763,Memphis,Grizzlies,MEM,grizzlies,1629630,Ja,Morant,J. Morant,ja-morant,G,,12,36:10,5,0,8,14,9,11,12,48,0,0,1,6,2021-22,Playoffs
0042100233,1610612763,Memphis,Grizzlies,MEM,grizzlies,1629001,De'Anthony,Melton,D. Melton,deanthony-melton,,,0,27:29,3,0,3,8,9,5,10,34,0,0,1,1,2021-22,Playoffs
0042100233,1610612763,Memphis,Grizzlies,MEM,grizzlies,1629634,Brandon,Clarke,B. Clarke,brandon-clarke,,,15,16:35,4,2,0,2,8,4,10,28,0,1,3,3,2021-22,Playoffs
0042100233,1610612763,Memphis,Grizzlies,MEM,grizzlies,203937,Kyle,Anderson,K. Anderson,kyle-anderson,,,1,16:14,0,0,0,6,2,2,2,20,2,0,2,0,2021-22,Playoffs
0042100233,1610612763,Memphis,Grizzlies,MEM,grizzlies,1626145,Tyus,Jones,T. Jones,tyus-jones,,,21,13:23,2,0,0,0,8,4,2,22,0,0,0,1,2021-22,Playoffs
0042100233,1610612763,Memphis,Grizzlies,MEM,grizzlies,1629723,John,Konchar,J. Konchar,john-konchar,,,46,9:10,0,0,0,0,5,0,3,8,0,0,0,0,2021-22,Playoffs
0042100233,1610612763,Memphis,Grizzlies,MEM,grizzlies,203500,Steven,Adams,S. Adams,steven-adams,,,4,5:37,0,1,0,2,2,0,3,6,0,0,0,1,2021-22,Playoffs
0042100233,1610612763,Memphis,Grizzlies,MEM,grizzlies,1629633,Jarrett,Culver,J. Culver,jarrett-culver,,,23,5:37,0,0,2,4,2,0,3,6,0,0,1,1,2021-22,Playoffs
0042100233,1610612763,Memphis,Grizzlies,MEM,grizzlies,1628415,Dillon,Brooks,D. Brooks,dillon-brooks,,DNP - League Suspension,24,,0,0,0,0,0,0,0,0,0,0,0,0,2021-22,Playoffs
0042100233,1610612744,Golden State,Warriors,GSW,warriors,203952,Andrew,Wiggins,A. Wiggins,andrew-wiggins,F,,22,25:39,0,2,6,10,15,5,15,22,1,1,5,2,2021-22,Playoffs
0042100233,1610612744,Golden State,Warriors,GSW,warriors,1630228,Jonathan,Kuminga,J. Kuminga,jonathan-kuminga,F,,00,17:35,2,2,2,10,10,1,13,18,0,0,4,0,2021-22,Playoffs
0042100233,1610612744,Golden State,Warriors,GSW,warriors,203110,Draymond,Green,D. Green,draymond-green,C,,23,26:47,0,0,0,4,9,5,13,22,1,0,4,4,2021-22,Playoffs
0042100233,1610612744,Golden State,Warriors,GSW,warriors,202691,Klay,Thompson,K. Thompson,klay-thompson,G,,11,35:04,0,3,3,4,18,4,15,32,0,1,1,1,2021-22,Playoffs
0042100233,1610612744,Golden State,Warriors,GSW,warriors,201939,Stephen,Curry,S. Curry,stephen-curry,G,,30,34:42,4,0,2,10,15,7,15,28,0,1,2,8,2021-22,Playoffs
0042100233,1610612744,Golden State,Warriors,GSW,warriors,203490,Otto,Porter Jr.,O. Porter Jr.,otto-porter-jr,,,32,24:24,0,2,0,4,8,5,0,16,2,0,2,0,2021-22,Playoffs
0042100233,1610612744,Golden State,Warriors,GSW,warriors,1629673,Jordan,Poole,J. Poole,jordan-poole,,,3,31:09,10,0,2,12,9,7,5,24,0,0,1,2,2021-22,Playoffs
0042100233,1610612744,Golden State,Warriors,GSW,warriors,1626172,Kevon,Looney,K. Looney,kevon-looney,,,5,17:01,0,2,0,6,11,2,2,14,0,0,2,1,2021-22,Playoffs
0042100233,1610612744,Golden State,Warriors,GSW,warriors,1627814,Damion,Lee,D. Lee,damion-lee,,,1,14:33,0,0,0,0,8,1,7,18,0,0,1,2,2021-22,Playoffs
0042100233,1610612744,Golden State,Warriors,GSW,warriors,1629308,Juan,Toscano-Anderson,J. Toscano-Anderson,juan-toscano-anderson,,,95,4:43,0,0,0,0,6,1,5,10,0,1,0,0,2021-22,Playoffs
0042100233,1610612744,Golden State,Warriors,GSW,warriors,202357,Nemanja,Bjelica,N. Bjelica,nemanja-bjelica,,,8,4:12,0,0,0,0,3,1,5,8,0,0,1,0,2021-22,Playoffs
0042100233,1610612744,Golden State,Warriors,GSW,warriors,1630541,Moses,Moody,M. Moody,moses-moody,,,4,4:12,0,0,0,2,3,1,5,8,0,0,1,0,2021-22,Playoffs
0042100234,1610612763,Memphis,Grizzlies,MEM,grizzlies,1628415,Dillon,Brooks,D. Brooks,dillon-brooks,F,,24,39:01,0,2,0,6,13,10,13,36,1,1,5,0,2021-22,Playoffs
0042100234,1610612763,Memphis,Grizzlies,MEM,grizzlies,1628991,Jaren,Jackson Jr.,J. Jackson Jr.,jaren-jackson-jr,F,,13,33:53,0,2,0,14,15,11,10,24,5,3,5,5,2021-22,Playoffs
0042100234,1610612763,Memphis,Grizzlies,MEM,grizzlies,203500,Steven,Adams,S. Adams,steven-adams,C,,4,27:13,4,4,2,10,0,9,4,24,1,1,2,0,2021-22,Playoffs
0042100234,1610612763,Memphis,Grizzlies,MEM,grizzlies,1630217,Desmond,Bane,D. Bane,desmond-bane,G,,22,36:40,0,0,5,2,12,11,10,28,0,1,2,3,2021-22,Playoffs
0042100234,1610612763,Memphis,Grizzlies,MEM,grizzlies,1626145,Tyus,Jones,T. Jones,tyus-jones,G,,21,41:11,3,3,0,8,11,11,13,36,1,0,0,1,2021-22,Playoffs
0042100234,1610612763,Memphis,Grizzlies,MEM,grizzlies,203937,Kyle,Anderson,K. Anderson,kyle-anderson,,,1,22:48,0,4,0,10,10,6,9,24,1,0,2,4,2021-22,Playoffs
0042100234,1610612763,Memphis,Grizzlies,MEM,grizzlies,1630533,Ziaire,Williams,Z. Williams,ziaire-williams,,,8,18:26,2,0,4,4,7,5,3,20,0,0,0,0,2021-22,Playoffs
0042100234,1610612763,Memphis,Grizzlies,MEM,grizzlies,1629634,Brandon,Clarke,B. Clarke,brandon-clarke,,,15,11:37,2,0,2,4,5,0,3,12,1,1,3,1,2021-22,Playoffs
0042100234,1610612763,Memphis,Grizzlies,MEM,grizzlies,1629001,De'Anthony,Melton,D. Melton,deanthony-melton,,,0,9:12,0,0,0,0,2,2,0,6,0,0,0,1,2021-22,Playoffs
0042100234,1610612763,Memphis,Grizzlies,MEM,grizzlies,1629633,Jarrett,Culver,J. Culver,jarrett-culver,,DNP - Coach's Decision,23,,0,0,0,0,0,0,0,0,0,0,0,0,2021-22,Playoffs
0042100234,1610612763,Memphis,Grizzlies,MEM,grizzlies,1629723,John,Konchar,J. Konchar,john-konchar,,DNP - Coach's Decision,46,,0,0,0,0,0,0,0,0,0,0,0,0,2021-22,Playoffs
0042100234,1610612763,Memphis,Grizzlies,MEM,grizzlies,1630214,Xavier,Tillman,X. Tillman,xavier-tillman,,DNP - Coach's Decision,2,,0,0,0,0,0,0,0,0,0,0,0,0,2021-22,Playoffs
0042100234,1610612744,Golden State,Warriors,GSW,warriors,203952,Andrew,Wiggins,A. Wiggins,andrew-wiggins,F,,22,39:27,0,4,2,8,9,12,9,52,2,1,0,3,2021-22,Playoffs
0042100234,1610612744,Golden State,Warriors,GSW,warriors,1630228,Jonathan,Kuminga,J. Kuminga,jonathan-kuminga,F,,00,5:28,0,0,0,0,5,0,2,10,1,0,0,0,2021-22,Playoffs
0042100234,1610612744,Golden State,Warriors,GSW,warriors,203110,Draymond,Green,D. Green,draymond-green,C,,23,32:49,0,0,0,2,7,12,5,40,1,0,5,2,2021-22,Playoffs
0042100234,1610612744,Golden State,Warriors,GSW,warriors,202691,Klay,Thompson,K. Thompson,klay-thompson,G,,11,38:25,0,2,0,6,9,13,9,46,2,4,0,1,2021-22,Playoffs
0042100234,1610612744,Golden State,Warriors,GSW,warriors,201939,Stephen,Curry,S. Curry,stephen-curry,G,,30,37:42,9,0,7,10,9,12,11,50,0,1,3,5,2021-22,Playoffs
0042100234,1610612744,Golden State,Warriors,GSW,warriors,1629673,Jordan,Poole,J. Poole,jordan-poole,,,3,32:13,4,2,2,8,4,7,8,32,0,3,3,4,2021-22,Playoffs
0042100234,1610612744,Golden State,Warriors,GSW,warriors,203490,Otto,Porter Jr.,O. Porter Jr.,otto-porter-jr,,,32,25:34,0,3,0,0,4,11,7,26,0,0,3,1,2021-22,Playoffs
0042100234,1610612744,Golden State,Warriors,GSW,warriors,1626172,Kevon,Looney,K. Looney,kevon-looney,,,5,15:11,2,2,0,6,4,3,8,18,1,1,1,2,2021-22,Playoffs
0042100234,1610612744,Golden State,Warriors,GSW,warriors,1627814,Damion,Lee,D. Lee,damion-lee,,,1,13:11,0,0,2,2,4,5,6,16,0,0,0,1,2021-22,Playoffs
0042100234,1610612744,Golden State,Warriors,GSW,warriors,202357,Nemanja,Bjelica,N. Bjelica,nemanja-bjelica,,DNP - Coach's Decision,8,,0,0,0,0,0,0,0,0,0,0,0,0,2021-22,Playoffs
0042100234,1610612744,Golden State,Warriors,GSW,warriors,1630541,Moses,Moody,M. Moody,moses-moody,,DNP - Coach's Decision,4,,0,0,0,0,0,0,0,0,0,0,0,0,2021-22,Playoffs
0042100234,1610612744,Golden State,Warriors,GSW,warriors,1629308,Juan,Toscano-Anderson,J. Toscano-Anderson,juan-toscano-anderson,,DNP - Coach's Decision,95,,0,0,0,0,0,0,0,0,0,0,0,0,2021-22,Playoffs
0042100235,1610612744,Golden State,Warriors,GSW,warriors,203952,Andrew,Wiggins,A. Wiggins,andrew-wiggins,F,,22,19:25,0,0,0,0,21,14,8,24,1,1,3,0,2021-22,Playoffs
0042100235,1610612744,Golden State,Warriors,GSW,warriors,1630228,Jonathan,Kuminga,J. Kuminga,jonathan-kuminga,F,,00,23:54,0,2,0,14,2,3,8,18,0,1,2,2,2021-22,Playoffs
0042100235,1610612744,Golden State,Warriors,GSW,warriors,203110,Draymond,Green,D. Green,draymond-green,C,,23,22:14,2,0,2,4,21,15,8,26,1,0,3,3,2021-22,Playoffs
0042100235,1610612744,Golden State,Warriors,GSW,warriors,202691,Klay,Thompson,K. Thompson,klay-thompson,G,,11,25:21,5,0,0,6,15,18,9,30,0,0,3,1,2021-22,Playoffs
0042100235,1610612744,Golden State,Warriors,GSW,warriors,201939,Stephen,Curry,S. Curry,stephen-curry,G,,30,25:00,0,0,3,2,23,15,11,28,0,0,1,5,2021-22,Playoffs
0042100235,1610612744,Golden State,Warriors,GSW,warriors,1629673,Jordan,Poole,J. Poole,jordan-poole,,,3,19:57,0,0,0,0,24,17,11,28,1,1,3,1,2021-22,Playoffs
0042100235,1610612744,Golden State,Warriors,GSW,warriors,203490,Otto,Porter Jr.,O. Porter Jr.,otto-porter-jr,,,32,12:17,0,0,0,0,9,7,3,16,0,0,2,0,2021-22,Playoffs
0042100235,1610612744,Golden State,Warriors,GSW,warriors,1626172,Kevon,Looney,K. Looney,kevon-looney,,,5,15:49,0,0,0,2,17,8,8,26,0,0,2,0,2021-22,Playoffs
0042100235,1610612744,Golden State,Warriors,GSW,warriors,1627814,Damion,Lee,D. Lee,damion-lee,,,1,23:38,0,3,0,2,7,10,5,22,0,0,2,2,2021-22,Playoffs
0042100235,1610612744,Golden State,Warriors,GSW,warriors,202357,Nemanja,Bjelica,N. Bjelica,nemanja-bjelica,,,8,19:40,0,0,0,0,4,10,5,10,0,1,2,1,2021-22,Playoffs
0042100235,1610612744,Golden State,Warriors,GSW,warriors,1630541,Moses,Moody,M. Moody,moses-moody,,,4,17:01,0,0,2,4,2,3,2,12,1,0,0,1,2021-22,Playoffs
0042100235,1610612744,Golden State,Warriors,GSW,warriors,1629308,Juan,Toscano-Anderson,J. Toscano-Anderson,juan-toscano-anderson,,,95,15:44,3,0,2,2,0,0,2,10,1,0,0,1,2021-22,Playoffs
0042100235,1610612763,Memphis,Grizzlies,MEM,grizzlies,1628415,Dillon,Brooks,D. Brooks,dillon-brooks,F,,24,24:14,2,1,0,6,5,0,5,14,0,0,2,3,2021-22,Playoffs
0042100235,1610612763,Memphis,Grizzlies,MEM,grizzlies,1628991,Jaren,Jackson Jr.,J. Jackson Jr.,jaren-jackson-jr,F,,13,25:12,3,6,3,4,5,0,5,12,2,0,3,4,2021-22,Playoffs
0042100235,1610612763,Memphis,Grizzlies,MEM,grizzlies,203500,Steven,Adams,S. Adams,steven-adams,C,,4,21:49,4,3,0,4,5,0,5,12,0,2,1,3,2021-22,Playoffs
0042100235,1610612763,Memphis,Grizzlies,MEM,grizzlies,1630217,Desmond,Bane,D. Bane,desmond-bane,G,,22,24:08,2,0,3,2,7,0,2,14,0,1,1,3,2021-22,Playoffs
0042100235,1610612763,Memphis,Grizzlies,MEM,grizzlies,1626145,Tyus,Jones,T. Jones,tyus-jones,G,,21,24:25,8,6,3,6,5,0,5,12,1,0,1,2,2021-22,Playoffs
0042100235,1610612763,Memphis,Grizzlies,MEM,grizzlies,1630533,Ziaire,Williams,Z. Williams,ziaire-williams,,,8,22:42,0,2,0,2,5,5,5,20,0,0,2,4,2021-22,Playoffs
0042100235,1610612763,Memphis,Grizzlies,MEM,grizzlies,203937,Kyle,Anderson,K. Anderson,kyle-anderson,,,1,19:06,1,0,0,6,5,3,4,18,0,0,0,1,2021-22,Playoffs
0042100235,1610612763,Memphis,Grizzlies,MEM,grizzlies,1629634,Brandon,Clarke,B. Clarke,brandon-clarke,,,15,14:11,2,4,0,10,5,0,0,6,0,0,0,2,2021-22,Playoffs
0042100235,1610612763,Memphis,Grizzlies,MEM,grizzlies,1629001,De'Anthony,Melton,D. Melton,deanthony-melton,,,0,24:18,7,2,5,4,5,2,2,16,1,0,0,0,2021-22,Playoffs
0042100235,1610612763,Memphis,Grizzlies,MEM,grizzlies,1629723,John,Konchar,J. Konchar,john-konchar,,,46,15:55,0,0,2,4,3,5,4,20,0,0,3,1,2021-22,Playoffs
0042100235,1610612763,Memphis,Grizzlies,MEM,grizzlies,1629633,Jarrett,Culver,J. Culver,jarrett-culver,,,23,12:00,0,0,0,0,0,5,4,18,0,1,3,0,2021-22,Playoffs
0042100235,1610612763,Memphis,Grizzlies,MEM,grizzlies,1630214,Xavier,Tillman,X. Tillman,xavier-tillman,,,2,12:00,0,0,0,2,0,5,4,18,0,1,1,0,2021-22,Playoffs
0042100236,1610612763,Memphis,Grizzlies,MEM,grizzlies,1628415,Dillon,Brooks,D. Brooks,dillon-brooks,F,,24,39:08,10,5,3,6,5,12,21,34,1,3,1,3,2021-22,Playoffs
0042100236,1610612763,Memphis,Grizzlies,MEM,grizzlies,1628991,Jaren,Jackson Jr.,J. Jackson Jr.,jaren-jackson-jr,F,,13,37:34,2,0,0,8,7,15,21,28,4,1,2,2,2021-22,Playoffs
0042100236,1610612763,Memphis,Grizzlies,MEM,grizzlies,203500,Steven,Adams,S. Adams,steven-adams,C,,4,28:29,0,3,0,2,5,12,19,24,0,0,2,5,2021-22,Playoffs
0042100236,1610612763,Memphis,Grizzlies,MEM,grizzlies,1630217,Desmond,Bane,D. Bane,desmond-bane,G,,22,44:21,4,0,7,8,7,21,21,32,1,3,3,2,2021-22,Playoffs
0042100236,1610612763,Memphis,Grizzlies,MEM,grizzlies,1626145,Tyus,Jones,T. Jones,tyus-jones,G,,21,35:57,0,2,3,2,7,15,23,30,0,2,2,2,2021-22,Playoffs
0042100236,1610612763,Memphis,Grizzlies,MEM,grizzlies,203937,Kyle,Anderson,K. Anderson,kyle-anderson,,,1,10:26,0,0,0,0,0,6,2,8,0,0,1,0,2021-22,Playoffs
0042100236,1610612763,Memphis,Grizzlies,MEM,grizzlies,1630533,Ziaire,Williams,Z. Williams,ziaire-williams,,,8,13:22,2,0,0,2,2,9,4,4,0,0,0,0,2021-22,Playoffs
0042100236,1610612763,Memphis,Grizzlies,MEM,grizzlies,1629634,Brandon,Clarke,B. Clarke,brandon-clarke,,,15,19:31,0,2,2,4,2,9,4,12,0,0,0,3,2021-22,Playoffs
0042100236,1610612763,Memphis,Grizzlies,MEM,grizzlies,1629001,De'Anthony,Melton,D. Melton,deanthony-melton,,,0,11:12,0,0,0,2,0,6,0,8,0,1,1,0,2021-22,Playoffs
0042100236,1610612763,Memphis,Grizzlies,MEM,grizzlies,1629633,Jarrett,Culver,J. Culver,jarrett-culver,,DNP - Coach's Decision,23,,0,0,0,0,0,0,0,0,0,0,0,0,2021-22,Playoffs
0042100236,1610612763,Memphis,Grizzlies,MEM,grizzlies,1629723,John,Konchar,J. Konchar,john-konchar,,DNP - Coach's Decision,46,,0,0,0,0,0,0,0,0,0,0,0,0,2021-22,Playoffs
0042100236,1610612763,Memphis,Grizzlies,MEM,grizzlies,1630214,Xavier,Tillman,X. Tillman,xavier-tillman,,DNP - Coach's Decision,2,,0,0,0,0,0,0,0,0,0,0,0,0,2021-22,Playoffs
0042100236,1610612744,Golden State,Warriors,GSW,warriors,203952,Andrew,Wiggins,A. Wiggins,andrew-wiggins,F,,22,41:18,2,5,4,6,15,12,11,24,3,3,2,3,2021-22,Playoffs
0042100236,1610612744,Golden State,Warriors,GSW,warriors,203110,Draymond,Green,D. Green,draymond-green,F,,23,38:45,0,2,6,12,13,10,11,24,0,2,4,1,2021-22,Playoffs
0042100236,1610612744,Golden State,Warriors,GSW,warriors,1626172,Kevon,Looney,K. Looney,kevon-looney,C,,5,35:12,0,2,0,4,10,10,10,22,1,0,4,0,2021-22,Playoffs
0042100236,1610612744,Golden State,Warriors,GSW,warriors,202691,Klay,Thompson,K. Thompson,klay-thompson,G,,11,42:06,3,6,8,2,13,9,15,32,3,0,2,0,2021-22,Playoffs
0042100236,1610612744,Golden State,Warriors,GSW,warriors,201939,Stephen,Curry,S. Curry,stephen-curry,G,,30,40:13,2,3,5,8,18,10,13,22,2,0,3,3,2021-22,Playoffs
0042100236,1610612744,Golden State,Warriors,GSW,warriors,1629673,Jordan,Poole,J. Poole,jordan-poole,,,3,24:18,0,0,0,4,16,7,7,24,1,1,0,4,2021-22,Playoffs
0042100236,1610612744,Golden State,Warriors,GSW,warriors,1627814,Damion,Lee,D. Lee,damion-lee,,,1,10:30,0,3,0,0,2,2,4,12,0,0,1,1,2021-22,Playoffs
0042100236,1610612744,Golden State,Warriors,GSW,warriors,202357,Nemanja,Bjelica,N. Bjelica,nemanja-bjelica,,,8,7:38,0,0,0,0,3,0,4,10,0,0,1,0,2021-22,Playoffs
0042100236,1610612744,Golden State,Warriors,GSW,warriors,1630228,Jonathan,Kuminga,J. Kuminga,jonathan-kuminga,,DNP - Coach's Decision,00,,0,0,0,0,0,0,0,0,0,0,0,0,2021-22,Playoffs
0042100236,1610612744,Golden State,Warriors,GSW,warriors,1630541,Moses,Moody,M. Moody,moses-moody,,DNP - Coach's Decision,4,,0,0,0,0,0,0,0,0,0,0,0,0,2021-22,Playoffs
0042100236,1610612744,Golden State,Warriors,GSW,warriors,203490,Otto,Porter Jr.,O. Porter Jr.,otto-porter-jr,,DNP - Injury/Illness,32,,0,0,0,0,0,0,0,0,0,0,0,0,2021-22,Playoffs
0042100236,1610612744,Golden State,Warriors,GSW,warriors,1629308,Juan,Toscano-Anderson,J. Toscano-Anderson,juan-toscano-anderson,,DNP - Coach's Decision,95,,0,0,0,0,0,0,0,0,0,0,0,0,2021-22,Playoffs
0042100301,1610612738,Boston,Celtics,BOS,celtics,1628369,Jayson,Tatum,J. Tatum,jayson-tatum,F,,0,44:01,8,0,4,16,19,11,8,34,1,3,1,7,2021-22,Playoffs
0042100301,1610612738,Boston,Celtics,BOS,celtics,1629684,Grant,Williams,G. Williams,grant-williams,F,,12,34:30,0,0,2,2,17,9,11,34,0,1,5,1,2021-22,Playoffs
0042100301,1610612738,Boston,Celtics,BOS,celtics,1629057,Robert,Williams III,R. Williams III,robert-williams-iii,C,,44,28:26,1,8,0,12,13,5,7,24,2,2,3,5,2021-22,Playoffs
0042100301,1610612738,Boston,Celtics,BOS,celtics,1627759,Jaylen,Brown,J. Brown,jaylen-brown,G,,7,42:47,3,2,3,4,13,9,9,36,0,3,3,8,2021-22,Playoffs
0042100301,1610612738,Boston,Celtics,BOS,celtics,1628401,Derrick,White,D. White,derrick-white,G,,9,28:59,0,0,2,2,14,7,10,36,1,1,4,2,2021-22,Playoffs
0042100301,1610612738,Boston,Celtics,BOS,celtics,1628464,Daniel,Theis,D. Theis,daniel-theis,,,27,19:34,2,4,0,8,6,6,6,16,1,0,2,0,2021-22,Playoffs
0042100301,1610612738,Boston,Celtics,BOS,celtics,1630202,Payton,Pritchard,P. Pritchard,payton-pritchard,,,11,30:23,3,3,8,4,9,4,9,18,0,1,2,1,2021-22,Playoffs
0042100301,1610612738,Boston,Celtics,BOS,celtics,1630174,Aaron,Nesmith,A. Nesmith,aaron-nesmith,,,26,11:20,0,0,0,0,4,4,5,2,3,1,3,0,2021-22,Playoffs
0042100301,1610612738,Boston,Celtics,BOS,celtics,1630238,Malik,Fitts,M. Fitts,malik-fitts,,DNP - Coach's Decision,8,,0,0,0,0,0,0,0,0,0,0,0,0,2021-22,Playoffs
0042100301,1610612738,Boston,Celtics,BOS,celtics,1628436,Luke,Kornet,L. Kornet,luke-kornet,,DNP - Coach's Decision,40,,0,0,0,0,0,0,0,0,0,0,0,0,2021-22,Playoffs
0042100301,1610612738,Boston,Celtics,BOS,celtics,1629752,Juwan,Morgan,J. Morgan,juwan-morgan,,DNP - Coach's Decision,16,,0,0,0,0,0,0,0,0,0,0,0,0,2021-22,Playoffs
0042100301,1610612738,Boston,Celtics,BOS,celtics,203917,Nik,Stauskas,N. Stauskas,nik-stauskas,,DNP - Coach's Decision,13,,0,0,0,0,0,0,0,0,0,0,0,0,2021-22,Playoffs
0042100301,1610612748,Miami,Heat,MIA,heat,202710,Jimmy,Butler III,J. Butler III,jimmy-butler-iii,F,,22,41:20,8,4,6,16,7,10,15,38,3,1,3,11,2021-22,Playoffs
0042100301,1610612748,Miami,Heat,MIA,heat,200782,P.J.,Tucker,P. Tucker,pj-tucker,F,,17,31:16,2,0,0,2,11,15,6,20,0,0,4,1,2021-22,Playoffs
0042100301,1610612748,Miami,Heat,MIA,heat,1628389,Bam,Adebayo,B. Adebayo,bam-adebayo,C,,13,37:29,1,3,0,6,13,15,19,42,4,0,4,4,2021-22,Playoffs
0042100301,1610612748,Miami,Heat,MIA,heat,1629622,Max,Strus,M. Strus,max-strus,G,,31,30:03,2,0,0,2,15,13,13,22,0,1,3,0,2021-22,Playoffs
0042100301,1610612748,Miami,Heat,MIA,heat,1629216,Gabe,Vincent,G. Vincent,gabe-vincent,G,,2,33:43,0,0,0,2,7,10,10,28,3,1,4,2,2021-22,Playoffs
0042100301,1610612748,Miami,Heat,MIA,heat,1629639,Tyler,Herro,T. Herro,tyler-herro,,,14,27:28,2,2,5,6,12,11,13,38,0,1,1,2,2021-22,Playoffs
0042100301,1610612748,Miami,Heat,MIA,heat,203473,Dewayne,Dedmon,D. Dedmon,dewayne-dedmon,,,21,10:31,2,2,0,4,4,2,0,6,1,1,2,1,2021-22,Playoffs
0042100301,1610612748,Miami,Heat,MIA,heat,203506,Victor,Oladipo,V. Oladipo,victor-oladipo,,,4,15:23,0,0,0,0,10,7,9,20,1,2,3,1,2021-22,Playoffs
0042100301,1610612748,Miami,Heat,MIA,heat,1628997,Caleb,Martin,C. Martin,caleb-martin,,,16,12:47,2,0,2,2,6,2,10,26,0,1,0,1,2021-22,Playoffs
0042100301,1610612748,Miami,Heat,MIA,heat,2617,Udonis,Haslem,U. Haslem,udonis-haslem,,DNP - Coach's Decision,40,,0,0,0,0,0,0,0,0,0,0,0,0,2021-22,Playoffs
0042100301,1610612748,Miami,Heat,MIA,heat,1629312,Haywood,Highsmith,H. Highsmith,haywood-highsmith,,DNP - Coach's Decision,24,,0,0,0,0,0,0,0,0,0,0,0,0,2021-22,Playoffs
0042100301,1610612748,Miami,Heat,MIA,heat,202693,Markieff,Morris,M. Morris,markieff-morris,,DNP - Coach's Decision,8,,0,0,0,0,0,0,0,0,0,0,0,0,2021-22,Playoffs
0042100301,1610612748,Miami,Heat,MIA,heat,1629130,Duncan,Robinson,D. Robinson,duncan-robinson,,DNP - Coach's Decision,55,,0,0,0,0,0,0,0,0,0,0,0,0,2021-22,Playoffs
0042100301,1610612748,Miami,Heat,MIA,heat,1630209,Omer,Yurtseven,O. Yurtseven,omer-yurtseven,,DNP - Coach's Decision,77,,0,0,0,0,0,0,0,0,0,0,0,0,2021-22,Playoffs
0042100302,1610612738,Boston,Celtics,BOS,celtics,1628369,Jayson,Tatum,J. Tatum,jayson-tatum,F,,0,31:32,4,0,4,6,6,12,6,24,0,1,2,5,2021-22,Playoffs
0042100302,1610612738,Boston,Celtics,BOS,celtics,201143,Al,Horford,A. Horford,al-horford,F,,42,32:37,0,0,0,2,9,8,5,26,1,0,1,1,2021-22,Playoffs
0042100302,1610612738,Boston,Celtics,BOS,celtics,1629057,Robert,Williams III,R. Williams III,robert-williams-iii,C,,44,19:51,0,3,2,4,4,8,1,12,3,0,3,1,2021-22,Playoffs
0042100302,1610612738,Boston,Celtics,BOS,celtics,1627759,Jaylen,Brown,J. Brown,jaylen-brown,G,,7,33:16,2,4,0,4,9,10,5,28,0,1,4,1,2021-22,Playoffs
0042100302,1610612738,Boston,Celtics,BOS,celtics,203935,Marcus,Smart,M. Smart,marcus-smart,G,,36,40:18,5,0,2,0,9,10,6,32,1,0,1,4,2021-22,Playoffs
0042100302,1610612738,Boston,Celtics,BOS,celtics,1629684,Grant,Williams,G. Williams,grant-williams,,,12,32:12,6,0,4,6,5,8,6,30,0,0,5,5,2021-22,Playoffs
0042100302,1610612738,Boston,Celtics,BOS,celtics,1630202,Payton,Pritchard,P. Pritchard,payton-pritchard,,,11,23:07,3,0,0,4,3,4,1,20,0,0,2,0,2021-22,Playoffs
0042100302,1610612738,Boston,Celtics,BOS,celtics,1630174,Aaron,Nesmith,A. Nesmith,aaron-nesmith,,,26,6:32,0,0,0,0,0,0,2,8,0,1,2,0,2021-22,Playoffs
0042100302,1610612738,Boston,Celtics,BOS,celtics,1628464,Daniel,Theis,D. Theis,daniel-theis,,,27,6:18,0,0,0,2,0,0,2,8,0,0,0,0,2021-22,Playoffs
0042100302,1610612738,Boston,Celtics,BOS,celtics,203917,Nik,Stauskas,N. Stauskas,nik-stauskas,,,13,4:23,0,3,0,0,0,0,2,6,0,0,0,0,2021-22,Playoffs
0042100302,1610612738,Boston,Celtics,BOS,celtics,1628436,Luke,Kornet,L. Kornet,luke-kornet,,,40,4:57,0,0,0,2,0,0,2,8,0,0,0,0,2021-22,Playoffs
0042100302,1610612738,Boston,Celtics,BOS,celtics,1629752,Juwan,Morgan,J. Morgan,juwan-morgan,,,16,4:57,0,1,0,0,0,0,2,8,0,0,1,1,2021-22,Playoffs
0042100302,1610612738,Boston,Celtics,BOS,celtics,1630238,Malik,Fitts,M. Fitts,malik-fitts,,DNP - Coach's Decision,8,,0,0,0,0,0,0,0,0,0,0,0,0,2021-22,Playoffs
0042100302,1610612738,Boston,Celtics,BOS,celtics,1628401,Derrick,White,D. White,derrick-white,,NWT - Personal,9,,0,0,0,0,0,0,0,0,0,0,0,0,2021-22,Playoffs
0042100302,1610612748,Miami,Heat,MIA,heat,202710,Jimmy,Butler III,J. Butler III,jimmy-butler-iii,F,,22,32:29,3,6,6,12,16,7,8,14,0,0,3,6,2021-22,Playoffs
0042100302,1610612748,Miami,Heat,MIA,heat,200782,P.J.,Tucker,P. Tucker,pj-tucker,F,,17,21:42,0,0,0,2,11,7,6,14,0,1,2,1,2021-22,Playoffs
0042100302,1610612748,Miami,Heat,MIA,heat,1628389,Bam,Adebayo,B. Adebayo,bam-adebayo,C,,13,28:43,0,4,0,6,11,7,6,18,0,1,3,3,2021-22,Playoffs
0042100302,1610612748,Miami,Heat,MIA,heat,1629622,Max,Strus,M. Strus,max-strus,G,,31,25:52,0,0,0,0,7,5,6,16,1,0,1,0,2021-22,Playoffs
0042100302,1610612748,Miami,Heat,MIA,heat,1629216,Gabe,Vincent,G. Vincent,gabe-vincent,G,,2,24:15,3,0,0,0,11,4,4,8,0,1,3,1,2021-22,Playoffs
0042100302,1610612748,Miami,Heat,MIA,heat,203473,Dewayne,Dedmon,D. Dedmon,dewayne-dedmon,,,21,12:59,0,0,0,2,7,0,4,4,0,0,2,0,2021-22,Playoffs
0042100302,1610612748,Miami,Heat,MIA,heat,1629639,Tyler,Herro,T. Herro,tyler-herro,,,14,23:40,3,2,0,6,16,5,8,16,1,1,2,3,2021-22,Playoffs
0042100302,1610612748,Miami,Heat,MIA,heat,203506,Victor,Oladipo,V. Oladipo,victor-oladipo,,,4,26:18,0,0,0,2,9,4,6,16,0,0,0,7,2021-22,Playoffs
0042100302,1610612748,Miami,Heat,MIA,heat,1628997,Caleb,Martin,C. Martin,caleb-martin,,,16,17:39,0,0,0,4,4,4,4,16,0,1,1,0,2021-22,Playoffs
0042100302,1610612748,Miami,Heat,MIA,heat,1629130,Duncan,Robinson,D. Robinson,duncan-robinson,,,55,14:19,0,0,2,6,4,4,4,12,1,0,0,0,2021-22,Playoffs
0042100302,1610612748,Miami,Heat,MIA,heat,1630209,Omer,Yurtseven,O. Yurtseven,omer-yurtseven,,,77,6:18,0,0,0,2,2,4,2,8,0,0,0,0,2021-22,Playoffs
0042100302,1610612748,Miami,Heat,MIA,heat,1629312,Haywood,Highsmith,H. Highsmith,haywood-highsmith,,,24,5:46,0,0,0,0,2,4,2,8,0,0,1,0,2021-22,Playoffs
0042100302,1610612748,Miami,Heat,MIA,heat,2617,Udonis,Haslem,U. Haslem,udonis-haslem,,DNP - Coach's Decision,40,,0,0,0,0,0,0,0,0,0,0,0,0,2021-22,Playoffs
0042100302,1610612748,Miami,Heat,MIA,heat,202693,Markieff,Morris,M. Morris,markieff-morris,,DNP - Coach's Decision,8,,0,0,0,0,0,0,0,0,0,0,0,0,2021-22,Playoffs
0042100303,1610612748,Miami,Heat,MIA,heat,202710,Jimmy,Butler III,J. Butler III,jimmy-butler-iii,F,,22,19:29,5,0,2,6,1,6,4,10,0,1,1,3,2021-22,Playoffs
0042100303,1610612748,Miami,Heat,MIA,heat,200782,P.J.,Tucker,P. Tucker,pj-tucker,F,,17,37:48,4,2,0,2,5,16,8,26,1,0,3,4,2021-22,Playoffs
0042100303,1610612748,Miami,Heat,MIA,heat,1628389,Bam,Adebayo,B. Adebayo,bam-adebayo,C,,13,41:30,6,5,4,26,7,18,8,32,1,2,3,6,2021-22,Playoffs
0042100303,1610612748,Miami,Heat,MIA,heat,1629622,Max,Strus,M. Strus,max-strus,G,,31,34:09,4,3,3,4,8,13,8,26,1,3,5,0,2021-22,Playoffs
0042100303,1610612748,Miami,Heat,MIA,heat,200768,Kyle,Lowry,K. Lowry,kyle-lowry,G,,7,29:01,4,2,3,2,5,10,6,20,0,0,2,2,2021-22,Playoffs
0042100303,1610612748,Miami,Heat,MIA,heat,1629216,Gabe,Vincent,G. Vincent,gabe-vincent,,,2,19:26,3,0,0,0,4,11,2,14,1,0,2,0,2021-22,Playoffs
0042100303,1610612748,Miami,Heat,MIA,heat,203473,Dewayne,Dedmon,D. Dedmon,dewayne-dedmon,,,21,3:27,0,0,0,0,2,3,0,0,0,0,3,0,2021-22,Playoffs
0042100303,1610612748,Miami,Heat,MIA,heat,1629639,Tyler,Herro,T. Herro,tyler-herro,,,14,20:13,2,0,0,0,4,5,0,12,0,0,1,1,2021-22,Playoffs
0042100303,1610612748,Miami,Heat,MIA,heat,1628997,Caleb,Martin,C. Martin,caleb-martin,,,16,10:16,0,3,3,4,4,8,0,8,0,0,1,1,2021-22,Playoffs
0042100303,1610612748,Miami,Heat,MIA,heat,1629130,Duncan,Robinson,D. Robinson,duncan-robinson,,,55,4:16,2,0,0,2,0,3,0,6,0,0,2,0,2021-22,Playoffs
0042100303,1610612748,Miami,Heat,MIA,heat,203506,Victor,Oladipo,V. Oladipo,victor-oladipo,,,4,20:25,3,0,0,2,5,12,4,16,0,1,1,4,2021-22,Playoffs
0042100303,1610612748,Miami,Heat,MIA,heat,2617,Udonis,Haslem,U. Haslem,udonis-haslem,,DNP - Coach's Decision,40,,0,0,0,0,0,0,0,0,0,0,0,0,2021-22,Playoffs
0042100303,1610612748,Miami,Heat,MIA,heat,1629312,Haywood,Highsmith,H. Highsmith,haywood-highsmith,,DNP - Coach's Decision,24,,0,0,0,0,0,0,0,0,0,0,0,0,2021-22,Playoffs
0042100303,1610612748,Miami,Heat,MIA,heat,202693,Markieff,Morris,M. Morris,markieff-morris,,DNP - Coach's Decision,8,,0,0,0,0,0,0,0,0,0,0,0,0,2021-22,Playoffs
0042100303,1610612748,Miami,Heat,MIA,heat,1630209,Omer,Yurtseven,O. Yurtseven,omer-yurtseven,,DNP - Coach's Decision,77,,0,0,0,0,0,0,0,0,0,0,0,0,2021-22,Playoffs
0042100303,1610612738,Boston,Celtics,BOS,celtics,1628369,Jayson,Tatum,J. Tatum,jayson-tatum,F,,0,40:44,0,6,2,4,30,9,15,40,0,1,3,2,2021-22,Playoffs
0042100303,1610612738,Boston,Celtics,BOS,celtics,201143,Al,Horford,A. Horford,al-horford,F,,42,41:44,0,0,0,8,30,12,15,42,3,1,2,3,2021-22,Playoffs
0042100303,1610612738,Boston,Celtics,BOS,celtics,1628464,Daniel,Theis,D. Theis,daniel-theis,C,,27,10:46,0,0,0,0,5,5,8,14,0,0,0,2,2021-22,Playoffs
0042100303,1610612738,Boston,Celtics,BOS,celtics,1627759,Jaylen,Brown,J. Brown,jaylen-brown,G,,7,41:44,3,8,6,14,28,15,12,42,1,0,2,7,2021-22,Playoffs
0042100303,1610612738,Boston,Celtics,BOS,celtics,203935,Marcus,Smart,M. Smart,marcus-smart,G,,36,36:38,6,2,0,8,31,15,13,38,0,1,6,6,2021-22,Playoffs
0042100303,1610612738,Boston,Celtics,BOS,celtics,1629684,Grant,Williams,G. Williams,grant-williams,,,12,39:00,0,2,0,0,26,13,4,32,1,1,6,4,2021-22,Playoffs
0042100303,1610612738,Boston,Celtics,BOS,celtics,1628401,Derrick,White,D. White,derrick-white,,,9,14:02,0,0,0,0,8,6,3,12,2,0,1,0,2021-22,Playoffs
0042100303,1610612738,Boston,Celtics,BOS,celtics,1630202,Payton,Pritchard,P. Pritchard,payton-pritchard,,,11,13:17,0,0,0,0,7,0,5,10,0,0,1,0,2021-22,Playoffs
0042100303,1610612738,Boston,Celtics,BOS,celtics,1629752,Juwan,Morgan,J. Morgan,juwan-morgan,,,16,0:25,0,0,0,0,0,0,0,2,0,0,0,0,2021-22,Playoffs
0042100303,1610612738,Boston,Celtics,BOS,celtics,1630238,Malik,Fitts,M. Fitts,malik-fitts,,,8,0:25,0,0,0,0,0,0,0,2,0,0,0,0,2021-22,Playoffs
0042100303,1610612738,Boston,Celtics,BOS,celtics,203917,Nik,Stauskas,N. Stauskas,nik-stauskas,,,13,0:25,0,3,0,0,0,0,0,2,0,0,0,0,2021-22,Playoffs
0042100303,1610612738,Boston,Celtics,BOS,celtics,1630174,Aaron,Nesmith,A. Nesmith,aaron-nesmith,,,26,0:25,0,0,0,0,0,0,0,2,0,0,0,0,2021-22,Playoffs
0042100303,1610612738,Boston,Celtics,BOS,celtics,1628436,Luke,Kornet,L. Kornet,luke-kornet,,,40,0:25,0,0,0,0,0,0,0,2,0,0,0,0,2021-22,Playoffs
0042100304,1610612748,Miami,Heat,MIA,heat,202710,Jimmy,Butler III,J. Butler III,jimmy-butler-iii,F,,22,27:28,0,0,2,4,7,8,7,26,0,3,2,0,2021-22,Playoffs
0042100304,1610612748,Miami,Heat,MIA,heat,200782,P.J.,Tucker,P. Tucker,pj-tucker,F,,17,21:18,0,0,0,0,5,4,5,20,0,1,2,0,2021-22,Playoffs
0042100304,1610612748,Miami,Heat,MIA,heat,1628389,Bam,Adebayo,B. Adebayo,bam-adebayo,C,,13,27:45,0,2,2,6,5,8,9,28,0,1,4,5,2021-22,Playoffs
0042100304,1610612748,Miami,Heat,MIA,heat,1629622,Max,Strus,M. Strus,max-strus,G,,31,14:57,0,0,0,0,3,4,4,20,0,0,3,1,2021-22,Playoffs
0042100304,1610612748,Miami,Heat,MIA,heat,200768,Kyle,Lowry,K. Lowry,kyle-lowry,G,,7,21:25,0,0,0,0,5,6,5,22,2,1,2,1,2021-22,Playoffs
0042100304,1610612748,Miami,Heat,MIA,heat,1629216,Gabe,Vincent,G. Vincent,gabe-vincent,,,2,26:35,0,0,0,0,8,4,4,16,0,1,1,0,2021-22,Playoffs
0042100304,1610612748,Miami,Heat,MIA,heat,203506,Victor,Oladipo,V. Oladipo,victor-oladipo,,,4,30:00,5,0,6,4,10,6,5,18,0,1,3,4,2021-22,Playoffs
0042100304,1610612748,Miami,Heat,MIA,heat,203473,Dewayne,Dedmon,D. Dedmon,dewayne-dedmon,,,21,11:24,0,2,0,4,6,2,0,6,0,0,4,1,2021-22,Playoffs
0042100304,1610612748,Miami,Heat,MIA,heat,1629130,Duncan,Robinson,D. Robinson,duncan-robinson,,,55,23:20,2,3,2,2,8,4,2,14,0,2,3,1,2021-22,Playoffs
0042100304,1610612748,Miami,Heat,MIA,heat,1628997,Caleb,Martin,C. Martin,caleb-martin,,,16,24:54,0,0,0,6,8,4,4,16,0,1,2,2,2021-22,Playoffs
0042100304,1610612748,Miami,Heat,MIA,heat,1630209,Omer,Yurtseven,O. Yurtseven,omer-yurtseven,,,77,5:27,0,0,0,2,0,0,0,2,0,0,0,0,2021-22,Playoffs
0042100304,1610612748,Miami,Heat,MIA,heat,1629312,Haywood,Highsmith,H. Highsmith,haywood-highsmith,,,24,5:27,0,0,0,0,0,0,0,2,0,0,0,0,2021-22,Playoffs
0042100304,1610612748,Miami,Heat,MIA,heat,2617,Udonis,Haslem,U. Haslem,udonis-haslem,,DNP - Coach's Decision,40,,0,0,0,0,0,0,0,0,0,0,0,0,2021-22,Playoffs
0042100304,1610612748,Miami,Heat,MIA,heat,202693,Markieff,Morris,M. Morris,markieff-morris,,DNP - Coach's Decision,8,,0,0,0,0,0,0,0,0,0,0,0,0,2021-22,Playoffs
0042100304,1610612738,Boston,Celtics,BOS,celtics,1628369,Jayson,Tatum,J. Tatum,jayson-tatum,F,,0,33:50,2,2,4,10,7,5,7,20,2,0,2,8,2021-22,Playoffs
0042100304,1610612738,Boston,Celtics,BOS,celtics,201143,Al,Horford,A. Horford,al-horford,F,,42,33:04,0,0,0,0,5,5,4,18,4,0,2,2,2021-22,Playoffs
0042100304,1610612738,Boston,Celtics,BOS,celtics,1629057,Robert,Williams III,R. Williams III,robert-williams-iii,C,,44,18:38,0,4,0,8,2,2,5,8,2,0,0,2,2021-22,Playoffs
0042100304,1610612738,Boston,Celtics,BOS,celtics,1627759,Jaylen,Brown,J. Brown,jaylen-brown,G,,7,29:10,3,2,4,8,0,5,2,16,0,2,5,3,2021-22,Playoffs
0042100304,1610612738,Boston,Celtics,BOS,celtics,1628401,Derrick,White,D. White,derrick-white,G,,9,40:52,4,0,1,6,7,4,12,26,1,0,0,6,2021-22,Playoffs
0042100304,1610612738,Boston,Celtics,BOS,celtics,1630202,Payton,Pritchard,P. Pritchard,payton-pritchard,,,11,24:45,2,0,0,2,7,5,12,18,1,0,4,1,2021-22,Playoffs
0042100304,1610612738,Boston,Celtics,BOS,celtics,1629684,Grant,Williams,G. Williams,grant-williams,,,12,36:31,2,2,0,0,7,5,12,26,0,0,2,2,2021-22,Playoffs
0042100304,1610612738,Boston,Celtics,BOS,celtics,1630174,Aaron,Nesmith,A. Nesmith,aaron-nesmith,,,26,9:18,0,0,0,0,0,2,3,4,1,0,0,0,2021-22,Playoffs
0042100304,1610612738,Boston,Celtics,BOS,celtics,1628464,Daniel,Theis,D. Theis,daniel-theis,,,27,8:55,0,0,0,4,0,2,3,4,0,0,0,1,2021-22,Playoffs
0042100304,1610612738,Boston,Celtics,BOS,celtics,203917,Nik,Stauskas,N. Stauskas,nik-stauskas,,,13,1:39,0,0,0,0,0,0,0,0,0,0,0,1,2021-22,Playoffs
0042100304,1610612738,Boston,Celtics,BOS,celtics,1630238,Malik,Fitts,M. Fitts,malik-fitts,,,8,1:39,0,0,0,0,0,0,0,0,0,0,0,0,2021-22,Playoffs
0042100304,1610612738,Boston,Celtics,BOS,celtics,1629752,Juwan,Morgan,J. Morgan,juwan-morgan,,,16,1:39,0,0,0,0,0,0,0,0,0,0,0,0,2021-22,Playoffs
0042100304,1610612738,Boston,Celtics,BOS,celtics,1628436,Luke,Kornet,L. Kornet,luke-kornet,,DNP - Coach's Decision,40,,0,0,0,0,0,0,0,0,0,0,0,0,2021-22,Playoffs
0042100305,1610612738,Boston,Celtics,BOS,celtics,1628369,Jayson,Tatum,J. Tatum,jayson-tatum,F,,0,44:26,0,0,4,4,15,22,5,34,0,1,3,5,2021-22,Playoffs
0042100305,1610612738,Boston,Celtics,BOS,celtics,201143,Al,Horford,A. Horford,al-horford,F,,42,39:19,1,0,5,8,15,22,3,34,2,0,0,4,2021-22,Playoffs
0042100305,1610612738,Boston,Celtics,BOS,celtics,1629057,Robert,Williams III,R. Williams III,robert-williams-iii,C,,44,26:48,0,4,0,4,5,16,3,18,3,0,1,2,2021-22,Playoffs
0042100305,1610612738,Boston,Celtics,BOS,celtics,1627759,Jaylen,Brown,J. Brown,jaylen-brown,G,,7,39:49,9,0,2,8,15,22,4,34,1,1,3,2,2021-22,Playoffs
0042100305,1610612738,Boston,Celtics,BOS,celtics,203935,Marcus,Smart,M. Smart,marcus-smart,G,,36,23:42,0,0,0,0,4,8,3,10,0,0,4,1,2021-22,Playoffs
0042100305,1610612738,Boston,Celtics,BOS,celtics,1628401,Derrick,White,D. White,derrick-white,,,9,29:09,4,0,2,12,15,16,5,30,1,0,4,4,2021-22,Playoffs
0042100305,1610612738,Boston,Celtics,BOS,celtics,1629684,Grant,Williams,G. Williams,grant-williams,,,12,23:02,0,0,0,0,12,10,2,16,0,0,4,1,2021-22,Playoffs
0042100305,1610612738,Boston,Celtics,BOS,celtics,1630202,Payton,Pritchard,P. Pritchard,payton-pritchard,,,11,6:05,0,0,0,0,4,4,0,4,0,0,0,0,2021-22,Playoffs
0042100305,1610612738,Boston,Celtics,BOS,celtics,1629752,Juwan,Morgan,J. Morgan,juwan-morgan,,,16,1:32,0,0,0,0,0,0,0,4,0,0,0,0,2021-22,Playoffs
0042100305,1610612738,Boston,Celtics,BOS,celtics,203917,Nik,Stauskas,N. Stauskas,nik-stauskas,,,13,1:32,0,0,0,0,0,0,0,4,0,0,0,0,2021-22,Playoffs
0042100305,1610612738,Boston,Celtics,BOS,celtics,1630174,Aaron,Nesmith,A. Nesmith,aaron-nesmith,,,26,1:32,0,0,0,0,0,0,0,4,0,0,0,0,2021-22,Playoffs
0042100305,1610612738,Boston,Celtics,BOS,celtics,1628436,Luke,Kornet,L. Kornet,luke-kornet,,,40,1:32,0,0,0,0,0,0,0,4,0,0,0,0,2021-22,Playoffs
0042100305,1610612738,Boston,Celtics,BOS,celtics,1630238,Malik,Fitts,M. Fitts,malik-fitts,,,8,1:32,0,0,0,0,0,0,0,4,0,0,0,0,2021-22,Playoffs
0042100305,1610612738,Boston,Celtics,BOS,celtics,1628464,Daniel,Theis,D. Theis,daniel-theis,,DNP - Coach's Decision,27,,0,0,0,0,0,0,0,0,0,0,0,0,2021-22,Playoffs
0042100305,1610612748,Miami,Heat,MIA,heat,202710,Jimmy,Butler III,J. Butler III,jimmy-butler-iii,F,,22,40:20,2,2,0,6,14,4,11,34,1,0,2,2,2021-22,Playoffs
0042100305,1610612748,Miami,Heat,MIA,heat,200782,P.J.,Tucker,P. Tucker,pj-tucker,F,,17,31:46,2,2,0,4,14,4,11,24,0,1,1,1,2021-22,Playoffs
0042100305,1610612748,Miami,Heat,MIA,heat,1628389,Bam,Adebayo,B. Adebayo,bam-adebayo,C,,13,38:20,4,6,0,16,10,2,11,36,1,2,3,2,2021-22,Playoffs
0042100305,1610612748,Miami,Heat,MIA,heat,1629622,Max,Strus,M. Strus,max-strus,G,,31,20:02,0,0,0,0,3,2,11,22,0,0,3,3,2021-22,Playoffs
0042100305,1610612748,Miami,Heat,MIA,heat,200768,Kyle,Lowry,K. Lowry,kyle-lowry,G,,7,24:40,0,0,0,0,10,2,11,26,0,0,5,2,2021-22,Playoffs
0042100305,1610612748,Miami,Heat,MIA,heat,1629216,Gabe,Vincent,G. Vincent,gabe-vincent,,,2,23:20,7,3,2,4,4,2,2,10,0,1,1,3,2021-22,Playoffs
0042100305,1610612748,Miami,Heat,MIA,heat,203506,Victor,Oladipo,V. Oladipo,victor-oladipo,,,4,15:16,0,0,1,2,1,2,4,6,0,1,0,2,2021-22,Playoffs
0042100305,1610612748,Miami,Heat,MIA,heat,1629130,Duncan,Robinson,D. Robinson,duncan-robinson,,,55,27:58,0,6,0,2,11,2,2,14,0,1,4,2,2021-22,Playoffs
0042100305,1610612748,Miami,Heat,MIA,heat,1628997,Caleb,Martin,C. Martin,caleb-martin,,,16,15:14,2,5,2,4,3,0,2,8,0,1,0,2,2021-22,Playoffs
0042100305,1610612748,Miami,Heat,MIA,heat,1630209,Omer,Yurtseven,O. Yurtseven,omer-yurtseven,,,77,1:32,0,0,0,2,0,0,0,0,0,0,0,0,2021-22,Playoffs
0042100305,1610612748,Miami,Heat,MIA,heat,1629312,Haywood,Highsmith,H. Highsmith,haywood-highsmith,,,24,1:32,0,0,0,0,0,0,0,0,0,0,0,0,2021-22,Playoffs
0042100305,1610612748,Miami,Heat,MIA,heat,203473,Dewayne,Dedmon,D. Dedmon,dewayne-dedmon,,DNP - Coach's Decision,21,,0,0,0,0,0,0,0,0,0,0,0,0,2021-22,Playoffs
0042100305,1610612748,Miami,Heat,MIA,heat,2617,Udonis,Haslem,U. Haslem,udonis-haslem,,DNP - Coach's Decision,40,,0,0,0,0,0,0,0,0,0,0,0,0,2021-22,Playoffs
0042100305,1610612748,Miami,Heat,MIA,heat,202693,Markieff,Morris,M. Morris,markieff-morris,,DNP - Coach's Decision,8,,0,0,0,0,0,0,0,0,0,0,0,0,2021-22,Playoffs
0042100306,1610612748,Miami,Heat,MIA,heat,202710,Jimmy,Butler III,J. Butler III,jimmy-butler-iii,F,,22,45:57,11,4,5,20,23,11,14,38,1,2,1,7,2021-22,Playoffs
0042100306,1610612748,Miami,Heat,MIA,heat,200782,P.J.,Tucker,P. Tucker,pj-tucker,F,,17,24:39,7,0,0,0,6,7,2,14,0,0,5,5,2021-22,Playoffs
0042100306,1610612748,Miami,Heat,MIA,heat,1628389,Bam,Adebayo,B. Adebayo,bam-adebayo,C,,13,41:04,2,2,2,6,19,11,14,32,0,0,1,4,2021-22,Playoffs
0042100306,1610612748,Miami,Heat,MIA,heat,1629622,Max,Strus,M. Strus,max-strus,G,,31,34:18,2,0,4,4,14,9,7,24,0,1,6,2,2021-22,Playoffs
0042100306,1610612748,Miami,Heat,MIA,heat,200768,Kyle,Lowry,K. Lowry,kyle-lowry,G,,7,36:51,0,2,0,2,21,7,10,28,1,0,6,5,2021-22,Playoffs
0042100306,1610612748,Miami,Heat,MIA,heat,1628997,Caleb,Martin,C. Martin,caleb-martin,,,16,12:02,0,0,2,2,14,2,8,12,0,0,3,0,2021-22,Playoffs
0042100306,1610612748,Miami,Heat,MIA,heat,1629216,Gabe,Vincent,G. Vincent,gabe-vincent,,,2,17:23,0,0,0,0,7,4,9,16,0,1,3,1,2021-22,Playoffs
0042100306,1610612748,Miami,Heat,MIA,heat,1629130,Duncan,Robinson,D. Robinson,duncan-robinson,,,55,5:23,0,0,0,0,4,0,2,6,0,0,2,0,2021-22,Playoffs
0042100306,1610612748,Miami,Heat,MIA,heat,203506,Victor,Oladipo,V. Oladipo,victor-oladipo,,,4,22:23,0,0,0,0,7,4,4,20,0,0,0,4,2021-22,Playoffs
0042100306,1610612748,Miami,Heat,MIA,heat,203473,Dewayne,Dedmon,D. Dedmon,dewayne-dedmon,,DNP - Coach's Decision,21,,0,0,0,0,0,0,0,0,0,0,0,0,2021-22,Playoffs
0042100306,1610612748,Miami,Heat,MIA,heat,2617,Udonis,Haslem,U. Haslem,udonis-haslem,,DNP - Coach's Decision,40,,0,0,0,0,0,0,0,0,0,0,0,0,2021-22,Playoffs
0042100306,1610612748,Miami,Heat,MIA,heat,1629312,Haywood,Highsmith,H. Highsmith,haywood-highsmith,,DNP - Coach's Decision,24,,0,0,0,0,0,0,0,0,0,0,0,0,2021-22,Playoffs
0042100306,1610612748,Miami,Heat,MIA,heat,202693,Markieff,Morris,M. Morris,markieff-morris,,DNP - Coach's Decision,8,,0,0,0,0,0,0,0,0,0,0,0,0,2021-22,Playoffs
0042100306,1610612748,Miami,Heat,MIA,heat,1630209,Omer,Yurtseven,O. Yurtseven,omer-yurtseven,,DNP - Coach's Decision,77,,0,0,0,0,0,0,0,0,0,0,0,0,2021-22,Playoffs
0042100306,1610612738,Boston,Celtics,BOS,celtics,1628369,Jayson,Tatum,J. Tatum,jayson-tatum,F,,0,45:12,4,5,2,10,22,6,13,32,1,0,4,6,2021-22,Playoffs
0042100306,1610612738,Boston,Celtics,BOS,celtics,201143,Al,Horford,A. Horford,al-horford,F,,42,32:52,3,0,0,0,16,2,7,22,0,1,4,1,2021-22,Playoffs
0042100306,1610612738,Boston,Celtics,BOS,celtics,1629057,Robert,Williams III,R. Williams III,robert-williams-iii,C,,44,26:21,2,4,4,10,14,8,13,24,2,0,0,1,2021-22,Playoffs
0042100306,1610612738,Boston,Celtics,BOS,celtics,1627759,Jaylen,Brown,J. Brown,jaylen-brown,G,,7,41:08,10,2,8,6,18,8,13,34,0,1,6,6,2021-22,Playoffs
0042100306,1610612738,Boston,Celtics,BOS,celtics,203935,Marcus,Smart,M. Smart,marcus-smart,G,,36,40:25,0,0,0,6,18,8,13,30,0,0,4,7,2021-22,Playoffs
0042100306,1610612738,Boston,Celtics,BOS,celtics,1629684,Grant,Williams,G. Williams,grant-williams,,,12,17:20,2,0,0,0,6,2,2,12,0,0,5,1,2021-22,Playoffs
0042100306,1610612738,Boston,Celtics,BOS,celtics,1628401,Derrick,White,D. White,derrick-white,,,9,32:55,2,0,0,6,14,6,4,16,1,0,4,5,2021-22,Playoffs
0042100306,1610612738,Boston,Celtics,BOS,celtics,1630202,Payton,Pritchard,P. Pritchard,payton-pritchard,,,11,3:34,0,0,0,0,2,0,0,0,0,0,1,0,2021-22,Playoffs
0042100306,1610612738,Boston,Celtics,BOS,celtics,1630174,Aaron,Nesmith,A. Nesmith,aaron-nesmith,,,26,0:13,0,0,0,0,0,0,0,0,0,0,0,0,2021-22,Playoffs
0042100306,1610612738,Boston,Celtics,BOS,celtics,1630238,Malik,Fitts,M. Fitts,malik-fitts,,DNP - Coach's Decision,8,,0,0,0,0,0,0,0,0,0,0,0,0,2021-22,Playoffs
0042100306,1610612738,Boston,Celtics,BOS,celtics,1628436,Luke,Kornet,L. Kornet,luke-kornet,,DNP - Coach's Decision,40,,0,0,0,0,0,0,0,0,0,0,0,0,2021-22,Playoffs
0042100306,1610612738,Boston,Celtics,BOS,celtics,1629752,Juwan,Morgan,J. Morgan,juwan-morgan,,DNP - Coach's Decision,16,,0,0,0,0,0,0,0,0,0,0,0,0,2021-22,Playoffs
0042100306,1610612738,Boston,Celtics,BOS,celtics,203917,Nik,Stauskas,N. Stauskas,nik-stauskas,,DNP - Coach's Decision,13,,0,0,0,0,0,0,0,0,0,0,0,0,2021-22,Playoffs
0042100306,1610612738,Boston,Celtics,BOS,celtics,1628464,Daniel,Theis,D. Theis,daniel-theis,,DNP - Coach's Decision,27,,0,0,0,0,0,0,0,0,0,0,0,0,2021-22,Playoffs
0042100307,1610612738,Boston,Celtics,BOS,celtics,1628369,Jayson,Tatum,J. Tatum,jayson-tatum,F,,0,45:34,6,4,4,8,13,9,13,54,2,2,4,3,2021-22,Playoffs
0042100307,1610612738,Boston,Celtics,BOS,celtics,201143,Al,Horford,A. Horford,al-horford,F,,42,44:02,0,0,0,2,13,9,13,48,2,0,4,2,2021-22,Playoffs
0042100307,1610612738,Boston,Celtics,BOS,celtics,1629057,Robert,Williams III,R. Williams III,robert-williams-iii,C,,44,14:42,0,0,0,0,2,2,4,22,0,1,2,1,2021-22,Playoffs
0042100307,1610612738,Boston,Celtics,BOS,celtics,1627759,Jaylen,Brown,J. Brown,jaylen-brown,G,,7,43:38,4,2,7,14,13,9,11,50,0,0,5,4,2021-22,Playoffs
0042100307,1610612738,Boston,Celtics,BOS,celtics,203935,Marcus,Smart,M. Smart,marcus-smart,G,,36,40:45,4,0,3,10,11,7,11,46,0,0,4,5,2021-22,Playoffs
0042100307,1610612738,Boston,Celtics,BOS,celtics,1628401,Derrick,White,D. White,derrick-white,,,9,18:58,0,0,0,2,6,5,9,22,1,1,3,1,2021-22,Playoffs
0042100307,1610612738,Boston,Celtics,BOS,celtics,1629684,Grant,Williams,G. Williams,grant-williams,,,12,29:55,0,2,6,10,7,4,4,36,1,1,3,2,2021-22,Playoffs
0042100307,1610612738,Boston,Celtics,BOS,celtics,1630202,Payton,Pritchard,P. Pritchard,payton-pritchard,,,11,2:26,0,0,0,0,0,0,0,2,0,0,1,0,2021-22,Playoffs
0042100307,1610612738,Boston,Celtics,BOS,celtics,1630238,Malik,Fitts,M. Fitts,malik-fitts,,DNP - Coach's Decision,8,,0,0,0,0,0,0,0,0,0,0,0,0,2021-22,Playoffs
0042100307,1610612738,Boston,Celtics,BOS,celtics,1628436,Luke,Kornet,L. Kornet,luke-kornet,,DNP - Coach's Decision,40,,0,0,0,0,0,0,0,0,0,0,0,0,2021-22,Playoffs
0042100307,1610612738,Boston,Celtics,BOS,celtics,1629752,Juwan,Morgan,J. Morgan,juwan-morgan,,DNP - Coach's Decision,16,,0,0,0,0,0,0,0,0,0,0,0,0,2021-22,Playoffs
0042100307,1610612738,Boston,Celtics,BOS,celtics,1630174,Aaron,Nesmith,A. Nesmith,aaron-nesmith,,DNP - Coach's Decision,26,,0,0,0,0,0,0,0,0,0,0,0,0,2021-22,Playoffs
0042100307,1610612738,Boston,Celtics,BOS,celtics,203917,Nik,Stauskas,N. Stauskas,nik-stauskas,,DNP - Coach's Decision,13,,0,0,0,0,0,0,0,0,0,0,0,0,2021-22,Playoffs
0042100307,1610612738,Boston,Celtics,BOS,celtics,1628464,Daniel,Theis,D. Theis,daniel-theis,,DNP - Coach's Decision,27,,0,0,0,0,0,0,0,0,0,0,0,0,2021-22,Playoffs
0042100307,1610612748,Miami,Heat,MIA,heat,202710,Jimmy,Butler III,J. Butler III,jimmy-butler-iii,F,,22,48:00,3,0,9,22,14,8,20,46,0,0,2,8,2021-22,Playoffs
0042100307,1610612748,Miami,Heat,MIA,heat,200782,P.J.,Tucker,P. Tucker,pj-tucker,F,,17,17:02,0,0,0,0,9,2,17,24,1,0,1,1,2021-22,Playoffs
0042100307,1610612748,Miami,Heat,MIA,heat,1628389,Bam,Adebayo,B. Adebayo,bam-adebayo,C,,13,46:10,2,7,2,22,14,8,18,44,0,0,4,3,2021-22,Playoffs
0042100307,1610612748,Miami,Heat,MIA,heat,1629622,Max,Strus,M. Strus,max-strus,G,,31,35:25,6,2,0,2,7,8,18,30,2,1,4,2,2021-22,Playoffs
0042100307,1610612748,Miami,Heat,MIA,heat,200768,Kyle,Lowry,K. Lowry,kyle-lowry,G,,7,38:42,0,0,0,4,9,8,16,34,1,3,3,9,2021-22,Playoffs
0042100307,1610612748,Miami,Heat,MIA,heat,1629216,Gabe,Vincent,G. Vincent,gabe-vincent,,,2,15:18,0,0,0,0,10,0,6,18,0,0,2,2,2021-22,Playoffs
0042100307,1610612748,Miami,Heat,MIA,heat,203506,Victor,Oladipo,V. Oladipo,victor-oladipo,,,4,32:41,2,0,2,6,5,6,5,24,0,2,2,1,2021-22,Playoffs
0042100307,1610612748,Miami,Heat,MIA,heat,1629639,Tyler,Herro,T. Herro,tyler-herro,,,14,6:43,0,0,0,0,2,0,0,10,1,0,0,0,2021-22,Playoffs
0042100307,1610612748,Miami,Heat,MIA,heat,203473,Dewayne,Dedmon,D. Dedmon,dewayne-dedmon,,DNP - Coach's Decision,21,,0,0,0,0,0,0,0,0,0,0,0,0,2021-22,Playoffs
0042100307,1610612748,Miami,Heat,MIA,heat,2617,Udonis,Haslem,U. Haslem,udonis-haslem,,DNP - Coach's Decision,40,,0,0,0,0,0,0,0,0,0,0,0,0,2021-22,Playoffs
0042100307,1610612748,Miami,Heat,MIA,heat,1629312,Haywood,Highsmith,H. Highsmith,haywood-highsmith,,DNP - Coach's Decision,24,,0,0,0,0,0,0,0,0,0,0,0,0,2021-22,Playoffs
0042100307,1610612748,Miami,Heat,MIA,heat,1628997,Caleb,Martin,C. Martin,caleb-martin,,DNP - Coach's Decision,16,,0,0,0,0,0,0,0,0,0,0,0,0,2021-22,Playoffs
0042100307,1610612748,Miami,Heat,MIA,heat,202693,Markieff,Morris,M. Morris,markieff-morris,,DNP - Coach's Decision,8,,0,0,0,0,0,0,0,0,0,0,0,0,2021-22,Playoffs
0042100307,1610612748,Miami,Heat,MIA,heat,1629130,Duncan,Robinson,D. Robinson,duncan-robinson,,DNP - Coach's Decision,55,,0,0,0,0,0,0,0,0,0,0,0,0,2021-22,Playoffs
0042100307,1610612748,Miami,Heat,MIA,heat,1630209,Omer,Yurtseven,O. Yurtseven,omer-yurtseven,,DNP - Coach's Decision,77,,0,0,0,0,0,0,0,0,0,0,0,0,2021-22,Playoffs
0042100311,1610612742,Dallas,Mavericks,DAL,mavericks,203493,Reggie,Bullock Jr.,R. Bullock Jr.,reggie-bullock-jr,F,,25,35:55,6,0,2,2,11,11,14,40,0,1,4,0,2021-22,Playoffs
0042100311,1610612742,Dallas,Mavericks,DAL,mavericks,1627827,Dorian,Finney-Smith,D. Finney-Smith,dorian-finney-smith,F,,10,33:49,0,5,0,2,11,11,14,36,0,1,4,0,2021-22,Playoffs
0042100311,1610612742,Dallas,Mavericks,DAL,mavericks,203939,Dwight,Powell,D. Powell,dwight-powell,C,,7,14:14,0,0,0,2,7,6,8,14,0,1,1,3,2021-22,Playoffs
0042100311,1610612742,Dallas,Mavericks,DAL,mavericks,1628973,Jalen,Brunson,J. Brunson,jalen-brunson,G,,13,31:43,0,0,0,6,11,12,12,32,0,2,1,4,2021-22,Playoffs
0042100311,1610612742,Dallas,Mavericks,DAL,mavericks,1629029,Luka,Dončić,L. Dončić,luka-dončić,G,,77,34:53,6,3,3,6,11,10,16,40,0,1,1,7,2021-22,Playoffs
0042100311,1610612742,Dallas,Mavericks,DAL,mavericks,1628467,Maxi,Kleber,M. Kleber,maxi-kleber,,,42,18:56,0,0,0,0,6,8,4,20,0,0,3,0,2021-22,Playoffs
0042100311,1610612742,Dallas,Mavericks,DAL,mavericks,203915,Spencer,Dinwiddie,S. Dinwiddie,spencer-dinwiddie,,,26,23:35,4,0,0,4,6,6,8,22,0,1,0,5,2021-22,Playoffs
0042100311,1610612742,Dallas,Mavericks,DAL,mavericks,202722,Davis,Bertans,D. Bertans,davis-bertans,,,44,13:22,0,0,0,0,2,3,4,6,0,0,1,0,2021-22,Playoffs
0042100311,1610612742,Dallas,Mavericks,DAL,mavericks,1628373,Frank,Ntilikina,F. Ntilikina,frank-ntilikina,,,21,10:16,0,0,0,0,2,3,2,8,0,0,1,1,2021-22,Playoffs
0042100311,1610612742,Dallas,Mavericks,DAL,mavericks,1630182,Josh,Green,J. Green,josh-green,,,8,8:08,0,0,2,2,2,0,2,2,0,0,0,0,2021-22,Playoffs
0042100311,1610612742,Dallas,Mavericks,DAL,mavericks,203504,Trey,Burke,T. Burke,trey-burke,,,3,5:03,0,0,0,4,2,0,2,0,0,0,0,1,2021-22,Playoffs
0042100311,1610612742,Dallas,Mavericks,DAL,mavericks,1627737,Marquese,Chriss,M. Chriss,marquese-chriss,,,35,5:03,0,0,0,0,2,0,2,0,0,0,1,0,2021-22,Playoffs
0042100311,1610612742,Dallas,Mavericks,DAL,mavericks,1628425,Sterling,Brown,S. Brown,sterling-brown,,,0,5:03,2,0,0,4,2,0,2,0,1,0,0,1,2021-22,Playoffs
0042100311,1610612742,Dallas,Mavericks,DAL,mavericks,1626246,Boban,Marjanovic,B. Marjanovic,boban-marjanovic,,DNP - Coach's Decision,51,,0,0,0,0,0,0,0,0,0,0,0,0,2021-22,Playoffs
0042100311,1610612744,Golden State,Warriors,GSW,warriors,203952,Andrew,Wiggins,A. Wiggins,andrew-wiggins,F,,22,35:09,0,2,0,6,14,8,5,18,1,0,3,1,2021-22,Playoffs
0042100311,1610612744,Golden State,Warriors,GSW,warriors,203110,Draymond,Green,D. Green,draymond-green,F,,23,28:50,0,3,2,8,13,8,5,16,1,0,4,3,2021-22,Playoffs
0042100311,1610612744,Golden State,Warriors,GSW,warriors,1626172,Kevon,Looney,K. Looney,kevon-looney,C,,5,28:21,2,2,0,8,8,6,5,18,2,0,2,0,2021-22,Playoffs
0042100311,1610612744,Golden State,Warriors,GSW,warriors,202691,Klay,Thompson,K. Thompson,klay-thompson,G,,11,34:34,2,0,2,6,14,6,5,16,2,0,0,0,2021-22,Playoffs
0042100311,1610612744,Golden State,Warriors,GSW,warriors,201939,Stephen,Curry,S. Curry,stephen-curry,G,,30,30:44,5,5,10,4,11,6,3,14,1,0,3,5,2021-22,Playoffs
0042100311,1610612744,Golden State,Warriors,GSW,warriors,1629673,Jordan,Poole,J. Poole,jordan-poole,,,3,26:19,0,2,0,8,11,2,4,14,0,0,5,6,2021-22,Playoffs
0042100311,1610612744,Golden State,Warriors,GSW,warriors,203490,Otto,Porter Jr.,O. Porter Jr.,otto-porter-jr,,,32,23:25,4,0,2,4,7,2,4,14,0,0,2,1,2021-22,Playoffs
0042100311,1610612744,Golden State,Warriors,GSW,warriors,1627814,Damion,Lee,D. Lee,damion-lee,,,1,12:26,0,0,0,0,4,2,4,18,0,0,1,0,2021-22,Playoffs
0042100311,1610612744,Golden State,Warriors,GSW,warriors,1629308,Juan,Toscano-Anderson,J. Toscano-Anderson,juan-toscano-anderson,,,95,5:03,0,0,0,0,2,0,0,8,0,0,1,0,2021-22,Playoffs
0042100311,1610612744,Golden State,Warriors,GSW,warriors,1630541,Moses,Moody,M. Moody,moses-moody,,,4,5:03,0,0,0,0,2,0,0,8,0,0,0,0,2021-22,Playoffs
0042100311,1610612744,Golden State,Warriors,GSW,warriors,202357,Nemanja,Bjelica,N. Bjelica,nemanja-bjelica,,,8,5:03,0,0,0,0,2,0,0,8,0,0,1,0,2021-22,Playoffs
0042100311,1610612744,Golden State,Warriors,GSW,warriors,1630228,Jonathan,Kuminga,J. Kuminga,jonathan-kuminga,,,00,5:03,2,0,2,0,2,0,0,8,0,1,0,1,2021-22,Playoffs
0042100312,1610612742,Dallas,Mavericks,DAL,mavericks,203493,Reggie,Bullock Jr.,R. Bullock Jr.,reggie-bullock-jr,F,,25,44:23,0,3,3,0,11,12,11,54,0,1,4,1,2021-22,Playoffs
0042100312,1610612742,Dallas,Mavericks,DAL,mavericks,1627827,Dorian,Finney-Smith,D. Finney-Smith,dorian-finney-smith,F,,10,42:14,0,1,0,0,11,14,11,56,1,0,2,3,2021-22,Playoffs
0042100312,1610612742,Dallas,Mavericks,DAL,mavericks,203939,Dwight,Powell,D. Powell,dwight-powell,C,,7,7:49,0,0,0,0,0,2,3,6,0,0,0,0,2021-22,Playoffs
0042100312,1610612742,Dallas,Mavericks,DAL,mavericks,1628973,Jalen,Brunson,J. Brunson,jalen-brunson,G,,13,36:23,2,3,5,12,11,9,9,48,0,0,3,6,2021-22,Playoffs
0042100312,1610612742,Dallas,Mavericks,DAL,mavericks,1629029,Luka,Dončić,L. Dončić,luka-dončić,G,,77,38:11,6,0,2,14,9,12,11,48,1,1,3,13,2021-22,Playoffs
0042100312,1610612742,Dallas,Mavericks,DAL,mavericks,1628467,Maxi,Kleber,M. Kleber,maxi-kleber,,,42,33:06,0,0,0,0,9,12,8,48,2,0,4,0,2021-22,Playoffs
0042100312,1610612742,Dallas,Mavericks,DAL,mavericks,203915,Spencer,Dinwiddie,S. Dinwiddie,spencer-dinwiddie,,,26,22:07,0,0,0,4,2,7,6,30,1,0,2,1,2021-22,Playoffs
0042100312,1610612742,Dallas,Mavericks,DAL,mavericks,1628373,Frank,Ntilikina,F. Ntilikina,frank-ntilikina,,,21,3:32,0,0,0,0,0,2,2,6,0,0,1,0,2021-22,Playoffs
0042100312,1610612742,Dallas,Mavericks,DAL,mavericks,202722,Davis,Bertans,D. Bertans,davis-bertans,,,44,7:14,3,6,0,0,2,0,2,8,0,0,0,2,2021-22,Playoffs
0042100312,1610612742,Dallas,Mavericks,DAL,mavericks,1630182,Josh,Green,J. Green,josh-green,,,8,5:01,0,0,0,0,0,0,2,6,0,0,1,0,2021-22,Playoffs
0042100312,1610612742,Dallas,Mavericks,DAL,mavericks,1628425,Sterling,Brown,S. Brown,sterling-brown,,DNP - Coach's Decision,0,,0,0,0,0,0,0,0,0,0,0,0,0,2021-22,Playoffs
0042100312,1610612742,Dallas,Mavericks,DAL,mavericks,203504,Trey,Burke,T. Burke,trey-burke,,DNP - Coach's Decision,3,,0,0,0,0,0,0,0,0,0,0,0,0,2021-22,Playoffs
0042100312,1610612742,Dallas,Mavericks,DAL,mavericks,1627737,Marquese,Chriss,M. Chriss,marquese-chriss,,DNP - Coach's Decision,35,,0,0,0,0,0,0,0,0,0,0,0,0,2021-22,Playoffs
0042100312,1610612742,Dallas,Mavericks,DAL,mavericks,1626246,Boban,Marjanovic,B. Marjanovic,boban-marjanovic,,DNP - Coach's Decision,51,,0,0,0,0,0,0,0,0,0,0,0,0,2021-22,Playoffs
0042100312,1610612744,Golden State,Warriors,GSW,warriors,203952,Andrew,Wiggins,A. Wiggins,andrew-wiggins,F,,22,38:01,2,3,5,4,8,7,4,20,1,2,4,4,2021-22,Playoffs
0042100312,1610612744,Golden State,Warriors,GSW,warriors,203110,Draymond,Green,D. Green,draymond-green,F,,23,28:24,0,0,2,2,9,13,10,14,0,1,6,3,2021-22,Playoffs
0042100312,1610612744,Golden State,Warriors,GSW,warriors,1626172,Kevon,Looney,K. Looney,kevon-looney,C,,5,32:12,0,6,0,20,8,4,2,22,0,1,1,2,2021-22,Playoffs
0042100312,1610612744,Golden State,Warriors,GSW,warriors,202691,Klay,Thompson,K. Thompson,klay-thompson,G,,11,37:17,2,3,4,10,11,10,10,24,0,0,4,1,2021-22,Playoffs
0042100312,1610612744,Golden State,Warriors,GSW,warriors,201939,Stephen,Curry,S. Curry,stephen-curry,G,,30,37:01,3,0,2,10,8,7,4,22,0,1,4,4,2021-22,Playoffs
0042100312,1610612744,Golden State,Warriors,GSW,warriors,1629673,Jordan,Poole,J. Poole,jordan-poole,,,3,28:47,4,0,0,10,3,9,8,20,0,0,2,3,2021-22,Playoffs
0042100312,1610612744,Golden State,Warriors,GSW,warriors,203490,Otto,Porter Jr.,O. Porter Jr.,otto-porter-jr,,,32,23:52,0,2,0,4,5,9,6,18,1,0,2,3,2021-22,Playoffs
0042100312,1610612744,Golden State,Warriors,GSW,warriors,1627814,Damion,Lee,D. Lee,damion-lee,,,1,4:52,0,0,0,0,3,6,6,4,0,0,2,0,2021-22,Playoffs
0042100312,1610612744,Golden State,Warriors,GSW,warriors,1630541,Moses,Moody,M. Moody,moses-moody,,,4,9:35,0,0,0,2,0,0,0,6,0,0,1,0,2021-22,Playoffs
0042100312,1610612744,Golden State,Warriors,GSW,warriors,202357,Nemanja,Bjelica,N. Bjelica,nemanja-bjelica,,DNP - Coach's Decision,8,,0,0,0,0,0,0,0,0,0,0,0,0,2021-22,Playoffs
0042100312,1610612744,Golden State,Warriors,GSW,warriors,1630228,Jonathan,Kuminga,J. Kuminga,jonathan-kuminga,,DNP - Coach's Decision,00,,0,0,0,0,0,0,0,0,0,0,0,0,2021-22,Playoffs
0042100312,1610612744,Golden State,Warriors,GSW,warriors,1629308,Juan,Toscano-Anderson,J. Toscano-Anderson,juan-toscano-anderson,,DNP - Coach's Decision,95,,0,0,0,0,0,0,0,0,0,0,0,0,2021-22,Playoffs
0042100313,1610612744,Golden State,Warriors,GSW,warriors,203952,Andrew,Wiggins,A. Wiggins,andrew-wiggins,F,,22,39:48,4,11,0,20,8,4,3,26,0,0,4,3,2021-22,Playoffs
0042100313,1610612744,Golden State,Warriors,GSW,warriors,203110,Draymond,Green,D. Green,draymond-green,F,,23,36:56,2,0,0,8,8,4,1,18,1,0,4,0,2021-22,Playoffs
0042100313,1610612744,Golden State,Warriors,GSW,warriors,1626172,Kevon,Looney,K. Looney,kevon-looney,C,,5,29:11,0,0,0,6,6,4,4,28,0,0,3,3,2021-22,Playoffs
0042100313,1610612744,Golden State,Warriors,GSW,warriors,202691,Klay,Thompson,K. Thompson,klay-thompson,G,,11,39:02,0,5,2,2,6,4,3,32,0,0,2,2,2021-22,Playoffs
0042100313,1610612744,Golden State,Warriors,GSW,warriors,201939,Stephen,Curry,S. Curry,stephen-curry,G,,30,39:01,0,0,3,8,8,4,3,24,0,2,5,4,2021-22,Playoffs
0042100313,1610612744,Golden State,Warriors,GSW,warriors,1629673,Jordan,Poole,J. Poole,jordan-poole,,,3,27:56,2,0,0,0,5,0,5,22,0,0,4,4,2021-22,Playoffs
0042100313,1610612744,Golden State,Warriors,GSW,warriors,203490,Otto,Porter Jr.,O. Porter Jr.,otto-porter-jr,,,32,6:49,0,2,0,2,0,0,4,4,0,0,0,0,2021-22,Playoffs
0042100313,1610612744,Golden State,Warriors,GSW,warriors,1630541,Moses,Moody,M. Moody,moses-moody,,,4,16:13,0,0,0,0,6,0,2,14,0,0,1,1,2021-22,Playoffs
0042100313,1610612744,Golden State,Warriors,GSW,warriors,1629308,Juan,Toscano-Anderson,J. Toscano-Anderson,juan-toscano-anderson,,,95,5:04,0,0,0,0,3,0,0,2,0,0,0,1,2021-22,Playoffs
0042100313,1610612744,Golden State,Warriors,GSW,warriors,202357,Nemanja,Bjelica,N. Bjelica,nemanja-bjelica,,DNP - Coach's Decision,8,,0,0,0,0,0,0,0,0,0,0,0,0,2021-22,Playoffs
0042100313,1610612744,Golden State,Warriors,GSW,warriors,1630228,Jonathan,Kuminga,J. Kuminga,jonathan-kuminga,,DNP - Coach's Decision,00,,0,0,0,0,0,0,0,0,0,0,0,0,2021-22,Playoffs
0042100313,1610612744,Golden State,Warriors,GSW,warriors,1627814,Damion,Lee,D. Lee,damion-lee,,DNP - Coach's Decision,1,,0,0,0,0,0,0,0,0,0,0,0,0,2021-22,Playoffs
0042100313,1610612742,Dallas,Mavericks,DAL,mavericks,203493,Reggie,Bullock Jr.,R. Bullock Jr.,reggie-bullock-jr,F,,25,39:58,0,0,0,0,4,9,5,40,0,1,4,1,2021-22,Playoffs
0042100313,1610612742,Dallas,Mavericks,DAL,mavericks,1627827,Dorian,Finney-Smith,D. Finney-Smith,dorian-finney-smith,F,,10,42:01,1,0,0,2,4,16,5,40,0,0,1,1,2021-22,Playoffs
0042100313,1610612742,Dallas,Mavericks,DAL,mavericks,203939,Dwight,Powell,D. Powell,dwight-powell,C,,7,7:59,1,0,0,2,0,5,3,12,0,0,2,1,2021-22,Playoffs
0042100313,1610612742,Dallas,Mavericks,DAL,mavericks,1628973,Jalen,Brunson,J. Brunson,jalen-brunson,G,,13,36:35,0,0,0,8,8,16,5,36,0,0,2,4,2021-22,Playoffs
0042100313,1610612742,Dallas,Mavericks,DAL,mavericks,1629029,Luka,Dončić,L. Dončić,luka-dončić,G,,77,40:23,0,4,1,14,8,16,5,42,2,0,3,10,2021-22,Playoffs
0042100313,1610612742,Dallas,Mavericks,DAL,mavericks,1628467,Maxi,Kleber,M. Kleber,maxi-kleber,,,42,24:41,0,0,0,0,6,9,2,18,0,0,2,2,2021-22,Playoffs
0042100313,1610612742,Dallas,Mavericks,DAL,mavericks,203915,Spencer,Dinwiddie,S. Dinwiddie,spencer-dinwiddie,,,26,31:45,8,0,4,6,8,13,0,30,0,0,1,4,2021-22,Playoffs
0042100313,1610612742,Dallas,Mavericks,DAL,mavericks,1628373,Frank,Ntilikina,F. Ntilikina,frank-ntilikina,,,21,4:00,0,0,0,0,0,2,0,4,0,0,0,0,2021-22,Playoffs
0042100313,1610612742,Dallas,Mavericks,DAL,mavericks,202722,Davis,Bertans,D. Bertans,davis-bertans,,,44,12:38,0,0,0,2,2,4,0,8,0,0,3,0,2021-22,Playoffs
0042100313,1610612742,Dallas,Mavericks,DAL,mavericks,1628425,Sterling,Brown,S. Brown,sterling-brown,,DNP - Coach's Decision,0,,0,0,0,0,0,0,0,0,0,0,0,0,2021-22,Playoffs
0042100313,1610612742,Dallas,Mavericks,DAL,mavericks,203504,Trey,Burke,T. Burke,trey-burke,,DNP - Coach's Decision,3,,0,0,0,0,0,0,0,0,0,0,0,0,2021-22,Playoffs
0042100313,1610612742,Dallas,Mavericks,DAL,mavericks,1627737,Marquese,Chriss,M. Chriss,marquese-chriss,,DNP - Coach's Decision,35,,0,0,0,0,0,0,0,0,0,0,0,0,2021-22,Playoffs
0042100313,1610612742,Dallas,Mavericks,DAL,mavericks,1630182,Josh,Green,J. Green,josh-green,,DNP - Coach's Decision,8,,0,0,0,0,0,0,0,0,0,0,0,0,2021-22,Playoffs
0042100313,1610612742,Dallas,Mavericks,DAL,mavericks,1626246,Boban,Marjanovic,B. Marjanovic,boban-marjanovic,,DNP - Coach's Decision,51,,0,0,0,0,0,0,0,0,0,0,0,0,2021-22,Playoffs
0042100314,1610612744,Golden State,Warriors,GSW,warriors,203952,Andrew,Wiggins,A. Wiggins,andrew-wiggins,F,,22,30:32,0,2,2,2,7,0,4,16,0,0,3,3,2021-22,Playoffs
0042100314,1610612744,Golden State,Warriors,GSW,warriors,203110,Draymond,Green,D. Green,draymond-green,F,,23,25:51,0,0,2,8,4,0,4,14,2,1,1,3,2021-22,Playoffs
0042100314,1610612744,Golden State,Warriors,GSW,warriors,1626172,Kevon,Looney,K. Looney,kevon-looney,C,,5,19:48,0,0,0,2,0,3,2,16,1,0,0,2,2021-22,Playoffs
0042100314,1610612744,Golden State,Warriors,GSW,warriors,202691,Klay,Thompson,K. Thompson,klay-thompson,G,,11,28:09,0,3,0,2,4,3,6,22,0,0,2,1,2021-22,Playoffs
0042100314,1610612744,Golden State,Warriors,GSW,warriors,201939,Stephen,Curry,S. Curry,stephen-curry,G,,30,32:33,2,0,0,6,7,0,4,20,0,1,2,4,2021-22,Playoffs
0042100314,1610612744,Golden State,Warriors,GSW,warriors,1629673,Jordan,Poole,J. Poole,jordan-poole,,,3,28:36,2,0,2,4,8,3,10,24,1,1,6,1,2021-22,Playoffs
0042100314,1610612744,Golden State,Warriors,GSW,warriors,1630228,Jonathan,Kuminga,J. Kuminga,jonathan-kuminga,,,00,21:39,0,0,5,8,5,3,6,20,0,1,2,4,2021-22,Playoffs
0042100314,1610612744,Golden State,Warriors,GSW,warriors,1630541,Moses,Moody,M. Moody,moses-moody,,,4,22:41,0,0,0,2,3,3,6,22,0,2,0,0,2021-22,Playoffs
0042100314,1610612744,Golden State,Warriors,GSW,warriors,1627814,Damion,Lee,D. Lee,damion-lee,,,1,15:14,0,4,0,6,2,0,4,12,0,0,0,1,2021-22,Playoffs
0042100314,1610612744,Golden State,Warriors,GSW,warriors,1629308,Juan,Toscano-Anderson,J. Toscano-Anderson,juan-toscano-anderson,,,95,0:07,0,0,0,0,0,0,0,0,0,0,0,0,2021-22,Playoffs
0042100314,1610612744,Golden State,Warriors,GSW,warriors,202357,Nemanja,Bjelica,N. Bjelica,nemanja-bjelica,,,8,14:50,2,0,0,4,5,0,4,14,0,0,2,0,2021-22,Playoffs
0042100314,1610612744,Golden State,Warriors,GSW,warriors,203490,Otto,Porter Jr.,O. Porter Jr.,otto-porter-jr,,DNP - Injury/Illness,32,,0,0,0,0,0,0,0,0,0,0,0,0,2021-22,Playoffs
0042100314,1610612742,Dallas,Mavericks,DAL,mavericks,203493,Reggie,Bullock Jr.,R. Bullock Jr.,reggie-bullock-jr,F,,25,38:22,6,3,0,0,6,5,9,36,0,1,1,0,2021-22,Playoffs
0042100314,1610612742,Dallas,Mavericks,DAL,mavericks,1627827,Dorian,Finney-Smith,D. Finney-Smith,dorian-finney-smith,F,,10,38:52,1,0,0,10,4,7,6,32,0,0,3,2,2021-22,Playoffs
0042100314,1610612742,Dallas,Mavericks,DAL,mavericks,203939,Dwight,Powell,D. Powell,dwight-powell,C,,7,11:45,0,0,0,0,2,5,4,10,0,0,0,0,2021-22,Playoffs
0042100314,1610612742,Dallas,Mavericks,DAL,mavericks,1628973,Jalen,Brunson,J. Brunson,jalen-brunson,G,,13,34:21,0,0,0,6,2,9,8,32,1,0,3,6,2021-22,Playoffs
0042100314,1610612742,Dallas,Mavericks,DAL,mavericks,1629029,Luka,Dončić,L. Dončić,luka-dončić,G,,77,37:42,0,0,4,14,4,7,9,30,2,2,2,6,2021-22,Playoffs
0042100314,1610612742,Dallas,Mavericks,DAL,mavericks,1628467,Maxi,Kleber,M. Kleber,maxi-kleber,,,42,22:07,2,0,2,4,2,2,5,18,3,0,5,1,2021-22,Playoffs
0042100314,1610612742,Dallas,Mavericks,DAL,mavericks,203915,Spencer,Dinwiddie,S. Dinwiddie,spencer-dinwiddie,,,26,27:38,0,0,4,0,6,2,5,28,0,1,2,2,2021-22,Playoffs
0042100314,1610612742,Dallas,Mavericks,DAL,mavericks,1628373,Frank,Ntilikina,F. Ntilikina,frank-ntilikina,,,21,17:02,0,0,0,0,2,4,5,14,0,0,3,1,2021-22,Playoffs
0042100314,1610612742,Dallas,Mavericks,DAL,mavericks,202722,Davis,Bertans,D. Bertans,davis-bertans,,,44,9:43,0,0,0,2,2,2,2,14,0,0,0,0,2021-22,Playoffs
0042100314,1610612742,Dallas,Mavericks,DAL,mavericks,1630182,Josh,Green,J. Green,josh-green,,,8,2:28,0,0,0,0,0,2,2,6,0,0,0,0,2021-22,Playoffs
0042100314,1610612742,Dallas,Mavericks,DAL,mavericks,1628425,Sterling,Brown,S. Brown,sterling-brown,,DNP - Coach's Decision,0,,0,0,0,0,0,0,0,0,0,0,0,0,2021-22,Playoffs
0042100314,1610612742,Dallas,Mavericks,DAL,mavericks,203504,Trey,Burke,T. Burke,trey-burke,,DNP - Coach's Decision,3,,0,0,0,0,0,0,0,0,0,0,0,0,2021-22,Playoffs
0042100314,1610612742,Dallas,Mavericks,DAL,mavericks,1627737,Marquese,Chriss,M. Chriss,marquese-chriss,,DNP - Coach's Decision,35,,0,0,0,0,0,0,0,0,0,0,0,0,2021-22,Playoffs
0042100314,1610612742,Dallas,Mavericks,DAL,mavericks,1626246,Boban,Marjanovic,B. Marjanovic,boban-marjanovic,,DNP - Coach's Decision,51,,0,0,0,0,0,0,0,0,0,0,0,0,2021-22,Playoffs
0042100315,1610612742,Dallas,Mavericks,DAL,mavericks,203493,Reggie,Bullock Jr.,R. Bullock Jr.,reggie-bullock-jr,F,,25,37:48,0,0,0,0,9,15,7,32,0,0,0,1,2021-22,Playoffs
0042100315,1610612742,Dallas,Mavericks,DAL,mavericks,1627827,Dorian,Finney-Smith,D. Finney-Smith,dorian-finney-smith,F,,10,39:24,2,4,0,8,14,14,10,44,1,1,3,0,2021-22,Playoffs
0042100315,1610612742,Dallas,Mavericks,DAL,mavericks,203939,Dwight,Powell,D. Powell,dwight-powell,C,,7,7:27,0,0,0,2,4,4,5,10,0,0,1,1,2021-22,Playoffs
0042100315,1610612742,Dallas,Mavericks,DAL,mavericks,1628973,Jalen,Brunson,J. Brunson,jalen-brunson,G,,13,30:09,1,0,1,4,6,15,7,30,0,0,3,4,2021-22,Playoffs
0042100315,1610612742,Dallas,Mavericks,DAL,mavericks,1629029,Luka,Dončić,L. Dončić,luka-dončić,G,,77,39:38,1,0,2,10,12,17,8,46,0,2,3,6,2021-22,Playoffs
0042100315,1610612742,Dallas,Mavericks,DAL,mavericks,1628467,Maxi,Kleber,M. Kleber,maxi-kleber,,,42,26:59,0,2,0,4,8,7,3,28,1,0,2,0,2021-22,Playoffs
0042100315,1610612742,Dallas,Mavericks,DAL,mavericks,1628373,Frank,Ntilikina,F. Ntilikina,frank-ntilikina,,,21,14:24,0,0,0,0,7,2,3,20,0,0,1,1,2021-22,Playoffs
0042100315,1610612742,Dallas,Mavericks,DAL,mavericks,203915,Spencer,Dinwiddie,S. Dinwiddie,spencer-dinwiddie,,,26,32:07,0,4,3,4,10,11,5,30,2,0,4,5,2021-22,Playoffs
0042100315,1610612742,Dallas,Mavericks,DAL,mavericks,202722,Davis,Bertans,D. Bertans,davis-bertans,,,44,3:57,0,0,0,0,2,0,2,2,0,0,1,1,2021-22,Playoffs
0042100315,1610612742,Dallas,Mavericks,DAL,mavericks,203504,Trey,Burke,T. Burke,trey-burke,,,3,2:02,3,0,3,0,2,0,0,2,0,0,0,0,2021-22,Playoffs
0042100315,1610612742,Dallas,Mavericks,DAL,mavericks,1630182,Josh,Green,J. Green,josh-green,,,8,2:02,0,0,0,0,2,0,0,2,0,0,0,0,2021-22,Playoffs
0042100315,1610612742,Dallas,Mavericks,DAL,mavericks,1627737,Marquese,Chriss,M. Chriss,marquese-chriss,,,35,2:02,0,0,0,0,2,0,0,2,0,0,0,0,2021-22,Playoffs
0042100315,1610612742,Dallas,Mavericks,DAL,mavericks,1628425,Sterling,Brown,S. Brown,sterling-brown,,,0,2:02,0,2,0,0,2,0,0,2,0,0,0,1,2021-22,Playoffs
0042100315,1610612742,Dallas,Mavericks,DAL,mavericks,1626246,Boban,Marjanovic,B. Marjanovic,boban-marjanovic,,DNP - Coach's Decision,51,,0,0,0,0,0,0,0,0,0,0,0,0,2021-22,Playoffs
0042100315,1610612744,Golden State,Warriors,GSW,warriors,203952,Andrew,Wiggins,A. Wiggins,andrew-wiggins,F,,22,40:03,4,4,2,12,3,8,5,26,0,0,1,4,2021-22,Playoffs
0042100315,1610612744,Golden State,Warriors,GSW,warriors,203110,Draymond,Green,D. Green,draymond-green,F,,23,31:24,2,0,2,10,3,8,5,22,1,0,5,3,2021-22,Playoffs
0042100315,1610612744,Golden State,Warriors,GSW,warriors,1626172,Kevon,Looney,K. Looney,kevon-looney,C,,5,30:43,0,2,0,10,2,4,3,20,0,1,1,2,2021-22,Playoffs
0042100315,1610612744,Golden State,Warriors,GSW,warriors,202691,Klay,Thompson,K. Thompson,klay-thompson,G,,11,37:20,3,3,6,4,1,7,3,26,0,1,3,0,2021-22,Playoffs
0042100315,1610612744,Golden State,Warriors,GSW,warriors,201939,Stephen,Curry,S. Curry,stephen-curry,G,,30,34:49,0,3,0,4,3,7,5,24,1,1,2,2,2021-22,Playoffs
0042100315,1610612744,Golden State,Warriors,GSW,warriors,1629673,Jordan,Poole,J. Poole,jordan-poole,,,3,28:25,4,0,0,8,7,10,7,22,0,0,3,6,2021-22,Playoffs
0042100315,1610612744,Golden State,Warriors,GSW,warriors,202357,Nemanja,Bjelica,N. Bjelica,nemanja-bjelica,,,8,21:41,0,3,0,2,3,6,1,12,0,0,3,0,2021-22,Playoffs
0042100315,1610612744,Golden State,Warriors,GSW,warriors,1629308,Juan,Toscano-Anderson,J. Toscano-Anderson,juan-toscano-anderson,,,95,1:44,0,0,0,0,3,2,3,0,0,0,0,0,2021-22,Playoffs
0042100315,1610612744,Golden State,Warriors,GSW,warriors,1630541,Moses,Moody,M. Moody,moses-moody,,,4,10:37,3,2,0,0,4,4,7,8,1,1,1,1,2021-22,Playoffs
0042100315,1610612744,Golden State,Warriors,GSW,warriors,1630228,Jonathan,Kuminga,J. Kuminga,jonathan-kuminga,,,00,1:37,0,0,0,0,3,2,3,0,0,0,1,0,2021-22,Playoffs
0042100315,1610612744,Golden State,Warriors,GSW,warriors,1627814,Damion,Lee,D. Lee,damion-lee,,,1,1:37,0,0,0,0,3,2,3,0,0,0,0,0,2021-22,Playoffs
0042100315,1610612744,Golden State,Warriors,GSW,warriors,203490,Otto,Porter Jr.,O. Porter Jr.,otto-porter-jr,,DNP - Injury/Illness,32,,0,0,0,0,0,0,0,0,0,0,0,0,2021-22,Playoffs
0042100401,1610612738,Boston,Celtics,BOS,celtics,1628369,Jayson,Tatum,J. Tatum,jayson-tatum,F,,0,41:34,2,5,5,4,10,19,11,24,0,1,2,8,2021-22,Playoffs
0042100401,1610612738,Boston,Celtics,BOS,celtics,201143,Al,Horford,A. Horford,al-horford,F,,42,32:42,6,0,3,4,6,16,11,20,0,0,2,2,2021-22,Playoffs
0042100401,1610612738,Boston,Celtics,BOS,celtics,1629057,Robert,Williams III,R. Williams III,robert-williams-iii,C,,44,24:11,2,4,0,8,8,14,9,14,4,0,1,0,2021-22,Playoffs
0042100401,1610612738,Boston,Celtics,BOS,celtics,1627759,Jaylen,Brown,J. Brown,jaylen-brown,G,,7,37:60,2,0,2,10,8,16,11,22,1,1,1,3,2021-22,Playoffs
0042100401,1610612738,Boston,Celtics,BOS,celtics,203935,Marcus,Smart,M. Smart,marcus-smart,G,,36,29:55,5,3,0,4,6,16,11,18,0,1,1,1,2021-22,Playoffs
0042100401,1610612738,Boston,Celtics,BOS,celtics,1628401,Derrick,White,D. White,derrick-white,,,9,31:49,2,3,0,2,6,13,2,16,0,2,3,2,2021-22,Playoffs
0042100401,1610612738,Boston,Celtics,BOS,celtics,1629684,Grant,Williams,G. Williams,grant-williams,,,12,16:17,0,0,0,0,4,11,0,6,0,1,1,0,2021-22,Playoffs
0042100401,1610612738,Boston,Celtics,BOS,celtics,1630202,Payton,Pritchard,P. Pritchard,payton-pritchard,,,11,15:32,2,0,2,2,2,5,0,8,0,0,1,0,2021-22,Playoffs
0042100401,1610612738,Boston,Celtics,BOS,celtics,1628464,Daniel,Theis,D. Theis,daniel-theis,,,27,5:59,0,0,0,0,0,5,0,2,1,0,1,0,2021-22,Playoffs
0042100401,1610612738,Boston,Celtics,BOS,celtics,1630238,Malik,Fitts,M. Fitts,malik-fitts,,,8,0:48,0,0,0,0,0,3,0,0,0,0,0,0,2021-22,Playoffs
0042100401,1610612738,Boston,Celtics,BOS,celtics,203917,Nik,Stauskas,N. Stauskas,nik-stauskas,,,13,0:48,0,0,0,0,0,3,0,0,0,0,0,0,2021-22,Playoffs
0042100401,1610612738,Boston,Celtics,BOS,celtics,1629752,Juwan,Morgan,J. Morgan,juwan-morgan,,,16,0:48,0,0,0,0,0,3,0,0,0,0,0,0,2021-22,Playoffs
0042100401,1610612738,Boston,Celtics,BOS,celtics,1630573,Sam,Hauser,S. Hauser,sam-hauser,,,30,0:48,0,0,0,0,0,3,0,0,0,0,0,0,2021-22,Playoffs
0042100401,1610612738,Boston,Celtics,BOS,celtics,1630174,Aaron,Nesmith,A. Nesmith,aaron-nesmith,,,26,0:48,0,0,0,0,0,3,0,0,0,0,0,0,2021-22,Playoffs
0042100401,1610612738,Boston,Celtics,BOS,celtics,1628436,Luke,Kornet,L. Kornet,luke-kornet,,DNP - Coach's Decision,40,,0,0,0,0,0,0,0,0,0,0,0,0,2021-22,Playoffs
0042100401,1610612744,Golden State,Warriors,GSW,warriors,203952,Andrew,Wiggins,A. Wiggins,andrew-wiggins,F,,22,34:54,6,7,0,10,17,13,7,24,3,1,3,1,2021-22,Playoffs
0042100401,1610612744,Golden State,Warriors,GSW,warriors,203110,Draymond,Green,D. Green,draymond-green,F,,23,38:02,0,2,0,4,19,10,12,20,0,1,6,4,2021-22,Playoffs
0042100401,1610612744,Golden State,Warriors,GSW,warriors,1626172,Kevon,Looney,K. Looney,kevon-looney,C,,5,25:17,0,4,0,2,9,10,7,20,3,1,0,1,2021-22,Playoffs
0042100401,1610612744,Golden State,Warriors,GSW,warriors,202691,Klay,Thompson,K. Thompson,klay-thompson,G,,11,38:57,0,4,5,2,19,15,9,28,0,0,0,1,2021-22,Playoffs
0042100401,1610612744,Golden State,Warriors,GSW,warriors,201939,Stephen,Curry,S. Curry,stephen-curry,G,,30,38:15,2,6,6,6,19,13,12,28,0,2,3,3,2021-22,Playoffs
0042100401,1610612744,Golden State,Warriors,GSW,warriors,1629673,Jordan,Poole,J. Poole,jordan-poole,,,3,25:02,0,0,0,0,9,7,3,24,0,1,1,2,2021-22,Playoffs
0042100401,1610612744,Golden State,Warriors,GSW,warriors,203490,Otto,Porter Jr.,O. Porter Jr.,otto-porter-jr,,,32,23:30,0,0,0,0,9,5,5,16,0,0,0,0,2021-22,Playoffs
0042100401,1610612744,Golden State,Warriors,GSW,warriors,2738,Andre,Iguodala,A. Iguodala,andre-iguodala,,,9,12:02,2,0,0,2,4,2,5,10,0,0,3,1,2021-22,Playoffs
0042100401,1610612744,Golden State,Warriors,GSW,warriors,1630228,Jonathan,Kuminga,J. Kuminga,jonathan-kuminga,,,00,0:48,0,0,0,0,0,0,0,0,0,0,0,0,2021-22,Playoffs
0042100401,1610612744,Golden State,Warriors,GSW,warriors,1629308,Juan,Toscano-Anderson,J. Toscano-Anderson,juan-toscano-anderson,,,95,0:48,0,0,0,0,0,0,0,0,0,0,0,0,2021-22,Playoffs
0042100401,1610612744,Golden State,Warriors,GSW,warriors,1627814,Damion,Lee,D. Lee,damion-lee,,,1,0:48,0,0,0,0,0,0,0,0,0,0,0,0,2021-22,Playoffs
0042100401,1610612744,Golden State,Warriors,GSW,warriors,202357,Nemanja,Bjelica,N. Bjelica,nemanja-bjelica,,,8,0:48,0,3,0,0,0,0,0,0,0,0,0,0,2021-22,Playoffs
0042100401,1610612744,Golden State,Warriors,GSW,warriors,1630541,Moses,Moody,M. Moody,moses-moody,,,4,0:48,0,0,0,0,0,0,0,0,0,0,0,0,2021-22,Playoffs
0042100401,1610612744,Golden State,Warriors,GSW,warriors,1627780,Gary,Payton II,G. Payton II,gary-payton-ii,,DNP - Coach's Decision,0,,0,0,0,0,0,0,0,0,0,0,0,0,2021-22,Playoffs
0042100402,1610612738,Boston,Celtics,BOS,celtics,1628369,Jayson,Tatum,J. Tatum,jayson-tatum,F,,0,34:18,1,3,0,4,31,6,12,34,0,1,2,7,2021-22,Playoffs
0042100402,1610612738,Boston,Celtics,BOS,celtics,201143,Al,Horford,A. Horford,al-horford,F,,42,27:38,0,0,0,2,24,6,11,30,1,0,2,1,2021-22,Playoffs
0042100402,1610612738,Boston,Celtics,BOS,celtics,1629057,Robert,Williams III,R. Williams III,robert-williams-iii,C,,44,14:02,2,0,0,2,9,2,5,18,2,0,2,1,2021-22,Playoffs
0042100402,1610612738,Boston,Celtics,BOS,celtics,1627759,Jaylen,Brown,J. Brown,jaylen-brown,G,,7,27:37,3,0,6,2,17,6,9,32,0,0,3,3,2021-22,Playoffs
0042100402,1610612738,Boston,Celtics,BOS,celtics,203935,Marcus,Smart,M. Smart,marcus-smart,G,,36,25:08,2,0,0,2,18,6,8,30,0,1,4,1,2021-22,Playoffs
0042100402,1610612738,Boston,Celtics,BOS,celtics,1629684,Grant,Williams,G. Williams,grant-williams,,,12,20:54,0,0,1,2,18,0,3,8,1,0,3,1,2021-22,Playoffs
0042100402,1610612738,Boston,Celtics,BOS,celtics,1628401,Derrick,White,D. White,derrick-white,,,9,30:15,2,3,2,2,27,4,10,22,2,0,2,2,2021-22,Playoffs
0042100402,1610612738,Boston,Celtics,BOS,celtics,1628464,Daniel,Theis,D. Theis,daniel-theis,,,27,14:25,0,0,0,0,9,0,1,4,1,0,0,0,2021-22,Playoffs
0042100402,1610612738,Boston,Celtics,BOS,celtics,1630202,Payton,Pritchard,P. Pritchard,payton-pritchard,,,11,18:35,0,0,4,2,12,0,1,8,0,0,0,1,2021-22,Playoffs
0042100402,1610612738,Boston,Celtics,BOS,celtics,1630174,Aaron,Nesmith,A. Nesmith,aaron-nesmith,,,26,10:45,2,0,0,4,0,0,0,4,0,0,0,0,2021-22,Playoffs
0042100402,1610612738,Boston,Celtics,BOS,celtics,1630573,Sam,Hauser,S. Hauser,sam-hauser,,,30,5:38,0,0,0,0,0,0,0,4,0,0,0,0,2021-22,Playoffs
0042100402,1610612738,Boston,Celtics,BOS,celtics,203917,Nik,Stauskas,N. Stauskas,nik-stauskas,,,13,3:35,3,0,0,0,0,0,0,2,0,0,0,0,2021-22,Playoffs
0042100402,1610612738,Boston,Celtics,BOS,celtics,1628436,Luke,Kornet,L. Kornet,luke-kornet,,,40,3:35,0,0,0,2,0,0,0,2,0,0,0,0,2021-22,Playoffs
0042100402,1610612738,Boston,Celtics,BOS,celtics,1630238,Malik,Fitts,M. Fitts,malik-fitts,,,8,3:35,0,0,0,0,0,0,0,2,0,0,0,0,2021-22,Playoffs
0042100402,1610612738,Boston,Celtics,BOS,celtics,1629752,Juwan,Morgan,J. Morgan,juwan-morgan,,DNP - Coach's Decision,16,,0,0,0,0,0,0,0,0,0,0,0,0,2021-22,Playoffs
0042100402,1610612744,Golden State,Warriors,GSW,warriors,203952,Andrew,Wiggins,A. Wiggins,andrew-wiggins,F,,22,30:30,3,2,0,4,8,6,6,12,0,2,2,2,2021-22,Playoffs
0042100402,1610612744,Golden State,Warriors,GSW,warriors,203110,Draymond,Green,D. Green,draymond-green,F,,23,34:53,4,0,2,4,9,6,11,18,1,0,3,8,2021-22,Playoffs
0042100402,1610612744,Golden State,Warriors,GSW,warriors,1626172,Kevon,Looney,K. Looney,kevon-looney,C,,5,21:22,0,2,0,12,8,3,8,10,1,0,2,1,2021-22,Playoffs
0042100402,1610612744,Golden State,Warriors,GSW,warriors,202691,Klay,Thompson,K. Thompson,klay-thompson,G,,11,30:27,5,0,2,4,11,3,13,18,0,1,1,1,2021-22,Playoffs
0042100402,1610612744,Golden State,Warriors,GSW,warriors,201939,Stephen,Curry,S. Curry,stephen-curry,G,,30,32:11,14,0,4,4,6,6,6,12,0,2,2,5,2021-22,Playoffs
0042100402,1610612744,Golden State,Warriors,GSW,warriors,1629673,Jordan,Poole,J. Poole,jordan-poole,,,3,22:38,3,0,0,0,9,0,7,14,0,2,1,0,2021-22,Playoffs
0042100402,1610612744,Golden State,Warriors,GSW,warriors,1627780,Gary,Payton II,G. Payton II,gary-payton-ii,,,0,25:19,2,2,2,4,5,3,7,10,0,0,2,1,2021-22,Playoffs
0042100402,1610612744,Golden State,Warriors,GSW,warriors,203490,Otto,Porter Jr.,O. Porter Jr.,otto-porter-jr,,,32,14:52,0,0,0,0,1,3,0,2,0,0,1,0,2021-22,Playoffs
0042100402,1610612744,Golden State,Warriors,GSW,warriors,202357,Nemanja,Bjelica,N. Bjelica,nemanja-bjelica,,,8,10:36,2,0,2,6,4,0,5,6,0,0,3,0,2021-22,Playoffs
0042100402,1610612744,Golden State,Warriors,GSW,warriors,1630541,Moses,Moody,M. Moody,moses-moody,,,4,6:27,0,0,0,2,5,0,2,6,0,0,0,0,2021-22,Playoffs
0042100402,1610612744,Golden State,Warriors,GSW,warriors,1629308,Juan,Toscano-Anderson,J. Toscano-Anderson,juan-toscano-anderson,,,95,3:35,0,0,0,0,3,0,0,4,0,0,0,0,2021-22,Playoffs
0042100402,1610612744,Golden State,Warriors,GSW,warriors,1627814,Damion,Lee,D. Lee,damion-lee,,,1,3:35,0,0,0,0,3,0,0,4,0,0,0,0,2021-22,Playoffs
0042100402,1610612744,Golden State,Warriors,GSW,warriors,1630228,Jonathan,Kuminga,J. Kuminga,jonathan-kuminga,,,00,3:35,0,0,0,0,3,0,0,4,0,0,0,0,2021-22,Playoffs
0042100403,1610612744,Golden State,Warriors,GSW,warriors,203952,Andrew,Wiggins,A. Wiggins,andrew-wiggins,F,,22,40:22,6,3,6,10,15,22,4,50,2,0,4,4,2021-22,Playoffs
0042100403,1610612744,Golden State,Warriors,GSW,warriors,203110,Draymond,Green,D. Green,draymond-green,F,,23,34:47,2,0,0,2,13,19,4,40,1,1,6,1,2021-22,Playoffs
0042100403,1610612744,Golden State,Warriors,GSW,warriors,1626172,Kevon,Looney,K. Looney,kevon-looney,C,,5,16:49,0,0,2,6,4,6,2,18,0,1,3,0,2021-22,Playoffs
0042100403,1610612744,Golden State,Warriors,GSW,warriors,202691,Klay,Thompson,K. Thompson,klay-thompson,G,,11,39:02,2,6,0,0,9,14,4,42,1,1,1,3,2021-22,Playoffs
0042100403,1610612744,Golden State,Warriors,GSW,warriors,201939,Stephen,Curry,S. Curry,stephen-curry,G,,30,37:08,6,0,5,2,15,19,4,44,0,1,4,5,2021-22,Playoffs
0042100403,1610612744,Golden State,Warriors,GSW,warriors,1627780,Gary,Payton II,G. Payton II,gary-payton-ii,,,0,11:25,2,0,2,0,10,8,2,14,0,1,2,1,2021-22,Playoffs
0042100403,1610612744,Golden State,Warriors,GSW,warriors,203490,Otto,Porter Jr.,O. Porter Jr.,otto-porter-jr,,,32,21:07,0,0,3,0,3,7,0,20,0,1,1,1,2021-22,Playoffs
0042100403,1610612744,Golden State,Warriors,GSW,warriors,1629673,Jordan,Poole,J. Poole,jordan-poole,,,3,24:28,1,2,0,6,8,11,0,22,0,0,2,1,2021-22,Playoffs
0042100403,1610612744,Golden State,Warriors,GSW,warriors,2738,Andre,Iguodala,A. Iguodala,andre-iguodala,,,9,2:09,0,0,0,0,0,2,0,4,0,0,0,0,2021-22,Playoffs
0042100403,1610612744,Golden State,Warriors,GSW,warriors,202357,Nemanja,Bjelica,N. Bjelica,nemanja-bjelica,,,8,3:27,0,0,0,0,0,2,0,6,0,1,0,0,2021-22,Playoffs
0042100403,1610612744,Golden State,Warriors,GSW,warriors,1630541,Moses,Moody,M. Moody,moses-moody,,,4,2:19,0,0,0,0,2,0,0,0,1,0,0,0,2021-22,Playoffs
0042100403,1610612744,Golden State,Warriors,GSW,warriors,1630228,Jonathan,Kuminga,J. Kuminga,jonathan-kuminga,,,00,2:19,0,0,0,0,2,0,0,0,0,0,0,1,2021-22,Playoffs
0042100403,1610612744,Golden State,Warriors,GSW,warriors,1627814,Damion,Lee,D. Lee,damion-lee,,,1,2:19,0,0,0,0,2,0,0,0,0,0,0,0,2021-22,Playoffs
0042100403,1610612744,Golden State,Warriors,GSW,warriors,1629308,Juan,Toscano-Anderson,J. Toscano-Anderson,juan-toscano-anderson,,,95,2:19,0,0,0,0,2,0,0,0,0,0,0,0,2021-22,Playoffs
0042100403,1610612738,Boston,Celtics,BOS,celtics,1628369,Jayson,Tatum,J. Tatum,jayson-tatum,F,,0,41:18,2,4,0,10,19,11,18,24,0,1,2,4,2021-22,Playoffs
0042100403,1610612738,Boston,Celtics,BOS,celtics,201143,Al,Horford,A. Horford,al-horford,F,,42,30:07,0,2,2,8,14,5,16,24,1,0,3,2,2021-22,Playoffs
0042100403,1610612738,Boston,Celtics,BOS,celtics,1629057,Robert,Williams III,R. Williams III,robert-williams-iii,C,,44,25:57,0,4,0,6,7,8,6,10,4,0,3,0,2021-22,Playoffs
0042100403,1610612738,Boston,Celtics,BOS,celtics,1627759,Jaylen,Brown,J. Brown,jaylen-brown,G,,7,39:40,11,5,2,10,17,11,18,24,1,2,2,7,2021-22,Playoffs
0042100403,1610612738,Boston,Celtics,BOS,celtics,203935,Marcus,Smart,M. Smart,marcus-smart,G,,36,39:23,2,0,0,10,15,8,16,26,0,0,3,5,2021-22,Playoffs
0042100403,1610612738,Boston,Celtics,BOS,celtics,1628401,Derrick,White,D. White,derrick-white,,,9,23:35,0,2,0,4,14,6,12,12,1,1,2,3,2021-22,Playoffs
0042100403,1610612738,Boston,Celtics,BOS,celtics,1629684,Grant,Williams,G. Williams,grant-williams,,,12,20:09,2,5,0,4,5,6,2,4,0,0,2,2,2021-22,Playoffs
0042100403,1610612738,Boston,Celtics,BOS,celtics,1630202,Payton,Pritchard,P. Pritchard,payton-pritchard,,,11,9:47,0,0,0,0,4,0,2,6,0,0,0,0,2021-22,Playoffs
0042100403,1610612738,Boston,Celtics,BOS,celtics,1630174,Aaron,Nesmith,A. Nesmith,aaron-nesmith,,,26,2:02,0,0,0,0,0,0,0,0,0,0,0,0,2021-22,Playoffs
0042100403,1610612738,Boston,Celtics,BOS,celtics,1630573,Sam,Hauser,S. Hauser,sam-hauser,,,30,2:02,0,0,0,0,0,0,0,0,0,1,0,0,2021-22,Playoffs
0042100403,1610612738,Boston,Celtics,BOS,celtics,1629752,Juwan,Morgan,J. Morgan,juwan-morgan,,,16,2:00,0,0,0,0,0,0,0,0,0,0,0,0,2021-22,Playoffs
0042100403,1610612738,Boston,Celtics,BOS,celtics,203917,Nik,Stauskas,N. Stauskas,nik-stauskas,,,13,2:00,0,0,0,0,0,0,0,0,0,0,0,0,2021-22,Playoffs
0042100403,1610612738,Boston,Celtics,BOS,celtics,1630238,Malik,Fitts,M. Fitts,malik-fitts,,,8,2:00,0,0,0,0,0,0,0,0,0,0,0,0,2021-22,Playoffs
0042100403,1610612738,Boston,Celtics,BOS,celtics,1628436,Luke,Kornet,L. Kornet,luke-kornet,,DNP - Coach's Decision,40,,0,0,0,0,0,0,0,0,0,0,0,0,2021-22,Playoffs
0042100403,1610612738,Boston,Celtics,BOS,celtics,1628464,Daniel,Theis,D. Theis,daniel-theis,,DNP - Coach's Decision,27,,0,0,0,0,0,0,0,0,0,0,0,0,2021-22,Playoffs
0042100404,1610612744,Golden State,Warriors,GSW,warriors,203952,Andrew,Wiggins,A. Wiggins,andrew-wiggins,F,,22,43:26,1,7,3,8,10,8,10,22,0,2,2,4,2021-22,Playoffs
0042100404,1610612744,Golden State,Warriors,GSW,warriors,203490,Otto,Porter Jr.,O. Porter Jr.,otto-porter-jr,F,,32,14:30,0,0,0,0,7,7,7,12,0,0,1,1,2021-22,Playoffs
0042100404,1610612744,Golden State,Warriors,GSW,warriors,203110,Draymond,Green,D. Green,draymond-green,C,,23,32:58,0,2,0,2,13,5,7,22,0,1,3,1,2021-22,Playoffs
0042100404,1610612744,Golden State,Warriors,GSW,warriors,202691,Klay,Thompson,K. Thompson,klay-thompson,G,,11,40:49,5,0,0,4,15,10,12,28,2,0,4,0,2021-22,Playoffs
0042100404,1610612744,Golden State,Warriors,GSW,warriors,201939,Stephen,Curry,S. Curry,stephen-curry,G,,30,40:41,7,4,2,10,17,12,14,30,0,2,3,10,2021-22,Playoffs
0042100404,1610612744,Golden State,Warriors,GSW,warriors,1626172,Kevon,Looney,K. Looney,kevon-looney,,,5,28:10,0,4,0,6,7,7,7,14,1,0,3,0,2021-22,Playoffs
0042100404,1610612744,Golden State,Warriors,GSW,warriors,1627780,Gary,Payton II,G. Payton II,gary-payton-ii,,,0,9:54,0,2,0,4,4,4,7,10,1,0,1,1,2021-22,Playoffs
0042100404,1610612744,Golden State,Warriors,GSW,warriors,1629673,Jordan,Poole,J. Poole,jordan-poole,,,3,20:33,6,0,3,4,7,7,4,16,1,0,4,0,2021-22,Playoffs
0042100404,1610612744,Golden State,Warriors,GSW,warriors,202357,Nemanja,Bjelica,N. Bjelica,nemanja-bjelica,,,8,9:00,0,0,0,0,5,0,2,6,0,1,0,0,2021-22,Playoffs
0042100404,1610612744,Golden State,Warriors,GSW,warriors,2738,Andre,Iguodala,A. Iguodala,andre-iguodala,,DNP - Coach's Decision,9,,0,0,0,0,0,0,0,0,0,0,0,0,2021-22,Playoffs
0042100404,1610612744,Golden State,Warriors,GSW,warriors,1630228,Jonathan,Kuminga,J. Kuminga,jonathan-kuminga,,DNP - Coach's Decision,00,,0,0,0,0,0,0,0,0,0,0,0,0,2021-22,Playoffs
0042100404,1610612744,Golden State,Warriors,GSW,warriors,1627814,Damion,Lee,D. Lee,damion-lee,,DNP - Coach's Decision,1,,0,0,0,0,0,0,0,0,0,0,0,0,2021-22,Playoffs
0042100404,1610612744,Golden State,Warriors,GSW,warriors,1630541,Moses,Moody,M. Moody,moses-moody,,DNP - Coach's Decision,4,,0,0,0,0,0,0,0,0,0,0,0,0,2021-22,Playoffs
0042100404,1610612744,Golden State,Warriors,GSW,warriors,1629308,Juan,Toscano-Anderson,J. Toscano-Anderson,juan-toscano-anderson,,DNP - Coach's Decision,95,,0,0,0,0,0,0,0,0,0,0,0,0,2021-22,Playoffs
0042100404,1610612738,Boston,Celtics,BOS,celtics,1628369,Jayson,Tatum,J. Tatum,jayson-tatum,F,,0,42:40,3,4,3,6,16,19,8,34,3,1,3,4,2021-22,Playoffs
0042100404,1610612738,Boston,Celtics,BOS,celtics,201143,Al,Horford,A. Horford,al-horford,F,,42,28:05,2,0,2,0,11,13,5,20,1,0,3,1,2021-22,Playoffs
0042100404,1610612738,Boston,Celtics,BOS,celtics,1629057,Robert,Williams III,R. Williams III,robert-williams-iii,C,,44,31:27,2,5,0,6,13,10,7,28,2,0,0,1,2021-22,Playoffs
0042100404,1610612738,Boston,Celtics,BOS,celtics,1627759,Jaylen,Brown,J. Brown,jaylen-brown,G,,7,39:42,4,0,4,12,13,17,3,32,0,0,5,4,2021-22,Playoffs
0042100404,1610612738,Boston,Celtics,BOS,celtics,203935,Marcus,Smart,M. Smart,marcus-smart,G,,36,39:57,3,3,2,6,19,19,8,32,0,3,2,4,2021-22,Playoffs
0042100404,1610612738,Boston,Celtics,BOS,celtics,1628401,Derrick,White,D. White,derrick-white,,,9,35:33,3,0,3,2,14,15,6,28,0,1,0,6,2021-22,Playoffs
0042100404,1610612738,Boston,Celtics,BOS,celtics,1629684,Grant,Williams,G. Williams,grant-williams,,,12,12:32,0,0,0,0,3,0,0,10,0,0,4,0,2021-22,Playoffs
0042100404,1610612738,Boston,Celtics,BOS,celtics,1630202,Payton,Pritchard,P. Pritchard,payton-pritchard,,,11,10:04,0,0,0,0,6,2,3,6,0,0,0,1,2021-22,Playoffs
0042100404,1610612738,Boston,Celtics,BOS,celtics,1630238,Malik,Fitts,M. Fitts,malik-fitts,,DNP - Coach's Decision,8,,0,0,0,0,0,0,0,0,0,0,0,0,2021-22,Playoffs
0042100404,1610612738,Boston,Celtics,BOS,celtics,1630573,Sam,Hauser,S. Hauser,sam-hauser,,DNP - Coach's Decision,30,,0,0,0,0,0,0,0,0,0,0,0,0,2021-22,Playoffs
0042100404,1610612738,Boston,Celtics,BOS,celtics,1628436,Luke,Kornet,L. Kornet,luke-kornet,,DNP - Coach's Decision,40,,0,0,0,0,0,0,0,0,0,0,0,0,2021-22,Playoffs
0042100404,1610612738,Boston,Celtics,BOS,celtics,1629752,Juwan,Morgan,J. Morgan,juwan-morgan,,DNP - Coach's Decision,16,,0,0,0,0,0,0,0,0,0,0,0,0,2021-22,Playoffs
0042100404,1610612738,Boston,Celtics,BOS,celtics,1630174,Aaron,Nesmith,A. Nesmith,aaron-nesmith,,DNP - Coach's Decision,26,,0,0,0,0,0,0,0,0,0,0,0,0,2021-22,Playoffs
0042100404,1610612738,Boston,Celtics,BOS,celtics,203917,Nik,Stauskas,N. Stauskas,nik-stauskas,,DNP - Coach's Decision,13,,0,0,0,0,0,0,0,0,0,0,0,0,2021-22,Playoffs
0042100404,1610612738,Boston,Celtics,BOS,celtics,1628464,Daniel,Theis,D. Theis,daniel-theis,,DNP - Coach's Decision,27,,0,0,0,0,0,0,0,0,0,0,0,0,2021-22,Playoffs
0042100405,1610612738,Boston,Celtics,BOS,celtics,1628369,Jayson,Tatum,J. Tatum,jayson-tatum,F,,0,44:25,5,2,0,6,20,7,10,50,0,0,3,7,2021-22,Playoffs
0042100405,1610612738,Boston,Celtics,BOS,celtics,201143,Al,Horford,A. Horford,al-horford,F,,42,32:51,0,3,0,2,18,4,8,38,0,0,1,2,2021-22,Playoffs
0042100405,1610612738,Boston,Celtics,BOS,celtics,1629057,Robert,Williams III,R. Williams III,robert-williams-iii,C,,44,30:14,0,4,0,8,12,3,8,30,0,0,2,1,2021-22,Playoffs
0042100405,1610612738,Boston,Celtics,BOS,celtics,1627759,Jaylen,Brown,J. Brown,jaylen-brown,G,,7,44:03,2,2,2,10,20,6,12,46,0,1,2,9,2021-22,Playoffs
0042100405,1610612738,Boston,Celtics,BOS,celtics,203935,Marcus,Smart,M. Smart,marcus-smart,G,,36,39:42,2,3,0,8,18,6,10,44,0,0,4,3,2021-22,Playoffs
0042100405,1610612738,Boston,Celtics,BOS,celtics,1628401,Derrick,White,D. White,derrick-white,,,9,21:25,0,0,0,0,9,5,4,24,0,1,1,2,2021-22,Playoffs
0042100405,1610612738,Boston,Celtics,BOS,celtics,1629684,Grant,Williams,G. Williams,grant-williams,,,12,16:04,0,0,3,2,9,3,6,14,2,0,3,2,2021-22,Playoffs
0042100405,1610612738,Boston,Celtics,BOS,celtics,1630202,Payton,Pritchard,P. Pritchard,payton-pritchard,,,11,4:41,0,0,0,0,4,1,2,4,0,0,0,0,2021-22,Playoffs
0042100405,1610612738,Boston,Celtics,BOS,celtics,1629752,Juwan,Morgan,J. Morgan,juwan-morgan,,,16,1:19,0,0,0,0,0,0,0,0,0,0,0,0,2021-22,Playoffs
0042100405,1610612738,Boston,Celtics,BOS,celtics,1630573,Sam,Hauser,S. Hauser,sam-hauser,,,30,1:19,0,0,0,0,0,0,0,0,0,0,0,0,2021-22,Playoffs
0042100405,1610612738,Boston,Celtics,BOS,celtics,203917,Nik,Stauskas,N. Stauskas,nik-stauskas,,,13,1:19,0,0,0,0,0,0,0,0,0,0,0,0,2021-22,Playoffs
0042100405,1610612738,Boston,Celtics,BOS,celtics,1628436,Luke,Kornet,L. Kornet,luke-kornet,,,40,1:19,0,0,3,0,0,0,0,0,0,0,0,0,2021-22,Playoffs
0042100405,1610612738,Boston,Celtics,BOS,celtics,1630174,Aaron,Nesmith,A. Nesmith,aaron-nesmith,,,26,1:19,0,2,0,0,0,0,0,0,0,0,0,2,2021-22,Playoffs
0042100405,1610612738,Boston,Celtics,BOS,celtics,1630238,Malik,Fitts,M. Fitts,malik-fitts,,DNP - Coach's Decision,8,,0,0,0,0,0,0,0,0,0,0,0,0,2021-22,Playoffs
0042100405,1610612738,Boston,Celtics,BOS,celtics,1628464,Daniel,Theis,D. Theis,daniel-theis,,DNP - Coach's Decision,27,,0,0,0,0,0,0,0,0,0,0,0,0,2021-22,Playoffs
0042100405,1610612744,Golden State,Warriors,GSW,warriors,203952,Andrew,Wiggins,A. Wiggins,andrew-wiggins,F,,22,42:32,7,3,2,20,9,14,5,34,1,0,2,4,2021-22,Playoffs
0042100405,1610612744,Golden State,Warriors,GSW,warriors,203490,Otto,Porter Jr.,O. Porter Jr.,otto-porter-jr,F,,32,14:37,0,0,0,2,5,0,2,4,1,0,2,0,2021-22,Playoffs
0042100405,1610612744,Golden State,Warriors,GSW,warriors,203110,Draymond,Green,D. Green,draymond-green,C,,23,34:59,2,0,2,6,9,7,2,24,0,1,6,2,2021-22,Playoffs
0042100405,1610612744,Golden State,Warriors,GSW,warriors,202691,Klay,Thompson,K. Thompson,klay-thompson,G,,11,39:38,7,0,2,0,9,12,5,28,0,0,4,2,2021-22,Playoffs
0042100405,1610612744,Golden State,Warriors,GSW,warriors,201939,Stephen,Curry,S. Curry,stephen-curry,G,,30,37:08,2,0,2,10,7,10,5,28,0,1,2,3,2021-22,Playoffs
0042100405,1610612744,Golden State,Warriors,GSW,warriors,1626172,Kevon,Looney,K. Looney,kevon-looney,,,5,16:45,0,2,0,2,0,7,3,12,0,0,5,0,2021-22,Playoffs
0042100405,1610612744,Golden State,Warriors,GSW,warriors,1627780,Gary,Payton II,G. Payton II,gary-payton-ii,,,0,26:09,2,2,4,10,2,8,3,24,0,0,3,3,2021-22,Playoffs
0042100405,1610612744,Golden State,Warriors,GSW,warriors,2738,Andre,Iguodala,A. Iguodala,andre-iguodala,,,9,3:56,0,0,0,0,0,2,0,6,0,0,0,0,2021-22,Playoffs
0042100405,1610612744,Golden State,Warriors,GSW,warriors,1629673,Jordan,Poole,J. Poole,jordan-poole,,,3,14:17,2,0,0,0,2,6,0,16,0,0,1,2,2021-22,Playoffs
0042100405,1610612744,Golden State,Warriors,GSW,warriors,202357,Nemanja,Bjelica,N. Bjelica,nemanja-bjelica,,,8,4:43,0,0,0,0,2,6,3,4,0,0,1,0,2021-22,Playoffs
0042100405,1610612744,Golden State,Warriors,GSW,warriors,1627814,Damion,Lee,D. Lee,damion-lee,,,1,1:19,0,0,0,0,0,2,3,0,0,0,0,0,2021-22,Playoffs
0042100405,1610612744,Golden State,Warriors,GSW,warriors,1630541,Moses,Moody,M. Moody,moses-moody,,,4,1:19,0,0,0,0,0,2,3,0,0,0,0,0,2021-22,Playoffs
0042100405,1610612744,Golden State,Warriors,GSW,warriors,1630228,Jonathan,Kuminga,J. Kuminga,jonathan-kuminga,,,00,1:19,0,0,0,0,0,2,3,0,0,0,0,0,2021-22,Playoffs
0042100405,1610612744,Golden State,Warriors,GSW,warriors,1629308,Juan,Toscano-Anderson,J. Toscano-Anderson,juan-toscano-anderson,,,95,1:19,0,0,0,0,0,2,3,0,0,0,2,0,2021-22,Playoffs
0042100406,1610612744,Golden State,Warriors,GSW,warriors,203952,Andrew,Wiggins,A. Wiggins,andrew-wiggins,F,,22,43:41,2,5,4,6,27,11,12,38,3,1,0,2,2021-22,Playoffs
0042100406,1610612744,Golden State,Warriors,GSW,warriors,203490,Otto,Porter Jr.,O. Porter Jr.,otto-porter-jr,F,,32,13:03,0,0,0,0,11,4,2,6,0,0,0,0,2021-22,Playoffs
0042100406,1610612744,Golden State,Warriors,GSW,warriors,203110,Draymond,Green,D. Green,draymond-green,C,,23,41:49,2,2,2,2,27,8,10,32,2,1,1,3,2021-22,Playoffs
0042100406,1610612744,Golden State,Warriors,GSW,warriors,202691,Klay,Thompson,K. Thompson,klay-thompson,G,,11,41:18,5,0,0,4,27,11,12,36,0,1,3,0,2021-22,Playoffs
0042100406,1610612744,Golden State,Warriors,GSW,warriors,201939,Stephen,Curry,S. Curry,stephen-curry,G,,30,39:55,7,6,3,12,25,13,12,30,1,3,4,7,2021-22,Playoffs
0042100406,1610612744,Golden State,Warriors,GSW,warriors,1626172,Kevon,Looney,K. Looney,kevon-looney,,,5,21:40,0,0,0,0,7,9,10,20,0,0,4,1,2021-22,Playoffs
0042100406,1610612744,Golden State,Warriors,GSW,warriors,1627780,Gary,Payton II,G. Payton II,gary-payton-ii,,,0,19:46,2,2,4,4,9,4,0,14,1,0,5,2,2021-22,Playoffs
0042100406,1610612744,Golden State,Warriors,GSW,warriors,1629673,Jordan,Poole,J. Poole,jordan-poole,,,3,17:47,2,6,0,4,2,5,2,14,0,2,3,1,2021-22,Playoffs
0042100406,1610612744,Golden State,Warriors,GSW,warriors,2738,Andre,Iguodala,A. Iguodala,andre-iguodala,,,9,1:01,0,0,0,0,0,0,0,0,0,0,0,0,2021-22,Playoffs
0042100406,1610612744,Golden State,Warriors,GSW,warriors,202357,Nemanja,Bjelica,N. Bjelica,nemanja-bjelica,,DNP - Coach's Decision,8,,0,0,0,0,0,0,0,0,0,0,0,0,2021-22,Playoffs
0042100406,1610612744,Golden State,Warriors,GSW,warriors,1630228,Jonathan,Kuminga,J. Kuminga,jonathan-kuminga,,DNP - Coach's Decision,00,,0,0,0,0,0,0,0,0,0,0,0,0,2021-22,Playoffs
0042100406,1610612744,Golden State,Warriors,GSW,warriors,1627814,Damion,Lee,D. Lee,damion-lee,,DNP - Coach's Decision,1,,0,0,0,0,0,0,0,0,0,0,0,0,2021-22,Playoffs
0042100406,1610612744,Golden State,Warriors,GSW,warriors,1630541,Moses,Moody,M. Moody,moses-moody,,DNP - Coach's Decision,4,,0,0,0,0,0,0,0,0,0,0,0,0,2021-22,Playoffs
0042100406,1610612744,Golden State,Warriors,GSW,warriors,1629308,Juan,Toscano-Anderson,J. Toscano-Anderson,juan-toscano-anderson,,DNP - Coach's Decision,95,,0,0,0,0,0,0,0,0,0,0,0,0,2021-22,Playoffs
0042100406,1610612738,Boston,Celtics,BOS,celtics,1628369,Jayson,Tatum,J. Tatum,jayson-tatum,F,,0,40:13,3,0,2,6,14,19,9,22,1,3,3,0,2021-22,Playoffs
0042100406,1610612738,Boston,Celtics,BOS,celtics,201143,Al,Horford,A. Horford,al-horford,F,,42,39:13,8,0,0,4,16,19,9,24,1,1,1,5,2021-22,Playoffs
0042100406,1610612738,Boston,Celtics,BOS,celtics,1629057,Robert,Williams III,R. Williams III,robert-williams-iii,C,,44,32:37,0,4,0,8,14,13,7,14,5,1,2,2,2021-22,Playoffs
0042100406,1610612738,Boston,Celtics,BOS,celtics,1627759,Jaylen,Brown,J. Brown,jaylen-brown,G,,7,44:00,9,5,2,10,20,18,11,30,0,0,2,8,2021-22,Playoffs
0042100406,1610612738,Boston,Celtics,BOS,celtics,203935,Marcus,Smart,M. Smart,marcus-smart,G,,36,38:29,2,4,3,6,18,13,11,26,0,1,5,3,2021-22,Playoffs
0042100406,1610612738,Boston,Celtics,BOS,celtics,1628401,Derrick,White,D. White,derrick-white,,,9,16:27,2,0,2,2,6,8,6,14,0,1,1,0,2021-22,Playoffs
0042100406,1610612738,Boston,Celtics,BOS,celtics,1630202,Payton,Pritchard,P. Pritchard,payton-pritchard,,,11,7:57,0,0,0,0,4,5,4,12,0,0,0,0,2021-22,Playoffs
0042100406,1610612738,Boston,Celtics,BOS,celtics,1629684,Grant,Williams,G. Williams,grant-williams,,,12,15:51,3,0,3,2,8,10,8,18,1,0,1,2,2021-22,Playoffs
0042100406,1610612738,Boston,Celtics,BOS,celtics,203917,Nik,Stauskas,N. Stauskas,nik-stauskas,,,13,1:03,0,0,0,0,0,0,0,0,0,0,0,0,2021-22,Playoffs
0042100406,1610612738,Boston,Celtics,BOS,celtics,1628436,Luke,Kornet,L. Kornet,luke-kornet,,,40,1:03,0,0,0,0,0,0,0,0,0,0,0,0,2021-22,Playoffs
0042100406,1610612738,Boston,Celtics,BOS,celtics,1630573,Sam,Hauser,S. Hauser,sam-hauser,,,30,1:03,0,0,0,0,0,0,0,0,0,0,0,0,2021-22,Playoffs
0042100406,1610612738,Boston,Celtics,BOS,celtics,1630174,Aaron,Nesmith,A. Nesmith,aaron-nesmith,,,26,1:03,0,0,0,0,0,0,0,0,0,0,1,0,2021-22,Playoffs
0042100406,1610612738,Boston,Celtics,BOS,celtics,1629752,Juwan,Morgan,J. Morgan,juwan-morgan,,,16,1:01,0,0,0,0,0,0,0,0,0,0,0,0,2021-22,Playoffs
0042100406,1610612738,Boston,Celtics,BOS,celtics,1630238,Malik,Fitts,M. Fitts,malik-fitts,,DNP - Coach's Decision,8,,0,0,0,0,0,0,0,0,0,0,0,0,2021-22,Playoffs
0042100406,1610612738,Boston,Celtics,BOS,celtics,1628464,Daniel,Theis,D. Theis,daniel-theis,,DNP - Coach's Decision,27,,0,0,0,0,0,0,0,0,0,0,0,0,2021-22,Playoffs
