gameId,teamId,teamCity,teamName,teamTricode,teamSlug,personId,firstName,familyName,nameI,playerSlug,position,comment,jerseyNum,minutes,estimatedOffensiveRating,offensiveRating,estimatedDefensiveRating,defensiveRating,estimatedNetRating,netRating,assistPercentage,assistToTurnover,assistRatio,offensiveReboundPercentage,defensiveReboundPercentage,reboundPercentage,turnoverRatio,effectiveFieldGoalPercentage,trueShootingPercentage,usagePercentage,estimatedUsagePercentage,estimatedPace,pace,pacePer40,possessions,PIE,SEASON,SEASON_TYPE
0042000101,1610612764,Washington,Wizards,WAS,wizards,203078,Bradley,Beal,B. Beal,bradley-beal,F,,,40:59,119.3,119.3,126.7,126.7,-7.4,-7.4,0.2,1.0,15.8,0.065,0.167,0.127,15.8,0.587,0.644,0.323,0.323,101.9,101.9,84.91,88.0,0.174,2020-21,Playoffs
0042000101,1610612764,Washington,Wizards,WAS,wizards,1629060,Rui,Hachimura,R. Hachimura,rui-hachimura,F,,,36:08,100.0,100.0,124.7,124.7,-24.7,-24.7,0.0,0.0,0.0,0.0,0.128,0.07,0.0,0.75,0.75,0.096,0.096,102.29,102.29,85.24,77.0,0.073,2020-21,Playoffs
0042000101,1610612764,Washington,Wizards,WAS,wizards,203458,Alex,Len,A. Len,alex-len,C,,,16:11,82.4,82.4,133.3,133.3,-51.0,-51.0,0.0,0.0,0.0,0.0,0.231,0.103,10.0,0.667,0.661,0.263,0.263,99.36,99.36,82.8,34.0,0.099,2020-21,Playoffs
0042000101,1610612764,Washington,Wizards,WAS,wizards,203526,Raul,Neto,R. Neto,raul-neto,G,,,21:44,111.1,111.1,139.1,139.1,-28.0,-28.0,0.056,1.0,14.3,0.059,0.1,0.081,14.3,0.7,0.7,0.125,0.125,100.49,100.49,83.74,45.0,0.068,2020-21,Playoffs
0042000101,1610612764,Washington,Wizards,WAS,wizards,201566,Russell,Westbrook,R. Westbrook,russell-westbrook,G,,,42:41,110.9,110.9,123.3,123.3,-12.5,-12.5,0.4,2.33,36.8,0.026,0.087,0.06,15.8,0.412,0.447,0.231,0.231,102.34,102.34,85.28,92.0,0.079,2020-21,Playoffs
0042000101,1610612764,Washington,Wizards,WAS,wizards,202397,Ish,Smith,I. Smith,ish-smith,,,,22:34,130.6,130.6,114.6,114.6,16.0,16.0,0.083,0.0,18.2,0.0,0.08,0.045,0.0,0.333,0.333,0.161,0.161,103.16,103.16,85.97,49.0,0.05,2020-21,Playoffs
0042000101,1610612764,Washington,Wizards,WAS,wizards,202722,Davis,Bertans,D. Bertans,davis-bertans,,,,27:54,121.3,121.3,108.3,108.3,13.0,13.0,0.038,0.0,9.1,0.0,0.147,0.088,0.0,0.7,0.7,0.143,0.143,104.09,104.09,86.74,61.0,0.104,2020-21,Playoffs
0042000101,1610612764,Washington,Wizards,WAS,wizards,1629655,Daniel,Gafford,D. Gafford,daniel-gafford,,,,20:01,148.9,148.9,117.8,117.8,31.1,31.1,0.087,0.0,25.0,0.154,0.148,0.15,0.0,1.0,1.0,0.12,0.12,107.92,107.92,89.93,45.0,0.125,2020-21,Playoffs
0042000101,1610612764,Washington,Wizards,WAS,wizards,201577,Robin,Lopez,R. Lopez,robin-lopez,,,,11:48,92.0,92.0,103.7,103.7,-11.7,-11.7,0.0,0.0,0.0,0.091,0.077,0.083,20.0,0.75,0.75,0.179,0.179,105.75,105.75,88.12,25.0,0.037,2020-21,Playoffs
0042000101,1610612764,Washington,Wizards,WAS,wizards,1629067,Isaac,Bonga,I. Bonga,isaac-bonga,,DNP - Coach's Decision,,,0.0,0.0,0.0,0.0,0.0,0.0,0.0,0.0,0.0,0.0,0.0,0.0,0.0,0.0,0.0,0.0,0.0,0.0,0.0,0.0,0.0,0.0,2020-21,Playoffs
0042000101,1610612764,Washington,Wizards,WAS,wizards,1630264,Anthony,Gill,A. Gill,anthony-gill,,DNP - Coach's Decision,,,0.0,0.0,0.0,0.0,0.0,0.0,0.0,0.0,0.0,0.0,0.0,0.0,0.0,0.0,0.0,0.0,0.0,0.0,0.0,0.0,0.0,0.0,2020-21,Playoffs
0042000101,1610612764,Washington,Wizards,WAS,wizards,1628990,Chandler,Hutchison,C. Hutchison,chandler-hutchison,,DNP - Coach's Decision,,,0.0,0.0,0.0,0.0,0.0,0.0,0.0,0.0,0.0,0.0,0.0,0.0,0.0,0.0,0.0,0.0,0.0,0.0,0.0,0.0,0.0,0.0,2020-21,Playoffs
0042000101,1610612764,Washington,Wizards,WAS,wizards,1629726,Garrison,Mathews,G. Mathews,garrison-mathews,,DNP - Coach's Decision,,,0.0,0.0,0.0,0.0,0.0,0.0,0.0,0.0,0.0,0.0,0.0,0.0,0.0,0.0,0.0,0.0,0.0,0.0,0.0,0.0,0.0,0.0,2020-21,Playoffs
0042000101,1610612764,Washington,Wizards,WAS,wizards,1630216,Cassius,Winston,C. Winston,cassius-winston,,DNP - Coach's Decision,,,0.0,0.0,0.0,0.0,0.0,0.0,0.0,0.0,0.0,0.0,0.0,0.0,0.0,0.0,0.0,0.0,0.0,0.0,0.0,0.0,0.0,0.0,2020-21,Playoffs
0042000101,1610612755,Philadelphia,76ers,PHI,sixers,201980,Danny,Green,D. Green,danny-green,F,,,31:21,136.4,136.4,111.9,111.9,24.4,24.4,0.069,2.0,22.2,0.03,0.04,0.034,11.1,0.917,0.917,0.089,0.089,101.8,101.8,84.83,66.0,0.086,2020-21,Playoffs
0042000101,1610612755,Philadelphia,76ers,PHI,sixers,202699,Tobias,Harris,T. Harris,tobias-harris,F,,,37:02,120.3,120.3,116.3,116.3,4.0,4.0,0.095,1.0,5.7,0.0,0.194,0.079,5.7,0.552,0.593,0.34,0.34,103.04,103.04,85.87,79.0,0.188,2020-21,Playoffs
0042000101,1610612755,Philadelphia,76ers,PHI,sixers,203954,Joel,Embiid,J. Embiid,joel-embiid,C,,,29:46,125.4,125.4,92.2,92.2,33.2,33.2,0.15,0.6,10.0,0.0,0.222,0.109,16.7,0.563,0.691,0.38,0.38,102.43,102.43,85.35,63.0,0.185,2020-21,Playoffs
0042000101,1610612755,Philadelphia,76ers,PHI,sixers,203552,Seth,Curry,S. Curry,seth-curry,G,,,32:08,123.5,123.5,112.3,112.3,11.2,11.2,0.037,0.0,7.1,0.028,0.125,0.067,0.0,0.577,0.577,0.159,0.159,99.36,99.36,82.8,68.0,0.079,2020-21,Playoffs
0042000101,1610612755,Philadelphia,76ers,PHI,sixers,1627732,Ben,Simmons,B. Simmons,ben-simmons,G,,,38:05,126.8,126.8,104.9,104.9,22.0,22.0,0.429,7.5,51.7,0.19,0.212,0.2,6.9,0.333,0.258,0.146,0.146,103.33,103.33,86.11,82.0,0.093,2020-21,Playoffs
0042000101,1610612755,Philadelphia,76ers,PHI,sixers,2730,Dwight,Howard,D. Howard,dwight-howard,,,,18:15,117.9,117.9,151.3,151.3,-33.3,-33.3,0.0,0.0,0.0,0.08,0.154,0.105,0.0,0.667,0.621,0.102,0.102,102.62,102.62,85.52,39.0,0.052,2020-21,Playoffs
0042000101,1610612755,Philadelphia,76ers,PHI,sixers,1629680,Matisse,Thybulle,M. Thybulle,matisse-thybulle,,,,13:46,120.7,120.7,142.9,142.9,-22.2,-22.2,0.083,0.0,33.3,0.0,0.0,0.0,0.0,0.0,0.0,0.059,0.059,99.42,99.42,82.85,29.0,0.015,2020-21,Playoffs
0042000101,1610612755,Philadelphia,76ers,PHI,sixers,201588,George,Hill,G. Hill,george-hill,,,,18:25,112.8,112.8,109.8,109.8,3.1,3.1,0.2,0.0,20.0,0.059,0.053,0.056,0.0,0.688,0.688,0.186,0.186,104.25,104.25,86.88,39.0,0.115,2020-21,Playoffs
0042000101,1610612755,Philadelphia,76ers,PHI,sixers,1629003,Shake,Milton,S. Milton,shake-milton,,,,9:39,80.0,80.0,150.0,150.0,-70.0,-70.0,0.2,1.0,16.7,0.0,0.143,0.056,16.7,0.5,0.644,0.217,0.217,99.48,99.48,82.9,20.0,0.094,2020-21,Playoffs
0042000101,1610612755,Philadelphia,76ers,PHI,sixers,1627788,Furkan,Korkmaz,F. Korkmaz,furkan-korkmaz,,,,4:53,120.0,120.0,81.8,81.8,38.2,38.2,0.0,0.0,0.0,0.0,0.0,0.0,0.0,0.0,0.0,0.3,0.3,103.21,103.21,86.01,10.0,-0.154,2020-21,Playoffs
0042000101,1610612755,Philadelphia,76ers,PHI,sixers,1630178,Tyrese,Maxey,T. Maxey,tyrese-maxey,,,,6:41,117.6,117.6,131.3,131.3,-13.6,-13.6,0.0,0.0,0.0,0.0,0.0,0.0,0.0,1.0,1.042,0.056,0.056,118.5,118.5,98.75,17.0,0.08,2020-21,Playoffs
0042000101,1610612755,Philadelphia,76ers,PHI,sixers,1630198,Isaiah,Joe,I. Joe,isaiah-joe,,DNP - Coach's Decision,,,0.0,0.0,0.0,0.0,0.0,0.0,0.0,0.0,0.0,0.0,0.0,0.0,0.0,0.0,0.0,0.0,0.0,0.0,0.0,0.0,0.0,0.0,2020-21,Playoffs
0042000101,1610612755,Philadelphia,76ers,PHI,sixers,1630194,Paul,Reed,P. Reed,paul-reed,,DNP - Coach's Decision,,,0.0,0.0,0.0,0.0,0.0,0.0,0.0,0.0,0.0,0.0,0.0,0.0,0.0,0.0,0.0,0.0,0.0,0.0,0.0,0.0,0.0,0.0,2020-21,Playoffs
0042000101,1610612755,Philadelphia,76ers,PHI,sixers,203118,Mike,Scott,M. Scott,mike-scott,,DNP - Coach's Decision,,,0.0,0.0,0.0,0.0,0.0,0.0,0.0,0.0,0.0,0.0,0.0,0.0,0.0,0.0,0.0,0.0,0.0,0.0,0.0,0.0,0.0,0.0,2020-21,Playoffs
0042000101,1610612755,Philadelphia,76ers,PHI,sixers,201229,Anthony,Tolliver,A. Tolliver,anthony-tolliver,,DNP - Coach's Decision,,,0.0,0.0,0.0,0.0,0.0,0.0,0.0,0.0,0.0,0.0,0.0,0.0,0.0,0.0,0.0,0.0,0.0,0.0,0.0,0.0,0.0,0.0,2020-21,Playoffs
0042000102,1610612764,Washington,Wizards,WAS,wizards,203078,Bradley,Beal,B. Beal,bradley-beal,F,,,34:36,104.2,104.2,134.7,134.7,-30.6,-30.6,0.188,3.0,8.8,0.0,0.138,0.056,2.9,0.518,0.539,0.356,0.356,99.88,99.88,83.24,72.0,0.158,2020-21,Playoffs
0042000102,1610612764,Washington,Wizards,WAS,wizards,1629060,Rui,Hachimura,R. Hachimura,rui-hachimura,F,,,25:50,115.1,115.1,121.8,121.8,-6.7,-6.7,0.048,0.33,9.1,0.071,0.217,0.137,27.3,0.75,0.751,0.156,0.156,100.34,100.34,83.61,53.0,0.069,2020-21,Playoffs
0042000102,1610612764,Washington,Wizards,WAS,wizards,203458,Alex,Len,A. Len,alex-len,C,,,12:11,96.0,96.0,140.0,140.0,-44.0,-44.0,0.0,0.0,0.0,0.2,0.2,0.2,0.0,0.6,0.6,0.172,0.172,98.5,98.5,82.08,25.0,0.113,2020-21,Playoffs
0042000102,1610612764,Washington,Wizards,WAS,wizards,203526,Raul,Neto,R. Neto,raul-neto,G,,,19:19,90.0,90.0,129.3,129.3,-39.3,-39.3,0.083,0.0,16.7,0.04,0.111,0.07,0.0,0.4,0.4,0.109,0.109,100.64,100.64,83.87,40.0,0.031,2020-21,Playoffs
0042000102,1610612764,Washington,Wizards,WAS,wizards,201566,Russell,Westbrook,R. Westbrook,russell-westbrook,G,,,29:07,106.6,106.6,126.6,126.6,-20.0,-20.0,0.458,2.75,36.7,0.057,0.16,0.1,13.3,0.2,0.347,0.275,0.275,103.03,103.03,85.86,61.0,0.074,2020-21,Playoffs
0042000102,1610612764,Washington,Wizards,WAS,wizards,202722,Davis,Bertans,D. Bertans,davis-bertans,,,,23:43,106.1,106.1,126.0,126.0,-19.9,-19.9,0.0,0.0,0.0,0.0,0.105,0.041,0.0,0.0,0.0,0.068,0.068,100.17,100.17,83.47,49.0,-0.082,2020-21,Playoffs
0042000102,1610612764,Washington,Wizards,WAS,wizards,202397,Ish,Smith,I. Smith,ish-smith,,,,23:20,81.6,81.6,100.0,100.0,-18.4,-18.4,0.273,3.0,16.7,0.0,0.04,0.017,5.6,0.357,0.357,0.246,0.246,101.83,101.83,84.86,49.0,0.048,2020-21,Playoffs
0042000102,1610612764,Washington,Wizards,WAS,wizards,1629655,Daniel,Gafford,D. Gafford,daniel-gafford,,,,20:00,100.0,100.0,104.9,104.9,-4.9,-4.9,0.077,1.0,10.0,0.143,0.105,0.128,10.0,0.75,0.691,0.173,0.173,99.6,99.6,83.0,42.0,0.159,2020-21,Playoffs
0042000102,1610612764,Washington,Wizards,WAS,wizards,1628990,Chandler,Hutchison,C. Hutchison,chandler-hutchison,,,,16:29,60.6,60.6,102.8,102.8,-42.2,-42.2,0.167,1.0,14.3,0.0,0.143,0.05,14.3,0.25,0.41,0.136,0.136,100.49,100.49,83.74,33.0,0.056,2020-21,Playoffs
0042000102,1610612764,Washington,Wizards,WAS,wizards,201577,Robin,Lopez,R. Lopez,robin-lopez,,,,10:15,104.3,104.3,156.5,156.5,-52.2,-52.2,0.0,0.0,0.0,0.0,0.0,0.0,0.0,0.667,0.667,0.115,0.115,107.71,107.71,89.76,23.0,0.016,2020-21,Playoffs
0042000102,1610612764,Washington,Wizards,WAS,wizards,1630264,Anthony,Gill,A. Gill,anthony-gill,,,,7:58,80.0,80.0,86.7,86.7,-6.7,-6.7,0.0,0.0,0.0,0.0,0.143,0.056,0.0,0.0,0.0,0.048,0.048,90.38,90.38,75.31,15.0,0.0,2020-21,Playoffs
0042000102,1610612764,Washington,Wizards,WAS,wizards,1629726,Garrison,Mathews,G. Mathews,garrison-mathews,,,,7:58,80.0,80.0,86.7,86.7,-6.7,-6.7,0.0,0.0,0.0,0.0,0.143,0.056,0.0,0.0,0.0,0.095,0.095,90.38,90.38,75.31,15.0,-0.148,2020-21,Playoffs
0042000102,1610612764,Washington,Wizards,WAS,wizards,1630216,Cassius,Winston,C. Winston,cassius-winston,,,,5:29,80.0,80.0,100.0,100.0,-20.0,-20.0,1.0,0.5,16.7,0.125,0.2,0.154,33.3,0.333,0.333,0.333,0.333,87.54,87.54,72.95,10.0,-0.053,2020-21,Playoffs
0042000102,1610612764,Washington,Wizards,WAS,wizards,1629067,Isaac,Bonga,I. Bonga,isaac-bonga,,,,3:45,57.1,57.1,28.6,28.6,28.6,28.6,0.0,0.0,0.0,0.0,0.0,0.0,0.0,0.0,0.0,0.3,0.3,89.6,89.6,74.67,7.0,1.667,2020-21,Playoffs
0042000102,1610612755,Philadelphia,76ers,PHI,sixers,201980,Danny,Green,D. Green,danny-green,F,,,21:44,136.4,136.4,118.2,118.2,18.2,18.2,0.083,2.0,33.3,0.063,0.04,0.049,16.7,0.833,0.833,0.082,0.082,97.18,97.18,80.98,44.0,0.05,2020-21,Playoffs
0042000102,1610612755,Philadelphia,76ers,PHI,sixers,202699,Tobias,Harris,T. Harris,tobias-harris,F,,,23:17,134.0,134.0,119.1,119.1,14.9,14.9,0.053,1.0,6.7,0.0,0.321,0.2,6.7,0.731,0.731,0.255,0.255,99.99,99.99,83.32,50.0,0.188,2020-21,Playoffs
0042000102,1610612755,Philadelphia,76ers,PHI,sixers,203954,Joel,Embiid,J. Embiid,joel-embiid,C,,,26:17,150.9,150.9,113.0,113.0,38.0,38.0,0.115,3.0,17.6,0.0,0.241,0.152,5.9,0.792,0.826,0.237,0.237,97.7,97.7,81.42,53.0,0.187,2020-21,Playoffs
0042000102,1610612755,Philadelphia,76ers,PHI,sixers,203552,Seth,Curry,S. Curry,seth-curry,G,,,23:04,153.2,153.2,110.4,110.4,42.8,42.8,0.111,0.0,30.0,0.0,0.0,0.0,0.0,0.643,0.643,0.132,0.132,98.83,98.83,82.36,47.0,0.056,2020-21,Playoffs
0042000102,1610612755,Philadelphia,76ers,PHI,sixers,1627732,Ben,Simmons,B. Simmons,ben-simmons,G,,,28:34,141.4,141.4,110.3,110.3,31.0,31.0,0.333,4.0,32.0,0.095,0.206,0.164,8.0,0.733,0.733,0.262,0.262,97.46,97.46,81.21,58.0,0.241,2020-21,Playoffs
0042000102,1610612755,Philadelphia,76ers,PHI,sixers,1629680,Matisse,Thybulle,M. Thybulle,matisse-thybulle,,,,19:55,93.0,93.0,73.8,73.8,19.2,19.2,0.0,0.0,0.0,0.0,0.0,0.0,0.0,0.5,0.5,0.098,0.098,102.44,102.44,85.37,43.0,0.176,2020-21,Playoffs
0042000102,1610612755,Philadelphia,76ers,PHI,sixers,201588,George,Hill,G. Hill,george-hill,,,,22:40,114.3,114.3,85.4,85.4,28.9,28.9,0.1,2.0,22.2,0.0,0.029,0.018,11.1,0.5,0.595,0.125,0.125,102.71,102.71,85.59,49.0,0.042,2020-21,Playoffs
0042000102,1610612755,Philadelphia,76ers,PHI,sixers,2730,Dwight,Howard,D. Howard,dwight-howard,,,,15:57,85.7,85.7,76.5,76.5,9.2,9.2,0.091,1.0,11.1,0.211,0.28,0.25,11.1,0.25,0.301,0.2,0.2,103.82,103.82,86.52,35.0,0.078,2020-21,Playoffs
0042000102,1610612755,Philadelphia,76ers,PHI,sixers,1629003,Shake,Milton,S. Milton,shake-milton,,,,13:30,82.8,82.8,88.9,88.9,-6.1,-6.1,0.333,1.5,27.3,0.0,0.0,0.0,18.2,0.0,0.0,0.242,0.242,99.56,99.56,82.96,29.0,-0.134,2020-21,Playoffs
0042000102,1610612755,Philadelphia,76ers,PHI,sixers,1627788,Furkan,Korkmaz,F. Korkmaz,furkan-korkmaz,,,,15:42,114.7,114.7,81.8,81.8,32.9,32.9,0.0,0.0,0.0,0.0,0.05,0.029,11.1,0.75,0.793,0.237,0.237,102.42,102.42,85.35,34.0,0.242,2020-21,Playoffs
0042000102,1610612755,Philadelphia,76ers,PHI,sixers,1630178,Tyrese,Maxey,T. Maxey,tyrese-maxey,,,,13:41,96.3,96.3,66.7,66.7,29.6,29.6,0.4,2.0,18.2,0.0,0.105,0.057,9.1,0.571,0.601,0.281,0.281,94.71,94.71,78.93,27.0,0.568,2020-21,Playoffs
0042000102,1610612755,Philadelphia,76ers,PHI,sixers,203118,Mike,Scott,M. Scott,mike-scott,,,,5:29,100.0,100.0,80.0,80.0,20.0,20.0,0.0,0.0,0.0,0.0,0.0,0.0,0.0,0.0,0.0,0.091,0.091,87.54,87.54,72.95,10.0,-0.105,2020-21,Playoffs
0042000102,1610612755,Philadelphia,76ers,PHI,sixers,1630194,Paul,Reed,P. Reed,paul-reed,,,,5:06,100.0,100.0,80.0,80.0,20.0,20.0,0.0,0.0,0.0,0.2,0.286,0.25,0.0,1.0,1.0,0.182,0.182,94.12,94.12,78.43,10.0,0.6,2020-21,Playoffs
0042000102,1610612755,Philadelphia,76ers,PHI,sixers,1630198,Isaiah,Joe,I. Joe,isaiah-joe,,,,3:20,33.3,33.3,66.7,66.7,-33.3,-33.3,1.0,0.0,33.3,0.0,0.0,0.0,0.0,0.0,0.0,0.286,0.286,86.4,86.4,72.0,6.0,4.0,2020-21,Playoffs
0042000102,1610612755,Philadelphia,76ers,PHI,sixers,201229,Anthony,Tolliver,A. Tolliver,anthony-tolliver,,,,1:44,50.0,50.0,50.0,50.0,0.0,0.0,0.0,0.0,0.0,0.0,0.0,0.0,0.0,0.0,0.0,0.0,0.0,110.77,110.77,92.31,4.0,2.0,2020-21,Playoffs
0042000103,1610612755,Philadelphia,76ers,PHI,sixers,201980,Danny,Green,D. Green,danny-green,F,,,25:45,172.2,172.2,113.0,113.0,59.3,59.3,0.063,0.0,18.2,0.067,0.097,0.087,0.0,0.833,0.833,0.155,0.155,100.66,100.66,83.88,54.0,0.095,2020-21,Playoffs
0042000103,1610612755,Philadelphia,76ers,PHI,sixers,202699,Tobias,Harris,T. Harris,tobias-harris,F,,,31:41,142.6,142.6,101.5,101.5,41.2,41.2,0.161,2.5,22.7,0.0,0.333,0.213,9.1,0.643,0.672,0.23,0.23,102.26,102.26,85.22,68.0,0.178,2020-21,Playoffs
0042000103,1610612755,Philadelphia,76ers,PHI,sixers,203954,Joel,Embiid,J. Embiid,joel-embiid,C,,,27:54,155.7,155.7,108.2,108.2,47.5,47.5,0.087,1.0,8.0,0.0,0.242,0.154,8.0,0.861,0.854,0.348,0.348,104.95,104.95,87.46,61.0,0.242,2020-21,Playoffs
0042000103,1610612755,Philadelphia,76ers,PHI,sixers,203552,Seth,Curry,S. Curry,seth-curry,G,,,27:18,161.0,161.0,112.1,112.1,48.9,48.9,0.188,0.0,35.3,0.0,0.0,0.0,0.0,0.682,0.682,0.172,0.172,102.86,102.86,85.71,59.0,0.087,2020-21,Playoffs
0042000103,1610612755,Philadelphia,76ers,PHI,sixers,1627732,Ben,Simmons,B. Simmons,ben-simmons,G,,,30:16,152.3,152.3,109.1,109.1,43.2,43.2,0.281,4.5,40.9,0.091,0.086,0.088,9.1,0.7,0.618,0.183,0.183,103.89,103.89,86.57,65.0,0.113,2020-21,Playoffs
0042000103,1610612755,Philadelphia,76ers,PHI,sixers,1629680,Matisse,Thybulle,M. Thybulle,matisse-thybulle,,,,18:20,77.5,77.5,83.7,83.7,-6.2,-6.2,0.0,0.0,0.0,0.0,0.087,0.045,0.0,0.333,0.363,0.156,0.156,108.65,108.65,90.55,40.0,-0.028,2020-21,Playoffs
0042000103,1610612755,Philadelphia,76ers,PHI,sixers,201588,George,Hill,G. Hill,george-hill,,,,18:09,94.7,94.7,100.0,100.0,-5.3,-5.3,0.154,1.0,33.3,0.0,0.095,0.049,33.3,1.25,1.25,0.095,0.095,101.82,101.82,84.85,38.0,0.075,2020-21,Playoffs
0042000103,1610612755,Philadelphia,76ers,PHI,sixers,1630178,Tyrese,Maxey,T. Maxey,tyrese-maxey,,,,11:15,104.3,104.3,87.0,87.0,17.4,17.4,0.333,0.0,33.3,0.0,0.059,0.034,0.0,0.5,0.5,0.154,0.154,98.1,98.1,81.75,23.0,0.113,2020-21,Playoffs
0042000103,1610612755,Philadelphia,76ers,PHI,sixers,1627788,Furkan,Korkmaz,F. Korkmaz,furkan-korkmaz,,,,9:20,95.0,95.0,85.0,85.0,10.0,10.0,0.25,1.0,16.7,0.0,0.067,0.038,16.7,0.375,0.375,0.208,0.208,102.82,102.82,85.68,20.0,0.1,2020-21,Playoffs
0042000103,1610612755,Philadelphia,76ers,PHI,sixers,2730,Dwight,Howard,D. Howard,dwight-howard,,,,16:02,88.2,88.2,88.2,88.2,0.0,0.0,0.182,1.0,25.0,0.125,0.304,0.231,25.0,0.5,0.665,0.158,0.158,101.81,101.81,84.84,34.0,0.203,2020-21,Playoffs
0042000103,1610612755,Philadelphia,76ers,PHI,sixers,1629003,Shake,Milton,S. Milton,shake-milton,,,,10:30,69.6,69.6,72.0,72.0,-2.4,-2.4,0.0,0.0,0.0,0.0,0.0,0.0,50.0,0.333,0.515,0.308,0.308,109.71,109.71,91.43,23.0,-0.381,2020-21,Playoffs
0042000103,1610612755,Philadelphia,76ers,PHI,sixers,203118,Mike,Scott,M. Scott,mike-scott,,,,6:10,100.0,100.0,69.2,69.2,30.8,30.8,0.0,0.0,0.0,0.0,0.091,0.063,0.0,1.0,1.0,0.2,0.2,101.19,101.19,84.32,13.0,0.462,2020-21,Playoffs
0042000103,1610612755,Philadelphia,76ers,PHI,sixers,1630194,Paul,Reed,P. Reed,paul-reed,,,,3:44,87.5,87.5,87.5,87.5,0.0,0.0,0.0,0.0,0.0,0.5,0.6,0.556,0.0,0.0,0.0,0.1,0.1,102.86,102.86,85.71,8.0,0.4,2020-21,Playoffs
0042000103,1610612755,Philadelphia,76ers,PHI,sixers,1630198,Isaiah,Joe,I. Joe,isaiah-joe,,,,3:36,71.4,71.4,87.5,87.5,-16.1,-16.1,0.0,0.0,0.0,0.0,0.0,0.0,0.0,0.0,0.0,0.0,0.0,100.0,100.0,83.33,7.0,-0.154,2020-21,Playoffs
0042000103,1610612755,Philadelphia,76ers,PHI,sixers,201229,Anthony,Tolliver,A. Tolliver,anthony-tolliver,,DNP - Coach's Decision,,,0.0,0.0,0.0,0.0,0.0,0.0,0.0,0.0,0.0,0.0,0.0,0.0,0.0,0.0,0.0,0.0,0.0,0.0,0.0,0.0,0.0,0.0,2020-21,Playoffs
0042000103,1610612764,Washington,Wizards,WAS,wizards,202722,Davis,Bertans,D. Bertans,davis-bertans,F,,,31:17,106.0,106.0,156.7,156.7,-50.7,-50.7,0.0,0.0,0.0,0.0,0.0,0.0,12.5,0.417,0.546,0.105,0.105,102.8,102.8,85.67,67.0,0.012,2020-21,Playoffs
0042000103,1610612764,Washington,Wizards,WAS,wizards,1629060,Rui,Hachimura,R. Hachimura,rui-hachimura,F,,,27:03,100.0,100.0,143.1,143.1,-43.1,-43.1,0.0,0.0,0.0,0.028,0.2,0.089,10.0,0.625,0.563,0.149,0.149,103.81,103.81,86.51,59.0,0.032,2020-21,Playoffs
0042000103,1610612764,Washington,Wizards,WAS,wizards,203458,Alex,Len,A. Len,alex-len,C,,,10:45,85.2,85.2,148.0,148.0,-62.8,-62.8,0.125,0.0,25.0,0.067,0.143,0.091,0.0,0.333,0.333,0.103,0.103,116.09,116.09,96.74,27.0,0.025,2020-21,Playoffs
0042000103,1610612764,Washington,Wizards,WAS,wizards,203078,Bradley,Beal,B. Beal,bradley-beal,G,,,37:21,100.0,100.0,134.6,134.6,-34.6,-34.6,0.15,3.0,9.1,0.023,0.172,0.082,3.0,0.404,0.436,0.337,0.337,103.45,103.45,86.21,80.0,0.091,2020-21,Playoffs
0042000103,1610612764,Washington,Wizards,WAS,wizards,201566,Russell,Westbrook,R. Westbrook,russell-westbrook,G,,,34:11,104.1,104.1,124.7,124.7,-20.5,-20.5,0.5,3.33,30.3,0.077,0.3,0.174,9.1,0.583,0.644,0.28,0.28,102.51,102.51,85.42,73.0,0.205,2020-21,Playoffs
0042000103,1610612764,Washington,Wizards,WAS,wizards,202397,Ish,Smith,I. Smith,ish-smith,,,,20:15,104.3,104.3,116.3,116.3,-11.9,-11.9,0.286,4.0,33.3,0.04,0.25,0.133,8.3,0.5,0.5,0.145,0.145,105.48,105.48,87.9,46.0,0.144,2020-21,Playoffs
0042000103,1610612764,Washington,Wizards,WAS,wizards,1629655,Daniel,Gafford,D. Gafford,daniel-gafford,,,,22:23,110.6,110.6,133.3,133.3,-22.7,-22.7,0.0,0.0,0.0,0.167,0.045,0.115,0.0,0.75,0.82,0.172,0.172,98.64,98.64,82.2,47.0,0.158,2020-21,Playoffs
0042000103,1610612764,Washington,Wizards,WAS,wizards,203526,Raul,Neto,R. Neto,raul-neto,,,,20:06,93.3,93.3,90.7,90.7,2.6,2.6,0.0,0.0,0.0,0.0,0.1,0.04,0.0,0.083,0.083,0.218,0.218,105.07,105.07,87.56,45.0,-0.14,2020-21,Playoffs
0042000103,1610612764,Washington,Wizards,WAS,wizards,201577,Robin,Lopez,R. Lopez,robin-lopez,,,,14:52,87.5,87.5,109.4,109.4,-21.9,-21.9,0.0,0.0,0.0,0.0,0.0,0.0,0.0,0.667,0.515,0.114,0.114,103.32,103.32,86.1,32.0,0.033,2020-21,Playoffs
0042000103,1610612764,Washington,Wizards,WAS,wizards,1630264,Anthony,Gill,A. Gill,anthony-gill,,,,11:53,80.0,80.0,124.0,124.0,-44.0,-44.0,0.0,0.0,0.0,0.067,0.1,0.08,33.3,0.0,0.0,0.1,0.1,100.98,100.98,84.15,25.0,-0.091,2020-21,Playoffs
0042000103,1610612764,Washington,Wizards,WAS,wizards,1629726,Garrison,Mathews,G. Mathews,garrison-mathews,,,,6:10,69.2,69.2,100.0,100.0,-30.8,-30.8,0.0,0.0,0.0,0.0,0.0,0.0,0.0,0.0,0.452,0.176,0.176,101.19,101.19,84.32,13.0,0.077,2020-21,Playoffs
0042000103,1610612764,Washington,Wizards,WAS,wizards,1629067,Isaac,Bonga,I. Bonga,isaac-bonga,,,,3:44,87.5,87.5,87.5,87.5,0.0,0.0,0.0,0.0,0.0,0.0,0.0,0.0,0.0,0.0,0.0,0.111,0.111,102.86,102.86,85.71,8.0,-0.133,2020-21,Playoffs
0042000103,1610612764,Washington,Wizards,WAS,wizards,1628990,Chandler,Hutchison,C. Hutchison,chandler-hutchison,,DNP - Coach's Decision,,,0.0,0.0,0.0,0.0,0.0,0.0,0.0,0.0,0.0,0.0,0.0,0.0,0.0,0.0,0.0,0.0,0.0,0.0,0.0,0.0,0.0,0.0,2020-21,Playoffs
0042000103,1610612764,Washington,Wizards,WAS,wizards,1630216,Cassius,Winston,C. Winston,cassius-winston,,DNP - Coach's Decision,,,0.0,0.0,0.0,0.0,0.0,0.0,0.0,0.0,0.0,0.0,0.0,0.0,0.0,0.0,0.0,0.0,0.0,0.0,0.0,0.0,0.0,0.0,2020-21,Playoffs
0042000104,1610612755,Philadelphia,76ers,PHI,sixers,201980,Danny,Green,D. Green,danny-green,F,,,30:57,100.0,100.0,109.9,109.9,-9.9,-9.9,0.045,0.5,7.7,0.073,0.0,0.039,15.4,0.55,0.55,0.148,0.148,110.11,110.11,91.76,71.0,0.048,2020-21,Playoffs
0042000104,1610612755,Philadelphia,76ers,PHI,sixers,202699,Tobias,Harris,T. Harris,tobias-harris,F,,,37:27,104.8,104.8,113.1,113.1,-8.3,-8.3,0.217,2.5,15.6,0.02,0.293,0.144,6.3,0.354,0.408,0.287,0.287,107.04,107.04,89.2,83.0,0.114,2020-21,Playoffs
0042000104,1610612755,Philadelphia,76ers,PHI,sixers,203954,Joel,Embiid,J. Embiid,joel-embiid,C,,,11:24,103.6,103.6,100.0,100.0,3.6,3.6,0.222,2.0,18.2,0.0,0.375,0.207,9.1,0.333,0.515,0.31,0.31,115.87,115.87,96.56,28.0,0.218,2020-21,Playoffs
0042000104,1610612755,Philadelphia,76ers,PHI,sixers,203552,Seth,Curry,S. Curry,seth-curry,G,,,28:06,95.1,95.1,111.3,111.3,-16.2,-16.2,0.125,2.0,14.3,0.0,0.063,0.029,7.1,0.455,0.455,0.167,0.167,105.05,105.05,87.54,61.0,0.05,2020-21,Playoffs
0042000104,1610612755,Philadelphia,76ers,PHI,sixers,1627732,Ben,Simmons,B. Simmons,ben-simmons,G,,,24:31,103.4,103.4,98.3,98.3,5.1,5.1,0.158,3.0,21.4,0.097,0.31,0.2,7.1,0.8,0.661,0.162,0.162,114.53,114.53,95.45,59.0,0.174,2020-21,Playoffs
0042000104,1610612755,Philadelphia,76ers,PHI,sixers,201588,George,Hill,G. Hill,george-hill,,,,22:18,111.3,111.3,105.6,105.6,5.8,5.8,0.125,2.0,18.2,0.033,0.0,0.018,9.1,0.9,0.916,0.155,0.155,115.16,115.16,95.96,53.0,0.113,2020-21,Playoffs
0042000104,1610612755,Philadelphia,76ers,PHI,sixers,1629680,Matisse,Thybulle,M. Thybulle,matisse-thybulle,,,,15:08,103.0,103.0,119.4,119.4,-16.4,-16.4,0.0,0.0,0.0,0.0,0.059,0.028,14.3,0.667,0.667,0.194,0.194,109.42,109.42,91.18,33.0,0.084,2020-21,Playoffs
0042000104,1610612755,Philadelphia,76ers,PHI,sixers,1630178,Tyrese,Maxey,T. Maxey,tyrese-maxey,,,,21:34,103.9,103.9,119.6,119.6,-15.7,-15.7,0.167,2.0,12.5,0.0,0.042,0.019,6.3,0.583,0.582,0.255,0.255,113.51,113.51,94.59,51.0,0.079,2020-21,Playoffs
0042000104,1610612755,Philadelphia,76ers,PHI,sixers,1629003,Shake,Milton,S. Milton,shake-milton,,,,7:03,93.8,93.8,105.6,105.6,-11.8,-11.8,0.0,0.0,0.0,0.0,0.0,0.0,0.0,0.333,0.436,0.389,0.389,115.74,115.74,96.45,16.0,0.045,2020-21,Playoffs
0042000104,1610612755,Philadelphia,76ers,PHI,sixers,2730,Dwight,Howard,D. Howard,dwight-howard,,,,13:39,106.9,106.9,132.3,132.3,-25.4,-25.4,0.2,2.0,25.0,0.118,0.2,0.148,12.5,0.0,0.105,0.194,0.194,105.53,105.53,87.94,29.0,-0.088,2020-21,Playoffs
0042000104,1610612755,Philadelphia,76ers,PHI,sixers,1627788,Furkan,Korkmaz,F. Korkmaz,furkan-korkmaz,,,,11:17,114.3,114.3,96.6,96.6,17.7,17.7,0.0,0.0,0.0,0.063,0.143,0.1,0.0,0.875,0.788,0.125,0.125,121.26,121.26,101.05,28.0,0.117,2020-21,Playoffs
0042000104,1610612755,Philadelphia,76ers,PHI,sixers,203118,Mike,Scott,M. Scott,mike-scott,,,,16:37,111.1,111.1,94.6,94.6,16.5,16.5,0.143,0.0,33.3,0.043,0.048,0.045,0.0,0.0,0.0,0.091,0.091,105.42,105.42,87.85,36.0,-0.016,2020-21,Playoffs
0042000104,1610612755,Philadelphia,76ers,PHI,sixers,1630198,Isaiah,Joe,I. Joe,isaiah-joe,,DNP - Coach's Decision,,,0.0,0.0,0.0,0.0,0.0,0.0,0.0,0.0,0.0,0.0,0.0,0.0,0.0,0.0,0.0,0.0,0.0,0.0,0.0,0.0,0.0,0.0,2020-21,Playoffs
0042000104,1610612755,Philadelphia,76ers,PHI,sixers,1630194,Paul,Reed,P. Reed,paul-reed,,DNP - Coach's Decision,,,0.0,0.0,0.0,0.0,0.0,0.0,0.0,0.0,0.0,0.0,0.0,0.0,0.0,0.0,0.0,0.0,0.0,0.0,0.0,0.0,0.0,0.0,2020-21,Playoffs
0042000104,1610612755,Philadelphia,76ers,PHI,sixers,201229,Anthony,Tolliver,A. Tolliver,anthony-tolliver,,DNP - Coach's Decision,,,0.0,0.0,0.0,0.0,0.0,0.0,0.0,0.0,0.0,0.0,0.0,0.0,0.0,0.0,0.0,0.0,0.0,0.0,0.0,0.0,0.0,0.0,2020-21,Playoffs
0042000104,1610612764,Washington,Wizards,WAS,wizards,202722,Davis,Bertans,D. Bertans,davis-bertans,F,,,23:02,103.8,103.8,100.0,100.0,3.8,3.8,0.0,0.0,0.0,0.0,0.125,0.067,0.0,0.786,0.856,0.15,0.15,110.45,110.45,92.04,53.0,0.158,2020-21,Playoffs
0042000104,1610612764,Washington,Wizards,WAS,wizards,1629060,Rui,Hachimura,R. Hachimura,rui-hachimura,F,,,41:33,108.3,108.3,104.3,104.3,4.0,4.0,0.077,2.0,12.5,0.021,0.218,0.127,6.3,0.792,0.776,0.128,0.128,109.19,109.19,90.99,96.0,0.16,2020-21,Playoffs
0042000104,1610612764,Washington,Wizards,WAS,wizards,1629655,Daniel,Gafford,D. Gafford,daniel-gafford,C,,,25:59,110.2,110.2,93.3,93.3,16.8,16.8,0.0,0.0,0.0,0.074,0.056,0.063,0.0,1.0,0.847,0.106,0.106,109.9,109.9,91.58,59.0,0.131,2020-21,Playoffs
0042000104,1610612764,Washington,Wizards,WAS,wizards,203078,Bradley,Beal,B. Beal,bradley-beal,G,,,42:50,110.1,110.1,105.2,105.2,4.9,4.9,0.148,0.57,10.5,0.0,0.071,0.039,18.4,0.435,0.509,0.306,0.306,109.25,109.25,91.04,99.0,0.064,2020-21,Playoffs
0042000104,1610612764,Washington,Wizards,WAS,wizards,201566,Russell,Westbrook,R. Westbrook,russell-westbrook,G,,,42:15,108.2,108.2,110.6,110.6,-2.4,-2.4,0.452,3.5,31.1,0.122,0.278,0.204,8.9,0.158,0.365,0.279,0.279,108.5,108.5,90.41,97.0,0.151,2020-21,Playoffs
0042000104,1610612764,Washington,Wizards,WAS,wizards,203458,Alex,Len,A. Len,alex-len,,,,1:23,133.3,133.3,200.0,200.0,-66.7,-66.7,1.0,0.0,100.0,0.0,0.0,0.0,0.0,0.0,0.0,0.0,0.0,104.1,104.1,86.75,3.0,-0.111,2020-21,Playoffs
0042000104,1610612764,Washington,Wizards,WAS,wizards,201577,Robin,Lopez,R. Lopez,robin-lopez,,,,18:58,109.1,109.1,111.9,111.9,-2.8,-2.8,0.0,0.0,0.0,0.13,0.08,0.104,0.0,0.727,0.727,0.216,0.216,108.78,108.78,90.65,44.0,0.23,2020-21,Playoffs
0042000104,1610612764,Washington,Wizards,WAS,wizards,202397,Ish,Smith,I. Smith,ish-smith,,,,19:32,120.0,120.0,102.3,102.3,17.7,17.7,0.158,3.0,33.3,0.0,0.125,0.064,11.1,0.2,0.2,0.115,0.115,109.37,109.37,91.14,45.0,0.029,2020-21,Playoffs
0042000104,1610612764,Washington,Wizards,WAS,wizards,203526,Raul,Neto,R. Neto,raul-neto,,,,21:40,113.5,113.5,98.1,98.1,15.4,15.4,0.0,0.0,0.0,0.038,0.067,0.054,0.0,0.583,0.671,0.136,0.136,115.24,115.24,96.04,52.0,0.079,2020-21,Playoffs
0042000104,1610612764,Washington,Wizards,WAS,wizards,1629067,Isaac,Bonga,I. Bonga,isaac-bonga,,,,0:22,0.0,0.0,200.0,200.0,-200.0,-200.0,0.0,0.0,0.0,0.0,0.0,0.0,0.0,0.0,0.0,1.0,1.0,133.33,133.33,111.11,1.0,-1.0,2020-21,Playoffs
0042000104,1610612764,Washington,Wizards,WAS,wizards,1630264,Anthony,Gill,A. Gill,anthony-gill,,,,2:27,100.0,100.0,133.3,133.3,-33.3,-33.3,0.0,0.0,0.0,0.0,0.0,0.0,0.0,0.0,0.0,0.0,0.0,127.61,127.61,106.34,7.0,-0.25,2020-21,Playoffs
0042000104,1610612764,Washington,Wizards,WAS,wizards,1628990,Chandler,Hutchison,C. Hutchison,chandler-hutchison,,DNP - Coach's Decision,,,0.0,0.0,0.0,0.0,0.0,0.0,0.0,0.0,0.0,0.0,0.0,0.0,0.0,0.0,0.0,0.0,0.0,0.0,0.0,0.0,0.0,0.0,2020-21,Playoffs
0042000104,1610612764,Washington,Wizards,WAS,wizards,1629726,Garrison,Mathews,G. Mathews,garrison-mathews,,DNP - Coach's Decision,,,0.0,0.0,0.0,0.0,0.0,0.0,0.0,0.0,0.0,0.0,0.0,0.0,0.0,0.0,0.0,0.0,0.0,0.0,0.0,0.0,0.0,0.0,2020-21,Playoffs
0042000104,1610612764,Washington,Wizards,WAS,wizards,1630216,Cassius,Winston,C. Winston,cassius-winston,,DNP - Coach's Decision,,,0.0,0.0,0.0,0.0,0.0,0.0,0.0,0.0,0.0,0.0,0.0,0.0,0.0,0.0,0.0,0.0,0.0,0.0,0.0,0.0,0.0,0.0,2020-21,Playoffs
0042000105,1610612764,Washington,Wizards,WAS,wizards,203078,Bradley,Beal,B. Beal,bradley-beal,F,,,39:41,114.1,114.1,129.1,129.1,-15.0,-15.0,0.217,1.0,13.2,0.079,0.103,0.091,13.2,0.478,0.584,0.351,0.351,103.42,103.42,86.18,85.0,0.125,2020-21,Playoffs
0042000105,1610612764,Washington,Wizards,WAS,wizards,1629060,Rui,Hachimura,R. Hachimura,rui-hachimura,F,,,42:39,115.6,115.6,129.3,129.3,-13.8,-13.8,0.071,0.0,11.8,0.026,0.122,0.075,0.0,0.654,0.691,0.153,0.153,102.42,102.42,85.35,90.0,0.101,2020-21,Playoffs
0042000105,1610612764,Washington,Wizards,WAS,wizards,1629655,Daniel,Gafford,D. Gafford,daniel-gafford,C,,,28:44,120.7,120.7,128.3,128.3,-7.6,-7.6,0.0,0.0,0.0,0.036,0.231,0.13,25.0,0.75,0.694,0.121,0.121,98.56,98.56,82.13,58.0,0.057,2020-21,Playoffs
0042000105,1610612764,Washington,Wizards,WAS,wizards,203526,Raul,Neto,R. Neto,raul-neto,G,,,29:36,109.4,109.4,118.2,118.2,-8.8,-8.8,0.125,0.0,33.3,0.0,0.0,0.0,0.0,0.667,0.667,0.087,0.087,105.38,105.38,87.82,64.0,0.036,2020-21,Playoffs
0042000105,1610612764,Washington,Wizards,WAS,wizards,201566,Russell,Westbrook,R. Westbrook,russell-westbrook,G,,,37:56,108.5,108.5,131.0,131.0,-22.4,-22.4,0.435,2.5,25.6,0.051,0.167,0.107,10.3,0.4,0.492,0.322,0.322,105.03,105.03,87.52,82.0,0.103,2020-21,Playoffs
0042000105,1610612764,Washington,Wizards,WAS,wizards,202397,Ish,Smith,I. Smith,ish-smith,,,,25:38,94.5,94.5,117.9,117.9,-23.3,-23.3,0.143,1.0,16.7,0.0,0.154,0.083,16.7,0.563,0.563,0.169,0.169,103.94,103.94,86.62,55.0,0.071,2020-21,Playoffs
0042000105,1610612764,Washington,Wizards,WAS,wizards,201577,Robin,Lopez,R. Lopez,robin-lopez,,,,17:10,97.5,97.5,114.3,114.3,-16.8,-16.8,0.0,0.0,0.0,0.0,0.118,0.061,0.0,0.75,0.717,0.122,0.122,114.69,114.69,95.57,40.0,0.092,2020-21,Playoffs
0042000105,1610612764,Washington,Wizards,WAS,wizards,1630264,Anthony,Gill,A. Gill,anthony-gill,,,,10:36,95.7,95.7,113.6,113.6,-18.0,-18.0,0.0,0.0,0.0,0.0,0.111,0.059,100.0,0.0,0.0,0.083,0.083,101.85,101.85,84.88,23.0,-0.143,2020-21,Playoffs
0042000105,1610612764,Washington,Wizards,WAS,wizards,1629726,Garrison,Mathews,G. Mathews,garrison-mathews,,,,3:00,133.3,133.3,114.3,114.3,19.0,19.0,0.0,0.0,0.0,0.0,0.333,0.2,0.0,0.0,0.568,0.143,0.143,104.0,104.0,86.67,6.0,-0.308,2020-21,Playoffs
0042000105,1610612764,Washington,Wizards,WAS,wizards,203458,Alex,Len,A. Len,alex-len,,,,1:40,100.0,100.0,33.3,33.3,66.7,66.7,0.0,0.0,0.0,0.0,0.5,0.5,0.0,0.0,0.0,0.0,0.0,86.4,86.4,72.0,3.0,0.0,2020-21,Playoffs
0042000105,1610612764,Washington,Wizards,WAS,wizards,1629067,Isaac,Bonga,I. Bonga,isaac-bonga,,,,1:40,100.0,100.0,33.3,33.3,66.7,66.7,0.0,0.0,0.0,0.0,0.0,0.0,0.0,0.0,0.0,0.0,0.0,86.4,86.4,72.0,3.0,0.0,2020-21,Playoffs
0042000105,1610612764,Washington,Wizards,WAS,wizards,1628990,Chandler,Hutchison,C. Hutchison,chandler-hutchison,,,,1:40,100.0,100.0,33.3,33.3,66.7,66.7,0.0,0.0,0.0,0.0,0.5,0.5,0.0,1.0,1.0,0.333,0.333,86.4,86.4,72.0,3.0,0.0,2020-21,Playoffs
0042000105,1610612764,Washington,Wizards,WAS,wizards,1630216,Cassius,Winston,C. Winston,cassius-winston,,DNP - Coach's Decision,,,0.0,0.0,0.0,0.0,0.0,0.0,0.0,0.0,0.0,0.0,0.0,0.0,0.0,0.0,0.0,0.0,0.0,0.0,0.0,0.0,0.0,0.0,2020-21,Playoffs
0042000105,1610612755,Philadelphia,76ers,PHI,sixers,201980,Danny,Green,D. Green,danny-green,F,,,29:13,133.3,133.3,118.8,118.8,14.6,14.6,0.069,0.0,22.2,0.04,0.125,0.082,0.0,0.357,0.357,0.1,0.1,106.79,106.79,88.99,66.0,0.042,2020-21,Playoffs
0042000105,1610612755,Philadelphia,76ers,PHI,sixers,202699,Tobias,Harris,T. Harris,tobias-harris,F,,,36:38,128.6,128.6,114.3,114.3,14.3,14.3,0.273,0.0,21.4,0.0,0.25,0.125,0.0,0.588,0.654,0.247,0.247,100.89,100.89,84.07,77.0,0.215,2020-21,Playoffs
0042000105,1610612755,Philadelphia,76ers,PHI,sixers,1627732,Ben,Simmons,B. Simmons,ben-simmons,C,,,39:00,129.9,129.9,112.9,112.9,16.9,16.9,0.333,2.75,37.9,0.057,0.235,0.145,13.8,0.636,0.654,0.188,0.188,105.85,105.85,88.21,87.0,0.14,2020-21,Playoffs
0042000105,1610612755,Philadelphia,76ers,PHI,sixers,1629680,Matisse,Thybulle,M. Thybulle,matisse-thybulle,G,,,16:27,135.1,135.1,136.1,136.1,-1.0,-1.0,0.0,0.0,0.0,0.0,0.0,0.0,0.0,0.7,0.7,0.122,0.122,106.5,106.5,88.75,37.0,0.021,2020-21,Playoffs
0042000105,1610612755,Philadelphia,76ers,PHI,sixers,203552,Seth,Curry,S. Curry,seth-curry,G,,,30:58,129.0,129.0,116.4,116.4,12.6,12.6,0.095,1.0,8.3,0.0,0.0,0.0,8.3,0.676,0.747,0.289,0.289,105.4,105.4,87.84,69.0,0.133,2020-21,Playoffs
0042000105,1610612755,Philadelphia,76ers,PHI,sixers,201588,George,Hill,G. Hill,george-hill,,,,14:07,116.1,116.1,89.7,89.7,26.5,26.5,0.2,2.0,50.0,0.063,0.059,0.061,25.0,0.0,1.136,0.051,0.051,102.01,102.01,85.01,31.0,0.102,2020-21,Playoffs
0042000105,1610612755,Philadelphia,76ers,PHI,sixers,2730,Dwight,Howard,D. Howard,dwight-howard,,,,15:58,105.7,105.7,82.9,82.9,22.9,22.9,0.25,2.0,20.0,0.235,0.2,0.216,10.0,1.0,0.938,0.19,0.19,105.22,105.22,87.68,35.0,0.363,2020-21,Playoffs
0042000105,1610612755,Philadelphia,76ers,PHI,sixers,1630178,Tyrese,Maxey,T. Maxey,tyrese-maxey,,,,26:28,116.4,116.4,92.6,92.6,23.8,23.8,0.133,0.0,11.8,0.0,0.207,0.113,0.0,0.429,0.437,0.238,0.238,98.84,98.84,82.37,55.0,0.117,2020-21,Playoffs
0042000105,1610612755,Philadelphia,76ers,PHI,sixers,1627788,Furkan,Korkmaz,F. Korkmaz,furkan-korkmaz,,,,14:23,120.0,120.0,100.0,100.0,20.0,20.0,0.0,0.0,0.0,0.0,0.063,0.031,0.0,0.625,0.625,0.195,0.195,115.13,115.13,95.94,35.0,0.121,2020-21,Playoffs
0042000105,1610612755,Philadelphia,76ers,PHI,sixers,1629003,Shake,Milton,S. Milton,shake-milton,,,,6:46,86.7,86.7,93.3,93.3,-6.7,-6.7,0.0,0.0,0.0,0.0,0.0,0.0,0.0,0.0,0.532,0.133,0.133,106.38,106.38,88.65,15.0,0.0,2020-21,Playoffs
0042000105,1610612755,Philadelphia,76ers,PHI,sixers,203118,Mike,Scott,M. Scott,mike-scott,,,,5:02,110.0,110.0,100.0,100.0,10.0,10.0,0.2,0.0,50.0,0.0,0.0,0.0,0.0,0.0,0.0,0.1,0.1,100.2,100.2,83.5,10.0,-0.056,2020-21,Playoffs
0042000105,1610612755,Philadelphia,76ers,PHI,sixers,1630198,Isaiah,Joe,I. Joe,isaiah-joe,,,,1:40,33.3,33.3,100.0,100.0,-66.7,-66.7,0.0,0.0,0.0,0.0,0.0,0.0,0.0,0.0,0.0,0.0,0.0,86.4,86.4,72.0,3.0,0.0,2020-21,Playoffs
0042000105,1610612755,Philadelphia,76ers,PHI,sixers,1630194,Paul,Reed,P. Reed,paul-reed,,,,1:40,33.3,33.3,100.0,100.0,-66.7,-66.7,0.0,0.0,0.0,0.0,0.0,0.0,0.0,0.0,0.0,0.333,0.333,86.4,86.4,72.0,3.0,0.0,2020-21,Playoffs
0042000105,1610612755,Philadelphia,76ers,PHI,sixers,1629730,Rayjon,Tucker,R. Tucker,rayjon-tucker,,,,1:40,33.3,33.3,100.0,100.0,-66.7,-66.7,0.0,0.0,0.0,0.0,0.0,0.0,0.0,0.0,0.568,0.333,0.333,86.4,86.4,72.0,3.0,0.0,2020-21,Playoffs
0042000105,1610612755,Philadelphia,76ers,PHI,sixers,201229,Anthony,Tolliver,A. Tolliver,anthony-tolliver,,DNP - Coach's Decision,,,0.0,0.0,0.0,0.0,0.0,0.0,0.0,0.0,0.0,0.0,0.0,0.0,0.0,0.0,0.0,0.0,0.0,0.0,0.0,0.0,0.0,0.0,2020-21,Playoffs
0042000111,1610612738,Boston,Celtics,BOS,celtics,203095,Evan,Fournier,E. Fournier,evan-fournier,F,,,38:31,106.5,106.5,124.7,124.7,-18.2,-18.2,0.087,0.0,15.4,0.024,0.152,0.08,0.0,0.4,0.46,0.125,0.125,95.96,95.96,79.97,77.0,0.061,2020-21,Playoffs
0042000111,1610612738,Boston,Celtics,BOS,celtics,1628369,Jayson,Tatum,J. Tatum,jayson-tatum,F,,,41:29,105.0,105.0,116.5,116.5,-11.5,-11.5,0.227,1.25,15.2,0.0,0.073,0.034,12.1,0.325,0.443,0.292,0.292,91.99,91.99,76.66,80.0,0.044,2020-21,Playoffs
0042000111,1610612738,Boston,Celtics,BOS,celtics,202684,Tristan,Thompson,T. Thompson,tristan-thompson,C,,,24:50,95.9,95.9,131.3,131.3,-35.3,-35.3,0.133,2.0,28.6,0.167,0.313,0.217,14.3,0.5,0.45,0.085,0.085,93.74,93.74,78.12,49.0,0.121,2020-21,Playoffs
0042000111,1610612738,Boston,Celtics,BOS,celtics,203935,Marcus,Smart,M. Smart,marcus-smart,G,,,39:39,100.0,100.0,111.5,111.5,-11.5,-11.5,0.25,1.67,21.7,0.0,0.073,0.034,13.0,0.577,0.576,0.198,0.198,94.43,94.43,78.69,78.0,0.084,2020-21,Playoffs
0042000111,1610612738,Boston,Celtics,BOS,celtics,202689,Kemba,Walker,K. Walker,kemba-walker,G,,,26:51,84.6,84.6,122.6,122.6,-38.0,-38.0,0.2,0.67,9.1,0.0,0.036,0.017,13.6,0.406,0.444,0.345,0.345,93.85,93.85,78.21,52.0,0.0,2020-21,Playoffs
0042000111,1610612738,Boston,Celtics,BOS,celtics,1630174,Aaron,Nesmith,A. Nesmith,aaron-nesmith,,,,16:50,76.5,76.5,75.8,75.8,0.7,0.7,0.0,0.0,0.0,0.0,0.16,0.077,0.0,0.3,0.425,0.14,0.14,95.52,95.52,79.6,34.0,0.182,2020-21,Playoffs
0042000111,1610612738,Boston,Celtics,BOS,celtics,1629057,Robert,Williams III,R. Williams III,robert-williams-iii,,,,22:40,102.2,102.2,93.2,93.2,9.0,9.0,0.111,0.0,10.0,0.208,0.118,0.155,0.0,0.625,0.619,0.176,0.176,94.24,94.24,78.53,45.0,0.3,2020-21,Playoffs
0042000111,1610612738,Boston,Celtics,BOS,celtics,203953,Jabari,Parker,J. Parker,jabari-parker,,,,21:31,100.0,100.0,81.0,81.0,19.0,19.0,0.091,1.0,11.1,0.0,0.129,0.075,11.1,0.583,0.654,0.167,0.167,92.58,92.58,77.15,41.0,0.156,2020-21,Playoffs
0042000111,1610612738,Boston,Celtics,BOS,celtics,1630202,Payton,Pritchard,P. Pritchard,payton-pritchard,,,,6:39,130.8,130.8,121.4,121.4,9.3,9.3,0.2,0.0,50.0,0.0,0.0,0.0,0.0,0.0,0.0,0.067,0.067,97.44,97.44,81.2,13.0,-0.026,2020-21,Playoffs
0042000111,1610612738,Boston,Celtics,BOS,celtics,1629682,Tremont,Waters,T. Waters,tremont-waters,,,,0:30,0.0,0.0,0.0,0.0,0.0,0.0,0.0,0.0,0.0,0.0,0.0,0.0,0.0,0.0,0.0,1.0,1.0,144.0,144.0,120.0,1.0,-1.0,2020-21,Playoffs
0042000111,1610612738,Boston,Celtics,BOS,celtics,1629684,Grant,Williams,G. Williams,grant-williams,,,,0:30,0.0,0.0,0.0,0.0,0.0,0.0,0.0,0.0,0.0,0.0,0.0,0.0,0.0,0.0,0.0,0.0,0.0,144.0,144.0,120.0,1.0,0.0,2020-21,Playoffs
0042000111,1610612738,Boston,Celtics,BOS,celtics,1629035,Carsen,Edwards,C. Edwards,carsen-edwards,,DNP - Coach's Decision,,,0.0,0.0,0.0,0.0,0.0,0.0,0.0,0.0,0.0,0.0,0.0,0.0,0.0,0.0,0.0,0.0,0.0,0.0,0.0,0.0,0.0,0.0,2020-21,Playoffs
0042000111,1610612738,Boston,Celtics,BOS,celtics,1628436,Luke,Kornet,L. Kornet,luke-kornet,,DNP - Coach's Decision,,,0.0,0.0,0.0,0.0,0.0,0.0,0.0,0.0,0.0,0.0,0.0,0.0,0.0,0.0,0.0,0.0,0.0,0.0,0.0,0.0,0.0,0.0,2020-21,Playoffs
0042000111,1610612738,Boston,Celtics,BOS,celtics,1629641,Romeo,Langford,R. Langford,romeo-langford,,DNP - Coach's Decision,,,0.0,0.0,0.0,0.0,0.0,0.0,0.0,0.0,0.0,0.0,0.0,0.0,0.0,0.0,0.0,0.0,0.0,0.0,0.0,0.0,0.0,0.0,2020-21,Playoffs
0042000111,1610612738,Boston,Celtics,BOS,celtics,1628400,Semi,Ojeleye,S. Ojeleye,semi-ojeleye,,DNP - Coach's Decision,,,0.0,0.0,0.0,0.0,0.0,0.0,0.0,0.0,0.0,0.0,0.0,0.0,0.0,0.0,0.0,0.0,0.0,0.0,0.0,0.0,0.0,0.0,2020-21,Playoffs
0042000111,1610612751,Brooklyn,Nets,BKN,nets,201142,Kevin,Durant,K. Durant,kevin-durant,F,,,39:29,114.3,114.3,102.6,102.6,11.7,11.7,0.05,0.25,2.8,0.025,0.244,0.141,11.1,0.42,0.528,0.393,0.393,94.22,94.22,78.51,77.0,0.169,2020-21,Playoffs
0042000111,1610612751,Brooklyn,Nets,BKN,nets,203925,Joe,Harris,J. Harris,joe-harris,F,,,37:20,123.0,123.0,97.2,97.2,25.8,25.8,0.0,0.0,0.0,0.0,0.073,0.038,8.3,0.455,0.455,0.135,0.135,93.21,93.21,77.68,74.0,0.008,2020-21,Playoffs
0042000111,1610612751,Brooklyn,Nets,BKN,nets,201933,Blake,Griffin,B. Griffin,blake-griffin,C,,,19:57,110.0,110.0,107.5,107.5,2.5,2.5,0.235,0.0,80.0,0.059,0.095,0.079,0.0,0.0,0.568,0.023,0.023,96.24,96.24,80.2,40.0,0.071,2020-21,Playoffs
0042000111,1610612751,Brooklyn,Nets,BKN,nets,202681,Kyrie,Irving,K. Irving,kyrie-irving,G,,,37:24,120.0,120.0,98.7,98.7,21.3,21.3,0.053,0.5,4.0,0.079,0.07,0.074,8.0,0.6,0.653,0.273,0.273,96.24,96.24,80.2,75.0,0.157,2020-21,Playoffs
0042000111,1610612751,Brooklyn,Nets,BKN,nets,201935,James,Harden,J. Harden,james-harden,G,,,36:15,104.2,104.2,104.3,104.3,-0.1,-0.1,0.381,2.67,27.6,0.0,0.22,0.12,10.3,0.462,0.603,0.263,0.263,92.71,92.71,77.26,71.0,0.235,2020-21,Playoffs
0042000111,1610612751,Brooklyn,Nets,BKN,nets,1628971,Bruce,Brown,B. Brown,bruce-brown,,,,18:03,108.1,108.1,89.5,89.5,18.6,18.6,0.0,0.0,0.0,0.136,0.087,0.111,0.0,0.25,0.25,0.087,0.087,99.71,99.71,83.09,37.0,0.017,2020-21,Playoffs
0042000111,1610612751,Brooklyn,Nets,BKN,nets,201145,Jeff,Green,J. Green,jeff-green,,,,26:32,117.6,117.6,88.5,88.5,29.2,29.2,0.176,0.0,42.9,0.032,0.091,0.063,0.0,0.375,0.375,0.061,0.061,93.17,93.17,77.64,51.0,0.076,2020-21,Playoffs
0042000111,1610612751,Brooklyn,Nets,BKN,nets,1629013,Landry,Shamet,L. Shamet,landry-shamet,,,,13:46,48.0,48.0,100.0,100.0,-52.0,-52.0,0.0,0.0,0.0,0.091,0.063,0.079,50.0,0.0,0.0,0.061,0.061,88.91,88.91,74.09,25.0,-0.053,2020-21,Playoffs
0042000111,1610612751,Brooklyn,Nets,BKN,nets,1629651,Nic,Claxton,N. Claxton,nic-claxton,,,,11:14,100.0,100.0,95.5,95.5,4.5,4.5,0.25,0.0,14.3,0.214,0.167,0.192,0.0,0.5,0.5,0.222,0.222,91.87,91.87,76.56,21.0,0.171,2020-21,Playoffs
0042000111,1610612751,Brooklyn,Nets,BKN,nets,1628455,Mike,James,A. James,mike-james,,DNP - Coach's Decision,,,0.0,0.0,0.0,0.0,0.0,0.0,0.0,0.0,0.0,0.0,0.0,0.0,0.0,0.0,0.0,0.0,0.0,0.0,0.0,0.0,0.0,0.0,2020-21,Playoffs
0042000111,1610612751,Brooklyn,Nets,BKN,nets,1628993,Alize,Johnson,A. Johnson,alize-johnson,,DNP - Coach's Decision,,,0.0,0.0,0.0,0.0,0.0,0.0,0.0,0.0,0.0,0.0,0.0,0.0,0.0,0.0,0.0,0.0,0.0,0.0,0.0,0.0,0.0,0.0,2020-21,Playoffs
0042000111,1610612751,Brooklyn,Nets,BKN,nets,204020,Tyler,Johnson,T. Johnson,tyler-johnson,,DNP - Coach's Decision,,,0.0,0.0,0.0,0.0,0.0,0.0,0.0,0.0,0.0,0.0,0.0,0.0,0.0,0.0,0.0,0.0,0.0,0.0,0.0,0.0,0.0,0.0,2020-21,Playoffs
0042000111,1610612751,Brooklyn,Nets,BKN,nets,201599,DeAndre,Jordan,D. Jordan,deandre-jordan,,DNP - Coach's Decision,,,0.0,0.0,0.0,0.0,0.0,0.0,0.0,0.0,0.0,0.0,0.0,0.0,0.0,0.0,0.0,0.0,0.0,0.0,0.0,0.0,0.0,0.0,2020-21,Playoffs
0042000111,1610612751,Brooklyn,Nets,BKN,nets,1627789,Timothe,Luwawu-Cabarrot,T. Luwawu-Cabarrot,timothe-luwawu-cabarrot,,DNP - Coach's Decision,,,0.0,0.0,0.0,0.0,0.0,0.0,0.0,0.0,0.0,0.0,0.0,0.0,0.0,0.0,0.0,0.0,0.0,0.0,0.0,0.0,0.0,0.0,2020-21,Playoffs
0042000111,1610612751,Brooklyn,Nets,BKN,nets,1629617,Reggie,Perry,R. Perry,reggie-perry,,DNP - Coach's Decision,,,0.0,0.0,0.0,0.0,0.0,0.0,0.0,0.0,0.0,0.0,0.0,0.0,0.0,0.0,0.0,0.0,0.0,0.0,0.0,0.0,0.0,0.0,2020-21,Playoffs
0042000112,1610612738,Boston,Celtics,BOS,celtics,203095,Evan,Fournier,E. Fournier,evan-fournier,F,,,26:59,130.4,130.4,150.0,150.0,-19.6,-19.6,0.0,0.0,0.0,0.036,0.0,0.021,23.1,0.778,0.81,0.188,0.188,99.62,99.62,83.01,56.0,0.051,2020-21,Playoffs
0042000112,1610612738,Boston,Celtics,BOS,celtics,1628369,Jayson,Tatum,J. Tatum,jayson-tatum,F,,,21:01,82.2,82.2,151.2,151.2,-68.9,-68.9,0.1,0.33,5.9,0.037,0.176,0.091,17.6,0.292,0.349,0.286,0.286,100.53,100.53,83.78,45.0,0.027,2020-21,Playoffs
0042000112,1610612738,Boston,Celtics,BOS,celtics,202684,Tristan,Thompson,T. Thompson,tristan-thompson,C,,,24:36,90.4,90.4,134.6,134.6,-44.2,-44.2,0.0,0.0,0.0,0.242,0.167,0.216,16.7,0.778,0.759,0.188,0.188,101.46,101.46,84.55,52.0,0.134,2020-21,Playoffs
0042000112,1610612738,Boston,Celtics,BOS,celtics,203935,Marcus,Smart,M. Smart,marcus-smart,G,,,31:44,114.7,114.7,143.3,143.3,-28.6,-28.6,0.273,6.0,27.3,0.026,0.095,0.051,4.5,0.654,0.644,0.203,0.203,102.1,102.1,85.08,68.0,0.104,2020-21,Playoffs
0042000112,1610612738,Boston,Celtics,BOS,celtics,202689,Kemba,Walker,K. Walker,kemba-walker,G,,,30:28,120.0,120.0,150.0,150.0,-30.0,-30.0,0.304,0.0,33.3,0.0,0.15,0.055,0.0,0.455,0.585,0.184,0.184,101.62,101.62,84.68,65.0,0.112,2020-21,Playoffs
0042000112,1610612738,Boston,Celtics,BOS,celtics,1629057,Robert,Williams III,R. Williams III,robert-williams-iii,,,,16:42,133.3,133.3,134.3,134.3,-1.0,-1.0,0.077,1.0,12.5,0.2,0.188,0.194,12.5,0.667,0.667,0.167,0.167,102.04,102.04,85.03,36.0,0.068,2020-21,Playoffs
0042000112,1610612738,Boston,Celtics,BOS,celtics,203953,Jabari,Parker,J. Parker,jabari-parker,,,,6:29,92.9,92.9,128.6,128.6,-35.7,-35.7,0.0,0.0,0.0,0.0,0.2,0.125,50.0,0.5,0.5,0.267,0.267,103.7,103.7,86.42,14.0,0.0,2020-21,Playoffs
0042000112,1610612738,Boston,Celtics,BOS,celtics,1630174,Aaron,Nesmith,A. Nesmith,aaron-nesmith,,,,18:41,105.0,105.0,120.0,120.0,-15.0,-15.0,0.0,0.0,0.0,0.0,0.188,0.081,16.7,0.0,0.0,0.13,0.13,102.75,102.75,85.62,40.0,-0.042,2020-21,Playoffs
0042000112,1610612738,Boston,Celtics,BOS,celtics,1630202,Payton,Pritchard,P. Pritchard,payton-pritchard,,,,13:03,73.1,73.1,88.5,88.5,-15.4,-15.4,0.571,4.0,36.4,0.0,0.167,0.091,9.1,0.0,0.17,0.212,0.212,95.63,95.63,79.69,26.0,0.125,2020-21,Playoffs
0042000112,1610612738,Boston,Celtics,BOS,celtics,1629641,Romeo,Langford,R. Langford,romeo-langford,,,,18:09,89.2,89.2,97.3,97.3,-8.1,-8.1,0.1,0.0,12.5,0.045,0.048,0.047,0.0,0.286,0.286,0.156,0.156,97.9,97.9,81.58,37.0,0.042,2020-21,Playoffs
0042000112,1610612738,Boston,Celtics,BOS,celtics,1629684,Grant,Williams,G. Williams,grant-williams,,,,12:00,104.0,104.0,84.0,84.0,20.0,20.0,0.125,0.0,20.0,0.0,0.133,0.071,0.0,0.625,0.625,0.138,0.138,100.0,100.0,83.33,25.0,0.162,2020-21,Playoffs
0042000112,1610612738,Boston,Celtics,BOS,celtics,1628400,Semi,Ojeleye,S. Ojeleye,semi-ojeleye,,,,6:42,86.7,86.7,86.7,86.7,0.0,0.0,0.0,0.0,0.0,0.0,0.0,0.0,0.0,0.0,0.0,0.133,0.133,107.46,107.46,89.55,15.0,-0.065,2020-21,Playoffs
0042000112,1610612738,Boston,Celtics,BOS,celtics,1629682,Tremont,Waters,T. Waters,tremont-waters,,,,4:29,91.7,91.7,100.0,100.0,-8.3,-8.3,0.667,2.0,33.3,0.0,0.0,0.0,16.7,0.333,0.436,0.333,0.333,123.12,123.12,102.6,12.0,0.158,2020-21,Playoffs
0042000112,1610612738,Boston,Celtics,BOS,celtics,1628436,Luke,Kornet,L. Kornet,luke-kornet,,,,4:29,91.7,91.7,100.0,100.0,-8.3,-8.3,0.0,0.0,0.0,0.0,0.4,0.2,0.0,1.0,0.798,0.167,0.167,123.12,123.12,102.6,12.0,0.211,2020-21,Playoffs
0042000112,1610612738,Boston,Celtics,BOS,celtics,1629035,Carsen,Edwards,C. Edwards,carsen-edwards,,,,4:29,91.7,91.7,100.0,100.0,-8.3,-8.3,0.0,0.0,0.0,0.0,0.2,0.1,0.0,0.833,0.833,0.25,0.25,123.12,123.12,102.6,12.0,0.263,2020-21,Playoffs
0042000112,1610612751,Brooklyn,Nets,BKN,nets,201142,Kevin,Durant,K. Durant,kevin-durant,F,,,29:10,144.4,144.4,114.3,114.3,30.2,30.2,0.208,1.25,20.0,0.053,0.2,0.148,16.0,0.75,0.838,0.286,0.286,103.68,103.68,86.4,63.0,0.209,2020-21,Playoffs
0042000112,1610612751,Brooklyn,Nets,BKN,nets,203925,Joe,Harris,J. Harris,joe-harris,F,,,29:18,139.7,139.7,98.3,98.3,41.3,41.3,0.158,3.0,16.7,0.048,0.091,0.074,5.6,0.893,0.893,0.214,0.214,100.77,100.77,83.97,63.0,0.198,2020-21,Playoffs
0042000112,1610612751,Brooklyn,Nets,BKN,nets,201933,Blake,Griffin,B. Griffin,blake-griffin,C,,,20:23,156.8,156.8,121.4,121.4,35.4,35.4,0.222,0.0,36.4,0.1,0.087,0.091,0.0,0.667,0.709,0.146,0.146,101.26,101.26,84.38,44.0,0.106,2020-21,Playoffs
0042000112,1610612751,Brooklyn,Nets,BKN,nets,202681,Kyrie,Irving,K. Irving,kyrie-irving,G,,,27:54,151.7,151.7,120.0,120.0,31.7,31.7,0.231,2.0,27.3,0.111,0.125,0.12,13.6,0.542,0.582,0.239,0.239,103.23,103.23,86.02,60.0,0.099,2020-21,Playoffs
0042000112,1610612751,Brooklyn,Nets,BKN,nets,201935,James,Harden,J. Harden,james-harden,G,,,27:07,145.5,145.5,87.5,87.5,58.0,58.0,0.333,3.5,31.8,0.105,0.097,0.1,9.1,0.667,0.727,0.246,0.246,98.23,98.23,81.86,55.0,0.194,2020-21,Playoffs
0042000112,1610612751,Brooklyn,Nets,BKN,nets,1628971,Bruce,Brown,B. Brown,bruce-brown,,,,21:35,108.9,108.9,133.3,133.3,-24.4,-24.4,0.188,1.5,33.3,0.091,0.261,0.178,22.2,0.5,0.798,0.12,0.12,100.05,100.05,83.38,45.0,0.099,2020-21,Playoffs
0042000112,1610612751,Brooklyn,Nets,BKN,nets,201145,Jeff,Green,J. Green,jeff-green,,,,12:07,124.0,124.0,88.5,88.5,35.5,35.5,0.0,0.0,0.0,0.0,0.0,0.0,0.0,0.6,0.6,0.172,0.172,101.02,101.02,84.18,25.0,0.12,2020-21,Playoffs
0042000112,1610612751,Brooklyn,Nets,BKN,nets,1629013,Landry,Shamet,L. Shamet,landry-shamet,,,,25:18,104.0,104.0,98.1,98.1,5.9,5.9,0.0,0.0,0.0,0.0,0.067,0.032,0.0,0.714,0.714,0.119,0.119,97.72,97.72,81.43,50.0,0.048,2020-21,Playoffs
0042000112,1610612751,Brooklyn,Nets,BKN,nets,1629651,Nic,Claxton,N. Claxton,nic-claxton,,,,17:51,105.7,105.7,89.2,89.2,16.5,16.5,0.154,0.0,50.0,0.048,0.095,0.071,0.0,0.0,0.0,0.05,0.05,96.81,96.81,80.67,35.0,0.038,2020-21,Playoffs
0042000112,1610612751,Brooklyn,Nets,BKN,nets,204020,Tyler,Johnson,T. Johnson,tyler-johnson,,,,8:19,88.9,88.9,100.0,100.0,-11.1,-11.1,0.0,0.0,0.0,0.0,0.0,0.0,0.0,0.375,0.375,0.182,0.182,106.77,106.77,88.98,18.0,0.0,2020-21,Playoffs
0042000112,1610612751,Brooklyn,Nets,BKN,nets,1628455,Mike,James,A. James,mike-james,,,,7:31,76.5,76.5,100.0,100.0,-23.5,-23.5,0.25,0.0,12.5,0.0,0.111,0.05,0.0,0.286,0.286,0.333,0.333,108.56,108.56,90.47,17.0,0.038,2020-21,Playoffs
0042000112,1610612751,Brooklyn,Nets,BKN,nets,1629617,Reggie,Perry,R. Perry,reggie-perry,,,,4:29,100.0,100.0,91.7,91.7,8.3,8.3,0.0,0.0,0.0,0.4,0.0,0.2,25.0,0.333,0.333,0.308,0.308,123.12,123.12,102.6,11.0,-0.053,2020-21,Playoffs
0042000112,1610612751,Brooklyn,Nets,BKN,nets,1627789,Timothe,Luwawu-Cabarrot,T. Luwawu-Cabarrot,timothe-luwawu-cabarrot,,,,4:29,100.0,100.0,91.7,91.7,8.3,8.3,0.0,0.0,0.0,0.0,0.2,0.1,50.0,0.0,0.0,0.154,0.154,123.12,123.12,102.6,11.0,-0.105,2020-21,Playoffs
0042000112,1610612751,Brooklyn,Nets,BKN,nets,1628993,Alize,Johnson,A. Johnson,alize-johnson,,,,4:29,100.0,100.0,91.7,91.7,8.3,8.3,0.0,0.0,0.0,0.0,0.6,0.3,0.0,1.0,1.0,0.077,0.077,123.12,123.12,102.6,11.0,0.316,2020-21,Playoffs
0042000112,1610612751,Brooklyn,Nets,BKN,nets,201599,DeAndre,Jordan,D. Jordan,deandre-jordan,,DNP - Coach's Decision,,,0.0,0.0,0.0,0.0,0.0,0.0,0.0,0.0,0.0,0.0,0.0,0.0,0.0,0.0,0.0,0.0,0.0,0.0,0.0,0.0,0.0,0.0,2020-21,Playoffs
0042000113,1610612751,Brooklyn,Nets,BKN,nets,201142,Kevin,Durant,K. Durant,kevin-durant,F,,,40:19,126.5,126.5,126.2,126.2,0.3,0.3,0.053,0.33,3.0,0.0,0.237,0.114,9.1,0.625,0.666,0.34,0.34,99.41,99.41,82.84,83.0,0.211,2020-21,Playoffs
0042000113,1610612751,Brooklyn,Nets,BKN,nets,203925,Joe,Harris,J. Harris,joe-harris,F,,,35:16,131.4,131.4,123.9,123.9,7.5,7.5,0.0,0.0,0.0,0.028,0.03,0.029,10.0,0.444,0.444,0.127,0.127,95.95,95.95,79.96,70.0,0.0,2020-21,Playoffs
0042000113,1610612751,Brooklyn,Nets,BKN,nets,201933,Blake,Griffin,B. Griffin,blake-griffin,C,,,24:49,131.4,131.4,102.0,102.0,29.4,29.4,0.043,0.0,14.3,0.08,0.107,0.094,0.0,0.2,0.34,0.103,0.103,97.68,97.68,81.4,51.0,0.01,2020-21,Playoffs
0042000113,1610612751,Brooklyn,Nets,BKN,nets,202681,Kyrie,Irving,K. Irving,kyrie-irving,G,,,40:49,125.0,125.0,122.4,122.4,2.6,2.6,0.074,2.0,9.5,0.049,0.1,0.074,4.8,0.412,0.447,0.2,0.2,99.37,99.37,82.81,84.0,0.048,2020-21,Playoffs
0042000113,1610612751,Brooklyn,Nets,BKN,nets,201935,James,Harden,J. Harden,james-harden,G,,,39:14,137.2,137.2,120.5,120.5,16.7,16.7,0.476,5.0,28.6,0.029,0.15,0.095,5.7,0.806,0.864,0.284,0.284,95.43,95.43,79.52,78.0,0.303,2020-21,Playoffs
0042000113,1610612751,Brooklyn,Nets,BKN,nets,1629651,Nic,Claxton,N. Claxton,nic-claxton,,,,16:24,106.5,106.5,174.2,174.2,-67.7,-67.7,0.0,0.0,0.0,0.188,0.182,0.185,28.6,0.4,0.4,0.2,0.2,90.72,90.72,75.6,31.0,0.013,2020-21,Playoffs
0042000113,1610612751,Brooklyn,Nets,BKN,nets,204020,Tyler,Johnson,T. Johnson,tyler-johnson,,,,9:53,84.2,84.2,194.1,194.1,-109.9,-109.9,0.0,0.0,0.0,0.0,0.0,0.0,0.0,0.833,0.833,0.15,0.15,87.42,87.42,72.85,19.0,0.063,2020-21,Playoffs
0042000113,1610612751,Brooklyn,Nets,BKN,nets,1629013,Landry,Shamet,L. Shamet,landry-shamet,,,,18:43,94.4,94.4,171.4,171.4,-77.0,-77.0,0.0,0.0,0.0,0.0,0.0,0.0,0.0,0.0,0.0,0.024,0.024,91.03,91.03,75.85,36.0,-0.036,2020-21,Playoffs
0042000113,1610612751,Brooklyn,Nets,BKN,nets,1628971,Bruce,Brown,B. Brown,bruce-brown,,,,14:33,124.1,124.1,112.9,112.9,11.2,11.2,0.222,0.0,40.0,0.1,0.143,0.125,0.0,0.0,0.347,0.097,0.097,99.0,99.0,82.5,29.0,0.028,2020-21,Playoffs
0042000113,1610612751,Brooklyn,Nets,BKN,nets,1629185,Chris,Chiozza,C. Chiozza,chris-chiozza,,DNP - Coach's Decision,,,0.0,0.0,0.0,0.0,0.0,0.0,0.0,0.0,0.0,0.0,0.0,0.0,0.0,0.0,0.0,0.0,0.0,0.0,0.0,0.0,0.0,0.0,2020-21,Playoffs
0042000113,1610612751,Brooklyn,Nets,BKN,nets,1628455,Mike,James,A. James,mike-james,,DNP - Coach's Decision,,,0.0,0.0,0.0,0.0,0.0,0.0,0.0,0.0,0.0,0.0,0.0,0.0,0.0,0.0,0.0,0.0,0.0,0.0,0.0,0.0,0.0,0.0,2020-21,Playoffs
0042000113,1610612751,Brooklyn,Nets,BKN,nets,1628993,Alize,Johnson,A. Johnson,alize-johnson,,DNP - Coach's Decision,,,0.0,0.0,0.0,0.0,0.0,0.0,0.0,0.0,0.0,0.0,0.0,0.0,0.0,0.0,0.0,0.0,0.0,0.0,0.0,0.0,0.0,0.0,2020-21,Playoffs
0042000113,1610612751,Brooklyn,Nets,BKN,nets,201599,DeAndre,Jordan,D. Jordan,deandre-jordan,,DNP - Coach's Decision,,,0.0,0.0,0.0,0.0,0.0,0.0,0.0,0.0,0.0,0.0,0.0,0.0,0.0,0.0,0.0,0.0,0.0,0.0,0.0,0.0,0.0,0.0,2020-21,Playoffs
0042000113,1610612751,Brooklyn,Nets,BKN,nets,1627789,Timothe,Luwawu-Cabarrot,T. Luwawu-Cabarrot,timothe-luwawu-cabarrot,,DNP - Coach's Decision,,,0.0,0.0,0.0,0.0,0.0,0.0,0.0,0.0,0.0,0.0,0.0,0.0,0.0,0.0,0.0,0.0,0.0,0.0,0.0,0.0,0.0,0.0,2020-21,Playoffs
0042000113,1610612751,Brooklyn,Nets,BKN,nets,1629617,Reggie,Perry,R. Perry,reggie-perry,,DNP - Coach's Decision,,,0.0,0.0,0.0,0.0,0.0,0.0,0.0,0.0,0.0,0.0,0.0,0.0,0.0,0.0,0.0,0.0,0.0,0.0,0.0,0.0,0.0,0.0,2020-21,Playoffs
0042000113,1610612738,Boston,Celtics,BOS,celtics,203095,Evan,Fournier,E. Fournier,evan-fournier,F,,,37:16,133.3,133.3,117.1,117.1,16.2,16.2,0.067,2.0,12.5,0.028,0.111,0.069,6.3,0.667,0.66,0.154,0.154,97.25,97.25,81.04,75.0,0.073,2020-21,Playoffs
0042000113,1610612738,Boston,Celtics,BOS,celtics,1628369,Jayson,Tatum,J. Tatum,jayson-tatum,F,,,40:31,126.5,126.5,126.8,126.8,-0.3,-0.3,0.333,7.0,15.9,0.0,0.154,0.078,2.3,0.617,0.683,0.378,0.378,97.74,97.74,81.45,83.0,0.278,2020-21,Playoffs
0042000113,1610612738,Boston,Celtics,BOS,celtics,202684,Tristan,Thompson,T. Thompson,tristan-thompson,C,,,30:27,113.8,113.8,136.7,136.7,-22.9,-22.9,0.063,0.5,5.6,0.273,0.16,0.224,11.1,0.615,0.644,0.233,0.233,92.99,92.99,77.49,58.0,0.171,2020-21,Playoffs
0042000113,1610612738,Boston,Celtics,BOS,celtics,203935,Marcus,Smart,M. Smart,marcus-smart,G,,,39:06,124.4,124.4,124.7,124.7,-0.3,-0.3,0.214,1.5,28.6,0.0,0.075,0.039,19.0,0.955,0.968,0.158,0.158,100.05,100.05,83.38,82.0,0.143,2020-21,Playoffs
0042000113,1610612738,Boston,Celtics,BOS,celtics,202689,Kemba,Walker,K. Walker,kemba-walker,G,,,33:33,110.0,110.0,131.4,131.4,-21.4,-21.4,0.115,0.6,13.6,0.0,0.25,0.119,22.7,0.214,0.214,0.232,0.232,100.15,100.15,83.46,70.0,-0.023,2020-21,Playoffs
0042000113,1610612738,Boston,Celtics,BOS,celtics,1629057,Robert,Williams III,R. Williams III,robert-williams-iii,,,,6:16,135.7,135.7,78.6,78.6,57.1,57.1,0.0,0.0,0.0,0.0,0.0,0.0,0.0,0.0,0.0,0.0,0.0,107.23,107.23,89.36,14.0,0.0,2020-21,Playoffs
0042000113,1610612738,Boston,Celtics,BOS,celtics,1629641,Romeo,Langford,R. Langford,romeo-langford,,,,27:18,149.1,149.1,107.4,107.4,41.6,41.6,0.038,0.0,12.5,0.095,0.138,0.12,0.0,0.429,0.429,0.113,0.113,94.07,94.07,78.39,53.0,0.048,2020-21,Playoffs
0042000113,1610612738,Boston,Celtics,BOS,celtics,1630202,Payton,Pritchard,P. Pritchard,payton-pritchard,,,,5:42,155.6,155.6,122.2,122.2,33.3,33.3,0.0,0.0,0.0,0.0,0.0,0.0,0.0,0.0,0.0,0.0,0.0,75.79,75.79,63.16,9.0,-0.044,2020-21,Playoffs
0042000113,1610612738,Boston,Celtics,BOS,celtics,1629684,Grant,Williams,G. Williams,grant-williams,,,,11:17,160.0,160.0,104.2,104.2,55.8,55.8,0.0,0.0,0.0,0.0,0.2,0.136,0.0,1.0,1.0,0.071,0.071,104.27,104.27,86.89,25.0,0.076,2020-21,Playoffs
0042000113,1610612738,Boston,Celtics,BOS,celtics,1630174,Aaron,Nesmith,A. Nesmith,aaron-nesmith,,,,8:34,153.3,153.3,137.5,137.5,15.8,15.8,0.111,0.0,100.0,0.143,0.125,0.133,0.0,0.0,0.0,0.0,0.0,86.85,86.85,72.37,15.0,0.029,2020-21,Playoffs
0042000113,1610612738,Boston,Celtics,BOS,celtics,1629035,Carsen,Edwards,C. Edwards,carsen-edwards,,DNP - Coach's Decision,,,0.0,0.0,0.0,0.0,0.0,0.0,0.0,0.0,0.0,0.0,0.0,0.0,0.0,0.0,0.0,0.0,0.0,0.0,0.0,0.0,0.0,0.0,2020-21,Playoffs
0042000113,1610612738,Boston,Celtics,BOS,celtics,1628436,Luke,Kornet,L. Kornet,luke-kornet,,DNP - Coach's Decision,,,0.0,0.0,0.0,0.0,0.0,0.0,0.0,0.0,0.0,0.0,0.0,0.0,0.0,0.0,0.0,0.0,0.0,0.0,0.0,0.0,0.0,0.0,2020-21,Playoffs
0042000113,1610612738,Boston,Celtics,BOS,celtics,1628400,Semi,Ojeleye,S. Ojeleye,semi-ojeleye,,DNP - Coach's Decision,,,0.0,0.0,0.0,0.0,0.0,0.0,0.0,0.0,0.0,0.0,0.0,0.0,0.0,0.0,0.0,0.0,0.0,0.0,0.0,0.0,0.0,0.0,2020-21,Playoffs
0042000113,1610612738,Boston,Celtics,BOS,celtics,203953,Jabari,Parker,J. Parker,jabari-parker,,DNP - Coach's Decision,,,0.0,0.0,0.0,0.0,0.0,0.0,0.0,0.0,0.0,0.0,0.0,0.0,0.0,0.0,0.0,0.0,0.0,0.0,0.0,0.0,0.0,0.0,2020-21,Playoffs
0042000113,1610612738,Boston,Celtics,BOS,celtics,1629682,Tremont,Waters,T. Waters,tremont-waters,,DNP - Coach's Decision,,,0.0,0.0,0.0,0.0,0.0,0.0,0.0,0.0,0.0,0.0,0.0,0.0,0.0,0.0,0.0,0.0,0.0,0.0,0.0,0.0,0.0,0.0,2020-21,Playoffs
0042000114,1610612751,Brooklyn,Nets,BKN,nets,201142,Kevin,Durant,K. Durant,kevin-durant,F,,,39:50,138.1,138.1,136.1,136.1,2.0,2.0,0.208,5.0,16.1,0.031,0.07,0.053,3.2,0.775,0.845,0.277,0.277,100.62,100.62,83.85,84.0,0.202,2020-21,Playoffs
0042000114,1610612751,Brooklyn,Nets,BKN,nets,203925,Joe,Harris,J. Harris,joe-harris,F,,,37:07,152.6,152.6,130.3,130.3,22.4,22.4,0.086,0.0,25.0,0.0,0.105,0.063,0.0,0.778,0.778,0.107,0.107,98.28,98.28,81.9,76.0,0.069,2020-21,Playoffs
0042000114,1610612751,Brooklyn,Nets,BKN,nets,201933,Blake,Griffin,B. Griffin,blake-griffin,C,,,18:22,156.4,156.4,125.6,125.6,30.8,30.8,0.0,0.0,0.0,0.154,0.0,0.059,0.0,0.333,0.333,0.07,0.07,101.92,101.92,84.94,39.0,-0.005,2020-21,Playoffs
0042000114,1610612751,Brooklyn,Nets,BKN,nets,202681,Kyrie,Irving,K. Irving,kyrie-irving,G,,,40:32,147.1,147.1,131.0,131.0,16.1,16.1,0.067,2.0,6.5,0.094,0.19,0.149,3.2,0.583,0.676,0.302,0.302,100.08,100.08,83.4,85.0,0.159,2020-21,Playoffs
0042000114,1610612751,Brooklyn,Nets,BKN,nets,201935,James,Harden,J. Harden,james-harden,G,,,40:29,140.5,140.5,132.5,132.5,7.9,7.9,0.545,3.0,46.2,0.031,0.103,0.07,15.4,0.75,0.786,0.223,0.223,99.01,99.01,82.51,84.0,0.164,2020-21,Playoffs
0042000114,1610612751,Brooklyn,Nets,BKN,nets,204020,Tyler,Johnson,T. Johnson,tyler-johnson,,,,16:03,132.3,132.3,109.1,109.1,23.2,23.2,0.0,0.0,0.0,0.0,0.0,0.0,0.0,1.0,1.0,0.03,0.03,95.72,95.72,79.77,31.0,-0.015,2020-21,Playoffs
0042000114,1610612751,Brooklyn,Nets,BKN,nets,1629651,Nic,Claxton,N. Claxton,nic-claxton,,,,7:59,171.4,171.4,62.5,62.5,108.9,108.9,0.0,0.0,0.0,0.0,0.091,0.067,0.0,0.0,0.0,0.0,0.0,90.28,90.28,75.24,14.0,0.049,2020-21,Playoffs
0042000114,1610612751,Brooklyn,Nets,BKN,nets,1629013,Landry,Shamet,L. Shamet,landry-shamet,,,,13:14,125.0,125.0,111.5,111.5,13.5,13.5,0.0,0.0,0.0,0.0,0.154,0.087,20.0,0.625,0.625,0.161,0.161,97.89,97.89,81.57,28.0,0.067,2020-21,Playoffs
0042000114,1610612751,Brooklyn,Nets,BKN,nets,1628971,Bruce,Brown,B. Brown,bruce-brown,,,,23:42,146.8,146.8,152.1,152.1,-5.3,-5.3,0.05,0.0,8.3,0.118,0.238,0.184,0.0,0.6,0.643,0.212,0.212,96.18,96.18,80.15,47.0,0.094,2020-21,Playoffs
0042000114,1610612751,Brooklyn,Nets,BKN,nets,1628455,Mike,James,A. James,mike-james,,,,0:56,0.0,0.0,50.0,50.0,-50.0,-50.0,0.0,0.0,0.0,0.0,0.0,0.0,0.0,0.0,0.0,0.0,0.0,128.8,128.8,107.33,3.0,0.0,2020-21,Playoffs
0042000114,1610612751,Brooklyn,Nets,BKN,nets,1629185,Chris,Chiozza,C. Chiozza,chris-chiozza,,,,0:53,0.0,0.0,0.0,0.0,0.0,0.0,0.0,0.0,0.0,0.0,0.0,0.0,0.0,0.0,0.0,0.0,0.0,108.47,108.47,90.4,2.0,0.0,2020-21,Playoffs
0042000114,1610612751,Brooklyn,Nets,BKN,nets,1627789,Timothe,Luwawu-Cabarrot,T. Luwawu-Cabarrot,timothe-luwawu-cabarrot,,,,0:53,0.0,0.0,0.0,0.0,0.0,0.0,0.0,0.0,0.0,0.0,0.0,0.0,0.0,0.0,0.0,0.0,0.0,108.47,108.47,90.4,2.0,0.0,2020-21,Playoffs
0042000114,1610612751,Brooklyn,Nets,BKN,nets,1628993,Alize,Johnson,A. Johnson,alize-johnson,,DNP - Injury/Illness,,,0.0,0.0,0.0,0.0,0.0,0.0,0.0,0.0,0.0,0.0,0.0,0.0,0.0,0.0,0.0,0.0,0.0,0.0,0.0,0.0,0.0,0.0,2020-21,Playoffs
0042000114,1610612751,Brooklyn,Nets,BKN,nets,201599,DeAndre,Jordan,D. Jordan,deandre-jordan,,DNP - Coach's Decision,,,0.0,0.0,0.0,0.0,0.0,0.0,0.0,0.0,0.0,0.0,0.0,0.0,0.0,0.0,0.0,0.0,0.0,0.0,0.0,0.0,0.0,0.0,2020-21,Playoffs
0042000114,1610612751,Brooklyn,Nets,BKN,nets,1629617,Reggie,Perry,R. Perry,reggie-perry,,DNP - Coach's Decision,,,0.0,0.0,0.0,0.0,0.0,0.0,0.0,0.0,0.0,0.0,0.0,0.0,0.0,0.0,0.0,0.0,0.0,0.0,0.0,0.0,0.0,0.0,2020-21,Playoffs
0042000114,1610612738,Boston,Celtics,BOS,celtics,203095,Evan,Fournier,E. Fournier,evan-fournier,F,,,27:53,115.8,115.8,157.9,157.9,-42.1,-42.1,0.143,0.0,11.1,0.0,0.0,0.0,0.0,0.4,0.477,0.235,0.235,98.12,98.12,81.77,57.0,0.04,2020-21,Playoffs
0042000114,1610612738,Boston,Celtics,BOS,celtics,1628369,Jayson,Tatum,J. Tatum,jayson-tatum,F,,,40:24,131.0,131.0,145.1,145.1,-14.2,-14.2,0.227,2.5,13.5,0.024,0.2,0.097,5.4,0.523,0.678,0.327,0.327,98.61,98.61,82.17,84.0,0.175,2020-21,Playoffs
0042000114,1610612738,Boston,Celtics,BOS,celtics,202684,Tristan,Thompson,T. Thompson,tristan-thompson,C,,,22:30,127.7,127.7,156.3,156.3,-28.6,-28.6,0.067,0.0,16.7,0.115,0.176,0.14,0.0,0.5,0.512,0.089,0.089,101.33,101.33,84.44,47.0,0.044,2020-21,Playoffs
0042000114,1610612738,Boston,Celtics,BOS,celtics,1629641,Romeo,Langford,R. Langford,romeo-langford,G,,,25:47,114.8,114.8,136.4,136.4,-21.5,-21.5,0.067,1.0,10.0,0.034,0.0,0.02,10.0,0.417,0.58,0.141,0.141,101.46,101.46,84.55,54.0,0.044,2020-21,Playoffs
0042000114,1610612738,Boston,Celtics,BOS,celtics,203935,Marcus,Smart,M. Smart,marcus-smart,G,,,33:36,136.6,136.6,149.3,149.3,-12.7,-12.7,0.375,4.5,34.6,0.029,0.2,0.1,7.7,0.417,0.531,0.205,0.205,101.42,101.42,84.52,71.0,0.093,2020-21,Playoffs
0042000114,1610612738,Boston,Celtics,BOS,celtics,1630202,Payton,Pritchard,P. Pritchard,payton-pritchard,,,,23:40,133.3,133.3,138.3,138.3,-5.0,-5.0,0.214,3.0,23.1,0.043,0.059,0.05,7.7,0.667,0.667,0.179,0.179,96.33,96.33,80.28,48.0,0.108,2020-21,Playoffs
0042000114,1610612738,Boston,Celtics,BOS,celtics,1630174,Aaron,Nesmith,A. Nesmith,aaron-nesmith,,,,19:07,150.0,150.0,152.6,152.6,-2.6,-2.6,0.0,0.0,0.0,0.0,0.182,0.077,14.3,0.917,0.917,0.159,0.159,95.41,95.41,79.5,38.0,0.066,2020-21,Playoffs
0042000114,1610612738,Boston,Celtics,BOS,celtics,1629684,Grant,Williams,G. Williams,grant-williams,,,,20:49,121.4,121.4,151.2,151.2,-29.8,-29.8,0.125,0.0,33.3,0.087,0.0,0.056,0.0,0.5,0.644,0.08,0.08,95.69,95.69,79.74,42.0,0.053,2020-21,Playoffs
0042000114,1610612738,Boston,Celtics,BOS,celtics,203953,Jabari,Parker,J. Parker,jabari-parker,,,,17:14,150.0,150.0,120.0,120.0,30.0,30.0,0.083,0.5,11.1,0.154,0.25,0.207,22.2,0.8,0.85,0.205,0.205,96.09,96.09,80.08,34.0,0.124,2020-21,Playoffs
0042000114,1610612738,Boston,Celtics,BOS,celtics,1628400,Semi,Ojeleye,S. Ojeleye,semi-ojeleye,,,,5:16,72.7,72.7,118.2,118.2,-45.5,-45.5,0.0,0.0,0.0,0.0,0.0,0.0,0.0,0.0,0.174,0.231,0.231,100.25,100.25,83.54,11.0,-0.056,2020-21,Playoffs
0042000114,1610612738,Boston,Celtics,BOS,celtics,1629682,Tremont,Waters,T. Waters,tremont-waters,,,,0:56,50.0,50.0,0.0,0.0,50.0,50.0,0.0,0.0,0.0,0.0,0.0,0.0,50.0,0.0,0.568,1.0,1.0,128.8,128.8,107.33,2.0,-1.0,2020-21,Playoffs
0042000114,1610612738,Boston,Celtics,BOS,celtics,1628436,Luke,Kornet,L. Kornet,luke-kornet,,,,0:56,50.0,50.0,0.0,0.0,50.0,50.0,0.0,0.0,0.0,0.0,0.5,0.333,0.0,0.0,0.0,0.0,0.0,128.8,128.8,107.33,2.0,1.0,2020-21,Playoffs
0042000114,1610612738,Boston,Celtics,BOS,celtics,1629605,Tacko,Fall,T. Fall,tacko-fall,,,,0:56,50.0,50.0,0.0,0.0,50.0,50.0,0.0,0.0,0.0,0.0,0.5,0.333,0.0,0.0,0.0,0.0,0.0,128.8,128.8,107.33,2.0,1.0,2020-21,Playoffs
0042000114,1610612738,Boston,Celtics,BOS,celtics,1629035,Carsen,Edwards,C. Edwards,carsen-edwards,,,,0:56,50.0,50.0,0.0,0.0,50.0,50.0,0.0,0.0,0.0,0.0,0.0,0.0,0.0,0.0,0.0,0.0,0.0,128.8,128.8,107.33,2.0,0.0,2020-21,Playoffs
0042000115,1610612738,Boston,Celtics,BOS,celtics,203095,Evan,Fournier,E. Fournier,evan-fournier,F,,,35:59,123.3,123.3,140.0,140.0,-16.7,-16.7,0.04,1.0,5.3,0.05,0.154,0.091,5.3,0.5,0.503,0.202,0.202,95.37,95.37,79.47,73.0,0.047,2020-21,Playoffs
0042000115,1610612738,Boston,Celtics,BOS,celtics,1628369,Jayson,Tatum,J. Tatum,jayson-tatum,F,,,41:20,114.5,114.5,134.6,134.6,-20.1,-20.1,0.227,1.67,13.5,0.022,0.229,0.113,8.1,0.519,0.556,0.327,0.327,95.23,95.23,79.35,83.0,0.151,2020-21,Playoffs
0042000115,1610612738,Boston,Celtics,BOS,celtics,202684,Tristan,Thompson,T. Thompson,tristan-thompson,C,,,29:50,113.8,113.8,145.6,145.6,-31.8,-31.8,0.042,0.0,11.1,0.118,0.238,0.164,0.0,0.25,0.598,0.111,0.111,92.51,92.51,77.09,58.0,0.092,2020-21,Playoffs
0042000115,1610612738,Boston,Celtics,BOS,celtics,1629641,Romeo,Langford,R. Langford,romeo-langford,G,,,37:40,110.7,110.7,120.0,120.0,-9.3,-9.3,0.083,0.0,14.3,0.022,0.0,0.013,0.0,0.708,0.708,0.132,0.132,95.56,95.56,79.63,75.0,0.108,2020-21,Playoffs
0042000115,1610612738,Boston,Celtics,BOS,celtics,203935,Marcus,Smart,M. Smart,marcus-smart,G,,,38:58,115.4,115.4,131.2,131.2,-15.8,-15.8,0.143,1.0,14.8,0.047,0.147,0.091,14.8,0.324,0.373,0.247,0.247,95.46,95.46,79.55,78.0,0.027,2020-21,Playoffs
0042000115,1610612738,Boston,Celtics,BOS,celtics,1630174,Aaron,Nesmith,A. Nesmith,aaron-nesmith,,,,11:41,84.0,84.0,100.0,100.0,-16.0,-16.0,0.0,0.0,0.0,0.083,0.063,0.071,0.0,0.0,0.0,0.071,0.071,100.64,100.64,83.87,25.0,-0.045,2020-21,Playoffs
0042000115,1610612738,Boston,Celtics,BOS,celtics,1629684,Grant,Williams,G. Williams,grant-williams,,,,12:10,96.2,96.2,107.4,107.4,-11.3,-11.3,0.125,1.0,20.0,0.077,0.143,0.111,20.0,0.333,0.436,0.133,0.133,104.5,104.5,87.09,26.0,0.051,2020-21,Playoffs
0042000115,1610612738,Boston,Celtics,BOS,celtics,1630202,Payton,Pritchard,P. Pritchard,payton-pritchard,,,,18:22,107.7,107.7,139.5,139.5,-31.8,-31.8,0.267,4.0,57.1,0.043,0.188,0.103,14.3,0.75,0.75,0.064,0.064,100.62,100.62,83.85,39.0,0.087,2020-21,Playoffs
0042000115,1610612738,Boston,Celtics,BOS,celtics,203953,Jabari,Parker,J. Parker,jabari-parker,,,,13:59,110.0,110.0,93.3,93.3,16.7,16.7,0.0,0.0,0.0,0.0,0.2,0.103,9.1,0.688,0.666,0.324,0.324,103.0,103.0,85.84,30.0,0.153,2020-21,Playoffs
0042000115,1610612738,Boston,Celtics,BOS,celtics,1629035,Carsen,Edwards,C. Edwards,carsen-edwards,,DNP - Coach's Decision,,,0.0,0.0,0.0,0.0,0.0,0.0,0.0,0.0,0.0,0.0,0.0,0.0,0.0,0.0,0.0,0.0,0.0,0.0,0.0,0.0,0.0,0.0,2020-21,Playoffs
0042000115,1610612738,Boston,Celtics,BOS,celtics,1629605,Tacko,Fall,T. Fall,tacko-fall,,DNP - Coach's Decision,,,0.0,0.0,0.0,0.0,0.0,0.0,0.0,0.0,0.0,0.0,0.0,0.0,0.0,0.0,0.0,0.0,0.0,0.0,0.0,0.0,0.0,0.0,2020-21,Playoffs
0042000115,1610612738,Boston,Celtics,BOS,celtics,1628436,Luke,Kornet,L. Kornet,luke-kornet,,DNP - Coach's Decision,,,0.0,0.0,0.0,0.0,0.0,0.0,0.0,0.0,0.0,0.0,0.0,0.0,0.0,0.0,0.0,0.0,0.0,0.0,0.0,0.0,0.0,0.0,2020-21,Playoffs
0042000115,1610612738,Boston,Celtics,BOS,celtics,1628400,Semi,Ojeleye,S. Ojeleye,semi-ojeleye,,DNP - Coach's Decision,,,0.0,0.0,0.0,0.0,0.0,0.0,0.0,0.0,0.0,0.0,0.0,0.0,0.0,0.0,0.0,0.0,0.0,0.0,0.0,0.0,0.0,0.0,2020-21,Playoffs
0042000115,1610612738,Boston,Celtics,BOS,celtics,1629682,Tremont,Waters,T. Waters,tremont-waters,,DNP - Coach's Decision,,,0.0,0.0,0.0,0.0,0.0,0.0,0.0,0.0,0.0,0.0,0.0,0.0,0.0,0.0,0.0,0.0,0.0,0.0,0.0,0.0,0.0,0.0,2020-21,Playoffs
0042000115,1610612751,Brooklyn,Nets,BKN,nets,201142,Kevin,Durant,K. Durant,kevin-durant,F,,,37:03,135.6,135.6,113.7,113.7,21.9,21.9,0.111,1.5,13.0,0.0,0.098,0.056,8.7,0.625,0.676,0.247,0.247,94.57,94.57,78.81,73.0,0.123,2020-21,Playoffs
0042000115,1610612751,Brooklyn,Nets,BKN,nets,203925,Joe,Harris,J. Harris,joe-harris,F,,,35:21,130.0,130.0,131.0,131.0,-1.0,-1.0,0.207,6.0,37.5,0.0,0.079,0.045,6.3,0.5,0.563,0.132,0.132,95.71,95.71,79.76,70.0,0.048,2020-21,Playoffs
0042000115,1610612751,Brooklyn,Nets,BKN,nets,201933,Blake,Griffin,B. Griffin,blake-griffin,C,,,18:18,118.9,118.9,118.9,118.9,0.0,0.0,0.0,0.0,0.0,0.067,0.136,0.108,0.0,0.75,0.75,0.1,0.1,97.05,97.05,80.87,37.0,0.06,2020-21,Playoffs
0042000115,1610612751,Brooklyn,Nets,BKN,nets,202681,Kyrie,Irving,K. Irving,kyrie-irving,G,,,37:55,135.1,135.1,102.7,102.7,32.5,32.5,0.115,0.0,15.0,0.0,0.063,0.038,0.0,0.75,0.751,0.205,0.205,94.31,94.31,78.59,74.0,0.163,2020-21,Playoffs
0042000115,1610612751,Brooklyn,Nets,BKN,nets,201935,James,Harden,J. Harden,james-harden,G,,,39:18,139.7,139.7,110.1,110.1,29.6,29.6,0.357,10.0,31.3,0.032,0.191,0.128,3.1,0.706,0.778,0.262,0.262,95.88,95.88,79.9,78.0,0.245,2020-21,Playoffs
0042000115,1610612751,Brooklyn,Nets,BKN,nets,204020,Tyler,Johnson,T. Johnson,tyler-johnson,,,,10:58,104.3,104.3,91.7,91.7,12.7,12.7,0.0,0.0,0.0,0.067,0.231,0.143,25.0,0.5,0.5,0.143,0.143,102.86,102.86,85.71,23.0,0.054,2020-21,Playoffs
0042000115,1610612751,Brooklyn,Nets,BKN,nets,1629013,Landry,Shamet,L. Shamet,landry-shamet,,,,22:16,121.7,121.7,102.1,102.1,19.6,19.6,0.059,1.0,12.5,0.0,0.077,0.04,12.5,0.417,0.417,0.135,0.135,100.24,100.24,83.53,46.0,0.021,2020-21,Playoffs
0042000115,1610612751,Brooklyn,Nets,BKN,nets,1629651,Nic,Claxton,N. Claxton,nic-claxton,,,,12:04,121.7,121.7,133.3,133.3,-11.6,-11.6,0.0,0.0,0.0,0.143,0.143,0.143,0.0,0.429,0.429,0.259,0.259,93.52,93.52,77.93,23.0,0.083,2020-21,Playoffs
0042000115,1610612751,Brooklyn,Nets,BKN,nets,1628971,Bruce,Brown,B. Brown,bruce-brown,,,,23:52,130.6,130.6,118.0,118.0,12.6,12.6,0.176,1.5,21.4,0.111,0.143,0.128,14.3,0.5,0.563,0.212,0.212,99.55,99.55,82.96,49.0,0.129,2020-21,Playoffs
0042000115,1610612751,Brooklyn,Nets,BKN,nets,1627789,Timothe,Luwawu-Cabarrot,T. Luwawu-Cabarrot,timothe-luwawu-cabarrot,,,,0:58,0.0,0.0,0.0,0.0,0.0,0.0,0.0,0.0,0.0,0.0,0.0,0.0,0.0,0.0,0.0,0.0,0.0,98.8,98.8,82.33,2.0,0.0,2020-21,Playoffs
0042000115,1610612751,Brooklyn,Nets,BKN,nets,1628455,Mike,James,A. James,mike-james,,,,0:58,0.0,0.0,0.0,0.0,0.0,0.0,0.0,0.0,0.0,0.0,0.0,0.0,0.0,0.0,0.0,0.5,0.5,98.8,98.8,82.33,2.0,0.667,2020-21,Playoffs
0042000115,1610612751,Brooklyn,Nets,BKN,nets,1629185,Chris,Chiozza,C. Chiozza,chris-chiozza,,,,0:58,0.0,0.0,0.0,0.0,0.0,0.0,0.0,0.0,0.0,0.0,0.0,0.0,0.0,0.0,0.0,0.0,0.0,98.8,98.8,82.33,2.0,0.0,2020-21,Playoffs
0042000115,1610612751,Brooklyn,Nets,BKN,nets,1628993,Alize,Johnson,A. Johnson,alize-johnson,,DND - Injury/Illness,,,0.0,0.0,0.0,0.0,0.0,0.0,0.0,0.0,0.0,0.0,0.0,0.0,0.0,0.0,0.0,0.0,0.0,0.0,0.0,0.0,0.0,0.0,2020-21,Playoffs
0042000115,1610612751,Brooklyn,Nets,BKN,nets,201599,DeAndre,Jordan,D. Jordan,deandre-jordan,,DNP - Coach's Decision,,,0.0,0.0,0.0,0.0,0.0,0.0,0.0,0.0,0.0,0.0,0.0,0.0,0.0,0.0,0.0,0.0,0.0,0.0,0.0,0.0,0.0,0.0,2020-21,Playoffs
0042000115,1610612751,Brooklyn,Nets,BKN,nets,1629617,Reggie,Perry,R. Perry,reggie-perry,,DNP - Coach's Decision,,,0.0,0.0,0.0,0.0,0.0,0.0,0.0,0.0,0.0,0.0,0.0,0.0,0.0,0.0,0.0,0.0,0.0,0.0,0.0,0.0,0.0,0.0,2020-21,Playoffs
0042000121,1610612748,Miami,Heat,MIA,heat,202710,Jimmy,Butler III,J. Butler III,jimmy-butler-iii,F,,,45:40,96.8,96.8,102.1,102.1,-5.3,-5.3,0.308,1.33,19.5,0.07,0.122,0.094,14.6,0.227,0.322,0.306,0.306,100.38,100.38,83.65,94.0,0.045,2020-21,Playoffs
0042000121,1610612748,Miami,Heat,MIA,heat,2772,Trevor,Ariza,T. Ariza,trevor-ariza,F,,,38:19,91.3,91.3,97.6,97.6,-6.3,-6.3,0.048,1.0,10.0,0.021,0.262,0.133,10.0,0.5,0.5,0.098,0.098,101.47,101.47,84.56,80.0,0.107,2020-21,Playoffs
0042000121,1610612748,Miami,Heat,MIA,heat,1628389,Bam,Adebayo,B. Adebayo,bam-adebayo,C,,,40:36,96.6,96.6,89.9,89.9,6.7,6.7,0.2,5.0,23.8,0.085,0.167,0.126,4.8,0.267,0.291,0.165,0.165,104.63,104.63,87.19,88.0,0.077,2020-21,Playoffs
0042000121,1610612748,Miami,Heat,MIA,heat,1629130,Duncan,Robinson,D. Robinson,duncan-robinson,G,,,36:05,96.2,96.2,94.8,94.8,1.3,1.3,0.118,1.0,11.1,0.0,0.05,0.024,11.1,0.808,0.838,0.178,0.178,103.11,103.11,85.92,78.0,0.153,2020-21,Playoffs
0042000121,1610612748,Miami,Heat,MIA,heat,1629134,Kendrick,Nunn,K. Nunn,kendrick-nunn,G,,,22:41,96.1,96.1,88.5,88.5,7.6,7.6,0.067,0.5,7.7,0.0,0.143,0.075,15.4,0.5,0.5,0.222,0.222,108.98,108.98,90.82,51.0,0.066,2020-21,Playoffs
0042000121,1610612748,Miami,Heat,MIA,heat,203473,Dewayne,Dedmon,D. Dedmon,dewayne-dedmon,,,,12:24,100.0,100.0,116.0,116.0,-16.0,-16.0,0.0,0.0,0.0,0.053,0.083,0.065,0.0,0.5,0.41,0.069,0.069,90.97,90.97,75.81,22.0,-0.012,2020-21,Playoffs
0042000121,1610612748,Miami,Heat,MIA,heat,201609,Goran,Dragic,G. Dragic,goran-dragic,,,,34:39,97.1,97.1,95.8,95.8,1.4,1.4,0.077,0.25,4.5,0.024,0.024,0.024,18.2,0.735,0.735,0.266,0.266,97.66,97.66,81.39,70.0,0.144,2020-21,Playoffs
0042000121,1610612748,Miami,Heat,MIA,heat,1629639,Tyler,Herro,T. Herro,tyler-herro,,,,19:10,100.0,100.0,94.9,94.9,5.1,5.1,0.3,3.0,18.8,0.0,0.1,0.041,6.3,0.3,0.425,0.271,0.271,96.42,96.42,80.35,38.0,0.108,2020-21,Playoffs
0042000121,1610612748,Miami,Heat,MIA,heat,2738,Andre,Iguodala,A. Iguodala,andre-iguodala,,,,15:26,106.3,106.3,91.7,91.7,14.6,14.6,0.091,0.0,33.3,0.053,0.2,0.128,0.0,0.5,0.5,0.057,0.057,105.71,105.71,88.09,32.0,0.074,2020-21,Playoffs
0042000121,1610612748,Miami,Heat,MIA,heat,1630173,Precious,Achiuwa,P. Achiuwa,precious-achiuwa,,DNP - Coach's Decision,,,0.0,0.0,0.0,0.0,0.0,0.0,0.0,0.0,0.0,0.0,0.0,0.0,0.0,0.0,0.0,0.0,0.0,0.0,0.0,0.0,0.0,0.0,2020-21,Playoffs
0042000121,1610612748,Miami,Heat,MIA,heat,202357,Nemanja,Bjelica,N. Bjelica,nemanja-bjelica,,DNP - Coach's Decision,,,0.0,0.0,0.0,0.0,0.0,0.0,0.0,0.0,0.0,0.0,0.0,0.0,0.0,0.0,0.0,0.0,0.0,0.0,0.0,0.0,0.0,0.0,2020-21,Playoffs
0042000121,1610612748,Miami,Heat,MIA,heat,2617,Udonis,Haslem,U. Haslem,udonis-haslem,,DNP - Coach's Decision,,,0.0,0.0,0.0,0.0,0.0,0.0,0.0,0.0,0.0,0.0,0.0,0.0,0.0,0.0,0.0,0.0,0.0,0.0,0.0,0.0,0.0,0.0,2020-21,Playoffs
0042000121,1610612748,Miami,Heat,MIA,heat,1629644,KZ,Okpala,K. Okpala,kz-okpala,,DNP - Coach's Decision,,,0.0,0.0,0.0,0.0,0.0,0.0,0.0,0.0,0.0,0.0,0.0,0.0,0.0,0.0,0.0,0.0,0.0,0.0,0.0,0.0,0.0,0.0,2020-21,Playoffs
0042000121,1610612748,Miami,Heat,MIA,heat,1629622,Max,Strus,M. Strus,max-strus,,DNP - Coach's Decision,,,0.0,0.0,0.0,0.0,0.0,0.0,0.0,0.0,0.0,0.0,0.0,0.0,0.0,0.0,0.0,0.0,0.0,0.0,0.0,0.0,0.0,0.0,2020-21,Playoffs
0042000121,1610612748,Miami,Heat,MIA,heat,1629216,Gabe,Vincent,G. Vincent,gabe-vincent,,DNP - Coach's Decision,,,0.0,0.0,0.0,0.0,0.0,0.0,0.0,0.0,0.0,0.0,0.0,0.0,0.0,0.0,0.0,0.0,0.0,0.0,0.0,0.0,0.0,0.0,2020-21,Playoffs
0042000121,1610612749,Milwaukee,Bucks,MIL,bucks,203114,Khris,Middleton,K. Middleton,khris-middleton,F,,,44:38,95.8,95.8,95.8,95.8,0.0,0.0,0.24,3.0,18.8,0.02,0.096,0.058,6.3,0.523,0.548,0.239,0.239,103.24,103.24,86.03,96.0,0.146,2020-21,Playoffs
0042000121,1610612749,Milwaukee,Bucks,MIL,bucks,203507,Giannis,Antetokounmpo,G. Antetokounmpo,giannis-antetokounmpo,F,,,45:27,94.8,94.8,94.7,94.7,0.1,0.1,0.192,1.0,11.6,0.115,0.214,0.167,11.6,0.37,0.397,0.336,0.336,101.39,101.39,84.49,97.0,0.107,2020-21,Playoffs
0042000121,1610612749,Milwaukee,Bucks,MIL,bucks,201572,Brook,Lopez,B. Lopez,brook-lopez,C,,,36:07,98.7,98.7,92.1,92.1,6.6,6.6,0.0,0.0,0.0,0.075,0.111,0.094,6.7,0.55,0.666,0.17,0.17,101.67,101.67,84.73,77.0,0.126,2020-21,Playoffs
0042000121,1610612749,Milwaukee,Bucks,MIL,bucks,1628978,Donte,DiVincenzo,D. DiVincenzo,donte-divincenzo,G,,,37:28,92.7,92.7,101.2,101.2,-8.6,-8.6,0.148,1.33,33.3,0.0,0.256,0.123,25.0,0.3,0.3,0.087,0.087,104.41,104.41,87.01,82.0,0.083,2020-21,Playoffs
0042000121,1610612749,Milwaukee,Bucks,MIL,bucks,201950,Jrue,Holiday,J. Holiday,jrue-holiday,G,,,42:18,103.4,103.4,95.3,95.3,8.0,8.0,0.115,0.6,10.7,0.043,0.167,0.109,17.9,0.5,0.506,0.24,0.24,99.29,99.29,82.74,89.0,0.158,2020-21,Playoffs
0042000121,1610612749,Milwaukee,Bucks,MIL,bucks,1627854,Bryn,Forbes,B. Forbes,bryn-forbes,,,,14:05,100.0,100.0,100.0,100.0,0.0,0.0,0.0,0.0,0.0,0.0,0.048,0.026,0.0,0.4,0.46,0.143,0.143,98.84,98.84,82.37,30.0,0.067,2020-21,Playoffs
0042000121,1610612749,Milwaukee,Bucks,MIL,bucks,200782,P.J.,Tucker,P. Tucker,pj-tucker,,,,17:56,108.1,108.1,88.9,88.9,19.2,19.2,0.0,0.0,0.0,0.056,0.034,0.043,0.0,0.0,0.0,0.023,0.023,97.7,97.7,81.41,37.0,-0.05,2020-21,Playoffs
0042000121,1610612749,Milwaukee,Bucks,MIL,bucks,1626171,Bobby,Portis,B. Portis,bobby-portis,,,,16:53,91.7,91.7,105.7,105.7,-14.0,-14.0,0.0,0.0,0.0,0.0,0.19,0.098,0.0,0.667,0.621,0.143,0.143,100.93,100.93,84.11,36.0,0.143,2020-21,Playoffs
0042000121,1610612749,Milwaukee,Bucks,MIL,bucks,1626192,Pat,Connaughton,P. Connaughton,pat-connaughton,,,,10:08,63.6,63.6,100.0,100.0,-36.4,-36.4,0.2,1.0,25.0,0.167,0.154,0.16,25.0,0.5,0.5,0.12,0.12,104.21,104.21,86.84,22.0,0.085,2020-21,Playoffs
0042000121,1610612749,Milwaukee,Bucks,MIL,bucks,1629091,Elijah,Bryant,E. Bryant,elijah-bryant,,DNP - Coach's Decision,,,0.0,0.0,0.0,0.0,0.0,0.0,0.0,0.0,0.0,0.0,0.0,0.0,0.0,0.0,0.0,0.0,0.0,0.0,0.0,0.0,0.0,0.0,2020-21,Playoffs
0042000121,1610612749,Milwaukee,Bucks,MIL,bucks,1629603,Mamadi,Diakite,M. Diakite,mamadi-diakite,,DNP - Coach's Decision,,,0.0,0.0,0.0,0.0,0.0,0.0,0.0,0.0,0.0,0.0,0.0,0.0,0.0,0.0,0.0,0.0,0.0,0.0,0.0,0.0,0.0,0.0,2020-21,Playoffs
0042000121,1610612749,Milwaukee,Bucks,MIL,bucks,1630241,Sam,Merrill,S. Merrill,sam-merrill,,DNP - Coach's Decision,,,0.0,0.0,0.0,0.0,0.0,0.0,0.0,0.0,0.0,0.0,0.0,0.0,0.0,0.0,0.0,0.0,0.0,0.0,0.0,0.0,0.0,0.0,2020-21,Playoffs
0042000121,1610612749,Milwaukee,Bucks,MIL,bucks,1629670,Jordan,Nwora,J. Nwora,jordan-nwora,,DNP - Coach's Decision,,,0.0,0.0,0.0,0.0,0.0,0.0,0.0,0.0,0.0,0.0,0.0,0.0,0.0,0.0,0.0,0.0,0.0,0.0,0.0,0.0,0.0,0.0,2020-21,Playoffs
0042000121,1610612749,Milwaukee,Bucks,MIL,bucks,201952,Jeff,Teague,J. Teague,jeff-teague,,DNP - Coach's Decision,,,0.0,0.0,0.0,0.0,0.0,0.0,0.0,0.0,0.0,0.0,0.0,0.0,0.0,0.0,0.0,0.0,0.0,0.0,0.0,0.0,0.0,0.0,2020-21,Playoffs
0042000121,1610612749,Milwaukee,Bucks,MIL,bucks,1626253,Axel,Toupane,A. Toupane,axel-toupane,,DNP - Coach's Decision,,,0.0,0.0,0.0,0.0,0.0,0.0,0.0,0.0,0.0,0.0,0.0,0.0,0.0,0.0,0.0,0.0,0.0,0.0,0.0,0.0,0.0,0.0,2020-21,Playoffs
0042000122,1610612748,Miami,Heat,MIA,heat,202710,Jimmy,Butler III,J. Butler III,jimmy-butler-iii,F,,,31:50,98.5,98.5,150.8,150.8,-52.3,-52.3,0.222,4.0,23.5,0.053,0.0,0.029,5.9,0.4,0.425,0.176,0.176,98.01,98.01,81.68,65.0,0.045,2020-21,Playoffs
0042000122,1610612748,Miami,Heat,MIA,heat,2772,Trevor,Ariza,T. Ariza,trevor-ariza,F,,,18:54,81.6,81.6,143.6,143.6,-62.0,-62.0,0.083,1.0,20.0,0.043,0.222,0.122,20.0,0.0,0.0,0.098,0.098,97.78,97.78,81.48,38.0,-0.017,2020-21,Playoffs
0042000122,1610612748,Miami,Heat,MIA,heat,1628389,Bam,Adebayo,B. Adebayo,bam-adebayo,C,,,28:38,101.6,101.6,130.6,130.6,-29.0,-29.0,0.25,1.0,17.4,0.0,0.097,0.05,17.4,0.455,0.535,0.284,0.284,103.93,103.93,86.61,62.0,0.073,2020-21,Playoffs
0042000122,1610612748,Miami,Heat,MIA,heat,1629130,Duncan,Robinson,D. Robinson,duncan-robinson,G,,,23:26,93.6,93.6,141.7,141.7,-48.0,-48.0,0.077,0.0,11.1,0.0,0.19,0.078,0.0,0.5,0.61,0.151,0.151,97.32,97.32,81.1,47.0,0.095,2020-21,Playoffs
0042000122,1610612748,Miami,Heat,MIA,heat,1629134,Kendrick,Nunn,K. Nunn,kendrick-nunn,G,,,25:21,83.9,83.9,121.8,121.8,-37.9,-37.9,0.083,0.0,6.7,0.0,0.0,0.0,0.0,0.321,0.321,0.237,0.237,105.09,105.09,87.57,56.0,0.0,2020-21,Playoffs
0042000122,1610612748,Miami,Heat,MIA,heat,203473,Dewayne,Dedmon,D. Dedmon,dewayne-dedmon,,,,20:50,114.3,114.3,143.2,143.2,-28.9,-28.9,0.25,1.0,12.5,0.154,0.278,0.205,12.5,0.773,0.8,0.259,0.259,99.07,99.07,82.56,42.0,0.184,2020-21,Playoffs
0042000122,1610612748,Miami,Heat,MIA,heat,201609,Goran,Dragic,G. Dragic,goran-dragic,,,,24:02,120.0,120.0,138.0,138.0,-18.0,-18.0,0.267,0.0,21.1,0.0,0.111,0.045,0.0,0.5,0.62,0.246,0.246,99.86,99.86,83.22,50.0,0.148,2020-21,Playoffs
0042000122,1610612748,Miami,Heat,MIA,heat,1629639,Tyler,Herro,T. Herro,tyler-herro,,,,17:35,107.9,107.9,130.6,130.6,-22.7,-22.7,0.077,0.0,16.7,0.0,0.167,0.086,0.0,0.3,0.368,0.109,0.109,101.0,101.0,84.17,38.0,0.069,2020-21,Playoffs
0042000122,1610612748,Miami,Heat,MIA,heat,2738,Andre,Iguodala,A. Iguodala,andre-iguodala,,,,13:43,113.3,113.3,126.7,126.7,-13.3,-13.3,0.1,0.33,20.0,0.154,0.143,0.148,60.0,1.0,1.0,0.111,0.111,104.94,104.94,87.45,30.0,0.043,2020-21,Playoffs
0042000122,1610612748,Miami,Heat,MIA,heat,202357,Nemanja,Bjelica,N. Bjelica,nemanja-bjelica,,,,12:00,90.9,90.9,113.6,113.6,-22.7,-22.7,0.0,0.0,0.0,0.0,0.067,0.032,0.0,0.3,0.34,0.214,0.214,88.0,88.0,73.33,22.0,0.014,2020-21,Playoffs
0042000122,1610612748,Miami,Heat,MIA,heat,1629216,Gabe,Vincent,G. Vincent,gabe-vincent,,,,7:28,71.4,71.4,115.4,115.4,-44.0,-44.0,0.5,0.0,50.0,0.0,0.0,0.0,0.0,1.5,1.5,0.063,0.063,86.79,86.79,72.32,14.0,0.186,2020-21,Playoffs
0042000122,1610612748,Miami,Heat,MIA,heat,1630173,Precious,Achiuwa,P. Achiuwa,precious-achiuwa,,,,6:55,83.3,83.3,108.3,108.3,-25.0,-25.0,0.0,0.0,0.0,0.0,0.333,0.167,0.0,0.5,0.399,0.286,0.286,83.28,83.28,69.4,12.0,0.103,2020-21,Playoffs
0042000122,1610612748,Miami,Heat,MIA,heat,1629644,KZ,Okpala,K. Okpala,kz-okpala,,,,4:39,100.0,100.0,125.0,125.0,-25.0,-25.0,0.0,0.0,0.0,0.0,0.0,0.0,0.0,0.0,0.0,0.1,0.1,87.74,87.74,73.12,9.0,-0.05,2020-21,Playoffs
0042000122,1610612748,Miami,Heat,MIA,heat,1629622,Max,Strus,M. Strus,max-strus,,,,4:39,100.0,100.0,125.0,125.0,-25.0,-25.0,0.0,0.0,0.0,0.0,0.0,0.0,0.0,0.0,0.0,0.1,0.1,87.74,87.74,73.12,9.0,-0.05,2020-21,Playoffs
0042000122,1610612748,Miami,Heat,MIA,heat,2617,Udonis,Haslem,U. Haslem,udonis-haslem,,DNP - Coach's Decision,,,0.0,0.0,0.0,0.0,0.0,0.0,0.0,0.0,0.0,0.0,0.0,0.0,0.0,0.0,0.0,0.0,0.0,0.0,0.0,0.0,0.0,0.0,2020-21,Playoffs
0042000122,1610612749,Milwaukee,Bucks,MIL,bucks,203114,Khris,Middleton,K. Middleton,khris-middleton,F,,,24:01,149.0,149.0,90.6,90.6,58.5,58.5,0.13,0.75,23.1,0.05,0.034,0.041,30.8,1.1,1.113,0.167,0.167,103.95,103.95,86.62,51.0,0.104,2020-21,Playoffs
0042000122,1610612749,Milwaukee,Bucks,MIL,bucks,203507,Giannis,Antetokounmpo,G. Antetokounmpo,giannis-antetokounmpo,F,,,30:53,135.4,135.4,106.2,106.2,29.2,29.2,0.316,3.0,17.6,0.188,0.226,0.206,5.9,0.543,0.594,0.35,0.35,101.0,101.0,84.17,65.0,0.232,2020-21,Playoffs
0042000122,1610612749,Milwaukee,Bucks,MIL,bucks,201572,Brook,Lopez,B. Lopez,brook-lopez,C,,,23:06,127.7,127.7,100.0,100.0,27.7,27.7,0.0,0.0,0.0,0.087,0.133,0.113,12.5,0.4,0.518,0.143,0.143,97.66,97.66,81.39,47.0,0.055,2020-21,Playoffs
0042000122,1610612749,Milwaukee,Bucks,MIL,bucks,1628978,Donte,DiVincenzo,D. DiVincenzo,donte-divincenzo,G,,,22:55,122.4,122.4,97.9,97.9,24.5,24.5,0.2,1.33,28.6,0.074,0.192,0.132,21.4,0.357,0.357,0.159,0.159,101.59,101.59,84.65,49.0,0.063,2020-21,Playoffs
0042000122,1610612749,Milwaukee,Bucks,MIL,bucks,201950,Jrue,Holiday,J. Holiday,jrue-holiday,G,,,30:39,149.2,149.2,92.3,92.3,56.9,56.9,0.536,7.5,51.7,0.067,0.147,0.109,6.9,0.458,0.458,0.175,0.175,101.79,101.79,84.83,65.0,0.158,2020-21,Playoffs
0042000122,1610612749,Milwaukee,Bucks,MIL,bucks,1627854,Bryn,Forbes,B. Forbes,bryn-forbes,,,,19:56,141.9,141.9,107.1,107.1,34.7,34.7,0.0,0.0,0.0,0.0,0.208,0.128,14.3,0.917,0.917,0.28,0.28,102.32,102.32,85.26,43.0,0.197,2020-21,Playoffs
0042000122,1610612749,Milwaukee,Bucks,MIL,bucks,200782,P.J.,Tucker,P. Tucker,pj-tucker,,,,17:28,138.2,138.2,111.1,111.1,27.1,27.1,0.077,0.0,33.3,0.059,0.1,0.081,0.0,0.75,0.75,0.049,0.049,96.16,96.16,80.13,34.0,0.035,2020-21,Playoffs
0042000122,1610612749,Milwaukee,Bucks,MIL,bucks,1626171,Bobby,Portis,B. Portis,bobby-portis,,,,17:59,151.3,151.3,105.1,105.1,46.2,46.2,0.0,0.0,0.0,0.118,0.188,0.152,12.5,0.667,0.751,0.163,0.163,104.1,104.1,86.75,39.0,0.119,2020-21,Playoffs
0042000122,1610612749,Milwaukee,Bucks,MIL,bucks,1626192,Pat,Connaughton,P. Connaughton,pat-connaughton,,,,19:24,126.3,126.3,107.3,107.3,19.0,19.0,0.083,0.0,10.0,0.1,0.05,0.075,0.0,0.833,0.833,0.196,0.196,97.71,97.71,81.42,38.0,0.169,2020-21,Playoffs
0042000122,1610612749,Milwaukee,Bucks,MIL,bucks,1629670,Jordan,Nwora,J. Nwora,jordan-nwora,,,,8:14,100.0,100.0,66.7,66.7,33.3,33.3,0.0,0.0,0.0,0.091,0.083,0.087,0.0,0.417,0.417,0.316,0.316,87.45,87.45,72.87,15.0,0.15,2020-21,Playoffs
0042000122,1610612749,Milwaukee,Bucks,MIL,bucks,1629091,Elijah,Bryant,E. Bryant,elijah-bryant,,,,6:55,108.3,108.3,83.3,83.3,25.0,25.0,0.6,0.0,75.0,0.0,0.333,0.167,0.0,0.0,0.0,0.067,0.067,83.28,83.28,69.4,12.0,0.256,2020-21,Playoffs
0042000122,1610612749,Milwaukee,Bucks,MIL,bucks,1630241,Sam,Merrill,S. Merrill,sam-merrill,,,,6:55,108.3,108.3,83.3,83.3,25.0,25.0,0.25,0.0,33.3,0.0,0.111,0.056,0.0,0.75,0.75,0.133,0.133,83.28,83.28,69.4,12.0,0.154,2020-21,Playoffs
0042000122,1610612749,Milwaukee,Bucks,MIL,bucks,1629603,Mamadi,Diakite,M. Diakite,mamadi-diakite,,,,6:55,108.3,108.3,83.3,83.3,25.0,25.0,0.0,0.0,0.0,0.111,0.111,0.111,0.0,0.0,0.0,0.067,0.067,83.28,83.28,69.4,12.0,-0.051,2020-21,Playoffs
0042000122,1610612749,Milwaukee,Bucks,MIL,bucks,1626253,Axel,Toupane,A. Toupane,axel-toupane,,,,4:39,125.0,125.0,100.0,100.0,25.0,25.0,0.0,0.0,0.0,0.167,0.167,0.167,0.0,0.333,0.333,0.273,0.273,87.74,87.74,73.12,8.0,0.075,2020-21,Playoffs
0042000122,1610612749,Milwaukee,Bucks,MIL,bucks,201952,Jeff,Teague,J. Teague,jeff-teague,,DNP - Coach's Decision,,,0.0,0.0,0.0,0.0,0.0,0.0,0.0,0.0,0.0,0.0,0.0,0.0,0.0,0.0,0.0,0.0,0.0,0.0,0.0,0.0,0.0,0.0,2020-21,Playoffs
0042000123,1610612749,Milwaukee,Bucks,MIL,bucks,203114,Khris,Middleton,K. Middleton,khris-middleton,F,,,33:47,115.7,115.7,77.5,77.5,38.2,38.2,0.227,1.25,19.2,0.033,0.159,0.108,15.4,0.594,0.635,0.276,0.276,100.17,100.17,83.47,70.0,0.176,2020-21,Playoffs
0042000123,1610612749,Milwaukee,Bucks,MIL,bucks,203507,Giannis,Antetokounmpo,G. Antetokounmpo,giannis-antetokounmpo,F,,,32:35,94.1,94.1,84.5,84.5,9.6,9.6,0.263,1.67,21.7,0.054,0.395,0.227,13.0,0.5,0.564,0.234,0.234,102.38,102.38,85.32,68.0,0.259,2020-21,Playoffs
0042000123,1610612749,Milwaukee,Bucks,MIL,bucks,201572,Brook,Lopez,B. Lopez,brook-lopez,C,,,26:40,101.8,101.8,76.8,76.8,25.0,25.0,0.0,0.0,0.0,0.037,0.118,0.082,21.4,0.545,0.568,0.222,0.222,101.7,101.7,84.75,57.0,0.085,2020-21,Playoffs
0042000123,1610612749,Milwaukee,Bucks,MIL,bucks,1628978,Donte,DiVincenzo,D. DiVincenzo,donte-divincenzo,G,,,9:23,61.9,61.9,40.0,40.0,21.9,21.9,0.0,0.0,0.0,0.0,0.154,0.077,0.0,0.0,0.0,0.167,0.167,104.79,104.79,87.33,21.0,-0.308,2020-21,Playoffs
0042000123,1610612749,Milwaukee,Bucks,MIL,bucks,201950,Jrue,Holiday,J. Holiday,jrue-holiday,G,,,33:36,133.8,133.8,76.1,76.1,57.7,57.7,0.414,6.0,46.2,0.0,0.073,0.042,7.7,0.8,0.808,0.173,0.173,101.45,101.45,84.54,71.0,0.192,2020-21,Playoffs
0042000123,1610612749,Milwaukee,Bucks,MIL,bucks,1627854,Bryn,Forbes,B. Forbes,bryn-forbes,,,,20:28,107.0,107.0,85.7,85.7,21.3,21.3,0.0,0.0,0.0,0.0,0.12,0.075,0.0,0.688,0.652,0.182,0.182,99.66,99.66,83.05,43.0,0.127,2020-21,Playoffs
0042000123,1610612749,Milwaukee,Bucks,MIL,bucks,1626171,Bobby,Portis,B. Portis,bobby-portis,,,,17:07,136.1,136.1,91.9,91.9,44.2,44.2,0.0,0.0,0.0,0.154,0.389,0.29,12.5,0.786,0.786,0.2,0.2,102.36,102.36,85.3,36.0,0.203,2020-21,Playoffs
0042000123,1610612749,Milwaukee,Bucks,MIL,bucks,200782,P.J.,Tucker,P. Tucker,pj-tucker,,,,23:08,144.9,144.9,98.0,98.0,46.9,46.9,0.038,0.5,14.3,0.188,0.0,0.075,28.6,0.625,0.625,0.111,0.111,103.76,103.76,86.47,49.0,0.005,2020-21,Playoffs
0042000123,1610612749,Milwaukee,Bucks,MIL,bucks,1626192,Pat,Connaughton,P. Connaughton,pat-connaughton,,,,17:50,138.9,138.9,81.6,81.6,57.3,57.3,0.067,0.0,14.3,0.0,0.158,0.086,0.0,0.75,0.75,0.143,0.143,99.59,99.59,82.99,36.0,0.148,2020-21,Playoffs
0042000123,1610612749,Milwaukee,Bucks,MIL,bucks,201952,Jeff,Teague,J. Teague,jeff-teague,,,,5:26,66.7,66.7,123.1,123.1,-56.4,-56.4,0.25,0.0,33.3,0.0,0.0,0.0,0.0,0.0,0.0,0.167,0.167,110.43,110.43,92.02,12.0,-0.08,2020-21,Playoffs
0042000123,1610612749,Milwaukee,Bucks,MIL,bucks,1629670,Jordan,Nwora,J. Nwora,jordan-nwora,,,,5:08,66.7,66.7,75.0,75.0,-8.3,-8.3,0.0,0.0,0.0,0.0,0.0,0.0,0.0,0.0,0.0,0.308,0.308,112.21,112.21,93.51,12.0,-0.323,2020-21,Playoffs
0042000123,1610612749,Milwaukee,Bucks,MIL,bucks,1629091,Elijah,Bryant,E. Bryant,elijah-bryant,,,,4:13,54.5,54.5,70.0,70.0,-15.5,-15.5,0.0,0.0,0.0,0.0,0.0,0.0,0.0,0.667,0.667,0.25,0.25,119.53,119.53,99.6,11.0,0.286,2020-21,Playoffs
0042000123,1610612749,Milwaukee,Bucks,MIL,bucks,1630241,Sam,Merrill,S. Merrill,sam-merrill,,,,4:13,54.5,54.5,70.0,70.0,-15.5,-15.5,0.0,0.0,0.0,0.0,0.0,0.0,0.0,0.0,0.0,0.0,0.0,119.53,119.53,99.6,11.0,0.095,2020-21,Playoffs
0042000123,1610612749,Milwaukee,Bucks,MIL,bucks,1629603,Mamadi,Diakite,M. Diakite,mamadi-diakite,,,,4:13,54.5,54.5,70.0,70.0,-15.5,-15.5,0.0,0.0,0.0,0.0,0.0,0.0,0.0,0.0,0.347,0.25,0.25,119.53,119.53,99.6,11.0,0.19,2020-21,Playoffs
0042000123,1610612749,Milwaukee,Bucks,MIL,bucks,1626253,Axel,Toupane,A. Toupane,axel-toupane,,,,2:13,80.0,80.0,75.0,75.0,5.0,5.0,0.0,0.0,0.0,0.333,1.0,0.5,0.0,0.0,0.0,0.0,0.0,97.44,97.44,81.2,5.0,0.333,2020-21,Playoffs
0042000123,1610612748,Miami,Heat,MIA,heat,202710,Jimmy,Butler III,J. Butler III,jimmy-butler-iii,F,,,38:21,87.7,87.7,118.3,118.3,-30.6,-30.6,0.316,3.0,23.1,0.0,0.222,0.098,7.7,0.471,0.506,0.227,0.227,102.0,102.0,85.0,81.0,0.125,2020-21,Playoffs
0042000123,1610612748,Miami,Heat,MIA,heat,2772,Trevor,Ariza,T. Ariza,trevor-ariza,F,,,18:28,73.8,73.8,82.9,82.9,-9.1,-9.1,0.0,0.0,0.0,0.0,0.273,0.13,20.0,0.0,0.0,0.114,0.114,107.87,107.87,89.89,42.0,0.038,2020-21,Playoffs
0042000123,1610612748,Miami,Heat,MIA,heat,1628389,Bam,Adebayo,B. Adebayo,bam-adebayo,C,,,31:32,91.2,91.2,112.1,112.1,-20.9,-20.9,0.25,2.0,19.0,0.081,0.147,0.113,9.5,0.5,0.555,0.236,0.236,102.01,102.01,85.01,68.0,0.149,2020-21,Playoffs
0042000123,1610612748,Miami,Heat,MIA,heat,1629130,Duncan,Robinson,D. Robinson,duncan-robinson,G,,,24:20,73.6,73.6,100.0,100.0,-26.4,-26.4,0.0,0.0,0.0,0.0,0.143,0.057,14.3,0.167,0.167,0.123,0.123,103.57,103.57,86.31,53.0,-0.068,2020-21,Playoffs
0042000123,1610612748,Miami,Heat,MIA,heat,201609,Goran,Dragic,G. Dragic,goran-dragic,G,,,29:07,79.4,79.4,98.4,98.4,-19.0,-19.0,0.133,0.0,12.5,0.0,0.033,0.015,0.0,0.286,0.286,0.203,0.203,103.01,103.01,85.84,63.0,-0.006,2020-21,Playoffs
0042000123,1610612748,Miami,Heat,MIA,heat,1629639,Tyler,Herro,T. Herro,tyler-herro,,,,24:43,82.7,82.7,115.4,115.4,-32.7,-32.7,0.077,1.0,8.3,0.0,0.148,0.078,8.3,0.45,0.45,0.2,0.2,100.98,100.98,84.15,52.0,0.069,2020-21,Playoffs
0042000123,1610612748,Miami,Heat,MIA,heat,203473,Dewayne,Dedmon,D. Dedmon,dewayne-dedmon,,,,12:15,60.0,60.0,122.2,122.2,-62.2,-62.2,0.2,0.5,12.5,0.2,0.0,0.143,25.0,0.25,0.41,0.25,0.25,101.82,101.82,84.85,25.0,0.028,2020-21,Playoffs
0042000123,1610612748,Miami,Heat,MIA,heat,2738,Andre,Iguodala,A. Iguodala,andre-iguodala,,,,15:54,67.6,67.6,124.2,124.2,-56.6,-56.6,0.0,0.0,0.0,0.0,0.063,0.029,25.0,0.5,0.5,0.111,0.111,101.13,101.13,84.28,34.0,-0.03,2020-21,Playoffs
0042000123,1610612748,Miami,Heat,MIA,heat,1629134,Kendrick,Nunn,K. Nunn,kendrick-nunn,,,,17:19,78.4,78.4,119.4,119.4,-41.1,-41.1,0.3,3.0,37.5,0.0,0.056,0.029,12.5,0.5,0.5,0.132,0.132,101.21,101.21,84.34,37.0,0.063,2020-21,Playoffs
0042000123,1610612748,Miami,Heat,MIA,heat,202357,Nemanja,Bjelica,N. Bjelica,nemanja-bjelica,,,,18:15,105.4,105.4,142.1,142.1,-36.7,-36.7,0.2,0.0,20.0,0.077,0.214,0.148,0.0,0.917,0.902,0.2,0.2,98.63,98.63,82.19,37.0,0.148,2020-21,Playoffs
0042000123,1610612748,Miami,Heat,MIA,heat,1629216,Gabe,Vincent,G. Vincent,gabe-vincent,,,,5:33,84.6,84.6,76.9,76.9,7.7,7.7,0.0,0.0,0.0,0.0,0.125,0.1,33.3,0.5,0.5,0.231,0.231,112.43,112.43,93.69,13.0,0.051,2020-21,Playoffs
0042000123,1610612748,Miami,Heat,MIA,heat,1630173,Precious,Achiuwa,P. Achiuwa,precious-achiuwa,,,,4:13,70.0,70.0,54.5,54.5,15.5,15.5,0.0,0.0,0.0,0.0,0.25,0.222,75.0,1.0,1.0,0.4,0.4,119.53,119.53,99.6,10.0,0.095,2020-21,Playoffs
0042000123,1610612748,Miami,Heat,MIA,heat,2617,Udonis,Haslem,U. Haslem,udonis-haslem,,DNP - Coach's Decision,,,0.0,0.0,0.0,0.0,0.0,0.0,0.0,0.0,0.0,0.0,0.0,0.0,0.0,0.0,0.0,0.0,0.0,0.0,0.0,0.0,0.0,0.0,2020-21,Playoffs
0042000123,1610612748,Miami,Heat,MIA,heat,1629644,KZ,Okpala,K. Okpala,kz-okpala,,DNP - Coach's Decision,,,0.0,0.0,0.0,0.0,0.0,0.0,0.0,0.0,0.0,0.0,0.0,0.0,0.0,0.0,0.0,0.0,0.0,0.0,0.0,0.0,0.0,0.0,2020-21,Playoffs
0042000123,1610612748,Miami,Heat,MIA,heat,1629622,Max,Strus,M. Strus,max-strus,,DNP - Coach's Decision,,,0.0,0.0,0.0,0.0,0.0,0.0,0.0,0.0,0.0,0.0,0.0,0.0,0.0,0.0,0.0,0.0,0.0,0.0,0.0,0.0,0.0,0.0,2020-21,Playoffs
0042000124,1610612749,Milwaukee,Bucks,MIL,bucks,203114,Khris,Middleton,K. Middleton,khris-middleton,F,,,36:57,115.4,115.4,93.6,93.6,21.8,21.8,0.103,1.0,12.5,0.051,0.214,0.136,12.5,0.5,0.563,0.233,0.233,101.33,101.33,84.44,78.0,0.122,2020-21,Playoffs
0042000124,1610612749,Milwaukee,Bucks,MIL,bucks,203507,Giannis,Antetokounmpo,G. Antetokounmpo,giannis-antetokounmpo,F,,,36:09,123.4,123.4,97.4,97.4,26.0,26.0,0.517,7.5,39.5,0.0,0.286,0.15,5.3,0.444,0.484,0.258,0.258,101.6,101.6,84.67,77.0,0.187,2020-21,Playoffs
0042000124,1610612749,Milwaukee,Bucks,MIL,bucks,201572,Brook,Lopez,B. Lopez,brook-lopez,C,,,27:57,119.0,119.0,79.7,79.7,39.3,39.3,0.0,0.0,0.0,0.111,0.143,0.129,11.1,0.733,0.766,0.277,0.277,100.47,100.47,83.72,58.0,0.232,2020-21,Playoffs
0042000124,1610612749,Milwaukee,Bucks,MIL,bucks,1626192,Pat,Connaughton,P. Connaughton,pat-connaughton,G,,,21:30,95.9,95.9,93.8,93.8,2.2,2.2,0.0,0.0,0.0,0.042,0.16,0.102,0.0,0.2,0.2,0.091,0.091,108.26,108.26,90.22,49.0,0.02,2020-21,Playoffs
0042000124,1610612749,Milwaukee,Bucks,MIL,bucks,201950,Jrue,Holiday,J. Holiday,jrue-holiday,G,,,38:11,112.2,112.2,101.2,101.2,11.0,11.0,0.29,3.0,34.6,0.085,0.048,0.067,11.5,0.333,0.4,0.172,0.172,102.45,102.45,85.38,82.0,0.096,2020-21,Playoffs
0042000124,1610612749,Milwaukee,Bucks,MIL,bucks,1627854,Bryn,Forbes,B. Forbes,bryn-forbes,,,,25:26,137.9,137.9,109.3,109.3,28.7,28.7,0.0,0.0,0.0,0.0,0.074,0.036,0.0,0.7,0.712,0.208,0.208,105.7,105.7,88.08,58.0,0.115,2020-21,Playoffs
0042000124,1610612749,Milwaukee,Bucks,MIL,bucks,1626171,Bobby,Portis,B. Portis,bobby-portis,,,,18:55,115.9,115.9,125.6,125.6,-9.7,-9.7,0.071,0.0,9.1,0.038,0.118,0.07,0.0,0.65,0.65,0.179,0.179,110.38,110.38,91.98,44.0,0.103,2020-21,Playoffs
0042000124,1610612749,Milwaukee,Bucks,MIL,bucks,200782,P.J.,Tucker,P. Tucker,pj-tucker,,,,24:18,118.5,118.5,111.3,111.3,7.2,7.2,0.045,0.0,16.7,0.129,0.16,0.143,0.0,0.4,0.4,0.074,0.074,105.72,105.72,88.1,54.0,0.042,2020-21,Playoffs
0042000124,1610612749,Milwaukee,Bucks,MIL,bucks,201952,Jeff,Teague,J. Teague,jeff-teague,,,,4:58,120.0,120.0,100.0,100.0,20.0,20.0,0.0,0.0,0.0,0.0,0.2,0.111,33.3,0.75,0.75,0.273,0.273,106.31,106.31,88.59,10.0,0.044,2020-21,Playoffs
0042000124,1610612749,Milwaukee,Bucks,MIL,bucks,1630241,Sam,Merrill,S. Merrill,sam-merrill,,,,1:08,0.0,0.0,100.0,100.0,-100.0,-100.0,0.0,0.0,0.0,0.0,0.0,0.0,0.0,0.0,0.0,0.5,0.5,84.71,84.71,70.59,2.0,0.0,2020-21,Playoffs
0042000124,1610612749,Milwaukee,Bucks,MIL,bucks,1628382,Justin,Jackson,J. Jackson,justin-jackson,,,,1:08,0.0,0.0,100.0,100.0,-100.0,-100.0,0.0,0.0,0.0,0.0,0.0,0.0,0.0,0.0,0.0,0.0,0.0,84.71,84.71,70.59,2.0,0.0,2020-21,Playoffs
0042000124,1610612749,Milwaukee,Bucks,MIL,bucks,1626253,Axel,Toupane,A. Toupane,axel-toupane,,,,1:08,0.0,0.0,100.0,100.0,-100.0,-100.0,0.0,0.0,0.0,0.0,0.0,0.0,0.0,0.0,0.0,0.0,0.0,84.71,84.71,70.59,2.0,0.0,2020-21,Playoffs
0042000124,1610612749,Milwaukee,Bucks,MIL,bucks,1629091,Elijah,Bryant,E. Bryant,elijah-bryant,,,,1:08,0.0,0.0,100.0,100.0,-100.0,-100.0,0.0,0.0,0.0,0.0,0.0,0.0,0.0,0.0,0.0,0.0,0.0,84.71,84.71,70.59,2.0,0.0,2020-21,Playoffs
0042000124,1610612749,Milwaukee,Bucks,MIL,bucks,1629603,Mamadi,Diakite,M. Diakite,mamadi-diakite,,,,1:08,0.0,0.0,100.0,100.0,-100.0,-100.0,0.0,0.0,0.0,0.0,0.0,0.0,0.0,0.0,0.0,0.0,0.0,84.71,84.71,70.59,2.0,0.0,2020-21,Playoffs
0042000124,1610612749,Milwaukee,Bucks,MIL,bucks,1629670,Jordan,Nwora,J. Nwora,jordan-nwora,,DNP - Coach's Decision,,,0.0,0.0,0.0,0.0,0.0,0.0,0.0,0.0,0.0,0.0,0.0,0.0,0.0,0.0,0.0,0.0,0.0,0.0,0.0,0.0,0.0,0.0,2020-21,Playoffs
0042000124,1610612748,Miami,Heat,MIA,heat,202710,Jimmy,Butler III,J. Butler III,jimmy-butler-iii,F,,,38:18,96.4,96.4,120.7,120.7,-24.3,-24.3,0.37,0.0,37.0,0.0,0.213,0.11,0.0,0.267,0.358,0.183,0.183,104.02,104.02,86.68,84.0,0.129,2020-21,Playoffs
0042000124,1610612748,Miami,Heat,MIA,heat,2772,Trevor,Ariza,T. Ariza,trevor-ariza,F,,,20:20,88.9,88.9,117.4,117.4,-28.5,-28.5,0.0,0.0,0.0,0.0,0.0,0.0,0.0,0.688,0.688,0.167,0.167,107.38,107.38,89.49,45.0,0.052,2020-21,Playoffs
0042000124,1610612748,Miami,Heat,MIA,heat,1628389,Bam,Adebayo,B. Adebayo,bam-adebayo,C,,,35:05,88.2,88.2,118.7,118.7,-30.5,-30.5,0.235,1.0,16.0,0.159,0.184,0.171,16.0,0.588,0.588,0.244,0.244,103.3,103.3,86.08,76.0,0.158,2020-21,Playoffs
0042000124,1610612748,Miami,Heat,MIA,heat,1629130,Duncan,Robinson,D. Robinson,duncan-robinson,G,,,15:48,93.8,93.8,87.9,87.9,5.9,5.9,0.0,0.0,0.0,0.0,0.083,0.05,16.7,0.375,0.512,0.176,0.176,98.77,98.77,82.3,32.0,0.0,2020-21,Playoffs
0042000124,1610612748,Miami,Heat,MIA,heat,201609,Goran,Dragic,G. Dragic,goran-dragic,G,,,28:56,86.9,86.9,109.8,109.8,-23.0,-23.0,0.235,2.0,20.0,0.0,0.069,0.032,10.0,0.458,0.472,0.235,0.235,101.2,101.2,84.33,61.0,0.043,2020-21,Playoffs
0042000124,1610612748,Miami,Heat,MIA,heat,1629639,Tyler,Herro,T. Herro,tyler-herro,,,,31:21,108.6,108.6,126.8,126.8,-18.2,-18.2,0.087,2.0,11.8,0.03,0.091,0.061,5.9,0.462,0.504,0.2,0.2,107.94,107.94,89.95,70.0,0.059,2020-21,Playoffs
0042000124,1610612748,Miami,Heat,MIA,heat,203473,Dewayne,Dedmon,D. Dedmon,dewayne-dedmon,,,,11:47,136.0,136.0,114.8,114.8,21.2,21.2,0.0,0.0,0.0,0.0,0.267,0.174,66.7,0.0,0.0,0.12,0.12,105.91,105.91,88.26,25.0,-0.024,2020-21,Playoffs
0042000124,1610612748,Miami,Heat,MIA,heat,1629134,Kendrick,Nunn,K. Nunn,kendrick-nunn,,,,27:49,110.2,110.2,129.3,129.3,-19.1,-19.1,0.056,0.0,5.9,0.0,0.036,0.017,0.0,0.533,0.567,0.242,0.242,100.95,100.95,84.12,59.0,0.087,2020-21,Playoffs
0042000124,1610612748,Miami,Heat,MIA,heat,2738,Andre,Iguodala,A. Iguodala,andre-iguodala,,,,26:04,113.0,113.0,122.2,122.2,-9.3,-9.3,0.143,3.0,33.3,0.0,0.074,0.037,11.1,0.8,0.8,0.098,0.098,99.44,99.44,82.86,54.0,0.094,2020-21,Playoffs
0042000124,1610612748,Miami,Heat,MIA,heat,1629216,Gabe,Vincent,G. Vincent,gabe-vincent,,,,1:08,100.0,100.0,0.0,0.0,100.0,100.0,1.0,0.0,100.0,0.0,0.0,0.0,0.0,0.0,0.0,0.0,0.0,84.71,84.71,70.59,2.0,0.333,2020-21,Playoffs
0042000124,1610612748,Miami,Heat,MIA,heat,1629644,KZ,Okpala,K. Okpala,kz-okpala,,,,1:08,100.0,100.0,0.0,0.0,100.0,100.0,0.0,0.0,0.0,0.0,0.0,0.0,0.0,0.0,0.0,0.0,0.0,84.71,84.71,70.59,2.0,0.0,2020-21,Playoffs
0042000124,1610612748,Miami,Heat,MIA,heat,1629622,Max,Strus,M. Strus,max-strus,,,,1:08,100.0,100.0,0.0,0.0,100.0,100.0,0.0,0.0,0.0,0.0,0.0,0.0,0.0,0.0,0.0,0.0,0.0,84.71,84.71,70.59,2.0,0.0,2020-21,Playoffs
0042000124,1610612748,Miami,Heat,MIA,heat,1630173,Precious,Achiuwa,P. Achiuwa,precious-achiuwa,,,,1:08,100.0,100.0,0.0,0.0,100.0,100.0,0.0,0.0,0.0,0.0,1.0,1.0,50.0,1.0,1.0,1.0,1.0,84.71,84.71,70.59,2.0,0.667,2020-21,Playoffs
0042000124,1610612748,Miami,Heat,MIA,heat,202357,Nemanja,Bjelica,N. Bjelica,nemanja-bjelica,,DNP - Coach's Decision,,,0.0,0.0,0.0,0.0,0.0,0.0,0.0,0.0,0.0,0.0,0.0,0.0,0.0,0.0,0.0,0.0,0.0,0.0,0.0,0.0,0.0,0.0,2020-21,Playoffs
0042000124,1610612748,Miami,Heat,MIA,heat,2617,Udonis,Haslem,U. Haslem,udonis-haslem,,DNP - Coach's Decision,,,0.0,0.0,0.0,0.0,0.0,0.0,0.0,0.0,0.0,0.0,0.0,0.0,0.0,0.0,0.0,0.0,0.0,0.0,0.0,0.0,0.0,0.0,2020-21,Playoffs
0042000131,1610612737,Atlanta,Hawks,ATL,hawks,1628381,John,Collins,J. Collins,john-collins,F,,,35:14,113.0,113.0,107.1,107.1,5.9,5.9,0.0,0.0,0.0,0.0,0.167,0.091,10.0,0.667,0.667,0.13,0.13,94.68,94.68,78.9,69.0,0.104,2020-21,Playoffs
0042000131,1610612737,Atlanta,Hawks,ATL,hawks,1629631,De'Andre,Hunter,D. Hunter,deandre-hunter,F,,,22:16,100.0,100.0,110.6,110.6,-10.6,-10.6,0.0,0.0,0.0,0.0,0.16,0.083,14.3,0.417,0.417,0.14,0.14,99.18,99.18,82.65,45.0,0.03,2020-21,Playoffs
0042000131,1610612737,Atlanta,Hawks,ATL,hawks,203991,Clint,Capela,C. Capela,clint-capela,C,,,34:34,120.0,120.0,108.6,108.6,11.4,11.4,0.0,0.0,0.0,0.121,0.237,0.183,0.0,0.571,0.571,0.105,0.105,97.2,97.2,81.0,70.0,0.113,2020-21,Playoffs
0042000131,1610612737,Atlanta,Hawks,ATL,hawks,203992,Bogdan,Bogdanović,B. Bogdanović,bogdan-bogdanović,G,,,33:35,122.1,122.1,100.0,100.0,22.1,22.1,0.08,2.0,11.1,0.032,0.077,0.057,5.6,0.6,0.6,0.211,0.211,95.75,95.75,79.79,68.0,0.089,2020-21,Playoffs
0042000131,1610612737,Atlanta,Hawks,ATL,hawks,1629027,Trae,Young,T. Young,trae-young,G,,,35:16,113.0,113.0,113.0,113.0,0.0,0.0,0.526,5.0,25.6,0.056,0.125,0.092,5.1,0.5,0.593,0.377,0.377,93.91,93.91,78.26,69.0,0.231,2020-21,Playoffs
0042000131,1610612737,Atlanta,Hawks,ATL,hawks,201568,Danilo,Gallinari,D. Gallinari,danilo-gallinari,,,,23:33,106.4,106.4,120.0,120.0,-13.6,-13.6,0.056,1.0,7.7,0.0,0.038,0.02,7.7,0.318,0.318,0.235,0.235,93.77,93.77,78.14,47.0,-0.027,2020-21,Playoffs
0042000131,1610612737,Atlanta,Hawks,ATL,hawks,1628989,Kevin,Huerter,K. Huerter,kevin-huerter,,,,27:21,118.5,118.5,119.2,119.2,-0.7,-0.7,0.05,0.0,12.5,0.0,0.129,0.07,0.0,0.5,0.538,0.121,0.121,93.02,93.02,77.51,54.0,0.094,2020-21,Playoffs
0042000131,1610612737,Atlanta,Hawks,ATL,hawks,203503,Tony,Snell,T. Snell,tony-snell,,,,12:48,91.7,91.7,115.4,115.4,-23.7,-23.7,0.125,0.0,25.0,0.0,0.133,0.065,0.0,0.5,0.5,0.12,0.12,93.75,93.75,78.13,24.0,0.122,2020-21,Playoffs
0042000131,1610612737,Atlanta,Hawks,ATL,hawks,101150,Lou,Williams,L. Williams,lou-williams,,,,12:43,116.0,116.0,103.8,103.8,12.2,12.2,0.333,0.0,18.2,0.0,0.0,0.0,0.0,0.722,0.722,0.346,0.346,96.25,96.25,80.21,25.0,0.234,2020-21,Playoffs
0042000131,1610612737,Atlanta,Hawks,ATL,hawks,1630168,Onyeka,Okongwu,O. Okongwu,onyeka-okongwu,,,,2:40,50.0,50.0,100.0,100.0,-50.0,-50.0,0.0,0.0,0.0,0.0,0.0,0.0,0.0,0.0,0.0,0.0,0.0,81.0,81.0,67.5,4.0,-0.667,2020-21,Playoffs
0042000131,1610612737,Atlanta,Hawks,ATL,hawks,1627739,Kris,Dunn,K. Dunn,kris-dunn,,DNP - Coach's Decision,,,0.0,0.0,0.0,0.0,0.0,0.0,0.0,0.0,0.0,0.0,0.0,0.0,0.0,0.0,0.0,0.0,0.0,0.0,0.0,0.0,0.0,0.0,2020-21,Playoffs
0042000131,1610612737,Atlanta,Hawks,ATL,hawks,1628981,Bruno,Fernando,B. Fernando,bruno-fernando,,DNP - Coach's Decision,,,0.0,0.0,0.0,0.0,0.0,0.0,0.0,0.0,0.0,0.0,0.0,0.0,0.0,0.0,0.0,0.0,0.0,0.0,0.0,0.0,0.0,0.0,2020-21,Playoffs
0042000131,1610612737,Atlanta,Hawks,ATL,hawks,203524,Solomon,Hill,S. Hill,solomon-hill,,DNP - Coach's Decision,,,0.0,0.0,0.0,0.0,0.0,0.0,0.0,0.0,0.0,0.0,0.0,0.0,0.0,0.0,0.0,0.0,0.0,0.0,0.0,0.0,0.0,0.0,2020-21,Playoffs
0042000131,1610612737,Atlanta,Hawks,ATL,hawks,1630233,Nathan,Knight,N. Knight,nathan-knight,,DNP - Coach's Decision,,,0.0,0.0,0.0,0.0,0.0,0.0,0.0,0.0,0.0,0.0,0.0,0.0,0.0,0.0,0.0,0.0,0.0,0.0,0.0,0.0,0.0,0.0,2020-21,Playoffs
0042000131,1610612737,Atlanta,Hawks,ATL,hawks,1630219,Skylar,Mays,S. Mays,skylar-mays,,DNP - Coach's Decision,,,0.0,0.0,0.0,0.0,0.0,0.0,0.0,0.0,0.0,0.0,0.0,0.0,0.0,0.0,0.0,0.0,0.0,0.0,0.0,0.0,0.0,0.0,2020-21,Playoffs
0042000131,1610612752,New York,Knicks,NYK,knicks,203493,Reggie,Bullock Jr.,R. Bullock Jr.,reggie-bullock-jr,F,,,18:31,66.7,66.7,100.0,100.0,-33.3,-33.3,0.0,0.0,0.0,0.04,0.095,0.065,0.0,0.333,0.333,0.225,0.225,95.92,95.92,79.94,36.0,0.042,2020-21,Playoffs
0042000131,1610612752,New York,Knicks,NYK,knicks,203944,Julius,Randle,J. Randle,julius-randle,F,,,36:09,98.6,98.6,107.0,107.0,-8.4,-8.4,0.174,1.33,12.9,0.042,0.286,0.145,9.7,0.304,0.314,0.3,0.3,94.94,94.94,79.11,72.0,0.054,2020-21,Playoffs
0042000131,1610612752,New York,Knicks,NYK,knicks,203457,Nerlens,Noel,N. Noel,nerlens-noel,C,,,23:43,97.9,97.9,104.2,104.2,-6.3,-6.3,0.0,0.0,0.0,0.077,0.042,0.06,0.0,0.667,0.773,0.075,0.075,97.15,97.15,80.96,48.0,0.065,2020-21,Playoffs
0042000131,1610612752,New York,Knicks,NYK,knicks,1629628,RJ,Barrett,R. Barrett,rj-barrett,G,,,32:01,98.4,98.4,104.6,104.6,-6.2,-6.2,0.053,0.0,5.9,0.048,0.273,0.147,0.0,0.433,0.441,0.205,0.205,96.69,96.69,80.57,64.0,0.109,2020-21,Playoffs
0042000131,1610612752,New York,Knicks,NYK,knicks,203901,Elfrid,Payton,E. Payton,elfrid-payton,G,,,8:01,68.8,68.8,76.5,76.5,-7.7,-7.7,0.2,0.0,25.0,0.0,0.0,0.0,0.0,0.0,0.0,0.176,0.176,98.79,98.79,82.33,16.0,-0.143,2020-21,Playoffs
0042000131,1610612752,New York,Knicks,NYK,knicks,201565,Derrick,Rose,D. Rose,derrick-rose,,,,37:44,118.7,118.7,119.4,119.4,-0.8,-0.8,0.179,1.0,19.2,0.0,0.132,0.063,19.2,0.531,0.531,0.223,0.223,93.49,93.49,77.91,75.0,0.088,2020-21,Playoffs
0042000131,1610612752,New York,Knicks,NYK,knicks,201959,Taj,Gibson,T. Gibson,taj-gibson,,,,24:17,118.4,118.4,123.9,123.9,-5.5,-5.5,0.095,0.0,50.0,0.172,0.167,0.17,0.0,1.0,1.025,0.031,0.031,93.89,93.89,78.24,49.0,0.137,2020-21,Playoffs
0042000131,1610612752,New York,Knicks,NYK,knicks,202692,Alec,Burks,A. Burks,alec-burks,,,,26:04,141.2,141.2,128.0,128.0,13.2,13.2,0.211,4.0,19.0,0.036,0.087,0.059,4.8,0.808,0.817,0.258,0.258,92.99,92.99,77.49,51.0,0.2,2020-21,Playoffs
0042000131,1610612752,New York,Knicks,NYK,knicks,1630193,Immanuel,Quickley,I. Quickley,immanuel-quickley,,,,21:07,130.2,130.2,122.0,122.0,8.3,8.3,0.176,1.5,25.0,0.0,0.1,0.054,16.7,0.714,0.714,0.18,0.18,95.48,95.48,79.56,43.0,0.062,2020-21,Playoffs
0042000131,1610612752,New York,Knicks,NYK,knicks,1630167,Obi,Toppin,O. Toppin,obi-toppin,,,,11:51,154.5,154.5,134.8,134.8,19.8,19.8,0.091,0.0,25.0,0.0,0.077,0.05,0.0,0.833,0.833,0.125,0.125,91.14,91.14,75.95,22.0,0.092,2020-21,Playoffs
0042000131,1610612752,New York,Knicks,NYK,knicks,1628373,Frank,Ntilikina,F. Ntilikina,frank-ntilikina,,,,0:32,0.0,0.0,100.0,100.0,-100.0,-100.0,0.0,0.0,0.0,0.0,0.0,0.0,0.0,0.0,0.0,0.0,0.0,90.28,90.28,75.24,0.0,0.0,2020-21,Playoffs
0042000131,1610612752,New York,Knicks,NYK,knicks,1629607,Jared,Harper,J. Harper,jared-harper,,DNP - Coach's Decision,,,0.0,0.0,0.0,0.0,0.0,0.0,0.0,0.0,0.0,0.0,0.0,0.0,0.0,0.0,0.0,0.0,0.0,0.0,0.0,0.0,0.0,0.0,2020-21,Playoffs
0042000131,1610612752,New York,Knicks,NYK,knicks,1628995,Kevin,Knox II,K. Knox II,kevin-knox-ii,,DNP - Coach's Decision,,,0.0,0.0,0.0,0.0,0.0,0.0,0.0,0.0,0.0,0.0,0.0,0.0,0.0,0.0,0.0,0.0,0.0,0.0,0.0,0.0,0.0,0.0,2020-21,Playoffs
0042000131,1610612752,New York,Knicks,NYK,knicks,203658,Norvel,Pelle,N. Pelle,norvel-pelle,,DNP - Coach's Decision,,,0.0,0.0,0.0,0.0,0.0,0.0,0.0,0.0,0.0,0.0,0.0,0.0,0.0,0.0,0.0,0.0,0.0,0.0,0.0,0.0,0.0,0.0,2020-21,Playoffs
0042000131,1610612752,New York,Knicks,NYK,knicks,1629033,Theo,Pinson,T. Pinson,theo-pinson,,DNP - Coach's Decision,,,0.0,0.0,0.0,0.0,0.0,0.0,0.0,0.0,0.0,0.0,0.0,0.0,0.0,0.0,0.0,0.0,0.0,0.0,0.0,0.0,0.0,0.0,2020-21,Playoffs
0042000132,1610612737,Atlanta,Hawks,ATL,hawks,1628381,John,Collins,J. Collins,john-collins,F,,,14:38,92.9,92.9,103.3,103.3,-10.5,-10.5,0.0,0.0,0.0,0.0,0.118,0.067,33.3,0.0,0.0,0.1,0.1,95.13,95.13,79.27,28.0,-0.123,2020-21,Playoffs
0042000132,1610612737,Atlanta,Hawks,ATL,hawks,1629631,De'Andre,Hunter,D. Hunter,deandre-hunter,F,,,31:59,100.0,100.0,93.9,93.9,6.1,6.1,0.0,0.0,0.0,0.0,0.146,0.081,6.7,0.45,0.606,0.205,0.205,99.8,99.8,83.17,67.0,0.102,2020-21,Playoffs
0042000132,1610612737,Atlanta,Hawks,ATL,hawks,203991,Clint,Capela,C. Capela,clint-capela,C,,,36:07,104.0,104.0,107.9,107.9,-3.9,-3.9,0.0,0.0,0.0,0.028,0.256,0.152,16.7,0.4,0.4,0.075,0.075,100.34,100.34,83.62,75.0,0.088,2020-21,Playoffs
0042000132,1610612737,Atlanta,Hawks,ATL,hawks,203992,Bogdan,Bogdanović,B. Bogdanović,bogdan-bogdanović,G,,,35:29,102.7,102.7,95.9,95.9,6.8,6.8,0.167,0.0,12.5,0.026,0.111,0.072,0.0,0.429,0.429,0.259,0.259,100.1,100.1,83.42,74.0,0.108,2020-21,Playoffs
0042000132,1610612737,Atlanta,Hawks,ATL,hawks,1629027,Trae,Young,T. Young,trae-young,G,,,35:29,102.7,102.7,95.9,95.9,6.8,6.8,0.467,1.4,20.6,0.0,0.022,0.012,14.7,0.65,0.689,0.333,0.333,100.1,100.1,83.42,74.0,0.199,2020-21,Playoffs
0042000132,1610612737,Atlanta,Hawks,ATL,hawks,201568,Danilo,Gallinari,D. Gallinari,danilo-gallinari,,,,29:35,95.2,95.2,96.9,96.9,-1.6,-1.6,0.222,4.0,26.7,0.057,0.081,0.069,6.7,0.3,0.3,0.157,0.157,103.03,103.03,85.86,63.0,0.041,2020-21,Playoffs
0042000132,1610612737,Atlanta,Hawks,ATL,hawks,1628989,Kevin,Huerter,K. Huerter,kevin-huerter,,,,25:53,64.9,64.9,100.0,100.0,-35.1,-35.1,0.25,2.0,16.7,0.054,0.094,0.072,8.3,0.563,0.563,0.159,0.159,104.78,104.78,87.31,57.0,0.171,2020-21,Playoffs
0042000132,1610612737,Atlanta,Hawks,ATL,hawks,203503,Tony,Snell,T. Snell,tony-snell,,,,12:31,59.3,59.3,107.1,107.1,-47.9,-47.9,0.0,0.0,0.0,0.0,0.143,0.067,33.3,0.0,0.0,0.103,0.103,105.46,105.46,87.88,27.0,-0.054,2020-21,Playoffs
0042000132,1610612737,Atlanta,Hawks,ATL,hawks,101150,Lou,Williams,L. Williams,lou-williams,,,,12:31,59.3,59.3,107.1,107.1,-47.9,-47.9,0.25,0.5,10.0,0.0,0.0,0.0,20.0,0.167,0.342,0.31,0.31,105.46,105.46,87.88,27.0,0.036,2020-21,Playoffs
0042000132,1610612737,Atlanta,Hawks,ATL,hawks,1630168,Onyeka,Okongwu,O. Okongwu,onyeka-okongwu,,,,5:48,61.5,61.5,76.9,76.9,-15.4,-15.4,0.0,0.0,0.0,0.0,0.286,0.133,0.0,0.0,0.568,0.071,0.071,107.59,107.59,89.66,13.0,0.118,2020-21,Playoffs
0042000132,1610612737,Atlanta,Hawks,ATL,hawks,1627739,Kris,Dunn,K. Dunn,kris-dunn,,DNP - Coach's Decision,,,0.0,0.0,0.0,0.0,0.0,0.0,0.0,0.0,0.0,0.0,0.0,0.0,0.0,0.0,0.0,0.0,0.0,0.0,0.0,0.0,0.0,0.0,2020-21,Playoffs
0042000132,1610612737,Atlanta,Hawks,ATL,hawks,1628981,Bruno,Fernando,B. Fernando,bruno-fernando,,DNP - Coach's Decision,,,0.0,0.0,0.0,0.0,0.0,0.0,0.0,0.0,0.0,0.0,0.0,0.0,0.0,0.0,0.0,0.0,0.0,0.0,0.0,0.0,0.0,0.0,2020-21,Playoffs
0042000132,1610612737,Atlanta,Hawks,ATL,hawks,203524,Solomon,Hill,S. Hill,solomon-hill,,DNP - Coach's Decision,,,0.0,0.0,0.0,0.0,0.0,0.0,0.0,0.0,0.0,0.0,0.0,0.0,0.0,0.0,0.0,0.0,0.0,0.0,0.0,0.0,0.0,0.0,2020-21,Playoffs
0042000132,1610612737,Atlanta,Hawks,ATL,hawks,1630233,Nathan,Knight,N. Knight,nathan-knight,,DNP - Coach's Decision,,,0.0,0.0,0.0,0.0,0.0,0.0,0.0,0.0,0.0,0.0,0.0,0.0,0.0,0.0,0.0,0.0,0.0,0.0,0.0,0.0,0.0,0.0,2020-21,Playoffs
0042000132,1610612737,Atlanta,Hawks,ATL,hawks,1630219,Skylar,Mays,S. Mays,skylar-mays,,DNP - Coach's Decision,,,0.0,0.0,0.0,0.0,0.0,0.0,0.0,0.0,0.0,0.0,0.0,0.0,0.0,0.0,0.0,0.0,0.0,0.0,0.0,0.0,0.0,0.0,2020-21,Playoffs
0042000132,1610612752,New York,Knicks,NYK,knicks,203493,Reggie,Bullock Jr.,R. Bullock Jr.,reggie-bullock-jr,F,,,31:25,107.7,107.7,86.4,86.4,21.3,21.3,0.05,1.0,9.1,0.028,0.077,0.053,9.1,0.875,0.845,0.132,0.132,100.07,100.07,83.4,65.0,0.132,2020-21,Playoffs
0042000132,1610612752,New York,Knicks,NYK,knicks,203944,Julius,Randle,J. Randle,julius-randle,F,,,36:21,98.7,98.7,93.4,93.4,5.2,5.2,0.19,1.0,15.4,0.023,0.262,0.141,15.4,0.375,0.422,0.256,0.256,99.7,99.7,83.08,75.0,0.118,2020-21,Playoffs
0042000132,1610612752,New York,Knicks,NYK,knicks,203457,Nerlens,Noel,N. Noel,nerlens-noel,C,,,16:33,87.9,87.9,119.4,119.4,-31.6,-31.6,0.0,0.0,0.0,0.15,0.125,0.139,0.0,0.333,0.333,0.077,0.077,100.06,100.06,83.38,33.0,0.01,2020-21,Playoffs
0042000132,1610612752,New York,Knicks,NYK,knicks,1629628,RJ,Barrett,R. Barrett,rj-barrett,G,,,25:42,101.9,101.9,103.6,103.6,-1.7,-1.7,0.143,0.0,12.5,0.0,0.296,0.138,0.0,0.429,0.45,0.23,0.23,102.72,102.72,85.6,54.0,0.135,2020-21,Playoffs
0042000132,1610612752,New York,Knicks,NYK,knicks,203901,Elfrid,Payton,E. Payton,elfrid-payton,G,,,5:03,63.6,63.6,127.3,127.3,-63.6,-63.6,0.0,0.0,0.0,0.0,0.0,0.0,0.0,0.0,0.174,0.25,0.25,104.55,104.55,87.13,11.0,-0.056,2020-21,Playoffs
0042000132,1610612752,New York,Knicks,NYK,knicks,201565,Derrick,Rose,D. Rose,derrick-rose,,,,38:44,100.0,100.0,87.5,87.5,12.5,12.5,0.2,4.0,13.8,0.02,0.068,0.043,3.4,0.476,0.55,0.258,0.258,100.38,100.38,83.65,82.0,0.186,2020-21,Playoffs
0042000132,1610612752,New York,Knicks,NYK,knicks,201959,Taj,Gibson,T. Gibson,taj-gibson,,,,30:14,106.2,106.2,74.2,74.2,32.0,32.0,0.048,0.0,20.0,0.105,0.088,0.097,0.0,0.75,0.75,0.052,0.052,100.82,100.82,84.01,65.0,0.153,2020-21,Playoffs
0042000132,1610612752,New York,Knicks,NYK,knicks,202692,Alec,Burks,A. Burks,alec-burks,,,,29:48,95.2,95.2,88.7,88.7,6.5,6.5,0.111,2.0,11.1,0.079,0.143,0.11,5.6,0.346,0.373,0.213,0.213,99.87,99.87,83.22,62.0,0.057,2020-21,Playoffs
0042000132,1610612752,New York,Knicks,NYK,knicks,1630193,Immanuel,Quickley,I. Quickley,immanuel-quickley,,,,14:31,106.5,106.5,75.8,75.8,30.7,30.7,0.1,1.0,9.1,0.0,0.176,0.088,9.1,0.222,0.222,0.263,0.263,105.81,105.81,88.17,31.0,-0.024,2020-21,Playoffs
0042000132,1610612752,New York,Knicks,NYK,knicks,1630167,Obi,Toppin,O. Toppin,obi-toppin,,,,11:39,108.0,108.0,84.0,84.0,24.0,24.0,0.0,0.0,0.0,0.0,0.25,0.107,25.0,0.625,0.694,0.25,0.25,103.0,103.0,85.84,25.0,0.12,2020-21,Playoffs
0042000132,1610612752,New York,Knicks,NYK,knicks,1629607,Jared,Harper,J. Harper,jared-harper,,DNP - Coach's Decision,,,0.0,0.0,0.0,0.0,0.0,0.0,0.0,0.0,0.0,0.0,0.0,0.0,0.0,0.0,0.0,0.0,0.0,0.0,0.0,0.0,0.0,0.0,2020-21,Playoffs
0042000132,1610612752,New York,Knicks,NYK,knicks,1628995,Kevin,Knox II,K. Knox II,kevin-knox-ii,,DNP - Coach's Decision,,,0.0,0.0,0.0,0.0,0.0,0.0,0.0,0.0,0.0,0.0,0.0,0.0,0.0,0.0,0.0,0.0,0.0,0.0,0.0,0.0,0.0,0.0,2020-21,Playoffs
0042000132,1610612752,New York,Knicks,NYK,knicks,1628373,Frank,Ntilikina,F. Ntilikina,frank-ntilikina,,DNP - Coach's Decision,,,0.0,0.0,0.0,0.0,0.0,0.0,0.0,0.0,0.0,0.0,0.0,0.0,0.0,0.0,0.0,0.0,0.0,0.0,0.0,0.0,0.0,0.0,2020-21,Playoffs
0042000132,1610612752,New York,Knicks,NYK,knicks,203658,Norvel,Pelle,N. Pelle,norvel-pelle,,DNP - Coach's Decision,,,0.0,0.0,0.0,0.0,0.0,0.0,0.0,0.0,0.0,0.0,0.0,0.0,0.0,0.0,0.0,0.0,0.0,0.0,0.0,0.0,0.0,0.0,2020-21,Playoffs
0042000132,1610612752,New York,Knicks,NYK,knicks,1629033,Theo,Pinson,T. Pinson,theo-pinson,,DNP - Coach's Decision,,,0.0,0.0,0.0,0.0,0.0,0.0,0.0,0.0,0.0,0.0,0.0,0.0,0.0,0.0,0.0,0.0,0.0,0.0,0.0,0.0,0.0,0.0,2020-21,Playoffs
0042000133,1610612752,New York,Knicks,NYK,knicks,203493,Reggie,Bullock Jr.,R. Bullock Jr.,reggie-bullock-jr,F,,,38:25,106.8,106.8,115.1,115.1,-8.2,-8.2,0.048,1.0,9.1,0.073,0.067,0.07,9.1,0.5,0.59,0.12,0.12,91.2,91.2,76.0,73.0,0.054,2020-21,Playoffs
0042000133,1610612752,New York,Knicks,NYK,knicks,203944,Julius,Randle,J. Randle,julius-randle,F,,,35:03,107.4,107.4,120.6,120.6,-13.2,-13.2,0.111,0.67,8.3,0.051,0.321,0.164,12.5,0.2,0.378,0.275,0.275,93.12,93.12,77.6,68.0,0.039,2020-21,Playoffs
0042000133,1610612752,New York,Knicks,NYK,knicks,201959,Taj,Gibson,T. Gibson,taj-gibson,C,,,26:20,98.0,98.0,109.8,109.8,-11.8,-11.8,0.0,0.0,0.0,0.033,0.208,0.111,0.0,0.333,0.333,0.105,0.105,91.14,91.14,75.95,49.0,0.031,2020-21,Playoffs
0042000133,1610612752,New York,Knicks,NYK,knicks,1629628,RJ,Barrett,R. Barrett,rj-barrett,G,,,28:55,113.5,113.5,130.8,130.8,-17.3,-17.3,0.176,3.0,21.4,0.033,0.143,0.078,7.1,0.278,0.354,0.183,0.183,86.32,86.32,71.93,52.0,0.041,2020-21,Playoffs
0042000133,1610612752,New York,Knicks,NYK,knicks,201565,Derrick,Rose,D. Rose,derrick-rose,G,,,38:54,92.1,92.1,111.7,111.7,-19.6,-19.6,0.455,2.5,17.9,0.043,0.114,0.074,7.1,0.69,0.7,0.261,0.261,94.4,94.4,78.67,76.0,0.212,2020-21,Playoffs
0042000133,1610612752,New York,Knicks,NYK,knicks,203457,Nerlens,Noel,N. Noel,nerlens-noel,,,,21:40,100.0,100.0,108.9,108.9,-8.9,-8.9,0.1,0.5,10.0,0.12,0.313,0.195,20.0,0.5,0.824,0.173,0.173,100.8,100.8,84.0,46.0,0.212,2020-21,Playoffs
0042000133,1610612752,New York,Knicks,NYK,knicks,202692,Alec,Burks,A. Burks,alec-burks,,,,22:48,96.0,96.0,91.8,91.8,4.2,4.2,0.182,1.0,15.4,0.0,0.091,0.042,15.4,0.313,0.429,0.196,0.196,104.21,104.21,86.84,50.0,0.062,2020-21,Playoffs
0042000133,1610612752,New York,Knicks,NYK,knicks,1630193,Immanuel,Quickley,I. Quickley,immanuel-quickley,,,,14:55,81.8,81.8,90.9,90.9,-9.1,-9.1,0.0,0.0,0.0,0.0,0.0,0.0,0.0,0.25,0.237,0.205,0.205,106.14,106.14,88.45,33.0,-0.149,2020-21,Playoffs
0042000133,1610612752,New York,Knicks,NYK,knicks,1628373,Frank,Ntilikina,F. Ntilikina,frank-ntilikina,,,,0:03,0.0,0.0,200.0,200.0,-200.0,-200.0,0.0,0.0,0.0,0.0,0.0,0.0,0.0,0.0,0.0,0.0,0.0,553.85,553.85,461.54,0.0,0.0,2020-21,Playoffs
0042000133,1610612752,New York,Knicks,NYK,knicks,1630167,Obi,Toppin,O. Toppin,obi-toppin,,,,12:57,77.8,77.8,88.5,88.5,-10.7,-10.7,0.0,0.0,0.0,0.063,0.167,0.107,0.0,0.5,0.5,0.138,0.138,98.22,98.22,81.85,27.0,0.099,2020-21,Playoffs
0042000133,1610612752,New York,Knicks,NYK,knicks,1629607,Jared,Harper,J. Harper,jared-harper,,DNP - Coach's Decision,,,0.0,0.0,0.0,0.0,0.0,0.0,0.0,0.0,0.0,0.0,0.0,0.0,0.0,0.0,0.0,0.0,0.0,0.0,0.0,0.0,0.0,0.0,2020-21,Playoffs
0042000133,1610612752,New York,Knicks,NYK,knicks,1628995,Kevin,Knox II,K. Knox II,kevin-knox-ii,,DNP - Coach's Decision,,,0.0,0.0,0.0,0.0,0.0,0.0,0.0,0.0,0.0,0.0,0.0,0.0,0.0,0.0,0.0,0.0,0.0,0.0,0.0,0.0,0.0,0.0,2020-21,Playoffs
0042000133,1610612752,New York,Knicks,NYK,knicks,203901,Elfrid,Payton,E. Payton,elfrid-payton,,DNP - Coach's Decision,,,0.0,0.0,0.0,0.0,0.0,0.0,0.0,0.0,0.0,0.0,0.0,0.0,0.0,0.0,0.0,0.0,0.0,0.0,0.0,0.0,0.0,0.0,2020-21,Playoffs
0042000133,1610612752,New York,Knicks,NYK,knicks,203658,Norvel,Pelle,N. Pelle,norvel-pelle,,DNP - Coach's Decision,,,0.0,0.0,0.0,0.0,0.0,0.0,0.0,0.0,0.0,0.0,0.0,0.0,0.0,0.0,0.0,0.0,0.0,0.0,0.0,0.0,0.0,0.0,2020-21,Playoffs
0042000133,1610612752,New York,Knicks,NYK,knicks,1629033,Theo,Pinson,T. Pinson,theo-pinson,,DNP - Coach's Decision,,,0.0,0.0,0.0,0.0,0.0,0.0,0.0,0.0,0.0,0.0,0.0,0.0,0.0,0.0,0.0,0.0,0.0,0.0,0.0,0.0,0.0,0.0,2020-21,Playoffs
0042000133,1610612737,Atlanta,Hawks,ATL,hawks,1629631,De'Andre,Hunter,D. Hunter,deandre-hunter,F,,,35:01,111.9,111.9,97.0,97.0,14.9,14.9,0.074,2.0,14.3,0.0,0.128,0.07,7.1,0.5,0.5,0.169,0.169,91.84,91.84,76.53,67.0,0.076,2020-21,Playoffs
0042000133,1610612737,Atlanta,Hawks,ATL,hawks,1628381,John,Collins,J. Collins,john-collins,F,,,30:35,112.1,112.1,94.8,94.8,17.2,17.2,0.091,0.0,15.4,0.0,0.182,0.1,0.0,0.636,0.636,0.18,0.18,91.03,91.03,75.86,58.0,0.124,2020-21,Playoffs
0042000133,1610612737,Atlanta,Hawks,ATL,hawks,203991,Clint,Capela,C. Capela,clint-capela,C,,,33:54,114.1,114.1,90.6,90.6,23.4,23.4,0.08,2.0,16.7,0.08,0.238,0.179,8.3,0.75,0.732,0.149,0.149,90.62,90.62,75.51,64.0,0.176,2020-21,Playoffs
0042000133,1610612737,Atlanta,Hawks,ATL,hawks,203992,Bogdan,Bogdanović,B. Bogdanović,bogdan-bogdanović,G,,,39:12,114.9,114.9,101.4,101.4,13.5,13.5,0.1,3.0,18.8,0.033,0.163,0.11,6.3,0.625,0.625,0.167,0.167,90.0,90.0,75.0,74.0,0.112,2020-21,Playoffs
0042000133,1610612737,Atlanta,Hawks,ATL,hawks,1629027,Trae,Young,T. Young,trae-young,G,,,36:53,109.6,109.6,95.9,95.9,13.6,13.6,0.583,7.0,38.9,0.0,0.023,0.013,5.6,0.474,0.506,0.286,0.286,95.65,95.65,79.71,73.0,0.154,2020-21,Playoffs
0042000133,1610612737,Atlanta,Hawks,ATL,hawks,1628989,Kevin,Huerter,K. Huerter,kevin-huerter,,,,19:10,100.0,100.0,97.5,97.5,2.5,2.5,0.182,2.0,22.2,0.063,0.095,0.081,11.1,0.9,0.85,0.163,0.163,101.43,101.43,84.53,41.0,0.162,2020-21,Playoffs
0042000133,1610612737,Atlanta,Hawks,ATL,hawks,201568,Danilo,Gallinari,D. Gallinari,danilo-gallinari,,,,23:43,108.2,108.2,102.0,102.0,6.1,6.1,0.067,1.0,10.0,0.0,0.154,0.087,10.0,0.75,0.75,0.176,0.176,99.17,99.17,82.64,49.0,0.113,2020-21,Playoffs
0042000133,1610612737,Atlanta,Hawks,ATL,hawks,203524,Solomon,Hill,S. Hill,solomon-hill,,,,4:36,100.0,100.0,123.1,123.1,-23.1,-23.1,0.0,0.0,0.0,0.0,0.125,0.077,0.0,0.0,0.0,0.077,0.077,130.43,130.43,108.7,12.0,-0.061,2020-21,Playoffs
0042000133,1610612737,Atlanta,Hawks,ATL,hawks,1630168,Onyeka,Okongwu,O. Okongwu,onyeka-okongwu,,,,5:49,114.3,114.3,126.7,126.7,-12.4,-12.4,0.0,0.0,0.0,0.0,0.25,0.154,100.0,0.0,0.0,0.067,0.067,119.66,119.66,99.71,14.0,-0.024,2020-21,Playoffs
0042000133,1610612737,Atlanta,Hawks,ATL,hawks,101150,Lou,Williams,L. Williams,lou-williams,,,,11:07,119.0,119.0,104.5,104.5,14.5,14.5,0.333,0.67,18.2,0.0,0.0,0.0,27.3,0.75,0.75,0.409,0.409,92.83,92.83,77.36,21.0,0.171,2020-21,Playoffs
0042000133,1610612737,Atlanta,Hawks,ATL,hawks,1627739,Kris,Dunn,K. Dunn,kris-dunn,,DNP - Coach's Decision,,,0.0,0.0,0.0,0.0,0.0,0.0,0.0,0.0,0.0,0.0,0.0,0.0,0.0,0.0,0.0,0.0,0.0,0.0,0.0,0.0,0.0,0.0,2020-21,Playoffs
0042000133,1610612737,Atlanta,Hawks,ATL,hawks,1628981,Bruno,Fernando,B. Fernando,bruno-fernando,,DNP - Coach's Decision,,,0.0,0.0,0.0,0.0,0.0,0.0,0.0,0.0,0.0,0.0,0.0,0.0,0.0,0.0,0.0,0.0,0.0,0.0,0.0,0.0,0.0,0.0,2020-21,Playoffs
0042000133,1610612737,Atlanta,Hawks,ATL,hawks,1630233,Nathan,Knight,N. Knight,nathan-knight,,DNP - Coach's Decision,,,0.0,0.0,0.0,0.0,0.0,0.0,0.0,0.0,0.0,0.0,0.0,0.0,0.0,0.0,0.0,0.0,0.0,0.0,0.0,0.0,0.0,0.0,2020-21,Playoffs
0042000133,1610612737,Atlanta,Hawks,ATL,hawks,1630219,Skylar,Mays,S. Mays,skylar-mays,,DNP - Coach's Decision,,,0.0,0.0,0.0,0.0,0.0,0.0,0.0,0.0,0.0,0.0,0.0,0.0,0.0,0.0,0.0,0.0,0.0,0.0,0.0,0.0,0.0,0.0,2020-21,Playoffs
0042000133,1610612737,Atlanta,Hawks,ATL,hawks,203503,Tony,Snell,T. Snell,tony-snell,,DNP - Coach's Decision,,,0.0,0.0,0.0,0.0,0.0,0.0,0.0,0.0,0.0,0.0,0.0,0.0,0.0,0.0,0.0,0.0,0.0,0.0,0.0,0.0,0.0,0.0,2020-21,Playoffs
0042000134,1610612752,New York,Knicks,NYK,knicks,203493,Reggie,Bullock Jr.,R. Bullock Jr.,reggie-bullock-jr,F,,,33:59,101.5,101.5,128.8,128.8,-27.3,-27.3,0.074,2.0,28.6,0.0,0.125,0.062,14.3,0.0,0.0,0.068,0.068,94.65,94.65,78.87,68.0,-0.007,2020-21,Playoffs
0042000134,1610612752,New York,Knicks,NYK,knicks,203944,Julius,Randle,J. Randle,julius-randle,F,,,35:41,101.4,101.4,129.0,129.0,-27.6,-27.6,0.368,1.4,20.0,0.086,0.206,0.145,14.3,0.421,0.501,0.364,0.364,94.16,94.16,78.47,71.0,0.113,2020-21,Playoffs
0042000134,1610612752,New York,Knicks,NYK,knicks,201959,Taj,Gibson,T. Gibson,taj-gibson,C,,,23:60,92.0,92.0,110.2,110.2,-18.2,-18.2,0.063,1.0,16.7,0.077,0.042,0.06,16.7,0.75,0.75,0.093,0.093,99.02,99.02,82.52,50.0,0.062,2020-21,Playoffs
0042000134,1610612752,New York,Knicks,NYK,knicks,1629628,RJ,Barrett,R. Barrett,rj-barrett,G,,,35:33,104.2,104.2,115.5,115.5,-11.3,-11.3,0.222,0.0,20.0,0.0,0.162,0.083,0.0,0.6,0.626,0.205,0.205,96.54,96.54,80.45,72.0,0.171,2020-21,Playoffs
0042000134,1610612752,New York,Knicks,NYK,knicks,201565,Derrick,Rose,D. Rose,derrick-rose,G,,,32:37,88.1,88.1,122.7,122.7,-34.7,-34.7,0.375,0.0,27.3,0.0,0.065,0.029,0.0,0.533,0.567,0.219,0.219,97.86,97.86,81.55,67.0,0.132,2020-21,Playoffs
0042000134,1610612752,New York,Knicks,NYK,knicks,203457,Nerlens,Noel,N. Noel,nerlens-noel,,,,14:40,90.3,90.3,148.3,148.3,-58.0,-58.0,0.0,0.0,0.0,0.0,0.143,0.067,100.0,0.0,0.568,0.029,0.029,98.15,98.15,81.79,31.0,0.0,2020-21,Playoffs
0042000134,1610612752,New York,Knicks,NYK,knicks,202692,Alec,Burks,A. Burks,alec-burks,,,,25:18,110.4,110.4,134.0,134.0,-23.6,-23.6,0.077,0.0,7.1,0.0,0.273,0.14,0.0,0.417,0.466,0.26,0.26,90.12,90.12,75.1,48.0,0.076,2020-21,Playoffs
0042000134,1610612752,New York,Knicks,NYK,knicks,1630193,Immanuel,Quickley,I. Quickley,immanuel-quickley,,,,13:11,89.3,89.3,96.3,96.3,-7.0,-7.0,0.143,0.0,25.0,0.0,0.143,0.071,0.0,0.0,0.0,0.103,0.103,100.13,100.13,83.44,28.0,0.0,2020-21,Playoffs
0042000134,1610612752,New York,Knicks,NYK,knicks,1630167,Obi,Toppin,O. Toppin,obi-toppin,,,,18:34,105.7,105.7,114.3,114.3,-8.6,-8.6,0.143,1.0,9.1,0.063,0.118,0.091,9.1,0.688,0.732,0.278,0.278,90.48,90.48,75.4,35.0,0.15,2020-21,Playoffs
0042000134,1610612752,New York,Knicks,NYK,knicks,1628373,Frank,Ntilikina,F. Ntilikina,frank-ntilikina,,,,2:57,83.3,83.3,0.0,0.0,83.3,83.3,0.0,0.0,0.0,0.0,0.0,0.0,0.0,0.0,0.0,0.143,0.143,97.46,97.46,81.22,6.0,-0.5,2020-21,Playoffs
0042000134,1610612752,New York,Knicks,NYK,knicks,1628995,Kevin,Knox II,K. Knox II,kevin-knox-ii,,,,3:30,122.2,122.2,25.0,25.0,97.2,97.2,0.5,0.0,50.0,0.0,0.2,0.125,0.0,0.0,1.136,0.111,0.111,116.57,116.57,97.14,9.0,1.125,2020-21,Playoffs
0042000134,1610612752,New York,Knicks,NYK,knicks,1629607,Jared,Harper,J. Harper,jared-harper,,DNP - Coach's Decision,,,0.0,0.0,0.0,0.0,0.0,0.0,0.0,0.0,0.0,0.0,0.0,0.0,0.0,0.0,0.0,0.0,0.0,0.0,0.0,0.0,0.0,0.0,2020-21,Playoffs
0042000134,1610612752,New York,Knicks,NYK,knicks,203901,Elfrid,Payton,E. Payton,elfrid-payton,,DNP - Coach's Decision,,,0.0,0.0,0.0,0.0,0.0,0.0,0.0,0.0,0.0,0.0,0.0,0.0,0.0,0.0,0.0,0.0,0.0,0.0,0.0,0.0,0.0,0.0,2020-21,Playoffs
0042000134,1610612752,New York,Knicks,NYK,knicks,203658,Norvel,Pelle,N. Pelle,norvel-pelle,,DNP - Coach's Decision,,,0.0,0.0,0.0,0.0,0.0,0.0,0.0,0.0,0.0,0.0,0.0,0.0,0.0,0.0,0.0,0.0,0.0,0.0,0.0,0.0,0.0,0.0,2020-21,Playoffs
0042000134,1610612752,New York,Knicks,NYK,knicks,1629033,Theo,Pinson,T. Pinson,theo-pinson,,DNP - Coach's Decision,,,0.0,0.0,0.0,0.0,0.0,0.0,0.0,0.0,0.0,0.0,0.0,0.0,0.0,0.0,0.0,0.0,0.0,0.0,0.0,0.0,0.0,0.0,2020-21,Playoffs
0042000134,1610612737,Atlanta,Hawks,ATL,hawks,1629631,De'Andre,Hunter,D. Hunter,deandre-hunter,F,,,27:56,117.9,117.9,105.4,105.4,12.5,12.5,0.0,0.0,0.0,0.0,0.08,0.038,22.2,0.286,0.336,0.143,0.143,96.23,96.23,80.19,56.0,-0.022,2020-21,Playoffs
0042000134,1610612737,Atlanta,Hawks,ATL,hawks,1628381,John,Collins,J. Collins,john-collins,F,,,28:35,126.3,126.3,98.3,98.3,28.0,28.0,0.059,0.0,6.7,0.074,0.214,0.145,0.0,0.7,0.814,0.219,0.219,96.56,96.56,80.47,57.0,0.207,2020-21,Playoffs
0042000134,1610612737,Atlanta,Hawks,ATL,hawks,203991,Clint,Capela,C. Capela,clint-capela,C,,,28:04,119.3,119.3,84.5,84.5,34.8,34.8,0.1,1.0,16.7,0.111,0.387,0.259,16.7,0.667,0.644,0.159,0.159,98.35,98.35,81.96,57.0,0.166,2020-21,Playoffs
0042000134,1610612737,Atlanta,Hawks,ATL,hawks,203992,Bogdan,Bogdanović,B. Bogdanović,bogdan-bogdanović,G,,,34:47,129.0,129.0,85.7,85.7,43.3,43.3,0.24,3.0,31.6,0.032,0.175,0.113,10.5,0.545,0.545,0.173,0.173,95.91,95.91,79.92,69.0,0.12,2020-21,Playoffs
0042000134,1610612737,Atlanta,Hawks,ATL,hawks,1629027,Trae,Young,T. Young,trae-young,G,,,33:12,132.8,132.8,103.0,103.0,29.8,29.8,0.5,4.5,27.3,0.0,0.031,0.016,6.1,0.524,0.582,0.329,0.329,93.98,93.98,78.31,64.0,0.152,2020-21,Playoffs
0042000134,1610612737,Atlanta,Hawks,ATL,hawks,1628989,Kevin,Huerter,K. Huerter,kevin-huerter,,,,24:31,137.8,137.8,102.1,102.1,35.7,35.7,0.077,0.0,12.5,0.0,0.136,0.068,0.0,0.786,0.786,0.146,0.146,91.03,91.03,75.86,45.0,0.08,2020-21,Playoffs
0042000134,1610612737,Atlanta,Hawks,ATL,hawks,201568,Danilo,Gallinari,D. Gallinari,danilo-gallinari,,,,25:18,143.5,143.5,104.3,104.3,39.2,39.2,0.077,0.0,8.3,0.0,0.167,0.087,0.0,0.722,0.839,0.224,0.224,88.2,88.2,73.5,46.0,0.197,2020-21,Playoffs
0042000134,1610612737,Atlanta,Hawks,ATL,hawks,203524,Solomon,Hill,S. Hill,solomon-hill,,,,7:02,57.1,57.1,112.5,112.5,-55.4,-55.4,0.5,0.0,33.3,0.091,0.167,0.118,0.0,0.75,0.75,0.118,0.118,102.37,102.37,85.31,14.0,0.194,2020-21,Playoffs
0042000134,1610612737,Atlanta,Hawks,ATL,hawks,1630168,Onyeka,Okongwu,O. Okongwu,onyeka-okongwu,,,,10:58,95.2,95.2,121.7,121.7,-26.5,-26.5,0.0,0.0,0.0,0.154,0.1,0.13,25.0,0.0,0.347,0.167,0.167,96.29,96.29,80.24,21.0,-0.052,2020-21,Playoffs
0042000134,1610612737,Atlanta,Hawks,ATL,hawks,101150,Lou,Williams,L. Williams,lou-williams,,,,10:39,138.1,138.1,78.3,78.3,59.8,59.8,0.3,0.0,50.0,0.0,0.0,0.0,0.0,0.0,0.0,0.143,0.143,99.19,99.19,82.65,21.0,0.02,2020-21,Playoffs
0042000134,1610612737,Atlanta,Hawks,ATL,hawks,1630233,Nathan,Knight,N. Knight,nathan-knight,,,,3:05,0.0,0.0,112.5,112.5,-112.5,-112.5,0.0,0.0,0.0,0.0,0.333,0.125,0.0,0.0,0.0,0.25,0.25,116.76,116.76,97.3,7.0,-1.0,2020-21,Playoffs
0042000134,1610612737,Atlanta,Hawks,ATL,hawks,1630219,Skylar,Mays,S. Mays,skylar-mays,,,,3:05,0.0,0.0,112.5,112.5,-112.5,-112.5,0.0,0.0,0.0,0.0,0.0,0.0,50.0,0.0,0.0,0.25,0.25,116.76,116.76,97.3,7.0,-1.0,2020-21,Playoffs
0042000134,1610612737,Atlanta,Hawks,ATL,hawks,1627739,Kris,Dunn,K. Dunn,kris-dunn,,,,2:48,0.0,0.0,116.7,116.7,-116.7,-116.7,0.0,0.0,0.0,0.0,0.333,0.125,0.0,0.0,0.0,0.143,0.143,102.86,102.86,85.71,6.0,0.0,2020-21,Playoffs
0042000134,1610612737,Atlanta,Hawks,ATL,hawks,1628981,Bruno,Fernando,B. Fernando,bruno-fernando,,DNP - Coach's Decision,,,0.0,0.0,0.0,0.0,0.0,0.0,0.0,0.0,0.0,0.0,0.0,0.0,0.0,0.0,0.0,0.0,0.0,0.0,0.0,0.0,0.0,0.0,2020-21,Playoffs
0042000134,1610612737,Atlanta,Hawks,ATL,hawks,203503,Tony,Snell,T. Snell,tony-snell,,DNP - Coach's Decision,,,0.0,0.0,0.0,0.0,0.0,0.0,0.0,0.0,0.0,0.0,0.0,0.0,0.0,0.0,0.0,0.0,0.0,0.0,0.0,0.0,0.0,0.0,2020-21,Playoffs
0042000135,1610612737,Atlanta,Hawks,ATL,hawks,1628381,John,Collins,J. Collins,john-collins,F,,,35:11,117.1,117.1,101.5,101.5,15.7,15.7,0.0,0.0,0.0,0.028,0.162,0.096,0.0,0.611,0.63,0.12,0.12,94.14,94.14,78.45,70.0,0.103,2020-21,Playoffs
0042000135,1610612737,Atlanta,Hawks,ATL,hawks,1629631,De'Andre,Hunter,D. Hunter,deandre-hunter,F,,,34:30,123.5,123.5,98.5,98.5,25.0,25.0,0.042,0.5,6.7,0.059,0.027,0.042,13.3,0.591,0.588,0.171,0.171,93.22,93.22,77.68,68.0,0.078,2020-21,Playoffs
0042000135,1610612737,Atlanta,Hawks,ATL,hawks,203991,Clint,Capela,C. Capela,clint-capela,C,,,36:49,118.9,118.9,91.8,91.8,27.1,27.1,0.0,0.0,0.0,0.147,0.238,0.197,0.0,0.857,0.888,0.094,0.094,95.83,95.83,79.86,74.0,0.196,2020-21,Playoffs
0042000135,1610612737,Atlanta,Hawks,ATL,hawks,203992,Bogdan,Bogdanović,B. Bogdanović,bogdan-bogdanović,G,,,34:55,116.2,116.2,92.6,92.6,23.5,23.5,0.185,0.0,31.3,0.034,0.158,0.104,0.0,0.409,0.409,0.145,0.145,93.47,93.47,77.89,68.0,0.098,2020-21,Playoffs
0042000135,1610612737,Atlanta,Hawks,ATL,hawks,1629027,Trae,Young,T. Young,trae-young,G,,,41:14,115.0,115.0,97.4,97.4,17.6,17.6,0.391,2.25,19.1,0.021,0.068,0.043,8.5,0.411,0.52,0.38,0.38,91.95,91.95,76.63,80.0,0.196,2020-21,Playoffs
0042000135,1610612737,Atlanta,Hawks,ATL,hawks,1628989,Kevin,Huerter,K. Huerter,kevin-huerter,,,,20:03,89.7,89.7,97.4,97.4,-7.7,-7.7,0.143,0.25,7.7,0.0,0.115,0.054,30.8,0.5,0.5,0.231,0.231,93.37,93.37,77.81,39.0,0.058,2020-21,Playoffs
0042000135,1610612737,Atlanta,Hawks,ATL,hawks,203524,Solomon,Hill,S. Hill,solomon-hill,,,,6:32,61.5,61.5,100.0,100.0,-38.5,-38.5,0.0,0.0,0.0,0.0,0.2,0.056,0.0,0.0,0.0,0.056,0.056,91.88,91.88,76.57,13.0,0.0,2020-21,Playoffs
0042000135,1610612737,Atlanta,Hawks,ATL,hawks,201568,Danilo,Gallinari,D. Gallinari,danilo-gallinari,,,,17:47,78.8,78.8,103.0,103.0,-24.2,-24.2,0.0,0.0,0.0,0.0,0.1,0.045,11.1,0.0,0.063,0.214,0.214,89.07,89.07,74.23,33.0,-0.2,2020-21,Playoffs
0042000135,1610612737,Atlanta,Hawks,ATL,hawks,1630168,Onyeka,Okongwu,O. Okongwu,onyeka-okongwu,,,,6:13,83.3,83.3,80.0,80.0,3.3,3.3,0.0,0.0,0.0,0.333,0.0,0.211,0.0,1.0,1.0,0.053,0.053,84.93,84.93,70.78,12.0,0.615,2020-21,Playoffs
0042000135,1610612737,Atlanta,Hawks,ATL,hawks,101150,Lou,Williams,L. Williams,lou-williams,,,,6:46,78.6,78.6,86.7,86.7,-8.1,-8.1,0.5,0.0,20.0,0.0,0.222,0.143,0.0,0.625,0.625,0.286,0.286,102.93,102.93,85.78,14.0,0.357,2020-21,Playoffs
0042000135,1610612737,Atlanta,Hawks,ATL,hawks,1627739,Kris,Dunn,K. Dunn,kris-dunn,,DNP - Coach's Decision,,,0.0,0.0,0.0,0.0,0.0,0.0,0.0,0.0,0.0,0.0,0.0,0.0,0.0,0.0,0.0,0.0,0.0,0.0,0.0,0.0,0.0,0.0,2020-21,Playoffs
0042000135,1610612737,Atlanta,Hawks,ATL,hawks,1628981,Bruno,Fernando,B. Fernando,bruno-fernando,,DNP - Coach's Decision,,,0.0,0.0,0.0,0.0,0.0,0.0,0.0,0.0,0.0,0.0,0.0,0.0,0.0,0.0,0.0,0.0,0.0,0.0,0.0,0.0,0.0,0.0,2020-21,Playoffs
0042000135,1610612737,Atlanta,Hawks,ATL,hawks,1630233,Nathan,Knight,N. Knight,nathan-knight,,DNP - Coach's Decision,,,0.0,0.0,0.0,0.0,0.0,0.0,0.0,0.0,0.0,0.0,0.0,0.0,0.0,0.0,0.0,0.0,0.0,0.0,0.0,0.0,0.0,0.0,2020-21,Playoffs
0042000135,1610612737,Atlanta,Hawks,ATL,hawks,1630219,Skylar,Mays,S. Mays,skylar-mays,,DNP - Coach's Decision,,,0.0,0.0,0.0,0.0,0.0,0.0,0.0,0.0,0.0,0.0,0.0,0.0,0.0,0.0,0.0,0.0,0.0,0.0,0.0,0.0,0.0,0.0,2020-21,Playoffs
0042000135,1610612737,Atlanta,Hawks,ATL,hawks,203503,Tony,Snell,T. Snell,tony-snell,,DNP - Coach's Decision,,,0.0,0.0,0.0,0.0,0.0,0.0,0.0,0.0,0.0,0.0,0.0,0.0,0.0,0.0,0.0,0.0,0.0,0.0,0.0,0.0,0.0,0.0,2020-21,Playoffs
0042000135,1610612752,New York,Knicks,NYK,knicks,203493,Reggie,Bullock Jr.,R. Bullock Jr.,reggie-bullock-jr,F,,,40:07,98.7,98.7,111.5,111.5,-12.9,-12.9,0.091,2.0,15.4,0.0,0.021,0.011,7.7,0.6,0.6,0.12,0.12,92.13,92.13,76.78,76.0,0.051,2020-21,Playoffs
0042000135,1610612752,New York,Knicks,NYK,knicks,203944,Julius,Randle,J. Randle,julius-randle,F,,,37:05,97.2,97.2,115.3,115.3,-18.1,-18.1,0.188,0.38,8.8,0.077,0.217,0.153,23.5,0.452,0.505,0.365,0.365,92.55,92.55,77.12,71.0,0.116,2020-21,Playoffs
0042000135,1610612752,New York,Knicks,NYK,knicks,201959,Taj,Gibson,T. Gibson,taj-gibson,C,,,33:03,96.8,96.8,115.4,115.4,-18.6,-18.6,0.0,0.0,0.0,0.103,0.171,0.135,33.3,0.5,0.5,0.08,0.08,92.23,92.23,76.86,62.0,0.056,2020-21,Playoffs
0042000135,1610612752,New York,Knicks,NYK,knicks,1629628,RJ,Barrett,R. Barrett,rj-barrett,G,,,39:32,98.7,98.7,112.8,112.8,-14.1,-14.1,0.227,5.0,21.7,0.022,0.167,0.086,4.3,0.429,0.511,0.198,0.198,93.49,93.49,77.91,76.0,0.113,2020-21,Playoffs
0042000135,1610612752,New York,Knicks,NYK,knicks,201565,Derrick,Rose,D. Rose,derrick-rose,G,,,26:53,88.5,88.5,103.6,103.6,-15.2,-15.2,0.357,0.0,31.3,0.031,0.056,0.044,0.0,0.273,0.273,0.175,0.175,95.52,95.52,79.6,52.0,0.054,2020-21,Playoffs
0042000135,1610612752,New York,Knicks,NYK,knicks,203457,Nerlens,Noel,N. Noel,nerlens-noel,,,,15:37,90.6,90.6,87.5,87.5,3.1,3.1,0.0,0.0,0.0,0.125,0.0,0.057,33.3,0.5,0.5,0.079,0.079,98.34,98.34,81.95,32.0,-0.104,2020-21,Playoffs
0042000135,1610612752,New York,Knicks,NYK,knicks,202692,Alec,Burks,A. Burks,alec-burks,,,,24:01,113.6,113.6,102.2,102.2,11.4,11.4,0.333,0.0,26.7,0.043,0.192,0.122,0.0,0.55,0.551,0.212,0.212,88.94,88.94,74.12,44.0,0.18,2020-21,Playoffs
0042000135,1610612752,New York,Knicks,NYK,knicks,1630193,Immanuel,Quickley,I. Quickley,immanuel-quickley,,,,13:27,77.8,77.8,114.8,114.8,-37.0,-37.0,0.0,0.0,0.0,0.0,0.0,0.0,25.0,0.5,0.637,0.387,0.387,96.36,96.36,80.3,27.0,0.169,2020-21,Playoffs
0042000135,1610612752,New York,Knicks,NYK,knicks,1630167,Obi,Toppin,O. Toppin,obi-toppin,,,,10:15,100.0,100.0,100.0,100.0,0.0,0.0,0.0,0.0,0.0,0.167,0.167,0.167,0.0,0.25,0.25,0.174,0.174,93.66,93.66,78.05,20.0,0.0,2020-21,Playoffs
0042000135,1610612752,New York,Knicks,NYK,knicks,1629607,Jared,Harper,J. Harper,jared-harper,,DNP - Coach's Decision,,,0.0,0.0,0.0,0.0,0.0,0.0,0.0,0.0,0.0,0.0,0.0,0.0,0.0,0.0,0.0,0.0,0.0,0.0,0.0,0.0,0.0,0.0,2020-21,Playoffs
0042000135,1610612752,New York,Knicks,NYK,knicks,1628995,Kevin,Knox II,K. Knox II,kevin-knox-ii,,DNP - Coach's Decision,,,0.0,0.0,0.0,0.0,0.0,0.0,0.0,0.0,0.0,0.0,0.0,0.0,0.0,0.0,0.0,0.0,0.0,0.0,0.0,0.0,0.0,0.0,2020-21,Playoffs
0042000135,1610612752,New York,Knicks,NYK,knicks,1628373,Frank,Ntilikina,F. Ntilikina,frank-ntilikina,,DNP - Coach's Decision,,,0.0,0.0,0.0,0.0,0.0,0.0,0.0,0.0,0.0,0.0,0.0,0.0,0.0,0.0,0.0,0.0,0.0,0.0,0.0,0.0,0.0,0.0,2020-21,Playoffs
0042000135,1610612752,New York,Knicks,NYK,knicks,203901,Elfrid,Payton,E. Payton,elfrid-payton,,DNP - Coach's Decision,,,0.0,0.0,0.0,0.0,0.0,0.0,0.0,0.0,0.0,0.0,0.0,0.0,0.0,0.0,0.0,0.0,0.0,0.0,0.0,0.0,0.0,0.0,2020-21,Playoffs
0042000135,1610612752,New York,Knicks,NYK,knicks,203658,Norvel,Pelle,N. Pelle,norvel-pelle,,DNP - Coach's Decision,,,0.0,0.0,0.0,0.0,0.0,0.0,0.0,0.0,0.0,0.0,0.0,0.0,0.0,0.0,0.0,0.0,0.0,0.0,0.0,0.0,0.0,0.0,2020-21,Playoffs
0042000135,1610612752,New York,Knicks,NYK,knicks,1629033,Theo,Pinson,T. Pinson,theo-pinson,,DNP - Coach's Decision,,,0.0,0.0,0.0,0.0,0.0,0.0,0.0,0.0,0.0,0.0,0.0,0.0,0.0,0.0,0.0,0.0,0.0,0.0,0.0,0.0,0.0,0.0,2020-21,Playoffs
0042000141,1610612763,Memphis,Grizzlies,MEM,grizzlies,203937,Kyle,Anderson,K. Anderson,kyle-anderson,F,,,30:51,127.9,127.9,109.5,109.5,18.3,18.3,0.107,3.0,20.0,0.028,0.103,0.062,6.7,0.55,0.595,0.167,0.167,96.49,96.49,80.41,61.0,0.118,2020-21,Playoffs
0042000141,1610612763,Memphis,Grizzlies,MEM,grizzlies,1628991,Jaren,Jackson Jr.,J. Jackson Jr.,jaren-jackson-jr,F,,,23:45,91.7,91.7,134.0,134.0,-42.4,-42.4,0.0,0.0,0.0,0.03,0.105,0.058,10.0,0.313,0.394,0.172,0.172,96.0,96.0,80.0,48.0,0.024,2020-21,Playoffs
0042000141,1610612763,Memphis,Grizzlies,MEM,grizzlies,202685,Jonas,Valančiūnas,J. Valančiūnas,jonas-valančiūnas,C,,,39:21,123.8,123.8,103.7,103.7,20.0,20.0,0.091,1.5,15.0,0.128,0.158,0.141,10.0,0.5,0.504,0.179,0.179,98.2,98.2,81.83,80.0,0.084,2020-21,Playoffs
0042000141,1610612763,Memphis,Grizzlies,MEM,grizzlies,1628415,Dillon,Brooks,D. Brooks,dillon-brooks,G,,,36:05,127.0,127.0,109.6,109.6,17.4,17.4,0.08,2.0,6.7,0.071,0.114,0.091,3.3,0.538,0.541,0.322,0.322,97.78,97.78,81.48,74.0,0.156,2020-21,Playoffs
0042000141,1610612763,Memphis,Grizzlies,MEM,grizzlies,1629630,Ja,Morant,J. Morant,ja-morant,G,,,35:53,120.5,120.5,110.8,110.8,9.7,9.7,0.16,4.0,14.3,0.024,0.088,0.053,3.6,0.524,0.571,0.276,0.276,98.32,98.32,81.93,73.0,0.159,2020-21,Playoffs
0042000141,1610612763,Memphis,Grizzlies,MEM,grizzlies,1630217,Desmond,Bane,D. Bane,desmond-bane,,,,18:18,134.1,134.1,82.1,82.1,52.1,52.1,0.056,1.0,16.7,0.056,0.15,0.105,16.7,1.0,1.0,0.106,0.106,104.92,104.92,87.43,41.0,0.14,2020-21,Playoffs
0042000141,1610612763,Memphis,Grizzlies,MEM,grizzlies,1628960,Grayson,Allen,G. Allen,grayson-allen,,,,22:37,95.8,95.8,116.7,116.7,-20.8,-20.8,0.0,0.0,0.0,0.0,0.042,0.018,0.0,0.625,0.563,0.069,0.069,101.84,101.84,84.87,48.0,0.012,2020-21,Playoffs
0042000141,1610612763,Memphis,Grizzlies,MEM,grizzlies,1629001,De'Anthony,Melton,D. Melton,deanthony-melton,,,,13:02,70.4,70.4,107.4,107.4,-37.0,-37.0,0.286,2.0,28.6,0.053,0.077,0.063,14.3,0.0,0.0,0.156,0.156,99.42,99.42,82.85,27.0,-0.06,2020-21,Playoffs
0042000141,1610612763,Memphis,Grizzlies,MEM,grizzlies,1630214,Xavier,Tillman,X. Tillman,xavier-tillman,,,,8:01,72.2,72.2,135.3,135.3,-63.1,-63.1,0.0,0.0,0.0,0.1,0.1,0.1,25.0,0.0,0.0,0.2,0.2,104.78,104.78,87.32,18.0,-0.167,2020-21,Playoffs
0042000141,1610612763,Memphis,Grizzlies,MEM,grizzlies,1626145,Tyus,Jones,T. Jones,tyus-jones,,,,12:07,88.9,88.9,108.0,108.0,-19.1,-19.1,0.429,0.0,30.0,0.059,0.154,0.1,0.0,0.333,0.436,0.226,0.226,103.0,103.0,85.83,27.0,0.172,2020-21,Playoffs
0042000141,1610612763,Memphis,Grizzlies,MEM,grizzlies,1629634,Brandon,Clarke,B. Clarke,brandon-clarke,,DNP - Coach's Decision,,,0.0,0.0,0.0,0.0,0.0,0.0,0.0,0.0,0.0,0.0,0.0,0.0,0.0,0.0,0.0,0.0,0.0,0.0,0.0,0.0,0.0,0.0,2020-21,Playoffs
0042000141,1610612763,Memphis,Grizzlies,MEM,grizzlies,204025,Tim,Frazier,T. Frazier,tim-frazier,,DNP - Coach's Decision,,,0.0,0.0,0.0,0.0,0.0,0.0,0.0,0.0,0.0,0.0,0.0,0.0,0.0,0.0,0.0,0.0,0.0,0.0,0.0,0.0,0.0,0.0,2020-21,Playoffs
0042000141,1610612763,Memphis,Grizzlies,MEM,grizzlies,1629723,John,Konchar,J. Konchar,john-konchar,,DNP - Coach's Decision,,,0.0,0.0,0.0,0.0,0.0,0.0,0.0,0.0,0.0,0.0,0.0,0.0,0.0,0.0,0.0,0.0,0.0,0.0,0.0,0.0,0.0,0.0,2020-21,Playoffs
0042000141,1610612763,Memphis,Grizzlies,MEM,grizzlies,1629681,Killian,Tillie,K. Tillie,killian-tillie,,DNP - Coach's Decision,,,0.0,0.0,0.0,0.0,0.0,0.0,0.0,0.0,0.0,0.0,0.0,0.0,0.0,0.0,0.0,0.0,0.0,0.0,0.0,0.0,0.0,0.0,2020-21,Playoffs
0042000141,1610612763,Memphis,Grizzlies,MEM,grizzlies,1626159,Justise,Winslow,J. Winslow,justise-winslow,,DNP - Coach's Decision,,,0.0,0.0,0.0,0.0,0.0,0.0,0.0,0.0,0.0,0.0,0.0,0.0,0.0,0.0,0.0,0.0,0.0,0.0,0.0,0.0,0.0,0.0,2020-21,Playoffs
0042000141,1610612762,Utah,Jazz,UTA,jazz,202711,Bojan,Bogdanovic,B. Bogdanovic,bojan-bogdanovic,F,,,33:01,105.9,105.9,125.8,125.8,-19.9,-19.9,0.0,0.0,0.0,0.031,0.1,0.069,16.7,0.625,0.726,0.316,0.316,97.41,97.41,81.17,68.0,0.182,2020-21,Playoffs
0042000141,1610612762,Utah,Jazz,UTA,jazz,1626220,Royce,O'Neale,R. O'Neale,royce-oneale,F,,,36:32,109.5,109.5,127.0,127.0,-17.6,-17.6,0.125,0.0,33.3,0.057,0.073,0.066,0.0,0.25,0.25,0.071,0.071,97.23,97.23,81.02,74.0,0.014,2020-21,Playoffs
0042000141,1610612762,Utah,Jazz,UTA,jazz,203497,Rudy,Gobert,R. Gobert,rudy-gobert,C,,,24:59,120.0,120.0,100.0,100.0,20.0,20.0,0.0,0.0,0.0,0.217,0.333,0.283,30.0,1.0,0.828,0.172,0.172,97.02,97.02,80.85,50.0,0.157,2020-21,Playoffs
0042000141,1610612762,Utah,Jazz,UTA,jazz,204060,Joe,Ingles,J. Ingles,joe-ingles,G,,,32:48,100.0,100.0,122.7,122.7,-22.7,-22.7,0.133,0.0,20.0,0.0,0.05,0.027,0.0,0.688,0.688,0.107,0.107,97.32,97.32,81.1,67.0,0.096,2020-21,Playoffs
0042000141,1610612762,Utah,Jazz,UTA,jazz,201144,Mike,Conley,M. Conley,mike-conley,G,,,33:04,128.4,128.4,113.6,113.6,14.7,14.7,0.524,5.5,32.4,0.0,0.162,0.088,5.9,0.417,0.522,0.284,0.284,96.54,96.54,80.45,67.0,0.152,2020-21,Playoffs
0042000141,1610612762,Utah,Jazz,UTA,jazz,202324,Derrick,Favors,D. Favors,derrick-favors,,,,22:57,104.3,104.3,119.6,119.6,-15.4,-15.4,0.0,0.0,0.0,0.13,0.276,0.212,12.5,0.8,0.833,0.151,0.151,102.51,102.51,85.42,47.0,0.192,2020-21,Playoffs
0042000141,1610612762,Utah,Jazz,UTA,jazz,203903,Jordan,Clarkson,J. Clarkson,jordan-clarkson,,,,30:10,100.0,100.0,100.0,100.0,0.0,0.0,0.118,0.5,8.7,0.0,0.073,0.042,17.4,0.313,0.394,0.284,0.284,104.2,104.2,86.84,65.0,0.039,2020-21,Playoffs
0042000141,1610612762,Utah,Jazz,UTA,jazz,1627777,Georges,Niang,G. Niang,georges-niang,,,,16:09,120.0,120.0,88.6,88.6,31.4,31.4,0.154,0.0,20.0,0.063,0.091,0.079,0.0,0.357,0.444,0.19,0.19,104.02,104.02,86.69,35.0,0.074,2020-21,Playoffs
0042000141,1610612762,Utah,Jazz,UTA,jazz,1629671,Miye,Oni,M. Oni,miye-oni,,,,10:20,104.5,104.5,78.3,78.3,26.3,26.3,0.0,0.0,0.0,0.0,0.0,0.0,0.0,0.0,0.0,0.037,0.037,104.5,104.5,87.08,22.0,-0.031,2020-21,Playoffs
0042000141,1610612762,Utah,Jazz,UTA,jazz,1628962,Udoka,Azubuike,U. Azubuike,udoka-azubuike,,DNP - Coach's Decision,,,0.0,0.0,0.0,0.0,0.0,0.0,0.0,0.0,0.0,0.0,0.0,0.0,0.0,0.0,0.0,0.0,0.0,0.0,0.0,0.0,0.0,0.0,2020-21,Playoffs
0042000141,1610612762,Utah,Jazz,UTA,jazz,1629714,Jarrell,Brantley,J. Brantley,jarrell-brantley,,DNP - Coach's Decision,,,0.0,0.0,0.0,0.0,0.0,0.0,0.0,0.0,0.0,0.0,0.0,0.0,0.0,0.0,0.0,0.0,0.0,0.0,0.0,0.0,0.0,0.0,2020-21,Playoffs
0042000141,1610612762,Utah,Jazz,UTA,jazz,1630235,Trent,Forrest,T. Forrest,trent-forrest,,DNP - Coach's Decision,,,0.0,0.0,0.0,0.0,0.0,0.0,0.0,0.0,0.0,0.0,0.0,0.0,0.0,0.0,0.0,0.0,0.0,0.0,0.0,0.0,0.0,0.0,2020-21,Playoffs
0042000141,1610612762,Utah,Jazz,UTA,jazz,101141,Ersan,Ilyasova,E. Ilyasova,ersan-ilyasova,,DNP - Coach's Decision,,,0.0,0.0,0.0,0.0,0.0,0.0,0.0,0.0,0.0,0.0,0.0,0.0,0.0,0.0,0.0,0.0,0.0,0.0,0.0,0.0,0.0,0.0,2020-21,Playoffs
0042000141,1610612762,Utah,Jazz,UTA,jazz,1629752,Juwan,Morgan,J. Morgan,juwan-morgan,,DNP - Coach's Decision,,,0.0,0.0,0.0,0.0,0.0,0.0,0.0,0.0,0.0,0.0,0.0,0.0,0.0,0.0,0.0,0.0,0.0,0.0,0.0,0.0,0.0,0.0,2020-21,Playoffs
0042000141,1610612762,Utah,Jazz,UTA,jazz,1629744,Matt,Thomas,M. Thomas,matt-thomas,,DNP - Coach's Decision,,,0.0,0.0,0.0,0.0,0.0,0.0,0.0,0.0,0.0,0.0,0.0,0.0,0.0,0.0,0.0,0.0,0.0,0.0,0.0,0.0,0.0,0.0,2020-21,Playoffs
0042000142,1610612763,Memphis,Grizzlies,MEM,grizzlies,203937,Kyle,Anderson,K. Anderson,kyle-anderson,F,,,36:21,137.7,137.7,133.3,133.3,4.3,4.3,0.094,1.5,25.0,0.037,0.152,0.1,16.7,0.786,0.786,0.106,0.106,102.34,102.34,85.28,77.0,0.103,2020-21,Playoffs
0042000142,1610612763,Memphis,Grizzlies,MEM,grizzlies,1628991,Jaren,Jackson Jr.,J. Jackson Jr.,jaren-jackson-jr,F,,,31:18,141.5,141.5,139.1,139.1,2.5,2.5,0.033,0.5,7.1,0.043,0.065,0.056,14.3,0.583,0.738,0.178,0.178,98.91,98.91,82.43,65.0,0.059,2020-21,Playoffs
0042000142,1610612763,Memphis,Grizzlies,MEM,grizzlies,202685,Jonas,Valančiūnas,J. Valančiūnas,jonas-valančiūnas,C,,,29:31,140.7,140.7,132.2,132.2,8.5,8.5,0.13,1.5,15.8,0.13,0.111,0.12,10.5,0.583,0.654,0.235,0.235,95.95,95.95,79.95,59.0,0.107,2020-21,Playoffs
0042000142,1610612763,Memphis,Grizzlies,MEM,grizzlies,1628415,Dillon,Brooks,D. Brooks,dillon-brooks,G,,,28:11,147.3,147.3,136.8,136.8,10.4,10.4,0.05,1.0,6.3,0.0,0.077,0.044,6.3,0.786,0.796,0.242,0.242,95.38,95.38,79.48,55.0,0.122,2020-21,Playoffs
0042000142,1610612763,Memphis,Grizzlies,MEM,grizzlies,1629630,Ja,Morant,J. Morant,ja-morant,G,,,43:22,130.8,130.8,135.9,135.9,-5.1,-5.1,0.259,1.75,15.6,0.054,0.05,0.052,8.9,0.615,0.675,0.376,0.376,101.28,101.28,84.4,91.0,0.172,2020-21,Playoffs
0042000142,1610612763,Memphis,Grizzlies,MEM,grizzlies,1630217,Desmond,Bane,D. Bane,desmond-bane,,,,23:37,111.3,111.3,137.7,137.7,-26.4,-26.4,0.158,0.0,42.9,0.0,0.211,0.089,0.0,0.625,0.625,0.07,0.07,107.72,107.72,89.77,53.0,0.081,2020-21,Playoffs
0042000142,1610612763,Memphis,Grizzlies,MEM,grizzlies,1628960,Grayson,Allen,G. Allen,grayson-allen,,,,18:55,100.0,100.0,156.1,156.1,-56.1,-56.1,0.071,0.0,14.3,0.043,0.154,0.083,0.0,0.0,0.0,0.136,0.136,104.04,104.04,86.7,41.0,-0.061,2020-21,Playoffs
0042000142,1610612763,Memphis,Grizzlies,MEM,grizzlies,1629001,De'Anthony,Melton,D. Melton,deanthony-melton,,,,17:13,97.4,97.4,143.2,143.2,-45.9,-45.9,0.0,0.0,0.0,0.043,0.167,0.098,0.0,0.438,0.394,0.209,0.209,104.55,104.55,87.12,38.0,0.044,2020-21,Playoffs
0042000142,1610612763,Memphis,Grizzlies,MEM,grizzlies,1630214,Xavier,Tillman,X. Tillman,xavier-tillman,,,,6:54,100.0,100.0,147.1,147.1,-47.1,-47.1,0.167,0.0,50.0,0.0,0.0,0.0,0.0,0.0,0.0,0.059,0.059,118.26,118.26,98.55,17.0,0.0,2020-21,Playoffs
0042000142,1610612763,Memphis,Grizzlies,MEM,grizzlies,1626145,Tyus,Jones,T. Jones,tyus-jones,,,,4:38,100.0,100.0,177.8,177.8,-77.8,-77.8,0.0,0.0,0.0,0.0,0.333,0.111,0.0,1.0,1.0,0.091,0.091,98.42,98.42,82.01,10.0,0.113,2020-21,Playoffs
0042000142,1610612763,Memphis,Grizzlies,MEM,grizzlies,1629634,Brandon,Clarke,B. Clarke,brandon-clarke,,DNP - Coach's Decision,,,0.0,0.0,0.0,0.0,0.0,0.0,0.0,0.0,0.0,0.0,0.0,0.0,0.0,0.0,0.0,0.0,0.0,0.0,0.0,0.0,0.0,0.0,2020-21,Playoffs
0042000142,1610612763,Memphis,Grizzlies,MEM,grizzlies,204025,Tim,Frazier,T. Frazier,tim-frazier,,DNP - Coach's Decision,,,0.0,0.0,0.0,0.0,0.0,0.0,0.0,0.0,0.0,0.0,0.0,0.0,0.0,0.0,0.0,0.0,0.0,0.0,0.0,0.0,0.0,0.0,2020-21,Playoffs
0042000142,1610612763,Memphis,Grizzlies,MEM,grizzlies,1629723,John,Konchar,J. Konchar,john-konchar,,DNP - Coach's Decision,,,0.0,0.0,0.0,0.0,0.0,0.0,0.0,0.0,0.0,0.0,0.0,0.0,0.0,0.0,0.0,0.0,0.0,0.0,0.0,0.0,0.0,0.0,2020-21,Playoffs
0042000142,1610612763,Memphis,Grizzlies,MEM,grizzlies,1629681,Killian,Tillie,K. Tillie,killian-tillie,,DNP - Coach's Decision,,,0.0,0.0,0.0,0.0,0.0,0.0,0.0,0.0,0.0,0.0,0.0,0.0,0.0,0.0,0.0,0.0,0.0,0.0,0.0,0.0,0.0,0.0,2020-21,Playoffs
0042000142,1610612763,Memphis,Grizzlies,MEM,grizzlies,1626159,Justise,Winslow,J. Winslow,justise-winslow,,DNP - Coach's Decision,,,0.0,0.0,0.0,0.0,0.0,0.0,0.0,0.0,0.0,0.0,0.0,0.0,0.0,0.0,0.0,0.0,0.0,0.0,0.0,0.0,0.0,0.0,2020-21,Playoffs
0042000142,1610612762,Utah,Jazz,UTA,jazz,202711,Bojan,Bogdanovic,B. Bogdanovic,bojan-bogdanovic,F,,,30:27,128.8,128.8,135.4,135.4,-6.6,-6.6,0.043,0.33,5.3,0.0,0.13,0.059,15.8,0.577,0.61,0.237,0.237,103.25,103.25,86.04,66.0,0.072,2020-21,Playoffs
0042000142,1610612762,Utah,Jazz,UTA,jazz,1626220,Royce,O'Neale,R. O'Neale,royce-oneale,F,,,33:53,130.0,130.0,133.8,133.8,-3.8,-3.8,0.107,3.0,27.3,0.033,0.25,0.138,9.1,1.0,1.0,0.099,0.099,99.87,99.87,83.23,70.0,0.116,2020-21,Playoffs
0042000142,1610612762,Utah,Jazz,UTA,jazz,203497,Rudy,Gobert,R. Gobert,rudy-gobert,C,,,35:58,137.7,137.7,126.0,126.0,11.7,11.7,0.107,3.0,15.8,0.121,0.273,0.197,5.3,0.818,0.723,0.18,0.18,102.76,102.76,85.63,77.0,0.147,2020-21,Playoffs
0042000142,1610612762,Utah,Jazz,UTA,jazz,1628378,Donovan,Mitchell,D. Mitchell,donovan-mitchell,G,,,25:39,133.3,133.3,114.5,114.5,18.8,18.8,0.0,0.0,0.0,0.0,0.091,0.041,9.1,0.553,0.602,0.344,0.344,101.99,101.99,84.99,54.0,0.126,2020-21,Playoffs
0042000142,1610612762,Utah,Jazz,UTA,jazz,201144,Mike,Conley,M. Conley,mike-conley,G,,,37:11,140.8,140.8,137.3,137.3,3.5,3.5,0.484,7.5,45.5,0.063,0.069,0.066,6.1,0.594,0.608,0.202,0.202,97.46,97.46,81.22,76.0,0.132,2020-21,Playoffs
0042000142,1610612762,Utah,Jazz,UTA,jazz,204060,Joe,Ingles,J. Ingles,joe-ingles,,,,27:56,140.0,140.0,124.2,124.2,15.8,15.8,0.13,3.0,33.3,0.0,0.1,0.059,11.1,1.375,1.316,0.092,0.092,104.82,104.82,87.35,60.0,0.118,2020-21,Playoffs
0042000142,1610612762,Utah,Jazz,UTA,jazz,202324,Derrick,Favors,D. Favors,derrick-favors,,,,12:02,140.0,140.0,133.3,133.3,6.7,6.7,0.1,0.0,20.0,0.2,0.1,0.15,0.0,0.667,0.644,0.143,0.143,97.73,97.73,81.44,25.0,0.073,2020-21,Playoffs
0042000142,1610612762,Utah,Jazz,UTA,jazz,203903,Jordan,Clarkson,J. Clarkson,jordan-clarkson,,,,22:03,156.5,156.5,114.3,114.3,42.2,42.2,0.05,1.0,6.7,0.143,0.125,0.133,6.7,0.409,0.568,0.264,0.264,103.4,103.4,86.17,46.0,0.12,2020-21,Playoffs
0042000142,1610612762,Utah,Jazz,UTA,jazz,1627777,Georges,Niang,G. Niang,georges-niang,,,,14:51,160.6,160.6,103.0,103.0,57.6,57.6,0.067,1.0,11.1,0.0,0.0,0.0,11.1,0.5,0.581,0.216,0.216,106.67,106.67,88.89,33.0,0.013,2020-21,Playoffs
0042000142,1610612762,Utah,Jazz,UTA,jazz,1629714,Jarrell,Brantley,J. Brantley,jarrell-brantley,,DNP - Coach's Decision,,,0.0,0.0,0.0,0.0,0.0,0.0,0.0,0.0,0.0,0.0,0.0,0.0,0.0,0.0,0.0,0.0,0.0,0.0,0.0,0.0,0.0,0.0,2020-21,Playoffs
0042000142,1610612762,Utah,Jazz,UTA,jazz,1630235,Trent,Forrest,T. Forrest,trent-forrest,,DNP - Coach's Decision,,,0.0,0.0,0.0,0.0,0.0,0.0,0.0,0.0,0.0,0.0,0.0,0.0,0.0,0.0,0.0,0.0,0.0,0.0,0.0,0.0,0.0,0.0,2020-21,Playoffs
0042000142,1610612762,Utah,Jazz,UTA,jazz,101141,Ersan,Ilyasova,E. Ilyasova,ersan-ilyasova,,DNP - Coach's Decision,,,0.0,0.0,0.0,0.0,0.0,0.0,0.0,0.0,0.0,0.0,0.0,0.0,0.0,0.0,0.0,0.0,0.0,0.0,0.0,0.0,0.0,0.0,2020-21,Playoffs
0042000142,1610612762,Utah,Jazz,UTA,jazz,1629752,Juwan,Morgan,J. Morgan,juwan-morgan,,DNP - Coach's Decision,,,0.0,0.0,0.0,0.0,0.0,0.0,0.0,0.0,0.0,0.0,0.0,0.0,0.0,0.0,0.0,0.0,0.0,0.0,0.0,0.0,0.0,0.0,2020-21,Playoffs
0042000142,1610612762,Utah,Jazz,UTA,jazz,1629671,Miye,Oni,M. Oni,miye-oni,,DNP - Coach's Decision,,,0.0,0.0,0.0,0.0,0.0,0.0,0.0,0.0,0.0,0.0,0.0,0.0,0.0,0.0,0.0,0.0,0.0,0.0,0.0,0.0,0.0,0.0,2020-21,Playoffs
0042000142,1610612762,Utah,Jazz,UTA,jazz,1629744,Matt,Thomas,M. Thomas,matt-thomas,,DNP - Coach's Decision,,,0.0,0.0,0.0,0.0,0.0,0.0,0.0,0.0,0.0,0.0,0.0,0.0,0.0,0.0,0.0,0.0,0.0,0.0,0.0,0.0,0.0,0.0,2020-21,Playoffs
0042000143,1610612762,Utah,Jazz,UTA,jazz,202711,Bojan,Bogdanovic,B. Bogdanovic,bojan-bogdanovic,F,,,37:00,131.1,131.1,113.5,113.5,17.6,17.6,0.036,0.5,7.1,0.029,0.114,0.076,14.3,0.625,0.705,0.159,0.159,96.0,96.0,80.0,74.0,0.099,2020-21,Playoffs
0042000143,1610612762,Utah,Jazz,UTA,jazz,1626220,Royce,O'Neale,R. O'Neale,royce-oneale,F,,,31:43,130.6,130.6,109.8,109.8,20.8,20.8,0.0,0.0,0.0,0.032,0.167,0.104,0.0,0.75,0.75,0.114,0.114,93.06,93.06,77.55,62.0,0.092,2020-21,Playoffs
0042000143,1610612762,Utah,Jazz,UTA,jazz,203497,Rudy,Gobert,R. Gobert,rudy-gobert,C,,,35:29,127.0,127.0,112.7,112.7,14.4,14.4,0.0,0.0,0.0,0.1,0.244,0.187,18.2,0.875,0.805,0.139,0.139,98.07,98.07,81.72,74.0,0.128,2020-21,Playoffs
0042000143,1610612762,Utah,Jazz,UTA,jazz,1628378,Donovan,Mitchell,D. Mitchell,donovan-mitchell,G,,,29:49,130.5,130.5,119.0,119.0,11.5,11.5,0.294,2.5,15.2,0.0,0.059,0.031,6.1,0.435,0.521,0.418,0.418,94.18,94.18,78.48,59.0,0.153,2020-21,Playoffs
0042000143,1610612762,Utah,Jazz,UTA,jazz,201144,Mike,Conley,M. Conley,mike-conley,G,,,35:40,124.0,124.0,105.5,105.5,18.5,18.5,0.364,4.0,28.6,0.0,0.13,0.078,7.1,0.719,0.76,0.253,0.253,99.59,99.59,82.99,75.0,0.196,2020-21,Playoffs
0042000143,1610612762,Utah,Jazz,UTA,jazz,204060,Joe,Ingles,J. Ingles,joe-ingles,,,,22:50,120.0,120.0,112.0,112.0,8.0,8.0,0.053,0.5,14.3,0.0,0.0,0.0,28.6,0.375,0.375,0.113,0.113,105.11,105.11,87.59,50.0,-0.018,2020-21,Playoffs
0042000143,1610612762,Utah,Jazz,UTA,jazz,202324,Derrick,Favors,D. Favors,derrick-favors,,,,12:31,108.0,108.0,114.8,114.8,-6.8,-6.8,0.111,0.0,50.0,0.143,0.462,0.296,0.0,1.0,1.0,0.036,0.036,99.73,99.73,83.11,25.0,0.162,2020-21,Playoffs
0042000143,1610612762,Utah,Jazz,UTA,jazz,203903,Jordan,Clarkson,J. Clarkson,jordan-clarkson,,,,21:55,104.2,104.2,118.8,118.8,-14.6,-14.6,0.083,0.5,6.7,0.0,0.0,0.0,13.3,0.545,0.609,0.286,0.286,105.13,105.13,87.6,48.0,0.089,2020-21,Playoffs
0042000143,1610612762,Utah,Jazz,UTA,jazz,1627777,Georges,Niang,G. Niang,georges-niang,,,,12:20,96.3,96.3,118.5,118.5,-22.2,-22.2,0.0,0.0,0.0,0.0,0.0,0.0,33.3,0.75,0.75,0.111,0.111,105.11,105.11,87.59,27.0,0.0,2020-21,Playoffs
0042000143,1610612762,Utah,Jazz,UTA,jazz,1629671,Miye,Oni,M. Oni,miye-oni,,,,0:43,0.0,0.0,100.0,100.0,-100.0,-100.0,0.0,0.0,0.0,0.0,0.0,0.0,0.0,0.0,0.0,0.0,0.0,100.47,100.47,83.72,1.0,1.0,2020-21,Playoffs
0042000143,1610612762,Utah,Jazz,UTA,jazz,1629714,Jarrell,Brantley,J. Brantley,jarrell-brantley,,DNP - Coach's Decision,,,0.0,0.0,0.0,0.0,0.0,0.0,0.0,0.0,0.0,0.0,0.0,0.0,0.0,0.0,0.0,0.0,0.0,0.0,0.0,0.0,0.0,0.0,2020-21,Playoffs
0042000143,1610612762,Utah,Jazz,UTA,jazz,1630235,Trent,Forrest,T. Forrest,trent-forrest,,DNP - Coach's Decision,,,0.0,0.0,0.0,0.0,0.0,0.0,0.0,0.0,0.0,0.0,0.0,0.0,0.0,0.0,0.0,0.0,0.0,0.0,0.0,0.0,0.0,0.0,2020-21,Playoffs
0042000143,1610612762,Utah,Jazz,UTA,jazz,101141,Ersan,Ilyasova,E. Ilyasova,ersan-ilyasova,,DNP - Coach's Decision,,,0.0,0.0,0.0,0.0,0.0,0.0,0.0,0.0,0.0,0.0,0.0,0.0,0.0,0.0,0.0,0.0,0.0,0.0,0.0,0.0,0.0,0.0,2020-21,Playoffs
0042000143,1610612762,Utah,Jazz,UTA,jazz,1629752,Juwan,Morgan,J. Morgan,juwan-morgan,,DNP - Coach's Decision,,,0.0,0.0,0.0,0.0,0.0,0.0,0.0,0.0,0.0,0.0,0.0,0.0,0.0,0.0,0.0,0.0,0.0,0.0,0.0,0.0,0.0,0.0,2020-21,Playoffs
0042000143,1610612762,Utah,Jazz,UTA,jazz,1629744,Matt,Thomas,M. Thomas,matt-thomas,,DNP - Coach's Decision,,,0.0,0.0,0.0,0.0,0.0,0.0,0.0,0.0,0.0,0.0,0.0,0.0,0.0,0.0,0.0,0.0,0.0,0.0,0.0,0.0,0.0,0.0,2020-21,Playoffs
0042000143,1610612763,Memphis,Grizzlies,MEM,grizzlies,203937,Kyle,Anderson,K. Anderson,kyle-anderson,F,,,32:07,107.7,107.7,117.2,117.2,-9.5,-9.5,0.217,0.0,27.8,0.043,0.367,0.171,0.0,0.423,0.423,0.159,0.159,96.4,96.4,80.33,65.0,0.171,2020-21,Playoffs
0042000143,1610612763,Memphis,Grizzlies,MEM,grizzlies,1628991,Jaren,Jackson Jr.,J. Jackson Jr.,jaren-jackson-jr,F,,,27:05,109.1,109.1,111.1,111.1,-2.0,-2.0,0.143,3.0,18.8,0.086,0.231,0.148,6.3,0.318,0.379,0.194,0.194,96.59,96.59,80.49,55.0,0.07,2020-21,Playoffs
0042000143,1610612763,Memphis,Grizzlies,MEM,grizzlies,202685,Jonas,Valančiūnas,J. Valančiūnas,jonas-valančiūnas,C,,,34:52,111.3,111.3,138.4,138.4,-27.1,-27.1,0.192,0.0,35.7,0.143,0.212,0.173,0.0,0.556,0.556,0.107,0.107,99.12,99.12,82.6,71.0,0.109,2020-21,Playoffs
0042000143,1610612763,Memphis,Grizzlies,MEM,grizzlies,1628415,Dillon,Brooks,D. Brooks,dillon-brooks,G,,,33:00,120.0,120.0,127.3,127.3,-7.3,-7.3,0.1,1.0,6.7,0.029,0.067,0.046,6.7,0.479,0.524,0.368,0.368,95.27,95.27,79.39,65.0,0.087,2020-21,Playoffs
0042000143,1610612763,Memphis,Grizzlies,MEM,grizzlies,1629630,Ja,Morant,J. Morant,ja-morant,G,,,39:47,108.8,108.8,134.6,134.6,-25.8,-25.8,0.292,1.75,18.4,0.021,0.054,0.036,10.5,0.478,0.528,0.33,0.33,97.13,97.13,80.94,80.0,0.096,2020-21,Playoffs
0042000143,1610612763,Memphis,Grizzlies,MEM,grizzlies,1630217,Desmond,Bane,D. Bane,desmond-bane,,,,16:12,114.3,114.3,148.6,148.6,-34.3,-34.3,0.0,0.0,0.0,0.077,0.143,0.111,0.0,0.75,0.75,0.054,0.054,103.76,103.76,86.46,35.0,0.053,2020-21,Playoffs
0042000143,1610612763,Memphis,Grizzlies,MEM,grizzlies,1629634,Brandon,Clarke,B. Clarke,brandon-clarke,,,,6:40,107.7,107.7,83.3,83.3,24.4,24.4,0.0,0.0,0.0,0.0,0.143,0.071,0.0,0.0,0.0,0.0,0.0,90.0,90.0,75.0,13.0,0.05,2020-21,Playoffs
0042000143,1610612763,Memphis,Grizzlies,MEM,grizzlies,1629001,De'Anthony,Melton,D. Melton,deanthony-melton,,,,12:30,123.1,123.1,100.0,100.0,23.1,23.1,0.0,0.0,0.0,0.059,0.1,0.074,20.0,0.375,0.375,0.147,0.147,101.76,101.76,84.8,26.0,-0.011,2020-21,Playoffs
0042000143,1610612763,Memphis,Grizzlies,MEM,grizzlies,1628960,Grayson,Allen,G. Allen,grayson-allen,,,,29:35,116.4,116.4,121.0,121.0,-4.6,-4.6,0.0,0.0,0.0,0.027,0.077,0.048,8.3,0.773,0.773,0.164,0.164,99.81,99.81,83.18,61.0,0.086,2020-21,Playoffs
0042000143,1610612763,Memphis,Grizzlies,MEM,grizzlies,1626145,Tyus,Jones,T. Jones,tyus-jones,,,,8:13,141.2,141.2,66.7,66.7,74.5,74.5,0.125,0.0,25.0,0.0,0.0,0.0,0.0,0.5,0.5,0.136,0.136,102.23,102.23,85.19,17.0,0.098,2020-21,Playoffs
0042000143,1610612763,Memphis,Grizzlies,MEM,grizzlies,204025,Tim,Frazier,T. Frazier,tim-frazier,,DNP - Coach's Decision,,,0.0,0.0,0.0,0.0,0.0,0.0,0.0,0.0,0.0,0.0,0.0,0.0,0.0,0.0,0.0,0.0,0.0,0.0,0.0,0.0,0.0,0.0,2020-21,Playoffs
0042000143,1610612763,Memphis,Grizzlies,MEM,grizzlies,1629723,John,Konchar,J. Konchar,john-konchar,,DNP - Coach's Decision,,,0.0,0.0,0.0,0.0,0.0,0.0,0.0,0.0,0.0,0.0,0.0,0.0,0.0,0.0,0.0,0.0,0.0,0.0,0.0,0.0,0.0,0.0,2020-21,Playoffs
0042000143,1610612763,Memphis,Grizzlies,MEM,grizzlies,1629681,Killian,Tillie,K. Tillie,killian-tillie,,DNP - Coach's Decision,,,0.0,0.0,0.0,0.0,0.0,0.0,0.0,0.0,0.0,0.0,0.0,0.0,0.0,0.0,0.0,0.0,0.0,0.0,0.0,0.0,0.0,0.0,2020-21,Playoffs
0042000143,1610612763,Memphis,Grizzlies,MEM,grizzlies,1630214,Xavier,Tillman,X. Tillman,xavier-tillman,,DNP - Coach's Decision,,,0.0,0.0,0.0,0.0,0.0,0.0,0.0,0.0,0.0,0.0,0.0,0.0,0.0,0.0,0.0,0.0,0.0,0.0,0.0,0.0,0.0,0.0,2020-21,Playoffs
0042000143,1610612763,Memphis,Grizzlies,MEM,grizzlies,1626159,Justise,Winslow,J. Winslow,justise-winslow,,DNP - Coach's Decision,,,0.0,0.0,0.0,0.0,0.0,0.0,0.0,0.0,0.0,0.0,0.0,0.0,0.0,0.0,0.0,0.0,0.0,0.0,0.0,0.0,0.0,0.0,2020-21,Playoffs
0042000144,1610612762,Utah,Jazz,UTA,jazz,202711,Bojan,Bogdanovic,B. Bogdanovic,bojan-bogdanovic,F,,,33:00,127.5,127.5,120.9,120.9,6.6,6.6,0.083,2.0,15.4,0.0,0.063,0.031,7.7,0.65,0.65,0.145,0.145,98.91,98.91,82.42,69.0,0.049,2020-21,Playoffs
0042000144,1610612762,Utah,Jazz,UTA,jazz,1626220,Royce,O'Neale,R. O'Neale,royce-oneale,F,,,34:44,129.6,129.6,122.5,122.5,7.0,7.0,0.037,0.0,12.5,0.032,0.258,0.145,0.0,0.643,0.643,0.091,0.091,98.12,98.12,81.77,71.0,0.087,2020-21,Playoffs
0042000144,1610612762,Utah,Jazz,UTA,jazz,203497,Rudy,Gobert,R. Gobert,rudy-gobert,C,,,32:26,118.8,118.8,113.0,113.0,5.8,5.8,0.05,0.0,7.1,0.061,0.171,0.118,0.0,0.556,0.656,0.173,0.173,102.12,102.12,85.1,69.0,0.115,2020-21,Playoffs
0042000144,1610612762,Utah,Jazz,UTA,jazz,1628378,Donovan,Mitchell,D. Mitchell,donovan-mitchell,G,,,34:42,125.0,125.0,120.8,120.8,4.2,4.2,0.364,2.0,20.5,0.03,0.031,0.031,10.3,0.409,0.541,0.392,0.392,99.6,99.6,83.0,72.0,0.12,2020-21,Playoffs
0042000144,1610612762,Utah,Jazz,UTA,jazz,201144,Mike,Conley,M. Conley,mike-conley,G,,,32:06,115.7,115.7,107.1,107.1,8.6,8.6,0.304,3.5,43.8,0.0,0.088,0.045,12.5,0.75,0.799,0.118,0.118,104.67,104.67,87.23,70.0,0.105,2020-21,Playoffs
0042000144,1610612762,Utah,Jazz,UTA,jazz,202324,Derrick,Favors,D. Favors,derrick-favors,,,,15:34,111.8,111.8,102.9,102.9,8.8,8.8,0.0,0.0,0.0,0.2,0.133,0.167,0.0,0.8,0.8,0.135,0.135,104.84,104.84,87.37,34.0,0.132,2020-21,Playoffs
0042000144,1610612762,Utah,Jazz,UTA,jazz,204060,Joe,Ingles,J. Ingles,joe-ingles,,,,23:48,109.6,109.6,100.0,100.0,9.6,9.6,0.235,4.0,44.4,0.0,0.192,0.096,11.1,0.25,0.25,0.089,0.089,106.89,106.89,89.08,52.0,0.062,2020-21,Playoffs
0042000144,1610612762,Utah,Jazz,UTA,jazz,203903,Jordan,Clarkson,J. Clarkson,jordan-clarkson,,,,21:30,95.7,95.7,91.7,91.7,4.0,4.0,0.0,0.0,0.0,0.0,0.222,0.118,13.0,0.556,0.607,0.46,0.46,104.93,104.93,87.44,46.0,0.213,2020-21,Playoffs
0042000144,1610612762,Utah,Jazz,UTA,jazz,1627777,Georges,Niang,G. Niang,georges-niang,,,,12:10,100.0,100.0,82.8,82.8,17.2,17.2,0.0,0.0,0.0,0.0,0.111,0.065,0.0,0.75,0.75,0.133,0.133,112.44,112.44,93.7,28.0,0.138,2020-21,Playoffs
0042000144,1610612762,Utah,Jazz,UTA,jazz,1629714,Jarrell,Brantley,J. Brantley,jarrell-brantley,,DNP - Coach's Decision,,,0.0,0.0,0.0,0.0,0.0,0.0,0.0,0.0,0.0,0.0,0.0,0.0,0.0,0.0,0.0,0.0,0.0,0.0,0.0,0.0,0.0,0.0,2020-21,Playoffs
0042000144,1610612762,Utah,Jazz,UTA,jazz,1630235,Trent,Forrest,T. Forrest,trent-forrest,,DNP - Coach's Decision,,,0.0,0.0,0.0,0.0,0.0,0.0,0.0,0.0,0.0,0.0,0.0,0.0,0.0,0.0,0.0,0.0,0.0,0.0,0.0,0.0,0.0,0.0,2020-21,Playoffs
0042000144,1610612762,Utah,Jazz,UTA,jazz,101141,Ersan,Ilyasova,E. Ilyasova,ersan-ilyasova,,DNP - Coach's Decision,,,0.0,0.0,0.0,0.0,0.0,0.0,0.0,0.0,0.0,0.0,0.0,0.0,0.0,0.0,0.0,0.0,0.0,0.0,0.0,0.0,0.0,0.0,2020-21,Playoffs
0042000144,1610612762,Utah,Jazz,UTA,jazz,1629752,Juwan,Morgan,J. Morgan,juwan-morgan,,DNP - Coach's Decision,,,0.0,0.0,0.0,0.0,0.0,0.0,0.0,0.0,0.0,0.0,0.0,0.0,0.0,0.0,0.0,0.0,0.0,0.0,0.0,0.0,0.0,0.0,2020-21,Playoffs
0042000144,1610612762,Utah,Jazz,UTA,jazz,1629671,Miye,Oni,M. Oni,miye-oni,,DNP - Coach's Decision,,,0.0,0.0,0.0,0.0,0.0,0.0,0.0,0.0,0.0,0.0,0.0,0.0,0.0,0.0,0.0,0.0,0.0,0.0,0.0,0.0,0.0,0.0,2020-21,Playoffs
0042000144,1610612762,Utah,Jazz,UTA,jazz,1629744,Matt,Thomas,M. Thomas,matt-thomas,,DNP - Coach's Decision,,,0.0,0.0,0.0,0.0,0.0,0.0,0.0,0.0,0.0,0.0,0.0,0.0,0.0,0.0,0.0,0.0,0.0,0.0,0.0,0.0,0.0,0.0,2020-21,Playoffs
0042000144,1610612763,Memphis,Grizzlies,MEM,grizzlies,203937,Kyle,Anderson,K. Anderson,kyle-anderson,F,,,24:11,105.7,105.7,113.5,113.5,-7.8,-7.8,0.25,5.0,38.5,0.0,0.077,0.041,7.7,0.286,0.286,0.14,0.14,104.2,104.2,86.84,53.0,0.065,2020-21,Playoffs
0042000144,1610612763,Memphis,Grizzlies,MEM,grizzlies,1628991,Jaren,Jackson Jr.,J. Jackson Jr.,jaren-jackson-jr,F,,,26:01,105.0,105.0,108.2,108.2,-3.2,-3.2,0.067,0.0,5.3,0.071,0.148,0.109,0.0,0.583,0.583,0.277,0.277,111.62,111.62,93.02,60.0,0.124,2020-21,Playoffs
0042000144,1610612763,Memphis,Grizzlies,MEM,grizzlies,202685,Jonas,Valančiūnas,J. Valančiūnas,jonas-valančiūnas,C,,,34:32,126.1,126.1,127.5,127.5,-1.4,-1.4,0.036,0.5,7.1,0.1,0.273,0.19,14.3,0.6,0.643,0.171,0.171,95.91,95.91,79.92,69.0,0.108,2020-21,Playoffs
0042000144,1610612763,Memphis,Grizzlies,MEM,grizzlies,1628415,Dillon,Brooks,D. Brooks,dillon-brooks,G,,,37:14,115.4,115.4,110.0,110.0,5.4,5.4,0.107,1.0,12.5,0.0,0.105,0.055,12.5,0.467,0.567,0.25,0.25,101.84,101.84,84.87,78.0,0.077,2020-21,Playoffs
0042000144,1610612763,Memphis,Grizzlies,MEM,grizzlies,1629630,Ja,Morant,J. Morant,ja-morant,G,,,43:15,115.6,115.6,127.0,127.0,-11.4,-11.4,0.375,4.0,30.0,0.022,0.125,0.071,7.5,0.405,0.469,0.277,0.277,99.33,99.33,82.77,90.0,0.101,2020-21,Playoffs
0042000144,1610612763,Memphis,Grizzlies,MEM,grizzlies,1628960,Grayson,Allen,G. Allen,grayson-allen,,,,29:09,115.3,115.3,130.0,130.0,-14.7,-14.7,0.0,0.0,0.0,0.0,0.107,0.051,0.0,0.5,0.5,0.118,0.118,97.98,97.98,81.65,59.0,0.033,2020-21,Playoffs
0042000144,1610612763,Memphis,Grizzlies,MEM,grizzlies,1630217,Desmond,Bane,D. Bane,desmond-bane,,,,17:33,102.5,102.5,136.8,136.8,-34.3,-34.3,0.154,0.0,40.0,0.0,0.214,0.086,0.0,1.167,1.167,0.067,0.067,106.67,106.67,88.89,40.0,0.112,2020-21,Playoffs
0042000144,1610612763,Memphis,Grizzlies,MEM,grizzlies,1626145,Tyus,Jones,T. Jones,tyus-jones,,,,4:45,75.0,75.0,58.3,58.3,16.7,16.7,0.0,0.0,0.0,0.0,0.125,0.077,0.0,0.0,0.0,0.083,0.083,121.26,121.26,101.05,12.0,-0.133,2020-21,Playoffs
0042000144,1610612763,Memphis,Grizzlies,MEM,grizzlies,1629001,De'Anthony,Melton,D. Melton,deanthony-melton,,,,23:20,94.0,94.0,98.0,98.0,-4.0,-4.0,0.182,0.0,16.7,0.031,0.154,0.086,0.0,0.722,0.759,0.172,0.172,102.86,102.86,85.71,50.0,0.209,2020-21,Playoffs
0042000144,1610612763,Memphis,Grizzlies,MEM,grizzlies,1629634,Brandon,Clarke,B. Clarke,brandon-clarke,,DNP - Coach's Decision,,,0.0,0.0,0.0,0.0,0.0,0.0,0.0,0.0,0.0,0.0,0.0,0.0,0.0,0.0,0.0,0.0,0.0,0.0,0.0,0.0,0.0,0.0,2020-21,Playoffs
0042000144,1610612763,Memphis,Grizzlies,MEM,grizzlies,204025,Tim,Frazier,T. Frazier,tim-frazier,,DNP - Coach's Decision,,,0.0,0.0,0.0,0.0,0.0,0.0,0.0,0.0,0.0,0.0,0.0,0.0,0.0,0.0,0.0,0.0,0.0,0.0,0.0,0.0,0.0,0.0,2020-21,Playoffs
0042000144,1610612763,Memphis,Grizzlies,MEM,grizzlies,1629723,John,Konchar,J. Konchar,john-konchar,,DNP - Coach's Decision,,,0.0,0.0,0.0,0.0,0.0,0.0,0.0,0.0,0.0,0.0,0.0,0.0,0.0,0.0,0.0,0.0,0.0,0.0,0.0,0.0,0.0,0.0,2020-21,Playoffs
0042000144,1610612763,Memphis,Grizzlies,MEM,grizzlies,1629681,Killian,Tillie,K. Tillie,killian-tillie,,DNP - Coach's Decision,,,0.0,0.0,0.0,0.0,0.0,0.0,0.0,0.0,0.0,0.0,0.0,0.0,0.0,0.0,0.0,0.0,0.0,0.0,0.0,0.0,0.0,0.0,2020-21,Playoffs
0042000144,1610612763,Memphis,Grizzlies,MEM,grizzlies,1630214,Xavier,Tillman,X. Tillman,xavier-tillman,,DNP - Coach's Decision,,,0.0,0.0,0.0,0.0,0.0,0.0,0.0,0.0,0.0,0.0,0.0,0.0,0.0,0.0,0.0,0.0,0.0,0.0,0.0,0.0,0.0,0.0,2020-21,Playoffs
0042000144,1610612763,Memphis,Grizzlies,MEM,grizzlies,1626159,Justise,Winslow,J. Winslow,justise-winslow,,DNP - Coach's Decision,,,0.0,0.0,0.0,0.0,0.0,0.0,0.0,0.0,0.0,0.0,0.0,0.0,0.0,0.0,0.0,0.0,0.0,0.0,0.0,0.0,0.0,0.0,2020-21,Playoffs
0042000145,1610612763,Memphis,Grizzlies,MEM,grizzlies,203937,Kyle,Anderson,K. Anderson,kyle-anderson,F,,,18:29,79.1,79.1,130.2,130.2,-51.2,-51.2,0.0,0.0,0.0,0.0,0.0,0.0,0.0,0.2,0.2,0.109,0.109,111.67,111.67,93.06,43.0,-0.036,2020-21,Playoffs
0042000145,1610612763,Memphis,Grizzlies,MEM,grizzlies,1628991,Jaren,Jackson Jr.,J. Jackson Jr.,jaren-jackson-jr,F,,,29:19,109.8,109.8,138.7,138.7,-28.9,-28.9,0.0,0.0,0.0,0.071,0.167,0.121,0.0,0.636,0.656,0.169,0.169,100.69,100.69,83.91,61.0,0.088,2020-21,Playoffs
0042000145,1610612763,Memphis,Grizzlies,MEM,grizzlies,202685,Jonas,Valančiūnas,J. Valančiūnas,jonas-valančiūnas,C,,,27:22,90.6,90.6,135.5,135.5,-44.9,-44.9,0.067,0.25,5.6,0.063,0.174,0.109,22.2,0.692,0.692,0.239,0.239,110.5,110.5,92.08,64.0,0.093,2020-21,Playoffs
0042000145,1610612763,Memphis,Grizzlies,MEM,grizzlies,1628415,Dillon,Brooks,D. Brooks,dillon-brooks,G,,,40:14,111.6,111.6,133.7,133.7,-22.1,-22.1,0.103,1.5,11.5,0.024,0.111,0.065,7.7,0.583,0.64,0.242,0.242,102.6,102.6,85.5,86.0,0.111,2020-21,Playoffs
0042000145,1610612763,Memphis,Grizzlies,MEM,grizzlies,1629630,Ja,Morant,J. Morant,ja-morant,G,,,40:14,111.6,111.6,133.7,133.7,-22.1,-22.1,0.407,2.2,28.9,0.049,0.139,0.091,13.2,0.614,0.614,0.284,0.284,102.6,102.6,85.5,86.0,0.132,2020-21,Playoffs
0042000145,1610612763,Memphis,Grizzlies,MEM,grizzlies,1628960,Grayson,Allen,G. Allen,grayson-allen,,,,15:29,108.8,108.8,132.4,132.4,-23.5,-23.5,0.0,0.0,0.0,0.067,0.143,0.103,0.0,0.25,0.25,0.108,0.108,105.4,105.4,87.84,34.0,0.006,2020-21,Playoffs
0042000145,1610612763,Memphis,Grizzlies,MEM,grizzlies,1630217,Desmond,Bane,D. Bane,desmond-bane,,,,23:23,107.8,107.8,126.0,126.0,-18.2,-18.2,0.19,2.0,33.3,0.0,0.125,0.061,16.7,0.417,0.417,0.143,0.143,103.66,103.66,86.39,51.0,0.066,2020-21,Playoffs
0042000145,1610612763,Memphis,Grizzlies,MEM,grizzlies,1626145,Tyus,Jones,T. Jones,tyus-jones,,,,16:58,133.3,133.3,91.2,91.2,42.2,42.2,0.133,0.0,25.0,0.0,0.091,0.05,0.0,0.333,0.333,0.167,0.167,94.77,94.77,78.98,33.0,0.057,2020-21,Playoffs
0042000145,1610612763,Memphis,Grizzlies,MEM,grizzlies,1629001,De'Anthony,Melton,D. Melton,deanthony-melton,,,,17:20,138.2,138.2,100.0,100.0,38.2,38.2,0.063,1.0,12.5,0.0,0.167,0.086,12.5,0.417,0.466,0.189,0.189,95.54,95.54,79.62,34.0,0.059,2020-21,Playoffs
0042000145,1610612763,Memphis,Grizzlies,MEM,grizzlies,1630214,Xavier,Tillman,X. Tillman,xavier-tillman,,,,2:48,66.7,66.7,0.0,0.0,66.7,66.7,0.0,0.0,0.0,0.0,0.25,0.111,0.0,1.0,1.0,0.143,0.143,102.86,102.86,85.71,6.0,2.667,2020-21,Playoffs
0042000145,1610612763,Memphis,Grizzlies,MEM,grizzlies,1626159,Justise,Winslow,J. Winslow,justise-winslow,,,,2:48,66.7,66.7,0.0,0.0,66.7,66.7,0.5,0.0,100.0,0.0,0.25,0.111,0.0,0.0,0.0,0.0,0.0,102.86,102.86,85.71,6.0,1.333,2020-21,Playoffs
0042000145,1610612763,Memphis,Grizzlies,MEM,grizzlies,1629723,John,Konchar,J. Konchar,john-konchar,,,,2:48,66.7,66.7,0.0,0.0,66.7,66.7,0.0,0.0,0.0,0.0,0.25,0.111,0.0,0.0,0.0,0.143,0.143,102.86,102.86,85.71,6.0,0.333,2020-21,Playoffs
0042000145,1610612763,Memphis,Grizzlies,MEM,grizzlies,1629634,Brandon,Clarke,B. Clarke,brandon-clarke,,,,2:48,66.7,66.7,0.0,0.0,66.7,66.7,0.0,0.0,0.0,0.0,0.0,0.0,0.0,0.5,0.5,0.286,0.286,102.86,102.86,85.71,6.0,1.0,2020-21,Playoffs
0042000145,1610612763,Memphis,Grizzlies,MEM,grizzlies,204025,Tim,Frazier,T. Frazier,tim-frazier,,DNP - Coach's Decision,,,0.0,0.0,0.0,0.0,0.0,0.0,0.0,0.0,0.0,0.0,0.0,0.0,0.0,0.0,0.0,0.0,0.0,0.0,0.0,0.0,0.0,0.0,2020-21,Playoffs
0042000145,1610612763,Memphis,Grizzlies,MEM,grizzlies,1629681,Killian,Tillie,K. Tillie,killian-tillie,,DNP - Coach's Decision,,,0.0,0.0,0.0,0.0,0.0,0.0,0.0,0.0,0.0,0.0,0.0,0.0,0.0,0.0,0.0,0.0,0.0,0.0,0.0,0.0,0.0,0.0,2020-21,Playoffs
0042000145,1610612762,Utah,Jazz,UTA,jazz,202711,Bojan,Bogdanovic,B. Bogdanovic,bojan-bogdanovic,F,,,31:14,130.4,130.4,100.0,100.0,30.4,30.4,0.143,1.33,18.2,0.037,0.206,0.131,13.6,0.536,0.571,0.24,0.24,106.81,106.81,89.01,69.0,0.124,2020-21,Playoffs
0042000145,1610612762,Utah,Jazz,UTA,jazz,1626220,Royce,O'Neale,R. O'Neale,royce-oneale,F,,,35:36,137.7,137.7,105.1,105.1,32.6,32.6,0.059,0.0,15.4,0.036,0.135,0.092,0.0,0.773,0.773,0.134,0.134,105.17,105.17,87.64,77.0,0.116,2020-21,Playoffs
0042000145,1610612762,Utah,Jazz,UTA,jazz,203497,Rudy,Gobert,R. Gobert,rudy-gobert,C,,,33:23,133.3,133.3,100.0,100.0,33.3,33.3,0.069,2.0,11.1,0.2,0.235,0.217,5.6,0.769,0.779,0.193,0.193,104.24,104.24,86.87,72.0,0.18,2020-21,Playoffs
0042000145,1610612762,Utah,Jazz,UTA,jazz,1628378,Donovan,Mitchell,D. Mitchell,donovan-mitchell,G,,,29:25,134.3,134.3,89.6,89.6,44.8,44.8,0.4,3.33,33.3,0.0,0.171,0.098,10.0,0.844,0.866,0.274,0.274,109.33,109.33,91.1,67.0,0.24,2020-21,Playoffs
0042000145,1610612762,Utah,Jazz,UTA,jazz,201144,Mike,Conley,M. Conley,mike-conley,G,,,11:35,156.0,156.0,100.0,100.0,56.0,56.0,0.154,0.0,33.3,0.0,0.0,0.0,0.0,0.875,0.875,0.138,0.138,103.6,103.6,86.33,25.0,0.11,2020-21,Playoffs
0042000145,1610612762,Utah,Jazz,UTA,jazz,202324,Derrick,Favors,D. Favors,derrick-favors,,,,12:20,115.4,115.4,117.9,117.9,-2.5,-2.5,0.0,0.0,0.0,0.0,0.071,0.045,50.0,1.0,1.0,0.074,0.074,105.08,105.08,87.57,26.0,0.016,2020-21,Playoffs
0042000145,1610612762,Utah,Jazz,UTA,jazz,204060,Joe,Ingles,J. Ingles,joe-ingles,,,,27:58,112.7,112.7,101.6,101.6,11.1,11.1,0.148,0.0,44.4,0.0,0.129,0.066,0.0,0.0,0.0,0.07,0.07,107.27,107.27,89.39,63.0,0.016,2020-21,Playoffs
0042000145,1610612762,Utah,Jazz,UTA,jazz,203903,Jordan,Clarkson,J. Clarkson,jordan-clarkson,,,,30:33,111.1,111.1,127.0,127.0,-15.9,-15.9,0.176,0.75,10.7,0.0,0.034,0.017,14.3,0.525,0.563,0.342,0.342,98.99,98.99,82.49,63.0,0.087,2020-21,Playoffs
0042000145,1610612762,Utah,Jazz,UTA,jazz,1627777,Georges,Niang,G. Niang,georges-niang,,,,14:29,120.0,120.0,120.0,120.0,0.0,0.0,0.0,0.0,0.0,0.063,0.429,0.233,12.5,0.429,0.429,0.222,0.222,99.42,99.42,82.85,30.0,0.068,2020-21,Playoffs
0042000145,1610612762,Utah,Jazz,UTA,jazz,1630235,Trent,Forrest,T. Forrest,trent-forrest,,,,4:19,20.0,20.0,122.2,122.2,-102.2,-102.2,0.0,0.0,0.0,0.0,0.0,0.0,0.0,0.0,0.0,0.071,0.071,105.64,105.64,88.03,10.0,-0.111,2020-21,Playoffs
0042000145,1610612762,Utah,Jazz,UTA,jazz,1629714,Jarrell,Brantley,J. Brantley,jarrell-brantley,,,,2:17,0.0,0.0,80.0,80.0,-80.0,-80.0,0.0,0.0,0.0,0.0,0.25,0.125,50.0,0.0,0.0,0.333,0.333,105.11,105.11,87.59,5.0,-0.4,2020-21,Playoffs
0042000145,1610612762,Utah,Jazz,UTA,jazz,1629671,Miye,Oni,M. Oni,miye-oni,,,,2:17,0.0,0.0,80.0,80.0,-80.0,-80.0,0.0,0.0,0.0,0.0,0.0,0.0,0.0,0.0,0.0,0.0,0.0,105.11,105.11,87.59,5.0,0.0,2020-21,Playoffs
0042000145,1610612762,Utah,Jazz,UTA,jazz,1629752,Juwan,Morgan,J. Morgan,juwan-morgan,,,,2:17,0.0,0.0,80.0,80.0,-80.0,-80.0,0.0,0.0,0.0,0.25,0.25,0.25,0.0,0.0,0.0,0.0,0.0,105.11,105.11,87.59,5.0,0.6,2020-21,Playoffs
0042000145,1610612762,Utah,Jazz,UTA,jazz,1629744,Matt,Thomas,M. Thomas,matt-thomas,,,,2:17,0.0,0.0,80.0,80.0,-80.0,-80.0,0.0,0.0,0.0,0.0,0.0,0.0,0.0,0.0,0.0,0.333,0.333,105.11,105.11,87.59,5.0,-0.8,2020-21,Playoffs
0042000145,1610612762,Utah,Jazz,UTA,jazz,101141,Ersan,Ilyasova,E. Ilyasova,ersan-ilyasova,,DNP - Coach's Decision,,,0.0,0.0,0.0,0.0,0.0,0.0,0.0,0.0,0.0,0.0,0.0,0.0,0.0,0.0,0.0,0.0,0.0,0.0,0.0,0.0,0.0,0.0,2020-21,Playoffs
0042000151,1610612747,Los Angeles,Lakers,LAL,lakers,2544,LeBron,James,L. James,lebron-james,F,,,36:04,104.4,104.4,98.6,98.6,5.8,5.8,0.476,2.0,33.3,0.03,0.162,0.1,16.7,0.577,0.575,0.263,0.263,91.84,91.84,76.54,68.0,0.183,2020-21,Playoffs
0042000151,1610612747,Los Angeles,Lakers,LAL,lakers,203076,Anthony,Davis,A. Davis,anthony-davis,F,,,38:48,90.7,90.7,111.7,111.7,-21.0,-21.0,0.1,0.0,10.0,0.0,0.171,0.089,0.0,0.313,0.357,0.214,0.214,94.03,94.03,78.36,75.0,0.075,2020-21,Playoffs
0042000151,1610612747,Los Angeles,Lakers,LAL,lakers,203083,Andre,Drummond,A. Drummond,andre-drummond,C,,,19:05,102.4,102.4,112.2,112.2,-9.8,-9.8,0.0,0.0,0.0,0.389,0.1,0.237,18.2,0.714,0.685,0.229,0.229,103.13,103.13,85.94,41.0,0.148,2020-21,Playoffs
0042000151,1610612747,Los Angeles,Lakers,LAL,lakers,203484,Kentavious,Caldwell-Pope,K. Caldwell-Pope,kentavious-caldwell-pope,G,,,34:56,95.5,95.5,109.0,109.0,-13.4,-13.4,0.095,0.0,16.7,0.0,0.054,0.029,0.0,0.278,0.354,0.133,0.133,92.06,92.06,76.72,67.0,0.017,2020-21,Playoffs
0042000151,1610612747,Los Angeles,Lakers,LAL,lakers,203471,Dennis,Schröder,D. Schröder,dennis-schröder,G,,,34:08,95.4,95.4,104.5,104.5,-9.1,-9.1,0.176,0.75,17.6,0.0,0.026,0.015,23.5,0.786,0.726,0.194,0.194,92.81,92.81,77.34,65.0,0.075,2020-21,Playoffs
0042000151,1610612747,Los Angeles,Lakers,LAL,lakers,1628398,Kyle,Kuzma,K. Kuzma,kyle-kuzma,,,,19:24,97.4,97.4,110.5,110.5,-13.2,-13.2,0.067,1.0,25.0,0.0,0.2,0.086,25.0,0.0,0.0,0.071,0.071,94.02,94.02,78.35,38.0,0.0,2020-21,Playoffs
0042000151,1610612747,Los Angeles,Lakers,LAL,lakers,1626149,Montrezl,Harrell,M. Harrell,montrezl-harrell,,,,14:38,103.4,103.4,90.3,90.3,13.1,13.1,0.0,0.0,0.0,0.125,0.091,0.111,22.2,0.8,0.833,0.273,0.273,98.37,98.37,81.98,29.0,0.241,2020-21,Playoffs
0042000151,1610612747,Los Angeles,Lakers,LAL,lakers,1627936,Alex,Caruso,A. Caruso,alex-caruso,,,,24:07,97.7,97.7,91.1,91.1,6.6,6.6,0.0,0.0,0.0,0.0,0.0,0.0,0.0,0.556,0.556,0.188,0.188,87.57,87.57,72.98,43.0,0.018,2020-21,Playoffs
0042000151,1610612747,Los Angeles,Lakers,LAL,lakers,1629659,Talen,Horton-Tucker,T. Horton-Tucker,talen-horton-tucker,,,,7:05,92.9,92.9,80.0,80.0,12.9,12.9,0.333,0.0,20.0,0.0,0.125,0.067,0.0,0.25,0.25,0.25,0.25,98.19,98.19,81.82,14.0,0.111,2020-21,Playoffs
0042000151,1610612747,Los Angeles,Lakers,LAL,lakers,202083,Wesley,Matthews,W. Matthews,wesley-matthews,,,,11:45,87.5,87.5,121.7,121.7,-34.2,-34.2,0.0,0.0,0.0,0.0,0.0,0.0,0.0,0.25,0.25,0.133,0.133,96.0,96.0,80.0,24.0,-0.115,2020-21,Playoffs
0042000151,1610612747,Los Angeles,Lakers,LAL,lakers,201162,Jared,Dudley,J. Dudley,jared-dudley,,DNP - Coach's Decision,,,0.0,0.0,0.0,0.0,0.0,0.0,0.0,0.0,0.0,0.0,0.0,0.0,0.0,0.0,0.0,0.0,0.0,0.0,0.0,0.0,0.0,0.0,2020-21,Playoffs
0042000151,1610612747,Los Angeles,Lakers,LAL,lakers,201188,Marc,Gasol,M. Gasol,marc-gasol,,DNP - Coach's Decision,,,0.0,0.0,0.0,0.0,0.0,0.0,0.0,0.0,0.0,0.0,0.0,0.0,0.0,0.0,0.0,0.0,0.0,0.0,0.0,0.0,0.0,0.0,2020-21,Playoffs
0042000151,1610612747,Los Angeles,Lakers,LAL,lakers,1628035,Alfonzo,McKinnie,A. McKinnie,alfonzo-mckinnie,,DNP - Coach's Decision,,,0.0,0.0,0.0,0.0,0.0,0.0,0.0,0.0,0.0,0.0,0.0,0.0,0.0,0.0,0.0,0.0,0.0,0.0,0.0,0.0,0.0,0.0,2020-21,Playoffs
0042000151,1610612747,Los Angeles,Lakers,LAL,lakers,203463,Ben,McLemore,B. McLemore,ben-mclemore,,DNP - Coach's Decision,,,0.0,0.0,0.0,0.0,0.0,0.0,0.0,0.0,0.0,0.0,0.0,0.0,0.0,0.0,0.0,0.0,0.0,0.0,0.0,0.0,0.0,0.0,2020-21,Playoffs
0042000151,1610612747,Los Angeles,Lakers,LAL,lakers,202693,Markieff,Morris,M. Morris,markieff-morris,,DNP - Coach's Decision,,,0.0,0.0,0.0,0.0,0.0,0.0,0.0,0.0,0.0,0.0,0.0,0.0,0.0,0.0,0.0,0.0,0.0,0.0,0.0,0.0,0.0,0.0,2020-21,Playoffs
0042000151,1610612756,Phoenix,Suns,PHX,suns,1628969,Mikal,Bridges,M. Bridges,mikal-bridges,F,,,40:32,110.4,110.4,97.4,97.4,13.0,13.0,0.0,0.0,0.0,0.024,0.073,0.048,0.0,0.417,0.417,0.128,0.128,91.78,91.78,76.48,77.0,0.054,2020-21,Playoffs
0042000151,1610612756,Phoenix,Suns,PHX,suns,203109,Jae,Crowder,J. Crowder,jae-crowder,F,,,29:25,113.6,113.6,91.4,91.4,22.2,22.2,0.12,1.5,18.8,0.0,0.138,0.069,12.5,0.3,0.368,0.183,0.183,95.46,95.46,79.55,59.0,0.039,2020-21,Playoffs
0042000151,1610612756,Phoenix,Suns,PHX,suns,1629028,Deandre,Ayton,D. Ayton,deandre-ayton,C,,,36:43,112.5,112.5,90.3,90.3,22.2,22.2,0.0,0.0,0.0,0.216,0.205,0.211,7.7,0.909,0.884,0.149,0.149,94.13,94.13,78.44,72.0,0.225,2020-21,Playoffs
0042000151,1610612756,Phoenix,Suns,PHX,suns,1626164,Devin,Booker,D. Booker,devin-booker,G,,,45:11,105.7,105.7,96.6,96.6,9.1,9.1,0.333,1.33,18.6,0.021,0.143,0.079,14.0,0.558,0.594,0.33,0.33,92.95,92.95,77.46,88.0,0.181,2020-21,Playoffs
0042000151,1610612756,Phoenix,Suns,PHX,suns,101108,Chris,Paul,C. Paul,chris-paul,G,,,36:10,110.1,110.1,102.9,102.9,7.2,7.2,0.276,8.0,47.1,0.027,0.086,0.056,5.9,0.438,0.438,0.106,0.106,90.91,90.91,75.76,69.0,0.088,2020-21,Playoffs
0042000151,1610612756,Phoenix,Suns,PHX,suns,1629661,Cameron,Johnson,C. Johnson,cameron-johnson,,,,22:53,90.7,90.7,104.7,104.7,-14.0,-14.0,0.091,1.0,10.0,0.136,0.15,0.143,10.0,0.571,0.635,0.176,0.176,90.2,90.2,75.16,43.0,0.179,2020-21,Playoffs
0042000151,1610612756,Phoenix,Suns,PHX,suns,1626166,Cameron,Payne,C. Payne,cameron-payne,,,,12:40,85.2,85.2,92.9,92.9,-7.7,-7.7,0.167,1.0,10.0,0.0,0.214,0.125,10.0,0.313,0.313,0.29,0.29,104.21,104.21,86.84,27.0,0.032,2020-21,Playoffs
0042000151,1610612756,Phoenix,Suns,PHX,suns,1628470,Torrey,Craig,T. Craig,torrey-craig,,,,3:07,100.0,100.0,85.7,85.7,14.3,14.3,0.0,0.0,0.0,0.0,0.0,0.0,0.0,0.0,0.0,0.0,0.0,107.87,107.87,89.89,7.0,0.0,2020-21,Playoffs
0042000151,1610612756,Phoenix,Suns,PHX,suns,203967,Dario,Saric,D. Saric,dario-saric,,,,11:17,85.7,85.7,113.6,113.6,-27.9,-27.9,0.167,0.5,14.3,0.182,0.0,0.105,28.6,0.5,0.5,0.24,0.24,91.46,91.46,76.22,21.0,-0.018,2020-21,Playoffs
0042000151,1610612756,Phoenix,Suns,PHX,suns,202734,E'Twaun,Moore,E. Moore,etwaun-moore,,,,2:02,120.0,120.0,0.0,0.0,120.0,120.0,0.667,0.0,100.0,0.0,0.333,0.167,0.0,0.0,0.0,0.0,0.0,106.23,106.23,88.52,5.0,0.75,2020-21,Playoffs
0042000151,1610612756,Phoenix,Suns,PHX,suns,1630234,Ty-Shon,Alexander,T. Alexander,ty-shon-alexander,,DNP - Coach's Decision,,,0.0,0.0,0.0,0.0,0.0,0.0,0.0,0.0,0.0,0.0,0.0,0.0,0.0,0.0,0.0,0.0,0.0,0.0,0.0,0.0,0.0,0.0,2020-21,Playoffs
0042000151,1610612756,Phoenix,Suns,PHX,suns,1628975,Jevon,Carter,J. Carter,jevon-carter,,DNP - Coach's Decision,,,0.0,0.0,0.0,0.0,0.0,0.0,0.0,0.0,0.0,0.0,0.0,0.0,0.0,0.0,0.0,0.0,0.0,0.0,0.0,0.0,0.0,0.0,2020-21,Playoffs
0042000151,1610612756,Phoenix,Suns,PHX,suns,204038,Langston,Galloway,L. Galloway,langston-galloway,,DNP - Coach's Decision,,,0.0,0.0,0.0,0.0,0.0,0.0,0.0,0.0,0.0,0.0,0.0,0.0,0.0,0.0,0.0,0.0,0.0,0.0,0.0,0.0,0.0,0.0,2020-21,Playoffs
0042000151,1610612756,Phoenix,Suns,PHX,suns,1626163,Frank,Kaminsky,F. Kaminsky,frank-kaminsky,,DNP - Coach's Decision,,,0.0,0.0,0.0,0.0,0.0,0.0,0.0,0.0,0.0,0.0,0.0,0.0,0.0,0.0,0.0,0.0,0.0,0.0,0.0,0.0,0.0,0.0,2020-21,Playoffs
0042000151,1610612756,Phoenix,Suns,PHX,suns,1630188,Jalen,Smith,J. Smith,jalen-smith,,DNP - Coach's Decision,,,0.0,0.0,0.0,0.0,0.0,0.0,0.0,0.0,0.0,0.0,0.0,0.0,0.0,0.0,0.0,0.0,0.0,0.0,0.0,0.0,0.0,0.0,2020-21,Playoffs
0042000152,1610612747,Los Angeles,Lakers,LAL,lakers,2544,LeBron,James,L. James,lebron-james,F,,,38:54,129.3,129.3,112.2,112.2,17.2,17.2,0.36,9.0,34.6,0.0,0.121,0.058,3.8,0.688,0.7,0.193,0.193,91.95,91.95,76.62,75.0,0.176,2020-21,Playoffs
0042000152,1610612747,Los Angeles,Lakers,LAL,lakers,203076,Anthony,Davis,A. Davis,anthony-davis,F,,,39:58,114.1,114.1,109.2,109.2,4.9,4.9,0.333,7.0,21.2,0.028,0.265,0.143,3.0,0.533,0.701,0.302,0.302,92.48,92.48,77.06,78.0,0.246,2020-21,Playoffs
0042000152,1610612747,Los Angeles,Lakers,LAL,lakers,203083,Andre,Drummond,A. Drummond,andre-drummond,C,,,24:22,122.2,122.2,111.1,111.1,11.1,11.1,0.0,0.0,0.0,0.208,0.333,0.267,15.4,0.636,0.656,0.236,0.236,88.65,88.65,73.88,45.0,0.192,2020-21,Playoffs
0042000152,1610612747,Los Angeles,Lakers,LAL,lakers,203484,Kentavious,Caldwell-Pope,K. Caldwell-Pope,kentavious-caldwell-pope,G,,,30:35,137.7,137.7,108.3,108.3,29.4,29.4,0.034,0.0,20.0,0.0,0.154,0.074,0.0,0.0,0.0,0.058,0.058,94.96,94.96,79.13,61.0,-0.015,2020-21,Playoffs
0042000152,1610612747,Los Angeles,Lakers,LAL,lakers,203471,Dennis,Schröder,D. Schröder,dennis-schröder,G,,,33:30,124.2,124.2,103.1,103.1,21.1,21.1,0.158,3.0,13.0,0.0,0.107,0.053,4.3,0.563,0.644,0.27,0.27,93.13,93.13,77.61,66.0,0.143,2020-21,Playoffs
0042000152,1610612747,Los Angeles,Lakers,LAL,lakers,1628398,Kyle,Kuzma,K. Kuzma,kyle-kuzma,,,,19:56,102.6,102.6,105.3,105.3,-2.6,-2.6,0.077,0.0,20.0,0.0,0.056,0.028,0.0,0.25,0.25,0.1,0.1,91.51,91.51,76.25,38.0,0.02,2020-21,Playoffs
0042000152,1610612747,Los Angeles,Lakers,LAL,lakers,201188,Marc,Gasol,M. Gasol,marc-gasol,,,,19:58,97.4,97.4,113.5,113.5,-16.1,-16.1,0.25,0.0,33.3,0.0,0.125,0.054,0.0,0.75,0.75,0.093,0.093,91.34,91.34,76.12,39.0,0.097,2020-21,Playoffs
0042000152,1610612747,Los Angeles,Lakers,LAL,lakers,202693,Markieff,Morris,M. Morris,markieff-morris,,,,3:58,133.3,133.3,125.0,125.0,8.3,8.3,0.25,1.0,33.3,0.167,0.0,0.125,33.3,0.0,0.0,0.154,0.154,102.86,102.86,85.71,9.0,-0.111,2020-21,Playoffs
0042000152,1610612747,Los Angeles,Lakers,LAL,lakers,1627936,Alex,Caruso,A. Caruso,alex-caruso,,,,18:47,100.0,100.0,131.4,131.4,-31.4,-31.4,0.0,0.0,0.0,0.056,0.0,0.03,0.0,0.4,0.4,0.109,0.109,93.27,93.27,77.73,38.0,0.017,2020-21,Playoffs
0042000152,1610612747,Los Angeles,Lakers,LAL,lakers,1629659,Talen,Horton-Tucker,T. Horton-Tucker,talen-horton-tucker,,,,5:52,50.0,50.0,109.1,109.1,-59.1,-59.1,0.0,0.0,0.0,0.0,0.0,0.0,25.0,0.0,0.174,0.286,0.286,94.06,94.06,78.39,12.0,-0.207,2020-21,Playoffs
0042000152,1610612747,Los Angeles,Lakers,LAL,lakers,202083,Wesley,Matthews,W. Matthews,wesley-matthews,,,,4:11,83.3,83.3,185.7,185.7,-102.4,-102.4,0.0,0.0,0.0,0.0,0.25,0.111,0.0,0.0,0.0,0.222,0.222,74.73,74.73,62.28,6.0,-0.211,2020-21,Playoffs
0042000152,1610612747,Los Angeles,Lakers,LAL,lakers,201162,Jared,Dudley,J. Dudley,jared-dudley,,DNP - Coach's Decision,,,0.0,0.0,0.0,0.0,0.0,0.0,0.0,0.0,0.0,0.0,0.0,0.0,0.0,0.0,0.0,0.0,0.0,0.0,0.0,0.0,0.0,0.0,2020-21,Playoffs
0042000152,1610612747,Los Angeles,Lakers,LAL,lakers,1626149,Montrezl,Harrell,M. Harrell,montrezl-harrell,,DNP - Coach's Decision,,,0.0,0.0,0.0,0.0,0.0,0.0,0.0,0.0,0.0,0.0,0.0,0.0,0.0,0.0,0.0,0.0,0.0,0.0,0.0,0.0,0.0,0.0,2020-21,Playoffs
0042000152,1610612747,Los Angeles,Lakers,LAL,lakers,1628035,Alfonzo,McKinnie,A. McKinnie,alfonzo-mckinnie,,DNP - Coach's Decision,,,0.0,0.0,0.0,0.0,0.0,0.0,0.0,0.0,0.0,0.0,0.0,0.0,0.0,0.0,0.0,0.0,0.0,0.0,0.0,0.0,0.0,0.0,2020-21,Playoffs
0042000152,1610612747,Los Angeles,Lakers,LAL,lakers,203463,Ben,McLemore,B. McLemore,ben-mclemore,,DNP - Coach's Decision,,,0.0,0.0,0.0,0.0,0.0,0.0,0.0,0.0,0.0,0.0,0.0,0.0,0.0,0.0,0.0,0.0,0.0,0.0,0.0,0.0,0.0,0.0,2020-21,Playoffs
0042000152,1610612756,Phoenix,Suns,PHX,suns,1628969,Mikal,Bridges,M. Bridges,mikal-bridges,F,,,26:44,100.0,100.0,126.4,126.4,-26.4,-26.4,0.154,2.0,22.2,0.0,0.08,0.041,11.1,0.5,0.5,0.123,0.123,96.06,96.06,80.05,54.0,0.05,2020-21,Playoffs
0042000152,1610612756,Phoenix,Suns,PHX,suns,203109,Jae,Crowder,J. Crowder,jae-crowder,F,,,28:34,130.2,130.2,114.5,114.5,15.6,15.6,0.111,0.0,20.0,0.042,0.192,0.12,0.0,0.313,0.429,0.14,0.14,90.74,90.74,75.61,53.0,0.063,2020-21,Playoffs
0042000152,1610612756,Phoenix,Suns,PHX,suns,1629028,Deandre,Ayton,D. Ayton,deandre-ayton,C,,,42:14,108.6,108.6,112.0,112.0,-3.4,-3.4,0.053,1.0,6.7,0.054,0.216,0.135,6.7,0.846,0.846,0.161,0.161,93.2,93.2,77.66,81.0,0.154,2020-21,Playoffs
0042000152,1610612756,Phoenix,Suns,PHX,suns,1626164,Devin,Booker,D. Booker,devin-booker,G,,,40:07,107.8,107.8,126.9,126.9,-19.1,-19.1,0.167,0.75,9.7,0.0,0.028,0.014,12.9,0.412,0.633,0.341,0.341,92.73,92.73,77.27,77.0,0.115,2020-21,Playoffs
0042000152,1610612756,Phoenix,Suns,PHX,suns,101108,Chris,Paul,C. Paul,chris-paul,G,,,22:47,106.8,106.8,108.9,108.9,-2.1,-2.1,0.313,1.67,33.3,0.0,0.12,0.073,20.0,0.4,0.444,0.217,0.217,93.75,93.75,78.13,44.0,0.047,2020-21,Playoffs
0042000152,1610612756,Phoenix,Suns,PHX,suns,203967,Dario,Saric,D. Saric,dario-saric,,,,15:12,100.0,100.0,109.4,109.4,-9.4,-9.4,0.0,0.0,0.0,0.091,0.053,0.067,50.0,0.0,0.532,0.121,0.121,99.47,99.47,82.89,31.0,-0.01,2020-21,Playoffs
0042000152,1610612756,Phoenix,Suns,PHX,suns,1626166,Cameron,Payne,C. Payne,cameron-payne,,,,32:53,118.3,118.3,111.5,111.5,6.9,6.9,0.412,3.5,26.9,0.0,0.097,0.051,7.7,0.5,0.567,0.292,0.292,88.29,88.29,73.58,60.0,0.119,2020-21,Playoffs
0042000152,1610612756,Phoenix,Suns,PHX,suns,1629661,Cameron,Johnson,C. Johnson,cameron-johnson,,,,26:34,116.3,116.3,121.6,121.6,-5.2,-5.2,0.056,0.0,20.0,0.0,0.115,0.061,0.0,0.75,0.75,0.077,0.077,90.36,90.36,75.3,49.0,0.067,2020-21,Playoffs
0042000152,1610612756,Phoenix,Suns,PHX,suns,1628470,Torrey,Craig,T. Craig,torrey-craig,,,,4:55,100.0,100.0,90.0,90.0,10.0,10.0,0.0,0.0,0.0,0.0,0.2,0.143,0.0,0.5,0.5,0.2,0.2,97.63,97.63,81.36,10.0,0.105,2020-21,Playoffs
0042000152,1610612756,Phoenix,Suns,PHX,suns,1630234,Ty-Shon,Alexander,T. Alexander,ty-shon-alexander,,DNP - Coach's Decision,,,0.0,0.0,0.0,0.0,0.0,0.0,0.0,0.0,0.0,0.0,0.0,0.0,0.0,0.0,0.0,0.0,0.0,0.0,0.0,0.0,0.0,0.0,2020-21,Playoffs
0042000152,1610612756,Phoenix,Suns,PHX,suns,1628975,Jevon,Carter,J. Carter,jevon-carter,,DNP - Coach's Decision,,,0.0,0.0,0.0,0.0,0.0,0.0,0.0,0.0,0.0,0.0,0.0,0.0,0.0,0.0,0.0,0.0,0.0,0.0,0.0,0.0,0.0,0.0,2020-21,Playoffs
0042000152,1610612756,Phoenix,Suns,PHX,suns,204038,Langston,Galloway,L. Galloway,langston-galloway,,DNP - Coach's Decision,,,0.0,0.0,0.0,0.0,0.0,0.0,0.0,0.0,0.0,0.0,0.0,0.0,0.0,0.0,0.0,0.0,0.0,0.0,0.0,0.0,0.0,0.0,2020-21,Playoffs
0042000152,1610612756,Phoenix,Suns,PHX,suns,1626163,Frank,Kaminsky,F. Kaminsky,frank-kaminsky,,DNP - Coach's Decision,,,0.0,0.0,0.0,0.0,0.0,0.0,0.0,0.0,0.0,0.0,0.0,0.0,0.0,0.0,0.0,0.0,0.0,0.0,0.0,0.0,0.0,0.0,2020-21,Playoffs
0042000152,1610612756,Phoenix,Suns,PHX,suns,202734,E'Twaun,Moore,E. Moore,etwaun-moore,,DNP - Coach's Decision,,,0.0,0.0,0.0,0.0,0.0,0.0,0.0,0.0,0.0,0.0,0.0,0.0,0.0,0.0,0.0,0.0,0.0,0.0,0.0,0.0,0.0,0.0,2020-21,Playoffs
0042000152,1610612756,Phoenix,Suns,PHX,suns,1630188,Jalen,Smith,J. Smith,jalen-smith,,DNP - Coach's Decision,,,0.0,0.0,0.0,0.0,0.0,0.0,0.0,0.0,0.0,0.0,0.0,0.0,0.0,0.0,0.0,0.0,0.0,0.0,0.0,0.0,0.0,0.0,2020-21,Playoffs
0042000153,1610612756,Phoenix,Suns,PHX,suns,1628969,Mikal,Bridges,M. Bridges,mikal-bridges,F,,,34:03,102.9,102.9,107.2,107.2,-4.3,-4.3,0.043,0.0,16.7,0.0,0.094,0.046,0.0,0.6,0.6,0.065,0.065,97.25,97.25,81.04,69.0,0.059,2020-21,Playoffs
0042000153,1610612756,Phoenix,Suns,PHX,suns,203109,Jae,Crowder,J. Crowder,jae-crowder,F,,,31:04,85.7,85.7,95.2,95.2,-9.5,-9.5,0.118,2.0,14.3,0.031,0.065,0.048,7.1,0.278,0.402,0.179,0.179,97.36,97.36,81.13,63.0,0.033,2020-21,Playoffs
0042000153,1610612756,Phoenix,Suns,PHX,suns,1629028,Deandre,Ayton,D. Ayton,deandre-ayton,C,,,41:11,101.2,101.2,115.1,115.1,-13.9,-13.9,0.0,0.0,0.0,0.1,0.171,0.136,21.1,0.733,0.712,0.202,0.202,99.07,99.07,82.56,84.0,0.136,2020-21,Playoffs
0042000153,1610612756,Phoenix,Suns,PHX,suns,1626164,Devin,Booker,D. Booker,devin-booker,G,,,41:21,97.6,97.6,105.9,105.9,-8.2,-8.2,0.25,1.5,18.8,0.024,0.073,0.049,12.5,0.342,0.43,0.277,0.277,98.69,98.69,82.24,85.0,0.033,2020-21,Playoffs
0042000153,1610612756,Phoenix,Suns,PHX,suns,101108,Chris,Paul,C. Paul,chris-paul,G,,,27:22,68.4,68.4,103.5,103.5,-35.1,-35.1,0.5,3.0,35.3,0.0,0.167,0.078,11.8,0.375,0.394,0.18,0.18,99.98,99.98,83.31,57.0,0.122,2020-21,Playoffs
0042000153,1610612756,Phoenix,Suns,PHX,suns,1626166,Cameron,Payne,C. Payne,cameron-payne,,,,26:42,115.8,115.8,115.8,115.8,0.0,0.0,0.333,1.5,28.6,0.05,0.067,0.06,19.0,0.682,0.682,0.238,0.238,102.47,102.47,85.39,57.0,0.163,2020-21,Playoffs
0042000153,1610612756,Phoenix,Suns,PHX,suns,1629661,Cameron,Johnson,C. Johnson,cameron-johnson,,,,16:56,107.9,107.9,128.9,128.9,-21.1,-21.1,0.067,1.0,11.1,0.0,0.1,0.056,11.1,0.25,0.41,0.182,0.182,107.67,107.67,89.73,38.0,0.024,2020-21,Playoffs
0042000153,1610612756,Phoenix,Suns,PHX,suns,1628470,Torrey,Craig,T. Craig,torrey-craig,,,,14:32,78.8,78.8,111.8,111.8,-33.0,-33.0,0.143,0.0,12.5,0.063,0.15,0.111,0.0,0.786,0.786,0.194,0.194,110.64,110.64,92.2,33.0,0.188,2020-21,Playoffs
0042000153,1610612756,Phoenix,Suns,PHX,suns,1626163,Frank,Kaminsky,F. Kaminsky,frank-kaminsky,,,,6:49,66.7,66.7,62.5,62.5,4.2,4.2,0.25,1.0,25.0,0.0,0.0,0.0,25.0,0.0,0.0,0.2,0.2,109.14,109.14,90.95,15.0,-0.269,2020-21,Playoffs
0042000153,1610612756,Phoenix,Suns,PHX,suns,1630234,Ty-Shon,Alexander,T. Alexander,ty-shon-alexander,,DNP - Coach's Decision,,,0.0,0.0,0.0,0.0,0.0,0.0,0.0,0.0,0.0,0.0,0.0,0.0,0.0,0.0,0.0,0.0,0.0,0.0,0.0,0.0,0.0,0.0,2020-21,Playoffs
0042000153,1610612756,Phoenix,Suns,PHX,suns,1628975,Jevon,Carter,J. Carter,jevon-carter,,DNP - Coach's Decision,,,0.0,0.0,0.0,0.0,0.0,0.0,0.0,0.0,0.0,0.0,0.0,0.0,0.0,0.0,0.0,0.0,0.0,0.0,0.0,0.0,0.0,0.0,2020-21,Playoffs
0042000153,1610612756,Phoenix,Suns,PHX,suns,204038,Langston,Galloway,L. Galloway,langston-galloway,,DNP - Coach's Decision,,,0.0,0.0,0.0,0.0,0.0,0.0,0.0,0.0,0.0,0.0,0.0,0.0,0.0,0.0,0.0,0.0,0.0,0.0,0.0,0.0,0.0,0.0,2020-21,Playoffs
0042000153,1610612756,Phoenix,Suns,PHX,suns,202734,E'Twaun,Moore,E. Moore,etwaun-moore,,DNP - Coach's Decision,,,0.0,0.0,0.0,0.0,0.0,0.0,0.0,0.0,0.0,0.0,0.0,0.0,0.0,0.0,0.0,0.0,0.0,0.0,0.0,0.0,0.0,0.0,2020-21,Playoffs
0042000153,1610612756,Phoenix,Suns,PHX,suns,203967,Dario,Saric,D. Saric,dario-saric,,DNP - Coach's Decision,,,0.0,0.0,0.0,0.0,0.0,0.0,0.0,0.0,0.0,0.0,0.0,0.0,0.0,0.0,0.0,0.0,0.0,0.0,0.0,0.0,0.0,0.0,2020-21,Playoffs
0042000153,1610612756,Phoenix,Suns,PHX,suns,1630188,Jalen,Smith,J. Smith,jalen-smith,,DNP - Coach's Decision,,,0.0,0.0,0.0,0.0,0.0,0.0,0.0,0.0,0.0,0.0,0.0,0.0,0.0,0.0,0.0,0.0,0.0,0.0,0.0,0.0,0.0,0.0,2020-21,Playoffs
0042000153,1610612747,Los Angeles,Lakers,LAL,lakers,2544,LeBron,James,L. James,lebron-james,F,,,37:45,106.2,106.2,89.9,89.9,16.3,16.3,0.45,1.29,25.0,0.024,0.125,0.074,19.4,0.5,0.517,0.273,0.273,101.71,101.71,84.76,81.0,0.165,2020-21,Playoffs
0042000153,1610612747,Los Angeles,Lakers,LAL,lakers,203076,Anthony,Davis,A. Davis,anthony-davis,F,,,40:20,115.5,115.5,102.4,102.4,13.1,13.1,0.0,0.0,0.0,0.162,0.128,0.145,15.2,0.5,0.604,0.34,0.34,99.98,99.98,83.32,84.0,0.138,2020-21,Playoffs
0042000153,1610612747,Los Angeles,Lakers,LAL,lakers,203083,Andre,Drummond,A. Drummond,andre-drummond,C,,,20:07,106.8,106.8,83.3,83.3,23.5,23.5,0.0,0.0,0.0,0.167,0.308,0.25,25.0,0.5,0.5,0.16,0.16,102.6,102.6,85.5,44.0,0.152,2020-21,Playoffs
0042000153,1610612747,Los Angeles,Lakers,LAL,lakers,203484,Kentavious,Caldwell-Pope,K. Caldwell-Pope,kentavious-caldwell-pope,G,,,25:56,111.3,111.3,96.1,96.1,15.2,15.2,0.0,0.0,0.0,0.043,0.103,0.077,0.0,0.5,0.563,0.067,0.067,96.22,96.22,80.19,53.0,0.061,2020-21,Playoffs
0042000153,1610612747,Los Angeles,Lakers,LAL,lakers,203471,Dennis,Schröder,D. Schröder,dennis-schröder,G,,,33:03,111.6,111.6,106.0,106.0,5.6,5.6,0.2,1.33,20.0,0.037,0.061,0.05,15.0,0.591,0.689,0.205,0.205,98.76,98.76,82.3,69.0,0.159,2020-21,Playoffs
0042000153,1610612747,Los Angeles,Lakers,LAL,lakers,1628398,Kyle,Kuzma,K. Kuzma,kyle-kuzma,,,,23:44,106.0,106.0,78.0,78.0,28.0,28.0,0.188,0.0,18.8,0.091,0.28,0.172,0.0,0.25,0.311,0.194,0.194,101.1,101.1,84.25,50.0,0.117,2020-21,Playoffs
0042000153,1610612747,Los Angeles,Lakers,LAL,lakers,201188,Marc,Gasol,M. Gasol,marc-gasol,,,,16:36,88.2,88.2,120.6,120.6,-32.4,-32.4,0.222,1.0,40.0,0.0,0.3,0.097,40.0,1.5,1.5,0.071,0.071,98.31,98.31,81.93,34.0,0.08,2020-21,Playoffs
0042000153,1610612747,Los Angeles,Lakers,LAL,lakers,1627936,Alex,Caruso,A. Caruso,alex-caruso,,,,20:26,97.8,97.8,86.7,86.7,11.1,11.1,0.077,1.0,14.3,0.0,0.111,0.043,14.3,0.4,0.4,0.102,0.102,105.71,105.71,88.09,45.0,0.063,2020-21,Playoffs
0042000153,1610612747,Los Angeles,Lakers,LAL,lakers,202083,Wesley,Matthews,W. Matthews,wesley-matthews,,,,18:28,107.3,107.3,90.0,90.0,17.3,17.3,0.0,0.0,0.0,0.0,0.0,0.0,0.0,0.6,0.68,0.113,0.113,105.27,105.27,87.73,41.0,0.053,2020-21,Playoffs
0042000153,1610612747,Los Angeles,Lakers,LAL,lakers,203463,Ben,McLemore,B. McLemore,ben-mclemore,,,,3:34,100.0,100.0,114.3,114.3,-14.3,-14.3,0.0,0.0,0.0,0.0,0.333,0.143,0.0,0.0,0.0,0.111,0.111,100.75,100.75,83.96,8.0,-0.069,2020-21,Playoffs
0042000153,1610612747,Los Angeles,Lakers,LAL,lakers,201162,Jared,Dudley,J. Dudley,jared-dudley,,DNP - Coach's Decision,,,0.0,0.0,0.0,0.0,0.0,0.0,0.0,0.0,0.0,0.0,0.0,0.0,0.0,0.0,0.0,0.0,0.0,0.0,0.0,0.0,0.0,0.0,2020-21,Playoffs
0042000153,1610612747,Los Angeles,Lakers,LAL,lakers,1626149,Montrezl,Harrell,M. Harrell,montrezl-harrell,,DNP - Coach's Decision,,,0.0,0.0,0.0,0.0,0.0,0.0,0.0,0.0,0.0,0.0,0.0,0.0,0.0,0.0,0.0,0.0,0.0,0.0,0.0,0.0,0.0,0.0,2020-21,Playoffs
0042000153,1610612747,Los Angeles,Lakers,LAL,lakers,1629659,Talen,Horton-Tucker,T. Horton-Tucker,talen-horton-tucker,,DNP - Coach's Decision,,,0.0,0.0,0.0,0.0,0.0,0.0,0.0,0.0,0.0,0.0,0.0,0.0,0.0,0.0,0.0,0.0,0.0,0.0,0.0,0.0,0.0,0.0,2020-21,Playoffs
0042000153,1610612747,Los Angeles,Lakers,LAL,lakers,1628035,Alfonzo,McKinnie,A. McKinnie,alfonzo-mckinnie,,DNP - Coach's Decision,,,0.0,0.0,0.0,0.0,0.0,0.0,0.0,0.0,0.0,0.0,0.0,0.0,0.0,0.0,0.0,0.0,0.0,0.0,0.0,0.0,0.0,0.0,2020-21,Playoffs
0042000153,1610612747,Los Angeles,Lakers,LAL,lakers,202693,Markieff,Morris,M. Morris,markieff-morris,,DNP - Coach's Decision,,,0.0,0.0,0.0,0.0,0.0,0.0,0.0,0.0,0.0,0.0,0.0,0.0,0.0,0.0,0.0,0.0,0.0,0.0,0.0,0.0,0.0,0.0,2020-21,Playoffs
0042000154,1610612756,Phoenix,Suns,PHX,suns,1628969,Mikal,Bridges,M. Bridges,mikal-bridges,F,,,33:48,97.0,97.0,92.8,92.8,4.3,4.3,0.095,2.0,13.3,0.023,0.086,0.051,6.7,0.458,0.458,0.173,0.173,96.57,96.57,80.47,67.0,0.064,2020-21,Playoffs
0042000154,1610612756,Phoenix,Suns,PHX,suns,203109,Jae,Crowder,J. Crowder,jae-crowder,F,,,34:37,109.7,109.7,81.7,81.7,28.0,28.0,0.174,0.0,23.5,0.0,0.175,0.091,0.0,0.625,0.638,0.165,0.165,99.14,99.14,82.62,72.0,0.169,2020-21,Playoffs
0042000154,1610612756,Phoenix,Suns,PHX,suns,1629028,Deandre,Ayton,D. Ayton,deandre-ayton,C,,,38:29,105.1,105.1,89.7,89.7,15.4,15.4,0.0,0.0,0.0,0.045,0.333,0.191,0.0,0.75,0.686,0.118,0.118,97.29,97.29,81.07,78.0,0.168,2020-21,Playoffs
0042000154,1610612756,Phoenix,Suns,PHX,suns,1626164,Devin,Booker,D. Booker,devin-booker,G,,,39:18,103.8,103.8,88.8,88.8,15.0,15.0,0.2,1.0,18.5,0.047,0.106,0.078,18.5,0.393,0.498,0.253,0.253,97.71,97.71,81.42,80.0,0.08,2020-21,Playoffs
0042000154,1610612756,Phoenix,Suns,PHX,suns,101108,Chris,Paul,C. Paul,chris-paul,G,,,31:41,103.0,103.0,88.1,88.1,15.0,15.0,0.429,0.0,34.6,0.029,0.065,0.045,0.0,0.467,0.537,0.233,0.233,100.75,100.75,83.96,66.0,0.197,2020-21,Playoffs
0042000154,1610612756,Phoenix,Suns,PHX,suns,1626166,Cameron,Payne,C. Payne,cameron-payne,,,,25:01,96.1,96.1,105.9,105.9,-9.8,-9.8,0.364,4.0,22.2,0.071,0.077,0.074,5.6,0.458,0.505,0.255,0.255,97.85,97.85,81.55,51.0,0.13,2020-21,Playoffs
0042000154,1610612756,Phoenix,Suns,PHX,suns,1629661,Cameron,Johnson,C. Johnson,cameron-johnson,,,,20:00,104.8,104.8,97.6,97.6,7.2,7.2,0.0,0.0,0.0,0.0,0.1,0.054,14.3,0.417,0.417,0.159,0.159,99.6,99.6,83.0,42.0,0.027,2020-21,Playoffs
0042000154,1610612756,Phoenix,Suns,PHX,suns,1628470,Torrey,Craig,T. Craig,torrey-craig,,,,10:35,83.3,83.3,108.0,108.0,-24.7,-24.7,0.0,0.0,0.0,0.083,0.308,0.2,20.0,0.625,0.625,0.192,0.192,111.12,111.12,92.6,24.0,0.111,2020-21,Playoffs
0042000154,1610612756,Phoenix,Suns,PHX,suns,1626163,Frank,Kaminsky,F. Kaminsky,frank-kaminsky,,,,6:31,83.3,83.3,141.7,141.7,-58.3,-58.3,0.0,0.0,0.0,0.0,0.0,0.0,33.3,0.0,0.0,0.231,0.231,88.39,88.39,73.66,12.0,-0.263,2020-21,Playoffs
0042000154,1610612756,Phoenix,Suns,PHX,suns,1630234,Ty-Shon,Alexander,T. Alexander,ty-shon-alexander,,DNP - Coach's Decision,,,0.0,0.0,0.0,0.0,0.0,0.0,0.0,0.0,0.0,0.0,0.0,0.0,0.0,0.0,0.0,0.0,0.0,0.0,0.0,0.0,0.0,0.0,2020-21,Playoffs
0042000154,1610612756,Phoenix,Suns,PHX,suns,1628975,Jevon,Carter,J. Carter,jevon-carter,,DNP - Coach's Decision,,,0.0,0.0,0.0,0.0,0.0,0.0,0.0,0.0,0.0,0.0,0.0,0.0,0.0,0.0,0.0,0.0,0.0,0.0,0.0,0.0,0.0,0.0,2020-21,Playoffs
0042000154,1610612756,Phoenix,Suns,PHX,suns,204038,Langston,Galloway,L. Galloway,langston-galloway,,DNP - Coach's Decision,,,0.0,0.0,0.0,0.0,0.0,0.0,0.0,0.0,0.0,0.0,0.0,0.0,0.0,0.0,0.0,0.0,0.0,0.0,0.0,0.0,0.0,0.0,2020-21,Playoffs
0042000154,1610612756,Phoenix,Suns,PHX,suns,202734,E'Twaun,Moore,E. Moore,etwaun-moore,,DNP - Coach's Decision,,,0.0,0.0,0.0,0.0,0.0,0.0,0.0,0.0,0.0,0.0,0.0,0.0,0.0,0.0,0.0,0.0,0.0,0.0,0.0,0.0,0.0,0.0,2020-21,Playoffs
0042000154,1610612756,Phoenix,Suns,PHX,suns,203967,Dario,Saric,D. Saric,dario-saric,,DNP - Coach's Decision,,,0.0,0.0,0.0,0.0,0.0,0.0,0.0,0.0,0.0,0.0,0.0,0.0,0.0,0.0,0.0,0.0,0.0,0.0,0.0,0.0,0.0,0.0,2020-21,Playoffs
0042000154,1610612756,Phoenix,Suns,PHX,suns,1630188,Jalen,Smith,J. Smith,jalen-smith,,DNP - Coach's Decision,,,0.0,0.0,0.0,0.0,0.0,0.0,0.0,0.0,0.0,0.0,0.0,0.0,0.0,0.0,0.0,0.0,0.0,0.0,0.0,0.0,0.0,0.0,2020-21,Playoffs
0042000154,1610612747,Los Angeles,Lakers,LAL,lakers,2544,LeBron,James,L. James,lebron-james,F,,,37:49,105.3,105.3,97.3,97.3,8.0,8.0,0.353,1.0,16.7,0.057,0.233,0.154,16.7,0.5,0.519,0.361,0.361,95.18,95.18,79.32,75.0,0.167,2020-21,Playoffs
0042000154,1610612747,Los Angeles,Lakers,LAL,lakers,203076,Anthony,Davis,A. Davis,anthony-davis,F,,,19:24,82.9,82.9,105.0,105.0,-22.1,-22.1,0.273,0.0,23.1,0.0,0.2,0.087,0.0,0.222,0.304,0.213,0.213,100.21,100.21,83.51,41.0,0.098,2020-21,Playoffs
0042000154,1610612747,Los Angeles,Lakers,LAL,lakers,203083,Andre,Drummond,A. Drummond,andre-drummond,C,,,19:23,87.8,87.8,107.1,107.1,-19.3,-19.3,0.0,0.0,0.0,0.0,0.5,0.263,20.0,0.667,0.644,0.116,0.116,102.77,102.77,85.64,41.0,0.133,2020-21,Playoffs
0042000154,1610612747,Los Angeles,Lakers,LAL,lakers,202083,Wesley,Matthews,W. Matthews,wesley-matthews,G,,,25:16,86.5,86.5,111.1,111.1,-24.6,-24.6,0.077,0.0,16.7,0.038,0.037,0.038,0.0,0.6,0.6,0.089,0.089,100.67,100.67,83.89,52.0,0.024,2020-21,Playoffs
0042000154,1610612747,Los Angeles,Lakers,LAL,lakers,203471,Dennis,Schröder,D. Schröder,dennis-schröder,G,,,32:06,83.6,83.6,95.5,95.5,-11.9,-11.9,0.188,3.0,17.6,0.0,0.108,0.052,5.9,0.308,0.308,0.187,0.187,100.21,100.21,83.51,67.0,0.018,2020-21,Playoffs
0042000154,1610612747,Los Angeles,Lakers,LAL,lakers,1628398,Kyle,Kuzma,K. Kuzma,kyle-kuzma,,,,25:22,92.5,92.5,110.7,110.7,-18.3,-18.3,0.133,1.0,12.5,0.038,0.097,0.07,12.5,0.409,0.463,0.246,0.246,103.15,103.15,85.96,53.0,0.044,2020-21,Playoffs
0042000154,1610612747,Los Angeles,Lakers,LAL,lakers,1627936,Alex,Caruso,A. Caruso,alex-caruso,,,,29:05,108.5,108.5,94.9,94.9,13.6,13.6,0.053,0.25,7.1,0.0,0.091,0.048,28.6,0.5,0.563,0.194,0.194,97.4,97.4,81.17,59.0,0.023,2020-21,Playoffs
0042000154,1610612747,Los Angeles,Lakers,LAL,lakers,201188,Marc,Gasol,M. Gasol,marc-gasol,,,,23:18,100.0,100.0,97.9,97.9,2.1,2.1,0.25,3.0,27.3,0.138,0.154,0.145,9.1,0.917,0.872,0.145,0.145,96.84,96.84,80.7,47.0,0.206,2020-21,Playoffs
0042000154,1610612747,Los Angeles,Lakers,LAL,lakers,203463,Ben,McLemore,B. McLemore,ben-mclemore,,,,15:35,96.8,96.8,103.2,103.2,-6.5,-6.5,0.0,0.0,0.0,0.0,0.0,0.0,0.0,1.0,1.0,0.088,0.088,95.49,95.49,79.57,31.0,0.059,2020-21,Playoffs
0042000154,1610612747,Los Angeles,Lakers,LAL,lakers,202693,Markieff,Morris,M. Morris,markieff-morris,,,,8:02,64.7,64.7,76.5,76.5,-11.8,-11.8,0.0,0.0,0.0,0.091,0.0,0.053,0.0,0.0,0.399,0.2,0.2,101.58,101.58,84.65,17.0,0.05,2020-21,Playoffs
0042000154,1610612747,Los Angeles,Lakers,LAL,lakers,1626149,Montrezl,Harrell,M. Harrell,montrezl-harrell,,,,4:41,100.0,100.0,87.5,87.5,12.5,12.5,0.0,0.0,0.0,0.0,0.333,0.2,0.0,0.0,0.0,0.0,0.0,87.12,87.12,72.6,9.0,0.174,2020-21,Playoffs
0042000154,1610612747,Los Angeles,Lakers,LAL,lakers,1629719,Devontae,Cacok,D. Cacok,devontae-cacok,,DNP - Coach's Decision,,,0.0,0.0,0.0,0.0,0.0,0.0,0.0,0.0,0.0,0.0,0.0,0.0,0.0,0.0,0.0,0.0,0.0,0.0,0.0,0.0,0.0,0.0,2020-21,Playoffs
0042000154,1610612747,Los Angeles,Lakers,LAL,lakers,201162,Jared,Dudley,J. Dudley,jared-dudley,,DNP - Coach's Decision,,,0.0,0.0,0.0,0.0,0.0,0.0,0.0,0.0,0.0,0.0,0.0,0.0,0.0,0.0,0.0,0.0,0.0,0.0,0.0,0.0,0.0,0.0,2020-21,Playoffs
0042000154,1610612747,Los Angeles,Lakers,LAL,lakers,1629659,Talen,Horton-Tucker,T. Horton-Tucker,talen-horton-tucker,,DNP - Coach's Decision,,,0.0,0.0,0.0,0.0,0.0,0.0,0.0,0.0,0.0,0.0,0.0,0.0,0.0,0.0,0.0,0.0,0.0,0.0,0.0,0.0,0.0,0.0,2020-21,Playoffs
0042000154,1610612747,Los Angeles,Lakers,LAL,lakers,1628035,Alfonzo,McKinnie,A. McKinnie,alfonzo-mckinnie,,DNP - Coach's Decision,,,0.0,0.0,0.0,0.0,0.0,0.0,0.0,0.0,0.0,0.0,0.0,0.0,0.0,0.0,0.0,0.0,0.0,0.0,0.0,0.0,0.0,0.0,2020-21,Playoffs
0042000155,1610612747,Los Angeles,Lakers,LAL,lakers,2544,LeBron,James,L. James,lebron-james,F,,,31:39,90.5,90.5,128.6,128.6,-38.1,-38.1,0.7,2.33,24.1,0.029,0.121,0.074,10.3,0.632,0.632,0.31,0.31,95.57,95.57,79.64,63.0,0.195,2020-21,Playoffs
0042000155,1610612747,Los Angeles,Lakers,LAL,lakers,202693,Markieff,Morris,M. Morris,markieff-morris,F,,,10:18,78.9,78.9,147.4,147.4,-68.4,-68.4,0.25,1.0,20.0,0.083,0.0,0.048,20.0,0.75,0.694,0.174,0.174,88.54,88.54,73.79,19.0,0.059,2020-21,Playoffs
0042000155,1610612747,Los Angeles,Lakers,LAL,lakers,203083,Andre,Drummond,A. Drummond,andre-drummond,C,,,21:51,93.9,93.9,114.9,114.9,-21.0,-21.0,0.0,0.0,0.0,0.154,0.375,0.26,40.0,0.4,0.554,0.185,0.185,105.45,105.45,87.87,49.0,0.087,2020-21,Playoffs
0042000155,1610612747,Los Angeles,Lakers,LAL,lakers,203484,Kentavious,Caldwell-Pope,K. Caldwell-Pope,kentavious-caldwell-pope,G,,,15:07,66.7,66.7,134.5,134.5,-67.8,-67.8,0.286,2.0,50.0,0.0,0.067,0.03,25.0,0.0,0.0,0.063,0.063,93.67,93.67,78.06,30.0,0.02,2020-21,Playoffs
0042000155,1610612747,Los Angeles,Lakers,LAL,lakers,203471,Dennis,Schröder,D. Schröder,dennis-schröder,G,,,25:52,80.0,80.0,110.9,110.9,-30.9,-30.9,0.067,0.0,10.0,0.0,0.133,0.066,0.0,0.0,0.0,0.148,0.148,102.04,102.04,85.04,55.0,-0.07,2020-21,Playoffs
0042000155,1610612747,Los Angeles,Lakers,LAL,lakers,201188,Marc,Gasol,M. Gasol,marc-gasol,,,,10:05,60.0,60.0,130.0,130.0,-70.0,-70.0,0.5,1.0,25.0,0.0,0.3,0.15,25.0,1.5,1.33,0.143,0.143,95.21,95.21,79.34,20.0,0.125,2020-21,Playoffs
0042000155,1610612747,Los Angeles,Lakers,LAL,lakers,1627936,Alex,Caruso,A. Caruso,alex-caruso,,,,20:30,81.0,81.0,125.6,125.6,-44.6,-44.6,0.0,0.0,0.0,0.043,0.0,0.024,20.0,0.313,0.313,0.217,0.217,99.51,99.51,82.93,42.0,-0.064,2020-21,Playoffs
0042000155,1610612747,Los Angeles,Lakers,LAL,lakers,1628398,Kyle,Kuzma,K. Kuzma,kyle-kuzma,,,,22:35,94.1,94.1,108.0,108.0,-13.9,-13.9,0.0,0.0,0.0,0.0,0.038,0.019,6.3,0.5,0.493,0.291,0.291,107.34,107.34,89.45,51.0,0.035,2020-21,Playoffs
0042000155,1610612747,Los Angeles,Lakers,LAL,lakers,202083,Wesley,Matthews,W. Matthews,wesley-matthews,,,,22:06,97.9,97.9,116.7,116.7,-18.8,-18.8,0.0,0.0,0.0,0.0,0.045,0.021,0.0,0.3,0.425,0.111,0.111,103.17,103.17,85.97,47.0,0.0,2020-21,Playoffs
0042000155,1610612747,Los Angeles,Lakers,LAL,lakers,1629659,Talen,Horton-Tucker,T. Horton-Tucker,talen-horton-tucker,,,,16:21,77.1,77.1,100.0,100.0,-22.9,-22.9,0.2,0.5,7.7,0.045,0.476,0.256,15.4,0.5,0.533,0.3,0.3,102.74,102.74,85.62,35.0,0.278,2020-21,Playoffs
0042000155,1610612747,Los Angeles,Lakers,LAL,lakers,203463,Ben,McLemore,B. McLemore,ben-mclemore,,,,16:04,79.4,79.4,102.9,102.9,-23.5,-23.5,0.111,1.0,14.3,0.045,0.25,0.143,14.3,0.0,0.0,0.154,0.154,101.58,101.58,84.65,34.0,-0.011,2020-21,Playoffs
0042000155,1610612747,Los Angeles,Lakers,LAL,lakers,1626149,Montrezl,Harrell,M. Harrell,montrezl-harrell,,,,12:00,81.5,81.5,85.2,85.2,-3.7,-3.7,0.0,0.0,0.0,0.059,0.111,0.086,0.0,0.6,0.666,0.207,0.207,108.0,108.0,90.0,27.0,0.246,2020-21,Playoffs
0042000155,1610612747,Los Angeles,Lakers,LAL,lakers,1628035,Alfonzo,McKinnie,A. McKinnie,alfonzo-mckinnie,,,,11:08,87.5,87.5,84.0,84.0,3.5,3.5,0.0,0.0,0.0,0.0,0.059,0.03,0.0,0.0,0.0,0.077,0.077,105.63,105.63,88.02,24.0,-0.056,2020-21,Playoffs
0042000155,1610612747,Los Angeles,Lakers,LAL,lakers,201162,Jared,Dudley,J. Dudley,jared-dudley,,,,4:24,75.0,75.0,88.9,88.9,-13.9,-13.9,0.0,0.0,0.0,0.0,0.0,0.0,0.0,0.0,0.0,0.0,0.0,92.73,92.73,77.27,8.0,0.0,2020-21,Playoffs
0042000155,1610612747,Los Angeles,Lakers,LAL,lakers,203076,Anthony,Davis,A. Davis,anthony-davis,,DND - Injury/Illness,,,0.0,0.0,0.0,0.0,0.0,0.0,0.0,0.0,0.0,0.0,0.0,0.0,0.0,0.0,0.0,0.0,0.0,0.0,0.0,0.0,0.0,0.0,2020-21,Playoffs
0042000155,1610612756,Phoenix,Suns,PHX,suns,1628969,Mikal,Bridges,M. Bridges,mikal-bridges,F,,,30:01,122.0,122.0,80.3,80.3,41.7,41.7,0.13,0.0,23.1,0.033,0.135,0.09,0.0,0.65,0.65,0.154,0.154,95.95,95.95,79.96,59.0,0.197,2020-21,Playoffs
0042000155,1610612756,Phoenix,Suns,PHX,suns,203109,Jae,Crowder,J. Crowder,jae-crowder,F,,,28:50,128.1,128.1,89.3,89.3,38.8,38.8,0.077,0.0,18.2,0.0,0.0,0.0,0.0,0.5,0.5,0.148,0.148,94.06,94.06,78.38,57.0,0.03,2020-21,Playoffs
0042000155,1610612756,Phoenix,Suns,PHX,suns,1629028,Deandre,Ayton,D. Ayton,deandre-ayton,C,,,27:16,122.2,122.2,75.9,75.9,46.3,46.3,0.083,0.0,25.0,0.071,0.147,0.113,0.0,0.667,0.709,0.098,0.098,95.06,95.06,79.22,54.0,0.134,2020-21,Playoffs
0042000155,1610612756,Phoenix,Suns,PHX,suns,1626164,Devin,Booker,D. Booker,devin-booker,G,,,33:09,125.4,125.4,92.5,92.5,32.8,32.8,0.263,5.0,17.2,0.0,0.184,0.099,3.4,0.609,0.628,0.329,0.329,97.01,97.01,80.84,67.0,0.241,2020-21,Playoffs
0042000155,1610612756,Phoenix,Suns,PHX,suns,101108,Chris,Paul,C. Paul,chris-paul,G,,,22:56,137.8,137.8,62.2,62.2,75.6,75.6,0.286,3.0,33.3,0.0,0.143,0.08,11.1,0.389,0.455,0.231,0.231,94.19,94.19,78.49,45.0,0.179,2020-21,Playoffs
0042000155,1610612756,Phoenix,Suns,PHX,suns,1626166,Cameron,Payne,C. Payne,cameron-payne,,,,18:36,102.4,102.4,95.2,95.2,7.2,7.2,0.125,0.0,8.3,0.0,0.2,0.095,0.0,0.727,0.727,0.262,0.262,107.1,107.1,89.25,41.0,0.219,2020-21,Playoffs
0042000155,1610612756,Phoenix,Suns,PHX,suns,1626163,Frank,Kaminsky,F. Kaminsky,frank-kaminsky,,,,10:28,103.8,103.8,100.0,100.0,3.8,3.8,0.571,0.0,57.1,0.0,0.231,0.111,0.0,0.333,0.436,0.115,0.115,119.24,119.24,99.36,26.0,0.133,2020-21,Playoffs
0042000155,1610612756,Phoenix,Suns,PHX,suns,1629661,Cameron,Johnson,C. Johnson,cameron-johnson,,,,13:15,115.6,115.6,83.9,83.9,31.8,31.8,0.0,0.0,0.0,0.0,0.214,0.1,12.5,0.625,0.777,0.242,0.242,114.11,114.11,95.09,32.0,0.206,2020-21,Playoffs
0042000155,1610612756,Phoenix,Suns,PHX,suns,1628470,Torrey,Craig,T. Craig,torrey-craig,,,,18:11,107.3,107.3,85.4,85.4,22.0,22.0,0.143,0.0,22.2,0.0,0.292,0.152,0.0,0.143,0.143,0.159,0.159,108.23,108.23,90.19,41.0,0.033,2020-21,Playoffs
0042000155,1610612756,Phoenix,Suns,PHX,suns,202734,E'Twaun,Moore,E. Moore,etwaun-moore,,,,9:19,95.0,95.0,94.7,94.7,0.3,0.3,0.0,0.0,0.0,0.0,0.077,0.038,0.0,0.667,0.667,0.143,0.143,100.47,100.47,83.72,20.0,0.063,2020-21,Playoffs
0042000155,1610612756,Phoenix,Suns,PHX,suns,204038,Langston,Galloway,L. Galloway,langston-galloway,,,,8:39,89.5,89.5,84.2,84.2,5.3,5.3,0.2,0.0,16.7,0.0,0.077,0.038,0.0,0.2,0.184,0.25,0.25,105.43,105.43,87.86,19.0,-0.035,2020-21,Playoffs
0042000155,1610612756,Phoenix,Suns,PHX,suns,1628975,Jevon,Carter,J. Carter,jevon-carter,,,,8:05,70.6,70.6,94.1,94.1,-23.5,-23.5,0.2,0.0,20.0,0.0,0.091,0.042,0.0,0.0,0.0,0.222,0.222,100.95,100.95,84.12,17.0,-0.122,2020-21,Playoffs
0042000155,1610612756,Phoenix,Suns,PHX,suns,203967,Dario,Saric,D. Saric,dario-saric,,,,6:51,85.7,85.7,92.3,92.3,-6.6,-6.6,0.667,0.0,40.0,0.0,0.143,0.059,0.0,0.833,0.833,0.2,0.2,94.6,94.6,78.83,14.0,0.273,2020-21,Playoffs
0042000155,1610612756,Phoenix,Suns,PHX,suns,1630188,Jalen,Smith,J. Smith,jalen-smith,,,,4:24,88.9,88.9,75.0,75.0,13.9,13.9,0.0,0.0,0.0,0.0,0.5,0.182,0.0,1.5,1.5,0.1,0.1,92.73,92.73,77.27,9.0,0.417,2020-21,Playoffs
0042000155,1610612756,Phoenix,Suns,PHX,suns,1630234,Ty-Shon,Alexander,T. Alexander,ty-shon-alexander,,DNP - Coach's Decision,,,0.0,0.0,0.0,0.0,0.0,0.0,0.0,0.0,0.0,0.0,0.0,0.0,0.0,0.0,0.0,0.0,0.0,0.0,0.0,0.0,0.0,0.0,2020-21,Playoffs
0042000156,1610612756,Phoenix,Suns,PHX,suns,1628969,Mikal,Bridges,M. Bridges,mikal-bridges,F,,,35:07,119.7,119.7,125.8,125.8,-6.1,-6.1,0.042,0.0,9.1,0.074,0.118,0.098,0.0,0.45,0.479,0.139,0.139,90.21,90.21,75.18,66.0,0.066,2020-21,Playoffs
0042000156,1610612756,Phoenix,Suns,PHX,suns,203109,Jae,Crowder,J. Crowder,jae-crowder,F,,,36:31,123.2,123.2,123.2,123.2,0.0,0.0,0.0,0.0,0.0,0.033,0.184,0.118,10.0,1.0,1.0,0.133,0.133,90.68,90.68,75.57,69.0,0.13,2020-21,Playoffs
0042000156,1610612756,Phoenix,Suns,PHX,suns,1629028,Deandre,Ayton,D. Ayton,deandre-ayton,C,,,31:52,124.1,124.1,128.6,128.6,-4.4,-4.4,0.043,0.0,16.7,0.0,0.097,0.059,0.0,0.75,0.82,0.083,0.083,85.86,85.86,71.55,58.0,0.069,2020-21,Playoffs
0042000156,1610612756,Phoenix,Suns,PHX,suns,1626164,Devin,Booker,D. Booker,devin-booker,G,,,45:58,125.6,125.6,111.4,111.4,14.2,14.2,0.15,1.0,9.4,0.0,0.22,0.131,9.4,0.864,0.905,0.312,0.312,90.84,90.84,75.7,86.0,0.271,2020-21,Playoffs
0042000156,1610612756,Phoenix,Suns,PHX,suns,101108,Chris,Paul,C. Paul,chris-paul,G,,,28:49,130.8,130.8,120.4,120.4,10.4,10.4,0.545,12.0,48.0,0.0,0.074,0.042,4.0,0.333,0.333,0.232,0.232,88.26,88.26,73.55,52.0,0.064,2020-21,Playoffs
0042000156,1610612756,Phoenix,Suns,PHX,suns,1626166,Cameron,Payne,C. Payne,cameron-payne,,,,23:15,122.2,122.2,81.3,81.3,41.0,41.0,0.071,0.5,7.7,0.056,0.0,0.02,15.4,0.188,0.359,0.24,0.24,96.03,96.03,80.02,45.0,0.0,2020-21,Playoffs
0042000156,1610612756,Phoenix,Suns,PHX,suns,1629661,Cameron,Johnson,C. Johnson,cameron-johnson,,,,20:14,127.5,127.5,84.6,84.6,42.9,42.9,0.143,2.0,28.6,0.133,0.074,0.095,14.3,1.0,1.05,0.111,0.111,93.71,93.71,78.09,40.0,0.2,2020-21,Playoffs
0042000156,1610612756,Phoenix,Suns,PHX,suns,1626163,Frank,Kaminsky,F. Kaminsky,frank-kaminsky,,,,6:49,150.0,150.0,46.7,46.7,103.3,103.3,0.667,4.0,57.1,0.0,0.333,0.214,14.3,0.5,0.5,0.188,0.188,102.1,102.1,85.09,14.0,0.326,2020-21,Playoffs
0042000156,1610612756,Phoenix,Suns,PHX,suns,1628470,Torrey,Craig,T. Craig,torrey-craig,,,,10:54,108.3,108.3,75.0,75.0,33.3,33.3,0.0,0.0,0.0,0.2,0.118,0.148,50.0,0.333,0.387,0.222,0.222,105.75,105.75,88.13,24.0,-0.044,2020-21,Playoffs
0042000156,1610612756,Phoenix,Suns,PHX,suns,1628975,Jevon,Carter,J. Carter,jevon-carter,,,,0:31,0.0,0.0,0.0,0.0,0.0,0.0,0.0,0.0,0.0,0.0,0.0,0.0,0.0,0.0,0.0,0.0,0.0,94.12,94.12,78.43,1.0,0.0,2020-21,Playoffs
0042000156,1610612756,Phoenix,Suns,PHX,suns,204038,Langston,Galloway,L. Galloway,langston-galloway,,DNP - Coach's Decision,,,0.0,0.0,0.0,0.0,0.0,0.0,0.0,0.0,0.0,0.0,0.0,0.0,0.0,0.0,0.0,0.0,0.0,0.0,0.0,0.0,0.0,0.0,2020-21,Playoffs
0042000156,1610612756,Phoenix,Suns,PHX,suns,202734,E'Twaun,Moore,E. Moore,etwaun-moore,,DNP - Coach's Decision,,,0.0,0.0,0.0,0.0,0.0,0.0,0.0,0.0,0.0,0.0,0.0,0.0,0.0,0.0,0.0,0.0,0.0,0.0,0.0,0.0,0.0,0.0,2020-21,Playoffs
0042000156,1610612756,Phoenix,Suns,PHX,suns,203967,Dario,Saric,D. Saric,dario-saric,,DNP - Coach's Decision,,,0.0,0.0,0.0,0.0,0.0,0.0,0.0,0.0,0.0,0.0,0.0,0.0,0.0,0.0,0.0,0.0,0.0,0.0,0.0,0.0,0.0,0.0,2020-21,Playoffs
0042000156,1610612756,Phoenix,Suns,PHX,suns,1630188,Jalen,Smith,J. Smith,jalen-smith,,DNP - Coach's Decision,,,0.0,0.0,0.0,0.0,0.0,0.0,0.0,0.0,0.0,0.0,0.0,0.0,0.0,0.0,0.0,0.0,0.0,0.0,0.0,0.0,0.0,0.0,2020-21,Playoffs
0042000156,1610612747,Los Angeles,Lakers,LAL,lakers,2544,LeBron,James,L. James,lebron-james,F,,,41:24,115.6,115.6,117.9,117.9,-2.4,-2.4,0.304,2.33,18.4,0.048,0.212,0.12,7.9,0.481,0.506,0.341,0.341,89.86,89.86,74.88,77.0,0.16,2020-21,Playoffs
0042000156,1610612747,Los Angeles,Lakers,LAL,lakers,203076,Anthony,Davis,A. Davis,anthony-davis,F,,,5:25,77.8,77.8,140.0,140.0,-62.2,-62.2,0.333,0.0,100.0,0.0,0.5,0.125,0.0,0.0,0.0,0.0,0.0,84.18,84.18,70.15,9.0,0.083,2020-21,Playoffs
0042000156,1610612747,Los Angeles,Lakers,LAL,lakers,201188,Marc,Gasol,M. Gasol,marc-gasol,C,,,17:33,120.6,120.6,129.4,129.4,-8.8,-8.8,0.438,0.0,87.5,0.0,0.273,0.12,0.0,0.0,0.0,0.027,0.027,92.96,92.96,77.47,34.0,0.063,2020-21,Playoffs
0042000156,1610612747,Los Angeles,Lakers,LAL,lakers,203484,Kentavious,Caldwell-Pope,K. Caldwell-Pope,kentavious-caldwell-pope,G,,,39:02,116.4,116.4,127.1,127.1,-10.7,-10.7,0.0,0.0,0.0,0.026,0.065,0.043,8.3,0.773,0.8,0.141,0.141,87.94,87.94,73.28,73.0,0.078,2020-21,Playoffs
0042000156,1610612747,Los Angeles,Lakers,LAL,lakers,203471,Dennis,Schröder,D. Schröder,dennis-schröder,G,,,37:49,112.5,112.5,125.0,125.0,-12.5,-12.5,0.12,3.0,15.0,0.0,0.107,0.042,5.0,0.5,0.601,0.195,0.195,91.37,91.37,76.14,72.0,0.102,2020-21,Playoffs
0042000156,1610612747,Los Angeles,Lakers,LAL,lakers,1628398,Kyle,Kuzma,K. Kuzma,kyle-kuzma,,,,18:24,100.0,100.0,113.2,113.2,-13.2,-13.2,0.0,0.0,0.0,0.0,0.333,0.111,25.0,0.167,0.167,0.167,0.167,100.46,100.46,83.72,39.0,0.0,2020-21,Playoffs
0042000156,1610612747,Los Angeles,Lakers,LAL,lakers,1626149,Montrezl,Harrell,M. Harrell,montrezl-harrell,,,,7:59,47.1,47.1,150.0,150.0,-102.9,-102.9,0.0,0.0,0.0,0.167,0.0,0.111,0.0,0.25,0.25,0.211,0.211,99.21,99.21,82.67,17.0,-0.036,2020-21,Playoffs
0042000156,1610612747,Los Angeles,Lakers,LAL,lakers,1627936,Alex,Caruso,A. Caruso,alex-caruso,,,,7:44,94.1,94.1,137.5,137.5,-43.4,-43.4,0.167,0.0,25.0,0.0,0.2,0.067,0.0,0.333,0.333,0.15,0.15,102.41,102.41,85.34,17.0,0.024,2020-21,Playoffs
0042000156,1610612747,Los Angeles,Lakers,LAL,lakers,202083,Wesley,Matthews,W. Matthews,wesley-matthews,,,,28:23,110.7,110.7,120.0,120.0,-9.3,-9.3,0.05,0.0,7.1,0.114,0.091,0.105,0.0,0.417,0.466,0.191,0.191,93.85,93.85,78.21,56.0,0.07,2020-21,Playoffs
0042000156,1610612747,Los Angeles,Lakers,LAL,lakers,1629659,Talen,Horton-Tucker,T. Horton-Tucker,talen-horton-tucker,,,,19:05,122.2,122.2,125.0,125.0,-2.8,-2.8,0.0,0.0,0.0,0.056,0.056,0.056,0.0,0.667,0.667,0.225,0.225,90.55,90.55,75.46,36.0,0.117,2020-21,Playoffs
0042000156,1610612747,Los Angeles,Lakers,LAL,lakers,202693,Markieff,Morris,M. Morris,markieff-morris,,,,15:40,96.6,96.6,128.6,128.6,-32.0,-32.0,0.111,0.0,20.0,0.056,0.0,0.033,0.0,0.25,0.25,0.114,0.114,87.32,87.32,72.77,29.0,-0.077,2020-21,Playoffs
0042000156,1610612747,Los Angeles,Lakers,LAL,lakers,201162,Jared,Dudley,J. Dudley,jared-dudley,,,,0:31,0.0,0.0,0.0,0.0,0.0,0.0,0.0,0.0,0.0,0.0,0.0,0.0,0.0,0.0,0.0,0.0,0.0,94.12,94.12,78.43,1.0,0.0,2020-21,Playoffs
0042000156,1610612747,Los Angeles,Lakers,LAL,lakers,1628035,Alfonzo,McKinnie,A. McKinnie,alfonzo-mckinnie,,,,0:31,0.0,0.0,0.0,0.0,0.0,0.0,0.0,0.0,0.0,0.0,0.0,0.0,0.0,0.0,0.0,1.0,1.0,94.12,94.12,78.43,1.0,0.0,2020-21,Playoffs
0042000156,1610612747,Los Angeles,Lakers,LAL,lakers,203463,Ben,McLemore,B. McLemore,ben-mclemore,,,,0:31,0.0,0.0,0.0,0.0,0.0,0.0,0.0,0.0,0.0,0.0,0.0,0.0,0.0,0.0,0.0,0.0,0.0,94.12,94.12,78.43,1.0,0.0,2020-21,Playoffs
0042000156,1610612747,Los Angeles,Lakers,LAL,lakers,203083,Andre,Drummond,A. Drummond,andre-drummond,,DNP - Coach's Decision,,,0.0,0.0,0.0,0.0,0.0,0.0,0.0,0.0,0.0,0.0,0.0,0.0,0.0,0.0,0.0,0.0,0.0,0.0,0.0,0.0,0.0,0.0,2020-21,Playoffs
0042000161,1610612757,Portland,Trail Blazers,POR,blazers,1626181,Norman,Powell,N. Powell,norman-powell,F,,,36:36,117.1,117.1,120.8,120.8,-3.7,-3.7,0.148,4.0,23.5,0.045,0.025,0.036,5.9,0.318,0.406,0.16,0.16,93.11,93.11,77.6,70.0,0.043,2020-21,Playoffs
0042000161,1610612757,Portland,Trail Blazers,POR,blazers,203496,Robert,Covington,R. Covington,robert-covington,F,,,34:10,142.4,142.4,107.4,107.4,35.1,35.1,0.034,1.0,14.3,0.029,0.105,0.068,14.3,0.8,0.8,0.081,0.081,94.13,94.13,78.44,66.0,0.062,2020-21,Playoffs
0042000161,1610612757,Portland,Trail Blazers,POR,blazers,203994,Jusuf,Nurkić,J. Nurkić,jusuf-nurkić,C,,,32:57,128.1,128.1,107.7,107.7,20.4,20.4,0.227,0.0,33.3,0.111,0.222,0.167,0.0,0.7,0.707,0.141,0.141,93.96,93.96,78.3,64.0,0.161,2020-21,Playoffs
0042000161,1610612757,Portland,Trail Blazers,POR,blazers,203468,CJ,McCollum,C. McCollum,cj-mccollum,G,,,36:29,122.9,122.9,115.3,115.3,7.6,7.6,0.13,0.0,12.5,0.0,0.162,0.076,0.0,0.475,0.503,0.259,0.259,93.41,93.41,77.84,70.0,0.099,2020-21,Playoffs
0042000161,1610612757,Portland,Trail Blazers,POR,blazers,203081,Damian,Lillard,D. Lillard,damian-lillard,G,,,39:53,142.9,142.9,109.0,109.0,33.9,33.9,0.464,6.5,29.5,0.0,0.049,0.025,4.5,0.5,0.587,0.365,0.365,93.27,93.27,77.73,77.0,0.157,2020-21,Playoffs
0042000161,1610612757,Portland,Trail Blazers,POR,blazers,2546,Carmelo,Anthony,C. Anthony,carmelo-anthony,,,,21:35,151.3,151.3,129.3,129.3,22.0,22.0,0.071,0.0,7.7,0.0,0.214,0.097,0.0,0.667,0.699,0.273,0.273,88.96,88.96,74.13,39.0,0.148,2020-21,Playoffs
0042000161,1610612757,Portland,Trail Blazers,POR,blazers,1629014,Anfernee,Simons,A. Simons,anfernee-simons,,,,23:17,141.9,141.9,125.0,125.0,16.9,16.9,0.125,0.0,25.0,0.0,0.222,0.108,0.0,1.167,1.167,0.125,0.125,89.68,89.68,74.73,43.0,0.166,2020-21,Playoffs
0042000161,1610612757,Portland,Trail Blazers,POR,blazers,202683,Enes,Freedom,E. Freedom,enes-freedom,,,,15:03,146.4,146.4,134.5,134.5,11.9,11.9,0.0,0.0,0.0,0.231,0.091,0.167,50.0,0.5,0.5,0.121,0.121,90.9,90.9,75.75,28.0,-0.007,2020-21,Playoffs
0042000161,1610612757,Portland,Trail Blazers,POR,blazers,1629833,Keljin,Blevins,K. Blevins,keljin-blevins,,DNP - Coach's Decision,,,0.0,0.0,0.0,0.0,0.0,0.0,0.0,0.0,0.0,0.0,0.0,0.0,0.0,0.0,0.0,0.0,0.0,0.0,0.0,0.0,0.0,0.0,2020-21,Playoffs
0042000161,1610612757,Portland,Trail Blazers,POR,blazers,1629604,CJ,Elleby,C. Elleby,cj-elleby,,DNP - Coach's Decision,,,0.0,0.0,0.0,0.0,0.0,0.0,0.0,0.0,0.0,0.0,0.0,0.0,0.0,0.0,0.0,0.0,0.0,0.0,0.0,0.0,0.0,0.0,2020-21,Playoffs
0042000161,1610612757,Portland,Trail Blazers,POR,blazers,1628385,Harry,Giles III,H. Giles III,harry-giles-iii,,DNP - Coach's Decision,,,0.0,0.0,0.0,0.0,0.0,0.0,0.0,0.0,0.0,0.0,0.0,0.0,0.0,0.0,0.0,0.0,0.0,0.0,0.0,0.0,0.0,0.0,2020-21,Playoffs
0042000161,1610612757,Portland,Trail Blazers,POR,blazers,1626178,Rondae,Hollis-Jefferson,R. Hollis-Jefferson,rondae-hollis-jefferson,,DNP - Coach's Decision,,,0.0,0.0,0.0,0.0,0.0,0.0,0.0,0.0,0.0,0.0,0.0,0.0,0.0,0.0,0.0,0.0,0.0,0.0,0.0,0.0,0.0,0.0,2020-21,Playoffs
0042000161,1610612757,Portland,Trail Blazers,POR,blazers,1627884,Derrick,Jones Jr.,D. Jones Jr.,derrick-jones-jr,,DNP - Coach's Decision,,,0.0,0.0,0.0,0.0,0.0,0.0,0.0,0.0,0.0,0.0,0.0,0.0,0.0,0.0,0.0,0.0,0.0,0.0,0.0,0.0,0.0,0.0,2020-21,Playoffs
0042000161,1610612757,Portland,Trail Blazers,POR,blazers,1628388,T.J.,Leaf,T. Leaf,tj-leaf,,DNP - Coach's Decision,,,0.0,0.0,0.0,0.0,0.0,0.0,0.0,0.0,0.0,0.0,0.0,0.0,0.0,0.0,0.0,0.0,0.0,0.0,0.0,0.0,0.0,0.0,2020-21,Playoffs
0042000161,1610612757,Portland,Trail Blazers,POR,blazers,1629642,Nassir,Little,N. Little,nassir-little,,DNP - Coach's Decision,,,0.0,0.0,0.0,0.0,0.0,0.0,0.0,0.0,0.0,0.0,0.0,0.0,0.0,0.0,0.0,0.0,0.0,0.0,0.0,0.0,0.0,0.0,2020-21,Playoffs
0042000161,1610612743,Denver,Nuggets,DEN,nuggets,1629008,Michael,Porter Jr.,M. Porter Jr.,michael-porter-jr,F,,,37:26,110.8,110.8,120.5,120.5,-9.7,-9.7,0.0,0.0,0.0,0.05,0.171,0.111,8.7,0.595,0.595,0.258,0.258,94.25,94.25,78.54,74.0,0.129,2020-21,Playoffs
0042000161,1610612743,Denver,Nuggets,DEN,nuggets,203932,Aaron,Gordon,A. Gordon,aaron-gordon,F,,,28:19,105.3,105.3,125.0,125.0,-19.7,-19.7,0.056,1.0,5.3,0.118,0.121,0.119,5.3,0.5,0.474,0.261,0.261,95.77,95.77,79.81,57.0,0.075,2020-21,Playoffs
0042000161,1610612743,Denver,Nuggets,DEN,nuggets,203999,Nikola,Jokić,N. Jokić,nikola-jokić,C,,,35:21,113.0,113.0,131.9,131.9,-18.8,-18.8,0.053,1.0,3.2,0.081,0.342,0.213,3.2,0.574,0.591,0.37,0.37,93.68,93.68,78.07,69.0,0.206,2020-21,Playoffs
0042000161,1610612743,Denver,Nuggets,DEN,nuggets,203085,Austin,Rivers,A. Rivers,austin-rivers,G,,,33:05,112.1,112.1,134.4,134.4,-22.3,-22.3,0.103,0.0,30.0,0.0,0.108,0.055,0.0,0.417,0.436,0.09,0.09,94.31,94.31,78.59,66.0,0.044,2020-21,Playoffs
0042000161,1610612743,Denver,Nuggets,DEN,nuggets,1630267,Facundo,Campazzo,F. Campazzo,facundo-campazzo,G,,,31:32,111.5,111.5,132.8,132.8,-21.3,-21.3,0.192,5.0,50.0,0.059,0.032,0.046,10.0,1.0,1.0,0.069,0.069,92.85,92.85,77.38,61.0,0.087,2020-21,Playoffs
0042000161,1610612743,Denver,Nuggets,DEN,nuggets,1628420,Monte,Morris,M. Morris,monte-morris,,,,21:59,118.2,118.2,134.1,134.1,-15.9,-15.9,0.278,5.0,31.3,0.0,0.091,0.05,6.3,0.5,0.5,0.229,0.229,96.07,96.07,80.06,44.0,0.067,2020-21,Playoffs
0042000161,1610612743,Denver,Nuggets,DEN,nuggets,203210,JaMychal,Green,J. Green,jamychal-green,,,,17:37,127.3,127.3,145.5,145.5,-18.2,-18.2,0.158,0.0,75.0,0.0,0.071,0.038,0.0,0.0,0.0,0.028,0.028,89.91,89.91,74.93,33.0,0.018,2020-21,Playoffs
0042000161,1610612743,Denver,Nuggets,DEN,nuggets,1630210,Markus,Howard,M. Howard,markus-howard,,,,19:58,137.8,137.8,152.8,152.8,-14.9,-14.9,0.0,0.0,0.0,0.0,0.125,0.069,0.0,0.7,0.7,0.125,0.125,87.75,87.75,73.12,37.0,0.067,2020-21,Playoffs
0042000161,1610612743,Denver,Nuggets,DEN,nuggets,200794,Paul,Millsap,P. Millsap,paul-millsap,,,,14:43,131.0,131.0,142.3,142.3,-11.3,-11.3,0.25,2.0,44.4,0.0,0.231,0.125,22.2,0.5,0.5,0.156,0.156,89.72,89.72,74.77,29.0,0.065,2020-21,Playoffs
0042000161,1610612743,Denver,Nuggets,DEN,nuggets,1629626,Bol,Bol,B. Bol,bol-bol,,DNP - Coach's Decision,,,0.0,0.0,0.0,0.0,0.0,0.0,0.0,0.0,0.0,0.0,0.0,0.0,0.0,0.0,0.0,0.0,0.0,0.0,0.0,0.0,0.0,0.0,2020-21,Playoffs
0042000161,1610612743,Denver,Nuggets,DEN,nuggets,1627885,Shaquille,Harrison,S. Harrison,shaquille-harrison,,DNP - Coach's Decision,,,0.0,0.0,0.0,0.0,0.0,0.0,0.0,0.0,0.0,0.0,0.0,0.0,0.0,0.0,0.0,0.0,0.0,0.0,0.0,0.0,0.0,0.0,2020-21,Playoffs
0042000161,1610612743,Denver,Nuggets,DEN,nuggets,201580,JaVale,McGee,J. McGee,javale-mcgee,,DNP - Coach's Decision,,,0.0,0.0,0.0,0.0,0.0,0.0,0.0,0.0,0.0,0.0,0.0,0.0,0.0,0.0,0.0,0.0,0.0,0.0,0.0,0.0,0.0,0.0,2020-21,Playoffs
0042000161,1610612743,Denver,Nuggets,DEN,nuggets,1630192,Zeke,Nnaji,Z. Nnaji,zeke-nnaji,,DNP - Coach's Decision,,,0.0,0.0,0.0,0.0,0.0,0.0,0.0,0.0,0.0,0.0,0.0,0.0,0.0,0.0,0.0,0.0,0.0,0.0,0.0,0.0,0.0,0.0,2020-21,Playoffs
0042000161,1610612743,Denver,Nuggets,DEN,nuggets,1628427,Vlatko,Čančar,V. Čančar,vlatko-čančar,,DNP - Coach's Decision,,,0.0,0.0,0.0,0.0,0.0,0.0,0.0,0.0,0.0,0.0,0.0,0.0,0.0,0.0,0.0,0.0,0.0,0.0,0.0,0.0,0.0,0.0,2020-21,Playoffs
0042000162,1610612757,Portland,Trail Blazers,POR,blazers,1626181,Norman,Powell,N. Powell,norman-powell,F,,,25:60,94.3,94.3,139.6,139.6,-45.3,-45.3,0.0,0.0,0.0,0.0,0.0,0.0,0.0,0.556,0.644,0.218,0.218,97.88,97.88,81.56,53.0,0.079,2020-21,Playoffs
0042000162,1610612757,Portland,Trail Blazers,POR,blazers,203496,Robert,Covington,R. Covington,robert-covington,F,,,37:10,115.8,115.8,121.3,121.3,-5.5,-5.5,0.037,0.25,12.5,0.0,0.025,0.014,50.0,0.5,0.5,0.083,0.083,97.53,97.53,81.27,76.0,-0.007,2020-21,Playoffs
0042000162,1610612757,Portland,Trail Blazers,POR,blazers,203994,Jusuf,Nurkić,J. Nurkić,jusuf-nurkić,C,,,24:35,125.5,125.5,125.5,125.5,0.0,0.0,0.053,1.0,9.1,0.211,0.409,0.317,9.1,0.313,0.394,0.182,0.182,99.58,99.58,82.98,51.0,0.059,2020-21,Playoffs
0042000162,1610612757,Portland,Trail Blazers,POR,blazers,203468,CJ,McCollum,C. McCollum,cj-mccollum,G,,,38:06,115.6,115.6,143.6,143.6,-28.0,-28.0,0.1,0.4,10.0,0.0,0.167,0.095,25.0,0.833,0.815,0.222,0.222,97.64,97.64,81.36,77.0,0.09,2020-21,Playoffs
0042000162,1610612757,Portland,Trail Blazers,POR,blazers,203081,Damian,Lillard,D. Lillard,damian-lillard,G,,,42:23,114.0,114.0,132.6,132.6,-18.6,-18.6,0.476,3.33,23.8,0.0,0.095,0.052,7.1,0.646,0.707,0.34,0.34,97.4,97.4,81.16,86.0,0.219,2020-21,Playoffs
0042000162,1610612757,Portland,Trail Blazers,POR,blazers,2546,Carmelo,Anthony,C. Anthony,carmelo-anthony,,,,20:35,104.7,104.7,156.8,156.8,-52.2,-52.2,0.0,0.0,0.0,0.053,0.059,0.056,25.0,0.3,0.425,0.17,0.17,101.48,101.48,84.57,43.0,-0.048,2020-21,Playoffs
0042000162,1610612757,Portland,Trail Blazers,POR,blazers,1629014,Anfernee,Simons,A. Simons,anfernee-simons,,,,10:14,82.6,82.6,133.3,133.3,-50.7,-50.7,0.333,1.0,33.3,0.083,0.286,0.158,33.3,1.5,1.5,0.074,0.074,103.28,103.28,86.06,23.0,0.159,2020-21,Playoffs
0042000162,1610612757,Portland,Trail Blazers,POR,blazers,202683,Enes,Freedom,E. Freedom,enes-freedom,,,,17:32,97.3,97.3,142.9,142.9,-45.6,-45.6,0.0,0.0,0.0,0.067,0.235,0.156,20.0,0.333,0.515,0.122,0.122,98.56,98.56,82.13,37.0,0.068,2020-21,Playoffs
0042000162,1610612757,Portland,Trail Blazers,POR,blazers,1627884,Derrick,Jones Jr.,D. Jones Jr.,derrick-jones-jr,,,,5:27,190.9,190.9,130.0,130.0,60.9,60.9,0.0,0.0,0.0,0.0,0.0,0.0,0.0,0.5,0.5,0.154,0.154,92.48,92.48,77.06,11.0,0.0,2020-21,Playoffs
0042000162,1610612757,Portland,Trail Blazers,POR,blazers,1626178,Rondae,Hollis-Jefferson,R. Hollis-Jefferson,rondae-hollis-jefferson,,,,3:36,100.0,100.0,71.4,71.4,28.6,28.6,0.0,0.0,0.0,0.0,0.667,0.286,0.0,1.0,0.694,0.1,0.1,93.33,93.33,77.78,7.0,0.316,2020-21,Playoffs
0042000162,1610612757,Portland,Trail Blazers,POR,blazers,1628385,Harry,Giles III,H. Giles III,harry-giles-iii,,,,3:36,100.0,100.0,71.4,71.4,28.6,28.6,0.0,0.0,0.0,0.5,0.333,0.429,75.0,0.0,0.0,0.4,0.4,93.33,93.33,77.78,7.0,-0.211,2020-21,Playoffs
0042000162,1610612757,Portland,Trail Blazers,POR,blazers,1629642,Nassir,Little,N. Little,nassir-little,,,,3:36,100.0,100.0,71.4,71.4,28.6,28.6,0.0,0.0,0.0,0.0,0.0,0.0,33.3,0.75,0.75,0.3,0.3,93.33,93.33,77.78,7.0,0.105,2020-21,Playoffs
0042000162,1610612757,Portland,Trail Blazers,POR,blazers,1628388,T.J.,Leaf,T. Leaf,tj-leaf,,,,3:36,100.0,100.0,71.4,71.4,28.6,28.6,0.0,0.0,0.0,0.25,0.0,0.143,0.0,0.5,0.5,0.2,0.2,93.33,93.33,77.78,7.0,0.158,2020-21,Playoffs
0042000162,1610612757,Portland,Trail Blazers,POR,blazers,1629604,CJ,Elleby,C. Elleby,cj-elleby,,,,3:36,100.0,100.0,71.4,71.4,28.6,28.6,0.0,0.0,0.0,0.0,0.0,0.0,0.0,0.0,0.0,0.0,0.0,93.33,93.33,77.78,7.0,0.0,2020-21,Playoffs
0042000162,1610612757,Portland,Trail Blazers,POR,blazers,1629833,Keljin,Blevins,K. Blevins,keljin-blevins,,DNP - Coach's Decision,,,0.0,0.0,0.0,0.0,0.0,0.0,0.0,0.0,0.0,0.0,0.0,0.0,0.0,0.0,0.0,0.0,0.0,0.0,0.0,0.0,0.0,0.0,2020-21,Playoffs
0042000162,1610612743,Denver,Nuggets,DEN,nuggets,1629008,Michael,Porter Jr.,M. Porter Jr.,michael-porter-jr,F,,,32:48,130.3,130.3,103.0,103.0,27.3,27.3,0.034,1.0,5.9,0.065,0.087,0.074,5.9,0.5,0.592,0.213,0.213,97.32,97.32,81.1,66.0,0.094,2020-21,Playoffs
0042000162,1610612743,Denver,Nuggets,DEN,nuggets,203932,Aaron,Gordon,A. Gordon,aaron-gordon,F,,,28:29,135.6,135.6,103.4,103.4,32.2,32.2,0.08,0.0,15.4,0.038,0.2,0.118,0.0,0.556,0.558,0.159,0.159,99.46,99.46,82.88,59.0,0.095,2020-21,Playoffs
0042000162,1610612743,Denver,Nuggets,DEN,nuggets,203999,Nikola,Jokić,N. Jokić,nikola-jokić,C,,,31:18,131.7,131.7,109.2,109.2,22.5,22.5,0.294,1.25,16.1,0.107,0.185,0.145,12.9,0.8,0.839,0.356,0.356,98.15,98.15,81.79,63.0,0.284,2020-21,Playoffs
0042000162,1610612743,Denver,Nuggets,DEN,nuggets,203085,Austin,Rivers,A. Rivers,austin-rivers,G,,,20:14,127.5,127.5,121.4,121.4,6.1,6.1,0.125,2.0,22.2,0.0,0.063,0.032,11.1,0.8,0.765,0.159,0.159,97.27,97.27,81.05,40.0,0.047,2020-21,Playoffs
0042000162,1610612743,Denver,Nuggets,DEN,nuggets,1630267,Facundo,Campazzo,F. Campazzo,facundo-campazzo,G,,,30:20,132.2,132.2,108.1,108.1,24.1,24.1,0.222,2.0,31.6,0.036,0.08,0.057,15.8,0.5,0.551,0.191,0.191,95.74,95.74,79.78,59.0,0.101,2020-21,Playoffs
0042000162,1610612743,Denver,Nuggets,DEN,nuggets,1628420,Monte,Morris,M. Morris,monte-morris,,,,29:37,138.1,138.1,111.5,111.5,26.6,26.6,0.28,7.0,36.8,0.0,0.04,0.018,5.3,0.5,0.551,0.162,0.162,100.48,100.48,83.74,63.0,0.123,2020-21,Playoffs
0042000162,1610612743,Denver,Nuggets,DEN,nuggets,203210,JaMychal,Green,J. Green,jamychal-green,,,,19:44,139.0,139.0,117.5,117.5,21.5,21.5,0.125,2.0,22.2,0.105,0.0,0.057,11.1,0.333,0.333,0.146,0.146,98.51,98.51,82.09,41.0,-0.013,2020-21,Playoffs
0042000162,1610612743,Denver,Nuggets,DEN,nuggets,1630210,Markus,Howard,M. Howard,markus-howard,,,,14:49,128.1,128.1,129.0,129.0,-0.9,-0.9,0.111,0.0,33.3,0.0,0.0,0.0,0.0,1.25,1.25,0.057,0.057,102.05,102.05,85.04,32.0,0.08,2020-21,Playoffs
0042000162,1610612743,Denver,Nuggets,DEN,nuggets,200794,Paul,Millsap,P. Millsap,paul-millsap,,,,14:45,146.7,146.7,120.0,120.0,26.7,26.7,0.333,0.0,23.1,0.071,0.6,0.292,0.0,0.625,0.705,0.294,0.294,97.63,97.63,81.36,30.0,0.307,2020-21,Playoffs
0042000162,1610612743,Denver,Nuggets,DEN,nuggets,1627885,Shaquille,Harrison,S. Harrison,shaquille-harrison,,,,10:14,109.1,109.1,100.0,100.0,9.1,9.1,0.0,0.0,0.0,0.0,0.25,0.095,50.0,1.0,0.694,0.08,0.08,98.58,98.58,82.15,22.0,0.107,2020-21,Playoffs
0042000162,1610612743,Denver,Nuggets,DEN,nuggets,1628427,Vlatko,Čančar,V. Čančar,vlatko-čančar,,,,2:43,50.0,50.0,100.0,100.0,-50.0,-50.0,0.0,0.0,0.0,0.0,0.0,0.0,0.0,0.0,0.0,0.0,0.0,97.18,97.18,80.98,6.0,0.0,2020-21,Playoffs
0042000162,1610612743,Denver,Nuggets,DEN,nuggets,1630192,Zeke,Nnaji,Z. Nnaji,zeke-nnaji,,,,2:43,50.0,50.0,100.0,100.0,-50.0,-50.0,0.0,0.0,0.0,0.0,0.0,0.0,0.0,0.0,0.0,0.333,0.333,97.18,97.18,80.98,6.0,-0.4,2020-21,Playoffs
0042000162,1610612743,Denver,Nuggets,DEN,nuggets,1629626,Bol,Bol,B. Bol,bol-bol,,,,2:17,60.0,60.0,100.0,100.0,-40.0,-40.0,0.0,0.0,0.0,0.0,0.333,0.2,0.0,0.0,0.0,0.0,0.0,105.11,105.11,87.59,5.0,0.2,2020-21,Playoffs
0042000162,1610612743,Denver,Nuggets,DEN,nuggets,201580,JaVale,McGee,J. McGee,javale-mcgee,,DNP - Coach's Decision,,,0.0,0.0,0.0,0.0,0.0,0.0,0.0,0.0,0.0,0.0,0.0,0.0,0.0,0.0,0.0,0.0,0.0,0.0,0.0,0.0,0.0,0.0,2020-21,Playoffs
0042000163,1610612743,Denver,Nuggets,DEN,nuggets,1629008,Michael,Porter Jr.,M. Porter Jr.,michael-porter-jr,F,,,32:44,137.9,137.9,122.2,122.2,15.7,15.7,0.043,0.33,6.3,0.038,0.114,0.082,18.8,0.591,0.609,0.214,0.214,94.6,94.6,78.83,66.0,0.049,2020-21,Playoffs
0042000163,1610612743,Denver,Nuggets,DEN,nuggets,203932,Aaron,Gordon,A. Gordon,aaron-gordon,F,,,33:49,124.7,124.7,120.8,120.8,3.8,3.8,0.12,0.0,21.4,0.029,0.081,0.056,0.0,0.5,0.58,0.133,0.133,102.89,102.89,85.74,73.0,0.074,2020-21,Playoffs
0042000163,1610612743,Denver,Nuggets,DEN,nuggets,203999,Nikola,Jokić,N. Jokić,nikola-jokić,C,,,35:29,125.7,125.7,113.7,113.7,12.0,12.0,0.278,2.5,14.7,0.162,0.128,0.145,5.9,0.583,0.654,0.341,0.341,99.43,99.43,82.86,74.0,0.212,2020-21,Playoffs
0042000163,1610612743,Denver,Nuggets,DEN,nuggets,203085,Austin,Rivers,A. Rivers,austin-rivers,G,,,36:55,122.1,122.1,114.1,114.1,8.0,8.0,0.077,0.0,11.8,0.0,0.098,0.052,0.0,0.679,0.706,0.172,0.172,100.76,100.76,83.97,77.0,0.109,2020-21,Playoffs
0042000163,1610612743,Denver,Nuggets,DEN,nuggets,1630267,Facundo,Campazzo,F. Campazzo,facundo-campazzo,G,,,32:06,127.9,127.9,116.2,116.2,11.8,11.8,0.296,2.67,36.4,0.03,0.206,0.119,13.6,0.444,0.511,0.179,0.179,101.68,101.68,84.74,68.0,0.122,2020-21,Playoffs
0042000163,1610612743,Denver,Nuggets,DEN,nuggets,1628420,Monte,Morris,M. Morris,monte-morris,,,,25:20,103.8,103.8,119.2,119.2,-15.4,-15.4,0.333,1.67,31.3,0.036,0.121,0.082,18.8,0.417,0.488,0.177,0.177,98.53,98.53,82.11,52.0,0.108,2020-21,Playoffs
0042000163,1610612743,Denver,Nuggets,DEN,nuggets,203210,JaMychal,Green,J. Green,jamychal-green,,,,17:16,93.9,93.9,100.0,100.0,-6.1,-6.1,0.0,0.0,0.0,0.105,0.12,0.114,0.0,0.8,0.8,0.128,0.128,91.74,91.74,76.45,33.0,0.194,2020-21,Playoffs
0042000163,1610612743,Denver,Nuggets,DEN,nuggets,200794,Paul,Millsap,P. Millsap,paul-millsap,,,,11:36,114.3,114.3,118.2,118.2,-3.9,-3.9,0.0,0.0,0.0,0.0,0.133,0.077,20.0,0.625,0.625,0.208,0.208,88.97,88.97,74.14,21.0,0.069,2020-21,Playoffs
0042000163,1610612743,Denver,Nuggets,DEN,nuggets,1630210,Markus,Howard,M. Howard,markus-howard,,,,9:16,116.7,116.7,115.8,115.8,0.9,0.9,0.0,0.0,0.0,0.0,0.091,0.048,0.0,0.75,0.75,0.095,0.095,95.79,95.79,79.83,18.0,0.028,2020-21,Playoffs
0042000163,1610612743,Denver,Nuggets,DEN,nuggets,1627885,Shaquille,Harrison,S. Harrison,shaquille-harrison,,,,5:29,116.7,116.7,121.4,121.4,-4.8,-4.8,0.0,0.0,0.0,0.0,0.0,0.0,100.0,0.0,0.0,0.067,0.067,113.8,113.8,94.83,12.0,-0.054,2020-21,Playoffs
0042000163,1610612743,Denver,Nuggets,DEN,nuggets,1629626,Bol,Bol,B. Bol,bol-bol,,DNP - Coach's Decision,,,0.0,0.0,0.0,0.0,0.0,0.0,0.0,0.0,0.0,0.0,0.0,0.0,0.0,0.0,0.0,0.0,0.0,0.0,0.0,0.0,0.0,0.0,2020-21,Playoffs
0042000163,1610612743,Denver,Nuggets,DEN,nuggets,201580,JaVale,McGee,J. McGee,javale-mcgee,,DNP - Coach's Decision,,,0.0,0.0,0.0,0.0,0.0,0.0,0.0,0.0,0.0,0.0,0.0,0.0,0.0,0.0,0.0,0.0,0.0,0.0,0.0,0.0,0.0,0.0,2020-21,Playoffs
0042000163,1610612743,Denver,Nuggets,DEN,nuggets,1630192,Zeke,Nnaji,Z. Nnaji,zeke-nnaji,,DNP - Coach's Decision,,,0.0,0.0,0.0,0.0,0.0,0.0,0.0,0.0,0.0,0.0,0.0,0.0,0.0,0.0,0.0,0.0,0.0,0.0,0.0,0.0,0.0,0.0,2020-21,Playoffs
0042000163,1610612743,Denver,Nuggets,DEN,nuggets,1628427,Vlatko,Čančar,V. Čančar,vlatko-čančar,,DNP - Coach's Decision,,,0.0,0.0,0.0,0.0,0.0,0.0,0.0,0.0,0.0,0.0,0.0,0.0,0.0,0.0,0.0,0.0,0.0,0.0,0.0,0.0,0.0,0.0,2020-21,Playoffs
0042000163,1610612757,Portland,Trail Blazers,POR,blazers,1626181,Norman,Powell,N. Powell,norman-powell,F,,,36:16,122.4,122.4,119.7,119.7,2.6,2.6,0.067,1.0,11.1,0.0,0.108,0.052,11.1,0.643,0.643,0.182,0.182,100.57,100.57,83.81,76.0,0.092,2020-21,Playoffs
0042000163,1610612757,Portland,Trail Blazers,POR,blazers,203496,Robert,Covington,R. Covington,robert-covington,F,,,38:48,119.5,119.5,124.7,124.7,-5.2,-5.2,0.114,4.0,28.6,0.07,0.216,0.138,7.1,0.333,0.333,0.106,0.106,100.82,100.82,84.02,82.0,0.071,2020-21,Playoffs
0042000163,1610612757,Portland,Trail Blazers,POR,blazers,203994,Jusuf,Nurkić,J. Nurkić,jusuf-nurkić,C,,,31:39,124.2,124.2,107.9,107.9,16.3,16.3,0.222,6.0,33.3,0.143,0.235,0.188,5.6,0.5,0.574,0.162,0.162,94.79,94.79,78.99,62.0,0.142,2020-21,Playoffs
0042000163,1610612757,Portland,Trail Blazers,POR,blazers,203468,CJ,McCollum,C. McCollum,cj-mccollum,G,,,41:14,122.4,122.4,116.7,116.7,5.7,5.7,0.091,3.0,11.5,0.089,0.119,0.103,3.8,0.475,0.506,0.235,0.235,98.36,98.36,81.96,85.0,0.079,2020-21,Playoffs
0042000163,1610612757,Portland,Trail Blazers,POR,blazers,203081,Damian,Lillard,D. Lillard,damian-lillard,G,,,39:32,119.0,119.0,127.7,127.7,-8.7,-8.7,0.208,5.0,13.2,0.0,0.049,0.024,2.6,0.565,0.58,0.34,0.34,101.38,101.38,84.49,84.0,0.148,2020-21,Playoffs
0042000163,1610612757,Portland,Trail Blazers,POR,blazers,202683,Enes,Freedom,E. Freedom,enes-freedom,,,,5:50,50.0,50.0,175.0,175.0,-125.0,-125.0,0.0,0.0,0.0,0.111,0.0,0.071,0.0,0.0,0.0,0.067,0.067,98.83,98.83,82.36,12.0,-0.063,2020-21,Playoffs
0042000163,1610612757,Portland,Trail Blazers,POR,blazers,1629014,Anfernee,Simons,A. Simons,anfernee-simons,,,,15:42,100.0,100.0,124.1,124.1,-24.1,-24.1,0.0,0.0,0.0,0.0,0.214,0.081,0.0,0.333,0.333,0.079,0.079,87.16,87.16,72.63,28.0,0.02,2020-21,Playoffs
0042000163,1610612757,Portland,Trail Blazers,POR,blazers,2546,Carmelo,Anthony,C. Anthony,carmelo-anthony,,,,26:13,113.2,113.2,136.5,136.5,-23.3,-23.3,0.0,0.0,0.0,0.028,0.038,0.032,6.7,0.583,0.618,0.224,0.224,96.12,96.12,80.1,53.0,0.08,2020-21,Playoffs
0042000163,1610612757,Portland,Trail Blazers,POR,blazers,1626178,Rondae,Hollis-Jefferson,R. Hollis-Jefferson,rondae-hollis-jefferson,,,,4:46,100.0,100.0,80.0,80.0,20.0,20.0,0.0,0.0,0.0,0.0,0.0,0.0,0.0,0.0,0.0,0.0,0.0,95.66,95.66,79.72,9.0,0.0,2020-21,Playoffs
0042000163,1610612757,Portland,Trail Blazers,POR,blazers,1629833,Keljin,Blevins,K. Blevins,keljin-blevins,,DNP - Coach's Decision,,,0.0,0.0,0.0,0.0,0.0,0.0,0.0,0.0,0.0,0.0,0.0,0.0,0.0,0.0,0.0,0.0,0.0,0.0,0.0,0.0,0.0,0.0,2020-21,Playoffs
0042000163,1610612757,Portland,Trail Blazers,POR,blazers,1629604,CJ,Elleby,C. Elleby,cj-elleby,,DNP - Coach's Decision,,,0.0,0.0,0.0,0.0,0.0,0.0,0.0,0.0,0.0,0.0,0.0,0.0,0.0,0.0,0.0,0.0,0.0,0.0,0.0,0.0,0.0,0.0,2020-21,Playoffs
0042000163,1610612757,Portland,Trail Blazers,POR,blazers,1628385,Harry,Giles III,H. Giles III,harry-giles-iii,,DNP - Coach's Decision,,,0.0,0.0,0.0,0.0,0.0,0.0,0.0,0.0,0.0,0.0,0.0,0.0,0.0,0.0,0.0,0.0,0.0,0.0,0.0,0.0,0.0,0.0,2020-21,Playoffs
0042000163,1610612757,Portland,Trail Blazers,POR,blazers,1627884,Derrick,Jones Jr.,D. Jones Jr.,derrick-jones-jr,,DNP - Coach's Decision,,,0.0,0.0,0.0,0.0,0.0,0.0,0.0,0.0,0.0,0.0,0.0,0.0,0.0,0.0,0.0,0.0,0.0,0.0,0.0,0.0,0.0,0.0,2020-21,Playoffs
0042000163,1610612757,Portland,Trail Blazers,POR,blazers,1629642,Nassir,Little,N. Little,nassir-little,,DNP - Coach's Decision,,,0.0,0.0,0.0,0.0,0.0,0.0,0.0,0.0,0.0,0.0,0.0,0.0,0.0,0.0,0.0,0.0,0.0,0.0,0.0,0.0,0.0,0.0,2020-21,Playoffs
0042000164,1610612743,Denver,Nuggets,DEN,nuggets,1629008,Michael,Porter Jr.,M. Porter Jr.,michael-porter-jr,F,,,22:54,82.6,82.6,119.6,119.6,-37.0,-37.0,0.0,0.0,0.0,0.033,0.211,0.102,40.0,0.5,0.5,0.096,0.096,96.39,96.39,80.33,46.0,0.016,2020-21,Playoffs
0042000164,1610612743,Denver,Nuggets,DEN,nuggets,203932,Aaron,Gordon,A. Gordon,aaron-gordon,F,,,18:15,71.8,71.8,148.7,148.7,-76.9,-76.9,0.0,0.0,0.0,0.074,0.167,0.103,0.0,0.286,0.381,0.182,0.182,102.58,102.58,85.48,39.0,0.034,2020-21,Playoffs
0042000164,1610612743,Denver,Nuggets,DEN,nuggets,203999,Nikola,Jokić,N. Jokić,nikola-jokić,C,,,26:41,81.5,81.5,140.7,140.7,-59.3,-59.3,0.111,0.5,4.5,0.083,0.273,0.155,9.1,0.417,0.424,0.333,0.333,97.14,97.14,80.95,54.0,0.069,2020-21,Playoffs
0042000164,1610612743,Denver,Nuggets,DEN,nuggets,203085,Austin,Rivers,A. Rivers,austin-rivers,G,,,24:19,88.0,88.0,144.0,144.0,-56.0,-56.0,0.0,0.0,0.0,0.0,0.111,0.038,14.3,0.6,0.68,0.119,0.119,98.68,98.68,82.24,50.0,0.046,2020-21,Playoffs
0042000164,1610612743,Denver,Nuggets,DEN,nuggets,1630267,Facundo,Campazzo,F. Campazzo,facundo-campazzo,G,,,26:53,96.2,96.2,131.5,131.5,-35.3,-35.3,0.5,0.0,36.8,0.0,0.095,0.035,0.0,0.4,0.492,0.19,0.19,95.52,95.52,79.6,53.0,0.094,2020-21,Playoffs
0042000164,1610612743,Denver,Nuggets,DEN,nuggets,1628420,Monte,Morris,M. Morris,monte-morris,,,,25:18,124.4,124.4,108.7,108.7,15.7,15.7,0.286,0.0,25.0,0.036,0.077,0.056,0.0,0.5,0.5,0.214,0.214,86.32,86.32,71.93,45.0,0.151,2020-21,Playoffs
0042000164,1610612743,Denver,Nuggets,DEN,nuggets,203210,JaMychal,Green,J. Green,jamychal-green,,,,21:24,123.7,123.7,105.1,105.1,18.6,18.6,0.154,0.0,15.4,0.08,0.136,0.106,0.0,0.45,0.506,0.224,0.224,86.36,86.36,71.96,38.0,0.129,2020-21,Playoffs
0042000164,1610612743,Denver,Nuggets,DEN,nuggets,1630210,Markus,Howard,M. Howard,markus-howard,,,,26:46,112.0,112.0,108.0,108.0,4.0,4.0,0.067,0.0,6.7,0.029,0.069,0.047,0.0,0.321,0.321,0.219,0.219,89.66,89.66,74.72,50.0,0.006,2020-21,Playoffs
0042000164,1610612743,Denver,Nuggets,DEN,nuggets,200794,Paul,Millsap,P. Millsap,paul-millsap,,,,14:05,136.0,136.0,100.0,100.0,36.0,36.0,0.25,0.0,20.0,0.188,0.231,0.207,0.0,0.429,0.514,0.25,0.25,85.21,85.21,71.01,25.0,0.22,2020-21,Playoffs
0042000164,1610612743,Denver,Nuggets,DEN,nuggets,1627885,Shaquille,Harrison,S. Harrison,shaquille-harrison,,,,12:37,108.0,108.0,122.2,122.2,-14.2,-14.2,0.0,0.0,0.0,0.0,0.071,0.032,50.0,0.75,0.75,0.129,0.129,98.88,98.88,82.4,25.0,0.022,2020-21,Playoffs
0042000164,1610612743,Denver,Nuggets,DEN,nuggets,1628427,Vlatko,Čančar,V. Čančar,vlatko-čančar,,,,8:21,117.6,117.6,94.1,94.1,23.5,23.5,0.25,0.0,25.0,0.0,0.091,0.045,0.0,1.0,0.938,0.143,0.143,97.72,97.72,81.44,17.0,0.242,2020-21,Playoffs
0042000164,1610612743,Denver,Nuggets,DEN,nuggets,201580,JaVale,McGee,J. McGee,javale-mcgee,,,,7:14,113.3,113.3,93.3,93.3,20.0,20.0,0.0,0.0,0.0,0.0,0.4,0.19,0.0,0.0,0.0,0.158,0.158,99.54,99.54,82.95,15.0,0.037,2020-21,Playoffs
0042000164,1610612743,Denver,Nuggets,DEN,nuggets,1630192,Zeke,Nnaji,Z. Nnaji,zeke-nnaji,,,,5:12,108.3,108.3,83.3,83.3,25.0,25.0,0.667,0.0,50.0,0.111,0.125,0.118,0.0,0.0,0.0,0.125,0.125,110.77,110.77,92.31,12.0,0.079,2020-21,Playoffs
0042000164,1610612743,Denver,Nuggets,DEN,nuggets,1629626,Bol,Bol,B. Bol,bol-bol,,DNP - Coach's Decision,,,0.0,0.0,0.0,0.0,0.0,0.0,0.0,0.0,0.0,0.0,0.0,0.0,0.0,0.0,0.0,0.0,0.0,0.0,0.0,0.0,0.0,0.0,2020-21,Playoffs
0042000164,1610612757,Portland,Trail Blazers,POR,blazers,1626181,Norman,Powell,N. Powell,norman-powell,F,,,34:17,131.3,131.3,92.5,92.5,38.8,38.8,0.05,1.0,5.6,0.0,0.043,0.026,5.6,0.867,0.888,0.236,0.236,93.81,93.81,78.17,67.0,0.208,2020-21,Playoffs
0042000164,1610612757,Portland,Trail Blazers,POR,blazers,203496,Robert,Covington,R. Covington,robert-covington,F,,,35:56,127.9,127.9,101.4,101.4,26.5,26.5,0.034,0.0,12.5,0.0,0.191,0.118,0.0,0.667,0.654,0.097,0.097,92.17,92.17,76.81,68.0,0.078,2020-21,Playoffs
0042000164,1610612757,Portland,Trail Blazers,POR,blazers,203994,Jusuf,Nurkić,J. Nurkić,jusuf-nurkić,C,,,26:39,140.7,140.7,83.0,83.0,57.7,57.7,0.05,1.0,7.1,0.0,0.171,0.105,7.1,0.75,0.738,0.228,0.228,96.37,96.37,80.31,54.0,0.156,2020-21,Playoffs
0042000164,1610612757,Portland,Trail Blazers,POR,blazers,203468,CJ,McCollum,C. McCollum,cj-mccollum,G,,,34:41,125.8,125.8,92.4,92.4,33.3,33.3,0.381,4.0,27.6,0.0,0.089,0.053,6.9,0.526,0.54,0.296,0.296,91.34,91.34,76.12,66.0,0.14,2020-21,Playoffs
0042000164,1610612757,Portland,Trail Blazers,POR,blazers,203081,Damian,Lillard,D. Lillard,damian-lillard,G,,,31:01,140.3,140.3,87.1,87.1,53.2,53.2,0.345,10.0,41.7,0.0,0.19,0.118,4.2,0.15,0.382,0.209,0.209,95.95,95.95,79.96,62.0,0.14,2020-21,Playoffs
0042000164,1610612757,Portland,Trail Blazers,POR,blazers,2546,Carmelo,Anthony,C. Anthony,carmelo-anthony,,,,21:43,107.5,107.5,117.5,117.5,-10.0,-10.0,0.091,0.0,8.3,0.0,0.12,0.063,0.0,0.545,0.545,0.239,0.239,88.4,88.4,73.66,40.0,0.13,2020-21,Playoffs
0042000164,1610612757,Portland,Trail Blazers,POR,blazers,1629014,Anfernee,Simons,A. Simons,anfernee-simons,,,,22:19,100.0,100.0,124.4,124.4,-24.4,-24.4,0.071,0.0,16.7,0.045,0.077,0.063,0.0,0.5,0.5,0.111,0.111,88.19,88.19,73.49,41.0,0.061,2020-21,Playoffs
0042000164,1610612757,Portland,Trail Blazers,POR,blazers,1626178,Rondae,Hollis-Jefferson,R. Hollis-Jefferson,rondae-hollis-jefferson,,,,8:55,106.3,106.3,129.4,129.4,-23.2,-23.2,0.0,0.0,0.0,0.125,0.1,0.111,0.0,1.0,1.0,0.056,0.056,88.82,88.82,74.02,16.0,0.015,2020-21,Playoffs
0042000164,1610612757,Portland,Trail Blazers,POR,blazers,202683,Enes,Freedom,E. Freedom,enes-freedom,,,,3:19,71.4,71.4,57.1,57.1,14.3,14.3,0.0,0.0,0.0,0.0,0.167,0.1,0.0,0.0,0.0,0.0,0.0,101.31,101.31,84.42,7.0,0.231,2020-21,Playoffs
0042000164,1610612757,Portland,Trail Blazers,POR,blazers,1629642,Nassir,Little,N. Little,nassir-little,,,,5:01,90.9,90.9,108.3,108.3,-17.4,-17.4,0.0,0.0,0.0,0.0,0.125,0.067,0.0,0.0,0.266,0.308,0.308,110.03,110.03,91.69,11.0,-0.026,2020-21,Playoffs
0042000164,1610612757,Portland,Trail Blazers,POR,blazers,1627884,Derrick,Jones Jr.,D. Jones Jr.,derrick-jones-jr,,,,5:01,90.9,90.9,108.3,108.3,-17.4,-17.4,0.0,0.0,0.0,0.0,0.0,0.0,0.0,0.333,0.333,0.231,0.231,110.03,110.03,91.69,11.0,0.0,2020-21,Playoffs
0042000164,1610612757,Portland,Trail Blazers,POR,blazers,1629604,CJ,Elleby,C. Elleby,cj-elleby,,,,4:24,100.0,100.0,110.0,110.0,-10.0,-10.0,0.25,1.0,33.3,0.167,0.286,0.231,33.3,0.0,0.0,0.167,0.167,109.09,109.09,90.91,10.0,0.083,2020-21,Playoffs
0042000164,1610612757,Portland,Trail Blazers,POR,blazers,1628388,T.J.,Leaf,T. Leaf,tj-leaf,,,,3:22,112.5,112.5,137.5,137.5,-25.0,-25.0,0.0,0.0,0.0,0.2,0.2,0.2,0.0,1.0,1.0,0.2,0.2,114.06,114.06,95.05,8.0,0.289,2020-21,Playoffs
0042000164,1610612757,Portland,Trail Blazers,POR,blazers,1629833,Keljin,Blevins,K. Blevins,keljin-blevins,,,,3:22,112.5,112.5,137.5,137.5,-25.0,-25.0,0.0,0.0,0.0,0.0,0.0,0.0,0.0,1.0,1.0,0.1,0.1,114.06,114.06,95.05,8.0,0.053,2020-21,Playoffs
0042000164,1610612757,Portland,Trail Blazers,POR,blazers,1628385,Harry,Giles III,H. Giles III,harry-giles-iii,,DNP - Coach's Decision,,,0.0,0.0,0.0,0.0,0.0,0.0,0.0,0.0,0.0,0.0,0.0,0.0,0.0,0.0,0.0,0.0,0.0,0.0,0.0,0.0,0.0,0.0,2020-21,Playoffs
0042000165,1610612757,Portland,Trail Blazers,POR,blazers,1626181,Norman,Powell,N. Powell,norman-powell,F,,,50:39,129.3,129.3,118.2,118.2,11.1,11.1,0.077,1.5,14.3,0.0,0.0,0.0,9.5,0.357,0.412,0.159,0.159,93.82,93.82,78.18,99.0,0.005,2020-21,Playoffs
0042000165,1610612757,Portland,Trail Blazers,POR,blazers,203496,Robert,Covington,R. Covington,robert-covington,F,,,43:46,125.9,125.9,125.9,125.9,0.0,0.0,0.0,0.0,0.0,0.07,0.19,0.129,0.0,0.65,0.752,0.135,0.135,93.22,93.22,77.68,85.0,0.109,2020-21,Playoffs
0042000165,1610612757,Portland,Trail Blazers,POR,blazers,203994,Jusuf,Nurkić,J. Nurkić,jusuf-nurkić,C,,,24:10,114.3,114.3,112.2,112.2,2.0,2.0,0.063,0.17,4.8,0.13,0.308,0.224,28.6,0.417,0.458,0.364,0.364,97.32,97.32,81.1,49.0,0.043,2020-21,Playoffs
0042000165,1610612757,Portland,Trail Blazers,POR,blazers,203468,CJ,McCollum,C. McCollum,cj-mccollum,G,,,50:51,121.4,121.4,127.3,127.3,-5.8,-5.8,0.212,2.33,21.2,0.019,0.122,0.069,9.1,0.364,0.393,0.234,0.234,92.98,92.98,77.48,98.0,0.045,2020-21,Playoffs
0042000165,1610612757,Portland,Trail Blazers,POR,blazers,203081,Damian,Lillard,D. Lillard,damian-lillard,G,,,51:44,126.5,126.5,125.7,125.7,0.7,0.7,0.37,10.0,27.0,0.02,0.098,0.059,2.7,0.958,0.968,0.235,0.235,94.18,94.18,78.48,102.0,0.294,2020-21,Playoffs
0042000165,1610612757,Portland,Trail Blazers,POR,blazers,2546,Carmelo,Anthony,C. Anthony,carmelo-anthony,,,,30:29,127.4,127.4,124.2,124.2,3.2,3.2,0.13,1.5,18.8,0.0,0.133,0.067,12.5,0.364,0.364,0.194,0.194,97.65,97.65,81.37,62.0,0.007,2020-21,Playoffs
0042000165,1610612757,Portland,Trail Blazers,POR,blazers,1629014,Anfernee,Simons,A. Simons,anfernee-simons,,,,15:08,112.9,112.9,156.3,156.3,-43.3,-43.3,0.111,0.0,12.5,0.056,0.133,0.091,0.0,0.429,0.429,0.2,0.2,99.96,99.96,83.3,31.0,0.057,2020-21,Playoffs
0042000165,1610612757,Portland,Trail Blazers,POR,blazers,1626178,Rondae,Hollis-Jefferson,R. Hollis-Jefferson,rondae-hollis-jefferson,,,,8:53,81.3,81.3,178.9,178.9,-97.7,-97.7,0.0,0.0,0.0,0.0,0.167,0.059,0.0,1.0,1.064,0.111,0.111,94.49,94.49,78.74,16.0,0.098,2020-21,Playoffs
0042000165,1610612757,Portland,Trail Blazers,POR,blazers,202683,Enes,Freedom,E. Freedom,enes-freedom,,,,14:20,136.0,136.0,161.5,161.5,-25.5,-25.5,0.0,0.0,0.0,0.063,0.083,0.071,0.0,1.0,1.0,0.065,0.065,85.36,85.36,71.13,25.0,0.022,2020-21,Playoffs
0042000165,1610612757,Portland,Trail Blazers,POR,blazers,1629833,Keljin,Blevins,K. Blevins,keljin-blevins,,DNP - Coach's Decision,,,0.0,0.0,0.0,0.0,0.0,0.0,0.0,0.0,0.0,0.0,0.0,0.0,0.0,0.0,0.0,0.0,0.0,0.0,0.0,0.0,0.0,0.0,2020-21,Playoffs
0042000165,1610612757,Portland,Trail Blazers,POR,blazers,1629604,CJ,Elleby,C. Elleby,cj-elleby,,DNP - Coach's Decision,,,0.0,0.0,0.0,0.0,0.0,0.0,0.0,0.0,0.0,0.0,0.0,0.0,0.0,0.0,0.0,0.0,0.0,0.0,0.0,0.0,0.0,0.0,2020-21,Playoffs
0042000165,1610612757,Portland,Trail Blazers,POR,blazers,1628385,Harry,Giles III,H. Giles III,harry-giles-iii,,DNP - Coach's Decision,,,0.0,0.0,0.0,0.0,0.0,0.0,0.0,0.0,0.0,0.0,0.0,0.0,0.0,0.0,0.0,0.0,0.0,0.0,0.0,0.0,0.0,0.0,2020-21,Playoffs
0042000165,1610612757,Portland,Trail Blazers,POR,blazers,1627884,Derrick,Jones Jr.,D. Jones Jr.,derrick-jones-jr,,DNP - Coach's Decision,,,0.0,0.0,0.0,0.0,0.0,0.0,0.0,0.0,0.0,0.0,0.0,0.0,0.0,0.0,0.0,0.0,0.0,0.0,0.0,0.0,0.0,0.0,2020-21,Playoffs
0042000165,1610612757,Portland,Trail Blazers,POR,blazers,1628388,T.J.,Leaf,T. Leaf,tj-leaf,,DNP - Coach's Decision,,,0.0,0.0,0.0,0.0,0.0,0.0,0.0,0.0,0.0,0.0,0.0,0.0,0.0,0.0,0.0,0.0,0.0,0.0,0.0,0.0,0.0,0.0,2020-21,Playoffs
0042000165,1610612757,Portland,Trail Blazers,POR,blazers,1629642,Nassir,Little,N. Little,nassir-little,,DNP - Coach's Decision,,,0.0,0.0,0.0,0.0,0.0,0.0,0.0,0.0,0.0,0.0,0.0,0.0,0.0,0.0,0.0,0.0,0.0,0.0,0.0,0.0,0.0,0.0,2020-21,Playoffs
0042000165,1610612743,Denver,Nuggets,DEN,nuggets,1629008,Michael,Porter Jr.,M. Porter Jr.,michael-porter-jr,F,,,47:48,129.7,129.7,120.2,120.2,9.4,9.4,0.094,1.0,15.0,0.023,0.22,0.129,15.0,0.885,0.908,0.165,0.165,90.38,90.38,75.32,91.0,0.162,2020-21,Playoffs
0042000165,1610612743,Denver,Nuggets,DEN,nuggets,203932,Aaron,Gordon,A. Gordon,aaron-gordon,F,,,38:39,113.8,113.8,120.8,120.8,-7.0,-7.0,0.154,1.33,21.1,0.114,0.143,0.13,15.8,0.636,0.589,0.17,0.17,97.5,97.5,81.25,80.0,0.081,2020-21,Playoffs
0042000165,1610612743,Denver,Nuggets,DEN,nuggets,203999,Nikola,Jokić,N. Jokić,nikola-jokić,C,,,46:19,122.8,122.8,127.8,127.8,-5.0,-5.0,0.36,4.5,19.6,0.064,0.174,0.118,4.3,0.5,0.55,0.346,0.346,94.3,94.3,78.58,92.0,0.199,2020-21,Playoffs
0042000165,1610612743,Denver,Nuggets,DEN,nuggets,203085,Austin,Rivers,A. Rivers,austin-rivers,G,,,46:58,120.2,120.2,125.8,125.8,-5.6,-5.6,0.219,7.0,35.0,0.0,0.021,0.011,5.0,0.7,0.765,0.119,0.119,95.56,95.56,79.63,94.0,0.078,2020-21,Playoffs
0042000165,1610612743,Denver,Nuggets,DEN,nuggets,1630267,Facundo,Campazzo,F. Campazzo,facundo-campazzo,G,,,21:24,114.3,114.3,108.5,108.5,5.8,5.8,0.118,1.0,20.0,0.042,0.042,0.042,20.0,0.2,0.255,0.136,0.136,107.64,107.64,89.7,49.0,-0.046,2020-21,Playoffs
0042000165,1610612743,Denver,Nuggets,DEN,nuggets,1628420,Monte,Morris,M. Morris,monte-morris,,,,41:21,138.3,138.3,132.9,132.9,5.4,5.4,0.172,0.0,17.9,0.0,0.075,0.038,0.0,0.5,0.613,0.256,0.256,92.87,92.87,77.39,81.0,0.12,2020-21,Playoffs
0042000165,1610612743,Denver,Nuggets,DEN,nuggets,203210,JaMychal,Green,J. Green,jamychal-green,,,,19:45,150.0,150.0,128.9,128.9,21.1,21.1,0.118,0.0,33.3,0.143,0.235,0.184,0.0,0.625,0.625,0.091,0.091,89.91,89.91,74.92,36.0,0.116,2020-21,Playoffs
0042000165,1610612743,Denver,Nuggets,DEN,nuggets,1630210,Markus,Howard,M. Howard,markus-howard,,,,15:33,151.7,151.7,120.7,120.7,31.0,31.0,0.0,0.0,0.0,0.0,0.067,0.031,0.0,0.75,0.75,0.162,0.162,89.56,89.56,74.63,29.0,0.056,2020-21,Playoffs
0042000165,1610612743,Denver,Nuggets,DEN,nuggets,201580,JaVale,McGee,J. McGee,javale-mcgee,,,,0:02,0.0,0.0,0.0,0.0,0.0,0.0,0.0,0.0,0.0,0.0,0.0,0.0,0.0,0.0,0.0,0.0,0.0,685.71,685.71,571.43,0.0,0.0,2020-21,Playoffs
0042000165,1610612743,Denver,Nuggets,DEN,nuggets,200794,Paul,Millsap,P. Millsap,paul-millsap,,,,11:28,145.5,145.5,119.0,119.0,26.4,26.4,0.111,0.0,14.3,0.1,0.273,0.19,0.0,0.333,0.333,0.24,0.24,90.0,90.0,75.0,22.0,0.045,2020-21,Playoffs
0042000165,1610612743,Denver,Nuggets,DEN,nuggets,1627885,Shaquille,Harrison,S. Harrison,shaquille-harrison,,,,0:43,66.7,66.7,75.0,75.0,-8.3,-8.3,0.0,0.0,0.0,0.0,0.333,0.2,0.0,0.0,1.136,0.25,0.25,234.97,234.97,195.8,3.0,1.5,2020-21,Playoffs
0042000165,1610612743,Denver,Nuggets,DEN,nuggets,1629626,Bol,Bol,B. Bol,bol-bol,,DNP - Coach's Decision,,,0.0,0.0,0.0,0.0,0.0,0.0,0.0,0.0,0.0,0.0,0.0,0.0,0.0,0.0,0.0,0.0,0.0,0.0,0.0,0.0,0.0,0.0,2020-21,Playoffs
0042000165,1610612743,Denver,Nuggets,DEN,nuggets,1630192,Zeke,Nnaji,Z. Nnaji,zeke-nnaji,,DNP - Coach's Decision,,,0.0,0.0,0.0,0.0,0.0,0.0,0.0,0.0,0.0,0.0,0.0,0.0,0.0,0.0,0.0,0.0,0.0,0.0,0.0,0.0,0.0,0.0,2020-21,Playoffs
0042000165,1610612743,Denver,Nuggets,DEN,nuggets,1628427,Vlatko,Čančar,V. Čančar,vlatko-čančar,,DNP - Coach's Decision,,,0.0,0.0,0.0,0.0,0.0,0.0,0.0,0.0,0.0,0.0,0.0,0.0,0.0,0.0,0.0,0.0,0.0,0.0,0.0,0.0,0.0,0.0,2020-21,Playoffs
0042000166,1610612743,Denver,Nuggets,DEN,nuggets,1629008,Michael,Porter Jr.,M. Porter Jr.,michael-porter-jr,F,,,33:56,120.0,120.0,139.4,139.4,-19.4,-19.4,0.2,4.0,16.7,0.0,0.208,0.086,4.2,0.684,0.684,0.253,0.253,96.21,96.21,80.17,70.0,0.138,2020-21,Playoffs
0042000166,1610612743,Denver,Nuggets,DEN,nuggets,203932,Aaron,Gordon,A. Gordon,aaron-gordon,F,,,33:09,136.8,136.8,129.9,129.9,6.9,6.9,0.138,4.0,26.7,0.107,0.16,0.132,6.7,0.625,0.666,0.143,0.143,97.74,97.74,81.45,68.0,0.095,2020-21,Playoffs
0042000166,1610612743,Denver,Nuggets,DEN,nuggets,203999,Nikola,Jokić,N. Jokić,nikola-jokić,C,,,36:14,144.6,144.6,126.0,126.0,18.6,18.6,0.261,1.2,16.7,0.034,0.25,0.14,13.9,0.636,0.705,0.357,0.357,97.37,97.37,81.14,74.0,0.183,2020-21,Playoffs
0042000166,1610612743,Denver,Nuggets,DEN,nuggets,203085,Austin,Rivers,A. Rivers,austin-rivers,G,,,40:03,127.2,127.2,127.3,127.3,-0.1,-0.1,0.0,0.0,0.0,0.0,0.03,0.014,25.0,0.583,0.583,0.087,0.087,94.67,94.67,78.89,81.0,0.005,2020-21,Playoffs
0042000166,1610612743,Denver,Nuggets,DEN,nuggets,1630267,Facundo,Campazzo,F. Campazzo,facundo-campazzo,G,,,23:09,125.0,125.0,124.0,124.0,1.0,1.0,0.167,3.0,27.3,0.045,0.056,0.05,9.1,0.5,0.694,0.151,0.151,101.6,101.6,84.67,48.0,0.062,2020-21,Playoffs
0042000166,1610612743,Denver,Nuggets,DEN,nuggets,200794,Paul,Millsap,P. Millsap,paul-millsap,,,,11:36,82.6,82.6,100.0,100.0,-17.4,-17.4,0.143,1.0,14.3,0.063,0.182,0.111,14.3,0.2,0.2,0.222,0.222,95.23,95.23,79.36,23.0,0.0,2020-21,Playoffs
0042000166,1610612743,Denver,Nuggets,DEN,nuggets,1628420,Monte,Morris,M. Morris,monte-morris,,,,32:58,132.8,132.8,107.7,107.7,25.1,25.1,0.391,9.0,32.1,0.057,0.067,0.062,3.6,0.594,0.604,0.241,0.241,96.1,96.1,80.08,67.0,0.163,2020-21,Playoffs
0042000166,1610612743,Denver,Nuggets,DEN,nuggets,203210,JaMychal,Green,J. Green,jamychal-green,,,,23:28,132.6,132.6,84.8,84.8,47.8,47.8,0.0,0.0,0.0,0.087,0.292,0.191,0.0,0.6,0.694,0.13,0.13,94.09,94.09,78.41,46.0,0.188,2020-21,Playoffs
0042000166,1610612743,Denver,Nuggets,DEN,nuggets,1627885,Shaquille,Harrison,S. Harrison,shaquille-harrison,,,,0:10,0.0,0.0,0.0,0.0,0.0,0.0,0.0,0.0,0.0,0.0,0.0,0.0,0.0,0.0,0.0,0.0,0.0,415.38,415.38,346.15,2.0,0.0,2020-21,Playoffs
0042000166,1610612743,Denver,Nuggets,DEN,nuggets,1630210,Markus,Howard,M. Howard,markus-howard,,,,5:17,127.3,127.3,109.1,109.1,18.2,18.2,0.2,0.0,100.0,0.0,0.0,0.0,0.0,0.0,0.0,0.0,0.0,99.94,99.94,83.28,11.0,0.038,2020-21,Playoffs
0042000166,1610612743,Denver,Nuggets,DEN,nuggets,1629626,Bol,Bol,B. Bol,bol-bol,,DNP - Coach's Decision,,,0.0,0.0,0.0,0.0,0.0,0.0,0.0,0.0,0.0,0.0,0.0,0.0,0.0,0.0,0.0,0.0,0.0,0.0,0.0,0.0,0.0,0.0,2020-21,Playoffs
0042000166,1610612743,Denver,Nuggets,DEN,nuggets,201580,JaVale,McGee,J. McGee,javale-mcgee,,DNP - Coach's Decision,,,0.0,0.0,0.0,0.0,0.0,0.0,0.0,0.0,0.0,0.0,0.0,0.0,0.0,0.0,0.0,0.0,0.0,0.0,0.0,0.0,0.0,0.0,2020-21,Playoffs
0042000166,1610612743,Denver,Nuggets,DEN,nuggets,1630192,Zeke,Nnaji,Z. Nnaji,zeke-nnaji,,DNP - Coach's Decision,,,0.0,0.0,0.0,0.0,0.0,0.0,0.0,0.0,0.0,0.0,0.0,0.0,0.0,0.0,0.0,0.0,0.0,0.0,0.0,0.0,0.0,0.0,2020-21,Playoffs
0042000166,1610612743,Denver,Nuggets,DEN,nuggets,1628427,Vlatko,Čančar,V. Čančar,vlatko-čančar,,DNP - Coach's Decision,,,0.0,0.0,0.0,0.0,0.0,0.0,0.0,0.0,0.0,0.0,0.0,0.0,0.0,0.0,0.0,0.0,0.0,0.0,0.0,0.0,0.0,0.0,2020-21,Playoffs
0042000166,1610612757,Portland,Trail Blazers,POR,blazers,1626181,Norman,Powell,N. Powell,norman-powell,F,,,32:16,135.9,135.9,134.8,134.8,1.1,1.1,0.08,2.0,11.8,0.037,0.107,0.073,5.9,0.577,0.612,0.205,0.205,96.69,96.69,80.58,64.0,0.062,2020-21,Playoffs
0042000166,1610612757,Portland,Trail Blazers,POR,blazers,203496,Robert,Covington,R. Covington,robert-covington,F,,,38:25,126.0,126.0,126.6,126.6,-0.6,-0.6,0.0,0.0,0.0,0.077,0.216,0.159,33.3,1.5,1.418,0.071,0.071,97.48,97.48,81.23,77.0,0.104,2020-21,Playoffs
0042000166,1610612757,Portland,Trail Blazers,POR,blazers,203994,Jusuf,Nurkić,J. Nurkić,jusuf-nurkić,C,,,33:21,126.5,126.5,141.8,141.8,-15.3,-15.3,0.08,0.4,12.5,0.077,0.192,0.135,31.3,0.714,0.742,0.184,0.184,97.15,97.15,80.96,68.0,0.053,2020-21,Playoffs
0042000166,1610612757,Portland,Trail Blazers,POR,blazers,203468,CJ,McCollum,C. McCollum,cj-mccollum,G,,,38:13,125.7,125.7,132.9,132.9,-7.2,-7.2,0.125,3.0,11.5,0.029,0.083,0.057,3.8,0.476,0.48,0.271,0.271,94.22,94.22,78.51,74.0,0.049,2020-21,Playoffs
0042000166,1610612757,Portland,Trail Blazers,POR,blazers,203081,Damian,Lillard,D. Lillard,damian-lillard,G,,,43:23,119.8,119.8,129.5,129.5,-9.8,-9.8,0.481,2.6,31.0,0.0,0.098,0.053,11.9,0.475,0.584,0.302,0.302,96.26,96.26,80.22,86.0,0.147,2020-21,Playoffs
0042000166,1610612757,Portland,Trail Blazers,POR,blazers,2546,Carmelo,Anthony,C. Anthony,carmelo-anthony,,,,22:42,89.4,89.4,125.5,125.5,-36.2,-36.2,0.444,2.0,25.0,0.0,0.179,0.096,12.5,0.611,0.678,0.226,0.226,99.39,99.39,82.83,47.0,0.167,2020-21,Playoffs
0042000166,1610612757,Portland,Trail Blazers,POR,blazers,1626178,Rondae,Hollis-Jefferson,R. Hollis-Jefferson,rondae-hollis-jefferson,,,,9:28,83.3,83.3,66.7,66.7,16.7,16.7,0.0,0.0,0.0,0.222,0.083,0.143,0.0,0.5,0.5,0.1,0.1,91.32,91.32,76.1,18.0,0.167,2020-21,Playoffs
0042000166,1610612757,Portland,Trail Blazers,POR,blazers,1629014,Anfernee,Simons,A. Simons,anfernee-simons,,,,20:40,115.6,115.6,130.4,130.4,-14.9,-14.9,0.0,0.0,0.0,0.0,0.0,0.0,0.0,1.5,1.5,0.065,0.065,105.67,105.67,88.06,45.0,0.089,2020-21,Playoffs
0042000166,1610612757,Portland,Trail Blazers,POR,blazers,1629642,Nassir,Little,N. Little,nassir-little,,,,0:31,0.0,0.0,0.0,0.0,0.0,0.0,0.0,0.0,0.0,0.0,0.0,0.0,0.0,0.0,0.0,0.0,0.0,92.6,92.6,77.17,1.0,0.0,2020-21,Playoffs
0042000166,1610612757,Portland,Trail Blazers,POR,blazers,1628388,T.J.,Leaf,T. Leaf,tj-leaf,,,,0:31,0.0,0.0,0.0,0.0,0.0,0.0,0.0,0.0,0.0,0.0,0.0,0.0,0.0,0.0,0.0,0.0,0.0,92.6,92.6,77.17,1.0,0.0,2020-21,Playoffs
0042000166,1610612757,Portland,Trail Blazers,POR,blazers,1629833,Keljin,Blevins,K. Blevins,keljin-blevins,,,,0:31,0.0,0.0,0.0,0.0,0.0,0.0,0.0,0.0,0.0,0.0,0.0,0.0,0.0,0.0,0.0,1.0,1.0,92.6,92.6,77.17,1.0,0.0,2020-21,Playoffs
0042000166,1610612757,Portland,Trail Blazers,POR,blazers,1629604,CJ,Elleby,C. Elleby,cj-elleby,,DNP - Coach's Decision,,,0.0,0.0,0.0,0.0,0.0,0.0,0.0,0.0,0.0,0.0,0.0,0.0,0.0,0.0,0.0,0.0,0.0,0.0,0.0,0.0,0.0,0.0,2020-21,Playoffs
0042000166,1610612757,Portland,Trail Blazers,POR,blazers,202683,Enes,Freedom,E. Freedom,enes-freedom,,DNP - Coach's Decision,,,0.0,0.0,0.0,0.0,0.0,0.0,0.0,0.0,0.0,0.0,0.0,0.0,0.0,0.0,0.0,0.0,0.0,0.0,0.0,0.0,0.0,0.0,2020-21,Playoffs
0042000166,1610612757,Portland,Trail Blazers,POR,blazers,1628385,Harry,Giles III,H. Giles III,harry-giles-iii,,DNP - Coach's Decision,,,0.0,0.0,0.0,0.0,0.0,0.0,0.0,0.0,0.0,0.0,0.0,0.0,0.0,0.0,0.0,0.0,0.0,0.0,0.0,0.0,0.0,0.0,2020-21,Playoffs
0042000166,1610612757,Portland,Trail Blazers,POR,blazers,1627884,Derrick,Jones Jr.,D. Jones Jr.,derrick-jones-jr,,DNP - Coach's Decision,,,0.0,0.0,0.0,0.0,0.0,0.0,0.0,0.0,0.0,0.0,0.0,0.0,0.0,0.0,0.0,0.0,0.0,0.0,0.0,0.0,0.0,0.0,2020-21,Playoffs
0042000171,1610612742,Dallas,Mavericks,DAL,mavericks,1627827,Dorian,Finney-Smith,D. Finney-Smith,dorian-finney-smith,F,,,36:47,139.7,139.7,117.6,117.6,22.1,22.1,0.08,1.0,15.4,0.0,0.132,0.078,15.4,1.0,1.0,0.147,0.147,88.72,88.72,73.94,68.0,0.107,2020-21,Playoffs
0042000171,1610612742,Dallas,Mavericks,DAL,mavericks,204001,Kristaps,Porziņģis,K. Porziņģis,kristaps-porziņģis,F,,,35:47,135.9,135.9,115.6,115.6,20.3,20.3,0.04,1.0,5.6,0.0,0.105,0.061,5.6,0.346,0.448,0.233,0.233,85.85,85.85,71.54,64.0,0.047,2020-21,Playoffs
0042000171,1610612742,Dallas,Mavericks,DAL,mavericks,1628467,Maxi,Kleber,M. Kleber,maxi-kleber,C,,,36:01,135.8,135.8,118.8,118.8,17.0,17.0,0.129,0.0,44.4,0.107,0.171,0.143,0.0,0.5,0.63,0.068,0.068,90.62,90.62,75.51,67.0,0.065,2020-21,Playoffs
0042000171,1610612742,Dallas,Mavericks,DAL,mavericks,203501,Tim,Hardaway Jr.,T. Hardaway Jr.,tim-hardaway-jr,G,,,32:19,130.0,130.0,103.3,103.3,26.7,26.7,0.059,0.33,5.9,0.08,0.049,0.061,17.6,0.808,0.808,0.232,0.232,89.12,89.12,74.27,60.0,0.133,2020-21,Playoffs
0042000171,1610612742,Dallas,Mavericks,DAL,mavericks,1629029,Luka,Dončić,L. Dončić,luka-dončić,G,,,40:46,130.8,130.8,110.7,110.7,20.1,20.1,0.458,3.67,26.8,0.028,0.22,0.13,7.3,0.563,0.572,0.333,0.333,90.08,90.08,75.06,78.0,0.199,2020-21,Playoffs
0042000171,1610612742,Dallas,Mavericks,DAL,mavericks,1626161,Willie,Cauley-Stein,W. Cauley-Stein,willie-cauley-stein,,,,4:08,100.0,100.0,162.5,162.5,-62.5,-62.5,0.0,0.0,0.0,0.0,0.0,0.0,100.0,0.0,0.0,0.083,0.083,98.71,98.71,82.26,9.0,-0.098,2020-21,Playoffs
0042000171,1610612742,Dallas,Mavericks,DAL,mavericks,1628973,Jalen,Brunson,J. Brunson,jalen-brunson,,,,20:37,105.1,105.1,131.6,131.6,-26.5,-26.5,0.222,2.0,15.4,0.042,0.0,0.023,7.7,0.571,0.713,0.229,0.229,89.61,89.61,74.67,39.0,0.13,2020-21,Playoffs
0042000171,1610612742,Dallas,Mavericks,DAL,mavericks,1626196,Josh,Richardson,J. Richardson,josh-richardson,,,,17:05,120.0,120.0,120.0,120.0,0.0,0.0,0.0,0.0,0.0,0.0,0.176,0.086,16.7,0.7,0.735,0.158,0.158,84.26,84.26,70.22,30.0,0.123,2020-21,Playoffs
0042000171,1610612742,Dallas,Mavericks,DAL,mavericks,1629740,Nicolo,Melli,N. Melli,nicolo-melli,,,,9:02,64.7,64.7,135.7,135.7,-71.0,-71.0,0.0,0.0,0.0,0.133,0.25,0.174,0.0,0.0,0.0,0.04,0.04,82.41,82.41,68.67,17.0,0.056,2020-21,Playoffs
0042000171,1610612742,Dallas,Mavericks,DAL,mavericks,203939,Dwight,Powell,D. Powell,dwight-powell,,,,7:27,107.1,107.1,123.1,123.1,-15.9,-15.9,0.167,0.0,50.0,0.111,0.167,0.133,0.0,0.0,0.0,0.059,0.059,86.98,86.98,72.48,14.0,0.058,2020-21,Playoffs
0042000171,1610612742,Dallas,Mavericks,DAL,mavericks,1630189,Tyler,Bey,T. Bey,tyler-bey,,DNP - Coach's Decision,,,0.0,0.0,0.0,0.0,0.0,0.0,0.0,0.0,0.0,0.0,0.0,0.0,0.0,0.0,0.0,0.0,0.0,0.0,0.0,0.0,0.0,0.0,2020-21,Playoffs
0042000171,1610612742,Dallas,Mavericks,DAL,mavericks,203504,Trey,Burke,T. Burke,trey-burke,,DNP - Coach's Decision,,,0.0,0.0,0.0,0.0,0.0,0.0,0.0,0.0,0.0,0.0,0.0,0.0,0.0,0.0,0.0,0.0,0.0,0.0,0.0,0.0,0.0,0.0,2020-21,Playoffs
0042000171,1610612742,Dallas,Mavericks,DAL,mavericks,1630182,Josh,Green,J. Green,josh-green,,DNP - Coach's Decision,,,0.0,0.0,0.0,0.0,0.0,0.0,0.0,0.0,0.0,0.0,0.0,0.0,0.0,0.0,0.0,0.0,0.0,0.0,0.0,0.0,0.0,0.0,2020-21,Playoffs
0042000171,1610612742,Dallas,Mavericks,DAL,mavericks,1630207,Nate,Hinton,N. Hinton,nate-hinton,,DNP - Coach's Decision,,,0.0,0.0,0.0,0.0,0.0,0.0,0.0,0.0,0.0,0.0,0.0,0.0,0.0,0.0,0.0,0.0,0.0,0.0,0.0,0.0,0.0,0.0,2020-21,Playoffs
0042000171,1610612742,Dallas,Mavericks,DAL,mavericks,1626246,Boban,Marjanovic,B. Marjanovic,boban-marjanovic,,DNP - Coach's Decision,,,0.0,0.0,0.0,0.0,0.0,0.0,0.0,0.0,0.0,0.0,0.0,0.0,0.0,0.0,0.0,0.0,0.0,0.0,0.0,0.0,0.0,0.0,2020-21,Playoffs
0042000171,1610612746,LA,Clippers,LAC,clippers,202695,Kawhi,Leonard,K. Leonard,kawhi-leonard,F,,,40:46,115.6,115.6,135.1,135.1,-19.5,-19.5,0.217,0.0,16.1,0.047,0.25,0.133,0.0,0.432,0.501,0.292,0.292,90.66,90.66,75.55,77.0,0.157,2020-21,Playoffs
0042000171,1610612746,LA,Clippers,LAC,clippers,202694,Marcus,Morris Sr.,M. Morris Sr.,marcus-morris-sr,F,,,32:38,95.1,95.1,135.0,135.0,-39.9,-39.9,0.05,0.0,10.0,0.025,0.042,0.031,0.0,0.25,0.225,0.125,0.125,88.98,88.98,74.15,61.0,-0.022,2020-21,Playoffs
0042000171,1610612746,LA,Clippers,LAC,clippers,1627826,Ivica,Zubac,I. Zubac,ivica-zubac,C,,,19:26,116.7,116.7,157.1,157.1,-40.5,-40.5,0.0,0.0,0.0,0.095,0.1,0.097,0.0,0.8,0.8,0.122,0.122,87.71,87.71,73.1,36.0,0.078,2020-21,Playoffs
0042000171,1610612746,LA,Clippers,LAC,clippers,202331,Paul,George,P. George,paul-george,G,,,39:56,119.7,119.7,124.7,124.7,-4.9,-4.9,0.208,1.67,17.9,0.077,0.083,0.08,10.7,0.5,0.569,0.277,0.277,86.56,86.56,72.13,71.0,0.109,2020-21,Playoffs
0042000171,1610612746,LA,Clippers,LAC,clippers,201976,Patrick,Beverley,P. Beverley,patrick-beverley,G,,,17:29,106.9,106.9,141.9,141.9,-35.0,-35.0,0.0,0.0,0.0,0.0,0.2,0.077,14.3,0.833,0.833,0.219,0.219,82.4,82.4,68.66,29.0,0.098,2020-21,Playoffs
0042000171,1610612746,LA,Clippers,LAC,clippers,202704,Reggie,Jackson,R. Jackson,reggie-jackson,,,,21:17,140.0,140.0,104.9,104.9,35.1,35.1,0.167,0.0,33.3,0.05,0.0,0.022,0.0,0.167,0.167,0.128,0.128,91.34,91.34,76.12,40.0,-0.022,2020-21,Playoffs
0042000171,1610612746,LA,Clippers,LAC,clippers,201587,Nicolas,Batum,N. Batum,nicolas-batum,,,,31:39,129.8,129.8,115.3,115.3,14.6,14.6,0.091,0.0,20.0,0.097,0.118,0.108,0.0,0.688,0.688,0.116,0.116,87.94,87.94,73.29,57.0,0.106,2020-21,Playoffs
0042000171,1610612746,LA,Clippers,LAC,clippers,201586,Serge,Ibaka,S. Ibaka,serge-ibaka,,,,12:47,141.7,141.7,95.8,95.8,45.8,45.8,0.222,0.0,22.2,0.143,0.167,0.16,0.0,0.4,0.592,0.28,0.28,90.11,90.11,75.09,24.0,0.221,2020-21,Playoffs
0042000171,1610612746,LA,Clippers,LAC,clippers,200765,Rajon,Rondo,R. Rondo,rajon-rondo,,,,23:47,104.5,104.5,122.7,122.7,-18.2,-18.2,0.333,4.0,30.8,0.0,0.167,0.077,7.7,0.75,0.709,0.176,0.176,88.78,88.78,73.98,44.0,0.16,2020-21,Playoffs
0042000171,1610612746,LA,Clippers,LAC,clippers,1629611,Terance,Mann,T. Mann,terance-mann,,,,0:15,0.0,0.0,100.0,100.0,-100.0,-100.0,0.0,0.0,0.0,0.0,0.0,0.0,0.0,0.0,0.0,0.0,0.0,286.09,286.09,238.41,1.0,0.0,2020-21,Playoffs
0042000171,1610612746,LA,Clippers,LAC,clippers,1629599,Amir,Coffey,A. Coffey,amir-coffey,,DNP - Coach's Decision,,,0.0,0.0,0.0,0.0,0.0,0.0,0.0,0.0,0.0,0.0,0.0,0.0,0.0,0.0,0.0,0.0,0.0,0.0,0.0,0.0,0.0,0.0,2020-21,Playoffs
0042000171,1610612746,LA,Clippers,LAC,clippers,202326,DeMarcus,Cousins,D. Cousins,demarcus-cousins,,DNP - Coach's Decision,,,0.0,0.0,0.0,0.0,0.0,0.0,0.0,0.0,0.0,0.0,0.0,0.0,0.0,0.0,0.0,0.0,0.0,0.0,0.0,0.0,0.0,0.0,2020-21,Playoffs
0042000171,1610612746,LA,Clippers,LAC,clippers,1627812,Yogi,Ferrell,Y. Ferrell,yogi-ferrell,,DNP - Coach's Decision,,,0.0,0.0,0.0,0.0,0.0,0.0,0.0,0.0,0.0,0.0,0.0,0.0,0.0,0.0,0.0,0.0,0.0,0.0,0.0,0.0,0.0,0.0,2020-21,Playoffs
0042000171,1610612746,LA,Clippers,LAC,clippers,1628379,Luke,Kennard,L. Kennard,luke-kennard,,DNP - Coach's Decision,,,0.0,0.0,0.0,0.0,0.0,0.0,0.0,0.0,0.0,0.0,0.0,0.0,0.0,0.0,0.0,0.0,0.0,0.0,0.0,0.0,0.0,0.0,2020-21,Playoffs
0042000171,1610612746,LA,Clippers,LAC,clippers,202335,Patrick,Patterson,P. Patterson,patrick-patterson,,DNP - Coach's Decision,,,0.0,0.0,0.0,0.0,0.0,0.0,0.0,0.0,0.0,0.0,0.0,0.0,0.0,0.0,0.0,0.0,0.0,0.0,0.0,0.0,0.0,0.0,2020-21,Playoffs
0042000172,1610612742,Dallas,Mavericks,DAL,mavericks,1627827,Dorian,Finney-Smith,D. Finney-Smith,dorian-finney-smith,F,,,36:31,132.9,132.9,112.0,112.0,20.9,20.9,0.086,0.0,33.3,0.065,0.083,0.075,0.0,0.25,0.25,0.072,0.072,99.24,99.24,82.7,76.0,0.02,2020-21,Playoffs
0042000172,1610612742,Dallas,Mavericks,DAL,mavericks,204001,Kristaps,Porziņģis,K. Porziņģis,kristaps-porziņģis,F,,,32:01,132.8,132.8,119.0,119.0,13.8,13.8,0.0,0.0,0.0,0.0,0.148,0.078,0.0,0.792,0.776,0.191,0.191,95.23,95.23,79.35,64.0,0.128,2020-21,Playoffs
0042000172,1610612742,Dallas,Mavericks,DAL,mavericks,1628467,Maxi,Kleber,M. Kleber,maxi-kleber,C,,,34:14,135.7,135.7,115.7,115.7,20.0,20.0,0.103,0.0,30.0,0.038,0.103,0.073,0.0,1.0,0.945,0.092,0.092,98.15,98.15,81.79,70.0,0.091,2020-21,Playoffs
0042000172,1610612742,Dallas,Mavericks,DAL,mavericks,203501,Tim,Hardaway Jr.,T. Hardaway Jr.,tim-hardaway-jr,G,,,38:12,131.3,131.3,117.9,117.9,13.3,13.3,0.172,2.5,20.0,0.0,0.032,0.016,8.0,0.857,0.799,0.23,0.23,99.25,99.25,82.71,80.0,0.128,2020-21,Playoffs
0042000172,1610612742,Dallas,Mavericks,DAL,mavericks,1629029,Luka,Dončić,L. Dončić,luka-dončić,G,,,38:04,127.8,127.8,124.1,124.1,3.8,3.8,0.333,1.0,15.2,0.0,0.25,0.119,15.2,0.638,0.608,0.448,0.448,99.61,99.61,83.01,79.0,0.15,2020-21,Playoffs
0042000172,1610612742,Dallas,Mavericks,DAL,mavericks,1628973,Jalen,Brunson,J. Brunson,jalen-brunson,,,,17:05,122.9,122.9,138.9,138.9,-16.0,-16.0,0.2,3.0,27.3,0.0,0.214,0.107,9.1,0.571,0.605,0.216,0.216,99.75,99.75,83.12,35.0,0.108,2020-21,Playoffs
0042000172,1610612742,Dallas,Mavericks,DAL,mavericks,1626196,Josh,Richardson,J. Richardson,josh-richardson,,,,18:58,115.4,115.4,141.0,141.0,-25.6,-25.6,0.188,3.0,30.0,0.0,0.133,0.065,10.0,0.625,0.781,0.171,0.171,98.73,98.73,82.28,39.0,0.099,2020-21,Playoffs
0042000172,1610612742,Dallas,Mavericks,DAL,mavericks,1629740,Nicolo,Melli,N. Melli,nicolo-melli,,,,5:58,127.3,127.3,169.2,169.2,-42.0,-42.0,0.0,0.0,0.0,0.0,0.0,0.0,0.0,0.0,0.0,0.083,0.083,96.64,96.64,80.54,11.0,-0.029,2020-21,Playoffs
0042000172,1610612742,Dallas,Mavericks,DAL,mavericks,1626161,Willie,Cauley-Stein,W. Cauley-Stein,willie-cauley-stein,,,,15:08,111.8,111.8,117.1,117.1,-5.4,-5.4,0.0,0.0,0.0,0.071,0.455,0.24,0.0,1.0,1.0,0.081,0.081,109.44,109.44,91.2,34.0,0.143,2020-21,Playoffs
0042000172,1610612742,Dallas,Mavericks,DAL,mavericks,203939,Dwight,Powell,D. Powell,dwight-powell,,,,3:50,100.0,100.0,87.5,87.5,12.5,12.5,0.333,0.0,100.0,0.0,0.286,0.167,0.0,0.0,0.0,0.0,0.0,100.17,100.17,83.48,8.0,0.267,2020-21,Playoffs
0042000172,1610612742,Dallas,Mavericks,DAL,mavericks,1630189,Tyler,Bey,T. Bey,tyler-bey,,DNP - Coach's Decision,,,0.0,0.0,0.0,0.0,0.0,0.0,0.0,0.0,0.0,0.0,0.0,0.0,0.0,0.0,0.0,0.0,0.0,0.0,0.0,0.0,0.0,0.0,2020-21,Playoffs
0042000172,1610612742,Dallas,Mavericks,DAL,mavericks,203504,Trey,Burke,T. Burke,trey-burke,,DNP - Coach's Decision,,,0.0,0.0,0.0,0.0,0.0,0.0,0.0,0.0,0.0,0.0,0.0,0.0,0.0,0.0,0.0,0.0,0.0,0.0,0.0,0.0,0.0,0.0,2020-21,Playoffs
0042000172,1610612742,Dallas,Mavericks,DAL,mavericks,1630182,Josh,Green,J. Green,josh-green,,DNP - Coach's Decision,,,0.0,0.0,0.0,0.0,0.0,0.0,0.0,0.0,0.0,0.0,0.0,0.0,0.0,0.0,0.0,0.0,0.0,0.0,0.0,0.0,0.0,0.0,2020-21,Playoffs
0042000172,1610612742,Dallas,Mavericks,DAL,mavericks,1630207,Nate,Hinton,N. Hinton,nate-hinton,,DNP - Coach's Decision,,,0.0,0.0,0.0,0.0,0.0,0.0,0.0,0.0,0.0,0.0,0.0,0.0,0.0,0.0,0.0,0.0,0.0,0.0,0.0,0.0,0.0,0.0,2020-21,Playoffs
0042000172,1610612742,Dallas,Mavericks,DAL,mavericks,1626246,Boban,Marjanovic,B. Marjanovic,boban-marjanovic,,DNP - Coach's Decision,,,0.0,0.0,0.0,0.0,0.0,0.0,0.0,0.0,0.0,0.0,0.0,0.0,0.0,0.0,0.0,0.0,0.0,0.0,0.0,0.0,0.0,0.0,2020-21,Playoffs
0042000172,1610612746,LA,Clippers,LAC,clippers,202695,Kawhi,Leonard,K. Leonard,kawhi-leonard,F,,,40:54,121.4,121.4,128.2,128.2,-6.8,-6.8,0.174,2.0,12.9,0.061,0.121,0.091,6.5,0.762,0.807,0.303,0.303,99.17,99.17,82.64,84.0,0.208,2020-21,Playoffs
0042000172,1610612746,LA,Clippers,LAC,clippers,202694,Marcus,Morris Sr.,M. Morris Sr.,marcus-morris-sr,F,,,24:47,114.0,114.0,138.0,138.0,-24.0,-24.0,0.0,0.0,0.0,0.1,0.0,0.051,16.7,0.444,0.455,0.226,0.226,96.84,96.84,80.7,50.0,-0.048,2020-21,Playoffs
0042000172,1610612746,LA,Clippers,LAC,clippers,1627826,Ivica,Zubac,I. Zubac,ivica-zubac,C,,,21:52,100.0,100.0,137.8,137.8,-37.8,-37.8,0.0,0.0,0.0,0.08,0.211,0.136,50.0,0.5,0.5,0.075,0.075,99.9,99.9,83.25,46.0,0.034,2020-21,Playoffs
0042000172,1610612746,LA,Clippers,LAC,clippers,202331,Paul,George,P. George,paul-george,G,,,40:29,117.3,117.3,137.8,137.8,-20.5,-20.5,0.24,3.0,19.4,0.0,0.375,0.176,6.5,0.568,0.6,0.278,0.278,96.63,96.63,80.53,81.0,0.162,2020-21,Playoffs
0042000172,1610612746,LA,Clippers,LAC,clippers,201976,Patrick,Beverley,P. Beverley,patrick-beverley,G,,,23:20,113.0,113.0,131.3,131.3,-18.2,-18.2,0.15,0.0,42.9,0.0,0.0,0.0,0.0,0.375,0.375,0.083,0.083,96.66,96.66,80.55,46.0,0.014,2020-21,Playoffs
0042000172,1610612746,LA,Clippers,LAC,clippers,202704,Reggie,Jackson,R. Jackson,reggie-jackson,,,,30:04,136.5,136.5,129.7,129.7,6.8,6.8,0.074,1.0,11.8,0.0,0.136,0.067,11.8,0.542,0.582,0.224,0.224,101.37,101.37,84.48,63.0,0.08,2020-21,Playoffs
0042000172,1610612746,LA,Clippers,LAC,clippers,201587,Nicolas,Batum,N. Batum,nicolas-batum,,,,18:50,126.2,126.2,107.0,107.0,19.2,19.2,0.063,0.0,16.7,0.0,0.167,0.086,0.0,0.8,0.827,0.109,0.109,108.29,108.29,90.24,42.0,0.114,2020-21,Playoffs
0042000172,1610612746,LA,Clippers,LAC,clippers,200765,Rajon,Rondo,R. Rondo,rajon-rondo,,,,18:59,140.0,140.0,110.3,110.3,29.7,29.7,0.389,7.0,63.6,0.0,0.143,0.067,9.1,0.667,0.667,0.085,0.085,99.9,99.9,83.25,40.0,0.086,2020-21,Playoffs
0042000172,1610612746,LA,Clippers,LAC,clippers,201586,Serge,Ibaka,S. Ibaka,serge-ibaka,,,,5:35,166.7,166.7,127.3,127.3,39.4,39.4,0.0,0.0,0.0,0.0,0.0,0.0,50.0,1.0,1.0,0.167,0.167,98.98,98.98,82.49,12.0,0.044,2020-21,Playoffs
0042000172,1610612746,LA,Clippers,LAC,clippers,1629611,Terance,Mann,T. Mann,terance-mann,,,,15:10,131.0,131.0,110.0,110.0,21.0,21.0,0.0,0.0,0.0,0.273,0.143,0.2,14.3,0.6,0.68,0.212,0.212,93.33,93.33,77.78,29.0,0.101,2020-21,Playoffs
0042000172,1610612746,LA,Clippers,LAC,clippers,1629599,Amir,Coffey,A. Coffey,amir-coffey,,DNP - Coach's Decision,,,0.0,0.0,0.0,0.0,0.0,0.0,0.0,0.0,0.0,0.0,0.0,0.0,0.0,0.0,0.0,0.0,0.0,0.0,0.0,0.0,0.0,0.0,2020-21,Playoffs
0042000172,1610612746,LA,Clippers,LAC,clippers,202326,DeMarcus,Cousins,D. Cousins,demarcus-cousins,,DNP - Coach's Decision,,,0.0,0.0,0.0,0.0,0.0,0.0,0.0,0.0,0.0,0.0,0.0,0.0,0.0,0.0,0.0,0.0,0.0,0.0,0.0,0.0,0.0,0.0,2020-21,Playoffs
0042000172,1610612746,LA,Clippers,LAC,clippers,1627812,Yogi,Ferrell,Y. Ferrell,yogi-ferrell,,DNP - Coach's Decision,,,0.0,0.0,0.0,0.0,0.0,0.0,0.0,0.0,0.0,0.0,0.0,0.0,0.0,0.0,0.0,0.0,0.0,0.0,0.0,0.0,0.0,0.0,2020-21,Playoffs
0042000172,1610612746,LA,Clippers,LAC,clippers,1628379,Luke,Kennard,L. Kennard,luke-kennard,,DNP - Coach's Decision,,,0.0,0.0,0.0,0.0,0.0,0.0,0.0,0.0,0.0,0.0,0.0,0.0,0.0,0.0,0.0,0.0,0.0,0.0,0.0,0.0,0.0,0.0,2020-21,Playoffs
0042000172,1610612746,LA,Clippers,LAC,clippers,202335,Patrick,Patterson,P. Patterson,patrick-patterson,,DNP - Coach's Decision,,,0.0,0.0,0.0,0.0,0.0,0.0,0.0,0.0,0.0,0.0,0.0,0.0,0.0,0.0,0.0,0.0,0.0,0.0,0.0,0.0,0.0,0.0,2020-21,Playoffs
0042000173,1610612746,LA,Clippers,LAC,clippers,202695,Kawhi,Leonard,K. Leonard,kawhi-leonard,F,,,42:20,134.6,134.6,128.6,128.6,6.0,6.0,0.111,1.0,11.5,0.074,0.128,0.108,11.5,0.853,0.896,0.267,0.267,87.88,87.88,73.23,78.0,0.222,2020-21,Playoffs
0042000173,1610612746,LA,Clippers,LAC,clippers,202694,Marcus,Morris Sr.,M. Morris Sr.,marcus-morris-sr,F,,,33:34,127.0,127.0,131.7,131.7,-4.8,-4.8,0.042,1.0,9.1,0.0,0.027,0.018,9.1,0.833,0.833,0.154,0.154,90.09,90.09,75.07,63.0,0.056,2020-21,Playoffs
0042000173,1610612746,LA,Clippers,LAC,clippers,1627826,Ivica,Zubac,I. Zubac,ivica-zubac,C,,,11:02,115.8,115.8,126.3,126.3,-10.5,-10.5,0.0,0.0,0.0,0.273,0.0,0.15,0.0,0.333,0.333,0.12,0.12,82.66,82.66,68.88,19.0,0.016,2020-21,Playoffs
0042000173,1610612746,LA,Clippers,LAC,clippers,202331,Paul,George,P. George,paul-george,G,,,41:12,133.8,133.8,131.6,131.6,2.2,2.2,0.143,4.0,16.0,0.0,0.159,0.101,4.0,0.667,0.718,0.256,0.256,89.13,89.13,74.28,77.0,0.16,2020-21,Playoffs
0042000173,1610612746,LA,Clippers,LAC,clippers,202704,Reggie,Jackson,R. Jackson,reggie-jackson,G,,,33:35,132.3,132.3,136.5,136.5,-4.2,-4.2,0.174,2.0,22.2,0.0,0.083,0.056,11.1,0.667,0.667,0.215,0.215,89.33,89.33,74.44,62.0,0.086,2020-21,Playoffs
0042000173,1610612746,LA,Clippers,LAC,clippers,201587,Nicolas,Batum,N. Batum,nicolas-batum,,,,26:35,138.0,138.0,126.5,126.5,11.5,11.5,0.095,0.0,25.0,0.056,0.172,0.128,0.0,0.6,0.68,0.102,0.102,89.38,89.38,74.48,50.0,0.123,2020-21,Playoffs
0042000173,1610612746,LA,Clippers,LAC,clippers,200765,Rajon,Rondo,R. Rondo,rajon-rondo,,,,26:08,150.0,150.0,106.8,106.8,43.2,43.2,0.348,4.0,44.4,0.0,0.143,0.083,11.1,0.357,0.381,0.182,0.182,82.66,82.66,68.89,46.0,0.077,2020-21,Playoffs
0042000173,1610612746,LA,Clippers,LAC,clippers,1629611,Terance,Mann,T. Mann,terance-mann,,,,19:24,128.6,128.6,77.1,77.1,51.4,51.4,0.111,0.0,40.0,0.063,0.238,0.162,0.0,0.333,0.515,0.071,0.071,86.58,86.58,72.15,35.0,0.143,2020-21,Playoffs
0042000173,1610612746,LA,Clippers,LAC,clippers,201976,Patrick,Beverley,P. Beverley,patrick-beverley,,,,5:38,136.4,136.4,109.1,109.1,27.3,27.3,0.0,0.0,0.0,0.0,0.25,0.111,0.0,0.5,0.5,0.167,0.167,93.73,93.73,78.11,11.0,0.078,2020-21,Playoffs
0042000173,1610612746,LA,Clippers,LAC,clippers,1629599,Amir,Coffey,A. Coffey,amir-coffey,,,,0:16,0.0,0.0,0.0,0.0,0.0,0.0,0.0,0.0,0.0,0.0,0.0,0.0,0.0,0.0,0.0,0.0,0.0,88.89,88.89,74.07,0.0,0.0,2020-21,Playoffs
0042000173,1610612746,LA,Clippers,LAC,clippers,1627812,Yogi,Ferrell,Y. Ferrell,yogi-ferrell,,,,0:16,0.0,0.0,0.0,0.0,0.0,0.0,0.0,0.0,0.0,0.0,0.0,0.0,0.0,0.0,0.0,0.0,0.0,88.89,88.89,74.07,0.0,0.0,2020-21,Playoffs
0042000173,1610612746,LA,Clippers,LAC,clippers,202326,DeMarcus,Cousins,D. Cousins,demarcus-cousins,,DNP - Coach's Decision,,,0.0,0.0,0.0,0.0,0.0,0.0,0.0,0.0,0.0,0.0,0.0,0.0,0.0,0.0,0.0,0.0,0.0,0.0,0.0,0.0,0.0,0.0,2020-21,Playoffs
0042000173,1610612746,LA,Clippers,LAC,clippers,1628379,Luke,Kennard,L. Kennard,luke-kennard,,DNP - Coach's Decision,,,0.0,0.0,0.0,0.0,0.0,0.0,0.0,0.0,0.0,0.0,0.0,0.0,0.0,0.0,0.0,0.0,0.0,0.0,0.0,0.0,0.0,0.0,2020-21,Playoffs
0042000173,1610612746,LA,Clippers,LAC,clippers,1630187,Daniel,Oturu,D. Oturu,daniel-oturu,,DNP - Coach's Decision,,,0.0,0.0,0.0,0.0,0.0,0.0,0.0,0.0,0.0,0.0,0.0,0.0,0.0,0.0,0.0,0.0,0.0,0.0,0.0,0.0,0.0,0.0,2020-21,Playoffs
0042000173,1610612746,LA,Clippers,LAC,clippers,202335,Patrick,Patterson,P. Patterson,patrick-patterson,,DNP - Coach's Decision,,,0.0,0.0,0.0,0.0,0.0,0.0,0.0,0.0,0.0,0.0,0.0,0.0,0.0,0.0,0.0,0.0,0.0,0.0,0.0,0.0,0.0,0.0,2020-21,Playoffs
0042000173,1610612742,Dallas,Mavericks,DAL,mavericks,1627827,Dorian,Finney-Smith,D. Finney-Smith,dorian-finney-smith,F,,,37:31,137.7,137.7,125.0,125.0,12.7,12.7,0.033,0.0,9.1,0.139,0.08,0.115,0.0,0.3,0.3,0.122,0.122,90.2,90.2,75.17,69.0,0.009,2020-21,Playoffs
0042000173,1610612742,Dallas,Mavericks,DAL,mavericks,204001,Kristaps,Porziņģis,K. Porziņģis,kristaps-porziņģis,F,,,33:57,128.6,128.6,142.9,142.9,-14.3,-14.3,0.16,4.0,26.7,0.054,0.059,0.056,6.7,0.35,0.414,0.147,0.147,89.07,89.07,74.23,63.0,0.033,2020-21,Playoffs
0042000173,1610612742,Dallas,Mavericks,DAL,mavericks,1628467,Maxi,Kleber,M. Kleber,maxi-kleber,C,,,35:01,130.8,130.8,138.2,138.2,-7.5,-7.5,0.038,1.0,9.1,0.0,0.048,0.016,9.1,0.778,0.778,0.123,0.123,91.16,91.16,75.96,65.0,0.065,2020-21,Playoffs
0042000173,1610612742,Dallas,Mavericks,DAL,mavericks,203501,Tim,Hardaway Jr.,T. Hardaway Jr.,tim-hardaway-jr,G,,,40:17,127.0,127.0,134.7,134.7,-7.6,-7.6,0.0,0.0,0.0,0.022,0.2,0.085,0.0,0.429,0.429,0.156,0.156,88.77,88.77,73.98,74.0,0.032,2020-21,Playoffs
0042000173,1610612742,Dallas,Mavericks,DAL,mavericks,1629029,Luka,Dončić,L. Dončić,luka-dončić,G,,,38:36,133.8,133.8,127.8,127.8,6.0,6.0,0.5,1.8,18.8,0.05,0.259,0.134,10.4,0.661,0.652,0.443,0.443,88.91,88.91,74.09,71.0,0.223,2020-21,Playoffs
0042000173,1610612742,Dallas,Mavericks,DAL,mavericks,1628973,Jalen,Brunson,J. Brunson,jalen-brunson,,,,21:59,100.0,100.0,150.0,150.0,-50.0,-50.0,0.125,0.0,11.1,0.0,0.154,0.057,0.0,0.875,0.875,0.186,0.186,82.97,82.97,69.14,38.0,0.159,2020-21,Playoffs
0042000173,1610612742,Dallas,Mavericks,DAL,mavericks,1626196,Josh,Richardson,J. Richardson,josh-richardson,,,,15:40,84.6,84.6,134.6,134.6,-50.0,-50.0,0.0,0.0,0.0,0.059,0.0,0.032,0.0,0.4,0.4,0.161,0.161,79.66,79.66,66.38,26.0,0.011,2020-21,Playoffs
0042000173,1610612742,Dallas,Mavericks,DAL,mavericks,1626161,Willie,Cauley-Stein,W. Cauley-Stein,willie-cauley-stein,,,,14:03,112.5,112.5,107.7,107.7,4.8,4.8,0.111,1.0,20.0,0.143,0.133,0.138,20.0,0.5,0.753,0.133,0.133,85.41,85.41,71.17,24.0,0.143,2020-21,Playoffs
0042000173,1610612742,Dallas,Mavericks,DAL,mavericks,203939,Dwight,Powell,D. Powell,dwight-powell,,,,2:56,60.0,60.0,60.0,60.0,0.0,0.0,0.0,0.0,0.0,0.0,0.0,0.0,0.0,0.0,0.0,0.0,0.0,81.82,81.82,68.18,5.0,0.0,2020-21,Playoffs
0042000173,1610612742,Dallas,Mavericks,DAL,mavericks,1630189,Tyler,Bey,T. Bey,tyler-bey,,DNP - Coach's Decision,,,0.0,0.0,0.0,0.0,0.0,0.0,0.0,0.0,0.0,0.0,0.0,0.0,0.0,0.0,0.0,0.0,0.0,0.0,0.0,0.0,0.0,0.0,2020-21,Playoffs
0042000173,1610612742,Dallas,Mavericks,DAL,mavericks,203504,Trey,Burke,T. Burke,trey-burke,,DNP - Coach's Decision,,,0.0,0.0,0.0,0.0,0.0,0.0,0.0,0.0,0.0,0.0,0.0,0.0,0.0,0.0,0.0,0.0,0.0,0.0,0.0,0.0,0.0,0.0,2020-21,Playoffs
0042000173,1610612742,Dallas,Mavericks,DAL,mavericks,1630182,Josh,Green,J. Green,josh-green,,DNP - Coach's Decision,,,0.0,0.0,0.0,0.0,0.0,0.0,0.0,0.0,0.0,0.0,0.0,0.0,0.0,0.0,0.0,0.0,0.0,0.0,0.0,0.0,0.0,0.0,2020-21,Playoffs
0042000173,1610612742,Dallas,Mavericks,DAL,mavericks,1630207,Nate,Hinton,N. Hinton,nate-hinton,,DNP - Coach's Decision,,,0.0,0.0,0.0,0.0,0.0,0.0,0.0,0.0,0.0,0.0,0.0,0.0,0.0,0.0,0.0,0.0,0.0,0.0,0.0,0.0,0.0,0.0,2020-21,Playoffs
0042000173,1610612742,Dallas,Mavericks,DAL,mavericks,1626246,Boban,Marjanovic,B. Marjanovic,boban-marjanovic,,DNP - Coach's Decision,,,0.0,0.0,0.0,0.0,0.0,0.0,0.0,0.0,0.0,0.0,0.0,0.0,0.0,0.0,0.0,0.0,0.0,0.0,0.0,0.0,0.0,0.0,2020-21,Playoffs
0042000173,1610612742,Dallas,Mavericks,DAL,mavericks,1629740,Nicolo,Melli,N. Melli,nicolo-melli,,DNP - Coach's Decision,,,0.0,0.0,0.0,0.0,0.0,0.0,0.0,0.0,0.0,0.0,0.0,0.0,0.0,0.0,0.0,0.0,0.0,0.0,0.0,0.0,0.0,0.0,2020-21,Playoffs
0042000174,1610612746,LA,Clippers,LAC,clippers,202695,Kawhi,Leonard,K. Leonard,kawhi-leonard,F,,,35:22,115.7,115.7,76.1,76.1,39.7,39.7,0.176,1.0,12.5,0.1,0.146,0.128,12.5,0.8,0.822,0.276,0.276,95.69,95.69,79.74,70.0,0.318,2020-21,Playoffs
0042000174,1610612746,LA,Clippers,LAC,clippers,202694,Marcus,Morris Sr.,M. Morris Sr.,marcus-morris-sr,F,,,29:24,103.6,103.6,86.4,86.4,17.1,17.1,0.133,0.0,25.0,0.0,0.235,0.125,0.0,0.7,0.765,0.098,0.098,93.88,93.88,78.23,56.0,0.174,2020-21,Playoffs
0042000174,1610612746,LA,Clippers,LAC,clippers,201587,Nicolas,Batum,N. Batum,nicolas-batum,C,,,36:08,120.0,120.0,78.1,78.1,41.9,41.9,0.0,0.0,0.0,0.0,0.1,0.061,16.7,0.5,0.512,0.156,0.156,94.98,94.98,79.15,70.0,0.093,2020-21,Playoffs
0042000174,1610612746,LA,Clippers,LAC,clippers,202331,Paul,George,P. George,paul-george,G,,,35:14,110.1,110.1,82.6,82.6,27.5,27.5,0.158,1.0,12.0,0.0,0.209,0.117,12.0,0.469,0.536,0.289,0.289,94.0,94.0,78.33,69.0,0.153,2020-21,Playoffs
0042000174,1610612746,LA,Clippers,LAC,clippers,202704,Reggie,Jackson,R. Jackson,reggie-jackson,G,,,30:30,124.1,124.1,90.0,90.0,34.1,34.1,0.111,0.0,13.3,0.034,0.095,0.07,0.0,0.542,0.582,0.197,0.197,92.85,92.85,77.38,58.0,0.122,2020-21,Playoffs
0042000174,1610612746,LA,Clippers,LAC,clippers,1627826,Ivica,Zubac,I. Zubac,ivica-zubac,,,,17:38,112.1,112.1,80.6,80.6,31.6,31.6,0.0,0.0,0.0,0.176,0.167,0.171,14.3,0.4,0.425,0.184,0.184,93.91,93.91,78.26,33.0,-0.012,2020-21,Playoffs
0042000174,1610612746,LA,Clippers,LAC,clippers,200765,Rajon,Rondo,R. Rondo,rajon-rondo,,,,20:26,115.4,115.4,75.6,75.6,39.8,39.8,0.286,2.0,33.3,0.056,0.133,0.104,16.7,0.583,0.583,0.186,0.186,93.96,93.96,78.3,39.0,0.192,2020-21,Playoffs
0042000174,1610612746,LA,Clippers,LAC,clippers,1629611,Terance,Mann,T. Mann,terance-mann,,,,14:51,100.0,100.0,93.3,93.3,6.7,6.7,0.0,0.0,0.0,0.071,0.0,0.029,0.0,0.0,0.174,0.1,0.1,93.74,93.74,78.11,28.0,-0.056,2020-21,Playoffs
0042000174,1610612746,LA,Clippers,LAC,clippers,201976,Patrick,Beverley,P. Beverley,patrick-beverley,,,,5:05,122.2,122.2,109.1,109.1,13.1,13.1,0.0,0.0,0.0,0.0,0.167,0.091,0.0,0.333,0.436,0.3,0.3,94.4,94.4,78.66,9.0,0.114,2020-21,Playoffs
0042000174,1610612746,LA,Clippers,LAC,clippers,1629599,Amir,Coffey,A. Coffey,amir-coffey,,,,4:14,125.0,125.0,100.0,100.0,25.0,25.0,0.0,0.0,0.0,0.0,0.0,0.0,0.0,1.25,1.25,0.25,0.25,96.38,96.38,80.31,8.0,0.313,2020-21,Playoffs
0042000174,1610612746,LA,Clippers,LAC,clippers,1628379,Luke,Kennard,L. Kennard,luke-kennard,,,,4:14,125.0,125.0,100.0,100.0,25.0,25.0,0.25,0.0,50.0,0.0,0.2,0.125,0.0,0.0,0.0,0.125,0.125,96.38,96.38,80.31,8.0,0.063,2020-21,Playoffs
0042000174,1610612746,LA,Clippers,LAC,clippers,1630187,Daniel,Oturu,D. Oturu,daniel-oturu,,,,4:14,125.0,125.0,100.0,100.0,25.0,25.0,0.0,0.0,0.0,0.0,0.0,0.0,0.0,1.0,1.0,0.125,0.125,96.38,96.38,80.31,8.0,0.031,2020-21,Playoffs
0042000174,1610612746,LA,Clippers,LAC,clippers,1627812,Yogi,Ferrell,Y. Ferrell,yogi-ferrell,,,,2:40,133.3,133.3,83.3,83.3,50.0,50.0,0.333,0.0,50.0,0.0,0.5,0.25,0.0,0.0,0.0,0.167,0.167,108.0,108.0,90.0,6.0,0.083,2020-21,Playoffs
0042000174,1610612746,LA,Clippers,LAC,clippers,202326,DeMarcus,Cousins,D. Cousins,demarcus-cousins,,DNP - Coach's Decision,,,0.0,0.0,0.0,0.0,0.0,0.0,0.0,0.0,0.0,0.0,0.0,0.0,0.0,0.0,0.0,0.0,0.0,0.0,0.0,0.0,0.0,0.0,2020-21,Playoffs
0042000174,1610612746,LA,Clippers,LAC,clippers,202335,Patrick,Patterson,P. Patterson,patrick-patterson,,DNP - Coach's Decision,,,0.0,0.0,0.0,0.0,0.0,0.0,0.0,0.0,0.0,0.0,0.0,0.0,0.0,0.0,0.0,0.0,0.0,0.0,0.0,0.0,0.0,0.0,2020-21,Playoffs
0042000174,1610612742,Dallas,Mavericks,DAL,mavericks,1627827,Dorian,Finney-Smith,D. Finney-Smith,dorian-finney-smith,F,,,38:08,85.5,85.5,112.2,112.2,-26.6,-26.6,0.042,0.33,7.7,0.042,0.162,0.094,23.1,0.444,0.444,0.136,0.136,94.41,94.41,78.67,76.0,0.027,2020-21,Playoffs
0042000174,1610612742,Dallas,Mavericks,DAL,mavericks,204001,Kristaps,Porziņģis,K. Porziņģis,kristaps-porziņģis,F,,,27:39,76.4,76.4,116.7,116.7,-40.3,-40.3,0.0,0.0,0.0,0.027,0.16,0.081,0.0,0.583,0.634,0.219,0.219,94.61,94.61,78.84,55.0,0.188,2020-21,Playoffs
0042000174,1610612742,Dallas,Mavericks,DAL,mavericks,1628467,Maxi,Kleber,M. Kleber,maxi-kleber,C,,,32:12,75.4,75.4,117.5,117.5,-42.1,-42.1,0.095,0.0,40.0,0.0,0.179,0.068,0.0,0.0,0.0,0.039,0.039,95.4,95.4,79.5,65.0,0.011,2020-21,Playoffs
0042000174,1610612742,Dallas,Mavericks,DAL,mavericks,203501,Tim,Hardaway Jr.,T. Hardaway Jr.,tim-hardaway-jr,G,,,25:08,91.8,91.8,104.0,104.0,-12.2,-12.2,0.059,0.0,10.0,0.0,0.042,0.018,0.0,0.125,0.225,0.158,0.158,94.52,94.52,78.76,49.0,-0.08,2020-21,Playoffs
0042000174,1610612742,Dallas,Mavericks,DAL,mavericks,1629029,Luka,Dončić,L. Dončić,luka-dončić,G,,,35:37,83.3,83.3,108.6,108.6,-25.2,-25.2,0.375,1.5,16.7,0.0,0.171,0.076,11.1,0.396,0.363,0.37,0.37,95.67,95.67,79.73,72.0,0.066,2020-21,Playoffs
0042000174,1610612742,Dallas,Mavericks,DAL,mavericks,1626246,Boban,Marjanovic,B. Marjanovic,boban-marjanovic,,,,14:45,90.3,90.3,86.2,86.2,4.1,4.1,0.0,0.0,0.0,0.118,0.267,0.188,9.1,0.556,0.607,0.314,0.314,97.63,97.63,81.36,31.0,0.265,2020-21,Playoffs
0042000174,1610612742,Dallas,Mavericks,DAL,mavericks,1626196,Josh,Richardson,J. Richardson,josh-richardson,,,,20:43,76.9,76.9,121.6,121.6,-44.7,-44.7,0.0,0.0,0.0,0.065,0.056,0.061,0.0,0.357,0.357,0.149,0.149,88.05,88.05,73.37,39.0,0.038,2020-21,Playoffs
0042000174,1610612742,Dallas,Mavericks,DAL,mavericks,1626161,Willie,Cauley-Stein,W. Cauley-Stein,willie-cauley-stein,,,,5:23,90.9,90.9,145.5,145.5,-54.5,-54.5,0.25,0.0,50.0,0.0,0.0,0.0,0.0,0.0,0.0,0.077,0.077,98.08,98.08,81.73,11.0,0.0,2020-21,Playoffs
0042000174,1610612742,Dallas,Mavericks,DAL,mavericks,1628973,Jalen,Brunson,J. Brunson,jalen-brunson,,,,18:52,86.5,86.5,113.9,113.9,-27.4,-27.4,0.375,0.0,25.0,0.08,0.118,0.095,0.0,0.313,0.394,0.205,0.205,92.86,92.86,77.39,37.0,0.128,2020-21,Playoffs
0042000174,1610612742,Dallas,Mavericks,DAL,mavericks,203504,Trey,Burke,T. Burke,trey-burke,,,,8:50,85.0,85.0,131.6,131.6,-46.6,-46.6,0.2,0.0,16.7,0.077,0.0,0.05,0.0,0.0,0.102,0.208,0.208,105.88,105.88,88.24,20.0,-0.064,2020-21,Playoffs
0042000174,1610612742,Dallas,Mavericks,DAL,mavericks,203939,Dwight,Powell,D. Powell,dwight-powell,,,,4:14,100.0,100.0,125.0,125.0,-25.0,-25.0,0.0,0.0,0.0,0.0,0.0,0.0,0.0,1.0,0.931,0.364,0.364,96.38,96.38,80.31,9.0,0.375,2020-21,Playoffs
0042000174,1610612742,Dallas,Mavericks,DAL,mavericks,1630182,Josh,Green,J. Green,josh-green,,,,4:14,100.0,100.0,125.0,125.0,-25.0,-25.0,0.0,0.0,0.0,0.0,0.0,0.0,0.0,0.0,0.0,0.0,0.0,96.38,96.38,80.31,9.0,0.0,2020-21,Playoffs
0042000174,1610612742,Dallas,Mavericks,DAL,mavericks,1629740,Nicolo,Melli,N. Melli,nicolo-melli,,,,4:14,100.0,100.0,125.0,125.0,-25.0,-25.0,0.0,0.0,0.0,0.0,0.667,0.25,0.0,0.0,0.0,0.182,0.182,96.38,96.38,80.31,9.0,-0.063,2020-21,Playoffs
0042000174,1610612742,Dallas,Mavericks,DAL,mavericks,1630189,Tyler,Bey,T. Bey,tyler-bey,,DNP - Coach's Decision,,,0.0,0.0,0.0,0.0,0.0,0.0,0.0,0.0,0.0,0.0,0.0,0.0,0.0,0.0,0.0,0.0,0.0,0.0,0.0,0.0,0.0,0.0,2020-21,Playoffs
0042000174,1610612742,Dallas,Mavericks,DAL,mavericks,1630207,Nate,Hinton,N. Hinton,nate-hinton,,DNP - Coach's Decision,,,0.0,0.0,0.0,0.0,0.0,0.0,0.0,0.0,0.0,0.0,0.0,0.0,0.0,0.0,0.0,0.0,0.0,0.0,0.0,0.0,0.0,0.0,2020-21,Playoffs
0042000175,1610612742,Dallas,Mavericks,DAL,mavericks,1627827,Dorian,Finney-Smith,D. Finney-Smith,dorian-finney-smith,F,,,40:25,124.7,124.7,105.1,105.1,19.5,19.5,0.065,0.0,16.7,0.049,0.048,0.048,0.0,0.333,0.405,0.112,0.112,92.04,92.04,76.7,77.0,0.059,2020-21,Playoffs
0042000175,1610612742,Dallas,Mavericks,DAL,mavericks,204001,Kristaps,Porziņģis,K. Porziņģis,kristaps-porziņģis,F,,,29:51,111.9,111.9,103.4,103.4,8.5,8.5,0.0,0.0,0.0,0.061,0.143,0.098,0.0,0.667,0.667,0.086,0.086,94.88,94.88,79.07,59.0,0.057,2020-21,Playoffs
0042000175,1610612742,Dallas,Mavericks,DAL,mavericks,1626246,Boban,Marjanovic,B. Marjanovic,boban-marjanovic,C,,,20:04,102.6,102.6,132.4,132.4,-29.9,-29.9,0.0,0.0,0.0,0.083,0.25,0.159,11.1,0.5,0.58,0.191,0.191,90.9,90.9,75.75,39.0,0.085,2020-21,Playoffs
0042000175,1610612742,Dallas,Mavericks,DAL,mavericks,203501,Tim,Hardaway Jr.,T. Hardaway Jr.,tim-hardaway-jr,G,,,45:13,116.1,116.1,109.2,109.2,6.9,6.9,0.067,0.0,8.7,0.02,0.13,0.073,0.0,0.395,0.472,0.208,0.208,92.34,92.34,76.95,87.0,0.087,2020-21,Playoffs
0042000175,1610612742,Dallas,Mavericks,DAL,mavericks,1629029,Luka,Dončić,L. Dončić,luka-dončić,G,,,42:31,124.7,124.7,106.2,106.2,18.5,18.5,0.778,3.5,25.0,0.023,0.175,0.096,7.1,0.541,0.548,0.452,0.452,91.46,91.46,76.22,81.0,0.221,2020-21,Playoffs
0042000175,1610612742,Dallas,Mavericks,DAL,mavericks,1628467,Maxi,Kleber,M. Kleber,maxi-kleber,,,,19:11,116.2,116.2,107.9,107.9,8.3,8.3,0.0,0.0,0.0,0.0,0.13,0.07,0.0,0.5,0.581,0.075,0.075,93.84,93.84,78.2,37.0,0.0,2020-21,Playoffs
0042000175,1610612742,Dallas,Mavericks,DAL,mavericks,203939,Dwight,Powell,D. Powell,dwight-powell,,,,21:30,124.4,124.4,100.0,100.0,24.4,24.4,0.125,2.0,28.6,0.125,0.2,0.159,14.3,1.0,1.031,0.106,0.106,91.51,91.51,76.26,41.0,0.129,2020-21,Playoffs
0042000175,1610612742,Dallas,Mavericks,DAL,mavericks,1628973,Jalen,Brunson,J. Brunson,jalen-brunson,,,,10:05,65.0,65.0,104.5,104.5,-39.5,-39.5,0.0,0.0,0.0,0.0,0.0,0.0,0.0,0.333,0.333,0.136,0.136,99.9,99.9,83.25,20.0,0.0,2020-21,Playoffs
0042000175,1610612742,Dallas,Mavericks,DAL,mavericks,1626196,Josh,Richardson,J. Richardson,josh-richardson,,,,5:54,50.0,50.0,93.3,93.3,-43.3,-43.3,0.5,1.0,20.0,0.0,0.091,0.048,20.0,0.0,0.347,0.286,0.286,109.71,109.71,91.42,12.0,0.077,2020-21,Playoffs
0042000175,1610612742,Dallas,Mavericks,DAL,mavericks,1626161,Willie,Cauley-Stein,W. Cauley-Stein,willie-cauley-stein,,,,5:15,88.9,88.9,80.0,80.0,8.9,8.9,0.0,0.0,0.0,0.0,0.25,0.154,50.0,1.0,1.0,0.222,0.222,86.86,86.86,72.38,9.0,0.185,2020-21,Playoffs
0042000175,1610612742,Dallas,Mavericks,DAL,mavericks,1630189,Tyler,Bey,T. Bey,tyler-bey,,DNP - Coach's Decision,,,0.0,0.0,0.0,0.0,0.0,0.0,0.0,0.0,0.0,0.0,0.0,0.0,0.0,0.0,0.0,0.0,0.0,0.0,0.0,0.0,0.0,0.0,2020-21,Playoffs
0042000175,1610612742,Dallas,Mavericks,DAL,mavericks,203504,Trey,Burke,T. Burke,trey-burke,,DNP - Coach's Decision,,,0.0,0.0,0.0,0.0,0.0,0.0,0.0,0.0,0.0,0.0,0.0,0.0,0.0,0.0,0.0,0.0,0.0,0.0,0.0,0.0,0.0,0.0,2020-21,Playoffs
0042000175,1610612742,Dallas,Mavericks,DAL,mavericks,1630182,Josh,Green,J. Green,josh-green,,DNP - Coach's Decision,,,0.0,0.0,0.0,0.0,0.0,0.0,0.0,0.0,0.0,0.0,0.0,0.0,0.0,0.0,0.0,0.0,0.0,0.0,0.0,0.0,0.0,0.0,2020-21,Playoffs
0042000175,1610612742,Dallas,Mavericks,DAL,mavericks,1630207,Nate,Hinton,N. Hinton,nate-hinton,,DNP - Coach's Decision,,,0.0,0.0,0.0,0.0,0.0,0.0,0.0,0.0,0.0,0.0,0.0,0.0,0.0,0.0,0.0,0.0,0.0,0.0,0.0,0.0,0.0,0.0,2020-21,Playoffs
0042000175,1610612742,Dallas,Mavericks,DAL,mavericks,1629740,Nicolo,Melli,N. Melli,nicolo-melli,,DNP - Coach's Decision,,,0.0,0.0,0.0,0.0,0.0,0.0,0.0,0.0,0.0,0.0,0.0,0.0,0.0,0.0,0.0,0.0,0.0,0.0,0.0,0.0,0.0,0.0,2020-21,Playoffs
0042000175,1610612746,LA,Clippers,LAC,clippers,202695,Kawhi,Leonard,K. Leonard,kawhi-leonard,F,,,41:32,107.5,107.5,120.5,120.5,-13.0,-13.0,0.227,1.0,16.1,0.024,0.093,0.059,16.1,0.395,0.462,0.286,0.286,91.3,91.3,76.09,80.0,0.071,2020-21,Playoffs
0042000175,1610612746,LA,Clippers,LAC,clippers,202694,Marcus,Morris Sr.,M. Morris Sr.,marcus-morris-sr,F,,,42:09,106.1,106.1,122.2,122.2,-16.1,-16.1,0.13,0.0,17.6,0.021,0.136,0.077,0.0,0.538,0.576,0.146,0.146,92.81,92.81,77.34,82.0,0.096,2020-21,Playoffs
0042000175,1610612746,LA,Clippers,LAC,clippers,201587,Nicolas,Batum,N. Batum,nicolas-batum,C,,,33:08,115.4,115.4,87.7,87.7,27.7,27.7,0.091,0.0,18.2,0.1,0.093,0.096,0.0,0.429,0.571,0.123,0.123,94.17,94.17,78.48,65.0,0.109,2020-21,Playoffs
0042000175,1610612746,LA,Clippers,LAC,clippers,202331,Paul,George,P. George,paul-george,G,,,38:31,121.3,121.3,98.7,98.7,22.7,22.7,0.261,1.5,21.4,0.0,0.222,0.116,14.3,0.567,0.652,0.253,0.253,93.45,93.45,77.87,75.0,0.172,2020-21,Playoffs
0042000175,1610612746,LA,Clippers,LAC,clippers,202704,Reggie,Jackson,R. Jackson,reggie-jackson,G,,,28:47,112.1,112.1,110.9,110.9,1.2,1.2,0.188,3.0,15.0,0.033,0.03,0.032,5.0,0.625,0.625,0.258,0.258,94.24,94.24,78.53,58.0,0.09,2020-21,Playoffs
0042000175,1610612746,LA,Clippers,LAC,clippers,200765,Rajon,Rondo,R. Rondo,rajon-rondo,,,,20:42,92.9,92.9,141.5,141.5,-48.6,-48.6,0.5,3.0,40.0,0.0,0.105,0.049,13.3,0.0,0.073,0.18,0.18,96.2,96.2,80.17,42.0,-0.029,2020-21,Playoffs
0042000175,1610612746,LA,Clippers,LAC,clippers,1627826,Ivica,Zubac,I. Zubac,ivica-zubac,,,,19:58,89.5,89.5,132.5,132.5,-43.0,-43.0,0.0,0.0,0.0,0.154,0.35,0.239,0.0,1.0,0.904,0.064,0.064,93.73,93.73,78.11,38.0,0.176,2020-21,Playoffs
0042000175,1610612746,LA,Clippers,LAC,clippers,1629611,Terance,Mann,T. Mann,terance-mann,,,,15:01,76.7,76.7,90.0,90.0,-13.3,-13.3,0.0,0.0,0.0,0.0,0.167,0.1,0.0,1.0,0.694,0.1,0.1,95.86,95.86,79.88,30.0,0.171,2020-21,Playoffs
0042000175,1610612746,LA,Clippers,LAC,clippers,201976,Patrick,Beverley,P. Beverley,patrick-beverley,,,,0:11,0.0,0.0,200.0,200.0,-200.0,-200.0,0.0,0.0,0.0,0.0,0.0,0.0,0.0,0.0,0.0,0.0,0.0,259.46,259.46,216.22,1.0,0.0,2020-21,Playoffs
0042000175,1610612746,LA,Clippers,LAC,clippers,1629599,Amir,Coffey,A. Coffey,amir-coffey,,DNP - Coach's Decision,,,0.0,0.0,0.0,0.0,0.0,0.0,0.0,0.0,0.0,0.0,0.0,0.0,0.0,0.0,0.0,0.0,0.0,0.0,0.0,0.0,0.0,0.0,2020-21,Playoffs
0042000175,1610612746,LA,Clippers,LAC,clippers,202326,DeMarcus,Cousins,D. Cousins,demarcus-cousins,,DNP - Coach's Decision,,,0.0,0.0,0.0,0.0,0.0,0.0,0.0,0.0,0.0,0.0,0.0,0.0,0.0,0.0,0.0,0.0,0.0,0.0,0.0,0.0,0.0,0.0,2020-21,Playoffs
0042000175,1610612746,LA,Clippers,LAC,clippers,1627812,Yogi,Ferrell,Y. Ferrell,yogi-ferrell,,DNP - Coach's Decision,,,0.0,0.0,0.0,0.0,0.0,0.0,0.0,0.0,0.0,0.0,0.0,0.0,0.0,0.0,0.0,0.0,0.0,0.0,0.0,0.0,0.0,0.0,2020-21,Playoffs
0042000175,1610612746,LA,Clippers,LAC,clippers,1628379,Luke,Kennard,L. Kennard,luke-kennard,,DNP - Coach's Decision,,,0.0,0.0,0.0,0.0,0.0,0.0,0.0,0.0,0.0,0.0,0.0,0.0,0.0,0.0,0.0,0.0,0.0,0.0,0.0,0.0,0.0,0.0,2020-21,Playoffs
0042000175,1610612746,LA,Clippers,LAC,clippers,1630187,Daniel,Oturu,D. Oturu,daniel-oturu,,DNP - Coach's Decision,,,0.0,0.0,0.0,0.0,0.0,0.0,0.0,0.0,0.0,0.0,0.0,0.0,0.0,0.0,0.0,0.0,0.0,0.0,0.0,0.0,0.0,0.0,2020-21,Playoffs
0042000175,1610612746,LA,Clippers,LAC,clippers,202335,Patrick,Patterson,P. Patterson,patrick-patterson,,DNP - Coach's Decision,,,0.0,0.0,0.0,0.0,0.0,0.0,0.0,0.0,0.0,0.0,0.0,0.0,0.0,0.0,0.0,0.0,0.0,0.0,0.0,0.0,0.0,0.0,2020-21,Playoffs
0042000176,1610612746,LA,Clippers,LAC,clippers,202695,Kawhi,Leonard,K. Leonard,kawhi-leonard,F,,,41:48,109.3,109.3,100.0,100.0,9.3,9.3,0.2,0.75,9.1,0.054,0.087,0.072,12.1,0.82,0.841,0.323,0.323,98.76,98.76,82.3,86.0,0.268,2020-21,Playoffs
0042000176,1610612746,LA,Clippers,LAC,clippers,202694,Marcus,Morris Sr.,M. Morris Sr.,marcus-morris-sr,F,,,41:33,108.2,108.2,101.2,101.2,7.1,7.1,0.031,0.0,8.3,0.0,0.064,0.035,0.0,0.1,0.184,0.12,0.12,98.19,98.19,81.83,85.0,-0.013,2020-21,Playoffs
0042000176,1610612746,LA,Clippers,LAC,clippers,201587,Nicolas,Batum,N. Batum,nicolas-batum,C,,,36:43,105.4,105.4,104.0,104.0,1.4,1.4,0.125,0.0,30.0,0.0,0.125,0.069,0.0,0.333,0.436,0.088,0.088,97.42,97.42,81.18,74.0,0.072,2020-21,Playoffs
0042000176,1610612746,LA,Clippers,LAC,clippers,202331,Paul,George,P. George,paul-george,G,,,45:58,110.6,110.6,100.0,100.0,10.6,10.6,0.2,1.2,19.4,0.049,0.216,0.141,16.1,0.467,0.515,0.248,0.248,98.68,98.68,82.23,94.0,0.11,2020-21,Playoffs
0042000176,1610612746,LA,Clippers,LAC,clippers,202704,Reggie,Jackson,R. Jackson,reggie-jackson,G,,,37:51,118.7,118.7,101.3,101.3,17.3,17.3,0.182,1.0,14.8,0.0,0.209,0.122,14.8,0.633,0.675,0.277,0.277,95.11,95.11,79.26,75.0,0.144,2020-21,Playoffs
0042000176,1610612746,LA,Clippers,LAC,clippers,1629611,Terance,Mann,T. Mann,terance-mann,,,,10:52,72.7,72.7,65.2,65.2,7.5,7.5,0.0,0.0,0.0,0.0,0.0,0.0,0.0,0.0,0.0,0.0,0.0,99.45,99.45,82.87,22.0,-0.065,2020-21,Playoffs
0042000176,1610612746,LA,Clippers,LAC,clippers,200765,Rajon,Rondo,R. Rondo,rajon-rondo,,,,10:03,71.4,71.4,95.5,95.5,-24.0,-24.0,0.167,0.0,33.3,0.0,0.0,0.0,0.0,0.0,0.0,0.095,0.095,102.62,102.62,85.52,21.0,-0.062,2020-21,Playoffs
0042000176,1610612746,LA,Clippers,LAC,clippers,1627826,Ivica,Zubac,I. Zubac,ivica-zubac,,,,5:11,100.0,100.0,100.0,100.0,0.0,0.0,0.0,0.0,0.0,0.4,0.8,0.6,0.0,0.0,1.136,0.083,0.083,87.97,87.97,73.31,10.0,0.56,2020-21,Playoffs
0042000176,1610612746,LA,Clippers,LAC,clippers,1628379,Luke,Kennard,L. Kennard,luke-kennard,,,,10:02,110.0,110.0,90.5,90.5,19.5,19.5,0.0,0.0,0.0,0.0,0.0,0.0,0.0,0.25,0.25,0.174,0.174,98.15,98.15,81.8,20.0,0.0,2020-21,Playoffs
0042000176,1610612746,LA,Clippers,LAC,clippers,201976,Patrick,Beverley,P. Beverley,patrick-beverley,,DNP - Coach's Decision,,,0.0,0.0,0.0,0.0,0.0,0.0,0.0,0.0,0.0,0.0,0.0,0.0,0.0,0.0,0.0,0.0,0.0,0.0,0.0,0.0,0.0,0.0,2020-21,Playoffs
0042000176,1610612746,LA,Clippers,LAC,clippers,1629599,Amir,Coffey,A. Coffey,amir-coffey,,DNP - Coach's Decision,,,0.0,0.0,0.0,0.0,0.0,0.0,0.0,0.0,0.0,0.0,0.0,0.0,0.0,0.0,0.0,0.0,0.0,0.0,0.0,0.0,0.0,0.0,2020-21,Playoffs
0042000176,1610612746,LA,Clippers,LAC,clippers,202326,DeMarcus,Cousins,D. Cousins,demarcus-cousins,,DNP - Coach's Decision,,,0.0,0.0,0.0,0.0,0.0,0.0,0.0,0.0,0.0,0.0,0.0,0.0,0.0,0.0,0.0,0.0,0.0,0.0,0.0,0.0,0.0,0.0,2020-21,Playoffs
0042000176,1610612746,LA,Clippers,LAC,clippers,1627812,Yogi,Ferrell,Y. Ferrell,yogi-ferrell,,DNP - Coach's Decision,,,0.0,0.0,0.0,0.0,0.0,0.0,0.0,0.0,0.0,0.0,0.0,0.0,0.0,0.0,0.0,0.0,0.0,0.0,0.0,0.0,0.0,0.0,2020-21,Playoffs
0042000176,1610612746,LA,Clippers,LAC,clippers,1630187,Daniel,Oturu,D. Oturu,daniel-oturu,,DNP - Coach's Decision,,,0.0,0.0,0.0,0.0,0.0,0.0,0.0,0.0,0.0,0.0,0.0,0.0,0.0,0.0,0.0,0.0,0.0,0.0,0.0,0.0,0.0,0.0,2020-21,Playoffs
0042000176,1610612746,LA,Clippers,LAC,clippers,202335,Patrick,Patterson,P. Patterson,patrick-patterson,,DNP - Coach's Decision,,,0.0,0.0,0.0,0.0,0.0,0.0,0.0,0.0,0.0,0.0,0.0,0.0,0.0,0.0,0.0,0.0,0.0,0.0,0.0,0.0,0.0,0.0,2020-21,Playoffs
0042000176,1610612742,Dallas,Mavericks,DAL,mavericks,1627827,Dorian,Finney-Smith,D. Finney-Smith,dorian-finney-smith,F,,,41:48,100.0,100.0,109.3,109.3,-9.3,-9.3,0.133,1.33,25.0,0.0,0.189,0.084,18.8,0.563,0.619,0.124,0.124,98.76,98.76,82.3,86.0,0.087,2020-21,Playoffs
0042000176,1610612742,Dallas,Mavericks,DAL,mavericks,204001,Kristaps,Porziņģis,K. Porziņģis,kristaps-porziņģis,F,,,30:58,110.4,110.4,110.8,110.8,-0.3,-0.3,0.115,3.0,27.3,0.03,0.148,0.083,9.1,0.5,0.5,0.107,0.107,102.33,102.33,85.28,67.0,0.079,2020-21,Playoffs
0042000176,1610612742,Dallas,Mavericks,DAL,mavericks,1626246,Boban,Marjanovic,B. Marjanovic,boban-marjanovic,C,,,17:10,129.7,129.7,116.2,116.2,13.5,13.5,0.077,1.0,6.3,0.235,0.357,0.29,6.3,0.385,0.432,0.357,0.357,103.46,103.46,86.21,37.0,0.085,2020-21,Playoffs
0042000176,1610612742,Dallas,Mavericks,DAL,mavericks,203501,Tim,Hardaway Jr.,T. Hardaway Jr.,tim-hardaway-jr,G,,,37:58,103.8,103.8,115.6,115.6,-11.7,-11.7,0.0,0.0,0.0,0.023,0.0,0.013,0.0,0.579,0.592,0.213,0.213,97.98,97.98,81.65,78.0,0.062,2020-21,Playoffs
0042000176,1610612742,Dallas,Mavericks,DAL,mavericks,1629029,Luka,Dončić,L. Dončić,luka-dončić,G,,,40:36,103.6,103.6,114.6,114.6,-11.0,-11.0,0.5,3.67,27.5,0.0,0.242,0.104,7.5,0.5,0.553,0.309,0.309,97.56,97.56,81.3,83.0,0.203,2020-21,Playoffs
0042000176,1610612742,Dallas,Mavericks,DAL,mavericks,1628973,Jalen,Brunson,J. Brunson,jalen-brunson,,,,14:54,90.3,90.3,61.3,61.3,29.0,29.0,0.0,0.0,0.0,0.056,0.143,0.103,18.2,0.438,0.394,0.314,0.314,99.89,99.89,83.24,31.0,-0.017,2020-21,Playoffs
0042000176,1610612742,Dallas,Mavericks,DAL,mavericks,1628467,Maxi,Kleber,M. Kleber,maxi-kleber,,,,21:21,76.9,76.9,107.5,107.5,-30.6,-30.6,0.0,0.0,0.0,0.04,0.111,0.07,0.0,0.0,0.0,0.093,0.093,88.83,88.83,74.02,39.0,-0.029,2020-21,Playoffs
0042000176,1610612742,Dallas,Mavericks,DAL,mavericks,203939,Dwight,Powell,D. Powell,dwight-powell,,,,6:53,100.0,100.0,61.5,61.5,38.5,38.5,0.5,0.0,100.0,0.0,0.0,0.0,0.0,0.0,0.0,0.0,0.0,83.68,83.68,69.73,11.0,0.0,2020-21,Playoffs
0042000176,1610612742,Dallas,Mavericks,DAL,mavericks,1626196,Josh,Richardson,J. Richardson,josh-richardson,,,,9:30,78.9,78.9,90.5,90.5,-11.5,-11.5,0.333,1.0,14.3,0.0,0.091,0.048,14.3,0.5,0.615,0.3,0.3,101.14,101.14,84.28,19.0,0.13,2020-21,Playoffs
0042000176,1610612742,Dallas,Mavericks,DAL,mavericks,1626161,Willie,Cauley-Stein,W. Cauley-Stein,willie-cauley-stein,,,,18:54,68.4,68.4,100.0,100.0,-31.6,-31.6,0.111,0.0,33.3,0.0,0.211,0.095,0.0,0.5,0.5,0.048,0.048,97.78,97.78,81.48,38.0,0.097,2020-21,Playoffs
0042000176,1610612742,Dallas,Mavericks,DAL,mavericks,1630189,Tyler,Bey,T. Bey,tyler-bey,,DNP - Coach's Decision,,,0.0,0.0,0.0,0.0,0.0,0.0,0.0,0.0,0.0,0.0,0.0,0.0,0.0,0.0,0.0,0.0,0.0,0.0,0.0,0.0,0.0,0.0,2020-21,Playoffs
0042000176,1610612742,Dallas,Mavericks,DAL,mavericks,203504,Trey,Burke,T. Burke,trey-burke,,DNP - Coach's Decision,,,0.0,0.0,0.0,0.0,0.0,0.0,0.0,0.0,0.0,0.0,0.0,0.0,0.0,0.0,0.0,0.0,0.0,0.0,0.0,0.0,0.0,0.0,2020-21,Playoffs
0042000176,1610612742,Dallas,Mavericks,DAL,mavericks,1630182,Josh,Green,J. Green,josh-green,,DNP - Coach's Decision,,,0.0,0.0,0.0,0.0,0.0,0.0,0.0,0.0,0.0,0.0,0.0,0.0,0.0,0.0,0.0,0.0,0.0,0.0,0.0,0.0,0.0,0.0,2020-21,Playoffs
0042000176,1610612742,Dallas,Mavericks,DAL,mavericks,1630207,Nate,Hinton,N. Hinton,nate-hinton,,DNP - Coach's Decision,,,0.0,0.0,0.0,0.0,0.0,0.0,0.0,0.0,0.0,0.0,0.0,0.0,0.0,0.0,0.0,0.0,0.0,0.0,0.0,0.0,0.0,0.0,2020-21,Playoffs
0042000176,1610612742,Dallas,Mavericks,DAL,mavericks,1629740,Nicolo,Melli,N. Melli,nicolo-melli,,DNP - Coach's Decision,,,0.0,0.0,0.0,0.0,0.0,0.0,0.0,0.0,0.0,0.0,0.0,0.0,0.0,0.0,0.0,0.0,0.0,0.0,0.0,0.0,0.0,0.0,2020-21,Playoffs
0042000177,1610612742,Dallas,Mavericks,DAL,mavericks,1627827,Dorian,Finney-Smith,D. Finney-Smith,dorian-finney-smith,F,,,39:23,134.6,134.6,130.0,130.0,4.6,4.6,0.057,0.5,10.5,0.154,0.114,0.135,21.1,0.692,0.67,0.179,0.179,96.28,96.28,80.24,78.0,0.056,2020-21,Playoffs
0042000177,1610612742,Dallas,Mavericks,DAL,mavericks,204001,Kristaps,Porziņģis,K. Porziņģis,kristaps-porziņģis,F,,,42:51,123.5,123.5,132.9,132.9,-9.4,-9.4,0.028,0.0,6.7,0.024,0.263,0.138,0.0,0.5,0.581,0.137,0.137,95.22,95.22,79.35,85.0,0.101,2020-21,Playoffs
0042000177,1610612742,Dallas,Mavericks,DAL,mavericks,1626246,Boban,Marjanovic,B. Marjanovic,boban-marjanovic,C,,,31:23,126.6,126.6,132.3,132.3,-5.7,-5.7,0.125,3.0,20.0,0.188,0.148,0.169,6.7,0.636,0.612,0.156,0.156,96.36,96.36,80.3,64.0,0.089,2020-21,Playoffs
0042000177,1610612742,Dallas,Mavericks,DAL,mavericks,203501,Tim,Hardaway Jr.,T. Hardaway Jr.,tim-hardaway-jr,G,,,42:35,111.9,111.9,128.2,128.2,-16.3,-16.3,0.03,1.0,6.3,0.0,0.081,0.036,6.3,0.393,0.393,0.149,0.149,95.25,95.25,79.37,84.0,0.017,2020-21,Playoffs
0042000177,1610612742,Dallas,Mavericks,DAL,mavericks,1629029,Luka,Dončić,L. Dončić,luka-dončić,G,,,44:52,122.5,122.5,131.1,131.1,-8.6,-8.6,0.519,2.33,25.5,0.0,0.175,0.081,10.9,0.65,0.66,0.383,0.383,95.75,95.75,79.79,89.0,0.196,2020-21,Playoffs
0042000177,1610612742,Dallas,Mavericks,DAL,mavericks,1626196,Josh,Richardson,J. Richardson,josh-richardson,,,,6:04,100.0,100.0,153.8,153.8,-53.8,-53.8,0.0,0.0,0.0,0.0,0.0,0.0,66.7,0.0,0.0,0.231,0.231,98.9,98.9,82.42,12.0,-0.09,2020-21,Playoffs
0042000177,1610612742,Dallas,Mavericks,DAL,mavericks,203939,Dwight,Powell,D. Powell,dwight-powell,,,,5:22,100.0,100.0,116.7,116.7,-16.7,-16.7,0.0,0.0,0.0,0.167,0.2,0.182,0.0,1.0,1.0,0.143,0.143,107.33,107.33,89.44,12.0,0.22,2020-21,Playoffs
0042000177,1610612742,Dallas,Mavericks,DAL,mavericks,1628467,Maxi,Kleber,M. Kleber,maxi-kleber,,,,9:18,55.6,55.6,115.8,115.8,-60.2,-60.2,0.0,0.0,0.0,0.0,0.0,0.0,0.0,0.0,0.0,0.095,0.095,95.48,95.48,79.57,18.0,-0.08,2020-21,Playoffs
0042000177,1610612742,Dallas,Mavericks,DAL,mavericks,1628973,Jalen,Brunson,J. Brunson,jalen-brunson,,,,10:27,77.3,77.3,133.3,133.3,-56.1,-56.1,0.143,0.0,25.0,0.182,0.333,0.235,0.0,0.333,0.333,0.115,0.115,98.79,98.79,82.32,22.0,0.113,2020-21,Playoffs
0042000177,1610612742,Dallas,Mavericks,DAL,mavericks,203504,Trey,Burke,T. Burke,trey-burke,,,,7:45,71.4,71.4,133.3,133.3,-61.9,-61.9,0.0,0.0,0.0,0.0,0.0,0.0,0.0,0.0,0.0,0.176,0.176,89.77,89.77,74.81,14.0,-0.186,2020-21,Playoffs
0042000177,1610612742,Dallas,Mavericks,DAL,mavericks,1630189,Tyler,Bey,T. Bey,tyler-bey,,DNP - Coach's Decision,,,0.0,0.0,0.0,0.0,0.0,0.0,0.0,0.0,0.0,0.0,0.0,0.0,0.0,0.0,0.0,0.0,0.0,0.0,0.0,0.0,0.0,0.0,2020-21,Playoffs
0042000177,1610612742,Dallas,Mavericks,DAL,mavericks,1626161,Willie,Cauley-Stein,W. Cauley-Stein,willie-cauley-stein,,DNP - Coach's Decision,,,0.0,0.0,0.0,0.0,0.0,0.0,0.0,0.0,0.0,0.0,0.0,0.0,0.0,0.0,0.0,0.0,0.0,0.0,0.0,0.0,0.0,0.0,2020-21,Playoffs
0042000177,1610612742,Dallas,Mavericks,DAL,mavericks,1630182,Josh,Green,J. Green,josh-green,,DNP - Coach's Decision,,,0.0,0.0,0.0,0.0,0.0,0.0,0.0,0.0,0.0,0.0,0.0,0.0,0.0,0.0,0.0,0.0,0.0,0.0,0.0,0.0,0.0,0.0,2020-21,Playoffs
0042000177,1610612742,Dallas,Mavericks,DAL,mavericks,1630207,Nate,Hinton,N. Hinton,nate-hinton,,DNP - Coach's Decision,,,0.0,0.0,0.0,0.0,0.0,0.0,0.0,0.0,0.0,0.0,0.0,0.0,0.0,0.0,0.0,0.0,0.0,0.0,0.0,0.0,0.0,0.0,2020-21,Playoffs
0042000177,1610612742,Dallas,Mavericks,DAL,mavericks,1629740,Nicolo,Melli,N. Melli,nicolo-melli,,DNP - Coach's Decision,,,0.0,0.0,0.0,0.0,0.0,0.0,0.0,0.0,0.0,0.0,0.0,0.0,0.0,0.0,0.0,0.0,0.0,0.0,0.0,0.0,0.0,0.0,2020-21,Playoffs
0042000177,1610612746,LA,Clippers,LAC,clippers,202695,Kawhi,Leonard,K. Leonard,kawhi-leonard,F,,,42:03,132.9,132.9,126.5,126.5,6.4,6.4,0.346,0.0,33.3,0.026,0.205,0.122,0.0,0.7,0.774,0.194,0.194,95.88,95.88,79.9,85.0,0.203,2020-21,Playoffs
0042000177,1610612746,LA,Clippers,LAC,clippers,202694,Marcus,Morris Sr.,M. Morris Sr.,marcus-morris-sr,F,,,30:11,123.0,123.0,98.4,98.4,24.6,24.6,0.125,0.0,11.8,0.032,0.125,0.079,0.0,0.767,0.767,0.221,0.221,97.0,97.0,80.83,61.0,0.157,2020-21,Playoffs
0042000177,1610612746,LA,Clippers,LAC,clippers,201587,Nicolas,Batum,N. Batum,nicolas-batum,C,,,41:34,133.3,133.3,128.9,128.9,4.4,4.4,0.156,5.0,35.7,0.081,0.095,0.089,7.1,0.643,0.698,0.098,0.098,96.42,96.42,80.35,84.0,0.093,2020-21,Playoffs
0042000177,1610612746,LA,Clippers,LAC,clippers,202331,Paul,George,P. George,paul-george,G,,,43:22,134.5,134.5,121.6,121.6,12.9,12.9,0.303,2.5,30.3,0.054,0.089,0.073,12.1,0.4,0.567,0.245,0.245,96.86,96.86,80.71,87.0,0.105,2020-21,Playoffs
0042000177,1610612746,LA,Clippers,LAC,clippers,202704,Reggie,Jackson,R. Jackson,reggie-jackson,G,,,28:19,132.8,132.8,129.8,129.8,2.9,2.9,0.048,1.0,7.1,0.0,0.037,0.02,7.1,0.55,0.638,0.206,0.206,97.46,97.46,81.21,58.0,0.062,2020-21,Playoffs
0042000177,1610612746,LA,Clippers,LAC,clippers,1629611,Terance,Mann,T. Mann,terance-mann,,,,26:12,152.0,152.0,121.6,121.6,30.4,30.4,0.05,0.0,9.1,0.056,0.133,0.104,0.0,0.6,0.623,0.179,0.179,92.53,92.53,77.11,50.0,0.092,2020-21,Playoffs
0042000177,1610612746,LA,Clippers,LAC,clippers,200765,Rajon,Rondo,R. Rondo,rajon-rondo,,,,9:17,131.6,131.6,115.8,115.8,15.8,15.8,0.0,0.0,0.0,0.0,0.0,0.0,0.0,0.375,0.375,0.2,0.2,98.24,98.24,81.87,19.0,-0.043,2020-21,Playoffs
0042000177,1610612746,LA,Clippers,LAC,clippers,1627826,Ivica,Zubac,I. Zubac,ivica-zubac,,,,2:36,100.0,100.0,40.0,40.0,60.0,60.0,0.5,1.0,50.0,0.0,0.0,0.0,50.0,0.0,0.0,0.2,0.2,92.31,92.31,76.92,5.0,0.0,2020-21,Playoffs
0042000177,1610612746,LA,Clippers,LAC,clippers,1628379,Luke,Kennard,L. Kennard,luke-kennard,,,,14:32,103.4,103.4,53.3,53.3,50.1,50.1,0.167,1.0,12.5,0.0,0.05,0.03,12.5,0.917,0.917,0.219,0.219,97.41,97.41,81.17,29.0,0.29,2020-21,Playoffs
0042000177,1610612746,LA,Clippers,LAC,clippers,1630187,Daniel,Oturu,D. Oturu,daniel-oturu,,,,0:38,0.0,0.0,0.0,0.0,0.0,0.0,0.0,0.0,0.0,0.0,0.0,0.0,0.0,0.0,0.0,0.0,0.0,76.19,76.19,63.49,1.0,0.0,2020-21,Playoffs
0042000177,1610612746,LA,Clippers,LAC,clippers,1629599,Amir,Coffey,A. Coffey,amir-coffey,,,,0:38,0.0,0.0,0.0,0.0,0.0,0.0,0.0,0.0,0.0,0.0,0.0,0.0,0.0,0.0,0.0,0.0,0.0,76.19,76.19,63.49,1.0,0.0,2020-21,Playoffs
0042000177,1610612746,LA,Clippers,LAC,clippers,1627812,Yogi,Ferrell,Y. Ferrell,yogi-ferrell,,,,0:38,0.0,0.0,0.0,0.0,0.0,0.0,0.0,0.0,0.0,0.0,0.0,0.0,0.0,0.0,0.0,0.0,0.0,76.19,76.19,63.49,1.0,0.0,2020-21,Playoffs
0042000177,1610612746,LA,Clippers,LAC,clippers,201976,Patrick,Beverley,P. Beverley,patrick-beverley,,DNP - Coach's Decision,,,0.0,0.0,0.0,0.0,0.0,0.0,0.0,0.0,0.0,0.0,0.0,0.0,0.0,0.0,0.0,0.0,0.0,0.0,0.0,0.0,0.0,0.0,2020-21,Playoffs
0042000177,1610612746,LA,Clippers,LAC,clippers,202326,DeMarcus,Cousins,D. Cousins,demarcus-cousins,,DNP - Coach's Decision,,,0.0,0.0,0.0,0.0,0.0,0.0,0.0,0.0,0.0,0.0,0.0,0.0,0.0,0.0,0.0,0.0,0.0,0.0,0.0,0.0,0.0,0.0,2020-21,Playoffs
0042000177,1610612746,LA,Clippers,LAC,clippers,202335,Patrick,Patterson,P. Patterson,patrick-patterson,,DNP - Coach's Decision,,,0.0,0.0,0.0,0.0,0.0,0.0,0.0,0.0,0.0,0.0,0.0,0.0,0.0,0.0,0.0,0.0,0.0,0.0,0.0,0.0,0.0,0.0,2020-21,Playoffs
0042000201,1610612737,Atlanta,Hawks,ATL,hawks,203524,Solomon,Hill,S. Hill,solomon-hill,F,,,24:59,107.3,107.3,121.1,121.1,-13.8,-13.8,0.0,0.0,0.0,0.0,0.13,0.065,0.0,0.429,0.429,0.123,0.123,107.58,107.58,89.65,55.0,0.013,2020-21,Playoffs
0042000201,1610612737,Atlanta,Hawks,ATL,hawks,1628381,John,Collins,J. Collins,john-collins,F,,,33:52,117.1,117.1,132.9,132.9,-15.8,-15.8,0.077,0.67,14.3,0.033,0.094,0.065,21.4,0.944,0.976,0.15,0.15,107.72,107.72,89.76,76.0,0.111,2020-21,Playoffs
0042000201,1610612737,Atlanta,Hawks,ATL,hawks,203991,Clint,Capela,C. Capela,clint-capela,C,,,32:26,117.6,117.6,123.0,123.0,-5.4,-5.4,0.0,0.0,0.0,0.074,0.296,0.185,9.1,0.556,0.557,0.143,0.143,109.51,109.51,91.25,74.0,0.065,2020-21,Playoffs
0042000201,1610612737,Atlanta,Hawks,ATL,hawks,203992,Bogdan,Bogdanović,B. Bogdanović,bogdan-bogdanović,G,,,36:04,115.2,115.2,113.8,113.8,1.4,1.4,0.2,1.67,19.2,0.0,0.111,0.058,11.5,0.559,0.587,0.244,0.244,105.81,105.81,88.18,79.0,0.095,2020-21,Playoffs
0042000201,1610612737,Atlanta,Hawks,ATL,hawks,1629027,Trae,Young,T. Young,trae-young,G,,,39:01,115.7,115.7,129.5,129.5,-13.8,-13.8,0.4,2.5,24.4,0.0,0.057,0.03,9.8,0.565,0.649,0.333,0.333,108.88,108.88,90.73,89.0,0.152,2020-21,Playoffs
0042000201,1610612737,Atlanta,Hawks,ATL,hawks,201568,Danilo,Gallinari,D. Gallinari,danilo-gallinari,,,,17:53,102.2,102.2,87.5,87.5,14.7,14.7,0.0,0.0,0.0,0.0,0.105,0.053,14.3,0.625,0.781,0.143,0.143,114.1,114.1,95.09,45.0,0.136,2020-21,Playoffs
0042000201,1610612737,Atlanta,Hawks,ATL,hawks,1628989,Kevin,Huerter,K. Huerter,kevin-huerter,,,,28:51,132.3,132.3,120.0,120.0,12.3,12.3,0.167,4.0,28.6,0.0,0.192,0.104,7.1,0.833,0.833,0.145,0.145,108.16,108.16,90.13,65.0,0.127,2020-21,Playoffs
0042000201,1610612737,Atlanta,Hawks,ATL,hawks,203503,Tony,Snell,T. Snell,tony-snell,,,,3:55,160.0,160.0,77.8,77.8,82.2,82.2,0.0,0.0,0.0,0.0,0.0,0.0,0.0,0.0,0.0,0.1,0.1,116.43,116.43,97.02,10.0,-0.051,2020-21,Playoffs
0042000201,1610612737,Atlanta,Hawks,ATL,hawks,101150,Lou,Williams,L. Williams,lou-williams,,,,11:05,108.0,108.0,47.8,47.8,60.2,60.2,0.2,1.0,12.5,0.0,0.154,0.074,12.5,0.667,0.667,0.241,0.241,103.94,103.94,86.62,25.0,0.286,2020-21,Playoffs
0042000201,1610612737,Atlanta,Hawks,ATL,hawks,1630168,Onyeka,Okongwu,O. Okongwu,onyeka-okongwu,,,,11:54,133.3,133.3,88.5,88.5,44.9,44.9,0.091,1.0,33.3,0.0,0.25,0.15,33.3,1.0,1.0,0.067,0.067,106.85,106.85,89.04,27.0,0.07,2020-21,Playoffs
0042000201,1610612737,Atlanta,Hawks,ATL,hawks,1628981,Bruno,Fernando,B. Fernando,bruno-fernando,,DNP - Coach's Decision,,,0.0,0.0,0.0,0.0,0.0,0.0,0.0,0.0,0.0,0.0,0.0,0.0,0.0,0.0,0.0,0.0,0.0,0.0,0.0,0.0,0.0,0.0,2020-21,Playoffs
0042000201,1610612737,Atlanta,Hawks,ATL,hawks,1629631,De'Andre,Hunter,D. Hunter,deandre-hunter,,DND - Injury/Illness,,,0.0,0.0,0.0,0.0,0.0,0.0,0.0,0.0,0.0,0.0,0.0,0.0,0.0,0.0,0.0,0.0,0.0,0.0,0.0,0.0,0.0,0.0,2020-21,Playoffs
0042000201,1610612737,Atlanta,Hawks,ATL,hawks,1630233,Nathan,Knight,N. Knight,nathan-knight,,DNP - Coach's Decision,,,0.0,0.0,0.0,0.0,0.0,0.0,0.0,0.0,0.0,0.0,0.0,0.0,0.0,0.0,0.0,0.0,0.0,0.0,0.0,0.0,0.0,0.0,2020-21,Playoffs
0042000201,1610612737,Atlanta,Hawks,ATL,hawks,1630219,Skylar,Mays,S. Mays,skylar-mays,,DNP - Coach's Decision,,,0.0,0.0,0.0,0.0,0.0,0.0,0.0,0.0,0.0,0.0,0.0,0.0,0.0,0.0,0.0,0.0,0.0,0.0,0.0,0.0,0.0,0.0,2020-21,Playoffs
0042000201,1610612755,Philadelphia,76ers,PHI,sixers,201980,Danny,Green,D. Green,danny-green,F,,,29:55,127.1,127.1,118.3,118.3,8.8,8.8,0.133,4.0,33.3,0.036,0.042,0.038,8.3,0.286,0.286,0.104,0.104,113.11,113.11,94.26,70.0,0.009,2020-21,Playoffs
0042000201,1610612755,Philadelphia,76ers,PHI,sixers,202699,Tobias,Harris,T. Harris,tobias-harris,F,,,35:52,128.8,128.8,114.6,114.6,14.1,14.1,0.107,1.0,14.3,0.061,0.267,0.159,14.3,0.654,0.678,0.207,0.207,108.4,108.4,90.33,80.0,0.144,2020-21,Playoffs
0042000201,1610612755,Philadelphia,76ers,PHI,sixers,203954,Joel,Embiid,J. Embiid,joel-embiid,C,,,38:02,131.0,131.0,116.1,116.1,14.9,14.9,0.138,1.0,11.4,0.063,0.226,0.143,11.4,0.595,0.707,0.326,0.326,109.79,109.79,91.49,87.0,0.178,2020-21,Playoffs
0042000201,1610612755,Philadelphia,76ers,PHI,sixers,203552,Seth,Curry,S. Curry,seth-curry,G,,,36:23,138.3,138.3,123.1,123.1,15.2,15.2,0.088,0.0,18.8,0.0,0.148,0.074,0.0,0.792,0.815,0.146,0.146,104.89,104.89,87.41,81.0,0.106,2020-21,Playoffs
0042000201,1610612755,Philadelphia,76ers,PHI,sixers,1627732,Ben,Simmons,B. Simmons,ben-simmons,G,,,37:13,126.5,126.5,118.8,118.8,7.7,7.7,0.313,2.0,37.0,0.0,0.125,0.059,18.5,1.0,0.746,0.181,0.181,108.34,108.34,90.28,83.0,0.105,2020-21,Playoffs
0042000201,1610612755,Philadelphia,76ers,PHI,sixers,1629680,Matisse,Thybulle,M. Thybulle,matisse-thybulle,,,,18:34,97.6,97.6,120.5,120.5,-22.8,-22.8,0.083,0.0,14.3,0.0,0.056,0.028,0.0,0.833,0.833,0.13,0.13,111.14,111.14,92.61,42.0,0.125,2020-21,Playoffs
0042000201,1610612755,Philadelphia,76ers,PHI,sixers,1630178,Tyrese,Maxey,T. Maxey,tyrese-maxey,,,,13:46,80.0,80.0,110.0,110.0,-30.0,-30.0,0.0,0.0,0.0,0.0,0.133,0.071,9.1,0.25,0.307,0.355,0.355,104.6,104.6,87.17,30.0,-0.099,2020-21,Playoffs
0042000201,1610612755,Philadelphia,76ers,PHI,sixers,201588,George,Hill,G. Hill,george-hill,,,,10:31,45.5,45.5,117.4,117.4,-71.9,-71.9,0.0,0.0,0.0,0.071,0.0,0.038,33.3,0.0,0.0,0.12,0.12,102.73,102.73,85.61,22.0,-0.184,2020-21,Playoffs
0042000201,1610612755,Philadelphia,76ers,PHI,sixers,2730,Dwight,Howard,D. Howard,dwight-howard,,,,8:12,36.8,36.8,115.8,115.8,-78.9,-78.9,0.0,0.0,0.0,0.1,0.333,0.211,66.7,0.0,0.0,0.15,0.15,111.26,111.26,92.72,19.0,-0.025,2020-21,Playoffs
0042000201,1610612755,Philadelphia,76ers,PHI,sixers,1627788,Furkan,Korkmaz,F. Korkmaz,furkan-korkmaz,,,,10:54,60.0,60.0,117.4,117.4,-57.4,-57.4,0.0,0.0,0.0,0.083,0.25,0.167,16.7,0.7,0.7,0.214,0.214,105.67,105.67,88.06,25.0,0.263,2020-21,Playoffs
0042000201,1610612755,Philadelphia,76ers,PHI,sixers,1629003,Shake,Milton,S. Milton,shake-milton,,,,0:38,0.0,0.0,200.0,200.0,-200.0,-200.0,0.0,0.0,0.0,0.0,0.0,0.0,100.0,0.0,0.0,0.333,0.333,75.79,75.79,63.16,1.0,2.0,2020-21,Playoffs
0042000201,1610612755,Philadelphia,76ers,PHI,sixers,1630198,Isaiah,Joe,I. Joe,isaiah-joe,,DNP - Coach's Decision,,,0.0,0.0,0.0,0.0,0.0,0.0,0.0,0.0,0.0,0.0,0.0,0.0,0.0,0.0,0.0,0.0,0.0,0.0,0.0,0.0,0.0,0.0,2020-21,Playoffs
0042000201,1610612755,Philadelphia,76ers,PHI,sixers,1630194,Paul,Reed,P. Reed,paul-reed,,DNP - Coach's Decision,,,0.0,0.0,0.0,0.0,0.0,0.0,0.0,0.0,0.0,0.0,0.0,0.0,0.0,0.0,0.0,0.0,0.0,0.0,0.0,0.0,0.0,0.0,2020-21,Playoffs
0042000201,1610612755,Philadelphia,76ers,PHI,sixers,203118,Mike,Scott,M. Scott,mike-scott,,DNP - Coach's Decision,,,0.0,0.0,0.0,0.0,0.0,0.0,0.0,0.0,0.0,0.0,0.0,0.0,0.0,0.0,0.0,0.0,0.0,0.0,0.0,0.0,0.0,0.0,2020-21,Playoffs
0042000201,1610612755,Philadelphia,76ers,PHI,sixers,201229,Anthony,Tolliver,A. Tolliver,anthony-tolliver,,DNP - Coach's Decision,,,0.0,0.0,0.0,0.0,0.0,0.0,0.0,0.0,0.0,0.0,0.0,0.0,0.0,0.0,0.0,0.0,0.0,0.0,0.0,0.0,0.0,0.0,2020-21,Playoffs
0042000202,1610612737,Atlanta,Hawks,ATL,hawks,203524,Solomon,Hill,S. Hill,solomon-hill,F,,,8:10,44.4,44.4,152.9,152.9,-108.5,-108.5,0.0,0.0,0.0,0.0,0.4,0.105,0.0,0.0,0.0,0.091,0.091,102.79,102.79,85.66,18.0,0.0,2020-21,Playoffs
0042000202,1610612737,Atlanta,Hawks,ATL,hawks,1628381,John,Collins,J. Collins,john-collins,F,,,34:51,107.0,107.0,123.2,123.2,-16.1,-16.1,0.042,1.0,7.7,0.118,0.2,0.156,7.7,0.364,0.364,0.152,0.152,96.42,96.42,80.35,71.0,0.028,2020-21,Playoffs
0042000202,1610612737,Atlanta,Hawks,ATL,hawks,203991,Clint,Capela,C. Capela,clint-capela,C,,,27:37,96.2,96.2,138.2,138.2,-42.0,-42.0,0.063,0.33,9.1,0.111,0.217,0.16,27.3,0.714,0.714,0.161,0.161,93.85,93.85,78.2,53.0,0.064,2020-21,Playoffs
0042000202,1610612737,Atlanta,Hawks,ATL,hawks,203992,Bogdan,Bogdanović,B. Bogdanović,bogdan-bogdanović,G,,,41:14,106.0,106.0,118.1,118.1,-12.0,-12.0,0.071,1.0,10.0,0.053,0.132,0.092,10.0,0.438,0.438,0.194,0.194,96.63,96.63,80.53,83.0,0.047,2020-21,Playoffs
0042000202,1610612737,Atlanta,Hawks,ATL,hawks,1629027,Trae,Young,T. Young,trae-young,G,,,37:50,106.4,106.4,120.5,120.5,-14.1,-14.1,0.423,2.75,31.4,0.029,0.056,0.042,11.4,0.406,0.526,0.273,0.273,98.96,98.96,82.47,78.0,0.119,2020-21,Playoffs
0042000202,1610612737,Atlanta,Hawks,ATL,hawks,1628989,Kevin,Huerter,K. Huerter,kevin-huerter,,,,35:38,120.5,120.5,118.3,118.3,2.2,2.2,0.087,0.5,12.5,0.0,0.054,0.031,25.0,0.95,0.958,0.173,0.173,96.99,96.99,80.82,73.0,0.113,2020-21,Playoffs
0042000202,1610612737,Atlanta,Hawks,ATL,hawks,201568,Danilo,Gallinari,D. Gallinari,danilo-gallinari,,,,26:02,112.5,112.5,108.9,108.9,3.6,3.6,0.133,0.0,11.1,0.0,0.31,0.173,0.0,0.633,0.661,0.25,0.25,103.25,103.25,86.04,56.0,0.196,2020-21,Playoffs
0042000202,1610612737,Atlanta,Hawks,ATL,hawks,203503,Tony,Snell,T. Snell,tony-snell,,,,2:43,100.0,100.0,116.7,116.7,-16.7,-16.7,0.0,0.0,0.0,0.0,0.0,0.0,0.0,0.0,0.0,0.167,0.167,97.18,97.18,80.98,5.0,-0.111,2020-21,Playoffs
0042000202,1610612737,Atlanta,Hawks,ATL,hawks,1630168,Onyeka,Okongwu,O. Okongwu,onyeka-okongwu,,,,5:52,92.3,92.3,92.3,92.3,0.0,0.0,0.0,0.0,0.0,0.167,0.143,0.154,0.0,0.0,0.0,0.067,0.067,106.36,106.36,88.64,13.0,-0.051,2020-21,Playoffs
0042000202,1610612737,Atlanta,Hawks,ATL,hawks,101150,Lou,Williams,L. Williams,lou-williams,,,,15:09,90.9,90.9,124.2,124.2,-33.3,-33.3,0.125,0.33,11.1,0.063,0.0,0.031,33.3,0.333,0.63,0.2,0.2,104.55,104.55,87.13,33.0,0.041,2020-21,Playoffs
0042000202,1610612737,Atlanta,Hawks,ATL,hawks,1630233,Nathan,Knight,N. Knight,nathan-knight,,,,1:38,66.7,66.7,66.7,66.7,0.0,0.0,0.0,0.0,0.0,0.0,1.0,0.333,0.0,1.0,0.532,0.5,0.5,88.16,88.16,73.47,3.0,1.0,2020-21,Playoffs
0042000202,1610612737,Atlanta,Hawks,ATL,hawks,1630219,Skylar,Mays,S. Mays,skylar-mays,,,,1:38,66.7,66.7,66.7,66.7,0.0,0.0,0.0,0.0,0.0,0.0,0.0,0.0,0.0,0.0,0.0,0.0,0.0,88.16,88.16,73.47,3.0,0.0,2020-21,Playoffs
0042000202,1610612737,Atlanta,Hawks,ATL,hawks,1628981,Bruno,Fernando,B. Fernando,bruno-fernando,,,,1:38,66.7,66.7,66.7,66.7,0.0,0.0,0.0,0.0,0.0,0.0,0.0,0.0,0.0,0.0,0.0,0.0,0.0,88.16,88.16,73.47,3.0,0.0,2020-21,Playoffs
0042000202,1610612737,Atlanta,Hawks,ATL,hawks,1629631,De'Andre,Hunter,D. Hunter,deandre-hunter,,DND - Injury/Illness,,,0.0,0.0,0.0,0.0,0.0,0.0,0.0,0.0,0.0,0.0,0.0,0.0,0.0,0.0,0.0,0.0,0.0,0.0,0.0,0.0,0.0,0.0,2020-21,Playoffs
0042000202,1610612755,Philadelphia,76ers,PHI,sixers,201980,Danny,Green,D. Green,danny-green,F,,,25:50,141.2,141.2,115.4,115.4,25.8,25.8,0.286,0.0,57.1,0.048,0.091,0.07,0.0,0.417,0.417,0.107,0.107,95.69,95.69,79.74,51.0,0.101,2020-21,Playoffs
0042000202,1610612755,Philadelphia,76ers,PHI,sixers,202699,Tobias,Harris,T. Harris,tobias-harris,F,,,36:49,118.7,118.7,102.6,102.6,16.0,16.0,0.16,2.0,16.0,0.031,0.139,0.088,8.0,0.579,0.579,0.256,0.256,98.43,98.43,82.03,75.0,0.148,2020-21,Playoffs
0042000202,1610612755,Philadelphia,76ers,PHI,sixers,203954,Joel,Embiid,J. Embiid,joel-embiid,C,,,34:40,129.0,129.0,107.1,107.1,21.8,21.8,0.095,0.67,5.3,0.033,0.375,0.21,7.9,0.56,0.624,0.493,0.493,96.24,96.24,80.2,69.0,0.217,2020-21,Playoffs
0042000202,1610612755,Philadelphia,76ers,PHI,sixers,203552,Seth,Curry,S. Curry,seth-curry,G,,,28:52,131.0,131.0,108.6,108.6,22.4,22.4,0.083,0.0,13.3,0.0,0.0,0.0,0.0,0.808,0.781,0.206,0.206,96.44,96.44,80.37,58.0,0.106,2020-21,Playoffs
0042000202,1610612755,Philadelphia,76ers,PHI,sixers,1627732,Ben,Simmons,B. Simmons,ben-simmons,G,,,34:31,126.8,126.8,111.1,111.1,15.6,15.6,0.206,3.5,53.8,0.0,0.103,0.049,15.4,0.667,0.515,0.078,0.078,99.45,99.45,82.87,71.0,0.058,2020-21,Playoffs
0042000202,1610612755,Philadelphia,76ers,PHI,sixers,1629680,Matisse,Thybulle,M. Thybulle,matisse-thybulle,,,,23:38,112.0,112.0,96.0,96.0,16.0,16.0,0.0,0.0,0.0,0.0,0.042,0.019,0.0,0.5,0.41,0.035,0.035,101.57,101.57,84.64,50.0,-0.012,2020-21,Playoffs
0042000202,1610612755,Philadelphia,76ers,PHI,sixers,201588,George,Hill,G. Hill,george-hill,,,,18:34,102.6,102.6,89.5,89.5,13.1,13.1,0.167,0.0,33.3,0.0,0.05,0.024,0.0,0.5,0.5,0.091,0.091,99.53,99.53,82.94,39.0,0.133,2020-21,Playoffs
0042000202,1610612755,Philadelphia,76ers,PHI,sixers,1630178,Tyrese,Maxey,T. Maxey,tyrese-maxey,,,,5:06,72.7,72.7,100.0,100.0,-27.3,-27.3,0.667,0.0,50.0,0.0,0.167,0.083,0.0,0.0,0.0,0.154,0.154,108.13,108.13,90.11,11.0,0.069,2020-21,Playoffs
0042000202,1610612755,Philadelphia,76ers,PHI,sixers,2730,Dwight,Howard,D. Howard,dwight-howard,,,,10:42,122.7,122.7,82.6,82.6,40.1,40.1,0.111,0.0,25.0,0.273,0.25,0.261,0.0,1.0,1.042,0.111,0.111,100.89,100.89,84.07,22.0,0.307,2020-21,Playoffs
0042000202,1610612755,Philadelphia,76ers,PHI,sixers,1627788,Furkan,Korkmaz,F. Korkmaz,furkan-korkmaz,,,,6:00,36.4,36.4,125.0,125.0,-88.6,-88.6,0.0,0.0,0.0,0.0,0.0,0.0,0.0,0.0,0.0,0.231,0.231,91.9,91.9,76.58,11.0,-0.217,2020-21,Playoffs
0042000202,1610612755,Philadelphia,76ers,PHI,sixers,1629003,Shake,Milton,S. Milton,shake-milton,,,,14:15,130.0,130.0,82.8,82.8,47.2,47.2,0.125,0.0,11.1,0.0,0.158,0.094,0.0,0.875,0.875,0.25,0.25,99.37,99.37,82.81,30.0,0.235,2020-21,Playoffs
0042000202,1610612755,Philadelphia,76ers,PHI,sixers,203118,Mike,Scott,M. Scott,mike-scott,,,,1:03,0.0,0.0,66.7,66.7,-66.7,-66.7,0.0,0.0,0.0,0.0,0.0,0.0,0.0,0.0,0.0,0.0,0.0,114.29,114.29,95.24,2.0,0.0,2020-21,Playoffs
0042000202,1610612755,Philadelphia,76ers,PHI,sixers,1630198,Isaiah,Joe,I. Joe,isaiah-joe,,DNP - Coach's Decision,,,0.0,0.0,0.0,0.0,0.0,0.0,0.0,0.0,0.0,0.0,0.0,0.0,0.0,0.0,0.0,0.0,0.0,0.0,0.0,0.0,0.0,0.0,2020-21,Playoffs
0042000202,1610612755,Philadelphia,76ers,PHI,sixers,1630194,Paul,Reed,P. Reed,paul-reed,,DNP - Coach's Decision,,,0.0,0.0,0.0,0.0,0.0,0.0,0.0,0.0,0.0,0.0,0.0,0.0,0.0,0.0,0.0,0.0,0.0,0.0,0.0,0.0,0.0,0.0,2020-21,Playoffs
0042000202,1610612755,Philadelphia,76ers,PHI,sixers,201229,Anthony,Tolliver,A. Tolliver,anthony-tolliver,,DNP - Coach's Decision,,,0.0,0.0,0.0,0.0,0.0,0.0,0.0,0.0,0.0,0.0,0.0,0.0,0.0,0.0,0.0,0.0,0.0,0.0,0.0,0.0,0.0,0.0,2020-21,Playoffs
0042000203,1610612755,Philadelphia,76ers,PHI,sixers,201980,Danny,Green,D. Green,danny-green,F,,,3:45,85.7,85.7,50.0,50.0,35.7,35.7,0.0,0.0,0.0,0.0,0.2,0.125,0.0,0.0,0.0,0.0,0.0,96.0,96.0,80.0,7.0,0.0,2020-21,Playoffs
0042000203,1610612755,Philadelphia,76ers,PHI,sixers,202699,Tobias,Harris,T. Harris,tobias-harris,F,,,38:27,127.6,127.6,115.8,115.8,11.8,11.8,0.179,5.0,21.7,0.094,0.152,0.123,4.3,0.656,0.635,0.207,0.207,94.88,94.88,79.06,76.0,0.141,2020-21,Playoffs
0042000203,1610612755,Philadelphia,76ers,PHI,sixers,203954,Joel,Embiid,J. Embiid,joel-embiid,C,,,33:55,122.5,122.5,100.0,100.0,22.5,22.5,0.348,8.0,25.8,0.034,0.235,0.143,3.2,0.536,0.642,0.295,0.295,100.51,100.51,83.76,71.0,0.264,2020-21,Playoffs
0042000203,1610612755,Philadelphia,76ers,PHI,sixers,203552,Seth,Curry,S. Curry,seth-curry,G,,,31:43,124.2,124.2,109.5,109.5,14.7,14.7,0.083,1.0,14.3,0.04,0.103,0.074,14.3,0.6,0.6,0.167,0.167,97.62,97.62,81.35,66.0,0.082,2020-21,Playoffs
0042000203,1610612755,Philadelphia,76ers,PHI,sixers,1627732,Ben,Simmons,B. Simmons,ben-simmons,G,,,33:48,125.4,125.4,111.9,111.9,13.4,13.4,0.28,2.33,28.0,0.074,0.067,0.07,12.0,0.636,0.62,0.231,0.231,98.0,98.0,81.66,71.0,0.102,2020-21,Playoffs
0042000203,1610612755,Philadelphia,76ers,PHI,sixers,1629680,Matisse,Thybulle,M. Thybulle,matisse-thybulle,,,,16:45,122.9,122.9,118.9,118.9,3.9,3.9,0.0,0.0,0.0,0.0,0.063,0.032,0.0,0.875,0.875,0.103,0.103,103.22,103.22,86.01,35.0,0.045,2020-21,Playoffs
0042000203,1610612755,Philadelphia,76ers,PHI,sixers,1627788,Furkan,Korkmaz,F. Korkmaz,furkan-korkmaz,,,,27:25,147.4,147.4,107.1,107.1,40.2,40.2,0.037,0.0,9.1,0.0,0.0,0.0,0.0,0.611,0.678,0.161,0.161,98.92,98.92,82.43,57.0,0.097,2020-21,Playoffs
0042000203,1610612755,Philadelphia,76ers,PHI,sixers,1629003,Shake,Milton,S. Milton,shake-milton,,,,21:01,135.0,135.0,129.3,129.3,5.7,5.7,0.056,1.0,16.7,0.0,0.118,0.053,16.7,0.833,0.773,0.104,0.104,92.48,92.48,77.07,40.0,0.045,2020-21,Playoffs
0042000203,1610612755,Philadelphia,76ers,PHI,sixers,201588,George,Hill,G. Hill,george-hill,,,,13:25,128.6,128.6,121.4,121.4,7.1,7.1,0.167,1.0,25.0,0.077,0.0,0.04,25.0,0.5,0.387,0.182,0.182,100.17,100.17,83.48,28.0,0.0,2020-21,Playoffs
0042000203,1610612755,Philadelphia,76ers,PHI,sixers,2730,Dwight,Howard,D. Howard,dwight-howard,,,,13:15,152.0,152.0,140.7,140.7,11.3,11.3,0.0,0.0,0.0,0.182,0.5,0.316,0.0,0.8,0.833,0.233,0.233,94.15,94.15,78.46,25.0,0.212,2020-21,Playoffs
0042000203,1610612755,Philadelphia,76ers,PHI,sixers,1630178,Tyrese,Maxey,T. Maxey,tyrese-maxey,,,,5:42,130.8,130.8,130.8,130.8,0.0,0.0,0.5,0.0,40.0,0.0,0.0,0.0,0.0,0.667,0.667,0.2,0.2,109.57,109.57,91.31,13.0,0.17,2020-21,Playoffs
0042000203,1610612755,Philadelphia,76ers,PHI,sixers,1630198,Isaiah,Joe,I. Joe,isaiah-joe,,,,0:50,200.0,200.0,100.0,100.0,100.0,100.0,0.0,0.0,0.0,0.0,0.0,0.0,0.0,1.0,1.0,1.0,1.0,86.06,86.06,71.71,1.0,0.444,2020-21,Playoffs
0042000203,1610612755,Philadelphia,76ers,PHI,sixers,1630194,Paul,Reed,P. Reed,paul-reed,,DNP - Coach's Decision,,,0.0,0.0,0.0,0.0,0.0,0.0,0.0,0.0,0.0,0.0,0.0,0.0,0.0,0.0,0.0,0.0,0.0,0.0,0.0,0.0,0.0,0.0,2020-21,Playoffs
0042000203,1610612755,Philadelphia,76ers,PHI,sixers,203118,Mike,Scott,M. Scott,mike-scott,,DNP - Coach's Decision,,,0.0,0.0,0.0,0.0,0.0,0.0,0.0,0.0,0.0,0.0,0.0,0.0,0.0,0.0,0.0,0.0,0.0,0.0,0.0,0.0,0.0,0.0,2020-21,Playoffs
0042000203,1610612755,Philadelphia,76ers,PHI,sixers,201229,Anthony,Tolliver,A. Tolliver,anthony-tolliver,,DNP - Coach's Decision,,,0.0,0.0,0.0,0.0,0.0,0.0,0.0,0.0,0.0,0.0,0.0,0.0,0.0,0.0,0.0,0.0,0.0,0.0,0.0,0.0,0.0,0.0,2020-21,Playoffs
0042000203,1610612737,Atlanta,Hawks,ATL,hawks,203524,Solomon,Hill,S. Hill,solomon-hill,F,,,14:13,92.9,92.9,110.7,110.7,-17.9,-17.9,0.0,0.0,0.0,0.0,0.067,0.034,25.0,0.0,0.174,0.133,0.133,94.54,94.54,78.78,28.0,-0.114,2020-21,Playoffs
0042000203,1610612737,Atlanta,Hawks,ATL,hawks,1628381,John,Collins,J. Collins,john-collins,F,,,33:08,120.9,120.9,123.5,123.5,-2.6,-2.6,0.0,0.0,0.0,0.111,0.148,0.13,16.7,0.714,0.751,0.234,0.234,97.8,97.8,81.5,67.0,0.131,2020-21,Playoffs
0042000203,1610612737,Atlanta,Hawks,ATL,hawks,203991,Clint,Capela,C. Capela,clint-capela,C,,,28:03,105.6,105.6,123.2,123.2,-17.7,-17.7,0.125,0.0,16.7,0.24,0.476,0.348,0.0,0.375,0.41,0.164,0.164,94.12,94.12,78.43,54.0,0.168,2020-21,Playoffs
0042000203,1610612737,Atlanta,Hawks,ATL,hawks,203992,Bogdan,Bogdanović,B. Bogdanović,bogdan-bogdanović,G,,,39:24,123.1,123.1,125.3,125.3,-2.2,-2.2,0.037,0.25,5.0,0.031,0.094,0.063,20.0,0.615,0.644,0.211,0.211,95.64,95.64,79.7,78.0,0.068,2020-21,Playoffs
0042000203,1610612737,Atlanta,Hawks,ATL,hawks,1629027,Trae,Young,T. Young,trae-young,G,,,36:44,114.7,114.7,126.3,126.3,-11.6,-11.6,0.381,2.67,25.0,0.0,0.0,0.0,9.4,0.618,0.682,0.279,0.279,98.67,98.67,82.22,75.0,0.153,2020-21,Playoffs
0042000203,1610612737,Atlanta,Hawks,ATL,hawks,1628989,Kevin,Huerter,K. Huerter,kevin-huerter,,,,23:14,110.2,110.2,134.7,134.7,-24.5,-24.5,0.056,0.0,14.3,0.0,0.0,0.0,0.0,0.25,0.25,0.105,0.105,101.27,101.27,84.39,49.0,-0.05,2020-21,Playoffs
0042000203,1610612737,Atlanta,Hawks,ATL,hawks,201568,Danilo,Gallinari,D. Gallinari,danilo-gallinari,,,,29:37,126.2,126.2,133.3,133.3,-7.1,-7.1,0.0,0.0,0.0,0.0,0.107,0.055,0.0,0.444,0.656,0.188,0.188,100.5,100.5,83.75,61.0,0.104,2020-21,Playoffs
0042000203,1610612737,Atlanta,Hawks,ATL,hawks,203503,Tony,Snell,T. Snell,tony-snell,,,,11:51,104.0,104.0,153.8,153.8,-49.8,-49.8,0.0,0.0,0.0,0.0,0.143,0.053,0.0,0.0,0.0,0.036,0.036,103.33,103.33,86.11,25.0,-0.053,2020-21,Playoffs
0042000203,1610612737,Atlanta,Hawks,ATL,hawks,1630168,Onyeka,Okongwu,O. Okongwu,onyeka-okongwu,,,,8:51,88.9,88.9,133.3,133.3,-44.4,-44.4,0.0,0.0,0.0,0.0,0.25,0.118,0.0,0.25,0.25,0.211,0.211,97.59,97.59,81.33,18.0,0.0,2020-21,Playoffs
0042000203,1610612737,Atlanta,Hawks,ATL,hawks,101150,Lou,Williams,L. Williams,lou-williams,,,,13:16,114.3,114.3,140.7,140.7,-26.5,-26.5,0.375,0.0,27.3,0.0,0.077,0.042,0.0,0.429,0.508,0.276,0.276,99.5,99.5,82.91,28.0,0.161,2020-21,Playoffs
0042000203,1610612737,Atlanta,Hawks,ATL,hawks,1630219,Skylar,Mays,S. Mays,skylar-mays,,,,0:50,100.0,100.0,200.0,200.0,-100.0,-100.0,0.0,0.0,0.0,0.0,0.0,0.0,0.0,0.0,0.0,0.0,0.0,86.06,86.06,71.71,2.0,0.0,2020-21,Playoffs
0042000203,1610612737,Atlanta,Hawks,ATL,hawks,1628981,Bruno,Fernando,B. Fernando,bruno-fernando,,,,0:50,100.0,100.0,200.0,200.0,-100.0,-100.0,0.0,0.0,0.0,1.0,0.0,1.0,0.0,1.0,1.0,0.333,0.333,86.06,86.06,71.71,2.0,0.556,2020-21,Playoffs
0042000203,1610612737,Atlanta,Hawks,ATL,hawks,1627739,Kris,Dunn,K. Dunn,kris-dunn,,DNP - Coach's Decision,,,0.0,0.0,0.0,0.0,0.0,0.0,0.0,0.0,0.0,0.0,0.0,0.0,0.0,0.0,0.0,0.0,0.0,0.0,0.0,0.0,0.0,0.0,2020-21,Playoffs
0042000203,1610612737,Atlanta,Hawks,ATL,hawks,1630233,Nathan,Knight,N. Knight,nathan-knight,,DNP - Coach's Decision,,,0.0,0.0,0.0,0.0,0.0,0.0,0.0,0.0,0.0,0.0,0.0,0.0,0.0,0.0,0.0,0.0,0.0,0.0,0.0,0.0,0.0,0.0,2020-21,Playoffs
0042000204,1610612755,Philadelphia,76ers,PHI,sixers,1627788,Furkan,Korkmaz,F. Korkmaz,furkan-korkmaz,F,,,25:06,76.4,76.4,100.0,100.0,-23.6,-23.6,0.083,1.0,9.1,0.0,0.054,0.03,9.1,0.556,0.556,0.172,0.172,105.18,105.18,87.65,55.0,0.082,2020-21,Playoffs
0042000204,1610612755,Philadelphia,76ers,PHI,sixers,202699,Tobias,Harris,T. Harris,tobias-harris,F,,,38:50,98.7,98.7,106.2,106.2,-7.4,-7.4,0.091,2.0,10.5,0.0,0.102,0.055,5.3,0.6,0.63,0.195,0.195,98.89,98.89,82.41,79.0,0.122,2020-21,Playoffs
0042000204,1610612755,Philadelphia,76ers,PHI,sixers,203954,Joel,Embiid,J. Embiid,joel-embiid,C,,,36:15,104.0,104.0,102.6,102.6,1.4,1.4,0.16,1.0,12.5,0.054,0.388,0.244,12.5,0.225,0.361,0.35,0.35,99.97,99.97,83.31,75.0,0.124,2020-21,Playoffs
0042000204,1610612755,Philadelphia,76ers,PHI,sixers,203552,Seth,Curry,S. Curry,seth-curry,G,,,35:05,108.1,108.1,102.7,102.7,5.4,5.4,0.13,1.5,20.0,0.0,0.04,0.023,13.3,0.85,0.814,0.152,0.152,101.24,101.24,84.37,74.0,0.104,2020-21,Playoffs
0042000204,1610612755,Philadelphia,76ers,PHI,sixers,1627732,Ben,Simmons,B. Simmons,ben-simmons,G,,,36:28,102.7,102.7,101.3,101.3,1.4,1.4,0.375,0.0,42.9,0.079,0.184,0.138,0.0,0.5,0.451,0.148,0.148,99.36,99.36,82.8,75.0,0.14,2020-21,Playoffs
0042000204,1610612755,Philadelphia,76ers,PHI,sixers,1629680,Matisse,Thybulle,M. Thybulle,matisse-thybulle,,,,21:18,104.8,104.8,95.7,95.7,9.0,9.0,0.0,0.0,0.0,0.0,0.0,0.0,0.0,0.357,0.357,0.149,0.149,100.27,100.27,83.56,42.0,-0.014,2020-21,Playoffs
0042000204,1610612755,Philadelphia,76ers,PHI,sixers,201588,George,Hill,G. Hill,george-hill,,,,13:05,124.0,124.0,100.0,100.0,24.0,24.0,0.091,1.0,20.0,0.0,0.1,0.063,20.0,0.333,0.333,0.143,0.143,95.39,95.39,79.49,25.0,0.019,2020-21,Playoffs
0042000204,1610612755,Philadelphia,76ers,PHI,sixers,2730,Dwight,Howard,D. Howard,dwight-howard,,,,11:45,95.7,95.7,100.0,100.0,-4.3,-4.3,0.0,0.0,0.0,0.231,0.412,0.333,33.3,1.0,0.902,0.222,0.222,98.04,98.04,81.7,23.0,0.257,2020-21,Playoffs
0042000204,1610612755,Philadelphia,76ers,PHI,sixers,1629003,Shake,Milton,S. Milton,shake-milton,,,,15:12,90.0,90.0,106.7,106.7,-16.7,-16.7,0.429,3.0,25.0,0.0,0.0,0.0,8.3,0.357,0.481,0.265,0.265,94.78,94.78,78.98,30.0,0.084,2020-21,Playoffs
0042000204,1610612755,Philadelphia,76ers,PHI,sixers,1630178,Tyrese,Maxey,T. Maxey,tyrese-maxey,,,,6:56,150.0,150.0,100.0,100.0,50.0,50.0,0.0,0.0,0.0,0.0,0.167,0.091,0.0,1.5,1.5,0.063,0.063,96.92,96.92,80.77,14.0,0.091,2020-21,Playoffs
0042000204,1610612755,Philadelphia,76ers,PHI,sixers,1630198,Isaiah,Joe,I. Joe,isaiah-joe,,DNP - Coach's Decision,,,0.0,0.0,0.0,0.0,0.0,0.0,0.0,0.0,0.0,0.0,0.0,0.0,0.0,0.0,0.0,0.0,0.0,0.0,0.0,0.0,0.0,0.0,2020-21,Playoffs
0042000204,1610612755,Philadelphia,76ers,PHI,sixers,1630194,Paul,Reed,P. Reed,paul-reed,,DNP - Coach's Decision,,,0.0,0.0,0.0,0.0,0.0,0.0,0.0,0.0,0.0,0.0,0.0,0.0,0.0,0.0,0.0,0.0,0.0,0.0,0.0,0.0,0.0,0.0,2020-21,Playoffs
0042000204,1610612755,Philadelphia,76ers,PHI,sixers,203118,Mike,Scott,M. Scott,mike-scott,,DNP - Coach's Decision,,,0.0,0.0,0.0,0.0,0.0,0.0,0.0,0.0,0.0,0.0,0.0,0.0,0.0,0.0,0.0,0.0,0.0,0.0,0.0,0.0,0.0,0.0,2020-21,Playoffs
0042000204,1610612755,Philadelphia,76ers,PHI,sixers,201229,Anthony,Tolliver,A. Tolliver,anthony-tolliver,,DNP - Coach's Decision,,,0.0,0.0,0.0,0.0,0.0,0.0,0.0,0.0,0.0,0.0,0.0,0.0,0.0,0.0,0.0,0.0,0.0,0.0,0.0,0.0,0.0,0.0,2020-21,Playoffs
0042000204,1610612755,Philadelphia,76ers,PHI,sixers,1629730,Rayjon,Tucker,R. Tucker,rayjon-tucker,,DNP - Coach's Decision,,,0.0,0.0,0.0,0.0,0.0,0.0,0.0,0.0,0.0,0.0,0.0,0.0,0.0,0.0,0.0,0.0,0.0,0.0,0.0,0.0,0.0,0.0,2020-21,Playoffs
0042000204,1610612737,Atlanta,Hawks,ATL,hawks,1628989,Kevin,Huerter,K. Huerter,kevin-huerter,F,,,35:27,100.0,100.0,102.7,102.7,-2.7,-2.7,0.087,0.0,16.7,0.021,0.077,0.047,0.0,0.5,0.5,0.118,0.118,101.57,101.57,84.64,76.0,0.054,2020-21,Playoffs
0042000204,1610612737,Atlanta,Hawks,ATL,hawks,1628381,John,Collins,J. Collins,john-collins,F,,,36:32,101.3,101.3,88.2,88.2,13.2,13.2,0.043,1.0,5.9,0.102,0.171,0.133,5.9,0.433,0.441,0.188,0.188,99.2,99.2,82.66,75.0,0.094,2020-21,Playoffs
0042000204,1610612737,Atlanta,Hawks,ATL,hawks,203991,Clint,Capela,C. Capela,clint-capela,C,,,35:21,97.3,97.3,104.1,104.1,-6.8,-6.8,0.045,0.0,10.0,0.061,0.286,0.155,0.0,0.667,0.667,0.107,0.107,99.11,99.11,82.59,73.0,0.142,2020-21,Playoffs
0042000204,1610612737,Atlanta,Hawks,ATL,hawks,203992,Bogdan,Bogdanović,B. Bogdanović,bogdan-bogdanović,G,,,42:18,101.1,101.1,104.7,104.7,-3.6,-3.6,0.0,0.0,0.0,0.0,0.119,0.049,4.0,0.458,0.45,0.243,0.243,97.58,97.58,81.31,87.0,0.056,2020-21,Playoffs
0042000204,1610612737,Atlanta,Hawks,ATL,hawks,1629027,Trae,Young,T. Young,trae-young,G,,,40:01,106.0,106.0,98.8,98.8,7.2,7.2,0.692,9.0,36.0,0.02,0.07,0.043,4.0,0.365,0.423,0.337,0.337,100.16,100.16,83.47,84.0,0.143,2020-21,Playoffs
0042000204,1610612737,Atlanta,Hawks,ATL,hawks,203503,Tony,Snell,T. Snell,tony-snell,,,,7:43,68.4,68.4,111.8,111.8,-43.3,-43.3,0.25,0.0,25.0,0.0,0.0,0.0,0.0,0.0,0.0,0.143,0.143,111.97,111.97,93.3,19.0,-0.063,2020-21,Playoffs
0042000204,1610612737,Atlanta,Hawks,ATL,hawks,201568,Danilo,Gallinari,D. Gallinari,danilo-gallinari,,,,22:42,118.8,118.8,104.3,104.3,14.5,14.5,0.059,0.0,11.1,0.032,0.217,0.111,0.0,0.25,0.451,0.136,0.136,100.46,100.46,83.71,48.0,0.071,2020-21,Playoffs
0042000204,1610612737,Atlanta,Hawks,ATL,hawks,101150,Lou,Williams,L. Williams,lou-williams,,,,13:35,111.5,111.5,100.0,100.0,11.5,11.5,0.0,0.0,0.0,0.0,0.154,0.063,0.0,0.5,0.666,0.212,0.212,91.88,91.88,76.56,26.0,0.198,2020-21,Playoffs
0042000204,1610612737,Atlanta,Hawks,ATL,hawks,1630168,Onyeka,Okongwu,O. Okongwu,onyeka-okongwu,,,,6:21,106.7,106.7,123.1,123.1,-16.4,-16.4,0.0,0.0,0.0,0.1,0.333,0.188,0.0,0.333,0.515,0.222,0.222,105.83,105.83,88.19,15.0,0.167,2020-21,Playoffs
0042000204,1610612737,Atlanta,Hawks,ATL,hawks,1627739,Kris,Dunn,K. Dunn,kris-dunn,,DNP - Coach's Decision,,,0.0,0.0,0.0,0.0,0.0,0.0,0.0,0.0,0.0,0.0,0.0,0.0,0.0,0.0,0.0,0.0,0.0,0.0,0.0,0.0,0.0,0.0,2020-21,Playoffs
0042000204,1610612737,Atlanta,Hawks,ATL,hawks,1628981,Bruno,Fernando,B. Fernando,bruno-fernando,,DNP - Coach's Decision,,,0.0,0.0,0.0,0.0,0.0,0.0,0.0,0.0,0.0,0.0,0.0,0.0,0.0,0.0,0.0,0.0,0.0,0.0,0.0,0.0,0.0,0.0,2020-21,Playoffs
0042000204,1610612737,Atlanta,Hawks,ATL,hawks,203524,Solomon,Hill,S. Hill,solomon-hill,,DNP - Coach's Decision,,,0.0,0.0,0.0,0.0,0.0,0.0,0.0,0.0,0.0,0.0,0.0,0.0,0.0,0.0,0.0,0.0,0.0,0.0,0.0,0.0,0.0,0.0,2020-21,Playoffs
0042000204,1610612737,Atlanta,Hawks,ATL,hawks,1630233,Nathan,Knight,N. Knight,nathan-knight,,DNP - Coach's Decision,,,0.0,0.0,0.0,0.0,0.0,0.0,0.0,0.0,0.0,0.0,0.0,0.0,0.0,0.0,0.0,0.0,0.0,0.0,0.0,0.0,0.0,0.0,2020-21,Playoffs
0042000204,1610612737,Atlanta,Hawks,ATL,hawks,1630219,Skylar,Mays,S. Mays,skylar-mays,,DNP - Coach's Decision,,,0.0,0.0,0.0,0.0,0.0,0.0,0.0,0.0,0.0,0.0,0.0,0.0,0.0,0.0,0.0,0.0,0.0,0.0,0.0,0.0,0.0,0.0,2020-21,Playoffs
0042000205,1610612737,Atlanta,Hawks,ATL,hawks,1628989,Kevin,Huerter,K. Huerter,kevin-huerter,F,,,27:30,91.2,91.2,127.1,127.1,-35.9,-35.9,0.056,1.0,11.1,0.0,0.077,0.034,11.1,0.0,0.0,0.127,0.127,101.25,101.25,84.38,57.0,-0.096,2020-21,Playoffs
0042000205,1610612737,Atlanta,Hawks,ATL,hawks,1628381,John,Collins,J. Collins,john-collins,F,,,36:10,109.3,109.3,111.8,111.8,-2.5,-2.5,0.043,1.0,6.3,0.05,0.265,0.149,6.3,0.708,0.69,0.179,0.179,100.2,100.2,83.5,75.0,0.177,2020-21,Playoffs
0042000205,1610612737,Atlanta,Hawks,ATL,hawks,203991,Clint,Capela,C. Capela,clint-capela,C,,,37:58,109.0,109.0,119.2,119.2,-10.3,-10.3,0.0,0.0,0.0,0.075,0.147,0.108,20.0,0.375,0.355,0.115,0.115,98.6,98.6,82.17,78.0,0.011,2020-21,Playoffs
0042000205,1610612737,Atlanta,Hawks,ATL,hawks,203992,Bogdan,Bogdanović,B. Bogdanović,bogdan-bogdanović,G,,,21:24,90.9,90.9,111.1,111.1,-20.2,-20.2,0.091,0.5,8.3,0.036,0.133,0.07,16.7,0.333,0.333,0.22,0.22,99.81,99.81,83.18,44.0,-0.037,2020-21,Playoffs
0042000205,1610612737,Atlanta,Hawks,ATL,hawks,1629027,Trae,Young,T. Young,trae-young,G,,,40:17,111.9,111.9,120.5,120.5,-8.6,-8.6,0.304,3.5,17.5,0.023,0.0,0.013,5.0,0.478,0.622,0.351,0.351,99.48,99.48,82.9,84.0,0.186,2020-21,Playoffs
0042000205,1610612737,Atlanta,Hawks,ATL,hawks,201568,Danilo,Gallinari,D. Gallinari,danilo-gallinari,,,,30:22,107.9,107.9,85.9,85.9,22.0,22.0,0.059,1.0,7.7,0.031,0.179,0.113,7.7,0.75,0.735,0.174,0.174,100.37,100.37,83.64,63.0,0.163,2020-21,Playoffs
0042000205,1610612737,Atlanta,Hawks,ATL,hawks,203503,Tony,Snell,T. Snell,tony-snell,,,,2:51,83.3,83.3,128.6,128.6,-45.2,-45.2,0.0,0.0,0.0,0.0,0.0,0.0,0.0,0.0,0.0,0.167,0.167,109.47,109.47,91.23,6.0,0.0,2020-21,Playoffs
0042000205,1610612737,Atlanta,Hawks,ATL,hawks,101150,Lou,Williams,L. Williams,lou-williams,,,,22:33,141.3,141.3,75.6,75.6,65.7,65.7,0.176,1.5,18.8,0.0,0.074,0.045,12.5,0.682,0.682,0.26,0.26,96.84,96.84,80.7,46.0,0.169,2020-21,Playoffs
0042000205,1610612737,Atlanta,Hawks,ATL,hawks,1630168,Onyeka,Okongwu,O. Okongwu,onyeka-okongwu,,,,8:16,111.1,111.1,44.4,44.4,66.7,66.7,0.0,0.0,0.0,0.286,0.273,0.278,0.0,1.0,1.042,0.15,0.15,104.52,104.52,87.1,18.0,0.618,2020-21,Playoffs
0042000205,1610612737,Atlanta,Hawks,ATL,hawks,203524,Solomon,Hill,S. Hill,solomon-hill,,,,12:39,136.0,136.0,77.8,77.8,58.2,58.2,0.0,0.0,0.0,0.0,0.0,0.0,0.0,0.5,0.5,0.071,0.071,98.7,98.7,82.25,25.0,0.0,2020-21,Playoffs
0042000205,1610612737,Atlanta,Hawks,ATL,hawks,1627739,Kris,Dunn,K. Dunn,kris-dunn,,DNP - Coach's Decision,,,0.0,0.0,0.0,0.0,0.0,0.0,0.0,0.0,0.0,0.0,0.0,0.0,0.0,0.0,0.0,0.0,0.0,0.0,0.0,0.0,0.0,0.0,2020-21,Playoffs
0042000205,1610612737,Atlanta,Hawks,ATL,hawks,1628981,Bruno,Fernando,B. Fernando,bruno-fernando,,DNP - Coach's Decision,,,0.0,0.0,0.0,0.0,0.0,0.0,0.0,0.0,0.0,0.0,0.0,0.0,0.0,0.0,0.0,0.0,0.0,0.0,0.0,0.0,0.0,0.0,2020-21,Playoffs
0042000205,1610612737,Atlanta,Hawks,ATL,hawks,1630233,Nathan,Knight,N. Knight,nathan-knight,,DNP - Coach's Decision,,,0.0,0.0,0.0,0.0,0.0,0.0,0.0,0.0,0.0,0.0,0.0,0.0,0.0,0.0,0.0,0.0,0.0,0.0,0.0,0.0,0.0,0.0,2020-21,Playoffs
0042000205,1610612737,Atlanta,Hawks,ATL,hawks,1630219,Skylar,Mays,S. Mays,skylar-mays,,DNP - Coach's Decision,,,0.0,0.0,0.0,0.0,0.0,0.0,0.0,0.0,0.0,0.0,0.0,0.0,0.0,0.0,0.0,0.0,0.0,0.0,0.0,0.0,0.0,0.0,2020-21,Playoffs
0042000205,1610612755,Philadelphia,76ers,PHI,sixers,1627788,Furkan,Korkmaz,F. Korkmaz,furkan-korkmaz,F,,,28:40,125.4,125.4,95.0,95.0,30.4,30.4,0.042,1.0,9.1,0.0,0.167,0.094,9.1,0.357,0.435,0.145,0.145,102.95,102.95,85.79,63.0,0.057,2020-21,Playoffs
0042000205,1610612755,Philadelphia,76ers,PHI,sixers,202699,Tobias,Harris,T. Harris,tobias-harris,F,,,37:41,102.6,102.6,116.9,116.9,-14.3,-14.3,0.125,1.5,18.8,0.029,0.081,0.056,12.5,0.182,0.182,0.149,0.149,98.71,98.71,82.26,78.0,-0.031,2020-21,Playoffs
0042000205,1610612755,Philadelphia,76ers,PHI,sixers,203954,Joel,Embiid,J. Embiid,joel-embiid,C,,,39:26,122.2,122.2,108.6,108.6,13.6,13.6,0.238,1.0,13.9,0.059,0.275,0.176,13.9,0.65,0.719,0.348,0.348,98.6,98.6,82.16,81.0,0.267,2020-21,Playoffs
0042000205,1610612755,Philadelphia,76ers,PHI,sixers,203552,Seth,Curry,S. Curry,seth-curry,G,,,37:33,115.4,115.4,110.5,110.5,4.9,4.9,0.0,0.0,0.0,0.061,0.132,0.099,4.5,0.868,0.867,0.256,0.256,98.45,98.45,82.04,78.0,0.235,2020-21,Playoffs
0042000205,1610612755,Philadelphia,76ers,PHI,sixers,1627732,Ben,Simmons,B. Simmons,ben-simmons,G,,,38:24,118.5,118.5,112.7,112.7,5.9,5.9,0.31,4.5,42.9,0.0,0.1,0.056,9.5,0.5,0.394,0.14,0.14,100.0,100.0,83.34,81.0,0.05,2020-21,Playoffs
0042000205,1610612755,Philadelphia,76ers,PHI,sixers,1629680,Matisse,Thybulle,M. Thybulle,matisse-thybulle,,,,23:55,78.4,78.4,114.0,114.0,-35.6,-35.6,0.091,1.0,25.0,0.0,0.038,0.017,25.0,1.5,1.5,0.051,0.051,101.32,101.32,84.44,51.0,0.068,2020-21,Playoffs
0042000205,1610612755,Philadelphia,76ers,PHI,sixers,201588,George,Hill,G. Hill,george-hill,,,,11:49,74.1,74.1,103.8,103.8,-29.8,-29.8,0.143,0.0,16.7,0.0,0.0,0.0,0.0,0.2,0.2,0.156,0.156,107.61,107.61,89.68,27.0,0.0,2020-21,Playoffs
0042000205,1610612755,Philadelphia,76ers,PHI,sixers,1629003,Shake,Milton,S. Milton,shake-milton,,,,12:37,65.5,65.5,108.0,108.0,-42.5,-42.5,0.0,0.0,0.0,0.0,0.133,0.065,14.3,0.3,0.425,0.2,0.2,102.76,102.76,85.63,29.0,-0.043,2020-21,Playoffs
0042000205,1610612755,Philadelphia,76ers,PHI,sixers,2730,Dwight,Howard,D. Howard,dwight-howard,,,,8:34,36.8,36.8,110.5,110.5,-73.7,-73.7,0.0,0.0,0.0,0.154,0.6,0.348,50.0,0.0,0.0,0.174,0.174,106.46,106.46,88.72,19.0,0.0,2020-21,Playoffs
0042000205,1610612755,Philadelphia,76ers,PHI,sixers,1630178,Tyrese,Maxey,T. Maxey,tyrese-maxey,,,,1:21,0.0,0.0,166.7,166.7,-166.7,-166.7,0.0,0.0,0.0,0.0,0.0,0.0,0.0,0.0,0.0,0.0,0.0,142.75,142.75,118.96,5.0,0.0,2020-21,Playoffs
0042000205,1610612755,Philadelphia,76ers,PHI,sixers,1630198,Isaiah,Joe,I. Joe,isaiah-joe,,DNP - Coach's Decision,,,0.0,0.0,0.0,0.0,0.0,0.0,0.0,0.0,0.0,0.0,0.0,0.0,0.0,0.0,0.0,0.0,0.0,0.0,0.0,0.0,0.0,0.0,2020-21,Playoffs
0042000205,1610612755,Philadelphia,76ers,PHI,sixers,1630194,Paul,Reed,P. Reed,paul-reed,,DNP - Coach's Decision,,,0.0,0.0,0.0,0.0,0.0,0.0,0.0,0.0,0.0,0.0,0.0,0.0,0.0,0.0,0.0,0.0,0.0,0.0,0.0,0.0,0.0,0.0,2020-21,Playoffs
0042000205,1610612755,Philadelphia,76ers,PHI,sixers,203118,Mike,Scott,M. Scott,mike-scott,,DNP - Coach's Decision,,,0.0,0.0,0.0,0.0,0.0,0.0,0.0,0.0,0.0,0.0,0.0,0.0,0.0,0.0,0.0,0.0,0.0,0.0,0.0,0.0,0.0,0.0,2020-21,Playoffs
0042000205,1610612755,Philadelphia,76ers,PHI,sixers,201229,Anthony,Tolliver,A. Tolliver,anthony-tolliver,,DNP - Coach's Decision,,,0.0,0.0,0.0,0.0,0.0,0.0,0.0,0.0,0.0,0.0,0.0,0.0,0.0,0.0,0.0,0.0,0.0,0.0,0.0,0.0,0.0,0.0,2020-21,Playoffs
0042000205,1610612755,Philadelphia,76ers,PHI,sixers,1629730,Rayjon,Tucker,R. Tucker,rayjon-tucker,,DNP - Coach's Decision,,,0.0,0.0,0.0,0.0,0.0,0.0,0.0,0.0,0.0,0.0,0.0,0.0,0.0,0.0,0.0,0.0,0.0,0.0,0.0,0.0,0.0,0.0,2020-21,Playoffs
0042000206,1610612755,Philadelphia,76ers,PHI,sixers,1627788,Furkan,Korkmaz,F. Korkmaz,furkan-korkmaz,F,,,22:45,106.4,106.4,122.2,122.2,-15.8,-15.8,0.111,0.0,18.2,0.069,0.13,0.096,0.0,0.389,0.389,0.155,0.155,97.08,97.08,80.9,47.0,0.074,2020-21,Playoffs
0042000206,1610612755,Philadelphia,76ers,PHI,sixers,202699,Tobias,Harris,T. Harris,tobias-harris,F,,,39:05,107.4,107.4,102.4,102.4,5.0,5.0,0.091,0.0,8.3,0.0,0.102,0.051,0.0,0.5,0.551,0.232,0.232,100.09,100.09,83.41,81.0,0.132,2020-21,Playoffs
0042000206,1610612755,Philadelphia,76ers,PHI,sixers,203954,Joel,Embiid,J. Embiid,joel-embiid,C,,,38:14,103.7,103.7,107.6,107.6,-3.9,-3.9,0.048,0.13,2.9,0.149,0.143,0.146,22.9,0.396,0.427,0.354,0.354,100.45,100.45,83.71,81.0,0.043,2020-21,Playoffs
0042000206,1610612755,Philadelphia,76ers,PHI,sixers,203552,Seth,Curry,S. Curry,seth-curry,G,,,39:03,109.6,109.6,100.0,100.0,9.6,9.6,0.077,2.0,11.1,0.0,0.07,0.033,5.6,0.786,0.806,0.163,0.163,101.39,101.39,84.49,83.0,0.15,2020-21,Playoffs
0042000206,1610612755,Philadelphia,76ers,PHI,sixers,1627732,Ben,Simmons,B. Simmons,ben-simmons,G,,,25:27,98.2,98.2,106.9,106.9,-8.7,-8.7,0.294,2.5,33.3,0.063,0.259,0.153,13.3,0.333,0.387,0.156,0.156,107.52,107.52,89.6,56.0,0.071,2020-21,Playoffs
0042000206,1610612755,Philadelphia,76ers,PHI,sixers,1629680,Matisse,Thybulle,M. Thybulle,matisse-thybulle,,,,11:12,83.3,83.3,80.8,80.8,2.6,2.6,0.0,0.0,0.0,0.133,0.2,0.167,0.0,0.0,0.0,0.071,0.071,107.11,107.11,89.26,24.0,0.083,2020-21,Playoffs
0042000206,1610612755,Philadelphia,76ers,PHI,sixers,1630178,Tyrese,Maxey,T. Maxey,tyrese-maxey,,,,29:29,103.2,103.2,85.2,85.2,18.0,18.0,0.056,0.0,5.9,0.028,0.154,0.093,0.0,0.458,0.515,0.222,0.222,100.14,100.14,83.45,62.0,0.188,2020-21,Playoffs
0042000206,1610612755,Philadelphia,76ers,PHI,sixers,201588,George,Hill,G. Hill,george-hill,,,,20:40,97.7,97.7,72.7,72.7,24.9,24.9,0.154,0.0,40.0,0.0,0.065,0.035,0.0,0.5,0.5,0.063,0.063,101.05,101.05,84.21,43.0,0.129,2020-21,Playoffs
0042000206,1610612755,Philadelphia,76ers,PHI,sixers,2730,Dwight,Howard,D. Howard,dwight-howard,,,,9:46,90.9,90.9,66.7,66.7,24.2,24.2,0.0,0.0,0.0,0.0,0.118,0.067,0.0,1.0,0.694,0.042,0.042,105.59,105.59,87.99,22.0,0.114,2020-21,Playoffs
0042000206,1610612755,Philadelphia,76ers,PHI,sixers,1629003,Shake,Milton,S. Milton,shake-milton,,,,4:19,70.0,70.0,88.9,88.9,-18.9,-18.9,0.0,0.0,0.0,0.0,0.0,0.0,0.0,0.0,0.0,0.182,0.182,105.47,105.47,87.9,10.0,-0.333,2020-21,Playoffs
0042000206,1610612755,Philadelphia,76ers,PHI,sixers,1630198,Isaiah,Joe,I. Joe,isaiah-joe,,DNP - Coach's Decision,,,0.0,0.0,0.0,0.0,0.0,0.0,0.0,0.0,0.0,0.0,0.0,0.0,0.0,0.0,0.0,0.0,0.0,0.0,0.0,0.0,0.0,0.0,2020-21,Playoffs
0042000206,1610612755,Philadelphia,76ers,PHI,sixers,1630194,Paul,Reed,P. Reed,paul-reed,,DNP - Coach's Decision,,,0.0,0.0,0.0,0.0,0.0,0.0,0.0,0.0,0.0,0.0,0.0,0.0,0.0,0.0,0.0,0.0,0.0,0.0,0.0,0.0,0.0,0.0,2020-21,Playoffs
0042000206,1610612755,Philadelphia,76ers,PHI,sixers,203118,Mike,Scott,M. Scott,mike-scott,,DNP - Coach's Decision,,,0.0,0.0,0.0,0.0,0.0,0.0,0.0,0.0,0.0,0.0,0.0,0.0,0.0,0.0,0.0,0.0,0.0,0.0,0.0,0.0,0.0,0.0,2020-21,Playoffs
0042000206,1610612755,Philadelphia,76ers,PHI,sixers,201229,Anthony,Tolliver,A. Tolliver,anthony-tolliver,,DNP - Coach's Decision,,,0.0,0.0,0.0,0.0,0.0,0.0,0.0,0.0,0.0,0.0,0.0,0.0,0.0,0.0,0.0,0.0,0.0,0.0,0.0,0.0,0.0,0.0,2020-21,Playoffs
0042000206,1610612755,Philadelphia,76ers,PHI,sixers,1629730,Rayjon,Tucker,R. Tucker,rayjon-tucker,,DNP - Coach's Decision,,,0.0,0.0,0.0,0.0,0.0,0.0,0.0,0.0,0.0,0.0,0.0,0.0,0.0,0.0,0.0,0.0,0.0,0.0,0.0,0.0,0.0,0.0,2020-21,Playoffs
0042000206,1610612737,Atlanta,Hawks,ATL,hawks,1628989,Kevin,Huerter,K. Huerter,kevin-huerter,F,,,44:13,98.9,98.9,104.3,104.3,-5.3,-5.3,0.143,0.0,20.0,0.038,0.164,0.103,0.0,0.533,0.535,0.148,0.148,101.5,101.5,84.58,93.0,0.147,2020-21,Playoffs
0042000206,1610612737,Atlanta,Hawks,ATL,hawks,1628381,John,Collins,J. Collins,john-collins,F,,,37:09,107.5,107.5,100.0,100.0,7.5,7.5,0.0,0.0,0.0,0.024,0.188,0.112,18.2,0.25,0.376,0.121,0.121,102.74,102.74,85.61,80.0,0.052,2020-21,Playoffs
0042000206,1610612737,Atlanta,Hawks,ATL,hawks,203991,Clint,Capela,C. Capela,clint-capela,C,,,37:54,106.6,106.6,102.5,102.5,4.1,4.1,0.042,1.0,6.7,0.071,0.17,0.124,6.7,0.6,0.554,0.161,0.161,98.8,98.8,82.34,76.0,0.111,2020-21,Playoffs
0042000206,1610612737,Atlanta,Hawks,ATL,hawks,203992,Bogdan,Bogdanović,B. Bogdanović,bogdan-bogdanović,G,,,28:37,101.7,101.7,101.7,101.7,0.0,0.0,0.045,0.33,6.3,0.0,0.056,0.029,18.8,0.318,0.295,0.224,0.224,98.96,98.96,82.47,59.0,-0.026,2020-21,Playoffs
0042000206,1610612737,Atlanta,Hawks,ATL,hawks,1629027,Trae,Young,T. Young,trae-young,G,,,40:11,108.3,108.3,98.8,98.8,9.5,9.5,0.545,3.0,25.0,0.0,0.098,0.052,8.3,0.517,0.528,0.375,0.375,100.95,100.95,84.13,84.0,0.208,2020-21,Playoffs
0042000206,1610612737,Atlanta,Hawks,ATL,hawks,201568,Danilo,Gallinari,D. Gallinari,danilo-gallinari,,,,23:23,90.2,90.2,100.0,100.0,-9.8,-9.8,0.0,0.0,0.0,0.0,0.034,0.016,0.0,0.6,0.68,0.194,0.194,102.62,102.62,85.52,51.0,0.139,2020-21,Playoffs
0042000206,1610612737,Atlanta,Hawks,ATL,hawks,101150,Lou,Williams,L. Williams,lou-williams,,,,11:11,65.4,65.4,117.4,117.4,-52.0,-52.0,0.143,0.5,12.5,0.0,0.25,0.1,25.0,0.0,0.0,0.219,0.219,105.09,105.09,87.58,26.0,-0.226,2020-21,Playoffs
0042000206,1610612737,Atlanta,Hawks,ATL,hawks,1630168,Onyeka,Okongwu,O. Okongwu,onyeka-okongwu,,,,9:46,66.7,66.7,90.9,90.9,-24.2,-24.2,0.0,0.0,0.0,0.059,0.077,0.067,0.0,0.667,0.515,0.148,0.148,105.59,105.59,87.99,21.0,0.171,2020-21,Playoffs
0042000206,1610612737,Atlanta,Hawks,ATL,hawks,203524,Solomon,Hill,S. Hill,solomon-hill,,,,7:36,50.0,50.0,116.7,116.7,-66.7,-66.7,0.0,0.0,0.0,0.077,0.111,0.091,0.0,0.0,0.0,0.0,0.0,107.32,107.32,89.43,16.0,-0.037,2020-21,Playoffs
0042000206,1610612737,Atlanta,Hawks,ATL,hawks,1627739,Kris,Dunn,K. Dunn,kris-dunn,,DNP - Coach's Decision,,,0.0,0.0,0.0,0.0,0.0,0.0,0.0,0.0,0.0,0.0,0.0,0.0,0.0,0.0,0.0,0.0,0.0,0.0,0.0,0.0,0.0,0.0,2020-21,Playoffs
0042000206,1610612737,Atlanta,Hawks,ATL,hawks,1628981,Bruno,Fernando,B. Fernando,bruno-fernando,,DNP - Coach's Decision,,,0.0,0.0,0.0,0.0,0.0,0.0,0.0,0.0,0.0,0.0,0.0,0.0,0.0,0.0,0.0,0.0,0.0,0.0,0.0,0.0,0.0,0.0,2020-21,Playoffs
0042000206,1610612737,Atlanta,Hawks,ATL,hawks,1630233,Nathan,Knight,N. Knight,nathan-knight,,DNP - Coach's Decision,,,0.0,0.0,0.0,0.0,0.0,0.0,0.0,0.0,0.0,0.0,0.0,0.0,0.0,0.0,0.0,0.0,0.0,0.0,0.0,0.0,0.0,0.0,2020-21,Playoffs
0042000206,1610612737,Atlanta,Hawks,ATL,hawks,1630219,Skylar,Mays,S. Mays,skylar-mays,,DNP - Coach's Decision,,,0.0,0.0,0.0,0.0,0.0,0.0,0.0,0.0,0.0,0.0,0.0,0.0,0.0,0.0,0.0,0.0,0.0,0.0,0.0,0.0,0.0,0.0,2020-21,Playoffs
0042000206,1610612737,Atlanta,Hawks,ATL,hawks,203503,Tony,Snell,T. Snell,tony-snell,,DNP - Coach's Decision,,,0.0,0.0,0.0,0.0,0.0,0.0,0.0,0.0,0.0,0.0,0.0,0.0,0.0,0.0,0.0,0.0,0.0,0.0,0.0,0.0,0.0,0.0,2020-21,Playoffs
0042000207,1610612737,Atlanta,Hawks,ATL,hawks,1628989,Kevin,Huerter,K. Huerter,kevin-huerter,F,,,39:35,98.8,98.8,89.2,89.2,9.6,9.6,0.167,3.0,12.5,0.023,0.15,0.084,4.2,0.611,0.64,0.236,0.236,100.65,100.65,83.87,83.0,0.171,2020-21,Playoffs
0042000207,1610612737,Atlanta,Hawks,ATL,hawks,1628381,John,Collins,J. Collins,john-collins,F,,,41:12,109.5,109.5,101.2,101.2,8.3,8.3,0.034,0.5,10.0,0.077,0.31,0.198,20.0,0.833,0.902,0.1,0.1,97.86,97.86,81.55,84.0,0.158,2020-21,Playoffs
0042000207,1610612737,Atlanta,Hawks,ATL,hawks,203991,Clint,Capela,C. Capela,clint-capela,C,,,32:20,100.0,100.0,102.9,102.9,-2.9,-2.9,0.053,0.0,9.1,0.0,0.188,0.091,0.0,0.75,0.666,0.141,0.141,100.93,100.93,84.11,68.0,0.104,2020-21,Playoffs
0042000207,1610612737,Atlanta,Hawks,ATL,hawks,203992,Bogdan,Bogdanović,B. Bogdanović,bogdan-bogdanović,G,,,21:27,83.0,83.0,102.2,102.2,-19.2,-19.2,0.154,0.0,20.0,0.0,0.111,0.047,0.0,0.25,0.25,0.167,0.167,104.06,104.06,86.71,47.0,0.036,2020-21,Playoffs
0042000207,1610612737,Atlanta,Hawks,ATL,hawks,1629027,Trae,Young,T. Young,trae-young,G,,,43:00,106.7,106.7,101.1,101.1,5.6,5.6,0.345,1.67,22.7,0.0,0.067,0.035,13.6,0.261,0.377,0.354,0.354,98.23,98.23,81.86,89.0,0.026,2020-21,Playoffs
0042000207,1610612737,Atlanta,Hawks,ATL,hawks,201568,Danilo,Gallinari,D. Gallinari,danilo-gallinari,,,,30:26,103.1,103.1,95.2,95.2,7.9,7.9,0.125,2.0,11.8,0.033,0.121,0.079,5.9,0.577,0.612,0.208,0.208,100.15,100.15,83.46,65.0,0.153,2020-21,Playoffs
0042000207,1610612737,Atlanta,Hawks,ATL,hawks,1630168,Onyeka,Okongwu,O. Okongwu,onyeka-okongwu,,,,15:40,106.1,106.1,78.8,78.8,27.3,27.3,0.091,0.0,33.3,0.067,0.118,0.094,0.0,0.0,0.266,0.053,0.053,101.14,101.14,84.28,33.0,-0.012,2020-21,Playoffs
0042000207,1610612737,Atlanta,Hawks,ATL,hawks,101150,Lou,Williams,L. Williams,lou-williams,,,,11:19,104.0,104.0,100.0,100.0,4.0,4.0,0.286,0.0,28.6,0.0,0.167,0.083,0.0,0.5,0.615,0.179,0.179,106.04,106.04,88.37,25.0,0.2,2020-21,Playoffs
0042000207,1610612737,Atlanta,Hawks,ATL,hawks,203524,Solomon,Hill,S. Hill,solomon-hill,,,,5:01,91.7,91.7,54.5,54.5,37.1,37.1,0.0,0.0,0.0,0.0,0.0,0.0,0.0,0.0,0.0,0.0,0.0,110.03,110.03,91.69,12.0,0.0,2020-21,Playoffs
0042000207,1610612737,Atlanta,Hawks,ATL,hawks,1627739,Kris,Dunn,K. Dunn,kris-dunn,,DNP - Coach's Decision,,,0.0,0.0,0.0,0.0,0.0,0.0,0.0,0.0,0.0,0.0,0.0,0.0,0.0,0.0,0.0,0.0,0.0,0.0,0.0,0.0,0.0,0.0,2020-21,Playoffs
0042000207,1610612737,Atlanta,Hawks,ATL,hawks,1628981,Bruno,Fernando,B. Fernando,bruno-fernando,,DNP - Coach's Decision,,,0.0,0.0,0.0,0.0,0.0,0.0,0.0,0.0,0.0,0.0,0.0,0.0,0.0,0.0,0.0,0.0,0.0,0.0,0.0,0.0,0.0,0.0,2020-21,Playoffs
0042000207,1610612737,Atlanta,Hawks,ATL,hawks,1630233,Nathan,Knight,N. Knight,nathan-knight,,DNP - Coach's Decision,,,0.0,0.0,0.0,0.0,0.0,0.0,0.0,0.0,0.0,0.0,0.0,0.0,0.0,0.0,0.0,0.0,0.0,0.0,0.0,0.0,0.0,0.0,2020-21,Playoffs
0042000207,1610612737,Atlanta,Hawks,ATL,hawks,1630219,Skylar,Mays,S. Mays,skylar-mays,,DNP - Coach's Decision,,,0.0,0.0,0.0,0.0,0.0,0.0,0.0,0.0,0.0,0.0,0.0,0.0,0.0,0.0,0.0,0.0,0.0,0.0,0.0,0.0,0.0,0.0,2020-21,Playoffs
0042000207,1610612737,Atlanta,Hawks,ATL,hawks,203503,Tony,Snell,T. Snell,tony-snell,,DNP - Coach's Decision,,,0.0,0.0,0.0,0.0,0.0,0.0,0.0,0.0,0.0,0.0,0.0,0.0,0.0,0.0,0.0,0.0,0.0,0.0,0.0,0.0,0.0,0.0,2020-21,Playoffs
0042000207,1610612755,Philadelphia,76ers,PHI,sixers,1627788,Furkan,Korkmaz,F. Korkmaz,furkan-korkmaz,F,,,18:06,107.9,107.9,87.8,87.8,20.1,20.1,0.071,0.0,14.3,0.0,0.095,0.057,0.0,0.417,0.417,0.154,0.154,104.73,104.73,87.28,38.0,0.013,2020-21,Playoffs
0042000207,1610612755,Philadelphia,76ers,PHI,sixers,202699,Tobias,Harris,T. Harris,tobias-harris,F,,,45:01,100.0,100.0,104.3,104.3,-4.3,-4.3,0.167,2.0,12.5,0.043,0.261,0.151,6.3,0.375,0.45,0.277,0.277,98.1,98.1,81.75,91.0,0.131,2020-21,Playoffs
0042000207,1610612755,Philadelphia,76ers,PHI,sixers,203954,Joel,Embiid,J. Embiid,joel-embiid,C,,,40:59,104.7,104.7,103.4,103.4,1.3,1.3,0.143,0.38,8.1,0.027,0.238,0.139,21.6,0.571,0.61,0.374,0.374,101.31,101.31,84.42,85.0,0.139,2020-21,Playoffs
0042000207,1610612755,Philadelphia,76ers,PHI,sixers,203552,Seth,Curry,S. Curry,seth-curry,G,,,30:56,101.5,101.5,106.2,106.2,-4.6,-4.6,0.111,2.0,14.3,0.0,0.071,0.035,7.1,0.75,0.735,0.169,0.169,101.64,101.64,84.7,66.0,0.084,2020-21,Playoffs
0042000207,1610612755,Philadelphia,76ers,PHI,sixers,1627732,Ben,Simmons,B. Simmons,ben-simmons,G,,,35:50,94.6,94.6,93.2,93.2,1.4,1.4,0.542,6.5,65.0,0.029,0.184,0.111,10.0,0.5,0.512,0.09,0.09,99.12,99.12,82.6,74.0,0.144,2020-21,Playoffs
0042000207,1610612755,Philadelphia,76ers,PHI,sixers,1630178,Tyrese,Maxey,T. Maxey,tyrese-maxey,,,,14:31,89.7,89.7,110.0,110.0,-20.3,-20.3,0.375,1.5,37.5,0.0,0.071,0.031,25.0,0.0,0.347,0.143,0.143,97.59,97.59,81.32,29.0,0.0,2020-21,Playoffs
0042000207,1610612755,Philadelphia,76ers,PHI,sixers,2730,Dwight,Howard,D. Howard,dwight-howard,,,,7:01,53.8,53.8,85.7,85.7,-31.9,-31.9,0.0,0.0,0.0,0.083,0.286,0.158,33.3,0.0,0.0,0.176,0.176,92.35,92.35,76.96,13.0,-0.316,2020-21,Playoffs
0042000207,1610612755,Philadelphia,76ers,PHI,sixers,201588,George,Hill,G. Hill,george-hill,,,,21:29,84.1,84.1,110.6,110.6,-26.5,-26.5,0.0,0.0,0.0,0.0,0.05,0.023,25.0,0.333,0.436,0.082,0.082,101.65,101.65,84.71,44.0,0.015,2020-21,Playoffs
0042000207,1610612755,Philadelphia,76ers,PHI,sixers,1629680,Matisse,Thybulle,M. Thybulle,matisse-thybulle,,,,20:46,95.0,95.0,111.6,111.6,-16.6,-16.6,0.0,0.0,0.0,0.091,0.15,0.119,0.0,0.7,0.68,0.13,0.13,95.92,95.92,79.93,40.0,0.143,2020-21,Playoffs
0042000207,1610612755,Philadelphia,76ers,PHI,sixers,1629003,Shake,Milton,S. Milton,shake-milton,,,,5:21,93.3,93.3,53.3,53.3,40.0,40.0,0.0,0.0,0.0,0.0,0.111,0.056,0.0,0.333,0.333,0.167,0.167,134.58,134.58,112.15,15.0,-0.08,2020-21,Playoffs
0042000207,1610612755,Philadelphia,76ers,PHI,sixers,1630198,Isaiah,Joe,I. Joe,isaiah-joe,,DNP - Coach's Decision,,,0.0,0.0,0.0,0.0,0.0,0.0,0.0,0.0,0.0,0.0,0.0,0.0,0.0,0.0,0.0,0.0,0.0,0.0,0.0,0.0,0.0,0.0,2020-21,Playoffs
0042000207,1610612755,Philadelphia,76ers,PHI,sixers,1630194,Paul,Reed,P. Reed,paul-reed,,DNP - Coach's Decision,,,0.0,0.0,0.0,0.0,0.0,0.0,0.0,0.0,0.0,0.0,0.0,0.0,0.0,0.0,0.0,0.0,0.0,0.0,0.0,0.0,0.0,0.0,2020-21,Playoffs
0042000207,1610612755,Philadelphia,76ers,PHI,sixers,203118,Mike,Scott,M. Scott,mike-scott,,DNP - Coach's Decision,,,0.0,0.0,0.0,0.0,0.0,0.0,0.0,0.0,0.0,0.0,0.0,0.0,0.0,0.0,0.0,0.0,0.0,0.0,0.0,0.0,0.0,0.0,2020-21,Playoffs
0042000207,1610612755,Philadelphia,76ers,PHI,sixers,201229,Anthony,Tolliver,A. Tolliver,anthony-tolliver,,DNP - Coach's Decision,,,0.0,0.0,0.0,0.0,0.0,0.0,0.0,0.0,0.0,0.0,0.0,0.0,0.0,0.0,0.0,0.0,0.0,0.0,0.0,0.0,0.0,0.0,2020-21,Playoffs
0042000207,1610612755,Philadelphia,76ers,PHI,sixers,1629730,Rayjon,Tucker,R. Tucker,rayjon-tucker,,DNP - Coach's Decision,,,0.0,0.0,0.0,0.0,0.0,0.0,0.0,0.0,0.0,0.0,0.0,0.0,0.0,0.0,0.0,0.0,0.0,0.0,0.0,0.0,0.0,0.0,2020-21,Playoffs
0042000211,1610612749,Milwaukee,Bucks,MIL,bucks,200782,P.J.,Tucker,P. Tucker,pj-tucker,F,,,27:57,93.5,93.5,112.7,112.7,-19.2,-19.2,0.043,1.0,12.5,0.0,0.129,0.063,12.5,0.5,0.595,0.1,0.1,107.35,107.35,89.46,62.0,0.056,2020-21,Playoffs
0042000211,1610612749,Milwaukee,Bucks,MIL,bucks,203507,Giannis,Antetokounmpo,G. Antetokounmpo,giannis-antetokounmpo,F,,,35:15,105.1,105.1,114.1,114.1,-9.0,-9.0,0.211,0.8,11.8,0.0,0.282,0.138,14.7,0.708,0.671,0.333,0.333,106.21,106.21,88.51,78.0,0.187,2020-21,Playoffs
0042000211,1610612749,Milwaukee,Bucks,MIL,bucks,201572,Brook,Lopez,B. Lopez,brook-lopez,C,,,27:32,96.9,96.9,112.9,112.9,-16.0,-16.0,0.053,1.0,7.1,0.152,0.0,0.081,7.1,0.727,0.771,0.178,0.178,109.81,109.81,91.51,64.0,0.134,2020-21,Playoffs
0042000211,1610612749,Milwaukee,Bucks,MIL,bucks,203114,Khris,Middleton,K. Middleton,khris-middleton,G,,,36:10,96.3,96.3,104.9,104.9,-8.6,-8.6,0.143,2.0,13.3,0.065,0.238,0.148,6.7,0.261,0.272,0.274,0.274,108.17,108.17,90.14,82.0,0.042,2020-21,Playoffs
0042000211,1610612749,Milwaukee,Bucks,MIL,bucks,201950,Jrue,Holiday,J. Holiday,jrue-holiday,G,,,36:39,96.4,96.4,112.0,112.0,-15.7,-15.7,0.222,2.0,20.7,0.089,0.122,0.105,10.3,0.421,0.418,0.24,0.24,108.7,108.7,90.59,83.0,0.075,2020-21,Playoffs
0042000211,1610612749,Milwaukee,Bucks,MIL,bucks,1627854,Bryn,Forbes,B. Forbes,bryn-forbes,,,,21:51,98.0,98.0,102.1,102.1,-4.2,-4.2,0.056,0.0,11.1,0.0,0.091,0.036,0.0,0.313,0.313,0.129,0.129,105.48,105.48,87.9,49.0,0.0,2020-21,Playoffs
0042000211,1610612749,Milwaukee,Bucks,MIL,bucks,1626171,Bobby,Portis,B. Portis,bobby-portis,,,,17:13,107.7,107.7,115.4,115.4,-7.7,-7.7,0.0,0.0,0.0,0.08,0.294,0.167,12.5,0.429,0.403,0.167,0.167,108.73,108.73,90.61,39.0,0.083,2020-21,Playoffs
0042000211,1610612749,Milwaukee,Bucks,MIL,bucks,1626192,Pat,Connaughton,P. Connaughton,pat-connaughton,,,,19:56,97.7,97.7,97.6,97.6,0.1,0.1,0.063,1.0,25.0,0.0,0.16,0.075,25.0,0.5,0.615,0.058,0.058,102.37,102.37,85.31,43.0,0.111,2020-21,Playoffs
0042000211,1610612749,Milwaukee,Bucks,MIL,bucks,201952,Jeff,Teague,J. Teague,jeff-teague,,,,13:48,100.0,100.0,113.8,113.8,-13.8,-13.8,0.083,0.0,25.0,0.0,0.071,0.033,0.0,0.0,0.347,0.088,0.088,104.39,104.39,86.99,31.0,0.034,2020-21,Playoffs
0042000211,1610612749,Milwaukee,Bucks,MIL,bucks,203648,Thanasis,Antetokounmpo,T. Antetokounmpo,thanasis-antetokounmpo,,,,3:40,157.1,157.1,0.0,0.0,157.1,157.1,0.5,0.0,66.7,0.2,0.2,0.2,0.0,0.0,0.568,0.125,0.125,91.64,91.64,76.36,7.0,0.5,2020-21,Playoffs
0042000211,1610612749,Milwaukee,Bucks,MIL,bucks,1629091,Elijah,Bryant,E. Bryant,elijah-bryant,,DNP - Coach's Decision,,,0.0,0.0,0.0,0.0,0.0,0.0,0.0,0.0,0.0,0.0,0.0,0.0,0.0,0.0,0.0,0.0,0.0,0.0,0.0,0.0,0.0,0.0,2020-21,Playoffs
0042000211,1610612749,Milwaukee,Bucks,MIL,bucks,1629603,Mamadi,Diakite,M. Diakite,mamadi-diakite,,DNP - Coach's Decision,,,0.0,0.0,0.0,0.0,0.0,0.0,0.0,0.0,0.0,0.0,0.0,0.0,0.0,0.0,0.0,0.0,0.0,0.0,0.0,0.0,0.0,0.0,2020-21,Playoffs
0042000211,1610612749,Milwaukee,Bucks,MIL,bucks,1630241,Sam,Merrill,S. Merrill,sam-merrill,,DNP - Coach's Decision,,,0.0,0.0,0.0,0.0,0.0,0.0,0.0,0.0,0.0,0.0,0.0,0.0,0.0,0.0,0.0,0.0,0.0,0.0,0.0,0.0,0.0,0.0,2020-21,Playoffs
0042000211,1610612749,Milwaukee,Bucks,MIL,bucks,1629670,Jordan,Nwora,J. Nwora,jordan-nwora,,DNP - Coach's Decision,,,0.0,0.0,0.0,0.0,0.0,0.0,0.0,0.0,0.0,0.0,0.0,0.0,0.0,0.0,0.0,0.0,0.0,0.0,0.0,0.0,0.0,0.0,2020-21,Playoffs
0042000211,1610612749,Milwaukee,Bucks,MIL,bucks,1626253,Axel,Toupane,A. Toupane,axel-toupane,,DNP - Coach's Decision,,,0.0,0.0,0.0,0.0,0.0,0.0,0.0,0.0,0.0,0.0,0.0,0.0,0.0,0.0,0.0,0.0,0.0,0.0,0.0,0.0,0.0,0.0,2020-21,Playoffs
0042000211,1610612751,Brooklyn,Nets,BKN,nets,201142,Kevin,Durant,K. Durant,kevin-durant,F,,,40:06,113.5,113.5,97.8,97.8,15.7,15.7,0.107,1.0,9.1,0.023,0.173,0.105,9.1,0.5,0.542,0.313,0.313,106.53,106.53,88.78,89.0,0.133,2020-21,Playoffs
0042000211,1610612751,Brooklyn,Nets,BKN,nets,203925,Joe,Harris,J. Harris,joe-harris,F,,,34:19,106.5,106.5,98.7,98.7,7.8,7.8,0.077,2.0,14.3,0.0,0.051,0.026,7.1,0.864,0.864,0.146,0.146,107.72,107.72,89.77,77.0,0.134,2020-21,Playoffs
0042000211,1610612751,Brooklyn,Nets,BKN,nets,201933,Blake,Griffin,B. Griffin,blake-griffin,C,,,35:03,102.6,102.6,98.7,98.7,3.9,3.9,0.111,1.0,15.8,0.047,0.273,0.161,15.8,0.692,0.692,0.19,0.19,106.15,106.15,88.46,77.0,0.139,2020-21,Playoffs
0042000211,1610612751,Brooklyn,Nets,BKN,nets,202681,Kyrie,Irving,K. Irving,kyrie-irving,G,,,44:34,111.3,111.3,95.9,95.9,15.4,15.4,0.242,8.0,22.9,0.04,0.052,0.046,2.9,0.481,0.481,0.26,0.26,105.01,105.01,87.51,97.0,0.116,2020-21,Playoffs
0042000211,1610612751,Brooklyn,Nets,BKN,nets,201935,James,Harden,J. Harden,james-harden,G,,,0:43,0.0,0.0,66.7,66.7,-66.7,-66.7,0.0,0.0,0.0,0.0,1.0,1.0,0.0,0.0,0.0,0.0,0.0,200.93,200.93,167.44,3.0,1.0,2020-21,Playoffs
0042000211,1610612751,Brooklyn,Nets,BKN,nets,1628971,Bruce,Brown,B. Brown,bruce-brown,,,,21:21,102.0,102.0,100.0,100.0,2.0,2.0,0.15,0.0,33.3,0.0,0.148,0.078,0.0,0.4,0.51,0.113,0.113,107.92,107.92,89.93,49.0,0.091,2020-21,Playoffs
0042000211,1610612751,Brooklyn,Nets,BKN,nets,1629013,Landry,Shamet,L. Shamet,landry-shamet,,,,12:10,140.7,140.7,100.0,100.0,40.7,40.7,0.167,0.0,40.0,0.0,0.0,0.0,0.0,0.333,0.333,0.111,0.111,108.55,108.55,90.46,27.0,0.037,2020-21,Playoffs
0042000211,1610612751,Brooklyn,Nets,BKN,nets,1629651,Nic,Claxton,N. Claxton,nic-claxton,,,,14:20,140.6,140.6,103.0,103.0,37.6,37.6,0.067,0.0,25.0,0.0,0.167,0.103,0.0,0.5,0.602,0.094,0.094,108.8,108.8,90.67,32.0,0.087,2020-21,Playoffs
0042000211,1610612751,Brooklyn,Nets,BKN,nets,1628455,Mike,James,A. James,mike-james,,,,30:15,110.8,110.8,92.3,92.3,18.5,18.5,0.13,0.0,21.4,0.027,0.154,0.092,0.0,0.545,0.545,0.157,0.157,103.16,103.16,85.96,65.0,0.109,2020-21,Playoffs
0042000211,1610612751,Brooklyn,Nets,BKN,nets,1629617,Reggie,Perry,R. Perry,reggie-perry,,,,1:26,0.0,0.0,200.0,200.0,-200.0,-200.0,0.0,0.0,0.0,0.0,0.0,0.0,0.0,0.0,0.0,0.0,0.0,100.47,100.47,83.72,3.0,-0.167,2020-21,Playoffs
0042000211,1610612751,Brooklyn,Nets,BKN,nets,1628993,Alize,Johnson,A. Johnson,alize-johnson,,,,1:26,0.0,0.0,200.0,200.0,-200.0,-200.0,0.0,0.0,0.0,0.0,0.5,0.25,0.0,0.0,0.0,0.0,0.0,100.47,100.47,83.72,3.0,0.167,2020-21,Playoffs
0042000211,1610612751,Brooklyn,Nets,BKN,nets,1627789,Timothe,Luwawu-Cabarrot,T. Luwawu-Cabarrot,timothe-luwawu-cabarrot,,,,1:26,0.0,0.0,200.0,200.0,-200.0,-200.0,0.0,0.0,0.0,0.0,0.0,0.0,0.0,0.0,0.0,0.25,0.25,100.47,100.47,83.72,3.0,-0.167,2020-21,Playoffs
0042000211,1610612751,Brooklyn,Nets,BKN,nets,204020,Tyler,Johnson,T. Johnson,tyler-johnson,,,,1:26,0.0,0.0,200.0,200.0,-200.0,-200.0,0.0,0.0,0.0,0.0,0.0,0.0,0.0,0.0,0.0,0.25,0.25,100.47,100.47,83.72,3.0,-0.167,2020-21,Playoffs
0042000211,1610612751,Brooklyn,Nets,BKN,nets,1629185,Chris,Chiozza,C. Chiozza,chris-chiozza,,,,1:26,0.0,0.0,200.0,200.0,-200.0,-200.0,0.0,0.0,0.0,0.0,0.0,0.0,0.0,0.0,0.0,0.0,0.0,100.47,100.47,83.72,3.0,0.0,2020-21,Playoffs
0042000211,1610612751,Brooklyn,Nets,BKN,nets,201599,DeAndre,Jordan,D. Jordan,deandre-jordan,,DNP - Coach's Decision,,,0.0,0.0,0.0,0.0,0.0,0.0,0.0,0.0,0.0,0.0,0.0,0.0,0.0,0.0,0.0,0.0,0.0,0.0,0.0,0.0,0.0,0.0,2020-21,Playoffs
0042000212,1610612749,Milwaukee,Bucks,MIL,bucks,200782,P.J.,Tucker,P. Tucker,pj-tucker,F,,,22:07,93.2,93.2,113.6,113.6,-20.5,-20.5,0.0,0.0,0.0,0.091,0.048,0.07,33.3,0.5,0.5,0.06,0.06,95.46,95.46,79.55,44.0,0.0,2020-21,Playoffs
0042000212,1610612749,Milwaukee,Bucks,MIL,bucks,203507,Giannis,Antetokounmpo,G. Antetokounmpo,giannis-antetokounmpo,F,,,30:47,93.5,93.5,129.0,129.0,-35.5,-35.5,0.235,1.33,16.0,0.029,0.357,0.175,12.0,0.533,0.498,0.288,0.288,96.65,96.65,80.55,62.0,0.126,2020-21,Playoffs
0042000212,1610612749,Milwaukee,Bucks,MIL,bucks,201572,Brook,Lopez,B. Lopez,brook-lopez,C,,,25:33,92.3,92.3,123.5,123.5,-31.2,-31.2,0.118,2.0,15.4,0.107,0.111,0.109,7.7,0.5,0.5,0.186,0.186,96.76,96.76,80.64,52.0,0.079,2020-21,Playoffs
0042000212,1610612749,Milwaukee,Bucks,MIL,bucks,203114,Khris,Middleton,K. Middleton,khris-middleton,G,,,33:34,87.0,87.0,136.4,136.4,-49.4,-49.4,0.056,0.2,3.8,0.03,0.129,0.078,19.2,0.425,0.425,0.321,0.321,96.52,96.52,80.44,69.0,0.034,2020-21,Playoffs
0042000212,1610612749,Milwaukee,Bucks,MIL,bucks,201950,Jrue,Holiday,J. Holiday,jrue-holiday,G,,,34:07,89.7,89.7,133.3,133.3,-43.6,-43.6,0.15,3.0,21.4,0.029,0.097,0.062,7.1,0.65,0.65,0.143,0.143,94.26,94.26,78.55,68.0,0.106,2020-21,Playoffs
0042000212,1610612749,Milwaukee,Bucks,MIL,bucks,1627854,Bryn,Forbes,B. Forbes,bryn-forbes,,,,21:31,88.4,88.4,153.8,153.8,-65.5,-65.5,0.167,2.0,22.2,0.048,0.053,0.05,11.1,0.833,0.833,0.143,0.143,91.49,91.49,76.24,43.0,0.106,2020-21,Playoffs
0042000212,1610612749,Milwaukee,Bucks,MIL,bucks,1626171,Bobby,Portis,B. Portis,bobby-portis,,,,17:15,78.8,78.8,162.5,162.5,-83.7,-83.7,0.0,0.0,0.0,0.0,0.167,0.071,16.7,0.2,0.2,0.158,0.158,90.42,90.42,75.35,33.0,-0.021,2020-21,Playoffs
0042000212,1610612749,Milwaukee,Bucks,MIL,bucks,1626192,Pat,Connaughton,P. Connaughton,pat-connaughton,,,,13:47,80.8,80.8,161.5,161.5,-80.8,-80.8,0.0,0.0,0.0,0.077,0.25,0.16,50.0,0.0,0.0,0.067,0.067,90.57,90.57,75.47,26.0,0.023,2020-21,Playoffs
0042000212,1610612749,Milwaukee,Bucks,MIL,bucks,203648,Thanasis,Antetokounmpo,T. Antetokounmpo,thanasis-antetokounmpo,,,,9:28,80.0,80.0,125.0,125.0,-45.0,-45.0,0.0,0.0,0.0,0.0,0.0,0.0,33.3,0.0,0.532,0.136,0.136,101.5,101.5,84.58,20.0,-0.062,2020-21,Playoffs
0042000212,1610612749,Milwaukee,Bucks,MIL,bucks,201952,Jeff,Teague,J. Teague,jeff-teague,,,,7:22,69.2,69.2,192.3,192.3,-123.1,-123.1,0.25,0.0,33.3,0.0,0.143,0.067,0.0,0.0,0.0,0.143,0.143,84.71,84.71,70.59,13.0,0.0,2020-21,Playoffs
0042000212,1610612749,Milwaukee,Bucks,MIL,bucks,1629091,Elijah,Bryant,E. Bryant,elijah-bryant,,,,9:03,84.2,84.2,115.8,115.8,-31.6,-31.6,0.0,0.0,0.0,0.0,0.3,0.15,0.0,0.5,0.5,0.286,0.286,100.77,100.77,83.98,19.0,0.211,2020-21,Playoffs
0042000212,1610612749,Milwaukee,Bucks,MIL,bucks,1630241,Sam,Merrill,S. Merrill,sam-merrill,,,,5:36,92.3,92.3,92.9,92.9,-0.5,-0.5,0.0,0.0,0.0,0.0,0.0,0.0,33.3,0.0,0.0,0.214,0.214,115.71,115.71,96.43,13.0,-0.167,2020-21,Playoffs
0042000212,1610612749,Milwaukee,Bucks,MIL,bucks,1629603,Mamadi,Diakite,M. Diakite,mamadi-diakite,,,,5:12,100.0,100.0,76.9,76.9,23.1,23.1,0.0,0.0,0.0,0.0,0.286,0.167,0.0,0.0,0.0,0.077,0.077,115.38,115.38,96.15,12.0,-0.069,2020-21,Playoffs
0042000212,1610612749,Milwaukee,Bucks,MIL,bucks,1628382,Justin,Jackson,J. Jackson,justin-jackson,,,,4:38,109.1,109.1,45.5,45.5,63.6,63.6,0.5,0.0,25.0,0.25,0.0,0.091,0.0,1.0,1.0,0.25,0.25,113.96,113.96,94.96,11.0,0.81,2020-21,Playoffs
0042000212,1610612749,Milwaukee,Bucks,MIL,bucks,1626253,Axel,Toupane,A. Toupane,axel-toupane,,DNP - Coach's Decision,,,0.0,0.0,0.0,0.0,0.0,0.0,0.0,0.0,0.0,0.0,0.0,0.0,0.0,0.0,0.0,0.0,0.0,0.0,0.0,0.0,0.0,0.0,2020-21,Playoffs
0042000212,1610612751,Brooklyn,Nets,BKN,nets,201142,Kevin,Durant,K. Durant,kevin-durant,F,,,32:51,134.4,134.4,89.4,89.4,45.0,45.0,0.273,2.0,20.7,0.0,0.118,0.063,10.3,0.778,0.792,0.333,0.333,94.98,94.98,79.15,64.0,0.24,2020-21,Playoffs
0042000212,1610612751,Brooklyn,Nets,BKN,nets,203925,Joe,Harris,J. Harris,joe-harris,F,,,30:21,135.0,135.0,90.3,90.3,44.7,44.7,0.0,0.0,0.0,0.0,0.032,0.017,7.7,0.542,0.542,0.197,0.197,96.5,96.5,80.42,60.0,0.024,2020-21,Playoffs
0042000212,1610612751,Brooklyn,Nets,BKN,nets,201933,Blake,Griffin,B. Griffin,blake-griffin,C,,,25:50,121.2,121.2,96.2,96.2,24.9,24.9,0.048,0.0,20.0,0.037,0.25,0.145,0.0,0.875,0.875,0.069,0.069,97.52,97.52,81.27,52.0,0.124,2020-21,Playoffs
0042000212,1610612751,Brooklyn,Nets,BKN,nets,1628971,Bruce,Brown,B. Brown,bruce-brown,G,,,25:41,119.2,119.2,107.8,107.8,11.4,11.4,0.222,0.0,28.6,0.115,0.115,0.115,0.0,0.65,0.65,0.172,0.172,96.22,96.22,80.19,52.0,0.143,2020-21,Playoffs
0042000212,1610612751,Brooklyn,Nets,BKN,nets,202681,Kyrie,Irving,K. Irving,kyrie-irving,G,,,33:51,130.3,130.3,92.6,92.6,37.7,37.7,0.24,6.0,25.0,0.0,0.143,0.075,4.2,0.647,0.647,0.247,0.247,95.02,95.02,79.18,66.0,0.176,2020-21,Playoffs
0042000212,1610612751,Brooklyn,Nets,BKN,nets,1629013,Landry,Shamet,L. Shamet,landry-shamet,,,,15:45,160.0,160.0,80.0,80.0,80.0,80.0,0.111,0.0,28.6,0.0,0.2,0.115,0.0,0.9,0.9,0.152,0.152,91.43,91.43,76.19,30.0,0.182,2020-21,Playoffs
0042000212,1610612751,Brooklyn,Nets,BKN,nets,1629651,Nic,Claxton,N. Claxton,nic-claxton,,,,14:15,153.8,153.8,85.2,85.2,68.7,68.7,0.0,0.0,0.0,0.2,0.182,0.19,0.0,0.667,0.667,0.107,0.107,89.23,89.23,74.36,26.0,0.112,2020-21,Playoffs
0042000212,1610612751,Brooklyn,Nets,BKN,nets,1628455,Mike,James,A. James,mike-james,,,,23:51,144.4,144.4,77.8,77.8,66.7,66.7,0.13,0.0,20.0,0.048,0.1,0.073,0.0,0.417,0.417,0.235,0.235,90.59,90.59,75.49,45.0,0.082,2020-21,Playoffs
0042000212,1610612751,Brooklyn,Nets,BKN,nets,204020,Tyler,Johnson,T. Johnson,tyler-johnson,,,,9:03,115.8,115.8,84.2,84.2,31.6,31.6,0.375,0.0,60.0,0.0,0.0,0.0,0.0,0.0,0.347,0.087,0.087,100.77,100.77,83.98,19.0,0.105,2020-21,Playoffs
0042000212,1610612751,Brooklyn,Nets,BKN,nets,1627789,Timothe,Luwawu-Cabarrot,T. Luwawu-Cabarrot,timothe-luwawu-cabarrot,,,,7:33,117.6,117.6,75.0,75.0,42.6,42.6,0.167,0.0,25.0,0.0,0.111,0.056,0.0,0.5,0.5,0.143,0.143,104.9,104.9,87.42,17.0,0.128,2020-21,Playoffs
0042000212,1610612751,Brooklyn,Nets,BKN,nets,1628993,Alize,Johnson,A. Johnson,alize-johnson,,,,7:33,117.6,117.6,75.0,75.0,42.6,42.6,0.0,0.0,0.0,0.111,0.333,0.222,25.0,0.333,0.333,0.19,0.19,104.9,104.9,87.42,17.0,0.106,2020-21,Playoffs
0042000212,1610612751,Brooklyn,Nets,BKN,nets,1629617,Reggie,Perry,R. Perry,reggie-perry,,,,7:02,106.3,106.3,80.0,80.0,26.3,26.3,0.0,0.0,0.0,0.111,0.111,0.111,33.3,1.0,1.0,0.3,0.3,105.78,105.78,88.15,16.0,0.256,2020-21,Playoffs
0042000212,1610612751,Brooklyn,Nets,BKN,nets,1629185,Chris,Chiozza,C. Chiozza,chris-chiozza,,,,6:24,100.0,100.0,85.7,85.7,14.3,14.3,0.2,0.0,50.0,0.0,0.125,0.063,0.0,0.0,0.0,0.056,0.056,108.75,108.75,90.63,15.0,0.0,2020-21,Playoffs
0042000212,1610612751,Brooklyn,Nets,BKN,nets,201599,DeAndre,Jordan,D. Jordan,deandre-jordan,,DNP - Coach's Decision,,,0.0,0.0,0.0,0.0,0.0,0.0,0.0,0.0,0.0,0.0,0.0,0.0,0.0,0.0,0.0,0.0,0.0,0.0,0.0,0.0,0.0,0.0,2020-21,Playoffs
0042000213,1610612751,Brooklyn,Nets,BKN,nets,201142,Kevin,Durant,K. Durant,kevin-durant,F,,,42:52,80.7,80.7,88.5,88.5,-7.8,-7.8,0.278,1.25,12.5,0.0,0.185,0.092,10.0,0.446,0.49,0.365,0.365,97.98,97.98,81.65,88.0,0.229,2020-21,Playoffs
0042000213,1610612751,Brooklyn,Nets,BKN,nets,203925,Joe,Harris,J. Harris,joe-harris,F,,,36:39,81.3,81.3,94.7,94.7,-13.4,-13.4,0.043,0.0,8.3,0.02,0.067,0.042,0.0,0.136,0.136,0.131,0.131,98.9,98.9,82.42,75.0,-0.078,2020-21,Playoffs
0042000213,1610612751,Brooklyn,Nets,BKN,nets,201933,Blake,Griffin,B. Griffin,blake-griffin,C,,,30:08,90.0,90.0,85.2,85.2,4.8,4.8,0.095,0.0,28.6,0.0,0.184,0.093,0.0,0.5,0.5,0.078,0.078,96.37,96.37,80.31,60.0,0.112,2020-21,Playoffs
0042000213,1610612751,Brooklyn,Nets,BKN,nets,1628971,Bruce,Brown,B. Brown,bruce-brown,G,,,37:47,96.0,96.0,92.0,92.0,4.0,4.0,0.143,3.0,14.3,0.067,0.157,0.115,4.8,0.471,0.471,0.22,0.22,95.26,95.26,79.39,75.0,0.116,2020-21,Playoffs
0042000213,1610612751,Brooklyn,Nets,BKN,nets,202681,Kyrie,Irving,K. Irving,kyrie-irving,G,,,44:57,86.8,86.8,92.2,92.2,-5.4,-5.4,0.043,0.0,4.2,0.0,0.086,0.044,0.0,0.455,0.481,0.232,0.232,96.64,96.64,80.53,91.0,0.121,2020-21,Playoffs
0042000213,1610612751,Brooklyn,Nets,BKN,nets,1629651,Nic,Claxton,N. Claxton,nic-claxton,,,,17:52,78.4,78.4,91.9,91.9,-13.5,-13.5,0.0,0.0,0.0,0.125,0.174,0.149,33.3,0.5,0.5,0.07,0.07,99.4,99.4,82.84,37.0,0.048,2020-21,Playoffs
0042000213,1610612751,Brooklyn,Nets,BKN,nets,1629013,Landry,Shamet,L. Shamet,landry-shamet,,,,17:27,73.0,73.0,77.1,77.1,-4.2,-4.2,0.0,0.0,0.0,0.0,0.25,0.114,0.0,0.375,0.375,0.093,0.093,99.02,99.02,82.51,37.0,0.09,2020-21,Playoffs
0042000213,1610612751,Brooklyn,Nets,BKN,nets,1628455,Mike,James,A. James,mike-james,,,,12:18,88.0,88.0,64.0,64.0,24.0,24.0,0.333,3.0,33.3,0.0,0.063,0.034,11.1,0.2,0.2,0.222,0.222,97.56,97.56,81.3,25.0,0.033,2020-21,Playoffs
0042000213,1610612751,Brooklyn,Nets,BKN,nets,1629185,Chris,Chiozza,C. Chiozza,chris-chiozza,,DNP - Coach's Decision,,,0.0,0.0,0.0,0.0,0.0,0.0,0.0,0.0,0.0,0.0,0.0,0.0,0.0,0.0,0.0,0.0,0.0,0.0,0.0,0.0,0.0,0.0,2020-21,Playoffs
0042000213,1610612751,Brooklyn,Nets,BKN,nets,1628993,Alize,Johnson,A. Johnson,alize-johnson,,DNP - Coach's Decision,,,0.0,0.0,0.0,0.0,0.0,0.0,0.0,0.0,0.0,0.0,0.0,0.0,0.0,0.0,0.0,0.0,0.0,0.0,0.0,0.0,0.0,0.0,2020-21,Playoffs
0042000213,1610612751,Brooklyn,Nets,BKN,nets,204020,Tyler,Johnson,T. Johnson,tyler-johnson,,DNP - Coach's Decision,,,0.0,0.0,0.0,0.0,0.0,0.0,0.0,0.0,0.0,0.0,0.0,0.0,0.0,0.0,0.0,0.0,0.0,0.0,0.0,0.0,0.0,0.0,2020-21,Playoffs
0042000213,1610612751,Brooklyn,Nets,BKN,nets,201599,DeAndre,Jordan,D. Jordan,deandre-jordan,,DNP - Coach's Decision,,,0.0,0.0,0.0,0.0,0.0,0.0,0.0,0.0,0.0,0.0,0.0,0.0,0.0,0.0,0.0,0.0,0.0,0.0,0.0,0.0,0.0,0.0,2020-21,Playoffs
0042000213,1610612751,Brooklyn,Nets,BKN,nets,1627789,Timothe,Luwawu-Cabarrot,T. Luwawu-Cabarrot,timothe-luwawu-cabarrot,,DNP - Coach's Decision,,,0.0,0.0,0.0,0.0,0.0,0.0,0.0,0.0,0.0,0.0,0.0,0.0,0.0,0.0,0.0,0.0,0.0,0.0,0.0,0.0,0.0,0.0,2020-21,Playoffs
0042000213,1610612751,Brooklyn,Nets,BKN,nets,1629617,Reggie,Perry,R. Perry,reggie-perry,,DNP - Coach's Decision,,,0.0,0.0,0.0,0.0,0.0,0.0,0.0,0.0,0.0,0.0,0.0,0.0,0.0,0.0,0.0,0.0,0.0,0.0,0.0,0.0,0.0,0.0,2020-21,Playoffs
0042000213,1610612749,Milwaukee,Bucks,MIL,bucks,200782,P.J.,Tucker,P. Tucker,pj-tucker,F,,,32:52,89.7,89.7,75.0,75.0,14.7,14.7,0.077,0.0,33.3,0.024,0.0,0.012,0.0,0.0,0.0,0.053,0.053,99.31,99.31,82.76,68.0,-0.057,2020-21,Playoffs
0042000213,1610612749,Milwaukee,Bucks,MIL,bucks,203507,Giannis,Antetokounmpo,G. Antetokounmpo,giannis-antetokounmpo,F,,,42:60,85.2,85.2,81.4,81.4,3.8,3.8,0.133,0.4,4.8,0.036,0.222,0.127,11.9,0.468,0.472,0.4,0.4,97.12,97.12,80.93,88.0,0.177,2020-21,Playoffs
0042000213,1610612749,Milwaukee,Bucks,MIL,bucks,201572,Brook,Lopez,B. Lopez,brook-lopez,C,,,34:33,85.5,85.5,89.7,89.7,-4.2,-4.2,0.0,0.0,0.0,0.022,0.238,0.125,0.0,0.214,0.214,0.089,0.089,95.17,95.17,79.31,69.0,0.115,2020-21,Playoffs
0042000213,1610612749,Milwaukee,Bucks,MIL,bucks,203114,Khris,Middleton,K. Middleton,khris-middleton,G,,,43:59,88.8,88.8,84.4,84.4,4.3,4.3,0.05,0.33,3.0,0.0,0.273,0.136,9.1,0.54,0.604,0.32,0.32,97.67,97.67,81.39,89.0,0.246,2020-21,Playoffs
0042000213,1610612749,Milwaukee,Bucks,MIL,bucks,201950,Jrue,Holiday,J. Holiday,jrue-holiday,G,,,45:33,90.2,90.2,83.7,83.7,6.5,6.5,0.167,2.5,23.8,0.0,0.069,0.034,9.5,0.321,0.321,0.151,0.151,96.95,96.95,80.79,92.0,0.038,2020-21,Playoffs
0042000213,1610612749,Milwaukee,Bucks,MIL,bucks,1626171,Bobby,Portis,B. Portis,bobby-portis,,,,11:37,92.0,92.0,72.0,72.0,20.0,20.0,0.143,0.0,25.0,0.154,0.25,0.207,0.0,0.667,0.581,0.103,0.103,103.3,103.3,86.08,25.0,0.327,2020-21,Playoffs
0042000213,1610612749,Milwaukee,Bucks,MIL,bucks,1627854,Bryn,Forbes,B. Forbes,bryn-forbes,,,,15:14,87.5,87.5,112.9,112.9,-25.4,-25.4,0.0,0.0,0.0,0.0,0.118,0.054,0.0,0.0,0.0,0.108,0.108,99.26,99.26,82.71,32.0,-0.073,2020-21,Playoffs
0042000213,1610612749,Milwaukee,Bucks,MIL,bucks,1626192,Pat,Connaughton,P. Connaughton,pat-connaughton,,,,12:48,88.0,88.0,100.0,100.0,-12.0,-12.0,0.167,0.0,33.3,0.071,0.118,0.097,0.0,0.5,0.5,0.067,0.067,97.56,97.56,81.3,25.0,0.108,2020-21,Playoffs
0042000213,1610612749,Milwaukee,Bucks,MIL,bucks,203648,Thanasis,Antetokounmpo,T. Antetokounmpo,thanasis-antetokounmpo,,,,0:25,0.0,0.0,0.0,0.0,0.0,0.0,0.0,0.0,0.0,0.0,0.0,0.0,0.0,0.0,0.0,0.0,0.0,58.3,58.3,48.58,0.0,-0.333,2020-21,Playoffs
0042000213,1610612749,Milwaukee,Bucks,MIL,bucks,1629091,Elijah,Bryant,E. Bryant,elijah-bryant,,DNP - Coach's Decision,,,0.0,0.0,0.0,0.0,0.0,0.0,0.0,0.0,0.0,0.0,0.0,0.0,0.0,0.0,0.0,0.0,0.0,0.0,0.0,0.0,0.0,0.0,2020-21,Playoffs
0042000213,1610612749,Milwaukee,Bucks,MIL,bucks,1629603,Mamadi,Diakite,M. Diakite,mamadi-diakite,,DNP - Coach's Decision,,,0.0,0.0,0.0,0.0,0.0,0.0,0.0,0.0,0.0,0.0,0.0,0.0,0.0,0.0,0.0,0.0,0.0,0.0,0.0,0.0,0.0,0.0,2020-21,Playoffs
0042000213,1610612749,Milwaukee,Bucks,MIL,bucks,1628382,Justin,Jackson,J. Jackson,justin-jackson,,DNP - Coach's Decision,,,0.0,0.0,0.0,0.0,0.0,0.0,0.0,0.0,0.0,0.0,0.0,0.0,0.0,0.0,0.0,0.0,0.0,0.0,0.0,0.0,0.0,0.0,2020-21,Playoffs
0042000213,1610612749,Milwaukee,Bucks,MIL,bucks,201952,Jeff,Teague,J. Teague,jeff-teague,,DNP - Coach's Decision,,,0.0,0.0,0.0,0.0,0.0,0.0,0.0,0.0,0.0,0.0,0.0,0.0,0.0,0.0,0.0,0.0,0.0,0.0,0.0,0.0,0.0,0.0,2020-21,Playoffs
0042000213,1610612749,Milwaukee,Bucks,MIL,bucks,1626253,Axel,Toupane,A. Toupane,axel-toupane,,DNP - Coach's Decision,,,0.0,0.0,0.0,0.0,0.0,0.0,0.0,0.0,0.0,0.0,0.0,0.0,0.0,0.0,0.0,0.0,0.0,0.0,0.0,0.0,0.0,0.0,2020-21,Playoffs
0042000214,1610612751,Brooklyn,Nets,BKN,nets,201142,Kevin,Durant,K. Durant,kevin-durant,F,,,41:54,84.4,84.4,110.0,110.0,-25.6,-25.6,0.25,1.0,12.5,0.0,0.283,0.149,12.5,0.38,0.476,0.372,0.372,103.1,103.1,85.92,90.0,0.15,2020-21,Playoffs
0042000214,1610612751,Brooklyn,Nets,BKN,nets,203925,Joe,Harris,J. Harris,joe-harris,F,,,38:04,80.7,80.7,102.4,102.4,-21.7,-21.7,0.043,0.5,9.1,0.0,0.093,0.049,18.2,0.5,0.5,0.115,0.115,104.03,104.03,86.69,83.0,0.038,2020-21,Playoffs
0042000214,1610612751,Brooklyn,Nets,BKN,nets,201933,Blake,Griffin,B. Griffin,blake-griffin,C,,,24:42,75.5,75.5,103.8,103.8,-28.3,-28.3,0.231,0.0,25.0,0.038,0.148,0.094,0.0,0.438,0.45,0.161,0.161,103.0,103.0,85.83,53.0,0.104,2020-21,Playoffs
0042000214,1610612751,Brooklyn,Nets,BKN,nets,1628971,Bruce,Brown,B. Brown,bruce-brown,G,,,20:59,104.5,104.5,97.7,97.7,6.8,6.8,0.154,2.0,25.0,0.0,0.037,0.022,12.5,0.6,0.595,0.133,0.133,100.65,100.65,83.88,44.0,0.064,2020-21,Playoffs
0042000214,1610612751,Brooklyn,Nets,BKN,nets,202681,Kyrie,Irving,K. Irving,kyrie-irving,G,,,17:18,108.1,108.1,118.9,118.9,-10.8,-10.8,0.2,1.0,13.3,0.0,0.263,0.143,13.3,0.5,0.5,0.333,0.333,102.71,102.71,85.59,37.0,0.117,2020-21,Playoffs
0042000214,1610612751,Brooklyn,Nets,BKN,nets,1629013,Landry,Shamet,L. Shamet,landry-shamet,,,,11:04,119.2,119.2,120.0,120.0,-0.8,-0.8,0.0,0.0,0.0,0.111,0.0,0.053,25.0,0.833,0.833,0.148,0.148,110.6,110.6,92.17,26.0,0.052,2020-21,Playoffs
0042000214,1610612751,Brooklyn,Nets,BKN,nets,201145,Jeff,Green,J. Green,jeff-green,,,,26:33,82.8,82.8,92.9,92.9,-10.1,-10.1,0.067,0.5,11.1,0.0,0.167,0.089,22.2,0.625,0.694,0.136,0.136,103.08,103.08,85.9,58.0,0.097,2020-21,Playoffs
0042000214,1610612751,Brooklyn,Nets,BKN,nets,1628455,Mike,James,A. James,mike-james,,,,19:58,63.6,63.6,104.7,104.7,-41.0,-41.0,0.125,0.5,11.1,0.0,0.143,0.071,22.2,0.417,0.417,0.174,0.174,104.56,104.56,87.13,44.0,0.056,2020-21,Playoffs
0042000214,1610612751,Brooklyn,Nets,BKN,nets,1629651,Nic,Claxton,N. Claxton,nic-claxton,,,,12:55,113.8,113.8,113.8,113.8,0.0,0.0,0.3,3.0,50.0,0.0,0.083,0.043,16.7,1.0,1.0,0.1,0.1,107.8,107.8,89.83,29.0,0.079,2020-21,Playoffs
0042000214,1610612751,Brooklyn,Nets,BKN,nets,204020,Tyler,Johnson,T. Johnson,tyler-johnson,,,,8:42,121.1,121.1,100.0,100.0,21.1,21.1,0.0,0.0,0.0,0.0,0.0,0.0,0.0,0.5,0.5,0.087,0.087,102.07,102.07,85.06,19.0,-0.078,2020-21,Playoffs
0042000214,1610612751,Brooklyn,Nets,BKN,nets,1629617,Reggie,Perry,R. Perry,reggie-perry,,,,4:28,120.0,120.0,88.9,88.9,31.1,31.1,0.25,0.0,33.3,0.0,0.25,0.1,0.0,0.5,0.5,0.154,0.154,102.09,102.09,85.07,10.0,0.235,2020-21,Playoffs
0042000214,1610612751,Brooklyn,Nets,BKN,nets,1629185,Chris,Chiozza,C. Chiozza,chris-chiozza,,,,4:28,120.0,120.0,88.9,88.9,31.1,31.1,0.0,0.0,0.0,0.0,0.0,0.0,0.0,0.625,0.625,0.308,0.308,102.09,102.09,85.07,10.0,0.118,2020-21,Playoffs
0042000214,1610612751,Brooklyn,Nets,BKN,nets,1627789,Timothe,Luwawu-Cabarrot,T. Luwawu-Cabarrot,timothe-luwawu-cabarrot,,,,4:28,120.0,120.0,88.9,88.9,31.1,31.1,0.25,0.0,25.0,0.0,0.0,0.0,0.0,0.5,0.5,0.231,0.231,102.09,102.09,85.07,10.0,0.118,2020-21,Playoffs
0042000214,1610612751,Brooklyn,Nets,BKN,nets,1628993,Alize,Johnson,A. Johnson,alize-johnson,,,,4:28,120.0,120.0,88.9,88.9,31.1,31.1,0.0,0.0,0.0,0.167,0.75,0.4,100.0,0.0,0.0,0.077,0.077,102.09,102.09,85.07,10.0,0.147,2020-21,Playoffs
0042000214,1610612751,Brooklyn,Nets,BKN,nets,201599,DeAndre,Jordan,D. Jordan,deandre-jordan,,DNP - Coach's Decision,,,0.0,0.0,0.0,0.0,0.0,0.0,0.0,0.0,0.0,0.0,0.0,0.0,0.0,0.0,0.0,0.0,0.0,0.0,0.0,0.0,0.0,0.0,2020-21,Playoffs
0042000214,1610612749,Milwaukee,Bucks,MIL,bucks,200782,P.J.,Tucker,P. Tucker,pj-tucker,F,,,29:09,96.7,96.7,72.6,72.6,24.1,24.1,0.053,0.0,11.1,0.063,0.167,0.113,0.0,0.813,0.813,0.118,0.118,101.27,101.27,84.39,61.0,0.147,2020-21,Playoffs
0042000214,1610612749,Milwaukee,Bucks,MIL,bucks,203507,Giannis,Antetokounmpo,G. Antetokounmpo,giannis-antetokounmpo,F,,,38:21,109.6,109.6,77.5,77.5,32.1,32.1,0.143,0.6,7.9,0.023,0.282,0.146,13.2,0.558,0.559,0.385,0.385,102.01,102.01,85.01,83.0,0.174,2020-21,Playoffs
0042000214,1610612749,Milwaukee,Bucks,MIL,bucks,201572,Brook,Lopez,B. Lopez,brook-lopez,C,,,32:50,88.6,88.6,87.3,87.3,1.2,1.2,0.043,1.0,12.5,0.0,0.355,0.167,12.5,0.5,0.5,0.093,0.093,103.09,103.09,85.91,70.0,0.126,2020-21,Playoffs
0042000214,1610612749,Milwaukee,Bucks,MIL,bucks,203114,Khris,Middleton,K. Middleton,khris-middleton,G,,,41:03,105.7,105.7,84.3,84.3,21.5,21.5,0.276,2.67,29.6,0.0,0.098,0.048,11.1,0.567,0.582,0.2,0.2,102.9,102.9,85.75,87.0,0.133,2020-21,Playoffs
0042000214,1610612749,Milwaukee,Bucks,MIL,bucks,201950,Jrue,Holiday,J. Holiday,jrue-holiday,G,,,37:23,102.5,102.5,97.5,97.5,5.0,5.0,0.36,9.0,34.6,0.0,0.083,0.039,3.8,0.438,0.438,0.198,0.198,103.36,103.36,86.13,81.0,0.076,2020-21,Playoffs
0042000214,1610612749,Milwaukee,Bucks,MIL,bucks,1626171,Bobby,Portis,B. Portis,bobby-portis,,,,11:34,103.8,103.8,128.0,128.0,-24.2,-24.2,0.143,0.0,25.0,0.0,0.091,0.038,0.0,0.0,0.0,0.103,0.103,105.82,105.82,88.18,26.0,-0.046,2020-21,Playoffs
0042000214,1610612749,Milwaukee,Bucks,MIL,bucks,1626192,Pat,Connaughton,P. Connaughton,pat-connaughton,,,,21:35,125.0,125.0,82.4,82.4,42.6,42.6,0.143,3.0,30.0,0.05,0.043,0.047,10.0,0.6,0.68,0.125,0.125,114.58,114.58,95.48,52.0,0.122,2020-21,Playoffs
0042000214,1610612749,Milwaukee,Bucks,MIL,bucks,1627854,Bryn,Forbes,B. Forbes,bryn-forbes,,,,13:12,96.7,96.7,125.8,125.8,-29.1,-29.1,0.167,1.0,10.0,0.0,0.1,0.038,10.0,0.5,0.61,0.265,0.265,110.88,110.88,92.4,30.0,0.122,2020-21,Playoffs
0042000214,1610612749,Milwaukee,Bucks,MIL,bucks,203648,Thanasis,Antetokounmpo,T. Antetokounmpo,thanasis-antetokounmpo,,,,3:50,75.0,75.0,111.1,111.1,-36.1,-36.1,0.0,0.0,0.0,0.0,0.0,0.0,0.0,0.0,0.0,0.0,0.0,106.48,106.48,88.73,8.0,-0.083,2020-21,Playoffs
0042000214,1610612749,Milwaukee,Bucks,MIL,bucks,1629091,Elijah,Bryant,E. Bryant,elijah-bryant,,,,5:46,85.7,85.7,84.6,84.6,1.1,1.1,0.0,0.0,0.0,0.0,0.143,0.077,0.0,0.0,0.0,0.133,0.133,112.37,112.37,93.64,14.0,-0.095,2020-21,Playoffs
0042000214,1610612749,Milwaukee,Bucks,MIL,bucks,1630241,Sam,Merrill,S. Merrill,sam-merrill,,,,1:46,75.0,75.0,200.0,200.0,-125.0,-125.0,0.0,0.0,0.0,0.0,0.0,0.0,0.0,0.0,0.0,0.0,0.0,108.68,108.68,90.57,4.0,0.0,2020-21,Playoffs
0042000214,1610612749,Milwaukee,Bucks,MIL,bucks,1628382,Justin,Jackson,J. Jackson,justin-jackson,,,,1:46,75.0,75.0,200.0,200.0,-125.0,-125.0,0.0,0.0,0.0,0.0,0.0,0.0,0.0,0.0,0.0,0.0,0.0,108.68,108.68,90.57,4.0,0.0,2020-21,Playoffs
0042000214,1610612749,Milwaukee,Bucks,MIL,bucks,1626253,Axel,Toupane,A. Toupane,axel-toupane,,,,1:46,75.0,75.0,200.0,200.0,-125.0,-125.0,0.0,0.0,0.0,0.0,0.0,0.0,0.0,1.5,1.5,0.25,0.25,108.68,108.68,90.57,4.0,0.3,2020-21,Playoffs
0042000214,1610612749,Milwaukee,Bucks,MIL,bucks,1629603,Mamadi,Diakite,M. Diakite,mamadi-diakite,,DNP - Coach's Decision,,,0.0,0.0,0.0,0.0,0.0,0.0,0.0,0.0,0.0,0.0,0.0,0.0,0.0,0.0,0.0,0.0,0.0,0.0,0.0,0.0,0.0,0.0,2020-21,Playoffs
0042000214,1610612749,Milwaukee,Bucks,MIL,bucks,201952,Jeff,Teague,J. Teague,jeff-teague,,DNP - Coach's Decision,,,0.0,0.0,0.0,0.0,0.0,0.0,0.0,0.0,0.0,0.0,0.0,0.0,0.0,0.0,0.0,0.0,0.0,0.0,0.0,0.0,0.0,0.0,2020-21,Playoffs
0042000215,1610612749,Milwaukee,Bucks,MIL,bucks,200782,P.J.,Tucker,P. Tucker,pj-tucker,F,,,33:23,118.5,118.5,117.9,117.9,0.6,0.6,0.0,0.0,0.0,0.069,0.071,0.07,0.0,0.0,0.0,0.043,0.043,94.9,94.9,79.09,65.0,-0.022,2020-21,Playoffs
0042000215,1610612749,Milwaukee,Bucks,MIL,bucks,203507,Giannis,Antetokounmpo,G. Antetokounmpo,giannis-antetokounmpo,F,,,41:49,112.0,112.0,118.8,118.8,-6.8,-6.8,0.182,1.0,12.1,0.0,0.343,0.164,12.1,0.682,0.678,0.333,0.333,96.42,96.42,80.35,83.0,0.178,2020-21,Playoffs
0042000215,1610612749,Milwaukee,Bucks,MIL,bucks,201572,Brook,Lopez,B. Lopez,brook-lopez,C,,,36:26,113.5,113.5,109.3,109.3,4.2,4.2,0.0,0.0,0.0,0.032,0.143,0.091,16.7,0.75,0.75,0.154,0.154,98.15,98.15,81.79,74.0,0.069,2020-21,Playoffs
0042000215,1610612749,Milwaukee,Bucks,MIL,bucks,203114,Khris,Middleton,K. Middleton,khris-middleton,G,,,45:21,109.9,109.9,112.1,112.1,-2.2,-2.2,0.161,1.67,15.6,0.0,0.103,0.049,9.4,0.432,0.498,0.276,0.276,96.32,96.32,80.26,91.0,0.076,2020-21,Playoffs
0042000215,1610612749,Milwaukee,Bucks,MIL,bucks,201950,Jrue,Holiday,J. Holiday,jrue-holiday,G,,,33:52,112.9,112.9,120.3,120.3,-7.4,-7.4,0.364,2.67,28.6,0.0,0.12,0.052,10.7,0.531,0.563,0.263,0.263,98.53,98.53,82.11,70.0,0.119,2020-21,Playoffs
0042000215,1610612749,Milwaukee,Bucks,MIL,bucks,1626192,Pat,Connaughton,P. Connaughton,pat-connaughton,,,,31:59,110.9,110.9,124.2,124.2,-13.3,-13.3,0.043,0.0,12.5,0.034,0.217,0.115,0.0,0.643,0.672,0.099,0.099,94.57,94.57,78.81,64.0,0.096,2020-21,Playoffs
0042000215,1610612749,Milwaukee,Bucks,MIL,bucks,1627854,Bryn,Forbes,B. Forbes,bryn-forbes,,,,13:03,90.3,90.3,109.7,109.7,-19.4,-19.4,0.0,0.0,0.0,0.0,0.0,0.0,0.0,0.833,0.833,0.091,0.091,114.05,114.05,95.04,31.0,0.083,2020-21,Playoffs
0042000215,1610612749,Milwaukee,Bucks,MIL,bucks,203648,Thanasis,Antetokounmpo,T. Antetokounmpo,thanasis-antetokounmpo,,,,1:28,100.0,100.0,40.0,40.0,60.0,60.0,0.0,0.0,0.0,0.0,0.0,0.0,0.0,0.0,0.0,0.0,0.0,130.76,130.76,108.97,3.0,-0.25,2020-21,Playoffs
0042000215,1610612749,Milwaukee,Bucks,MIL,bucks,1629091,Elijah,Bryant,E. Bryant,elijah-bryant,,,,2:40,100.0,100.0,166.7,166.7,-66.7,-66.7,0.0,0.0,0.0,0.0,0.0,0.0,0.0,0.0,0.0,0.0,0.0,99.0,99.0,82.5,5.0,0.071,2020-21,Playoffs
0042000215,1610612749,Milwaukee,Bucks,MIL,bucks,1629603,Mamadi,Diakite,M. Diakite,mamadi-diakite,,DNP - Coach's Decision,,,0.0,0.0,0.0,0.0,0.0,0.0,0.0,0.0,0.0,0.0,0.0,0.0,0.0,0.0,0.0,0.0,0.0,0.0,0.0,0.0,0.0,0.0,2020-21,Playoffs
0042000215,1610612749,Milwaukee,Bucks,MIL,bucks,1628382,Justin,Jackson,J. Jackson,justin-jackson,,DNP - Coach's Decision,,,0.0,0.0,0.0,0.0,0.0,0.0,0.0,0.0,0.0,0.0,0.0,0.0,0.0,0.0,0.0,0.0,0.0,0.0,0.0,0.0,0.0,0.0,2020-21,Playoffs
0042000215,1610612749,Milwaukee,Bucks,MIL,bucks,1630241,Sam,Merrill,S. Merrill,sam-merrill,,DNP - Coach's Decision,,,0.0,0.0,0.0,0.0,0.0,0.0,0.0,0.0,0.0,0.0,0.0,0.0,0.0,0.0,0.0,0.0,0.0,0.0,0.0,0.0,0.0,0.0,2020-21,Playoffs
0042000215,1610612749,Milwaukee,Bucks,MIL,bucks,1626171,Bobby,Portis,B. Portis,bobby-portis,,DNP - Coach's Decision,,,0.0,0.0,0.0,0.0,0.0,0.0,0.0,0.0,0.0,0.0,0.0,0.0,0.0,0.0,0.0,0.0,0.0,0.0,0.0,0.0,0.0,0.0,2020-21,Playoffs
0042000215,1610612749,Milwaukee,Bucks,MIL,bucks,201952,Jeff,Teague,J. Teague,jeff-teague,,DNP - Coach's Decision,,,0.0,0.0,0.0,0.0,0.0,0.0,0.0,0.0,0.0,0.0,0.0,0.0,0.0,0.0,0.0,0.0,0.0,0.0,0.0,0.0,0.0,0.0,2020-21,Playoffs
0042000215,1610612749,Milwaukee,Bucks,MIL,bucks,1626253,Axel,Toupane,A. Toupane,axel-toupane,,DNP - Coach's Decision,,,0.0,0.0,0.0,0.0,0.0,0.0,0.0,0.0,0.0,0.0,0.0,0.0,0.0,0.0,0.0,0.0,0.0,0.0,0.0,0.0,0.0,0.0,2020-21,Playoffs
0042000215,1610612751,Brooklyn,Nets,BKN,nets,201142,Kevin,Durant,K. Durant,kevin-durant,F,,,48:00,118.8,118.8,112.5,112.5,6.3,6.3,0.455,3.33,23.3,0.0,0.386,0.202,7.0,0.783,0.816,0.333,0.333,96.0,96.0,80.0,96.0,0.326,2020-21,Playoffs
0042000215,1610612751,Brooklyn,Nets,BKN,nets,203925,Joe,Harris,J. Harris,joe-harris,F,,,37:01,118.4,118.4,116.0,116.0,2.4,2.4,0.037,0.0,8.3,0.0,0.091,0.045,0.0,0.227,0.227,0.139,0.139,97.89,97.89,81.58,76.0,0.0,2020-21,Playoffs
0042000215,1610612751,Brooklyn,Nets,BKN,nets,201933,Blake,Griffin,B. Griffin,blake-griffin,C,,,29:10,111.9,111.9,120.7,120.7,-8.8,-8.8,0.0,0.0,0.0,0.0,0.115,0.057,0.0,0.773,0.773,0.177,0.177,96.27,96.27,80.23,59.0,0.108,2020-21,Playoffs
0042000215,1610612751,Brooklyn,Nets,BKN,nets,1628971,Bruce,Brown,B. Brown,bruce-brown,G,,,13:04,92.3,92.3,88.5,88.5,3.8,3.8,0.286,2.0,25.0,0.167,0.067,0.111,12.5,0.2,0.2,0.207,0.207,95.56,95.56,79.63,26.0,0.0,2020-21,Playoffs
0042000215,1610612751,Brooklyn,Nets,BKN,nets,201935,James,Harden,J. Harden,james-harden,G,,,45:38,119.6,119.6,117.8,117.8,1.8,1.8,0.222,2.0,34.8,0.0,0.158,0.08,17.4,0.1,0.221,0.16,0.16,95.73,95.73,79.78,92.0,0.015,2020-21,Playoffs
0042000215,1610612751,Brooklyn,Nets,BKN,nets,201145,Jeff,Green,J. Green,jeff-green,,,,34:32,124.3,124.3,105.6,105.6,18.7,18.7,0.143,0.0,18.8,0.0,0.029,0.017,0.0,1.045,1.058,0.186,0.186,97.99,97.99,81.66,70.0,0.155,2020-21,Playoffs
0042000215,1610612751,Brooklyn,Nets,BKN,nets,1629013,Landry,Shamet,L. Shamet,landry-shamet,,,,27:35,130.9,130.9,110.7,110.7,20.2,20.2,0.1,2.0,22.2,0.0,0.083,0.048,11.1,0.7,0.765,0.125,0.125,96.58,96.58,80.48,55.0,0.069,2020-21,Playoffs
0042000215,1610612751,Brooklyn,Nets,BKN,nets,1628455,Mike,James,A. James,mike-james,,,,3:21,62.5,62.5,87.5,87.5,-25.0,-25.0,0.5,0.0,50.0,0.0,0.333,0.125,0.0,0.0,0.0,0.125,0.125,114.74,114.74,95.62,8.0,0.0,2020-21,Playoffs
0042000215,1610612751,Brooklyn,Nets,BKN,nets,1629651,Nic,Claxton,N. Claxton,nic-claxton,,,,1:40,50.0,50.0,50.0,50.0,0.0,0.0,0.0,0.0,0.0,0.0,0.0,0.0,0.0,0.0,0.0,0.0,0.0,115.43,115.43,96.19,4.0,0.333,2020-21,Playoffs
0042000215,1610612751,Brooklyn,Nets,BKN,nets,1629185,Chris,Chiozza,C. Chiozza,chris-chiozza,,DNP - Coach's Decision,,,0.0,0.0,0.0,0.0,0.0,0.0,0.0,0.0,0.0,0.0,0.0,0.0,0.0,0.0,0.0,0.0,0.0,0.0,0.0,0.0,0.0,0.0,2020-21,Playoffs
0042000215,1610612751,Brooklyn,Nets,BKN,nets,1628993,Alize,Johnson,A. Johnson,alize-johnson,,DNP - Coach's Decision,,,0.0,0.0,0.0,0.0,0.0,0.0,0.0,0.0,0.0,0.0,0.0,0.0,0.0,0.0,0.0,0.0,0.0,0.0,0.0,0.0,0.0,0.0,2020-21,Playoffs
0042000215,1610612751,Brooklyn,Nets,BKN,nets,204020,Tyler,Johnson,T. Johnson,tyler-johnson,,DNP - Coach's Decision,,,0.0,0.0,0.0,0.0,0.0,0.0,0.0,0.0,0.0,0.0,0.0,0.0,0.0,0.0,0.0,0.0,0.0,0.0,0.0,0.0,0.0,0.0,2020-21,Playoffs
0042000215,1610612751,Brooklyn,Nets,BKN,nets,201599,DeAndre,Jordan,D. Jordan,deandre-jordan,,DNP - Coach's Decision,,,0.0,0.0,0.0,0.0,0.0,0.0,0.0,0.0,0.0,0.0,0.0,0.0,0.0,0.0,0.0,0.0,0.0,0.0,0.0,0.0,0.0,0.0,2020-21,Playoffs
0042000215,1610612751,Brooklyn,Nets,BKN,nets,1627789,Timothe,Luwawu-Cabarrot,T. Luwawu-Cabarrot,timothe-luwawu-cabarrot,,DNP - Coach's Decision,,,0.0,0.0,0.0,0.0,0.0,0.0,0.0,0.0,0.0,0.0,0.0,0.0,0.0,0.0,0.0,0.0,0.0,0.0,0.0,0.0,0.0,0.0,2020-21,Playoffs
0042000215,1610612751,Brooklyn,Nets,BKN,nets,1629617,Reggie,Perry,R. Perry,reggie-perry,,DNP - Coach's Decision,,,0.0,0.0,0.0,0.0,0.0,0.0,0.0,0.0,0.0,0.0,0.0,0.0,0.0,0.0,0.0,0.0,0.0,0.0,0.0,0.0,0.0,0.0,2020-21,Playoffs
0042000216,1610612751,Brooklyn,Nets,BKN,nets,201142,Kevin,Durant,K. Durant,kevin-durant,F,,,40:22,89.6,89.6,122.1,122.1,-32.5,-32.5,0.25,0.43,7.3,0.0,0.256,0.134,17.1,0.533,0.518,0.447,0.447,91.56,91.56,76.3,77.0,0.149,2020-21,Playoffs
0042000216,1610612751,Brooklyn,Nets,BKN,nets,201145,Jeff,Green,J. Green,jeff-green,F,,,35:35,91.4,91.4,114.3,114.3,-22.9,-22.9,0.083,2.0,16.7,0.057,0.103,0.081,8.3,0.278,0.278,0.13,0.13,94.43,94.43,78.69,70.0,0.025,2020-21,Playoffs
0042000216,1610612751,Brooklyn,Nets,BKN,nets,201933,Blake,Griffin,B. Griffin,blake-griffin,C,,,30:40,98.3,98.3,112.3,112.3,-14.0,-14.0,0.0,0.0,0.0,0.067,0.125,0.097,0.0,0.563,0.615,0.152,0.152,90.0,90.0,75.0,58.0,0.118,2020-21,Playoffs
0042000216,1610612751,Brooklyn,Nets,BKN,nets,203925,Joe,Harris,J. Harris,joe-harris,G,,,36:28,88.9,88.9,123.6,123.6,-34.7,-34.7,0.0,0.0,0.0,0.0,0.103,0.054,0.0,0.5,0.5,0.114,0.114,94.78,94.78,78.98,72.0,0.022,2020-21,Playoffs
0042000216,1610612751,Brooklyn,Nets,BKN,nets,201935,James,Harden,J. Harden,james-harden,G,,,39:58,97.4,97.4,122.1,122.1,-24.7,-24.7,0.292,1.75,31.8,0.027,0.1,0.065,18.2,0.722,0.714,0.181,0.181,92.46,92.46,77.05,77.0,0.123,2020-21,Playoffs
0042000216,1610612751,Brooklyn,Nets,BKN,nets,1628455,Mike,James,A. James,mike-james,,,,3:32,57.1,57.1,100.0,100.0,-42.9,-42.9,0.0,0.0,0.0,0.0,0.0,0.0,0.0,0.0,0.0,0.0,0.0,95.0,95.0,79.17,7.0,0.0,2020-21,Playoffs
0042000216,1610612751,Brooklyn,Nets,BKN,nets,1629013,Landry,Shamet,L. Shamet,landry-shamet,,,,22:09,107.3,107.3,128.6,128.6,-21.3,-21.3,0.0,0.0,0.0,0.0,0.0,0.0,25.0,0.0,0.301,0.095,0.095,89.94,89.94,74.95,41.0,-0.024,2020-21,Playoffs
0042000216,1610612751,Brooklyn,Nets,BKN,nets,1629651,Nic,Claxton,N. Claxton,nic-claxton,,,,2:57,83.3,83.3,200.0,200.0,-116.7,-116.7,0.0,0.0,0.0,0.0,0.0,0.0,0.0,0.0,0.0,0.0,0.0,89.49,89.49,74.58,6.0,-0.071,2020-21,Playoffs
0042000216,1610612751,Brooklyn,Nets,BKN,nets,1628971,Bruce,Brown,B. Brown,bruce-brown,,,,4:34,130.0,130.0,100.0,100.0,30.0,30.0,0.0,0.0,0.0,0.2,0.25,0.222,33.3,0.75,0.75,0.231,0.231,94.74,94.74,78.95,10.0,0.111,2020-21,Playoffs
0042000216,1610612751,Brooklyn,Nets,BKN,nets,1629185,Chris,Chiozza,C. Chiozza,chris-chiozza,,,,4:45,90.9,90.9,36.4,36.4,54.5,54.5,0.0,0.0,0.0,0.0,0.0,0.0,33.3,0.0,0.0,0.214,0.214,111.16,111.16,92.63,11.0,-0.19,2020-21,Playoffs
0042000216,1610612751,Brooklyn,Nets,BKN,nets,204020,Tyler,Johnson,T. Johnson,tyler-johnson,,,,4:45,90.9,90.9,36.4,36.4,54.5,54.5,0.4,0.0,66.7,0.143,0.333,0.2,0.0,0.0,0.0,0.071,0.071,111.16,111.16,92.63,11.0,0.333,2020-21,Playoffs
0042000216,1610612751,Brooklyn,Nets,BKN,nets,1628993,Alize,Johnson,A. Johnson,alize-johnson,,,,4:45,90.9,90.9,36.4,36.4,54.5,54.5,0.0,0.0,0.0,0.143,0.0,0.1,25.0,0.667,0.667,0.286,0.286,111.16,111.16,92.63,11.0,0.333,2020-21,Playoffs
0042000216,1610612751,Brooklyn,Nets,BKN,nets,1627789,Timothe,Luwawu-Cabarrot,T. Luwawu-Cabarrot,timothe-luwawu-cabarrot,,,,4:45,90.9,90.9,36.4,36.4,54.5,54.5,0.0,0.0,0.0,0.0,0.333,0.1,0.0,0.5,0.5,0.143,0.143,111.16,111.16,92.63,11.0,0.19,2020-21,Playoffs
0042000216,1610612751,Brooklyn,Nets,BKN,nets,1629617,Reggie,Perry,R. Perry,reggie-perry,,,,4:45,90.9,90.9,36.4,36.4,54.5,54.5,0.0,0.0,0.0,0.143,0.0,0.1,0.0,0.5,0.5,0.286,0.286,111.16,111.16,92.63,11.0,0.143,2020-21,Playoffs
0042000216,1610612751,Brooklyn,Nets,BKN,nets,201599,DeAndre,Jordan,D. Jordan,deandre-jordan,,DNP - Coach's Decision,,,0.0,0.0,0.0,0.0,0.0,0.0,0.0,0.0,0.0,0.0,0.0,0.0,0.0,0.0,0.0,0.0,0.0,0.0,0.0,0.0,0.0,0.0,2020-21,Playoffs
0042000216,1610612749,Milwaukee,Bucks,MIL,bucks,200782,P.J.,Tucker,P. Tucker,pj-tucker,F,,,34:29,126.9,126.9,82.1,82.1,44.8,44.8,0.034,1.0,12.5,0.079,0.054,0.067,12.5,0.25,0.25,0.086,0.086,93.26,93.26,77.72,67.0,-0.009,2020-21,Playoffs
0042000216,1610612749,Milwaukee,Bucks,MIL,bucks,203507,Giannis,Antetokounmpo,G. Antetokounmpo,giannis-antetokounmpo,F,,,41:10,120.5,120.5,91.1,91.1,29.4,29.4,0.143,1.0,10.0,0.114,0.316,0.207,10.0,0.6,0.615,0.29,0.29,91.53,91.53,76.28,78.0,0.222,2020-21,Playoffs
0042000216,1610612749,Milwaukee,Bucks,MIL,bucks,201572,Brook,Lopez,B. Lopez,brook-lopez,C,,,29:49,117.9,117.9,96.4,96.4,21.4,21.4,0.0,0.0,0.0,0.111,0.074,0.093,10.0,0.444,0.444,0.156,0.156,90.15,90.15,75.13,56.0,0.055,2020-21,Playoffs
0042000216,1610612749,Milwaukee,Bucks,MIL,bucks,203114,Khris,Middleton,K. Middleton,khris-middleton,G,,,42:27,122.5,122.5,100.0,100.0,22.5,22.5,0.208,1.25,17.2,0.024,0.225,0.122,13.8,0.844,0.893,0.255,0.255,91.02,91.02,75.85,80.0,0.308,2020-21,Playoffs
0042000216,1610612749,Milwaukee,Bucks,MIL,bucks,201950,Jrue,Holiday,J. Holiday,jrue-holiday,G,,,42:49,118.5,118.5,100.0,100.0,18.5,18.5,0.185,5.0,17.2,0.067,0.122,0.093,3.4,0.405,0.461,0.25,0.25,90.81,90.81,75.67,81.0,0.13,2020-21,Playoffs
0042000216,1610612749,Milwaukee,Bucks,MIL,bucks,1626192,Pat,Connaughton,P. Connaughton,pat-connaughton,,,,21:54,114.3,114.3,106.8,106.8,7.5,7.5,0.0,0.0,0.0,0.0,0.1,0.043,0.0,0.0,0.0,0.098,0.098,94.25,94.25,78.54,42.0,-0.053,2020-21,Playoffs
0042000216,1610612749,Milwaukee,Bucks,MIL,bucks,203648,Thanasis,Antetokounmpo,T. Antetokounmpo,thanasis-antetokounmpo,,,,4:49,36.4,36.4,83.3,83.3,-47.0,-47.0,0.0,0.0,0.0,0.0,0.143,0.1,33.3,0.0,0.532,0.273,0.273,114.56,114.56,95.47,11.0,0.238,2020-21,Playoffs
0042000216,1610612749,Milwaukee,Bucks,MIL,bucks,1627854,Bryn,Forbes,B. Forbes,bryn-forbes,,,,11:03,100.0,100.0,117.4,117.4,-17.4,-17.4,0.0,0.0,0.0,0.0,0.0,0.0,20.0,0.25,0.25,0.217,0.217,99.91,99.91,83.26,23.0,-0.064,2020-21,Playoffs
0042000216,1610612749,Milwaukee,Bucks,MIL,bucks,1628382,Justin,Jackson,J. Jackson,justin-jackson,,,,3:50,20.0,20.0,66.7,66.7,-46.7,-46.7,0.0,0.0,0.0,0.0,0.0,0.0,0.0,0.0,0.0,0.0,0.0,118.96,118.96,99.13,10.0,0.0,2020-21,Playoffs
0042000216,1610612749,Milwaukee,Bucks,MIL,bucks,1629091,Elijah,Bryant,E. Bryant,elijah-bryant,,,,3:50,20.0,20.0,66.7,66.7,-46.7,-46.7,0.0,0.0,0.0,0.0,0.167,0.111,100.0,0.0,0.0,0.1,0.1,118.96,118.96,99.13,10.0,0.375,2020-21,Playoffs
0042000216,1610612749,Milwaukee,Bucks,MIL,bucks,1629603,Mamadi,Diakite,M. Diakite,mamadi-diakite,,,,3:50,20.0,20.0,66.7,66.7,-46.7,-46.7,0.0,0.0,0.0,0.0,0.333,0.222,0.0,0.0,0.0,0.0,0.0,118.96,118.96,99.13,10.0,0.25,2020-21,Playoffs
0042000216,1610612749,Milwaukee,Bucks,MIL,bucks,1630241,Sam,Merrill,S. Merrill,sam-merrill,,DNP - Coach's Decision,,,0.0,0.0,0.0,0.0,0.0,0.0,0.0,0.0,0.0,0.0,0.0,0.0,0.0,0.0,0.0,0.0,0.0,0.0,0.0,0.0,0.0,0.0,2020-21,Playoffs
0042000216,1610612749,Milwaukee,Bucks,MIL,bucks,1626171,Bobby,Portis,B. Portis,bobby-portis,,DNP - Coach's Decision,,,0.0,0.0,0.0,0.0,0.0,0.0,0.0,0.0,0.0,0.0,0.0,0.0,0.0,0.0,0.0,0.0,0.0,0.0,0.0,0.0,0.0,0.0,2020-21,Playoffs
0042000216,1610612749,Milwaukee,Bucks,MIL,bucks,201952,Jeff,Teague,J. Teague,jeff-teague,,DNP - Coach's Decision,,,0.0,0.0,0.0,0.0,0.0,0.0,0.0,0.0,0.0,0.0,0.0,0.0,0.0,0.0,0.0,0.0,0.0,0.0,0.0,0.0,0.0,0.0,2020-21,Playoffs
0042000216,1610612749,Milwaukee,Bucks,MIL,bucks,1626253,Axel,Toupane,A. Toupane,axel-toupane,,DNP - Coach's Decision,,,0.0,0.0,0.0,0.0,0.0,0.0,0.0,0.0,0.0,0.0,0.0,0.0,0.0,0.0,0.0,0.0,0.0,0.0,0.0,0.0,0.0,0.0,2020-21,Playoffs
0042000217,1610612749,Milwaukee,Bucks,MIL,bucks,200782,P.J.,Tucker,P. Tucker,pj-tucker,F,,,38:19,114.7,114.7,117.1,117.1,-2.4,-2.4,0.0,0.0,0.0,0.095,0.029,0.065,0.0,0.611,0.611,0.111,0.111,86.44,86.44,72.03,68.0,0.049,2020-21,Playoffs
0042000217,1610612749,Milwaukee,Bucks,MIL,bucks,203507,Giannis,Antetokounmpo,G. Antetokounmpo,giannis-antetokounmpo,F,,,50:08,119.4,119.4,115.4,115.4,4.0,4.0,0.192,1.67,13.5,0.038,0.25,0.134,8.1,0.667,0.663,0.288,0.288,88.09,88.09,73.4,93.0,0.195,2020-21,Playoffs
0042000217,1610612749,Milwaukee,Bucks,MIL,bucks,201572,Brook,Lopez,B. Lopez,brook-lopez,C,,,46:24,125.3,125.3,122.9,122.9,2.4,2.4,0.031,0.0,7.7,0.104,0.081,0.094,0.0,0.773,0.8,0.119,0.119,85.86,85.86,71.55,83.0,0.128,2020-21,Playoffs
0042000217,1610612749,Milwaukee,Bucks,MIL,bucks,203114,Khris,Middleton,K. Middleton,khris-middleton,G,,,52:21,117.7,117.7,117.0,117.0,0.7,0.7,0.182,2.0,16.7,0.069,0.13,0.096,8.3,0.385,0.421,0.259,0.259,87.11,87.11,72.59,96.0,0.103,2020-21,Playoffs
0042000217,1610612749,Milwaukee,Bucks,MIL,bucks,201950,Jrue,Holiday,J. Holiday,jrue-holiday,G,,,48:16,115.7,115.7,114.9,114.9,0.8,0.8,0.242,8.0,24.2,0.038,0.122,0.074,3.0,0.261,0.272,0.236,0.236,87.51,87.51,72.93,89.0,0.012,2020-21,Playoffs
0042000217,1610612749,Milwaukee,Bucks,MIL,bucks,203648,Thanasis,Antetokounmpo,T. Antetokounmpo,thanasis-antetokounmpo,,,,0:51,100.0,100.0,133.3,133.3,-33.3,-33.3,0.0,0.0,0.0,0.0,1.0,0.5,0.0,0.0,0.0,0.0,0.0,140.63,140.63,117.19,2.0,0.0,2020-21,Playoffs
0042000217,1610612749,Milwaukee,Bucks,MIL,bucks,1626192,Pat,Connaughton,P. Connaughton,pat-connaughton,,,,23:20,122.7,122.7,104.8,104.8,18.0,18.0,0.0,0.0,0.0,0.038,0.143,0.085,0.0,0.9,0.9,0.093,0.093,88.46,88.46,73.71,44.0,0.104,2020-21,Playoffs
0042000217,1610612749,Milwaukee,Bucks,MIL,bucks,1627854,Bryn,Forbes,B. Forbes,bryn-forbes,,,,5:21,83.3,83.3,88.9,88.9,-5.6,-5.6,0.0,0.0,0.0,0.0,0.0,0.0,0.0,0.0,0.0,0.0,0.0,94.26,94.26,78.55,12.0,0.0,2020-21,Playoffs
0042000217,1610612749,Milwaukee,Bucks,MIL,bucks,1629091,Elijah,Bryant,E. Bryant,elijah-bryant,,DNP - Coach's Decision,,,0.0,0.0,0.0,0.0,0.0,0.0,0.0,0.0,0.0,0.0,0.0,0.0,0.0,0.0,0.0,0.0,0.0,0.0,0.0,0.0,0.0,0.0,2020-21,Playoffs
0042000217,1610612749,Milwaukee,Bucks,MIL,bucks,1629603,Mamadi,Diakite,M. Diakite,mamadi-diakite,,DNP - Coach's Decision,,,0.0,0.0,0.0,0.0,0.0,0.0,0.0,0.0,0.0,0.0,0.0,0.0,0.0,0.0,0.0,0.0,0.0,0.0,0.0,0.0,0.0,0.0,2020-21,Playoffs
0042000217,1610612749,Milwaukee,Bucks,MIL,bucks,1628382,Justin,Jackson,J. Jackson,justin-jackson,,DNP - Coach's Decision,,,0.0,0.0,0.0,0.0,0.0,0.0,0.0,0.0,0.0,0.0,0.0,0.0,0.0,0.0,0.0,0.0,0.0,0.0,0.0,0.0,0.0,0.0,2020-21,Playoffs
0042000217,1610612749,Milwaukee,Bucks,MIL,bucks,1630241,Sam,Merrill,S. Merrill,sam-merrill,,DNP - Coach's Decision,,,0.0,0.0,0.0,0.0,0.0,0.0,0.0,0.0,0.0,0.0,0.0,0.0,0.0,0.0,0.0,0.0,0.0,0.0,0.0,0.0,0.0,0.0,2020-21,Playoffs
0042000217,1610612749,Milwaukee,Bucks,MIL,bucks,1626171,Bobby,Portis,B. Portis,bobby-portis,,DNP - Coach's Decision,,,0.0,0.0,0.0,0.0,0.0,0.0,0.0,0.0,0.0,0.0,0.0,0.0,0.0,0.0,0.0,0.0,0.0,0.0,0.0,0.0,0.0,0.0,2020-21,Playoffs
0042000217,1610612749,Milwaukee,Bucks,MIL,bucks,201952,Jeff,Teague,J. Teague,jeff-teague,,DNP - Coach's Decision,,,0.0,0.0,0.0,0.0,0.0,0.0,0.0,0.0,0.0,0.0,0.0,0.0,0.0,0.0,0.0,0.0,0.0,0.0,0.0,0.0,0.0,0.0,2020-21,Playoffs
0042000217,1610612749,Milwaukee,Bucks,MIL,bucks,1626253,Axel,Toupane,A. Toupane,axel-toupane,,DNP - Coach's Decision,,,0.0,0.0,0.0,0.0,0.0,0.0,0.0,0.0,0.0,0.0,0.0,0.0,0.0,0.0,0.0,0.0,0.0,0.0,0.0,0.0,0.0,0.0,2020-21,Playoffs
0042000217,1610612751,Brooklyn,Nets,BKN,nets,201142,Kevin,Durant,K. Durant,kevin-durant,F,,,53:00,116.8,116.8,119.8,119.8,-2.9,-2.9,0.273,2.0,12.0,0.022,0.138,0.087,6.0,0.528,0.588,0.404,0.404,86.49,86.49,72.08,95.0,0.19,2020-21,Playoffs
0042000217,1610612751,Brooklyn,Nets,BKN,nets,203925,Joe,Harris,J. Harris,joe-harris,F,,,46:55,118.8,118.8,121.4,121.4,-2.6,-2.6,0.063,2.0,14.3,0.049,0.143,0.1,7.1,0.45,0.46,0.122,0.122,86.45,86.45,72.04,85.0,0.063,2020-21,Playoffs
0042000217,1610612751,Brooklyn,Nets,BKN,nets,201933,Blake,Griffin,B. Griffin,blake-griffin,C,,,40:11,118.6,118.6,117.6,117.6,1.0,1.0,0.136,1.5,17.6,0.057,0.214,0.143,11.8,0.708,0.708,0.175,0.175,86.01,86.01,71.68,70.0,0.115,2020-21,Playoffs
0042000217,1610612751,Brooklyn,Nets,BKN,nets,1628971,Bruce,Brown,B. Brown,bruce-brown,G,,,52:08,114.0,114.0,117.7,117.7,-3.7,-3.7,0.067,0.67,13.3,0.087,0.034,0.058,20.0,0.778,0.709,0.121,0.121,87.02,87.02,72.51,93.0,0.061,2020-21,Playoffs
0042000217,1610612751,Brooklyn,Nets,BKN,nets,201935,James,Harden,J. Harden,james-harden,G,,,52:59,116.8,116.8,119.8,119.8,-2.9,-2.9,0.265,2.25,26.5,0.022,0.14,0.087,11.8,0.353,0.514,0.229,0.229,86.52,86.52,72.1,95.0,0.113,2020-21,Playoffs
0042000217,1610612751,Brooklyn,Nets,BKN,nets,1629013,Landry,Shamet,L. Shamet,landry-shamet,,,,6:53,108.3,108.3,107.1,107.1,1.2,1.2,0.0,0.0,0.0,0.0,0.1,0.067,0.0,0.0,0.0,0.0,0.0,90.65,90.65,75.54,12.0,0.048,2020-21,Playoffs
0042000217,1610612751,Brooklyn,Nets,BKN,nets,201145,Jeff,Green,J. Green,jeff-green,,,,12:53,115.4,115.4,100.0,100.0,15.4,15.4,0.091,0.0,100.0,0.091,0.0,0.038,0.0,0.0,0.0,0.0,0.0,100.57,100.57,83.81,26.0,-0.029,2020-21,Playoffs
0042000217,1610612751,Brooklyn,Nets,BKN,nets,1629651,Nic,Claxton,N. Claxton,nic-claxton,,,,0:01,0.0,0.0,0.0,0.0,0.0,0.0,0.0,0.0,0.0,0.0,0.0,0.0,0.0,0.0,0.0,0.0,0.0,1440.0,1440.0,1200.0,0.0,0.0,2020-21,Playoffs
0042000217,1610612751,Brooklyn,Nets,BKN,nets,1629185,Chris,Chiozza,C. Chiozza,chris-chiozza,,DNP - Coach's Decision,,,0.0,0.0,0.0,0.0,0.0,0.0,0.0,0.0,0.0,0.0,0.0,0.0,0.0,0.0,0.0,0.0,0.0,0.0,0.0,0.0,0.0,0.0,2020-21,Playoffs
0042000217,1610612751,Brooklyn,Nets,BKN,nets,1628455,Mike,James,A. James,mike-james,,DNP - Coach's Decision,,,0.0,0.0,0.0,0.0,0.0,0.0,0.0,0.0,0.0,0.0,0.0,0.0,0.0,0.0,0.0,0.0,0.0,0.0,0.0,0.0,0.0,0.0,2020-21,Playoffs
0042000217,1610612751,Brooklyn,Nets,BKN,nets,1628993,Alize,Johnson,A. Johnson,alize-johnson,,DNP - Coach's Decision,,,0.0,0.0,0.0,0.0,0.0,0.0,0.0,0.0,0.0,0.0,0.0,0.0,0.0,0.0,0.0,0.0,0.0,0.0,0.0,0.0,0.0,0.0,2020-21,Playoffs
0042000217,1610612751,Brooklyn,Nets,BKN,nets,204020,Tyler,Johnson,T. Johnson,tyler-johnson,,DNP - Coach's Decision,,,0.0,0.0,0.0,0.0,0.0,0.0,0.0,0.0,0.0,0.0,0.0,0.0,0.0,0.0,0.0,0.0,0.0,0.0,0.0,0.0,0.0,0.0,2020-21,Playoffs
0042000217,1610612751,Brooklyn,Nets,BKN,nets,201599,DeAndre,Jordan,D. Jordan,deandre-jordan,,DNP - Coach's Decision,,,0.0,0.0,0.0,0.0,0.0,0.0,0.0,0.0,0.0,0.0,0.0,0.0,0.0,0.0,0.0,0.0,0.0,0.0,0.0,0.0,0.0,0.0,2020-21,Playoffs
0042000217,1610612751,Brooklyn,Nets,BKN,nets,1627789,Timothe,Luwawu-Cabarrot,T. Luwawu-Cabarrot,timothe-luwawu-cabarrot,,DNP - Coach's Decision,,,0.0,0.0,0.0,0.0,0.0,0.0,0.0,0.0,0.0,0.0,0.0,0.0,0.0,0.0,0.0,0.0,0.0,0.0,0.0,0.0,0.0,0.0,2020-21,Playoffs
0042000217,1610612751,Brooklyn,Nets,BKN,nets,1629617,Reggie,Perry,R. Perry,reggie-perry,,DNP - Coach's Decision,,,0.0,0.0,0.0,0.0,0.0,0.0,0.0,0.0,0.0,0.0,0.0,0.0,0.0,0.0,0.0,0.0,0.0,0.0,0.0,0.0,0.0,0.0,2020-21,Playoffs
0042000221,1610612746,LA,Clippers,LAC,clippers,202695,Kawhi,Leonard,K. Leonard,kawhi-leonard,F,,,35:56,108.6,108.6,125.7,125.7,-17.1,-17.1,0.176,0.0,13.0,0.079,0.114,0.096,0.0,0.5,0.554,0.253,0.253,93.5,93.5,77.91,70.0,0.135,2020-21,Playoffs
0042000221,1610612746,LA,Clippers,LAC,clippers,202694,Marcus,Morris Sr.,M. Morris Sr.,marcus-morris-sr,F,,,33:15,112.3,112.3,114.1,114.1,-1.8,-1.8,0.05,1.0,6.3,0.061,0.028,0.043,6.3,0.321,0.321,0.208,0.208,93.11,93.11,77.59,65.0,0.004,2020-21,Playoffs
0042000221,1610612746,LA,Clippers,LAC,clippers,201587,Nicolas,Batum,N. Batum,nicolas-batum,C,,,20:49,112.5,112.5,131.7,131.7,-19.2,-19.2,0.167,2.0,28.6,0.0,0.174,0.089,14.3,0.75,0.75,0.109,0.109,93.39,93.39,77.82,40.0,0.097,2020-21,Playoffs
0042000221,1610612746,LA,Clippers,LAC,clippers,202331,Paul,George,P. George,paul-george,G,,,37:00,113.9,113.9,118.1,118.1,-4.2,-4.2,0.087,1.0,7.7,0.0,0.227,0.115,7.7,0.324,0.467,0.289,0.289,93.41,93.41,77.84,72.0,0.107,2020-21,Playoffs
0042000221,1610612746,LA,Clippers,LAC,clippers,202704,Reggie,Jackson,R. Jackson,reggie-jackson,G,,,17:01,105.6,105.6,128.6,128.6,-23.0,-23.0,0.333,3.0,30.0,0.0,0.0,0.0,10.0,0.75,0.75,0.184,0.184,100.14,100.14,83.45,36.0,0.029,2020-21,Playoffs
0042000221,1610612746,LA,Clippers,LAC,clippers,1627826,Ivica,Zubac,I. Zubac,ivica-zubac,,,,20:25,110.0,110.0,115.4,115.4,-5.4,-5.4,0.273,0.0,27.3,0.087,0.138,0.115,0.0,0.6,0.681,0.178,0.178,92.87,92.87,77.39,40.0,0.191,2020-21,Playoffs
0042000221,1610612746,LA,Clippers,LAC,clippers,201976,Patrick,Beverley,P. Beverley,patrick-beverley,,,,6:09,107.7,107.7,66.7,66.7,41.0,41.0,0.25,0.0,25.0,0.0,0.077,0.048,0.0,0.0,0.0,0.214,0.214,97.56,97.56,81.3,13.0,-0.03,2020-21,Playoffs
0042000221,1610612746,LA,Clippers,LAC,clippers,1628379,Luke,Kennard,L. Kennard,luke-kennard,,,,29:17,120.7,120.7,115.8,115.8,4.9,4.9,0.0,0.0,0.0,0.03,0.026,0.028,0.0,1.0,1.0,0.13,0.13,94.25,94.25,78.54,58.0,0.158,2020-21,Playoffs
0042000221,1610612746,LA,Clippers,LAC,clippers,1629611,Terance,Mann,T. Mann,terance-mann,,,,8:04,122.2,122.2,100.0,100.0,22.2,22.2,0.143,0.0,33.3,0.0,0.071,0.045,0.0,0.5,0.5,0.105,0.105,107.15,107.15,89.29,18.0,0.086,2020-21,Playoffs
0042000221,1610612746,LA,Clippers,LAC,clippers,200765,Rajon,Rondo,R. Rondo,rajon-rondo,,,,28:05,125.9,125.9,134.0,134.0,-8.0,-8.0,0.273,3.0,50.0,0.036,0.143,0.089,16.7,0.5,0.644,0.092,0.092,91.44,91.44,76.2,54.0,0.102,2020-21,Playoffs
0042000221,1610612746,LA,Clippers,LAC,clippers,202326,DeMarcus,Cousins,D. Cousins,demarcus-cousins,,,,3:59,162.5,162.5,87.5,87.5,75.0,75.0,0.0,0.0,0.0,0.0,0.5,0.375,25.0,0.833,0.872,0.444,0.444,96.4,96.4,80.33,8.0,0.273,2020-21,Playoffs
0042000221,1610612746,LA,Clippers,LAC,clippers,1629599,Amir,Coffey,A. Coffey,amir-coffey,,DNP - Coach's Decision,,,0.0,0.0,0.0,0.0,0.0,0.0,0.0,0.0,0.0,0.0,0.0,0.0,0.0,0.0,0.0,0.0,0.0,0.0,0.0,0.0,0.0,0.0,2020-21,Playoffs
0042000221,1610612746,LA,Clippers,LAC,clippers,1627812,Yogi,Ferrell,Y. Ferrell,yogi-ferrell,,DNP - Coach's Decision,,,0.0,0.0,0.0,0.0,0.0,0.0,0.0,0.0,0.0,0.0,0.0,0.0,0.0,0.0,0.0,0.0,0.0,0.0,0.0,0.0,0.0,0.0,2020-21,Playoffs
0042000221,1610612746,LA,Clippers,LAC,clippers,1630187,Daniel,Oturu,D. Oturu,daniel-oturu,,DNP - Coach's Decision,,,0.0,0.0,0.0,0.0,0.0,0.0,0.0,0.0,0.0,0.0,0.0,0.0,0.0,0.0,0.0,0.0,0.0,0.0,0.0,0.0,0.0,0.0,2020-21,Playoffs
0042000221,1610612746,LA,Clippers,LAC,clippers,202335,Patrick,Patterson,P. Patterson,patrick-patterson,,DNP - Coach's Decision,,,0.0,0.0,0.0,0.0,0.0,0.0,0.0,0.0,0.0,0.0,0.0,0.0,0.0,0.0,0.0,0.0,0.0,0.0,0.0,0.0,0.0,0.0,2020-21,Playoffs
0042000221,1610612762,Utah,Jazz,UTA,jazz,202711,Bojan,Bogdanovic,B. Bogdanovic,bojan-bogdanovic,F,,,37:59,125.3,125.3,109.3,109.3,16.0,16.0,0.04,0.0,6.3,0.0,0.122,0.063,0.0,0.536,0.587,0.174,0.174,94.78,94.78,78.98,75.0,0.103,2020-21,Playoffs
0042000221,1610612762,Utah,Jazz,UTA,jazz,1626220,Royce,O'Neale,R. O'Neale,royce-oneale,F,,,35:49,117.4,117.4,107.0,107.0,10.3,10.3,0.125,3.0,27.3,0.105,0.179,0.143,9.1,0.4,0.592,0.101,0.101,93.81,93.81,78.18,69.0,0.105,2020-21,Playoffs
0042000221,1610612762,Utah,Jazz,UTA,jazz,203497,Rudy,Gobert,R. Gobert,rudy-gobert,C,,,33:16,115.2,115.2,110.9,110.9,4.2,4.2,0.0,0.0,0.0,0.075,0.243,0.156,16.7,0.333,0.502,0.154,0.154,93.79,93.79,78.16,66.0,0.064,2020-21,Playoffs
0042000221,1610612762,Utah,Jazz,UTA,jazz,204060,Joe,Ingles,J. Ingles,joe-ingles,G,,,32:23,117.2,117.2,110.9,110.9,6.3,6.3,0.318,7.0,33.3,0.0,0.081,0.039,4.8,0.292,0.311,0.187,0.187,94.86,94.86,79.05,64.0,0.035,2020-21,Playoffs
0042000221,1610612762,Utah,Jazz,UTA,jazz,1628378,Donovan,Mitchell,D. Mitchell,donovan-mitchell,G,,,36:52,120.0,120.0,111.3,111.3,8.7,8.7,0.417,1.67,12.2,0.0,0.075,0.038,7.3,0.633,0.671,0.45,0.45,91.79,91.79,76.49,70.0,0.275,2020-21,Playoffs
0042000221,1610612762,Utah,Jazz,UTA,jazz,203903,Jordan,Clarkson,J. Clarkson,jordan-clarkson,,,,28:22,126.8,126.8,126.8,126.8,0.0,0.0,0.059,0.0,5.3,0.0,0.074,0.031,0.0,0.5,0.5,0.261,0.261,94.76,94.76,78.97,56.0,0.09,2020-21,Playoffs
0042000221,1610612762,Utah,Jazz,UTA,jazz,202324,Derrick,Favors,D. Favors,derrick-favors,,,,14:44,128.6,128.6,126.7,126.7,1.9,1.9,0.091,0.0,50.0,0.176,0.214,0.194,0.0,1.0,1.0,0.03,0.03,94.48,94.48,78.73,28.0,0.091,2020-21,Playoffs
0042000221,1610612762,Utah,Jazz,UTA,jazz,1627777,Georges,Niang,G. Niang,georges-niang,,,,12:53,100.0,100.0,136.0,136.0,-36.0,-36.0,0.0,0.0,0.0,0.0,0.182,0.059,0.0,0.375,0.375,0.121,0.121,93.14,93.14,77.62,25.0,0.0,2020-21,Playoffs
0042000221,1610612762,Utah,Jazz,UTA,jazz,1629671,Miye,Oni,M. Oni,miye-oni,,,,7:42,112.5,112.5,135.3,135.3,-22.8,-22.8,0.0,0.0,0.0,0.143,0.0,0.087,0.0,0.0,0.0,0.048,0.048,102.86,102.86,85.71,16.0,-0.116,2020-21,Playoffs
0042000221,1610612762,Utah,Jazz,UTA,jazz,1629714,Jarrell,Brantley,J. Brantley,jarrell-brantley,,DNP - Coach's Decision,,,0.0,0.0,0.0,0.0,0.0,0.0,0.0,0.0,0.0,0.0,0.0,0.0,0.0,0.0,0.0,0.0,0.0,0.0,0.0,0.0,0.0,0.0,2020-21,Playoffs
0042000221,1610612762,Utah,Jazz,UTA,jazz,1630235,Trent,Forrest,T. Forrest,trent-forrest,,DNP - Coach's Decision,,,0.0,0.0,0.0,0.0,0.0,0.0,0.0,0.0,0.0,0.0,0.0,0.0,0.0,0.0,0.0,0.0,0.0,0.0,0.0,0.0,0.0,0.0,2020-21,Playoffs
0042000221,1610612762,Utah,Jazz,UTA,jazz,1630190,Elijah,Hughes,E. Hughes,elijah-hughes,,DNP - Coach's Decision,,,0.0,0.0,0.0,0.0,0.0,0.0,0.0,0.0,0.0,0.0,0.0,0.0,0.0,0.0,0.0,0.0,0.0,0.0,0.0,0.0,0.0,0.0,2020-21,Playoffs
0042000221,1610612762,Utah,Jazz,UTA,jazz,101141,Ersan,Ilyasova,E. Ilyasova,ersan-ilyasova,,DNP - Coach's Decision,,,0.0,0.0,0.0,0.0,0.0,0.0,0.0,0.0,0.0,0.0,0.0,0.0,0.0,0.0,0.0,0.0,0.0,0.0,0.0,0.0,0.0,0.0,2020-21,Playoffs
0042000221,1610612762,Utah,Jazz,UTA,jazz,1629752,Juwan,Morgan,J. Morgan,juwan-morgan,,DNP - Coach's Decision,,,0.0,0.0,0.0,0.0,0.0,0.0,0.0,0.0,0.0,0.0,0.0,0.0,0.0,0.0,0.0,0.0,0.0,0.0,0.0,0.0,0.0,0.0,2020-21,Playoffs
0042000221,1610612762,Utah,Jazz,UTA,jazz,1629744,Matt,Thomas,M. Thomas,matt-thomas,,DNP - Coach's Decision,,,0.0,0.0,0.0,0.0,0.0,0.0,0.0,0.0,0.0,0.0,0.0,0.0,0.0,0.0,0.0,0.0,0.0,0.0,0.0,0.0,0.0,0.0,2020-21,Playoffs
0042000222,1610612746,LA,Clippers,LAC,clippers,202695,Kawhi,Leonard,K. Leonard,kawhi-leonard,F,,,38:41,111.5,111.5,121.8,121.8,-10.3,-10.3,0.217,1.67,18.5,0.054,0.071,0.062,11.1,0.529,0.56,0.259,0.259,96.79,96.79,80.65,78.0,0.097,2020-21,Playoffs
0042000222,1610612746,LA,Clippers,LAC,clippers,202694,Marcus,Morris Sr.,M. Morris Sr.,marcus-morris-sr,F,,,37:07,116.0,116.0,125.0,125.0,-9.0,-9.0,0.107,0.0,21.4,0.059,0.276,0.159,0.0,0.364,0.364,0.136,0.136,97.64,97.64,81.37,75.0,0.087,2020-21,Playoffs
0042000222,1610612746,LA,Clippers,LAC,clippers,1627826,Ivica,Zubac,I. Zubac,ivica-zubac,C,,,13:49,136.0,136.0,126.9,126.9,9.1,9.1,0.0,0.0,0.0,0.0,0.0,0.0,40.0,1.0,1.017,0.179,0.179,88.59,88.59,73.82,25.0,0.031,2020-21,Playoffs
0042000222,1610612746,LA,Clippers,LAC,clippers,202331,Paul,George,P. George,paul-george,G,,,43:36,113.8,113.8,123.3,123.3,-9.5,-9.5,0.214,1.5,19.4,0.023,0.273,0.132,12.9,0.5,0.615,0.263,0.263,97.43,97.43,81.19,87.0,0.141,2020-21,Playoffs
0042000222,1610612746,LA,Clippers,LAC,clippers,202704,Reggie,Jackson,R. Jackson,reggie-jackson,G,,,36:08,125.7,125.7,127.8,127.8,-2.1,-2.1,0.095,2.0,8.7,0.0,0.111,0.051,4.3,0.684,0.714,0.273,0.273,94.32,94.32,78.6,70.0,0.16,2020-21,Playoffs
0042000222,1610612746,LA,Clippers,LAC,clippers,201587,Nicolas,Batum,N. Batum,nicolas-batum,,,,27:29,122.0,122.0,108.3,108.3,13.7,13.7,0.083,0.0,28.6,0.0,0.136,0.065,0.0,0.75,0.717,0.082,0.082,103.92,103.92,86.6,59.0,0.084,2020-21,Playoffs
0042000222,1610612746,LA,Clippers,LAC,clippers,201976,Patrick,Beverley,P. Beverley,patrick-beverley,,,,20:52,87.0,87.0,97.9,97.9,-10.9,-10.9,0.077,0.0,14.3,0.08,0.067,0.075,0.0,0.0,0.222,0.122,0.122,106.96,106.96,89.14,46.0,-0.035,2020-21,Playoffs
0042000222,1610612746,LA,Clippers,LAC,clippers,202326,DeMarcus,Cousins,D. Cousins,demarcus-cousins,,,,11:10,84.0,84.0,95.8,95.8,-11.8,-11.8,0.0,0.0,0.0,0.0,0.444,0.182,12.5,0.429,0.429,0.296,0.296,105.31,105.31,87.76,25.0,0.111,2020-21,Playoffs
0042000222,1610612746,LA,Clippers,LAC,clippers,1628379,Luke,Kennard,L. Kennard,luke-kennard,,,,10:01,114.3,114.3,108.7,108.7,5.6,5.6,0.0,0.0,0.0,0.0,0.0,0.0,0.0,1.5,1.5,0.043,0.043,105.42,105.42,87.85,21.0,0.027,2020-21,Playoffs
0042000222,1610612746,LA,Clippers,LAC,clippers,1629611,Terance,Mann,T. Mann,terance-mann,,,,1:07,100.0,100.0,0.0,0.0,100.0,100.0,0.0,0.0,0.0,0.0,0.0,0.0,0.0,0.0,0.0,0.0,0.0,128.96,128.96,107.46,3.0,0.0,2020-21,Playoffs
0042000222,1610612746,LA,Clippers,LAC,clippers,1629599,Amir,Coffey,A. Coffey,amir-coffey,,DNP - Coach's Decision,,,0.0,0.0,0.0,0.0,0.0,0.0,0.0,0.0,0.0,0.0,0.0,0.0,0.0,0.0,0.0,0.0,0.0,0.0,0.0,0.0,0.0,0.0,2020-21,Playoffs
0042000222,1610612746,LA,Clippers,LAC,clippers,1627812,Yogi,Ferrell,Y. Ferrell,yogi-ferrell,,DNP - Coach's Decision,,,0.0,0.0,0.0,0.0,0.0,0.0,0.0,0.0,0.0,0.0,0.0,0.0,0.0,0.0,0.0,0.0,0.0,0.0,0.0,0.0,0.0,0.0,2020-21,Playoffs
0042000222,1610612746,LA,Clippers,LAC,clippers,1630187,Daniel,Oturu,D. Oturu,daniel-oturu,,DNP - Coach's Decision,,,0.0,0.0,0.0,0.0,0.0,0.0,0.0,0.0,0.0,0.0,0.0,0.0,0.0,0.0,0.0,0.0,0.0,0.0,0.0,0.0,0.0,0.0,2020-21,Playoffs
0042000222,1610612746,LA,Clippers,LAC,clippers,202335,Patrick,Patterson,P. Patterson,patrick-patterson,,DNP - Coach's Decision,,,0.0,0.0,0.0,0.0,0.0,0.0,0.0,0.0,0.0,0.0,0.0,0.0,0.0,0.0,0.0,0.0,0.0,0.0,0.0,0.0,0.0,0.0,2020-21,Playoffs
0042000222,1610612746,LA,Clippers,LAC,clippers,200765,Rajon,Rondo,R. Rondo,rajon-rondo,,DNP - Coach's Decision,,,0.0,0.0,0.0,0.0,0.0,0.0,0.0,0.0,0.0,0.0,0.0,0.0,0.0,0.0,0.0,0.0,0.0,0.0,0.0,0.0,0.0,0.0,2020-21,Playoffs
0042000222,1610612762,Utah,Jazz,UTA,jazz,202711,Bojan,Bogdanovic,B. Bogdanovic,bojan-bogdanovic,F,,,38:48,121.8,121.8,114.1,114.1,7.7,7.7,0.033,0.5,7.7,0.0,0.108,0.06,15.4,0.813,0.82,0.145,0.145,96.49,96.49,80.41,78.0,0.088,2020-21,Playoffs
0042000222,1610612762,Utah,Jazz,UTA,jazz,1626220,Royce,O'Neale,R. O'Neale,royce-oneale,F,,,40:35,122.9,122.9,118.3,118.3,4.6,4.6,0.088,0.0,33.3,0.0,0.081,0.044,0.0,0.625,0.694,0.068,0.068,97.58,97.58,81.31,83.0,0.043,2020-21,Playoffs
0042000222,1610612762,Utah,Jazz,UTA,jazz,203497,Rudy,Gobert,R. Gobert,rudy-gobert,C,,,36:04,108.9,108.9,97.3,97.3,11.6,11.6,0.0,0.0,0.0,0.034,0.463,0.286,27.3,0.8,0.804,0.129,0.129,101.81,101.81,84.84,79.0,0.222,2020-21,Playoffs
0042000222,1610612762,Utah,Jazz,UTA,jazz,204060,Joe,Ingles,J. Ingles,joe-ingles,G,,,32:43,118.1,118.1,95.5,95.5,22.5,22.5,0.182,2.0,23.5,0.0,0.105,0.062,11.8,0.9,0.873,0.167,0.167,101.97,101.97,84.97,72.0,0.19,2020-21,Playoffs
0042000222,1610612762,Utah,Jazz,UTA,jazz,1628378,Donovan,Mitchell,D. Mitchell,donovan-mitchell,G,,,38:57,113.9,113.9,116.5,116.5,-2.5,-2.5,0.222,1.33,10.8,0.0,0.083,0.045,8.1,0.621,0.619,0.393,0.393,97.36,97.36,81.13,79.0,0.171,2020-21,Playoffs
0042000222,1610612762,Utah,Jazz,UTA,jazz,203903,Jordan,Clarkson,J. Clarkson,jordan-clarkson,,,,26:40,110.9,110.9,131.5,131.5,-20.6,-20.6,0.143,1.0,10.5,0.0,0.05,0.026,10.5,0.8,0.8,0.304,0.304,98.1,98.1,81.75,55.0,0.16,2020-21,Playoffs
0042000222,1610612762,Utah,Jazz,UTA,jazz,202324,Derrick,Favors,D. Favors,derrick-favors,,,,11:56,134.8,134.8,169.6,169.6,-34.8,-34.8,0.0,0.0,0.0,0.0,0.0,0.0,33.3,0.0,0.0,0.13,0.13,92.51,92.51,77.09,23.0,-0.132,2020-21,Playoffs
0042000222,1610612762,Utah,Jazz,UTA,jazz,1627777,Georges,Niang,G. Niang,georges-niang,,,,9:12,104.8,104.8,110.0,110.0,-5.2,-5.2,0.143,1.0,16.7,0.0,0.0,0.0,16.7,0.0,0.0,0.227,0.227,106.96,106.96,89.13,21.0,-0.207,2020-21,Playoffs
0042000222,1610612762,Utah,Jazz,UTA,jazz,1629671,Miye,Oni,M. Oni,miye-oni,,,,5:05,118.2,118.2,81.8,81.8,36.4,36.4,0.0,0.0,0.0,0.25,0.0,0.091,0.0,0.0,0.0,0.0,0.0,103.87,103.87,86.56,11.0,-0.043,2020-21,Playoffs
0042000222,1610612762,Utah,Jazz,UTA,jazz,1628962,Udoka,Azubuike,U. Azubuike,udoka-azubuike,,DNP - Coach's Decision,,,0.0,0.0,0.0,0.0,0.0,0.0,0.0,0.0,0.0,0.0,0.0,0.0,0.0,0.0,0.0,0.0,0.0,0.0,0.0,0.0,0.0,0.0,2020-21,Playoffs
0042000222,1610612762,Utah,Jazz,UTA,jazz,1629714,Jarrell,Brantley,J. Brantley,jarrell-brantley,,DNP - Coach's Decision,,,0.0,0.0,0.0,0.0,0.0,0.0,0.0,0.0,0.0,0.0,0.0,0.0,0.0,0.0,0.0,0.0,0.0,0.0,0.0,0.0,0.0,0.0,2020-21,Playoffs
0042000222,1610612762,Utah,Jazz,UTA,jazz,1630235,Trent,Forrest,T. Forrest,trent-forrest,,DNP - Coach's Decision,,,0.0,0.0,0.0,0.0,0.0,0.0,0.0,0.0,0.0,0.0,0.0,0.0,0.0,0.0,0.0,0.0,0.0,0.0,0.0,0.0,0.0,0.0,2020-21,Playoffs
0042000222,1610612762,Utah,Jazz,UTA,jazz,101141,Ersan,Ilyasova,E. Ilyasova,ersan-ilyasova,,DNP - Coach's Decision,,,0.0,0.0,0.0,0.0,0.0,0.0,0.0,0.0,0.0,0.0,0.0,0.0,0.0,0.0,0.0,0.0,0.0,0.0,0.0,0.0,0.0,0.0,2020-21,Playoffs
0042000222,1610612762,Utah,Jazz,UTA,jazz,1629752,Juwan,Morgan,J. Morgan,juwan-morgan,,DNP - Coach's Decision,,,0.0,0.0,0.0,0.0,0.0,0.0,0.0,0.0,0.0,0.0,0.0,0.0,0.0,0.0,0.0,0.0,0.0,0.0,0.0,0.0,0.0,0.0,2020-21,Playoffs
0042000222,1610612762,Utah,Jazz,UTA,jazz,1629744,Matt,Thomas,M. Thomas,matt-thomas,,DNP - Coach's Decision,,,0.0,0.0,0.0,0.0,0.0,0.0,0.0,0.0,0.0,0.0,0.0,0.0,0.0,0.0,0.0,0.0,0.0,0.0,0.0,0.0,0.0,0.0,2020-21,Playoffs
0042000223,1610612762,Utah,Jazz,UTA,jazz,202711,Bojan,Bogdanovic,B. Bogdanovic,bojan-bogdanovic,F,,,35:34,106.8,106.8,133.8,133.8,-27.0,-27.0,0.043,0.5,6.7,0.0,0.148,0.062,13.3,0.25,0.383,0.161,0.161,97.17,97.17,80.97,73.0,0.007,2020-21,Playoffs
0042000223,1610612762,Utah,Jazz,UTA,jazz,1626220,Royce,O'Neale,R. O'Neale,royce-oneale,F,,,35:15,106.9,106.9,132.9,132.9,-25.9,-25.9,0.1,1.0,16.7,0.027,0.179,0.092,16.7,0.75,0.75,0.12,0.12,96.68,96.68,80.57,72.0,0.073,2020-21,Playoffs
0042000223,1610612762,Utah,Jazz,UTA,jazz,203497,Rudy,Gobert,R. Gobert,rudy-gobert,C,,,29:42,100.0,100.0,128.3,128.3,-28.3,-28.3,0.0,0.0,0.0,0.138,0.2,0.169,10.0,0.571,0.685,0.143,0.143,97.78,97.78,81.48,61.0,0.14,2020-21,Playoffs
0042000223,1610612762,Utah,Jazz,UTA,jazz,204060,Joe,Ingles,J. Ingles,joe-ingles,G,,,28:16,103.4,103.4,132.7,132.7,-29.3,-29.3,0.143,0.0,14.3,0.0,0.143,0.069,0.0,0.773,0.8,0.171,0.171,96.79,96.79,80.66,59.0,0.198,2020-21,Playoffs
0042000223,1610612762,Utah,Jazz,UTA,jazz,1628378,Donovan,Mitchell,D. Mitchell,donovan-mitchell,G,,,32:20,113.6,113.6,130.8,130.8,-17.1,-17.1,0.267,2.0,12.5,0.0,0.192,0.082,6.3,0.563,0.573,0.354,0.354,97.24,97.24,81.03,66.0,0.154,2020-21,Playoffs
0042000223,1610612762,Utah,Jazz,UTA,jazz,203903,Jordan,Clarkson,J. Clarkson,jordan-clarkson,,,,31:17,110.0,110.0,150.0,150.0,-40.0,-40.0,0.167,3.0,15.0,0.063,0.038,0.052,5.0,0.438,0.438,0.239,0.239,92.06,92.06,76.72,60.0,0.038,2020-21,Playoffs
0042000223,1610612762,Utah,Jazz,UTA,jazz,202324,Derrick,Favors,D. Favors,derrick-favors,,,,14:52,127.6,127.6,138.7,138.7,-11.1,-11.1,0.0,0.0,0.0,0.118,0.222,0.154,66.7,1.0,1.0,0.083,0.083,96.86,96.86,80.72,29.0,0.014,2020-21,Playoffs
0042000223,1610612762,Utah,Jazz,UTA,jazz,1627777,Georges,Niang,G. Niang,georges-niang,,,,10:41,104.3,104.3,147.6,147.6,-43.3,-43.3,0.2,0.67,33.3,0.0,0.071,0.045,50.0,0.0,0.0,0.16,0.16,98.85,98.85,82.37,23.0,-0.069,2020-21,Playoffs
0042000223,1610612762,Utah,Jazz,UTA,jazz,1629671,Miye,Oni,M. Oni,miye-oni,,,,8:19,126.7,126.7,166.7,166.7,-40.0,-40.0,0.0,0.0,0.0,0.0,0.0,0.0,0.0,0.0,0.0,0.118,0.118,86.57,86.57,72.14,15.0,-0.054,2020-21,Playoffs
0042000223,1610612762,Utah,Jazz,UTA,jazz,1629744,Matt,Thomas,M. Thomas,matt-thomas,,,,3:26,133.3,133.3,171.4,171.4,-38.1,-38.1,0.0,0.0,0.0,0.0,0.5,0.25,0.0,0.0,0.0,0.0,0.0,90.87,90.87,75.73,6.0,0.0,2020-21,Playoffs
0042000223,1610612762,Utah,Jazz,UTA,jazz,1629752,Juwan,Morgan,J. Morgan,juwan-morgan,,,,3:26,133.3,133.3,171.4,171.4,-38.1,-38.1,0.333,0.0,100.0,0.0,0.0,0.0,0.0,0.0,0.0,0.0,0.0,90.87,90.87,75.73,6.0,0.0,2020-21,Playoffs
0042000223,1610612762,Utah,Jazz,UTA,jazz,1630235,Trent,Forrest,T. Forrest,trent-forrest,,,,3:26,133.3,133.3,171.4,171.4,-38.1,-38.1,0.0,0.0,0.0,0.0,0.0,0.0,0.0,1.0,1.0,0.333,0.333,90.87,90.87,75.73,6.0,0.205,2020-21,Playoffs
0042000223,1610612762,Utah,Jazz,UTA,jazz,101141,Ersan,Ilyasova,E. Ilyasova,ersan-ilyasova,,,,3:26,133.3,133.3,171.4,171.4,-38.1,-38.1,0.0,0.0,0.0,0.0,0.0,0.0,0.0,0.5,0.694,0.5,0.5,90.87,90.87,75.73,6.0,0.154,2020-21,Playoffs
0042000223,1610612762,Utah,Jazz,UTA,jazz,1629714,Jarrell,Brantley,J. Brantley,jarrell-brantley,,DNP - Coach's Decision,,,0.0,0.0,0.0,0.0,0.0,0.0,0.0,0.0,0.0,0.0,0.0,0.0,0.0,0.0,0.0,0.0,0.0,0.0,0.0,0.0,0.0,0.0,2020-21,Playoffs
0042000223,1610612762,Utah,Jazz,UTA,jazz,1630190,Elijah,Hughes,E. Hughes,elijah-hughes,,DNP - Coach's Decision,,,0.0,0.0,0.0,0.0,0.0,0.0,0.0,0.0,0.0,0.0,0.0,0.0,0.0,0.0,0.0,0.0,0.0,0.0,0.0,0.0,0.0,0.0,2020-21,Playoffs
0042000223,1610612746,LA,Clippers,LAC,clippers,202695,Kawhi,Leonard,K. Leonard,kawhi-leonard,F,,,37:51,134.7,134.7,111.7,111.7,23.0,23.0,0.192,2.5,15.2,0.069,0.25,0.174,6.1,0.604,0.649,0.346,0.346,96.36,96.36,80.3,75.0,0.255,2020-21,Playoffs
0042000223,1610612746,LA,Clippers,LAC,clippers,202694,Marcus,Morris Sr.,M. Morris Sr.,marcus-morris-sr,F,,,21:40,127.9,127.9,118.6,118.6,9.3,9.3,0.05,0.0,16.7,0.05,0.043,0.047,0.0,0.6,0.6,0.104,0.104,95.26,95.26,79.38,43.0,0.062,2020-21,Playoffs
0042000223,1610612746,LA,Clippers,LAC,clippers,201587,Nicolas,Batum,N. Batum,nicolas-batum,C,,,35:08,140.0,140.0,105.7,105.7,34.3,34.3,0.061,2.0,15.4,0.04,0.158,0.111,7.7,0.889,0.86,0.151,0.151,95.64,95.64,79.7,70.0,0.143,2020-21,Playoffs
0042000223,1610612746,LA,Clippers,LAC,clippers,202331,Paul,George,P. George,paul-george,G,,,37:59,135.5,135.5,115.6,115.6,19.9,19.9,0.185,1.25,14.7,0.031,0.05,0.042,11.8,0.625,0.623,0.345,0.345,96.67,96.67,80.56,76.0,0.123,2020-21,Playoffs
0042000223,1610612746,LA,Clippers,LAC,clippers,202704,Reggie,Jackson,R. Jackson,reggie-jackson,G,,,29:02,134.5,134.5,108.5,108.5,26.0,26.0,0.12,0.0,27.3,0.0,0.036,0.02,0.0,1.063,1.063,0.129,0.129,96.74,96.74,80.62,58.0,0.148,2020-21,Playoffs
0042000223,1610612746,LA,Clippers,LAC,clippers,201976,Patrick,Beverley,P. Beverley,patrick-beverley,,,,16:03,140.6,140.6,116.1,116.1,24.5,24.5,0.071,0.0,20.0,0.0,0.125,0.057,0.0,0.667,0.81,0.095,0.095,94.17,94.17,78.47,32.0,0.081,2020-21,Playoffs
0042000223,1610612746,LA,Clippers,LAC,clippers,1627826,Ivica,Zubac,I. Zubac,ivica-zubac,,,,13:02,145.8,145.8,103.8,103.8,42.0,42.0,0.0,0.0,0.0,0.188,0.231,0.207,20.0,0.25,0.307,0.156,0.156,92.07,92.07,76.73,24.0,0.061,2020-21,Playoffs
0042000223,1610612746,LA,Clippers,LAC,clippers,1628379,Luke,Kennard,L. Kennard,luke-kennard,,,,17:16,138.2,138.2,97.2,97.2,41.0,41.0,0.067,0.0,20.0,0.0,0.125,0.061,0.0,0.75,0.75,0.1,0.1,97.3,97.3,81.08,34.0,0.059,2020-21,Playoffs
0042000223,1610612746,LA,Clippers,LAC,clippers,1629611,Terance,Mann,T. Mann,terance-mann,,,,22:19,147.7,147.7,100.0,100.0,47.7,47.7,0.048,1.0,12.5,0.053,0.143,0.1,12.5,0.5,0.595,0.137,0.137,94.67,94.67,78.89,44.0,0.049,2020-21,Playoffs
0042000223,1610612746,LA,Clippers,LAC,clippers,1629599,Amir,Coffey,A. Coffey,amir-coffey,,,,3:26,171.4,171.4,133.3,133.3,38.1,38.1,0.25,0.0,50.0,0.0,0.0,0.0,0.0,0.0,0.0,0.125,0.125,90.87,90.87,75.73,7.0,0.0,2020-21,Playoffs
0042000223,1610612746,LA,Clippers,LAC,clippers,1627812,Yogi,Ferrell,Y. Ferrell,yogi-ferrell,,,,3:26,171.4,171.4,133.3,133.3,38.1,38.1,0.333,0.0,50.0,0.0,0.5,0.25,0.0,1.0,1.0,0.125,0.125,90.87,90.87,75.73,7.0,0.205,2020-21,Playoffs
0042000223,1610612746,LA,Clippers,LAC,clippers,1630187,Daniel,Oturu,D. Oturu,daniel-oturu,,,,2:48,180.0,180.0,160.0,160.0,20.0,20.0,0.0,0.0,0.0,1.0,0.0,0.5,0.0,1.0,1.0,0.167,0.167,85.71,85.71,71.43,5.0,0.143,2020-21,Playoffs
0042000223,1610612746,LA,Clippers,LAC,clippers,202326,DeMarcus,Cousins,D. Cousins,demarcus-cousins,,DNP - Coach's Decision,,,0.0,0.0,0.0,0.0,0.0,0.0,0.0,0.0,0.0,0.0,0.0,0.0,0.0,0.0,0.0,0.0,0.0,0.0,0.0,0.0,0.0,0.0,2020-21,Playoffs
0042000223,1610612746,LA,Clippers,LAC,clippers,202335,Patrick,Patterson,P. Patterson,patrick-patterson,,DNP - Coach's Decision,,,0.0,0.0,0.0,0.0,0.0,0.0,0.0,0.0,0.0,0.0,0.0,0.0,0.0,0.0,0.0,0.0,0.0,0.0,0.0,0.0,0.0,0.0,2020-21,Playoffs
0042000223,1610612746,LA,Clippers,LAC,clippers,200765,Rajon,Rondo,R. Rondo,rajon-rondo,,DNP - Coach's Decision,,,0.0,0.0,0.0,0.0,0.0,0.0,0.0,0.0,0.0,0.0,0.0,0.0,0.0,0.0,0.0,0.0,0.0,0.0,0.0,0.0,0.0,0.0,2020-21,Playoffs
0042000224,1610612762,Utah,Jazz,UTA,jazz,202711,Bojan,Bogdanovic,B. Bogdanovic,bojan-bogdanovic,F,,,38:55,121.3,121.3,130.3,130.3,-8.9,-8.9,0.217,5.0,25.0,0.0,0.091,0.044,5.0,0.583,0.634,0.181,0.181,93.12,93.12,77.6,75.0,0.095,2020-21,Playoffs
0042000224,1610612762,Utah,Jazz,UTA,jazz,1626220,Royce,O'Neale,R. O'Neale,royce-oneale,F,,,36:58,110.8,110.8,128.8,128.8,-18.0,-18.0,0.083,1.0,20.0,0.0,0.229,0.118,20.0,0.667,0.667,0.099,0.099,95.44,95.44,79.53,74.0,0.064,2020-21,Playoffs
0042000224,1610612762,Utah,Jazz,UTA,jazz,203497,Rudy,Gobert,R. Gobert,rudy-gobert,C,,,31:31,111.3,111.3,111.1,111.1,0.2,0.2,0.0,0.0,0.0,0.077,0.207,0.145,0.0,1.0,0.955,0.094,0.094,95.19,95.19,79.32,62.0,0.115,2020-21,Playoffs
0042000224,1610612762,Utah,Jazz,UTA,jazz,204060,Joe,Ingles,J. Ingles,joe-ingles,G,,,27:26,127.8,127.8,125.0,125.0,2.8,2.8,0.188,0.0,25.0,0.0,0.143,0.07,0.0,1.056,1.056,0.155,0.155,92.73,92.73,77.28,54.0,0.17,2020-21,Playoffs
0042000224,1610612762,Utah,Jazz,UTA,jazz,1628378,Donovan,Mitchell,D. Mitchell,donovan-mitchell,G,,,39:40,116.7,116.7,134.2,134.2,-17.5,-17.5,0.25,1.0,11.6,0.028,0.125,0.074,11.6,0.462,0.567,0.442,0.442,94.99,94.99,79.16,78.0,0.113,2020-21,Playoffs
0042000224,1610612762,Utah,Jazz,UTA,jazz,203903,Jordan,Clarkson,J. Clarkson,jordan-clarkson,,,,30:11,95.1,95.1,123.3,123.3,-28.3,-28.3,0.133,0.67,11.8,0.029,0.129,0.077,17.6,0.333,0.333,0.221,0.221,96.21,96.21,80.18,61.0,0.005,2020-21,Playoffs
0042000224,1610612762,Utah,Jazz,UTA,jazz,202324,Derrick,Favors,D. Favors,derrick-favors,,,,15:20,113.3,113.3,154.8,154.8,-41.5,-41.5,0.0,0.0,0.0,0.222,0.0,0.129,0.0,0.25,0.25,0.108,0.108,95.48,95.48,79.57,30.0,-0.014,2020-21,Playoffs
0042000224,1610612762,Utah,Jazz,UTA,jazz,1627777,Georges,Niang,G. Niang,georges-niang,,,,12:52,84.0,84.0,141.7,141.7,-57.7,-57.7,0.333,0.0,50.0,0.0,0.154,0.074,0.0,0.0,0.0,0.074,0.074,91.4,91.4,76.17,25.0,-0.053,2020-21,Playoffs
0042000224,1610612762,Utah,Jazz,UTA,jazz,1629671,Miye,Oni,M. Oni,miye-oni,,,,2:31,16.7,16.7,0.0,0.0,16.7,16.7,0.0,0.0,0.0,0.0,0.0,0.0,0.0,0.0,0.0,0.167,0.167,104.9,104.9,87.42,6.0,0.5,2020-21,Playoffs
0042000224,1610612762,Utah,Jazz,UTA,jazz,1630235,Trent,Forrest,T. Forrest,trent-forrest,,,,1:09,33.3,33.3,0.0,0.0,33.3,33.3,0.0,0.0,0.0,0.0,0.0,0.0,0.0,0.0,0.0,0.333,0.333,104.35,104.35,86.96,3.0,0.5,2020-21,Playoffs
0042000224,1610612762,Utah,Jazz,UTA,jazz,1629714,Jarrell,Brantley,J. Brantley,jarrell-brantley,,,,1:09,33.3,33.3,0.0,0.0,33.3,33.3,0.0,0.0,0.0,0.0,0.0,0.0,0.0,0.0,0.568,0.333,0.333,104.35,104.35,86.96,3.0,0.0,2020-21,Playoffs
0042000224,1610612762,Utah,Jazz,UTA,jazz,1628962,Udoka,Azubuike,U. Azubuike,udoka-azubuike,,,,1:09,33.3,33.3,0.0,0.0,33.3,33.3,0.0,0.0,0.0,0.0,1.0,0.5,0.0,0.0,0.0,0.0,0.0,104.35,104.35,86.96,3.0,-0.5,2020-21,Playoffs
0042000224,1610612762,Utah,Jazz,UTA,jazz,1629744,Matt,Thomas,M. Thomas,matt-thomas,,,,1:09,33.3,33.3,0.0,0.0,33.3,33.3,0.0,0.0,0.0,0.0,0.0,0.0,0.0,0.0,0.0,0.0,0.0,104.35,104.35,86.96,3.0,0.0,2020-21,Playoffs
0042000224,1610612762,Utah,Jazz,UTA,jazz,101141,Ersan,Ilyasova,E. Ilyasova,ersan-ilyasova,,DNP - Coach's Decision,,,0.0,0.0,0.0,0.0,0.0,0.0,0.0,0.0,0.0,0.0,0.0,0.0,0.0,0.0,0.0,0.0,0.0,0.0,0.0,0.0,0.0,0.0,2020-21,Playoffs
0042000224,1610612762,Utah,Jazz,UTA,jazz,1629752,Juwan,Morgan,J. Morgan,juwan-morgan,,DNP - Coach's Decision,,,0.0,0.0,0.0,0.0,0.0,0.0,0.0,0.0,0.0,0.0,0.0,0.0,0.0,0.0,0.0,0.0,0.0,0.0,0.0,0.0,0.0,0.0,2020-21,Playoffs
0042000224,1610612746,LA,Clippers,LAC,clippers,202695,Kawhi,Leonard,K. Leonard,kawhi-leonard,F,,,34:18,125.0,125.0,102.9,102.9,22.1,22.1,0.188,1.5,10.0,0.059,0.156,0.106,6.7,0.553,0.627,0.355,0.355,95.86,95.86,79.88,68.0,0.194,2020-21,Playoffs
0042000224,1610612746,LA,Clippers,LAC,clippers,202694,Marcus,Morris Sr.,M. Morris Sr.,marcus-morris-sr,F,,,34:50,130.0,130.0,115.9,115.9,14.1,14.1,0.05,0.0,6.3,0.032,0.167,0.098,0.0,0.773,0.826,0.192,0.192,95.77,95.77,79.81,70.0,0.164,2020-21,Playoffs
0042000224,1610612746,LA,Clippers,LAC,clippers,201587,Nicolas,Batum,N. Batum,nicolas-batum,C,,,32:11,129.7,129.7,116.1,116.1,13.6,13.6,0.174,0.0,30.8,0.067,0.172,0.119,0.0,0.313,0.394,0.123,0.123,93.96,93.96,78.3,64.0,0.108,2020-21,Playoffs
0042000224,1610612746,LA,Clippers,LAC,clippers,202331,Paul,George,P. George,paul-george,G,,,40:14,127.3,127.3,120.5,120.5,6.8,6.8,0.174,1.0,12.5,0.061,0.189,0.129,12.5,0.55,0.635,0.326,0.326,92.46,92.46,77.05,77.0,0.15,2020-21,Playoffs
0042000224,1610612746,LA,Clippers,LAC,clippers,202704,Reggie,Jackson,R. Jackson,reggie-jackson,G,,,28:32,131.5,131.5,117.0,117.0,14.5,14.5,0.13,0.0,42.9,0.0,0.036,0.02,0.0,0.5,0.5,0.066,0.066,90.0,90.0,75.0,54.0,0.027,2020-21,Playoffs
0042000224,1610612746,LA,Clippers,LAC,clippers,201976,Patrick,Beverley,P. Beverley,patrick-beverley,,,,20:20,116.7,116.7,107.0,107.0,9.7,9.7,0.273,3.0,60.0,0.0,0.176,0.077,20.0,1.0,1.0,0.043,0.043,100.33,100.33,83.61,42.0,0.121,2020-21,Playoffs
0042000224,1610612746,LA,Clippers,LAC,clippers,1629611,Terance,Mann,T. Mann,terance-mann,,,,15:13,140.0,140.0,81.8,81.8,58.2,58.2,0.0,0.0,0.0,0.071,0.167,0.125,0.0,0.2,0.276,0.143,0.143,99.36,99.36,82.8,30.0,0.01,2020-21,Playoffs
0042000224,1610612746,LA,Clippers,LAC,clippers,1627826,Ivica,Zubac,I. Zubac,ivica-zubac,,,,17:44,120.0,120.0,116.7,116.7,3.3,3.3,0.1,0.33,11.1,0.143,0.188,0.167,33.3,1.0,0.84,0.205,0.205,96.09,96.09,80.08,35.0,0.052,2020-21,Playoffs
0042000224,1610612746,LA,Clippers,LAC,clippers,1628379,Luke,Kennard,L. Kennard,luke-kennard,,,,12:07,126.1,126.1,100.0,100.0,26.1,26.1,0.0,0.0,0.0,0.0,0.071,0.04,0.0,0.8,0.8,0.192,0.192,91.11,91.11,75.93,23.0,0.143,2020-21,Playoffs
0042000224,1610612746,LA,Clippers,LAC,clippers,1630187,Daniel,Oturu,D. Oturu,daniel-oturu,,,,1:09,0.0,0.0,33.3,33.3,-33.3,-33.3,0.0,0.0,0.0,0.0,0.0,0.0,0.0,0.0,0.0,0.5,0.5,104.35,104.35,86.96,2.0,0.5,2020-21,Playoffs
0042000224,1610612746,LA,Clippers,LAC,clippers,1627812,Yogi,Ferrell,Y. Ferrell,yogi-ferrell,,,,1:09,0.0,0.0,33.3,33.3,-33.3,-33.3,0.0,0.0,0.0,0.0,1.0,0.5,0.0,0.0,0.0,0.0,0.0,104.35,104.35,86.96,2.0,-0.5,2020-21,Playoffs
0042000224,1610612746,LA,Clippers,LAC,clippers,1629599,Amir,Coffey,A. Coffey,amir-coffey,,,,1:09,0.0,0.0,33.3,33.3,-33.3,-33.3,0.0,0.0,0.0,0.0,0.0,0.0,0.0,0.0,0.0,0.0,0.0,104.35,104.35,86.96,2.0,0.0,2020-21,Playoffs
0042000224,1610612746,LA,Clippers,LAC,clippers,1630206,Jay,Scrubb,J. Scrubb,jay-scrubb,,,,1:04,0.0,0.0,0.0,0.0,0.0,0.0,0.0,0.0,0.0,0.0,0.0,0.0,0.0,0.0,0.0,0.0,0.0,112.5,112.5,93.75,2.0,0.0,2020-21,Playoffs
0042000224,1610612746,LA,Clippers,LAC,clippers,202326,DeMarcus,Cousins,D. Cousins,demarcus-cousins,,DNP - Coach's Decision,,,0.0,0.0,0.0,0.0,0.0,0.0,0.0,0.0,0.0,0.0,0.0,0.0,0.0,0.0,0.0,0.0,0.0,0.0,0.0,0.0,0.0,0.0,2020-21,Playoffs
0042000224,1610612746,LA,Clippers,LAC,clippers,202335,Patrick,Patterson,P. Patterson,patrick-patterson,,DNP - Coach's Decision,,,0.0,0.0,0.0,0.0,0.0,0.0,0.0,0.0,0.0,0.0,0.0,0.0,0.0,0.0,0.0,0.0,0.0,0.0,0.0,0.0,0.0,0.0,2020-21,Playoffs
0042000225,1610612746,LA,Clippers,LAC,clippers,1629611,Terance,Mann,T. Mann,terance-mann,F,,,25:42,138.5,138.5,107.5,107.5,30.9,30.9,0.1,0.0,16.7,0.059,0.032,0.042,0.0,0.563,0.637,0.185,0.185,98.05,98.05,81.71,52.0,0.106,2020-21,Playoffs
0042000225,1610612746,LA,Clippers,LAC,clippers,202694,Marcus,Morris Sr.,M. Morris Sr.,marcus-morris-sr,F,,,40:25,133.8,133.8,109.9,109.9,23.9,23.9,0.074,0.0,10.0,0.029,0.023,0.026,0.0,0.719,0.704,0.202,0.202,95.61,95.61,79.67,80.0,0.127,2020-21,Playoffs
0042000225,1610612746,LA,Clippers,LAC,clippers,201587,Nicolas,Batum,N. Batum,nicolas-batum,C,,,42:12,129.8,129.8,115.7,115.7,14.1,14.1,0.029,0.0,14.3,0.0,0.167,0.096,0.0,0.75,0.75,0.067,0.067,94.98,94.98,79.15,84.0,0.085,2020-21,Playoffs
0042000225,1610612746,LA,Clippers,LAC,clippers,202331,Paul,George,P. George,paul-george,G,,,40:25,131.3,131.3,118.5,118.5,12.7,12.7,0.2,1.0,14.3,0.091,0.325,0.219,14.3,0.614,0.689,0.341,0.341,95.61,95.61,79.68,80.0,0.233,2020-21,Playoffs
0042000225,1610612746,LA,Clippers,LAC,clippers,202704,Reggie,Jackson,R. Jackson,reggie-jackson,G,,,36:39,137.0,137.0,118.9,118.9,18.1,18.1,0.12,1.5,14.3,0.0,0.054,0.032,9.5,0.633,0.674,0.237,0.237,96.26,96.26,80.22,73.0,0.101,2020-21,Playoffs
0042000225,1610612746,LA,Clippers,LAC,clippers,201976,Patrick,Beverley,P. Beverley,patrick-beverley,,,,16:47,87.9,87.9,97.0,97.0,-9.1,-9.1,0.2,2.0,25.0,0.0,0.133,0.057,12.5,0.5,0.5,0.146,0.146,94.36,94.36,78.63,33.0,0.056,2020-21,Playoffs
0042000225,1610612746,LA,Clippers,LAC,clippers,1627826,Ivica,Zubac,I. Zubac,ivica-zubac,,,,8:21,105.9,105.9,147.1,147.1,-41.2,-41.2,0.0,0.0,0.0,0.167,0.25,0.2,33.3,0.0,0.532,0.158,0.158,97.72,97.72,81.44,17.0,0.013,2020-21,Playoffs
0042000225,1610612746,LA,Clippers,LAC,clippers,1628379,Luke,Kennard,L. Kennard,luke-kennard,,,,20:09,100.0,100.0,120.0,120.0,-20.0,-20.0,0.0,0.0,0.0,0.053,0.0,0.029,0.0,0.5,0.5,0.125,0.125,98.87,98.87,82.39,43.0,0.022,2020-21,Playoffs
0042000225,1610612746,LA,Clippers,LAC,clippers,200765,Rajon,Rondo,R. Rondo,rajon-rondo,,,,9:06,70.6,70.6,133.3,133.3,-62.7,-62.7,0.5,2.0,50.0,0.1,0.5,0.25,25.0,0.0,0.0,0.1,0.1,92.31,92.31,76.92,17.0,0.163,2020-21,Playoffs
0042000225,1610612746,LA,Clippers,LAC,clippers,1629599,Amir,Coffey,A. Coffey,amir-coffey,,,,0:07,0.0,0.0,0.0,0.0,0.0,0.0,0.0,0.0,0.0,0.0,0.0,0.0,0.0,0.0,0.0,0.0,0.0,405.63,405.63,338.03,1.0,0.0,2020-21,Playoffs
0042000225,1610612746,LA,Clippers,LAC,clippers,1630206,Jay,Scrubb,J. Scrubb,jay-scrubb,,,,0:07,0.0,0.0,0.0,0.0,0.0,0.0,0.0,0.0,0.0,0.0,1.0,1.0,0.0,0.0,0.0,0.0,0.0,405.63,405.63,338.03,1.0,0.0,2020-21,Playoffs
0042000225,1610612746,LA,Clippers,LAC,clippers,202326,DeMarcus,Cousins,D. Cousins,demarcus-cousins,,DNP - Coach's Decision,,,0.0,0.0,0.0,0.0,0.0,0.0,0.0,0.0,0.0,0.0,0.0,0.0,0.0,0.0,0.0,0.0,0.0,0.0,0.0,0.0,0.0,0.0,2020-21,Playoffs
0042000225,1610612746,LA,Clippers,LAC,clippers,1627812,Yogi,Ferrell,Y. Ferrell,yogi-ferrell,,DNP - Coach's Decision,,,0.0,0.0,0.0,0.0,0.0,0.0,0.0,0.0,0.0,0.0,0.0,0.0,0.0,0.0,0.0,0.0,0.0,0.0,0.0,0.0,0.0,0.0,2020-21,Playoffs
0042000225,1610612746,LA,Clippers,LAC,clippers,1630187,Daniel,Oturu,D. Oturu,daniel-oturu,,DNP - Coach's Decision,,,0.0,0.0,0.0,0.0,0.0,0.0,0.0,0.0,0.0,0.0,0.0,0.0,0.0,0.0,0.0,0.0,0.0,0.0,0.0,0.0,0.0,0.0,2020-21,Playoffs
0042000225,1610612746,LA,Clippers,LAC,clippers,202335,Patrick,Patterson,P. Patterson,patrick-patterson,,DNP - Coach's Decision,,,0.0,0.0,0.0,0.0,0.0,0.0,0.0,0.0,0.0,0.0,0.0,0.0,0.0,0.0,0.0,0.0,0.0,0.0,0.0,0.0,0.0,0.0,2020-21,Playoffs
0042000225,1610612762,Utah,Jazz,UTA,jazz,202711,Bojan,Bogdanovic,B. Bogdanovic,bojan-bogdanovic,F,,,38:36,123.1,123.1,134.2,134.2,-11.1,-11.1,0.0,0.0,0.0,0.0,0.103,0.044,12.0,0.725,0.735,0.278,0.278,95.75,95.75,79.79,78.0,0.103,2020-21,Playoffs
0042000225,1610612762,Utah,Jazz,UTA,jazz,1626220,Royce,O'Neale,R. O'Neale,royce-oneale,F,,,41:09,123.5,123.5,133.8,133.8,-10.3,-10.3,0.103,3.0,18.8,0.025,0.194,0.099,6.3,0.455,0.487,0.138,0.138,93.89,93.89,78.24,81.0,0.045,2020-21,Playoffs
0042000225,1610612762,Utah,Jazz,UTA,jazz,203497,Rudy,Gobert,R. Gobert,rudy-gobert,C,,,41:30,120.0,120.0,125.0,125.0,-5.0,-5.0,0.04,1.0,7.1,0.119,0.152,0.133,7.1,0.75,0.738,0.14,0.14,92.52,92.52,77.1,80.0,0.106,2020-21,Playoffs
0042000225,1610612762,Utah,Jazz,UTA,jazz,204060,Joe,Ingles,J. Ingles,joe-ingles,G,,,32:10,101.4,101.4,119.7,119.7,-18.2,-18.2,0.333,3.0,33.3,0.029,0.192,0.1,11.1,0.563,0.615,0.16,0.16,100.73,100.73,83.94,69.0,0.154,2020-21,Playoffs
0042000225,1610612762,Utah,Jazz,UTA,jazz,1628378,Donovan,Mitchell,D. Mitchell,donovan-mitchell,G,,,38:08,121.3,121.3,124.7,124.7,-3.3,-3.3,0.217,2.5,17.9,0.0,0.161,0.072,7.1,0.421,0.485,0.264,0.264,93.14,93.14,77.62,75.0,0.105,2020-21,Playoffs
0042000225,1610612762,Utah,Jazz,UTA,jazz,203903,Jordan,Clarkson,J. Clarkson,jordan-clarkson,,,,29:02,118.6,118.6,112.1,112.1,6.6,6.6,0.0,0.0,0.0,0.0,0.111,0.058,13.3,0.583,0.582,0.224,0.224,96.71,96.71,80.59,59.0,0.074,2020-21,Playoffs
0042000225,1610612762,Utah,Jazz,UTA,jazz,202324,Derrick,Favors,D. Favors,derrick-favors,,,,6:27,75.0,75.0,126.7,126.7,-51.7,-51.7,0.0,0.0,0.0,0.0,0.167,0.091,100.0,0.0,0.0,0.063,0.063,115.35,115.35,96.12,16.0,-0.042,2020-21,Playoffs
0042000225,1610612762,Utah,Jazz,UTA,jazz,1629671,Miye,Oni,M. Oni,miye-oni,,,,4:21,63.6,63.6,115.4,115.4,-51.7,-51.7,0.0,0.0,0.0,0.0,0.0,0.0,0.0,0.0,0.0,0.0,0.0,132.46,132.46,110.39,11.0,-0.08,2020-21,Playoffs
0042000225,1610612762,Utah,Jazz,UTA,jazz,1627777,Georges,Niang,G. Niang,georges-niang,,,,8:36,72.2,72.2,89.5,89.5,-17.3,-17.3,0.0,0.0,0.0,0.0,0.125,0.059,33.3,0.5,0.5,0.158,0.158,103.24,103.24,86.03,18.0,0.0,2020-21,Playoffs
0042000225,1610612762,Utah,Jazz,UTA,jazz,1628962,Udoka,Azubuike,U. Azubuike,udoka-azubuike,,DNP - Coach's Decision,,,0.0,0.0,0.0,0.0,0.0,0.0,0.0,0.0,0.0,0.0,0.0,0.0,0.0,0.0,0.0,0.0,0.0,0.0,0.0,0.0,0.0,0.0,2020-21,Playoffs
0042000225,1610612762,Utah,Jazz,UTA,jazz,1629714,Jarrell,Brantley,J. Brantley,jarrell-brantley,,DNP - Coach's Decision,,,0.0,0.0,0.0,0.0,0.0,0.0,0.0,0.0,0.0,0.0,0.0,0.0,0.0,0.0,0.0,0.0,0.0,0.0,0.0,0.0,0.0,0.0,2020-21,Playoffs
0042000225,1610612762,Utah,Jazz,UTA,jazz,1630235,Trent,Forrest,T. Forrest,trent-forrest,,DNP - Coach's Decision,,,0.0,0.0,0.0,0.0,0.0,0.0,0.0,0.0,0.0,0.0,0.0,0.0,0.0,0.0,0.0,0.0,0.0,0.0,0.0,0.0,0.0,0.0,2020-21,Playoffs
0042000225,1610612762,Utah,Jazz,UTA,jazz,101141,Ersan,Ilyasova,E. Ilyasova,ersan-ilyasova,,DNP - Coach's Decision,,,0.0,0.0,0.0,0.0,0.0,0.0,0.0,0.0,0.0,0.0,0.0,0.0,0.0,0.0,0.0,0.0,0.0,0.0,0.0,0.0,0.0,0.0,2020-21,Playoffs
0042000225,1610612762,Utah,Jazz,UTA,jazz,1629752,Juwan,Morgan,J. Morgan,juwan-morgan,,DNP - Coach's Decision,,,0.0,0.0,0.0,0.0,0.0,0.0,0.0,0.0,0.0,0.0,0.0,0.0,0.0,0.0,0.0,0.0,0.0,0.0,0.0,0.0,0.0,0.0,2020-21,Playoffs
0042000225,1610612762,Utah,Jazz,UTA,jazz,1629744,Matt,Thomas,M. Thomas,matt-thomas,,DNP - Coach's Decision,,,0.0,0.0,0.0,0.0,0.0,0.0,0.0,0.0,0.0,0.0,0.0,0.0,0.0,0.0,0.0,0.0,0.0,0.0,0.0,0.0,0.0,0.0,2020-21,Playoffs
0042000226,1610612762,Utah,Jazz,UTA,jazz,202711,Bojan,Bogdanovic,B. Bogdanovic,bojan-bogdanovic,F,,,35:25,136.8,136.8,137.1,137.1,-0.4,-0.4,0.0,0.0,0.0,0.1,0.04,0.073,14.3,0.583,0.583,0.173,0.173,93.52,93.52,77.93,68.0,0.025,2020-21,Playoffs
0042000226,1610612762,Utah,Jazz,UTA,jazz,1626220,Royce,O'Neale,R. O'Neale,royce-oneale,F,,,41:33,131.3,131.3,138.8,138.8,-7.5,-7.5,0.034,1.0,7.1,0.108,0.194,0.147,7.1,0.833,0.844,0.134,0.134,92.43,92.43,77.02,80.0,0.114,2020-21,Playoffs
0042000226,1610612762,Utah,Jazz,UTA,jazz,203497,Rudy,Gobert,R. Gobert,rudy-gobert,C,,,42:08,122.5,122.5,154.4,154.4,-31.9,-31.9,0.071,0.67,15.4,0.171,0.097,0.139,23.1,0.833,0.773,0.111,0.111,90.57,90.57,75.48,80.0,0.058,2020-21,Playoffs
0042000226,1610612762,Utah,Jazz,UTA,jazz,1628378,Donovan,Mitchell,D. Mitchell,donovan-mitchell,G,,,40:09,135.1,135.1,141.3,141.3,-6.2,-6.2,0.375,4.5,21.4,0.027,0.258,0.132,4.8,0.611,0.63,0.355,0.355,93.84,93.84,78.2,77.0,0.167,2020-21,Playoffs
0042000226,1610612762,Utah,Jazz,UTA,jazz,201144,Mike,Conley,M. Conley,mike-conley,G,,,25:57,124.0,124.0,145.8,145.8,-21.8,-21.8,0.143,0.5,16.7,0.04,0.053,0.045,33.3,0.188,0.282,0.234,0.234,90.65,90.65,75.54,50.0,-0.046,2020-21,Playoffs
0042000226,1610612762,Utah,Jazz,UTA,jazz,202324,Derrick,Favors,D. Favors,derrick-favors,,,,5:52,161.5,161.5,64.3,64.3,97.3,97.3,0.0,0.0,0.0,0.0,0.429,0.273,0.0,1.0,1.0,0.071,0.071,110.42,110.42,92.02,13.0,0.121,2020-21,Playoffs
0042000226,1610612762,Utah,Jazz,UTA,jazz,204060,Joe,Ingles,J. Ingles,joe-ingles,,,,17:51,100.0,100.0,155.9,155.9,-55.9,-55.9,0.182,0.0,33.3,0.0,0.0,0.0,0.0,0.625,0.625,0.093,0.093,92.79,92.79,77.33,35.0,0.037,2020-21,Playoffs
0042000226,1610612762,Utah,Jazz,UTA,jazz,1627777,Georges,Niang,G. Niang,georges-niang,,,,4:37,130.0,130.0,130.0,130.0,0.0,0.0,0.0,0.0,0.0,0.0,0.2,0.1,0.0,0.0,0.0,0.0,0.0,103.97,103.97,86.64,10.0,0.043,2020-21,Playoffs
0042000226,1610612762,Utah,Jazz,UTA,jazz,203903,Jordan,Clarkson,J. Clarkson,jordan-clarkson,,,,25:51,125.5,125.5,130.8,130.8,-5.3,-5.3,0.143,2.0,10.0,0.0,0.148,0.077,5.0,0.563,0.606,0.295,0.295,95.65,95.65,79.71,51.0,0.151,2020-21,Playoffs
0042000226,1610612762,Utah,Jazz,UTA,jazz,1630235,Trent,Forrest,T. Forrest,trent-forrest,,,,0:38,0.0,0.0,0.0,0.0,0.0,0.0,0.0,0.0,0.0,0.0,0.0,0.0,0.0,0.0,0.0,0.0,0.0,113.98,113.98,94.99,2.0,0.0,2020-21,Playoffs
0042000226,1610612762,Utah,Jazz,UTA,jazz,1629714,Jarrell,Brantley,J. Brantley,jarrell-brantley,,DNP - Coach's Decision,,,0.0,0.0,0.0,0.0,0.0,0.0,0.0,0.0,0.0,0.0,0.0,0.0,0.0,0.0,0.0,0.0,0.0,0.0,0.0,0.0,0.0,0.0,2020-21,Playoffs
0042000226,1610612762,Utah,Jazz,UTA,jazz,101141,Ersan,Ilyasova,E. Ilyasova,ersan-ilyasova,,DNP - Coach's Decision,,,0.0,0.0,0.0,0.0,0.0,0.0,0.0,0.0,0.0,0.0,0.0,0.0,0.0,0.0,0.0,0.0,0.0,0.0,0.0,0.0,0.0,0.0,2020-21,Playoffs
0042000226,1610612762,Utah,Jazz,UTA,jazz,1629752,Juwan,Morgan,J. Morgan,juwan-morgan,,DNP - Coach's Decision,,,0.0,0.0,0.0,0.0,0.0,0.0,0.0,0.0,0.0,0.0,0.0,0.0,0.0,0.0,0.0,0.0,0.0,0.0,0.0,0.0,0.0,0.0,2020-21,Playoffs
0042000226,1610612762,Utah,Jazz,UTA,jazz,1629671,Miye,Oni,M. Oni,miye-oni,,DNP - Coach's Decision,,,0.0,0.0,0.0,0.0,0.0,0.0,0.0,0.0,0.0,0.0,0.0,0.0,0.0,0.0,0.0,0.0,0.0,0.0,0.0,0.0,0.0,0.0,2020-21,Playoffs
0042000226,1610612762,Utah,Jazz,UTA,jazz,1629744,Matt,Thomas,M. Thomas,matt-thomas,,DNP - Coach's Decision,,,0.0,0.0,0.0,0.0,0.0,0.0,0.0,0.0,0.0,0.0,0.0,0.0,0.0,0.0,0.0,0.0,0.0,0.0,0.0,0.0,0.0,0.0,2020-21,Playoffs
0042000226,1610612746,LA,Clippers,LAC,clippers,1629611,Terance,Mann,T. Mann,terance-mann,F,,,36:25,144.3,144.3,132.9,132.9,11.4,11.4,0.042,0.0,4.3,0.036,0.031,0.033,0.0,0.881,0.891,0.289,0.289,92.26,92.26,76.88,70.0,0.185,2020-21,Playoffs
0042000226,1610612746,LA,Clippers,LAC,clippers,202694,Marcus,Morris Sr.,M. Morris Sr.,marcus-morris-sr,F,,,29:25,137.9,137.9,124.1,124.1,13.8,13.8,0.08,0.0,22.2,0.0,0.172,0.094,0.0,0.5,0.5,0.108,0.108,94.64,94.64,78.87,58.0,0.056,2020-21,Playoffs
0042000226,1610612746,LA,Clippers,LAC,clippers,201587,Nicolas,Batum,N. Batum,nicolas-batum,C,,,39:44,144.2,144.2,133.3,133.3,10.8,10.8,0.056,2.0,16.7,0.103,0.114,0.109,8.3,0.889,0.889,0.118,0.118,91.81,91.81,76.51,77.0,0.111,2020-21,Playoffs
0042000226,1610612746,LA,Clippers,LAC,clippers,202331,Paul,George,P. George,paul-george,G,,,45:30,148.3,148.3,126.4,126.4,21.8,21.8,0.189,1.75,18.4,0.029,0.182,0.114,10.5,0.458,0.517,0.32,0.32,91.78,91.78,76.48,87.0,0.109,2020-21,Playoffs
0042000226,1610612746,LA,Clippers,LAC,clippers,202704,Reggie,Jackson,R. Jackson,reggie-jackson,G,,,37:39,148.6,148.6,129.6,129.6,19.0,19.0,0.345,10.0,34.5,0.069,0.029,0.047,3.4,0.719,0.76,0.235,0.235,91.15,91.15,75.96,72.0,0.173,2020-21,Playoffs
0042000226,1610612746,LA,Clippers,LAC,clippers,201976,Patrick,Beverley,P. Beverley,patrick-beverley,,,,26:59,151.9,151.9,115.4,115.4,36.5,36.5,0.167,0.0,40.0,0.13,0.036,0.078,0.0,1.125,1.042,0.098,0.098,92.5,92.5,77.08,52.0,0.164,2020-21,Playoffs
0042000226,1610612746,LA,Clippers,LAC,clippers,1627826,Ivica,Zubac,I. Zubac,ivica-zubac,,,,5:51,107.1,107.1,158.3,158.3,-51.2,-51.2,0.0,0.0,0.0,0.0,0.0,0.0,0.0,0.0,0.0,0.0,0.0,106.58,106.58,88.81,14.0,0.016,2020-21,Playoffs
0042000226,1610612746,LA,Clippers,LAC,clippers,200765,Rajon,Rondo,R. Rondo,rajon-rondo,,,,6:38,91.7,91.7,157.1,157.1,-65.5,-65.5,0.25,0.0,25.0,0.0,0.4,0.167,0.0,0.333,0.333,0.25,0.25,94.14,94.14,78.45,12.0,0.092,2020-21,Playoffs
0042000226,1610612746,LA,Clippers,LAC,clippers,1628379,Luke,Kennard,L. Kennard,luke-kennard,,,,9:17,129.4,129.4,150.0,150.0,-20.6,-20.6,0.0,0.0,0.0,0.0,0.0,0.0,0.0,0.0,0.0,0.059,0.059,90.5,90.5,75.42,17.0,-0.063,2020-21,Playoffs
0042000226,1610612746,LA,Clippers,LAC,clippers,1629599,Amir,Coffey,A. Coffey,amir-coffey,,,,0:38,0.0,0.0,0.0,0.0,0.0,0.0,0.0,0.0,0.0,0.0,0.0,0.0,0.0,0.0,0.0,0.0,0.0,113.98,113.98,94.99,1.0,0.0,2020-21,Playoffs
0042000226,1610612746,LA,Clippers,LAC,clippers,1627812,Yogi,Ferrell,Y. Ferrell,yogi-ferrell,,,,0:38,0.0,0.0,0.0,0.0,0.0,0.0,0.0,0.0,0.0,0.0,0.0,0.0,0.0,0.0,0.0,0.0,0.0,113.98,113.98,94.99,1.0,0.0,2020-21,Playoffs
0042000226,1610612746,LA,Clippers,LAC,clippers,1630206,Jay,Scrubb,J. Scrubb,jay-scrubb,,,,0:38,0.0,0.0,0.0,0.0,0.0,0.0,0.0,0.0,0.0,0.0,0.0,0.0,0.0,0.0,0.0,0.0,0.0,113.98,113.98,94.99,1.0,0.0,2020-21,Playoffs
0042000226,1610612746,LA,Clippers,LAC,clippers,1630187,Daniel,Oturu,D. Oturu,daniel-oturu,,,,0:38,0.0,0.0,0.0,0.0,0.0,0.0,0.0,0.0,0.0,0.0,1.0,1.0,0.0,0.0,0.0,0.0,0.0,113.98,113.98,94.99,1.0,-1.0,2020-21,Playoffs
0042000226,1610612746,LA,Clippers,LAC,clippers,202326,DeMarcus,Cousins,D. Cousins,demarcus-cousins,,DNP - Coach's Decision,,,0.0,0.0,0.0,0.0,0.0,0.0,0.0,0.0,0.0,0.0,0.0,0.0,0.0,0.0,0.0,0.0,0.0,0.0,0.0,0.0,0.0,0.0,2020-21,Playoffs
0042000226,1610612746,LA,Clippers,LAC,clippers,202335,Patrick,Patterson,P. Patterson,patrick-patterson,,DNP - Coach's Decision,,,0.0,0.0,0.0,0.0,0.0,0.0,0.0,0.0,0.0,0.0,0.0,0.0,0.0,0.0,0.0,0.0,0.0,0.0,0.0,0.0,0.0,0.0,2020-21,Playoffs
0042000231,1610612743,Denver,Nuggets,DEN,nuggets,1629008,Michael,Porter Jr.,M. Porter Jr.,michael-porter-jr,F,,,30:58,118.0,118.0,131.1,131.1,-13.1,-13.1,0.091,0.0,13.3,0.032,0.207,0.117,0.0,0.577,0.577,0.183,0.183,94.55,94.55,78.79,61.0,0.085,2020-21,Playoffs
0042000231,1610612743,Denver,Nuggets,DEN,nuggets,203932,Aaron,Gordon,A. Gordon,aaron-gordon,F,,,29:15,117.5,117.5,112.1,112.1,5.5,5.5,0.111,2.0,11.1,0.1,0.043,0.075,5.6,0.571,0.605,0.246,0.246,94.36,94.36,78.63,57.0,0.132,2020-21,Playoffs
0042000231,1610612743,Denver,Nuggets,DEN,nuggets,203999,Nikola,Jokić,N. Jokić,nikola-jokić,C,,,36:25,105.5,105.5,121.6,121.6,-16.1,-16.1,0.143,0.75,10.0,0.05,0.233,0.129,13.3,0.478,0.478,0.325,0.325,96.89,96.89,80.74,73.0,0.1,2020-21,Playoffs
0042000231,1610612743,Denver,Nuggets,DEN,nuggets,203085,Austin,Rivers,A. Rivers,austin-rivers,G,,,31:13,112.9,112.9,111.1,111.1,1.8,1.8,0.154,2.0,28.6,0.032,0.074,0.052,14.3,0.357,0.444,0.145,0.145,96.1,96.1,80.09,62.0,0.025,2020-21,Playoffs
0042000231,1610612743,Denver,Nuggets,DEN,nuggets,1630267,Facundo,Campazzo,F. Campazzo,facundo-campazzo,G,,,36:05,110.0,110.0,126.4,126.4,-16.4,-16.4,0.231,2.0,33.3,0.0,0.133,0.061,16.7,0.722,0.742,0.152,0.152,94.45,94.45,78.71,70.0,0.088,2020-21,Playoffs
0042000231,1610612743,Denver,Nuggets,DEN,nuggets,1628420,Monte,Morris,M. Morris,monte-morris,,,,23:11,91.3,91.3,148.9,148.9,-57.6,-57.6,0.333,0.0,37.5,0.0,0.053,0.021,0.0,0.1,0.1,0.189,0.189,96.28,96.28,80.23,46.0,0.008,2020-21,Playoffs
0042000231,1610612743,Denver,Nuggets,DEN,nuggets,203210,JaMychal,Green,J. Green,jamychal-green,,,,23:09,118.2,118.2,148.9,148.9,-30.7,-30.7,0.053,0.0,16.7,0.16,0.368,0.25,0.0,1.0,1.0,0.094,0.094,92.27,92.27,76.89,44.0,0.15,2020-21,Playoffs
0042000231,1610612743,Denver,Nuggets,DEN,nuggets,1630210,Markus,Howard,M. Howard,markus-howard,,,,8:11,123.5,123.5,122.2,122.2,1.3,1.3,0.0,0.0,0.0,0.0,0.0,0.0,0.0,0.75,0.75,0.105,0.105,102.65,102.65,85.54,17.0,0.0,2020-21,Playoffs
0042000231,1610612743,Denver,Nuggets,DEN,nuggets,200794,Paul,Millsap,P. Millsap,paul-millsap,,,,12:33,108.0,108.0,156.0,156.0,-48.0,-48.0,0.125,1.0,12.5,0.0,0.091,0.042,12.5,0.75,0.699,0.25,0.25,95.58,95.58,79.65,25.0,0.088,2020-21,Playoffs
0042000231,1610612743,Denver,Nuggets,DEN,nuggets,1627885,Shaquille,Harrison,S. Harrison,shaquille-harrison,,,,2:15,125.0,125.0,80.0,80.0,45.0,45.0,0.0,0.0,0.0,0.0,1.0,0.333,0.0,1.0,1.0,0.25,0.25,96.0,96.0,80.0,4.0,0.3,2020-21,Playoffs
0042000231,1610612743,Denver,Nuggets,DEN,nuggets,1629626,Bol,Bol,B. Bol,bol-bol,,,,2:15,125.0,125.0,80.0,80.0,45.0,45.0,0.5,0.0,50.0,0.0,0.0,0.0,0.0,0.0,0.0,0.25,0.25,96.0,96.0,80.0,4.0,0.0,2020-21,Playoffs
0042000231,1610612743,Denver,Nuggets,DEN,nuggets,1630192,Zeke,Nnaji,Z. Nnaji,zeke-nnaji,,,,2:15,125.0,125.0,80.0,80.0,45.0,45.0,0.0,0.0,0.0,0.0,0.0,0.0,0.0,1.5,1.5,0.25,0.25,96.0,96.0,80.0,4.0,0.3,2020-21,Playoffs
0042000231,1610612743,Denver,Nuggets,DEN,nuggets,1628427,Vlatko,Čančar,V. Čančar,vlatko-čančar,,,,2:15,125.0,125.0,80.0,80.0,45.0,45.0,0.0,0.0,0.0,0.0,0.0,0.0,0.0,0.0,0.0,0.0,0.0,96.0,96.0,80.0,4.0,0.1,2020-21,Playoffs
0042000231,1610612743,Denver,Nuggets,DEN,nuggets,201580,JaVale,McGee,J. McGee,javale-mcgee,,DNP - Coach's Decision,,,0.0,0.0,0.0,0.0,0.0,0.0,0.0,0.0,0.0,0.0,0.0,0.0,0.0,0.0,0.0,0.0,0.0,0.0,0.0,0.0,0.0,0.0,2020-21,Playoffs
0042000231,1610612756,Phoenix,Suns,PHX,suns,1628969,Mikal,Bridges,M. Bridges,mikal-bridges,F,,,34:15,123.2,123.2,107.4,107.4,15.8,15.8,0.2,5.0,26.3,0.038,0.108,0.079,5.3,0.833,0.863,0.189,0.189,96.0,96.0,80.0,69.0,0.173,2020-21,Playoffs
0042000231,1610612756,Phoenix,Suns,PHX,suns,203109,Jae,Crowder,J. Crowder,jae-crowder,F,,,30:46,122.6,122.6,104.9,104.9,17.7,17.7,0.042,0.0,7.1,0.0,0.152,0.085,0.0,0.5,0.521,0.191,0.191,95.94,95.94,79.95,62.0,0.07,2020-21,Playoffs
0042000231,1610612756,Phoenix,Suns,PHX,suns,1629028,Deandre,Ayton,D. Ayton,deandre-ayton,C,,,36:25,121.6,121.6,105.5,105.5,16.1,16.1,0.0,0.0,0.0,0.1,0.175,0.143,7.1,0.692,0.72,0.175,0.175,96.89,96.89,80.74,74.0,0.135,2020-21,Playoffs
0042000231,1610612756,Phoenix,Suns,PHX,suns,1626164,Devin,Booker,D. Booker,devin-booker,G,,,38:22,120.8,120.8,106.6,106.6,14.2,14.2,0.286,1.6,29.6,0.0,0.093,0.053,18.5,0.708,0.717,0.226,0.226,95.71,95.71,79.76,77.0,0.113,2020-21,Playoffs
0042000231,1610612756,Phoenix,Suns,PHX,suns,101108,Chris,Paul,C. Paul,chris-paul,G,,,35:37,134.3,134.3,115.7,115.7,18.6,18.6,0.393,11.0,40.7,0.034,0.152,0.097,3.7,0.643,0.685,0.208,0.208,94.34,94.34,78.61,70.0,0.157,2020-21,Playoffs
0042000231,1610612756,Phoenix,Suns,PHX,suns,1626166,Cameron,Payne,C. Payne,cameron-payne,,,,19:46,129.3,129.3,116.2,116.2,13.1,13.1,0.188,3.0,25.0,0.0,0.091,0.05,8.3,0.438,0.438,0.191,0.191,94.7,94.7,78.92,41.0,0.064,2020-21,Playoffs
0042000231,1610612756,Phoenix,Suns,PHX,suns,1629661,Cameron,Johnson,C. Johnson,cameron-johnson,,,,13:45,132.1,132.1,123.1,123.1,9.1,9.1,0.077,0.0,25.0,0.0,0.077,0.037,0.0,0.0,0.347,0.091,0.091,94.25,94.25,78.55,28.0,0.043,2020-21,Playoffs
0042000231,1610612756,Phoenix,Suns,PHX,suns,203967,Dario,Saric,D. Saric,dario-saric,,,,9:20,164.7,164.7,127.8,127.8,36.9,36.9,0.0,0.0,0.0,0.0,0.25,0.118,0.0,0.5,0.563,0.19,0.19,89.95,89.95,74.96,17.0,0.093,2020-21,Playoffs
0042000231,1610612756,Phoenix,Suns,PHX,suns,1628470,Torrey,Craig,T. Craig,torrey-craig,,,,17:14,131.4,131.4,120.6,120.6,10.8,10.8,0.0,0.0,0.0,0.143,0.353,0.258,0.0,0.571,0.571,0.205,0.205,96.1,96.1,80.09,35.0,0.115,2020-21,Playoffs
0042000231,1610612756,Phoenix,Suns,PHX,suns,1630188,Jalen,Smith,J. Smith,jalen-smith,,,,2:15,80.0,80.0,125.0,125.0,-45.0,-45.0,1.0,1.0,50.0,0.0,0.0,0.0,50.0,0.0,0.0,0.2,0.2,96.0,96.0,80.0,5.0,0.0,2020-21,Playoffs
0042000231,1610612756,Phoenix,Suns,PHX,suns,1628975,Jevon,Carter,J. Carter,jevon-carter,,,,2:15,80.0,80.0,125.0,125.0,-45.0,-45.0,0.0,0.0,0.0,0.0,0.5,0.333,0.0,0.0,0.0,0.0,0.0,96.0,96.0,80.0,5.0,0.1,2020-21,Playoffs
0042000231,1610612756,Phoenix,Suns,PHX,suns,1630234,Ty-Shon,Alexander,T. Alexander,ty-shon-alexander,,DNP - Coach's Decision,,,0.0,0.0,0.0,0.0,0.0,0.0,0.0,0.0,0.0,0.0,0.0,0.0,0.0,0.0,0.0,0.0,0.0,0.0,0.0,0.0,0.0,0.0,2020-21,Playoffs
0042000231,1610612756,Phoenix,Suns,PHX,suns,204038,Langston,Galloway,L. Galloway,langston-galloway,,DNP - Coach's Decision,,,0.0,0.0,0.0,0.0,0.0,0.0,0.0,0.0,0.0,0.0,0.0,0.0,0.0,0.0,0.0,0.0,0.0,0.0,0.0,0.0,0.0,0.0,2020-21,Playoffs
0042000231,1610612756,Phoenix,Suns,PHX,suns,1626163,Frank,Kaminsky,F. Kaminsky,frank-kaminsky,,DNP - Coach's Decision,,,0.0,0.0,0.0,0.0,0.0,0.0,0.0,0.0,0.0,0.0,0.0,0.0,0.0,0.0,0.0,0.0,0.0,0.0,0.0,0.0,0.0,0.0,2020-21,Playoffs
0042000231,1610612756,Phoenix,Suns,PHX,suns,202734,E'Twaun,Moore,E. Moore,etwaun-moore,,DNP - Coach's Decision,,,0.0,0.0,0.0,0.0,0.0,0.0,0.0,0.0,0.0,0.0,0.0,0.0,0.0,0.0,0.0,0.0,0.0,0.0,0.0,0.0,0.0,0.0,2020-21,Playoffs
0042000232,1610612743,Denver,Nuggets,DEN,nuggets,1629008,Michael,Porter Jr.,M. Porter Jr.,michael-porter-jr,F,,,27:36,93.1,93.1,137.9,137.9,-44.8,-44.8,0.059,1.0,5.9,0.026,0.227,0.1,5.9,0.308,0.373,0.242,0.242,100.87,100.87,84.06,58.0,0.012,2020-21,Playoffs
0042000232,1610612743,Denver,Nuggets,DEN,nuggets,203932,Aaron,Gordon,A. Gordon,aaron-gordon,F,,,20:11,77.3,77.3,115.9,115.9,-38.6,-38.6,0.0,0.0,0.0,0.0,0.053,0.023,12.5,0.429,0.429,0.174,0.174,104.64,104.64,87.2,44.0,0.0,2020-21,Playoffs
0042000232,1610612743,Denver,Nuggets,DEN,nuggets,203999,Nikola,Jokić,N. Jokić,nikola-jokić,C,,,29:34,88.5,88.5,113.3,113.3,-24.8,-24.8,0.5,3.0,21.4,0.114,0.321,0.206,7.1,0.559,0.611,0.328,0.328,98.22,98.22,81.85,61.0,0.269,2020-21,Playoffs
0042000232,1610612743,Denver,Nuggets,DEN,nuggets,203085,Austin,Rivers,A. Rivers,austin-rivers,G,,,24:39,72.7,72.7,115.1,115.1,-42.4,-42.4,0.077,0.0,14.3,0.0,0.0,0.0,0.0,0.5,0.51,0.103,0.103,105.15,105.15,87.63,55.0,0.012,2020-21,Playoffs
0042000232,1610612743,Denver,Nuggets,DEN,nuggets,1630267,Facundo,Campazzo,F. Campazzo,facundo-campazzo,G,,,29:03,88.5,88.5,111.7,111.7,-23.1,-23.1,0.1,2.0,20.0,0.0,0.148,0.067,10.0,0.214,0.214,0.121,0.121,99.97,99.97,83.3,61.0,-0.009,2020-21,Playoffs
0042000232,1610612743,Denver,Nuggets,DEN,nuggets,203115,Will,Barton,W. Barton,will-barton,,,,15:49,110.0,110.0,112.9,112.9,-2.9,-2.9,0.333,0.0,27.3,0.0,0.056,0.026,0.0,0.625,0.625,0.211,0.211,92.56,92.56,77.13,30.0,0.151,2020-21,Playoffs
0042000232,1610612743,Denver,Nuggets,DEN,nuggets,203210,JaMychal,Green,J. Green,jamychal-green,,,,23:36,100.0,100.0,123.4,123.4,-23.4,-23.4,0.067,0.5,12.5,0.033,0.167,0.093,25.0,0.4,0.4,0.125,0.125,94.58,94.58,78.81,46.0,0.025,2020-21,Playoffs
0042000232,1610612743,Denver,Nuggets,DEN,nuggets,1628420,Monte,Morris,M. Morris,monte-morris,,,,22:09,97.7,97.7,137.8,137.8,-40.1,-40.1,0.214,0.0,30.0,0.103,0.095,0.1,0.0,0.214,0.214,0.13,0.13,96.43,96.43,80.36,44.0,0.036,2020-21,Playoffs
0042000232,1610612743,Denver,Nuggets,DEN,nuggets,200794,Paul,Millsap,P. Millsap,paul-millsap,,,,11:33,96.0,96.0,145.8,145.8,-49.8,-49.8,0.5,0.67,14.3,0.118,0.364,0.214,21.4,0.688,0.619,0.387,0.387,101.82,101.82,84.85,25.0,0.14,2020-21,Playoffs
0042000232,1610612743,Denver,Nuggets,DEN,nuggets,1630210,Markus,Howard,M. Howard,markus-howard,,,,10:42,121.7,121.7,163.6,163.6,-41.9,-41.9,0.143,0.0,12.5,0.0,0.0,0.0,0.0,0.417,0.436,0.269,0.269,100.93,100.93,84.11,23.0,0.033,2020-21,Playoffs
0042000232,1610612743,Denver,Nuggets,DEN,nuggets,201580,JaVale,McGee,J. McGee,javale-mcgee,,,,6:53,133.3,133.3,125.0,125.0,8.3,8.3,0.167,0.0,20.0,0.0,0.1,0.063,0.0,0.333,0.387,0.25,0.25,108.09,108.09,90.07,15.0,0.073,2020-21,Playoffs
0042000232,1610612743,Denver,Nuggets,DEN,nuggets,1627885,Shaquille,Harrison,S. Harrison,shaquille-harrison,,,,6:05,142.9,142.9,100.0,100.0,42.9,42.9,0.429,3.0,75.0,0.0,0.3,0.2,25.0,0.0,0.0,0.067,0.067,110.47,110.47,92.05,14.0,0.136,2020-21,Playoffs
0042000232,1610612743,Denver,Nuggets,DEN,nuggets,1630192,Zeke,Nnaji,Z. Nnaji,zeke-nnaji,,,,6:05,142.9,142.9,100.0,100.0,42.9,42.9,0.0,0.0,0.0,0.0,0.0,0.0,0.0,1.25,1.042,0.2,0.2,110.47,110.47,92.05,14.0,0.152,2020-21,Playoffs
0042000232,1610612743,Denver,Nuggets,DEN,nuggets,1628427,Vlatko,Čančar,V. Čančar,vlatko-čančar,,,,6:05,142.9,142.9,100.0,100.0,42.9,42.9,0.0,0.0,0.0,0.0,0.1,0.067,0.0,1.25,1.25,0.133,0.133,110.47,110.47,92.05,14.0,0.182,2020-21,Playoffs
0042000232,1610612743,Denver,Nuggets,DEN,nuggets,1629626,Bol,Bol,B. Bol,bol-bol,,DNP - Coach's Decision,,,0.0,0.0,0.0,0.0,0.0,0.0,0.0,0.0,0.0,0.0,0.0,0.0,0.0,0.0,0.0,0.0,0.0,0.0,0.0,0.0,0.0,0.0,2020-21,Playoffs
0042000232,1610612756,Phoenix,Suns,PHX,suns,1628969,Mikal,Bridges,M. Bridges,mikal-bridges,F,,,28:36,136.7,136.7,88.5,88.5,48.1,48.1,0.0,0.0,0.0,0.043,0.029,0.035,0.0,0.5,0.581,0.215,0.215,101.54,101.54,84.62,60.0,0.067,2020-21,Playoffs
0042000232,1610612756,Phoenix,Suns,PHX,suns,203109,Jae,Crowder,J. Crowder,jae-crowder,F,,,25:28,130.8,130.8,92.3,92.3,38.5,38.5,0.0,0.0,0.0,0.0,0.161,0.098,0.0,1.1,1.1,0.091,0.091,98.01,98.01,81.68,52.0,0.14,2020-21,Playoffs
0042000232,1610612756,Phoenix,Suns,PHX,suns,1629028,Deandre,Ayton,D. Ayton,deandre-ayton,C,,,25:40,118.9,118.9,88.7,88.7,30.2,30.2,0.0,0.0,0.0,0.083,0.242,0.175,20.0,0.6,0.638,0.263,0.263,99.14,99.14,82.61,53.0,0.141,2020-21,Playoffs
0042000232,1610612756,Phoenix,Suns,PHX,suns,1626164,Devin,Booker,D. Booker,devin-booker,G,,,33:04,114.5,114.5,92.6,92.6,21.8,21.8,0.087,1.0,10.5,0.0,0.227,0.13,10.5,0.536,0.587,0.227,0.227,99.44,99.44,82.86,69.0,0.15,2020-21,Playoffs
0042000232,1610612756,Phoenix,Suns,PHX,suns,101108,Chris,Paul,C. Paul,chris-paul,G,,,30:31,129.7,129.7,87.7,87.7,42.0,42.0,0.625,0.0,57.7,0.033,0.111,0.076,0.0,0.7,0.751,0.155,0.155,101.45,101.45,84.54,64.0,0.238,2020-21,Playoffs
0042000232,1610612756,Phoenix,Suns,PHX,suns,203967,Dario,Saric,D. Saric,dario-saric,,,,16:15,139.4,139.4,93.9,93.9,45.5,45.5,0.077,0.0,14.3,0.0,0.2,0.114,0.0,0.667,0.667,0.162,0.162,97.45,97.45,81.21,33.0,0.129,2020-21,Playoffs
0042000232,1610612756,Phoenix,Suns,PHX,suns,1626166,Cameron,Payne,C. Payne,cameron-payne,,,,15:15,116.7,116.7,83.9,83.9,32.8,32.8,0.111,1.0,14.3,0.0,0.143,0.088,14.3,0.7,0.7,0.188,0.188,96.0,96.0,80.0,30.0,0.066,2020-21,Playoffs
0042000232,1610612756,Phoenix,Suns,PHX,suns,1629661,Cameron,Johnson,C. Johnson,cameron-johnson,,,,20:11,117.1,117.1,90.0,90.0,27.1,27.1,0.0,0.0,0.0,0.0,0.115,0.063,0.0,0.375,0.394,0.196,0.196,96.32,96.32,80.26,41.0,0.054,2020-21,Playoffs
0042000232,1610612756,Phoenix,Suns,PHX,suns,1628470,Torrey,Craig,T. Craig,torrey-craig,,,,14:35,136.7,136.7,90.3,90.3,46.3,46.3,0.3,0.0,27.3,0.133,0.1,0.114,0.0,0.563,0.592,0.235,0.235,100.39,100.39,83.66,30.0,0.198,2020-21,Playoffs
0042000232,1610612756,Phoenix,Suns,PHX,suns,1626163,Frank,Kaminsky,F. Kaminsky,frank-kaminsky,,,,6:05,100.0,100.0,142.9,142.9,-42.9,-42.9,0.5,0.0,40.0,0.0,0.4,0.133,0.0,0.833,0.833,0.167,0.167,110.47,110.47,92.05,14.0,0.242,2020-21,Playoffs
0042000232,1610612756,Phoenix,Suns,PHX,suns,1630188,Jalen,Smith,J. Smith,jalen-smith,,,,6:05,100.0,100.0,142.9,142.9,-42.9,-42.9,0.0,0.0,0.0,0.2,0.0,0.133,0.0,0.0,0.0,0.111,0.111,110.47,110.47,92.05,14.0,-0.091,2020-21,Playoffs
0042000232,1610612756,Phoenix,Suns,PHX,suns,204038,Langston,Galloway,L. Galloway,langston-galloway,,,,6:05,100.0,100.0,142.9,142.9,-42.9,-42.9,0.0,0.0,0.0,0.0,0.2,0.067,0.0,0.0,0.0,0.111,0.111,110.47,110.47,92.05,14.0,-0.045,2020-21,Playoffs
0042000232,1610612756,Phoenix,Suns,PHX,suns,202734,E'Twaun,Moore,E. Moore,etwaun-moore,,,,6:05,100.0,100.0,142.9,142.9,-42.9,-42.9,0.333,1.0,12.5,0.0,0.2,0.067,12.5,0.583,0.583,0.389,0.389,110.47,110.47,92.05,14.0,0.152,2020-21,Playoffs
0042000232,1610612756,Phoenix,Suns,PHX,suns,1628975,Jevon,Carter,J. Carter,jevon-carter,,,,6:05,100.0,100.0,142.9,142.9,-42.9,-42.9,0.4,0.0,40.0,0.0,0.0,0.0,0.0,0.333,0.333,0.167,0.167,110.47,110.47,92.05,14.0,0.061,2020-21,Playoffs
0042000232,1610612756,Phoenix,Suns,PHX,suns,1630234,Ty-Shon,Alexander,T. Alexander,ty-shon-alexander,,DNP - Coach's Decision,,,0.0,0.0,0.0,0.0,0.0,0.0,0.0,0.0,0.0,0.0,0.0,0.0,0.0,0.0,0.0,0.0,0.0,0.0,0.0,0.0,0.0,0.0,2020-21,Playoffs
0042000233,1610612756,Phoenix,Suns,PHX,suns,1628969,Mikal,Bridges,M. Bridges,mikal-bridges,F,,,26:56,131.5,131.5,105.7,105.7,25.8,25.8,0.0,0.0,0.0,0.0,0.057,0.036,16.7,0.563,0.564,0.2,0.2,95.35,95.35,79.46,54.0,0.058,2020-21,Playoffs
0042000233,1610612756,Phoenix,Suns,PHX,suns,203109,Jae,Crowder,J. Crowder,jae-crowder,F,,,33:32,135.3,135.3,110.4,110.4,24.8,24.8,0.133,4.0,28.6,0.0,0.071,0.046,7.1,0.778,0.778,0.133,0.133,96.62,96.62,80.52,68.0,0.088,2020-21,Playoffs
0042000233,1610612756,Phoenix,Suns,PHX,suns,1629028,Deandre,Ayton,D. Ayton,deandre-ayton,C,,,36:58,130.7,130.7,106.7,106.7,24.0,24.0,0.063,0.0,18.2,0.103,0.25,0.195,0.0,0.5,0.563,0.11,0.11,97.39,97.39,81.15,75.0,0.129,2020-21,Playoffs
0042000233,1610612756,Phoenix,Suns,PHX,suns,1626164,Devin,Booker,D. Booker,devin-booker,G,,,40:27,128.9,128.9,108.6,108.6,20.3,20.3,0.138,1.0,12.1,0.034,0.098,0.075,12.1,0.522,0.565,0.319,0.319,97.31,97.31,81.09,83.0,0.114,2020-21,Playoffs
0042000233,1610612756,Phoenix,Suns,PHX,suns,101108,Chris,Paul,C. Paul,chris-paul,G,,,37:00,116.2,116.2,105.4,105.4,10.8,10.8,0.364,4.0,27.6,0.0,0.128,0.076,6.9,0.625,0.708,0.263,0.263,96.0,96.0,80.0,74.0,0.243,2020-21,Playoffs
0042000233,1610612756,Phoenix,Suns,PHX,suns,1626166,Cameron,Payne,C. Payne,cameron-payne,,,,17:09,97.4,97.4,100.0,100.0,-2.6,-2.6,0.3,1.5,25.0,0.0,0.05,0.029,16.7,0.643,0.643,0.225,0.225,102.16,102.16,85.13,38.0,0.144,2020-21,Playoffs
0042000233,1610612756,Phoenix,Suns,PHX,suns,1629661,Cameron,Johnson,C. Johnson,cameron-johnson,,,,21:04,100.0,100.0,102.2,102.2,-2.2,-2.2,0.214,3.0,60.0,0.0,0.042,0.024,20.0,1.5,1.5,0.043,0.043,102.53,102.53,85.44,45.0,0.093,2020-21,Playoffs
0042000233,1610612756,Phoenix,Suns,PHX,suns,203967,Dario,Saric,D. Saric,dario-saric,,,,9:38,76.2,76.2,100.0,100.0,-23.8,-23.8,0.5,0.0,33.3,0.0,0.364,0.211,0.0,0.667,0.81,0.182,0.182,99.65,99.65,83.04,21.0,0.385,2020-21,Playoffs
0042000233,1610612756,Phoenix,Suns,PHX,suns,1628470,Torrey,Craig,T. Craig,torrey-craig,,,,14:28,80.0,80.0,96.6,96.6,-16.6,-16.6,0.0,0.0,0.0,0.0,0.0,0.0,0.0,0.625,0.625,0.129,0.129,97.88,97.88,81.57,30.0,0.045,2020-21,Playoffs
0042000233,1610612756,Phoenix,Suns,PHX,suns,1628975,Jevon,Carter,J. Carter,jevon-carter,,,,1:24,66.7,66.7,150.0,150.0,-83.3,-83.3,0.0,0.0,0.0,0.0,0.0,0.0,0.0,1.0,1.0,0.333,0.333,85.71,85.71,71.43,3.0,0.286,2020-21,Playoffs
0042000233,1610612756,Phoenix,Suns,PHX,suns,1626163,Frank,Kaminsky,F. Kaminsky,frank-kaminsky,,,,1:24,66.7,66.7,150.0,150.0,-83.3,-83.3,0.0,0.0,0.0,0.0,0.0,0.0,0.0,0.0,0.0,0.333,0.333,85.71,85.71,71.43,3.0,-0.143,2020-21,Playoffs
0042000233,1610612756,Phoenix,Suns,PHX,suns,1630234,Ty-Shon,Alexander,T. Alexander,ty-shon-alexander,,DNP - Coach's Decision,,,0.0,0.0,0.0,0.0,0.0,0.0,0.0,0.0,0.0,0.0,0.0,0.0,0.0,0.0,0.0,0.0,0.0,0.0,0.0,0.0,0.0,0.0,2020-21,Playoffs
0042000233,1610612756,Phoenix,Suns,PHX,suns,204038,Langston,Galloway,L. Galloway,langston-galloway,,DNP - Coach's Decision,,,0.0,0.0,0.0,0.0,0.0,0.0,0.0,0.0,0.0,0.0,0.0,0.0,0.0,0.0,0.0,0.0,0.0,0.0,0.0,0.0,0.0,0.0,2020-21,Playoffs
0042000233,1610612756,Phoenix,Suns,PHX,suns,202734,E'Twaun,Moore,E. Moore,etwaun-moore,,DNP - Coach's Decision,,,0.0,0.0,0.0,0.0,0.0,0.0,0.0,0.0,0.0,0.0,0.0,0.0,0.0,0.0,0.0,0.0,0.0,0.0,0.0,0.0,0.0,0.0,2020-21,Playoffs
0042000233,1610612756,Phoenix,Suns,PHX,suns,1630188,Jalen,Smith,J. Smith,jalen-smith,,DNP - Coach's Decision,,,0.0,0.0,0.0,0.0,0.0,0.0,0.0,0.0,0.0,0.0,0.0,0.0,0.0,0.0,0.0,0.0,0.0,0.0,0.0,0.0,0.0,0.0,2020-21,Playoffs
0042000233,1610612743,Denver,Nuggets,DEN,nuggets,1629008,Michael,Porter Jr.,M. Porter Jr.,michael-porter-jr,F,,,29:49,110.0,110.0,126.2,126.2,-16.2,-16.2,0.048,0.33,5.6,0.049,0.143,0.081,16.7,0.538,0.54,0.224,0.224,97.37,97.37,81.14,60.0,0.056,2020-21,Playoffs
0042000233,1610612743,Denver,Nuggets,DEN,nuggets,203932,Aaron,Gordon,A. Gordon,aaron-gordon,F,,,35:55,109.9,109.9,120.8,120.8,-11.0,-11.0,0.0,0.0,0.0,0.045,0.071,0.056,28.6,0.2,0.2,0.157,0.157,95.55,95.55,79.63,71.0,-0.063,2020-21,Playoffs
0042000233,1610612743,Denver,Nuggets,DEN,nuggets,203999,Nikola,Jokić,N. Jokić,nikola-jokić,C,,,39:47,111.1,111.1,126.6,126.6,-15.5,-15.5,0.455,5.0,22.7,0.2,0.323,0.247,4.5,0.466,0.485,0.34,0.34,96.54,96.54,80.45,81.0,0.203,2020-21,Playoffs
0042000233,1610612743,Denver,Nuggets,DEN,nuggets,203085,Austin,Rivers,A. Rivers,austin-rivers,G,,,26:44,94.6,94.6,124.6,124.6,-29.9,-29.9,0.0,0.0,0.0,0.0,0.0,0.0,16.7,0.5,0.5,0.088,0.088,101.45,101.45,84.54,56.0,-0.02,2020-21,Playoffs
0042000233,1610612743,Denver,Nuggets,DEN,nuggets,1630267,Facundo,Campazzo,F. Campazzo,facundo-campazzo,G,,,17:49,94.6,94.6,123.7,123.7,-29.1,-29.1,0.0,0.0,0.0,0.034,0.077,0.048,16.7,0.6,0.6,0.125,0.125,100.99,100.99,84.16,37.0,0.008,2020-21,Playoffs
0042000233,1610612743,Denver,Nuggets,DEN,nuggets,1628420,Monte,Morris,M. Morris,monte-morris,,,,29:55,108.5,108.5,113.1,113.1,-4.6,-4.6,0.294,0.0,27.8,0.0,0.0,0.0,0.0,0.792,0.788,0.191,0.191,96.29,96.29,80.24,59.0,0.165,2020-21,Playoffs
0042000233,1610612743,Denver,Nuggets,DEN,nuggets,203115,Will,Barton,W. Barton,will-barton,,,,27:57,118.2,118.2,112.5,112.5,5.7,5.7,0.158,1.5,15.8,0.036,0.25,0.135,10.5,0.5,0.5,0.25,0.25,95.31,95.31,79.43,55.0,0.106,2020-21,Playoffs
0042000233,1610612743,Denver,Nuggets,DEN,nuggets,203210,JaMychal,Green,J. Green,jamychal-green,,,,17:40,89.2,89.2,110.5,110.5,-21.3,-21.3,0.0,0.0,0.0,0.043,0.188,0.103,0.0,0.0,0.258,0.095,0.095,101.89,101.89,84.91,37.0,0.023,2020-21,Playoffs
0042000233,1610612743,Denver,Nuggets,DEN,nuggets,200794,Paul,Millsap,P. Millsap,paul-millsap,,,,6:49,69.2,69.2,93.3,93.3,-24.1,-24.1,0.333,0.0,25.0,0.111,0.333,0.2,0.0,0.0,0.0,0.214,0.214,98.49,98.49,82.07,13.0,0.0,2020-21,Playoffs
0042000233,1610612743,Denver,Nuggets,DEN,nuggets,1627885,Shaquille,Harrison,S. Harrison,shaquille-harrison,,,,1:59,125.0,125.0,40.0,40.0,85.0,85.0,0.0,0.0,0.0,0.0,0.0,0.0,0.0,0.0,0.0,0.0,0.0,109.27,109.27,91.06,4.0,0.0,2020-21,Playoffs
0042000233,1610612743,Denver,Nuggets,DEN,nuggets,1630192,Zeke,Nnaji,Z. Nnaji,zeke-nnaji,,,,1:24,150.0,150.0,66.7,66.7,83.3,83.3,0.0,0.0,0.0,0.0,0.0,0.0,0.0,1.5,1.5,0.5,0.5,85.71,85.71,71.43,2.0,0.429,2020-21,Playoffs
0042000233,1610612743,Denver,Nuggets,DEN,nuggets,1630210,Markus,Howard,M. Howard,markus-howard,,,,1:24,150.0,150.0,66.7,66.7,83.3,83.3,0.0,0.0,0.0,0.0,0.0,0.0,0.0,0.0,0.0,0.0,0.0,85.71,85.71,71.43,2.0,0.0,2020-21,Playoffs
0042000233,1610612743,Denver,Nuggets,DEN,nuggets,1628427,Vlatko,Čančar,V. Čančar,vlatko-čančar,,,,1:24,150.0,150.0,66.7,66.7,83.3,83.3,0.0,0.0,0.0,0.0,1.0,1.0,100.0,0.0,0.0,0.5,0.5,85.71,85.71,71.43,2.0,0.0,2020-21,Playoffs
0042000233,1610612743,Denver,Nuggets,DEN,nuggets,1629626,Bol,Bol,B. Bol,bol-bol,,,,1:24,150.0,150.0,66.7,66.7,83.3,83.3,1.0,0.0,100.0,0.0,0.0,0.0,0.0,0.0,0.0,0.0,0.0,85.71,85.71,71.43,2.0,0.143,2020-21,Playoffs
0042000233,1610612743,Denver,Nuggets,DEN,nuggets,201580,JaVale,McGee,J. McGee,javale-mcgee,,DNP - Coach's Decision,,,0.0,0.0,0.0,0.0,0.0,0.0,0.0,0.0,0.0,0.0,0.0,0.0,0.0,0.0,0.0,0.0,0.0,0.0,0.0,0.0,0.0,0.0,2020-21,Playoffs
0042000234,1610612756,Phoenix,Suns,PHX,suns,1628969,Mikal,Bridges,M. Bridges,mikal-bridges,F,,,36:28,126.5,126.5,104.8,104.8,21.7,21.7,0.061,1.0,12.5,0.074,0.093,0.086,12.5,0.545,0.589,0.157,0.157,109.91,109.91,91.59,83.0,0.078,2020-21,Playoffs
0042000234,1610612756,Phoenix,Suns,PHX,suns,203109,Jae,Crowder,J. Crowder,jae-crowder,F,,,38:32,123.9,123.9,108.1,108.1,15.7,15.7,0.027,0.25,10.0,0.0,0.217,0.13,40.0,0.75,0.846,0.095,0.095,108.37,108.37,90.31,88.0,0.084,2020-21,Playoffs
0042000234,1610612756,Phoenix,Suns,PHX,suns,1629028,Deandre,Ayton,D. Ayton,deandre-ayton,C,,,33:56,120.8,120.8,102.6,102.6,18.1,18.1,0.0,0.0,0.0,0.037,0.15,0.104,9.1,0.6,0.6,0.133,0.133,108.2,108.2,90.16,77.0,0.071,2020-21,Playoffs
0042000234,1610612756,Phoenix,Suns,PHX,suns,1626164,Devin,Booker,D. Booker,devin-booker,G,,,41:53,118.9,118.9,108.4,108.4,10.5,10.5,0.133,1.33,10.8,0.059,0.173,0.128,8.1,0.48,0.57,0.324,0.324,108.87,108.87,90.73,95.0,0.148,2020-21,Playoffs
0042000234,1610612756,Phoenix,Suns,PHX,suns,101108,Chris,Paul,C. Paul,chris-paul,G,,,39:31,118.2,118.2,117.0,117.0,1.1,1.1,0.304,3.5,21.9,0.0,0.071,0.041,6.3,0.737,0.806,0.263,0.263,106.89,106.89,89.08,88.0,0.225,2020-21,Playoffs
0042000234,1610612756,Phoenix,Suns,PHX,suns,1629661,Cameron,Johnson,C. Johnson,cameron-johnson,,,,12:59,85.2,85.2,123.1,123.1,-37.9,-37.9,0.0,0.0,0.0,0.059,0.071,0.065,0.0,0.75,0.717,0.167,0.167,97.97,97.97,81.64,27.0,0.151,2020-21,Playoffs
0042000234,1610612756,Phoenix,Suns,PHX,suns,1626166,Cameron,Payne,C. Payne,cameron-payne,,,,13:09,103.4,103.4,96.6,96.6,6.9,6.9,0.25,2.0,22.2,0.0,0.235,0.121,11.1,0.167,0.291,0.212,0.212,105.86,105.86,88.21,29.0,0.045,2020-21,Playoffs
0042000234,1610612756,Phoenix,Suns,PHX,suns,1628470,Torrey,Craig,T. Craig,torrey-craig,,,,9:54,78.3,78.3,117.4,117.4,-39.1,-39.1,0.0,0.0,0.0,0.091,0.25,0.174,33.3,0.75,0.75,0.12,0.12,111.5,111.5,92.91,23.0,0.018,2020-21,Playoffs
0042000234,1610612756,Phoenix,Suns,PHX,suns,203967,Dario,Saric,D. Saric,dario-saric,,,,13:38,103.4,103.4,135.7,135.7,-32.3,-32.3,0.286,0.0,28.6,0.0,0.071,0.034,0.0,0.375,0.512,0.156,0.156,100.39,100.39,83.66,29.0,0.058,2020-21,Playoffs
0042000234,1610612756,Phoenix,Suns,PHX,suns,1630234,Ty-Shon,Alexander,T. Alexander,ty-shon-alexander,,DNP - Coach's Decision,,,0.0,0.0,0.0,0.0,0.0,0.0,0.0,0.0,0.0,0.0,0.0,0.0,0.0,0.0,0.0,0.0,0.0,0.0,0.0,0.0,0.0,0.0,2020-21,Playoffs
0042000234,1610612756,Phoenix,Suns,PHX,suns,1628975,Jevon,Carter,J. Carter,jevon-carter,,DNP - Coach's Decision,,,0.0,0.0,0.0,0.0,0.0,0.0,0.0,0.0,0.0,0.0,0.0,0.0,0.0,0.0,0.0,0.0,0.0,0.0,0.0,0.0,0.0,0.0,2020-21,Playoffs
0042000234,1610612756,Phoenix,Suns,PHX,suns,204038,Langston,Galloway,L. Galloway,langston-galloway,,DNP - Coach's Decision,,,0.0,0.0,0.0,0.0,0.0,0.0,0.0,0.0,0.0,0.0,0.0,0.0,0.0,0.0,0.0,0.0,0.0,0.0,0.0,0.0,0.0,0.0,2020-21,Playoffs
0042000234,1610612756,Phoenix,Suns,PHX,suns,1626163,Frank,Kaminsky,F. Kaminsky,frank-kaminsky,,DNP - Coach's Decision,,,0.0,0.0,0.0,0.0,0.0,0.0,0.0,0.0,0.0,0.0,0.0,0.0,0.0,0.0,0.0,0.0,0.0,0.0,0.0,0.0,0.0,0.0,2020-21,Playoffs
0042000234,1610612756,Phoenix,Suns,PHX,suns,202734,E'Twaun,Moore,E. Moore,etwaun-moore,,DNP - Coach's Decision,,,0.0,0.0,0.0,0.0,0.0,0.0,0.0,0.0,0.0,0.0,0.0,0.0,0.0,0.0,0.0,0.0,0.0,0.0,0.0,0.0,0.0,0.0,2020-21,Playoffs
0042000234,1610612756,Phoenix,Suns,PHX,suns,1630188,Jalen,Smith,J. Smith,jalen-smith,,DNP - Coach's Decision,,,0.0,0.0,0.0,0.0,0.0,0.0,0.0,0.0,0.0,0.0,0.0,0.0,0.0,0.0,0.0,0.0,0.0,0.0,0.0,0.0,0.0,0.0,2020-21,Playoffs
0042000234,1610612743,Denver,Nuggets,DEN,nuggets,1629008,Michael,Porter Jr.,M. Porter Jr.,michael-porter-jr,F,,,36:17,119.0,119.0,116.5,116.5,2.5,2.5,0.0,0.0,0.0,0.024,0.107,0.058,0.0,0.531,0.563,0.193,0.193,104.53,104.53,87.1,79.0,0.095,2020-21,Playoffs
0042000234,1610612743,Denver,Nuggets,DEN,nuggets,203932,Aaron,Gordon,A. Gordon,aaron-gordon,F,,,32:39,112.5,112.5,128.4,128.4,-15.9,-15.9,0.143,1.33,25.0,0.029,0.192,0.098,18.8,0.375,0.45,0.154,0.154,107.3,107.3,89.42,72.0,0.046,2020-21,Playoffs
0042000234,1610612743,Denver,Nuggets,DEN,nuggets,203999,Nikola,Jokić,N. Jokić,nikola-jokić,C,,,28:17,104.8,104.8,124.2,124.2,-19.4,-19.4,0.235,0.0,17.4,0.063,0.45,0.212,0.0,0.559,0.586,0.284,0.284,105.22,105.22,87.68,62.0,0.194,2020-21,Playoffs
0042000234,1610612743,Denver,Nuggets,DEN,nuggets,203115,Will,Barton,W. Barton,will-barton,G,,,39:20,115.7,115.7,117.0,117.0,-1.3,-1.3,0.067,1.0,7.4,0.0,0.152,0.065,7.4,0.5,0.549,0.255,0.255,108.0,108.0,90.0,89.0,0.097,2020-21,Playoffs
0042000234,1610612743,Denver,Nuggets,DEN,nuggets,1628420,Monte,Morris,M. Morris,monte-morris,G,,,34:39,103.8,103.8,122.0,122.0,-18.2,-18.2,0.25,6.0,26.1,0.0,0.0,0.0,4.3,0.6,0.582,0.198,0.198,112.21,112.21,93.51,80.0,0.077,2020-21,Playoffs
0042000234,1610612743,Denver,Nuggets,DEN,nuggets,203085,Austin,Rivers,A. Rivers,austin-rivers,,,,20:51,100.0,100.0,102.2,102.2,-2.2,-2.2,0.133,2.0,22.2,0.0,0.048,0.02,11.1,0.417,0.417,0.137,0.137,105.9,105.9,88.25,46.0,-0.03,2020-21,Playoffs
0042000234,1610612743,Denver,Nuggets,DEN,nuggets,1630267,Facundo,Campazzo,F. Campazzo,facundo-campazzo,,,,21:37,112.8,112.8,100.0,100.0,12.8,12.8,0.125,0.0,16.7,0.0,0.0,0.0,0.0,0.7,0.7,0.189,0.189,107.69,107.69,89.75,47.0,0.08,2020-21,Playoffs
0042000234,1610612743,Denver,Nuggets,DEN,nuggets,203210,JaMychal,Green,J. Green,jamychal-green,,,,6:08,100.0,100.0,91.7,91.7,8.3,8.3,0.0,0.0,0.0,0.0,0.429,0.2,0.0,0.0,0.0,0.071,0.071,93.91,93.91,78.26,12.0,0.111,2020-21,Playoffs
0042000234,1610612743,Denver,Nuggets,DEN,nuggets,201580,JaVale,McGee,J. McGee,javale-mcgee,,,,19:40,117.8,117.8,100.0,100.0,17.8,17.8,0.118,2.0,22.2,0.125,0.182,0.152,11.1,0.5,0.434,0.137,0.137,111.02,111.02,92.52,45.0,0.068,2020-21,Playoffs
0042000234,1610612743,Denver,Nuggets,DEN,nuggets,1627885,Shaquille,Harrison,S. Harrison,shaquille-harrison,,,,0:32,0.0,0.0,200.0,200.0,-200.0,-200.0,0.0,0.0,0.0,0.0,0.0,0.0,0.0,0.0,0.0,0.0,0.0,136.28,136.28,113.56,1.0,0.0,2020-21,Playoffs
0042000234,1610612743,Denver,Nuggets,DEN,nuggets,1629626,Bol,Bol,B. Bol,bol-bol,,DNP - Coach's Decision,,,0.0,0.0,0.0,0.0,0.0,0.0,0.0,0.0,0.0,0.0,0.0,0.0,0.0,0.0,0.0,0.0,0.0,0.0,0.0,0.0,0.0,0.0,2020-21,Playoffs
0042000234,1610612743,Denver,Nuggets,DEN,nuggets,1630210,Markus,Howard,M. Howard,markus-howard,,DNP - Coach's Decision,,,0.0,0.0,0.0,0.0,0.0,0.0,0.0,0.0,0.0,0.0,0.0,0.0,0.0,0.0,0.0,0.0,0.0,0.0,0.0,0.0,0.0,0.0,2020-21,Playoffs
0042000234,1610612743,Denver,Nuggets,DEN,nuggets,200794,Paul,Millsap,P. Millsap,paul-millsap,,DNP - Coach's Decision,,,0.0,0.0,0.0,0.0,0.0,0.0,0.0,0.0,0.0,0.0,0.0,0.0,0.0,0.0,0.0,0.0,0.0,0.0,0.0,0.0,0.0,0.0,2020-21,Playoffs
0042000234,1610612743,Denver,Nuggets,DEN,nuggets,1630192,Zeke,Nnaji,Z. Nnaji,zeke-nnaji,,DNP - Coach's Decision,,,0.0,0.0,0.0,0.0,0.0,0.0,0.0,0.0,0.0,0.0,0.0,0.0,0.0,0.0,0.0,0.0,0.0,0.0,0.0,0.0,0.0,0.0,2020-21,Playoffs
0042000234,1610612743,Denver,Nuggets,DEN,nuggets,1628427,Vlatko,Čančar,V. Čančar,vlatko-čančar,,DNP - Coach's Decision,,,0.0,0.0,0.0,0.0,0.0,0.0,0.0,0.0,0.0,0.0,0.0,0.0,0.0,0.0,0.0,0.0,0.0,0.0,0.0,0.0,0.0,0.0,2020-21,Playoffs
0042000301,1610612737,Atlanta,Hawks,ATL,hawks,1628989,Kevin,Huerter,K. Huerter,kevin-huerter,F,,,36:26,129.5,129.5,108.9,108.9,20.6,20.6,0.029,0.0,7.1,0.0,0.043,0.026,0.0,0.458,0.505,0.146,0.146,103.42,103.42,86.18,78.0,0.035,2020-21,Playoffs
0042000301,1610612737,Atlanta,Hawks,ATL,hawks,1628381,John,Collins,J. Collins,john-collins,F,,,36:57,122.8,122.8,103.7,103.7,19.1,19.1,0.034,0.5,5.3,0.147,0.2,0.179,10.5,0.719,0.719,0.198,0.198,104.57,104.57,87.14,79.0,0.159,2020-21,Playoffs
0042000301,1610612737,Atlanta,Hawks,ATL,hawks,203991,Clint,Capela,C. Capela,clint-capela,C,,,37:30,119.5,119.5,105.0,105.0,14.5,14.5,0.065,0.0,18.2,0.118,0.333,0.241,0.0,0.667,0.667,0.102,0.102,100.47,100.47,83.72,77.0,0.177,2020-21,Playoffs
0042000301,1610612737,Atlanta,Hawks,ATL,hawks,203992,Bogdan,Bogdanović,B. Bogdanović,bogdan-bogdanović,G,,,27:27,105.2,105.2,91.4,91.4,13.8,13.8,0.077,1.0,18.2,0.0,0.086,0.048,18.2,0.167,0.291,0.141,0.141,101.42,101.42,84.52,58.0,0.028,2020-21,Playoffs
0042000301,1610612737,Atlanta,Hawks,ATL,hawks,1629027,Trae,Young,T. Young,trae-young,G,,,41:05,122.7,122.7,108.9,108.9,13.8,13.8,0.407,1.83,19.6,0.025,0.12,0.078,10.7,0.559,0.611,0.441,0.441,103.98,103.98,86.65,88.0,0.202,2020-21,Playoffs
0042000301,1610612737,Atlanta,Hawks,ATL,hawks,203524,Solomon,Hill,S. Hill,solomon-hill,,,,20:20,102.4,102.4,106.7,106.7,-4.3,-4.3,0.133,0.0,33.3,0.04,0.091,0.064,0.0,0.5,0.5,0.082,0.082,102.66,102.66,85.55,42.0,0.052,2020-21,Playoffs
0042000301,1610612737,Atlanta,Hawks,ATL,hawks,201568,Danilo,Gallinari,D. Gallinari,danilo-gallinari,,,,25:26,98.2,98.2,125.5,125.5,-27.3,-27.3,0.0,0.0,0.0,0.0,0.037,0.019,10.0,0.5,0.5,0.169,0.169,103.82,103.82,86.52,55.0,0.017,2020-21,Playoffs
0042000301,1610612737,Atlanta,Hawks,ATL,hawks,101150,Lou,Williams,L. Williams,lou-williams,,,,12:11,70.4,70.4,114.8,114.8,-44.4,-44.4,0.0,0.0,0.0,0.0,0.0,0.0,0.0,0.3,0.3,0.167,0.167,106.42,106.42,88.68,27.0,-0.042,2020-21,Playoffs
0042000301,1610612737,Atlanta,Hawks,ATL,hawks,1630168,Onyeka,Okongwu,O. Okongwu,onyeka-okongwu,,,,2:38,83.3,83.3,157.1,157.1,-73.8,-73.8,0.0,0.0,0.0,0.167,0.0,0.143,0.0,0.0,0.0,0.0,0.0,118.48,118.48,98.73,6.0,0.061,2020-21,Playoffs
0042000301,1610612737,Atlanta,Hawks,ATL,hawks,1627739,Kris,Dunn,K. Dunn,kris-dunn,,DNP - Coach's Decision,,,0.0,0.0,0.0,0.0,0.0,0.0,0.0,0.0,0.0,0.0,0.0,0.0,0.0,0.0,0.0,0.0,0.0,0.0,0.0,0.0,0.0,0.0,2020-21,Playoffs
0042000301,1610612737,Atlanta,Hawks,ATL,hawks,1628981,Bruno,Fernando,B. Fernando,bruno-fernando,,DNP - Coach's Decision,,,0.0,0.0,0.0,0.0,0.0,0.0,0.0,0.0,0.0,0.0,0.0,0.0,0.0,0.0,0.0,0.0,0.0,0.0,0.0,0.0,0.0,0.0,2020-21,Playoffs
0042000301,1610612737,Atlanta,Hawks,ATL,hawks,1630233,Nathan,Knight,N. Knight,nathan-knight,,DNP - Coach's Decision,,,0.0,0.0,0.0,0.0,0.0,0.0,0.0,0.0,0.0,0.0,0.0,0.0,0.0,0.0,0.0,0.0,0.0,0.0,0.0,0.0,0.0,0.0,2020-21,Playoffs
0042000301,1610612737,Atlanta,Hawks,ATL,hawks,1630219,Skylar,Mays,S. Mays,skylar-mays,,DNP - Coach's Decision,,,0.0,0.0,0.0,0.0,0.0,0.0,0.0,0.0,0.0,0.0,0.0,0.0,0.0,0.0,0.0,0.0,0.0,0.0,0.0,0.0,0.0,0.0,2020-21,Playoffs
0042000301,1610612737,Atlanta,Hawks,ATL,hawks,1629629,Cam,Reddish,C. Reddish,cam-reddish,,DNP - Coach's Decision,,,0.0,0.0,0.0,0.0,0.0,0.0,0.0,0.0,0.0,0.0,0.0,0.0,0.0,0.0,0.0,0.0,0.0,0.0,0.0,0.0,0.0,0.0,2020-21,Playoffs
0042000301,1610612737,Atlanta,Hawks,ATL,hawks,203503,Tony,Snell,T. Snell,tony-snell,,DNP - Coach's Decision,,,0.0,0.0,0.0,0.0,0.0,0.0,0.0,0.0,0.0,0.0,0.0,0.0,0.0,0.0,0.0,0.0,0.0,0.0,0.0,0.0,0.0,0.0,2020-21,Playoffs
0042000301,1610612749,Milwaukee,Bucks,MIL,bucks,200782,P.J.,Tucker,P. Tucker,pj-tucker,F,,,34:55,111.0,111.0,112.2,112.2,-1.2,-1.2,0.065,0.0,40.0,0.077,0.108,0.092,0.0,0.667,0.667,0.037,0.037,101.04,101.04,84.2,73.0,0.049,2020-21,Playoffs
0042000301,1610612749,Milwaukee,Bucks,MIL,bucks,203507,Giannis,Antetokounmpo,G. Antetokounmpo,giannis-antetokounmpo,F,,,41:01,106.7,106.7,104.6,104.6,2.1,2.1,0.36,3.0,22.5,0.085,0.19,0.135,7.5,0.56,0.596,0.31,0.31,102.98,102.98,85.82,89.0,0.216,2020-21,Playoffs
0042000301,1610612749,Milwaukee,Bucks,MIL,bucks,201572,Brook,Lopez,B. Lopez,brook-lopez,C,,,20:15,88.9,88.9,125.6,125.6,-36.7,-36.7,0.0,0.0,0.0,0.037,0.056,0.044,0.0,0.5,0.5,0.137,0.137,104.3,104.3,86.91,45.0,0.058,2020-21,Playoffs
0042000301,1610612749,Milwaukee,Bucks,MIL,bucks,203114,Khris,Middleton,K. Middleton,khris-middleton,G,,,40:34,103.4,103.4,122.4,122.4,-18.9,-18.9,0.129,4.0,13.3,0.0,0.132,0.056,3.3,0.261,0.303,0.257,0.257,102.33,102.33,85.28,88.0,0.027,2020-21,Playoffs
0042000301,1610612749,Milwaukee,Bucks,MIL,bucks,201950,Jrue,Holiday,J. Holiday,jrue-holiday,G,,,41:46,111.0,111.0,116.9,116.9,-5.9,-5.9,0.37,3.33,26.3,0.0,0.098,0.044,7.9,0.66,0.66,0.272,0.272,103.43,103.43,86.19,91.0,0.168,2020-21,Playoffs
0042000301,1610612749,Milwaukee,Bucks,MIL,bucks,1626192,Pat,Connaughton,P. Connaughton,pat-connaughton,,,,28:44,119.4,119.4,111.1,111.1,8.2,8.2,0.0,0.0,0.0,0.03,0.133,0.079,0.0,0.167,0.291,0.096,0.096,104.41,104.41,87.01,62.0,0.019,2020-21,Playoffs
0042000301,1610612749,Milwaukee,Bucks,MIL,bucks,1626171,Bobby,Portis,B. Portis,bobby-portis,,,,14:42,109.1,109.1,109.1,109.1,0.0,0.0,0.083,1.0,10.0,0.158,0.313,0.229,10.0,0.688,0.688,0.225,0.225,107.76,107.76,89.8,33.0,0.193,2020-21,Playoffs
0042000301,1610612749,Milwaukee,Bucks,MIL,bucks,1627854,Bryn,Forbes,B. Forbes,bryn-forbes,,,,12:21,106.7,106.7,92.3,92.3,14.4,14.4,0.0,0.0,0.0,0.0,0.143,0.065,0.0,0.625,0.625,0.118,0.118,108.88,108.88,90.74,30.0,0.089,2020-21,Playoffs
0042000301,1610612749,Milwaukee,Bucks,MIL,bucks,201952,Jeff,Teague,J. Teague,jeff-teague,,,,5:42,125.0,125.0,116.7,116.7,8.3,8.3,0.143,0.0,50.0,0.0,0.0,0.0,0.0,0.0,0.0,0.071,0.071,101.05,101.05,84.21,12.0,0.0,2020-21,Playoffs
0042000301,1610612749,Milwaukee,Bucks,MIL,bucks,203648,Thanasis,Antetokounmpo,T. Antetokounmpo,thanasis-antetokounmpo,,DNP - Coach's Decision,,,0.0,0.0,0.0,0.0,0.0,0.0,0.0,0.0,0.0,0.0,0.0,0.0,0.0,0.0,0.0,0.0,0.0,0.0,0.0,0.0,0.0,0.0,2020-21,Playoffs
0042000301,1610612749,Milwaukee,Bucks,MIL,bucks,1629091,Elijah,Bryant,E. Bryant,elijah-bryant,,DNP - Coach's Decision,,,0.0,0.0,0.0,0.0,0.0,0.0,0.0,0.0,0.0,0.0,0.0,0.0,0.0,0.0,0.0,0.0,0.0,0.0,0.0,0.0,0.0,0.0,2020-21,Playoffs
0042000301,1610612749,Milwaukee,Bucks,MIL,bucks,1629603,Mamadi,Diakite,M. Diakite,mamadi-diakite,,DNP - Coach's Decision,,,0.0,0.0,0.0,0.0,0.0,0.0,0.0,0.0,0.0,0.0,0.0,0.0,0.0,0.0,0.0,0.0,0.0,0.0,0.0,0.0,0.0,0.0,2020-21,Playoffs
0042000301,1610612749,Milwaukee,Bucks,MIL,bucks,1630241,Sam,Merrill,S. Merrill,sam-merrill,,DNP - Coach's Decision,,,0.0,0.0,0.0,0.0,0.0,0.0,0.0,0.0,0.0,0.0,0.0,0.0,0.0,0.0,0.0,0.0,0.0,0.0,0.0,0.0,0.0,0.0,2020-21,Playoffs
0042000301,1610612749,Milwaukee,Bucks,MIL,bucks,1629670,Jordan,Nwora,J. Nwora,jordan-nwora,,DNP - Coach's Decision,,,0.0,0.0,0.0,0.0,0.0,0.0,0.0,0.0,0.0,0.0,0.0,0.0,0.0,0.0,0.0,0.0,0.0,0.0,0.0,0.0,0.0,0.0,2020-21,Playoffs
0042000301,1610612749,Milwaukee,Bucks,MIL,bucks,1626253,Axel,Toupane,A. Toupane,axel-toupane,,DNP - Coach's Decision,,,0.0,0.0,0.0,0.0,0.0,0.0,0.0,0.0,0.0,0.0,0.0,0.0,0.0,0.0,0.0,0.0,0.0,0.0,0.0,0.0,0.0,0.0,2020-21,Playoffs
0042000302,1610612737,Atlanta,Hawks,ATL,hawks,1628989,Kevin,Huerter,K. Huerter,kevin-huerter,F,,,30:21,79.0,79.0,127.0,127.0,-48.0,-48.0,0.059,0.33,7.1,0.0,0.077,0.034,21.4,0.4,0.4,0.188,0.188,98.84,98.84,82.36,62.0,-0.005,2020-21,Playoffs
0042000302,1610612737,Atlanta,Hawks,ATL,hawks,1628381,John,Collins,J. Collins,john-collins,F,,,24:02,74.0,74.0,140.0,140.0,-66.0,-66.0,0.0,0.0,0.0,0.115,0.217,0.163,10.0,0.611,0.611,0.179,0.179,99.86,99.86,83.22,50.0,0.093,2020-21,Playoffs
0042000302,1610612737,Atlanta,Hawks,ATL,hawks,203991,Clint,Capela,C. Capela,clint-capela,C,,,24:43,78.8,78.8,124.0,124.0,-45.2,-45.2,0.0,0.0,0.0,0.107,0.208,0.154,28.6,0.2,0.2,0.119,0.119,99.04,99.04,82.54,52.0,0.006,2020-21,Playoffs
0042000302,1610612737,Atlanta,Hawks,ATL,hawks,203992,Bogdan,Bogdanović,B. Bogdanović,bogdan-bogdanović,G,,,18:11,70.3,70.3,128.9,128.9,-58.7,-58.7,0.5,0.0,40.0,0.0,0.0,0.0,0.0,0.667,0.667,0.14,0.14,98.99,98.99,82.49,37.0,0.109,2020-21,Playoffs
0042000302,1610612737,Atlanta,Hawks,ATL,hawks,1629027,Trae,Young,T. Young,trae-young,G,,,28:15,86.7,86.7,135.0,135.0,-48.3,-48.3,0.214,0.33,10.3,0.0,0.069,0.034,31.0,0.406,0.433,0.388,0.388,101.95,101.95,84.96,60.0,0.018,2020-21,Playoffs
0042000302,1610612737,Atlanta,Hawks,ATL,hawks,203524,Solomon,Hill,S. Hill,solomon-hill,,,,17:40,110.5,110.5,115.4,115.4,-4.9,-4.9,0.0,0.0,0.0,0.0,0.105,0.059,0.0,0.0,0.174,0.07,0.07,104.6,104.6,87.17,38.0,0.0,2020-21,Playoffs
0042000302,1610612737,Atlanta,Hawks,ATL,hawks,101150,Lou,Williams,L. Williams,lou-williams,,,,12:45,92.9,92.9,135.7,135.7,-42.9,-42.9,0.25,0.0,25.0,0.0,0.083,0.042,0.0,0.417,0.417,0.194,0.194,105.41,105.41,87.84,28.0,0.079,2020-21,Playoffs
0042000302,1610612737,Atlanta,Hawks,ATL,hawks,201568,Danilo,Gallinari,D. Gallinari,danilo-gallinari,,,,15:41,76.5,76.5,145.7,145.7,-69.2,-69.2,0.0,0.0,0.0,0.0,0.154,0.071,10.0,0.643,0.685,0.263,0.263,105.59,105.59,87.99,34.0,0.078,2020-21,Playoffs
0042000302,1610612737,Atlanta,Hawks,ATL,hawks,1630168,Onyeka,Okongwu,O. Okongwu,onyeka-okongwu,,,,13:27,100.0,100.0,125.0,125.0,-25.0,-25.0,0.0,0.0,0.0,0.067,0.154,0.107,20.0,0.5,0.5,0.147,0.147,103.49,103.49,86.25,30.0,0.071,2020-21,Playoffs
0042000302,1610612737,Atlanta,Hawks,ATL,hawks,1629629,Cam,Reddish,C. Reddish,cam-reddish,,,,17:03,84.6,84.6,115.8,115.8,-31.2,-31.2,0.0,0.0,0.0,0.0,0.111,0.057,0.0,0.45,0.506,0.268,0.268,108.41,108.41,90.34,39.0,0.101,2020-21,Playoffs
0042000302,1610612737,Atlanta,Hawks,ATL,hawks,1630233,Nathan,Knight,N. Knight,nathan-knight,,,,4:12,112.5,112.5,112.5,112.5,0.0,0.0,0.0,0.0,0.0,0.0,0.167,0.083,0.0,0.0,0.0,0.1,0.1,91.43,91.43,76.19,8.0,0.0,2020-21,Playoffs
0042000302,1610612737,Atlanta,Hawks,ATL,hawks,1627739,Kris,Dunn,K. Dunn,kris-dunn,,,,10:53,117.4,117.4,90.9,90.9,26.5,26.5,0.25,0.0,40.0,0.0,0.133,0.083,0.0,1.0,1.087,0.12,0.12,99.23,99.23,82.7,23.0,0.275,2020-21,Playoffs
0042000302,1610612737,Atlanta,Hawks,ATL,hawks,203503,Tony,Snell,T. Snell,tony-snell,,,,9:25,105.0,105.0,95.0,95.0,10.0,10.0,0.0,0.0,0.0,0.0,0.0,0.0,40.0,0.333,0.333,0.25,0.25,101.95,101.95,84.96,20.0,-0.098,2020-21,Playoffs
0042000302,1610612737,Atlanta,Hawks,ATL,hawks,1628981,Bruno,Fernando,B. Fernando,bruno-fernando,,,,6:41,120.0,120.0,78.6,78.6,41.4,41.4,0.0,0.0,0.0,0.0,0.0,0.0,0.0,1.0,1.064,0.133,0.133,104.14,104.14,86.78,15.0,0.216,2020-21,Playoffs
0042000302,1610612737,Atlanta,Hawks,ATL,hawks,1630219,Skylar,Mays,S. Mays,skylar-mays,,,,6:41,120.0,120.0,78.6,78.6,41.4,41.4,0.2,0.0,50.0,0.0,0.111,0.083,0.0,1.0,1.0,0.067,0.067,104.14,104.14,86.78,15.0,0.324,2020-21,Playoffs
0042000302,1610612749,Milwaukee,Bucks,MIL,bucks,200782,P.J.,Tucker,P. Tucker,pj-tucker,F,,,26:09,132.7,132.7,74.5,74.5,58.2,58.2,0.1,0.0,60.0,0.087,0.167,0.132,0.0,0.0,0.266,0.032,0.032,100.96,100.96,84.13,55.0,0.096,2020-21,Playoffs
0042000302,1610612749,Milwaukee,Bucks,MIL,bucks,203507,Giannis,Antetokounmpo,G. Antetokounmpo,giannis-antetokounmpo,F,,,29:06,141.0,141.0,91.8,91.8,49.2,49.2,0.25,6.0,22.2,0.115,0.207,0.164,3.7,0.611,0.633,0.296,0.296,100.64,100.64,83.86,61.0,0.246,2020-21,Playoffs
0042000302,1610612749,Milwaukee,Bucks,MIL,bucks,201572,Brook,Lopez,B. Lopez,brook-lopez,C,,,23:02,128.0,128.0,68.8,68.8,59.3,59.3,0.0,0.0,0.0,0.0,0.04,0.022,11.1,0.938,0.948,0.158,0.158,102.11,102.11,85.09,50.0,0.224,2020-21,Playoffs
0042000302,1610612749,Milwaukee,Bucks,MIL,bucks,203114,Khris,Middleton,K. Middleton,khris-middleton,G,,,28:01,135.1,135.1,61.4,61.4,73.7,73.7,0.308,4.0,34.8,0.077,0.152,0.119,8.7,0.538,0.558,0.227,0.227,97.64,97.64,81.37,57.0,0.205,2020-21,Playoffs
0042000302,1610612749,Milwaukee,Bucks,MIL,bucks,201950,Jrue,Holiday,J. Holiday,jrue-holiday,G,,,32:03,134.3,134.3,82.4,82.4,52.0,52.0,0.269,2.33,28.0,0.0,0.059,0.03,12.0,0.75,0.718,0.231,0.231,101.09,101.09,84.24,67.0,0.174,2020-21,Playoffs
0042000302,1610612749,Milwaukee,Bucks,MIL,bucks,1626192,Pat,Connaughton,P. Connaughton,pat-connaughton,,,,13:15,142.9,142.9,110.7,110.7,32.1,32.1,0.083,0.5,16.7,0.091,0.091,0.091,33.3,1.5,1.5,0.161,0.161,101.41,101.41,84.51,28.0,0.093,2020-21,Playoffs
0042000302,1610612749,Milwaukee,Bucks,MIL,bucks,1627854,Bryn,Forbes,B. Forbes,bryn-forbes,,,,12:45,130.0,130.0,96.7,96.7,33.3,33.3,0.0,0.0,0.0,0.0,0.091,0.042,0.0,0.571,0.571,0.212,0.212,112.94,112.94,94.12,30.0,0.052,2020-21,Playoffs
0042000302,1610612749,Milwaukee,Bucks,MIL,bucks,1626171,Bobby,Portis,B. Portis,bobby-portis,,,,17:53,123.1,123.1,105.3,105.3,17.8,17.8,0.063,1.0,10.0,0.0,0.167,0.088,10.0,0.5,0.508,0.209,0.209,103.34,103.34,86.11,39.0,0.113,2020-21,Playoffs
0042000302,1610612749,Milwaukee,Bucks,MIL,bucks,203648,Thanasis,Antetokounmpo,T. Antetokounmpo,thanasis-antetokounmpo,,,,9:57,95.2,95.2,104.8,104.8,-9.5,-9.5,0.0,0.0,0.0,0.091,0.1,0.095,0.0,0.5,0.5,0.08,0.08,101.31,101.31,84.42,21.0,0.046,2020-21,Playoffs
0042000302,1610612749,Milwaukee,Bucks,MIL,bucks,201952,Jeff,Teague,J. Teague,jeff-teague,,,,7:49,106.3,106.3,112.5,112.5,-6.3,-6.3,0.25,1.0,14.3,0.0,0.0,0.0,14.3,0.6,0.643,0.3,0.3,98.29,98.29,81.91,16.0,0.138,2020-21,Playoffs
0042000302,1610612749,Milwaukee,Bucks,MIL,bucks,1629670,Jordan,Nwora,J. Nwora,jordan-nwora,,,,12:00,88.0,88.0,112.0,112.0,-24.0,-24.0,0.125,1.0,12.5,0.25,0.2,0.231,12.5,0.2,0.255,0.212,0.212,100.0,100.0,83.33,25.0,0.056,2020-21,Playoffs
0042000302,1610612749,Milwaukee,Bucks,MIL,bucks,1629091,Elijah,Bryant,E. Bryant,elijah-bryant,,,,10:53,90.9,90.9,117.4,117.4,-26.5,-26.5,0.143,1.0,12.5,0.133,0.222,0.167,12.5,0.167,0.167,0.233,0.233,99.23,99.23,82.7,22.0,-0.029,2020-21,Playoffs
0042000302,1610612749,Milwaukee,Bucks,MIL,bucks,1629603,Mamadi,Diakite,M. Diakite,mamadi-diakite,,,,9:25,95.0,95.0,105.0,105.0,-10.0,-10.0,0.0,0.0,0.0,0.0,0.143,0.048,25.0,0.833,0.833,0.143,0.143,101.95,101.95,84.96,20.0,0.098,2020-21,Playoffs
0042000302,1610612749,Milwaukee,Bucks,MIL,bucks,1630241,Sam,Merrill,S. Merrill,sam-merrill,,,,4:18,50.0,50.0,100.0,100.0,-50.0,-50.0,0.0,0.0,0.0,0.167,0.0,0.125,0.0,0.5,0.5,0.143,0.143,111.63,111.63,93.02,10.0,0.273,2020-21,Playoffs
0042000302,1610612749,Milwaukee,Bucks,MIL,bucks,1628382,Justin,Jackson,J. Jackson,justin-jackson,,,,3:24,62.5,62.5,100.0,100.0,-37.5,-37.5,0.0,0.0,0.0,0.0,0.5,0.143,33.3,0.0,0.0,0.25,0.25,112.94,112.94,94.12,8.0,-0.5,2020-21,Playoffs
0042000303,1610612749,Milwaukee,Bucks,MIL,bucks,200782,P.J.,Tucker,P. Tucker,pj-tucker,F,,,33:42,117.2,117.2,115.6,115.6,1.6,1.6,0.065,0.0,40.0,0.063,0.182,0.123,0.0,0.5,0.5,0.04,0.04,91.14,91.14,75.95,64.0,0.066,2020-21,Playoffs
0042000303,1610612749,Milwaukee,Bucks,MIL,bucks,203507,Giannis,Antetokounmpo,G. Antetokounmpo,giannis-antetokounmpo,F,,,40:49,118.5,118.5,112.5,112.5,6.0,6.0,0.167,1.0,11.4,0.049,0.22,0.134,11.4,0.643,0.618,0.323,0.323,94.67,94.67,78.89,81.0,0.163,2020-21,Playoffs
0042000303,1610612749,Milwaukee,Bucks,MIL,bucks,201572,Brook,Lopez,B. Lopez,brook-lopez,C,,,24:47,96.1,96.1,132.0,132.0,-35.9,-35.9,0.0,0.0,0.0,0.077,0.042,0.06,0.0,0.667,0.727,0.119,0.119,97.82,97.82,81.52,51.0,0.089,2020-21,Playoffs
0042000303,1610612749,Milwaukee,Bucks,MIL,bucks,203114,Khris,Middleton,K. Middleton,khris-middleton,G,,,42:28,130.5,130.5,109.6,109.6,20.8,20.8,0.25,1.75,18.4,0.0,0.282,0.147,10.5,0.692,0.707,0.33,0.33,93.25,93.25,77.71,82.0,0.2,2020-21,Playoffs
0042000303,1610612749,Milwaukee,Bucks,MIL,bucks,201950,Jrue,Holiday,J. Holiday,jrue-holiday,G,,,41:45,114.8,114.8,110.1,110.1,4.7,4.7,0.324,12.0,46.2,0.051,0.05,0.051,3.8,0.182,0.235,0.149,0.149,91.98,91.98,76.65,81.0,0.069,2020-21,Playoffs
0042000303,1610612749,Milwaukee,Bucks,MIL,bucks,1626171,Bobby,Portis,B. Portis,bobby-portis,,,,16:31,122.9,122.9,78.8,78.8,44.1,44.1,0.111,0.0,7.7,0.095,0.125,0.108,0.0,0.625,0.625,0.267,0.267,98.77,98.77,82.31,35.0,0.226,2020-21,Playoffs
0042000303,1610612749,Milwaukee,Bucks,MIL,bucks,1626192,Pat,Connaughton,P. Connaughton,pat-connaughton,,,,32:07,128.1,128.1,87.7,87.7,40.4,40.4,0.034,1.0,20.0,0.121,0.111,0.116,20.0,0.833,0.833,0.051,0.051,96.4,96.4,80.33,64.0,0.086,2020-21,Playoffs
0042000303,1610612749,Milwaukee,Bucks,MIL,bucks,1627854,Bryn,Forbes,B. Forbes,bryn-forbes,,,,7:07,100.0,100.0,81.3,81.3,18.8,18.8,0.0,0.0,0.0,0.083,0.0,0.043,14.3,0.25,0.25,0.318,0.318,107.94,107.94,89.95,16.0,-0.128,2020-21,Playoffs
0042000303,1610612749,Milwaukee,Bucks,MIL,bucks,203648,Thanasis,Antetokounmpo,T. Antetokounmpo,thanasis-antetokounmpo,,,,0:22,200.0,200.0,150.0,150.0,50.0,50.0,0.0,0.0,0.0,0.0,0.0,0.0,0.0,0.0,0.0,0.0,0.0,198.17,198.17,165.14,1.0,0.0,2020-21,Playoffs
0042000303,1610612749,Milwaukee,Bucks,MIL,bucks,201952,Jeff,Teague,J. Teague,jeff-teague,,,,0:22,200.0,200.0,150.0,150.0,50.0,50.0,0.0,0.0,0.0,0.0,0.0,0.0,0.0,0.0,0.0,0.0,0.0,198.17,198.17,165.14,1.0,0.0,2020-21,Playoffs
0042000303,1610612749,Milwaukee,Bucks,MIL,bucks,1629091,Elijah,Bryant,E. Bryant,elijah-bryant,,DNP - Coach's Decision,,,0.0,0.0,0.0,0.0,0.0,0.0,0.0,0.0,0.0,0.0,0.0,0.0,0.0,0.0,0.0,0.0,0.0,0.0,0.0,0.0,0.0,0.0,2020-21,Playoffs
0042000303,1610612749,Milwaukee,Bucks,MIL,bucks,1629603,Mamadi,Diakite,M. Diakite,mamadi-diakite,,DNP - Coach's Decision,,,0.0,0.0,0.0,0.0,0.0,0.0,0.0,0.0,0.0,0.0,0.0,0.0,0.0,0.0,0.0,0.0,0.0,0.0,0.0,0.0,0.0,0.0,2020-21,Playoffs
0042000303,1610612749,Milwaukee,Bucks,MIL,bucks,1628382,Justin,Jackson,J. Jackson,justin-jackson,,DNP - Coach's Decision,,,0.0,0.0,0.0,0.0,0.0,0.0,0.0,0.0,0.0,0.0,0.0,0.0,0.0,0.0,0.0,0.0,0.0,0.0,0.0,0.0,0.0,0.0,2020-21,Playoffs
0042000303,1610612749,Milwaukee,Bucks,MIL,bucks,1630241,Sam,Merrill,S. Merrill,sam-merrill,,DNP - Coach's Decision,,,0.0,0.0,0.0,0.0,0.0,0.0,0.0,0.0,0.0,0.0,0.0,0.0,0.0,0.0,0.0,0.0,0.0,0.0,0.0,0.0,0.0,0.0,2020-21,Playoffs
0042000303,1610612749,Milwaukee,Bucks,MIL,bucks,1629670,Jordan,Nwora,J. Nwora,jordan-nwora,,DNP - Coach's Decision,,,0.0,0.0,0.0,0.0,0.0,0.0,0.0,0.0,0.0,0.0,0.0,0.0,0.0,0.0,0.0,0.0,0.0,0.0,0.0,0.0,0.0,0.0,2020-21,Playoffs
0042000303,1610612737,Atlanta,Hawks,ATL,hawks,1628989,Kevin,Huerter,K. Huerter,kevin-huerter,F,,,36:36,116.7,116.7,105.6,105.6,11.0,11.0,0.25,0.0,38.9,0.0,0.105,0.053,0.0,0.5,0.5,0.131,0.131,93.77,93.77,78.14,72.0,0.096,2020-21,Playoffs
0042000303,1610612737,Atlanta,Hawks,ATL,hawks,1628381,John,Collins,J. Collins,john-collins,F,,,23:11,106.7,106.7,122.7,122.7,-16.1,-16.1,0.067,0.5,8.3,0.091,0.4,0.216,16.7,0.813,0.732,0.22,0.22,92.14,92.14,76.78,45.0,0.107,2020-21,Playoffs
0042000303,1610612737,Atlanta,Hawks,ATL,hawks,203991,Clint,Capela,C. Capela,clint-capela,C,,,27:30,125.9,125.9,103.6,103.6,22.3,22.3,0.1,2.0,16.7,0.214,0.156,0.183,8.3,0.571,0.457,0.159,0.159,95.13,95.13,79.27,54.0,0.078,2020-21,Playoffs
0042000303,1610612737,Atlanta,Hawks,ATL,hawks,203992,Bogdan,Bogdanović,B. Bogdanović,bogdan-bogdanović,G,,,35:24,114.5,114.5,119.1,119.1,-4.6,-4.6,0.103,3.0,15.0,0.0,0.069,0.03,5.0,0.25,0.25,0.213,0.213,92.89,92.89,77.41,69.0,0.01,2020-21,Playoffs
0042000303,1610612737,Atlanta,Hawks,ATL,hawks,1629027,Trae,Young,T. Young,trae-young,G,,,39:21,113.2,113.2,130.3,130.3,-17.1,-17.1,0.19,1.0,12.1,0.0,0.0,0.0,12.1,0.652,0.683,0.341,0.341,92.72,92.72,77.27,76.0,0.139,2020-21,Playoffs
0042000303,1610612737,Atlanta,Hawks,ATL,hawks,201568,Danilo,Gallinari,D. Gallinari,danilo-gallinari,,,,35:57,98.6,98.6,123.9,123.9,-25.4,-25.4,0.0,0.0,0.0,0.026,0.075,0.051,16.7,0.571,0.605,0.222,0.222,94.8,94.8,79.0,71.0,0.088,2020-21,Playoffs
0042000303,1610612737,Atlanta,Hawks,ATL,hawks,203524,Solomon,Hill,S. Hill,solomon-hill,,,,15:06,78.1,78.1,121.9,121.9,-43.8,-43.8,0.0,0.0,0.0,0.0,0.1,0.057,0.0,0.0,0.0,0.0,0.0,101.69,101.69,84.74,32.0,-0.02,2020-21,Playoffs
0042000303,1610612737,Atlanta,Hawks,ATL,hawks,101150,Lou,Williams,L. Williams,lou-williams,,,,17:55,97.2,97.2,127.0,127.0,-29.8,-29.8,0.25,3.0,37.5,0.0,0.095,0.05,12.5,0.5,0.644,0.128,0.128,97.79,97.79,81.49,36.0,0.09,2020-21,Playoffs
0042000303,1610612737,Atlanta,Hawks,ATL,hawks,1630168,Onyeka,Okongwu,O. Okongwu,onyeka-okongwu,,,,9:00,83.3,83.3,138.9,138.9,-55.6,-55.6,0.0,0.0,0.0,0.0,0.222,0.125,0.0,1.0,1.0,0.111,0.111,95.96,95.96,79.97,18.0,0.115,2020-21,Playoffs
0042000303,1610612737,Atlanta,Hawks,ATL,hawks,1627739,Kris,Dunn,K. Dunn,kris-dunn,,DNP - Coach's Decision,,,0.0,0.0,0.0,0.0,0.0,0.0,0.0,0.0,0.0,0.0,0.0,0.0,0.0,0.0,0.0,0.0,0.0,0.0,0.0,0.0,0.0,0.0,2020-21,Playoffs
0042000303,1610612737,Atlanta,Hawks,ATL,hawks,1628981,Bruno,Fernando,B. Fernando,bruno-fernando,,DNP - Coach's Decision,,,0.0,0.0,0.0,0.0,0.0,0.0,0.0,0.0,0.0,0.0,0.0,0.0,0.0,0.0,0.0,0.0,0.0,0.0,0.0,0.0,0.0,0.0,2020-21,Playoffs
0042000303,1610612737,Atlanta,Hawks,ATL,hawks,1630233,Nathan,Knight,N. Knight,nathan-knight,,DNP - Coach's Decision,,,0.0,0.0,0.0,0.0,0.0,0.0,0.0,0.0,0.0,0.0,0.0,0.0,0.0,0.0,0.0,0.0,0.0,0.0,0.0,0.0,0.0,0.0,2020-21,Playoffs
0042000303,1610612737,Atlanta,Hawks,ATL,hawks,1630219,Skylar,Mays,S. Mays,skylar-mays,,DNP - Coach's Decision,,,0.0,0.0,0.0,0.0,0.0,0.0,0.0,0.0,0.0,0.0,0.0,0.0,0.0,0.0,0.0,0.0,0.0,0.0,0.0,0.0,0.0,0.0,2020-21,Playoffs
0042000303,1610612737,Atlanta,Hawks,ATL,hawks,1629629,Cam,Reddish,C. Reddish,cam-reddish,,DNP - Coach's Decision,,,0.0,0.0,0.0,0.0,0.0,0.0,0.0,0.0,0.0,0.0,0.0,0.0,0.0,0.0,0.0,0.0,0.0,0.0,0.0,0.0,0.0,0.0,2020-21,Playoffs
0042000303,1610612737,Atlanta,Hawks,ATL,hawks,203503,Tony,Snell,T. Snell,tony-snell,,DNP - Coach's Decision,,,0.0,0.0,0.0,0.0,0.0,0.0,0.0,0.0,0.0,0.0,0.0,0.0,0.0,0.0,0.0,0.0,0.0,0.0,0.0,0.0,0.0,0.0,2020-21,Playoffs
0042000304,1610612749,Milwaukee,Bucks,MIL,bucks,200782,P.J.,Tucker,P. Tucker,pj-tucker,F,,,27:12,90.2,90.2,115.4,115.4,-25.2,-25.2,0.0,0.0,0.0,0.0,0.077,0.037,0.0,0.571,0.571,0.121,0.121,90.88,90.88,75.74,51.0,0.046,2020-21,Playoffs
0042000304,1610612749,Milwaukee,Bucks,MIL,bucks,203507,Giannis,Antetokounmpo,G. Antetokounmpo,giannis-antetokounmpo,F,,,24:04,91.5,91.5,117.4,117.4,-25.9,-25.9,0.3,1.5,18.8,0.033,0.304,0.151,12.5,0.7,0.618,0.224,0.224,92.74,92.74,77.29,47.0,0.185,2020-21,Playoffs
0042000304,1610612749,Milwaukee,Bucks,MIL,bucks,201572,Brook,Lopez,B. Lopez,brook-lopez,C,,,28:52,96.3,96.3,127.8,127.8,-31.5,-31.5,0.0,0.0,0.0,0.033,0.148,0.088,25.0,0.583,0.583,0.123,0.123,89.79,89.79,74.83,54.0,0.037,2020-21,Playoffs
0042000304,1610612749,Milwaukee,Bucks,MIL,bucks,203114,Khris,Middleton,K. Middleton,khris-middleton,G,,,36:13,91.4,91.4,129.0,129.0,-37.6,-37.6,0.278,1.25,17.9,0.077,0.156,0.113,14.3,0.353,0.426,0.284,0.284,92.11,92.11,76.76,70.0,0.092,2020-21,Playoffs
0042000304,1610612749,Milwaukee,Bucks,MIL,bucks,201950,Jrue,Holiday,J. Holiday,jrue-holiday,G,,,38:15,95.8,95.8,117.8,117.8,-22.0,-22.0,0.429,2.25,27.3,0.049,0.083,0.065,12.1,0.412,0.484,0.282,0.282,90.35,90.35,75.29,71.0,0.11,2020-21,Playoffs
0042000304,1610612749,Milwaukee,Bucks,MIL,bucks,1626171,Bobby,Portis,B. Portis,bobby-portis,,,,20:38,104.8,104.8,112.2,112.2,-7.4,-7.4,0.0,0.0,0.0,0.136,0.211,0.171,18.2,0.389,0.389,0.224,0.224,96.54,96.54,80.45,42.0,0.03,2020-21,Playoffs
0042000304,1610612749,Milwaukee,Bucks,MIL,bucks,1626192,Pat,Connaughton,P. Connaughton,pat-connaughton,,,,26:24,94.3,94.3,134.0,134.0,-39.6,-39.6,0.059,0.0,25.0,0.067,0.0,0.038,0.0,0.333,0.436,0.051,0.051,96.36,96.36,80.3,53.0,0.013,2020-21,Playoffs
0042000304,1610612749,Milwaukee,Bucks,MIL,bucks,1627854,Bryn,Forbes,B. Forbes,bryn-forbes,,,,14:23,103.6,103.6,129.6,129.6,-26.1,-26.1,0.0,0.0,0.0,0.0,0.154,0.065,0.0,0.5,0.5,0.167,0.167,91.77,91.77,76.48,28.0,0.052,2020-21,Playoffs
0042000304,1610612749,Milwaukee,Bucks,MIL,bucks,201952,Jeff,Teague,J. Teague,jeff-teague,,,,2:24,100.0,100.0,200.0,200.0,-100.0,-100.0,0.0,0.0,0.0,0.0,0.0,0.0,0.0,0.0,0.0,0.25,0.25,90.0,90.0,75.0,4.0,-0.071,2020-21,Playoffs
0042000304,1610612749,Milwaukee,Bucks,MIL,bucks,1629603,Mamadi,Diakite,M. Diakite,mamadi-diakite,,,,4:19,72.7,72.7,54.5,54.5,18.2,18.2,0.0,0.0,0.0,0.0,0.0,0.0,0.0,0.0,0.0,0.273,0.273,122.32,122.32,101.93,11.0,-0.261,2020-21,Playoffs
0042000304,1610612749,Milwaukee,Bucks,MIL,bucks,1630241,Sam,Merrill,S. Merrill,sam-merrill,,,,4:19,72.7,72.7,54.5,54.5,18.2,18.2,0.0,0.0,0.0,0.0,0.75,0.273,0.0,0.0,0.0,0.0,0.0,122.32,122.32,101.93,11.0,0.348,2020-21,Playoffs
0042000304,1610612749,Milwaukee,Bucks,MIL,bucks,1629670,Jordan,Nwora,J. Nwora,jordan-nwora,,,,4:19,72.7,72.7,54.5,54.5,18.2,18.2,0.0,0.0,0.0,0.0,0.0,0.0,0.0,0.0,0.476,0.364,0.364,122.32,122.32,101.93,11.0,0.087,2020-21,Playoffs
0042000304,1610612749,Milwaukee,Bucks,MIL,bucks,1629091,Elijah,Bryant,E. Bryant,elijah-bryant,,,,4:19,72.7,72.7,54.5,54.5,18.2,18.2,0.0,0.0,0.0,0.0,0.0,0.0,0.0,0.5,0.5,0.182,0.182,122.32,122.32,101.93,11.0,0.087,2020-21,Playoffs
0042000304,1610612749,Milwaukee,Bucks,MIL,bucks,203648,Thanasis,Antetokounmpo,T. Antetokounmpo,thanasis-antetokounmpo,,,,4:19,72.7,72.7,54.5,54.5,18.2,18.2,1.0,1.0,33.3,0.0,0.25,0.091,33.3,1.0,1.0,0.182,0.182,122.32,122.32,101.93,11.0,0.348,2020-21,Playoffs
0042000304,1610612749,Milwaukee,Bucks,MIL,bucks,1628382,Justin,Jackson,J. Jackson,justin-jackson,,DNP - Coach's Decision,,,0.0,0.0,0.0,0.0,0.0,0.0,0.0,0.0,0.0,0.0,0.0,0.0,0.0,0.0,0.0,0.0,0.0,0.0,0.0,0.0,0.0,0.0,2020-21,Playoffs
0042000304,1610612737,Atlanta,Hawks,ATL,hawks,1628989,Kevin,Huerter,K. Huerter,kevin-huerter,F,,,36:02,122.9,122.9,94.3,94.3,28.6,28.6,0.269,0.0,31.8,0.057,0.098,0.079,0.0,0.5,0.5,0.19,0.19,93.25,93.25,77.71,70.0,0.142,2020-21,Playoffs
0042000304,1610612737,Atlanta,Hawks,ATL,hawks,1628381,John,Collins,J. Collins,john-collins,F,,,29:45,135.7,135.7,87.7,87.7,48.0,48.0,0.038,0.0,11.1,0.042,0.207,0.132,0.0,0.25,0.25,0.127,0.127,91.15,91.15,75.96,56.0,0.037,2020-21,Playoffs
0042000304,1610612737,Atlanta,Hawks,ATL,hawks,203991,Clint,Capela,C. Capela,clint-capela,C,,,27:51,124.1,124.1,90.7,90.7,33.3,33.3,0.05,1.0,9.1,0.083,0.192,0.14,9.1,0.857,0.856,0.164,0.164,93.06,93.06,77.55,54.0,0.185,2020-21,Playoffs
0042000304,1610612737,Atlanta,Hawks,ATL,hawks,203992,Bogdan,Bogdanović,B. Bogdanović,bogdan-bogdanović,G,,,33:21,125.4,125.4,88.5,88.5,36.9,36.9,0.2,2.5,19.2,0.033,0.054,0.045,7.7,0.526,0.526,0.288,0.288,89.24,89.24,74.36,63.0,0.122,2020-21,Playoffs
0042000304,1610612737,Atlanta,Hawks,ATL,hawks,101150,Lou,Williams,L. Williams,lou-williams,G,,,35:00,119.4,119.4,100.0,100.0,19.4,19.4,0.333,8.0,38.1,0.033,0.103,0.072,4.8,0.889,0.902,0.173,0.173,90.51,90.51,75.43,67.0,0.226,2020-21,Playoffs
0042000304,1610612737,Atlanta,Hawks,ATL,hawks,1627739,Kris,Dunn,K. Dunn,kris-dunn,,,,10:57,100.0,100.0,95.8,95.8,4.2,4.2,0.2,1.0,33.3,0.0,0.077,0.043,33.3,0.0,0.0,0.148,0.148,109.59,109.59,91.32,26.0,-0.011,2020-21,Playoffs
0042000304,1610612737,Atlanta,Hawks,ATL,hawks,1629629,Cam,Reddish,C. Reddish,cam-reddish,,,,23:20,104.1,104.1,93.9,93.9,10.2,10.2,0.143,1.0,15.4,0.0,0.2,0.106,15.4,0.667,0.667,0.204,0.204,100.8,100.8,84.0,49.0,0.131,2020-21,Playoffs
0042000304,1610612737,Atlanta,Hawks,ATL,hawks,201568,Danilo,Gallinari,D. Gallinari,danilo-gallinari,,,,19:05,116.2,116.2,105.3,105.3,11.0,11.0,0.0,0.0,0.0,0.0,0.083,0.047,18.2,0.5,0.563,0.268,0.268,94.33,94.33,78.61,37.0,0.038,2020-21,Playoffs
0042000304,1610612737,Atlanta,Hawks,ATL,hawks,1630168,Onyeka,Okongwu,O. Okongwu,onyeka-okongwu,,,,14:51,84.8,84.8,85.3,85.3,-0.4,-0.4,0.0,0.0,0.0,0.059,0.083,0.073,0.0,1.0,1.017,0.081,0.081,108.29,108.29,90.25,33.0,0.158,2020-21,Playoffs
0042000304,1610612737,Atlanta,Hawks,ATL,hawks,1630233,Nathan,Knight,N. Knight,nathan-knight,,,,3:28,60.0,60.0,66.7,66.7,-6.7,-6.7,0.0,0.0,0.0,0.0,0.5,0.333,0.0,0.5,0.5,0.2,0.2,131.54,131.54,109.62,10.0,0.471,2020-21,Playoffs
0042000304,1610612737,Atlanta,Hawks,ATL,hawks,1630219,Skylar,Mays,S. Mays,skylar-mays,,,,3:22,60.0,60.0,66.7,66.7,-6.7,-6.7,0.0,0.0,0.0,0.0,0.167,0.111,0.0,1.0,1.0,0.2,0.2,135.45,135.45,112.87,10.0,0.421,2020-21,Playoffs
0042000304,1610612737,Atlanta,Hawks,ATL,hawks,203503,Tony,Snell,T. Snell,tony-snell,,,,1:58,40.0,40.0,80.0,80.0,-40.0,-40.0,0.0,0.0,0.0,0.0,0.0,0.0,50.0,0.0,0.0,0.4,0.4,122.03,122.03,101.69,5.0,-0.5,2020-21,Playoffs
0042000304,1610612737,Atlanta,Hawks,ATL,hawks,1628981,Bruno,Fernando,B. Fernando,bruno-fernando,,,,1:00,0.0,0.0,100.0,100.0,-100.0,-100.0,0.0,0.0,0.0,0.0,0.0,0.0,0.0,0.0,0.0,0.0,0.0,96.0,96.0,80.0,2.0,0.0,2020-21,Playoffs
0042000304,1610612737,Atlanta,Hawks,ATL,hawks,203524,Solomon,Hill,S. Hill,solomon-hill,,DNP - Coach's Decision,,,0.0,0.0,0.0,0.0,0.0,0.0,0.0,0.0,0.0,0.0,0.0,0.0,0.0,0.0,0.0,0.0,0.0,0.0,0.0,0.0,0.0,0.0,2020-21,Playoffs
0042000304,1610612737,Atlanta,Hawks,ATL,hawks,1629027,Trae,Young,T. Young,trae-young,,DND - Injury/Illness,,,0.0,0.0,0.0,0.0,0.0,0.0,0.0,0.0,0.0,0.0,0.0,0.0,0.0,0.0,0.0,0.0,0.0,0.0,0.0,0.0,0.0,0.0,2020-21,Playoffs
0042000305,1610612737,Atlanta,Hawks,ATL,hawks,1628989,Kevin,Huerter,K. Huerter,kevin-huerter,F,,,37:43,117.3,117.3,131.6,131.6,-14.2,-14.2,0.233,3.5,33.3,0.026,0.047,0.037,9.5,0.333,0.333,0.161,0.161,96.08,96.08,80.07,75.0,0.028,2020-21,Playoffs
0042000305,1610612737,Atlanta,Hawks,ATL,hawks,1628381,John,Collins,J. Collins,john-collins,F,,,34:07,121.2,121.2,143.3,143.3,-22.1,-22.1,0.13,0.0,15.0,0.086,0.161,0.121,0.0,0.531,0.563,0.218,0.218,93.56,93.56,77.96,66.0,0.094,2020-21,Playoffs
0042000305,1610612737,Atlanta,Hawks,ATL,hawks,203991,Clint,Capela,C. Capela,clint-capela,C,,,21:08,105.0,105.0,129.3,129.3,-24.3,-24.3,0.067,1.0,14.3,0.174,0.174,0.174,14.3,0.667,0.63,0.13,0.13,91.99,91.99,76.66,40.0,0.085,2020-21,Playoffs
0042000305,1610612737,Atlanta,Hawks,ATL,hawks,203992,Bogdan,Bogdanović,B. Bogdanović,bogdan-bogdanović,G,,,38:47,117.1,117.1,137.7,137.7,-20.6,-20.6,0.174,0.0,15.4,0.024,0.111,0.064,0.0,0.614,0.624,0.244,0.244,94.68,94.68,78.9,76.0,0.113,2020-21,Playoffs
0042000305,1610612737,Atlanta,Hawks,ATL,hawks,101150,Lou,Williams,L. Williams,lou-williams,G,,,35:12,111.6,111.6,131.4,131.4,-19.8,-19.8,0.238,0.83,19.2,0.0,0.057,0.027,23.1,0.567,0.567,0.259,0.259,94.77,94.77,78.97,69.0,0.068,2020-21,Playoffs
0042000305,1610612737,Atlanta,Hawks,ATL,hawks,201568,Danilo,Gallinari,D. Gallinari,danilo-gallinari,,,,22:47,114.3,114.3,118.0,118.0,-3.7,-3.7,0.077,1.0,6.3,0.0,0.125,0.063,6.3,0.545,0.675,0.259,0.259,104.26,104.26,86.89,49.0,0.151,2020-21,Playoffs
0042000305,1610612737,Atlanta,Hawks,ATL,hawks,1630168,Onyeka,Okongwu,O. Okongwu,onyeka-okongwu,,,,15:58,123.5,123.5,111.8,111.8,11.8,11.8,0.0,0.0,0.0,0.222,0.091,0.15,0.0,0.667,0.63,0.122,0.122,102.21,102.21,85.18,34.0,0.099,2020-21,Playoffs
0042000305,1610612737,Atlanta,Hawks,ATL,hawks,1629629,Cam,Reddish,C. Reddish,cam-reddish,,,,22:53,122.9,122.9,118.4,118.4,4.5,4.5,0.118,1.0,22.2,0.0,0.154,0.078,22.2,0.6,0.643,0.121,0.121,101.73,101.73,84.78,48.0,0.09,2020-21,Playoffs
0042000305,1610612737,Atlanta,Hawks,ATL,hawks,1627739,Kris,Dunn,K. Dunn,kris-dunn,,,,7:39,111.8,111.8,81.3,81.3,30.5,30.5,0.167,0.5,25.0,0.0,0.077,0.048,50.0,0.0,0.0,0.143,0.143,103.55,103.55,86.29,17.0,-0.194,2020-21,Playoffs
0042000305,1610612737,Atlanta,Hawks,ATL,hawks,203524,Solomon,Hill,S. Hill,solomon-hill,,,,1:07,100.0,100.0,0.0,0.0,100.0,100.0,0.0,0.0,0.0,0.0,0.0,0.0,0.0,0.0,0.0,0.333,0.333,107.95,107.95,89.96,2.0,0.5,2020-21,Playoffs
0042000305,1610612737,Atlanta,Hawks,ATL,hawks,1630233,Nathan,Knight,N. Knight,nathan-knight,,,,0:53,100.0,100.0,0.0,0.0,100.0,100.0,0.0,0.0,0.0,0.0,0.0,0.0,0.0,0.0,0.0,0.0,0.0,81.66,81.66,68.05,2.0,0.0,2020-21,Playoffs
0042000305,1610612737,Atlanta,Hawks,ATL,hawks,1630219,Skylar,Mays,S. Mays,skylar-mays,,,,0:53,100.0,100.0,0.0,0.0,100.0,100.0,0.0,0.0,0.0,0.0,0.0,0.0,0.0,1.0,1.0,0.333,0.333,81.66,81.66,68.05,2.0,0.0,2020-21,Playoffs
0042000305,1610612737,Atlanta,Hawks,ATL,hawks,1628981,Bruno,Fernando,B. Fernando,bruno-fernando,,,,0:53,100.0,100.0,0.0,0.0,100.0,100.0,0.0,0.0,0.0,0.0,0.0,0.0,0.0,0.0,0.0,0.0,0.0,81.66,81.66,68.05,2.0,0.0,2020-21,Playoffs
0042000305,1610612737,Atlanta,Hawks,ATL,hawks,203503,Tony,Snell,T. Snell,tony-snell,,DNP - Coach's Decision,,,0.0,0.0,0.0,0.0,0.0,0.0,0.0,0.0,0.0,0.0,0.0,0.0,0.0,0.0,0.0,0.0,0.0,0.0,0.0,0.0,0.0,0.0,2020-21,Playoffs
0042000305,1610612737,Atlanta,Hawks,ATL,hawks,1629027,Trae,Young,T. Young,trae-young,,DNP - Injury/Illness,,,0.0,0.0,0.0,0.0,0.0,0.0,0.0,0.0,0.0,0.0,0.0,0.0,0.0,0.0,0.0,0.0,0.0,0.0,0.0,0.0,0.0,0.0,2020-21,Playoffs
0042000305,1610612749,Milwaukee,Bucks,MIL,bucks,200782,P.J.,Tucker,P. Tucker,pj-tucker,F,,,37:40,137.3,137.3,115.6,115.6,21.7,21.7,0.027,0.5,12.5,0.059,0.209,0.143,25.0,0.5,0.5,0.08,0.08,96.85,96.85,80.71,75.0,0.049,2020-21,Playoffs
0042000305,1610612749,Milwaukee,Bucks,MIL,bucks,1626171,Bobby,Portis,B. Portis,bobby-portis,F,,,35:42,129.3,129.3,116.9,116.9,12.4,12.4,0.103,0.0,11.5,0.077,0.147,0.11,0.0,0.475,0.486,0.253,0.253,98.15,98.15,81.79,75.0,0.11,2020-21,Playoffs
0042000305,1610612749,Milwaukee,Bucks,MIL,bucks,201572,Brook,Lopez,B. Lopez,brook-lopez,C,,,37:35,133.8,133.8,112.3,112.3,21.5,21.5,0.0,0.0,0.0,0.098,0.07,0.083,8.7,0.778,0.783,0.247,0.247,93.88,93.88,78.23,74.0,0.192,2020-21,Playoffs
0042000305,1610612749,Milwaukee,Bucks,MIL,bucks,203114,Khris,Middleton,K. Middleton,khris-middleton,G,,,44:58,132.6,132.6,117.2,117.2,15.3,15.3,0.222,8.0,26.7,0.067,0.208,0.14,3.3,0.55,0.586,0.21,0.21,93.95,93.95,78.29,89.0,0.166,2020-21,Playoffs
0042000305,1610612749,Milwaukee,Bucks,MIL,bucks,201950,Jrue,Holiday,J. Holiday,jrue-holiday,G,,,41:54,127.4,127.4,119.3,119.3,8.1,8.1,0.406,6.5,35.1,0.041,0.089,0.064,5.4,0.525,0.563,0.233,0.233,95.65,95.65,79.71,84.0,0.154,2020-21,Playoffs
0042000305,1610612749,Milwaukee,Bucks,MIL,bucks,1626192,Pat,Connaughton,P. Connaughton,pat-connaughton,,,,21:08,102.2,102.2,106.5,106.5,-4.3,-4.3,0.0,0.0,0.0,0.0,0.043,0.021,0.0,0.5,0.571,0.151,0.151,104.48,104.48,87.07,46.0,0.038,2020-21,Playoffs
0042000305,1610612749,Milwaukee,Bucks,MIL,bucks,1627854,Bryn,Forbes,B. Forbes,bryn-forbes,,,,13:34,96.6,96.6,121.4,121.4,-24.9,-24.9,0.0,0.0,0.0,0.0,0.077,0.034,0.0,0.375,0.375,0.118,0.118,100.81,100.81,84.01,29.0,0.021,2020-21,Playoffs
0042000305,1610612749,Milwaukee,Bucks,MIL,bucks,203648,Thanasis,Antetokounmpo,T. Antetokounmpo,thanasis-antetokounmpo,,,,3:16,88.9,88.9,133.3,133.3,-44.4,-44.4,0.0,0.0,0.0,0.0,0.0,0.0,0.0,0.0,0.0,0.0,0.0,132.04,132.04,110.04,9.0,-0.138,2020-21,Playoffs
0042000305,1610612749,Milwaukee,Bucks,MIL,bucks,201952,Jeff,Teague,J. Teague,jeff-teague,,,,3:34,88.9,88.9,100.0,100.0,-11.1,-11.1,0.75,3.0,60.0,0.0,0.0,0.0,20.0,0.0,0.0,0.222,0.222,114.39,114.39,95.33,9.0,0.077,2020-21,Playoffs
0042000305,1610612749,Milwaukee,Bucks,MIL,bucks,1629091,Elijah,Bryant,E. Bryant,elijah-bryant,,,,0:39,0.0,0.0,100.0,100.0,-100.0,-100.0,0.0,0.0,0.0,0.0,0.0,0.0,0.0,0.0,0.0,0.0,0.0,111.05,111.05,92.54,1.0,0.0,2020-21,Playoffs
0042000305,1610612749,Milwaukee,Bucks,MIL,bucks,1629603,Mamadi,Diakite,M. Diakite,mamadi-diakite,,DNP - Coach's Decision,,,0.0,0.0,0.0,0.0,0.0,0.0,0.0,0.0,0.0,0.0,0.0,0.0,0.0,0.0,0.0,0.0,0.0,0.0,0.0,0.0,0.0,0.0,2020-21,Playoffs
0042000305,1610612749,Milwaukee,Bucks,MIL,bucks,1628382,Justin,Jackson,J. Jackson,justin-jackson,,DNP - Coach's Decision,,,0.0,0.0,0.0,0.0,0.0,0.0,0.0,0.0,0.0,0.0,0.0,0.0,0.0,0.0,0.0,0.0,0.0,0.0,0.0,0.0,0.0,0.0,2020-21,Playoffs
0042000305,1610612749,Milwaukee,Bucks,MIL,bucks,1630241,Sam,Merrill,S. Merrill,sam-merrill,,DNP - Coach's Decision,,,0.0,0.0,0.0,0.0,0.0,0.0,0.0,0.0,0.0,0.0,0.0,0.0,0.0,0.0,0.0,0.0,0.0,0.0,0.0,0.0,0.0,0.0,2020-21,Playoffs
0042000305,1610612749,Milwaukee,Bucks,MIL,bucks,1629670,Jordan,Nwora,J. Nwora,jordan-nwora,,DNP - Coach's Decision,,,0.0,0.0,0.0,0.0,0.0,0.0,0.0,0.0,0.0,0.0,0.0,0.0,0.0,0.0,0.0,0.0,0.0,0.0,0.0,0.0,0.0,0.0,2020-21,Playoffs
0042000305,1610612749,Milwaukee,Bucks,MIL,bucks,1626253,Axel,Toupane,A. Toupane,axel-toupane,,DNP - Coach's Decision,,,0.0,0.0,0.0,0.0,0.0,0.0,0.0,0.0,0.0,0.0,0.0,0.0,0.0,0.0,0.0,0.0,0.0,0.0,0.0,0.0,0.0,0.0,2020-21,Playoffs
0042000306,1610612749,Milwaukee,Bucks,MIL,bucks,200782,P.J.,Tucker,P. Tucker,pj-tucker,F,,,32:27,115.9,115.9,112.7,112.7,3.3,3.3,0.08,0.0,16.7,0.118,0.108,0.113,0.0,0.25,0.25,0.128,0.128,103.53,103.53,86.28,69.0,0.029,2020-21,Playoffs
0042000306,1610612749,Milwaukee,Bucks,MIL,bucks,1626171,Bobby,Portis,B. Portis,bobby-portis,F,,,32:25,116.7,116.7,100.0,100.0,16.7,16.7,0.077,0.0,15.4,0.091,0.158,0.127,0.0,0.375,0.564,0.134,0.134,107.34,107.34,89.45,72.0,0.101,2020-21,Playoffs
0042000306,1610612749,Milwaukee,Bucks,MIL,bucks,201572,Brook,Lopez,B. Lopez,brook-lopez,C,,,38:38,117.9,117.9,90.2,90.2,27.6,27.6,0.0,0.0,0.0,0.056,0.083,0.071,9.1,0.611,0.658,0.118,0.118,103.15,103.15,85.95,84.0,0.081,2020-21,Playoffs
0042000306,1610612749,Milwaukee,Bucks,MIL,bucks,203114,Khris,Middleton,K. Middleton,khris-middleton,G,,,40:56,112.9,112.9,106.9,106.9,6.0,6.0,0.292,1.0,17.9,0.024,0.063,0.044,17.9,0.545,0.627,0.333,0.333,100.85,100.85,84.04,85.0,0.139,2020-21,Playoffs
0042000306,1610612749,Milwaukee,Bucks,MIL,bucks,201950,Jrue,Holiday,J. Holiday,jrue-holiday,G,,,42:12,119.3,119.3,105.7,105.7,13.6,13.6,0.36,1.5,23.1,0.024,0.17,0.101,15.4,0.565,0.555,0.297,0.297,99.55,99.55,82.95,88.0,0.142,2020-21,Playoffs
0042000306,1610612749,Milwaukee,Bucks,MIL,bucks,1627854,Bryn,Forbes,B. Forbes,bryn-forbes,,,,10:04,110.0,110.0,119.0,119.0,-9.0,-9.0,0.4,0.0,33.3,0.0,0.25,0.095,0.0,0.625,0.625,0.148,0.148,97.75,97.75,81.46,20.0,0.158,2020-21,Playoffs
0042000306,1610612749,Milwaukee,Bucks,MIL,bucks,203648,Thanasis,Antetokounmpo,T. Antetokounmpo,thanasis-antetokounmpo,,,,0:51,0.0,0.0,0.0,0.0,0.0,0.0,0.0,0.0,0.0,0.0,0.0,0.0,0.0,0.0,0.0,0.0,0.0,142.57,142.57,118.81,2.0,-0.25,2020-21,Playoffs
0042000306,1610612749,Milwaukee,Bucks,MIL,bucks,1626192,Pat,Connaughton,P. Connaughton,pat-connaughton,,,,30:05,114.3,114.3,109.8,109.8,4.4,4.4,0.05,0.0,11.1,0.032,0.219,0.127,0.0,0.813,0.813,0.108,0.108,98.93,98.93,82.44,63.0,0.152,2020-21,Playoffs
0042000306,1610612749,Milwaukee,Bucks,MIL,bucks,201952,Jeff,Teague,J. Teague,jeff-teague,,,,12:23,128.0,128.0,114.8,114.8,13.2,13.2,0.125,0.0,14.3,0.0,0.0,0.0,0.0,0.9,0.935,0.207,0.207,100.78,100.78,83.98,25.0,0.104,2020-21,Playoffs
0042000306,1610612749,Milwaukee,Bucks,MIL,bucks,1629091,Elijah,Bryant,E. Bryant,elijah-bryant,,DNP - Coach's Decision,,,0.0,0.0,0.0,0.0,0.0,0.0,0.0,0.0,0.0,0.0,0.0,0.0,0.0,0.0,0.0,0.0,0.0,0.0,0.0,0.0,0.0,0.0,2020-21,Playoffs
0042000306,1610612749,Milwaukee,Bucks,MIL,bucks,1629603,Mamadi,Diakite,M. Diakite,mamadi-diakite,,DNP - Coach's Decision,,,0.0,0.0,0.0,0.0,0.0,0.0,0.0,0.0,0.0,0.0,0.0,0.0,0.0,0.0,0.0,0.0,0.0,0.0,0.0,0.0,0.0,0.0,2020-21,Playoffs
0042000306,1610612749,Milwaukee,Bucks,MIL,bucks,1628382,Justin,Jackson,J. Jackson,justin-jackson,,DNP - Coach's Decision,,,0.0,0.0,0.0,0.0,0.0,0.0,0.0,0.0,0.0,0.0,0.0,0.0,0.0,0.0,0.0,0.0,0.0,0.0,0.0,0.0,0.0,0.0,2020-21,Playoffs
0042000306,1610612749,Milwaukee,Bucks,MIL,bucks,1630241,Sam,Merrill,S. Merrill,sam-merrill,,DNP - Coach's Decision,,,0.0,0.0,0.0,0.0,0.0,0.0,0.0,0.0,0.0,0.0,0.0,0.0,0.0,0.0,0.0,0.0,0.0,0.0,0.0,0.0,0.0,0.0,2020-21,Playoffs
0042000306,1610612749,Milwaukee,Bucks,MIL,bucks,1629670,Jordan,Nwora,J. Nwora,jordan-nwora,,DNP - Coach's Decision,,,0.0,0.0,0.0,0.0,0.0,0.0,0.0,0.0,0.0,0.0,0.0,0.0,0.0,0.0,0.0,0.0,0.0,0.0,0.0,0.0,0.0,0.0,2020-21,Playoffs
0042000306,1610612749,Milwaukee,Bucks,MIL,bucks,1626253,Axel,Toupane,A. Toupane,axel-toupane,,DNP - Coach's Decision,,,0.0,0.0,0.0,0.0,0.0,0.0,0.0,0.0,0.0,0.0,0.0,0.0,0.0,0.0,0.0,0.0,0.0,0.0,0.0,0.0,0.0,0.0,2020-21,Playoffs
0042000306,1610612737,Atlanta,Hawks,ATL,hawks,1628989,Kevin,Huerter,K. Huerter,kevin-huerter,F,,,29:24,84.8,84.8,118.2,118.2,-33.3,-33.3,0.235,4.0,26.7,0.026,0.071,0.045,6.7,0.25,0.25,0.143,0.143,107.76,107.76,89.8,66.0,0.04,2020-21,Playoffs
0042000306,1610612737,Atlanta,Hawks,ATL,hawks,1628381,John,Collins,J. Collins,john-collins,F,,,31:06,107.4,107.4,110.4,110.4,-3.1,-3.1,0.045,0.33,7.7,0.0,0.333,0.167,23.1,0.667,0.689,0.15,0.15,104.19,104.19,86.82,68.0,0.146,2020-21,Playoffs
0042000306,1610612737,Atlanta,Hawks,ATL,hawks,203991,Clint,Capela,C. Capela,clint-capela,C,,,29:07,100.0,100.0,107.8,107.8,-7.8,-7.8,0.056,0.5,6.3,0.2,0.077,0.148,12.5,0.538,0.538,0.195,0.195,105.51,105.51,87.92,64.0,0.104,2020-21,Playoffs
0042000306,1610612737,Atlanta,Hawks,ATL,hawks,203992,Bogdan,Bogdanović,B. Bogdanović,bogdan-bogdanović,G,,,36:32,110.4,110.4,115.6,115.6,-5.2,-5.2,0.12,1.0,15.8,0.0,0.053,0.026,15.8,0.667,0.704,0.174,0.174,101.17,101.17,84.31,77.0,0.106,2020-21,Playoffs
0042000306,1610612737,Atlanta,Hawks,ATL,hawks,1629027,Trae,Young,T. Young,trae-young,G,,,35:28,106.6,106.6,116.2,116.2,-9.6,-9.6,0.321,1.8,26.5,0.0,0.111,0.053,14.7,0.235,0.349,0.275,0.275,101.51,101.51,84.59,76.0,0.048,2020-21,Playoffs
0042000306,1610612737,Atlanta,Hawks,ATL,hawks,1629629,Cam,Reddish,C. Reddish,cam-reddish,,,,28:46,125.9,125.9,121.1,121.1,4.8,4.8,0.167,3.0,17.6,0.034,0.063,0.049,5.9,0.833,0.815,0.212,0.212,95.95,95.95,79.96,58.0,0.147,2020-21,Playoffs
0042000306,1610612737,Atlanta,Hawks,ATL,hawks,201568,Danilo,Gallinari,D. Gallinari,danilo-gallinari,,,,23:12,115.2,115.2,128.9,128.9,-13.7,-13.7,0.0,0.0,0.0,0.077,0.24,0.157,0.0,0.5,0.5,0.245,0.245,94.16,94.16,78.47,46.0,0.094,2020-21,Playoffs
0042000306,1610612737,Atlanta,Hawks,ATL,hawks,1630168,Onyeka,Okongwu,O. Okongwu,onyeka-okongwu,,,,11:53,92.3,92.3,140.0,140.0,-47.7,-47.7,0.0,0.0,0.0,0.143,0.0,0.071,0.0,0.0,0.543,0.103,0.103,102.99,102.99,85.82,26.0,0.031,2020-21,Playoffs
0042000306,1610612737,Atlanta,Hawks,ATL,hawks,101150,Lou,Williams,L. Williams,lou-williams,,,,11:53,100.0,100.0,123.1,123.1,-23.1,-23.1,0.167,1.0,14.3,0.0,0.077,0.038,14.3,0.0,0.42,0.214,0.214,105.02,105.02,87.52,26.0,0.04,2020-21,Playoffs
0042000306,1610612737,Atlanta,Hawks,ATL,hawks,203524,Solomon,Hill,S. Hill,solomon-hill,,,,0:03,0.0,0.0,0.0,0.0,0.0,0.0,0.0,0.0,0.0,0.0,0.0,0.0,0.0,0.0,0.0,0.0,0.0,872.73,872.73,727.27,1.0,0.0,2020-21,Playoffs
0042000306,1610612737,Atlanta,Hawks,ATL,hawks,1630233,Nathan,Knight,N. Knight,nathan-knight,,,,0:39,0.0,0.0,0.0,0.0,0.0,0.0,0.0,0.0,0.0,0.0,0.0,0.0,0.0,0.0,0.0,0.5,0.5,73.66,73.66,61.38,1.0,2.0,2020-21,Playoffs
0042000306,1610612737,Atlanta,Hawks,ATL,hawks,1627739,Kris,Dunn,K. Dunn,kris-dunn,,,,0:39,0.0,0.0,0.0,0.0,0.0,0.0,0.0,0.0,0.0,0.0,0.0,0.0,0.0,0.0,0.0,0.0,0.0,73.66,73.66,61.38,1.0,0.0,2020-21,Playoffs
0042000306,1610612737,Atlanta,Hawks,ATL,hawks,1630219,Skylar,Mays,S. Mays,skylar-mays,,,,0:39,0.0,0.0,0.0,0.0,0.0,0.0,0.0,0.0,0.0,0.0,0.0,0.0,0.0,0.0,0.0,0.0,0.0,73.66,73.66,61.38,1.0,0.0,2020-21,Playoffs
0042000306,1610612737,Atlanta,Hawks,ATL,hawks,1628981,Bruno,Fernando,B. Fernando,bruno-fernando,,,,0:39,0.0,0.0,0.0,0.0,0.0,0.0,0.0,0.0,0.0,0.0,0.0,0.0,0.0,0.0,0.0,0.5,0.5,73.66,73.66,61.38,1.0,2.0,2020-21,Playoffs
0042000306,1610612737,Atlanta,Hawks,ATL,hawks,203503,Tony,Snell,T. Snell,tony-snell,,DNP - Coach's Decision,,,0.0,0.0,0.0,0.0,0.0,0.0,0.0,0.0,0.0,0.0,0.0,0.0,0.0,0.0,0.0,0.0,0.0,0.0,0.0,0.0,0.0,0.0,2020-21,Playoffs
0042000311,1610612746,LA,Clippers,LAC,clippers,1629611,Terance,Mann,T. Mann,terance-mann,F,,,27:15,137.5,137.5,129.1,129.1,8.4,8.4,0.042,0.0,20.0,0.043,0.12,0.083,0.0,1.125,1.125,0.063,0.063,97.76,97.76,81.47,56.0,0.062,2020-21,Playoffs
0042000311,1610612746,LA,Clippers,LAC,clippers,202694,Marcus,Morris Sr.,M. Morris Sr.,marcus-morris-sr,F,,,21:23,102.4,102.4,123.3,123.3,-20.8,-20.8,0.083,0.0,8.3,0.0,0.167,0.075,0.0,0.273,0.273,0.25,0.25,94.28,94.28,78.57,41.0,0.011,2020-21,Playoffs
0042000311,1610612746,LA,Clippers,LAC,clippers,201587,Nicolas,Batum,N. Batum,nicolas-batum,C,,,36:47,140.8,140.8,130.6,130.6,10.3,10.3,0.091,0.0,37.5,0.033,0.29,0.164,0.0,0.5,0.5,0.063,0.063,93.3,93.3,77.75,71.0,0.065,2020-21,Playoffs
0042000311,1610612746,LA,Clippers,LAC,clippers,202331,Paul,George,P. George,paul-george,G,,,38:59,120.8,120.8,119.5,119.5,1.3,1.3,0.227,5.0,14.3,0.024,0.086,0.053,2.9,0.519,0.576,0.345,0.345,94.81,94.81,79.01,77.0,0.148,2020-21,Playoffs
0042000311,1610612746,LA,Clippers,LAC,clippers,202704,Reggie,Jackson,R. Jackson,reggie-jackson,G,,,39:15,125.6,125.6,120.5,120.5,5.1,5.1,0.16,0.8,14.3,0.027,0.139,0.082,17.9,0.632,0.632,0.276,0.276,95.39,95.39,79.49,78.0,0.098,2020-21,Playoffs
0042000311,1610612746,LA,Clippers,LAC,clippers,201976,Patrick,Beverley,P. Beverley,patrick-beverley,,,,14:58,96.8,96.8,112.5,112.5,-15.7,-15.7,0.111,0.0,33.3,0.0,0.182,0.067,0.0,0.5,0.5,0.057,0.057,101.02,101.02,84.19,31.0,0.071,2020-21,Playoffs
0042000311,1610612746,LA,Clippers,LAC,clippers,1627826,Ivica,Zubac,I. Zubac,ivica-zubac,,,,18:00,116.2,116.2,116.2,116.2,0.0,0.0,0.0,0.0,0.0,0.1,0.083,0.094,14.3,0.667,0.798,0.171,0.171,98.67,98.67,82.22,37.0,0.059,2020-21,Playoffs
0042000311,1610612746,LA,Clippers,LAC,clippers,200765,Rajon,Rondo,R. Rondo,rajon-rondo,,,,22:21,93.0,93.0,122.7,122.7,-29.7,-29.7,0.583,0.0,58.3,0.033,0.105,0.061,0.0,0.8,0.8,0.098,0.098,93.42,93.42,77.85,43.0,0.168,2020-21,Playoffs
0042000311,1610612746,LA,Clippers,LAC,clippers,202326,DeMarcus,Cousins,D. Cousins,demarcus-cousins,,,,13:18,103.7,103.7,150.0,150.0,-46.3,-46.3,0.167,0.5,7.1,0.214,0.1,0.167,14.3,0.45,0.486,0.419,0.419,95.64,95.64,79.7,27.0,0.015,2020-21,Playoffs
0042000311,1610612746,LA,Clippers,LAC,clippers,1628379,Luke,Kennard,L. Kennard,luke-kennard,,,,7:44,118.8,118.8,160.0,160.0,-41.3,-41.3,0.0,0.0,0.0,0.0,0.0,0.0,0.0,1.0,1.0,0.158,0.158,96.21,96.21,80.17,16.0,0.099,2020-21,Playoffs
0042000311,1610612746,LA,Clippers,LAC,clippers,1629599,Amir,Coffey,A. Coffey,amir-coffey,,DNP - Coach's Decision,,,0.0,0.0,0.0,0.0,0.0,0.0,0.0,0.0,0.0,0.0,0.0,0.0,0.0,0.0,0.0,0.0,0.0,0.0,0.0,0.0,0.0,0.0,2020-21,Playoffs
0042000311,1610612746,LA,Clippers,LAC,clippers,1627812,Yogi,Ferrell,Y. Ferrell,yogi-ferrell,,DNP - Coach's Decision,,,0.0,0.0,0.0,0.0,0.0,0.0,0.0,0.0,0.0,0.0,0.0,0.0,0.0,0.0,0.0,0.0,0.0,0.0,0.0,0.0,0.0,0.0,2020-21,Playoffs
0042000311,1610612746,LA,Clippers,LAC,clippers,1630187,Daniel,Oturu,D. Oturu,daniel-oturu,,DNP - Coach's Decision,,,0.0,0.0,0.0,0.0,0.0,0.0,0.0,0.0,0.0,0.0,0.0,0.0,0.0,0.0,0.0,0.0,0.0,0.0,0.0,0.0,0.0,0.0,2020-21,Playoffs
0042000311,1610612746,LA,Clippers,LAC,clippers,202335,Patrick,Patterson,P. Patterson,patrick-patterson,,DNP - Coach's Decision,,,0.0,0.0,0.0,0.0,0.0,0.0,0.0,0.0,0.0,0.0,0.0,0.0,0.0,0.0,0.0,0.0,0.0,0.0,0.0,0.0,0.0,0.0,2020-21,Playoffs
0042000311,1610612746,LA,Clippers,LAC,clippers,1630206,Jay,Scrubb,J. Scrubb,jay-scrubb,,DNP - Coach's Decision,,,0.0,0.0,0.0,0.0,0.0,0.0,0.0,0.0,0.0,0.0,0.0,0.0,0.0,0.0,0.0,0.0,0.0,0.0,0.0,0.0,0.0,0.0,2020-21,Playoffs
0042000311,1610612756,Phoenix,Suns,PHX,suns,1628969,Mikal,Bridges,M. Bridges,mikal-bridges,F,,,35:57,120.3,120.3,131.9,131.9,-11.7,-11.7,0.063,0.0,15.4,0.0,0.029,0.016,0.0,0.636,0.636,0.138,0.138,97.47,97.47,81.22,74.0,0.061,2020-21,Playoffs
0042000311,1610612756,Phoenix,Suns,PHX,suns,203109,Jae,Crowder,J. Crowder,jae-crowder,F,,,33:22,112.1,112.1,128.4,128.4,-16.2,-16.2,0.08,2.0,15.4,0.0,0.188,0.097,7.7,0.65,0.65,0.155,0.155,95.66,95.66,79.72,66.0,0.091,2020-21,Playoffs
0042000311,1610612756,Phoenix,Suns,PHX,suns,1629028,Deandre,Ayton,D. Ayton,deandre-ayton,C,,,36:32,123.6,123.6,135.2,135.2,-11.6,-11.6,0.071,2.0,11.8,0.1,0.188,0.145,5.9,0.714,0.714,0.192,0.192,93.94,93.94,78.28,72.0,0.125,2020-21,Playoffs
0042000311,1610612756,Phoenix,Suns,PHX,suns,1626164,Devin,Booker,D. Booker,devin-booker,G,,,43:56,127.9,127.9,120.9,120.9,7.0,7.0,0.367,5.5,24.4,0.027,0.261,0.157,4.4,0.569,0.623,0.358,0.358,93.96,93.96,78.3,86.0,0.211,2020-21,Playoffs
0042000311,1610612756,Phoenix,Suns,PHX,suns,1626166,Cameron,Payne,C. Payne,cameron-payne,G,,,29:13,150.0,150.0,126.8,126.8,23.2,23.2,0.31,9.0,45.0,0.0,0.111,0.061,5.0,0.55,0.55,0.175,0.175,91.98,91.98,76.65,56.0,0.084,2020-21,Playoffs
0042000311,1610612756,Phoenix,Suns,PHX,suns,202734,E'Twaun,Moore,E. Moore,etwaun-moore,,,,10:44,72.0,72.0,100.0,100.0,-28.0,-28.0,0.286,2.0,50.0,0.0,0.0,0.0,25.0,0.0,0.0,0.08,0.08,107.33,107.33,89.44,25.0,0.0,2020-21,Playoffs
0042000311,1610612756,Phoenix,Suns,PHX,suns,203967,Dario,Saric,D. Saric,dario-saric,,,,11:06,117.4,117.4,81.8,81.8,35.6,35.6,0.2,2.0,40.0,0.0,0.067,0.04,20.0,0.0,0.532,0.115,0.115,97.3,97.3,81.08,23.0,0.047,2020-21,Playoffs
0042000311,1610612756,Phoenix,Suns,PHX,suns,1629661,Cameron,Johnson,C. Johnson,cameron-johnson,,,,24:27,123.5,123.5,102.1,102.1,21.4,21.4,0.0,0.0,0.0,0.045,0.103,0.078,0.0,0.75,0.75,0.143,0.143,97.18,97.18,80.98,51.0,0.124,2020-21,Playoffs
0042000311,1610612756,Phoenix,Suns,PHX,suns,1628470,Torrey,Craig,T. Craig,torrey-craig,,,,14:43,153.3,153.3,93.3,93.3,60.0,60.0,0.063,0.0,16.7,0.2,0.235,0.222,0.0,0.8,0.8,0.147,0.147,97.89,97.89,81.58,30.0,0.14,2020-21,Playoffs
0042000311,1610612756,Phoenix,Suns,PHX,suns,1630234,Ty-Shon,Alexander,T. Alexander,ty-shon-alexander,,DNP - Coach's Decision,,,0.0,0.0,0.0,0.0,0.0,0.0,0.0,0.0,0.0,0.0,0.0,0.0,0.0,0.0,0.0,0.0,0.0,0.0,0.0,0.0,0.0,0.0,2020-21,Playoffs
0042000311,1610612756,Phoenix,Suns,PHX,suns,1628975,Jevon,Carter,J. Carter,jevon-carter,,DNP - Coach's Decision,,,0.0,0.0,0.0,0.0,0.0,0.0,0.0,0.0,0.0,0.0,0.0,0.0,0.0,0.0,0.0,0.0,0.0,0.0,0.0,0.0,0.0,0.0,2020-21,Playoffs
0042000311,1610612756,Phoenix,Suns,PHX,suns,204038,Langston,Galloway,L. Galloway,langston-galloway,,DNP - Coach's Decision,,,0.0,0.0,0.0,0.0,0.0,0.0,0.0,0.0,0.0,0.0,0.0,0.0,0.0,0.0,0.0,0.0,0.0,0.0,0.0,0.0,0.0,0.0,2020-21,Playoffs
0042000311,1610612756,Phoenix,Suns,PHX,suns,1626163,Frank,Kaminsky,F. Kaminsky,frank-kaminsky,,DNP - Coach's Decision,,,0.0,0.0,0.0,0.0,0.0,0.0,0.0,0.0,0.0,0.0,0.0,0.0,0.0,0.0,0.0,0.0,0.0,0.0,0.0,0.0,0.0,0.0,2020-21,Playoffs
0042000311,1610612756,Phoenix,Suns,PHX,suns,1630188,Jalen,Smith,J. Smith,jalen-smith,,DNP - Coach's Decision,,,0.0,0.0,0.0,0.0,0.0,0.0,0.0,0.0,0.0,0.0,0.0,0.0,0.0,0.0,0.0,0.0,0.0,0.0,0.0,0.0,0.0,0.0,2020-21,Playoffs
0042000312,1610612746,LA,Clippers,LAC,clippers,202331,Paul,George,P. George,paul-george,F,,,41:19,111.3,111.3,112.7,112.7,-1.4,-1.4,0.273,2.0,16.2,0.0,0.171,0.08,8.1,0.457,0.474,0.344,0.344,92.35,92.35,76.96,80.0,0.094,2020-21,Playoffs
0042000312,1610612746,LA,Clippers,LAC,clippers,202694,Marcus,Morris Sr.,M. Morris Sr.,marcus-morris-sr,F,,,24:43,95.9,95.9,108.3,108.3,-12.4,-12.4,0.067,1.0,7.7,0.036,0.167,0.096,7.7,0.318,0.318,0.211,0.211,94.19,94.19,78.49,49.0,0.038,2020-21,Playoffs
0042000312,1610612746,LA,Clippers,LAC,clippers,1627826,Ivica,Zubac,I. Zubac,ivica-zubac,C,,,34:23,109.1,109.1,109.1,109.1,0.0,0.0,0.0,0.0,0.0,0.114,0.241,0.172,11.1,0.8,0.916,0.12,0.12,92.15,92.15,76.79,66.0,0.145,2020-21,Playoffs
0042000312,1610612746,LA,Clippers,LAC,clippers,201976,Patrick,Beverley,P. Beverley,patrick-beverley,G,,,26:16,103.8,103.8,105.8,105.8,-1.9,-1.9,0.063,0.0,16.7,0.034,0.13,0.077,0.0,0.6,0.6,0.085,0.085,95.03,95.03,79.19,52.0,0.042,2020-21,Playoffs
0042000312,1610612746,LA,Clippers,LAC,clippers,202704,Reggie,Jackson,R. Jackson,reggie-jackson,G,,,38:39,108.0,108.0,108.0,108.0,0.0,0.0,0.13,1.5,14.3,0.0,0.143,0.068,9.5,0.567,0.598,0.214,0.214,93.14,93.14,77.61,75.0,0.138,2020-21,Playoffs
0042000312,1610612746,LA,Clippers,LAC,clippers,1629611,Terance,Mann,T. Mann,terance-mann,,,,19:17,113.2,113.2,117.9,117.9,-4.8,-4.8,0.083,0.0,14.3,0.0,0.059,0.029,0.0,0.7,0.68,0.143,0.143,95.81,95.81,79.84,38.0,0.038,2020-21,Playoffs
0042000312,1610612746,LA,Clippers,LAC,clippers,201587,Nicolas,Batum,N. Batum,nicolas-batum,,,,15:43,103.0,103.0,115.2,115.2,-12.1,-12.1,0.0,0.0,0.0,0.0,0.143,0.069,0.0,1.5,1.5,0.027,0.027,100.77,100.77,83.98,33.0,0.079,2020-21,Playoffs
0042000312,1610612746,LA,Clippers,LAC,clippers,200765,Rajon,Rondo,R. Rondo,rajon-rondo,,,,17:05,120.6,120.6,121.9,121.9,-1.3,-1.3,0.333,0.0,36.4,0.0,0.214,0.111,0.0,0.5,0.581,0.184,0.184,92.74,92.74,77.28,34.0,0.142,2020-21,Playoffs
0042000312,1610612746,LA,Clippers,LAC,clippers,202326,DeMarcus,Cousins,D. Cousins,demarcus-cousins,,,,3:53,75.0,75.0,100.0,100.0,-25.0,-25.0,0.0,0.0,0.0,0.0,0.0,0.0,25.0,0.0,0.347,0.4,0.4,98.97,98.97,82.47,8.0,-0.316,2020-21,Playoffs
0042000312,1610612746,LA,Clippers,LAC,clippers,1628379,Luke,Kennard,L. Kennard,luke-kennard,,,,18:42,133.3,133.3,117.6,117.6,15.7,15.7,0.182,0.0,22.2,0.077,0.071,0.074,0.0,0.714,0.714,0.179,0.179,89.85,89.85,74.87,36.0,0.124,2020-21,Playoffs
0042000312,1610612746,LA,Clippers,LAC,clippers,1629599,Amir,Coffey,A. Coffey,amir-coffey,,DNP - Coach's Decision,,,0.0,0.0,0.0,0.0,0.0,0.0,0.0,0.0,0.0,0.0,0.0,0.0,0.0,0.0,0.0,0.0,0.0,0.0,0.0,0.0,0.0,0.0,2020-21,Playoffs
0042000312,1610612746,LA,Clippers,LAC,clippers,1627812,Yogi,Ferrell,Y. Ferrell,yogi-ferrell,,DNP - Coach's Decision,,,0.0,0.0,0.0,0.0,0.0,0.0,0.0,0.0,0.0,0.0,0.0,0.0,0.0,0.0,0.0,0.0,0.0,0.0,0.0,0.0,0.0,0.0,2020-21,Playoffs
0042000312,1610612746,LA,Clippers,LAC,clippers,1630187,Daniel,Oturu,D. Oturu,daniel-oturu,,DNP - Coach's Decision,,,0.0,0.0,0.0,0.0,0.0,0.0,0.0,0.0,0.0,0.0,0.0,0.0,0.0,0.0,0.0,0.0,0.0,0.0,0.0,0.0,0.0,0.0,2020-21,Playoffs
0042000312,1610612746,LA,Clippers,LAC,clippers,202335,Patrick,Patterson,P. Patterson,patrick-patterson,,DNP - Coach's Decision,,,0.0,0.0,0.0,0.0,0.0,0.0,0.0,0.0,0.0,0.0,0.0,0.0,0.0,0.0,0.0,0.0,0.0,0.0,0.0,0.0,0.0,0.0,2020-21,Playoffs
0042000312,1610612746,LA,Clippers,LAC,clippers,1630206,Jay,Scrubb,J. Scrubb,jay-scrubb,,DNP - Coach's Decision,,,0.0,0.0,0.0,0.0,0.0,0.0,0.0,0.0,0.0,0.0,0.0,0.0,0.0,0.0,0.0,0.0,0.0,0.0,0.0,0.0,0.0,0.0,2020-21,Playoffs
0042000312,1610612756,Phoenix,Suns,PHX,suns,1628969,Mikal,Bridges,M. Bridges,mikal-bridges,F,,,34:41,102.9,102.9,101.4,101.4,1.5,1.5,0.034,0.0,12.5,0.031,0.105,0.071,0.0,0.357,0.357,0.095,0.095,94.8,94.8,79.0,68.0,0.029,2020-21,Playoffs
0042000312,1610612756,Phoenix,Suns,PHX,suns,203109,Jae,Crowder,J. Crowder,jae-crowder,F,,,32:30,103.1,103.1,106.3,106.3,-3.1,-3.1,0.111,0.0,42.9,0.0,0.125,0.065,0.0,0.0,0.258,0.058,0.058,94.54,94.54,78.78,64.0,0.035,2020-21,Playoffs
0042000312,1610612756,Phoenix,Suns,PHX,suns,1629028,Deandre,Ayton,D. Ayton,deandre-ayton,C,,,34:32,109.0,109.0,101.5,101.5,7.5,7.5,0.053,1.0,5.9,0.097,0.289,0.203,5.9,0.8,0.777,0.219,0.219,93.81,93.81,78.18,67.0,0.243,2020-21,Playoffs
0042000312,1610612756,Phoenix,Suns,PHX,suns,1626164,Devin,Booker,D. Booker,devin-booker,G,,,40:52,117.9,117.9,110.0,110.0,7.9,7.9,0.161,0.63,15.2,0.0,0.105,0.056,24.2,0.344,0.501,0.329,0.329,92.78,92.78,77.32,78.0,0.032,2020-21,Playoffs
0042000312,1610612756,Phoenix,Suns,PHX,suns,1626166,Cameron,Payne,C. Payne,cameron-payne,G,,,37:29,113.9,113.9,108.3,108.3,5.6,5.6,0.5,0.0,25.7,0.0,0.026,0.014,0.0,0.542,0.563,0.338,0.338,92.19,92.19,76.82,72.0,0.205,2020-21,Playoffs
0042000312,1610612756,Phoenix,Suns,PHX,suns,202734,E'Twaun,Moore,E. Moore,etwaun-moore,,,,11:16,104.3,104.3,108.7,108.7,-4.3,-4.3,0.3,0.0,60.0,0.0,0.417,0.217,0.0,0.5,0.5,0.08,0.08,98.06,98.06,81.72,23.0,0.194,2020-21,Playoffs
0042000312,1610612756,Phoenix,Suns,PHX,suns,1629661,Cameron,Johnson,C. Johnson,cameron-johnson,,,,24:12,124.4,124.4,121.3,121.3,3.2,3.2,0.0,0.0,0.0,0.095,0.056,0.077,0.0,1.1,1.1,0.098,0.098,91.26,91.26,76.05,45.0,0.119,2020-21,Playoffs
0042000312,1610612756,Phoenix,Suns,PHX,suns,1628470,Torrey,Craig,T. Craig,torrey-craig,,,,11:20,123.8,123.8,121.7,121.7,2.1,2.1,0.0,0.0,0.0,0.0,0.0,0.0,0.0,0.0,0.0,0.045,0.045,93.25,93.25,77.7,21.0,-0.071,2020-21,Playoffs
0042000312,1610612756,Phoenix,Suns,PHX,suns,203967,Dario,Saric,D. Saric,dario-saric,,,,13:09,129.2,129.2,128.0,128.0,1.2,1.2,0.333,0.0,16.7,0.091,0.222,0.15,0.0,0.5,0.557,0.385,0.385,89.43,89.43,74.52,24.0,0.155,2020-21,Playoffs
0042000312,1610612756,Phoenix,Suns,PHX,suns,1630234,Ty-Shon,Alexander,T. Alexander,ty-shon-alexander,,DNP - Coach's Decision,,,0.0,0.0,0.0,0.0,0.0,0.0,0.0,0.0,0.0,0.0,0.0,0.0,0.0,0.0,0.0,0.0,0.0,0.0,0.0,0.0,0.0,0.0,2020-21,Playoffs
0042000312,1610612756,Phoenix,Suns,PHX,suns,1628975,Jevon,Carter,J. Carter,jevon-carter,,DNP - Coach's Decision,,,0.0,0.0,0.0,0.0,0.0,0.0,0.0,0.0,0.0,0.0,0.0,0.0,0.0,0.0,0.0,0.0,0.0,0.0,0.0,0.0,0.0,0.0,2020-21,Playoffs
0042000312,1610612756,Phoenix,Suns,PHX,suns,204038,Langston,Galloway,L. Galloway,langston-galloway,,DNP - Coach's Decision,,,0.0,0.0,0.0,0.0,0.0,0.0,0.0,0.0,0.0,0.0,0.0,0.0,0.0,0.0,0.0,0.0,0.0,0.0,0.0,0.0,0.0,0.0,2020-21,Playoffs
0042000312,1610612756,Phoenix,Suns,PHX,suns,1626163,Frank,Kaminsky,F. Kaminsky,frank-kaminsky,,DNP - Coach's Decision,,,0.0,0.0,0.0,0.0,0.0,0.0,0.0,0.0,0.0,0.0,0.0,0.0,0.0,0.0,0.0,0.0,0.0,0.0,0.0,0.0,0.0,0.0,2020-21,Playoffs
0042000312,1610612756,Phoenix,Suns,PHX,suns,1630188,Jalen,Smith,J. Smith,jalen-smith,,DNP - Coach's Decision,,,0.0,0.0,0.0,0.0,0.0,0.0,0.0,0.0,0.0,0.0,0.0,0.0,0.0,0.0,0.0,0.0,0.0,0.0,0.0,0.0,0.0,0.0,2020-21,Playoffs
0042000313,1610612756,Phoenix,Suns,PHX,suns,1628969,Mikal,Bridges,M. Bridges,mikal-bridges,F,,,26:14,88.0,88.0,116.0,116.0,-28.0,-28.0,0.167,0.0,20.0,0.103,0.143,0.12,0.0,0.75,0.77,0.14,0.14,91.49,91.49,76.24,50.0,0.171,2020-21,Playoffs
0042000313,1610612756,Phoenix,Suns,PHX,suns,203109,Jae,Crowder,J. Crowder,jae-crowder,F,,,28:40,91.2,91.2,116.9,116.9,-25.7,-25.7,0.0,0.0,0.0,0.0,0.2,0.094,12.5,0.643,0.643,0.125,0.125,97.11,97.11,80.93,57.0,0.039,2020-21,Playoffs
0042000313,1610612756,Phoenix,Suns,PHX,suns,1629028,Deandre,Ayton,D. Ayton,deandre-ayton,C,,,35:35,83.6,83.6,121.1,121.1,-37.6,-37.6,0.0,0.0,0.0,0.093,0.147,0.117,0.0,0.692,0.67,0.159,0.159,97.12,97.12,80.94,73.0,0.153,2020-21,Playoffs
0042000313,1610612756,Phoenix,Suns,PHX,suns,1626164,Devin,Booker,D. Booker,devin-booker,G,,,40:05,96.3,96.3,116.0,116.0,-19.7,-19.7,0.2,1.25,15.6,0.021,0.103,0.058,12.5,0.262,0.33,0.29,0.29,97.6,97.6,81.33,82.0,0.009,2020-21,Playoffs
0042000313,1610612756,Phoenix,Suns,PHX,suns,101108,Chris,Paul,C. Paul,chris-paul,G,,,38:48,100.0,100.0,122.7,122.7,-22.7,-22.7,0.48,6.0,35.3,0.0,0.061,0.027,5.9,0.316,0.369,0.253,0.253,94.02,94.02,78.35,77.0,0.083,2020-21,Playoffs
0042000313,1610612756,Phoenix,Suns,PHX,suns,1629661,Cameron,Johnson,C. Johnson,cameron-johnson,,,,30:26,100.0,100.0,118.0,118.0,-18.0,-18.0,0.1,1.0,16.7,0.029,0.143,0.081,16.7,0.714,0.761,0.137,0.137,98.58,98.58,82.15,64.0,0.102,2020-21,Playoffs
0042000313,1610612756,Phoenix,Suns,PHX,suns,1626166,Cameron,Payne,C. Payne,cameron-payne,,,,4:19,44.4,44.4,112.5,112.5,-68.1,-68.1,1.0,0.0,20.0,0.0,0.0,0.0,0.0,0.25,0.25,0.364,0.364,94.52,94.52,78.76,9.0,0.0,2020-21,Playoffs
0042000313,1610612756,Phoenix,Suns,PHX,suns,1628470,Torrey,Craig,T. Craig,torrey-craig,,,,15:29,106.5,106.5,83.3,83.3,23.1,23.1,0.0,0.0,0.0,0.0,0.077,0.032,16.7,0.25,0.41,0.162,0.162,94.55,94.55,78.79,31.0,0.026,2020-21,Playoffs
0042000313,1610612756,Phoenix,Suns,PHX,suns,203967,Dario,Saric,D. Saric,dario-saric,,,,12:25,124.0,124.0,83.3,83.3,40.7,40.7,0.0,0.0,0.0,0.154,0.455,0.292,0.0,0.5,0.5,0.067,0.067,94.71,94.71,78.93,25.0,0.1,2020-21,Playoffs
0042000313,1610612756,Phoenix,Suns,PHX,suns,202734,E'Twaun,Moore,E. Moore,etwaun-moore,,,,4:53,100.0,100.0,45.5,45.5,54.5,54.5,0.5,0.0,16.7,0.0,0.125,0.067,0.0,0.2,0.2,0.385,0.385,108.12,108.12,90.1,11.0,0.0,2020-21,Playoffs
0042000313,1610612756,Phoenix,Suns,PHX,suns,1628975,Jevon,Carter,J. Carter,jevon-carter,,,,1:33,66.7,66.7,0.0,0.0,66.7,66.7,1.0,0.0,100.0,0.0,0.0,0.0,0.0,0.0,0.0,0.0,0.0,92.9,92.9,77.42,3.0,0.4,2020-21,Playoffs
0042000313,1610612756,Phoenix,Suns,PHX,suns,1630188,Jalen,Smith,J. Smith,jalen-smith,,,,1:33,66.7,66.7,0.0,0.0,66.7,66.7,0.0,0.0,0.0,0.0,0.5,0.2,0.0,0.0,0.0,0.0,0.0,92.9,92.9,77.42,3.0,0.4,2020-21,Playoffs
0042000313,1610612756,Phoenix,Suns,PHX,suns,1630234,Ty-Shon,Alexander,T. Alexander,ty-shon-alexander,,DNP - Coach's Decision,,,0.0,0.0,0.0,0.0,0.0,0.0,0.0,0.0,0.0,0.0,0.0,0.0,0.0,0.0,0.0,0.0,0.0,0.0,0.0,0.0,0.0,0.0,2020-21,Playoffs
0042000313,1610612756,Phoenix,Suns,PHX,suns,204038,Langston,Galloway,L. Galloway,langston-galloway,,DNP - Coach's Decision,,,0.0,0.0,0.0,0.0,0.0,0.0,0.0,0.0,0.0,0.0,0.0,0.0,0.0,0.0,0.0,0.0,0.0,0.0,0.0,0.0,0.0,0.0,2020-21,Playoffs
0042000313,1610612756,Phoenix,Suns,PHX,suns,1626163,Frank,Kaminsky,F. Kaminsky,frank-kaminsky,,DNP - Coach's Decision,,,0.0,0.0,0.0,0.0,0.0,0.0,0.0,0.0,0.0,0.0,0.0,0.0,0.0,0.0,0.0,0.0,0.0,0.0,0.0,0.0,0.0,0.0,2020-21,Playoffs
0042000313,1610612746,LA,Clippers,LAC,clippers,202331,Paul,George,P. George,paul-george,F,,,42:55,120.9,120.9,93.1,93.1,27.8,27.8,0.296,1.33,18.6,0.0,0.3,0.167,14.0,0.404,0.464,0.361,0.361,96.75,96.75,80.62,86.0,0.162,2020-21,Playoffs
0042000313,1610612746,LA,Clippers,LAC,clippers,1629611,Terance,Mann,T. Mann,terance-mann,F,,,32:03,130.3,130.3,103.0,103.0,27.3,27.3,0.08,0.0,20.0,0.067,0.088,0.078,0.0,0.75,0.75,0.107,0.107,99.6,99.6,83.0,66.0,0.086,2020-21,Playoffs
0042000313,1610612746,LA,Clippers,LAC,clippers,1627826,Ivica,Zubac,I. Zubac,ivica-zubac,C,,,32:34,124.2,124.2,80.6,80.6,43.6,43.6,0.037,0.0,7.1,0.188,0.263,0.229,0.0,0.375,0.605,0.169,0.169,98.01,98.01,81.68,66.0,0.208,2020-21,Playoffs
0042000313,1610612746,LA,Clippers,LAC,clippers,202704,Reggie,Jackson,R. Jackson,reggie-jackson,G,,,32:54,114.1,114.1,93.8,93.8,20.2,20.2,0.158,3.0,13.0,0.0,0.029,0.015,4.3,0.618,0.613,0.267,0.267,94.11,94.11,78.43,64.0,0.124,2020-21,Playoffs
0042000313,1610612746,LA,Clippers,LAC,clippers,201976,Patrick,Beverley,P. Beverley,patrick-beverley,G,,,26:44,131.5,131.5,87.0,87.0,44.4,44.4,0.043,0.0,11.1,0.08,0.129,0.107,0.0,0.5,0.5,0.127,0.127,96.96,96.96,80.8,54.0,0.081,2020-21,Playoffs
0042000313,1610612746,LA,Clippers,LAC,clippers,202694,Marcus,Morris Sr.,M. Morris Sr.,marcus-morris-sr,,,,23:47,89.6,89.6,91.8,91.8,-2.3,-2.3,0.091,1.0,14.3,0.0,0.161,0.093,14.3,0.75,0.82,0.115,0.115,97.88,97.88,81.57,48.0,0.128,2020-21,Playoffs
0042000313,1610612746,LA,Clippers,LAC,clippers,1628379,Luke,Kennard,L. Kennard,luke-kennard,,,,20:34,94.9,94.9,107.5,107.5,-12.6,-12.6,0.125,0.0,12.5,0.0,0.04,0.024,0.0,0.571,0.605,0.167,0.167,92.17,92.17,76.81,39.0,0.08,2020-21,Playoffs
0042000313,1610612746,LA,Clippers,LAC,clippers,201587,Nicolas,Batum,N. Batum,nicolas-batum,,,,14:39,96.6,96.6,122.6,122.6,-26.0,-26.0,0.5,0.0,50.0,0.0,0.0,0.0,0.0,0.667,0.667,0.1,0.1,98.27,98.27,81.89,29.0,0.072,2020-21,Playoffs
0042000313,1610612746,LA,Clippers,LAC,clippers,200765,Rajon,Rondo,R. Rondo,rajon-rondo,,,,7:38,46.2,46.2,107.7,107.7,-61.5,-61.5,0.0,0.0,0.0,0.0,0.0,0.0,75.0,0.0,0.0,0.286,0.286,81.75,81.75,68.12,13.0,-0.167,2020-21,Playoffs
0042000313,1610612746,LA,Clippers,LAC,clippers,1627812,Yogi,Ferrell,Y. Ferrell,yogi-ferrell,,,,1:33,0.0,0.0,66.7,66.7,-66.7,-66.7,0.0,0.0,0.0,0.0,0.0,0.0,0.0,0.0,0.0,0.0,0.0,92.9,92.9,77.42,3.0,0.0,2020-21,Playoffs
0042000313,1610612746,LA,Clippers,LAC,clippers,1629599,Amir,Coffey,A. Coffey,amir-coffey,,,,1:33,0.0,0.0,66.7,66.7,-66.7,-66.7,0.0,0.0,0.0,0.0,0.333,0.2,0.0,0.0,0.0,0.0,0.0,92.9,92.9,77.42,3.0,0.4,2020-21,Playoffs
0042000313,1610612746,LA,Clippers,LAC,clippers,1630187,Daniel,Oturu,D. Oturu,daniel-oturu,,,,1:33,0.0,0.0,66.7,66.7,-66.7,-66.7,0.0,0.0,0.0,0.0,0.333,0.2,0.0,0.0,0.0,0.0,0.0,92.9,92.9,77.42,3.0,0.4,2020-21,Playoffs
0042000313,1610612746,LA,Clippers,LAC,clippers,1630206,Jay,Scrubb,J. Scrubb,jay-scrubb,,,,1:33,0.0,0.0,66.7,66.7,-66.7,-66.7,0.0,0.0,0.0,0.0,0.0,0.0,0.0,0.0,0.0,0.0,0.0,92.9,92.9,77.42,3.0,0.0,2020-21,Playoffs
0042000313,1610612746,LA,Clippers,LAC,clippers,202326,DeMarcus,Cousins,D. Cousins,demarcus-cousins,,DNP - Coach's Decision,,,0.0,0.0,0.0,0.0,0.0,0.0,0.0,0.0,0.0,0.0,0.0,0.0,0.0,0.0,0.0,0.0,0.0,0.0,0.0,0.0,0.0,0.0,2020-21,Playoffs
0042000313,1610612746,LA,Clippers,LAC,clippers,202335,Patrick,Patterson,P. Patterson,patrick-patterson,,DNP - Coach's Decision,,,0.0,0.0,0.0,0.0,0.0,0.0,0.0,0.0,0.0,0.0,0.0,0.0,0.0,0.0,0.0,0.0,0.0,0.0,0.0,0.0,0.0,0.0,2020-21,Playoffs
0042000314,1610612756,Phoenix,Suns,PHX,suns,1628969,Mikal,Bridges,M. Bridges,mikal-bridges,F,,,39:21,88.2,88.2,83.1,83.1,5.0,5.0,0.13,3.0,30.0,0.064,0.2,0.134,10.0,0.5,0.5,0.076,0.076,93.31,93.31,77.76,76.0,0.171,2020-21,Playoffs
0042000314,1610612756,Phoenix,Suns,PHX,suns,203109,Jae,Crowder,J. Crowder,jae-crowder,F,,,34:18,100.0,100.0,91.2,91.2,8.8,8.8,0.0,0.0,0.0,0.075,0.093,0.084,0.0,0.188,0.188,0.099,0.099,93.76,93.76,78.13,66.0,-0.022,2020-21,Playoffs
0042000314,1610612756,Phoenix,Suns,PHX,suns,1629028,Deandre,Ayton,D. Ayton,deandre-ayton,C,,,41:14,93.8,93.8,81.7,81.7,12.0,12.0,0.15,1.0,14.3,0.188,0.232,0.212,14.3,0.571,0.62,0.188,0.188,94.3,94.3,78.59,80.0,0.304,2020-21,Playoffs
0042000314,1610612756,Phoenix,Suns,PHX,suns,1626164,Devin,Booker,D. Booker,devin-booker,G,,,38:17,94.4,94.4,86.3,86.3,8.1,8.1,0.0,0.0,0.0,0.0,0.042,0.022,15.6,0.364,0.466,0.368,0.368,90.9,90.9,75.75,72.0,0.022,2020-21,Playoffs
0042000314,1610612756,Phoenix,Suns,PHX,suns,101108,Chris,Paul,C. Paul,chris-paul,G,,,37:30,84.5,84.5,78.1,78.1,6.4,6.4,0.412,1.75,19.4,0.0,0.082,0.042,11.1,0.273,0.359,0.337,0.337,92.16,92.16,76.8,71.0,0.07,2020-21,Playoffs
0042000314,1610612756,Phoenix,Suns,PHX,suns,1626166,Cameron,Payne,C. Payne,cameron-payne,,,,19:52,92.7,92.7,87.2,87.2,5.5,5.5,0.273,3.0,25.0,0.0,0.071,0.041,8.3,0.313,0.313,0.191,0.191,96.68,96.68,80.57,41.0,0.059,2020-21,Playoffs
0042000314,1610612756,Phoenix,Suns,PHX,suns,1629661,Cameron,Johnson,C. Johnson,cameron-johnson,,,,17:02,78.8,78.8,75.8,75.8,3.0,3.0,0.0,0.0,0.0,0.05,0.111,0.085,0.0,0.625,0.625,0.108,0.108,92.99,92.99,77.5,33.0,0.239,2020-21,Playoffs
0042000314,1610612756,Phoenix,Suns,PHX,suns,1627846,Abdel,Nader,A. Nader,abdel-nader,,,,5:24,72.7,72.7,75.0,75.0,-2.3,-2.3,0.0,0.0,0.0,0.0,0.25,0.125,0.0,0.0,0.0,0.083,0.083,119.96,119.96,99.97,11.0,-0.25,2020-21,Playoffs
0042000314,1610612756,Phoenix,Suns,PHX,suns,203967,Dario,Saric,D. Saric,dario-saric,,,,6:43,85.7,85.7,78.6,78.6,7.1,7.1,0.0,0.0,0.0,0.125,0.182,0.158,0.0,1.5,1.5,0.063,0.063,99.95,99.95,83.29,14.0,0.563,2020-21,Playoffs
0042000314,1610612756,Phoenix,Suns,PHX,suns,1628470,Torrey,Craig,T. Craig,torrey-craig,,,,0:19,0.0,0.0,100.0,100.0,-100.0,-100.0,0.0,0.0,0.0,0.0,0.0,0.0,0.0,0.0,0.0,0.0,0.0,527.75,527.75,439.79,2.0,-1.0,2020-21,Playoffs
0042000314,1610612756,Phoenix,Suns,PHX,suns,1628975,Jevon,Carter,J. Carter,jevon-carter,,DNP - Coach's Decision,,,0.0,0.0,0.0,0.0,0.0,0.0,0.0,0.0,0.0,0.0,0.0,0.0,0.0,0.0,0.0,0.0,0.0,0.0,0.0,0.0,0.0,0.0,2020-21,Playoffs
0042000314,1610612756,Phoenix,Suns,PHX,suns,204038,Langston,Galloway,L. Galloway,langston-galloway,,DNP - Coach's Decision,,,0.0,0.0,0.0,0.0,0.0,0.0,0.0,0.0,0.0,0.0,0.0,0.0,0.0,0.0,0.0,0.0,0.0,0.0,0.0,0.0,0.0,0.0,2020-21,Playoffs
0042000314,1610612756,Phoenix,Suns,PHX,suns,1626163,Frank,Kaminsky,F. Kaminsky,frank-kaminsky,,DNP - Coach's Decision,,,0.0,0.0,0.0,0.0,0.0,0.0,0.0,0.0,0.0,0.0,0.0,0.0,0.0,0.0,0.0,0.0,0.0,0.0,0.0,0.0,0.0,0.0,2020-21,Playoffs
0042000314,1610612756,Phoenix,Suns,PHX,suns,202734,E'Twaun,Moore,E. Moore,etwaun-moore,,DNP - Coach's Decision,,,0.0,0.0,0.0,0.0,0.0,0.0,0.0,0.0,0.0,0.0,0.0,0.0,0.0,0.0,0.0,0.0,0.0,0.0,0.0,0.0,0.0,0.0,2020-21,Playoffs
0042000314,1610612756,Phoenix,Suns,PHX,suns,1630188,Jalen,Smith,J. Smith,jalen-smith,,DNP - Coach's Decision,,,0.0,0.0,0.0,0.0,0.0,0.0,0.0,0.0,0.0,0.0,0.0,0.0,0.0,0.0,0.0,0.0,0.0,0.0,0.0,0.0,0.0,0.0,2020-21,Playoffs
0042000314,1610612746,LA,Clippers,LAC,clippers,202331,Paul,George,P. George,paul-george,F,,,41:48,89.9,89.9,93.8,93.8,-4.0,-4.0,0.333,3.0,16.7,0.0,0.327,0.152,5.6,0.275,0.412,0.313,0.313,91.88,91.88,76.56,79.0,0.173,2020-21,Playoffs
0042000314,1610612746,LA,Clippers,LAC,clippers,202694,Marcus,Morris Sr.,M. Morris Sr.,marcus-morris-sr,F,,,22:12,72.9,72.9,100.0,100.0,-27.1,-27.1,0.2,0.0,20.0,0.0,0.0,0.0,0.0,0.25,0.25,0.151,0.151,100.55,100.55,83.79,48.0,-0.018,2020-21,Playoffs
0042000314,1610612746,LA,Clippers,LAC,clippers,1627826,Ivica,Zubac,I. Zubac,ivica-zubac,C,,,39:34,81.0,81.0,87.0,87.0,-6.0,-6.0,0.056,0.33,7.1,0.127,0.14,0.133,21.4,0.625,0.666,0.135,0.135,94.61,94.61,78.84,79.0,0.183,2020-21,Playoffs
0042000314,1610612746,LA,Clippers,LAC,clippers,202704,Reggie,Jackson,R. Jackson,reggie-jackson,G,,,40:27,87.5,87.5,91.0,91.0,-3.5,-3.5,0.063,0.25,3.3,0.0,0.102,0.052,13.3,0.375,0.402,0.312,0.312,93.75,93.75,78.12,80.0,0.069,2020-21,Playoffs
0042000314,1610612746,LA,Clippers,LAC,clippers,201976,Patrick,Beverley,P. Beverley,patrick-beverley,G,,,34:13,84.8,84.8,98.5,98.5,-13.6,-13.6,0.111,0.0,33.3,0.079,0.025,0.051,0.0,0.25,0.25,0.053,0.053,92.6,92.6,77.17,66.0,-0.005,2020-21,Playoffs
0042000314,1610612746,LA,Clippers,LAC,clippers,1629611,Terance,Mann,T. Mann,terance-mann,,,,33:06,91.9,91.9,91.8,91.8,0.1,0.1,0.0,0.0,0.0,0.047,0.053,0.049,8.3,0.5,0.536,0.156,0.156,89.17,89.17,74.31,62.0,0.058,2020-21,Playoffs
0042000314,1610612746,LA,Clippers,LAC,clippers,201587,Nicolas,Batum,N. Batum,nicolas-batum,,,,16:03,80.6,80.6,68.8,68.8,11.9,11.9,0.143,0.0,14.3,0.04,0.238,0.13,0.0,0.25,0.25,0.15,0.15,94.17,94.17,78.47,31.0,0.6,2020-21,Playoffs
0042000314,1610612746,LA,Clippers,LAC,clippers,1628379,Luke,Kennard,L. Kennard,luke-kennard,,,,12:33,77.8,77.8,66.7,66.7,11.1,11.1,0.0,0.0,0.0,0.083,0.0,0.05,0.0,0.25,0.225,0.111,0.111,97.54,97.54,81.29,27.0,-0.083,2020-21,Playoffs
0042000314,1610612746,LA,Clippers,LAC,clippers,202326,DeMarcus,Cousins,D. Cousins,demarcus-cousins,,,,0:04,33.3,33.3,200.0,200.0,-166.7,-166.7,0.0,0.0,0.0,0.0,0.0,0.0,0.0,0.0,0.568,0.25,0.25,1556.76,1556.76,1297.3,3.0,0.0,2020-21,Playoffs
0042000314,1610612746,LA,Clippers,LAC,clippers,1629599,Amir,Coffey,A. Coffey,amir-coffey,,DNP - Coach's Decision,,,0.0,0.0,0.0,0.0,0.0,0.0,0.0,0.0,0.0,0.0,0.0,0.0,0.0,0.0,0.0,0.0,0.0,0.0,0.0,0.0,0.0,0.0,2020-21,Playoffs
0042000314,1610612746,LA,Clippers,LAC,clippers,1627812,Yogi,Ferrell,Y. Ferrell,yogi-ferrell,,DNP - Coach's Decision,,,0.0,0.0,0.0,0.0,0.0,0.0,0.0,0.0,0.0,0.0,0.0,0.0,0.0,0.0,0.0,0.0,0.0,0.0,0.0,0.0,0.0,0.0,2020-21,Playoffs
0042000314,1610612746,LA,Clippers,LAC,clippers,1630187,Daniel,Oturu,D. Oturu,daniel-oturu,,DNP - Coach's Decision,,,0.0,0.0,0.0,0.0,0.0,0.0,0.0,0.0,0.0,0.0,0.0,0.0,0.0,0.0,0.0,0.0,0.0,0.0,0.0,0.0,0.0,0.0,2020-21,Playoffs
0042000314,1610612746,LA,Clippers,LAC,clippers,202335,Patrick,Patterson,P. Patterson,patrick-patterson,,DNP - Coach's Decision,,,0.0,0.0,0.0,0.0,0.0,0.0,0.0,0.0,0.0,0.0,0.0,0.0,0.0,0.0,0.0,0.0,0.0,0.0,0.0,0.0,0.0,0.0,2020-21,Playoffs
0042000314,1610612746,LA,Clippers,LAC,clippers,200765,Rajon,Rondo,R. Rondo,rajon-rondo,,DNP - Coach's Decision,,,0.0,0.0,0.0,0.0,0.0,0.0,0.0,0.0,0.0,0.0,0.0,0.0,0.0,0.0,0.0,0.0,0.0,0.0,0.0,0.0,0.0,0.0,2020-21,Playoffs
0042000314,1610612746,LA,Clippers,LAC,clippers,1630206,Jay,Scrubb,J. Scrubb,jay-scrubb,,DNP - Coach's Decision,,,0.0,0.0,0.0,0.0,0.0,0.0,0.0,0.0,0.0,0.0,0.0,0.0,0.0,0.0,0.0,0.0,0.0,0.0,0.0,0.0,0.0,0.0,2020-21,Playoffs
0042000315,1610612746,LA,Clippers,LAC,clippers,202331,Paul,George,P. George,paul-george,F,,,40:53,116.7,116.7,102.4,102.4,14.2,14.2,0.25,1.0,17.6,0.0,0.317,0.181,17.6,0.825,0.872,0.322,0.322,97.45,97.45,81.21,84.0,0.3,2020-21,Playoffs
0042000315,1610612746,LA,Clippers,LAC,clippers,202694,Marcus,Morris Sr.,M. Morris Sr.,marcus-morris-sr,F,,,38:48,120.0,120.0,96.2,96.2,23.8,23.8,0.071,2.0,10.0,0.0,0.071,0.043,5.0,0.625,0.652,0.222,0.222,98.37,98.37,81.98,80.0,0.107,2020-21,Playoffs
0042000315,1610612746,LA,Clippers,LAC,clippers,1629611,Terance,Mann,T. Mann,terance-mann,C,,,26:06,105.7,105.7,117.0,117.0,-11.3,-11.3,0.091,0.0,20.0,0.0,0.08,0.04,0.0,0.25,0.25,0.143,0.143,97.45,97.45,81.21,53.0,0.024,2020-21,Playoffs
0042000315,1610612746,LA,Clippers,LAC,clippers,201976,Patrick,Beverley,P. Beverley,patrick-beverley,G,,,30:55,115.6,115.6,116.1,116.1,-0.5,-0.5,0.038,0.0,14.3,0.0,0.172,0.098,0.0,0.583,0.583,0.094,0.094,97.81,97.81,81.51,64.0,0.054,2020-21,Playoffs
0042000315,1610612746,LA,Clippers,LAC,clippers,202704,Reggie,Jackson,R. Jackson,reggie-jackson,G,,,38:11,127.6,127.6,100.0,100.0,27.6,27.6,0.103,3.0,15.0,0.0,0.122,0.076,5.0,0.714,0.73,0.221,0.221,95.54,95.54,79.62,76.0,0.125,2020-21,Playoffs
0042000315,1610612746,LA,Clippers,LAC,clippers,201587,Nicolas,Batum,N. Batum,nicolas-batum,,,,29:47,125.4,125.4,98.4,98.4,27.0,27.0,0.071,0.0,50.0,0.0,0.267,0.154,0.0,0.5,0.5,0.03,0.03,100.73,100.73,83.94,63.0,0.083,2020-21,Playoffs
0042000315,1610612746,LA,Clippers,LAC,clippers,202326,DeMarcus,Cousins,D. Cousins,demarcus-cousins,,,,11:19,126.9,126.9,103.8,103.8,23.1,23.1,0.429,0.0,20.0,0.2,0.0,0.105,0.0,0.583,0.603,0.429,0.429,110.28,110.28,91.9,26.0,0.228,2020-21,Playoffs
0042000315,1610612746,LA,Clippers,LAC,clippers,1628379,Luke,Kennard,L. Kennard,luke-kennard,,,,19:05,100.0,100.0,115.8,115.8,-15.8,-15.8,0.059,1.0,20.0,0.0,0.067,0.029,20.0,0.0,0.0,0.095,0.095,96.82,96.82,80.68,39.0,-0.038,2020-21,Playoffs
0042000315,1610612746,LA,Clippers,LAC,clippers,1630206,Jay,Scrubb,J. Scrubb,jay-scrubb,,,,1:14,66.7,66.7,100.0,100.0,-33.3,-33.3,0.0,0.0,0.0,0.0,0.0,0.0,0.0,0.0,0.0,0.0,0.0,97.3,97.3,81.08,3.0,0.0,2020-21,Playoffs
0042000315,1610612746,LA,Clippers,LAC,clippers,1630187,Daniel,Oturu,D. Oturu,daniel-oturu,,,,1:14,66.7,66.7,100.0,100.0,-33.3,-33.3,0.0,0.0,0.0,0.0,0.0,0.0,0.0,0.0,0.0,0.25,0.25,97.3,97.3,81.08,3.0,-0.286,2020-21,Playoffs
0042000315,1610612746,LA,Clippers,LAC,clippers,1629599,Amir,Coffey,A. Coffey,amir-coffey,,,,1:14,66.7,66.7,100.0,100.0,-33.3,-33.3,0.0,0.0,0.0,0.0,0.5,0.25,0.0,0.0,0.0,0.0,0.0,97.3,97.3,81.08,3.0,0.286,2020-21,Playoffs
0042000315,1610612746,LA,Clippers,LAC,clippers,1627812,Yogi,Ferrell,Y. Ferrell,yogi-ferrell,,,,1:14,66.7,66.7,100.0,100.0,-33.3,-33.3,0.0,0.0,0.0,0.0,0.0,0.0,0.0,0.5,0.5,0.5,0.5,97.3,97.3,81.08,3.0,0.286,2020-21,Playoffs
0042000315,1610612746,LA,Clippers,LAC,clippers,202335,Patrick,Patterson,P. Patterson,patrick-patterson,,DNP - Coach's Decision,,,0.0,0.0,0.0,0.0,0.0,0.0,0.0,0.0,0.0,0.0,0.0,0.0,0.0,0.0,0.0,0.0,0.0,0.0,0.0,0.0,0.0,0.0,2020-21,Playoffs
0042000315,1610612746,LA,Clippers,LAC,clippers,200765,Rajon,Rondo,R. Rondo,rajon-rondo,,DNP - Coach's Decision,,,0.0,0.0,0.0,0.0,0.0,0.0,0.0,0.0,0.0,0.0,0.0,0.0,0.0,0.0,0.0,0.0,0.0,0.0,0.0,0.0,0.0,0.0,2020-21,Playoffs
0042000315,1610612756,Phoenix,Suns,PHX,suns,1628969,Mikal,Bridges,M. Bridges,mikal-bridges,F,,,27:58,100.0,100.0,112.5,112.5,-12.5,-12.5,0.059,1.0,14.3,0.0,0.15,0.063,14.3,0.5,0.5,0.103,0.103,95.26,95.26,79.38,55.0,0.019,2020-21,Playoffs
0042000315,1610612756,Phoenix,Suns,PHX,suns,203109,Jae,Crowder,J. Crowder,jae-crowder,F,,,27:15,101.8,101.8,121.4,121.4,-19.6,-19.6,0.333,6.0,46.2,0.0,0.211,0.085,7.7,0.333,0.333,0.123,0.123,98.64,98.64,82.2,56.0,0.05,2020-21,Playoffs
0042000315,1610612756,Phoenix,Suns,PHX,suns,1629028,Deandre,Ayton,D. Ayton,deandre-ayton,C,,,36:53,98.6,98.6,126.7,126.7,-28.0,-28.0,0.05,0.5,8.3,0.079,0.296,0.169,16.7,0.556,0.556,0.138,0.138,96.95,96.95,80.8,74.0,0.096,2020-21,Playoffs
0042000315,1610612756,Phoenix,Suns,PHX,suns,1626164,Devin,Booker,D. Booker,devin-booker,G,,,43:04,104.6,104.6,116.1,116.1,-11.5,-11.5,0.125,1.0,9.1,0.0,0.125,0.053,9.1,0.5,0.577,0.319,0.319,96.98,96.98,80.82,87.0,0.113,2020-21,Playoffs
0042000315,1610612756,Phoenix,Suns,PHX,suns,101108,Chris,Paul,C. Paul,chris-paul,G,,,35:45,108.6,108.6,130.0,130.0,-21.4,-21.4,0.381,4.0,26.7,0.0,0.12,0.05,6.7,0.421,0.508,0.286,0.286,94.01,94.01,78.34,70.0,0.114,2020-21,Playoffs
0042000315,1610612756,Phoenix,Suns,PHX,suns,1626166,Cameron,Payne,C. Payne,cameron-payne,,,,13:16,110.0,110.0,100.0,100.0,10.0,10.0,0.182,2.0,22.2,0.0,0.214,0.111,11.1,0.417,0.417,0.226,0.226,106.73,106.73,88.94,30.0,0.061,2020-21,Playoffs
0042000315,1610612756,Phoenix,Suns,PHX,suns,1629661,Cameron,Johnson,C. Johnson,cameron-johnson,,,,23:01,112.2,112.2,122.9,122.9,-10.7,-10.7,0.0,0.0,0.0,0.045,0.15,0.095,33.3,1.083,1.087,0.164,0.164,101.14,101.14,84.29,49.0,0.111,2020-21,Playoffs
0042000315,1610612756,Phoenix,Suns,PHX,suns,203967,Dario,Saric,D. Saric,dario-saric,,,,11:07,120.8,120.8,91.3,91.3,29.5,29.5,0.083,0.0,20.0,0.1,0.273,0.19,0.0,0.25,0.25,0.154,0.154,101.47,101.47,84.56,24.0,0.051,2020-21,Playoffs
0042000315,1610612756,Phoenix,Suns,PHX,suns,1627846,Abdel,Nader,A. Nader,abdel-nader,,,,9:19,81.0,81.0,100.0,100.0,-19.0,-19.0,0.0,0.0,0.0,0.0,0.182,0.1,0.0,0.5,0.5,0.174,0.174,113.35,113.35,94.45,21.0,0.113,2020-21,Playoffs
0042000315,1610612756,Phoenix,Suns,PHX,suns,1628470,Torrey,Craig,T. Craig,torrey-craig,,,,11:09,100.0,100.0,121.7,121.7,-21.7,-21.7,0.0,0.0,0.0,0.167,0.111,0.143,25.0,0.667,0.644,0.154,0.154,96.86,96.86,80.72,22.0,0.048,2020-21,Playoffs
0042000315,1610612756,Phoenix,Suns,PHX,suns,1630188,Jalen,Smith,J. Smith,jalen-smith,,,,1:14,100.0,100.0,66.7,66.7,33.3,33.3,0.0,0.0,0.0,0.0,0.0,0.0,0.0,0.0,0.0,0.0,0.0,97.3,97.3,81.08,2.0,0.0,2020-21,Playoffs
0042000315,1610612756,Phoenix,Suns,PHX,suns,1628975,Jevon,Carter,J. Carter,jevon-carter,,DNP - Coach's Decision,,,0.0,0.0,0.0,0.0,0.0,0.0,0.0,0.0,0.0,0.0,0.0,0.0,0.0,0.0,0.0,0.0,0.0,0.0,0.0,0.0,0.0,0.0,2020-21,Playoffs
0042000315,1610612756,Phoenix,Suns,PHX,suns,204038,Langston,Galloway,L. Galloway,langston-galloway,,DNP - Coach's Decision,,,0.0,0.0,0.0,0.0,0.0,0.0,0.0,0.0,0.0,0.0,0.0,0.0,0.0,0.0,0.0,0.0,0.0,0.0,0.0,0.0,0.0,0.0,2020-21,Playoffs
0042000315,1610612756,Phoenix,Suns,PHX,suns,1626163,Frank,Kaminsky,F. Kaminsky,frank-kaminsky,,DNP - Coach's Decision,,,0.0,0.0,0.0,0.0,0.0,0.0,0.0,0.0,0.0,0.0,0.0,0.0,0.0,0.0,0.0,0.0,0.0,0.0,0.0,0.0,0.0,0.0,2020-21,Playoffs
0042000315,1610612756,Phoenix,Suns,PHX,suns,202734,E'Twaun,Moore,E. Moore,etwaun-moore,,DNP - Coach's Decision,,,0.0,0.0,0.0,0.0,0.0,0.0,0.0,0.0,0.0,0.0,0.0,0.0,0.0,0.0,0.0,0.0,0.0,0.0,0.0,0.0,0.0,0.0,2020-21,Playoffs
0042000316,1610612756,Phoenix,Suns,PHX,suns,1628969,Mikal,Bridges,M. Bridges,mikal-bridges,F,,,23:53,116.7,116.7,118.4,118.4,-1.7,-1.7,0.2,0.0,40.0,0.0,0.043,0.023,0.0,0.667,0.699,0.115,0.115,97.49,97.49,81.25,48.0,0.087,2020-21,Playoffs
0042000316,1610612756,Phoenix,Suns,PHX,suns,203109,Jae,Crowder,J. Crowder,jae-crowder,F,,,32:43,135.9,135.9,106.3,106.3,29.7,29.7,0.034,0.0,7.7,0.0,0.152,0.078,0.0,0.773,0.8,0.16,0.16,93.88,93.88,78.24,64.0,0.109,2020-21,Playoffs
0042000316,1610612756,Phoenix,Suns,PHX,suns,1629028,Deandre,Ayton,D. Ayton,deandre-ayton,C,,,40:19,135.0,135.0,114.1,114.1,20.9,20.9,0.028,0.5,7.1,0.128,0.286,0.21,14.3,0.8,0.735,0.137,0.137,94.06,94.06,78.38,80.0,0.128,2020-21,Playoffs
0042000316,1610612756,Phoenix,Suns,PHX,suns,1626164,Devin,Booker,D. Booker,devin-booker,G,,,42:03,133.7,133.7,107.3,107.3,26.4,26.4,0.114,1.33,12.1,0.0,0.163,0.084,9.1,0.404,0.416,0.296,0.296,94.16,94.16,78.47,83.0,0.073,2020-21,Playoffs
0042000316,1610612756,Phoenix,Suns,PHX,suns,101108,Chris,Paul,C. Paul,chris-paul,G,,,34:56,133.8,133.8,103.0,103.0,30.8,30.8,0.381,0.0,25.0,0.034,0.086,0.063,0.0,0.813,0.81,0.312,0.312,92.75,92.75,77.29,68.0,0.32,2020-21,Playoffs
0042000316,1610612756,Phoenix,Suns,PHX,suns,1626166,Cameron,Payne,C. Payne,cameron-payne,,,,15:41,154.5,154.5,125.0,125.0,29.5,29.5,0.412,7.0,41.2,0.0,0.2,0.1,5.9,0.389,0.389,0.244,0.244,99.47,99.47,82.89,33.0,0.095,2020-21,Playoffs
0042000316,1610612756,Phoenix,Suns,PHX,suns,1628470,Torrey,Craig,T. Craig,torrey-craig,,,,30:37,147.5,147.5,105.1,105.1,42.5,42.5,0.029,1.0,20.0,0.133,0.118,0.125,20.0,0.5,0.5,0.052,0.052,94.07,94.07,78.39,61.0,0.04,2020-21,Playoffs
0042000316,1610612756,Phoenix,Suns,PHX,suns,1627846,Abdel,Nader,A. Nader,abdel-nader,,,,6:04,133.3,133.3,138.5,138.5,-5.1,-5.1,0.0,0.0,0.0,0.0,0.125,0.091,0.0,0.0,0.0,0.0,0.0,98.98,98.98,82.49,12.0,0.032,2020-21,Playoffs
0042000316,1610612756,Phoenix,Suns,PHX,suns,203967,Dario,Saric,D. Saric,dario-saric,,,,7:41,146.7,146.7,87.5,87.5,59.2,59.2,0.143,1.0,20.0,0.0,0.0,0.0,20.0,1.5,1.215,0.25,0.25,96.83,96.83,80.69,15.0,0.143,2020-21,Playoffs
0042000316,1610612756,Phoenix,Suns,PHX,suns,1628975,Jevon,Carter,J. Carter,jevon-carter,,,,2:01,150.0,150.0,75.0,75.0,75.0,75.0,0.0,0.0,0.0,0.0,0.0,0.0,0.0,1.0,1.0,0.25,0.25,95.21,95.21,79.34,4.0,0.267,2020-21,Playoffs
0042000316,1610612756,Phoenix,Suns,PHX,suns,1630188,Jalen,Smith,J. Smith,jalen-smith,,,,2:01,150.0,150.0,75.0,75.0,75.0,75.0,0.0,0.0,0.0,0.0,0.0,0.0,0.0,1.0,1.0,0.25,0.25,95.21,95.21,79.34,4.0,0.267,2020-21,Playoffs
0042000316,1610612756,Phoenix,Suns,PHX,suns,202734,E'Twaun,Moore,E. Moore,etwaun-moore,,,,2:01,150.0,150.0,75.0,75.0,75.0,75.0,0.0,0.0,0.0,0.0,0.333,0.333,50.0,1.0,1.0,0.5,0.5,95.21,95.21,79.34,4.0,0.267,2020-21,Playoffs
0042000316,1610612756,Phoenix,Suns,PHX,suns,1630234,Ty-Shon,Alexander,T. Alexander,ty-shon-alexander,,DNP - Coach's Decision,,,0.0,0.0,0.0,0.0,0.0,0.0,0.0,0.0,0.0,0.0,0.0,0.0,0.0,0.0,0.0,0.0,0.0,0.0,0.0,0.0,0.0,0.0,2020-21,Playoffs
0042000316,1610612756,Phoenix,Suns,PHX,suns,204038,Langston,Galloway,L. Galloway,langston-galloway,,DNP - Coach's Decision,,,0.0,0.0,0.0,0.0,0.0,0.0,0.0,0.0,0.0,0.0,0.0,0.0,0.0,0.0,0.0,0.0,0.0,0.0,0.0,0.0,0.0,0.0,2020-21,Playoffs
0042000316,1610612756,Phoenix,Suns,PHX,suns,1626163,Frank,Kaminsky,F. Kaminsky,frank-kaminsky,,DNP - Coach's Decision,,,0.0,0.0,0.0,0.0,0.0,0.0,0.0,0.0,0.0,0.0,0.0,0.0,0.0,0.0,0.0,0.0,0.0,0.0,0.0,0.0,0.0,0.0,2020-21,Playoffs
0042000316,1610612746,LA,Clippers,LAC,clippers,1629611,Terance,Mann,T. Mann,terance-mann,F,,,29:14,113.8,113.8,131.0,131.0,-17.2,-17.2,0.0,0.0,0.0,0.08,0.038,0.059,11.1,0.286,0.317,0.143,0.143,95.23,95.23,79.36,58.0,-0.024,2020-21,Playoffs
0042000316,1610612746,LA,Clippers,LAC,clippers,202331,Paul,George,P. George,paul-george,F,,,41:01,106.3,106.3,136.3,136.3,-29.9,-29.9,0.095,0.5,8.0,0.024,0.211,0.114,16.0,0.433,0.554,0.261,0.261,93.04,93.04,77.53,79.0,0.095,2020-21,Playoffs
0042000316,1610612746,LA,Clippers,LAC,clippers,202694,Marcus,Morris Sr.,M. Morris Sr.,marcus-morris-sr,C,,,42:16,114.6,114.6,129.8,129.8,-15.1,-15.1,0.045,0.0,4.8,0.0,0.22,0.106,0.0,0.647,0.662,0.22,0.22,94.26,94.26,78.55,82.0,0.132,2020-21,Playoffs
0042000316,1610612746,LA,Clippers,LAC,clippers,202704,Reggie,Jackson,R. Jackson,reggie-jackson,G,,,36:56,113.9,113.9,137.0,137.0,-23.1,-23.1,0.348,0.0,38.1,0.027,0.086,0.056,0.0,0.417,0.488,0.167,0.167,94.22,94.22,78.52,72.0,0.088,2020-21,Playoffs
0042000316,1610612746,LA,Clippers,LAC,clippers,201976,Patrick,Beverley,P. Beverley,patrick-beverley,G,,,31:01,106.5,106.5,132.3,132.3,-25.8,-25.8,0.167,3.0,25.0,0.0,0.036,0.017,8.3,0.643,0.698,0.13,0.13,95.95,95.95,79.96,62.0,0.083,2020-21,Playoffs
0042000316,1610612746,LA,Clippers,LAC,clippers,201587,Nicolas,Batum,N. Batum,nicolas-batum,,,,19:23,127.0,127.0,133.3,133.3,-6.3,-6.3,0.182,0.0,22.2,0.045,0.167,0.1,0.0,0.583,0.654,0.159,0.159,94.1,94.1,78.42,37.0,0.128,2020-21,Playoffs
0042000316,1610612746,LA,Clippers,LAC,clippers,202326,DeMarcus,Cousins,D. Cousins,demarcus-cousins,,,,14:28,117.9,117.9,162.1,162.1,-44.2,-44.2,0.167,0.0,9.1,0.056,0.0,0.033,0.0,0.5,0.588,0.303,0.303,94.56,94.56,78.8,28.0,0.122,2020-21,Playoffs
0042000316,1610612746,LA,Clippers,LAC,clippers,1628379,Luke,Kennard,L. Kennard,luke-kennard,,,,13:49,110.7,110.7,144.4,144.4,-33.7,-33.7,0.0,0.0,0.0,0.0,0.0,0.0,20.0,0.375,0.375,0.161,0.161,95.54,95.54,79.61,28.0,-0.014,2020-21,Playoffs
0042000316,1610612746,LA,Clippers,LAC,clippers,1630206,Jay,Scrubb,J. Scrubb,jay-scrubb,,,,2:58,50.0,50.0,150.0,150.0,-100.0,-100.0,0.0,0.0,0.0,0.0,0.0,0.0,0.0,0.0,0.0,0.0,0.0,97.08,97.08,80.9,6.0,0.0,2020-21,Playoffs
0042000316,1610612746,LA,Clippers,LAC,clippers,1629599,Amir,Coffey,A. Coffey,amir-coffey,,,,2:58,50.0,50.0,150.0,150.0,-100.0,-100.0,0.0,0.0,0.0,0.0,0.0,0.0,50.0,1.0,0.694,0.286,0.286,97.08,97.08,80.9,6.0,0.105,2020-21,Playoffs
0042000316,1610612746,LA,Clippers,LAC,clippers,1630187,Daniel,Oturu,D. Oturu,daniel-oturu,,,,2:58,50.0,50.0,150.0,150.0,-100.0,-100.0,0.0,0.0,0.0,0.25,0.0,0.25,0.0,0.0,0.266,0.286,0.286,97.08,97.08,80.9,6.0,-0.053,2020-21,Playoffs
0042000316,1610612746,LA,Clippers,LAC,clippers,1627812,Yogi,Ferrell,Y. Ferrell,yogi-ferrell,,,,2:58,50.0,50.0,150.0,150.0,-100.0,-100.0,1.0,0.0,50.0,0.0,0.0,0.0,0.0,0.0,0.0,0.143,0.143,97.08,97.08,80.9,6.0,0.0,2020-21,Playoffs
0042000316,1610612746,LA,Clippers,LAC,clippers,202335,Patrick,Patterson,P. Patterson,patrick-patterson,,DNP - Coach's Decision,,,0.0,0.0,0.0,0.0,0.0,0.0,0.0,0.0,0.0,0.0,0.0,0.0,0.0,0.0,0.0,0.0,0.0,0.0,0.0,0.0,0.0,0.0,2020-21,Playoffs
0042000316,1610612746,LA,Clippers,LAC,clippers,200765,Rajon,Rondo,R. Rondo,rajon-rondo,,DNP - Coach's Decision,,,0.0,0.0,0.0,0.0,0.0,0.0,0.0,0.0,0.0,0.0,0.0,0.0,0.0,0.0,0.0,0.0,0.0,0.0,0.0,0.0,0.0,0.0,2020-21,Playoffs
0042000401,1610612749,Milwaukee,Bucks,MIL,bucks,200782,P.J.,Tucker,P. Tucker,pj-tucker,F,,,33:10,101.5,101.5,118.6,118.6,-17.1,-17.1,0.087,0.0,25.0,0.027,0.067,0.045,0.0,0.583,0.583,0.08,0.08,99.86,99.86,83.22,68.0,0.053,2020-21,Playoffs
0042000401,1610612749,Milwaukee,Bucks,MIL,bucks,203507,Giannis,Antetokounmpo,G. Antetokounmpo,giannis-antetokounmpo,F,,,35:20,104.0,104.0,101.3,101.3,2.7,2.7,0.174,1.33,16.7,0.065,0.375,0.239,12.5,0.591,0.614,0.247,0.247,102.56,102.56,85.46,75.0,0.192,2020-21,Playoffs
0042000401,1610612749,Milwaukee,Bucks,MIL,bucks,201572,Brook,Lopez,B. Lopez,brook-lopez,C,,,22:50,92.0,92.0,126.0,126.0,-34.0,-34.0,0.083,0.0,6.3,0.179,0.043,0.118,0.0,0.607,0.571,0.263,0.263,105.11,105.11,87.59,50.0,0.106,2020-21,Playoffs
0042000401,1610612749,Milwaukee,Bucks,MIL,bucks,203114,Khris,Middleton,K. Middleton,khris-middleton,G,,,44:32,104.2,104.2,117.0,117.0,-12.8,-12.8,0.16,0.8,11.4,0.022,0.136,0.078,14.3,0.558,0.558,0.295,0.295,101.85,101.85,84.87,95.0,0.103,2020-21,Playoffs
0042000401,1610612749,Milwaukee,Bucks,MIL,bucks,201950,Jrue,Holiday,J. Holiday,jrue-holiday,G,,,39:56,100.0,100.0,117.4,117.4,-17.4,-17.4,0.321,3.0,33.3,0.0,0.189,0.088,11.1,0.286,0.336,0.191,0.191,102.76,102.76,85.64,85.0,0.073,2020-21,Playoffs
0042000401,1610612749,Milwaukee,Bucks,MIL,bucks,1626171,Bobby,Portis,B. Portis,bobby-portis,,,,14:15,100.0,100.0,133.3,133.3,-33.3,-33.3,0.0,0.0,0.0,0.0,0.214,0.094,0.0,0.5,0.5,0.147,0.147,101.08,101.08,84.23,30.0,0.073,2020-21,Playoffs
0042000401,1610612749,Milwaukee,Bucks,MIL,bucks,1627854,Bryn,Forbes,B. Forbes,bryn-forbes,,,,11:58,111.1,111.1,114.8,114.8,-3.7,-3.7,0.0,0.0,0.0,0.0,0.091,0.048,16.7,0.6,0.6,0.214,0.214,108.33,108.33,90.28,27.0,0.018,2020-21,Playoffs
0042000401,1610612749,Milwaukee,Bucks,MIL,bucks,1626192,Pat,Connaughton,P. Connaughton,pat-connaughton,,,,28:26,106.7,106.7,103.3,103.3,3.3,3.3,0.0,0.0,0.0,0.0,0.067,0.036,0.0,0.667,0.667,0.092,0.092,101.29,101.29,84.41,60.0,0.037,2020-21,Playoffs
0042000401,1610612749,Milwaukee,Bucks,MIL,bucks,201952,Jeff,Teague,J. Teague,jeff-teague,,,,9:33,126.3,126.3,115.0,115.0,11.3,11.3,0.111,1.0,33.3,0.0,0.091,0.056,33.3,1.5,1.5,0.1,0.1,98.04,98.04,81.7,19.0,0.062,2020-21,Playoffs
0042000401,1610612749,Milwaukee,Bucks,MIL,bucks,203648,Thanasis,Antetokounmpo,T. Antetokounmpo,thanasis-antetokounmpo,,DNP - Coach's Decision,,,0.0,0.0,0.0,0.0,0.0,0.0,0.0,0.0,0.0,0.0,0.0,0.0,0.0,0.0,0.0,0.0,0.0,0.0,0.0,0.0,0.0,0.0,2020-21,Playoffs
0042000401,1610612749,Milwaukee,Bucks,MIL,bucks,1629091,Elijah,Bryant,E. Bryant,elijah-bryant,,DNP - Coach's Decision,,,0.0,0.0,0.0,0.0,0.0,0.0,0.0,0.0,0.0,0.0,0.0,0.0,0.0,0.0,0.0,0.0,0.0,0.0,0.0,0.0,0.0,0.0,2020-21,Playoffs
0042000401,1610612749,Milwaukee,Bucks,MIL,bucks,1629603,Mamadi,Diakite,M. Diakite,mamadi-diakite,,DNP - Coach's Decision,,,0.0,0.0,0.0,0.0,0.0,0.0,0.0,0.0,0.0,0.0,0.0,0.0,0.0,0.0,0.0,0.0,0.0,0.0,0.0,0.0,0.0,0.0,2020-21,Playoffs
0042000401,1610612749,Milwaukee,Bucks,MIL,bucks,1628382,Justin,Jackson,J. Jackson,justin-jackson,,DNP - Coach's Decision,,,0.0,0.0,0.0,0.0,0.0,0.0,0.0,0.0,0.0,0.0,0.0,0.0,0.0,0.0,0.0,0.0,0.0,0.0,0.0,0.0,0.0,0.0,2020-21,Playoffs
0042000401,1610612749,Milwaukee,Bucks,MIL,bucks,1630241,Sam,Merrill,S. Merrill,sam-merrill,,DNP - Coach's Decision,,,0.0,0.0,0.0,0.0,0.0,0.0,0.0,0.0,0.0,0.0,0.0,0.0,0.0,0.0,0.0,0.0,0.0,0.0,0.0,0.0,0.0,0.0,2020-21,Playoffs
0042000401,1610612749,Milwaukee,Bucks,MIL,bucks,1629670,Jordan,Nwora,J. Nwora,jordan-nwora,,DNP - Coach's Decision,,,0.0,0.0,0.0,0.0,0.0,0.0,0.0,0.0,0.0,0.0,0.0,0.0,0.0,0.0,0.0,0.0,0.0,0.0,0.0,0.0,0.0,0.0,2020-21,Playoffs
0042000401,1610612756,Phoenix,Suns,PHX,suns,1628969,Mikal,Bridges,M. Bridges,mikal-bridges,F,,,29:42,112.7,112.7,91.9,91.9,20.8,20.8,0.05,0.0,6.7,0.0,0.029,0.016,0.0,0.462,0.504,0.209,0.209,101.01,101.01,84.18,63.0,0.083,2020-21,Playoffs
0042000401,1610612756,Phoenix,Suns,PHX,suns,203109,Jae,Crowder,J. Crowder,jae-crowder,F,,,32:55,116.4,116.4,91.7,91.7,24.8,24.8,0.0,0.0,0.0,0.0,0.231,0.127,18.2,0.0,0.056,0.141,0.141,105.72,105.72,88.1,73.0,-0.019,2020-21,Playoffs
0042000401,1610612756,Phoenix,Suns,PHX,suns,1629028,Deandre,Ayton,D. Ayton,deandre-ayton,C,,,38:44,111.1,111.1,96.3,96.3,14.9,14.9,0.0,0.0,0.0,0.049,0.415,0.232,0.0,0.8,0.87,0.146,0.146,99.76,99.76,83.13,81.0,0.25,2020-21,Playoffs
0042000401,1610612756,Phoenix,Suns,PHX,suns,1626164,Devin,Booker,D. Booker,devin-booker,G,,,41:53,115.9,115.9,95.5,95.5,20.5,20.5,0.214,2.0,17.1,0.0,0.045,0.023,8.6,0.405,0.531,0.299,0.299,100.85,100.85,84.04,88.0,0.117,2020-21,Playoffs
0042000401,1610612756,Phoenix,Suns,PHX,suns,101108,Chris,Paul,C. Paul,chris-paul,G,,,37:22,121.0,121.0,103.8,103.8,17.1,17.1,0.375,4.5,29.0,0.029,0.073,0.053,6.5,0.737,0.771,0.259,0.259,102.12,102.12,85.1,81.0,0.216,2020-21,Playoffs
0042000401,1610612756,Phoenix,Suns,PHX,suns,1626166,Cameron,Payne,C. Payne,cameron-payne,,,,16:45,100.0,100.0,121.6,121.6,-21.6,-21.6,0.0,0.0,0.0,0.053,0.0,0.031,20.0,0.625,0.625,0.244,0.244,104.6,104.6,87.16,36.0,0.064,2020-21,Playoffs
0042000401,1610612756,Phoenix,Suns,PHX,suns,203967,Dario,Saric,D. Saric,dario-saric,,,,2:24,133.3,133.3,66.7,66.7,66.7,66.7,0.0,0.0,0.0,0.333,0.0,0.167,0.0,0.0,0.0,0.143,0.143,120.0,120.0,100.0,6.0,-0.038,2020-21,Playoffs
0042000401,1610612756,Phoenix,Suns,PHX,suns,1629661,Cameron,Johnson,C. Johnson,cameron-johnson,,,,20:36,120.9,120.9,120.5,120.5,0.5,0.5,0.133,0.0,22.2,0.0,0.2,0.083,0.0,0.667,0.727,0.146,0.146,101.36,101.36,84.47,43.0,0.122,2020-21,Playoffs
0042000401,1610612756,Phoenix,Suns,PHX,suns,1628470,Torrey,Craig,T. Craig,torrey-craig,,,,15:46,115.6,115.6,142.4,142.4,-26.8,-26.8,0.0,0.0,0.0,0.063,0.182,0.111,0.0,0.5,0.5,0.056,0.056,98.94,98.94,82.45,32.0,0.006,2020-21,Playoffs
0042000401,1610612756,Phoenix,Suns,PHX,suns,1626163,Frank,Kaminsky,F. Kaminsky,frank-kaminsky,,,,3:53,137.5,137.5,137.5,137.5,0.0,0.0,0.0,0.0,0.0,0.0,0.0,0.0,0.0,0.0,0.0,0.0,0.0,98.88,98.88,82.4,8.0,0.0,2020-21,Playoffs
0042000401,1610612756,Phoenix,Suns,PHX,suns,1628975,Jevon,Carter,J. Carter,jevon-carter,,DNP - Coach's Decision,,,0.0,0.0,0.0,0.0,0.0,0.0,0.0,0.0,0.0,0.0,0.0,0.0,0.0,0.0,0.0,0.0,0.0,0.0,0.0,0.0,0.0,0.0,2020-21,Playoffs
0042000401,1610612756,Phoenix,Suns,PHX,suns,204038,Langston,Galloway,L. Galloway,langston-galloway,,DNP - Coach's Decision,,,0.0,0.0,0.0,0.0,0.0,0.0,0.0,0.0,0.0,0.0,0.0,0.0,0.0,0.0,0.0,0.0,0.0,0.0,0.0,0.0,0.0,0.0,2020-21,Playoffs
0042000401,1610612756,Phoenix,Suns,PHX,suns,202734,E'Twaun,Moore,E. Moore,etwaun-moore,,DNP - Coach's Decision,,,0.0,0.0,0.0,0.0,0.0,0.0,0.0,0.0,0.0,0.0,0.0,0.0,0.0,0.0,0.0,0.0,0.0,0.0,0.0,0.0,0.0,0.0,2020-21,Playoffs
0042000401,1610612756,Phoenix,Suns,PHX,suns,1627846,Abdel,Nader,A. Nader,abdel-nader,,DNP - Coach's Decision,,,0.0,0.0,0.0,0.0,0.0,0.0,0.0,0.0,0.0,0.0,0.0,0.0,0.0,0.0,0.0,0.0,0.0,0.0,0.0,0.0,0.0,0.0,2020-21,Playoffs
0042000401,1610612756,Phoenix,Suns,PHX,suns,1630188,Jalen,Smith,J. Smith,jalen-smith,,DNP - Coach's Decision,,,0.0,0.0,0.0,0.0,0.0,0.0,0.0,0.0,0.0,0.0,0.0,0.0,0.0,0.0,0.0,0.0,0.0,0.0,0.0,0.0,0.0,0.0,2020-21,Playoffs
0042000402,1610612749,Milwaukee,Bucks,MIL,bucks,200782,P.J.,Tucker,P. Tucker,pj-tucker,F,,,34:59,116.9,116.9,118.9,118.9,-2.0,-2.0,0.033,1.0,14.3,0.103,0.028,0.067,14.3,0.7,0.7,0.071,0.071,99.49,99.49,82.9,71.0,0.037,2020-21,Playoffs
0042000402,1610612749,Milwaukee,Bucks,MIL,bucks,203507,Giannis,Antetokounmpo,G. Antetokounmpo,giannis-antetokounmpo,F,,,40:08,117.3,117.3,115.0,115.0,2.3,2.3,0.182,1.33,10.5,0.093,0.2,0.145,7.9,0.705,0.702,0.354,0.354,96.28,96.28,80.24,81.0,0.234,2020-21,Playoffs
0042000402,1610612749,Milwaukee,Bucks,MIL,bucks,201572,Brook,Lopez,B. Lopez,brook-lopez,C,,,27:57,121.4,121.4,121.1,121.1,0.4,0.4,0.0,0.0,0.0,0.094,0.214,0.15,0.0,0.4,0.4,0.141,0.141,97.02,97.02,80.85,56.0,0.082,2020-21,Playoffs
0042000402,1610612749,Milwaukee,Bucks,MIL,bucks,203114,Khris,Middleton,K. Middleton,khris-middleton,G,,,41:17,116.0,116.0,131.3,131.3,-15.3,-15.3,0.258,4.0,30.8,0.0,0.154,0.071,7.7,0.344,0.344,0.184,0.184,95.33,95.33,79.44,81.0,0.06,2020-21,Playoffs
0042000402,1610612749,Milwaukee,Bucks,MIL,bucks,201950,Jrue,Holiday,J. Holiday,jrue-holiday,G,,,39:25,115.4,115.4,117.7,117.7,-2.3,-2.3,0.233,7.0,23.3,0.049,0.075,0.062,3.3,0.357,0.381,0.247,0.247,95.58,95.58,79.65,78.0,0.066,2020-21,Playoffs
0042000402,1610612749,Milwaukee,Bucks,MIL,bucks,1626192,Pat,Connaughton,P. Connaughton,pat-connaughton,,,,33:33,109.2,109.2,128.8,128.8,-19.6,-19.6,0.045,0.5,7.7,0.098,0.107,0.101,15.4,0.7,0.7,0.15,0.15,93.71,93.71,78.09,65.0,0.072,2020-21,Playoffs
0042000402,1610612749,Milwaukee,Bucks,MIL,bucks,201952,Jeff,Teague,J. Teague,jeff-teague,,,,12:05,117.4,117.4,130.4,130.4,-13.0,-13.0,0.0,0.0,0.0,0.0,0.0,0.0,0.0,0.25,0.41,0.172,0.172,91.34,91.34,76.12,23.0,0.023,2020-21,Playoffs
0042000402,1610612749,Milwaukee,Bucks,MIL,bucks,1626171,Bobby,Portis,B. Portis,bobby-portis,,,,4:39,75.0,75.0,110.0,110.0,-35.0,-35.0,0.0,0.0,0.0,0.167,0.2,0.182,0.0,0.5,0.5,0.222,0.222,92.9,92.9,77.42,8.0,0.25,2020-21,Playoffs
0042000402,1610612749,Milwaukee,Bucks,MIL,bucks,1627854,Bryn,Forbes,B. Forbes,bryn-forbes,,,,5:39,50.0,50.0,118.2,118.2,-68.2,-68.2,0.0,0.0,0.0,0.0,0.0,0.0,0.0,0.5,0.5,0.2,0.2,97.84,97.84,81.54,12.0,0.063,2020-21,Playoffs
0042000402,1610612749,Milwaukee,Bucks,MIL,bucks,1629091,Elijah,Bryant,E. Bryant,elijah-bryant,,,,0:18,0.0,0.0,0.0,0.0,0.0,0.0,0.0,0.0,0.0,0.0,0.0,0.0,0.0,0.0,0.0,0.0,0.0,163.64,163.64,136.36,1.0,0.0,2020-21,Playoffs
0042000402,1610612749,Milwaukee,Bucks,MIL,bucks,203648,Thanasis,Antetokounmpo,T. Antetokounmpo,thanasis-antetokounmpo,,DNP - Coach's Decision,,,0.0,0.0,0.0,0.0,0.0,0.0,0.0,0.0,0.0,0.0,0.0,0.0,0.0,0.0,0.0,0.0,0.0,0.0,0.0,0.0,0.0,0.0,2020-21,Playoffs
0042000402,1610612749,Milwaukee,Bucks,MIL,bucks,1629603,Mamadi,Diakite,M. Diakite,mamadi-diakite,,DNP - Coach's Decision,,,0.0,0.0,0.0,0.0,0.0,0.0,0.0,0.0,0.0,0.0,0.0,0.0,0.0,0.0,0.0,0.0,0.0,0.0,0.0,0.0,0.0,0.0,2020-21,Playoffs
0042000402,1610612749,Milwaukee,Bucks,MIL,bucks,1628382,Justin,Jackson,J. Jackson,justin-jackson,,DNP - Coach's Decision,,,0.0,0.0,0.0,0.0,0.0,0.0,0.0,0.0,0.0,0.0,0.0,0.0,0.0,0.0,0.0,0.0,0.0,0.0,0.0,0.0,0.0,0.0,2020-21,Playoffs
0042000402,1610612749,Milwaukee,Bucks,MIL,bucks,1630241,Sam,Merrill,S. Merrill,sam-merrill,,DNP - Coach's Decision,,,0.0,0.0,0.0,0.0,0.0,0.0,0.0,0.0,0.0,0.0,0.0,0.0,0.0,0.0,0.0,0.0,0.0,0.0,0.0,0.0,0.0,0.0,2020-21,Playoffs
0042000402,1610612749,Milwaukee,Bucks,MIL,bucks,1629670,Jordan,Nwora,J. Nwora,jordan-nwora,,DNP - Coach's Decision,,,0.0,0.0,0.0,0.0,0.0,0.0,0.0,0.0,0.0,0.0,0.0,0.0,0.0,0.0,0.0,0.0,0.0,0.0,0.0,0.0,0.0,0.0,2020-21,Playoffs
0042000402,1610612756,Phoenix,Suns,PHX,suns,1628969,Mikal,Bridges,M. Bridges,mikal-bridges,F,,,37:38,126.3,126.3,117.1,117.1,9.2,9.2,0.037,1.0,4.8,0.053,0.128,0.091,4.8,0.633,0.729,0.227,0.227,96.94,96.94,80.78,76.0,0.147,2020-21,Playoffs
0042000402,1610612756,Phoenix,Suns,PHX,suns,203109,Jae,Crowder,J. Crowder,jae-crowder,F,,,37:07,124.3,124.3,115.5,115.5,8.8,8.8,0.1,0.0,27.3,0.0,0.238,0.128,0.0,0.688,0.688,0.095,0.095,93.75,93.75,78.13,74.0,0.103,2020-21,Playoffs
0042000402,1610612756,Phoenix,Suns,PHX,suns,1629028,Deandre,Ayton,D. Ayton,deandre-ayton,C,,,42:15,131.3,131.3,119.3,119.3,12.0,12.0,0.114,0.0,26.7,0.095,0.156,0.126,0.0,0.4,0.442,0.112,0.112,94.28,94.28,78.57,83.0,0.083,2020-21,Playoffs
0042000402,1610612756,Phoenix,Suns,PHX,suns,1626164,Devin,Booker,D. Booker,devin-booker,G,,,44:05,127.1,127.1,116.7,116.7,10.4,10.4,0.207,2.0,17.6,0.047,0.064,0.056,8.8,0.62,0.62,0.28,0.28,92.02,92.02,76.69,85.0,0.112,2020-21,Playoffs
0042000402,1610612756,Phoenix,Suns,PHX,suns,101108,Chris,Paul,C. Paul,chris-paul,G,,,41:27,121.4,121.4,114.8,114.8,6.6,6.6,0.286,1.33,23.5,0.049,0.044,0.047,17.6,0.575,0.563,0.271,0.271,95.53,95.53,79.61,84.0,0.082,2020-21,Playoffs
0042000402,1610612756,Phoenix,Suns,PHX,suns,1626166,Cameron,Payne,C. Payne,cameron-payne,,,,9:48,100.0,100.0,100.0,100.0,0.0,0.0,0.333,2.0,33.3,0.0,0.2,0.13,16.7,0.333,0.333,0.174,0.174,95.45,95.45,79.54,20.0,0.196,2020-21,Playoffs
0042000402,1610612756,Phoenix,Suns,PHX,suns,1629661,Cameron,Johnson,C. Johnson,cameron-johnson,,,,18:19,107.7,107.7,108.1,108.1,-0.4,-0.4,0.167,0.0,28.6,0.059,0.087,0.075,0.0,0.75,0.82,0.109,0.109,99.63,99.63,83.02,39.0,0.148,2020-21,Playoffs
0042000402,1610612756,Phoenix,Suns,PHX,suns,1628470,Torrey,Craig,T. Craig,torrey-craig,,,,7:40,100.0,100.0,87.5,87.5,12.5,12.5,0.0,0.0,0.0,0.0,0.0,0.0,25.0,1.0,1.0,0.25,0.25,97.04,97.04,80.87,15.0,0.158,2020-21,Playoffs
0042000402,1610612756,Phoenix,Suns,PHX,suns,1626163,Frank,Kaminsky,F. Kaminsky,frank-kaminsky,,,,0:51,100.0,100.0,0.0,0.0,100.0,100.0,0.0,0.0,0.0,0.0,0.0,0.0,0.0,0.0,0.0,0.0,0.0,84.21,84.21,70.18,2.0,0.0,2020-21,Playoffs
0042000402,1610612756,Phoenix,Suns,PHX,suns,1627846,Abdel,Nader,A. Nader,abdel-nader,,,,0:50,133.3,133.3,120.0,120.0,13.3,13.3,0.0,0.0,0.0,0.0,0.0,0.0,0.0,0.0,0.0,0.0,0.0,230.86,230.86,192.38,3.0,0.0,2020-21,Playoffs
0042000402,1610612756,Phoenix,Suns,PHX,suns,1630234,Ty-Shon,Alexander,T. Alexander,ty-shon-alexander,,DNP - Coach's Decision,,,0.0,0.0,0.0,0.0,0.0,0.0,0.0,0.0,0.0,0.0,0.0,0.0,0.0,0.0,0.0,0.0,0.0,0.0,0.0,0.0,0.0,0.0,2020-21,Playoffs
0042000402,1610612756,Phoenix,Suns,PHX,suns,1628975,Jevon,Carter,J. Carter,jevon-carter,,DNP - Coach's Decision,,,0.0,0.0,0.0,0.0,0.0,0.0,0.0,0.0,0.0,0.0,0.0,0.0,0.0,0.0,0.0,0.0,0.0,0.0,0.0,0.0,0.0,0.0,2020-21,Playoffs
0042000402,1610612756,Phoenix,Suns,PHX,suns,204038,Langston,Galloway,L. Galloway,langston-galloway,,DNP - Coach's Decision,,,0.0,0.0,0.0,0.0,0.0,0.0,0.0,0.0,0.0,0.0,0.0,0.0,0.0,0.0,0.0,0.0,0.0,0.0,0.0,0.0,0.0,0.0,2020-21,Playoffs
0042000402,1610612756,Phoenix,Suns,PHX,suns,202734,E'Twaun,Moore,E. Moore,etwaun-moore,,DNP - Coach's Decision,,,0.0,0.0,0.0,0.0,0.0,0.0,0.0,0.0,0.0,0.0,0.0,0.0,0.0,0.0,0.0,0.0,0.0,0.0,0.0,0.0,0.0,0.0,2020-21,Playoffs
0042000402,1610612756,Phoenix,Suns,PHX,suns,1630188,Jalen,Smith,J. Smith,jalen-smith,,DNP - Coach's Decision,,,0.0,0.0,0.0,0.0,0.0,0.0,0.0,0.0,0.0,0.0,0.0,0.0,0.0,0.0,0.0,0.0,0.0,0.0,0.0,0.0,0.0,0.0,2020-21,Playoffs
0042000403,1610612756,Phoenix,Suns,PHX,suns,1628969,Mikal,Bridges,M. Bridges,mikal-bridges,F,,,27:21,115.8,115.8,121.8,121.8,-6.0,-6.0,0.08,0.5,20.0,0.0,0.063,0.042,40.0,0.5,0.5,0.129,0.129,98.28,98.28,81.9,57.0,0.004,2020-21,Playoffs
0042000403,1610612756,Phoenix,Suns,PHX,suns,203109,Jae,Crowder,J. Crowder,jae-crowder,F,,,32:57,109.1,109.1,122.1,122.1,-13.0,-13.0,0.045,0.0,12.5,0.0,0.194,0.092,0.0,1.286,1.286,0.095,0.095,97.6,97.6,81.34,66.0,0.164,2020-21,Playoffs
0042000403,1610612756,Phoenix,Suns,PHX,suns,1629028,Deandre,Ayton,D. Ayton,deandre-ayton,C,,,24:23,106.3,106.3,116.3,116.3,-10.1,-10.1,0.0,0.0,0.0,0.095,0.25,0.184,14.3,0.727,0.758,0.255,0.255,95.48,95.48,79.56,48.0,0.198,2020-21,Playoffs
0042000403,1610612756,Phoenix,Suns,PHX,suns,1626164,Devin,Booker,D. Booker,devin-booker,G,,,29:07,101.6,101.6,122.6,122.6,-21.0,-21.0,0.087,2.0,10.5,0.065,0.125,0.095,5.3,0.25,0.309,0.25,0.25,102.21,102.21,85.17,62.0,0.009,2020-21,Playoffs
0042000403,1610612756,Phoenix,Suns,PHX,suns,101108,Chris,Paul,C. Paul,chris-paul,G,,,33:41,113.2,113.2,130.4,130.4,-17.2,-17.2,0.391,2.25,32.1,0.0,0.0,0.0,14.3,0.607,0.62,0.26,0.26,97.63,97.63,81.36,68.0,0.109,2020-21,Playoffs
0042000403,1610612756,Phoenix,Suns,PHX,suns,1629661,Cameron,Johnson,C. Johnson,cameron-johnson,,,,30:20,112.9,112.9,121.9,121.9,-9.0,-9.0,0.0,0.0,0.0,0.034,0.138,0.086,7.7,0.5,0.568,0.191,0.191,99.69,99.69,83.08,62.0,0.053,2020-21,Playoffs
0042000403,1610612756,Phoenix,Suns,PHX,suns,1626166,Cameron,Payne,C. Payne,cameron-payne,,,,24:48,86.3,86.3,124.0,124.0,-37.7,-37.7,0.286,0.0,28.6,0.0,0.154,0.074,0.0,0.3,0.335,0.182,0.182,97.74,97.74,81.45,51.0,0.068,2020-21,Playoffs
0042000403,1610612756,Phoenix,Suns,PHX,suns,1628470,Torrey,Craig,T. Craig,torrey-craig,,,,15:04,74.2,74.2,120.7,120.7,-46.5,-46.5,0.125,1.0,12.5,0.0,0.0,0.0,12.5,0.2,0.17,0.212,0.212,95.53,95.53,79.61,31.0,-0.118,2020-21,Playoffs
0042000403,1610612756,Phoenix,Suns,PHX,suns,1626163,Frank,Kaminsky,F. Kaminsky,frank-kaminsky,,,,13:43,81.5,81.5,130.8,130.8,-49.3,-49.3,0.333,2.0,25.0,0.067,0.25,0.148,12.5,0.6,0.6,0.214,0.214,92.73,92.73,77.28,27.0,0.147,2020-21,Playoffs
0042000403,1610612756,Phoenix,Suns,PHX,suns,1627846,Abdel,Nader,A. Nader,abdel-nader,,,,7:18,71.4,71.4,100.0,100.0,-28.6,-28.6,0.0,0.0,0.0,0.0,0.0,0.0,0.0,0.0,0.0,0.067,0.067,95.34,95.34,79.45,14.0,-0.085,2020-21,Playoffs
0042000403,1610612756,Phoenix,Suns,PHX,suns,1630234,Ty-Shon,Alexander,T. Alexander,ty-shon-alexander,,,,1:18,66.7,66.7,75.0,75.0,-8.3,-8.3,0.0,0.0,0.0,0.0,0.0,0.0,0.0,1.0,1.0,0.333,0.333,129.23,129.23,107.69,3.0,0.308,2020-21,Playoffs
0042000403,1610612756,Phoenix,Suns,PHX,suns,1628975,Jevon,Carter,J. Carter,jevon-carter,,DNP - Coach's Decision,,,0.0,0.0,0.0,0.0,0.0,0.0,0.0,0.0,0.0,0.0,0.0,0.0,0.0,0.0,0.0,0.0,0.0,0.0,0.0,0.0,0.0,0.0,2020-21,Playoffs
0042000403,1610612756,Phoenix,Suns,PHX,suns,204038,Langston,Galloway,L. Galloway,langston-galloway,,DNP - Coach's Decision,,,0.0,0.0,0.0,0.0,0.0,0.0,0.0,0.0,0.0,0.0,0.0,0.0,0.0,0.0,0.0,0.0,0.0,0.0,0.0,0.0,0.0,0.0,2020-21,Playoffs
0042000403,1610612756,Phoenix,Suns,PHX,suns,202734,E'Twaun,Moore,E. Moore,etwaun-moore,,DNP - Coach's Decision,,,0.0,0.0,0.0,0.0,0.0,0.0,0.0,0.0,0.0,0.0,0.0,0.0,0.0,0.0,0.0,0.0,0.0,0.0,0.0,0.0,0.0,0.0,2020-21,Playoffs
0042000403,1610612756,Phoenix,Suns,PHX,suns,1630188,Jalen,Smith,J. Smith,jalen-smith,,DNP - Coach's Decision,,,0.0,0.0,0.0,0.0,0.0,0.0,0.0,0.0,0.0,0.0,0.0,0.0,0.0,0.0,0.0,0.0,0.0,0.0,0.0,0.0,0.0,0.0,2020-21,Playoffs
0042000403,1610612749,Milwaukee,Bucks,MIL,bucks,200782,P.J.,Tucker,P. Tucker,pj-tucker,F,,,29:47,123.0,123.0,103.3,103.3,19.7,19.7,0.038,0.0,16.7,0.069,0.042,0.057,0.0,0.7,0.7,0.075,0.075,98.31,98.31,81.93,61.0,0.04,2020-21,Playoffs
0042000403,1610612749,Milwaukee,Bucks,MIL,bucks,203507,Giannis,Antetokounmpo,G. Antetokounmpo,giannis-antetokounmpo,F,,,37:40,128.9,128.9,102.6,102.6,26.3,26.3,0.3,6.0,16.2,0.108,0.257,0.181,2.7,0.609,0.673,0.36,0.36,96.85,96.85,80.71,76.0,0.294,2020-21,Playoffs
0042000403,1610612749,Milwaukee,Bucks,MIL,bucks,201572,Brook,Lopez,B. Lopez,brook-lopez,C,,,21:11,129.3,129.3,114.6,114.6,14.6,14.6,0.0,0.0,0.0,0.0,0.154,0.067,9.1,0.5,0.557,0.244,0.244,92.9,92.9,77.42,41.0,0.06,2020-21,Playoffs
0042000403,1610612749,Milwaukee,Bucks,MIL,bucks,203114,Khris,Middleton,K. Middleton,khris-middleton,G,,,40:52,122.9,122.9,116.0,116.0,6.8,6.8,0.194,3.0,26.1,0.023,0.182,0.092,8.7,0.536,0.587,0.179,0.179,96.33,96.33,80.27,83.0,0.106,2020-21,Playoffs
0042000403,1610612749,Milwaukee,Bucks,MIL,bucks,201950,Jrue,Holiday,J. Holiday,jrue-holiday,G,,,40:09,129.3,129.3,101.2,101.2,28.1,28.1,0.3,3.0,34.6,0.0,0.139,0.065,11.5,0.75,0.75,0.181,0.181,98.63,98.63,82.19,82.0,0.174,2020-21,Playoffs
0042000403,1610612749,Milwaukee,Bucks,MIL,bucks,1626192,Pat,Connaughton,P. Connaughton,pat-connaughton,,,,30:01,112.7,112.7,109.7,109.7,3.0,3.0,0.182,0.0,44.4,0.0,0.094,0.048,0.0,0.8,0.8,0.071,0.071,99.97,99.97,83.31,63.0,0.098,2020-21,Playoffs
0042000403,1610612749,Milwaukee,Bucks,MIL,bucks,1626171,Bobby,Portis,B. Portis,bobby-portis,,,,18:17,125.6,125.6,78.9,78.9,46.7,46.7,0.083,1.0,7.1,0.19,0.19,0.19,7.1,0.409,0.463,0.277,0.277,101.08,101.08,84.24,39.0,0.122,2020-21,Playoffs
0042000403,1610612749,Milwaukee,Bucks,MIL,bucks,201952,Jeff,Teague,J. Teague,jeff-teague,,,,13:41,103.6,103.6,69.0,69.0,34.6,34.6,0.1,1.0,14.3,0.067,0.059,0.063,14.3,0.0,0.0,0.194,0.194,99.93,99.93,83.27,28.0,-0.064,2020-21,Playoffs
0042000403,1610612749,Milwaukee,Bucks,MIL,bucks,203648,Thanasis,Antetokounmpo,T. Antetokounmpo,thanasis-antetokounmpo,,,,1:34,50.0,50.0,50.0,50.0,0.0,0.0,0.0,0.0,0.0,0.2,0.667,0.375,0.0,0.0,0.0,0.286,0.286,153.85,153.85,128.21,6.0,-0.111,2020-21,Playoffs
0042000403,1610612749,Milwaukee,Bucks,MIL,bucks,1627854,Bryn,Forbes,B. Forbes,bryn-forbes,,,,4:13,88.9,88.9,111.1,111.1,-22.2,-22.2,0.0,0.0,0.0,0.0,0.0,0.0,0.0,0.0,0.0,0.143,0.143,102.45,102.45,85.38,9.0,-0.063,2020-21,Playoffs
0042000403,1610612749,Milwaukee,Bucks,MIL,bucks,1629670,Jordan,Nwora,J. Nwora,jordan-nwora,,,,1:18,75.0,75.0,66.7,66.7,8.3,8.3,0.0,0.0,0.0,0.0,0.5,0.2,0.0,1.5,1.5,0.2,0.2,129.23,129.23,107.69,4.0,0.615,2020-21,Playoffs
0042000403,1610612749,Milwaukee,Bucks,MIL,bucks,1630241,Sam,Merrill,S. Merrill,sam-merrill,,,,1:18,75.0,75.0,66.7,66.7,8.3,8.3,0.0,0.0,0.0,0.0,0.0,0.0,0.0,0.0,0.0,0.0,0.0,129.23,129.23,107.69,4.0,0.0,2020-21,Playoffs
0042000403,1610612749,Milwaukee,Bucks,MIL,bucks,1629091,Elijah,Bryant,E. Bryant,elijah-bryant,,DNP - Coach's Decision,,,0.0,0.0,0.0,0.0,0.0,0.0,0.0,0.0,0.0,0.0,0.0,0.0,0.0,0.0,0.0,0.0,0.0,0.0,0.0,0.0,0.0,0.0,2020-21,Playoffs
0042000403,1610612749,Milwaukee,Bucks,MIL,bucks,1629603,Mamadi,Diakite,M. Diakite,mamadi-diakite,,DNP - Coach's Decision,,,0.0,0.0,0.0,0.0,0.0,0.0,0.0,0.0,0.0,0.0,0.0,0.0,0.0,0.0,0.0,0.0,0.0,0.0,0.0,0.0,0.0,0.0,2020-21,Playoffs
0042000403,1610612749,Milwaukee,Bucks,MIL,bucks,1628382,Justin,Jackson,J. Jackson,justin-jackson,,DNP - Coach's Decision,,,0.0,0.0,0.0,0.0,0.0,0.0,0.0,0.0,0.0,0.0,0.0,0.0,0.0,0.0,0.0,0.0,0.0,0.0,0.0,0.0,0.0,0.0,2020-21,Playoffs
0042000404,1610612756,Phoenix,Suns,PHX,suns,1628969,Mikal,Bridges,M. Bridges,mikal-bridges,F,,,25:30,101.9,101.9,107.7,107.7,-5.8,-5.8,0.0,0.0,0.0,0.056,0.133,0.104,0.0,0.875,0.875,0.074,0.074,97.9,97.9,81.58,52.0,0.092,2020-21,Playoffs
0042000404,1610612756,Phoenix,Suns,PHX,suns,203109,Jae,Crowder,J. Crowder,jae-crowder,F,,,39:29,104.9,104.9,108.4,108.4,-3.5,-3.5,0.097,1.0,15.8,0.032,0.137,0.098,15.8,0.45,0.573,0.186,0.186,99.69,99.69,83.07,81.0,0.092,2020-21,Playoffs
0042000404,1610612756,Phoenix,Suns,PHX,suns,1629028,Deandre,Ayton,D. Ayton,deandre-ayton,C,,,38:38,100.0,100.0,108.8,108.8,-8.8,-8.8,0.172,2.5,31.3,0.03,0.314,0.202,12.5,0.333,0.333,0.129,0.129,99.4,99.4,82.83,80.0,0.142,2020-21,Playoffs
0042000404,1610612756,Phoenix,Suns,PHX,suns,1626164,Devin,Booker,D. Booker,devin-booker,G,,,38:30,108.9,108.9,107.5,107.5,1.4,1.4,0.118,0.5,5.3,0.033,0.0,0.013,10.5,0.607,0.657,0.434,0.434,99.12,99.12,82.6,79.0,0.156,2020-21,Playoffs
0042000404,1610612756,Phoenix,Suns,PHX,suns,101108,Chris,Paul,C. Paul,chris-paul,G,,,36:37,101.3,101.3,117.8,117.8,-16.5,-16.5,0.292,1.4,28.0,0.0,0.089,0.053,20.0,0.385,0.385,0.225,0.225,96.99,96.99,80.82,75.0,0.029,2020-21,Playoffs
0042000404,1610612756,Phoenix,Suns,PHX,suns,1626166,Cameron,Payne,C. Payne,cameron-payne,,,,17:19,102.8,102.8,102.8,102.8,0.0,0.0,0.0,0.0,0.0,0.0,0.042,0.026,12.5,0.643,0.605,0.205,0.205,99.83,99.83,83.19,36.0,0.056,2020-21,Playoffs
0042000404,1610612756,Phoenix,Suns,PHX,suns,1628470,Torrey,Craig,T. Craig,torrey-craig,,,,15:23,124.1,124.1,110.3,110.3,13.8,13.8,0.0,0.0,0.0,0.083,0.105,0.097,0.0,1.0,1.064,0.065,0.065,90.49,90.49,75.41,29.0,0.085,2020-21,Playoffs
0042000404,1610612756,Phoenix,Suns,PHX,suns,1629661,Cameron,Johnson,C. Johnson,cameron-johnson,,,,28:34,106.9,106.9,126.8,126.8,-19.9,-19.9,0.056,0.5,11.1,0.0,0.029,0.016,22.2,0.833,0.833,0.129,0.129,95.76,95.76,79.8,58.0,0.05,2020-21,Playoffs
0042000404,1610612756,Phoenix,Suns,PHX,suns,1630234,Ty-Shon,Alexander,T. Alexander,ty-shon-alexander,,DNP - Coach's Decision,,,0.0,0.0,0.0,0.0,0.0,0.0,0.0,0.0,0.0,0.0,0.0,0.0,0.0,0.0,0.0,0.0,0.0,0.0,0.0,0.0,0.0,0.0,2020-21,Playoffs
0042000404,1610612756,Phoenix,Suns,PHX,suns,1628975,Jevon,Carter,J. Carter,jevon-carter,,DNP - Coach's Decision,,,0.0,0.0,0.0,0.0,0.0,0.0,0.0,0.0,0.0,0.0,0.0,0.0,0.0,0.0,0.0,0.0,0.0,0.0,0.0,0.0,0.0,0.0,2020-21,Playoffs
0042000404,1610612756,Phoenix,Suns,PHX,suns,204038,Langston,Galloway,L. Galloway,langston-galloway,,DNP - Coach's Decision,,,0.0,0.0,0.0,0.0,0.0,0.0,0.0,0.0,0.0,0.0,0.0,0.0,0.0,0.0,0.0,0.0,0.0,0.0,0.0,0.0,0.0,0.0,2020-21,Playoffs
0042000404,1610612756,Phoenix,Suns,PHX,suns,1626163,Frank,Kaminsky,F. Kaminsky,frank-kaminsky,,DNP - Coach's Decision,,,0.0,0.0,0.0,0.0,0.0,0.0,0.0,0.0,0.0,0.0,0.0,0.0,0.0,0.0,0.0,0.0,0.0,0.0,0.0,0.0,0.0,0.0,2020-21,Playoffs
0042000404,1610612756,Phoenix,Suns,PHX,suns,202734,E'Twaun,Moore,E. Moore,etwaun-moore,,DNP - Coach's Decision,,,0.0,0.0,0.0,0.0,0.0,0.0,0.0,0.0,0.0,0.0,0.0,0.0,0.0,0.0,0.0,0.0,0.0,0.0,0.0,0.0,0.0,0.0,2020-21,Playoffs
0042000404,1610612756,Phoenix,Suns,PHX,suns,1627846,Abdel,Nader,A. Nader,abdel-nader,,DNP - Coach's Decision,,,0.0,0.0,0.0,0.0,0.0,0.0,0.0,0.0,0.0,0.0,0.0,0.0,0.0,0.0,0.0,0.0,0.0,0.0,0.0,0.0,0.0,0.0,2020-21,Playoffs
0042000404,1610612756,Phoenix,Suns,PHX,suns,1630188,Jalen,Smith,J. Smith,jalen-smith,,DNP - Coach's Decision,,,0.0,0.0,0.0,0.0,0.0,0.0,0.0,0.0,0.0,0.0,0.0,0.0,0.0,0.0,0.0,0.0,0.0,0.0,0.0,0.0,0.0,0.0,2020-21,Playoffs
0042000404,1610612749,Milwaukee,Bucks,MIL,bucks,200782,P.J.,Tucker,P. Tucker,pj-tucker,F,,,29:16,104.8,104.8,106.3,106.3,-1.4,-1.4,0.045,0.0,50.0,0.081,0.091,0.085,0.0,0.0,0.0,0.014,0.014,103.31,103.31,86.09,62.0,-0.005,2020-21,Playoffs
0042000404,1610612749,Milwaukee,Bucks,MIL,bucks,203507,Giannis,Antetokounmpo,G. Antetokounmpo,giannis-antetokounmpo,F,,,42:49,109.2,109.2,105.7,105.7,3.4,3.4,0.348,8.0,25.0,0.091,0.257,0.156,3.1,0.579,0.577,0.226,0.226,97.52,97.52,81.26,87.0,0.211,2020-21,Playoffs
0042000404,1610612749,Milwaukee,Bucks,MIL,bucks,201572,Brook,Lopez,B. Lopez,brook-lopez,C,,,19:11,90.0,90.0,122.5,122.5,-32.5,-32.5,0.0,0.0,0.0,0.04,0.0,0.029,7.7,0.444,0.601,0.283,0.283,100.09,100.09,83.41,40.0,0.084,2020-21,Playoffs
0042000404,1610612749,Milwaukee,Bucks,MIL,bucks,203114,Khris,Middleton,K. Middleton,khris-middleton,G,,,43:00,113.8,113.8,102.3,102.3,11.5,11.5,0.19,4.0,9.5,0.0,0.176,0.066,2.4,0.5,0.548,0.355,0.355,97.12,97.12,80.93,87.0,0.19,2020-21,Playoffs
0042000404,1610612749,Milwaukee,Bucks,MIL,bucks,201950,Jrue,Holiday,J. Holiday,jrue-holiday,G,,,42:39,113.8,113.8,104.6,104.6,9.2,9.2,0.219,7.0,23.3,0.058,0.114,0.08,3.3,0.2,0.293,0.219,0.219,97.91,97.91,81.59,87.0,0.063,2020-21,Playoffs
0042000404,1610612749,Milwaukee,Bucks,MIL,bucks,1626192,Pat,Connaughton,P. Connaughton,pat-connaughton,,,,31:40,119.7,119.7,90.6,90.6,29.1,29.1,0.043,1.0,9.1,0.071,0.207,0.127,9.1,0.611,0.611,0.119,0.119,98.54,98.54,82.11,66.0,0.088,2020-21,Playoffs
0042000404,1610612749,Milwaukee,Bucks,MIL,bucks,1626171,Bobby,Portis,B. Portis,bobby-portis,,,,20:27,123.7,123.7,100.0,100.0,23.7,23.7,0.0,0.0,0.0,0.08,0.143,0.109,0.0,0.25,0.25,0.125,0.125,91.57,91.57,76.31,38.0,0.032,2020-21,Playoffs
0042000404,1610612749,Milwaukee,Bucks,MIL,bucks,201952,Jeff,Teague,J. Teague,jeff-teague,,,,10:58,113.6,113.6,121.7,121.7,-8.1,-8.1,0.111,0.0,50.0,0.0,0.111,0.048,0.0,0.0,1.136,0.04,0.04,98.48,98.48,82.07,22.0,0.089,2020-21,Playoffs
0042000404,1610612749,Milwaukee,Bucks,MIL,bucks,203648,Thanasis,Antetokounmpo,T. Antetokounmpo,thanasis-antetokounmpo,,DNP - Coach's Decision,,,0.0,0.0,0.0,0.0,0.0,0.0,0.0,0.0,0.0,0.0,0.0,0.0,0.0,0.0,0.0,0.0,0.0,0.0,0.0,0.0,0.0,0.0,2020-21,Playoffs
0042000404,1610612749,Milwaukee,Bucks,MIL,bucks,1629091,Elijah,Bryant,E. Bryant,elijah-bryant,,DNP - Coach's Decision,,,0.0,0.0,0.0,0.0,0.0,0.0,0.0,0.0,0.0,0.0,0.0,0.0,0.0,0.0,0.0,0.0,0.0,0.0,0.0,0.0,0.0,0.0,2020-21,Playoffs
0042000404,1610612749,Milwaukee,Bucks,MIL,bucks,1629603,Mamadi,Diakite,M. Diakite,mamadi-diakite,,DNP - Coach's Decision,,,0.0,0.0,0.0,0.0,0.0,0.0,0.0,0.0,0.0,0.0,0.0,0.0,0.0,0.0,0.0,0.0,0.0,0.0,0.0,0.0,0.0,0.0,2020-21,Playoffs
0042000404,1610612749,Milwaukee,Bucks,MIL,bucks,1627854,Bryn,Forbes,B. Forbes,bryn-forbes,,DNP - Coach's Decision,,,0.0,0.0,0.0,0.0,0.0,0.0,0.0,0.0,0.0,0.0,0.0,0.0,0.0,0.0,0.0,0.0,0.0,0.0,0.0,0.0,0.0,0.0,2020-21,Playoffs
0042000404,1610612749,Milwaukee,Bucks,MIL,bucks,1628382,Justin,Jackson,J. Jackson,justin-jackson,,DNP - Coach's Decision,,,0.0,0.0,0.0,0.0,0.0,0.0,0.0,0.0,0.0,0.0,0.0,0.0,0.0,0.0,0.0,0.0,0.0,0.0,0.0,0.0,0.0,0.0,2020-21,Playoffs
0042000404,1610612749,Milwaukee,Bucks,MIL,bucks,1629670,Jordan,Nwora,J. Nwora,jordan-nwora,,DNP - Coach's Decision,,,0.0,0.0,0.0,0.0,0.0,0.0,0.0,0.0,0.0,0.0,0.0,0.0,0.0,0.0,0.0,0.0,0.0,0.0,0.0,0.0,0.0,0.0,2020-21,Playoffs
0042000404,1610612749,Milwaukee,Bucks,MIL,bucks,1626253,Axel,Toupane,A. Toupane,axel-toupane,,DNP - Coach's Decision,,,0.0,0.0,0.0,0.0,0.0,0.0,0.0,0.0,0.0,0.0,0.0,0.0,0.0,0.0,0.0,0.0,0.0,0.0,0.0,0.0,0.0,0.0,2020-21,Playoffs
0042000405,1610612749,Milwaukee,Bucks,MIL,bucks,200782,P.J.,Tucker,P. Tucker,pj-tucker,F,,,24:08,126.1,126.1,135.4,135.4,-9.3,-9.3,0.045,1.0,25.0,0.0,0.067,0.029,25.0,0.75,0.75,0.059,0.059,93.48,93.48,77.9,46.0,-0.009,2020-21,Playoffs
0042000405,1610612749,Milwaukee,Bucks,MIL,bucks,203507,Giannis,Antetokounmpo,G. Antetokounmpo,giannis-antetokounmpo,F,,,40:35,128.4,128.4,134.2,134.2,-5.8,-5.8,0.25,0.0,18.2,0.139,0.143,0.141,0.0,0.609,0.575,0.31,0.31,88.71,88.71,73.93,74.0,0.148,2020-21,Playoffs
0042000405,1610612749,Milwaukee,Bucks,MIL,bucks,201572,Brook,Lopez,B. Lopez,brook-lopez,C,,,28:42,139.7,139.7,118.3,118.3,21.3,21.3,0.0,0.0,0.0,0.0,0.222,0.13,33.3,0.75,0.75,0.143,0.143,98.68,98.68,82.23,58.0,0.053,2020-21,Playoffs
0042000405,1610612749,Milwaukee,Bucks,MIL,bucks,203114,Khris,Middleton,K. Middleton,khris-middleton,G,,,44:23,136.5,136.5,130.2,130.2,6.2,6.2,0.139,1.25,15.2,0.0,0.189,0.095,12.1,0.587,0.596,0.283,0.283,92.47,92.47,77.06,85.0,0.101,2020-21,Playoffs
0042000405,1610612749,Milwaukee,Bucks,MIL,bucks,201950,Jrue,Holiday,J. Holiday,jrue-holiday,G,,,41:57,137.0,137.0,118.3,118.3,18.7,18.7,0.394,6.5,37.1,0.028,0.083,0.056,5.7,0.675,0.675,0.239,0.239,93.26,93.26,77.72,81.0,0.162,2020-21,Playoffs
0042000405,1610612749,Milwaukee,Bucks,MIL,bucks,201952,Jeff,Teague,J. Teague,jeff-teague,,,,7:33,85.7,85.7,153.3,153.3,-67.6,-67.6,0.2,1.0,33.3,0.1,0.0,0.071,33.3,0.0,0.0,0.111,0.111,92.14,92.14,76.79,14.0,-0.016,2020-21,Playoffs
0042000405,1610612749,Milwaukee,Bucks,MIL,bucks,1626192,Pat,Connaughton,P. Connaughton,pat-connaughton,,,,33:23,142.9,142.9,127.0,127.0,15.9,15.9,0.0,0.0,0.0,0.032,0.167,0.098,0.0,1.0,1.017,0.092,0.092,90.58,90.58,75.49,63.0,0.108,2020-21,Playoffs
0042000405,1610612749,Milwaukee,Bucks,MIL,bucks,1626171,Bobby,Portis,B. Portis,bobby-portis,,,,19:19,133.3,133.3,121.6,121.6,11.7,11.7,0.0,0.0,0.0,0.143,0.0,0.068,0.0,0.667,0.699,0.122,0.122,94.4,94.4,78.67,39.0,0.107,2020-21,Playoffs
0042000405,1610612749,Milwaukee,Bucks,MIL,bucks,1629091,Elijah,Bryant,E. Bryant,elijah-bryant,,DNP - Coach's Decision,,,0.0,0.0,0.0,0.0,0.0,0.0,0.0,0.0,0.0,0.0,0.0,0.0,0.0,0.0,0.0,0.0,0.0,0.0,0.0,0.0,0.0,0.0,2020-21,Playoffs
0042000405,1610612749,Milwaukee,Bucks,MIL,bucks,1629603,Mamadi,Diakite,M. Diakite,mamadi-diakite,,DNP - Coach's Decision,,,0.0,0.0,0.0,0.0,0.0,0.0,0.0,0.0,0.0,0.0,0.0,0.0,0.0,0.0,0.0,0.0,0.0,0.0,0.0,0.0,0.0,0.0,2020-21,Playoffs
0042000405,1610612749,Milwaukee,Bucks,MIL,bucks,1627854,Bryn,Forbes,B. Forbes,bryn-forbes,,DNP - Coach's Decision,,,0.0,0.0,0.0,0.0,0.0,0.0,0.0,0.0,0.0,0.0,0.0,0.0,0.0,0.0,0.0,0.0,0.0,0.0,0.0,0.0,0.0,0.0,2020-21,Playoffs
0042000405,1610612749,Milwaukee,Bucks,MIL,bucks,1628382,Justin,Jackson,J. Jackson,justin-jackson,,DNP - Coach's Decision,,,0.0,0.0,0.0,0.0,0.0,0.0,0.0,0.0,0.0,0.0,0.0,0.0,0.0,0.0,0.0,0.0,0.0,0.0,0.0,0.0,0.0,0.0,2020-21,Playoffs
0042000405,1610612749,Milwaukee,Bucks,MIL,bucks,1629670,Jordan,Nwora,J. Nwora,jordan-nwora,,DNP - Coach's Decision,,,0.0,0.0,0.0,0.0,0.0,0.0,0.0,0.0,0.0,0.0,0.0,0.0,0.0,0.0,0.0,0.0,0.0,0.0,0.0,0.0,0.0,0.0,2020-21,Playoffs
0042000405,1610612749,Milwaukee,Bucks,MIL,bucks,1626253,Axel,Toupane,A. Toupane,axel-toupane,,DNP - Coach's Decision,,,0.0,0.0,0.0,0.0,0.0,0.0,0.0,0.0,0.0,0.0,0.0,0.0,0.0,0.0,0.0,0.0,0.0,0.0,0.0,0.0,0.0,0.0,2020-21,Playoffs
0042000405,1610612756,Phoenix,Suns,PHX,suns,1628969,Mikal,Bridges,M. Bridges,mikal-bridges,F,,,32:44,141.3,141.3,131.3,131.3,10.0,10.0,0.033,0.5,11.1,0.0,0.129,0.074,22.2,1.083,1.083,0.114,0.114,93.11,93.11,77.59,63.0,0.102,2020-21,Playoffs
0042000405,1610612756,Phoenix,Suns,PHX,suns,203109,Jae,Crowder,J. Crowder,jae-crowder,F,,,40:09,129.5,129.5,140.3,140.3,-10.8,-10.8,0.083,0.0,30.0,0.029,0.121,0.075,0.0,0.714,0.714,0.08,0.08,92.65,92.65,77.21,78.0,0.068,2020-21,Playoffs
0042000405,1610612756,Phoenix,Suns,PHX,suns,1629028,Deandre,Ayton,D. Ayton,deandre-ayton,C,,,44:49,136.5,136.5,131.0,131.0,5.5,5.5,0.025,0.5,5.6,0.091,0.175,0.137,11.1,0.583,0.683,0.179,0.179,90.5,90.5,75.42,85.0,0.095,2020-21,Playoffs
0042000405,1610612756,Phoenix,Suns,PHX,suns,1626164,Devin,Booker,D. Booker,devin-booker,G,,,41:32,135.4,135.4,123.4,123.4,12.1,12.1,0.115,1.5,7.5,0.034,0.079,0.06,5.0,0.545,0.568,0.425,0.425,90.14,90.14,75.12,79.0,0.133,2020-21,Playoffs
0042000405,1610612756,Phoenix,Suns,PHX,suns,101108,Chris,Paul,C. Paul,chris-paul,G,,,35:21,133.3,133.3,146.3,146.3,-12.9,-12.9,0.407,11.0,40.7,0.0,0.071,0.036,3.7,0.7,0.7,0.208,0.208,92.33,92.33,76.94,69.0,0.123,2020-21,Playoffs
0042000405,1610612756,Phoenix,Suns,PHX,suns,1626166,Cameron,Payne,C. Payne,cameron-payne,,,,14:34,100.0,100.0,110.7,110.7,-10.7,-10.7,0.444,0.0,36.4,0.059,0.214,0.129,0.0,0.429,0.429,0.212,0.212,90.64,90.64,75.53,27.0,0.208,2020-21,Playoffs
0042000405,1610612756,Phoenix,Suns,PHX,suns,1629661,Cameron,Johnson,C. Johnson,cameron-johnson,,,,21:52,107.0,107.0,154.8,154.8,-47.8,-47.8,0.0,0.0,0.0,0.083,0.111,0.095,25.0,1.0,1.0,0.078,0.078,93.31,93.31,77.76,43.0,0.064,2020-21,Playoffs
0042000405,1610612756,Phoenix,Suns,PHX,suns,1628470,Torrey,Craig,T. Craig,torrey-craig,,,,8:59,89.5,89.5,126.3,126.3,-36.8,-36.8,0.0,0.0,0.0,0.0,0.25,0.1,0.0,0.375,0.375,0.174,0.174,101.52,101.52,84.6,19.0,0.025,2020-21,Playoffs
0042000405,1610612756,Phoenix,Suns,PHX,suns,1630234,Ty-Shon,Alexander,T. Alexander,ty-shon-alexander,,DNP - Coach's Decision,,,0.0,0.0,0.0,0.0,0.0,0.0,0.0,0.0,0.0,0.0,0.0,0.0,0.0,0.0,0.0,0.0,0.0,0.0,0.0,0.0,0.0,0.0,2020-21,Playoffs
0042000405,1610612756,Phoenix,Suns,PHX,suns,1628975,Jevon,Carter,J. Carter,jevon-carter,,DNP - Coach's Decision,,,0.0,0.0,0.0,0.0,0.0,0.0,0.0,0.0,0.0,0.0,0.0,0.0,0.0,0.0,0.0,0.0,0.0,0.0,0.0,0.0,0.0,0.0,2020-21,Playoffs
0042000405,1610612756,Phoenix,Suns,PHX,suns,204038,Langston,Galloway,L. Galloway,langston-galloway,,DNP - Coach's Decision,,,0.0,0.0,0.0,0.0,0.0,0.0,0.0,0.0,0.0,0.0,0.0,0.0,0.0,0.0,0.0,0.0,0.0,0.0,0.0,0.0,0.0,0.0,2020-21,Playoffs
0042000405,1610612756,Phoenix,Suns,PHX,suns,1626163,Frank,Kaminsky,F. Kaminsky,frank-kaminsky,,DNP - Coach's Decision,,,0.0,0.0,0.0,0.0,0.0,0.0,0.0,0.0,0.0,0.0,0.0,0.0,0.0,0.0,0.0,0.0,0.0,0.0,0.0,0.0,0.0,0.0,2020-21,Playoffs
0042000405,1610612756,Phoenix,Suns,PHX,suns,202734,E'Twaun,Moore,E. Moore,etwaun-moore,,DNP - Coach's Decision,,,0.0,0.0,0.0,0.0,0.0,0.0,0.0,0.0,0.0,0.0,0.0,0.0,0.0,0.0,0.0,0.0,0.0,0.0,0.0,0.0,0.0,0.0,2020-21,Playoffs
0042000405,1610612756,Phoenix,Suns,PHX,suns,1627846,Abdel,Nader,A. Nader,abdel-nader,,DNP - Coach's Decision,,,0.0,0.0,0.0,0.0,0.0,0.0,0.0,0.0,0.0,0.0,0.0,0.0,0.0,0.0,0.0,0.0,0.0,0.0,0.0,0.0,0.0,0.0,2020-21,Playoffs
0042000405,1610612756,Phoenix,Suns,PHX,suns,1630188,Jalen,Smith,J. Smith,jalen-smith,,DNP - Coach's Decision,,,0.0,0.0,0.0,0.0,0.0,0.0,0.0,0.0,0.0,0.0,0.0,0.0,0.0,0.0,0.0,0.0,0.0,0.0,0.0,0.0,0.0,0.0,2020-21,Playoffs
0042000406,1610612756,Phoenix,Suns,PHX,suns,1628969,Mikal,Bridges,M. Bridges,mikal-bridges,F,,,39:28,88.1,88.1,108.2,108.2,-20.1,-20.1,0.074,0.0,20.0,0.024,0.132,0.075,0.0,0.429,0.444,0.089,0.089,102.76,102.76,85.63,84.0,0.055,2020-21,Playoffs
0042000406,1610612756,Phoenix,Suns,PHX,suns,203109,Jae,Crowder,J. Crowder,jae-crowder,F,,,40:33,100.0,100.0,94.3,94.3,5.7,5.7,0.0,0.0,0.0,0.053,0.282,0.169,13.3,0.455,0.568,0.165,0.165,102.39,102.39,85.33,86.0,0.14,2020-21,Playoffs
0042000406,1610612756,Phoenix,Suns,PHX,suns,1629028,Deandre,Ayton,D. Ayton,deandre-ayton,C,,,36:12,91.0,91.0,98.7,98.7,-7.7,-7.7,0.042,0.5,5.9,0.024,0.135,0.077,11.8,0.333,0.423,0.19,0.19,104.11,104.11,86.76,78.0,0.043,2020-21,Playoffs
0042000406,1610612756,Phoenix,Suns,PHX,suns,1626164,Devin,Booker,D. Booker,devin-booker,G,,,46:15,91.8,91.8,106.1,106.1,-14.2,-14.2,0.179,0.83,14.7,0.0,0.068,0.033,17.6,0.364,0.407,0.276,0.276,102.23,102.23,85.19,98.0,0.018,2020-21,Playoffs
0042000406,1610612756,Phoenix,Suns,PHX,suns,101108,Chris,Paul,C. Paul,chris-paul,G,,,39:13,91.7,91.7,101.2,101.2,-9.5,-9.5,0.263,1.67,17.9,0.026,0.027,0.026,10.7,0.605,0.626,0.258,0.258,102.81,102.81,85.68,84.0,0.123,2020-21,Playoffs
0042000406,1610612756,Phoenix,Suns,PHX,suns,1629661,Cameron,Johnson,C. Johnson,cameron-johnson,,,,16:04,102.9,102.9,100.0,100.0,2.9,2.9,0.0,0.0,0.0,0.0,0.167,0.083,0.0,0.3,0.3,0.132,0.132,106.06,106.06,88.38,35.0,0.052,2020-21,Playoffs
0042000406,1610612756,Phoenix,Suns,PHX,suns,1626163,Frank,Kaminsky,F. Kaminsky,frank-kaminsky,,,,10:60,100.0,100.0,113.6,113.6,-13.6,-13.6,0.167,0.0,20.0,0.125,0.125,0.125,0.0,0.75,0.75,0.154,0.154,102.59,102.59,85.49,25.0,0.193,2020-21,Playoffs
0042000406,1610612756,Phoenix,Suns,PHX,suns,1626166,Cameron,Payne,C. Payne,cameron-payne,,,,10:27,126.1,126.1,90.9,90.9,35.2,35.2,0.0,0.0,0.0,0.0,0.167,0.087,14.3,0.833,0.833,0.28,0.28,103.4,103.4,86.17,23.0,0.191,2020-21,Playoffs
0042000406,1610612756,Phoenix,Suns,PHX,suns,1628470,Torrey,Craig,T. Craig,torrey-craig,,,,0:49,200.0,200.0,66.7,66.7,133.3,133.3,0.0,0.0,0.0,0.0,0.0,0.0,0.0,0.0,0.0,0.0,0.0,118.03,118.03,98.36,1.0,0.0,2020-21,Playoffs
0042000406,1610612756,Phoenix,Suns,PHX,suns,1630234,Ty-Shon,Alexander,T. Alexander,ty-shon-alexander,,DNP - Coach's Decision,,,0.0,0.0,0.0,0.0,0.0,0.0,0.0,0.0,0.0,0.0,0.0,0.0,0.0,0.0,0.0,0.0,0.0,0.0,0.0,0.0,0.0,0.0,2020-21,Playoffs
0042000406,1610612756,Phoenix,Suns,PHX,suns,1628975,Jevon,Carter,J. Carter,jevon-carter,,DNP - Coach's Decision,,,0.0,0.0,0.0,0.0,0.0,0.0,0.0,0.0,0.0,0.0,0.0,0.0,0.0,0.0,0.0,0.0,0.0,0.0,0.0,0.0,0.0,0.0,2020-21,Playoffs
0042000406,1610612756,Phoenix,Suns,PHX,suns,204038,Langston,Galloway,L. Galloway,langston-galloway,,DNP - Coach's Decision,,,0.0,0.0,0.0,0.0,0.0,0.0,0.0,0.0,0.0,0.0,0.0,0.0,0.0,0.0,0.0,0.0,0.0,0.0,0.0,0.0,0.0,0.0,2020-21,Playoffs
0042000406,1610612756,Phoenix,Suns,PHX,suns,202734,E'Twaun,Moore,E. Moore,etwaun-moore,,DNP - Coach's Decision,,,0.0,0.0,0.0,0.0,0.0,0.0,0.0,0.0,0.0,0.0,0.0,0.0,0.0,0.0,0.0,0.0,0.0,0.0,0.0,0.0,0.0,0.0,2020-21,Playoffs
0042000406,1610612756,Phoenix,Suns,PHX,suns,1627846,Abdel,Nader,A. Nader,abdel-nader,,DNP - Coach's Decision,,,0.0,0.0,0.0,0.0,0.0,0.0,0.0,0.0,0.0,0.0,0.0,0.0,0.0,0.0,0.0,0.0,0.0,0.0,0.0,0.0,0.0,0.0,2020-21,Playoffs
0042000406,1610612756,Phoenix,Suns,PHX,suns,1630188,Jalen,Smith,J. Smith,jalen-smith,,DNP - Coach's Decision,,,0.0,0.0,0.0,0.0,0.0,0.0,0.0,0.0,0.0,0.0,0.0,0.0,0.0,0.0,0.0,0.0,0.0,0.0,0.0,0.0,0.0,0.0,2020-21,Playoffs
0042000406,1610612749,Milwaukee,Bucks,MIL,bucks,200782,P.J.,Tucker,P. Tucker,pj-tucker,F,,,36:27,110.3,110.3,93.6,93.6,16.7,16.7,0.032,1.0,33.3,0.063,0.105,0.086,33.3,0.0,0.0,0.023,0.023,102.71,102.71,85.59,78.0,0.022,2020-21,Playoffs
0042000406,1610612749,Milwaukee,Bucks,MIL,bucks,203507,Giannis,Antetokounmpo,G. Antetokounmpo,giannis-antetokounmpo,F,,,42:27,103.3,103.3,92.4,92.4,10.9,10.9,0.118,0.33,4.8,0.098,0.227,0.165,14.3,0.66,0.749,0.385,0.385,104.04,104.04,86.7,92.0,0.313,2020-21,Playoffs
0042000406,1610612749,Milwaukee,Bucks,MIL,bucks,201572,Brook,Lopez,B. Lopez,brook-lopez,C,,,26:45,108.2,108.2,95.0,95.0,13.2,13.2,0.0,0.0,0.0,0.069,0.2,0.136,9.1,0.5,0.5,0.155,0.155,108.54,108.54,90.45,61.0,0.09,2020-21,Playoffs
0042000406,1610612749,Milwaukee,Bucks,MIL,bucks,203114,Khris,Middleton,K. Middleton,khris-middleton,G,,,40:38,97.8,97.8,87.4,87.4,10.4,10.4,0.208,1.0,20.0,0.0,0.119,0.061,20.0,0.5,0.576,0.2,0.2,103.95,103.95,86.63,89.0,0.12,2020-21,Playoffs
0042000406,1610612749,Milwaukee,Bucks,MIL,bucks,201950,Jrue,Holiday,J. Holiday,jrue-holiday,G,,,46:17,106.1,106.1,93.9,93.9,12.1,12.1,0.333,3.67,32.4,0.023,0.167,0.098,8.8,0.263,0.302,0.202,0.202,102.67,102.67,85.56,99.0,0.097,2020-21,Playoffs
0042000406,1610612749,Milwaukee,Bucks,MIL,bucks,1626192,Pat,Connaughton,P. Connaughton,pat-connaughton,,,,22:56,75.5,75.5,113.7,113.7,-38.2,-38.2,0.091,0.5,12.5,0.077,0.3,0.174,25.0,0.0,0.0,0.123,0.123,104.68,104.68,87.23,49.0,-0.026,2020-21,Playoffs
0042000406,1610612749,Milwaukee,Bucks,MIL,bucks,1626171,Bobby,Portis,B. Portis,bobby-portis,,,,22:47,106.5,106.5,95.6,95.6,11.0,11.0,0.0,0.0,0.0,0.0,0.136,0.071,0.0,0.7,0.735,0.2,0.2,95.85,95.85,79.88,46.0,0.13,2020-21,Playoffs
0042000406,1610612749,Milwaukee,Bucks,MIL,bucks,201952,Jeff,Teague,J. Teague,jeff-teague,,,,1:43,0.0,0.0,166.7,166.7,-166.7,-166.7,0.0,0.0,0.0,0.0,0.0,0.0,0.0,0.0,0.0,0.0,0.0,97.86,97.86,81.55,4.0,0.0,2020-21,Playoffs
0042000406,1610612749,Milwaukee,Bucks,MIL,bucks,1629091,Elijah,Bryant,E. Bryant,elijah-bryant,,DNP - Coach's Decision,,,0.0,0.0,0.0,0.0,0.0,0.0,0.0,0.0,0.0,0.0,0.0,0.0,0.0,0.0,0.0,0.0,0.0,0.0,0.0,0.0,0.0,0.0,2020-21,Playoffs
0042000406,1610612749,Milwaukee,Bucks,MIL,bucks,1629603,Mamadi,Diakite,M. Diakite,mamadi-diakite,,DNP - Coach's Decision,,,0.0,0.0,0.0,0.0,0.0,0.0,0.0,0.0,0.0,0.0,0.0,0.0,0.0,0.0,0.0,0.0,0.0,0.0,0.0,0.0,0.0,0.0,2020-21,Playoffs
0042000406,1610612749,Milwaukee,Bucks,MIL,bucks,1627854,Bryn,Forbes,B. Forbes,bryn-forbes,,DNP - Coach's Decision,,,0.0,0.0,0.0,0.0,0.0,0.0,0.0,0.0,0.0,0.0,0.0,0.0,0.0,0.0,0.0,0.0,0.0,0.0,0.0,0.0,0.0,0.0,2020-21,Playoffs
0042000406,1610612749,Milwaukee,Bucks,MIL,bucks,1628382,Justin,Jackson,J. Jackson,justin-jackson,,DNP - Coach's Decision,,,0.0,0.0,0.0,0.0,0.0,0.0,0.0,0.0,0.0,0.0,0.0,0.0,0.0,0.0,0.0,0.0,0.0,0.0,0.0,0.0,0.0,0.0,2020-21,Playoffs
0042000406,1610612749,Milwaukee,Bucks,MIL,bucks,1630241,Sam,Merrill,S. Merrill,sam-merrill,,DNP - Coach's Decision,,,0.0,0.0,0.0,0.0,0.0,0.0,0.0,0.0,0.0,0.0,0.0,0.0,0.0,0.0,0.0,0.0,0.0,0.0,0.0,0.0,0.0,0.0,2020-21,Playoffs
0042000406,1610612749,Milwaukee,Bucks,MIL,bucks,1629670,Jordan,Nwora,J. Nwora,jordan-nwora,,DNP - Coach's Decision,,,0.0,0.0,0.0,0.0,0.0,0.0,0.0,0.0,0.0,0.0,0.0,0.0,0.0,0.0,0.0,0.0,0.0,0.0,0.0,0.0,0.0,0.0,2020-21,Playoffs
0042000406,1610612749,Milwaukee,Bucks,MIL,bucks,1626253,Axel,Toupane,A. Toupane,axel-toupane,,DNP - Coach's Decision,,,0.0,0.0,0.0,0.0,0.0,0.0,0.0,0.0,0.0,0.0,0.0,0.0,0.0,0.0,0.0,0.0,0.0,0.0,0.0,0.0,0.0,0.0,2020-21,Playoffs
