gameId,teamId,teamCity,teamName,teamTricode,teamSlug,personId,firstName,familyName,nameI,playerSlug,position,comment,jerseyNum,minutes,pointsOffTurnovers,pointsSecondChance,pointsFastBreak,pointsPaint,oppPointsOffTurnovers,oppPointsSecondChance,oppPointsFastBreak,oppPointsPaint,blocks,blocksAgainst,foulsPersonal,foulsDrawn,SEASON,SEASON_TYPE
0042000101,1610612764,Washington,Wizards,WAS,wizards,203078,Bradley,Beal,B. Beal,bradley-beal,F,,3,40:59,0,2,4,22,15,16,12,50,0,2,0,6,2020-21,Playoffs
0042000101,1610612764,Washington,Wizards,WAS,wizards,1629060,Rui,Hachimura,R. Hachimura,rui-hachimura,F,,8,36:08,2,2,2,6,14,11,14,46,0,0,3,0,2020-21,Playoffs
0042000101,1610612764,Washington,Wizards,WAS,wizards,203458,Alex,Len,A. Len,alex-len,C,,27,16:11,0,3,0,8,6,7,6,28,0,0,3,5,2020-21,Playoffs
0042000101,1610612764,Washington,Wizards,WAS,wizards,203526,Raul,Neto,R. Neto,raul-neto,G,,19,21:44,0,0,3,4,9,7,12,32,0,0,0,1,2020-21,Playoffs
0042000101,1610612764,Washington,Wizards,WAS,wizards,201566,Russell,Westbrook,R. Westbrook,russell-westbrook,G,,4,42:41,2,4,2,12,13,14,14,52,1,2,4,3,2020-21,Playoffs
0042000101,1610612764,Washington,Wizards,WAS,wizards,202397,Ish,Smith,I. Smith,ish-smith,,,14,22:34,0,0,2,4,3,7,2,26,1,1,2,1,2020-21,Playoffs
0042000101,1610612764,Washington,Wizards,WAS,wizards,202722,Davis,Bertans,D. Bertans,davis-bertans,,,42,27:54,3,0,5,2,6,9,2,26,1,0,3,1,2020-21,Playoffs
0042000101,1610612764,Washington,Wizards,WAS,wizards,1629655,Daniel,Gafford,D. Gafford,daniel-gafford,,,21,20:01,2,4,0,12,6,4,8,18,1,0,5,0,2020-21,Playoffs
0042000101,1610612764,Washington,Wizards,WAS,wizards,201577,Robin,Lopez,R. Lopez,robin-lopez,,,15,11:48,0,0,0,6,3,5,0,12,0,0,4,1,2020-21,Playoffs
0042000101,1610612764,Washington,Wizards,WAS,wizards,1629067,Isaac,Bonga,I. Bonga,isaac-bonga,,DNP - Coach's Decision,17,,0,0,0,0,0,0,0,0,0,0,0,0,2020-21,Playoffs
0042000101,1610612764,Washington,Wizards,WAS,wizards,1630264,Anthony,Gill,A. Gill,anthony-gill,,DNP - Coach's Decision,16,,0,0,0,0,0,0,0,0,0,0,0,0,2020-21,Playoffs
0042000101,1610612764,Washington,Wizards,WAS,wizards,1628990,Chandler,Hutchison,C. Hutchison,chandler-hutchison,,DNP - Coach's Decision,1,,0,0,0,0,0,0,0,0,0,0,0,0,2020-21,Playoffs
0042000101,1610612764,Washington,Wizards,WAS,wizards,1629726,Garrison,Mathews,G. Mathews,garrison-mathews,,DNP - Coach's Decision,24,,0,0,0,0,0,0,0,0,0,0,0,0,2020-21,Playoffs
0042000101,1610612764,Washington,Wizards,WAS,wizards,1630216,Cassius,Winston,C. Winston,cassius-winston,,DNP - Coach's Decision,5,,0,0,0,0,0,0,0,0,0,0,0,0,2020-21,Playoffs
0042000101,1610612755,Philadelphia,76ers,PHI,sixers,201980,Danny,Green,D. Green,danny-green,F,,14,31:21,3,0,2,2,4,9,11,50,1,0,1,1,2020-21,Playoffs
0042000101,1610612755,Philadelphia,76ers,PHI,sixers,202699,Tobias,Harris,T. Harris,tobias-harris,F,,12,37:02,4,4,5,26,9,11,18,60,0,3,0,3,2020-21,Playoffs
0042000101,1610612755,Philadelphia,76ers,PHI,sixers,203954,Joel,Embiid,J. Embiid,joel-embiid,C,,21,29:46,1,2,0,8,4,6,4,36,1,0,4,9,2020-21,Playoffs
0042000101,1610612755,Philadelphia,76ers,PHI,sixers,203552,Seth,Curry,S. Curry,seth-curry,G,,31,32:08,5,3,3,2,4,7,11,46,0,0,3,0,2020-21,Playoffs
0042000101,1610612755,Philadelphia,76ers,PHI,sixers,1627732,Ben,Simmons,B. Simmons,ben-simmons,G,,25,38:05,2,2,2,6,4,11,11,56,1,0,4,4,2020-21,Playoffs
0042000101,1610612755,Philadelphia,76ers,PHI,sixers,2730,Dwight,Howard,D. Howard,dwight-howard,,,39,18:15,0,3,0,4,5,9,14,40,0,1,2,5,2020-21,Playoffs
0042000101,1610612755,Philadelphia,76ers,PHI,sixers,1629680,Matisse,Thybulle,M. Thybulle,matisse-thybulle,,,22,13:46,0,0,0,0,5,6,7,24,2,0,1,0,2020-21,Playoffs
0042000101,1610612755,Philadelphia,76ers,PHI,sixers,201588,George,Hill,G. Hill,george-hill,,,33,18:25,0,2,2,8,5,8,9,30,0,0,3,0,2020-21,Playoffs
0042000101,1610612755,Philadelphia,76ers,PHI,sixers,1629003,Shake,Milton,S. Milton,shake-milton,,,18,9:39,0,0,0,0,5,4,3,18,0,0,0,1,2020-21,Playoffs
0042000101,1610612755,Philadelphia,76ers,PHI,sixers,1627788,Furkan,Korkmaz,F. Korkmaz,furkan-korkmaz,,,30,4:53,0,0,0,0,0,2,0,6,0,0,0,0,2020-21,Playoffs
0042000101,1610612755,Philadelphia,76ers,PHI,sixers,1630178,Tyrese,Maxey,T. Maxey,tyrese-maxey,,,0,6:41,0,0,0,2,0,2,2,14,0,0,0,1,2020-21,Playoffs
0042000101,1610612755,Philadelphia,76ers,PHI,sixers,1630198,Isaiah,Joe,I. Joe,isaiah-joe,,DNP - Coach's Decision,7,,0,0,0,0,0,0,0,0,0,0,0,0,2020-21,Playoffs
0042000101,1610612755,Philadelphia,76ers,PHI,sixers,1630194,Paul,Reed,P. Reed,paul-reed,,DNP - Coach's Decision,44,,0,0,0,0,0,0,0,0,0,0,0,0,2020-21,Playoffs
0042000101,1610612755,Philadelphia,76ers,PHI,sixers,203118,Mike,Scott,M. Scott,mike-scott,,DNP - Coach's Decision,1,,0,0,0,0,0,0,0,0,0,0,0,0,2020-21,Playoffs
0042000101,1610612755,Philadelphia,76ers,PHI,sixers,201229,Anthony,Tolliver,A. Tolliver,anthony-tolliver,,DNP - Coach's Decision,43,,0,0,0,0,0,0,0,0,0,0,0,0,2020-21,Playoffs
0042000102,1610612764,Washington,Wizards,WAS,wizards,203078,Bradley,Beal,B. Beal,bradley-beal,F,,3,34:36,4,0,4,14,12,11,14,58,0,5,0,3,2020-21,Playoffs
0042000102,1610612764,Washington,Wizards,WAS,wizards,1629060,Rui,Hachimura,R. Hachimura,rui-hachimura,F,,8,25:50,0,0,0,4,10,7,10,38,0,1,4,2,2020-21,Playoffs
0042000102,1610612764,Washington,Wizards,WAS,wizards,203458,Alex,Len,A. Len,alex-len,C,,27,12:11,0,2,0,6,2,4,4,18,0,1,2,0,2020-21,Playoffs
0042000102,1610612764,Washington,Wizards,WAS,wizards,203526,Raul,Neto,R. Neto,raul-neto,G,,19,19:19,0,0,0,2,2,4,6,28,0,0,2,2,2020-21,Playoffs
0042000102,1610612764,Washington,Wizards,WAS,wizards,201566,Russell,Westbrook,R. Westbrook,russell-westbrook,G,,4,29:07,2,2,4,4,7,9,10,46,0,0,0,5,2020-21,Playoffs
0042000102,1610612764,Washington,Wizards,WAS,wizards,202722,Davis,Bertans,D. Bertans,davis-bertans,,,42,23:43,0,0,0,0,4,7,8,40,0,1,6,1,2020-21,Playoffs
0042000102,1610612764,Washington,Wizards,WAS,wizards,202397,Ish,Smith,I. Smith,ish-smith,,,14,23:20,0,2,0,6,8,5,4,28,0,1,1,1,2020-21,Playoffs
0042000102,1610612764,Washington,Wizards,WAS,wizards,1629655,Daniel,Gafford,D. Gafford,daniel-gafford,,,21,20:00,2,3,3,6,5,4,2,22,1,0,1,5,2020-21,Playoffs
0042000102,1610612764,Washington,Wizards,WAS,wizards,1628990,Chandler,Hutchison,C. Hutchison,chandler-hutchison,,,1,16:29,0,4,0,2,11,2,6,20,0,1,1,1,2020-21,Playoffs
0042000102,1610612764,Washington,Wizards,WAS,wizards,201577,Robin,Lopez,R. Lopez,robin-lopez,,,15,10:15,0,0,0,4,5,2,8,24,0,0,2,0,2020-21,Playoffs
0042000102,1610612764,Washington,Wizards,WAS,wizards,1630264,Anthony,Gill,A. Gill,anthony-gill,,,16,7:58,0,0,0,0,3,0,2,6,0,1,0,0,2020-21,Playoffs
0042000102,1610612764,Washington,Wizards,WAS,wizards,1629726,Garrison,Mathews,G. Mathews,garrison-mathews,,,24,7:58,0,0,0,0,3,0,2,6,0,1,1,1,2020-21,Playoffs
0042000102,1610612764,Washington,Wizards,WAS,wizards,1630216,Cassius,Winston,C. Winston,cassius-winston,,,5,5:29,0,0,0,2,3,0,2,4,0,1,1,0,2020-21,Playoffs
0042000102,1610612764,Washington,Wizards,WAS,wizards,1629067,Isaac,Bonga,I. Bonga,isaac-bonga,,,17,3:45,0,0,0,0,0,0,2,2,1,1,0,0,2020-21,Playoffs
0042000102,1610612755,Philadelphia,76ers,PHI,sixers,201980,Danny,Green,D. Green,danny-green,F,,14,21:44,0,2,0,2,2,7,4,30,2,0,2,0,2020-21,Playoffs
0042000102,1610612755,Philadelphia,76ers,PHI,sixers,202699,Tobias,Harris,T. Harris,tobias-harris,F,,12,23:17,0,0,2,14,4,5,7,28,0,0,2,0,2020-21,Playoffs
0042000102,1610612755,Philadelphia,76ers,PHI,sixers,203954,Joel,Embiid,J. Embiid,joel-embiid,C,,21,26:17,2,0,4,8,4,7,5,32,0,0,1,5,2020-21,Playoffs
0042000102,1610612755,Philadelphia,76ers,PHI,sixers,203552,Seth,Curry,S. Curry,seth-curry,G,,31,23:04,0,0,0,2,4,4,5,30,0,0,2,0,2020-21,Playoffs
0042000102,1610612755,Philadelphia,76ers,PHI,sixers,1627732,Ben,Simmons,B. Simmons,ben-simmons,G,,25,28:34,2,6,4,22,4,7,5,32,1,0,1,3,2020-21,Playoffs
0042000102,1610612755,Philadelphia,76ers,PHI,sixers,1629680,Matisse,Thybulle,M. Thybulle,matisse-thybulle,,,22,19:55,0,0,0,2,2,2,7,18,5,0,1,1,2020-21,Playoffs
0042000102,1610612755,Philadelphia,76ers,PHI,sixers,201588,George,Hill,G. Hill,george-hill,,,33,22:40,0,0,0,2,4,5,7,16,0,0,4,2,2020-21,Playoffs
0042000102,1610612755,Philadelphia,76ers,PHI,sixers,2730,Dwight,Howard,D. Howard,dwight-howard,,,39,15:57,0,3,0,2,2,2,6,14,1,0,4,3,2020-21,Playoffs
0042000102,1610612755,Philadelphia,76ers,PHI,sixers,1629003,Shake,Milton,S. Milton,shake-milton,,,18,13:30,0,0,0,0,4,4,6,14,1,1,1,0,2020-21,Playoffs
0042000102,1610612755,Philadelphia,76ers,PHI,sixers,1627788,Furkan,Korkmaz,F. Korkmaz,furkan-korkmaz,,,30,15:42,5,0,2,2,4,6,3,16,0,0,0,3,2020-21,Playoffs
0042000102,1610612755,Philadelphia,76ers,PHI,sixers,1630178,Tyrese,Maxey,T. Maxey,tyrese-maxey,,,0,13:41,6,0,2,8,2,4,0,10,3,0,0,3,2020-21,Playoffs
0042000102,1610612755,Philadelphia,76ers,PHI,sixers,203118,Mike,Scott,M. Scott,mike-scott,,,1,5:29,0,0,0,0,2,4,0,4,0,1,0,0,2020-21,Playoffs
0042000102,1610612755,Philadelphia,76ers,PHI,sixers,1630194,Paul,Reed,P. Reed,paul-reed,,,44,5:06,0,0,2,4,2,4,0,4,1,0,1,0,2020-21,Playoffs
0042000102,1610612755,Philadelphia,76ers,PHI,sixers,1630198,Isaiah,Joe,I. Joe,isaiah-joe,,,7,3:20,0,0,0,0,0,2,0,2,0,0,1,0,2020-21,Playoffs
0042000102,1610612755,Philadelphia,76ers,PHI,sixers,201229,Anthony,Tolliver,A. Tolliver,anthony-tolliver,,,43,1:44,0,0,0,0,0,2,0,0,0,0,1,1,2020-21,Playoffs
0042000103,1610612755,Philadelphia,76ers,PHI,sixers,201980,Danny,Green,D. Green,danny-green,F,,14,25:45,0,0,3,0,8,11,7,16,1,0,2,1,2020-21,Playoffs
0042000103,1610612755,Philadelphia,76ers,PHI,sixers,202699,Tobias,Harris,T. Harris,tobias-harris,F,,12,31:41,2,3,2,10,11,9,10,24,0,1,2,4,2020-21,Playoffs
0042000103,1610612755,Philadelphia,76ers,PHI,sixers,203954,Joel,Embiid,J. Embiid,joel-embiid,C,,21,27:54,2,3,0,12,6,9,7,20,1,0,2,5,2020-21,Playoffs
0042000103,1610612755,Philadelphia,76ers,PHI,sixers,203552,Seth,Curry,S. Curry,seth-curry,G,,31,27:18,0,2,0,2,6,9,7,20,0,0,2,0,2020-21,Playoffs
0042000103,1610612755,Philadelphia,76ers,PHI,sixers,1627732,Ben,Simmons,B. Simmons,ben-simmons,G,,25,30:16,2,0,4,14,10,11,7,22,0,0,1,2,2020-21,Playoffs
0042000103,1610612755,Philadelphia,76ers,PHI,sixers,1629680,Matisse,Thybulle,M. Thybulle,matisse-thybulle,,,22,18:20,0,0,0,4,9,6,5,22,0,1,3,1,2020-21,Playoffs
0042000103,1610612755,Philadelphia,76ers,PHI,sixers,201588,George,Hill,G. Hill,george-hill,,,33,18:09,0,2,0,2,6,6,5,20,1,0,3,1,2020-21,Playoffs
0042000103,1610612755,Philadelphia,76ers,PHI,sixers,1630178,Tyrese,Maxey,T. Maxey,tyrese-maxey,,,0,11:15,0,0,0,2,2,6,5,12,1,0,2,0,2020-21,Playoffs
0042000103,1610612755,Philadelphia,76ers,PHI,sixers,1627788,Furkan,Korkmaz,F. Korkmaz,furkan-korkmaz,,,30,9:20,0,0,3,0,2,8,2,12,0,0,0,0,2020-21,Playoffs
0042000103,1610612755,Philadelphia,76ers,PHI,sixers,2730,Dwight,Howard,D. Howard,dwight-howard,,,39,16:02,2,0,0,2,8,8,5,18,1,1,4,3,2020-21,Playoffs
0042000103,1610612755,Philadelphia,76ers,PHI,sixers,1629003,Shake,Milton,S. Milton,shake-milton,,,18,10:30,0,2,0,0,6,4,0,10,0,0,3,1,2020-21,Playoffs
0042000103,1610612755,Philadelphia,76ers,PHI,sixers,203118,Mike,Scott,M. Scott,mike-scott,,,1,6:10,0,0,0,0,2,4,0,6,0,0,0,0,2020-21,Playoffs
0042000103,1610612755,Philadelphia,76ers,PHI,sixers,1630194,Paul,Reed,P. Reed,paul-reed,,,44,3:44,0,0,0,0,2,2,0,4,0,0,0,0,2020-21,Playoffs
0042000103,1610612755,Philadelphia,76ers,PHI,sixers,1630198,Isaiah,Joe,I. Joe,isaiah-joe,,,7,3:36,0,0,0,0,2,2,0,4,0,0,1,0,2020-21,Playoffs
0042000103,1610612755,Philadelphia,76ers,PHI,sixers,201229,Anthony,Tolliver,A. Tolliver,anthony-tolliver,,DNP - Coach's Decision,43,,0,0,0,0,0,0,0,0,0,0,0,0,2020-21,Playoffs
0042000103,1610612764,Washington,Wizards,WAS,wizards,202722,Davis,Bertans,D. Bertans,davis-bertans,F,,42,31:17,0,0,2,2,4,10,9,36,0,0,2,2,2020-21,Playoffs
0042000103,1610612764,Washington,Wizards,WAS,wizards,1629060,Rui,Hachimura,R. Hachimura,rui-hachimura,F,,8,27:03,0,0,3,2,2,8,8,22,0,1,4,2,2020-21,Playoffs
0042000103,1610612764,Washington,Wizards,WAS,wizards,203458,Alex,Len,A. Len,alex-len,C,,27,10:45,0,0,0,2,0,3,5,12,0,0,1,0,2020-21,Playoffs
0042000103,1610612764,Washington,Wizards,WAS,wizards,203078,Bradley,Beal,B. Beal,bradley-beal,G,,3,37:21,3,4,0,8,8,8,9,42,1,2,0,6,2020-21,Playoffs
0042000103,1610612764,Washington,Wizards,WAS,wizards,201566,Russell,Westbrook,R. Westbrook,russell-westbrook,G,,4,34:11,7,5,5,6,4,7,5,38,0,2,4,3,2020-21,Playoffs
0042000103,1610612764,Washington,Wizards,WAS,wizards,202397,Ish,Smith,I. Smith,ish-smith,,,14,20:15,0,0,0,4,8,5,4,26,0,0,1,1,2020-21,Playoffs
0042000103,1610612764,Washington,Wizards,WAS,wizards,1629655,Daniel,Gafford,D. Gafford,daniel-gafford,,,21,22:23,0,10,2,12,6,9,7,20,1,0,3,3,2020-21,Playoffs
0042000103,1610612764,Washington,Wizards,WAS,wizards,203526,Raul,Neto,R. Neto,raul-neto,,,19,20:06,2,0,0,2,2,4,3,20,0,0,1,2,2020-21,Playoffs
0042000103,1610612764,Washington,Wizards,WAS,wizards,201577,Robin,Lopez,R. Lopez,robin-lopez,,,15,14:52,4,0,0,4,2,0,0,16,1,0,0,3,2020-21,Playoffs
0042000103,1610612764,Washington,Wizards,WAS,wizards,1630264,Anthony,Gill,A. Gill,anthony-gill,,,16,11:53,0,0,0,0,4,2,7,8,0,0,2,0,2020-21,Playoffs
0042000103,1610612764,Washington,Wizards,WAS,wizards,1629726,Garrison,Mathews,G. Mathews,garrison-mathews,,,24,6:10,0,0,0,0,0,2,3,0,0,0,0,2,2020-21,Playoffs
0042000103,1610612764,Washington,Wizards,WAS,wizards,1629067,Isaac,Bonga,I. Bonga,isaac-bonga,,,17,3:44,0,0,0,0,0,2,0,0,0,0,0,1,2020-21,Playoffs
0042000103,1610612764,Washington,Wizards,WAS,wizards,1628990,Chandler,Hutchison,C. Hutchison,chandler-hutchison,,DNP - Coach's Decision,1,,0,0,0,0,0,0,0,0,0,0,0,0,2020-21,Playoffs
0042000103,1610612764,Washington,Wizards,WAS,wizards,1630216,Cassius,Winston,C. Winston,cassius-winston,,DNP - Coach's Decision,5,,0,0,0,0,0,0,0,0,0,0,0,0,2020-21,Playoffs
0042000104,1610612755,Philadelphia,76ers,PHI,sixers,201980,Danny,Green,D. Green,danny-green,F,,14,30:57,0,2,0,2,14,12,19,28,3,0,2,0,2020-21,Playoffs
0042000104,1610612755,Philadelphia,76ers,PHI,sixers,202699,Tobias,Harris,T. Harris,tobias-harris,F,,12,37:27,4,2,0,8,13,14,19,36,1,6,4,2,2020-21,Playoffs
0042000104,1610612755,Philadelphia,76ers,PHI,sixers,203954,Joel,Embiid,J. Embiid,joel-embiid,C,,21,11:24,0,0,0,2,3,4,4,12,0,1,1,3,2020-21,Playoffs
0042000104,1610612755,Philadelphia,76ers,PHI,sixers,203552,Seth,Curry,S. Curry,seth-curry,G,,31,28:06,2,2,0,4,13,10,17,26,0,0,2,2,2020-21,Playoffs
0042000104,1610612755,Philadelphia,76ers,PHI,sixers,1627732,Ben,Simmons,B. Simmons,ben-simmons,G,,25,24:31,1,2,2,8,10,8,12,16,0,1,5,8,2020-21,Playoffs
0042000104,1610612755,Philadelphia,76ers,PHI,sixers,201588,George,Hill,G. Hill,george-hill,,,33,22:18,0,2,0,0,7,7,11,30,0,0,1,5,2020-21,Playoffs
0042000104,1610612755,Philadelphia,76ers,PHI,sixers,1629680,Matisse,Thybulle,M. Thybulle,matisse-thybulle,,,22,15:08,0,0,0,2,3,5,4,20,0,0,1,0,2020-21,Playoffs
0042000104,1610612755,Philadelphia,76ers,PHI,sixers,1630178,Tyrese,Maxey,T. Maxey,tyrese-maxey,,,0,21:34,2,0,2,8,2,7,2,22,1,0,4,1,2020-21,Playoffs
0042000104,1610612755,Philadelphia,76ers,PHI,sixers,1629003,Shake,Milton,S. Milton,shake-milton,,,18,7:03,2,0,0,4,2,3,0,10,0,0,1,1,2020-21,Playoffs
0042000104,1610612755,Philadelphia,76ers,PHI,sixers,2730,Dwight,Howard,D. Howard,dwight-howard,,,39,13:39,1,0,0,0,4,4,4,16,0,3,4,3,2020-21,Playoffs
0042000104,1610612755,Philadelphia,76ers,PHI,sixers,1627788,Furkan,Korkmaz,F. Korkmaz,furkan-korkmaz,,,30,11:17,2,2,3,2,2,3,2,10,0,0,3,1,2020-21,Playoffs
0042000104,1610612755,Philadelphia,76ers,PHI,sixers,203118,Mike,Scott,M. Scott,mike-scott,,,1,16:37,0,0,0,0,7,8,11,14,1,1,2,1,2020-21,Playoffs
0042000104,1610612755,Philadelphia,76ers,PHI,sixers,1630198,Isaiah,Joe,I. Joe,isaiah-joe,,DNP - Coach's Decision,7,,0,0,0,0,0,0,0,0,0,0,0,0,2020-21,Playoffs
0042000104,1610612755,Philadelphia,76ers,PHI,sixers,1630194,Paul,Reed,P. Reed,paul-reed,,DNP - Coach's Decision,44,,0,0,0,0,0,0,0,0,0,0,0,0,2020-21,Playoffs
0042000104,1610612755,Philadelphia,76ers,PHI,sixers,201229,Anthony,Tolliver,A. Tolliver,anthony-tolliver,,DNP - Coach's Decision,43,,0,0,0,0,0,0,0,0,0,0,0,0,2020-21,Playoffs
0042000104,1610612764,Washington,Wizards,WAS,wizards,202722,Davis,Bertans,D. Bertans,davis-bertans,F,,42,23:02,0,2,7,2,4,4,2,20,1,0,1,2,2020-21,Playoffs
0042000104,1610612764,Washington,Wizards,WAS,wizards,1629060,Rui,Hachimura,R. Hachimura,rui-hachimura,F,,8,41:33,7,3,9,8,12,10,7,34,1,1,4,2,2020-21,Playoffs
0042000104,1610612764,Washington,Wizards,WAS,wizards,1629655,Daniel,Gafford,D. Gafford,daniel-gafford,C,,21,25:59,0,6,0,8,8,8,2,24,5,0,3,4,2020-21,Playoffs
0042000104,1610612764,Washington,Wizards,WAS,wizards,203078,Bradley,Beal,B. Beal,bradley-beal,G,,3,42:50,0,0,5,8,14,10,7,34,2,3,4,8,2020-21,Playoffs
0042000104,1610612764,Washington,Wizards,WAS,wizards,201566,Russell,Westbrook,R. Westbrook,russell-westbrook,G,,4,42:15,4,2,0,2,13,12,7,36,0,2,5,10,2020-21,Playoffs
0042000104,1610612764,Washington,Wizards,WAS,wizards,203458,Alex,Len,A. Len,alex-len,,,27,1:23,0,0,0,0,0,0,0,2,0,0,2,0,2020-21,Playoffs
0042000104,1610612764,Washington,Wizards,WAS,wizards,201577,Robin,Lopez,R. Lopez,robin-lopez,,,15,18:58,2,4,0,14,6,4,5,12,2,0,0,1,2020-21,Playoffs
0042000104,1610612764,Washington,Wizards,WAS,wizards,202397,Ish,Smith,I. Smith,ish-smith,,,14,19:32,0,0,0,2,3,4,0,12,1,0,3,0,2020-21,Playoffs
0042000104,1610612764,Washington,Wizards,WAS,wizards,203526,Raul,Neto,R. Neto,raul-neto,,,19,21:40,3,0,0,4,8,6,5,20,0,0,4,3,2020-21,Playoffs
0042000104,1610612764,Washington,Wizards,WAS,wizards,1629067,Isaac,Bonga,I. Bonga,isaac-bonga,,,17,0:22,0,0,0,0,0,0,0,2,0,0,0,0,2020-21,Playoffs
0042000104,1610612764,Washington,Wizards,WAS,wizards,1630264,Anthony,Gill,A. Gill,anthony-gill,,,16,2:27,0,0,0,0,2,2,0,4,0,0,1,0,2020-21,Playoffs
0042000104,1610612764,Washington,Wizards,WAS,wizards,1628990,Chandler,Hutchison,C. Hutchison,chandler-hutchison,,DNP - Coach's Decision,1,,0,0,0,0,0,0,0,0,0,0,0,0,2020-21,Playoffs
0042000104,1610612764,Washington,Wizards,WAS,wizards,1629726,Garrison,Mathews,G. Mathews,garrison-mathews,,DNP - Coach's Decision,24,,0,0,0,0,0,0,0,0,0,0,0,0,2020-21,Playoffs
0042000104,1610612764,Washington,Wizards,WAS,wizards,1630216,Cassius,Winston,C. Winston,cassius-winston,,DNP - Coach's Decision,5,,0,0,0,0,0,0,0,0,0,0,0,0,2020-21,Playoffs
0042000105,1610612764,Washington,Wizards,WAS,wizards,203078,Bradley,Beal,B. Beal,bradley-beal,F,,3,39:41,3,2,0,10,15,8,16,50,0,2,2,9,2020-21,Playoffs
0042000105,1610612764,Washington,Wizards,WAS,wizards,1629060,Rui,Hachimura,R. Hachimura,rui-hachimura,F,,8,42:39,4,2,2,6,15,8,16,50,0,1,3,3,2020-21,Playoffs
0042000105,1610612764,Washington,Wizards,WAS,wizards,1629655,Daniel,Gafford,D. Gafford,daniel-gafford,C,,21,28:44,0,1,0,6,13,6,13,34,2,0,5,3,2020-21,Playoffs
0042000105,1610612764,Washington,Wizards,WAS,wizards,203526,Raul,Neto,R. Neto,raul-neto,G,,19,29:36,0,0,3,2,13,4,11,30,0,1,4,2,2020-21,Playoffs
0042000105,1610612764,Washington,Wizards,WAS,wizards,201566,Russell,Westbrook,R. Westbrook,russell-westbrook,G,,4,37:56,4,3,0,2,18,10,15,48,0,0,4,5,2020-21,Playoffs
0042000105,1610612764,Washington,Wizards,WAS,wizards,202397,Ish,Smith,I. Smith,ish-smith,,,14,25:38,0,0,4,4,11,8,3,24,0,1,4,0,2020-21,Playoffs
0042000105,1610612764,Washington,Wizards,WAS,wizards,201577,Robin,Lopez,R. Lopez,robin-lopez,,,15,17:10,0,0,0,6,6,4,3,18,1,1,1,2,2020-21,Playoffs
0042000105,1610612764,Washington,Wizards,WAS,wizards,1630264,Anthony,Gill,A. Gill,anthony-gill,,,16,10:36,0,0,0,0,4,2,3,4,0,0,4,0,2020-21,Playoffs
0042000105,1610612764,Washington,Wizards,WAS,wizards,1629726,Garrison,Mathews,G. Mathews,garrison-mathews,,,24,3:00,0,0,0,0,0,0,0,2,0,0,3,1,2020-21,Playoffs
0042000105,1610612764,Washington,Wizards,WAS,wizards,203458,Alex,Len,A. Len,alex-len,,,27,1:40,0,0,0,0,0,0,0,0,0,0,0,0,2020-21,Playoffs
0042000105,1610612764,Washington,Wizards,WAS,wizards,1629067,Isaac,Bonga,I. Bonga,isaac-bonga,,,17,1:40,0,0,0,0,0,0,0,0,0,0,0,0,2020-21,Playoffs
0042000105,1610612764,Washington,Wizards,WAS,wizards,1628990,Chandler,Hutchison,C. Hutchison,chandler-hutchison,,,1,1:40,0,0,0,2,0,0,0,0,0,0,0,0,2020-21,Playoffs
0042000105,1610612764,Washington,Wizards,WAS,wizards,1630216,Cassius,Winston,C. Winston,cassius-winston,,DNP - Coach's Decision,5,,0,0,0,0,0,0,0,0,0,0,0,0,2020-21,Playoffs
0042000105,1610612755,Philadelphia,76ers,PHI,sixers,201980,Danny,Green,D. Green,danny-green,F,,14,29:13,2,0,0,2,5,8,7,26,0,0,1,0,2020-21,Playoffs
0042000105,1610612755,Philadelphia,76ers,PHI,sixers,202699,Tobias,Harris,T. Harris,tobias-harris,F,,12,36:38,0,2,3,10,10,8,9,30,1,0,3,5,2020-21,Playoffs
0042000105,1610612755,Philadelphia,76ers,PHI,sixers,1627732,Ben,Simmons,B. Simmons,ben-simmons,C,,25,39:00,6,0,6,14,6,8,9,32,2,2,4,8,2020-21,Playoffs
0042000105,1610612755,Philadelphia,76ers,PHI,sixers,1629680,Matisse,Thybulle,M. Thybulle,matisse-thybulle,G,,22,16:27,0,0,2,4,5,7,2,16,0,0,4,0,2020-21,Playoffs
0042000105,1610612755,Philadelphia,76ers,PHI,sixers,203552,Seth,Curry,S. Curry,seth-curry,G,,31,30:58,5,0,3,10,5,8,9,28,0,0,3,6,2020-21,Playoffs
0042000105,1610612755,Philadelphia,76ers,PHI,sixers,201588,George,Hill,G. Hill,george-hill,,,33,14:07,0,2,0,0,6,0,2,10,0,0,1,2,2020-21,Playoffs
0042000105,1610612755,Philadelphia,76ers,PHI,sixers,2730,Dwight,Howard,D. Howard,dwight-howard,,,39,15:58,2,6,0,4,6,0,2,10,3,0,4,5,2020-21,Playoffs
0042000105,1610612755,Philadelphia,76ers,PHI,sixers,1630178,Tyrese,Maxey,T. Maxey,tyrese-maxey,,,0,26:28,2,0,2,6,6,1,5,16,0,1,2,2,2020-21,Playoffs
0042000105,1610612755,Philadelphia,76ers,PHI,sixers,1627788,Furkan,Korkmaz,F. Korkmaz,furkan-korkmaz,,,30,14:23,2,0,0,2,6,0,0,6,0,0,0,0,2020-21,Playoffs
0042000105,1610612755,Philadelphia,76ers,PHI,sixers,1629003,Shake,Milton,S. Milton,shake-milton,,,18,6:46,0,0,0,0,0,0,0,6,0,0,1,1,2020-21,Playoffs
0042000105,1610612755,Philadelphia,76ers,PHI,sixers,203118,Mike,Scott,M. Scott,mike-scott,,,1,5:02,0,0,0,0,0,0,0,4,0,0,1,0,2020-21,Playoffs
0042000105,1610612755,Philadelphia,76ers,PHI,sixers,1630198,Isaiah,Joe,I. Joe,isaiah-joe,,,7,1:40,0,0,0,0,0,0,0,2,0,0,0,0,2020-21,Playoffs
0042000105,1610612755,Philadelphia,76ers,PHI,sixers,1630194,Paul,Reed,P. Reed,paul-reed,,,44,1:40,0,0,0,0,0,0,0,2,0,0,0,0,2020-21,Playoffs
0042000105,1610612755,Philadelphia,76ers,PHI,sixers,1629730,Rayjon,Tucker,R. Tucker,rayjon-tucker,,,9,1:40,0,0,0,0,0,0,0,2,0,0,1,1,2020-21,Playoffs
0042000105,1610612755,Philadelphia,76ers,PHI,sixers,201229,Anthony,Tolliver,A. Tolliver,anthony-tolliver,,DNP - Coach's Decision,43,,0,0,0,0,0,0,0,0,0,0,0,0,2020-21,Playoffs
0042000111,1610612738,Boston,Celtics,BOS,celtics,203095,Evan,Fournier,E. Fournier,evan-fournier,F,,94,38:31,0,0,0,2,18,11,6,34,0,1,3,1,2020-21,Playoffs
0042000111,1610612738,Boston,Celtics,BOS,celtics,1628369,Jayson,Tatum,J. Tatum,jayson-tatum,F,,0,41:29,0,4,2,10,18,13,4,32,1,1,5,5,2020-21,Playoffs
0042000111,1610612738,Boston,Celtics,BOS,celtics,202684,Tristan,Thompson,T. Thompson,tristan-thompson,C,,13,24:50,0,4,0,4,13,2,2,22,1,1,0,4,2020-21,Playoffs
0042000111,1610612738,Boston,Celtics,BOS,celtics,203935,Marcus,Smart,M. Smart,marcus-smart,G,,36,39:39,4,0,3,4,16,9,4,28,0,1,2,3,2020-21,Playoffs
0042000111,1610612738,Boston,Celtics,BOS,celtics,202689,Kemba,Walker,K. Walker,kemba-walker,G,,8,26:51,2,0,0,0,14,8,4,22,0,1,4,4,2020-21,Playoffs
0042000111,1610612738,Boston,Celtics,BOS,celtics,1630174,Aaron,Nesmith,A. Nesmith,aaron-nesmith,,,26,16:50,0,3,2,0,0,2,4,10,0,0,0,2,2020-21,Playoffs
0042000111,1610612738,Boston,Celtics,BOS,celtics,1629057,Robert,Williams III,R. Williams III,robert-williams-iii,,,44,22:40,0,4,0,10,5,11,4,16,9,2,2,2,2020-21,Playoffs
0042000111,1610612738,Boston,Celtics,BOS,celtics,203953,Jabari,Parker,J. Parker,jabari-parker,,,20,21:31,3,0,5,4,4,7,2,18,1,0,1,1,2020-21,Playoffs
0042000111,1610612738,Boston,Celtics,BOS,celtics,1630202,Payton,Pritchard,P. Pritchard,payton-pritchard,,,11,6:39,0,0,0,0,2,2,0,8,0,0,1,0,2020-21,Playoffs
0042000111,1610612738,Boston,Celtics,BOS,celtics,1629682,Tremont,Waters,T. Waters,tremont-waters,,,51,0:30,0,0,0,0,0,0,0,0,0,0,0,0,2020-21,Playoffs
0042000111,1610612738,Boston,Celtics,BOS,celtics,1629684,Grant,Williams,G. Williams,grant-williams,,,12,0:30,0,0,0,0,0,0,0,0,0,0,0,0,2020-21,Playoffs
0042000111,1610612738,Boston,Celtics,BOS,celtics,1629035,Carsen,Edwards,C. Edwards,carsen-edwards,,DNP - Coach's Decision,4,,0,0,0,0,0,0,0,0,0,0,0,0,2020-21,Playoffs
0042000111,1610612738,Boston,Celtics,BOS,celtics,1628436,Luke,Kornet,L. Kornet,luke-kornet,,DNP - Coach's Decision,40,,0,0,0,0,0,0,0,0,0,0,0,0,2020-21,Playoffs
0042000111,1610612738,Boston,Celtics,BOS,celtics,1629641,Romeo,Langford,R. Langford,romeo-langford,,DNP - Coach's Decision,45,,0,0,0,0,0,0,0,0,0,0,0,0,2020-21,Playoffs
0042000111,1610612738,Boston,Celtics,BOS,celtics,1628400,Semi,Ojeleye,S. Ojeleye,semi-ojeleye,,DNP - Coach's Decision,37,,0,0,0,0,0,0,0,0,0,0,0,0,2020-21,Playoffs
0042000111,1610612751,Brooklyn,Nets,BKN,nets,201142,Kevin,Durant,K. Durant,kevin-durant,F,,7,39:29,9,3,2,12,6,13,7,28,1,2,3,7,2020-21,Playoffs
0042000111,1610612751,Brooklyn,Nets,BKN,nets,203925,Joe,Harris,J. Harris,joe-harris,F,,12,37:20,0,0,0,4,9,10,8,20,0,2,4,0,2020-21,Playoffs
0042000111,1610612751,Brooklyn,Nets,BKN,nets,201933,Blake,Griffin,B. Griffin,blake-griffin,C,,2,19:57,0,1,0,0,6,6,5,12,0,0,3,3,2020-21,Playoffs
0042000111,1610612751,Brooklyn,Nets,BKN,nets,202681,Kyrie,Irving,K. Irving,kyrie-irving,G,,11,37:24,4,2,0,8,6,11,5,22,1,1,3,3,2020-21,Playoffs
0042000111,1610612751,Brooklyn,Nets,BKN,nets,201935,James,Harden,J. Harden,james-harden,G,,13,36:15,1,2,2,6,8,10,12,28,1,2,2,5,2020-21,Playoffs
0042000111,1610612751,Brooklyn,Nets,BKN,nets,1628971,Bruce,Brown,B. Brown,bruce-brown,,,1,18:03,2,0,2,2,1,7,4,14,1,3,2,0,2020-21,Playoffs
0042000111,1610612751,Brooklyn,Nets,BKN,nets,201145,Jeff,Green,J. Green,jeff-green,,,8,26:32,0,3,0,0,3,9,7,20,1,1,1,0,2020-21,Playoffs
0042000111,1610612751,Brooklyn,Nets,BKN,nets,1629013,Landry,Shamet,L. Shamet,landry-shamet,,,20,13:46,0,0,0,0,3,7,7,14,1,0,2,0,2020-21,Playoffs
0042000111,1610612751,Brooklyn,Nets,BKN,nets,1629651,Nic,Claxton,N. Claxton,nic-claxton,,,33,11:14,2,2,0,6,3,2,5,12,1,1,2,0,2020-21,Playoffs
0042000111,1610612751,Brooklyn,Nets,BKN,nets,1628455,Mike,James,A. James,mike-james,,DNP - Coach's Decision,55,,0,0,0,0,0,0,0,0,0,0,0,0,2020-21,Playoffs
0042000111,1610612751,Brooklyn,Nets,BKN,nets,1628993,Alize,Johnson,A. Johnson,alize-johnson,,DNP - Coach's Decision,24,,0,0,0,0,0,0,0,0,0,0,0,0,2020-21,Playoffs
0042000111,1610612751,Brooklyn,Nets,BKN,nets,204020,Tyler,Johnson,T. Johnson,tyler-johnson,,DNP - Coach's Decision,10,,0,0,0,0,0,0,0,0,0,0,0,0,2020-21,Playoffs
0042000111,1610612751,Brooklyn,Nets,BKN,nets,201599,DeAndre,Jordan,D. Jordan,deandre-jordan,,DNP - Coach's Decision,6,,0,0,0,0,0,0,0,0,0,0,0,0,2020-21,Playoffs
0042000111,1610612751,Brooklyn,Nets,BKN,nets,1627789,Timothe,Luwawu-Cabarrot,T. Luwawu-Cabarrot,timothe-luwawu-cabarrot,,DNP - Coach's Decision,9,,0,0,0,0,0,0,0,0,0,0,0,0,2020-21,Playoffs
0042000111,1610612751,Brooklyn,Nets,BKN,nets,1629617,Reggie,Perry,R. Perry,reggie-perry,,DNP - Coach's Decision,0,,0,0,0,0,0,0,0,0,0,0,0,0,2020-21,Playoffs
0042000112,1610612738,Boston,Celtics,BOS,celtics,203095,Evan,Fournier,E. Fournier,evan-fournier,F,,94,26:59,6,0,5,2,15,11,10,30,0,0,4,1,2020-21,Playoffs
0042000112,1610612738,Boston,Celtics,BOS,celtics,1628369,Jayson,Tatum,J. Tatum,jayson-tatum,F,,0,21:01,0,0,0,4,19,9,13,24,2,1,2,2,2020-21,Playoffs
0042000112,1610612738,Boston,Celtics,BOS,celtics,202684,Tristan,Thompson,T. Thompson,tristan-thompson,C,,13,24:36,0,9,0,14,12,7,15,26,1,0,3,4,2020-21,Playoffs
0042000112,1610612738,Boston,Celtics,BOS,celtics,203935,Marcus,Smart,M. Smart,marcus-smart,G,,36,31:44,3,6,0,0,14,10,15,38,0,1,2,5,2020-21,Playoffs
0042000112,1610612738,Boston,Celtics,BOS,celtics,202689,Kemba,Walker,K. Walker,kemba-walker,G,,8,30:28,2,0,4,6,14,10,15,38,0,2,1,6,2020-21,Playoffs
0042000112,1610612738,Boston,Celtics,BOS,celtics,1629057,Robert,Williams III,R. Williams III,robert-williams-iii,,,44,16:42,0,2,0,8,12,6,0,14,0,1,5,1,2020-21,Playoffs
0042000112,1610612738,Boston,Celtics,BOS,celtics,203953,Jabari,Parker,J. Parker,jabari-parker,,,20,6:29,0,0,0,2,7,6,0,4,0,0,1,0,2020-21,Playoffs
0042000112,1610612738,Boston,Celtics,BOS,celtics,1630174,Aaron,Nesmith,A. Nesmith,aaron-nesmith,,,26,18:41,0,0,0,0,14,0,2,16,0,0,1,0,2020-21,Playoffs
0042000112,1610612738,Boston,Celtics,BOS,celtics,1630202,Payton,Pritchard,P. Pritchard,payton-pritchard,,,11,13:03,0,0,0,0,10,3,0,4,0,0,1,1,2020-21,Playoffs
0042000112,1610612738,Boston,Celtics,BOS,celtics,1629641,Romeo,Langford,R. Langford,romeo-langford,,,45,18:09,4,0,0,4,3,3,5,12,0,2,0,0,2020-21,Playoffs
0042000112,1610612738,Boston,Celtics,BOS,celtics,1629684,Grant,Williams,G. Williams,grant-williams,,,12,12:00,0,0,0,2,2,2,5,8,0,0,0,1,2020-21,Playoffs
0042000112,1610612738,Boston,Celtics,BOS,celtics,1628400,Semi,Ojeleye,S. Ojeleye,semi-ojeleye,,,37,6:42,0,0,0,0,2,2,5,8,1,0,0,0,2020-21,Playoffs
0042000112,1610612738,Boston,Celtics,BOS,celtics,1629682,Tremont,Waters,T. Waters,tremont-waters,,,51,4:29,0,0,0,2,2,2,5,6,0,0,0,1,2020-21,Playoffs
0042000112,1610612738,Boston,Celtics,BOS,celtics,1628436,Luke,Kornet,L. Kornet,luke-kornet,,,40,4:29,2,0,1,2,2,2,5,6,0,0,0,1,2020-21,Playoffs
0042000112,1610612738,Boston,Celtics,BOS,celtics,1629035,Carsen,Edwards,C. Edwards,carsen-edwards,,,4,4:29,2,0,5,2,2,2,5,6,0,0,0,0,2020-21,Playoffs
0042000112,1610612751,Brooklyn,Nets,BKN,nets,201142,Kevin,Durant,K. Durant,kevin-durant,F,,7,29:10,4,4,2,6,11,9,7,26,4,1,1,5,2020-21,Playoffs
0042000112,1610612751,Brooklyn,Nets,BKN,nets,203925,Joe,Harris,J. Harris,joe-harris,F,,12,29:18,8,2,11,4,11,13,7,24,1,0,3,0,2020-21,Playoffs
0042000112,1610612751,Brooklyn,Nets,BKN,nets,201933,Blake,Griffin,B. Griffin,blake-griffin,C,,2,20:23,0,0,0,8,11,7,5,20,0,1,2,3,2020-21,Playoffs
0042000112,1610612751,Brooklyn,Nets,BKN,nets,202681,Kyrie,Irving,K. Irving,kyrie-irving,G,,11,27:54,0,2,2,10,11,9,7,26,1,0,2,1,2020-21,Playoffs
0042000112,1610612751,Brooklyn,Nets,BKN,nets,201935,James,Harden,J. Harden,james-harden,G,,13,27:07,10,0,0,4,7,10,4,20,0,0,3,5,2020-21,Playoffs
0042000112,1610612751,Brooklyn,Nets,BKN,nets,1628971,Bruce,Brown,B. Brown,bruce-brown,,,1,21:35,0,0,0,2,10,9,5,26,0,0,3,2,2020-21,Playoffs
0042000112,1610612751,Brooklyn,Nets,BKN,nets,201145,Jeff,Green,J. Green,jeff-green,,,8,12:07,2,2,0,4,0,6,4,12,0,0,0,0,2020-21,Playoffs
0042000112,1610612751,Brooklyn,Nets,BKN,nets,1629013,Landry,Shamet,L. Shamet,landry-shamet,,,20,25:18,0,3,0,4,4,10,4,26,0,0,5,4,2020-21,Playoffs
0042000112,1610612751,Brooklyn,Nets,BKN,nets,1629651,Nic,Claxton,N. Claxton,nic-claxton,,,33,17:51,0,0,0,0,4,8,2,16,1,1,2,0,2020-21,Playoffs
0042000112,1610612751,Brooklyn,Nets,BKN,nets,204020,Tyler,Johnson,T. Johnson,tyler-johnson,,,10,8:19,0,0,3,0,8,2,6,14,0,0,0,0,2020-21,Playoffs
0042000112,1610612751,Brooklyn,Nets,BKN,nets,1628455,Mike,James,A. James,mike-james,,,55,7:31,0,0,0,2,6,2,6,12,0,1,0,0,2020-21,Playoffs
0042000112,1610612751,Brooklyn,Nets,BKN,nets,1629617,Reggie,Perry,R. Perry,reggie-perry,,,0,4:29,0,2,0,2,4,0,6,6,0,0,1,0,2020-21,Playoffs
0042000112,1610612751,Brooklyn,Nets,BKN,nets,1627789,Timothe,Luwawu-Cabarrot,T. Luwawu-Cabarrot,timothe-luwawu-cabarrot,,,9,4:29,0,0,0,0,4,0,6,6,0,0,1,0,2020-21,Playoffs
0042000112,1610612751,Brooklyn,Nets,BKN,nets,1628993,Alize,Johnson,A. Johnson,alize-johnson,,,24,4:29,2,0,2,2,4,0,6,6,0,0,0,0,2020-21,Playoffs
0042000112,1610612751,Brooklyn,Nets,BKN,nets,201599,DeAndre,Jordan,D. Jordan,deandre-jordan,,DNP - Coach's Decision,6,,0,0,0,0,0,0,0,0,0,0,0,0,2020-21,Playoffs
0042000113,1610612751,Brooklyn,Nets,BKN,nets,201142,Kevin,Durant,K. Durant,kevin-durant,F,,7,40:19,8,3,2,6,16,9,9,28,1,1,1,9,2020-21,Playoffs
0042000113,1610612751,Brooklyn,Nets,BKN,nets,203925,Joe,Harris,J. Harris,joe-harris,F,,12,35:16,0,0,6,2,8,8,6,26,1,0,3,0,2020-21,Playoffs
0042000113,1610612751,Brooklyn,Nets,BKN,nets,201933,Blake,Griffin,B. Griffin,blake-griffin,C,,2,24:49,2,0,0,2,10,8,6,26,0,0,5,2,2020-21,Playoffs
0042000113,1610612751,Brooklyn,Nets,BKN,nets,202681,Kyrie,Irving,K. Irving,kyrie-irving,G,,11,40:49,0,2,0,6,18,7,9,28,0,1,4,1,2020-21,Playoffs
0042000113,1610612751,Brooklyn,Nets,BKN,nets,201935,James,Harden,J. Harden,james-harden,G,,13,39:14,3,0,0,8,15,10,6,32,0,1,1,10,2020-21,Playoffs
0042000113,1610612751,Brooklyn,Nets,BKN,nets,1629651,Nic,Claxton,N. Claxton,nic-claxton,,,33,16:24,2,0,0,4,8,5,3,6,1,0,2,0,2020-21,Playoffs
0042000113,1610612751,Brooklyn,Nets,BKN,nets,204020,Tyler,Johnson,T. Johnson,tyler-johnson,,,10,9:53,0,0,0,2,3,7,3,8,0,0,1,1,2020-21,Playoffs
0042000113,1610612751,Brooklyn,Nets,BKN,nets,1629013,Landry,Shamet,L. Shamet,landry-shamet,,,20,18:43,0,0,0,0,8,9,3,14,0,0,3,1,2020-21,Playoffs
0042000113,1610612751,Brooklyn,Nets,BKN,nets,1628971,Bruce,Brown,B. Brown,bruce-brown,,,1,14:33,0,0,0,0,4,2,0,12,0,0,3,1,2020-21,Playoffs
0042000113,1610612751,Brooklyn,Nets,BKN,nets,1629185,Chris,Chiozza,C. Chiozza,chris-chiozza,,DNP - Coach's Decision,4,,0,0,0,0,0,0,0,0,0,0,0,0,2020-21,Playoffs
0042000113,1610612751,Brooklyn,Nets,BKN,nets,1628455,Mike,James,A. James,mike-james,,DNP - Coach's Decision,55,,0,0,0,0,0,0,0,0,0,0,0,0,2020-21,Playoffs
0042000113,1610612751,Brooklyn,Nets,BKN,nets,1628993,Alize,Johnson,A. Johnson,alize-johnson,,DNP - Coach's Decision,24,,0,0,0,0,0,0,0,0,0,0,0,0,2020-21,Playoffs
0042000113,1610612751,Brooklyn,Nets,BKN,nets,201599,DeAndre,Jordan,D. Jordan,deandre-jordan,,DNP - Coach's Decision,6,,0,0,0,0,0,0,0,0,0,0,0,0,2020-21,Playoffs
0042000113,1610612751,Brooklyn,Nets,BKN,nets,1627789,Timothe,Luwawu-Cabarrot,T. Luwawu-Cabarrot,timothe-luwawu-cabarrot,,DNP - Coach's Decision,9,,0,0,0,0,0,0,0,0,0,0,0,0,2020-21,Playoffs
0042000113,1610612751,Brooklyn,Nets,BKN,nets,1629617,Reggie,Perry,R. Perry,reggie-perry,,DNP - Coach's Decision,0,,0,0,0,0,0,0,0,0,0,0,0,0,2020-21,Playoffs
0042000113,1610612738,Boston,Celtics,BOS,celtics,203095,Evan,Fournier,E. Fournier,evan-fournier,F,,94,37:16,2,0,0,2,15,5,8,26,0,1,5,1,2020-21,Playoffs
0042000113,1610612738,Boston,Celtics,BOS,celtics,1628369,Jayson,Tatum,J. Tatum,jayson-tatum,F,,0,40:31,12,0,7,8,13,5,8,26,1,2,3,9,2020-21,Playoffs
0042000113,1610612738,Boston,Celtics,BOS,celtics,202684,Tristan,Thompson,T. Thompson,tristan-thompson,C,,13,30:27,2,10,2,16,11,5,8,22,0,0,2,5,2020-21,Playoffs
0042000113,1610612738,Boston,Celtics,BOS,celtics,203935,Marcus,Smart,M. Smart,marcus-smart,G,,36,39:06,2,3,0,4,15,5,8,22,0,0,3,6,2020-21,Playoffs
0042000113,1610612738,Boston,Celtics,BOS,celtics,202689,Kemba,Walker,K. Walker,kemba-walker,G,,8,33:33,0,0,0,2,10,2,8,20,0,0,5,1,2020-21,Playoffs
0042000113,1610612738,Boston,Celtics,BOS,celtics,1629057,Robert,Williams III,R. Williams III,robert-williams-iii,,,44,6:16,0,0,0,0,0,0,0,4,0,0,0,0,2020-21,Playoffs
0042000113,1610612738,Boston,Celtics,BOS,celtics,1629641,Romeo,Langford,R. Langford,romeo-langford,,,45,27:18,0,0,0,0,7,3,0,16,0,0,1,1,2020-21,Playoffs
0042000113,1610612738,Boston,Celtics,BOS,celtics,1630202,Payton,Pritchard,P. Pritchard,payton-pritchard,,,11,5:42,0,0,0,0,0,0,0,8,0,0,1,0,2020-21,Playoffs
0042000113,1610612738,Boston,Celtics,BOS,celtics,1629684,Grant,Williams,G. Williams,grant-williams,,,12,11:17,0,0,0,4,4,0,0,4,1,0,3,0,2020-21,Playoffs
0042000113,1610612738,Boston,Celtics,BOS,celtics,1630174,Aaron,Nesmith,A. Nesmith,aaron-nesmith,,,26,8:34,0,0,0,0,0,0,0,2,1,0,2,0,2020-21,Playoffs
0042000113,1610612738,Boston,Celtics,BOS,celtics,1629035,Carsen,Edwards,C. Edwards,carsen-edwards,,DNP - Coach's Decision,4,,0,0,0,0,0,0,0,0,0,0,0,0,2020-21,Playoffs
0042000113,1610612738,Boston,Celtics,BOS,celtics,1628436,Luke,Kornet,L. Kornet,luke-kornet,,DNP - Coach's Decision,40,,0,0,0,0,0,0,0,0,0,0,0,0,2020-21,Playoffs
0042000113,1610612738,Boston,Celtics,BOS,celtics,1628400,Semi,Ojeleye,S. Ojeleye,semi-ojeleye,,DNP - Coach's Decision,37,,0,0,0,0,0,0,0,0,0,0,0,0,2020-21,Playoffs
0042000113,1610612738,Boston,Celtics,BOS,celtics,203953,Jabari,Parker,J. Parker,jabari-parker,,DNP - Coach's Decision,20,,0,0,0,0,0,0,0,0,0,0,0,0,2020-21,Playoffs
0042000113,1610612738,Boston,Celtics,BOS,celtics,1629682,Tremont,Waters,T. Waters,tremont-waters,,DNP - Coach's Decision,51,,0,0,0,0,0,0,0,0,0,0,0,0,2020-21,Playoffs
0042000114,1610612751,Brooklyn,Nets,BKN,nets,201142,Kevin,Durant,K. Durant,kevin-durant,F,,7,39:50,4,3,0,4,15,15,12,32,2,1,4,9,2020-21,Playoffs
0042000114,1610612751,Brooklyn,Nets,BKN,nets,203925,Joe,Harris,J. Harris,joe-harris,F,,12,37:07,0,5,0,2,10,15,10,24,0,0,3,0,2020-21,Playoffs
0042000114,1610612751,Brooklyn,Nets,BKN,nets,201933,Blake,Griffin,B. Griffin,blake-griffin,C,,2,18:22,2,0,2,2,5,2,5,10,1,0,2,2,2020-21,Playoffs
0042000114,1610612751,Brooklyn,Nets,BKN,nets,202681,Kyrie,Irving,K. Irving,kyrie-irving,G,,11,40:32,8,7,7,8,12,11,9,32,0,1,4,4,2020-21,Playoffs
0042000114,1610612751,Brooklyn,Nets,BKN,nets,201935,James,Harden,J. Harden,james-harden,G,,13,40:29,4,0,0,12,15,16,12,26,2,0,3,5,2020-21,Playoffs
0042000114,1610612751,Brooklyn,Nets,BKN,nets,204020,Tyler,Johnson,T. Johnson,tyler-johnson,,,10,16:03,0,0,0,0,5,9,5,10,0,0,4,0,2020-21,Playoffs
0042000114,1610612751,Brooklyn,Nets,BKN,nets,1629651,Nic,Claxton,N. Claxton,nic-claxton,,,33,7:59,0,0,0,0,0,4,0,0,3,0,1,0,2020-21,Playoffs
0042000114,1610612751,Brooklyn,Nets,BKN,nets,1629013,Landry,Shamet,L. Shamet,landry-shamet,,,20,13:14,0,0,0,2,5,8,2,8,0,1,2,0,2020-21,Playoffs
0042000114,1610612751,Brooklyn,Nets,BKN,nets,1628971,Bruce,Brown,B. Brown,bruce-brown,,,1,23:42,0,0,0,12,8,10,5,18,1,1,5,1,2020-21,Playoffs
0042000114,1610612751,Brooklyn,Nets,BKN,nets,1628455,Mike,James,A. James,mike-james,,,55,0:56,0,0,0,0,0,0,0,0,0,0,0,0,2020-21,Playoffs
0042000114,1610612751,Brooklyn,Nets,BKN,nets,1629185,Chris,Chiozza,C. Chiozza,chris-chiozza,,,4,0:53,0,0,0,0,0,0,0,0,0,0,0,0,2020-21,Playoffs
0042000114,1610612751,Brooklyn,Nets,BKN,nets,1627789,Timothe,Luwawu-Cabarrot,T. Luwawu-Cabarrot,timothe-luwawu-cabarrot,,,9,0:53,0,0,0,0,0,0,0,0,0,0,0,0,2020-21,Playoffs
0042000114,1610612751,Brooklyn,Nets,BKN,nets,1628993,Alize,Johnson,A. Johnson,alize-johnson,,DNP - Injury/Illness,24,,0,0,0,0,0,0,0,0,0,0,0,0,2020-21,Playoffs
0042000114,1610612751,Brooklyn,Nets,BKN,nets,201599,DeAndre,Jordan,D. Jordan,deandre-jordan,,DNP - Coach's Decision,6,,0,0,0,0,0,0,0,0,0,0,0,0,2020-21,Playoffs
0042000114,1610612751,Brooklyn,Nets,BKN,nets,1629617,Reggie,Perry,R. Perry,reggie-perry,,DNP - Coach's Decision,0,,0,0,0,0,0,0,0,0,0,0,0,0,2020-21,Playoffs
0042000114,1610612738,Boston,Celtics,BOS,celtics,203095,Evan,Fournier,E. Fournier,evan-fournier,F,,94,27:53,0,0,0,4,10,10,7,30,0,1,3,3,2020-21,Playoffs
0042000114,1610612738,Boston,Celtics,BOS,celtics,1628369,Jayson,Tatum,J. Tatum,jayson-tatum,F,,0,40:24,7,0,5,10,16,12,9,36,2,4,3,10,2020-21,Playoffs
0042000114,1610612738,Boston,Celtics,BOS,celtics,202684,Tristan,Thompson,T. Thompson,tristan-thompson,C,,13,22:30,0,3,2,4,11,10,9,24,0,2,4,1,2020-21,Playoffs
0042000114,1610612738,Boston,Celtics,BOS,celtics,1629641,Romeo,Langford,R. Langford,romeo-langford,G,,45,25:47,3,2,3,2,9,10,6,26,0,1,0,2,2020-21,Playoffs
0042000114,1610612738,Boston,Celtics,BOS,celtics,203935,Marcus,Smart,M. Smart,marcus-smart,G,,36,33:36,0,0,0,2,11,15,9,36,0,0,4,6,2020-21,Playoffs
0042000114,1610612738,Boston,Celtics,BOS,celtics,1630202,Payton,Pritchard,P. Pritchard,payton-pritchard,,,11,23:40,2,3,2,4,7,5,3,16,0,0,0,0,2020-21,Playoffs
0042000114,1610612738,Boston,Celtics,BOS,celtics,1630174,Aaron,Nesmith,A. Nesmith,aaron-nesmith,,,26,19:07,3,3,0,0,7,5,0,12,0,0,3,0,2020-21,Playoffs
0042000114,1610612738,Boston,Celtics,BOS,celtics,1629684,Grant,Williams,G. Williams,grant-williams,,,12,20:49,0,0,0,0,10,3,2,16,1,0,1,3,2020-21,Playoffs
0042000114,1610612738,Boston,Celtics,BOS,celtics,203953,Jabari,Parker,J. Parker,jabari-parker,,,20,17:14,0,6,0,6,5,5,0,10,1,0,3,1,2020-21,Playoffs
0042000114,1610612738,Boston,Celtics,BOS,celtics,1628400,Semi,Ojeleye,S. Ojeleye,semi-ojeleye,,,37,5:16,0,1,0,0,4,0,0,4,0,1,0,1,2020-21,Playoffs
0042000114,1610612738,Boston,Celtics,BOS,celtics,1629682,Tremont,Waters,T. Waters,tremont-waters,,,51,0:56,0,0,0,0,0,0,0,0,0,0,0,1,2020-21,Playoffs
0042000114,1610612738,Boston,Celtics,BOS,celtics,1628436,Luke,Kornet,L. Kornet,luke-kornet,,,40,0:56,0,0,0,0,0,0,0,0,0,0,0,0,2020-21,Playoffs
0042000114,1610612738,Boston,Celtics,BOS,celtics,1629605,Tacko,Fall,T. Fall,tacko-fall,,,99,0:56,0,0,0,0,0,0,0,0,0,0,0,0,2020-21,Playoffs
0042000114,1610612738,Boston,Celtics,BOS,celtics,1629035,Carsen,Edwards,C. Edwards,carsen-edwards,,,4,0:56,0,0,0,0,0,0,0,0,0,0,0,0,2020-21,Playoffs
0042000115,1610612738,Boston,Celtics,BOS,celtics,203095,Evan,Fournier,E. Fournier,evan-fournier,F,,94,35:59,0,2,0,10,11,9,13,40,0,1,5,2,2020-21,Playoffs
0042000115,1610612738,Boston,Celtics,BOS,celtics,1628369,Jayson,Tatum,J. Tatum,jayson-tatum,F,,0,41:20,0,0,0,14,13,14,15,46,2,1,2,4,2020-21,Playoffs
0042000115,1610612738,Boston,Celtics,BOS,celtics,202684,Tristan,Thompson,T. Thompson,tristan-thompson,C,,13,29:50,0,2,0,2,7,7,11,40,4,1,3,6,2020-21,Playoffs
0042000115,1610612738,Boston,Celtics,BOS,celtics,1629641,Romeo,Langford,R. Langford,romeo-langford,G,,45,37:40,2,3,7,8,4,7,8,38,2,0,1,1,2020-21,Playoffs
0042000115,1610612738,Boston,Celtics,BOS,celtics,203935,Marcus,Smart,M. Smart,marcus-smart,G,,36,38:58,5,5,0,8,13,11,15,48,1,3,3,5,2020-21,Playoffs
0042000115,1610612738,Boston,Celtics,BOS,celtics,1630174,Aaron,Nesmith,A. Nesmith,aaron-nesmith,,,26,11:41,0,0,0,0,6,7,6,12,0,1,1,0,2020-21,Playoffs
0042000115,1610612738,Boston,Celtics,BOS,celtics,1629684,Grant,Williams,G. Williams,grant-williams,,,12,12:10,0,3,0,2,4,7,6,10,2,0,3,1,2020-21,Playoffs
0042000115,1610612738,Boston,Celtics,BOS,celtics,1630202,Payton,Pritchard,P. Pritchard,payton-pritchard,,,11,18:22,0,0,0,0,5,8,9,18,0,0,1,0,2020-21,Playoffs
0042000115,1610612738,Boston,Celtics,BOS,celtics,203953,Jabari,Parker,J. Parker,jabari-parker,,,20,13:59,4,2,2,6,2,0,2,8,1,0,2,2,2020-21,Playoffs
0042000115,1610612738,Boston,Celtics,BOS,celtics,1629035,Carsen,Edwards,C. Edwards,carsen-edwards,,DNP - Coach's Decision,4,,0,0,0,0,0,0,0,0,0,0,0,0,2020-21,Playoffs
0042000115,1610612738,Boston,Celtics,BOS,celtics,1629605,Tacko,Fall,T. Fall,tacko-fall,,DNP - Coach's Decision,99,,0,0,0,0,0,0,0,0,0,0,0,0,2020-21,Playoffs
0042000115,1610612738,Boston,Celtics,BOS,celtics,1628436,Luke,Kornet,L. Kornet,luke-kornet,,DNP - Coach's Decision,40,,0,0,0,0,0,0,0,0,0,0,0,0,2020-21,Playoffs
0042000115,1610612738,Boston,Celtics,BOS,celtics,1628400,Semi,Ojeleye,S. Ojeleye,semi-ojeleye,,DNP - Coach's Decision,37,,0,0,0,0,0,0,0,0,0,0,0,0,2020-21,Playoffs
0042000115,1610612738,Boston,Celtics,BOS,celtics,1629682,Tremont,Waters,T. Waters,tremont-waters,,DNP - Coach's Decision,51,,0,0,0,0,0,0,0,0,0,0,0,0,2020-21,Playoffs
0042000115,1610612751,Brooklyn,Nets,BKN,nets,201142,Kevin,Durant,K. Durant,kevin-durant,F,,7,37:03,0,4,2,4,9,15,3,36,3,1,3,4,2020-21,Playoffs
0042000115,1610612751,Brooklyn,Nets,BKN,nets,203925,Joe,Harris,J. Harris,joe-harris,F,,12,35:21,0,0,0,2,9,10,6,42,0,1,5,1,2020-21,Playoffs
0042000115,1610612751,Brooklyn,Nets,BKN,nets,201933,Blake,Griffin,B. Griffin,blake-griffin,C,,2,18:18,0,0,0,6,6,7,0,16,0,0,4,1,2020-21,Playoffs
0042000115,1610612751,Brooklyn,Nets,BKN,nets,202681,Kyrie,Irving,K. Irving,kyrie-irving,G,,11,37:55,7,0,11,12,9,17,3,34,1,1,1,4,2020-21,Playoffs
0042000115,1610612751,Brooklyn,Nets,BKN,nets,201935,James,Harden,J. Harden,james-harden,G,,13,39:18,0,3,0,12,5,17,5,40,2,3,4,7,2020-21,Playoffs
0042000115,1610612751,Brooklyn,Nets,BKN,nets,204020,Tyler,Johnson,T. Johnson,tyler-johnson,,,10,10:58,0,3,0,0,2,3,6,14,0,0,1,0,2020-21,Playoffs
0042000115,1610612751,Brooklyn,Nets,BKN,nets,1629013,Landry,Shamet,L. Shamet,landry-shamet,,,20,22:16,0,0,2,2,2,7,9,24,0,3,1,0,2020-21,Playoffs
0042000115,1610612751,Brooklyn,Nets,BKN,nets,1629651,Nic,Claxton,N. Claxton,nic-claxton,,,33,12:04,2,0,0,6,2,2,6,18,1,1,1,3,2020-21,Playoffs
0042000115,1610612751,Brooklyn,Nets,BKN,nets,1628971,Bruce,Brown,B. Brown,bruce-brown,,,1,23:52,4,4,2,8,11,7,7,26,0,1,1,1,2020-21,Playoffs
0042000115,1610612751,Brooklyn,Nets,BKN,nets,1627789,Timothe,Luwawu-Cabarrot,T. Luwawu-Cabarrot,timothe-luwawu-cabarrot,,,9,0:58,0,0,0,0,0,0,0,0,0,0,0,0,2020-21,Playoffs
0042000115,1610612751,Brooklyn,Nets,BKN,nets,1628455,Mike,James,A. James,mike-james,,,55,0:58,0,0,0,0,0,0,0,0,0,1,0,0,2020-21,Playoffs
0042000115,1610612751,Brooklyn,Nets,BKN,nets,1629185,Chris,Chiozza,C. Chiozza,chris-chiozza,,,4,0:58,0,0,0,0,0,0,0,0,0,0,0,0,2020-21,Playoffs
0042000115,1610612751,Brooklyn,Nets,BKN,nets,1628993,Alize,Johnson,A. Johnson,alize-johnson,,DND - Injury/Illness,24,,0,0,0,0,0,0,0,0,0,0,0,0,2020-21,Playoffs
0042000115,1610612751,Brooklyn,Nets,BKN,nets,201599,DeAndre,Jordan,D. Jordan,deandre-jordan,,DNP - Coach's Decision,6,,0,0,0,0,0,0,0,0,0,0,0,0,2020-21,Playoffs
0042000115,1610612751,Brooklyn,Nets,BKN,nets,1629617,Reggie,Perry,R. Perry,reggie-perry,,DNP - Coach's Decision,0,,0,0,0,0,0,0,0,0,0,0,0,0,2020-21,Playoffs
0042000121,1610612748,Miami,Heat,MIA,heat,202710,Jimmy,Butler III,J. Butler III,jimmy-butler-iii,F,,22,45:40,4,1,2,4,13,15,12,48,1,0,2,7,2020-21,Playoffs
0042000121,1610612748,Miami,Heat,MIA,heat,2772,Trevor,Ariza,T. Ariza,trevor-ariza,F,,8,38:19,2,0,0,2,13,13,12,40,1,0,4,1,2020-21,Playoffs
0042000121,1610612748,Miami,Heat,MIA,heat,1628389,Bam,Adebayo,B. Adebayo,bam-adebayo,C,,13,40:36,3,0,0,8,13,15,10,40,0,0,5,3,2020-21,Playoffs
0042000121,1610612748,Miami,Heat,MIA,heat,1629130,Duncan,Robinson,D. Robinson,duncan-robinson,G,,55,36:05,3,0,0,0,13,12,12,38,0,0,3,2,2020-21,Playoffs
0042000121,1610612748,Miami,Heat,MIA,heat,1629134,Kendrick,Nunn,K. Nunn,kendrick-nunn,G,,25,22:41,2,0,0,4,8,9,6,24,0,0,1,1,2020-21,Playoffs
0042000121,1610612748,Miami,Heat,MIA,heat,203473,Dewayne,Dedmon,D. Dedmon,dewayne-dedmon,,,21,12:24,0,2,0,2,2,4,2,16,0,0,2,1,2020-21,Playoffs
0042000121,1610612748,Miami,Heat,MIA,heat,201609,Goran,Dragic,G. Dragic,goran-dragic,,,7,34:39,3,3,0,2,9,14,4,36,0,0,3,1,2020-21,Playoffs
0042000121,1610612748,Miami,Heat,MIA,heat,1629639,Tyler,Herro,T. Herro,tyler-herro,,,14,19:10,0,0,0,0,2,6,2,22,1,1,0,2,2020-21,Playoffs
0042000121,1610612748,Miami,Heat,MIA,heat,2738,Andre,Iguodala,A. Iguodala,andre-iguodala,,,28,15:26,0,2,0,2,2,7,0,16,0,0,3,0,2020-21,Playoffs
0042000121,1610612748,Miami,Heat,MIA,heat,1630173,Precious,Achiuwa,P. Achiuwa,precious-achiuwa,,DNP - Coach's Decision,5,,0,0,0,0,0,0,0,0,0,0,0,0,2020-21,Playoffs
0042000121,1610612748,Miami,Heat,MIA,heat,202357,Nemanja,Bjelica,N. Bjelica,nemanja-bjelica,,DNP - Coach's Decision,70,,0,0,0,0,0,0,0,0,0,0,0,0,2020-21,Playoffs
0042000121,1610612748,Miami,Heat,MIA,heat,2617,Udonis,Haslem,U. Haslem,udonis-haslem,,DNP - Coach's Decision,40,,0,0,0,0,0,0,0,0,0,0,0,0,2020-21,Playoffs
0042000121,1610612748,Miami,Heat,MIA,heat,1629644,KZ,Okpala,K. Okpala,kz-okpala,,DNP - Coach's Decision,11,,0,0,0,0,0,0,0,0,0,0,0,0,2020-21,Playoffs
0042000121,1610612748,Miami,Heat,MIA,heat,1629622,Max,Strus,M. Strus,max-strus,,DNP - Coach's Decision,31,,0,0,0,0,0,0,0,0,0,0,0,0,2020-21,Playoffs
0042000121,1610612748,Miami,Heat,MIA,heat,1629216,Gabe,Vincent,G. Vincent,gabe-vincent,,DNP - Coach's Decision,2,,0,0,0,0,0,0,0,0,0,0,0,0,2020-21,Playoffs
0042000121,1610612749,Milwaukee,Bucks,MIL,bucks,203114,Khris,Middleton,K. Middleton,khris-middleton,F,,22,44:38,2,3,0,2,13,6,2,22,0,0,3,4,2020-21,Playoffs
0042000121,1610612749,Milwaukee,Bucks,MIL,bucks,203507,Giannis,Antetokounmpo,G. Antetokounmpo,giannis-antetokounmpo,F,,34,45:27,5,8,6,20,14,6,2,20,0,2,4,8,2020-21,Playoffs
0042000121,1610612749,Milwaukee,Bucks,MIL,bucks,201572,Brook,Lopez,B. Lopez,brook-lopez,C,,11,36:07,2,6,0,8,9,4,2,16,0,0,5,4,2020-21,Playoffs
0042000121,1610612749,Milwaukee,Bucks,MIL,bucks,1628978,Donte,DiVincenzo,D. DiVincenzo,donte-divincenzo,G,,0,37:28,0,0,0,0,14,3,2,18,1,1,1,1,2020-21,Playoffs
0042000121,1610612749,Milwaukee,Bucks,MIL,bucks,201950,Jrue,Holiday,J. Holiday,jrue-holiday,G,,21,42:18,4,0,6,16,15,8,2,18,0,0,0,3,2020-21,Playoffs
0042000121,1610612749,Milwaukee,Bucks,MIL,bucks,1627854,Bryn,Forbes,B. Forbes,bryn-forbes,,,7,14:05,0,0,0,4,0,4,0,10,0,0,0,1,2020-21,Playoffs
0042000121,1610612749,Milwaukee,Bucks,MIL,bucks,200782,P.J.,Tucker,P. Tucker,pj-tucker,,,17,17:56,0,0,0,0,7,3,0,4,0,0,3,0,2020-21,Playoffs
0042000121,1610612749,Milwaukee,Bucks,MIL,bucks,1626171,Bobby,Portis,B. Portis,bobby-portis,,,9,16:53,2,0,0,4,8,4,0,8,0,0,1,2,2020-21,Playoffs
0042000121,1610612749,Milwaukee,Bucks,MIL,bucks,1626192,Pat,Connaughton,P. Connaughton,pat-connaughton,,,24,10:08,0,2,0,2,5,2,0,4,0,0,1,0,2020-21,Playoffs
0042000121,1610612749,Milwaukee,Bucks,MIL,bucks,1629091,Elijah,Bryant,E. Bryant,elijah-bryant,,DNP - Coach's Decision,3,,0,0,0,0,0,0,0,0,0,0,0,0,2020-21,Playoffs
0042000121,1610612749,Milwaukee,Bucks,MIL,bucks,1629603,Mamadi,Diakite,M. Diakite,mamadi-diakite,,DNP - Coach's Decision,25,,0,0,0,0,0,0,0,0,0,0,0,0,2020-21,Playoffs
0042000121,1610612749,Milwaukee,Bucks,MIL,bucks,1630241,Sam,Merrill,S. Merrill,sam-merrill,,DNP - Coach's Decision,15,,0,0,0,0,0,0,0,0,0,0,0,0,2020-21,Playoffs
0042000121,1610612749,Milwaukee,Bucks,MIL,bucks,1629670,Jordan,Nwora,J. Nwora,jordan-nwora,,DNP - Coach's Decision,13,,0,0,0,0,0,0,0,0,0,0,0,0,2020-21,Playoffs
0042000121,1610612749,Milwaukee,Bucks,MIL,bucks,201952,Jeff,Teague,J. Teague,jeff-teague,,DNP - Coach's Decision,5,,0,0,0,0,0,0,0,0,0,0,0,0,2020-21,Playoffs
0042000121,1610612749,Milwaukee,Bucks,MIL,bucks,1626253,Axel,Toupane,A. Toupane,axel-toupane,,DNP - Coach's Decision,66,,0,0,0,0,0,0,0,0,0,0,0,0,2020-21,Playoffs
0042000122,1610612748,Miami,Heat,MIA,heat,202710,Jimmy,Butler III,J. Butler III,jimmy-butler-iii,F,,22,31:50,1,2,2,8,4,14,18,32,0,2,1,3,2020-21,Playoffs
0042000122,1610612748,Miami,Heat,MIA,heat,2772,Trevor,Ariza,T. Ariza,trevor-ariza,F,,8,18:54,0,0,0,0,4,4,15,22,0,0,3,1,2020-21,Playoffs
0042000122,1610612748,Miami,Heat,MIA,heat,1628389,Bam,Adebayo,B. Adebayo,bam-adebayo,C,,13,28:38,7,0,0,8,4,11,9,32,0,0,1,6,2020-21,Playoffs
0042000122,1610612748,Miami,Heat,MIA,heat,1629130,Duncan,Robinson,D. Robinson,duncan-robinson,G,,55,23:26,2,3,0,0,4,6,15,28,0,0,1,2,2020-21,Playoffs
0042000122,1610612748,Miami,Heat,MIA,heat,1629134,Kendrick,Nunn,K. Nunn,kendrick-nunn,G,,25,25:21,4,0,0,4,6,13,11,32,0,0,1,0,2020-21,Playoffs
0042000122,1610612748,Miami,Heat,MIA,heat,203473,Dewayne,Dedmon,D. Dedmon,dewayne-dedmon,,,21,20:50,2,8,2,14,9,14,14,18,0,1,4,3,2020-21,Playoffs
0042000122,1610612748,Miami,Heat,MIA,heat,201609,Goran,Dragic,G. Dragic,goran-dragic,,,7,24:02,6,4,2,6,10,8,15,18,0,0,0,6,2020-21,Playoffs
0042000122,1610612748,Miami,Heat,MIA,heat,1629639,Tyler,Herro,T. Herro,tyler-herro,,,14,17:35,0,3,0,0,9,7,8,10,0,0,0,1,2020-21,Playoffs
0042000122,1610612748,Miami,Heat,MIA,heat,2738,Andre,Iguodala,A. Iguodala,andre-iguodala,,,28,13:43,0,0,0,2,7,7,6,12,1,0,1,0,2020-21,Playoffs
0042000122,1610612748,Miami,Heat,MIA,heat,202357,Nemanja,Bjelica,N. Bjelica,nemanja-bjelica,,,70,12:00,0,0,1,0,6,9,4,8,1,1,1,1,2020-21,Playoffs
0042000122,1610612748,Miami,Heat,MIA,heat,1629216,Gabe,Vincent,G. Vincent,gabe-vincent,,,2,7:28,0,0,0,0,2,7,4,6,0,0,0,0,2020-21,Playoffs
0042000122,1610612748,Miami,Heat,MIA,heat,1630173,Precious,Achiuwa,P. Achiuwa,precious-achiuwa,,,5,6:55,0,0,2,2,0,5,2,4,0,1,0,2,2020-21,Playoffs
0042000122,1610612748,Miami,Heat,MIA,heat,1629644,KZ,Okpala,K. Okpala,kz-okpala,,,11,4:39,0,0,0,0,0,5,2,4,0,0,0,0,2020-21,Playoffs
0042000122,1610612748,Miami,Heat,MIA,heat,1629622,Max,Strus,M. Strus,max-strus,,,31,4:39,0,0,0,0,0,5,2,4,0,0,0,0,2020-21,Playoffs
0042000122,1610612748,Miami,Heat,MIA,heat,2617,Udonis,Haslem,U. Haslem,udonis-haslem,,DNP - Coach's Decision,40,,0,0,0,0,0,0,0,0,0,0,0,0,2020-21,Playoffs
0042000122,1610612749,Milwaukee,Bucks,MIL,bucks,203114,Khris,Middleton,K. Middleton,khris-middleton,F,,22,24:01,0,0,0,2,14,6,4,26,0,0,4,3,2020-21,Playoffs
0042000122,1610612749,Milwaukee,Bucks,MIL,bucks,203507,Giannis,Antetokounmpo,G. Antetokounmpo,giannis-antetokounmpo,F,,34,30:53,5,6,3,22,14,12,6,30,1,0,2,5,2020-21,Playoffs
0042000122,1610612749,Milwaukee,Bucks,MIL,bucks,201572,Brook,Lopez,B. Lopez,brook-lopez,C,,11,23:06,0,0,0,4,14,11,4,20,1,0,2,3,2020-21,Playoffs
0042000122,1610612749,Milwaukee,Bucks,MIL,bucks,1628978,Donte,DiVincenzo,D. DiVincenzo,donte-divincenzo,G,,0,22:55,0,2,3,2,10,7,4,22,0,0,3,1,2020-21,Playoffs
0042000122,1610612749,Milwaukee,Bucks,MIL,bucks,201950,Jrue,Holiday,J. Holiday,jrue-holiday,G,,21,30:39,5,2,5,8,16,13,4,30,0,0,2,0,2020-21,Playoffs
0042000122,1610612749,Milwaukee,Bucks,MIL,bucks,1627854,Bryn,Forbes,B. Forbes,bryn-forbes,,,7,19:56,3,0,12,2,13,18,0,22,0,0,3,0,2020-21,Playoffs
0042000122,1610612749,Milwaukee,Bucks,MIL,bucks,200782,P.J.,Tucker,P. Tucker,pj-tucker,,,17,17:28,0,0,0,0,10,13,2,16,0,0,3,0,2020-21,Playoffs
0042000122,1610612749,Milwaukee,Bucks,MIL,bucks,1626171,Bobby,Portis,B. Portis,bobby-portis,,,9,17:59,0,5,0,2,8,9,2,22,1,1,2,1,2020-21,Playoffs
0042000122,1610612749,Milwaukee,Bucks,MIL,bucks,1626192,Pat,Connaughton,P. Connaughton,pat-connaughton,,,24,19:24,0,3,0,0,11,11,4,22,0,0,1,0,2020-21,Playoffs
0042000122,1610612749,Milwaukee,Bucks,MIL,bucks,1629670,Jordan,Nwora,J. Nwora,jordan-nwora,,,13,8:14,0,2,0,2,0,0,3,2,1,1,0,0,2020-21,Playoffs
0042000122,1610612749,Milwaukee,Bucks,MIL,bucks,1629091,Elijah,Bryant,E. Bryant,elijah-bryant,,,3,6:55,0,0,0,0,0,0,3,2,0,0,0,0,2020-21,Playoffs
0042000122,1610612749,Milwaukee,Bucks,MIL,bucks,1630241,Sam,Merrill,S. Merrill,sam-merrill,,,15,6:55,0,3,0,0,0,0,3,2,0,0,1,0,2020-21,Playoffs
0042000122,1610612749,Milwaukee,Bucks,MIL,bucks,1629603,Mamadi,Diakite,M. Diakite,mamadi-diakite,,,25,6:55,0,0,0,0,0,0,3,2,1,0,2,0,2020-21,Playoffs
0042000122,1610612749,Milwaukee,Bucks,MIL,bucks,1626253,Axel,Toupane,A. Toupane,axel-toupane,,,66,4:39,0,0,2,2,0,0,3,2,0,0,0,0,2020-21,Playoffs
0042000122,1610612749,Milwaukee,Bucks,MIL,bucks,201952,Jeff,Teague,J. Teague,jeff-teague,,DNP - Coach's Decision,5,,0,0,0,0,0,0,0,0,0,0,0,0,2020-21,Playoffs
0042000123,1610612749,Milwaukee,Bucks,MIL,bucks,203114,Khris,Middleton,K. Middleton,khris-middleton,F,,22,33:47,0,0,0,4,11,9,6,22,0,0,2,6,2020-21,Playoffs
0042000123,1610612749,Milwaukee,Bucks,MIL,bucks,203507,Giannis,Antetokounmpo,G. Antetokounmpo,giannis-antetokounmpo,F,,34,32:35,4,2,0,8,6,7,6,24,0,2,3,7,2020-21,Playoffs
0042000123,1610612749,Milwaukee,Bucks,MIL,bucks,201572,Brook,Lopez,B. Lopez,brook-lopez,C,,11,26:40,0,0,0,8,7,7,6,16,2,0,3,2,2020-21,Playoffs
0042000123,1610612749,Milwaukee,Bucks,MIL,bucks,1628978,Donte,DiVincenzo,D. DiVincenzo,donte-divincenzo,G,,0,9:23,0,0,0,0,2,0,4,4,0,1,0,2,2020-21,Playoffs
0042000123,1610612749,Milwaukee,Bucks,MIL,bucks,201950,Jrue,Holiday,J. Holiday,jrue-holiday,G,,21,33:36,2,0,0,4,7,4,4,26,0,0,2,4,2020-21,Playoffs
0042000123,1610612749,Milwaukee,Bucks,MIL,bucks,1627854,Bryn,Forbes,B. Forbes,bryn-forbes,,,7,20:28,0,0,3,2,6,4,2,18,0,0,1,2,2020-21,Playoffs
0042000123,1610612749,Milwaukee,Bucks,MIL,bucks,1626171,Bobby,Portis,B. Portis,bobby-portis,,,9,17:07,4,2,0,4,4,2,0,16,0,0,2,0,2020-21,Playoffs
0042000123,1610612749,Milwaukee,Bucks,MIL,bucks,200782,P.J.,Tucker,P. Tucker,pj-tucker,,,17,23:08,0,0,0,2,5,5,0,16,0,0,4,1,2020-21,Playoffs
0042000123,1610612749,Milwaukee,Bucks,MIL,bucks,1626192,Pat,Connaughton,P. Connaughton,pat-connaughton,,,24,17:50,0,3,3,0,7,4,2,14,0,0,0,0,2020-21,Playoffs
0042000123,1610612749,Milwaukee,Bucks,MIL,bucks,201952,Jeff,Teague,J. Teague,jeff-teague,,,5,5:26,0,0,0,0,0,3,0,6,0,1,1,0,2020-21,Playoffs
0042000123,1610612749,Milwaukee,Bucks,MIL,bucks,1629670,Jordan,Nwora,J. Nwora,jordan-nwora,,,13,5:08,0,0,0,0,0,0,2,8,0,1,1,0,2020-21,Playoffs
0042000123,1610612749,Milwaukee,Bucks,MIL,bucks,1629091,Elijah,Bryant,E. Bryant,elijah-bryant,,,3,4:13,4,2,2,4,0,0,2,6,0,0,0,0,2020-21,Playoffs
0042000123,1610612749,Milwaukee,Bucks,MIL,bucks,1630241,Sam,Merrill,S. Merrill,sam-merrill,,,15,4:13,0,0,0,0,0,0,2,6,0,0,0,1,2020-21,Playoffs
0042000123,1610612749,Milwaukee,Bucks,MIL,bucks,1629603,Mamadi,Diakite,M. Diakite,mamadi-diakite,,,25,4:13,2,0,0,0,0,0,2,6,0,1,0,1,2020-21,Playoffs
0042000123,1610612749,Milwaukee,Bucks,MIL,bucks,1626253,Axel,Toupane,A. Toupane,axel-toupane,,,66,2:13,0,0,0,0,0,0,2,2,0,0,0,0,2020-21,Playoffs
0042000123,1610612748,Miami,Heat,MIA,heat,202710,Jimmy,Butler III,J. Butler III,jimmy-butler-iii,F,,22,38:21,2,0,4,4,10,4,6,30,0,0,3,6,2020-21,Playoffs
0042000123,1610612748,Miami,Heat,MIA,heat,2772,Trevor,Ariza,T. Ariza,trevor-ariza,F,,8,18:28,0,0,0,0,1,2,3,12,0,1,1,1,2020-21,Playoffs
0042000123,1610612748,Miami,Heat,MIA,heat,1628389,Bam,Adebayo,B. Adebayo,bam-adebayo,C,,13,31:32,0,2,2,14,5,4,3,26,1,0,2,3,2020-21,Playoffs
0042000123,1610612748,Miami,Heat,MIA,heat,1629130,Duncan,Robinson,D. Robinson,duncan-robinson,G,,55,24:20,0,0,0,2,6,2,3,24,0,1,5,1,2020-21,Playoffs
0042000123,1610612748,Miami,Heat,MIA,heat,201609,Goran,Dragic,G. Dragic,goran-dragic,G,,7,29:07,0,3,0,2,3,5,3,16,1,0,4,1,2020-21,Playoffs
0042000123,1610612748,Miami,Heat,MIA,heat,1629639,Tyler,Herro,T. Herro,tyler-herro,,,14,24:43,2,0,0,6,11,7,5,12,0,0,1,2,2020-21,Playoffs
0042000123,1610612748,Miami,Heat,MIA,heat,203473,Dewayne,Dedmon,D. Dedmon,dewayne-dedmon,,,21,12:15,2,4,0,2,5,3,3,6,1,0,1,1,2020-21,Playoffs
0042000123,1610612748,Miami,Heat,MIA,heat,2738,Andre,Iguodala,A. Iguodala,andre-iguodala,,,28,15:54,0,0,0,0,6,2,3,10,1,0,3,0,2020-21,Playoffs
0042000123,1610612748,Miami,Heat,MIA,heat,1629134,Kendrick,Nunn,K. Nunn,kendrick-nunn,,,25,17:19,2,0,0,4,8,7,2,16,0,0,1,1,2020-21,Playoffs
0042000123,1610612748,Miami,Heat,MIA,heat,202357,Nemanja,Bjelica,N. Bjelica,nemanja-bjelica,,,70,18:15,3,0,2,2,13,5,5,18,0,0,4,2,2020-21,Playoffs
0042000123,1610612748,Miami,Heat,MIA,heat,1629216,Gabe,Vincent,G. Vincent,gabe-vincent,,,2,5:33,0,0,0,0,6,2,2,6,0,0,0,1,2020-21,Playoffs
0042000123,1610612748,Miami,Heat,MIA,heat,1630173,Precious,Achiuwa,P. Achiuwa,precious-achiuwa,,,5,4:13,0,0,0,2,6,2,2,4,2,0,1,0,2020-21,Playoffs
0042000123,1610612748,Miami,Heat,MIA,heat,2617,Udonis,Haslem,U. Haslem,udonis-haslem,,DNP - Coach's Decision,40,,0,0,0,0,0,0,0,0,0,0,0,0,2020-21,Playoffs
0042000123,1610612748,Miami,Heat,MIA,heat,1629644,KZ,Okpala,K. Okpala,kz-okpala,,DNP - Coach's Decision,11,,0,0,0,0,0,0,0,0,0,0,0,0,2020-21,Playoffs
0042000123,1610612748,Miami,Heat,MIA,heat,1629622,Max,Strus,M. Strus,max-strus,,DNP - Coach's Decision,31,,0,0,0,0,0,0,0,0,0,0,0,0,2020-21,Playoffs
0042000124,1610612749,Milwaukee,Bucks,MIL,bucks,203114,Khris,Middleton,K. Middleton,khris-middleton,F,,22,36:57,0,2,5,6,11,5,13,26,0,1,3,6,2020-21,Playoffs
0042000124,1610612749,Milwaukee,Bucks,MIL,bucks,203507,Giannis,Antetokounmpo,G. Antetokounmpo,giannis-antetokounmpo,F,,34,36:09,4,2,0,12,6,5,9,34,2,0,4,5,2020-21,Playoffs
0042000124,1610612749,Milwaukee,Bucks,MIL,bucks,201572,Brook,Lopez,B. Lopez,brook-lopez,C,,11,27:57,2,7,2,20,9,5,10,22,2,0,3,4,2020-21,Playoffs
0042000124,1610612749,Milwaukee,Bucks,MIL,bucks,1626192,Pat,Connaughton,P. Connaughton,pat-connaughton,G,,24,21:30,0,2,0,2,9,5,9,18,0,0,1,0,2020-21,Playoffs
0042000124,1610612749,Milwaukee,Bucks,MIL,bucks,201950,Jrue,Holiday,J. Holiday,jrue-holiday,G,,21,38:11,2,2,4,4,9,7,10,30,0,1,1,2,2020-21,Playoffs
0042000124,1610612749,Milwaukee,Bucks,MIL,bucks,1627854,Bryn,Forbes,B. Forbes,bryn-forbes,,,7,25:26,0,4,0,0,6,4,10,24,0,0,1,1,2020-21,Playoffs
0042000124,1610612749,Milwaukee,Bucks,MIL,bucks,1626171,Bobby,Portis,B. Portis,bobby-portis,,,9,18:55,0,3,0,2,4,2,6,18,0,1,1,0,2020-21,Playoffs
0042000124,1610612749,Milwaukee,Bucks,MIL,bucks,200782,P.J.,Tucker,P. Tucker,pj-tucker,,,17,24:18,0,2,0,4,9,2,10,24,0,0,3,2,2020-21,Playoffs
0042000124,1610612749,Milwaukee,Bucks,MIL,bucks,201952,Jeff,Teague,J. Teague,jeff-teague,,,5,4:58,0,0,0,0,2,0,3,4,0,0,1,0,2020-21,Playoffs
0042000124,1610612749,Milwaukee,Bucks,MIL,bucks,1630241,Sam,Merrill,S. Merrill,sam-merrill,,,15,1:08,0,0,0,0,0,0,0,2,0,0,0,0,2020-21,Playoffs
0042000124,1610612749,Milwaukee,Bucks,MIL,bucks,1628382,Justin,Jackson,J. Jackson,justin-jackson,,,44,1:08,0,0,0,0,0,0,0,2,0,0,0,0,2020-21,Playoffs
0042000124,1610612749,Milwaukee,Bucks,MIL,bucks,1626253,Axel,Toupane,A. Toupane,axel-toupane,,,66,1:08,0,0,0,0,0,0,0,2,0,0,0,0,2020-21,Playoffs
0042000124,1610612749,Milwaukee,Bucks,MIL,bucks,1629091,Elijah,Bryant,E. Bryant,elijah-bryant,,,3,1:08,0,0,0,0,0,0,0,2,0,0,0,0,2020-21,Playoffs
0042000124,1610612749,Milwaukee,Bucks,MIL,bucks,1629603,Mamadi,Diakite,M. Diakite,mamadi-diakite,,,25,1:08,0,0,0,0,0,0,0,2,0,0,0,0,2020-21,Playoffs
0042000124,1610612749,Milwaukee,Bucks,MIL,bucks,1629670,Jordan,Nwora,J. Nwora,jordan-nwora,,DNP - Coach's Decision,13,,0,0,0,0,0,0,0,0,0,0,0,0,2020-21,Playoffs
0042000124,1610612748,Miami,Heat,MIA,heat,202710,Jimmy,Butler III,J. Butler III,jimmy-butler-iii,F,,22,38:18,0,2,0,4,8,22,11,40,0,1,0,5,2020-21,Playoffs
0042000124,1610612748,Miami,Heat,MIA,heat,2772,Trevor,Ariza,T. Ariza,trevor-ariza,F,,8,20:20,0,3,0,2,4,16,9,24,0,0,3,1,2020-21,Playoffs
0042000124,1610612748,Miami,Heat,MIA,heat,1628389,Bam,Adebayo,B. Adebayo,bam-adebayo,C,,13,35:05,0,2,0,16,8,17,11,42,1,0,3,1,2020-21,Playoffs
0042000124,1610612748,Miami,Heat,MIA,heat,1629130,Duncan,Robinson,D. Robinson,duncan-robinson,G,,55,15:48,0,0,0,0,2,10,2,16,0,0,4,1,2020-21,Playoffs
0042000124,1610612748,Miami,Heat,MIA,heat,201609,Goran,Dragic,G. Dragic,goran-dragic,G,,7,28:56,2,0,6,6,6,11,9,32,1,2,4,5,2020-21,Playoffs
0042000124,1610612748,Miami,Heat,MIA,heat,1629639,Tyler,Herro,T. Herro,tyler-herro,,,14,31:21,2,0,5,4,4,15,9,32,0,0,1,3,2020-21,Playoffs
0042000124,1610612748,Miami,Heat,MIA,heat,203473,Dewayne,Dedmon,D. Dedmon,dewayne-dedmon,,,21,11:47,0,0,0,0,0,7,0,8,1,1,3,0,2020-21,Playoffs
0042000124,1610612748,Miami,Heat,MIA,heat,1629134,Kendrick,Nunn,K. Nunn,kendrick-nunn,,,25,27:49,6,0,2,6,4,14,2,30,0,0,1,2,2020-21,Playoffs
0042000124,1610612748,Miami,Heat,MIA,heat,2738,Andre,Iguodala,A. Iguodala,andre-iguodala,,,28,26:04,3,0,3,2,4,8,2,26,0,0,1,0,2020-21,Playoffs
0042000124,1610612748,Miami,Heat,MIA,heat,1629216,Gabe,Vincent,G. Vincent,gabe-vincent,,,2,1:08,0,0,0,0,0,0,0,0,0,0,0,0,2020-21,Playoffs
0042000124,1610612748,Miami,Heat,MIA,heat,1629644,KZ,Okpala,K. Okpala,kz-okpala,,,11,1:08,0,0,0,0,0,0,0,0,0,0,0,0,2020-21,Playoffs
0042000124,1610612748,Miami,Heat,MIA,heat,1629622,Max,Strus,M. Strus,max-strus,,,31,1:08,0,0,0,0,0,0,0,0,0,0,0,0,2020-21,Playoffs
0042000124,1610612748,Miami,Heat,MIA,heat,1630173,Precious,Achiuwa,P. Achiuwa,precious-achiuwa,,,5,1:08,0,0,0,2,0,0,0,0,0,0,0,0,2020-21,Playoffs
0042000124,1610612748,Miami,Heat,MIA,heat,202357,Nemanja,Bjelica,N. Bjelica,nemanja-bjelica,,DNP - Coach's Decision,70,,0,0,0,0,0,0,0,0,0,0,0,0,2020-21,Playoffs
0042000124,1610612748,Miami,Heat,MIA,heat,2617,Udonis,Haslem,U. Haslem,udonis-haslem,,DNP - Coach's Decision,40,,0,0,0,0,0,0,0,0,0,0,0,0,2020-21,Playoffs
0042000131,1610612737,Atlanta,Hawks,ATL,hawks,1628381,John,Collins,J. Collins,john-collins,F,,20,35:14,2,5,0,6,4,14,7,36,2,1,1,3,2020-21,Playoffs
0042000131,1610612737,Atlanta,Hawks,ATL,hawks,1629631,De'Andre,Hunter,D. Hunter,deandre-hunter,F,,12,22:16,0,0,0,0,2,6,7,22,0,0,1,3,2020-21,Playoffs
0042000131,1610612737,Atlanta,Hawks,ATL,hawks,203991,Clint,Capela,C. Capela,clint-capela,C,,15,34:34,0,3,2,8,2,10,7,32,2,1,0,1,2020-21,Playoffs
0042000131,1610612737,Atlanta,Hawks,ATL,hawks,203992,Bogdan,Bogdanović,B. Bogdanović,bogdan-bogdanović,G,,13,33:35,2,2,2,4,4,10,7,30,0,0,4,0,2020-21,Playoffs
0042000131,1610612737,Atlanta,Hawks,ATL,hawks,1629027,Trae,Young,T. Young,trae-young,G,,11,35:16,0,0,0,18,2,12,7,36,0,2,0,5,2020-21,Playoffs
0042000131,1610612737,Atlanta,Hawks,ATL,hawks,201568,Danilo,Gallinari,D. Gallinari,danilo-gallinari,,,8,23:33,0,0,0,2,2,9,2,28,1,0,4,0,2020-21,Playoffs
0042000131,1610612737,Atlanta,Hawks,ATL,hawks,1628989,Kevin,Huerter,K. Huerter,kevin-huerter,,,3,27:21,0,0,0,4,2,13,2,32,2,0,1,3,2020-21,Playoffs
0042000131,1610612737,Atlanta,Hawks,ATL,hawks,203503,Tony,Snell,T. Snell,tony-snell,,,19,12:48,0,0,0,0,0,5,2,16,0,0,0,0,2020-21,Playoffs
0042000131,1610612737,Atlanta,Hawks,ATL,hawks,101150,Lou,Williams,L. Williams,lou-williams,,,6,12:43,3,0,5,8,2,5,2,14,0,0,1,1,2020-21,Playoffs
0042000131,1610612737,Atlanta,Hawks,ATL,hawks,1630168,Onyeka,Okongwu,O. Okongwu,onyeka-okongwu,,,17,2:40,0,0,0,0,0,1,2,4,0,0,1,0,2020-21,Playoffs
0042000131,1610612737,Atlanta,Hawks,ATL,hawks,1627739,Kris,Dunn,K. Dunn,kris-dunn,,DNP - Coach's Decision,32,,0,0,0,0,0,0,0,0,0,0,0,0,2020-21,Playoffs
0042000131,1610612737,Atlanta,Hawks,ATL,hawks,1628981,Bruno,Fernando,B. Fernando,bruno-fernando,,DNP - Coach's Decision,24,,0,0,0,0,0,0,0,0,0,0,0,0,2020-21,Playoffs
0042000131,1610612737,Atlanta,Hawks,ATL,hawks,203524,Solomon,Hill,S. Hill,solomon-hill,,DNP - Coach's Decision,18,,0,0,0,0,0,0,0,0,0,0,0,0,2020-21,Playoffs
0042000131,1610612737,Atlanta,Hawks,ATL,hawks,1630233,Nathan,Knight,N. Knight,nathan-knight,,DNP - Coach's Decision,1,,0,0,0,0,0,0,0,0,0,0,0,0,2020-21,Playoffs
0042000131,1610612737,Atlanta,Hawks,ATL,hawks,1630219,Skylar,Mays,S. Mays,skylar-mays,,DNP - Coach's Decision,4,,0,0,0,0,0,0,0,0,0,0,0,0,2020-21,Playoffs
0042000131,1610612752,New York,Knicks,NYK,knicks,203493,Reggie,Bullock Jr.,R. Bullock Jr.,reggie-bullock-jr,F,,25,18:31,0,2,0,2,0,5,2,24,0,0,0,0,2020-21,Playoffs
0042000131,1610612752,New York,Knicks,NYK,knicks,203944,Julius,Randle,J. Randle,julius-randle,F,,30,36:09,0,0,0,6,5,5,5,38,0,2,2,3,2020-21,Playoffs
0042000131,1610612752,New York,Knicks,NYK,knicks,203457,Nerlens,Noel,N. Noel,nerlens-noel,C,,3,23:43,0,2,0,2,4,8,4,32,2,0,3,1,2020-21,Playoffs
0042000131,1610612752,New York,Knicks,NYK,knicks,1629628,RJ,Barrett,R. Barrett,rj-barrett,G,,9,32:01,0,3,4,10,5,5,5,32,0,1,2,1,2020-21,Playoffs
0042000131,1610612752,New York,Knicks,NYK,knicks,203901,Elfrid,Payton,E. Payton,elfrid-payton,G,,6,8:01,0,0,0,0,0,1,2,8,0,0,1,0,2020-21,Playoffs
0042000131,1610612752,New York,Knicks,NYK,knicks,201565,Derrick,Rose,D. Rose,derrick-rose,,,4,37:44,0,4,2,14,7,9,7,38,1,3,1,1,2020-21,Playoffs
0042000131,1610612752,New York,Knicks,NYK,knicks,201959,Taj,Gibson,T. Gibson,taj-gibson,,,67,24:17,0,0,0,4,3,2,5,18,1,0,1,1,2020-21,Playoffs
0042000131,1610612752,New York,Knicks,NYK,knicks,202692,Alec,Burks,A. Burks,alec-burks,,,18,26:04,4,4,0,6,5,5,7,24,0,0,2,4,2020-21,Playoffs
0042000131,1610612752,New York,Knicks,NYK,knicks,1630193,Immanuel,Quickley,I. Quickley,immanuel-quickley,,,5,21:07,0,2,3,4,4,5,4,22,0,1,4,2,2020-21,Playoffs
0042000131,1610612752,New York,Knicks,NYK,knicks,1630167,Obi,Toppin,O. Toppin,obi-toppin,,,1,11:51,0,0,0,2,2,5,4,12,0,0,0,0,2020-21,Playoffs
0042000131,1610612752,New York,Knicks,NYK,knicks,1628373,Frank,Ntilikina,F. Ntilikina,frank-ntilikina,,,11,0:32,0,0,0,0,0,0,0,2,0,0,0,0,2020-21,Playoffs
0042000131,1610612752,New York,Knicks,NYK,knicks,1629607,Jared,Harper,J. Harper,jared-harper,,DNP - Coach's Decision,0,,0,0,0,0,0,0,0,0,0,0,0,0,2020-21,Playoffs
0042000131,1610612752,New York,Knicks,NYK,knicks,1628995,Kevin,Knox II,K. Knox II,kevin-knox-ii,,DNP - Coach's Decision,20,,0,0,0,0,0,0,0,0,0,0,0,0,2020-21,Playoffs
0042000131,1610612752,New York,Knicks,NYK,knicks,203658,Norvel,Pelle,N. Pelle,norvel-pelle,,DNP - Coach's Decision,14,,0,0,0,0,0,0,0,0,0,0,0,0,2020-21,Playoffs
0042000131,1610612752,New York,Knicks,NYK,knicks,1629033,Theo,Pinson,T. Pinson,theo-pinson,,DNP - Coach's Decision,21,,0,0,0,0,0,0,0,0,0,0,0,0,2020-21,Playoffs
0042000132,1610612737,Atlanta,Hawks,ATL,hawks,1628381,John,Collins,J. Collins,john-collins,F,,20,14:38,0,0,0,0,6,3,2,8,0,0,5,0,2020-21,Playoffs
0042000132,1610612737,Atlanta,Hawks,ATL,hawks,1629631,De'Andre,Hunter,D. Hunter,deandre-hunter,F,,12,31:59,0,0,0,0,13,13,2,24,0,0,4,6,2020-21,Playoffs
0042000132,1610612737,Atlanta,Hawks,ATL,hawks,203991,Clint,Capela,C. Capela,clint-capela,C,,15,36:07,2,0,0,4,16,15,2,32,5,0,3,1,2020-21,Playoffs
0042000132,1610612737,Atlanta,Hawks,ATL,hawks,203992,Bogdan,Bogdanović,B. Bogdanović,bogdan-bogdanović,G,,13,35:29,2,4,5,8,11,11,2,24,2,0,2,0,2020-21,Playoffs
0042000132,1610612737,Atlanta,Hawks,ATL,hawks,1629027,Trae,Young,T. Young,trae-young,G,,11,35:29,2,0,5,10,11,11,2,24,0,1,1,6,2020-21,Playoffs
0042000132,1610612737,Atlanta,Hawks,ATL,hawks,201568,Danilo,Gallinari,D. Gallinari,danilo-gallinari,,,8,29:35,3,0,3,0,6,10,6,26,1,0,2,2,2020-21,Playoffs
0042000132,1610612737,Atlanta,Hawks,ATL,hawks,1628989,Kevin,Huerter,K. Huerter,kevin-huerter,,,3,25:53,2,0,2,6,7,4,6,30,3,1,2,1,2020-21,Playoffs
0042000132,1610612737,Atlanta,Hawks,ATL,hawks,203503,Tony,Snell,T. Snell,tony-snell,,,19,12:31,0,0,0,0,5,4,4,18,1,0,1,0,2020-21,Playoffs
0042000132,1610612737,Atlanta,Hawks,ATL,hawks,101150,Lou,Williams,L. Williams,lou-williams,,,6,12:31,0,0,0,0,5,4,4,18,0,0,0,3,2020-21,Playoffs
0042000132,1610612737,Atlanta,Hawks,ATL,hawks,1630168,Onyeka,Okongwu,O. Okongwu,onyeka-okongwu,,,17,5:48,0,0,0,0,0,0,0,6,0,0,1,1,2020-21,Playoffs
0042000132,1610612737,Atlanta,Hawks,ATL,hawks,1627739,Kris,Dunn,K. Dunn,kris-dunn,,DNP - Coach's Decision,32,,0,0,0,0,0,0,0,0,0,0,0,0,2020-21,Playoffs
0042000132,1610612737,Atlanta,Hawks,ATL,hawks,1628981,Bruno,Fernando,B. Fernando,bruno-fernando,,DNP - Coach's Decision,24,,0,0,0,0,0,0,0,0,0,0,0,0,2020-21,Playoffs
0042000132,1610612737,Atlanta,Hawks,ATL,hawks,203524,Solomon,Hill,S. Hill,solomon-hill,,DNP - Coach's Decision,18,,0,0,0,0,0,0,0,0,0,0,0,0,2020-21,Playoffs
0042000132,1610612737,Atlanta,Hawks,ATL,hawks,1630233,Nathan,Knight,N. Knight,nathan-knight,,DNP - Coach's Decision,1,,0,0,0,0,0,0,0,0,0,0,0,0,2020-21,Playoffs
0042000132,1610612737,Atlanta,Hawks,ATL,hawks,1630219,Skylar,Mays,S. Mays,skylar-mays,,DNP - Coach's Decision,4,,0,0,0,0,0,0,0,0,0,0,0,0,2020-21,Playoffs
0042000132,1610612752,New York,Knicks,NYK,knicks,203493,Reggie,Bullock Jr.,R. Bullock Jr.,reggie-bullock-jr,F,,25,31:25,0,6,0,2,7,4,5,20,0,0,3,2,2020-21,Playoffs
0042000132,1610612752,New York,Knicks,NYK,knicks,203944,Julius,Randle,J. Randle,julius-randle,F,,30,36:21,3,3,0,6,8,4,12,24,0,0,3,3,2020-21,Playoffs
0042000132,1610612752,New York,Knicks,NYK,knicks,203457,Nerlens,Noel,N. Noel,nerlens-noel,C,,3,16:33,0,2,0,2,5,2,8,4,0,1,3,1,2020-21,Playoffs
0042000132,1610612752,New York,Knicks,NYK,knicks,1629628,RJ,Barrett,R. Barrett,rj-barrett,G,,9,25:42,0,0,2,6,4,2,10,16,0,0,3,2,2020-21,Playoffs
0042000132,1610612752,New York,Knicks,NYK,knicks,203901,Elfrid,Payton,E. Payton,elfrid-payton,G,,6,5:03,1,0,0,0,0,2,3,2,0,1,0,1,2020-21,Playoffs
0042000132,1610612752,New York,Knicks,NYK,knicks,201565,Derrick,Rose,D. Rose,derrick-rose,,,4,38:44,7,0,0,10,8,2,12,26,0,5,0,5,2020-21,Playoffs
0042000132,1610612752,New York,Knicks,NYK,knicks,201959,Taj,Gibson,T. Gibson,taj-gibson,,,67,30:14,0,2,0,6,6,2,7,24,1,1,1,2,2020-21,Playoffs
0042000132,1610612752,New York,Knicks,NYK,knicks,202692,Alec,Burks,A. Burks,alec-burks,,,18,29:48,2,2,0,4,9,2,10,16,0,0,3,2,2020-21,Playoffs
0042000132,1610612752,New York,Knicks,NYK,knicks,1630193,Immanuel,Quickley,I. Quickley,immanuel-quickley,,,5,14:31,2,0,2,4,5,0,5,4,0,3,2,1,2020-21,Playoffs
0042000132,1610612752,New York,Knicks,NYK,knicks,1630167,Obi,Toppin,O. Toppin,obi-toppin,,,1,11:39,1,0,2,2,3,0,3,4,1,1,2,2,2020-21,Playoffs
0042000132,1610612752,New York,Knicks,NYK,knicks,1629607,Jared,Harper,J. Harper,jared-harper,,DNP - Coach's Decision,0,,0,0,0,0,0,0,0,0,0,0,0,0,2020-21,Playoffs
0042000132,1610612752,New York,Knicks,NYK,knicks,1628995,Kevin,Knox II,K. Knox II,kevin-knox-ii,,DNP - Coach's Decision,20,,0,0,0,0,0,0,0,0,0,0,0,0,2020-21,Playoffs
0042000132,1610612752,New York,Knicks,NYK,knicks,1628373,Frank,Ntilikina,F. Ntilikina,frank-ntilikina,,DNP - Coach's Decision,11,,0,0,0,0,0,0,0,0,0,0,0,0,2020-21,Playoffs
0042000132,1610612752,New York,Knicks,NYK,knicks,203658,Norvel,Pelle,N. Pelle,norvel-pelle,,DNP - Coach's Decision,14,,0,0,0,0,0,0,0,0,0,0,0,0,2020-21,Playoffs
0042000132,1610612752,New York,Knicks,NYK,knicks,1629033,Theo,Pinson,T. Pinson,theo-pinson,,DNP - Coach's Decision,21,,0,0,0,0,0,0,0,0,0,0,0,0,2020-21,Playoffs
0042000133,1610612752,New York,Knicks,NYK,knicks,203493,Reggie,Bullock Jr.,R. Bullock Jr.,reggie-bullock-jr,F,,25,38:25,0,0,0,0,4,6,2,42,0,0,3,1,2020-21,Playoffs
0042000133,1610612752,New York,Knicks,NYK,knicks,203944,Julius,Randle,J. Randle,julius-randle,F,,30,35:03,3,0,0,0,8,6,2,38,0,1,5,5,2020-21,Playoffs
0042000133,1610612752,New York,Knicks,NYK,knicks,201959,Taj,Gibson,T. Gibson,taj-gibson,C,,67,26:20,0,0,0,4,2,4,2,32,1,0,3,1,2020-21,Playoffs
0042000133,1610612752,New York,Knicks,NYK,knicks,1629628,RJ,Barrett,R. Barrett,rj-barrett,G,,9,28:55,0,5,0,0,2,4,2,36,1,0,2,2,2020-21,Playoffs
0042000133,1610612752,New York,Knicks,NYK,knicks,201565,Derrick,Rose,D. Rose,derrick-rose,G,,4,38:54,7,5,0,16,8,4,2,38,0,1,2,3,2020-21,Playoffs
0042000133,1610612752,New York,Knicks,NYK,knicks,203457,Nerlens,Noel,N. Noel,nerlens-noel,,,3,21:40,2,1,0,2,8,2,0,12,0,1,3,8,2020-21,Playoffs
0042000133,1610612752,New York,Knicks,NYK,knicks,202692,Alec,Burks,A. Burks,alec-burks,,,18,22:48,0,0,0,2,8,2,0,10,0,0,0,1,2020-21,Playoffs
0042000133,1610612752,New York,Knicks,NYK,knicks,1630193,Immanuel,Quickley,I. Quickley,immanuel-quickley,,,5,14:55,0,0,0,2,8,2,0,6,0,2,2,1,2020-21,Playoffs
0042000133,1610612752,New York,Knicks,NYK,knicks,1628373,Frank,Ntilikina,F. Ntilikina,frank-ntilikina,,,11,0:03,0,0,0,0,0,0,0,0,0,0,0,0,2020-21,Playoffs
0042000133,1610612752,New York,Knicks,NYK,knicks,1630167,Obi,Toppin,O. Toppin,obi-toppin,,,1,12:57,0,0,0,4,2,0,0,6,0,0,1,1,2020-21,Playoffs
0042000133,1610612752,New York,Knicks,NYK,knicks,1629607,Jared,Harper,J. Harper,jared-harper,,DNP - Coach's Decision,0,,0,0,0,0,0,0,0,0,0,0,0,0,2020-21,Playoffs
0042000133,1610612752,New York,Knicks,NYK,knicks,1628995,Kevin,Knox II,K. Knox II,kevin-knox-ii,,DNP - Coach's Decision,20,,0,0,0,0,0,0,0,0,0,0,0,0,2020-21,Playoffs
0042000133,1610612752,New York,Knicks,NYK,knicks,203901,Elfrid,Payton,E. Payton,elfrid-payton,,DNP - Coach's Decision,6,,0,0,0,0,0,0,0,0,0,0,0,0,2020-21,Playoffs
0042000133,1610612752,New York,Knicks,NYK,knicks,203658,Norvel,Pelle,N. Pelle,norvel-pelle,,DNP - Coach's Decision,14,,0,0,0,0,0,0,0,0,0,0,0,0,2020-21,Playoffs
0042000133,1610612752,New York,Knicks,NYK,knicks,1629033,Theo,Pinson,T. Pinson,theo-pinson,,DNP - Coach's Decision,21,,0,0,0,0,0,0,0,0,0,0,0,0,2020-21,Playoffs
0042000133,1610612737,Atlanta,Hawks,ATL,hawks,1629631,De'Andre,Hunter,D. Hunter,deandre-hunter,F,,12,35:01,0,2,0,4,7,11,0,22,1,1,2,4,2020-21,Playoffs
0042000133,1610612737,Atlanta,Hawks,ATL,hawks,1628381,John,Collins,J. Collins,john-collins,F,,20,30:35,0,0,0,8,7,11,0,16,0,1,4,3,2020-21,Playoffs
0042000133,1610612737,Atlanta,Hawks,ATL,hawks,203991,Clint,Capela,C. Capela,clint-capela,C,,15,33:54,2,2,0,12,7,10,0,22,2,0,2,2,2020-21,Playoffs
0042000133,1610612737,Atlanta,Hawks,ATL,hawks,203992,Bogdan,Bogdanović,B. Bogdanović,bogdan-bogdanović,G,,13,39:12,0,2,0,6,7,11,0,24,0,0,4,2,2020-21,Playoffs
0042000133,1610612737,Atlanta,Hawks,ATL,hawks,1629027,Trae,Young,T. Young,trae-young,G,,11,36:53,3,0,2,10,10,10,0,22,0,0,2,6,2020-21,Playoffs
0042000133,1610612737,Atlanta,Hawks,ATL,hawks,1628989,Kevin,Huerter,K. Huerter,kevin-huerter,,,3,19:10,0,0,0,0,7,0,0,14,1,0,2,1,2020-21,Playoffs
0042000133,1610612737,Atlanta,Hawks,ATL,hawks,201568,Danilo,Gallinari,D. Gallinari,danilo-gallinari,,,8,23:43,3,0,0,0,7,1,0,20,0,0,4,2,2020-21,Playoffs
0042000133,1610612737,Atlanta,Hawks,ATL,hawks,203524,Solomon,Hill,S. Hill,solomon-hill,,,18,4:36,0,0,0,0,3,0,0,2,0,0,1,0,2020-21,Playoffs
0042000133,1610612737,Atlanta,Hawks,ATL,hawks,1630168,Onyeka,Okongwu,O. Okongwu,onyeka-okongwu,,,17,5:49,0,0,0,0,3,0,0,0,1,0,2,0,2020-21,Playoffs
0042000133,1610612737,Atlanta,Hawks,ATL,hawks,101150,Lou,Williams,L. Williams,lou-williams,,,6,11:07,2,0,0,4,2,1,0,8,0,0,0,1,2020-21,Playoffs
0042000133,1610612737,Atlanta,Hawks,ATL,hawks,1627739,Kris,Dunn,K. Dunn,kris-dunn,,DNP - Coach's Decision,32,,0,0,0,0,0,0,0,0,0,0,0,0,2020-21,Playoffs
0042000133,1610612737,Atlanta,Hawks,ATL,hawks,1628981,Bruno,Fernando,B. Fernando,bruno-fernando,,DNP - Coach's Decision,24,,0,0,0,0,0,0,0,0,0,0,0,0,2020-21,Playoffs
0042000133,1610612737,Atlanta,Hawks,ATL,hawks,1630233,Nathan,Knight,N. Knight,nathan-knight,,DNP - Coach's Decision,1,,0,0,0,0,0,0,0,0,0,0,0,0,2020-21,Playoffs
0042000133,1610612737,Atlanta,Hawks,ATL,hawks,1630219,Skylar,Mays,S. Mays,skylar-mays,,DNP - Coach's Decision,4,,0,0,0,0,0,0,0,0,0,0,0,0,2020-21,Playoffs
0042000133,1610612737,Atlanta,Hawks,ATL,hawks,203503,Tony,Snell,T. Snell,tony-snell,,DNP - Coach's Decision,19,,0,0,0,0,0,0,0,0,0,0,0,0,2020-21,Playoffs
0042000134,1610612752,New York,Knicks,NYK,knicks,203493,Reggie,Bullock Jr.,R. Bullock Jr.,reggie-bullock-jr,F,,25,33:59,0,0,0,0,19,2,10,24,0,0,2,1,2020-21,Playoffs
0042000134,1610612752,New York,Knicks,NYK,knicks,203944,Julius,Randle,J. Randle,julius-randle,F,,30,35:41,0,4,0,8,19,2,12,24,0,1,5,8,2020-21,Playoffs
0042000134,1610612752,New York,Knicks,NYK,knicks,201959,Taj,Gibson,T. Gibson,taj-gibson,C,,67,23:60,2,0,0,6,15,0,10,16,1,0,4,2,2020-21,Playoffs
0042000134,1610612752,New York,Knicks,NYK,knicks,1629628,RJ,Barrett,R. Barrett,rj-barrett,G,,9,35:33,2,0,7,12,16,2,10,24,0,0,1,3,2020-21,Playoffs
0042000134,1610612752,New York,Knicks,NYK,knicks,201565,Derrick,Rose,D. Rose,derrick-rose,G,,4,32:37,0,0,2,6,18,0,12,22,0,1,1,1,2020-21,Playoffs
0042000134,1610612752,New York,Knicks,NYK,knicks,203457,Nerlens,Noel,N. Noel,nerlens-noel,,,3,14:40,0,0,0,0,5,0,0,10,0,0,1,1,2020-21,Playoffs
0042000134,1610612752,New York,Knicks,NYK,knicks,202692,Alec,Burks,A. Burks,alec-burks,,,18,25:18,0,3,0,2,10,2,2,14,0,0,4,3,2020-21,Playoffs
0042000134,1610612752,New York,Knicks,NYK,knicks,1630193,Immanuel,Quickley,I. Quickley,immanuel-quickley,,,5,13:11,0,0,0,0,3,0,2,6,0,0,0,1,2020-21,Playoffs
0042000134,1610612752,New York,Knicks,NYK,knicks,1630167,Obi,Toppin,O. Toppin,obi-toppin,,,1,18:34,2,2,0,8,5,2,2,10,0,0,2,1,2020-21,Playoffs
0042000134,1610612752,New York,Knicks,NYK,knicks,1628373,Frank,Ntilikina,F. Ntilikina,frank-ntilikina,,,11,2:57,0,0,0,0,0,0,0,0,0,0,0,0,2020-21,Playoffs
0042000134,1610612752,New York,Knicks,NYK,knicks,1628995,Kevin,Knox II,K. Knox II,kevin-knox-ii,,,20,3:30,0,0,0,0,0,0,0,0,1,0,0,1,2020-21,Playoffs
0042000134,1610612752,New York,Knicks,NYK,knicks,1629607,Jared,Harper,J. Harper,jared-harper,,DNP - Coach's Decision,0,,0,0,0,0,0,0,0,0,0,0,0,0,2020-21,Playoffs
0042000134,1610612752,New York,Knicks,NYK,knicks,203901,Elfrid,Payton,E. Payton,elfrid-payton,,DNP - Coach's Decision,6,,0,0,0,0,0,0,0,0,0,0,0,0,2020-21,Playoffs
0042000134,1610612752,New York,Knicks,NYK,knicks,203658,Norvel,Pelle,N. Pelle,norvel-pelle,,DNP - Coach's Decision,14,,0,0,0,0,0,0,0,0,0,0,0,0,2020-21,Playoffs
0042000134,1610612752,New York,Knicks,NYK,knicks,1629033,Theo,Pinson,T. Pinson,theo-pinson,,DNP - Coach's Decision,21,,0,0,0,0,0,0,0,0,0,0,0,0,2020-21,Playoffs
0042000134,1610612737,Atlanta,Hawks,ATL,hawks,1629631,De'Andre,Hunter,D. Hunter,deandre-hunter,F,,12,27:56,3,0,3,2,4,4,7,32,1,0,3,3,2020-21,Playoffs
0042000134,1610612737,Atlanta,Hawks,ATL,hawks,1628381,John,Collins,J. Collins,john-collins,F,,20,28:35,3,2,2,6,4,4,7,30,0,1,2,6,2020-21,Playoffs
0042000134,1610612737,Atlanta,Hawks,ATL,hawks,203991,Clint,Capela,C. Capela,clint-capela,C,,15,28:04,0,0,0,8,2,6,5,24,0,0,1,2,2020-21,Playoffs
0042000134,1610612737,Atlanta,Hawks,ATL,hawks,203992,Bogdan,Bogdanović,B. Bogdanović,bogdan-bogdanović,G,,13,34:47,3,0,3,0,4,9,5,30,0,0,2,0,2020-21,Playoffs
0042000134,1610612737,Atlanta,Hawks,ATL,hawks,1629027,Trae,Young,T. Young,trae-young,G,,11,33:12,6,0,2,6,4,7,7,34,0,0,3,3,2020-21,Playoffs
0042000134,1610612737,Atlanta,Hawks,ATL,hawks,1628989,Kevin,Huerter,K. Huerter,kevin-huerter,,,3,24:31,3,0,0,2,2,5,2,16,0,0,4,0,2020-21,Playoffs
0042000134,1610612737,Atlanta,Hawks,ATL,hawks,201568,Danilo,Gallinari,D. Gallinari,danilo-gallinari,,,8,25:18,2,0,2,6,2,5,2,22,1,0,2,4,2020-21,Playoffs
0042000134,1610612737,Atlanta,Hawks,ATL,hawks,203524,Solomon,Hill,S. Hill,solomon-hill,,,18,7:02,0,0,0,0,2,0,2,4,0,0,1,0,2020-21,Playoffs
0042000134,1610612737,Atlanta,Hawks,ATL,hawks,1630168,Onyeka,Okongwu,O. Okongwu,onyeka-okongwu,,,17,10:58,2,0,0,0,2,3,2,6,0,0,3,1,2020-21,Playoffs
0042000134,1610612737,Atlanta,Hawks,ATL,hawks,101150,Lou,Williams,L. Williams,lou-williams,,,6,10:39,0,0,0,0,0,2,0,6,0,0,0,1,2020-21,Playoffs
0042000134,1610612737,Atlanta,Hawks,ATL,hawks,1630233,Nathan,Knight,N. Knight,nathan-knight,,,1,3:05,0,0,0,0,2,0,2,2,0,1,1,0,2020-21,Playoffs
0042000134,1610612737,Atlanta,Hawks,ATL,hawks,1630219,Skylar,Mays,S. Mays,skylar-mays,,,4,3:05,0,0,0,0,2,0,2,2,0,0,0,0,2020-21,Playoffs
0042000134,1610612737,Atlanta,Hawks,ATL,hawks,1627739,Kris,Dunn,K. Dunn,kris-dunn,,,32,2:48,0,0,0,0,0,0,2,2,0,0,0,0,2020-21,Playoffs
0042000134,1610612737,Atlanta,Hawks,ATL,hawks,1628981,Bruno,Fernando,B. Fernando,bruno-fernando,,DNP - Coach's Decision,24,,0,0,0,0,0,0,0,0,0,0,0,0,2020-21,Playoffs
0042000134,1610612737,Atlanta,Hawks,ATL,hawks,203503,Tony,Snell,T. Snell,tony-snell,,DNP - Coach's Decision,19,,0,0,0,0,0,0,0,0,0,0,0,0,2020-21,Playoffs
0042000135,1610612737,Atlanta,Hawks,ATL,hawks,1628381,John,Collins,J. Collins,john-collins,F,,20,35:11,3,2,2,8,9,15,3,28,1,0,2,4,2020-21,Playoffs
0042000135,1610612737,Atlanta,Hawks,ATL,hawks,1629631,De'Andre,Hunter,D. Hunter,deandre-hunter,F,,12,34:30,6,2,0,6,9,15,3,24,1,2,1,4,2020-21,Playoffs
0042000135,1610612737,Atlanta,Hawks,ATL,hawks,203991,Clint,Capela,C. Capela,clint-capela,C,,15,36:49,0,6,0,12,9,15,6,18,2,0,3,2,2020-21,Playoffs
0042000135,1610612737,Atlanta,Hawks,ATL,hawks,203992,Bogdan,Bogdanović,B. Bogdanović,bogdan-bogdanović,G,,13,34:55,3,0,0,4,9,13,6,18,1,0,4,1,2020-21,Playoffs
0042000135,1610612737,Atlanta,Hawks,ATL,hawks,1629027,Trae,Young,T. Young,trae-young,G,,11,41:14,4,7,0,12,9,17,3,28,0,2,0,7,2020-21,Playoffs
0042000135,1610612737,Atlanta,Hawks,ATL,hawks,1628989,Kevin,Huerter,K. Huerter,kevin-huerter,,,3,20:03,0,2,0,0,5,8,3,14,1,0,1,0,2020-21,Playoffs
0042000135,1610612737,Atlanta,Hawks,ATL,hawks,203524,Solomon,Hill,S. Hill,solomon-hill,,,18,6:32,0,0,0,0,1,2,0,4,0,0,0,0,2020-21,Playoffs
0042000135,1610612737,Atlanta,Hawks,ATL,hawks,201568,Danilo,Gallinari,D. Gallinari,danilo-gallinari,,,8,17:47,0,0,0,0,5,6,3,14,0,0,3,3,2020-21,Playoffs
0042000135,1610612737,Atlanta,Hawks,ATL,hawks,1630168,Onyeka,Okongwu,O. Okongwu,onyeka-okongwu,,,17,6:13,2,2,0,2,1,2,0,0,2,0,1,1,2020-21,Playoffs
0042000135,1610612737,Atlanta,Hawks,ATL,hawks,101150,Lou,Williams,L. Williams,lou-williams,,,6,6:46,0,0,2,0,3,2,3,2,0,0,1,0,2020-21,Playoffs
0042000135,1610612737,Atlanta,Hawks,ATL,hawks,1627739,Kris,Dunn,K. Dunn,kris-dunn,,DNP - Coach's Decision,32,,0,0,0,0,0,0,0,0,0,0,0,0,2020-21,Playoffs
0042000135,1610612737,Atlanta,Hawks,ATL,hawks,1628981,Bruno,Fernando,B. Fernando,bruno-fernando,,DNP - Coach's Decision,24,,0,0,0,0,0,0,0,0,0,0,0,0,2020-21,Playoffs
0042000135,1610612737,Atlanta,Hawks,ATL,hawks,1630233,Nathan,Knight,N. Knight,nathan-knight,,DNP - Coach's Decision,1,,0,0,0,0,0,0,0,0,0,0,0,0,2020-21,Playoffs
0042000135,1610612737,Atlanta,Hawks,ATL,hawks,1630219,Skylar,Mays,S. Mays,skylar-mays,,DNP - Coach's Decision,4,,0,0,0,0,0,0,0,0,0,0,0,0,2020-21,Playoffs
0042000135,1610612737,Atlanta,Hawks,ATL,hawks,203503,Tony,Snell,T. Snell,tony-snell,,DNP - Coach's Decision,19,,0,0,0,0,0,0,0,0,0,0,0,0,2020-21,Playoffs
0042000135,1610612752,New York,Knicks,NYK,knicks,203493,Reggie,Bullock Jr.,R. Bullock Jr.,reggie-bullock-jr,F,,25,40:07,0,6,3,0,17,21,2,40,1,2,3,0,2020-21,Playoffs
0042000135,1610612752,New York,Knicks,NYK,knicks,203944,Julius,Randle,J. Randle,julius-randle,F,,30,37:05,5,6,0,8,17,21,2,36,0,2,3,3,2020-21,Playoffs
0042000135,1610612752,New York,Knicks,NYK,knicks,201959,Taj,Gibson,T. Gibson,taj-gibson,C,,67,33:03,0,2,0,4,12,19,2,38,1,0,4,2,2020-21,Playoffs
0042000135,1610612752,New York,Knicks,NYK,knicks,1629628,RJ,Barrett,R. Barrett,rj-barrett,G,,9,39:32,0,2,3,6,13,12,4,40,1,1,3,4,2020-21,Playoffs
0042000135,1610612752,New York,Knicks,NYK,knicks,201565,Derrick,Rose,D. Rose,derrick-rose,G,,4,26:53,0,0,0,4,10,14,2,28,0,2,1,0,2020-21,Playoffs
0042000135,1610612752,New York,Knicks,NYK,knicks,203457,Nerlens,Noel,N. Noel,nerlens-noel,,,3,15:37,2,0,0,2,6,2,2,6,1,0,5,1,2020-21,Playoffs
0042000135,1610612752,New York,Knicks,NYK,knicks,202692,Alec,Burks,A. Burks,alec-burks,,,18,24:01,0,3,0,6,6,9,2,16,0,0,2,2,2020-21,Playoffs
0042000135,1610612752,New York,Knicks,NYK,knicks,1630193,Immanuel,Quickley,I. Quickley,immanuel-quickley,,,5,13:27,5,0,0,0,8,7,2,8,0,1,0,4,2020-21,Playoffs
0042000135,1610612752,New York,Knicks,NYK,knicks,1630167,Obi,Toppin,O. Toppin,obi-toppin,,,1,10:15,0,0,0,0,1,0,2,8,0,0,1,0,2020-21,Playoffs
0042000135,1610612752,New York,Knicks,NYK,knicks,1629607,Jared,Harper,J. Harper,jared-harper,,DNP - Coach's Decision,0,,0,0,0,0,0,0,0,0,0,0,0,0,2020-21,Playoffs
0042000135,1610612752,New York,Knicks,NYK,knicks,1628995,Kevin,Knox II,K. Knox II,kevin-knox-ii,,DNP - Coach's Decision,20,,0,0,0,0,0,0,0,0,0,0,0,0,2020-21,Playoffs
0042000135,1610612752,New York,Knicks,NYK,knicks,1628373,Frank,Ntilikina,F. Ntilikina,frank-ntilikina,,DNP - Coach's Decision,11,,0,0,0,0,0,0,0,0,0,0,0,0,2020-21,Playoffs
0042000135,1610612752,New York,Knicks,NYK,knicks,203901,Elfrid,Payton,E. Payton,elfrid-payton,,DNP - Coach's Decision,6,,0,0,0,0,0,0,0,0,0,0,0,0,2020-21,Playoffs
0042000135,1610612752,New York,Knicks,NYK,knicks,203658,Norvel,Pelle,N. Pelle,norvel-pelle,,DNP - Coach's Decision,14,,0,0,0,0,0,0,0,0,0,0,0,0,2020-21,Playoffs
0042000135,1610612752,New York,Knicks,NYK,knicks,1629033,Theo,Pinson,T. Pinson,theo-pinson,,DNP - Coach's Decision,21,,0,0,0,0,0,0,0,0,0,0,0,0,2020-21,Playoffs
0042000141,1610612763,Memphis,Grizzlies,MEM,grizzlies,203937,Kyle,Anderson,K. Anderson,kyle-anderson,F,,1,30:51,4,1,2,2,4,7,7,20,0,1,5,3,2020-21,Playoffs
0042000141,1610612763,Memphis,Grizzlies,MEM,grizzlies,1628991,Jaren,Jackson Jr.,J. Jackson Jr.,jaren-jackson-jr,F,,13,23:45,2,0,3,2,6,3,5,22,1,1,4,1,2020-21,Playoffs
0042000141,1610612763,Memphis,Grizzlies,MEM,grizzlies,202685,Jonas,Valančiūnas,J. Valančiūnas,jonas-valančiūnas,C,,17,39:21,0,7,0,14,8,7,7,26,1,2,5,5,2020-21,Playoffs
0042000141,1610612763,Memphis,Grizzlies,MEM,grizzlies,1628415,Dillon,Brooks,D. Brooks,dillon-brooks,G,,24,36:05,3,2,2,16,6,10,7,30,2,2,2,5,2020-21,Playoffs
0042000141,1610612763,Memphis,Grizzlies,MEM,grizzlies,1629630,Ja,Morant,J. Morant,ja-morant,G,,12,35:53,6,0,2,22,8,10,7,30,0,2,2,4,2020-21,Playoffs
0042000141,1610612763,Memphis,Grizzlies,MEM,grizzlies,1630217,Desmond,Bane,D. Bane,desmond-bane,,,22,18:18,0,2,3,2,6,3,2,18,0,0,0,0,2020-21,Playoffs
0042000141,1610612763,Memphis,Grizzlies,MEM,grizzlies,1628960,Grayson,Allen,G. Allen,grayson-allen,,,3,22:37,0,0,0,2,8,11,0,26,0,0,2,1,2020-21,Playoffs
0042000141,1610612763,Memphis,Grizzlies,MEM,grizzlies,1629001,De'Anthony,Melton,D. Melton,deanthony-melton,,,0,13:02,0,0,0,0,6,2,0,12,1,2,1,1,2020-21,Playoffs
0042000141,1610612763,Memphis,Grizzlies,MEM,grizzlies,1630214,Xavier,Tillman,X. Tillman,xavier-tillman,,,2,8:01,0,0,0,0,4,5,0,14,0,1,2,0,2020-21,Playoffs
0042000141,1610612763,Memphis,Grizzlies,MEM,grizzlies,1626145,Tyus,Jones,T. Jones,tyus-jones,,,21,12:07,0,2,0,2,4,2,0,12,0,0,0,1,2020-21,Playoffs
0042000141,1610612763,Memphis,Grizzlies,MEM,grizzlies,1629634,Brandon,Clarke,B. Clarke,brandon-clarke,,DNP - Coach's Decision,15,,0,0,0,0,0,0,0,0,0,0,0,0,2020-21,Playoffs
0042000141,1610612763,Memphis,Grizzlies,MEM,grizzlies,204025,Tim,Frazier,T. Frazier,tim-frazier,,DNP - Coach's Decision,10,,0,0,0,0,0,0,0,0,0,0,0,0,2020-21,Playoffs
0042000141,1610612763,Memphis,Grizzlies,MEM,grizzlies,1629723,John,Konchar,J. Konchar,john-konchar,,DNP - Coach's Decision,46,,0,0,0,0,0,0,0,0,0,0,0,0,2020-21,Playoffs
0042000141,1610612763,Memphis,Grizzlies,MEM,grizzlies,1629681,Killian,Tillie,K. Tillie,killian-tillie,,DNP - Coach's Decision,35,,0,0,0,0,0,0,0,0,0,0,0,0,2020-21,Playoffs
0042000141,1610612763,Memphis,Grizzlies,MEM,grizzlies,1626159,Justise,Winslow,J. Winslow,justise-winslow,,DNP - Coach's Decision,7,,0,0,0,0,0,0,0,0,0,0,0,0,2020-21,Playoffs
0042000141,1610612762,Utah,Jazz,UTA,jazz,202711,Bojan,Bogdanovic,B. Bogdanovic,bojan-bogdanovic,F,,44,33:01,4,3,4,8,13,10,9,52,0,0,1,6,2020-21,Playoffs
0042000141,1610612762,Utah,Jazz,UTA,jazz,1626220,Royce,O'Neale,R. O'Neale,royce-oneale,F,,23,36:32,0,0,3,0,13,10,9,56,0,1,3,1,2020-21,Playoffs
0042000141,1610612762,Utah,Jazz,UTA,jazz,203497,Rudy,Gobert,R. Gobert,rudy-gobert,C,,27,24:59,4,1,0,8,4,6,6,26,3,0,6,6,2020-21,Playoffs
0042000141,1610612762,Utah,Jazz,UTA,jazz,204060,Joe,Ingles,J. Ingles,joe-ingles,G,,2,32:48,0,0,0,2,11,10,9,52,0,0,0,0,2020-21,Playoffs
0042000141,1610612762,Utah,Jazz,UTA,jazz,201144,Mike,Conley,M. Conley,mike-conley,G,,10,33:04,0,0,0,6,8,9,6,40,2,2,5,4,2020-21,Playoffs
0042000141,1610612762,Utah,Jazz,UTA,jazz,202324,Derrick,Favors,D. Favors,derrick-favors,,,15,22:57,2,6,0,8,11,8,6,36,4,0,2,3,2020-21,Playoffs
0042000141,1610612762,Utah,Jazz,UTA,jazz,203903,Jordan,Clarkson,J. Clarkson,jordan-clarkson,,,00,30:10,2,0,0,8,11,9,9,30,2,2,1,1,2020-21,Playoffs
0042000141,1610612762,Utah,Jazz,UTA,jazz,1627777,Georges,Niang,G. Niang,georges-niang,,,31,16:09,0,2,0,2,4,4,3,10,0,0,2,2,2020-21,Playoffs
0042000141,1610612762,Utah,Jazz,UTA,jazz,1629671,Miye,Oni,M. Oni,miye-oni,,,81,10:20,0,0,0,0,0,4,3,8,0,0,1,0,2020-21,Playoffs
0042000141,1610612762,Utah,Jazz,UTA,jazz,1628962,Udoka,Azubuike,U. Azubuike,udoka-azubuike,,DNP - Coach's Decision,20,,0,0,0,0,0,0,0,0,0,0,0,0,2020-21,Playoffs
0042000141,1610612762,Utah,Jazz,UTA,jazz,1629714,Jarrell,Brantley,J. Brantley,jarrell-brantley,,DNP - Coach's Decision,5,,0,0,0,0,0,0,0,0,0,0,0,0,2020-21,Playoffs
0042000141,1610612762,Utah,Jazz,UTA,jazz,1630235,Trent,Forrest,T. Forrest,trent-forrest,,DNP - Coach's Decision,3,,0,0,0,0,0,0,0,0,0,0,0,0,2020-21,Playoffs
0042000141,1610612762,Utah,Jazz,UTA,jazz,101141,Ersan,Ilyasova,E. Ilyasova,ersan-ilyasova,,DNP - Coach's Decision,77,,0,0,0,0,0,0,0,0,0,0,0,0,2020-21,Playoffs
0042000141,1610612762,Utah,Jazz,UTA,jazz,1629752,Juwan,Morgan,J. Morgan,juwan-morgan,,DNP - Coach's Decision,16,,0,0,0,0,0,0,0,0,0,0,0,0,2020-21,Playoffs
0042000141,1610612762,Utah,Jazz,UTA,jazz,1629744,Matt,Thomas,M. Thomas,matt-thomas,,DNP - Coach's Decision,21,,0,0,0,0,0,0,0,0,0,0,0,0,2020-21,Playoffs
0042000142,1610612763,Memphis,Grizzlies,MEM,grizzlies,203937,Kyle,Anderson,K. Anderson,kyle-anderson,F,,1,36:21,2,2,2,8,5,17,3,42,0,0,2,0,2020-21,Playoffs
0042000142,1610612763,Memphis,Grizzlies,MEM,grizzlies,1628991,Jaren,Jackson Jr.,J. Jackson Jr.,jaren-jackson-jr,F,,13,31:18,2,0,2,4,2,17,3,38,1,1,4,6,2020-21,Playoffs
0042000142,1610612763,Memphis,Grizzlies,MEM,grizzlies,202685,Jonas,Valančiūnas,J. Valančiūnas,jonas-valančiūnas,C,,17,29:31,4,2,0,12,3,14,0,34,1,0,4,4,2020-21,Playoffs
0042000142,1610612763,Memphis,Grizzlies,MEM,grizzlies,1628415,Dillon,Brooks,D. Brooks,dillon-brooks,G,,24,28:11,5,3,8,12,2,13,0,36,0,1,5,3,2020-21,Playoffs
0042000142,1610612763,Memphis,Grizzlies,MEM,grizzlies,1629630,Ja,Morant,J. Morant,ja-morant,G,,12,43:22,8,3,4,20,5,22,3,54,0,1,3,10,2020-21,Playoffs
0042000142,1610612763,Memphis,Grizzlies,MEM,grizzlies,1630217,Desmond,Bane,D. Bane,desmond-bane,,,22,23:37,0,0,3,2,3,9,3,28,1,0,3,0,2020-21,Playoffs
0042000142,1610612763,Memphis,Grizzlies,MEM,grizzlies,1628960,Grayson,Allen,G. Allen,grayson-allen,,,3,18:55,0,0,0,0,2,7,3,24,0,1,3,1,2020-21,Playoffs
0042000142,1610612763,Memphis,Grizzlies,MEM,grizzlies,1629001,De'Anthony,Melton,D. Melton,deanthony-melton,,,0,17:13,0,4,0,4,1,9,0,24,1,0,1,1,2020-21,Playoffs
0042000142,1610612763,Memphis,Grizzlies,MEM,grizzlies,1630214,Xavier,Tillman,X. Tillman,xavier-tillman,,,2,6:54,0,0,0,0,2,2,0,6,0,0,0,0,2020-21,Playoffs
0042000142,1610612763,Memphis,Grizzlies,MEM,grizzlies,1626145,Tyus,Jones,T. Jones,tyus-jones,,,21,4:38,0,0,0,0,0,0,0,4,0,0,0,0,2020-21,Playoffs
0042000142,1610612763,Memphis,Grizzlies,MEM,grizzlies,1629634,Brandon,Clarke,B. Clarke,brandon-clarke,,DNP - Coach's Decision,15,,0,0,0,0,0,0,0,0,0,0,0,0,2020-21,Playoffs
0042000142,1610612763,Memphis,Grizzlies,MEM,grizzlies,204025,Tim,Frazier,T. Frazier,tim-frazier,,DNP - Coach's Decision,10,,0,0,0,0,0,0,0,0,0,0,0,0,2020-21,Playoffs
0042000142,1610612763,Memphis,Grizzlies,MEM,grizzlies,1629723,John,Konchar,J. Konchar,john-konchar,,DNP - Coach's Decision,46,,0,0,0,0,0,0,0,0,0,0,0,0,2020-21,Playoffs
0042000142,1610612763,Memphis,Grizzlies,MEM,grizzlies,1629681,Killian,Tillie,K. Tillie,killian-tillie,,DNP - Coach's Decision,35,,0,0,0,0,0,0,0,0,0,0,0,0,2020-21,Playoffs
0042000142,1610612763,Memphis,Grizzlies,MEM,grizzlies,1626159,Justise,Winslow,J. Winslow,justise-winslow,,DNP - Coach's Decision,7,,0,0,0,0,0,0,0,0,0,0,0,0,2020-21,Playoffs
0042000142,1610612762,Utah,Jazz,UTA,jazz,202711,Bojan,Bogdanovic,B. Bogdanovic,bojan-bogdanovic,F,,44,30:27,0,4,0,10,17,12,12,46,0,1,3,2,2020-21,Playoffs
0042000142,1610612762,Utah,Jazz,UTA,jazz,1626220,Royce,O'Neale,R. O'Neale,royce-oneale,F,,23,33:53,0,5,0,2,17,14,12,48,0,0,4,1,2020-21,Playoffs
0042000142,1610612762,Utah,Jazz,UTA,jazz,203497,Rudy,Gobert,R. Gobert,rudy-gobert,C,,27,35:58,3,6,0,18,19,10,17,42,4,1,4,6,2020-21,Playoffs
0042000142,1610612762,Utah,Jazz,UTA,jazz,1628378,Donovan,Mitchell,D. Mitchell,donovan-mitchell,G,,45,25:39,2,0,0,6,6,7,10,34,0,1,2,5,2020-21,Playoffs
0042000142,1610612762,Utah,Jazz,UTA,jazz,201144,Mike,Conley,M. Conley,mike-conley,G,,10,37:11,0,2,0,10,17,9,15,44,0,0,4,4,2020-21,Playoffs
0042000142,1610612762,Utah,Jazz,UTA,jazz,204060,Joe,Ingles,J. Ingles,joe-ingles,,,2,27:56,0,0,3,2,19,9,11,36,0,0,2,1,2020-21,Playoffs
0042000142,1610612762,Utah,Jazz,UTA,jazz,202324,Derrick,Favors,D. Favors,derrick-favors,,,15,12:02,0,0,0,4,2,4,2,20,0,0,2,2,2020-21,Playoffs
0042000142,1610612762,Utah,Jazz,UTA,jazz,203903,Jordan,Clarkson,J. Clarkson,jordan-clarkson,,,00,22:03,0,2,0,6,4,5,9,26,0,0,1,3,2020-21,Playoffs
0042000142,1610612762,Utah,Jazz,UTA,jazz,1627777,Georges,Niang,G. Niang,georges-niang,,,31,14:51,0,3,0,0,4,0,7,14,0,1,3,1,2020-21,Playoffs
0042000142,1610612762,Utah,Jazz,UTA,jazz,1629714,Jarrell,Brantley,J. Brantley,jarrell-brantley,,DNP - Coach's Decision,5,,0,0,0,0,0,0,0,0,0,0,0,0,2020-21,Playoffs
0042000142,1610612762,Utah,Jazz,UTA,jazz,1630235,Trent,Forrest,T. Forrest,trent-forrest,,DNP - Coach's Decision,3,,0,0,0,0,0,0,0,0,0,0,0,0,2020-21,Playoffs
0042000142,1610612762,Utah,Jazz,UTA,jazz,101141,Ersan,Ilyasova,E. Ilyasova,ersan-ilyasova,,DNP - Coach's Decision,77,,0,0,0,0,0,0,0,0,0,0,0,0,2020-21,Playoffs
0042000142,1610612762,Utah,Jazz,UTA,jazz,1629752,Juwan,Morgan,J. Morgan,juwan-morgan,,DNP - Coach's Decision,16,,0,0,0,0,0,0,0,0,0,0,0,0,2020-21,Playoffs
0042000142,1610612762,Utah,Jazz,UTA,jazz,1629671,Miye,Oni,M. Oni,miye-oni,,DNP - Coach's Decision,81,,0,0,0,0,0,0,0,0,0,0,0,0,2020-21,Playoffs
0042000142,1610612762,Utah,Jazz,UTA,jazz,1629744,Matt,Thomas,M. Thomas,matt-thomas,,DNP - Coach's Decision,21,,0,0,0,0,0,0,0,0,0,0,0,0,2020-21,Playoffs
0042000143,1610612762,Utah,Jazz,UTA,jazz,202711,Bojan,Bogdanovic,B. Bogdanovic,bojan-bogdanovic,F,,44,37:00,5,0,3,0,12,18,10,46,0,0,0,5,2020-21,Playoffs
0042000143,1610612762,Utah,Jazz,UTA,jazz,1626220,Royce,O'Neale,R. O'Neale,royce-oneale,F,,23,31:43,0,6,0,0,12,14,12,40,0,0,4,1,2020-21,Playoffs
0042000143,1610612762,Utah,Jazz,UTA,jazz,203497,Rudy,Gobert,R. Gobert,rudy-gobert,C,,27,35:29,2,2,2,14,14,16,6,40,4,1,5,4,2020-21,Playoffs
0042000143,1610612762,Utah,Jazz,UTA,jazz,1628378,Donovan,Mitchell,D. Mitchell,donovan-mitchell,G,,45,29:49,2,0,0,12,6,16,6,34,0,0,0,7,2020-21,Playoffs
0042000143,1610612762,Utah,Jazz,UTA,jazz,201144,Mike,Conley,M. Conley,mike-conley,G,,10,35:40,0,0,0,2,14,14,8,40,0,0,2,3,2020-21,Playoffs
0042000143,1610612762,Utah,Jazz,UTA,jazz,204060,Joe,Ingles,J. Ingles,joe-ingles,,,2,22:50,0,0,0,0,6,3,6,24,0,0,1,0,2020-21,Playoffs
0042000143,1610612762,Utah,Jazz,UTA,jazz,202324,Derrick,Favors,D. Favors,derrick-favors,,,15,12:31,0,2,0,2,2,5,6,14,2,0,3,1,2020-21,Playoffs
0042000143,1610612762,Utah,Jazz,UTA,jazz,203903,Jordan,Clarkson,J. Clarkson,jordan-clarkson,,,00,21:55,0,0,0,4,8,12,6,22,1,0,1,1,2020-21,Playoffs
0042000143,1610612762,Utah,Jazz,UTA,jazz,1627777,Georges,Niang,G. Niang,georges-niang,,,31,12:20,3,0,3,0,4,7,0,10,0,0,1,0,2020-21,Playoffs
0042000143,1610612762,Utah,Jazz,UTA,jazz,1629671,Miye,Oni,M. Oni,miye-oni,,,81,0:43,0,0,0,0,2,0,0,0,0,0,1,0,2020-21,Playoffs
0042000143,1610612762,Utah,Jazz,UTA,jazz,1629714,Jarrell,Brantley,J. Brantley,jarrell-brantley,,DNP - Coach's Decision,5,,0,0,0,0,0,0,0,0,0,0,0,0,2020-21,Playoffs
0042000143,1610612762,Utah,Jazz,UTA,jazz,1630235,Trent,Forrest,T. Forrest,trent-forrest,,DNP - Coach's Decision,3,,0,0,0,0,0,0,0,0,0,0,0,0,2020-21,Playoffs
0042000143,1610612762,Utah,Jazz,UTA,jazz,101141,Ersan,Ilyasova,E. Ilyasova,ersan-ilyasova,,DNP - Coach's Decision,77,,0,0,0,0,0,0,0,0,0,0,0,0,2020-21,Playoffs
0042000143,1610612762,Utah,Jazz,UTA,jazz,1629752,Juwan,Morgan,J. Morgan,juwan-morgan,,DNP - Coach's Decision,16,,0,0,0,0,0,0,0,0,0,0,0,0,2020-21,Playoffs
0042000143,1610612762,Utah,Jazz,UTA,jazz,1629744,Matt,Thomas,M. Thomas,matt-thomas,,DNP - Coach's Decision,21,,0,0,0,0,0,0,0,0,0,0,0,0,2020-21,Playoffs
0042000143,1610612763,Memphis,Grizzlies,MEM,grizzlies,203937,Kyle,Anderson,K. Anderson,kyle-anderson,F,,1,32:07,2,2,2,8,5,6,5,22,0,0,1,0,2020-21,Playoffs
0042000143,1610612763,Memphis,Grizzlies,MEM,grizzlies,1628991,Jaren,Jackson Jr.,J. Jackson Jr.,jaren-jackson-jr,F,,13,27:05,0,2,0,2,2,7,3,16,1,2,5,1,2020-21,Playoffs
0042000143,1610612763,Memphis,Grizzlies,MEM,grizzlies,202685,Jonas,Valančiūnas,J. Valančiūnas,jonas-valančiūnas,C,,17,34:52,2,6,0,8,12,6,8,26,0,1,3,4,2020-21,Playoffs
0042000143,1610612763,Memphis,Grizzlies,MEM,grizzlies,1628415,Dillon,Brooks,D. Brooks,dillon-brooks,G,,24,33:00,8,3,4,18,9,8,3,20,0,1,6,5,2020-21,Playoffs
0042000143,1610612763,Memphis,Grizzlies,MEM,grizzlies,1629630,Ja,Morant,J. Morant,ja-morant,G,,12,39:47,4,3,6,16,12,10,6,28,0,2,2,7,2020-21,Playoffs
0042000143,1610612763,Memphis,Grizzlies,MEM,grizzlies,1630217,Desmond,Bane,D. Bane,desmond-bane,,,22,16:12,0,0,0,0,10,4,3,16,0,0,0,0,2020-21,Playoffs
0042000143,1610612763,Memphis,Grizzlies,MEM,grizzlies,1629634,Brandon,Clarke,B. Clarke,brandon-clarke,,,15,6:40,0,0,0,0,0,2,0,2,0,0,0,0,2020-21,Playoffs
0042000143,1610612763,Memphis,Grizzlies,MEM,grizzlies,1629001,De'Anthony,Melton,D. Melton,deanthony-melton,,,0,12:30,0,3,0,0,3,2,5,12,0,1,1,0,2020-21,Playoffs
0042000143,1610612763,Memphis,Grizzlies,MEM,grizzlies,1628960,Grayson,Allen,G. Allen,grayson-allen,,,3,29:35,0,2,0,2,7,5,5,22,0,0,4,1,2020-21,Playoffs
0042000143,1610612763,Memphis,Grizzlies,MEM,grizzlies,1626145,Tyus,Jones,T. Jones,tyus-jones,,,21,8:13,0,0,0,0,0,0,2,6,0,0,0,0,2020-21,Playoffs
0042000143,1610612763,Memphis,Grizzlies,MEM,grizzlies,204025,Tim,Frazier,T. Frazier,tim-frazier,,DNP - Coach's Decision,10,,0,0,0,0,0,0,0,0,0,0,0,0,2020-21,Playoffs
0042000143,1610612763,Memphis,Grizzlies,MEM,grizzlies,1629723,John,Konchar,J. Konchar,john-konchar,,DNP - Coach's Decision,46,,0,0,0,0,0,0,0,0,0,0,0,0,2020-21,Playoffs
0042000143,1610612763,Memphis,Grizzlies,MEM,grizzlies,1629681,Killian,Tillie,K. Tillie,killian-tillie,,DNP - Coach's Decision,35,,0,0,0,0,0,0,0,0,0,0,0,0,2020-21,Playoffs
0042000143,1610612763,Memphis,Grizzlies,MEM,grizzlies,1630214,Xavier,Tillman,X. Tillman,xavier-tillman,,DNP - Coach's Decision,2,,0,0,0,0,0,0,0,0,0,0,0,0,2020-21,Playoffs
0042000143,1610612763,Memphis,Grizzlies,MEM,grizzlies,1626159,Justise,Winslow,J. Winslow,justise-winslow,,DNP - Coach's Decision,7,,0,0,0,0,0,0,0,0,0,0,0,0,2020-21,Playoffs
0042000144,1610612762,Utah,Jazz,UTA,jazz,202711,Bojan,Bogdanovic,B. Bogdanovic,bojan-bogdanovic,F,,44,33:00,0,3,2,4,13,11,15,50,0,0,3,0,2020-21,Playoffs
0042000144,1610612762,Utah,Jazz,UTA,jazz,1626220,Royce,O'Neale,R. O'Neale,royce-oneale,F,,23,34:44,0,0,6,0,13,11,19,54,0,1,2,0,2020-21,Playoffs
0042000144,1610612762,Utah,Jazz,UTA,jazz,203497,Rudy,Gobert,R. Gobert,rudy-gobert,C,,27,32:26,3,3,2,10,9,13,13,48,2,1,3,7,2020-21,Playoffs
0042000144,1610612762,Utah,Jazz,UTA,jazz,1628378,Donovan,Mitchell,D. Mitchell,donovan-mitchell,G,,45,34:42,2,3,0,10,15,11,17,54,1,1,2,8,2020-21,Playoffs
0042000144,1610612762,Utah,Jazz,UTA,jazz,201144,Mike,Conley,M. Conley,mike-conley,G,,10,32:06,0,0,0,0,9,11,11,44,1,0,2,2,2020-21,Playoffs
0042000144,1610612762,Utah,Jazz,UTA,jazz,202324,Derrick,Favors,D. Favors,derrick-favors,,,15,15:34,2,2,2,8,8,2,6,16,0,0,1,0,2020-21,Playoffs
0042000144,1610612762,Utah,Jazz,UTA,jazz,204060,Joe,Ingles,J. Ingles,joe-ingles,,,2,23:48,0,2,0,2,8,6,10,26,0,0,2,0,2020-21,Playoffs
0042000144,1610612762,Utah,Jazz,UTA,jazz,203903,Jordan,Clarkson,J. Clarkson,jordan-clarkson,,,00,21:30,5,0,8,6,8,6,4,20,0,1,1,4,2020-21,Playoffs
0042000144,1610612762,Utah,Jazz,UTA,jazz,1627777,Georges,Niang,G. Niang,georges-niang,,,31,12:10,0,0,0,0,2,4,0,8,0,0,0,0,2020-21,Playoffs
0042000144,1610612762,Utah,Jazz,UTA,jazz,1629714,Jarrell,Brantley,J. Brantley,jarrell-brantley,,DNP - Coach's Decision,5,,0,0,0,0,0,0,0,0,0,0,0,0,2020-21,Playoffs
0042000144,1610612762,Utah,Jazz,UTA,jazz,1630235,Trent,Forrest,T. Forrest,trent-forrest,,DNP - Coach's Decision,3,,0,0,0,0,0,0,0,0,0,0,0,0,2020-21,Playoffs
0042000144,1610612762,Utah,Jazz,UTA,jazz,101141,Ersan,Ilyasova,E. Ilyasova,ersan-ilyasova,,DNP - Coach's Decision,77,,0,0,0,0,0,0,0,0,0,0,0,0,2020-21,Playoffs
0042000144,1610612762,Utah,Jazz,UTA,jazz,1629752,Juwan,Morgan,J. Morgan,juwan-morgan,,DNP - Coach's Decision,16,,0,0,0,0,0,0,0,0,0,0,0,0,2020-21,Playoffs
0042000144,1610612762,Utah,Jazz,UTA,jazz,1629671,Miye,Oni,M. Oni,miye-oni,,DNP - Coach's Decision,81,,0,0,0,0,0,0,0,0,0,0,0,0,2020-21,Playoffs
0042000144,1610612762,Utah,Jazz,UTA,jazz,1629744,Matt,Thomas,M. Thomas,matt-thomas,,DNP - Coach's Decision,21,,0,0,0,0,0,0,0,0,0,0,0,0,2020-21,Playoffs
0042000144,1610612763,Memphis,Grizzlies,MEM,grizzlies,203937,Kyle,Anderson,K. Anderson,kyle-anderson,F,,1,24:11,2,0,2,4,8,10,7,22,0,1,0,0,2020-21,Playoffs
0042000144,1610612763,Memphis,Grizzlies,MEM,grizzlies,1628991,Jaren,Jackson Jr.,J. Jackson Jr.,jaren-jackson-jr,F,,13,26:01,5,4,0,12,6,5,8,20,0,2,4,1,2020-21,Playoffs
0042000144,1610612763,Memphis,Grizzlies,MEM,grizzlies,202685,Jonas,Valančiūnas,J. Valančiūnas,jonas-valančiūnas,C,,17,34:32,2,6,0,10,8,11,14,32,1,0,2,2,2020-21,Playoffs
0042000144,1610612763,Memphis,Grizzlies,MEM,grizzlies,1628415,Dillon,Brooks,D. Brooks,dillon-brooks,G,,24,37:14,6,0,6,14,12,8,14,30,0,0,4,6,2020-21,Playoffs
0042000144,1610612763,Memphis,Grizzlies,MEM,grizzlies,1629630,Ja,Morant,J. Morant,ja-morant,G,,12,43:15,2,1,4,14,8,13,17,40,0,1,2,5,2020-21,Playoffs
0042000144,1610612763,Memphis,Grizzlies,MEM,grizzlies,1628960,Grayson,Allen,G. Allen,grayson-allen,,,3,29:09,0,0,0,2,4,13,15,28,1,0,3,0,2020-21,Playoffs
0042000144,1610612763,Memphis,Grizzlies,MEM,grizzlies,1630217,Desmond,Bane,D. Bane,desmond-bane,,,22,17:33,0,0,2,4,4,2,13,22,1,0,3,1,2020-21,Playoffs
0042000144,1610612763,Memphis,Grizzlies,MEM,grizzlies,1626145,Tyus,Jones,T. Jones,tyus-jones,,,21,4:45,0,0,0,0,4,0,3,0,0,0,1,0,2020-21,Playoffs
0042000144,1610612763,Memphis,Grizzlies,MEM,grizzlies,1629001,De'Anthony,Melton,D. Melton,deanthony-melton,,,0,23:20,0,4,5,4,6,3,9,6,1,0,2,1,2020-21,Playoffs
0042000144,1610612763,Memphis,Grizzlies,MEM,grizzlies,1629634,Brandon,Clarke,B. Clarke,brandon-clarke,,DNP - Coach's Decision,15,,0,0,0,0,0,0,0,0,0,0,0,0,2020-21,Playoffs
0042000144,1610612763,Memphis,Grizzlies,MEM,grizzlies,204025,Tim,Frazier,T. Frazier,tim-frazier,,DNP - Coach's Decision,10,,0,0,0,0,0,0,0,0,0,0,0,0,2020-21,Playoffs
0042000144,1610612763,Memphis,Grizzlies,MEM,grizzlies,1629723,John,Konchar,J. Konchar,john-konchar,,DNP - Coach's Decision,46,,0,0,0,0,0,0,0,0,0,0,0,0,2020-21,Playoffs
0042000144,1610612763,Memphis,Grizzlies,MEM,grizzlies,1629681,Killian,Tillie,K. Tillie,killian-tillie,,DNP - Coach's Decision,35,,0,0,0,0,0,0,0,0,0,0,0,0,2020-21,Playoffs
0042000144,1610612763,Memphis,Grizzlies,MEM,grizzlies,1630214,Xavier,Tillman,X. Tillman,xavier-tillman,,DNP - Coach's Decision,2,,0,0,0,0,0,0,0,0,0,0,0,0,2020-21,Playoffs
0042000144,1610612763,Memphis,Grizzlies,MEM,grizzlies,1626159,Justise,Winslow,J. Winslow,justise-winslow,,DNP - Coach's Decision,7,,0,0,0,0,0,0,0,0,0,0,0,0,2020-21,Playoffs
0042000145,1610612763,Memphis,Grizzlies,MEM,grizzlies,203937,Kyle,Anderson,K. Anderson,kyle-anderson,F,,1,18:29,0,0,0,2,13,6,6,30,0,0,1,0,2020-21,Playoffs
0042000145,1610612763,Memphis,Grizzlies,MEM,grizzlies,1628991,Jaren,Jackson Jr.,J. Jackson Jr.,jaren-jackson-jr,F,,13,29:19,2,5,0,8,12,10,9,46,3,0,4,3,2020-21,Playoffs
0042000145,1610612763,Memphis,Grizzlies,MEM,grizzlies,202685,Jonas,Valančiūnas,J. Valančiūnas,jonas-valančiūnas,C,,17,27:22,2,2,3,8,21,6,10,34,0,0,4,2,2020-21,Playoffs
0042000145,1610612763,Memphis,Grizzlies,MEM,grizzlies,1628415,Dillon,Brooks,D. Brooks,dillon-brooks,G,,24,40:14,5,5,0,10,22,10,10,52,0,1,0,7,2020-21,Playoffs
0042000145,1610612763,Memphis,Grizzlies,MEM,grizzlies,1629630,Ja,Morant,J. Morant,ja-morant,G,,12,40:14,5,4,0,10,22,10,10,52,0,3,0,1,2020-21,Playoffs
0042000145,1610612763,Memphis,Grizzlies,MEM,grizzlies,1628960,Grayson,Allen,G. Allen,grayson-allen,,,3,15:29,2,0,2,2,11,2,3,14,0,1,1,0,2020-21,Playoffs
0042000145,1610612763,Memphis,Grizzlies,MEM,grizzlies,1630217,Desmond,Bane,D. Bane,desmond-bane,,,22,23:23,0,0,5,2,13,6,8,26,0,0,0,1,2020-21,Playoffs
0042000145,1610612763,Memphis,Grizzlies,MEM,grizzlies,1626145,Tyus,Jones,T. Jones,tyus-jones,,,21,16:58,0,0,0,4,2,10,2,22,0,0,0,0,2020-21,Playoffs
0042000145,1610612763,Memphis,Grizzlies,MEM,grizzlies,1629001,De'Anthony,Melton,D. Melton,deanthony-melton,,,0,17:20,0,0,3,2,4,10,2,24,1,0,2,1,2020-21,Playoffs
0042000145,1610612763,Memphis,Grizzlies,MEM,grizzlies,1630214,Xavier,Tillman,X. Tillman,xavier-tillman,,,2,2:48,2,0,0,2,0,0,0,0,0,0,0,1,2020-21,Playoffs
0042000145,1610612763,Memphis,Grizzlies,MEM,grizzlies,1626159,Justise,Winslow,J. Winslow,justise-winslow,,,7,2:48,0,0,0,0,0,0,0,0,0,0,0,0,2020-21,Playoffs
0042000145,1610612763,Memphis,Grizzlies,MEM,grizzlies,1629723,John,Konchar,J. Konchar,john-konchar,,,46,2:48,0,0,0,0,0,0,0,0,1,0,0,0,2020-21,Playoffs
0042000145,1610612763,Memphis,Grizzlies,MEM,grizzlies,1629634,Brandon,Clarke,B. Clarke,brandon-clarke,,,15,2:48,0,0,0,2,0,0,0,0,1,0,0,0,2020-21,Playoffs
0042000145,1610612763,Memphis,Grizzlies,MEM,grizzlies,204025,Tim,Frazier,T. Frazier,tim-frazier,,DNP - Coach's Decision,10,,0,0,0,0,0,0,0,0,0,0,0,0,2020-21,Playoffs
0042000145,1610612763,Memphis,Grizzlies,MEM,grizzlies,1629681,Killian,Tillie,K. Tillie,killian-tillie,,DNP - Coach's Decision,35,,0,0,0,0,0,0,0,0,0,0,0,0,2020-21,Playoffs
0042000145,1610612762,Utah,Jazz,UTA,jazz,202711,Bojan,Bogdanovic,B. Bogdanovic,bojan-bogdanovic,F,,44,31:14,5,0,3,6,7,11,8,26,0,0,0,1,2020-21,Playoffs
0042000145,1610612762,Utah,Jazz,UTA,jazz,1626220,Royce,O'Neale,R. O'Neale,royce-oneale,F,,23,35:36,4,2,4,8,12,14,7,34,1,0,3,3,2020-21,Playoffs
0042000145,1610612762,Utah,Jazz,UTA,jazz,203497,Rudy,Gobert,R. Gobert,rudy-gobert,C,,27,33:23,6,12,0,20,11,8,11,32,3,0,3,2,2020-21,Playoffs
0042000145,1610612762,Utah,Jazz,UTA,jazz,1628378,Donovan,Mitchell,D. Mitchell,donovan-mitchell,G,,45,29:25,3,0,3,10,4,12,8,26,0,0,3,2,2020-21,Playoffs
0042000145,1610612762,Utah,Jazz,UTA,jazz,201144,Mike,Conley,M. Conley,mike-conley,G,,10,11:35,0,0,0,2,2,0,3,16,0,0,0,1,2020-21,Playoffs
0042000145,1610612762,Utah,Jazz,UTA,jazz,202324,Derrick,Favors,D. Favors,derrick-favors,,,15,12:20,0,0,0,2,5,8,2,16,0,0,1,0,2020-21,Playoffs
0042000145,1610612762,Utah,Jazz,UTA,jazz,204060,Joe,Ingles,J. Ingles,joe-ingles,,,2,27:58,0,0,0,0,14,9,8,28,0,1,2,0,2020-21,Playoffs
0042000145,1610612762,Utah,Jazz,UTA,jazz,203903,Jordan,Clarkson,J. Clarkson,jordan-clarkson,,,00,30:33,3,0,2,12,14,11,13,36,0,2,2,3,2020-21,Playoffs
0042000145,1610612762,Utah,Jazz,UTA,jazz,1627777,Georges,Niang,G. Niang,georges-niang,,,31,14:29,3,0,0,0,9,5,5,22,1,1,2,0,2020-21,Playoffs
0042000145,1610612762,Utah,Jazz,UTA,jazz,1630235,Trent,Forrest,T. Forrest,trent-forrest,,,3,4:19,0,0,0,0,4,2,0,8,0,0,0,0,2020-21,Playoffs
0042000145,1610612762,Utah,Jazz,UTA,jazz,1629714,Jarrell,Brantley,J. Brantley,jarrell-brantley,,,5,2:17,0,0,0,0,2,0,0,4,0,1,0,0,2020-21,Playoffs
0042000145,1610612762,Utah,Jazz,UTA,jazz,1629671,Miye,Oni,M. Oni,miye-oni,,,81,2:17,0,0,0,0,2,0,0,4,0,0,0,0,2020-21,Playoffs
0042000145,1610612762,Utah,Jazz,UTA,jazz,1629752,Juwan,Morgan,J. Morgan,juwan-morgan,,,16,2:17,0,0,0,0,2,0,0,4,0,0,0,0,2020-21,Playoffs
0042000145,1610612762,Utah,Jazz,UTA,jazz,1629744,Matt,Thomas,M. Thomas,matt-thomas,,,21,2:17,0,0,0,0,2,0,0,4,0,1,0,0,2020-21,Playoffs
0042000145,1610612762,Utah,Jazz,UTA,jazz,101141,Ersan,Ilyasova,E. Ilyasova,ersan-ilyasova,,DNP - Coach's Decision,77,,0,0,0,0,0,0,0,0,0,0,0,0,2020-21,Playoffs
0042000151,1610612747,Los Angeles,Lakers,LAL,lakers,2544,LeBron,James,L. James,lebron-james,F,,6,36:04,7,2,4,4,6,14,10,34,0,1,1,5,2020-21,Playoffs
0042000151,1610612747,Los Angeles,Lakers,LAL,lakers,203076,Anthony,Davis,A. Davis,anthony-davis,F,,3,38:48,0,0,0,8,12,19,14,46,3,1,1,4,2020-21,Playoffs
0042000151,1610612747,Los Angeles,Lakers,LAL,lakers,203083,Andre,Drummond,A. Drummond,andre-drummond,C,,2,19:05,2,7,0,10,8,11,7,24,1,1,1,2,2020-21,Playoffs
0042000151,1610612747,Los Angeles,Lakers,LAL,lakers,203484,Kentavious,Caldwell-Pope,K. Caldwell-Pope,kentavious-caldwell-pope,G,,1,34:56,2,0,0,0,12,15,7,36,0,0,3,1,2020-21,Playoffs
0042000151,1610612747,Los Angeles,Lakers,LAL,lakers,203471,Dennis,Schröder,D. Schröder,dennis-schröder,G,,17,34:08,2,0,2,6,10,17,11,40,1,0,3,3,2020-21,Playoffs
0042000151,1610612747,Los Angeles,Lakers,LAL,lakers,1628398,Kyle,Kuzma,K. Kuzma,kyle-kuzma,,,0,19:24,0,0,0,0,4,9,9,22,0,1,1,0,2020-21,Playoffs
0042000151,1610612747,Los Angeles,Lakers,LAL,lakers,1626149,Montrezl,Harrell,M. Harrell,montrezl-harrell,,,15,14:38,3,1,3,8,2,4,7,16,0,0,2,3,2020-21,Playoffs
0042000151,1610612747,Los Angeles,Lakers,LAL,lakers,1627936,Alex,Caruso,A. Caruso,alex-caruso,,,4,24:07,2,0,0,4,2,8,5,18,0,0,4,2,2020-21,Playoffs
0042000151,1610612747,Los Angeles,Lakers,LAL,lakers,1629659,Talen,Horton-Tucker,T. Horton-Tucker,talen-horton-tucker,,,5,7:05,0,0,0,2,0,4,6,10,0,0,0,0,2020-21,Playoffs
0042000151,1610612747,Los Angeles,Lakers,LAL,lakers,202083,Wesley,Matthews,W. Matthews,wesley-matthews,,,9,11:45,0,0,0,2,4,4,4,14,0,0,2,0,2020-21,Playoffs
0042000151,1610612747,Los Angeles,Lakers,LAL,lakers,201162,Jared,Dudley,J. Dudley,jared-dudley,,DNP - Coach's Decision,10,,0,0,0,0,0,0,0,0,0,0,0,0,2020-21,Playoffs
0042000151,1610612747,Los Angeles,Lakers,LAL,lakers,201188,Marc,Gasol,M. Gasol,marc-gasol,,DNP - Coach's Decision,14,,0,0,0,0,0,0,0,0,0,0,0,0,2020-21,Playoffs
0042000151,1610612747,Los Angeles,Lakers,LAL,lakers,1628035,Alfonzo,McKinnie,A. McKinnie,alfonzo-mckinnie,,DNP - Coach's Decision,28,,0,0,0,0,0,0,0,0,0,0,0,0,2020-21,Playoffs
0042000151,1610612747,Los Angeles,Lakers,LAL,lakers,203463,Ben,McLemore,B. McLemore,ben-mclemore,,DNP - Coach's Decision,7,,0,0,0,0,0,0,0,0,0,0,0,0,2020-21,Playoffs
0042000151,1610612747,Los Angeles,Lakers,LAL,lakers,202693,Markieff,Morris,M. Morris,markieff-morris,,DNP - Coach's Decision,88,,0,0,0,0,0,0,0,0,0,0,0,0,2020-21,Playoffs
0042000151,1610612756,Phoenix,Suns,PHX,suns,1628969,Mikal,Bridges,M. Bridges,mikal-bridges,F,,25,40:32,2,4,0,4,14,10,9,34,1,1,1,0,2020-21,Playoffs
0042000151,1610612756,Phoenix,Suns,PHX,suns,203109,Jae,Crowder,J. Crowder,jae-crowder,F,,99,29:25,2,0,2,2,10,8,4,20,0,1,3,2,2020-21,Playoffs
0042000151,1610612756,Phoenix,Suns,PHX,suns,1629028,Deandre,Ayton,D. Ayton,deandre-ayton,C,,22,36:43,2,10,4,20,12,6,4,26,1,0,3,4,2020-21,Playoffs
0042000151,1610612756,Phoenix,Suns,PHX,suns,1626164,Devin,Booker,D. Booker,devin-booker,G,,1,45:11,4,0,2,16,14,8,7,38,0,3,4,5,2020-21,Playoffs
0042000151,1610612756,Phoenix,Suns,PHX,suns,101108,Chris,Paul,C. Paul,chris-paul,G,,3,36:10,0,2,3,2,13,9,6,32,1,0,3,4,2020-21,Playoffs
0042000151,1610612756,Phoenix,Suns,PHX,suns,1629661,Cameron,Johnson,C. Johnson,cameron-johnson,,,23,22:53,2,0,5,2,10,2,5,30,0,0,2,2,2020-21,Playoffs
0042000151,1610612756,Phoenix,Suns,PHX,suns,1626166,Cameron,Payne,C. Payne,cameron-payne,,,15,12:40,0,3,0,2,9,3,5,18,0,0,1,0,2020-21,Playoffs
0042000151,1610612756,Phoenix,Suns,PHX,suns,1628470,Torrey,Craig,T. Craig,torrey-craig,,,12,3:07,0,0,0,0,2,0,0,4,0,0,0,0,2020-21,Playoffs
0042000151,1610612756,Phoenix,Suns,PHX,suns,203967,Dario,Saric,D. Saric,dario-saric,,,20,11:17,0,2,0,4,6,4,5,18,1,0,3,1,2020-21,Playoffs
0042000151,1610612756,Phoenix,Suns,PHX,suns,202734,E'Twaun,Moore,E. Moore,etwaun-moore,,,55,2:02,0,0,0,0,0,0,0,0,0,0,0,0,2020-21,Playoffs
0042000151,1610612756,Phoenix,Suns,PHX,suns,1630234,Ty-Shon,Alexander,T. Alexander,ty-shon-alexander,,DNP - Coach's Decision,0,,0,0,0,0,0,0,0,0,0,0,0,0,2020-21,Playoffs
0042000151,1610612756,Phoenix,Suns,PHX,suns,1628975,Jevon,Carter,J. Carter,jevon-carter,,DNP - Coach's Decision,4,,0,0,0,0,0,0,0,0,0,0,0,0,2020-21,Playoffs
0042000151,1610612756,Phoenix,Suns,PHX,suns,204038,Langston,Galloway,L. Galloway,langston-galloway,,DNP - Coach's Decision,2,,0,0,0,0,0,0,0,0,0,0,0,0,2020-21,Playoffs
0042000151,1610612756,Phoenix,Suns,PHX,suns,1626163,Frank,Kaminsky,F. Kaminsky,frank-kaminsky,,DNP - Coach's Decision,8,,0,0,0,0,0,0,0,0,0,0,0,0,2020-21,Playoffs
0042000151,1610612756,Phoenix,Suns,PHX,suns,1630188,Jalen,Smith,J. Smith,jalen-smith,,DNP - Coach's Decision,10,,0,0,0,0,0,0,0,0,0,0,0,0,2020-21,Playoffs
0042000152,1610612747,Los Angeles,Lakers,LAL,lakers,2544,LeBron,James,L. James,lebron-james,F,,6,38:54,7,3,4,6,5,9,2,26,0,0,3,2,2020-21,Playoffs
0042000152,1610612747,Los Angeles,Lakers,LAL,lakers,203076,Anthony,Davis,A. Davis,anthony-davis,F,,3,39:58,8,1,4,6,3,6,4,36,3,0,3,13,2020-21,Playoffs
0042000152,1610612747,Los Angeles,Lakers,LAL,lakers,203083,Andre,Drummond,A. Drummond,andre-drummond,C,,2,24:22,2,4,0,14,3,7,2,20,1,0,4,1,2020-21,Playoffs
0042000152,1610612747,Los Angeles,Lakers,LAL,lakers,203484,Kentavious,Caldwell-Pope,K. Caldwell-Pope,kentavious-caldwell-pope,G,,1,30:35,0,0,0,0,2,4,4,22,0,0,4,0,2020-21,Playoffs
0042000152,1610612747,Los Angeles,Lakers,LAL,lakers,203471,Dennis,Schröder,D. Schröder,dennis-schröder,G,,17,33:30,4,0,7,10,3,4,2,30,0,1,3,4,2020-21,Playoffs
0042000152,1610612747,Los Angeles,Lakers,LAL,lakers,1628398,Kyle,Kuzma,K. Kuzma,kyle-kuzma,,,0,19:56,0,0,0,2,0,3,2,16,1,0,1,0,2020-21,Playoffs
0042000152,1610612747,Los Angeles,Lakers,LAL,lakers,201188,Marc,Gasol,M. Gasol,marc-gasol,,,14,19:58,0,0,0,0,2,2,2,20,0,0,2,1,2020-21,Playoffs
0042000152,1610612747,Los Angeles,Lakers,LAL,lakers,202693,Markieff,Morris,M. Morris,markieff-morris,,,88,3:58,0,0,0,0,2,0,0,2,0,0,1,0,2020-21,Playoffs
0042000152,1610612747,Los Angeles,Lakers,LAL,lakers,1627936,Alex,Caruso,A. Caruso,alex-caruso,,,4,18:47,0,2,0,4,5,5,2,14,1,1,1,1,2020-21,Playoffs
0042000152,1610612747,Los Angeles,Lakers,LAL,lakers,1629659,Talen,Horton-Tucker,T. Horton-Tucker,talen-horton-tucker,,,5,5:52,0,1,0,0,0,0,0,10,0,0,0,1,2020-21,Playoffs
0042000152,1610612747,Los Angeles,Lakers,LAL,lakers,202083,Wesley,Matthews,W. Matthews,wesley-matthews,,,9,4:11,0,0,0,0,0,5,0,4,0,1,1,0,2020-21,Playoffs
0042000152,1610612747,Los Angeles,Lakers,LAL,lakers,201162,Jared,Dudley,J. Dudley,jared-dudley,,DNP - Coach's Decision,10,,0,0,0,0,0,0,0,0,0,0,0,0,2020-21,Playoffs
0042000152,1610612747,Los Angeles,Lakers,LAL,lakers,1626149,Montrezl,Harrell,M. Harrell,montrezl-harrell,,DNP - Coach's Decision,15,,0,0,0,0,0,0,0,0,0,0,0,0,2020-21,Playoffs
0042000152,1610612747,Los Angeles,Lakers,LAL,lakers,1628035,Alfonzo,McKinnie,A. McKinnie,alfonzo-mckinnie,,DNP - Coach's Decision,28,,0,0,0,0,0,0,0,0,0,0,0,0,2020-21,Playoffs
0042000152,1610612747,Los Angeles,Lakers,LAL,lakers,203463,Ben,McLemore,B. McLemore,ben-mclemore,,DNP - Coach's Decision,7,,0,0,0,0,0,0,0,0,0,0,0,0,2020-21,Playoffs
0042000152,1610612756,Phoenix,Suns,PHX,suns,1628969,Mikal,Bridges,M. Bridges,mikal-bridges,F,,25,26:44,3,0,0,0,17,4,13,32,0,1,1,0,2020-21,Playoffs
0042000152,1610612756,Phoenix,Suns,PHX,suns,203109,Jae,Crowder,J. Crowder,jae-crowder,F,,99,28:34,0,2,0,2,8,9,4,18,1,0,4,2,2020-21,Playoffs
0042000152,1610612756,Phoenix,Suns,PHX,suns,1629028,Deandre,Ayton,D. Ayton,deandre-ayton,C,,22,42:14,0,2,2,20,18,7,13,34,0,2,4,0,2020-21,Playoffs
0042000152,1610612756,Phoenix,Suns,PHX,suns,1626164,Devin,Booker,D. Booker,devin-booker,G,,1,40:07,0,0,2,8,21,8,13,40,0,3,3,12,2020-21,Playoffs
0042000152,1610612756,Phoenix,Suns,PHX,suns,101108,Chris,Paul,C. Paul,chris-paul,G,,3,22:47,0,0,0,2,16,7,15,26,0,0,2,3,2020-21,Playoffs
0042000152,1610612756,Phoenix,Suns,PHX,suns,203967,Dario,Saric,D. Saric,dario-saric,,,20,15:12,0,0,0,0,11,6,8,20,0,0,2,3,2020-21,Playoffs
0042000152,1610612756,Phoenix,Suns,PHX,suns,1626166,Cameron,Payne,C. Payne,cameron-payne,,,15,32:53,2,5,0,6,5,7,2,18,2,0,6,3,2020-21,Playoffs
0042000152,1610612756,Phoenix,Suns,PHX,suns,1629661,Cameron,Johnson,C. Johnson,cameron-johnson,,,23,26:34,0,0,0,0,7,7,7,18,0,0,1,0,2020-21,Playoffs
0042000152,1610612756,Phoenix,Suns,PHX,suns,1628470,Torrey,Craig,T. Craig,torrey-craig,,,12,4:55,0,0,0,2,2,0,0,4,0,0,0,0,2020-21,Playoffs
0042000152,1610612756,Phoenix,Suns,PHX,suns,1630234,Ty-Shon,Alexander,T. Alexander,ty-shon-alexander,,DNP - Coach's Decision,0,,0,0,0,0,0,0,0,0,0,0,0,0,2020-21,Playoffs
0042000152,1610612756,Phoenix,Suns,PHX,suns,1628975,Jevon,Carter,J. Carter,jevon-carter,,DNP - Coach's Decision,4,,0,0,0,0,0,0,0,0,0,0,0,0,2020-21,Playoffs
0042000152,1610612756,Phoenix,Suns,PHX,suns,204038,Langston,Galloway,L. Galloway,langston-galloway,,DNP - Coach's Decision,2,,0,0,0,0,0,0,0,0,0,0,0,0,2020-21,Playoffs
0042000152,1610612756,Phoenix,Suns,PHX,suns,1626163,Frank,Kaminsky,F. Kaminsky,frank-kaminsky,,DNP - Coach's Decision,8,,0,0,0,0,0,0,0,0,0,0,0,0,2020-21,Playoffs
0042000152,1610612756,Phoenix,Suns,PHX,suns,202734,E'Twaun,Moore,E. Moore,etwaun-moore,,DNP - Coach's Decision,55,,0,0,0,0,0,0,0,0,0,0,0,0,2020-21,Playoffs
0042000152,1610612756,Phoenix,Suns,PHX,suns,1630188,Jalen,Smith,J. Smith,jalen-smith,,DNP - Coach's Decision,10,,0,0,0,0,0,0,0,0,0,0,0,0,2020-21,Playoffs
0042000153,1610612756,Phoenix,Suns,PHX,suns,1628969,Mikal,Bridges,M. Bridges,mikal-bridges,F,,25,34:03,3,0,0,0,11,11,10,42,1,0,1,1,2020-21,Playoffs
0042000153,1610612756,Phoenix,Suns,PHX,suns,203109,Jae,Crowder,J. Crowder,jae-crowder,F,,99,31:04,3,1,0,0,8,8,6,28,2,0,5,4,2020-21,Playoffs
0042000153,1610612756,Phoenix,Suns,PHX,suns,1629028,Deandre,Ayton,D. Ayton,deandre-ayton,C,,22,41:11,6,4,0,22,15,18,13,52,2,0,4,3,2020-21,Playoffs
0042000153,1610612756,Phoenix,Suns,PHX,suns,1626164,Devin,Booker,D. Booker,devin-booker,G,,1,41:21,2,0,2,6,15,12,10,52,0,4,6,6,2020-21,Playoffs
0042000153,1610612756,Phoenix,Suns,PHX,suns,101108,Chris,Paul,C. Paul,chris-paul,G,,3,27:22,2,0,2,4,6,9,13,32,0,0,2,2,2020-21,Playoffs
0042000153,1610612756,Phoenix,Suns,PHX,suns,1626166,Cameron,Payne,C. Payne,cameron-payne,,,15,26:42,8,0,8,4,13,16,3,32,0,0,1,1,2020-21,Playoffs
0042000153,1610612756,Phoenix,Suns,PHX,suns,1629661,Cameron,Johnson,C. Johnson,cameron-johnson,,,23,16:56,0,3,0,0,9,12,7,30,0,0,1,2,2020-21,Playoffs
0042000153,1610612756,Phoenix,Suns,PHX,suns,1628470,Torrey,Craig,T. Craig,torrey-craig,,,12,14:32,0,2,6,2,6,12,3,16,0,0,2,0,2020-21,Playoffs
0042000153,1610612756,Phoenix,Suns,PHX,suns,1626163,Frank,Kaminsky,F. Kaminsky,frank-kaminsky,,,8,6:49,0,0,0,0,2,2,0,6,1,0,2,0,2020-21,Playoffs
0042000153,1610612756,Phoenix,Suns,PHX,suns,1630234,Ty-Shon,Alexander,T. Alexander,ty-shon-alexander,,DNP - Coach's Decision,0,,0,0,0,0,0,0,0,0,0,0,0,0,2020-21,Playoffs
0042000153,1610612756,Phoenix,Suns,PHX,suns,1628975,Jevon,Carter,J. Carter,jevon-carter,,DNP - Coach's Decision,4,,0,0,0,0,0,0,0,0,0,0,0,0,2020-21,Playoffs
0042000153,1610612756,Phoenix,Suns,PHX,suns,204038,Langston,Galloway,L. Galloway,langston-galloway,,DNP - Coach's Decision,2,,0,0,0,0,0,0,0,0,0,0,0,0,2020-21,Playoffs
0042000153,1610612756,Phoenix,Suns,PHX,suns,202734,E'Twaun,Moore,E. Moore,etwaun-moore,,DNP - Coach's Decision,55,,0,0,0,0,0,0,0,0,0,0,0,0,2020-21,Playoffs
0042000153,1610612756,Phoenix,Suns,PHX,suns,203967,Dario,Saric,D. Saric,dario-saric,,DNP - Coach's Decision,20,,0,0,0,0,0,0,0,0,0,0,0,0,2020-21,Playoffs
0042000153,1610612756,Phoenix,Suns,PHX,suns,1630188,Jalen,Smith,J. Smith,jalen-smith,,DNP - Coach's Decision,10,,0,0,0,0,0,0,0,0,0,0,0,0,2020-21,Playoffs
0042000153,1610612747,Los Angeles,Lakers,LAL,lakers,2544,LeBron,James,L. James,lebron-james,F,,6,37:45,2,4,4,16,20,8,16,24,0,1,0,5,2020-21,Playoffs
0042000153,1610612747,Los Angeles,Lakers,LAL,lakers,203076,Anthony,Davis,A. Davis,anthony-davis,F,,3,40:20,9,4,4,20,24,8,15,32,1,0,5,8,2020-21,Playoffs
0042000153,1610612747,Los Angeles,Lakers,LAL,lakers,203083,Andre,Drummond,A. Drummond,andre-drummond,C,,2,20:07,2,0,0,6,7,7,5,16,1,2,2,0,2020-21,Playoffs
0042000153,1610612747,Los Angeles,Lakers,LAL,lakers,203484,Kentavious,Caldwell-Pope,K. Caldwell-Pope,kentavious-caldwell-pope,G,,1,25:56,2,2,2,4,9,7,2,22,0,0,3,1,2020-21,Playoffs
0042000153,1610612747,Los Angeles,Lakers,LAL,lakers,203471,Dennis,Schröder,D. Schröder,dennis-schröder,G,,17,33:03,2,0,0,8,22,10,10,26,0,2,1,5,2020-21,Playoffs
0042000153,1610612747,Los Angeles,Lakers,LAL,lakers,1628398,Kyle,Kuzma,K. Kuzma,kyle-kuzma,,,0,23:44,0,5,0,0,4,2,8,18,0,0,1,1,2020-21,Playoffs
0042000153,1610612747,Los Angeles,Lakers,LAL,lakers,201188,Marc,Gasol,M. Gasol,marc-gasol,,,14,16:36,0,0,0,0,10,0,11,12,0,0,3,0,2020-21,Playoffs
0042000153,1610612747,Los Angeles,Lakers,LAL,lakers,1627936,Alex,Caruso,A. Caruso,alex-caruso,,,4,20:26,0,2,0,4,7,3,10,20,2,1,1,0,2020-21,Playoffs
0042000153,1610612747,Los Angeles,Lakers,LAL,lakers,202083,Wesley,Matthews,W. Matthews,wesley-matthews,,,9,18:28,0,3,3,0,15,3,13,14,0,0,2,4,2020-21,Playoffs
0042000153,1610612747,Los Angeles,Lakers,LAL,lakers,203463,Ben,McLemore,B. McLemore,ben-mclemore,,,7,3:34,0,0,0,0,2,2,0,6,0,0,1,0,2020-21,Playoffs
0042000153,1610612747,Los Angeles,Lakers,LAL,lakers,201162,Jared,Dudley,J. Dudley,jared-dudley,,DNP - Coach's Decision,10,,0,0,0,0,0,0,0,0,0,0,0,0,2020-21,Playoffs
0042000153,1610612747,Los Angeles,Lakers,LAL,lakers,1626149,Montrezl,Harrell,M. Harrell,montrezl-harrell,,DNP - Coach's Decision,15,,0,0,0,0,0,0,0,0,0,0,0,0,2020-21,Playoffs
0042000153,1610612747,Los Angeles,Lakers,LAL,lakers,1629659,Talen,Horton-Tucker,T. Horton-Tucker,talen-horton-tucker,,DNP - Coach's Decision,5,,0,0,0,0,0,0,0,0,0,0,0,0,2020-21,Playoffs
0042000153,1610612747,Los Angeles,Lakers,LAL,lakers,1628035,Alfonzo,McKinnie,A. McKinnie,alfonzo-mckinnie,,DNP - Coach's Decision,28,,0,0,0,0,0,0,0,0,0,0,0,0,2020-21,Playoffs
0042000153,1610612747,Los Angeles,Lakers,LAL,lakers,202693,Markieff,Morris,M. Morris,markieff-morris,,DNP - Coach's Decision,88,,0,0,0,0,0,0,0,0,0,0,0,0,2020-21,Playoffs
0042000154,1610612756,Phoenix,Suns,PHX,suns,1628969,Mikal,Bridges,M. Bridges,mikal-bridges,F,,25,33:48,0,0,0,0,10,5,9,24,0,0,1,0,2020-21,Playoffs
0042000154,1610612756,Phoenix,Suns,PHX,suns,203109,Jae,Crowder,J. Crowder,jae-crowder,F,,99,34:37,3,2,5,6,7,5,9,18,1,0,3,2,2020-21,Playoffs
0042000154,1610612756,Phoenix,Suns,PHX,suns,1629028,Deandre,Ayton,D. Ayton,deandre-ayton,C,,22,38:29,2,3,2,12,10,7,11,24,1,1,4,5,2020-21,Playoffs
0042000154,1610612756,Phoenix,Suns,PHX,suns,1626164,Devin,Booker,D. Booker,devin-booker,G,,1,39:18,5,3,6,4,10,7,11,26,0,1,3,6,2020-21,Playoffs
0042000154,1610612756,Phoenix,Suns,PHX,suns,101108,Chris,Paul,C. Paul,chris-paul,G,,3,31:41,4,0,0,10,7,0,9,24,0,1,1,3,2020-21,Playoffs
0042000154,1610612756,Phoenix,Suns,PHX,suns,1626166,Cameron,Payne,C. Payne,cameron-payne,,,15,25:01,2,0,0,8,7,7,6,22,1,2,2,1,2020-21,Playoffs
0042000154,1610612756,Phoenix,Suns,PHX,suns,1629661,Cameron,Johnson,C. Johnson,cameron-johnson,,,23,20:00,3,0,3,2,5,2,4,18,0,0,1,0,2020-21,Playoffs
0042000154,1610612756,Phoenix,Suns,PHX,suns,1628470,Torrey,Craig,T. Craig,torrey-craig,,,12,10:35,0,0,0,2,2,2,4,16,1,0,2,0,2020-21,Playoffs
0042000154,1610612756,Phoenix,Suns,PHX,suns,1626163,Frank,Kaminsky,F. Kaminsky,frank-kaminsky,,,8,6:31,0,0,0,0,2,0,2,8,0,0,3,1,2020-21,Playoffs
0042000154,1610612756,Phoenix,Suns,PHX,suns,1630234,Ty-Shon,Alexander,T. Alexander,ty-shon-alexander,,DNP - Coach's Decision,0,,0,0,0,0,0,0,0,0,0,0,0,0,2020-21,Playoffs
0042000154,1610612756,Phoenix,Suns,PHX,suns,1628975,Jevon,Carter,J. Carter,jevon-carter,,DNP - Coach's Decision,4,,0,0,0,0,0,0,0,0,0,0,0,0,2020-21,Playoffs
0042000154,1610612756,Phoenix,Suns,PHX,suns,204038,Langston,Galloway,L. Galloway,langston-galloway,,DNP - Coach's Decision,2,,0,0,0,0,0,0,0,0,0,0,0,0,2020-21,Playoffs
0042000154,1610612756,Phoenix,Suns,PHX,suns,202734,E'Twaun,Moore,E. Moore,etwaun-moore,,DNP - Coach's Decision,55,,0,0,0,0,0,0,0,0,0,0,0,0,2020-21,Playoffs
0042000154,1610612756,Phoenix,Suns,PHX,suns,203967,Dario,Saric,D. Saric,dario-saric,,DNP - Coach's Decision,20,,0,0,0,0,0,0,0,0,0,0,0,0,2020-21,Playoffs
0042000154,1610612756,Phoenix,Suns,PHX,suns,1630188,Jalen,Smith,J. Smith,jalen-smith,,DNP - Coach's Decision,10,,0,0,0,0,0,0,0,0,0,0,0,0,2020-21,Playoffs
0042000154,1610612747,Los Angeles,Lakers,LAL,lakers,2544,LeBron,James,L. James,lebron-james,F,,6,37:49,5,0,8,18,9,5,7,38,0,0,1,6,2020-21,Playoffs
0042000154,1610612747,Los Angeles,Lakers,LAL,lakers,203076,Anthony,Davis,A. Davis,anthony-davis,F,,3,19:24,0,0,0,2,8,3,11,14,1,0,0,1,2020-21,Playoffs
0042000154,1610612747,Los Angeles,Lakers,LAL,lakers,203083,Andre,Drummond,A. Drummond,andre-drummond,C,,2,19:23,4,0,0,4,10,4,12,22,0,0,2,1,2020-21,Playoffs
0042000154,1610612747,Los Angeles,Lakers,LAL,lakers,202083,Wesley,Matthews,W. Matthews,wesley-matthews,G,,9,25:16,0,3,3,0,17,7,14,24,0,0,3,1,2020-21,Playoffs
0042000154,1610612747,Los Angeles,Lakers,LAL,lakers,203471,Dennis,Schröder,D. Schröder,dennis-schröder,G,,17,32:06,0,0,0,2,9,5,9,28,0,2,2,1,2020-21,Playoffs
0042000154,1610612747,Los Angeles,Lakers,LAL,lakers,1628398,Kyle,Kuzma,K. Kuzma,kyle-kuzma,,,0,25:22,0,0,0,6,16,8,7,26,0,1,3,1,2020-21,Playoffs
0042000154,1610612747,Los Angeles,Lakers,LAL,lakers,1627936,Alex,Caruso,A. Caruso,alex-caruso,,,4,29:05,0,0,0,2,10,3,4,20,1,0,3,2,2020-21,Playoffs
0042000154,1610612747,Los Angeles,Lakers,LAL,lakers,201188,Marc,Gasol,M. Gasol,marc-gasol,,,14,23:18,3,2,2,2,5,3,4,16,3,0,2,5,2020-21,Playoffs
0042000154,1610612747,Los Angeles,Lakers,LAL,lakers,203463,Ben,McLemore,B. McLemore,ben-mclemore,,,7,15:35,0,0,0,0,7,1,10,18,0,1,2,0,2020-21,Playoffs
0042000154,1610612747,Los Angeles,Lakers,LAL,lakers,202693,Markieff,Morris,M. Morris,markieff-morris,,,88,8:02,0,2,0,0,2,0,2,8,0,0,0,2,2020-21,Playoffs
0042000154,1610612747,Los Angeles,Lakers,LAL,lakers,1626149,Montrezl,Harrell,M. Harrell,montrezl-harrell,,,15,4:41,0,0,0,0,2,1,0,6,0,0,0,0,2020-21,Playoffs
0042000154,1610612747,Los Angeles,Lakers,LAL,lakers,1629719,Devontae,Cacok,D. Cacok,devontae-cacok,,DNP - Coach's Decision,12,,0,0,0,0,0,0,0,0,0,0,0,0,2020-21,Playoffs
0042000154,1610612747,Los Angeles,Lakers,LAL,lakers,201162,Jared,Dudley,J. Dudley,jared-dudley,,DNP - Coach's Decision,10,,0,0,0,0,0,0,0,0,0,0,0,0,2020-21,Playoffs
0042000154,1610612747,Los Angeles,Lakers,LAL,lakers,1629659,Talen,Horton-Tucker,T. Horton-Tucker,talen-horton-tucker,,DNP - Coach's Decision,5,,0,0,0,0,0,0,0,0,0,0,0,0,2020-21,Playoffs
0042000154,1610612747,Los Angeles,Lakers,LAL,lakers,1628035,Alfonzo,McKinnie,A. McKinnie,alfonzo-mckinnie,,DNP - Coach's Decision,28,,0,0,0,0,0,0,0,0,0,0,0,0,2020-21,Playoffs
0042000155,1610612747,Los Angeles,Lakers,LAL,lakers,2544,LeBron,James,L. James,lebron-james,F,,6,31:39,0,0,6,6,19,11,7,26,0,1,1,2,2020-21,Playoffs
0042000155,1610612747,Los Angeles,Lakers,LAL,lakers,202693,Markieff,Morris,M. Morris,markieff-morris,F,,88,10:18,0,0,0,0,10,5,0,12,1,0,1,1,2020-21,Playoffs
0042000155,1610612747,Los Angeles,Lakers,LAL,lakers,203083,Andre,Drummond,A. Drummond,andre-drummond,C,,2,21:51,0,2,0,4,10,7,5,18,0,0,3,2,2020-21,Playoffs
0042000155,1610612747,Los Angeles,Lakers,LAL,lakers,203484,Kentavious,Caldwell-Pope,K. Caldwell-Pope,kentavious-caldwell-pope,G,,1,15:07,0,0,0,0,10,11,2,12,0,0,1,0,2020-21,Playoffs
0042000155,1610612747,Los Angeles,Lakers,LAL,lakers,203471,Dennis,Schröder,D. Schröder,dennis-schröder,G,,17,25:52,0,0,0,0,12,11,7,18,0,1,2,1,2020-21,Playoffs
0042000155,1610612747,Los Angeles,Lakers,LAL,lakers,201188,Marc,Gasol,M. Gasol,marc-gasol,,,14,10:05,0,0,0,0,4,4,2,8,0,0,5,1,2020-21,Playoffs
0042000155,1610612747,Los Angeles,Lakers,LAL,lakers,1627936,Alex,Caruso,A. Caruso,alex-caruso,,,4,20:30,2,0,2,2,10,3,2,20,0,0,2,1,2020-21,Playoffs
0042000155,1610612747,Los Angeles,Lakers,LAL,lakers,1628398,Kyle,Kuzma,K. Kuzma,kyle-kuzma,,,0,22:35,0,3,1,8,6,1,9,24,0,1,2,3,2020-21,Playoffs
0042000155,1610612747,Los Angeles,Lakers,LAL,lakers,202083,Wesley,Matthews,W. Matthews,wesley-matthews,,,9,22:06,0,0,0,0,10,2,5,20,0,0,3,3,2020-21,Playoffs
0042000155,1610612747,Los Angeles,Lakers,LAL,lakers,1629659,Talen,Horton-Tucker,T. Horton-Tucker,talen-horton-tucker,,,5,16:21,0,3,0,6,9,0,4,18,0,0,2,4,2020-21,Playoffs
0042000155,1610612747,Los Angeles,Lakers,LAL,lakers,203463,Ben,McLemore,B. McLemore,ben-mclemore,,,7,16:04,0,0,0,0,9,0,4,18,0,1,2,1,2020-21,Playoffs
0042000155,1610612747,Los Angeles,Lakers,LAL,lakers,1626149,Montrezl,Harrell,M. Harrell,montrezl-harrell,,,15,12:00,0,2,2,6,4,0,4,12,0,0,0,3,2020-21,Playoffs
0042000155,1610612747,Los Angeles,Lakers,LAL,lakers,1628035,Alfonzo,McKinnie,A. McKinnie,alfonzo-mckinnie,,,28,11:08,0,0,0,0,2,0,4,12,0,0,1,0,2020-21,Playoffs
0042000155,1610612747,Los Angeles,Lakers,LAL,lakers,201162,Jared,Dudley,J. Dudley,jared-dudley,,,10,4:24,0,0,0,0,0,0,0,2,0,0,0,0,2020-21,Playoffs
0042000155,1610612747,Los Angeles,Lakers,LAL,lakers,203076,Anthony,Davis,A. Davis,anthony-davis,,DND - Injury/Illness,3,,0,0,0,0,0,0,0,0,0,0,0,0,2020-21,Playoffs
0042000155,1610612756,Phoenix,Suns,PHX,suns,1628969,Mikal,Bridges,M. Bridges,mikal-bridges,F,,25,30:01,0,2,0,4,2,8,5,12,2,0,3,1,2020-21,Playoffs
0042000155,1610612756,Phoenix,Suns,PHX,suns,203109,Jae,Crowder,J. Crowder,jae-crowder,F,,99,28:50,3,6,0,0,2,5,8,12,0,0,2,0,2020-21,Playoffs
0042000155,1610612756,Phoenix,Suns,PHX,suns,1629028,Deandre,Ayton,D. Ayton,deandre-ayton,C,,22,27:16,2,1,0,4,2,2,9,8,0,1,2,3,2020-21,Playoffs
0042000155,1610612756,Phoenix,Suns,PHX,suns,1626164,Devin,Booker,D. Booker,devin-booker,G,,1,33:09,9,2,2,10,2,5,8,20,0,0,3,8,2020-21,Playoffs
0042000155,1610612756,Phoenix,Suns,PHX,suns,101108,Chris,Paul,C. Paul,chris-paul,G,,3,22:56,5,0,0,4,2,5,3,8,0,0,0,3,2020-21,Playoffs
0042000155,1610612756,Phoenix,Suns,PHX,suns,1626166,Cameron,Payne,C. Payne,cameron-payne,,,15,18:36,0,0,2,8,0,3,7,12,0,0,3,0,2020-21,Playoffs
0042000155,1610612756,Phoenix,Suns,PHX,suns,1626163,Frank,Kaminsky,F. Kaminsky,frank-kaminsky,,,8,10:28,0,0,0,2,0,5,2,14,0,0,2,3,2020-21,Playoffs
0042000155,1610612756,Phoenix,Suns,PHX,suns,1629661,Cameron,Johnson,C. Johnson,cameron-johnson,,,23,13:15,2,0,5,2,0,3,4,12,0,0,0,4,2020-21,Playoffs
0042000155,1610612756,Phoenix,Suns,PHX,suns,1628470,Torrey,Craig,T. Craig,torrey-craig,,,12,18:11,0,0,0,2,0,8,3,16,2,0,4,1,2020-21,Playoffs
0042000155,1610612756,Phoenix,Suns,PHX,suns,202734,E'Twaun,Moore,E. Moore,etwaun-moore,,,55,9:19,2,0,0,4,0,2,2,12,0,0,2,0,2020-21,Playoffs
0042000155,1610612756,Phoenix,Suns,PHX,suns,204038,Langston,Galloway,L. Galloway,langston-galloway,,,2,8:39,0,0,0,2,0,2,2,10,0,0,0,1,2020-21,Playoffs
0042000155,1610612756,Phoenix,Suns,PHX,suns,1628975,Jevon,Carter,J. Carter,jevon-carter,,,4,8:05,0,0,0,0,0,2,2,10,0,0,0,1,2020-21,Playoffs
0042000155,1610612756,Phoenix,Suns,PHX,suns,203967,Dario,Saric,D. Saric,dario-saric,,,20,6:51,0,0,2,2,0,0,0,8,0,0,1,0,2020-21,Playoffs
0042000155,1610612756,Phoenix,Suns,PHX,suns,1630188,Jalen,Smith,J. Smith,jalen-smith,,,10,4:24,0,0,0,0,0,0,0,6,0,0,0,0,2020-21,Playoffs
0042000155,1610612756,Phoenix,Suns,PHX,suns,1630234,Ty-Shon,Alexander,T. Alexander,ty-shon-alexander,,DNP - Coach's Decision,0,,0,0,0,0,0,0,0,0,0,0,0,0,2020-21,Playoffs
0042000156,1610612756,Phoenix,Suns,PHX,suns,1628969,Mikal,Bridges,M. Bridges,mikal-bridges,F,,25,35:07,5,2,2,6,10,21,12,42,1,0,2,1,2020-21,Playoffs
0042000156,1610612756,Phoenix,Suns,PHX,suns,203109,Jae,Crowder,J. Crowder,jae-crowder,F,,99,36:31,0,0,0,0,7,19,9,46,2,0,3,2,2020-21,Playoffs
0042000156,1610612756,Phoenix,Suns,PHX,suns,1629028,Deandre,Ayton,D. Ayton,deandre-ayton,C,,22,31:52,0,2,0,6,6,21,8,38,0,1,1,2,2020-21,Playoffs
0042000156,1610612756,Phoenix,Suns,PHX,suns,1626164,Devin,Booker,D. Booker,devin-booker,G,,1,45:58,6,0,8,8,12,27,12,54,1,2,2,7,2020-21,Playoffs
0042000156,1610612756,Phoenix,Suns,PHX,suns,101108,Chris,Paul,C. Paul,chris-paul,G,,3,28:49,0,0,0,4,5,13,9,38,0,0,4,2,2020-21,Playoffs
0042000156,1610612756,Phoenix,Suns,PHX,suns,1626166,Cameron,Payne,C. Payne,cameron-payne,,,15,23:15,0,0,0,0,7,14,3,22,3,0,1,2,2020-21,Playoffs
0042000156,1610612756,Phoenix,Suns,PHX,suns,1629661,Cameron,Johnson,C. Johnson,cameron-johnson,,,23,20:14,0,2,3,0,7,12,3,22,0,0,2,2,2020-21,Playoffs
0042000156,1610612756,Phoenix,Suns,PHX,suns,1626163,Frank,Kaminsky,F. Kaminsky,frank-kaminsky,,,8,6:49,0,0,0,2,1,2,1,4,2,0,1,1,2020-21,Playoffs
0042000156,1610612756,Phoenix,Suns,PHX,suns,1628470,Torrey,Craig,T. Craig,torrey-craig,,,12,10:54,0,0,0,0,5,6,3,14,0,0,1,1,2020-21,Playoffs
0042000156,1610612756,Phoenix,Suns,PHX,suns,1628975,Jevon,Carter,J. Carter,jevon-carter,,,4,0:31,0,0,0,0,0,0,0,0,0,0,0,0,2020-21,Playoffs
0042000156,1610612756,Phoenix,Suns,PHX,suns,204038,Langston,Galloway,L. Galloway,langston-galloway,,DNP - Coach's Decision,2,,0,0,0,0,0,0,0,0,0,0,0,0,2020-21,Playoffs
0042000156,1610612756,Phoenix,Suns,PHX,suns,202734,E'Twaun,Moore,E. Moore,etwaun-moore,,DNP - Coach's Decision,55,,0,0,0,0,0,0,0,0,0,0,0,0,2020-21,Playoffs
0042000156,1610612756,Phoenix,Suns,PHX,suns,203967,Dario,Saric,D. Saric,dario-saric,,DNP - Coach's Decision,20,,0,0,0,0,0,0,0,0,0,0,0,0,2020-21,Playoffs
0042000156,1610612756,Phoenix,Suns,PHX,suns,1630188,Jalen,Smith,J. Smith,jalen-smith,,DNP - Coach's Decision,10,,0,0,0,0,0,0,0,0,0,0,0,0,2020-21,Playoffs
0042000156,1610612747,Los Angeles,Lakers,LAL,lakers,2544,LeBron,James,L. James,lebron-james,F,,6,41:24,6,5,6,16,8,6,13,24,2,3,1,7,2020-21,Playoffs
0042000156,1610612747,Los Angeles,Lakers,LAL,lakers,203076,Anthony,Davis,A. Davis,anthony-davis,F,,3,5:25,0,0,0,0,0,0,0,0,0,0,0,1,2020-21,Playoffs
0042000156,1610612747,Los Angeles,Lakers,LAL,lakers,201188,Marc,Gasol,M. Gasol,marc-gasol,C,,14,17:33,0,0,0,0,3,2,3,10,1,0,4,1,2020-21,Playoffs
0042000156,1610612747,Los Angeles,Lakers,LAL,lakers,203484,Kentavious,Caldwell-Pope,K. Caldwell-Pope,kentavious-caldwell-pope,G,,1,39:02,2,2,4,8,8,6,10,26,0,0,4,3,2020-21,Playoffs
0042000156,1610612747,Los Angeles,Lakers,LAL,lakers,203471,Dennis,Schröder,D. Schröder,dennis-schröder,G,,17,37:49,2,5,0,8,8,4,7,22,0,1,2,2,2020-21,Playoffs
0042000156,1610612747,Los Angeles,Lakers,LAL,lakers,1628398,Kyle,Kuzma,K. Kuzma,kyle-kuzma,,,0,18:24,0,2,0,2,6,2,6,8,0,1,0,0,2020-21,Playoffs
0042000156,1610612747,Los Angeles,Lakers,LAL,lakers,1626149,Montrezl,Harrell,M. Harrell,montrezl-harrell,,,15,7:59,0,2,0,2,3,2,6,2,0,2,1,0,2020-21,Playoffs
0042000156,1610612747,Los Angeles,Lakers,LAL,lakers,1627936,Alex,Caruso,A. Caruso,alex-caruso,,,4,7:44,0,2,0,2,3,0,3,2,0,2,1,0,2020-21,Playoffs
0042000156,1610612747,Los Angeles,Lakers,LAL,lakers,202083,Wesley,Matthews,W. Matthews,wesley-matthews,,,9,28:23,2,7,0,4,8,2,7,16,0,0,2,1,2020-21,Playoffs
0042000156,1610612747,Los Angeles,Lakers,LAL,lakers,1629659,Talen,Horton-Tucker,T. Horton-Tucker,talen-horton-tucker,,,5,19:05,0,2,2,12,5,2,7,10,0,0,1,1,2020-21,Playoffs
0042000156,1610612747,Los Angeles,Lakers,LAL,lakers,202693,Markieff,Morris,M. Morris,markieff-morris,,,88,15:40,0,0,0,2,3,4,3,10,0,0,4,1,2020-21,Playoffs
0042000156,1610612747,Los Angeles,Lakers,LAL,lakers,201162,Jared,Dudley,J. Dudley,jared-dudley,,,10,0:31,0,0,0,0,0,0,0,0,0,0,0,0,2020-21,Playoffs
0042000156,1610612747,Los Angeles,Lakers,LAL,lakers,1628035,Alfonzo,McKinnie,A. McKinnie,alfonzo-mckinnie,,,28,0:31,0,0,0,0,0,0,0,0,0,0,0,0,2020-21,Playoffs
0042000156,1610612747,Los Angeles,Lakers,LAL,lakers,203463,Ben,McLemore,B. McLemore,ben-mclemore,,,7,0:31,0,0,0,0,0,0,0,0,0,0,0,0,2020-21,Playoffs
0042000156,1610612747,Los Angeles,Lakers,LAL,lakers,203083,Andre,Drummond,A. Drummond,andre-drummond,,DNP - Coach's Decision,2,,0,0,0,0,0,0,0,0,0,0,0,0,2020-21,Playoffs
0042000161,1610612757,Portland,Trail Blazers,POR,blazers,1626181,Norman,Powell,N. Powell,norman-powell,F,,24,36:36,0,2,0,4,6,17,7,44,0,0,1,4,2020-21,Playoffs
0042000161,1610612757,Portland,Trail Blazers,POR,blazers,203496,Robert,Covington,R. Covington,robert-covington,F,,23,34:10,0,0,3,2,2,12,5,36,1,0,1,0,2020-21,Playoffs
0042000161,1610612757,Portland,Trail Blazers,POR,blazers,203994,Jusuf,Nurkić,J. Nurkić,jusuf-nurkić,C,,27,32:57,0,5,1,14,4,12,5,32,0,1,4,3,2020-21,Playoffs
0042000161,1610612757,Portland,Trail Blazers,POR,blazers,203468,CJ,McCollum,C. McCollum,cj-mccollum,G,,3,36:29,7,0,2,10,8,13,7,40,1,2,2,2,2020-21,Playoffs
0042000161,1610612757,Portland,Trail Blazers,POR,blazers,203081,Damian,Lillard,D. Lillard,damian-lillard,G,,0,39:53,3,2,0,4,4,12,5,40,0,4,2,6,2020-21,Playoffs
0042000161,1610612757,Portland,Trail Blazers,POR,blazers,2546,Carmelo,Anthony,C. Anthony,carmelo-anthony,,,00,21:35,0,0,0,2,6,5,2,24,0,0,1,3,2020-21,Playoffs
0042000161,1610612757,Portland,Trail Blazers,POR,blazers,1629014,Anfernee,Simons,A. Simons,anfernee-simons,,,1,23:17,3,0,0,0,6,9,2,24,0,0,1,0,2020-21,Playoffs
0042000161,1610612757,Portland,Trail Blazers,POR,blazers,202683,Enes,Freedom,E. Freedom,enes-freedom,,,11,15:03,0,2,0,2,4,5,2,20,0,0,2,0,2020-21,Playoffs
0042000161,1610612757,Portland,Trail Blazers,POR,blazers,1629833,Keljin,Blevins,K. Blevins,keljin-blevins,,DNP - Coach's Decision,21,,0,0,0,0,0,0,0,0,0,0,0,0,2020-21,Playoffs
0042000161,1610612757,Portland,Trail Blazers,POR,blazers,1629604,CJ,Elleby,C. Elleby,cj-elleby,,DNP - Coach's Decision,16,,0,0,0,0,0,0,0,0,0,0,0,0,2020-21,Playoffs
0042000161,1610612757,Portland,Trail Blazers,POR,blazers,1628385,Harry,Giles III,H. Giles III,harry-giles-iii,,DNP - Coach's Decision,4,,0,0,0,0,0,0,0,0,0,0,0,0,2020-21,Playoffs
0042000161,1610612757,Portland,Trail Blazers,POR,blazers,1626178,Rondae,Hollis-Jefferson,R. Hollis-Jefferson,rondae-hollis-jefferson,,DNP - Coach's Decision,2,,0,0,0,0,0,0,0,0,0,0,0,0,2020-21,Playoffs
0042000161,1610612757,Portland,Trail Blazers,POR,blazers,1627884,Derrick,Jones Jr.,D. Jones Jr.,derrick-jones-jr,,DNP - Coach's Decision,5,,0,0,0,0,0,0,0,0,0,0,0,0,2020-21,Playoffs
0042000161,1610612757,Portland,Trail Blazers,POR,blazers,1628388,T.J.,Leaf,T. Leaf,tj-leaf,,DNP - Coach's Decision,18,,0,0,0,0,0,0,0,0,0,0,0,0,2020-21,Playoffs
0042000161,1610612757,Portland,Trail Blazers,POR,blazers,1629642,Nassir,Little,N. Little,nassir-little,,DNP - Coach's Decision,9,,0,0,0,0,0,0,0,0,0,0,0,0,2020-21,Playoffs
0042000161,1610612743,Denver,Nuggets,DEN,nuggets,1629008,Michael,Porter Jr.,M. Porter Jr.,michael-porter-jr,F,,1,37:26,2,6,2,16,13,7,6,28,2,0,2,0,2020-21,Playoffs
0042000161,1610612743,Denver,Nuggets,DEN,nuggets,203932,Aaron,Gordon,A. Gordon,aaron-gordon,F,,50,28:19,0,6,0,8,8,9,4,30,1,1,2,1,2020-21,Playoffs
0042000161,1610612743,Denver,Nuggets,DEN,nuggets,203999,Nikola,Jokić,N. Jokić,nikola-jokić,C,,15,35:21,4,2,0,16,8,9,4,32,0,0,1,6,2020-21,Playoffs
0042000161,1610612743,Denver,Nuggets,DEN,nuggets,203085,Austin,Rivers,A. Rivers,austin-rivers,G,,25,33:05,0,0,3,2,8,9,4,32,2,0,2,1,2020-21,Playoffs
0042000161,1610612743,Denver,Nuggets,DEN,nuggets,1630267,Facundo,Campazzo,F. Campazzo,facundo-campazzo,G,,7,31:32,0,0,0,2,8,9,4,30,1,0,3,3,2020-21,Playoffs
0042000161,1610612743,Denver,Nuggets,DEN,nuggets,1628420,Monte,Morris,M. Morris,monte-morris,,,11,21:59,2,0,2,6,5,6,2,14,0,1,4,1,2020-21,Playoffs
0042000161,1610612743,Denver,Nuggets,DEN,nuggets,203210,JaMychal,Green,J. Green,jamychal-green,,,0,17:37,0,0,0,0,5,2,2,6,1,0,2,0,2020-21,Playoffs
0042000161,1610612743,Denver,Nuggets,DEN,nuggets,1630210,Markus,Howard,M. Howard,markus-howard,,,00,19:58,0,0,0,2,5,2,2,10,0,0,0,0,2020-21,Playoffs
0042000161,1610612743,Denver,Nuggets,DEN,nuggets,200794,Paul,Millsap,P. Millsap,paul-millsap,,,4,14:43,0,3,0,0,5,2,2,8,0,0,2,2,2020-21,Playoffs
0042000161,1610612743,Denver,Nuggets,DEN,nuggets,1629626,Bol,Bol,B. Bol,bol-bol,,DNP - Coach's Decision,10,,0,0,0,0,0,0,0,0,0,0,0,0,2020-21,Playoffs
0042000161,1610612743,Denver,Nuggets,DEN,nuggets,1627885,Shaquille,Harrison,S. Harrison,shaquille-harrison,,DNP - Coach's Decision,3,,0,0,0,0,0,0,0,0,0,0,0,0,2020-21,Playoffs
0042000161,1610612743,Denver,Nuggets,DEN,nuggets,201580,JaVale,McGee,J. McGee,javale-mcgee,,DNP - Coach's Decision,34,,0,0,0,0,0,0,0,0,0,0,0,0,2020-21,Playoffs
0042000161,1610612743,Denver,Nuggets,DEN,nuggets,1630192,Zeke,Nnaji,Z. Nnaji,zeke-nnaji,,DNP - Coach's Decision,22,,0,0,0,0,0,0,0,0,0,0,0,0,2020-21,Playoffs
0042000161,1610612743,Denver,Nuggets,DEN,nuggets,1628427,Vlatko,Čančar,V. Čančar,vlatko-čančar,,DNP - Coach's Decision,31,,0,0,0,0,0,0,0,0,0,0,0,0,2020-21,Playoffs
0042000162,1610612757,Portland,Trail Blazers,POR,blazers,1626181,Norman,Powell,N. Powell,norman-powell,F,,24,25:60,4,0,1,10,15,13,12,32,2,0,3,4,2020-21,Playoffs
0042000162,1610612757,Portland,Trail Blazers,POR,blazers,203496,Robert,Covington,R. Covington,robert-covington,F,,23,37:10,0,0,0,0,13,16,11,46,2,1,3,2,2020-21,Playoffs
0042000162,1610612757,Portland,Trail Blazers,POR,blazers,203994,Jusuf,Nurkić,J. Nurkić,jusuf-nurkić,C,,27,24:35,0,2,0,2,7,4,8,26,1,0,6,2,2020-21,Playoffs
0042000162,1610612757,Portland,Trail Blazers,POR,blazers,203468,CJ,McCollum,C. McCollum,cj-mccollum,G,,3,38:06,2,0,3,10,15,18,15,48,0,0,5,2,2020-21,Playoffs
0042000162,1610612757,Portland,Trail Blazers,POR,blazers,203081,Damian,Lillard,D. Lillard,damian-lillard,G,,0,42:23,8,0,0,4,13,19,14,52,1,1,1,9,2020-21,Playoffs
0042000162,1610612757,Portland,Trail Blazers,POR,blazers,2546,Carmelo,Anthony,C. Anthony,carmelo-anthony,,,00,20:35,0,0,0,0,10,8,11,28,0,0,5,2,2020-21,Playoffs
0042000162,1610612757,Portland,Trail Blazers,POR,blazers,1629014,Anfernee,Simons,A. Simons,anfernee-simons,,,1,10:14,0,0,0,0,6,1,3,8,0,0,1,1,2020-21,Playoffs
0042000162,1610612757,Portland,Trail Blazers,POR,blazers,202683,Enes,Freedom,E. Freedom,enes-freedom,,,11,17:32,2,0,0,2,6,13,6,22,1,1,2,2,2020-21,Playoffs
0042000162,1610612757,Portland,Trail Blazers,POR,blazers,1627884,Derrick,Jones Jr.,D. Jones Jr.,derrick-jones-jr,,,5,5:27,2,0,0,2,0,3,0,8,0,0,1,0,2020-21,Playoffs
0042000162,1610612757,Portland,Trail Blazers,POR,blazers,1626178,Rondae,Hollis-Jefferson,R. Hollis-Jefferson,rondae-hollis-jefferson,,,2,3:36,0,0,0,0,5,0,0,0,0,0,0,1,2020-21,Playoffs
0042000162,1610612757,Portland,Trail Blazers,POR,blazers,1628385,Harry,Giles III,H. Giles III,harry-giles-iii,,,4,3:36,0,0,0,0,5,0,0,0,0,0,0,0,2020-21,Playoffs
0042000162,1610612757,Portland,Trail Blazers,POR,blazers,1629642,Nassir,Little,N. Little,nassir-little,,,9,3:36,3,0,0,0,5,0,0,0,0,0,0,0,2020-21,Playoffs
0042000162,1610612757,Portland,Trail Blazers,POR,blazers,1628388,T.J.,Leaf,T. Leaf,tj-leaf,,,18,3:36,0,2,0,2,5,0,0,0,0,0,0,0,2020-21,Playoffs
0042000162,1610612757,Portland,Trail Blazers,POR,blazers,1629604,CJ,Elleby,C. Elleby,cj-elleby,,,16,3:36,0,0,0,0,5,0,0,0,0,0,0,0,2020-21,Playoffs
0042000162,1610612757,Portland,Trail Blazers,POR,blazers,1629833,Keljin,Blevins,K. Blevins,keljin-blevins,,DNP - Coach's Decision,21,,0,0,0,0,0,0,0,0,0,0,0,0,2020-21,Playoffs
0042000162,1610612743,Denver,Nuggets,DEN,nuggets,1629008,Michael,Porter Jr.,M. Porter Jr.,michael-porter-jr,F,,1,32:48,2,2,5,4,10,4,1,28,0,2,3,2,2020-21,Playoffs
0042000162,1610612743,Denver,Nuggets,DEN,nuggets,203932,Aaron,Gordon,A. Gordon,aaron-gordon,F,,50,28:29,0,1,4,4,13,2,0,22,0,3,2,4,2020-21,Playoffs
0042000162,1610612743,Denver,Nuggets,DEN,nuggets,203999,Nikola,Jokić,N. Jokić,nikola-jokić,C,,15,31:18,6,4,0,16,16,2,0,20,0,0,5,4,2020-21,Playoffs
0042000162,1610612743,Denver,Nuggets,DEN,nuggets,203085,Austin,Rivers,A. Rivers,austin-rivers,G,,25,20:14,3,2,3,2,18,0,0,16,0,0,4,3,2020-21,Playoffs
0042000162,1610612743,Denver,Nuggets,DEN,nuggets,1630267,Facundo,Campazzo,F. Campazzo,facundo-campazzo,G,,7,30:20,2,3,2,4,16,2,0,20,1,1,2,4,2020-21,Playoffs
0042000162,1610612743,Denver,Nuggets,DEN,nuggets,1628420,Monte,Morris,M. Morris,monte-morris,,,11,29:37,2,0,0,6,5,4,4,18,1,0,1,5,2020-21,Playoffs
0042000162,1610612743,Denver,Nuggets,DEN,nuggets,203210,JaMychal,Green,J. Green,jamychal-green,,,0,19:44,0,4,0,4,5,2,4,12,0,1,3,0,2020-21,Playoffs
0042000162,1610612743,Denver,Nuggets,DEN,nuggets,1630210,Markus,Howard,M. Howard,markus-howard,,,00,14:49,3,0,0,2,8,2,3,6,1,0,2,0,2020-21,Playoffs
0042000162,1610612743,Denver,Nuggets,DEN,nuggets,200794,Paul,Millsap,P. Millsap,paul-millsap,,,4,14:45,2,3,0,10,2,2,4,12,0,0,2,4,2020-21,Playoffs
0042000162,1610612743,Denver,Nuggets,DEN,nuggets,1627885,Shaquille,Harrison,S. Harrison,shaquille-harrison,,,3,10:14,2,0,2,2,3,0,4,6,0,0,0,1,2020-21,Playoffs
0042000162,1610612743,Denver,Nuggets,DEN,nuggets,1628427,Vlatko,Čančar,V. Čančar,vlatko-čančar,,,31,2:43,0,0,0,0,3,0,0,0,0,0,0,0,2020-21,Playoffs
0042000162,1610612743,Denver,Nuggets,DEN,nuggets,1630192,Zeke,Nnaji,Z. Nnaji,zeke-nnaji,,,22,2:43,0,0,0,0,3,0,0,0,0,0,1,0,2020-21,Playoffs
0042000162,1610612743,Denver,Nuggets,DEN,nuggets,1629626,Bol,Bol,B. Bol,bol-bol,,,10,2:17,0,0,0,0,3,0,0,0,0,0,0,0,2020-21,Playoffs
0042000162,1610612743,Denver,Nuggets,DEN,nuggets,201580,JaVale,McGee,J. McGee,javale-mcgee,,DNP - Coach's Decision,34,,0,0,0,0,0,0,0,0,0,0,0,0,2020-21,Playoffs
0042000163,1610612743,Denver,Nuggets,DEN,nuggets,1629008,Michael,Porter Jr.,M. Porter Jr.,michael-porter-jr,F,,1,32:44,0,2,1,2,8,10,6,42,0,2,4,2,2020-21,Playoffs
0042000163,1610612743,Denver,Nuggets,DEN,nuggets,203932,Aaron,Gordon,A. Gordon,aaron-gordon,F,,50,33:49,0,0,0,6,13,8,8,42,0,1,2,4,2020-21,Playoffs
0042000163,1610612743,Denver,Nuggets,DEN,nuggets,203999,Nikola,Jokić,N. Jokić,nikola-jokić,C,,15,35:29,4,7,2,14,13,10,8,44,0,1,3,8,2020-21,Playoffs
0042000163,1610612743,Denver,Nuggets,DEN,nuggets,203085,Austin,Rivers,A. Rivers,austin-rivers,G,,25,36:55,0,0,0,4,15,8,8,40,1,0,3,2,2020-21,Playoffs
0042000163,1610612743,Denver,Nuggets,DEN,nuggets,1630267,Facundo,Campazzo,F. Campazzo,facundo-campazzo,G,,7,32:06,2,0,0,0,13,6,8,40,1,0,1,3,2020-21,Playoffs
0042000163,1610612743,Denver,Nuggets,DEN,nuggets,1628420,Monte,Morris,M. Morris,monte-morris,,,11,25:20,3,0,3,0,9,15,2,22,0,0,0,3,2020-21,Playoffs
0042000163,1610612743,Denver,Nuggets,DEN,nuggets,203210,JaMychal,Green,J. Green,jamychal-green,,,0,17:16,0,2,3,2,2,11,0,14,0,0,1,0,2020-21,Playoffs
0042000163,1610612743,Denver,Nuggets,DEN,nuggets,200794,Paul,Millsap,P. Millsap,paul-millsap,,,4,11:36,0,0,0,2,2,7,0,10,0,0,1,1,2020-21,Playoffs
0042000163,1610612743,Denver,Nuggets,DEN,nuggets,1630210,Markus,Howard,M. Howard,markus-howard,,,00,9:16,0,0,0,0,0,5,0,10,0,0,2,1,2020-21,Playoffs
0042000163,1610612743,Denver,Nuggets,DEN,nuggets,1627885,Shaquille,Harrison,S. Harrison,shaquille-harrison,,,3,5:29,0,0,0,0,0,5,0,6,2,0,1,0,2020-21,Playoffs
0042000163,1610612743,Denver,Nuggets,DEN,nuggets,1629626,Bol,Bol,B. Bol,bol-bol,,DNP - Coach's Decision,10,,0,0,0,0,0,0,0,0,0,0,0,0,2020-21,Playoffs
0042000163,1610612743,Denver,Nuggets,DEN,nuggets,201580,JaVale,McGee,J. McGee,javale-mcgee,,DNP - Coach's Decision,34,,0,0,0,0,0,0,0,0,0,0,0,0,2020-21,Playoffs
0042000163,1610612743,Denver,Nuggets,DEN,nuggets,1630192,Zeke,Nnaji,Z. Nnaji,zeke-nnaji,,DNP - Coach's Decision,22,,0,0,0,0,0,0,0,0,0,0,0,0,2020-21,Playoffs
0042000163,1610612743,Denver,Nuggets,DEN,nuggets,1628427,Vlatko,Čančar,V. Čančar,vlatko-čančar,,DNP - Coach's Decision,31,,0,0,0,0,0,0,0,0,0,0,0,0,2020-21,Playoffs
0042000163,1610612757,Portland,Trail Blazers,POR,blazers,1626181,Norman,Powell,N. Powell,norman-powell,F,,24,36:16,2,0,2,8,6,7,2,24,2,0,3,1,2020-21,Playoffs
0042000163,1610612757,Portland,Trail Blazers,POR,blazers,203496,Robert,Covington,R. Covington,robert-covington,F,,23,38:48,0,4,0,6,7,11,7,24,1,0,2,0,2020-21,Playoffs
0042000163,1610612757,Portland,Trail Blazers,POR,blazers,203994,Jusuf,Nurkić,J. Nurkić,jusuf-nurkić,C,,27,31:39,2,7,0,10,2,5,3,12,1,0,6,4,2020-21,Playoffs
0042000163,1610612757,Portland,Trail Blazers,POR,blazers,203468,CJ,McCollum,C. McCollum,cj-mccollum,G,,3,41:14,5,4,0,6,6,7,2,26,0,1,5,3,2020-21,Playoffs
0042000163,1610612757,Portland,Trail Blazers,POR,blazers,203081,Damian,Lillard,D. Lillard,damian-lillard,G,,0,39:32,6,2,6,20,9,11,9,28,0,3,3,6,2020-21,Playoffs
0042000163,1610612757,Portland,Trail Blazers,POR,blazers,202683,Enes,Freedom,E. Freedom,enes-freedom,,,11,5:50,0,0,0,0,5,4,6,10,0,0,1,0,2020-21,Playoffs
0042000163,1610612757,Portland,Trail Blazers,POR,blazers,1629014,Anfernee,Simons,A. Simons,anfernee-simons,,,1,15:42,0,0,0,2,3,4,7,6,0,0,2,0,2020-21,Playoffs
0042000163,1610612757,Portland,Trail Blazers,POR,blazers,2546,Carmelo,Anthony,C. Anthony,carmelo-anthony,,,00,26:13,0,0,0,2,7,6,9,18,0,0,2,3,2020-21,Playoffs
0042000163,1610612757,Portland,Trail Blazers,POR,blazers,1626178,Rondae,Hollis-Jefferson,R. Hollis-Jefferson,rondae-hollis-jefferson,,,2,4:46,0,0,0,0,0,0,0,2,0,0,0,1,2020-21,Playoffs
0042000163,1610612757,Portland,Trail Blazers,POR,blazers,1629833,Keljin,Blevins,K. Blevins,keljin-blevins,,DNP - Coach's Decision,21,,0,0,0,0,0,0,0,0,0,0,0,0,2020-21,Playoffs
0042000163,1610612757,Portland,Trail Blazers,POR,blazers,1629604,CJ,Elleby,C. Elleby,cj-elleby,,DNP - Coach's Decision,16,,0,0,0,0,0,0,0,0,0,0,0,0,2020-21,Playoffs
0042000163,1610612757,Portland,Trail Blazers,POR,blazers,1628385,Harry,Giles III,H. Giles III,harry-giles-iii,,DNP - Coach's Decision,4,,0,0,0,0,0,0,0,0,0,0,0,0,2020-21,Playoffs
0042000163,1610612757,Portland,Trail Blazers,POR,blazers,1627884,Derrick,Jones Jr.,D. Jones Jr.,derrick-jones-jr,,DNP - Coach's Decision,5,,0,0,0,0,0,0,0,0,0,0,0,0,2020-21,Playoffs
0042000163,1610612757,Portland,Trail Blazers,POR,blazers,1629642,Nassir,Little,N. Little,nassir-little,,DNP - Coach's Decision,9,,0,0,0,0,0,0,0,0,0,0,0,0,2020-21,Playoffs
0042000164,1610612743,Denver,Nuggets,DEN,nuggets,1629008,Michael,Porter Jr.,M. Porter Jr.,michael-porter-jr,F,,1,22:54,0,0,0,0,8,0,13,20,0,0,2,0,2020-21,Playoffs
0042000164,1610612743,Denver,Nuggets,DEN,nuggets,203932,Aaron,Gordon,A. Gordon,aaron-gordon,F,,50,18:15,0,0,0,4,6,0,14,20,0,3,1,1,2020-21,Playoffs
0042000164,1610612743,Denver,Nuggets,DEN,nuggets,203999,Nikola,Jokić,N. Jokić,nikola-jokić,C,,15,26:41,0,6,0,12,8,2,16,26,0,0,3,6,2020-21,Playoffs
0042000164,1610612743,Denver,Nuggets,DEN,nuggets,203085,Austin,Rivers,A. Rivers,austin-rivers,G,,25,24:19,0,0,0,0,6,0,16,26,0,0,2,1,2020-21,Playoffs
0042000164,1610612743,Denver,Nuggets,DEN,nuggets,1630267,Facundo,Campazzo,F. Campazzo,facundo-campazzo,G,,7,26:53,3,0,6,2,6,0,14,26,0,0,4,3,2020-21,Playoffs
0042000164,1610612743,Denver,Nuggets,DEN,nuggets,1628420,Monte,Morris,M. Morris,monte-morris,,,11,25:18,0,3,3,6,4,4,7,20,0,0,0,0,2020-21,Playoffs
0042000164,1610612743,Denver,Nuggets,DEN,nuggets,203210,JaMychal,Green,J. Green,jamychal-green,,,0,21:24,0,4,0,6,4,4,4,14,1,2,3,1,2020-21,Playoffs
0042000164,1610612743,Denver,Nuggets,DEN,nuggets,1630210,Markus,Howard,M. Howard,markus-howard,,,00,26:46,0,0,3,0,6,6,4,26,0,0,1,1,2020-21,Playoffs
0042000164,1610612743,Denver,Nuggets,DEN,nuggets,200794,Paul,Millsap,P. Millsap,paul-millsap,,,4,14:05,1,5,3,6,2,2,2,10,1,0,0,5,2020-21,Playoffs
0042000164,1610612743,Denver,Nuggets,DEN,nuggets,1627885,Shaquille,Harrison,S. Harrison,shaquille-harrison,,,3,12:37,0,0,0,0,4,6,4,14,0,0,0,0,2020-21,Playoffs
0042000164,1610612743,Denver,Nuggets,DEN,nuggets,1628427,Vlatko,Čančar,V. Čančar,vlatko-čančar,,,31,8:21,0,0,2,2,2,2,2,12,1,0,0,3,2020-21,Playoffs
0042000164,1610612743,Denver,Nuggets,DEN,nuggets,201580,JaVale,McGee,J. McGee,javale-mcgee,,,34,7:14,0,0,0,0,2,2,2,10,2,2,2,0,2020-21,Playoffs
0042000164,1610612743,Denver,Nuggets,DEN,nuggets,1630192,Zeke,Nnaji,Z. Nnaji,zeke-nnaji,,,22,5:12,0,0,0,0,2,2,2,6,0,0,0,0,2020-21,Playoffs
0042000164,1610612743,Denver,Nuggets,DEN,nuggets,1629626,Bol,Bol,B. Bol,bol-bol,,DNP - Coach's Decision,10,,0,0,0,0,0,0,0,0,0,0,0,0,2020-21,Playoffs
0042000164,1610612757,Portland,Trail Blazers,POR,blazers,1626181,Norman,Powell,N. Powell,norman-powell,F,,24,34:17,4,0,8,10,3,12,11,26,2,2,1,2,2020-21,Playoffs
0042000164,1610612757,Portland,Trail Blazers,POR,blazers,203496,Robert,Covington,R. Covington,robert-covington,F,,23,35:56,0,0,0,2,4,17,14,32,1,0,5,1,2020-21,Playoffs
0042000164,1610612757,Portland,Trail Blazers,POR,blazers,203994,Jusuf,Nurkić,J. Nurkić,jusuf-nurkić,C,,27,26:39,2,2,0,12,0,6,3,20,2,0,3,5,2020-21,Playoffs
0042000164,1610612757,Portland,Trail Blazers,POR,blazers,203468,CJ,McCollum,C. McCollum,cj-mccollum,G,,3,34:41,4,0,8,12,3,13,11,26,0,2,2,1,2020-21,Playoffs
0042000164,1610612757,Portland,Trail Blazers,POR,blazers,203081,Damian,Lillard,D. Lillard,damian-lillard,G,,0,31:01,0,0,2,0,1,10,6,26,0,0,2,5,2020-21,Playoffs
0042000164,1610612757,Portland,Trail Blazers,POR,blazers,2546,Carmelo,Anthony,C. Anthony,carmelo-anthony,,,00,21:43,0,0,0,0,4,13,17,22,0,1,1,1,2020-21,Playoffs
0042000164,1610612757,Portland,Trail Blazers,POR,blazers,1629014,Anfernee,Simons,A. Simons,anfernee-simons,,,1,22:19,0,0,0,2,4,13,17,24,0,0,2,0,2020-21,Playoffs
0042000164,1610612757,Portland,Trail Blazers,POR,blazers,1626178,Rondae,Hollis-Jefferson,R. Hollis-Jefferson,rondae-hollis-jefferson,,,2,8:55,0,2,0,2,1,6,6,12,0,0,3,1,2020-21,Playoffs
0042000164,1610612757,Portland,Trail Blazers,POR,blazers,202683,Enes,Freedom,E. Freedom,enes-freedom,,,11,3:19,0,0,0,0,0,0,0,2,1,0,0,0,2020-21,Playoffs
0042000164,1610612757,Portland,Trail Blazers,POR,blazers,1629642,Nassir,Little,N. Little,nassir-little,,,9,5:01,0,0,0,0,0,0,0,0,1,0,0,2,2020-21,Playoffs
0042000164,1610612757,Portland,Trail Blazers,POR,blazers,1627884,Derrick,Jones Jr.,D. Jones Jr.,derrick-jones-jr,,,5,5:01,2,0,2,2,0,0,0,0,0,0,1,0,2020-21,Playoffs
0042000164,1610612757,Portland,Trail Blazers,POR,blazers,1629604,CJ,Elleby,C. Elleby,cj-elleby,,,16,4:24,0,0,0,0,0,0,0,0,0,0,0,0,2020-21,Playoffs
0042000164,1610612757,Portland,Trail Blazers,POR,blazers,1628388,T.J.,Leaf,T. Leaf,tj-leaf,,,18,3:22,0,2,0,4,0,0,0,0,0,0,0,0,2020-21,Playoffs
0042000164,1610612757,Portland,Trail Blazers,POR,blazers,1629833,Keljin,Blevins,K. Blevins,keljin-blevins,,,21,3:22,0,0,0,0,0,0,0,0,0,0,1,0,2020-21,Playoffs
0042000164,1610612757,Portland,Trail Blazers,POR,blazers,1628385,Harry,Giles III,H. Giles III,harry-giles-iii,,DNP - Coach's Decision,4,,0,0,0,0,0,0,0,0,0,0,0,0,2020-21,Playoffs
0042000165,1610612757,Portland,Trail Blazers,POR,blazers,1626181,Norman,Powell,N. Powell,norman-powell,F,,24,50:39,2,0,6,10,10,21,2,36,0,2,4,4,2020-21,Playoffs
0042000165,1610612757,Portland,Trail Blazers,POR,blazers,203496,Robert,Covington,R. Covington,robert-covington,F,,23,43:46,2,2,2,4,12,19,2,36,0,0,6,5,2020-21,Playoffs
0042000165,1610612757,Portland,Trail Blazers,POR,blazers,203994,Jusuf,Nurkić,J. Nurkić,jusuf-nurkić,C,,27,24:10,2,0,0,10,7,12,5,18,1,3,6,3,2020-21,Playoffs
0042000165,1610612757,Portland,Trail Blazers,POR,blazers,203468,CJ,McCollum,C. McCollum,cj-mccollum,G,,3,50:51,3,2,6,4,13,21,5,38,2,0,6,1,2020-21,Playoffs
0042000165,1610612757,Portland,Trail Blazers,POR,blazers,203081,Damian,Lillard,D. Lillard,damian-lillard,G,,0,51:44,5,0,3,8,15,19,5,38,3,0,0,9,2020-21,Playoffs
0042000165,1610612757,Portland,Trail Blazers,POR,blazers,2546,Carmelo,Anthony,C. Anthony,carmelo-anthony,,,00,30:29,0,3,0,0,8,6,3,18,0,0,4,1,2020-21,Playoffs
0042000165,1610612757,Portland,Trail Blazers,POR,blazers,1629014,Anfernee,Simons,A. Simons,anfernee-simons,,,1,15:08,0,0,0,0,5,6,3,8,0,0,0,0,2020-21,Playoffs
0042000165,1610612757,Portland,Trail Blazers,POR,blazers,1626178,Rondae,Hollis-Jefferson,R. Hollis-Jefferson,rondae-hollis-jefferson,,,2,8:53,0,0,0,2,4,4,0,6,0,0,1,1,2020-21,Playoffs
0042000165,1610612757,Portland,Trail Blazers,POR,blazers,202683,Enes,Freedom,E. Freedom,enes-freedom,,,11,14:20,0,2,0,4,1,7,0,12,0,0,4,0,2020-21,Playoffs
0042000165,1610612757,Portland,Trail Blazers,POR,blazers,1629833,Keljin,Blevins,K. Blevins,keljin-blevins,,DNP - Coach's Decision,21,,0,0,0,0,0,0,0,0,0,0,0,0,2020-21,Playoffs
0042000165,1610612757,Portland,Trail Blazers,POR,blazers,1629604,CJ,Elleby,C. Elleby,cj-elleby,,DNP - Coach's Decision,16,,0,0,0,0,0,0,0,0,0,0,0,0,2020-21,Playoffs
0042000165,1610612757,Portland,Trail Blazers,POR,blazers,1628385,Harry,Giles III,H. Giles III,harry-giles-iii,,DNP - Coach's Decision,4,,0,0,0,0,0,0,0,0,0,0,0,0,2020-21,Playoffs
0042000165,1610612757,Portland,Trail Blazers,POR,blazers,1627884,Derrick,Jones Jr.,D. Jones Jr.,derrick-jones-jr,,DNP - Coach's Decision,5,,0,0,0,0,0,0,0,0,0,0,0,0,2020-21,Playoffs
0042000165,1610612757,Portland,Trail Blazers,POR,blazers,1628388,T.J.,Leaf,T. Leaf,tj-leaf,,DNP - Coach's Decision,18,,0,0,0,0,0,0,0,0,0,0,0,0,2020-21,Playoffs
0042000165,1610612757,Portland,Trail Blazers,POR,blazers,1629642,Nassir,Little,N. Little,nassir-little,,DNP - Coach's Decision,9,,0,0,0,0,0,0,0,0,0,0,0,0,2020-21,Playoffs
0042000165,1610612743,Denver,Nuggets,DEN,nuggets,1629008,Michael,Porter Jr.,M. Porter Jr.,michael-porter-jr,F,,1,47:48,3,7,0,6,11,6,13,38,0,0,5,4,2020-21,Playoffs
0042000165,1610612743,Denver,Nuggets,DEN,nuggets,203932,Aaron,Gordon,A. Gordon,aaron-gordon,F,,50,38:39,3,2,5,6,14,4,15,32,1,0,4,1,2020-21,Playoffs
0042000165,1610612743,Denver,Nuggets,DEN,nuggets,203999,Nikola,Jokić,N. Jokić,nikola-jokić,C,,15,46:19,1,7,0,14,14,7,15,36,4,1,1,9,2020-21,Playoffs
0042000165,1610612743,Denver,Nuggets,DEN,nuggets,203085,Austin,Rivers,A. Rivers,austin-rivers,G,,25,46:58,3,3,0,2,14,7,17,36,0,1,5,6,2020-21,Playoffs
0042000165,1610612743,Denver,Nuggets,DEN,nuggets,1630267,Facundo,Campazzo,F. Campazzo,facundo-campazzo,G,,7,21:24,1,0,0,2,9,2,7,18,0,0,3,2,2020-21,Playoffs
0042000165,1610612743,Denver,Nuggets,DEN,nuggets,1628420,Monte,Morris,M. Morris,monte-morris,,,11,41:21,4,0,0,6,7,7,14,28,0,1,1,7,2020-21,Playoffs
0042000165,1610612743,Denver,Nuggets,DEN,nuggets,203210,JaMychal,Green,J. Green,jamychal-green,,,0,19:45,0,2,0,2,0,5,2,10,0,1,0,1,2020-21,Playoffs
0042000165,1610612743,Denver,Nuggets,DEN,nuggets,1630210,Markus,Howard,M. Howard,markus-howard,,,00,15:33,0,0,0,0,1,5,0,6,0,1,3,0,2020-21,Playoffs
0042000165,1610612743,Denver,Nuggets,DEN,nuggets,201580,JaVale,McGee,J. McGee,javale-mcgee,,,34,0:02,0,0,0,0,0,0,0,0,0,0,0,0,2020-21,Playoffs
0042000165,1610612743,Denver,Nuggets,DEN,nuggets,200794,Paul,Millsap,P. Millsap,paul-millsap,,,4,11:28,0,2,0,4,0,2,2,6,0,1,2,0,2020-21,Playoffs
0042000165,1610612743,Denver,Nuggets,DEN,nuggets,1627885,Shaquille,Harrison,S. Harrison,shaquille-harrison,,,3,0:43,0,0,0,0,0,0,0,0,0,0,0,1,2020-21,Playoffs
0042000165,1610612743,Denver,Nuggets,DEN,nuggets,1629626,Bol,Bol,B. Bol,bol-bol,,DNP - Coach's Decision,10,,0,0,0,0,0,0,0,0,0,0,0,0,2020-21,Playoffs
0042000165,1610612743,Denver,Nuggets,DEN,nuggets,1630192,Zeke,Nnaji,Z. Nnaji,zeke-nnaji,,DNP - Coach's Decision,22,,0,0,0,0,0,0,0,0,0,0,0,0,2020-21,Playoffs
0042000165,1610612743,Denver,Nuggets,DEN,nuggets,1628427,Vlatko,Čančar,V. Čančar,vlatko-čančar,,DNP - Coach's Decision,31,,0,0,0,0,0,0,0,0,0,0,0,0,2020-21,Playoffs
0042000166,1610612743,Denver,Nuggets,DEN,nuggets,1629008,Michael,Porter Jr.,M. Porter Jr.,michael-porter-jr,F,,1,33:56,5,5,8,8,9,6,10,30,0,2,3,0,2020-21,Playoffs
0042000166,1610612743,Denver,Nuggets,DEN,nuggets,203932,Aaron,Gordon,A. Gordon,aaron-gordon,F,,50,33:09,0,5,0,4,10,8,5,30,1,0,2,4,2020-21,Playoffs
0042000166,1610612743,Denver,Nuggets,DEN,nuggets,203999,Nikola,Jokić,N. Jokić,nikola-jokić,C,,15,36:14,4,4,0,18,10,6,7,32,0,1,3,6,2020-21,Playoffs
0042000166,1610612743,Denver,Nuggets,DEN,nuggets,203085,Austin,Rivers,A. Rivers,austin-rivers,G,,25,40:03,0,2,0,4,12,8,7,34,0,1,2,0,2020-21,Playoffs
0042000166,1610612743,Denver,Nuggets,DEN,nuggets,1630267,Facundo,Campazzo,F. Campazzo,facundo-campazzo,G,,7,23:09,2,0,5,2,7,4,8,24,1,0,5,2,2020-21,Playoffs
0042000166,1610612743,Denver,Nuggets,DEN,nuggets,200794,Paul,Millsap,P. Millsap,paul-millsap,,,4,11:36,0,0,0,2,2,2,3,6,1,1,1,0,2020-21,Playoffs
0042000166,1610612743,Denver,Nuggets,DEN,nuggets,1628420,Monte,Morris,M. Morris,monte-morris,,,11,32:58,4,3,5,8,5,4,5,18,0,2,2,5,2020-21,Playoffs
0042000166,1610612743,Denver,Nuggets,DEN,nuggets,203210,JaMychal,Green,J. Green,jamychal-green,,,0,23:28,0,0,0,4,5,2,5,12,0,0,0,5,2020-21,Playoffs
0042000166,1610612743,Denver,Nuggets,DEN,nuggets,1627885,Shaquille,Harrison,S. Harrison,shaquille-harrison,,,3,0:10,0,0,0,0,0,0,0,0,0,0,0,0,2020-21,Playoffs
0042000166,1610612743,Denver,Nuggets,DEN,nuggets,1630210,Markus,Howard,M. Howard,markus-howard,,,00,5:17,0,0,0,0,0,0,0,4,0,0,0,0,2020-21,Playoffs
0042000166,1610612743,Denver,Nuggets,DEN,nuggets,1629626,Bol,Bol,B. Bol,bol-bol,,DNP - Coach's Decision,10,,0,0,0,0,0,0,0,0,0,0,0,0,2020-21,Playoffs
0042000166,1610612743,Denver,Nuggets,DEN,nuggets,201580,JaVale,McGee,J. McGee,javale-mcgee,,DNP - Coach's Decision,34,,0,0,0,0,0,0,0,0,0,0,0,0,2020-21,Playoffs
0042000166,1610612743,Denver,Nuggets,DEN,nuggets,1630192,Zeke,Nnaji,Z. Nnaji,zeke-nnaji,,DNP - Coach's Decision,22,,0,0,0,0,0,0,0,0,0,0,0,0,2020-21,Playoffs
0042000166,1610612743,Denver,Nuggets,DEN,nuggets,1628427,Vlatko,Čančar,V. Čančar,vlatko-čančar,,DNP - Coach's Decision,31,,0,0,0,0,0,0,0,0,0,0,0,0,2020-21,Playoffs
0042000166,1610612757,Portland,Trail Blazers,POR,blazers,1626181,Norman,Powell,N. Powell,norman-powell,F,,24,32:16,5,2,3,6,11,17,13,30,0,2,5,2,2020-21,Playoffs
0042000166,1610612757,Portland,Trail Blazers,POR,blazers,203496,Robert,Covington,R. Covington,robert-covington,F,,23,38:25,0,0,0,0,13,15,13,38,1,0,3,1,2020-21,Playoffs
0042000166,1610612757,Portland,Trail Blazers,POR,blazers,203994,Jusuf,Nurkić,J. Nurkić,jusuf-nurkić,C,,27,33:21,0,2,0,10,10,14,12,42,2,0,5,4,2020-21,Playoffs
0042000166,1610612757,Portland,Trail Blazers,POR,blazers,203468,CJ,McCollum,C. McCollum,cj-mccollum,G,,3,38:13,2,2,2,8,9,16,14,38,1,1,5,2,2020-21,Playoffs
0042000166,1610612757,Portland,Trail Blazers,POR,blazers,203081,Damian,Lillard,D. Lillard,damian-lillard,G,,0,43:23,3,2,2,10,15,17,13,46,0,0,1,6,2020-21,Playoffs
0042000166,1610612757,Portland,Trail Blazers,POR,blazers,2546,Carmelo,Anthony,C. Anthony,carmelo-anthony,,,00,22:42,0,0,0,2,9,9,13,22,1,0,2,3,2020-21,Playoffs
0042000166,1610612757,Portland,Trail Blazers,POR,blazers,1626178,Rondae,Hollis-Jefferson,R. Hollis-Jefferson,rondae-hollis-jefferson,,,2,9:28,2,0,0,2,0,0,3,4,1,0,1,0,2020-21,Playoffs
0042000166,1610612757,Portland,Trail Blazers,POR,blazers,1629014,Anfernee,Simons,A. Simons,anfernee-simons,,,1,20:40,0,0,3,0,8,7,9,30,1,0,0,0,2020-21,Playoffs
0042000166,1610612757,Portland,Trail Blazers,POR,blazers,1629642,Nassir,Little,N. Little,nassir-little,,,9,0:31,0,0,0,0,0,0,0,0,0,0,0,0,2020-21,Playoffs
0042000166,1610612757,Portland,Trail Blazers,POR,blazers,1628388,T.J.,Leaf,T. Leaf,tj-leaf,,,18,0:31,0,0,0,0,0,0,0,0,0,0,0,0,2020-21,Playoffs
0042000166,1610612757,Portland,Trail Blazers,POR,blazers,1629833,Keljin,Blevins,K. Blevins,keljin-blevins,,,21,0:31,0,0,0,0,0,0,0,0,0,0,0,0,2020-21,Playoffs
0042000166,1610612757,Portland,Trail Blazers,POR,blazers,1629604,CJ,Elleby,C. Elleby,cj-elleby,,DNP - Coach's Decision,16,,0,0,0,0,0,0,0,0,0,0,0,0,2020-21,Playoffs
0042000166,1610612757,Portland,Trail Blazers,POR,blazers,202683,Enes,Freedom,E. Freedom,enes-freedom,,DNP - Coach's Decision,11,,0,0,0,0,0,0,0,0,0,0,0,0,2020-21,Playoffs
0042000166,1610612757,Portland,Trail Blazers,POR,blazers,1628385,Harry,Giles III,H. Giles III,harry-giles-iii,,DNP - Coach's Decision,4,,0,0,0,0,0,0,0,0,0,0,0,0,2020-21,Playoffs
0042000166,1610612757,Portland,Trail Blazers,POR,blazers,1627884,Derrick,Jones Jr.,D. Jones Jr.,derrick-jones-jr,,DNP - Coach's Decision,5,,0,0,0,0,0,0,0,0,0,0,0,0,2020-21,Playoffs
0042000171,1610612742,Dallas,Mavericks,DAL,mavericks,1627827,Dorian,Finney-Smith,D. Finney-Smith,dorian-finney-smith,F,,10,36:47,2,0,0,4,11,6,2,28,0,1,5,1,2020-21,Playoffs
0042000171,1610612742,Dallas,Mavericks,DAL,mavericks,204001,Kristaps,Porziņģis,K. Porziņģis,kristaps-porziņģis,F,,6,35:47,0,4,0,4,14,8,2,30,1,3,2,5,2020-21,Playoffs
0042000171,1610612742,Dallas,Mavericks,DAL,mavericks,1628467,Maxi,Kleber,M. Kleber,maxi-kleber,C,,42,36:01,0,0,0,0,11,4,4,30,0,1,4,2,2020-21,Playoffs
0042000171,1610612742,Dallas,Mavericks,DAL,mavericks,203501,Tim,Hardaway Jr.,T. Hardaway Jr.,tim-hardaway-jr,G,,11,32:19,3,5,0,4,14,8,2,28,0,1,2,1,2020-21,Playoffs
0042000171,1610612742,Dallas,Mavericks,DAL,mavericks,1629029,Luka,Dončić,L. Dončić,luka-dončić,G,,77,40:46,0,2,0,10,12,6,2,26,2,1,3,6,2020-21,Playoffs
0042000171,1610612742,Dallas,Mavericks,DAL,mavericks,1626161,Willie,Cauley-Stein,W. Cauley-Stein,willie-cauley-stein,,,33,4:08,0,0,0,0,0,0,0,4,0,0,1,0,2020-21,Playoffs
0042000171,1610612742,Dallas,Mavericks,DAL,mavericks,1628973,Jalen,Brunson,J. Brunson,jalen-brunson,,,13,20:37,0,5,0,6,8,6,4,20,0,0,2,6,2020-21,Playoffs
0042000171,1610612742,Dallas,Mavericks,DAL,mavericks,1626196,Josh,Richardson,J. Richardson,josh-richardson,,,0,17:05,0,3,0,4,6,6,2,12,0,0,1,0,2020-21,Playoffs
0042000171,1610612742,Dallas,Mavericks,DAL,mavericks,1629740,Nicolo,Melli,N. Melli,nicolo-melli,,,44,9:02,0,0,0,0,6,4,0,8,0,0,1,0,2020-21,Playoffs
0042000171,1610612742,Dallas,Mavericks,DAL,mavericks,203939,Dwight,Powell,D. Powell,dwight-powell,,,7,7:27,0,0,0,0,3,2,2,4,0,0,0,0,2020-21,Playoffs
0042000171,1610612742,Dallas,Mavericks,DAL,mavericks,1630189,Tyler,Bey,T. Bey,tyler-bey,,DNP - Coach's Decision,2,,0,0,0,0,0,0,0,0,0,0,0,0,2020-21,Playoffs
0042000171,1610612742,Dallas,Mavericks,DAL,mavericks,203504,Trey,Burke,T. Burke,trey-burke,,DNP - Coach's Decision,3,,0,0,0,0,0,0,0,0,0,0,0,0,2020-21,Playoffs
0042000171,1610612742,Dallas,Mavericks,DAL,mavericks,1630182,Josh,Green,J. Green,josh-green,,DNP - Coach's Decision,8,,0,0,0,0,0,0,0,0,0,0,0,0,2020-21,Playoffs
0042000171,1610612742,Dallas,Mavericks,DAL,mavericks,1630207,Nate,Hinton,N. Hinton,nate-hinton,,DNP - Coach's Decision,14,,0,0,0,0,0,0,0,0,0,0,0,0,2020-21,Playoffs
0042000171,1610612742,Dallas,Mavericks,DAL,mavericks,1626246,Boban,Marjanovic,B. Marjanovic,boban-marjanovic,,DNP - Coach's Decision,51,,0,0,0,0,0,0,0,0,0,0,0,0,2020-21,Playoffs
0042000171,1610612746,LA,Clippers,LAC,clippers,202695,Kawhi,Leonard,K. Leonard,kawhi-leonard,F,,2,40:46,2,2,4,10,5,11,0,30,0,0,2,10,2020-21,Playoffs
0042000171,1610612746,LA,Clippers,LAC,clippers,202694,Marcus,Morris Sr.,M. Morris Sr.,marcus-morris-sr,F,,8,32:38,0,4,0,2,5,9,0,22,2,1,2,1,2020-21,Playoffs
0042000171,1610612746,LA,Clippers,LAC,clippers,1627826,Ivica,Zubac,I. Zubac,ivica-zubac,C,,40,19:26,0,2,0,8,0,3,0,10,0,0,2,0,2020-21,Playoffs
0042000171,1610612746,LA,Clippers,LAC,clippers,202331,Paul,George,P. George,paul-george,G,,13,39:56,7,0,0,6,5,17,0,28,0,0,4,5,2020-21,Playoffs
0042000171,1610612746,LA,Clippers,LAC,clippers,201976,Patrick,Beverley,P. Beverley,patrick-beverley,G,,21,17:29,4,0,0,4,0,3,0,8,1,0,3,0,2020-21,Playoffs
0042000171,1610612746,LA,Clippers,LAC,clippers,202704,Reggie,Jackson,R. Jackson,reggie-jackson,,,1,21:17,0,0,0,2,2,14,0,16,1,1,3,0,2020-21,Playoffs
0042000171,1610612746,LA,Clippers,LAC,clippers,201587,Nicolas,Batum,N. Batum,nicolas-batum,,,33,31:39,0,0,0,2,5,16,0,22,0,1,2,1,2020-21,Playoffs
0042000171,1610612746,LA,Clippers,LAC,clippers,201586,Serge,Ibaka,S. Ibaka,serge-ibaka,,,9,12:47,0,2,0,4,0,10,0,8,2,0,1,2,2020-21,Playoffs
0042000171,1610612746,LA,Clippers,LAC,clippers,200765,Rajon,Rondo,R. Rondo,rajon-rondo,,,4,23:47,4,0,0,0,3,12,0,14,1,0,2,2,2020-21,Playoffs
0042000171,1610612746,LA,Clippers,LAC,clippers,1629611,Terance,Mann,T. Mann,terance-mann,,,14,0:15,0,0,0,0,0,0,0,2,0,0,0,0,2020-21,Playoffs
0042000171,1610612746,LA,Clippers,LAC,clippers,1629599,Amir,Coffey,A. Coffey,amir-coffey,,DNP - Coach's Decision,7,,0,0,0,0,0,0,0,0,0,0,0,0,2020-21,Playoffs
0042000171,1610612746,LA,Clippers,LAC,clippers,202326,DeMarcus,Cousins,D. Cousins,demarcus-cousins,,DNP - Coach's Decision,15,,0,0,0,0,0,0,0,0,0,0,0,0,2020-21,Playoffs
0042000171,1610612746,LA,Clippers,LAC,clippers,1627812,Yogi,Ferrell,Y. Ferrell,yogi-ferrell,,DNP - Coach's Decision,11,,0,0,0,0,0,0,0,0,0,0,0,0,2020-21,Playoffs
0042000171,1610612746,LA,Clippers,LAC,clippers,1628379,Luke,Kennard,L. Kennard,luke-kennard,,DNP - Coach's Decision,5,,0,0,0,0,0,0,0,0,0,0,0,0,2020-21,Playoffs
0042000171,1610612746,LA,Clippers,LAC,clippers,202335,Patrick,Patterson,P. Patterson,patrick-patterson,,DNP - Coach's Decision,54,,0,0,0,0,0,0,0,0,0,0,0,0,2020-21,Playoffs
0042000172,1610612742,Dallas,Mavericks,DAL,mavericks,1627827,Dorian,Finney-Smith,D. Finney-Smith,dorian-finney-smith,F,,10,36:31,0,3,0,0,8,6,13,44,1,0,2,1,2020-21,Playoffs
0042000172,1610612742,Dallas,Mavericks,DAL,mavericks,204001,Kristaps,Porziņģis,K. Porziņģis,kristaps-porziņģis,F,,6,32:01,3,3,0,10,8,6,11,40,2,0,4,2,2020-21,Playoffs
0042000172,1610612742,Dallas,Mavericks,DAL,mavericks,1628467,Maxi,Kleber,M. Kleber,maxi-kleber,C,,42,34:14,0,1,3,4,10,4,11,40,0,0,3,3,2020-21,Playoffs
0042000172,1610612742,Dallas,Mavericks,DAL,mavericks,203501,Tim,Hardaway Jr.,T. Hardaway Jr.,tim-hardaway-jr,G,,11,38:12,0,0,2,6,10,4,13,46,0,1,1,4,2020-21,Playoffs
0042000172,1610612742,Dallas,Mavericks,DAL,mavericks,1629029,Luka,Dončić,L. Dončić,luka-dončić,G,,77,38:04,8,2,0,14,15,2,10,48,1,0,3,7,2020-21,Playoffs
0042000172,1610612742,Dallas,Mavericks,DAL,mavericks,1628973,Jalen,Brunson,J. Brunson,jalen-brunson,,,13,17:05,5,0,0,6,5,4,3,24,0,1,1,2,2020-21,Playoffs
0042000172,1610612742,Dallas,Mavericks,DAL,mavericks,1626196,Josh,Richardson,J. Richardson,josh-richardson,,,0,18:58,0,2,0,2,7,2,2,26,0,1,3,2,2020-21,Playoffs
0042000172,1610612742,Dallas,Mavericks,DAL,mavericks,1629740,Nicolo,Melli,N. Melli,nicolo-melli,,,44,5:58,0,0,0,0,5,0,0,10,0,0,1,1,2020-21,Playoffs
0042000172,1610612742,Dallas,Mavericks,DAL,mavericks,1626161,Willie,Cauley-Stein,W. Cauley-Stein,willie-cauley-stein,,,33,15:08,2,2,0,6,7,0,2,18,0,0,1,0,2020-21,Playoffs
0042000172,1610612742,Dallas,Mavericks,DAL,mavericks,203939,Dwight,Powell,D. Powell,dwight-powell,,,7,3:50,0,0,0,0,0,2,0,4,0,0,0,0,2020-21,Playoffs
0042000172,1610612742,Dallas,Mavericks,DAL,mavericks,1630189,Tyler,Bey,T. Bey,tyler-bey,,DNP - Coach's Decision,2,,0,0,0,0,0,0,0,0,0,0,0,0,2020-21,Playoffs
0042000172,1610612742,Dallas,Mavericks,DAL,mavericks,203504,Trey,Burke,T. Burke,trey-burke,,DNP - Coach's Decision,3,,0,0,0,0,0,0,0,0,0,0,0,0,2020-21,Playoffs
0042000172,1610612742,Dallas,Mavericks,DAL,mavericks,1630182,Josh,Green,J. Green,josh-green,,DNP - Coach's Decision,8,,0,0,0,0,0,0,0,0,0,0,0,0,2020-21,Playoffs
0042000172,1610612742,Dallas,Mavericks,DAL,mavericks,1630207,Nate,Hinton,N. Hinton,nate-hinton,,DNP - Coach's Decision,14,,0,0,0,0,0,0,0,0,0,0,0,0,2020-21,Playoffs
0042000172,1610612742,Dallas,Mavericks,DAL,mavericks,1626246,Boban,Marjanovic,B. Marjanovic,boban-marjanovic,,DNP - Coach's Decision,51,,0,0,0,0,0,0,0,0,0,0,0,0,2020-21,Playoffs
0042000172,1610612746,LA,Clippers,LAC,clippers,202695,Kawhi,Leonard,K. Leonard,kawhi-leonard,F,,2,40:54,0,0,7,18,13,13,5,38,0,0,2,8,2020-21,Playoffs
0042000172,1610612746,LA,Clippers,LAC,clippers,202694,Marcus,Morris Sr.,M. Morris Sr.,marcus-morris-sr,F,,8,24:47,0,2,0,2,9,7,3,20,0,1,6,1,2020-21,Playoffs
0042000172,1610612746,LA,Clippers,LAC,clippers,1627826,Ivica,Zubac,I. Zubac,ivica-zubac,C,,40,21:52,0,0,0,2,8,4,5,18,1,1,1,0,2020-21,Playoffs
0042000172,1610612746,LA,Clippers,LAC,clippers,202331,Paul,George,P. George,paul-george,G,,13,40:29,6,2,2,20,16,11,5,42,0,1,4,6,2020-21,Playoffs
0042000172,1610612746,LA,Clippers,LAC,clippers,201976,Patrick,Beverley,P. Beverley,patrick-beverley,G,,21,23:20,0,0,0,0,9,8,3,16,1,1,3,0,2020-21,Playoffs
0042000172,1610612746,LA,Clippers,LAC,clippers,202704,Reggie,Jackson,R. Jackson,reggie-jackson,,,1,30:04,4,0,2,4,12,10,2,38,0,0,0,1,2020-21,Playoffs
0042000172,1610612746,LA,Clippers,LAC,clippers,201587,Nicolas,Batum,N. Batum,nicolas-batum,,,33,18:50,3,0,0,2,7,4,2,22,0,0,1,1,2020-21,Playoffs
0042000172,1610612746,LA,Clippers,LAC,clippers,200765,Rajon,Rondo,R. Rondo,rajon-rondo,,,4,18:59,0,0,0,4,9,2,0,22,0,0,3,0,2020-21,Playoffs
0042000172,1610612746,LA,Clippers,LAC,clippers,201586,Serge,Ibaka,S. Ibaka,serge-ibaka,,,9,5:35,0,0,0,2,2,2,0,10,1,0,0,0,2020-21,Playoffs
0042000172,1610612746,LA,Clippers,LAC,clippers,1629611,Terance,Mann,T. Mann,terance-mann,,,14,15:10,2,2,2,6,5,4,0,14,0,0,2,2,2020-21,Playoffs
0042000172,1610612746,LA,Clippers,LAC,clippers,1629599,Amir,Coffey,A. Coffey,amir-coffey,,DNP - Coach's Decision,7,,0,0,0,0,0,0,0,0,0,0,0,0,2020-21,Playoffs
0042000172,1610612746,LA,Clippers,LAC,clippers,202326,DeMarcus,Cousins,D. Cousins,demarcus-cousins,,DNP - Coach's Decision,15,,0,0,0,0,0,0,0,0,0,0,0,0,2020-21,Playoffs
0042000172,1610612746,LA,Clippers,LAC,clippers,1627812,Yogi,Ferrell,Y. Ferrell,yogi-ferrell,,DNP - Coach's Decision,11,,0,0,0,0,0,0,0,0,0,0,0,0,2020-21,Playoffs
0042000172,1610612746,LA,Clippers,LAC,clippers,1628379,Luke,Kennard,L. Kennard,luke-kennard,,DNP - Coach's Decision,5,,0,0,0,0,0,0,0,0,0,0,0,0,2020-21,Playoffs
0042000172,1610612746,LA,Clippers,LAC,clippers,202335,Patrick,Patterson,P. Patterson,patrick-patterson,,DNP - Coach's Decision,54,,0,0,0,0,0,0,0,0,0,0,0,0,2020-21,Playoffs
0042000173,1610612746,LA,Clippers,LAC,clippers,202695,Kawhi,Leonard,K. Leonard,kawhi-leonard,F,,2,42:20,2,2,3,12,10,17,4,18,2,2,2,6,2020-21,Playoffs
0042000173,1610612746,LA,Clippers,LAC,clippers,202694,Marcus,Morris Sr.,M. Morris Sr.,marcus-morris-sr,F,,8,33:34,0,0,2,4,8,17,4,18,0,0,6,0,2020-21,Playoffs
0042000173,1610612746,LA,Clippers,LAC,clippers,1627826,Ivica,Zubac,I. Zubac,ivica-zubac,C,,40,11:02,2,0,0,2,3,3,0,8,0,0,1,1,2020-21,Playoffs
0042000173,1610612746,LA,Clippers,LAC,clippers,202331,Paul,George,P. George,paul-george,G,,13,41:12,4,0,5,14,10,17,4,18,0,0,4,4,2020-21,Playoffs
0042000173,1610612746,LA,Clippers,LAC,clippers,202704,Reggie,Jackson,R. Jackson,reggie-jackson,G,,1,33:35,3,0,2,4,8,17,4,18,0,0,2,1,2020-21,Playoffs
0042000173,1610612746,LA,Clippers,LAC,clippers,201587,Nicolas,Batum,N. Batum,nicolas-batum,,,33,26:35,0,2,0,6,7,4,4,16,0,0,0,1,2020-21,Playoffs
0042000173,1610612746,LA,Clippers,LAC,clippers,200765,Rajon,Rondo,R. Rondo,rajon-rondo,,,4,26:08,0,0,0,2,2,10,0,14,0,0,4,3,2020-21,Playoffs
0042000173,1610612746,LA,Clippers,LAC,clippers,1629611,Terance,Mann,T. Mann,terance-mann,,,14,19:24,2,2,0,2,2,0,0,6,2,0,2,1,2020-21,Playoffs
0042000173,1610612746,LA,Clippers,LAC,clippers,201976,Patrick,Beverley,P. Beverley,patrick-beverley,,,21,5:38,0,0,0,0,0,0,0,4,0,0,0,0,2020-21,Playoffs
0042000173,1610612746,LA,Clippers,LAC,clippers,1629599,Amir,Coffey,A. Coffey,amir-coffey,,,7,0:16,0,0,0,0,0,0,0,0,0,0,0,0,2020-21,Playoffs
0042000173,1610612746,LA,Clippers,LAC,clippers,1627812,Yogi,Ferrell,Y. Ferrell,yogi-ferrell,,,11,0:16,0,0,0,0,0,0,0,0,0,0,0,0,2020-21,Playoffs
0042000173,1610612746,LA,Clippers,LAC,clippers,202326,DeMarcus,Cousins,D. Cousins,demarcus-cousins,,DNP - Coach's Decision,15,,0,0,0,0,0,0,0,0,0,0,0,0,2020-21,Playoffs
0042000173,1610612746,LA,Clippers,LAC,clippers,1628379,Luke,Kennard,L. Kennard,luke-kennard,,DNP - Coach's Decision,5,,0,0,0,0,0,0,0,0,0,0,0,0,2020-21,Playoffs
0042000173,1610612746,LA,Clippers,LAC,clippers,1630187,Daniel,Oturu,D. Oturu,daniel-oturu,,DNP - Coach's Decision,10,,0,0,0,0,0,0,0,0,0,0,0,0,2020-21,Playoffs
0042000173,1610612746,LA,Clippers,LAC,clippers,202335,Patrick,Patterson,P. Patterson,patrick-patterson,,DNP - Coach's Decision,54,,0,0,0,0,0,0,0,0,0,0,0,0,2020-21,Playoffs
0042000173,1610612742,Dallas,Mavericks,DAL,mavericks,1627827,Dorian,Finney-Smith,D. Finney-Smith,dorian-finney-smith,F,,10,37:31,0,6,0,6,11,4,6,38,0,0,3,0,2020-21,Playoffs
0042000173,1610612742,Dallas,Mavericks,DAL,mavericks,204001,Kristaps,Porziņģis,K. Porziņģis,kristaps-porziņģis,F,,6,33:57,0,0,1,2,6,4,10,36,0,0,3,3,2020-21,Playoffs
0042000173,1610612742,Dallas,Mavericks,DAL,mavericks,1628467,Maxi,Kleber,M. Kleber,maxi-kleber,C,,42,35:01,2,3,0,2,9,4,12,38,0,0,2,3,2020-21,Playoffs
0042000173,1610612742,Dallas,Mavericks,DAL,mavericks,203501,Tim,Hardaway Jr.,T. Hardaway Jr.,tim-hardaway-jr,G,,11,40:17,3,0,3,0,9,4,12,38,0,2,2,1,2020-21,Playoffs
0042000173,1610612742,Dallas,Mavericks,DAL,mavericks,1629029,Luka,Dončić,L. Dončić,luka-dončić,G,,77,38:36,3,5,0,10,11,2,6,36,0,1,2,10,2020-21,Playoffs
0042000173,1610612742,Dallas,Mavericks,DAL,mavericks,1628973,Jalen,Brunson,J. Brunson,jalen-brunson,,,13,21:59,2,3,0,0,6,6,6,20,0,0,1,0,2020-21,Playoffs
0042000173,1610612742,Dallas,Mavericks,DAL,mavericks,1626196,Josh,Richardson,J. Richardson,josh-richardson,,,0,15:40,0,0,0,2,6,4,6,14,0,1,1,0,2020-21,Playoffs
0042000173,1610612742,Dallas,Mavericks,DAL,mavericks,1626161,Willie,Cauley-Stein,W. Cauley-Stein,willie-cauley-stein,,,33,14:03,0,0,0,2,7,2,2,10,2,0,3,3,2020-21,Playoffs
0042000173,1610612742,Dallas,Mavericks,DAL,mavericks,203939,Dwight,Powell,D. Powell,dwight-powell,,,7,2:56,0,0,0,0,0,0,0,0,0,0,0,1,2020-21,Playoffs
0042000173,1610612742,Dallas,Mavericks,DAL,mavericks,1630189,Tyler,Bey,T. Bey,tyler-bey,,DNP - Coach's Decision,2,,0,0,0,0,0,0,0,0,0,0,0,0,2020-21,Playoffs
0042000173,1610612742,Dallas,Mavericks,DAL,mavericks,203504,Trey,Burke,T. Burke,trey-burke,,DNP - Coach's Decision,3,,0,0,0,0,0,0,0,0,0,0,0,0,2020-21,Playoffs
0042000173,1610612742,Dallas,Mavericks,DAL,mavericks,1630182,Josh,Green,J. Green,josh-green,,DNP - Coach's Decision,8,,0,0,0,0,0,0,0,0,0,0,0,0,2020-21,Playoffs
0042000173,1610612742,Dallas,Mavericks,DAL,mavericks,1630207,Nate,Hinton,N. Hinton,nate-hinton,,DNP - Coach's Decision,14,,0,0,0,0,0,0,0,0,0,0,0,0,2020-21,Playoffs
0042000173,1610612742,Dallas,Mavericks,DAL,mavericks,1626246,Boban,Marjanovic,B. Marjanovic,boban-marjanovic,,DNP - Coach's Decision,51,,0,0,0,0,0,0,0,0,0,0,0,0,2020-21,Playoffs
0042000173,1610612742,Dallas,Mavericks,DAL,mavericks,1629740,Nicolo,Melli,N. Melli,nicolo-melli,,DNP - Coach's Decision,44,,0,0,0,0,0,0,0,0,0,0,0,0,2020-21,Playoffs
0042000174,1610612746,LA,Clippers,LAC,clippers,202695,Kawhi,Leonard,K. Leonard,kawhi-leonard,F,,2,35:22,1,3,12,18,5,9,4,36,2,0,4,5,2020-21,Playoffs
0042000174,1610612746,LA,Clippers,LAC,clippers,202694,Marcus,Morris Sr.,M. Morris Sr.,marcus-morris-sr,F,,8,29:24,2,2,0,2,3,7,4,30,0,0,3,1,2020-21,Playoffs
0042000174,1610612746,LA,Clippers,LAC,clippers,201587,Nicolas,Batum,N. Batum,nicolas-batum,C,,33,36:08,0,0,3,2,11,11,4,24,2,0,1,4,2020-21,Playoffs
0042000174,1610612746,LA,Clippers,LAC,clippers,202331,Paul,George,P. George,paul-george,G,,13,35:14,2,0,0,4,6,9,4,32,0,0,3,4,2020-21,Playoffs
0042000174,1610612746,LA,Clippers,LAC,clippers,202704,Reggie,Jackson,R. Jackson,reggie-jackson,G,,1,30:30,0,0,2,4,11,11,4,30,0,0,3,2,2020-21,Playoffs
0042000174,1610612746,LA,Clippers,LAC,clippers,1627826,Ivica,Zubac,I. Zubac,ivica-zubac,,,40,17:38,0,2,0,4,3,4,0,18,0,1,6,1,2020-21,Playoffs
0042000174,1610612746,LA,Clippers,LAC,clippers,200765,Rajon,Rondo,R. Rondo,rajon-rondo,,,4,20:26,0,2,0,4,8,6,0,10,1,0,2,1,2020-21,Playoffs
0042000174,1610612746,LA,Clippers,LAC,clippers,1629611,Terance,Mann,T. Mann,terance-mann,,,14,14:51,0,1,0,0,5,5,0,10,0,0,1,1,2020-21,Playoffs
0042000174,1610612746,LA,Clippers,LAC,clippers,201976,Patrick,Beverley,P. Beverley,patrick-beverley,,,21,5:05,0,0,0,2,3,2,0,4,0,0,0,1,2020-21,Playoffs
0042000174,1610612746,LA,Clippers,LAC,clippers,1629599,Amir,Coffey,A. Coffey,amir-coffey,,,7,4:14,0,0,0,2,0,2,0,4,0,0,0,0,2020-21,Playoffs
0042000174,1610612746,LA,Clippers,LAC,clippers,1628379,Luke,Kennard,L. Kennard,luke-kennard,,,5,4:14,0,0,0,0,0,2,0,4,0,0,0,0,2020-21,Playoffs
0042000174,1610612746,LA,Clippers,LAC,clippers,1630187,Daniel,Oturu,D. Oturu,daniel-oturu,,,10,4:14,0,0,0,2,0,2,0,4,1,0,2,0,2020-21,Playoffs
0042000174,1610612746,LA,Clippers,LAC,clippers,1627812,Yogi,Ferrell,Y. Ferrell,yogi-ferrell,,,11,2:40,0,0,0,0,0,0,0,4,0,0,0,0,2020-21,Playoffs
0042000174,1610612746,LA,Clippers,LAC,clippers,202326,DeMarcus,Cousins,D. Cousins,demarcus-cousins,,DNP - Coach's Decision,15,,0,0,0,0,0,0,0,0,0,0,0,0,2020-21,Playoffs
0042000174,1610612746,LA,Clippers,LAC,clippers,202335,Patrick,Patterson,P. Patterson,patrick-patterson,,DNP - Coach's Decision,54,,0,0,0,0,0,0,0,0,0,0,0,0,2020-21,Playoffs
0042000174,1610612742,Dallas,Mavericks,DAL,mavericks,1627827,Dorian,Finney-Smith,D. Finney-Smith,dorian-finney-smith,F,,10,38:08,0,0,2,2,5,8,15,26,0,1,4,1,2020-21,Playoffs
0042000174,1610612742,Dallas,Mavericks,DAL,mavericks,204001,Kristaps,Porziņģis,K. Porziņģis,kristaps-porziņģis,F,,6,27:39,2,5,0,10,5,6,14,20,1,0,2,3,2020-21,Playoffs
0042000174,1610612742,Dallas,Mavericks,DAL,mavericks,1628467,Maxi,Kleber,M. Kleber,maxi-kleber,C,,42,32:12,0,0,0,0,3,10,17,34,0,0,4,0,2020-21,Playoffs
0042000174,1610612742,Dallas,Mavericks,DAL,mavericks,203501,Tim,Hardaway Jr.,T. Hardaway Jr.,tim-hardaway-jr,G,,11,25:08,0,0,0,2,3,8,17,26,0,1,4,4,2020-21,Playoffs
0042000174,1610612742,Dallas,Mavericks,DAL,mavericks,1629029,Luka,Dončić,L. Dončić,luka-dončić,G,,77,35:37,3,0,0,12,5,8,17,28,0,1,1,3,2020-21,Playoffs
0042000174,1610612742,Dallas,Mavericks,DAL,mavericks,1626246,Boban,Marjanovic,B. Marjanovic,boban-marjanovic,,,51,14:45,2,4,2,10,2,4,3,10,0,0,3,4,2020-21,Playoffs
0042000174,1610612742,Dallas,Mavericks,DAL,mavericks,1626196,Josh,Richardson,J. Richardson,josh-richardson,,,0,20:43,3,3,0,2,0,4,2,20,0,0,1,3,2020-21,Playoffs
0042000174,1610612742,Dallas,Mavericks,DAL,mavericks,1626161,Willie,Cauley-Stein,W. Cauley-Stein,willie-cauley-stein,,,33,5:23,0,0,0,0,0,0,0,8,0,1,0,2,2020-21,Playoffs
0042000174,1610612742,Dallas,Mavericks,DAL,mavericks,1628973,Jalen,Brunson,J. Brunson,jalen-brunson,,,13,18:52,0,0,0,0,2,2,0,20,0,1,0,2,2020-21,Playoffs
0042000174,1610612742,Dallas,Mavericks,DAL,mavericks,203504,Trey,Burke,T. Burke,trey-burke,,,3,8:50,1,0,0,0,0,0,0,10,0,0,0,1,2020-21,Playoffs
0042000174,1610612742,Dallas,Mavericks,DAL,mavericks,203939,Dwight,Powell,D. Powell,dwight-powell,,,7,4:14,0,2,0,4,0,0,0,6,0,0,0,2,2020-21,Playoffs
0042000174,1610612742,Dallas,Mavericks,DAL,mavericks,1630182,Josh,Green,J. Green,josh-green,,,8,4:14,0,0,0,0,0,0,0,6,0,0,0,0,2020-21,Playoffs
0042000174,1610612742,Dallas,Mavericks,DAL,mavericks,1629740,Nicolo,Melli,N. Melli,nicolo-melli,,,44,4:14,0,0,0,0,0,0,0,6,0,1,1,0,2020-21,Playoffs
0042000174,1610612742,Dallas,Mavericks,DAL,mavericks,1630189,Tyler,Bey,T. Bey,tyler-bey,,DNP - Coach's Decision,2,,0,0,0,0,0,0,0,0,0,0,0,0,2020-21,Playoffs
0042000174,1610612742,Dallas,Mavericks,DAL,mavericks,1630207,Nate,Hinton,N. Hinton,nate-hinton,,DNP - Coach's Decision,14,,0,0,0,0,0,0,0,0,0,0,0,0,2020-21,Playoffs
0042000175,1610612742,Dallas,Mavericks,DAL,mavericks,1627827,Dorian,Finney-Smith,D. Finney-Smith,dorian-finney-smith,F,,10,40:25,0,2,0,0,7,7,8,28,1,2,2,1,2020-21,Playoffs
0042000175,1610612742,Dallas,Mavericks,DAL,mavericks,204001,Kristaps,Porziņģis,K. Porziņģis,kristaps-porziņģis,F,,6,29:51,0,0,0,2,7,3,5,18,0,0,3,0,2020-21,Playoffs
0042000175,1610612742,Dallas,Mavericks,DAL,mavericks,1626246,Boban,Marjanovic,B. Marjanovic,boban-marjanovic,C,,51,20:04,0,0,0,6,7,5,2,20,0,1,3,4,2020-21,Playoffs
0042000175,1610612742,Dallas,Mavericks,DAL,mavericks,203501,Tim,Hardaway Jr.,T. Hardaway Jr.,tim-hardaway-jr,G,,11,45:13,5,3,2,2,9,7,8,34,0,4,1,5,2020-21,Playoffs
0042000175,1610612742,Dallas,Mavericks,DAL,mavericks,1629029,Luka,Dončić,L. Dončić,luka-dončić,G,,77,42:31,2,4,2,16,7,7,8,30,0,2,2,5,2020-21,Playoffs
0042000175,1610612742,Dallas,Mavericks,DAL,mavericks,1628467,Maxi,Kleber,M. Kleber,maxi-kleber,,,42,19:11,0,0,0,0,2,4,3,20,0,0,5,2,2020-21,Playoffs
0042000175,1610612742,Dallas,Mavericks,DAL,mavericks,203939,Dwight,Powell,D. Powell,dwight-powell,,,7,21:30,2,2,2,6,0,2,3,18,0,0,5,1,2020-21,Playoffs
0042000175,1610612742,Dallas,Mavericks,DAL,mavericks,1628973,Jalen,Brunson,J. Brunson,jalen-brunson,,,13,10:05,0,0,0,2,2,0,0,14,0,0,0,1,2020-21,Playoffs
0042000175,1610612742,Dallas,Mavericks,DAL,mavericks,1626196,Josh,Richardson,J. Richardson,josh-richardson,,,0,5:54,0,0,0,0,2,0,0,8,0,1,0,1,2020-21,Playoffs
0042000175,1610612742,Dallas,Mavericks,DAL,mavericks,1626161,Willie,Cauley-Stein,W. Cauley-Stein,willie-cauley-stein,,,33,5:15,2,0,0,2,2,0,3,0,1,0,2,0,2020-21,Playoffs
0042000175,1610612742,Dallas,Mavericks,DAL,mavericks,1630189,Tyler,Bey,T. Bey,tyler-bey,,DNP - Coach's Decision,2,,0,0,0,0,0,0,0,0,0,0,0,0,2020-21,Playoffs
0042000175,1610612742,Dallas,Mavericks,DAL,mavericks,203504,Trey,Burke,T. Burke,trey-burke,,DNP - Coach's Decision,3,,0,0,0,0,0,0,0,0,0,0,0,0,2020-21,Playoffs
0042000175,1610612742,Dallas,Mavericks,DAL,mavericks,1630182,Josh,Green,J. Green,josh-green,,DNP - Coach's Decision,8,,0,0,0,0,0,0,0,0,0,0,0,0,2020-21,Playoffs
0042000175,1610612742,Dallas,Mavericks,DAL,mavericks,1630207,Nate,Hinton,N. Hinton,nate-hinton,,DNP - Coach's Decision,14,,0,0,0,0,0,0,0,0,0,0,0,0,2020-21,Playoffs
0042000175,1610612742,Dallas,Mavericks,DAL,mavericks,1629740,Nicolo,Melli,N. Melli,nicolo-melli,,DNP - Coach's Decision,44,,0,0,0,0,0,0,0,0,0,0,0,0,2020-21,Playoffs
0042000175,1610612746,LA,Clippers,LAC,clippers,202695,Kawhi,Leonard,K. Leonard,kawhi-leonard,F,,2,41:32,0,0,3,12,11,9,6,30,2,1,2,6,2020-21,Playoffs
0042000175,1610612746,LA,Clippers,LAC,clippers,202694,Marcus,Morris Sr.,M. Morris Sr.,marcus-morris-sr,F,,8,42:09,2,0,3,2,11,11,6,34,1,0,4,1,2020-21,Playoffs
0042000175,1610612746,LA,Clippers,LAC,clippers,201587,Nicolas,Batum,N. Batum,nicolas-batum,C,,33,33:08,2,0,0,6,3,4,0,16,0,0,2,3,2020-21,Playoffs
0042000175,1610612746,LA,Clippers,LAC,clippers,202331,Paul,George,P. George,paul-george,G,,13,38:31,0,3,0,8,3,6,0,18,3,1,4,5,2020-21,Playoffs
0042000175,1610612746,LA,Clippers,LAC,clippers,202704,Reggie,Jackson,R. Jackson,reggie-jackson,G,,1,28:47,5,0,2,2,8,5,6,22,0,0,3,0,2020-21,Playoffs
0042000175,1610612746,LA,Clippers,LAC,clippers,200765,Rajon,Rondo,R. Rondo,rajon-rondo,,,4,20:42,0,0,0,0,8,9,6,28,1,0,3,2,2020-21,Playoffs
0042000175,1610612746,LA,Clippers,LAC,clippers,1627826,Ivica,Zubac,I. Zubac,ivica-zubac,,,40,19:58,0,4,0,4,8,9,6,22,1,0,1,3,2020-21,Playoffs
0042000175,1610612746,LA,Clippers,LAC,clippers,1629611,Terance,Mann,T. Mann,terance-mann,,,14,15:01,0,0,0,4,3,2,0,8,2,0,1,3,2020-21,Playoffs
0042000175,1610612746,LA,Clippers,LAC,clippers,201976,Patrick,Beverley,P. Beverley,patrick-beverley,,,21,0:11,0,0,0,0,0,0,0,2,0,0,0,0,2020-21,Playoffs
0042000175,1610612746,LA,Clippers,LAC,clippers,1629599,Amir,Coffey,A. Coffey,amir-coffey,,DNP - Coach's Decision,7,,0,0,0,0,0,0,0,0,0,0,0,0,2020-21,Playoffs
0042000175,1610612746,LA,Clippers,LAC,clippers,202326,DeMarcus,Cousins,D. Cousins,demarcus-cousins,,DNP - Coach's Decision,15,,0,0,0,0,0,0,0,0,0,0,0,0,2020-21,Playoffs
0042000175,1610612746,LA,Clippers,LAC,clippers,1627812,Yogi,Ferrell,Y. Ferrell,yogi-ferrell,,DNP - Coach's Decision,11,,0,0,0,0,0,0,0,0,0,0,0,0,2020-21,Playoffs
0042000175,1610612746,LA,Clippers,LAC,clippers,1628379,Luke,Kennard,L. Kennard,luke-kennard,,DNP - Coach's Decision,5,,0,0,0,0,0,0,0,0,0,0,0,0,2020-21,Playoffs
0042000175,1610612746,LA,Clippers,LAC,clippers,1630187,Daniel,Oturu,D. Oturu,daniel-oturu,,DNP - Coach's Decision,10,,0,0,0,0,0,0,0,0,0,0,0,0,2020-21,Playoffs
0042000175,1610612746,LA,Clippers,LAC,clippers,202335,Patrick,Patterson,P. Patterson,patrick-patterson,,DNP - Coach's Decision,54,,0,0,0,0,0,0,0,0,0,0,0,0,2020-21,Playoffs
0042000176,1610612746,LA,Clippers,LAC,clippers,202695,Kawhi,Leonard,K. Leonard,kawhi-leonard,F,,2,41:48,4,2,3,14,15,5,11,44,0,0,1,4,2020-21,Playoffs
0042000176,1610612746,LA,Clippers,LAC,clippers,202694,Marcus,Morris Sr.,M. Morris Sr.,marcus-morris-sr,F,,8,41:33,0,0,0,0,13,5,9,44,0,1,2,1,2020-21,Playoffs
0042000176,1610612746,LA,Clippers,LAC,clippers,201587,Nicolas,Batum,N. Batum,nicolas-batum,C,,33,36:43,2,0,4,2,15,2,8,40,0,0,2,1,2020-21,Playoffs
0042000176,1610612746,LA,Clippers,LAC,clippers,202331,Paul,George,P. George,paul-george,G,,13,45:58,0,0,0,4,15,5,11,44,3,1,2,8,2020-21,Playoffs
0042000176,1610612746,LA,Clippers,LAC,clippers,202704,Reggie,Jackson,R. Jackson,reggie-jackson,G,,1,37:51,3,2,4,6,13,5,9,40,0,0,5,6,2020-21,Playoffs
0042000176,1610612746,LA,Clippers,LAC,clippers,1629611,Terance,Mann,T. Mann,terance-mann,,,14,10:52,0,0,0,0,2,0,2,6,0,0,1,0,2020-21,Playoffs
0042000176,1610612746,LA,Clippers,LAC,clippers,200765,Rajon,Rondo,R. Rondo,rajon-rondo,,,4,10:03,0,0,0,0,2,0,2,6,0,0,1,0,2020-21,Playoffs
0042000176,1610612746,LA,Clippers,LAC,clippers,1627826,Ivica,Zubac,I. Zubac,ivica-zubac,,,40,5:11,0,2,0,0,0,0,0,0,0,0,0,1,2020-21,Playoffs
0042000176,1610612746,LA,Clippers,LAC,clippers,1628379,Luke,Kennard,L. Kennard,luke-kennard,,,5,10:02,0,2,0,2,0,3,3,6,0,0,0,0,2020-21,Playoffs
0042000176,1610612746,LA,Clippers,LAC,clippers,201976,Patrick,Beverley,P. Beverley,patrick-beverley,,DNP - Coach's Decision,21,,0,0,0,0,0,0,0,0,0,0,0,0,2020-21,Playoffs
0042000176,1610612746,LA,Clippers,LAC,clippers,1629599,Amir,Coffey,A. Coffey,amir-coffey,,DNP - Coach's Decision,7,,0,0,0,0,0,0,0,0,0,0,0,0,2020-21,Playoffs
0042000176,1610612746,LA,Clippers,LAC,clippers,202326,DeMarcus,Cousins,D. Cousins,demarcus-cousins,,DNP - Coach's Decision,15,,0,0,0,0,0,0,0,0,0,0,0,0,2020-21,Playoffs
0042000176,1610612746,LA,Clippers,LAC,clippers,1627812,Yogi,Ferrell,Y. Ferrell,yogi-ferrell,,DNP - Coach's Decision,11,,0,0,0,0,0,0,0,0,0,0,0,0,2020-21,Playoffs
0042000176,1610612746,LA,Clippers,LAC,clippers,1630187,Daniel,Oturu,D. Oturu,daniel-oturu,,DNP - Coach's Decision,10,,0,0,0,0,0,0,0,0,0,0,0,0,2020-21,Playoffs
0042000176,1610612746,LA,Clippers,LAC,clippers,202335,Patrick,Patterson,P. Patterson,patrick-patterson,,DNP - Coach's Decision,54,,0,0,0,0,0,0,0,0,0,0,0,0,2020-21,Playoffs
0042000176,1610612742,Dallas,Mavericks,DAL,mavericks,1627827,Dorian,Finney-Smith,D. Finney-Smith,dorian-finney-smith,F,,10,41:48,2,0,0,0,9,4,11,24,0,0,2,1,2020-21,Playoffs
0042000176,1610612742,Dallas,Mavericks,DAL,mavericks,204001,Kristaps,Porziņģis,K. Porziņģis,kristaps-porziņģis,F,,6,30:58,2,0,2,4,6,4,7,20,1,0,2,0,2020-21,Playoffs
0042000176,1610612742,Dallas,Mavericks,DAL,mavericks,1626246,Boban,Marjanovic,B. Marjanovic,boban-marjanovic,C,,51,17:10,2,0,0,10,4,0,4,12,0,0,3,1,2020-21,Playoffs
0042000176,1610612742,Dallas,Mavericks,DAL,mavericks,203501,Tim,Hardaway Jr.,T. Hardaway Jr.,tim-hardaway-jr,G,,11,37:58,3,3,3,10,7,8,6,24,0,1,4,2,2020-21,Playoffs
0042000176,1610612742,Dallas,Mavericks,DAL,mavericks,1629029,Luka,Dončić,L. Dončić,luka-dončić,G,,77,40:36,4,2,4,16,9,4,11,24,0,0,3,6,2020-21,Playoffs
0042000176,1610612742,Dallas,Mavericks,DAL,mavericks,1628973,Jalen,Brunson,J. Brunson,jalen-brunson,,,13,14:54,0,0,0,2,1,4,5,6,0,0,2,1,2020-21,Playoffs
0042000176,1610612742,Dallas,Mavericks,DAL,mavericks,1628467,Maxi,Kleber,M. Kleber,maxi-kleber,,,42,21:21,0,0,0,0,2,6,4,8,0,2,0,0,2020-21,Playoffs
0042000176,1610612742,Dallas,Mavericks,DAL,mavericks,203939,Dwight,Powell,D. Powell,dwight-powell,,,7,6:53,0,0,0,0,0,2,2,2,0,0,2,2,2020-21,Playoffs
0042000176,1610612742,Dallas,Mavericks,DAL,mavericks,1626196,Josh,Richardson,J. Richardson,josh-richardson,,,0,9:30,0,0,0,2,3,4,0,6,0,0,2,1,2020-21,Playoffs
0042000176,1610612742,Dallas,Mavericks,DAL,mavericks,1626161,Willie,Cauley-Stein,W. Cauley-Stein,willie-cauley-stein,,,33,18:54,2,0,2,2,4,4,5,14,1,0,1,0,2020-21,Playoffs
0042000176,1610612742,Dallas,Mavericks,DAL,mavericks,1630189,Tyler,Bey,T. Bey,tyler-bey,,DNP - Coach's Decision,2,,0,0,0,0,0,0,0,0,0,0,0,0,2020-21,Playoffs
0042000176,1610612742,Dallas,Mavericks,DAL,mavericks,203504,Trey,Burke,T. Burke,trey-burke,,DNP - Coach's Decision,3,,0,0,0,0,0,0,0,0,0,0,0,0,2020-21,Playoffs
0042000176,1610612742,Dallas,Mavericks,DAL,mavericks,1630182,Josh,Green,J. Green,josh-green,,DNP - Coach's Decision,8,,0,0,0,0,0,0,0,0,0,0,0,0,2020-21,Playoffs
0042000176,1610612742,Dallas,Mavericks,DAL,mavericks,1630207,Nate,Hinton,N. Hinton,nate-hinton,,DNP - Coach's Decision,14,,0,0,0,0,0,0,0,0,0,0,0,0,2020-21,Playoffs
0042000176,1610612742,Dallas,Mavericks,DAL,mavericks,1629740,Nicolo,Melli,N. Melli,nicolo-melli,,DNP - Coach's Decision,44,,0,0,0,0,0,0,0,0,0,0,0,0,2020-21,Playoffs
0042000177,1610612742,Dallas,Mavericks,DAL,mavericks,1627827,Dorian,Finney-Smith,D. Finney-Smith,dorian-finney-smith,F,,10,39:23,0,4,3,6,15,10,4,28,0,1,5,1,2020-21,Playoffs
0042000177,1610612742,Dallas,Mavericks,DAL,mavericks,204001,Kristaps,Porziņģis,K. Porziņģis,kristaps-porziņģis,F,,6,42:51,2,4,0,10,17,12,4,30,0,0,3,3,2020-21,Playoffs
0042000177,1610612742,Dallas,Mavericks,DAL,mavericks,1626246,Boban,Marjanovic,B. Marjanovic,boban-marjanovic,C,,51,31:23,0,4,0,14,9,4,2,18,1,1,4,3,2020-21,Playoffs
0042000177,1610612742,Dallas,Mavericks,DAL,mavericks,203501,Tim,Hardaway Jr.,T. Hardaway Jr.,tim-hardaway-jr,G,,11,42:35,0,2,0,6,15,12,2,26,0,0,3,3,2020-21,Playoffs
0042000177,1610612742,Dallas,Mavericks,DAL,mavericks,1629029,Luka,Dončić,L. Dončić,luka-dončić,G,,77,44:52,7,5,5,20,17,12,4,32,0,0,3,8,2020-21,Playoffs
0042000177,1610612742,Dallas,Mavericks,DAL,mavericks,1626196,Josh,Richardson,J. Richardson,josh-richardson,,,0,6:04,0,0,0,0,2,0,2,4,0,0,0,0,2020-21,Playoffs
0042000177,1610612742,Dallas,Mavericks,DAL,mavericks,203939,Dwight,Powell,D. Powell,dwight-powell,,,7,5:22,0,2,0,4,2,3,2,6,0,0,1,0,2020-21,Playoffs
0042000177,1610612742,Dallas,Mavericks,DAL,mavericks,1628467,Maxi,Kleber,M. Kleber,maxi-kleber,,,42,9:18,0,0,0,0,2,2,0,6,0,0,1,1,2020-21,Playoffs
0042000177,1610612742,Dallas,Mavericks,DAL,mavericks,1628973,Jalen,Brunson,J. Brunson,jalen-brunson,,,13,10:27,0,2,0,2,4,2,0,6,0,0,0,1,2020-21,Playoffs
0042000177,1610612742,Dallas,Mavericks,DAL,mavericks,203504,Trey,Burke,T. Burke,trey-burke,,,3,7:45,0,0,0,0,2,3,0,4,0,0,1,1,2020-21,Playoffs
0042000177,1610612742,Dallas,Mavericks,DAL,mavericks,1630189,Tyler,Bey,T. Bey,tyler-bey,,DNP - Coach's Decision,2,,0,0,0,0,0,0,0,0,0,0,0,0,2020-21,Playoffs
0042000177,1610612742,Dallas,Mavericks,DAL,mavericks,1626161,Willie,Cauley-Stein,W. Cauley-Stein,willie-cauley-stein,,DNP - Coach's Decision,33,,0,0,0,0,0,0,0,0,0,0,0,0,2020-21,Playoffs
0042000177,1610612742,Dallas,Mavericks,DAL,mavericks,1630182,Josh,Green,J. Green,josh-green,,DNP - Coach's Decision,8,,0,0,0,0,0,0,0,0,0,0,0,0,2020-21,Playoffs
0042000177,1610612742,Dallas,Mavericks,DAL,mavericks,1630207,Nate,Hinton,N. Hinton,nate-hinton,,DNP - Coach's Decision,14,,0,0,0,0,0,0,0,0,0,0,0,0,2020-21,Playoffs
0042000177,1610612742,Dallas,Mavericks,DAL,mavericks,1629740,Nicolo,Melli,N. Melli,nicolo-melli,,DNP - Coach's Decision,44,,0,0,0,0,0,0,0,0,0,0,0,0,2020-21,Playoffs
0042000177,1610612746,LA,Clippers,LAC,clippers,202695,Kawhi,Leonard,K. Leonard,kawhi-leonard,F,,2,42:03,8,3,2,14,9,21,8,60,1,0,5,8,2020-21,Playoffs
0042000177,1610612746,LA,Clippers,LAC,clippers,202694,Marcus,Morris Sr.,M. Morris Sr.,marcus-morris-sr,F,,8,30:11,3,2,0,2,2,8,3,32,0,0,3,1,2020-21,Playoffs
0042000177,1610612746,LA,Clippers,LAC,clippers,201587,Nicolas,Batum,N. Batum,nicolas-batum,C,,33,41:34,0,0,0,4,9,21,8,60,1,0,1,1,2020-21,Playoffs
0042000177,1610612746,LA,Clippers,LAC,clippers,202331,Paul,George,P. George,paul-george,G,,13,43:22,4,2,2,4,7,23,6,60,0,0,4,6,2020-21,Playoffs
0042000177,1610612746,LA,Clippers,LAC,clippers,202704,Reggie,Jackson,R. Jackson,reggie-jackson,G,,1,28:19,0,0,0,2,7,13,3,38,0,1,2,4,2020-21,Playoffs
0042000177,1610612746,LA,Clippers,LAC,clippers,1629611,Terance,Mann,T. Mann,terance-mann,,,14,26:12,0,3,0,4,7,19,5,38,0,0,3,1,2020-21,Playoffs
0042000177,1610612746,LA,Clippers,LAC,clippers,200765,Rajon,Rondo,R. Rondo,rajon-rondo,,,4,9:17,0,0,0,0,2,2,5,8,0,0,2,0,2020-21,Playoffs
0042000177,1610612746,LA,Clippers,LAC,clippers,1627826,Ivica,Zubac,I. Zubac,ivica-zubac,,,40,2:36,0,0,0,0,2,0,2,0,0,0,0,0,2020-21,Playoffs
0042000177,1610612746,LA,Clippers,LAC,clippers,1628379,Luke,Kennard,L. Kennard,luke-kennard,,,5,14:32,2,2,0,2,0,8,0,14,0,0,1,0,2020-21,Playoffs
0042000177,1610612746,LA,Clippers,LAC,clippers,1630187,Daniel,Oturu,D. Oturu,daniel-oturu,,,10,0:38,0,0,0,0,0,0,0,0,0,0,0,0,2020-21,Playoffs
0042000177,1610612746,LA,Clippers,LAC,clippers,1629599,Amir,Coffey,A. Coffey,amir-coffey,,,7,0:38,0,0,0,0,0,0,0,0,0,0,0,0,2020-21,Playoffs
0042000177,1610612746,LA,Clippers,LAC,clippers,1627812,Yogi,Ferrell,Y. Ferrell,yogi-ferrell,,,11,0:38,0,0,0,0,0,0,0,0,0,0,0,0,2020-21,Playoffs
0042000177,1610612746,LA,Clippers,LAC,clippers,201976,Patrick,Beverley,P. Beverley,patrick-beverley,,DNP - Coach's Decision,21,,0,0,0,0,0,0,0,0,0,0,0,0,2020-21,Playoffs
0042000177,1610612746,LA,Clippers,LAC,clippers,202326,DeMarcus,Cousins,D. Cousins,demarcus-cousins,,DNP - Coach's Decision,15,,0,0,0,0,0,0,0,0,0,0,0,0,2020-21,Playoffs
0042000177,1610612746,LA,Clippers,LAC,clippers,202335,Patrick,Patterson,P. Patterson,patrick-patterson,,DNP - Coach's Decision,54,,0,0,0,0,0,0,0,0,0,0,0,0,2020-21,Playoffs
0042000201,1610612737,Atlanta,Hawks,ATL,hawks,203524,Solomon,Hill,S. Hill,solomon-hill,F,,18,24:59,3,0,3,0,14,4,10,34,1,0,4,1,2020-21,Playoffs
0042000201,1610612737,Atlanta,Hawks,ATL,hawks,1628381,John,Collins,J. Collins,john-collins,F,,20,33:52,5,3,0,8,18,9,10,48,0,1,4,3,2020-21,Playoffs
0042000201,1610612737,Atlanta,Hawks,ATL,hawks,203991,Clint,Capela,C. Capela,clint-capela,C,,15,32:26,2,2,0,10,18,9,8,44,1,1,5,3,2020-21,Playoffs
0042000201,1610612737,Atlanta,Hawks,ATL,hawks,203992,Bogdan,Bogdanović,B. Bogdanović,bogdan-bogdanović,G,,13,36:04,0,0,0,2,18,9,12,44,0,0,3,3,2020-21,Playoffs
0042000201,1610612737,Atlanta,Hawks,ATL,hawks,1629027,Trae,Young,T. Young,trae-young,G,,11,39:01,6,0,0,10,24,9,13,54,0,2,3,6,2020-21,Playoffs
0042000201,1610612737,Atlanta,Hawks,ATL,hawks,201568,Danilo,Gallinari,D. Gallinari,danilo-gallinari,,,8,17:53,2,0,2,2,8,0,12,16,0,0,0,2,2020-21,Playoffs
0042000201,1610612737,Atlanta,Hawks,ATL,hawks,1628989,Kevin,Huerter,K. Huerter,kevin-huerter,,,3,28:51,3,0,3,4,14,5,10,34,0,1,3,2,2020-21,Playoffs
0042000201,1610612737,Atlanta,Hawks,ATL,hawks,203503,Tony,Snell,T. Snell,tony-snell,,,19,3:55,0,0,0,0,0,0,0,2,0,0,0,0,2020-21,Playoffs
0042000201,1610612737,Atlanta,Hawks,ATL,hawks,101150,Lou,Williams,L. Williams,lou-williams,,,6,11:05,5,3,0,2,0,0,3,4,0,0,0,1,2020-21,Playoffs
0042000201,1610612737,Atlanta,Hawks,ATL,hawks,1630168,Onyeka,Okongwu,O. Okongwu,onyeka-okongwu,,,17,11:54,2,0,2,2,6,0,2,10,1,0,4,1,2020-21,Playoffs
0042000201,1610612737,Atlanta,Hawks,ATL,hawks,1628981,Bruno,Fernando,B. Fernando,bruno-fernando,,DNP - Coach's Decision,24,,0,0,0,0,0,0,0,0,0,0,0,0,2020-21,Playoffs
0042000201,1610612737,Atlanta,Hawks,ATL,hawks,1629631,De'Andre,Hunter,D. Hunter,deandre-hunter,,DND - Injury/Illness,12,,0,0,0,0,0,0,0,0,0,0,0,0,2020-21,Playoffs
0042000201,1610612737,Atlanta,Hawks,ATL,hawks,1630233,Nathan,Knight,N. Knight,nathan-knight,,DNP - Coach's Decision,1,,0,0,0,0,0,0,0,0,0,0,0,0,2020-21,Playoffs
0042000201,1610612737,Atlanta,Hawks,ATL,hawks,1630219,Skylar,Mays,S. Mays,skylar-mays,,DNP - Coach's Decision,4,,0,0,0,0,0,0,0,0,0,0,0,0,2020-21,Playoffs
0042000201,1610612755,Philadelphia,76ers,PHI,sixers,201980,Danny,Green,D. Green,danny-green,F,,14,29:55,0,2,0,4,17,2,6,28,0,0,4,0,2020-21,Playoffs
0042000201,1610612755,Philadelphia,76ers,PHI,sixers,202699,Tobias,Harris,T. Harris,tobias-harris,F,,12,35:52,14,0,6,12,20,2,6,28,0,0,0,2,2020-21,Playoffs
0042000201,1610612755,Philadelphia,76ers,PHI,sixers,203954,Joel,Embiid,J. Embiid,joel-embiid,C,,21,38:02,4,3,0,16,19,2,6,30,3,1,4,10,2020-21,Playoffs
0042000201,1610612755,Philadelphia,76ers,PHI,sixers,203552,Seth,Curry,S. Curry,seth-curry,G,,31,36:23,0,0,0,0,19,2,8,30,0,0,2,3,2020-21,Playoffs
0042000201,1610612755,Philadelphia,76ers,PHI,sixers,1627732,Ben,Simmons,B. Simmons,ben-simmons,G,,25,37:13,4,2,2,14,21,5,6,34,1,0,4,5,2020-21,Playoffs
0042000201,1610612755,Philadelphia,76ers,PHI,sixers,1629680,Matisse,Thybulle,M. Thybulle,matisse-thybulle,,,22,18:34,0,0,3,4,10,6,4,16,1,0,2,0,2020-21,Playoffs
0042000201,1610612755,Philadelphia,76ers,PHI,sixers,1630178,Tyrese,Maxey,T. Maxey,tyrese-maxey,,,0,13:46,2,0,2,4,7,6,4,8,0,2,3,3,2020-21,Playoffs
0042000201,1610612755,Philadelphia,76ers,PHI,sixers,201588,George,Hill,G. Hill,george-hill,,,33,10:31,0,0,0,0,9,6,4,10,0,0,1,2,2020-21,Playoffs
0042000201,1610612755,Philadelphia,76ers,PHI,sixers,2730,Dwight,Howard,D. Howard,dwight-howard,,,39,8:12,0,0,0,0,7,3,4,6,0,0,2,0,2020-21,Playoffs
0042000201,1610612755,Philadelphia,76ers,PHI,sixers,1627788,Furkan,Korkmaz,F. Korkmaz,furkan-korkmaz,,,30,10:54,0,2,3,4,9,6,2,8,0,0,0,1,2020-21,Playoffs
0042000201,1610612755,Philadelphia,76ers,PHI,sixers,1629003,Shake,Milton,S. Milton,shake-milton,,,18,0:38,0,0,0,0,2,0,0,2,0,0,0,0,2020-21,Playoffs
0042000201,1610612755,Philadelphia,76ers,PHI,sixers,1630198,Isaiah,Joe,I. Joe,isaiah-joe,,DNP - Coach's Decision,7,,0,0,0,0,0,0,0,0,0,0,0,0,2020-21,Playoffs
0042000201,1610612755,Philadelphia,76ers,PHI,sixers,1630194,Paul,Reed,P. Reed,paul-reed,,DNP - Coach's Decision,44,,0,0,0,0,0,0,0,0,0,0,0,0,2020-21,Playoffs
0042000201,1610612755,Philadelphia,76ers,PHI,sixers,203118,Mike,Scott,M. Scott,mike-scott,,DNP - Coach's Decision,1,,0,0,0,0,0,0,0,0,0,0,0,0,2020-21,Playoffs
0042000201,1610612755,Philadelphia,76ers,PHI,sixers,201229,Anthony,Tolliver,A. Tolliver,anthony-tolliver,,DNP - Coach's Decision,43,,0,0,0,0,0,0,0,0,0,0,0,0,2020-21,Playoffs
0042000202,1610612737,Atlanta,Hawks,ATL,hawks,203524,Solomon,Hill,S. Hill,solomon-hill,F,,18,8:10,0,0,0,0,2,0,12,16,0,0,0,1,2020-21,Playoffs
0042000202,1610612737,Atlanta,Hawks,ATL,hawks,1628381,John,Collins,J. Collins,john-collins,F,,20,34:51,0,4,0,8,14,7,16,36,2,1,6,2,2020-21,Playoffs
0042000202,1610612737,Atlanta,Hawks,ATL,hawks,203991,Clint,Capela,C. Capela,clint-capela,C,,15,27:37,0,2,0,10,21,10,13,38,0,0,5,0,2020-21,Playoffs
0042000202,1610612737,Atlanta,Hawks,ATL,hawks,203992,Bogdan,Bogdanović,B. Bogdanović,bogdan-bogdanović,G,,13,41:14,0,0,3,4,23,12,15,44,0,1,3,0,2020-21,Playoffs
0042000202,1610612737,Atlanta,Hawks,ATL,hawks,1629027,Trae,Young,T. Young,trae-young,G,,11,37:50,2,0,1,10,24,10,15,44,0,4,1,6,2020-21,Playoffs
0042000202,1610612737,Atlanta,Hawks,ATL,hawks,1628989,Kevin,Huerter,K. Huerter,kevin-huerter,,,3,35:38,0,3,5,8,17,14,9,30,2,0,2,2,2020-21,Playoffs
0042000202,1610612737,Atlanta,Hawks,ATL,hawks,201568,Danilo,Gallinari,D. Gallinari,danilo-gallinari,,,8,26:02,5,2,0,2,16,9,11,24,0,1,2,2,2020-21,Playoffs
0042000202,1610612737,Atlanta,Hawks,ATL,hawks,203503,Tony,Snell,T. Snell,tony-snell,,,19,2:43,0,0,0,0,2,0,0,2,0,0,0,0,2020-21,Playoffs
0042000202,1610612737,Atlanta,Hawks,ATL,hawks,1630168,Onyeka,Okongwu,O. Okongwu,onyeka-okongwu,,,17,5:52,0,0,0,0,3,2,0,6,1,1,2,0,2020-21,Playoffs
0042000202,1610612737,Atlanta,Hawks,ATL,hawks,101150,Lou,Williams,L. Williams,lou-williams,,,6,15:09,0,0,0,0,12,6,9,20,0,0,0,4,2020-21,Playoffs
0042000202,1610612737,Atlanta,Hawks,ATL,hawks,1630233,Nathan,Knight,N. Knight,nathan-knight,,,1,1:38,0,0,0,2,2,0,0,0,0,0,0,1,2020-21,Playoffs
0042000202,1610612737,Atlanta,Hawks,ATL,hawks,1630219,Skylar,Mays,S. Mays,skylar-mays,,,4,1:38,0,0,0,0,2,0,0,0,0,0,0,0,2020-21,Playoffs
0042000202,1610612737,Atlanta,Hawks,ATL,hawks,1628981,Bruno,Fernando,B. Fernando,bruno-fernando,,,24,1:38,0,0,0,0,2,0,0,0,0,0,0,0,2020-21,Playoffs
0042000202,1610612737,Atlanta,Hawks,ATL,hawks,1629631,De'Andre,Hunter,D. Hunter,deandre-hunter,,DND - Injury/Illness,12,,0,0,0,0,0,0,0,0,0,0,0,0,2020-21,Playoffs
0042000202,1610612755,Philadelphia,76ers,PHI,sixers,201980,Danny,Green,D. Green,danny-green,F,,14,25:50,0,3,0,2,2,5,6,34,1,0,0,0,2020-21,Playoffs
0042000202,1610612755,Philadelphia,76ers,PHI,sixers,202699,Tobias,Harris,T. Harris,tobias-harris,F,,12,36:49,4,2,6,18,7,9,9,28,1,0,1,1,2020-21,Playoffs
0042000202,1610612755,Philadelphia,76ers,PHI,sixers,203954,Joel,Embiid,J. Embiid,joel-embiid,C,,21,34:40,12,2,4,14,2,7,3,36,1,2,5,13,2020-21,Playoffs
0042000202,1610612755,Philadelphia,76ers,PHI,sixers,203552,Seth,Curry,S. Curry,seth-curry,G,,31,28:52,8,3,3,4,2,5,6,32,0,1,3,0,2020-21,Playoffs
0042000202,1610612755,Philadelphia,76ers,PHI,sixers,1627732,Ben,Simmons,B. Simmons,ben-simmons,G,,25,34:31,0,0,0,4,4,7,8,40,1,0,2,2,2020-21,Playoffs
0042000202,1610612755,Philadelphia,76ers,PHI,sixers,1629680,Matisse,Thybulle,M. Thybulle,matisse-thybulle,,,22,23:38,2,0,2,2,0,4,4,18,2,0,3,3,2020-21,Playoffs
0042000202,1610612755,Philadelphia,76ers,PHI,sixers,201588,George,Hill,G. Hill,george-hill,,,33,18:34,2,0,2,4,5,6,3,10,1,2,0,1,2020-21,Playoffs
0042000202,1610612755,Philadelphia,76ers,PHI,sixers,1630178,Tyrese,Maxey,T. Maxey,tyrese-maxey,,,0,5:06,0,0,0,0,3,2,0,2,0,0,0,0,2020-21,Playoffs
0042000202,1610612755,Philadelphia,76ers,PHI,sixers,2730,Dwight,Howard,D. Howard,dwight-howard,,,39,10:42,0,4,0,4,5,4,3,6,0,0,0,1,2020-21,Playoffs
0042000202,1610612755,Philadelphia,76ers,PHI,sixers,1627788,Furkan,Korkmaz,F. Korkmaz,furkan-korkmaz,,,30,6:00,0,0,0,0,5,2,2,6,1,0,1,0,2020-21,Playoffs
0042000202,1610612755,Philadelphia,76ers,PHI,sixers,1629003,Shake,Milton,S. Milton,shake-milton,,,18,14:15,0,0,3,0,0,4,1,6,0,0,3,0,2020-21,Playoffs
0042000202,1610612755,Philadelphia,76ers,PHI,sixers,203118,Mike,Scott,M. Scott,mike-scott,,,1,1:03,0,0,0,0,0,0,0,2,0,0,0,0,2020-21,Playoffs
0042000202,1610612755,Philadelphia,76ers,PHI,sixers,1630198,Isaiah,Joe,I. Joe,isaiah-joe,,DNP - Coach's Decision,7,,0,0,0,0,0,0,0,0,0,0,0,0,2020-21,Playoffs
0042000202,1610612755,Philadelphia,76ers,PHI,sixers,1630194,Paul,Reed,P. Reed,paul-reed,,DNP - Coach's Decision,44,,0,0,0,0,0,0,0,0,0,0,0,0,2020-21,Playoffs
0042000202,1610612755,Philadelphia,76ers,PHI,sixers,201229,Anthony,Tolliver,A. Tolliver,anthony-tolliver,,DNP - Coach's Decision,43,,0,0,0,0,0,0,0,0,0,0,0,0,2020-21,Playoffs
0042000203,1610612755,Philadelphia,76ers,PHI,sixers,201980,Danny,Green,D. Green,danny-green,F,,14,3:45,0,0,0,0,0,2,0,4,0,0,1,0,2020-21,Playoffs
0042000203,1610612755,Philadelphia,76ers,PHI,sixers,202699,Tobias,Harris,T. Harris,tobias-harris,F,,12,38:27,3,3,2,16,8,16,6,48,0,0,4,1,2020-21,Playoffs
0042000203,1610612755,Philadelphia,76ers,PHI,sixers,203954,Joel,Embiid,J. Embiid,joel-embiid,C,,21,33:55,1,2,2,12,10,14,2,32,3,1,3,11,2020-21,Playoffs
0042000203,1610612755,Philadelphia,76ers,PHI,sixers,203552,Seth,Curry,S. Curry,seth-curry,G,,31,31:43,0,0,2,4,10,14,2,30,0,0,3,1,2020-21,Playoffs
0042000203,1610612755,Philadelphia,76ers,PHI,sixers,1627732,Ben,Simmons,B. Simmons,ben-simmons,G,,25,33:48,3,0,7,14,10,16,4,38,0,0,5,6,2020-21,Playoffs
0042000203,1610612755,Philadelphia,76ers,PHI,sixers,1629680,Matisse,Thybulle,M. Thybulle,matisse-thybulle,,,22,16:45,2,0,2,4,6,6,0,18,0,0,6,0,2020-21,Playoffs
0042000203,1610612755,Philadelphia,76ers,PHI,sixers,1627788,Furkan,Korkmaz,F. Korkmaz,furkan-korkmaz,,,30,27:25,0,0,0,2,5,11,4,36,0,0,0,3,2020-21,Playoffs
0042000203,1610612755,Philadelphia,76ers,PHI,sixers,1629003,Shake,Milton,S. Milton,shake-milton,,,18,21:01,3,0,0,2,4,8,6,30,0,0,2,1,2020-21,Playoffs
0042000203,1610612755,Philadelphia,76ers,PHI,sixers,201588,George,Hill,G. Hill,george-hill,,,33,13:25,0,3,0,0,2,2,2,20,1,0,0,2,2020-21,Playoffs
0042000203,1610612755,Philadelphia,76ers,PHI,sixers,2730,Dwight,Howard,D. Howard,dwight-howard,,,39,13:15,0,6,0,8,2,4,4,24,0,0,1,3,2020-21,Playoffs
0042000203,1610612755,Philadelphia,76ers,PHI,sixers,1630178,Tyrese,Maxey,T. Maxey,tyrese-maxey,,,0,5:42,0,0,0,2,3,5,0,8,0,0,1,0,2020-21,Playoffs
0042000203,1610612755,Philadelphia,76ers,PHI,sixers,1630198,Isaiah,Joe,I. Joe,isaiah-joe,,,7,0:50,0,0,0,2,0,2,0,2,0,0,0,0,2020-21,Playoffs
0042000203,1610612755,Philadelphia,76ers,PHI,sixers,1630194,Paul,Reed,P. Reed,paul-reed,,DNP - Coach's Decision,44,,0,0,0,0,0,0,0,0,0,0,0,0,2020-21,Playoffs
0042000203,1610612755,Philadelphia,76ers,PHI,sixers,203118,Mike,Scott,M. Scott,mike-scott,,DNP - Coach's Decision,1,,0,0,0,0,0,0,0,0,0,0,0,0,2020-21,Playoffs
0042000203,1610612755,Philadelphia,76ers,PHI,sixers,201229,Anthony,Tolliver,A. Tolliver,anthony-tolliver,,DNP - Coach's Decision,43,,0,0,0,0,0,0,0,0,0,0,0,0,2020-21,Playoffs
0042000203,1610612737,Atlanta,Hawks,ATL,hawks,203524,Solomon,Hill,S. Hill,solomon-hill,F,,18,14:13,1,0,0,0,2,4,0,14,0,0,3,1,2020-21,Playoffs
0042000203,1610612737,Atlanta,Hawks,ATL,hawks,1628381,John,Collins,J. Collins,john-collins,F,,20,33:08,2,4,2,20,11,8,11,42,0,0,5,4,2020-21,Playoffs
0042000203,1610612737,Atlanta,Hawks,ATL,hawks,203991,Clint,Capela,C. Capela,clint-capela,C,,15,28:03,3,6,0,6,7,0,8,30,1,1,3,3,2020-21,Playoffs
0042000203,1610612737,Atlanta,Hawks,ATL,hawks,203992,Bogdan,Bogdanović,B. Bogdanović,bogdan-bogdanović,G,,13,39:24,0,5,0,10,11,10,15,54,0,0,3,2,2020-21,Playoffs
0042000203,1610612737,Atlanta,Hawks,ATL,hawks,1629027,Trae,Young,T. Young,trae-young,G,,11,36:44,6,0,2,10,12,3,15,48,0,0,4,10,2020-21,Playoffs
0042000203,1610612737,Atlanta,Hawks,ATL,hawks,1628989,Kevin,Huerter,K. Huerter,kevin-huerter,,,3,23:14,0,3,0,0,5,12,11,38,0,0,4,0,2020-21,Playoffs
0042000203,1610612737,Atlanta,Hawks,ATL,hawks,201568,Danilo,Gallinari,D. Gallinari,danilo-gallinari,,,8,29:37,0,0,0,4,6,14,11,42,0,1,2,5,2020-21,Playoffs
0042000203,1610612737,Atlanta,Hawks,ATL,hawks,203503,Tony,Snell,T. Snell,tony-snell,,,19,11:51,0,0,0,0,3,2,2,20,0,0,3,0,2020-21,Playoffs
0042000203,1610612737,Atlanta,Hawks,ATL,hawks,1630168,Onyeka,Okongwu,O. Okongwu,onyeka-okongwu,,,17,8:51,0,0,0,2,0,6,0,16,0,2,1,0,2020-21,Playoffs
0042000203,1610612737,Atlanta,Hawks,ATL,hawks,101150,Lou,Williams,L. Williams,lou-williams,,,6,13:16,0,0,2,4,3,11,2,22,0,0,0,1,2020-21,Playoffs
0042000203,1610612737,Atlanta,Hawks,ATL,hawks,1630219,Skylar,Mays,S. Mays,skylar-mays,,,4,0:50,0,0,0,0,0,0,0,2,0,0,0,0,2020-21,Playoffs
0042000203,1610612737,Atlanta,Hawks,ATL,hawks,1628981,Bruno,Fernando,B. Fernando,bruno-fernando,,,24,0:50,0,2,0,2,0,0,0,2,0,0,0,0,2020-21,Playoffs
0042000203,1610612737,Atlanta,Hawks,ATL,hawks,1627739,Kris,Dunn,K. Dunn,kris-dunn,,DNP - Coach's Decision,32,,0,0,0,0,0,0,0,0,0,0,0,0,2020-21,Playoffs
0042000203,1610612737,Atlanta,Hawks,ATL,hawks,1630233,Nathan,Knight,N. Knight,nathan-knight,,DNP - Coach's Decision,1,,0,0,0,0,0,0,0,0,0,0,0,0,2020-21,Playoffs
0042000204,1610612755,Philadelphia,76ers,PHI,sixers,1627788,Furkan,Korkmaz,F. Korkmaz,furkan-korkmaz,F,,30,25:06,0,0,0,2,4,12,9,24,2,0,1,0,2020-21,Playoffs
0042000204,1610612755,Philadelphia,76ers,PHI,sixers,202699,Tobias,Harris,T. Harris,tobias-harris,F,,12,38:50,3,0,0,8,8,17,9,32,1,1,1,1,2020-21,Playoffs
0042000204,1610612755,Philadelphia,76ers,PHI,sixers,203954,Joel,Embiid,J. Embiid,joel-embiid,C,,21,36:15,0,2,0,2,6,16,9,34,0,1,3,6,2020-21,Playoffs
0042000204,1610612755,Philadelphia,76ers,PHI,sixers,203552,Seth,Curry,S. Curry,seth-curry,G,,31,35:05,3,0,0,2,6,18,9,32,1,0,1,1,2020-21,Playoffs
0042000204,1610612755,Philadelphia,76ers,PHI,sixers,1627732,Ben,Simmons,B. Simmons,ben-simmons,G,,25,36:28,0,2,2,10,6,16,9,36,2,0,3,6,2020-21,Playoffs
0042000204,1610612755,Philadelphia,76ers,PHI,sixers,1629680,Matisse,Thybulle,M. Thybulle,matisse-thybulle,,,22,21:18,3,0,0,2,2,7,0,14,0,1,2,0,2020-21,Playoffs
0042000204,1610612755,Philadelphia,76ers,PHI,sixers,201588,George,Hill,G. Hill,george-hill,,,33,13:05,0,0,0,0,2,5,0,6,0,1,2,0,2020-21,Playoffs
0042000204,1610612755,Philadelphia,76ers,PHI,sixers,2730,Dwight,Howard,D. Howard,dwight-howard,,,39,11:45,0,5,0,6,2,5,0,6,0,0,3,2,2020-21,Playoffs
0042000204,1610612755,Philadelphia,76ers,PHI,sixers,1629003,Shake,Milton,S. Milton,shake-milton,,,18,15:12,0,0,0,2,2,7,0,10,0,0,1,2,2020-21,Playoffs
0042000204,1610612755,Philadelphia,76ers,PHI,sixers,1630178,Tyrese,Maxey,T. Maxey,tyrese-maxey,,,0,6:56,0,0,3,0,2,2,0,6,0,0,1,0,2020-21,Playoffs
0042000204,1610612755,Philadelphia,76ers,PHI,sixers,1630198,Isaiah,Joe,I. Joe,isaiah-joe,,DNP - Coach's Decision,7,,0,0,0,0,0,0,0,0,0,0,0,0,2020-21,Playoffs
0042000204,1610612755,Philadelphia,76ers,PHI,sixers,1630194,Paul,Reed,P. Reed,paul-reed,,DNP - Coach's Decision,44,,0,0,0,0,0,0,0,0,0,0,0,0,2020-21,Playoffs
0042000204,1610612755,Philadelphia,76ers,PHI,sixers,203118,Mike,Scott,M. Scott,mike-scott,,DNP - Coach's Decision,1,,0,0,0,0,0,0,0,0,0,0,0,0,2020-21,Playoffs
0042000204,1610612755,Philadelphia,76ers,PHI,sixers,201229,Anthony,Tolliver,A. Tolliver,anthony-tolliver,,DNP - Coach's Decision,43,,0,0,0,0,0,0,0,0,0,0,0,0,2020-21,Playoffs
0042000204,1610612755,Philadelphia,76ers,PHI,sixers,1629730,Rayjon,Tucker,R. Tucker,rayjon-tucker,,DNP - Coach's Decision,9,,0,0,0,0,0,0,0,0,0,0,0,0,2020-21,Playoffs
0042000204,1610612737,Atlanta,Hawks,ATL,hawks,1628989,Kevin,Huerter,K. Huerter,kevin-huerter,F,,3,35:27,0,3,0,2,6,8,5,28,0,0,4,0,2020-21,Playoffs
0042000204,1610612737,Atlanta,Hawks,ATL,hawks,1628381,John,Collins,J. Collins,john-collins,F,,20,36:32,6,7,0,10,3,5,5,18,1,0,3,2,2020-21,Playoffs
0042000204,1610612737,Atlanta,Hawks,ATL,hawks,203991,Clint,Capela,C. Capela,clint-capela,C,,15,35:21,0,4,4,12,6,4,5,24,1,0,3,1,2020-21,Playoffs
0042000204,1610612737,Atlanta,Hawks,ATL,hawks,203992,Bogdan,Bogdanović,B. Bogdanović,bogdan-bogdanović,G,,13,42:18,2,0,3,4,6,7,5,28,0,0,1,2,2020-21,Playoffs
0042000204,1610612737,Atlanta,Hawks,ATL,hawks,1629027,Trae,Young,T. Young,trae-young,G,,11,40:01,0,0,2,10,9,5,5,24,0,4,3,7,2020-21,Playoffs
0042000204,1610612737,Atlanta,Hawks,ATL,hawks,203503,Tony,Snell,T. Snell,tony-snell,,,19,7:43,0,0,0,0,6,2,0,6,0,0,0,0,2020-21,Playoffs
0042000204,1610612737,Atlanta,Hawks,ATL,hawks,201568,Danilo,Gallinari,D. Gallinari,danilo-gallinari,,,8,22:42,0,2,0,0,6,5,0,20,0,1,2,2,2020-21,Playoffs
0042000204,1610612737,Atlanta,Hawks,ATL,hawks,101150,Lou,Williams,L. Williams,lou-williams,,,6,13:35,0,5,0,0,0,5,0,14,0,0,1,3,2020-21,Playoffs
0042000204,1610612737,Atlanta,Hawks,ATL,hawks,1630168,Onyeka,Okongwu,O. Okongwu,onyeka-okongwu,,,17,6:21,0,0,0,2,3,4,0,8,2,1,1,1,2020-21,Playoffs
0042000204,1610612737,Atlanta,Hawks,ATL,hawks,1627739,Kris,Dunn,K. Dunn,kris-dunn,,DNP - Coach's Decision,32,,0,0,0,0,0,0,0,0,0,0,0,0,2020-21,Playoffs
0042000204,1610612737,Atlanta,Hawks,ATL,hawks,1628981,Bruno,Fernando,B. Fernando,bruno-fernando,,DNP - Coach's Decision,24,,0,0,0,0,0,0,0,0,0,0,0,0,2020-21,Playoffs
0042000204,1610612737,Atlanta,Hawks,ATL,hawks,203524,Solomon,Hill,S. Hill,solomon-hill,,DNP - Coach's Decision,18,,0,0,0,0,0,0,0,0,0,0,0,0,2020-21,Playoffs
0042000204,1610612737,Atlanta,Hawks,ATL,hawks,1630233,Nathan,Knight,N. Knight,nathan-knight,,DNP - Coach's Decision,1,,0,0,0,0,0,0,0,0,0,0,0,0,2020-21,Playoffs
0042000204,1610612737,Atlanta,Hawks,ATL,hawks,1630219,Skylar,Mays,S. Mays,skylar-mays,,DNP - Coach's Decision,4,,0,0,0,0,0,0,0,0,0,0,0,0,2020-21,Playoffs
0042000205,1610612737,Atlanta,Hawks,ATL,hawks,1628989,Kevin,Huerter,K. Huerter,kevin-huerter,F,,3,27:30,0,0,0,0,3,7,15,26,1,1,4,0,2020-21,Playoffs
0042000205,1610612737,Atlanta,Hawks,ATL,hawks,1628381,John,Collins,J. Collins,john-collins,F,,20,36:10,0,2,0,4,7,7,15,22,2,0,1,3,2020-21,Playoffs
0042000205,1610612737,Atlanta,Hawks,ATL,hawks,203991,Clint,Capela,C. Capela,clint-capela,C,,15,37:58,0,2,0,6,7,5,15,26,0,2,5,1,2020-21,Playoffs
0042000205,1610612737,Atlanta,Hawks,ATL,hawks,203992,Bogdan,Bogdanović,B. Bogdanović,bogdan-bogdanović,G,,13,21:24,4,0,2,2,3,2,8,14,0,0,5,4,2020-21,Playoffs
0042000205,1610612737,Atlanta,Hawks,ATL,hawks,1629027,Trae,Young,T. Young,trae-young,G,,11,40:17,13,3,7,12,9,5,15,26,0,2,4,10,2020-21,Playoffs
0042000205,1610612737,Atlanta,Hawks,ATL,hawks,201568,Danilo,Gallinari,D. Gallinari,danilo-gallinari,,,8,30:22,8,0,0,0,3,7,7,18,0,0,4,1,2020-21,Playoffs
0042000205,1610612737,Atlanta,Hawks,ATL,hawks,203503,Tony,Snell,T. Snell,tony-snell,,,19,2:51,0,0,0,0,0,0,0,6,0,0,0,0,2020-21,Playoffs
0042000205,1610612737,Atlanta,Hawks,ATL,hawks,101150,Lou,Williams,L. Williams,lou-williams,,,6,22:33,0,0,0,4,5,2,0,6,0,1,3,1,2020-21,Playoffs
0042000205,1610612737,Atlanta,Hawks,ATL,hawks,1630168,Onyeka,Okongwu,O. Okongwu,onyeka-okongwu,,,17,8:16,0,4,0,4,2,0,0,2,1,0,1,1,2020-21,Playoffs
0042000205,1610612737,Atlanta,Hawks,ATL,hawks,203524,Solomon,Hill,S. Hill,solomon-hill,,,18,12:39,0,0,0,2,6,0,0,4,0,0,1,0,2020-21,Playoffs
0042000205,1610612737,Atlanta,Hawks,ATL,hawks,1627739,Kris,Dunn,K. Dunn,kris-dunn,,DNP - Coach's Decision,32,,0,0,0,0,0,0,0,0,0,0,0,0,2020-21,Playoffs
0042000205,1610612737,Atlanta,Hawks,ATL,hawks,1628981,Bruno,Fernando,B. Fernando,bruno-fernando,,DNP - Coach's Decision,24,,0,0,0,0,0,0,0,0,0,0,0,0,2020-21,Playoffs
0042000205,1610612737,Atlanta,Hawks,ATL,hawks,1630233,Nathan,Knight,N. Knight,nathan-knight,,DNP - Coach's Decision,1,,0,0,0,0,0,0,0,0,0,0,0,0,2020-21,Playoffs
0042000205,1610612737,Atlanta,Hawks,ATL,hawks,1630219,Skylar,Mays,S. Mays,skylar-mays,,DNP - Coach's Decision,4,,0,0,0,0,0,0,0,0,0,0,0,0,2020-21,Playoffs
0042000205,1610612755,Philadelphia,76ers,PHI,sixers,1627788,Furkan,Korkmaz,F. Korkmaz,furkan-korkmaz,F,,30,28:40,0,0,0,0,14,5,7,20,0,0,0,2,2020-21,Playoffs
0042000205,1610612755,Philadelphia,76ers,PHI,sixers,202699,Tobias,Harris,T. Harris,tobias-harris,F,,12,37:41,0,2,0,4,20,9,7,30,1,2,4,2,2020-21,Playoffs
0042000205,1610612755,Philadelphia,76ers,PHI,sixers,203954,Joel,Embiid,J. Embiid,joel-embiid,C,,21,39:26,0,2,5,16,18,7,7,32,4,0,3,8,2020-21,Playoffs
0042000205,1610612755,Philadelphia,76ers,PHI,sixers,203552,Seth,Curry,S. Curry,seth-curry,G,,31,37:33,8,2,8,4,18,7,7,32,0,1,4,5,2020-21,Playoffs
0042000205,1610612755,Philadelphia,76ers,PHI,sixers,1627732,Ben,Simmons,B. Simmons,ben-simmons,G,,25,38:24,1,1,2,4,16,7,7,30,1,0,1,7,2020-21,Playoffs
0042000205,1610612755,Philadelphia,76ers,PHI,sixers,1629680,Matisse,Thybulle,M. Thybulle,matisse-thybulle,,,22,23:55,0,0,0,0,11,6,2,16,0,0,3,0,2020-21,Playoffs
0042000205,1610612755,Philadelphia,76ers,PHI,sixers,201588,George,Hill,G. Hill,george-hill,,,33,11:49,0,0,0,2,7,4,2,4,0,0,0,2,2020-21,Playoffs
0042000205,1610612755,Philadelphia,76ers,PHI,sixers,1629003,Shake,Milton,S. Milton,shake-milton,,,18,12:37,0,0,0,0,9,6,2,4,0,1,3,1,2020-21,Playoffs
0042000205,1610612755,Philadelphia,76ers,PHI,sixers,2730,Dwight,Howard,D. Howard,dwight-howard,,,39,8:34,0,0,0,0,7,4,2,2,0,0,3,1,2020-21,Playoffs
0042000205,1610612755,Philadelphia,76ers,PHI,sixers,1630178,Tyrese,Maxey,T. Maxey,tyrese-maxey,,,0,1:21,0,0,0,0,5,0,2,0,0,0,0,0,2020-21,Playoffs
0042000205,1610612755,Philadelphia,76ers,PHI,sixers,1630198,Isaiah,Joe,I. Joe,isaiah-joe,,DNP - Coach's Decision,7,,0,0,0,0,0,0,0,0,0,0,0,0,2020-21,Playoffs
0042000205,1610612755,Philadelphia,76ers,PHI,sixers,1630194,Paul,Reed,P. Reed,paul-reed,,DNP - Coach's Decision,44,,0,0,0,0,0,0,0,0,0,0,0,0,2020-21,Playoffs
0042000205,1610612755,Philadelphia,76ers,PHI,sixers,203118,Mike,Scott,M. Scott,mike-scott,,DNP - Coach's Decision,1,,0,0,0,0,0,0,0,0,0,0,0,0,2020-21,Playoffs
0042000205,1610612755,Philadelphia,76ers,PHI,sixers,201229,Anthony,Tolliver,A. Tolliver,anthony-tolliver,,DNP - Coach's Decision,43,,0,0,0,0,0,0,0,0,0,0,0,0,2020-21,Playoffs
0042000205,1610612755,Philadelphia,76ers,PHI,sixers,1629730,Rayjon,Tucker,R. Tucker,rayjon-tucker,,DNP - Coach's Decision,9,,0,0,0,0,0,0,0,0,0,0,0,0,2020-21,Playoffs
0042000206,1610612755,Philadelphia,76ers,PHI,sixers,1627788,Furkan,Korkmaz,F. Korkmaz,furkan-korkmaz,F,,30,22:45,0,4,5,4,6,5,11,26,0,0,1,1,2020-21,Playoffs
0042000206,1610612755,Philadelphia,76ers,PHI,sixers,202699,Tobias,Harris,T. Harris,tobias-harris,F,,12,39:05,0,0,0,10,8,9,11,40,0,1,4,4,2020-21,Playoffs
0042000206,1610612755,Philadelphia,76ers,PHI,sixers,203954,Joel,Embiid,J. Embiid,joel-embiid,C,,21,38:14,2,10,0,14,12,9,13,38,2,0,4,3,2020-21,Playoffs
0042000206,1610612755,Philadelphia,76ers,PHI,sixers,203552,Seth,Curry,S. Curry,seth-curry,G,,31,39:03,7,0,5,2,12,7,13,36,1,1,3,2,2020-21,Playoffs
0042000206,1610612755,Philadelphia,76ers,PHI,sixers,1627732,Ben,Simmons,B. Simmons,ben-simmons,G,,25,25:27,0,0,0,4,10,7,15,34,1,0,5,3,2020-21,Playoffs
0042000206,1610612755,Philadelphia,76ers,PHI,sixers,1629680,Matisse,Thybulle,M. Thybulle,matisse-thybulle,,,22,11:12,0,0,0,0,4,4,4,12,0,0,2,0,2020-21,Playoffs
0042000206,1610612755,Philadelphia,76ers,PHI,sixers,1630178,Tyrese,Maxey,T. Maxey,tyrese-maxey,,,0,29:29,2,0,0,8,6,6,4,26,1,1,1,4,2020-21,Playoffs
0042000206,1610612755,Philadelphia,76ers,PHI,sixers,201588,George,Hill,G. Hill,george-hill,,,33,20:40,0,0,0,0,2,4,0,10,0,0,3,2,2020-21,Playoffs
0042000206,1610612755,Philadelphia,76ers,PHI,sixers,2730,Dwight,Howard,D. Howard,dwight-howard,,,39,9:46,0,0,2,2,0,2,2,10,0,0,1,3,2020-21,Playoffs
0042000206,1610612755,Philadelphia,76ers,PHI,sixers,1629003,Shake,Milton,S. Milton,shake-milton,,,18,4:19,0,0,0,0,0,2,2,8,0,0,0,0,2020-21,Playoffs
0042000206,1610612755,Philadelphia,76ers,PHI,sixers,1630198,Isaiah,Joe,I. Joe,isaiah-joe,,DNP - Coach's Decision,7,,0,0,0,0,0,0,0,0,0,0,0,0,2020-21,Playoffs
0042000206,1610612755,Philadelphia,76ers,PHI,sixers,1630194,Paul,Reed,P. Reed,paul-reed,,DNP - Coach's Decision,44,,0,0,0,0,0,0,0,0,0,0,0,0,2020-21,Playoffs
0042000206,1610612755,Philadelphia,76ers,PHI,sixers,203118,Mike,Scott,M. Scott,mike-scott,,DNP - Coach's Decision,1,,0,0,0,0,0,0,0,0,0,0,0,0,2020-21,Playoffs
0042000206,1610612755,Philadelphia,76ers,PHI,sixers,201229,Anthony,Tolliver,A. Tolliver,anthony-tolliver,,DNP - Coach's Decision,43,,0,0,0,0,0,0,0,0,0,0,0,0,2020-21,Playoffs
0042000206,1610612755,Philadelphia,76ers,PHI,sixers,1629730,Rayjon,Tucker,R. Tucker,rayjon-tucker,,DNP - Coach's Decision,9,,0,0,0,0,0,0,0,0,0,0,0,0,2020-21,Playoffs
0042000206,1610612737,Atlanta,Hawks,ATL,hawks,1628989,Kevin,Huerter,K. Huerter,kevin-huerter,F,,3,44:13,4,2,4,10,11,14,12,42,1,0,3,3,2020-21,Playoffs
0042000206,1610612737,Atlanta,Hawks,ATL,hawks,1628381,John,Collins,J. Collins,john-collins,F,,20,37:09,0,2,0,2,9,14,8,32,0,0,2,6,2020-21,Playoffs
0042000206,1610612737,Atlanta,Hawks,ATL,hawks,203991,Clint,Capela,C. Capela,clint-capela,C,,15,37:54,2,2,0,12,9,14,8,34,0,1,2,5,2020-21,Playoffs
0042000206,1610612737,Atlanta,Hawks,ATL,hawks,203992,Bogdan,Bogdanović,B. Bogdanović,bogdan-bogdanović,G,,13,28:37,0,0,0,4,9,10,8,26,1,1,2,2,2020-21,Playoffs
0042000206,1610612737,Atlanta,Hawks,ATL,hawks,1629027,Trae,Young,T. Young,trae-young,G,,11,40:11,4,3,8,12,9,14,8,34,0,2,4,4,2020-21,Playoffs
0042000206,1610612737,Atlanta,Hawks,ATL,hawks,201568,Danilo,Gallinari,D. Gallinari,danilo-gallinari,,,8,23:23,2,0,3,4,2,4,4,22,0,0,4,3,2020-21,Playoffs
0042000206,1610612737,Atlanta,Hawks,ATL,hawks,101150,Lou,Williams,L. Williams,lou-williams,,,6,11:11,0,0,0,0,2,0,4,12,0,1,3,0,2020-21,Playoffs
0042000206,1610612737,Atlanta,Hawks,ATL,hawks,1630168,Onyeka,Okongwu,O. Okongwu,onyeka-okongwu,,,17,9:46,0,2,0,4,2,0,4,10,1,0,0,1,2020-21,Playoffs
0042000206,1610612737,Atlanta,Hawks,ATL,hawks,203524,Solomon,Hill,S. Hill,solomon-hill,,,18,7:36,0,0,0,0,2,0,4,8,0,0,2,0,2020-21,Playoffs
0042000206,1610612737,Atlanta,Hawks,ATL,hawks,1627739,Kris,Dunn,K. Dunn,kris-dunn,,DNP - Coach's Decision,32,,0,0,0,0,0,0,0,0,0,0,0,0,2020-21,Playoffs
0042000206,1610612737,Atlanta,Hawks,ATL,hawks,1628981,Bruno,Fernando,B. Fernando,bruno-fernando,,DNP - Coach's Decision,24,,0,0,0,0,0,0,0,0,0,0,0,0,2020-21,Playoffs
0042000206,1610612737,Atlanta,Hawks,ATL,hawks,1630233,Nathan,Knight,N. Knight,nathan-knight,,DNP - Coach's Decision,1,,0,0,0,0,0,0,0,0,0,0,0,0,2020-21,Playoffs
0042000206,1610612737,Atlanta,Hawks,ATL,hawks,1630219,Skylar,Mays,S. Mays,skylar-mays,,DNP - Coach's Decision,4,,0,0,0,0,0,0,0,0,0,0,0,0,2020-21,Playoffs
0042000206,1610612737,Atlanta,Hawks,ATL,hawks,203503,Tony,Snell,T. Snell,tony-snell,,DNP - Coach's Decision,19,,0,0,0,0,0,0,0,0,0,0,0,0,2020-21,Playoffs
0042000207,1610612737,Atlanta,Hawks,ATL,hawks,1628989,Kevin,Huerter,K. Huerter,kevin-huerter,F,,3,39:35,3,0,0,2,8,10,17,32,0,1,4,5,2020-21,Playoffs
0042000207,1610612737,Atlanta,Hawks,ATL,hawks,1628381,John,Collins,J. Collins,john-collins,F,,20,41:12,0,4,0,6,10,13,23,38,1,0,4,7,2020-21,Playoffs
0042000207,1610612737,Atlanta,Hawks,ATL,hawks,203991,Clint,Capela,C. Capela,clint-capela,C,,15,32:20,1,1,0,12,5,10,18,30,0,1,3,2,2020-21,Playoffs
0042000207,1610612737,Atlanta,Hawks,ATL,hawks,203992,Bogdan,Bogdanović,B. Bogdanović,bogdan-bogdanović,G,,13,21:27,2,0,2,4,5,3,19,22,0,0,1,1,2020-21,Playoffs
0042000207,1610612737,Atlanta,Hawks,ATL,hawks,1629027,Trae,Young,T. Young,trae-young,G,,11,43:00,0,0,0,4,10,13,23,40,0,1,4,8,2020-21,Playoffs
0042000207,1610612737,Atlanta,Hawks,ATL,hawks,201568,Danilo,Gallinari,D. Gallinari,danilo-gallinari,,,8,30:26,5,3,6,4,5,10,6,24,0,0,2,3,2020-21,Playoffs
0042000207,1610612737,Atlanta,Hawks,ATL,hawks,1630168,Onyeka,Okongwu,O. Okongwu,onyeka-okongwu,,,17,15:40,0,0,0,0,5,3,5,12,0,1,3,1,2020-21,Playoffs
0042000207,1610612737,Atlanta,Hawks,ATL,hawks,101150,Lou,Williams,L. Williams,lou-williams,,,6,11:19,4,0,4,4,2,3,4,8,0,0,2,1,2020-21,Playoffs
0042000207,1610612737,Atlanta,Hawks,ATL,hawks,203524,Solomon,Hill,S. Hill,solomon-hill,,,18,5:01,0,0,0,0,0,0,0,4,0,0,0,0,2020-21,Playoffs
0042000207,1610612737,Atlanta,Hawks,ATL,hawks,1627739,Kris,Dunn,K. Dunn,kris-dunn,,DNP - Coach's Decision,32,,0,0,0,0,0,0,0,0,0,0,0,0,2020-21,Playoffs
0042000207,1610612737,Atlanta,Hawks,ATL,hawks,1628981,Bruno,Fernando,B. Fernando,bruno-fernando,,DNP - Coach's Decision,24,,0,0,0,0,0,0,0,0,0,0,0,0,2020-21,Playoffs
0042000207,1610612737,Atlanta,Hawks,ATL,hawks,1630233,Nathan,Knight,N. Knight,nathan-knight,,DNP - Coach's Decision,1,,0,0,0,0,0,0,0,0,0,0,0,0,2020-21,Playoffs
0042000207,1610612737,Atlanta,Hawks,ATL,hawks,1630219,Skylar,Mays,S. Mays,skylar-mays,,DNP - Coach's Decision,4,,0,0,0,0,0,0,0,0,0,0,0,0,2020-21,Playoffs
0042000207,1610612737,Atlanta,Hawks,ATL,hawks,203503,Tony,Snell,T. Snell,tony-snell,,DNP - Coach's Decision,19,,0,0,0,0,0,0,0,0,0,0,0,0,2020-21,Playoffs
0042000207,1610612755,Philadelphia,76ers,PHI,sixers,1627788,Furkan,Korkmaz,F. Korkmaz,furkan-korkmaz,F,,30,18:06,2,3,2,2,6,1,2,18,0,0,3,0,2020-21,Playoffs
0042000207,1610612755,Philadelphia,76ers,PHI,sixers,202699,Tobias,Harris,T. Harris,tobias-harris,F,,12,45:01,2,5,5,12,12,8,9,36,0,0,4,3,2020-21,Playoffs
0042000207,1610612755,Philadelphia,76ers,PHI,sixers,203954,Joel,Embiid,J. Embiid,joel-embiid,C,,21,40:59,0,2,9,12,15,6,12,32,1,0,3,6,2020-21,Playoffs
0042000207,1610612755,Philadelphia,76ers,PHI,sixers,203552,Seth,Curry,S. Curry,seth-curry,G,,31,30:56,3,0,3,4,11,3,8,20,1,0,5,4,2020-21,Playoffs
0042000207,1610612755,Philadelphia,76ers,PHI,sixers,1627732,Ben,Simmons,B. Simmons,ben-simmons,G,,25,35:50,1,0,0,4,9,5,8,22,0,0,4,1,2020-21,Playoffs
0042000207,1610612755,Philadelphia,76ers,PHI,sixers,1630178,Tyrese,Maxey,T. Maxey,tyrese-maxey,,,0,14:31,0,0,2,0,4,5,4,14,0,1,2,3,2020-21,Playoffs
0042000207,1610612755,Philadelphia,76ers,PHI,sixers,2730,Dwight,Howard,D. Howard,dwight-howard,,,39,7:01,0,0,0,0,0,2,0,4,1,0,3,1,2020-21,Playoffs
0042000207,1610612755,Philadelphia,76ers,PHI,sixers,201588,George,Hill,G. Hill,george-hill,,,33,21:29,0,0,0,2,9,7,7,16,0,0,0,3,2020-21,Playoffs
0042000207,1610612755,Philadelphia,76ers,PHI,sixers,1629680,Matisse,Thybulle,M. Thybulle,matisse-thybulle,,,22,20:46,2,3,2,4,7,3,10,16,1,0,1,1,2020-21,Playoffs
0042000207,1610612755,Philadelphia,76ers,PHI,sixers,1629003,Shake,Milton,S. Milton,shake-milton,,,18,5:21,0,0,0,2,2,0,0,2,0,0,3,1,2020-21,Playoffs
0042000207,1610612755,Philadelphia,76ers,PHI,sixers,1630198,Isaiah,Joe,I. Joe,isaiah-joe,,DNP - Coach's Decision,7,,0,0,0,0,0,0,0,0,0,0,0,0,2020-21,Playoffs
0042000207,1610612755,Philadelphia,76ers,PHI,sixers,1630194,Paul,Reed,P. Reed,paul-reed,,DNP - Coach's Decision,44,,0,0,0,0,0,0,0,0,0,0,0,0,2020-21,Playoffs
0042000207,1610612755,Philadelphia,76ers,PHI,sixers,203118,Mike,Scott,M. Scott,mike-scott,,DNP - Coach's Decision,1,,0,0,0,0,0,0,0,0,0,0,0,0,2020-21,Playoffs
0042000207,1610612755,Philadelphia,76ers,PHI,sixers,201229,Anthony,Tolliver,A. Tolliver,anthony-tolliver,,DNP - Coach's Decision,43,,0,0,0,0,0,0,0,0,0,0,0,0,2020-21,Playoffs
0042000207,1610612755,Philadelphia,76ers,PHI,sixers,1629730,Rayjon,Tucker,R. Tucker,rayjon-tucker,,DNP - Coach's Decision,9,,0,0,0,0,0,0,0,0,0,0,0,0,2020-21,Playoffs
0042000211,1610612749,Milwaukee,Bucks,MIL,bucks,200782,P.J.,Tucker,P. Tucker,pj-tucker,F,,17,27:57,2,3,0,0,12,4,7,32,0,0,3,1,2020-21,Playoffs
0042000211,1610612749,Milwaukee,Bucks,MIL,bucks,203507,Giannis,Antetokounmpo,G. Antetokounmpo,giannis-antetokounmpo,F,,34,35:15,6,2,5,26,12,4,9,42,2,0,3,4,2020-21,Playoffs
0042000211,1610612749,Milwaukee,Bucks,MIL,bucks,201572,Brook,Lopez,B. Lopez,brook-lopez,C,,11,27:32,3,6,0,16,6,2,8,28,0,0,2,6,2020-21,Playoffs
0042000211,1610612749,Milwaukee,Bucks,MIL,bucks,203114,Khris,Middleton,K. Middleton,khris-middleton,G,,22,36:10,0,2,4,12,10,4,5,40,0,2,2,2,2020-21,Playoffs
0042000211,1610612749,Milwaukee,Bucks,MIL,bucks,201950,Jrue,Holiday,J. Holiday,jrue-holiday,G,,21,36:39,0,2,2,10,18,4,9,42,0,2,1,3,2020-21,Playoffs
0042000211,1610612749,Milwaukee,Bucks,MIL,bucks,1627854,Bryn,Forbes,B. Forbes,bryn-forbes,,,7,21:51,0,3,0,0,10,0,4,16,0,0,2,0,2020-21,Playoffs
0042000211,1610612749,Milwaukee,Bucks,MIL,bucks,1626171,Bobby,Portis,B. Portis,bobby-portis,,,9,17:13,0,2,0,6,8,0,5,12,0,2,1,1,2020-21,Playoffs
0042000211,1610612749,Milwaukee,Bucks,MIL,bucks,1626192,Pat,Connaughton,P. Connaughton,pat-connaughton,,,24,19:56,3,0,0,2,8,2,5,16,1,0,0,1,2020-21,Playoffs
0042000211,1610612749,Milwaukee,Bucks,MIL,bucks,201952,Jeff,Teague,J. Teague,jeff-teague,,,5,13:48,0,0,0,0,6,0,8,12,0,0,0,1,2020-21,Playoffs
0042000211,1610612749,Milwaukee,Bucks,MIL,bucks,203648,Thanasis,Antetokounmpo,T. Antetokounmpo,thanasis-antetokounmpo,,,43,3:40,0,0,0,0,0,0,0,0,0,0,1,2,2020-21,Playoffs
0042000211,1610612749,Milwaukee,Bucks,MIL,bucks,1629091,Elijah,Bryant,E. Bryant,elijah-bryant,,DNP - Coach's Decision,3,,0,0,0,0,0,0,0,0,0,0,0,0,2020-21,Playoffs
0042000211,1610612749,Milwaukee,Bucks,MIL,bucks,1629603,Mamadi,Diakite,M. Diakite,mamadi-diakite,,DNP - Coach's Decision,25,,0,0,0,0,0,0,0,0,0,0,0,0,2020-21,Playoffs
0042000211,1610612749,Milwaukee,Bucks,MIL,bucks,1630241,Sam,Merrill,S. Merrill,sam-merrill,,DNP - Coach's Decision,15,,0,0,0,0,0,0,0,0,0,0,0,0,2020-21,Playoffs
0042000211,1610612749,Milwaukee,Bucks,MIL,bucks,1629670,Jordan,Nwora,J. Nwora,jordan-nwora,,DNP - Coach's Decision,13,,0,0,0,0,0,0,0,0,0,0,0,0,2020-21,Playoffs
0042000211,1610612749,Milwaukee,Bucks,MIL,bucks,1626253,Axel,Toupane,A. Toupane,axel-toupane,,DNP - Coach's Decision,66,,0,0,0,0,0,0,0,0,0,0,0,0,2020-21,Playoffs
0042000211,1610612751,Brooklyn,Nets,BKN,nets,201142,Kevin,Durant,K. Durant,kevin-durant,F,,7,40:06,6,2,2,12,11,15,9,58,2,1,5,4,2020-21,Playoffs
0042000211,1610612751,Brooklyn,Nets,BKN,nets,203925,Joe,Harris,J. Harris,joe-harris,F,,12,34:19,3,0,0,2,9,9,6,56,0,0,0,0,2020-21,Playoffs
0042000211,1610612751,Brooklyn,Nets,BKN,nets,201933,Blake,Griffin,B. Griffin,blake-griffin,C,,2,35:03,0,2,0,6,6,11,11,52,0,0,6,2,2020-21,Playoffs
0042000211,1610612751,Brooklyn,Nets,BKN,nets,202681,Kyrie,Irving,K. Irving,kyrie-irving,G,,11,44:34,2,0,6,16,8,17,11,64,1,1,1,2,2020-21,Playoffs
0042000211,1610612751,Brooklyn,Nets,BKN,nets,201935,James,Harden,J. Harden,james-harden,G,,13,0:43,0,0,0,0,2,0,0,0,0,0,0,0,2020-21,Playoffs
0042000211,1610612751,Brooklyn,Nets,BKN,nets,1628971,Bruce,Brown,B. Brown,bruce-brown,,,1,21:21,2,0,2,4,7,7,7,32,2,0,3,2,2020-21,Playoffs
0042000211,1610612751,Brooklyn,Nets,BKN,nets,1629013,Landry,Shamet,L. Shamet,landry-shamet,,,20,12:10,2,0,2,2,5,8,2,22,0,0,0,1,2020-21,Playoffs
0042000211,1610612751,Brooklyn,Nets,BKN,nets,1629651,Nic,Claxton,N. Claxton,nic-claxton,,,33,14:20,0,0,0,2,5,8,2,26,1,0,2,4,2020-21,Playoffs
0042000211,1610612751,Brooklyn,Nets,BKN,nets,1628455,Mike,James,A. James,mike-james,,,55,30:15,3,0,0,4,2,10,7,40,0,0,3,0,2020-21,Playoffs
0042000211,1610612751,Brooklyn,Nets,BKN,nets,1629617,Reggie,Perry,R. Perry,reggie-perry,,,0,1:26,0,0,0,0,3,3,0,2,0,0,1,0,2020-21,Playoffs
0042000211,1610612751,Brooklyn,Nets,BKN,nets,1628993,Alize,Johnson,A. Johnson,alize-johnson,,,24,1:26,0,0,0,0,3,3,0,2,0,0,0,0,2020-21,Playoffs
0042000211,1610612751,Brooklyn,Nets,BKN,nets,1627789,Timothe,Luwawu-Cabarrot,T. Luwawu-Cabarrot,timothe-luwawu-cabarrot,,,9,1:26,0,0,0,0,3,3,0,2,0,0,0,0,2020-21,Playoffs
0042000211,1610612751,Brooklyn,Nets,BKN,nets,204020,Tyler,Johnson,T. Johnson,tyler-johnson,,,10,1:26,0,0,0,0,3,3,0,2,0,1,0,0,2020-21,Playoffs
0042000211,1610612751,Brooklyn,Nets,BKN,nets,1629185,Chris,Chiozza,C. Chiozza,chris-chiozza,,,4,1:26,0,0,0,0,3,3,0,2,0,0,0,0,2020-21,Playoffs
0042000211,1610612751,Brooklyn,Nets,BKN,nets,201599,DeAndre,Jordan,D. Jordan,deandre-jordan,,DNP - Coach's Decision,6,,0,0,0,0,0,0,0,0,0,0,0,0,2020-21,Playoffs
0042000212,1610612749,Milwaukee,Bucks,MIL,bucks,200782,P.J.,Tucker,P. Tucker,pj-tucker,F,,17,22:07,0,2,0,2,7,4,0,14,0,0,2,1,2020-21,Playoffs
0042000212,1610612749,Milwaukee,Bucks,MIL,bucks,203507,Giannis,Antetokounmpo,G. Antetokounmpo,giannis-antetokounmpo,F,,34,30:47,2,4,4,16,13,8,4,26,1,0,2,5,2020-21,Playoffs
0042000212,1610612749,Milwaukee,Bucks,MIL,bucks,201572,Brook,Lopez,B. Lopez,brook-lopez,C,,11,25:33,0,0,3,4,2,6,3,20,1,2,2,2,2020-21,Playoffs
0042000212,1610612749,Milwaukee,Bucks,MIL,bucks,203114,Khris,Middleton,K. Middleton,khris-middleton,G,,22,33:34,3,0,3,6,21,6,9,20,0,0,1,3,2020-21,Playoffs
0042000212,1610612749,Milwaukee,Bucks,MIL,bucks,201950,Jrue,Holiday,J. Holiday,jrue-holiday,G,,21,34:07,0,0,0,8,21,10,6,24,0,0,0,2,2020-21,Playoffs
0042000212,1610612749,Milwaukee,Bucks,MIL,bucks,1627854,Bryn,Forbes,B. Forbes,bryn-forbes,,,7,21:31,0,3,0,2,14,8,9,20,0,0,0,0,2020-21,Playoffs
0042000212,1610612749,Milwaukee,Bucks,MIL,bucks,1626171,Bobby,Portis,B. Portis,bobby-portis,,,9,17:15,0,0,0,2,21,6,6,16,1,1,1,0,2020-21,Playoffs
0042000212,1610612749,Milwaukee,Bucks,MIL,bucks,1626192,Pat,Connaughton,P. Connaughton,pat-connaughton,,,24,13:47,0,0,0,0,7,6,5,20,0,0,0,0,2020-21,Playoffs
0042000212,1610612749,Milwaukee,Bucks,MIL,bucks,203648,Thanasis,Antetokounmpo,T. Antetokounmpo,thanasis-antetokounmpo,,,43,9:28,0,0,0,0,5,5,0,8,0,0,2,1,2020-21,Playoffs
0042000212,1610612749,Milwaukee,Bucks,MIL,bucks,201952,Jeff,Teague,J. Teague,jeff-teague,,,5,7:22,0,0,0,0,2,5,3,8,0,0,0,1,2020-21,Playoffs
0042000212,1610612749,Milwaukee,Bucks,MIL,bucks,1629091,Elijah,Bryant,E. Bryant,elijah-bryant,,,3,9:03,0,0,2,6,2,5,0,8,0,0,0,0,2020-21,Playoffs
0042000212,1610612749,Milwaukee,Bucks,MIL,bucks,1630241,Sam,Merrill,S. Merrill,sam-merrill,,,15,5:36,0,0,0,0,0,3,0,2,0,0,0,1,2020-21,Playoffs
0042000212,1610612749,Milwaukee,Bucks,MIL,bucks,1629603,Mamadi,Diakite,M. Diakite,mamadi-diakite,,,25,5:12,0,0,0,0,0,3,0,2,0,0,2,1,2020-21,Playoffs
0042000212,1610612749,Milwaukee,Bucks,MIL,bucks,1628382,Justin,Jackson,J. Jackson,justin-jackson,,,44,4:38,4,2,0,6,0,0,0,2,0,0,0,0,2020-21,Playoffs
0042000212,1610612749,Milwaukee,Bucks,MIL,bucks,1626253,Axel,Toupane,A. Toupane,axel-toupane,,DNP - Coach's Decision,66,,0,0,0,0,0,0,0,0,0,0,0,0,2020-21,Playoffs
0042000212,1610612751,Brooklyn,Nets,BKN,nets,201142,Kevin,Durant,K. Durant,kevin-durant,F,,7,32:51,8,2,0,6,5,9,10,30,1,0,2,6,2020-21,Playoffs
0042000212,1610612751,Brooklyn,Nets,BKN,nets,203925,Joe,Harris,J. Harris,joe-harris,F,,12,30:21,2,0,2,4,5,5,6,24,0,0,4,1,2020-21,Playoffs
0042000212,1610612751,Brooklyn,Nets,BKN,nets,201933,Blake,Griffin,B. Griffin,blake-griffin,C,,2,25:50,0,2,0,4,5,4,8,28,1,0,3,1,2020-21,Playoffs
0042000212,1610612751,Brooklyn,Nets,BKN,nets,1628971,Bruce,Brown,B. Brown,bruce-brown,G,,1,25:41,2,2,0,10,5,4,8,32,0,0,2,1,2020-21,Playoffs
0042000212,1610612751,Brooklyn,Nets,BKN,nets,202681,Kyrie,Irving,K. Irving,kyrie-irving,G,,11,33:51,4,0,5,2,5,9,10,32,0,1,1,0,2020-21,Playoffs
0042000212,1610612751,Brooklyn,Nets,BKN,nets,1629013,Landry,Shamet,L. Shamet,landry-shamet,,,20,15:45,3,0,0,0,0,5,2,18,0,0,0,0,2020-21,Playoffs
0042000212,1610612751,Brooklyn,Nets,BKN,nets,1629651,Nic,Claxton,N. Claxton,nic-claxton,,,33,14:15,2,4,2,4,0,5,2,14,1,0,1,0,2020-21,Playoffs
0042000212,1610612751,Brooklyn,Nets,BKN,nets,1628455,Mike,James,A. James,mike-james,,,55,23:51,2,0,0,4,0,4,4,28,0,1,1,0,2020-21,Playoffs
0042000212,1610612751,Brooklyn,Nets,BKN,nets,204020,Tyler,Johnson,T. Johnson,tyler-johnson,,,10,9:03,0,0,0,0,4,2,2,14,0,0,0,1,2020-21,Playoffs
0042000212,1610612751,Brooklyn,Nets,BKN,nets,1627789,Timothe,Luwawu-Cabarrot,T. Luwawu-Cabarrot,timothe-luwawu-cabarrot,,,9,7:33,0,0,0,0,4,2,2,10,0,0,0,1,2020-21,Playoffs
0042000212,1610612751,Brooklyn,Nets,BKN,nets,1628993,Alize,Johnson,A. Johnson,alize-johnson,,,24,7:33,0,0,0,2,4,2,2,10,0,1,1,1,2020-21,Playoffs
0042000212,1610612751,Brooklyn,Nets,BKN,nets,1629617,Reggie,Perry,R. Perry,reggie-perry,,,0,7:02,0,5,0,2,4,2,2,10,0,0,1,0,2020-21,Playoffs
0042000212,1610612751,Brooklyn,Nets,BKN,nets,1629185,Chris,Chiozza,C. Chiozza,chris-chiozza,,,4,6:24,0,0,0,0,4,2,2,10,0,0,1,0,2020-21,Playoffs
0042000212,1610612751,Brooklyn,Nets,BKN,nets,201599,DeAndre,Jordan,D. Jordan,deandre-jordan,,DNP - Coach's Decision,6,,0,0,0,0,0,0,0,0,0,0,0,0,2020-21,Playoffs
0042000213,1610612751,Brooklyn,Nets,BKN,nets,201142,Kevin,Durant,K. Durant,kevin-durant,F,,7,42:52,3,3,0,6,6,7,7,34,1,1,0,10,2020-21,Playoffs
0042000213,1610612751,Brooklyn,Nets,BKN,nets,203925,Joe,Harris,J. Harris,joe-harris,F,,12,36:39,0,0,0,0,3,9,4,36,0,1,6,0,2020-21,Playoffs
0042000213,1610612751,Brooklyn,Nets,BKN,nets,201933,Blake,Griffin,B. Griffin,blake-griffin,C,,2,30:08,0,0,0,2,3,2,4,26,3,1,3,0,2020-21,Playoffs
0042000213,1610612751,Brooklyn,Nets,BKN,nets,1628971,Bruce,Brown,B. Brown,bruce-brown,G,,1,37:47,2,0,2,14,3,9,4,32,0,1,5,0,2020-21,Playoffs
0042000213,1610612751,Brooklyn,Nets,BKN,nets,202681,Kyrie,Irving,K. Irving,kyrie-irving,G,,11,44:57,2,0,0,6,6,9,7,38,0,1,2,1,2020-21,Playoffs
0042000213,1610612751,Brooklyn,Nets,BKN,nets,1629651,Nic,Claxton,N. Claxton,nic-claxton,,,33,17:52,0,2,0,2,3,7,3,12,1,1,4,0,2020-21,Playoffs
0042000213,1610612751,Brooklyn,Nets,BKN,nets,1629013,Landry,Shamet,L. Shamet,landry-shamet,,,20,17:27,0,0,3,0,3,2,3,8,0,1,2,1,2020-21,Playoffs
0042000213,1610612751,Brooklyn,Nets,BKN,nets,1628455,Mike,James,A. James,mike-james,,,55,12:18,0,0,0,2,3,0,3,4,0,1,0,0,2020-21,Playoffs
0042000213,1610612751,Brooklyn,Nets,BKN,nets,1629185,Chris,Chiozza,C. Chiozza,chris-chiozza,,DNP - Coach's Decision,4,,0,0,0,0,0,0,0,0,0,0,0,0,2020-21,Playoffs
0042000213,1610612751,Brooklyn,Nets,BKN,nets,1628993,Alize,Johnson,A. Johnson,alize-johnson,,DNP - Coach's Decision,24,,0,0,0,0,0,0,0,0,0,0,0,0,2020-21,Playoffs
0042000213,1610612751,Brooklyn,Nets,BKN,nets,204020,Tyler,Johnson,T. Johnson,tyler-johnson,,DNP - Coach's Decision,10,,0,0,0,0,0,0,0,0,0,0,0,0,2020-21,Playoffs
0042000213,1610612751,Brooklyn,Nets,BKN,nets,201599,DeAndre,Jordan,D. Jordan,deandre-jordan,,DNP - Coach's Decision,6,,0,0,0,0,0,0,0,0,0,0,0,0,2020-21,Playoffs
0042000213,1610612751,Brooklyn,Nets,BKN,nets,1627789,Timothe,Luwawu-Cabarrot,T. Luwawu-Cabarrot,timothe-luwawu-cabarrot,,DNP - Coach's Decision,9,,0,0,0,0,0,0,0,0,0,0,0,0,2020-21,Playoffs
0042000213,1610612751,Brooklyn,Nets,BKN,nets,1629617,Reggie,Perry,R. Perry,reggie-perry,,DNP - Coach's Decision,0,,0,0,0,0,0,0,0,0,0,0,0,0,2020-21,Playoffs
0042000213,1610612749,Milwaukee,Bucks,MIL,bucks,200782,P.J.,Tucker,P. Tucker,pj-tucker,F,,17,32:52,0,0,0,0,4,3,2,22,0,1,4,2,2020-21,Playoffs
0042000213,1610612749,Milwaukee,Bucks,MIL,bucks,203507,Giannis,Antetokounmpo,G. Antetokounmpo,giannis-antetokounmpo,F,,34,42:60,1,2,4,18,4,3,5,28,0,2,0,8,2020-21,Playoffs
0042000213,1610612749,Milwaukee,Bucks,MIL,bucks,201572,Brook,Lopez,B. Lopez,brook-lopez,C,,11,34:33,0,0,0,0,2,3,3,20,6,1,0,1,2020-21,Playoffs
0042000213,1610612749,Milwaukee,Bucks,MIL,bucks,203114,Khris,Middleton,K. Middleton,khris-middleton,G,,22,43:59,5,0,3,10,5,5,5,32,0,1,3,8,2020-21,Playoffs
0042000213,1610612749,Milwaukee,Bucks,MIL,bucks,201950,Jrue,Holiday,J. Holiday,jrue-holiday,G,,21,45:33,0,3,0,4,5,5,5,30,0,0,2,2,2020-21,Playoffs
0042000213,1610612749,Milwaukee,Bucks,MIL,bucks,1626171,Bobby,Portis,B. Portis,bobby-portis,,,9,11:37,0,2,0,4,5,2,2,8,0,0,0,1,2020-21,Playoffs
0042000213,1610612749,Milwaukee,Bucks,MIL,bucks,1627854,Bryn,Forbes,B. Forbes,bryn-forbes,,,7,15:14,0,0,0,0,5,2,3,14,1,0,2,0,2020-21,Playoffs
0042000213,1610612749,Milwaukee,Bucks,MIL,bucks,1626192,Pat,Connaughton,P. Connaughton,pat-connaughton,,,24,12:48,0,2,0,2,5,2,0,6,0,0,1,0,2020-21,Playoffs
0042000213,1610612749,Milwaukee,Bucks,MIL,bucks,203648,Thanasis,Antetokounmpo,T. Antetokounmpo,thanasis-antetokounmpo,,,43,0:25,0,0,0,0,0,0,0,0,1,0,0,0,2020-21,Playoffs
0042000213,1610612749,Milwaukee,Bucks,MIL,bucks,1629091,Elijah,Bryant,E. Bryant,elijah-bryant,,DNP - Coach's Decision,3,,0,0,0,0,0,0,0,0,0,0,0,0,2020-21,Playoffs
0042000213,1610612749,Milwaukee,Bucks,MIL,bucks,1629603,Mamadi,Diakite,M. Diakite,mamadi-diakite,,DNP - Coach's Decision,25,,0,0,0,0,0,0,0,0,0,0,0,0,2020-21,Playoffs
0042000213,1610612749,Milwaukee,Bucks,MIL,bucks,1628382,Justin,Jackson,J. Jackson,justin-jackson,,DNP - Coach's Decision,44,,0,0,0,0,0,0,0,0,0,0,0,0,2020-21,Playoffs
0042000213,1610612749,Milwaukee,Bucks,MIL,bucks,201952,Jeff,Teague,J. Teague,jeff-teague,,DNP - Coach's Decision,5,,0,0,0,0,0,0,0,0,0,0,0,0,2020-21,Playoffs
0042000213,1610612749,Milwaukee,Bucks,MIL,bucks,1626253,Axel,Toupane,A. Toupane,axel-toupane,,DNP - Coach's Decision,66,,0,0,0,0,0,0,0,0,0,0,0,0,2020-21,Playoffs
0042000214,1610612751,Brooklyn,Nets,BKN,nets,201142,Kevin,Durant,K. Durant,kevin-durant,F,,7,41:54,2,0,0,8,25,11,18,36,1,4,3,12,2020-21,Playoffs
0042000214,1610612751,Brooklyn,Nets,BKN,nets,203925,Joe,Harris,J. Harris,joe-harris,F,,12,38:04,2,3,0,2,25,11,15,32,0,0,1,0,2020-21,Playoffs
0042000214,1610612751,Brooklyn,Nets,BKN,nets,201933,Blake,Griffin,B. Griffin,blake-griffin,C,,2,24:42,1,0,0,4,19,9,13,22,0,1,1,2,2020-21,Playoffs
0042000214,1610612751,Brooklyn,Nets,BKN,nets,1628971,Bruce,Brown,B. Brown,bruce-brown,G,,1,20:59,0,0,2,6,6,5,4,16,0,0,2,2,2020-21,Playoffs
0042000214,1610612751,Brooklyn,Nets,BKN,nets,202681,Kyrie,Irving,K. Irving,kyrie-irving,G,,11,17:18,2,0,2,4,11,6,9,12,1,1,1,0,2020-21,Playoffs
0042000214,1610612751,Brooklyn,Nets,BKN,nets,1629013,Landry,Shamet,L. Shamet,landry-shamet,,,20,11:04,3,0,2,2,6,0,3,4,0,0,1,0,2020-21,Playoffs
0042000214,1610612751,Brooklyn,Nets,BKN,nets,201145,Jeff,Green,J. Green,jeff-green,,,8,26:33,0,0,0,2,11,5,9,24,0,0,2,3,2020-21,Playoffs
0042000214,1610612751,Brooklyn,Nets,BKN,nets,1628455,Mike,James,A. James,mike-james,,,55,19:58,3,0,0,2,13,6,14,24,0,0,1,1,2020-21,Playoffs
0042000214,1610612751,Brooklyn,Nets,BKN,nets,1629651,Nic,Claxton,N. Claxton,nic-claxton,,,33,12:55,0,0,0,4,6,2,5,8,1,0,4,1,2020-21,Playoffs
0042000214,1610612751,Brooklyn,Nets,BKN,nets,204020,Tyler,Johnson,T. Johnson,tyler-johnson,,,10,8:42,0,0,0,0,3,0,2,4,0,0,3,0,2020-21,Playoffs
0042000214,1610612751,Brooklyn,Nets,BKN,nets,1629617,Reggie,Perry,R. Perry,reggie-perry,,,0,4:28,0,2,0,2,0,0,2,2,0,1,0,0,2020-21,Playoffs
0042000214,1610612751,Brooklyn,Nets,BKN,nets,1629185,Chris,Chiozza,C. Chiozza,chris-chiozza,,,4,4:28,0,0,0,0,0,0,2,2,0,0,1,0,2020-21,Playoffs
0042000214,1610612751,Brooklyn,Nets,BKN,nets,1627789,Timothe,Luwawu-Cabarrot,T. Luwawu-Cabarrot,timothe-luwawu-cabarrot,,,9,4:28,0,0,0,0,0,0,2,2,0,0,0,0,2020-21,Playoffs
0042000214,1610612751,Brooklyn,Nets,BKN,nets,1628993,Alize,Johnson,A. Johnson,alize-johnson,,,24,4:28,0,0,0,0,0,0,2,2,0,0,0,1,2020-21,Playoffs
0042000214,1610612751,Brooklyn,Nets,BKN,nets,201599,DeAndre,Jordan,D. Jordan,deandre-jordan,,DNP - Coach's Decision,6,,0,0,0,0,0,0,0,0,0,0,0,0,2020-21,Playoffs
0042000214,1610612749,Milwaukee,Bucks,MIL,bucks,200782,P.J.,Tucker,P. Tucker,pj-tucker,F,,17,29:09,6,5,5,2,1,3,2,18,0,1,5,2,2020-21,Playoffs
0042000214,1610612749,Milwaukee,Bucks,MIL,bucks,203507,Giannis,Antetokounmpo,G. Antetokounmpo,giannis-antetokounmpo,F,,34,38:21,13,6,12,26,3,3,4,28,1,0,4,9,2020-21,Playoffs
0042000214,1610612749,Milwaukee,Bucks,MIL,bucks,201572,Brook,Lopez,B. Lopez,brook-lopez,C,,11,32:50,3,0,3,0,11,0,4,26,0,0,2,1,2020-21,Playoffs
0042000214,1610612749,Milwaukee,Bucks,MIL,bucks,203114,Khris,Middleton,K. Middleton,khris-middleton,G,,22,41:03,0,0,0,2,11,3,4,28,2,0,3,4,2020-21,Playoffs
0042000214,1610612749,Milwaukee,Bucks,MIL,bucks,201950,Jrue,Holiday,J. Holiday,jrue-holiday,G,,21,37:23,0,0,0,8,13,3,6,30,0,2,4,1,2020-21,Playoffs
0042000214,1610612749,Milwaukee,Bucks,MIL,bucks,1626171,Bobby,Portis,B. Portis,bobby-portis,,,9,11:34,0,0,0,0,5,3,2,8,2,0,2,0,2020-21,Playoffs
0042000214,1610612749,Milwaukee,Bucks,MIL,bucks,1626192,Pat,Connaughton,P. Connaughton,pat-connaughton,,,24,21:35,0,0,0,0,7,0,6,24,2,0,1,1,2020-21,Playoffs
0042000214,1610612749,Milwaukee,Bucks,MIL,bucks,1627854,Bryn,Forbes,B. Forbes,bryn-forbes,,,7,13:12,3,0,0,0,12,0,2,8,0,0,0,2,2020-21,Playoffs
0042000214,1610612749,Milwaukee,Bucks,MIL,bucks,203648,Thanasis,Antetokounmpo,T. Antetokounmpo,thanasis-antetokounmpo,,,43,3:50,0,0,0,0,0,2,0,2,0,0,1,0,2020-21,Playoffs
0042000214,1610612749,Milwaukee,Bucks,MIL,bucks,1629091,Elijah,Bryant,E. Bryant,elijah-bryant,,,3,5:46,0,0,0,0,2,2,0,2,0,0,0,0,2020-21,Playoffs
0042000214,1610612749,Milwaukee,Bucks,MIL,bucks,1630241,Sam,Merrill,S. Merrill,sam-merrill,,,15,1:46,0,0,0,0,0,2,0,2,0,0,0,0,2020-21,Playoffs
0042000214,1610612749,Milwaukee,Bucks,MIL,bucks,1628382,Justin,Jackson,J. Jackson,justin-jackson,,,44,1:46,0,0,0,0,0,2,0,2,0,0,0,0,2020-21,Playoffs
0042000214,1610612749,Milwaukee,Bucks,MIL,bucks,1626253,Axel,Toupane,A. Toupane,axel-toupane,,,66,1:46,0,0,0,0,0,2,0,2,0,0,0,0,2020-21,Playoffs
0042000214,1610612749,Milwaukee,Bucks,MIL,bucks,1629603,Mamadi,Diakite,M. Diakite,mamadi-diakite,,DNP - Coach's Decision,25,,0,0,0,0,0,0,0,0,0,0,0,0,2020-21,Playoffs
0042000214,1610612749,Milwaukee,Bucks,MIL,bucks,201952,Jeff,Teague,J. Teague,jeff-teague,,DNP - Coach's Decision,5,,0,0,0,0,0,0,0,0,0,0,0,0,2020-21,Playoffs
0042000215,1610612749,Milwaukee,Bucks,MIL,bucks,200782,P.J.,Tucker,P. Tucker,pj-tucker,F,,17,33:23,0,0,0,0,9,2,2,28,0,1,5,2,2020-21,Playoffs
0042000215,1610612749,Milwaukee,Bucks,MIL,bucks,203507,Giannis,Antetokounmpo,G. Antetokounmpo,giannis-antetokounmpo,F,,34,41:49,4,5,0,22,9,2,0,30,2,0,6,7,2020-21,Playoffs
0042000215,1610612749,Milwaukee,Bucks,MIL,bucks,201572,Brook,Lopez,B. Lopez,brook-lopez,C,,11,36:26,2,0,2,6,14,2,2,24,0,0,4,1,2020-21,Playoffs
0042000215,1610612749,Milwaukee,Bucks,MIL,bucks,203114,Khris,Middleton,K. Middleton,khris-middleton,G,,22,45:21,3,0,0,10,12,2,2,30,1,2,4,7,2020-21,Playoffs
0042000215,1610612749,Milwaukee,Bucks,MIL,bucks,201950,Jrue,Holiday,J. Holiday,jrue-holiday,G,,21,33:52,0,0,0,8,12,2,2,24,0,0,3,1,2020-21,Playoffs
0042000215,1610612749,Milwaukee,Bucks,MIL,bucks,1626192,Pat,Connaughton,P. Connaughton,pat-connaughton,,,24,31:59,2,0,0,6,9,0,2,18,1,1,1,1,2020-21,Playoffs
0042000215,1610612749,Milwaukee,Bucks,MIL,bucks,1627854,Bryn,Forbes,B. Forbes,bryn-forbes,,,7,13:03,0,0,0,0,5,0,0,6,1,0,0,0,2020-21,Playoffs
0042000215,1610612749,Milwaukee,Bucks,MIL,bucks,203648,Thanasis,Antetokounmpo,T. Antetokounmpo,thanasis-antetokounmpo,,,43,1:28,0,0,0,0,0,0,0,0,0,0,1,0,2020-21,Playoffs
0042000215,1610612749,Milwaukee,Bucks,MIL,bucks,1629091,Elijah,Bryant,E. Bryant,elijah-bryant,,,3,2:40,0,0,0,0,0,0,0,0,0,0,0,0,2020-21,Playoffs
0042000215,1610612749,Milwaukee,Bucks,MIL,bucks,1629603,Mamadi,Diakite,M. Diakite,mamadi-diakite,,DNP - Coach's Decision,25,,0,0,0,0,0,0,0,0,0,0,0,0,2020-21,Playoffs
0042000215,1610612749,Milwaukee,Bucks,MIL,bucks,1628382,Justin,Jackson,J. Jackson,justin-jackson,,DNP - Coach's Decision,44,,0,0,0,0,0,0,0,0,0,0,0,0,2020-21,Playoffs
0042000215,1610612749,Milwaukee,Bucks,MIL,bucks,1630241,Sam,Merrill,S. Merrill,sam-merrill,,DNP - Coach's Decision,15,,0,0,0,0,0,0,0,0,0,0,0,0,2020-21,Playoffs
0042000215,1610612749,Milwaukee,Bucks,MIL,bucks,1626171,Bobby,Portis,B. Portis,bobby-portis,,DNP - Coach's Decision,9,,0,0,0,0,0,0,0,0,0,0,0,0,2020-21,Playoffs
0042000215,1610612749,Milwaukee,Bucks,MIL,bucks,201952,Jeff,Teague,J. Teague,jeff-teague,,DNP - Coach's Decision,5,,0,0,0,0,0,0,0,0,0,0,0,0,2020-21,Playoffs
0042000215,1610612749,Milwaukee,Bucks,MIL,bucks,1626253,Axel,Toupane,A. Toupane,axel-toupane,,DNP - Coach's Decision,66,,0,0,0,0,0,0,0,0,0,0,0,0,2020-21,Playoffs
0042000215,1610612751,Brooklyn,Nets,BKN,nets,201142,Kevin,Durant,K. Durant,kevin-durant,F,,7,48:00,2,2,0,16,11,5,2,52,2,1,3,10,2020-21,Playoffs
0042000215,1610612751,Brooklyn,Nets,BKN,nets,203925,Joe,Harris,J. Harris,joe-harris,F,,12,37:01,2,0,0,2,7,5,0,42,0,2,0,1,2020-21,Playoffs
0042000215,1610612751,Brooklyn,Nets,BKN,nets,201933,Blake,Griffin,B. Griffin,blake-griffin,C,,2,29:10,2,0,0,8,2,3,0,30,0,0,3,2,2020-21,Playoffs
0042000215,1610612751,Brooklyn,Nets,BKN,nets,1628971,Bruce,Brown,B. Brown,bruce-brown,G,,1,13:04,0,0,0,2,2,0,2,14,0,1,1,0,2020-21,Playoffs
0042000215,1610612751,Brooklyn,Nets,BKN,nets,201935,James,Harden,J. Harden,james-harden,G,,13,45:38,0,0,0,0,11,5,2,52,0,0,3,5,2020-21,Playoffs
0042000215,1610612751,Brooklyn,Nets,BKN,nets,201145,Jeff,Green,J. Green,jeff-green,,,8,34:32,8,0,2,2,11,2,2,38,1,1,5,5,2020-21,Playoffs
0042000215,1610612751,Brooklyn,Nets,BKN,nets,1629013,Landry,Shamet,L. Shamet,landry-shamet,,,20,27:35,0,0,0,2,8,5,2,28,0,0,3,1,2020-21,Playoffs
0042000215,1610612751,Brooklyn,Nets,BKN,nets,1628455,Mike,James,A. James,mike-james,,,55,3:21,0,0,0,0,3,0,0,4,0,0,1,0,2020-21,Playoffs
0042000215,1610612751,Brooklyn,Nets,BKN,nets,1629651,Nic,Claxton,N. Claxton,nic-claxton,,,33,1:40,0,0,0,0,0,0,0,0,1,0,0,0,2020-21,Playoffs
0042000215,1610612751,Brooklyn,Nets,BKN,nets,1629185,Chris,Chiozza,C. Chiozza,chris-chiozza,,DNP - Coach's Decision,4,,0,0,0,0,0,0,0,0,0,0,0,0,2020-21,Playoffs
0042000215,1610612751,Brooklyn,Nets,BKN,nets,1628993,Alize,Johnson,A. Johnson,alize-johnson,,DNP - Coach's Decision,24,,0,0,0,0,0,0,0,0,0,0,0,0,2020-21,Playoffs
0042000215,1610612751,Brooklyn,Nets,BKN,nets,204020,Tyler,Johnson,T. Johnson,tyler-johnson,,DNP - Coach's Decision,10,,0,0,0,0,0,0,0,0,0,0,0,0,2020-21,Playoffs
0042000215,1610612751,Brooklyn,Nets,BKN,nets,201599,DeAndre,Jordan,D. Jordan,deandre-jordan,,DNP - Coach's Decision,6,,0,0,0,0,0,0,0,0,0,0,0,0,2020-21,Playoffs
0042000215,1610612751,Brooklyn,Nets,BKN,nets,1627789,Timothe,Luwawu-Cabarrot,T. Luwawu-Cabarrot,timothe-luwawu-cabarrot,,DNP - Coach's Decision,9,,0,0,0,0,0,0,0,0,0,0,0,0,2020-21,Playoffs
0042000215,1610612751,Brooklyn,Nets,BKN,nets,1629617,Reggie,Perry,R. Perry,reggie-perry,,DNP - Coach's Decision,0,,0,0,0,0,0,0,0,0,0,0,0,0,2020-21,Playoffs
0042000216,1610612751,Brooklyn,Nets,BKN,nets,201142,Kevin,Durant,K. Durant,kevin-durant,F,,7,40:22,8,0,2,16,6,11,26,40,0,0,2,5,2020-21,Playoffs
0042000216,1610612751,Brooklyn,Nets,BKN,nets,201145,Jeff,Green,J. Green,jeff-green,F,,8,35:35,0,2,0,2,6,9,22,38,0,1,3,0,2020-21,Playoffs
0042000216,1610612751,Brooklyn,Nets,BKN,nets,201933,Blake,Griffin,B. Griffin,blake-griffin,C,,2,30:40,6,2,2,6,4,7,21,34,1,0,2,2,2020-21,Playoffs
0042000216,1610612751,Brooklyn,Nets,BKN,nets,203925,Joe,Harris,J. Harris,joe-harris,G,,12,36:28,2,0,0,6,6,11,26,40,0,2,5,0,2020-21,Playoffs
0042000216,1610612751,Brooklyn,Nets,BKN,nets,201935,James,Harden,J. Harden,james-harden,G,,13,39:58,0,2,0,4,6,9,26,40,0,0,4,4,2020-21,Playoffs
0042000216,1610612751,Brooklyn,Nets,BKN,nets,1628455,Mike,James,A. James,mike-james,,,55,3:32,0,0,0,0,0,2,0,6,0,0,0,0,2020-21,Playoffs
0042000216,1610612751,Brooklyn,Nets,BKN,nets,1629013,Landry,Shamet,L. Shamet,landry-shamet,,,20,22:09,0,0,0,0,2,6,9,24,0,0,0,1,2020-21,Playoffs
0042000216,1610612751,Brooklyn,Nets,BKN,nets,1629651,Nic,Claxton,N. Claxton,nic-claxton,,,33,2:57,0,0,0,0,0,0,0,2,0,0,1,0,2020-21,Playoffs
0042000216,1610612751,Brooklyn,Nets,BKN,nets,1628971,Bruce,Brown,B. Brown,bruce-brown,,,1,4:34,0,0,0,0,0,0,0,6,0,1,0,0,2020-21,Playoffs
0042000216,1610612751,Brooklyn,Nets,BKN,nets,1629185,Chris,Chiozza,C. Chiozza,chris-chiozza,,,4,4:45,0,0,0,0,2,0,0,0,0,1,0,0,2020-21,Playoffs
0042000216,1610612751,Brooklyn,Nets,BKN,nets,204020,Tyler,Johnson,T. Johnson,tyler-johnson,,,10,4:45,0,0,0,0,2,0,0,0,0,0,0,0,2020-21,Playoffs
0042000216,1610612751,Brooklyn,Nets,BKN,nets,1628993,Alize,Johnson,A. Johnson,alize-johnson,,,24,4:45,2,2,0,4,2,0,0,0,0,1,0,0,2020-21,Playoffs
0042000216,1610612751,Brooklyn,Nets,BKN,nets,1627789,Timothe,Luwawu-Cabarrot,T. Luwawu-Cabarrot,timothe-luwawu-cabarrot,,,9,4:45,2,0,0,2,2,0,0,0,0,0,0,0,2020-21,Playoffs
0042000216,1610612751,Brooklyn,Nets,BKN,nets,1629617,Reggie,Perry,R. Perry,reggie-perry,,,0,4:45,0,2,0,4,2,0,0,0,0,0,1,1,2020-21,Playoffs
0042000216,1610612751,Brooklyn,Nets,BKN,nets,201599,DeAndre,Jordan,D. Jordan,deandre-jordan,,DNP - Coach's Decision,6,,0,0,0,0,0,0,0,0,0,0,0,0,2020-21,Playoffs
0042000216,1610612749,Milwaukee,Bucks,MIL,bucks,200782,P.J.,Tucker,P. Tucker,pj-tucker,F,,17,34:29,0,0,0,0,12,6,4,26,1,0,4,0,2020-21,Playoffs
0042000216,1610612749,Milwaukee,Bucks,MIL,bucks,203507,Giannis,Antetokounmpo,G. Antetokounmpo,giannis-antetokounmpo,F,,34,41:10,4,2,14,22,16,4,4,32,0,0,2,8,2020-21,Playoffs
0042000216,1610612749,Milwaukee,Bucks,MIL,bucks,201572,Brook,Lopez,B. Lopez,brook-lopez,C,,11,29:49,0,2,0,8,12,4,2,22,3,0,1,0,2020-21,Playoffs
0042000216,1610612749,Milwaukee,Bucks,MIL,bucks,203114,Khris,Middleton,K. Middleton,khris-middleton,G,,22,42:27,0,5,7,4,16,8,4,36,0,0,0,7,2020-21,Playoffs
0042000216,1610612749,Milwaukee,Bucks,MIL,bucks,201950,Jrue,Holiday,J. Holiday,jrue-holiday,G,,21,42:49,2,2,5,12,16,8,4,36,0,1,3,2,2020-21,Playoffs
0042000216,1610612749,Milwaukee,Bucks,MIL,bucks,1626192,Pat,Connaughton,P. Connaughton,pat-connaughton,,,24,21:54,0,0,0,0,6,4,2,24,0,0,1,0,2020-21,Playoffs
0042000216,1610612749,Milwaukee,Bucks,MIL,bucks,203648,Thanasis,Antetokounmpo,T. Antetokounmpo,thanasis-antetokounmpo,,,43,4:49,2,0,0,0,4,4,0,10,1,0,0,1,2020-21,Playoffs
0042000216,1610612749,Milwaukee,Bucks,MIL,bucks,1627854,Bryn,Forbes,B. Forbes,bryn-forbes,,,7,11:03,0,0,0,0,6,6,0,16,0,0,1,0,2020-21,Playoffs
0042000216,1610612749,Milwaukee,Bucks,MIL,bucks,1628382,Justin,Jackson,J. Jackson,justin-jackson,,,44,3:50,0,0,0,0,4,2,0,6,0,0,0,0,2020-21,Playoffs
0042000216,1610612749,Milwaukee,Bucks,MIL,bucks,1629091,Elijah,Bryant,E. Bryant,elijah-bryant,,,3,3:50,0,0,0,0,4,2,0,6,1,0,0,0,2020-21,Playoffs
0042000216,1610612749,Milwaukee,Bucks,MIL,bucks,1629603,Mamadi,Diakite,M. Diakite,mamadi-diakite,,,25,3:50,0,0,0,0,4,2,0,6,0,0,1,0,2020-21,Playoffs
0042000216,1610612749,Milwaukee,Bucks,MIL,bucks,1630241,Sam,Merrill,S. Merrill,sam-merrill,,DNP - Coach's Decision,15,,0,0,0,0,0,0,0,0,0,0,0,0,2020-21,Playoffs
0042000216,1610612749,Milwaukee,Bucks,MIL,bucks,1626171,Bobby,Portis,B. Portis,bobby-portis,,DNP - Coach's Decision,9,,0,0,0,0,0,0,0,0,0,0,0,0,2020-21,Playoffs
0042000216,1610612749,Milwaukee,Bucks,MIL,bucks,201952,Jeff,Teague,J. Teague,jeff-teague,,DNP - Coach's Decision,5,,0,0,0,0,0,0,0,0,0,0,0,0,2020-21,Playoffs
0042000216,1610612749,Milwaukee,Bucks,MIL,bucks,1626253,Axel,Toupane,A. Toupane,axel-toupane,,DNP - Coach's Decision,66,,0,0,0,0,0,0,0,0,0,0,0,0,2020-21,Playoffs
0042000217,1610612749,Milwaukee,Bucks,MIL,bucks,200782,P.J.,Tucker,P. Tucker,pj-tucker,F,,17,38:19,3,5,3,2,6,20,6,26,2,1,6,1,2020-21,Playoffs
0042000217,1610612749,Milwaukee,Bucks,MIL,bucks,203507,Giannis,Antetokounmpo,G. Antetokounmpo,giannis-antetokounmpo,F,,34,50:08,5,8,2,24,13,20,9,40,1,0,3,12,2020-21,Playoffs
0042000217,1610612749,Milwaukee,Bucks,MIL,bucks,201572,Brook,Lopez,B. Lopez,brook-lopez,C,,11,46:24,8,4,0,8,12,16,7,34,4,0,1,1,2020-21,Playoffs
0042000217,1610612749,Milwaukee,Bucks,MIL,bucks,203114,Khris,Middleton,K. Middleton,khris-middleton,G,,22,52:21,4,4,0,8,13,20,9,42,0,2,2,3,2020-21,Playoffs
0042000217,1610612749,Milwaukee,Bucks,MIL,bucks,201950,Jrue,Holiday,J. Holiday,jrue-holiday,G,,21,48:16,0,3,0,0,13,17,9,40,0,0,5,3,2020-21,Playoffs
0042000217,1610612749,Milwaukee,Bucks,MIL,bucks,203648,Thanasis,Antetokounmpo,T. Antetokounmpo,thanasis-antetokounmpo,,,43,0:51,0,0,0,0,0,0,2,2,0,0,1,0,2020-21,Playoffs
0042000217,1610612749,Milwaukee,Bucks,MIL,bucks,1626192,Pat,Connaughton,P. Connaughton,pat-connaughton,,,24,23:20,0,0,3,0,6,7,3,22,0,0,2,0,2020-21,Playoffs
0042000217,1610612749,Milwaukee,Bucks,MIL,bucks,1627854,Bryn,Forbes,B. Forbes,bryn-forbes,,,7,5:21,0,0,0,0,2,0,0,4,0,0,0,0,2020-21,Playoffs
0042000217,1610612749,Milwaukee,Bucks,MIL,bucks,1629091,Elijah,Bryant,E. Bryant,elijah-bryant,,DNP - Coach's Decision,3,,0,0,0,0,0,0,0,0,0,0,0,0,2020-21,Playoffs
0042000217,1610612749,Milwaukee,Bucks,MIL,bucks,1629603,Mamadi,Diakite,M. Diakite,mamadi-diakite,,DNP - Coach's Decision,25,,0,0,0,0,0,0,0,0,0,0,0,0,2020-21,Playoffs
0042000217,1610612749,Milwaukee,Bucks,MIL,bucks,1628382,Justin,Jackson,J. Jackson,justin-jackson,,DNP - Coach's Decision,44,,0,0,0,0,0,0,0,0,0,0,0,0,2020-21,Playoffs
0042000217,1610612749,Milwaukee,Bucks,MIL,bucks,1630241,Sam,Merrill,S. Merrill,sam-merrill,,DNP - Coach's Decision,15,,0,0,0,0,0,0,0,0,0,0,0,0,2020-21,Playoffs
0042000217,1610612749,Milwaukee,Bucks,MIL,bucks,1626171,Bobby,Portis,B. Portis,bobby-portis,,DNP - Coach's Decision,9,,0,0,0,0,0,0,0,0,0,0,0,0,2020-21,Playoffs
0042000217,1610612749,Milwaukee,Bucks,MIL,bucks,201952,Jeff,Teague,J. Teague,jeff-teague,,DNP - Coach's Decision,5,,0,0,0,0,0,0,0,0,0,0,0,0,2020-21,Playoffs
0042000217,1610612749,Milwaukee,Bucks,MIL,bucks,1626253,Axel,Toupane,A. Toupane,axel-toupane,,DNP - Coach's Decision,66,,0,0,0,0,0,0,0,0,0,0,0,0,2020-21,Playoffs
0042000217,1610612751,Brooklyn,Nets,BKN,nets,201142,Kevin,Durant,K. Durant,kevin-durant,F,,7,53:00,8,4,6,14,20,24,8,42,1,5,4,8,2020-21,Playoffs
0042000217,1610612751,Brooklyn,Nets,BKN,nets,203925,Joe,Harris,J. Harris,joe-harris,F,,12,46:55,1,0,3,0,18,17,5,36,0,0,0,1,2020-21,Playoffs
0042000217,1610612751,Brooklyn,Nets,BKN,nets,201933,Blake,Griffin,B. Griffin,blake-griffin,C,,2,40:11,0,7,0,8,17,20,8,28,0,0,6,3,2020-21,Playoffs
0042000217,1610612751,Brooklyn,Nets,BKN,nets,1628971,Bruce,Brown,B. Brown,bruce-brown,G,,1,52:08,2,2,0,14,20,24,8,42,1,1,4,2,2020-21,Playoffs
0042000217,1610612751,Brooklyn,Nets,BKN,nets,201935,James,Harden,J. Harden,james-harden,G,,13,52:59,2,7,0,6,20,24,8,42,1,1,3,6,2020-21,Playoffs
0042000217,1610612751,Brooklyn,Nets,BKN,nets,1629013,Landry,Shamet,L. Shamet,landry-shamet,,,20,6:53,0,0,0,0,2,7,3,6,0,0,0,0,2020-21,Playoffs
0042000217,1610612751,Brooklyn,Nets,BKN,nets,201145,Jeff,Green,J. Green,jeff-green,,,8,12:53,0,0,0,0,3,4,0,14,0,0,3,0,2020-21,Playoffs
0042000217,1610612751,Brooklyn,Nets,BKN,nets,1629651,Nic,Claxton,N. Claxton,nic-claxton,,,33,0:01,0,0,0,0,0,0,0,0,0,0,0,0,2020-21,Playoffs
0042000217,1610612751,Brooklyn,Nets,BKN,nets,1629185,Chris,Chiozza,C. Chiozza,chris-chiozza,,DNP - Coach's Decision,4,,0,0,0,0,0,0,0,0,0,0,0,0,2020-21,Playoffs
0042000217,1610612751,Brooklyn,Nets,BKN,nets,1628455,Mike,James,A. James,mike-james,,DNP - Coach's Decision,55,,0,0,0,0,0,0,0,0,0,0,0,0,2020-21,Playoffs
0042000217,1610612751,Brooklyn,Nets,BKN,nets,1628993,Alize,Johnson,A. Johnson,alize-johnson,,DNP - Coach's Decision,24,,0,0,0,0,0,0,0,0,0,0,0,0,2020-21,Playoffs
0042000217,1610612751,Brooklyn,Nets,BKN,nets,204020,Tyler,Johnson,T. Johnson,tyler-johnson,,DNP - Coach's Decision,10,,0,0,0,0,0,0,0,0,0,0,0,0,2020-21,Playoffs
0042000217,1610612751,Brooklyn,Nets,BKN,nets,201599,DeAndre,Jordan,D. Jordan,deandre-jordan,,DNP - Coach's Decision,6,,0,0,0,0,0,0,0,0,0,0,0,0,2020-21,Playoffs
0042000217,1610612751,Brooklyn,Nets,BKN,nets,1627789,Timothe,Luwawu-Cabarrot,T. Luwawu-Cabarrot,timothe-luwawu-cabarrot,,DNP - Coach's Decision,9,,0,0,0,0,0,0,0,0,0,0,0,0,2020-21,Playoffs
0042000217,1610612751,Brooklyn,Nets,BKN,nets,1629617,Reggie,Perry,R. Perry,reggie-perry,,DNP - Coach's Decision,0,,0,0,0,0,0,0,0,0,0,0,0,0,2020-21,Playoffs
0042000221,1610612746,LA,Clippers,LAC,clippers,202695,Kawhi,Leonard,K. Leonard,kawhi-leonard,F,,2,35:56,3,4,0,12,17,18,2,32,0,2,4,6,2020-21,Playoffs
0042000221,1610612746,LA,Clippers,LAC,clippers,202694,Marcus,Morris Sr.,M. Morris Sr.,marcus-morris-sr,F,,8,33:15,5,3,2,2,15,15,0,26,1,1,2,2,2020-21,Playoffs
0042000221,1610612746,LA,Clippers,LAC,clippers,201587,Nicolas,Batum,N. Batum,nicolas-batum,C,,33,20:49,0,0,0,0,7,8,2,20,0,0,2,0,2020-21,Playoffs
0042000221,1610612746,LA,Clippers,LAC,clippers,202331,Paul,George,P. George,paul-george,G,,13,37:00,3,6,0,0,5,18,0,18,0,1,2,7,2020-21,Playoffs
0042000221,1610612746,LA,Clippers,LAC,clippers,202704,Reggie,Jackson,R. Jackson,reggie-jackson,G,,1,17:01,3,3,0,0,7,9,0,16,0,0,6,0,2020-21,Playoffs
0042000221,1610612746,LA,Clippers,LAC,clippers,1627826,Ivica,Zubac,I. Zubac,ivica-zubac,,,40,20:25,0,3,0,6,6,11,2,8,3,1,4,6,2020-21,Playoffs
0042000221,1610612746,LA,Clippers,LAC,clippers,201976,Patrick,Beverley,P. Beverley,patrick-beverley,,,21,6:09,0,0,0,0,0,2,0,0,1,0,0,0,2020-21,Playoffs
0042000221,1610612746,LA,Clippers,LAC,clippers,1628379,Luke,Kennard,L. Kennard,luke-kennard,,,5,29:17,0,5,0,4,9,17,2,16,0,0,1,0,2020-21,Playoffs
0042000221,1610612746,LA,Clippers,LAC,clippers,1629611,Terance,Mann,T. Mann,terance-mann,,,14,8:04,0,0,2,2,2,6,0,4,0,0,0,0,2020-21,Playoffs
0042000221,1610612746,LA,Clippers,LAC,clippers,200765,Rajon,Rondo,R. Rondo,rajon-rondo,,,4,28:05,0,0,0,0,15,13,2,26,0,1,0,1,2020-21,Playoffs
0042000221,1610612746,LA,Clippers,LAC,clippers,202326,DeMarcus,Cousins,D. Cousins,demarcus-cousins,,,15,3:59,0,0,0,2,2,3,0,4,1,0,3,2,2020-21,Playoffs
0042000221,1610612746,LA,Clippers,LAC,clippers,1629599,Amir,Coffey,A. Coffey,amir-coffey,,DNP - Coach's Decision,7,,0,0,0,0,0,0,0,0,0,0,0,0,2020-21,Playoffs
0042000221,1610612746,LA,Clippers,LAC,clippers,1627812,Yogi,Ferrell,Y. Ferrell,yogi-ferrell,,DNP - Coach's Decision,11,,0,0,0,0,0,0,0,0,0,0,0,0,2020-21,Playoffs
0042000221,1610612746,LA,Clippers,LAC,clippers,1630187,Daniel,Oturu,D. Oturu,daniel-oturu,,DNP - Coach's Decision,10,,0,0,0,0,0,0,0,0,0,0,0,0,2020-21,Playoffs
0042000221,1610612746,LA,Clippers,LAC,clippers,202335,Patrick,Patterson,P. Patterson,patrick-patterson,,DNP - Coach's Decision,54,,0,0,0,0,0,0,0,0,0,0,0,0,2020-21,Playoffs
0042000221,1610612762,Utah,Jazz,UTA,jazz,202711,Bojan,Bogdanovic,B. Bogdanovic,bojan-bogdanovic,F,,44,37:59,7,0,0,6,14,18,4,20,0,1,2,3,2020-21,Playoffs
0042000221,1610612762,Utah,Jazz,UTA,jazz,1626220,Royce,O'Neale,R. O'Neale,royce-oneale,F,,23,35:49,2,4,2,4,14,13,2,16,1,0,4,3,2020-21,Playoffs
0042000221,1610612762,Utah,Jazz,UTA,jazz,203497,Rudy,Gobert,R. Gobert,rudy-gobert,C,,27,33:16,0,6,0,2,11,15,4,24,2,1,5,6,2020-21,Playoffs
0042000221,1610612762,Utah,Jazz,UTA,jazz,204060,Joe,Ingles,J. Ingles,joe-ingles,G,,2,32:23,0,0,0,2,11,21,4,24,0,0,3,1,2020-21,Playoffs
0042000221,1610612762,Utah,Jazz,UTA,jazz,1628378,Donovan,Mitchell,D. Mitchell,donovan-mitchell,G,,45,36:52,5,5,0,18,11,18,2,16,1,0,0,8,2020-21,Playoffs
0042000221,1610612762,Utah,Jazz,UTA,jazz,203903,Jordan,Clarkson,J. Clarkson,jordan-clarkson,,,00,28:22,3,6,0,0,6,14,2,18,0,3,0,0,2020-21,Playoffs
0042000221,1610612762,Utah,Jazz,UTA,jazz,202324,Derrick,Favors,D. Favors,derrick-favors,,,15,14:44,0,0,0,2,3,9,0,4,2,0,4,2,2020-21,Playoffs
0042000221,1610612762,Utah,Jazz,UTA,jazz,1627777,Georges,Niang,G. Niang,georges-niang,,,31,12:53,0,3,0,0,0,6,2,10,0,1,2,0,2020-21,Playoffs
0042000221,1610612762,Utah,Jazz,UTA,jazz,1629671,Miye,Oni,M. Oni,miye-oni,,,81,7:42,0,0,0,0,0,6,0,8,0,0,4,1,2020-21,Playoffs
0042000221,1610612762,Utah,Jazz,UTA,jazz,1629714,Jarrell,Brantley,J. Brantley,jarrell-brantley,,DNP - Coach's Decision,5,,0,0,0,0,0,0,0,0,0,0,0,0,2020-21,Playoffs
0042000221,1610612762,Utah,Jazz,UTA,jazz,1630235,Trent,Forrest,T. Forrest,trent-forrest,,DNP - Coach's Decision,3,,0,0,0,0,0,0,0,0,0,0,0,0,2020-21,Playoffs
0042000221,1610612762,Utah,Jazz,UTA,jazz,1630190,Elijah,Hughes,E. Hughes,elijah-hughes,,DNP - Coach's Decision,33,,0,0,0,0,0,0,0,0,0,0,0,0,2020-21,Playoffs
0042000221,1610612762,Utah,Jazz,UTA,jazz,101141,Ersan,Ilyasova,E. Ilyasova,ersan-ilyasova,,DNP - Coach's Decision,77,,0,0,0,0,0,0,0,0,0,0,0,0,2020-21,Playoffs
0042000221,1610612762,Utah,Jazz,UTA,jazz,1629752,Juwan,Morgan,J. Morgan,juwan-morgan,,DNP - Coach's Decision,16,,0,0,0,0,0,0,0,0,0,0,0,0,2020-21,Playoffs
0042000221,1610612762,Utah,Jazz,UTA,jazz,1629744,Matt,Thomas,M. Thomas,matt-thomas,,DNP - Coach's Decision,21,,0,0,0,0,0,0,0,0,0,0,0,0,2020-21,Playoffs
0042000222,1610612746,LA,Clippers,LAC,clippers,202695,Kawhi,Leonard,K. Leonard,kawhi-leonard,F,,2,38:41,2,2,2,8,8,5,8,28,0,0,4,5,2020-21,Playoffs
0042000222,1610612746,LA,Clippers,LAC,clippers,202694,Marcus,Morris Sr.,M. Morris Sr.,marcus-morris-sr,F,,8,37:07,2,0,0,6,8,5,5,22,1,0,1,0,2020-21,Playoffs
0042000222,1610612746,LA,Clippers,LAC,clippers,1627826,Ivica,Zubac,I. Zubac,ivica-zubac,C,,40,13:49,0,0,0,6,5,3,0,10,1,0,4,1,2020-21,Playoffs
0042000222,1610612746,LA,Clippers,LAC,clippers,202331,Paul,George,P. George,paul-george,G,,13,43:36,3,0,3,8,8,5,11,30,0,0,5,9,2020-21,Playoffs
0042000222,1610612746,LA,Clippers,LAC,clippers,202704,Reggie,Jackson,R. Jackson,reggie-jackson,G,,1,36:08,3,2,8,8,8,5,8,28,0,1,1,3,2020-21,Playoffs
0042000222,1610612746,LA,Clippers,LAC,clippers,201587,Nicolas,Batum,N. Batum,nicolas-batum,,,33,27:29,3,3,0,0,3,2,8,20,1,0,2,1,2020-21,Playoffs
0042000222,1610612746,LA,Clippers,LAC,clippers,201976,Patrick,Beverley,P. Beverley,patrick-beverley,,,21,20:52,3,0,0,0,0,0,9,12,0,0,4,3,2020-21,Playoffs
0042000222,1610612746,LA,Clippers,LAC,clippers,202326,DeMarcus,Cousins,D. Cousins,demarcus-cousins,,,15,11:10,2,0,0,6,0,0,3,6,0,2,2,1,2020-21,Playoffs
0042000222,1610612746,LA,Clippers,LAC,clippers,1628379,Luke,Kennard,L. Kennard,luke-kennard,,,5,10:01,0,0,0,0,0,0,3,4,0,0,2,0,2020-21,Playoffs
0042000222,1610612746,LA,Clippers,LAC,clippers,1629611,Terance,Mann,T. Mann,terance-mann,,,14,1:07,0,0,0,0,0,0,0,0,0,0,0,0,2020-21,Playoffs
0042000222,1610612746,LA,Clippers,LAC,clippers,1629599,Amir,Coffey,A. Coffey,amir-coffey,,DNP - Coach's Decision,7,,0,0,0,0,0,0,0,0,0,0,0,0,2020-21,Playoffs
0042000222,1610612746,LA,Clippers,LAC,clippers,1627812,Yogi,Ferrell,Y. Ferrell,yogi-ferrell,,DNP - Coach's Decision,11,,0,0,0,0,0,0,0,0,0,0,0,0,2020-21,Playoffs
0042000222,1610612746,LA,Clippers,LAC,clippers,1630187,Daniel,Oturu,D. Oturu,daniel-oturu,,DNP - Coach's Decision,10,,0,0,0,0,0,0,0,0,0,0,0,0,2020-21,Playoffs
0042000222,1610612746,LA,Clippers,LAC,clippers,202335,Patrick,Patterson,P. Patterson,patrick-patterson,,DNP - Coach's Decision,54,,0,0,0,0,0,0,0,0,0,0,0,0,2020-21,Playoffs
0042000222,1610612746,LA,Clippers,LAC,clippers,200765,Rajon,Rondo,R. Rondo,rajon-rondo,,DNP - Coach's Decision,4,,0,0,0,0,0,0,0,0,0,0,0,0,2020-21,Playoffs
0042000222,1610612762,Utah,Jazz,UTA,jazz,202711,Bojan,Bogdanovic,B. Bogdanovic,bojan-bogdanovic,F,,44,38:48,3,0,3,2,12,7,10,30,0,0,3,2,2020-21,Playoffs
0042000222,1610612762,Utah,Jazz,UTA,jazz,1626220,Royce,O'Neale,R. O'Neale,royce-oneale,F,,23,40:35,0,0,0,2,10,7,10,40,0,0,4,4,2020-21,Playoffs
0042000222,1610612762,Utah,Jazz,UTA,jazz,203497,Rudy,Gobert,R. Gobert,rudy-gobert,C,,27,36:04,0,2,2,8,16,5,13,20,3,0,4,8,2020-21,Playoffs
0042000222,1610612762,Utah,Jazz,UTA,jazz,204060,Joe,Ingles,J. Ingles,joe-ingles,G,,2,32:43,0,0,3,6,8,5,8,18,0,0,2,3,2020-21,Playoffs
0042000222,1610612762,Utah,Jazz,UTA,jazz,1628378,Donovan,Mitchell,D. Mitchell,donovan-mitchell,G,,45,38:57,2,3,0,8,15,7,10,32,0,3,1,6,2020-21,Playoffs
0042000222,1610612762,Utah,Jazz,UTA,jazz,203903,Jordan,Clarkson,J. Clarkson,jordan-clarkson,,,00,26:40,3,0,3,6,18,2,8,34,0,0,2,1,2020-21,Playoffs
0042000222,1610612762,Utah,Jazz,UTA,jazz,202324,Derrick,Favors,D. Favors,derrick-favors,,,15,11:56,0,0,0,0,2,2,0,22,0,0,4,1,2020-21,Playoffs
0042000222,1610612762,Utah,Jazz,UTA,jazz,1627777,Georges,Niang,G. Niang,georges-niang,,,31,9:12,0,0,0,0,6,0,3,12,0,0,2,0,2020-21,Playoffs
0042000222,1610612762,Utah,Jazz,UTA,jazz,1629671,Miye,Oni,M. Oni,miye-oni,,,81,5:05,0,0,0,0,3,0,3,2,0,0,1,0,2020-21,Playoffs
0042000222,1610612762,Utah,Jazz,UTA,jazz,1628962,Udoka,Azubuike,U. Azubuike,udoka-azubuike,,DNP - Coach's Decision,20,,0,0,0,0,0,0,0,0,0,0,0,0,2020-21,Playoffs
0042000222,1610612762,Utah,Jazz,UTA,jazz,1629714,Jarrell,Brantley,J. Brantley,jarrell-brantley,,DNP - Coach's Decision,5,,0,0,0,0,0,0,0,0,0,0,0,0,2020-21,Playoffs
0042000222,1610612762,Utah,Jazz,UTA,jazz,1630235,Trent,Forrest,T. Forrest,trent-forrest,,DNP - Coach's Decision,3,,0,0,0,0,0,0,0,0,0,0,0,0,2020-21,Playoffs
0042000222,1610612762,Utah,Jazz,UTA,jazz,101141,Ersan,Ilyasova,E. Ilyasova,ersan-ilyasova,,DNP - Coach's Decision,77,,0,0,0,0,0,0,0,0,0,0,0,0,2020-21,Playoffs
0042000222,1610612762,Utah,Jazz,UTA,jazz,1629752,Juwan,Morgan,J. Morgan,juwan-morgan,,DNP - Coach's Decision,16,,0,0,0,0,0,0,0,0,0,0,0,0,2020-21,Playoffs
0042000222,1610612762,Utah,Jazz,UTA,jazz,1629744,Matt,Thomas,M. Thomas,matt-thomas,,DNP - Coach's Decision,21,,0,0,0,0,0,0,0,0,0,0,0,0,2020-21,Playoffs
0042000223,1610612762,Utah,Jazz,UTA,jazz,202711,Bojan,Bogdanovic,B. Bogdanovic,bojan-bogdanovic,F,,44,35:34,0,3,0,2,21,4,9,36,0,0,3,3,2020-21,Playoffs
0042000223,1610612762,Utah,Jazz,UTA,jazz,1626220,Royce,O'Neale,R. O'Neale,royce-oneale,F,,23,35:15,3,0,0,0,18,6,6,36,0,0,5,0,2020-21,Playoffs
0042000223,1610612762,Utah,Jazz,UTA,jazz,203497,Rudy,Gobert,R. Gobert,rudy-gobert,C,,27,29:42,2,6,4,8,16,8,7,28,1,0,2,6,2020-21,Playoffs
0042000223,1610612762,Utah,Jazz,UTA,jazz,204060,Joe,Ingles,J. Ingles,joe-ingles,G,,2,28:16,6,0,3,2,14,6,2,26,0,0,0,2,2020-21,Playoffs
0042000223,1610612762,Utah,Jazz,UTA,jazz,1628378,Donovan,Mitchell,D. Mitchell,donovan-mitchell,G,,45,32:20,0,0,3,10,17,6,9,30,0,2,3,5,2020-21,Playoffs
0042000223,1610612762,Utah,Jazz,UTA,jazz,203903,Jordan,Clarkson,J. Clarkson,jordan-clarkson,,,00,31:17,3,2,0,2,17,8,7,24,0,0,3,1,2020-21,Playoffs
0042000223,1610612762,Utah,Jazz,UTA,jazz,202324,Derrick,Favors,D. Favors,derrick-favors,,,15,14:52,2,2,0,2,8,2,2,12,0,0,2,0,2020-21,Playoffs
0042000223,1610612762,Utah,Jazz,UTA,jazz,1627777,Georges,Niang,G. Niang,georges-niang,,,31,10:41,0,0,0,0,6,6,3,4,0,0,2,0,2020-21,Playoffs
0042000223,1610612762,Utah,Jazz,UTA,jazz,1629671,Miye,Oni,M. Oni,miye-oni,,,81,8:19,0,0,0,0,3,7,0,8,0,0,0,0,2020-21,Playoffs
0042000223,1610612762,Utah,Jazz,UTA,jazz,1629744,Matt,Thomas,M. Thomas,matt-thomas,,,21,3:26,0,0,0,0,0,3,0,4,0,0,1,0,2020-21,Playoffs
0042000223,1610612762,Utah,Jazz,UTA,jazz,1629752,Juwan,Morgan,J. Morgan,juwan-morgan,,,16,3:26,0,0,0,0,0,3,0,4,0,0,1,0,2020-21,Playoffs
0042000223,1610612762,Utah,Jazz,UTA,jazz,1630235,Trent,Forrest,T. Forrest,trent-forrest,,,3,3:26,0,0,0,4,0,3,0,4,0,0,0,0,2020-21,Playoffs
0042000223,1610612762,Utah,Jazz,UTA,jazz,101141,Ersan,Ilyasova,E. Ilyasova,ersan-ilyasova,,,77,3:26,0,0,0,2,0,3,0,4,0,0,0,1,2020-21,Playoffs
0042000223,1610612762,Utah,Jazz,UTA,jazz,1629714,Jarrell,Brantley,J. Brantley,jarrell-brantley,,DNP - Coach's Decision,5,,0,0,0,0,0,0,0,0,0,0,0,0,2020-21,Playoffs
0042000223,1610612762,Utah,Jazz,UTA,jazz,1630190,Elijah,Hughes,E. Hughes,elijah-hughes,,DNP - Coach's Decision,33,,0,0,0,0,0,0,0,0,0,0,0,0,2020-21,Playoffs
0042000223,1610612746,LA,Clippers,LAC,clippers,202695,Kawhi,Leonard,K. Leonard,kawhi-leonard,F,,2,37:51,9,6,4,16,16,13,10,20,1,0,0,7,2020-21,Playoffs
0042000223,1610612746,LA,Clippers,LAC,clippers,202694,Marcus,Morris Sr.,M. Morris Sr.,marcus-morris-sr,F,,8,21:40,2,0,0,2,7,11,7,12,0,0,2,1,2020-21,Playoffs
0042000223,1610612746,LA,Clippers,LAC,clippers,201587,Nicolas,Batum,N. Batum,nicolas-batum,C,,33,35:08,0,3,2,4,13,13,7,18,0,1,1,3,2020-21,Playoffs
0042000223,1610612746,LA,Clippers,LAC,clippers,202331,Paul,George,P. George,paul-george,G,,13,37:59,7,0,0,10,13,13,7,26,0,0,3,3,2020-21,Playoffs
0042000223,1610612746,LA,Clippers,LAC,clippers,202704,Reggie,Jackson,R. Jackson,reggie-jackson,G,,1,29:02,3,0,0,2,7,13,7,22,0,0,3,1,2020-21,Playoffs
0042000223,1610612746,LA,Clippers,LAC,clippers,201976,Patrick,Beverley,P. Beverley,patrick-beverley,,,21,16:03,0,0,0,4,3,0,3,10,0,0,3,2,2020-21,Playoffs
0042000223,1610612746,LA,Clippers,LAC,clippers,1627826,Ivica,Zubac,I. Zubac,ivica-zubac,,,40,13:02,0,1,0,2,3,0,3,8,1,0,0,1,2020-21,Playoffs
0042000223,1610612746,LA,Clippers,LAC,clippers,1628379,Luke,Kennard,L. Kennard,luke-kennard,,,5,17:16,3,0,3,0,9,0,3,10,0,0,3,2,2020-21,Playoffs
0042000223,1610612746,LA,Clippers,LAC,clippers,1629611,Terance,Mann,T. Mann,terance-mann,,,14,22:19,0,3,0,2,9,2,3,16,0,0,3,2,2020-21,Playoffs
0042000223,1610612746,LA,Clippers,LAC,clippers,1629599,Amir,Coffey,A. Coffey,amir-coffey,,,7,3:26,0,0,0,0,0,0,0,6,0,0,0,0,2020-21,Playoffs
0042000223,1610612746,LA,Clippers,LAC,clippers,1627812,Yogi,Ferrell,Y. Ferrell,yogi-ferrell,,,11,3:26,0,0,0,0,0,0,0,6,0,0,0,0,2020-21,Playoffs
0042000223,1610612746,LA,Clippers,LAC,clippers,1630187,Daniel,Oturu,D. Oturu,daniel-oturu,,,10,2:48,0,0,0,2,0,0,0,6,0,0,0,0,2020-21,Playoffs
0042000223,1610612746,LA,Clippers,LAC,clippers,202326,DeMarcus,Cousins,D. Cousins,demarcus-cousins,,DNP - Coach's Decision,15,,0,0,0,0,0,0,0,0,0,0,0,0,2020-21,Playoffs
0042000223,1610612746,LA,Clippers,LAC,clippers,202335,Patrick,Patterson,P. Patterson,patrick-patterson,,DNP - Coach's Decision,54,,0,0,0,0,0,0,0,0,0,0,0,0,2020-21,Playoffs
0042000223,1610612746,LA,Clippers,LAC,clippers,200765,Rajon,Rondo,R. Rondo,rajon-rondo,,DNP - Coach's Decision,4,,0,0,0,0,0,0,0,0,0,0,0,0,2020-21,Playoffs
0042000224,1610612762,Utah,Jazz,UTA,jazz,202711,Bojan,Bogdanovic,B. Bogdanovic,bojan-bogdanovic,F,,44,38:55,2,0,0,8,10,15,12,30,0,1,5,3,2020-21,Playoffs
0042000224,1610612762,Utah,Jazz,UTA,jazz,1626220,Royce,O'Neale,R. O'Neale,royce-oneale,F,,23,36:58,6,0,0,2,12,16,7,22,0,0,4,2,2020-21,Playoffs
0042000224,1610612762,Utah,Jazz,UTA,jazz,203497,Rudy,Gobert,R. Gobert,rudy-gobert,C,,27,31:31,2,1,0,8,6,13,4,16,1,0,5,4,2020-21,Playoffs
0042000224,1610612762,Utah,Jazz,UTA,jazz,204060,Joe,Ingles,J. Ingles,joe-ingles,G,,2,27:26,3,0,0,4,2,12,4,18,0,0,4,2,2020-21,Playoffs
0042000224,1610612762,Utah,Jazz,UTA,jazz,1628378,Donovan,Mitchell,D. Mitchell,donovan-mitchell,G,,45,39:40,3,0,0,6,12,14,12,28,0,6,5,11,2020-21,Playoffs
0042000224,1610612762,Utah,Jazz,UTA,jazz,203903,Jordan,Clarkson,J. Clarkson,jordan-clarkson,,,00,30:11,0,0,0,2,10,10,10,22,0,0,2,0,2020-21,Playoffs
0042000224,1610612762,Utah,Jazz,UTA,jazz,202324,Derrick,Favors,D. Favors,derrick-favors,,,15,15:20,0,0,0,2,6,5,8,16,2,0,3,1,2020-21,Playoffs
0042000224,1610612762,Utah,Jazz,UTA,jazz,1627777,Georges,Niang,G. Niang,georges-niang,,,31,12:52,0,0,0,0,2,5,3,8,0,0,4,0,2020-21,Playoffs
0042000224,1610612762,Utah,Jazz,UTA,jazz,1629671,Miye,Oni,M. Oni,miye-oni,,,81,2:31,0,0,0,0,0,0,0,0,0,0,0,0,2020-21,Playoffs
0042000224,1610612762,Utah,Jazz,UTA,jazz,1630235,Trent,Forrest,T. Forrest,trent-forrest,,,3,1:09,0,0,0,0,0,0,0,0,0,0,0,0,2020-21,Playoffs
0042000224,1610612762,Utah,Jazz,UTA,jazz,1629714,Jarrell,Brantley,J. Brantley,jarrell-brantley,,,5,1:09,0,0,0,0,0,0,0,0,0,0,0,1,2020-21,Playoffs
0042000224,1610612762,Utah,Jazz,UTA,jazz,1628962,Udoka,Azubuike,U. Azubuike,udoka-azubuike,,,20,1:09,0,0,0,0,0,0,0,0,0,0,0,0,2020-21,Playoffs
0042000224,1610612762,Utah,Jazz,UTA,jazz,1629744,Matt,Thomas,M. Thomas,matt-thomas,,,21,1:09,0,0,0,0,0,0,0,0,0,0,0,0,2020-21,Playoffs
0042000224,1610612762,Utah,Jazz,UTA,jazz,101141,Ersan,Ilyasova,E. Ilyasova,ersan-ilyasova,,DNP - Coach's Decision,77,,0,0,0,0,0,0,0,0,0,0,0,0,2020-21,Playoffs
0042000224,1610612762,Utah,Jazz,UTA,jazz,1629752,Juwan,Morgan,J. Morgan,juwan-morgan,,DNP - Coach's Decision,16,,0,0,0,0,0,0,0,0,0,0,0,0,2020-21,Playoffs
0042000224,1610612746,LA,Clippers,LAC,clippers,202695,Kawhi,Leonard,K. Leonard,kawhi-leonard,F,,2,34:18,4,4,2,8,6,0,0,22,1,1,3,11,2020-21,Playoffs
0042000224,1610612746,LA,Clippers,LAC,clippers,202694,Marcus,Morris Sr.,M. Morris Sr.,marcus-morris-sr,F,,8,34:50,0,5,0,0,11,0,0,24,0,0,3,5,2020-21,Playoffs
0042000224,1610612746,LA,Clippers,LAC,clippers,201587,Nicolas,Batum,N. Batum,nicolas-batum,C,,33,32:11,2,2,0,2,8,0,0,22,1,0,1,1,2020-21,Playoffs
0042000224,1610612746,LA,Clippers,LAC,clippers,202331,Paul,George,P. George,paul-george,G,,13,40:14,2,3,6,8,16,1,0,28,0,1,5,8,2020-21,Playoffs
0042000224,1610612746,LA,Clippers,LAC,clippers,202704,Reggie,Jackson,R. Jackson,reggie-jackson,G,,1,28:32,0,2,0,4,8,1,0,20,0,0,3,0,2020-21,Playoffs
0042000224,1610612746,LA,Clippers,LAC,clippers,201976,Patrick,Beverley,P. Beverley,patrick-beverley,,,21,20:20,2,0,2,2,10,0,0,14,4,0,1,0,2020-21,Playoffs
0042000224,1610612746,LA,Clippers,LAC,clippers,1629611,Terance,Mann,T. Mann,terance-mann,,,14,15:13,0,0,0,2,3,1,0,8,0,1,2,2,2020-21,Playoffs
0042000224,1610612746,LA,Clippers,LAC,clippers,1627826,Ivica,Zubac,I. Zubac,ivica-zubac,,,40,17:44,2,2,2,6,13,1,0,14,1,0,5,5,2020-21,Playoffs
0042000224,1610612746,LA,Clippers,LAC,clippers,1628379,Luke,Kennard,L. Kennard,luke-kennard,,,5,12:07,0,0,0,0,5,1,0,8,0,0,1,0,2020-21,Playoffs
0042000224,1610612746,LA,Clippers,LAC,clippers,1630187,Daniel,Oturu,D. Oturu,daniel-oturu,,,10,1:09,0,0,0,0,0,0,0,0,0,0,0,0,2020-21,Playoffs
0042000224,1610612746,LA,Clippers,LAC,clippers,1627812,Yogi,Ferrell,Y. Ferrell,yogi-ferrell,,,11,1:09,0,0,0,0,0,0,0,0,0,0,0,0,2020-21,Playoffs
0042000224,1610612746,LA,Clippers,LAC,clippers,1629599,Amir,Coffey,A. Coffey,amir-coffey,,,7,1:09,0,0,0,0,0,0,0,0,0,0,0,0,2020-21,Playoffs
0042000224,1610612746,LA,Clippers,LAC,clippers,1630206,Jay,Scrubb,J. Scrubb,jay-scrubb,,,0,1:04,0,0,0,0,0,0,0,0,0,0,0,0,2020-21,Playoffs
0042000224,1610612746,LA,Clippers,LAC,clippers,202326,DeMarcus,Cousins,D. Cousins,demarcus-cousins,,DNP - Coach's Decision,15,,0,0,0,0,0,0,0,0,0,0,0,0,2020-21,Playoffs
0042000224,1610612746,LA,Clippers,LAC,clippers,202335,Patrick,Patterson,P. Patterson,patrick-patterson,,DNP - Coach's Decision,54,,0,0,0,0,0,0,0,0,0,0,0,0,2020-21,Playoffs
0042000225,1610612746,LA,Clippers,LAC,clippers,1629611,Terance,Mann,T. Mann,terance-mann,F,,14,25:42,2,2,2,4,7,11,8,16,0,0,2,3,2020-21,Playoffs
0042000225,1610612746,LA,Clippers,LAC,clippers,202694,Marcus,Morris Sr.,M. Morris Sr.,marcus-morris-sr,F,,8,40:25,2,1,2,8,14,13,10,26,1,0,2,4,2020-21,Playoffs
0042000225,1610612746,LA,Clippers,LAC,clippers,201587,Nicolas,Batum,N. Batum,nicolas-batum,C,,33,42:12,0,0,0,0,17,15,13,26,0,0,4,0,2020-21,Playoffs
0042000225,1610612746,LA,Clippers,LAC,clippers,202331,Paul,George,P. George,paul-george,G,,13,40:25,6,2,2,14,14,15,10,28,2,1,4,8,2020-21,Playoffs
0042000225,1610612746,LA,Clippers,LAC,clippers,202704,Reggie,Jackson,R. Jackson,reggie-jackson,G,,1,36:39,8,0,3,6,13,14,10,24,0,0,4,5,2020-21,Playoffs
0042000225,1610612746,LA,Clippers,LAC,clippers,201976,Patrick,Beverley,P. Beverley,patrick-beverley,,,21,16:47,0,0,0,2,6,1,3,6,0,0,4,0,2020-21,Playoffs
0042000225,1610612746,LA,Clippers,LAC,clippers,1627826,Ivica,Zubac,I. Zubac,ivica-zubac,,,40,8:21,2,0,0,0,5,0,3,4,0,0,1,1,2020-21,Playoffs
0042000225,1610612746,LA,Clippers,LAC,clippers,1628379,Luke,Kennard,L. Kennard,luke-kennard,,,5,20:09,0,0,0,0,12,4,5,14,0,0,1,0,2020-21,Playoffs
0042000225,1610612746,LA,Clippers,LAC,clippers,200765,Rajon,Rondo,R. Rondo,rajon-rondo,,,4,9:06,0,0,0,0,7,2,3,6,0,0,0,0,2020-21,Playoffs
0042000225,1610612746,LA,Clippers,LAC,clippers,1629599,Amir,Coffey,A. Coffey,amir-coffey,,,7,0:07,0,0,0,0,0,0,0,0,0,0,0,0,2020-21,Playoffs
0042000225,1610612746,LA,Clippers,LAC,clippers,1630206,Jay,Scrubb,J. Scrubb,jay-scrubb,,,0,0:07,0,0,0,0,0,0,0,0,0,0,0,0,2020-21,Playoffs
0042000225,1610612746,LA,Clippers,LAC,clippers,202326,DeMarcus,Cousins,D. Cousins,demarcus-cousins,,DNP - Coach's Decision,15,,0,0,0,0,0,0,0,0,0,0,0,0,2020-21,Playoffs
0042000225,1610612746,LA,Clippers,LAC,clippers,1627812,Yogi,Ferrell,Y. Ferrell,yogi-ferrell,,DNP - Coach's Decision,11,,0,0,0,0,0,0,0,0,0,0,0,0,2020-21,Playoffs
0042000225,1610612746,LA,Clippers,LAC,clippers,1630187,Daniel,Oturu,D. Oturu,daniel-oturu,,DNP - Coach's Decision,10,,0,0,0,0,0,0,0,0,0,0,0,0,2020-21,Playoffs
0042000225,1610612746,LA,Clippers,LAC,clippers,202335,Patrick,Patterson,P. Patterson,patrick-patterson,,DNP - Coach's Decision,54,,0,0,0,0,0,0,0,0,0,0,0,0,2020-21,Playoffs
0042000225,1610612762,Utah,Jazz,UTA,jazz,202711,Bojan,Bogdanovic,B. Bogdanovic,bojan-bogdanovic,F,,44,38:36,4,0,6,2,15,5,4,28,0,0,4,2,2020-21,Playoffs
0042000225,1610612762,Utah,Jazz,UTA,jazz,1626220,Royce,O'Neale,R. O'Neale,royce-oneale,F,,23,41:09,2,2,2,4,15,5,6,32,1,0,6,6,2020-21,Playoffs
0042000225,1610612762,Utah,Jazz,UTA,jazz,203497,Rudy,Gobert,R. Gobert,rudy-gobert,C,,27,41:30,4,9,2,12,15,5,4,28,0,1,4,4,2020-21,Playoffs
0042000225,1610612762,Utah,Jazz,UTA,jazz,204060,Joe,Ingles,J. Ingles,joe-ingles,G,,2,32:10,2,0,3,6,12,3,9,24,0,0,1,3,2020-21,Playoffs
0042000225,1610612762,Utah,Jazz,UTA,jazz,1628378,Donovan,Mitchell,D. Mitchell,donovan-mitchell,G,,45,38:08,3,4,0,2,15,4,2,24,0,2,1,5,2020-21,Playoffs
0042000225,1610612762,Utah,Jazz,UTA,jazz,203903,Jordan,Clarkson,J. Clarkson,jordan-clarkson,,,00,29:02,4,0,0,2,13,3,7,20,0,0,1,2,2020-21,Playoffs
0042000225,1610612762,Utah,Jazz,UTA,jazz,202324,Derrick,Favors,D. Favors,derrick-favors,,,15,6:27,0,0,0,0,5,0,5,6,0,0,2,0,2020-21,Playoffs
0042000225,1610612762,Utah,Jazz,UTA,jazz,1629671,Miye,Oni,M. Oni,miye-oni,,,81,4:21,0,0,0,0,5,0,3,2,0,0,1,0,2020-21,Playoffs
0042000225,1610612762,Utah,Jazz,UTA,jazz,1627777,Georges,Niang,G. Niang,georges-niang,,,31,8:36,0,0,0,2,5,0,5,6,0,0,1,0,2020-21,Playoffs
0042000225,1610612762,Utah,Jazz,UTA,jazz,1628962,Udoka,Azubuike,U. Azubuike,udoka-azubuike,,DNP - Coach's Decision,20,,0,0,0,0,0,0,0,0,0,0,0,0,2020-21,Playoffs
0042000225,1610612762,Utah,Jazz,UTA,jazz,1629714,Jarrell,Brantley,J. Brantley,jarrell-brantley,,DNP - Coach's Decision,5,,0,0,0,0,0,0,0,0,0,0,0,0,2020-21,Playoffs
0042000225,1610612762,Utah,Jazz,UTA,jazz,1630235,Trent,Forrest,T. Forrest,trent-forrest,,DNP - Coach's Decision,3,,0,0,0,0,0,0,0,0,0,0,0,0,2020-21,Playoffs
0042000225,1610612762,Utah,Jazz,UTA,jazz,101141,Ersan,Ilyasova,E. Ilyasova,ersan-ilyasova,,DNP - Coach's Decision,77,,0,0,0,0,0,0,0,0,0,0,0,0,2020-21,Playoffs
0042000225,1610612762,Utah,Jazz,UTA,jazz,1629752,Juwan,Morgan,J. Morgan,juwan-morgan,,DNP - Coach's Decision,16,,0,0,0,0,0,0,0,0,0,0,0,0,2020-21,Playoffs
0042000225,1610612762,Utah,Jazz,UTA,jazz,1629744,Matt,Thomas,M. Thomas,matt-thomas,,DNP - Coach's Decision,21,,0,0,0,0,0,0,0,0,0,0,0,0,2020-21,Playoffs
0042000226,1610612762,Utah,Jazz,UTA,jazz,202711,Bojan,Bogdanovic,B. Bogdanovic,bojan-bogdanovic,F,,44,35:25,0,3,0,2,22,6,14,34,0,2,3,0,2020-21,Playoffs
0042000226,1610612762,Utah,Jazz,UTA,jazz,1626220,Royce,O'Neale,R. O'Neale,royce-oneale,F,,23,41:33,2,2,0,8,26,11,18,38,0,0,2,1,2020-21,Playoffs
0042000226,1610612762,Utah,Jazz,UTA,jazz,203497,Rudy,Gobert,R. Gobert,rudy-gobert,C,,27,42:08,0,9,0,10,27,11,19,38,0,1,5,3,2020-21,Playoffs
0042000226,1610612762,Utah,Jazz,UTA,jazz,1628378,Donovan,Mitchell,D. Mitchell,donovan-mitchell,G,,45,40:09,0,3,7,6,24,6,19,38,0,2,3,9,2020-21,Playoffs
0042000226,1610612762,Utah,Jazz,UTA,jazz,201144,Mike,Conley,M. Conley,mike-conley,G,,10,25:57,0,0,0,0,18,9,12,24,0,0,2,1,2020-21,Playoffs
0042000226,1610612762,Utah,Jazz,UTA,jazz,202324,Derrick,Favors,D. Favors,derrick-favors,,,15,5:52,0,0,0,2,2,0,2,4,0,0,1,0,2020-21,Playoffs
0042000226,1610612762,Utah,Jazz,UTA,jazz,204060,Joe,Ingles,J. Ingles,joe-ingles,,,2,17:51,0,0,0,2,12,5,11,16,0,0,2,1,2020-21,Playoffs
0042000226,1610612762,Utah,Jazz,UTA,jazz,1627777,Georges,Niang,G. Niang,georges-niang,,,31,4:37,0,0,0,0,0,0,3,2,0,0,0,0,2020-21,Playoffs
0042000226,1610612762,Utah,Jazz,UTA,jazz,203903,Jordan,Clarkson,J. Clarkson,jordan-clarkson,,,00,25:51,2,0,0,10,14,7,7,16,0,1,1,1,2020-21,Playoffs
0042000226,1610612762,Utah,Jazz,UTA,jazz,1630235,Trent,Forrest,T. Forrest,trent-forrest,,,3,0:38,0,0,0,0,0,0,0,0,0,0,0,0,2020-21,Playoffs
0042000226,1610612762,Utah,Jazz,UTA,jazz,1629714,Jarrell,Brantley,J. Brantley,jarrell-brantley,,DNP - Coach's Decision,5,,0,0,0,0,0,0,0,0,0,0,0,0,2020-21,Playoffs
0042000226,1610612762,Utah,Jazz,UTA,jazz,101141,Ersan,Ilyasova,E. Ilyasova,ersan-ilyasova,,DNP - Coach's Decision,77,,0,0,0,0,0,0,0,0,0,0,0,0,2020-21,Playoffs
0042000226,1610612762,Utah,Jazz,UTA,jazz,1629752,Juwan,Morgan,J. Morgan,juwan-morgan,,DNP - Coach's Decision,16,,0,0,0,0,0,0,0,0,0,0,0,0,2020-21,Playoffs
0042000226,1610612762,Utah,Jazz,UTA,jazz,1629671,Miye,Oni,M. Oni,miye-oni,,DNP - Coach's Decision,81,,0,0,0,0,0,0,0,0,0,0,0,0,2020-21,Playoffs
0042000226,1610612762,Utah,Jazz,UTA,jazz,1629744,Matt,Thomas,M. Thomas,matt-thomas,,DNP - Coach's Decision,21,,0,0,0,0,0,0,0,0,0,0,0,0,2020-21,Playoffs
0042000226,1610612746,LA,Clippers,LAC,clippers,1629611,Terance,Mann,T. Mann,terance-mann,F,,14,36:25,8,4,10,16,2,13,7,36,0,0,4,3,2020-21,Playoffs
0042000226,1610612746,LA,Clippers,LAC,clippers,202694,Marcus,Morris Sr.,M. Morris Sr.,marcus-morris-sr,F,,8,29:25,0,0,3,0,2,10,7,22,0,0,2,0,2020-21,Playoffs
0042000226,1610612746,LA,Clippers,LAC,clippers,201587,Nicolas,Batum,N. Batum,nicolas-batum,C,,33,39:44,5,0,2,4,4,14,2,36,3,0,1,1,2020-21,Playoffs
0042000226,1610612746,LA,Clippers,LAC,clippers,202331,Paul,George,P. George,paul-george,G,,13,45:30,8,4,4,8,4,17,7,34,1,0,4,8,2020-21,Playoffs
0042000226,1610612746,LA,Clippers,LAC,clippers,202704,Reggie,Jackson,R. Jackson,reggie-jackson,G,,1,37:39,5,3,2,12,4,13,4,28,0,0,3,4,2020-21,Playoffs
0042000226,1610612746,LA,Clippers,LAC,clippers,201976,Patrick,Beverley,P. Beverley,patrick-beverley,,,21,26:59,3,0,0,0,4,6,5,12,1,0,0,3,2020-21,Playoffs
0042000226,1610612746,LA,Clippers,LAC,clippers,1627826,Ivica,Zubac,I. Zubac,ivica-zubac,,,40,5:51,0,0,0,0,0,3,3,4,1,0,0,0,2020-21,Playoffs
0042000226,1610612746,LA,Clippers,LAC,clippers,200765,Rajon,Rondo,R. Rondo,rajon-rondo,,,4,6:38,0,0,0,2,0,4,0,14,0,0,0,0,2020-21,Playoffs
0042000226,1610612746,LA,Clippers,LAC,clippers,1628379,Luke,Kennard,L. Kennard,luke-kennard,,,5,9:17,0,0,0,0,0,5,0,14,0,0,2,0,2020-21,Playoffs
0042000226,1610612746,LA,Clippers,LAC,clippers,1629599,Amir,Coffey,A. Coffey,amir-coffey,,,7,0:38,0,0,0,0,0,0,0,0,0,0,0,0,2020-21,Playoffs
0042000226,1610612746,LA,Clippers,LAC,clippers,1627812,Yogi,Ferrell,Y. Ferrell,yogi-ferrell,,,11,0:38,0,0,0,0,0,0,0,0,0,0,0,0,2020-21,Playoffs
0042000226,1610612746,LA,Clippers,LAC,clippers,1630206,Jay,Scrubb,J. Scrubb,jay-scrubb,,,0,0:38,0,0,0,0,0,0,0,0,0,0,0,0,2020-21,Playoffs
0042000226,1610612746,LA,Clippers,LAC,clippers,1630187,Daniel,Oturu,D. Oturu,daniel-oturu,,,10,0:38,0,0,0,0,0,0,0,0,0,0,0,0,2020-21,Playoffs
0042000226,1610612746,LA,Clippers,LAC,clippers,202326,DeMarcus,Cousins,D. Cousins,demarcus-cousins,,DNP - Coach's Decision,15,,0,0,0,0,0,0,0,0,0,0,0,0,2020-21,Playoffs
0042000226,1610612746,LA,Clippers,LAC,clippers,202335,Patrick,Patterson,P. Patterson,patrick-patterson,,DNP - Coach's Decision,54,,0,0,0,0,0,0,0,0,0,0,0,0,2020-21,Playoffs
0042000231,1610612743,Denver,Nuggets,DEN,nuggets,1629008,Michael,Porter Jr.,M. Porter Jr.,michael-porter-jr,F,,1,30:58,0,0,0,2,11,7,9,34,0,1,3,0,2020-21,Playoffs
0042000231,1610612743,Denver,Nuggets,DEN,nuggets,203932,Aaron,Gordon,A. Gordon,aaron-gordon,F,,50,29:15,0,2,0,16,12,2,4,32,0,0,1,4,2020-21,Playoffs
0042000231,1610612743,Denver,Nuggets,DEN,nuggets,203999,Nikola,Jokić,N. Jokić,nikola-jokić,C,,15,36:25,7,2,2,16,16,2,11,40,3,0,2,1,2020-21,Playoffs
0042000231,1610612743,Denver,Nuggets,DEN,nuggets,203085,Austin,Rivers,A. Rivers,austin-rivers,G,,25,31:13,0,2,0,2,14,2,6,30,0,1,3,1,2020-21,Playoffs
0042000231,1610612743,Denver,Nuggets,DEN,nuggets,1630267,Facundo,Campazzo,F. Campazzo,facundo-campazzo,G,,7,36:05,0,0,0,4,18,7,13,36,0,0,4,3,2020-21,Playoffs
0042000231,1610612743,Denver,Nuggets,DEN,nuggets,1628420,Monte,Morris,M. Morris,monte-morris,,,11,23:11,0,0,0,0,9,5,9,22,0,2,1,0,2020-21,Playoffs
0042000231,1610612743,Denver,Nuggets,DEN,nuggets,203210,JaMychal,Green,J. Green,jamychal-green,,,0,23:09,0,2,0,4,6,5,9,22,0,0,0,1,2020-21,Playoffs
0042000231,1610612743,Denver,Nuggets,DEN,nuggets,1630210,Markus,Howard,M. Howard,markus-howard,,,00,8:11,0,0,3,0,0,0,0,6,0,0,2,0,2020-21,Playoffs
0042000231,1610612743,Denver,Nuggets,DEN,nuggets,200794,Paul,Millsap,P. Millsap,paul-millsap,,,4,12:33,2,0,2,6,4,5,4,10,1,0,1,2,2020-21,Playoffs
0042000231,1610612743,Denver,Nuggets,DEN,nuggets,1627885,Shaquille,Harrison,S. Harrison,shaquille-harrison,,,3,2:15,0,0,0,2,0,0,0,2,0,0,0,0,2020-21,Playoffs
0042000231,1610612743,Denver,Nuggets,DEN,nuggets,1629626,Bol,Bol,B. Bol,bol-bol,,,10,2:15,0,0,0,0,0,0,0,2,0,0,0,0,2020-21,Playoffs
0042000231,1610612743,Denver,Nuggets,DEN,nuggets,1630192,Zeke,Nnaji,Z. Nnaji,zeke-nnaji,,,22,2:15,3,0,0,0,0,0,0,2,0,0,0,0,2020-21,Playoffs
0042000231,1610612743,Denver,Nuggets,DEN,nuggets,1628427,Vlatko,Čančar,V. Čančar,vlatko-čančar,,,31,2:15,0,0,0,0,0,0,0,2,0,0,0,0,2020-21,Playoffs
0042000231,1610612743,Denver,Nuggets,DEN,nuggets,201580,JaVale,McGee,J. McGee,javale-mcgee,,DNP - Coach's Decision,34,,0,0,0,0,0,0,0,0,0,0,0,0,2020-21,Playoffs
0042000231,1610612756,Phoenix,Suns,PHX,suns,1628969,Mikal,Bridges,M. Bridges,mikal-bridges,F,,25,34:15,7,0,4,8,9,6,2,36,1,0,1,2,2020-21,Playoffs
0042000231,1610612756,Phoenix,Suns,PHX,suns,203109,Jae,Crowder,J. Crowder,jae-crowder,F,,99,30:46,3,0,0,2,7,4,2,30,0,1,2,1,2020-21,Playoffs
0042000231,1610612756,Phoenix,Suns,PHX,suns,1629028,Deandre,Ayton,D. Ayton,deandre-ayton,C,,22,36:25,4,2,2,18,9,8,4,40,0,1,1,2,2020-21,Playoffs
0042000231,1610612756,Phoenix,Suns,PHX,suns,1626164,Devin,Booker,D. Booker,devin-booker,G,,1,38:22,2,0,5,6,9,8,4,44,0,0,3,5,2020-21,Playoffs
0042000231,1610612756,Phoenix,Suns,PHX,suns,101108,Chris,Paul,C. Paul,chris-paul,G,,3,35:37,0,3,0,6,7,4,5,36,0,0,2,4,2020-21,Playoffs
0042000231,1610612756,Phoenix,Suns,PHX,suns,1626166,Cameron,Payne,C. Payne,cameron-payne,,,15,19:46,0,0,0,4,5,4,5,22,1,1,1,0,2020-21,Playoffs
0042000231,1610612756,Phoenix,Suns,PHX,suns,1629661,Cameron,Johnson,C. Johnson,cameron-johnson,,,23,13:45,0,0,0,0,3,2,5,16,0,0,0,1,2020-21,Playoffs
0042000231,1610612756,Phoenix,Suns,PHX,suns,203967,Dario,Saric,D. Saric,dario-saric,,,20,9:20,0,2,0,2,0,0,3,10,0,1,1,1,2020-21,Playoffs
0042000231,1610612756,Phoenix,Suns,PHX,suns,1628470,Torrey,Craig,T. Craig,torrey-craig,,,12,17:14,2,0,2,2,5,4,5,22,2,0,1,1,2020-21,Playoffs
0042000231,1610612756,Phoenix,Suns,PHX,suns,1630188,Jalen,Smith,J. Smith,jalen-smith,,,10,2:15,0,0,0,0,3,0,0,2,0,0,0,0,2020-21,Playoffs
0042000231,1610612756,Phoenix,Suns,PHX,suns,1628975,Jevon,Carter,J. Carter,jevon-carter,,,4,2:15,0,0,0,0,3,0,0,2,0,0,0,0,2020-21,Playoffs
0042000231,1610612756,Phoenix,Suns,PHX,suns,1630234,Ty-Shon,Alexander,T. Alexander,ty-shon-alexander,,DNP - Coach's Decision,0,,0,0,0,0,0,0,0,0,0,0,0,0,2020-21,Playoffs
0042000231,1610612756,Phoenix,Suns,PHX,suns,204038,Langston,Galloway,L. Galloway,langston-galloway,,DNP - Coach's Decision,2,,0,0,0,0,0,0,0,0,0,0,0,0,2020-21,Playoffs
0042000231,1610612756,Phoenix,Suns,PHX,suns,1626163,Frank,Kaminsky,F. Kaminsky,frank-kaminsky,,DNP - Coach's Decision,8,,0,0,0,0,0,0,0,0,0,0,0,0,2020-21,Playoffs
0042000231,1610612756,Phoenix,Suns,PHX,suns,202734,E'Twaun,Moore,E. Moore,etwaun-moore,,DNP - Coach's Decision,55,,0,0,0,0,0,0,0,0,0,0,0,0,2020-21,Playoffs
0042000232,1610612743,Denver,Nuggets,DEN,nuggets,1629008,Michael,Porter Jr.,M. Porter Jr.,michael-porter-jr,F,,1,27:36,0,1,0,0,4,7,11,26,0,0,4,3,2020-21,Playoffs
0042000232,1610612743,Denver,Nuggets,DEN,nuggets,203932,Aaron,Gordon,A. Gordon,aaron-gordon,F,,50,20:11,0,0,2,6,4,5,6,18,0,1,2,1,2020-21,Playoffs
0042000232,1610612743,Denver,Nuggets,DEN,nuggets,203999,Nikola,Jokić,N. Jokić,nikola-jokić,C,,15,29:34,2,6,1,12,4,5,6,28,0,0,1,5,2020-21,Playoffs
0042000232,1610612743,Denver,Nuggets,DEN,nuggets,203085,Austin,Rivers,A. Rivers,austin-rivers,G,,25,24:39,0,0,0,2,8,5,9,18,0,0,3,1,2020-21,Playoffs
0042000232,1610612743,Denver,Nuggets,DEN,nuggets,1630267,Facundo,Campazzo,F. Campazzo,facundo-campazzo,G,,7,29:03,0,0,0,0,5,5,6,26,0,1,4,2,2020-21,Playoffs
0042000232,1610612743,Denver,Nuggets,DEN,nuggets,203115,Will,Barton,W. Barton,will-barton,,,5,15:49,0,3,0,2,2,2,5,14,1,0,0,1,2020-21,Playoffs
0042000232,1610612743,Denver,Nuggets,DEN,nuggets,203210,JaMychal,Green,J. Green,jamychal-green,,,0,23:36,0,0,0,4,6,4,8,18,0,0,2,0,2020-21,Playoffs
0042000232,1610612743,Denver,Nuggets,DEN,nuggets,1628420,Monte,Morris,M. Morris,monte-morris,,,11,22:09,0,0,0,0,8,6,8,20,0,1,0,1,2020-21,Playoffs
0042000232,1610612743,Denver,Nuggets,DEN,nuggets,200794,Paul,Millsap,P. Millsap,paul-millsap,,,4,11:33,0,2,0,2,3,4,8,8,2,0,3,1,2020-21,Playoffs
0042000232,1610612743,Denver,Nuggets,DEN,nuggets,1630210,Markus,Howard,M. Howard,markus-howard,,,00,10:42,0,0,0,2,5,4,3,12,0,1,0,1,2020-21,Playoffs
0042000232,1610612743,Denver,Nuggets,DEN,nuggets,201580,JaVale,McGee,J. McGee,javale-mcgee,,,34,6:53,0,1,0,2,5,2,0,8,2,0,0,1,2020-21,Playoffs
0042000232,1610612743,Denver,Nuggets,DEN,nuggets,1627885,Shaquille,Harrison,S. Harrison,shaquille-harrison,,,3,6:05,0,0,0,0,2,2,0,8,1,0,2,0,2020-21,Playoffs
0042000232,1610612743,Denver,Nuggets,DEN,nuggets,1630192,Zeke,Nnaji,Z. Nnaji,zeke-nnaji,,,22,6:05,2,0,5,2,2,2,0,8,0,0,0,1,2020-21,Playoffs
0042000232,1610612743,Denver,Nuggets,DEN,nuggets,1628427,Vlatko,Čančar,V. Čančar,vlatko-čančar,,,31,6:05,0,0,0,2,2,2,0,8,0,0,0,0,2020-21,Playoffs
0042000232,1610612743,Denver,Nuggets,DEN,nuggets,1629626,Bol,Bol,B. Bol,bol-bol,,DNP - Coach's Decision,10,,0,0,0,0,0,0,0,0,0,0,0,0,2020-21,Playoffs
0042000232,1610612756,Phoenix,Suns,PHX,suns,1628969,Mikal,Bridges,M. Bridges,mikal-bridges,F,,25,28:36,0,0,0,6,2,6,2,20,0,0,2,2,2020-21,Playoffs
0042000232,1610612756,Phoenix,Suns,PHX,suns,203109,Jae,Crowder,J. Crowder,jae-crowder,F,,99,25:28,0,3,0,0,2,6,2,22,1,0,1,1,2020-21,Playoffs
0042000232,1610612756,Phoenix,Suns,PHX,suns,1629028,Deandre,Ayton,D. Ayton,deandre-ayton,C,,22,25:40,0,2,2,12,2,6,3,20,0,0,2,3,2020-21,Playoffs
0042000232,1610612756,Phoenix,Suns,PHX,suns,1626164,Devin,Booker,D. Booker,devin-booker,G,,1,33:04,2,0,4,4,2,9,3,24,0,0,1,3,2020-21,Playoffs
0042000232,1610612756,Phoenix,Suns,PHX,suns,101108,Chris,Paul,C. Paul,chris-paul,G,,3,30:31,2,0,0,2,2,9,2,20,1,0,2,3,2020-21,Playoffs
0042000232,1610612756,Phoenix,Suns,PHX,suns,203967,Dario,Saric,D. Saric,dario-saric,,,20,16:15,2,0,5,2,0,6,0,8,0,1,1,2,2020-21,Playoffs
0042000232,1610612756,Phoenix,Suns,PHX,suns,1626166,Cameron,Payne,C. Payne,cameron-payne,,,15,15:15,0,0,0,4,0,6,1,10,0,0,5,1,2020-21,Playoffs
0042000232,1610612756,Phoenix,Suns,PHX,suns,1629661,Cameron,Johnson,C. Johnson,cameron-johnson,,,23,20:11,4,0,0,0,0,6,1,12,0,2,0,3,2020-21,Playoffs
0042000232,1610612756,Phoenix,Suns,PHX,suns,1628470,Torrey,Craig,T. Craig,torrey-craig,,,12,14:35,0,4,3,6,0,6,1,4,1,0,1,1,2020-21,Playoffs
0042000232,1610612756,Phoenix,Suns,PHX,suns,1626163,Frank,Kaminsky,F. Kaminsky,frank-kaminsky,,,8,6:05,2,2,0,2,2,1,5,8,0,1,0,0,2020-21,Playoffs
0042000232,1610612756,Phoenix,Suns,PHX,suns,1630188,Jalen,Smith,J. Smith,jalen-smith,,,10,6:05,0,0,0,0,2,1,5,8,0,1,2,0,2020-21,Playoffs
0042000232,1610612756,Phoenix,Suns,PHX,suns,204038,Langston,Galloway,L. Galloway,langston-galloway,,,2,6:05,0,0,0,0,2,1,5,8,1,1,1,2,2020-21,Playoffs
0042000232,1610612756,Phoenix,Suns,PHX,suns,202734,E'Twaun,Moore,E. Moore,etwaun-moore,,,55,6:05,0,0,0,4,2,1,5,8,0,0,0,0,2020-21,Playoffs
0042000232,1610612756,Phoenix,Suns,PHX,suns,1628975,Jevon,Carter,J. Carter,jevon-carter,,,4,6:05,0,0,0,2,2,1,5,8,0,0,0,0,2020-21,Playoffs
0042000232,1610612756,Phoenix,Suns,PHX,suns,1630234,Ty-Shon,Alexander,T. Alexander,ty-shon-alexander,,DNP - Coach's Decision,0,,0,0,0,0,0,0,0,0,0,0,0,0,2020-21,Playoffs
0042000233,1610612756,Phoenix,Suns,PHX,suns,1628969,Mikal,Bridges,M. Bridges,mikal-bridges,F,,25,26:56,0,2,1,6,4,12,2,22,1,0,2,4,2020-21,Playoffs
0042000233,1610612756,Phoenix,Suns,PHX,suns,203109,Jae,Crowder,J. Crowder,jae-crowder,F,,99,33:32,5,0,2,2,4,14,0,32,0,0,3,1,2020-21,Playoffs
0042000233,1610612756,Phoenix,Suns,PHX,suns,1629028,Deandre,Ayton,D. Ayton,deandre-ayton,C,,22,36:58,2,0,2,8,4,16,2,32,0,1,1,1,2020-21,Playoffs
0042000233,1610612756,Phoenix,Suns,PHX,suns,1626164,Devin,Booker,D. Booker,devin-booker,G,,1,40:27,7,6,4,12,4,14,2,34,0,0,3,5,2020-21,Playoffs
0042000233,1610612756,Phoenix,Suns,PHX,suns,101108,Chris,Paul,C. Paul,chris-paul,G,,3,37:00,4,0,3,2,4,19,2,34,0,0,0,6,2020-21,Playoffs
0042000233,1610612756,Phoenix,Suns,PHX,suns,1626166,Cameron,Payne,C. Payne,cameron-payne,,,15,17:09,0,0,0,6,4,9,0,16,0,2,1,0,2020-21,Playoffs
0042000233,1610612756,Phoenix,Suns,PHX,suns,1629661,Cameron,Johnson,C. Johnson,cameron-johnson,,,23,21:04,0,3,0,0,2,9,0,20,1,0,0,1,2020-21,Playoffs
0042000233,1610612756,Phoenix,Suns,PHX,suns,203967,Dario,Saric,D. Saric,dario-saric,,,20,9:38,0,0,0,4,2,5,0,10,0,0,2,3,2020-21,Playoffs
0042000233,1610612756,Phoenix,Suns,PHX,suns,1628470,Torrey,Craig,T. Craig,torrey-craig,,,12,14:28,0,3,0,2,2,7,2,10,0,0,1,0,2020-21,Playoffs
0042000233,1610612756,Phoenix,Suns,PHX,suns,1628975,Jevon,Carter,J. Carter,jevon-carter,,,4,1:24,2,0,0,0,0,0,0,0,0,0,0,0,2020-21,Playoffs
0042000233,1610612756,Phoenix,Suns,PHX,suns,1626163,Frank,Kaminsky,F. Kaminsky,frank-kaminsky,,,8,1:24,0,0,0,0,0,0,0,0,0,0,0,0,2020-21,Playoffs
0042000233,1610612756,Phoenix,Suns,PHX,suns,1630234,Ty-Shon,Alexander,T. Alexander,ty-shon-alexander,,DNP - Coach's Decision,0,,0,0,0,0,0,0,0,0,0,0,0,0,2020-21,Playoffs
0042000233,1610612756,Phoenix,Suns,PHX,suns,204038,Langston,Galloway,L. Galloway,langston-galloway,,DNP - Coach's Decision,2,,0,0,0,0,0,0,0,0,0,0,0,0,2020-21,Playoffs
0042000233,1610612756,Phoenix,Suns,PHX,suns,202734,E'Twaun,Moore,E. Moore,etwaun-moore,,DNP - Coach's Decision,55,,0,0,0,0,0,0,0,0,0,0,0,0,2020-21,Playoffs
0042000233,1610612756,Phoenix,Suns,PHX,suns,1630188,Jalen,Smith,J. Smith,jalen-smith,,DNP - Coach's Decision,10,,0,0,0,0,0,0,0,0,0,0,0,0,2020-21,Playoffs
0042000233,1610612743,Denver,Nuggets,DEN,nuggets,1629008,Michael,Porter Jr.,M. Porter Jr.,michael-porter-jr,F,,1,29:49,0,0,0,0,15,8,10,30,0,1,3,2,2020-21,Playoffs
0042000233,1610612743,Denver,Nuggets,DEN,nuggets,203932,Aaron,Gordon,A. Gordon,aaron-gordon,F,,50,35:55,2,0,0,4,18,11,10,32,0,0,4,0,2020-21,Playoffs
0042000233,1610612743,Denver,Nuggets,DEN,nuggets,203999,Nikola,Jokić,N. Jokić,nikola-jokić,C,,15,39:47,2,14,0,22,18,11,12,34,1,0,2,7,2020-21,Playoffs
0042000233,1610612743,Denver,Nuggets,DEN,nuggets,203085,Austin,Rivers,A. Rivers,austin-rivers,G,,25,26:44,0,0,0,2,7,8,7,24,0,0,3,0,2020-21,Playoffs
0042000233,1610612743,Denver,Nuggets,DEN,nuggets,1630267,Facundo,Campazzo,F. Campazzo,facundo-campazzo,G,,7,17:49,0,0,0,0,7,5,5,18,0,0,4,2,2020-21,Playoffs
0042000233,1610612743,Denver,Nuggets,DEN,nuggets,1628420,Monte,Morris,M. Morris,monte-morris,,,11,29:55,2,3,0,6,11,9,7,26,1,0,1,1,2020-21,Playoffs
0042000233,1610612743,Denver,Nuggets,DEN,nuggets,203115,Will,Barton,W. Barton,will-barton,,,5,27:57,0,4,0,8,9,9,7,22,0,0,1,0,2020-21,Playoffs
0042000233,1610612743,Denver,Nuggets,DEN,nuggets,203210,JaMychal,Green,J. Green,jamychal-green,,,0,17:40,0,0,2,0,5,6,2,16,0,1,1,1,2020-21,Playoffs
0042000233,1610612743,Denver,Nuggets,DEN,nuggets,200794,Paul,Millsap,P. Millsap,paul-millsap,,,4,6:49,0,0,0,0,0,3,0,8,1,0,2,0,2020-21,Playoffs
0042000233,1610612743,Denver,Nuggets,DEN,nuggets,1627885,Shaquille,Harrison,S. Harrison,shaquille-harrison,,,3,1:59,0,0,0,0,2,0,0,0,0,0,0,0,2020-21,Playoffs
0042000233,1610612743,Denver,Nuggets,DEN,nuggets,1630192,Zeke,Nnaji,Z. Nnaji,zeke-nnaji,,,22,1:24,0,0,0,0,2,0,0,0,0,0,0,0,2020-21,Playoffs
0042000233,1610612743,Denver,Nuggets,DEN,nuggets,1630210,Markus,Howard,M. Howard,markus-howard,,,00,1:24,0,0,0,0,2,0,0,0,0,0,0,0,2020-21,Playoffs
0042000233,1610612743,Denver,Nuggets,DEN,nuggets,1628427,Vlatko,Čančar,V. Čančar,vlatko-čančar,,,31,1:24,0,0,0,0,2,0,0,0,0,0,0,0,2020-21,Playoffs
0042000233,1610612743,Denver,Nuggets,DEN,nuggets,1629626,Bol,Bol,B. Bol,bol-bol,,,10,1:24,0,0,0,0,2,0,0,0,0,0,0,0,2020-21,Playoffs
0042000233,1610612743,Denver,Nuggets,DEN,nuggets,201580,JaVale,McGee,J. McGee,javale-mcgee,,DNP - Coach's Decision,34,,0,0,0,0,0,0,0,0,0,0,0,0,2020-21,Playoffs
0042000234,1610612756,Phoenix,Suns,PHX,suns,1628969,Mikal,Bridges,M. Bridges,mikal-bridges,F,,25,36:28,2,2,6,10,21,7,18,46,1,0,2,1,2020-21,Playoffs
0042000234,1610612756,Phoenix,Suns,PHX,suns,203109,Jae,Crowder,J. Crowder,jae-crowder,F,,99,38:32,0,0,0,0,18,11,18,46,4,0,1,1,2020-21,Playoffs
0042000234,1610612756,Phoenix,Suns,PHX,suns,1629028,Deandre,Ayton,D. Ayton,deandre-ayton,C,,22,33:56,4,4,0,12,21,7,18,38,1,0,4,1,2020-21,Playoffs
0042000234,1610612756,Phoenix,Suns,PHX,suns,1626164,Devin,Booker,D. Booker,devin-booker,G,,1,41:53,5,2,2,16,21,13,18,50,0,0,3,8,2020-21,Playoffs
0042000234,1610612756,Phoenix,Suns,PHX,suns,101108,Chris,Paul,C. Paul,chris-paul,G,,3,39:31,2,0,2,8,19,7,20,48,0,0,2,8,2020-21,Playoffs
0042000234,1610612756,Phoenix,Suns,PHX,suns,1629661,Cameron,Johnson,C. Johnson,cameron-johnson,,,23,12:59,0,0,0,0,0,6,2,10,0,0,1,2,2020-21,Playoffs
0042000234,1610612756,Phoenix,Suns,PHX,suns,1626166,Cameron,Payne,C. Payne,cameron-payne,,,15,13:09,0,0,0,2,2,6,2,8,0,1,2,2,2020-21,Playoffs
0042000234,1610612756,Phoenix,Suns,PHX,suns,1628470,Torrey,Craig,T. Craig,torrey-craig,,,12,9:54,0,0,0,0,3,2,2,10,0,1,4,0,2020-21,Playoffs
0042000234,1610612756,Phoenix,Suns,PHX,suns,203967,Dario,Saric,D. Saric,dario-saric,,,20,13:38,0,0,0,0,0,6,2,14,0,1,2,1,2020-21,Playoffs
0042000234,1610612756,Phoenix,Suns,PHX,suns,1630234,Ty-Shon,Alexander,T. Alexander,ty-shon-alexander,,DNP - Coach's Decision,0,,0,0,0,0,0,0,0,0,0,0,0,0,2020-21,Playoffs
0042000234,1610612756,Phoenix,Suns,PHX,suns,1628975,Jevon,Carter,J. Carter,jevon-carter,,DNP - Coach's Decision,4,,0,0,0,0,0,0,0,0,0,0,0,0,2020-21,Playoffs
0042000234,1610612756,Phoenix,Suns,PHX,suns,204038,Langston,Galloway,L. Galloway,langston-galloway,,DNP - Coach's Decision,2,,0,0,0,0,0,0,0,0,0,0,0,0,2020-21,Playoffs
0042000234,1610612756,Phoenix,Suns,PHX,suns,1626163,Frank,Kaminsky,F. Kaminsky,frank-kaminsky,,DNP - Coach's Decision,8,,0,0,0,0,0,0,0,0,0,0,0,0,2020-21,Playoffs
0042000234,1610612756,Phoenix,Suns,PHX,suns,202734,E'Twaun,Moore,E. Moore,etwaun-moore,,DNP - Coach's Decision,55,,0,0,0,0,0,0,0,0,0,0,0,0,2020-21,Playoffs
0042000234,1610612756,Phoenix,Suns,PHX,suns,1630188,Jalen,Smith,J. Smith,jalen-smith,,DNP - Coach's Decision,10,,0,0,0,0,0,0,0,0,0,0,0,0,2020-21,Playoffs
0042000234,1610612743,Denver,Nuggets,DEN,nuggets,1629008,Michael,Porter Jr.,M. Porter Jr.,michael-porter-jr,F,,1,36:17,6,2,9,6,13,4,10,30,1,1,2,2,2020-21,Playoffs
0042000234,1610612743,Denver,Nuggets,DEN,nuggets,203932,Aaron,Gordon,A. Gordon,aaron-gordon,F,,50,32:39,2,0,6,6,13,8,10,44,0,2,3,2,2020-21,Playoffs
0042000234,1610612743,Denver,Nuggets,DEN,nuggets,203999,Nikola,Jokić,N. Jokić,nikola-jokić,C,,15,28:17,2,4,0,14,9,2,6,26,1,2,2,6,2020-21,Playoffs
0042000234,1610612743,Denver,Nuggets,DEN,nuggets,203115,Will,Barton,W. Barton,will-barton,G,,5,39:20,8,0,5,12,13,6,10,38,0,1,3,3,2020-21,Playoffs
0042000234,1610612743,Denver,Nuggets,DEN,nuggets,1628420,Monte,Morris,M. Morris,monte-morris,G,,11,34:39,2,2,0,8,13,8,8,42,0,0,2,1,2020-21,Playoffs
0042000234,1610612743,Denver,Nuggets,DEN,nuggets,203085,Austin,Rivers,A. Rivers,austin-rivers,,,25,20:51,0,2,0,2,0,2,0,18,0,0,5,0,2020-21,Playoffs
0042000234,1610612743,Denver,Nuggets,DEN,nuggets,1630267,Facundo,Campazzo,F. Campazzo,facundo-campazzo,,,7,21:37,0,0,0,2,0,4,2,20,0,0,5,3,2020-21,Playoffs
0042000234,1610612743,Denver,Nuggets,DEN,nuggets,203210,JaMychal,Green,J. Green,jamychal-green,,,0,6:08,0,0,0,0,0,0,0,0,0,0,0,0,2020-21,Playoffs
0042000234,1610612743,Denver,Nuggets,DEN,nuggets,201580,JaVale,McGee,J. McGee,javale-mcgee,,,34,19:40,1,3,0,4,4,6,4,22,1,0,2,4,2020-21,Playoffs
0042000234,1610612743,Denver,Nuggets,DEN,nuggets,1627885,Shaquille,Harrison,S. Harrison,shaquille-harrison,,,3,0:32,0,0,0,0,0,0,0,0,0,0,0,0,2020-21,Playoffs
0042000234,1610612743,Denver,Nuggets,DEN,nuggets,1629626,Bol,Bol,B. Bol,bol-bol,,DNP - Coach's Decision,10,,0,0,0,0,0,0,0,0,0,0,0,0,2020-21,Playoffs
0042000234,1610612743,Denver,Nuggets,DEN,nuggets,1630210,Markus,Howard,M. Howard,markus-howard,,DNP - Coach's Decision,00,,0,0,0,0,0,0,0,0,0,0,0,0,2020-21,Playoffs
0042000234,1610612743,Denver,Nuggets,DEN,nuggets,200794,Paul,Millsap,P. Millsap,paul-millsap,,DNP - Coach's Decision,4,,0,0,0,0,0,0,0,0,0,0,0,0,2020-21,Playoffs
0042000234,1610612743,Denver,Nuggets,DEN,nuggets,1630192,Zeke,Nnaji,Z. Nnaji,zeke-nnaji,,DNP - Coach's Decision,22,,0,0,0,0,0,0,0,0,0,0,0,0,2020-21,Playoffs
0042000234,1610612743,Denver,Nuggets,DEN,nuggets,1628427,Vlatko,Čančar,V. Čančar,vlatko-čančar,,DNP - Coach's Decision,31,,0,0,0,0,0,0,0,0,0,0,0,0,2020-21,Playoffs
0042000301,1610612737,Atlanta,Hawks,ATL,hawks,1628989,Kevin,Huerter,K. Huerter,kevin-huerter,F,,3,36:26,0,0,0,4,10,13,12,56,0,0,3,1,2020-21,Playoffs
0042000301,1610612737,Atlanta,Hawks,ATL,hawks,1628381,John,Collins,J. Collins,john-collins,F,,20,36:57,2,9,4,16,10,12,12,52,0,0,3,0,2020-21,Playoffs
0042000301,1610612737,Atlanta,Hawks,ATL,hawks,203991,Clint,Capela,C. Capela,clint-capela,C,,15,37:30,2,2,4,12,10,11,15,50,1,2,1,1,2020-21,Playoffs
0042000301,1610612737,Atlanta,Hawks,ATL,hawks,203992,Bogdan,Bogdanović,B. Bogdanović,bogdan-bogdanović,G,,13,27:27,0,0,0,2,4,6,11,34,0,1,2,2,2020-21,Playoffs
0042000301,1610612737,Atlanta,Hawks,ATL,hawks,1629027,Trae,Young,T. Young,trae-young,G,,11,41:05,0,4,2,16,10,12,12,60,0,1,3,9,2020-21,Playoffs
0042000301,1610612737,Atlanta,Hawks,ATL,hawks,203524,Solomon,Hill,S. Hill,solomon-hill,,,18,20:20,0,2,0,4,0,5,3,28,0,0,2,0,2020-21,Playoffs
0042000301,1610612737,Atlanta,Hawks,ATL,hawks,201568,Danilo,Gallinari,D. Gallinari,danilo-gallinari,,,8,25:26,0,0,0,0,6,14,7,42,0,0,2,1,2020-21,Playoffs
0042000301,1610612737,Atlanta,Hawks,ATL,hawks,101150,Lou,Williams,L. Williams,lou-williams,,,6,12:11,0,0,0,0,0,7,3,20,0,0,1,0,2020-21,Playoffs
0042000301,1610612737,Atlanta,Hawks,ATL,hawks,1630168,Onyeka,Okongwu,O. Okongwu,onyeka-okongwu,,,17,2:38,0,0,0,0,0,0,0,8,1,0,0,0,2020-21,Playoffs
0042000301,1610612737,Atlanta,Hawks,ATL,hawks,1627739,Kris,Dunn,K. Dunn,kris-dunn,,DNP - Coach's Decision,32,,0,0,0,0,0,0,0,0,0,0,0,0,2020-21,Playoffs
0042000301,1610612737,Atlanta,Hawks,ATL,hawks,1628981,Bruno,Fernando,B. Fernando,bruno-fernando,,DNP - Coach's Decision,24,,0,0,0,0,0,0,0,0,0,0,0,0,2020-21,Playoffs
0042000301,1610612737,Atlanta,Hawks,ATL,hawks,1630233,Nathan,Knight,N. Knight,nathan-knight,,DNP - Coach's Decision,1,,0,0,0,0,0,0,0,0,0,0,0,0,2020-21,Playoffs
0042000301,1610612737,Atlanta,Hawks,ATL,hawks,1630219,Skylar,Mays,S. Mays,skylar-mays,,DNP - Coach's Decision,4,,0,0,0,0,0,0,0,0,0,0,0,0,2020-21,Playoffs
0042000301,1610612737,Atlanta,Hawks,ATL,hawks,1629629,Cam,Reddish,C. Reddish,cam-reddish,,DNP - Coach's Decision,22,,0,0,0,0,0,0,0,0,0,0,0,0,2020-21,Playoffs
0042000301,1610612737,Atlanta,Hawks,ATL,hawks,203503,Tony,Snell,T. Snell,tony-snell,,DNP - Coach's Decision,19,,0,0,0,0,0,0,0,0,0,0,0,0,2020-21,Playoffs
0042000301,1610612749,Milwaukee,Bucks,MIL,bucks,200782,P.J.,Tucker,P. Tucker,pj-tucker,F,,17,34:55,2,0,0,4,4,15,8,40,0,0,3,0,2020-21,Playoffs
0042000301,1610612749,Milwaukee,Bucks,MIL,bucks,203507,Giannis,Antetokounmpo,G. Antetokounmpo,giannis-antetokounmpo,F,,34,41:01,2,2,10,28,4,13,8,44,2,1,4,10,2020-21,Playoffs
0042000301,1610612749,Milwaukee,Bucks,MIL,bucks,201572,Brook,Lopez,B. Lopez,brook-lopez,C,,11,20:15,2,2,0,4,2,6,6,34,1,0,0,0,2020-21,Playoffs
0042000301,1610612749,Milwaukee,Bucks,MIL,bucks,203114,Khris,Middleton,K. Middleton,khris-middleton,G,,22,40:34,2,0,0,10,4,15,10,48,0,1,2,4,2020-21,Playoffs
0042000301,1610612749,Milwaukee,Bucks,MIL,bucks,201950,Jrue,Holiday,J. Holiday,jrue-holiday,G,,21,41:46,2,6,2,12,4,15,8,48,1,0,3,1,2020-21,Playoffs
0042000301,1610612749,Milwaukee,Bucks,MIL,bucks,1626192,Pat,Connaughton,P. Connaughton,pat-connaughton,,,24,28:44,0,2,0,2,2,15,6,28,0,0,1,1,2020-21,Playoffs
0042000301,1610612749,Milwaukee,Bucks,MIL,bucks,1626171,Bobby,Portis,B. Portis,bobby-portis,,,9,14:42,0,4,0,8,0,4,2,14,0,0,1,0,2020-21,Playoffs
0042000301,1610612749,Milwaukee,Bucks,MIL,bucks,1627854,Bryn,Forbes,B. Forbes,bryn-forbes,,,7,12:21,0,0,3,2,0,2,2,10,0,0,0,1,2020-21,Playoffs
0042000301,1610612749,Milwaukee,Bucks,MIL,bucks,201952,Jeff,Teague,J. Teague,jeff-teague,,,5,5:42,0,0,0,0,0,0,0,4,0,0,0,0,2020-21,Playoffs
0042000301,1610612749,Milwaukee,Bucks,MIL,bucks,203648,Thanasis,Antetokounmpo,T. Antetokounmpo,thanasis-antetokounmpo,,DNP - Coach's Decision,43,,0,0,0,0,0,0,0,0,0,0,0,0,2020-21,Playoffs
0042000301,1610612749,Milwaukee,Bucks,MIL,bucks,1629091,Elijah,Bryant,E. Bryant,elijah-bryant,,DNP - Coach's Decision,3,,0,0,0,0,0,0,0,0,0,0,0,0,2020-21,Playoffs
0042000301,1610612749,Milwaukee,Bucks,MIL,bucks,1629603,Mamadi,Diakite,M. Diakite,mamadi-diakite,,DNP - Coach's Decision,25,,0,0,0,0,0,0,0,0,0,0,0,0,2020-21,Playoffs
0042000301,1610612749,Milwaukee,Bucks,MIL,bucks,1630241,Sam,Merrill,S. Merrill,sam-merrill,,DNP - Coach's Decision,15,,0,0,0,0,0,0,0,0,0,0,0,0,2020-21,Playoffs
0042000301,1610612749,Milwaukee,Bucks,MIL,bucks,1629670,Jordan,Nwora,J. Nwora,jordan-nwora,,DNP - Coach's Decision,13,,0,0,0,0,0,0,0,0,0,0,0,0,2020-21,Playoffs
0042000301,1610612749,Milwaukee,Bucks,MIL,bucks,1626253,Axel,Toupane,A. Toupane,axel-toupane,,DNP - Coach's Decision,66,,0,0,0,0,0,0,0,0,0,0,0,0,2020-21,Playoffs
0042000302,1610612737,Atlanta,Hawks,ATL,hawks,1628989,Kevin,Huerter,K. Huerter,kevin-huerter,F,,3,30:21,5,0,0,2,12,9,18,38,1,0,2,0,2020-21,Playoffs
0042000302,1610612737,Atlanta,Hawks,ATL,hawks,1628381,John,Collins,J. Collins,john-collins,F,,20,24:02,0,2,0,4,21,12,20,34,0,1,4,0,2020-21,Playoffs
0042000302,1610612737,Atlanta,Hawks,ATL,hawks,203991,Clint,Capela,C. Capela,clint-capela,C,,15,24:43,0,2,0,2,12,9,13,34,0,0,2,3,2020-21,Playoffs
0042000302,1610612737,Atlanta,Hawks,ATL,hawks,203992,Bogdan,Bogdanović,B. Bogdanović,bogdan-bogdanović,G,,13,18:11,2,3,5,2,16,6,15,32,0,0,3,0,2020-21,Playoffs
0042000302,1610612737,Atlanta,Hawks,ATL,hawks,1629027,Trae,Young,T. Young,trae-young,G,,11,28:15,5,0,0,4,21,14,20,38,0,1,0,1,2020-21,Playoffs
0042000302,1610612737,Atlanta,Hawks,ATL,hawks,203524,Solomon,Hill,S. Hill,solomon-hill,,,18,17:40,0,0,0,0,9,8,5,14,0,0,1,3,2020-21,Playoffs
0042000302,1610612737,Atlanta,Hawks,ATL,hawks,101150,Lou,Williams,L. Williams,lou-williams,,,6,12:45,2,0,0,0,8,5,5,16,0,0,0,2,2020-21,Playoffs
0042000302,1610612737,Atlanta,Hawks,ATL,hawks,201568,Danilo,Gallinari,D. Gallinari,danilo-gallinari,,,8,15:41,0,0,3,2,17,5,12,24,0,0,4,2,2020-21,Playoffs
0042000302,1610612737,Atlanta,Hawks,ATL,hawks,1630168,Onyeka,Okongwu,O. Okongwu,onyeka-okongwu,,,17,13:27,0,2,0,2,2,5,5,10,0,0,1,4,2020-21,Playoffs
0042000302,1610612737,Atlanta,Hawks,ATL,hawks,1629629,Cam,Reddish,C. Reddish,cam-reddish,,,22,17:03,4,2,0,4,7,10,14,24,0,1,2,1,2020-21,Playoffs
0042000302,1610612737,Atlanta,Hawks,ATL,hawks,1630233,Nathan,Knight,N. Knight,nathan-knight,,,1,4:12,0,0,0,0,0,3,0,2,2,0,1,0,2020-21,Playoffs
0042000302,1610612737,Atlanta,Hawks,ATL,hawks,1627739,Kris,Dunn,K. Dunn,kris-dunn,,,32,10:53,0,0,0,2,0,10,2,12,1,0,1,3,2020-21,Playoffs
0042000302,1610612737,Atlanta,Hawks,ATL,hawks,203503,Tony,Snell,T. Snell,tony-snell,,,19,9:25,2,0,0,2,0,10,2,12,0,0,1,0,2020-21,Playoffs
0042000302,1610612737,Atlanta,Hawks,ATL,hawks,1628981,Bruno,Fernando,B. Fernando,bruno-fernando,,,24,6:41,0,0,2,2,0,7,2,10,0,0,0,1,2020-21,Playoffs
0042000302,1610612737,Atlanta,Hawks,ATL,hawks,1630219,Skylar,Mays,S. Mays,skylar-mays,,,4,6:41,2,0,2,2,0,7,2,10,0,0,0,0,2020-21,Playoffs
0042000302,1610612749,Milwaukee,Bucks,MIL,bucks,200782,P.J.,Tucker,P. Tucker,pj-tucker,F,,17,26:09,0,0,0,0,10,7,3,10,0,0,2,3,2020-21,Playoffs
0042000302,1610612749,Milwaukee,Bucks,MIL,bucks,203507,Giannis,Antetokounmpo,G. Antetokounmpo,giannis-antetokounmpo,F,,34,29:06,3,6,6,22,9,7,8,18,0,0,0,4,2020-21,Playoffs
0042000302,1610612749,Milwaukee,Bucks,MIL,bucks,201572,Brook,Lopez,B. Lopez,brook-lopez,C,,11,23:02,8,0,3,4,10,4,3,10,1,0,0,1,2020-21,Playoffs
0042000302,1610612749,Milwaukee,Bucks,MIL,bucks,203114,Khris,Middleton,K. Middleton,khris-middleton,G,,22,28:01,5,5,2,6,4,5,5,10,0,0,3,3,2020-21,Playoffs
0042000302,1610612749,Milwaukee,Bucks,MIL,bucks,201950,Jrue,Holiday,J. Holiday,jrue-holiday,G,,21,32:03,4,0,11,10,12,4,6,14,1,1,2,5,2020-21,Playoffs
0042000302,1610612749,Milwaukee,Bucks,MIL,bucks,1626192,Pat,Connaughton,P. Connaughton,pat-connaughton,,,24,13:15,0,0,0,0,9,2,5,12,0,0,5,1,2020-21,Playoffs
0042000302,1610612749,Milwaukee,Bucks,MIL,bucks,1627854,Bryn,Forbes,B. Forbes,bryn-forbes,,,7,12:45,3,3,3,2,7,3,5,8,0,0,2,0,2020-21,Playoffs
0042000302,1610612749,Milwaukee,Bucks,MIL,bucks,1626171,Bobby,Portis,B. Portis,bobby-portis,,,9,17:53,2,0,0,4,9,7,5,8,1,0,0,2,2020-21,Playoffs
0042000302,1610612749,Milwaukee,Bucks,MIL,bucks,203648,Thanasis,Antetokounmpo,T. Antetokounmpo,thanasis-antetokounmpo,,,43,9:57,0,2,0,2,6,4,4,8,0,1,2,1,2020-21,Playoffs
0042000302,1610612749,Milwaukee,Bucks,MIL,bucks,201952,Jeff,Teague,J. Teague,jeff-teague,,,5,7:49,0,0,2,4,2,4,2,6,0,0,1,1,2020-21,Playoffs
0042000302,1610612749,Milwaukee,Bucks,MIL,bucks,1629670,Jordan,Nwora,J. Nwora,jordan-nwora,,,13,12:00,0,1,0,2,8,4,4,12,0,1,0,1,2020-21,Playoffs
0042000302,1610612749,Milwaukee,Bucks,MIL,bucks,1629091,Elijah,Bryant,E. Bryant,elijah-bryant,,,3,10:53,0,2,0,2,8,4,4,12,0,1,1,0,2020-21,Playoffs
0042000302,1610612749,Milwaukee,Bucks,MIL,bucks,1629603,Mamadi,Diakite,M. Diakite,mamadi-diakite,,,25,9:25,0,3,0,2,6,0,4,12,0,0,1,0,2020-21,Playoffs
0042000302,1610612749,Milwaukee,Bucks,MIL,bucks,1630241,Sam,Merrill,S. Merrill,sam-merrill,,,15,4:18,0,2,0,2,6,0,2,6,0,0,1,0,2020-21,Playoffs
0042000302,1610612749,Milwaukee,Bucks,MIL,bucks,1628382,Justin,Jackson,J. Jackson,justin-jackson,,,44,3:24,0,0,0,0,4,0,0,4,0,0,0,0,2020-21,Playoffs
0042000303,1610612749,Milwaukee,Bucks,MIL,bucks,200782,P.J.,Tucker,P. Tucker,pj-tucker,F,,17,33:42,0,0,0,0,9,13,7,28,0,0,2,1,2020-21,Playoffs
0042000303,1610612749,Milwaukee,Bucks,MIL,bucks,203507,Giannis,Antetokounmpo,G. Antetokounmpo,giannis-antetokounmpo,F,,34,40:49,4,6,2,22,16,10,7,32,1,2,4,10,2020-21,Playoffs
0042000303,1610612749,Milwaukee,Bucks,MIL,bucks,201572,Brook,Lopez,B. Lopez,brook-lopez,C,,11,24:47,0,2,0,8,11,6,7,20,1,0,2,2,2020-21,Playoffs
0042000303,1610612749,Milwaukee,Bucks,MIL,bucks,203114,Khris,Middleton,K. Middleton,khris-middleton,G,,22,42:28,0,5,0,10,10,7,7,34,0,1,4,5,2020-21,Playoffs
0042000303,1610612749,Milwaukee,Bucks,MIL,bucks,201950,Jrue,Holiday,J. Holiday,jrue-holiday,G,,21,41:45,0,0,3,4,14,13,7,32,2,2,1,3,2020-21,Playoffs
0042000303,1610612749,Milwaukee,Bucks,MIL,bucks,1626171,Bobby,Portis,B. Portis,bobby-portis,,,9,16:31,4,5,4,10,3,8,0,4,0,1,4,1,2020-21,Playoffs
0042000303,1610612749,Milwaukee,Bucks,MIL,bucks,1626192,Pat,Connaughton,P. Connaughton,pat-connaughton,,,24,32:07,2,0,2,2,12,8,0,18,1,0,1,0,2020-21,Playoffs
0042000303,1610612749,Milwaukee,Bucks,MIL,bucks,1627854,Bryn,Forbes,B. Forbes,bryn-forbes,,,7,7:07,0,0,0,0,5,0,0,2,0,1,0,0,2020-21,Playoffs
0042000303,1610612749,Milwaukee,Bucks,MIL,bucks,203648,Thanasis,Antetokounmpo,T. Antetokounmpo,thanasis-antetokounmpo,,,43,0:22,0,0,0,0,0,0,0,0,0,0,0,0,2020-21,Playoffs
0042000303,1610612749,Milwaukee,Bucks,MIL,bucks,201952,Jeff,Teague,J. Teague,jeff-teague,,,5,0:22,0,0,0,0,0,0,0,0,0,0,0,0,2020-21,Playoffs
0042000303,1610612749,Milwaukee,Bucks,MIL,bucks,1629091,Elijah,Bryant,E. Bryant,elijah-bryant,,DNP - Coach's Decision,3,,0,0,0,0,0,0,0,0,0,0,0,0,2020-21,Playoffs
0042000303,1610612749,Milwaukee,Bucks,MIL,bucks,1629603,Mamadi,Diakite,M. Diakite,mamadi-diakite,,DNP - Coach's Decision,25,,0,0,0,0,0,0,0,0,0,0,0,0,2020-21,Playoffs
0042000303,1610612749,Milwaukee,Bucks,MIL,bucks,1628382,Justin,Jackson,J. Jackson,justin-jackson,,DNP - Coach's Decision,44,,0,0,0,0,0,0,0,0,0,0,0,0,2020-21,Playoffs
0042000303,1610612749,Milwaukee,Bucks,MIL,bucks,1630241,Sam,Merrill,S. Merrill,sam-merrill,,DNP - Coach's Decision,15,,0,0,0,0,0,0,0,0,0,0,0,0,2020-21,Playoffs
0042000303,1610612749,Milwaukee,Bucks,MIL,bucks,1629670,Jordan,Nwora,J. Nwora,jordan-nwora,,DNP - Coach's Decision,13,,0,0,0,0,0,0,0,0,0,0,0,0,2020-21,Playoffs
0042000303,1610612737,Atlanta,Hawks,ATL,hawks,1628989,Kevin,Huerter,K. Huerter,kevin-huerter,F,,3,36:36,3,3,3,0,5,12,7,34,3,0,3,0,2020-21,Playoffs
0042000303,1610612737,Atlanta,Hawks,ATL,hawks,1628381,John,Collins,J. Collins,john-collins,F,,20,23:11,0,2,0,6,3,6,4,32,0,0,5,2,2020-21,Playoffs
0042000303,1610612737,Atlanta,Hawks,ATL,hawks,203991,Clint,Capela,C. Capela,clint-capela,C,,15,27:30,4,2,4,8,5,10,5,28,1,1,3,2,2020-21,Playoffs
0042000303,1610612737,Atlanta,Hawks,ATL,hawks,203992,Bogdan,Bogdanović,B. Bogdanović,bogdan-bogdanović,G,,13,35:24,0,0,0,2,5,11,9,42,1,3,1,0,2020-21,Playoffs
0042000303,1610612737,Atlanta,Hawks,ATL,hawks,1629027,Trae,Young,T. Young,trae-young,G,,11,39:21,0,6,0,8,8,13,6,52,0,1,1,8,2020-21,Playoffs
0042000303,1610612737,Atlanta,Hawks,ATL,hawks,201568,Danilo,Gallinari,D. Gallinari,danilo-gallinari,,,8,35:57,5,0,0,6,8,16,7,44,0,0,2,4,2020-21,Playoffs
0042000303,1610612737,Atlanta,Hawks,ATL,hawks,203524,Solomon,Hill,S. Hill,solomon-hill,,,18,15:06,0,0,0,0,5,7,2,20,0,0,3,1,2020-21,Playoffs
0042000303,1610612737,Atlanta,Hawks,ATL,hawks,101150,Lou,Williams,L. Williams,lou-williams,,,6,17:55,0,0,0,0,7,11,9,20,1,0,1,1,2020-21,Playoffs
0042000303,1610612737,Atlanta,Hawks,ATL,hawks,1630168,Onyeka,Okongwu,O. Okongwu,onyeka-okongwu,,,17,9:00,4,0,0,4,4,4,6,8,1,0,3,0,2020-21,Playoffs
0042000303,1610612737,Atlanta,Hawks,ATL,hawks,1627739,Kris,Dunn,K. Dunn,kris-dunn,,DNP - Coach's Decision,32,,0,0,0,0,0,0,0,0,0,0,0,0,2020-21,Playoffs
0042000303,1610612737,Atlanta,Hawks,ATL,hawks,1628981,Bruno,Fernando,B. Fernando,bruno-fernando,,DNP - Coach's Decision,24,,0,0,0,0,0,0,0,0,0,0,0,0,2020-21,Playoffs
0042000303,1610612737,Atlanta,Hawks,ATL,hawks,1630233,Nathan,Knight,N. Knight,nathan-knight,,DNP - Coach's Decision,1,,0,0,0,0,0,0,0,0,0,0,0,0,2020-21,Playoffs
0042000303,1610612737,Atlanta,Hawks,ATL,hawks,1630219,Skylar,Mays,S. Mays,skylar-mays,,DNP - Coach's Decision,4,,0,0,0,0,0,0,0,0,0,0,0,0,2020-21,Playoffs
0042000303,1610612737,Atlanta,Hawks,ATL,hawks,1629629,Cam,Reddish,C. Reddish,cam-reddish,,DNP - Coach's Decision,22,,0,0,0,0,0,0,0,0,0,0,0,0,2020-21,Playoffs
0042000303,1610612737,Atlanta,Hawks,ATL,hawks,203503,Tony,Snell,T. Snell,tony-snell,,DNP - Coach's Decision,19,,0,0,0,0,0,0,0,0,0,0,0,0,2020-21,Playoffs
0042000304,1610612749,Milwaukee,Bucks,MIL,bucks,200782,P.J.,Tucker,P. Tucker,pj-tucker,F,,17,27:12,0,5,0,2,14,10,7,20,0,1,2,3,2020-21,Playoffs
0042000304,1610612749,Milwaukee,Bucks,MIL,bucks,203507,Giannis,Antetokounmpo,G. Antetokounmpo,giannis-antetokounmpo,F,,34,24:04,0,4,0,14,10,5,5,18,1,0,2,2,2020-21,Playoffs
0042000304,1610612749,Milwaukee,Bucks,MIL,bucks,201572,Brook,Lopez,B. Lopez,brook-lopez,C,,11,28:52,0,0,2,4,10,8,8,28,1,0,4,1,2020-21,Playoffs
0042000304,1610612749,Milwaukee,Bucks,MIL,bucks,203114,Khris,Middleton,K. Middleton,khris-middleton,G,,22,36:13,2,0,2,6,14,10,10,26,0,1,2,3,2020-21,Playoffs
0042000304,1610612749,Milwaukee,Bucks,MIL,bucks,201950,Jrue,Holiday,J. Holiday,jrue-holiday,G,,21,38:15,0,1,0,8,14,12,8,38,0,1,2,7,2020-21,Playoffs
0042000304,1610612749,Milwaukee,Bucks,MIL,bucks,1626171,Bobby,Portis,B. Portis,bobby-portis,,,9,20:38,0,4,0,4,2,4,5,18,0,0,2,1,2020-21,Playoffs
0042000304,1610612749,Milwaukee,Bucks,MIL,bucks,1626192,Pat,Connaughton,P. Connaughton,pat-connaughton,,,24,26:24,0,0,0,2,6,9,7,32,1,0,2,2,2020-21,Playoffs
0042000304,1610612749,Milwaukee,Bucks,MIL,bucks,1627854,Bryn,Forbes,B. Forbes,bryn-forbes,,,7,14:23,0,3,0,0,0,2,0,18,0,0,1,0,2020-21,Playoffs
0042000304,1610612749,Milwaukee,Bucks,MIL,bucks,201952,Jeff,Teague,J. Teague,jeff-teague,,,5,2:24,0,0,0,0,0,0,0,2,0,0,0,0,2020-21,Playoffs
0042000304,1610612749,Milwaukee,Bucks,MIL,bucks,1629603,Mamadi,Diakite,M. Diakite,mamadi-diakite,,,25,4:19,0,0,0,0,2,0,4,6,0,1,1,0,2020-21,Playoffs
0042000304,1610612749,Milwaukee,Bucks,MIL,bucks,1630241,Sam,Merrill,S. Merrill,sam-merrill,,,15,4:19,0,0,0,0,2,0,4,6,0,0,0,0,2020-21,Playoffs
0042000304,1610612749,Milwaukee,Bucks,MIL,bucks,1629670,Jordan,Nwora,J. Nwora,jordan-nwora,,,13,4:19,2,0,3,0,2,0,4,6,0,0,0,3,2020-21,Playoffs
0042000304,1610612749,Milwaukee,Bucks,MIL,bucks,1629091,Elijah,Bryant,E. Bryant,elijah-bryant,,,3,4:19,0,0,0,2,2,0,4,6,0,0,0,0,2020-21,Playoffs
0042000304,1610612749,Milwaukee,Bucks,MIL,bucks,203648,Thanasis,Antetokounmpo,T. Antetokounmpo,thanasis-antetokounmpo,,,43,4:19,0,0,2,2,2,0,4,6,0,0,0,0,2020-21,Playoffs
0042000304,1610612749,Milwaukee,Bucks,MIL,bucks,1628382,Justin,Jackson,J. Jackson,justin-jackson,,DNP - Coach's Decision,44,,0,0,0,0,0,0,0,0,0,0,0,0,2020-21,Playoffs
0042000304,1610612737,Atlanta,Hawks,ATL,hawks,1628989,Kevin,Huerter,K. Huerter,kevin-huerter,F,,3,36:02,0,2,3,8,0,14,2,32,0,0,1,1,2020-21,Playoffs
0042000304,1610612737,Atlanta,Hawks,ATL,hawks,1628381,John,Collins,J. Collins,john-collins,F,,20,29:45,2,2,0,2,2,6,4,28,1,0,3,4,2020-21,Playoffs
0042000304,1610612737,Atlanta,Hawks,ATL,hawks,203991,Clint,Capela,C. Capela,clint-capela,C,,15,27:51,4,1,0,10,2,8,2,28,0,1,2,4,2020-21,Playoffs
0042000304,1610612737,Atlanta,Hawks,ATL,hawks,203992,Bogdan,Bogdanović,B. Bogdanović,bogdan-bogdanović,G,,13,33:21,0,3,3,2,2,12,4,32,0,1,4,0,2020-21,Playoffs
0042000304,1610612737,Atlanta,Hawks,ATL,hawks,101150,Lou,Williams,L. Williams,lou-williams,G,,6,35:00,6,2,2,6,0,11,4,40,0,0,2,4,2020-21,Playoffs
0042000304,1610612737,Atlanta,Hawks,ATL,hawks,1627739,Kris,Dunn,K. Dunn,kris-dunn,,,32,10:57,0,0,0,0,4,6,5,4,1,1,1,0,2020-21,Playoffs
0042000304,1610612737,Atlanta,Hawks,ATL,hawks,1629629,Cam,Reddish,C. Reddish,cam-reddish,,,22,23:20,2,0,2,4,4,8,4,20,1,0,4,0,2020-21,Playoffs
0042000304,1610612737,Atlanta,Hawks,ATL,hawks,201568,Danilo,Gallinari,D. Gallinari,danilo-gallinari,,,8,19:05,0,0,0,2,0,11,2,18,0,0,2,2,2020-21,Playoffs
0042000304,1610612737,Atlanta,Hawks,ATL,hawks,1630168,Onyeka,Okongwu,O. Okongwu,onyeka-okongwu,,,17,14:51,0,2,0,6,2,9,3,10,1,0,2,3,2020-21,Playoffs
0042000304,1610612737,Atlanta,Hawks,ATL,hawks,1630233,Nathan,Knight,N. Knight,nathan-knight,,,1,3:28,2,0,2,2,2,0,5,2,0,0,0,0,2020-21,Playoffs
0042000304,1610612737,Atlanta,Hawks,ATL,hawks,1630219,Skylar,Mays,S. Mays,skylar-mays,,,4,3:22,0,0,2,4,2,0,5,2,0,0,1,0,2020-21,Playoffs
0042000304,1610612737,Atlanta,Hawks,ATL,hawks,203503,Tony,Snell,T. Snell,tony-snell,,,19,1:58,0,0,0,0,0,0,3,2,0,0,0,0,2020-21,Playoffs
0042000304,1610612737,Atlanta,Hawks,ATL,hawks,1628981,Bruno,Fernando,B. Fernando,bruno-fernando,,,24,1:00,0,0,0,0,0,0,2,2,0,0,0,0,2020-21,Playoffs
0042000304,1610612737,Atlanta,Hawks,ATL,hawks,203524,Solomon,Hill,S. Hill,solomon-hill,,DNP - Coach's Decision,18,,0,0,0,0,0,0,0,0,0,0,0,0,2020-21,Playoffs
0042000304,1610612737,Atlanta,Hawks,ATL,hawks,1629027,Trae,Young,T. Young,trae-young,,DND - Injury/Illness,11,,0,0,0,0,0,0,0,0,0,0,0,0,2020-21,Playoffs
0042000305,1610612737,Atlanta,Hawks,ATL,hawks,1628989,Kevin,Huerter,K. Huerter,kevin-huerter,F,,3,37:43,3,3,0,2,8,17,13,52,1,1,4,0,2020-21,Playoffs
0042000305,1610612737,Atlanta,Hawks,ATL,hawks,1628381,John,Collins,J. Collins,john-collins,F,,20,34:07,3,5,2,4,10,12,9,46,0,2,3,3,2020-21,Playoffs
0042000305,1610612737,Atlanta,Hawks,ATL,hawks,203991,Clint,Capela,C. Capela,clint-capela,C,,15,21:08,0,2,0,4,3,8,7,30,3,0,2,2,2020-21,Playoffs
0042000305,1610612737,Atlanta,Hawks,ATL,hawks,203992,Bogdan,Bogdanović,B. Bogdanović,bogdan-bogdanović,G,,13,38:47,0,3,0,4,12,14,9,54,0,1,3,2,2020-21,Playoffs
0042000305,1610612737,Atlanta,Hawks,ATL,hawks,101150,Lou,Williams,L. Williams,lou-williams,G,,6,35:12,0,0,3,10,9,12,11,52,0,1,1,0,2020-21,Playoffs
0042000305,1610612737,Atlanta,Hawks,ATL,hawks,201568,Danilo,Gallinari,D. Gallinari,danilo-gallinari,,,8,22:47,0,6,0,2,11,9,6,32,0,0,2,5,2020-21,Playoffs
0042000305,1610612737,Atlanta,Hawks,ATL,hawks,1630168,Onyeka,Okongwu,O. Okongwu,onyeka-okongwu,,,17,15:58,2,2,0,4,4,9,4,24,0,0,1,3,2020-21,Playoffs
0042000305,1610612737,Atlanta,Hawks,ATL,hawks,1629629,Cam,Reddish,C. Reddish,cam-reddish,,,22,22:53,2,0,2,4,11,9,4,30,1,0,3,1,2020-21,Playoffs
0042000305,1610612737,Atlanta,Hawks,ATL,hawks,1627739,Kris,Dunn,K. Dunn,kris-dunn,,,32,7:39,0,0,0,0,2,5,2,10,0,0,3,0,2020-21,Playoffs
0042000305,1610612737,Atlanta,Hawks,ATL,hawks,203524,Solomon,Hill,S. Hill,solomon-hill,,,18,1:07,0,0,0,0,0,0,0,0,0,0,0,0,2020-21,Playoffs
0042000305,1610612737,Atlanta,Hawks,ATL,hawks,1630233,Nathan,Knight,N. Knight,nathan-knight,,,1,0:53,0,0,0,0,0,0,0,0,0,0,0,1,2020-21,Playoffs
0042000305,1610612737,Atlanta,Hawks,ATL,hawks,1630219,Skylar,Mays,S. Mays,skylar-mays,,,4,0:53,0,2,0,2,0,0,0,0,0,0,0,0,2020-21,Playoffs
0042000305,1610612737,Atlanta,Hawks,ATL,hawks,1628981,Bruno,Fernando,B. Fernando,bruno-fernando,,,24,0:53,0,0,0,0,0,0,0,0,0,0,0,0,2020-21,Playoffs
0042000305,1610612737,Atlanta,Hawks,ATL,hawks,203503,Tony,Snell,T. Snell,tony-snell,,DNP - Coach's Decision,19,,0,0,0,0,0,0,0,0,0,0,0,0,2020-21,Playoffs
0042000305,1610612737,Atlanta,Hawks,ATL,hawks,1629027,Trae,Young,T. Young,trae-young,,DNP - Injury/Illness,11,,0,0,0,0,0,0,0,0,0,0,0,0,2020-21,Playoffs
0042000305,1610612749,Milwaukee,Bucks,MIL,bucks,200782,P.J.,Tucker,P. Tucker,pj-tucker,F,,17,37:40,0,2,0,2,8,21,7,26,0,0,3,0,2020-21,Playoffs
0042000305,1610612749,Milwaukee,Bucks,MIL,bucks,1626171,Bobby,Portis,B. Portis,bobby-portis,F,,9,35:42,8,3,4,12,8,14,7,22,0,2,2,3,2020-21,Playoffs
0042000305,1610612749,Milwaukee,Bucks,MIL,bucks,201572,Brook,Lopez,B. Lopez,brook-lopez,C,,11,37:35,0,6,5,26,8,18,2,24,4,0,2,6,2020-21,Playoffs
0042000305,1610612749,Milwaukee,Bucks,MIL,bucks,203114,Khris,Middleton,K. Middleton,khris-middleton,G,,22,44:58,0,6,2,10,10,21,7,32,1,0,2,8,2020-21,Playoffs
0042000305,1610612749,Milwaukee,Bucks,MIL,bucks,201950,Jrue,Holiday,J. Holiday,jrue-holiday,G,,21,41:54,3,0,2,12,8,21,5,30,0,2,1,4,2020-21,Playoffs
0042000305,1610612749,Milwaukee,Bucks,MIL,bucks,1626192,Pat,Connaughton,P. Connaughton,pat-connaughton,,,24,21:08,0,2,0,4,4,9,5,20,0,0,4,1,2020-21,Playoffs
0042000305,1610612749,Milwaukee,Bucks,MIL,bucks,1627854,Bryn,Forbes,B. Forbes,bryn-forbes,,,7,13:34,3,0,0,0,2,7,0,16,0,0,0,0,2020-21,Playoffs
0042000305,1610612749,Milwaukee,Bucks,MIL,bucks,203648,Thanasis,Antetokounmpo,T. Antetokounmpo,thanasis-antetokounmpo,,,43,3:16,0,0,0,0,0,2,0,4,0,0,3,0,2020-21,Playoffs
0042000305,1610612749,Milwaukee,Bucks,MIL,bucks,201952,Jeff,Teague,J. Teague,jeff-teague,,,5,3:34,0,0,0,0,2,0,2,4,0,1,0,0,2020-21,Playoffs
0042000305,1610612749,Milwaukee,Bucks,MIL,bucks,1629091,Elijah,Bryant,E. Bryant,elijah-bryant,,,3,0:39,0,0,0,0,0,2,0,2,0,0,0,0,2020-21,Playoffs
0042000305,1610612749,Milwaukee,Bucks,MIL,bucks,1629603,Mamadi,Diakite,M. Diakite,mamadi-diakite,,DNP - Coach's Decision,25,,0,0,0,0,0,0,0,0,0,0,0,0,2020-21,Playoffs
0042000305,1610612749,Milwaukee,Bucks,MIL,bucks,1628382,Justin,Jackson,J. Jackson,justin-jackson,,DNP - Coach's Decision,44,,0,0,0,0,0,0,0,0,0,0,0,0,2020-21,Playoffs
0042000305,1610612749,Milwaukee,Bucks,MIL,bucks,1630241,Sam,Merrill,S. Merrill,sam-merrill,,DNP - Coach's Decision,15,,0,0,0,0,0,0,0,0,0,0,0,0,2020-21,Playoffs
0042000305,1610612749,Milwaukee,Bucks,MIL,bucks,1629670,Jordan,Nwora,J. Nwora,jordan-nwora,,DNP - Coach's Decision,13,,0,0,0,0,0,0,0,0,0,0,0,0,2020-21,Playoffs
0042000305,1610612749,Milwaukee,Bucks,MIL,bucks,1626253,Axel,Toupane,A. Toupane,axel-toupane,,DNP - Coach's Decision,66,,0,0,0,0,0,0,0,0,0,0,0,0,2020-21,Playoffs
0042000306,1610612749,Milwaukee,Bucks,MIL,bucks,200782,P.J.,Tucker,P. Tucker,pj-tucker,F,,17,32:27,0,0,0,2,15,11,6,30,0,0,2,0,2020-21,Playoffs
0042000306,1610612749,Milwaukee,Bucks,MIL,bucks,1626171,Bobby,Portis,B. Portis,bobby-portis,F,,9,32:25,4,4,4,6,14,15,10,30,0,0,3,3,2020-21,Playoffs
0042000306,1610612749,Milwaukee,Bucks,MIL,bucks,201572,Brook,Lopez,B. Lopez,brook-lopez,C,,11,38:38,4,4,0,6,13,15,7,30,3,1,2,1,2020-21,Playoffs
0042000306,1610612749,Milwaukee,Bucks,MIL,bucks,203114,Khris,Middleton,K. Middleton,khris-middleton,G,,22,40:56,10,4,2,6,15,15,10,36,0,0,4,6,2020-21,Playoffs
0042000306,1610612749,Milwaukee,Bucks,MIL,bucks,201950,Jrue,Holiday,J. Holiday,jrue-holiday,G,,21,42:12,2,3,5,14,16,15,9,40,2,0,5,4,2020-21,Playoffs
0042000306,1610612749,Milwaukee,Bucks,MIL,bucks,1627854,Bryn,Forbes,B. Forbes,bryn-forbes,,,7,10:04,0,0,0,2,6,0,2,12,0,0,1,0,2020-21,Playoffs
0042000306,1610612749,Milwaukee,Bucks,MIL,bucks,203648,Thanasis,Antetokounmpo,T. Antetokounmpo,thanasis-antetokounmpo,,,43,0:51,0,0,0,0,0,0,0,0,0,0,0,0,2020-21,Playoffs
0042000306,1610612749,Milwaukee,Bucks,MIL,bucks,1626192,Pat,Connaughton,P. Connaughton,pat-connaughton,,,24,30:05,5,0,2,4,13,8,3,18,0,0,2,0,2020-21,Playoffs
0042000306,1610612749,Milwaukee,Bucks,MIL,bucks,201952,Jeff,Teague,J. Teague,jeff-teague,,,5,12:23,0,8,0,0,3,6,3,4,0,1,4,2,2020-21,Playoffs
0042000306,1610612749,Milwaukee,Bucks,MIL,bucks,1629091,Elijah,Bryant,E. Bryant,elijah-bryant,,DNP - Coach's Decision,3,,0,0,0,0,0,0,0,0,0,0,0,0,2020-21,Playoffs
0042000306,1610612749,Milwaukee,Bucks,MIL,bucks,1629603,Mamadi,Diakite,M. Diakite,mamadi-diakite,,DNP - Coach's Decision,25,,0,0,0,0,0,0,0,0,0,0,0,0,2020-21,Playoffs
0042000306,1610612749,Milwaukee,Bucks,MIL,bucks,1628382,Justin,Jackson,J. Jackson,justin-jackson,,DNP - Coach's Decision,44,,0,0,0,0,0,0,0,0,0,0,0,0,2020-21,Playoffs
0042000306,1610612749,Milwaukee,Bucks,MIL,bucks,1630241,Sam,Merrill,S. Merrill,sam-merrill,,DNP - Coach's Decision,15,,0,0,0,0,0,0,0,0,0,0,0,0,2020-21,Playoffs
0042000306,1610612749,Milwaukee,Bucks,MIL,bucks,1629670,Jordan,Nwora,J. Nwora,jordan-nwora,,DNP - Coach's Decision,13,,0,0,0,0,0,0,0,0,0,0,0,0,2020-21,Playoffs
0042000306,1610612749,Milwaukee,Bucks,MIL,bucks,1626253,Axel,Toupane,A. Toupane,axel-toupane,,DNP - Coach's Decision,66,,0,0,0,0,0,0,0,0,0,0,0,0,2020-21,Playoffs
0042000306,1610612737,Atlanta,Hawks,ATL,hawks,1628989,Kevin,Huerter,K. Huerter,kevin-huerter,F,,3,29:24,0,0,0,0,20,14,13,28,0,0,2,0,2020-21,Playoffs
0042000306,1610612737,Atlanta,Hawks,ATL,hawks,1628381,John,Collins,J. Collins,john-collins,F,,20,31:06,2,2,0,6,19,7,11,26,1,0,2,4,2020-21,Playoffs
0042000306,1610612737,Atlanta,Hawks,ATL,hawks,203991,Clint,Capela,C. Capela,clint-capela,C,,15,29:07,6,6,2,14,21,4,13,28,0,0,1,1,2020-21,Playoffs
0042000306,1610612737,Atlanta,Hawks,ATL,hawks,203992,Bogdan,Bogdanović,B. Bogdanović,bogdan-bogdanović,G,,13,36:32,2,0,0,8,23,11,13,32,0,1,3,3,2020-21,Playoffs
0042000306,1610612737,Atlanta,Hawks,ATL,hawks,1629027,Trae,Young,T. Young,trae-young,G,,11,35:28,4,0,4,8,19,9,11,30,0,0,2,6,2020-21,Playoffs
0042000306,1610612737,Atlanta,Hawks,ATL,hawks,1629629,Cam,Reddish,C. Reddish,cam-reddish,,,22,28:46,0,3,3,0,7,21,0,20,0,2,2,5,2020-21,Playoffs
0042000306,1610612737,Atlanta,Hawks,ATL,hawks,201568,Danilo,Gallinari,D. Gallinari,danilo-gallinari,,,8,23:12,3,4,0,4,6,18,2,18,0,1,3,0,2020-21,Playoffs
0042000306,1610612737,Atlanta,Hawks,ATL,hawks,1630168,Onyeka,Okongwu,O. Okongwu,onyeka-okongwu,,,17,11:53,0,2,1,0,4,17,0,8,1,0,1,2,2020-21,Playoffs
0042000306,1610612737,Atlanta,Hawks,ATL,hawks,101150,Lou,Williams,L. Williams,lou-williams,,,6,11:53,2,0,0,0,6,14,2,10,0,0,0,2,2020-21,Playoffs
0042000306,1610612737,Atlanta,Hawks,ATL,hawks,203524,Solomon,Hill,S. Hill,solomon-hill,,,18,0:03,0,0,0,0,0,0,0,0,0,0,0,0,2020-21,Playoffs
0042000306,1610612737,Atlanta,Hawks,ATL,hawks,1630233,Nathan,Knight,N. Knight,nathan-knight,,,1,0:39,0,0,0,0,0,0,0,0,0,1,0,0,2020-21,Playoffs
0042000306,1610612737,Atlanta,Hawks,ATL,hawks,1627739,Kris,Dunn,K. Dunn,kris-dunn,,,32,0:39,0,0,0,0,0,0,0,0,0,0,0,0,2020-21,Playoffs
0042000306,1610612737,Atlanta,Hawks,ATL,hawks,1630219,Skylar,Mays,S. Mays,skylar-mays,,,4,0:39,0,0,0,0,0,0,0,0,0,0,0,0,2020-21,Playoffs
0042000306,1610612737,Atlanta,Hawks,ATL,hawks,1628981,Bruno,Fernando,B. Fernando,bruno-fernando,,,24,0:39,0,0,0,0,0,0,0,0,0,0,0,0,2020-21,Playoffs
0042000306,1610612737,Atlanta,Hawks,ATL,hawks,203503,Tony,Snell,T. Snell,tony-snell,,DNP - Coach's Decision,19,,0,0,0,0,0,0,0,0,0,0,0,0,2020-21,Playoffs
0042000311,1610612746,LA,Clippers,LAC,clippers,1629611,Terance,Mann,T. Mann,terance-mann,F,,14,27:15,0,3,0,0,11,4,9,36,0,0,4,0,2020-21,Playoffs
0042000311,1610612746,LA,Clippers,LAC,clippers,202694,Marcus,Morris Sr.,M. Morris Sr.,marcus-morris-sr,F,,8,21:23,0,0,0,6,2,4,5,22,0,0,1,1,2020-21,Playoffs
0042000311,1610612746,LA,Clippers,LAC,clippers,201587,Nicolas,Batum,N. Batum,nicolas-batum,C,,33,36:47,0,0,0,2,10,6,9,48,1,0,2,0,2020-21,Playoffs
0042000311,1610612746,LA,Clippers,LAC,clippers,202331,Paul,George,P. George,paul-george,G,,13,38:59,0,1,0,2,11,6,13,42,1,3,0,7,2020-21,Playoffs
0042000311,1610612746,LA,Clippers,LAC,clippers,202704,Reggie,Jackson,R. Jackson,reggie-jackson,G,,1,39:15,5,3,2,10,15,6,16,50,0,0,1,1,2020-21,Playoffs
0042000311,1610612746,LA,Clippers,LAC,clippers,201976,Patrick,Beverley,P. Beverley,patrick-beverley,,,21,14:58,2,0,2,2,5,0,3,6,0,0,1,1,2020-21,Playoffs
0042000311,1610612746,LA,Clippers,LAC,clippers,1627826,Ivica,Zubac,I. Zubac,ivica-zubac,,,40,18:00,2,0,0,4,7,0,5,8,0,0,3,3,2020-21,Playoffs
0042000311,1610612746,LA,Clippers,LAC,clippers,200765,Rajon,Rondo,R. Rondo,rajon-rondo,,,4,22:21,0,0,0,2,6,2,9,26,0,0,0,1,2020-21,Playoffs
0042000311,1610612746,LA,Clippers,LAC,clippers,202326,DeMarcus,Cousins,D. Cousins,demarcus-cousins,,,15,13:18,0,0,0,6,4,2,7,18,1,0,5,2,2020-21,Playoffs
0042000311,1610612746,LA,Clippers,LAC,clippers,1628379,Luke,Kennard,L. Kennard,luke-kennard,,,5,7:44,0,0,0,0,4,0,4,14,0,0,0,0,2020-21,Playoffs
0042000311,1610612746,LA,Clippers,LAC,clippers,1629599,Amir,Coffey,A. Coffey,amir-coffey,,DNP - Coach's Decision,7,,0,0,0,0,0,0,0,0,0,0,0,0,2020-21,Playoffs
0042000311,1610612746,LA,Clippers,LAC,clippers,1627812,Yogi,Ferrell,Y. Ferrell,yogi-ferrell,,DNP - Coach's Decision,11,,0,0,0,0,0,0,0,0,0,0,0,0,2020-21,Playoffs
0042000311,1610612746,LA,Clippers,LAC,clippers,1630187,Daniel,Oturu,D. Oturu,daniel-oturu,,DNP - Coach's Decision,10,,0,0,0,0,0,0,0,0,0,0,0,0,2020-21,Playoffs
0042000311,1610612746,LA,Clippers,LAC,clippers,202335,Patrick,Patterson,P. Patterson,patrick-patterson,,DNP - Coach's Decision,54,,0,0,0,0,0,0,0,0,0,0,0,0,2020-21,Playoffs
0042000311,1610612746,LA,Clippers,LAC,clippers,1630206,Jay,Scrubb,J. Scrubb,jay-scrubb,,DNP - Coach's Decision,0,,0,0,0,0,0,0,0,0,0,0,0,0,2020-21,Playoffs
0042000311,1610612756,Phoenix,Suns,PHX,suns,1628969,Mikal,Bridges,M. Bridges,mikal-bridges,F,,25,35:57,4,0,4,8,9,7,4,28,2,1,2,2,2020-21,Playoffs
0042000311,1610612756,Phoenix,Suns,PHX,suns,203109,Jae,Crowder,J. Crowder,jae-crowder,F,,99,33:22,0,0,0,2,7,6,2,22,0,0,0,0,2020-21,Playoffs
0042000311,1610612756,Phoenix,Suns,PHX,suns,1629028,Deandre,Ayton,D. Ayton,deandre-ayton,C,,22,36:32,2,2,2,20,7,7,2,24,0,1,1,1,2020-21,Playoffs
0042000311,1610612756,Phoenix,Suns,PHX,suns,1626164,Devin,Booker,D. Booker,devin-booker,G,,1,43:56,5,0,5,10,7,7,2,30,0,0,3,9,2020-21,Playoffs
0042000311,1610612756,Phoenix,Suns,PHX,suns,1626166,Cameron,Payne,C. Payne,cameron-payne,G,,15,29:13,0,2,5,6,5,0,2,20,1,0,5,1,2020-21,Playoffs
0042000311,1610612756,Phoenix,Suns,PHX,suns,202734,E'Twaun,Moore,E. Moore,etwaun-moore,,,55,10:44,0,0,0,0,4,3,2,8,0,0,1,0,2020-21,Playoffs
0042000311,1610612756,Phoenix,Suns,PHX,suns,203967,Dario,Saric,D. Saric,dario-saric,,,20,11:06,2,0,0,0,2,0,2,10,0,0,1,4,2020-21,Playoffs
0042000311,1610612756,Phoenix,Suns,PHX,suns,1629661,Cameron,Johnson,C. Johnson,cameron-johnson,,,23,24:27,2,2,0,6,2,4,2,16,0,0,1,0,2020-21,Playoffs
0042000311,1610612756,Phoenix,Suns,PHX,suns,1628470,Torrey,Craig,T. Craig,torrey-craig,,,12,14:43,0,0,0,2,2,1,2,12,0,1,2,0,2020-21,Playoffs
0042000311,1610612756,Phoenix,Suns,PHX,suns,1630234,Ty-Shon,Alexander,T. Alexander,ty-shon-alexander,,DNP - Coach's Decision,0,,0,0,0,0,0,0,0,0,0,0,0,0,2020-21,Playoffs
0042000311,1610612756,Phoenix,Suns,PHX,suns,1628975,Jevon,Carter,J. Carter,jevon-carter,,DNP - Coach's Decision,4,,0,0,0,0,0,0,0,0,0,0,0,0,2020-21,Playoffs
0042000311,1610612756,Phoenix,Suns,PHX,suns,204038,Langston,Galloway,L. Galloway,langston-galloway,,DNP - Coach's Decision,2,,0,0,0,0,0,0,0,0,0,0,0,0,2020-21,Playoffs
0042000311,1610612756,Phoenix,Suns,PHX,suns,1626163,Frank,Kaminsky,F. Kaminsky,frank-kaminsky,,DNP - Coach's Decision,8,,0,0,0,0,0,0,0,0,0,0,0,0,2020-21,Playoffs
0042000311,1610612756,Phoenix,Suns,PHX,suns,1630188,Jalen,Smith,J. Smith,jalen-smith,,DNP - Coach's Decision,10,,0,0,0,0,0,0,0,0,0,0,0,0,2020-21,Playoffs
0042000312,1610612746,LA,Clippers,LAC,clippers,202331,Paul,George,P. George,paul-george,F,,13,41:19,6,1,2,12,10,8,2,54,0,1,2,8,2020-21,Playoffs
0042000312,1610612746,LA,Clippers,LAC,clippers,202694,Marcus,Morris Sr.,M. Morris Sr.,marcus-morris-sr,F,,8,24:43,0,2,0,2,6,6,2,34,1,0,1,0,2020-21,Playoffs
0042000312,1610612746,LA,Clippers,LAC,clippers,1627826,Ivica,Zubac,I. Zubac,ivica-zubac,C,,40,34:23,0,2,0,8,10,8,2,42,1,0,3,3,2020-21,Playoffs
0042000312,1610612746,LA,Clippers,LAC,clippers,201976,Patrick,Beverley,P. Beverley,patrick-beverley,G,,21,26:16,0,0,0,0,7,4,0,32,1,0,4,2,2020-21,Playoffs
0042000312,1610612746,LA,Clippers,LAC,clippers,202704,Reggie,Jackson,R. Jackson,reggie-jackson,G,,1,38:39,0,5,2,2,12,6,2,46,1,1,0,2,2020-21,Playoffs
0042000312,1610612746,LA,Clippers,LAC,clippers,1629611,Terance,Mann,T. Mann,terance-mann,,,14,19:17,2,0,0,4,10,6,2,30,0,0,5,2,2020-21,Playoffs
0042000312,1610612746,LA,Clippers,LAC,clippers,201587,Nicolas,Batum,N. Batum,nicolas-batum,,,33,15:43,0,0,0,0,7,4,0,22,0,0,0,0,2020-21,Playoffs
0042000312,1610612746,LA,Clippers,LAC,clippers,200765,Rajon,Rondo,R. Rondo,rajon-rondo,,,4,17:05,0,3,0,0,10,2,0,18,0,0,1,2,2020-21,Playoffs
0042000312,1610612746,LA,Clippers,LAC,clippers,202326,DeMarcus,Cousins,D. Cousins,demarcus-cousins,,,15,3:53,0,0,0,0,2,4,0,4,0,1,2,1,2020-21,Playoffs
0042000312,1610612746,LA,Clippers,LAC,clippers,1628379,Luke,Kennard,L. Kennard,luke-kennard,,,5,18:42,0,0,0,2,11,2,0,18,0,0,1,0,2020-21,Playoffs
0042000312,1610612746,LA,Clippers,LAC,clippers,1629599,Amir,Coffey,A. Coffey,amir-coffey,,DNP - Coach's Decision,7,,0,0,0,0,0,0,0,0,0,0,0,0,2020-21,Playoffs
0042000312,1610612746,LA,Clippers,LAC,clippers,1627812,Yogi,Ferrell,Y. Ferrell,yogi-ferrell,,DNP - Coach's Decision,11,,0,0,0,0,0,0,0,0,0,0,0,0,2020-21,Playoffs
0042000312,1610612746,LA,Clippers,LAC,clippers,1630187,Daniel,Oturu,D. Oturu,daniel-oturu,,DNP - Coach's Decision,10,,0,0,0,0,0,0,0,0,0,0,0,0,2020-21,Playoffs
0042000312,1610612746,LA,Clippers,LAC,clippers,202335,Patrick,Patterson,P. Patterson,patrick-patterson,,DNP - Coach's Decision,54,,0,0,0,0,0,0,0,0,0,0,0,0,2020-21,Playoffs
0042000312,1610612746,LA,Clippers,LAC,clippers,1630206,Jay,Scrubb,J. Scrubb,jay-scrubb,,DNP - Coach's Decision,0,,0,0,0,0,0,0,0,0,0,0,0,0,2020-21,Playoffs
0042000312,1610612756,Phoenix,Suns,PHX,suns,1628969,Mikal,Bridges,M. Bridges,mikal-bridges,F,,25,34:41,0,2,0,2,8,9,4,24,0,1,2,1,2020-21,Playoffs
0042000312,1610612756,Phoenix,Suns,PHX,suns,203109,Jae,Crowder,J. Crowder,jae-crowder,F,,99,32:30,0,0,0,0,6,6,4,20,0,0,3,1,2020-21,Playoffs
0042000312,1610612756,Phoenix,Suns,PHX,suns,1629028,Deandre,Ayton,D. Ayton,deandre-ayton,C,,22,34:32,2,4,2,22,8,9,4,24,1,0,3,1,2020-21,Playoffs
0042000312,1610612756,Phoenix,Suns,PHX,suns,1626164,Devin,Booker,D. Booker,devin-booker,G,,1,40:52,8,0,0,4,6,10,4,28,0,1,5,9,2020-21,Playoffs
0042000312,1610612756,Phoenix,Suns,PHX,suns,1626166,Cameron,Payne,C. Payne,cameron-payne,G,,15,37:29,4,2,0,18,2,10,4,18,2,2,1,4,2020-21,Playoffs
0042000312,1610612756,Phoenix,Suns,PHX,suns,202734,E'Twaun,Moore,E. Moore,etwaun-moore,,,55,11:16,0,0,0,2,4,6,0,8,0,0,0,0,2020-21,Playoffs
0042000312,1610612756,Phoenix,Suns,PHX,suns,1629661,Cameron,Johnson,C. Johnson,cameron-johnson,,,23,24:12,3,2,0,6,6,7,0,18,0,0,2,1,2020-21,Playoffs
0042000312,1610612756,Phoenix,Suns,PHX,suns,1628470,Torrey,Craig,T. Craig,torrey-craig,,,12,11:20,0,0,0,0,0,4,0,4,0,0,2,0,2020-21,Playoffs
0042000312,1610612756,Phoenix,Suns,PHX,suns,203967,Dario,Saric,D. Saric,dario-saric,,,20,13:09,0,0,0,6,0,4,0,6,0,0,2,2,2020-21,Playoffs
0042000312,1610612756,Phoenix,Suns,PHX,suns,1630234,Ty-Shon,Alexander,T. Alexander,ty-shon-alexander,,DNP - Coach's Decision,0,,0,0,0,0,0,0,0,0,0,0,0,0,2020-21,Playoffs
0042000312,1610612756,Phoenix,Suns,PHX,suns,1628975,Jevon,Carter,J. Carter,jevon-carter,,DNP - Coach's Decision,4,,0,0,0,0,0,0,0,0,0,0,0,0,2020-21,Playoffs
0042000312,1610612756,Phoenix,Suns,PHX,suns,204038,Langston,Galloway,L. Galloway,langston-galloway,,DNP - Coach's Decision,2,,0,0,0,0,0,0,0,0,0,0,0,0,2020-21,Playoffs
0042000312,1610612756,Phoenix,Suns,PHX,suns,1626163,Frank,Kaminsky,F. Kaminsky,frank-kaminsky,,DNP - Coach's Decision,8,,0,0,0,0,0,0,0,0,0,0,0,0,2020-21,Playoffs
0042000312,1610612756,Phoenix,Suns,PHX,suns,1630188,Jalen,Smith,J. Smith,jalen-smith,,DNP - Coach's Decision,10,,0,0,0,0,0,0,0,0,0,0,0,0,2020-21,Playoffs
0042000313,1610612756,Phoenix,Suns,PHX,suns,1628969,Mikal,Bridges,M. Bridges,mikal-bridges,F,,25,26:14,2,7,0,4,12,4,7,30,0,0,2,2,2020-21,Playoffs
0042000313,1610612756,Phoenix,Suns,PHX,suns,203109,Jae,Crowder,J. Crowder,jae-crowder,F,,99,28:40,3,0,0,0,12,12,6,28,0,0,6,0,2020-21,Playoffs
0042000313,1610612756,Phoenix,Suns,PHX,suns,1629028,Deandre,Ayton,D. Ayton,deandre-ayton,C,,22,35:35,2,2,2,18,15,12,13,38,2,0,2,1,2020-21,Playoffs
0042000313,1610612756,Phoenix,Suns,PHX,suns,1626164,Devin,Booker,D. Booker,devin-booker,G,,1,40:05,7,2,3,8,14,10,13,34,0,2,4,6,2020-21,Playoffs
0042000313,1610612756,Phoenix,Suns,PHX,suns,101108,Chris,Paul,C. Paul,chris-paul,G,,3,38:48,0,0,3,0,15,9,11,34,0,1,3,3,2020-21,Playoffs
0042000313,1610612756,Phoenix,Suns,PHX,suns,1629661,Cameron,Johnson,C. Johnson,cameron-johnson,,,23,30:26,2,0,0,4,11,10,11,22,0,1,0,1,2020-21,Playoffs
0042000313,1610612756,Phoenix,Suns,PHX,suns,1626166,Cameron,Payne,C. Payne,cameron-payne,,,15,4:19,0,0,0,2,0,1,2,4,0,1,0,0,2020-21,Playoffs
0042000313,1610612756,Phoenix,Suns,PHX,suns,1628470,Torrey,Craig,T. Craig,torrey-craig,,,12,15:29,2,0,2,2,2,0,2,6,1,0,0,1,2020-21,Playoffs
0042000313,1610612756,Phoenix,Suns,PHX,suns,203967,Dario,Saric,D. Saric,dario-saric,,,20,12:25,0,0,0,2,2,0,0,2,0,0,2,1,2020-21,Playoffs
0042000313,1610612756,Phoenix,Suns,PHX,suns,202734,E'Twaun,Moore,E. Moore,etwaun-moore,,,55,4:53,0,2,0,2,2,2,0,2,0,0,0,0,2020-21,Playoffs
0042000313,1610612756,Phoenix,Suns,PHX,suns,1628975,Jevon,Carter,J. Carter,jevon-carter,,,4,1:33,0,0,0,0,0,0,0,0,0,0,0,0,2020-21,Playoffs
0042000313,1610612756,Phoenix,Suns,PHX,suns,1630188,Jalen,Smith,J. Smith,jalen-smith,,,10,1:33,0,0,0,0,0,0,0,0,0,0,0,0,2020-21,Playoffs
0042000313,1610612756,Phoenix,Suns,PHX,suns,1630234,Ty-Shon,Alexander,T. Alexander,ty-shon-alexander,,DNP - Coach's Decision,0,,0,0,0,0,0,0,0,0,0,0,0,0,2020-21,Playoffs
0042000313,1610612756,Phoenix,Suns,PHX,suns,204038,Langston,Galloway,L. Galloway,langston-galloway,,DNP - Coach's Decision,2,,0,0,0,0,0,0,0,0,0,0,0,0,2020-21,Playoffs
0042000313,1610612756,Phoenix,Suns,PHX,suns,1626163,Frank,Kaminsky,F. Kaminsky,frank-kaminsky,,DNP - Coach's Decision,8,,0,0,0,0,0,0,0,0,0,0,0,0,2020-21,Playoffs
0042000313,1610612746,LA,Clippers,LAC,clippers,202331,Paul,George,P. George,paul-george,F,,13,42:55,6,0,4,6,14,9,8,32,0,1,0,4,2020-21,Playoffs
0042000313,1610612746,LA,Clippers,LAC,clippers,1629611,Terance,Mann,T. Mann,terance-mann,F,,14,32:03,2,4,4,12,4,7,5,26,1,0,4,2,2020-21,Playoffs
0042000313,1610612746,LA,Clippers,LAC,clippers,1627826,Ivica,Zubac,I. Zubac,ivica-zubac,C,,40,32:34,0,5,0,6,5,3,2,20,2,1,0,6,2020-21,Playoffs
0042000313,1610612746,LA,Clippers,LAC,clippers,202704,Reggie,Jackson,R. Jackson,reggie-jackson,G,,1,32:54,4,3,2,10,7,5,4,24,0,0,3,2,2020-21,Playoffs
0042000313,1610612746,LA,Clippers,LAC,clippers,201976,Patrick,Beverley,P. Beverley,patrick-beverley,G,,21,26:44,3,0,3,2,2,3,2,16,1,0,2,3,2020-21,Playoffs
0042000313,1610612746,LA,Clippers,LAC,clippers,202694,Marcus,Morris Sr.,M. Morris Sr.,marcus-morris-sr,,,8,23:47,2,0,0,0,16,8,8,26,0,0,2,1,2020-21,Playoffs
0042000313,1610612746,LA,Clippers,LAC,clippers,1628379,Luke,Kennard,L. Kennard,luke-kennard,,,5,20:34,0,0,0,0,18,10,8,26,0,0,1,1,2020-21,Playoffs
0042000313,1610612746,LA,Clippers,LAC,clippers,201587,Nicolas,Batum,N. Batum,nicolas-batum,,,33,14:39,0,0,0,4,15,8,8,22,1,0,3,0,2020-21,Playoffs
0042000313,1610612746,LA,Clippers,LAC,clippers,200765,Rajon,Rondo,R. Rondo,rajon-rondo,,,4,7:38,0,0,0,0,9,4,5,10,0,1,0,0,2020-21,Playoffs
0042000313,1610612746,LA,Clippers,LAC,clippers,1627812,Yogi,Ferrell,Y. Ferrell,yogi-ferrell,,,11,1:33,0,0,0,0,0,2,0,2,0,0,0,0,2020-21,Playoffs
0042000313,1610612746,LA,Clippers,LAC,clippers,1629599,Amir,Coffey,A. Coffey,amir-coffey,,,7,1:33,0,0,0,0,0,2,0,2,0,0,0,0,2020-21,Playoffs
0042000313,1610612746,LA,Clippers,LAC,clippers,1630187,Daniel,Oturu,D. Oturu,daniel-oturu,,,10,1:33,0,0,0,0,0,2,0,2,0,0,0,0,2020-21,Playoffs
0042000313,1610612746,LA,Clippers,LAC,clippers,1630206,Jay,Scrubb,J. Scrubb,jay-scrubb,,,0,1:33,0,0,0,0,0,2,0,2,0,0,0,0,2020-21,Playoffs
0042000313,1610612746,LA,Clippers,LAC,clippers,202326,DeMarcus,Cousins,D. Cousins,demarcus-cousins,,DNP - Coach's Decision,15,,0,0,0,0,0,0,0,0,0,0,0,0,2020-21,Playoffs
0042000313,1610612746,LA,Clippers,LAC,clippers,202335,Patrick,Patterson,P. Patterson,patrick-patterson,,DNP - Coach's Decision,54,,0,0,0,0,0,0,0,0,0,0,0,0,2020-21,Playoffs
0042000314,1610612756,Phoenix,Suns,PHX,suns,1628969,Mikal,Bridges,M. Bridges,mikal-bridges,F,,25,39:21,0,2,2,4,13,4,7,30,2,1,3,0,2020-21,Playoffs
0042000314,1610612756,Phoenix,Suns,PHX,suns,203109,Jae,Crowder,J. Crowder,jae-crowder,F,,99,34:18,0,3,0,0,11,4,5,30,1,0,4,0,2020-21,Playoffs
0042000314,1610612756,Phoenix,Suns,PHX,suns,1629028,Deandre,Ayton,D. Ayton,deandre-ayton,C,,22,41:14,2,6,2,14,13,5,6,32,4,1,4,2,2020-21,Playoffs
0042000314,1610612756,Phoenix,Suns,PHX,suns,1626164,Devin,Booker,D. Booker,devin-booker,G,,1,38:17,4,0,2,12,8,4,7,28,0,0,6,7,2020-21,Playoffs
0042000314,1610612756,Phoenix,Suns,PHX,suns,101108,Chris,Paul,C. Paul,chris-paul,G,,3,37:30,4,0,0,8,9,7,6,30,0,0,4,8,2020-21,Playoffs
0042000314,1610612756,Phoenix,Suns,PHX,suns,1626166,Cameron,Payne,C. Payne,cameron-payne,,,15,19:52,2,0,0,2,7,2,1,12,1,0,1,1,2020-21,Playoffs
0042000314,1610612756,Phoenix,Suns,PHX,suns,1629661,Cameron,Johnson,C. Johnson,cameron-johnson,,,23,17:02,3,2,0,2,2,3,2,6,0,0,1,0,2020-21,Playoffs
0042000314,1610612756,Phoenix,Suns,PHX,suns,1627846,Abdel,Nader,A. Nader,abdel-nader,,,11,5:24,0,0,0,0,0,3,0,6,0,0,2,0,2020-21,Playoffs
0042000314,1610612756,Phoenix,Suns,PHX,suns,203967,Dario,Saric,D. Saric,dario-saric,,,20,6:43,0,0,0,0,0,3,1,4,0,0,1,1,2020-21,Playoffs
0042000314,1610612756,Phoenix,Suns,PHX,suns,1628470,Torrey,Craig,T. Craig,torrey-craig,,,12,0:19,0,0,0,0,2,0,0,2,0,0,1,0,2020-21,Playoffs
0042000314,1610612756,Phoenix,Suns,PHX,suns,1628975,Jevon,Carter,J. Carter,jevon-carter,,DNP - Coach's Decision,4,,0,0,0,0,0,0,0,0,0,0,0,0,2020-21,Playoffs
0042000314,1610612756,Phoenix,Suns,PHX,suns,204038,Langston,Galloway,L. Galloway,langston-galloway,,DNP - Coach's Decision,2,,0,0,0,0,0,0,0,0,0,0,0,0,2020-21,Playoffs
0042000314,1610612756,Phoenix,Suns,PHX,suns,1626163,Frank,Kaminsky,F. Kaminsky,frank-kaminsky,,DNP - Coach's Decision,8,,0,0,0,0,0,0,0,0,0,0,0,0,2020-21,Playoffs
0042000314,1610612756,Phoenix,Suns,PHX,suns,202734,E'Twaun,Moore,E. Moore,etwaun-moore,,DNP - Coach's Decision,55,,0,0,0,0,0,0,0,0,0,0,0,0,2020-21,Playoffs
0042000314,1610612756,Phoenix,Suns,PHX,suns,1630188,Jalen,Smith,J. Smith,jalen-smith,,DNP - Coach's Decision,10,,0,0,0,0,0,0,0,0,0,0,0,0,2020-21,Playoffs
0042000314,1610612746,LA,Clippers,LAC,clippers,202331,Paul,George,P. George,paul-george,F,,13,41:48,4,0,4,6,13,11,6,40,0,1,6,9,2020-21,Playoffs
0042000314,1610612746,LA,Clippers,LAC,clippers,202694,Marcus,Morris Sr.,M. Morris Sr.,marcus-morris-sr,F,,8,22:12,0,0,0,4,9,5,6,20,2,1,2,0,2020-21,Playoffs
0042000314,1610612746,LA,Clippers,LAC,clippers,1627826,Ivica,Zubac,I. Zubac,ivica-zubac,C,,40,39:34,0,1,0,10,10,11,4,34,0,1,2,4,2020-21,Playoffs
0042000314,1610612746,LA,Clippers,LAC,clippers,202704,Reggie,Jackson,R. Jackson,reggie-jackson,G,,1,40:27,7,2,3,6,15,11,6,36,0,2,1,2,2020-21,Playoffs
0042000314,1610612746,LA,Clippers,LAC,clippers,201976,Patrick,Beverley,P. Beverley,patrick-beverley,G,,21,34:13,0,0,0,2,13,9,6,32,0,1,4,3,2020-21,Playoffs
0042000314,1610612746,LA,Clippers,LAC,clippers,1629611,Terance,Mann,T. Mann,terance-mann,,,14,33:06,2,3,0,6,11,10,2,28,0,2,4,5,2020-21,Playoffs
0042000314,1610612746,LA,Clippers,LAC,clippers,201587,Nicolas,Batum,N. Batum,nicolas-batum,,,33,16:03,0,0,0,0,2,4,0,10,0,0,0,1,2020-21,Playoffs
0042000314,1610612746,LA,Clippers,LAC,clippers,1628379,Luke,Kennard,L. Kennard,luke-kennard,,,5,12:33,0,0,0,2,2,4,0,10,0,0,0,2,2020-21,Playoffs
0042000314,1610612746,LA,Clippers,LAC,clippers,202326,DeMarcus,Cousins,D. Cousins,demarcus-cousins,,,15,0:04,0,1,0,0,0,0,0,0,0,0,0,1,2020-21,Playoffs
0042000314,1610612746,LA,Clippers,LAC,clippers,1629599,Amir,Coffey,A. Coffey,amir-coffey,,DNP - Coach's Decision,7,,0,0,0,0,0,0,0,0,0,0,0,0,2020-21,Playoffs
0042000314,1610612746,LA,Clippers,LAC,clippers,1627812,Yogi,Ferrell,Y. Ferrell,yogi-ferrell,,DNP - Coach's Decision,11,,0,0,0,0,0,0,0,0,0,0,0,0,2020-21,Playoffs
0042000314,1610612746,LA,Clippers,LAC,clippers,1630187,Daniel,Oturu,D. Oturu,daniel-oturu,,DNP - Coach's Decision,10,,0,0,0,0,0,0,0,0,0,0,0,0,2020-21,Playoffs
0042000314,1610612746,LA,Clippers,LAC,clippers,202335,Patrick,Patterson,P. Patterson,patrick-patterson,,DNP - Coach's Decision,54,,0,0,0,0,0,0,0,0,0,0,0,0,2020-21,Playoffs
0042000314,1610612746,LA,Clippers,LAC,clippers,200765,Rajon,Rondo,R. Rondo,rajon-rondo,,DNP - Coach's Decision,4,,0,0,0,0,0,0,0,0,0,0,0,0,2020-21,Playoffs
0042000314,1610612746,LA,Clippers,LAC,clippers,1630206,Jay,Scrubb,J. Scrubb,jay-scrubb,,DNP - Coach's Decision,0,,0,0,0,0,0,0,0,0,0,0,0,0,2020-21,Playoffs
0042000315,1610612746,LA,Clippers,LAC,clippers,202331,Paul,George,P. George,paul-george,F,,13,40:53,12,0,7,20,18,4,8,24,0,1,2,10,2020-21,Playoffs
0042000315,1610612746,LA,Clippers,LAC,clippers,202694,Marcus,Morris Sr.,M. Morris Sr.,marcus-morris-sr,F,,8,38:48,3,0,2,8,18,2,8,20,0,0,3,3,2020-21,Playoffs
0042000315,1610612746,LA,Clippers,LAC,clippers,1629611,Terance,Mann,T. Mann,terance-mann,C,,14,26:06,0,0,0,4,9,4,3,18,0,0,0,0,2020-21,Playoffs
0042000315,1610612746,LA,Clippers,LAC,clippers,201976,Patrick,Beverley,P. Beverley,patrick-beverley,G,,21,30:55,0,0,4,4,13,4,3,24,1,0,4,0,2020-21,Playoffs
0042000315,1610612746,LA,Clippers,LAC,clippers,202704,Reggie,Jackson,R. Jackson,reggie-jackson,G,,1,38:11,4,0,4,6,16,2,6,22,1,0,3,3,2020-21,Playoffs
0042000315,1610612746,LA,Clippers,LAC,clippers,201587,Nicolas,Batum,N. Batum,nicolas-batum,,,33,29:47,2,0,0,2,12,2,5,20,0,0,1,0,2020-21,Playoffs
0042000315,1610612746,LA,Clippers,LAC,clippers,202326,DeMarcus,Cousins,D. Cousins,demarcus-cousins,,,15,11:19,2,2,2,14,2,0,2,8,0,0,1,2,2020-21,Playoffs
0042000315,1610612746,LA,Clippers,LAC,clippers,1628379,Luke,Kennard,L. Kennard,luke-kennard,,,5,19:05,0,0,0,0,2,2,5,16,0,0,2,1,2020-21,Playoffs
0042000315,1610612746,LA,Clippers,LAC,clippers,1630206,Jay,Scrubb,J. Scrubb,jay-scrubb,,,0,1:14,0,0,0,0,0,0,0,2,0,0,0,0,2020-21,Playoffs
0042000315,1610612746,LA,Clippers,LAC,clippers,1630187,Daniel,Oturu,D. Oturu,daniel-oturu,,,10,1:14,0,0,0,0,0,0,0,2,0,0,0,0,2020-21,Playoffs
0042000315,1610612746,LA,Clippers,LAC,clippers,1629599,Amir,Coffey,A. Coffey,amir-coffey,,,7,1:14,0,0,0,0,0,0,0,2,0,0,0,0,2020-21,Playoffs
0042000315,1610612746,LA,Clippers,LAC,clippers,1627812,Yogi,Ferrell,Y. Ferrell,yogi-ferrell,,,11,1:14,0,0,0,0,0,0,0,2,0,0,0,0,2020-21,Playoffs
0042000315,1610612746,LA,Clippers,LAC,clippers,202335,Patrick,Patterson,P. Patterson,patrick-patterson,,DNP - Coach's Decision,54,,0,0,0,0,0,0,0,0,0,0,0,0,2020-21,Playoffs
0042000315,1610612746,LA,Clippers,LAC,clippers,200765,Rajon,Rondo,R. Rondo,rajon-rondo,,DNP - Coach's Decision,4,,0,0,0,0,0,0,0,0,0,0,0,0,2020-21,Playoffs
0042000315,1610612756,Phoenix,Suns,PHX,suns,1628969,Mikal,Bridges,M. Bridges,mikal-bridges,F,,25,27:58,0,2,0,0,14,0,11,30,0,0,3,1,2020-21,Playoffs
0042000315,1610612756,Phoenix,Suns,PHX,suns,203109,Jae,Crowder,J. Crowder,jae-crowder,F,,99,27:15,0,0,0,4,12,0,11,26,0,0,3,0,2020-21,Playoffs
0042000315,1610612756,Phoenix,Suns,PHX,suns,1629028,Deandre,Ayton,D. Ayton,deandre-ayton,C,,22,36:53,0,2,0,8,21,2,15,40,1,0,1,1,2020-21,Playoffs
0042000315,1610612756,Phoenix,Suns,PHX,suns,1626164,Devin,Booker,D. Booker,devin-booker,G,,1,43:04,8,0,5,4,18,0,15,48,0,1,2,5,2020-21,Playoffs
0042000315,1610612756,Phoenix,Suns,PHX,suns,101108,Chris,Paul,C. Paul,chris-paul,G,,3,35:45,4,0,0,2,21,2,19,48,0,0,2,4,2020-21,Playoffs
0042000315,1610612756,Phoenix,Suns,PHX,suns,1626166,Cameron,Payne,C. Payne,cameron-payne,,,15,13:16,3,0,0,2,2,0,4,16,0,1,1,0,2020-21,Playoffs
0042000315,1610612756,Phoenix,Suns,PHX,suns,1629661,Cameron,Johnson,C. Johnson,cameron-johnson,,,23,23:01,3,0,3,4,11,2,8,34,0,0,4,1,2020-21,Playoffs
0042000315,1610612756,Phoenix,Suns,PHX,suns,203967,Dario,Saric,D. Saric,dario-saric,,,20,11:07,0,0,0,2,2,0,4,18,0,0,1,1,2020-21,Playoffs
0042000315,1610612756,Phoenix,Suns,PHX,suns,1627846,Abdel,Nader,A. Nader,abdel-nader,,,11,9:19,0,0,0,2,7,2,4,16,0,0,0,1,2020-21,Playoffs
0042000315,1610612756,Phoenix,Suns,PHX,suns,1628470,Torrey,Craig,T. Craig,torrey-craig,,,12,11:09,0,0,0,4,7,2,4,14,0,0,2,2,2020-21,Playoffs
0042000315,1610612756,Phoenix,Suns,PHX,suns,1630188,Jalen,Smith,J. Smith,jalen-smith,,,10,1:14,0,0,0,0,0,0,0,0,0,0,0,0,2020-21,Playoffs
0042000315,1610612756,Phoenix,Suns,PHX,suns,1628975,Jevon,Carter,J. Carter,jevon-carter,,DNP - Coach's Decision,4,,0,0,0,0,0,0,0,0,0,0,0,0,2020-21,Playoffs
0042000315,1610612756,Phoenix,Suns,PHX,suns,204038,Langston,Galloway,L. Galloway,langston-galloway,,DNP - Coach's Decision,2,,0,0,0,0,0,0,0,0,0,0,0,0,2020-21,Playoffs
0042000315,1610612756,Phoenix,Suns,PHX,suns,1626163,Frank,Kaminsky,F. Kaminsky,frank-kaminsky,,DNP - Coach's Decision,8,,0,0,0,0,0,0,0,0,0,0,0,0,2020-21,Playoffs
0042000315,1610612756,Phoenix,Suns,PHX,suns,202734,E'Twaun,Moore,E. Moore,etwaun-moore,,DNP - Coach's Decision,55,,0,0,0,0,0,0,0,0,0,0,0,0,2020-21,Playoffs
0042000316,1610612756,Phoenix,Suns,PHX,suns,1628969,Mikal,Bridges,M. Bridges,mikal-bridges,F,,25,23:53,2,0,2,8,2,7,2,26,0,0,3,1,2020-21,Playoffs
0042000316,1610612756,Phoenix,Suns,PHX,suns,203109,Jae,Crowder,J. Crowder,jae-crowder,F,,99,32:43,2,13,0,2,2,2,4,22,0,0,4,2,2020-21,Playoffs
0042000316,1610612756,Phoenix,Suns,PHX,suns,1629028,Deandre,Ayton,D. Ayton,deandre-ayton,C,,22,40:19,4,2,0,16,5,5,7,26,2,0,3,3,2020-21,Playoffs
0042000316,1610612756,Phoenix,Suns,PHX,suns,1626164,Devin,Booker,D. Booker,devin-booker,G,,1,42:03,0,0,4,12,5,2,7,28,1,0,2,2,2020-21,Playoffs
0042000316,1610612756,Phoenix,Suns,PHX,suns,101108,Chris,Paul,C. Paul,chris-paul,G,,3,34:56,7,2,0,10,0,6,4,28,0,1,2,2,2020-21,Playoffs
0042000316,1610612756,Phoenix,Suns,PHX,suns,1626166,Cameron,Payne,C. Payne,cameron-payne,,,15,15:41,2,2,0,4,5,7,3,8,0,2,2,0,2020-21,Playoffs
0042000316,1610612756,Phoenix,Suns,PHX,suns,1628470,Torrey,Craig,T. Craig,torrey-craig,,,12,30:37,0,0,0,0,3,7,5,14,1,0,3,0,2020-21,Playoffs
0042000316,1610612756,Phoenix,Suns,PHX,suns,1627846,Abdel,Nader,A. Nader,abdel-nader,,,11,6:04,0,0,0,0,3,6,3,4,0,0,0,0,2020-21,Playoffs
0042000316,1610612756,Phoenix,Suns,PHX,suns,203967,Dario,Saric,D. Saric,dario-saric,,,20,7:41,0,0,0,0,0,5,0,8,0,0,2,1,2020-21,Playoffs
0042000316,1610612756,Phoenix,Suns,PHX,suns,1628975,Jevon,Carter,J. Carter,jevon-carter,,,4,2:01,0,0,0,0,0,1,0,2,0,0,0,0,2020-21,Playoffs
0042000316,1610612756,Phoenix,Suns,PHX,suns,1630188,Jalen,Smith,J. Smith,jalen-smith,,,10,2:01,0,0,0,2,0,1,0,2,0,0,0,0,2020-21,Playoffs
0042000316,1610612756,Phoenix,Suns,PHX,suns,202734,E'Twaun,Moore,E. Moore,etwaun-moore,,,55,2:01,0,0,0,0,0,1,0,2,0,0,0,0,2020-21,Playoffs
0042000316,1610612756,Phoenix,Suns,PHX,suns,1630234,Ty-Shon,Alexander,T. Alexander,ty-shon-alexander,,DNP - Coach's Decision,0,,0,0,0,0,0,0,0,0,0,0,0,0,2020-21,Playoffs
0042000316,1610612756,Phoenix,Suns,PHX,suns,204038,Langston,Galloway,L. Galloway,langston-galloway,,DNP - Coach's Decision,2,,0,0,0,0,0,0,0,0,0,0,0,0,2020-21,Playoffs
0042000316,1610612756,Phoenix,Suns,PHX,suns,1626163,Frank,Kaminsky,F. Kaminsky,frank-kaminsky,,DNP - Coach's Decision,8,,0,0,0,0,0,0,0,0,0,0,0,0,2020-21,Playoffs
0042000316,1610612746,LA,Clippers,LAC,clippers,1629611,Terance,Mann,T. Mann,terance-mann,F,,14,29:14,0,2,2,4,10,11,2,36,0,1,3,1,2020-21,Playoffs
0042000316,1610612746,LA,Clippers,LAC,clippers,202331,Paul,George,P. George,paul-george,F,,13,41:01,0,2,2,8,14,19,4,48,0,0,1,5,2020-21,Playoffs
0042000316,1610612746,LA,Clippers,LAC,clippers,202694,Marcus,Morris Sr.,M. Morris Sr.,marcus-morris-sr,C,,8,42:16,0,2,3,4,12,17,6,48,1,0,2,4,2020-21,Playoffs
0042000316,1610612746,LA,Clippers,LAC,clippers,202704,Reggie,Jackson,R. Jackson,reggie-jackson,G,,1,36:56,0,0,0,4,10,17,6,46,0,2,3,3,2020-21,Playoffs
0042000316,1610612746,LA,Clippers,LAC,clippers,201976,Patrick,Beverley,P. Beverley,patrick-beverley,G,,21,31:01,0,0,0,6,10,12,2,36,1,1,2,3,2020-21,Playoffs
0042000316,1610612746,LA,Clippers,LAC,clippers,201587,Nicolas,Batum,N. Batum,nicolas-batum,,,33,19:23,5,0,0,4,6,7,4,20,0,0,0,1,2020-21,Playoffs
0042000316,1610612746,LA,Clippers,LAC,clippers,202326,DeMarcus,Cousins,D. Cousins,demarcus-cousins,,,15,14:28,0,3,0,2,6,4,4,18,1,0,0,3,2020-21,Playoffs
0042000316,1610612746,LA,Clippers,LAC,clippers,1628379,Luke,Kennard,L. Kennard,luke-kennard,,,5,13:49,0,0,0,0,5,8,2,10,0,0,0,0,2020-21,Playoffs
0042000316,1610612746,LA,Clippers,LAC,clippers,1630206,Jay,Scrubb,J. Scrubb,jay-scrubb,,,0,2:58,0,0,0,0,3,0,0,2,0,0,0,0,2020-21,Playoffs
0042000316,1610612746,LA,Clippers,LAC,clippers,1629599,Amir,Coffey,A. Coffey,amir-coffey,,,7,2:58,0,0,0,2,3,0,0,2,0,0,0,0,2020-21,Playoffs
0042000316,1610612746,LA,Clippers,LAC,clippers,1630187,Daniel,Oturu,D. Oturu,daniel-oturu,,,10,2:58,0,1,0,0,3,0,0,2,0,0,0,1,2020-21,Playoffs
0042000316,1610612746,LA,Clippers,LAC,clippers,1627812,Yogi,Ferrell,Y. Ferrell,yogi-ferrell,,,11,2:58,0,0,0,0,3,0,0,2,0,0,0,0,2020-21,Playoffs
0042000316,1610612746,LA,Clippers,LAC,clippers,202335,Patrick,Patterson,P. Patterson,patrick-patterson,,DNP - Coach's Decision,54,,0,0,0,0,0,0,0,0,0,0,0,0,2020-21,Playoffs
0042000316,1610612746,LA,Clippers,LAC,clippers,200765,Rajon,Rondo,R. Rondo,rajon-rondo,,DNP - Coach's Decision,4,,0,0,0,0,0,0,0,0,0,0,0,0,2020-21,Playoffs
0042000401,1610612749,Milwaukee,Bucks,MIL,bucks,200782,P.J.,Tucker,P. Tucker,pj-tucker,F,,17,33:10,0,0,0,4,12,5,15,36,0,0,2,0,2020-21,Playoffs
0042000401,1610612749,Milwaukee,Bucks,MIL,bucks,203507,Giannis,Antetokounmpo,G. Antetokounmpo,giannis-antetokounmpo,F,,34,35:20,4,3,2,10,14,4,13,30,1,0,5,6,2020-21,Playoffs
0042000401,1610612749,Milwaukee,Bucks,MIL,bucks,201572,Brook,Lopez,B. Lopez,brook-lopez,C,,11,22:50,0,0,2,8,10,2,13,24,1,0,2,1,2020-21,Playoffs
0042000401,1610612749,Milwaukee,Bucks,MIL,bucks,203114,Khris,Middleton,K. Middleton,khris-middleton,G,,22,44:32,4,0,0,8,12,7,18,44,0,0,1,4,2020-21,Playoffs
0042000401,1610612749,Milwaukee,Bucks,MIL,bucks,201950,Jrue,Holiday,J. Holiday,jrue-holiday,G,,21,39:56,2,0,2,8,14,5,16,36,0,0,1,3,2020-21,Playoffs
0042000401,1610612749,Milwaukee,Bucks,MIL,bucks,1626171,Bobby,Portis,B. Portis,bobby-portis,,,9,14:15,0,0,2,2,2,5,7,18,0,0,0,0,2020-21,Playoffs
0042000401,1610612749,Milwaukee,Bucks,MIL,bucks,1627854,Bryn,Forbes,B. Forbes,bryn-forbes,,,7,11:58,0,0,3,0,6,0,8,6,0,0,2,0,2020-21,Playoffs
0042000401,1610612749,Milwaukee,Bucks,MIL,bucks,1626192,Pat,Connaughton,P. Connaughton,pat-connaughton,,,24,28:26,0,0,3,2,8,5,6,16,0,1,4,0,2020-21,Playoffs
0042000401,1610612749,Milwaukee,Bucks,MIL,bucks,201952,Jeff,Teague,J. Teague,jeff-teague,,,5,9:33,0,0,3,0,2,2,4,10,0,0,1,0,2020-21,Playoffs
0042000401,1610612749,Milwaukee,Bucks,MIL,bucks,203648,Thanasis,Antetokounmpo,T. Antetokounmpo,thanasis-antetokounmpo,,DNP - Coach's Decision,43,,0,0,0,0,0,0,0,0,0,0,0,0,2020-21,Playoffs
0042000401,1610612749,Milwaukee,Bucks,MIL,bucks,1629091,Elijah,Bryant,E. Bryant,elijah-bryant,,DNP - Coach's Decision,3,,0,0,0,0,0,0,0,0,0,0,0,0,2020-21,Playoffs
0042000401,1610612749,Milwaukee,Bucks,MIL,bucks,1629603,Mamadi,Diakite,M. Diakite,mamadi-diakite,,DNP - Coach's Decision,25,,0,0,0,0,0,0,0,0,0,0,0,0,2020-21,Playoffs
0042000401,1610612749,Milwaukee,Bucks,MIL,bucks,1628382,Justin,Jackson,J. Jackson,justin-jackson,,DNP - Coach's Decision,44,,0,0,0,0,0,0,0,0,0,0,0,0,2020-21,Playoffs
0042000401,1610612749,Milwaukee,Bucks,MIL,bucks,1630241,Sam,Merrill,S. Merrill,sam-merrill,,DNP - Coach's Decision,15,,0,0,0,0,0,0,0,0,0,0,0,0,2020-21,Playoffs
0042000401,1610612749,Milwaukee,Bucks,MIL,bucks,1629670,Jordan,Nwora,J. Nwora,jordan-nwora,,DNP - Coach's Decision,13,,0,0,0,0,0,0,0,0,0,0,0,0,2020-21,Playoffs
0042000401,1610612756,Phoenix,Suns,PHX,suns,1628969,Mikal,Bridges,M. Bridges,mikal-bridges,F,,25,29:42,4,0,6,6,4,1,6,20,0,1,0,1,2020-21,Playoffs
0042000401,1610612756,Phoenix,Suns,PHX,suns,203109,Jae,Crowder,J. Crowder,jae-crowder,F,,99,32:55,0,0,0,0,8,3,10,30,1,0,2,2,2020-21,Playoffs
0042000401,1610612756,Phoenix,Suns,PHX,suns,1629028,Deandre,Ayton,D. Ayton,deandre-ayton,C,,22,38:44,2,2,2,16,4,3,12,24,0,0,3,4,2020-21,Playoffs
0042000401,1610612756,Phoenix,Suns,PHX,suns,1626164,Devin,Booker,D. Booker,devin-booker,G,,1,41:53,4,0,4,8,8,3,11,36,0,0,3,6,2020-21,Playoffs
0042000401,1610612756,Phoenix,Suns,PHX,suns,101108,Chris,Paul,C. Paul,chris-paul,G,,3,37:22,6,3,5,8,6,3,12,32,0,0,0,4,2020-21,Playoffs
0042000401,1610612756,Phoenix,Suns,PHX,suns,1626166,Cameron,Payne,C. Payne,cameron-payne,,,15,16:45,0,0,3,4,6,0,11,16,0,0,1,0,2020-21,Playoffs
0042000401,1610612756,Phoenix,Suns,PHX,suns,203967,Dario,Saric,D. Saric,dario-saric,,,20,2:24,0,0,0,0,2,0,2,4,0,1,0,0,2020-21,Playoffs
0042000401,1610612756,Phoenix,Suns,PHX,suns,1629661,Cameron,Johnson,C. Johnson,cameron-johnson,,,23,20:36,0,0,0,0,6,2,12,22,0,0,2,1,2020-21,Playoffs
0042000401,1610612756,Phoenix,Suns,PHX,suns,1628470,Torrey,Craig,T. Craig,torrey-craig,,,12,15:46,0,2,0,2,4,0,9,18,0,0,3,0,2020-21,Playoffs
0042000401,1610612756,Phoenix,Suns,PHX,suns,1626163,Frank,Kaminsky,F. Kaminsky,frank-kaminsky,,,8,3:53,0,0,0,0,2,0,0,8,0,0,0,0,2020-21,Playoffs
0042000401,1610612756,Phoenix,Suns,PHX,suns,1628975,Jevon,Carter,J. Carter,jevon-carter,,DNP - Coach's Decision,4,,0,0,0,0,0,0,0,0,0,0,0,0,2020-21,Playoffs
0042000401,1610612756,Phoenix,Suns,PHX,suns,204038,Langston,Galloway,L. Galloway,langston-galloway,,DNP - Coach's Decision,2,,0,0,0,0,0,0,0,0,0,0,0,0,2020-21,Playoffs
0042000401,1610612756,Phoenix,Suns,PHX,suns,202734,E'Twaun,Moore,E. Moore,etwaun-moore,,DNP - Coach's Decision,55,,0,0,0,0,0,0,0,0,0,0,0,0,2020-21,Playoffs
0042000401,1610612756,Phoenix,Suns,PHX,suns,1627846,Abdel,Nader,A. Nader,abdel-nader,,DNP - Coach's Decision,11,,0,0,0,0,0,0,0,0,0,0,0,0,2020-21,Playoffs
0042000401,1610612756,Phoenix,Suns,PHX,suns,1630188,Jalen,Smith,J. Smith,jalen-smith,,DNP - Coach's Decision,10,,0,0,0,0,0,0,0,0,0,0,0,0,2020-21,Playoffs
0042000402,1610612749,Milwaukee,Bucks,MIL,bucks,200782,P.J.,Tucker,P. Tucker,pj-tucker,F,,17,34:59,3,5,0,4,10,14,7,22,0,0,2,1,2020-21,Playoffs
0042000402,1610612749,Milwaukee,Bucks,MIL,bucks,203507,Giannis,Antetokounmpo,G. Antetokounmpo,giannis-antetokounmpo,F,,34,40:08,8,7,9,22,13,14,2,18,3,0,3,11,2020-21,Playoffs
0042000402,1610612749,Milwaukee,Bucks,MIL,bucks,201572,Brook,Lopez,B. Lopez,brook-lopez,C,,11,27:57,0,4,2,8,6,8,7,16,2,0,2,0,2020-21,Playoffs
0042000402,1610612749,Milwaukee,Bucks,MIL,bucks,203114,Khris,Middleton,K. Middleton,khris-middleton,G,,22,41:17,0,0,0,4,15,19,7,24,0,1,3,2,2020-21,Playoffs
0042000402,1610612749,Milwaukee,Bucks,MIL,bucks,201950,Jrue,Holiday,J. Holiday,jrue-holiday,G,,21,39:25,2,0,3,10,10,14,7,28,2,1,4,3,2020-21,Playoffs
0042000402,1610612749,Milwaukee,Bucks,MIL,bucks,1626192,Pat,Connaughton,P. Connaughton,pat-connaughton,,,24,33:33,3,2,3,2,11,13,3,16,0,0,3,1,2020-21,Playoffs
0042000402,1610612749,Milwaukee,Bucks,MIL,bucks,201952,Jeff,Teague,J. Teague,jeff-teague,,,5,12:05,0,0,0,2,5,5,0,4,0,0,0,1,2020-21,Playoffs
0042000402,1610612749,Milwaukee,Bucks,MIL,bucks,1626171,Bobby,Portis,B. Portis,bobby-portis,,,9,4:39,0,2,0,2,3,3,0,2,0,0,0,0,2020-21,Playoffs
0042000402,1610612749,Milwaukee,Bucks,MIL,bucks,1627854,Bryn,Forbes,B. Forbes,bryn-forbes,,,7,5:39,0,3,0,0,2,5,2,10,0,0,0,0,2020-21,Playoffs
0042000402,1610612749,Milwaukee,Bucks,MIL,bucks,1629091,Elijah,Bryant,E. Bryant,elijah-bryant,,,3,0:18,0,0,0,0,0,0,0,0,0,0,0,0,2020-21,Playoffs
0042000402,1610612749,Milwaukee,Bucks,MIL,bucks,203648,Thanasis,Antetokounmpo,T. Antetokounmpo,thanasis-antetokounmpo,,DNP - Coach's Decision,43,,0,0,0,0,0,0,0,0,0,0,0,0,2020-21,Playoffs
0042000402,1610612749,Milwaukee,Bucks,MIL,bucks,1629603,Mamadi,Diakite,M. Diakite,mamadi-diakite,,DNP - Coach's Decision,25,,0,0,0,0,0,0,0,0,0,0,0,0,2020-21,Playoffs
0042000402,1610612749,Milwaukee,Bucks,MIL,bucks,1628382,Justin,Jackson,J. Jackson,justin-jackson,,DNP - Coach's Decision,44,,0,0,0,0,0,0,0,0,0,0,0,0,2020-21,Playoffs
0042000402,1610612749,Milwaukee,Bucks,MIL,bucks,1630241,Sam,Merrill,S. Merrill,sam-merrill,,DNP - Coach's Decision,15,,0,0,0,0,0,0,0,0,0,0,0,0,2020-21,Playoffs
0042000402,1610612749,Milwaukee,Bucks,MIL,bucks,1629670,Jordan,Nwora,J. Nwora,jordan-nwora,,DNP - Coach's Decision,13,,0,0,0,0,0,0,0,0,0,0,0,0,2020-21,Playoffs
0042000402,1610612756,Phoenix,Suns,PHX,suns,1628969,Mikal,Bridges,M. Bridges,mikal-bridges,F,,25,37:38,0,3,0,8,13,13,16,50,0,1,1,4,2020-21,Playoffs
0042000402,1610612756,Phoenix,Suns,PHX,suns,203109,Jae,Crowder,J. Crowder,jae-crowder,F,,99,37:07,0,2,0,0,10,17,13,38,0,1,4,0,2020-21,Playoffs
0042000402,1610612756,Phoenix,Suns,PHX,suns,1629028,Deandre,Ayton,D. Ayton,deandre-ayton,C,,22,42:15,5,3,2,8,16,18,17,52,2,2,4,2,2020-21,Playoffs
0042000402,1610612756,Phoenix,Suns,PHX,suns,1626164,Devin,Booker,D. Booker,devin-booker,G,,1,44:05,3,2,3,2,14,20,17,50,0,1,4,3,2020-21,Playoffs
0042000402,1610612756,Phoenix,Suns,PHX,suns,101108,Chris,Paul,C. Paul,chris-paul,G,,3,41:27,2,3,2,8,13,16,16,50,0,2,3,3,2020-21,Playoffs
0042000402,1610612756,Phoenix,Suns,PHX,suns,1626166,Cameron,Payne,C. Payne,cameron-payne,,,15,9:48,0,0,0,2,3,10,1,4,0,0,0,1,2020-21,Playoffs
0042000402,1610612756,Phoenix,Suns,PHX,suns,1629661,Cameron,Johnson,C. Johnson,cameron-johnson,,,23,18:19,2,6,0,0,6,14,4,20,0,0,2,2,2020-21,Playoffs
0042000402,1610612756,Phoenix,Suns,PHX,suns,1628470,Torrey,Craig,T. Craig,torrey-craig,,,12,7:40,3,0,0,0,3,7,1,2,0,0,1,1,2020-21,Playoffs
0042000402,1610612756,Phoenix,Suns,PHX,suns,1626163,Frank,Kaminsky,F. Kaminsky,frank-kaminsky,,,8,0:51,0,0,0,0,0,0,0,0,0,0,0,1,2020-21,Playoffs
0042000402,1610612756,Phoenix,Suns,PHX,suns,1627846,Abdel,Nader,A. Nader,abdel-nader,,,11,0:50,0,0,0,0,2,0,0,4,0,0,0,0,2020-21,Playoffs
0042000402,1610612756,Phoenix,Suns,PHX,suns,1630234,Ty-Shon,Alexander,T. Alexander,ty-shon-alexander,,DNP - Coach's Decision,0,,0,0,0,0,0,0,0,0,0,0,0,0,2020-21,Playoffs
0042000402,1610612756,Phoenix,Suns,PHX,suns,1628975,Jevon,Carter,J. Carter,jevon-carter,,DNP - Coach's Decision,4,,0,0,0,0,0,0,0,0,0,0,0,0,2020-21,Playoffs
0042000402,1610612756,Phoenix,Suns,PHX,suns,204038,Langston,Galloway,L. Galloway,langston-galloway,,DNP - Coach's Decision,2,,0,0,0,0,0,0,0,0,0,0,0,0,2020-21,Playoffs
0042000402,1610612756,Phoenix,Suns,PHX,suns,202734,E'Twaun,Moore,E. Moore,etwaun-moore,,DNP - Coach's Decision,55,,0,0,0,0,0,0,0,0,0,0,0,0,2020-21,Playoffs
0042000402,1610612756,Phoenix,Suns,PHX,suns,1630188,Jalen,Smith,J. Smith,jalen-smith,,DNP - Coach's Decision,10,,0,0,0,0,0,0,0,0,0,0,0,0,2020-21,Playoffs
0042000403,1610612756,Phoenix,Suns,PHX,suns,1628969,Mikal,Bridges,M. Bridges,mikal-bridges,F,,25,27:21,0,0,2,4,13,17,4,34,1,0,2,0,2020-21,Playoffs
0042000403,1610612756,Phoenix,Suns,PHX,suns,203109,Jae,Crowder,J. Crowder,jae-crowder,F,,99,32:57,0,0,0,0,7,12,13,38,1,0,3,2,2020-21,Playoffs
0042000403,1610612756,Phoenix,Suns,PHX,suns,1629028,Deandre,Ayton,D. Ayton,deandre-ayton,C,,22,24:23,2,0,2,10,11,10,8,28,0,0,5,4,2020-21,Playoffs
0042000403,1610612756,Phoenix,Suns,PHX,suns,1626164,Devin,Booker,D. Booker,devin-booker,G,,1,29:07,0,0,0,0,5,18,13,36,0,1,2,3,2020-21,Playoffs
0042000403,1610612756,Phoenix,Suns,PHX,suns,101108,Chris,Paul,C. Paul,chris-paul,G,,3,33:41,0,0,0,4,15,17,7,38,0,0,2,1,2020-21,Playoffs
0042000403,1610612756,Phoenix,Suns,PHX,suns,1629661,Cameron,Johnson,C. Johnson,cameron-johnson,,,23,30:20,8,2,2,8,8,13,12,30,1,0,5,3,2020-21,Playoffs
0042000403,1610612756,Phoenix,Suns,PHX,suns,1626166,Cameron,Payne,C. Payne,cameron-payne,,,15,24:48,0,0,0,6,12,5,12,28,0,1,2,3,2020-21,Playoffs
0042000403,1610612756,Phoenix,Suns,PHX,suns,1628470,Torrey,Craig,T. Craig,torrey-craig,,,12,15:04,0,0,0,2,10,5,3,14,0,0,1,1,2020-21,Playoffs
0042000403,1610612756,Phoenix,Suns,PHX,suns,1626163,Frank,Kaminsky,F. Kaminsky,frank-kaminsky,,,8,13:43,0,0,0,6,2,3,8,20,0,0,1,1,2020-21,Playoffs
0042000403,1610612756,Phoenix,Suns,PHX,suns,1627846,Abdel,Nader,A. Nader,abdel-nader,,,11,7:18,0,0,0,0,2,0,0,4,0,0,1,0,2020-21,Playoffs
0042000403,1610612756,Phoenix,Suns,PHX,suns,1630234,Ty-Shon,Alexander,T. Alexander,ty-shon-alexander,,,0,1:18,0,0,0,0,0,0,0,0,0,0,0,0,2020-21,Playoffs
0042000403,1610612756,Phoenix,Suns,PHX,suns,1628975,Jevon,Carter,J. Carter,jevon-carter,,DNP - Coach's Decision,4,,0,0,0,0,0,0,0,0,0,0,0,0,2020-21,Playoffs
0042000403,1610612756,Phoenix,Suns,PHX,suns,204038,Langston,Galloway,L. Galloway,langston-galloway,,DNP - Coach's Decision,2,,0,0,0,0,0,0,0,0,0,0,0,0,2020-21,Playoffs
0042000403,1610612756,Phoenix,Suns,PHX,suns,202734,E'Twaun,Moore,E. Moore,etwaun-moore,,DNP - Coach's Decision,55,,0,0,0,0,0,0,0,0,0,0,0,0,2020-21,Playoffs
0042000403,1610612756,Phoenix,Suns,PHX,suns,1630188,Jalen,Smith,J. Smith,jalen-smith,,DNP - Coach's Decision,10,,0,0,0,0,0,0,0,0,0,0,0,0,2020-21,Playoffs
0042000403,1610612749,Milwaukee,Bucks,MIL,bucks,200782,P.J.,Tucker,P. Tucker,pj-tucker,F,,17,29:47,2,0,0,4,8,0,6,34,0,1,5,1,2020-21,Playoffs
0042000403,1610612749,Milwaukee,Bucks,MIL,bucks,203507,Giannis,Antetokounmpo,G. Antetokounmpo,giannis-antetokounmpo,F,,34,37:40,9,12,5,28,10,2,6,28,0,0,3,13,2020-21,Playoffs
0042000403,1610612749,Milwaukee,Bucks,MIL,bucks,201572,Brook,Lopez,B. Lopez,brook-lopez,C,,11,21:11,0,0,3,6,4,2,2,18,1,0,2,2,2020-21,Playoffs
0042000403,1610612749,Milwaukee,Bucks,MIL,bucks,203114,Khris,Middleton,K. Middleton,khris-middleton,G,,22,40:52,6,3,0,2,10,2,6,36,0,0,3,3,2020-21,Playoffs
0042000403,1610612749,Milwaukee,Bucks,MIL,bucks,201950,Jrue,Holiday,J. Holiday,jrue-holiday,G,,21,40:09,0,3,6,6,8,0,6,36,1,0,0,1,2020-21,Playoffs
0042000403,1610612749,Milwaukee,Bucks,MIL,bucks,1626192,Pat,Connaughton,P. Connaughton,pat-connaughton,,,24,30:01,0,0,0,2,8,2,4,28,0,0,1,1,2020-21,Playoffs
0042000403,1610612749,Milwaukee,Bucks,MIL,bucks,1626171,Bobby,Portis,B. Portis,bobby-portis,,,9,18:17,0,2,2,6,0,0,0,10,0,2,3,2,2020-21,Playoffs
0042000403,1610612749,Milwaukee,Bucks,MIL,bucks,201952,Jeff,Teague,J. Teague,jeff-teague,,,5,13:41,0,0,0,0,2,2,0,8,0,0,0,1,2020-21,Playoffs
0042000403,1610612749,Milwaukee,Bucks,MIL,bucks,203648,Thanasis,Antetokounmpo,T. Antetokounmpo,thanasis-antetokounmpo,,,43,1:34,0,0,0,0,0,0,0,0,0,0,1,0,2020-21,Playoffs
0042000403,1610612749,Milwaukee,Bucks,MIL,bucks,1627854,Bryn,Forbes,B. Forbes,bryn-forbes,,,7,4:13,0,0,0,0,0,0,0,2,0,0,0,0,2020-21,Playoffs
0042000403,1610612749,Milwaukee,Bucks,MIL,bucks,1629670,Jordan,Nwora,J. Nwora,jordan-nwora,,,13,1:18,0,0,0,0,0,0,0,0,0,0,0,0,2020-21,Playoffs
0042000403,1610612749,Milwaukee,Bucks,MIL,bucks,1630241,Sam,Merrill,S. Merrill,sam-merrill,,,15,1:18,0,0,0,0,0,0,0,0,0,0,0,0,2020-21,Playoffs
0042000403,1610612749,Milwaukee,Bucks,MIL,bucks,1629091,Elijah,Bryant,E. Bryant,elijah-bryant,,DNP - Coach's Decision,3,,0,0,0,0,0,0,0,0,0,0,0,0,2020-21,Playoffs
0042000403,1610612749,Milwaukee,Bucks,MIL,bucks,1629603,Mamadi,Diakite,M. Diakite,mamadi-diakite,,DNP - Coach's Decision,25,,0,0,0,0,0,0,0,0,0,0,0,0,2020-21,Playoffs
0042000403,1610612749,Milwaukee,Bucks,MIL,bucks,1628382,Justin,Jackson,J. Jackson,justin-jackson,,DNP - Coach's Decision,44,,0,0,0,0,0,0,0,0,0,0,0,0,2020-21,Playoffs
0042000404,1610612756,Phoenix,Suns,PHX,suns,1628969,Mikal,Bridges,M. Bridges,mikal-bridges,F,,25,25:30,2,0,0,4,12,8,6,20,1,0,2,2,2020-21,Playoffs
0042000404,1610612756,Phoenix,Suns,PHX,suns,203109,Jae,Crowder,J. Crowder,jae-crowder,F,,99,39:29,1,3,0,0,20,13,13,36,3,0,5,4,2020-21,Playoffs
0042000404,1610612756,Phoenix,Suns,PHX,suns,1629028,Deandre,Ayton,D. Ayton,deandre-ayton,C,,22,38:38,0,0,0,4,22,15,13,38,3,1,2,2,2020-21,Playoffs
0042000404,1610612756,Phoenix,Suns,PHX,suns,1626164,Devin,Booker,D. Booker,devin-booker,G,,1,38:30,2,2,0,20,14,14,11,36,1,0,5,7,2020-21,Playoffs
0042000404,1610612756,Phoenix,Suns,PHX,suns,101108,Chris,Paul,C. Paul,chris-paul,G,,3,36:37,0,0,0,6,20,15,13,40,0,1,4,1,2020-21,Playoffs
0042000404,1610612756,Phoenix,Suns,PHX,suns,1626166,Cameron,Payne,C. Payne,cameron-payne,,,15,17:19,0,0,0,4,12,7,4,16,0,1,2,1,2020-21,Playoffs
0042000404,1610612756,Phoenix,Suns,PHX,suns,1628470,Torrey,Craig,T. Craig,torrey-craig,,,12,15:23,0,0,0,2,4,8,4,18,0,0,1,1,2020-21,Playoffs
0042000404,1610612756,Phoenix,Suns,PHX,suns,1629661,Cameron,Johnson,C. Johnson,cameron-johnson,,,23,28:34,0,2,0,0,16,15,11,36,1,0,3,0,2020-21,Playoffs
0042000404,1610612756,Phoenix,Suns,PHX,suns,1630234,Ty-Shon,Alexander,T. Alexander,ty-shon-alexander,,DNP - Coach's Decision,0,,0,0,0,0,0,0,0,0,0,0,0,0,2020-21,Playoffs
0042000404,1610612756,Phoenix,Suns,PHX,suns,1628975,Jevon,Carter,J. Carter,jevon-carter,,DNP - Coach's Decision,4,,0,0,0,0,0,0,0,0,0,0,0,0,2020-21,Playoffs
0042000404,1610612756,Phoenix,Suns,PHX,suns,204038,Langston,Galloway,L. Galloway,langston-galloway,,DNP - Coach's Decision,2,,0,0,0,0,0,0,0,0,0,0,0,0,2020-21,Playoffs
0042000404,1610612756,Phoenix,Suns,PHX,suns,1626163,Frank,Kaminsky,F. Kaminsky,frank-kaminsky,,DNP - Coach's Decision,8,,0,0,0,0,0,0,0,0,0,0,0,0,2020-21,Playoffs
0042000404,1610612756,Phoenix,Suns,PHX,suns,202734,E'Twaun,Moore,E. Moore,etwaun-moore,,DNP - Coach's Decision,55,,0,0,0,0,0,0,0,0,0,0,0,0,2020-21,Playoffs
0042000404,1610612756,Phoenix,Suns,PHX,suns,1627846,Abdel,Nader,A. Nader,abdel-nader,,DNP - Coach's Decision,11,,0,0,0,0,0,0,0,0,0,0,0,0,2020-21,Playoffs
0042000404,1610612756,Phoenix,Suns,PHX,suns,1630188,Jalen,Smith,J. Smith,jalen-smith,,DNP - Coach's Decision,10,,0,0,0,0,0,0,0,0,0,0,0,0,2020-21,Playoffs
0042000404,1610612749,Milwaukee,Bucks,MIL,bucks,200782,P.J.,Tucker,P. Tucker,pj-tucker,F,,17,29:16,0,0,0,0,3,5,0,26,0,0,5,1,2020-21,Playoffs
0042000404,1610612749,Milwaukee,Bucks,MIL,bucks,203507,Giannis,Antetokounmpo,G. Antetokounmpo,giannis-antetokounmpo,F,,34,42:49,9,7,6,20,3,5,0,38,2,1,3,9,2020-21,Playoffs
0042000404,1610612749,Milwaukee,Bucks,MIL,bucks,201572,Brook,Lopez,B. Lopez,brook-lopez,C,,11,19:11,6,6,2,8,2,2,0,22,0,0,3,3,2020-21,Playoffs
0042000404,1610612749,Milwaukee,Bucks,MIL,bucks,203114,Khris,Middleton,K. Middleton,khris-middleton,G,,22,43:00,4,2,2,12,4,7,0,38,0,4,1,5,2020-21,Playoffs
0042000404,1610612749,Milwaukee,Bucks,MIL,bucks,201950,Jrue,Holiday,J. Holiday,jrue-holiday,G,,21,42:39,2,2,0,6,5,7,0,30,0,2,1,4,2020-21,Playoffs
0042000404,1610612749,Milwaukee,Bucks,MIL,bucks,1626192,Pat,Connaughton,P. Connaughton,pat-connaughton,,,24,31:40,3,2,3,2,5,4,0,22,0,1,4,1,2020-21,Playoffs
0042000404,1610612749,Milwaukee,Bucks,MIL,bucks,1626171,Bobby,Portis,B. Portis,bobby-portis,,,9,20:27,0,0,0,0,3,5,0,10,1,1,1,0,2020-21,Playoffs
0042000404,1610612749,Milwaukee,Bucks,MIL,bucks,201952,Jeff,Teague,J. Teague,jeff-teague,,,5,10:58,0,0,2,0,0,0,0,14,0,0,0,1,2020-21,Playoffs
0042000404,1610612749,Milwaukee,Bucks,MIL,bucks,203648,Thanasis,Antetokounmpo,T. Antetokounmpo,thanasis-antetokounmpo,,DNP - Coach's Decision,43,,0,0,0,0,0,0,0,0,0,0,0,0,2020-21,Playoffs
0042000404,1610612749,Milwaukee,Bucks,MIL,bucks,1629091,Elijah,Bryant,E. Bryant,elijah-bryant,,DNP - Coach's Decision,3,,0,0,0,0,0,0,0,0,0,0,0,0,2020-21,Playoffs
0042000404,1610612749,Milwaukee,Bucks,MIL,bucks,1629603,Mamadi,Diakite,M. Diakite,mamadi-diakite,,DNP - Coach's Decision,25,,0,0,0,0,0,0,0,0,0,0,0,0,2020-21,Playoffs
0042000404,1610612749,Milwaukee,Bucks,MIL,bucks,1627854,Bryn,Forbes,B. Forbes,bryn-forbes,,DNP - Coach's Decision,7,,0,0,0,0,0,0,0,0,0,0,0,0,2020-21,Playoffs
0042000404,1610612749,Milwaukee,Bucks,MIL,bucks,1628382,Justin,Jackson,J. Jackson,justin-jackson,,DNP - Coach's Decision,44,,0,0,0,0,0,0,0,0,0,0,0,0,2020-21,Playoffs
0042000404,1610612749,Milwaukee,Bucks,MIL,bucks,1629670,Jordan,Nwora,J. Nwora,jordan-nwora,,DNP - Coach's Decision,13,,0,0,0,0,0,0,0,0,0,0,0,0,2020-21,Playoffs
0042000404,1610612749,Milwaukee,Bucks,MIL,bucks,1626253,Axel,Toupane,A. Toupane,axel-toupane,,DNP - Coach's Decision,66,,0,0,0,0,0,0,0,0,0,0,0,0,2020-21,Playoffs
0042000405,1610612749,Milwaukee,Bucks,MIL,bucks,200782,P.J.,Tucker,P. Tucker,pj-tucker,F,,17,24:08,0,0,0,0,10,2,2,34,0,0,5,0,2020-21,Playoffs
0042000405,1610612749,Milwaukee,Bucks,MIL,bucks,203507,Giannis,Antetokounmpo,G. Antetokounmpo,giannis-antetokounmpo,F,,34,40:35,6,6,2,24,17,12,6,44,0,1,2,10,2020-21,Playoffs
0042000405,1610612749,Milwaukee,Bucks,MIL,bucks,201572,Brook,Lopez,B. Lopez,brook-lopez,C,,11,28:42,0,0,4,6,12,6,10,30,0,0,2,1,2020-21,Playoffs
0042000405,1610612749,Milwaukee,Bucks,MIL,bucks,203114,Khris,Middleton,K. Middleton,khris-middleton,G,,22,44:23,4,3,3,4,15,12,12,52,0,3,3,4,2020-21,Playoffs
0042000405,1610612749,Milwaukee,Bucks,MIL,bucks,201950,Jrue,Holiday,J. Holiday,jrue-holiday,G,,21,41:57,3,0,3,10,12,11,10,42,1,1,4,1,2020-21,Playoffs
0042000405,1610612749,Milwaukee,Bucks,MIL,bucks,201952,Jeff,Teague,J. Teague,jeff-teague,,,5,7:33,0,0,0,0,5,3,2,8,0,0,1,0,2020-21,Playoffs
0042000405,1610612749,Milwaukee,Bucks,MIL,bucks,1626192,Pat,Connaughton,P. Connaughton,pat-connaughton,,,24,33:23,3,0,6,0,9,12,10,36,0,0,0,2,2020-21,Playoffs
0042000405,1610612749,Milwaukee,Bucks,MIL,bucks,1626171,Bobby,Portis,B. Portis,bobby-portis,,,9,19:19,0,3,3,2,5,12,8,14,0,0,0,2,2020-21,Playoffs
0042000405,1610612749,Milwaukee,Bucks,MIL,bucks,1629091,Elijah,Bryant,E. Bryant,elijah-bryant,,DNP - Coach's Decision,3,,0,0,0,0,0,0,0,0,0,0,0,0,2020-21,Playoffs
0042000405,1610612749,Milwaukee,Bucks,MIL,bucks,1629603,Mamadi,Diakite,M. Diakite,mamadi-diakite,,DNP - Coach's Decision,25,,0,0,0,0,0,0,0,0,0,0,0,0,2020-21,Playoffs
0042000405,1610612749,Milwaukee,Bucks,MIL,bucks,1627854,Bryn,Forbes,B. Forbes,bryn-forbes,,DNP - Coach's Decision,7,,0,0,0,0,0,0,0,0,0,0,0,0,2020-21,Playoffs
0042000405,1610612749,Milwaukee,Bucks,MIL,bucks,1628382,Justin,Jackson,J. Jackson,justin-jackson,,DNP - Coach's Decision,44,,0,0,0,0,0,0,0,0,0,0,0,0,2020-21,Playoffs
0042000405,1610612749,Milwaukee,Bucks,MIL,bucks,1629670,Jordan,Nwora,J. Nwora,jordan-nwora,,DNP - Coach's Decision,13,,0,0,0,0,0,0,0,0,0,0,0,0,2020-21,Playoffs
0042000405,1610612749,Milwaukee,Bucks,MIL,bucks,1626253,Axel,Toupane,A. Toupane,axel-toupane,,DNP - Coach's Decision,66,,0,0,0,0,0,0,0,0,0,0,0,0,2020-21,Playoffs
0042000405,1610612756,Phoenix,Suns,PHX,suns,1628969,Mikal,Bridges,M. Bridges,mikal-bridges,F,,25,32:44,3,6,2,4,11,10,13,28,1,0,1,1,2020-21,Playoffs
0042000405,1610612756,Phoenix,Suns,PHX,suns,203109,Jae,Crowder,J. Crowder,jae-crowder,F,,99,40:09,2,0,2,4,9,10,18,38,0,0,3,1,2020-21,Playoffs
0042000405,1610612756,Phoenix,Suns,PHX,suns,1629028,Deandre,Ayton,D. Ayton,deandre-ayton,C,,22,44:49,8,4,0,12,16,12,17,36,2,0,4,4,2020-21,Playoffs
0042000405,1610612756,Phoenix,Suns,PHX,suns,1626164,Devin,Booker,D. Booker,devin-booker,G,,1,41:32,4,2,2,20,16,9,14,36,1,1,5,6,2020-21,Playoffs
0042000405,1610612756,Phoenix,Suns,PHX,suns,101108,Chris,Paul,C. Paul,chris-paul,G,,3,35:21,0,0,0,6,11,12,18,34,1,0,5,3,2020-21,Playoffs
0042000405,1610612756,Phoenix,Suns,PHX,suns,1626166,Cameron,Payne,C. Payne,cameron-payne,,,15,14:34,0,2,0,6,5,0,5,16,0,0,1,1,2020-21,Playoffs
0042000405,1610612756,Phoenix,Suns,PHX,suns,1629661,Cameron,Johnson,C. Johnson,cameron-johnson,,,23,21:52,0,0,6,0,7,7,13,26,0,0,0,1,2020-21,Playoffs
0042000405,1610612756,Phoenix,Suns,PHX,suns,1628470,Torrey,Craig,T. Craig,torrey-craig,,,12,8:59,0,0,0,0,5,0,7,16,0,0,1,0,2020-21,Playoffs
0042000405,1610612756,Phoenix,Suns,PHX,suns,1630234,Ty-Shon,Alexander,T. Alexander,ty-shon-alexander,,DNP - Coach's Decision,0,,0,0,0,0,0,0,0,0,0,0,0,0,2020-21,Playoffs
0042000405,1610612756,Phoenix,Suns,PHX,suns,1628975,Jevon,Carter,J. Carter,jevon-carter,,DNP - Coach's Decision,4,,0,0,0,0,0,0,0,0,0,0,0,0,2020-21,Playoffs
0042000405,1610612756,Phoenix,Suns,PHX,suns,204038,Langston,Galloway,L. Galloway,langston-galloway,,DNP - Coach's Decision,2,,0,0,0,0,0,0,0,0,0,0,0,0,2020-21,Playoffs
0042000405,1610612756,Phoenix,Suns,PHX,suns,1626163,Frank,Kaminsky,F. Kaminsky,frank-kaminsky,,DNP - Coach's Decision,8,,0,0,0,0,0,0,0,0,0,0,0,0,2020-21,Playoffs
0042000405,1610612756,Phoenix,Suns,PHX,suns,202734,E'Twaun,Moore,E. Moore,etwaun-moore,,DNP - Coach's Decision,55,,0,0,0,0,0,0,0,0,0,0,0,0,2020-21,Playoffs
0042000405,1610612756,Phoenix,Suns,PHX,suns,1627846,Abdel,Nader,A. Nader,abdel-nader,,DNP - Coach's Decision,11,,0,0,0,0,0,0,0,0,0,0,0,0,2020-21,Playoffs
0042000405,1610612756,Phoenix,Suns,PHX,suns,1630188,Jalen,Smith,J. Smith,jalen-smith,,DNP - Coach's Decision,10,,0,0,0,0,0,0,0,0,0,0,0,0,2020-21,Playoffs
0042000406,1610612756,Phoenix,Suns,PHX,suns,1628969,Mikal,Bridges,M. Bridges,mikal-bridges,F,,25,39:28,1,0,5,4,10,11,11,46,0,1,4,2,2020-21,Playoffs
0042000406,1610612756,Phoenix,Suns,PHX,suns,203109,Jae,Crowder,J. Crowder,jae-crowder,F,,99,40:33,4,3,0,2,10,10,8,44,1,0,3,4,2020-21,Playoffs
0042000406,1610612756,Phoenix,Suns,PHX,suns,1629028,Deandre,Ayton,D. Ayton,deandre-ayton,C,,22,36:12,4,2,0,8,10,9,6,42,2,1,5,3,2020-21,Playoffs
0042000406,1610612756,Phoenix,Suns,PHX,suns,1626164,Devin,Booker,D. Booker,devin-booker,G,,1,46:15,4,0,4,10,10,14,11,50,0,3,4,6,2020-21,Playoffs
0042000406,1610612756,Phoenix,Suns,PHX,suns,101108,Chris,Paul,C. Paul,chris-paul,G,,3,39:13,3,0,0,10,10,9,11,40,0,0,5,2,2020-21,Playoffs
0042000406,1610612756,Phoenix,Suns,PHX,suns,1629661,Cameron,Johnson,C. Johnson,cameron-johnson,,,23,16:04,0,0,0,0,0,7,3,10,1,0,0,0,2020-21,Playoffs
0042000406,1610612756,Phoenix,Suns,PHX,suns,1626163,Frank,Kaminsky,F. Kaminsky,frank-kaminsky,,,8,10:60,0,0,2,6,0,5,5,8,0,0,0,0,2020-21,Playoffs
0042000406,1610612756,Phoenix,Suns,PHX,suns,1626166,Cameron,Payne,C. Payne,cameron-payne,,,15,10:27,0,0,0,4,0,5,0,10,0,1,0,0,2020-21,Playoffs
0042000406,1610612756,Phoenix,Suns,PHX,suns,1628470,Torrey,Craig,T. Craig,torrey-craig,,,12,0:49,0,0,0,0,0,0,0,0,0,0,0,0,2020-21,Playoffs
0042000406,1610612756,Phoenix,Suns,PHX,suns,1630234,Ty-Shon,Alexander,T. Alexander,ty-shon-alexander,,DNP - Coach's Decision,0,,0,0,0,0,0,0,0,0,0,0,0,0,2020-21,Playoffs
0042000406,1610612756,Phoenix,Suns,PHX,suns,1628975,Jevon,Carter,J. Carter,jevon-carter,,DNP - Coach's Decision,4,,0,0,0,0,0,0,0,0,0,0,0,0,2020-21,Playoffs
0042000406,1610612756,Phoenix,Suns,PHX,suns,204038,Langston,Galloway,L. Galloway,langston-galloway,,DNP - Coach's Decision,2,,0,0,0,0,0,0,0,0,0,0,0,0,2020-21,Playoffs
0042000406,1610612756,Phoenix,Suns,PHX,suns,202734,E'Twaun,Moore,E. Moore,etwaun-moore,,DNP - Coach's Decision,55,,0,0,0,0,0,0,0,0,0,0,0,0,2020-21,Playoffs
0042000406,1610612756,Phoenix,Suns,PHX,suns,1627846,Abdel,Nader,A. Nader,abdel-nader,,DNP - Coach's Decision,11,,0,0,0,0,0,0,0,0,0,0,0,0,2020-21,Playoffs
0042000406,1610612756,Phoenix,Suns,PHX,suns,1630188,Jalen,Smith,J. Smith,jalen-smith,,DNP - Coach's Decision,10,,0,0,0,0,0,0,0,0,0,0,0,0,2020-21,Playoffs
0042000406,1610612749,Milwaukee,Bucks,MIL,bucks,200782,P.J.,Tucker,P. Tucker,pj-tucker,F,,17,36:27,0,0,0,0,14,5,7,34,0,0,2,1,2020-21,Playoffs
0042000406,1610612749,Milwaukee,Bucks,MIL,bucks,203507,Giannis,Antetokounmpo,G. Antetokounmpo,giannis-antetokounmpo,F,,34,42:27,4,5,4,30,10,5,11,34,5,1,2,12,2020-21,Playoffs
0042000406,1610612749,Milwaukee,Bucks,MIL,bucks,201572,Brook,Lopez,B. Lopez,brook-lopez,C,,11,26:45,2,4,0,10,3,3,4,16,0,0,2,0,2020-21,Playoffs
0042000406,1610612749,Milwaukee,Bucks,MIL,bucks,203114,Khris,Middleton,K. Middleton,khris-middleton,G,,22,40:38,2,0,2,4,15,2,10,32,0,0,3,2,2020-21,Playoffs
0042000406,1610612749,Milwaukee,Bucks,MIL,bucks,201950,Jrue,Holiday,J. Holiday,jrue-holiday,G,,21,46:17,2,3,5,4,16,5,11,42,0,2,1,1,2020-21,Playoffs
0042000406,1610612749,Milwaukee,Bucks,MIL,bucks,1626192,Pat,Connaughton,P. Connaughton,pat-connaughton,,,24,22:56,0,0,0,0,11,3,5,32,0,0,2,4,2020-21,Playoffs
0042000406,1610612749,Milwaukee,Bucks,MIL,bucks,1626171,Bobby,Portis,B. Portis,bobby-portis,,,9,22:47,0,2,0,2,11,2,7,28,1,1,5,1,2020-21,Playoffs
0042000406,1610612749,Milwaukee,Bucks,MIL,bucks,201952,Jeff,Teague,J. Teague,jeff-teague,,,5,1:43,0,0,0,0,0,0,0,2,0,0,0,0,2020-21,Playoffs
0042000406,1610612749,Milwaukee,Bucks,MIL,bucks,1629091,Elijah,Bryant,E. Bryant,elijah-bryant,,DNP - Coach's Decision,3,,0,0,0,0,0,0,0,0,0,0,0,0,2020-21,Playoffs
0042000406,1610612749,Milwaukee,Bucks,MIL,bucks,1629603,Mamadi,Diakite,M. Diakite,mamadi-diakite,,DNP - Coach's Decision,25,,0,0,0,0,0,0,0,0,0,0,0,0,2020-21,Playoffs
0042000406,1610612749,Milwaukee,Bucks,MIL,bucks,1627854,Bryn,Forbes,B. Forbes,bryn-forbes,,DNP - Coach's Decision,7,,0,0,0,0,0,0,0,0,0,0,0,0,2020-21,Playoffs
0042000406,1610612749,Milwaukee,Bucks,MIL,bucks,1628382,Justin,Jackson,J. Jackson,justin-jackson,,DNP - Coach's Decision,44,,0,0,0,0,0,0,0,0,0,0,0,0,2020-21,Playoffs
0042000406,1610612749,Milwaukee,Bucks,MIL,bucks,1630241,Sam,Merrill,S. Merrill,sam-merrill,,DNP - Coach's Decision,15,,0,0,0,0,0,0,0,0,0,0,0,0,2020-21,Playoffs
0042000406,1610612749,Milwaukee,Bucks,MIL,bucks,1629670,Jordan,Nwora,J. Nwora,jordan-nwora,,DNP - Coach's Decision,13,,0,0,0,0,0,0,0,0,0,0,0,0,2020-21,Playoffs
0042000406,1610612749,Milwaukee,Bucks,MIL,bucks,1626253,Axel,Toupane,A. Toupane,axel-toupane,,DNP - Coach's Decision,66,,0,0,0,0,0,0,0,0,0,0,0,0,2020-21,Playoffs
