gameId,teamId,teamCity,teamName,teamTricode,teamSlug,personId,firstName,familyName,nameI,playerSlug,position,comment,jerseyNum,minutes,pointsOffTurnovers,pointsSecondChance,pointsFastBreak,pointsPaint,oppPointsOffTurnovers,oppPointsSecondChance,oppPointsFastBreak,oppPointsPaint,blocks,blocksAgainst,foulsPersonal,foulsDrawn,SEASON,SEASON_TYPE
0041900101,1610612753,Orlando,Magic,ORL,magic,203516,James,Ennis III,J. Ennis III,james-ennis-iii,F,,11,31:20,3,0,0,2,8,8,7,28,1,0,4,3,2019-20,Playoffs
0041900101,1610612753,Orlando,Magic,ORL,magic,1629109,Gary,Clark,G. Clark,gary-clark,F,,12,28:24,3,0,3,0,10,5,9,28,0,0,2,2,2019-20,Playoffs
0041900101,1610612753,Orlando,Magic,ORL,magic,202696,Nikola,Vučević,N. Vučević,nikola-vučević,C,,9,36:31,7,2,3,14,10,7,10,34,0,0,3,2,2019-20,Playoffs
0041900101,1610612753,Orlando,Magic,ORL,magic,203095,Evan,Fournier,E. Fournier,evan-fournier,G,,10,35:33,6,3,0,0,12,7,10,34,0,0,4,0,2019-20,Playoffs
0041900101,1610612753,Orlando,Magic,ORL,magic,1628365,Markelle,Fultz,M. Fultz,markelle-fultz,G,,20,29:22,0,0,2,4,10,5,10,28,1,0,3,1,2019-20,Playoffs
0041900101,1610612753,Orlando,Magic,ORL,magic,203082,Terrence,Ross,T. Ross,terrence-ross,,,31,28:28,4,0,2,10,7,7,1,24,0,1,5,3,2019-20,Playoffs
0041900101,1610612753,Orlando,Magic,ORL,magic,1628411,Wes,Iwundu,W. Iwundu,wes-iwundu,,,25,12:27,0,0,2,2,2,3,0,8,0,0,2,1,2019-20,Playoffs
0041900101,1610612753,Orlando,Magic,ORL,magic,201571,D.J.,Augustin,D. Augustin,dj-augustin,,,14,23:28,2,2,0,4,7,5,3,16,0,1,0,5,2019-20,Playoffs
0041900101,1610612753,Orlando,Magic,ORL,magic,203920,Khem,Birch,K. Birch,khem-birch,,,24,14:27,0,2,0,2,4,3,0,10,0,1,3,2,2019-20,Playoffs
0041900101,1610612753,Orlando,Magic,ORL,magic,1628982,Melvin,Frazier Jr.,M. Frazier Jr.,melvin-frazier-jr,,DNP - Coach's Decision,35,,0,0,0,0,0,0,0,0,0,0,0,0,2019-20,Playoffs
0041900101,1610612753,Orlando,Magic,ORL,magic,1629168,BJ,Johnson,B. Johnson,bj-johnson,,DNP - Coach's Decision,13,,0,0,0,0,0,0,0,0,0,0,0,0,2019-20,Playoffs
0041900101,1610612753,Orlando,Magic,ORL,magic,1629724,Vic,Law,V. Law,vic-law,,DNP - Coach's Decision,23,,0,0,0,0,0,0,0,0,0,0,0,0,2019-20,Playoffs
0041900101,1610612749,Milwaukee,Bucks,MIL,bucks,203114,Khris,Middleton,K. Middleton,khris-middleton,F,,22,31:16,0,3,2,0,20,5,8,24,1,0,4,4,2019-20,Playoffs
0041900101,1610612749,Milwaukee,Bucks,MIL,bucks,203507,Giannis,Antetokounmpo,G. Antetokounmpo,giannis-antetokounmpo,F,,34,34:27,4,2,1,16,19,7,12,28,0,1,5,8,2019-20,Playoffs
0041900101,1610612749,Milwaukee,Bucks,MIL,bucks,201572,Brook,Lopez,B. Lopez,brook-lopez,C,,11,29:39,2,0,0,4,20,4,10,24,1,1,2,2,2019-20,Playoffs
0041900101,1610612749,Milwaukee,Bucks,MIL,bucks,202083,Wesley,Matthews,W. Matthews,wesley-matthews,G,,9,25:45,0,5,3,4,16,2,10,22,0,0,0,1,2019-20,Playoffs
0041900101,1610612749,Milwaukee,Bucks,MIL,bucks,202339,Eric,Bledsoe,E. Bledsoe,eric-bledsoe,G,,6,27:45,4,0,4,8,20,7,10,24,1,0,1,4,2019-20,Playoffs
0041900101,1610612749,Milwaukee,Bucks,MIL,bucks,201588,George,Hill,G. Hill,george-hill,,,3,26:47,2,0,0,6,10,7,4,22,0,0,1,4,2019-20,Playoffs
0041900101,1610612749,Milwaukee,Bucks,MIL,bucks,1628978,Donte,DiVincenzo,D. DiVincenzo,donte-divincenzo,,,0,12:43,2,0,0,2,0,2,2,8,0,0,0,0,2019-20,Playoffs
0041900101,1610612749,Milwaukee,Bucks,MIL,bucks,101107,Marvin,Williams,M. Williams,marvin-williams,,,20,16:20,0,0,0,0,4,2,2,10,0,0,2,0,2019-20,Playoffs
0041900101,1610612749,Milwaukee,Bucks,MIL,bucks,1626192,Pat,Connaughton,P. Connaughton,pat-connaughton,,,24,22:20,0,0,0,0,10,7,2,18,0,0,3,1,2019-20,Playoffs
0041900101,1610612749,Milwaukee,Bucks,MIL,bucks,201577,Robin,Lopez,R. Lopez,robin-lopez,,,42,2:25,0,0,0,2,0,0,0,0,0,0,0,0,2019-20,Playoffs
0041900101,1610612749,Milwaukee,Bucks,MIL,bucks,2594,Kyle,Korver,K. Korver,kyle-korver,,,26,10:09,0,0,0,0,6,2,0,10,0,0,1,2,2019-20,Playoffs
0041900101,1610612749,Milwaukee,Bucks,MIL,bucks,1628412,Frank,Mason III,F. Mason III,frank-mason-iii,,,15,0:25,0,0,0,0,0,0,0,0,0,0,0,0,2019-20,Playoffs
0041900101,1610612749,Milwaukee,Bucks,MIL,bucks,1628425,Sterling,Brown,S. Brown,sterling-brown,,DNP - Coach's Decision,23,,0,0,0,0,0,0,0,0,0,0,0,0,2019-20,Playoffs
0041900102,1610612753,Orlando,Magic,ORL,magic,203516,James,Ennis III,J. Ennis III,james-ennis-iii,F,,11,25:26,0,4,2,4,11,6,4,20,0,0,4,2,2019-20,Playoffs
0041900102,1610612753,Orlando,Magic,ORL,magic,1629109,Gary,Clark,G. Clark,gary-clark,F,,12,29:32,0,0,0,0,6,14,6,28,1,0,2,0,2019-20,Playoffs
0041900102,1610612753,Orlando,Magic,ORL,magic,202696,Nikola,Vučević,N. Vučević,nikola-vučević,C,,9,34:52,8,6,2,10,11,11,4,28,1,0,2,3,2019-20,Playoffs
0041900102,1610612753,Orlando,Magic,ORL,magic,203095,Evan,Fournier,E. Fournier,evan-fournier,G,,10,35:04,2,0,2,2,11,11,4,28,0,0,0,5,2019-20,Playoffs
0041900102,1610612753,Orlando,Magic,ORL,magic,1628365,Markelle,Fultz,M. Fultz,markelle-fultz,G,,20,25:51,2,0,2,0,6,8,4,22,1,2,5,2,2019-20,Playoffs
0041900102,1610612753,Orlando,Magic,ORL,magic,203920,Khem,Birch,K. Birch,khem-birch,,,24,18:08,0,2,0,4,0,9,2,18,0,0,1,2,2019-20,Playoffs
0041900102,1610612753,Orlando,Magic,ORL,magic,201571,D.J.,Augustin,D. Augustin,dj-augustin,,,14,27:33,0,2,0,0,5,11,2,24,0,0,2,7,2019-20,Playoffs
0041900102,1610612753,Orlando,Magic,ORL,magic,203082,Terrence,Ross,T. Ross,terrence-ross,,,31,29:10,4,0,0,4,5,9,2,26,1,1,2,3,2019-20,Playoffs
0041900102,1610612753,Orlando,Magic,ORL,magic,1628411,Wes,Iwundu,W. Iwundu,wes-iwundu,,,25,14:24,0,0,0,0,0,6,2,16,1,1,0,2,2019-20,Playoffs
0041900102,1610612753,Orlando,Magic,ORL,magic,1628982,Melvin,Frazier Jr.,M. Frazier Jr.,melvin-frazier-jr,,DNP - Coach's Decision,35,,0,0,0,0,0,0,0,0,0,0,0,0,2019-20,Playoffs
0041900102,1610612753,Orlando,Magic,ORL,magic,1629168,BJ,Johnson,B. Johnson,bj-johnson,,DNP - Coach's Decision,13,,0,0,0,0,0,0,0,0,0,0,0,0,2019-20,Playoffs
0041900102,1610612753,Orlando,Magic,ORL,magic,1629724,Vic,Law,V. Law,vic-law,,DNP - Coach's Decision,23,,0,0,0,0,0,0,0,0,0,0,0,0,2019-20,Playoffs
0041900102,1610612749,Milwaukee,Bucks,MIL,bucks,203114,Khris,Middleton,K. Middleton,khris-middleton,F,,22,30:58,0,0,0,0,14,14,4,16,0,1,4,2,2019-20,Playoffs
0041900102,1610612749,Milwaukee,Bucks,MIL,bucks,203507,Giannis,Antetokounmpo,G. Antetokounmpo,giannis-antetokounmpo,F,,34,31:36,3,4,4,18,11,12,8,14,0,1,4,5,2019-20,Playoffs
0041900102,1610612749,Milwaukee,Bucks,MIL,bucks,201572,Brook,Lopez,B. Lopez,brook-lopez,C,,11,33:21,0,3,0,8,12,12,6,12,1,0,4,2,2019-20,Playoffs
0041900102,1610612749,Milwaukee,Bucks,MIL,bucks,202083,Wesley,Matthews,W. Matthews,wesley-matthews,G,,9,21:44,3,3,0,0,8,8,6,12,0,0,3,2,2019-20,Playoffs
0041900102,1610612749,Milwaukee,Bucks,MIL,bucks,202339,Eric,Bledsoe,E. Bledsoe,eric-bledsoe,G,,6,25:35,2,0,0,6,10,8,6,10,1,1,3,3,2019-20,Playoffs
0041900102,1610612749,Milwaukee,Bucks,MIL,bucks,101107,Marvin,Williams,M. Williams,marvin-williams,,,20,17:05,0,0,0,2,3,0,2,8,0,0,1,0,2019-20,Playoffs
0041900102,1610612749,Milwaukee,Bucks,MIL,bucks,1628978,Donte,DiVincenzo,D. DiVincenzo,donte-divincenzo,,,0,11:09,0,5,2,6,2,0,0,4,0,1,1,2,2019-20,Playoffs
0041900102,1610612749,Milwaukee,Bucks,MIL,bucks,201588,George,Hill,G. Hill,george-hill,,,3,19:10,0,0,0,0,4,6,0,14,0,0,3,1,2019-20,Playoffs
0041900102,1610612749,Milwaukee,Bucks,MIL,bucks,201577,Robin,Lopez,R. Lopez,robin-lopez,,,42,9:49,0,2,0,2,4,2,0,8,0,0,2,0,2019-20,Playoffs
0041900102,1610612749,Milwaukee,Bucks,MIL,bucks,1626192,Pat,Connaughton,P. Connaughton,pat-connaughton,,,24,23:50,0,0,0,0,6,2,6,12,2,0,1,0,2019-20,Playoffs
0041900102,1610612749,Milwaukee,Bucks,MIL,bucks,2594,Kyle,Korver,K. Korver,kyle-korver,,,26,15:44,3,0,0,0,6,6,2,10,0,1,0,1,2019-20,Playoffs
0041900102,1610612749,Milwaukee,Bucks,MIL,bucks,1628425,Sterling,Brown,S. Brown,sterling-brown,,DNP - Coach's Decision,23,,0,0,0,0,0,0,0,0,0,0,0,0,2019-20,Playoffs
0041900102,1610612749,Milwaukee,Bucks,MIL,bucks,101141,Ersan,Ilyasova,E. Ilyasova,ersan-ilyasova,,DNP - Coach's Decision,7,,0,0,0,0,0,0,0,0,0,0,0,0,2019-20,Playoffs
0041900103,1610612749,Milwaukee,Bucks,MIL,bucks,203114,Khris,Middleton,K. Middleton,khris-middleton,F,,22,31:12,3,2,5,0,7,6,2,14,0,0,0,2,2019-20,Playoffs
0041900103,1610612749,Milwaukee,Bucks,MIL,bucks,203507,Giannis,Antetokounmpo,G. Antetokounmpo,giannis-antetokounmpo,F,,34,30:36,9,0,6,20,9,7,4,16,1,0,2,7,2019-20,Playoffs
0041900103,1610612749,Milwaukee,Bucks,MIL,bucks,201572,Brook,Lopez,B. Lopez,brook-lopez,C,,11,29:34,2,2,0,10,7,6,2,14,0,0,3,0,2019-20,Playoffs
0041900103,1610612749,Milwaukee,Bucks,MIL,bucks,202083,Wesley,Matthews,W. Matthews,wesley-matthews,G,,9,24:39,3,3,0,0,4,6,0,10,0,0,2,0,2019-20,Playoffs
0041900103,1610612749,Milwaukee,Bucks,MIL,bucks,202339,Eric,Bledsoe,E. Bledsoe,eric-bledsoe,G,,6,25:34,5,0,0,6,5,6,2,10,0,0,2,2,2019-20,Playoffs
0041900103,1610612749,Milwaukee,Bucks,MIL,bucks,101107,Marvin,Williams,M. Williams,marvin-williams,,,20,6:09,0,0,0,0,0,0,2,4,1,0,2,1,2019-20,Playoffs
0041900103,1610612749,Milwaukee,Bucks,MIL,bucks,201588,George,Hill,G. Hill,george-hill,,,3,18:53,1,0,0,4,15,3,6,16,0,1,2,3,2019-20,Playoffs
0041900103,1610612749,Milwaukee,Bucks,MIL,bucks,1628978,Donte,DiVincenzo,D. DiVincenzo,donte-divincenzo,,,0,18:59,2,0,0,6,16,3,9,12,1,0,1,0,2019-20,Playoffs
0041900103,1610612749,Milwaukee,Bucks,MIL,bucks,201577,Robin,Lopez,R. Lopez,robin-lopez,,,42,8:20,0,0,0,2,8,0,7,6,0,0,0,0,2019-20,Playoffs
0041900103,1610612749,Milwaukee,Bucks,MIL,bucks,1626192,Pat,Connaughton,P. Connaughton,pat-connaughton,,,24,20:32,0,0,0,2,16,5,6,14,0,0,2,0,2019-20,Playoffs
0041900103,1610612749,Milwaukee,Bucks,MIL,bucks,2594,Kyle,Korver,K. Korver,kyle-korver,,,26,18:26,0,0,3,0,13,3,9,14,0,0,4,0,2019-20,Playoffs
0041900103,1610612749,Milwaukee,Bucks,MIL,bucks,101141,Ersan,Ilyasova,E. Ilyasova,ersan-ilyasova,,,7,3:33,0,0,0,0,0,0,3,0,0,0,0,0,2019-20,Playoffs
0041900103,1610612749,Milwaukee,Bucks,MIL,bucks,1628425,Sterling,Brown,S. Brown,sterling-brown,,,23,3:33,0,0,0,0,0,0,3,0,0,0,0,0,2019-20,Playoffs
0041900103,1610612753,Orlando,Magic,ORL,magic,203516,James,Ennis III,J. Ennis III,james-ennis-iii,F,,11,9:04,0,1,0,0,3,5,7,10,0,1,2,2,2019-20,Playoffs
0041900103,1610612753,Orlando,Magic,ORL,magic,1629109,Gary,Clark,G. Clark,gary-clark,F,,12,34:45,0,0,0,0,21,7,9,40,0,0,2,2,2019-20,Playoffs
0041900103,1610612753,Orlando,Magic,ORL,magic,202696,Nikola,Vučević,N. Vučević,nikola-vučević,C,,9,35:46,7,3,0,8,17,7,9,36,0,0,3,3,2019-20,Playoffs
0041900103,1610612753,Orlando,Magic,ORL,magic,203095,Evan,Fournier,E. Fournier,evan-fournier,G,,10,31:33,3,3,2,4,20,7,11,40,0,0,0,2,2019-20,Playoffs
0041900103,1610612753,Orlando,Magic,ORL,magic,1628365,Markelle,Fultz,M. Fultz,markelle-fultz,G,,20,28:01,0,0,0,2,17,7,6,24,0,0,3,3,2019-20,Playoffs
0041900103,1610612753,Orlando,Magic,ORL,magic,203920,Khem,Birch,K. Birch,khem-birch,,,24,19:51,0,2,2,4,9,0,7,24,0,1,2,1,2019-20,Playoffs
0041900103,1610612753,Orlando,Magic,ORL,magic,203082,Terrence,Ross,T. Ross,terrence-ross,,,31,23:00,5,0,2,6,11,0,8,24,0,0,2,2,2019-20,Playoffs
0041900103,1610612753,Orlando,Magic,ORL,magic,1628411,Wes,Iwundu,W. Iwundu,wes-iwundu,,,25,24:15,0,0,0,0,13,2,5,18,1,1,0,0,2019-20,Playoffs
0041900103,1610612753,Orlando,Magic,ORL,magic,201571,D.J.,Augustin,D. Augustin,dj-augustin,,,14,26:39,5,0,2,2,14,0,8,34,0,0,1,5,2019-20,Playoffs
0041900103,1610612753,Orlando,Magic,ORL,magic,1629724,Vic,Law,V. Law,vic-law,,,23,3:33,0,0,0,0,0,0,0,0,0,0,0,0,2019-20,Playoffs
0041900103,1610612753,Orlando,Magic,ORL,magic,1629168,BJ,Johnson,B. Johnson,bj-johnson,,,13,3:33,0,0,3,0,0,0,0,0,0,0,0,0,2019-20,Playoffs
0041900103,1610612753,Orlando,Magic,ORL,magic,1628964,Mo,Bamba,M. Bamba,mo-bamba,,NWT - Not With Team,5,,0,0,0,0,0,0,0,0,0,0,0,0,2019-20,Playoffs
0041900104,1610612749,Milwaukee,Bucks,MIL,bucks,203114,Khris,Middleton,K. Middleton,khris-middleton,F,,22,32:15,2,2,0,0,4,0,7,12,0,2,4,6,2019-20,Playoffs
0041900104,1610612749,Milwaukee,Bucks,MIL,bucks,203507,Giannis,Antetokounmpo,G. Antetokounmpo,giannis-antetokounmpo,F,,34,33:36,2,4,4,24,9,5,7,8,1,2,4,4,2019-20,Playoffs
0041900104,1610612749,Milwaukee,Bucks,MIL,bucks,201572,Brook,Lopez,B. Lopez,brook-lopez,C,,11,31:22,0,0,0,4,7,2,8,14,3,1,1,0,2019-20,Playoffs
0041900104,1610612749,Milwaukee,Bucks,MIL,bucks,202083,Wesley,Matthews,W. Matthews,wesley-matthews,G,,9,21:40,0,3,0,0,7,2,7,12,0,0,4,0,2019-20,Playoffs
0041900104,1610612749,Milwaukee,Bucks,MIL,bucks,202339,Eric,Bledsoe,E. Bledsoe,eric-bledsoe,G,,6,23:59,4,0,2,4,7,2,8,12,1,0,1,3,2019-20,Playoffs
0041900104,1610612749,Milwaukee,Bucks,MIL,bucks,101107,Marvin,Williams,M. Williams,marvin-williams,,,20,13:45,0,2,0,2,1,0,3,10,0,0,0,1,2019-20,Playoffs
0041900104,1610612749,Milwaukee,Bucks,MIL,bucks,101141,Ersan,Ilyasova,E. Ilyasova,ersan-ilyasova,,,7,7:17,5,0,0,0,3,0,0,4,0,0,2,1,2019-20,Playoffs
0041900104,1610612749,Milwaukee,Bucks,MIL,bucks,1628978,Donte,DiVincenzo,D. DiVincenzo,donte-divincenzo,,,0,12:08,2,0,0,2,3,3,0,6,0,0,2,2,2019-20,Playoffs
0041900104,1610612749,Milwaukee,Bucks,MIL,bucks,201588,George,Hill,G. Hill,george-hill,,,3,23:24,0,2,3,2,3,3,2,8,0,0,1,3,2019-20,Playoffs
0041900104,1610612749,Milwaukee,Bucks,MIL,bucks,1626192,Pat,Connaughton,P. Connaughton,pat-connaughton,,,24,21:32,0,4,0,4,3,5,8,14,0,1,0,0,2019-20,Playoffs
0041900104,1610612749,Milwaukee,Bucks,MIL,bucks,2594,Kyle,Korver,K. Korver,kyle-korver,,,26,19:03,2,0,0,0,3,3,0,0,0,0,0,3,2019-20,Playoffs
0041900104,1610612749,Milwaukee,Bucks,MIL,bucks,1628425,Sterling,Brown,S. Brown,sterling-brown,,DNP - Coach's Decision,23,,0,0,0,0,0,0,0,0,0,0,0,0,2019-20,Playoffs
0041900104,1610612749,Milwaukee,Bucks,MIL,bucks,201577,Robin,Lopez,R. Lopez,robin-lopez,,DNP - Coach's Decision,42,,0,0,0,0,0,0,0,0,0,0,0,0,2019-20,Playoffs
0041900104,1610612753,Orlando,Magic,ORL,magic,203516,James,Ennis III,J. Ennis III,james-ennis-iii,F,,11,22:58,0,0,0,0,6,11,4,24,1,0,3,1,2019-20,Playoffs
0041900104,1610612753,Orlando,Magic,ORL,magic,1629109,Gary,Clark,G. Clark,gary-clark,F,,12,26:56,3,0,3,0,4,9,5,22,1,0,0,0,2019-20,Playoffs
0041900104,1610612753,Orlando,Magic,ORL,magic,202696,Nikola,Vučević,N. Vučević,nikola-vučević,C,,9,38:02,0,2,0,6,13,17,6,36,2,1,3,5,2019-20,Playoffs
0041900104,1610612753,Orlando,Magic,ORL,magic,203095,Evan,Fournier,E. Fournier,evan-fournier,G,,10,35:36,1,0,0,2,6,13,7,32,2,0,5,2,2019-20,Playoffs
0041900104,1610612753,Orlando,Magic,ORL,magic,1628365,Markelle,Fultz,M. Fultz,markelle-fultz,G,,20,31:27,2,0,7,8,9,13,4,26,0,2,6,2,2019-20,Playoffs
0041900104,1610612753,Orlando,Magic,ORL,magic,203920,Khem,Birch,K. Birch,khem-birch,,,24,17:37,0,0,0,2,11,4,5,14,0,0,2,2,2019-20,Playoffs
0041900104,1610612753,Orlando,Magic,ORL,magic,1628411,Wes,Iwundu,W. Iwundu,wes-iwundu,,,25,10:01,0,0,0,0,11,4,2,8,0,0,2,1,2019-20,Playoffs
0041900104,1610612753,Orlando,Magic,ORL,magic,203082,Terrence,Ross,T. Ross,terrence-ross,,,31,31:14,3,0,0,0,13,8,5,24,0,0,0,4,2019-20,Playoffs
0041900104,1610612753,Orlando,Magic,ORL,magic,201571,D.J.,Augustin,D. Augustin,dj-augustin,,,14,26:09,1,3,0,2,12,6,7,24,0,2,2,2,2019-20,Playoffs
0041900104,1610612753,Orlando,Magic,ORL,magic,1628964,Mo,Bamba,M. Bamba,mo-bamba,,NWT - Not With Team,5,,0,0,0,0,0,0,0,0,0,0,0,0,2019-20,Playoffs
0041900104,1610612753,Orlando,Magic,ORL,magic,1628371,Jonathan,Isaac,J. Isaac,jonathan-isaac,,NWT - Injury/Illness,1,,0,0,0,0,0,0,0,0,0,0,0,0,2019-20,Playoffs
0041900104,1610612753,Orlando,Magic,ORL,magic,1629168,BJ,Johnson,B. Johnson,bj-johnson,,DNP - Coach's Decision,13,,0,0,0,0,0,0,0,0,0,0,0,0,2019-20,Playoffs
0041900105,1610612753,Orlando,Magic,ORL,magic,203516,James,Ennis III,J. Ennis III,james-ennis-iii,F,,11,30:18,0,0,0,6,16,9,7,34,0,1,6,0,2019-20,Playoffs
0041900105,1610612753,Orlando,Magic,ORL,magic,1629109,Gary,Clark,G. Clark,gary-clark,F,,12,23:59,0,1,0,0,12,6,6,26,0,0,1,2,2019-20,Playoffs
0041900105,1610612753,Orlando,Magic,ORL,magic,202696,Nikola,Vučević,N. Vučević,nikola-vučević,C,,9,39:32,8,3,0,10,16,16,7,38,0,1,2,1,2019-20,Playoffs
0041900105,1610612753,Orlando,Magic,ORL,magic,203095,Evan,Fournier,E. Fournier,evan-fournier,G,,10,32:48,3,4,0,2,13,14,7,36,1,1,1,4,2019-20,Playoffs
0041900105,1610612753,Orlando,Magic,ORL,magic,1628365,Markelle,Fultz,M. Fultz,markelle-fultz,G,,20,32:02,0,0,2,6,16,12,7,34,1,0,3,2,2019-20,Playoffs
0041900105,1610612753,Orlando,Magic,ORL,magic,203920,Khem,Birch,K. Birch,khem-birch,,,24,19:24,0,2,0,2,0,7,2,8,0,0,3,2,2019-20,Playoffs
0041900105,1610612753,Orlando,Magic,ORL,magic,1628411,Wes,Iwundu,W. Iwundu,wes-iwundu,,,25,14:42,3,0,0,0,0,2,2,6,0,1,1,2,2019-20,Playoffs
0041900105,1610612753,Orlando,Magic,ORL,magic,201571,D.J.,Augustin,D. Augustin,dj-augustin,,,14,24:03,4,3,5,4,2,10,5,14,0,0,1,4,2019-20,Playoffs
0041900105,1610612753,Orlando,Magic,ORL,magic,203082,Terrence,Ross,T. Ross,terrence-ross,,,31,23:12,0,0,0,0,5,4,2,14,0,0,5,2,2019-20,Playoffs
0041900105,1610612753,Orlando,Magic,ORL,magic,1628982,Melvin,Frazier Jr.,M. Frazier Jr.,melvin-frazier-jr,,DNP - Coach's Decision,35,,0,0,0,0,0,0,0,0,0,0,0,0,2019-20,Playoffs
0041900105,1610612753,Orlando,Magic,ORL,magic,1629168,BJ,Johnson,B. Johnson,bj-johnson,,DNP - Coach's Decision,13,,0,0,0,0,0,0,0,0,0,0,0,0,2019-20,Playoffs
0041900105,1610612753,Orlando,Magic,ORL,magic,1629724,Vic,Law,V. Law,vic-law,,DNP - Coach's Decision,23,,0,0,0,0,0,0,0,0,0,0,0,0,2019-20,Playoffs
0041900105,1610612749,Milwaukee,Bucks,MIL,bucks,203114,Khris,Middleton,K. Middleton,khris-middleton,F,,22,33:32,7,0,2,4,9,6,4,20,0,0,2,5,2019-20,Playoffs
0041900105,1610612749,Milwaukee,Bucks,MIL,bucks,203507,Giannis,Antetokounmpo,G. Antetokounmpo,giannis-antetokounmpo,F,,34,28:22,4,2,4,16,6,7,0,14,1,0,5,5,2019-20,Playoffs
0041900105,1610612749,Milwaukee,Bucks,MIL,bucks,201572,Brook,Lopez,B. Lopez,brook-lopez,C,,11,27:32,0,7,0,12,12,10,5,16,1,0,2,1,2019-20,Playoffs
0041900105,1610612749,Milwaukee,Bucks,MIL,bucks,202083,Wesley,Matthews,W. Matthews,wesley-matthews,G,,9,23:30,0,0,0,0,7,5,2,16,0,0,2,1,2019-20,Playoffs
0041900105,1610612749,Milwaukee,Bucks,MIL,bucks,202339,Eric,Bledsoe,E. Bledsoe,eric-bledsoe,G,,6,27:51,5,0,3,2,10,7,2,20,0,1,0,3,2019-20,Playoffs
0041900105,1610612749,Milwaukee,Bucks,MIL,bucks,101107,Marvin,Williams,M. Williams,marvin-williams,,,20,22:15,0,3,0,0,13,5,4,16,1,0,1,1,2019-20,Playoffs
0041900105,1610612749,Milwaukee,Bucks,MIL,bucks,1628978,Donte,DiVincenzo,D. DiVincenzo,donte-divincenzo,,,0,12:21,0,0,0,0,7,2,2,12,1,1,2,1,2019-20,Playoffs
0041900105,1610612749,Milwaukee,Bucks,MIL,bucks,101141,Ersan,Ilyasova,E. Ilyasova,ersan-ilyasova,,,7,12:35,0,0,0,2,3,4,5,8,0,0,1,1,2019-20,Playoffs
0041900105,1610612749,Milwaukee,Bucks,MIL,bucks,201588,George,Hill,G. Hill,george-hill,,,3,22:50,0,2,0,4,8,8,5,10,0,0,2,4,2019-20,Playoffs
0041900105,1610612749,Milwaukee,Bucks,MIL,bucks,1626192,Pat,Connaughton,P. Connaughton,pat-connaughton,,,24,17:22,0,0,0,2,11,8,3,12,0,0,1,1,2019-20,Playoffs
0041900105,1610612749,Milwaukee,Bucks,MIL,bucks,2594,Kyle,Korver,K. Korver,kyle-korver,,,26,11:50,0,2,0,0,4,3,3,6,0,0,1,0,2019-20,Playoffs
0041900105,1610612749,Milwaukee,Bucks,MIL,bucks,1628425,Sterling,Brown,S. Brown,sterling-brown,,DNP - Coach's Decision,23,,0,0,0,0,0,0,0,0,0,0,0,0,2019-20,Playoffs
0041900105,1610612749,Milwaukee,Bucks,MIL,bucks,201577,Robin,Lopez,R. Lopez,robin-lopez,,DNP - Coach's Decision,42,,0,0,0,0,0,0,0,0,0,0,0,0,2019-20,Playoffs
0041900111,1610612751,Brooklyn,Nets,BKN,nets,203925,Joe,Harris,J. Harris,joe-harris,F,,12,33:10,2,2,5,8,9,13,11,22,0,2,4,2,2019-20,Playoffs
0041900111,1610612751,Brooklyn,Nets,BKN,nets,1629066,Rodions,Kurucs,R. Kurucs,rodions-kurucs,F,,00,16:15,2,0,4,6,10,5,14,14,0,0,6,1,2019-20,Playoffs
0041900111,1610612751,Brooklyn,Nets,BKN,nets,1628386,Jarrett,Allen,J. Allen,jarrett-allen,C,,31,33:58,0,3,0,10,12,9,17,18,1,1,3,5,2019-20,Playoffs
0041900111,1610612751,Brooklyn,Nets,BKN,nets,202066,Garrett,Temple,G. Temple,garrett-temple,G,,17,34:29,0,0,5,8,12,6,14,16,0,0,5,2,2019-20,Playoffs
0041900111,1610612751,Brooklyn,Nets,BKN,nets,1627747,Caris,LeVert,C. LeVert,caris-levert,G,,22,35:27,6,0,2,8,12,5,14,18,0,0,0,7,2019-20,Playoffs
0041900111,1610612751,Brooklyn,Nets,BKN,nets,1627789,Timothe,Luwawu-Cabarrot,T. Luwawu-Cabarrot,timothe-luwawu-cabarrot,,,9,33:26,6,3,0,4,4,12,3,18,0,1,5,1,2019-20,Playoffs
0041900111,1610612751,Brooklyn,Nets,BKN,nets,1629185,Chris,Chiozza,C. Chiozza,chris-chiozza,,,4,7:25,0,0,0,0,2,4,0,6,0,0,0,1,2019-20,Playoffs
0041900111,1610612751,Brooklyn,Nets,BKN,nets,204020,Tyler,Johnson,T. Johnson,tyler-johnson,,,8,17:26,0,0,0,0,7,12,9,16,0,1,2,1,2019-20,Playoffs
0041900111,1610612751,Brooklyn,Nets,BKN,nets,1629743,Donta,Hall,D. Hall,donta-hall,,,45,7:57,0,0,0,2,5,4,2,6,0,1,1,1,2019-20,Playoffs
0041900111,1610612751,Brooklyn,Nets,BKN,nets,1629725,Jeremiah,Martin,J. Martin,jeremiah-martin,,,0,8:45,0,0,0,0,3,5,5,6,1,0,1,1,2019-20,Playoffs
0041900111,1610612751,Brooklyn,Nets,BKN,nets,1626147,Justin,Anderson,J. Anderson,justin-anderson,,,10,3:54,0,0,0,0,3,0,2,0,0,0,0,0,2019-20,Playoffs
0041900111,1610612751,Brooklyn,Nets,BKN,nets,1629058,Dzanan,Musa,D. Musa,dzanan-musa,,,13,3:54,0,0,0,0,3,0,2,0,0,0,0,0,2019-20,Playoffs
0041900111,1610612751,Brooklyn,Nets,BKN,nets,202498,Lance,Thomas,L. Thomas,lance-thomas,,,42,3:54,0,0,0,0,3,0,2,0,0,0,2,0,2019-20,Playoffs
0041900111,1610612761,Toronto,Raptors,TOR,raptors,1628384,OG,Anunoby,O. Anunoby,og-anunoby,F,,3,34:25,0,3,3,2,9,6,11,32,2,0,5,1,2019-20,Playoffs
0041900111,1610612761,Toronto,Raptors,TOR,raptors,1627783,Pascal,Siakam,P. Siakam,pascal-siakam,F,,43,31:26,0,0,6,4,16,8,16,32,0,0,4,6,2019-20,Playoffs
0041900111,1610612761,Toronto,Raptors,TOR,raptors,201188,Marc,Gasol,M. Gasol,marc-gasol,C,,33,20:34,2,3,0,4,9,4,11,18,0,0,2,4,2019-20,Playoffs
0041900111,1610612761,Toronto,Raptors,TOR,raptors,1627832,Fred,VanVleet,F. VanVleet,fred-vanvleet,G,,23,38:41,3,0,5,6,16,8,16,40,1,1,2,2,2019-20,Playoffs
0041900111,1610612761,Toronto,Raptors,TOR,raptors,200768,Kyle,Lowry,K. Lowry,kyle-lowry,G,,7,38:16,3,0,0,0,9,4,16,38,1,0,2,10,2019-20,Playoffs
0041900111,1610612761,Toronto,Raptors,TOR,raptors,201586,Serge,Ibaka,S. Ibaka,serge-ibaka,,,9,25:35,7,4,0,8,7,4,5,28,1,0,2,2,2019-20,Playoffs
0041900111,1610612761,Toronto,Raptors,TOR,raptors,1626181,Norman,Powell,N. Powell,norman-powell,,,24,16:59,0,0,0,0,7,4,5,18,0,1,3,0,2019-20,Playoffs
0041900111,1610612761,Toronto,Raptors,TOR,raptors,1626178,Rondae,Hollis-Jefferson,R. Hollis-Jefferson,rondae-hollis-jefferson,,,4,11:29,2,2,0,2,4,2,0,12,1,0,1,2,2019-20,Playoffs
0041900111,1610612761,Toronto,Raptors,TOR,raptors,1629744,Matt,Thomas,M. Thomas,matt-thomas,,,21,7:25,0,0,0,0,0,0,0,2,0,0,1,0,2019-20,Playoffs
0041900111,1610612761,Toronto,Raptors,TOR,raptors,1629056,Terence,Davis,T. Davis,terence-davis,,,0,12:08,0,3,5,2,3,0,0,10,0,0,0,2,2019-20,Playoffs
0041900111,1610612761,Toronto,Raptors,TOR,raptors,1628449,Chris,Boucher,C. Boucher,chris-boucher,,,25,3:02,0,0,0,0,0,0,0,0,0,0,0,0,2019-20,Playoffs
0041900111,1610612761,Toronto,Raptors,TOR,raptors,1626169,Stanley,Johnson,S. Johnson,stanley-johnson,,DNP - Coach's Decision,5,,0,0,0,0,0,0,0,0,0,0,0,0,2019-20,Playoffs
0041900111,1610612761,Toronto,Raptors,TOR,raptors,1628778,Paul,Watson,P. Watson,paul-watson,,DNP - Coach's Decision,1,,0,0,0,0,0,0,0,0,0,0,0,0,2019-20,Playoffs
0041900112,1610612751,Brooklyn,Nets,BKN,nets,203925,Joe,Harris,J. Harris,joe-harris,F,,12,39:09,0,0,3,0,18,9,10,40,0,0,5,5,2019-20,Playoffs
0041900112,1610612751,Brooklyn,Nets,BKN,nets,1627789,Timothe,Luwawu-Cabarrot,T. Luwawu-Cabarrot,timothe-luwawu-cabarrot,F,,9,35:38,0,3,3,6,17,9,13,32,0,1,5,0,2019-20,Playoffs
0041900112,1610612751,Brooklyn,Nets,BKN,nets,1628386,Jarrett,Allen,J. Allen,jarrett-allen,C,,31,40:37,6,1,2,10,21,9,13,36,3,2,3,7,2019-20,Playoffs
0041900112,1610612751,Brooklyn,Nets,BKN,nets,202066,Garrett,Temple,G. Temple,garrett-temple,G,,17,35:21,0,5,0,0,15,9,11,24,0,1,2,2,2019-20,Playoffs
0041900112,1610612751,Brooklyn,Nets,BKN,nets,1627747,Caris,LeVert,C. LeVert,caris-levert,G,,22,39:15,0,0,4,8,21,6,13,32,1,2,4,6,2019-20,Playoffs
0041900112,1610612751,Brooklyn,Nets,BKN,nets,1629066,Rodions,Kurucs,R. Kurucs,rodions-kurucs,,,00,15:41,0,0,0,2,6,0,4,20,1,0,2,0,2019-20,Playoffs
0041900112,1610612751,Brooklyn,Nets,BKN,nets,204020,Tyler,Johnson,T. Johnson,tyler-johnson,,,8,22:17,0,0,0,6,13,3,7,28,1,0,3,0,2019-20,Playoffs
0041900112,1610612751,Brooklyn,Nets,BKN,nets,1629185,Chris,Chiozza,C. Chiozza,chris-chiozza,,,4,12:02,0,0,0,0,4,0,4,18,0,0,1,1,2019-20,Playoffs
0041900112,1610612751,Brooklyn,Nets,BKN,nets,1626147,Justin,Anderson,J. Anderson,justin-anderson,,DNP - Coach's Decision,10,,0,0,0,0,0,0,0,0,0,0,0,0,2019-20,Playoffs
0041900112,1610612751,Brooklyn,Nets,BKN,nets,1629743,Donta,Hall,D. Hall,donta-hall,,DNP - Coach's Decision,45,,0,0,0,0,0,0,0,0,0,0,0,0,2019-20,Playoffs
0041900112,1610612751,Brooklyn,Nets,BKN,nets,1629725,Jeremiah,Martin,J. Martin,jeremiah-martin,,DNP - Coach's Decision,0,,0,0,0,0,0,0,0,0,0,0,0,0,2019-20,Playoffs
0041900112,1610612751,Brooklyn,Nets,BKN,nets,1629058,Dzanan,Musa,D. Musa,dzanan-musa,,DNP - Coach's Decision,13,,0,0,0,0,0,0,0,0,0,0,0,0,2019-20,Playoffs
0041900112,1610612751,Brooklyn,Nets,BKN,nets,202498,Lance,Thomas,L. Thomas,lance-thomas,,DNP - Coach's Decision,42,,0,0,0,0,0,0,0,0,0,0,0,0,2019-20,Playoffs
0041900112,1610612761,Toronto,Raptors,TOR,raptors,1628384,OG,Anunoby,O. Anunoby,og-anunoby,F,,3,36:07,2,0,0,4,6,8,12,26,2,3,1,3,2019-20,Playoffs
0041900112,1610612761,Toronto,Raptors,TOR,raptors,1627783,Pascal,Siakam,P. Siakam,pascal-siakam,F,,43,36:22,5,0,3,4,4,9,12,24,1,1,1,6,2019-20,Playoffs
0041900112,1610612761,Toronto,Raptors,TOR,raptors,201188,Marc,Gasol,M. Gasol,marc-gasol,C,,33,17:15,0,0,0,0,4,7,7,18,0,0,3,1,2019-20,Playoffs
0041900112,1610612761,Toronto,Raptors,TOR,raptors,1627832,Fred,VanVleet,F. VanVleet,fred-vanvleet,G,,23,43:07,7,3,0,10,4,9,10,30,1,1,3,4,2019-20,Playoffs
0041900112,1610612761,Toronto,Raptors,TOR,raptors,200768,Kyle,Lowry,K. Lowry,kyle-lowry,G,,7,37:14,0,6,4,8,6,9,12,26,1,1,4,5,2019-20,Playoffs
0041900112,1610612761,Toronto,Raptors,TOR,raptors,1626181,Norman,Powell,N. Powell,norman-powell,,,24,32:15,7,0,8,16,6,2,5,16,0,0,3,3,2019-20,Playoffs
0041900112,1610612761,Toronto,Raptors,TOR,raptors,201586,Serge,Ibaka,S. Ibaka,serge-ibaka,,,9,25:51,2,0,0,4,0,1,2,12,1,0,5,2,2019-20,Playoffs
0041900112,1610612761,Toronto,Raptors,TOR,raptors,1626178,Rondae,Hollis-Jefferson,R. Hollis-Jefferson,rondae-hollis-jefferson,,,4,6:26,0,0,0,0,0,0,0,4,0,0,1,1,2019-20,Playoffs
0041900112,1610612761,Toronto,Raptors,TOR,raptors,1629744,Matt,Thomas,M. Thomas,matt-thomas,,,21,5:23,0,0,0,0,0,0,0,4,0,0,0,0,2019-20,Playoffs
0041900112,1610612761,Toronto,Raptors,TOR,raptors,1628449,Chris,Boucher,C. Boucher,chris-boucher,,DNP - Coach's Decision,25,,0,0,0,0,0,0,0,0,0,0,0,0,2019-20,Playoffs
0041900112,1610612761,Toronto,Raptors,TOR,raptors,1629056,Terence,Davis,T. Davis,terence-davis,,DNP - Coach's Decision,0,,0,0,0,0,0,0,0,0,0,0,0,0,2019-20,Playoffs
0041900112,1610612761,Toronto,Raptors,TOR,raptors,1626169,Stanley,Johnson,S. Johnson,stanley-johnson,,DNP - Coach's Decision,5,,0,0,0,0,0,0,0,0,0,0,0,0,2019-20,Playoffs
0041900112,1610612761,Toronto,Raptors,TOR,raptors,1628778,Paul,Watson,P. Watson,paul-watson,,DNP - Coach's Decision,1,,0,0,0,0,0,0,0,0,0,0,0,0,2019-20,Playoffs
0041900113,1610612761,Toronto,Raptors,TOR,raptors,1628384,OG,Anunoby,O. Anunoby,og-anunoby,F,,3,33:22,2,2,2,8,11,9,10,18,0,0,4,0,2019-20,Playoffs
0041900113,1610612761,Toronto,Raptors,TOR,raptors,1627783,Pascal,Siakam,P. Siakam,pascal-siakam,F,,43,32:48,5,2,5,16,9,5,9,10,0,0,1,2,2019-20,Playoffs
0041900113,1610612761,Toronto,Raptors,TOR,raptors,201188,Marc,Gasol,M. Gasol,marc-gasol,C,,33,21:14,0,0,0,0,5,3,3,4,2,0,3,1,2019-20,Playoffs
0041900113,1610612761,Toronto,Raptors,TOR,raptors,1627832,Fred,VanVleet,F. VanVleet,fred-vanvleet,G,,23,32:16,0,0,8,2,11,7,7,12,0,0,1,3,2019-20,Playoffs
0041900113,1610612761,Toronto,Raptors,TOR,raptors,200768,Kyle,Lowry,K. Lowry,kyle-lowry,G,,7,34:42,0,0,3,2,14,7,15,16,1,0,3,4,2019-20,Playoffs
0041900113,1610612761,Toronto,Raptors,TOR,raptors,201586,Serge,Ibaka,S. Ibaka,serge-ibaka,,,9,22:39,3,5,0,6,10,6,13,16,0,0,2,2,2019-20,Playoffs
0041900113,1610612761,Toronto,Raptors,TOR,raptors,1626181,Norman,Powell,N. Powell,norman-powell,,,24,22:39,0,0,0,4,10,6,13,16,0,1,1,2,2019-20,Playoffs
0041900113,1610612761,Toronto,Raptors,TOR,raptors,1629056,Terence,Davis,T. Davis,terence-davis,,,0,17:23,2,0,2,6,5,2,10,8,0,0,2,0,2019-20,Playoffs
0041900113,1610612761,Toronto,Raptors,TOR,raptors,1626259,Malcolm,Miller,M. Miller,malcolm-miller,,,13,5:19,0,0,0,0,3,3,0,2,0,2,2,0,2019-20,Playoffs
0041900113,1610612761,Toronto,Raptors,TOR,raptors,1629744,Matt,Thomas,M. Thomas,matt-thomas,,,21,5:19,0,0,0,0,3,3,0,2,1,0,0,0,2019-20,Playoffs
0041900113,1610612761,Toronto,Raptors,TOR,raptors,1628449,Chris,Boucher,C. Boucher,chris-boucher,,,25,5:19,0,0,0,0,3,3,0,2,0,0,2,0,2019-20,Playoffs
0041900113,1610612761,Toronto,Raptors,TOR,raptors,1626169,Stanley,Johnson,S. Johnson,stanley-johnson,,,5,4:07,0,0,0,2,3,3,0,2,0,0,0,0,2019-20,Playoffs
0041900113,1610612761,Toronto,Raptors,TOR,raptors,1628778,Paul,Watson,P. Watson,paul-watson,,,1,2:54,0,0,0,0,3,3,0,2,0,1,0,0,2019-20,Playoffs
0041900113,1610612751,Brooklyn,Nets,BKN,nets,202066,Garrett,Temple,G. Temple,garrett-temple,F,,17,35:51,5,0,3,2,12,7,17,30,0,0,3,0,2019-20,Playoffs
0041900113,1610612751,Brooklyn,Nets,BKN,nets,1627789,Timothe,Luwawu-Cabarrot,T. Luwawu-Cabarrot,timothe-luwawu-cabarrot,F,,9,35:16,2,0,2,2,9,6,17,32,0,1,1,1,2019-20,Playoffs
0041900113,1610612751,Brooklyn,Nets,BKN,nets,1628386,Jarrett,Allen,J. Allen,jarrett-allen,C,,31,32:30,0,0,0,0,9,4,17,28,1,0,0,5,2019-20,Playoffs
0041900113,1610612751,Brooklyn,Nets,BKN,nets,204020,Tyler,Johnson,T. Johnson,tyler-johnson,G,,8,24:00,0,5,0,0,5,2,13,30,0,0,5,1,2019-20,Playoffs
0041900113,1610612751,Brooklyn,Nets,BKN,nets,1627747,Caris,LeVert,C. LeVert,caris-levert,G,,22,34:18,2,2,3,6,12,7,17,40,0,1,1,2,2019-20,Playoffs
0041900113,1610612751,Brooklyn,Nets,BKN,nets,1629185,Chris,Chiozza,C. Chiozza,chris-chiozza,,,4,22:51,2,0,2,4,7,7,4,26,0,0,2,2,2019-20,Playoffs
0041900113,1610612751,Brooklyn,Nets,BKN,nets,1626147,Justin,Anderson,J. Anderson,justin-anderson,,,10,14:24,3,0,3,0,3,5,3,8,1,0,1,2,2019-20,Playoffs
0041900113,1610612751,Brooklyn,Nets,BKN,nets,1629066,Rodions,Kurucs,R. Kurucs,rodions-kurucs,,,00,9:19,0,2,2,6,3,5,0,16,0,0,0,0,2019-20,Playoffs
0041900113,1610612751,Brooklyn,Nets,BKN,nets,1629058,Dzanan,Musa,D. Musa,dzanan-musa,,,13,12:58,1,0,1,0,0,2,3,14,0,1,1,5,2019-20,Playoffs
0041900113,1610612751,Brooklyn,Nets,BKN,nets,1629725,Jeremiah,Martin,J. Martin,jeremiah-martin,,,0,6:11,3,0,0,0,0,0,3,2,0,1,0,1,2019-20,Playoffs
0041900113,1610612751,Brooklyn,Nets,BKN,nets,1629743,Donta,Hall,D. Hall,donta-hall,,,45,6:11,0,3,0,2,0,0,3,2,1,0,0,1,2019-20,Playoffs
0041900113,1610612751,Brooklyn,Nets,BKN,nets,202498,Lance,Thomas,L. Thomas,lance-thomas,,,42,6:11,0,0,0,0,0,0,3,2,1,0,0,1,2019-20,Playoffs
0041900114,1610612761,Toronto,Raptors,TOR,raptors,1628384,OG,Anunoby,O. Anunoby,og-anunoby,F,,3,25:47,0,0,3,4,10,10,8,16,2,1,0,2,2019-20,Playoffs
0041900114,1610612761,Toronto,Raptors,TOR,raptors,1627783,Pascal,Siakam,P. Siakam,pascal-siakam,F,,43,32:56,0,3,1,14,10,16,10,24,0,1,2,3,2019-20,Playoffs
0041900114,1610612761,Toronto,Raptors,TOR,raptors,201188,Marc,Gasol,M. Gasol,marc-gasol,C,,33,20:37,0,2,0,4,8,8,5,14,0,0,1,2,2019-20,Playoffs
0041900114,1610612761,Toronto,Raptors,TOR,raptors,1627832,Fred,VanVleet,F. VanVleet,fred-vanvleet,G,,23,18:54,0,4,3,0,6,7,5,14,0,1,4,3,2019-20,Playoffs
0041900114,1610612761,Toronto,Raptors,TOR,raptors,200768,Kyle,Lowry,K. Lowry,kyle-lowry,G,,7,9:12,0,0,0,2,2,3,3,6,1,0,1,0,2019-20,Playoffs
0041900114,1610612761,Toronto,Raptors,TOR,raptors,1626181,Norman,Powell,N. Powell,norman-powell,,,24,24:20,4,0,4,8,4,8,2,14,1,0,4,3,2019-20,Playoffs
0041900114,1610612761,Toronto,Raptors,TOR,raptors,201586,Serge,Ibaka,S. Ibaka,serge-ibaka,,,9,19:50,6,4,0,14,6,13,10,14,2,0,4,1,2019-20,Playoffs
0041900114,1610612761,Toronto,Raptors,TOR,raptors,1629056,Terence,Davis,T. Davis,terence-davis,,,0,23:58,0,0,3,2,4,11,13,14,0,0,4,0,2019-20,Playoffs
0041900114,1610612761,Toronto,Raptors,TOR,raptors,1629744,Matt,Thomas,M. Thomas,matt-thomas,,,21,24:34,0,0,2,2,0,6,12,12,0,1,1,0,2019-20,Playoffs
0041900114,1610612761,Toronto,Raptors,TOR,raptors,1626178,Rondae,Hollis-Jefferson,R. Hollis-Jefferson,rondae-hollis-jefferson,,,4,12:00,0,4,2,4,0,2,9,4,0,0,2,1,2019-20,Playoffs
0041900114,1610612761,Toronto,Raptors,TOR,raptors,1626169,Stanley,Johnson,S. Johnson,stanley-johnson,,,5,12:00,6,0,0,2,0,2,9,4,0,2,2,1,2019-20,Playoffs
0041900114,1610612761,Toronto,Raptors,TOR,raptors,1628449,Chris,Boucher,C. Boucher,chris-boucher,,,25,10:05,0,0,0,0,0,2,6,2,0,0,1,0,2019-20,Playoffs
0041900114,1610612761,Toronto,Raptors,TOR,raptors,1628778,Paul,Watson,P. Watson,paul-watson,,,1,5:47,2,0,2,2,0,2,3,2,0,0,0,1,2019-20,Playoffs
0041900114,1610612751,Brooklyn,Nets,BKN,nets,202066,Garrett,Temple,G. Temple,garrett-temple,F,,17,31:31,0,0,5,4,6,11,14,38,1,0,2,2,2019-20,Playoffs
0041900114,1610612751,Brooklyn,Nets,BKN,nets,1627789,Timothe,Luwawu-Cabarrot,T. Luwawu-Cabarrot,timothe-luwawu-cabarrot,F,,9,27:01,0,3,3,0,6,11,16,36,0,1,3,2,2019-20,Playoffs
0041900114,1610612751,Brooklyn,Nets,BKN,nets,1628386,Jarrett,Allen,J. Allen,jarrett-allen,C,,31,25:07,4,2,0,4,2,6,11,30,2,0,1,1,2019-20,Playoffs
0041900114,1610612751,Brooklyn,Nets,BKN,nets,204020,Tyler,Johnson,T. Johnson,tyler-johnson,G,,8,29:02,2,5,0,2,4,6,11,32,0,3,1,0,2019-20,Playoffs
0041900114,1610612751,Brooklyn,Nets,BKN,nets,1627747,Caris,LeVert,C. LeVert,caris-levert,G,,22,30:36,4,0,5,8,10,10,13,46,0,2,2,9,2019-20,Playoffs
0041900114,1610612751,Brooklyn,Nets,BKN,nets,1629185,Chris,Chiozza,C. Chiozza,chris-chiozza,,,4,22:17,0,0,3,0,8,7,5,24,0,0,4,1,2019-20,Playoffs
0041900114,1610612751,Brooklyn,Nets,BKN,nets,1629058,Dzanan,Musa,D. Musa,dzanan-musa,,,13,22:32,0,2,0,4,14,11,9,26,1,0,1,6,2019-20,Playoffs
0041900114,1610612751,Brooklyn,Nets,BKN,nets,1629066,Rodions,Kurucs,R. Kurucs,rodions-kurucs,,,00,17:06,0,4,0,4,8,7,5,18,1,0,1,3,2019-20,Playoffs
0041900114,1610612751,Brooklyn,Nets,BKN,nets,1629725,Jeremiah,Martin,J. Martin,jeremiah-martin,,,0,12:00,0,0,0,0,8,4,4,10,0,0,1,1,2019-20,Playoffs
0041900114,1610612751,Brooklyn,Nets,BKN,nets,1626147,Justin,Anderson,J. Anderson,justin-anderson,,,10,9:56,0,0,3,0,8,4,4,10,0,0,1,0,2019-20,Playoffs
0041900114,1610612751,Brooklyn,Nets,BKN,nets,202498,Lance,Thomas,L. Thomas,lance-thomas,,,42,7:06,0,2,0,0,8,4,4,10,0,0,0,1,2019-20,Playoffs
0041900114,1610612751,Brooklyn,Nets,BKN,nets,1629743,Donta,Hall,D. Hall,donta-hall,,,45,5:47,0,0,0,2,8,4,4,10,1,0,0,0,2019-20,Playoffs
0041900121,1610612755,Philadelphia,76ers,PHI,sixers,202699,Tobias,Harris,T. Harris,tobias-harris,F,,12,38:48,0,2,3,10,21,6,16,32,0,2,1,2,2019-20,Playoffs
0041900121,1610612755,Philadelphia,76ers,PHI,sixers,201143,Al,Horford,A. Horford,al-horford,F,,42,31:08,2,2,0,4,14,7,9,24,1,0,5,1,2019-20,Playoffs
0041900121,1610612755,Philadelphia,76ers,PHI,sixers,203954,Joel,Embiid,J. Embiid,joel-embiid,C,,21,37:30,3,3,0,10,18,9,16,32,1,0,5,9,2019-20,Playoffs
0041900121,1610612755,Philadelphia,76ers,PHI,sixers,1626196,Josh,Richardson,J. Richardson,josh-richardson,G,,0,37:11,0,2,3,8,19,7,14,32,0,2,2,2,2019-20,Playoffs
0041900121,1610612755,Philadelphia,76ers,PHI,sixers,1629003,Shake,Milton,S. Milton,shake-milton,G,,18,25:41,2,0,2,4,17,4,9,22,0,0,2,1,2019-20,Playoffs
0041900121,1610612755,Philadelphia,76ers,PHI,sixers,1629680,Matisse,Thybulle,M. Thybulle,matisse-thybulle,,,22,32:41,0,3,0,2,10,5,11,20,1,0,3,0,2019-20,Playoffs
0041900121,1610612755,Philadelphia,76ers,PHI,sixers,202692,Alec,Burks,A. Burks,alec-burks,,,20,27:30,0,4,0,8,6,7,11,18,0,0,2,6,2019-20,Playoffs
0041900121,1610612755,Philadelphia,76ers,PHI,sixers,203118,Mike,Scott,M. Scott,mike-scott,,,1,2:27,0,0,0,0,0,0,2,0,0,0,1,0,2019-20,Playoffs
0041900121,1610612755,Philadelphia,76ers,PHI,sixers,1627788,Furkan,Korkmaz,F. Korkmaz,furkan-korkmaz,,,30,7:05,0,0,0,0,0,0,2,0,0,0,3,0,2019-20,Playoffs
0041900121,1610612755,Philadelphia,76ers,PHI,sixers,203526,Raul,Neto,R. Neto,raul-neto,,DNP - Coach's Decision,19,,0,0,0,0,0,0,0,0,0,0,0,0,2019-20,Playoffs
0041900121,1610612755,Philadelphia,76ers,PHI,sixers,203124,Kyle,O'Quinn,K. O'Quinn,kyle-oquinn,,DNP - Coach's Decision,9,,0,0,0,0,0,0,0,0,0,0,0,0,2019-20,Playoffs
0041900121,1610612755,Philadelphia,76ers,PHI,sixers,203658,Norvel,Pelle,N. Pelle,norvel-pelle,,DNP - Coach's Decision,14,,0,0,0,0,0,0,0,0,0,0,0,0,2019-20,Playoffs
0041900121,1610612755,Philadelphia,76ers,PHI,sixers,1629621,Marial,Shayok,M. Shayok,marial-shayok,,DNP - Coach's Decision,35,,0,0,0,0,0,0,0,0,0,0,0,0,2019-20,Playoffs
0041900121,1610612738,Boston,Celtics,BOS,celtics,202330,Gordon,Hayward,G. Hayward,gordon-hayward,F,,20,34:27,2,0,0,2,2,7,6,34,0,1,0,2,2019-20,Playoffs
0041900121,1610612738,Boston,Celtics,BOS,celtics,1628369,Jayson,Tatum,J. Tatum,jayson-tatum,F,,0,41:27,6,0,5,8,7,14,8,40,3,2,2,8,2019-20,Playoffs
0041900121,1610612738,Boston,Celtics,BOS,celtics,1628464,Daniel,Theis,D. Theis,daniel-theis,C,,27,25:02,7,2,4,6,2,6,3,26,1,0,5,1,2019-20,Playoffs
0041900121,1610612738,Boston,Celtics,BOS,celtics,1627759,Jaylen,Brown,J. Brown,jaylen-brown,G,,7,38:52,2,5,3,6,7,13,5,36,0,0,4,4,2019-20,Playoffs
0041900121,1610612738,Boston,Celtics,BOS,celtics,202689,Kemba,Walker,K. Walker,kemba-walker,G,,8,34:41,2,0,6,10,7,9,5,28,0,0,2,4,2019-20,Playoffs
0041900121,1610612738,Boston,Celtics,BOS,celtics,203935,Marcus,Smart,M. Smart,marcus-smart,,,36,31:54,0,0,0,0,5,16,5,28,0,0,1,5,2019-20,Playoffs
0041900121,1610612738,Boston,Celtics,BOS,celtics,202683,Enes,Freedom,E. Freedom,enes-freedom,,,11,8:13,0,0,0,0,3,5,2,6,0,0,1,0,2019-20,Playoffs
0041900121,1610612738,Boston,Celtics,BOS,celtics,202954,Brad,Wanamaker,B. Wanamaker,brad-wanamaker,,,9,10:28,0,0,0,2,0,5,3,18,0,0,2,0,2019-20,Playoffs
0041900121,1610612738,Boston,Celtics,BOS,celtics,1629057,Robert,Williams III,R. Williams III,robert-williams-iii,,,44,12:35,2,2,0,2,2,3,3,14,0,0,4,0,2019-20,Playoffs
0041900121,1610612738,Boston,Celtics,BOS,celtics,1629684,Grant,Williams,G. Williams,grant-williams,,,12,2:10,0,0,0,0,0,2,0,0,0,0,0,0,2019-20,Playoffs
0041900121,1610612738,Boston,Celtics,BOS,celtics,1629641,Romeo,Langford,R. Langford,romeo-langford,,,45,0:11,0,0,0,0,0,0,0,0,0,0,0,0,2019-20,Playoffs
0041900121,1610612738,Boston,Celtics,BOS,celtics,1629750,Javonte,Green,J. Green,javonte-green,,DNP - Coach's Decision,43,,0,0,0,0,0,0,0,0,0,0,0,0,2019-20,Playoffs
0041900121,1610612738,Boston,Celtics,BOS,celtics,1628400,Semi,Ojeleye,S. Ojeleye,semi-ojeleye,,DNP - Coach's Decision,37,,0,0,0,0,0,0,0,0,0,0,0,0,2019-20,Playoffs
0041900122,1610612755,Philadelphia,76ers,PHI,sixers,1629680,Matisse,Thybulle,M. Thybulle,matisse-thybulle,F,,22,24:40,0,0,0,2,5,7,12,26,0,0,3,0,2019-20,Playoffs
0041900122,1610612755,Philadelphia,76ers,PHI,sixers,202699,Tobias,Harris,T. Harris,tobias-harris,F,,12,35:27,0,0,1,6,11,12,15,28,0,2,3,4,2019-20,Playoffs
0041900122,1610612755,Philadelphia,76ers,PHI,sixers,203954,Joel,Embiid,J. Embiid,joel-embiid,C,,21,34:20,2,2,0,14,11,13,14,32,1,0,3,13,2019-20,Playoffs
0041900122,1610612755,Philadelphia,76ers,PHI,sixers,1626196,Josh,Richardson,J. Richardson,josh-richardson,G,,0,28:55,3,0,0,4,9,8,15,22,0,0,3,3,2019-20,Playoffs
0041900122,1610612755,Philadelphia,76ers,PHI,sixers,1629003,Shake,Milton,S. Milton,shake-milton,G,,18,29:17,0,0,0,4,11,11,12,22,0,1,3,2,2019-20,Playoffs
0041900122,1610612755,Philadelphia,76ers,PHI,sixers,201143,Al,Horford,A. Horford,al-horford,,,42,23:10,0,0,0,4,2,5,5,14,1,0,1,0,2019-20,Playoffs
0041900122,1610612755,Philadelphia,76ers,PHI,sixers,203526,Raul,Neto,R. Neto,raul-neto,,,19,14:45,0,0,0,2,1,1,2,12,0,1,0,2,2019-20,Playoffs
0041900122,1610612755,Philadelphia,76ers,PHI,sixers,202692,Alec,Burks,A. Burks,alec-burks,,,20,15:48,0,2,0,2,4,9,5,12,0,1,1,0,2019-20,Playoffs
0041900122,1610612755,Philadelphia,76ers,PHI,sixers,1627788,Furkan,Korkmaz,F. Korkmaz,furkan-korkmaz,,,30,15:49,0,0,0,0,3,6,5,10,0,0,0,2,2019-20,Playoffs
0041900122,1610612755,Philadelphia,76ers,PHI,sixers,203658,Norvel,Pelle,N. Pelle,norvel-pelle,,,14,6:31,0,0,0,0,1,1,0,4,1,0,0,0,2019-20,Playoffs
0041900122,1610612755,Philadelphia,76ers,PHI,sixers,203118,Mike,Scott,M. Scott,mike-scott,,,1,5:39,0,0,0,2,1,1,0,4,0,0,1,2,2019-20,Playoffs
0041900122,1610612755,Philadelphia,76ers,PHI,sixers,203124,Kyle,O'Quinn,K. O'Quinn,kyle-oquinn,,,9,5:39,0,0,0,0,1,1,0,4,0,0,3,0,2019-20,Playoffs
0041900122,1610612755,Philadelphia,76ers,PHI,sixers,1629621,Marial,Shayok,M. Shayok,marial-shayok,,DNP - Coach's Decision,35,,0,0,0,0,0,0,0,0,0,0,0,0,2019-20,Playoffs
0041900122,1610612738,Boston,Celtics,BOS,celtics,1627759,Jaylen,Brown,J. Brown,jaylen-brown,F,,7,28:26,2,2,7,8,5,2,1,24,1,0,2,3,2019-20,Playoffs
0041900122,1610612738,Boston,Celtics,BOS,celtics,1628369,Jayson,Tatum,J. Tatum,jayson-tatum,F,,0,30:54,0,3,5,6,0,2,0,30,0,1,2,2,2019-20,Playoffs
0041900122,1610612738,Boston,Celtics,BOS,celtics,1628464,Daniel,Theis,D. Theis,daniel-theis,C,,27,12:29,0,2,0,2,3,0,0,14,0,0,3,0,2019-20,Playoffs
0041900122,1610612738,Boston,Celtics,BOS,celtics,203935,Marcus,Smart,M. Smart,marcus-smart,G,,36,29:56,3,0,3,4,5,4,1,32,1,0,3,2,2019-20,Playoffs
0041900122,1610612738,Boston,Celtics,BOS,celtics,202689,Kemba,Walker,K. Walker,kemba-walker,G,,8,25:48,4,2,0,4,3,0,1,26,0,1,1,3,2019-20,Playoffs
0041900122,1610612738,Boston,Celtics,BOS,celtics,1628400,Semi,Ojeleye,S. Ojeleye,semi-ojeleye,,,37,9:12,0,0,0,0,3,0,0,8,0,0,2,0,2019-20,Playoffs
0041900122,1610612738,Boston,Celtics,BOS,celtics,1629684,Grant,Williams,G. Williams,grant-williams,,,12,20:36,0,1,0,0,0,2,1,16,1,0,4,4,2019-20,Playoffs
0041900122,1610612738,Boston,Celtics,BOS,celtics,202954,Brad,Wanamaker,B. Wanamaker,brad-wanamaker,,,9,22:50,2,0,2,4,2,4,0,16,2,0,3,0,2019-20,Playoffs
0041900122,1610612738,Boston,Celtics,BOS,celtics,202683,Enes,Freedom,E. Freedom,enes-freedom,,,11,21:41,0,4,0,6,0,2,0,16,0,0,3,3,2019-20,Playoffs
0041900122,1610612738,Boston,Celtics,BOS,celtics,1629641,Romeo,Langford,R. Langford,romeo-langford,,,45,22:47,0,0,0,2,2,2,1,14,0,1,2,2,2019-20,Playoffs
0041900122,1610612738,Boston,Celtics,BOS,celtics,1629057,Robert,Williams III,R. Williams III,robert-williams-iii,,,44,6:54,0,0,0,0,2,2,0,2,0,0,2,0,2019-20,Playoffs
0041900122,1610612738,Boston,Celtics,BOS,celtics,1629750,Javonte,Green,J. Green,javonte-green,,,43,5:39,0,0,0,0,0,0,0,2,0,0,1,0,2019-20,Playoffs
0041900122,1610612738,Boston,Celtics,BOS,celtics,1629605,Tacko,Fall,T. Fall,tacko-fall,,,99,2:49,1,1,0,2,0,0,0,0,0,0,0,2,2019-20,Playoffs
0041900123,1610612738,Boston,Celtics,BOS,celtics,1627759,Jaylen,Brown,J. Brown,jaylen-brown,F,,7,41:42,8,0,7,10,18,18,8,26,0,0,1,4,2019-20,Playoffs
0041900123,1610612738,Boston,Celtics,BOS,celtics,1628369,Jayson,Tatum,J. Tatum,jayson-tatum,F,,0,32:08,4,3,2,6,14,17,5,24,4,1,4,2,2019-20,Playoffs
0041900123,1610612738,Boston,Celtics,BOS,celtics,1628464,Daniel,Theis,D. Theis,daniel-theis,C,,27,26:14,2,0,0,6,14,11,5,24,2,1,6,1,2019-20,Playoffs
0041900123,1610612738,Boston,Celtics,BOS,celtics,203935,Marcus,Smart,M. Smart,marcus-smart,G,,36,38:40,0,0,0,8,12,12,5,20,0,1,4,6,2019-20,Playoffs
0041900123,1610612738,Boston,Celtics,BOS,celtics,202689,Kemba,Walker,K. Walker,kemba-walker,G,,8,35:10,6,2,9,8,16,13,5,26,1,2,1,3,2019-20,Playoffs
0041900123,1610612738,Boston,Celtics,BOS,celtics,1629684,Grant,Williams,G. Williams,grant-williams,,,12,10:32,0,2,2,2,0,8,0,4,1,0,2,2,2019-20,Playoffs
0041900123,1610612738,Boston,Celtics,BOS,celtics,1629641,Romeo,Langford,R. Langford,romeo-langford,,,45,10:44,0,0,0,2,8,4,3,10,0,1,0,0,2019-20,Playoffs
0041900123,1610612738,Boston,Celtics,BOS,celtics,202683,Enes,Freedom,E. Freedom,enes-freedom,,,11,14:22,0,2,0,2,4,4,3,4,0,1,3,0,2019-20,Playoffs
0041900123,1610612738,Boston,Celtics,BOS,celtics,202954,Brad,Wanamaker,B. Wanamaker,brad-wanamaker,,,9,18:28,2,0,2,0,2,9,3,8,0,0,1,1,2019-20,Playoffs
0041900123,1610612738,Boston,Celtics,BOS,celtics,1628400,Semi,Ojeleye,S. Ojeleye,semi-ojeleye,,,37,12:00,0,0,0,0,2,4,3,4,0,0,1,0,2019-20,Playoffs
0041900123,1610612738,Boston,Celtics,BOS,celtics,1629035,Carsen,Edwards,C. Edwards,carsen-edwards,,DNP - Coach's Decision,4,,0,0,0,0,0,0,0,0,0,0,0,0,2019-20,Playoffs
0041900123,1610612738,Boston,Celtics,BOS,celtics,1629605,Tacko,Fall,T. Fall,tacko-fall,,DNP - Coach's Decision,99,,0,0,0,0,0,0,0,0,0,0,0,0,2019-20,Playoffs
0041900123,1610612738,Boston,Celtics,BOS,celtics,1629057,Robert,Williams III,R. Williams III,robert-williams-iii,,DNP - Coach's Decision,44,,0,0,0,0,0,0,0,0,0,0,0,0,2019-20,Playoffs
0041900123,1610612755,Philadelphia,76ers,PHI,sixers,202699,Tobias,Harris,T. Harris,tobias-harris,F,,12,39:14,4,6,2,10,22,9,22,42,1,0,3,3,2019-20,Playoffs
0041900123,1610612755,Philadelphia,76ers,PHI,sixers,201143,Al,Horford,A. Horford,al-horford,F,,42,37:52,0,0,0,2,17,7,19,34,2,1,4,4,2019-20,Playoffs
0041900123,1610612755,Philadelphia,76ers,PHI,sixers,203954,Joel,Embiid,J. Embiid,joel-embiid,C,,21,35:25,4,9,3,6,22,7,18,34,1,2,5,12,2019-20,Playoffs
0041900123,1610612755,Philadelphia,76ers,PHI,sixers,1626196,Josh,Richardson,J. Richardson,josh-richardson,G,,0,41:40,3,2,3,4,22,9,22,44,2,3,2,2,2019-20,Playoffs
0041900123,1610612755,Philadelphia,76ers,PHI,sixers,1629003,Shake,Milton,S. Milton,shake-milton,G,,18,37:38,5,0,0,6,18,7,20,38,0,2,3,1,2019-20,Playoffs
0041900123,1610612755,Philadelphia,76ers,PHI,sixers,1627788,Furkan,Korkmaz,F. Korkmaz,furkan-korkmaz,,,30,12:58,0,0,0,0,0,4,5,8,0,0,0,0,2019-20,Playoffs
0041900123,1610612755,Philadelphia,76ers,PHI,sixers,202692,Alec,Burks,A. Burks,alec-burks,,,20,21:43,2,3,0,2,7,2,4,14,1,0,2,1,2019-20,Playoffs
0041900123,1610612755,Philadelphia,76ers,PHI,sixers,1629680,Matisse,Thybulle,M. Thybulle,matisse-thybulle,,,22,8:32,0,0,0,0,2,0,0,4,0,0,0,0,2019-20,Playoffs
0041900123,1610612755,Philadelphia,76ers,PHI,sixers,203118,Mike,Scott,M. Scott,mike-scott,,,1,4:59,0,0,0,0,0,0,0,2,0,0,0,0,2019-20,Playoffs
0041900123,1610612755,Philadelphia,76ers,PHI,sixers,203526,Raul,Neto,R. Neto,raul-neto,,DNP - Coach's Decision,19,,0,0,0,0,0,0,0,0,0,0,0,0,2019-20,Playoffs
0041900123,1610612755,Philadelphia,76ers,PHI,sixers,203124,Kyle,O'Quinn,K. O'Quinn,kyle-oquinn,,DNP - Coach's Decision,9,,0,0,0,0,0,0,0,0,0,0,0,0,2019-20,Playoffs
0041900123,1610612755,Philadelphia,76ers,PHI,sixers,203658,Norvel,Pelle,N. Pelle,norvel-pelle,,DNP - Coach's Decision,14,,0,0,0,0,0,0,0,0,0,0,0,0,2019-20,Playoffs
0041900123,1610612755,Philadelphia,76ers,PHI,sixers,1629621,Marial,Shayok,M. Shayok,marial-shayok,,DNP - Coach's Decision,35,,0,0,0,0,0,0,0,0,0,0,0,0,2019-20,Playoffs
0041900124,1610612738,Boston,Celtics,BOS,celtics,1627759,Jaylen,Brown,J. Brown,jaylen-brown,F,,7,41:01,0,0,3,4,16,4,2,32,0,1,3,3,2019-20,Playoffs
0041900124,1610612738,Boston,Celtics,BOS,celtics,1628369,Jayson,Tatum,J. Tatum,jayson-tatum,F,,0,40:27,8,1,4,14,17,6,2,24,2,1,1,5,2019-20,Playoffs
0041900124,1610612738,Boston,Celtics,BOS,celtics,1628464,Daniel,Theis,D. Theis,daniel-theis,C,,27,26:38,2,3,0,8,11,2,2,24,1,1,2,4,2019-20,Playoffs
0041900124,1610612738,Boston,Celtics,BOS,celtics,203935,Marcus,Smart,M. Smart,marcus-smart,G,,36,42:45,0,0,0,4,14,6,2,30,0,0,1,7,2019-20,Playoffs
0041900124,1610612738,Boston,Celtics,BOS,celtics,202689,Kemba,Walker,K. Walker,kemba-walker,G,,8,35:33,0,2,3,0,19,4,2,26,2,1,4,6,2019-20,Playoffs
0041900124,1610612738,Boston,Celtics,BOS,celtics,202683,Enes,Freedom,E. Freedom,enes-freedom,,,11,16:18,0,4,0,6,5,2,0,6,0,0,4,0,2019-20,Playoffs
0041900124,1610612738,Boston,Celtics,BOS,celtics,202954,Brad,Wanamaker,B. Wanamaker,brad-wanamaker,,,9,17:43,0,0,0,2,9,2,0,12,0,1,2,0,2019-20,Playoffs
0041900124,1610612738,Boston,Celtics,BOS,celtics,1629684,Grant,Williams,G. Williams,grant-williams,,,12,6:06,0,0,0,0,4,2,0,6,0,0,4,0,2019-20,Playoffs
0041900124,1610612738,Boston,Celtics,BOS,celtics,1629641,Romeo,Langford,R. Langford,romeo-langford,,,45,3:35,0,0,0,0,2,2,0,4,0,0,1,0,2019-20,Playoffs
0041900124,1610612738,Boston,Celtics,BOS,celtics,1628400,Semi,Ojeleye,S. Ojeleye,semi-ojeleye,,,37,7:26,0,0,0,0,5,0,0,6,0,0,2,0,2019-20,Playoffs
0041900124,1610612738,Boston,Celtics,BOS,celtics,1629057,Robert,Williams III,R. Williams III,robert-williams-iii,,,44,2:30,0,0,0,0,3,0,0,0,0,0,1,0,2019-20,Playoffs
0041900124,1610612738,Boston,Celtics,BOS,celtics,1629035,Carsen,Edwards,C. Edwards,carsen-edwards,,DNP - Coach's Decision,4,,0,0,0,0,0,0,0,0,0,0,0,0,2019-20,Playoffs
0041900124,1610612738,Boston,Celtics,BOS,celtics,1629605,Tacko,Fall,T. Fall,tacko-fall,,DNP - Coach's Decision,99,,0,0,0,0,0,0,0,0,0,0,0,0,2019-20,Playoffs
0041900124,1610612755,Philadelphia,76ers,PHI,sixers,202699,Tobias,Harris,T. Harris,tobias-harris,F,,12,35:06,3,2,0,4,3,8,10,26,0,0,4,2,2019-20,Playoffs
0041900124,1610612755,Philadelphia,76ers,PHI,sixers,201143,Al,Horford,A. Horford,al-horford,F,,42,36:19,0,4,0,10,3,6,8,26,1,1,4,3,2019-20,Playoffs
0041900124,1610612755,Philadelphia,76ers,PHI,sixers,203954,Joel,Embiid,J. Embiid,joel-embiid,C,,21,37:23,4,0,0,10,9,9,8,28,2,0,5,10,2019-20,Playoffs
0041900124,1610612755,Philadelphia,76ers,PHI,sixers,1626196,Josh,Richardson,J. Richardson,josh-richardson,G,,0,36:26,8,0,2,0,8,6,10,30,0,2,5,4,2019-20,Playoffs
0041900124,1610612755,Philadelphia,76ers,PHI,sixers,1629003,Shake,Milton,S. Milton,shake-milton,G,,18,33:18,0,0,0,4,4,10,6,24,0,0,5,3,2019-20,Playoffs
0041900124,1610612755,Philadelphia,76ers,PHI,sixers,1627788,Furkan,Korkmaz,F. Korkmaz,furkan-korkmaz,,,30,4:23,0,0,0,0,0,2,0,2,0,0,0,0,2019-20,Playoffs
0041900124,1610612755,Philadelphia,76ers,PHI,sixers,202692,Alec,Burks,A. Burks,alec-burks,,,20,29:48,6,0,0,6,10,6,4,24,2,1,2,1,2019-20,Playoffs
0041900124,1610612755,Philadelphia,76ers,PHI,sixers,1629680,Matisse,Thybulle,M. Thybulle,matisse-thybulle,,,22,9:29,0,0,0,0,2,1,2,10,0,0,0,0,2019-20,Playoffs
0041900124,1610612755,Philadelphia,76ers,PHI,sixers,203526,Raul,Neto,R. Neto,raul-neto,,,19,11:00,0,0,0,0,6,0,2,12,0,1,0,2,2019-20,Playoffs
0041900124,1610612755,Philadelphia,76ers,PHI,sixers,203118,Mike,Scott,M. Scott,mike-scott,,,1,6:48,0,0,0,0,5,2,0,8,0,0,0,0,2019-20,Playoffs
0041900124,1610612755,Philadelphia,76ers,PHI,sixers,203124,Kyle,O'Quinn,K. O'Quinn,kyle-oquinn,,DNP - Coach's Decision,9,,0,0,0,0,0,0,0,0,0,0,0,0,2019-20,Playoffs
0041900124,1610612755,Philadelphia,76ers,PHI,sixers,203658,Norvel,Pelle,N. Pelle,norvel-pelle,,DNP - Coach's Decision,14,,0,0,0,0,0,0,0,0,0,0,0,0,2019-20,Playoffs
0041900124,1610612755,Philadelphia,76ers,PHI,sixers,1629621,Marial,Shayok,M. Shayok,marial-shayok,,DNP - Coach's Decision,35,,0,0,0,0,0,0,0,0,0,0,0,0,2019-20,Playoffs
0041900131,1610612748,Miami,Heat,MIA,heat,202710,Jimmy,Butler III,J. Butler III,jimmy-butler-iii,F,,22,36:60,11,2,8,8,12,3,10,32,2,1,3,9,2019-20,Playoffs
0041900131,1610612748,Miami,Heat,MIA,heat,203109,Jae,Crowder,J. Crowder,jae-crowder,F,,99,25:00,0,0,0,2,5,0,6,22,0,0,1,1,2019-20,Playoffs
0041900131,1610612748,Miami,Heat,MIA,heat,1628389,Bam,Adebayo,B. Adebayo,bam-adebayo,C,,13,34:49,2,2,2,12,7,3,6,24,3,2,2,4,2019-20,Playoffs
0041900131,1610612748,Miami,Heat,MIA,heat,1629130,Duncan,Robinson,D. Robinson,duncan-robinson,G,,55,23:54,0,3,0,0,3,0,2,22,0,0,3,1,2019-20,Playoffs
0041900131,1610612748,Miami,Heat,MIA,heat,201609,Goran,Dragic,G. Dragic,goran-dragic,G,,7,34:00,6,2,0,8,7,3,4,26,0,1,2,2,2019-20,Playoffs
0041900131,1610612748,Miami,Heat,MIA,heat,1629639,Tyler,Herro,T. Herro,tyler-herro,,,14,33:39,2,2,2,4,7,3,10,26,0,0,2,2,2019-20,Playoffs
0041900131,1610612748,Miami,Heat,MIA,heat,2738,Andre,Iguodala,A. Iguodala,andre-iguodala,,,28,24:56,2,0,2,4,9,3,10,22,2,0,3,1,2019-20,Playoffs
0041900131,1610612748,Miami,Heat,MIA,heat,1627884,Derrick,Jones Jr.,D. Jones Jr.,derrick-jones-jr,,,5,13:11,0,0,0,2,5,0,6,16,0,0,1,2,2019-20,Playoffs
0041900131,1610612748,Miami,Heat,MIA,heat,203482,Kelly,Olynyk,K. Olynyk,kelly-olynyk,,,9,13:31,0,3,0,2,5,0,6,10,0,0,0,1,2019-20,Playoffs
0041900131,1610612748,Miami,Heat,MIA,heat,2617,Udonis,Haslem,U. Haslem,udonis-haslem,,DNP - Coach's Decision,40,,0,0,0,0,0,0,0,0,0,0,0,0,2019-20,Playoffs
0041900131,1610612748,Miami,Heat,MIA,heat,203524,Solomon,Hill,S. Hill,solomon-hill,,DNP - Coach's Decision,44,,0,0,0,0,0,0,0,0,0,0,0,0,2019-20,Playoffs
0041900131,1610612748,Miami,Heat,MIA,heat,203086,Meyers,Leonard,M. Leonard,meyers-leonard,,DNP - Coach's Decision,0,,0,0,0,0,0,0,0,0,0,0,0,0,2019-20,Playoffs
0041900131,1610612748,Miami,Heat,MIA,heat,1629134,Kendrick,Nunn,K. Nunn,kendrick-nunn,,DNP - Coach's Decision,25,,0,0,0,0,0,0,0,0,0,0,0,0,2019-20,Playoffs
0041900131,1610612754,Indiana,Pacers,IND,pacers,1628988,Aaron,Holiday,A. Holiday,aaron-holiday,F,,3,16:07,0,3,0,4,7,7,4,14,0,1,4,2,2019-20,Playoffs
0041900131,1610612754,Indiana,Pacers,IND,pacers,203933,T.J.,Warren,T. Warren,tj-warren,F,,1,37:44,2,0,4,8,19,9,12,32,0,2,4,2,2019-20,Playoffs
0041900131,1610612754,Indiana,Pacers,IND,pacers,1626167,Myles,Turner,M. Turner,myles-turner,C,,33,32:36,3,0,0,8,18,9,12,28,3,0,3,2,2019-20,Playoffs
0041900131,1610612754,Indiana,Pacers,IND,pacers,203506,Victor,Oladipo,V. Oladipo,victor-oladipo,G,,4,8:34,2,0,0,0,4,3,6,10,0,0,1,2,2019-20,Playoffs
0041900131,1610612754,Indiana,Pacers,IND,pacers,1627763,Malcolm,Brogdon,M. Brogdon,malcolm-brogdon,G,,7,39:16,2,0,2,8,19,9,12,32,0,3,1,6,2019-20,Playoffs
0041900131,1610612754,Indiana,Pacers,IND,pacers,1628410,Edmond,Sumner,E. Sumner,edmond-sumner,,,5,27:02,0,0,4,4,13,5,6,28,0,0,3,1,2019-20,Playoffs
0041900131,1610612754,Indiana,Pacers,IND,pacers,203200,Justin,Holiday,J. Holiday,justin-holiday,,,8,31:40,3,0,0,0,11,5,6,28,1,0,4,1,2019-20,Playoffs
0041900131,1610612754,Indiana,Pacers,IND,pacers,203960,JaKarr,Sampson,J. Sampson,jakarr-sampson,,,14,16:43,0,0,2,6,7,7,2,14,0,0,1,0,2019-20,Playoffs
0041900131,1610612754,Indiana,Pacers,IND,pacers,204456,T.J.,McConnell,T. McConnell,tj-mcconnell,,,9,13:08,0,0,0,2,7,7,4,10,0,0,2,1,2019-20,Playoffs
0041900131,1610612754,Indiana,Pacers,IND,pacers,203926,Doug,McDermott,D. McDermott,doug-mcdermott,,,20,17:10,0,0,0,0,10,9,6,14,0,1,0,0,2019-20,Playoffs
0041900131,1610612754,Indiana,Pacers,IND,pacers,1629048,Goga,Bitadze,G. Bitadze,goga-bitadze,,DNP - Coach's Decision,88,,0,0,0,0,0,0,0,0,0,0,0,0,2019-20,Playoffs
0041900131,1610612754,Indiana,Pacers,IND,pacers,1628993,Alize,Johnson,A. Johnson,alize-johnson,,DNP - Coach's Decision,24,,0,0,0,0,0,0,0,0,0,0,0,0,2019-20,Playoffs
0041900131,1610612754,Indiana,Pacers,IND,pacers,1628388,T.J.,Leaf,T. Leaf,tj-leaf,,DNP - Coach's Decision,22,,0,0,0,0,0,0,0,0,0,0,0,0,2019-20,Playoffs
0041900132,1610612748,Miami,Heat,MIA,heat,202710,Jimmy,Butler III,J. Butler III,jimmy-butler-iii,F,,22,37:51,2,5,5,6,18,8,7,28,0,2,0,5,2019-20,Playoffs
0041900132,1610612748,Miami,Heat,MIA,heat,203109,Jae,Crowder,J. Crowder,jae-crowder,F,,99,24:16,3,0,1,2,12,8,7,20,0,1,1,3,2019-20,Playoffs
0041900132,1610612748,Miami,Heat,MIA,heat,1628389,Bam,Adebayo,B. Adebayo,bam-adebayo,C,,13,32:13,0,0,0,6,6,6,4,24,1,2,4,2,2019-20,Playoffs
0041900132,1610612748,Miami,Heat,MIA,heat,1629130,Duncan,Robinson,D. Robinson,duncan-robinson,G,,55,25:19,3,3,0,0,10,8,7,22,0,0,2,1,2019-20,Playoffs
0041900132,1610612748,Miami,Heat,MIA,heat,201609,Goran,Dragic,G. Dragic,goran-dragic,G,,7,31:59,0,3,0,12,13,8,5,26,0,0,4,2,2019-20,Playoffs
0041900132,1610612748,Miami,Heat,MIA,heat,1627884,Derrick,Jones Jr.,D. Jones Jr.,derrick-jones-jr,,,5,12:58,1,0,0,0,11,6,5,10,0,0,1,2,2019-20,Playoffs
0041900132,1610612748,Miami,Heat,MIA,heat,1629639,Tyler,Herro,T. Herro,tyler-herro,,,14,34:42,4,2,0,2,19,12,6,30,0,2,2,4,2019-20,Playoffs
0041900132,1610612748,Miami,Heat,MIA,heat,2738,Andre,Iguodala,A. Iguodala,andre-iguodala,,,28,28:25,2,0,2,4,15,8,2,24,2,0,1,0,2019-20,Playoffs
0041900132,1610612748,Miami,Heat,MIA,heat,203482,Kelly,Olynyk,K. Olynyk,kelly-olynyk,,,9,12:17,2,0,0,2,6,6,2,16,1,0,0,4,2019-20,Playoffs
0041900132,1610612748,Miami,Heat,MIA,heat,2617,Udonis,Haslem,U. Haslem,udonis-haslem,,DNP - Coach's Decision,40,,0,0,0,0,0,0,0,0,0,0,0,0,2019-20,Playoffs
0041900132,1610612748,Miami,Heat,MIA,heat,203524,Solomon,Hill,S. Hill,solomon-hill,,DNP - Coach's Decision,44,,0,0,0,0,0,0,0,0,0,0,0,0,2019-20,Playoffs
0041900132,1610612748,Miami,Heat,MIA,heat,203086,Meyers,Leonard,M. Leonard,meyers-leonard,,DNP - Coach's Decision,0,,0,0,0,0,0,0,0,0,0,0,0,0,2019-20,Playoffs
0041900132,1610612748,Miami,Heat,MIA,heat,1629134,Kendrick,Nunn,K. Nunn,kendrick-nunn,,DNP - Coach's Decision,25,,0,0,0,0,0,0,0,0,0,0,0,0,2019-20,Playoffs
0041900132,1610612754,Indiana,Pacers,IND,pacers,1628988,Aaron,Holiday,A. Holiday,aaron-holiday,F,,3,20:57,4,0,0,4,7,10,6,18,0,1,2,0,2019-20,Playoffs
0041900132,1610612754,Indiana,Pacers,IND,pacers,203933,T.J.,Warren,T. Warren,tj-warren,F,,1,38:25,4,6,4,10,13,11,5,30,0,0,3,1,2019-20,Playoffs
0041900132,1610612754,Indiana,Pacers,IND,pacers,1626167,Myles,Turner,M. Turner,myles-turner,C,,33,32:53,5,0,0,8,9,11,6,26,5,0,3,2,2019-20,Playoffs
0041900132,1610612754,Indiana,Pacers,IND,pacers,203506,Victor,Oladipo,V. Oladipo,victor-oladipo,G,,4,36:36,2,0,0,2,11,11,5,26,0,0,4,5,2019-20,Playoffs
0041900132,1610612754,Indiana,Pacers,IND,pacers,1627763,Malcolm,Brogdon,M. Brogdon,malcolm-brogdon,G,,7,37:48,5,2,3,4,13,11,5,28,0,0,2,6,2019-20,Playoffs
0041900132,1610612754,Indiana,Pacers,IND,pacers,203200,Justin,Holiday,J. Holiday,justin-holiday,,,8,28:43,2,2,0,2,12,5,5,12,2,0,2,1,2019-20,Playoffs
0041900132,1610612754,Indiana,Pacers,IND,pacers,203960,JaKarr,Sampson,J. Sampson,jakarr-sampson,,,14,17:07,0,4,2,6,8,2,2,10,0,0,4,0,2019-20,Playoffs
0041900132,1610612754,Indiana,Pacers,IND,pacers,204456,T.J.,McConnell,T. McConnell,tj-mcconnell,,,9,10:12,0,0,0,2,4,2,3,6,0,0,2,0,2019-20,Playoffs
0041900132,1610612754,Indiana,Pacers,IND,pacers,203926,Doug,McDermott,D. McDermott,doug-mcdermott,,,20,13:15,0,0,0,2,6,2,3,12,0,1,1,0,2019-20,Playoffs
0041900132,1610612754,Indiana,Pacers,IND,pacers,1628410,Edmond,Sumner,E. Sumner,edmond-sumner,,,5,3:52,0,0,0,0,2,0,0,2,0,2,0,0,2019-20,Playoffs
0041900132,1610612754,Indiana,Pacers,IND,pacers,1628993,Alize,Johnson,A. Johnson,alize-johnson,,,24,0:12,0,0,0,0,0,0,0,0,0,0,0,0,2019-20,Playoffs
0041900132,1610612754,Indiana,Pacers,IND,pacers,1629048,Goga,Bitadze,G. Bitadze,goga-bitadze,,DNP - Coach's Decision,88,,0,0,0,0,0,0,0,0,0,0,0,0,2019-20,Playoffs
0041900132,1610612754,Indiana,Pacers,IND,pacers,1628388,T.J.,Leaf,T. Leaf,tj-leaf,,DNP - Coach's Decision,22,,0,0,0,0,0,0,0,0,0,0,0,0,2019-20,Playoffs
0041900133,1610612754,Indiana,Pacers,IND,pacers,203200,Justin,Holiday,J. Holiday,justin-holiday,F,,8,32:18,0,0,3,0,10,4,4,26,1,1,2,1,2019-20,Playoffs
0041900133,1610612754,Indiana,Pacers,IND,pacers,203933,T.J.,Warren,T. Warren,tj-warren,F,,1,40:22,6,0,11,8,15,10,7,32,1,1,4,5,2019-20,Playoffs
0041900133,1610612754,Indiana,Pacers,IND,pacers,1626167,Myles,Turner,M. Turner,myles-turner,C,,33,38:04,0,6,0,6,14,8,7,30,3,0,4,4,2019-20,Playoffs
0041900133,1610612754,Indiana,Pacers,IND,pacers,203506,Victor,Oladipo,V. Oladipo,victor-oladipo,G,,4,33:48,2,0,6,10,15,8,7,26,0,0,6,1,2019-20,Playoffs
0041900133,1610612754,Indiana,Pacers,IND,pacers,1627763,Malcolm,Brogdon,M. Brogdon,malcolm-brogdon,G,,7,42:54,5,2,0,10,17,10,7,36,0,0,5,6,2019-20,Playoffs
0041900133,1610612754,Indiana,Pacers,IND,pacers,1628988,Aaron,Holiday,A. Holiday,aaron-holiday,,,3,22:11,2,0,2,6,5,6,3,18,0,0,4,2,2019-20,Playoffs
0041900133,1610612754,Indiana,Pacers,IND,pacers,203960,JaKarr,Sampson,J. Sampson,jakarr-sampson,,,14,9:56,0,0,0,0,3,2,0,8,0,0,4,0,2019-20,Playoffs
0041900133,1610612754,Indiana,Pacers,IND,pacers,203926,Doug,McDermott,D. McDermott,doug-mcdermott,,,20,15:47,2,0,0,2,6,2,0,12,0,0,2,0,2019-20,Playoffs
0041900133,1610612754,Indiana,Pacers,IND,pacers,204456,T.J.,McConnell,T. McConnell,tj-mcconnell,,,9,4:40,0,0,0,0,0,0,0,2,0,0,0,0,2019-20,Playoffs
0041900133,1610612754,Indiana,Pacers,IND,pacers,1629048,Goga,Bitadze,G. Bitadze,goga-bitadze,,DNP - Coach's Decision,88,,0,0,0,0,0,0,0,0,0,0,0,0,2019-20,Playoffs
0041900133,1610612754,Indiana,Pacers,IND,pacers,1628993,Alize,Johnson,A. Johnson,alize-johnson,,DNP - Coach's Decision,24,,0,0,0,0,0,0,0,0,0,0,0,0,2019-20,Playoffs
0041900133,1610612754,Indiana,Pacers,IND,pacers,1628388,T.J.,Leaf,T. Leaf,tj-leaf,,DNP - Coach's Decision,22,,0,0,0,0,0,0,0,0,0,0,0,0,2019-20,Playoffs
0041900133,1610612754,Indiana,Pacers,IND,pacers,1628410,Edmond,Sumner,E. Sumner,edmond-sumner,,DNP - Coach's Decision,5,,0,0,0,0,0,0,0,0,0,0,0,0,2019-20,Playoffs
0041900133,1610612748,Miami,Heat,MIA,heat,202710,Jimmy,Butler III,J. Butler III,jimmy-butler-iii,F,,22,36:50,5,8,2,10,15,8,18,32,1,2,2,10,2019-20,Playoffs
0041900133,1610612748,Miami,Heat,MIA,heat,203109,Jae,Crowder,J. Crowder,jae-crowder,F,,99,27:32,2,0,0,0,8,8,16,24,0,0,2,3,2019-20,Playoffs
0041900133,1610612748,Miami,Heat,MIA,heat,1628389,Bam,Adebayo,B. Adebayo,bam-adebayo,C,,13,33:29,6,2,5,14,13,8,16,26,0,2,3,7,2019-20,Playoffs
0041900133,1610612748,Miami,Heat,MIA,heat,1629130,Duncan,Robinson,D. Robinson,duncan-robinson,G,,55,27:21,0,0,0,4,6,8,14,20,1,0,5,2,2019-20,Playoffs
0041900133,1610612748,Miami,Heat,MIA,heat,201609,Goran,Dragic,G. Dragic,goran-dragic,G,,7,35:36,1,0,0,6,15,8,18,36,0,1,1,3,2019-20,Playoffs
0041900133,1610612748,Miami,Heat,MIA,heat,1629639,Tyler,Herro,T. Herro,tyler-herro,,,14,28:42,3,0,0,2,11,0,10,24,0,0,3,4,2019-20,Playoffs
0041900133,1610612748,Miami,Heat,MIA,heat,203482,Kelly,Olynyk,K. Olynyk,kelly-olynyk,,,9,13:32,0,0,0,2,4,0,6,14,0,0,2,0,2019-20,Playoffs
0041900133,1610612748,Miami,Heat,MIA,heat,2738,Andre,Iguodala,A. Iguodala,andre-iguodala,,,28,27:43,0,0,0,0,11,0,8,24,0,0,1,1,2019-20,Playoffs
0041900133,1610612748,Miami,Heat,MIA,heat,1627884,Derrick,Jones Jr.,D. Jones Jr.,derrick-jones-jr,,,5,9:15,0,0,0,0,2,0,4,10,0,0,0,1,2019-20,Playoffs
0041900133,1610612748,Miami,Heat,MIA,heat,2617,Udonis,Haslem,U. Haslem,udonis-haslem,,DNP - Coach's Decision,40,,0,0,0,0,0,0,0,0,0,0,0,0,2019-20,Playoffs
0041900133,1610612748,Miami,Heat,MIA,heat,203524,Solomon,Hill,S. Hill,solomon-hill,,DNP - Coach's Decision,44,,0,0,0,0,0,0,0,0,0,0,0,0,2019-20,Playoffs
0041900133,1610612748,Miami,Heat,MIA,heat,203086,Meyers,Leonard,M. Leonard,meyers-leonard,,DNP - Coach's Decision,0,,0,0,0,0,0,0,0,0,0,0,0,0,2019-20,Playoffs
0041900133,1610612748,Miami,Heat,MIA,heat,1629134,Kendrick,Nunn,K. Nunn,kendrick-nunn,,DNP - Coach's Decision,25,,0,0,0,0,0,0,0,0,0,0,0,0,2019-20,Playoffs
0041900134,1610612754,Indiana,Pacers,IND,pacers,203200,Justin,Holiday,J. Holiday,justin-holiday,F,,8,38:24,0,0,0,0,7,12,7,42,1,0,0,0,2019-20,Playoffs
0041900134,1610612754,Indiana,Pacers,IND,pacers,203933,T.J.,Warren,T. Warren,tj-warren,F,,1,39:48,2,2,4,8,8,12,4,42,0,1,5,2,2019-20,Playoffs
0041900134,1610612754,Indiana,Pacers,IND,pacers,1626167,Myles,Turner,M. Turner,myles-turner,C,,33,41:58,2,6,0,12,7,12,7,44,5,1,3,3,2019-20,Playoffs
0041900134,1610612754,Indiana,Pacers,IND,pacers,203506,Victor,Oladipo,V. Oladipo,victor-oladipo,G,,4,43:32,8,2,5,8,7,12,7,44,0,1,3,5,2019-20,Playoffs
0041900134,1610612754,Indiana,Pacers,IND,pacers,1627763,Malcolm,Brogdon,M. Brogdon,malcolm-brogdon,G,,7,39:48,3,0,0,2,8,12,4,42,0,1,2,2,2019-20,Playoffs
0041900134,1610612754,Indiana,Pacers,IND,pacers,1628410,Edmond,Sumner,E. Sumner,edmond-sumner,,,5,9:36,0,0,0,0,3,4,0,8,0,0,2,0,2019-20,Playoffs
0041900134,1610612754,Indiana,Pacers,IND,pacers,203960,JaKarr,Sampson,J. Sampson,jakarr-sampson,,,14,6:02,0,0,0,0,3,4,0,6,0,0,1,0,2019-20,Playoffs
0041900134,1610612754,Indiana,Pacers,IND,pacers,1628988,Aaron,Holiday,A. Holiday,aaron-holiday,,,3,12:40,0,0,0,0,5,8,3,14,0,0,0,0,2019-20,Playoffs
0041900134,1610612754,Indiana,Pacers,IND,pacers,203926,Doug,McDermott,D. McDermott,doug-mcdermott,,,20,8:12,0,0,0,0,2,4,3,8,0,0,0,0,2019-20,Playoffs
0041900134,1610612754,Indiana,Pacers,IND,pacers,1629048,Goga,Bitadze,G. Bitadze,goga-bitadze,,DNP - Coach's Decision,88,,0,0,0,0,0,0,0,0,0,0,0,0,2019-20,Playoffs
0041900134,1610612754,Indiana,Pacers,IND,pacers,1628993,Alize,Johnson,A. Johnson,alize-johnson,,DNP - Coach's Decision,24,,0,0,0,0,0,0,0,0,0,0,0,0,2019-20,Playoffs
0041900134,1610612754,Indiana,Pacers,IND,pacers,1628388,T.J.,Leaf,T. Leaf,tj-leaf,,DNP - Coach's Decision,22,,0,0,0,0,0,0,0,0,0,0,0,0,2019-20,Playoffs
0041900134,1610612754,Indiana,Pacers,IND,pacers,204456,T.J.,McConnell,T. McConnell,tj-mcconnell,,DNP - Coach's Decision,9,,0,0,0,0,0,0,0,0,0,0,0,0,2019-20,Playoffs
0041900134,1610612748,Miami,Heat,MIA,heat,202710,Jimmy,Butler III,J. Butler III,jimmy-butler-iii,F,,22,23:03,0,2,0,4,8,4,6,14,1,1,1,2,2019-20,Playoffs
0041900134,1610612748,Miami,Heat,MIA,heat,203109,Jae,Crowder,J. Crowder,jae-crowder,F,,99,25:35,0,0,2,4,9,2,3,16,0,1,2,1,2019-20,Playoffs
0041900134,1610612748,Miami,Heat,MIA,heat,1628389,Bam,Adebayo,B. Adebayo,bam-adebayo,C,,13,36:51,2,4,0,10,13,6,9,22,1,2,2,3,2019-20,Playoffs
0041900134,1610612748,Miami,Heat,MIA,heat,1629130,Duncan,Robinson,D. Robinson,duncan-robinson,G,,55,24:00,0,0,0,2,9,2,3,14,0,0,1,1,2019-20,Playoffs
0041900134,1610612748,Miami,Heat,MIA,heat,201609,Goran,Dragic,G. Dragic,goran-dragic,G,,7,35:02,3,2,0,12,9,10,9,24,0,1,3,3,2019-20,Playoffs
0041900134,1610612748,Miami,Heat,MIA,heat,2738,Andre,Iguodala,A. Iguodala,andre-iguodala,,,28,26:13,2,0,0,0,6,8,6,16,1,0,0,2,2019-20,Playoffs
0041900134,1610612748,Miami,Heat,MIA,heat,1629639,Tyler,Herro,T. Herro,tyler-herro,,,14,32:23,1,4,0,8,12,8,6,20,1,0,1,3,2019-20,Playoffs
0041900134,1610612748,Miami,Heat,MIA,heat,1627884,Derrick,Jones Jr.,D. Jones Jr.,derrick-jones-jr,,,5,7:11,0,2,0,2,2,4,0,6,0,1,1,0,2019-20,Playoffs
0041900134,1610612748,Miami,Heat,MIA,heat,203482,Kelly,Olynyk,K. Olynyk,kelly-olynyk,,,9,15:30,2,2,2,6,2,4,0,10,0,0,1,0,2019-20,Playoffs
0041900134,1610612748,Miami,Heat,MIA,heat,1629134,Kendrick,Nunn,K. Nunn,kendrick-nunn,,,25,14:12,0,0,3,2,5,2,3,8,0,0,0,1,2019-20,Playoffs
0041900134,1610612748,Miami,Heat,MIA,heat,2617,Udonis,Haslem,U. Haslem,udonis-haslem,,DNP - Coach's Decision,40,,0,0,0,0,0,0,0,0,0,0,0,0,2019-20,Playoffs
0041900134,1610612748,Miami,Heat,MIA,heat,203524,Solomon,Hill,S. Hill,solomon-hill,,DNP - Coach's Decision,44,,0,0,0,0,0,0,0,0,0,0,0,0,2019-20,Playoffs
0041900134,1610612748,Miami,Heat,MIA,heat,203086,Meyers,Leonard,M. Leonard,meyers-leonard,,DNP - Coach's Decision,0,,0,0,0,0,0,0,0,0,0,0,0,0,2019-20,Playoffs
0041900141,1610612757,Portland,Trail Blazers,POR,blazers,2546,Carmelo,Anthony,C. Anthony,carmelo-anthony,F,,00,37:55,3,0,2,0,16,7,13,42,1,1,5,3,2019-20,Playoffs
0041900141,1610612757,Portland,Trail Blazers,POR,blazers,1629117,Wenyen,Gabriel,W. Gabriel,wenyen-gabriel,F,,35,15:53,0,0,2,4,5,7,2,10,1,0,5,0,2019-20,Playoffs
0041900141,1610612757,Portland,Trail Blazers,POR,blazers,203994,Jusuf,Nurkić,J. Nurkić,jusuf-nurkić,C,,27,33:07,2,4,2,6,11,9,13,34,0,0,5,6,2019-20,Playoffs
0041900141,1610612757,Portland,Trail Blazers,POR,blazers,203468,CJ,McCollum,C. McCollum,cj-mccollum,G,,3,41:31,3,0,0,4,16,9,15,38,0,0,3,2,2019-20,Playoffs
0041900141,1610612757,Portland,Trail Blazers,POR,blazers,203081,Damian,Lillard,D. Lillard,damian-lillard,G,,0,42:42,0,0,3,6,17,9,8,46,1,2,1,5,2019-20,Playoffs
0041900141,1610612757,Portland,Trail Blazers,POR,blazers,202355,Hassan,Whiteside,H. Whiteside,hassan-whiteside,,,21,25:48,0,2,1,6,9,0,4,26,5,1,5,6,2019-20,Playoffs
0041900141,1610612757,Portland,Trail Blazers,POR,blazers,1629018,Gary,Trent Jr.,G. Trent Jr.,gary-trent-jr,,,2,31:17,2,0,0,2,19,4,13,38,0,0,3,0,2019-20,Playoffs
0041900141,1610612757,Portland,Trail Blazers,POR,blazers,1626209,Mario,Hezonja,M. Hezonja,mario-hezonja,,,44,11:47,0,0,0,0,7,0,7,16,0,0,1,1,2019-20,Playoffs
0041900141,1610612757,Portland,Trail Blazers,POR,blazers,1629121,Jaylen,Adams,J. Adams,jaylen-adams,,DNP - Coach's Decision,10,,0,0,0,0,0,0,0,0,0,0,0,0,2019-20,Playoffs
0041900141,1610612757,Portland,Trail Blazers,POR,blazers,1628380,Zach,Collins,Z. Collins,zach-collins,,DNP - Injury/Illness,33,,0,0,0,0,0,0,0,0,0,0,0,0,2019-20,Playoffs
0041900141,1610612757,Portland,Trail Blazers,POR,blazers,1629658,Jaylen,Hoard,J. Hoard,jaylen-hoard,,DNP - Coach's Decision,6,,0,0,0,0,0,0,0,0,0,0,0,0,2019-20,Playoffs
0041900141,1610612757,Portland,Trail Blazers,POR,blazers,1629014,Anfernee,Simons,A. Simons,anfernee-simons,,DNP - Coach's Decision,1,,0,0,0,0,0,0,0,0,0,0,0,0,2019-20,Playoffs
0041900141,1610612747,Los Angeles,Lakers,LAL,lakers,2544,LeBron,James,L. James,lebron-james,F,,23,41:03,4,2,2,16,8,5,7,26,0,2,1,8,2019-20,Playoffs
0041900141,1610612747,Los Angeles,Lakers,LAL,lakers,203076,Anthony,Davis,A. Davis,anthony-davis,F,,3,39:11,7,1,6,12,10,6,10,28,2,1,1,9,2019-20,Playoffs
0041900141,1610612747,Los Angeles,Lakers,LAL,lakers,201580,JaVale,McGee,J. McGee,javale-mcgee,C,,7,12:40,0,4,0,6,0,5,4,14,1,0,0,0,2019-20,Playoffs
0041900141,1610612747,Los Angeles,Lakers,LAL,lakers,201980,Danny,Green,D. Green,danny-green,G,,14,23:44,2,0,0,4,3,5,4,18,0,1,5,0,2019-20,Playoffs
0041900141,1610612747,Los Angeles,Lakers,LAL,lakers,203484,Kentavious,Caldwell-Pope,K. Caldwell-Pope,kentavious-caldwell-pope,G,,1,29:12,0,0,0,0,2,6,7,16,0,1,3,2,2019-20,Playoffs
0041900141,1610612747,Los Angeles,Lakers,LAL,lakers,1628398,Kyle,Kuzma,K. Kuzma,kyle-kuzma,,,0,30:19,7,0,2,4,7,1,6,12,1,0,2,3,2019-20,Playoffs
0041900141,1610612747,Los Angeles,Lakers,LAL,lakers,202693,Markieff,Morris,M. Morris,markieff-morris,,,88,18:53,0,0,3,2,4,0,3,10,0,0,4,1,2019-20,Playoffs
0041900141,1610612747,Los Angeles,Lakers,LAL,lakers,1627936,Alex,Caruso,A. Caruso,alex-caruso,,,4,29:03,0,0,0,2,10,1,6,14,0,1,2,2,2019-20,Playoffs
0041900141,1610612747,Los Angeles,Lakers,LAL,lakers,2730,Dwight,Howard,D. Howard,dwight-howard,,,39,14:42,0,2,2,4,3,1,3,2,0,2,5,3,2019-20,Playoffs
0041900141,1610612747,Los Angeles,Lakers,LAL,lakers,203079,Dion,Waiters,D. Waiters,dion-waiters,,,18,1:13,0,0,0,0,3,0,0,0,0,0,0,0,2019-20,Playoffs
0041900141,1610612747,Los Angeles,Lakers,LAL,lakers,1626188,Quinn,Cook,Q. Cook,quinn-cook,,DNP - Coach's Decision,28,,0,0,0,0,0,0,0,0,0,0,0,0,2019-20,Playoffs
0041900141,1610612747,Los Angeles,Lakers,LAL,lakers,201162,Jared,Dudley,J. Dudley,jared-dudley,,DNP - Coach's Decision,10,,0,0,0,0,0,0,0,0,0,0,0,0,2019-20,Playoffs
0041900141,1610612747,Los Angeles,Lakers,LAL,lakers,2747,JR,Smith,J. Smith,jr-smith,,DNP - Coach's Decision,21,,0,0,0,0,0,0,0,0,0,0,0,0,2019-20,Playoffs
0041900142,1610612757,Portland,Trail Blazers,POR,blazers,2546,Carmelo,Anthony,C. Anthony,carmelo-anthony,F,,00,26:41,0,0,0,2,15,13,2,38,0,0,1,2,2019-20,Playoffs
0041900142,1610612757,Portland,Trail Blazers,POR,blazers,1629117,Wenyen,Gabriel,W. Gabriel,wenyen-gabriel,F,,35,20:56,2,5,0,2,3,7,2,20,0,0,6,2,2019-20,Playoffs
0041900142,1610612757,Portland,Trail Blazers,POR,blazers,203994,Jusuf,Nurkić,J. Nurkić,jusuf-nurkić,C,,27,28:40,0,2,0,6,13,16,7,38,0,0,3,0,2019-20,Playoffs
0041900142,1610612757,Portland,Trail Blazers,POR,blazers,203468,CJ,McCollum,C. McCollum,cj-mccollum,G,,3,33:12,0,0,2,10,15,18,7,40,0,0,1,4,2019-20,Playoffs
0041900142,1610612757,Portland,Trail Blazers,POR,blazers,203081,Damian,Lillard,D. Lillard,damian-lillard,G,,0,30:06,3,0,3,6,15,16,7,36,0,1,1,4,2019-20,Playoffs
0041900142,1610612757,Portland,Trail Blazers,POR,blazers,202355,Hassan,Whiteside,H. Whiteside,hassan-whiteside,,,21,21:38,4,3,0,2,10,11,5,20,3,0,0,7,2019-20,Playoffs
0041900142,1610612757,Portland,Trail Blazers,POR,blazers,1629018,Gary,Trent Jr.,G. Trent Jr.,gary-trent-jr,,,2,20:53,2,2,3,2,10,11,5,24,0,0,3,0,2019-20,Playoffs
0041900142,1610612757,Portland,Trail Blazers,POR,blazers,1626209,Mario,Hezonja,M. Hezonja,mario-hezonja,,,44,20:36,0,0,0,2,4,8,0,22,0,1,1,0,2019-20,Playoffs
0041900142,1610612757,Portland,Trail Blazers,POR,blazers,1629014,Anfernee,Simons,A. Simons,anfernee-simons,,,1,15:26,0,4,3,0,0,0,0,8,0,0,0,2,2019-20,Playoffs
0041900142,1610612757,Portland,Trail Blazers,POR,blazers,1629658,Jaylen,Hoard,J. Hoard,jaylen-hoard,,,6,12:00,2,2,2,4,0,0,0,8,0,1,1,0,2019-20,Playoffs
0041900142,1610612757,Portland,Trail Blazers,POR,blazers,1629121,Jaylen,Adams,J. Adams,jaylen-adams,,,10,9:53,0,0,0,4,0,0,0,6,0,0,0,1,2019-20,Playoffs
0041900142,1610612757,Portland,Trail Blazers,POR,blazers,1628380,Zach,Collins,Z. Collins,zach-collins,,DND - Injury/Illness,33,,0,0,0,0,0,0,0,0,0,0,0,0,2019-20,Playoffs
0041900142,1610612747,Los Angeles,Lakers,LAL,lakers,2544,LeBron,James,L. James,lebron-james,F,,23,26:41,2,0,0,8,9,7,8,22,0,1,1,5,2019-20,Playoffs
0041900142,1610612747,Los Angeles,Lakers,LAL,lakers,203076,Anthony,Davis,A. Davis,anthony-davis,F,,3,29:21,4,9,5,18,5,6,5,24,1,2,1,5,2019-20,Playoffs
0041900142,1610612747,Los Angeles,Lakers,LAL,lakers,201580,JaVale,McGee,J. McGee,javale-mcgee,C,,7,12:43,2,2,0,10,5,4,5,16,0,0,2,0,2019-20,Playoffs
0041900142,1610612747,Los Angeles,Lakers,LAL,lakers,201980,Danny,Green,D. Green,danny-green,G,,14,21:44,0,0,0,0,5,6,5,22,0,0,3,0,2019-20,Playoffs
0041900142,1610612747,Los Angeles,Lakers,LAL,lakers,203484,Kentavious,Caldwell-Pope,K. Caldwell-Pope,kentavious-caldwell-pope,G,,1,21:40,5,3,0,2,5,4,5,22,0,0,0,1,2019-20,Playoffs
0041900142,1610612747,Los Angeles,Lakers,LAL,lakers,1628398,Kyle,Kuzma,K. Kuzma,kyle-kuzma,,,0,20:54,2,0,2,2,4,3,3,12,0,0,1,1,2019-20,Playoffs
0041900142,1610612747,Los Angeles,Lakers,LAL,lakers,1627936,Alex,Caruso,A. Caruso,alex-caruso,,,4,17:10,0,0,0,0,2,3,0,4,0,0,3,0,2019-20,Playoffs
0041900142,1610612747,Los Angeles,Lakers,LAL,lakers,202693,Markieff,Morris,M. Morris,markieff-morris,,,88,18:46,0,2,0,2,4,3,3,8,1,0,2,0,2019-20,Playoffs
0041900142,1610612747,Los Angeles,Lakers,LAL,lakers,2730,Dwight,Howard,D. Howard,dwight-howard,,,39,18:49,2,4,0,6,6,13,8,18,1,0,5,5,2019-20,Playoffs
0041900142,1610612747,Los Angeles,Lakers,LAL,lakers,2747,JR,Smith,J. Smith,jr-smith,,,21,21:38,0,0,0,2,8,14,8,18,0,0,3,0,2019-20,Playoffs
0041900142,1610612747,Los Angeles,Lakers,LAL,lakers,203079,Dion,Waiters,D. Waiters,dion-waiters,,,18,15:05,0,0,0,0,4,9,5,14,0,0,0,0,2019-20,Playoffs
0041900142,1610612747,Los Angeles,Lakers,LAL,lakers,1626188,Quinn,Cook,Q. Cook,quinn-cook,,,28,7:58,0,0,0,2,4,9,5,10,0,0,0,0,2019-20,Playoffs
0041900142,1610612747,Los Angeles,Lakers,LAL,lakers,201162,Jared,Dudley,J. Dudley,jared-dudley,,,10,7:32,0,0,0,0,4,9,5,10,0,0,1,0,2019-20,Playoffs
0041900143,1610612747,Los Angeles,Lakers,LAL,lakers,2544,LeBron,James,L. James,lebron-james,F,,23,34:29,5,5,4,14,15,9,9,30,0,0,3,9,2019-20,Playoffs
0041900143,1610612747,Los Angeles,Lakers,LAL,lakers,203076,Anthony,Davis,A. Davis,anthony-davis,F,,3,40:33,2,6,2,10,11,9,12,28,3,1,3,7,2019-20,Playoffs
0041900143,1610612747,Los Angeles,Lakers,LAL,lakers,201580,JaVale,McGee,J. McGee,javale-mcgee,C,,7,14:14,0,0,0,4,7,2,7,14,1,0,1,1,2019-20,Playoffs
0041900143,1610612747,Los Angeles,Lakers,LAL,lakers,201980,Danny,Green,D. Green,danny-green,G,,14,31:48,0,0,0,2,13,6,10,26,2,1,1,0,2019-20,Playoffs
0041900143,1610612747,Los Angeles,Lakers,LAL,lakers,203484,Kentavious,Caldwell-Pope,K. Caldwell-Pope,kentavious-caldwell-pope,G,,1,28:15,3,2,3,2,9,4,10,22,0,1,0,1,2019-20,Playoffs
0041900143,1610612747,Los Angeles,Lakers,LAL,lakers,1627936,Alex,Caruso,A. Caruso,alex-caruso,,,4,26:46,0,0,0,4,6,7,5,16,1,1,4,3,2019-20,Playoffs
0041900143,1610612747,Los Angeles,Lakers,LAL,lakers,1628398,Kyle,Kuzma,K. Kuzma,kyle-kuzma,,,0,22:56,2,0,4,4,4,5,0,14,0,0,3,3,2019-20,Playoffs
0041900143,1610612747,Los Angeles,Lakers,LAL,lakers,202693,Markieff,Morris,M. Morris,markieff-morris,,,88,15:18,2,0,0,0,6,7,0,10,1,0,1,0,2019-20,Playoffs
0041900143,1610612747,Los Angeles,Lakers,LAL,lakers,2747,JR,Smith,J. Smith,jr-smith,,,21,8:43,0,0,0,0,6,2,2,8,0,0,2,0,2019-20,Playoffs
0041900143,1610612747,Los Angeles,Lakers,LAL,lakers,2730,Dwight,Howard,D. Howard,dwight-howard,,,39,16:59,0,3,0,4,8,4,5,12,0,0,3,1,2019-20,Playoffs
0041900143,1610612747,Los Angeles,Lakers,LAL,lakers,201162,Jared,Dudley,J. Dudley,jared-dudley,,DNP - Coach's Decision,10,,0,0,0,0,0,0,0,0,0,0,0,0,2019-20,Playoffs
0041900143,1610612747,Los Angeles,Lakers,LAL,lakers,200765,Rajon,Rondo,R. Rondo,rajon-rondo,,DNP - Injury/Illness,9,,0,0,0,0,0,0,0,0,0,0,0,0,2019-20,Playoffs
0041900143,1610612747,Los Angeles,Lakers,LAL,lakers,203079,Dion,Waiters,D. Waiters,dion-waiters,,DNP - Coach's Decision,18,,0,0,0,0,0,0,0,0,0,0,0,0,2019-20,Playoffs
0041900143,1610612757,Portland,Trail Blazers,POR,blazers,2546,Carmelo,Anthony,C. Anthony,carmelo-anthony,F,,00,42:06,4,2,2,4,12,12,11,38,1,1,5,2,2019-20,Playoffs
0041900143,1610612757,Portland,Trail Blazers,POR,blazers,203994,Jusuf,Nurkić,J. Nurkić,jusuf-nurkić,F,,27,35:13,2,0,2,8,10,9,7,22,0,1,5,3,2019-20,Playoffs
0041900143,1610612757,Portland,Trail Blazers,POR,blazers,202355,Hassan,Whiteside,H. Whiteside,hassan-whiteside,C,,21,25:44,2,4,0,6,8,5,11,26,1,1,3,3,2019-20,Playoffs
0041900143,1610612757,Portland,Trail Blazers,POR,blazers,203468,CJ,McCollum,C. McCollum,cj-mccollum,G,,3,42:41,4,0,0,10,12,12,7,30,1,0,2,1,2019-20,Playoffs
0041900143,1610612757,Portland,Trail Blazers,POR,blazers,203081,Damian,Lillard,D. Lillard,damian-lillard,G,,0,43:12,5,5,8,6,14,12,13,40,0,2,0,8,2019-20,Playoffs
0041900143,1610612757,Portland,Trail Blazers,POR,blazers,1629117,Wenyen,Gabriel,W. Gabriel,wenyen-gabriel,,,35,4:27,0,0,0,0,2,2,0,4,1,0,2,0,2019-20,Playoffs
0041900143,1610612757,Portland,Trail Blazers,POR,blazers,1626209,Mario,Hezonja,M. Hezonja,mario-hezonja,,,44,5:54,0,0,0,2,2,4,2,6,0,1,0,0,2019-20,Playoffs
0041900143,1610612757,Portland,Trail Blazers,POR,blazers,1629018,Gary,Trent Jr.,G. Trent Jr.,gary-trent-jr,,,2,26:47,0,0,0,0,8,14,8,34,0,2,4,4,2019-20,Playoffs
0041900143,1610612757,Portland,Trail Blazers,POR,blazers,1629014,Anfernee,Simons,A. Simons,anfernee-simons,,,1,13:57,0,0,0,0,2,10,6,20,0,0,4,0,2019-20,Playoffs
0041900143,1610612757,Portland,Trail Blazers,POR,blazers,1629121,Jaylen,Adams,J. Adams,jaylen-adams,,DNP - Coach's Decision,10,,0,0,0,0,0,0,0,0,0,0,0,0,2019-20,Playoffs
0041900143,1610612757,Portland,Trail Blazers,POR,blazers,1628380,Zach,Collins,Z. Collins,zach-collins,,DND - Injury/Illness,33,,0,0,0,0,0,0,0,0,0,0,0,0,2019-20,Playoffs
0041900143,1610612757,Portland,Trail Blazers,POR,blazers,1629658,Jaylen,Hoard,J. Hoard,jaylen-hoard,,DNP - Coach's Decision,6,,0,0,0,0,0,0,0,0,0,0,0,0,2019-20,Playoffs
0041900144,1610612747,Los Angeles,Lakers,LAL,lakers,2544,LeBron,James,L. James,lebron-james,F,,23,28:18,7,5,11,12,11,11,4,18,1,0,2,4,2019-20,Playoffs
0041900144,1610612747,Los Angeles,Lakers,LAL,lakers,203076,Anthony,Davis,A. Davis,anthony-davis,F,,3,17:36,4,2,2,0,4,6,4,18,2,0,2,6,2019-20,Playoffs
0041900144,1610612747,Los Angeles,Lakers,LAL,lakers,201580,JaVale,McGee,J. McGee,javale-mcgee,C,,7,14:04,0,2,0,8,8,5,2,6,4,0,4,0,2019-20,Playoffs
0041900144,1610612747,Los Angeles,Lakers,LAL,lakers,201980,Danny,Green,D. Green,danny-green,G,,14,25:20,3,0,1,2,10,8,6,20,2,0,2,4,2019-20,Playoffs
0041900144,1610612747,Los Angeles,Lakers,LAL,lakers,203484,Kentavious,Caldwell-Pope,K. Caldwell-Pope,kentavious-caldwell-pope,G,,1,23:24,0,0,5,6,11,12,2,18,0,0,1,1,2019-20,Playoffs
0041900144,1610612747,Los Angeles,Lakers,LAL,lakers,1628398,Kyle,Kuzma,K. Kuzma,kyle-kuzma,,,0,21:35,3,0,3,0,10,11,6,26,0,1,1,0,2019-20,Playoffs
0041900144,1610612747,Los Angeles,Lakers,LAL,lakers,1627936,Alex,Caruso,A. Caruso,alex-caruso,,,4,20:52,5,3,0,2,6,14,4,26,0,1,3,0,2019-20,Playoffs
0041900144,1610612747,Los Angeles,Lakers,LAL,lakers,202693,Markieff,Morris,M. Morris,markieff-morris,,,88,18:27,0,0,0,2,9,9,2,16,0,0,5,0,2019-20,Playoffs
0041900144,1610612747,Los Angeles,Lakers,LAL,lakers,2747,JR,Smith,J. Smith,jr-smith,,,21,16:46,3,0,3,0,11,7,5,14,0,0,1,1,2019-20,Playoffs
0041900144,1610612747,Los Angeles,Lakers,LAL,lakers,2730,Dwight,Howard,D. Howard,dwight-howard,,,39,24:16,0,6,0,10,12,10,9,24,0,0,5,10,2019-20,Playoffs
0041900144,1610612747,Los Angeles,Lakers,LAL,lakers,203079,Dion,Waiters,D. Waiters,dion-waiters,,,18,13:46,2,0,0,0,10,7,5,12,0,0,1,1,2019-20,Playoffs
0041900144,1610612747,Los Angeles,Lakers,LAL,lakers,1626188,Quinn,Cook,Q. Cook,quinn-cook,,,28,8:55,2,0,0,4,8,5,3,6,0,0,1,0,2019-20,Playoffs
0041900144,1610612747,Los Angeles,Lakers,LAL,lakers,201162,Jared,Dudley,J. Dudley,jared-dudley,,,10,6:41,0,0,0,0,5,5,3,6,0,0,0,0,2019-20,Playoffs
0041900144,1610612757,Portland,Trail Blazers,POR,blazers,2546,Carmelo,Anthony,C. Anthony,carmelo-anthony,F,,00,28:45,4,0,0,6,15,12,20,32,0,1,4,6,2019-20,Playoffs
0041900144,1610612757,Portland,Trail Blazers,POR,blazers,203994,Jusuf,Nurkić,J. Nurkić,jusuf-nurkić,F,,27,27:15,2,10,4,14,18,12,17,32,0,0,4,5,2019-20,Playoffs
0041900144,1610612757,Portland,Trail Blazers,POR,blazers,202355,Hassan,Whiteside,H. Whiteside,hassan-whiteside,C,,21,16:40,0,4,0,8,5,8,13,10,1,0,4,2,2019-20,Playoffs
0041900144,1610612757,Portland,Trail Blazers,POR,blazers,203468,CJ,McCollum,C. McCollum,cj-mccollum,G,,3,32:43,0,0,2,4,18,14,20,34,1,3,2,4,2019-20,Playoffs
0041900144,1610612757,Portland,Trail Blazers,POR,blazers,203081,Damian,Lillard,D. Lillard,damian-lillard,G,,0,26:35,2,0,0,2,20,9,17,30,0,2,2,5,2019-20,Playoffs
0041900144,1610612757,Portland,Trail Blazers,POR,blazers,1629018,Gary,Trent Jr.,G. Trent Jr.,gary-trent-jr,,,2,34:15,5,2,0,0,21,16,14,42,0,1,3,1,2019-20,Playoffs
0041900144,1610612757,Portland,Trail Blazers,POR,blazers,1626209,Mario,Hezonja,M. Hezonja,mario-hezonja,,,44,19:15,5,1,5,2,14,6,5,14,0,0,2,1,2019-20,Playoffs
0041900144,1610612757,Portland,Trail Blazers,POR,blazers,1629014,Anfernee,Simons,A. Simons,anfernee-simons,,,1,24:42,0,0,0,0,13,9,10,18,0,2,1,1,2019-20,Playoffs
0041900144,1610612757,Portland,Trail Blazers,POR,blazers,1629117,Wenyen,Gabriel,W. Gabriel,wenyen-gabriel,,,35,12:00,5,3,0,4,7,4,3,10,0,0,3,2,2019-20,Playoffs
0041900144,1610612757,Portland,Trail Blazers,POR,blazers,1629658,Jaylen,Hoard,J. Hoard,jaylen-hoard,,,6,8:55,0,2,0,2,7,0,3,4,0,0,2,0,2019-20,Playoffs
0041900144,1610612757,Portland,Trail Blazers,POR,blazers,1629121,Jaylen,Adams,J. Adams,jaylen-adams,,,10,8:55,0,0,0,0,7,0,3,4,0,0,0,1,2019-20,Playoffs
0041900144,1610612757,Portland,Trail Blazers,POR,blazers,1628380,Zach,Collins,Z. Collins,zach-collins,,DND - Injury/Illness,33,,0,0,0,0,0,0,0,0,0,0,0,0,2019-20,Playoffs
0041900145,1610612757,Portland,Trail Blazers,POR,blazers,2546,Carmelo,Anthony,C. Anthony,carmelo-anthony,F,,00,40:07,5,1,3,2,26,0,11,54,0,1,5,4,2019-20,Playoffs
0041900145,1610612757,Portland,Trail Blazers,POR,blazers,203994,Jusuf,Nurkić,J. Nurkić,jusuf-nurkić,F,,27,37:00,4,2,0,10,22,3,11,44,1,0,4,4,2019-20,Playoffs
0041900145,1610612757,Portland,Trail Blazers,POR,blazers,202355,Hassan,Whiteside,H. Whiteside,hassan-whiteside,C,,21,16:17,0,0,0,2,7,0,0,18,0,2,5,0,2019-20,Playoffs
0041900145,1610612757,Portland,Trail Blazers,POR,blazers,203468,CJ,McCollum,C. McCollum,cj-mccollum,G,,3,46:03,2,9,2,16,26,3,11,58,0,1,2,5,2019-20,Playoffs
0041900145,1610612757,Portland,Trail Blazers,POR,blazers,1629018,Gary,Trent Jr.,G. Trent Jr.,gary-trent-jr,G,,2,39:45,5,2,3,2,22,5,9,46,0,0,3,2,2019-20,Playoffs
0041900145,1610612757,Portland,Trail Blazers,POR,blazers,1629014,Anfernee,Simons,A. Simons,anfernee-simons,,,1,27:57,0,0,0,2,12,5,6,34,0,0,2,4,2019-20,Playoffs
0041900145,1610612757,Portland,Trail Blazers,POR,blazers,1626209,Mario,Hezonja,M. Hezonja,mario-hezonja,,,44,10:25,0,0,2,4,6,5,2,12,0,0,4,0,2019-20,Playoffs
0041900145,1610612757,Portland,Trail Blazers,POR,blazers,1629658,Jaylen,Hoard,J. Hoard,jaylen-hoard,,,6,20:30,2,2,2,6,9,2,5,24,0,0,2,1,2019-20,Playoffs
0041900145,1610612757,Portland,Trail Blazers,POR,blazers,1629121,Jaylen,Adams,J. Adams,jaylen-adams,,,10,1:56,2,0,0,2,0,2,0,0,0,1,1,0,2019-20,Playoffs
0041900145,1610612757,Portland,Trail Blazers,POR,blazers,1628380,Zach,Collins,Z. Collins,zach-collins,,DNP - Injury/Illness,33,,0,0,0,0,0,0,0,0,0,0,0,0,2019-20,Playoffs
0041900145,1610612757,Portland,Trail Blazers,POR,blazers,1629642,Nassir,Little,N. Little,nassir-little,,DNP - Injury/Illness,9,,0,0,0,0,0,0,0,0,0,0,0,0,2019-20,Playoffs
0041900145,1610612747,Los Angeles,Lakers,LAL,lakers,2544,LeBron,James,L. James,lebron-james,F,,23,33:52,0,0,2,20,10,9,5,28,1,0,1,6,2019-20,Playoffs
0041900145,1610612747,Los Angeles,Lakers,LAL,lakers,203076,Anthony,Davis,A. Davis,anthony-davis,F,,3,36:16,9,3,4,14,8,12,8,30,0,0,2,8,2019-20,Playoffs
0041900145,1610612747,Los Angeles,Lakers,LAL,lakers,201580,JaVale,McGee,J. McGee,javale-mcgee,C,,7,13:29,2,0,0,2,3,2,0,10,0,1,3,2,2019-20,Playoffs
0041900145,1610612747,Los Angeles,Lakers,LAL,lakers,201980,Danny,Green,D. Green,danny-green,G,,14,31:31,2,0,0,2,13,9,8,22,2,0,3,0,2019-20,Playoffs
0041900145,1610612747,Los Angeles,Lakers,LAL,lakers,203484,Kentavious,Caldwell-Pope,K. Caldwell-Pope,kentavious-caldwell-pope,G,,1,28:24,3,0,3,2,6,9,8,20,0,0,1,2,2019-20,Playoffs
0041900145,1610612747,Los Angeles,Lakers,LAL,lakers,1627936,Alex,Caruso,A. Caruso,alex-caruso,,,4,25:20,4,0,0,6,15,9,9,26,1,0,1,2,2019-20,Playoffs
0041900145,1610612747,Los Angeles,Lakers,LAL,lakers,1628398,Kyle,Kuzma,K. Kuzma,kyle-kuzma,,,0,25:25,0,2,0,2,10,12,6,26,1,0,5,3,2019-20,Playoffs
0041900145,1610612747,Los Angeles,Lakers,LAL,lakers,202693,Markieff,Morris,M. Morris,markieff-morris,,,88,16:23,2,0,0,0,14,8,6,26,0,0,3,3,2019-20,Playoffs
0041900145,1610612747,Los Angeles,Lakers,LAL,lakers,2747,JR,Smith,J. Smith,jr-smith,,,21,6:41,0,0,0,0,7,0,4,10,0,0,1,0,2019-20,Playoffs
0041900145,1610612747,Los Angeles,Lakers,LAL,lakers,2730,Dwight,Howard,D. Howard,dwight-howard,,,39,19:34,4,0,2,10,10,8,6,18,0,0,0,2,2019-20,Playoffs
0041900145,1610612747,Los Angeles,Lakers,LAL,lakers,1626188,Quinn,Cook,Q. Cook,quinn-cook,,,28,1:45,0,0,0,0,2,2,0,8,0,0,0,0,2019-20,Playoffs
0041900145,1610612747,Los Angeles,Lakers,LAL,lakers,201162,Jared,Dudley,J. Dudley,jared-dudley,,,10,1:20,0,0,0,0,2,0,0,6,0,0,0,0,2019-20,Playoffs
0041900145,1610612747,Los Angeles,Lakers,LAL,lakers,203079,Dion,Waiters,D. Waiters,dion-waiters,,DNP - Coach's Decision,18,,0,0,0,0,0,0,0,0,0,0,0,0,2019-20,Playoffs
0041900151,1610612742,Dallas,Mavericks,DAL,mavericks,1627827,Dorian,Finney-Smith,D. Finney-Smith,dorian-finney-smith,F,,10,31:50,5,2,3,6,17,8,10,26,0,0,2,2,2019-20,Playoffs
0041900151,1610612742,Dallas,Mavericks,DAL,mavericks,204001,Kristaps,Porziņģis,K. Porziņģis,kristaps-porziņģis,F,,6,19:49,0,0,0,2,15,6,14,18,1,1,2,4,2019-20,Playoffs
0041900151,1610612742,Dallas,Mavericks,DAL,mavericks,1628467,Maxi,Kleber,M. Kleber,maxi-kleber,C,,42,33:57,0,0,0,0,19,10,14,30,0,0,3,2,2019-20,Playoffs
0041900151,1610612742,Dallas,Mavericks,DAL,mavericks,203501,Tim,Hardaway Jr.,T. Hardaway Jr.,tim-hardaway-jr,G,,11,35:34,0,0,0,0,20,12,14,30,0,0,4,1,2019-20,Playoffs
0041900151,1610612742,Dallas,Mavericks,DAL,mavericks,1629029,Luka,Dončić,L. Dončić,luka-dončić,G,,77,38:21,6,0,0,22,20,10,14,32,0,1,4,13,2019-20,Playoffs
0041900151,1610612742,Dallas,Mavericks,DAL,mavericks,203504,Trey,Burke,T. Burke,trey-burke,,,32,20:24,2,0,2,2,2,8,4,30,1,0,0,0,2019-20,Playoffs
0041900151,1610612742,Dallas,Mavericks,DAL,mavericks,203552,Seth,Curry,S. Curry,seth-curry,,,30,33:26,0,2,3,2,6,6,6,34,0,1,3,0,2019-20,Playoffs
0041900151,1610612742,Dallas,Mavericks,DAL,mavericks,1626246,Boban,Marjanovic,B. Marjanovic,boban-marjanovic,,,51,12:31,0,2,0,2,0,4,2,16,0,0,1,1,2019-20,Playoffs
0041900151,1610612742,Dallas,Mavericks,DAL,mavericks,203077,Michael,Kidd-Gilchrist,M. Kidd-Gilchrist,michael-kidd-gilchrist,,,9,7:47,0,0,0,0,7,4,0,8,0,0,2,0,2019-20,Playoffs
0041900151,1610612742,Dallas,Mavericks,DAL,mavericks,1626153,Delon,Wright,D. Wright,delon-wright,,,55,6:21,0,0,0,0,4,2,2,6,0,0,0,1,2019-20,Playoffs
0041900151,1610612742,Dallas,Mavericks,DAL,mavericks,200826,J.J.,Barea,J. Barea,jj-barea,,DNP - Coach's Decision,5,,0,0,0,0,0,0,0,0,0,0,0,0,2019-20,Playoffs
0041900151,1610612742,Dallas,Mavericks,DAL,mavericks,1628499,Antonius,Cleveland,A. Cleveland,antonius-cleveland,,DNP - Coach's Decision,3,,0,0,0,0,0,0,0,0,0,0,0,0,2019-20,Playoffs
0041900151,1610612742,Dallas,Mavericks,DAL,mavericks,1628382,Justin,Jackson,J. Jackson,justin-jackson,,DNP - Coach's Decision,44,,0,0,0,0,0,0,0,0,0,0,0,0,2019-20,Playoffs
0041900151,1610612746,LA,Clippers,LAC,clippers,202695,Kawhi,Leonard,K. Leonard,kawhi-leonard,F,,2,38:16,5,4,3,10,10,2,5,30,0,0,3,5,2019-20,Playoffs
0041900151,1610612746,LA,Clippers,LAC,clippers,202694,Marcus,Morris Sr.,M. Morris Sr.,marcus-morris-sr,F,,31,32:17,5,0,5,4,6,2,2,28,0,0,3,1,2019-20,Playoffs
0041900151,1610612746,LA,Clippers,LAC,clippers,1627826,Ivica,Zubac,I. Zubac,ivica-zubac,C,,40,22:20,6,6,2,10,6,2,2,14,2,1,1,0,2019-20,Playoffs
0041900151,1610612746,LA,Clippers,LAC,clippers,202331,Paul,George,P. George,paul-george,G,,13,37:27,2,2,3,10,11,6,5,34,0,0,4,5,2019-20,Playoffs
0041900151,1610612746,LA,Clippers,LAC,clippers,201976,Patrick,Beverley,P. Beverley,patrick-beverley,G,,21,20:23,3,0,0,2,9,2,3,24,0,0,5,2,2019-20,Playoffs
0041900151,1610612746,LA,Clippers,LAC,clippers,101150,Lou,Williams,L. Williams,lou-williams,,,23,31:17,0,0,3,4,9,2,8,20,0,0,2,5,2019-20,Playoffs
0041900151,1610612746,LA,Clippers,LAC,clippers,1626149,Montrezl,Harrell,M. Harrell,montrezl-harrell,,,5,14:59,1,0,0,4,2,4,3,6,0,0,0,2,2019-20,Playoffs
0041900151,1610612746,LA,Clippers,LAC,clippers,202704,Reggie,Jackson,R. Jackson,reggie-jackson,,,1,16:20,0,0,0,0,2,4,3,10,0,1,2,1,2019-20,Playoffs
0041900151,1610612746,LA,Clippers,LAC,clippers,203210,JaMychal,Green,J. Green,jamychal-green,,,4,18:03,0,2,0,2,5,4,6,10,1,0,3,0,2019-20,Playoffs
0041900151,1610612746,LA,Clippers,LAC,clippers,1629013,Landry,Shamet,L. Shamet,landry-shamet,,,20,8:21,0,0,0,0,5,2,3,4,0,0,1,0,2019-20,Playoffs
0041900151,1610612746,LA,Clippers,LAC,clippers,1629611,Terance,Mann,T. Mann,terance-mann,,,14,0:17,0,0,0,0,0,0,0,0,0,0,0,0,2019-20,Playoffs
0041900151,1610612746,LA,Clippers,LAC,clippers,203585,Rodney,McGruder,R. McGruder,rodney-mcgruder,,DNP - Coach's Decision,19,,0,0,0,0,0,0,0,0,0,0,0,0,2019-20,Playoffs
0041900151,1610612746,LA,Clippers,LAC,clippers,202335,Patrick,Patterson,P. Patterson,patrick-patterson,,DNP - Coach's Decision,54,,0,0,0,0,0,0,0,0,0,0,0,0,2019-20,Playoffs
0041900152,1610612742,Dallas,Mavericks,DAL,mavericks,203501,Tim,Hardaway Jr.,T. Hardaway Jr.,tim-hardaway-jr,F,,11,37:15,3,0,3,2,6,9,7,34,0,0,2,6,2019-20,Playoffs
0041900152,1610612742,Dallas,Mavericks,DAL,mavericks,204001,Kristaps,Porziņģis,K. Porziņģis,kristaps-porziņģis,F,,6,36:11,0,1,0,6,6,9,7,32,1,0,4,5,2019-20,Playoffs
0041900152,1610612742,Dallas,Mavericks,DAL,mavericks,1628467,Maxi,Kleber,M. Kleber,maxi-kleber,C,,42,32:46,0,0,0,4,2,11,5,28,1,0,3,1,2019-20,Playoffs
0041900152,1610612742,Dallas,Mavericks,DAL,mavericks,1627827,Dorian,Finney-Smith,D. Finney-Smith,dorian-finney-smith,G,,10,30:13,0,0,0,2,6,4,6,30,1,2,4,0,2019-20,Playoffs
0041900152,1610612742,Dallas,Mavericks,DAL,mavericks,1629029,Luka,Dončić,L. Dončić,luka-dončić,G,,77,28:05,3,3,0,8,4,9,4,22,0,0,5,9,2019-20,Playoffs
0041900152,1610612742,Dallas,Mavericks,DAL,mavericks,203504,Trey,Burke,T. Burke,trey-burke,,,32,17:44,5,0,2,8,2,4,4,18,1,0,5,2,2019-20,Playoffs
0041900152,1610612742,Dallas,Mavericks,DAL,mavericks,203077,Michael,Kidd-Gilchrist,M. Kidd-Gilchrist,michael-kidd-gilchrist,,,9,5:13,0,0,0,0,0,3,0,6,0,0,0,0,2019-20,Playoffs
0041900152,1610612742,Dallas,Mavericks,DAL,mavericks,203552,Seth,Curry,S. Curry,seth-curry,,,30,26:04,6,0,0,4,4,4,4,20,0,0,4,2,2019-20,Playoffs
0041900152,1610612742,Dallas,Mavericks,DAL,mavericks,1626246,Boban,Marjanovic,B. Marjanovic,boban-marjanovic,,,51,9:43,2,0,0,12,2,2,2,6,0,0,1,1,2019-20,Playoffs
0041900152,1610612742,Dallas,Mavericks,DAL,mavericks,1626153,Delon,Wright,D. Wright,delon-wright,,,55,16:46,0,0,0,0,8,0,6,14,0,0,1,3,2019-20,Playoffs
0041900152,1610612742,Dallas,Mavericks,DAL,mavericks,200826,J.J.,Barea,J. Barea,jj-barea,,DNP - Coach's Decision,5,,0,0,0,0,0,0,0,0,0,0,0,0,2019-20,Playoffs
0041900152,1610612742,Dallas,Mavericks,DAL,mavericks,1628382,Justin,Jackson,J. Jackson,justin-jackson,,DNP - Coach's Decision,44,,0,0,0,0,0,0,0,0,0,0,0,0,2019-20,Playoffs
0041900152,1610612742,Dallas,Mavericks,DAL,mavericks,1629729,Josh,Reaves,J. Reaves,josh-reaves,,DNP - Coach's Decision,23,,0,0,0,0,0,0,0,0,0,0,0,0,2019-20,Playoffs
0041900152,1610612746,LA,Clippers,LAC,clippers,202695,Kawhi,Leonard,K. Leonard,kawhi-leonard,F,,2,40:48,5,2,3,16,16,3,5,42,0,2,2,9,2019-20,Playoffs
0041900152,1610612746,LA,Clippers,LAC,clippers,202694,Marcus,Morris Sr.,M. Morris Sr.,marcus-morris-sr,F,,31,35:10,2,0,0,2,14,3,5,32,0,0,4,2,2019-20,Playoffs
0041900152,1610612746,LA,Clippers,LAC,clippers,1627826,Ivica,Zubac,I. Zubac,ivica-zubac,C,,40,18:10,0,0,0,2,3,3,0,18,0,0,1,2,2019-20,Playoffs
0041900152,1610612746,LA,Clippers,LAC,clippers,202331,Paul,George,P. George,paul-george,G,,13,31:35,0,5,2,2,15,4,3,24,1,1,4,4,2019-20,Playoffs
0041900152,1610612746,LA,Clippers,LAC,clippers,202704,Reggie,Jackson,R. Jackson,reggie-jackson,G,,1,26:17,0,0,3,2,7,3,0,26,0,0,4,1,2019-20,Playoffs
0041900152,1610612746,LA,Clippers,LAC,clippers,101150,Lou,Williams,L. Williams,lou-williams,,,23,31:53,0,2,0,8,12,1,5,28,0,0,4,4,2019-20,Playoffs
0041900152,1610612746,LA,Clippers,LAC,clippers,1626149,Montrezl,Harrell,M. Harrell,montrezl-harrell,,,5,21:45,1,0,1,6,11,1,5,22,0,0,3,7,2019-20,Playoffs
0041900152,1610612746,LA,Clippers,LAC,clippers,1629013,Landry,Shamet,L. Shamet,landry-shamet,,,20,17:58,0,0,0,2,10,1,2,20,0,0,3,0,2019-20,Playoffs
0041900152,1610612746,LA,Clippers,LAC,clippers,203210,JaMychal,Green,J. Green,jamychal-green,,,4,12:48,0,2,0,2,5,1,0,16,1,1,3,0,2019-20,Playoffs
0041900152,1610612746,LA,Clippers,LAC,clippers,1629611,Terance,Mann,T. Mann,terance-mann,,,14,1:28,0,0,0,0,2,0,0,2,0,0,1,0,2019-20,Playoffs
0041900152,1610612746,LA,Clippers,LAC,clippers,203585,Rodney,McGruder,R. McGruder,rodney-mcgruder,,,19,1:04,0,0,0,0,0,0,0,0,0,0,0,0,2019-20,Playoffs
0041900152,1610612746,LA,Clippers,LAC,clippers,201149,Joakim,Noah,J. Noah,joakim-noah,,,55,1:04,0,0,0,0,0,0,0,0,0,0,0,0,2019-20,Playoffs
0041900152,1610612746,LA,Clippers,LAC,clippers,202335,Patrick,Patterson,P. Patterson,patrick-patterson,,DNP - Coach's Decision,54,,0,0,0,0,0,0,0,0,0,0,0,0,2019-20,Playoffs
0041900153,1610612746,LA,Clippers,LAC,clippers,202695,Kawhi,Leonard,K. Leonard,kawhi-leonard,F,,2,38:45,2,2,2,20,9,6,10,36,1,0,3,9,2019-20,Playoffs
0041900153,1610612746,LA,Clippers,LAC,clippers,202694,Marcus,Morris Sr.,M. Morris Sr.,marcus-morris-sr,F,,31,32:03,0,2,0,2,6,8,10,34,0,0,6,0,2019-20,Playoffs
0041900153,1610612746,LA,Clippers,LAC,clippers,1627826,Ivica,Zubac,I. Zubac,ivica-zubac,C,,40,29:39,2,4,0,10,6,5,8,26,1,1,2,3,2019-20,Playoffs
0041900153,1610612746,LA,Clippers,LAC,clippers,202331,Paul,George,P. George,paul-george,G,,13,37:45,2,0,3,4,9,9,8,38,0,1,4,3,2019-20,Playoffs
0041900153,1610612746,LA,Clippers,LAC,clippers,1629013,Landry,Shamet,L. Shamet,landry-shamet,G,,20,27:08,3,0,3,8,2,4,4,24,1,0,3,1,2019-20,Playoffs
0041900153,1610612746,LA,Clippers,LAC,clippers,1626149,Montrezl,Harrell,M. Harrell,montrezl-harrell,,,5,17:57,2,1,0,8,5,6,4,20,1,0,2,5,2019-20,Playoffs
0041900153,1610612746,LA,Clippers,LAC,clippers,101150,Lou,Williams,L. Williams,lou-williams,,,23,26:24,0,0,0,2,9,9,8,26,0,0,0,2,2019-20,Playoffs
0041900153,1610612746,LA,Clippers,LAC,clippers,202704,Reggie,Jackson,R. Jackson,reggie-jackson,,,1,17:20,0,0,0,0,4,5,6,16,0,0,3,1,2019-20,Playoffs
0041900153,1610612746,LA,Clippers,LAC,clippers,203210,JaMychal,Green,J. Green,jamychal-green,,,4,12:12,0,0,0,4,5,3,2,10,0,0,1,0,2019-20,Playoffs
0041900153,1610612746,LA,Clippers,LAC,clippers,1629611,Terance,Mann,T. Mann,terance-mann,,,14,0:34,0,0,0,0,0,0,0,0,0,0,0,0,2019-20,Playoffs
0041900153,1610612746,LA,Clippers,LAC,clippers,1629599,Amir,Coffey,A. Coffey,amir-coffey,,,7,0:14,0,0,0,0,0,0,0,0,0,0,0,0,2019-20,Playoffs
0041900153,1610612746,LA,Clippers,LAC,clippers,203585,Rodney,McGruder,R. McGruder,rodney-mcgruder,,DNP - Coach's Decision,19,,0,0,0,0,0,0,0,0,0,0,0,0,2019-20,Playoffs
0041900153,1610612746,LA,Clippers,LAC,clippers,202335,Patrick,Patterson,P. Patterson,patrick-patterson,,DNP - Coach's Decision,54,,0,0,0,0,0,0,0,0,0,0,0,0,2019-20,Playoffs
0041900153,1610612742,Dallas,Mavericks,DAL,mavericks,1627827,Dorian,Finney-Smith,D. Finney-Smith,dorian-finney-smith,F,,10,31:23,4,0,4,6,7,6,3,40,0,0,5,1,2019-20,Playoffs
0041900153,1610612742,Dallas,Mavericks,DAL,mavericks,204001,Kristaps,Porziņģis,K. Porziņģis,kristaps-porziņģis,F,,6,38:21,0,4,0,8,11,7,5,48,1,0,3,6,2019-20,Playoffs
0041900153,1610612742,Dallas,Mavericks,DAL,mavericks,1628467,Maxi,Kleber,M. Kleber,maxi-kleber,C,,42,35:20,0,0,0,2,6,6,5,38,0,0,5,4,2019-20,Playoffs
0041900153,1610612742,Dallas,Mavericks,DAL,mavericks,203501,Tim,Hardaway Jr.,T. Hardaway Jr.,tim-hardaway-jr,G,,11,38:01,0,2,2,10,11,9,5,46,0,2,3,1,2019-20,Playoffs
0041900153,1610612742,Dallas,Mavericks,DAL,mavericks,1629029,Luka,Dončić,L. Dončić,luka-dončić,G,,77,29:27,0,2,0,6,6,4,5,34,1,1,2,9,2019-20,Playoffs
0041900153,1610612742,Dallas,Mavericks,DAL,mavericks,203504,Trey,Burke,T. Burke,trey-burke,,,32,16:22,5,0,2,4,5,3,3,20,0,0,2,0,2019-20,Playoffs
0041900153,1610612742,Dallas,Mavericks,DAL,mavericks,203552,Seth,Curry,S. Curry,seth-curry,,,30,30:48,2,0,2,6,9,7,8,40,0,0,2,1,2019-20,Playoffs
0041900153,1610612742,Dallas,Mavericks,DAL,mavericks,1626246,Boban,Marjanovic,B. Marjanovic,boban-marjanovic,,,51,9:39,0,3,0,2,0,2,3,10,0,1,1,2,2019-20,Playoffs
0041900153,1610612742,Dallas,Mavericks,DAL,mavericks,1626153,Delon,Wright,D. Wright,delon-wright,,,55,8:37,0,0,2,2,0,0,3,12,0,0,1,0,2019-20,Playoffs
0041900153,1610612742,Dallas,Mavericks,DAL,mavericks,203077,Michael,Kidd-Gilchrist,M. Kidd-Gilchrist,michael-kidd-gilchrist,,,9,2:02,0,0,0,0,0,1,0,2,0,0,0,0,2019-20,Playoffs
0041900153,1610612742,Dallas,Mavericks,DAL,mavericks,200826,J.J.,Barea,J. Barea,jj-barea,,DNP - Coach's Decision,5,,0,0,0,0,0,0,0,0,0,0,0,0,2019-20,Playoffs
0041900153,1610612742,Dallas,Mavericks,DAL,mavericks,1628499,Antonius,Cleveland,A. Cleveland,antonius-cleveland,,DNP - Coach's Decision,3,,0,0,0,0,0,0,0,0,0,0,0,0,2019-20,Playoffs
0041900153,1610612742,Dallas,Mavericks,DAL,mavericks,1628382,Justin,Jackson,J. Jackson,justin-jackson,,DNP - Coach's Decision,44,,0,0,0,0,0,0,0,0,0,0,0,0,2019-20,Playoffs
0041900154,1610612746,LA,Clippers,LAC,clippers,202695,Kawhi,Leonard,K. Leonard,kawhi-leonard,F,,2,46:32,2,3,2,12,9,19,6,58,1,0,3,7,2019-20,Playoffs
0041900154,1610612746,LA,Clippers,LAC,clippers,202694,Marcus,Morris Sr.,M. Morris Sr.,marcus-morris-sr,F,,31,35:03,2,2,0,2,9,14,4,40,1,0,5,2,2019-20,Playoffs
0041900154,1610612746,LA,Clippers,LAC,clippers,1627826,Ivica,Zubac,I. Zubac,ivica-zubac,C,,40,21:36,0,6,0,10,1,1,4,20,0,3,2,4,2019-20,Playoffs
0041900154,1610612746,LA,Clippers,LAC,clippers,202331,Paul,George,P. George,paul-george,G,,13,45:07,0,0,3,2,9,17,6,46,0,1,4,2,2019-20,Playoffs
0041900154,1610612746,LA,Clippers,LAC,clippers,1629013,Landry,Shamet,L. Shamet,landry-shamet,G,,20,23:14,3,0,0,2,3,5,4,26,0,0,2,0,2019-20,Playoffs
0041900154,1610612746,LA,Clippers,LAC,clippers,101150,Lou,Williams,L. Williams,lou-williams,,,23,34:27,5,2,0,20,10,16,4,40,0,0,2,7,2019-20,Playoffs
0041900154,1610612746,LA,Clippers,LAC,clippers,1626149,Montrezl,Harrell,M. Harrell,montrezl-harrell,,,5,17:18,2,0,2,2,6,9,2,34,3,0,1,0,2019-20,Playoffs
0041900154,1610612746,LA,Clippers,LAC,clippers,202704,Reggie,Jackson,R. Jackson,reggie-jackson,,,1,27:55,0,0,0,0,6,9,0,28,0,0,3,0,2019-20,Playoffs
0041900154,1610612746,LA,Clippers,LAC,clippers,203210,JaMychal,Green,J. Green,jamychal-green,,,4,13:16,3,0,5,2,2,5,0,18,0,1,1,2,2019-20,Playoffs
0041900154,1610612746,LA,Clippers,LAC,clippers,1629611,Terance,Mann,T. Mann,terance-mann,,,14,0:32,0,0,0,0,0,0,0,0,0,0,0,0,2019-20,Playoffs
0041900154,1610612746,LA,Clippers,LAC,clippers,1629599,Amir,Coffey,A. Coffey,amir-coffey,,DNP - Coach's Decision,7,,0,0,0,0,0,0,0,0,0,0,0,0,2019-20,Playoffs
0041900154,1610612746,LA,Clippers,LAC,clippers,203585,Rodney,McGruder,R. McGruder,rodney-mcgruder,,DNP - Coach's Decision,19,,0,0,0,0,0,0,0,0,0,0,0,0,2019-20,Playoffs
0041900154,1610612746,LA,Clippers,LAC,clippers,202335,Patrick,Patterson,P. Patterson,patrick-patterson,,DNP - Coach's Decision,54,,0,0,0,0,0,0,0,0,0,0,0,0,2019-20,Playoffs
0041900154,1610612742,Dallas,Mavericks,DAL,mavericks,203501,Tim,Hardaway Jr.,T. Hardaway Jr.,tim-hardaway-jr,F,,11,34:47,0,4,2,8,6,9,8,34,0,2,3,1,2019-20,Playoffs
0041900154,1610612742,Dallas,Mavericks,DAL,mavericks,1627827,Dorian,Finney-Smith,D. Finney-Smith,dorian-finney-smith,F,,10,33:59,2,2,0,2,12,11,10,44,2,1,5,2,2019-20,Playoffs
0041900154,1610612742,Dallas,Mavericks,DAL,mavericks,1628467,Maxi,Kleber,M. Kleber,maxi-kleber,C,,42,37:19,0,1,0,4,15,11,10,44,2,0,4,5,2019-20,Playoffs
0041900154,1610612742,Dallas,Mavericks,DAL,mavericks,203504,Trey,Burke,T. Burke,trey-burke,G,,32,37:12,1,5,2,6,7,13,7,30,0,1,3,2,2019-20,Playoffs
0041900154,1610612742,Dallas,Mavericks,DAL,mavericks,1629029,Luka,Dončić,L. Dončić,luka-dončić,G,,77,45:45,2,2,2,28,12,11,7,40,1,0,1,7,2019-20,Playoffs
0041900154,1610612742,Dallas,Mavericks,DAL,mavericks,203552,Seth,Curry,S. Curry,seth-curry,,,30,30:33,4,2,0,4,14,6,4,28,0,0,2,3,2019-20,Playoffs
0041900154,1610612742,Dallas,Mavericks,DAL,mavericks,203077,Michael,Kidd-Gilchrist,M. Kidd-Gilchrist,michael-kidd-gilchrist,,,9,19:23,0,1,0,0,5,2,2,8,0,0,3,2,2019-20,Playoffs
0041900154,1610612742,Dallas,Mavericks,DAL,mavericks,1626246,Boban,Marjanovic,B. Marjanovic,boban-marjanovic,,,51,15:41,2,2,0,10,2,2,2,8,0,1,2,0,2019-20,Playoffs
0041900154,1610612742,Dallas,Mavericks,DAL,mavericks,200826,J.J.,Barea,J. Barea,jj-barea,,,5,5:11,0,0,0,0,6,0,5,12,0,0,1,1,2019-20,Playoffs
0041900154,1610612742,Dallas,Mavericks,DAL,mavericks,1628382,Justin,Jackson,J. Jackson,justin-jackson,,,44,5:11,0,0,0,0,6,0,5,12,0,0,0,0,2019-20,Playoffs
0041900154,1610612742,Dallas,Mavericks,DAL,mavericks,204001,Kristaps,Porziņģis,K. Porziņģis,kristaps-porziņģis,,DNP - Injury/Illness,6,,0,0,0,0,0,0,0,0,0,0,0,0,2019-20,Playoffs
0041900154,1610612742,Dallas,Mavericks,DAL,mavericks,1629729,Josh,Reaves,J. Reaves,josh-reaves,,DNP - Coach's Decision,23,,0,0,0,0,0,0,0,0,0,0,0,0,2019-20,Playoffs
0041900154,1610612742,Dallas,Mavericks,DAL,mavericks,1626153,Delon,Wright,D. Wright,delon-wright,,DNP - Coach's Decision,55,,0,0,0,0,0,0,0,0,0,0,0,0,2019-20,Playoffs
0041900155,1610612742,Dallas,Mavericks,DAL,mavericks,203501,Tim,Hardaway Jr.,T. Hardaway Jr.,tim-hardaway-jr,F,,11,25:18,3,0,3,2,11,4,15,20,0,1,2,1,2019-20,Playoffs
0041900155,1610612742,Dallas,Mavericks,DAL,mavericks,1627827,Dorian,Finney-Smith,D. Finney-Smith,dorian-finney-smith,F,,10,26:33,0,0,0,0,14,6,15,20,0,0,4,0,2019-20,Playoffs
0041900155,1610612742,Dallas,Mavericks,DAL,mavericks,1628467,Maxi,Kleber,M. Kleber,maxi-kleber,C,,42,28:11,2,4,0,4,13,4,17,28,2,0,2,2,2019-20,Playoffs
0041900155,1610612742,Dallas,Mavericks,DAL,mavericks,203504,Trey,Burke,T. Burke,trey-burke,G,,32,29:16,0,0,0,2,13,6,16,32,0,0,2,1,2019-20,Playoffs
0041900155,1610612742,Dallas,Mavericks,DAL,mavericks,1629029,Luka,Dončić,L. Dončić,luka-dončić,G,,77,31:13,2,1,3,10,24,6,15,26,1,2,1,10,2019-20,Playoffs
0041900155,1610612742,Dallas,Mavericks,DAL,mavericks,203552,Seth,Curry,S. Curry,seth-curry,,,30,23:21,0,2,0,2,19,2,7,22,0,1,1,0,2019-20,Playoffs
0041900155,1610612742,Dallas,Mavericks,DAL,mavericks,203077,Michael,Kidd-Gilchrist,M. Kidd-Gilchrist,michael-kidd-gilchrist,,,9,14:10,1,0,0,2,10,0,2,12,1,0,3,4,2019-20,Playoffs
0041900155,1610612742,Dallas,Mavericks,DAL,mavericks,1626246,Boban,Marjanovic,B. Marjanovic,boban-marjanovic,,,51,17:19,2,0,0,0,14,2,2,20,1,0,4,5,2019-20,Playoffs
0041900155,1610612742,Dallas,Mavericks,DAL,mavericks,1626153,Delon,Wright,D. Wright,delon-wright,,,55,21:25,0,0,0,8,8,0,4,20,0,0,0,1,2019-20,Playoffs
0041900155,1610612742,Dallas,Mavericks,DAL,mavericks,1628382,Justin,Jackson,J. Jackson,justin-jackson,,,44,8:48,0,0,0,2,3,0,2,8,0,0,1,1,2019-20,Playoffs
0041900155,1610612742,Dallas,Mavericks,DAL,mavericks,1628499,Antonius,Cleveland,A. Cleveland,antonius-cleveland,,,3,7:13,2,2,2,4,3,0,0,6,0,0,1,0,2019-20,Playoffs
0041900155,1610612742,Dallas,Mavericks,DAL,mavericks,1629729,Josh,Reaves,J. Reaves,josh-reaves,,,23,7:13,0,2,0,2,3,0,0,6,1,0,1,1,2019-20,Playoffs
0041900155,1610612742,Dallas,Mavericks,DAL,mavericks,200826,J.J.,Barea,J. Barea,jj-barea,,DNP - Coach's Decision,5,,0,0,0,0,0,0,0,0,0,0,0,0,2019-20,Playoffs
0041900155,1610612746,LA,Clippers,LAC,clippers,202695,Kawhi,Leonard,K. Leonard,kawhi-leonard,F,,2,29:50,13,2,3,14,7,3,6,20,1,1,2,6,2019-20,Playoffs
0041900155,1610612746,LA,Clippers,LAC,clippers,202694,Marcus,Morris Sr.,M. Morris Sr.,marcus-morris-sr,F,,31,27:34,3,0,3,0,7,3,6,16,0,0,3,0,2019-20,Playoffs
0041900155,1610612746,LA,Clippers,LAC,clippers,1627826,Ivica,Zubac,I. Zubac,ivica-zubac,C,,40,23:37,0,2,0,4,7,2,6,16,2,0,3,3,2019-20,Playoffs
0041900155,1610612746,LA,Clippers,LAC,clippers,202331,Paul,George,P. George,paul-george,G,,13,24:55,3,2,3,10,10,4,6,18,0,0,4,4,2019-20,Playoffs
0041900155,1610612746,LA,Clippers,LAC,clippers,1629013,Landry,Shamet,L. Shamet,landry-shamet,G,,20,22:28,0,0,6,0,4,2,5,16,0,1,0,2,2019-20,Playoffs
0041900155,1610612746,LA,Clippers,LAC,clippers,202704,Reggie,Jackson,R. Jackson,reggie-jackson,,,1,21:57,5,0,0,2,1,5,0,12,0,1,0,0,2019-20,Playoffs
0041900155,1610612746,LA,Clippers,LAC,clippers,101150,Lou,Williams,L. Williams,lou-williams,,,23,21:36,0,0,0,2,6,5,3,14,0,2,2,1,2019-20,Playoffs
0041900155,1610612746,LA,Clippers,LAC,clippers,1626149,Montrezl,Harrell,M. Harrell,montrezl-harrell,,,5,22:52,0,0,4,12,5,9,2,18,1,1,3,5,2019-20,Playoffs
0041900155,1610612746,LA,Clippers,LAC,clippers,203210,JaMychal,Green,J. Green,jamychal-green,,,4,12:59,0,0,0,0,3,4,2,14,0,0,5,0,2019-20,Playoffs
0041900155,1610612746,LA,Clippers,LAC,clippers,1629611,Terance,Mann,T. Mann,terance-mann,,,14,14:21,0,0,0,0,4,6,2,18,0,0,3,0,2019-20,Playoffs
0041900155,1610612746,LA,Clippers,LAC,clippers,203585,Rodney,McGruder,R. McGruder,rodney-mcgruder,,,19,7:13,0,0,0,0,2,4,2,12,0,0,0,0,2019-20,Playoffs
0041900155,1610612746,LA,Clippers,LAC,clippers,202335,Patrick,Patterson,P. Patterson,patrick-patterson,,,54,5:19,3,0,0,0,2,4,0,8,0,0,1,0,2019-20,Playoffs
0041900155,1610612746,LA,Clippers,LAC,clippers,1629599,Amir,Coffey,A. Coffey,amir-coffey,,,7,5:19,0,0,0,0,2,4,0,8,0,0,0,1,2019-20,Playoffs
0041900156,1610612746,LA,Clippers,LAC,clippers,202695,Kawhi,Leonard,K. Leonard,kawhi-leonard,F,,2,40:23,4,6,0,16,8,10,6,36,0,1,4,6,2019-20,Playoffs
0041900156,1610612746,LA,Clippers,LAC,clippers,202694,Marcus,Morris Sr.,M. Morris Sr.,marcus-morris-sr,F,,31,10:53,3,0,3,2,6,4,3,12,0,0,2,0,2019-20,Playoffs
0041900156,1610612746,LA,Clippers,LAC,clippers,1627826,Ivica,Zubac,I. Zubac,ivica-zubac,C,,40,33:14,0,2,2,12,6,4,0,18,0,0,3,2,2019-20,Playoffs
0041900156,1610612746,LA,Clippers,LAC,clippers,202331,Paul,George,P. George,paul-george,G,,13,39:52,0,0,3,2,9,3,3,28,0,1,4,2,2019-20,Playoffs
0041900156,1610612746,LA,Clippers,LAC,clippers,1629013,Landry,Shamet,L. Shamet,landry-shamet,G,,20,37:31,3,0,3,0,7,8,0,28,1,0,1,1,2019-20,Playoffs
0041900156,1610612746,LA,Clippers,LAC,clippers,1626149,Montrezl,Harrell,M. Harrell,montrezl-harrell,,,5,14:46,2,0,0,4,5,6,6,22,0,1,3,0,2019-20,Playoffs
0041900156,1610612746,LA,Clippers,LAC,clippers,101150,Lou,Williams,L. Williams,lou-williams,,,23,16:57,0,0,0,0,5,10,6,18,0,0,1,2,2019-20,Playoffs
0041900156,1610612746,LA,Clippers,LAC,clippers,202704,Reggie,Jackson,R. Jackson,reggie-jackson,,,1,27:16,3,0,3,0,7,5,6,26,1,0,2,0,2019-20,Playoffs
0041900156,1610612746,LA,Clippers,LAC,clippers,203210,JaMychal,Green,J. Green,jamychal-green,,,4,14:34,0,3,0,6,2,0,0,12,0,0,1,2,2019-20,Playoffs
0041900156,1610612746,LA,Clippers,LAC,clippers,1629611,Terance,Mann,T. Mann,terance-mann,,,14,1:36,0,0,0,0,0,0,0,0,0,0,0,0,2019-20,Playoffs
0041900156,1610612746,LA,Clippers,LAC,clippers,203585,Rodney,McGruder,R. McGruder,rodney-mcgruder,,,19,1:36,0,0,0,0,0,0,0,0,0,0,0,0,2019-20,Playoffs
0041900156,1610612746,LA,Clippers,LAC,clippers,1629599,Amir,Coffey,A. Coffey,amir-coffey,,,7,1:22,0,0,0,0,0,0,0,0,0,0,0,0,2019-20,Playoffs
0041900156,1610612746,LA,Clippers,LAC,clippers,202335,Patrick,Patterson,P. Patterson,patrick-patterson,,DNP - Coach's Decision,54,,0,0,0,0,0,0,0,0,0,0,0,0,2019-20,Playoffs
0041900156,1610612742,Dallas,Mavericks,DAL,mavericks,203501,Tim,Hardaway Jr.,T. Hardaway Jr.,tim-hardaway-jr,F,,11,32:41,2,0,0,0,11,7,14,30,0,0,2,1,2019-20,Playoffs
0041900156,1610612742,Dallas,Mavericks,DAL,mavericks,1627827,Dorian,Finney-Smith,D. Finney-Smith,dorian-finney-smith,F,,10,36:40,3,5,3,8,13,7,11,34,0,0,2,3,2019-20,Playoffs
0041900156,1610612742,Dallas,Mavericks,DAL,mavericks,1628467,Maxi,Kleber,M. Kleber,maxi-kleber,C,,42,35:52,0,0,0,2,13,11,14,36,2,1,3,3,2019-20,Playoffs
0041900156,1610612742,Dallas,Mavericks,DAL,mavericks,203504,Trey,Burke,T. Burke,trey-burke,G,,32,35:27,4,0,0,4,15,6,11,30,0,0,2,1,2019-20,Playoffs
0041900156,1610612742,Dallas,Mavericks,DAL,mavericks,1629029,Luka,Dončić,L. Dončić,luka-dončić,G,,77,41:43,0,0,3,16,15,11,14,38,0,1,4,7,2019-20,Playoffs
0041900156,1610612742,Dallas,Mavericks,DAL,mavericks,203552,Seth,Curry,S. Curry,seth-curry,,,30,28:30,2,3,0,2,4,9,3,28,0,0,2,3,2019-20,Playoffs
0041900156,1610612742,Dallas,Mavericks,DAL,mavericks,203077,Michael,Kidd-Gilchrist,M. Kidd-Gilchrist,michael-kidd-gilchrist,,,9,6:17,0,2,0,2,0,0,0,4,0,0,0,0,2019-20,Playoffs
0041900156,1610612742,Dallas,Mavericks,DAL,mavericks,1626246,Boban,Marjanovic,B. Marjanovic,boban-marjanovic,,,51,17:11,0,0,0,6,4,4,3,10,1,0,0,2,2019-20,Playoffs
0041900156,1610612742,Dallas,Mavericks,DAL,mavericks,1629729,Josh,Reaves,J. Reaves,josh-reaves,,,23,1:53,0,0,0,0,0,0,0,0,0,0,0,0,2019-20,Playoffs
0041900156,1610612742,Dallas,Mavericks,DAL,mavericks,1628499,Antonius,Cleveland,A. Cleveland,antonius-cleveland,,,3,1:53,0,0,0,0,0,0,0,0,0,0,0,0,2019-20,Playoffs
0041900156,1610612742,Dallas,Mavericks,DAL,mavericks,1628382,Justin,Jackson,J. Jackson,justin-jackson,,,44,1:53,0,0,0,0,0,0,0,0,0,0,0,1,2019-20,Playoffs
0041900156,1610612742,Dallas,Mavericks,DAL,mavericks,200826,J.J.,Barea,J. Barea,jj-barea,,DNP - Coach's Decision,5,,0,0,0,0,0,0,0,0,0,0,0,0,2019-20,Playoffs
0041900156,1610612742,Dallas,Mavericks,DAL,mavericks,1626153,Delon,Wright,D. Wright,delon-wright,,DNP - Coach's Decision,55,,0,0,0,0,0,0,0,0,0,0,0,0,2019-20,Playoffs
0041900161,1610612762,Utah,Jazz,UTA,jazz,1626220,Royce,O'Neale,R. O'Neale,royce-oneale,F,,23,31:47,0,0,0,0,13,5,8,18,0,1,5,0,2019-20,Playoffs
0041900161,1610612762,Utah,Jazz,UTA,jazz,1629752,Juwan,Morgan,J. Morgan,juwan-morgan,F,,16,25:18,0,0,0,0,4,2,9,24,0,0,0,1,2019-20,Playoffs
0041900161,1610612762,Utah,Jazz,UTA,jazz,203497,Rudy,Gobert,R. Gobert,rudy-gobert,C,,27,42:10,0,6,0,16,15,7,12,34,4,2,5,5,2019-20,Playoffs
0041900161,1610612762,Utah,Jazz,UTA,jazz,204060,Joe,Ingles,J. Ingles,joe-ingles,G,,2,43:02,5,3,0,2,19,10,14,34,0,0,3,5,2019-20,Playoffs
0041900161,1610612762,Utah,Jazz,UTA,jazz,1628378,Donovan,Mitchell,D. Mitchell,donovan-mitchell,G,,45,43:14,5,4,2,22,15,7,12,34,0,1,2,9,2019-20,Playoffs
0041900161,1610612762,Utah,Jazz,UTA,jazz,203903,Jordan,Clarkson,J. Clarkson,jordan-clarkson,,,00,39:08,2,0,0,12,15,10,9,32,0,1,5,1,2019-20,Playoffs
0041900161,1610612762,Utah,Jazz,UTA,jazz,1627777,Georges,Niang,G. Niang,georges-niang,,,31,19:45,0,0,0,0,6,3,2,12,0,0,1,0,2019-20,Playoffs
0041900161,1610612762,Utah,Jazz,UTA,jazz,1628396,Tony,Bradley,T. Bradley,tony-bradley,,,13,10:50,0,0,0,0,4,3,2,6,0,1,1,0,2019-20,Playoffs
0041900161,1610612762,Utah,Jazz,UTA,jazz,1626144,Emmanuel,Mudiay,E. Mudiay,emmanuel-mudiay,,,15,9:46,1,1,1,0,4,3,2,6,0,0,0,1,2019-20,Playoffs
0041900161,1610612762,Utah,Jazz,UTA,jazz,1629671,Miye,Oni,M. Oni,miye-oni,,DNP - Coach's Decision,81,,0,0,0,0,0,0,0,0,0,0,0,0,2019-20,Playoffs
0041900161,1610612762,Utah,Jazz,UTA,jazz,1629730,Rayjon,Tucker,R. Tucker,rayjon-tucker,,DNP - Coach's Decision,6,,0,0,0,0,0,0,0,0,0,0,0,0,2019-20,Playoffs
0041900161,1610612762,Utah,Jazz,UTA,jazz,1628430,Nigel,Williams-Goss,N. Williams-Goss,nigel-williams-goss,,DNP - Coach's Decision,0,,0,0,0,0,0,0,0,0,0,0,0,0,2019-20,Playoffs
0041900161,1610612743,Denver,Nuggets,DEN,nuggets,1629008,Michael,Porter Jr.,M. Porter Jr.,michael-porter-jr,F,,1,31:10,4,0,8,4,10,8,1,28,1,1,3,0,2019-20,Playoffs
0041900161,1610612743,Denver,Nuggets,DEN,nuggets,200794,Paul,Millsap,P. Millsap,paul-millsap,F,,4,29:28,1,0,0,4,8,2,2,30,1,1,0,1,2019-20,Playoffs
0041900161,1610612743,Denver,Nuggets,DEN,nuggets,203999,Nikola,Jokić,N. Jokić,nikola-jokić,C,,15,42:10,2,2,0,8,10,10,2,46,1,2,2,5,2019-20,Playoffs
0041900161,1610612743,Denver,Nuggets,DEN,nuggets,1628470,Torrey,Craig,T. Craig,torrey-craig,G,,3,21:26,0,2,0,2,5,4,2,20,0,0,6,0,2019-20,Playoffs
0041900161,1610612743,Denver,Nuggets,DEN,nuggets,1627750,Jamal,Murray,J. Murray,jamal-murray,G,,27,40:23,6,0,0,8,8,8,2,40,0,0,4,4,2019-20,Playoffs
0041900161,1610612743,Denver,Nuggets,DEN,nuggets,1628420,Monte,Morris,M. Morris,monte-morris,,,11,29:19,3,6,2,8,5,12,1,32,1,0,1,3,2019-20,Playoffs
0041900161,1610612743,Denver,Nuggets,DEN,nuggets,203924,Jerami,Grant,J. Grant,jerami-grant,,,9,39:56,3,0,2,4,11,14,3,38,1,0,2,6,2019-20,Playoffs
0041900161,1610612743,Denver,Nuggets,DEN,nuggets,1628408,PJ,Dozier,P. Dozier,pj-dozier,,,35,20:19,0,0,0,0,5,8,1,20,0,0,1,1,2019-20,Playoffs
0041900161,1610612743,Denver,Nuggets,DEN,nuggets,203486,Mason,Plumlee,M. Plumlee,mason-plumlee,,,7,10:50,0,0,2,2,3,4,1,6,1,0,3,2,2019-20,Playoffs
0041900161,1610612743,Denver,Nuggets,DEN,nuggets,1628966,Keita,Bates-Diop,K. Bates-Diop,keita-bates-diop,,DNP - Coach's Decision,6,,0,0,0,0,0,0,0,0,0,0,0,0,2019-20,Playoffs
0041900161,1610612743,Denver,Nuggets,DEN,nuggets,1629626,Bol,Bol,B. Bol,bol-bol,,DNP - Coach's Decision,10,,0,0,0,0,0,0,0,0,0,0,0,0,2019-20,Playoffs
0041900161,1610612743,Denver,Nuggets,DEN,nuggets,203584,Troy,Daniels,T. Daniels,troy-daniels,,DNP - Coach's Decision,30,,0,0,0,0,0,0,0,0,0,0,0,0,2019-20,Playoffs
0041900161,1610612743,Denver,Nuggets,DEN,nuggets,203943,Noah,Vonleh,N. Vonleh,noah-vonleh,,DNP - Coach's Decision,32,,0,0,0,0,0,0,0,0,0,0,0,0,2019-20,Playoffs
0041900162,1610612762,Utah,Jazz,UTA,jazz,1626220,Royce,O'Neale,R. O'Neale,royce-oneale,F,,23,35:19,0,0,0,0,4,11,3,28,2,0,3,1,2019-20,Playoffs
0041900162,1610612762,Utah,Jazz,UTA,jazz,1629752,Juwan,Morgan,J. Morgan,juwan-morgan,F,,16,14:17,0,0,2,2,2,9,0,20,0,0,4,0,2019-20,Playoffs
0041900162,1610612762,Utah,Jazz,UTA,jazz,203497,Rudy,Gobert,R. Gobert,rudy-gobert,C,,27,34:14,7,5,3,14,4,11,3,26,2,2,5,8,2019-20,Playoffs
0041900162,1610612762,Utah,Jazz,UTA,jazz,204060,Joe,Ingles,J. Ingles,joe-ingles,G,,2,33:51,2,3,0,6,9,11,2,20,0,0,1,2,2019-20,Playoffs
0041900162,1610612762,Utah,Jazz,UTA,jazz,1628378,Donovan,Mitchell,D. Mitchell,donovan-mitchell,G,,45,33:51,5,0,0,8,4,11,3,26,0,0,1,2,2019-20,Playoffs
0041900162,1610612762,Utah,Jazz,UTA,jazz,203903,Jordan,Clarkson,J. Clarkson,jordan-clarkson,,,00,28:42,0,5,0,10,7,2,5,8,0,0,0,2,2019-20,Playoffs
0041900162,1610612762,Utah,Jazz,UTA,jazz,1627777,Georges,Niang,G. Niang,georges-niang,,,31,21:10,2,0,0,2,5,0,5,8,0,1,2,1,2019-20,Playoffs
0041900162,1610612762,Utah,Jazz,UTA,jazz,1626144,Emmanuel,Mudiay,E. Mudiay,emmanuel-mudiay,,,15,14:09,0,0,0,2,5,0,2,2,1,0,0,0,2019-20,Playoffs
0041900162,1610612762,Utah,Jazz,UTA,jazz,1628396,Tony,Bradley,T. Bradley,tony-bradley,,,13,11:23,0,0,0,2,5,0,2,2,1,0,0,2,2019-20,Playoffs
0041900162,1610612762,Utah,Jazz,UTA,jazz,1629671,Miye,Oni,M. Oni,miye-oni,,,81,4:09,0,0,0,2,0,0,0,0,1,0,0,1,2019-20,Playoffs
0041900162,1610612762,Utah,Jazz,UTA,jazz,1629714,Jarrell,Brantley,J. Brantley,jarrell-brantley,,,5,4:09,0,0,0,0,0,0,0,0,0,1,1,0,2019-20,Playoffs
0041900162,1610612762,Utah,Jazz,UTA,jazz,1628430,Nigel,Williams-Goss,N. Williams-Goss,nigel-williams-goss,,,0,2:23,0,0,0,0,0,0,0,0,0,0,0,0,2019-20,Playoffs
0041900162,1610612762,Utah,Jazz,UTA,jazz,1629730,Rayjon,Tucker,R. Tucker,rayjon-tucker,,,6,2:23,0,0,0,0,0,0,0,0,0,0,1,0,2019-20,Playoffs
0041900162,1610612743,Denver,Nuggets,DEN,nuggets,1629008,Michael,Porter Jr.,M. Porter Jr.,michael-porter-jr,F,,1,32:55,0,3,0,4,9,11,2,28,1,1,1,2,2019-20,Playoffs
0041900162,1610612743,Denver,Nuggets,DEN,nuggets,200794,Paul,Millsap,P. Millsap,paul-millsap,F,,4,18:04,0,0,0,4,7,3,5,16,0,1,2,1,2019-20,Playoffs
0041900162,1610612743,Denver,Nuggets,DEN,nuggets,203999,Nikola,Jokić,N. Jokić,nikola-jokić,C,,15,31:40,2,6,0,14,9,5,5,34,0,2,3,7,2019-20,Playoffs
0041900162,1610612743,Denver,Nuggets,DEN,nuggets,1628470,Torrey,Craig,T. Craig,torrey-craig,G,,3,27:33,0,0,0,0,9,5,5,26,0,0,3,0,2019-20,Playoffs
0041900162,1610612743,Denver,Nuggets,DEN,nuggets,1627750,Jamal,Murray,J. Murray,jamal-murray,G,,27,30:26,0,0,0,6,9,5,5,32,0,1,3,3,2019-20,Playoffs
0041900162,1610612743,Denver,Nuggets,DEN,nuggets,1628420,Monte,Morris,M. Morris,monte-morris,,,11,23:21,2,0,2,0,9,10,0,26,0,0,0,1,2019-20,Playoffs
0041900162,1610612743,Denver,Nuggets,DEN,nuggets,203924,Jerami,Grant,J. Grant,jerami-grant,,,9,27:15,3,0,3,0,14,10,3,32,2,0,2,1,2019-20,Playoffs
0041900162,1610612743,Denver,Nuggets,DEN,nuggets,1628408,PJ,Dozier,P. Dozier,pj-dozier,,,35,18:47,2,2,0,0,7,8,0,22,0,0,1,2,2019-20,Playoffs
0041900162,1610612743,Denver,Nuggets,DEN,nuggets,203486,Mason,Plumlee,M. Plumlee,mason-plumlee,,,7,12:45,0,0,0,0,7,8,0,12,0,1,2,0,2019-20,Playoffs
0041900162,1610612743,Denver,Nuggets,DEN,nuggets,203584,Troy,Daniels,T. Daniels,troy-daniels,,,30,5:22,0,0,0,0,0,0,0,6,0,1,2,0,2019-20,Playoffs
0041900162,1610612743,Denver,Nuggets,DEN,nuggets,1629076,Tyler,Cook,T. Cook,tyler-cook,,,25,4:09,0,0,0,0,0,0,0,2,0,0,0,0,2019-20,Playoffs
0041900162,1610612743,Denver,Nuggets,DEN,nuggets,1629626,Bol,Bol,B. Bol,bol-bol,,,10,4:09,0,0,0,0,0,0,0,2,1,0,0,1,2019-20,Playoffs
0041900162,1610612743,Denver,Nuggets,DEN,nuggets,1628966,Keita,Bates-Diop,K. Bates-Diop,keita-bates-diop,,,6,3:36,0,0,0,0,0,0,0,2,0,0,0,0,2019-20,Playoffs
0041900163,1610612743,Denver,Nuggets,DEN,nuggets,1629008,Michael,Porter Jr.,M. Porter Jr.,michael-porter-jr,F,,1,15:29,0,2,0,2,9,6,2,20,0,0,3,1,2019-20,Playoffs
0041900163,1610612743,Denver,Nuggets,DEN,nuggets,200794,Paul,Millsap,P. Millsap,paul-millsap,F,,4,16:50,2,2,3,2,2,6,2,12,1,0,2,1,2019-20,Playoffs
0041900163,1610612743,Denver,Nuggets,DEN,nuggets,203999,Nikola,Jokić,N. Jokić,nikola-jokić,C,,15,31:42,4,0,0,4,9,14,8,38,1,0,1,3,2019-20,Playoffs
0041900163,1610612743,Denver,Nuggets,DEN,nuggets,1628470,Torrey,Craig,T. Craig,torrey-craig,G,,3,27:30,0,0,2,2,9,14,8,26,0,0,4,0,2019-20,Playoffs
0041900163,1610612743,Denver,Nuggets,DEN,nuggets,1627750,Jamal,Murray,J. Murray,jamal-murray,G,,27,26:45,0,0,0,4,6,10,6,28,1,1,3,2,2019-20,Playoffs
0041900163,1610612743,Denver,Nuggets,DEN,nuggets,203924,Jerami,Grant,J. Grant,jerami-grant,,,9,25:29,0,0,3,0,12,14,6,26,2,0,4,1,2019-20,Playoffs
0041900163,1610612743,Denver,Nuggets,DEN,nuggets,1628420,Monte,Morris,M. Morris,monte-morris,,,11,24:15,0,0,0,2,14,11,6,34,0,0,0,0,2019-20,Playoffs
0041900163,1610612743,Denver,Nuggets,DEN,nuggets,1628408,PJ,Dozier,P. Dozier,pj-dozier,,,35,21:15,0,0,0,4,10,12,2,20,0,0,5,2,2019-20,Playoffs
0041900163,1610612743,Denver,Nuggets,DEN,nuggets,203486,Mason,Plumlee,M. Plumlee,mason-plumlee,,,7,13:10,0,2,0,6,7,8,0,6,0,0,1,5,2019-20,Playoffs
0041900163,1610612743,Denver,Nuggets,DEN,nuggets,203584,Troy,Daniels,T. Daniels,troy-daniels,,,30,13:43,0,0,0,0,2,5,0,10,0,0,0,2,2019-20,Playoffs
0041900163,1610612743,Denver,Nuggets,DEN,nuggets,1628966,Keita,Bates-Diop,K. Bates-Diop,keita-bates-diop,,,6,12:00,2,2,0,2,0,5,0,8,0,0,0,1,2019-20,Playoffs
0041900163,1610612743,Denver,Nuggets,DEN,nuggets,1629626,Bol,Bol,B. Bol,bol-bol,,,10,8:44,0,2,0,4,0,5,0,8,0,1,1,2,2019-20,Playoffs
0041900163,1610612743,Denver,Nuggets,DEN,nuggets,203943,Noah,Vonleh,N. Vonleh,noah-vonleh,,,32,3:08,0,0,0,0,0,0,0,4,0,0,0,0,2019-20,Playoffs
0041900163,1610612762,Utah,Jazz,UTA,jazz,204060,Joe,Ingles,J. Ingles,joe-ingles,F,,2,21:34,2,0,0,0,6,2,6,6,0,0,2,1,2019-20,Playoffs
0041900163,1610612762,Utah,Jazz,UTA,jazz,1626220,Royce,O'Neale,R. O'Neale,royce-oneale,F,,23,27:44,0,0,0,0,6,4,6,14,0,0,2,2,2019-20,Playoffs
0041900163,1610612762,Utah,Jazz,UTA,jazz,203497,Rudy,Gobert,R. Gobert,rudy-gobert,C,,27,31:42,3,4,0,22,6,4,8,16,0,1,3,5,2019-20,Playoffs
0041900163,1610612762,Utah,Jazz,UTA,jazz,1628378,Donovan,Mitchell,D. Mitchell,donovan-mitchell,G,,45,27:30,2,6,8,6,6,2,8,12,1,2,0,5,2019-20,Playoffs
0041900163,1610612762,Utah,Jazz,UTA,jazz,201144,Mike,Conley,M. Conley,mike-conley,G,,10,24:33,2,0,0,2,4,4,6,10,0,1,3,4,2019-20,Playoffs
0041900163,1610612762,Utah,Jazz,UTA,jazz,203903,Jordan,Clarkson,J. Clarkson,jordan-clarkson,,,00,24:17,5,5,0,6,2,2,2,14,0,0,0,2,2019-20,Playoffs
0041900163,1610612762,Utah,Jazz,UTA,jazz,1627777,Georges,Niang,G. Niang,georges-niang,,,31,15:39,2,2,0,4,0,2,2,8,0,0,1,0,2019-20,Playoffs
0041900163,1610612762,Utah,Jazz,UTA,jazz,1629752,Juwan,Morgan,J. Morgan,juwan-morgan,,,16,22:19,0,0,0,0,2,8,2,24,0,0,4,1,2019-20,Playoffs
0041900163,1610612762,Utah,Jazz,UTA,jazz,1628396,Tony,Bradley,T. Bradley,tony-bradley,,,13,7:34,0,0,0,0,0,2,0,4,0,1,0,1,2019-20,Playoffs
0041900163,1610612762,Utah,Jazz,UTA,jazz,1626144,Emmanuel,Mudiay,E. Mudiay,emmanuel-mudiay,,,15,9:50,0,0,0,4,2,6,0,14,0,0,0,1,2019-20,Playoffs
0041900163,1610612762,Utah,Jazz,UTA,jazz,1629671,Miye,Oni,M. Oni,miye-oni,,,81,9:50,0,5,0,2,2,6,0,14,0,0,2,0,2019-20,Playoffs
0041900163,1610612762,Utah,Jazz,UTA,jazz,1629730,Rayjon,Tucker,R. Tucker,rayjon-tucker,,,6,8:44,0,0,0,2,2,4,0,12,0,0,0,1,2019-20,Playoffs
0041900163,1610612762,Utah,Jazz,UTA,jazz,1629714,Jarrell,Brantley,J. Brantley,jarrell-brantley,,,5,8:44,0,0,0,0,2,4,0,12,1,0,3,1,2019-20,Playoffs
0041900164,1610612743,Denver,Nuggets,DEN,nuggets,200794,Paul,Millsap,P. Millsap,paul-millsap,F,,4,35:20,3,2,0,6,7,11,5,42,2,0,3,1,2019-20,Playoffs
0041900164,1610612743,Denver,Nuggets,DEN,nuggets,203924,Jerami,Grant,J. Grant,jerami-grant,F,,9,35:38,0,7,2,4,7,12,3,40,0,0,6,2,2019-20,Playoffs
0041900164,1610612743,Denver,Nuggets,DEN,nuggets,203999,Nikola,Jokić,N. Jokić,nikola-jokić,C,,15,39:20,3,5,0,12,7,14,5,44,0,0,3,5,2019-20,Playoffs
0041900164,1610612743,Denver,Nuggets,DEN,nuggets,1628420,Monte,Morris,M. Morris,monte-morris,G,,11,35:37,3,0,0,6,7,6,5,34,0,0,3,1,2019-20,Playoffs
0041900164,1610612743,Denver,Nuggets,DEN,nuggets,1627750,Jamal,Murray,J. Murray,jamal-murray,G,,27,43:09,2,8,2,10,7,14,5,48,1,0,2,7,2019-20,Playoffs
0041900164,1610612743,Denver,Nuggets,DEN,nuggets,1628470,Torrey,Craig,T. Craig,torrey-craig,,,3,18:41,0,2,0,2,0,10,2,14,0,0,2,1,2019-20,Playoffs
0041900164,1610612743,Denver,Nuggets,DEN,nuggets,1629008,Michael,Porter Jr.,M. Porter Jr.,michael-porter-jr,,,1,23:21,0,5,0,4,0,7,0,22,0,0,4,1,2019-20,Playoffs
0041900164,1610612743,Denver,Nuggets,DEN,nuggets,203486,Mason,Plumlee,M. Plumlee,mason-plumlee,,,7,8:40,0,0,0,2,0,1,0,6,1,0,1,1,2019-20,Playoffs
0041900164,1610612743,Denver,Nuggets,DEN,nuggets,203584,Troy,Daniels,T. Daniels,troy-daniels,,,30,0:14,0,0,0,0,0,0,0,0,0,0,0,0,2019-20,Playoffs
0041900164,1610612743,Denver,Nuggets,DEN,nuggets,1628966,Keita,Bates-Diop,K. Bates-Diop,keita-bates-diop,,DNP - Coach's Decision,6,,0,0,0,0,0,0,0,0,0,0,0,0,2019-20,Playoffs
0041900164,1610612743,Denver,Nuggets,DEN,nuggets,1629626,Bol,Bol,B. Bol,bol-bol,,DNP - Coach's Decision,10,,0,0,0,0,0,0,0,0,0,0,0,0,2019-20,Playoffs
0041900164,1610612743,Denver,Nuggets,DEN,nuggets,1629076,Tyler,Cook,T. Cook,tyler-cook,,DNP - Coach's Decision,25,,0,0,0,0,0,0,0,0,0,0,0,0,2019-20,Playoffs
0041900164,1610612743,Denver,Nuggets,DEN,nuggets,1628408,PJ,Dozier,P. Dozier,pj-dozier,,DNP - Coach's Decision,35,,0,0,0,0,0,0,0,0,0,0,0,0,2019-20,Playoffs
0041900164,1610612762,Utah,Jazz,UTA,jazz,204060,Joe,Ingles,J. Ingles,joe-ingles,F,,2,34:33,0,0,0,0,5,17,4,36,0,0,2,0,2019-20,Playoffs
0041900164,1610612762,Utah,Jazz,UTA,jazz,1626220,Royce,O'Neale,R. O'Neale,royce-oneale,F,,23,36:55,0,0,0,0,6,20,4,42,0,0,5,1,2019-20,Playoffs
0041900164,1610612762,Utah,Jazz,UTA,jazz,203497,Rudy,Gobert,R. Gobert,rudy-gobert,C,,27,39:21,0,2,0,14,9,29,2,38,0,0,5,2,2019-20,Playoffs
0041900164,1610612762,Utah,Jazz,UTA,jazz,201144,Mike,Conley,M. Conley,mike-conley,G,,10,31:45,2,3,3,8,5,14,4,38,0,0,0,6,2019-20,Playoffs
0041900164,1610612762,Utah,Jazz,UTA,jazz,1628378,Donovan,Mitchell,D. Mitchell,donovan-mitchell,G,,45,38:09,5,3,2,16,9,24,2,36,0,2,2,10,2019-20,Playoffs
0041900164,1610612762,Utah,Jazz,UTA,jazz,203903,Jordan,Clarkson,J. Clarkson,jordan-clarkson,,,00,27:23,0,6,0,10,8,18,2,20,0,1,4,3,2019-20,Playoffs
0041900164,1610612762,Utah,Jazz,UTA,jazz,1627777,Georges,Niang,G. Niang,georges-niang,,,31,12:24,0,0,0,2,8,8,0,6,0,0,1,0,2019-20,Playoffs
0041900164,1610612762,Utah,Jazz,UTA,jazz,1628396,Tony,Bradley,T. Bradley,tony-bradley,,,13,8:39,0,1,0,0,2,0,2,8,0,1,0,2,2019-20,Playoffs
0041900164,1610612762,Utah,Jazz,UTA,jazz,1629752,Juwan,Morgan,J. Morgan,juwan-morgan,,,16,10:51,0,0,0,0,3,15,0,6,0,0,0,0,2019-20,Playoffs
0041900164,1610612762,Utah,Jazz,UTA,jazz,1629714,Jarrell,Brantley,J. Brantley,jarrell-brantley,,DNP - Coach's Decision,5,,0,0,0,0,0,0,0,0,0,0,0,0,2019-20,Playoffs
0041900164,1610612762,Utah,Jazz,UTA,jazz,1626144,Emmanuel,Mudiay,E. Mudiay,emmanuel-mudiay,,DNP - Coach's Decision,15,,0,0,0,0,0,0,0,0,0,0,0,0,2019-20,Playoffs
0041900164,1610612762,Utah,Jazz,UTA,jazz,1629671,Miye,Oni,M. Oni,miye-oni,,DNP - Coach's Decision,81,,0,0,0,0,0,0,0,0,0,0,0,0,2019-20,Playoffs
0041900164,1610612762,Utah,Jazz,UTA,jazz,1629730,Rayjon,Tucker,R. Tucker,rayjon-tucker,,DNP - Coach's Decision,6,,0,0,0,0,0,0,0,0,0,0,0,0,2019-20,Playoffs
0041900165,1610612762,Utah,Jazz,UTA,jazz,204060,Joe,Ingles,J. Ingles,joe-ingles,F,,2,32:55,3,2,3,4,9,8,5,22,0,0,1,1,2019-20,Playoffs
0041900165,1610612762,Utah,Jazz,UTA,jazz,1626220,Royce,O'Neale,R. O'Neale,royce-oneale,F,,23,36:57,2,2,5,4,14,8,6,28,0,0,5,1,2019-20,Playoffs
0041900165,1610612762,Utah,Jazz,UTA,jazz,203497,Rudy,Gobert,R. Gobert,rudy-gobert,C,,27,42:47,2,2,0,8,18,8,11,34,1,1,2,3,2019-20,Playoffs
0041900165,1610612762,Utah,Jazz,UTA,jazz,1628378,Donovan,Mitchell,D. Mitchell,donovan-mitchell,G,,45,38:02,2,0,2,14,14,8,7,24,0,1,2,4,2019-20,Playoffs
0041900165,1610612762,Utah,Jazz,UTA,jazz,201144,Mike,Conley,M. Conley,mike-conley,G,,10,34:31,7,0,0,6,11,8,7,24,1,1,4,6,2019-20,Playoffs
0041900165,1610612762,Utah,Jazz,UTA,jazz,203903,Jordan,Clarkson,J. Clarkson,jordan-clarkson,,,00,26:01,0,3,3,4,11,0,10,24,0,2,3,2,2019-20,Playoffs
0041900165,1610612762,Utah,Jazz,UTA,jazz,1627777,Georges,Niang,G. Niang,georges-niang,,,31,18:24,2,0,0,4,8,0,10,20,0,0,0,0,2019-20,Playoffs
0041900165,1610612762,Utah,Jazz,UTA,jazz,1629752,Juwan,Morgan,J. Morgan,juwan-morgan,,,16,5:14,0,0,0,0,5,0,3,2,0,0,2,0,2019-20,Playoffs
0041900165,1610612762,Utah,Jazz,UTA,jazz,1628396,Tony,Bradley,T. Bradley,tony-bradley,,,13,5:09,0,0,0,2,0,0,1,2,1,0,1,1,2019-20,Playoffs
0041900165,1610612762,Utah,Jazz,UTA,jazz,1629714,Jarrell,Brantley,J. Brantley,jarrell-brantley,,DNP - Coach's Decision,5,,0,0,0,0,0,0,0,0,0,0,0,0,2019-20,Playoffs
0041900165,1610612762,Utah,Jazz,UTA,jazz,1626144,Emmanuel,Mudiay,E. Mudiay,emmanuel-mudiay,,DNP - Coach's Decision,15,,0,0,0,0,0,0,0,0,0,0,0,0,2019-20,Playoffs
0041900165,1610612762,Utah,Jazz,UTA,jazz,1629671,Miye,Oni,M. Oni,miye-oni,,DNP - Coach's Decision,81,,0,0,0,0,0,0,0,0,0,0,0,0,2019-20,Playoffs
0041900165,1610612762,Utah,Jazz,UTA,jazz,1629730,Rayjon,Tucker,R. Tucker,rayjon-tucker,,DNP - Coach's Decision,6,,0,0,0,0,0,0,0,0,0,0,0,0,2019-20,Playoffs
0041900165,1610612743,Denver,Nuggets,DEN,nuggets,203924,Jerami,Grant,J. Grant,jerami-grant,F,,9,40:19,0,0,2,6,14,6,13,36,0,2,2,6,2019-20,Playoffs
0041900165,1610612743,Denver,Nuggets,DEN,nuggets,200794,Paul,Millsap,P. Millsap,paul-millsap,F,,4,19:10,0,0,0,0,8,5,11,10,0,0,3,2,2019-20,Playoffs
0041900165,1610612743,Denver,Nuggets,DEN,nuggets,203999,Nikola,Jokić,N. Jokić,nikola-jokić,C,,15,42:51,2,0,0,4,16,6,13,38,1,0,4,1,2019-20,Playoffs
0041900165,1610612743,Denver,Nuggets,DEN,nuggets,1628420,Monte,Morris,M. Morris,monte-morris,G,,11,18:11,0,2,0,2,12,7,13,16,0,0,1,1,2019-20,Playoffs
0041900165,1610612743,Denver,Nuggets,DEN,nuggets,1627750,Jamal,Murray,J. Murray,jamal-murray,G,,27,41:22,9,6,2,18,13,4,7,38,0,0,3,7,2019-20,Playoffs
0041900165,1610612743,Denver,Nuggets,DEN,nuggets,1628470,Torrey,Craig,T. Craig,torrey-craig,,,3,19:08,0,0,2,2,7,7,3,20,1,0,0,0,2019-20,Playoffs
0041900165,1610612743,Denver,Nuggets,DEN,nuggets,1629008,Michael,Porter Jr.,M. Porter Jr.,michael-porter-jr,,,1,33:55,7,0,5,2,10,7,5,40,1,0,2,1,2019-20,Playoffs
0041900165,1610612743,Denver,Nuggets,DEN,nuggets,1628408,PJ,Dozier,P. Dozier,pj-dozier,,,35,19:55,0,0,1,2,8,0,0,24,1,0,2,2,2019-20,Playoffs
0041900165,1610612743,Denver,Nuggets,DEN,nuggets,203486,Mason,Plumlee,M. Plumlee,mason-plumlee,,,7,5:09,0,0,0,0,2,3,0,8,1,1,1,0,2019-20,Playoffs
0041900165,1610612743,Denver,Nuggets,DEN,nuggets,1628966,Keita,Bates-Diop,K. Bates-Diop,keita-bates-diop,,DNP - Coach's Decision,6,,0,0,0,0,0,0,0,0,0,0,0,0,2019-20,Playoffs
0041900165,1610612743,Denver,Nuggets,DEN,nuggets,1629626,Bol,Bol,B. Bol,bol-bol,,DNP - Coach's Decision,10,,0,0,0,0,0,0,0,0,0,0,0,0,2019-20,Playoffs
0041900165,1610612743,Denver,Nuggets,DEN,nuggets,203584,Troy,Daniels,T. Daniels,troy-daniels,,DNP - Coach's Decision,30,,0,0,0,0,0,0,0,0,0,0,0,0,2019-20,Playoffs
0041900165,1610612743,Denver,Nuggets,DEN,nuggets,203943,Noah,Vonleh,N. Vonleh,noah-vonleh,,DNP - Coach's Decision,32,,0,0,0,0,0,0,0,0,0,0,0,0,2019-20,Playoffs
0041900166,1610612743,Denver,Nuggets,DEN,nuggets,203924,Jerami,Grant,J. Grant,jerami-grant,F,,9,34:50,0,0,3,4,12,2,6,20,2,0,2,3,2019-20,Playoffs
0041900166,1610612743,Denver,Nuggets,DEN,nuggets,200794,Paul,Millsap,P. Millsap,paul-millsap,F,,4,19:04,0,0,0,0,6,0,6,14,0,0,2,2,2019-20,Playoffs
0041900166,1610612743,Denver,Nuggets,DEN,nuggets,203999,Nikola,Jokić,N. Jokić,nikola-jokić,C,,15,36:25,3,4,0,4,12,2,9,24,0,1,4,2,2019-20,Playoffs
0041900166,1610612743,Denver,Nuggets,DEN,nuggets,1628420,Monte,Morris,M. Morris,monte-morris,G,,11,24:38,0,0,2,2,8,0,6,18,0,1,2,1,2019-20,Playoffs
0041900166,1610612743,Denver,Nuggets,DEN,nuggets,1627750,Jamal,Murray,J. Murray,jamal-murray,G,,27,43:03,9,2,6,16,13,2,13,24,0,1,5,5,2019-20,Playoffs
0041900166,1610612743,Denver,Nuggets,DEN,nuggets,1629008,Michael,Porter Jr.,M. Porter Jr.,michael-porter-jr,,,1,28:07,0,0,0,2,9,2,7,14,0,0,0,1,2019-20,Playoffs
0041900166,1610612743,Denver,Nuggets,DEN,nuggets,203914,Gary,Harris,G. Harris,gary-harris,,,14,20:45,2,2,0,2,7,0,7,14,0,0,5,1,2019-20,Playoffs
0041900166,1610612743,Denver,Nuggets,DEN,nuggets,1628470,Torrey,Craig,T. Craig,torrey-craig,,,3,21:34,0,2,0,2,5,2,7,8,1,0,2,3,2019-20,Playoffs
0041900166,1610612743,Denver,Nuggets,DEN,nuggets,203486,Mason,Plumlee,M. Plumlee,mason-plumlee,,,7,11:35,0,0,0,0,3,0,4,4,1,0,2,2,2019-20,Playoffs
0041900166,1610612743,Denver,Nuggets,DEN,nuggets,1628966,Keita,Bates-Diop,K. Bates-Diop,keita-bates-diop,,DNP - Coach's Decision,6,,0,0,0,0,0,0,0,0,0,0,0,0,2019-20,Playoffs
0041900166,1610612743,Denver,Nuggets,DEN,nuggets,1629626,Bol,Bol,B. Bol,bol-bol,,DNP - Coach's Decision,10,,0,0,0,0,0,0,0,0,0,0,0,0,2019-20,Playoffs
0041900166,1610612743,Denver,Nuggets,DEN,nuggets,203584,Troy,Daniels,T. Daniels,troy-daniels,,DNP - Coach's Decision,30,,0,0,0,0,0,0,0,0,0,0,0,0,2019-20,Playoffs
0041900166,1610612743,Denver,Nuggets,DEN,nuggets,1628408,PJ,Dozier,P. Dozier,pj-dozier,,DNP - Coach's Decision,35,,0,0,0,0,0,0,0,0,0,0,0,0,2019-20,Playoffs
0041900166,1610612762,Utah,Jazz,UTA,jazz,204060,Joe,Ingles,J. Ingles,joe-ingles,F,,2,29:42,0,0,0,0,0,6,7,18,1,0,4,2,2019-20,Playoffs
0041900166,1610612762,Utah,Jazz,UTA,jazz,1626220,Royce,O'Neale,R. O'Neale,royce-oneale,F,,23,38:17,0,0,0,0,12,6,6,24,0,0,3,3,2019-20,Playoffs
0041900166,1610612762,Utah,Jazz,UTA,jazz,203497,Rudy,Gobert,R. Gobert,rudy-gobert,C,,27,41:32,1,0,0,6,14,10,9,28,1,1,2,8,2019-20,Playoffs
0041900166,1610612762,Utah,Jazz,UTA,jazz,1628378,Donovan,Mitchell,D. Mitchell,donovan-mitchell,G,,45,39:59,7,2,9,10,10,6,8,26,0,0,1,7,2019-20,Playoffs
0041900166,1610612762,Utah,Jazz,UTA,jazz,201144,Mike,Conley,M. Conley,mike-conley,G,,10,34:08,5,0,0,2,14,10,8,18,0,1,2,2,2019-20,Playoffs
0041900166,1610612762,Utah,Jazz,UTA,jazz,203903,Jordan,Clarkson,J. Clarkson,jordan-clarkson,,,00,29:50,2,0,2,8,14,6,9,24,0,0,2,1,2019-20,Playoffs
0041900166,1610612762,Utah,Jazz,UTA,jazz,1627777,Georges,Niang,G. Niang,georges-niang,,,31,20:04,0,0,2,2,6,6,6,18,1,1,4,1,2019-20,Playoffs
0041900166,1610612762,Utah,Jazz,UTA,jazz,1628396,Tony,Bradley,T. Bradley,tony-bradley,,,13,4:47,0,0,0,0,0,0,0,2,0,1,2,0,2019-20,Playoffs
0041900166,1610612762,Utah,Jazz,UTA,jazz,1629752,Juwan,Morgan,J. Morgan,juwan-morgan,,,16,1:41,0,0,0,0,0,0,2,2,0,0,0,0,2019-20,Playoffs
0041900166,1610612762,Utah,Jazz,UTA,jazz,1629714,Jarrell,Brantley,J. Brantley,jarrell-brantley,,DNP - Coach's Decision,5,,0,0,0,0,0,0,0,0,0,0,0,0,2019-20,Playoffs
0041900166,1610612762,Utah,Jazz,UTA,jazz,1626144,Emmanuel,Mudiay,E. Mudiay,emmanuel-mudiay,,DNP - Coach's Decision,15,,0,0,0,0,0,0,0,0,0,0,0,0,2019-20,Playoffs
0041900166,1610612762,Utah,Jazz,UTA,jazz,1629671,Miye,Oni,M. Oni,miye-oni,,DNP - Coach's Decision,81,,0,0,0,0,0,0,0,0,0,0,0,0,2019-20,Playoffs
0041900166,1610612762,Utah,Jazz,UTA,jazz,1629730,Rayjon,Tucker,R. Tucker,rayjon-tucker,,DNP - Coach's Decision,6,,0,0,0,0,0,0,0,0,0,0,0,0,2019-20,Playoffs
0041900167,1610612762,Utah,Jazz,UTA,jazz,204060,Joe,Ingles,J. Ingles,joe-ingles,F,,2,38:42,2,0,2,4,6,4,3,26,0,0,2,0,2019-20,Playoffs
0041900167,1610612762,Utah,Jazz,UTA,jazz,1626220,Royce,O'Neale,R. O'Neale,royce-oneale,F,,23,41:40,0,0,3,2,11,9,2,24,0,0,2,1,2019-20,Playoffs
0041900167,1610612762,Utah,Jazz,UTA,jazz,203497,Rudy,Gobert,R. Gobert,rudy-gobert,C,,27,38:33,4,6,0,16,11,4,0,22,2,1,4,4,2019-20,Playoffs
0041900167,1610612762,Utah,Jazz,UTA,jazz,1628378,Donovan,Mitchell,D. Mitchell,donovan-mitchell,G,,45,42:53,3,0,0,10,13,9,2,24,1,1,3,4,2019-20,Playoffs
0041900167,1610612762,Utah,Jazz,UTA,jazz,201144,Mike,Conley,M. Conley,mike-conley,G,,10,39:58,3,0,3,2,13,7,5,26,0,0,1,6,2019-20,Playoffs
0041900167,1610612762,Utah,Jazz,UTA,jazz,203903,Jordan,Clarkson,J. Clarkson,jordan-clarkson,,,00,24:47,5,0,1,6,7,7,5,10,0,2,1,1,2019-20,Playoffs
0041900167,1610612762,Utah,Jazz,UTA,jazz,1627777,Georges,Niang,G. Niang,georges-niang,,,31,6:40,3,0,3,0,2,0,3,4,0,0,0,0,2019-20,Playoffs
0041900167,1610612762,Utah,Jazz,UTA,jazz,1629752,Juwan,Morgan,J. Morgan,juwan-morgan,,,16,6:47,0,0,0,0,2,5,5,4,0,0,1,2,2019-20,Playoffs
0041900167,1610612762,Utah,Jazz,UTA,jazz,1628396,Tony,Bradley,T. Bradley,tony-bradley,,DNP - Coach's Decision,13,,0,0,0,0,0,0,0,0,0,0,0,0,2019-20,Playoffs
0041900167,1610612762,Utah,Jazz,UTA,jazz,1629714,Jarrell,Brantley,J. Brantley,jarrell-brantley,,DNP - Coach's Decision,5,,0,0,0,0,0,0,0,0,0,0,0,0,2019-20,Playoffs
0041900167,1610612762,Utah,Jazz,UTA,jazz,1626144,Emmanuel,Mudiay,E. Mudiay,emmanuel-mudiay,,DNP - Coach's Decision,15,,0,0,0,0,0,0,0,0,0,0,0,0,2019-20,Playoffs
0041900167,1610612762,Utah,Jazz,UTA,jazz,1629671,Miye,Oni,M. Oni,miye-oni,,DNP - Coach's Decision,81,,0,0,0,0,0,0,0,0,0,0,0,0,2019-20,Playoffs
0041900167,1610612762,Utah,Jazz,UTA,jazz,1629730,Rayjon,Tucker,R. Tucker,rayjon-tucker,,DNP - Coach's Decision,6,,0,0,0,0,0,0,0,0,0,0,0,0,2019-20,Playoffs
0041900167,1610612743,Denver,Nuggets,DEN,nuggets,203924,Jerami,Grant,J. Grant,jerami-grant,F,,9,35:20,0,0,0,0,14,4,8,28,0,0,1,0,2019-20,Playoffs
0041900167,1610612743,Denver,Nuggets,DEN,nuggets,200794,Paul,Millsap,P. Millsap,paul-millsap,F,,4,14:22,2,0,0,2,7,0,5,12,0,0,3,0,2019-20,Playoffs
0041900167,1610612743,Denver,Nuggets,DEN,nuggets,203999,Nikola,Jokić,N. Jokić,nikola-jokić,C,,15,38:55,5,4,0,12,15,4,12,32,0,1,5,4,2019-20,Playoffs
0041900167,1610612743,Denver,Nuggets,DEN,nuggets,1628420,Monte,Morris,M. Morris,monte-morris,G,,11,24:49,2,0,0,0,13,0,6,18,0,1,1,0,2019-20,Playoffs
0041900167,1610612743,Denver,Nuggets,DEN,nuggets,1627750,Jamal,Murray,J. Murray,jamal-murray,G,,27,41:21,2,0,0,6,17,6,11,36,0,1,1,3,2019-20,Playoffs
0041900167,1610612743,Denver,Nuggets,DEN,nuggets,1629008,Michael,Porter Jr.,M. Porter Jr.,michael-porter-jr,,,1,17:05,2,5,2,4,6,2,4,12,0,0,1,3,2019-20,Playoffs
0041900167,1610612743,Denver,Nuggets,DEN,nuggets,1628470,Torrey,Craig,T. Craig,torrey-craig,,,3,33:38,0,0,0,4,13,6,7,28,1,0,2,1,2019-20,Playoffs
0041900167,1610612743,Denver,Nuggets,DEN,nuggets,203914,Gary,Harris,G. Harris,gary-harris,,,14,26:09,0,0,3,0,13,6,7,26,2,0,3,1,2019-20,Playoffs
0041900167,1610612743,Denver,Nuggets,DEN,nuggets,203486,Mason,Plumlee,M. Plumlee,mason-plumlee,,,7,8:21,0,0,0,0,2,2,0,8,1,0,1,2,2019-20,Playoffs
0041900167,1610612743,Denver,Nuggets,DEN,nuggets,1628966,Keita,Bates-Diop,K. Bates-Diop,keita-bates-diop,,DNP - Coach's Decision,6,,0,0,0,0,0,0,0,0,0,0,0,0,2019-20,Playoffs
0041900167,1610612743,Denver,Nuggets,DEN,nuggets,1629626,Bol,Bol,B. Bol,bol-bol,,DNP - Coach's Decision,10,,0,0,0,0,0,0,0,0,0,0,0,0,2019-20,Playoffs
0041900167,1610612743,Denver,Nuggets,DEN,nuggets,203584,Troy,Daniels,T. Daniels,troy-daniels,,DNP - Coach's Decision,30,,0,0,0,0,0,0,0,0,0,0,0,0,2019-20,Playoffs
0041900167,1610612743,Denver,Nuggets,DEN,nuggets,1628408,PJ,Dozier,P. Dozier,pj-dozier,,DNP - Coach's Decision,35,,0,0,0,0,0,0,0,0,0,0,0,0,2019-20,Playoffs
0041900171,1610612760,Oklahoma City,Thunder,OKC,thunder,1628390,Terrance,Ferguson,T. Ferguson,terrance-ferguson,F,,23,15:23,0,0,0,0,3,5,6,12,0,0,1,2,2019-20,Playoffs
0041900171,1610612760,Oklahoma City,Thunder,OKC,thunder,201568,Danilo,Gallinari,D. Gallinari,danilo-gallinari,F,,8,33:12,4,2,0,6,14,8,8,32,1,0,2,5,2019-20,Playoffs
0041900171,1610612760,Oklahoma City,Thunder,OKC,thunder,203500,Steven,Adams,S. Adams,steven-adams,C,,12,27:37,0,7,0,14,11,5,8,26,0,1,2,6,2019-20,Playoffs
0041900171,1610612760,Oklahoma City,Thunder,OKC,thunder,1628983,Shai,Gilgeous-Alexander,S. Gilgeous-Alexander,shai-gilgeous-alexander,G,,2,35:08,0,2,0,2,10,8,7,24,1,0,2,4,2019-20,Playoffs
0041900171,1610612760,Oklahoma City,Thunder,OKC,thunder,101108,Chris,Paul,C. Paul,chris-paul,G,,3,37:14,0,0,2,6,17,5,10,38,0,0,4,6,2019-20,Playoffs
0041900171,1610612760,Oklahoma City,Thunder,OKC,thunder,203471,Dennis,Schröder,D. Schröder,dennis-schröder,,,17,31:34,2,0,0,6,14,3,9,32,0,0,2,1,2019-20,Playoffs
0041900171,1610612760,Oklahoma City,Thunder,OKC,thunder,203457,Nerlens,Noel,N. Noel,nerlens-noel,,,9,7:48,0,0,0,2,2,0,5,6,1,0,4,1,2019-20,Playoffs
0041900171,1610612760,Oklahoma City,Thunder,OKC,thunder,1628977,Hamidou,Diallo,H. Diallo,hamidou-diallo,,,6,14:41,0,0,0,2,7,0,7,18,0,0,0,1,2019-20,Playoffs
0041900171,1610612760,Oklahoma City,Thunder,OKC,thunder,1629647,Darius,Bazley,D. Bazley,darius-bazley,,,7,17:14,0,0,0,0,7,0,5,14,0,0,1,0,2019-20,Playoffs
0041900171,1610612760,Oklahoma City,Thunder,OKC,thunder,203488,Mike,Muscala,M. Muscala,mike-muscala,,,33,12:35,0,0,0,0,6,3,0,12,0,0,1,0,2019-20,Playoffs
0041900171,1610612760,Oklahoma City,Thunder,OKC,thunder,203460,Andre,Roberson,A. Roberson,andre-roberson,,,21,3:26,0,0,0,0,0,3,0,2,0,0,1,0,2019-20,Playoffs
0041900171,1610612760,Oklahoma City,Thunder,OKC,thunder,1627846,Abdel,Nader,A. Nader,abdel-nader,,,11,2:04,0,0,0,0,2,0,0,2,0,0,0,0,2019-20,Playoffs
0041900171,1610612760,Oklahoma City,Thunder,OKC,thunder,1629126,Deonte,Burton,D. Burton,deonte-burton,,,30,2:04,0,0,0,0,2,0,0,2,0,0,0,0,2019-20,Playoffs
0041900171,1610612745,Houston,Rockets,HOU,rockets,1627863,Danuel,House Jr.,D. House Jr.,danuel-house-jr,F,,4,28:58,0,0,4,6,6,9,2,26,0,1,4,0,2019-20,Playoffs
0041900171,1610612745,Houston,Rockets,HOU,rockets,200782,P.J.,Tucker,P. Tucker,pj-tucker,F,,17,34:26,0,5,0,2,4,11,0,26,0,0,4,2,2019-20,Playoffs
0041900171,1610612745,Houston,Rockets,HOU,rockets,203496,Robert,Covington,R. Covington,robert-covington,C,,33,30:56,0,0,0,0,6,9,2,30,1,0,5,1,2019-20,Playoffs
0041900171,1610612745,Houston,Rockets,HOU,rockets,201569,Eric,Gordon,E. Gordon,eric-gordon,G,,10,30:22,0,0,7,10,6,8,2,28,0,1,3,5,2019-20,Playoffs
0041900171,1610612745,Houston,Rockets,HOU,rockets,201935,James,Harden,J. Harden,james-harden,G,,13,34:13,5,3,0,10,6,9,2,30,0,0,4,6,2019-20,Playoffs
0041900171,1610612745,Houston,Rockets,HOU,rockets,203463,Ben,McLemore,B. McLemore,ben-mclemore,,,16,23:53,6,0,0,2,0,5,0,12,0,0,1,0,2019-20,Playoffs
0041900171,1610612745,Houston,Rockets,HOU,rockets,201145,Jeff,Green,J. Green,jeff-green,,,32,32:20,6,0,2,10,2,2,2,20,0,0,3,5,2019-20,Playoffs
0041900171,1610612745,Houston,Rockets,HOU,rockets,203085,Austin,Rivers,A. Rivers,austin-rivers,,,25,18:40,0,0,0,2,0,2,0,12,0,1,1,1,2019-20,Playoffs
0041900171,1610612745,Houston,Rockets,HOU,rockets,203998,Bruno,Caboclo,B. Caboclo,bruno-caboclo,,,5,2:04,2,0,0,2,0,0,0,2,0,0,0,0,2019-20,Playoffs
0041900171,1610612745,Houston,Rockets,HOU,rockets,1626187,Michael,Frazier II,M. Frazier II,michael-frazier-ii,,,21,2:04,0,0,0,0,0,0,0,2,0,0,0,0,2019-20,Playoffs
0041900171,1610612745,Houston,Rockets,HOU,rockets,201960,DeMarre,Carroll,D. Carroll,demarre-carroll,,,9,2:04,0,0,0,0,0,0,0,2,0,0,1,0,2019-20,Playoffs
0041900171,1610612745,Houston,Rockets,HOU,rockets,2199,Tyson,Chandler,T. Chandler,tyson-chandler,,DNP - Coach's Decision,19,,0,0,0,0,0,0,0,0,0,0,0,0,2019-20,Playoffs
0041900171,1610612745,Houston,Rockets,HOU,rockets,201601,Luc,Mbah a Moute,L. Mbah a Moute,luc-mbah-a-moute,,DNP - Coach's Decision,12,,0,0,0,0,0,0,0,0,0,0,0,0,2019-20,Playoffs
0041900172,1610612760,Oklahoma City,Thunder,OKC,thunder,1628983,Shai,Gilgeous-Alexander,S. Gilgeous-Alexander,shai-gilgeous-alexander,F,,2,37:19,6,3,3,8,9,10,8,30,0,0,1,8,2019-20,Playoffs
0041900172,1610612760,Oklahoma City,Thunder,OKC,thunder,201568,Danilo,Gallinari,D. Gallinari,danilo-gallinari,F,,8,33:28,0,0,0,4,7,8,6,24,0,0,2,4,2019-20,Playoffs
0041900172,1610612760,Oklahoma City,Thunder,OKC,thunder,203500,Steven,Adams,S. Adams,steven-adams,C,,12,30:11,0,2,0,8,10,10,10,22,0,0,1,1,2019-20,Playoffs
0041900172,1610612760,Oklahoma City,Thunder,OKC,thunder,1629652,Luguentz,Dort,L. Dort,luguentz-dort,G,,5,25:19,2,0,0,2,7,6,6,16,1,1,5,2,2019-20,Playoffs
0041900172,1610612760,Oklahoma City,Thunder,OKC,thunder,101108,Chris,Paul,C. Paul,chris-paul,G,,3,36:32,0,5,0,4,13,12,12,30,1,0,3,2,2019-20,Playoffs
0041900172,1610612760,Oklahoma City,Thunder,OKC,thunder,203457,Nerlens,Noel,N. Noel,nerlens-noel,,,9,17:49,0,2,0,4,3,4,2,12,2,0,1,1,2019-20,Playoffs
0041900172,1610612760,Oklahoma City,Thunder,OKC,thunder,203471,Dennis,Schröder,D. Schröder,dennis-schröder,,,17,31:54,0,3,2,6,6,12,6,18,0,1,4,1,2019-20,Playoffs
0041900172,1610612760,Oklahoma City,Thunder,OKC,thunder,1628977,Hamidou,Diallo,H. Diallo,hamidou-diallo,,,6,3:25,0,0,0,0,0,0,0,0,0,0,0,0,2019-20,Playoffs
0041900172,1610612760,Oklahoma City,Thunder,OKC,thunder,1629647,Darius,Bazley,D. Bazley,darius-bazley,,,7,13:36,0,0,0,0,6,4,6,10,0,1,1,0,2019-20,Playoffs
0041900172,1610612760,Oklahoma City,Thunder,OKC,thunder,1627846,Abdel,Nader,A. Nader,abdel-nader,,,11,10:27,0,0,0,0,4,4,4,8,0,0,1,0,2019-20,Playoffs
0041900172,1610612760,Oklahoma City,Thunder,OKC,thunder,1628390,Terrance,Ferguson,T. Ferguson,terrance-ferguson,,DNP - Coach's Decision,23,,0,0,0,0,0,0,0,0,0,0,0,0,2019-20,Playoffs
0041900172,1610612760,Oklahoma City,Thunder,OKC,thunder,203488,Mike,Muscala,M. Muscala,mike-muscala,,DNP - Coach's Decision,33,,0,0,0,0,0,0,0,0,0,0,0,0,2019-20,Playoffs
0041900172,1610612760,Oklahoma City,Thunder,OKC,thunder,203460,Andre,Roberson,A. Roberson,andre-roberson,,DNP - Coach's Decision,21,,0,0,0,0,0,0,0,0,0,0,0,0,2019-20,Playoffs
0041900172,1610612745,Houston,Rockets,HOU,rockets,1627863,Danuel,House Jr.,D. House Jr.,danuel-house-jr,F,,4,38:06,0,4,4,6,6,11,0,26,0,0,1,3,2019-20,Playoffs
0041900172,1610612745,Houston,Rockets,HOU,rockets,200782,P.J.,Tucker,P. Tucker,pj-tucker,F,,17,30:10,3,2,0,2,6,6,2,22,0,1,4,1,2019-20,Playoffs
0041900172,1610612745,Houston,Rockets,HOU,rockets,203496,Robert,Covington,R. Covington,robert-covington,C,,33,27:19,0,2,0,4,4,12,3,20,1,0,3,1,2019-20,Playoffs
0041900172,1610612745,Houston,Rockets,HOU,rockets,201569,Eric,Gordon,E. Gordon,eric-gordon,G,,10,32:50,3,2,6,12,6,8,0,26,1,1,2,6,2019-20,Playoffs
0041900172,1610612745,Houston,Rockets,HOU,rockets,201935,James,Harden,J. Harden,james-harden,G,,13,35:48,2,4,0,2,6,10,5,30,1,0,4,8,2019-20,Playoffs
0041900172,1610612745,Houston,Rockets,HOU,rockets,201145,Jeff,Green,J. Green,jeff-green,,,32,37:22,5,0,2,6,6,12,5,28,0,1,1,0,2019-20,Playoffs
0041900172,1610612745,Houston,Rockets,HOU,rockets,203463,Ben,McLemore,B. McLemore,ben-mclemore,,,16,13:53,0,0,0,0,2,4,5,12,0,0,2,0,2019-20,Playoffs
0041900172,1610612745,Houston,Rockets,HOU,rockets,203085,Austin,Rivers,A. Rivers,austin-rivers,,,25,24:32,0,0,0,2,4,12,5,16,0,1,2,0,2019-20,Playoffs
0041900172,1610612745,Houston,Rockets,HOU,rockets,203998,Bruno,Caboclo,B. Caboclo,bruno-caboclo,,DNP - Coach's Decision,5,,0,0,0,0,0,0,0,0,0,0,0,0,2019-20,Playoffs
0041900172,1610612745,Houston,Rockets,HOU,rockets,201960,DeMarre,Carroll,D. Carroll,demarre-carroll,,DNP - Coach's Decision,9,,0,0,0,0,0,0,0,0,0,0,0,0,2019-20,Playoffs
0041900172,1610612745,Houston,Rockets,HOU,rockets,2199,Tyson,Chandler,T. Chandler,tyson-chandler,,DNP - Coach's Decision,19,,0,0,0,0,0,0,0,0,0,0,0,0,2019-20,Playoffs
0041900172,1610612745,Houston,Rockets,HOU,rockets,1629598,Chris,Clemons,C. Clemons,chris-clemons,,DNP - Coach's Decision,3,,0,0,0,0,0,0,0,0,0,0,0,0,2019-20,Playoffs
0041900172,1610612745,Houston,Rockets,HOU,rockets,1626187,Michael,Frazier II,M. Frazier II,michael-frazier-ii,,DNP - Coach's Decision,21,,0,0,0,0,0,0,0,0,0,0,0,0,2019-20,Playoffs
0041900173,1610612745,Houston,Rockets,HOU,rockets,1627863,Danuel,House Jr.,D. House Jr.,danuel-house-jr,F,,4,41:42,2,2,3,4,16,10,11,30,0,1,3,4,2019-20,Playoffs
0041900173,1610612745,Houston,Rockets,HOU,rockets,200782,P.J.,Tucker,P. Tucker,pj-tucker,F,,17,43:55,0,2,0,2,16,10,11,32,0,0,5,0,2019-20,Playoffs
0041900173,1610612745,Houston,Rockets,HOU,rockets,203496,Robert,Covington,R. Covington,robert-covington,C,,33,19:17,0,0,0,0,4,2,7,16,1,0,4,2,2019-20,Playoffs
0041900173,1610612745,Houston,Rockets,HOU,rockets,201569,Eric,Gordon,E. Gordon,eric-gordon,G,,10,41:05,0,0,2,12,13,10,11,34,3,1,3,2,2019-20,Playoffs
0041900173,1610612745,Houston,Rockets,HOU,rockets,201935,James,Harden,J. Harden,james-harden,G,,13,37:41,12,0,0,18,16,3,11,26,0,4,6,10,2019-20,Playoffs
0041900173,1610612745,Houston,Rockets,HOU,rockets,203463,Ben,McLemore,B. McLemore,ben-mclemore,,,16,17:30,0,0,0,0,0,0,0,8,0,0,0,1,2019-20,Playoffs
0041900173,1610612745,Houston,Rockets,HOU,rockets,201145,Jeff,Green,J. Green,jeff-green,,,32,38:23,8,3,2,6,12,8,4,20,2,0,3,2,2019-20,Playoffs
0041900173,1610612745,Houston,Rockets,HOU,rockets,203085,Austin,Rivers,A. Rivers,austin-rivers,,,25,25:27,0,0,0,4,3,7,0,14,0,0,3,0,2019-20,Playoffs
0041900173,1610612745,Houston,Rockets,HOU,rockets,203998,Bruno,Caboclo,B. Caboclo,bruno-caboclo,,DNP - Coach's Decision,5,,0,0,0,0,0,0,0,0,0,0,0,0,2019-20,Playoffs
0041900173,1610612745,Houston,Rockets,HOU,rockets,201960,DeMarre,Carroll,D. Carroll,demarre-carroll,,DNP - Coach's Decision,9,,0,0,0,0,0,0,0,0,0,0,0,0,2019-20,Playoffs
0041900173,1610612745,Houston,Rockets,HOU,rockets,2199,Tyson,Chandler,T. Chandler,tyson-chandler,,DNP - Coach's Decision,19,,0,0,0,0,0,0,0,0,0,0,0,0,2019-20,Playoffs
0041900173,1610612745,Houston,Rockets,HOU,rockets,1629598,Chris,Clemons,C. Clemons,chris-clemons,,DNP - Coach's Decision,3,,0,0,0,0,0,0,0,0,0,0,0,0,2019-20,Playoffs
0041900173,1610612745,Houston,Rockets,HOU,rockets,1626187,Michael,Frazier II,M. Frazier II,michael-frazier-ii,,DNP - Coach's Decision,21,,0,0,0,0,0,0,0,0,0,0,0,0,2019-20,Playoffs
0041900173,1610612760,Oklahoma City,Thunder,OKC,thunder,1628983,Shai,Gilgeous-Alexander,S. Gilgeous-Alexander,shai-gilgeous-alexander,F,,2,48:19,5,0,3,8,22,7,7,46,1,2,2,3,2019-20,Playoffs
0041900173,1610612760,Oklahoma City,Thunder,OKC,thunder,201568,Danilo,Gallinari,D. Gallinari,danilo-gallinari,F,,8,38:43,3,2,0,0,18,4,7,34,0,0,2,4,2019-20,Playoffs
0041900173,1610612760,Oklahoma City,Thunder,OKC,thunder,203500,Steven,Adams,S. Adams,steven-adams,C,,12,35:27,2,2,0,6,15,7,2,34,1,1,4,2,2019-20,Playoffs
0041900173,1610612760,Oklahoma City,Thunder,OKC,thunder,1629652,Luguentz,Dort,L. Dort,luguentz-dort,G,,5,36:14,2,1,0,6,12,4,7,28,3,0,3,6,2019-20,Playoffs
0041900173,1610612760,Oklahoma City,Thunder,OKC,thunder,101108,Chris,Paul,C. Paul,chris-paul,G,,3,40:50,0,3,4,6,14,5,5,30,1,0,5,3,2019-20,Playoffs
0041900173,1610612760,Oklahoma City,Thunder,OKC,thunder,203471,Dennis,Schröder,D. Schröder,dennis-schröder,,,17,39:12,4,2,4,10,18,5,5,36,0,3,2,6,2019-20,Playoffs
0041900173,1610612760,Oklahoma City,Thunder,OKC,thunder,203457,Nerlens,Noel,N. Noel,nerlens-noel,,,9,12:48,0,0,0,0,7,0,2,12,0,0,3,3,2019-20,Playoffs
0041900173,1610612760,Oklahoma City,Thunder,OKC,thunder,1629647,Darius,Bazley,D. Bazley,darius-bazley,,,7,13:27,0,0,0,0,4,3,0,10,0,0,0,0,2019-20,Playoffs
0041900173,1610612760,Oklahoma City,Thunder,OKC,thunder,1628977,Hamidou,Diallo,H. Diallo,hamidou-diallo,,DNP - Coach's Decision,6,,0,0,0,0,0,0,0,0,0,0,0,0,2019-20,Playoffs
0041900173,1610612760,Oklahoma City,Thunder,OKC,thunder,1628390,Terrance,Ferguson,T. Ferguson,terrance-ferguson,,DNP - Coach's Decision,23,,0,0,0,0,0,0,0,0,0,0,0,0,2019-20,Playoffs
0041900173,1610612760,Oklahoma City,Thunder,OKC,thunder,203488,Mike,Muscala,M. Muscala,mike-muscala,,DNP - Coach's Decision,33,,0,0,0,0,0,0,0,0,0,0,0,0,2019-20,Playoffs
0041900173,1610612760,Oklahoma City,Thunder,OKC,thunder,1627846,Abdel,Nader,A. Nader,abdel-nader,,DNP - Coach's Decision,11,,0,0,0,0,0,0,0,0,0,0,0,0,2019-20,Playoffs
0041900173,1610612760,Oklahoma City,Thunder,OKC,thunder,203460,Andre,Roberson,A. Roberson,andre-roberson,,DNP - Coach's Decision,21,,0,0,0,0,0,0,0,0,0,0,0,0,2019-20,Playoffs
0041900174,1610612745,Houston,Rockets,HOU,rockets,1627863,Danuel,House Jr.,D. House Jr.,danuel-house-jr,F,,4,38:52,0,0,0,6,8,17,2,36,0,0,3,1,2019-20,Playoffs
0041900174,1610612745,Houston,Rockets,HOU,rockets,200782,P.J.,Tucker,P. Tucker,pj-tucker,F,,17,37:55,3,2,0,2,8,12,7,32,0,0,5,1,2019-20,Playoffs
0041900174,1610612745,Houston,Rockets,HOU,rockets,203496,Robert,Covington,R. Covington,robert-covington,C,,33,34:11,0,0,0,2,0,13,7,32,2,0,3,1,2019-20,Playoffs
0041900174,1610612745,Houston,Rockets,HOU,rockets,201569,Eric,Gordon,E. Gordon,eric-gordon,G,,10,31:08,4,0,5,10,6,13,7,38,0,0,2,4,2019-20,Playoffs
0041900174,1610612745,Houston,Rockets,HOU,rockets,201935,James,Harden,J. Harden,james-harden,G,,13,42:49,10,2,2,10,8,12,7,36,0,0,5,6,2019-20,Playoffs
0041900174,1610612745,Houston,Rockets,HOU,rockets,203463,Ben,McLemore,B. McLemore,ben-mclemore,,,16,8:30,0,0,0,0,2,0,0,10,0,0,2,0,2019-20,Playoffs
0041900174,1610612745,Houston,Rockets,HOU,rockets,201145,Jeff,Green,J. Green,jeff-green,,,32,31:42,0,3,0,4,8,13,5,34,0,0,2,3,2019-20,Playoffs
0041900174,1610612745,Houston,Rockets,HOU,rockets,203085,Austin,Rivers,A. Rivers,austin-rivers,,,25,14:53,0,0,0,0,0,5,0,12,0,0,1,0,2019-20,Playoffs
0041900174,1610612745,Houston,Rockets,HOU,rockets,203998,Bruno,Caboclo,B. Caboclo,bruno-caboclo,,DNP - Coach's Decision,5,,0,0,0,0,0,0,0,0,0,0,0,0,2019-20,Playoffs
0041900174,1610612745,Houston,Rockets,HOU,rockets,201960,DeMarre,Carroll,D. Carroll,demarre-carroll,,DNP - Coach's Decision,9,,0,0,0,0,0,0,0,0,0,0,0,0,2019-20,Playoffs
0041900174,1610612745,Houston,Rockets,HOU,rockets,2199,Tyson,Chandler,T. Chandler,tyson-chandler,,DNP - Coach's Decision,19,,0,0,0,0,0,0,0,0,0,0,0,0,2019-20,Playoffs
0041900174,1610612745,Houston,Rockets,HOU,rockets,1629598,Chris,Clemons,C. Clemons,chris-clemons,,DNP - Coach's Decision,3,,0,0,0,0,0,0,0,0,0,0,0,0,2019-20,Playoffs
0041900174,1610612745,Houston,Rockets,HOU,rockets,1626187,Michael,Frazier II,M. Frazier II,michael-frazier-ii,,DNP - Coach's Decision,21,,0,0,0,0,0,0,0,0,0,0,0,0,2019-20,Playoffs
0041900174,1610612760,Oklahoma City,Thunder,OKC,thunder,1628983,Shai,Gilgeous-Alexander,S. Gilgeous-Alexander,shai-gilgeous-alexander,F,,2,43:54,0,4,0,8,14,7,7,30,0,0,2,2,2019-20,Playoffs
0041900174,1610612760,Oklahoma City,Thunder,OKC,thunder,201568,Danilo,Gallinari,D. Gallinari,danilo-gallinari,F,,8,29:20,0,2,0,2,12,4,5,26,0,0,1,1,2019-20,Playoffs
0041900174,1610612760,Oklahoma City,Thunder,OKC,thunder,203500,Steven,Adams,S. Adams,steven-adams,C,,12,26:19,0,8,0,8,12,2,7,22,0,1,1,3,2019-20,Playoffs
0041900174,1610612760,Oklahoma City,Thunder,OKC,thunder,1629652,Luguentz,Dort,L. Dort,luguentz-dort,G,,5,35:11,0,0,0,0,11,4,3,28,0,0,5,5,2019-20,Playoffs
0041900174,1610612760,Oklahoma City,Thunder,OKC,thunder,101108,Chris,Paul,C. Paul,chris-paul,G,,3,37:10,4,3,2,8,17,7,7,28,0,0,3,5,2019-20,Playoffs
0041900174,1610612760,Oklahoma City,Thunder,OKC,thunder,203471,Dennis,Schröder,D. Schröder,dennis-schröder,,,17,31:07,2,0,3,12,9,5,2,22,0,1,2,5,2019-20,Playoffs
0041900174,1610612760,Oklahoma City,Thunder,OKC,thunder,203457,Nerlens,Noel,N. Noel,nerlens-noel,,,9,15:02,2,0,2,4,3,3,0,4,0,0,2,2,2019-20,Playoffs
0041900174,1610612760,Oklahoma City,Thunder,OKC,thunder,1629647,Darius,Bazley,D. Bazley,darius-bazley,,,7,18:40,0,0,0,4,5,3,2,8,0,0,0,0,2019-20,Playoffs
0041900174,1610612760,Oklahoma City,Thunder,OKC,thunder,1628390,Terrance,Ferguson,T. Ferguson,terrance-ferguson,,,23,3:17,0,0,0,0,2,0,2,2,0,0,0,0,2019-20,Playoffs
0041900174,1610612760,Oklahoma City,Thunder,OKC,thunder,1628977,Hamidou,Diallo,H. Diallo,hamidou-diallo,,DNP - Coach's Decision,6,,0,0,0,0,0,0,0,0,0,0,0,0,2019-20,Playoffs
0041900174,1610612760,Oklahoma City,Thunder,OKC,thunder,203488,Mike,Muscala,M. Muscala,mike-muscala,,DNP - Coach's Decision,33,,0,0,0,0,0,0,0,0,0,0,0,0,2019-20,Playoffs
0041900174,1610612760,Oklahoma City,Thunder,OKC,thunder,1627846,Abdel,Nader,A. Nader,abdel-nader,,DNP - Coach's Decision,11,,0,0,0,0,0,0,0,0,0,0,0,0,2019-20,Playoffs
0041900174,1610612760,Oklahoma City,Thunder,OKC,thunder,203460,Andre,Roberson,A. Roberson,andre-roberson,,DNP - Coach's Decision,21,,0,0,0,0,0,0,0,0,0,0,0,0,2019-20,Playoffs
0041900175,1610612760,Oklahoma City,Thunder,OKC,thunder,1628983,Shai,Gilgeous-Alexander,S. Gilgeous-Alexander,shai-gilgeous-alexander,F,,2,34:24,0,0,0,2,15,11,6,32,0,0,4,1,2019-20,Playoffs
0041900175,1610612760,Oklahoma City,Thunder,OKC,thunder,201568,Danilo,Gallinari,D. Gallinari,danilo-gallinari,F,,8,22:04,0,0,0,0,15,7,6,30,0,0,0,2,2019-20,Playoffs
0041900175,1610612760,Oklahoma City,Thunder,OKC,thunder,203500,Steven,Adams,S. Adams,steven-adams,C,,12,25:26,0,6,2,12,17,7,6,30,0,0,1,2,2019-20,Playoffs
0041900175,1610612760,Oklahoma City,Thunder,OKC,thunder,1629652,Luguentz,Dort,L. Dort,luguentz-dort,G,,5,23:23,2,0,0,6,7,6,0,22,0,1,3,0,2019-20,Playoffs
0041900175,1610612760,Oklahoma City,Thunder,OKC,thunder,101108,Chris,Paul,C. Paul,chris-paul,G,,3,29:46,2,0,0,2,17,6,6,32,1,0,0,7,2019-20,Playoffs
0041900175,1610612760,Oklahoma City,Thunder,OKC,thunder,203471,Dennis,Schröder,D. Schröder,dennis-schröder,,,17,20:53,5,3,3,6,10,10,6,22,1,1,1,5,2019-20,Playoffs
0041900175,1610612760,Oklahoma City,Thunder,OKC,thunder,203457,Nerlens,Noel,N. Noel,nerlens-noel,,,9,13:04,0,0,0,2,0,4,0,4,1,1,1,0,2019-20,Playoffs
0041900175,1610612760,Oklahoma City,Thunder,OKC,thunder,1629647,Darius,Bazley,D. Bazley,darius-bazley,,,7,25:56,0,0,0,0,5,6,0,14,1,0,0,2,2019-20,Playoffs
0041900175,1610612760,Oklahoma City,Thunder,OKC,thunder,1628390,Terrance,Ferguson,T. Ferguson,terrance-ferguson,,,23,17:41,0,0,0,0,5,5,0,14,0,0,1,0,2019-20,Playoffs
0041900175,1610612760,Oklahoma City,Thunder,OKC,thunder,1627846,Abdel,Nader,A. Nader,abdel-nader,,,11,12:55,0,0,0,0,3,3,0,8,2,0,0,1,2019-20,Playoffs
0041900175,1610612760,Oklahoma City,Thunder,OKC,thunder,1628977,Hamidou,Diallo,H. Diallo,hamidou-diallo,,,6,7:14,0,1,0,4,3,0,0,6,2,0,0,3,2019-20,Playoffs
0041900175,1610612760,Oklahoma City,Thunder,OKC,thunder,203488,Mike,Muscala,M. Muscala,mike-muscala,,,33,7:14,0,0,0,0,3,0,0,6,0,0,1,0,2019-20,Playoffs
0041900175,1610612760,Oklahoma City,Thunder,OKC,thunder,203460,Andre,Roberson,A. Roberson,andre-roberson,,DNP - Coach's Decision,21,,0,0,0,0,0,0,0,0,0,0,0,0,2019-20,Playoffs
0041900175,1610612745,Houston,Rockets,HOU,rockets,201569,Eric,Gordon,E. Gordon,eric-gordon,F,,10,32:16,8,0,6,18,7,7,0,18,0,2,3,2,2019-20,Playoffs
0041900175,1610612745,Houston,Rockets,HOU,rockets,200782,P.J.,Tucker,P. Tucker,pj-tucker,F,,17,21:13,2,2,0,2,7,7,3,20,0,0,4,1,2019-20,Playoffs
0041900175,1610612745,Houston,Rockets,HOU,rockets,203496,Robert,Covington,R. Covington,robert-covington,C,,33,31:17,5,3,0,4,4,6,5,24,0,1,3,1,2019-20,Playoffs
0041900175,1610612745,Houston,Rockets,HOU,rockets,201935,James,Harden,J. Harden,james-harden,G,,13,28:24,5,7,0,14,7,9,5,26,1,0,3,4,2019-20,Playoffs
0041900175,1610612745,Houston,Rockets,HOU,rockets,201566,Russell,Westbrook,R. Westbrook,russell-westbrook,G,,0,23:35,0,0,0,2,2,4,0,12,0,1,4,2,2019-20,Playoffs
0041900175,1610612745,Houston,Rockets,HOU,rockets,1627863,Danuel,House Jr.,D. House Jr.,danuel-house-jr,,,4,27:37,0,1,0,0,9,5,5,20,0,0,2,1,2019-20,Playoffs
0041900175,1610612745,Houston,Rockets,HOU,rockets,201145,Jeff,Green,J. Green,jeff-green,,,32,30:41,0,0,0,0,7,5,5,18,1,0,1,0,2019-20,Playoffs
0041900175,1610612745,Houston,Rockets,HOU,rockets,203463,Ben,McLemore,B. McLemore,ben-mclemore,,,16,10:15,0,0,0,0,0,1,0,6,0,2,1,0,2019-20,Playoffs
0041900175,1610612745,Houston,Rockets,HOU,rockets,203085,Austin,Rivers,A. Rivers,austin-rivers,,,25,23:30,0,0,0,2,2,3,2,14,1,0,2,0,2019-20,Playoffs
0041900175,1610612745,Houston,Rockets,HOU,rockets,2199,Tyson,Chandler,T. Chandler,tyson-chandler,,,19,0:00,0,0,0,0,0,0,0,0,0,0,0,0,2019-20,Playoffs
0041900175,1610612745,Houston,Rockets,HOU,rockets,1629598,Chris,Clemons,C. Clemons,chris-clemons,,,3,3:44,0,0,0,0,0,1,0,4,0,0,0,0,2019-20,Playoffs
0041900175,1610612745,Houston,Rockets,HOU,rockets,1626187,Michael,Frazier II,M. Frazier II,michael-frazier-ii,,,21,3:44,0,0,0,0,0,1,0,4,0,2,0,0,2019-20,Playoffs
0041900175,1610612745,Houston,Rockets,HOU,rockets,201960,DeMarre,Carroll,D. Carroll,demarre-carroll,,,9,3:44,0,0,0,2,0,1,0,4,0,0,0,1,2019-20,Playoffs
0041900176,1610612745,Houston,Rockets,HOU,rockets,201569,Eric,Gordon,E. Gordon,eric-gordon,F,,10,34:35,2,0,0,4,15,8,3,22,1,1,3,1,2019-20,Playoffs
0041900176,1610612745,Houston,Rockets,HOU,rockets,200782,P.J.,Tucker,P. Tucker,pj-tucker,F,,17,38:08,3,0,3,0,19,11,3,28,1,0,4,3,2019-20,Playoffs
0041900176,1610612745,Houston,Rockets,HOU,rockets,203496,Robert,Covington,R. Covington,robert-covington,C,,33,37:59,8,2,2,6,13,11,5,22,3,1,3,0,2019-20,Playoffs
0041900176,1610612745,Houston,Rockets,HOU,rockets,201935,James,Harden,J. Harden,james-harden,G,,13,38:38,4,3,2,16,16,11,3,28,0,0,2,8,2019-20,Playoffs
0041900176,1610612745,Houston,Rockets,HOU,rockets,201566,Russell,Westbrook,R. Westbrook,russell-westbrook,G,,0,27:18,2,0,9,14,15,5,5,14,0,0,2,3,2019-20,Playoffs
0041900176,1610612745,Houston,Rockets,HOU,rockets,1627863,Danuel,House Jr.,D. House Jr.,danuel-house-jr,,,4,30:20,2,0,4,6,15,6,2,22,0,0,2,1,2019-20,Playoffs
0041900176,1610612745,Houston,Rockets,HOU,rockets,201145,Jeff,Green,J. Green,jeff-green,,,32,17:41,0,0,0,0,10,0,2,12,0,0,2,0,2019-20,Playoffs
0041900176,1610612745,Houston,Rockets,HOU,rockets,203463,Ben,McLemore,B. McLemore,ben-mclemore,,,16,3:48,0,0,0,0,2,0,0,4,0,0,0,0,2019-20,Playoffs
0041900176,1610612745,Houston,Rockets,HOU,rockets,203085,Austin,Rivers,A. Rivers,austin-rivers,,,25,11:33,0,0,0,0,5,3,2,8,0,1,1,0,2019-20,Playoffs
0041900176,1610612745,Houston,Rockets,HOU,rockets,203998,Bruno,Caboclo,B. Caboclo,bruno-caboclo,,DNP - Coach's Decision,5,,0,0,0,0,0,0,0,0,0,0,0,0,2019-20,Playoffs
0041900176,1610612745,Houston,Rockets,HOU,rockets,201960,DeMarre,Carroll,D. Carroll,demarre-carroll,,DNP - Coach's Decision,9,,0,0,0,0,0,0,0,0,0,0,0,0,2019-20,Playoffs
0041900176,1610612745,Houston,Rockets,HOU,rockets,2199,Tyson,Chandler,T. Chandler,tyson-chandler,,DNP - Coach's Decision,19,,0,0,0,0,0,0,0,0,0,0,0,0,2019-20,Playoffs
0041900176,1610612745,Houston,Rockets,HOU,rockets,1626187,Michael,Frazier II,M. Frazier II,michael-frazier-ii,,DNP - Coach's Decision,21,,0,0,0,0,0,0,0,0,0,0,0,0,2019-20,Playoffs
0041900176,1610612760,Oklahoma City,Thunder,OKC,thunder,1628983,Shai,Gilgeous-Alexander,S. Gilgeous-Alexander,shai-gilgeous-alexander,F,,2,39:24,3,3,0,4,21,5,20,38,1,1,4,1,2019-20,Playoffs
0041900176,1610612760,Oklahoma City,Thunder,OKC,thunder,201568,Danilo,Gallinari,D. Gallinari,danilo-gallinari,F,,8,28:19,7,3,3,2,14,3,11,26,0,1,1,2,2019-20,Playoffs
0041900176,1610612760,Oklahoma City,Thunder,OKC,thunder,203500,Steven,Adams,S. Adams,steven-adams,C,,12,31:24,0,2,0,4,17,5,16,28,0,1,1,3,2019-20,Playoffs
0041900176,1610612760,Oklahoma City,Thunder,OKC,thunder,1629652,Luguentz,Dort,L. Dort,luguentz-dort,G,,5,20:04,8,0,0,6,11,0,5,18,1,0,4,2,2019-20,Playoffs
0041900176,1610612760,Oklahoma City,Thunder,OKC,thunder,101108,Chris,Paul,C. Paul,chris-paul,G,,3,39:48,2,3,0,6,7,5,14,32,0,0,1,4,2019-20,Playoffs
0041900176,1610612760,Oklahoma City,Thunder,OKC,thunder,203471,Dennis,Schröder,D. Schröder,dennis-schröder,,,17,37:06,2,0,2,8,17,5,15,38,0,2,2,4,2019-20,Playoffs
0041900176,1610612760,Oklahoma City,Thunder,OKC,thunder,203457,Nerlens,Noel,N. Noel,nerlens-noel,,,9,16:33,0,0,0,2,4,0,4,18,1,0,2,0,2019-20,Playoffs
0041900176,1610612760,Oklahoma City,Thunder,OKC,thunder,1629647,Darius,Bazley,D. Bazley,darius-bazley,,,7,22:02,0,0,0,0,9,2,11,22,0,0,0,3,2019-20,Playoffs
0041900176,1610612760,Oklahoma City,Thunder,OKC,thunder,1628390,Terrance,Ferguson,T. Ferguson,terrance-ferguson,,,23,5:20,0,0,0,0,5,0,4,10,0,0,1,0,2019-20,Playoffs
0041900176,1610612760,Oklahoma City,Thunder,OKC,thunder,1628977,Hamidou,Diallo,H. Diallo,hamidou-diallo,,DNP - Coach's Decision,6,,0,0,0,0,0,0,0,0,0,0,0,0,2019-20,Playoffs
0041900176,1610612760,Oklahoma City,Thunder,OKC,thunder,203488,Mike,Muscala,M. Muscala,mike-muscala,,DNP - Coach's Decision,33,,0,0,0,0,0,0,0,0,0,0,0,0,2019-20,Playoffs
0041900176,1610612760,Oklahoma City,Thunder,OKC,thunder,1627846,Abdel,Nader,A. Nader,abdel-nader,,DNP - Coach's Decision,11,,0,0,0,0,0,0,0,0,0,0,0,0,2019-20,Playoffs
0041900176,1610612760,Oklahoma City,Thunder,OKC,thunder,203460,Andre,Roberson,A. Roberson,andre-roberson,,DNP - Coach's Decision,21,,0,0,0,0,0,0,0,0,0,0,0,0,2019-20,Playoffs
0041900177,1610612760,Oklahoma City,Thunder,OKC,thunder,1628983,Shai,Gilgeous-Alexander,S. Gilgeous-Alexander,shai-gilgeous-alexander,F,,2,40:31,3,2,0,4,26,12,5,20,0,1,2,6,2019-20,Playoffs
0041900177,1610612760,Oklahoma City,Thunder,OKC,thunder,201568,Danilo,Gallinari,D. Gallinari,danilo-gallinari,F,,8,26:44,0,0,0,0,25,9,5,18,0,0,3,4,2019-20,Playoffs
0041900177,1610612760,Oklahoma City,Thunder,OKC,thunder,203500,Steven,Adams,S. Adams,steven-adams,C,,12,33:53,1,2,0,8,21,9,5,18,1,0,0,2,2019-20,Playoffs
0041900177,1610612760,Oklahoma City,Thunder,OKC,thunder,1629652,Luguentz,Dort,L. Dort,luguentz-dort,G,,5,34:45,4,4,0,8,21,11,3,16,1,5,5,5,2019-20,Playoffs
0041900177,1610612760,Oklahoma City,Thunder,OKC,thunder,101108,Chris,Paul,C. Paul,chris-paul,G,,3,39:52,2,0,3,4,26,12,5,24,0,0,2,4,2019-20,Playoffs
0041900177,1610612760,Oklahoma City,Thunder,OKC,thunder,203471,Dennis,Schröder,D. Schröder,dennis-schröder,,,17,35:09,2,0,4,4,12,10,2,18,0,1,2,2,2019-20,Playoffs
0041900177,1610612760,Oklahoma City,Thunder,OKC,thunder,203457,Nerlens,Noel,N. Noel,nerlens-noel,,,9,14:07,0,0,0,2,7,5,0,8,0,0,2,1,2019-20,Playoffs
0041900177,1610612760,Oklahoma City,Thunder,OKC,thunder,1629647,Darius,Bazley,D. Bazley,darius-bazley,,,7,14:59,0,0,0,0,2,2,0,8,2,0,0,0,2019-20,Playoffs
0041900177,1610612760,Oklahoma City,Thunder,OKC,thunder,1628977,Hamidou,Diallo,H. Diallo,hamidou-diallo,,DNP - Coach's Decision,6,,0,0,0,0,0,0,0,0,0,0,0,0,2019-20,Playoffs
0041900177,1610612760,Oklahoma City,Thunder,OKC,thunder,1628390,Terrance,Ferguson,T. Ferguson,terrance-ferguson,,DNP - Coach's Decision,23,,0,0,0,0,0,0,0,0,0,0,0,0,2019-20,Playoffs
0041900177,1610612760,Oklahoma City,Thunder,OKC,thunder,203488,Mike,Muscala,M. Muscala,mike-muscala,,DNP - Coach's Decision,33,,0,0,0,0,0,0,0,0,0,0,0,0,2019-20,Playoffs
0041900177,1610612760,Oklahoma City,Thunder,OKC,thunder,1627846,Abdel,Nader,A. Nader,abdel-nader,,DNP - Coach's Decision,11,,0,0,0,0,0,0,0,0,0,0,0,0,2019-20,Playoffs
0041900177,1610612760,Oklahoma City,Thunder,OKC,thunder,203460,Andre,Roberson,A. Roberson,andre-roberson,,DNP - Coach's Decision,21,,0,0,0,0,0,0,0,0,0,0,0,0,2019-20,Playoffs
0041900177,1610612745,Houston,Rockets,HOU,rockets,201569,Eric,Gordon,E. Gordon,eric-gordon,F,,10,36:50,2,3,5,2,11,6,7,20,1,1,2,3,2019-20,Playoffs
0041900177,1610612745,Houston,Rockets,HOU,rockets,200782,P.J.,Tucker,P. Tucker,pj-tucker,F,,17,39:09,0,0,0,0,9,8,2,22,0,0,2,1,2019-20,Playoffs
0041900177,1610612745,Houston,Rockets,HOU,rockets,203496,Robert,Covington,R. Covington,robert-covington,C,,33,39:01,13,0,0,2,11,6,5,22,3,0,5,1,2019-20,Playoffs
0041900177,1610612745,Houston,Rockets,HOU,rockets,201935,James,Harden,J. Harden,james-harden,G,,13,37:04,6,4,0,4,9,6,0,22,3,0,5,5,2019-20,Playoffs
0041900177,1610612745,Houston,Rockets,HOU,rockets,201566,Russell,Westbrook,R. Westbrook,russell-westbrook,G,,0,33:46,2,0,0,12,8,7,7,22,0,1,3,4,2019-20,Playoffs
0041900177,1610612745,Houston,Rockets,HOU,rockets,1627863,Danuel,House Jr.,D. House Jr.,danuel-house-jr,,,4,26:04,0,2,0,2,7,3,7,20,0,1,4,2,2019-20,Playoffs
0041900177,1610612745,Houston,Rockets,HOU,rockets,201145,Jeff,Green,J. Green,jeff-green,,,32,20:58,5,5,0,4,4,2,7,18,0,1,2,0,2019-20,Playoffs
0041900177,1610612745,Houston,Rockets,HOU,rockets,203085,Austin,Rivers,A. Rivers,austin-rivers,,,25,7:08,0,0,0,0,1,2,0,4,0,0,1,0,2019-20,Playoffs
0041900177,1610612745,Houston,Rockets,HOU,rockets,201960,DeMarre,Carroll,D. Carroll,demarre-carroll,,DNP - Coach's Decision,9,,0,0,0,0,0,0,0,0,0,0,0,0,2019-20,Playoffs
0041900177,1610612745,Houston,Rockets,HOU,rockets,2199,Tyson,Chandler,T. Chandler,tyson-chandler,,DNP - Coach's Decision,19,,0,0,0,0,0,0,0,0,0,0,0,0,2019-20,Playoffs
0041900177,1610612745,Houston,Rockets,HOU,rockets,1626187,Michael,Frazier II,M. Frazier II,michael-frazier-ii,,DNP - Coach's Decision,21,,0,0,0,0,0,0,0,0,0,0,0,0,2019-20,Playoffs
0041900177,1610612745,Houston,Rockets,HOU,rockets,201601,Luc,Mbah a Moute,L. Mbah a Moute,luc-mbah-a-moute,,DNP - Coach's Decision,12,,0,0,0,0,0,0,0,0,0,0,0,0,2019-20,Playoffs
0041900177,1610612745,Houston,Rockets,HOU,rockets,203463,Ben,McLemore,B. McLemore,ben-mclemore,,DNP - Coach's Decision,16,,0,0,0,0,0,0,0,0,0,0,0,0,2019-20,Playoffs
0041900201,1610612748,Miami,Heat,MIA,heat,202710,Jimmy,Butler III,J. Butler III,jimmy-butler-iii,F,,22,36:29,7,4,3,16,9,4,15,22,1,4,1,9,2019-20,Playoffs
0041900201,1610612748,Miami,Heat,MIA,heat,203109,Jae,Crowder,J. Crowder,jae-crowder,F,,99,34:55,3,0,0,0,10,4,10,20,0,1,2,3,2019-20,Playoffs
0041900201,1610612748,Miami,Heat,MIA,heat,1628389,Bam,Adebayo,B. Adebayo,bam-adebayo,C,,13,37:48,4,2,2,6,6,1,11,14,0,0,3,3,2019-20,Playoffs
0041900201,1610612748,Miami,Heat,MIA,heat,1629130,Duncan,Robinson,D. Robinson,duncan-robinson,G,,55,26:17,0,0,0,0,7,3,8,12,0,0,4,1,2019-20,Playoffs
0041900201,1610612748,Miami,Heat,MIA,heat,201609,Goran,Dragic,G. Dragic,goran-dragic,G,,7,33:37,7,3,2,12,6,4,8,12,0,0,3,4,2019-20,Playoffs
0041900201,1610612748,Miami,Heat,MIA,heat,203482,Kelly,Olynyk,K. Olynyk,kelly-olynyk,,,9,7:42,0,0,0,0,2,3,4,10,0,0,3,1,2019-20,Playoffs
0041900201,1610612748,Miami,Heat,MIA,heat,1629639,Tyler,Herro,T. Herro,tyler-herro,,,14,28:38,3,6,0,0,5,1,7,16,0,2,2,2,2019-20,Playoffs
0041900201,1610612748,Miami,Heat,MIA,heat,2738,Andre,Iguodala,A. Iguodala,andre-iguodala,,,28,18:31,2,0,2,2,3,0,5,4,1,0,4,1,2019-20,Playoffs
0041900201,1610612748,Miami,Heat,MIA,heat,1629134,Kendrick,Nunn,K. Nunn,kendrick-nunn,,,25,16:03,2,0,0,6,2,0,7,10,0,0,1,0,2019-20,Playoffs
0041900201,1610612748,Miami,Heat,MIA,heat,2617,Udonis,Haslem,U. Haslem,udonis-haslem,,DNP - Coach's Decision,40,,0,0,0,0,0,0,0,0,0,0,0,0,2019-20,Playoffs
0041900201,1610612748,Miami,Heat,MIA,heat,203524,Solomon,Hill,S. Hill,solomon-hill,,DNP - Coach's Decision,44,,0,0,0,0,0,0,0,0,0,0,0,0,2019-20,Playoffs
0041900201,1610612748,Miami,Heat,MIA,heat,1627884,Derrick,Jones Jr.,D. Jones Jr.,derrick-jones-jr,,DNP - Coach's Decision,5,,0,0,0,0,0,0,0,0,0,0,0,0,2019-20,Playoffs
0041900201,1610612748,Miami,Heat,MIA,heat,203086,Meyers,Leonard,M. Leonard,meyers-leonard,,DNP - Coach's Decision,0,,0,0,0,0,0,0,0,0,0,0,0,0,2019-20,Playoffs
0041900201,1610612749,Milwaukee,Bucks,MIL,bucks,203114,Khris,Middleton,K. Middleton,khris-middleton,F,,22,37:02,2,0,7,8,20,12,7,34,0,1,6,4,2019-20,Playoffs
0041900201,1610612749,Milwaukee,Bucks,MIL,bucks,203507,Giannis,Antetokounmpo,G. Antetokounmpo,giannis-antetokounmpo,F,,34,36:36,3,0,5,6,23,13,7,28,1,1,3,8,2019-20,Playoffs
0041900201,1610612749,Milwaukee,Bucks,MIL,bucks,201572,Brook,Lopez,B. Lopez,brook-lopez,C,,11,27:25,2,3,0,4,8,10,2,22,2,0,4,2,2019-20,Playoffs
0041900201,1610612749,Milwaukee,Bucks,MIL,bucks,202083,Wesley,Matthews,W. Matthews,wesley-matthews,G,,9,23:46,1,0,0,0,17,7,5,20,2,0,2,1,2019-20,Playoffs
0041900201,1610612749,Milwaukee,Bucks,MIL,bucks,201588,George,Hill,G. Hill,george-hill,G,,3,36:19,2,1,0,2,23,7,7,32,0,0,2,4,2019-20,Playoffs
0041900201,1610612749,Milwaukee,Bucks,MIL,bucks,1626192,Pat,Connaughton,P. Connaughton,pat-connaughton,,,24,25:27,0,0,0,2,11,11,4,22,0,0,2,1,2019-20,Playoffs
0041900201,1610612749,Milwaukee,Bucks,MIL,bucks,101107,Marvin,Williams,M. Williams,marvin-williams,,,20,21:20,0,0,0,2,16,7,7,22,1,0,3,2,2019-20,Playoffs
0041900201,1610612749,Milwaukee,Bucks,MIL,bucks,1628412,Frank,Mason III,F. Mason III,frank-mason-iii,,,15,1:40,0,0,0,0,0,0,0,2,0,0,0,0,2019-20,Playoffs
0041900201,1610612749,Milwaukee,Bucks,MIL,bucks,1628978,Donte,DiVincenzo,D. DiVincenzo,donte-divincenzo,,,0,13:56,0,0,0,0,8,5,2,16,0,0,1,1,2019-20,Playoffs
0041900201,1610612749,Milwaukee,Bucks,MIL,bucks,2594,Kyle,Korver,K. Korver,kyle-korver,,,26,16:29,0,0,3,0,14,3,4,12,1,0,1,0,2019-20,Playoffs
0041900201,1610612749,Milwaukee,Bucks,MIL,bucks,1628425,Sterling,Brown,S. Brown,sterling-brown,,DNP - Coach's Decision,23,,0,0,0,0,0,0,0,0,0,0,0,0,2019-20,Playoffs
0041900201,1610612749,Milwaukee,Bucks,MIL,bucks,101141,Ersan,Ilyasova,E. Ilyasova,ersan-ilyasova,,DNP - Coach's Decision,7,,0,0,0,0,0,0,0,0,0,0,0,0,2019-20,Playoffs
0041900201,1610612749,Milwaukee,Bucks,MIL,bucks,201577,Robin,Lopez,R. Lopez,robin-lopez,,DNP - Coach's Decision,42,,0,0,0,0,0,0,0,0,0,0,0,0,2019-20,Playoffs
0041900202,1610612748,Miami,Heat,MIA,heat,202710,Jimmy,Butler III,J. Butler III,jimmy-butler-iii,F,,22,36:13,6,0,4,6,9,14,9,40,0,1,2,4,2019-20,Playoffs
0041900202,1610612748,Miami,Heat,MIA,heat,203109,Jae,Crowder,J. Crowder,jae-crowder,F,,99,35:39,5,0,8,2,9,15,5,36,0,0,3,4,2019-20,Playoffs
0041900202,1610612748,Miami,Heat,MIA,heat,1628389,Bam,Adebayo,B. Adebayo,bam-adebayo,C,,13,32:50,2,5,0,6,6,16,7,32,0,1,6,6,2019-20,Playoffs
0041900202,1610612748,Miami,Heat,MIA,heat,1629130,Duncan,Robinson,D. Robinson,duncan-robinson,G,,55,26:37,2,5,2,2,2,8,9,30,0,0,2,2,2019-20,Playoffs
0041900202,1610612748,Miami,Heat,MIA,heat,201609,Goran,Dragic,G. Dragic,goran-dragic,G,,7,33:33,2,0,0,8,9,14,3,34,0,0,4,3,2019-20,Playoffs
0041900202,1610612748,Miami,Heat,MIA,heat,203482,Kelly,Olynyk,K. Olynyk,kelly-olynyk,,,9,15:53,0,2,0,2,6,11,4,16,1,0,1,2,2019-20,Playoffs
0041900202,1610612748,Miami,Heat,MIA,heat,1629639,Tyler,Herro,T. Herro,tyler-herro,,,14,31:49,5,0,3,2,10,18,6,36,0,0,2,3,2019-20,Playoffs
0041900202,1610612748,Miami,Heat,MIA,heat,1629134,Kendrick,Nunn,K. Nunn,kendrick-nunn,,,25,9:16,0,0,0,0,7,5,0,12,0,0,1,0,2019-20,Playoffs
0041900202,1610612748,Miami,Heat,MIA,heat,2738,Andre,Iguodala,A. Iguodala,andre-iguodala,,,28,11:09,0,2,0,2,5,2,2,16,0,0,2,1,2019-20,Playoffs
0041900202,1610612748,Miami,Heat,MIA,heat,1627884,Derrick,Jones Jr.,D. Jones Jr.,derrick-jones-jr,,,5,7:03,0,0,0,2,2,7,0,8,3,0,3,0,2019-20,Playoffs
0041900202,1610612748,Miami,Heat,MIA,heat,2617,Udonis,Haslem,U. Haslem,udonis-haslem,,DNP - Coach's Decision,40,,0,0,0,0,0,0,0,0,0,0,0,0,2019-20,Playoffs
0041900202,1610612748,Miami,Heat,MIA,heat,203524,Solomon,Hill,S. Hill,solomon-hill,,DNP - Coach's Decision,44,,0,0,0,0,0,0,0,0,0,0,0,0,2019-20,Playoffs
0041900202,1610612748,Miami,Heat,MIA,heat,203086,Meyers,Leonard,M. Leonard,meyers-leonard,,DNP - Coach's Decision,0,,0,0,0,0,0,0,0,0,0,0,0,0,2019-20,Playoffs
0041900202,1610612749,Milwaukee,Bucks,MIL,bucks,203114,Khris,Middleton,K. Middleton,khris-middleton,F,,22,33:10,4,2,0,6,14,8,10,18,0,1,5,7,2019-20,Playoffs
0041900202,1610612749,Milwaukee,Bucks,MIL,bucks,203507,Giannis,Antetokounmpo,G. Antetokounmpo,giannis-antetokounmpo,F,,34,35:39,0,7,4,20,18,12,13,18,1,1,4,10,2019-20,Playoffs
0041900202,1610612749,Milwaukee,Bucks,MIL,bucks,201572,Brook,Lopez,B. Lopez,brook-lopez,C,,11,32:21,2,0,2,4,15,6,9,22,1,0,4,2,2019-20,Playoffs
0041900202,1610612749,Milwaukee,Bucks,MIL,bucks,202083,Wesley,Matthews,W. Matthews,wesley-matthews,G,,9,30:15,0,2,0,2,18,5,10,16,0,0,3,0,2019-20,Playoffs
0041900202,1610612749,Milwaukee,Bucks,MIL,bucks,202339,Eric,Bledsoe,E. Bledsoe,eric-bledsoe,G,,6,30:58,5,0,3,10,15,8,7,18,0,1,3,2,2019-20,Playoffs
0041900202,1610612749,Milwaukee,Bucks,MIL,bucks,1626192,Pat,Connaughton,P. Connaughton,pat-connaughton,,,24,12:11,0,2,0,2,4,8,7,10,0,1,0,0,2019-20,Playoffs
0041900202,1610612749,Milwaukee,Bucks,MIL,bucks,101107,Marvin,Williams,M. Williams,marvin-williams,,,20,21:33,0,2,0,2,11,6,12,20,0,0,2,3,2019-20,Playoffs
0041900202,1610612749,Milwaukee,Bucks,MIL,bucks,201588,George,Hill,G. Hill,george-hill,,,3,25:50,2,4,0,6,11,7,10,16,0,0,1,1,2019-20,Playoffs
0041900202,1610612749,Milwaukee,Bucks,MIL,bucks,1628978,Donte,DiVincenzo,D. DiVincenzo,donte-divincenzo,,,0,7:46,0,0,0,0,2,6,5,12,0,0,2,0,2019-20,Playoffs
0041900202,1610612749,Milwaukee,Bucks,MIL,bucks,2594,Kyle,Korver,K. Korver,kyle-korver,,,26,10:19,0,3,0,0,2,4,2,10,0,0,1,1,2019-20,Playoffs
0041900202,1610612749,Milwaukee,Bucks,MIL,bucks,1628425,Sterling,Brown,S. Brown,sterling-brown,,DNP - Coach's Decision,23,,0,0,0,0,0,0,0,0,0,0,0,0,2019-20,Playoffs
0041900202,1610612749,Milwaukee,Bucks,MIL,bucks,101141,Ersan,Ilyasova,E. Ilyasova,ersan-ilyasova,,DNP - Coach's Decision,7,,0,0,0,0,0,0,0,0,0,0,0,0,2019-20,Playoffs
0041900202,1610612749,Milwaukee,Bucks,MIL,bucks,1628412,Frank,Mason III,F. Mason III,frank-mason-iii,,DNP - Coach's Decision,15,,0,0,0,0,0,0,0,0,0,0,0,0,2019-20,Playoffs
0041900203,1610612749,Milwaukee,Bucks,MIL,bucks,203114,Khris,Middleton,K. Middleton,khris-middleton,F,,22,36:03,0,2,5,4,10,10,6,24,1,1,6,1,2019-20,Playoffs
0041900203,1610612749,Milwaukee,Bucks,MIL,bucks,203507,Giannis,Antetokounmpo,G. Antetokounmpo,giannis-antetokounmpo,F,,34,34:54,2,4,2,14,6,9,4,26,2,2,3,10,2019-20,Playoffs
0041900203,1610612749,Milwaukee,Bucks,MIL,bucks,201572,Brook,Lopez,B. Lopez,brook-lopez,C,,11,38:08,8,0,0,6,12,10,6,22,2,0,2,2,2019-20,Playoffs
0041900203,1610612749,Milwaukee,Bucks,MIL,bucks,202083,Wesley,Matthews,W. Matthews,wesley-matthews,G,,9,21:24,0,0,0,0,7,5,6,16,0,0,1,1,2019-20,Playoffs
0041900203,1610612749,Milwaukee,Bucks,MIL,bucks,202339,Eric,Bledsoe,E. Bledsoe,eric-bledsoe,G,,6,29:38,6,3,0,2,6,8,2,16,0,2,4,5,2019-20,Playoffs
0041900203,1610612749,Milwaukee,Bucks,MIL,bucks,201588,George,Hill,G. Hill,george-hill,,,3,30:30,0,3,0,8,10,5,4,20,0,0,3,0,2019-20,Playoffs
0041900203,1610612749,Milwaukee,Bucks,MIL,bucks,1628978,Donte,DiVincenzo,D. DiVincenzo,donte-divincenzo,,,0,21:13,3,0,0,4,7,2,0,8,0,1,3,0,2019-20,Playoffs
0041900203,1610612749,Milwaukee,Bucks,MIL,bucks,101107,Marvin,Williams,M. Williams,marvin-williams,,,20,22:24,0,0,0,2,10,1,2,8,0,0,0,0,2019-20,Playoffs
0041900203,1610612749,Milwaukee,Bucks,MIL,bucks,2594,Kyle,Korver,K. Korver,kyle-korver,,,26,5:15,0,0,0,0,2,0,0,0,0,0,0,0,2019-20,Playoffs
0041900203,1610612749,Milwaukee,Bucks,MIL,bucks,1626192,Pat,Connaughton,P. Connaughton,pat-connaughton,,,24,0:31,0,0,0,0,0,0,0,0,0,0,0,0,2019-20,Playoffs
0041900203,1610612749,Milwaukee,Bucks,MIL,bucks,1628425,Sterling,Brown,S. Brown,sterling-brown,,DNP - Coach's Decision,23,,0,0,0,0,0,0,0,0,0,0,0,0,2019-20,Playoffs
0041900203,1610612749,Milwaukee,Bucks,MIL,bucks,101141,Ersan,Ilyasova,E. Ilyasova,ersan-ilyasova,,DNP - Coach's Decision,7,,0,0,0,0,0,0,0,0,0,0,0,0,2019-20,Playoffs
0041900203,1610612749,Milwaukee,Bucks,MIL,bucks,1628412,Frank,Mason III,F. Mason III,frank-mason-iii,,DNP - Coach's Decision,15,,0,0,0,0,0,0,0,0,0,0,0,0,2019-20,Playoffs
0041900203,1610612748,Miami,Heat,MIA,heat,202710,Jimmy,Butler III,J. Butler III,jimmy-butler-iii,F,,22,34:38,2,3,2,10,12,7,5,30,0,0,3,9,2019-20,Playoffs
0041900203,1610612748,Miami,Heat,MIA,heat,203109,Jae,Crowder,J. Crowder,jae-crowder,F,,99,34:05,5,3,0,0,11,9,3,26,0,0,2,2,2019-20,Playoffs
0041900203,1610612748,Miami,Heat,MIA,heat,1628389,Bam,Adebayo,B. Adebayo,bam-adebayo,C,,13,35:47,0,4,2,14,8,6,7,36,2,0,4,6,2019-20,Playoffs
0041900203,1610612748,Miami,Heat,MIA,heat,1629130,Duncan,Robinson,D. Robinson,duncan-robinson,G,,55,30:05,3,0,0,0,15,7,7,32,1,0,1,1,2019-20,Playoffs
0041900203,1610612748,Miami,Heat,MIA,heat,201609,Goran,Dragic,G. Dragic,goran-dragic,G,,7,35:30,2,0,2,4,11,9,5,26,1,2,3,1,2019-20,Playoffs
0041900203,1610612748,Miami,Heat,MIA,heat,203086,Meyers,Leonard,M. Leonard,meyers-leonard,,,0,8:51,0,0,0,0,9,6,0,4,0,1,1,0,2019-20,Playoffs
0041900203,1610612748,Miami,Heat,MIA,heat,1629639,Tyler,Herro,T. Herro,tyler-herro,,,14,31:14,2,0,0,0,16,8,4,26,0,2,0,3,2019-20,Playoffs
0041900203,1610612748,Miami,Heat,MIA,heat,2738,Andre,Iguodala,A. Iguodala,andre-iguodala,,,28,11:25,0,0,0,0,5,0,4,14,0,0,4,0,2019-20,Playoffs
0041900203,1610612748,Miami,Heat,MIA,heat,1629134,Kendrick,Nunn,K. Nunn,kendrick-nunn,,,25,11:45,0,0,0,0,3,5,0,6,1,0,0,0,2019-20,Playoffs
0041900203,1610612748,Miami,Heat,MIA,heat,1627884,Derrick,Jones Jr.,D. Jones Jr.,derrick-jones-jr,,,5,6:24,0,0,0,0,5,3,0,0,1,0,1,0,2019-20,Playoffs
0041900203,1610612748,Miami,Heat,MIA,heat,1629216,Gabe,Vincent,G. Vincent,gabe-vincent,,,2,0:16,0,0,0,0,0,0,0,0,0,0,0,0,2019-20,Playoffs
0041900203,1610612748,Miami,Heat,MIA,heat,2617,Udonis,Haslem,U. Haslem,udonis-haslem,,DNP - Coach's Decision,40,,0,0,0,0,0,0,0,0,0,0,0,0,2019-20,Playoffs
0041900203,1610612748,Miami,Heat,MIA,heat,203524,Solomon,Hill,S. Hill,solomon-hill,,DNP - Coach's Decision,44,,0,0,0,0,0,0,0,0,0,0,0,0,2019-20,Playoffs
0041900204,1610612749,Milwaukee,Bucks,MIL,bucks,203114,Khris,Middleton,K. Middleton,khris-middleton,F,,22,47:59,4,0,2,8,11,18,9,36,0,1,4,7,2019-20,Playoffs
0041900204,1610612749,Milwaukee,Bucks,MIL,bucks,203507,Giannis,Antetokounmpo,G. Antetokounmpo,giannis-antetokounmpo,F,,34,11:29,1,2,5,14,2,5,0,8,1,0,1,3,2019-20,Playoffs
0041900204,1610612749,Milwaukee,Bucks,MIL,bucks,201572,Brook,Lopez,B. Lopez,brook-lopez,C,,11,41:40,4,2,0,6,9,20,9,30,1,0,1,3,2019-20,Playoffs
0041900204,1610612749,Milwaukee,Bucks,MIL,bucks,202083,Wesley,Matthews,W. Matthews,wesley-matthews,G,,9,24:54,0,0,0,0,4,16,2,20,0,0,2,0,2019-20,Playoffs
0041900204,1610612749,Milwaukee,Bucks,MIL,bucks,202339,Eric,Bledsoe,E. Bledsoe,eric-bledsoe,G,,6,39:42,0,2,2,10,5,18,5,24,1,0,4,2,2019-20,Playoffs
0041900204,1610612749,Milwaukee,Bucks,MIL,bucks,201588,George,Hill,G. Hill,george-hill,,,3,36:42,0,0,0,6,11,12,6,28,0,0,1,0,2019-20,Playoffs
0041900204,1610612749,Milwaukee,Bucks,MIL,bucks,101107,Marvin,Williams,M. Williams,marvin-williams,,,20,17:23,3,0,0,0,7,2,5,16,0,0,1,0,2019-20,Playoffs
0041900204,1610612749,Milwaukee,Bucks,MIL,bucks,1628978,Donte,DiVincenzo,D. DiVincenzo,donte-divincenzo,,,0,26:43,2,2,2,8,4,7,4,18,1,0,3,2,2019-20,Playoffs
0041900204,1610612749,Milwaukee,Bucks,MIL,bucks,2594,Kyle,Korver,K. Korver,kyle-korver,,,26,5:16,3,0,3,0,0,0,3,2,0,0,0,0,2019-20,Playoffs
0041900204,1610612749,Milwaukee,Bucks,MIL,bucks,1626192,Pat,Connaughton,P. Connaughton,pat-connaughton,,,24,13:11,0,2,0,2,2,2,2,8,0,0,3,1,2019-20,Playoffs
0041900204,1610612749,Milwaukee,Bucks,MIL,bucks,1628425,Sterling,Brown,S. Brown,sterling-brown,,DNP - Coach's Decision,23,,0,0,0,0,0,0,0,0,0,0,0,0,2019-20,Playoffs
0041900204,1610612749,Milwaukee,Bucks,MIL,bucks,101141,Ersan,Ilyasova,E. Ilyasova,ersan-ilyasova,,DNP - Coach's Decision,7,,0,0,0,0,0,0,0,0,0,0,0,0,2019-20,Playoffs
0041900204,1610612749,Milwaukee,Bucks,MIL,bucks,1628391,D.J.,Wilson,D. Wilson,dj-wilson,,DNP - Coach's Decision,5,,0,0,0,0,0,0,0,0,0,0,0,0,2019-20,Playoffs
0041900204,1610612748,Miami,Heat,MIA,heat,202710,Jimmy,Butler III,J. Butler III,jimmy-butler-iii,F,,22,38:48,2,0,4,10,6,10,4,34,0,2,2,6,2019-20,Playoffs
0041900204,1610612748,Miami,Heat,MIA,heat,203109,Jae,Crowder,J. Crowder,jae-crowder,F,,99,30:52,0,6,0,0,4,8,0,24,1,0,4,2,2019-20,Playoffs
0041900204,1610612748,Miami,Heat,MIA,heat,1628389,Bam,Adebayo,B. Adebayo,bam-adebayo,C,,13,43:49,2,2,0,14,15,8,14,46,0,1,1,5,2019-20,Playoffs
0041900204,1610612748,Miami,Heat,MIA,heat,1629130,Duncan,Robinson,D. Robinson,duncan-robinson,G,,55,39:15,3,2,0,2,9,6,9,40,0,0,3,0,2019-20,Playoffs
0041900204,1610612748,Miami,Heat,MIA,heat,201609,Goran,Dragic,G. Dragic,goran-dragic,G,,7,39:57,4,4,2,8,15,6,12,44,0,0,4,5,2019-20,Playoffs
0041900204,1610612748,Miami,Heat,MIA,heat,2738,Andre,Iguodala,A. Iguodala,andre-iguodala,,,28,21:51,0,0,0,0,13,2,14,30,0,0,3,0,2019-20,Playoffs
0041900204,1610612748,Miami,Heat,MIA,heat,1629639,Tyler,Herro,T. Herro,tyler-herro,,,14,32:43,0,6,0,2,15,8,14,36,0,1,0,0,2019-20,Playoffs
0041900204,1610612748,Miami,Heat,MIA,heat,203482,Kelly,Olynyk,K. Olynyk,kelly-olynyk,,,9,9:31,0,0,0,2,2,2,0,8,0,0,1,2,2019-20,Playoffs
0041900204,1610612748,Miami,Heat,MIA,heat,1629134,Kendrick,Nunn,K. Nunn,kendrick-nunn,,,25,7:53,0,0,3,0,6,0,3,8,0,0,0,0,2019-20,Playoffs
0041900204,1610612748,Miami,Heat,MIA,heat,1627884,Derrick,Jones Jr.,D. Jones Jr.,derrick-jones-jr,,,5,0:22,0,0,0,0,0,0,0,0,0,0,0,0,2019-20,Playoffs
0041900204,1610612748,Miami,Heat,MIA,heat,2617,Udonis,Haslem,U. Haslem,udonis-haslem,,DNP - Coach's Decision,40,,0,0,0,0,0,0,0,0,0,0,0,0,2019-20,Playoffs
0041900204,1610612748,Miami,Heat,MIA,heat,203524,Solomon,Hill,S. Hill,solomon-hill,,DNP - Coach's Decision,44,,0,0,0,0,0,0,0,0,0,0,0,0,2019-20,Playoffs
0041900204,1610612748,Miami,Heat,MIA,heat,203086,Meyers,Leonard,M. Leonard,meyers-leonard,,DNP - Coach's Decision,0,,0,0,0,0,0,0,0,0,0,0,0,0,2019-20,Playoffs
0041900205,1610612748,Miami,Heat,MIA,heat,202710,Jimmy,Butler III,J. Butler III,jimmy-butler-iii,F,,22,37:07,4,0,4,6,19,6,8,24,0,1,1,6,2019-20,Playoffs
0041900205,1610612748,Miami,Heat,MIA,heat,203109,Jae,Crowder,J. Crowder,jae-crowder,F,,99,32:02,0,3,0,0,19,6,8,22,1,1,1,3,2019-20,Playoffs
0041900205,1610612748,Miami,Heat,MIA,heat,1628389,Bam,Adebayo,B. Adebayo,bam-adebayo,C,,13,30:33,2,0,0,4,14,6,6,26,0,1,2,5,2019-20,Playoffs
0041900205,1610612748,Miami,Heat,MIA,heat,1629130,Duncan,Robinson,D. Robinson,duncan-robinson,G,,55,13:54,0,0,0,0,13,2,6,10,0,0,4,0,2019-20,Playoffs
0041900205,1610612748,Miami,Heat,MIA,heat,201609,Goran,Dragic,G. Dragic,goran-dragic,G,,7,33:13,0,0,2,8,14,4,8,26,0,2,3,2,2019-20,Playoffs
0041900205,1610612748,Miami,Heat,MIA,heat,1629639,Tyler,Herro,T. Herro,tyler-herro,,,14,36:43,0,0,6,2,15,2,4,24,1,0,1,2,2019-20,Playoffs
0041900205,1610612748,Miami,Heat,MIA,heat,2738,Andre,Iguodala,A. Iguodala,andre-iguodala,,,28,17:33,0,0,2,2,7,2,2,12,2,0,3,0,2019-20,Playoffs
0041900205,1610612748,Miami,Heat,MIA,heat,1629134,Kendrick,Nunn,K. Nunn,kendrick-nunn,,,25,21:48,0,2,0,4,8,2,4,16,1,0,3,1,2019-20,Playoffs
0041900205,1610612748,Miami,Heat,MIA,heat,203482,Kelly,Olynyk,K. Olynyk,kelly-olynyk,,,9,17:08,0,0,4,6,6,0,4,10,2,0,3,4,2019-20,Playoffs
0041900205,1610612748,Miami,Heat,MIA,heat,2617,Udonis,Haslem,U. Haslem,udonis-haslem,,DNP - Coach's Decision,40,,0,0,0,0,0,0,0,0,0,0,0,0,2019-20,Playoffs
0041900205,1610612748,Miami,Heat,MIA,heat,203524,Solomon,Hill,S. Hill,solomon-hill,,DNP - Coach's Decision,44,,0,0,0,0,0,0,0,0,0,0,0,0,2019-20,Playoffs
0041900205,1610612748,Miami,Heat,MIA,heat,1627884,Derrick,Jones Jr.,D. Jones Jr.,derrick-jones-jr,,DNP - Coach's Decision,5,,0,0,0,0,0,0,0,0,0,0,0,0,2019-20,Playoffs
0041900205,1610612748,Miami,Heat,MIA,heat,203086,Meyers,Leonard,M. Leonard,meyers-leonard,,DNP - Coach's Decision,0,,0,0,0,0,0,0,0,0,0,0,0,0,2019-20,Playoffs
0041900205,1610612749,Milwaukee,Bucks,MIL,bucks,202083,Wesley,Matthews,W. Matthews,wesley-matthews,F,,9,28:42,6,0,0,6,4,0,6,20,2,0,1,4,2019-20,Playoffs
0041900205,1610612749,Milwaukee,Bucks,MIL,bucks,203114,Khris,Middleton,K. Middleton,khris-middleton,F,,22,41:50,7,0,4,2,6,5,15,30,0,3,6,5,2019-20,Playoffs
0041900205,1610612749,Milwaukee,Bucks,MIL,bucks,201572,Brook,Lopez,B. Lopez,brook-lopez,C,,11,36:46,4,2,2,14,0,2,14,24,1,0,4,3,2019-20,Playoffs
0041900205,1610612749,Milwaukee,Bucks,MIL,bucks,1628978,Donte,DiVincenzo,D. DiVincenzo,donte-divincenzo,G,,0,27:55,2,2,2,4,2,2,11,18,0,1,6,2,2019-20,Playoffs
0041900205,1610612749,Milwaukee,Bucks,MIL,bucks,202339,Eric,Bledsoe,E. Bledsoe,eric-bledsoe,G,,6,35:59,2,0,2,2,2,5,10,24,2,2,2,5,2019-20,Playoffs
0041900205,1610612749,Milwaukee,Bucks,MIL,bucks,201588,George,Hill,G. Hill,george-hill,,,3,28:02,0,0,0,2,6,3,13,20,0,1,1,2,2019-20,Playoffs
0041900205,1610612749,Milwaukee,Bucks,MIL,bucks,1626192,Pat,Connaughton,P. Connaughton,pat-connaughton,,,24,13:59,0,0,0,0,2,5,7,10,0,0,0,0,2019-20,Playoffs
0041900205,1610612749,Milwaukee,Bucks,MIL,bucks,101107,Marvin,Williams,M. Williams,marvin-williams,,,20,20:31,2,2,0,4,6,3,9,12,0,0,2,0,2019-20,Playoffs
0041900205,1610612749,Milwaukee,Bucks,MIL,bucks,2594,Kyle,Korver,K. Korver,kyle-korver,,,26,6:16,0,0,0,0,2,0,5,2,0,0,1,0,2019-20,Playoffs
0041900205,1610612749,Milwaukee,Bucks,MIL,bucks,1628425,Sterling,Brown,S. Brown,sterling-brown,,DNP - Coach's Decision,23,,0,0,0,0,0,0,0,0,0,0,0,0,2019-20,Playoffs
0041900205,1610612749,Milwaukee,Bucks,MIL,bucks,101141,Ersan,Ilyasova,E. Ilyasova,ersan-ilyasova,,DNP - Coach's Decision,7,,0,0,0,0,0,0,0,0,0,0,0,0,2019-20,Playoffs
0041900205,1610612749,Milwaukee,Bucks,MIL,bucks,201577,Robin,Lopez,R. Lopez,robin-lopez,,DNP - Coach's Decision,42,,0,0,0,0,0,0,0,0,0,0,0,0,2019-20,Playoffs
0041900205,1610612749,Milwaukee,Bucks,MIL,bucks,1628391,D.J.,Wilson,D. Wilson,dj-wilson,,DNP - Coach's Decision,5,,0,0,0,0,0,0,0,0,0,0,0,0,2019-20,Playoffs
0041900211,1610612738,Boston,Celtics,BOS,celtics,1627759,Jaylen,Brown,J. Brown,jaylen-brown,F,,7,31:17,0,0,2,6,9,6,7,26,0,0,5,4,2019-20,Playoffs
0041900211,1610612738,Boston,Celtics,BOS,celtics,1628369,Jayson,Tatum,J. Tatum,jayson-tatum,F,,0,37:05,2,2,2,8,10,7,5,30,0,0,0,4,2019-20,Playoffs
0041900211,1610612738,Boston,Celtics,BOS,celtics,1628464,Daniel,Theis,D. Theis,daniel-theis,C,,27,25:26,2,0,0,6,10,4,2,18,2,0,4,5,2019-20,Playoffs
0041900211,1610612738,Boston,Celtics,BOS,celtics,203935,Marcus,Smart,M. Smart,marcus-smart,G,,36,30:54,0,0,0,2,8,4,5,28,0,0,2,5,2019-20,Playoffs
0041900211,1610612738,Boston,Celtics,BOS,celtics,202689,Kemba,Walker,K. Walker,kemba-walker,G,,8,32:00,2,0,0,4,7,7,5,34,0,1,1,3,2019-20,Playoffs
0041900211,1610612738,Boston,Celtics,BOS,celtics,1629057,Robert,Williams III,R. Williams III,robert-williams-iii,,,44,18:40,4,2,2,10,3,5,5,20,2,0,3,2,2019-20,Playoffs
0041900211,1610612738,Boston,Celtics,BOS,celtics,202954,Brad,Wanamaker,B. Wanamaker,brad-wanamaker,,,9,28:23,3,0,0,0,11,7,4,16,0,1,2,1,2019-20,Playoffs
0041900211,1610612738,Boston,Celtics,BOS,celtics,1628400,Semi,Ojeleye,S. Ojeleye,semi-ojeleye,,,37,22:34,0,0,0,0,11,3,0,16,0,0,2,0,2019-20,Playoffs
0041900211,1610612738,Boston,Celtics,BOS,celtics,1629684,Grant,Williams,G. Williams,grant-williams,,,12,8:08,0,0,0,0,4,2,2,2,0,0,2,0,2019-20,Playoffs
0041900211,1610612738,Boston,Celtics,BOS,celtics,1629641,Romeo,Langford,R. Langford,romeo-langford,,,45,3:44,0,0,0,2,2,0,0,0,0,0,1,0,2019-20,Playoffs
0041900211,1610612738,Boston,Celtics,BOS,celtics,1629738,Vincent,Poirier,V. Poirier,vincent-poirier,,,77,1:49,0,0,0,0,0,0,0,0,0,0,0,0,2019-20,Playoffs
0041900211,1610612738,Boston,Celtics,BOS,celtics,1629035,Carsen,Edwards,C. Edwards,carsen-edwards,,DNP - Coach's Decision,4,,0,0,0,0,0,0,0,0,0,0,0,0,2019-20,Playoffs
0041900211,1610612738,Boston,Celtics,BOS,celtics,202683,Enes,Freedom,E. Freedom,enes-freedom,,DNP - Coach's Decision,11,,0,0,0,0,0,0,0,0,0,0,0,0,2019-20,Playoffs
0041900211,1610612761,Toronto,Raptors,TOR,raptors,1628384,OG,Anunoby,O. Anunoby,og-anunoby,F,,3,33:21,3,5,0,6,9,4,4,26,2,0,2,2,2019-20,Playoffs
0041900211,1610612761,Toronto,Raptors,TOR,raptors,1627783,Pascal,Siakam,P. Siakam,pascal-siakam,F,,43,33:33,2,0,0,8,6,0,4,32,0,1,4,5,2019-20,Playoffs
0041900211,1610612761,Toronto,Raptors,TOR,raptors,201188,Marc,Gasol,M. Gasol,marc-gasol,C,,33,25:48,2,0,0,6,4,0,4,20,0,0,3,4,2019-20,Playoffs
0041900211,1610612761,Toronto,Raptors,TOR,raptors,1627832,Fred,VanVleet,F. VanVleet,fred-vanvleet,G,,23,38:17,4,0,5,2,13,4,6,34,0,0,1,2,2019-20,Playoffs
0041900211,1610612761,Toronto,Raptors,TOR,raptors,200768,Kyle,Lowry,K. Lowry,kyle-lowry,G,,7,34:50,2,0,0,8,9,2,4,26,0,1,5,6,2019-20,Playoffs
0041900211,1610612761,Toronto,Raptors,TOR,raptors,201586,Serge,Ibaka,S. Ibaka,serge-ibaka,,,9,26:12,2,2,2,2,13,4,4,18,0,0,3,2,2019-20,Playoffs
0041900211,1610612761,Toronto,Raptors,TOR,raptors,1626181,Norman,Powell,N. Powell,norman-powell,,,24,26:43,0,0,0,4,9,4,4,18,0,2,5,0,2019-20,Playoffs
0041900211,1610612761,Toronto,Raptors,TOR,raptors,1629056,Terence,Davis,T. Davis,terence-davis,,,0,12:46,0,2,0,2,2,2,0,6,0,0,1,1,2019-20,Playoffs
0041900211,1610612761,Toronto,Raptors,TOR,raptors,1628449,Chris,Boucher,C. Boucher,chris-boucher,,,25,3:44,0,0,0,0,0,0,0,4,0,0,0,0,2019-20,Playoffs
0041900211,1610612761,Toronto,Raptors,TOR,raptors,1629744,Matt,Thomas,M. Thomas,matt-thomas,,,21,2:56,0,0,0,0,0,0,0,4,0,0,0,0,2019-20,Playoffs
0041900211,1610612761,Toronto,Raptors,TOR,raptors,1626178,Rondae,Hollis-Jefferson,R. Hollis-Jefferson,rondae-hollis-jefferson,,,4,1:50,0,0,0,0,0,0,0,2,0,0,0,0,2019-20,Playoffs
0041900211,1610612761,Toronto,Raptors,TOR,raptors,1626169,Stanley,Johnson,S. Johnson,stanley-johnson,,DNP - Coach's Decision,5,,0,0,0,0,0,0,0,0,0,0,0,0,2019-20,Playoffs
0041900211,1610612761,Toronto,Raptors,TOR,raptors,1628778,Paul,Watson,P. Watson,paul-watson,,DNP - Coach's Decision,1,,0,0,0,0,0,0,0,0,0,0,0,0,2019-20,Playoffs
0041900212,1610612738,Boston,Celtics,BOS,celtics,1627759,Jaylen,Brown,J. Brown,jaylen-brown,F,,7,35:56,3,0,0,2,20,2,11,34,2,1,4,2,2019-20,Playoffs
0041900212,1610612738,Boston,Celtics,BOS,celtics,1628369,Jayson,Tatum,J. Tatum,jayson-tatum,F,,0,42:06,6,3,6,6,23,6,14,40,0,1,1,8,2019-20,Playoffs
0041900212,1610612738,Boston,Celtics,BOS,celtics,1628464,Daniel,Theis,D. Theis,daniel-theis,C,,27,30:27,0,0,0,0,15,2,9,24,3,2,3,2,2019-20,Playoffs
0041900212,1610612738,Boston,Celtics,BOS,celtics,203935,Marcus,Smart,M. Smart,marcus-smart,G,,36,38:36,0,0,3,0,17,4,11,36,2,1,3,4,2019-20,Playoffs
0041900212,1610612738,Boston,Celtics,BOS,celtics,202689,Kemba,Walker,K. Walker,kemba-walker,G,,8,38:15,2,0,2,6,20,4,16,34,0,2,1,2,2019-20,Playoffs
0041900212,1610612738,Boston,Celtics,BOS,celtics,1629057,Robert,Williams III,R. Williams III,robert-williams-iii,,,44,17:33,2,4,0,8,10,4,7,20,1,0,2,1,2019-20,Playoffs
0041900212,1610612738,Boston,Celtics,BOS,celtics,1628400,Semi,Ojeleye,S. Ojeleye,semi-ojeleye,,,37,10:02,0,0,0,0,3,2,3,6,0,0,0,0,2019-20,Playoffs
0041900212,1610612738,Boston,Celtics,BOS,celtics,202954,Brad,Wanamaker,B. Wanamaker,brad-wanamaker,,,9,8:34,0,0,0,0,2,4,2,10,1,0,2,0,2019-20,Playoffs
0041900212,1610612738,Boston,Celtics,BOS,celtics,1629684,Grant,Williams,G. Williams,grant-williams,,,12,18:31,2,0,2,2,15,2,7,16,0,0,4,0,2019-20,Playoffs
0041900212,1610612738,Boston,Celtics,BOS,celtics,1629035,Carsen,Edwards,C. Edwards,carsen-edwards,,DNP - Coach's Decision,4,,0,0,0,0,0,0,0,0,0,0,0,0,2019-20,Playoffs
0041900212,1610612738,Boston,Celtics,BOS,celtics,202683,Enes,Freedom,E. Freedom,enes-freedom,,DNP - Coach's Decision,11,,0,0,0,0,0,0,0,0,0,0,0,0,2019-20,Playoffs
0041900212,1610612738,Boston,Celtics,BOS,celtics,1629641,Romeo,Langford,R. Langford,romeo-langford,,DNP - Coach's Decision,45,,0,0,0,0,0,0,0,0,0,0,0,0,2019-20,Playoffs
0041900212,1610612738,Boston,Celtics,BOS,celtics,1629738,Vincent,Poirier,V. Poirier,vincent-poirier,,DNP - Coach's Decision,77,,0,0,0,0,0,0,0,0,0,0,0,0,2019-20,Playoffs
0041900212,1610612761,Toronto,Raptors,TOR,raptors,1628384,OG,Anunoby,O. Anunoby,og-anunoby,F,,3,38:26,3,2,0,6,15,7,7,24,0,1,5,3,2019-20,Playoffs
0041900212,1610612761,Toronto,Raptors,TOR,raptors,1627783,Pascal,Siakam,P. Siakam,pascal-siakam,F,,43,43:06,1,0,0,10,15,7,10,24,1,3,2,5,2019-20,Playoffs
0041900212,1610612761,Toronto,Raptors,TOR,raptors,201188,Marc,Gasol,M. Gasol,marc-gasol,C,,33,21:22,0,0,0,2,7,0,4,12,2,0,6,1,2019-20,Playoffs
0041900212,1610612761,Toronto,Raptors,TOR,raptors,1627832,Fred,VanVleet,F. VanVleet,fred-vanvleet,G,,23,42:57,15,2,12,8,15,7,10,24,1,1,1,1,2019-20,Playoffs
0041900212,1610612761,Toronto,Raptors,TOR,raptors,200768,Kyle,Lowry,K. Lowry,kyle-lowry,G,,7,40:03,4,0,4,10,10,3,7,16,1,2,2,7,2019-20,Playoffs
0041900212,1610612761,Toronto,Raptors,TOR,raptors,1626181,Norman,Powell,N. Powell,norman-powell,,,24,13:00,2,0,0,2,5,4,9,8,0,1,0,2,2019-20,Playoffs
0041900212,1610612761,Toronto,Raptors,TOR,raptors,201586,Serge,Ibaka,S. Ibaka,serge-ibaka,,,9,26:38,0,2,0,6,8,7,9,12,2,0,0,0,2019-20,Playoffs
0041900212,1610612761,Toronto,Raptors,TOR,raptors,1629056,Terence,Davis,T. Davis,terence-davis,,,0,5:32,0,0,0,0,0,0,3,0,0,1,3,0,2019-20,Playoffs
0041900212,1610612761,Toronto,Raptors,TOR,raptors,1628449,Chris,Boucher,C. Boucher,chris-boucher,,,25,8:56,0,0,0,0,0,0,6,0,0,0,0,1,2019-20,Playoffs
0041900212,1610612761,Toronto,Raptors,TOR,raptors,1626178,Rondae,Hollis-Jefferson,R. Hollis-Jefferson,rondae-hollis-jefferson,,DNP - Coach's Decision,4,,0,0,0,0,0,0,0,0,0,0,0,0,2019-20,Playoffs
0041900212,1610612761,Toronto,Raptors,TOR,raptors,1626169,Stanley,Johnson,S. Johnson,stanley-johnson,,DNP - Coach's Decision,5,,0,0,0,0,0,0,0,0,0,0,0,0,2019-20,Playoffs
0041900212,1610612761,Toronto,Raptors,TOR,raptors,1629744,Matt,Thomas,M. Thomas,matt-thomas,,DNP - Coach's Decision,21,,0,0,0,0,0,0,0,0,0,0,0,0,2019-20,Playoffs
0041900212,1610612761,Toronto,Raptors,TOR,raptors,1628778,Paul,Watson,P. Watson,paul-watson,,DNP - Coach's Decision,1,,0,0,0,0,0,0,0,0,0,0,0,0,2019-20,Playoffs
0041900213,1610612761,Toronto,Raptors,TOR,raptors,1628384,OG,Anunoby,O. Anunoby,og-anunoby,F,,3,45:28,1,5,1,2,17,14,2,50,2,2,1,1,2019-20,Playoffs
0041900213,1610612761,Toronto,Raptors,TOR,raptors,1627783,Pascal,Siakam,P. Siakam,pascal-siakam,F,,43,37:53,5,2,2,8,13,14,2,36,1,1,4,2,2019-20,Playoffs
0041900213,1610612761,Toronto,Raptors,TOR,raptors,201188,Marc,Gasol,M. Gasol,marc-gasol,C,,33,26:04,2,0,0,8,2,6,2,24,0,0,1,1,2019-20,Playoffs
0041900213,1610612761,Toronto,Raptors,TOR,raptors,1627832,Fred,VanVleet,F. VanVleet,fred-vanvleet,G,,23,40:51,3,2,7,6,15,14,2,44,0,1,5,4,2019-20,Playoffs
0041900213,1610612761,Toronto,Raptors,TOR,raptors,200768,Kyle,Lowry,K. Lowry,kyle-lowry,G,,7,46:29,5,0,4,20,17,11,2,50,0,2,5,4,2019-20,Playoffs
0041900213,1610612761,Toronto,Raptors,TOR,raptors,1626181,Norman,Powell,N. Powell,norman-powell,,,24,15:22,0,0,0,2,4,3,0,16,0,0,3,4,2019-20,Playoffs
0041900213,1610612761,Toronto,Raptors,TOR,raptors,201586,Serge,Ibaka,S. Ibaka,serge-ibaka,,,9,21:56,0,0,0,2,15,8,0,26,2,1,1,0,2019-20,Playoffs
0041900213,1610612761,Toronto,Raptors,TOR,raptors,1629744,Matt,Thomas,M. Thomas,matt-thomas,,,21,5:57,0,0,0,0,2,0,0,4,0,0,0,0,2019-20,Playoffs
0041900213,1610612761,Toronto,Raptors,TOR,raptors,1628449,Chris,Boucher,C. Boucher,chris-boucher,,DNP - Coach's Decision,25,,0,0,0,0,0,0,0,0,0,0,0,0,2019-20,Playoffs
0041900213,1610612761,Toronto,Raptors,TOR,raptors,1629056,Terence,Davis,T. Davis,terence-davis,,DNP - Coach's Decision,0,,0,0,0,0,0,0,0,0,0,0,0,0,2019-20,Playoffs
0041900213,1610612761,Toronto,Raptors,TOR,raptors,1626178,Rondae,Hollis-Jefferson,R. Hollis-Jefferson,rondae-hollis-jefferson,,DNP - Coach's Decision,4,,0,0,0,0,0,0,0,0,0,0,0,0,2019-20,Playoffs
0041900213,1610612761,Toronto,Raptors,TOR,raptors,1626169,Stanley,Johnson,S. Johnson,stanley-johnson,,DNP - Coach's Decision,5,,0,0,0,0,0,0,0,0,0,0,0,0,2019-20,Playoffs
0041900213,1610612761,Toronto,Raptors,TOR,raptors,1626259,Malcolm,Miller,M. Miller,malcolm-miller,,DNP - Coach's Decision,13,,0,0,0,0,0,0,0,0,0,0,0,0,2019-20,Playoffs
0041900213,1610612738,Boston,Celtics,BOS,celtics,1628369,Jayson,Tatum,J. Tatum,jayson-tatum,F,,0,39:24,0,2,0,8,14,9,13,40,0,0,1,3,2019-20,Playoffs
0041900213,1610612738,Boston,Celtics,BOS,celtics,1627759,Jaylen,Brown,J. Brown,jaylen-brown,F,,7,40:14,4,2,0,12,11,4,11,42,4,2,1,3,2019-20,Playoffs
0041900213,1610612738,Boston,Celtics,BOS,celtics,1628464,Daniel,Theis,D. Theis,daniel-theis,C,,27,30:14,2,2,0,8,11,6,12,36,1,0,2,1,2019-20,Playoffs
0041900213,1610612738,Boston,Celtics,BOS,celtics,203935,Marcus,Smart,M. Smart,marcus-smart,G,,36,36:57,0,0,0,4,12,6,12,42,0,1,4,2,2019-20,Playoffs
0041900213,1610612738,Boston,Celtics,BOS,celtics,202689,Kemba,Walker,K. Walker,kemba-walker,G,,8,38:50,6,3,2,6,14,9,10,44,0,1,1,6,2019-20,Playoffs
0041900213,1610612738,Boston,Celtics,BOS,celtics,1628400,Semi,Ojeleye,S. Ojeleye,semi-ojeleye,,,37,6:20,0,0,0,0,4,2,4,6,0,0,1,0,2019-20,Playoffs
0041900213,1610612738,Boston,Celtics,BOS,celtics,1629057,Robert,Williams III,R. Williams III,robert-williams-iii,,,44,13:35,3,3,0,2,5,3,2,8,1,1,1,1,2019-20,Playoffs
0041900213,1610612738,Boston,Celtics,BOS,celtics,202954,Brad,Wanamaker,B. Wanamaker,brad-wanamaker,,,9,11:52,0,0,0,4,4,3,2,4,0,0,0,1,2019-20,Playoffs
0041900213,1610612738,Boston,Celtics,BOS,celtics,1629684,Grant,Williams,G. Williams,grant-williams,,,12,18:29,2,0,0,2,5,3,4,14,1,0,4,1,2019-20,Playoffs
0041900213,1610612738,Boston,Celtics,BOS,celtics,202683,Enes,Freedom,E. Freedom,enes-freedom,,,11,4:05,0,2,0,4,0,0,0,4,0,0,1,2,2019-20,Playoffs
0041900213,1610612738,Boston,Celtics,BOS,celtics,1629605,Tacko,Fall,T. Fall,tacko-fall,,,99,0:01,0,0,0,0,0,0,0,0,0,0,0,0,2019-20,Playoffs
0041900213,1610612738,Boston,Celtics,BOS,celtics,1629035,Carsen,Edwards,C. Edwards,carsen-edwards,,DNP - Coach's Decision,4,,0,0,0,0,0,0,0,0,0,0,0,0,2019-20,Playoffs
0041900213,1610612738,Boston,Celtics,BOS,celtics,1629641,Romeo,Langford,R. Langford,romeo-langford,,DNP - Coach's Decision,45,,0,0,0,0,0,0,0,0,0,0,0,0,2019-20,Playoffs
0041900214,1610612761,Toronto,Raptors,TOR,raptors,1628384,OG,Anunoby,O. Anunoby,og-anunoby,F,,3,35:11,2,2,0,2,7,10,7,32,2,0,1,4,2019-20,Playoffs
0041900214,1610612761,Toronto,Raptors,TOR,raptors,1627783,Pascal,Siakam,P. Siakam,pascal-siakam,F,,43,45:34,2,0,2,12,7,12,7,42,0,0,2,2,2019-20,Playoffs
0041900214,1610612761,Toronto,Raptors,TOR,raptors,201188,Marc,Gasol,M. Gasol,marc-gasol,C,,33,25:42,0,0,0,4,5,3,3,24,0,0,6,1,2019-20,Playoffs
0041900214,1610612761,Toronto,Raptors,TOR,raptors,1627832,Fred,VanVleet,F. VanVleet,fred-vanvleet,G,,23,44:49,0,8,0,0,7,12,7,42,0,1,2,2,2019-20,Playoffs
0041900214,1610612761,Toronto,Raptors,TOR,raptors,200768,Kyle,Lowry,K. Lowry,kyle-lowry,G,,7,43:47,3,3,4,0,5,10,3,38,2,1,4,9,2019-20,Playoffs
0041900214,1610612761,Toronto,Raptors,TOR,raptors,201586,Serge,Ibaka,S. Ibaka,serge-ibaka,,,9,22:18,0,6,0,6,2,9,4,20,1,0,4,1,2019-20,Playoffs
0041900214,1610612761,Toronto,Raptors,TOR,raptors,1626181,Norman,Powell,N. Powell,norman-powell,,,24,19:28,0,5,0,2,2,4,4,20,0,0,1,1,2019-20,Playoffs
0041900214,1610612761,Toronto,Raptors,TOR,raptors,1629744,Matt,Thomas,M. Thomas,matt-thomas,,,21,3:11,0,0,0,0,0,0,0,2,0,0,1,0,2019-20,Playoffs
0041900214,1610612761,Toronto,Raptors,TOR,raptors,1628449,Chris,Boucher,C. Boucher,chris-boucher,,DNP - Coach's Decision,25,,0,0,0,0,0,0,0,0,0,0,0,0,2019-20,Playoffs
0041900214,1610612761,Toronto,Raptors,TOR,raptors,1629056,Terence,Davis,T. Davis,terence-davis,,DNP - Coach's Decision,0,,0,0,0,0,0,0,0,0,0,0,0,0,2019-20,Playoffs
0041900214,1610612761,Toronto,Raptors,TOR,raptors,1626178,Rondae,Hollis-Jefferson,R. Hollis-Jefferson,rondae-hollis-jefferson,,DNP - Coach's Decision,4,,0,0,0,0,0,0,0,0,0,0,0,0,2019-20,Playoffs
0041900214,1610612761,Toronto,Raptors,TOR,raptors,1626169,Stanley,Johnson,S. Johnson,stanley-johnson,,DNP - Coach's Decision,5,,0,0,0,0,0,0,0,0,0,0,0,0,2019-20,Playoffs
0041900214,1610612761,Toronto,Raptors,TOR,raptors,1626259,Malcolm,Miller,M. Miller,malcolm-miller,,DNP - Coach's Decision,13,,0,0,0,0,0,0,0,0,0,0,0,0,2019-20,Playoffs
0041900214,1610612738,Boston,Celtics,BOS,celtics,1628369,Jayson,Tatum,J. Tatum,jayson-tatum,F,,0,42:34,2,3,2,16,7,19,6,20,0,0,2,6,2019-20,Playoffs
0041900214,1610612738,Boston,Celtics,BOS,celtics,1627759,Jaylen,Brown,J. Brown,jaylen-brown,F,,7,37:21,0,0,2,4,7,19,4,20,0,3,4,4,2019-20,Playoffs
0041900214,1610612738,Boston,Celtics,BOS,celtics,1628464,Daniel,Theis,D. Theis,daniel-theis,C,,27,25:56,0,2,0,6,4,14,4,14,1,2,2,1,2019-20,Playoffs
0041900214,1610612738,Boston,Celtics,BOS,celtics,203935,Marcus,Smart,M. Smart,marcus-smart,G,,36,41:06,3,1,3,2,7,22,6,24,1,0,4,4,2019-20,Playoffs
0041900214,1610612738,Boston,Celtics,BOS,celtics,202689,Kemba,Walker,K. Walker,kemba-walker,G,,8,40:48,0,2,0,4,4,21,6,24,0,0,5,4,2019-20,Playoffs
0041900214,1610612738,Boston,Celtics,BOS,celtics,1629057,Robert,Williams III,R. Williams III,robert-williams-iii,,,44,15:18,0,0,0,6,0,6,2,6,0,0,1,0,2019-20,Playoffs
0041900214,1610612738,Boston,Celtics,BOS,celtics,1629684,Grant,Williams,G. Williams,grant-williams,,,12,12:33,0,2,0,2,3,7,0,6,0,0,0,1,2019-20,Playoffs
0041900214,1610612738,Boston,Celtics,BOS,celtics,202954,Brad,Wanamaker,B. Wanamaker,brad-wanamaker,,,9,13:16,0,0,0,2,3,7,0,6,0,0,2,0,2019-20,Playoffs
0041900214,1610612738,Boston,Celtics,BOS,celtics,1628400,Semi,Ojeleye,S. Ojeleye,semi-ojeleye,,,37,11:08,2,2,0,2,0,5,2,10,0,0,0,1,2019-20,Playoffs
0041900214,1610612738,Boston,Celtics,BOS,celtics,1629035,Carsen,Edwards,C. Edwards,carsen-edwards,,DNP - Coach's Decision,4,,0,0,0,0,0,0,0,0,0,0,0,0,2019-20,Playoffs
0041900214,1610612738,Boston,Celtics,BOS,celtics,202683,Enes,Freedom,E. Freedom,enes-freedom,,DNP - Coach's Decision,11,,0,0,0,0,0,0,0,0,0,0,0,0,2019-20,Playoffs
0041900214,1610612738,Boston,Celtics,BOS,celtics,1629641,Romeo,Langford,R. Langford,romeo-langford,,DNP - Coach's Decision,45,,0,0,0,0,0,0,0,0,0,0,0,0,2019-20,Playoffs
0041900214,1610612738,Boston,Celtics,BOS,celtics,1629682,Tremont,Waters,T. Waters,tremont-waters,,DNP - Coach's Decision,51,,0,0,0,0,0,0,0,0,0,0,0,0,2019-20,Playoffs
0041900215,1610612738,Boston,Celtics,BOS,celtics,1628369,Jayson,Tatum,J. Tatum,jayson-tatum,F,,0,36:17,0,0,0,8,7,4,15,22,1,2,4,5,2019-20,Playoffs
0041900215,1610612738,Boston,Celtics,BOS,celtics,1627759,Jaylen,Brown,J. Brown,jaylen-brown,F,,7,37:10,2,0,6,10,4,4,12,30,0,0,2,3,2019-20,Playoffs
0041900215,1610612738,Boston,Celtics,BOS,celtics,1628464,Daniel,Theis,D. Theis,daniel-theis,C,,27,30:29,2,1,2,10,5,4,10,22,2,0,3,4,2019-20,Playoffs
0041900215,1610612738,Boston,Celtics,BOS,celtics,203935,Marcus,Smart,M. Smart,marcus-smart,G,,36,34:34,3,0,3,4,4,4,12,28,1,0,4,3,2019-20,Playoffs
0041900215,1610612738,Boston,Celtics,BOS,celtics,202689,Kemba,Walker,K. Walker,kemba-walker,G,,8,35:57,2,2,0,12,5,4,13,24,1,2,0,5,2019-20,Playoffs
0041900215,1610612738,Boston,Celtics,BOS,celtics,202954,Brad,Wanamaker,B. Wanamaker,brad-wanamaker,,,9,28:14,5,0,2,4,5,0,14,16,0,0,2,1,2019-20,Playoffs
0041900215,1610612738,Boston,Celtics,BOS,celtics,1628400,Semi,Ojeleye,S. Ojeleye,semi-ojeleye,,,37,7:03,0,0,0,0,3,0,6,2,0,0,0,0,2019-20,Playoffs
0041900215,1610612738,Boston,Celtics,BOS,celtics,1629057,Robert,Williams III,R. Williams III,robert-williams-iii,,,44,8:53,0,0,0,0,2,0,5,2,1,0,1,1,2019-20,Playoffs
0041900215,1610612738,Boston,Celtics,BOS,celtics,1629684,Grant,Williams,G. Williams,grant-williams,,,12,8:38,0,0,0,0,0,0,3,8,0,0,1,1,2019-20,Playoffs
0041900215,1610612738,Boston,Celtics,BOS,celtics,1629641,Romeo,Langford,R. Langford,romeo-langford,,,45,3:28,0,0,0,0,0,0,0,2,0,0,0,1,2019-20,Playoffs
0041900215,1610612738,Boston,Celtics,BOS,celtics,1629035,Carsen,Edwards,C. Edwards,carsen-edwards,,,4,3:28,0,0,0,0,0,0,0,2,0,0,0,0,2019-20,Playoffs
0041900215,1610612738,Boston,Celtics,BOS,celtics,202683,Enes,Freedom,E. Freedom,enes-freedom,,,11,3:28,0,0,0,0,0,0,0,2,0,1,2,0,2019-20,Playoffs
0041900215,1610612738,Boston,Celtics,BOS,celtics,1629682,Tremont,Waters,T. Waters,tremont-waters,,,51,2:21,0,0,0,0,0,0,0,0,0,0,0,0,2019-20,Playoffs
0041900215,1610612761,Toronto,Raptors,TOR,raptors,1628384,OG,Anunoby,O. Anunoby,og-anunoby,F,,3,25:45,0,2,0,2,11,3,11,30,1,1,2,1,2019-20,Playoffs
0041900215,1610612761,Toronto,Raptors,TOR,raptors,1627783,Pascal,Siakam,P. Siakam,pascal-siakam,F,,43,28:34,0,2,0,6,9,2,13,26,0,0,5,3,2019-20,Playoffs
0041900215,1610612761,Toronto,Raptors,TOR,raptors,201188,Marc,Gasol,M. Gasol,marc-gasol,C,,33,14:01,0,0,0,0,7,0,9,10,0,0,0,1,2019-20,Playoffs
0041900215,1610612761,Toronto,Raptors,TOR,raptors,1627832,Fred,VanVleet,F. VanVleet,fred-vanvleet,G,,23,34:21,7,0,7,8,6,3,9,36,0,1,3,5,2019-20,Playoffs
0041900215,1610612761,Toronto,Raptors,TOR,raptors,200768,Kyle,Lowry,K. Lowry,kyle-lowry,G,,7,34:01,0,0,3,4,11,3,13,38,0,1,3,3,2019-20,Playoffs
0041900215,1610612761,Toronto,Raptors,TOR,raptors,1626181,Norman,Powell,N. Powell,norman-powell,,,24,31:29,0,0,0,4,7,3,4,36,0,2,3,1,2019-20,Playoffs
0041900215,1610612761,Toronto,Raptors,TOR,raptors,201586,Serge,Ibaka,S. Ibaka,serge-ibaka,,,9,18:52,0,0,0,4,4,1,2,18,2,1,1,0,2019-20,Playoffs
0041900215,1610612761,Toronto,Raptors,TOR,raptors,1628449,Chris,Boucher,C. Boucher,chris-boucher,,,25,11:32,0,0,0,0,3,0,2,12,2,0,2,3,2019-20,Playoffs
0041900215,1610612761,Toronto,Raptors,TOR,raptors,1629744,Matt,Thomas,M. Thomas,matt-thomas,,,21,18:30,0,0,6,0,3,0,2,16,0,0,2,0,2019-20,Playoffs
0041900215,1610612761,Toronto,Raptors,TOR,raptors,1629056,Terence,Davis,T. Davis,terence-davis,,,0,12:00,0,0,0,0,3,0,0,10,0,0,1,1,2019-20,Playoffs
0041900215,1610612761,Toronto,Raptors,TOR,raptors,1626178,Rondae,Hollis-Jefferson,R. Hollis-Jefferson,rondae-hollis-jefferson,,,4,6:52,0,0,2,2,3,0,0,6,0,0,1,1,2019-20,Playoffs
0041900215,1610612761,Toronto,Raptors,TOR,raptors,1626169,Stanley,Johnson,S. Johnson,stanley-johnson,,,5,4:03,0,0,0,2,3,0,0,2,0,0,1,0,2019-20,Playoffs
0041900215,1610612761,Toronto,Raptors,TOR,raptors,1626259,Malcolm,Miller,M. Miller,malcolm-miller,,DNP - Coach's Decision,13,,0,0,0,0,0,0,0,0,0,0,0,0,2019-20,Playoffs
0041900216,1610612761,Toronto,Raptors,TOR,raptors,1628384,OG,Anunoby,O. Anunoby,og-anunoby,F,,3,49:36,1,4,1,4,13,9,9,38,0,1,4,4,2019-20,Playoffs
0041900216,1610612761,Toronto,Raptors,TOR,raptors,1627783,Pascal,Siakam,P. Siakam,pascal-siakam,F,,43,54:14,3,2,0,8,14,9,9,38,0,2,4,4,2019-20,Playoffs
0041900216,1610612761,Toronto,Raptors,TOR,raptors,201188,Marc,Gasol,M. Gasol,marc-gasol,C,,33,15:51,2,0,0,0,2,5,3,12,1,0,5,2,2019-20,Playoffs
0041900216,1610612761,Toronto,Raptors,TOR,raptors,1627832,Fred,VanVleet,F. VanVleet,fred-vanvleet,G,,23,50:54,0,0,2,8,13,9,11,42,2,0,3,3,2019-20,Playoffs
0041900216,1610612761,Toronto,Raptors,TOR,raptors,200768,Kyle,Lowry,K. Lowry,kyle-lowry,G,,7,53:28,2,0,2,6,16,7,9,38,1,0,5,6,2019-20,Playoffs
0041900216,1610612761,Toronto,Raptors,TOR,raptors,1626181,Norman,Powell,N. Powell,norman-powell,,,24,38:19,6,2,4,6,14,4,6,26,1,1,2,6,2019-20,Playoffs
0041900216,1610612761,Toronto,Raptors,TOR,raptors,201586,Serge,Ibaka,S. Ibaka,serge-ibaka,,,9,21:15,0,0,0,4,8,2,6,12,3,0,2,0,2019-20,Playoffs
0041900216,1610612761,Toronto,Raptors,TOR,raptors,1629744,Matt,Thomas,M. Thomas,matt-thomas,,,21,6:23,0,0,0,0,0,0,2,4,0,0,1,0,2019-20,Playoffs
0041900216,1610612761,Toronto,Raptors,TOR,raptors,1628449,Chris,Boucher,C. Boucher,chris-boucher,,,25,0:01,0,0,0,0,0,0,0,0,0,0,0,0,2019-20,Playoffs
0041900216,1610612761,Toronto,Raptors,TOR,raptors,1629056,Terence,Davis,T. Davis,terence-davis,,DNP - Coach's Decision,0,,0,0,0,0,0,0,0,0,0,0,0,0,2019-20,Playoffs
0041900216,1610612761,Toronto,Raptors,TOR,raptors,1626178,Rondae,Hollis-Jefferson,R. Hollis-Jefferson,rondae-hollis-jefferson,,DNP - Coach's Decision,4,,0,0,0,0,0,0,0,0,0,0,0,0,2019-20,Playoffs
0041900216,1610612761,Toronto,Raptors,TOR,raptors,1626169,Stanley,Johnson,S. Johnson,stanley-johnson,,DNP - Coach's Decision,5,,0,0,0,0,0,0,0,0,0,0,0,0,2019-20,Playoffs
0041900216,1610612761,Toronto,Raptors,TOR,raptors,1628778,Paul,Watson,P. Watson,paul-watson,,DNP - Coach's Decision,1,,0,0,0,0,0,0,0,0,0,0,0,0,2019-20,Playoffs
0041900216,1610612738,Boston,Celtics,BOS,celtics,1628369,Jayson,Tatum,J. Tatum,jayson-tatum,F,,0,51:13,7,2,2,8,14,6,9,30,2,1,3,9,2019-20,Playoffs
0041900216,1610612738,Boston,Celtics,BOS,celtics,1627759,Jaylen,Brown,J. Brown,jaylen-brown,F,,7,51:10,5,3,6,10,11,6,9,32,0,4,5,5,2019-20,Playoffs
0041900216,1610612738,Boston,Celtics,BOS,celtics,1628464,Daniel,Theis,D. Theis,daniel-theis,C,,27,47:26,4,2,0,18,14,4,9,26,1,1,5,4,2019-20,Playoffs
0041900216,1610612738,Boston,Celtics,BOS,celtics,203935,Marcus,Smart,M. Smart,marcus-smart,G,,36,49:49,0,0,3,2,9,6,8,30,0,0,4,5,2019-20,Playoffs
0041900216,1610612738,Boston,Celtics,BOS,celtics,202689,Kemba,Walker,K. Walker,kemba-walker,G,,8,51:41,0,0,0,0,14,8,8,30,0,1,4,3,2019-20,Playoffs
0041900216,1610612738,Boston,Celtics,BOS,celtics,202954,Brad,Wanamaker,B. Wanamaker,brad-wanamaker,,,9,18:31,0,0,0,0,5,4,1,14,1,1,3,0,2019-20,Playoffs
0041900216,1610612738,Boston,Celtics,BOS,celtics,1628400,Semi,Ojeleye,S. Ojeleye,semi-ojeleye,,,37,4:37,0,0,0,0,0,2,0,4,0,0,0,0,2019-20,Playoffs
0041900216,1610612738,Boston,Celtics,BOS,celtics,1629057,Robert,Williams III,R. Williams III,robert-williams-iii,,,44,8:22,0,2,0,4,0,4,0,8,0,0,0,0,2019-20,Playoffs
0041900216,1610612738,Boston,Celtics,BOS,celtics,1629684,Grant,Williams,G. Williams,grant-williams,,,12,7:13,0,0,0,0,3,0,1,6,0,0,1,0,2019-20,Playoffs
0041900216,1610612738,Boston,Celtics,BOS,celtics,1629035,Carsen,Edwards,C. Edwards,carsen-edwards,,DNP - Coach's Decision,4,,0,0,0,0,0,0,0,0,0,0,0,0,2019-20,Playoffs
0041900216,1610612738,Boston,Celtics,BOS,celtics,202683,Enes,Freedom,E. Freedom,enes-freedom,,DNP - Coach's Decision,11,,0,0,0,0,0,0,0,0,0,0,0,0,2019-20,Playoffs
0041900216,1610612738,Boston,Celtics,BOS,celtics,1629641,Romeo,Langford,R. Langford,romeo-langford,,DNP - Coach's Decision,45,,0,0,0,0,0,0,0,0,0,0,0,0,2019-20,Playoffs
0041900216,1610612738,Boston,Celtics,BOS,celtics,1629682,Tremont,Waters,T. Waters,tremont-waters,,DNP - Coach's Decision,51,,0,0,0,0,0,0,0,0,0,0,0,0,2019-20,Playoffs
0041900217,1610612738,Boston,Celtics,BOS,celtics,1628369,Jayson,Tatum,J. Tatum,jayson-tatum,F,,0,44:00,8,1,9,8,18,8,10,34,1,0,2,6,2019-20,Playoffs
0041900217,1610612738,Boston,Celtics,BOS,celtics,1627759,Jaylen,Brown,J. Brown,jaylen-brown,F,,7,42:42,9,2,10,16,15,8,7,38,0,1,0,4,2019-20,Playoffs
0041900217,1610612738,Boston,Celtics,BOS,celtics,1628464,Daniel,Theis,D. Theis,daniel-theis,C,,27,23:28,2,2,0,4,9,4,2,22,2,2,6,2,2019-20,Playoffs
0041900217,1610612738,Boston,Celtics,BOS,celtics,203935,Marcus,Smart,M. Smart,marcus-smart,G,,36,43:13,9,0,4,8,15,8,8,38,1,0,1,5,2019-20,Playoffs
0041900217,1610612738,Boston,Celtics,BOS,celtics,202689,Kemba,Walker,K. Walker,kemba-walker,G,,8,43:55,3,0,0,4,12,6,8,30,1,3,1,4,2019-20,Playoffs
0041900217,1610612738,Boston,Celtics,BOS,celtics,1629057,Robert,Williams III,R. Williams III,robert-williams-iii,,,44,17:30,0,2,0,4,5,2,8,10,0,0,2,1,2019-20,Playoffs
0041900217,1610612738,Boston,Celtics,BOS,celtics,202954,Brad,Wanamaker,B. Wanamaker,brad-wanamaker,,,9,9:07,0,0,0,0,9,2,4,10,0,0,2,0,2019-20,Playoffs
0041900217,1610612738,Boston,Celtics,BOS,celtics,1628400,Semi,Ojeleye,S. Ojeleye,semi-ojeleye,,,37,9:03,0,0,0,0,3,0,3,10,0,0,1,0,2019-20,Playoffs
0041900217,1610612738,Boston,Celtics,BOS,celtics,1629684,Grant,Williams,G. Williams,grant-williams,,,12,7:02,0,0,0,0,4,2,0,8,0,0,1,1,2019-20,Playoffs
0041900217,1610612738,Boston,Celtics,BOS,celtics,1629035,Carsen,Edwards,C. Edwards,carsen-edwards,,DNP - Coach's Decision,4,,0,0,0,0,0,0,0,0,0,0,0,0,2019-20,Playoffs
0041900217,1610612738,Boston,Celtics,BOS,celtics,202683,Enes,Freedom,E. Freedom,enes-freedom,,DNP - Coach's Decision,11,,0,0,0,0,0,0,0,0,0,0,0,0,2019-20,Playoffs
0041900217,1610612738,Boston,Celtics,BOS,celtics,1629641,Romeo,Langford,R. Langford,romeo-langford,,DNP - Coach's Decision,45,,0,0,0,0,0,0,0,0,0,0,0,0,2019-20,Playoffs
0041900217,1610612738,Boston,Celtics,BOS,celtics,1629682,Tremont,Waters,T. Waters,tremont-waters,,DNP - Coach's Decision,51,,0,0,0,0,0,0,0,0,0,0,0,0,2019-20,Playoffs
0041900217,1610612761,Toronto,Raptors,TOR,raptors,1628384,OG,Anunoby,O. Anunoby,og-anunoby,F,,3,35:30,2,2,0,2,19,7,12,32,0,0,2,2,2019-20,Playoffs
0041900217,1610612761,Toronto,Raptors,TOR,raptors,1627783,Pascal,Siakam,P. Siakam,pascal-siakam,F,,43,41:47,2,4,0,10,25,7,17,34,1,1,4,2,2019-20,Playoffs
0041900217,1610612761,Toronto,Raptors,TOR,raptors,201188,Marc,Gasol,M. Gasol,marc-gasol,C,,33,19:20,0,0,0,2,13,4,8,24,2,0,2,1,2019-20,Playoffs
0041900217,1610612761,Toronto,Raptors,TOR,raptors,1627832,Fred,VanVleet,F. VanVleet,fred-vanvleet,G,,23,44:46,6,0,3,4,29,7,21,42,2,3,2,1,2019-20,Playoffs
0041900217,1610612761,Toronto,Raptors,TOR,raptors,200768,Kyle,Lowry,K. Lowry,kyle-lowry,G,,7,41:02,2,0,2,8,29,6,19,42,0,0,6,7,2019-20,Playoffs
0041900217,1610612761,Toronto,Raptors,TOR,raptors,1626181,Norman,Powell,N. Powell,norman-powell,,,24,32:40,2,0,2,6,25,1,17,26,1,1,4,1,2019-20,Playoffs
0041900217,1610612761,Toronto,Raptors,TOR,raptors,201586,Serge,Ibaka,S. Ibaka,serge-ibaka,,,9,20:20,4,2,3,8,13,3,17,18,0,0,3,2,2019-20,Playoffs
0041900217,1610612761,Toronto,Raptors,TOR,raptors,1629744,Matt,Thomas,M. Thomas,matt-thomas,,,21,4:35,0,0,0,0,2,0,4,2,0,0,0,0,2019-20,Playoffs
0041900217,1610612761,Toronto,Raptors,TOR,raptors,1628449,Chris,Boucher,C. Boucher,chris-boucher,,DNP - Coach's Decision,25,,0,0,0,0,0,0,0,0,0,0,0,0,2019-20,Playoffs
0041900217,1610612761,Toronto,Raptors,TOR,raptors,1629056,Terence,Davis,T. Davis,terence-davis,,DNP - Coach's Decision,0,,0,0,0,0,0,0,0,0,0,0,0,0,2019-20,Playoffs
0041900217,1610612761,Toronto,Raptors,TOR,raptors,1626178,Rondae,Hollis-Jefferson,R. Hollis-Jefferson,rondae-hollis-jefferson,,DNP - Coach's Decision,4,,0,0,0,0,0,0,0,0,0,0,0,0,2019-20,Playoffs
0041900217,1610612761,Toronto,Raptors,TOR,raptors,1626169,Stanley,Johnson,S. Johnson,stanley-johnson,,DNP - Coach's Decision,5,,0,0,0,0,0,0,0,0,0,0,0,0,2019-20,Playoffs
0041900217,1610612761,Toronto,Raptors,TOR,raptors,1626259,Malcolm,Miller,M. Miller,malcolm-miller,,DNP - Coach's Decision,13,,0,0,0,0,0,0,0,0,0,0,0,0,2019-20,Playoffs
0041900221,1610612745,Houston,Rockets,HOU,rockets,201569,Eric,Gordon,E. Gordon,eric-gordon,F,,10,34:04,4,4,0,8,12,10,16,34,1,0,1,4,2019-20,Playoffs
0041900221,1610612745,Houston,Rockets,HOU,rockets,200782,P.J.,Tucker,P. Tucker,pj-tucker,F,,17,35:52,3,0,3,0,10,8,12,26,0,0,4,2,2019-20,Playoffs
0041900221,1610612745,Houston,Rockets,HOU,rockets,203496,Robert,Covington,R. Covington,robert-covington,C,,33,38:36,0,0,0,0,12,12,16,36,1,0,5,0,2019-20,Playoffs
0041900221,1610612745,Houston,Rockets,HOU,rockets,201935,James,Harden,J. Harden,james-harden,G,,13,33:56,7,0,2,18,10,9,15,36,1,2,2,9,2019-20,Playoffs
0041900221,1610612745,Houston,Rockets,HOU,rockets,201566,Russell,Westbrook,R. Westbrook,russell-westbrook,G,,0,32:03,5,4,4,12,10,8,12,24,0,7,2,3,2019-20,Playoffs
0041900221,1610612745,Houston,Rockets,HOU,rockets,1627863,Danuel,House Jr.,D. House Jr.,danuel-house-jr,,,4,20:07,0,0,0,0,2,4,9,18,0,0,2,0,2019-20,Playoffs
0041900221,1610612745,Houston,Rockets,HOU,rockets,201145,Jeff,Green,J. Green,jeff-green,,,32,24:14,5,0,0,2,2,4,6,18,0,0,2,0,2019-20,Playoffs
0041900221,1610612745,Houston,Rockets,HOU,rockets,203463,Ben,McLemore,B. McLemore,ben-mclemore,,,16,3:51,0,0,0,0,0,0,2,2,0,0,0,0,2019-20,Playoffs
0041900221,1610612745,Houston,Rockets,HOU,rockets,203085,Austin,Rivers,A. Rivers,austin-rivers,,,25,16:04,3,0,0,2,2,5,2,6,0,0,1,2,2019-20,Playoffs
0041900221,1610612745,Houston,Rockets,HOU,rockets,1626187,Michael,Frazier II,M. Frazier II,michael-frazier-ii,,,21,1:13,0,0,0,0,0,0,0,0,0,0,0,0,2019-20,Playoffs
0041900221,1610612745,Houston,Rockets,HOU,rockets,201960,DeMarre,Carroll,D. Carroll,demarre-carroll,,DNP - Coach's Decision,9,,0,0,0,0,0,0,0,0,0,0,0,0,2019-20,Playoffs
0041900221,1610612745,Houston,Rockets,HOU,rockets,2199,Tyson,Chandler,T. Chandler,tyson-chandler,,DNP - Coach's Decision,19,,0,0,0,0,0,0,0,0,0,0,0,0,2019-20,Playoffs
0041900221,1610612745,Houston,Rockets,HOU,rockets,201601,Luc,Mbah a Moute,L. Mbah a Moute,luc-mbah-a-moute,,DNP - Coach's Decision,12,,0,0,0,0,0,0,0,0,0,0,0,0,2019-20,Playoffs
0041900221,1610612747,Los Angeles,Lakers,LAL,lakers,2544,LeBron,James,L. James,lebron-james,F,,23,36:34,0,0,5,10,19,8,9,38,2,0,2,4,2019-20,Playoffs
0041900221,1610612747,Los Angeles,Lakers,LAL,lakers,203076,Anthony,Davis,A. Davis,anthony-davis,F,,3,37:16,4,7,0,12,24,6,9,36,3,2,2,7,2019-20,Playoffs
0041900221,1610612747,Los Angeles,Lakers,LAL,lakers,201580,JaVale,McGee,J. McGee,javale-mcgee,C,,7,12:39,2,2,2,4,7,0,5,12,1,0,0,0,2019-20,Playoffs
0041900221,1610612747,Los Angeles,Lakers,LAL,lakers,201980,Danny,Green,D. Green,danny-green,G,,14,28:25,2,0,5,4,17,4,7,26,1,0,1,0,2019-20,Playoffs
0041900221,1610612747,Los Angeles,Lakers,LAL,lakers,203484,Kentavious,Caldwell-Pope,K. Caldwell-Pope,kentavious-caldwell-pope,G,,1,28:04,0,0,0,2,14,2,9,26,0,0,1,1,2019-20,Playoffs
0041900221,1610612747,Los Angeles,Lakers,LAL,lakers,1628398,Kyle,Kuzma,K. Kuzma,kyle-kuzma,,,0,28:10,0,0,0,2,15,6,4,26,0,1,4,1,2019-20,Playoffs
0041900221,1610612747,Los Angeles,Lakers,LAL,lakers,200765,Rajon,Rondo,R. Rondo,rajon-rondo,,,9,24:32,0,0,2,2,18,6,2,18,1,0,1,1,2019-20,Playoffs
0041900221,1610612747,Los Angeles,Lakers,LAL,lakers,1627936,Alex,Caruso,A. Caruso,alex-caruso,,,4,16:12,4,3,4,4,10,2,0,14,0,0,5,3,2019-20,Playoffs
0041900221,1610612747,Los Angeles,Lakers,LAL,lakers,2730,Dwight,Howard,D. Howard,dwight-howard,,,39,11:09,0,0,0,0,5,2,0,6,0,0,2,1,2019-20,Playoffs
0041900221,1610612747,Los Angeles,Lakers,LAL,lakers,202693,Markieff,Morris,M. Morris,markieff-morris,,,88,9:10,0,0,0,0,0,2,0,6,0,0,0,0,2019-20,Playoffs
0041900221,1610612747,Los Angeles,Lakers,LAL,lakers,203079,Dion,Waiters,D. Waiters,dion-waiters,,,18,5:04,0,0,0,0,3,2,0,2,1,0,1,1,2019-20,Playoffs
0041900221,1610612747,Los Angeles,Lakers,LAL,lakers,201162,Jared,Dudley,J. Dudley,jared-dudley,,,10,2:45,0,0,0,0,3,0,0,0,0,0,1,0,2019-20,Playoffs
0041900221,1610612747,Los Angeles,Lakers,LAL,lakers,2747,JR,Smith,J. Smith,jr-smith,,DNP - Coach's Decision,21,,0,0,0,0,0,0,0,0,0,0,0,0,2019-20,Playoffs
0041900222,1610612745,Houston,Rockets,HOU,rockets,201569,Eric,Gordon,E. Gordon,eric-gordon,F,,10,36:18,6,5,2,4,20,9,14,34,0,0,2,1,2019-20,Playoffs
0041900222,1610612745,Houston,Rockets,HOU,rockets,200782,P.J.,Tucker,P. Tucker,pj-tucker,F,,17,34:02,0,6,0,6,15,8,4,34,1,0,4,3,2019-20,Playoffs
0041900222,1610612745,Houston,Rockets,HOU,rockets,203496,Robert,Covington,R. Covington,robert-covington,C,,33,38:25,0,0,2,2,9,11,8,40,1,0,3,2,2019-20,Playoffs
0041900222,1610612745,Houston,Rockets,HOU,rockets,201935,James,Harden,J. Harden,james-harden,G,,13,39:27,5,0,0,4,12,11,6,40,0,1,2,7,2019-20,Playoffs
0041900222,1610612745,Houston,Rockets,HOU,rockets,201566,Russell,Westbrook,R. Westbrook,russell-westbrook,G,,0,32:55,7,0,2,6,18,7,16,36,0,2,5,2,2019-20,Playoffs
0041900222,1610612745,Houston,Rockets,HOU,rockets,201145,Jeff,Green,J. Green,jeff-green,,,32,21:46,0,0,0,0,22,3,18,34,0,1,4,1,2019-20,Playoffs
0041900222,1610612745,Houston,Rockets,HOU,rockets,1627863,Danuel,House Jr.,D. House Jr.,danuel-house-jr,,,4,27:22,0,0,0,4,23,4,20,38,0,1,1,1,2019-20,Playoffs
0041900222,1610612745,Houston,Rockets,HOU,rockets,203085,Austin,Rivers,A. Rivers,austin-rivers,,,25,6:41,0,0,0,0,13,2,14,12,0,0,0,0,2019-20,Playoffs
0041900222,1610612745,Houston,Rockets,HOU,rockets,203463,Ben,McLemore,B. McLemore,ben-mclemore,,,16,3:04,0,0,0,0,3,0,0,2,0,0,0,0,2019-20,Playoffs
0041900222,1610612745,Houston,Rockets,HOU,rockets,201960,DeMarre,Carroll,D. Carroll,demarre-carroll,,DNP - Coach's Decision,9,,0,0,0,0,0,0,0,0,0,0,0,0,2019-20,Playoffs
0041900222,1610612745,Houston,Rockets,HOU,rockets,2199,Tyson,Chandler,T. Chandler,tyson-chandler,,DNP - Coach's Decision,19,,0,0,0,0,0,0,0,0,0,0,0,0,2019-20,Playoffs
0041900222,1610612745,Houston,Rockets,HOU,rockets,1626187,Michael,Frazier II,M. Frazier II,michael-frazier-ii,,DNP - Coach's Decision,21,,0,0,0,0,0,0,0,0,0,0,0,0,2019-20,Playoffs
0041900222,1610612745,Houston,Rockets,HOU,rockets,201601,Luc,Mbah a Moute,L. Mbah a Moute,luc-mbah-a-moute,,DNP - Coach's Decision,12,,0,0,0,0,0,0,0,0,0,0,0,0,2019-20,Playoffs
0041900222,1610612747,Los Angeles,Lakers,LAL,lakers,2544,LeBron,James,L. James,lebron-james,F,,23,39:16,8,0,10,16,16,9,4,18,2,0,3,9,2019-20,Playoffs
0041900222,1610612747,Los Angeles,Lakers,LAL,lakers,203076,Anthony,Davis,A. Davis,anthony-davis,F,,3,36:11,3,7,0,18,14,11,4,20,1,1,1,6,2019-20,Playoffs
0041900222,1610612747,Los Angeles,Lakers,LAL,lakers,201580,JaVale,McGee,J. McGee,javale-mcgee,C,,7,8:01,0,0,0,0,5,2,2,4,1,0,1,0,2019-20,Playoffs
0041900222,1610612747,Los Angeles,Lakers,LAL,lakers,201980,Danny,Green,D. Green,danny-green,G,,14,30:48,0,0,0,0,13,11,6,18,0,0,3,2,2019-20,Playoffs
0041900222,1610612747,Los Angeles,Lakers,LAL,lakers,203484,Kentavious,Caldwell-Pope,K. Caldwell-Pope,kentavious-caldwell-pope,G,,1,25:05,0,0,2,2,11,11,2,12,0,0,0,0,2019-20,Playoffs
0041900222,1610612747,Los Angeles,Lakers,LAL,lakers,1628398,Kyle,Kuzma,K. Kuzma,kyle-kuzma,,,0,20:48,5,4,0,10,7,4,2,12,1,0,3,0,2019-20,Playoffs
0041900222,1610612747,Los Angeles,Lakers,LAL,lakers,200765,Rajon,Rondo,R. Rondo,rajon-rondo,,,9,28:56,3,0,0,2,10,3,4,16,0,0,2,1,2019-20,Playoffs
0041900222,1610612747,Los Angeles,Lakers,LAL,lakers,1627936,Alex,Caruso,A. Caruso,alex-caruso,,,4,25:33,0,0,2,2,7,2,4,16,0,1,3,2,2019-20,Playoffs
0041900222,1610612747,Los Angeles,Lakers,LAL,lakers,202693,Markieff,Morris,M. Morris,markieff-morris,,,88,22:44,8,0,6,4,7,2,2,14,0,0,1,1,2019-20,Playoffs
0041900222,1610612747,Los Angeles,Lakers,LAL,lakers,203079,Dion,Waiters,D. Waiters,dion-waiters,,,18,2:38,0,0,0,0,0,0,0,0,0,0,0,0,2019-20,Playoffs
0041900222,1610612747,Los Angeles,Lakers,LAL,lakers,201162,Jared,Dudley,J. Dudley,jared-dudley,,DNP - Coach's Decision,10,,0,0,0,0,0,0,0,0,0,0,0,0,2019-20,Playoffs
0041900222,1610612747,Los Angeles,Lakers,LAL,lakers,2730,Dwight,Howard,D. Howard,dwight-howard,,DNP - Coach's Decision,39,,0,0,0,0,0,0,0,0,0,0,0,0,2019-20,Playoffs
0041900222,1610612747,Los Angeles,Lakers,LAL,lakers,2747,JR,Smith,J. Smith,jr-smith,,DNP - Coach's Decision,21,,0,0,0,0,0,0,0,0,0,0,0,0,2019-20,Playoffs
0041900223,1610612747,Los Angeles,Lakers,LAL,lakers,2544,LeBron,James,L. James,lebron-james,F,,23,37:31,0,2,2,14,10,7,6,36,4,0,1,6,2019-20,Playoffs
0041900223,1610612747,Los Angeles,Lakers,LAL,lakers,203076,Anthony,Davis,A. Davis,anthony-davis,F,,3,38:44,2,9,0,14,12,7,8,38,0,0,4,9,2019-20,Playoffs
0041900223,1610612747,Los Angeles,Lakers,LAL,lakers,201580,JaVale,McGee,J. McGee,javale-mcgee,C,,7,6:37,0,0,0,0,6,2,2,8,0,0,1,0,2019-20,Playoffs
0041900223,1610612747,Los Angeles,Lakers,LAL,lakers,201980,Danny,Green,D. Green,danny-green,G,,14,21:53,0,2,0,2,12,2,6,16,0,0,1,1,2019-20,Playoffs
0041900223,1610612747,Los Angeles,Lakers,LAL,lakers,203484,Kentavious,Caldwell-Pope,K. Caldwell-Pope,kentavious-caldwell-pope,G,,1,29:30,0,0,0,0,8,7,4,28,0,1,3,0,2019-20,Playoffs
0041900223,1610612747,Los Angeles,Lakers,LAL,lakers,1628398,Kyle,Kuzma,K. Kuzma,kyle-kuzma,,,0,24:23,2,2,4,12,0,0,0,24,1,0,2,0,2019-20,Playoffs
0041900223,1610612747,Los Angeles,Lakers,LAL,lakers,200765,Rajon,Rondo,R. Rondo,rajon-rondo,,,9,30:07,4,0,4,10,6,5,4,34,0,0,1,1,2019-20,Playoffs
0041900223,1610612747,Los Angeles,Lakers,LAL,lakers,1627936,Alex,Caruso,A. Caruso,alex-caruso,,,4,24:48,0,0,0,2,8,5,4,26,1,0,1,1,2019-20,Playoffs
0041900223,1610612747,Los Angeles,Lakers,LAL,lakers,202693,Markieff,Morris,M. Morris,markieff-morris,,,88,23:21,0,0,0,2,6,0,4,16,0,0,0,0,2019-20,Playoffs
0041900223,1610612747,Los Angeles,Lakers,LAL,lakers,2747,JR,Smith,J. Smith,jr-smith,,,21,3:06,0,0,0,0,2,0,2,4,0,0,1,0,2019-20,Playoffs
0041900223,1610612747,Los Angeles,Lakers,LAL,lakers,201162,Jared,Dudley,J. Dudley,jared-dudley,,DNP - Coach's Decision,10,,0,0,0,0,0,0,0,0,0,0,0,0,2019-20,Playoffs
0041900223,1610612747,Los Angeles,Lakers,LAL,lakers,1629659,Talen,Horton-Tucker,T. Horton-Tucker,talen-horton-tucker,,DNP - Coach's Decision,5,,0,0,0,0,0,0,0,0,0,0,0,0,2019-20,Playoffs
0041900223,1610612747,Los Angeles,Lakers,LAL,lakers,2730,Dwight,Howard,D. Howard,dwight-howard,,DNP - Coach's Decision,39,,0,0,0,0,0,0,0,0,0,0,0,0,2019-20,Playoffs
0041900223,1610612745,Houston,Rockets,HOU,rockets,201569,Eric,Gordon,E. Gordon,eric-gordon,F,,10,36:07,2,0,0,0,8,13,10,46,0,2,1,2,2019-20,Playoffs
0041900223,1610612745,Houston,Rockets,HOU,rockets,200782,P.J.,Tucker,P. Tucker,pj-tucker,F,,17,37:48,0,0,0,0,4,15,4,42,0,0,4,1,2019-20,Playoffs
0041900223,1610612745,Houston,Rockets,HOU,rockets,203496,Robert,Covington,R. Covington,robert-covington,C,,33,36:20,2,2,2,4,8,11,8,38,0,0,4,0,2019-20,Playoffs
0041900223,1610612745,Houston,Rockets,HOU,rockets,201935,James,Harden,J. Harden,james-harden,G,,13,38:04,6,5,2,14,6,15,8,42,0,2,2,5,2019-20,Playoffs
0041900223,1610612745,Houston,Rockets,HOU,rockets,201566,Russell,Westbrook,R. Westbrook,russell-westbrook,G,,0,35:36,4,0,2,16,4,13,8,46,1,0,1,5,2019-20,Playoffs
0041900223,1610612745,Houston,Rockets,HOU,rockets,201145,Jeff,Green,J. Green,jeff-green,,,32,35:07,0,0,2,12,8,4,10,40,0,1,4,2,2019-20,Playoffs
0041900223,1610612745,Houston,Rockets,HOU,rockets,203085,Austin,Rivers,A. Rivers,austin-rivers,,,25,10:34,0,0,0,0,0,2,0,10,0,1,2,0,2019-20,Playoffs
0041900223,1610612745,Houston,Rockets,HOU,rockets,203463,Ben,McLemore,B. McLemore,ben-mclemore,,,16,10:24,0,0,0,0,2,2,2,16,0,0,0,0,2019-20,Playoffs
0041900223,1610612745,Houston,Rockets,HOU,rockets,203998,Bruno,Caboclo,B. Caboclo,bruno-caboclo,,DNP - Coach's Decision,5,,0,0,0,0,0,0,0,0,0,0,0,0,2019-20,Playoffs
0041900223,1610612745,Houston,Rockets,HOU,rockets,201960,DeMarre,Carroll,D. Carroll,demarre-carroll,,DNP - Coach's Decision,9,,0,0,0,0,0,0,0,0,0,0,0,0,2019-20,Playoffs
0041900223,1610612745,Houston,Rockets,HOU,rockets,1629598,Chris,Clemons,C. Clemons,chris-clemons,,DNP - Coach's Decision,3,,0,0,0,0,0,0,0,0,0,0,0,0,2019-20,Playoffs
0041900223,1610612745,Houston,Rockets,HOU,rockets,1626187,Michael,Frazier II,M. Frazier II,michael-frazier-ii,,DNP - Coach's Decision,21,,0,0,0,0,0,0,0,0,0,0,0,0,2019-20,Playoffs
0041900223,1610612745,Houston,Rockets,HOU,rockets,201601,Luc,Mbah a Moute,L. Mbah a Moute,luc-mbah-a-moute,,DNP - Coach's Decision,12,,0,0,0,0,0,0,0,0,0,0,0,0,2019-20,Playoffs
0041900224,1610612747,Los Angeles,Lakers,LAL,lakers,2544,LeBron,James,L. James,lebron-james,F,,23,33:45,1,0,4,12,17,0,2,14,0,1,2,7,2019-20,Playoffs
0041900224,1610612747,Los Angeles,Lakers,LAL,lakers,203076,Anthony,Davis,A. Davis,anthony-davis,F,,3,39:47,6,6,3,20,15,3,2,20,2,1,4,9,2019-20,Playoffs
0041900224,1610612747,Los Angeles,Lakers,LAL,lakers,202693,Markieff,Morris,M. Morris,markieff-morris,C,,88,22:42,0,2,0,6,2,0,0,10,0,1,4,1,2019-20,Playoffs
0041900224,1610612747,Los Angeles,Lakers,LAL,lakers,201980,Danny,Green,D. Green,danny-green,G,,14,25:41,8,2,8,4,3,3,0,10,0,0,3,1,2019-20,Playoffs
0041900224,1610612747,Los Angeles,Lakers,LAL,lakers,203484,Kentavious,Caldwell-Pope,K. Caldwell-Pope,kentavious-caldwell-pope,G,,1,30:17,2,3,2,4,14,0,2,18,0,0,2,0,2019-20,Playoffs
0041900224,1610612747,Los Angeles,Lakers,LAL,lakers,1628398,Kyle,Kuzma,K. Kuzma,kyle-kuzma,,,0,22:22,0,0,2,4,9,3,0,14,0,2,2,1,2019-20,Playoffs
0041900224,1610612747,Los Angeles,Lakers,LAL,lakers,200765,Rajon,Rondo,R. Rondo,rajon-rondo,,,9,28:33,2,2,0,4,12,3,2,18,0,0,4,0,2019-20,Playoffs
0041900224,1610612747,Los Angeles,Lakers,LAL,lakers,1627936,Alex,Caruso,A. Caruso,alex-caruso,,,4,29:43,0,2,0,6,13,3,2,16,2,1,4,2,2019-20,Playoffs
0041900224,1610612747,Los Angeles,Lakers,LAL,lakers,1629659,Talen,Horton-Tucker,T. Horton-Tucker,talen-horton-tucker,,,5,7:10,0,0,0,2,0,0,0,0,0,0,2,0,2019-20,Playoffs
0041900224,1610612747,Los Angeles,Lakers,LAL,lakers,201162,Jared,Dudley,J. Dudley,jared-dudley,,DNP - Coach's Decision,10,,0,0,0,0,0,0,0,0,0,0,0,0,2019-20,Playoffs
0041900224,1610612747,Los Angeles,Lakers,LAL,lakers,2730,Dwight,Howard,D. Howard,dwight-howard,,DNP - Coach's Decision,39,,0,0,0,0,0,0,0,0,0,0,0,0,2019-20,Playoffs
0041900224,1610612747,Los Angeles,Lakers,LAL,lakers,201580,JaVale,McGee,J. McGee,javale-mcgee,,DNP - Coach's Decision,7,,0,0,0,0,0,0,0,0,0,0,0,0,2019-20,Playoffs
0041900224,1610612747,Los Angeles,Lakers,LAL,lakers,2747,JR,Smith,J. Smith,jr-smith,,DNP - Coach's Decision,21,,0,0,0,0,0,0,0,0,0,0,0,0,2019-20,Playoffs
0041900224,1610612745,Houston,Rockets,HOU,rockets,201569,Eric,Gordon,E. Gordon,eric-gordon,F,,10,34:59,3,0,0,2,13,13,17,46,0,3,2,2,2019-20,Playoffs
0041900224,1610612745,Houston,Rockets,HOU,rockets,200782,P.J.,Tucker,P. Tucker,pj-tucker,F,,17,32:32,0,0,0,0,15,15,17,44,1,0,4,2,2019-20,Playoffs
0041900224,1610612745,Houston,Rockets,HOU,rockets,203496,Robert,Covington,R. Covington,robert-covington,C,,33,23:31,0,0,0,0,6,13,14,30,0,0,2,0,2019-20,Playoffs
0041900224,1610612745,Houston,Rockets,HOU,rockets,201935,James,Harden,J. Harden,james-harden,G,,13,39:25,4,0,0,2,14,15,14,50,3,1,3,11,2019-20,Playoffs
0041900224,1610612745,Houston,Rockets,HOU,rockets,201566,Russell,Westbrook,R. Westbrook,russell-westbrook,G,,0,40:36,8,3,0,8,15,17,17,54,1,0,4,7,2019-20,Playoffs
0041900224,1610612745,Houston,Rockets,HOU,rockets,203463,Ben,McLemore,B. McLemore,ben-mclemore,,,16,14:44,0,0,0,0,8,4,2,20,0,0,0,1,2019-20,Playoffs
0041900224,1610612745,Houston,Rockets,HOU,rockets,201145,Jeff,Green,J. Green,jeff-green,,,32,26:27,2,0,0,6,11,4,7,28,1,0,3,2,2019-20,Playoffs
0041900224,1610612745,Houston,Rockets,HOU,rockets,203085,Austin,Rivers,A. Rivers,austin-rivers,,,25,27:46,0,0,2,6,13,4,7,38,0,0,3,2,2019-20,Playoffs
0041900224,1610612745,Houston,Rockets,HOU,rockets,203998,Bruno,Caboclo,B. Caboclo,bruno-caboclo,,DNP - Coach's Decision,5,,0,0,0,0,0,0,0,0,0,0,0,0,2019-20,Playoffs
0041900224,1610612745,Houston,Rockets,HOU,rockets,201960,DeMarre,Carroll,D. Carroll,demarre-carroll,,DNP - Coach's Decision,9,,0,0,0,0,0,0,0,0,0,0,0,0,2019-20,Playoffs
0041900224,1610612745,Houston,Rockets,HOU,rockets,2199,Tyson,Chandler,T. Chandler,tyson-chandler,,DNP - Coach's Decision,19,,0,0,0,0,0,0,0,0,0,0,0,0,2019-20,Playoffs
0041900224,1610612745,Houston,Rockets,HOU,rockets,1626187,Michael,Frazier II,M. Frazier II,michael-frazier-ii,,DNP - Coach's Decision,21,,0,0,0,0,0,0,0,0,0,0,0,0,2019-20,Playoffs
0041900224,1610612745,Houston,Rockets,HOU,rockets,201601,Luc,Mbah a Moute,L. Mbah a Moute,luc-mbah-a-moute,,DNP - Coach's Decision,12,,0,0,0,0,0,0,0,0,0,0,0,0,2019-20,Playoffs
0041900225,1610612745,Houston,Rockets,HOU,rockets,201569,Eric,Gordon,E. Gordon,eric-gordon,F,,10,29:01,0,0,0,2,12,6,14,20,0,0,2,0,2019-20,Playoffs
0041900225,1610612745,Houston,Rockets,HOU,rockets,200782,P.J.,Tucker,P. Tucker,pj-tucker,F,,17,28:58,0,0,0,2,10,9,15,18,0,0,3,2,2019-20,Playoffs
0041900225,1610612745,Houston,Rockets,HOU,rockets,203496,Robert,Covington,R. Covington,robert-covington,C,,33,21:49,5,3,2,2,7,8,9,18,0,0,5,2,2019-20,Playoffs
0041900225,1610612745,Houston,Rockets,HOU,rockets,201935,James,Harden,J. Harden,james-harden,G,,13,42:19,7,4,2,18,16,13,17,28,1,1,5,5,2019-20,Playoffs
0041900225,1610612745,Houston,Rockets,HOU,rockets,201566,Russell,Westbrook,R. Westbrook,russell-westbrook,G,,0,35:54,1,2,0,6,14,11,14,22,0,1,2,6,2019-20,Playoffs
0041900225,1610612745,Houston,Rockets,HOU,rockets,201145,Jeff,Green,J. Green,jeff-green,,,32,24:36,0,0,2,4,9,6,8,16,2,1,0,3,2019-20,Playoffs
0041900225,1610612745,Houston,Rockets,HOU,rockets,203085,Austin,Rivers,A. Rivers,austin-rivers,,,25,24:09,3,0,0,2,8,8,5,18,0,1,5,5,2019-20,Playoffs
0041900225,1610612745,Houston,Rockets,HOU,rockets,203463,Ben,McLemore,B. McLemore,ben-mclemore,,,16,19:44,0,0,0,0,4,6,3,18,0,2,2,0,2019-20,Playoffs
0041900225,1610612745,Houston,Rockets,HOU,rockets,1629598,Chris,Clemons,C. Clemons,chris-clemons,,,3,4:30,0,3,0,0,0,1,0,4,0,0,0,1,2019-20,Playoffs
0041900225,1610612745,Houston,Rockets,HOU,rockets,1626187,Michael,Frazier II,M. Frazier II,michael-frazier-ii,,,21,4:30,0,0,0,0,0,1,0,4,0,0,0,0,2019-20,Playoffs
0041900225,1610612745,Houston,Rockets,HOU,rockets,203998,Bruno,Caboclo,B. Caboclo,bruno-caboclo,,,5,4:30,0,0,0,0,0,1,0,4,0,1,2,0,2019-20,Playoffs
0041900225,1610612745,Houston,Rockets,HOU,rockets,201960,DeMarre,Carroll,D. Carroll,demarre-carroll,,DNP - Coach's Decision,9,,0,0,0,0,0,0,0,0,0,0,0,0,2019-20,Playoffs
0041900225,1610612745,Houston,Rockets,HOU,rockets,201601,Luc,Mbah a Moute,L. Mbah a Moute,luc-mbah-a-moute,,DNP - Coach's Decision,12,,0,0,0,0,0,0,0,0,0,0,0,0,2019-20,Playoffs
0041900225,1610612747,Los Angeles,Lakers,LAL,lakers,2544,LeBron,James,L. James,lebron-james,F,,23,30:48,2,4,7,10,8,4,6,26,1,0,2,9,2019-20,Playoffs
0041900225,1610612747,Los Angeles,Lakers,LAL,lakers,203076,Anthony,Davis,A. Davis,anthony-davis,F,,3,34:25,2,4,0,6,14,7,6,28,1,0,2,6,2019-20,Playoffs
0041900225,1610612747,Los Angeles,Lakers,LAL,lakers,202693,Markieff,Morris,M. Morris,markieff-morris,C,,88,24:21,2,0,2,2,5,7,2,18,0,1,5,1,2019-20,Playoffs
0041900225,1610612747,Los Angeles,Lakers,LAL,lakers,201980,Danny,Green,D. Green,danny-green,G,,14,25:09,0,3,3,0,7,7,4,22,0,0,3,2,2019-20,Playoffs
0041900225,1610612747,Los Angeles,Lakers,LAL,lakers,203484,Kentavious,Caldwell-Pope,K. Caldwell-Pope,kentavious-caldwell-pope,G,,1,28:01,5,0,5,4,8,2,6,24,0,0,1,0,2019-20,Playoffs
0041900225,1610612747,Los Angeles,Lakers,LAL,lakers,1628398,Kyle,Kuzma,K. Kuzma,kyle-kuzma,,,0,26:49,5,2,0,4,11,7,2,20,1,1,2,3,2019-20,Playoffs
0041900225,1610612747,Los Angeles,Lakers,LAL,lakers,200765,Rajon,Rondo,R. Rondo,rajon-rondo,,,9,20:39,0,0,0,0,15,7,2,14,1,0,4,2,2019-20,Playoffs
0041900225,1610612747,Los Angeles,Lakers,LAL,lakers,1627936,Alex,Caruso,A. Caruso,alex-caruso,,,4,23:37,0,0,0,2,9,4,2,18,2,1,1,0,2019-20,Playoffs
0041900225,1610612747,Los Angeles,Lakers,LAL,lakers,1629659,Talen,Horton-Tucker,T. Horton-Tucker,talen-horton-tucker,,,5,9:45,0,0,0,6,3,6,0,6,0,0,2,0,2019-20,Playoffs
0041900225,1610612747,Los Angeles,Lakers,LAL,lakers,201162,Jared,Dudley,J. Dudley,jared-dudley,,,10,5:31,0,0,0,0,0,3,0,2,0,0,0,0,2019-20,Playoffs
0041900225,1610612747,Los Angeles,Lakers,LAL,lakers,2730,Dwight,Howard,D. Howard,dwight-howard,,,39,4:30,0,1,0,0,0,3,0,2,0,0,2,3,2019-20,Playoffs
0041900225,1610612747,Los Angeles,Lakers,LAL,lakers,2747,JR,Smith,J. Smith,jr-smith,,,21,3:42,0,0,0,0,0,3,0,0,0,0,0,0,2019-20,Playoffs
0041900225,1610612747,Los Angeles,Lakers,LAL,lakers,201580,JaVale,McGee,J. McGee,javale-mcgee,,,7,2:43,0,0,0,0,0,0,0,0,1,0,0,0,2019-20,Playoffs
0041900231,1610612743,Denver,Nuggets,DEN,nuggets,203924,Jerami,Grant,J. Grant,jerami-grant,F,,9,26:18,0,3,0,2,6,8,4,36,0,1,3,2,2019-20,Playoffs
0041900231,1610612743,Denver,Nuggets,DEN,nuggets,200794,Paul,Millsap,P. Millsap,paul-millsap,F,,4,23:51,2,2,2,4,8,4,4,26,2,0,2,5,2019-20,Playoffs
0041900231,1610612743,Denver,Nuggets,DEN,nuggets,203999,Nikola,Jokić,N. Jokić,nikola-jokić,C,,15,29:57,4,0,0,10,8,8,6,40,0,0,2,3,2019-20,Playoffs
0041900231,1610612743,Denver,Nuggets,DEN,nuggets,203914,Gary,Harris,G. Harris,gary-harris,G,,14,24:10,3,0,0,0,6,4,4,30,0,0,4,0,2019-20,Playoffs
0041900231,1610612743,Denver,Nuggets,DEN,nuggets,1627750,Jamal,Murray,J. Murray,jamal-murray,G,,27,33:22,2,2,2,6,10,6,8,32,0,1,0,4,2019-20,Playoffs
0041900231,1610612743,Denver,Nuggets,DEN,nuggets,1628470,Torrey,Craig,T. Craig,torrey-craig,,,3,21:57,0,1,0,2,6,6,6,32,0,0,2,1,2019-20,Playoffs
0041900231,1610612743,Denver,Nuggets,DEN,nuggets,1628420,Monte,Morris,M. Morris,monte-morris,,,11,17:17,2,4,2,6,2,6,2,26,0,0,2,2,2019-20,Playoffs
0041900231,1610612743,Denver,Nuggets,DEN,nuggets,1629008,Michael,Porter Jr.,M. Porter Jr.,michael-porter-jr,,,1,23:21,0,2,0,4,2,10,4,38,0,1,2,1,2019-20,Playoffs
0041900231,1610612743,Denver,Nuggets,DEN,nuggets,203486,Mason,Plumlee,M. Plumlee,mason-plumlee,,,7,13:39,0,2,0,2,2,4,2,18,2,0,4,4,2019-20,Playoffs
0041900231,1610612743,Denver,Nuggets,DEN,nuggets,1628408,PJ,Dozier,P. Dozier,pj-dozier,,,35,9:35,2,0,0,4,0,6,0,18,0,0,0,0,2019-20,Playoffs
0041900231,1610612743,Denver,Nuggets,DEN,nuggets,1628966,Keita,Bates-Diop,K. Bates-Diop,keita-bates-diop,,,6,6:48,0,0,0,0,0,4,0,14,0,0,0,1,2019-20,Playoffs
0041900231,1610612743,Denver,Nuggets,DEN,nuggets,203584,Troy,Daniels,T. Daniels,troy-daniels,,,30,5:21,2,0,0,0,0,2,0,12,0,0,0,0,2019-20,Playoffs
0041900231,1610612743,Denver,Nuggets,DEN,nuggets,1629626,Bol,Bol,B. Bol,bol-bol,,,10,4:24,1,0,3,0,0,2,0,8,1,0,0,1,2019-20,Playoffs
0041900231,1610612746,LA,Clippers,LAC,clippers,202695,Kawhi,Leonard,K. Leonard,kawhi-leonard,F,,2,31:58,4,2,4,18,11,12,4,26,1,0,1,5,2019-20,Playoffs
0041900231,1610612746,LA,Clippers,LAC,clippers,202694,Marcus,Morris Sr.,M. Morris Sr.,marcus-morris-sr,F,,31,26:52,2,2,0,4,9,8,4,18,0,0,3,2,2019-20,Playoffs
0041900231,1610612746,LA,Clippers,LAC,clippers,1627826,Ivica,Zubac,I. Zubac,ivica-zubac,C,,40,24:26,2,0,0,4,9,7,4,18,1,0,2,1,2019-20,Playoffs
0041900231,1610612746,LA,Clippers,LAC,clippers,202331,Paul,George,P. George,paul-george,G,,13,33:05,0,0,2,4,13,6,6,24,0,0,2,7,2019-20,Playoffs
0041900231,1610612746,LA,Clippers,LAC,clippers,201976,Patrick,Beverley,P. Beverley,patrick-beverley,G,,21,12:13,0,0,0,2,2,0,2,4,0,1,2,0,2019-20,Playoffs
0041900231,1610612746,LA,Clippers,LAC,clippers,1629013,Landry,Shamet,L. Shamet,landry-shamet,,,20,21:10,0,2,0,4,8,14,3,20,0,1,2,2,2019-20,Playoffs
0041900231,1610612746,LA,Clippers,LAC,clippers,101150,Lou,Williams,L. Williams,lou-williams,,,23,23:51,0,2,0,10,8,12,4,24,0,0,3,0,2019-20,Playoffs
0041900231,1610612746,LA,Clippers,LAC,clippers,1626149,Montrezl,Harrell,M. Harrell,montrezl-harrell,,,5,19:10,2,2,2,10,6,9,2,18,1,1,4,4,2019-20,Playoffs
0041900231,1610612746,LA,Clippers,LAC,clippers,203210,JaMychal,Green,J. Green,jamychal-green,,,4,21:08,0,2,0,4,9,8,5,22,0,1,3,0,2019-20,Playoffs
0041900231,1610612746,LA,Clippers,LAC,clippers,202704,Reggie,Jackson,R. Jackson,reggie-jackson,,,1,12:55,0,0,0,0,6,4,2,14,0,0,2,0,2019-20,Playoffs
0041900231,1610612746,LA,Clippers,LAC,clippers,203585,Rodney,McGruder,R. McGruder,rodney-mcgruder,,,19,4:24,0,0,0,2,3,0,3,4,0,0,0,0,2019-20,Playoffs
0041900231,1610612746,LA,Clippers,LAC,clippers,202335,Patrick,Patterson,P. Patterson,patrick-patterson,,,54,4:24,0,0,0,0,3,0,3,4,0,0,0,0,2019-20,Playoffs
0041900231,1610612746,LA,Clippers,LAC,clippers,1629611,Terance,Mann,T. Mann,terance-mann,,,14,4:24,0,2,0,4,3,0,3,4,0,1,0,0,2019-20,Playoffs
0041900232,1610612743,Denver,Nuggets,DEN,nuggets,203924,Jerami,Grant,J. Grant,jerami-grant,F,,9,40:14,0,2,2,0,7,21,11,38,4,0,1,5,2019-20,Playoffs
0041900232,1610612743,Denver,Nuggets,DEN,nuggets,200794,Paul,Millsap,P. Millsap,paul-millsap,F,,4,31:44,2,0,2,6,2,15,7,30,0,0,3,2,2019-20,Playoffs
0041900232,1610612743,Denver,Nuggets,DEN,nuggets,203999,Nikola,Jokić,N. Jokić,nikola-jokić,C,,15,37:15,3,2,0,10,6,16,10,34,3,0,4,4,2019-20,Playoffs
0041900232,1610612743,Denver,Nuggets,DEN,nuggets,203914,Gary,Harris,G. Harris,gary-harris,G,,14,29:25,0,0,1,0,2,15,7,26,0,1,3,1,2019-20,Playoffs
0041900232,1610612743,Denver,Nuggets,DEN,nuggets,1627750,Jamal,Murray,J. Murray,jamal-murray,G,,27,39:59,2,0,4,8,11,25,10,44,1,0,3,3,2019-20,Playoffs
0041900232,1610612743,Denver,Nuggets,DEN,nuggets,1628420,Monte,Morris,M. Morris,monte-morris,,,11,17:37,0,0,3,2,9,10,6,18,0,1,1,1,2019-20,Playoffs
0041900232,1610612743,Denver,Nuggets,DEN,nuggets,1628470,Torrey,Craig,T. Craig,torrey-craig,,,3,16:57,3,2,1,2,10,13,5,18,0,1,3,1,2019-20,Playoffs
0041900232,1610612743,Denver,Nuggets,DEN,nuggets,1629008,Michael,Porter Jr.,M. Porter Jr.,michael-porter-jr,,,1,16:16,4,6,2,6,11,12,6,18,0,1,1,0,2019-20,Playoffs
0041900232,1610612743,Denver,Nuggets,DEN,nuggets,203486,Mason,Plumlee,M. Plumlee,mason-plumlee,,,7,10:33,0,0,0,2,7,8,3,14,0,0,4,0,2019-20,Playoffs
0041900232,1610612743,Denver,Nuggets,DEN,nuggets,1628966,Keita,Bates-Diop,K. Bates-Diop,keita-bates-diop,,DNP - Coach's Decision,6,,0,0,0,0,0,0,0,0,0,0,0,0,2019-20,Playoffs
0041900232,1610612743,Denver,Nuggets,DEN,nuggets,1629626,Bol,Bol,B. Bol,bol-bol,,DNP - Coach's Decision,10,,0,0,0,0,0,0,0,0,0,0,0,0,2019-20,Playoffs
0041900232,1610612743,Denver,Nuggets,DEN,nuggets,203584,Troy,Daniels,T. Daniels,troy-daniels,,DNP - Coach's Decision,30,,0,0,0,0,0,0,0,0,0,0,0,0,2019-20,Playoffs
0041900232,1610612743,Denver,Nuggets,DEN,nuggets,1628408,PJ,Dozier,P. Dozier,pj-dozier,,DNP - Coach's Decision,35,,0,0,0,0,0,0,0,0,0,0,0,0,2019-20,Playoffs
0041900232,1610612746,LA,Clippers,LAC,clippers,202695,Kawhi,Leonard,K. Leonard,kawhi-leonard,F,,2,38:49,2,2,0,6,9,4,14,26,1,3,2,6,2019-20,Playoffs
0041900232,1610612746,LA,Clippers,LAC,clippers,202694,Marcus,Morris Sr.,M. Morris Sr.,marcus-morris-sr,F,,31,31:12,0,5,0,2,7,2,9,22,0,0,1,2,2019-20,Playoffs
0041900232,1610612746,LA,Clippers,LAC,clippers,1627826,Ivica,Zubac,I. Zubac,ivica-zubac,C,,40,20:15,2,6,2,12,4,0,7,20,0,0,3,2,2019-20,Playoffs
0041900232,1610612746,LA,Clippers,LAC,clippers,202331,Paul,George,P. George,paul-george,G,,13,41:56,4,2,5,6,9,10,10,34,2,3,2,4,2019-20,Playoffs
0041900232,1610612746,LA,Clippers,LAC,clippers,201976,Patrick,Beverley,P. Beverley,patrick-beverley,G,,21,15:09,0,0,0,2,0,2,5,8,0,0,5,2,2019-20,Playoffs
0041900232,1610612746,LA,Clippers,LAC,clippers,1629013,Landry,Shamet,L. Shamet,landry-shamet,,,20,10:01,0,0,0,2,4,6,2,12,0,0,0,0,2019-20,Playoffs
0041900232,1610612746,LA,Clippers,LAC,clippers,101150,Lou,Williams,L. Williams,lou-williams,,,23,29:22,0,4,0,8,12,12,8,20,1,0,0,2,2019-20,Playoffs
0041900232,1610612746,LA,Clippers,LAC,clippers,1626149,Montrezl,Harrell,M. Harrell,montrezl-harrell,,,5,17:52,5,3,1,6,10,10,6,14,0,1,0,5,2019-20,Playoffs
0041900232,1610612746,LA,Clippers,LAC,clippers,202704,Reggie,Jackson,R. Jackson,reggie-jackson,,,1,9:14,0,0,3,0,8,2,6,8,0,0,1,0,2019-20,Playoffs
0041900232,1610612746,LA,Clippers,LAC,clippers,203210,JaMychal,Green,J. Green,jamychal-green,,,4,26:07,0,5,2,4,7,12,8,16,0,1,3,0,2019-20,Playoffs
0041900232,1610612746,LA,Clippers,LAC,clippers,1629611,Terance,Mann,T. Mann,terance-mann,,,14,0:03,0,0,0,0,0,0,0,0,0,0,0,0,2019-20,Playoffs
0041900232,1610612746,LA,Clippers,LAC,clippers,203585,Rodney,McGruder,R. McGruder,rodney-mcgruder,,DNP - Coach's Decision,19,,0,0,0,0,0,0,0,0,0,0,0,0,2019-20,Playoffs
0041900232,1610612746,LA,Clippers,LAC,clippers,202335,Patrick,Patterson,P. Patterson,patrick-patterson,,DNP - Coach's Decision,54,,0,0,0,0,0,0,0,0,0,0,0,0,2019-20,Playoffs
0041900233,1610612746,LA,Clippers,LAC,clippers,202695,Kawhi,Leonard,K. Leonard,kawhi-leonard,F,,2,42:15,2,0,2,8,15,4,12,48,2,0,2,4,2019-20,Playoffs
0041900233,1610612746,LA,Clippers,LAC,clippers,202694,Marcus,Morris Sr.,M. Morris Sr.,marcus-morris-sr,F,,31,34:49,2,0,4,8,11,2,8,34,0,0,1,0,2019-20,Playoffs
0041900233,1610612746,LA,Clippers,LAC,clippers,1627826,Ivica,Zubac,I. Zubac,ivica-zubac,C,,40,21:30,0,2,0,2,11,0,7,20,0,0,6,6,2019-20,Playoffs
0041900233,1610612746,LA,Clippers,LAC,clippers,202331,Paul,George,P. George,paul-george,G,,13,40:28,2,0,14,10,16,8,10,48,0,0,3,6,2019-20,Playoffs
0041900233,1610612746,LA,Clippers,LAC,clippers,201976,Patrick,Beverley,P. Beverley,patrick-beverley,G,,21,20:37,0,0,4,4,14,2,12,26,1,0,2,1,2019-20,Playoffs
0041900233,1610612746,LA,Clippers,LAC,clippers,203210,JaMychal,Green,J. Green,jamychal-green,,,4,14:37,2,0,2,4,9,2,7,18,1,0,2,1,2019-20,Playoffs
0041900233,1610612746,LA,Clippers,LAC,clippers,101150,Lou,Williams,L. Williams,lou-williams,,,23,27:41,0,0,3,2,3,10,0,32,0,0,1,2,2019-20,Playoffs
0041900233,1610612746,LA,Clippers,LAC,clippers,1626149,Montrezl,Harrell,M. Harrell,montrezl-harrell,,,5,21:33,1,2,1,4,3,10,2,32,0,0,3,6,2019-20,Playoffs
0041900233,1610612746,LA,Clippers,LAC,clippers,202704,Reggie,Jackson,R. Jackson,reggie-jackson,,,1,4:59,0,0,0,0,0,6,0,12,0,0,0,0,2019-20,Playoffs
0041900233,1610612746,LA,Clippers,LAC,clippers,1629013,Landry,Shamet,L. Shamet,landry-shamet,,,20,11:10,0,0,0,0,3,6,0,18,0,0,0,0,2019-20,Playoffs
0041900233,1610612746,LA,Clippers,LAC,clippers,1629611,Terance,Mann,T. Mann,terance-mann,,,14,0:22,0,0,0,0,0,0,2,2,0,0,0,0,2019-20,Playoffs
0041900233,1610612746,LA,Clippers,LAC,clippers,203585,Rodney,McGruder,R. McGruder,rodney-mcgruder,,DNP - Coach's Decision,19,,0,0,0,0,0,0,0,0,0,0,0,0,2019-20,Playoffs
0041900233,1610612746,LA,Clippers,LAC,clippers,202335,Patrick,Patterson,P. Patterson,patrick-patterson,,DNP - Coach's Decision,54,,0,0,0,0,0,0,0,0,0,0,0,0,2019-20,Playoffs
0041900233,1610612743,Denver,Nuggets,DEN,nuggets,203924,Jerami,Grant,J. Grant,jerami-grant,F,,9,42:15,0,2,4,8,7,0,23,36,0,0,4,1,2019-20,Playoffs
0041900233,1610612743,Denver,Nuggets,DEN,nuggets,200794,Paul,Millsap,P. Millsap,paul-millsap,F,,4,28:21,2,0,3,10,6,2,20,28,0,0,4,1,2019-20,Playoffs
0041900233,1610612743,Denver,Nuggets,DEN,nuggets,203999,Nikola,Jokić,N. Jokić,nikola-jokić,C,,15,38:38,6,0,0,14,7,0,20,32,0,0,4,7,2019-20,Playoffs
0041900233,1610612743,Denver,Nuggets,DEN,nuggets,203914,Gary,Harris,G. Harris,gary-harris,G,,14,35:28,2,0,2,2,8,2,27,40,0,0,3,3,2019-20,Playoffs
0041900233,1610612743,Denver,Nuggets,DEN,nuggets,1627750,Jamal,Murray,J. Murray,jamal-murray,G,,27,38:20,3,0,3,4,8,4,30,36,0,2,4,6,2019-20,Playoffs
0041900233,1610612743,Denver,Nuggets,DEN,nuggets,1628420,Monte,Morris,M. Morris,monte-morris,,,11,18:24,2,0,0,6,3,4,7,14,0,0,0,0,2019-20,Playoffs
0041900233,1610612743,Denver,Nuggets,DEN,nuggets,1628470,Torrey,Craig,T. Craig,torrey-craig,,,3,6:05,0,0,0,0,1,0,0,0,0,0,2,0,2019-20,Playoffs
0041900233,1610612743,Denver,Nuggets,DEN,nuggets,1629008,Michael,Porter Jr.,M. Porter Jr.,michael-porter-jr,,,1,23:07,0,8,0,12,3,4,13,14,0,2,3,0,2019-20,Playoffs
0041900233,1610612743,Denver,Nuggets,DEN,nuggets,203486,Mason,Plumlee,M. Plumlee,mason-plumlee,,,7,9:22,2,0,0,2,2,4,10,10,0,0,2,2,2019-20,Playoffs
0041900233,1610612743,Denver,Nuggets,DEN,nuggets,1628966,Keita,Bates-Diop,K. Bates-Diop,keita-bates-diop,,DNP - Coach's Decision,6,,0,0,0,0,0,0,0,0,0,0,0,0,2019-20,Playoffs
0041900233,1610612743,Denver,Nuggets,DEN,nuggets,1629626,Bol,Bol,B. Bol,bol-bol,,DNP - Coach's Decision,10,,0,0,0,0,0,0,0,0,0,0,0,0,2019-20,Playoffs
0041900233,1610612743,Denver,Nuggets,DEN,nuggets,203584,Troy,Daniels,T. Daniels,troy-daniels,,DNP - Coach's Decision,30,,0,0,0,0,0,0,0,0,0,0,0,0,2019-20,Playoffs
0041900233,1610612743,Denver,Nuggets,DEN,nuggets,1628408,PJ,Dozier,P. Dozier,pj-dozier,,DNP - Coach's Decision,35,,0,0,0,0,0,0,0,0,0,0,0,0,2019-20,Playoffs
0041900234,1610612746,LA,Clippers,LAC,clippers,202695,Kawhi,Leonard,K. Leonard,kawhi-leonard,F,,2,38:52,6,4,2,10,11,5,4,18,2,2,3,9,2019-20,Playoffs
0041900234,1610612746,LA,Clippers,LAC,clippers,202694,Marcus,Morris Sr.,M. Morris Sr.,marcus-morris-sr,F,,31,29:43,3,0,0,0,9,3,0,10,0,0,2,1,2019-20,Playoffs
0041900234,1610612746,LA,Clippers,LAC,clippers,1627826,Ivica,Zubac,I. Zubac,ivica-zubac,C,,40,29:45,1,3,0,8,7,3,2,12,2,1,4,2,2019-20,Playoffs
0041900234,1610612746,LA,Clippers,LAC,clippers,202331,Paul,George,P. George,paul-george,G,,13,26:55,0,0,0,2,9,2,5,12,0,0,5,0,2019-20,Playoffs
0041900234,1610612746,LA,Clippers,LAC,clippers,201976,Patrick,Beverley,P. Beverley,patrick-beverley,G,,21,22:46,0,0,0,2,4,3,5,10,0,0,4,2,2019-20,Playoffs
0041900234,1610612746,LA,Clippers,LAC,clippers,1629013,Landry,Shamet,L. Shamet,landry-shamet,,,20,24:32,0,0,0,0,4,3,4,12,1,0,2,1,2019-20,Playoffs
0041900234,1610612746,LA,Clippers,LAC,clippers,101150,Lou,Williams,L. Williams,lou-williams,,,23,29:33,2,0,3,4,7,2,9,10,0,1,2,6,2019-20,Playoffs
0041900234,1610612746,LA,Clippers,LAC,clippers,203210,JaMychal,Green,J. Green,jamychal-green,,,4,18:17,0,0,1,0,4,2,9,12,0,0,1,1,2019-20,Playoffs
0041900234,1610612746,LA,Clippers,LAC,clippers,1626149,Montrezl,Harrell,M. Harrell,montrezl-harrell,,,5,18:15,0,2,0,12,6,2,7,10,0,1,3,3,2019-20,Playoffs
0041900234,1610612746,LA,Clippers,LAC,clippers,202704,Reggie,Jackson,R. Jackson,reggie-jackson,,,1,0:41,0,0,0,0,2,0,0,2,0,0,0,0,2019-20,Playoffs
0041900234,1610612746,LA,Clippers,LAC,clippers,1629611,Terance,Mann,T. Mann,terance-mann,,,14,0:41,0,0,0,0,2,0,0,2,0,0,0,0,2019-20,Playoffs
0041900234,1610612746,LA,Clippers,LAC,clippers,201149,Joakim,Noah,J. Noah,joakim-noah,,DNP - Coach's Decision,55,,0,0,0,0,0,0,0,0,0,0,0,0,2019-20,Playoffs
0041900234,1610612746,LA,Clippers,LAC,clippers,202335,Patrick,Patterson,P. Patterson,patrick-patterson,,DNP - Coach's Decision,54,,0,0,0,0,0,0,0,0,0,0,0,0,2019-20,Playoffs
0041900234,1610612743,Denver,Nuggets,DEN,nuggets,203924,Jerami,Grant,J. Grant,jerami-grant,F,,9,34:25,0,0,0,2,10,7,5,26,0,0,3,2,2019-20,Playoffs
0041900234,1610612743,Denver,Nuggets,DEN,nuggets,200794,Paul,Millsap,P. Millsap,paul-millsap,F,,4,14:05,0,1,0,0,7,2,2,12,1,0,0,3,2019-20,Playoffs
0041900234,1610612743,Denver,Nuggets,DEN,nuggets,203999,Nikola,Jokić,N. Jokić,nikola-jokić,C,,15,38:52,4,2,2,10,12,7,5,32,1,3,4,6,2019-20,Playoffs
0041900234,1610612743,Denver,Nuggets,DEN,nuggets,203914,Gary,Harris,G. Harris,gary-harris,G,,14,23:03,0,0,0,2,8,3,3,22,1,0,6,5,2019-20,Playoffs
0041900234,1610612743,Denver,Nuggets,DEN,nuggets,1627750,Jamal,Murray,J. Murray,jamal-murray,G,,27,44:17,5,0,0,4,12,7,6,34,0,0,0,6,2019-20,Playoffs
0041900234,1610612743,Denver,Nuggets,DEN,nuggets,1628420,Monte,Morris,M. Morris,monte-morris,,,11,16:50,2,0,2,2,2,4,1,16,0,0,2,2,2019-20,Playoffs
0041900234,1610612743,Denver,Nuggets,DEN,nuggets,1628470,Torrey,Craig,T. Craig,torrey-craig,,,3,24:44,0,0,0,0,4,6,3,16,0,1,4,1,2019-20,Playoffs
0041900234,1610612743,Denver,Nuggets,DEN,nuggets,1629008,Michael,Porter Jr.,M. Porter Jr.,michael-porter-jr,,,1,33:55,2,2,5,2,5,7,4,26,1,1,3,1,2019-20,Playoffs
0041900234,1610612743,Denver,Nuggets,DEN,nuggets,203486,Mason,Plumlee,M. Plumlee,mason-plumlee,,,7,9:08,0,0,0,0,0,2,1,6,1,0,3,0,2019-20,Playoffs
0041900234,1610612743,Denver,Nuggets,DEN,nuggets,1628408,PJ,Dozier,P. Dozier,pj-dozier,,,35,0:41,0,0,0,0,0,0,0,0,0,0,0,0,2019-20,Playoffs
0041900234,1610612743,Denver,Nuggets,DEN,nuggets,1628966,Keita,Bates-Diop,K. Bates-Diop,keita-bates-diop,,DNP - Coach's Decision,6,,0,0,0,0,0,0,0,0,0,0,0,0,2019-20,Playoffs
0041900234,1610612743,Denver,Nuggets,DEN,nuggets,1629626,Bol,Bol,B. Bol,bol-bol,,DNP - Coach's Decision,10,,0,0,0,0,0,0,0,0,0,0,0,0,2019-20,Playoffs
0041900234,1610612743,Denver,Nuggets,DEN,nuggets,203584,Troy,Daniels,T. Daniels,troy-daniels,,DNP - Coach's Decision,30,,0,0,0,0,0,0,0,0,0,0,0,0,2019-20,Playoffs
0041900235,1610612743,Denver,Nuggets,DEN,nuggets,203924,Jerami,Grant,J. Grant,jerami-grant,F,,9,35:36,0,0,0,2,15,2,9,18,2,0,4,2,2019-20,Playoffs
0041900235,1610612743,Denver,Nuggets,DEN,nuggets,200794,Paul,Millsap,P. Millsap,paul-millsap,F,,4,28:55,2,1,2,6,11,4,7,18,0,2,3,4,2019-20,Playoffs
0041900235,1610612743,Denver,Nuggets,DEN,nuggets,203999,Nikola,Jokić,N. Jokić,nikola-jokić,C,,15,40:07,4,7,0,6,15,2,11,22,2,0,3,6,2019-20,Playoffs
0041900235,1610612743,Denver,Nuggets,DEN,nuggets,203914,Gary,Harris,G. Harris,gary-harris,G,,14,27:05,0,0,0,2,15,0,7,16,0,0,6,1,2019-20,Playoffs
0041900235,1610612743,Denver,Nuggets,DEN,nuggets,1627750,Jamal,Murray,J. Murray,jamal-murray,G,,27,39:50,0,0,0,6,12,4,11,26,0,3,1,3,2019-20,Playoffs
0041900235,1610612743,Denver,Nuggets,DEN,nuggets,1629008,Michael,Porter Jr.,M. Porter Jr.,michael-porter-jr,,,1,22:28,0,0,0,0,6,2,4,16,1,0,1,3,2019-20,Playoffs
0041900235,1610612743,Denver,Nuggets,DEN,nuggets,1628470,Torrey,Craig,T. Craig,torrey-craig,,,3,17:48,0,0,0,4,2,2,4,14,0,0,1,0,2019-20,Playoffs
0041900235,1610612743,Denver,Nuggets,DEN,nuggets,203486,Mason,Plumlee,M. Plumlee,mason-plumlee,,,7,11:00,0,2,2,4,2,2,2,14,0,0,2,1,2019-20,Playoffs
0041900235,1610612743,Denver,Nuggets,DEN,nuggets,1628420,Monte,Morris,M. Morris,monte-morris,,,11,17:11,6,0,2,8,7,2,0,16,0,0,1,2,2019-20,Playoffs
0041900235,1610612743,Denver,Nuggets,DEN,nuggets,1628966,Keita,Bates-Diop,K. Bates-Diop,keita-bates-diop,,DNP - Coach's Decision,6,,0,0,0,0,0,0,0,0,0,0,0,0,2019-20,Playoffs
0041900235,1610612743,Denver,Nuggets,DEN,nuggets,1629626,Bol,Bol,B. Bol,bol-bol,,DNP - Coach's Decision,10,,0,0,0,0,0,0,0,0,0,0,0,0,2019-20,Playoffs
0041900235,1610612743,Denver,Nuggets,DEN,nuggets,203584,Troy,Daniels,T. Daniels,troy-daniels,,DNP - Coach's Decision,30,,0,0,0,0,0,0,0,0,0,0,0,0,2019-20,Playoffs
0041900235,1610612743,Denver,Nuggets,DEN,nuggets,1628408,PJ,Dozier,P. Dozier,pj-dozier,,DNP - Coach's Decision,35,,0,0,0,0,0,0,0,0,0,0,0,0,2019-20,Playoffs
0041900235,1610612746,LA,Clippers,LAC,clippers,202695,Kawhi,Leonard,K. Leonard,kawhi-leonard,F,,2,39:29,0,0,4,10,10,9,4,32,0,1,2,8,2019-20,Playoffs
0041900235,1610612746,LA,Clippers,LAC,clippers,202694,Marcus,Morris Sr.,M. Morris Sr.,marcus-morris-sr,F,,31,36:45,3,0,0,2,6,8,4,26,0,0,3,1,2019-20,Playoffs
0041900235,1610612746,LA,Clippers,LAC,clippers,1627826,Ivica,Zubac,I. Zubac,ivica-zubac,C,,40,31:37,0,0,0,4,6,7,2,24,0,2,1,3,2019-20,Playoffs
0041900235,1610612746,LA,Clippers,LAC,clippers,202331,Paul,George,P. George,paul-george,G,,13,42:15,10,2,5,4,8,8,6,30,2,0,5,6,2019-20,Playoffs
0041900235,1610612746,LA,Clippers,LAC,clippers,201976,Patrick,Beverley,P. Beverley,patrick-beverley,G,,21,27:24,0,0,2,4,6,7,0,16,1,0,4,1,2019-20,Playoffs
0041900235,1610612746,LA,Clippers,LAC,clippers,1629013,Landry,Shamet,L. Shamet,landry-shamet,,,20,13:57,0,0,0,0,2,2,2,18,0,0,2,0,2019-20,Playoffs
0041900235,1610612746,LA,Clippers,LAC,clippers,101150,Lou,Williams,L. Williams,lou-williams,,,23,19:03,4,0,0,4,8,3,4,16,1,0,0,0,2019-20,Playoffs
0041900235,1610612746,LA,Clippers,LAC,clippers,203210,JaMychal,Green,J. Green,jamychal-green,,,4,13:32,0,0,0,0,8,3,4,14,0,0,2,0,2019-20,Playoffs
0041900235,1610612746,LA,Clippers,LAC,clippers,1626149,Montrezl,Harrell,M. Harrell,montrezl-harrell,,,5,15:32,0,2,0,4,6,3,4,14,1,2,3,3,2019-20,Playoffs
0041900235,1610612746,LA,Clippers,LAC,clippers,1629611,Terance,Mann,T. Mann,terance-mann,,,14,0:26,0,0,0,0,0,0,0,0,0,0,0,0,2019-20,Playoffs
0041900235,1610612746,LA,Clippers,LAC,clippers,202704,Reggie,Jackson,R. Jackson,reggie-jackson,,DNP - Coach's Decision,1,,0,0,0,0,0,0,0,0,0,0,0,0,2019-20,Playoffs
0041900235,1610612746,LA,Clippers,LAC,clippers,201149,Joakim,Noah,J. Noah,joakim-noah,,DNP - Coach's Decision,55,,0,0,0,0,0,0,0,0,0,0,0,0,2019-20,Playoffs
0041900235,1610612746,LA,Clippers,LAC,clippers,202335,Patrick,Patterson,P. Patterson,patrick-patterson,,DNP - Coach's Decision,54,,0,0,0,0,0,0,0,0,0,0,0,0,2019-20,Playoffs
0041900236,1610612746,LA,Clippers,LAC,clippers,202695,Kawhi,Leonard,K. Leonard,kawhi-leonard,F,,2,41:27,5,3,7,10,15,1,5,30,1,1,1,6,2019-20,Playoffs
0041900236,1610612746,LA,Clippers,LAC,clippers,202694,Marcus,Morris Sr.,M. Morris Sr.,marcus-morris-sr,F,,31,29:43,0,0,3,0,15,1,2,18,0,0,4,2,2019-20,Playoffs
0041900236,1610612746,LA,Clippers,LAC,clippers,1627826,Ivica,Zubac,I. Zubac,ivica-zubac,C,,40,29:51,0,0,0,2,11,1,3,20,2,0,3,0,2019-20,Playoffs
0041900236,1610612746,LA,Clippers,LAC,clippers,202331,Paul,George,P. George,paul-george,G,,13,39:12,8,0,8,6,15,1,7,30,1,1,4,6,2019-20,Playoffs
0041900236,1610612746,LA,Clippers,LAC,clippers,201976,Patrick,Beverley,P. Beverley,patrick-beverley,G,,21,17:37,0,0,0,2,8,1,4,20,0,0,6,0,2019-20,Playoffs
0041900236,1610612746,LA,Clippers,LAC,clippers,1629013,Landry,Shamet,L. Shamet,landry-shamet,,,20,19:31,0,0,0,0,5,0,6,14,0,0,1,1,2019-20,Playoffs
0041900236,1610612746,LA,Clippers,LAC,clippers,101150,Lou,Williams,L. Williams,lou-williams,,,23,24:26,3,2,0,6,2,0,8,26,0,1,0,2,2019-20,Playoffs
0041900236,1610612746,LA,Clippers,LAC,clippers,203210,JaMychal,Green,J. Green,jamychal-green,,,4,20:12,0,2,2,8,0,0,8,24,0,0,3,0,2019-20,Playoffs
0041900236,1610612746,LA,Clippers,LAC,clippers,1626149,Montrezl,Harrell,M. Harrell,montrezl-harrell,,,5,15:26,1,0,0,4,4,0,7,18,0,0,0,1,2019-20,Playoffs
0041900236,1610612746,LA,Clippers,LAC,clippers,202704,Reggie,Jackson,R. Jackson,reggie-jackson,,,1,0:60,0,0,0,0,0,0,0,0,0,0,0,0,2019-20,Playoffs
0041900236,1610612746,LA,Clippers,LAC,clippers,201149,Joakim,Noah,J. Noah,joakim-noah,,,55,0:48,0,0,0,0,0,0,0,0,0,0,0,0,2019-20,Playoffs
0041900236,1610612746,LA,Clippers,LAC,clippers,1629611,Terance,Mann,T. Mann,terance-mann,,,14,0:48,0,0,0,0,0,0,0,0,0,0,0,0,2019-20,Playoffs
0041900236,1610612746,LA,Clippers,LAC,clippers,202335,Patrick,Patterson,P. Patterson,patrick-patterson,,DNP - Coach's Decision,54,,0,0,0,0,0,0,0,0,0,0,0,0,2019-20,Playoffs
0041900236,1610612743,Denver,Nuggets,DEN,nuggets,203924,Jerami,Grant,J. Grant,jerami-grant,F,,9,20:04,2,0,0,0,8,1,16,10,1,0,4,2,2019-20,Playoffs
0041900236,1610612743,Denver,Nuggets,DEN,nuggets,200794,Paul,Millsap,P. Millsap,paul-millsap,F,,4,21:15,0,0,2,4,8,2,15,12,0,0,3,3,2019-20,Playoffs
0041900236,1610612743,Denver,Nuggets,DEN,nuggets,203999,Nikola,Jokić,N. Jokić,nikola-jokić,C,,15,39:38,7,1,0,8,14,7,20,32,1,1,2,5,2019-20,Playoffs
0041900236,1610612743,Denver,Nuggets,DEN,nuggets,203914,Gary,Harris,G. Harris,gary-harris,G,,14,42:12,3,0,2,4,17,5,20,28,0,0,3,3,2019-20,Playoffs
0041900236,1610612743,Denver,Nuggets,DEN,nuggets,1627750,Jamal,Murray,J. Murray,jamal-murray,G,,27,40:47,3,0,2,12,17,7,18,32,0,2,2,6,2019-20,Playoffs
0041900236,1610612743,Denver,Nuggets,DEN,nuggets,1629008,Michael,Porter Jr.,M. Porter Jr.,michael-porter-jr,,,1,26:45,0,0,1,2,9,5,5,26,1,0,2,2,2019-20,Playoffs
0041900236,1610612743,Denver,Nuggets,DEN,nuggets,1628470,Torrey,Craig,T. Craig,torrey-craig,,,3,23:20,0,0,3,4,6,6,4,26,0,0,1,0,2019-20,Playoffs
0041900236,1610612743,Denver,Nuggets,DEN,nuggets,1628420,Monte,Morris,M. Morris,monte-morris,,,11,15:58,0,0,0,6,3,2,2,18,0,1,0,1,2019-20,Playoffs
0041900236,1610612743,Denver,Nuggets,DEN,nuggets,203486,Mason,Plumlee,M. Plumlee,mason-plumlee,,,7,8:22,0,0,0,0,3,0,0,6,0,0,1,0,2019-20,Playoffs
0041900236,1610612743,Denver,Nuggets,DEN,nuggets,1628408,PJ,Dozier,P. Dozier,pj-dozier,,,35,0:51,0,0,0,0,0,0,0,0,0,0,0,0,2019-20,Playoffs
0041900236,1610612743,Denver,Nuggets,DEN,nuggets,1628966,Keita,Bates-Diop,K. Bates-Diop,keita-bates-diop,,,6,0:48,0,0,0,0,0,0,0,0,0,0,0,0,2019-20,Playoffs
0041900236,1610612743,Denver,Nuggets,DEN,nuggets,1629626,Bol,Bol,B. Bol,bol-bol,,DNP - Coach's Decision,10,,0,0,0,0,0,0,0,0,0,0,0,0,2019-20,Playoffs
0041900236,1610612743,Denver,Nuggets,DEN,nuggets,203584,Troy,Daniels,T. Daniels,troy-daniels,,DNP - Coach's Decision,30,,0,0,0,0,0,0,0,0,0,0,0,0,2019-20,Playoffs
0041900237,1610612743,Denver,Nuggets,DEN,nuggets,203924,Jerami,Grant,J. Grant,jerami-grant,F,,9,30:58,2,0,2,6,11,4,4,34,0,0,4,2,2019-20,Playoffs
0041900237,1610612743,Denver,Nuggets,DEN,nuggets,200794,Paul,Millsap,P. Millsap,paul-millsap,F,,4,31:31,0,0,0,0,11,6,4,32,1,0,2,2,2019-20,Playoffs
0041900237,1610612743,Denver,Nuggets,DEN,nuggets,203999,Nikola,Jokić,N. Jokić,nikola-jokić,C,,15,39:41,4,4,0,4,13,6,4,38,3,1,4,8,2019-20,Playoffs
0041900237,1610612743,Denver,Nuggets,DEN,nuggets,203914,Gary,Harris,G. Harris,gary-harris,G,,14,36:54,4,0,2,8,13,6,4,38,1,1,3,1,2019-20,Playoffs
0041900237,1610612743,Denver,Nuggets,DEN,nuggets,1627750,Jamal,Murray,J. Murray,jamal-murray,G,,27,44:41,6,0,0,12,13,4,4,42,0,0,1,4,2019-20,Playoffs
0041900237,1610612743,Denver,Nuggets,DEN,nuggets,1628470,Torrey,Craig,T. Craig,torrey-craig,,,3,19:04,0,2,2,6,6,2,0,16,0,1,1,0,2019-20,Playoffs
0041900237,1610612743,Denver,Nuggets,DEN,nuggets,1629008,Michael,Porter Jr.,M. Porter Jr.,michael-porter-jr,,,1,14:47,0,0,0,0,2,0,0,10,0,0,2,1,2019-20,Playoffs
0041900237,1610612743,Denver,Nuggets,DEN,nuggets,1628420,Monte,Morris,M. Morris,monte-morris,,,11,13:13,0,0,0,0,4,2,0,12,0,0,0,1,2019-20,Playoffs
0041900237,1610612743,Denver,Nuggets,DEN,nuggets,203486,Mason,Plumlee,M. Plumlee,mason-plumlee,,,7,7:53,0,0,0,0,2,0,0,8,0,0,3,1,2019-20,Playoffs
0041900237,1610612743,Denver,Nuggets,DEN,nuggets,1628966,Keita,Bates-Diop,K. Bates-Diop,keita-bates-diop,,,6,0:27,0,0,0,0,0,0,0,0,0,0,0,0,2019-20,Playoffs
0041900237,1610612743,Denver,Nuggets,DEN,nuggets,1628408,PJ,Dozier,P. Dozier,pj-dozier,,,35,0:27,0,0,0,0,0,0,0,0,0,0,0,0,2019-20,Playoffs
0041900237,1610612743,Denver,Nuggets,DEN,nuggets,203584,Troy,Daniels,T. Daniels,troy-daniels,,,30,0:27,0,0,0,0,0,0,0,0,0,0,0,0,2019-20,Playoffs
0041900237,1610612743,Denver,Nuggets,DEN,nuggets,1629626,Bol,Bol,B. Bol,bol-bol,,DNP - Coach's Decision,10,,0,0,0,0,0,0,0,0,0,0,0,0,2019-20,Playoffs
0041900237,1610612746,LA,Clippers,LAC,clippers,202695,Kawhi,Leonard,K. Leonard,kawhi-leonard,F,,2,43:30,2,2,0,8,16,4,6,32,1,1,1,2,2019-20,Playoffs
0041900237,1610612746,LA,Clippers,LAC,clippers,202694,Marcus,Morris Sr.,M. Morris Sr.,marcus-morris-sr,F,,31,26:12,3,0,0,0,12,0,4,22,0,0,2,1,2019-20,Playoffs
0041900237,1610612746,LA,Clippers,LAC,clippers,1627826,Ivica,Zubac,I. Zubac,ivica-zubac,C,,40,14:18,0,0,0,6,4,0,0,8,0,0,3,0,2019-20,Playoffs
0041900237,1610612746,LA,Clippers,LAC,clippers,202331,Paul,George,P. George,paul-george,G,,13,38:14,2,0,2,4,12,4,6,26,1,1,4,5,2019-20,Playoffs
0041900237,1610612746,LA,Clippers,LAC,clippers,201976,Patrick,Beverley,P. Beverley,patrick-beverley,G,,21,30:11,0,0,2,6,12,6,4,24,1,0,3,5,2019-20,Playoffs
0041900237,1610612746,LA,Clippers,LAC,clippers,1629013,Landry,Shamet,L. Shamet,landry-shamet,,,20,6:07,0,0,0,0,4,0,0,8,0,0,1,0,2019-20,Playoffs
0041900237,1610612746,LA,Clippers,LAC,clippers,1626149,Montrezl,Harrell,M. Harrell,montrezl-harrell,,,5,25:43,4,0,0,14,8,6,4,26,0,2,3,6,2019-20,Playoffs
0041900237,1610612746,LA,Clippers,LAC,clippers,101150,Lou,Williams,L. Williams,lou-williams,,,23,24:37,2,0,0,4,6,6,4,20,0,1,1,0,2019-20,Playoffs
0041900237,1610612746,LA,Clippers,LAC,clippers,203210,JaMychal,Green,J. Green,jamychal-green,,,4,23:56,2,4,0,4,6,4,2,14,0,0,1,1,2019-20,Playoffs
0041900237,1610612746,LA,Clippers,LAC,clippers,202704,Reggie,Jackson,R. Jackson,reggie-jackson,,,1,4:05,0,0,0,0,0,0,0,0,0,0,1,0,2019-20,Playoffs
0041900237,1610612746,LA,Clippers,LAC,clippers,1629611,Terance,Mann,T. Mann,terance-mann,,,14,1:43,0,0,0,0,0,0,0,0,0,0,0,0,2019-20,Playoffs
0041900237,1610612746,LA,Clippers,LAC,clippers,203585,Rodney,McGruder,R. McGruder,rodney-mcgruder,,,19,1:24,0,0,0,0,0,0,0,0,0,0,0,0,2019-20,Playoffs
0041900237,1610612746,LA,Clippers,LAC,clippers,202335,Patrick,Patterson,P. Patterson,patrick-patterson,,DNP - Coach's Decision,54,,0,0,0,0,0,0,0,0,0,0,0,0,2019-20,Playoffs
0041900301,1610612748,Miami,Heat,MIA,heat,202710,Jimmy,Butler III,J. Butler III,jimmy-butler-iii,F,,22,43:00,3,2,3,10,7,11,8,18,0,1,3,8,2019-20,Playoffs
0041900301,1610612748,Miami,Heat,MIA,heat,203109,Jae,Crowder,J. Crowder,jae-crowder,F,,99,39:07,0,8,0,4,12,11,10,16,2,0,1,3,2019-20,Playoffs
0041900301,1610612748,Miami,Heat,MIA,heat,1628389,Bam,Adebayo,B. Adebayo,bam-adebayo,C,,13,42:34,0,2,2,10,12,11,10,22,2,2,1,9,2019-20,Playoffs
0041900301,1610612748,Miami,Heat,MIA,heat,1629130,Duncan,Robinson,D. Robinson,duncan-robinson,G,,55,17:01,3,3,3,0,8,3,8,6,0,0,4,0,2019-20,Playoffs
0041900301,1610612748,Miami,Heat,MIA,heat,201609,Goran,Dragic,G. Dragic,goran-dragic,G,,7,38:51,8,0,6,16,10,12,7,18,1,2,5,3,2019-20,Playoffs
0041900301,1610612748,Miami,Heat,MIA,heat,1629639,Tyler,Herro,T. Herro,tyler-herro,,,14,40:24,0,0,2,6,18,11,7,26,0,0,3,1,2019-20,Playoffs
0041900301,1610612748,Miami,Heat,MIA,heat,1629134,Kendrick,Nunn,K. Nunn,kendrick-nunn,,,25,13:15,0,0,0,0,5,2,0,6,0,0,4,0,2019-20,Playoffs
0041900301,1610612748,Miami,Heat,MIA,heat,2738,Andre,Iguodala,A. Iguodala,andre-iguodala,,,28,14:37,0,0,0,0,6,3,0,10,1,0,1,0,2019-20,Playoffs
0041900301,1610612748,Miami,Heat,MIA,heat,203482,Kelly,Olynyk,K. Olynyk,kelly-olynyk,,,9,10:26,0,0,0,2,6,3,0,4,0,1,0,1,2019-20,Playoffs
0041900301,1610612748,Miami,Heat,MIA,heat,1627884,Derrick,Jones Jr.,D. Jones Jr.,derrick-jones-jr,,,5,5:45,0,0,0,0,6,3,0,4,0,0,1,0,2019-20,Playoffs
0041900301,1610612748,Miami,Heat,MIA,heat,2617,Udonis,Haslem,U. Haslem,udonis-haslem,,DNP - Coach's Decision,40,,0,0,0,0,0,0,0,0,0,0,0,0,2019-20,Playoffs
0041900301,1610612748,Miami,Heat,MIA,heat,203524,Solomon,Hill,S. Hill,solomon-hill,,DNP - Coach's Decision,44,,0,0,0,0,0,0,0,0,0,0,0,0,2019-20,Playoffs
0041900301,1610612748,Miami,Heat,MIA,heat,203086,Meyers,Leonard,M. Leonard,meyers-leonard,,DNP - Coach's Decision,0,,0,0,0,0,0,0,0,0,0,0,0,0,2019-20,Playoffs
0041900301,1610612738,Boston,Celtics,BOS,celtics,1627759,Jaylen,Brown,J. Brown,jaylen-brown,F,,7,43:46,3,4,0,4,10,15,14,36,0,2,3,2,2019-20,Playoffs
0041900301,1610612738,Boston,Celtics,BOS,celtics,1628369,Jayson,Tatum,J. Tatum,jayson-tatum,F,,0,43:07,2,0,0,6,14,12,11,38,2,1,4,5,2019-20,Playoffs
0041900301,1610612738,Boston,Celtics,BOS,celtics,1628464,Daniel,Theis,D. Theis,daniel-theis,C,,27,35:27,0,0,2,2,9,7,12,24,1,0,6,3,2019-20,Playoffs
0041900301,1610612738,Boston,Celtics,BOS,celtics,203935,Marcus,Smart,M. Smart,marcus-smart,G,,36,43:12,3,3,6,2,10,15,14,36,0,0,2,5,2019-20,Playoffs
0041900301,1610612738,Boston,Celtics,BOS,celtics,202689,Kemba,Walker,K. Walker,kemba-walker,G,,8,42:58,3,2,0,2,9,12,9,36,1,3,4,5,2019-20,Playoffs
0041900301,1610612738,Boston,Celtics,BOS,celtics,1629057,Robert,Williams III,R. Williams III,robert-williams-iii,,,44,11:24,0,2,0,2,3,8,2,12,1,0,1,0,2019-20,Playoffs
0041900301,1610612738,Boston,Celtics,BOS,celtics,1628400,Semi,Ojeleye,S. Ojeleye,semi-ojeleye,,,37,9:53,0,0,0,2,2,0,2,14,0,0,0,0,2019-20,Playoffs
0041900301,1610612738,Boston,Celtics,BOS,celtics,202954,Brad,Wanamaker,B. Wanamaker,brad-wanamaker,,,9,24:58,7,3,2,6,9,6,12,30,0,0,2,3,2019-20,Playoffs
0041900301,1610612738,Boston,Celtics,BOS,celtics,1629684,Grant,Williams,G. Williams,grant-williams,,,12,10:15,0,0,0,0,4,0,4,14,1,0,3,0,2019-20,Playoffs
0041900301,1610612738,Boston,Celtics,BOS,celtics,202683,Enes,Freedom,E. Freedom,enes-freedom,,,11,0:00,0,0,0,0,0,0,0,0,0,0,0,0,2019-20,Playoffs
0041900301,1610612738,Boston,Celtics,BOS,celtics,1629035,Carsen,Edwards,C. Edwards,carsen-edwards,,DNP - Coach's Decision,4,,0,0,0,0,0,0,0,0,0,0,0,0,2019-20,Playoffs
0041900301,1610612738,Boston,Celtics,BOS,celtics,1629641,Romeo,Langford,R. Langford,romeo-langford,,DNP - Coach's Decision,45,,0,0,0,0,0,0,0,0,0,0,0,0,2019-20,Playoffs
0041900301,1610612738,Boston,Celtics,BOS,celtics,1629682,Tremont,Waters,T. Waters,tremont-waters,,DNP - Coach's Decision,51,,0,0,0,0,0,0,0,0,0,0,0,0,2019-20,Playoffs
0041900302,1610612748,Miami,Heat,MIA,heat,202710,Jimmy,Butler III,J. Butler III,jimmy-butler-iii,F,,22,35:52,4,0,4,6,6,9,6,36,0,0,2,7,2019-20,Playoffs
0041900302,1610612748,Miami,Heat,MIA,heat,203109,Jae,Crowder,J. Crowder,jae-crowder,F,,99,36:14,9,3,2,2,8,11,6,34,0,0,2,1,2019-20,Playoffs
0041900302,1610612748,Miami,Heat,MIA,heat,1628389,Bam,Adebayo,B. Adebayo,bam-adebayo,C,,13,35:19,5,2,0,18,6,4,7,30,1,0,4,4,2019-20,Playoffs
0041900302,1610612748,Miami,Heat,MIA,heat,1629130,Duncan,Robinson,D. Robinson,duncan-robinson,G,,55,32:16,6,6,0,0,6,6,8,36,1,1,1,2,2019-20,Playoffs
0041900302,1610612748,Miami,Heat,MIA,heat,201609,Goran,Dragic,G. Dragic,goran-dragic,G,,7,34:15,2,0,0,10,6,7,7,28,0,0,1,3,2019-20,Playoffs
0041900302,1610612748,Miami,Heat,MIA,heat,1629639,Tyler,Herro,T. Herro,tyler-herro,,,14,32:09,0,2,4,6,8,9,13,32,0,0,2,3,2019-20,Playoffs
0041900302,1610612748,Miami,Heat,MIA,heat,203482,Kelly,Olynyk,K. Olynyk,kelly-olynyk,,,9,12:41,0,3,0,2,4,7,6,16,0,1,5,1,2019-20,Playoffs
0041900302,1610612748,Miami,Heat,MIA,heat,2738,Andre,Iguodala,A. Iguodala,andre-iguodala,,,28,7:23,0,0,0,0,2,0,7,10,0,0,0,0,2019-20,Playoffs
0041900302,1610612748,Miami,Heat,MIA,heat,1629134,Kendrick,Nunn,K. Nunn,kendrick-nunn,,,25,5:22,0,0,0,0,2,0,5,6,0,1,0,0,2019-20,Playoffs
0041900302,1610612748,Miami,Heat,MIA,heat,1627884,Derrick,Jones Jr.,D. Jones Jr.,derrick-jones-jr,,,5,8:29,0,0,0,0,2,2,0,2,0,0,2,1,2019-20,Playoffs
0041900302,1610612748,Miami,Heat,MIA,heat,2617,Udonis,Haslem,U. Haslem,udonis-haslem,,DNP - Coach's Decision,40,,0,0,0,0,0,0,0,0,0,0,0,0,2019-20,Playoffs
0041900302,1610612748,Miami,Heat,MIA,heat,203524,Solomon,Hill,S. Hill,solomon-hill,,DNP - Coach's Decision,44,,0,0,0,0,0,0,0,0,0,0,0,0,2019-20,Playoffs
0041900302,1610612748,Miami,Heat,MIA,heat,203086,Meyers,Leonard,M. Leonard,meyers-leonard,,DNP - Coach's Decision,0,,0,0,0,0,0,0,0,0,0,0,0,0,2019-20,Playoffs
0041900302,1610612738,Boston,Celtics,BOS,celtics,1627759,Jaylen,Brown,J. Brown,jaylen-brown,F,,7,39:17,2,4,2,8,24,10,8,36,0,0,4,4,2019-20,Playoffs
0041900302,1610612738,Boston,Celtics,BOS,celtics,1628369,Jayson,Tatum,J. Tatum,jayson-tatum,F,,0,41:46,0,2,2,12,23,14,8,34,1,0,4,7,2019-20,Playoffs
0041900302,1610612738,Boston,Celtics,BOS,celtics,1628464,Daniel,Theis,D. Theis,daniel-theis,C,,27,31:35,0,0,0,4,23,16,8,30,0,1,3,1,2019-20,Playoffs
0041900302,1610612738,Boston,Celtics,BOS,celtics,203935,Marcus,Smart,M. Smart,marcus-smart,G,,36,37:55,2,0,3,6,24,13,10,34,1,0,3,3,2019-20,Playoffs
0041900302,1610612738,Boston,Celtics,BOS,celtics,202689,Kemba,Walker,K. Walker,kemba-walker,G,,8,33:50,2,2,4,8,26,13,8,32,1,0,3,2,2019-20,Playoffs
0041900302,1610612738,Boston,Celtics,BOS,celtics,202683,Enes,Freedom,E. Freedom,enes-freedom,,,11,10:49,4,3,2,8,3,0,2,12,0,0,2,1,2019-20,Playoffs
0041900302,1610612738,Boston,Celtics,BOS,celtics,1629641,Romeo,Langford,R. Langford,romeo-langford,,,45,1:21,0,0,0,0,0,0,0,0,0,0,0,0,2019-20,Playoffs
0041900302,1610612738,Boston,Celtics,BOS,celtics,1628400,Semi,Ojeleye,S. Ojeleye,semi-ojeleye,,,37,8:54,0,0,0,0,2,6,2,10,0,1,0,0,2019-20,Playoffs
0041900302,1610612738,Boston,Celtics,BOS,celtics,202954,Brad,Wanamaker,B. Wanamaker,brad-wanamaker,,,9,24:04,0,0,0,0,5,8,2,24,0,0,2,1,2019-20,Playoffs
0041900302,1610612738,Boston,Celtics,BOS,celtics,1629684,Grant,Williams,G. Williams,grant-williams,,,12,10:29,0,0,0,0,0,0,2,8,0,0,1,0,2019-20,Playoffs
0041900302,1610612738,Boston,Celtics,BOS,celtics,1629035,Carsen,Edwards,C. Edwards,carsen-edwards,,DNP - Coach's Decision,4,,0,0,0,0,0,0,0,0,0,0,0,0,2019-20,Playoffs
0041900302,1610612738,Boston,Celtics,BOS,celtics,1629682,Tremont,Waters,T. Waters,tremont-waters,,DNP - Coach's Decision,51,,0,0,0,0,0,0,0,0,0,0,0,0,2019-20,Playoffs
0041900302,1610612738,Boston,Celtics,BOS,celtics,1629057,Robert,Williams III,R. Williams III,robert-williams-iii,,DNP - Coach's Decision,44,,0,0,0,0,0,0,0,0,0,0,0,0,2019-20,Playoffs
0041900303,1610612738,Boston,Celtics,BOS,celtics,1627759,Jaylen,Brown,J. Brown,jaylen-brown,F,,7,42:57,7,2,6,18,16,18,10,36,1,3,4,4,2019-20,Playoffs
0041900303,1610612738,Boston,Celtics,BOS,celtics,1628369,Jayson,Tatum,J. Tatum,jayson-tatum,F,,0,41:00,5,0,7,14,18,13,13,30,0,3,3,3,2019-20,Playoffs
0041900303,1610612738,Boston,Celtics,BOS,celtics,1628464,Daniel,Theis,D. Theis,daniel-theis,C,,27,24:20,0,4,0,6,9,7,8,16,1,0,5,1,2019-20,Playoffs
0041900303,1610612738,Boston,Celtics,BOS,celtics,203935,Marcus,Smart,M. Smart,marcus-smart,G,,36,36:05,0,2,0,10,18,16,11,28,0,0,4,8,2019-20,Playoffs
0041900303,1610612738,Boston,Celtics,BOS,celtics,202689,Kemba,Walker,K. Walker,kemba-walker,G,,8,40:38,0,0,4,8,15,13,13,32,0,1,2,4,2019-20,Playoffs
0041900303,1610612738,Boston,Celtics,BOS,celtics,202330,Gordon,Hayward,G. Hayward,gordon-hayward,,,20,30:30,0,0,0,0,13,16,8,24,1,0,3,2,2019-20,Playoffs
0041900303,1610612738,Boston,Celtics,BOS,celtics,202683,Enes,Freedom,E. Freedom,enes-freedom,,,11,5:47,0,2,0,2,2,0,0,0,0,1,1,1,2019-20,Playoffs
0041900303,1610612738,Boston,Celtics,BOS,celtics,202954,Brad,Wanamaker,B. Wanamaker,brad-wanamaker,,,9,9:14,0,0,0,0,2,0,0,4,0,0,3,1,2019-20,Playoffs
0041900303,1610612738,Boston,Celtics,BOS,celtics,1629684,Grant,Williams,G. Williams,grant-williams,,,12,9:29,0,0,0,2,7,7,2,10,0,0,4,0,2019-20,Playoffs
0041900303,1610612738,Boston,Celtics,BOS,celtics,1629035,Carsen,Edwards,C. Edwards,carsen-edwards,,DNP - Coach's Decision,4,,0,0,0,0,0,0,0,0,0,0,0,0,2019-20,Playoffs
0041900303,1610612738,Boston,Celtics,BOS,celtics,1629750,Javonte,Green,J. Green,javonte-green,,DNP - Coach's Decision,43,,0,0,0,0,0,0,0,0,0,0,0,0,2019-20,Playoffs
0041900303,1610612738,Boston,Celtics,BOS,celtics,1628400,Semi,Ojeleye,S. Ojeleye,semi-ojeleye,,DNP - Coach's Decision,37,,0,0,0,0,0,0,0,0,0,0,0,0,2019-20,Playoffs
0041900303,1610612738,Boston,Celtics,BOS,celtics,1629057,Robert,Williams III,R. Williams III,robert-williams-iii,,DNP - Coach's Decision,44,,0,0,0,0,0,0,0,0,0,0,0,0,2019-20,Playoffs
0041900303,1610612748,Miami,Heat,MIA,heat,202710,Jimmy,Butler III,J. Butler III,jimmy-butler-iii,F,,22,37:27,5,4,0,10,6,8,10,48,2,2,1,5,2019-20,Playoffs
0041900303,1610612748,Miami,Heat,MIA,heat,203109,Jae,Crowder,J. Crowder,jae-crowder,F,,99,32:14,3,5,5,0,5,6,8,42,1,0,4,3,2019-20,Playoffs
0041900303,1610612748,Miami,Heat,MIA,heat,1628389,Bam,Adebayo,B. Adebayo,bam-adebayo,C,,13,37:50,2,4,0,20,7,8,12,46,2,0,4,8,2019-20,Playoffs
0041900303,1610612748,Miami,Heat,MIA,heat,1629130,Duncan,Robinson,D. Robinson,duncan-robinson,G,,55,27:48,4,3,3,0,2,8,4,36,1,0,5,3,2019-20,Playoffs
0041900303,1610612748,Miami,Heat,MIA,heat,201609,Goran,Dragic,G. Dragic,goran-dragic,G,,7,28:23,1,0,2,2,10,6,15,46,0,1,4,6,2019-20,Playoffs
0041900303,1610612748,Miami,Heat,MIA,heat,1629639,Tyler,Herro,T. Herro,tyler-herro,,,14,36:00,5,2,3,4,12,6,15,36,0,0,1,1,2019-20,Playoffs
0041900303,1610612748,Miami,Heat,MIA,heat,203482,Kelly,Olynyk,K. Olynyk,kelly-olynyk,,,9,12:38,0,0,0,0,5,2,5,16,1,0,2,3,2019-20,Playoffs
0041900303,1610612748,Miami,Heat,MIA,heat,2738,Andre,Iguodala,A. Iguodala,andre-iguodala,,,28,7:11,0,0,0,0,0,2,0,4,0,0,0,0,2019-20,Playoffs
0041900303,1610612748,Miami,Heat,MIA,heat,1627884,Derrick,Jones Jr.,D. Jones Jr.,derrick-jones-jr,,,5,16:10,0,0,0,0,10,4,13,22,1,0,1,0,2019-20,Playoffs
0041900303,1610612748,Miami,Heat,MIA,heat,1629134,Kendrick,Nunn,K. Nunn,kendrick-nunn,,,25,4:19,0,0,0,0,3,0,3,4,0,0,2,0,2019-20,Playoffs
0041900303,1610612748,Miami,Heat,MIA,heat,2617,Udonis,Haslem,U. Haslem,udonis-haslem,,DNP - Coach's Decision,40,,0,0,0,0,0,0,0,0,0,0,0,0,2019-20,Playoffs
0041900303,1610612748,Miami,Heat,MIA,heat,203524,Solomon,Hill,S. Hill,solomon-hill,,DNP - Coach's Decision,44,,0,0,0,0,0,0,0,0,0,0,0,0,2019-20,Playoffs
0041900303,1610612748,Miami,Heat,MIA,heat,203086,Meyers,Leonard,M. Leonard,meyers-leonard,,DNP - Coach's Decision,0,,0,0,0,0,0,0,0,0,0,0,0,0,2019-20,Playoffs
0041900304,1610612738,Boston,Celtics,BOS,celtics,1627759,Jaylen,Brown,J. Brown,jaylen-brown,F,,7,40:22,3,5,0,6,13,18,4,28,1,1,5,3,2019-20,Playoffs
0041900304,1610612738,Boston,Celtics,BOS,celtics,1628369,Jayson,Tatum,J. Tatum,jayson-tatum,F,,0,39:27,0,5,3,6,17,19,8,32,3,1,4,4,2019-20,Playoffs
0041900304,1610612738,Boston,Celtics,BOS,celtics,1628464,Daniel,Theis,D. Theis,daniel-theis,C,,27,30:27,0,2,0,8,11,16,6,22,0,0,1,1,2019-20,Playoffs
0041900304,1610612738,Boston,Celtics,BOS,celtics,203935,Marcus,Smart,M. Smart,marcus-smart,G,,36,36:07,0,5,0,4,11,16,4,26,1,0,6,3,2019-20,Playoffs
0041900304,1610612738,Boston,Celtics,BOS,celtics,202689,Kemba,Walker,K. Walker,kemba-walker,G,,8,34:19,2,0,2,4,15,16,6,32,0,0,3,5,2019-20,Playoffs
0041900304,1610612738,Boston,Celtics,BOS,celtics,1629057,Robert,Williams III,R. Williams III,robert-williams-iii,,,44,12:04,0,4,0,4,2,3,2,6,0,0,0,1,2019-20,Playoffs
0041900304,1610612738,Boston,Celtics,BOS,celtics,202330,Gordon,Hayward,G. Hayward,gordon-hayward,,,20,29:32,2,2,0,2,10,11,4,24,0,0,4,3,2019-20,Playoffs
0041900304,1610612738,Boston,Celtics,BOS,celtics,202954,Brad,Wanamaker,B. Wanamaker,brad-wanamaker,,,9,12:56,2,0,2,4,4,3,4,14,0,0,1,0,2019-20,Playoffs
0041900304,1610612738,Boston,Celtics,BOS,celtics,1628400,Semi,Ojeleye,S. Ojeleye,semi-ojeleye,,,37,4:01,0,0,0,0,2,3,2,4,0,0,0,0,2019-20,Playoffs
0041900304,1610612738,Boston,Celtics,BOS,celtics,1629684,Grant,Williams,G. Williams,grant-williams,,,12,0:46,0,0,0,0,0,0,0,2,0,0,0,0,2019-20,Playoffs
0041900304,1610612738,Boston,Celtics,BOS,celtics,1629035,Carsen,Edwards,C. Edwards,carsen-edwards,,DNP - Coach's Decision,4,,0,0,0,0,0,0,0,0,0,0,0,0,2019-20,Playoffs
0041900304,1610612738,Boston,Celtics,BOS,celtics,202683,Enes,Freedom,E. Freedom,enes-freedom,,DNP - Coach's Decision,11,,0,0,0,0,0,0,0,0,0,0,0,0,2019-20,Playoffs
0041900304,1610612738,Boston,Celtics,BOS,celtics,1629750,Javonte,Green,J. Green,javonte-green,,DNP - Coach's Decision,43,,0,0,0,0,0,0,0,0,0,0,0,0,2019-20,Playoffs
0041900304,1610612748,Miami,Heat,MIA,heat,202710,Jimmy,Butler III,J. Butler III,jimmy-butler-iii,F,,22,38:33,4,2,2,10,7,17,7,28,1,2,2,6,2019-20,Playoffs
0041900304,1610612748,Miami,Heat,MIA,heat,203109,Jae,Crowder,J. Crowder,jae-crowder,F,,99,30:59,0,0,0,0,4,11,7,26,1,0,4,0,2019-20,Playoffs
0041900304,1610612748,Miami,Heat,MIA,heat,1628389,Bam,Adebayo,B. Adebayo,bam-adebayo,C,,13,40:57,2,8,0,12,7,20,5,34,0,0,3,10,2019-20,Playoffs
0041900304,1610612748,Miami,Heat,MIA,heat,1629130,Duncan,Robinson,D. Robinson,duncan-robinson,G,,55,23:19,0,3,0,0,4,7,5,14,0,1,4,1,2019-20,Playoffs
0041900304,1610612748,Miami,Heat,MIA,heat,201609,Goran,Dragic,G. Dragic,goran-dragic,G,,7,39:08,2,2,2,6,7,18,5,34,0,1,2,4,2019-20,Playoffs
0041900304,1610612748,Miami,Heat,MIA,heat,1629639,Tyler,Herro,T. Herro,tyler-herro,,,14,35:42,9,6,4,10,9,21,4,30,0,1,1,2,2019-20,Playoffs
0041900304,1610612748,Miami,Heat,MIA,heat,2738,Andre,Iguodala,A. Iguodala,andre-iguodala,,,28,27:16,0,0,0,0,7,19,2,20,0,0,2,0,2019-20,Playoffs
0041900304,1610612748,Miami,Heat,MIA,heat,203524,Solomon,Hill,S. Hill,solomon-hill,,,44,4:06,0,0,0,0,0,2,0,4,0,0,2,1,2019-20,Playoffs
0041900304,1610612748,Miami,Heat,MIA,heat,2617,Udonis,Haslem,U. Haslem,udonis-haslem,,DNP - Coach's Decision,40,,0,0,0,0,0,0,0,0,0,0,0,0,2019-20,Playoffs
0041900304,1610612748,Miami,Heat,MIA,heat,1627884,Derrick,Jones Jr.,D. Jones Jr.,derrick-jones-jr,,DNP - Coach's Decision,5,,0,0,0,0,0,0,0,0,0,0,0,0,2019-20,Playoffs
0041900304,1610612748,Miami,Heat,MIA,heat,203086,Meyers,Leonard,M. Leonard,meyers-leonard,,DNP - Coach's Decision,0,,0,0,0,0,0,0,0,0,0,0,0,0,2019-20,Playoffs
0041900304,1610612748,Miami,Heat,MIA,heat,1629134,Kendrick,Nunn,K. Nunn,kendrick-nunn,,DNP - Coach's Decision,25,,0,0,0,0,0,0,0,0,0,0,0,0,2019-20,Playoffs
0041900304,1610612748,Miami,Heat,MIA,heat,203482,Kelly,Olynyk,K. Olynyk,kelly-olynyk,,DNP - Coach's Decision,9,,0,0,0,0,0,0,0,0,0,0,0,0,2019-20,Playoffs
0041900305,1610612748,Miami,Heat,MIA,heat,202710,Jimmy,Butler III,J. Butler III,jimmy-butler-iii,F,,22,36:21,4,0,0,8,12,11,15,40,1,1,4,4,2019-20,Playoffs
0041900305,1610612748,Miami,Heat,MIA,heat,203109,Jae,Crowder,J. Crowder,jae-crowder,F,,99,32:40,2,0,2,8,12,9,15,34,1,0,2,4,2019-20,Playoffs
0041900305,1610612748,Miami,Heat,MIA,heat,1628389,Bam,Adebayo,B. Adebayo,bam-adebayo,C,,13,38:11,2,2,0,8,14,13,17,46,1,1,5,6,2019-20,Playoffs
0041900305,1610612748,Miami,Heat,MIA,heat,1629130,Duncan,Robinson,D. Robinson,duncan-robinson,G,,55,37:01,2,0,4,6,12,6,15,40,0,0,4,2,2019-20,Playoffs
0041900305,1610612748,Miami,Heat,MIA,heat,201609,Goran,Dragic,G. Dragic,goran-dragic,G,,7,35:47,3,4,0,14,9,13,10,40,0,1,6,5,2019-20,Playoffs
0041900305,1610612748,Miami,Heat,MIA,heat,2738,Andre,Iguodala,A. Iguodala,andre-iguodala,,,28,19:27,0,0,0,2,2,6,2,22,2,0,2,1,2019-20,Playoffs
0041900305,1610612748,Miami,Heat,MIA,heat,1629639,Tyler,Herro,T. Herro,tyler-herro,,,14,29:01,0,0,0,0,9,13,11,36,0,1,3,0,2019-20,Playoffs
0041900305,1610612748,Miami,Heat,MIA,heat,203524,Solomon,Hill,S. Hill,solomon-hill,,,44,7:28,0,0,0,0,0,2,0,14,0,0,0,1,2019-20,Playoffs
0041900305,1610612748,Miami,Heat,MIA,heat,203482,Kelly,Olynyk,K. Olynyk,kelly-olynyk,,,9,3:54,0,3,0,2,0,2,0,8,0,0,2,0,2019-20,Playoffs
0041900305,1610612748,Miami,Heat,MIA,heat,1627884,Derrick,Jones Jr.,D. Jones Jr.,derrick-jones-jr,,,5,0:10,0,0,0,0,0,0,0,0,0,0,1,0,2019-20,Playoffs
0041900305,1610612748,Miami,Heat,MIA,heat,2617,Udonis,Haslem,U. Haslem,udonis-haslem,,DNP - Coach's Decision,40,,0,0,0,0,0,0,0,0,0,0,0,0,2019-20,Playoffs
0041900305,1610612748,Miami,Heat,MIA,heat,203086,Meyers,Leonard,M. Leonard,meyers-leonard,,DNP - Coach's Decision,0,,0,0,0,0,0,0,0,0,0,0,0,0,2019-20,Playoffs
0041900305,1610612748,Miami,Heat,MIA,heat,1629134,Kendrick,Nunn,K. Nunn,kendrick-nunn,,DNP - Coach's Decision,25,,0,0,0,0,0,0,0,0,0,0,0,0,2019-20,Playoffs
0041900305,1610612738,Boston,Celtics,BOS,celtics,1627759,Jaylen,Brown,J. Brown,jaylen-brown,F,,7,39:25,2,2,4,16,13,6,4,32,0,1,1,4,2019-20,Playoffs
0041900305,1610612738,Boston,Celtics,BOS,celtics,1628369,Jayson,Tatum,J. Tatum,jayson-tatum,F,,0,43:29,7,0,7,8,9,7,6,44,0,2,3,8,2019-20,Playoffs
0041900305,1610612738,Boston,Celtics,BOS,celtics,1628464,Daniel,Theis,D. Theis,daniel-theis,C,,27,34:45,0,9,0,12,7,5,2,28,3,0,4,5,2019-20,Playoffs
0041900305,1610612738,Boston,Celtics,BOS,celtics,203935,Marcus,Smart,M. Smart,marcus-smart,G,,36,40:17,3,0,2,2,13,4,6,40,0,0,4,4,2019-20,Playoffs
0041900305,1610612738,Boston,Celtics,BOS,celtics,202689,Kemba,Walker,K. Walker,kemba-walker,G,,8,28:22,0,0,2,0,8,6,6,34,0,1,5,5,2019-20,Playoffs
0041900305,1610612738,Boston,Celtics,BOS,celtics,202330,Gordon,Hayward,G. Hayward,gordon-hayward,,,20,30:20,2,4,2,8,11,5,4,30,1,0,1,3,2019-20,Playoffs
0041900305,1610612738,Boston,Celtics,BOS,celtics,1629684,Grant,Williams,G. Williams,grant-williams,,,12,8:14,0,0,0,0,0,3,0,10,0,0,2,0,2019-20,Playoffs
0041900305,1610612738,Boston,Celtics,BOS,celtics,202954,Brad,Wanamaker,B. Wanamaker,brad-wanamaker,,,9,4:59,0,0,0,2,2,5,0,6,0,0,1,0,2019-20,Playoffs
0041900305,1610612738,Boston,Celtics,BOS,celtics,202683,Enes,Freedom,E. Freedom,enes-freedom,,,11,10:10,0,0,0,8,2,4,2,16,0,1,2,0,2019-20,Playoffs
0041900305,1610612738,Boston,Celtics,BOS,celtics,1629035,Carsen,Edwards,C. Edwards,carsen-edwards,,DNP - Coach's Decision,4,,0,0,0,0,0,0,0,0,0,0,0,0,2019-20,Playoffs
0041900305,1610612738,Boston,Celtics,BOS,celtics,1629750,Javonte,Green,J. Green,javonte-green,,DNP - Coach's Decision,43,,0,0,0,0,0,0,0,0,0,0,0,0,2019-20,Playoffs
0041900305,1610612738,Boston,Celtics,BOS,celtics,1628400,Semi,Ojeleye,S. Ojeleye,semi-ojeleye,,DNP - Coach's Decision,37,,0,0,0,0,0,0,0,0,0,0,0,0,2019-20,Playoffs
0041900305,1610612738,Boston,Celtics,BOS,celtics,1629057,Robert,Williams III,R. Williams III,robert-williams-iii,,DNP - Coach's Decision,44,,0,0,0,0,0,0,0,0,0,0,0,0,2019-20,Playoffs
0041900306,1610612738,Boston,Celtics,BOS,celtics,1627759,Jaylen,Brown,J. Brown,jaylen-brown,F,,7,40:21,7,2,7,14,10,1,3,42,0,0,0,3,2019-20,Playoffs
0041900306,1610612738,Boston,Celtics,BOS,celtics,1628369,Jayson,Tatum,J. Tatum,jayson-tatum,F,,0,43:54,4,2,2,10,7,1,3,46,1,2,1,3,2019-20,Playoffs
0041900306,1610612738,Boston,Celtics,BOS,celtics,1628464,Daniel,Theis,D. Theis,daniel-theis,C,,27,21:34,0,2,0,4,4,0,2,22,0,0,6,2,2019-20,Playoffs
0041900306,1610612738,Boston,Celtics,BOS,celtics,203935,Marcus,Smart,M. Smart,marcus-smart,G,,36,35:42,2,5,2,4,9,0,2,32,0,0,5,1,2019-20,Playoffs
0041900306,1610612738,Boston,Celtics,BOS,celtics,202689,Kemba,Walker,K. Walker,kemba-walker,G,,8,35:00,0,0,0,8,7,1,1,38,0,0,5,2,2019-20,Playoffs
0041900306,1610612738,Boston,Celtics,BOS,celtics,202330,Gordon,Hayward,G. Hayward,gordon-hayward,,,20,32:24,5,2,0,4,4,1,3,38,0,0,2,1,2019-20,Playoffs
0041900306,1610612738,Boston,Celtics,BOS,celtics,202683,Enes,Freedom,E. Freedom,enes-freedom,,,11,7:34,0,3,0,2,3,0,0,4,0,0,0,1,2019-20,Playoffs
0041900306,1610612738,Boston,Celtics,BOS,celtics,202954,Brad,Wanamaker,B. Wanamaker,brad-wanamaker,,,9,9:09,0,0,0,0,3,0,0,2,0,0,2,0,2019-20,Playoffs
0041900306,1610612738,Boston,Celtics,BOS,celtics,1629057,Robert,Williams III,R. Williams III,robert-williams-iii,,,44,3:55,0,0,0,2,1,1,1,8,0,0,0,0,2019-20,Playoffs
0041900306,1610612738,Boston,Celtics,BOS,celtics,1629684,Grant,Williams,G. Williams,grant-williams,,,12,10:27,0,0,0,0,2,0,0,8,1,0,0,0,2019-20,Playoffs
0041900306,1610612738,Boston,Celtics,BOS,celtics,1629035,Carsen,Edwards,C. Edwards,carsen-edwards,,DNP - Coach's Decision,4,,0,0,0,0,0,0,0,0,0,0,0,0,2019-20,Playoffs
0041900306,1610612738,Boston,Celtics,BOS,celtics,1629750,Javonte,Green,J. Green,javonte-green,,DNP - Coach's Decision,43,,0,0,0,0,0,0,0,0,0,0,0,0,2019-20,Playoffs
0041900306,1610612738,Boston,Celtics,BOS,celtics,1628400,Semi,Ojeleye,S. Ojeleye,semi-ojeleye,,DNP - Coach's Decision,37,,0,0,0,0,0,0,0,0,0,0,0,0,2019-20,Playoffs
0041900306,1610612748,Miami,Heat,MIA,heat,202710,Jimmy,Butler III,J. Butler III,jimmy-butler-iii,F,,22,39:01,2,0,0,12,11,14,4,36,0,1,2,5,2019-20,Playoffs
0041900306,1610612748,Miami,Heat,MIA,heat,203109,Jae,Crowder,J. Crowder,jae-crowder,F,,99,29:50,0,0,2,6,9,9,9,34,2,0,2,1,2019-20,Playoffs
0041900306,1610612748,Miami,Heat,MIA,heat,1628389,Bam,Adebayo,B. Adebayo,bam-adebayo,C,,13,39:28,2,0,0,20,18,11,11,40,0,1,3,8,2019-20,Playoffs
0041900306,1610612748,Miami,Heat,MIA,heat,1629130,Duncan,Robinson,D. Robinson,duncan-robinson,G,,55,33:50,0,0,0,0,10,7,2,26,0,0,1,1,2019-20,Playoffs
0041900306,1610612748,Miami,Heat,MIA,heat,201609,Goran,Dragic,G. Dragic,goran-dragic,G,,7,30:23,1,1,1,4,14,13,9,30,0,0,2,3,2019-20,Playoffs
0041900306,1610612748,Miami,Heat,MIA,heat,1629639,Tyler,Herro,T. Herro,tyler-herro,,,14,34:51,2,0,0,4,15,12,11,40,0,0,1,1,2019-20,Playoffs
0041900306,1610612748,Miami,Heat,MIA,heat,2738,Andre,Iguodala,A. Iguodala,andre-iguodala,,,28,27:36,3,0,0,2,13,9,9,30,0,0,2,2,2019-20,Playoffs
0041900306,1610612748,Miami,Heat,MIA,heat,203524,Solomon,Hill,S. Hill,solomon-hill,,,44,5:01,0,0,0,0,0,5,0,4,0,0,0,0,2019-20,Playoffs
0041900306,1610612748,Miami,Heat,MIA,heat,2617,Udonis,Haslem,U. Haslem,udonis-haslem,,DNP - Coach's Decision,40,,0,0,0,0,0,0,0,0,0,0,0,0,2019-20,Playoffs
0041900306,1610612748,Miami,Heat,MIA,heat,1627884,Derrick,Jones Jr.,D. Jones Jr.,derrick-jones-jr,,DNP - Coach's Decision,5,,0,0,0,0,0,0,0,0,0,0,0,0,2019-20,Playoffs
0041900306,1610612748,Miami,Heat,MIA,heat,203086,Meyers,Leonard,M. Leonard,meyers-leonard,,DNP - Coach's Decision,0,,0,0,0,0,0,0,0,0,0,0,0,0,2019-20,Playoffs
0041900306,1610612748,Miami,Heat,MIA,heat,1629134,Kendrick,Nunn,K. Nunn,kendrick-nunn,,DNP - Coach's Decision,25,,0,0,0,0,0,0,0,0,0,0,0,0,2019-20,Playoffs
0041900306,1610612748,Miami,Heat,MIA,heat,203482,Kelly,Olynyk,K. Olynyk,kelly-olynyk,,DNP - Coach's Decision,9,,0,0,0,0,0,0,0,0,0,0,0,0,2019-20,Playoffs
0041900311,1610612743,Denver,Nuggets,DEN,nuggets,203924,Jerami,Grant,J. Grant,jerami-grant,F,,9,37:23,0,0,2,2,19,12,13,50,0,1,2,2,2019-20,Playoffs
0041900311,1610612743,Denver,Nuggets,DEN,nuggets,200794,Paul,Millsap,P. Millsap,paul-millsap,F,,4,20:47,3,0,0,2,9,8,10,26,0,0,3,1,2019-20,Playoffs
0041900311,1610612743,Denver,Nuggets,DEN,nuggets,203999,Nikola,Jokić,N. Jokić,nikola-jokić,C,,15,25:25,0,6,0,14,11,8,12,40,1,2,5,8,2019-20,Playoffs
0041900311,1610612743,Denver,Nuggets,DEN,nuggets,203914,Gary,Harris,G. Harris,gary-harris,G,,14,25:23,0,0,0,0,9,6,13,30,0,2,3,1,2019-20,Playoffs
0041900311,1610612743,Denver,Nuggets,DEN,nuggets,1627750,Jamal,Murray,J. Murray,jamal-murray,G,,27,28:58,0,0,0,6,12,8,10,44,0,0,4,2,2019-20,Playoffs
0041900311,1610612743,Denver,Nuggets,DEN,nuggets,1628420,Monte,Morris,M. Morris,monte-morris,,,11,20:57,1,0,0,6,10,6,3,22,1,0,2,2,2019-20,Playoffs
0041900311,1610612743,Denver,Nuggets,DEN,nuggets,1628470,Torrey,Craig,T. Craig,torrey-craig,,,3,10:20,0,0,0,4,4,4,0,14,0,0,1,1,2019-20,Playoffs
0041900311,1610612743,Denver,Nuggets,DEN,nuggets,1629008,Michael,Porter Jr.,M. Porter Jr.,michael-porter-jr,,,1,28:59,7,2,2,4,15,6,6,26,0,1,2,4,2019-20,Playoffs
0041900311,1610612743,Denver,Nuggets,DEN,nuggets,203486,Mason,Plumlee,M. Plumlee,mason-plumlee,,,7,20:33,2,5,0,8,13,2,4,14,0,0,2,5,2019-20,Playoffs
0041900311,1610612743,Denver,Nuggets,DEN,nuggets,1628408,PJ,Dozier,P. Dozier,pj-dozier,,,35,12:00,2,0,0,4,10,0,3,4,0,0,2,2,2019-20,Playoffs
0041900311,1610612743,Denver,Nuggets,DEN,nuggets,203584,Troy,Daniels,T. Daniels,troy-daniels,,,30,5:07,0,0,6,2,5,0,3,0,0,0,0,0,2019-20,Playoffs
0041900311,1610612743,Denver,Nuggets,DEN,nuggets,1629626,Bol,Bol,B. Bol,bol-bol,,,10,4:08,2,0,0,0,3,0,3,0,0,0,0,0,2019-20,Playoffs
0041900311,1610612743,Denver,Nuggets,DEN,nuggets,1628966,Keita,Bates-Diop,K. Bates-Diop,keita-bates-diop,,DNP - Coach's Decision,6,,0,0,0,0,0,0,0,0,0,0,0,0,2019-20,Playoffs
0041900311,1610612747,Los Angeles,Lakers,LAL,lakers,2544,LeBron,James,L. James,lebron-james,F,,23,30:54,6,0,4,10,11,12,4,30,0,0,2,4,2019-20,Playoffs
0041900311,1610612747,Los Angeles,Lakers,LAL,lakers,203076,Anthony,Davis,A. Davis,anthony-davis,F,,3,32:47,7,4,1,16,6,9,2,38,0,0,3,7,2019-20,Playoffs
0041900311,1610612747,Los Angeles,Lakers,LAL,lakers,201580,JaVale,McGee,J. McGee,javale-mcgee,C,,7,10:42,0,0,0,0,9,2,8,14,1,0,4,0,2019-20,Playoffs
0041900311,1610612747,Los Angeles,Lakers,LAL,lakers,201980,Danny,Green,D. Green,danny-green,G,,14,23:26,0,0,0,4,4,5,4,20,1,0,3,0,2019-20,Playoffs
0041900311,1610612747,Los Angeles,Lakers,LAL,lakers,203484,Kentavious,Caldwell-Pope,K. Caldwell-Pope,kentavious-caldwell-pope,G,,1,29:58,2,2,8,4,8,3,4,36,1,0,2,3,2019-20,Playoffs
0041900311,1610612747,Los Angeles,Lakers,LAL,lakers,1628398,Kyle,Kuzma,K. Kuzma,kyle-kuzma,,,0,24:25,3,0,3,6,15,8,8,34,0,1,2,1,2019-20,Playoffs
0041900311,1610612747,Los Angeles,Lakers,LAL,lakers,1627936,Alex,Caruso,A. Caruso,alex-caruso,,,4,22:19,0,0,0,2,10,10,0,26,1,0,4,4,2019-20,Playoffs
0041900311,1610612747,Los Angeles,Lakers,LAL,lakers,200765,Rajon,Rondo,R. Rondo,rajon-rondo,,,9,21:50,3,0,0,4,5,9,0,24,0,1,1,1,2019-20,Playoffs
0041900311,1610612747,Los Angeles,Lakers,LAL,lakers,202693,Markieff,Morris,M. Morris,markieff-morris,,,88,16:09,3,0,0,0,7,5,2,16,0,0,3,0,2019-20,Playoffs
0041900311,1610612747,Los Angeles,Lakers,LAL,lakers,2730,Dwight,Howard,D. Howard,dwight-howard,,,39,16:26,0,6,0,8,0,2,0,10,2,0,4,6,2019-20,Playoffs
0041900311,1610612747,Los Angeles,Lakers,LAL,lakers,2747,JR,Smith,J. Smith,jr-smith,,,21,4:08,0,0,0,0,4,0,6,4,0,0,0,0,2019-20,Playoffs
0041900311,1610612747,Los Angeles,Lakers,LAL,lakers,201162,Jared,Dudley,J. Dudley,jared-dudley,,,10,4:08,0,0,0,0,4,0,6,4,0,0,0,0,2019-20,Playoffs
0041900311,1610612747,Los Angeles,Lakers,LAL,lakers,1626188,Quinn,Cook,Q. Cook,quinn-cook,,,28,2:48,0,0,0,0,2,0,6,4,0,0,0,0,2019-20,Playoffs
0041900312,1610612743,Denver,Nuggets,DEN,nuggets,203924,Jerami,Grant,J. Grant,jerami-grant,F,,9,24:36,2,0,0,4,7,11,2,12,0,0,4,0,2019-20,Playoffs
0041900312,1610612743,Denver,Nuggets,DEN,nuggets,200794,Paul,Millsap,P. Millsap,paul-millsap,F,,4,28:06,0,1,0,2,6,11,4,12,0,2,2,2,2019-20,Playoffs
0041900312,1610612743,Denver,Nuggets,DEN,nuggets,203999,Nikola,Jokić,N. Jokić,nikola-jokić,C,,15,38:40,9,2,2,10,15,14,8,24,0,0,4,9,2019-20,Playoffs
0041900312,1610612743,Denver,Nuggets,DEN,nuggets,203914,Gary,Harris,G. Harris,gary-harris,G,,14,24:42,0,0,0,0,13,8,6,20,0,0,0,0,2019-20,Playoffs
0041900312,1610612743,Denver,Nuggets,DEN,nuggets,1627750,Jamal,Murray,J. Murray,jamal-murray,G,,27,44:14,3,3,0,10,9,16,4,28,2,3,1,8,2019-20,Playoffs
0041900312,1610612743,Denver,Nuggets,DEN,nuggets,1628470,Torrey,Craig,T. Craig,torrey-craig,,,3,23:18,0,0,0,2,8,5,6,22,1,0,3,3,2019-20,Playoffs
0041900312,1610612743,Denver,Nuggets,DEN,nuggets,1629008,Michael,Porter Jr.,M. Porter Jr.,michael-porter-jr,,,1,19:58,2,4,2,6,9,2,4,22,0,2,5,1,2019-20,Playoffs
0041900312,1610612743,Denver,Nuggets,DEN,nuggets,1628420,Monte,Morris,M. Morris,monte-morris,,,11,12:58,3,2,0,0,6,0,4,16,0,0,0,2,2019-20,Playoffs
0041900312,1610612743,Denver,Nuggets,DEN,nuggets,203486,Mason,Plumlee,M. Plumlee,mason-plumlee,,,7,9:22,0,0,0,2,0,5,0,10,0,0,2,0,2019-20,Playoffs
0041900312,1610612743,Denver,Nuggets,DEN,nuggets,1628408,PJ,Dozier,P. Dozier,pj-dozier,,,35,14:06,0,0,1,2,2,8,2,4,1,0,1,5,2019-20,Playoffs
0041900312,1610612743,Denver,Nuggets,DEN,nuggets,1628966,Keita,Bates-Diop,K. Bates-Diop,keita-bates-diop,,DNP - Coach's Decision,6,,0,0,0,0,0,0,0,0,0,0,0,0,2019-20,Playoffs
0041900312,1610612743,Denver,Nuggets,DEN,nuggets,1629626,Bol,Bol,B. Bol,bol-bol,,DNP - Coach's Decision,10,,0,0,0,0,0,0,0,0,0,0,0,0,2019-20,Playoffs
0041900312,1610612743,Denver,Nuggets,DEN,nuggets,203584,Troy,Daniels,T. Daniels,troy-daniels,,DNP - Coach's Decision,30,,0,0,0,0,0,0,0,0,0,0,0,0,2019-20,Playoffs
0041900312,1610612747,Los Angeles,Lakers,LAL,lakers,2544,LeBron,James,L. James,lebron-james,F,,23,36:25,4,8,4,12,17,12,5,30,2,2,2,5,2019-20,Playoffs
0041900312,1610612747,Los Angeles,Lakers,LAL,lakers,203076,Anthony,Davis,A. Davis,anthony-davis,F,,3,39:18,0,3,0,8,14,6,2,30,2,0,4,5,2019-20,Playoffs
0041900312,1610612747,Los Angeles,Lakers,LAL,lakers,201580,JaVale,McGee,J. McGee,javale-mcgee,C,,7,11:45,0,0,0,2,5,3,2,12,0,0,2,1,2019-20,Playoffs
0041900312,1610612747,Los Angeles,Lakers,LAL,lakers,201980,Danny,Green,D. Green,danny-green,G,,14,28:17,2,0,2,2,10,10,5,28,1,2,1,1,2019-20,Playoffs
0041900312,1610612747,Los Angeles,Lakers,LAL,lakers,203484,Kentavious,Caldwell-Pope,K. Caldwell-Pope,kentavious-caldwell-pope,G,,1,31:23,0,3,0,0,12,5,3,26,1,0,4,3,2019-20,Playoffs
0041900312,1610612747,Los Angeles,Lakers,LAL,lakers,1628398,Kyle,Kuzma,K. Kuzma,kyle-kuzma,,,0,20:57,2,2,0,4,7,6,3,18,0,0,4,1,2019-20,Playoffs
0041900312,1610612747,Los Angeles,Lakers,LAL,lakers,200765,Rajon,Rondo,R. Rondo,rajon-rondo,,,9,21:06,0,0,0,0,7,2,0,16,0,0,3,1,2019-20,Playoffs
0041900312,1610612747,Los Angeles,Lakers,LAL,lakers,1627936,Alex,Caruso,A. Caruso,alex-caruso,,,4,28:50,7,0,2,4,14,9,2,18,1,0,3,4,2019-20,Playoffs
0041900312,1610612747,Los Angeles,Lakers,LAL,lakers,202693,Markieff,Morris,M. Morris,markieff-morris,,,88,9:14,0,0,0,0,5,6,3,8,0,0,2,0,2019-20,Playoffs
0041900312,1610612747,Los Angeles,Lakers,LAL,lakers,2730,Dwight,Howard,D. Howard,dwight-howard,,,39,12:45,0,0,0,2,4,1,0,4,0,0,5,1,2019-20,Playoffs
0041900312,1610612747,Los Angeles,Lakers,LAL,lakers,1626188,Quinn,Cook,Q. Cook,quinn-cook,,DNP - Coach's Decision,28,,0,0,0,0,0,0,0,0,0,0,0,0,2019-20,Playoffs
0041900312,1610612747,Los Angeles,Lakers,LAL,lakers,201162,Jared,Dudley,J. Dudley,jared-dudley,,DNP - Coach's Decision,10,,0,0,0,0,0,0,0,0,0,0,0,0,2019-20,Playoffs
0041900312,1610612747,Los Angeles,Lakers,LAL,lakers,2747,JR,Smith,J. Smith,jr-smith,,DNP - Coach's Decision,21,,0,0,0,0,0,0,0,0,0,0,0,0,2019-20,Playoffs
0041900313,1610612747,Los Angeles,Lakers,LAL,lakers,2544,LeBron,James,L. James,lebron-james,F,,23,37:15,12,0,11,20,23,5,6,30,2,1,1,3,2019-20,Playoffs
0041900313,1610612747,Los Angeles,Lakers,LAL,lakers,203076,Anthony,Davis,A. Davis,anthony-davis,F,,3,42:48,6,2,2,14,18,9,10,46,0,0,4,7,2019-20,Playoffs
0041900313,1610612747,Los Angeles,Lakers,LAL,lakers,201580,JaVale,McGee,J. McGee,javale-mcgee,C,,7,8:05,0,0,0,4,6,5,0,10,0,0,2,1,2019-20,Playoffs
0041900313,1610612747,Los Angeles,Lakers,LAL,lakers,201980,Danny,Green,D. Green,danny-green,G,,14,20:09,0,0,0,0,13,5,6,16,0,0,4,1,2019-20,Playoffs
0041900313,1610612747,Los Angeles,Lakers,LAL,lakers,203484,Kentavious,Caldwell-Pope,K. Caldwell-Pope,kentavious-caldwell-pope,G,,1,26:46,2,2,5,6,13,9,8,28,0,0,1,0,2019-20,Playoffs
0041900313,1610612747,Los Angeles,Lakers,LAL,lakers,1628398,Kyle,Kuzma,K. Kuzma,kyle-kuzma,,,0,26:01,1,0,1,6,12,4,4,30,0,0,1,2,2019-20,Playoffs
0041900313,1610612747,Los Angeles,Lakers,LAL,lakers,200765,Rajon,Rondo,R. Rondo,rajon-rondo,,,9,29:36,0,0,2,8,10,8,8,34,0,1,4,2,2019-20,Playoffs
0041900313,1610612747,Los Angeles,Lakers,LAL,lakers,1627936,Alex,Caruso,A. Caruso,alex-caruso,,,4,24:41,2,0,0,2,12,4,2,28,0,0,3,3,2019-20,Playoffs
0041900313,1610612747,Los Angeles,Lakers,LAL,lakers,202693,Markieff,Morris,M. Morris,markieff-morris,,,88,10:35,0,0,0,0,9,6,0,10,0,0,2,0,2019-20,Playoffs
0041900313,1610612747,Los Angeles,Lakers,LAL,lakers,2730,Dwight,Howard,D. Howard,dwight-howard,,,39,14:04,0,0,0,4,9,0,6,8,1,0,4,2,2019-20,Playoffs
0041900313,1610612747,Los Angeles,Lakers,LAL,lakers,1626188,Quinn,Cook,Q. Cook,quinn-cook,,DNP - Coach's Decision,28,,0,0,0,0,0,0,0,0,0,0,0,0,2019-20,Playoffs
0041900313,1610612747,Los Angeles,Lakers,LAL,lakers,201162,Jared,Dudley,J. Dudley,jared-dudley,,DNP - Coach's Decision,10,,0,0,0,0,0,0,0,0,0,0,0,0,2019-20,Playoffs
0041900313,1610612747,Los Angeles,Lakers,LAL,lakers,2747,JR,Smith,J. Smith,jr-smith,,DNP - Coach's Decision,21,,0,0,0,0,0,0,0,0,0,0,0,0,2019-20,Playoffs
0041900313,1610612743,Denver,Nuggets,DEN,nuggets,203924,Jerami,Grant,J. Grant,jerami-grant,F,,9,33:40,7,3,6,10,17,4,21,48,0,0,3,7,2019-20,Playoffs
0041900313,1610612743,Denver,Nuggets,DEN,nuggets,200794,Paul,Millsap,P. Millsap,paul-millsap,F,,4,31:02,2,0,0,4,10,4,9,38,1,2,4,2,2019-20,Playoffs
0041900313,1610612743,Denver,Nuggets,DEN,nuggets,203999,Nikola,Jokić,N. Jokić,nikola-jokić,C,,15,37:24,1,6,0,12,19,4,14,48,1,0,4,6,2019-20,Playoffs
0041900313,1610612743,Denver,Nuggets,DEN,nuggets,203914,Gary,Harris,G. Harris,gary-harris,G,,14,32:19,3,0,0,2,15,4,12,44,0,0,0,3,2019-20,Playoffs
0041900313,1610612743,Denver,Nuggets,DEN,nuggets,1627750,Jamal,Murray,J. Murray,jamal-murray,G,,27,43:43,7,0,2,10,21,4,21,58,0,0,1,6,2019-20,Playoffs
0041900313,1610612743,Denver,Nuggets,DEN,nuggets,1629008,Michael,Porter Jr.,M. Porter Jr.,michael-porter-jr,,,1,21:53,5,2,0,6,15,0,12,32,0,1,4,0,2019-20,Playoffs
0041900313,1610612743,Denver,Nuggets,DEN,nuggets,1628420,Monte,Morris,M. Morris,monte-morris,,,11,19:55,0,0,2,2,8,0,9,26,0,0,2,1,2019-20,Playoffs
0041900313,1610612743,Denver,Nuggets,DEN,nuggets,1628470,Torrey,Craig,T. Craig,torrey-craig,,,3,15:29,0,0,0,2,8,0,7,22,0,0,2,1,2019-20,Playoffs
0041900313,1610612743,Denver,Nuggets,DEN,nuggets,203486,Mason,Plumlee,M. Plumlee,mason-plumlee,,,7,4:35,0,0,0,0,2,0,0,4,0,0,1,0,2019-20,Playoffs
0041900313,1610612743,Denver,Nuggets,DEN,nuggets,1628966,Keita,Bates-Diop,K. Bates-Diop,keita-bates-diop,,DNP - Coach's Decision,6,,0,0,0,0,0,0,0,0,0,0,0,0,2019-20,Playoffs
0041900313,1610612743,Denver,Nuggets,DEN,nuggets,1629626,Bol,Bol,B. Bol,bol-bol,,DNP - Coach's Decision,10,,0,0,0,0,0,0,0,0,0,0,0,0,2019-20,Playoffs
0041900313,1610612743,Denver,Nuggets,DEN,nuggets,203584,Troy,Daniels,T. Daniels,troy-daniels,,DNP - Coach's Decision,30,,0,0,0,0,0,0,0,0,0,0,0,0,2019-20,Playoffs
0041900313,1610612743,Denver,Nuggets,DEN,nuggets,1628408,PJ,Dozier,P. Dozier,pj-dozier,,DNP - Coach's Decision,35,,0,0,0,0,0,0,0,0,0,0,0,0,2019-20,Playoffs
0041900314,1610612747,Los Angeles,Lakers,LAL,lakers,2544,LeBron,James,L. James,lebron-james,F,,23,38:22,4,8,8,12,11,4,8,32,0,2,2,9,2019-20,Playoffs
0041900314,1610612747,Los Angeles,Lakers,LAL,lakers,203076,Anthony,Davis,A. Davis,anthony-davis,F,,3,40:31,7,5,0,10,6,6,9,42,0,0,2,10,2019-20,Playoffs
0041900314,1610612747,Los Angeles,Lakers,LAL,lakers,2730,Dwight,Howard,D. Howard,dwight-howard,C,,39,22:37,0,11,3,10,2,0,4,22,0,0,2,4,2019-20,Playoffs
0041900314,1610612747,Los Angeles,Lakers,LAL,lakers,201980,Danny,Green,D. Green,danny-green,G,,14,21:14,0,0,3,0,2,0,4,18,0,0,3,0,2019-20,Playoffs
0041900314,1610612747,Los Angeles,Lakers,LAL,lakers,203484,Kentavious,Caldwell-Pope,K. Caldwell-Pope,kentavious-caldwell-pope,G,,1,34:24,3,0,3,4,4,4,5,36,1,0,1,1,2019-20,Playoffs
0041900314,1610612747,Los Angeles,Lakers,LAL,lakers,1628398,Kyle,Kuzma,K. Kuzma,kyle-kuzma,,,0,18:30,0,0,0,2,7,4,3,18,0,0,1,0,2019-20,Playoffs
0041900314,1610612747,Los Angeles,Lakers,LAL,lakers,200765,Rajon,Rondo,R. Rondo,rajon-rondo,,,9,21:34,0,1,0,4,6,6,5,24,0,1,3,2,2019-20,Playoffs
0041900314,1610612747,Los Angeles,Lakers,LAL,lakers,1627936,Alex,Caruso,A. Caruso,alex-caruso,,,4,20:08,0,0,0,0,7,6,5,18,1,0,5,1,2019-20,Playoffs
0041900314,1610612747,Los Angeles,Lakers,LAL,lakers,201580,JaVale,McGee,J. McGee,javale-mcgee,,,7,5:12,0,0,0,0,3,0,0,4,0,0,0,1,2019-20,Playoffs
0041900314,1610612747,Los Angeles,Lakers,LAL,lakers,202693,Markieff,Morris,M. Morris,markieff-morris,,,88,17:28,0,0,0,2,7,0,2,16,0,0,6,0,2019-20,Playoffs
0041900314,1610612747,Los Angeles,Lakers,LAL,lakers,1626188,Quinn,Cook,Q. Cook,quinn-cook,,DNP - Coach's Decision,28,,0,0,0,0,0,0,0,0,0,0,0,0,2019-20,Playoffs
0041900314,1610612747,Los Angeles,Lakers,LAL,lakers,201162,Jared,Dudley,J. Dudley,jared-dudley,,DNP - Coach's Decision,10,,0,0,0,0,0,0,0,0,0,0,0,0,2019-20,Playoffs
0041900314,1610612747,Los Angeles,Lakers,LAL,lakers,2747,JR,Smith,J. Smith,jr-smith,,DNP - Coach's Decision,21,,0,0,0,0,0,0,0,0,0,0,0,0,2019-20,Playoffs
0041900314,1610612743,Denver,Nuggets,DEN,nuggets,203924,Jerami,Grant,J. Grant,jerami-grant,F,,9,42:46,4,0,4,6,12,25,17,40,0,0,4,3,2019-20,Playoffs
0041900314,1610612743,Denver,Nuggets,DEN,nuggets,200794,Paul,Millsap,P. Millsap,paul-millsap,F,,4,16:48,0,2,0,0,3,8,7,12,0,1,5,2,2019-20,Playoffs
0041900314,1610612743,Denver,Nuggets,DEN,nuggets,203999,Nikola,Jokić,N. Jokić,nikola-jokić,C,,15,35:43,3,2,0,8,8,22,15,36,0,1,5,3,2019-20,Playoffs
0041900314,1610612743,Denver,Nuggets,DEN,nuggets,203914,Gary,Harris,G. Harris,gary-harris,G,,14,18:31,0,0,0,0,2,9,10,18,0,0,2,0,2019-20,Playoffs
0041900314,1610612743,Denver,Nuggets,DEN,nuggets,1627750,Jamal,Murray,J. Murray,jamal-murray,G,,27,45:11,2,0,4,14,14,25,17,42,1,0,1,8,2019-20,Playoffs
0041900314,1610612743,Denver,Nuggets,DEN,nuggets,1628470,Torrey,Craig,T. Craig,torrey-craig,,,3,19:30,0,0,0,4,4,17,8,20,2,0,5,0,2019-20,Playoffs
0041900314,1610612743,Denver,Nuggets,DEN,nuggets,1628420,Monte,Morris,M. Morris,monte-morris,,,11,27:23,2,2,1,8,9,13,7,26,0,0,1,5,2019-20,Playoffs
0041900314,1610612743,Denver,Nuggets,DEN,nuggets,1629008,Michael,Porter Jr.,M. Porter Jr.,michael-porter-jr,,,1,20:31,0,0,0,4,9,3,2,18,0,0,2,0,2019-20,Playoffs
0041900314,1610612743,Denver,Nuggets,DEN,nuggets,203486,Mason,Plumlee,M. Plumlee,mason-plumlee,,,7,13:32,0,0,0,2,9,3,2,8,0,0,3,4,2019-20,Playoffs
0041900314,1610612743,Denver,Nuggets,DEN,nuggets,1628408,PJ,Dozier,P. Dozier,pj-dozier,,,35,0:05,0,0,0,0,0,0,0,0,0,0,0,0,2019-20,Playoffs
0041900314,1610612743,Denver,Nuggets,DEN,nuggets,1628966,Keita,Bates-Diop,K. Bates-Diop,keita-bates-diop,,DNP - Coach's Decision,6,,0,0,0,0,0,0,0,0,0,0,0,0,2019-20,Playoffs
0041900314,1610612743,Denver,Nuggets,DEN,nuggets,1629626,Bol,Bol,B. Bol,bol-bol,,DNP - Coach's Decision,10,,0,0,0,0,0,0,0,0,0,0,0,0,2019-20,Playoffs
0041900314,1610612743,Denver,Nuggets,DEN,nuggets,203584,Troy,Daniels,T. Daniels,troy-daniels,,DNP - Coach's Decision,30,,0,0,0,0,0,0,0,0,0,0,0,0,2019-20,Playoffs
0041900315,1610612743,Denver,Nuggets,DEN,nuggets,203924,Jerami,Grant,J. Grant,jerami-grant,F,,9,45:37,5,3,3,10,9,3,14,44,1,1,4,4,2019-20,Playoffs
0041900315,1610612743,Denver,Nuggets,DEN,nuggets,200794,Paul,Millsap,P. Millsap,paul-millsap,F,,4,30:42,0,2,3,0,7,3,12,26,0,1,3,6,2019-20,Playoffs
0041900315,1610612743,Denver,Nuggets,DEN,nuggets,203999,Nikola,Jokić,N. Jokić,nikola-jokić,C,,15,29:57,10,2,0,12,7,3,8,22,0,1,5,5,2019-20,Playoffs
0041900315,1610612743,Denver,Nuggets,DEN,nuggets,203914,Gary,Harris,G. Harris,gary-harris,G,,14,13:14,0,0,3,0,5,0,6,14,0,1,4,0,2019-20,Playoffs
0041900315,1610612743,Denver,Nuggets,DEN,nuggets,1627750,Jamal,Murray,J. Murray,jamal-murray,G,,27,43:05,7,0,2,10,9,3,18,44,0,1,3,6,2019-20,Playoffs
0041900315,1610612743,Denver,Nuggets,DEN,nuggets,1628420,Monte,Morris,M. Morris,monte-morris,,,11,28:01,0,0,2,6,6,3,6,28,0,1,1,2,2019-20,Playoffs
0041900315,1610612743,Denver,Nuggets,DEN,nuggets,203486,Mason,Plumlee,M. Plumlee,mason-plumlee,,,7,18:03,0,4,0,6,4,0,10,30,0,1,2,2,2019-20,Playoffs
0041900315,1610612743,Denver,Nuggets,DEN,nuggets,1629008,Michael,Porter Jr.,M. Porter Jr.,michael-porter-jr,,,1,17:07,0,5,0,4,4,0,6,26,0,1,2,1,2019-20,Playoffs
0041900315,1610612743,Denver,Nuggets,DEN,nuggets,1628470,Torrey,Craig,T. Craig,torrey-craig,,,3,7:29,0,0,0,0,4,0,4,16,1,0,0,0,2019-20,Playoffs
0041900315,1610612743,Denver,Nuggets,DEN,nuggets,1628408,PJ,Dozier,P. Dozier,pj-dozier,,,35,6:45,0,0,2,2,0,0,6,10,0,0,1,0,2019-20,Playoffs
0041900315,1610612743,Denver,Nuggets,DEN,nuggets,1628966,Keita,Bates-Diop,K. Bates-Diop,keita-bates-diop,,DNP - Coach's Decision,6,,0,0,0,0,0,0,0,0,0,0,0,0,2019-20,Playoffs
0041900315,1610612743,Denver,Nuggets,DEN,nuggets,1629626,Bol,Bol,B. Bol,bol-bol,,DNP - Coach's Decision,10,,0,0,0,0,0,0,0,0,0,0,0,0,2019-20,Playoffs
0041900315,1610612743,Denver,Nuggets,DEN,nuggets,203584,Troy,Daniels,T. Daniels,troy-daniels,,DNP - Coach's Decision,30,,0,0,0,0,0,0,0,0,0,0,0,0,2019-20,Playoffs
0041900315,1610612747,Los Angeles,Lakers,LAL,lakers,2544,LeBron,James,L. James,lebron-james,F,,23,40:01,2,0,8,20,22,7,13,38,0,1,2,8,2019-20,Playoffs
0041900315,1610612747,Los Angeles,Lakers,LAL,lakers,203076,Anthony,Davis,A. Davis,anthony-davis,F,,3,34:43,0,3,4,8,18,14,15,36,1,1,3,6,2019-20,Playoffs
0041900315,1610612747,Los Angeles,Lakers,LAL,lakers,2730,Dwight,Howard,D. Howard,dwight-howard,C,,39,35:08,0,0,0,6,15,8,13,30,2,0,5,6,2019-20,Playoffs
0041900315,1610612747,Los Angeles,Lakers,LAL,lakers,201980,Danny,Green,D. Green,danny-green,G,,14,28:06,7,0,2,2,15,5,15,30,2,0,1,2,2019-20,Playoffs
0041900315,1610612747,Los Angeles,Lakers,LAL,lakers,203484,Kentavious,Caldwell-Pope,K. Caldwell-Pope,kentavious-caldwell-pope,G,,1,26:22,0,0,0,0,8,12,9,20,0,0,5,0,2019-20,Playoffs
0041900315,1610612747,Los Angeles,Lakers,LAL,lakers,200765,Rajon,Rondo,R. Rondo,rajon-rondo,,,9,12:49,0,0,0,2,5,9,2,18,0,0,2,0,2019-20,Playoffs
0041900315,1610612747,Los Angeles,Lakers,LAL,lakers,1628398,Kyle,Kuzma,K. Kuzma,kyle-kuzma,,,0,20:44,0,0,0,4,9,9,0,26,1,0,3,1,2019-20,Playoffs
0041900315,1610612747,Los Angeles,Lakers,LAL,lakers,1627936,Alex,Caruso,A. Caruso,alex-caruso,,,4,25:39,2,0,4,10,9,10,6,30,1,0,2,2,2019-20,Playoffs
0041900315,1610612747,Los Angeles,Lakers,LAL,lakers,202693,Markieff,Morris,M. Morris,markieff-morris,,,88,14:13,0,0,0,0,7,4,2,18,1,0,1,0,2019-20,Playoffs
0041900315,1610612747,Los Angeles,Lakers,LAL,lakers,201580,JaVale,McGee,J. McGee,javale-mcgee,,,7,2:15,0,0,0,0,2,2,0,4,0,0,2,0,2019-20,Playoffs
0041900315,1610612747,Los Angeles,Lakers,LAL,lakers,1626188,Quinn,Cook,Q. Cook,quinn-cook,,DNP - Coach's Decision,28,,0,0,0,0,0,0,0,0,0,0,0,0,2019-20,Playoffs
0041900315,1610612747,Los Angeles,Lakers,LAL,lakers,201162,Jared,Dudley,J. Dudley,jared-dudley,,DNP - Coach's Decision,10,,0,0,0,0,0,0,0,0,0,0,0,0,2019-20,Playoffs
0041900315,1610612747,Los Angeles,Lakers,LAL,lakers,2747,JR,Smith,J. Smith,jr-smith,,DNP - Coach's Decision,21,,0,0,0,0,0,0,0,0,0,0,0,0,2019-20,Playoffs
0041900401,1610612748,Miami,Heat,MIA,heat,202710,Jimmy,Butler III,J. Butler III,jimmy-butler-iii,F,,22,33:25,4,2,2,8,12,12,8,26,0,0,0,7,2019-20,Playoffs
0041900401,1610612748,Miami,Heat,MIA,heat,203109,Jae,Crowder,J. Crowder,jae-crowder,F,,99,24:30,3,0,0,0,10,10,4,22,2,0,3,0,2019-20,Playoffs
0041900401,1610612748,Miami,Heat,MIA,heat,1628389,Bam,Adebayo,B. Adebayo,bam-adebayo,C,,13,21:10,3,2,0,4,5,8,6,18,0,0,2,5,2019-20,Playoffs
0041900401,1610612748,Miami,Heat,MIA,heat,1629130,Duncan,Robinson,D. Robinson,duncan-robinson,G,,55,27:03,0,0,0,0,12,12,6,22,0,0,2,1,2019-20,Playoffs
0041900401,1610612748,Miami,Heat,MIA,heat,201609,Goran,Dragic,G. Dragic,goran-dragic,G,,7,14:50,2,0,2,6,4,4,2,8,0,2,0,0,2019-20,Playoffs
0041900401,1610612748,Miami,Heat,MIA,heat,2738,Andre,Iguodala,A. Iguodala,andre-iguodala,,,28,25:23,0,2,0,4,11,6,8,18,1,2,3,0,2019-20,Playoffs
0041900401,1610612748,Miami,Heat,MIA,heat,1629639,Tyler,Herro,T. Herro,tyler-herro,,,14,30:15,0,0,4,6,14,10,6,28,0,2,1,1,2019-20,Playoffs
0041900401,1610612748,Miami,Heat,MIA,heat,203524,Solomon,Hill,S. Hill,solomon-hill,,,44,18:02,0,0,0,4,6,4,4,14,0,0,2,1,2019-20,Playoffs
0041900401,1610612748,Miami,Heat,MIA,heat,1627884,Derrick,Jones Jr.,D. Jones Jr.,derrick-jones-jr,,,5,7:29,0,0,0,2,2,2,0,8,0,1,0,0,2019-20,Playoffs
0041900401,1610612748,Miami,Heat,MIA,heat,1629134,Kendrick,Nunn,K. Nunn,kendrick-nunn,,,25,19:49,2,3,2,10,2,6,4,14,0,0,0,0,2019-20,Playoffs
0041900401,1610612748,Miami,Heat,MIA,heat,203482,Kelly,Olynyk,K. Olynyk,kelly-olynyk,,,9,18:04,0,0,2,2,2,6,2,12,2,1,2,4,2019-20,Playoffs
0041900401,1610612748,Miami,Heat,MIA,heat,2617,Udonis,Haslem,U. Haslem,udonis-haslem,,DNP - Coach's Decision,40,,0,0,0,0,0,0,0,0,0,0,0,0,2019-20,Playoffs
0041900401,1610612748,Miami,Heat,MIA,heat,203086,Meyers,Leonard,M. Leonard,meyers-leonard,,DNP - Coach's Decision,0,,0,0,0,0,0,0,0,0,0,0,0,0,2019-20,Playoffs
0041900401,1610612747,Los Angeles,Lakers,LAL,lakers,2544,LeBron,James,L. James,lebron-james,F,,23,36:24,0,4,0,12,14,7,8,32,0,1,3,3,2019-20,Playoffs
0041900401,1610612747,Los Angeles,Lakers,LAL,lakers,203076,Anthony,Davis,A. Davis,anthony-davis,F,,3,38:04,9,12,6,16,12,9,6,34,3,3,1,6,2019-20,Playoffs
0041900401,1610612747,Los Angeles,Lakers,LAL,lakers,2730,Dwight,Howard,D. Howard,dwight-howard,C,,39,14:55,0,0,0,0,9,2,2,16,0,0,3,2,2019-20,Playoffs
0041900401,1610612747,Los Angeles,Lakers,LAL,lakers,201980,Danny,Green,D. Green,danny-green,G,,14,29:32,0,0,0,2,10,4,6,24,3,0,1,0,2019-20,Playoffs
0041900401,1610612747,Los Angeles,Lakers,LAL,lakers,203484,Kentavious,Caldwell-Pope,K. Caldwell-Pope,kentavious-caldwell-pope,G,,1,30:26,3,0,0,0,12,7,6,32,1,0,1,2,2019-20,Playoffs
0041900401,1610612747,Los Angeles,Lakers,LAL,lakers,1628398,Kyle,Kuzma,K. Kuzma,kyle-kuzma,,,0,22:03,0,0,0,0,2,4,6,18,0,0,2,0,2019-20,Playoffs
0041900401,1610612747,Los Angeles,Lakers,LAL,lakers,200765,Rajon,Rondo,R. Rondo,rajon-rondo,,,9,24:51,0,0,0,0,5,7,10,28,0,1,1,1,2019-20,Playoffs
0041900401,1610612747,Los Angeles,Lakers,LAL,lakers,1627936,Alex,Caruso,A. Caruso,alex-caruso,,,4,21:59,2,0,2,6,2,2,8,20,0,0,3,1,2019-20,Playoffs
0041900401,1610612747,Los Angeles,Lakers,LAL,lakers,202693,Markieff,Morris,M. Morris,markieff-morris,,,88,17:37,2,0,2,2,4,3,8,20,0,0,3,0,2019-20,Playoffs
0041900401,1610612747,Los Angeles,Lakers,LAL,lakers,201162,Jared,Dudley,J. Dudley,jared-dudley,,,10,1:23,0,0,0,0,0,0,0,2,1,0,0,0,2019-20,Playoffs
0041900401,1610612747,Los Angeles,Lakers,LAL,lakers,2747,JR,Smith,J. Smith,jr-smith,,,21,1:23,0,0,0,0,0,0,0,2,0,0,1,0,2019-20,Playoffs
0041900401,1610612747,Los Angeles,Lakers,LAL,lakers,1626188,Quinn,Cook,Q. Cook,quinn-cook,,,28,1:23,0,0,0,0,0,0,0,2,0,0,0,0,2019-20,Playoffs
0041900401,1610612747,Los Angeles,Lakers,LAL,lakers,201580,JaVale,McGee,J. McGee,javale-mcgee,,DNP - Coach's Decision,7,,0,0,0,0,0,0,0,0,0,0,0,0,2019-20,Playoffs
0041900402,1610612748,Miami,Heat,MIA,heat,202710,Jimmy,Butler III,J. Butler III,jimmy-butler-iii,F,,22,44:44,2,6,0,12,8,18,9,54,0,1,2,10,2019-20,Playoffs
0041900402,1610612748,Miami,Heat,MIA,heat,203109,Jae,Crowder,J. Crowder,jae-crowder,F,,99,28:28,0,0,0,6,6,8,9,34,0,0,2,0,2019-20,Playoffs
0041900402,1610612748,Miami,Heat,MIA,heat,203086,Meyers,Leonard,M. Leonard,meyers-leonard,C,,0,9:12,0,0,0,2,3,2,7,20,0,1,1,2,2019-20,Playoffs
0041900402,1610612748,Miami,Heat,MIA,heat,1629130,Duncan,Robinson,D. Robinson,duncan-robinson,G,,55,21:57,0,0,0,0,6,5,9,30,0,0,4,1,2019-20,Playoffs
0041900402,1610612748,Miami,Heat,MIA,heat,1629639,Tyler,Herro,T. Herro,tyler-herro,G,,14,42:50,2,0,0,6,8,18,9,52,0,1,3,3,2019-20,Playoffs
0041900402,1610612748,Miami,Heat,MIA,heat,203482,Kelly,Olynyk,K. Olynyk,kelly-olynyk,,,9,37:00,2,8,0,12,5,19,0,34,0,0,5,6,2019-20,Playoffs
0041900402,1610612748,Miami,Heat,MIA,heat,1629134,Kendrick,Nunn,K. Nunn,kendrick-nunn,,,25,29:12,2,0,2,4,2,19,0,28,1,0,4,3,2019-20,Playoffs
0041900402,1610612748,Miami,Heat,MIA,heat,2738,Andre,Iguodala,A. Iguodala,andre-iguodala,,,28,25:38,0,0,0,4,2,16,2,28,0,0,2,1,2019-20,Playoffs
0041900402,1610612748,Miami,Heat,MIA,heat,1627884,Derrick,Jones Jr.,D. Jones Jr.,derrick-jones-jr,,,5,0:15,0,0,0,0,0,0,0,0,0,0,0,0,2019-20,Playoffs
0041900402,1610612748,Miami,Heat,MIA,heat,203524,Solomon,Hill,S. Hill,solomon-hill,,,44,0:44,0,0,0,0,0,0,0,0,0,0,0,0,2019-20,Playoffs
0041900402,1610612748,Miami,Heat,MIA,heat,1628389,Bam,Adebayo,B. Adebayo,bam-adebayo,,DNP - Injury/Illness,13,,0,0,0,0,0,0,0,0,0,0,0,0,2019-20,Playoffs
0041900402,1610612748,Miami,Heat,MIA,heat,2617,Udonis,Haslem,U. Haslem,udonis-haslem,,DNP - Coach's Decision,40,,0,0,0,0,0,0,0,0,0,0,0,0,2019-20,Playoffs
0041900402,1610612748,Miami,Heat,MIA,heat,1629735,Chris,Silva,C. Silva,chris-silva,,DNP - Coach's Decision,30,,0,0,0,0,0,0,0,0,0,0,0,0,2019-20,Playoffs
0041900402,1610612747,Los Angeles,Lakers,LAL,lakers,2544,LeBron,James,L. James,lebron-james,F,,23,39:09,6,5,5,22,6,9,2,38,1,0,2,8,2019-20,Playoffs
0041900402,1610612747,Los Angeles,Lakers,LAL,lakers,203076,Anthony,Davis,A. Davis,anthony-davis,F,,3,39:33,2,10,0,22,6,12,0,38,0,1,4,2,2019-20,Playoffs
0041900402,1610612747,Los Angeles,Lakers,LAL,lakers,2730,Dwight,Howard,D. Howard,dwight-howard,C,,39,17:11,0,0,2,6,0,6,0,14,2,0,4,4,2019-20,Playoffs
0041900402,1610612747,Los Angeles,Lakers,LAL,lakers,201980,Danny,Green,D. Green,danny-green,G,,14,22:07,0,3,0,0,2,3,0,16,0,0,1,1,2019-20,Playoffs
0041900402,1610612747,Los Angeles,Lakers,LAL,lakers,203484,Kentavious,Caldwell-Pope,K. Caldwell-Pope,kentavious-caldwell-pope,G,,1,31:51,0,0,0,0,2,10,0,30,0,0,2,1,2019-20,Playoffs
0041900402,1610612747,Los Angeles,Lakers,LAL,lakers,1628398,Kyle,Kuzma,K. Kuzma,kyle-kuzma,,,0,21:40,0,0,0,2,6,9,2,22,0,0,1,1,2019-20,Playoffs
0041900402,1610612747,Los Angeles,Lakers,LAL,lakers,200765,Rajon,Rondo,R. Rondo,rajon-rondo,,,9,26:00,0,3,2,4,6,11,2,28,0,0,3,2,2019-20,Playoffs
0041900402,1610612747,Los Angeles,Lakers,LAL,lakers,1627936,Alex,Caruso,A. Caruso,alex-caruso,,,4,23:14,0,0,0,0,8,4,0,24,0,0,4,4,2019-20,Playoffs
0041900402,1610612747,Los Angeles,Lakers,LAL,lakers,202693,Markieff,Morris,M. Morris,markieff-morris,,,88,15:55,0,0,0,0,4,4,2,16,0,0,3,0,2019-20,Playoffs
0041900402,1610612747,Los Angeles,Lakers,LAL,lakers,2747,JR,Smith,J. Smith,jr-smith,,,21,3:20,0,0,0,0,0,2,2,4,0,0,2,0,2019-20,Playoffs
0041900402,1610612747,Los Angeles,Lakers,LAL,lakers,201162,Jared,Dudley,J. Dudley,jared-dudley,,DNP - Coach's Decision,10,,0,0,0,0,0,0,0,0,0,0,0,0,2019-20,Playoffs
0041900402,1610612747,Los Angeles,Lakers,LAL,lakers,1629659,Talen,Horton-Tucker,T. Horton-Tucker,talen-horton-tucker,,DNP - Coach's Decision,5,,0,0,0,0,0,0,0,0,0,0,0,0,2019-20,Playoffs
0041900402,1610612747,Los Angeles,Lakers,LAL,lakers,201580,JaVale,McGee,J. McGee,javale-mcgee,,DNP - Coach's Decision,7,,0,0,0,0,0,0,0,0,0,0,0,0,2019-20,Playoffs
0041900403,1610612747,Los Angeles,Lakers,LAL,lakers,2544,LeBron,James,L. James,lebron-james,F,,23,39:13,9,0,5,16,14,2,6,42,2,1,2,6,2019-20,Playoffs
0041900403,1610612747,Los Angeles,Lakers,LAL,lakers,203076,Anthony,Davis,A. Davis,anthony-davis,F,,3,32:58,2,4,2,4,19,3,7,36,0,1,4,2,2019-20,Playoffs
0041900403,1610612747,Los Angeles,Lakers,LAL,lakers,2730,Dwight,Howard,D. Howard,dwight-howard,C,,39,14:32,0,0,0,4,11,0,4,18,0,0,2,3,2019-20,Playoffs
0041900403,1610612747,Los Angeles,Lakers,LAL,lakers,201980,Danny,Green,D. Green,danny-green,G,,14,16:41,0,0,0,0,11,3,4,20,0,0,3,1,2019-20,Playoffs
0041900403,1610612747,Los Angeles,Lakers,LAL,lakers,203484,Kentavious,Caldwell-Pope,K. Caldwell-Pope,kentavious-caldwell-pope,G,,1,29:10,1,0,2,0,13,0,9,32,0,0,4,2,2019-20,Playoffs
0041900403,1610612747,Los Angeles,Lakers,LAL,lakers,1628398,Kyle,Kuzma,K. Kuzma,kyle-kuzma,,,0,22:54,0,0,3,4,7,5,1,28,0,1,3,3,2019-20,Playoffs
0041900403,1610612747,Los Angeles,Lakers,LAL,lakers,200765,Rajon,Rondo,R. Rondo,rajon-rondo,,,9,27:57,0,2,0,4,12,5,3,28,0,0,3,1,2019-20,Playoffs
0041900403,1610612747,Los Angeles,Lakers,LAL,lakers,1627936,Alex,Caruso,A. Caruso,alex-caruso,,,4,26:06,0,0,0,0,8,5,4,28,0,0,0,4,2019-20,Playoffs
0041900403,1610612747,Los Angeles,Lakers,LAL,lakers,202693,Markieff,Morris,M. Morris,markieff-morris,,,88,25:01,5,0,3,2,8,2,5,22,0,0,1,1,2019-20,Playoffs
0041900403,1610612747,Los Angeles,Lakers,LAL,lakers,2747,JR,Smith,J. Smith,jr-smith,,,21,5:28,0,0,0,0,2,0,2,6,0,0,0,0,2019-20,Playoffs
0041900403,1610612747,Los Angeles,Lakers,LAL,lakers,201162,Jared,Dudley,J. Dudley,jared-dudley,,,10,0:01,0,0,0,0,0,0,0,0,0,0,0,0,2019-20,Playoffs
0041900403,1610612747,Los Angeles,Lakers,LAL,lakers,1629659,Talen,Horton-Tucker,T. Horton-Tucker,talen-horton-tucker,,DNP - Coach's Decision,5,,0,0,0,0,0,0,0,0,0,0,0,0,2019-20,Playoffs
0041900403,1610612747,Los Angeles,Lakers,LAL,lakers,201580,JaVale,McGee,J. McGee,javale-mcgee,,DNP - Coach's Decision,7,,0,0,0,0,0,0,0,0,0,0,0,0,2019-20,Playoffs
0041900403,1610612748,Miami,Heat,MIA,heat,202710,Jimmy,Butler III,J. Butler III,jimmy-butler-iii,F,,22,44:51,6,2,7,26,15,6,12,32,2,0,0,11,2019-20,Playoffs
0041900403,1610612748,Miami,Heat,MIA,heat,203109,Jae,Crowder,J. Crowder,jae-crowder,F,,99,33:55,3,3,0,6,13,4,4,28,0,0,4,1,2019-20,Playoffs
0041900403,1610612748,Miami,Heat,MIA,heat,203086,Meyers,Leonard,M. Leonard,meyers-leonard,C,,0,12:43,0,0,0,4,3,2,3,8,0,0,2,1,2019-20,Playoffs
0041900403,1610612748,Miami,Heat,MIA,heat,1629130,Duncan,Robinson,D. Robinson,duncan-robinson,G,,55,39:18,4,0,0,2,15,6,6,30,1,0,4,2,2019-20,Playoffs
0041900403,1610612748,Miami,Heat,MIA,heat,1629639,Tyler,Herro,T. Herro,tyler-herro,G,,14,36:28,0,0,2,6,10,6,15,26,0,2,1,3,2019-20,Playoffs
0041900403,1610612748,Miami,Heat,MIA,heat,2738,Andre,Iguodala,A. Iguodala,andre-iguodala,,,28,16:56,0,0,0,2,6,2,11,10,0,0,2,0,2019-20,Playoffs
0041900403,1610612748,Miami,Heat,MIA,heat,203482,Kelly,Olynyk,K. Olynyk,kelly-olynyk,,,9,31:21,6,0,0,4,12,4,12,22,0,0,4,3,2019-20,Playoffs
0041900403,1610612748,Miami,Heat,MIA,heat,1629134,Kendrick,Nunn,K. Nunn,kendrick-nunn,,,25,19:57,2,0,0,2,9,0,9,12,0,0,5,0,2019-20,Playoffs
0041900403,1610612748,Miami,Heat,MIA,heat,203524,Solomon,Hill,S. Hill,solomon-hill,,,44,3:53,0,0,0,0,2,0,3,0,0,0,1,1,2019-20,Playoffs
0041900403,1610612748,Miami,Heat,MIA,heat,1627884,Derrick,Jones Jr.,D. Jones Jr.,derrick-jones-jr,,,5,0:38,0,0,0,0,0,0,0,2,0,0,0,0,2019-20,Playoffs
0041900403,1610612748,Miami,Heat,MIA,heat,1628389,Bam,Adebayo,B. Adebayo,bam-adebayo,,DNP - Injury/Illness,13,,0,0,0,0,0,0,0,0,0,0,0,0,2019-20,Playoffs
0041900403,1610612748,Miami,Heat,MIA,heat,2617,Udonis,Haslem,U. Haslem,udonis-haslem,,DNP - Coach's Decision,40,,0,0,0,0,0,0,0,0,0,0,0,0,2019-20,Playoffs
0041900403,1610612748,Miami,Heat,MIA,heat,1629735,Chris,Silva,C. Silva,chris-silva,,DNP - Coach's Decision,30,,0,0,0,0,0,0,0,0,0,0,0,0,2019-20,Playoffs
0041900404,1610612747,Los Angeles,Lakers,LAL,lakers,2544,LeBron,James,L. James,lebron-james,F,,23,38:39,9,4,2,10,11,7,2,26,0,1,2,7,2019-20,Playoffs
0041900404,1610612747,Los Angeles,Lakers,LAL,lakers,203076,Anthony,Davis,A. Davis,anthony-davis,F,,3,41:31,2,2,0,10,10,5,4,24,4,0,2,8,2019-20,Playoffs
0041900404,1610612747,Los Angeles,Lakers,LAL,lakers,2730,Dwight,Howard,D. Howard,dwight-howard,C,,39,7:49,0,0,0,0,4,0,2,10,0,1,1,1,2019-20,Playoffs
0041900404,1610612747,Los Angeles,Lakers,LAL,lakers,201980,Danny,Green,D. Green,danny-green,G,,14,20:50,4,0,2,4,6,2,2,16,0,0,1,0,2019-20,Playoffs
0041900404,1610612747,Los Angeles,Lakers,LAL,lakers,203484,Kentavious,Caldwell-Pope,K. Caldwell-Pope,kentavious-caldwell-pope,G,,1,31:37,4,3,3,4,10,3,2,22,0,0,2,1,2019-20,Playoffs
0041900404,1610612747,Los Angeles,Lakers,LAL,lakers,200765,Rajon,Rondo,R. Rondo,rajon-rondo,,,9,28:14,0,0,0,2,7,5,2,14,0,0,2,0,2019-20,Playoffs
0041900404,1610612747,Los Angeles,Lakers,LAL,lakers,1628398,Kyle,Kuzma,K. Kuzma,kyle-kuzma,,,0,18:59,0,0,0,0,7,2,2,14,0,0,2,1,2019-20,Playoffs
0041900404,1610612747,Los Angeles,Lakers,LAL,lakers,1627936,Alex,Caruso,A. Caruso,alex-caruso,,,4,22:20,0,0,0,4,5,4,2,20,0,1,0,2,2019-20,Playoffs
0041900404,1610612747,Los Angeles,Lakers,LAL,lakers,202693,Markieff,Morris,M. Morris,markieff-morris,,,88,30:02,0,3,0,0,5,7,2,14,0,0,2,1,2019-20,Playoffs
0041900404,1610612747,Los Angeles,Lakers,LAL,lakers,201162,Jared,Dudley,J. Dudley,jared-dudley,,DNP - Coach's Decision,10,,0,0,0,0,0,0,0,0,0,0,0,0,2019-20,Playoffs
0041900404,1610612747,Los Angeles,Lakers,LAL,lakers,1629659,Talen,Horton-Tucker,T. Horton-Tucker,talen-horton-tucker,,DNP - Coach's Decision,5,,0,0,0,0,0,0,0,0,0,0,0,0,2019-20,Playoffs
0041900404,1610612747,Los Angeles,Lakers,LAL,lakers,201580,JaVale,McGee,J. McGee,javale-mcgee,,DNP - Coach's Decision,7,,0,0,0,0,0,0,0,0,0,0,0,0,2019-20,Playoffs
0041900404,1610612747,Los Angeles,Lakers,LAL,lakers,2747,JR,Smith,J. Smith,jr-smith,,DNP - Coach's Decision,21,,0,0,0,0,0,0,0,0,0,0,0,0,2019-20,Playoffs
0041900404,1610612748,Miami,Heat,MIA,heat,202710,Jimmy,Butler III,J. Butler III,jimmy-butler-iii,F,,22,43:27,4,0,0,12,19,10,7,30,1,1,1,4,2019-20,Playoffs
0041900404,1610612748,Miami,Heat,MIA,heat,203109,Jae,Crowder,J. Crowder,jae-crowder,F,,99,34:38,2,3,0,0,13,7,7,28,1,0,4,1,2019-20,Playoffs
0041900404,1610612748,Miami,Heat,MIA,heat,1628389,Bam,Adebayo,B. Adebayo,bam-adebayo,C,,13,33:22,2,2,2,10,15,9,7,28,0,1,4,3,2019-20,Playoffs
0041900404,1610612748,Miami,Heat,MIA,heat,1629130,Duncan,Robinson,D. Robinson,duncan-robinson,G,,55,32:44,0,0,0,2,15,10,7,26,1,0,5,2,2019-20,Playoffs
0041900404,1610612748,Miami,Heat,MIA,heat,1629639,Tyler,Herro,T. Herro,tyler-herro,G,,14,37:19,5,2,0,6,17,9,7,26,0,0,0,3,2019-20,Playoffs
0041900404,1610612748,Miami,Heat,MIA,heat,203482,Kelly,Olynyk,K. Olynyk,kelly-olynyk,,,9,12:25,0,0,2,2,4,5,0,4,0,1,3,1,2019-20,Playoffs
0041900404,1610612748,Miami,Heat,MIA,heat,1629134,Kendrick,Nunn,K. Nunn,kendrick-nunn,,,25,25:57,0,0,0,0,6,5,0,16,0,1,1,0,2019-20,Playoffs
0041900404,1610612748,Miami,Heat,MIA,heat,2738,Andre,Iguodala,A. Iguodala,andre-iguodala,,,28,20:08,0,0,0,0,6,5,0,12,0,0,3,0,2019-20,Playoffs
0041900404,1610612748,Miami,Heat,MIA,heat,2617,Udonis,Haslem,U. Haslem,udonis-haslem,,DNP - Coach's Decision,40,,0,0,0,0,0,0,0,0,0,0,0,0,2019-20,Playoffs
0041900404,1610612748,Miami,Heat,MIA,heat,203524,Solomon,Hill,S. Hill,solomon-hill,,DNP - Coach's Decision,44,,0,0,0,0,0,0,0,0,0,0,0,0,2019-20,Playoffs
0041900404,1610612748,Miami,Heat,MIA,heat,1627884,Derrick,Jones Jr.,D. Jones Jr.,derrick-jones-jr,,DNP - Coach's Decision,5,,0,0,0,0,0,0,0,0,0,0,0,0,2019-20,Playoffs
0041900404,1610612748,Miami,Heat,MIA,heat,203086,Meyers,Leonard,M. Leonard,meyers-leonard,,DNP - Coach's Decision,0,,0,0,0,0,0,0,0,0,0,0,0,0,2019-20,Playoffs
0041900404,1610612748,Miami,Heat,MIA,heat,1629735,Chris,Silva,C. Silva,chris-silva,,DNP - Coach's Decision,30,,0,0,0,0,0,0,0,0,0,0,0,0,2019-20,Playoffs
0041900405,1610612748,Miami,Heat,MIA,heat,202710,Jimmy,Butler III,J. Butler III,jimmy-butler-iii,F,,22,47:12,0,5,0,10,14,14,25,40,1,2,2,12,2019-20,Playoffs
0041900405,1610612748,Miami,Heat,MIA,heat,203109,Jae,Crowder,J. Crowder,jae-crowder,F,,99,39:48,3,0,2,4,12,14,20,38,0,0,5,1,2019-20,Playoffs
0041900405,1610612748,Miami,Heat,MIA,heat,1628389,Bam,Adebayo,B. Adebayo,bam-adebayo,C,,13,37:55,4,3,0,10,14,14,18,32,1,1,3,3,2019-20,Playoffs
0041900405,1610612748,Miami,Heat,MIA,heat,1629130,Duncan,Robinson,D. Robinson,duncan-robinson,G,,55,37:02,5,5,0,2,14,14,18,32,0,0,3,3,2019-20,Playoffs
0041900405,1610612748,Miami,Heat,MIA,heat,1629639,Tyler,Herro,T. Herro,tyler-herro,G,,14,30:37,4,0,0,2,10,10,16,26,0,1,1,1,2019-20,Playoffs
0041900405,1610612748,Miami,Heat,MIA,heat,1629134,Kendrick,Nunn,K. Nunn,kendrick-nunn,,,25,27:40,4,2,2,4,4,6,16,24,0,1,0,1,2019-20,Playoffs
0041900405,1610612748,Miami,Heat,MIA,heat,2738,Andre,Iguodala,A. Iguodala,andre-iguodala,,,28,19:46,0,0,0,0,2,8,12,18,1,0,5,0,2019-20,Playoffs
0041900405,1610612748,Miami,Heat,MIA,heat,2617,Udonis,Haslem,U. Haslem,udonis-haslem,,DNP - Coach's Decision,40,,0,0,0,0,0,0,0,0,0,0,0,0,2019-20,Playoffs
0041900405,1610612748,Miami,Heat,MIA,heat,203524,Solomon,Hill,S. Hill,solomon-hill,,DNP - Coach's Decision,44,,0,0,0,0,0,0,0,0,0,0,0,0,2019-20,Playoffs
0041900405,1610612748,Miami,Heat,MIA,heat,1627884,Derrick,Jones Jr.,D. Jones Jr.,derrick-jones-jr,,DNP - Coach's Decision,5,,0,0,0,0,0,0,0,0,0,0,0,0,2019-20,Playoffs
0041900405,1610612748,Miami,Heat,MIA,heat,203086,Meyers,Leonard,M. Leonard,meyers-leonard,,DNP - Coach's Decision,0,,0,0,0,0,0,0,0,0,0,0,0,0,2019-20,Playoffs
0041900405,1610612748,Miami,Heat,MIA,heat,203482,Kelly,Olynyk,K. Olynyk,kelly-olynyk,,DNP - Coach's Decision,9,,0,0,0,0,0,0,0,0,0,0,0,0,2019-20,Playoffs
0041900405,1610612748,Miami,Heat,MIA,heat,1629735,Chris,Silva,C. Silva,chris-silva,,DNP - Coach's Decision,30,,0,0,0,0,0,0,0,0,0,0,0,0,2019-20,Playoffs
0041900405,1610612747,Los Angeles,Lakers,LAL,lakers,2544,LeBron,James,L. James,lebron-james,F,,23,41:51,0,6,7,18,18,13,4,28,0,1,1,5,2019-20,Playoffs
0041900405,1610612747,Los Angeles,Lakers,LAL,lakers,203076,Anthony,Davis,A. Davis,anthony-davis,F,,3,42:13,4,6,4,10,14,13,2,26,3,0,3,6,2019-20,Playoffs
0041900405,1610612747,Los Angeles,Lakers,LAL,lakers,2730,Dwight,Howard,D. Howard,dwight-howard,C,,39,15:25,0,2,0,0,7,10,2,12,0,0,3,2,2019-20,Playoffs
0041900405,1610612747,Los Angeles,Lakers,LAL,lakers,201980,Danny,Green,D. Green,danny-green,G,,14,23:46,0,0,3,0,9,11,2,16,1,0,3,0,2019-20,Playoffs
0041900405,1610612747,Los Angeles,Lakers,LAL,lakers,203484,Kentavious,Caldwell-Pope,K. Caldwell-Pope,kentavious-caldwell-pope,G,,1,31:01,8,0,7,6,14,12,2,20,0,0,1,3,2019-20,Playoffs
0041900405,1610612747,Los Angeles,Lakers,LAL,lakers,1628398,Kyle,Kuzma,K. Kuzma,kyle-kuzma,,,0,22:10,2,2,2,6,10,6,2,18,1,1,3,1,2019-20,Playoffs
0041900405,1610612747,Los Angeles,Lakers,LAL,lakers,200765,Rajon,Rondo,R. Rondo,rajon-rondo,,,9,18:15,0,0,2,2,8,4,2,12,0,1,1,1,2019-20,Playoffs
0041900405,1610612747,Los Angeles,Lakers,LAL,lakers,1627936,Alex,Caruso,A. Caruso,alex-caruso,,,4,22:46,0,0,0,0,9,3,2,14,0,0,2,0,2019-20,Playoffs
0041900405,1610612747,Los Angeles,Lakers,LAL,lakers,202693,Markieff,Morris,M. Morris,markieff-morris,,,88,22:34,0,0,0,0,11,3,2,14,0,0,4,1,2019-20,Playoffs
0041900405,1610612747,Los Angeles,Lakers,LAL,lakers,1626188,Quinn,Cook,Q. Cook,quinn-cook,,DNP - Coach's Decision,28,,0,0,0,0,0,0,0,0,0,0,0,0,2019-20,Playoffs
0041900405,1610612747,Los Angeles,Lakers,LAL,lakers,201162,Jared,Dudley,J. Dudley,jared-dudley,,DNP - Coach's Decision,10,,0,0,0,0,0,0,0,0,0,0,0,0,2019-20,Playoffs
0041900405,1610612747,Los Angeles,Lakers,LAL,lakers,201580,JaVale,McGee,J. McGee,javale-mcgee,,DNP - Coach's Decision,7,,0,0,0,0,0,0,0,0,0,0,0,0,2019-20,Playoffs
0041900405,1610612747,Los Angeles,Lakers,LAL,lakers,2747,JR,Smith,J. Smith,jr-smith,,DNP - Coach's Decision,21,,0,0,0,0,0,0,0,0,0,0,0,0,2019-20,Playoffs
0041900406,1610612747,Los Angeles,Lakers,LAL,lakers,2544,LeBron,James,L. James,lebron-james,F,,23,41:13,6,2,10,20,14,3,8,36,0,1,3,9,2019-20,Playoffs
0041900406,1610612747,Los Angeles,Lakers,LAL,lakers,201980,Danny,Green,D. Green,danny-green,F,,14,24:34,0,3,0,2,3,0,2,16,1,0,2,0,2019-20,Playoffs
0041900406,1610612747,Los Angeles,Lakers,LAL,lakers,203076,Anthony,Davis,A. Davis,anthony-davis,C,,3,35:06,4,6,0,8,12,2,8,26,2,2,4,5,2019-20,Playoffs
0041900406,1610612747,Los Angeles,Lakers,LAL,lakers,1627936,Alex,Caruso,A. Caruso,alex-caruso,G,,4,32:42,0,2,2,4,8,3,6,26,1,1,2,0,2019-20,Playoffs
0041900406,1610612747,Los Angeles,Lakers,LAL,lakers,203484,Kentavious,Caldwell-Pope,K. Caldwell-Pope,kentavious-caldwell-pope,G,,1,33:26,5,5,2,6,14,4,6,34,0,0,5,3,2019-20,Playoffs
0041900406,1610612747,Los Angeles,Lakers,LAL,lakers,200765,Rajon,Rondo,R. Rondo,rajon-rondo,,,9,30:25,5,0,2,10,11,3,8,32,0,0,1,0,2019-20,Playoffs
0041900406,1610612747,Los Angeles,Lakers,LAL,lakers,202693,Markieff,Morris,M. Morris,markieff-morris,,,88,16:38,0,0,0,0,2,1,0,16,0,0,2,1,2019-20,Playoffs
0041900406,1610612747,Los Angeles,Lakers,LAL,lakers,1628398,Kyle,Kuzma,K. Kuzma,kyle-kuzma,,,0,21:56,0,0,0,2,6,3,2,22,0,0,3,0,2019-20,Playoffs
0041900406,1610612747,Los Angeles,Lakers,LAL,lakers,201162,Jared,Dudley,J. Dudley,jared-dudley,,,10,1:27,0,0,0,0,0,2,0,4,0,0,0,0,2019-20,Playoffs
0041900406,1610612747,Los Angeles,Lakers,LAL,lakers,1626188,Quinn,Cook,Q. Cook,quinn-cook,,,28,1:27,0,0,0,0,0,2,0,4,0,0,0,0,2019-20,Playoffs
0041900406,1610612747,Los Angeles,Lakers,LAL,lakers,2730,Dwight,Howard,D. Howard,dwight-howard,,,39,1:06,0,0,0,0,0,2,0,4,0,0,0,0,2019-20,Playoffs
0041900406,1610612747,Los Angeles,Lakers,LAL,lakers,201580,JaVale,McGee,J. McGee,javale-mcgee,,DNP - Coach's Decision,7,,0,0,0,0,0,0,0,0,0,0,0,0,2019-20,Playoffs
0041900406,1610612747,Los Angeles,Lakers,LAL,lakers,2747,JR,Smith,J. Smith,jr-smith,,DNP - Coach's Decision,21,,0,0,0,0,0,0,0,0,0,0,0,0,2019-20,Playoffs
0041900406,1610612748,Miami,Heat,MIA,heat,202710,Jimmy,Butler III,J. Butler III,jimmy-butler-iii,F,,22,44:32,0,0,0,8,20,16,14,48,1,0,3,3,2019-20,Playoffs
0041900406,1610612748,Miami,Heat,MIA,heat,203109,Jae,Crowder,J. Crowder,jae-crowder,F,,99,27:40,2,0,0,4,13,7,14,30,0,0,4,5,2019-20,Playoffs
0041900406,1610612748,Miami,Heat,MIA,heat,1628389,Bam,Adebayo,B. Adebayo,bam-adebayo,C,,13,42:13,4,0,2,16,18,14,14,44,2,1,2,9,2019-20,Playoffs
0041900406,1610612748,Miami,Heat,MIA,heat,1629130,Duncan,Robinson,D. Robinson,duncan-robinson,G,,55,34:10,3,0,0,0,20,14,14,42,0,0,3,2,2019-20,Playoffs
0041900406,1610612748,Miami,Heat,MIA,heat,1629639,Tyler,Herro,T. Herro,tyler-herro,G,,14,30:22,2,0,3,2,10,9,12,28,0,1,1,1,2019-20,Playoffs
0041900406,1610612748,Miami,Heat,MIA,heat,2738,Andre,Iguodala,A. Iguodala,andre-iguodala,,,28,10:34,0,0,0,0,7,9,6,22,0,0,1,1,2019-20,Playoffs
0041900406,1610612748,Miami,Heat,MIA,heat,1629134,Kendrick,Nunn,K. Nunn,kendrick-nunn,,,25,12:45,3,0,3,2,7,11,4,18,0,2,0,0,2019-20,Playoffs
0041900406,1610612748,Miami,Heat,MIA,heat,201609,Goran,Dragic,G. Dragic,goran-dragic,,,7,18:56,0,1,0,4,3,4,2,18,0,0,3,1,2019-20,Playoffs
0041900406,1610612748,Miami,Heat,MIA,heat,203524,Solomon,Hill,S. Hill,solomon-hill,,,44,2:29,0,0,0,2,0,2,0,2,0,0,0,0,2019-20,Playoffs
0041900406,1610612748,Miami,Heat,MIA,heat,203482,Kelly,Olynyk,K. Olynyk,kelly-olynyk,,,9,14:52,0,4,0,6,2,4,0,8,1,0,1,0,2019-20,Playoffs
0041900406,1610612748,Miami,Heat,MIA,heat,1627884,Derrick,Jones Jr.,D. Jones Jr.,derrick-jones-jr,,,5,1:27,0,0,0,0,0,0,0,0,0,0,0,0,2019-20,Playoffs
0041900406,1610612748,Miami,Heat,MIA,heat,2617,Udonis,Haslem,U. Haslem,udonis-haslem,,DNP - Coach's Decision,40,,0,0,0,0,0,0,0,0,0,0,0,0,2019-20,Playoffs
0041900406,1610612748,Miami,Heat,MIA,heat,203086,Meyers,Leonard,M. Leonard,meyers-leonard,,DNP - Coach's Decision,0,,0,0,0,0,0,0,0,0,0,0,0,0,2019-20,Playoffs
