gameId,teamId,teamCity,teamName,teamTricode,teamSlug,personId,firstName,familyName,nameI,playerSlug,position,comment,jerseyNum,minutes,estimatedOffensiveRating,offensiveRating,estimatedDefensiveRating,defensiveRating,estimatedNetRating,netRating,assistPercentage,assistToTurnover,assistRatio,offensiveReboundPercentage,defensiveReboundPercentage,reboundPercentage,turnoverRatio,effectiveFieldGoalPercentage,trueShootingPercentage,usagePercentage,estimatedUsagePercentage,estimatedPace,pace,pacePer40,possessions,PIE,SEASON,SEASON_TYPE
0042400101,1610612748,Miami,Heat,MIA,heat,203952,Andrew,Wiggins,A. Wiggins,andrew-wiggins,F,,,38:05,108.6,108.6,138.0,138.0,-29.5,-29.5,0.08,0.5,11.1,0.029,0.147,0.087,22.2,0.545,0.589,0.198,0.198,88.85,88.85,74.04,70.0,0.075,2024-25,Playoffs
0042400101,1610612748,Miami,Heat,MIA,heat,1628389,Bam,Adebayo,B. Adebayo,bam-adebayo,F,,,39:04,116.7,116.7,132.9,132.9,-16.2,-16.2,0.125,3.0,10.3,0.114,0.139,0.127,3.4,0.477,0.487,0.31,0.31,89.08,89.08,74.23,72.0,0.114,2024-25,Playoffs
0042400101,1610612748,Miami,Heat,MIA,heat,1642276,Kel'el,Ware,K. Ware,kelel-ware,C,,,19:35,110.5,110.5,150.0,150.0,-39.5,-39.5,0.143,0.0,50.0,0.133,0.056,0.091,0.0,0.5,0.5,0.048,0.048,90.69,90.69,75.57,38.0,0.051,2024-25,Playoffs
0042400101,1610612748,Miami,Heat,MIA,heat,202692,Alec,Burks,A. Burks,alec-burks,G,,,15:14,122.2,122.2,121.4,121.4,0.8,0.8,0.182,0.0,40.0,0.0,0.133,0.071,0.0,1.0,1.0,0.1,0.1,86.65,86.65,72.21,27.0,0.137,2024-25,Playoffs
0042400101,1610612748,Miami,Heat,MIA,heat,1629639,Tyler,Herro,T. Herro,tyler-herro,G,,,37:01,123.5,123.5,147.8,147.8,-24.3,-24.3,0.08,0.67,8.0,0.0,0.091,0.045,12.0,0.472,0.531,0.288,0.288,88.84,88.84,74.04,68.0,0.05,2024-25,Playoffs
0042400101,1610612748,Miami,Heat,MIA,heat,1629312,Haywood,Highsmith,H. Highsmith,haywood-highsmith,,,,30:38,125.0,125.0,143.9,143.9,-18.9,-18.9,0.083,2.0,28.6,0.077,0.129,0.105,14.3,0.875,0.875,0.075,0.075,88.53,88.53,73.78,56.0,0.067,2024-25,Playoffs
0042400101,1610612748,Miami,Heat,MIA,heat,1630558,Davion,Mitchell,D. Mitchell,davion-mitchell,,,,33:53,114.5,114.5,142.2,142.2,-27.7,-27.7,0.45,3.0,37.5,0.063,0.065,0.063,12.5,0.75,0.75,0.203,0.203,89.25,89.25,74.37,62.0,0.132,2024-25,Playoffs
0042400101,1610612748,Miami,Heat,MIA,heat,1629130,Duncan,Robinson,D. Robinson,duncan-robinson,,,,14:39,103.7,103.7,96.6,96.6,7.2,7.2,0.0,0.0,0.0,0.0,0.176,0.103,28.6,0.8,0.8,0.233,0.233,91.79,91.79,76.49,27.0,0.105,2024-25,Playoffs
0042400101,1610612748,Miami,Heat,MIA,heat,203937,Kyle,Anderson,K. Anderson,kyle-anderson,,,,6:20,100.0,100.0,158.3,158.3,-58.3,-58.3,0.25,0.0,50.0,0.0,0.143,0.077,0.0,0.0,0.0,0.071,0.071,91.02,91.02,75.85,12.0,0.035,2024-25,Playoffs
0042400101,1610612748,Miami,Heat,MIA,heat,1631107,Nikola,Jović,N. Jović,nikola-jović,,,,1:23,0.0,0.0,0.0,0.0,0.0,0.0,0.0,0.0,0.0,0.0,0.0,0.0,0.0,0.0,0.0,0.333,0.333,86.75,86.75,72.29,3.0,0.4,2024-25,Playoffs
0042400101,1610612748,Miami,Heat,MIA,heat,1641796,Pelle,Larsson,P. Larsson,pelle-larsson,,,,1:23,0.0,0.0,0.0,0.0,0.0,0.0,0.0,0.0,0.0,0.0,0.0,0.0,0.0,0.0,0.0,0.0,0.0,86.75,86.75,72.29,3.0,0.0,2024-25,Playoffs
0042400101,1610612748,Miami,Heat,MIA,heat,1631170,Jaime,Jaquez Jr.,J. Jaquez Jr.,jaime-jaquez-jr,,,,1:23,0.0,0.0,0.0,0.0,0.0,0.0,0.0,0.0,0.0,0.0,0.0,0.0,0.0,0.0,0.0,0.333,0.333,86.75,86.75,72.29,3.0,0.4,2024-25,Playoffs
0042400101,1610612748,Miami,Heat,MIA,heat,1642352,Keshad,Johnson,K. Johnson,keshad-johnson,,,,1:23,0.0,0.0,0.0,0.0,0.0,0.0,0.0,0.0,0.0,0.0,0.0,0.0,0.0,0.0,0.0,0.0,0.0,86.75,86.75,72.29,3.0,0.0,2024-25,Playoffs
0042400101,1610612748,Miami,Heat,MIA,heat,201567,Kevin,Love,K. Love,kevin-love,,NWT - Personal,,,0.0,0.0,0.0,0.0,0.0,0.0,0.0,0.0,0.0,0.0,0.0,0.0,0.0,0.0,0.0,0.0,0.0,0.0,0.0,0.0,0.0,0.0,2024-25,Playoffs
0042400101,1610612748,Miami,Heat,MIA,heat,1626179,Terry,Rozier,T. Rozier,terry-rozier,,DNP - Coach's Decision,,,0.0,0.0,0.0,0.0,0.0,0.0,0.0,0.0,0.0,0.0,0.0,0.0,0.0,0.0,0.0,0.0,0.0,0.0,0.0,0.0,0.0,0.0,2024-25,Playoffs
0042400101,1610612739,Cleveland,Cavaliers,CLE,cavaliers,1629622,Max,Strus,M. Strus,max-strus,F,,,21:24,165.9,165.9,119.0,119.0,46.8,46.8,0.043,0.0,16.7,0.0,0.067,0.033,0.0,0.9,0.9,0.109,0.109,93.08,93.08,77.57,41.0,0.072,2024-25,Playoffs
0042400101,1610612739,Cleveland,Cavaliers,CLE,cavaliers,1630596,Evan,Mobley,E. Mobley,evan-mobley,F,,,33:12,131.3,131.3,123.3,123.3,7.9,7.9,0.037,1.0,8.3,0.097,0.138,0.117,8.3,0.45,0.45,0.141,0.141,89.64,89.64,74.7,64.0,0.049,2024-25,Playoffs
0042400101,1610612739,Cleveland,Cavaliers,CLE,cavaliers,1628386,Jarrett,Allen,J. Allen,jarrett-allen,C,,,30:20,136.8,136.8,112.5,112.5,24.3,24.3,0.042,0.5,8.3,0.231,0.172,0.2,16.7,0.625,0.676,0.169,0.169,89.41,89.41,74.51,57.0,0.128,2024-25,Playoffs
0042400101,1610612739,Cleveland,Cavaliers,CLE,cavaliers,1628378,Donovan,Mitchell,D. Mitchell,donovan-mitchell,G,,,33:19,131.3,131.3,119.4,119.4,11.9,11.9,0.2,2.0,14.3,0.0,0.172,0.083,7.1,0.632,0.679,0.308,0.308,90.77,90.77,75.64,64.0,0.199,2024-25,Playoffs
0042400101,1610612739,Cleveland,Cavaliers,CLE,cavaliers,1629636,Darius,Garland,D. Garland,darius-garland,G,,,30:49,139.7,139.7,114.0,114.0,25.6,25.6,0.25,2.5,20.0,0.0,0.103,0.055,8.0,0.735,0.755,0.303,0.303,89.56,89.56,74.63,58.0,0.175,2024-25,Playoffs
0042400101,1610612739,Cleveland,Cavaliers,CLE,cavaliers,1630241,Sam,Merrill,S. Merrill,sam-merrill,,,,24:01,134.9,134.9,109.3,109.3,25.6,25.6,0.2,0.0,50.0,0.036,0.0,0.02,0.0,0.75,0.75,0.073,0.073,85.94,85.94,71.62,43.0,0.073,2024-25,Playoffs
0042400101,1610612739,Cleveland,Cavaliers,CLE,cavaliers,1629631,De'Andre,Hunter,D. Hunter,deandre-hunter,,,,16:01,100.0,100.0,110.3,110.3,-10.3,-10.3,0.083,0.0,20.0,0.056,0.105,0.081,0.0,0.0,0.0,0.108,0.108,88.41,88.41,73.67,30.0,-0.01,2024-25,Playoffs
0042400101,1610612739,Cleveland,Cavaliers,CLE,cavaliers,1629660,Ty,Jerome,T. Jerome,ty-jerome,,,,26:17,141.7,141.7,108.5,108.5,33.2,33.2,0.214,0.0,15.0,0.034,0.182,0.098,0.0,0.833,0.814,0.283,0.283,86.75,86.75,72.29,48.0,0.263,2024-25,Playoffs
0042400101,1610612739,Cleveland,Cavaliers,CLE,cavaliers,1630171,Isaac,Okoro,I. Okoro,isaac-okoro,,,,12:37,152.2,152.2,130.4,130.4,21.7,21.7,0.077,0.0,20.0,0.077,0.111,0.091,0.0,0.0,0.0,0.143,0.143,87.5,87.5,72.92,23.0,-0.031,2024-25,Playoffs
0042400101,1610612739,Cleveland,Cavaliers,CLE,cavaliers,1629731,Dean,Wade,D. Wade,dean-wade,,,,6:30,158.3,158.3,100.0,100.0,58.3,58.3,0.0,0.0,0.0,0.0,0.2,0.1,0.0,0.0,0.0,0.0,0.0,96.0,96.0,80.0,12.0,0.028,2024-25,Playoffs
0042400101,1610612739,Cleveland,Cavaliers,CLE,cavaliers,1629643,Chuma,Okeke,C. Okeke,chuma-okeke,,,,1:23,0.0,0.0,0.0,0.0,0.0,0.0,0.0,0.0,0.0,0.0,0.0,0.0,0.0,0.0,0.0,0.0,0.0,86.75,86.75,72.29,2.0,0.0,2024-25,Playoffs
0042400101,1610612739,Cleveland,Cavaliers,CLE,cavaliers,1641854,Craig,Porter Jr.,C. Porter Jr.,craig-porter-jr,,,,1:23,0.0,0.0,0.0,0.0,0.0,0.0,0.0,0.0,0.0,0.5,0.0,0.25,0.0,0.0,0.0,0.333,0.333,86.75,86.75,72.29,2.0,0.2,2024-25,Playoffs
0042400101,1610612739,Cleveland,Cavaliers,CLE,cavaliers,1642281,Jaylon,Tyson,J. Tyson,jaylon-tyson,,,,1:23,0.0,0.0,0.0,0.0,0.0,0.0,0.0,0.0,0.0,0.0,0.5,0.25,0.0,0.0,0.0,0.333,0.333,86.75,86.75,72.29,2.0,0.4,2024-25,Playoffs
0042400101,1610612739,Cleveland,Cavaliers,CLE,cavaliers,1629750,Javonte,Green,J. Green,javonte-green,,,,1:21,0.0,0.0,0.0,0.0,0.0,0.0,0.0,0.0,0.0,0.0,0.5,0.25,0.0,0.0,0.0,0.0,0.0,88.89,88.89,74.07,2.0,-0.667,2024-25,Playoffs
0042400101,1610612739,Cleveland,Cavaliers,CLE,cavaliers,202684,Tristan,Thompson,T. Thompson,tristan-thompson,,DNP - Coach's Decision,,,0.0,0.0,0.0,0.0,0.0,0.0,0.0,0.0,0.0,0.0,0.0,0.0,0.0,0.0,0.0,0.0,0.0,0.0,0.0,0.0,0.0,0.0,2024-25,Playoffs
0042400102,1610612748,Miami,Heat,MIA,heat,203952,Andrew,Wiggins,A. Wiggins,andrew-wiggins,F,,,28:27,114.5,114.5,130.9,130.9,-16.4,-16.4,0.15,1.5,17.6,0.0,0.04,0.02,11.8,0.35,0.425,0.233,0.233,92.79,92.79,77.33,55.0,0.019,2024-25,Playoffs
0042400102,1610612748,Miami,Heat,MIA,heat,1628389,Bam,Adebayo,B. Adebayo,bam-adebayo,F,,,42:24,118.6,118.6,120.2,120.2,-1.6,-1.6,0.25,4.5,40.9,0.135,0.22,0.179,9.1,0.389,0.511,0.135,0.135,96.23,96.23,80.19,86.0,0.114,2024-25,Playoffs
0042400102,1610612748,Miami,Heat,MIA,heat,1642276,Kel'el,Ware,K. Ware,kelel-ware,C,,,19:08,113.2,113.2,125.0,125.0,-11.8,-11.8,0.0,0.0,0.0,0.071,0.176,0.129,16.7,0.7,0.7,0.15,0.15,92.82,92.82,77.35,38.0,0.088,2024-25,Playoffs
0042400102,1610612748,Miami,Heat,MIA,heat,1630558,Davion,Mitchell,D. Mitchell,davion-mitchell,G,,,36:18,122.9,122.9,131.4,131.4,-8.6,-8.6,0.24,3.0,31.6,0.0,0.033,0.017,10.5,0.889,0.836,0.167,0.167,92.54,92.54,77.12,70.0,0.103,2024-25,Playoffs
0042400102,1610612748,Miami,Heat,MIA,heat,1629639,Tyler,Herro,T. Herro,tyler-herro,G,,,39:58,122.0,122.0,123.8,123.8,-1.8,-1.8,0.217,2.5,15.6,0.0,0.158,0.085,6.3,0.667,0.663,0.297,0.297,97.3,97.3,81.08,82.0,0.146,2024-25,Playoffs
0042400102,1610612748,Miami,Heat,MIA,heat,1629312,Haywood,Highsmith,H. Highsmith,haywood-highsmith,,,,26:42,111.5,111.5,123.1,123.1,-11.5,-11.5,0.059,1.0,11.1,0.04,0.042,0.041,11.1,1.214,1.214,0.133,0.133,93.47,93.47,77.89,52.0,0.129,2024-25,Playoffs
0042400102,1610612748,Miami,Heat,MIA,heat,1641796,Pelle,Larsson,P. Larsson,pelle-larsson,,,,10:30,95.7,95.7,134.8,134.8,-39.1,-39.1,0.0,0.0,0.0,0.0,0.182,0.105,33.3,0.5,0.5,0.12,0.12,105.14,105.14,87.62,23.0,0.02,2024-25,Playoffs
0042400102,1610612748,Miami,Heat,MIA,heat,1629130,Duncan,Robinson,D. Robinson,duncan-robinson,,,,11:55,96.2,96.2,175.0,175.0,-78.8,-78.8,0.111,0.0,25.0,0.0,0.0,0.0,0.0,0.5,0.5,0.107,0.107,100.74,100.74,83.95,26.0,0.0,2024-25,Playoffs
0042400102,1610612748,Miami,Heat,MIA,heat,1631107,Nikola,Jović,N. Jović,nikola-jović,,,,24:38,119.6,119.6,118.0,118.0,1.6,1.6,0.1,1.0,11.8,0.087,0.24,0.167,11.8,0.375,0.427,0.25,0.25,98.4,98.4,82.0,51.0,0.089,2024-25,Playoffs
0042400102,1610612748,Miami,Heat,MIA,heat,203937,Kyle,Anderson,K. Anderson,kyle-anderson,,DNP - Coach's Decision,,,0.0,0.0,0.0,0.0,0.0,0.0,0.0,0.0,0.0,0.0,0.0,0.0,0.0,0.0,0.0,0.0,0.0,0.0,0.0,0.0,0.0,0.0,2024-25,Playoffs
0042400102,1610612748,Miami,Heat,MIA,heat,202692,Alec,Burks,A. Burks,alec-burks,,DNP - Coach's Decision,,,0.0,0.0,0.0,0.0,0.0,0.0,0.0,0.0,0.0,0.0,0.0,0.0,0.0,0.0,0.0,0.0,0.0,0.0,0.0,0.0,0.0,0.0,2024-25,Playoffs
0042400102,1610612748,Miami,Heat,MIA,heat,1631170,Jaime,Jaquez Jr.,J. Jaquez Jr.,jaime-jaquez-jr,,DNP - Coach's Decision,,,0.0,0.0,0.0,0.0,0.0,0.0,0.0,0.0,0.0,0.0,0.0,0.0,0.0,0.0,0.0,0.0,0.0,0.0,0.0,0.0,0.0,0.0,2024-25,Playoffs
0042400102,1610612748,Miami,Heat,MIA,heat,1642352,Keshad,Johnson,K. Johnson,keshad-johnson,,DNP - Coach's Decision,,,0.0,0.0,0.0,0.0,0.0,0.0,0.0,0.0,0.0,0.0,0.0,0.0,0.0,0.0,0.0,0.0,0.0,0.0,0.0,0.0,0.0,0.0,2024-25,Playoffs
0042400102,1610612748,Miami,Heat,MIA,heat,201567,Kevin,Love,K. Love,kevin-love,,NWT - Not With Team,,,0.0,0.0,0.0,0.0,0.0,0.0,0.0,0.0,0.0,0.0,0.0,0.0,0.0,0.0,0.0,0.0,0.0,0.0,0.0,0.0,0.0,0.0,2024-25,Playoffs
0042400102,1610612748,Miami,Heat,MIA,heat,1626179,Terry,Rozier,T. Rozier,terry-rozier,,DND - Injury/Illness,,,0.0,0.0,0.0,0.0,0.0,0.0,0.0,0.0,0.0,0.0,0.0,0.0,0.0,0.0,0.0,0.0,0.0,0.0,0.0,0.0,0.0,0.0,2024-25,Playoffs
0042400102,1610612739,Cleveland,Cavaliers,CLE,cavaliers,1629622,Max,Strus,M. Strus,max-strus,F,,,26:21,127.8,127.8,129.1,129.1,-1.3,-1.3,0.316,6.0,37.5,0.0,0.053,0.024,6.3,0.75,0.788,0.169,0.169,99.28,99.28,82.73,54.0,0.125,2024-25,Playoffs
0042400102,1610612739,Cleveland,Cavaliers,CLE,cavaliers,1630596,Evan,Mobley,E. Mobley,evan-mobley,F,,,34:20,120.0,120.0,114.5,114.5,5.5,5.5,0.053,0.5,7.1,0.029,0.179,0.097,14.3,0.85,0.883,0.169,0.169,97.17,97.17,80.97,70.0,0.146,2024-25,Playoffs
0042400102,1610612739,Cleveland,Cavaliers,CLE,cavaliers,1628386,Jarrett,Allen,J. Allen,jarrett-allen,C,,,30:33,121.3,121.3,125.0,125.0,-3.7,-3.7,0.045,0.5,11.1,0.077,0.231,0.154,22.2,0.6,0.712,0.121,0.121,95.04,95.04,79.2,61.0,0.092,2024-25,Playoffs
0042400102,1610612739,Cleveland,Cavaliers,CLE,cavaliers,1628378,Donovan,Mitchell,D. Mitchell,donovan-mitchell,G,,,35:35,123.3,123.3,117.8,117.8,5.5,5.5,0.333,6.0,20.0,0.0,0.207,0.094,3.3,0.643,0.659,0.304,0.304,98.47,98.47,82.06,73.0,0.166,2024-25,Playoffs
0042400102,1610612739,Cleveland,Cavaliers,CLE,cavaliers,1629636,Darius,Garland,D. Garland,darius-garland,G,,,31:44,123.8,123.8,125.0,125.0,-1.2,-1.2,0.474,9.0,32.1,0.036,0.037,0.036,3.6,0.5,0.599,0.275,0.275,96.05,96.05,80.04,63.0,0.132,2024-25,Playoffs
0042400102,1610612739,Cleveland,Cavaliers,CLE,cavaliers,1629660,Ty,Jerome,T. Jerome,ty-jerome,,,,23:04,110.9,110.9,93.2,93.2,17.7,17.7,0.0,0.0,0.0,0.0,0.125,0.065,11.1,0.313,0.355,0.184,0.184,93.64,93.64,78.03,46.0,0.013,2024-25,Playoffs
0042400102,1610612739,Cleveland,Cavaliers,CLE,cavaliers,1629631,De'Andre,Hunter,D. Hunter,deandre-hunter,,,,23:25,116.3,116.3,88.2,88.2,28.1,28.1,0.0,0.0,0.0,0.04,0.077,0.059,0.0,0.5,0.551,0.204,0.204,102.51,102.51,85.43,49.0,0.109,2024-25,Playoffs
0042400102,1610612739,Cleveland,Cavaliers,CLE,cavaliers,1630241,Sam,Merrill,S. Merrill,sam-merrill,,,,19:30,132.4,132.4,102.8,102.8,29.7,29.7,0.077,0.0,20.0,0.056,0.167,0.111,0.0,0.75,0.75,0.103,0.103,89.85,89.85,74.87,37.0,0.108,2024-25,Playoffs
0042400102,1610612739,Cleveland,Cavaliers,CLE,cavaliers,1629731,Dean,Wade,D. Wade,dean-wade,,,,5:37,191.7,191.7,130.8,130.8,60.9,60.9,0.0,0.0,0.0,0.0,0.0,0.0,0.0,0.0,0.0,0.0,0.0,106.82,106.82,89.02,12.0,0.021,2024-25,Playoffs
0042400102,1610612739,Cleveland,Cavaliers,CLE,cavaliers,1630171,Isaac,Okoro,I. Okoro,isaac-okoro,,,,9:51,157.9,157.9,145.0,145.0,12.9,12.9,0.0,0.0,0.0,0.0,0.167,0.083,0.0,0.75,0.75,0.105,0.105,95.03,95.03,79.19,19.0,0.016,2024-25,Playoffs
0042400102,1610612739,Cleveland,Cavaliers,CLE,cavaliers,1629750,Javonte,Green,J. Green,javonte-green,,DNP - Coach's Decision,,,0.0,0.0,0.0,0.0,0.0,0.0,0.0,0.0,0.0,0.0,0.0,0.0,0.0,0.0,0.0,0.0,0.0,0.0,0.0,0.0,0.0,0.0,2024-25,Playoffs
0042400102,1610612739,Cleveland,Cavaliers,CLE,cavaliers,1629643,Chuma,Okeke,C. Okeke,chuma-okeke,,DNP - Coach's Decision,,,0.0,0.0,0.0,0.0,0.0,0.0,0.0,0.0,0.0,0.0,0.0,0.0,0.0,0.0,0.0,0.0,0.0,0.0,0.0,0.0,0.0,0.0,2024-25,Playoffs
0042400102,1610612739,Cleveland,Cavaliers,CLE,cavaliers,1641854,Craig,Porter Jr.,C. Porter Jr.,craig-porter-jr,,DNP - Coach's Decision,,,0.0,0.0,0.0,0.0,0.0,0.0,0.0,0.0,0.0,0.0,0.0,0.0,0.0,0.0,0.0,0.0,0.0,0.0,0.0,0.0,0.0,0.0,2024-25,Playoffs
0042400102,1610612739,Cleveland,Cavaliers,CLE,cavaliers,202684,Tristan,Thompson,T. Thompson,tristan-thompson,,DNP - Coach's Decision,,,0.0,0.0,0.0,0.0,0.0,0.0,0.0,0.0,0.0,0.0,0.0,0.0,0.0,0.0,0.0,0.0,0.0,0.0,0.0,0.0,0.0,0.0,2024-25,Playoffs
0042400102,1610612739,Cleveland,Cavaliers,CLE,cavaliers,1642281,Jaylon,Tyson,J. Tyson,jaylon-tyson,,DNP - Coach's Decision,,,0.0,0.0,0.0,0.0,0.0,0.0,0.0,0.0,0.0,0.0,0.0,0.0,0.0,0.0,0.0,0.0,0.0,0.0,0.0,0.0,0.0,0.0,2024-25,Playoffs
0042400103,1610612739,Cleveland,Cavaliers,CLE,cavaliers,1629622,Max,Strus,M. Strus,max-strus,F,,,31:23,129.3,129.3,96.6,96.6,32.7,32.7,0.238,0.0,27.8,0.097,0.207,0.15,0.0,0.692,0.692,0.183,0.183,89.48,89.48,74.57,58.0,0.174,2024-25,Playoffs
0042400103,1610612739,Cleveland,Cavaliers,CLE,cavaliers,1630596,Evan,Mobley,E. Mobley,evan-mobley,F,,,31:33,114.5,114.5,101.6,101.6,12.9,12.9,0.167,1.5,16.7,0.033,0.161,0.098,11.1,0.692,0.707,0.208,0.208,94.33,94.33,78.61,62.0,0.169,2024-25,Playoffs
0042400103,1610612739,Cleveland,Cavaliers,CLE,cavaliers,1628386,Jarrett,Allen,J. Allen,jarrett-allen,C,,,25:56,121.6,121.6,82.4,82.4,39.2,39.2,0.071,1.0,7.1,0.071,0.276,0.175,7.1,0.889,0.945,0.21,0.21,94.4,94.4,78.66,51.0,0.317,2024-25,Playoffs
0042400103,1610612739,Cleveland,Cavaliers,CLE,cavaliers,1630241,Sam,Merrill,S. Merrill,sam-merrill,G,,,19:10,100.0,100.0,97.4,97.4,2.6,2.6,0.067,1.0,20.0,0.042,0.048,0.044,20.0,0.0,0.0,0.083,0.083,97.67,97.67,81.39,40.0,-0.034,2024-25,Playoffs
0042400103,1610612739,Cleveland,Cavaliers,CLE,cavaliers,1628378,Donovan,Mitchell,D. Mitchell,donovan-mitchell,G,,,29:58,113.6,113.6,100.0,100.0,13.6,13.6,0.053,1.0,5.6,0.031,0.032,0.032,5.6,0.393,0.401,0.243,0.243,93.7,93.7,78.09,59.0,0.005,2024-25,Playoffs
0042400103,1610612739,Cleveland,Cavaliers,CLE,cavaliers,1629631,De'Andre,Hunter,D. Hunter,deandre-hunter,,,,28:24,166.0,166.0,98.2,98.2,67.9,67.9,0.12,1.5,18.8,0.0,0.148,0.093,12.5,0.938,0.987,0.213,0.213,91.27,91.27,76.06,53.0,0.166,2024-25,Playoffs
0042400103,1610612739,Cleveland,Cavaliers,CLE,cavaliers,1629660,Ty,Jerome,T. Jerome,ty-jerome,,,,21:45,168.3,168.3,83.7,83.7,84.6,84.6,0.55,0.0,47.8,0.083,0.095,0.091,0.0,0.5,0.547,0.255,0.255,92.69,92.69,77.24,41.0,0.237,2024-25,Playoffs
0042400103,1610612739,Cleveland,Cavaliers,CLE,cavaliers,1629731,Dean,Wade,D. Wade,dean-wade,,,,21:48,156.4,156.4,107.7,107.7,48.7,48.7,0.091,2.0,40.0,0.071,0.167,0.125,20.0,0.0,0.0,0.065,0.065,85.86,85.86,71.55,39.0,0.017,2024-25,Playoffs
0042400103,1610612739,Cleveland,Cavaliers,CLE,cavaliers,1630171,Isaac,Okoro,I. Okoro,isaac-okoro,,,,8:59,143.8,143.8,82.4,82.4,61.4,61.4,0.167,0.0,14.3,0.143,0.0,0.071,0.0,0.75,0.75,0.316,0.316,88.16,88.16,73.47,16.0,0.18,2024-25,Playoffs
0042400103,1610612739,Cleveland,Cavaliers,CLE,cavaliers,1629750,Javonte,Green,J. Green,javonte-green,,,,5:16,145.5,145.5,66.7,66.7,78.8,78.8,0.167,0.0,25.0,0.25,0.0,0.125,0.0,0.333,0.333,0.231,0.231,104.81,104.81,87.34,11.0,0.1,2024-25,Playoffs
0042400103,1610612739,Cleveland,Cavaliers,CLE,cavaliers,202684,Tristan,Thompson,T. Thompson,tristan-thompson,,,,5:16,145.5,145.5,66.7,66.7,78.8,78.8,0.0,0.0,0.0,0.0,0.5,0.25,0.0,0.0,0.0,0.0,0.0,104.81,104.81,87.34,11.0,0.08,2024-25,Playoffs
0042400103,1610612739,Cleveland,Cavaliers,CLE,cavaliers,1641854,Craig,Porter Jr.,C. Porter Jr.,craig-porter-jr,,,,5:16,145.5,145.5,66.7,66.7,78.8,78.8,0.143,1.0,50.0,0.0,0.0,0.0,50.0,0.0,0.0,0.077,0.077,104.81,104.81,87.34,11.0,0.04,2024-25,Playoffs
0042400103,1610612739,Cleveland,Cavaliers,CLE,cavaliers,1642281,Jaylon,Tyson,J. Tyson,jaylon-tyson,,,,5:16,145.5,145.5,66.7,66.7,78.8,78.8,0.5,0.0,33.3,0.25,0.25,0.25,0.0,0.875,0.875,0.308,0.308,104.81,104.81,87.34,11.0,0.42,2024-25,Playoffs
0042400103,1610612739,Cleveland,Cavaliers,CLE,cavaliers,1629636,Darius,Garland,D. Garland,darius-garland,,DND - Injury/Illness,,,0.0,0.0,0.0,0.0,0.0,0.0,0.0,0.0,0.0,0.0,0.0,0.0,0.0,0.0,0.0,0.0,0.0,0.0,0.0,0.0,0.0,0.0,2024-25,Playoffs
0042400103,1610612739,Cleveland,Cavaliers,CLE,cavaliers,1629643,Chuma,Okeke,C. Okeke,chuma-okeke,,DNP - Coach's Decision,,,0.0,0.0,0.0,0.0,0.0,0.0,0.0,0.0,0.0,0.0,0.0,0.0,0.0,0.0,0.0,0.0,0.0,0.0,0.0,0.0,0.0,0.0,2024-25,Playoffs
0042400103,1610612748,Miami,Heat,MIA,heat,203952,Andrew,Wiggins,A. Wiggins,andrew-wiggins,F,,,33:26,93.9,93.9,129.2,129.2,-35.3,-35.3,0.143,1.5,17.6,0.0,0.032,0.015,11.8,0.4,0.425,0.194,0.194,94.04,94.04,78.36,66.0,0.015,2024-25,Playoffs
0042400103,1610612748,Miami,Heat,MIA,heat,1628389,Bam,Adebayo,B. Adebayo,bam-adebayo,F,,,40:12,96.1,96.1,132.5,132.5,-36.4,-36.4,0.05,0.17,3.7,0.1,0.139,0.118,22.2,0.55,0.55,0.31,0.31,91.94,91.94,76.62,77.0,0.069,2024-25,Playoffs
0042400103,1610612748,Miami,Heat,MIA,heat,1642276,Kel'el,Ware,K. Ware,kelel-ware,C,,,18:37,78.9,78.9,102.6,102.6,-23.6,-23.6,0.25,2.0,25.0,0.0,0.208,0.111,12.5,0.8,0.8,0.15,0.15,99.27,99.27,82.72,38.0,0.164,2024-25,Playoffs
0042400103,1610612748,Miami,Heat,MIA,heat,1629639,Tyler,Herro,T. Herro,tyler-herro,G,,,36:33,94.4,94.4,131.0,131.0,-36.6,-36.6,0.143,1.0,15.0,0.0,0.118,0.056,15.0,0.423,0.468,0.221,0.221,93.24,93.24,77.7,71.0,0.056,2024-25,Playoffs
0042400103,1610612748,Miami,Heat,MIA,heat,1630558,Davion,Mitchell,D. Mitchell,davion-mitchell,G,,,36:32,102.9,102.9,131.9,131.9,-29.0,-29.0,0.238,0.0,31.3,0.0,0.121,0.058,0.0,0.727,0.699,0.147,0.147,90.66,90.66,75.55,69.0,0.125,2024-25,Playoffs
0042400103,1610612748,Miami,Heat,MIA,heat,1641796,Pelle,Larsson,P. Larsson,pelle-larsson,,,,16:42,81.8,81.8,158.1,158.1,-76.2,-76.2,0.143,1.0,14.3,0.067,0.083,0.074,14.3,0.6,0.6,0.162,0.162,91.99,91.99,76.66,33.0,0.08,2024-25,Playoffs
0042400103,1610612748,Miami,Heat,MIA,heat,1629312,Haywood,Highsmith,H. Highsmith,haywood-highsmith,,,,15:20,100.0,100.0,155.6,155.6,-55.6,-55.6,0.125,0.0,20.0,0.0,0.083,0.048,0.0,0.375,0.375,0.143,0.143,84.52,84.52,70.43,27.0,0.0,2024-25,Playoffs
0042400103,1610612748,Miami,Heat,MIA,heat,1631107,Nikola,Jović,N. Jović,nikola-jović,,,,19:23,92.1,92.1,144.7,144.7,-52.6,-52.6,0.222,2.0,20.0,0.0,0.25,0.107,10.0,0.214,0.214,0.195,0.195,94.1,94.1,78.42,38.0,0.012,2024-25,Playoffs
0042400103,1610612748,Miami,Heat,MIA,heat,1629130,Duncan,Robinson,D. Robinson,duncan-robinson,,,,17:50,97.1,97.1,137.1,137.1,-40.0,-40.0,0.0,0.0,0.0,0.0,0.0,0.0,33.3,1.5,1.293,0.077,0.077,94.19,94.19,78.49,35.0,0.041,2024-25,Playoffs
0042400103,1610612748,Miami,Heat,MIA,heat,1631170,Jaime,Jaquez Jr.,J. Jaquez Jr.,jaime-jaquez-jr,,,,5:25,66.7,66.7,145.5,145.5,-78.8,-78.8,0.0,0.0,0.0,0.0,0.0,0.0,100.0,0.0,0.0,0.077,0.077,101.91,101.91,84.92,12.0,-0.043,2024-25,Playoffs
0042400103,1610612748,Miami,Heat,MIA,heat,203937,Kyle,Anderson,K. Anderson,kyle-anderson,,DNP - Coach's Decision,,,0.0,0.0,0.0,0.0,0.0,0.0,0.0,0.0,0.0,0.0,0.0,0.0,0.0,0.0,0.0,0.0,0.0,0.0,0.0,0.0,0.0,0.0,2024-25,Playoffs
0042400103,1610612748,Miami,Heat,MIA,heat,202692,Alec,Burks,A. Burks,alec-burks,,DNP - Coach's Decision,,,0.0,0.0,0.0,0.0,0.0,0.0,0.0,0.0,0.0,0.0,0.0,0.0,0.0,0.0,0.0,0.0,0.0,0.0,0.0,0.0,0.0,0.0,2024-25,Playoffs
0042400103,1610612748,Miami,Heat,MIA,heat,1642352,Keshad,Johnson,K. Johnson,keshad-johnson,,DNP - Coach's Decision,,,0.0,0.0,0.0,0.0,0.0,0.0,0.0,0.0,0.0,0.0,0.0,0.0,0.0,0.0,0.0,0.0,0.0,0.0,0.0,0.0,0.0,0.0,2024-25,Playoffs
0042400103,1610612748,Miami,Heat,MIA,heat,201567,Kevin,Love,K. Love,kevin-love,,NWT - Personal,,,0.0,0.0,0.0,0.0,0.0,0.0,0.0,0.0,0.0,0.0,0.0,0.0,0.0,0.0,0.0,0.0,0.0,0.0,0.0,0.0,0.0,0.0,2024-25,Playoffs
0042400103,1610612748,Miami,Heat,MIA,heat,1626179,Terry,Rozier,T. Rozier,terry-rozier,,DND - Injury/Illness,,,0.0,0.0,0.0,0.0,0.0,0.0,0.0,0.0,0.0,0.0,0.0,0.0,0.0,0.0,0.0,0.0,0.0,0.0,0.0,0.0,0.0,0.0,2024-25,Playoffs
0042400104,1610612739,Cleveland,Cavaliers,CLE,cavaliers,1629622,Max,Strus,M. Strus,max-strus,F,,,20:49,143.5,143.5,71.1,71.1,72.4,72.4,0.174,2.0,33.3,0.0,0.208,0.116,16.7,0.25,0.25,0.154,0.154,104.92,104.92,87.43,46.0,0.059,2024-25,Playoffs
0042400104,1610612739,Cleveland,Cavaliers,CLE,cavaliers,1630596,Evan,Mobley,E. Mobley,evan-mobley,F,,,22:58,153.3,153.3,100.0,100.0,53.3,53.3,0.053,0.0,8.3,0.05,0.222,0.149,0.0,0.778,0.79,0.212,0.212,95.09,95.09,79.25,45.0,0.198,2024-25,Playoffs
0042400104,1610612739,Cleveland,Cavaliers,CLE,cavaliers,1628386,Jarrett,Allen,J. Allen,jarrett-allen,C,,,25:18,161.5,161.5,80.8,80.8,80.8,80.8,0.083,0.0,22.2,0.167,0.3,0.25,0.0,1.0,1.036,0.121,0.121,98.66,98.66,82.21,52.0,0.242,2024-25,Playoffs
0042400104,1610612739,Cleveland,Cavaliers,CLE,cavaliers,1630241,Sam,Merrill,S. Merrill,sam-merrill,G,,,18:59,157.5,157.5,78.0,78.0,79.5,79.5,0.05,1.0,11.1,0.0,0.045,0.026,11.1,0.643,0.643,0.178,0.178,102.41,102.41,85.34,40.0,0.059,2024-25,Playoffs
0042400104,1610612739,Cleveland,Cavaliers,CLE,cavaliers,1628378,Donovan,Mitchell,D. Mitchell,donovan-mitchell,G,,,24:36,154.0,154.0,92.0,92.0,62.0,62.0,0.263,2.5,21.7,0.0,0.0,0.0,8.7,0.667,0.693,0.31,0.31,97.56,97.56,81.3,50.0,0.149,2024-25,Playoffs
0042400104,1610612739,Cleveland,Cavaliers,CLE,cavaliers,1629631,De'Andre,Hunter,D. Hunter,deandre-hunter,,,,20:57,132.6,132.6,81.8,81.8,50.8,50.8,0.091,1.0,6.7,0.0,0.04,0.022,6.7,0.682,0.72,0.28,0.28,103.1,103.1,85.92,46.0,0.161,2024-25,Playoffs
0042400104,1610612739,Cleveland,Cavaliers,CLE,cavaliers,1629660,Ty,Jerome,T. Jerome,ty-jerome,,,,20:41,145.5,145.5,83.7,83.7,61.7,61.7,0.385,5.0,31.3,0.0,0.115,0.071,6.3,0.813,0.882,0.229,0.229,100.95,100.95,84.13,44.0,0.253,2024-25,Playoffs
0042400104,1610612739,Cleveland,Cavaliers,CLE,cavaliers,1629731,Dean,Wade,D. Wade,dean-wade,,,,17:51,128.2,128.2,73.0,73.0,55.2,55.2,0.0,0.0,0.0,0.056,0.261,0.171,0.0,0.833,0.833,0.068,0.068,102.18,102.18,85.15,39.0,0.157,2024-25,Playoffs
0042400104,1610612739,Cleveland,Cavaliers,CLE,cavaliers,1630171,Isaac,Okoro,I. Okoro,isaac-okoro,,,,12:58,134.6,134.6,88.5,88.5,46.2,46.2,0.0,0.0,0.0,0.0,0.059,0.038,25.0,1.0,1.0,0.143,0.143,96.25,96.25,80.21,26.0,0.108,2024-25,Playoffs
0042400104,1610612739,Cleveland,Cavaliers,CLE,cavaliers,1629750,Javonte,Green,J. Green,javonte-green,,,,12:08,104.2,104.2,84.0,84.0,20.2,20.2,0.0,0.0,0.0,0.0,0.158,0.094,14.3,0.875,0.955,0.259,0.259,96.92,96.92,80.77,24.0,0.394,2024-25,Playoffs
0042400104,1610612739,Cleveland,Cavaliers,CLE,cavaliers,1641854,Craig,Porter Jr.,C. Porter Jr.,craig-porter-jr,,,,12:00,117.4,117.4,83.3,83.3,34.1,34.1,0.444,4.0,44.4,0.091,0.056,0.069,11.1,0.5,0.5,0.192,0.192,94.0,94.0,78.33,23.0,0.119,2024-25,Playoffs
0042400104,1610612739,Cleveland,Cavaliers,CLE,cavaliers,202684,Tristan,Thompson,T. Thompson,tristan-thompson,,,,12:00,117.4,117.4,83.3,83.3,34.1,34.1,0.111,1.0,16.7,0.182,0.278,0.241,16.7,0.5,0.45,0.192,0.192,94.0,94.0,78.33,23.0,0.179,2024-25,Playoffs
0042400104,1610612739,Cleveland,Cavaliers,CLE,cavaliers,1642281,Jaylon,Tyson,J. Tyson,jaylon-tyson,,,,12:00,117.4,117.4,83.3,83.3,34.1,34.1,0.222,0.0,33.3,0.0,0.111,0.069,0.0,0.75,0.75,0.154,0.154,94.0,94.0,78.33,23.0,0.179,2024-25,Playoffs
0042400104,1610612739,Cleveland,Cavaliers,CLE,cavaliers,1629643,Chuma,Okeke,C. Okeke,chuma-okeke,,,,6:45,125.0,125.0,107.7,107.7,17.3,17.3,0.0,0.0,0.0,0.0,0.0,0.0,0.0,0.0,0.0,0.231,0.231,88.89,88.89,74.07,12.0,-0.075,2024-25,Playoffs
0042400104,1610612739,Cleveland,Cavaliers,CLE,cavaliers,1629636,Darius,Garland,D. Garland,darius-garland,,DND - Injury/Illness,,,0.0,0.0,0.0,0.0,0.0,0.0,0.0,0.0,0.0,0.0,0.0,0.0,0.0,0.0,0.0,0.0,0.0,0.0,0.0,0.0,0.0,0.0,2024-25,Playoffs
0042400104,1610612748,Miami,Heat,MIA,heat,203952,Andrew,Wiggins,A. Wiggins,andrew-wiggins,F,,,22:18,91.1,91.1,147.8,147.8,-56.7,-56.7,0.091,0.33,6.3,0.115,0.1,0.109,18.8,0.5,0.5,0.294,0.294,97.92,97.92,81.6,45.0,0.054,2024-25,Playoffs
0042400104,1610612748,Miami,Heat,MIA,heat,1628389,Bam,Adebayo,B. Adebayo,bam-adebayo,F,,,31:47,92.2,92.2,148.4,148.4,-56.2,-56.2,0.235,1.33,20.0,0.079,0.321,0.182,15.0,0.5,0.484,0.216,0.216,95.13,95.13,79.27,64.0,0.103,2024-25,Playoffs
0042400104,1610612748,Miami,Heat,MIA,heat,1642276,Kel'el,Ware,K. Ware,kelel-ware,C,,,15:19,80.6,80.6,141.9,141.9,-61.3,-61.3,0.0,0.0,0.0,0.05,0.429,0.206,0.0,0.167,0.167,0.158,0.158,97.18,97.18,80.98,31.0,0.054,2024-25,Playoffs
0042400104,1610612748,Miami,Heat,MIA,heat,1629639,Tyler,Herro,T. Herro,tyler-herro,G,,,30:31,83.9,83.9,152.4,152.4,-68.5,-68.5,0.05,1.0,7.7,0.0,0.045,0.017,7.7,0.15,0.184,0.169,0.169,98.31,98.31,81.92,62.0,-0.055,2024-25,Playoffs
0042400104,1610612748,Miami,Heat,MIA,heat,1630558,Davion,Mitchell,D. Mitchell,davion-mitchell,G,,,35:09,86.3,86.3,140.8,140.8,-54.5,-54.5,0.238,1.67,27.8,0.0,0.0,0.0,16.7,0.389,0.405,0.159,0.159,98.32,98.32,81.93,73.0,0.013,2024-25,Playoffs
0042400104,1610612748,Miami,Heat,MIA,heat,1629312,Haywood,Highsmith,H. Highsmith,haywood-highsmith,,,,10:50,28.0,28.0,154.2,154.2,-126.2,-126.2,0.0,0.0,0.0,0.063,0.429,0.174,33.3,0.25,0.25,0.214,0.214,108.55,108.55,90.46,25.0,0.023,2024-25,Playoffs
0042400104,1610612748,Miami,Heat,MIA,heat,1641796,Pelle,Larsson,P. Larsson,pelle-larsson,,,,23:18,89.6,89.6,132.6,132.6,-43.0,-43.0,0.25,0.0,25.0,0.033,0.182,0.096,0.0,0.688,0.644,0.155,0.155,96.82,96.82,80.69,48.0,0.112,2024-25,Playoffs
0042400104,1610612748,Miami,Heat,MIA,heat,203937,Kyle,Anderson,K. Anderson,kyle-anderson,,,,7:39,57.9,57.9,172.2,172.2,-114.3,-114.3,0.0,0.0,0.0,0.0,0.0,0.0,50.0,0.0,0.0,0.1,0.1,116.08,116.08,96.73,19.0,-0.077,2024-25,Playoffs
0042400104,1610612748,Miami,Heat,MIA,heat,1631107,Nikola,Jović,N. Jović,nikola-jović,,,,29:15,86.7,86.7,131.1,131.1,-44.5,-44.5,0.167,1.0,9.5,0.054,0.111,0.078,9.5,0.667,0.716,0.275,0.275,99.28,99.28,82.74,60.0,0.184,2024-25,Playoffs
0042400104,1610612748,Miami,Heat,MIA,heat,1629130,Duncan,Robinson,D. Robinson,duncan-robinson,,,,14:33,89.7,89.7,117.2,117.2,-27.6,-27.6,0.0,0.0,0.0,0.0,0.071,0.029,37.5,0.0,0.0,0.216,0.216,95.67,95.67,79.73,29.0,-0.15,2024-25,Playoffs
0042400104,1610612748,Miami,Heat,MIA,heat,1631170,Jaime,Jaquez Jr.,J. Jaquez Jr.,jaime-jaquez-jr,,,,12:36,88.0,88.0,128.0,128.0,-40.0,-40.0,0.143,0.0,14.3,0.167,0.091,0.138,0.0,0.2,0.34,0.188,0.188,95.28,95.28,79.4,25.0,0.052,2024-25,Playoffs
0042400104,1610612748,Miami,Heat,MIA,heat,1642352,Keshad,Johnson,K. Johnson,keshad-johnson,,,,6:45,107.7,107.7,125.0,125.0,-17.3,-17.3,0.0,0.0,0.0,0.111,0.0,0.067,50.0,1.0,1.0,0.111,0.111,88.89,88.89,74.07,13.0,0.019,2024-25,Playoffs
0042400104,1610612748,Miami,Heat,MIA,heat,202692,Alec,Burks,A. Burks,alec-burks,,DNP - Coach's Decision,,,0.0,0.0,0.0,0.0,0.0,0.0,0.0,0.0,0.0,0.0,0.0,0.0,0.0,0.0,0.0,0.0,0.0,0.0,0.0,0.0,0.0,0.0,2024-25,Playoffs
0042400104,1610612748,Miami,Heat,MIA,heat,201567,Kevin,Love,K. Love,kevin-love,,NWT - Personal,,,0.0,0.0,0.0,0.0,0.0,0.0,0.0,0.0,0.0,0.0,0.0,0.0,0.0,0.0,0.0,0.0,0.0,0.0,0.0,0.0,0.0,0.0,2024-25,Playoffs
0042400104,1610612748,Miami,Heat,MIA,heat,1626179,Terry,Rozier,T. Rozier,terry-rozier,,DND - Injury/Illness,,,0.0,0.0,0.0,0.0,0.0,0.0,0.0,0.0,0.0,0.0,0.0,0.0,0.0,0.0,0.0,0.0,0.0,0.0,0.0,0.0,0.0,0.0,2024-25,Playoffs
0042400111,1610612753,Orlando,Magic,ORL,magic,1630532,Franz,Wagner,F. Wagner,franz-wagner,F,,,36:24,94.2,94.2,119.4,119.4,-25.2,-25.2,0.313,1.0,14.3,0.0,0.091,0.045,14.3,0.438,0.462,0.39,0.39,89.67,89.67,74.73,69.0,0.085,2024-25,Playoffs
0042400111,1610612753,Orlando,Magic,ORL,magic,1631094,Paolo,Banchero,P. Banchero,paolo-banchero,F,,,42:14,103.9,103.9,110.5,110.5,-6.6,-6.6,0.235,1.0,10.5,0.067,0.19,0.126,10.5,0.593,0.607,0.37,0.37,86.95,86.95,72.45,77.0,0.231,2024-25,Playoffs
0042400111,1610612753,Orlando,Magic,ORL,magic,1628976,Wendell,Carter Jr.,W. Carter Jr.,wendell-carter-jr,C,,,28:18,100.0,100.0,124.5,124.5,-24.5,-24.5,0.0,0.0,0.0,0.115,0.333,0.232,33.3,0.333,0.333,0.145,0.145,91.59,91.59,76.33,55.0,0.06,2024-25,Playoffs
0042400111,1610612753,Orlando,Magic,ORL,magic,203484,Kentavious,Caldwell-Pope,K. Caldwell-Pope,kentavious-caldwell-pope,G,,,35:24,100.0,100.0,116.7,116.7,-16.7,-16.7,0.08,0.0,28.6,0.0,0.118,0.061,0.0,0.6,0.6,0.068,0.068,89.49,89.49,74.58,66.0,0.061,2024-25,Playoffs
0042400111,1610612753,Orlando,Magic,ORL,magic,202709,Cory,Joseph,C. Joseph,cory-joseph,G,,,26:11,98.0,98.0,110.0,110.0,-12.0,-12.0,0.1,0.0,66.7,0.0,0.0,0.0,0.0,0.0,0.0,0.019,0.019,90.74,90.74,75.62,49.0,-0.039,2024-25,Playoffs
0042400111,1610612753,Orlando,Magic,ORL,magic,1641710,Anthony,Black,A. Black,anthony-black,,,,13:45,80.8,80.8,138.5,138.5,-57.7,-57.7,0.0,0.0,0.0,0.167,0.077,0.129,0.0,0.375,0.375,0.114,0.114,90.76,90.76,75.64,26.0,0.043,2024-25,Playoffs
0042400111,1610612753,Orlando,Magic,ORL,magic,1628371,Jonathan,Isaac,J. Isaac,jonathan-isaac,,,,18:23,96.9,96.9,115.6,115.6,-18.8,-18.8,0.0,0.0,0.0,0.087,0.0,0.053,0.0,0.875,0.788,0.098,0.098,83.58,83.58,69.65,32.0,0.102,2024-25,Playoffs
0042400111,1610612753,Orlando,Magic,ORL,magic,1631216,Caleb,Houstan,C. Houstan,caleb-houstan,,,,13:13,88.5,88.5,124.0,124.0,-35.5,-35.5,0.125,1.0,14.3,0.118,0.0,0.063,14.3,0.3,0.3,0.176,0.176,92.56,92.56,77.14,26.0,-0.01,2024-25,Playoffs
0042400111,1610612753,Orlando,Magic,ORL,magic,203914,Gary,Harris,G. Harris,gary-harris,,,,13:31,95.8,95.8,136.4,136.4,-40.5,-40.5,0.0,0.0,0.0,0.0,0.091,0.033,0.0,0.0,0.0,0.063,0.063,81.68,81.68,68.06,24.0,-0.025,2024-25,Playoffs
0042400111,1610612753,Orlando,Magic,ORL,magic,1630175,Cole,Anthony,C. Anthony,cole-anthony,,,,10:09,100.0,100.0,118.8,118.8,-18.8,-18.8,0.6,3.0,37.5,0.0,0.0,0.0,12.5,0.333,0.515,0.238,0.238,80.39,80.39,67.0,18.0,0.1,2024-25,Playoffs
0042400111,1610612753,Orlando,Magic,ORL,magic,1641783,Tristan,da Silva,T. da Silva,tristan-da-silva,,,,1:14,0.0,0.0,0.0,0.0,0.0,0.0,0.0,0.0,0.0,0.0,1.0,0.5,100.0,0.0,0.0,0.333,0.333,97.3,97.3,81.08,3.0,0.0,2024-25,Playoffs
0042400111,1610612753,Orlando,Magic,ORL,magic,1629048,Goga,Bitadze,G. Bitadze,goga-bitadze,,,,1:14,0.0,0.0,0.0,0.0,0.0,0.0,0.0,0.0,0.0,0.0,0.0,0.0,0.0,0.0,0.0,0.0,0.0,97.3,97.3,81.08,3.0,0.0,2024-25,Playoffs
0042400111,1610612753,Orlando,Magic,ORL,magic,1641724,Jett,Howard,J. Howard,jett-howard,,DNP - Coach's Decision,,,0.0,0.0,0.0,0.0,0.0,0.0,0.0,0.0,0.0,0.0,0.0,0.0,0.0,0.0,0.0,0.0,0.0,0.0,0.0,0.0,0.0,0.0,2024-25,Playoffs
0042400111,1610612738,Boston,Celtics,BOS,celtics,1627759,Jaylen,Brown,J. Brown,jaylen-brown,F,,,30:19,121.4,121.4,98.3,98.3,23.2,23.2,0.118,2.0,10.5,0.061,0.107,0.082,5.3,0.429,0.508,0.254,0.254,90.23,90.23,75.19,56.0,0.116,2024-25,Playoffs
0042400111,1610612738,Boston,Celtics,BOS,celtics,1628369,Jayson,Tatum,J. Tatum,jayson-tatum,F,,,40:10,118.9,118.9,87.8,87.8,31.1,31.1,0.16,0.0,14.8,0.053,0.261,0.167,0.0,0.386,0.358,0.271,0.271,88.43,88.43,73.69,74.0,0.101,2024-25,Playoffs
0042400111,1610612738,Boston,Celtics,BOS,celtics,204001,Kristaps,Porziņģis,K. Porziņģis,kristaps-porziņģis,C,,,25:55,122.9,122.9,84.0,84.0,38.9,38.9,0.1,1.0,14.3,0.12,0.115,0.118,14.3,0.125,0.256,0.207,0.207,90.77,90.77,75.64,48.0,0.06,2024-25,Playoffs
0042400111,1610612738,Boston,Celtics,BOS,celtics,1628401,Derrick,White,D. White,derrick-white,G,,,36:06,116.4,116.4,104.4,104.4,12.0,12.0,0.111,1.0,8.7,0.029,0.097,0.062,8.7,0.75,0.776,0.276,0.276,89.75,89.75,74.79,67.0,0.199,2024-25,Playoffs
0042400111,1610612738,Boston,Celtics,BOS,celtics,201950,Jrue,Holiday,J. Holiday,jrue-holiday,G,,,33:13,113.1,113.1,88.5,88.5,24.6,24.6,0.227,1.67,35.7,0.0,0.079,0.043,21.4,0.75,0.75,0.127,0.127,88.15,88.15,73.46,61.0,0.127,2024-25,Playoffs
0042400111,1610612738,Boston,Celtics,BOS,celtics,201143,Al,Horford,A. Horford,al-horford,,,,25:21,119.6,119.6,126.1,126.1,-6.5,-6.5,0.176,3.0,42.9,0.0,0.2,0.1,14.3,0.833,0.833,0.071,0.071,87.1,87.1,72.58,46.0,0.094,2024-25,Playoffs
0042400111,1610612738,Boston,Celtics,BOS,celtics,1628436,Luke,Kornet,L. Kornet,luke-kornet,,,,11:12,100.0,100.0,136.8,136.8,-36.8,-36.8,0.0,0.0,0.0,0.1,0.0,0.038,0.0,1.0,1.0,0.048,0.048,81.43,81.43,67.86,19.0,0.038,2024-25,Playoffs
0042400111,1610612738,Boston,Celtics,BOS,celtics,1630573,Sam,Hauser,S. Hauser,sam-hauser,,,,9:18,116.7,116.7,70.6,70.6,46.1,46.1,0.125,0.0,50.0,0.0,0.188,0.13,0.0,0.0,0.0,0.05,0.05,90.32,90.32,75.27,18.0,0.115,2024-25,Playoffs
0042400111,1610612738,Boston,Celtics,BOS,celtics,1630202,Payton,Pritchard,P. Pritchard,payton-pritchard,,,,24:44,131.8,131.8,104.7,104.7,27.2,27.2,0.2,0.0,25.0,0.0,0.0,0.0,0.0,1.0,1.019,0.167,0.167,84.42,84.42,70.35,44.0,0.194,2024-25,Playoffs
0042400111,1610612738,Boston,Celtics,BOS,celtics,1631120,JD,Davison,J. Davison,jd-davison,,,,1:14,0.0,0.0,0.0,0.0,0.0,0.0,0.0,0.0,0.0,0.0,1.0,0.5,0.0,0.0,0.0,0.5,0.5,97.3,97.3,81.08,2.0,0.0,2024-25,Playoffs
0042400111,1610612738,Boston,Celtics,BOS,celtics,1628470,Torrey,Craig,T. Craig,torrey-craig,,,,1:14,0.0,0.0,0.0,0.0,0.0,0.0,0.0,0.0,0.0,0.0,0.0,0.0,0.0,0.0,0.0,0.0,0.0,97.3,97.3,81.08,2.0,-1.0,2024-25,Playoffs
0042400111,1610612738,Boston,Celtics,BOS,celtics,1641775,Jordan,Walsh,J. Walsh,jordan-walsh,,,,1:14,0.0,0.0,0.0,0.0,0.0,0.0,0.0,0.0,0.0,0.0,0.0,0.0,0.0,0.0,0.0,0.0,0.0,97.3,97.3,81.08,2.0,0.0,2024-25,Playoffs
0042400111,1610612738,Boston,Celtics,BOS,celtics,1629674,Neemias,Queta,N. Queta,neemias-queta,,DNP - Coach's Decision,,,0.0,0.0,0.0,0.0,0.0,0.0,0.0,0.0,0.0,0.0,0.0,0.0,0.0,0.0,0.0,0.0,0.0,0.0,0.0,0.0,0.0,0.0,2024-25,Playoffs
0042400111,1610612738,Boston,Celtics,BOS,celtics,1631248,Baylor,Scheierman,B. Scheierman,baylor-scheierman,,DNP - Coach's Decision,,,0.0,0.0,0.0,0.0,0.0,0.0,0.0,0.0,0.0,0.0,0.0,0.0,0.0,0.0,0.0,0.0,0.0,0.0,0.0,0.0,0.0,0.0,2024-25,Playoffs
0042400111,1610612738,Boston,Celtics,BOS,celtics,1630214,Xavier,Tillman,X. Tillman,xavier-tillman,,DNP - Coach's Decision,,,0.0,0.0,0.0,0.0,0.0,0.0,0.0,0.0,0.0,0.0,0.0,0.0,0.0,0.0,0.0,0.0,0.0,0.0,0.0,0.0,0.0,0.0,2024-25,Playoffs
0042400112,1610612753,Orlando,Magic,ORL,magic,1630532,Franz,Wagner,F. Wagner,franz-wagner,F,,,40:12,109.2,109.2,118.4,118.4,-9.2,-9.2,0.182,2.0,14.8,0.0,0.098,0.049,7.4,0.525,0.574,0.271,0.271,90.75,90.75,75.62,76.0,0.151,2024-25,Playoffs
0042400112,1610612753,Orlando,Magic,ORL,magic,1631094,Paolo,Banchero,P. Banchero,paolo-banchero,F,,,43:22,116.3,116.3,120.7,120.7,-4.5,-4.5,0.292,0.0,18.9,0.049,0.149,0.102,0.0,0.52,0.536,0.333,0.333,89.65,89.65,74.71,80.0,0.168,2024-25,Playoffs
0042400112,1610612753,Orlando,Magic,ORL,magic,1628976,Wendell,Carter Jr.,W. Carter Jr.,wendell-carter-jr,C,,,32:55,109.7,109.7,124.6,124.6,-14.9,-14.9,0.053,0.5,9.1,0.063,0.167,0.118,18.2,0.938,0.901,0.145,0.145,89.68,89.68,74.73,62.0,0.127,2024-25,Playoffs
0042400112,1610612753,Orlando,Magic,ORL,magic,203484,Kentavious,Caldwell-Pope,K. Caldwell-Pope,kentavious-caldwell-pope,G,,,34:33,112.5,112.5,121.9,121.9,-9.4,-9.4,0.0,0.0,0.0,0.0,0.111,0.058,0.0,0.111,0.152,0.139,0.139,88.91,88.91,74.1,64.0,-0.032,2024-25,Playoffs
0042400112,1610612753,Orlando,Magic,ORL,magic,202709,Cory,Joseph,C. Joseph,cory-joseph,G,,,22:45,111.9,111.9,121.4,121.4,-9.5,-9.5,0.188,3.0,30.0,0.0,0.038,0.021,10.0,0.583,0.583,0.152,0.152,88.62,88.62,73.85,42.0,0.106,2024-25,Playoffs
0042400112,1610612753,Orlando,Magic,ORL,magic,1631216,Caleb,Houstan,C. Houstan,caleb-houstan,,,,10:39,138.1,138.1,118.2,118.2,19.9,19.9,0.0,0.0,0.0,0.0,0.0,0.0,0.0,0.0,0.0,0.087,0.087,96.9,96.9,80.75,21.0,-0.096,2024-25,Playoffs
0042400112,1610612753,Orlando,Magic,ORL,magic,1641710,Anthony,Black,A. Black,anthony-black,,,,22:36,110.0,110.0,124.4,124.4,-14.4,-14.4,0.0,0.0,0.0,0.095,0.1,0.098,9.1,0.5,0.539,0.234,0.234,86.02,86.02,71.68,40.0,0.08,2024-25,Playoffs
0042400112,1610612753,Orlando,Magic,ORL,magic,1628371,Jonathan,Isaac,J. Isaac,jonathan-isaac,,,,6:38,91.7,91.7,141.7,141.7,-50.0,-50.0,0.0,0.0,0.0,0.125,0.0,0.1,0.0,0.0,0.0,0.0,0.0,86.83,86.83,72.36,12.0,0.023,2024-25,Playoffs
0042400112,1610612753,Orlando,Magic,ORL,magic,203914,Gary,Harris,G. Harris,gary-harris,,,,13:27,112.0,112.0,119.2,119.2,-7.2,-7.2,0.222,0.0,50.0,0.0,0.0,0.0,0.0,1.0,1.0,0.071,0.071,91.0,91.0,75.84,25.0,0.167,2024-25,Playoffs
0042400112,1610612753,Orlando,Magic,ORL,magic,1630175,Cole,Anthony,C. Anthony,cole-anthony,,,,5:08,70.0,70.0,111.1,111.1,-41.1,-41.1,0.0,0.0,0.0,0.0,0.0,0.0,50.0,0.0,0.0,0.182,0.182,88.83,88.83,74.03,10.0,-0.364,2024-25,Playoffs
0042400112,1610612753,Orlando,Magic,ORL,magic,1629048,Goga,Bitadze,G. Bitadze,goga-bitadze,,,,7:45,138.5,138.5,114.3,114.3,24.2,24.2,0.143,0.0,50.0,0.0,0.429,0.25,0.0,1.0,1.0,0.067,0.067,83.61,83.61,69.68,13.0,0.1,2024-25,Playoffs
0042400112,1610612753,Orlando,Magic,ORL,magic,1641724,Jett,Howard,J. Howard,jett-howard,,DNP - Coach's Decision,,,0.0,0.0,0.0,0.0,0.0,0.0,0.0,0.0,0.0,0.0,0.0,0.0,0.0,0.0,0.0,0.0,0.0,0.0,0.0,0.0,0.0,0.0,2024-25,Playoffs
0042400112,1610612753,Orlando,Magic,ORL,magic,1641783,Tristan,da Silva,T. da Silva,tristan-da-silva,,DNP - Coach's Decision,,,0.0,0.0,0.0,0.0,0.0,0.0,0.0,0.0,0.0,0.0,0.0,0.0,0.0,0.0,0.0,0.0,0.0,0.0,0.0,0.0,0.0,0.0,2024-25,Playoffs
0042400112,1610612738,Boston,Celtics,BOS,celtics,1627759,Jaylen,Brown,J. Brown,jaylen-brown,F,,,41:40,120.8,120.8,113.5,113.5,7.3,7.3,0.278,1.67,16.1,0.0,0.256,0.122,9.7,0.763,0.799,0.28,0.28,86.97,86.97,72.47,77.0,0.292,2024-25,Playoffs
0042400112,1610612738,Boston,Celtics,BOS,celtics,201143,Al,Horford,A. Horford,al-horford,F,,,32:26,118.0,118.0,111.9,111.9,6.2,6.2,0.05,1.0,8.3,0.105,0.182,0.141,8.3,0.45,0.431,0.145,0.145,88.8,88.8,74.0,61.0,0.069,2024-25,Playoffs
0042400112,1610612738,Boston,Celtics,BOS,celtics,204001,Kristaps,Porziņģis,K. Porziņģis,kristaps-porziņģis,C,,,33:49,122.7,122.7,108.2,108.2,14.5,14.5,0.0,0.0,0.0,0.139,0.143,0.141,0.0,0.357,0.496,0.25,0.25,90.12,90.12,75.1,66.0,0.133,2024-25,Playoffs
0042400112,1610612738,Boston,Celtics,BOS,celtics,1628401,Derrick,White,D. White,derrick-white,G,,,38:09,122.5,122.5,116.9,116.9,5.6,5.6,0.208,2.5,22.7,0.05,0.105,0.077,9.1,0.536,0.571,0.198,0.198,89.34,89.34,74.45,71.0,0.093,2024-25,Playoffs
0042400112,1610612738,Boston,Celtics,BOS,celtics,201950,Jrue,Holiday,J. Holiday,jrue-holiday,G,,,36:06,125.8,125.8,112.1,112.1,13.6,13.6,0.222,3.0,33.3,0.028,0.094,0.059,11.1,0.444,0.533,0.154,0.154,87.76,87.76,73.13,66.0,0.074,2024-25,Playoffs
0042400112,1610612738,Boston,Celtics,BOS,celtics,1630202,Payton,Pritchard,P. Pritchard,payton-pritchard,,,,32:37,122.2,122.2,116.4,116.4,5.8,5.8,0.0,0.0,0.0,0.0,0.1,0.052,7.7,0.591,0.568,0.176,0.176,91.24,91.24,76.03,63.0,0.055,2024-25,Playoffs
0042400112,1610612738,Boston,Celtics,BOS,celtics,1630573,Sam,Hauser,S. Hauser,sam-hauser,,,,13:26,107.7,107.7,110.7,110.7,-3.0,-3.0,0.0,0.0,0.0,0.0,0.077,0.04,0.0,0.0,0.0,0.065,0.065,96.5,96.5,80.42,26.0,-0.068,2024-25,Playoffs
0042400112,1610612738,Boston,Celtics,BOS,celtics,1628436,Luke,Kornet,L. Kornet,luke-kornet,,,,11:47,114.3,114.3,113.6,113.6,0.6,0.6,0.0,0.0,0.0,0.143,0.1,0.118,33.3,0.0,0.532,0.13,0.13,87.58,87.58,72.98,21.0,0.076,2024-25,Playoffs
0042400112,1610612738,Boston,Celtics,BOS,celtics,1628470,Torrey,Craig,T. Craig,torrey-craig,,DNP - Coach's Decision,,,0.0,0.0,0.0,0.0,0.0,0.0,0.0,0.0,0.0,0.0,0.0,0.0,0.0,0.0,0.0,0.0,0.0,0.0,0.0,0.0,0.0,0.0,2024-25,Playoffs
0042400112,1610612738,Boston,Celtics,BOS,celtics,1631120,JD,Davison,J. Davison,jd-davison,,DNP - Coach's Decision,,,0.0,0.0,0.0,0.0,0.0,0.0,0.0,0.0,0.0,0.0,0.0,0.0,0.0,0.0,0.0,0.0,0.0,0.0,0.0,0.0,0.0,0.0,2024-25,Playoffs
0042400112,1610612738,Boston,Celtics,BOS,celtics,1629674,Neemias,Queta,N. Queta,neemias-queta,,DNP - Coach's Decision,,,0.0,0.0,0.0,0.0,0.0,0.0,0.0,0.0,0.0,0.0,0.0,0.0,0.0,0.0,0.0,0.0,0.0,0.0,0.0,0.0,0.0,0.0,2024-25,Playoffs
0042400112,1610612738,Boston,Celtics,BOS,celtics,1631248,Baylor,Scheierman,B. Scheierman,baylor-scheierman,,DNP - Coach's Decision,,,0.0,0.0,0.0,0.0,0.0,0.0,0.0,0.0,0.0,0.0,0.0,0.0,0.0,0.0,0.0,0.0,0.0,0.0,0.0,0.0,0.0,0.0,2024-25,Playoffs
0042400112,1610612738,Boston,Celtics,BOS,celtics,1628369,Jayson,Tatum,J. Tatum,jayson-tatum,,DND - Injury/Illness,,,0.0,0.0,0.0,0.0,0.0,0.0,0.0,0.0,0.0,0.0,0.0,0.0,0.0,0.0,0.0,0.0,0.0,0.0,0.0,0.0,0.0,0.0,2024-25,Playoffs
0042400112,1610612738,Boston,Celtics,BOS,celtics,1630214,Xavier,Tillman,X. Tillman,xavier-tillman,,DNP - Coach's Decision,,,0.0,0.0,0.0,0.0,0.0,0.0,0.0,0.0,0.0,0.0,0.0,0.0,0.0,0.0,0.0,0.0,0.0,0.0,0.0,0.0,0.0,0.0,2024-25,Playoffs
0042400112,1610612738,Boston,Celtics,BOS,celtics,1641775,Jordan,Walsh,J. Walsh,jordan-walsh,,DNP - Coach's Decision,,,0.0,0.0,0.0,0.0,0.0,0.0,0.0,0.0,0.0,0.0,0.0,0.0,0.0,0.0,0.0,0.0,0.0,0.0,0.0,0.0,0.0,0.0,2024-25,Playoffs
0042400113,1610612738,Boston,Celtics,BOS,celtics,1628369,Jayson,Tatum,J. Tatum,jayson-tatum,F,,,39:21,101.3,101.3,101.3,101.3,0.0,0.0,0.235,0.57,10.8,0.054,0.152,0.108,18.9,0.545,0.66,0.367,0.367,92.71,92.71,77.26,77.0,0.272,2024-25,Playoffs
0042400113,1610612738,Boston,Celtics,BOS,celtics,201143,Al,Horford,A. Horford,al-horford,F,,,34:30,107.7,107.7,101.6,101.6,6.1,6.1,0.125,0.0,37.5,0.069,0.122,0.1,0.0,0.6,0.6,0.065,0.065,89.06,89.06,74.21,65.0,0.099,2024-25,Playoffs
0042400113,1610612738,Boston,Celtics,BOS,celtics,204001,Kristaps,Porziņģis,K. Porziņģis,kristaps-porziņģis,C,,,34:24,92.9,92.9,117.4,117.4,-24.5,-24.5,0.056,0.5,7.1,0.0,0.207,0.098,14.3,0.3,0.309,0.167,0.167,96.96,96.96,80.8,70.0,0.0,2024-25,Playoffs
0042400113,1610612738,Boston,Celtics,BOS,celtics,1627759,Jaylen,Brown,J. Brown,jaylen-brown,G,,,33:44,101.5,101.5,113.6,113.6,-12.1,-12.1,0.059,0.17,4.5,0.0,0.188,0.1,27.3,0.536,0.586,0.288,0.288,93.89,93.89,78.25,66.0,0.079,2024-25,Playoffs
0042400113,1610612738,Boston,Celtics,BOS,celtics,1628401,Derrick,White,D. White,derrick-white,G,,,39:36,104.1,104.1,100.0,100.0,4.1,4.1,0.238,0.0,26.3,0.0,0.065,0.036,0.0,0.571,0.571,0.161,0.161,89.08,89.08,74.24,74.0,0.181,2024-25,Playoffs
0042400113,1610612738,Boston,Celtics,BOS,celtics,1630202,Payton,Pritchard,P. Pritchard,payton-pritchard,,,,25:32,97.8,97.8,108.7,108.7,-10.9,-10.9,0.0,0.0,0.0,0.048,0.0,0.02,50.0,0.5,0.521,0.118,0.118,85.54,85.54,71.28,45.0,-0.046,2024-25,Playoffs
0042400113,1610612738,Boston,Celtics,BOS,celtics,1630573,Sam,Hauser,S. Hauser,sam-hauser,,,,13:27,96.2,96.2,96.2,96.2,0.0,0.0,0.1,1.0,33.3,0.0,0.059,0.036,33.3,0.0,0.0,0.069,0.069,92.79,92.79,77.32,26.0,-0.063,2024-25,Playoffs
0042400113,1610612738,Boston,Celtics,BOS,celtics,1628436,Luke,Kornet,L. Kornet,luke-kornet,,,,19:25,102.6,102.6,83.8,83.8,18.8,18.8,0.0,0.0,0.0,0.15,0.115,0.13,0.0,0.5,0.5,0.13,0.13,92.68,92.68,77.23,38.0,0.175,2024-25,Playoffs
0042400113,1610612738,Boston,Celtics,BOS,celtics,1628470,Torrey,Craig,T. Craig,torrey-craig,,DNP - Coach's Decision,,,0.0,0.0,0.0,0.0,0.0,0.0,0.0,0.0,0.0,0.0,0.0,0.0,0.0,0.0,0.0,0.0,0.0,0.0,0.0,0.0,0.0,0.0,2024-25,Playoffs
0042400113,1610612738,Boston,Celtics,BOS,celtics,1631120,JD,Davison,J. Davison,jd-davison,,DNP - Coach's Decision,,,0.0,0.0,0.0,0.0,0.0,0.0,0.0,0.0,0.0,0.0,0.0,0.0,0.0,0.0,0.0,0.0,0.0,0.0,0.0,0.0,0.0,0.0,2024-25,Playoffs
0042400113,1610612738,Boston,Celtics,BOS,celtics,201950,Jrue,Holiday,J. Holiday,jrue-holiday,,DND - Injury/Illness,,,0.0,0.0,0.0,0.0,0.0,0.0,0.0,0.0,0.0,0.0,0.0,0.0,0.0,0.0,0.0,0.0,0.0,0.0,0.0,0.0,0.0,0.0,2024-25,Playoffs
0042400113,1610612738,Boston,Celtics,BOS,celtics,1629674,Neemias,Queta,N. Queta,neemias-queta,,DNP - Coach's Decision,,,0.0,0.0,0.0,0.0,0.0,0.0,0.0,0.0,0.0,0.0,0.0,0.0,0.0,0.0,0.0,0.0,0.0,0.0,0.0,0.0,0.0,0.0,2024-25,Playoffs
0042400113,1610612738,Boston,Celtics,BOS,celtics,1631248,Baylor,Scheierman,B. Scheierman,baylor-scheierman,,DNP - Coach's Decision,,,0.0,0.0,0.0,0.0,0.0,0.0,0.0,0.0,0.0,0.0,0.0,0.0,0.0,0.0,0.0,0.0,0.0,0.0,0.0,0.0,0.0,0.0,2024-25,Playoffs
0042400113,1610612738,Boston,Celtics,BOS,celtics,1630214,Xavier,Tillman,X. Tillman,xavier-tillman,,DNP - Coach's Decision,,,0.0,0.0,0.0,0.0,0.0,0.0,0.0,0.0,0.0,0.0,0.0,0.0,0.0,0.0,0.0,0.0,0.0,0.0,0.0,0.0,0.0,0.0,2024-25,Playoffs
0042400113,1610612738,Boston,Celtics,BOS,celtics,1641775,Jordan,Walsh,J. Walsh,jordan-walsh,,DNP - Coach's Decision,,,0.0,0.0,0.0,0.0,0.0,0.0,0.0,0.0,0.0,0.0,0.0,0.0,0.0,0.0,0.0,0.0,0.0,0.0,0.0,0.0,0.0,0.0,2024-25,Playoffs
0042400113,1610612753,Orlando,Magic,ORL,magic,1630532,Franz,Wagner,F. Wagner,franz-wagner,F,,,37:55,106.8,106.8,110.8,110.8,-4.0,-4.0,0.5,8.0,19.0,0.051,0.156,0.099,2.4,0.463,0.496,0.4,0.4,93.05,93.05,77.54,73.0,0.176,2024-25,Playoffs
0042400113,1610612753,Orlando,Magic,ORL,magic,1631094,Paolo,Banchero,P. Banchero,paolo-banchero,F,,,41:34,103.8,103.8,106.3,106.3,-2.5,-2.5,0.053,0.25,2.9,0.043,0.114,0.073,11.8,0.44,0.508,0.344,0.344,90.65,90.65,75.54,78.0,0.113,2024-25,Playoffs
0042400113,1610612753,Orlando,Magic,ORL,magic,1628976,Wendell,Carter Jr.,W. Carter Jr.,wendell-carter-jr,C,,,30:36,96.5,96.5,112.1,112.1,-15.6,-15.6,0.063,1.0,9.1,0.167,0.231,0.194,9.1,0.5,0.563,0.145,0.145,90.2,90.2,75.16,57.0,0.148,2024-25,Playoffs
0042400113,1610612753,Orlando,Magic,ORL,magic,203484,Kentavious,Caldwell-Pope,K. Caldwell-Pope,kentavious-caldwell-pope,G,,,31:39,98.4,98.4,112.9,112.9,-14.5,-14.5,0.095,2.0,33.3,0.027,0.036,0.031,16.7,0.0,0.0,0.056,0.056,93.28,93.28,77.74,61.0,-0.01,2024-25,Playoffs
0042400113,1610612753,Orlando,Magic,ORL,magic,202709,Cory,Joseph,C. Joseph,cory-joseph,G,,,27:42,94.4,94.4,115.4,115.4,-20.9,-20.9,0.063,1.0,16.7,0.0,0.12,0.054,16.7,0.75,0.75,0.079,0.079,91.87,91.87,76.56,54.0,0.07,2024-25,Playoffs
0042400113,1610612753,Orlando,Magic,ORL,magic,1630175,Cole,Anthony,C. Anthony,cole-anthony,,,,14:29,114.8,114.8,59.3,59.3,55.6,55.6,0.2,0.4,18.2,0.133,0.143,0.138,45.5,0.5,0.5,0.243,0.243,89.48,89.48,74.57,27.0,-0.103,2024-25,Playoffs
0042400113,1610612753,Orlando,Magic,ORL,magic,1641710,Anthony,Black,A. Black,anthony-black,,,,13:20,120.0,120.0,51.9,51.9,68.1,68.1,0.0,0.0,0.0,0.067,0.071,0.069,0.0,0.375,0.461,0.257,0.257,93.6,93.6,78.0,25.0,0.189,2024-25,Playoffs
0042400113,1610612753,Orlando,Magic,ORL,magic,203914,Gary,Harris,G. Harris,gary-harris,,,,22:11,112.2,112.2,90.2,90.2,22.0,22.0,0.0,0.0,0.0,0.0,0.1,0.047,0.0,0.0,0.0,0.038,0.038,88.7,88.7,73.92,41.0,-0.01,2024-25,Playoffs
0042400113,1610612753,Orlando,Magic,ORL,magic,1628371,Jonathan,Isaac,J. Isaac,jonathan-isaac,,,,17:18,115.2,115.2,84.8,84.8,30.3,30.3,0.083,0.0,50.0,0.059,0.125,0.091,0.0,1.0,1.0,0.024,0.024,91.6,91.6,76.33,33.0,0.154,2024-25,Playoffs
0042400113,1610612753,Orlando,Magic,ORL,magic,1631216,Caleb,Houstan,C. Houstan,caleb-houstan,,,,3:17,83.3,83.3,150.0,150.0,-66.7,-66.7,0.0,0.0,0.0,0.0,0.2,0.1,0.0,1.5,1.5,0.125,0.125,87.72,87.72,73.1,6.0,0.286,2024-25,Playoffs
0042400113,1610612753,Orlando,Magic,ORL,magic,1629048,Goga,Bitadze,G. Bitadze,goga-bitadze,,DNP - Coach's Decision,,,0.0,0.0,0.0,0.0,0.0,0.0,0.0,0.0,0.0,0.0,0.0,0.0,0.0,0.0,0.0,0.0,0.0,0.0,0.0,0.0,0.0,0.0,2024-25,Playoffs
0042400113,1610612753,Orlando,Magic,ORL,magic,1641724,Jett,Howard,J. Howard,jett-howard,,DNP - Coach's Decision,,,0.0,0.0,0.0,0.0,0.0,0.0,0.0,0.0,0.0,0.0,0.0,0.0,0.0,0.0,0.0,0.0,0.0,0.0,0.0,0.0,0.0,0.0,2024-25,Playoffs
0042400113,1610612753,Orlando,Magic,ORL,magic,1641783,Tristan,da Silva,T. da Silva,tristan-da-silva,,DNP - Coach's Decision,,,0.0,0.0,0.0,0.0,0.0,0.0,0.0,0.0,0.0,0.0,0.0,0.0,0.0,0.0,0.0,0.0,0.0,0.0,0.0,0.0,0.0,0.0,2024-25,Playoffs
0042400114,1610612738,Boston,Celtics,BOS,celtics,1628369,Jayson,Tatum,J. Tatum,jayson-tatum,F,,,42:11,117.3,117.3,109.9,109.9,7.4,7.4,0.15,1.5,8.3,0.077,0.239,0.165,5.6,0.46,0.594,0.359,0.359,92.17,92.17,76.81,81.0,0.23,2024-25,Playoffs
0042400114,1610612738,Boston,Celtics,BOS,celtics,201143,Al,Horford,A. Horford,al-horford,F,,,34:54,114.7,114.7,111.8,111.8,2.9,2.9,0.083,2.0,18.2,0.059,0.105,0.083,9.1,0.286,0.381,0.115,0.115,93.52,93.52,77.93,68.0,0.072,2024-25,Playoffs
0042400114,1610612738,Boston,Celtics,BOS,celtics,204001,Kristaps,Porziņģis,K. Porziņģis,kristaps-porziņģis,C,,,22:06,127.3,127.3,109.1,109.1,18.2,18.2,0.083,1.0,5.9,0.095,0.13,0.114,5.9,0.571,0.62,0.32,0.32,95.57,95.57,79.64,44.0,0.128,2024-25,Playoffs
0042400114,1610612738,Boston,Celtics,BOS,celtics,1627759,Jaylen,Brown,J. Brown,jaylen-brown,G,,,41:13,108.4,108.4,102.5,102.5,6.0,6.0,0.048,0.25,3.8,0.0,0.239,0.131,15.4,0.375,0.515,0.269,0.269,95.51,95.51,79.6,83.0,0.116,2024-25,Playoffs
0042400114,1610612738,Boston,Celtics,BOS,celtics,1628401,Derrick,White,D. White,derrick-white,G,,,39:16,106.5,106.5,107.9,107.9,-1.4,-1.4,0.35,7.0,35.0,0.053,0.116,0.086,5.0,0.727,0.731,0.149,0.149,93.52,93.52,77.93,77.0,0.169,2024-25,Playoffs
0042400114,1610612738,Boston,Celtics,BOS,celtics,1630202,Payton,Pritchard,P. Pritchard,payton-pritchard,,,,25:60,120.0,120.0,98.0,98.0,22.0,22.0,0.118,0.0,50.0,0.045,0.0,0.021,0.0,0.0,0.0,0.036,0.036,92.34,92.34,76.95,50.0,-0.029,2024-25,Playoffs
0042400114,1610612738,Boston,Celtics,BOS,celtics,1630573,Sam,Hauser,S. Hauser,sam-hauser,,,,17:59,129.4,129.4,88.6,88.6,40.8,40.8,0.0,0.0,0.0,0.0,0.056,0.032,25.0,1.0,1.0,0.108,0.108,92.09,92.09,76.74,34.0,0.065,2024-25,Playoffs
0042400114,1610612738,Boston,Celtics,BOS,celtics,1628436,Luke,Kornet,L. Kornet,luke-kornet,,,,16:22,93.8,93.8,94.1,94.1,-0.4,-0.4,0.1,0.0,100.0,0.067,0.0,0.029,0.0,0.0,0.0,0.0,0.0,96.77,96.77,80.64,32.0,0.041,2024-25,Playoffs
0042400114,1610612738,Boston,Celtics,BOS,celtics,1628470,Torrey,Craig,T. Craig,torrey-craig,,DNP - Coach's Decision,,,0.0,0.0,0.0,0.0,0.0,0.0,0.0,0.0,0.0,0.0,0.0,0.0,0.0,0.0,0.0,0.0,0.0,0.0,0.0,0.0,0.0,0.0,2024-25,Playoffs
0042400114,1610612738,Boston,Celtics,BOS,celtics,1631120,JD,Davison,J. Davison,jd-davison,,DNP - Coach's Decision,,,0.0,0.0,0.0,0.0,0.0,0.0,0.0,0.0,0.0,0.0,0.0,0.0,0.0,0.0,0.0,0.0,0.0,0.0,0.0,0.0,0.0,0.0,2024-25,Playoffs
0042400114,1610612738,Boston,Celtics,BOS,celtics,1629674,Neemias,Queta,N. Queta,neemias-queta,,DNP - Coach's Decision,,,0.0,0.0,0.0,0.0,0.0,0.0,0.0,0.0,0.0,0.0,0.0,0.0,0.0,0.0,0.0,0.0,0.0,0.0,0.0,0.0,0.0,0.0,2024-25,Playoffs
0042400114,1610612738,Boston,Celtics,BOS,celtics,1631248,Baylor,Scheierman,B. Scheierman,baylor-scheierman,,DNP - Coach's Decision,,,0.0,0.0,0.0,0.0,0.0,0.0,0.0,0.0,0.0,0.0,0.0,0.0,0.0,0.0,0.0,0.0,0.0,0.0,0.0,0.0,0.0,0.0,2024-25,Playoffs
0042400114,1610612738,Boston,Celtics,BOS,celtics,1630214,Xavier,Tillman,X. Tillman,xavier-tillman,,DNP - Coach's Decision,,,0.0,0.0,0.0,0.0,0.0,0.0,0.0,0.0,0.0,0.0,0.0,0.0,0.0,0.0,0.0,0.0,0.0,0.0,0.0,0.0,0.0,0.0,2024-25,Playoffs
0042400114,1610612738,Boston,Celtics,BOS,celtics,1641775,Jordan,Walsh,J. Walsh,jordan-walsh,,DNP - Coach's Decision,,,0.0,0.0,0.0,0.0,0.0,0.0,0.0,0.0,0.0,0.0,0.0,0.0,0.0,0.0,0.0,0.0,0.0,0.0,0.0,0.0,0.0,0.0,2024-25,Playoffs
0042400114,1610612753,Orlando,Magic,ORL,magic,1630532,Franz,Wagner,F. Wagner,franz-wagner,F,,,39:50,106.5,106.5,102.6,102.6,3.9,3.9,0.318,3.5,21.9,0.0,0.162,0.074,6.3,0.5,0.515,0.281,0.281,92.79,92.79,77.32,77.0,0.151,2024-25,Playoffs
0042400114,1610612753,Orlando,Magic,ORL,magic,1631094,Paolo,Banchero,P. Banchero,paolo-banchero,F,,,40:15,106.3,106.3,116.5,116.5,-10.1,-10.1,0.15,0.75,7.0,0.065,0.105,0.083,9.3,0.406,0.431,0.444,0.444,94.21,94.21,78.51,79.0,0.046,2024-25,Playoffs
0042400114,1610612753,Orlando,Magic,ORL,magic,1628976,Wendell,Carter Jr.,W. Carter Jr.,wendell-carter-jr,C,,,35:50,105.6,105.6,118.6,118.6,-12.9,-12.9,0.115,1.5,21.4,0.073,0.242,0.149,14.3,0.5,0.507,0.138,0.138,94.44,94.44,78.7,71.0,0.087,2024-25,Playoffs
0042400114,1610612753,Orlando,Magic,ORL,magic,203484,Kentavious,Caldwell-Pope,K. Caldwell-Pope,kentavious-caldwell-pope,G,,,31:58,112.5,112.5,106.3,106.3,6.3,6.3,0.148,0.0,50.0,0.0,0.063,0.029,0.0,0.75,0.82,0.055,0.055,96.1,96.1,80.08,64.0,0.098,2024-25,Playoffs
0042400114,1610612753,Orlando,Magic,ORL,magic,202709,Cory,Joseph,C. Joseph,cory-joseph,G,,,27:24,113.0,113.0,100.0,100.0,13.0,13.0,0.316,0.0,42.9,0.0,0.103,0.048,0.0,0.75,0.75,0.127,0.127,94.6,94.6,78.83,54.0,0.153,2024-25,Playoffs
0042400114,1610612753,Orlando,Magic,ORL,magic,1631216,Caleb,Houstan,C. Houstan,caleb-houstan,,,,13:13,96.3,96.3,144.0,144.0,-47.7,-47.7,0.0,0.0,0.0,0.0,0.091,0.042,0.0,0.0,0.0,0.133,0.133,94.43,94.43,78.69,27.0,-0.054,2024-25,Playoffs
0042400114,1610612753,Orlando,Magic,ORL,magic,203914,Gary,Harris,G. Harris,gary-harris,,,,18:21,86.5,86.5,125.0,125.0,-38.5,-38.5,0.0,0.0,0.0,0.0,0.071,0.032,0.0,0.0,0.0,0.024,0.024,95.48,95.48,79.56,37.0,-0.069,2024-25,Playoffs
0042400114,1610612753,Orlando,Magic,ORL,magic,1641710,Anthony,Black,A. Black,anthony-black,,,,18:17,88.6,88.6,138.2,138.2,-49.7,-49.7,0.0,0.0,0.0,0.0,0.308,0.133,11.1,0.571,0.635,0.231,0.231,90.57,90.57,75.48,35.0,0.161,2024-25,Playoffs
0042400114,1610612753,Orlando,Magic,ORL,magic,1628371,Jonathan,Isaac,J. Isaac,jonathan-isaac,,,,12:41,96.2,96.2,108.3,108.3,-12.2,-12.2,0.0,0.0,0.0,0.091,0.182,0.136,0.0,0.5,0.694,0.1,0.1,94.61,94.61,78.84,26.0,0.143,2024-25,Playoffs
0042400114,1610612753,Orlando,Magic,ORL,magic,1630175,Cole,Anthony,C. Anthony,cole-anthony,,,,2:11,50.0,50.0,100.0,100.0,-50.0,-50.0,0.0,0.0,0.0,0.0,0.0,0.0,100.0,0.0,0.0,0.25,0.25,98.93,98.93,82.44,4.0,-0.857,2024-25,Playoffs
0042400114,1610612753,Orlando,Magic,ORL,magic,1629048,Goga,Bitadze,G. Bitadze,goga-bitadze,,DNP - Coach's Decision,,,0.0,0.0,0.0,0.0,0.0,0.0,0.0,0.0,0.0,0.0,0.0,0.0,0.0,0.0,0.0,0.0,0.0,0.0,0.0,0.0,0.0,0.0,2024-25,Playoffs
0042400114,1610612753,Orlando,Magic,ORL,magic,1641724,Jett,Howard,J. Howard,jett-howard,,DNP - Coach's Decision,,,0.0,0.0,0.0,0.0,0.0,0.0,0.0,0.0,0.0,0.0,0.0,0.0,0.0,0.0,0.0,0.0,0.0,0.0,0.0,0.0,0.0,0.0,2024-25,Playoffs
0042400114,1610612753,Orlando,Magic,ORL,magic,1641783,Tristan,da Silva,T. da Silva,tristan-da-silva,,DNP - Coach's Decision,,,0.0,0.0,0.0,0.0,0.0,0.0,0.0,0.0,0.0,0.0,0.0,0.0,0.0,0.0,0.0,0.0,0.0,0.0,0.0,0.0,0.0,0.0,2024-25,Playoffs
0042400115,1610612753,Orlando,Magic,ORL,magic,1630532,Franz,Wagner,F. Wagner,franz-wagner,F,,,40:16,94.8,94.8,124.7,124.7,-29.9,-29.9,0.235,0.0,14.3,0.02,0.1,0.05,0.0,0.455,0.517,0.253,0.253,91.79,91.79,76.49,77.0,0.114,2024-25,Playoffs
0042400115,1610612753,Orlando,Magic,ORL,magic,1631094,Paolo,Banchero,P. Banchero,paolo-banchero,F,,,29:47,101.8,101.8,124.1,124.1,-22.4,-22.4,0.4,2.0,22.2,0.063,0.35,0.173,11.1,0.467,0.525,0.323,0.323,91.86,91.86,76.55,56.0,0.118,2024-25,Playoffs
0042400115,1610612753,Orlando,Magic,ORL,magic,1628976,Wendell,Carter Jr.,W. Carter Jr.,wendell-carter-jr,C,,,34:28,89.4,89.4,126.9,126.9,-37.5,-37.5,0.059,0.0,7.7,0.125,0.2,0.154,0.0,0.5,0.51,0.154,0.154,92.61,92.61,77.18,66.0,0.112,2024-25,Playoffs
0042400115,1610612753,Orlando,Magic,ORL,magic,203484,Kentavious,Caldwell-Pope,K. Caldwell-Pope,kentavious-caldwell-pope,G,,,29:46,86.2,86.2,115.3,115.3,-29.0,-29.0,0.067,1.0,9.1,0.0,0.13,0.051,9.1,0.444,0.444,0.145,0.145,94.33,94.33,78.61,58.0,0.064,2024-25,Playoffs
0042400115,1610612753,Orlando,Magic,ORL,magic,202709,Cory,Joseph,C. Joseph,cory-joseph,G,,,20:20,97.5,97.5,85.0,85.0,12.5,12.5,0.214,0.0,37.5,0.042,0.053,0.047,0.0,0.0,0.0,0.104,0.104,94.46,94.46,78.72,40.0,0.017,2024-25,Playoffs
0042400115,1610612753,Orlando,Magic,ORL,magic,1641710,Anthony,Black,A. Black,anthony-black,,,,20:33,107.3,107.3,146.3,146.3,-39.0,-39.0,0.0,0.0,0.0,0.174,0.286,0.216,0.0,0.35,0.368,0.234,0.234,95.77,95.77,79.81,41.0,0.057,2024-25,Playoffs
0042400115,1610612753,Orlando,Magic,ORL,magic,1628371,Jonathan,Isaac,J. Isaac,jonathan-isaac,,,,14:02,88.9,88.9,123.1,123.1,-34.2,-34.2,0.143,0.5,11.1,0.0,0.1,0.034,22.2,0.4,0.425,0.235,0.235,90.64,90.64,75.53,27.0,0.0,2024-25,Playoffs
0042400115,1610612753,Orlando,Magic,ORL,magic,203914,Gary,Harris,G. Harris,gary-harris,,,,15:08,100.0,100.0,164.3,164.3,-64.3,-64.3,0.1,0.0,50.0,0.056,0.0,0.04,0.0,1.5,1.5,0.028,0.028,88.86,88.86,74.05,28.0,0.061,2024-25,Playoffs
0042400115,1610612753,Orlando,Magic,ORL,magic,1630175,Cole,Anthony,C. Anthony,cole-anthony,,,,18:47,91.9,91.9,152.8,152.8,-60.9,-60.9,0.083,1.0,11.1,0.038,0.2,0.083,11.1,0.167,0.218,0.167,0.167,93.27,93.27,77.73,37.0,-0.038,2024-25,Playoffs
0042400115,1610612753,Orlando,Magic,ORL,magic,1629048,Goga,Bitadze,G. Bitadze,goga-bitadze,,,,2:23,50.0,50.0,225.0,225.0,-175.0,-175.0,0.0,0.0,0.0,0.0,0.0,0.0,0.0,0.0,0.0,0.0,0.0,80.56,80.56,67.13,4.0,-0.267,2024-25,Playoffs
0042400115,1610612753,Orlando,Magic,ORL,magic,1631216,Caleb,Houstan,C. Houstan,caleb-houstan,,,,6:53,86.7,86.7,164.3,164.3,-77.6,-77.6,0.0,0.0,0.0,0.0,0.0,0.0,33.3,0.0,0.0,0.167,0.167,101.11,101.11,84.26,15.0,-0.083,2024-25,Playoffs
0042400115,1610612753,Orlando,Magic,ORL,magic,1641724,Jett,Howard,J. Howard,jett-howard,,,,3:49,122.2,122.2,111.1,111.1,11.1,11.1,0.0,0.0,0.0,0.0,0.0,0.0,0.0,1.5,1.5,0.222,0.222,113.19,113.19,94.32,9.0,0.233,2024-25,Playoffs
0042400115,1610612753,Orlando,Magic,ORL,magic,1641783,Tristan,da Silva,T. da Silva,tristan-da-silva,,,,3:49,122.2,122.2,111.1,111.1,11.1,11.1,0.25,1.0,33.3,0.0,0.75,0.429,33.3,0.0,0.0,0.222,0.222,113.19,113.19,94.32,9.0,0.093,2024-25,Playoffs
0042400115,1610612738,Boston,Celtics,BOS,celtics,1628369,Jayson,Tatum,J. Tatum,jayson-tatum,F,,,34:24,129.4,129.4,79.4,79.4,50.0,50.0,0.476,5.0,30.3,0.0,0.182,0.119,6.1,0.75,0.84,0.324,0.324,94.88,94.88,79.07,68.0,0.373,2024-25,Playoffs
0042400115,1610612738,Boston,Celtics,BOS,celtics,201143,Al,Horford,A. Horford,al-horford,F,,,34:06,125.8,125.8,82.1,82.1,43.7,43.7,0.154,4.0,40.0,0.0,0.146,0.092,10.0,0.9,0.9,0.088,0.088,93.61,93.61,78.01,66.0,0.143,2024-25,Playoffs
0042400115,1610612738,Boston,Celtics,BOS,celtics,204001,Kristaps,Porziņģis,K. Porziņģis,kristaps-porziņģis,C,,,21:02,105.1,105.1,87.2,87.2,17.9,17.9,0.083,0.0,10.0,0.0,0.069,0.043,0.0,0.375,0.461,0.22,0.22,88.98,88.98,74.15,39.0,0.071,2024-25,Playoffs
0042400115,1610612738,Boston,Celtics,BOS,celtics,1627759,Jaylen,Brown,J. Brown,jaylen-brown,G,,,31:36,114.8,114.8,96.7,96.7,18.0,18.0,0.188,1.5,12.0,0.038,0.128,0.092,8.0,0.556,0.569,0.338,0.338,92.67,92.67,77.23,61.0,0.153,2024-25,Playoffs
0042400115,1610612738,Boston,Celtics,BOS,celtics,1628401,Derrick,White,D. White,derrick-white,G,,,30:57,112.1,112.1,98.3,98.3,13.8,13.8,0.217,5.0,41.7,0.0,0.108,0.063,8.3,0.333,0.388,0.115,0.115,89.95,89.95,74.96,58.0,0.071,2024-25,Playoffs
0042400115,1610612738,Boston,Celtics,BOS,celtics,1628436,Luke,Kornet,L. Kornet,luke-kornet,,,,23:00,146.7,146.7,97.7,97.7,48.9,48.9,0.1,2.0,28.6,0.0,0.16,0.108,14.3,1.0,1.042,0.106,0.106,92.86,92.86,77.39,45.0,0.129,2024-25,Playoffs
0042400115,1610612738,Boston,Celtics,BOS,celtics,1630573,Sam,Hauser,S. Hauser,sam-hauser,,,,20:16,156.8,156.8,110.8,110.8,45.9,45.9,0.0,0.0,0.0,0.0,0.087,0.063,20.0,1.25,1.25,0.128,0.128,87.63,87.63,73.03,37.0,0.106,2024-25,Playoffs
0042400115,1610612738,Boston,Celtics,BOS,celtics,1630202,Payton,Pritchard,P. Pritchard,payton-pritchard,,,,25:01,161.7,161.7,100.0,100.0,61.7,61.7,0.05,0.5,9.1,0.077,0.065,0.068,18.2,0.625,0.625,0.204,0.204,90.19,90.19,75.15,47.0,0.047,2024-25,Playoffs
0042400115,1610612738,Boston,Celtics,BOS,celtics,1628470,Torrey,Craig,T. Craig,torrey-craig,,,,4:22,130.0,130.0,110.0,110.0,20.0,20.0,0.0,0.0,0.0,0.0,0.0,0.0,50.0,1.5,1.5,0.182,0.182,109.92,109.92,91.6,10.0,0.078,2024-25,Playoffs
0042400115,1610612738,Boston,Celtics,BOS,celtics,1631120,JD,Davison,J. Davison,jd-davison,,,,3:49,111.1,111.1,122.2,122.2,-11.1,-11.1,0.5,0.0,40.0,0.25,0.333,0.286,0.0,0.0,0.0,0.3,0.3,113.19,113.19,94.32,9.0,0.023,2024-25,Playoffs
0042400115,1610612738,Boston,Celtics,BOS,celtics,1641775,Jordan,Walsh,J. Walsh,jordan-walsh,,,,3:49,111.1,111.1,122.2,122.2,-11.1,-11.1,0.25,0.0,100.0,0.0,0.0,0.0,0.0,0.0,0.0,0.0,0.0,113.19,113.19,94.32,9.0,0.047,2024-25,Playoffs
0042400115,1610612738,Boston,Celtics,BOS,celtics,1631248,Baylor,Scheierman,B. Scheierman,baylor-scheierman,,,,3:49,111.1,111.1,122.2,122.2,-11.1,-11.1,0.0,0.0,0.0,0.0,0.333,0.143,0.0,0.75,0.75,0.2,0.2,113.19,113.19,94.32,9.0,0.093,2024-25,Playoffs
0042400115,1610612738,Boston,Celtics,BOS,celtics,1629674,Neemias,Queta,N. Queta,neemias-queta,,,,3:49,111.1,111.1,122.2,122.2,-11.1,-11.1,0.5,0.0,33.3,0.0,0.0,0.0,0.0,1.0,1.0,0.2,0.2,113.19,113.19,94.32,9.0,0.233,2024-25,Playoffs
0042400115,1610612738,Boston,Celtics,BOS,celtics,1630214,Xavier,Tillman,X. Tillman,xavier-tillman,,DNP - Coach's Decision,,,0.0,0.0,0.0,0.0,0.0,0.0,0.0,0.0,0.0,0.0,0.0,0.0,0.0,0.0,0.0,0.0,0.0,0.0,0.0,0.0,0.0,0.0,2024-25,Playoffs
0042400121,1610612765,Detroit,Pistons,DET,pistons,202699,Tobias,Harris,T. Harris,tobias-harris,F,,,39:47,112.7,112.7,128.0,128.0,-15.4,-15.4,0.0,0.0,0.0,0.0,0.162,0.078,6.3,0.769,0.822,0.17,0.17,97.12,97.12,80.94,79.0,0.148,2024-25,Playoffs
0042400121,1610612765,Detroit,Pistons,DET,pistons,1641709,Ausar,Thompson,A. Thompson,ausar-thompson,F,,,22:51,119.6,119.6,112.2,112.2,7.3,7.3,0.063,0.33,7.7,0.0,0.286,0.14,23.1,0.5,0.536,0.222,0.222,99.8,99.8,83.17,46.0,0.043,2024-25,Playoffs
0042400121,1610612765,Detroit,Pistons,DET,pistons,1631105,Jalen,Duren,J. Duren,jalen-duren,C,,,24:44,97.9,97.9,137.5,137.5,-39.6,-39.6,0.214,3.0,33.3,0.167,0.053,0.122,11.1,0.75,0.717,0.102,0.102,92.17,92.17,76.81,47.0,0.09,2024-25,Playoffs
0042400121,1610612765,Detroit,Pistons,DET,pistons,1630595,Cade,Cunningham,C. Cunningham,cade-cunningham,G,,,39:06,107.4,107.4,114.8,114.8,-7.4,-7.4,0.5,2.0,29.3,0.027,0.132,0.08,14.6,0.405,0.453,0.309,0.309,99.45,99.45,82.88,81.0,0.103,2024-25,Playoffs
0042400121,1610612765,Detroit,Pistons,DET,pistons,203501,Tim,Hardaway Jr.,T. Hardaway Jr.,tim-hardaway-jr,G,,,27:38,119.3,119.3,126.8,126.8,-7.5,-7.5,0.053,0.5,5.9,0.04,0.038,0.039,11.8,0.654,0.663,0.242,0.242,98.15,98.15,81.79,57.0,0.105,2024-25,Playoffs
0042400121,1610612765,Detroit,Pistons,DET,pistons,1627736,Malik,Beasley,M. Beasley,malik-beasley,,,,34:56,110.8,110.8,121.3,121.3,-10.5,-10.5,0.087,1.0,10.0,0.029,0.088,0.058,10.0,0.625,0.625,0.209,0.209,102.35,102.35,85.29,74.0,0.103,2024-25,Playoffs
0042400121,1610612765,Detroit,Pistons,DET,pistons,1630191,Isaiah,Stewart,I. Stewart,isaiah-stewart,,,,18:52,135.0,135.0,107.0,107.0,28.0,28.0,0.05,0.0,33.3,0.067,0.182,0.135,0.0,0.5,0.5,0.044,0.044,105.56,105.56,87.97,40.0,0.029,2024-25,Playoffs
0042400121,1610612765,Detroit,Pistons,DET,pistons,203471,Dennis,Schröder,D. Schröder,dennis-schröder,,,,25:58,113.6,113.6,115.0,115.0,-1.4,-1.4,0.143,1.5,21.4,0.0,0.0,0.0,14.3,0.438,0.45,0.164,0.164,109.99,109.99,91.66,59.0,0.032,2024-25,Playoffs
0042400121,1610612765,Detroit,Pistons,DET,pistons,1641842,Ronald,Holland II,R. Holland II,ronald-holland-ii,,,,6:08,100.0,100.0,158.3,158.3,-58.3,-58.3,0.0,0.0,0.0,0.25,0.0,0.182,66.7,0.0,0.0,0.2,0.2,93.91,93.91,78.26,12.0,-0.063,2024-25,Playoffs
0042400121,1610612765,Detroit,Pistons,DET,pistons,1631323,Simone,Fontecchio,S. Fontecchio,simone-fontecchio,,DNP - Coach's Decision,,,0.0,0.0,0.0,0.0,0.0,0.0,0.0,0.0,0.0,0.0,0.0,0.0,0.0,0.0,0.0,0.0,0.0,0.0,0.0,0.0,0.0,0.0,2024-25,Playoffs
0042400121,1610612765,Detroit,Pistons,DET,pistons,1641752,Bobi,Klintman,B. Klintman,bobi-klintman,,DNP - Coach's Decision,,,0.0,0.0,0.0,0.0,0.0,0.0,0.0,0.0,0.0,0.0,0.0,0.0,0.0,0.0,0.0,0.0,0.0,0.0,0.0,0.0,0.0,0.0,2024-25,Playoffs
0042400121,1610612765,Detroit,Pistons,DET,pistons,1630194,Paul,Reed,P. Reed,paul-reed,,DNP - Coach's Decision,,,0.0,0.0,0.0,0.0,0.0,0.0,0.0,0.0,0.0,0.0,0.0,0.0,0.0,0.0,0.0,0.0,0.0,0.0,0.0,0.0,0.0,0.0,2024-25,Playoffs
0042400121,1610612765,Detroit,Pistons,DET,pistons,1631204,Marcus,Sasser,M. Sasser,marcus-sasser,,DNP - Coach's Decision,,,0.0,0.0,0.0,0.0,0.0,0.0,0.0,0.0,0.0,0.0,0.0,0.0,0.0,0.0,0.0,0.0,0.0,0.0,0.0,0.0,0.0,0.0,2024-25,Playoffs
0042400121,1610612765,Detroit,Pistons,DET,pistons,1630322,Lindy,Waters III,L. Waters III,lindy-waters-iii,,DNP - Coach's Decision,,,0.0,0.0,0.0,0.0,0.0,0.0,0.0,0.0,0.0,0.0,0.0,0.0,0.0,0.0,0.0,0.0,0.0,0.0,0.0,0.0,0.0,0.0,2024-25,Playoffs
0042400121,1610612752,New York,Knicks,NYK,knicks,1628384,OG,Anunoby,O. Anunoby,og-anunoby,F,,,44:07,119.6,119.6,109.9,109.9,9.7,9.7,0.0,0.0,0.0,0.071,0.091,0.081,9.1,0.528,0.582,0.214,0.214,99.57,99.57,82.98,92.0,0.107,2024-25,Playoffs
0042400121,1610612752,New York,Knicks,NYK,knicks,1628404,Josh,Hart,J. Hart,josh-hart,F,,,29:33,136.7,136.7,103.3,103.3,33.3,33.3,0.214,3.0,33.3,0.087,0.167,0.132,11.1,0.65,0.65,0.185,0.185,97.46,97.46,81.22,60.0,0.132,2024-25,Playoffs
0042400121,1610612752,New York,Knicks,NYK,knicks,1626157,Karl-Anthony,Towns,K. Towns,karl-anthony-towns,C,,,39:12,132.1,132.1,109.0,109.0,23.1,23.1,0.147,0.0,26.3,0.0,0.282,0.155,0.0,0.75,0.773,0.157,0.157,97.37,97.37,81.14,81.0,0.211,2024-25,Playoffs
0042400121,1610612752,New York,Knicks,NYK,knicks,1628969,Mikal,Bridges,M. Bridges,mikal-bridges,G,,,28:44,103.3,103.3,133.9,133.9,-30.6,-30.6,0.095,0.0,18.2,0.0,0.083,0.037,0.0,0.444,0.444,0.129,0.129,100.24,100.24,83.54,61.0,0.042,2024-25,Playoffs
0042400121,1610612752,New York,Knicks,NYK,knicks,1628973,Jalen,Brunson,J. Brunson,jalen-brunson,G,,,40:28,119.0,119.0,119.5,119.5,-0.5,-0.5,0.286,8.0,20.0,0.0,0.053,0.025,2.5,0.481,0.541,0.333,0.333,98.45,98.45,82.04,84.0,0.134,2024-25,Playoffs
0042400121,1610612752,New York,Knicks,NYK,knicks,1629013,Landry,Shamet,L. Shamet,landry-shamet,,,,10:13,108.7,108.7,134.8,134.8,-26.1,-26.1,0.0,0.0,0.0,0.0,0.0,0.0,33.3,0.5,0.5,0.115,0.115,108.06,108.06,90.05,23.0,0.0,2024-25,Playoffs
0042400121,1610612752,New York,Knicks,NYK,knicks,1629011,Mitchell,Robinson,M. Robinson,mitchell-robinson,,,,17:53,94.7,94.7,115.4,115.4,-20.6,-20.6,0.0,0.0,0.0,0.136,0.188,0.158,0.0,1.0,1.0,0.067,0.067,103.37,103.37,86.14,38.0,0.195,2024-25,Playoffs
0042400121,1610612752,New York,Knicks,NYK,knicks,1630540,Miles,McBride,M. McBride,miles-mcbride,,,,15:12,131.4,131.4,115.6,115.6,15.8,15.8,0.25,2.0,44.4,0.0,0.067,0.037,22.2,0.0,0.0,0.132,0.132,105.85,105.85,88.21,35.0,-0.014,2024-25,Playoffs
0042400121,1610612752,New York,Knicks,NYK,knicks,1626166,Cameron,Payne,C. Payne,cameron-payne,,,,14:40,148.4,148.4,74.2,74.2,74.2,74.2,0.071,1.0,11.1,0.0,0.0,0.0,11.1,0.929,0.941,0.242,0.242,101.45,101.45,84.55,31.0,0.155,2024-25,Playoffs
0042400121,1610612752,New York,Knicks,NYK,knicks,1630173,Precious,Achiuwa,P. Achiuwa,precious-achiuwa,,DNP - Coach's Decision,,,0.0,0.0,0.0,0.0,0.0,0.0,0.0,0.0,0.0,0.0,0.0,0.0,0.0,0.0,0.0,0.0,0.0,0.0,0.0,0.0,0.0,0.0,2024-25,Playoffs
0042400121,1610612752,New York,Knicks,NYK,knicks,1642359,Pacôme,Dadiet,P. Dadiet,pacôme-dadiet,,DNP - Coach's Decision,,,0.0,0.0,0.0,0.0,0.0,0.0,0.0,0.0,0.0,0.0,0.0,0.0,0.0,0.0,0.0,0.0,0.0,0.0,0.0,0.0,0.0,0.0,2024-25,Playoffs
0042400121,1610612752,New York,Knicks,NYK,knicks,1630574,Ariel,Hukporti,A. Hukporti,ariel-hukporti,,DNP - Coach's Decision,,,0.0,0.0,0.0,0.0,0.0,0.0,0.0,0.0,0.0,0.0,0.0,0.0,0.0,0.0,0.0,0.0,0.0,0.0,0.0,0.0,0.0,0.0,2024-25,Playoffs
0042400121,1610612752,New York,Knicks,NYK,knicks,1642278,Tyler,Kolek,T. Kolek,tyler-kolek,,DNP - Coach's Decision,,,0.0,0.0,0.0,0.0,0.0,0.0,0.0,0.0,0.0,0.0,0.0,0.0,0.0,0.0,0.0,0.0,0.0,0.0,0.0,0.0,0.0,0.0,2024-25,Playoffs
0042400121,1610612752,New York,Knicks,NYK,knicks,200782,P.J.,Tucker,P. Tucker,pj-tucker,,DNP - Coach's Decision,,,0.0,0.0,0.0,0.0,0.0,0.0,0.0,0.0,0.0,0.0,0.0,0.0,0.0,0.0,0.0,0.0,0.0,0.0,0.0,0.0,0.0,0.0,2024-25,Playoffs
0042400121,1610612752,New York,Knicks,NYK,knicks,1626153,Delon,Wright,D. Wright,delon-wright,,DNP - Coach's Decision,,,0.0,0.0,0.0,0.0,0.0,0.0,0.0,0.0,0.0,0.0,0.0,0.0,0.0,0.0,0.0,0.0,0.0,0.0,0.0,0.0,0.0,0.0,2024-25,Playoffs
0042400122,1610612765,Detroit,Pistons,DET,pistons,202699,Tobias,Harris,T. Harris,tobias-harris,F,,,43:05,105.7,105.7,95.5,95.5,10.3,10.3,0.042,1.0,7.1,0.075,0.222,0.153,7.1,0.591,0.631,0.131,0.131,97.49,97.49,81.24,87.0,0.16,2024-25,Playoffs
0042400122,1610612765,Detroit,Pistons,DET,pistons,1641709,Ausar,Thompson,A. Thompson,ausar-thompson,F,,,20:39,100.0,100.0,81.4,81.4,18.6,18.6,0.0,0.0,0.0,0.136,0.105,0.122,20.0,0.286,0.285,0.213,0.213,94.13,94.13,78.44,38.0,-0.124,2024-25,Playoffs
0042400122,1610612765,Detroit,Pistons,DET,pistons,1631105,Jalen,Duren,J. Duren,jalen-duren,C,,,36:51,97.2,97.2,104.0,104.0,-6.8,-6.8,0.105,1.0,18.2,0.108,0.25,0.178,18.2,0.75,0.904,0.11,0.11,95.75,95.75,79.79,72.0,0.195,2024-25,Playoffs
0042400122,1610612765,Detroit,Pistons,DET,pistons,1630595,Cade,Cunningham,C. Cunningham,cade-cunningham,G,,,42:24,101.1,101.1,94.3,94.3,6.8,6.8,0.176,0.6,8.6,0.026,0.275,0.152,14.3,0.548,0.628,0.323,0.323,99.06,99.06,82.55,87.0,0.244,2024-25,Playoffs
0042400122,1610612765,Detroit,Pistons,DET,pistons,203501,Tim,Hardaway Jr.,T. Hardaway Jr.,tim-hardaway-jr,G,,,21:12,102.6,102.6,105.0,105.0,-2.4,-2.4,0.071,1.0,10.0,0.0,0.059,0.025,10.0,0.0,0.0,0.188,0.188,89.46,89.46,74.55,39.0,-0.153,2024-25,Playoffs
0042400122,1610612765,Detroit,Pistons,DET,pistons,203471,Dennis,Schröder,D. Schröder,dennis-schröder,,,,29:15,106.7,106.7,101.6,101.6,5.0,5.0,0.214,1.5,16.7,0.0,0.065,0.038,11.1,0.75,0.791,0.234,0.234,99.26,99.26,82.72,60.0,0.174,2024-25,Playoffs
0042400122,1610612765,Detroit,Pistons,DET,pistons,1630194,Paul,Reed,P. Reed,paul-reed,,,,11:06,116.0,116.0,64.0,64.0,52.0,52.0,0.0,0.0,0.0,0.167,0.0,0.056,33.3,0.75,0.75,0.222,0.222,108.11,108.11,90.09,25.0,0.105,2024-25,Playoffs
0042400122,1610612765,Detroit,Pistons,DET,pistons,1627736,Malik,Beasley,M. Beasley,malik-beasley,,,,30:00,106.3,106.3,93.8,93.8,12.6,12.6,0.05,0.0,8.3,0.0,0.031,0.019,0.0,0.278,0.418,0.164,0.164,101.59,101.59,84.66,63.0,0.022,2024-25,Playoffs
0042400122,1610612765,Detroit,Pistons,DET,pistons,1641842,Ronald,Holland II,R. Holland II,ronald-holland-ii,,,,5:28,120.0,120.0,90.9,90.9,29.1,29.1,0.0,0.0,0.0,0.0,0.0,0.0,0.0,0.0,0.0,0.0,0.0,92.14,92.14,76.78,10.0,-0.087,2024-25,Playoffs
0042400122,1610612765,Detroit,Pistons,DET,pistons,1631323,Simone,Fontecchio,S. Fontecchio,simone-fontecchio,,DNP - Coach's Decision,,,0.0,0.0,0.0,0.0,0.0,0.0,0.0,0.0,0.0,0.0,0.0,0.0,0.0,0.0,0.0,0.0,0.0,0.0,0.0,0.0,0.0,0.0,2024-25,Playoffs
0042400122,1610612765,Detroit,Pistons,DET,pistons,1641752,Bobi,Klintman,B. Klintman,bobi-klintman,,DNP - Coach's Decision,,,0.0,0.0,0.0,0.0,0.0,0.0,0.0,0.0,0.0,0.0,0.0,0.0,0.0,0.0,0.0,0.0,0.0,0.0,0.0,0.0,0.0,0.0,2024-25,Playoffs
0042400122,1610612765,Detroit,Pistons,DET,pistons,1631204,Marcus,Sasser,M. Sasser,marcus-sasser,,DNP - Coach's Decision,,,0.0,0.0,0.0,0.0,0.0,0.0,0.0,0.0,0.0,0.0,0.0,0.0,0.0,0.0,0.0,0.0,0.0,0.0,0.0,0.0,0.0,0.0,2024-25,Playoffs
0042400122,1610612765,Detroit,Pistons,DET,pistons,1630191,Isaiah,Stewart,I. Stewart,isaiah-stewart,,DND - Injury/Illness,,,0.0,0.0,0.0,0.0,0.0,0.0,0.0,0.0,0.0,0.0,0.0,0.0,0.0,0.0,0.0,0.0,0.0,0.0,0.0,0.0,0.0,0.0,2024-25,Playoffs
0042400122,1610612765,Detroit,Pistons,DET,pistons,1630322,Lindy,Waters III,L. Waters III,lindy-waters-iii,,DNP - Coach's Decision,,,0.0,0.0,0.0,0.0,0.0,0.0,0.0,0.0,0.0,0.0,0.0,0.0,0.0,0.0,0.0,0.0,0.0,0.0,0.0,0.0,0.0,0.0,2024-25,Playoffs
0042400122,1610612752,New York,Knicks,NYK,knicks,1628384,OG,Anunoby,O. Anunoby,og-anunoby,F,,,42:26,93.3,93.3,101.1,101.1,-7.9,-7.9,0.077,1.0,13.3,0.0,0.128,0.063,13.3,0.4,0.46,0.137,0.137,99.56,99.56,82.96,89.0,0.066,2024-25,Playoffs
0042400122,1610612752,New York,Knicks,NYK,knicks,1628404,Josh,Hart,J. Hart,josh-hart,F,,,40:05,93.9,93.9,100.0,100.0,-6.1,-6.1,0.192,5.0,33.3,0.026,0.162,0.092,6.7,0.417,0.579,0.114,0.114,98.2,98.2,81.84,82.0,0.109,2024-25,Playoffs
0042400122,1610612752,New York,Knicks,NYK,knicks,1626157,Karl-Anthony,Towns,K. Towns,karl-anthony-towns,C,,,33:27,94.1,94.1,112.1,112.1,-18.0,-18.0,0.0,0.0,0.0,0.0,0.194,0.087,0.0,0.455,0.455,0.141,0.141,96.15,96.15,80.12,68.0,0.068,2024-25,Playoffs
0042400122,1610612752,New York,Knicks,NYK,knicks,1628969,Mikal,Bridges,M. Bridges,mikal-bridges,G,,,38:05,96.2,96.2,96.2,96.2,0.0,0.0,0.0,0.0,0.0,0.028,0.114,0.07,5.3,0.528,0.528,0.226,0.226,98.94,98.94,82.45,79.0,0.128,2024-25,Playoffs
0042400122,1610612752,New York,Knicks,NYK,knicks,1628973,Jalen,Brunson,J. Brunson,jalen-brunson,G,,,43:39,100.0,100.0,103.4,103.4,-3.4,-3.4,0.35,1.17,15.6,0.023,0.054,0.037,13.3,0.519,0.581,0.392,0.392,96.23,96.23,80.19,88.0,0.154,2024-25,Playoffs
0042400122,1610612752,New York,Knicks,NYK,knicks,1629011,Mitchell,Robinson,M. Robinson,mitchell-robinson,,,,20:07,102.5,102.5,97.4,97.4,5.1,5.1,0.067,1.0,25.0,0.222,0.188,0.206,25.0,0.0,0.0,0.065,0.065,94.22,94.22,78.52,40.0,0.035,2024-25,Playoffs
0042400122,1610612752,New York,Knicks,NYK,knicks,1630540,Miles,McBride,M. McBride,miles-mcbride,,,,13:19,103.8,103.8,128.0,128.0,-24.2,-24.2,0.0,0.0,0.0,0.0,0.1,0.042,12.5,0.571,0.571,0.25,0.25,91.87,91.87,76.56,26.0,0.101,2024-25,Playoffs
0042400122,1610612752,New York,Knicks,NYK,knicks,1626166,Cameron,Payne,C. Payne,cameron-payne,,,,4:02,44.4,44.4,112.5,112.5,-68.1,-68.1,0.0,0.0,0.0,0.0,0.0,0.0,100.0,0.0,0.0,0.091,0.091,101.16,101.16,84.3,9.0,-1.0,2024-25,Playoffs
0042400122,1610612752,New York,Knicks,NYK,knicks,1629013,Landry,Shamet,L. Shamet,landry-shamet,,,,4:50,111.1,111.1,133.3,133.3,-22.2,-22.2,0.0,0.0,0.0,0.0,0.0,0.0,100.0,0.0,0.0,0.071,0.071,89.38,89.38,74.48,9.0,-0.069,2024-25,Playoffs
0042400122,1610612752,New York,Knicks,NYK,knicks,1630173,Precious,Achiuwa,P. Achiuwa,precious-achiuwa,,DNP - Coach's Decision,,,0.0,0.0,0.0,0.0,0.0,0.0,0.0,0.0,0.0,0.0,0.0,0.0,0.0,0.0,0.0,0.0,0.0,0.0,0.0,0.0,0.0,0.0,2024-25,Playoffs
0042400122,1610612752,New York,Knicks,NYK,knicks,1642359,Pacôme,Dadiet,P. Dadiet,pacôme-dadiet,,DNP - Coach's Decision,,,0.0,0.0,0.0,0.0,0.0,0.0,0.0,0.0,0.0,0.0,0.0,0.0,0.0,0.0,0.0,0.0,0.0,0.0,0.0,0.0,0.0,0.0,2024-25,Playoffs
0042400122,1610612752,New York,Knicks,NYK,knicks,1630574,Ariel,Hukporti,A. Hukporti,ariel-hukporti,,DNP - Coach's Decision,,,0.0,0.0,0.0,0.0,0.0,0.0,0.0,0.0,0.0,0.0,0.0,0.0,0.0,0.0,0.0,0.0,0.0,0.0,0.0,0.0,0.0,0.0,2024-25,Playoffs
0042400122,1610612752,New York,Knicks,NYK,knicks,1642278,Tyler,Kolek,T. Kolek,tyler-kolek,,DNP - Coach's Decision,,,0.0,0.0,0.0,0.0,0.0,0.0,0.0,0.0,0.0,0.0,0.0,0.0,0.0,0.0,0.0,0.0,0.0,0.0,0.0,0.0,0.0,0.0,2024-25,Playoffs
0042400122,1610612752,New York,Knicks,NYK,knicks,200782,P.J.,Tucker,P. Tucker,pj-tucker,,DNP - Coach's Decision,,,0.0,0.0,0.0,0.0,0.0,0.0,0.0,0.0,0.0,0.0,0.0,0.0,0.0,0.0,0.0,0.0,0.0,0.0,0.0,0.0,0.0,0.0,2024-25,Playoffs
0042400122,1610612752,New York,Knicks,NYK,knicks,1626153,Delon,Wright,D. Wright,delon-wright,,DNP - Coach's Decision,,,0.0,0.0,0.0,0.0,0.0,0.0,0.0,0.0,0.0,0.0,0.0,0.0,0.0,0.0,0.0,0.0,0.0,0.0,0.0,0.0,0.0,0.0,2024-25,Playoffs
0042400123,1610612752,New York,Knicks,NYK,knicks,1628404,Josh,Hart,J. Hart,josh-hart,F,,,40:46,128.2,128.2,122.4,122.4,5.9,5.9,0.265,9.0,52.9,0.095,0.163,0.129,5.9,0.429,0.429,0.082,0.082,100.09,100.09,83.4,85.0,0.103,2024-25,Playoffs
0042400123,1610612752,New York,Knicks,NYK,knicks,1628384,OG,Anunoby,O. Anunoby,og-anunoby,F,,,42:49,120.0,120.0,117.8,117.8,2.2,2.2,0.0,0.0,0.0,0.023,0.023,0.023,9.1,0.5,0.56,0.216,0.216,100.9,100.9,84.08,90.0,0.054,2024-25,Playoffs
0042400123,1610612752,New York,Knicks,NYK,knicks,1626157,Karl-Anthony,Towns,K. Towns,karl-anthony-towns,C,,,41:13,122.6,122.6,117.3,117.3,5.3,5.3,0.04,0.5,4.2,0.0,0.216,0.11,8.3,0.667,0.735,0.25,0.25,96.08,96.08,80.06,84.0,0.16,2024-25,Playoffs
0042400123,1610612752,New York,Knicks,NYK,knicks,1628969,Mikal,Bridges,M. Bridges,mikal-bridges,G,,,38:49,118.3,118.3,124.7,124.7,-6.4,-6.4,0.115,1.0,15.0,0.028,0.167,0.097,15.0,0.654,0.698,0.187,0.187,100.77,100.77,83.98,82.0,0.126,2024-25,Playoffs
0042400123,1610612752,New York,Knicks,NYK,knicks,1628973,Jalen,Brunson,J. Brunson,jalen-brunson,G,,,38:42,129.6,129.6,119.8,119.8,9.9,9.9,0.333,9.0,25.0,0.0,0.175,0.089,2.8,0.475,0.583,0.297,0.297,100.47,100.47,83.72,81.0,0.163,2024-25,Playoffs
0042400123,1610612752,New York,Knicks,NYK,knicks,1630540,Miles,McBride,M. McBride,miles-mcbride,,,,9:16,121.1,121.1,78.9,78.9,42.1,42.1,0.0,0.0,0.0,0.0,0.077,0.036,0.0,0.375,0.375,0.154,0.154,98.51,98.51,82.09,19.0,-0.051,2024-25,Playoffs
0042400123,1610612752,New York,Knicks,NYK,knicks,1629011,Mitchell,Robinson,M. Robinson,mitchell-robinson,,,,15:37,84.8,84.8,97.2,97.2,-12.4,-12.4,0.0,0.0,0.0,0.13,0.056,0.098,0.0,0.333,0.333,0.071,0.071,106.03,106.03,88.36,33.0,0.014,2024-25,Playoffs
0042400123,1610612752,New York,Knicks,NYK,knicks,1626166,Cameron,Payne,C. Payne,cameron-payne,,,,9:13,61.1,61.1,105.6,105.6,-44.4,-44.4,0.0,0.0,0.0,0.0,0.0,0.0,0.0,0.5,0.5,0.2,0.2,93.69,93.69,78.08,18.0,0.065,2024-25,Playoffs
0042400123,1610612752,New York,Knicks,NYK,knicks,1629013,Landry,Shamet,L. Shamet,landry-shamet,,,,3:35,100.0,100.0,160.0,160.0,-60.0,-60.0,0.0,0.0,0.0,0.0,0.0,0.0,0.0,0.0,0.0,0.0,0.0,73.67,73.67,61.4,6.0,0.0,2024-25,Playoffs
0042400123,1610612752,New York,Knicks,NYK,knicks,1630173,Precious,Achiuwa,P. Achiuwa,precious-achiuwa,,DNP - Coach's Decision,,,0.0,0.0,0.0,0.0,0.0,0.0,0.0,0.0,0.0,0.0,0.0,0.0,0.0,0.0,0.0,0.0,0.0,0.0,0.0,0.0,0.0,0.0,2024-25,Playoffs
0042400123,1610612752,New York,Knicks,NYK,knicks,1642359,Pacôme,Dadiet,P. Dadiet,pacôme-dadiet,,DNP - Coach's Decision,,,0.0,0.0,0.0,0.0,0.0,0.0,0.0,0.0,0.0,0.0,0.0,0.0,0.0,0.0,0.0,0.0,0.0,0.0,0.0,0.0,0.0,0.0,2024-25,Playoffs
0042400123,1610612752,New York,Knicks,NYK,knicks,1630574,Ariel,Hukporti,A. Hukporti,ariel-hukporti,,DNP - Coach's Decision,,,0.0,0.0,0.0,0.0,0.0,0.0,0.0,0.0,0.0,0.0,0.0,0.0,0.0,0.0,0.0,0.0,0.0,0.0,0.0,0.0,0.0,0.0,2024-25,Playoffs
0042400123,1610612752,New York,Knicks,NYK,knicks,1642278,Tyler,Kolek,T. Kolek,tyler-kolek,,DNP - Coach's Decision,,,0.0,0.0,0.0,0.0,0.0,0.0,0.0,0.0,0.0,0.0,0.0,0.0,0.0,0.0,0.0,0.0,0.0,0.0,0.0,0.0,0.0,0.0,2024-25,Playoffs
0042400123,1610612752,New York,Knicks,NYK,knicks,200782,P.J.,Tucker,P. Tucker,pj-tucker,,DNP - Coach's Decision,,,0.0,0.0,0.0,0.0,0.0,0.0,0.0,0.0,0.0,0.0,0.0,0.0,0.0,0.0,0.0,0.0,0.0,0.0,0.0,0.0,0.0,0.0,2024-25,Playoffs
0042400123,1610612752,New York,Knicks,NYK,knicks,1626153,Delon,Wright,D. Wright,delon-wright,,DNP - Coach's Decision,,,0.0,0.0,0.0,0.0,0.0,0.0,0.0,0.0,0.0,0.0,0.0,0.0,0.0,0.0,0.0,0.0,0.0,0.0,0.0,0.0,0.0,0.0,2024-25,Playoffs
0042400123,1610612765,Detroit,Pistons,DET,pistons,1641709,Ausar,Thompson,A. Thompson,ausar-thompson,F,,,17:60,115.4,115.4,130.0,130.0,-14.6,-14.6,0.286,2.0,36.4,0.063,0.118,0.091,18.2,0.667,0.673,0.159,0.159,105.37,105.37,87.81,39.0,0.061,2024-25,Playoffs
0042400123,1610612765,Detroit,Pistons,DET,pistons,202699,Tobias,Harris,T. Harris,tobias-harris,F,,,31:34,130.6,130.6,112.7,112.7,17.9,17.9,0.0,0.0,0.0,0.03,0.161,0.094,10.0,0.278,0.278,0.137,0.137,95.05,95.05,79.21,62.0,-0.012,2024-25,Playoffs
0042400123,1610612765,Detroit,Pistons,DET,pistons,1631105,Jalen,Duren,J. Duren,jalen-duren,C,,,32:21,125.0,125.0,120.6,120.6,4.4,4.4,0.13,3.0,20.0,0.094,0.185,0.136,6.7,0.7,0.735,0.156,0.156,100.89,100.89,84.07,68.0,0.111,2024-25,Playoffs
0042400123,1610612765,Detroit,Pistons,DET,pistons,203501,Tim,Hardaway Jr.,T. Hardaway Jr.,tim-hardaway-jr,G,,,35:55,128.4,128.4,133.3,133.3,-5.0,-5.0,0.037,0.5,6.3,0.0,0.067,0.03,12.5,0.808,0.838,0.174,0.174,97.56,97.56,81.3,74.0,0.085,2024-25,Playoffs
0042400123,1610612765,Detroit,Pistons,DET,pistons,1630595,Cade,Cunningham,C. Cunningham,cade-cunningham,G,,,42:27,115.6,115.6,121.3,121.3,-5.8,-5.8,0.44,1.83,25.6,0.045,0.114,0.08,14.0,0.44,0.456,0.308,0.308,101.2,101.2,84.33,90.0,0.11,2024-25,Playoffs
0042400123,1610612765,Detroit,Pistons,DET,pistons,1627736,Malik,Beasley,M. Beasley,malik-beasley,,,,22:38,92.3,92.3,124.5,124.5,-32.2,-32.2,0.1,0.0,6.3,0.0,0.08,0.04,0.0,0.357,0.403,0.259,0.259,107.07,107.07,89.22,52.0,0.026,2024-25,Playoffs
0042400123,1610612765,Detroit,Pistons,DET,pistons,203471,Dennis,Schröder,D. Schröder,dennis-schröder,,,,29:49,110.3,110.3,110.3,110.3,0.0,0.0,0.133,0.0,16.7,0.034,0.125,0.082,0.0,0.889,0.911,0.149,0.149,93.4,93.4,77.83,58.0,0.192,2024-25,Playoffs
0042400123,1610612765,Detroit,Pistons,DET,pistons,1630194,Paul,Reed,P. Reed,paul-reed,,,,15:39,96.9,96.9,112.5,112.5,-15.6,-15.6,0.0,0.0,0.0,0.188,0.217,0.205,25.0,1.0,0.725,0.105,0.105,98.19,98.19,81.82,32.0,0.162,2024-25,Playoffs
0042400123,1610612765,Detroit,Pistons,DET,pistons,1641842,Ronald,Holland II,R. Holland II,ronald-holland-ii,,,,11:38,112.5,112.5,76.9,76.9,35.6,35.6,0.0,0.0,0.0,0.0,0.125,0.08,16.7,0.0,0.647,0.222,0.222,103.15,103.15,85.96,24.0,0.148,2024-25,Playoffs
0042400123,1610612765,Detroit,Pistons,DET,pistons,1631323,Simone,Fontecchio,S. Fontecchio,simone-fontecchio,,DNP - Coach's Decision,,,0.0,0.0,0.0,0.0,0.0,0.0,0.0,0.0,0.0,0.0,0.0,0.0,0.0,0.0,0.0,0.0,0.0,0.0,0.0,0.0,0.0,0.0,2024-25,Playoffs
0042400123,1610612765,Detroit,Pistons,DET,pistons,1641752,Bobi,Klintman,B. Klintman,bobi-klintman,,DNP - Coach's Decision,,,0.0,0.0,0.0,0.0,0.0,0.0,0.0,0.0,0.0,0.0,0.0,0.0,0.0,0.0,0.0,0.0,0.0,0.0,0.0,0.0,0.0,0.0,2024-25,Playoffs
0042400123,1610612765,Detroit,Pistons,DET,pistons,1631204,Marcus,Sasser,M. Sasser,marcus-sasser,,DNP - Coach's Decision,,,0.0,0.0,0.0,0.0,0.0,0.0,0.0,0.0,0.0,0.0,0.0,0.0,0.0,0.0,0.0,0.0,0.0,0.0,0.0,0.0,0.0,0.0,2024-25,Playoffs
0042400123,1610612765,Detroit,Pistons,DET,pistons,1630191,Isaiah,Stewart,I. Stewart,isaiah-stewart,,DNP - Injury/Illness,,,0.0,0.0,0.0,0.0,0.0,0.0,0.0,0.0,0.0,0.0,0.0,0.0,0.0,0.0,0.0,0.0,0.0,0.0,0.0,0.0,0.0,0.0,2024-25,Playoffs
0042400123,1610612765,Detroit,Pistons,DET,pistons,1630322,Lindy,Waters III,L. Waters III,lindy-waters-iii,,DNP - Coach's Decision,,,0.0,0.0,0.0,0.0,0.0,0.0,0.0,0.0,0.0,0.0,0.0,0.0,0.0,0.0,0.0,0.0,0.0,0.0,0.0,0.0,0.0,0.0,2024-25,Playoffs
0042400124,1610612752,New York,Knicks,NYK,knicks,1628384,OG,Anunoby,O. Anunoby,og-anunoby,F,,,39:03,92.3,92.3,105.2,105.2,-12.9,-12.9,0.0,0.0,0.0,0.021,0.026,0.023,0.0,0.231,0.288,0.156,0.156,95.26,95.26,79.39,78.0,0.004,2024-25,Playoffs
0042400124,1610612752,New York,Knicks,NYK,knicks,1628404,Josh,Hart,J. Hart,josh-hart,F,,,42:23,104.8,104.8,104.9,104.9,-0.1,-0.1,0.172,2.5,26.3,0.038,0.19,0.105,10.5,0.611,0.601,0.139,0.139,92.87,92.87,77.39,83.0,0.149,2024-25,Playoffs
0042400124,1610612752,New York,Knicks,NYK,knicks,1626157,Karl-Anthony,Towns,K. Towns,karl-anthony-towns,C,,,40:18,98.8,98.8,93.8,93.8,5.0,5.0,0.053,0.33,3.6,0.019,0.186,0.095,10.7,0.543,0.565,0.278,0.278,97.06,97.06,80.88,82.0,0.125,2024-25,Playoffs
0042400124,1610612752,New York,Knicks,NYK,knicks,1628969,Mikal,Bridges,M. Bridges,mikal-bridges,G,,,43:32,100.0,100.0,98.8,98.8,1.2,1.2,0.036,1.0,7.1,0.039,0.089,0.063,7.1,0.333,0.333,0.133,0.133,94.27,94.27,78.56,86.0,0.04,2024-25,Playoffs
0042400124,1610612752,New York,Knicks,NYK,knicks,1628973,Jalen,Brunson,J. Brunson,jalen-brunson,G,,,38:34,110.4,110.4,103.9,103.9,6.5,6.5,0.55,5.5,27.5,0.064,0.054,0.06,5.0,0.577,0.595,0.319,0.319,95.85,95.85,79.88,77.0,0.201,2024-25,Playoffs
0042400124,1610612752,New York,Knicks,NYK,knicks,1629011,Mitchell,Robinson,M. Robinson,mitchell-robinson,,,,9:04,90.0,90.0,75.0,75.0,15.0,15.0,0.0,0.0,0.0,0.2,0.0,0.111,25.0,0.0,0.0,0.154,0.154,105.8,105.8,88.17,20.0,-0.423,2024-25,Playoffs
0042400124,1610612752,New York,Knicks,NYK,knicks,1630540,Miles,McBride,M. McBride,miles-mcbride,,,,18:57,84.2,84.2,81.6,81.6,2.6,2.6,0.0,0.0,0.0,0.0,0.045,0.02,0.0,0.3,0.425,0.12,0.12,96.22,96.22,80.18,38.0,0.0,2024-25,Playoffs
0042400124,1610612752,New York,Knicks,NYK,knicks,1626166,Cameron,Payne,C. Payne,cameron-payne,,,,7:24,46.7,46.7,73.3,73.3,-26.7,-26.7,1.0,1.0,25.0,0.0,0.2,0.095,25.0,0.0,0.0,0.188,0.188,97.3,97.3,81.08,15.0,0.0,2024-25,Playoffs
0042400124,1610612752,New York,Knicks,NYK,knicks,1629013,Landry,Shamet,L. Shamet,landry-shamet,,,,0:44,100.0,100.0,200.0,200.0,-100.0,-100.0,0.0,0.0,0.0,0.0,0.0,0.0,0.0,0.0,0.0,0.0,0.0,97.52,97.52,81.26,2.0,0.0,2024-25,Playoffs
0042400124,1610612752,New York,Knicks,NYK,knicks,1630173,Precious,Achiuwa,P. Achiuwa,precious-achiuwa,,DNP - Coach's Decision,,,0.0,0.0,0.0,0.0,0.0,0.0,0.0,0.0,0.0,0.0,0.0,0.0,0.0,0.0,0.0,0.0,0.0,0.0,0.0,0.0,0.0,0.0,2024-25,Playoffs
0042400124,1610612752,New York,Knicks,NYK,knicks,1642359,Pacôme,Dadiet,P. Dadiet,pacôme-dadiet,,DNP - Coach's Decision,,,0.0,0.0,0.0,0.0,0.0,0.0,0.0,0.0,0.0,0.0,0.0,0.0,0.0,0.0,0.0,0.0,0.0,0.0,0.0,0.0,0.0,0.0,2024-25,Playoffs
0042400124,1610612752,New York,Knicks,NYK,knicks,1630574,Ariel,Hukporti,A. Hukporti,ariel-hukporti,,DNP - Coach's Decision,,,0.0,0.0,0.0,0.0,0.0,0.0,0.0,0.0,0.0,0.0,0.0,0.0,0.0,0.0,0.0,0.0,0.0,0.0,0.0,0.0,0.0,0.0,2024-25,Playoffs
0042400124,1610612752,New York,Knicks,NYK,knicks,1642278,Tyler,Kolek,T. Kolek,tyler-kolek,,DNP - Coach's Decision,,,0.0,0.0,0.0,0.0,0.0,0.0,0.0,0.0,0.0,0.0,0.0,0.0,0.0,0.0,0.0,0.0,0.0,0.0,0.0,0.0,0.0,0.0,2024-25,Playoffs
0042400124,1610612752,New York,Knicks,NYK,knicks,200782,P.J.,Tucker,P. Tucker,pj-tucker,,DNP - Coach's Decision,,,0.0,0.0,0.0,0.0,0.0,0.0,0.0,0.0,0.0,0.0,0.0,0.0,0.0,0.0,0.0,0.0,0.0,0.0,0.0,0.0,0.0,0.0,2024-25,Playoffs
0042400124,1610612752,New York,Knicks,NYK,knicks,1626153,Delon,Wright,D. Wright,delon-wright,,DNP - Coach's Decision,,,0.0,0.0,0.0,0.0,0.0,0.0,0.0,0.0,0.0,0.0,0.0,0.0,0.0,0.0,0.0,0.0,0.0,0.0,0.0,0.0,0.0,0.0,2024-25,Playoffs
0042400124,1610612765,Detroit,Pistons,DET,pistons,1641709,Ausar,Thompson,A. Thompson,ausar-thompson,F,,,21:43,97.8,97.8,78.7,78.7,19.1,19.1,0.0,0.0,0.0,0.0,0.133,0.074,33.3,0.429,0.508,0.222,0.222,102.76,102.76,85.64,46.0,0.049,2024-25,Playoffs
0042400124,1610612765,Detroit,Pistons,DET,pistons,202699,Tobias,Harris,T. Harris,tobias-harris,F,,,35:27,95.8,95.8,104.1,104.1,-8.3,-8.3,0.0,0.0,0.0,0.026,0.163,0.099,5.6,0.4,0.51,0.212,0.212,98.17,98.17,81.81,71.0,0.096,2024-25,Playoffs
0042400124,1610612765,Detroit,Pistons,DET,pistons,1631105,Jalen,Duren,J. Duren,jalen-duren,C,,,37:44,86.3,86.3,108.1,108.1,-21.8,-21.8,0.167,1.33,33.3,0.158,0.244,0.205,25.0,0.6,0.6,0.091,0.091,93.5,93.5,77.92,73.0,0.157,2024-25,Playoffs
0042400124,1610612765,Detroit,Pistons,DET,pistons,203501,Tim,Hardaway Jr.,T. Hardaway Jr.,tim-hardaway-jr,G,,,36:34,105.5,105.5,93.2,93.2,12.3,12.3,0.037,0.0,5.9,0.028,0.022,0.025,0.0,0.438,0.426,0.186,0.186,95.83,95.83,79.86,73.0,0.028,2024-25,Playoffs
0042400124,1610612765,Detroit,Pistons,DET,pistons,1630595,Cade,Cunningham,C. Cunningham,cade-cunningham,G,,,42:26,102.4,102.4,98.8,98.8,3.6,3.6,0.435,1.43,23.8,0.023,0.176,0.106,16.7,0.478,0.505,0.323,0.323,95.02,95.02,79.18,84.0,0.174,2024-25,Playoffs
0042400124,1610612765,Detroit,Pistons,DET,pistons,1627736,Malik,Beasley,M. Beasley,malik-beasley,,,,25:44,102.0,102.0,100.0,100.0,2.0,2.0,0.077,0.0,7.7,0.0,0.161,0.083,0.0,0.542,0.542,0.197,0.197,96.99,96.99,80.82,51.0,0.147,2024-25,Playoffs
0042400124,1610612765,Detroit,Pistons,DET,pistons,203471,Dennis,Schröder,D. Schröder,dennis-schröder,,,,26:45,96.0,96.0,104.0,104.0,-8.0,-8.0,0.143,0.0,28.6,0.077,0.029,0.049,0.0,0.5,0.615,0.085,0.085,89.73,89.73,74.77,50.0,0.142,2024-25,Playoffs
0042400124,1610612765,Detroit,Pistons,DET,pistons,1630194,Paul,Reed,P. Reed,paul-reed,,,,7:39,126.7,126.7,73.3,73.3,53.3,53.3,0.0,0.0,0.0,0.25,0.167,0.2,0.0,0.5,0.5,0.118,0.118,94.12,94.12,78.43,15.0,0.159,2024-25,Playoffs
0042400124,1610612765,Detroit,Pistons,DET,pistons,1641842,Ronald,Holland II,R. Holland II,ronald-holland-ii,,,,5:58,63.6,63.6,75.0,75.0,-11.4,-11.4,0.0,0.0,0.0,0.125,0.0,0.048,66.7,0.0,0.568,0.2,0.2,92.51,92.51,77.09,11.0,1.0,2024-25,Playoffs
0042400124,1610612765,Detroit,Pistons,DET,pistons,1631323,Simone,Fontecchio,S. Fontecchio,simone-fontecchio,,DNP - Coach's Decision,,,0.0,0.0,0.0,0.0,0.0,0.0,0.0,0.0,0.0,0.0,0.0,0.0,0.0,0.0,0.0,0.0,0.0,0.0,0.0,0.0,0.0,0.0,2024-25,Playoffs
0042400124,1610612765,Detroit,Pistons,DET,pistons,1641752,Bobi,Klintman,B. Klintman,bobi-klintman,,DNP - Coach's Decision,,,0.0,0.0,0.0,0.0,0.0,0.0,0.0,0.0,0.0,0.0,0.0,0.0,0.0,0.0,0.0,0.0,0.0,0.0,0.0,0.0,0.0,0.0,2024-25,Playoffs
0042400124,1610612765,Detroit,Pistons,DET,pistons,1631204,Marcus,Sasser,M. Sasser,marcus-sasser,,DNP - Coach's Decision,,,0.0,0.0,0.0,0.0,0.0,0.0,0.0,0.0,0.0,0.0,0.0,0.0,0.0,0.0,0.0,0.0,0.0,0.0,0.0,0.0,0.0,0.0,2024-25,Playoffs
0042400124,1610612765,Detroit,Pistons,DET,pistons,1630191,Isaiah,Stewart,I. Stewart,isaiah-stewart,,DNP - Injury/Illness,,,0.0,0.0,0.0,0.0,0.0,0.0,0.0,0.0,0.0,0.0,0.0,0.0,0.0,0.0,0.0,0.0,0.0,0.0,0.0,0.0,0.0,0.0,2024-25,Playoffs
0042400124,1610612765,Detroit,Pistons,DET,pistons,1630322,Lindy,Waters III,L. Waters III,lindy-waters-iii,,DNP - Coach's Decision,,,0.0,0.0,0.0,0.0,0.0,0.0,0.0,0.0,0.0,0.0,0.0,0.0,0.0,0.0,0.0,0.0,0.0,0.0,0.0,0.0,0.0,0.0,2024-25,Playoffs
0042400125,1610612765,Detroit,Pistons,DET,pistons,202699,Tobias,Harris,T. Harris,tobias-harris,F,,,43:29,109.1,109.1,102.3,102.3,6.8,6.8,0.074,2.0,11.8,0.04,0.122,0.081,5.9,0.577,0.612,0.142,0.142,96.59,96.59,80.49,88.0,0.138,2024-25,Playoffs
0042400125,1610612765,Detroit,Pistons,DET,pistons,1641709,Ausar,Thompson,A. Thompson,ausar-thompson,F,,,28:55,115.8,115.8,95.0,95.0,20.8,20.8,0.0,0.0,0.0,0.031,0.167,0.103,0.0,0.8,0.72,0.232,0.232,97.12,97.12,80.93,57.0,0.179,2024-25,Playoffs
0042400125,1610612765,Detroit,Pistons,DET,pistons,1631105,Jalen,Duren,J. Duren,jalen-duren,C,,,32:40,121.9,121.9,92.4,92.4,29.5,29.5,0.25,6.0,37.5,0.212,0.171,0.189,6.3,0.5,0.483,0.133,0.133,95.52,95.52,79.6,64.0,0.137,2024-25,Playoffs
0042400125,1610612765,Detroit,Pistons,DET,pistons,1630595,Cade,Cunningham,C. Cunningham,cade-cunningham,G,,,37:20,118.2,118.2,102.6,102.6,15.6,15.6,0.333,1.6,22.9,0.024,0.167,0.096,14.3,0.382,0.539,0.3,0.3,98.36,98.36,81.96,77.0,0.159,2024-25,Playoffs
0042400125,1610612765,Detroit,Pistons,DET,pistons,203501,Tim,Hardaway Jr.,T. Hardaway Jr.,tim-hardaway-jr,G,,,33:57,111.6,111.6,92.5,92.5,19.1,19.1,0.08,0.0,15.4,0.0,0.109,0.059,0.0,0.25,0.353,0.129,0.129,96.15,96.15,80.13,69.0,0.05,2024-25,Playoffs
0042400125,1610612765,Detroit,Pistons,DET,pistons,1630194,Paul,Reed,P. Reed,paul-reed,,,,11:14,64.0,64.0,104.0,104.0,-40.0,-40.0,0.0,0.0,0.0,0.067,0.0,0.038,66.7,0.0,0.0,0.097,0.097,106.76,106.76,88.97,25.0,0.021,2024-25,Playoffs
0042400125,1610612765,Detroit,Pistons,DET,pistons,1627736,Malik,Beasley,M. Beasley,malik-beasley,,,,25:43,94.5,94.5,121.8,121.8,-27.3,-27.3,0.0,0.0,0.0,0.0,0.036,0.017,8.3,0.455,0.455,0.188,0.188,102.67,102.67,85.56,55.0,0.039,2024-25,Playoffs
0042400125,1610612765,Detroit,Pistons,DET,pistons,203471,Dennis,Schröder,D. Schröder,dennis-schröder,,,,22:23,94.0,94.0,128.0,128.0,-34.0,-34.0,0.333,1.5,15.8,0.0,0.0,0.0,10.5,0.5,0.504,0.276,0.276,107.19,107.19,89.33,50.0,0.064,2024-25,Playoffs
0042400125,1610612765,Detroit,Pistons,DET,pistons,1641842,Ronald,Holland II,R. Holland II,ronald-holland-ii,,,,4:19,70.0,70.0,110.0,110.0,-40.0,-40.0,0.0,0.0,0.0,0.0,0.167,0.091,25.0,0.0,0.347,0.333,0.333,111.15,111.15,92.63,10.0,-0.333,2024-25,Playoffs
0042400125,1610612765,Detroit,Pistons,DET,pistons,1631323,Simone,Fontecchio,S. Fontecchio,simone-fontecchio,,DNP - Coach's Decision,,,0.0,0.0,0.0,0.0,0.0,0.0,0.0,0.0,0.0,0.0,0.0,0.0,0.0,0.0,0.0,0.0,0.0,0.0,0.0,0.0,0.0,0.0,2024-25,Playoffs
0042400125,1610612765,Detroit,Pistons,DET,pistons,1641752,Bobi,Klintman,B. Klintman,bobi-klintman,,DNP - Coach's Decision,,,0.0,0.0,0.0,0.0,0.0,0.0,0.0,0.0,0.0,0.0,0.0,0.0,0.0,0.0,0.0,0.0,0.0,0.0,0.0,0.0,0.0,0.0,2024-25,Playoffs
0042400125,1610612765,Detroit,Pistons,DET,pistons,1631204,Marcus,Sasser,M. Sasser,marcus-sasser,,DNP - Coach's Decision,,,0.0,0.0,0.0,0.0,0.0,0.0,0.0,0.0,0.0,0.0,0.0,0.0,0.0,0.0,0.0,0.0,0.0,0.0,0.0,0.0,0.0,0.0,2024-25,Playoffs
0042400125,1610612765,Detroit,Pistons,DET,pistons,1630191,Isaiah,Stewart,I. Stewart,isaiah-stewart,,DND - Injury/Illness,,,0.0,0.0,0.0,0.0,0.0,0.0,0.0,0.0,0.0,0.0,0.0,0.0,0.0,0.0,0.0,0.0,0.0,0.0,0.0,0.0,0.0,0.0,2024-25,Playoffs
0042400125,1610612765,Detroit,Pistons,DET,pistons,1630322,Lindy,Waters III,L. Waters III,lindy-waters-iii,,DNP - Coach's Decision,,,0.0,0.0,0.0,0.0,0.0,0.0,0.0,0.0,0.0,0.0,0.0,0.0,0.0,0.0,0.0,0.0,0.0,0.0,0.0,0.0,0.0,0.0,2024-25,Playoffs
0042400125,1610612752,New York,Knicks,NYK,knicks,1628384,OG,Anunoby,O. Anunoby,og-anunoby,F,,,38:56,105.0,105.0,112.3,112.3,-7.3,-7.3,0.042,0.5,6.3,0.044,0.133,0.089,12.5,0.731,0.731,0.156,0.156,99.26,99.26,82.71,80.0,0.136,2024-25,Playoffs
0042400125,1610612752,New York,Knicks,NYK,knicks,1628404,Josh,Hart,J. Hart,josh-hart,F,,,35:44,106.8,106.8,104.1,104.1,2.6,2.6,0.261,2.0,27.3,0.05,0.122,0.086,13.6,0.577,0.577,0.18,0.18,98.73,98.73,82.27,74.0,0.151,2024-25,Playoffs
0042400125,1610612752,New York,Knicks,NYK,knicks,1626157,Karl-Anthony,Towns,K. Towns,karl-anthony-towns,C,,,34:33,101.5,101.5,119.1,119.1,-17.6,-17.6,0.048,0.0,5.9,0.024,0.256,0.136,0.0,0.429,0.511,0.203,0.203,94.46,94.46,78.72,68.0,0.127,2024-25,Playoffs
0042400125,1610612752,New York,Knicks,NYK,knicks,1628969,Mikal,Bridges,M. Bridges,mikal-bridges,G,,,37:51,101.3,101.3,120.0,120.0,-18.7,-18.7,0.091,1.0,9.5,0.022,0.122,0.069,9.5,0.5,0.504,0.218,0.218,95.13,95.13,79.27,75.0,0.082,2024-25,Playoffs
0042400125,1610612752,New York,Knicks,NYK,knicks,1628973,Jalen,Brunson,J. Brunson,jalen-brunson,G,,,36:09,107.9,107.9,108.0,108.0,-0.1,-0.1,0.259,1.75,22.6,0.024,0.048,0.036,12.9,0.281,0.392,0.261,0.261,100.23,100.23,83.53,76.0,0.022,2024-25,Playoffs
0042400125,1610612752,New York,Knicks,NYK,knicks,1630540,Miles,McBride,M. McBride,miles-mcbride,,,,22:06,106.3,106.3,87.5,87.5,18.8,18.8,0.059,0.0,11.1,0.0,0.071,0.038,0.0,0.286,0.254,0.133,0.133,104.26,104.26,86.88,48.0,0.0,2024-25,Playoffs
0042400125,1610612752,New York,Knicks,NYK,knicks,1629011,Mitchell,Robinson,M. Robinson,mitchell-robinson,,,,22:50,110.4,110.4,91.7,91.7,18.8,18.8,0.0,0.0,0.0,0.308,0.115,0.212,15.4,0.625,0.587,0.21,0.21,100.88,100.88,84.06,48.0,0.141,2024-25,Playoffs
0042400125,1610612752,New York,Knicks,NYK,knicks,1626166,Cameron,Payne,C. Payne,cameron-payne,,,,11:51,91.3,91.3,108.7,108.7,-17.4,-17.4,0.143,0.0,25.0,0.0,0.077,0.036,0.0,0.333,0.333,0.111,0.111,93.22,93.22,77.68,23.0,0.027,2024-25,Playoffs
0042400125,1610612752,New York,Knicks,NYK,knicks,1630173,Precious,Achiuwa,P. Achiuwa,precious-achiuwa,,DNP - Coach's Decision,,,0.0,0.0,0.0,0.0,0.0,0.0,0.0,0.0,0.0,0.0,0.0,0.0,0.0,0.0,0.0,0.0,0.0,0.0,0.0,0.0,0.0,0.0,2024-25,Playoffs
0042400125,1610612752,New York,Knicks,NYK,knicks,1642359,Pacôme,Dadiet,P. Dadiet,pacôme-dadiet,,DNP - Coach's Decision,,,0.0,0.0,0.0,0.0,0.0,0.0,0.0,0.0,0.0,0.0,0.0,0.0,0.0,0.0,0.0,0.0,0.0,0.0,0.0,0.0,0.0,0.0,2024-25,Playoffs
0042400125,1610612752,New York,Knicks,NYK,knicks,1630574,Ariel,Hukporti,A. Hukporti,ariel-hukporti,,DNP - Coach's Decision,,,0.0,0.0,0.0,0.0,0.0,0.0,0.0,0.0,0.0,0.0,0.0,0.0,0.0,0.0,0.0,0.0,0.0,0.0,0.0,0.0,0.0,0.0,2024-25,Playoffs
0042400125,1610612752,New York,Knicks,NYK,knicks,1642278,Tyler,Kolek,T. Kolek,tyler-kolek,,DNP - Coach's Decision,,,0.0,0.0,0.0,0.0,0.0,0.0,0.0,0.0,0.0,0.0,0.0,0.0,0.0,0.0,0.0,0.0,0.0,0.0,0.0,0.0,0.0,0.0,2024-25,Playoffs
0042400125,1610612752,New York,Knicks,NYK,knicks,1629013,Landry,Shamet,L. Shamet,landry-shamet,,DNP - Coach's Decision,,,0.0,0.0,0.0,0.0,0.0,0.0,0.0,0.0,0.0,0.0,0.0,0.0,0.0,0.0,0.0,0.0,0.0,0.0,0.0,0.0,0.0,0.0,2024-25,Playoffs
0042400125,1610612752,New York,Knicks,NYK,knicks,200782,P.J.,Tucker,P. Tucker,pj-tucker,,DNP - Coach's Decision,,,0.0,0.0,0.0,0.0,0.0,0.0,0.0,0.0,0.0,0.0,0.0,0.0,0.0,0.0,0.0,0.0,0.0,0.0,0.0,0.0,0.0,0.0,2024-25,Playoffs
0042400125,1610612752,New York,Knicks,NYK,knicks,1626153,Delon,Wright,D. Wright,delon-wright,,DNP - Coach's Decision,,,0.0,0.0,0.0,0.0,0.0,0.0,0.0,0.0,0.0,0.0,0.0,0.0,0.0,0.0,0.0,0.0,0.0,0.0,0.0,0.0,0.0,0.0,2024-25,Playoffs
0042400126,1610612752,New York,Knicks,NYK,knicks,1628404,Josh,Hart,J. Hart,josh-hart,F,,,34:51,120.0,120.0,104.1,104.1,15.9,15.9,0.148,1.33,26.7,0.053,0.258,0.145,20.0,0.7,0.851,0.124,0.124,102.61,102.61,85.51,75.0,0.128,2024-25,Playoffs
0042400126,1610612752,New York,Knicks,NYK,knicks,1628384,OG,Anunoby,O. Anunoby,og-anunoby,F,,,44:17,112.5,112.5,109.3,109.3,3.2,3.2,0.03,0.5,5.0,0.022,0.095,0.057,10.0,0.571,0.644,0.176,0.176,104.6,104.6,87.17,96.0,0.095,2024-25,Playoffs
0042400126,1610612752,New York,Knicks,NYK,knicks,1626157,Karl-Anthony,Towns,K. Towns,karl-anthony-towns,C,,,37:27,118.3,118.3,111.3,111.3,7.0,7.0,0.069,0.67,12.5,0.135,0.294,0.211,18.8,0.4,0.442,0.147,0.147,103.81,103.81,86.51,82.0,0.073,2024-25,Playoffs
0042400126,1610612752,New York,Knicks,NYK,knicks,1628969,Mikal,Bridges,M. Bridges,mikal-bridges,G,,,44:29,112.5,112.5,106.3,106.3,6.2,6.2,0.111,0.75,12.5,0.043,0.049,0.045,16.7,0.719,0.741,0.189,0.189,103.05,103.05,85.87,96.0,0.127,2024-25,Playoffs
0042400126,1610612752,New York,Knicks,NYK,knicks,1628973,Jalen,Brunson,J. Brunson,jalen-brunson,G,,,42:16,114.3,114.3,110.0,110.0,4.3,4.3,0.333,3.5,15.6,0.047,0.051,0.049,4.4,0.5,0.548,0.358,0.358,102.78,102.78,85.65,91.0,0.162,2024-25,Playoffs
0042400126,1610612752,New York,Knicks,NYK,knicks,1629011,Mitchell,Robinson,M. Robinson,mitchell-robinson,,,,13:10,88.9,88.9,117.2,117.2,-28.4,-28.4,0.0,0.0,0.0,0.063,0.2,0.115,0.0,0.0,0.181,0.097,0.097,102.05,102.05,85.04,27.0,-0.028,2024-25,Playoffs
0042400126,1610612752,New York,Knicks,NYK,knicks,1630540,Miles,McBride,M. McBride,miles-mcbride,,,,17:12,97.3,97.3,120.0,120.0,-22.7,-22.7,0.077,1.0,16.7,0.0,0.071,0.032,16.7,0.375,0.375,0.116,0.116,100.5,100.5,83.75,37.0,0.0,2024-25,Playoffs
0042400126,1610612752,New York,Knicks,NYK,knicks,1626166,Cameron,Payne,C. Payne,cameron-payne,,,,6:18,92.9,92.9,130.8,130.8,-37.9,-37.9,0.0,0.0,0.0,0.0,0.25,0.091,25.0,0.333,0.333,0.267,0.267,102.86,102.86,85.71,14.0,-0.048,2024-25,Playoffs
0042400126,1610612752,New York,Knicks,NYK,knicks,1630173,Precious,Achiuwa,P. Achiuwa,precious-achiuwa,,DNP - Coach's Decision,,,0.0,0.0,0.0,0.0,0.0,0.0,0.0,0.0,0.0,0.0,0.0,0.0,0.0,0.0,0.0,0.0,0.0,0.0,0.0,0.0,0.0,0.0,2024-25,Playoffs
0042400126,1610612752,New York,Knicks,NYK,knicks,1642359,Pacôme,Dadiet,P. Dadiet,pacôme-dadiet,,DNP - Coach's Decision,,,0.0,0.0,0.0,0.0,0.0,0.0,0.0,0.0,0.0,0.0,0.0,0.0,0.0,0.0,0.0,0.0,0.0,0.0,0.0,0.0,0.0,0.0,2024-25,Playoffs
0042400126,1610612752,New York,Knicks,NYK,knicks,1630574,Ariel,Hukporti,A. Hukporti,ariel-hukporti,,DNP - Coach's Decision,,,0.0,0.0,0.0,0.0,0.0,0.0,0.0,0.0,0.0,0.0,0.0,0.0,0.0,0.0,0.0,0.0,0.0,0.0,0.0,0.0,0.0,0.0,2024-25,Playoffs
0042400126,1610612752,New York,Knicks,NYK,knicks,1642278,Tyler,Kolek,T. Kolek,tyler-kolek,,DNP - Coach's Decision,,,0.0,0.0,0.0,0.0,0.0,0.0,0.0,0.0,0.0,0.0,0.0,0.0,0.0,0.0,0.0,0.0,0.0,0.0,0.0,0.0,0.0,0.0,2024-25,Playoffs
0042400126,1610612752,New York,Knicks,NYK,knicks,1629013,Landry,Shamet,L. Shamet,landry-shamet,,DNP - Coach's Decision,,,0.0,0.0,0.0,0.0,0.0,0.0,0.0,0.0,0.0,0.0,0.0,0.0,0.0,0.0,0.0,0.0,0.0,0.0,0.0,0.0,0.0,0.0,2024-25,Playoffs
0042400126,1610612752,New York,Knicks,NYK,knicks,1626153,Delon,Wright,D. Wright,delon-wright,,DNP - Coach's Decision,,,0.0,0.0,0.0,0.0,0.0,0.0,0.0,0.0,0.0,0.0,0.0,0.0,0.0,0.0,0.0,0.0,0.0,0.0,0.0,0.0,0.0,0.0,2024-25,Playoffs
0042400126,1610612765,Detroit,Pistons,DET,pistons,1641709,Ausar,Thompson,A. Thompson,ausar-thompson,F,,,22:46,110.2,110.2,129.8,129.8,-19.6,-19.6,0.071,0.0,7.7,0.167,0.13,0.146,0.0,0.714,0.746,0.214,0.214,101.22,101.22,84.35,49.0,0.203,2024-25,Playoffs
0042400126,1610612765,Detroit,Pistons,DET,pistons,202699,Tobias,Harris,T. Harris,tobias-harris,F,,,39:22,96.5,96.5,119.3,119.3,-22.8,-22.8,0.0,0.0,0.0,0.025,0.103,0.063,9.1,0.65,0.67,0.118,0.118,105.47,105.47,87.89,85.0,0.092,2024-25,Playoffs
0042400126,1610612765,Detroit,Pistons,DET,pistons,1631105,Jalen,Duren,J. Duren,jalen-duren,C,,,39:08,109.5,109.5,113.1,113.1,-3.6,-3.6,0.12,1.5,16.7,0.026,0.116,0.074,11.1,0.667,0.784,0.161,0.161,103.05,103.05,85.87,84.0,0.12,2024-25,Playoffs
0042400126,1610612765,Detroit,Pistons,DET,pistons,203501,Tim,Hardaway Jr.,T. Hardaway Jr.,tim-hardaway-jr,G,,,33:04,105.8,105.8,112.7,112.7,-6.9,-6.9,0.043,0.25,6.3,0.0,0.132,0.072,25.0,0.318,0.318,0.195,0.195,101.64,101.64,84.7,69.0,0.008,2024-25,Playoffs
0042400126,1610612765,Detroit,Pistons,DET,pistons,1630595,Cade,Cunningham,C. Cunningham,cade-cunningham,G,,,44:03,110.4,110.4,112.5,112.5,-2.1,-2.1,0.296,2.67,22.2,0.0,0.159,0.081,8.3,0.409,0.467,0.264,0.264,104.61,104.61,87.17,96.0,0.116,2024-25,Playoffs
0042400126,1610612765,Detroit,Pistons,DET,pistons,203471,Dennis,Schröder,D. Schröder,dennis-schröder,,,,30:07,119.4,119.4,104.7,104.7,14.7,14.7,0.409,9.0,45.0,0.045,0.1,0.077,5.0,0.389,0.455,0.167,0.167,100.42,100.42,83.68,62.0,0.112,2024-25,Playoffs
0042400126,1610612765,Detroit,Pistons,DET,pistons,1627736,Malik,Beasley,M. Beasley,malik-beasley,,,,24:01,120.4,120.4,90.6,90.6,29.8,29.8,0.143,0.5,10.0,0.0,0.077,0.044,20.0,0.692,0.72,0.316,0.316,106.9,106.9,89.09,54.0,0.126,2024-25,Playoffs
0042400126,1610612765,Detroit,Pistons,DET,pistons,1630194,Paul,Reed,P. Reed,paul-reed,,,,7:30,118.8,118.8,100.0,100.0,18.8,18.8,0.167,0.0,50.0,0.0,0.143,0.083,0.0,0.0,1.136,0.059,0.059,102.4,102.4,85.33,16.0,-0.042,2024-25,Playoffs
0042400126,1610612765,Detroit,Pistons,DET,pistons,1631323,Simone,Fontecchio,S. Fontecchio,simone-fontecchio,,DNP - Coach's Decision,,,0.0,0.0,0.0,0.0,0.0,0.0,0.0,0.0,0.0,0.0,0.0,0.0,0.0,0.0,0.0,0.0,0.0,0.0,0.0,0.0,0.0,0.0,2024-25,Playoffs
0042400126,1610612765,Detroit,Pistons,DET,pistons,1641842,Ronald,Holland II,R. Holland II,ronald-holland-ii,,DNP - Coach's Decision,,,0.0,0.0,0.0,0.0,0.0,0.0,0.0,0.0,0.0,0.0,0.0,0.0,0.0,0.0,0.0,0.0,0.0,0.0,0.0,0.0,0.0,0.0,2024-25,Playoffs
0042400126,1610612765,Detroit,Pistons,DET,pistons,1641752,Bobi,Klintman,B. Klintman,bobi-klintman,,DNP - Coach's Decision,,,0.0,0.0,0.0,0.0,0.0,0.0,0.0,0.0,0.0,0.0,0.0,0.0,0.0,0.0,0.0,0.0,0.0,0.0,0.0,0.0,0.0,0.0,2024-25,Playoffs
0042400126,1610612765,Detroit,Pistons,DET,pistons,1631204,Marcus,Sasser,M. Sasser,marcus-sasser,,DNP - Coach's Decision,,,0.0,0.0,0.0,0.0,0.0,0.0,0.0,0.0,0.0,0.0,0.0,0.0,0.0,0.0,0.0,0.0,0.0,0.0,0.0,0.0,0.0,0.0,2024-25,Playoffs
0042400126,1610612765,Detroit,Pistons,DET,pistons,1630191,Isaiah,Stewart,I. Stewart,isaiah-stewart,,DNP - Injury/Illness,,,0.0,0.0,0.0,0.0,0.0,0.0,0.0,0.0,0.0,0.0,0.0,0.0,0.0,0.0,0.0,0.0,0.0,0.0,0.0,0.0,0.0,0.0,2024-25,Playoffs
0042400126,1610612765,Detroit,Pistons,DET,pistons,1630322,Lindy,Waters III,L. Waters III,lindy-waters-iii,,DNP - Coach's Decision,,,0.0,0.0,0.0,0.0,0.0,0.0,0.0,0.0,0.0,0.0,0.0,0.0,0.0,0.0,0.0,0.0,0.0,0.0,0.0,0.0,0.0,0.0,2024-25,Playoffs
0042400131,1610612749,Milwaukee,Bucks,MIL,bucks,1628398,Kyle,Kuzma,K. Kuzma,kyle-kuzma,F,,,21:34,87.2,87.2,144.4,144.4,-57.2,-57.2,0.0,0.0,0.0,0.0,0.0,0.0,0.0,0.0,0.0,0.115,0.115,102.35,102.35,85.29,47.0,-0.095,2024-25,Playoffs
0042400131,1610612749,Milwaukee,Bucks,MIL,bucks,203507,Giannis,Antetokounmpo,G. Antetokounmpo,giannis-antetokounmpo,F,,,38:02,96.0,96.0,118.4,118.4,-22.4,-22.4,0.083,0.2,2.8,0.068,0.25,0.15,13.9,0.609,0.608,0.407,0.407,95.28,95.28,79.4,75.0,0.195,2024-25,Playoffs
0042400131,1610612749,Milwaukee,Bucks,MIL,bucks,201572,Brook,Lopez,B. Lopez,brook-lopez,C,,,20:37,95.5,95.5,142.9,142.9,-47.4,-47.4,0.0,0.0,0.0,0.043,0.214,0.108,12.5,0.5,0.615,0.16,0.16,100.11,100.11,83.43,44.0,0.07,2024-25,Playoffs
0042400131,1610612749,Milwaukee,Bucks,MIL,bucks,1627752,Taurean,Prince,T. Prince,taurean-prince,G,,,19:37,100.0,100.0,140.0,140.0,-40.0,-40.0,0.2,3.0,60.0,0.0,0.143,0.057,20.0,0.0,0.0,0.043,0.043,99.1,99.1,82.58,41.0,0.032,2024-25,Playoffs
0042400131,1610612749,Milwaukee,Bucks,MIL,bucks,1631157,Ryan,Rollins,R. Rollins,ryan-rollins,G,,,18:38,90.2,90.2,131.6,131.6,-41.3,-41.3,0.25,0.0,27.3,0.045,0.077,0.057,0.0,0.313,0.313,0.167,0.167,101.79,101.79,84.82,41.0,0.031,2024-25,Playoffs
0042400131,1610612749,Milwaukee,Bucks,MIL,bucks,1629645,Kevin,Porter Jr.,K. Porter Jr.,kevin-porter-jr,,,,29:22,105.2,105.2,113.6,113.6,-8.4,-8.4,0.263,0.0,31.3,0.032,0.133,0.082,0.0,0.286,0.57,0.172,0.172,95.6,95.6,79.66,58.0,0.146,2024-25,Playoffs
0042400131,1610612749,Milwaukee,Bucks,MIL,bucks,1626171,Bobby,Portis,B. Portis,bobby-portis,,,,25:25,103.9,103.9,100.0,100.0,3.9,3.9,0.0,0.0,0.0,0.074,0.214,0.145,11.1,0.25,0.25,0.161,0.161,95.37,95.37,79.48,51.0,0.034,2024-25,Playoffs
0042400131,1610612749,Milwaukee,Bucks,MIL,bucks,1629018,Gary,Trent Jr.,G. Trent Jr.,gary-trent-jr,,,,26:55,101.9,101.9,107.4,107.4,-5.5,-5.5,0.154,0.0,15.4,0.0,0.071,0.035,0.0,0.636,0.636,0.186,0.186,95.38,95.38,79.48,53.0,0.139,2024-25,Playoffs
0042400131,1610612749,Milwaukee,Bucks,MIL,bucks,1631260,AJ,Green,A. Green,aj-green,,,,26:52,100.0,100.0,107.3,107.3,-7.3,-7.3,0.071,0.0,7.1,0.0,0.111,0.054,0.0,0.577,0.577,0.22,0.22,97.35,97.35,81.12,54.0,0.065,2024-25,Playoffs
0042400131,1610612749,Milwaukee,Bucks,MIL,bucks,1630579,Jericho,Sims,J. Sims,jericho-sims,,,,9:36,118.2,118.2,104.5,104.5,13.6,13.6,0.0,0.0,0.0,0.0,0.286,0.125,100.0,0.0,0.0,0.042,0.042,110.08,110.08,91.73,22.0,-0.01,2024-25,Playoffs
0042400131,1610612749,Milwaukee,Bucks,MIL,bucks,1626192,Pat,Connaughton,P. Connaughton,pat-connaughton,,,,1:22,75.0,75.0,125.0,125.0,-50.0,-50.0,0.0,0.0,0.0,0.0,0.0,0.0,50.0,1.5,1.5,0.333,0.333,140.49,140.49,117.07,4.0,0.222,2024-25,Playoffs
0042400131,1610612749,Milwaukee,Bucks,MIL,bucks,1641753,Chris,Livingston,C. Livingston,chris-livingston,,,,0:60,100.0,100.0,50.0,50.0,50.0,50.0,0.0,0.0,0.0,0.0,1.0,0.333,0.0,0.0,0.0,0.0,0.0,120.81,120.81,100.67,3.0,0.667,2024-25,Playoffs
0042400131,1610612749,Milwaukee,Bucks,MIL,bucks,1641748,Andre,Jackson Jr.,A. Jackson Jr.,andre-jackson-jr,,,,0:60,100.0,100.0,50.0,50.0,50.0,50.0,0.0,0.0,0.0,0.0,0.0,0.0,0.0,0.0,0.0,0.2,0.2,120.81,120.81,100.67,3.0,-0.667,2024-25,Playoffs
0042400131,1610612754,Indiana,Pacers,IND,pacers,1630174,Aaron,Nesmith,A. Nesmith,aaron-nesmith,F,,,27:22,112.7,112.7,100.0,100.0,12.7,12.7,0.0,0.0,0.0,0.107,0.094,0.1,0.0,0.5,0.5,0.117,0.117,95.57,95.57,79.64,55.0,0.055,2024-25,Playoffs
0042400131,1610612754,Indiana,Pacers,IND,pacers,1627783,Pascal,Siakam,P. Siakam,pascal-siakam,F,,,32:54,122.9,122.9,82.9,82.9,40.0,40.0,0.1,2.0,11.1,0.0,0.206,0.111,5.6,0.767,0.787,0.213,0.213,102.11,102.11,85.09,70.0,0.2,2024-25,Playoffs
0042400131,1610612754,Indiana,Pacers,IND,pacers,1626167,Myles,Turner,M. Turner,myles-turner,C,,,31:04,123.1,123.1,86.2,86.2,36.9,36.9,0.095,0.0,13.3,0.0,0.132,0.075,0.0,0.75,0.738,0.186,0.186,100.44,100.44,83.7,65.0,0.173,2024-25,Playoffs
0042400131,1610612754,Indiana,Pacers,IND,pacers,1629614,Andrew,Nembhard,A. Nembhard,andrew-nembhard,G,,,28:36,127.6,127.6,86.4,86.4,41.1,41.1,0.278,5.0,26.3,0.0,0.125,0.069,5.3,0.654,0.654,0.222,0.222,98.16,98.16,81.8,58.0,0.178,2024-25,Playoffs
0042400131,1610612754,Indiana,Pacers,IND,pacers,1630169,Tyrese,Haliburton,T. Haliburton,tyrese-haliburton,G,,,34:20,125.7,125.7,85.9,85.9,39.8,39.8,0.429,12.0,41.4,0.0,0.171,0.097,3.4,0.231,0.32,0.227,0.227,98.57,98.57,82.14,70.0,0.11,2024-25,Playoffs
0042400131,1610612754,Indiana,Pacers,IND,pacers,1630167,Obi,Toppin,O. Toppin,obi-toppin,,,,14:47,103.6,103.6,145.2,145.2,-41.6,-41.6,0.125,0.0,20.0,0.0,0.059,0.033,0.0,0.833,0.773,0.138,0.138,95.83,95.83,79.86,28.0,0.047,2024-25,Playoffs
0042400131,1610612754,Indiana,Pacers,IND,pacers,204456,T.J.,McConnell,T. McConnell,tj-mcconnell,,,,15:26,112.9,112.9,118.8,118.8,-5.8,-5.8,0.556,5.0,35.7,0.0,0.143,0.077,7.1,0.714,0.698,0.281,0.281,97.95,97.95,81.62,31.0,0.192,2024-25,Playoffs
0042400131,1610612754,Indiana,Pacers,IND,pacers,1631097,Bennedict,Mathurin,B. Mathurin,bennedict-mathurin,,,,25:17,118.9,118.9,98.2,98.2,20.7,20.7,0.053,1.0,7.7,0.048,0.138,0.1,7.7,0.357,0.618,0.218,0.218,102.55,102.55,85.45,53.0,0.107,2024-25,Playoffs
0042400131,1610612754,Indiana,Pacers,IND,pacers,1641716,Jarace,Walker,J. Walker,jarace-walker,,,,17:25,116.7,116.7,100.0,100.0,16.7,16.7,0.0,0.0,0.0,0.0,0.294,0.161,0.0,0.75,0.75,0.056,0.056,102.0,102.0,85.0,36.0,0.096,2024-25,Playoffs
0042400131,1610612754,Indiana,Pacers,IND,pacers,1628418,Thomas,Bryant,T. Bryant,thomas-bryant,,,,12:10,100.0,100.0,128.0,128.0,-28.0,-28.0,0.0,0.0,0.0,0.091,0.0,0.05,0.0,0.75,0.798,0.148,0.148,100.6,100.6,83.84,26.0,0.088,2024-25,Playoffs
0042400131,1610612754,Indiana,Pacers,IND,pacers,1642277,Johnny,Furphy,J. Furphy,johnny-furphy,,,,0:39,0.0,0.0,150.0,150.0,-150.0,-150.0,0.0,0.0,0.0,0.0,0.0,0.0,0.0,0.0,0.0,0.0,0.0,146.94,146.94,122.45,2.0,0.0,2024-25,Playoffs
0042400131,1610612754,Indiana,Pacers,IND,pacers,1628396,Tony,Bradley,T. Bradley,tony-bradley,,DNP - Coach's Decision,,,0.0,0.0,0.0,0.0,0.0,0.0,0.0,0.0,0.0,0.0,0.0,0.0,0.0,0.0,0.0,0.0,0.0,0.0,0.0,0.0,0.0,0.0,2024-25,Playoffs
0042400131,1610612754,Indiana,Pacers,IND,pacers,201949,James,Johnson,J. Johnson,james-johnson,,DNP - Coach's Decision,,,0.0,0.0,0.0,0.0,0.0,0.0,0.0,0.0,0.0,0.0,0.0,0.0,0.0,0.0,0.0,0.0,0.0,0.0,0.0,0.0,0.0,0.0,2024-25,Playoffs
0042400131,1610612754,Indiana,Pacers,IND,pacers,1641767,Ben,Sheppard,B. Sheppard,ben-sheppard,,DNP - Coach's Decision,,,0.0,0.0,0.0,0.0,0.0,0.0,0.0,0.0,0.0,0.0,0.0,0.0,0.0,0.0,0.0,0.0,0.0,0.0,0.0,0.0,0.0,0.0,2024-25,Playoffs
0042400132,1610612749,Milwaukee,Bucks,MIL,bucks,1628398,Kyle,Kuzma,K. Kuzma,kyle-kuzma,F,,,31:00,123.7,123.7,131.1,131.1,-7.4,-7.4,0.048,0.0,8.3,0.077,0.043,0.061,0.0,0.5,0.551,0.164,0.164,92.9,92.9,77.42,59.0,0.053,2024-25,Playoffs
0042400132,1610612749,Milwaukee,Bucks,MIL,bucks,203507,Giannis,Antetokounmpo,G. Antetokounmpo,giannis-antetokounmpo,F,,,39:37,123.1,123.1,132.1,132.1,-9.0,-9.0,0.318,1.75,20.0,0.184,0.344,0.257,11.4,0.7,0.697,0.311,0.311,96.32,96.32,80.27,78.0,0.2,2024-25,Playoffs
0042400132,1610612749,Milwaukee,Bucks,MIL,bucks,201572,Brook,Lopez,B. Lopez,brook-lopez,C,,,16:09,112.1,112.1,135.3,135.3,-23.2,-23.2,0.1,1.0,12.5,0.077,0.0,0.042,12.5,0.667,0.667,0.189,0.189,99.57,99.57,82.97,33.0,0.066,2024-25,Playoffs
0042400132,1610612749,Milwaukee,Bucks,MIL,bucks,1627752,Taurean,Prince,T. Prince,taurean-prince,G,,,19:25,112.5,112.5,138.1,138.1,-25.6,-25.6,0.286,2.0,40.0,0.0,0.0,0.0,20.0,0.75,0.75,0.136,0.136,101.36,101.36,84.46,40.0,0.068,2024-25,Playoffs
0042400132,1610612749,Milwaukee,Bucks,MIL,bucks,203081,Damian,Lillard,D. Lillard,damian-lillard,G,,,36:58,126.0,126.0,130.3,130.3,-4.2,-4.2,0.233,3.5,29.2,0.0,0.103,0.048,8.3,0.385,0.461,0.198,0.198,96.74,96.74,80.61,73.0,0.044,2024-25,Playoffs
0042400132,1610612749,Milwaukee,Bucks,MIL,bucks,1626171,Bobby,Portis,B. Portis,bobby-portis,,,,31:51,120.0,120.0,114.9,114.9,5.1,5.1,0.05,0.0,5.0,0.029,0.314,0.174,0.0,0.737,0.72,0.253,0.253,99.47,99.47,82.89,65.0,0.214,2024-25,Playoffs
0042400132,1610612749,Milwaukee,Bucks,MIL,bucks,1629018,Gary,Trent Jr.,G. Trent Jr.,gary-trent-jr,,,,29:31,122.0,122.0,115.9,115.9,6.2,6.2,0.036,1.0,16.7,0.0,0.03,0.015,16.7,0.375,0.45,0.072,0.072,99.2,99.2,82.67,59.0,0.008,2024-25,Playoffs
0042400132,1610612749,Milwaukee,Bucks,MIL,bucks,1629645,Kevin,Porter Jr.,K. Porter Jr.,kevin-porter-jr,,,,15:03,94.3,94.3,94.4,94.4,-0.2,-0.2,0.3,1.0,20.0,0.0,0.045,0.023,20.0,0.5,0.5,0.293,0.293,113.22,113.22,94.35,35.0,0.057,2024-25,Playoffs
0042400132,1610612749,Milwaukee,Bucks,MIL,bucks,1630579,Jericho,Sims,J. Sims,jericho-sims,,,,8:03,105.6,105.6,73.7,73.7,31.9,31.9,0.0,0.0,0.0,0.143,0.071,0.095,100.0,0.0,0.0,0.105,0.105,110.31,110.31,91.93,18.0,-0.065,2024-25,Playoffs
0042400132,1610612749,Milwaukee,Bucks,MIL,bucks,1631260,AJ,Green,A. Green,aj-green,,,,12:23,111.1,111.1,93.1,93.1,18.0,18.0,0.077,0.0,33.3,0.0,0.111,0.063,0.0,0.0,0.0,0.069,0.069,108.53,108.53,90.44,27.0,0.0,2024-25,Playoffs
0042400132,1610612749,Milwaukee,Bucks,MIL,bucks,1626192,Pat,Connaughton,P. Connaughton,pat-connaughton,,DNP - Coach's Decision,,,0.0,0.0,0.0,0.0,0.0,0.0,0.0,0.0,0.0,0.0,0.0,0.0,0.0,0.0,0.0,0.0,0.0,0.0,0.0,0.0,0.0,0.0,2024-25,Playoffs
0042400132,1610612749,Milwaukee,Bucks,MIL,bucks,1641748,Andre,Jackson Jr.,A. Jackson Jr.,andre-jackson-jr,,DNP - Coach's Decision,,,0.0,0.0,0.0,0.0,0.0,0.0,0.0,0.0,0.0,0.0,0.0,0.0,0.0,0.0,0.0,0.0,0.0,0.0,0.0,0.0,0.0,0.0,2024-25,Playoffs
0042400132,1610612749,Milwaukee,Bucks,MIL,bucks,1641753,Chris,Livingston,C. Livingston,chris-livingston,,DNP - Coach's Decision,,,0.0,0.0,0.0,0.0,0.0,0.0,0.0,0.0,0.0,0.0,0.0,0.0,0.0,0.0,0.0,0.0,0.0,0.0,0.0,0.0,0.0,0.0,2024-25,Playoffs
0042400132,1610612749,Milwaukee,Bucks,MIL,bucks,1631157,Ryan,Rollins,R. Rollins,ryan-rollins,,DNP - Coach's Decision,,,0.0,0.0,0.0,0.0,0.0,0.0,0.0,0.0,0.0,0.0,0.0,0.0,0.0,0.0,0.0,0.0,0.0,0.0,0.0,0.0,0.0,0.0,2024-25,Playoffs
0042400132,1610612754,Indiana,Pacers,IND,pacers,1630174,Aaron,Nesmith,A. Nesmith,aaron-nesmith,F,,,30:53,135.5,135.5,125.4,125.4,10.1,10.1,0.077,2.0,15.4,0.0,0.08,0.042,7.7,0.778,0.81,0.162,0.162,94.03,94.03,78.36,62.0,0.076,2024-25,Playoffs
0042400132,1610612754,Indiana,Pacers,IND,pacers,1627783,Pascal,Siakam,P. Siakam,pascal-siakam,F,,,34:23,113.3,113.3,106.9,106.9,6.4,6.4,0.143,1.5,12.5,0.054,0.231,0.145,8.3,0.563,0.644,0.247,0.247,102.63,102.63,85.52,75.0,0.18,2024-25,Playoffs
0042400132,1610612754,Indiana,Pacers,IND,pacers,1626167,Myles,Turner,M. Turner,myles-turner,C,,,32:57,136.9,136.9,130.2,130.2,6.8,6.8,0.037,0.0,8.3,0.0,0.077,0.04,0.0,0.65,0.689,0.155,0.155,93.23,93.23,77.69,65.0,0.076,2024-25,Playoffs
0042400132,1610612754,Indiana,Pacers,IND,pacers,1629614,Andrew,Nembhard,A. Nembhard,andrew-nembhard,G,,,34:05,136.2,136.2,125.4,125.4,10.9,10.9,0.214,6.0,33.3,0.0,0.1,0.055,5.6,0.75,0.781,0.162,0.162,95.77,95.77,79.81,69.0,0.103,2024-25,Playoffs
0042400132,1610612754,Indiana,Pacers,IND,pacers,1630169,Tyrese,Haliburton,T. Haliburton,tyrese-haliburton,G,,,35:01,131.4,131.4,130.4,130.4,1.0,1.0,0.48,4.0,34.3,0.034,0.133,0.085,8.6,0.5,0.528,0.299,0.299,95.25,95.25,79.38,70.0,0.127,2024-25,Playoffs
0042400132,1610612754,Indiana,Pacers,IND,pacers,1630167,Obi,Toppin,O. Toppin,obi-toppin,,,,21:09,122.2,122.2,137.2,137.2,-15.0,-15.0,0.059,0.0,20.0,0.0,0.167,0.083,0.0,0.875,0.875,0.082,0.082,99.86,99.86,83.22,45.0,0.093,2024-25,Playoffs
0042400132,1610612754,Indiana,Pacers,IND,pacers,1631097,Bennedict,Mathurin,B. Mathurin,bennedict-mathurin,,,,17:07,97.5,97.5,107.9,107.9,-10.4,-10.4,0.111,0.0,8.3,0.0,0.045,0.022,0.0,0.45,0.574,0.239,0.239,109.37,109.37,91.14,40.0,0.136,2024-25,Playoffs
0042400132,1610612754,Indiana,Pacers,IND,pacers,204456,T.J.,McConnell,T. McConnell,tj-mcconnell,,,,16:16,94.7,94.7,91.9,91.9,2.8,2.8,0.444,0.0,33.3,0.13,0.095,0.114,0.0,0.375,0.375,0.178,0.178,110.64,110.64,92.2,38.0,0.193,2024-25,Playoffs
0042400132,1610612754,Indiana,Pacers,IND,pacers,1641716,Jarace,Walker,J. Walker,jarace-walker,,,,10:38,96.0,96.0,84.6,84.6,11.4,11.4,0.0,0.0,0.0,0.0,0.308,0.143,0.0,0.375,0.375,0.133,0.133,115.18,115.18,95.98,25.0,0.073,2024-25,Playoffs
0042400132,1610612754,Indiana,Pacers,IND,pacers,1628418,Thomas,Bryant,T. Bryant,thomas-bryant,,,,7:31,89.5,89.5,66.7,66.7,22.8,22.8,0.0,0.0,0.0,0.077,0.091,0.083,100.0,0.0,0.0,0.043,0.043,118.03,118.03,98.36,19.0,0.0,2024-25,Playoffs
0042400132,1610612754,Indiana,Pacers,IND,pacers,1628396,Tony,Bradley,T. Bradley,tony-bradley,,DNP - Coach's Decision,,,0.0,0.0,0.0,0.0,0.0,0.0,0.0,0.0,0.0,0.0,0.0,0.0,0.0,0.0,0.0,0.0,0.0,0.0,0.0,0.0,0.0,0.0,2024-25,Playoffs
0042400132,1610612754,Indiana,Pacers,IND,pacers,1642277,Johnny,Furphy,J. Furphy,johnny-furphy,,DNP - Coach's Decision,,,0.0,0.0,0.0,0.0,0.0,0.0,0.0,0.0,0.0,0.0,0.0,0.0,0.0,0.0,0.0,0.0,0.0,0.0,0.0,0.0,0.0,0.0,2024-25,Playoffs
0042400132,1610612754,Indiana,Pacers,IND,pacers,201949,James,Johnson,J. Johnson,james-johnson,,DNP - Coach's Decision,,,0.0,0.0,0.0,0.0,0.0,0.0,0.0,0.0,0.0,0.0,0.0,0.0,0.0,0.0,0.0,0.0,0.0,0.0,0.0,0.0,0.0,0.0,2024-25,Playoffs
0042400132,1610612754,Indiana,Pacers,IND,pacers,1641767,Ben,Sheppard,B. Sheppard,ben-sheppard,,DNP - Coach's Decision,,,0.0,0.0,0.0,0.0,0.0,0.0,0.0,0.0,0.0,0.0,0.0,0.0,0.0,0.0,0.0,0.0,0.0,0.0,0.0,0.0,0.0,0.0,2024-25,Playoffs
0042400133,1610612754,Indiana,Pacers,IND,pacers,1630174,Aaron,Nesmith,A. Nesmith,aaron-nesmith,F,,,26:53,106.8,106.8,135.6,135.6,-28.8,-28.8,0.188,1.5,16.7,0.036,0.24,0.132,11.1,0.692,0.692,0.231,0.231,105.34,105.34,87.79,59.0,0.133,2024-25,Playoffs
0042400133,1610612754,Indiana,Pacers,IND,pacers,1627783,Pascal,Siakam,P. Siakam,pascal-siakam,F,,,30:59,89.4,89.4,104.6,104.6,-15.2,-15.2,0.182,0.0,9.1,0.0,0.139,0.065,0.0,0.711,0.689,0.263,0.263,101.47,101.47,84.56,66.0,0.218,2024-25,Playoffs
0042400133,1610612754,Indiana,Pacers,IND,pacers,1626167,Myles,Turner,M. Turner,myles-turner,C,,,24:15,111.5,111.5,137.7,137.7,-26.2,-26.2,0.1,0.5,11.8,0.04,0.091,0.064,23.5,0.111,0.279,0.259,0.259,103.92,103.92,86.6,52.0,-0.016,2024-25,Playoffs
0042400133,1610612754,Indiana,Pacers,IND,pacers,1629614,Andrew,Nembhard,A. Nembhard,andrew-nembhard,G,,,30:13,92.3,92.3,121.9,121.9,-29.6,-29.6,0.25,0.0,35.7,0.0,0.03,0.014,0.0,0.25,0.338,0.122,0.122,102.46,102.46,85.38,65.0,0.04,2024-25,Playoffs
0042400133,1610612754,Indiana,Pacers,IND,pacers,1630169,Tyrese,Haliburton,T. Haliburton,tyrese-haliburton,G,,,31:34,98.5,98.5,134.3,134.3,-35.8,-35.8,0.5,10.0,45.5,0.03,0.207,0.113,4.5,0.636,0.636,0.162,0.162,102.64,102.64,85.53,68.0,0.145,2024-25,Playoffs
0042400133,1610612754,Indiana,Pacers,IND,pacers,1630167,Obi,Toppin,O. Toppin,obi-toppin,,,,16:02,112.5,112.5,123.5,123.5,-11.0,-11.0,0.1,0.5,7.7,0.0,0.154,0.074,15.4,0.444,0.484,0.343,0.343,98.79,98.79,82.33,32.0,0.067,2024-25,Playoffs
0042400133,1610612754,Indiana,Pacers,IND,pacers,1628418,Thomas,Bryant,T. Bryant,thomas-bryant,,,,21:24,97.7,97.7,100.0,100.0,-2.3,-2.3,0.118,1.0,33.3,0.043,0.12,0.083,33.3,0.75,0.75,0.08,0.08,96.45,96.45,80.37,44.0,0.043,2024-25,Playoffs
0042400133,1610612754,Indiana,Pacers,IND,pacers,204456,T.J.,McConnell,T. McConnell,tj-mcconnell,,,,16:36,85.3,85.3,78.8,78.8,6.5,6.5,0.417,5.0,50.0,0.0,0.174,0.087,10.0,0.0,0.0,0.128,0.128,96.87,96.87,80.72,34.0,0.09,2024-25,Playoffs
0042400133,1610612754,Indiana,Pacers,IND,pacers,1631097,Bennedict,Mathurin,B. Mathurin,bennedict-mathurin,,,,13:42,62.1,62.1,92.9,92.9,-30.8,-30.8,0.0,0.0,0.0,0.0,0.143,0.079,20.0,0.5,0.533,0.323,0.323,99.85,99.85,83.21,29.0,0.143,2024-25,Playoffs
0042400133,1610612754,Indiana,Pacers,IND,pacers,1641767,Ben,Sheppard,B. Sheppard,ben-sheppard,,,,15:26,116.1,116.1,113.8,113.8,2.3,2.3,0.0,0.0,0.0,0.063,0.077,0.069,0.0,0.5,0.5,0.139,0.139,93.3,93.3,77.75,31.0,0.033,2024-25,Playoffs
0042400133,1610612754,Indiana,Pacers,IND,pacers,1641716,Jarace,Walker,J. Walker,jarace-walker,,,,5:50,145.5,145.5,136.4,136.4,9.1,9.1,0.0,0.0,0.0,0.0,0.0,0.0,0.0,0.5,0.5,0.143,0.143,90.51,90.51,75.43,11.0,0.0,2024-25,Playoffs
0042400133,1610612754,Indiana,Pacers,IND,pacers,1642277,Johnny,Furphy,J. Furphy,johnny-furphy,,,,3:33,142.9,142.9,85.7,85.7,57.1,57.1,0.0,0.0,0.0,0.0,0.0,0.0,0.0,0.0,0.0,0.0,0.0,94.65,94.65,78.87,7.0,0.0,2024-25,Playoffs
0042400133,1610612754,Indiana,Pacers,IND,pacers,1628396,Tony,Bradley,T. Bradley,tony-bradley,,,,3:33,142.9,142.9,85.7,85.7,57.1,57.1,0.5,0.0,100.0,1.0,0.0,0.4,0.0,0.0,0.0,0.0,0.0,94.65,94.65,78.87,7.0,0.171,2024-25,Playoffs
0042400133,1610612754,Indiana,Pacers,IND,pacers,201949,James,Johnson,J. Johnson,james-johnson,,DNP - Coach's Decision,,,0.0,0.0,0.0,0.0,0.0,0.0,0.0,0.0,0.0,0.0,0.0,0.0,0.0,0.0,0.0,0.0,0.0,0.0,0.0,0.0,0.0,0.0,2024-25,Playoffs
0042400133,1610612749,Milwaukee,Bucks,MIL,bucks,1628398,Kyle,Kuzma,K. Kuzma,kyle-kuzma,F,,,20:36,108.7,108.7,115.9,115.9,-7.2,-7.2,0.143,1.0,15.4,0.0,0.143,0.075,15.4,0.5,0.5,0.234,0.234,104.85,104.85,87.38,46.0,0.047,2024-25,Playoffs
0042400133,1610612749,Milwaukee,Bucks,MIL,bucks,203507,Giannis,Antetokounmpo,G. Antetokounmpo,giannis-antetokounmpo,F,,,32:12,138.8,138.8,100.0,100.0,38.8,38.8,0.333,1.2,18.2,0.111,0.265,0.197,15.2,0.737,0.791,0.37,0.37,101.37,101.37,84.47,67.0,0.261,2024-25,Playoffs
0042400133,1610612749,Milwaukee,Bucks,MIL,bucks,201572,Brook,Lopez,B. Lopez,brook-lopez,C,,,14:36,111.8,111.8,100.0,100.0,11.8,11.8,0.143,2.0,33.3,0.077,0.059,0.067,16.7,0.0,0.0,0.114,0.114,110.14,110.14,91.78,34.0,-0.053,2024-25,Playoffs
0042400133,1610612749,Milwaukee,Bucks,MIL,bucks,1629018,Gary,Trent Jr.,G. Trent Jr.,gary-trent-jr,G,,,34:05,133.8,133.8,104.2,104.2,29.6,29.6,0.0,0.0,0.0,0.0,0.083,0.045,0.0,0.969,0.97,0.234,0.234,100.69,100.69,83.91,71.0,0.226,2024-25,Playoffs
0042400133,1610612749,Milwaukee,Bucks,MIL,bucks,203081,Damian,Lillard,D. Lillard,damian-lillard,G,,,31:38,122.7,122.7,95.6,95.6,27.1,27.1,0.172,5.0,26.3,0.0,0.077,0.041,5.3,0.208,0.272,0.184,0.184,101.66,101.66,84.72,66.0,0.023,2024-25,Playoffs
0042400133,1610612749,Milwaukee,Bucks,MIL,bucks,1631260,AJ,Green,A. Green,aj-green,,,,25:46,134.0,134.0,94.1,94.1,39.9,39.9,0.2,0.0,33.3,0.0,0.148,0.074,0.0,0.75,0.75,0.133,0.133,94.08,94.08,78.4,50.0,0.134,2024-25,Playoffs
0042400133,1610612749,Milwaukee,Bucks,MIL,bucks,1626171,Bobby,Portis,B. Portis,bobby-portis,,,,32:13,120.3,120.3,93.9,93.9,26.4,26.4,0.136,1.0,15.8,0.054,0.167,0.11,15.8,0.385,0.385,0.213,0.213,96.84,96.84,80.7,64.0,0.074,2024-25,Playoffs
0042400133,1610612749,Milwaukee,Bucks,MIL,bucks,1629645,Kevin,Porter Jr.,K. Porter Jr.,kevin-porter-jr,,,,26:23,94.4,94.4,103.7,103.7,-9.3,-9.3,0.353,6.0,46.2,0.0,0.133,0.066,7.7,0.0,0.085,0.113,0.113,98.24,98.24,81.87,54.0,0.019,2024-25,Playoffs
0042400133,1610612749,Milwaukee,Bucks,MIL,bucks,1627752,Taurean,Prince,T. Prince,taurean-prince,,,,3:07,71.4,71.4,28.6,28.6,42.9,42.9,0.0,0.0,0.0,0.0,0.25,0.111,0.0,0.0,0.0,0.125,0.125,107.81,107.81,89.84,7.0,-0.286,2024-25,Playoffs
0042400133,1610612749,Milwaukee,Bucks,MIL,bucks,1630579,Jericho,Sims,J. Sims,jericho-sims,,,,14:34,82.8,82.8,106.7,106.7,-23.9,-23.9,0.0,0.0,0.0,0.2,0.235,0.216,0.0,1.0,0.82,0.057,0.057,97.21,97.21,81.01,29.0,0.171,2024-25,Playoffs
0042400133,1610612749,Milwaukee,Bucks,MIL,bucks,1631157,Ryan,Rollins,R. Rollins,ryan-rollins,,,,2:25,40.0,40.0,150.0,150.0,-110.0,-110.0,0.0,0.0,0.0,0.0,0.0,0.0,0.0,0.0,0.0,0.2,0.2,89.38,89.38,74.48,5.0,-0.105,2024-25,Playoffs
0042400133,1610612749,Milwaukee,Bucks,MIL,bucks,1626192,Pat,Connaughton,P. Connaughton,pat-connaughton,,,,2:25,40.0,40.0,150.0,150.0,-110.0,-110.0,0.0,0.0,0.0,0.0,0.0,0.0,0.0,0.0,0.0,0.0,0.0,89.38,89.38,74.48,5.0,0.0,2024-25,Playoffs
0042400133,1610612749,Milwaukee,Bucks,MIL,bucks,1641748,Andre,Jackson Jr.,A. Jackson Jr.,andre-jackson-jr,,DNP - Coach's Decision,,,0.0,0.0,0.0,0.0,0.0,0.0,0.0,0.0,0.0,0.0,0.0,0.0,0.0,0.0,0.0,0.0,0.0,0.0,0.0,0.0,0.0,0.0,2024-25,Playoffs
0042400134,1610612754,Indiana,Pacers,IND,pacers,1630174,Aaron,Nesmith,A. Nesmith,aaron-nesmith,F,,,24:47,152.9,152.9,102.0,102.0,51.0,51.0,0.0,0.0,0.0,0.0,0.179,0.114,0.0,0.75,0.788,0.167,0.167,98.78,98.78,82.32,51.0,0.1,2024-25,Playoffs
0042400134,1610612754,Indiana,Pacers,IND,pacers,1627783,Pascal,Siakam,P. Siakam,pascal-siakam,F,,,29:24,116.1,116.1,115.0,115.0,1.1,1.1,0.167,4.0,25.0,0.0,0.1,0.057,6.3,0.5,0.551,0.185,0.185,99.59,99.59,82.99,62.0,0.067,2024-25,Playoffs
0042400134,1610612754,Indiana,Pacers,IND,pacers,1626167,Myles,Turner,M. Turner,myles-turner,C,,,29:43,136.2,136.2,111.7,111.7,24.5,24.5,0.143,0.0,16.7,0.0,0.156,0.098,0.0,0.731,0.757,0.246,0.246,95.3,95.3,79.42,58.0,0.182,2024-25,Playoffs
0042400134,1610612754,Indiana,Pacers,IND,pacers,1629614,Andrew,Nembhard,A. Nembhard,andrew-nembhard,G,,,31:12,135.5,135.5,104.9,104.9,30.6,30.6,0.08,2.0,11.8,0.0,0.088,0.056,5.9,0.714,0.714,0.234,0.234,94.62,94.62,78.85,62.0,0.116,2024-25,Playoffs
0042400134,1610612754,Indiana,Pacers,IND,pacers,1630169,Tyrese,Haliburton,T. Haliburton,tyrese-haliburton,G,,,33:33,139.1,139.1,102.9,102.9,36.2,36.2,0.484,3.0,46.9,0.0,0.211,0.129,15.6,0.636,0.666,0.236,0.236,98.72,98.72,82.27,69.0,0.179,2024-25,Playoffs
0042400134,1610612754,Indiana,Pacers,IND,pacers,1641716,Jarace,Walker,J. Walker,jarace-walker,,,,21:19,126.8,126.8,95.2,95.2,31.6,31.6,0.188,3.0,33.3,0.0,0.185,0.114,11.1,1.2,1.2,0.136,0.136,93.44,93.44,77.87,41.0,0.199,2024-25,Playoffs
0042400134,1610612754,Indiana,Pacers,IND,pacers,204456,T.J.,McConnell,T. McConnell,tj-mcconnell,,,,22:25,124.4,124.4,115.9,115.9,8.5,8.5,0.4,3.0,33.3,0.059,0.091,0.077,11.1,0.75,0.75,0.25,0.25,95.29,95.29,79.41,45.0,0.168,2024-25,Playoffs
0042400134,1610612754,Indiana,Pacers,IND,pacers,1630167,Obi,Toppin,O. Toppin,obi-toppin,,,,14:13,148.4,148.4,124.1,124.1,24.2,24.2,0.077,0.0,12.5,0.091,0.0,0.043,0.0,0.929,0.929,0.219,0.219,101.29,101.29,84.41,31.0,0.131,2024-25,Playoffs
0042400134,1610612754,Indiana,Pacers,IND,pacers,1641767,Ben,Sheppard,B. Sheppard,ben-sheppard,,,,21:33,134.1,134.1,131.0,131.0,3.2,3.2,0.05,0.0,20.0,0.118,0.05,0.081,0.0,0.375,0.375,0.089,0.089,92.44,92.44,77.03,41.0,0.019,2024-25,Playoffs
0042400134,1610612754,Indiana,Pacers,IND,pacers,1628418,Thomas,Bryant,T. Bryant,thomas-bryant,,,,7:44,121.4,121.4,71.4,71.4,50.0,50.0,0.167,1.0,33.3,0.167,0.167,0.167,33.3,0.0,0.0,0.125,0.125,86.9,86.9,72.41,14.0,0.098,2024-25,Playoffs
0042400134,1610612754,Indiana,Pacers,IND,pacers,1642277,Johnny,Furphy,J. Furphy,johnny-furphy,,,,2:13,125.0,125.0,0.0,0.0,125.0,125.0,0.0,0.0,0.0,0.0,0.167,0.167,0.0,0.0,0.0,0.0,0.0,86.62,86.62,72.18,4.0,0.333,2024-25,Playoffs
0042400134,1610612754,Indiana,Pacers,IND,pacers,1628396,Tony,Bradley,T. Bradley,tony-bradley,,,,1:54,125.0,125.0,0.0,0.0,125.0,125.0,0.0,0.0,0.0,0.0,0.25,0.25,0.0,0.0,0.0,0.0,0.0,101.05,101.05,84.21,4.0,0.222,2024-25,Playoffs
0042400134,1610612754,Indiana,Pacers,IND,pacers,201949,James,Johnson,J. Johnson,james-johnson,,DNP - Coach's Decision,,,0.0,0.0,0.0,0.0,0.0,0.0,0.0,0.0,0.0,0.0,0.0,0.0,0.0,0.0,0.0,0.0,0.0,0.0,0.0,0.0,0.0,0.0,2024-25,Playoffs
0042400134,1610612749,Milwaukee,Bucks,MIL,bucks,1628398,Kyle,Kuzma,K. Kuzma,kyle-kuzma,F,,,16:03,100.0,100.0,129.4,129.4,-29.4,-29.4,0.1,0.0,12.5,0.0,0.0,0.0,0.0,0.167,0.218,0.184,0.184,101.68,101.68,84.74,34.0,-0.068,2024-25,Playoffs
0042400134,1610612749,Milwaukee,Bucks,MIL,bucks,203507,Giannis,Antetokounmpo,G. Antetokounmpo,giannis-antetokounmpo,F,,,33:45,104.3,104.3,144.9,144.9,-40.6,-40.6,0.353,3.0,18.2,0.108,0.478,0.25,6.1,0.45,0.564,0.351,0.351,98.13,98.13,81.78,69.0,0.187,2024-25,Playoffs
0042400134,1610612749,Milwaukee,Bucks,MIL,bucks,201572,Brook,Lopez,B. Lopez,brook-lopez,C,,,14:56,106.7,106.7,120.0,120.0,-13.3,-13.3,0.091,1.0,12.5,0.0,0.111,0.042,12.5,0.5,0.5,0.219,0.219,96.43,96.43,80.36,30.0,0.008,2024-25,Playoffs
0042400134,1610612749,Milwaukee,Bucks,MIL,bucks,1629018,Gary,Trent Jr.,G. Trent Jr.,gary-trent-jr,G,,,32:21,100.0,100.0,139.4,139.4,-39.4,-39.4,0.045,0.0,14.3,0.0,0.0,0.0,0.0,0.5,0.5,0.081,0.081,98.67,98.67,82.23,67.0,0.025,2024-25,Playoffs
0042400134,1610612749,Milwaukee,Bucks,MIL,bucks,203081,Damian,Lillard,D. Lillard,damian-lillard,G,,,6:03,100.0,100.0,115.4,115.4,-15.4,-15.4,0.4,0.0,50.0,0.143,0.25,0.182,0.0,0.0,0.0,0.154,0.154,99.17,99.17,82.64,12.0,0.05,2024-25,Playoffs
0042400134,1610612749,Milwaukee,Bucks,MIL,bucks,1629645,Kevin,Porter Jr.,K. Porter Jr.,kevin-porter-jr,,,,33:27,107.5,107.5,131.3,131.3,-23.9,-23.9,0.353,3.0,24.0,0.029,0.154,0.082,8.0,0.676,0.676,0.253,0.253,96.14,96.14,80.12,67.0,0.15,2024-25,Playoffs
0042400134,1610612749,Milwaukee,Bucks,MIL,bucks,1626171,Bobby,Portis,B. Portis,bobby-portis,,,,24:48,124.5,124.5,142.0,142.0,-17.5,-17.5,0.071,1.0,8.3,0.0,0.143,0.063,8.3,0.7,0.7,0.193,0.193,95.81,95.81,79.84,49.0,0.09,2024-25,Playoffs
0042400134,1610612749,Milwaukee,Bucks,MIL,bucks,1631260,AJ,Green,A. Green,aj-green,,,,23:37,119.6,119.6,144.7,144.7,-25.1,-25.1,0.176,0.0,37.5,0.042,0.0,0.023,0.0,0.9,0.9,0.096,0.096,94.51,94.51,78.76,46.0,0.071,2024-25,Playoffs
0042400134,1610612749,Milwaukee,Bucks,MIL,bucks,1630579,Jericho,Sims,J. Sims,jericho-sims,,,,14:15,114.8,114.8,103.6,103.6,11.2,11.2,0.111,0.0,25.0,0.125,0.091,0.111,0.0,1.0,1.042,0.097,0.097,92.63,92.63,77.19,27.0,0.152,2024-25,Playoffs
0042400134,1610612749,Milwaukee,Bucks,MIL,bucks,1627752,Taurean,Prince,T. Prince,taurean-prince,,,,14:47,126.7,126.7,141.4,141.4,-14.7,-14.7,0.071,1.0,20.0,0.0,0.1,0.045,20.0,0.0,0.0,0.125,0.125,95.77,95.77,79.81,30.0,-0.037,2024-25,Playoffs
0042400134,1610612749,Milwaukee,Bucks,MIL,bucks,1631157,Ryan,Rollins,R. Rollins,ryan-rollins,,,,8:30,118.8,118.8,152.9,152.9,-34.2,-34.2,0.25,0.0,20.0,0.0,0.0,0.0,0.0,0.625,0.625,0.211,0.211,93.19,93.19,77.66,16.0,0.047,2024-25,Playoffs
0042400134,1610612749,Milwaukee,Bucks,MIL,bucks,1626192,Pat,Connaughton,P. Connaughton,pat-connaughton,,,,9:55,94.4,94.4,110.5,110.5,-16.1,-16.1,0.167,0.0,11.1,0.0,0.5,0.133,0.0,0.143,0.19,0.4,0.4,89.55,89.55,74.62,18.0,-0.027,2024-25,Playoffs
0042400134,1610612749,Milwaukee,Bucks,MIL,bucks,1641748,Andre,Jackson Jr.,A. Jackson Jr.,andre-jackson-jr,,,,3:51,42.9,42.9,100.0,100.0,-57.1,-57.1,0.0,0.0,0.0,0.0,0.0,0.0,0.0,0.0,0.0,0.0,0.0,87.27,87.27,72.73,7.0,0.0,2024-25,Playoffs
0042400134,1610612749,Milwaukee,Bucks,MIL,bucks,1641753,Chris,Livingston,C. Livingston,chris-livingston,,,,3:42,28.6,28.6,100.0,100.0,-71.4,-71.4,0.0,0.0,0.0,0.0,0.0,0.0,0.0,0.0,0.0,0.111,0.111,90.81,90.81,75.68,7.0,-0.125,2024-25,Playoffs
0042400135,1610612749,Milwaukee,Bucks,MIL,bucks,1631260,AJ,Green,A. Green,aj-green,F,,,46:11,116.0,116.0,109.6,109.6,6.4,6.4,0.031,0.0,7.7,0.024,0.061,0.044,0.0,0.818,0.8,0.118,0.118,97.7,97.7,81.41,94.0,0.075,2024-25,Playoffs
0042400135,1610612749,Milwaukee,Bucks,MIL,bucks,203507,Giannis,Antetokounmpo,G. Antetokounmpo,giannis-antetokounmpo,F,,,44:14,114.8,114.8,115.7,115.7,-1.0,-1.0,0.5,1.86,28.9,0.048,0.4,0.23,15.6,0.559,0.613,0.33,0.33,96.04,96.04,80.03,88.0,0.214,2024-25,Playoffs
0042400135,1610612749,Milwaukee,Bucks,MIL,bucks,1626171,Bobby,Portis,B. Portis,bobby-portis,C,,,44:00,111.1,111.1,110.0,110.0,1.1,1.1,0.067,2.0,9.5,0.064,0.149,0.106,4.8,0.389,0.389,0.186,0.186,98.17,98.17,81.81,90.0,0.054,2024-25,Playoffs
0042400135,1610612749,Milwaukee,Bucks,MIL,bucks,1629018,Gary,Trent Jr.,G. Trent Jr.,gary-trent-jr,G,,,48:00,101.0,101.0,109.2,109.2,-8.2,-8.2,0.087,1.0,6.7,0.019,0.08,0.049,6.7,0.64,0.638,0.252,0.252,98.0,98.0,81.67,98.0,0.137,2024-25,Playoffs
0042400135,1610612749,Milwaukee,Bucks,MIL,bucks,1629645,Kevin,Porter Jr.,K. Porter Jr.,kevin-porter-jr,G,,,46:34,113.5,113.5,111.7,111.7,1.8,1.8,0.206,2.33,33.3,0.021,0.042,0.031,14.3,0.45,0.486,0.128,0.128,97.92,97.92,81.6,96.0,0.04,2024-25,Playoffs
0042400135,1610612749,Milwaukee,Bucks,MIL,bucks,1630579,Jericho,Sims,J. Sims,jericho-sims,,,,11:14,73.1,73.1,84.6,84.6,-11.5,-11.5,0.0,0.0,0.0,0.222,0.1,0.179,50.0,1.0,1.0,0.125,0.125,111.1,111.1,92.58,26.0,0.129,2024-25,Playoffs
0042400135,1610612749,Milwaukee,Bucks,MIL,bucks,1628398,Kyle,Kuzma,K. Kuzma,kyle-kuzma,,,,12:45,103.4,103.4,106.9,106.9,-3.4,-3.4,0.0,0.0,0.0,0.063,0.4,0.192,16.7,0.5,0.5,0.167,0.167,109.18,109.18,90.98,29.0,0.067,2024-25,Playoffs
0042400135,1610612749,Milwaukee,Bucks,MIL,bucks,201572,Brook,Lopez,B. Lopez,brook-lopez,,,,7:48,94.1,94.1,94.1,94.1,0.0,0.0,0.0,0.0,0.0,0.0,0.0,0.0,0.0,0.0,0.532,0.105,0.105,104.7,104.7,87.25,17.0,0.036,2024-25,Playoffs
0042400135,1610612749,Milwaukee,Bucks,MIL,bucks,1627752,Taurean,Prince,T. Prince,taurean-prince,,,,4:14,70.0,70.0,90.0,90.0,-20.0,-20.0,0.0,0.0,0.0,0.0,0.25,0.125,50.0,0.0,0.0,0.2,0.2,113.39,113.39,94.49,10.0,-0.025,2024-25,Playoffs
0042400135,1610612749,Milwaukee,Bucks,MIL,bucks,1626192,Pat,Connaughton,P. Connaughton,pat-connaughton,,DNP - Coach's Decision,,,0.0,0.0,0.0,0.0,0.0,0.0,0.0,0.0,0.0,0.0,0.0,0.0,0.0,0.0,0.0,0.0,0.0,0.0,0.0,0.0,0.0,0.0,2024-25,Playoffs
0042400135,1610612749,Milwaukee,Bucks,MIL,bucks,1641748,Andre,Jackson Jr.,A. Jackson Jr.,andre-jackson-jr,,DNP - Coach's Decision,,,0.0,0.0,0.0,0.0,0.0,0.0,0.0,0.0,0.0,0.0,0.0,0.0,0.0,0.0,0.0,0.0,0.0,0.0,0.0,0.0,0.0,0.0,2024-25,Playoffs
0042400135,1610612749,Milwaukee,Bucks,MIL,bucks,1641753,Chris,Livingston,C. Livingston,chris-livingston,,DNP - Coach's Decision,,,0.0,0.0,0.0,0.0,0.0,0.0,0.0,0.0,0.0,0.0,0.0,0.0,0.0,0.0,0.0,0.0,0.0,0.0,0.0,0.0,0.0,0.0,2024-25,Playoffs
0042400135,1610612749,Milwaukee,Bucks,MIL,bucks,1631157,Ryan,Rollins,R. Rollins,ryan-rollins,,DNP - Coach's Decision,,,0.0,0.0,0.0,0.0,0.0,0.0,0.0,0.0,0.0,0.0,0.0,0.0,0.0,0.0,0.0,0.0,0.0,0.0,0.0,0.0,0.0,0.0,2024-25,Playoffs
0042400135,1610612754,Indiana,Pacers,IND,pacers,1630174,Aaron,Nesmith,A. Nesmith,aaron-nesmith,F,,,40:36,117.3,117.3,110.8,110.8,6.4,6.4,0.115,0.0,16.7,0.093,0.205,0.146,0.0,0.633,0.633,0.163,0.163,96.96,96.96,80.8,81.0,0.119,2024-25,Playoffs
0042400135,1610612754,Indiana,Pacers,IND,pacers,1627783,Pascal,Siakam,P. Siakam,pascal-siakam,F,,,41:12,103.7,103.7,101.2,101.2,2.5,2.5,0.038,0.5,6.3,0.0,0.093,0.047,12.5,0.417,0.388,0.163,0.163,96.11,96.11,80.09,82.0,-0.007,2024-25,Playoffs
0042400135,1610612754,Indiana,Pacers,IND,pacers,1626167,Myles,Turner,M. Turner,myles-turner,C,,,42:55,114.0,114.0,117.0,117.0,-3.1,-3.1,0.0,0.0,0.0,0.091,0.122,0.106,5.9,0.591,0.682,0.175,0.175,97.32,97.32,81.1,86.0,0.093,2024-25,Playoffs
0042400135,1610612754,Indiana,Pacers,IND,pacers,1629614,Andrew,Nembhard,A. Nembhard,andrew-nembhard,G,,,37:02,112.2,112.2,109.2,109.2,3.0,3.0,0.25,6.0,27.3,0.024,0.139,0.077,4.5,0.464,0.504,0.19,0.19,97.21,97.21,81.01,74.0,0.133,2024-25,Playoffs
0042400135,1610612754,Indiana,Pacers,IND,pacers,1630169,Tyrese,Haliburton,T. Haliburton,tyrese-haliburton,G,,,42:03,106.9,106.9,111.6,111.6,-4.7,-4.7,0.391,9.0,27.3,0.0,0.111,0.054,3.0,0.5,0.547,0.247,0.247,98.76,98.76,82.3,87.0,0.171,2024-25,Playoffs
0042400135,1610612754,Indiana,Pacers,IND,pacers,1641716,Jarace,Walker,J. Walker,jarace-walker,,,,10:50,119.2,119.2,115.4,115.4,3.8,3.8,0.0,0.0,0.0,0.0,0.167,0.087,33.3,0.0,0.0,0.107,0.107,115.22,115.22,96.01,26.0,-0.034,2024-25,Playoffs
0042400135,1610612754,Indiana,Pacers,IND,pacers,1631097,Bennedict,Mathurin,B. Mathurin,bennedict-mathurin,,,,15:57,105.9,105.9,100.0,100.0,5.9,5.9,0.083,0.33,11.1,0.0,0.111,0.067,33.3,0.667,0.525,0.222,0.222,103.8,103.8,86.5,34.0,0.035,2024-25,Playoffs
0042400135,1610612754,Indiana,Pacers,IND,pacers,204456,T.J.,McConnell,T. McConnell,tj-mcconnell,,,,17:01,105.6,105.6,100.0,100.0,5.6,5.6,0.375,3.0,17.6,0.0,0.15,0.094,5.9,0.636,0.705,0.368,0.368,102.96,102.96,85.8,36.0,0.302,2024-25,Playoffs
0042400135,1610612754,Indiana,Pacers,IND,pacers,1630167,Obi,Toppin,O. Toppin,obi-toppin,,,,11:03,96.0,96.0,79.2,79.2,16.8,16.8,0.125,0.5,14.3,0.0,0.071,0.042,28.6,0.5,0.644,0.231,0.231,106.36,106.36,88.63,25.0,0.092,2024-25,Playoffs
0042400135,1610612754,Indiana,Pacers,IND,pacers,1641767,Ben,Sheppard,B. Sheppard,ben-sheppard,,,,6:21,85.7,85.7,73.3,73.3,12.4,12.4,0.0,0.0,0.0,0.0,0.167,0.083,0.0,0.0,0.0,0.0,0.0,109.66,109.66,91.39,14.0,0.054,2024-25,Playoffs
0042400135,1610612754,Indiana,Pacers,IND,pacers,1628418,Thomas,Bryant,T. Bryant,thomas-bryant,,,,0:01,0.0,0.0,0.0,0.0,0.0,0.0,0.0,0.0,0.0,0.0,0.0,0.0,0.0,0.0,0.0,0.0,0.0,1800.0,1800.0,1500.0,0.0,0.0,2024-25,Playoffs
0042400135,1610612754,Indiana,Pacers,IND,pacers,1628396,Tony,Bradley,T. Bradley,tony-bradley,,DNP - Coach's Decision,,,0.0,0.0,0.0,0.0,0.0,0.0,0.0,0.0,0.0,0.0,0.0,0.0,0.0,0.0,0.0,0.0,0.0,0.0,0.0,0.0,0.0,0.0,2024-25,Playoffs
0042400135,1610612754,Indiana,Pacers,IND,pacers,1642277,Johnny,Furphy,J. Furphy,johnny-furphy,,DNP - Coach's Decision,,,0.0,0.0,0.0,0.0,0.0,0.0,0.0,0.0,0.0,0.0,0.0,0.0,0.0,0.0,0.0,0.0,0.0,0.0,0.0,0.0,0.0,0.0,2024-25,Playoffs
0042400135,1610612754,Indiana,Pacers,IND,pacers,201949,James,Johnson,J. Johnson,james-johnson,,DNP - Coach's Decision,,,0.0,0.0,0.0,0.0,0.0,0.0,0.0,0.0,0.0,0.0,0.0,0.0,0.0,0.0,0.0,0.0,0.0,0.0,0.0,0.0,0.0,0.0,2024-25,Playoffs
0042400141,1610612763,Memphis,Grizzlies,MEM,grizzlies,1630217,Desmond,Bane,D. Bane,desmond-bane,F,,,27:27,67.7,67.7,155.0,155.0,-87.3,-87.3,0.0,0.0,0.0,0.0,0.083,0.033,23.5,0.292,0.349,0.23,0.23,106.67,106.67,88.89,62.0,-0.016,2024-25,Playoffs
0042400141,1610612763,Memphis,Grizzlies,MEM,grizzlies,1628991,Jaren,Jackson Jr.,J. Jackson Jr.,jaren-jackson-jr,F,,,28:30,76.9,76.9,128.4,128.4,-51.4,-51.4,0.1,0.67,11.1,0.077,0.0,0.046,16.7,0.154,0.154,0.205,0.205,111.16,111.16,92.63,65.0,-0.054,2024-25,Playoffs
0042400141,1610612763,Memphis,Grizzlies,MEM,grizzlies,1641744,Zach,Edey,Z. Edey,zach-edey,C,,,19:39,59.1,59.1,148.8,148.8,-89.7,-89.7,0.125,0.5,11.1,0.143,0.294,0.2,22.2,0.4,0.368,0.151,0.151,106.28,106.28,88.56,44.0,0.057,2024-25,Playoffs
0042400141,1610612763,Memphis,Grizzlies,MEM,grizzlies,1630590,Scotty,Pippen Jr.,S. Pippen Jr.,scotty-pippen-jr,G,,,22:14,65.3,65.3,139.2,139.2,-73.9,-73.9,0.308,1.33,25.0,0.0,0.105,0.039,18.8,0.111,0.111,0.203,0.203,107.96,107.96,89.97,49.0,-0.071,2024-25,Playoffs
0042400141,1610612763,Memphis,Grizzlies,MEM,grizzlies,1629630,Ja,Morant,J. Morant,ja-morant,G,,,26:13,78.0,78.0,124.6,124.6,-46.6,-46.6,0.308,4.0,16.7,0.03,0.065,0.047,4.2,0.382,0.443,0.294,0.294,106.2,106.2,88.5,59.0,0.085,2024-25,Playoffs
0042400141,1610612763,Memphis,Grizzlies,MEM,grizzlies,1629723,John,Konchar,J. Konchar,john-konchar,,,,25:19,62.1,62.1,114.3,114.3,-52.2,-52.2,0.167,2.0,28.6,0.0,0.125,0.054,14.3,0.25,0.25,0.076,0.076,108.07,108.07,90.06,58.0,0.036,2024-25,Playoffs
0042400141,1610612763,Memphis,Grizzlies,MEM,grizzlies,1630583,Santi,Aldama,S. Aldama,santi-aldama,,,,19:23,88.9,88.9,125.0,125.0,-36.1,-36.1,0.214,0.0,33.3,0.04,0.143,0.087,0.0,0.417,0.417,0.12,0.12,110.21,110.21,91.84,45.0,0.065,2024-25,Playoffs
0042400141,1610612763,Memphis,Grizzlies,MEM,grizzlies,1628963,Marvin,Bagley III,M. Bagley III,marvin-bagley-iii,,,,16:14,100.0,100.0,123.1,123.1,-23.1,-23.1,0.0,0.0,0.0,0.095,0.176,0.132,11.1,1.063,1.063,0.209,0.209,112.33,112.33,93.61,37.0,0.295,2024-25,Playoffs
0042400141,1610612763,Memphis,Grizzlies,MEM,grizzlies,1631246,Vince,Williams Jr.,V. Williams Jr.,vince-williams-jr,,,,19:01,88.9,88.9,100.0,100.0,-11.1,-11.1,0.071,0.33,16.7,0.04,0.095,0.065,50.0,0.75,0.75,0.1,0.1,114.82,114.82,95.68,45.0,0.03,2024-25,Playoffs
0042400141,1610612763,Memphis,Grizzlies,MEM,grizzlies,1630643,Jay,Huff,J. Huff,jay-huff,,,,12:00,60.7,60.7,70.4,70.4,-9.7,-9.7,0.0,0.0,0.0,0.077,0.067,0.071,14.3,0.5,0.694,0.241,0.241,110.0,110.0,91.67,28.0,0.254,2024-25,Playoffs
0042400141,1610612763,Memphis,Grizzlies,MEM,grizzlies,1628379,Luke,Kennard,L. Kennard,luke-kennard,,,,12:00,60.7,60.7,70.4,70.4,-9.7,-9.7,0.0,0.0,0.0,0.0,0.2,0.107,33.3,0.625,0.625,0.207,0.207,110.0,110.0,91.67,28.0,0.136,2024-25,Playoffs
0042400141,1610612763,Memphis,Grizzlies,MEM,grizzlies,1630205,Lamar,Stevens,L. Stevens,lamar-stevens,,,,12:00,60.7,60.7,70.4,70.4,-9.7,-9.7,0.25,1.0,9.1,0.0,0.267,0.143,9.1,0.222,0.222,0.345,0.345,110.0,110.0,91.67,28.0,0.034,2024-25,Playoffs
0042400141,1610612763,Memphis,Grizzlies,MEM,grizzlies,1641713,GG,Jackson,G. Jackson,gg-jackson,,NWT - Personal,,,0.0,0.0,0.0,0.0,0.0,0.0,0.0,0.0,0.0,0.0,0.0,0.0,0.0,0.0,0.0,0.0,0.0,0.0,0.0,0.0,0.0,0.0,2024-25,Playoffs
0042400141,1610612760,Oklahoma City,Thunder,OKC,thunder,1631114,Jalen,Williams,J. Williams,jalen-williams,F,,,25:53,147.4,147.4,66.7,66.7,80.7,80.7,0.25,3.0,25.0,0.077,0.083,0.081,8.3,0.625,0.625,0.265,0.265,108.49,108.49,90.41,57.0,0.206,2024-25,Playoffs
0042400141,1610612760,Oklahoma City,Thunder,OKC,thunder,1631096,Chet,Holmgren,C. Holmgren,chet-holmgren,F,,,21:08,130.4,130.4,76.1,76.1,54.3,54.3,0.133,0.0,12.5,0.04,0.36,0.2,0.0,0.591,0.696,0.25,0.25,104.48,104.48,87.07,46.0,0.3,2024-25,Playoffs
0042400141,1610612760,Oklahoma City,Thunder,OKC,thunder,1628392,Isaiah,Hartenstein,I. Hartenstein,isaiah-hartenstein,C,,,21:01,142.6,142.6,68.1,68.1,74.5,74.5,0.238,0.0,38.5,0.2,0.133,0.16,0.0,0.875,0.875,0.148,0.148,107.34,107.34,89.45,47.0,0.24,2024-25,Playoffs
0042400141,1610612760,Oklahoma City,Thunder,OKC,thunder,1629652,Luguentz,Dort,L. Dort,luguentz-dort,G,,,21:42,121.3,121.3,74.5,74.5,46.8,46.8,0.111,2.0,18.2,0.037,0.077,0.057,9.1,0.75,0.75,0.158,0.158,103.98,103.98,86.65,47.0,0.174,2024-25,Playoffs
0042400141,1610612760,Oklahoma City,Thunder,OKC,thunder,1628983,Shai,Gilgeous-Alexander,S. Gilgeous-Alexander,shai-gilgeous-alexander,G,,,23:06,132.0,132.0,76.0,76.0,56.0,56.0,0.278,2.5,21.7,0.0,0.111,0.058,8.7,0.346,0.466,0.3,0.3,103.9,103.9,86.58,50.0,0.114,2024-25,Playoffs
0042400141,1610612760,Oklahoma City,Thunder,OKC,thunder,1630198,Isaiah,Joe,I. Joe,isaiah-joe,,,,19:34,110.6,110.6,77.8,77.8,32.9,32.9,0.067,0.5,12.5,0.045,0.0,0.021,25.0,0.6,0.6,0.13,0.13,112.82,112.82,94.01,47.0,0.037,2024-25,Playoffs
0042400141,1610612760,Oklahoma City,Thunder,OKC,thunder,1641717,Cason,Wallace,C. Wallace,cason-wallace,,,,12:39,172.4,172.4,69.0,69.0,103.4,103.4,0.176,3.0,60.0,0.0,0.1,0.08,20.0,1.0,1.0,0.065,0.065,110.04,110.04,91.7,29.0,0.052,2024-25,Playoffs
0042400141,1610612760,Oklahoma City,Thunder,OKC,thunder,1627936,Alex,Caruso,A. Caruso,alex-caruso,,,,11:51,188.5,188.5,65.5,65.5,122.9,122.9,0.222,0.0,100.0,0.0,0.176,0.13,0.0,0.0,0.0,0.0,0.0,111.46,111.46,92.88,26.0,0.118,2024-25,Playoffs
0042400141,1610612760,Oklahoma City,Thunder,OKC,thunder,1631119,Jaylin,Williams,J. Williams,jaylin-williams,,,,18:42,90.9,90.9,77.8,77.8,13.1,13.1,0.231,1.0,27.3,0.0,0.208,0.116,27.3,0.8,0.827,0.174,0.174,114.21,114.21,95.18,44.0,0.172,2024-25,Playoffs
0042400141,1610612760,Oklahoma City,Thunder,OKC,thunder,1642349,Ajay,Mitchell,A. Mitchell,ajay-mitchell,,,,14:28,70.6,70.6,73.5,73.5,-2.9,-2.9,0.25,0.0,25.0,0.0,0.059,0.029,0.0,0.417,0.417,0.167,0.167,112.77,112.77,93.98,34.0,0.045,2024-25,Playoffs
0042400141,1610612760,Oklahoma City,Thunder,OKC,thunder,1630598,Aaron,Wiggins,A. Wiggins,aaron-wiggins,,,,26:17,106.6,106.6,71.0,71.0,35.6,35.6,0.1,1.0,10.5,0.038,0.083,0.065,10.5,0.667,0.68,0.262,0.262,112.31,112.31,93.6,61.0,0.15,2024-25,Playoffs
0042400141,1610612760,Oklahoma City,Thunder,OKC,thunder,1629026,Kenrich,Williams,K. Williams,kenrich-williams,,,,15:52,86.5,86.5,78.4,78.4,8.1,8.1,0.1,0.0,10.0,0.111,0.316,0.216,0.0,0.333,0.333,0.231,0.231,111.93,111.93,93.28,37.0,0.174,2024-25,Playoffs
0042400141,1610612760,Oklahoma City,Thunder,OKC,thunder,1641794,Dillon,Jones,D. Jones,dillon-jones,,,,7:47,50.0,50.0,72.2,72.2,-22.2,-22.2,0.0,0.0,0.0,0.0,0.125,0.059,50.0,0.5,0.5,0.222,0.222,111.01,111.01,92.51,18.0,0.0,2024-25,Playoffs
0042400142,1610612763,Memphis,Grizzlies,MEM,grizzlies,1630217,Desmond,Bane,D. Bane,desmond-bane,F,,,37:09,95.1,95.1,102.5,102.5,-7.5,-7.5,0.167,4.0,17.4,0.047,0.2,0.129,4.3,0.471,0.519,0.202,0.202,103.36,103.36,86.14,81.0,0.167,2024-25,Playoffs
0042400142,1610612763,Memphis,Grizzlies,MEM,grizzlies,1628991,Jaren,Jackson Jr.,J. Jackson Jr.,jaren-jackson-jr,F,,,35:13,98.6,98.6,124.3,124.3,-25.7,-25.7,0.0,0.0,0.0,0.073,0.067,0.07,0.0,0.647,0.662,0.244,0.244,100.18,100.18,83.48,73.0,0.135,2024-25,Playoffs
0042400142,1610612763,Memphis,Grizzlies,MEM,grizzlies,1641744,Zach,Edey,Z. Edey,zach-edey,C,,,26:08,95.0,95.0,125.0,125.0,-30.0,-30.0,0.15,3.0,42.9,0.097,0.143,0.119,14.3,0.667,0.667,0.059,0.059,106.53,106.53,88.78,60.0,0.091,2024-25,Playoffs
0042400142,1610612763,Memphis,Grizzlies,MEM,grizzlies,1630590,Scotty,Pippen Jr.,S. Pippen Jr.,scotty-pippen-jr,G,,,31:13,104.5,104.5,125.8,125.8,-21.2,-21.2,0.045,1.0,6.7,0.0,0.1,0.053,6.7,0.417,0.488,0.192,0.192,101.48,101.48,84.57,66.0,0.044,2024-25,Playoffs
0042400142,1610612763,Memphis,Grizzlies,MEM,grizzlies,1629630,Ja,Morant,J. Morant,ja-morant,G,,,40:08,102.4,102.4,112.0,112.0,-9.7,-9.7,0.25,1.2,16.2,0.0,0.038,0.02,13.5,0.44,0.444,0.323,0.323,99.87,99.87,83.22,84.0,0.074,2024-25,Playoffs
0042400142,1610612763,Memphis,Grizzlies,MEM,grizzlies,1630583,Santi,Aldama,S. Aldama,santi-aldama,,,,30:56,100.0,100.0,118.8,118.8,-18.8,-18.8,0.0,0.0,0.0,0.0,0.122,0.069,15.4,0.455,0.455,0.178,0.178,100.09,100.09,83.41,65.0,0.05,2024-25,Playoffs
0042400142,1610612763,Memphis,Grizzlies,MEM,grizzlies,1629723,John,Konchar,J. Konchar,john-konchar,,,,10:17,68.2,68.2,100.0,100.0,-31.8,-31.8,0.167,0.0,50.0,0.077,0.067,0.071,0.0,0.0,0.0,0.04,0.04,100.36,100.36,83.63,22.0,0.02,2024-25,Playoffs
0042400142,1610612763,Memphis,Grizzlies,MEM,grizzlies,1628963,Marvin,Bagley III,M. Bagley III,marvin-bagley-iii,,,,11:24,69.2,69.2,117.4,117.4,-48.2,-48.2,0.0,0.0,0.0,0.0,0.067,0.036,66.7,0.0,0.0,0.103,0.103,103.16,103.16,85.96,26.0,-0.123,2024-25,Playoffs
0042400142,1610612763,Memphis,Grizzlies,MEM,grizzlies,1628379,Luke,Kennard,L. Kennard,luke-kennard,,,,17:32,94.7,94.7,127.0,127.0,-32.3,-32.3,0.154,1.0,25.0,0.0,0.167,0.088,25.0,0.5,0.5,0.133,0.133,102.66,102.66,85.55,38.0,0.058,2024-25,Playoffs
0042400142,1610612763,Memphis,Grizzlies,MEM,grizzlies,1630643,Jay,Huff,J. Huff,jay-huff,,DNP - Coach's Decision,,,0.0,0.0,0.0,0.0,0.0,0.0,0.0,0.0,0.0,0.0,0.0,0.0,0.0,0.0,0.0,0.0,0.0,0.0,0.0,0.0,0.0,0.0,2024-25,Playoffs
0042400142,1610612763,Memphis,Grizzlies,MEM,grizzlies,1641713,GG,Jackson,G. Jackson,gg-jackson,,DNP - Coach's Decision,,,0.0,0.0,0.0,0.0,0.0,0.0,0.0,0.0,0.0,0.0,0.0,0.0,0.0,0.0,0.0,0.0,0.0,0.0,0.0,0.0,0.0,0.0,2024-25,Playoffs
0042400142,1610612763,Memphis,Grizzlies,MEM,grizzlies,1630205,Lamar,Stevens,L. Stevens,lamar-stevens,,DNP - Coach's Decision,,,0.0,0.0,0.0,0.0,0.0,0.0,0.0,0.0,0.0,0.0,0.0,0.0,0.0,0.0,0.0,0.0,0.0,0.0,0.0,0.0,0.0,0.0,2024-25,Playoffs
0042400142,1610612763,Memphis,Grizzlies,MEM,grizzlies,1631246,Vince,Williams Jr.,V. Williams Jr.,vince-williams-jr,,DNP - Coach's Decision,,,0.0,0.0,0.0,0.0,0.0,0.0,0.0,0.0,0.0,0.0,0.0,0.0,0.0,0.0,0.0,0.0,0.0,0.0,0.0,0.0,0.0,0.0,2024-25,Playoffs
0042400142,1610612760,Oklahoma City,Thunder,OKC,thunder,1631114,Jalen,Williams,J. Williams,jalen-williams,F,,,35:21,108.2,108.2,101.4,101.4,6.9,6.9,0.208,5.0,19.2,0.0,0.154,0.071,3.8,0.579,0.591,0.241,0.241,99.8,99.8,83.17,73.0,0.17,2024-25,Playoffs
0042400142,1610612760,Oklahoma City,Thunder,OKC,thunder,1631096,Chet,Holmgren,C. Holmgren,chet-holmgren,F,,,33:16,115.5,115.5,104.3,104.3,11.2,11.2,0.0,0.0,0.0,0.045,0.22,0.129,5.6,0.536,0.601,0.205,0.205,101.72,101.72,84.77,71.0,0.162,2024-25,Playoffs
0042400142,1610612760,Oklahoma City,Thunder,OKC,thunder,1628392,Isaiah,Hartenstein,I. Hartenstein,isaiah-hartenstein,C,,,26:45,113.8,113.8,94.8,94.8,19.0,19.0,0.115,1.5,25.0,0.094,0.226,0.159,16.7,0.429,0.429,0.134,0.134,104.07,104.07,86.73,58.0,0.109,2024-25,Playoffs
0042400142,1610612760,Oklahoma City,Thunder,OKC,thunder,1629652,Luguentz,Dort,L. Dort,luguentz-dort,G,,,32:37,113.0,113.0,101.4,101.4,11.6,11.6,0.0,0.0,0.0,0.068,0.15,0.107,0.0,0.444,0.444,0.106,0.106,101.54,101.54,84.62,69.0,0.035,2024-25,Playoffs
0042400142,1610612760,Oklahoma City,Thunder,OKC,thunder,1628983,Shai,Gilgeous-Alexander,S. Gilgeous-Alexander,shai-gilgeous-alexander,G,,,38:11,115.0,115.0,100.0,100.0,15.0,15.0,0.217,2.5,13.2,0.058,0.106,0.081,5.3,0.397,0.439,0.333,0.333,100.57,100.57,83.81,80.0,0.119,2024-25,Playoffs
0042400142,1610612760,Oklahoma City,Thunder,OKC,thunder,1630198,Isaiah,Joe,I. Joe,isaiah-joe,,,,16:29,135.3,135.3,85.3,85.3,50.0,50.0,0.167,2.0,20.0,0.158,0.053,0.105,10.0,0.417,0.509,0.2,0.2,98.98,98.98,82.48,34.0,0.105,2024-25,Playoffs
0042400142,1610612760,Oklahoma City,Thunder,OKC,thunder,1641717,Cason,Wallace,C. Wallace,cason-wallace,,,,24:25,108.0,108.0,88.2,88.2,19.8,19.8,0.167,0.0,42.9,0.031,0.04,0.035,0.0,0.625,0.625,0.067,0.067,99.3,99.3,82.75,50.0,0.077,2024-25,Playoffs
0042400142,1610612760,Oklahoma City,Thunder,OKC,thunder,1631119,Jaylin,Williams,J. Williams,jaylin-williams,,,,3:05,142.9,142.9,71.4,71.4,71.4,71.4,0.0,0.0,0.0,0.0,0.25,0.111,0.0,0.0,0.0,0.0,0.0,108.97,108.97,90.81,7.0,0.0,2024-25,Playoffs
0042400142,1610612760,Oklahoma City,Thunder,OKC,thunder,1627936,Alex,Caruso,A. Caruso,alex-caruso,,,,22:25,127.7,127.7,87.5,87.5,40.2,40.2,0.176,0.0,23.1,0.04,0.143,0.087,0.0,0.65,0.65,0.189,0.189,101.71,101.71,84.76,47.0,0.175,2024-25,Playoffs
0042400142,1610612760,Oklahoma City,Thunder,OKC,thunder,1630598,Aaron,Wiggins,A. Wiggins,aaron-wiggins,,,,7:26,135.3,135.3,116.7,116.7,18.6,18.6,0.0,0.0,0.0,0.0,0.0,0.0,0.0,0.667,0.621,0.333,0.333,113.0,113.0,94.17,17.0,0.136,2024-25,Playoffs
0042400142,1610612760,Oklahoma City,Thunder,OKC,thunder,1641794,Dillon,Jones,D. Jones,dillon-jones,,DNP - Coach's Decision,,,0.0,0.0,0.0,0.0,0.0,0.0,0.0,0.0,0.0,0.0,0.0,0.0,0.0,0.0,0.0,0.0,0.0,0.0,0.0,0.0,0.0,0.0,2024-25,Playoffs
0042400142,1610612760,Oklahoma City,Thunder,OKC,thunder,1642349,Ajay,Mitchell,A. Mitchell,ajay-mitchell,,DNP - Coach's Decision,,,0.0,0.0,0.0,0.0,0.0,0.0,0.0,0.0,0.0,0.0,0.0,0.0,0.0,0.0,0.0,0.0,0.0,0.0,0.0,0.0,0.0,0.0,2024-25,Playoffs
0042400142,1610612760,Oklahoma City,Thunder,OKC,thunder,1629026,Kenrich,Williams,K. Williams,kenrich-williams,,DNP - Coach's Decision,,,0.0,0.0,0.0,0.0,0.0,0.0,0.0,0.0,0.0,0.0,0.0,0.0,0.0,0.0,0.0,0.0,0.0,0.0,0.0,0.0,0.0,0.0,2024-25,Playoffs
0042400143,1610612760,Oklahoma City,Thunder,OKC,thunder,1631114,Jalen,Williams,J. Williams,jalen-williams,F,,,37:12,124.4,124.4,106.3,106.3,18.0,18.0,0.208,2.5,17.9,0.029,0.128,0.081,7.1,0.625,0.637,0.258,0.258,101.29,101.29,84.41,78.0,0.161,2024-25,Playoffs
0042400143,1610612760,Oklahoma City,Thunder,OKC,thunder,1631096,Chet,Holmgren,C. Holmgren,chet-holmgren,F,,,32:10,110.3,110.3,82.6,82.6,27.7,27.7,0.0,0.0,0.0,0.065,0.143,0.11,5.3,0.656,0.676,0.26,0.26,102.2,102.2,85.17,68.0,0.173,2024-25,Playoffs
0042400143,1610612760,Oklahoma City,Thunder,OKC,thunder,1628392,Isaiah,Hartenstein,I. Hartenstein,isaiah-hartenstein,C,,,20:56,120.0,120.0,129.5,129.5,-9.5,-9.5,0.2,2.0,40.0,0.136,0.125,0.132,20.0,0.333,0.525,0.111,0.111,102.06,102.06,85.05,45.0,0.037,2024-25,Playoffs
0042400143,1610612760,Oklahoma City,Thunder,OKC,thunder,1629652,Luguentz,Dort,L. Dort,luguentz-dort,G,,,35:13,110.8,110.8,100.0,100.0,10.8,10.8,0.0,0.0,0.0,0.029,0.128,0.082,14.3,0.2,0.17,0.084,0.084,100.88,100.88,84.06,74.0,-0.015,2024-25,Playoffs
0042400143,1610612760,Oklahoma City,Thunder,OKC,thunder,1628983,Shai,Gilgeous-Alexander,S. Gilgeous-Alexander,shai-gilgeous-alexander,G,,,40:24,116.0,116.0,109.8,109.8,6.3,6.3,0.348,2.67,19.5,0.0,0.095,0.049,7.3,0.423,0.517,0.363,0.363,96.85,96.85,80.71,81.0,0.13,2024-25,Playoffs
0042400143,1610612760,Oklahoma City,Thunder,OKC,thunder,1630198,Isaiah,Joe,I. Joe,isaiah-joe,,,,14:39,145.2,145.2,141.9,141.9,3.2,3.2,0.077,0.0,16.7,0.063,0.0,0.04,0.0,1.0,1.0,0.135,0.135,101.63,101.63,84.69,31.0,0.136,2024-25,Playoffs
0042400143,1610612760,Oklahoma City,Thunder,OKC,thunder,1627936,Alex,Caruso,A. Caruso,alex-caruso,,,,23:05,98.0,98.0,89.6,89.6,8.4,8.4,0.25,1.5,23.1,0.074,0.19,0.125,15.4,0.643,0.635,0.175,0.175,100.85,100.85,84.04,49.0,0.206,2024-25,Playoffs
0042400143,1610612760,Oklahoma City,Thunder,OKC,thunder,1641717,Cason,Wallace,C. Wallace,cason-wallace,,,,23:59,119.2,119.2,105.8,105.8,13.5,13.5,0.176,0.0,42.9,0.077,0.125,0.1,0.0,0.625,0.625,0.067,0.067,104.06,104.06,86.71,52.0,0.083,2024-25,Playoffs
0042400143,1610612760,Oklahoma City,Thunder,OKC,thunder,1642349,Ajay,Mitchell,A. Mitchell,ajay-mitchell,,,,2:09,100.0,100.0,80.0,80.0,20.0,20.0,0.0,0.0,0.0,0.0,0.333,0.2,0.0,0.0,0.568,0.2,0.2,111.63,111.63,93.02,5.0,0.167,2024-25,Playoffs
0042400143,1610612760,Oklahoma City,Thunder,OKC,thunder,1630598,Aaron,Wiggins,A. Wiggins,aaron-wiggins,,,,6:33,57.1,57.1,161.5,161.5,-104.4,-104.4,0.0,0.0,0.0,0.0,0.0,0.0,0.0,0.0,0.0,0.235,0.235,98.93,98.93,82.44,14.0,-0.157,2024-25,Playoffs
0042400143,1610612760,Oklahoma City,Thunder,OKC,thunder,1631119,Jaylin,Williams,J. Williams,jaylin-williams,,,,3:41,0.0,0.0,157.1,157.1,-157.1,-157.1,0.0,0.0,0.0,0.0,0.5,0.111,0.0,0.0,0.0,0.0,0.0,97.74,97.74,81.45,8.0,0.083,2024-25,Playoffs
0042400143,1610612760,Oklahoma City,Thunder,OKC,thunder,1641794,Dillon,Jones,D. Jones,dillon-jones,,DNP - Coach's Decision,,,0.0,0.0,0.0,0.0,0.0,0.0,0.0,0.0,0.0,0.0,0.0,0.0,0.0,0.0,0.0,0.0,0.0,0.0,0.0,0.0,0.0,0.0,2024-25,Playoffs
0042400143,1610612760,Oklahoma City,Thunder,OKC,thunder,1629026,Kenrich,Williams,K. Williams,kenrich-williams,,DNP - Coach's Decision,,,0.0,0.0,0.0,0.0,0.0,0.0,0.0,0.0,0.0,0.0,0.0,0.0,0.0,0.0,0.0,0.0,0.0,0.0,0.0,0.0,0.0,0.0,2024-25,Playoffs
0042400143,1610612763,Memphis,Grizzlies,MEM,grizzlies,1630217,Desmond,Bane,D. Bane,desmond-bane,F,,,36:49,92.2,92.2,108.0,108.0,-15.8,-15.8,0.182,0.8,16.7,0.051,0.154,0.103,20.8,0.286,0.336,0.225,0.225,99.11,99.11,82.59,77.0,0.046,2024-25,Playoffs
0042400143,1610612763,Memphis,Grizzlies,MEM,grizzlies,1628991,Jaren,Jackson Jr.,J. Jackson Jr.,jaren-jackson-jr,F,,,38:27,100.0,100.0,109.6,109.6,-9.6,-9.6,0.105,0.67,8.0,0.047,0.125,0.084,12.0,0.469,0.564,0.242,0.242,102.99,102.99,85.83,82.0,0.097,2024-25,Playoffs
0042400143,1610612763,Memphis,Grizzlies,MEM,grizzlies,1641744,Zach,Edey,Z. Edey,zach-edey,C,,,29:35,104.9,104.9,108.2,108.2,-3.3,-3.3,0.105,1.0,22.2,0.077,0.147,0.117,22.2,1.0,0.945,0.1,0.1,99.0,99.0,82.5,61.0,0.091,2024-25,Playoffs
0042400143,1610612763,Memphis,Grizzlies,MEM,grizzlies,1630590,Scotty,Pippen Jr.,S. Pippen Jr.,scotty-pippen-jr,G,,,38:17,114.3,114.3,119.2,119.2,-4.9,-4.9,0.25,1.0,17.2,0.0,0.128,0.067,17.2,0.688,0.751,0.273,0.273,97.15,97.15,80.96,77.0,0.153,2024-25,Playoffs
0042400143,1610612763,Memphis,Grizzlies,MEM,grizzlies,1629630,Ja,Morant,J. Morant,ja-morant,G,,,15:32,134.3,134.3,91.2,91.2,43.1,43.1,0.417,0.0,27.8,0.0,0.053,0.029,0.0,0.591,0.588,0.317,0.317,106.61,106.61,88.84,35.0,0.224,2024-25,Playoffs
0042400143,1610612763,Memphis,Grizzlies,MEM,grizzlies,1630583,Santi,Aldama,S. Aldama,santi-aldama,,,,31:13,110.4,110.4,124.2,124.2,-13.8,-13.8,0.053,1.0,6.3,0.034,0.161,0.1,6.3,0.5,0.5,0.205,0.205,102.25,102.25,85.21,67.0,0.073,2024-25,Playoffs
0042400143,1610612763,Memphis,Grizzlies,MEM,grizzlies,1629723,John,Konchar,J. Konchar,john-konchar,,,,16:46,130.6,130.6,136.1,136.1,-5.6,-5.6,0.077,0.0,20.0,0.053,0.077,0.063,0.0,0.5,0.644,0.095,0.095,103.07,103.07,85.89,36.0,0.022,2024-25,Playoffs
0042400143,1610612763,Memphis,Grizzlies,MEM,grizzlies,1628379,Luke,Kennard,L. Kennard,luke-kennard,,,,32:55,92.8,92.8,111.6,111.6,-18.8,-18.8,0.158,0.0,33.3,0.031,0.118,0.076,0.0,0.417,0.417,0.079,0.079,100.64,100.64,83.87,69.0,0.097,2024-25,Playoffs
0042400143,1610612763,Memphis,Grizzlies,MEM,grizzlies,1631246,Vince,Williams Jr.,V. Williams Jr.,vince-williams-jr,,,,0:27,150.0,150.0,0.0,0.0,150.0,150.0,0.0,0.0,0.0,0.0,0.0,0.0,0.0,0.0,0.0,0.0,0.0,158.82,158.82,132.35,2.0,0.111,2024-25,Playoffs
0042400143,1610612763,Memphis,Grizzlies,MEM,grizzlies,1628963,Marvin,Bagley III,M. Bagley III,marvin-bagley-iii,,DNP - Coach's Decision,,,0.0,0.0,0.0,0.0,0.0,0.0,0.0,0.0,0.0,0.0,0.0,0.0,0.0,0.0,0.0,0.0,0.0,0.0,0.0,0.0,0.0,0.0,2024-25,Playoffs
0042400143,1610612763,Memphis,Grizzlies,MEM,grizzlies,1630643,Jay,Huff,J. Huff,jay-huff,,DNP - Coach's Decision,,,0.0,0.0,0.0,0.0,0.0,0.0,0.0,0.0,0.0,0.0,0.0,0.0,0.0,0.0,0.0,0.0,0.0,0.0,0.0,0.0,0.0,0.0,2024-25,Playoffs
0042400143,1610612763,Memphis,Grizzlies,MEM,grizzlies,1641713,GG,Jackson,G. Jackson,gg-jackson,,DNP - Coach's Decision,,,0.0,0.0,0.0,0.0,0.0,0.0,0.0,0.0,0.0,0.0,0.0,0.0,0.0,0.0,0.0,0.0,0.0,0.0,0.0,0.0,0.0,0.0,2024-25,Playoffs
0042400143,1610612763,Memphis,Grizzlies,MEM,grizzlies,1630205,Lamar,Stevens,L. Stevens,lamar-stevens,,DNP - Coach's Decision,,,0.0,0.0,0.0,0.0,0.0,0.0,0.0,0.0,0.0,0.0,0.0,0.0,0.0,0.0,0.0,0.0,0.0,0.0,0.0,0.0,0.0,0.0,2024-25,Playoffs
0042400144,1610612760,Oklahoma City,Thunder,OKC,thunder,1631114,Jalen,Williams,J. Williams,jalen-williams,F,,,37:45,114.8,114.8,107.4,107.4,7.4,7.4,0.217,5.0,17.9,0.048,0.054,0.051,3.6,0.524,0.526,0.25,0.25,102.98,102.98,85.81,81.0,0.094,2024-25,Playoffs
0042400144,1610612760,Oklahoma City,Thunder,OKC,thunder,1631096,Chet,Holmgren,C. Holmgren,chet-holmgren,F,,,29:09,113.8,113.8,120.3,120.3,-6.5,-6.5,0.043,1.0,7.1,0.0,0.074,0.033,7.1,0.333,0.473,0.176,0.176,106.23,106.23,88.53,65.0,0.076,2024-25,Playoffs
0042400144,1610612760,Oklahoma City,Thunder,OKC,thunder,1628392,Isaiah,Hartenstein,I. Hartenstein,isaiah-hartenstein,C,,,25:15,115.4,115.4,100.0,100.0,15.4,15.4,0.158,1.0,21.4,0.111,0.429,0.25,21.4,0.714,0.698,0.177,0.177,98.83,98.83,82.35,52.0,0.191,2024-25,Playoffs
0042400144,1610612760,Oklahoma City,Thunder,OKC,thunder,1629652,Luguentz,Dort,L. Dort,luguentz-dort,G,,,28:28,123.4,123.4,122.2,122.2,1.2,1.2,0.0,0.0,0.0,0.031,0.037,0.034,0.0,0.0,0.347,0.083,0.083,107.07,107.07,89.22,64.0,-0.011,2024-25,Playoffs
0042400144,1610612760,Oklahoma City,Thunder,OKC,thunder,1628983,Shai,Gilgeous-Alexander,S. Gilgeous-Alexander,shai-gilgeous-alexander,G,,,38:24,117.9,117.9,115.5,115.5,2.4,2.4,0.3,6.0,16.7,0.043,0.086,0.062,2.8,0.563,0.639,0.309,0.309,105.0,105.0,87.5,84.0,0.207,2024-25,Playoffs
0042400144,1610612760,Oklahoma City,Thunder,OKC,thunder,1630598,Aaron,Wiggins,A. Wiggins,aaron-wiggins,,,,14:38,115.2,115.2,97.0,97.0,18.2,18.2,0.0,0.0,0.0,0.111,0.0,0.067,11.1,0.429,0.541,0.243,0.243,108.25,108.25,90.21,33.0,0.099,2024-25,Playoffs
0042400144,1610612760,Oklahoma City,Thunder,OKC,thunder,1641717,Cason,Wallace,C. Wallace,cason-wallace,,,,21:20,107.0,107.0,95.7,95.7,11.3,11.3,0.067,0.0,11.1,0.043,0.0,0.023,0.0,0.25,0.237,0.167,0.167,100.12,100.12,83.43,43.0,-0.043,2024-25,Playoffs
0042400144,1610612760,Oklahoma City,Thunder,OKC,thunder,1629026,Kenrich,Williams,K. Williams,kenrich-williams,,,,1:32,75.0,75.0,100.0,100.0,-25.0,-25.0,0.0,0.0,0.0,0.0,1.0,0.25,50.0,0.0,0.0,0.4,0.4,140.87,140.87,117.39,4.0,-0.364,2024-25,Playoffs
0042400144,1610612760,Oklahoma City,Thunder,OKC,thunder,1627936,Alex,Caruso,A. Caruso,alex-caruso,,,,25:41,105.4,105.4,121.4,121.4,-16.1,-16.1,0.263,0.0,45.5,0.03,0.091,0.055,0.0,0.3,0.444,0.092,0.092,104.68,104.68,87.23,56.0,0.109,2024-25,Playoffs
0042400144,1610612760,Oklahoma City,Thunder,OKC,thunder,1630198,Isaiah,Joe,I. Joe,isaiah-joe,,,,14:13,92.9,92.9,92.9,92.9,0.0,0.0,0.143,0.0,12.5,0.0,0.077,0.032,0.0,0.786,0.786,0.212,0.212,94.55,94.55,78.79,28.0,0.242,2024-25,Playoffs
0042400144,1610612760,Oklahoma City,Thunder,OKC,thunder,1631119,Jaylin,Williams,J. Williams,jaylin-williams,,,,3:35,100.0,100.0,100.0,100.0,0.0,0.0,0.0,0.0,0.0,0.0,0.0,0.0,0.0,0.0,0.0,0.125,0.125,120.61,120.61,100.51,8.0,-0.133,2024-25,Playoffs
0042400144,1610612760,Oklahoma City,Thunder,OKC,thunder,1641794,Dillon,Jones,D. Jones,dillon-jones,,DNP - Coach's Decision,,,0.0,0.0,0.0,0.0,0.0,0.0,0.0,0.0,0.0,0.0,0.0,0.0,0.0,0.0,0.0,0.0,0.0,0.0,0.0,0.0,0.0,0.0,2024-25,Playoffs
0042400144,1610612760,Oklahoma City,Thunder,OKC,thunder,1642349,Ajay,Mitchell,A. Mitchell,ajay-mitchell,,DNP - Coach's Decision,,,0.0,0.0,0.0,0.0,0.0,0.0,0.0,0.0,0.0,0.0,0.0,0.0,0.0,0.0,0.0,0.0,0.0,0.0,0.0,0.0,0.0,0.0,2024-25,Playoffs
0042400144,1610612763,Memphis,Grizzlies,MEM,grizzlies,1630583,Santi,Aldama,S. Aldama,santi-aldama,F,,,40:04,111.9,111.9,110.6,110.6,1.3,1.3,0.136,1.5,16.7,0.0,0.18,0.101,11.1,0.885,0.885,0.152,0.152,101.22,101.22,84.35,84.0,0.17,2024-25,Playoffs
0042400144,1610612763,Memphis,Grizzlies,MEM,grizzlies,1628991,Jaren,Jackson Jr.,J. Jackson Jr.,jaren-jackson-jr,F,,,34:45,122.4,122.4,115.1,115.1,7.3,7.3,0.077,0.4,9.1,0.034,0.079,0.06,22.7,0.25,0.41,0.23,0.23,102.92,102.92,85.76,76.0,0.007,2024-25,Playoffs
0042400144,1610612763,Memphis,Grizzlies,MEM,grizzlies,1641744,Zach,Edey,Z. Edey,zach-edey,C,,,32:32,109.1,109.1,114.9,114.9,-5.8,-5.8,0.045,1.0,14.3,0.059,0.15,0.108,14.3,0.75,0.82,0.075,0.075,98.12,98.12,81.77,66.0,0.09,2024-25,Playoffs
0042400144,1610612763,Memphis,Grizzlies,MEM,grizzlies,1630217,Desmond,Bane,D. Bane,desmond-bane,G,,,37:43,115.5,115.5,119.5,119.5,-4.0,-4.0,0.208,1.0,14.7,0.028,0.1,0.066,14.7,0.4,0.489,0.293,0.293,105.63,105.63,88.02,84.0,0.053,2024-25,Playoffs
0042400144,1610612763,Memphis,Grizzlies,MEM,grizzlies,1630590,Scotty,Pippen Jr.,S. Pippen Jr.,scotty-pippen-jr,G,,,36:53,110.5,110.5,119.2,119.2,-8.7,-8.7,0.211,0.8,11.4,0.121,0.163,0.145,14.3,0.476,0.591,0.356,0.356,100.21,100.21,83.51,76.0,0.136,2024-25,Playoffs
0042400144,1610612763,Memphis,Grizzlies,MEM,grizzlies,1629723,John,Konchar,J. Konchar,john-konchar,,,,16:17,81.6,81.6,112.5,112.5,-30.9,-30.9,0.2,2.0,40.0,0.056,0.263,0.162,20.0,1.0,1.064,0.068,0.068,114.98,114.98,95.81,38.0,0.154,2024-25,Playoffs
0042400144,1610612763,Memphis,Grizzlies,MEM,grizzlies,1631246,Vince,Williams Jr.,V. Williams Jr.,vince-williams-jr,,,,18:05,114.0,114.0,102.5,102.5,11.5,11.5,0.273,0.0,33.3,0.0,0.211,0.129,0.0,0.9,0.935,0.128,0.128,110.17,110.17,91.81,43.0,0.201,2024-25,Playoffs
0042400144,1610612763,Memphis,Grizzlies,MEM,grizzlies,1628379,Luke,Kennard,L. Kennard,luke-kennard,,,,17:43,117.5,117.5,100.0,100.0,17.5,17.5,0.25,1.5,33.3,0.067,0.087,0.079,22.2,0.5,0.5,0.136,0.136,107.02,107.02,89.18,40.0,0.061,2024-25,Playoffs
0042400144,1610612763,Memphis,Grizzlies,MEM,grizzlies,1630643,Jay,Huff,J. Huff,jay-huff,,,,5:57,61.5,61.5,92.9,92.9,-31.3,-31.3,0.5,0.0,100.0,0.0,0.125,0.083,0.0,0.0,0.0,0.0,0.0,108.82,108.82,90.68,13.0,0.25,2024-25,Playoffs
0042400144,1610612763,Memphis,Grizzlies,MEM,grizzlies,1630205,Lamar,Stevens,L. Stevens,lamar-stevens,,,,0:01,0.0,0.0,100.0,100.0,-100.0,-100.0,0.0,0.0,0.0,0.0,0.0,0.0,0.0,0.0,0.0,0.0,0.0,1309.09,1309.09,1090.91,0.0,1.0,2024-25,Playoffs
0042400144,1610612763,Memphis,Grizzlies,MEM,grizzlies,1628963,Marvin,Bagley III,M. Bagley III,marvin-bagley-iii,,DNP - Coach's Decision,,,0.0,0.0,0.0,0.0,0.0,0.0,0.0,0.0,0.0,0.0,0.0,0.0,0.0,0.0,0.0,0.0,0.0,0.0,0.0,0.0,0.0,0.0,2024-25,Playoffs
0042400144,1610612763,Memphis,Grizzlies,MEM,grizzlies,1641713,GG,Jackson,G. Jackson,gg-jackson,,DNP - Coach's Decision,,,0.0,0.0,0.0,0.0,0.0,0.0,0.0,0.0,0.0,0.0,0.0,0.0,0.0,0.0,0.0,0.0,0.0,0.0,0.0,0.0,0.0,0.0,2024-25,Playoffs
0042400151,1610612744,Golden State,Warriors,GSW,warriors,1630541,Moses,Moody,M. Moody,moses-moody,F,,,27:54,117.3,117.3,101.9,101.9,15.5,15.5,0.048,1.0,12.5,0.048,0.029,0.036,12.5,0.5,0.595,0.119,0.119,91.21,91.21,76.01,52.0,0.025,2024-25,Playoffs
0042400151,1610612744,Golden State,Warriors,GSW,warriors,202710,Jimmy,Butler III,J. Butler III,jimmy-butler-iii,F,,,42:12,107.6,107.6,89.9,89.9,17.7,17.7,0.273,6.0,20.7,0.081,0.078,0.08,3.4,0.553,0.578,0.261,0.261,89.85,89.85,74.88,79.0,0.22,2024-25,Playoffs
0042400151,1610612744,Golden State,Warriors,GSW,warriors,203110,Draymond,Green,D. Green,draymond-green,C,,,36:29,111.9,111.9,104.4,104.4,7.5,7.5,0.115,1.5,30.0,0.033,0.122,0.085,20.0,0.4,0.4,0.092,0.092,88.8,88.8,74.0,67.0,0.054,2024-25,Playoffs
0042400151,1610612744,Golden State,Warriors,GSW,warriors,1641764,Brandin,Podziemski,B. Podziemski,brandin-podziemski,G,,,35:14,113.4,113.4,90.8,90.8,22.7,22.7,0.217,5.0,25.0,0.032,0.167,0.11,5.0,0.5,0.504,0.203,0.203,89.92,89.92,74.93,67.0,0.145,2024-25,Playoffs
0042400151,1610612744,Golden State,Warriors,GSW,warriors,201939,Stephen,Curry,S. Curry,stephen-curry,G,,,39:37,108.1,108.1,104.1,104.1,4.1,4.1,0.158,0.75,11.1,0.0,0.13,0.075,14.8,0.763,0.78,0.286,0.286,89.66,89.66,74.71,74.0,0.204,2024-25,Playoffs
0042400151,1610612744,Golden State,Warriors,GSW,warriors,1627780,Gary,Payton II,G. Payton II,gary-payton-ii,,,,15:50,80.0,80.0,106.3,106.3,-26.3,-26.3,0.125,1.0,12.5,0.0,0.143,0.091,12.5,0.583,0.583,0.212,0.212,94.02,94.02,78.35,30.0,0.18,2024-25,Playoffs
0042400151,1610612744,Golden State,Warriors,GSW,warriors,1642366,Quinten,Post,Q. Post,quinten-post,,,,12:15,87.5,87.5,68.0,68.0,19.5,19.5,0.125,0.0,25.0,0.0,0.056,0.032,0.0,0.0,0.0,0.12,0.12,95.95,95.95,79.96,24.0,-0.095,2024-25,Playoffs
0042400151,1610612744,Golden State,Warriors,GSW,warriors,1627741,Buddy,Hield,B. Hield,buddy-hield,,,,15:19,96.4,96.4,74.1,74.1,22.4,22.4,0.0,0.0,0.0,0.0,0.059,0.034,0.0,0.25,0.25,0.133,0.133,86.15,86.15,71.79,28.0,0.0,2024-25,Playoffs
0042400151,1610612744,Golden State,Warriors,GSW,warriors,1626172,Kevon,Looney,K. Looney,kevon-looney,,,,8:35,87.5,87.5,62.5,62.5,25.0,25.0,0.0,0.0,0.0,0.0,0.071,0.05,0.0,0.0,0.0,0.059,0.059,89.49,89.49,74.58,16.0,-0.167,2024-25,Playoffs
0042400151,1610612744,Golden State,Warriors,GSW,warriors,1630611,Gui,Santos,G. Santos,gui-santos,,,,6:35,92.3,92.3,91.7,91.7,0.6,0.6,0.0,0.0,0.0,0.0,0.167,0.1,33.3,1.5,1.33,0.214,0.214,91.14,91.14,75.95,13.0,0.211,2024-25,Playoffs
0042400151,1610612744,Golden State,Warriors,GSW,warriors,1631218,Trayce,Jackson-Davis,T. Jackson-Davis,trayce-jackson-davis,,DNP - Coach's Decision,,,0.0,0.0,0.0,0.0,0.0,0.0,0.0,0.0,0.0,0.0,0.0,0.0,0.0,0.0,0.0,0.0,0.0,0.0,0.0,0.0,0.0,0.0,2024-25,Playoffs
0042400151,1610612744,Golden State,Warriors,GSW,warriors,1630296,Braxton,Key,B. Key,braxton-key,,DNP - Coach's Decision,,,0.0,0.0,0.0,0.0,0.0,0.0,0.0,0.0,0.0,0.0,0.0,0.0,0.0,0.0,0.0,0.0,0.0,0.0,0.0,0.0,0.0,0.0,2024-25,Playoffs
0042400151,1610612744,Golden State,Warriors,GSW,warriors,1628995,Kevin,Knox II,K. Knox II,kevin-knox-ii,,DNP - Coach's Decision,,,0.0,0.0,0.0,0.0,0.0,0.0,0.0,0.0,0.0,0.0,0.0,0.0,0.0,0.0,0.0,0.0,0.0,0.0,0.0,0.0,0.0,0.0,2024-25,Playoffs
0042400151,1610612744,Golden State,Warriors,GSW,warriors,1630228,Jonathan,Kuminga,J. Kuminga,jonathan-kuminga,,DNP - Coach's Decision,,,0.0,0.0,0.0,0.0,0.0,0.0,0.0,0.0,0.0,0.0,0.0,0.0,0.0,0.0,0.0,0.0,0.0,0.0,0.0,0.0,0.0,0.0,2024-25,Playoffs
0042400151,1610612744,Golden State,Warriors,GSW,warriors,1630311,Pat,Spencer,P. Spencer,pat-spencer,,DNP - Coach's Decision,,,0.0,0.0,0.0,0.0,0.0,0.0,0.0,0.0,0.0,0.0,0.0,0.0,0.0,0.0,0.0,0.0,0.0,0.0,0.0,0.0,0.0,0.0,2024-25,Playoffs
0042400151,1610612745,Houston,Rockets,HOU,rockets,1628415,Dillon,Brooks,D. Brooks,dillon-brooks,F,,,33:59,98.4,98.4,117.5,117.5,-19.1,-19.1,0.087,0.0,15.4,0.081,0.0,0.049,0.0,0.444,0.511,0.143,0.143,88.28,88.28,73.57,62.0,0.049,2024-25,Playoffs
0042400151,1610612745,Houston,Rockets,HOU,rockets,1641708,Amen,Thompson,A. Thompson,amen-thompson,F,,,33:24,90.5,90.5,114.1,114.1,-23.6,-23.6,0.333,3.0,31.6,0.146,0.097,0.125,10.5,0.444,0.372,0.163,0.163,91.25,91.25,76.04,63.0,0.056,2024-25,Playoffs
0042400151,1610612745,Houston,Rockets,HOU,rockets,1630578,Alperen,Sengun,A. Sengun,alperen-sengun,C,,,35:53,91.2,91.2,100.0,100.0,-8.8,-8.8,0.077,0.2,3.8,0.041,0.212,0.11,19.2,0.639,0.658,0.278,0.278,91.65,91.65,76.37,68.0,0.217,2024-25,Playoffs
0042400151,1610612745,Houston,Rockets,HOU,rockets,1630224,Jalen,Green,J. Green,jalen-green,G,,,30:33,101.7,101.7,110.3,110.3,-8.6,-8.6,0.091,2.0,10.5,0.054,0.25,0.131,5.3,0.2,0.22,0.233,0.233,91.13,91.13,75.94,58.0,0.009,2024-25,Playoffs
0042400151,1610612745,Houston,Rockets,HOU,rockets,1627832,Fred,VanVleet,F. VanVleet,fred-vanvleet,G,,,40:22,100.0,100.0,105.4,105.4,-5.4,-5.4,0.269,3.5,25.0,0.0,0.03,0.013,7.1,0.263,0.263,0.219,0.219,88.6,88.6,73.83,75.0,0.0,2024-25,Playoffs
0042400151,1610612745,Houston,Rockets,HOU,rockets,1631106,Tari,Eason,T. Eason,tari-eason,,,,20:54,90.0,90.0,102.6,102.6,-12.6,-12.6,0.0,0.0,0.0,0.091,0.133,0.108,9.1,0.3,0.3,0.212,0.212,90.71,90.71,75.59,40.0,0.058,2024-25,Playoffs
0042400151,1610612745,Houston,Rockets,HOU,rockets,203500,Steven,Adams,S. Adams,steven-adams,,,,19:30,94.6,94.6,83.8,83.8,10.8,10.8,0.091,1.0,14.3,0.208,0.368,0.279,14.3,0.75,0.615,0.125,0.125,91.12,91.12,75.93,37.0,0.223,2024-25,Playoffs
0042400151,1610612745,Houston,Rockets,HOU,rockets,1631095,Jabari,Smith Jr.,J. Smith Jr.,jabari-smith-jr,,,,25:26,83.3,83.3,97.9,97.9,-14.5,-14.5,0.0,0.0,0.0,0.061,0.19,0.111,44.4,1.167,1.155,0.138,0.138,89.65,89.65,74.71,48.0,0.163,2024-25,Playoffs
0042400151,1610612745,Houston,Rockets,HOU,rockets,201145,Jeff,Green,J. Green,jeff-green,,DNP - Coach's Decision,,,0.0,0.0,0.0,0.0,0.0,0.0,0.0,0.0,0.0,0.0,0.0,0.0,0.0,0.0,0.0,0.0,0.0,0.0,0.0,0.0,0.0,0.0,2024-25,Playoffs
0042400151,1610612745,Houston,Rockets,HOU,rockets,1628988,Aaron,Holiday,A. Holiday,aaron-holiday,,DNP - Coach's Decision,,,0.0,0.0,0.0,0.0,0.0,0.0,0.0,0.0,0.0,0.0,0.0,0.0,0.0,0.0,0.0,0.0,0.0,0.0,0.0,0.0,0.0,0.0,2024-25,Playoffs
0042400151,1610612745,Houston,Rockets,HOU,rockets,1629111,Jock,Landale,J. Landale,jock-landale,,DNP - Injury/Illness,,,0.0,0.0,0.0,0.0,0.0,0.0,0.0,0.0,0.0,0.0,0.0,0.0,0.0,0.0,0.0,0.0,0.0,0.0,0.0,0.0,0.0,0.0,2024-25,Playoffs
0042400151,1610612745,Houston,Rockets,HOU,rockets,1642263,Reed,Sheppard,R. Sheppard,reed-sheppard,,DNP - Coach's Decision,,,0.0,0.0,0.0,0.0,0.0,0.0,0.0,0.0,0.0,0.0,0.0,0.0,0.0,0.0,0.0,0.0,0.0,0.0,0.0,0.0,0.0,0.0,2024-25,Playoffs
0042400151,1610612745,Houston,Rockets,HOU,rockets,1630256,Jae'Sean,Tate,J. Tate,jaesean-tate,,DNP - Injury/Illness,,,0.0,0.0,0.0,0.0,0.0,0.0,0.0,0.0,0.0,0.0,0.0,0.0,0.0,0.0,0.0,0.0,0.0,0.0,0.0,0.0,0.0,0.0,2024-25,Playoffs
0042400151,1610612745,Houston,Rockets,HOU,rockets,1641715,Cam,Whitmore,C. Whitmore,cam-whitmore,,DNP - Coach's Decision,,,0.0,0.0,0.0,0.0,0.0,0.0,0.0,0.0,0.0,0.0,0.0,0.0,0.0,0.0,0.0,0.0,0.0,0.0,0.0,0.0,0.0,0.0,2024-25,Playoffs
0042400151,1610612745,Houston,Rockets,HOU,rockets,1631466,Nate,Williams,N. Williams,nate-williams,,DNP - Coach's Decision,,,0.0,0.0,0.0,0.0,0.0,0.0,0.0,0.0,0.0,0.0,0.0,0.0,0.0,0.0,0.0,0.0,0.0,0.0,0.0,0.0,0.0,0.0,2024-25,Playoffs
0042400152,1610612744,Golden State,Warriors,GSW,warriors,1630541,Moses,Moody,M. Moody,moses-moody,F,,,24:18,80.0,80.0,106.0,106.0,-26.0,-26.0,0.111,0.0,11.1,0.0,0.1,0.042,0.0,0.786,0.761,0.151,0.151,98.79,98.79,82.32,50.0,0.156,2024-25,Playoffs
0042400152,1610612744,Golden State,Warriors,GSW,warriors,202710,Jimmy,Butler III,J. Butler III,jimmy-butler-iii,F,,,7:52,70.6,70.6,105.6,105.6,-35.0,-35.0,0.0,0.0,0.0,0.0,0.222,0.118,0.0,0.5,0.521,0.176,0.176,106.78,106.78,88.98,17.0,0.154,2024-25,Playoffs
0042400152,1610612744,Golden State,Warriors,GSW,warriors,203110,Draymond,Green,D. Green,draymond-green,C,,,30:35,82.0,82.0,103.3,103.3,-21.3,-21.3,0.067,0.2,7.7,0.032,0.121,0.078,38.5,0.5,0.515,0.188,0.188,95.74,95.74,79.78,61.0,0.035,2024-25,Playoffs
0042400152,1610612744,Golden State,Warriors,GSW,warriors,1641764,Brandin,Podziemski,B. Podziemski,brandin-podziemski,G,,,14:08,59.4,59.4,107.1,107.1,-47.8,-47.8,0.0,0.0,0.0,0.0,0.0,0.0,0.0,0.0,0.0,0.156,0.156,101.84,101.84,84.87,32.0,-0.141,2024-25,Playoffs
0042400152,1610612744,Golden State,Warriors,GSW,warriors,201939,Stephen,Curry,S. Curry,stephen-curry,G,,,37:20,110.4,110.4,118.9,118.9,-8.5,-8.5,0.391,1.5,29.0,0.0,0.147,0.071,19.4,0.533,0.597,0.262,0.262,97.06,97.06,80.88,77.0,0.135,2024-25,Playoffs
0042400152,1610612744,Golden State,Warriors,GSW,warriors,1627780,Gary,Payton II,G. Payton II,gary-payton-ii,,,,12:06,112.0,112.0,123.1,123.1,-11.1,-11.1,0.1,1.0,20.0,0.1,0.0,0.045,20.0,0.0,0.0,0.154,0.154,101.18,101.18,84.32,25.0,-0.06,2024-25,Playoffs
0042400152,1610612744,Golden State,Warriors,GSW,warriors,1642366,Quinten,Post,Q. Post,quinten-post,,,,24:39,84.0,84.0,95.8,95.8,-11.8,-11.8,0.091,0.0,10.0,0.0,0.08,0.038,0.0,0.667,0.667,0.167,0.167,95.43,95.43,79.52,50.0,0.162,2024-25,Playoffs
0042400152,1610612744,Golden State,Warriors,GSW,warriors,1627741,Buddy,Hield,B. Hield,buddy-hield,,,,15:45,97.1,97.1,111.1,111.1,-14.1,-14.1,0.1,0.0,20.0,0.067,0.158,0.118,0.0,0.625,0.625,0.111,0.111,106.72,106.72,88.94,34.0,0.105,2024-25,Playoffs
0042400152,1610612744,Golden State,Warriors,GSW,warriors,1626172,Kevon,Looney,K. Looney,kevon-looney,,,,13:13,120.7,120.7,146.4,146.4,-25.7,-25.7,0.3,0.0,42.9,0.167,0.167,0.167,0.0,0.667,0.644,0.125,0.125,103.48,103.48,86.23,29.0,0.111,2024-25,Playoffs
0042400152,1610612744,Golden State,Warriors,GSW,warriors,1630611,Gui,Santos,G. Santos,gui-santos,,,,10:42,100.0,100.0,139.1,139.1,-39.1,-39.1,0.143,0.5,14.3,0.0,0.111,0.05,28.6,0.333,0.387,0.222,0.222,105.35,105.35,87.8,24.0,-0.078,2024-25,Playoffs
0042400152,1610612744,Golden State,Warriors,GSW,warriors,1630228,Jonathan,Kuminga,J. Kuminga,jonathan-kuminga,,,,26:04,107.4,107.4,122.0,122.0,-14.6,-14.6,0.118,2.0,12.5,0.038,0.074,0.057,6.3,0.417,0.427,0.23,0.23,95.76,95.76,79.8,54.0,0.037,2024-25,Playoffs
0042400152,1610612744,Golden State,Warriors,GSW,warriors,1630311,Pat,Spencer,P. Spencer,pat-spencer,,,,12:18,104.5,104.5,113.6,113.6,-9.1,-9.1,0.2,0.0,12.5,0.0,0.071,0.036,0.0,0.786,0.786,0.25,0.25,85.85,85.85,71.54,22.0,0.234,2024-25,Playoffs
0042400152,1610612744,Golden State,Warriors,GSW,warriors,1631218,Trayce,Jackson-Davis,T. Jackson-Davis,trayce-jackson-davis,,,,3:40,100.0,100.0,83.3,83.3,16.7,16.7,0.0,0.0,0.0,0.2,0.25,0.222,0.0,1.0,1.0,0.111,0.111,85.09,85.09,70.91,7.0,0.217,2024-25,Playoffs
0042400152,1610612744,Golden State,Warriors,GSW,warriors,1630296,Braxton,Key,B. Key,braxton-key,,,,3:40,100.0,100.0,83.3,83.3,16.7,16.7,0.0,0.0,0.0,0.0,0.0,0.0,0.0,0.0,0.0,0.0,0.0,85.09,85.09,70.91,7.0,0.087,2024-25,Playoffs
0042400152,1610612744,Golden State,Warriors,GSW,warriors,1628995,Kevin,Knox II,K. Knox II,kevin-knox-ii,,,,3:40,100.0,100.0,83.3,83.3,16.7,16.7,0.5,0.0,25.0,0.0,0.25,0.111,0.0,0.333,0.333,0.333,0.333,85.09,85.09,70.91,7.0,0.174,2024-25,Playoffs
0042400152,1610612745,Houston,Rockets,HOU,rockets,1628415,Dillon,Brooks,D. Brooks,dillon-brooks,F,,,24:48,112.5,112.5,87.5,87.5,25.0,25.0,0.071,0.33,5.9,0.0,0.12,0.07,17.6,0.583,0.621,0.296,0.296,92.9,92.9,77.42,48.0,0.093,2024-25,Playoffs
0042400152,1610612745,Houston,Rockets,HOU,rockets,1641708,Amen,Thompson,A. Thompson,amen-thompson,F,,,22:42,123.4,123.4,91.5,91.5,31.9,31.9,0.167,0.0,25.0,0.0,0.038,0.022,0.0,0.571,0.628,0.173,0.173,99.41,99.41,82.84,47.0,0.083,2024-25,Playoffs
0042400152,1610612745,Houston,Rockets,HOU,rockets,1630578,Alperen,Sengun,A. Sengun,alperen-sengun,C,,,36:47,126.7,126.7,89.3,89.3,37.3,37.3,0.241,2.33,25.9,0.171,0.263,0.219,11.1,0.433,0.494,0.225,0.225,97.89,97.89,81.57,75.0,0.153,2024-25,Playoffs
0042400152,1610612745,Houston,Rockets,HOU,rockets,1630224,Jalen,Green,J. Green,jalen-green,G,,,35:20,124.7,124.7,98.6,98.6,26.0,26.0,0.316,3.0,17.1,0.0,0.1,0.055,5.7,0.68,0.699,0.354,0.354,99.17,99.17,82.64,73.0,0.248,2024-25,Playoffs
0042400152,1610612745,Houston,Rockets,HOU,rockets,1627832,Fred,VanVleet,F. VanVleet,fred-vanvleet,G,,,42:14,122.6,122.6,98.8,98.8,23.8,23.8,0.057,0.0,18.2,0.0,0.136,0.072,0.0,0.313,0.394,0.091,0.091,96.05,96.05,80.04,84.0,0.065,2024-25,Playoffs
0042400152,1610612745,Houston,Rockets,HOU,rockets,1631106,Tari,Eason,T. Eason,tari-eason,,,,24:19,104.0,104.0,107.7,107.7,-3.7,-3.7,0.091,1.0,9.1,0.107,0.125,0.115,9.1,0.778,0.778,0.169,0.169,100.67,100.67,83.89,50.0,0.162,2024-25,Playoffs
0042400152,1610612745,Houston,Rockets,HOU,rockets,1631095,Jabari,Smith Jr.,J. Smith Jr.,jabari-smith-jr,,,,23:51,108.0,108.0,100.0,100.0,8.0,8.0,0.0,0.0,0.0,0.0,0.238,0.106,20.0,0.625,0.625,0.085,0.085,99.62,99.62,83.02,50.0,0.093,2024-25,Playoffs
0042400152,1610612745,Houston,Rockets,HOU,rockets,203500,Steven,Adams,S. Adams,steven-adams,,,,16:48,90.9,90.9,87.5,87.5,3.4,3.4,0.0,0.0,0.0,0.056,0.125,0.088,0.0,0.0,0.568,0.026,0.026,92.82,92.82,77.35,33.0,0.108,2024-25,Playoffs
0042400152,1610612745,Houston,Rockets,HOU,rockets,1628988,Aaron,Holiday,A. Holiday,aaron-holiday,,,,5:12,66.7,66.7,75.0,75.0,-8.3,-8.3,0.5,0.0,33.3,0.0,0.125,0.067,0.0,0.0,0.0,0.143,0.143,110.88,110.88,92.4,12.0,-0.095,2024-25,Playoffs
0042400152,1610612745,Houston,Rockets,HOU,rockets,201145,Jeff,Green,J. Green,jeff-green,,,,2:00,0.0,0.0,125.0,125.0,-125.0,-125.0,0.0,0.0,0.0,0.25,0.0,0.167,0.0,0.0,0.0,0.4,0.4,96.0,96.0,80.0,4.0,-0.375,2024-25,Playoffs
0042400152,1610612745,Houston,Rockets,HOU,rockets,1641715,Cam,Whitmore,C. Whitmore,cam-whitmore,,,,2:00,0.0,0.0,125.0,125.0,-125.0,-125.0,0.0,0.0,0.0,0.0,0.5,0.167,0.0,0.0,0.0,0.2,0.2,96.0,96.0,80.0,4.0,0.0,2024-25,Playoffs
0042400152,1610612745,Houston,Rockets,HOU,rockets,1631466,Nate,Williams,N. Williams,nate-williams,,,,2:00,0.0,0.0,125.0,125.0,-125.0,-125.0,0.0,0.0,0.0,0.0,0.0,0.0,0.0,0.0,0.0,0.0,0.0,96.0,96.0,80.0,4.0,0.0,2024-25,Playoffs
0042400152,1610612745,Houston,Rockets,HOU,rockets,1642263,Reed,Sheppard,R. Sheppard,reed-sheppard,,,,2:00,0.0,0.0,125.0,125.0,-125.0,-125.0,0.0,0.0,0.0,0.0,0.0,0.0,0.0,0.0,0.0,0.2,0.2,96.0,96.0,80.0,4.0,-0.25,2024-25,Playoffs
0042400152,1610612745,Houston,Rockets,HOU,rockets,1629111,Jock,Landale,J. Landale,jock-landale,,DND - Injury/Illness,,,0.0,0.0,0.0,0.0,0.0,0.0,0.0,0.0,0.0,0.0,0.0,0.0,0.0,0.0,0.0,0.0,0.0,0.0,0.0,0.0,0.0,0.0,2024-25,Playoffs
0042400152,1610612745,Houston,Rockets,HOU,rockets,1630256,Jae'Sean,Tate,J. Tate,jaesean-tate,,DND - Injury/Illness,,,0.0,0.0,0.0,0.0,0.0,0.0,0.0,0.0,0.0,0.0,0.0,0.0,0.0,0.0,0.0,0.0,0.0,0.0,0.0,0.0,0.0,0.0,2024-25,Playoffs
0042400153,1610612745,Houston,Rockets,HOU,rockets,1641708,Amen,Thompson,A. Thompson,amen-thompson,F,,,36:44,94.4,94.4,104.1,104.1,-9.7,-9.7,0.19,1.0,16.0,0.106,0.051,0.081,16.0,0.313,0.326,0.239,0.239,94.08,94.08,78.4,71.0,0.025,2024-25,Playoffs
0042400153,1610612745,Houston,Rockets,HOU,rockets,1628415,Dillon,Brooks,D. Brooks,dillon-brooks,F,,,27:44,104.1,104.1,100.0,100.0,4.1,4.1,0.071,0.5,8.3,0.059,0.133,0.094,16.7,0.688,0.732,0.18,0.18,86.54,86.54,72.12,49.0,0.098,2024-25,Playoffs
0042400153,1610612745,Houston,Rockets,HOU,rockets,1630578,Alperen,Sengun,A. Sengun,alperen-sengun,C,,,33:29,90.5,90.5,103.1,103.1,-12.6,-12.6,0.286,4.0,15.4,0.047,0.25,0.139,3.8,0.389,0.363,0.297,0.297,91.75,91.75,76.46,63.0,0.078,2024-25,Playoffs
0042400153,1610612745,Houston,Rockets,HOU,rockets,1630224,Jalen,Green,J. Green,jalen-green,G,,,38:46,97.4,97.4,115.4,115.4,-17.9,-17.9,0.208,5.0,29.4,0.0,0.136,0.067,5.9,0.409,0.409,0.132,0.132,96.58,96.58,80.48,78.0,0.09,2024-25,Playoffs
0042400153,1610612745,Houston,Rockets,HOU,rockets,1627832,Fred,VanVleet,F. VanVleet,fred-vanvleet,G,,,40:35,94.9,94.9,113.9,113.9,-19.1,-19.1,0.136,1.0,14.3,0.0,0.095,0.043,14.3,0.464,0.539,0.189,0.189,92.83,92.83,77.36,78.0,0.079,2024-25,Playoffs
0042400153,1610612745,Houston,Rockets,HOU,rockets,1631106,Tari,Eason,T. Eason,tari-eason,,,,18:56,112.5,112.5,104.8,104.8,7.7,7.7,0.0,0.0,0.0,0.053,0.192,0.133,9.1,0.389,0.405,0.244,0.244,103.94,103.94,86.62,40.0,0.048,2024-25,Playoffs
0042400153,1610612745,Houston,Rockets,HOU,rockets,203500,Steven,Adams,S. Adams,steven-adams,,,,18:09,116.2,116.2,105.0,105.0,11.2,11.2,0.154,2.0,25.0,0.2,0.095,0.146,12.5,1.0,0.862,0.125,0.125,101.86,101.86,84.88,37.0,0.167,2024-25,Playoffs
0042400153,1610612745,Houston,Rockets,HOU,rockets,1631095,Jabari,Smith Jr.,J. Smith Jr.,jabari-smith-jr,,,,25:37,98.1,98.1,109.1,109.1,-11.0,-11.0,0.0,0.0,0.0,0.032,0.125,0.079,10.0,0.688,0.676,0.149,0.149,101.18,101.18,84.32,53.0,0.122,2024-25,Playoffs
0042400153,1610612745,Houston,Rockets,HOU,rockets,201145,Jeff,Green,J. Green,jeff-green,,DNP - Coach's Decision,,,0.0,0.0,0.0,0.0,0.0,0.0,0.0,0.0,0.0,0.0,0.0,0.0,0.0,0.0,0.0,0.0,0.0,0.0,0.0,0.0,0.0,0.0,2024-25,Playoffs
0042400153,1610612745,Houston,Rockets,HOU,rockets,1628988,Aaron,Holiday,A. Holiday,aaron-holiday,,DNP - Coach's Decision,,,0.0,0.0,0.0,0.0,0.0,0.0,0.0,0.0,0.0,0.0,0.0,0.0,0.0,0.0,0.0,0.0,0.0,0.0,0.0,0.0,0.0,0.0,2024-25,Playoffs
0042400153,1610612745,Houston,Rockets,HOU,rockets,1629111,Jock,Landale,J. Landale,jock-landale,,DND - Injury/Illness,,,0.0,0.0,0.0,0.0,0.0,0.0,0.0,0.0,0.0,0.0,0.0,0.0,0.0,0.0,0.0,0.0,0.0,0.0,0.0,0.0,0.0,0.0,2024-25,Playoffs
0042400153,1610612745,Houston,Rockets,HOU,rockets,1642263,Reed,Sheppard,R. Sheppard,reed-sheppard,,DNP - Coach's Decision,,,0.0,0.0,0.0,0.0,0.0,0.0,0.0,0.0,0.0,0.0,0.0,0.0,0.0,0.0,0.0,0.0,0.0,0.0,0.0,0.0,0.0,0.0,2024-25,Playoffs
0042400153,1610612745,Houston,Rockets,HOU,rockets,1630256,Jae'Sean,Tate,J. Tate,jaesean-tate,,DND - Injury/Illness,,,0.0,0.0,0.0,0.0,0.0,0.0,0.0,0.0,0.0,0.0,0.0,0.0,0.0,0.0,0.0,0.0,0.0,0.0,0.0,0.0,0.0,0.0,2024-25,Playoffs
0042400153,1610612745,Houston,Rockets,HOU,rockets,1641715,Cam,Whitmore,C. Whitmore,cam-whitmore,,DNP - Coach's Decision,,,0.0,0.0,0.0,0.0,0.0,0.0,0.0,0.0,0.0,0.0,0.0,0.0,0.0,0.0,0.0,0.0,0.0,0.0,0.0,0.0,0.0,0.0,2024-25,Playoffs
0042400153,1610612745,Houston,Rockets,HOU,rockets,1631466,Nate,Williams,N. Williams,nate-williams,,DNP - Coach's Decision,,,0.0,0.0,0.0,0.0,0.0,0.0,0.0,0.0,0.0,0.0,0.0,0.0,0.0,0.0,0.0,0.0,0.0,0.0,0.0,0.0,0.0,0.0,2024-25,Playoffs
0042400153,1610612744,Golden State,Warriors,GSW,warriors,1630228,Jonathan,Kuminga,J. Kuminga,jonathan-kuminga,F,,,16:45,75.8,75.8,93.8,93.8,-18.0,-18.0,0.286,2.0,18.2,0.05,0.0,0.026,9.1,0.429,0.444,0.257,0.257,93.17,93.17,77.64,33.0,0.01,2024-25,Playoffs
0042400153,1610612744,Golden State,Warriors,GSW,warriors,203110,Draymond,Green,D. Green,draymond-green,F,,,34:01,111.9,111.9,94.0,94.0,17.9,17.9,0.167,0.8,20.0,0.028,0.156,0.099,25.0,0.273,0.306,0.208,0.208,94.54,94.54,78.78,67.0,0.043,2024-25,Playoffs
0042400153,1610612744,Golden State,Warriors,GSW,warriors,1642366,Quinten,Post,Q. Post,quinten-post,C,,,27:23,103.8,103.8,96.0,96.0,7.8,7.8,0.2,0.0,36.4,0.107,0.25,0.188,0.0,0.143,0.143,0.113,0.113,90.28,90.28,75.24,53.0,0.096,2024-25,Playoffs
0042400153,1610612744,Golden State,Warriors,GSW,warriors,1641764,Brandin,Podziemski,B. Podziemski,brandin-podziemski,G,,,33:03,109.0,109.0,93.8,93.8,15.2,15.2,0.087,0.0,15.4,0.0,0.1,0.053,0.0,0.389,0.465,0.145,0.145,95.11,95.11,79.26,67.0,0.071,2024-25,Playoffs
0042400153,1610612744,Golden State,Warriors,GSW,warriors,201939,Stephen,Curry,S. Curry,stephen-curry,G,,,40:59,123.8,123.8,100.0,100.0,23.8,23.8,0.36,4.5,24.3,0.0,0.143,0.075,5.4,0.63,0.679,0.298,0.298,94.27,94.27,78.56,80.0,0.254,2024-25,Playoffs
0042400153,1610612744,Golden State,Warriors,GSW,warriors,1627780,Gary,Payton II,G. Payton II,gary-payton-ii,,,,21:23,107.1,107.1,97.8,97.8,9.4,9.4,0.091,0.0,10.0,0.08,0.042,0.061,0.0,0.889,0.889,0.184,0.184,97.67,97.67,81.39,42.0,0.2,2024-25,Playoffs
0042400153,1610612744,Golden State,Warriors,GSW,warriors,1630541,Moses,Moody,M. Moody,moses-moody,,,,23:20,91.8,91.8,98.0,98.0,-6.2,-6.2,0.143,0.0,20.0,0.03,0.069,0.048,0.0,0.438,0.438,0.14,0.14,101.86,101.86,84.88,49.0,0.09,2024-25,Playoffs
0042400153,1610612744,Golden State,Warriors,GSW,warriors,1626172,Kevon,Looney,K. Looney,kevon-looney,,,,13:55,107.4,107.4,100.0,100.0,7.4,7.4,0.0,0.0,0.0,0.059,0.286,0.161,0.0,0.333,0.333,0.097,0.097,98.28,98.28,81.9,27.0,0.03,2024-25,Playoffs
0042400153,1610612744,Golden State,Warriors,GSW,warriors,1627741,Buddy,Hield,B. Hield,buddy-hield,,,,29:11,121.3,121.3,103.4,103.4,17.9,17.9,0.095,1.0,11.8,0.032,0.029,0.031,11.8,0.654,0.654,0.205,0.205,97.85,97.85,81.54,61.0,0.109,2024-25,Playoffs
0042400153,1610612744,Golden State,Warriors,GSW,warriors,202710,Jimmy,Butler III,J. Butler III,jimmy-butler-iii,,DND - Injury/Illness,,,0.0,0.0,0.0,0.0,0.0,0.0,0.0,0.0,0.0,0.0,0.0,0.0,0.0,0.0,0.0,0.0,0.0,0.0,0.0,0.0,0.0,0.0,2024-25,Playoffs
0042400153,1610612744,Golden State,Warriors,GSW,warriors,1631218,Trayce,Jackson-Davis,T. Jackson-Davis,trayce-jackson-davis,,DNP - Coach's Decision,,,0.0,0.0,0.0,0.0,0.0,0.0,0.0,0.0,0.0,0.0,0.0,0.0,0.0,0.0,0.0,0.0,0.0,0.0,0.0,0.0,0.0,0.0,2024-25,Playoffs
0042400153,1610612744,Golden State,Warriors,GSW,warriors,1630296,Braxton,Key,B. Key,braxton-key,,DNP - Coach's Decision,,,0.0,0.0,0.0,0.0,0.0,0.0,0.0,0.0,0.0,0.0,0.0,0.0,0.0,0.0,0.0,0.0,0.0,0.0,0.0,0.0,0.0,0.0,2024-25,Playoffs
0042400153,1610612744,Golden State,Warriors,GSW,warriors,1628995,Kevin,Knox II,K. Knox II,kevin-knox-ii,,DNP - Coach's Decision,,,0.0,0.0,0.0,0.0,0.0,0.0,0.0,0.0,0.0,0.0,0.0,0.0,0.0,0.0,0.0,0.0,0.0,0.0,0.0,0.0,0.0,0.0,2024-25,Playoffs
0042400153,1610612744,Golden State,Warriors,GSW,warriors,1630611,Gui,Santos,G. Santos,gui-santos,,DNP - Coach's Decision,,,0.0,0.0,0.0,0.0,0.0,0.0,0.0,0.0,0.0,0.0,0.0,0.0,0.0,0.0,0.0,0.0,0.0,0.0,0.0,0.0,0.0,0.0,2024-25,Playoffs
0042400153,1610612744,Golden State,Warriors,GSW,warriors,1630311,Pat,Spencer,P. Spencer,pat-spencer,,DNP - Coach's Decision,,,0.0,0.0,0.0,0.0,0.0,0.0,0.0,0.0,0.0,0.0,0.0,0.0,0.0,0.0,0.0,0.0,0.0,0.0,0.0,0.0,0.0,0.0,2024-25,Playoffs
0042400154,1610612745,Houston,Rockets,HOU,rockets,1641708,Amen,Thompson,A. Thompson,amen-thompson,F,,,31:10,100.0,100.0,132.2,132.2,-32.2,-32.2,0.118,2.0,11.8,0.031,0.242,0.138,5.9,0.583,0.599,0.208,0.208,92.43,92.43,77.03,61.0,0.144,2024-25,Playoffs
0042400154,1610612745,Houston,Rockets,HOU,rockets,1628415,Dillon,Brooks,D. Brooks,dillon-brooks,F,,,35:58,108.8,108.8,120.3,120.3,-11.5,-11.5,0.0,0.0,0.0,0.063,0.114,0.09,0.0,0.643,0.628,0.115,0.115,91.4,91.4,76.17,68.0,0.063,2024-25,Playoffs
0042400154,1610612745,Houston,Rockets,HOU,rockets,1630578,Alperen,Sengun,A. Sengun,alperen-sengun,C,,,42:15,122.8,122.8,120.8,120.8,2.0,2.0,0.217,0.0,13.2,0.103,0.15,0.127,0.0,0.429,0.478,0.344,0.344,88.63,88.63,73.85,79.0,0.162,2024-25,Playoffs
0042400154,1610612745,Houston,Rockets,HOU,rockets,1630224,Jalen,Green,J. Green,jalen-green,G,,,24:53,108.7,108.7,135.6,135.6,-26.9,-26.9,0.063,0.2,6.7,0.0,0.115,0.061,33.3,0.438,0.429,0.259,0.259,87.77,87.77,73.14,46.0,-0.035,2024-25,Playoffs
0042400154,1610612745,Houston,Rockets,HOU,rockets,1627832,Fred,VanVleet,F. VanVleet,fred-vanvleet,G,,,40:12,113.3,113.3,121.1,121.1,-7.7,-7.7,0.273,3.0,28.6,0.0,0.048,0.025,9.5,0.923,0.93,0.167,0.167,90.15,90.15,75.12,75.0,0.166,2024-25,Playoffs
0042400154,1610612745,Houston,Rockets,HOU,rockets,203500,Steven,Adams,S. Adams,steven-adams,,,,26:24,144.7,144.7,115.6,115.6,29.1,29.1,0.0,0.0,0.0,0.25,0.056,0.125,28.6,0.5,0.512,0.119,0.119,83.64,83.64,69.7,47.0,0.03,2024-25,Playoffs
0042400154,1610612745,Houston,Rockets,HOU,rockets,1631106,Tari,Eason,T. Eason,tari-eason,,,,16:43,131.3,131.3,121.9,121.9,9.4,9.4,0.071,0.5,20.0,0.0,0.105,0.069,40.0,0.0,0.543,0.111,0.111,91.91,91.91,76.59,32.0,0.041,2024-25,Playoffs
0042400154,1610612745,Houston,Rockets,HOU,rockets,1631095,Jabari,Smith Jr.,J. Smith Jr.,jabari-smith-jr,,,,22:26,120.5,120.5,104.4,104.4,16.0,16.0,0.188,3.0,33.3,0.05,0.042,0.045,11.1,0.625,0.615,0.115,0.115,95.23,95.23,79.36,44.0,0.071,2024-25,Playoffs
0042400154,1610612745,Houston,Rockets,HOU,rockets,201145,Jeff,Green,J. Green,jeff-green,,DNP - Coach's Decision,,,0.0,0.0,0.0,0.0,0.0,0.0,0.0,0.0,0.0,0.0,0.0,0.0,0.0,0.0,0.0,0.0,0.0,0.0,0.0,0.0,0.0,0.0,2024-25,Playoffs
0042400154,1610612745,Houston,Rockets,HOU,rockets,1628988,Aaron,Holiday,A. Holiday,aaron-holiday,,DNP - Coach's Decision,,,0.0,0.0,0.0,0.0,0.0,0.0,0.0,0.0,0.0,0.0,0.0,0.0,0.0,0.0,0.0,0.0,0.0,0.0,0.0,0.0,0.0,0.0,2024-25,Playoffs
0042400154,1610612745,Houston,Rockets,HOU,rockets,1629111,Jock,Landale,J. Landale,jock-landale,,DNP - Coach's Decision,,,0.0,0.0,0.0,0.0,0.0,0.0,0.0,0.0,0.0,0.0,0.0,0.0,0.0,0.0,0.0,0.0,0.0,0.0,0.0,0.0,0.0,0.0,2024-25,Playoffs
0042400154,1610612745,Houston,Rockets,HOU,rockets,1642263,Reed,Sheppard,R. Sheppard,reed-sheppard,,DNP - Coach's Decision,,,0.0,0.0,0.0,0.0,0.0,0.0,0.0,0.0,0.0,0.0,0.0,0.0,0.0,0.0,0.0,0.0,0.0,0.0,0.0,0.0,0.0,0.0,2024-25,Playoffs
0042400154,1610612745,Houston,Rockets,HOU,rockets,1630256,Jae'Sean,Tate,J. Tate,jaesean-tate,,DND - Injury/Illness,,,0.0,0.0,0.0,0.0,0.0,0.0,0.0,0.0,0.0,0.0,0.0,0.0,0.0,0.0,0.0,0.0,0.0,0.0,0.0,0.0,0.0,0.0,2024-25,Playoffs
0042400154,1610612745,Houston,Rockets,HOU,rockets,1641715,Cam,Whitmore,C. Whitmore,cam-whitmore,,DNP - Coach's Decision,,,0.0,0.0,0.0,0.0,0.0,0.0,0.0,0.0,0.0,0.0,0.0,0.0,0.0,0.0,0.0,0.0,0.0,0.0,0.0,0.0,0.0,0.0,2024-25,Playoffs
0042400154,1610612745,Houston,Rockets,HOU,rockets,1631466,Nate,Williams,N. Williams,nate-williams,,DNP - Coach's Decision,,,0.0,0.0,0.0,0.0,0.0,0.0,0.0,0.0,0.0,0.0,0.0,0.0,0.0,0.0,0.0,0.0,0.0,0.0,0.0,0.0,0.0,0.0,2024-25,Playoffs
0042400154,1610612744,Golden State,Warriors,GSW,warriors,1627741,Buddy,Hield,B. Hield,buddy-hield,F,,,30:17,129.3,129.3,98.3,98.3,31.0,31.0,0.167,0.0,16.7,0.031,0.1,0.065,0.0,0.5,0.5,0.221,0.221,92.71,92.71,77.26,58.0,0.096,2024-25,Playoffs
0042400154,1610612744,Golden State,Warriors,GSW,warriors,202710,Jimmy,Butler III,J. Butler III,jimmy-butler-iii,F,,,39:59,121.1,121.1,118.4,118.4,2.6,2.6,0.25,0.0,26.1,0.025,0.1,0.063,0.0,0.625,0.781,0.195,0.195,91.24,91.24,76.03,76.0,0.19,2024-25,Playoffs
0042400154,1610612744,Golden State,Warriors,GSW,warriors,203110,Draymond,Green,D. Green,draymond-green,C,,,30:41,128.1,128.1,94.9,94.9,33.2,33.2,0.091,2.0,20.0,0.029,0.226,0.123,10.0,0.429,0.429,0.116,0.116,90.73,90.73,75.61,57.0,0.041,2024-25,Playoffs
0042400154,1610612744,Golden State,Warriors,GSW,warriors,1641764,Brandin,Podziemski,B. Podziemski,brandin-podziemski,G,,,40:01,125.7,125.7,111.7,111.7,14.0,14.0,0.217,2.5,19.2,0.1,0.028,0.066,7.7,0.667,0.673,0.241,0.241,90.57,90.57,75.47,74.0,0.158,2024-25,Playoffs
0042400154,1610612744,Golden State,Warriors,GSW,warriors,201939,Stephen,Curry,S. Curry,stephen-curry,G,,,39:06,128.8,128.8,115.5,115.5,13.3,13.3,0.12,0.75,14.3,0.0,0.091,0.039,19.0,0.538,0.594,0.2,0.2,88.38,88.38,73.65,73.0,0.08,2024-25,Playoffs
0042400154,1610612744,Golden State,Warriors,GSW,warriors,1627780,Gary,Payton II,G. Payton II,gary-payton-ii,,,,16:17,110.0,110.0,139.4,139.4,-29.4,-29.4,0.4,0.0,57.1,0.059,0.143,0.097,0.0,0.333,0.333,0.083,0.083,92.86,92.86,77.38,30.0,0.118,2024-25,Playoffs
0042400154,1610612744,Golden State,Warriors,GSW,warriors,1642366,Quinten,Post,Q. Post,quinten-post,,,,19:42,108.6,108.6,133.3,133.3,-24.8,-24.8,0.375,3.0,17.6,0.043,0.25,0.114,5.9,0.455,0.509,0.318,0.318,86.5,86.5,72.08,35.0,0.146,2024-25,Playoffs
0042400154,1610612744,Golden State,Warriors,GSW,warriors,1630611,Gui,Santos,G. Santos,gui-santos,,,,1:29,66.7,66.7,150.0,150.0,-83.3,-83.3,0.0,0.0,0.0,0.0,0.0,0.0,0.0,0.0,0.0,0.0,0.0,80.9,80.9,67.42,3.0,0.0,2024-25,Playoffs
0042400154,1610612744,Golden State,Warriors,GSW,warriors,1626172,Kevon,Looney,K. Looney,kevon-looney,,,,5:07,110.0,110.0,123.1,123.1,-13.1,-13.1,0.0,0.0,0.0,0.0,0.167,0.091,0.0,0.0,0.0,0.0,0.0,107.95,107.95,89.96,10.0,-0.129,2024-25,Playoffs
0042400154,1610612744,Golden State,Warriors,GSW,warriors,1630541,Moses,Moody,M. Moody,moses-moody,,,,11:42,104.8,104.8,130.4,130.4,-25.7,-25.7,0.143,0.0,14.3,0.0,0.111,0.045,0.0,0.25,0.25,0.231,0.231,90.28,90.28,75.24,21.0,0.024,2024-25,Playoffs
0042400154,1610612744,Golden State,Warriors,GSW,warriors,1631218,Trayce,Jackson-Davis,T. Jackson-Davis,trayce-jackson-davis,,,,5:39,120.0,120.0,150.0,150.0,-30.0,-30.0,0.0,0.0,0.0,0.0,0.0,0.0,0.0,0.0,0.0,0.091,0.091,84.91,84.91,70.75,10.0,-0.2,2024-25,Playoffs
0042400154,1610612744,Golden State,Warriors,GSW,warriors,1630296,Braxton,Key,B. Key,braxton-key,,DNP - Coach's Decision,,,0.0,0.0,0.0,0.0,0.0,0.0,0.0,0.0,0.0,0.0,0.0,0.0,0.0,0.0,0.0,0.0,0.0,0.0,0.0,0.0,0.0,0.0,2024-25,Playoffs
0042400154,1610612744,Golden State,Warriors,GSW,warriors,1628995,Kevin,Knox II,K. Knox II,kevin-knox-ii,,DNP - Coach's Decision,,,0.0,0.0,0.0,0.0,0.0,0.0,0.0,0.0,0.0,0.0,0.0,0.0,0.0,0.0,0.0,0.0,0.0,0.0,0.0,0.0,0.0,0.0,2024-25,Playoffs
0042400154,1610612744,Golden State,Warriors,GSW,warriors,1630228,Jonathan,Kuminga,J. Kuminga,jonathan-kuminga,,DNP - Coach's Decision,,,0.0,0.0,0.0,0.0,0.0,0.0,0.0,0.0,0.0,0.0,0.0,0.0,0.0,0.0,0.0,0.0,0.0,0.0,0.0,0.0,0.0,0.0,2024-25,Playoffs
0042400154,1610612744,Golden State,Warriors,GSW,warriors,1630311,Pat,Spencer,P. Spencer,pat-spencer,,DNP - Coach's Decision,,,0.0,0.0,0.0,0.0,0.0,0.0,0.0,0.0,0.0,0.0,0.0,0.0,0.0,0.0,0.0,0.0,0.0,0.0,0.0,0.0,0.0,0.0,2024-25,Playoffs
0042400155,1610612744,Golden State,Warriors,GSW,warriors,1627741,Buddy,Hield,B. Hield,buddy-hield,F,,,17:50,97.4,97.4,162.2,162.2,-64.7,-64.7,0.077,0.0,14.3,0.074,0.0,0.054,0.0,0.333,0.333,0.12,0.12,102.32,102.32,85.27,39.0,0.029,2024-25,Playoffs
0042400155,1610612744,Golden State,Warriors,GSW,warriors,202710,Jimmy,Butler III,J. Butler III,jimmy-butler-iii,F,,,25:21,113.5,113.5,160.8,160.8,-47.3,-47.3,0.105,0.0,14.3,0.118,0.077,0.106,0.0,0.2,0.328,0.185,0.185,97.51,97.51,81.26,52.0,0.032,2024-25,Playoffs
0042400155,1610612744,Golden State,Warriors,GSW,warriors,203110,Draymond,Green,D. Green,draymond-green,C,,,17:54,75.7,75.7,158.3,158.3,-82.7,-82.7,0.111,0.5,14.3,0.0,0.071,0.031,28.6,0.875,0.875,0.143,0.143,97.84,97.84,81.53,37.0,0.083,2024-25,Playoffs
0042400155,1610612744,Golden State,Warriors,GSW,warriors,1641764,Brandin,Podziemski,B. Podziemski,brandin-podziemski,G,,,20:54,86.4,86.4,151.2,151.2,-64.9,-64.9,0.333,2.0,30.8,0.0,0.133,0.056,15.4,0.571,0.571,0.176,0.176,97.61,97.61,81.34,44.0,0.072,2024-25,Playoffs
0042400155,1610612744,Golden State,Warriors,GSW,warriors,201939,Stephen,Curry,S. Curry,stephen-curry,G,,,23:26,122.9,122.9,166.0,166.0,-43.0,-43.0,0.412,2.33,30.4,0.033,0.133,0.067,13.0,0.458,0.488,0.267,0.267,97.27,97.27,81.06,48.0,0.069,2024-25,Playoffs
0042400155,1610612744,Golden State,Warriors,GSW,warriors,1642366,Quinten,Post,Q. Post,quinten-post,,,,13:55,78.6,78.6,133.3,133.3,-54.8,-54.8,0.0,0.0,0.0,0.0,0.154,0.087,42.9,0.625,0.625,0.25,0.25,94.9,94.9,79.08,28.0,-0.038,2024-25,Playoffs
0042400155,1610612744,Golden State,Warriors,GSW,warriors,1627780,Gary,Payton II,G. Payton II,gary-payton-ii,,,,10:30,130.4,130.4,162.5,162.5,-32.1,-32.1,0.286,0.0,25.0,0.0,0.25,0.071,0.0,0.667,0.667,0.231,0.231,107.36,107.36,89.47,23.0,0.09,2024-25,Playoffs
0042400155,1610612744,Golden State,Warriors,GSW,warriors,1630611,Gui,Santos,G. Santos,gui-santos,,,,17:52,120.5,120.5,108.1,108.1,12.4,12.4,0.133,0.0,28.6,0.0,0.125,0.057,0.0,0.75,0.717,0.106,0.106,102.09,102.09,85.07,39.0,0.104,2024-25,Playoffs
0042400155,1610612744,Golden State,Warriors,GSW,warriors,1630541,Moses,Moody,M. Moody,moses-moody,,,,25:56,116.7,116.7,105.6,105.6,11.1,11.1,0.143,0.0,9.1,0.122,0.167,0.138,0.0,0.583,0.633,0.26,0.26,99.97,99.97,83.31,54.0,0.287,2024-25,Playoffs
0042400155,1610612744,Golden State,Warriors,GSW,warriors,1626172,Kevon,Looney,K. Looney,kevon-looney,,,,10:56,145.8,145.8,141.7,141.7,4.2,4.2,0.0,0.0,0.0,0.125,0.25,0.15,0.0,0.333,0.333,0.094,0.094,105.37,105.37,87.8,24.0,-0.017,2024-25,Playoffs
0042400155,1610612744,Golden State,Warriors,GSW,warriors,1630311,Pat,Spencer,P. Spencer,pat-spencer,,,,13:36,137.0,137.0,88.9,88.9,48.1,48.1,0.2,1.0,18.2,0.125,0.133,0.129,18.2,0.714,0.739,0.25,0.25,95.29,95.29,79.41,27.0,0.267,2024-25,Playoffs
0042400155,1610612744,Golden State,Warriors,GSW,warriors,1628995,Kevin,Knox II,K. Knox II,kevin-knox-ii,,,,17:50,136.8,136.8,100.0,100.0,36.8,36.8,0.133,0.0,12.5,0.071,0.111,0.087,0.0,0.423,0.489,0.255,0.255,102.28,102.28,85.23,38.0,0.173,2024-25,Playoffs
0042400155,1610612744,Golden State,Warriors,GSW,warriors,1631218,Trayce,Jackson-Davis,T. Jackson-Davis,trayce-jackson-davis,,,,12:00,138.5,138.5,92.3,92.3,46.2,46.2,0.0,0.0,0.0,0.08,0.167,0.108,0.0,1.0,0.532,0.093,0.093,104.0,104.0,86.67,26.0,0.026,2024-25,Playoffs
0042400155,1610612744,Golden State,Warriors,GSW,warriors,1630296,Braxton,Key,B. Key,braxton-key,,,,12:00,138.5,138.5,92.3,92.3,46.2,46.2,0.0,0.0,0.0,0.2,0.167,0.189,22.2,0.0,0.0,0.209,0.209,104.0,104.0,86.67,26.0,-0.171,2024-25,Playoffs
0042400155,1610612744,Golden State,Warriors,GSW,warriors,1630228,Jonathan,Kuminga,J. Kuminga,jonathan-kuminga,,DND - Injury/Illness,,,0.0,0.0,0.0,0.0,0.0,0.0,0.0,0.0,0.0,0.0,0.0,0.0,0.0,0.0,0.0,0.0,0.0,0.0,0.0,0.0,0.0,0.0,2024-25,Playoffs
0042400155,1610612745,Houston,Rockets,HOU,rockets,1628415,Dillon,Brooks,D. Brooks,dillon-brooks,F,,,28:59,157.6,157.6,119.3,119.3,38.3,38.3,0.087,2.0,10.0,0.0,0.023,0.016,5.0,0.615,0.726,0.273,0.273,96.06,96.06,80.05,59.0,0.124,2024-25,Playoffs
0042400155,1610612745,Houston,Rockets,HOU,rockets,1641708,Amen,Thompson,A. Thompson,amen-thompson,F,,,34:41,144.3,144.3,98.6,98.6,45.7,45.7,0.12,1.0,14.3,0.16,0.044,0.086,14.3,0.708,0.783,0.228,0.228,96.88,96.88,80.73,70.0,0.197,2024-25,Playoffs
0042400155,1610612745,Houston,Rockets,HOU,rockets,1630578,Alperen,Sengun,A. Sengun,alperen-sengun,C,,,30:50,134.9,134.9,100.0,100.0,34.9,34.9,0.409,9.0,42.9,0.048,0.167,0.13,4.8,0.667,0.697,0.176,0.176,97.28,97.28,81.06,63.0,0.208,2024-25,Playoffs
0042400155,1610612745,Houston,Rockets,HOU,rockets,1630224,Jalen,Green,J. Green,jalen-green,G,,,27:50,150.9,150.9,113.8,113.8,37.1,37.1,0.077,0.0,16.7,0.0,0.174,0.123,0.0,0.5,0.539,0.156,0.156,99.14,99.14,82.61,57.0,0.113,2024-25,Playoffs
0042400155,1610612745,Houston,Rockets,HOU,rockets,1627832,Fred,VanVleet,F. VanVleet,fred-vanvleet,G,,,33:07,145.6,145.6,118.2,118.2,27.4,27.4,0.087,2.0,11.1,0.0,0.021,0.014,5.6,0.769,0.831,0.208,0.208,97.11,97.11,80.92,68.0,0.155,2024-25,Playoffs
0042400155,1610612745,Houston,Rockets,HOU,rockets,203500,Steven,Adams,S. Adams,steven-adams,,,,17:09,134.3,134.3,97.0,97.0,37.3,37.3,0.063,0.0,33.3,0.25,0.214,0.231,0.0,0.0,0.0,0.051,0.051,95.12,95.12,79.27,35.0,0.021,2024-25,Playoffs
0042400155,1610612745,Houston,Rockets,HOU,rockets,1631106,Tari,Eason,T. Eason,tari-eason,,,,19:16,105.3,105.3,132.5,132.5,-27.2,-27.2,0.111,0.33,11.1,0.0,0.208,0.125,33.3,0.9,0.9,0.19,0.19,97.2,97.2,81.0,38.0,0.093,2024-25,Playoffs
0042400155,1610612745,Houston,Rockets,HOU,rockets,1628988,Aaron,Holiday,A. Holiday,aaron-holiday,,,,16:24,108.6,108.6,122.2,122.2,-13.7,-13.7,0.2,2.0,18.2,0.0,0.0,0.0,9.1,0.583,0.58,0.243,0.243,103.9,103.9,86.59,35.0,0.051,2024-25,Playoffs
0042400155,1610612745,Houston,Rockets,HOU,rockets,1631095,Jabari,Smith Jr.,J. Smith Jr.,jabari-smith-jr,,,,15:09,83.9,83.9,100.0,100.0,-16.1,-16.1,0.0,0.0,0.0,0.0,0.125,0.067,12.5,0.417,0.509,0.229,0.229,99.8,99.8,83.17,31.0,0.064,2024-25,Playoffs
0042400155,1610612745,Houston,Rockets,HOU,rockets,1642263,Reed,Sheppard,R. Sheppard,reed-sheppard,,,,6:34,70.6,70.6,158.8,158.8,-88.2,-88.2,0.25,1.0,50.0,0.0,0.125,0.063,50.0,0.0,0.0,0.053,0.053,124.23,124.23,103.53,17.0,0.078,2024-25,Playoffs
0042400155,1610612745,Houston,Rockets,HOU,rockets,1629111,Jock,Landale,J. Landale,jock-landale,,,,4:51,36.4,36.4,145.5,145.5,-109.1,-109.1,0.0,0.0,0.0,0.0,0.0,0.0,0.0,0.5,0.5,0.154,0.154,108.83,108.83,90.69,11.0,0.065,2024-25,Playoffs
0042400155,1610612745,Houston,Rockets,HOU,rockets,201145,Jeff,Green,J. Green,jeff-green,,,,1:43,133.3,133.3,183.3,183.3,-50.0,-50.0,0.0,0.0,0.0,0.0,0.0,0.0,0.0,1.5,1.5,0.167,0.167,167.77,167.77,139.81,6.0,0.182,2024-25,Playoffs
0042400155,1610612745,Houston,Rockets,HOU,rockets,1631466,Nate,Williams,N. Williams,nate-williams,,,,1:43,133.3,133.3,183.3,183.3,-50.0,-50.0,0.0,0.0,0.0,0.0,0.0,0.0,0.0,0.0,0.0,0.167,0.167,167.77,167.77,139.81,6.0,-0.121,2024-25,Playoffs
0042400155,1610612745,Houston,Rockets,HOU,rockets,1641715,Cam,Whitmore,C. Whitmore,cam-whitmore,,,,1:43,133.3,133.3,183.3,183.3,-50.0,-50.0,0.0,0.0,0.0,0.0,0.0,0.0,0.0,0.0,0.0,0.0,0.0,167.77,167.77,139.81,6.0,0.0,2024-25,Playoffs
0042400155,1610612745,Houston,Rockets,HOU,rockets,1630256,Jae'Sean,Tate,J. Tate,jaesean-tate,,DND - Injury/Illness,,,0.0,0.0,0.0,0.0,0.0,0.0,0.0,0.0,0.0,0.0,0.0,0.0,0.0,0.0,0.0,0.0,0.0,0.0,0.0,0.0,0.0,0.0,2024-25,Playoffs
0042400156,1610612745,Houston,Rockets,HOU,rockets,1641708,Amen,Thompson,A. Thompson,amen-thompson,F,,,35:32,121.1,121.1,107.9,107.9,13.2,13.2,0.091,1.0,10.0,0.0,0.159,0.091,10.0,0.385,0.448,0.212,0.212,102.66,102.66,85.55,76.0,0.086,2024-25,Playoffs
0042400156,1610612745,Houston,Rockets,HOU,rockets,1628415,Dillon,Brooks,D. Brooks,dillon-brooks,F,,,18:33,113.2,113.2,107.7,107.7,5.5,5.5,0.143,2.0,22.2,0.063,0.0,0.026,11.1,0.2,0.255,0.175,0.175,99.62,99.62,83.02,38.0,-0.046,2024-25,Playoffs
0042400156,1610612745,Houston,Rockets,HOU,rockets,1630578,Alperen,Sengun,A. Sengun,alperen-sengun,C,,,37:06,107.9,107.9,97.4,97.4,10.5,10.5,0.353,3.0,19.4,0.075,0.25,0.167,6.5,0.4,0.455,0.284,0.284,98.97,98.97,82.47,76.0,0.192,2024-25,Playoffs
0042400156,1610612745,Houston,Rockets,HOU,rockets,1630224,Jalen,Green,J. Green,jalen-green,G,,,32:03,118.2,118.2,87.9,87.9,30.3,30.3,0.143,3.0,17.6,0.032,0.093,0.068,5.9,0.318,0.44,0.184,0.184,98.85,98.85,82.37,66.0,0.09,2024-25,Playoffs
0042400156,1610612745,Houston,Rockets,HOU,rockets,1627832,Fred,VanVleet,F. VanVleet,fred-vanvleet,G,,,39:53,126.8,126.8,110.8,110.8,16.0,16.0,0.333,4.0,29.6,0.026,0.152,0.095,7.4,0.769,0.855,0.198,0.198,99.28,99.28,82.73,82.0,0.215,2024-25,Playoffs
0042400156,1610612745,Houston,Rockets,HOU,rockets,203500,Steven,Adams,S. Adams,steven-adams,,,,31:03,125.4,125.4,101.6,101.6,23.8,23.8,0.0,0.0,0.0,0.1,0.05,0.071,0.0,1.0,0.77,0.156,0.156,97.42,97.42,81.18,63.0,0.147,2024-25,Playoffs
0042400156,1610612745,Houston,Rockets,HOU,rockets,1631106,Tari,Eason,T. Eason,tari-eason,,,,16:06,114.7,114.7,108.8,108.8,5.9,5.9,0.111,0.0,20.0,0.0,0.105,0.056,0.0,1.0,1.0,0.098,0.098,101.37,101.37,84.47,34.0,0.202,2024-25,Playoffs
0042400156,1610612745,Houston,Rockets,HOU,rockets,1631095,Jabari,Smith Jr.,J. Smith Jr.,jabari-smith-jr,,,,18:38,132.4,132.4,108.1,108.1,24.3,24.3,0.083,0.5,14.3,0.053,0.105,0.079,28.6,1.0,1.0,0.125,0.125,95.31,95.31,79.43,37.0,0.101,2024-25,Playoffs
0042400156,1610612745,Houston,Rockets,HOU,rockets,1628988,Aaron,Holiday,A. Holiday,aaron-holiday,,,,5:34,75.0,75.0,141.7,141.7,-66.7,-66.7,0.0,0.0,0.0,0.167,0.0,0.111,0.0,0.75,0.75,0.154,0.154,103.47,103.47,86.23,12.0,0.055,2024-25,Playoffs
0042400156,1610612745,Houston,Rockets,HOU,rockets,1641715,Cam,Whitmore,C. Whitmore,cam-whitmore,,,,1:32,0.0,0.0,200.0,200.0,-200.0,-200.0,0.0,0.0,0.0,0.0,0.0,0.0,0.0,0.0,0.0,0.2,0.2,140.87,140.87,117.39,5.0,-0.091,2024-25,Playoffs
0042400156,1610612745,Houston,Rockets,HOU,rockets,201145,Jeff,Green,J. Green,jeff-green,,,,1:32,0.0,0.0,200.0,200.0,-200.0,-200.0,0.0,0.0,0.0,0.0,0.0,0.0,0.0,0.0,0.0,0.0,0.0,140.87,140.87,117.39,5.0,0.0,2024-25,Playoffs
0042400156,1610612745,Houston,Rockets,HOU,rockets,1631466,Nate,Williams,N. Williams,nate-williams,,,,1:14,0.0,0.0,200.0,200.0,-200.0,-200.0,0.0,0.0,0.0,0.0,0.0,0.0,100.0,0.0,0.0,0.25,0.25,136.22,136.22,113.51,4.0,-0.125,2024-25,Playoffs
0042400156,1610612745,Houston,Rockets,HOU,rockets,1642263,Reed,Sheppard,R. Sheppard,reed-sheppard,,,,1:14,0.0,0.0,200.0,200.0,-200.0,-200.0,0.0,0.0,0.0,0.0,0.0,0.0,0.0,0.0,0.0,0.25,0.25,136.22,136.22,113.51,4.0,-0.125,2024-25,Playoffs
0042400156,1610612745,Houston,Rockets,HOU,rockets,1629111,Jock,Landale,J. Landale,jock-landale,,DND - Injury/Illness,,,0.0,0.0,0.0,0.0,0.0,0.0,0.0,0.0,0.0,0.0,0.0,0.0,0.0,0.0,0.0,0.0,0.0,0.0,0.0,0.0,0.0,0.0,2024-25,Playoffs
0042400156,1610612745,Houston,Rockets,HOU,rockets,1630256,Jae'Sean,Tate,J. Tate,jaesean-tate,,DND - Injury/Illness,,,0.0,0.0,0.0,0.0,0.0,0.0,0.0,0.0,0.0,0.0,0.0,0.0,0.0,0.0,0.0,0.0,0.0,0.0,0.0,0.0,0.0,0.0,2024-25,Playoffs
0042400156,1610612744,Golden State,Warriors,GSW,warriors,1627780,Gary,Payton II,G. Payton II,gary-payton-ii,F,,,19:46,102.6,102.6,130.0,130.0,-27.4,-27.4,0.083,1.0,14.3,0.0,0.167,0.07,14.3,0.5,0.5,0.128,0.128,95.89,95.89,79.91,39.0,0.04,2024-25,Playoffs
0042400156,1610612744,Golden State,Warriors,GSW,warriors,202710,Jimmy,Butler III,J. Butler III,jimmy-butler-iii,F,,,42:07,106.8,106.8,123.3,123.3,-16.4,-16.4,0.333,8.0,25.8,0.039,0.179,0.1,3.2,0.441,0.583,0.219,0.219,99.15,99.15,82.62,88.0,0.179,2024-25,Playoffs
0042400156,1610612744,Golden State,Warriors,GSW,warriors,203110,Draymond,Green,D. Green,draymond-green,C,,,36:57,97.4,97.4,110.7,110.7,-13.3,-13.3,0.318,1.75,35.0,0.043,0.073,0.057,20.0,0.438,0.45,0.14,0.14,98.73,98.73,82.27,77.0,0.061,2024-25,Playoffs
0042400156,1610612744,Golden State,Warriors,GSW,warriors,1627741,Buddy,Hield,B. Hield,buddy-hield,G,,,16:32,97.4,97.4,105.3,105.3,-7.9,-7.9,0.0,0.0,0.0,0.091,0.063,0.079,20.0,0.0,0.0,0.114,0.114,110.38,110.38,91.98,38.0,-0.111,2024-25,Playoffs
0042400156,1610612744,Golden State,Warriors,GSW,warriors,201939,Stephen,Curry,S. Curry,stephen-curry,G,,,41:57,102.3,102.3,113.8,113.8,-11.5,-11.5,0.1,0.4,6.3,0.02,0.14,0.074,15.6,0.522,0.566,0.297,0.297,98.99,98.99,82.5,86.0,0.108,2024-25,Playoffs
0042400156,1610612744,Golden State,Warriors,GSW,warriors,1641764,Brandin,Podziemski,B. Podziemski,brandin-podziemski,,,,28:45,103.2,103.2,115.3,115.3,-12.1,-12.1,0.176,1.5,21.4,0.079,0.143,0.106,14.3,0.556,0.556,0.145,0.145,101.83,101.83,84.86,63.0,0.092,2024-25,Playoffs
0042400156,1610612744,Golden State,Warriors,GSW,warriors,1642366,Quinten,Post,Q. Post,quinten-post,,,,17:48,105.7,105.7,131.4,131.4,-25.7,-25.7,0.182,0.0,25.0,0.056,0.0,0.029,0.0,0.417,0.417,0.15,0.15,94.38,94.38,78.65,35.0,-0.007,2024-25,Playoffs
0042400156,1610612744,Golden State,Warriors,GSW,warriors,1630541,Moses,Moody,M. Moody,moses-moody,,,,22:07,100.0,100.0,130.4,130.4,-30.4,-30.4,0.111,1.0,6.7,0.04,0.045,0.043,6.7,0.5,0.5,0.264,0.264,97.7,97.7,81.42,44.0,0.058,2024-25,Playoffs
0042400156,1610612744,Golden State,Warriors,GSW,warriors,1626172,Kevon,Looney,K. Looney,kevon-looney,,,,2:00,125.0,125.0,120.0,120.0,5.0,5.0,0.0,0.0,0.0,0.5,1.0,0.667,0.0,0.0,0.0,0.0,0.0,108.0,108.0,90.0,4.0,-0.077,2024-25,Playoffs
0042400156,1610612744,Golden State,Warriors,GSW,warriors,1630296,Braxton,Key,B. Key,braxton-key,,,,2:26,142.9,142.9,42.9,42.9,100.0,100.0,0.0,0.0,0.0,0.0,0.0,0.0,0.0,0.0,0.0,0.0,0.0,138.27,138.27,115.23,7.0,0.0,2024-25,Playoffs
0042400156,1610612744,Golden State,Warriors,GSW,warriors,1630611,Gui,Santos,G. Santos,gui-santos,,,,2:24,166.7,166.7,50.0,50.0,116.7,116.7,0.25,0.0,50.0,0.0,0.0,0.0,0.0,1.0,1.0,0.167,0.167,120.0,120.0,100.0,6.0,0.231,2024-25,Playoffs
0042400156,1610612744,Golden State,Warriors,GSW,warriors,1630311,Pat,Spencer,P. Spencer,pat-spencer,,,,2:24,166.7,166.7,50.0,50.0,116.7,116.7,0.5,0.0,25.0,0.0,0.333,0.333,0.0,1.0,1.0,0.5,0.5,120.0,120.0,100.0,6.0,0.538,2024-25,Playoffs
0042400156,1610612744,Golden State,Warriors,GSW,warriors,1631218,Trayce,Jackson-Davis,T. Jackson-Davis,trayce-jackson-davis,,,,2:24,166.7,166.7,50.0,50.0,116.7,116.7,0.0,0.0,0.0,0.0,0.667,0.667,0.0,1.0,1.0,0.167,0.167,120.0,120.0,100.0,6.0,0.308,2024-25,Playoffs
0042400156,1610612744,Golden State,Warriors,GSW,warriors,1628995,Kevin,Knox II,K. Knox II,kevin-knox-ii,,,,2:24,166.7,166.7,50.0,50.0,116.7,116.7,0.0,0.0,0.0,0.0,0.0,0.0,100.0,0.0,0.0,0.167,0.167,120.0,120.0,100.0,6.0,-0.077,2024-25,Playoffs
0042400156,1610612744,Golden State,Warriors,GSW,warriors,1630228,Jonathan,Kuminga,J. Kuminga,jonathan-kuminga,,DNP - Coach's Decision,,,0.0,0.0,0.0,0.0,0.0,0.0,0.0,0.0,0.0,0.0,0.0,0.0,0.0,0.0,0.0,0.0,0.0,0.0,0.0,0.0,0.0,0.0,2024-25,Playoffs
0042400157,1610612744,Golden State,Warriors,GSW,warriors,1627741,Buddy,Hield,B. Hield,buddy-hield,F,,,36:58,125.7,125.7,102.9,102.9,22.8,22.8,0.143,0.0,16.7,0.031,0.051,0.042,0.0,1.1,1.1,0.205,0.205,90.23,90.23,75.19,70.0,0.239,2024-25,Playoffs
0042400157,1610612744,Golden State,Warriors,GSW,warriors,202710,Jimmy,Butler III,J. Butler III,jimmy-butler-iii,F,,,44:40,113.1,113.1,101.2,101.2,11.9,11.9,0.241,7.0,31.8,0.0,0.16,0.088,4.5,0.615,0.658,0.172,0.172,90.27,90.27,75.23,84.0,0.158,2024-25,Playoffs
0042400157,1610612744,Golden State,Warriors,GSW,warriors,203110,Draymond,Green,D. Green,draymond-green,C,,,39:56,121.1,121.1,98.7,98.7,22.4,22.4,0.179,5.0,23.8,0.0,0.133,0.075,4.8,0.533,0.533,0.203,0.203,90.76,90.76,75.63,76.0,0.098,2024-25,Playoffs
0042400157,1610612744,Golden State,Warriors,GSW,warriors,1641764,Brandin,Podziemski,B. Podziemski,brandin-podziemski,G,,,39:42,110.4,110.4,105.3,105.3,5.1,5.1,0.071,1.0,12.5,0.0,0.067,0.036,12.5,0.375,0.375,0.173,0.173,92.5,92.5,77.08,77.0,0.016,2024-25,Playoffs
0042400157,1610612744,Golden State,Warriors,GSW,warriors,201939,Stephen,Curry,S. Curry,stephen-curry,G,,,45:30,117.4,117.4,101.2,101.2,16.3,16.3,0.233,3.5,26.9,0.0,0.2,0.11,7.7,0.625,0.652,0.213,0.213,89.66,89.66,74.71,86.0,0.163,2024-25,Playoffs
0042400157,1610612744,Golden State,Warriors,GSW,warriors,1630228,Jonathan,Kuminga,J. Kuminga,jonathan-kuminga,,,,7:22,60.0,60.0,92.9,92.9,-32.9,-32.9,0.0,0.0,0.0,0.125,0.0,0.056,20.0,0.0,0.0,0.313,0.313,94.57,94.57,78.8,15.0,-0.189,2024-25,Playoffs
0042400157,1610612744,Golden State,Warriors,GSW,warriors,1626172,Kevon,Looney,K. Looney,kevon-looney,,,,11:07,90.5,90.5,95.0,95.0,-4.5,-4.5,0.0,0.0,0.0,0.083,0.231,0.16,0.0,0.5,0.521,0.13,0.13,88.52,88.52,73.76,21.0,0.098,2024-25,Playoffs
0042400157,1610612744,Golden State,Warriors,GSW,warriors,1630541,Moses,Moody,M. Moody,moses-moody,,,,10:51,95.0,95.0,65.0,65.0,30.0,30.0,0.0,0.0,0.0,0.0,0.2,0.115,0.0,0.0,0.0,0.238,0.238,88.55,88.55,73.79,20.0,-0.105,2024-25,Playoffs
0042400157,1610612744,Golden State,Warriors,GSW,warriors,1642366,Quinten,Post,Q. Post,quinten-post,,,,3:29,116.7,116.7,100.0,100.0,16.7,16.7,0.0,0.0,0.0,0.0,0.0,0.0,0.0,0.0,0.0,0.0,0.0,75.93,75.93,63.28,6.0,0.0,2024-25,Playoffs
0042400157,1610612744,Golden State,Warriors,GSW,warriors,1630311,Pat,Spencer,P. Spencer,pat-spencer,,,,0:09,0.0,0.0,0.0,0.0,0.0,0.0,0.0,0.0,0.0,0.0,0.0,0.0,0.0,0.0,0.0,0.0,0.0,167.44,167.44,139.53,1.0,0.0,2024-25,Playoffs
0042400157,1610612744,Golden State,Warriors,GSW,warriors,1630611,Gui,Santos,G. Santos,gui-santos,,,,0:09,0.0,0.0,0.0,0.0,0.0,0.0,0.0,0.0,0.0,0.0,0.0,0.0,0.0,0.0,0.0,0.0,0.0,167.44,167.44,139.53,1.0,0.0,2024-25,Playoffs
0042400157,1610612744,Golden State,Warriors,GSW,warriors,1631218,Trayce,Jackson-Davis,T. Jackson-Davis,trayce-jackson-davis,,,,0:09,0.0,0.0,0.0,0.0,0.0,0.0,0.0,0.0,0.0,0.0,0.0,0.0,0.0,0.0,0.0,0.0,0.0,167.44,167.44,139.53,1.0,0.0,2024-25,Playoffs
0042400157,1610612744,Golden State,Warriors,GSW,warriors,1630296,Braxton,Key,B. Key,braxton-key,,DNP - Coach's Decision,,,0.0,0.0,0.0,0.0,0.0,0.0,0.0,0.0,0.0,0.0,0.0,0.0,0.0,0.0,0.0,0.0,0.0,0.0,0.0,0.0,0.0,0.0,2024-25,Playoffs
0042400157,1610612744,Golden State,Warriors,GSW,warriors,1628995,Kevin,Knox II,K. Knox II,kevin-knox-ii,,DNP - Coach's Decision,,,0.0,0.0,0.0,0.0,0.0,0.0,0.0,0.0,0.0,0.0,0.0,0.0,0.0,0.0,0.0,0.0,0.0,0.0,0.0,0.0,0.0,0.0,2024-25,Playoffs
0042400157,1610612744,Golden State,Warriors,GSW,warriors,1627780,Gary,Payton II,G. Payton II,gary-payton-ii,,DND - Injury/Illness,,,0.0,0.0,0.0,0.0,0.0,0.0,0.0,0.0,0.0,0.0,0.0,0.0,0.0,0.0,0.0,0.0,0.0,0.0,0.0,0.0,0.0,0.0,2024-25,Playoffs
0042400157,1610612745,Houston,Rockets,HOU,rockets,1628415,Dillon,Brooks,D. Brooks,dillon-brooks,F,,,35:32,109.0,109.0,117.9,117.9,-9.0,-9.0,0.038,0.5,7.7,0.029,0.032,0.03,15.4,0.333,0.405,0.154,0.154,90.51,90.51,75.42,67.0,0.004,2024-25,Playoffs
0042400157,1610612745,Houston,Rockets,HOU,rockets,1641708,Amen,Thompson,A. Thompson,amen-thompson,F,,,37:10,98.6,98.6,116.9,116.9,-18.3,-18.3,0.158,0.0,13.6,0.071,0.188,0.122,0.0,0.563,0.644,0.218,0.218,92.99,92.99,77.49,73.0,0.186,2024-25,Playoffs
0042400157,1610612745,Houston,Rockets,HOU,rockets,1630578,Alperen,Sengun,A. Sengun,alperen-sengun,C,,,39:56,101.3,101.3,115.8,115.8,-14.5,-14.5,0.238,1.67,15.2,0.068,0.297,0.173,9.1,0.413,0.424,0.318,0.318,90.75,90.75,75.63,75.0,0.102,2024-25,Playoffs
0042400157,1610612745,Houston,Rockets,HOU,rockets,1630224,Jalen,Green,J. Green,jalen-green,G,,,29:46,105.4,105.4,114.0,114.0,-8.7,-8.7,0.05,0.0,10.0,0.0,0.148,0.07,0.0,0.375,0.429,0.141,0.141,91.11,91.11,75.92,56.0,0.063,2024-25,Playoffs
0042400157,1610612745,Houston,Rockets,HOU,rockets,1627832,Fred,VanVleet,F. VanVleet,fred-vanvleet,G,,,43:52,106.1,106.1,113.6,113.6,-7.5,-7.5,0.111,1.0,15.8,0.043,0.128,0.081,15.8,0.577,0.612,0.163,0.163,89.18,89.18,74.32,82.0,0.082,2024-25,Playoffs
0042400157,1610612745,Houston,Rockets,HOU,rockets,203500,Steven,Adams,S. Adams,steven-adams,,,,25:44,91.3,91.3,110.9,110.9,-19.6,-19.6,0.0,0.0,0.0,0.061,0.185,0.117,16.7,0.25,0.307,0.105,0.105,85.8,85.8,71.5,46.0,0.046,2024-25,Playoffs
0042400157,1610612745,Houston,Rockets,HOU,rockets,1631095,Jabari,Smith Jr.,J. Smith Jr.,jabari-smith-jr,,,,12:08,69.6,69.6,113.6,113.6,-44.1,-44.1,0.0,0.0,0.0,0.118,0.182,0.143,0.0,0.3,0.3,0.179,0.179,89.01,89.01,74.18,23.0,0.047,2024-25,Playoffs
0042400157,1610612745,Houston,Rockets,HOU,rockets,1631106,Tari,Eason,T. Eason,tari-eason,,,,15:52,69.0,69.0,110.3,110.3,-41.4,-41.4,0.25,0.5,10.0,0.045,0.25,0.132,20.0,0.417,0.363,0.25,0.25,87.73,87.73,73.11,29.0,0.076,2024-25,Playoffs
0042400157,1610612745,Houston,Rockets,HOU,rockets,201145,Jeff,Green,J. Green,jeff-green,,DNP - Coach's Decision,,,0.0,0.0,0.0,0.0,0.0,0.0,0.0,0.0,0.0,0.0,0.0,0.0,0.0,0.0,0.0,0.0,0.0,0.0,0.0,0.0,0.0,0.0,2024-25,Playoffs
0042400157,1610612745,Houston,Rockets,HOU,rockets,1628988,Aaron,Holiday,A. Holiday,aaron-holiday,,DNP - Coach's Decision,,,0.0,0.0,0.0,0.0,0.0,0.0,0.0,0.0,0.0,0.0,0.0,0.0,0.0,0.0,0.0,0.0,0.0,0.0,0.0,0.0,0.0,0.0,2024-25,Playoffs
0042400157,1610612745,Houston,Rockets,HOU,rockets,1629111,Jock,Landale,J. Landale,jock-landale,,DND - Injury/Illness,,,0.0,0.0,0.0,0.0,0.0,0.0,0.0,0.0,0.0,0.0,0.0,0.0,0.0,0.0,0.0,0.0,0.0,0.0,0.0,0.0,0.0,0.0,2024-25,Playoffs
0042400157,1610612745,Houston,Rockets,HOU,rockets,1642263,Reed,Sheppard,R. Sheppard,reed-sheppard,,DNP - Coach's Decision,,,0.0,0.0,0.0,0.0,0.0,0.0,0.0,0.0,0.0,0.0,0.0,0.0,0.0,0.0,0.0,0.0,0.0,0.0,0.0,0.0,0.0,0.0,2024-25,Playoffs
0042400157,1610612745,Houston,Rockets,HOU,rockets,1630256,Jae'Sean,Tate,J. Tate,jaesean-tate,,DND - Injury/Illness,,,0.0,0.0,0.0,0.0,0.0,0.0,0.0,0.0,0.0,0.0,0.0,0.0,0.0,0.0,0.0,0.0,0.0,0.0,0.0,0.0,0.0,0.0,2024-25,Playoffs
0042400157,1610612745,Houston,Rockets,HOU,rockets,1641715,Cam,Whitmore,C. Whitmore,cam-whitmore,,DNP - Coach's Decision,,,0.0,0.0,0.0,0.0,0.0,0.0,0.0,0.0,0.0,0.0,0.0,0.0,0.0,0.0,0.0,0.0,0.0,0.0,0.0,0.0,0.0,0.0,2024-25,Playoffs
0042400157,1610612745,Houston,Rockets,HOU,rockets,1631466,Nate,Williams,N. Williams,nate-williams,,DNP - Coach's Decision,,,0.0,0.0,0.0,0.0,0.0,0.0,0.0,0.0,0.0,0.0,0.0,0.0,0.0,0.0,0.0,0.0,0.0,0.0,0.0,0.0,0.0,0.0,2024-25,Playoffs
0042400161,1610612750,Minnesota,Timberwolves,MIN,timberwolves,1630183,Jaden,McDaniels,J. McDaniels,jaden-mcdaniels,F,,,33:18,132.3,132.3,90.2,90.2,42.1,42.1,0.091,0.0,13.3,0.133,0.135,0.134,0.0,0.962,0.962,0.181,0.181,88.65,88.65,73.87,62.0,0.236,2024-25,Playoffs
0042400161,1610612750,Minnesota,Timberwolves,MIN,timberwolves,203944,Julius,Randle,J. Randle,julius-randle,F,,,34:46,135.9,135.9,104.6,104.6,31.3,31.3,0.185,0.71,21.7,0.077,0.083,0.081,30.4,0.727,0.699,0.247,0.247,89.05,89.05,74.21,64.0,0.058,2024-25,Playoffs
0042400161,1610612750,Minnesota,Timberwolves,MIN,timberwolves,203497,Rudy,Gobert,R. Gobert,rudy-gobert,C,,,24:19,128.3,128.3,95.7,95.7,32.5,32.5,0.045,0.0,33.3,0.037,0.185,0.111,0.0,0.5,0.5,0.037,0.037,91.79,91.79,76.49,46.0,0.047,2024-25,Playoffs
0042400161,1610612750,Minnesota,Timberwolves,MIN,timberwolves,1630162,Anthony,Edwards,A. Edwards,anthony-edwards,G,,,35:25,131.8,131.8,100.0,100.0,31.8,31.8,0.36,9.0,27.3,0.063,0.15,0.111,3.0,0.455,0.481,0.32,0.32,89.45,89.45,74.54,66.0,0.138,2024-25,Playoffs
0042400161,1610612750,Minnesota,Timberwolves,MIN,timberwolves,201144,Mike,Conley,M. Conley,mike-conley,G,,,22:29,134.1,134.1,107.0,107.0,27.1,27.1,0.15,3.0,33.3,0.0,0.143,0.075,11.1,0.8,0.827,0.118,0.118,92.88,92.88,77.4,44.0,0.132,2024-25,Playoffs
0042400161,1610612750,Minnesota,Timberwolves,MIN,timberwolves,1628978,Donte,DiVincenzo,D. DiVincenzo,donte-divincenzo,,,,24:33,118.8,118.8,114.0,114.0,4.8,4.8,0.235,4.0,28.6,0.043,0.2,0.116,7.1,0.5,0.5,0.185,0.185,95.8,95.8,79.84,48.0,0.112,2024-25,Playoffs
0042400161,1610612750,Minnesota,Timberwolves,MIN,timberwolves,1629675,Naz,Reid,N. Reid,naz-reid,,,,30:51,135.6,135.6,111.7,111.7,23.9,23.9,0.091,0.0,13.3,0.0,0.185,0.093,0.0,0.917,0.893,0.191,0.191,92.58,92.58,77.15,59.0,0.195,2024-25,Playoffs
0042400161,1610612750,Minnesota,Timberwolves,MIN,timberwolves,1629638,Nickeil,Alexander-Walker,N. Alexander-Walker,nickeil-alexander-walker,,,,20:13,142.1,142.1,121.6,121.6,20.5,20.5,0.176,0.0,23.1,0.0,0.05,0.026,0.0,0.278,0.354,0.222,0.222,89.04,89.04,74.2,38.0,0.029,2024-25,Playoffs
0042400161,1610612750,Minnesota,Timberwolves,MIN,timberwolves,1641740,Jaylen,Clark,J. Clark,jaylen-clark,,,,3:08,66.7,66.7,160.0,160.0,-93.3,-93.3,0.0,0.0,0.0,0.0,0.0,0.0,0.0,0.0,1.136,0.143,0.143,84.17,84.17,70.14,6.0,0.25,2024-25,Playoffs
0042400161,1610612750,Minnesota,Timberwolves,MIN,timberwolves,1630545,Terrence,Shannon Jr.,T. Shannon Jr.,terrence-shannon-jr,,,,3:02,80.0,80.0,125.0,125.0,-45.0,-45.0,0.0,0.0,0.0,0.0,0.0,0.0,0.0,0.0,0.0,0.167,0.167,71.21,71.21,59.34,5.0,-0.2,2024-25,Playoffs
0042400161,1610612750,Minnesota,Timberwolves,MIN,timberwolves,1631169,Josh,Minott,J. Minott,josh-minott,,,,3:02,80.0,80.0,125.0,125.0,-45.0,-45.0,0.0,0.0,0.0,0.0,0.0,0.0,0.0,0.0,0.0,0.167,0.167,71.21,71.21,59.34,5.0,-0.2,2024-25,Playoffs
0042400161,1610612750,Minnesota,Timberwolves,MIN,timberwolves,1630568,Luka,Garza,L. Garza,luka-garza,,,,2:49,100.0,100.0,125.0,125.0,-25.0,-25.0,0.0,0.0,0.0,0.5,0.0,0.125,0.0,1.0,1.0,0.2,0.2,68.17,68.17,56.8,4.0,0.417,2024-25,Playoffs
0042400161,1610612750,Minnesota,Timberwolves,MIN,timberwolves,1631159,Leonard,Miller,L. Miller,leonard-miller,,,,2:05,100.0,100.0,100.0,100.0,0.0,0.0,0.0,0.0,0.0,0.0,0.333,0.2,0.0,0.0,0.0,0.0,0.0,80.64,80.64,67.2,4.0,0.182,2024-25,Playoffs
0042400161,1610612750,Minnesota,Timberwolves,MIN,timberwolves,204060,Joe,Ingles,J. Ingles,joe-ingles,,DNP - Coach's Decision,,,0.0,0.0,0.0,0.0,0.0,0.0,0.0,0.0,0.0,0.0,0.0,0.0,0.0,0.0,0.0,0.0,0.0,0.0,0.0,0.0,0.0,0.0,2024-25,Playoffs
0042400161,1610612747,Los Angeles,Lakers,LAL,lakers,1629060,Rui,Hachimura,R. Hachimura,rui-hachimura,F,,,29:39,79.3,79.3,126.3,126.3,-47.0,-47.0,0.167,2.0,16.7,0.0,0.179,0.081,8.3,0.5,0.5,0.154,0.154,93.09,93.09,77.57,58.0,0.087,2024-25,Playoffs
0042400161,1610612747,Los Angeles,Lakers,LAL,lakers,2544,LeBron,James,L. James,lebron-james,F,,,36:15,108.7,108.7,142.6,142.6,-34.0,-34.0,0.158,0.75,12.0,0.029,0.138,0.078,16.0,0.472,0.503,0.278,0.278,90.7,90.7,75.59,69.0,0.099,2024-25,Playoffs
0042400161,1610612747,Los Angeles,Lakers,LAL,lakers,1629637,Jaxson,Hayes,J. Hayes,jaxson-hayes,C,,,8:13,76.5,76.5,141.2,141.2,-64.7,-64.7,0.0,0.0,0.0,0.2,0.125,0.167,0.0,0.0,0.174,0.158,0.158,99.31,99.31,82.76,17.0,0.0,2024-25,Playoffs
0042400161,1610612747,Los Angeles,Lakers,LAL,lakers,1630559,Austin,Reaves,A. Reaves,austin-reaves,G,,,36:59,95.8,95.8,127.4,127.4,-31.6,-31.6,0.167,1.5,15.8,0.0,0.086,0.042,10.5,0.5,0.559,0.205,0.205,93.45,93.45,77.87,71.0,0.062,2024-25,Playoffs
0042400161,1610612747,Los Angeles,Lakers,LAL,lakers,1629029,Luka,Dončić,L. Dončić,luka-dončić,G,,,40:23,110.4,110.4,126.0,126.0,-15.6,-15.6,0.059,0.2,3.1,0.025,0.189,0.104,15.6,0.659,0.713,0.352,0.352,91.52,91.52,76.27,77.0,0.166,2024-25,Playoffs
0042400161,1610612747,Los Angeles,Lakers,LAL,lakers,1627827,Dorian,Finney-Smith,D. Finney-Smith,dorian-finney-smith,,,,32:30,111.5,111.5,133.9,133.9,-22.4,-22.4,0.091,0.0,28.6,0.061,0.034,0.048,0.0,0.3,0.3,0.071,0.071,88.61,88.61,73.84,61.0,0.007,2024-25,Playoffs
0042400161,1610612747,Los Angeles,Lakers,LAL,lakers,1629216,Gabe,Vincent,G. Vincent,gabe-vincent,,,,24:46,119.1,119.1,123.4,123.4,-4.3,-4.3,0.053,0.0,25.0,0.0,0.0,0.0,0.0,0.5,0.5,0.058,0.058,91.09,91.09,75.91,47.0,0.014,2024-25,Playoffs
0042400161,1610612747,Los Angeles,Lakers,LAL,lakers,1629020,Jarred,Vanderbilt,J. Vanderbilt,jarred-vanderbilt,,,,13:31,141.7,141.7,150.0,150.0,-8.3,-8.3,0.182,0.0,40.0,0.182,0.2,0.19,0.0,0.333,0.333,0.107,0.107,85.25,85.25,71.04,24.0,0.088,2024-25,Playoffs
0042400161,1610612747,Los Angeles,Lakers,LAL,lakers,1630692,Jordan,Goodwin,J. Goodwin,jordan-goodwin,,,,5:36,111.1,111.1,144.4,144.4,-33.3,-33.3,0.25,1.0,50.0,0.0,0.0,0.0,50.0,0.0,0.0,0.071,0.071,77.14,77.14,64.29,9.0,0.0,2024-25,Playoffs
0042400161,1610612747,Los Angeles,Lakers,LAL,lakers,1642261,Dalton,Knecht,D. Knecht,dalton-knecht,,,,3:02,125.0,125.0,80.0,80.0,45.0,45.0,0.0,0.0,0.0,0.333,0.333,0.333,0.0,0.625,0.625,0.444,0.444,71.21,71.21,59.34,4.0,1.0,2024-25,Playoffs
0042400161,1610612747,Los Angeles,Lakers,LAL,lakers,1642355,Bronny,James,B. James,bronny-james,,,,3:02,125.0,125.0,80.0,80.0,45.0,45.0,0.0,0.0,0.0,0.0,0.0,0.0,0.0,0.0,0.0,0.222,0.222,71.21,71.21,59.34,4.0,-0.4,2024-25,Playoffs
0042400161,1610612747,Los Angeles,Lakers,LAL,lakers,203458,Alex,Len,A. Len,alex-len,,,,3:02,125.0,125.0,80.0,80.0,45.0,45.0,0.0,0.0,0.0,0.5,0.333,0.444,0.0,0.0,0.0,0.111,0.111,71.21,71.21,59.34,4.0,0.3,2024-25,Playoffs
0042400161,1610612747,Los Angeles,Lakers,LAL,lakers,1629003,Shake,Milton,S. Milton,shake-milton,,,,3:02,125.0,125.0,80.0,80.0,45.0,45.0,0.0,0.0,0.0,0.0,0.0,0.0,0.0,0.0,0.0,0.111,0.111,71.21,71.21,59.34,4.0,-0.4,2024-25,Playoffs
0042400161,1610612747,Los Angeles,Lakers,LAL,lakers,202693,Markieff,Morris,M. Morris,markieff-morris,,DNP - Coach's Decision,,,0.0,0.0,0.0,0.0,0.0,0.0,0.0,0.0,0.0,0.0,0.0,0.0,0.0,0.0,0.0,0.0,0.0,0.0,0.0,0.0,0.0,0.0,2024-25,Playoffs
0042400162,1610612750,Minnesota,Timberwolves,MIN,timberwolves,1630183,Jaden,McDaniels,J. McDaniels,jaden-mcdaniels,F,,,38:19,95.5,95.5,104.4,104.4,-8.9,-8.9,0.05,1.0,7.1,0.05,0.059,0.054,7.1,0.273,0.337,0.157,0.157,84.56,84.56,70.47,67.0,-0.017,2024-25,Playoffs
0042400162,1610612750,Minnesota,Timberwolves,MIN,timberwolves,203944,Julius,Randle,J. Randle,julius-randle,F,,,38:53,92.6,92.6,111.6,111.6,-18.9,-18.9,0.462,6.0,21.4,0.022,0.097,0.053,3.6,0.588,0.644,0.256,0.256,84.58,84.58,70.48,68.0,0.243,2024-25,Playoffs
0042400162,1610612750,Minnesota,Timberwolves,MIN,timberwolves,203497,Rudy,Gobert,R. Gobert,rudy-gobert,C,,,28:47,94.2,94.2,102.0,102.0,-7.8,-7.8,0.0,0.0,0.0,0.032,0.167,0.098,0.0,0.4,0.444,0.113,0.113,85.07,85.07,70.89,52.0,0.103,2024-25,Playoffs
0042400162,1610612750,Minnesota,Timberwolves,MIN,timberwolves,1630162,Anthony,Edwards,A. Edwards,anthony-edwards,G,,,40:05,91.9,91.9,104.1,104.1,-12.2,-12.2,0.0,0.0,0.0,0.023,0.132,0.074,7.7,0.5,0.526,0.299,0.299,88.62,88.62,73.85,74.0,0.129,2024-25,Playoffs
0042400162,1610612750,Minnesota,Timberwolves,MIN,timberwolves,201144,Mike,Conley,M. Conley,mike-conley,G,,,21:05,97.2,97.2,111.1,111.1,-13.9,-13.9,0.077,1.0,14.3,0.111,0.231,0.15,14.3,0.0,0.0,0.12,0.12,81.96,81.96,68.3,36.0,-0.012,2024-25,Playoffs
0042400162,1610612750,Minnesota,Timberwolves,MIN,timberwolves,1628978,Donte,DiVincenzo,D. DiVincenzo,donte-divincenzo,,,,16:04,81.8,81.8,133.3,133.3,-51.5,-51.5,0.25,1.0,22.2,0.0,0.2,0.094,22.2,0.25,0.41,0.2,0.2,98.59,98.59,82.16,33.0,0.0,2024-25,Playoffs
0042400162,1610612750,Minnesota,Timberwolves,MIN,timberwolves,1629675,Naz,Reid,N. Reid,naz-reid,,,,20:57,88.9,88.9,104.5,104.5,-15.7,-15.7,0.083,0.33,7.7,0.048,0.067,0.056,23.1,0.438,0.507,0.231,0.231,101.96,101.96,84.96,45.0,0.04,2024-25,Playoffs
0042400162,1610612750,Minnesota,Timberwolves,MIN,timberwolves,1629638,Nickeil,Alexander-Walker,N. Alexander-Walker,nickeil-alexander-walker,,,,28:57,105.2,105.2,93.0,93.0,12.2,12.2,0.143,3.0,27.3,0.0,0.083,0.04,9.1,0.167,0.291,0.119,0.119,95.34,95.34,79.45,58.0,0.024,2024-25,Playoffs
0042400162,1610612750,Minnesota,Timberwolves,MIN,timberwolves,1630545,Terrence,Shannon Jr.,T. Shannon Jr.,terrence-shannon-jr,,,,6:54,138.5,138.5,84.6,84.6,53.8,53.8,0.0,0.0,0.0,0.0,0.2,0.1,0.0,1.0,1.0,0.071,0.071,90.43,90.43,75.36,13.0,0.074,2024-25,Playoffs
0042400162,1610612750,Minnesota,Timberwolves,MIN,timberwolves,1641740,Jaylen,Clark,J. Clark,jaylen-clark,,DNP - Coach's Decision,,,0.0,0.0,0.0,0.0,0.0,0.0,0.0,0.0,0.0,0.0,0.0,0.0,0.0,0.0,0.0,0.0,0.0,0.0,0.0,0.0,0.0,0.0,2024-25,Playoffs
0042400162,1610612750,Minnesota,Timberwolves,MIN,timberwolves,1630568,Luka,Garza,L. Garza,luka-garza,,DNP - Coach's Decision,,,0.0,0.0,0.0,0.0,0.0,0.0,0.0,0.0,0.0,0.0,0.0,0.0,0.0,0.0,0.0,0.0,0.0,0.0,0.0,0.0,0.0,0.0,2024-25,Playoffs
0042400162,1610612750,Minnesota,Timberwolves,MIN,timberwolves,204060,Joe,Ingles,J. Ingles,joe-ingles,,DNP - Coach's Decision,,,0.0,0.0,0.0,0.0,0.0,0.0,0.0,0.0,0.0,0.0,0.0,0.0,0.0,0.0,0.0,0.0,0.0,0.0,0.0,0.0,0.0,0.0,2024-25,Playoffs
0042400162,1610612750,Minnesota,Timberwolves,MIN,timberwolves,1631159,Leonard,Miller,L. Miller,leonard-miller,,DNP - Coach's Decision,,,0.0,0.0,0.0,0.0,0.0,0.0,0.0,0.0,0.0,0.0,0.0,0.0,0.0,0.0,0.0,0.0,0.0,0.0,0.0,0.0,0.0,0.0,2024-25,Playoffs
0042400162,1610612750,Minnesota,Timberwolves,MIN,timberwolves,1631169,Josh,Minott,J. Minott,josh-minott,,DNP - Coach's Decision,,,0.0,0.0,0.0,0.0,0.0,0.0,0.0,0.0,0.0,0.0,0.0,0.0,0.0,0.0,0.0,0.0,0.0,0.0,0.0,0.0,0.0,0.0,2024-25,Playoffs
0042400162,1610612747,Los Angeles,Lakers,LAL,lakers,1629060,Rui,Hachimura,R. Hachimura,rui-hachimura,F,,,34:12,98.4,98.4,92.1,92.1,6.3,6.3,0.0,0.0,0.0,0.0,0.132,0.072,16.7,0.444,0.533,0.174,0.174,87.02,87.02,72.51,61.0,0.102,2024-25,Playoffs
0042400162,1610612747,Los Angeles,Lakers,LAL,lakers,2544,LeBron,James,L. James,lebron-james,F,,,39:37,111.4,111.4,98.6,98.6,12.9,12.9,0.368,3.5,23.3,0.094,0.195,0.151,6.7,0.447,0.506,0.284,0.284,84.81,84.81,70.68,70.0,0.224,2024-25,Playoffs
0042400162,1610612747,Los Angeles,Lakers,LAL,lakers,1629637,Jaxson,Hayes,J. Hayes,jaxson-hayes,C,,,9:18,123.5,123.5,88.2,88.2,35.3,35.3,0.0,0.0,0.0,0.2,0.0,0.063,33.3,0.5,0.5,0.167,0.167,87.74,87.74,73.12,17.0,-0.216,2024-25,Playoffs
0042400162,1610612747,Los Angeles,Lakers,LAL,lakers,1630559,Austin,Reaves,A. Reaves,austin-reaves,G,,,42:33,105.1,105.1,92.5,92.5,12.6,12.6,0.217,5.0,23.8,0.029,0.082,0.06,4.8,0.5,0.538,0.186,0.186,89.12,89.12,74.27,78.0,0.125,2024-25,Playoffs
0042400162,1610612747,Los Angeles,Lakers,LAL,lakers,1629029,Luka,Dončić,L. Dončić,luka-dončić,G,,,42:09,109.1,109.1,93.5,93.5,15.6,15.6,0.409,2.25,23.7,0.026,0.244,0.145,10.5,0.5,0.624,0.326,0.326,87.69,87.69,73.07,77.0,0.283,2024-25,Playoffs
0042400162,1610612747,Los Angeles,Lakers,LAL,lakers,1627827,Dorian,Finney-Smith,D. Finney-Smith,dorian-finney-smith,,,,38:39,101.4,101.4,91.9,91.9,9.5,9.5,0.038,0.0,14.3,0.054,0.075,0.065,0.0,0.583,0.583,0.072,0.072,90.66,90.66,75.55,72.0,0.063,2024-25,Playoffs
0042400162,1610612747,Los Angeles,Lakers,LAL,lakers,1629216,Gabe,Vincent,G. Vincent,gabe-vincent,,,,19:08,123.7,123.7,110.3,110.3,13.4,13.4,0.067,1.0,16.7,0.0,0.0,0.0,16.7,0.75,0.75,0.119,0.119,96.59,96.59,80.49,38.0,0.053,2024-25,Playoffs
0042400162,1610612747,Los Angeles,Lakers,LAL,lakers,1629020,Jarred,Vanderbilt,J. Vanderbilt,jarred-vanderbilt,,,,7:43,71.4,71.4,106.7,106.7,-35.2,-35.2,0.0,0.0,0.0,0.125,0.0,0.067,50.0,0.0,0.0,0.111,0.111,90.19,90.19,75.16,14.0,-0.188,2024-25,Playoffs
0042400162,1610612747,Los Angeles,Lakers,LAL,lakers,1630692,Jordan,Goodwin,J. Goodwin,jordan-goodwin,,,,6:41,115.4,115.4,83.3,83.3,32.1,32.1,0.0,0.0,0.0,0.0,0.143,0.1,0.0,0.0,0.0,0.0,0.0,89.78,89.78,74.81,13.0,-0.057,2024-25,Playoffs
0042400162,1610612747,Los Angeles,Lakers,LAL,lakers,1642355,Bronny,James,B. James,bronny-james,,DNP - Coach's Decision,,,0.0,0.0,0.0,0.0,0.0,0.0,0.0,0.0,0.0,0.0,0.0,0.0,0.0,0.0,0.0,0.0,0.0,0.0,0.0,0.0,0.0,0.0,2024-25,Playoffs
0042400162,1610612747,Los Angeles,Lakers,LAL,lakers,1642261,Dalton,Knecht,D. Knecht,dalton-knecht,,DNP - Coach's Decision,,,0.0,0.0,0.0,0.0,0.0,0.0,0.0,0.0,0.0,0.0,0.0,0.0,0.0,0.0,0.0,0.0,0.0,0.0,0.0,0.0,0.0,0.0,2024-25,Playoffs
0042400162,1610612747,Los Angeles,Lakers,LAL,lakers,203458,Alex,Len,A. Len,alex-len,,DNP - Coach's Decision,,,0.0,0.0,0.0,0.0,0.0,0.0,0.0,0.0,0.0,0.0,0.0,0.0,0.0,0.0,0.0,0.0,0.0,0.0,0.0,0.0,0.0,0.0,2024-25,Playoffs
0042400162,1610612747,Los Angeles,Lakers,LAL,lakers,1629003,Shake,Milton,S. Milton,shake-milton,,DNP - Coach's Decision,,,0.0,0.0,0.0,0.0,0.0,0.0,0.0,0.0,0.0,0.0,0.0,0.0,0.0,0.0,0.0,0.0,0.0,0.0,0.0,0.0,0.0,0.0,2024-25,Playoffs
0042400162,1610612747,Los Angeles,Lakers,LAL,lakers,202693,Markieff,Morris,M. Morris,markieff-morris,,DNP - Coach's Decision,,,0.0,0.0,0.0,0.0,0.0,0.0,0.0,0.0,0.0,0.0,0.0,0.0,0.0,0.0,0.0,0.0,0.0,0.0,0.0,0.0,0.0,0.0,2024-25,Playoffs
0042400163,1610612747,Los Angeles,Lakers,LAL,lakers,1629060,Rui,Hachimura,R. Hachimura,rui-hachimura,F,,,37:37,106.6,106.6,131.6,131.6,-25.0,-25.0,0.08,0.67,16.7,0.0,0.105,0.056,25.0,0.571,0.571,0.122,0.122,96.97,96.97,80.81,76.0,0.023,2024-25,Playoffs
0042400163,1610612747,Los Angeles,Lakers,LAL,lakers,2544,LeBron,James,L. James,lebron-james,F,,,41:09,109.9,109.9,117.9,117.9,-8.0,-8.0,0.211,4.0,13.3,0.077,0.179,0.128,3.3,0.738,0.748,0.286,0.286,96.23,96.23,80.19,81.0,0.266,2024-25,Playoffs
0042400163,1610612747,Los Angeles,Lakers,LAL,lakers,1629637,Jaxson,Hayes,J. Hayes,jaxson-hayes,C,,,8:42,88.9,88.9,181.3,181.3,-92.4,-92.4,0.0,0.0,0.0,0.111,0.0,0.083,0.0,0.5,0.5,0.095,0.095,93.79,93.79,78.16,18.0,0.011,2024-25,Playoffs
0042400163,1610612747,Los Angeles,Lakers,LAL,lakers,1630559,Austin,Reaves,A. Reaves,austin-reaves,G,,,41:04,104.8,104.8,125.3,125.3,-20.5,-20.5,0.16,1.0,14.8,0.026,0.143,0.086,14.8,0.528,0.53,0.245,0.245,97.61,97.61,81.34,84.0,0.073,2024-25,Playoffs
0042400163,1610612747,Los Angeles,Lakers,LAL,lakers,1629029,Luka,Dončić,L. Dončić,luka-dončić,G,,,39:58,110.1,110.1,127.2,127.2,-17.0,-17.0,0.308,1.6,25.8,0.0,0.167,0.091,16.1,0.438,0.479,0.267,0.267,96.08,96.08,80.06,79.0,0.088,2024-25,Playoffs
0042400163,1610612747,Los Angeles,Lakers,LAL,lakers,1627827,Dorian,Finney-Smith,D. Finney-Smith,dorian-finney-smith,,,,28:36,105.0,105.0,100.0,100.0,5.0,5.0,0.1,1.0,20.0,0.036,0.0,0.016,20.0,0.667,0.667,0.118,0.118,100.68,100.68,83.9,60.0,0.026,2024-25,Playoffs
0042400163,1610612747,Los Angeles,Lakers,LAL,lakers,1629216,Gabe,Vincent,G. Vincent,gabe-vincent,,,,15:50,108.8,108.8,114.3,114.3,-5.5,-5.5,0.091,0.0,25.0,0.0,0.056,0.031,0.0,0.833,0.833,0.079,0.079,104.59,104.59,87.16,34.0,0.078,2024-25,Playoffs
0042400163,1610612747,Los Angeles,Lakers,LAL,lakers,1629020,Jarred,Vanderbilt,J. Vanderbilt,jarred-vanderbilt,,,,12:39,116.0,116.0,88.9,88.9,27.1,27.1,0.0,0.0,0.0,0.0,0.294,0.185,33.3,1.0,0.798,0.103,0.103,98.63,98.63,82.19,25.0,0.045,2024-25,Playoffs
0042400163,1610612747,Los Angeles,Lakers,LAL,lakers,1630692,Jordan,Goodwin,J. Goodwin,jordan-goodwin,,,,11:49,115.4,115.4,84.0,84.0,31.4,31.4,0.0,0.0,0.0,0.111,0.063,0.08,0.0,0.333,0.387,0.138,0.138,103.6,103.6,86.33,26.0,0.03,2024-25,Playoffs
0042400163,1610612747,Los Angeles,Lakers,LAL,lakers,1642261,Dalton,Knecht,D. Knecht,dalton-knecht,,,,0:39,0.0,0.0,0.0,0.0,0.0,0.0,0.0,0.0,0.0,0.0,0.0,0.0,0.0,0.0,0.0,0.5,0.5,111.05,111.05,92.54,2.0,1.0,2024-25,Playoffs
0042400163,1610612747,Los Angeles,Lakers,LAL,lakers,1642355,Bronny,James,B. James,bronny-james,,,,0:39,0.0,0.0,0.0,0.0,0.0,0.0,0.0,0.0,0.0,0.0,0.0,0.0,0.0,0.0,0.0,0.0,0.0,111.05,111.05,92.54,2.0,0.0,2024-25,Playoffs
0042400163,1610612747,Los Angeles,Lakers,LAL,lakers,203458,Alex,Len,A. Len,alex-len,,,,0:39,0.0,0.0,0.0,0.0,0.0,0.0,0.0,0.0,0.0,0.0,0.0,0.0,0.0,0.0,0.0,0.0,0.0,111.05,111.05,92.54,2.0,0.0,2024-25,Playoffs
0042400163,1610612747,Los Angeles,Lakers,LAL,lakers,1629003,Shake,Milton,S. Milton,shake-milton,,,,0:39,0.0,0.0,0.0,0.0,0.0,0.0,0.0,0.0,0.0,0.0,0.0,0.0,0.0,0.0,0.0,0.0,0.0,111.05,111.05,92.54,2.0,0.0,2024-25,Playoffs
0042400163,1610612747,Los Angeles,Lakers,LAL,lakers,202693,Markieff,Morris,M. Morris,markieff-morris,,DNP - Coach's Decision,,,0.0,0.0,0.0,0.0,0.0,0.0,0.0,0.0,0.0,0.0,0.0,0.0,0.0,0.0,0.0,0.0,0.0,0.0,0.0,0.0,0.0,0.0,2024-25,Playoffs
0042400163,1610612750,Minnesota,Timberwolves,MIN,timberwolves,1630183,Jaden,McDaniels,J. McDaniels,jaden-mcdaniels,F,,,38:14,124.7,124.7,110.4,110.4,14.3,14.3,0.042,1.0,4.0,0.079,0.059,0.069,4.0,0.614,0.631,0.267,0.267,96.68,96.68,80.57,77.0,0.156,2024-25,Playoffs
0042400163,1610612750,Minnesota,Timberwolves,MIN,timberwolves,203944,Julius,Randle,J. Randle,julius-randle,F,,,40:57,116.7,116.7,106.1,106.1,10.6,10.6,0.129,2.0,17.4,0.0,0.125,0.063,8.7,0.5,0.632,0.198,0.198,97.29,97.29,81.07,84.0,0.133,2024-25,Playoffs
0042400163,1610612750,Minnesota,Timberwolves,MIN,timberwolves,203497,Rudy,Gobert,R. Gobert,rudy-gobert,C,,,25:24,119.2,119.2,109.3,109.3,10.0,10.0,0.042,1.0,25.0,0.037,0.1,0.064,25.0,0.0,0.284,0.051,0.051,100.18,100.18,83.49,52.0,0.01,2024-25,Playoffs
0042400163,1610612750,Minnesota,Timberwolves,MIN,timberwolves,1630162,Anthony,Edwards,A. Edwards,anthony-edwards,G,,,42:18,124.7,124.7,109.4,109.4,15.3,15.3,0.286,4.0,22.2,0.048,0.162,0.101,5.6,0.558,0.558,0.28,0.28,96.45,96.45,80.38,85.0,0.17,2024-25,Playoffs
0042400163,1610612750,Minnesota,Timberwolves,MIN,timberwolves,201144,Mike,Conley,M. Conley,mike-conley,G,,,21:01,119.0,119.0,110.0,110.0,9.0,9.0,0.25,0.0,40.0,0.063,0.111,0.088,0.0,0.75,0.75,0.136,0.136,93.64,93.64,78.03,42.0,0.147,2024-25,Playoffs
0042400163,1610612750,Minnesota,Timberwolves,MIN,timberwolves,1628978,Donte,DiVincenzo,D. DiVincenzo,donte-divincenzo,,,,30:43,107.4,107.4,103.0,103.0,4.3,4.3,0.174,4.0,22.2,0.024,0.129,0.069,5.6,0.385,0.385,0.167,0.167,104.7,104.7,87.25,68.0,0.067,2024-25,Playoffs
0042400163,1610612750,Minnesota,Timberwolves,MIN,timberwolves,1629675,Naz,Reid,N. Reid,naz-reid,,,,27:27,118.2,118.2,103.8,103.8,14.4,14.4,0.0,0.0,0.0,0.03,0.227,0.109,0.0,0.714,0.739,0.104,0.104,94.41,94.41,78.68,55.0,0.099,2024-25,Playoffs
0042400163,1610612750,Minnesota,Timberwolves,MIN,timberwolves,1629638,Nickeil,Alexander-Walker,N. Alexander-Walker,nickeil-alexander-walker,,,,13:56,107.1,107.1,107.4,107.4,-0.3,-0.3,0.222,2.0,25.0,0.0,0.167,0.094,12.5,0.375,0.41,0.194,0.194,94.69,94.69,78.91,28.0,0.082,2024-25,Playoffs
0042400163,1610612750,Minnesota,Timberwolves,MIN,timberwolves,1641740,Jaylen,Clark,J. Clark,jaylen-clark,,DNP - Coach's Decision,,,0.0,0.0,0.0,0.0,0.0,0.0,0.0,0.0,0.0,0.0,0.0,0.0,0.0,0.0,0.0,0.0,0.0,0.0,0.0,0.0,0.0,0.0,2024-25,Playoffs
0042400163,1610612750,Minnesota,Timberwolves,MIN,timberwolves,1630568,Luka,Garza,L. Garza,luka-garza,,DNP - Coach's Decision,,,0.0,0.0,0.0,0.0,0.0,0.0,0.0,0.0,0.0,0.0,0.0,0.0,0.0,0.0,0.0,0.0,0.0,0.0,0.0,0.0,0.0,0.0,2024-25,Playoffs
0042400163,1610612750,Minnesota,Timberwolves,MIN,timberwolves,204060,Joe,Ingles,J. Ingles,joe-ingles,,DNP - Coach's Decision,,,0.0,0.0,0.0,0.0,0.0,0.0,0.0,0.0,0.0,0.0,0.0,0.0,0.0,0.0,0.0,0.0,0.0,0.0,0.0,0.0,0.0,0.0,2024-25,Playoffs
0042400163,1610612750,Minnesota,Timberwolves,MIN,timberwolves,1631159,Leonard,Miller,L. Miller,leonard-miller,,DNP - Coach's Decision,,,0.0,0.0,0.0,0.0,0.0,0.0,0.0,0.0,0.0,0.0,0.0,0.0,0.0,0.0,0.0,0.0,0.0,0.0,0.0,0.0,0.0,0.0,2024-25,Playoffs
0042400163,1610612750,Minnesota,Timberwolves,MIN,timberwolves,1631169,Josh,Minott,J. Minott,josh-minott,,DNP - Coach's Decision,,,0.0,0.0,0.0,0.0,0.0,0.0,0.0,0.0,0.0,0.0,0.0,0.0,0.0,0.0,0.0,0.0,0.0,0.0,0.0,0.0,0.0,0.0,2024-25,Playoffs
0042400163,1610612750,Minnesota,Timberwolves,MIN,timberwolves,1630545,Terrence,Shannon Jr.,T. Shannon Jr.,terrence-shannon-jr,,DNP - Coach's Decision,,,0.0,0.0,0.0,0.0,0.0,0.0,0.0,0.0,0.0,0.0,0.0,0.0,0.0,0.0,0.0,0.0,0.0,0.0,0.0,0.0,0.0,0.0,2024-25,Playoffs
0042400164,1610612747,Los Angeles,Lakers,LAL,lakers,1629060,Rui,Hachimura,R. Hachimura,rui-hachimura,F,,,41:09,131.6,131.6,129.9,129.9,1.7,1.7,0.043,0.0,5.9,0.027,0.08,0.057,0.0,0.719,0.719,0.184,0.184,89.23,89.23,74.36,76.0,0.108,2024-25,Playoffs
0042400164,1610612747,Los Angeles,Lakers,LAL,lakers,2544,LeBron,James,L. James,lebron-james,F,,,46:14,119.1,119.1,125.0,125.0,-5.9,-5.9,0.276,2.67,29.6,0.07,0.158,0.12,11.1,0.667,0.798,0.186,0.186,91.88,91.88,76.57,89.0,0.207,2024-25,Playoffs
0042400164,1610612747,Los Angeles,Lakers,LAL,lakers,1629637,Jaxson,Hayes,J. Hayes,jaxson-hayes,C,,,4:21,128.6,128.6,100.0,100.0,28.6,28.6,0.5,0.0,33.3,0.2,0.286,0.25,0.0,0.5,0.5,0.222,0.222,82.76,82.76,68.97,7.0,0.161,2024-25,Playoffs
0042400164,1610612747,Los Angeles,Lakers,LAL,lakers,1630559,Austin,Reaves,A. Reaves,austin-reaves,G,,,35:08,128.8,128.8,125.0,125.0,3.8,3.8,0.182,4.0,21.1,0.03,0.15,0.096,5.3,0.607,0.607,0.195,0.195,88.83,88.83,74.02,66.0,0.105,2024-25,Playoffs
0042400164,1610612747,Los Angeles,Lakers,LAL,lakers,1629029,Luka,Dončić,L. Dončić,luka-dončić,G,,,45:49,125.0,125.0,129.9,129.9,-4.9,-4.9,0.091,0.5,5.4,0.0,0.018,0.01,10.8,0.554,0.611,0.35,0.35,91.67,91.67,76.39,88.0,0.108,2024-25,Playoffs
0042400164,1610612747,Los Angeles,Lakers,LAL,lakers,1627827,Dorian,Finney-Smith,D. Finney-Smith,dorian-finney-smith,,,,40:37,119.0,119.0,126.9,126.9,-7.9,-7.9,0.214,3.0,40.0,0.108,0.085,0.095,13.3,0.429,0.429,0.1,0.1,92.77,92.77,77.31,79.0,0.052,2024-25,Playoffs
0042400164,1610612747,Los Angeles,Lakers,LAL,lakers,1629216,Gabe,Vincent,G. Vincent,gabe-vincent,,,,12:49,90.6,90.6,124.1,124.1,-33.5,-33.5,0.0,0.0,0.0,0.0,0.083,0.038,0.0,0.0,0.0,0.057,0.057,114.23,114.23,95.19,32.0,-0.036,2024-25,Playoffs
0042400164,1610612747,Los Angeles,Lakers,LAL,lakers,1629020,Jarred,Vanderbilt,J. Vanderbilt,jarred-vanderbilt,,,,6:43,81.3,81.3,100.0,100.0,-18.8,-18.8,0.0,0.0,0.0,0.0,0.286,0.143,0.0,0.0,0.0,0.0,0.0,114.48,114.48,95.4,16.0,0.078,2024-25,Playoffs
0042400164,1610612747,Los Angeles,Lakers,LAL,lakers,1630692,Jordan,Goodwin,J. Goodwin,jordan-goodwin,,,,7:11,118.8,118.8,112.5,112.5,6.3,6.3,0.2,0.0,33.3,0.167,0.1,0.125,0.0,0.0,0.0,0.118,0.118,106.91,106.91,89.1,16.0,-0.089,2024-25,Playoffs
0042400164,1610612747,Los Angeles,Lakers,LAL,lakers,1642355,Bronny,James,B. James,bronny-james,,DNP - Coach's Decision,,,0.0,0.0,0.0,0.0,0.0,0.0,0.0,0.0,0.0,0.0,0.0,0.0,0.0,0.0,0.0,0.0,0.0,0.0,0.0,0.0,0.0,0.0,2024-25,Playoffs
0042400164,1610612747,Los Angeles,Lakers,LAL,lakers,1642261,Dalton,Knecht,D. Knecht,dalton-knecht,,DNP - Coach's Decision,,,0.0,0.0,0.0,0.0,0.0,0.0,0.0,0.0,0.0,0.0,0.0,0.0,0.0,0.0,0.0,0.0,0.0,0.0,0.0,0.0,0.0,0.0,2024-25,Playoffs
0042400164,1610612747,Los Angeles,Lakers,LAL,lakers,203458,Alex,Len,A. Len,alex-len,,DNP - Coach's Decision,,,0.0,0.0,0.0,0.0,0.0,0.0,0.0,0.0,0.0,0.0,0.0,0.0,0.0,0.0,0.0,0.0,0.0,0.0,0.0,0.0,0.0,0.0,2024-25,Playoffs
0042400164,1610612747,Los Angeles,Lakers,LAL,lakers,1629003,Shake,Milton,S. Milton,shake-milton,,DNP - Coach's Decision,,,0.0,0.0,0.0,0.0,0.0,0.0,0.0,0.0,0.0,0.0,0.0,0.0,0.0,0.0,0.0,0.0,0.0,0.0,0.0,0.0,0.0,0.0,2024-25,Playoffs
0042400164,1610612747,Los Angeles,Lakers,LAL,lakers,202693,Markieff,Morris,M. Morris,markieff-morris,,DNP - Coach's Decision,,,0.0,0.0,0.0,0.0,0.0,0.0,0.0,0.0,0.0,0.0,0.0,0.0,0.0,0.0,0.0,0.0,0.0,0.0,0.0,0.0,0.0,0.0,2024-25,Playoffs
0042400164,1610612750,Minnesota,Timberwolves,MIN,timberwolves,1630183,Jaden,McDaniels,J. McDaniels,jaden-mcdaniels,F,,,38:28,131.4,131.4,115.1,115.1,16.4,16.4,0.125,1.5,17.6,0.021,0.27,0.131,11.8,0.636,0.649,0.157,0.157,89.21,89.21,74.34,70.0,0.128,2024-25,Playoffs
0042400164,1610612750,Minnesota,Timberwolves,MIN,timberwolves,203944,Julius,Randle,J. Randle,julius-randle,F,,,42:40,135.0,135.0,125.0,125.0,10.0,10.0,0.111,0.0,11.1,0.043,0.128,0.081,0.0,0.477,0.526,0.245,0.245,89.99,89.99,74.99,80.0,0.098,2024-25,Playoffs
0042400164,1610612750,Minnesota,Timberwolves,MIN,timberwolves,203497,Rudy,Gobert,R. Gobert,rudy-gobert,C,,,26:10,108.5,108.5,124.0,124.0,-15.5,-15.5,0.0,0.0,0.0,0.206,0.125,0.172,27.3,0.167,0.322,0.18,0.18,88.98,88.98,74.15,47.0,0.006,2024-25,Playoffs
0042400164,1610612750,Minnesota,Timberwolves,MIN,timberwolves,1630162,Anthony,Edwards,A. Edwards,anthony-edwards,G,,,44:22,129.4,129.4,125.9,125.9,3.5,3.5,0.25,6.0,16.7,0.077,0.119,0.096,2.8,0.63,0.705,0.286,0.286,91.96,91.96,76.63,85.0,0.213,2024-25,Playoffs
0042400164,1610612750,Minnesota,Timberwolves,MIN,timberwolves,201144,Mike,Conley,M. Conley,mike-conley,G,,,24:59,108.7,108.7,115.9,115.9,-7.2,-7.2,0.125,0.0,28.6,0.033,0.0,0.018,0.0,0.2,0.2,0.088,0.088,86.46,86.46,72.05,46.0,0.012,2024-25,Playoffs
0042400164,1610612750,Minnesota,Timberwolves,MIN,timberwolves,1628978,Donte,DiVincenzo,D. DiVincenzo,donte-divincenzo,,,,28:34,126.7,126.7,121.3,121.3,5.4,5.4,0.095,0.0,15.4,0.03,0.038,0.034,0.0,0.318,0.35,0.153,0.153,101.66,101.66,84.71,60.0,0.034,2024-25,Playoffs
0042400164,1610612750,Minnesota,Timberwolves,MIN,timberwolves,1629675,Naz,Reid,N. Reid,naz-reid,,,,19:38,131.7,131.7,115.4,115.4,16.3,16.3,0.154,2.0,16.7,0.037,0.188,0.093,8.3,0.714,0.685,0.196,0.196,97.78,97.78,81.48,41.0,0.11,2024-25,Playoffs
0042400164,1610612750,Minnesota,Timberwolves,MIN,timberwolves,1629638,Nickeil,Alexander-Walker,N. Alexander-Walker,nickeil-alexander-walker,,,,11:45,100.0,100.0,106.7,106.7,-6.7,-6.7,0.0,0.0,0.0,0.0,0.083,0.043,33.3,0.625,0.625,0.2,0.2,116.43,116.43,97.02,27.0,0.036,2024-25,Playoffs
0042400164,1610612750,Minnesota,Timberwolves,MIN,timberwolves,1630545,Terrence,Shannon Jr.,T. Shannon Jr.,terrence-shannon-jr,,,,3:24,133.3,133.3,111.1,111.1,22.2,22.2,0.25,0.0,50.0,0.25,0.75,0.5,0.0,0.0,0.0,0.083,0.083,127.37,127.37,106.14,9.0,0.167,2024-25,Playoffs
0042400164,1610612750,Minnesota,Timberwolves,MIN,timberwolves,1641740,Jaylen,Clark,J. Clark,jaylen-clark,,DNP - Coach's Decision,,,0.0,0.0,0.0,0.0,0.0,0.0,0.0,0.0,0.0,0.0,0.0,0.0,0.0,0.0,0.0,0.0,0.0,0.0,0.0,0.0,0.0,0.0,2024-25,Playoffs
0042400164,1610612750,Minnesota,Timberwolves,MIN,timberwolves,1630568,Luka,Garza,L. Garza,luka-garza,,DNP - Coach's Decision,,,0.0,0.0,0.0,0.0,0.0,0.0,0.0,0.0,0.0,0.0,0.0,0.0,0.0,0.0,0.0,0.0,0.0,0.0,0.0,0.0,0.0,0.0,2024-25,Playoffs
0042400164,1610612750,Minnesota,Timberwolves,MIN,timberwolves,204060,Joe,Ingles,J. Ingles,joe-ingles,,DNP - Coach's Decision,,,0.0,0.0,0.0,0.0,0.0,0.0,0.0,0.0,0.0,0.0,0.0,0.0,0.0,0.0,0.0,0.0,0.0,0.0,0.0,0.0,0.0,0.0,2024-25,Playoffs
0042400164,1610612750,Minnesota,Timberwolves,MIN,timberwolves,1631159,Leonard,Miller,L. Miller,leonard-miller,,DNP - Coach's Decision,,,0.0,0.0,0.0,0.0,0.0,0.0,0.0,0.0,0.0,0.0,0.0,0.0,0.0,0.0,0.0,0.0,0.0,0.0,0.0,0.0,0.0,0.0,2024-25,Playoffs
0042400164,1610612750,Minnesota,Timberwolves,MIN,timberwolves,1631169,Josh,Minott,J. Minott,josh-minott,,DNP - Coach's Decision,,,0.0,0.0,0.0,0.0,0.0,0.0,0.0,0.0,0.0,0.0,0.0,0.0,0.0,0.0,0.0,0.0,0.0,0.0,0.0,0.0,0.0,0.0,2024-25,Playoffs
0042400165,1610612750,Minnesota,Timberwolves,MIN,timberwolves,1630183,Jaden,McDaniels,J. McDaniels,jaden-mcdaniels,F,,,17:54,106.3,106.3,108.8,108.8,-2.6,-2.6,0.0,0.0,0.0,0.087,0.053,0.071,0.0,0.5,0.694,0.14,0.14,88.49,88.49,73.74,32.0,0.071,2024-25,Playoffs
0042400165,1610612750,Minnesota,Timberwolves,MIN,timberwolves,203944,Julius,Randle,J. Randle,julius-randle,F,,,31:38,103.3,103.3,104.8,104.8,-1.6,-1.6,0.308,1.33,15.4,0.075,0.063,0.069,11.5,0.531,0.603,0.286,0.286,93.32,93.32,77.77,61.0,0.164,2024-25,Playoffs
0042400165,1610612750,Minnesota,Timberwolves,MIN,timberwolves,203497,Rudy,Gobert,R. Gobert,rudy-gobert,C,,,38:35,118.7,118.7,95.9,95.9,22.7,22.7,0.0,0.0,0.0,0.209,0.375,0.289,0.0,0.8,0.765,0.189,0.189,92.69,92.69,77.24,75.0,0.307,2024-25,Playoffs
0042400165,1610612750,Minnesota,Timberwolves,MIN,timberwolves,1630162,Anthony,Edwards,A. Edwards,anthony-edwards,G,,,42:57,116.5,116.5,102.4,102.4,14.1,14.1,0.267,0.0,26.7,0.039,0.205,0.116,0.0,0.263,0.333,0.206,0.206,94.99,94.99,79.16,85.0,0.12,2024-25,Playoffs
0042400165,1610612750,Minnesota,Timberwolves,MIN,timberwolves,201144,Mike,Conley,M. Conley,mike-conley,G,,,30:30,119.0,119.0,106.9,106.9,12.1,12.1,0.143,3.0,25.0,0.0,0.154,0.066,8.3,0.429,0.508,0.125,0.125,91.29,91.29,76.07,58.0,0.089,2024-25,Playoffs
0042400165,1610612750,Minnesota,Timberwolves,MIN,timberwolves,1628978,Donte,DiVincenzo,D. DiVincenzo,donte-divincenzo,,,,32:12,100.0,100.0,94.0,94.0,6.0,6.0,0.227,1.67,22.7,0.025,0.086,0.053,13.6,0.308,0.324,0.202,0.202,99.13,99.13,82.61,66.0,0.025,2024-25,Playoffs
0042400165,1610612750,Minnesota,Timberwolves,MIN,timberwolves,1629638,Nickeil,Alexander-Walker,N. Alexander-Walker,nickeil-alexander-walker,,,,24:48,94.4,94.4,87.0,87.0,7.4,7.4,0.188,1.0,16.7,0.0,0.042,0.018,16.7,0.364,0.421,0.231,0.231,104.5,104.5,87.09,54.0,0.012,2024-25,Playoffs
0042400165,1610612750,Minnesota,Timberwolves,MIN,timberwolves,1629675,Naz,Reid,N. Reid,naz-reid,,,,21:26,93.6,93.6,102.1,102.1,-8.5,-8.5,0.133,2.0,25.0,0.031,0.05,0.038,12.5,0.25,0.307,0.1,0.1,105.24,105.24,87.7,47.0,0.014,2024-25,Playoffs
0042400165,1610612750,Minnesota,Timberwolves,MIN,timberwolves,1641740,Jaylen,Clark,J. Clark,jaylen-clark,,DNP - Coach's Decision,,,0.0,0.0,0.0,0.0,0.0,0.0,0.0,0.0,0.0,0.0,0.0,0.0,0.0,0.0,0.0,0.0,0.0,0.0,0.0,0.0,0.0,0.0,2024-25,Playoffs
0042400165,1610612750,Minnesota,Timberwolves,MIN,timberwolves,1630568,Luka,Garza,L. Garza,luka-garza,,DNP - Coach's Decision,,,0.0,0.0,0.0,0.0,0.0,0.0,0.0,0.0,0.0,0.0,0.0,0.0,0.0,0.0,0.0,0.0,0.0,0.0,0.0,0.0,0.0,0.0,2024-25,Playoffs
0042400165,1610612750,Minnesota,Timberwolves,MIN,timberwolves,204060,Joe,Ingles,J. Ingles,joe-ingles,,DNP - Coach's Decision,,,0.0,0.0,0.0,0.0,0.0,0.0,0.0,0.0,0.0,0.0,0.0,0.0,0.0,0.0,0.0,0.0,0.0,0.0,0.0,0.0,0.0,0.0,2024-25,Playoffs
0042400165,1610612750,Minnesota,Timberwolves,MIN,timberwolves,1631159,Leonard,Miller,L. Miller,leonard-miller,,DNP - Coach's Decision,,,0.0,0.0,0.0,0.0,0.0,0.0,0.0,0.0,0.0,0.0,0.0,0.0,0.0,0.0,0.0,0.0,0.0,0.0,0.0,0.0,0.0,0.0,2024-25,Playoffs
0042400165,1610612750,Minnesota,Timberwolves,MIN,timberwolves,1631169,Josh,Minott,J. Minott,josh-minott,,DNP - Coach's Decision,,,0.0,0.0,0.0,0.0,0.0,0.0,0.0,0.0,0.0,0.0,0.0,0.0,0.0,0.0,0.0,0.0,0.0,0.0,0.0,0.0,0.0,0.0,2024-25,Playoffs
0042400165,1610612750,Minnesota,Timberwolves,MIN,timberwolves,1630545,Terrence,Shannon Jr.,T. Shannon Jr.,terrence-shannon-jr,,DNP - Coach's Decision,,,0.0,0.0,0.0,0.0,0.0,0.0,0.0,0.0,0.0,0.0,0.0,0.0,0.0,0.0,0.0,0.0,0.0,0.0,0.0,0.0,0.0,0.0,2024-25,Playoffs
0042400165,1610612747,Los Angeles,Lakers,LAL,lakers,1629060,Rui,Hachimura,R. Hachimura,rui-hachimura,F,,,39:26,100.0,100.0,117.6,117.6,-17.6,-17.6,0.0,0.0,0.0,0.075,0.021,0.045,5.9,0.719,0.719,0.198,0.198,90.68,90.68,75.57,75.0,0.126,2024-25,Playoffs
0042400165,1610612747,Los Angeles,Lakers,LAL,lakers,2544,LeBron,James,L. James,lebron-james,F,,,40:27,93.8,93.8,112.7,112.7,-18.9,-18.9,0.375,2.0,18.8,0.049,0.111,0.081,9.4,0.452,0.465,0.292,0.292,94.34,94.34,78.62,80.0,0.132,2024-25,Playoffs
0042400165,1610612747,Los Angeles,Lakers,LAL,lakers,1627827,Dorian,Finney-Smith,D. Finney-Smith,dorian-finney-smith,C,,,29:20,106.8,106.8,108.3,108.3,-1.6,-1.6,0.095,2.0,25.0,0.04,0.079,0.063,12.5,0.7,0.7,0.092,0.092,97.36,97.36,81.14,59.0,0.04,2024-25,Playoffs
0042400165,1610612747,Los Angeles,Lakers,LAL,lakers,1630559,Austin,Reaves,A. Reaves,austin-reaves,G,,,40:40,98.7,98.7,113.0,113.0,-14.3,-14.3,0.087,0.33,9.1,0.024,0.078,0.054,27.3,0.429,0.429,0.225,0.225,92.06,92.06,76.72,79.0,-0.004,2024-25,Playoffs
0042400165,1610612747,Los Angeles,Lakers,LAL,lakers,1629029,Luka,Dončić,L. Dončić,luka-dončić,G,,,39:33,102.5,102.5,108.8,108.8,-6.3,-6.3,0.429,4.5,25.0,0.0,0.143,0.08,5.6,0.444,0.569,0.303,0.303,97.09,97.09,80.91,80.0,0.188,2024-25,Playoffs
0042400165,1610612747,Los Angeles,Lakers,LAL,lakers,1629020,Jarred,Vanderbilt,J. Vanderbilt,jarred-vanderbilt,,,,19:29,100.0,100.0,88.6,88.6,11.4,11.4,0.214,3.0,50.0,0.05,0.222,0.149,16.7,0.0,0.532,0.065,0.065,105.95,105.95,88.29,42.0,0.129,2024-25,Playoffs
0042400165,1610612747,Los Angeles,Lakers,LAL,lakers,1629216,Gabe,Vincent,G. Vincent,gabe-vincent,,,,26:08,103.6,103.6,94.6,94.6,8.9,8.9,0.111,0.0,50.0,0.0,0.097,0.052,0.0,0.0,0.0,0.034,0.034,102.86,102.86,85.71,56.0,0.0,2024-25,Playoffs
0042400165,1610612747,Los Angeles,Lakers,LAL,lakers,1628467,Maxi,Kleber,M. Kleber,maxi-kleber,,,,4:57,70.0,70.0,80.0,80.0,-10.0,-10.0,0.0,0.0,0.0,0.0,0.0,0.0,33.3,0.0,0.532,0.231,0.231,96.97,96.97,80.81,10.0,-0.167,2024-25,Playoffs
0042400165,1610612747,Los Angeles,Lakers,LAL,lakers,1630692,Jordan,Goodwin,J. Goodwin,jordan-goodwin,,DNP - Coach's Decision,,,0.0,0.0,0.0,0.0,0.0,0.0,0.0,0.0,0.0,0.0,0.0,0.0,0.0,0.0,0.0,0.0,0.0,0.0,0.0,0.0,0.0,0.0,2024-25,Playoffs
0042400165,1610612747,Los Angeles,Lakers,LAL,lakers,1629637,Jaxson,Hayes,J. Hayes,jaxson-hayes,,DNP - Coach's Decision,,,0.0,0.0,0.0,0.0,0.0,0.0,0.0,0.0,0.0,0.0,0.0,0.0,0.0,0.0,0.0,0.0,0.0,0.0,0.0,0.0,0.0,0.0,2024-25,Playoffs
0042400165,1610612747,Los Angeles,Lakers,LAL,lakers,1642355,Bronny,James,B. James,bronny-james,,DNP - Coach's Decision,,,0.0,0.0,0.0,0.0,0.0,0.0,0.0,0.0,0.0,0.0,0.0,0.0,0.0,0.0,0.0,0.0,0.0,0.0,0.0,0.0,0.0,0.0,2024-25,Playoffs
0042400165,1610612747,Los Angeles,Lakers,LAL,lakers,1642261,Dalton,Knecht,D. Knecht,dalton-knecht,,DNP - Coach's Decision,,,0.0,0.0,0.0,0.0,0.0,0.0,0.0,0.0,0.0,0.0,0.0,0.0,0.0,0.0,0.0,0.0,0.0,0.0,0.0,0.0,0.0,0.0,2024-25,Playoffs
0042400165,1610612747,Los Angeles,Lakers,LAL,lakers,203458,Alex,Len,A. Len,alex-len,,DNP - Coach's Decision,,,0.0,0.0,0.0,0.0,0.0,0.0,0.0,0.0,0.0,0.0,0.0,0.0,0.0,0.0,0.0,0.0,0.0,0.0,0.0,0.0,0.0,0.0,2024-25,Playoffs
0042400165,1610612747,Los Angeles,Lakers,LAL,lakers,1629003,Shake,Milton,S. Milton,shake-milton,,DNP - Coach's Decision,,,0.0,0.0,0.0,0.0,0.0,0.0,0.0,0.0,0.0,0.0,0.0,0.0,0.0,0.0,0.0,0.0,0.0,0.0,0.0,0.0,0.0,0.0,2024-25,Playoffs
0042400165,1610612747,Los Angeles,Lakers,LAL,lakers,202693,Markieff,Morris,M. Morris,markieff-morris,,DNP - Coach's Decision,,,0.0,0.0,0.0,0.0,0.0,0.0,0.0,0.0,0.0,0.0,0.0,0.0,0.0,0.0,0.0,0.0,0.0,0.0,0.0,0.0,0.0,0.0,2024-25,Playoffs
0042400171,1610612746,LA,Clippers,LAC,clippers,1626181,Norman,Powell,N. Powell,norman-powell,F,,,37:13,107.1,107.1,105.6,105.6,1.5,1.5,0.148,1.0,20.0,0.0,0.07,0.039,20.0,0.5,0.482,0.198,0.198,90.92,90.92,75.77,70.0,0.049,2024-25,Playoffs
0042400171,1610612746,LA,Clippers,LAC,clippers,202695,Kawhi,Leonard,K. Leonard,kawhi-leonard,F,,,41:09,111.5,111.5,112.7,112.7,-1.1,-1.1,0.08,0.29,8.0,0.029,0.119,0.079,28.0,0.633,0.674,0.261,0.261,91.57,91.57,76.31,78.0,0.111,2024-25,Playoffs
0042400171,1610612746,LA,Clippers,LAC,clippers,1627826,Ivica,Zubac,I. Zubac,ivica-zubac,C,,,39:25,111.1,111.1,118.9,118.9,-7.8,-7.8,0.091,1.0,9.5,0.182,0.184,0.183,9.5,0.667,0.626,0.235,0.235,88.91,88.91,74.09,72.0,0.137,2024-25,Playoffs
0042400171,1610612746,LA,Clippers,LAC,clippers,1627739,Kris,Dunn,K. Dunn,kris-dunn,G,,,30:45,107.0,107.0,117.2,117.2,-10.2,-10.2,0.045,0.0,11.1,0.0,0.091,0.052,0.0,0.625,0.625,0.123,0.123,89.78,89.78,74.82,57.0,0.064,2024-25,Playoffs
0042400171,1610612746,LA,Clippers,LAC,clippers,201935,James,Harden,J. Harden,james-harden,G,,,42:48,116.0,116.0,116.0,116.0,0.0,0.0,0.423,5.5,29.7,0.0,0.14,0.076,5.4,0.591,0.649,0.289,0.289,90.84,90.84,75.7,81.0,0.179,2024-25,Playoffs
0042400171,1610612746,LA,Clippers,LAC,clippers,201587,Nicolas,Batum,N. Batum,nicolas-batum,,,,23:57,112.2,112.2,102.0,102.0,10.2,10.2,0.063,0.5,11.1,0.095,0.0,0.043,22.2,0.75,0.75,0.148,0.148,98.22,98.22,81.85,49.0,0.048,2024-25,Playoffs
0042400171,1610612746,LA,Clippers,LAC,clippers,1627884,Derrick,Jones Jr.,D. Jones Jr.,derrick-jones-jr,,,,24:13,96.1,96.1,105.9,105.9,-9.8,-9.8,0.0,0.0,0.0,0.05,0.125,0.091,0.0,0.25,0.41,0.091,0.091,101.06,101.06,84.22,51.0,0.08,2024-25,Playoffs
0042400171,1610612746,LA,Clippers,LAC,clippers,203992,Bogdan,Bogdanović,B. Bogdanović,bogdan-bogdanović,,,,12:12,81.5,81.5,80.0,80.0,1.5,1.5,0.25,0.67,25.0,0.0,0.357,0.2,37.5,0.0,0.0,0.214,0.214,102.34,102.34,85.28,27.0,-0.125,2024-25,Playoffs
0042400171,1610612746,LA,Clippers,LAC,clippers,1627732,Ben,Simmons,B. Simmons,ben-simmons,,,,13:19,100.0,100.0,78.6,78.6,21.4,21.4,0.2,0.0,66.7,0.083,0.056,0.067,0.0,0.0,0.0,0.033,0.033,99.12,99.12,82.6,27.0,0.0,2024-25,Playoffs
0042400171,1610612746,LA,Clippers,LAC,clippers,1641738,Kobe,Brown,K. Brown,kobe-brown,,DNP - Coach's Decision,,,0.0,0.0,0.0,0.0,0.0,0.0,0.0,0.0,0.0,0.0,0.0,0.0,0.0,0.0,0.0,0.0,0.0,0.0,0.0,0.0,0.0,0.0,2024-25,Playoffs
0042400171,1610612746,LA,Clippers,LAC,clippers,1642353,Cam,Christie,C. Christie,cam-christie,,DNP - Coach's Decision,,,0.0,0.0,0.0,0.0,0.0,0.0,0.0,0.0,0.0,0.0,0.0,0.0,0.0,0.0,0.0,0.0,0.0,0.0,0.0,0.0,0.0,0.0,2024-25,Playoffs
0042400171,1610612746,LA,Clippers,LAC,clippers,1629599,Amir,Coffey,A. Coffey,amir-coffey,,DNP - Coach's Decision,,,0.0,0.0,0.0,0.0,0.0,0.0,0.0,0.0,0.0,0.0,0.0,0.0,0.0,0.0,0.0,0.0,0.0,0.0,0.0,0.0,0.0,0.0,2024-25,Playoffs
0042400171,1610612746,LA,Clippers,LAC,clippers,1629234,Drew,Eubanks,D. Eubanks,drew-eubanks,,DNP - Coach's Decision,,,0.0,0.0,0.0,0.0,0.0,0.0,0.0,0.0,0.0,0.0,0.0,0.0,0.0,0.0,0.0,0.0,0.0,0.0,0.0,0.0,0.0,0.0,2024-25,Playoffs
0042400171,1610612746,LA,Clippers,LAC,clippers,1641757,Jordan,Miller,J. Miller,jordan-miller,,DNP - Coach's Decision,,,0.0,0.0,0.0,0.0,0.0,0.0,0.0,0.0,0.0,0.0,0.0,0.0,0.0,0.0,0.0,0.0,0.0,0.0,0.0,0.0,0.0,0.0,2024-25,Playoffs
0042400171,1610612746,LA,Clippers,LAC,clippers,201988,Patty,Mills,P. Mills,patty-mills,,DNP - Coach's Decision,,,0.0,0.0,0.0,0.0,0.0,0.0,0.0,0.0,0.0,0.0,0.0,0.0,0.0,0.0,0.0,0.0,0.0,0.0,0.0,0.0,0.0,0.0,2024-25,Playoffs
0042400171,1610612743,Denver,Nuggets,DEN,nuggets,1629008,Michael,Porter Jr.,M. Porter Jr.,michael-porter-jr,F,,,26:28,92.3,92.3,112.0,112.0,-19.7,-19.7,0.0,0.0,0.0,0.04,0.115,0.078,20.0,0.375,0.375,0.088,0.088,92.51,92.51,77.09,52.0,0.018,2024-25,Playoffs
0042400171,1610612743,Denver,Nuggets,DEN,nuggets,203932,Aaron,Gordon,A. Gordon,aaron-gordon,F,,,45:47,115.9,115.9,117.2,117.2,-1.3,-1.3,0.034,0.33,4.3,0.111,0.083,0.099,13.0,0.607,0.679,0.212,0.212,91.75,91.75,76.46,88.0,0.115,2024-25,Playoffs
0042400171,1610612743,Denver,Nuggets,DEN,nuggets,203999,Nikola,Jokić,N. Jokić,nikola-jokić,C,,,46:06,118.4,118.4,106.9,106.9,11.5,11.5,0.444,6.0,29.3,0.0,0.237,0.107,4.9,0.521,0.544,0.282,0.282,90.57,90.57,75.48,87.0,0.188,2024-25,Playoffs
0042400171,1610612743,Denver,Nuggets,DEN,nuggets,1631128,Christian,Braun,C. Braun,christian-braun,G,,,45:07,117.4,117.4,112.9,112.9,4.5,4.5,0.029,0.0,9.1,0.022,0.054,0.036,0.0,0.55,0.55,0.098,0.098,90.96,90.96,75.8,86.0,0.041,2024-25,Playoffs
0042400171,1610612743,Denver,Nuggets,DEN,nuggets,1627750,Jamal,Murray,J. Murray,jamal-murray,G,,,47:55,115.2,115.2,104.4,104.4,10.8,10.8,0.219,2.33,21.9,0.021,0.2,0.102,9.4,0.425,0.473,0.234,0.234,91.16,91.16,75.97,92.0,0.111,2024-25,Playoffs
0042400171,1610612743,Denver,Nuggets,DEN,nuggets,201566,Russell,Westbrook,R. Westbrook,russell-westbrook,,,,34:25,110.3,110.3,101.5,101.5,8.8,8.8,0.136,3.0,13.0,0.098,0.148,0.118,4.3,0.353,0.4,0.235,0.235,94.13,94.13,78.44,68.0,0.08,2024-25,Playoffs
0042400171,1610612743,Denver,Nuggets,DEN,nuggets,1631212,Peyton,Watson,P. Watson,peyton-watson,,,,14:13,63.3,63.3,81.8,81.8,-18.5,-18.5,0.0,0.0,0.0,0.0,0.125,0.054,16.7,0.5,0.615,0.167,0.167,106.35,106.35,88.63,30.0,0.157,2024-25,Playoffs
0042400171,1610612743,Denver,Nuggets,DEN,nuggets,1629618,Jalen,Pickett,J. Pickett,jalen-pickett,,,,4:59,54.5,54.5,127.3,127.3,-72.7,-72.7,0.0,0.0,0.0,0.0,0.4,0.154,0.0,1.0,1.0,0.067,0.067,105.95,105.95,88.29,11.0,0.231,2024-25,Playoffs
0042400171,1610612743,Denver,Nuggets,DEN,nuggets,201599,DeAndre,Jordan,D. Jordan,deandre-jordan,,DNP - Coach's Decision,,,0.0,0.0,0.0,0.0,0.0,0.0,0.0,0.0,0.0,0.0,0.0,0.0,0.0,0.0,0.0,0.0,0.0,0.0,0.0,0.0,0.0,0.0,2024-25,Playoffs
0042400171,1610612743,Denver,Nuggets,DEN,nuggets,1630192,Zeke,Nnaji,Z. Nnaji,zeke-nnaji,,DNP - Coach's Decision,,,0.0,0.0,0.0,0.0,0.0,0.0,0.0,0.0,0.0,0.0,0.0,0.0,0.0,0.0,0.0,0.0,0.0,0.0,0.0,0.0,0.0,0.0,2024-25,Playoffs
0042400171,1610612743,Denver,Nuggets,DEN,nuggets,203967,Dario,Saric,D. Saric,dario-saric,,DNP - Coach's Decision,,,0.0,0.0,0.0,0.0,0.0,0.0,0.0,0.0,0.0,0.0,0.0,0.0,0.0,0.0,0.0,0.0,0.0,0.0,0.0,0.0,0.0,0.0,2024-25,Playoffs
0042400171,1610612743,Denver,Nuggets,DEN,nuggets,1631124,Julian,Strawther,J. Strawther,julian-strawther,,DNP - Coach's Decision,,,0.0,0.0,0.0,0.0,0.0,0.0,0.0,0.0,0.0,0.0,0.0,0.0,0.0,0.0,0.0,0.0,0.0,0.0,0.0,0.0,0.0,0.0,2024-25,Playoffs
0042400171,1610612743,Denver,Nuggets,DEN,nuggets,1641816,Hunter,Tyson,H. Tyson,hunter-tyson,,DNP - Coach's Decision,,,0.0,0.0,0.0,0.0,0.0,0.0,0.0,0.0,0.0,0.0,0.0,0.0,0.0,0.0,0.0,0.0,0.0,0.0,0.0,0.0,0.0,0.0,2024-25,Playoffs
0042400171,1610612743,Denver,Nuggets,DEN,nuggets,1628427,Vlatko,Čančar,V. Čančar,vlatko-čančar,,DNP - Coach's Decision,,,0.0,0.0,0.0,0.0,0.0,0.0,0.0,0.0,0.0,0.0,0.0,0.0,0.0,0.0,0.0,0.0,0.0,0.0,0.0,0.0,0.0,0.0,2024-25,Playoffs
0042400172,1610612746,LA,Clippers,LAC,clippers,1626181,Norman,Powell,N. Powell,norman-powell,F,,,33:00,125.8,125.8,112.9,112.9,12.9,12.9,0.115,3.0,15.8,0.0,0.0,0.0,5.3,0.429,0.437,0.242,0.242,90.18,90.18,75.15,62.0,0.036,2024-25,Playoffs
0042400172,1610612746,LA,Clippers,LAC,clippers,202695,Kawhi,Leonard,K. Leonard,kawhi-leonard,F,,,39:01,124.7,124.7,116.4,116.4,8.2,8.2,0.25,5.0,18.5,0.0,0.091,0.044,3.7,0.895,0.92,0.272,0.272,89.81,89.81,74.84,73.0,0.255,2024-25,Playoffs
0042400172,1610612746,LA,Clippers,LAC,clippers,1627826,Ivica,Zubac,I. Zubac,ivica-zubac,C,,,40:28,112.7,112.7,113.2,113.2,-0.5,-0.5,0.143,2.0,22.2,0.083,0.25,0.167,11.1,0.6,0.656,0.163,0.163,91.93,91.93,76.61,79.0,0.114,2024-25,Playoffs
0042400172,1610612746,LA,Clippers,LAC,clippers,1627739,Kris,Dunn,K. Dunn,kris-dunn,G,,,28:46,120.0,120.0,120.4,120.4,-0.4,-0.4,0.083,0.0,22.2,0.077,0.182,0.125,0.0,0.357,0.357,0.119,0.119,90.94,90.94,75.78,55.0,0.058,2024-25,Playoffs
0042400172,1610612746,LA,Clippers,LAC,clippers,201935,James,Harden,J. Harden,james-harden,G,,,38:57,110.4,110.4,114.7,114.7,-4.3,-4.3,0.259,1.75,25.0,0.0,0.083,0.042,14.3,0.529,0.529,0.256,0.256,93.66,93.66,78.05,77.0,0.094,2024-25,Playoffs
0042400172,1610612746,LA,Clippers,LAC,clippers,1627732,Ben,Simmons,B. Simmons,ben-simmons,,,,7:32,100.0,100.0,100.0,100.0,0.0,0.0,0.167,0.0,50.0,0.1,0.0,0.056,0.0,1.0,1.0,0.056,0.056,101.95,101.95,84.96,16.0,0.086,2024-25,Playoffs
0042400172,1610612746,LA,Clippers,LAC,clippers,1627884,Derrick,Jones Jr.,D. Jones Jr.,derrick-jones-jr,,,,19:14,100.0,100.0,97.4,97.4,2.6,2.6,0.0,0.0,0.0,0.05,0.045,0.048,12.5,0.429,0.429,0.178,0.178,96.08,96.08,80.07,39.0,0.042,2024-25,Playoffs
0042400172,1610612746,LA,Clippers,LAC,clippers,201587,Nicolas,Batum,N. Batum,nicolas-batum,,,,18:02,89.5,89.5,89.2,89.2,0.3,0.3,0.0,0.0,0.0,0.0,0.211,0.098,0.0,0.6,0.6,0.111,0.111,99.82,99.82,83.18,38.0,0.175,2024-25,Playoffs
0042400172,1610612746,LA,Clippers,LAC,clippers,203992,Bogdan,Bogdanović,B. Bogdanović,bogdan-bogdanović,,,,15:00,84.4,84.4,103.2,103.2,-18.9,-18.9,0.2,1.0,22.2,0.0,0.063,0.029,22.2,0.0,0.0,0.184,0.184,100.8,100.8,84.0,32.0,-0.121,2024-25,Playoffs
0042400172,1610612746,LA,Clippers,LAC,clippers,1641738,Kobe,Brown,K. Brown,kobe-brown,,DNP - Coach's Decision,,,0.0,0.0,0.0,0.0,0.0,0.0,0.0,0.0,0.0,0.0,0.0,0.0,0.0,0.0,0.0,0.0,0.0,0.0,0.0,0.0,0.0,0.0,2024-25,Playoffs
0042400172,1610612746,LA,Clippers,LAC,clippers,1642353,Cam,Christie,C. Christie,cam-christie,,DNP - Coach's Decision,,,0.0,0.0,0.0,0.0,0.0,0.0,0.0,0.0,0.0,0.0,0.0,0.0,0.0,0.0,0.0,0.0,0.0,0.0,0.0,0.0,0.0,0.0,2024-25,Playoffs
0042400172,1610612746,LA,Clippers,LAC,clippers,1629599,Amir,Coffey,A. Coffey,amir-coffey,,DNP - Coach's Decision,,,0.0,0.0,0.0,0.0,0.0,0.0,0.0,0.0,0.0,0.0,0.0,0.0,0.0,0.0,0.0,0.0,0.0,0.0,0.0,0.0,0.0,0.0,2024-25,Playoffs
0042400172,1610612746,LA,Clippers,LAC,clippers,1629234,Drew,Eubanks,D. Eubanks,drew-eubanks,,DNP - Coach's Decision,,,0.0,0.0,0.0,0.0,0.0,0.0,0.0,0.0,0.0,0.0,0.0,0.0,0.0,0.0,0.0,0.0,0.0,0.0,0.0,0.0,0.0,0.0,2024-25,Playoffs
0042400172,1610612746,LA,Clippers,LAC,clippers,1641757,Jordan,Miller,J. Miller,jordan-miller,,DNP - Coach's Decision,,,0.0,0.0,0.0,0.0,0.0,0.0,0.0,0.0,0.0,0.0,0.0,0.0,0.0,0.0,0.0,0.0,0.0,0.0,0.0,0.0,0.0,0.0,2024-25,Playoffs
0042400172,1610612746,LA,Clippers,LAC,clippers,201988,Patty,Mills,P. Mills,patty-mills,,DNP - Coach's Decision,,,0.0,0.0,0.0,0.0,0.0,0.0,0.0,0.0,0.0,0.0,0.0,0.0,0.0,0.0,0.0,0.0,0.0,0.0,0.0,0.0,0.0,0.0,2024-25,Playoffs
0042400172,1610612743,Denver,Nuggets,DEN,nuggets,1629008,Michael,Porter Jr.,M. Porter Jr.,michael-porter-jr,F,,,33:26,109.4,109.4,117.5,117.5,-8.1,-8.1,0.056,0.33,6.3,0.231,0.273,0.254,18.8,0.636,0.631,0.203,0.203,91.17,91.17,75.97,64.0,0.164,2024-25,Playoffs
0042400172,1610612743,Denver,Nuggets,DEN,nuggets,203932,Aaron,Gordon,A. Gordon,aaron-gordon,F,,,38:11,122.5,122.5,118.9,118.9,3.6,3.6,0.038,1.0,6.3,0.061,0.129,0.094,6.3,0.423,0.489,0.179,0.179,91.14,91.14,75.95,71.0,0.048,2024-25,Playoffs
0042400172,1610612743,Denver,Nuggets,DEN,nuggets,203999,Nikola,Jokić,N. Jokić,nikola-jokić,C,,,43:19,115.7,115.7,112.9,112.9,2.7,2.7,0.37,1.43,26.3,0.075,0.211,0.141,18.4,0.625,0.637,0.283,0.283,93.08,93.08,77.57,83.0,0.153,2024-25,Playoffs
0042400172,1610612743,Denver,Nuggets,DEN,nuggets,1631128,Christian,Braun,C. Braun,christian-braun,G,,,34:11,109.1,109.1,110.3,110.3,-1.2,-1.2,0.08,1.0,16.7,0.065,0.125,0.095,16.7,0.286,0.317,0.13,0.13,94.08,94.08,78.4,66.0,0.007,2024-25,Playoffs
0042400172,1610612743,Denver,Nuggets,DEN,nuggets,1627750,Jamal,Murray,J. Murray,jamal-murray,G,,,42:12,117.3,117.3,108.4,108.4,8.9,8.9,0.24,1.5,22.2,0.0,0.071,0.038,14.8,0.647,0.659,0.216,0.216,93.27,93.27,77.73,81.0,0.108,2024-25,Playoffs
0042400172,1610612743,Denver,Nuggets,DEN,nuggets,201566,Russell,Westbrook,R. Westbrook,russell-westbrook,,,,23:08,102.2,102.2,112.8,112.8,-10.5,-10.5,0.083,0.5,6.7,0.074,0.105,0.087,13.3,0.591,0.589,0.25,0.25,95.45,95.45,79.54,45.0,0.101,2024-25,Playoffs
0042400172,1610612743,Denver,Nuggets,DEN,nuggets,1631212,Peyton,Watson,P. Watson,peyton-watson,,,,13:32,96.6,96.6,96.4,96.4,0.1,0.1,0.1,0.0,25.0,0.0,0.25,0.129,0.0,0.5,0.521,0.086,0.086,101.08,101.08,84.24,29.0,0.139,2024-25,Playoffs
0042400172,1610612743,Denver,Nuggets,DEN,nuggets,1629618,Jalen,Pickett,J. Pickett,jalen-pickett,,,,7:20,66.7,66.7,81.3,81.3,-14.6,-14.6,0.333,1.0,25.0,0.0,0.0,0.0,25.0,0.5,0.5,0.188,0.188,101.45,101.45,84.55,15.0,0.0,2024-25,Playoffs
0042400172,1610612743,Denver,Nuggets,DEN,nuggets,201599,DeAndre,Jordan,D. Jordan,deandre-jordan,,,,4:41,66.7,66.7,100.0,100.0,-33.3,-33.3,0.0,0.0,0.0,0.0,0.125,0.083,0.0,0.0,0.0,0.0,0.0,92.24,92.24,76.87,9.0,0.111,2024-25,Playoffs
0042400172,1610612743,Denver,Nuggets,DEN,nuggets,1630192,Zeke,Nnaji,Z. Nnaji,zeke-nnaji,,DNP - Coach's Decision,,,0.0,0.0,0.0,0.0,0.0,0.0,0.0,0.0,0.0,0.0,0.0,0.0,0.0,0.0,0.0,0.0,0.0,0.0,0.0,0.0,0.0,0.0,2024-25,Playoffs
0042400172,1610612743,Denver,Nuggets,DEN,nuggets,203967,Dario,Saric,D. Saric,dario-saric,,DNP - Coach's Decision,,,0.0,0.0,0.0,0.0,0.0,0.0,0.0,0.0,0.0,0.0,0.0,0.0,0.0,0.0,0.0,0.0,0.0,0.0,0.0,0.0,0.0,0.0,2024-25,Playoffs
0042400172,1610612743,Denver,Nuggets,DEN,nuggets,1631124,Julian,Strawther,J. Strawther,julian-strawther,,DNP - Coach's Decision,,,0.0,0.0,0.0,0.0,0.0,0.0,0.0,0.0,0.0,0.0,0.0,0.0,0.0,0.0,0.0,0.0,0.0,0.0,0.0,0.0,0.0,0.0,2024-25,Playoffs
0042400172,1610612743,Denver,Nuggets,DEN,nuggets,1641816,Hunter,Tyson,H. Tyson,hunter-tyson,,DNP - Coach's Decision,,,0.0,0.0,0.0,0.0,0.0,0.0,0.0,0.0,0.0,0.0,0.0,0.0,0.0,0.0,0.0,0.0,0.0,0.0,0.0,0.0,0.0,0.0,2024-25,Playoffs
0042400172,1610612743,Denver,Nuggets,DEN,nuggets,1628427,Vlatko,Čančar,V. Čančar,vlatko-čančar,,DNP - Coach's Decision,,,0.0,0.0,0.0,0.0,0.0,0.0,0.0,0.0,0.0,0.0,0.0,0.0,0.0,0.0,0.0,0.0,0.0,0.0,0.0,0.0,0.0,0.0,2024-25,Playoffs
0042400173,1610612743,Denver,Nuggets,DEN,nuggets,1629008,Michael,Porter Jr.,M. Porter Jr.,michael-porter-jr,F,,,35:04,95.4,95.4,138.1,138.1,-42.7,-42.7,0.048,1.0,8.3,0.025,0.143,0.08,8.3,0.278,0.354,0.141,0.141,87.6,87.6,73.0,65.0,0.04,2024-25,Playoffs
0042400173,1610612743,Denver,Nuggets,DEN,nuggets,203932,Aaron,Gordon,A. Gordon,aaron-gordon,F,,,31:46,103.4,103.4,120.7,120.7,-17.2,-17.2,0.0,0.0,0.0,0.135,0.057,0.097,11.1,0.438,0.456,0.254,0.254,87.64,87.64,73.03,58.0,0.042,2024-25,Playoffs
0042400173,1610612743,Denver,Nuggets,DEN,nuggets,203999,Nikola,Jokić,N. Jokić,nikola-jokić,C,,,36:31,107.4,107.4,136.8,136.8,-29.4,-29.4,0.684,6.5,41.9,0.031,0.316,0.186,6.5,0.714,0.73,0.234,0.234,89.38,89.38,74.49,68.0,0.262,2024-25,Playoffs
0042400173,1610612743,Denver,Nuggets,DEN,nuggets,1631128,Christian,Braun,C. Braun,christian-braun,G,,,37:45,117.1,117.1,132.9,132.9,-15.7,-15.7,0.037,1.0,8.3,0.031,0.125,0.083,8.3,0.444,0.436,0.138,0.138,89.01,89.01,74.17,70.0,0.043,2024-25,Playoffs
0042400173,1610612743,Denver,Nuggets,DEN,nuggets,1627750,Jamal,Murray,J. Murray,jamal-murray,G,,,36:18,114.9,114.9,135.3,135.3,-20.4,-20.4,0.19,1.33,16.0,0.0,0.0,0.0,12.0,0.567,0.652,0.273,0.273,89.26,89.26,74.38,67.0,0.096,2024-25,Playoffs
0042400173,1610612743,Denver,Nuggets,DEN,nuggets,201566,Russell,Westbrook,R. Westbrook,russell-westbrook,,,,8:42,64.7,64.7,158.8,158.8,-94.1,-94.1,0.25,1.0,14.3,0.0,0.143,0.056,14.3,0.3,0.3,0.316,0.316,93.79,93.79,78.16,17.0,-0.027,2024-25,Playoffs
0042400173,1610612743,Denver,Nuggets,DEN,nuggets,1631212,Peyton,Watson,P. Watson,peyton-watson,,,,18:16,69.4,69.4,158.8,158.8,-89.4,-89.4,0.0,0.0,0.0,0.0,0.143,0.065,20.0,0.25,0.25,0.125,0.125,91.97,91.97,76.64,36.0,-0.047,2024-25,Playoffs
0042400173,1610612743,Denver,Nuggets,DEN,nuggets,1629618,Jalen,Pickett,J. Pickett,jalen-pickett,,,,10:45,13.6,13.6,130.0,130.0,-116.4,-116.4,0.0,0.0,0.0,0.0,0.0,0.0,66.7,0.0,0.0,0.111,0.111,93.77,93.77,78.14,22.0,-0.545,2024-25,Playoffs
0042400173,1610612743,Denver,Nuggets,DEN,nuggets,201599,DeAndre,Jordan,D. Jordan,deandre-jordan,,,,4:53,87.5,87.5,80.0,80.0,7.5,7.5,0.0,0.0,0.0,0.167,0.0,0.1,50.0,0.0,0.0,0.2,0.2,88.46,88.46,73.72,8.0,-2.25,2024-25,Playoffs
0042400173,1610612743,Denver,Nuggets,DEN,nuggets,1631124,Julian,Strawther,J. Strawther,julian-strawther,,,,10:52,59.1,59.1,81.0,81.0,-21.9,-21.9,0.0,0.0,0.0,0.1,0.0,0.048,0.0,0.0,0.0,0.04,0.04,94.97,94.97,79.14,22.0,-0.545,2024-25,Playoffs
0042400173,1610612743,Denver,Nuggets,DEN,nuggets,1641816,Hunter,Tyson,H. Tyson,hunter-tyson,,,,4:34,10.0,10.0,100.0,100.0,-90.0,-90.0,0.0,0.0,0.0,0.0,0.0,0.0,50.0,0.0,0.0,0.167,0.167,99.85,99.85,83.21,10.0,0.8,2024-25,Playoffs
0042400173,1610612743,Denver,Nuggets,DEN,nuggets,1630192,Zeke,Nnaji,Z. Nnaji,zeke-nnaji,,,,4:34,10.0,10.0,100.0,100.0,-90.0,-90.0,0.0,0.0,0.0,0.167,0.0,0.111,25.0,0.0,0.174,0.333,0.333,99.85,99.85,83.21,10.0,1.4,2024-25,Playoffs
0042400173,1610612743,Denver,Nuggets,DEN,nuggets,203967,Dario,Saric,D. Saric,dario-saric,,DNP - Coach's Decision,,,0.0,0.0,0.0,0.0,0.0,0.0,0.0,0.0,0.0,0.0,0.0,0.0,0.0,0.0,0.0,0.0,0.0,0.0,0.0,0.0,0.0,0.0,2024-25,Playoffs
0042400173,1610612743,Denver,Nuggets,DEN,nuggets,1628427,Vlatko,Čančar,V. Čančar,vlatko-čančar,,DNP - Coach's Decision,,,0.0,0.0,0.0,0.0,0.0,0.0,0.0,0.0,0.0,0.0,0.0,0.0,0.0,0.0,0.0,0.0,0.0,0.0,0.0,0.0,0.0,0.0,2024-25,Playoffs
0042400173,1610612746,LA,Clippers,LAC,clippers,1626181,Norman,Powell,N. Powell,norman-powell,F,,,28:58,134.0,134.0,105.5,105.5,28.5,28.5,0.167,0.0,18.8,0.0,0.042,0.019,0.0,0.708,0.751,0.206,0.206,89.48,89.48,74.57,53.0,0.143,2024-25,Playoffs
0042400173,1610612746,LA,Clippers,LAC,clippers,202695,Kawhi,Leonard,K. Leonard,kawhi-leonard,F,,,34:33,133.3,133.3,103.1,103.1,30.2,30.2,0.261,3.0,22.2,0.054,0.237,0.147,7.4,0.5,0.547,0.276,0.276,88.22,88.22,73.52,63.0,0.188,2024-25,Playoffs
0042400173,1610612746,LA,Clippers,LAC,clippers,1627826,Ivica,Zubac,I. Zubac,ivica-zubac,C,,,33:26,135.0,135.0,100.0,100.0,35.0,35.0,0.048,0.5,5.6,0.143,0.108,0.125,11.1,0.667,0.649,0.233,0.233,86.14,86.14,71.78,60.0,0.115,2024-25,Playoffs
0042400173,1610612746,LA,Clippers,LAC,clippers,1627739,Kris,Dunn,K. Dunn,kris-dunn,G,,,21:37,133.3,133.3,112.8,112.8,20.5,20.5,0.0,0.0,0.0,0.154,0.182,0.167,0.0,0.6,0.6,0.104,0.104,86.6,86.6,72.17,39.0,0.061,2024-25,Playoffs
0042400173,1610612746,LA,Clippers,LAC,clippers,201935,James,Harden,J. Harden,james-harden,G,,,33:49,143.5,143.5,101.6,101.6,42.0,42.0,0.375,9.0,34.6,0.063,0.129,0.095,3.8,0.536,0.601,0.233,0.233,88.71,88.71,73.93,62.0,0.167,2024-25,Playoffs
0042400173,1610612746,LA,Clippers,LAC,clippers,1627732,Ben,Simmons,B. Simmons,ben-simmons,,,,9:12,150.0,150.0,94.7,94.7,55.3,55.3,0.111,1.0,25.0,0.143,0.4,0.25,25.0,0.0,0.0,0.15,0.15,96.52,96.52,80.43,18.0,0.0,2024-25,Playoffs
0042400173,1610612746,LA,Clippers,LAC,clippers,201587,Nicolas,Batum,N. Batum,nicolas-batum,,,,26:42,139.6,139.6,86.3,86.3,53.3,53.3,0.1,0.0,25.0,0.0,0.179,0.096,0.0,1.0,1.0,0.103,0.103,88.99,88.99,74.16,48.0,0.192,2024-25,Playoffs
0042400173,1610612746,LA,Clippers,LAC,clippers,1627884,Derrick,Jones Jr.,D. Jones Jr.,derrick-jones-jr,,,,22:40,141.5,141.5,86.4,86.4,55.1,55.1,0.0,0.0,0.0,0.056,0.0,0.025,10.0,0.625,0.563,0.208,0.208,90.0,90.0,75.0,41.0,0.058,2024-25,Playoffs
0042400173,1610612746,LA,Clippers,LAC,clippers,203992,Bogdan,Bogdanović,B. Bogdanović,bogdan-bogdanović,,,,10:28,116.7,116.7,94.7,94.7,21.9,21.9,0.375,3.0,42.9,0.0,0.077,0.04,14.3,0.333,0.333,0.174,0.174,84.84,84.84,70.7,18.0,0.043,2024-25,Playoffs
0042400173,1610612746,LA,Clippers,LAC,clippers,1629234,Drew,Eubanks,D. Eubanks,drew-eubanks,,,,3:43,87.5,87.5,12.5,12.5,75.0,75.0,0.0,0.0,0.0,0.0,0.0,0.0,0.0,0.0,0.543,0.3,0.3,103.32,103.32,86.1,8.0,-0.222,2024-25,Playoffs
0042400173,1610612746,LA,Clippers,LAC,clippers,201988,Patty,Mills,P. Mills,patty-mills,,,,3:43,87.5,87.5,12.5,12.5,75.0,75.0,0.0,0.0,0.0,0.0,0.0,0.0,33.3,0.75,0.75,0.3,0.3,103.32,103.32,86.1,8.0,0.0,2024-25,Playoffs
0042400173,1610612746,LA,Clippers,LAC,clippers,1642353,Cam,Christie,C. Christie,cam-christie,,,,3:43,87.5,87.5,12.5,12.5,75.0,75.0,0.0,0.0,0.0,0.0,0.2,0.125,100.0,0.0,0.0,0.1,0.1,103.32,103.32,86.1,8.0,0.0,2024-25,Playoffs
0042400173,1610612746,LA,Clippers,LAC,clippers,1641757,Jordan,Miller,J. Miller,jordan-miller,,,,3:43,87.5,87.5,12.5,12.5,75.0,75.0,0.0,0.0,0.0,0.0,0.2,0.125,0.0,0.0,0.266,0.2,0.2,103.32,103.32,86.1,8.0,-0.222,2024-25,Playoffs
0042400173,1610612746,LA,Clippers,LAC,clippers,1641738,Kobe,Brown,K. Brown,kobe-brown,,,,3:43,87.5,87.5,12.5,12.5,75.0,75.0,1.0,0.0,100.0,0.0,0.2,0.125,0.0,0.0,0.0,0.0,0.0,103.32,103.32,86.1,8.0,-0.444,2024-25,Playoffs
0042400173,1610612746,LA,Clippers,LAC,clippers,1629599,Amir,Coffey,A. Coffey,amir-coffey,,DNP - Coach's Decision,,,0.0,0.0,0.0,0.0,0.0,0.0,0.0,0.0,0.0,0.0,0.0,0.0,0.0,0.0,0.0,0.0,0.0,0.0,0.0,0.0,0.0,0.0,2024-25,Playoffs
0042400174,1610612743,Denver,Nuggets,DEN,nuggets,1629008,Michael,Porter Jr.,M. Porter Jr.,michael-porter-jr,F,,,42:09,111.1,111.1,112.8,112.8,-1.7,-1.7,0.067,0.67,11.8,0.0,0.089,0.044,17.6,0.727,0.715,0.152,0.152,90.54,90.54,75.45,81.0,0.068,2024-25,Playoffs
0042400174,1610612743,Denver,Nuggets,DEN,nuggets,203932,Aaron,Gordon,A. Gordon,aaron-gordon,F,,,42:55,108.6,108.6,108.8,108.8,-0.1,-0.1,0.167,5.0,29.4,0.068,0.064,0.066,5.9,0.611,0.651,0.121,0.121,90.03,90.03,75.03,81.0,0.101,2024-25,Playoffs
0042400174,1610612743,Denver,Nuggets,DEN,nuggets,203999,Nikola,Jokić,N. Jokić,nikola-jokić,C,,,43:28,113.3,113.3,108.4,108.4,4.8,4.8,0.333,4.0,21.1,0.114,0.327,0.226,5.3,0.62,0.651,0.297,0.297,91.66,91.66,76.38,83.0,0.278,2024-25,Playoffs
0042400174,1610612743,Denver,Nuggets,DEN,nuggets,1631128,Christian,Braun,C. Braun,christian-braun,G,,,43:28,113.3,113.3,108.4,108.4,4.8,4.8,0.167,5.0,20.0,0.068,0.082,0.075,4.0,0.447,0.447,0.198,0.198,91.66,91.66,76.38,83.0,0.092,2024-25,Playoffs
0042400174,1610612743,Denver,Nuggets,DEN,nuggets,1627750,Jamal,Murray,J. Murray,jamal-murray,G,,,42:27,115.0,115.0,105.0,105.0,10.0,10.0,0.226,2.33,25.0,0.0,0.149,0.079,10.7,0.324,0.364,0.219,0.219,90.46,90.46,75.38,80.0,0.062,2024-25,Playoffs
0042400174,1610612743,Denver,Nuggets,DEN,nuggets,1629618,Jalen,Pickett,J. Pickett,jalen-pickett,,,,6:14,84.6,84.6,141.7,141.7,-57.1,-57.1,0.25,0.0,33.3,0.0,0.0,0.0,0.0,0.0,0.0,0.133,0.133,96.33,96.33,80.28,13.0,-0.085,2024-25,Playoffs
0042400174,1610612743,Denver,Nuggets,DEN,nuggets,1628427,Vlatko,Čančar,V. Čančar,vlatko-čančar,,,,2:02,0.0,0.0,125.0,125.0,-125.0,-125.0,0.0,0.0,0.0,0.0,0.0,0.0,100.0,0.0,0.0,0.2,0.2,94.27,94.27,78.56,4.0,-0.333,2024-25,Playoffs
0042400174,1610612743,Denver,Nuggets,DEN,nuggets,201599,DeAndre,Jordan,D. Jordan,deandre-jordan,,,,4:32,87.5,87.5,100.0,100.0,-12.5,-12.5,0.0,0.0,0.0,0.0,0.0,0.0,0.0,1.0,0.532,0.222,0.222,89.93,89.93,74.94,8.0,0.0,2024-25,Playoffs
0042400174,1610612743,Denver,Nuggets,DEN,nuggets,1631212,Peyton,Watson,P. Watson,peyton-watson,,,,12:45,116.0,116.0,92.6,92.6,23.4,23.4,0.0,0.0,0.0,0.091,0.071,0.08,25.0,0.333,0.333,0.143,0.143,97.87,97.87,81.56,25.0,0.029,2024-25,Playoffs
0042400174,1610612743,Denver,Nuggets,DEN,nuggets,1630192,Zeke,Nnaji,Z. Nnaji,zeke-nnaji,,DNP - Coach's Decision,,,0.0,0.0,0.0,0.0,0.0,0.0,0.0,0.0,0.0,0.0,0.0,0.0,0.0,0.0,0.0,0.0,0.0,0.0,0.0,0.0,0.0,0.0,2024-25,Playoffs
0042400174,1610612743,Denver,Nuggets,DEN,nuggets,203967,Dario,Saric,D. Saric,dario-saric,,DNP - Coach's Decision,,,0.0,0.0,0.0,0.0,0.0,0.0,0.0,0.0,0.0,0.0,0.0,0.0,0.0,0.0,0.0,0.0,0.0,0.0,0.0,0.0,0.0,0.0,2024-25,Playoffs
0042400174,1610612743,Denver,Nuggets,DEN,nuggets,1631124,Julian,Strawther,J. Strawther,julian-strawther,,DNP - Coach's Decision,,,0.0,0.0,0.0,0.0,0.0,0.0,0.0,0.0,0.0,0.0,0.0,0.0,0.0,0.0,0.0,0.0,0.0,0.0,0.0,0.0,0.0,0.0,2024-25,Playoffs
0042400174,1610612743,Denver,Nuggets,DEN,nuggets,1641816,Hunter,Tyson,H. Tyson,hunter-tyson,,DNP - Coach's Decision,,,0.0,0.0,0.0,0.0,0.0,0.0,0.0,0.0,0.0,0.0,0.0,0.0,0.0,0.0,0.0,0.0,0.0,0.0,0.0,0.0,0.0,0.0,2024-25,Playoffs
0042400174,1610612746,LA,Clippers,LAC,clippers,1626181,Norman,Powell,N. Powell,norman-powell,F,,,35:33,110.6,110.6,122.7,122.7,-12.1,-12.1,0.045,0.5,5.3,0.026,0.088,0.055,10.5,0.692,0.703,0.225,0.225,89.11,89.11,74.26,66.0,0.108,2024-25,Playoffs
0042400174,1610612746,LA,Clippers,LAC,clippers,202695,Kawhi,Leonard,K. Leonard,kawhi-leonard,F,,,39:56,106.8,106.8,109.5,109.5,-2.7,-2.7,0.087,1.0,7.4,0.023,0.186,0.105,7.4,0.5,0.515,0.294,0.294,88.95,88.95,74.12,74.0,0.123,2024-25,Playoffs
0042400174,1610612746,LA,Clippers,LAC,clippers,1627826,Ivica,Zubac,I. Zubac,ivica-zubac,C,,,41:08,110.1,110.1,110.3,110.3,-0.1,-0.1,0.231,0.0,30.0,0.133,0.136,0.135,0.0,0.643,0.658,0.152,0.152,91.61,91.61,76.34,79.0,0.182,2024-25,Playoffs
0042400174,1610612746,LA,Clippers,LAC,clippers,1627739,Kris,Dunn,K. Dunn,kris-dunn,G,,,20:46,89.7,89.7,120.5,120.5,-30.8,-30.8,0.077,0.0,10.0,0.154,0.087,0.122,0.0,0.167,0.167,0.188,0.188,90.12,90.12,75.1,39.0,-0.027,2024-25,Playoffs
0042400174,1610612746,LA,Clippers,LAC,clippers,201935,James,Harden,J. Harden,james-harden,G,,,42:52,111.1,111.1,114.6,114.6,-3.5,-3.5,0.367,2.75,39.3,0.0,0.091,0.044,14.3,0.5,0.55,0.177,0.177,91.26,91.26,76.05,81.0,0.106,2024-25,Playoffs
0042400174,1610612746,LA,Clippers,LAC,clippers,1627732,Ben,Simmons,B. Simmons,ben-simmons,,,,6:52,85.7,85.7,107.1,107.1,-21.4,-21.4,0.0,0.0,0.0,0.0,0.0,0.0,50.0,1.0,1.0,0.133,0.133,97.82,97.82,81.51,14.0,-0.125,2024-25,Playoffs
0042400174,1610612746,LA,Clippers,LAC,clippers,201587,Nicolas,Batum,N. Batum,nicolas-batum,,,,19:09,102.6,102.6,115.0,115.0,-12.4,-12.4,0.071,0.0,14.3,0.0,0.2,0.083,0.0,0.25,0.25,0.14,0.14,99.01,99.01,82.51,39.0,0.019,2024-25,Playoffs
0042400174,1610612746,LA,Clippers,LAC,clippers,1627884,Derrick,Jones Jr.,D. Jones Jr.,derrick-jones-jr,,,,14:34,103.3,103.3,96.7,96.7,6.7,6.7,0.125,0.0,16.7,0.0,0.067,0.032,0.0,0.4,0.4,0.161,0.161,98.86,98.86,82.38,30.0,0.057,2024-25,Playoffs
0042400174,1610612746,LA,Clippers,LAC,clippers,203992,Bogdan,Bogdanović,B. Bogdanović,bogdan-bogdanović,,,,19:10,137.1,137.1,70.3,70.3,66.9,66.9,0.118,0.0,22.2,0.063,0.136,0.105,0.0,0.5,0.5,0.179,0.179,90.19,90.19,75.16,35.0,0.091,2024-25,Playoffs
0042400174,1610612746,LA,Clippers,LAC,clippers,1641738,Kobe,Brown,K. Brown,kobe-brown,,DNP - Coach's Decision,,,0.0,0.0,0.0,0.0,0.0,0.0,0.0,0.0,0.0,0.0,0.0,0.0,0.0,0.0,0.0,0.0,0.0,0.0,0.0,0.0,0.0,0.0,2024-25,Playoffs
0042400174,1610612746,LA,Clippers,LAC,clippers,1642353,Cam,Christie,C. Christie,cam-christie,,DNP - Coach's Decision,,,0.0,0.0,0.0,0.0,0.0,0.0,0.0,0.0,0.0,0.0,0.0,0.0,0.0,0.0,0.0,0.0,0.0,0.0,0.0,0.0,0.0,0.0,2024-25,Playoffs
0042400174,1610612746,LA,Clippers,LAC,clippers,1629599,Amir,Coffey,A. Coffey,amir-coffey,,DNP - Coach's Decision,,,0.0,0.0,0.0,0.0,0.0,0.0,0.0,0.0,0.0,0.0,0.0,0.0,0.0,0.0,0.0,0.0,0.0,0.0,0.0,0.0,0.0,0.0,2024-25,Playoffs
0042400174,1610612746,LA,Clippers,LAC,clippers,1629234,Drew,Eubanks,D. Eubanks,drew-eubanks,,DNP - Coach's Decision,,,0.0,0.0,0.0,0.0,0.0,0.0,0.0,0.0,0.0,0.0,0.0,0.0,0.0,0.0,0.0,0.0,0.0,0.0,0.0,0.0,0.0,0.0,2024-25,Playoffs
0042400174,1610612746,LA,Clippers,LAC,clippers,1641757,Jordan,Miller,J. Miller,jordan-miller,,DNP - Coach's Decision,,,0.0,0.0,0.0,0.0,0.0,0.0,0.0,0.0,0.0,0.0,0.0,0.0,0.0,0.0,0.0,0.0,0.0,0.0,0.0,0.0,0.0,0.0,2024-25,Playoffs
0042400174,1610612746,LA,Clippers,LAC,clippers,201988,Patty,Mills,P. Mills,patty-mills,,DNP - Coach's Decision,,,0.0,0.0,0.0,0.0,0.0,0.0,0.0,0.0,0.0,0.0,0.0,0.0,0.0,0.0,0.0,0.0,0.0,0.0,0.0,0.0,0.0,0.0,2024-25,Playoffs
0042400175,1610612746,LA,Clippers,LAC,clippers,1626181,Norman,Powell,N. Powell,norman-powell,F,,,31:47,104.5,104.5,126.6,126.6,-22.0,-22.0,0.15,3.0,18.8,0.0,0.121,0.062,6.3,0.458,0.482,0.176,0.176,98.16,98.16,81.8,66.0,0.065,2024-25,Playoffs
0042400175,1610612746,LA,Clippers,LAC,clippers,202695,Kawhi,Leonard,K. Leonard,kawhi-leonard,F,,,37:21,138.0,138.0,147.9,147.9,-9.9,-9.9,0.367,11.0,36.7,0.074,0.233,0.158,3.3,0.567,0.553,0.244,0.244,91.27,91.27,76.05,71.0,0.131,2024-25,Playoffs
0042400175,1610612746,LA,Clippers,LAC,clippers,1627826,Ivica,Zubac,I. Zubac,ivica-zubac,C,,,36:50,131.4,131.4,155.1,155.1,-23.6,-23.6,0.042,1.0,4.8,0.115,0.071,0.093,4.8,0.733,0.729,0.26,0.26,90.57,90.57,75.48,70.0,0.113,2024-25,Playoffs
0042400175,1610612746,LA,Clippers,LAC,clippers,1627739,Kris,Dunn,K. Dunn,kris-dunn,G,,,25:04,125.0,125.0,138.3,138.3,-13.3,-13.3,0.125,0.0,22.2,0.0,0.0,0.0,0.0,1.071,1.071,0.137,0.137,90.99,90.99,75.82,48.0,0.126,2024-25,Playoffs
0042400175,1610612746,LA,Clippers,LAC,clippers,201935,James,Harden,J. Harden,james-harden,G,,,35:07,102.7,102.7,128.2,128.2,-25.4,-25.4,0.208,1.25,22.7,0.028,0.2,0.113,18.2,0.333,0.439,0.207,0.207,98.41,98.41,82.01,73.0,0.056,2024-25,Playoffs
0042400175,1610612746,LA,Clippers,LAC,clippers,201587,Nicolas,Batum,N. Batum,nicolas-batum,,,,21:22,131.0,131.0,144.2,144.2,-13.2,-13.2,0.095,2.0,40.0,0.087,0.25,0.154,20.0,0.0,0.0,0.059,0.059,95.51,95.51,79.59,42.0,0.026,2024-25,Playoffs
0042400175,1610612746,LA,Clippers,LAC,clippers,1627732,Ben,Simmons,B. Simmons,ben-simmons,,,,4:42,46.2,46.2,83.3,83.3,-37.2,-37.2,0.0,0.0,0.0,0.0,0.125,0.059,0.0,0.0,0.0,0.067,0.067,127.66,127.66,106.38,13.0,0.05,2024-25,Playoffs
0042400175,1610612746,LA,Clippers,LAC,clippers,1627884,Derrick,Jones Jr.,D. Jones Jr.,derrick-jones-jr,,,,14:06,100.0,100.0,130.0,130.0,-30.0,-30.0,0.0,0.0,0.0,0.053,0.0,0.033,0.0,0.583,0.583,0.162,0.162,100.48,100.48,83.74,29.0,0.075,2024-25,Playoffs
0042400175,1610612746,LA,Clippers,LAC,clippers,203992,Bogdan,Bogdanović,B. Bogdanović,bogdan-bogdanović,,,,23:23,122.9,122.9,145.7,145.7,-22.7,-22.7,0.294,2.5,25.0,0.04,0.125,0.073,10.0,0.636,0.705,0.268,0.268,96.48,96.48,80.4,48.0,0.1,2024-25,Playoffs
0042400175,1610612746,LA,Clippers,LAC,clippers,1642353,Cam,Christie,C. Christie,cam-christie,,,,2:35,133.3,133.3,140.0,140.0,-6.7,-6.7,0.0,0.0,0.0,0.0,0.0,0.0,0.0,0.0,0.0,0.0,0.0,102.19,102.19,85.16,6.0,0.071,2024-25,Playoffs
0042400175,1610612746,LA,Clippers,LAC,clippers,1629234,Drew,Eubanks,D. Eubanks,drew-eubanks,,,,2:35,133.3,133.3,140.0,140.0,-6.7,-6.7,0.0,0.0,0.0,0.0,1.0,0.25,0.0,0.0,0.0,0.0,0.0,102.19,102.19,85.16,6.0,0.0,2024-25,Playoffs
0042400175,1610612746,LA,Clippers,LAC,clippers,1641757,Jordan,Miller,J. Miller,jordan-miller,,,,2:35,133.3,133.3,140.0,140.0,-6.7,-6.7,0.0,0.0,0.0,0.0,0.0,0.0,0.0,0.333,0.333,0.429,0.429,102.19,102.19,85.16,6.0,0.0,2024-25,Playoffs
0042400175,1610612746,LA,Clippers,LAC,clippers,1641738,Kobe,Brown,K. Brown,kobe-brown,,,,2:35,133.3,133.3,140.0,140.0,-6.7,-6.7,0.0,0.0,0.0,0.0,0.0,0.0,0.0,1.5,1.5,0.143,0.143,102.19,102.19,85.16,6.0,0.214,2024-25,Playoffs
0042400175,1610612746,LA,Clippers,LAC,clippers,1629599,Amir,Coffey,A. Coffey,amir-coffey,,DNP - Coach's Decision,,,0.0,0.0,0.0,0.0,0.0,0.0,0.0,0.0,0.0,0.0,0.0,0.0,0.0,0.0,0.0,0.0,0.0,0.0,0.0,0.0,0.0,0.0,2024-25,Playoffs
0042400175,1610612746,LA,Clippers,LAC,clippers,201988,Patty,Mills,P. Mills,patty-mills,,DNP - Coach's Decision,,,0.0,0.0,0.0,0.0,0.0,0.0,0.0,0.0,0.0,0.0,0.0,0.0,0.0,0.0,0.0,0.0,0.0,0.0,0.0,0.0,0.0,0.0,2024-25,Playoffs
0042400175,1610612743,Denver,Nuggets,DEN,nuggets,1629008,Michael,Porter Jr.,M. Porter Jr.,michael-porter-jr,F,,,37:14,160.3,160.3,115.3,115.3,45.0,45.0,0.026,0.0,9.1,0.0,0.067,0.034,0.0,0.65,0.67,0.122,0.122,93.46,93.46,77.89,73.0,0.043,2024-25,Playoffs
0042400175,1610612743,Denver,Nuggets,DEN,nuggets,203932,Aaron,Gordon,A. Gordon,aaron-gordon,F,,,36:38,143.7,143.7,127.1,127.1,16.5,16.5,0.067,2.0,11.1,0.069,0.065,0.067,5.6,0.682,0.769,0.2,0.2,92.37,92.37,76.98,71.0,0.095,2024-25,Playoffs
0042400175,1610612743,Denver,Nuggets,DEN,nuggets,203999,Nikola,Jokić,N. Jokić,nikola-jokić,C,,,36:34,130.1,130.1,105.5,105.5,24.7,24.7,0.4,6.0,41.4,0.027,0.243,0.135,6.9,0.346,0.428,0.202,0.202,95.82,95.82,79.85,73.0,0.147,2024-25,Playoffs
0042400175,1610612743,Denver,Nuggets,DEN,nuggets,1631128,Christian,Braun,C. Braun,christian-braun,G,,,36:34,130.1,130.1,105.5,105.5,24.7,24.7,0.103,0.0,25.0,0.108,0.216,0.162,0.0,0.688,0.619,0.107,0.107,95.82,95.82,79.85,73.0,0.107,2024-25,Playoffs
0042400175,1610612743,Denver,Nuggets,DEN,nuggets,1627750,Jamal,Murray,J. Murray,jamal-murray,G,,,40:02,144.9,144.9,121.5,121.5,23.4,23.4,0.28,7.0,20.6,0.0,0.128,0.068,2.9,0.808,0.813,0.307,0.307,94.12,94.12,78.43,78.0,0.231,2024-25,Playoffs
0042400175,1610612743,Denver,Nuggets,DEN,nuggets,201566,Russell,Westbrook,R. Westbrook,russell-westbrook,,,,25:19,121.6,121.6,126.9,126.9,-5.4,-5.4,0.067,0.25,5.0,0.0,0.037,0.02,20.0,0.633,0.661,0.345,0.345,97.64,97.64,81.37,51.0,0.071,2024-25,Playoffs
0042400175,1610612743,Denver,Nuggets,DEN,nuggets,1631212,Peyton,Watson,P. Watson,peyton-watson,,,,8:29,105.6,105.6,85.0,85.0,20.6,20.6,0.143,0.0,33.3,0.1,0.083,0.091,0.0,0.5,0.5,0.105,0.105,107.53,107.53,89.61,18.0,0.127,2024-25,Playoffs
0042400175,1610612743,Denver,Nuggets,DEN,nuggets,201599,DeAndre,Jordan,D. Jordan,deandre-jordan,,,,9:30,168.4,168.4,166.7,166.7,1.8,1.8,0.154,0.0,100.0,0.0,0.286,0.2,0.0,0.0,0.0,0.0,0.0,93.47,93.47,77.89,19.0,0.037,2024-25,Playoffs
0042400175,1610612743,Denver,Nuggets,DEN,nuggets,1628427,Vlatko,Čančar,V. Čančar,vlatko-čančar,,,,1:56,100.0,100.0,200.0,200.0,-100.0,-100.0,0.0,0.0,0.0,0.0,0.0,0.0,0.0,0.0,0.0,0.0,0.0,99.31,99.31,82.76,4.0,0.0,2024-25,Playoffs
0042400175,1610612743,Denver,Nuggets,DEN,nuggets,1629618,Jalen,Pickett,J. Pickett,jalen-pickett,,,,1:56,100.0,100.0,200.0,200.0,-100.0,-100.0,0.0,0.0,0.0,0.0,0.0,0.0,100.0,0.0,0.0,0.25,0.25,99.31,99.31,82.76,4.0,-0.095,2024-25,Playoffs
0042400175,1610612743,Denver,Nuggets,DEN,nuggets,1631124,Julian,Strawther,J. Strawther,julian-strawther,,,,1:56,100.0,100.0,200.0,200.0,-100.0,-100.0,0.0,0.0,0.0,0.0,0.0,0.0,0.0,0.0,0.0,0.0,0.0,99.31,99.31,82.76,4.0,0.0,2024-25,Playoffs
0042400175,1610612743,Denver,Nuggets,DEN,nuggets,1630192,Zeke,Nnaji,Z. Nnaji,zeke-nnaji,,,,1:56,100.0,100.0,200.0,200.0,-100.0,-100.0,0.0,0.0,0.0,0.0,0.0,0.0,0.0,0.0,0.758,0.25,0.25,99.31,99.31,82.76,4.0,0.143,2024-25,Playoffs
0042400175,1610612743,Denver,Nuggets,DEN,nuggets,1641816,Hunter,Tyson,H. Tyson,hunter-tyson,,,,1:56,100.0,100.0,200.0,200.0,-100.0,-100.0,0.0,0.0,0.0,0.0,0.0,0.0,0.0,1.0,1.0,0.25,0.25,99.31,99.31,82.76,4.0,0.19,2024-25,Playoffs
0042400175,1610612743,Denver,Nuggets,DEN,nuggets,203967,Dario,Saric,D. Saric,dario-saric,,DNP - Coach's Decision,,,0.0,0.0,0.0,0.0,0.0,0.0,0.0,0.0,0.0,0.0,0.0,0.0,0.0,0.0,0.0,0.0,0.0,0.0,0.0,0.0,0.0,0.0,2024-25,Playoffs
0042400176,1610612743,Denver,Nuggets,DEN,nuggets,1629008,Michael,Porter Jr.,M. Porter Jr.,michael-porter-jr,F,,,24:24,85.4,85.4,135.4,135.4,-50.0,-50.0,0.0,0.0,0.0,0.0,0.143,0.073,0.0,0.5,0.46,0.1,0.1,94.43,94.43,78.69,48.0,0.065,2024-25,Playoffs
0042400176,1610612743,Denver,Nuggets,DEN,nuggets,203932,Aaron,Gordon,A. Gordon,aaron-gordon,F,,,40:50,118.2,118.2,120.8,120.8,-2.6,-2.6,0.034,0.5,5.3,0.118,0.027,0.07,10.5,0.594,0.594,0.207,0.207,90.5,90.5,75.42,77.0,0.079,2024-25,Playoffs
0042400176,1610612743,Denver,Nuggets,DEN,nuggets,203999,Nikola,Jokić,N. Jokić,nikola-jokić,C,,,41:36,123.7,123.7,122.4,122.4,1.3,1.3,0.286,2.0,22.9,0.027,0.154,0.092,11.4,0.545,0.546,0.307,0.307,87.68,87.68,73.07,76.0,0.123,2024-25,Playoffs
0042400176,1610612743,Denver,Nuggets,DEN,nuggets,1631128,Christian,Braun,C. Braun,christian-braun,G,,,40:19,125.7,125.7,120.3,120.3,5.4,5.4,0.029,0.0,11.1,0.029,0.053,0.041,0.0,0.857,0.888,0.093,0.093,88.09,88.09,73.41,74.0,0.061,2024-25,Playoffs
0042400176,1610612743,Denver,Nuggets,DEN,nuggets,1627750,Jamal,Murray,J. Murray,jamal-murray,G,,,44:28,122.0,122.0,121.0,121.0,1.0,1.0,0.242,2.67,26.7,0.0,0.195,0.1,10.0,0.526,0.54,0.229,0.229,87.99,87.99,73.32,82.0,0.123,2024-25,Playoffs
0042400176,1610612743,Denver,Nuggets,DEN,nuggets,201566,Russell,Westbrook,R. Westbrook,russell-westbrook,,,,34:43,122.7,122.7,124.6,124.6,-1.9,-1.9,0.214,3.0,31.6,0.063,0.235,0.152,10.5,0.6,0.618,0.163,0.163,90.57,90.57,75.48,66.0,0.12,2024-25,Playoffs
0042400176,1610612743,Denver,Nuggets,DEN,nuggets,1631212,Peyton,Watson,P. Watson,peyton-watson,,,,10:42,121.1,121.1,133.3,133.3,-12.3,-12.3,0.0,0.0,0.0,0.182,0.0,0.087,0.0,0.7,0.7,0.208,0.208,89.78,89.78,74.81,19.0,0.148,2024-25,Playoffs
0042400176,1610612743,Denver,Nuggets,DEN,nuggets,201599,DeAndre,Jordan,D. Jordan,deandre-jordan,,,,2:58,28.6,28.6,133.3,133.3,-104.8,-104.8,0.0,0.0,0.0,0.0,0.333,0.2,100.0,0.0,0.0,0.125,0.125,105.17,105.17,87.64,7.0,-0.8,2024-25,Playoffs
0042400176,1610612743,Denver,Nuggets,DEN,nuggets,1630192,Zeke,Nnaji,Z. Nnaji,zeke-nnaji,,DNP - Coach's Decision,,,0.0,0.0,0.0,0.0,0.0,0.0,0.0,0.0,0.0,0.0,0.0,0.0,0.0,0.0,0.0,0.0,0.0,0.0,0.0,0.0,0.0,0.0,2024-25,Playoffs
0042400176,1610612743,Denver,Nuggets,DEN,nuggets,1629618,Jalen,Pickett,J. Pickett,jalen-pickett,,DNP - Coach's Decision,,,0.0,0.0,0.0,0.0,0.0,0.0,0.0,0.0,0.0,0.0,0.0,0.0,0.0,0.0,0.0,0.0,0.0,0.0,0.0,0.0,0.0,0.0,2024-25,Playoffs
0042400176,1610612743,Denver,Nuggets,DEN,nuggets,203967,Dario,Saric,D. Saric,dario-saric,,DNP - Coach's Decision,,,0.0,0.0,0.0,0.0,0.0,0.0,0.0,0.0,0.0,0.0,0.0,0.0,0.0,0.0,0.0,0.0,0.0,0.0,0.0,0.0,0.0,0.0,2024-25,Playoffs
0042400176,1610612743,Denver,Nuggets,DEN,nuggets,1631124,Julian,Strawther,J. Strawther,julian-strawther,,DNP - Coach's Decision,,,0.0,0.0,0.0,0.0,0.0,0.0,0.0,0.0,0.0,0.0,0.0,0.0,0.0,0.0,0.0,0.0,0.0,0.0,0.0,0.0,0.0,0.0,2024-25,Playoffs
0042400176,1610612743,Denver,Nuggets,DEN,nuggets,1641816,Hunter,Tyson,H. Tyson,hunter-tyson,,DNP - Coach's Decision,,,0.0,0.0,0.0,0.0,0.0,0.0,0.0,0.0,0.0,0.0,0.0,0.0,0.0,0.0,0.0,0.0,0.0,0.0,0.0,0.0,0.0,0.0,2024-25,Playoffs
0042400176,1610612743,Denver,Nuggets,DEN,nuggets,1628427,Vlatko,Čančar,V. Čančar,vlatko-čančar,,DNP - Coach's Decision,,,0.0,0.0,0.0,0.0,0.0,0.0,0.0,0.0,0.0,0.0,0.0,0.0,0.0,0.0,0.0,0.0,0.0,0.0,0.0,0.0,0.0,0.0,2024-25,Playoffs
0042400176,1610612746,LA,Clippers,LAC,clippers,1626181,Norman,Powell,N. Powell,norman-powell,F,,,38:56,124.3,124.3,124.7,124.7,-0.3,-0.3,0.037,1.0,5.3,0.0,0.094,0.045,5.3,0.667,0.716,0.214,0.214,90.62,90.62,75.51,74.0,0.12,2024-25,Playoffs
0042400176,1610612746,LA,Clippers,LAC,clippers,202695,Kawhi,Leonard,K. Leonard,kawhi-leonard,F,,,39:27,122.7,122.7,108.3,108.3,14.3,14.3,0.208,5.0,16.7,0.105,0.167,0.135,3.3,0.545,0.568,0.291,0.291,89.43,89.43,74.52,75.0,0.167,2024-25,Playoffs
0042400176,1610612746,LA,Clippers,LAC,clippers,1627826,Ivica,Zubac,I. Zubac,ivica-zubac,C,,,33:06,123.3,123.3,130.5,130.5,-7.2,-7.2,0.0,0.0,0.0,0.069,0.138,0.103,14.3,0.833,0.833,0.1,0.1,86.3,86.3,71.92,60.0,0.083,2024-25,Playoffs
0042400176,1610612746,LA,Clippers,LAC,clippers,1627739,Kris,Dunn,K. Dunn,kris-dunn,G,,,10:14,105.0,105.0,130.0,130.0,-25.0,-25.0,0.222,0.0,33.3,0.0,0.0,0.0,0.0,0.25,0.25,0.182,0.182,93.81,93.81,78.18,20.0,0.0,2024-25,Playoffs
0042400176,1610612746,LA,Clippers,LAC,clippers,201935,James,Harden,J. Harden,james-harden,G,,,46:35,123.3,123.3,120.9,120.9,2.3,2.3,0.258,2.0,23.5,0.023,0.125,0.072,11.8,0.575,0.631,0.265,0.265,88.62,88.62,73.85,86.0,0.13,2024-25,Playoffs
0042400176,1610612746,LA,Clippers,LAC,clippers,201587,Nicolas,Batum,N. Batum,nicolas-batum,,,,34:22,128.6,128.6,111.1,111.1,17.5,17.5,0.222,0.0,54.5,0.0,0.147,0.075,0.0,0.6,0.6,0.068,0.068,87.99,87.99,73.33,63.0,0.101,2024-25,Playoffs
0042400176,1610612746,LA,Clippers,LAC,clippers,203992,Bogdan,Bogdanović,B. Bogdanović,bogdan-bogdanović,,,,19:28,125.6,125.6,107.9,107.9,17.7,17.7,0.0,0.0,0.0,0.1,0.063,0.083,0.0,0.417,0.436,0.152,0.152,94.96,94.96,79.14,39.0,0.0,2024-25,Playoffs
0042400176,1610612746,LA,Clippers,LAC,clippers,1627884,Derrick,Jones Jr.,D. Jones Jr.,derrick-jones-jr,,,,17:53,114.3,114.3,118.8,118.8,-4.5,-4.5,0.077,0.0,11.1,0.0,0.111,0.056,0.0,0.5,0.5,0.19,0.19,89.93,89.93,74.94,35.0,0.084,2024-25,Playoffs
0042400176,1610612746,LA,Clippers,LAC,clippers,1641738,Kobe,Brown,K. Brown,kobe-brown,,DNP - Coach's Decision,,,0.0,0.0,0.0,0.0,0.0,0.0,0.0,0.0,0.0,0.0,0.0,0.0,0.0,0.0,0.0,0.0,0.0,0.0,0.0,0.0,0.0,0.0,2024-25,Playoffs
0042400176,1610612746,LA,Clippers,LAC,clippers,1642353,Cam,Christie,C. Christie,cam-christie,,DNP - Coach's Decision,,,0.0,0.0,0.0,0.0,0.0,0.0,0.0,0.0,0.0,0.0,0.0,0.0,0.0,0.0,0.0,0.0,0.0,0.0,0.0,0.0,0.0,0.0,2024-25,Playoffs
0042400176,1610612746,LA,Clippers,LAC,clippers,1629599,Amir,Coffey,A. Coffey,amir-coffey,,DNP - Coach's Decision,,,0.0,0.0,0.0,0.0,0.0,0.0,0.0,0.0,0.0,0.0,0.0,0.0,0.0,0.0,0.0,0.0,0.0,0.0,0.0,0.0,0.0,0.0,2024-25,Playoffs
0042400176,1610612746,LA,Clippers,LAC,clippers,1629234,Drew,Eubanks,D. Eubanks,drew-eubanks,,DNP - Coach's Decision,,,0.0,0.0,0.0,0.0,0.0,0.0,0.0,0.0,0.0,0.0,0.0,0.0,0.0,0.0,0.0,0.0,0.0,0.0,0.0,0.0,0.0,0.0,2024-25,Playoffs
0042400176,1610612746,LA,Clippers,LAC,clippers,1641757,Jordan,Miller,J. Miller,jordan-miller,,DNP - Coach's Decision,,,0.0,0.0,0.0,0.0,0.0,0.0,0.0,0.0,0.0,0.0,0.0,0.0,0.0,0.0,0.0,0.0,0.0,0.0,0.0,0.0,0.0,0.0,2024-25,Playoffs
0042400176,1610612746,LA,Clippers,LAC,clippers,201988,Patty,Mills,P. Mills,patty-mills,,DNP - Coach's Decision,,,0.0,0.0,0.0,0.0,0.0,0.0,0.0,0.0,0.0,0.0,0.0,0.0,0.0,0.0,0.0,0.0,0.0,0.0,0.0,0.0,0.0,0.0,2024-25,Playoffs
0042400176,1610612746,LA,Clippers,LAC,clippers,1627732,Ben,Simmons,B. Simmons,ben-simmons,,DNP - Coach's Decision,,,0.0,0.0,0.0,0.0,0.0,0.0,0.0,0.0,0.0,0.0,0.0,0.0,0.0,0.0,0.0,0.0,0.0,0.0,0.0,0.0,0.0,0.0,2024-25,Playoffs
0042400177,1610612746,LA,Clippers,LAC,clippers,202695,Kawhi,Leonard,K. Leonard,kawhi-leonard,F,,,33:14,86.6,86.6,140.0,140.0,-53.4,-53.4,0.125,2.0,10.0,0.028,0.125,0.074,5.0,0.538,0.649,0.243,0.243,95.35,95.35,79.46,67.0,0.125,2024-25,Playoffs
0042400177,1610612746,LA,Clippers,LAC,clippers,1627884,Derrick,Jones Jr.,D. Jones Jr.,derrick-jones-jr,F,,,16:35,85.3,85.3,114.3,114.3,-29.0,-29.0,0.0,0.0,0.0,0.045,0.059,0.051,7.7,0.55,0.51,0.317,0.317,99.86,99.86,83.22,34.0,0.124,2024-25,Playoffs
0042400177,1610612746,LA,Clippers,LAC,clippers,1627826,Ivica,Zubac,I. Zubac,ivica-zubac,C,,,31:50,98.5,98.5,125.8,125.8,-27.3,-27.3,0.095,0.67,12.5,0.071,0.364,0.23,18.8,0.5,0.46,0.194,0.194,100.3,100.3,83.58,67.0,0.086,2024-25,Playoffs
0042400177,1610612746,LA,Clippers,LAC,clippers,1626181,Norman,Powell,N. Powell,norman-powell,G,,,32:20,85.3,85.3,134.8,134.8,-49.6,-49.6,0.111,0.67,12.5,0.0,0.061,0.031,18.8,0.364,0.393,0.194,0.194,99.46,99.46,82.89,68.0,0.003,2024-25,Playoffs
0042400177,1610612746,LA,Clippers,LAC,clippers,201935,James,Harden,J. Harden,james-harden,G,,,35:27,93.0,93.0,131.9,131.9,-39.0,-39.0,0.565,6.5,54.2,0.0,0.135,0.067,8.3,0.313,0.394,0.138,0.138,96.81,96.81,80.68,71.0,0.125,2024-25,Playoffs
0042400177,1610612746,LA,Clippers,LAC,clippers,201587,Nicolas,Batum,N. Batum,nicolas-batum,,,,28:09,91.1,91.1,144.4,144.4,-53.4,-53.4,0.118,0.0,40.0,0.0,0.077,0.038,0.0,0.5,0.5,0.049,0.049,93.78,93.78,78.15,56.0,0.041,2024-25,Playoffs
0042400177,1610612746,LA,Clippers,LAC,clippers,203992,Bogdan,Bogdanović,B. Bogdanović,bogdan-bogdanović,,,,17:42,84.2,84.2,102.8,102.8,-18.6,-18.6,0.167,0.33,7.7,0.05,0.1,0.075,23.1,0.611,0.636,0.267,0.267,100.39,100.39,83.66,38.0,0.103,2024-25,Playoffs
0042400177,1610612746,LA,Clippers,LAC,clippers,1627739,Kris,Dunn,K. Dunn,kris-dunn,,,,16:07,126.5,126.5,88.6,88.6,37.9,37.9,0.063,1.0,16.7,0.0,0.067,0.034,16.7,0.375,0.375,0.132,0.132,102.8,102.8,85.67,34.0,0.029,2024-25,Playoffs
0042400177,1610612746,LA,Clippers,LAC,clippers,1641738,Kobe,Brown,K. Brown,kobe-brown,,,,8:13,176.5,176.5,94.4,94.4,82.0,82.0,0.5,0.0,30.0,0.0,0.0,0.0,0.0,0.857,0.874,0.368,0.368,102.23,102.23,85.19,17.0,0.319,2024-25,Playoffs
0042400177,1610612746,LA,Clippers,LAC,clippers,1641757,Jordan,Miller,J. Miller,jordan-miller,,,,6:53,171.4,171.4,92.9,92.9,78.6,78.6,0.5,0.0,57.1,0.0,0.2,0.1,0.0,0.667,0.667,0.188,0.188,97.63,97.63,81.36,14.0,0.286,2024-25,Playoffs
0042400177,1610612746,LA,Clippers,LAC,clippers,1629234,Drew,Eubanks,D. Eubanks,drew-eubanks,,,,6:53,171.4,171.4,92.9,92.9,78.6,78.6,0.0,0.0,0.0,0.0,0.0,0.0,0.0,0.0,0.266,0.125,0.125,97.63,97.63,81.36,14.0,-0.057,2024-25,Playoffs
0042400177,1610612746,LA,Clippers,LAC,clippers,1642353,Cam,Christie,C. Christie,cam-christie,,,,6:39,171.4,171.4,92.9,92.9,78.6,78.6,0.0,0.0,0.0,0.0,0.2,0.111,0.0,0.833,0.833,0.2,0.2,101.05,101.05,84.21,14.0,0.135,2024-25,Playoffs
0042400177,1610612746,LA,Clippers,LAC,clippers,1629599,Amir,Coffey,A. Coffey,amir-coffey,,DNP - Coach's Decision,,,0.0,0.0,0.0,0.0,0.0,0.0,0.0,0.0,0.0,0.0,0.0,0.0,0.0,0.0,0.0,0.0,0.0,0.0,0.0,0.0,0.0,0.0,2024-25,Playoffs
0042400177,1610612746,LA,Clippers,LAC,clippers,201988,Patty,Mills,P. Mills,patty-mills,,DNP - Coach's Decision,,,0.0,0.0,0.0,0.0,0.0,0.0,0.0,0.0,0.0,0.0,0.0,0.0,0.0,0.0,0.0,0.0,0.0,0.0,0.0,0.0,0.0,0.0,2024-25,Playoffs
0042400177,1610612746,LA,Clippers,LAC,clippers,1627732,Ben,Simmons,B. Simmons,ben-simmons,,DNP - Coach's Decision,,,0.0,0.0,0.0,0.0,0.0,0.0,0.0,0.0,0.0,0.0,0.0,0.0,0.0,0.0,0.0,0.0,0.0,0.0,0.0,0.0,0.0,0.0,2024-25,Playoffs
0042400177,1610612743,Denver,Nuggets,DEN,nuggets,1629008,Michael,Porter Jr.,M. Porter Jr.,michael-porter-jr,F,,,29:49,141.0,141.0,90.2,90.2,50.8,50.8,0.0,0.0,0.0,0.0,0.222,0.105,0.0,0.682,0.682,0.155,0.155,98.23,98.23,81.86,61.0,0.098,2024-25,Playoffs
0042400177,1610612743,Denver,Nuggets,DEN,nuggets,203932,Aaron,Gordon,A. Gordon,aaron-gordon,F,,,35:42,127.4,127.4,95.9,95.9,31.5,31.5,0.192,5.0,20.8,0.065,0.054,0.059,4.2,0.563,0.619,0.238,0.238,98.17,98.17,81.81,73.0,0.118,2024-25,Playoffs
0042400177,1610612743,Denver,Nuggets,DEN,nuggets,203999,Nikola,Jokić,N. Jokić,nikola-jokić,C,,,32:27,124.6,124.6,102.9,102.9,21.7,21.7,0.32,1.6,28.6,0.0,0.303,0.154,17.9,0.464,0.508,0.256,0.256,101.33,101.33,84.44,69.0,0.123,2024-25,Playoffs
0042400177,1610612743,Denver,Nuggets,DEN,nuggets,1631128,Christian,Braun,C. Braun,christian-braun,G,,,38:10,119.8,119.8,107.5,107.5,12.3,12.3,0.138,0.0,19.0,0.086,0.051,0.068,0.0,0.633,0.626,0.189,0.189,101.24,101.24,84.37,81.0,0.11,2024-25,Playoffs
0042400177,1610612743,Denver,Nuggets,DEN,nuggets,1627750,Jamal,Murray,J. Murray,jamal-murray,G,,,41:31,119.0,119.0,97.6,97.6,21.5,21.5,0.063,0.5,9.1,0.0,0.114,0.062,18.2,0.467,0.49,0.211,0.211,96.54,96.54,80.45,84.0,0.051,2024-25,Playoffs
0042400177,1610612743,Denver,Nuggets,DEN,nuggets,1631212,Peyton,Watson,P. Watson,peyton-watson,,,,17:25,102.7,102.7,113.2,113.2,-10.5,-10.5,0.0,0.0,0.0,0.053,0.176,0.111,0.0,1.125,1.125,0.087,0.087,103.35,103.35,86.12,37.0,0.159,2024-25,Playoffs
0042400177,1610612743,Denver,Nuggets,DEN,nuggets,201566,Russell,Westbrook,R. Westbrook,russell-westbrook,,,,27:21,117.9,117.9,105.3,105.3,12.6,12.6,0.238,2.5,26.3,0.103,0.077,0.091,10.5,0.667,0.687,0.212,0.212,99.16,99.16,82.63,56.0,0.159,2024-25,Playoffs
0042400177,1610612743,Denver,Nuggets,DEN,nuggets,201599,DeAndre,Jordan,D. Jordan,deandre-jordan,,,,6:54,93.3,93.3,93.3,93.3,0.0,0.0,0.0,0.0,0.0,0.0,0.667,0.286,0.0,1.0,1.0,0.056,0.056,104.35,104.35,86.96,15.0,0.185,2024-25,Playoffs
0042400177,1610612743,Denver,Nuggets,DEN,nuggets,1629618,Jalen,Pickett,J. Pickett,jalen-pickett,,,,3:21,83.3,83.3,166.7,166.7,-83.3,-83.3,0.0,0.0,0.0,0.0,0.5,0.167,0.0,0.0,0.0,0.111,0.111,85.97,85.97,71.64,6.0,0.0,2024-25,Playoffs
0042400177,1610612743,Denver,Nuggets,DEN,nuggets,1631124,Julian,Strawther,J. Strawther,julian-strawther,,,,3:21,83.3,83.3,166.7,166.7,-83.3,-83.3,0.0,0.0,0.0,0.0,0.0,0.0,0.0,0.5,0.5,0.333,0.333,85.97,85.97,71.64,6.0,0.0,2024-25,Playoffs
0042400177,1610612743,Denver,Nuggets,DEN,nuggets,1630192,Zeke,Nnaji,Z. Nnaji,zeke-nnaji,,,,2:00,166.7,166.7,150.0,150.0,16.7,16.7,0.0,0.0,0.0,0.333,0.0,0.25,0.0,0.0,0.0,0.0,0.0,60.0,60.0,50.0,3.0,0.063,2024-25,Playoffs
0042400177,1610612743,Denver,Nuggets,DEN,nuggets,1641816,Hunter,Tyson,H. Tyson,hunter-tyson,,,,2:00,166.7,166.7,150.0,150.0,16.7,16.7,0.0,0.0,0.0,0.333,0.0,0.25,0.0,0.0,0.0,0.167,0.167,60.0,60.0,50.0,3.0,-0.063,2024-25,Playoffs
0042400177,1610612743,Denver,Nuggets,DEN,nuggets,203967,Dario,Saric,D. Saric,dario-saric,,DNP - Coach's Decision,,,0.0,0.0,0.0,0.0,0.0,0.0,0.0,0.0,0.0,0.0,0.0,0.0,0.0,0.0,0.0,0.0,0.0,0.0,0.0,0.0,0.0,0.0,2024-25,Playoffs
0042400177,1610612743,Denver,Nuggets,DEN,nuggets,1628427,Vlatko,Čančar,V. Čančar,vlatko-čančar,,DNP - Coach's Decision,,,0.0,0.0,0.0,0.0,0.0,0.0,0.0,0.0,0.0,0.0,0.0,0.0,0.0,0.0,0.0,0.0,0.0,0.0,0.0,0.0,0.0,0.0,2024-25,Playoffs
0042400201,1610612754,Indiana,Pacers,IND,pacers,1630174,Aaron,Nesmith,A. Nesmith,aaron-nesmith,F,,,24:37,130.2,130.2,111.1,111.1,19.1,19.1,0.0,0.0,0.0,0.1,0.214,0.167,23.1,0.875,0.871,0.224,0.224,104.32,104.32,86.93,53.0,0.102,2024-25,Playoffs
0042400201,1610612754,Indiana,Pacers,IND,pacers,1627783,Pascal,Siakam,P. Siakam,pascal-siakam,F,,,33:40,130.9,130.9,104.3,104.3,26.6,26.6,0.154,2.0,18.2,0.042,0.159,0.118,9.1,0.467,0.521,0.247,0.247,98.38,98.38,81.98,68.0,0.113,2024-25,Playoffs
0042400201,1610612754,Indiana,Pacers,IND,pacers,1626167,Myles,Turner,M. Turner,myles-turner,C,,,33:06,131.0,131.0,117.1,117.1,13.8,13.8,0.037,0.33,7.1,0.037,0.27,0.172,21.4,0.611,0.658,0.171,0.171,102.23,102.23,85.19,71.0,0.107,2024-25,Playoffs
0042400201,1610612754,Indiana,Pacers,IND,pacers,1629614,Andrew,Nembhard,A. Nembhard,andrew-nembhard,G,,,37:04,132.9,132.9,102.6,102.6,30.3,30.3,0.207,0.0,33.3,0.0,0.0,0.0,0.0,0.95,0.978,0.145,0.145,99.71,99.71,83.09,76.0,0.147,2024-25,Playoffs
0042400201,1610612754,Indiana,Pacers,IND,pacers,1630169,Tyrese,Haliburton,T. Haliburton,tyrese-haliburton,G,,,36:11,128.9,128.9,116.0,116.0,12.9,12.9,0.52,13.0,43.3,0.0,0.075,0.043,3.3,0.667,0.693,0.21,0.21,100.16,100.16,83.46,76.0,0.18,2024-25,Playoffs
0042400201,1610612754,Indiana,Pacers,IND,pacers,1641716,Jarace,Walker,J. Walker,jarace-walker,,,,8:48,80.0,80.0,150.0,150.0,-70.0,-70.0,0.2,1.0,25.0,0.0,0.0,0.0,25.0,0.5,0.5,0.15,0.15,109.09,109.09,90.91,20.0,-0.022,2024-25,Playoffs
0042400201,1610612754,Indiana,Pacers,IND,pacers,1631097,Bennedict,Mathurin,B. Mathurin,bennedict-mathurin,,,,23:23,110.6,110.6,108.3,108.3,2.3,2.3,0.059,1.0,8.3,0.1,0.107,0.104,8.3,0.55,0.55,0.22,0.22,97.51,97.51,81.25,47.0,0.064,2024-25,Playoffs
0042400201,1610612754,Indiana,Pacers,IND,pacers,204456,T.J.,McConnell,T. McConnell,tj-mcconnell,,,,15:16,103.2,103.2,115.2,115.2,-11.9,-11.9,0.2,1.0,22.2,0.0,0.059,0.034,22.2,0.7,0.7,0.206,0.206,100.61,100.61,83.84,31.0,0.071,2024-25,Playoffs
0042400201,1610612754,Indiana,Pacers,IND,pacers,1630167,Obi,Toppin,O. Toppin,obi-toppin,,,,14:43,112.9,112.9,90.3,90.3,22.6,22.6,0.182,1.0,20.0,0.071,0.222,0.156,20.0,0.583,0.583,0.222,0.222,101.11,101.11,84.26,31.0,0.145,2024-25,Playoffs
0042400201,1610612754,Indiana,Pacers,IND,pacers,1641767,Ben,Sheppard,B. Sheppard,ben-sheppard,,,,7:29,64.7,64.7,126.7,126.7,-62.0,-62.0,0.0,0.0,0.0,0.0,0.0,0.0,0.0,0.0,0.0,0.056,0.056,102.63,102.63,85.52,17.0,-0.071,2024-25,Playoffs
0042400201,1610612754,Indiana,Pacers,IND,pacers,1628418,Thomas,Bryant,T. Bryant,thomas-bryant,,,,5:43,81.8,81.8,110.0,110.0,-28.2,-28.2,0.0,0.0,0.0,0.0,0.286,0.154,33.3,0.5,0.5,0.25,0.25,88.19,88.19,73.49,11.0,0.128,2024-25,Playoffs
0042400201,1610612754,Indiana,Pacers,IND,pacers,1628396,Tony,Bradley,T. Bradley,tony-bradley,,DNP - Coach's Decision,,,0.0,0.0,0.0,0.0,0.0,0.0,0.0,0.0,0.0,0.0,0.0,0.0,0.0,0.0,0.0,0.0,0.0,0.0,0.0,0.0,0.0,0.0,2024-25,Playoffs
0042400201,1610612754,Indiana,Pacers,IND,pacers,1642277,Johnny,Furphy,J. Furphy,johnny-furphy,,DNP - Coach's Decision,,,0.0,0.0,0.0,0.0,0.0,0.0,0.0,0.0,0.0,0.0,0.0,0.0,0.0,0.0,0.0,0.0,0.0,0.0,0.0,0.0,0.0,0.0,2024-25,Playoffs
0042400201,1610612754,Indiana,Pacers,IND,pacers,201949,James,Johnson,J. Johnson,james-johnson,,DNP - Coach's Decision,,,0.0,0.0,0.0,0.0,0.0,0.0,0.0,0.0,0.0,0.0,0.0,0.0,0.0,0.0,0.0,0.0,0.0,0.0,0.0,0.0,0.0,0.0,2024-25,Playoffs
0042400201,1610612739,Cleveland,Cavaliers,CLE,cavaliers,1629622,Max,Strus,M. Strus,max-strus,F,,,31:55,114.7,114.7,120.0,120.0,-5.3,-5.3,0.1,0.0,23.1,0.051,0.192,0.108,0.0,0.333,0.354,0.128,0.128,103.76,103.76,86.47,68.0,0.04,2024-25,Playoffs
0042400201,1610612739,Cleveland,Cavaliers,CLE,cavaliers,1630596,Evan,Mobley,E. Mobley,evan-mobley,F,,,35:45,101.4,101.4,127.0,127.0,-25.7,-25.7,0.095,0.5,10.5,0.087,0.222,0.137,21.1,0.769,0.769,0.2,0.2,98.69,98.69,82.24,73.0,0.128,2024-25,Playoffs
0042400201,1610612739,Cleveland,Cavaliers,CLE,cavaliers,1628386,Jarrett,Allen,J. Allen,jarrett-allen,C,,,30:06,117.5,117.5,129.7,129.7,-12.2,-12.2,0.042,1.0,11.1,0.031,0.167,0.089,11.1,0.857,0.857,0.113,0.113,101.26,101.26,84.39,63.0,0.103,2024-25,Playoffs
0042400201,1610612739,Cleveland,Cavaliers,CLE,cavaliers,1630241,Sam,Merrill,S. Merrill,sam-merrill,G,,,17:50,121.6,121.6,148.6,148.6,-27.0,-27.0,0.235,0.0,44.4,0.056,0.273,0.138,0.0,0.6,0.6,0.119,0.119,99.64,99.64,83.03,37.0,0.078,2024-25,Playoffs
0042400201,1610612739,Cleveland,Cavaliers,CLE,cavaliers,1628378,Donovan,Mitchell,D. Mitchell,donovan-mitchell,G,,,33:40,101.4,101.4,130.0,130.0,-28.6,-28.6,0.25,0.0,10.5,0.0,0.185,0.072,0.0,0.45,0.486,0.415,0.415,100.52,100.52,83.77,71.0,0.136,2024-25,Playoffs
0042400201,1610612739,Cleveland,Cavaliers,CLE,cavaliers,1629660,Ty,Jerome,T. Jerome,ty-jerome,,,,29:27,111.3,111.3,95.2,95.2,16.1,16.1,0.444,8.0,25.8,0.057,0.037,0.048,3.2,0.425,0.473,0.319,0.319,101.03,101.03,84.19,62.0,0.154,2024-25,Playoffs
0042400201,1610612739,Cleveland,Cavaliers,CLE,cavaliers,1629631,De'Andre,Hunter,D. Hunter,deandre-hunter,,,,30:12,120.6,120.6,109.5,109.5,11.1,11.1,0.04,1.0,9.1,0.032,0.1,0.066,9.1,0.563,0.619,0.139,0.139,100.13,100.13,83.44,63.0,0.074,2024-25,Playoffs
0042400201,1610612739,Cleveland,Cavaliers,CLE,cavaliers,1629731,Dean,Wade,D. Wade,dean-wade,,,,16:04,102.9,102.9,109.1,109.1,-6.1,-6.1,0.0,0.0,0.0,0.0,0.231,0.094,0.0,0.0,0.0,0.05,0.05,100.08,100.08,83.4,34.0,-0.015,2024-25,Playoffs
0042400201,1610612739,Cleveland,Cavaliers,CLE,cavaliers,1630171,Isaac,Okoro,I. Okoro,isaac-okoro,,,,15:01,115.6,115.6,100.0,100.0,15.6,15.6,0.143,0.0,33.3,0.111,0.0,0.061,0.0,0.25,0.25,0.111,0.111,105.47,105.47,87.89,32.0,0.031,2024-25,Playoffs
0042400201,1610612739,Cleveland,Cavaliers,CLE,cavaliers,1629636,Darius,Garland,D. Garland,darius-garland,,DND - Injury/Illness,,,0.0,0.0,0.0,0.0,0.0,0.0,0.0,0.0,0.0,0.0,0.0,0.0,0.0,0.0,0.0,0.0,0.0,0.0,0.0,0.0,0.0,0.0,2024-25,Playoffs
0042400201,1610612739,Cleveland,Cavaliers,CLE,cavaliers,1629750,Javonte,Green,J. Green,javonte-green,,DNP - Coach's Decision,,,0.0,0.0,0.0,0.0,0.0,0.0,0.0,0.0,0.0,0.0,0.0,0.0,0.0,0.0,0.0,0.0,0.0,0.0,0.0,0.0,0.0,0.0,2024-25,Playoffs
0042400201,1610612739,Cleveland,Cavaliers,CLE,cavaliers,1629643,Chuma,Okeke,C. Okeke,chuma-okeke,,DNP - Coach's Decision,,,0.0,0.0,0.0,0.0,0.0,0.0,0.0,0.0,0.0,0.0,0.0,0.0,0.0,0.0,0.0,0.0,0.0,0.0,0.0,0.0,0.0,0.0,2024-25,Playoffs
0042400201,1610612739,Cleveland,Cavaliers,CLE,cavaliers,1641854,Craig,Porter Jr.,C. Porter Jr.,craig-porter-jr,,DNP - Coach's Decision,,,0.0,0.0,0.0,0.0,0.0,0.0,0.0,0.0,0.0,0.0,0.0,0.0,0.0,0.0,0.0,0.0,0.0,0.0,0.0,0.0,0.0,0.0,2024-25,Playoffs
0042400201,1610612739,Cleveland,Cavaliers,CLE,cavaliers,202684,Tristan,Thompson,T. Thompson,tristan-thompson,,DNP - Coach's Decision,,,0.0,0.0,0.0,0.0,0.0,0.0,0.0,0.0,0.0,0.0,0.0,0.0,0.0,0.0,0.0,0.0,0.0,0.0,0.0,0.0,0.0,0.0,2024-25,Playoffs
0042400201,1610612739,Cleveland,Cavaliers,CLE,cavaliers,1642281,Jaylon,Tyson,J. Tyson,jaylon-tyson,,DNP - Coach's Decision,,,0.0,0.0,0.0,0.0,0.0,0.0,0.0,0.0,0.0,0.0,0.0,0.0,0.0,0.0,0.0,0.0,0.0,0.0,0.0,0.0,0.0,0.0,2024-25,Playoffs
0042400202,1610612754,Indiana,Pacers,IND,pacers,1630174,Aaron,Nesmith,A. Nesmith,aaron-nesmith,F,,,33:20,121.1,121.1,120.5,120.5,0.6,0.6,0.04,0.0,6.7,0.088,0.028,0.057,0.0,0.808,0.829,0.169,0.169,103.66,103.66,86.39,71.0,0.127,2024-25,Playoffs
0042400202,1610612754,Indiana,Pacers,IND,pacers,1627783,Pascal,Siakam,P. Siakam,pascal-siakam,F,,,29:45,109.4,109.4,107.8,107.8,1.6,1.6,0.182,2.0,25.0,0.0,0.167,0.092,12.5,0.625,0.588,0.162,0.162,103.25,103.25,86.05,64.0,0.082,2024-25,Playoffs
0042400202,1610612754,Indiana,Pacers,IND,pacers,1626167,Myles,Turner,M. Turner,myles-turner,C,,,35:02,123.4,123.4,105.3,105.3,18.1,18.1,0.037,1.0,4.5,0.053,0.146,0.101,4.5,0.529,0.586,0.236,0.236,104.79,104.79,87.33,77.0,0.136,2024-25,Playoffs
0042400202,1610612754,Indiana,Pacers,IND,pacers,1629614,Andrew,Nembhard,A. Nembhard,andrew-nembhard,G,,,36:19,117.9,117.9,107.9,107.9,10.1,10.1,0.433,1.63,36.1,0.053,0.125,0.09,22.2,0.385,0.428,0.253,0.253,101.76,101.76,84.8,78.0,0.077,2024-25,Playoffs
0042400202,1610612754,Indiana,Pacers,IND,pacers,1630169,Tyrese,Haliburton,T. Haliburton,tyrese-haliburton,G,,,36:02,121.8,121.8,107.7,107.7,14.1,14.1,0.143,0.0,23.5,0.026,0.195,0.113,0.0,0.727,0.72,0.143,0.143,103.89,103.89,86.57,78.0,0.166,2024-25,Playoffs
0042400202,1610612754,Indiana,Pacers,IND,pacers,1630167,Obi,Toppin,O. Toppin,obi-toppin,,,,15:45,125.7,125.7,127.8,127.8,-2.1,-2.1,0.091,1.0,12.5,0.083,0.063,0.071,12.5,0.583,0.583,0.189,0.189,108.19,108.19,90.16,35.0,0.078,2024-25,Playoffs
0042400202,1610612754,Indiana,Pacers,IND,pacers,1631097,Bennedict,Mathurin,B. Mathurin,bennedict-mathurin,,,,19:60,122.0,122.0,93.3,93.3,28.6,28.6,0.091,0.0,7.7,0.067,0.042,0.051,0.0,0.65,0.752,0.267,0.267,103.23,103.23,86.02,41.0,0.178,2024-25,Playoffs
0042400202,1610612754,Indiana,Pacers,IND,pacers,204456,T.J.,McConnell,T. McConnell,tj-mcconnell,,,,13:53,96.4,96.4,135.5,135.5,-39.1,-39.1,0.286,0.67,20.0,0.0,0.214,0.136,30.0,0.4,0.4,0.276,0.276,102.03,102.03,85.02,28.0,0.046,2024-25,Playoffs
0042400202,1610612754,Indiana,Pacers,IND,pacers,1641767,Ben,Sheppard,B. Sheppard,ben-sheppard,,,,5:52,127.3,127.3,150.0,150.0,-22.7,-22.7,0.0,0.0,0.0,0.0,0.333,0.167,0.0,0.0,0.0,0.0,0.0,94.09,94.09,78.41,11.0,0.0,2024-25,Playoffs
0042400202,1610612754,Indiana,Pacers,IND,pacers,1628418,Thomas,Bryant,T. Bryant,thomas-bryant,,,,10:37,109.5,109.5,139.1,139.1,-29.6,-29.6,0.0,0.0,0.0,0.167,0.0,0.059,100.0,0.0,0.0,0.043,0.043,99.4,99.4,82.84,21.0,-0.049,2024-25,Playoffs
0042400202,1610612754,Indiana,Pacers,IND,pacers,1641716,Jarace,Walker,J. Walker,jarace-walker,,,,3:24,57.1,57.1,171.4,171.4,-114.3,-114.3,0.5,1.0,25.0,0.0,0.333,0.167,25.0,0.0,0.0,0.429,0.429,98.92,98.92,82.43,7.0,-0.091,2024-25,Playoffs
0042400202,1610612754,Indiana,Pacers,IND,pacers,1628396,Tony,Bradley,T. Bradley,tony-bradley,,DNP - Coach's Decision,,,0.0,0.0,0.0,0.0,0.0,0.0,0.0,0.0,0.0,0.0,0.0,0.0,0.0,0.0,0.0,0.0,0.0,0.0,0.0,0.0,0.0,0.0,2024-25,Playoffs
0042400202,1610612754,Indiana,Pacers,IND,pacers,1642277,Johnny,Furphy,J. Furphy,johnny-furphy,,DNP - Coach's Decision,,,0.0,0.0,0.0,0.0,0.0,0.0,0.0,0.0,0.0,0.0,0.0,0.0,0.0,0.0,0.0,0.0,0.0,0.0,0.0,0.0,0.0,0.0,2024-25,Playoffs
0042400202,1610612754,Indiana,Pacers,IND,pacers,201949,James,Johnson,J. Johnson,james-johnson,,DNP - Coach's Decision,,,0.0,0.0,0.0,0.0,0.0,0.0,0.0,0.0,0.0,0.0,0.0,0.0,0.0,0.0,0.0,0.0,0.0,0.0,0.0,0.0,0.0,0.0,2024-25,Playoffs
0042400202,1610612739,Cleveland,Cavaliers,CLE,cavaliers,1629622,Max,Strus,M. Strus,max-strus,F,,,39:18,109.8,109.8,125.3,125.3,-15.5,-15.5,0.182,2.0,16.0,0.109,0.079,0.095,8.0,0.583,0.609,0.219,0.219,100.76,100.76,83.97,82.0,0.101,2024-25,Playoffs
0042400202,1610612739,Cleveland,Cavaliers,CLE,cavaliers,1629731,Dean,Wade,D. Wade,dean-wade,F,,,29:44,115.6,115.6,104.5,104.5,11.1,11.1,0.12,0.0,42.9,0.079,0.25,0.152,0.0,0.375,0.375,0.051,0.051,104.93,104.93,87.44,64.0,0.088,2024-25,Playoffs
0042400202,1610612739,Cleveland,Cavaliers,CLE,cavaliers,1628386,Jarrett,Allen,J. Allen,jarrett-allen,C,,,37:47,117.5,117.5,123.8,123.8,-6.3,-6.3,0.12,0.75,15.0,0.027,0.268,0.154,20.0,0.778,0.879,0.187,0.187,101.63,101.63,84.69,80.0,0.169,2024-25,Playoffs
0042400202,1610612739,Cleveland,Cavaliers,CLE,cavaliers,1629660,Ty,Jerome,T. Jerome,ty-jerome,G,,,27:52,111.7,111.7,124.1,124.1,-12.5,-12.5,0.136,1.5,15.8,0.032,0.038,0.035,10.5,0.071,0.071,0.229,0.229,101.63,101.63,84.69,60.0,-0.094,2024-25,Playoffs
0042400202,1610612739,Cleveland,Cavaliers,CLE,cavaliers,1628378,Donovan,Mitchell,D. Mitchell,donovan-mitchell,G,,,35:48,125.6,125.6,114.9,114.9,10.8,10.8,0.529,1.8,17.3,0.056,0.088,0.071,9.6,0.517,0.612,0.462,0.462,101.88,101.88,84.9,78.0,0.245,2024-25,Playoffs
0042400202,1610612739,Cleveland,Cavaliers,CLE,cavaliers,1630241,Sam,Merrill,S. Merrill,sam-merrill,,,,26:08,108.8,108.8,114.8,114.8,-6.0,-6.0,0.0,0.0,0.0,0.069,0.095,0.08,0.0,0.7,0.7,0.152,0.152,101.92,101.92,84.93,57.0,0.111,2024-25,Playoffs
0042400202,1610612739,Cleveland,Cavaliers,CLE,cavaliers,1630171,Isaac,Okoro,I. Okoro,isaac-okoro,,,,29:27,125.8,125.8,120.3,120.3,5.5,5.5,0.042,0.0,20.0,0.0,0.069,0.035,0.0,0.5,0.665,0.056,0.056,102.67,102.67,85.56,62.0,0.047,2024-25,Playoffs
0042400202,1610612739,Cleveland,Cavaliers,CLE,cavaliers,1629750,Javonte,Green,J. Green,javonte-green,,,,10:13,113.6,113.6,95.5,95.5,18.2,18.2,0.143,0.0,50.0,0.0,0.0,0.0,0.0,0.0,0.0,0.034,0.034,103.36,103.36,86.13,22.0,0.024,2024-25,Playoffs
0042400202,1610612739,Cleveland,Cavaliers,CLE,cavaliers,1641854,Craig,Porter Jr.,C. Porter Jr.,craig-porter-jr,,,,3:42,87.5,87.5,137.5,137.5,-50.0,-50.0,0.0,0.0,0.0,0.0,0.0,0.0,0.0,0.5,0.5,0.25,0.25,103.78,103.78,86.49,8.0,0.172,2024-25,Playoffs
0042400202,1610612739,Cleveland,Cavaliers,CLE,cavaliers,1629636,Darius,Garland,D. Garland,darius-garland,,DND - Injury/Illness,,,0.0,0.0,0.0,0.0,0.0,0.0,0.0,0.0,0.0,0.0,0.0,0.0,0.0,0.0,0.0,0.0,0.0,0.0,0.0,0.0,0.0,0.0,2024-25,Playoffs
0042400202,1610612739,Cleveland,Cavaliers,CLE,cavaliers,1629631,De'Andre,Hunter,D. Hunter,deandre-hunter,,DND - Injury/Illness,,,0.0,0.0,0.0,0.0,0.0,0.0,0.0,0.0,0.0,0.0,0.0,0.0,0.0,0.0,0.0,0.0,0.0,0.0,0.0,0.0,0.0,0.0,2024-25,Playoffs
0042400202,1610612739,Cleveland,Cavaliers,CLE,cavaliers,1630596,Evan,Mobley,E. Mobley,evan-mobley,,DND - Injury/Illness,,,0.0,0.0,0.0,0.0,0.0,0.0,0.0,0.0,0.0,0.0,0.0,0.0,0.0,0.0,0.0,0.0,0.0,0.0,0.0,0.0,0.0,0.0,2024-25,Playoffs
0042400202,1610612739,Cleveland,Cavaliers,CLE,cavaliers,1629643,Chuma,Okeke,C. Okeke,chuma-okeke,,DNP - Coach's Decision,,,0.0,0.0,0.0,0.0,0.0,0.0,0.0,0.0,0.0,0.0,0.0,0.0,0.0,0.0,0.0,0.0,0.0,0.0,0.0,0.0,0.0,0.0,2024-25,Playoffs
0042400202,1610612739,Cleveland,Cavaliers,CLE,cavaliers,202684,Tristan,Thompson,T. Thompson,tristan-thompson,,DNP - Coach's Decision,,,0.0,0.0,0.0,0.0,0.0,0.0,0.0,0.0,0.0,0.0,0.0,0.0,0.0,0.0,0.0,0.0,0.0,0.0,0.0,0.0,0.0,0.0,2024-25,Playoffs
0042400202,1610612739,Cleveland,Cavaliers,CLE,cavaliers,1642281,Jaylon,Tyson,J. Tyson,jaylon-tyson,,DNP - Coach's Decision,,,0.0,0.0,0.0,0.0,0.0,0.0,0.0,0.0,0.0,0.0,0.0,0.0,0.0,0.0,0.0,0.0,0.0,0.0,0.0,0.0,0.0,0.0,2024-25,Playoffs
0042400203,1610612739,Cleveland,Cavaliers,CLE,cavaliers,1629622,Max,Strus,M. Strus,max-strus,F,,,33:16,137.0,137.0,94.4,94.4,42.5,42.5,0.28,0.0,36.8,0.051,0.143,0.095,0.0,0.833,0.833,0.13,0.13,104.59,104.59,87.16,73.0,0.187,2024-25,Playoffs
0042400203,1610612739,Cleveland,Cavaliers,CLE,cavaliers,1630596,Evan,Mobley,E. Mobley,evan-mobley,F,,,35:08,128.6,128.6,100.0,100.0,28.6,28.6,0.148,0.0,20.0,0.109,0.229,0.16,0.0,0.5,0.575,0.162,0.162,102.47,102.47,85.39,77.0,0.199,2024-25,Playoffs
0042400203,1610612739,Cleveland,Cavaliers,CLE,cavaliers,1628386,Jarrett,Allen,J. Allen,jarrett-allen,C,,,30:59,138.8,138.8,82.1,82.1,56.7,56.7,0.08,0.67,10.0,0.105,0.242,0.169,15.0,0.545,0.654,0.207,0.207,103.8,103.8,86.5,67.0,0.185,2024-25,Playoffs
0042400203,1610612739,Cleveland,Cavaliers,CLE,cavaliers,1628378,Donovan,Mitchell,D. Mitchell,donovan-mitchell,G,,,37:17,127.7,127.7,88.8,88.8,39.0,39.0,0.238,2.5,12.8,0.1,0.098,0.099,5.1,0.569,0.611,0.321,0.321,104.93,104.93,87.44,83.0,0.229,2024-25,Playoffs
0042400203,1610612739,Cleveland,Cavaliers,CLE,cavaliers,1629636,Darius,Garland,D. Garland,darius-garland,G,,,24:53,134.6,134.6,125.0,125.0,9.6,9.6,0.13,0.75,15.8,0.0,0.053,0.021,21.1,0.364,0.421,0.239,0.239,96.42,96.42,80.35,52.0,-0.017,2024-25,Playoffs
0042400203,1610612739,Cleveland,Cavaliers,CLE,cavaliers,1629631,De'Andre,Hunter,D. Hunter,deandre-hunter,,,,20:33,102.2,102.2,133.3,133.3,-31.1,-31.1,0.0,0.0,0.0,0.036,0.222,0.109,0.0,0.417,0.515,0.143,0.143,105.11,105.11,87.59,45.0,0.069,2024-25,Playoffs
0042400203,1610612739,Cleveland,Cavaliers,CLE,cavaliers,1629660,Ty,Jerome,T. Jerome,ty-jerome,,,,13:29,78.1,78.1,125.0,125.0,-46.9,-46.9,0.0,0.0,0.0,0.0,0.077,0.029,27.3,0.125,0.125,0.275,0.275,113.97,113.97,94.98,32.0,-0.194,2024-25,Playoffs
0042400203,1610612739,Cleveland,Cavaliers,CLE,cavaliers,1629731,Dean,Wade,D. Wade,dean-wade,,,,14:16,71.9,71.9,131.0,131.0,-59.2,-59.2,0.111,1.0,25.0,0.043,0.25,0.114,25.0,0.0,0.0,0.073,0.073,102.66,102.66,85.55,32.0,0.02,2024-25,Playoffs
0042400203,1610612739,Cleveland,Cavaliers,CLE,cavaliers,1630241,Sam,Merrill,S. Merrill,sam-merrill,,,,20:07,134.1,134.1,89.1,89.1,45.0,45.0,0.125,0.0,28.6,0.0,0.042,0.021,0.0,0.3,0.276,0.093,0.093,107.37,107.37,89.48,44.0,-0.03,2024-25,Playoffs
0042400203,1610612739,Cleveland,Cavaliers,CLE,cavaliers,1630171,Isaac,Okoro,I. Okoro,isaac-okoro,,,,3:44,30.0,30.0,66.7,66.7,-36.7,-36.7,0.0,0.0,0.0,0.0,0.0,0.0,0.0,0.0,0.266,0.182,0.182,122.14,122.14,101.79,10.0,-0.167,2024-25,Playoffs
0042400203,1610612739,Cleveland,Cavaliers,CLE,cavaliers,1629750,Javonte,Green,J. Green,javonte-green,,,,3:09,37.5,37.5,50.0,50.0,-12.5,-12.5,0.0,0.0,0.0,0.0,0.4,0.2,50.0,0.0,0.0,0.25,0.25,121.9,121.9,101.59,8.0,0.0,2024-25,Playoffs
0042400203,1610612739,Cleveland,Cavaliers,CLE,cavaliers,1641854,Craig,Porter Jr.,C. Porter Jr.,craig-porter-jr,,,,3:09,37.5,37.5,50.0,50.0,-12.5,-12.5,0.0,0.0,0.0,0.0,0.2,0.1,0.0,1.0,1.0,0.125,0.125,121.9,121.9,101.59,8.0,0.857,2024-25,Playoffs
0042400203,1610612739,Cleveland,Cavaliers,CLE,cavaliers,1629643,Chuma,Okeke,C. Okeke,chuma-okeke,,DNP - Coach's Decision,,,0.0,0.0,0.0,0.0,0.0,0.0,0.0,0.0,0.0,0.0,0.0,0.0,0.0,0.0,0.0,0.0,0.0,0.0,0.0,0.0,0.0,0.0,2024-25,Playoffs
0042400203,1610612739,Cleveland,Cavaliers,CLE,cavaliers,202684,Tristan,Thompson,T. Thompson,tristan-thompson,,DNP - Coach's Decision,,,0.0,0.0,0.0,0.0,0.0,0.0,0.0,0.0,0.0,0.0,0.0,0.0,0.0,0.0,0.0,0.0,0.0,0.0,0.0,0.0,0.0,0.0,2024-25,Playoffs
0042400203,1610612739,Cleveland,Cavaliers,CLE,cavaliers,1642281,Jaylon,Tyson,J. Tyson,jaylon-tyson,,DNP - Coach's Decision,,,0.0,0.0,0.0,0.0,0.0,0.0,0.0,0.0,0.0,0.0,0.0,0.0,0.0,0.0,0.0,0.0,0.0,0.0,0.0,0.0,0.0,0.0,2024-25,Playoffs
0042400203,1610612754,Indiana,Pacers,IND,pacers,1630174,Aaron,Nesmith,A. Nesmith,aaron-nesmith,F,,,27:29,86.2,86.2,133.9,133.9,-47.7,-47.7,0.059,0.0,12.5,0.036,0.171,0.111,0.0,0.5,0.5,0.115,0.115,102.17,102.17,85.14,58.0,0.07,2024-25,Playoffs
0042400203,1610612754,Indiana,Pacers,IND,pacers,1627783,Pascal,Siakam,P. Siakam,pascal-siakam,F,,,27:36,105.4,105.4,128.1,128.1,-22.7,-22.7,0.214,3.0,15.8,0.074,0.054,0.063,5.3,0.607,0.587,0.267,0.267,98.26,98.26,81.88,56.0,0.114,2024-25,Playoffs
0042400203,1610612754,Indiana,Pacers,IND,pacers,1626167,Myles,Turner,M. Turner,myles-turner,C,,,25:33,89.3,89.3,133.3,133.3,-44.0,-44.0,0.0,0.0,0.0,0.0,0.097,0.053,8.3,0.643,0.713,0.211,0.211,106.14,106.14,88.45,56.0,0.088,2024-25,Playoffs
0042400203,1610612754,Indiana,Pacers,IND,pacers,1629614,Andrew,Nembhard,A. Nembhard,andrew-nembhard,G,,,25:30,78.2,78.2,136.4,136.4,-58.2,-58.2,0.4,1.33,25.0,0.0,0.118,0.065,18.8,0.556,0.556,0.214,0.214,103.53,103.53,86.27,55.0,0.083,2024-25,Playoffs
0042400203,1610612754,Indiana,Pacers,IND,pacers,1630169,Tyrese,Haliburton,T. Haliburton,tyrese-haliburton,G,,,30:00,92.6,92.6,123.9,123.9,-31.2,-31.2,0.278,1.67,31.3,0.0,0.0,0.0,18.8,0.25,0.25,0.153,0.153,108.0,108.0,90.0,68.0,-0.009,2024-25,Playoffs
0042400203,1610612754,Indiana,Pacers,IND,pacers,204456,T.J.,McConnell,T. McConnell,tj-mcconnell,,,,21:09,140.0,140.0,125.0,125.0,15.0,15.0,0.412,7.0,36.8,0.056,0.2,0.14,5.3,0.444,0.558,0.24,0.24,101.02,101.02,84.19,45.0,0.199,2024-25,Playoffs
0042400203,1610612754,Indiana,Pacers,IND,pacers,1630167,Obi,Toppin,O. Toppin,obi-toppin,,,,19:20,126.2,126.2,133.3,133.3,-7.1,-7.1,0.294,0.0,35.7,0.0,0.1,0.054,0.0,0.143,0.285,0.2,0.2,104.28,104.28,86.9,42.0,0.023,2024-25,Playoffs
0042400203,1610612754,Indiana,Pacers,IND,pacers,1631097,Bennedict,Mathurin,B. Mathurin,bennedict-mathurin,,,,26:53,122.4,122.4,130.0,130.0,-7.6,-7.6,0.0,0.0,0.0,0.0,0.029,0.017,12.5,0.682,0.769,0.254,0.254,105.34,105.34,87.79,58.0,0.121,2024-25,Playoffs
0042400203,1610612754,Indiana,Pacers,IND,pacers,1628418,Thomas,Bryant,T. Bryant,thomas-bryant,,,,14:32,106.3,106.3,103.1,103.1,3.1,3.1,0.0,0.0,0.0,0.0,0.136,0.079,0.0,0.5,0.5,0.056,0.056,105.69,105.69,88.07,32.0,0.093,2024-25,Playoffs
0042400203,1610612754,Indiana,Pacers,IND,pacers,1641767,Ben,Sheppard,B. Sheppard,ben-sheppard,,,,5:53,69.2,69.2,50.0,50.0,19.2,19.2,0.0,0.0,0.0,0.0,0.182,0.111,50.0,1.5,1.5,0.154,0.154,110.02,110.02,91.68,13.0,0.316,2024-25,Playoffs
0042400203,1610612754,Indiana,Pacers,IND,pacers,201949,James,Johnson,J. Johnson,james-johnson,,,,5:03,66.7,66.7,50.0,50.0,16.7,16.7,0.0,0.0,0.0,0.0,0.111,0.067,33.3,1.0,0.798,0.25,0.25,114.06,114.06,95.05,12.0,0.8,2024-25,Playoffs
0042400203,1610612754,Indiana,Pacers,IND,pacers,1641716,Jarace,Walker,J. Walker,jarace-walker,,,,4:26,63.6,63.6,36.4,36.4,27.3,27.3,0.5,0.0,20.0,0.0,0.125,0.071,0.0,0.0,0.266,0.364,0.364,119.1,119.1,99.25,11.0,0.0,2024-25,Playoffs
0042400203,1610612754,Indiana,Pacers,IND,pacers,1642277,Johnny,Furphy,J. Furphy,johnny-furphy,,,,3:44,66.7,66.7,30.0,30.0,36.7,36.7,0.0,0.0,0.0,0.0,0.286,0.167,0.0,0.0,0.0,0.111,0.111,122.14,122.14,101.79,9.0,0.083,2024-25,Playoffs
0042400203,1610612754,Indiana,Pacers,IND,pacers,1628396,Tony,Bradley,T. Bradley,tony-bradley,,,,2:52,57.1,57.1,25.0,25.0,32.1,32.1,0.0,0.0,0.0,0.0,0.2,0.1,0.0,0.0,0.0,0.143,0.143,125.58,125.58,104.65,7.0,0.0,2024-25,Playoffs
0042400204,1610612739,Cleveland,Cavaliers,CLE,cavaliers,1629622,Max,Strus,M. Strus,max-strus,F,,,22:28,95.7,95.7,139.6,139.6,-43.8,-43.8,0.375,1.5,21.4,0.05,0.263,0.154,14.3,0.611,0.611,0.212,0.212,101.48,101.48,84.57,47.0,0.12,2024-25,Playoffs
0042400204,1610612739,Cleveland,Cavaliers,CLE,cavaliers,1630596,Evan,Mobley,E. Mobley,evan-mobley,F,,,26:42,91.4,91.4,140.4,140.4,-49.0,-49.0,0.0,0.0,0.0,0.04,0.167,0.102,20.0,0.571,0.635,0.159,0.159,103.37,103.37,86.14,58.0,0.068,2024-25,Playoffs
0042400204,1610612739,Cleveland,Cavaliers,CLE,cavaliers,1628386,Jarrett,Allen,J. Allen,jarrett-allen,C,,,20:19,92.7,92.7,151.2,151.2,-58.5,-58.5,0.091,0.5,20.0,0.045,0.059,0.051,40.0,0.0,0.532,0.085,0.085,96.87,96.87,80.72,41.0,0.0,2024-25,Playoffs
0042400204,1610612739,Cleveland,Cavaliers,CLE,cavaliers,1628378,Donovan,Mitchell,D. Mitchell,donovan-mitchell,G,,,20:15,75.0,75.0,151.1,151.1,-76.1,-76.1,0.0,0.0,0.0,0.048,0.0,0.025,13.3,0.318,0.44,0.313,0.313,105.48,105.48,87.9,44.0,0.038,2024-25,Playoffs
0042400204,1610612739,Cleveland,Cavaliers,CLE,cavaliers,1629636,Darius,Garland,D. Garland,darius-garland,G,,,27:10,110.9,110.9,143.9,143.9,-33.0,-33.0,0.545,2.0,25.0,0.0,0.043,0.021,12.5,0.591,0.723,0.295,0.295,98.94,98.94,82.45,55.0,0.125,2024-25,Playoffs
0042400204,1610612739,Cleveland,Cavaliers,CLE,cavaliers,1629660,Ty,Jerome,T. Jerome,ty-jerome,,,,17:51,107.3,107.3,126.3,126.3,-19.0,-19.0,0.0,0.0,0.0,0.0,0.111,0.063,42.9,0.833,0.902,0.163,0.163,106.22,106.22,88.52,41.0,0.042,2024-25,Playoffs
0042400204,1610612739,Cleveland,Cavaliers,CLE,cavaliers,1629631,De'Andre,Hunter,D. Hunter,deandre-hunter,,,,15:46,117.6,117.6,140.0,140.0,-22.4,-22.4,0.1,0.33,10.0,0.0,0.222,0.125,30.0,0.0,0.377,0.243,0.243,105.03,105.03,87.53,34.0,-0.037,2024-25,Playoffs
0042400204,1610612739,Cleveland,Cavaliers,CLE,cavaliers,1630241,Sam,Merrill,S. Merrill,sam-merrill,,,,13:32,114.3,114.3,144.8,144.8,-30.5,-30.5,0.125,0.0,25.0,0.071,0.133,0.103,0.0,0.0,0.347,0.097,0.097,101.08,101.08,84.24,28.0,-0.009,2024-25,Playoffs
0042400204,1610612739,Cleveland,Cavaliers,CLE,cavaliers,1629731,Dean,Wade,D. Wade,dean-wade,,,,11:09,104.5,104.5,150.0,150.0,-45.5,-45.5,0.0,0.0,0.0,0.222,0.1,0.158,0.0,0.75,0.75,0.08,0.08,99.01,99.01,82.51,22.0,0.112,2024-25,Playoffs
0042400204,1610612739,Cleveland,Cavaliers,CLE,cavaliers,1630171,Isaac,Okoro,I. Okoro,isaac-okoro,,,,18:51,127.5,127.5,92.3,92.3,35.2,35.2,0.0,0.0,0.0,0.0,0.091,0.053,22.2,1.0,0.945,0.196,0.196,100.58,100.58,83.82,40.0,0.137,2024-25,Playoffs
0042400204,1610612739,Cleveland,Cavaliers,CLE,cavaliers,1629750,Javonte,Green,J. Green,javonte-green,,,,7:20,106.3,106.3,87.5,87.5,18.8,18.8,0.0,0.0,0.0,0.0,0.2,0.154,0.0,0.0,0.532,0.125,0.125,104.73,104.73,87.27,16.0,0.07,2024-25,Playoffs
0042400204,1610612739,Cleveland,Cavaliers,CLE,cavaliers,202684,Tristan,Thompson,T. Thompson,tristan-thompson,,,,12:00,123.1,123.1,80.0,80.0,43.1,43.1,0.0,0.0,0.0,0.0,0.462,0.273,25.0,0.5,0.521,0.138,0.138,102.0,102.0,85.0,26.0,0.113,2024-25,Playoffs
0042400204,1610612739,Cleveland,Cavaliers,CLE,cavaliers,1642281,Jaylon,Tyson,J. Tyson,jaylon-tyson,,,,12:00,123.1,123.1,80.0,80.0,43.1,43.1,0.375,1.5,21.4,0.222,0.0,0.091,14.3,0.5,0.637,0.379,0.379,102.0,102.0,85.0,26.0,0.144,2024-25,Playoffs
0042400204,1610612739,Cleveland,Cavaliers,CLE,cavaliers,1641854,Craig,Porter Jr.,C. Porter Jr.,craig-porter-jr,,,,9:57,138.1,138.1,71.4,71.4,66.7,66.7,0.571,0.0,50.0,0.111,0.091,0.1,0.0,0.5,0.5,0.167,0.167,101.31,101.31,84.42,21.0,0.191,2024-25,Playoffs
0042400204,1610612739,Cleveland,Cavaliers,CLE,cavaliers,1629643,Chuma,Okeke,C. Okeke,chuma-okeke,,,,4:40,150.0,150.0,60.0,60.0,90.0,90.0,0.25,0.0,50.0,0.0,0.0,0.0,0.0,1.5,1.5,0.077,0.077,102.86,102.86,85.71,10.0,0.2,2024-25,Playoffs
0042400204,1610612754,Indiana,Pacers,IND,pacers,1630174,Aaron,Nesmith,A. Nesmith,aaron-nesmith,F,,,22:46,147.9,147.9,93.6,93.6,54.3,54.3,0.182,4.0,28.6,0.0,0.045,0.024,7.1,0.625,0.676,0.189,0.189,100.15,100.15,83.46,48.0,0.095,2024-25,Playoffs
0042400204,1610612754,Indiana,Pacers,IND,pacers,1627783,Pascal,Siakam,P. Siakam,pascal-siakam,F,,,21:01,160.5,160.5,95.2,95.2,65.2,65.2,0.167,3.0,21.4,0.067,0.25,0.171,7.1,1.0,1.006,0.229,0.229,97.07,97.07,80.89,43.0,0.27,2024-25,Playoffs
0042400204,1610612754,Indiana,Pacers,IND,pacers,1626167,Myles,Turner,M. Turner,myles-turner,C,,,21:43,142.2,142.2,88.9,88.9,53.3,53.3,0.176,3.0,16.7,0.143,0.167,0.156,5.6,0.692,0.698,0.288,0.288,99.46,99.46,82.89,45.0,0.215,2024-25,Playoffs
0042400204,1610612754,Indiana,Pacers,IND,pacers,1629614,Andrew,Nembhard,A. Nembhard,andrew-nembhard,G,,,30:27,137.9,137.9,103.0,103.0,34.9,34.9,0.226,0.0,50.0,0.071,0.037,0.055,0.0,0.5,0.5,0.092,0.092,104.83,104.83,87.36,66.0,0.106,2024-25,Playoffs
0042400204,1610612754,Indiana,Pacers,IND,pacers,1630169,Tyrese,Haliburton,T. Haliburton,tyrese-haliburton,G,,,26:21,143.9,143.9,98.2,98.2,45.6,45.6,0.185,2.5,29.4,0.0,0.2,0.098,11.8,0.438,0.539,0.182,0.182,102.92,102.92,85.77,57.0,0.107,2024-25,Playoffs
0042400204,1610612754,Indiana,Pacers,IND,pacers,1630167,Obi,Toppin,O. Toppin,obi-toppin,,,,20:44,131.8,131.8,111.4,111.4,20.5,20.5,0.167,0.0,11.8,0.043,0.235,0.125,0.0,0.679,0.653,0.283,0.283,101.86,101.86,84.89,44.0,0.212,2024-25,Playoffs
0042400204,1610612754,Indiana,Pacers,IND,pacers,204456,T.J.,McConnell,T. McConnell,tj-mcconnell,,,,18:08,128.9,128.9,108.1,108.1,20.8,20.8,0.615,8.0,42.1,0.0,0.143,0.063,5.3,0.611,0.658,0.256,0.256,99.26,99.26,82.72,38.0,0.222,2024-25,Playoffs
0042400204,1610612754,Indiana,Pacers,IND,pacers,1631097,Bennedict,Mathurin,B. Mathurin,bennedict-mathurin,,,,1:20,200.0,200.0,33.3,33.3,166.7,166.7,0.0,0.0,0.0,0.0,0.5,0.333,100.0,0.0,0.0,0.25,0.25,108.0,108.0,90.0,3.0,-0.333,2024-25,Playoffs
0042400204,1610612754,Indiana,Pacers,IND,pacers,1628418,Thomas,Bryant,T. Bryant,thomas-bryant,,,,8:55,115.0,115.0,109.1,109.1,5.9,5.9,0.0,0.0,0.0,0.0,0.0,0.0,0.0,0.75,0.868,0.136,0.136,113.05,113.05,94.21,20.0,0.055,2024-25,Playoffs
0042400204,1610612754,Indiana,Pacers,IND,pacers,1641767,Ben,Sheppard,B. Sheppard,ben-sheppard,,,,29:25,106.3,106.3,115.6,115.6,-9.3,-9.3,0.0,0.0,0.0,0.0,0.125,0.053,15.4,0.6,0.643,0.186,0.186,103.61,103.61,86.35,63.0,0.043,2024-25,Playoffs
0042400204,1610612754,Indiana,Pacers,IND,pacers,1641716,Jarace,Walker,J. Walker,jarace-walker,,,,13:35,82.8,82.8,134.5,134.5,-51.7,-51.7,0.222,2.0,18.2,0.0,0.1,0.042,9.1,0.25,0.25,0.29,0.29,102.48,102.48,85.4,29.0,0.0,2024-25,Playoffs
0042400204,1610612754,Indiana,Pacers,IND,pacers,1642277,Johnny,Furphy,J. Furphy,johnny-furphy,,,,10:21,68.2,68.2,136.4,136.4,-68.2,-68.2,0.143,0.0,33.3,0.083,0.0,0.048,0.0,0.0,0.0,0.087,0.087,102.03,102.03,85.02,22.0,-0.103,2024-25,Playoffs
0042400204,1610612754,Indiana,Pacers,IND,pacers,201949,James,Johnson,J. Johnson,james-johnson,,,,7:37,81.3,81.3,125.0,125.0,-43.8,-43.8,0.4,0.0,50.0,0.0,0.0,0.0,0.0,0.5,0.5,0.118,0.118,100.83,100.83,84.03,16.0,0.152,2024-25,Playoffs
0042400204,1610612754,Indiana,Pacers,IND,pacers,1628396,Tony,Bradley,T. Bradley,tony-bradley,,,,7:37,81.3,81.3,125.0,125.0,-43.8,-43.8,0.0,0.0,0.0,0.0,0.25,0.133,0.0,0.0,0.0,0.0,0.0,100.83,100.83,84.03,16.0,0.061,2024-25,Playoffs
0042400205,1610612754,Indiana,Pacers,IND,pacers,1630174,Aaron,Nesmith,A. Nesmith,aaron-nesmith,F,,,37:08,112.7,112.7,90.0,90.0,22.7,22.7,0.077,0.0,11.8,0.056,0.204,0.144,0.0,0.393,0.424,0.179,0.179,102.78,102.78,85.65,79.0,0.116,2024-25,Playoffs
0042400205,1610612754,Indiana,Pacers,IND,pacers,1627783,Pascal,Siakam,P. Siakam,pascal-siakam,F,,,39:39,110.8,110.8,101.2,101.2,9.6,9.6,0.208,0.0,18.5,0.0,0.145,0.087,0.0,0.45,0.473,0.253,0.253,99.29,99.29,82.74,83.0,0.129,2024-25,Playoffs
0042400205,1610612754,Indiana,Pacers,IND,pacers,1626167,Myles,Turner,M. Turner,myles-turner,C,,,33:13,123.5,123.5,105.9,105.9,17.6,17.6,0.0,0.0,0.0,0.077,0.106,0.096,10.0,0.5,0.571,0.141,0.141,98.25,98.25,81.87,68.0,0.078,2024-25,Playoffs
0042400205,1610612754,Indiana,Pacers,IND,pacers,1629614,Andrew,Nembhard,A. Nembhard,andrew-nembhard,G,,,37:08,113.0,113.0,100.0,100.0,13.0,13.0,0.25,3.0,31.6,0.0,0.056,0.035,10.5,0.773,0.787,0.163,0.163,98.87,98.87,82.39,77.0,0.152,2024-25,Playoffs
0042400205,1610612754,Indiana,Pacers,IND,pacers,1630169,Tyrese,Haliburton,T. Haliburton,tyrese-haliburton,G,,,36:23,124.7,124.7,89.6,89.6,35.1,35.1,0.333,2.0,27.6,0.0,0.107,0.07,13.8,0.867,0.879,0.263,0.263,101.58,101.58,84.65,77.0,0.253,2024-25,Playoffs
0042400205,1610612754,Indiana,Pacers,IND,pacers,1631097,Bennedict,Mathurin,B. Mathurin,bennedict-mathurin,,,,11:08,104.3,104.3,154.2,154.2,-49.8,-49.8,0.0,0.0,0.0,0.0,0.0,0.0,20.0,0.5,0.5,0.208,0.208,101.32,101.32,84.43,23.0,-0.011,2024-25,Playoffs
0042400205,1610612754,Indiana,Pacers,IND,pacers,1630167,Obi,Toppin,O. Toppin,obi-toppin,,,,12:13,92.9,92.9,125.9,125.9,-33.1,-33.1,0.333,1.5,33.3,0.0,0.333,0.136,22.2,0.333,0.579,0.2,0.2,108.02,108.02,90.02,28.0,0.111,2024-25,Playoffs
0042400205,1610612754,Indiana,Pacers,IND,pacers,1628418,Thomas,Bryant,T. Bryant,thomas-bryant,,,,10:45,113.0,113.0,91.7,91.7,21.4,21.4,0.0,0.0,0.0,0.0,0.214,0.125,0.0,0.75,0.75,0.25,0.25,105.01,105.01,87.51,23.0,0.232,2024-25,Playoffs
0042400205,1610612754,Indiana,Pacers,IND,pacers,204456,T.J.,McConnell,T. McConnell,tj-mcconnell,,,,10:05,76.2,76.2,145.5,145.5,-69.3,-69.3,0.333,1.0,40.0,0.083,0.333,0.167,40.0,0.0,0.0,0.13,0.13,102.28,102.28,85.23,21.0,0.044,2024-25,Playoffs
0042400205,1610612754,Indiana,Pacers,IND,pacers,1641767,Ben,Sheppard,B. Sheppard,ben-sheppard,,,,12:08,111.1,111.1,107.4,107.4,3.7,3.7,0.0,0.0,0.0,0.0,0.083,0.045,50.0,1.5,1.5,0.071,0.071,106.89,106.89,89.07,27.0,0.037,2024-25,Playoffs
0042400205,1610612754,Indiana,Pacers,IND,pacers,1641716,Jarace,Walker,J. Walker,jarace-walker,,,,0:11,0.0,0.0,0.0,0.0,0.0,0.0,0.0,0.0,0.0,0.0,0.0,0.0,0.0,0.0,0.0,0.0,0.0,137.14,137.14,114.29,0.0,0.0,2024-25,Playoffs
0042400205,1610612754,Indiana,Pacers,IND,pacers,1628396,Tony,Bradley,T. Bradley,tony-bradley,,DNP - Coach's Decision,,,0.0,0.0,0.0,0.0,0.0,0.0,0.0,0.0,0.0,0.0,0.0,0.0,0.0,0.0,0.0,0.0,0.0,0.0,0.0,0.0,0.0,0.0,2024-25,Playoffs
0042400205,1610612754,Indiana,Pacers,IND,pacers,1642277,Johnny,Furphy,J. Furphy,johnny-furphy,,DNP - Coach's Decision,,,0.0,0.0,0.0,0.0,0.0,0.0,0.0,0.0,0.0,0.0,0.0,0.0,0.0,0.0,0.0,0.0,0.0,0.0,0.0,0.0,0.0,0.0,2024-25,Playoffs
0042400205,1610612754,Indiana,Pacers,IND,pacers,201949,James,Johnson,J. Johnson,james-johnson,,DNP - Coach's Decision,,,0.0,0.0,0.0,0.0,0.0,0.0,0.0,0.0,0.0,0.0,0.0,0.0,0.0,0.0,0.0,0.0,0.0,0.0,0.0,0.0,0.0,0.0,2024-25,Playoffs
0042400205,1610612739,Cleveland,Cavaliers,CLE,cavaliers,1629622,Max,Strus,M. Strus,max-strus,F,,,26:07,103.6,103.6,107.1,107.1,-3.5,-3.5,0.1,0.0,18.2,0.067,0.19,0.106,0.0,0.0,0.0,0.129,0.129,102.0,102.0,85.0,55.0,-0.063,2024-25,Playoffs
0042400205,1610612739,Cleveland,Cavaliers,CLE,cavaliers,1630596,Evan,Mobley,E. Mobley,evan-mobley,F,,,37:25,92.3,92.3,110.3,110.3,-17.9,-17.9,0.059,0.0,5.9,0.098,0.167,0.126,0.0,0.708,0.752,0.174,0.174,100.06,100.06,83.39,78.0,0.224,2024-25,Playoffs
0042400205,1610612739,Cleveland,Cavaliers,CLE,cavaliers,1628386,Jarrett,Allen,J. Allen,jarrett-allen,C,,,29:43,104.8,104.8,113.1,113.1,-8.4,-8.4,0.0,0.0,0.0,0.027,0.115,0.063,22.2,0.667,0.654,0.122,0.122,100.15,100.15,83.45,63.0,0.072,2024-25,Playoffs
0042400205,1610612739,Cleveland,Cavaliers,CLE,cavaliers,1628378,Donovan,Mitchell,D. Mitchell,donovan-mitchell,G,,,37:39,101.3,101.3,105.1,105.1,-3.8,-3.8,0.056,0.5,2.8,0.04,0.194,0.105,5.6,0.4,0.511,0.372,0.372,100.72,100.72,83.93,79.0,0.17,2024-25,Playoffs
0042400205,1610612739,Cleveland,Cavaliers,CLE,cavaliers,1629636,Darius,Garland,D. Garland,darius-garland,G,,,33:18,100.0,100.0,122.5,122.5,-22.5,-22.5,0.143,0.6,11.5,0.0,0.143,0.053,19.2,0.25,0.31,0.284,0.284,100.9,100.9,84.08,69.0,-0.03,2024-25,Playoffs
0042400205,1610612739,Cleveland,Cavaliers,CLE,cavaliers,1629631,De'Andre,Hunter,D. Hunter,deandre-hunter,,,,29:56,119.0,119.0,110.9,110.9,8.1,8.1,0.053,0.0,7.7,0.054,0.12,0.081,0.0,0.5,0.482,0.16,0.16,101.83,101.83,84.86,63.0,0.056,2024-25,Playoffs
0042400205,1610612739,Cleveland,Cavaliers,CLE,cavaliers,1629731,Dean,Wade,D. Wade,dean-wade,,,,18:44,92.7,92.7,119.5,119.5,-26.8,-26.8,0.0,0.0,0.0,0.1,0.235,0.162,25.0,0.667,0.667,0.087,0.087,105.05,105.05,87.54,41.0,0.049,2024-25,Playoffs
0042400205,1610612739,Cleveland,Cavaliers,CLE,cavaliers,1630171,Isaac,Okoro,I. Okoro,isaac-okoro,,,,16:08,108.3,108.3,102.8,102.8,5.6,5.6,0.0,0.0,0.0,0.0,0.0,0.0,33.3,0.5,0.5,0.081,0.081,107.11,107.11,89.26,36.0,0.0,2024-25,Playoffs
0042400205,1610612739,Cleveland,Cavaliers,CLE,cavaliers,1629660,Ty,Jerome,T. Jerome,ty-jerome,,,,11:00,131.8,131.8,121.7,121.7,10.1,10.1,0.333,0.0,28.6,0.0,0.0,0.0,0.0,0.8,0.8,0.185,0.185,98.18,98.18,81.82,22.0,0.113,2024-25,Playoffs
0042400205,1610612739,Cleveland,Cavaliers,CLE,cavaliers,1629750,Javonte,Green,J. Green,javonte-green,,DNP - Coach's Decision,,,0.0,0.0,0.0,0.0,0.0,0.0,0.0,0.0,0.0,0.0,0.0,0.0,0.0,0.0,0.0,0.0,0.0,0.0,0.0,0.0,0.0,0.0,2024-25,Playoffs
0042400205,1610612739,Cleveland,Cavaliers,CLE,cavaliers,1630241,Sam,Merrill,S. Merrill,sam-merrill,,DND - Injury/Illness,,,0.0,0.0,0.0,0.0,0.0,0.0,0.0,0.0,0.0,0.0,0.0,0.0,0.0,0.0,0.0,0.0,0.0,0.0,0.0,0.0,0.0,0.0,2024-25,Playoffs
0042400205,1610612739,Cleveland,Cavaliers,CLE,cavaliers,1629643,Chuma,Okeke,C. Okeke,chuma-okeke,,DNP - Coach's Decision,,,0.0,0.0,0.0,0.0,0.0,0.0,0.0,0.0,0.0,0.0,0.0,0.0,0.0,0.0,0.0,0.0,0.0,0.0,0.0,0.0,0.0,0.0,2024-25,Playoffs
0042400205,1610612739,Cleveland,Cavaliers,CLE,cavaliers,1641854,Craig,Porter Jr.,C. Porter Jr.,craig-porter-jr,,DNP - Coach's Decision,,,0.0,0.0,0.0,0.0,0.0,0.0,0.0,0.0,0.0,0.0,0.0,0.0,0.0,0.0,0.0,0.0,0.0,0.0,0.0,0.0,0.0,0.0,2024-25,Playoffs
0042400205,1610612739,Cleveland,Cavaliers,CLE,cavaliers,202684,Tristan,Thompson,T. Thompson,tristan-thompson,,DNP - Coach's Decision,,,0.0,0.0,0.0,0.0,0.0,0.0,0.0,0.0,0.0,0.0,0.0,0.0,0.0,0.0,0.0,0.0,0.0,0.0,0.0,0.0,0.0,0.0,2024-25,Playoffs
0042400205,1610612739,Cleveland,Cavaliers,CLE,cavaliers,1642281,Jaylon,Tyson,J. Tyson,jaylon-tyson,,DNP - Coach's Decision,,,0.0,0.0,0.0,0.0,0.0,0.0,0.0,0.0,0.0,0.0,0.0,0.0,0.0,0.0,0.0,0.0,0.0,0.0,0.0,0.0,0.0,0.0,2024-25,Playoffs
0042400211,1610612752,New York,Knicks,NYK,knicks,1628384,OG,Anunoby,O. Anunoby,og-anunoby,F,,,45:49,101.1,101.1,103.4,103.4,-2.3,-2.3,0.15,1.0,11.1,0.019,0.053,0.037,11.1,0.65,0.666,0.235,0.235,92.72,92.72,77.26,89.0,0.158,2024-25,Playoffs
0042400211,1610612752,New York,Knicks,NYK,knicks,1628404,Josh,Hart,J. Hart,josh-hart,F,,,45:14,107.1,107.1,101.2,101.2,5.9,5.9,0.111,3.0,18.8,0.102,0.113,0.108,6.3,0.611,0.601,0.133,0.133,90.2,90.2,75.17,85.0,0.115,2024-25,Playoffs
0042400211,1610612752,New York,Knicks,NYK,knicks,1626157,Karl-Anthony,Towns,K. Towns,karl-anthony-towns,C,,,31:29,106.9,106.9,91.5,91.5,15.4,15.4,0.0,0.0,0.0,0.118,0.25,0.186,12.5,0.462,0.504,0.232,0.232,89.2,89.2,74.33,58.0,0.145,2024-25,Playoffs
0042400211,1610612752,New York,Knicks,NYK,knicks,1628969,Mikal,Bridges,M. Bridges,mikal-bridges,G,,,51:02,105.1,105.1,103.1,103.1,2.0,2.0,0.212,7.0,33.3,0.0,0.097,0.052,4.8,0.308,0.308,0.126,0.126,91.7,91.7,76.42,98.0,0.075,2024-25,Playoffs
0042400211,1610612752,New York,Knicks,NYK,knicks,1628973,Jalen,Brunson,J. Brunson,jalen-brunson,G,,,43:31,110.7,110.7,109.6,109.6,1.1,1.1,0.217,1.25,14.3,0.022,0.06,0.042,11.4,0.5,0.556,0.316,0.316,92.09,92.09,76.74,84.0,0.112,2024-25,Playoffs
0042400211,1610612752,New York,Knicks,NYK,knicks,1630540,Miles,McBride,M. McBride,miles-mcbride,,,,18:37,102.7,102.7,110.0,110.0,-7.3,-7.3,0.111,0.0,11.1,0.0,0.091,0.05,0.0,0.688,0.688,0.2,0.2,99.29,99.29,82.74,37.0,0.172,2024-25,Playoffs
0042400211,1610612752,New York,Knicks,NYK,knicks,1629011,Mitchell,Robinson,M. Robinson,mitchell-robinson,,,,20:53,113.0,113.0,86.7,86.7,26.4,26.4,0.0,0.0,0.0,0.05,0.214,0.146,0.0,0.0,0.341,0.104,0.104,104.56,104.56,87.14,46.0,0.02,2024-25,Playoffs
0042400211,1610612752,New York,Knicks,NYK,knicks,1626166,Cameron,Payne,C. Payne,cameron-payne,,,,3:19,71.4,71.4,100.0,100.0,-28.6,-28.6,0.0,0.0,0.0,0.0,0.0,0.0,50.0,0.0,0.0,0.25,0.25,101.36,101.36,84.46,7.0,-1.6,2024-25,Playoffs
0042400211,1610612752,New York,Knicks,NYK,knicks,1630173,Precious,Achiuwa,P. Achiuwa,precious-achiuwa,,,,5:06,66.7,66.7,130.0,130.0,-63.3,-63.3,0.0,0.0,0.0,0.0,0.286,0.125,0.0,0.0,0.0,0.083,0.083,89.41,89.41,74.51,9.0,0.091,2024-25,Playoffs
0042400211,1610612752,New York,Knicks,NYK,knicks,1642359,Pacôme,Dadiet,P. Dadiet,pacôme-dadiet,,DNP - Coach's Decision,,,0.0,0.0,0.0,0.0,0.0,0.0,0.0,0.0,0.0,0.0,0.0,0.0,0.0,0.0,0.0,0.0,0.0,0.0,0.0,0.0,0.0,0.0,2024-25,Playoffs
0042400211,1610612752,New York,Knicks,NYK,knicks,1630574,Ariel,Hukporti,A. Hukporti,ariel-hukporti,,DNP - Coach's Decision,,,0.0,0.0,0.0,0.0,0.0,0.0,0.0,0.0,0.0,0.0,0.0,0.0,0.0,0.0,0.0,0.0,0.0,0.0,0.0,0.0,0.0,0.0,2024-25,Playoffs
0042400211,1610612752,New York,Knicks,NYK,knicks,1642278,Tyler,Kolek,T. Kolek,tyler-kolek,,DNP - Coach's Decision,,,0.0,0.0,0.0,0.0,0.0,0.0,0.0,0.0,0.0,0.0,0.0,0.0,0.0,0.0,0.0,0.0,0.0,0.0,0.0,0.0,0.0,0.0,2024-25,Playoffs
0042400211,1610612752,New York,Knicks,NYK,knicks,1629013,Landry,Shamet,L. Shamet,landry-shamet,,DNP - Coach's Decision,,,0.0,0.0,0.0,0.0,0.0,0.0,0.0,0.0,0.0,0.0,0.0,0.0,0.0,0.0,0.0,0.0,0.0,0.0,0.0,0.0,0.0,0.0,2024-25,Playoffs
0042400211,1610612752,New York,Knicks,NYK,knicks,200782,P.J.,Tucker,P. Tucker,pj-tucker,,DNP - Coach's Decision,,,0.0,0.0,0.0,0.0,0.0,0.0,0.0,0.0,0.0,0.0,0.0,0.0,0.0,0.0,0.0,0.0,0.0,0.0,0.0,0.0,0.0,0.0,2024-25,Playoffs
0042400211,1610612752,New York,Knicks,NYK,knicks,1626153,Delon,Wright,D. Wright,delon-wright,,DNP - Coach's Decision,,,0.0,0.0,0.0,0.0,0.0,0.0,0.0,0.0,0.0,0.0,0.0,0.0,0.0,0.0,0.0,0.0,0.0,0.0,0.0,0.0,0.0,0.0,2024-25,Playoffs
0042400211,1610612738,Boston,Celtics,BOS,celtics,1627759,Jaylen,Brown,J. Brown,jaylen-brown,F,,,44:54,108.4,108.4,106.0,106.0,2.5,2.5,0.227,2.5,15.6,0.038,0.104,0.069,6.3,0.375,0.471,0.26,0.26,89.28,89.28,74.4,83.0,0.1,2024-25,Playoffs
0042400211,1610612738,Boston,Celtics,BOS,celtics,1628369,Jayson,Tatum,J. Tatum,jayson-tatum,F,,,44:14,100.0,100.0,104.7,104.7,-4.7,-4.7,0.3,1.2,16.2,0.0,0.32,0.151,13.5,0.391,0.441,0.298,0.298,92.78,92.78,77.32,85.0,0.169,2024-25,Playoffs
0042400211,1610612738,Boston,Celtics,BOS,celtics,204001,Kristaps,Porziņģis,K. Porziņģis,kristaps-porziņģis,C,,,12:58,126.9,126.9,122.2,122.2,4.7,4.7,0.1,1.0,16.7,0.286,0.0,0.16,16.7,0.0,0.0,0.156,0.156,98.1,98.1,81.75,26.0,-0.038,2024-25,Playoffs
0042400211,1610612738,Boston,Celtics,BOS,celtics,1628401,Derrick,White,D. White,derrick-white,G,,,44:05,102.4,102.4,101.2,101.2,1.2,1.2,0.087,1.0,8.7,0.019,0.233,0.115,8.7,0.472,0.503,0.204,0.204,92.01,92.01,76.67,84.0,0.123,2024-25,Playoffs
0042400211,1610612738,Boston,Celtics,BOS,celtics,201950,Jrue,Holiday,J. Holiday,jrue-holiday,G,,,38:56,104.1,104.1,101.4,101.4,2.7,2.7,0.2,3.0,16.7,0.111,0.022,0.067,5.6,0.571,0.571,0.165,0.165,90.0,90.0,75.0,73.0,0.126,2024-25,Playoffs
0042400211,1610612738,Boston,Celtics,BOS,celtics,201143,Al,Horford,A. Horford,al-horford,,,,34:21,96.9,96.9,94.0,94.0,2.9,2.9,0.0,0.0,0.0,0.07,0.1,0.084,0.0,0.417,0.509,0.088,0.088,92.23,92.23,76.86,65.0,0.053,2024-25,Playoffs
0042400211,1610612738,Boston,Celtics,BOS,celtics,1630202,Payton,Pritchard,P. Pritchard,payton-pritchard,,,,24:21,110.2,110.2,108.2,108.2,2.0,2.0,0.063,1.0,9.1,0.0,0.111,0.055,9.1,0.667,0.793,0.179,0.179,96.59,96.59,80.49,49.0,0.14,2024-25,Playoffs
0042400211,1610612738,Boston,Celtics,BOS,celtics,1628436,Luke,Kornet,L. Kornet,luke-kornet,,,,17:14,91.4,91.4,114.7,114.7,-23.3,-23.3,0.0,0.0,0.0,0.174,0.056,0.122,20.0,0.5,0.5,0.125,0.125,96.09,96.09,80.08,35.0,0.009,2024-25,Playoffs
0042400211,1610612738,Boston,Celtics,BOS,celtics,1630573,Sam,Hauser,S. Hauser,sam-hauser,,,,3:58,75.0,75.0,144.4,144.4,-69.4,-69.4,0.0,0.0,0.0,0.0,0.0,0.0,0.0,0.0,0.0,0.25,0.25,103.07,103.07,85.89,8.0,-0.158,2024-25,Playoffs
0042400211,1610612738,Boston,Celtics,BOS,celtics,1628470,Torrey,Craig,T. Craig,torrey-craig,,DNP - Coach's Decision,,,0.0,0.0,0.0,0.0,0.0,0.0,0.0,0.0,0.0,0.0,0.0,0.0,0.0,0.0,0.0,0.0,0.0,0.0,0.0,0.0,0.0,0.0,2024-25,Playoffs
0042400211,1610612738,Boston,Celtics,BOS,celtics,1631120,JD,Davison,J. Davison,jd-davison,,DNP - Coach's Decision,,,0.0,0.0,0.0,0.0,0.0,0.0,0.0,0.0,0.0,0.0,0.0,0.0,0.0,0.0,0.0,0.0,0.0,0.0,0.0,0.0,0.0,0.0,2024-25,Playoffs
0042400211,1610612738,Boston,Celtics,BOS,celtics,1629674,Neemias,Queta,N. Queta,neemias-queta,,DNP - Coach's Decision,,,0.0,0.0,0.0,0.0,0.0,0.0,0.0,0.0,0.0,0.0,0.0,0.0,0.0,0.0,0.0,0.0,0.0,0.0,0.0,0.0,0.0,0.0,2024-25,Playoffs
0042400211,1610612738,Boston,Celtics,BOS,celtics,1631248,Baylor,Scheierman,B. Scheierman,baylor-scheierman,,DNP - Coach's Decision,,,0.0,0.0,0.0,0.0,0.0,0.0,0.0,0.0,0.0,0.0,0.0,0.0,0.0,0.0,0.0,0.0,0.0,0.0,0.0,0.0,0.0,0.0,2024-25,Playoffs
0042400211,1610612738,Boston,Celtics,BOS,celtics,1630214,Xavier,Tillman,X. Tillman,xavier-tillman,,DNP - Coach's Decision,,,0.0,0.0,0.0,0.0,0.0,0.0,0.0,0.0,0.0,0.0,0.0,0.0,0.0,0.0,0.0,0.0,0.0,0.0,0.0,0.0,0.0,0.0,2024-25,Playoffs
0042400211,1610612738,Boston,Celtics,BOS,celtics,1641775,Jordan,Walsh,J. Walsh,jordan-walsh,,DNP - Coach's Decision,,,0.0,0.0,0.0,0.0,0.0,0.0,0.0,0.0,0.0,0.0,0.0,0.0,0.0,0.0,0.0,0.0,0.0,0.0,0.0,0.0,0.0,0.0,2024-25,Playoffs
0042400212,1610612752,New York,Knicks,NYK,knicks,1628384,OG,Anunoby,O. Anunoby,og-anunoby,F,,,38:14,87.3,87.3,103.9,103.9,-16.6,-16.6,0.038,0.33,7.7,0.025,0.08,0.056,23.1,0.278,0.278,0.141,0.141,97.93,97.93,81.6,79.0,0.016,2024-25,Playoffs
0042400212,1610612752,New York,Knicks,NYK,knicks,1628404,Josh,Hart,J. Hart,josh-hart,F,,,42:50,92.0,92.0,103.5,103.5,-11.5,-11.5,0.125,1.5,14.3,0.065,0.056,0.06,9.5,0.7,0.724,0.184,0.184,96.93,96.93,80.78,88.0,0.138,2024-25,Playoffs
0042400212,1610612752,New York,Knicks,NYK,knicks,1626157,Karl-Anthony,Towns,K. Towns,karl-anthony-towns,C,,,34:49,87.3,87.3,90.1,90.1,-2.8,-2.8,0.063,0.25,4.8,0.079,0.292,0.198,19.0,0.563,0.606,0.26,0.26,97.9,97.9,81.59,71.0,0.238,2024-25,Playoffs
0042400212,1610612752,New York,Knicks,NYK,knicks,1628969,Mikal,Bridges,M. Bridges,mikal-bridges,G,,,42:49,89.8,89.8,96.6,96.6,-6.8,-6.8,0.192,2.5,20.0,0.0,0.119,0.067,8.0,0.389,0.389,0.208,0.208,98.67,98.67,82.22,88.0,0.097,2024-25,Playoffs
0042400212,1610612752,New York,Knicks,NYK,knicks,1628973,Jalen,Brunson,J. Brunson,jalen-brunson,G,,,37:30,92.1,92.1,94.7,94.7,-2.6,-2.6,0.318,3.5,23.3,0.0,0.067,0.036,6.7,0.368,0.409,0.274,0.274,96.65,96.65,80.54,76.0,0.082,2024-25,Playoffs
0042400212,1610612752,New York,Knicks,NYK,knicks,1629011,Mitchell,Robinson,M. Robinson,mitchell-robinson,,,,22:19,116.7,116.7,73.2,73.2,43.5,43.5,0.0,0.0,0.0,0.15,0.172,0.163,28.6,0.6,0.551,0.143,0.143,89.23,89.23,74.36,42.0,0.165,2024-25,Playoffs
0042400212,1610612752,New York,Knicks,NYK,knicks,1630540,Miles,McBride,M. McBride,miles-mcbride,,,,16:38,106.1,106.1,78.8,78.8,27.3,27.3,0.077,0.0,25.0,0.0,0.0,0.0,0.0,0.833,0.833,0.079,0.079,95.26,95.26,79.38,33.0,0.116,2024-25,Playoffs
0042400212,1610612752,New York,Knicks,NYK,knicks,1626166,Cameron,Payne,C. Payne,cameron-payne,,,,4:52,100.0,100.0,60.0,60.0,40.0,40.0,0.25,0.0,50.0,0.0,0.0,0.0,0.0,0.0,0.0,0.1,0.1,98.63,98.63,82.19,10.0,0.0,2024-25,Playoffs
0042400212,1610612752,New York,Knicks,NYK,knicks,1630173,Precious,Achiuwa,P. Achiuwa,precious-achiuwa,,DNP - Coach's Decision,,,0.0,0.0,0.0,0.0,0.0,0.0,0.0,0.0,0.0,0.0,0.0,0.0,0.0,0.0,0.0,0.0,0.0,0.0,0.0,0.0,0.0,0.0,2024-25,Playoffs
0042400212,1610612752,New York,Knicks,NYK,knicks,1642359,Pacôme,Dadiet,P. Dadiet,pacôme-dadiet,,DNP - Coach's Decision,,,0.0,0.0,0.0,0.0,0.0,0.0,0.0,0.0,0.0,0.0,0.0,0.0,0.0,0.0,0.0,0.0,0.0,0.0,0.0,0.0,0.0,0.0,2024-25,Playoffs
0042400212,1610612752,New York,Knicks,NYK,knicks,1630574,Ariel,Hukporti,A. Hukporti,ariel-hukporti,,DNP - Coach's Decision,,,0.0,0.0,0.0,0.0,0.0,0.0,0.0,0.0,0.0,0.0,0.0,0.0,0.0,0.0,0.0,0.0,0.0,0.0,0.0,0.0,0.0,0.0,2024-25,Playoffs
0042400212,1610612752,New York,Knicks,NYK,knicks,1642278,Tyler,Kolek,T. Kolek,tyler-kolek,,DNP - Coach's Decision,,,0.0,0.0,0.0,0.0,0.0,0.0,0.0,0.0,0.0,0.0,0.0,0.0,0.0,0.0,0.0,0.0,0.0,0.0,0.0,0.0,0.0,0.0,2024-25,Playoffs
0042400212,1610612752,New York,Knicks,NYK,knicks,1629013,Landry,Shamet,L. Shamet,landry-shamet,,DNP - Coach's Decision,,,0.0,0.0,0.0,0.0,0.0,0.0,0.0,0.0,0.0,0.0,0.0,0.0,0.0,0.0,0.0,0.0,0.0,0.0,0.0,0.0,0.0,0.0,2024-25,Playoffs
0042400212,1610612752,New York,Knicks,NYK,knicks,200782,P.J.,Tucker,P. Tucker,pj-tucker,,DNP - Coach's Decision,,,0.0,0.0,0.0,0.0,0.0,0.0,0.0,0.0,0.0,0.0,0.0,0.0,0.0,0.0,0.0,0.0,0.0,0.0,0.0,0.0,0.0,0.0,2024-25,Playoffs
0042400212,1610612752,New York,Knicks,NYK,knicks,1626153,Delon,Wright,D. Wright,delon-wright,,DNP - Coach's Decision,,,0.0,0.0,0.0,0.0,0.0,0.0,0.0,0.0,0.0,0.0,0.0,0.0,0.0,0.0,0.0,0.0,0.0,0.0,0.0,0.0,0.0,0.0,2024-25,Playoffs
0042400212,1610612738,Boston,Celtics,BOS,celtics,1627759,Jaylen,Brown,J. Brown,jaylen-brown,F,,,41:23,93.9,93.9,88.1,88.1,5.8,5.8,0.048,0.17,3.2,0.075,0.045,0.062,19.4,0.391,0.404,0.303,0.303,96.27,96.27,80.23,82.0,0.017,2024-25,Playoffs
0042400212,1610612738,Boston,Celtics,BOS,celtics,1628369,Jayson,Tatum,J. Tatum,jayson-tatum,F,,,41:59,97.6,97.6,93.0,93.0,4.6,4.6,0.185,1.67,17.9,0.018,0.302,0.143,10.7,0.289,0.327,0.219,0.219,97.75,97.75,81.46,85.0,0.119,2024-25,Playoffs
0042400212,1610612738,Boston,Celtics,BOS,celtics,201143,Al,Horford,A. Horford,al-horford,C,,,29:04,73.7,73.7,91.4,91.4,-17.7,-17.7,0.0,0.0,0.0,0.048,0.063,0.054,8.3,0.182,0.182,0.171,0.171,94.95,94.95,79.13,57.0,-0.052,2024-25,Playoffs
0042400212,1610612738,Boston,Celtics,BOS,celtics,1628401,Derrick,White,D. White,derrick-white,G,,,40:00,91.4,91.4,93.8,93.8,-2.5,-2.5,0.227,0.0,20.8,0.059,0.15,0.099,0.0,0.441,0.521,0.196,0.196,97.2,97.2,81.0,81.0,0.168,2024-25,Playoffs
0042400212,1610612738,Boston,Celtics,BOS,celtics,201950,Jrue,Holiday,J. Holiday,jrue-holiday,G,,,34:04,94.1,94.1,94.2,94.2,-0.1,-0.1,0.263,1.25,33.3,0.042,0.027,0.035,26.7,0.667,0.683,0.119,0.119,96.52,96.52,80.43,68.0,0.08,2024-25,Playoffs
0042400212,1610612738,Boston,Celtics,BOS,celtics,1630202,Payton,Pritchard,P. Pritchard,payton-pritchard,,,,21:59,93.3,93.3,93.2,93.2,0.2,0.2,0.071,1.0,9.1,0.036,0.083,0.058,9.1,0.5,0.5,0.175,0.175,97.14,97.14,80.95,45.0,0.079,2024-25,Playoffs
0042400212,1610612738,Boston,Celtics,BOS,celtics,1628436,Luke,Kornet,L. Kornet,luke-kornet,,,,17:38,118.4,118.4,94.4,94.4,24.0,24.0,0.0,0.0,0.0,0.0,0.471,0.205,0.0,0.75,0.75,0.089,0.089,100.76,100.76,83.96,38.0,0.174,2024-25,Playoffs
0042400212,1610612738,Boston,Celtics,BOS,celtics,204001,Kristaps,Porziņģis,K. Porziņģis,kristaps-porziņģis,,,,13:53,88.5,88.5,118.5,118.5,-30.1,-30.1,0.0,0.0,0.0,0.188,0.077,0.138,16.7,0.7,0.735,0.171,0.171,91.62,91.62,76.35,26.0,0.099,2024-25,Playoffs
0042400212,1610612738,Boston,Celtics,BOS,celtics,1628470,Torrey,Craig,T. Craig,torrey-craig,,DNP - Coach's Decision,,,0.0,0.0,0.0,0.0,0.0,0.0,0.0,0.0,0.0,0.0,0.0,0.0,0.0,0.0,0.0,0.0,0.0,0.0,0.0,0.0,0.0,0.0,2024-25,Playoffs
0042400212,1610612738,Boston,Celtics,BOS,celtics,1631120,JD,Davison,J. Davison,jd-davison,,DNP - Coach's Decision,,,0.0,0.0,0.0,0.0,0.0,0.0,0.0,0.0,0.0,0.0,0.0,0.0,0.0,0.0,0.0,0.0,0.0,0.0,0.0,0.0,0.0,0.0,2024-25,Playoffs
0042400212,1610612738,Boston,Celtics,BOS,celtics,1630573,Sam,Hauser,S. Hauser,sam-hauser,,DND - Injury/Illness,,,0.0,0.0,0.0,0.0,0.0,0.0,0.0,0.0,0.0,0.0,0.0,0.0,0.0,0.0,0.0,0.0,0.0,0.0,0.0,0.0,0.0,0.0,2024-25,Playoffs
0042400212,1610612738,Boston,Celtics,BOS,celtics,1629674,Neemias,Queta,N. Queta,neemias-queta,,DNP - Coach's Decision,,,0.0,0.0,0.0,0.0,0.0,0.0,0.0,0.0,0.0,0.0,0.0,0.0,0.0,0.0,0.0,0.0,0.0,0.0,0.0,0.0,0.0,0.0,2024-25,Playoffs
0042400212,1610612738,Boston,Celtics,BOS,celtics,1631248,Baylor,Scheierman,B. Scheierman,baylor-scheierman,,DNP - Coach's Decision,,,0.0,0.0,0.0,0.0,0.0,0.0,0.0,0.0,0.0,0.0,0.0,0.0,0.0,0.0,0.0,0.0,0.0,0.0,0.0,0.0,0.0,0.0,2024-25,Playoffs
0042400212,1610612738,Boston,Celtics,BOS,celtics,1630214,Xavier,Tillman,X. Tillman,xavier-tillman,,DNP - Coach's Decision,,,0.0,0.0,0.0,0.0,0.0,0.0,0.0,0.0,0.0,0.0,0.0,0.0,0.0,0.0,0.0,0.0,0.0,0.0,0.0,0.0,0.0,0.0,2024-25,Playoffs
0042400212,1610612738,Boston,Celtics,BOS,celtics,1641775,Jordan,Walsh,J. Walsh,jordan-walsh,,DNP - Coach's Decision,,,0.0,0.0,0.0,0.0,0.0,0.0,0.0,0.0,0.0,0.0,0.0,0.0,0.0,0.0,0.0,0.0,0.0,0.0,0.0,0.0,0.0,0.0,2024-25,Playoffs
0042400213,1610612738,Boston,Celtics,BOS,celtics,1627759,Jaylen,Brown,J. Brown,jaylen-brown,F,,,35:50,136.2,136.2,94.2,94.2,42.0,42.0,0.192,2.5,18.5,0.03,0.132,0.085,7.4,0.444,0.481,0.272,0.272,92.43,92.43,77.02,69.0,0.114,2024-25,Playoffs
0042400213,1610612738,Boston,Celtics,BOS,celtics,1628369,Jayson,Tatum,J. Tatum,jayson-tatum,F,,,39:43,135.1,135.1,102.7,102.7,32.5,32.5,0.269,2.33,23.3,0.032,0.17,0.115,10.0,0.525,0.538,0.284,0.284,90.04,90.04,75.03,74.0,0.142,2024-25,Playoffs
0042400213,1610612738,Boston,Celtics,BOS,celtics,201143,Al,Horford,A. Horford,al-horford,C,,,34:31,128.8,128.8,105.8,105.8,23.0,23.0,0.042,0.0,10.0,0.094,0.154,0.127,0.0,0.833,0.833,0.118,0.118,93.87,93.87,78.22,66.0,0.16,2024-25,Playoffs
0042400213,1610612738,Boston,Celtics,BOS,celtics,201950,Jrue,Holiday,J. Holiday,jrue-holiday,G,,,24:46,108.2,108.2,91.8,91.8,16.3,16.3,0.267,1.33,36.4,0.0,0.071,0.036,27.3,1.0,1.0,0.123,0.123,94.97,94.97,79.14,49.0,0.097,2024-25,Playoffs
0042400213,1610612738,Boston,Celtics,BOS,celtics,1628401,Derrick,White,D. White,derrick-white,G,,,33:33,145.3,145.3,98.5,98.5,46.9,46.9,0.077,0.0,15.4,0.12,0.05,0.077,0.0,0.75,0.781,0.157,0.157,92.28,92.28,76.9,64.0,0.129,2024-25,Playoffs
0042400213,1610612738,Boston,Celtics,BOS,celtics,1630202,Payton,Pritchard,P. Pritchard,payton-pritchard,,,,34:31,127.4,127.4,110.9,110.9,16.5,16.5,0.1,0.0,10.5,0.067,0.054,0.06,0.0,0.656,0.681,0.23,0.23,87.61,87.61,73.01,62.0,0.167,2024-25,Playoffs
0042400213,1610612738,Boston,Celtics,BOS,celtics,204001,Kristaps,Porziņģis,K. Porziņģis,kristaps-porziņģis,,,,18:53,125.7,125.7,97.1,97.1,28.7,28.7,0.133,0.0,25.0,0.0,0.154,0.1,0.0,0.0,0.443,0.158,0.158,87.7,87.7,73.08,35.0,0.071,2024-25,Playoffs
0042400213,1610612738,Boston,Celtics,BOS,celtics,1628436,Luke,Kornet,L. Kornet,luke-kornet,,,,9:49,150.0,150.0,116.7,116.7,33.3,33.3,0.0,0.0,0.0,0.182,0.0,0.111,0.0,1.0,1.042,0.115,0.115,88.01,88.01,73.34,18.0,0.108,2024-25,Playoffs
0042400213,1610612738,Boston,Celtics,BOS,celtics,1631248,Baylor,Scheierman,B. Scheierman,baylor-scheierman,,,,2:06,0.0,0.0,100.0,100.0,-100.0,-100.0,0.0,0.0,0.0,0.0,0.5,0.2,0.0,0.0,0.0,0.25,0.25,80.0,80.0,66.67,3.0,0.0,2024-25,Playoffs
0042400213,1610612738,Boston,Celtics,BOS,celtics,1641775,Jordan,Walsh,J. Walsh,jordan-walsh,,,,2:06,0.0,0.0,100.0,100.0,-100.0,-100.0,0.0,0.0,0.0,0.0,0.0,0.0,0.0,0.0,0.0,0.0,0.0,80.0,80.0,66.67,3.0,0.0,2024-25,Playoffs
0042400213,1610612738,Boston,Celtics,BOS,celtics,1628470,Torrey,Craig,T. Craig,torrey-craig,,,,2:06,0.0,0.0,100.0,100.0,-100.0,-100.0,0.0,0.0,0.0,0.0,0.0,0.0,0.0,0.0,0.0,0.0,0.0,80.0,80.0,66.67,3.0,0.0,2024-25,Playoffs
0042400213,1610612738,Boston,Celtics,BOS,celtics,1629674,Neemias,Queta,N. Queta,neemias-queta,,,,2:06,0.0,0.0,100.0,100.0,-100.0,-100.0,0.0,0.0,0.0,0.0,0.0,0.0,0.0,0.0,0.0,0.0,0.0,80.0,80.0,66.67,3.0,0.0,2024-25,Playoffs
0042400213,1610612738,Boston,Celtics,BOS,celtics,1631120,JD,Davison,J. Davison,jd-davison,,DNP - Coach's Decision,,,0.0,0.0,0.0,0.0,0.0,0.0,0.0,0.0,0.0,0.0,0.0,0.0,0.0,0.0,0.0,0.0,0.0,0.0,0.0,0.0,0.0,0.0,2024-25,Playoffs
0042400213,1610612738,Boston,Celtics,BOS,celtics,1630214,Xavier,Tillman,X. Tillman,xavier-tillman,,DNP - Coach's Decision,,,0.0,0.0,0.0,0.0,0.0,0.0,0.0,0.0,0.0,0.0,0.0,0.0,0.0,0.0,0.0,0.0,0.0,0.0,0.0,0.0,0.0,0.0,2024-25,Playoffs
0042400213,1610612752,New York,Knicks,NYK,knicks,1628384,OG,Anunoby,O. Anunoby,og-anunoby,F,,,31:21,101.7,101.7,143.3,143.3,-41.7,-41.7,0.053,1.0,12.5,0.054,0.0,0.033,12.5,0.167,0.167,0.095,0.095,91.87,91.87,76.56,60.0,-0.018,2024-25,Playoffs
0042400213,1610612752,New York,Knicks,NYK,knicks,1628404,Josh,Hart,J. Hart,josh-hart,F,,,34:05,97.0,97.0,133.8,133.8,-36.9,-36.9,0.167,3.0,20.0,0.028,0.161,0.09,6.7,0.333,0.465,0.154,0.154,92.24,92.24,76.87,66.0,0.099,2024-25,Playoffs
0042400213,1610612752,New York,Knicks,NYK,knicks,1626157,Karl-Anthony,Towns,K. Towns,karl-anthony-towns,C,,,36:27,97.3,97.3,128.6,128.6,-31.3,-31.3,0.0,0.0,0.0,0.122,0.333,0.211,4.2,0.306,0.46,0.279,0.279,94.16,94.16,78.46,73.0,0.1,2024-25,Playoffs
0042400213,1610612752,New York,Knicks,NYK,knicks,1628969,Mikal,Bridges,M. Bridges,mikal-bridges,G,,,38:05,97.3,97.3,126.4,126.4,-29.1,-29.1,0.111,1.0,14.3,0.023,0.056,0.038,14.3,0.6,0.6,0.133,0.133,92.02,92.02,76.68,74.0,0.08,2024-25,Playoffs
0042400213,1610612752,New York,Knicks,NYK,knicks,1628973,Jalen,Brunson,J. Brunson,jalen-brunson,G,,,39:40,106.6,106.6,131.1,131.1,-24.5,-24.5,0.389,1.75,20.0,0.022,0.1,0.053,11.4,0.5,0.561,0.301,0.301,90.75,90.75,75.62,76.0,0.122,2024-25,Playoffs
0042400213,1610612752,New York,Knicks,NYK,knicks,1629011,Mitchell,Robinson,M. Robinson,mitchell-robinson,,,,18:52,111.8,111.8,120.6,120.6,-8.8,-8.8,0.083,1.0,8.3,0.261,0.111,0.195,8.3,0.25,0.323,0.25,0.25,86.5,86.5,72.08,34.0,-0.065,2024-25,Playoffs
0042400213,1610612752,New York,Knicks,NYK,knicks,1630540,Miles,McBride,M. McBride,miles-mcbride,,,,19:36,113.5,113.5,122.9,122.9,-9.3,-9.3,0.0,0.0,0.0,0.0,0.053,0.024,25.0,0.833,0.833,0.087,0.087,88.16,88.16,73.47,37.0,0.07,2024-25,Playoffs
0042400213,1610612752,New York,Knicks,NYK,knicks,1630173,Precious,Achiuwa,P. Achiuwa,precious-achiuwa,,,,6:01,120.0,120.0,140.0,140.0,-20.0,-20.0,0.0,0.0,0.0,0.125,0.0,0.077,0.0,0.75,0.676,0.286,0.286,79.78,79.78,66.48,10.0,0.184,2024-25,Playoffs
0042400213,1610612752,New York,Knicks,NYK,knicks,1626166,Cameron,Payne,C. Payne,cameron-payne,,,,7:35,92.3,92.3,123.1,123.1,-30.8,-30.8,0.5,0.0,40.0,0.0,0.083,0.056,0.0,0.333,0.333,0.2,0.2,82.29,82.29,68.57,13.0,0.108,2024-25,Playoffs
0042400213,1610612752,New York,Knicks,NYK,knicks,1629013,Landry,Shamet,L. Shamet,landry-shamet,,,,3:06,80.0,80.0,100.0,100.0,-20.0,-20.0,0.0,0.0,0.0,0.0,0.0,0.0,0.0,0.0,0.0,0.167,0.167,77.42,77.42,64.52,5.0,-0.111,2024-25,Playoffs
0042400213,1610612752,New York,Knicks,NYK,knicks,1626153,Delon,Wright,D. Wright,delon-wright,,,,3:06,80.0,80.0,100.0,100.0,-20.0,-20.0,0.0,0.0,0.0,0.0,0.0,0.0,0.0,0.0,0.0,0.0,0.0,77.42,77.42,64.52,5.0,0.0,2024-25,Playoffs
0042400213,1610612752,New York,Knicks,NYK,knicks,1630574,Ariel,Hukporti,A. Hukporti,ariel-hukporti,,,,2:06,100.0,100.0,0.0,0.0,100.0,100.0,0.0,0.0,0.0,0.0,0.667,0.4,0.0,1.0,1.0,0.2,0.2,80.0,80.0,66.67,4.0,1.143,2024-25,Playoffs
0042400213,1610612752,New York,Knicks,NYK,knicks,1642359,Pacôme,Dadiet,P. Dadiet,pacôme-dadiet,,DNP - Coach's Decision,,,0.0,0.0,0.0,0.0,0.0,0.0,0.0,0.0,0.0,0.0,0.0,0.0,0.0,0.0,0.0,0.0,0.0,0.0,0.0,0.0,0.0,0.0,2024-25,Playoffs
0042400213,1610612752,New York,Knicks,NYK,knicks,1642278,Tyler,Kolek,T. Kolek,tyler-kolek,,DNP - Coach's Decision,,,0.0,0.0,0.0,0.0,0.0,0.0,0.0,0.0,0.0,0.0,0.0,0.0,0.0,0.0,0.0,0.0,0.0,0.0,0.0,0.0,0.0,0.0,2024-25,Playoffs
0042400213,1610612752,New York,Knicks,NYK,knicks,200782,P.J.,Tucker,P. Tucker,pj-tucker,,DNP - Coach's Decision,,,0.0,0.0,0.0,0.0,0.0,0.0,0.0,0.0,0.0,0.0,0.0,0.0,0.0,0.0,0.0,0.0,0.0,0.0,0.0,0.0,0.0,0.0,2024-25,Playoffs
0042400214,1610612738,Boston,Celtics,BOS,celtics,1627759,Jaylen,Brown,J. Brown,jaylen-brown,F,,,32:33,119.7,119.7,119.4,119.4,0.3,0.3,0.095,0.5,8.0,0.037,0.207,0.125,16.0,0.5,0.536,0.324,0.324,98.06,98.06,81.72,66.0,0.063,2024-25,Playoffs
0042400214,1610612738,Boston,Celtics,BOS,celtics,1628369,Jayson,Tatum,J. Tatum,jayson-tatum,F,,,39:37,119.7,119.7,133.3,133.3,-13.6,-13.6,0.267,1.0,10.8,0.0,0.235,0.114,10.8,0.696,0.716,0.393,0.393,91.48,91.48,76.23,76.0,0.239,2024-25,Playoffs
0042400214,1610612738,Boston,Celtics,BOS,celtics,201143,Al,Horford,A. Horford,al-horford,C,,,37:30,117.1,117.1,129.3,129.3,-12.2,-12.2,0.138,0.0,57.1,0.0,0.172,0.076,0.0,0.75,0.868,0.036,0.036,96.64,96.64,80.53,76.0,0.067,2024-25,Playoffs
0042400214,1610612738,Boston,Celtics,BOS,celtics,201950,Jrue,Holiday,J. Holiday,jrue-holiday,G,,,34:27,114.7,114.7,130.4,130.4,-15.7,-15.7,0.12,0.0,37.5,0.03,0.1,0.063,0.0,0.4,0.4,0.068,0.068,95.43,95.43,79.53,68.0,0.03,2024-25,Playoffs
0042400214,1610612738,Boston,Celtics,BOS,celtics,1628401,Derrick,White,D. White,derrick-white,G,,,43:31,120.9,120.9,131.0,131.0,-10.1,-10.1,0.069,1.0,10.5,0.049,0.028,0.039,10.5,0.75,0.763,0.181,0.181,95.41,95.41,79.51,86.0,0.089,2024-25,Playoffs
0042400214,1610612738,Boston,Celtics,BOS,celtics,204001,Kristaps,Porziņģis,K. Porziņģis,kristaps-porziņģis,,,,24:16,125.0,125.0,133.3,133.3,-8.3,-8.3,0.0,0.0,0.0,0.143,0.043,0.091,10.0,0.333,0.405,0.189,0.189,91.98,91.98,76.65,48.0,0.015,2024-25,Playoffs
0042400214,1610612738,Boston,Celtics,BOS,celtics,1630202,Payton,Pritchard,P. Pritchard,payton-pritchard,,,,20:21,118.6,118.6,119.5,119.5,-0.9,-0.9,0.0,0.0,0.0,0.0,0.0,0.0,8.3,0.5,0.551,0.255,0.255,99.07,99.07,82.56,43.0,0.078,2024-25,Playoffs
0042400214,1610612738,Boston,Celtics,BOS,celtics,1628436,Luke,Kornet,L. Kornet,luke-kornet,,,,7:45,92.9,92.9,115.4,115.4,-22.5,-22.5,0.0,0.0,0.0,0.0,0.0,0.0,0.0,0.0,0.0,0.0,0.0,83.65,83.65,69.71,14.0,0.0,2024-25,Playoffs
0042400214,1610612738,Boston,Celtics,BOS,celtics,1628470,Torrey,Craig,T. Craig,torrey-craig,,DNP - Coach's Decision,,,0.0,0.0,0.0,0.0,0.0,0.0,0.0,0.0,0.0,0.0,0.0,0.0,0.0,0.0,0.0,0.0,0.0,0.0,0.0,0.0,0.0,0.0,2024-25,Playoffs
0042400214,1610612738,Boston,Celtics,BOS,celtics,1631120,JD,Davison,J. Davison,jd-davison,,DNP - Coach's Decision,,,0.0,0.0,0.0,0.0,0.0,0.0,0.0,0.0,0.0,0.0,0.0,0.0,0.0,0.0,0.0,0.0,0.0,0.0,0.0,0.0,0.0,0.0,2024-25,Playoffs
0042400214,1610612738,Boston,Celtics,BOS,celtics,1629674,Neemias,Queta,N. Queta,neemias-queta,,DNP - Coach's Decision,,,0.0,0.0,0.0,0.0,0.0,0.0,0.0,0.0,0.0,0.0,0.0,0.0,0.0,0.0,0.0,0.0,0.0,0.0,0.0,0.0,0.0,0.0,2024-25,Playoffs
0042400214,1610612738,Boston,Celtics,BOS,celtics,1631248,Baylor,Scheierman,B. Scheierman,baylor-scheierman,,DNP - Coach's Decision,,,0.0,0.0,0.0,0.0,0.0,0.0,0.0,0.0,0.0,0.0,0.0,0.0,0.0,0.0,0.0,0.0,0.0,0.0,0.0,0.0,0.0,0.0,2024-25,Playoffs
0042400214,1610612738,Boston,Celtics,BOS,celtics,1630214,Xavier,Tillman,X. Tillman,xavier-tillman,,DNP - Coach's Decision,,,0.0,0.0,0.0,0.0,0.0,0.0,0.0,0.0,0.0,0.0,0.0,0.0,0.0,0.0,0.0,0.0,0.0,0.0,0.0,0.0,0.0,0.0,2024-25,Playoffs
0042400214,1610612738,Boston,Celtics,BOS,celtics,1641775,Jordan,Walsh,J. Walsh,jordan-walsh,,DNP - Coach's Decision,,,0.0,0.0,0.0,0.0,0.0,0.0,0.0,0.0,0.0,0.0,0.0,0.0,0.0,0.0,0.0,0.0,0.0,0.0,0.0,0.0,0.0,0.0,2024-25,Playoffs
0042400214,1610612752,New York,Knicks,NYK,knicks,1628384,OG,Anunoby,O. Anunoby,og-anunoby,F,,,39:39,127.8,127.8,121.3,121.3,6.6,6.6,0.061,0.0,12.5,0.029,0.053,0.042,0.0,0.714,0.714,0.156,0.156,96.24,96.24,80.2,79.0,0.091,2024-25,Playoffs
0042400214,1610612752,New York,Knicks,NYK,knicks,1628404,Josh,Hart,J. Hart,josh-hart,F,,,29:35,125.0,125.0,111.7,111.7,13.3,13.3,0.185,1.67,31.3,0.071,0.259,0.164,18.8,0.357,0.381,0.159,0.159,97.35,97.35,81.13,60.0,0.05,2024-25,Playoffs
0042400214,1610612752,New York,Knicks,NYK,knicks,1626157,Karl-Anthony,Towns,K. Towns,karl-anthony-towns,C,,,35:52,126.4,126.4,127.8,127.8,-1.4,-1.4,0.036,0.25,5.0,0.097,0.258,0.177,20.0,0.733,0.745,0.226,0.226,96.36,96.36,80.3,72.0,0.128,2024-25,Playoffs
0042400214,1610612752,New York,Knicks,NYK,knicks,1628969,Mikal,Bridges,M. Bridges,mikal-bridges,G,,,44:11,129.4,129.4,111.6,111.6,17.8,17.8,0.088,1.0,11.1,0.026,0.143,0.086,11.1,0.548,0.548,0.24,0.24,92.89,92.89,77.4,85.0,0.133,2024-25,Playoffs
0042400214,1610612752,New York,Knicks,NYK,knicks,1628973,Jalen,Brunson,J. Brunson,jalen-brunson,G,,,40:24,131.7,131.7,118.5,118.5,13.2,13.2,0.4,12.0,29.3,0.03,0.1,0.068,2.4,0.64,0.673,0.312,0.312,96.83,96.83,80.69,82.0,0.219,2024-25,Playoffs
0042400214,1610612752,New York,Knicks,NYK,knicks,1629011,Mitchell,Robinson,M. Robinson,mitchell-robinson,,,,25:08,126.5,126.5,119.1,119.1,7.4,7.4,0.083,2.0,40.0,0.227,0.143,0.186,20.0,1.0,1.0,0.05,0.05,91.67,91.67,76.39,49.0,0.079,2024-25,Playoffs
0042400214,1610612752,New York,Knicks,NYK,knicks,1630540,Miles,McBride,M. McBride,miles-mcbride,,,,19:53,134.2,134.2,126.3,126.3,7.9,7.9,0.0,0.0,0.0,0.0,0.0,0.0,0.0,0.75,0.75,0.089,0.089,91.74,91.74,76.45,38.0,0.047,2024-25,Playoffs
0042400214,1610612752,New York,Knicks,NYK,knicks,1626166,Cameron,Payne,C. Payne,cameron-payne,,,,4:29,100.0,100.0,112.5,112.5,-12.5,-12.5,0.0,0.0,0.0,0.0,0.0,0.0,0.0,0.0,0.0,0.273,0.273,80.3,80.3,66.91,7.0,-0.421,2024-25,Playoffs
0042400214,1610612752,New York,Knicks,NYK,knicks,1630173,Precious,Achiuwa,P. Achiuwa,precious-achiuwa,,,,0:49,0.0,0.0,200.0,200.0,-200.0,-200.0,0.0,0.0,0.0,0.0,0.0,0.0,0.0,0.0,0.0,0.5,0.5,117.55,117.55,97.96,2.0,-0.4,2024-25,Playoffs
0042400214,1610612752,New York,Knicks,NYK,knicks,1642359,Pacôme,Dadiet,P. Dadiet,pacôme-dadiet,,DNP - Coach's Decision,,,0.0,0.0,0.0,0.0,0.0,0.0,0.0,0.0,0.0,0.0,0.0,0.0,0.0,0.0,0.0,0.0,0.0,0.0,0.0,0.0,0.0,0.0,2024-25,Playoffs
0042400214,1610612752,New York,Knicks,NYK,knicks,1630574,Ariel,Hukporti,A. Hukporti,ariel-hukporti,,DNP - Coach's Decision,,,0.0,0.0,0.0,0.0,0.0,0.0,0.0,0.0,0.0,0.0,0.0,0.0,0.0,0.0,0.0,0.0,0.0,0.0,0.0,0.0,0.0,0.0,2024-25,Playoffs
0042400214,1610612752,New York,Knicks,NYK,knicks,1642278,Tyler,Kolek,T. Kolek,tyler-kolek,,DNP - Coach's Decision,,,0.0,0.0,0.0,0.0,0.0,0.0,0.0,0.0,0.0,0.0,0.0,0.0,0.0,0.0,0.0,0.0,0.0,0.0,0.0,0.0,0.0,0.0,2024-25,Playoffs
0042400214,1610612752,New York,Knicks,NYK,knicks,1629013,Landry,Shamet,L. Shamet,landry-shamet,,DNP - Coach's Decision,,,0.0,0.0,0.0,0.0,0.0,0.0,0.0,0.0,0.0,0.0,0.0,0.0,0.0,0.0,0.0,0.0,0.0,0.0,0.0,0.0,0.0,0.0,2024-25,Playoffs
0042400214,1610612752,New York,Knicks,NYK,knicks,200782,P.J.,Tucker,P. Tucker,pj-tucker,,DNP - Coach's Decision,,,0.0,0.0,0.0,0.0,0.0,0.0,0.0,0.0,0.0,0.0,0.0,0.0,0.0,0.0,0.0,0.0,0.0,0.0,0.0,0.0,0.0,0.0,2024-25,Playoffs
0042400214,1610612752,New York,Knicks,NYK,knicks,1626153,Delon,Wright,D. Wright,delon-wright,,DNP - Coach's Decision,,,0.0,0.0,0.0,0.0,0.0,0.0,0.0,0.0,0.0,0.0,0.0,0.0,0.0,0.0,0.0,0.0,0.0,0.0,0.0,0.0,0.0,0.0,2024-25,Playoffs
0042400215,1610612752,New York,Knicks,NYK,knicks,1628384,OG,Anunoby,O. Anunoby,og-anunoby,F,,,35:56,116.2,116.2,140.3,140.3,-24.1,-24.1,0.091,1.0,11.1,0.045,0.182,0.104,11.1,0.125,0.218,0.184,0.184,90.17,90.17,75.14,68.0,-0.011,2024-25,Playoffs
0042400215,1610612752,New York,Knicks,NYK,knicks,1628404,Josh,Hart,J. Hart,josh-hart,F,,,35:42,105.9,105.9,143.3,143.3,-37.4,-37.4,0.143,2.0,9.5,0.024,0.2,0.099,4.8,0.633,0.68,0.232,0.232,90.76,90.76,75.63,68.0,0.149,2024-25,Playoffs
0042400215,1610612752,New York,Knicks,NYK,knicks,1626157,Karl-Anthony,Towns,K. Towns,karl-anthony-towns,C,,,28:59,107.1,107.1,140.4,140.4,-33.2,-33.2,0.0,0.0,0.0,0.059,0.24,0.136,11.8,0.5,0.635,0.25,0.25,93.56,93.56,77.97,56.0,0.125,2024-25,Playoffs
0042400215,1610612752,New York,Knicks,NYK,knicks,1628969,Mikal,Bridges,M. Bridges,mikal-bridges,G,,,39:36,100.0,100.0,132.5,132.5,-32.5,-32.5,0.176,1.5,15.8,0.0,0.05,0.022,10.5,0.321,0.321,0.165,0.165,93.33,93.33,77.78,77.0,0.025,2024-25,Playoffs
0042400215,1610612752,New York,Knicks,NYK,knicks,1628973,Jalen,Brunson,J. Brunson,jalen-brunson,G,,,32:50,119.0,119.0,145.3,145.3,-26.3,-26.3,0.429,3.0,20.7,0.024,0.0,0.014,6.9,0.441,0.525,0.288,0.288,92.83,92.83,77.36,63.0,0.061,2024-25,Playoffs
0042400215,1610612752,New York,Knicks,NYK,knicks,1629011,Mitchell,Robinson,M. Robinson,mitchell-robinson,,,,23:02,109.1,109.1,126.7,126.7,-17.6,-17.6,0.0,0.0,0.0,0.207,0.292,0.245,14.3,0.333,0.709,0.127,0.127,92.75,92.75,77.29,44.0,0.2,2024-25,Playoffs
0042400215,1610612752,New York,Knicks,NYK,knicks,1630540,Miles,McBride,M. McBride,miles-mcbride,,,,28:33,122.6,122.6,134.5,134.5,-11.9,-11.9,0.188,0.0,25.0,0.0,0.0,0.0,0.0,0.563,0.619,0.138,0.138,90.79,90.79,75.66,53.0,0.076,2024-25,Playoffs
0042400215,1610612752,New York,Knicks,NYK,knicks,1626166,Cameron,Payne,C. Payne,cameron-payne,,,,5:06,90.9,90.9,100.0,100.0,-9.1,-9.1,0.0,0.0,0.0,0.0,0.0,0.0,0.0,0.0,0.0,0.0,0.0,103.53,103.53,86.27,11.0,-0.207,2024-25,Playoffs
0042400215,1610612752,New York,Knicks,NYK,knicks,1642359,Pacôme,Dadiet,P. Dadiet,pacôme-dadiet,,,,2:34,150.0,150.0,140.0,140.0,10.0,10.0,0.0,0.0,0.0,0.0,0.0,0.0,0.0,1.0,1.0,0.25,0.25,84.16,84.16,70.13,4.0,0.167,2024-25,Playoffs
0042400215,1610612752,New York,Knicks,NYK,knicks,1630173,Precious,Achiuwa,P. Achiuwa,precious-achiuwa,,,,2:34,150.0,150.0,140.0,140.0,10.0,10.0,0.0,0.0,0.0,0.0,0.333,0.2,0.0,0.0,0.0,0.0,0.0,84.16,84.16,70.13,4.0,0.083,2024-25,Playoffs
0042400215,1610612752,New York,Knicks,NYK,knicks,1642278,Tyler,Kolek,T. Kolek,tyler-kolek,,,,2:34,150.0,150.0,140.0,140.0,10.0,10.0,0.0,0.0,0.0,0.0,0.0,0.0,0.0,0.0,0.0,0.0,0.0,84.16,84.16,70.13,4.0,0.0,2024-25,Playoffs
0042400215,1610612752,New York,Knicks,NYK,knicks,1629013,Landry,Shamet,L. Shamet,landry-shamet,,,,2:34,150.0,150.0,140.0,140.0,10.0,10.0,0.5,0.0,33.3,0.0,0.0,0.0,0.0,0.0,0.284,0.5,0.5,84.16,84.16,70.13,4.0,-0.083,2024-25,Playoffs
0042400215,1610612752,New York,Knicks,NYK,knicks,1630574,Ariel,Hukporti,A. Hukporti,ariel-hukporti,,DNP - Coach's Decision,,,0.0,0.0,0.0,0.0,0.0,0.0,0.0,0.0,0.0,0.0,0.0,0.0,0.0,0.0,0.0,0.0,0.0,0.0,0.0,0.0,0.0,0.0,2024-25,Playoffs
0042400215,1610612752,New York,Knicks,NYK,knicks,200782,P.J.,Tucker,P. Tucker,pj-tucker,,DNP - Coach's Decision,,,0.0,0.0,0.0,0.0,0.0,0.0,0.0,0.0,0.0,0.0,0.0,0.0,0.0,0.0,0.0,0.0,0.0,0.0,0.0,0.0,0.0,0.0,2024-25,Playoffs
0042400215,1610612752,New York,Knicks,NYK,knicks,1626153,Delon,Wright,D. Wright,delon-wright,,DNP - Coach's Decision,,,0.0,0.0,0.0,0.0,0.0,0.0,0.0,0.0,0.0,0.0,0.0,0.0,0.0,0.0,0.0,0.0,0.0,0.0,0.0,0.0,0.0,0.0,2024-25,Playoffs
0042400215,1610612738,Boston,Celtics,BOS,celtics,1627759,Jaylen,Brown,J. Brown,jaylen-brown,F,,,37:23,145.8,145.8,108.5,108.5,37.4,37.4,0.462,6.0,34.3,0.063,0.133,0.104,5.7,0.618,0.634,0.277,0.277,91.81,91.81,76.5,72.0,0.207,2024-25,Playoffs
0042400215,1610612738,Boston,Celtics,BOS,celtics,201143,Al,Horford,A. Horford,al-horford,F,,,24:23,142.6,142.6,114.3,114.3,28.3,28.3,0.105,2.0,20.0,0.048,0.16,0.109,10.0,0.857,0.857,0.151,0.151,94.48,94.48,78.74,47.0,0.101,2024-25,Playoffs
0042400215,1610612738,Boston,Celtics,BOS,celtics,204001,Kristaps,Porziņģis,K. Porziņģis,kristaps-porziņģis,C,,,12:03,79.2,79.2,124.0,124.0,-44.8,-44.8,0.0,0.0,0.0,0.0,0.056,0.031,33.3,0.0,0.129,0.214,0.214,97.59,97.59,81.33,24.0,-0.134,2024-25,Playoffs
0042400215,1610612738,Boston,Celtics,BOS,celtics,1628401,Derrick,White,D. White,derrick-white,G,,,39:53,142.1,142.1,107.9,107.9,34.2,34.2,0.071,1.0,8.0,0.0,0.067,0.039,8.0,0.781,0.816,0.271,0.271,91.47,91.47,76.22,76.0,0.167,2024-25,Playoffs
0042400215,1610612738,Boston,Celtics,BOS,celtics,201950,Jrue,Holiday,J. Holiday,jrue-holiday,G,,,32:43,145.9,145.9,108.2,108.2,37.7,37.7,0.12,3.0,21.4,0.08,0.139,0.115,7.1,0.75,0.686,0.162,0.162,89.5,89.5,74.58,61.0,0.086,2024-25,Playoffs
0042400215,1610612738,Boston,Celtics,BOS,celtics,1630202,Payton,Pritchard,P. Pritchard,payton-pritchard,,,,39:05,135.5,135.5,103.9,103.9,31.6,31.6,0.103,0.0,15.0,0.081,0.04,0.057,0.0,0.5,0.5,0.2,0.2,93.34,93.34,77.78,76.0,0.091,2024-25,Playoffs
0042400215,1610612738,Boston,Celtics,BOS,celtics,1628436,Luke,Kornet,L. Kornet,luke-kornet,,,,25:38,153.1,153.1,110.0,110.0,43.1,43.1,0.05,0.0,16.7,0.083,0.212,0.158,0.0,1.0,1.0,0.086,0.086,92.7,92.7,77.25,49.0,0.185,2024-25,Playoffs
0042400215,1610612738,Boston,Celtics,BOS,celtics,1630573,Sam,Hauser,S. Hauser,sam-hauser,,,,14:46,106.7,106.7,106.7,106.7,0.0,0.0,0.222,0.0,28.6,0.0,0.048,0.023,0.0,0.6,0.6,0.132,0.132,97.51,97.51,81.25,30.0,0.094,2024-25,Playoffs
0042400215,1610612738,Boston,Celtics,BOS,celtics,1628470,Torrey,Craig,T. Craig,torrey-craig,,,,3:50,112.5,112.5,133.3,133.3,-20.8,-20.8,0.0,0.0,0.0,0.167,0.75,0.4,0.0,0.0,0.0,0.083,0.083,87.65,87.65,73.04,8.0,0.12,2024-25,Playoffs
0042400215,1610612738,Boston,Celtics,BOS,celtics,1631120,JD,Davison,J. Davison,jd-davison,,,,2:34,140.0,140.0,150.0,150.0,-10.0,-10.0,0.5,0.0,50.0,0.0,0.0,0.0,0.0,1.5,1.5,0.143,0.143,84.16,84.16,70.13,5.0,0.333,2024-25,Playoffs
0042400215,1610612738,Boston,Celtics,BOS,celtics,1641775,Jordan,Walsh,J. Walsh,jordan-walsh,,,,2:34,140.0,140.0,150.0,150.0,-10.0,-10.0,0.0,0.0,0.0,0.0,0.0,0.0,0.0,0.0,0.0,0.143,0.143,84.16,84.16,70.13,5.0,-0.083,2024-25,Playoffs
0042400215,1610612738,Boston,Celtics,BOS,celtics,1631248,Baylor,Scheierman,B. Scheierman,baylor-scheierman,,,,2:34,140.0,140.0,150.0,150.0,-10.0,-10.0,0.0,0.0,0.0,0.0,0.0,0.0,0.0,0.0,0.0,0.143,0.143,84.16,84.16,70.13,5.0,-0.167,2024-25,Playoffs
0042400215,1610612738,Boston,Celtics,BOS,celtics,1629674,Neemias,Queta,N. Queta,neemias-queta,,,,2:34,140.0,140.0,150.0,150.0,-10.0,-10.0,1.0,0.0,33.3,0.333,0.0,0.2,0.0,1.0,1.0,0.286,0.286,84.16,84.16,70.13,5.0,0.375,2024-25,Playoffs
0042400215,1610612738,Boston,Celtics,BOS,celtics,1630214,Xavier,Tillman,X. Tillman,xavier-tillman,,DNP - Coach's Decision,,,0.0,0.0,0.0,0.0,0.0,0.0,0.0,0.0,0.0,0.0,0.0,0.0,0.0,0.0,0.0,0.0,0.0,0.0,0.0,0.0,0.0,0.0,2024-25,Playoffs
0042400216,1610612738,Boston,Celtics,BOS,celtics,1627759,Jaylen,Brown,J. Brown,jaylen-brown,F,,,31:47,78.5,78.5,122.7,122.7,-44.3,-44.3,0.545,0.86,18.2,0.0,0.171,0.082,21.2,0.475,0.479,0.375,0.375,98.92,98.92,82.43,65.0,0.079,2024-25,Playoffs
0042400216,1610612738,Boston,Celtics,BOS,celtics,201143,Al,Horford,A. Horford,al-horford,F,,,26:32,69.1,69.1,129.1,129.1,-60.0,-60.0,0.0,0.0,0.0,0.03,0.038,0.034,12.5,0.714,0.714,0.133,0.133,99.5,99.5,82.91,55.0,0.061,2024-25,Playoffs
0042400216,1610612738,Boston,Celtics,BOS,celtics,1628436,Luke,Kornet,L. Kornet,luke-kornet,C,,,20:34,92.5,92.5,135.9,135.9,-43.4,-43.4,0.077,0.5,16.7,0.087,0.176,0.125,33.3,0.667,0.727,0.111,0.111,92.19,92.19,76.82,40.0,0.066,2024-25,Playoffs
0042400216,1610612738,Boston,Celtics,BOS,celtics,201950,Jrue,Holiday,J. Holiday,jrue-holiday,G,,,29:44,69.4,69.4,124.2,124.2,-54.8,-54.8,0.214,1.5,21.4,0.026,0.086,0.054,14.3,0.125,0.225,0.162,0.162,100.09,100.09,83.41,62.0,0.006,2024-25,Playoffs
0042400216,1610612738,Boston,Celtics,BOS,celtics,1628401,Derrick,White,D. White,derrick-white,G,,,30:13,67.7,67.7,140.3,140.3,-72.6,-72.6,0.154,2.0,14.3,0.0,0.034,0.015,7.1,0.364,0.364,0.176,0.176,98.49,98.49,82.07,62.0,0.01,2024-25,Playoffs
0042400216,1610612738,Boston,Celtics,BOS,celtics,204001,Kristaps,Porziņģis,K. Porziņģis,kristaps-porziņģis,,,,11:28,84.0,84.0,134.6,134.6,-50.6,-50.6,0.0,0.0,0.0,0.067,0.235,0.156,0.0,0.375,0.41,0.179,0.179,106.73,106.73,88.94,25.0,0.085,2024-25,Playoffs
0042400216,1610612738,Boston,Celtics,BOS,celtics,1630202,Payton,Pritchard,P. Pritchard,payton-pritchard,,,,27:37,105.9,105.9,134.0,134.0,-28.1,-28.1,0.25,0.0,28.6,0.0,0.065,0.034,0.0,0.55,0.55,0.179,0.179,90.38,90.38,75.32,51.0,0.103,2024-25,Playoffs
0042400216,1610612738,Boston,Celtics,BOS,celtics,1630573,Sam,Hauser,S. Hauser,sam-hauser,,,,14:51,133.3,133.3,117.9,117.9,15.5,15.5,0.0,0.0,0.0,0.0,0.158,0.091,0.0,0.417,0.466,0.2,0.2,88.9,88.9,74.08,27.0,0.053,2024-25,Playoffs
0042400216,1610612738,Boston,Celtics,BOS,celtics,1631248,Baylor,Scheierman,B. Scheierman,baylor-scheierman,,,,13:49,120.0,120.0,108.0,108.0,12.0,12.0,0.0,0.0,0.0,0.063,0.083,0.071,14.3,0.417,0.417,0.233,0.233,86.85,86.85,72.38,25.0,0.03,2024-25,Playoffs
0042400216,1610612738,Boston,Celtics,BOS,celtics,1628470,Torrey,Craig,T. Craig,torrey-craig,,,,9:27,158.8,158.8,125.0,125.0,33.8,33.8,0.3,0.0,60.0,0.143,0.0,0.063,0.0,0.75,0.75,0.105,0.105,83.81,83.81,69.84,17.0,0.099,2024-25,Playoffs
0042400216,1610612738,Boston,Celtics,BOS,celtics,1630214,Xavier,Tillman,X. Tillman,xavier-tillman,,,,8:22,81.3,81.3,93.8,93.8,-12.5,-12.5,0.0,0.0,0.0,0.077,0.286,0.15,0.0,0.25,0.25,0.2,0.2,91.79,91.79,76.49,16.0,0.077,2024-25,Playoffs
0042400216,1610612738,Boston,Celtics,BOS,celtics,1631120,JD,Davison,J. Davison,jd-davison,,,,5:37,45.5,45.5,81.8,81.8,-36.4,-36.4,0.0,0.0,0.0,0.0,0.0,0.0,20.0,0.0,0.129,0.357,0.357,94.01,94.01,78.34,11.0,-0.571,2024-25,Playoffs
0042400216,1610612738,Boston,Celtics,BOS,celtics,1641775,Jordan,Walsh,J. Walsh,jordan-walsh,,,,5:37,45.5,45.5,81.8,81.8,-36.4,-36.4,0.0,0.0,0.0,0.0,0.2,0.067,0.0,0.0,0.0,0.0,0.0,94.01,94.01,78.34,11.0,0.143,2024-25,Playoffs
0042400216,1610612738,Boston,Celtics,BOS,celtics,1629674,Neemias,Queta,N. Queta,neemias-queta,,,,4:22,33.3,33.3,77.8,77.8,-44.4,-44.4,0.0,0.0,0.0,0.111,0.0,0.083,0.0,0.5,0.5,0.167,0.167,98.93,98.93,82.44,9.0,0.3,2024-25,Playoffs
0042400216,1610612752,New York,Knicks,NYK,knicks,1628384,OG,Anunoby,O. Anunoby,og-anunoby,F,,,37:18,124.0,124.0,89.3,89.3,34.7,34.7,0.077,0.67,8.0,0.024,0.186,0.106,12.0,0.5,0.569,0.247,0.247,96.51,96.51,80.43,75.0,0.169,2024-25,Playoffs
0042400216,1610612752,New York,Knicks,NYK,knicks,1628404,Josh,Hart,J. Hart,josh-hart,F,,,32:58,123.4,123.4,85.9,85.9,37.5,37.5,0.423,5.5,50.0,0.083,0.216,0.151,9.1,0.438,0.512,0.139,0.139,93.19,93.19,77.65,64.0,0.177,2024-25,Playoffs
0042400216,1610612752,New York,Knicks,NYK,knicks,1626157,Karl-Anthony,Towns,K. Towns,karl-anthony-towns,C,,,34:43,120.3,120.3,84.1,84.1,36.2,36.2,0.045,0.33,4.0,0.025,0.268,0.148,12.0,0.425,0.483,0.286,0.286,95.4,95.4,79.5,69.0,0.14,2024-25,Playoffs
0042400216,1610612752,New York,Knicks,NYK,knicks,1628969,Mikal,Bridges,M. Bridges,mikal-bridges,G,,,29:50,129.3,129.3,86.2,86.2,43.1,43.1,0.158,1.5,15.0,0.107,0.03,0.066,10.0,0.733,0.733,0.25,0.25,93.32,93.32,77.77,58.0,0.164,2024-25,Playoffs
0042400216,1610612752,New York,Knicks,NYK,knicks,1628973,Jalen,Brunson,J. Brunson,jalen-brunson,G,,,34:30,133.3,133.3,89.9,89.9,43.5,43.5,0.25,3.0,25.0,0.026,0.125,0.077,8.3,0.679,0.73,0.209,0.209,96.0,96.0,80.0,69.0,0.203,2024-25,Playoffs
0042400216,1610612752,New York,Knicks,NYK,knicks,1630540,Miles,McBride,M. McBride,miles-mcbride,,,,31:55,128.6,128.6,96.8,96.8,31.7,31.7,0.042,0.0,12.5,0.059,0.0,0.029,0.0,0.714,0.714,0.09,0.09,94.75,94.75,78.96,63.0,0.084,2024-25,Playoffs
0042400216,1610612752,New York,Knicks,NYK,knicks,1629011,Mitchell,Robinson,M. Robinson,mitchell-robinson,,,,13:31,157.1,157.1,82.8,82.8,74.4,74.4,0.0,0.0,0.0,0.154,0.143,0.148,0.0,0.0,0.568,0.029,0.029,101.22,101.22,84.35,28.0,0.019,2024-25,Playoffs
0042400216,1610612752,New York,Knicks,NYK,knicks,1630173,Precious,Achiuwa,P. Achiuwa,precious-achiuwa,,,,9:27,100.0,100.0,84.2,84.2,15.8,15.8,0.0,0.0,0.0,0.25,0.067,0.13,12.5,0.333,0.436,0.4,0.4,93.97,93.97,78.31,18.0,0.113,2024-25,Playoffs
0042400216,1610612752,New York,Knicks,NYK,knicks,1629013,Landry,Shamet,L. Shamet,landry-shamet,,,,5:02,90.0,90.0,50.0,50.0,40.0,40.0,0.0,0.0,0.0,0.0,0.111,0.071,0.0,0.0,0.0,0.083,0.083,95.36,95.36,79.47,10.0,0.0,2024-25,Playoffs
0042400216,1610612752,New York,Knicks,NYK,knicks,1626166,Cameron,Payne,C. Payne,cameron-payne,,,,4:22,77.8,77.8,33.3,33.3,44.4,44.4,0.5,1.0,33.3,0.0,0.222,0.167,33.3,0.0,0.0,0.222,0.222,98.93,98.93,82.44,9.0,0.3,2024-25,Playoffs
0042400216,1610612752,New York,Knicks,NYK,knicks,200782,P.J.,Tucker,P. Tucker,pj-tucker,,,,4:22,77.8,77.8,33.3,33.3,44.4,44.4,0.0,0.0,0.0,0.0,0.0,0.0,0.0,0.0,0.0,0.0,0.0,98.93,98.93,82.44,9.0,-0.2,2024-25,Playoffs
0042400216,1610612752,New York,Knicks,NYK,knicks,1642278,Tyler,Kolek,T. Kolek,tyler-kolek,,,,2:02,140.0,140.0,20.0,20.0,120.0,120.0,0.0,0.0,0.0,0.0,0.167,0.167,0.0,1.5,1.5,0.2,0.2,118.03,118.03,98.36,5.0,0.727,2024-25,Playoffs
0042400216,1610612752,New York,Knicks,NYK,knicks,1642359,Pacôme,Dadiet,P. Dadiet,pacôme-dadiet,,DNP - Coach's Decision,,,0.0,0.0,0.0,0.0,0.0,0.0,0.0,0.0,0.0,0.0,0.0,0.0,0.0,0.0,0.0,0.0,0.0,0.0,0.0,0.0,0.0,0.0,2024-25,Playoffs
0042400216,1610612752,New York,Knicks,NYK,knicks,1630574,Ariel,Hukporti,A. Hukporti,ariel-hukporti,,DNP - Coach's Decision,,,0.0,0.0,0.0,0.0,0.0,0.0,0.0,0.0,0.0,0.0,0.0,0.0,0.0,0.0,0.0,0.0,0.0,0.0,0.0,0.0,0.0,0.0,2024-25,Playoffs
0042400216,1610612752,New York,Knicks,NYK,knicks,1626153,Delon,Wright,D. Wright,delon-wright,,DNP - Coach's Decision,,,0.0,0.0,0.0,0.0,0.0,0.0,0.0,0.0,0.0,0.0,0.0,0.0,0.0,0.0,0.0,0.0,0.0,0.0,0.0,0.0,0.0,0.0,2024-25,Playoffs
0042400221,1610612743,Denver,Nuggets,DEN,nuggets,1629008,Michael,Porter Jr.,M. Porter Jr.,michael-porter-jr,F,,,24:06,98.1,98.1,122.2,122.2,-24.1,-24.1,0.0,0.0,0.0,0.032,0.094,0.063,11.1,0.125,0.125,0.138,0.138,105.55,105.55,87.95,52.0,-0.021,2024-25,Playoffs
0042400221,1610612743,Denver,Nuggets,DEN,nuggets,203932,Aaron,Gordon,A. Gordon,aaron-gordon,F,,,39:03,123.6,123.6,106.8,106.8,16.8,16.8,0.033,1.0,5.3,0.175,0.132,0.151,5.3,0.567,0.64,0.168,0.168,108.78,108.78,90.65,89.0,0.138,2024-25,Playoffs
0042400221,1610612743,Denver,Nuggets,DEN,nuggets,203999,Nikola,Jokić,N. Jokić,nikola-jokić,C,,,42:25,118.1,118.1,107.4,107.4,10.6,10.6,0.25,0.86,12.5,0.104,0.293,0.208,14.6,0.552,0.605,0.362,0.362,106.39,106.39,88.65,94.0,0.226,2024-25,Playoffs
0042400221,1610612743,Denver,Nuggets,DEN,nuggets,1631128,Christian,Braun,C. Braun,christian-braun,G,,,40:03,119.8,119.8,103.3,103.3,16.5,16.5,0.091,3.0,23.1,0.087,0.158,0.126,7.7,0.563,0.619,0.089,0.089,109.08,109.08,90.9,91.0,0.1,2024-25,Playoffs
0042400221,1610612743,Denver,Nuggets,DEN,nuggets,1627750,Jamal,Murray,J. Murray,jamal-murray,G,,,44:15,118.2,118.2,107.1,107.1,11.0,11.0,0.176,1.5,20.0,0.02,0.088,0.056,13.3,0.438,0.538,0.195,0.195,106.84,106.84,89.04,99.0,0.084,2024-25,Playoffs
0042400221,1610612743,Denver,Nuggets,DEN,nuggets,201566,Russell,Westbrook,R. Westbrook,russell-westbrook,,,,30:01,116.7,116.7,112.3,112.3,4.4,4.4,0.118,0.67,10.0,0.029,0.029,0.029,15.0,0.577,0.592,0.222,0.222,104.74,104.74,87.28,66.0,0.044,2024-25,Playoffs
0042400221,1610612743,Denver,Nuggets,DEN,nuggets,1631212,Peyton,Watson,P. Watson,peyton-watson,,,,14:32,67.7,67.7,138.7,138.7,-71.0,-71.0,0.0,0.0,0.0,0.042,0.0,0.029,0.0,0.3,0.3,0.122,0.122,102.36,102.36,85.3,31.0,0.043,2024-25,Playoffs
0042400221,1610612743,Denver,Nuggets,DEN,nuggets,1631124,Julian,Strawther,J. Strawther,julian-strawther,,,,5:35,81.8,81.8,172.7,172.7,-90.9,-90.9,0.0,0.0,0.0,0.167,0.0,0.125,50.0,1.0,1.0,0.154,0.154,94.57,94.57,78.81,11.0,0.02,2024-25,Playoffs
0042400221,1610612743,Denver,Nuggets,DEN,nuggets,201599,DeAndre,Jordan,D. Jordan,deandre-jordan,,DNP - Coach's Decision,,,0.0,0.0,0.0,0.0,0.0,0.0,0.0,0.0,0.0,0.0,0.0,0.0,0.0,0.0,0.0,0.0,0.0,0.0,0.0,0.0,0.0,0.0,2024-25,Playoffs
0042400221,1610612743,Denver,Nuggets,DEN,nuggets,1630192,Zeke,Nnaji,Z. Nnaji,zeke-nnaji,,DNP - Coach's Decision,,,0.0,0.0,0.0,0.0,0.0,0.0,0.0,0.0,0.0,0.0,0.0,0.0,0.0,0.0,0.0,0.0,0.0,0.0,0.0,0.0,0.0,0.0,2024-25,Playoffs
0042400221,1610612743,Denver,Nuggets,DEN,nuggets,1629618,Jalen,Pickett,J. Pickett,jalen-pickett,,DNP - Coach's Decision,,,0.0,0.0,0.0,0.0,0.0,0.0,0.0,0.0,0.0,0.0,0.0,0.0,0.0,0.0,0.0,0.0,0.0,0.0,0.0,0.0,0.0,0.0,2024-25,Playoffs
0042400221,1610612743,Denver,Nuggets,DEN,nuggets,203967,Dario,Saric,D. Saric,dario-saric,,DNP - Coach's Decision,,,0.0,0.0,0.0,0.0,0.0,0.0,0.0,0.0,0.0,0.0,0.0,0.0,0.0,0.0,0.0,0.0,0.0,0.0,0.0,0.0,0.0,0.0,2024-25,Playoffs
0042400221,1610612743,Denver,Nuggets,DEN,nuggets,1641816,Hunter,Tyson,H. Tyson,hunter-tyson,,DNP - Coach's Decision,,,0.0,0.0,0.0,0.0,0.0,0.0,0.0,0.0,0.0,0.0,0.0,0.0,0.0,0.0,0.0,0.0,0.0,0.0,0.0,0.0,0.0,0.0,2024-25,Playoffs
0042400221,1610612743,Denver,Nuggets,DEN,nuggets,1628427,Vlatko,Čančar,V. Čančar,vlatko-čančar,,DNP - Coach's Decision,,,0.0,0.0,0.0,0.0,0.0,0.0,0.0,0.0,0.0,0.0,0.0,0.0,0.0,0.0,0.0,0.0,0.0,0.0,0.0,0.0,0.0,0.0,2024-25,Playoffs
0042400221,1610612760,Oklahoma City,Thunder,OKC,thunder,1631114,Jalen,Williams,J. Williams,jalen-williams,F,,,37:38,115.5,115.5,121.2,121.2,-5.7,-5.7,0.143,4.0,14.3,0.04,0.132,0.08,3.6,0.3,0.353,0.242,0.242,107.78,107.78,89.81,84.0,0.062,2024-25,Playoffs
0042400221,1610612760,Oklahoma City,Thunder,OKC,thunder,1631096,Chet,Holmgren,C. Holmgren,chet-holmgren,F,,,27:52,101.6,101.6,123.8,123.8,-22.2,-22.2,0.1,1.0,11.8,0.027,0.161,0.088,11.8,0.455,0.47,0.208,0.208,108.54,108.54,90.45,63.0,0.06,2024-25,Playoffs
0042400221,1610612760,Oklahoma City,Thunder,OKC,thunder,1628392,Isaiah,Hartenstein,I. Hartenstein,isaiah-hartenstein,C,,,28:57,114.5,114.5,109.5,109.5,5.0,5.0,0.053,0.5,6.7,0.108,0.167,0.134,13.3,0.5,0.5,0.192,0.192,103.62,103.62,86.35,62.0,0.068,2024-25,Playoffs
0042400221,1610612760,Oklahoma City,Thunder,OKC,thunder,1629652,Luguentz,Dort,L. Dort,luguentz-dort,G,,,29:40,104.4,104.4,129.6,129.6,-25.2,-25.2,0.045,1.0,9.1,0.022,0.031,0.026,9.1,0.667,0.709,0.123,0.123,112.43,112.43,93.69,68.0,0.061,2024-25,Playoffs
0042400221,1610612760,Oklahoma City,Thunder,OKC,thunder,1628983,Shai,Gilgeous-Alexander,S. Gilgeous-Alexander,shai-gilgeous-alexander,G,,,39:45,104.5,104.5,119.8,119.8,-15.3,-15.3,0.348,8.0,20.5,0.054,0.149,0.097,2.6,0.5,0.551,0.298,0.298,108.68,108.68,90.57,89.0,0.184,2024-25,Playoffs
0042400221,1610612760,Oklahoma City,Thunder,OKC,thunder,1630198,Isaiah,Joe,I. Joe,isaiah-joe,,,,12:30,118.5,118.5,123.1,123.1,-4.6,-4.6,0.167,0.0,33.3,0.0,0.053,0.029,0.0,0.0,0.0,0.125,0.125,101.8,101.8,84.83,27.0,-0.035,2024-25,Playoffs
0042400221,1610612760,Oklahoma City,Thunder,OKC,thunder,1627936,Alex,Caruso,A. Caruso,alex-caruso,,,,26:12,121.4,121.4,100.0,100.0,21.4,21.4,0.375,3.0,28.6,0.0,0.031,0.017,9.5,0.792,0.776,0.238,0.238,101.68,101.68,84.73,56.0,0.195,2024-25,Playoffs
0042400221,1610612760,Oklahoma City,Thunder,OKC,thunder,1641717,Cason,Wallace,C. Wallace,cason-wallace,,,,21:09,115.2,115.2,80.9,80.9,34.4,34.4,0.176,0.0,42.9,0.0,0.065,0.039,0.0,0.25,0.338,0.08,0.08,105.53,105.53,87.94,46.0,0.05,2024-25,Playoffs
0042400221,1610612760,Oklahoma City,Thunder,OKC,thunder,1631119,Jaylin,Williams,J. Williams,jaylin-williams,,,,2:43,50.0,50.0,66.7,66.7,-16.7,-16.7,0.0,0.0,0.0,0.2,0.0,0.1,0.0,1.5,1.064,0.222,0.222,149.91,149.91,124.92,8.0,0.417,2024-25,Playoffs
0042400221,1610612760,Oklahoma City,Thunder,OKC,thunder,1630598,Aaron,Wiggins,A. Wiggins,aaron-wiggins,,,,13:34,155.6,155.6,85.2,85.2,70.4,70.4,0.0,0.0,0.0,0.083,0.2,0.148,0.0,1.5,1.33,0.063,0.063,95.53,95.53,79.61,27.0,0.155,2024-25,Playoffs
0042400221,1610612760,Oklahoma City,Thunder,OKC,thunder,1631172,Ousmane,Dieng,O. Dieng,ousmane-dieng,,DNP - Coach's Decision,,,0.0,0.0,0.0,0.0,0.0,0.0,0.0,0.0,0.0,0.0,0.0,0.0,0.0,0.0,0.0,0.0,0.0,0.0,0.0,0.0,0.0,0.0,2024-25,Playoffs
0042400221,1610612760,Oklahoma City,Thunder,OKC,thunder,1641794,Dillon,Jones,D. Jones,dillon-jones,,DNP - Coach's Decision,,,0.0,0.0,0.0,0.0,0.0,0.0,0.0,0.0,0.0,0.0,0.0,0.0,0.0,0.0,0.0,0.0,0.0,0.0,0.0,0.0,0.0,0.0,2024-25,Playoffs
0042400221,1610612760,Oklahoma City,Thunder,OKC,thunder,1642349,Ajay,Mitchell,A. Mitchell,ajay-mitchell,,DNP - Coach's Decision,,,0.0,0.0,0.0,0.0,0.0,0.0,0.0,0.0,0.0,0.0,0.0,0.0,0.0,0.0,0.0,0.0,0.0,0.0,0.0,0.0,0.0,0.0,2024-25,Playoffs
0042400221,1610612760,Oklahoma City,Thunder,OKC,thunder,1629026,Kenrich,Williams,K. Williams,kenrich-williams,,DNP - Coach's Decision,,,0.0,0.0,0.0,0.0,0.0,0.0,0.0,0.0,0.0,0.0,0.0,0.0,0.0,0.0,0.0,0.0,0.0,0.0,0.0,0.0,0.0,0.0,2024-25,Playoffs
0042400222,1610612743,Denver,Nuggets,DEN,nuggets,1629008,Michael,Porter Jr.,M. Porter Jr.,michael-porter-jr,F,,,25:11,113.0,113.0,165.4,165.4,-52.4,-52.4,0.0,0.0,0.0,0.029,0.25,0.098,0.0,0.3,0.368,0.155,0.155,101.03,101.03,84.19,54.0,0.02,2024-25,Playoffs
0042400222,1610612743,Denver,Nuggets,DEN,nuggets,203932,Aaron,Gordon,A. Gordon,aaron-gordon,F,,,26:42,92.9,92.9,163.0,163.0,-70.1,-70.1,0.071,1.0,6.7,0.143,0.0,0.089,6.7,0.333,0.388,0.206,0.206,98.87,98.87,82.39,56.0,0.008,2024-25,Playoffs
0042400222,1610612743,Denver,Nuggets,DEN,nuggets,203999,Nikola,Jokić,N. Jokić,nikola-jokić,C,,,32:18,97.1,97.1,156.1,156.1,-59.0,-59.0,0.429,1.0,20.0,0.064,0.172,0.105,20.0,0.438,0.467,0.273,0.273,100.29,100.29,83.57,69.0,0.05,2024-25,Playoffs
0042400222,1610612743,Denver,Nuggets,DEN,nuggets,1631128,Christian,Braun,C. Braun,christian-braun,G,,,26:20,87.5,87.5,156.1,156.1,-68.6,-68.6,0.0,0.0,0.0,0.0,0.077,0.033,25.0,0.25,0.25,0.123,0.123,102.99,102.99,85.83,56.0,-0.039,2024-25,Playoffs
0042400222,1610612743,Denver,Nuggets,DEN,nuggets,1627750,Jamal,Murray,J. Murray,jamal-murray,G,,,31:22,100.0,100.0,158.7,158.7,-58.7,-58.7,0.059,0.5,7.1,0.047,0.08,0.059,14.3,0.611,0.651,0.157,0.157,98.69,98.69,82.24,66.0,0.067,2024-25,Playoffs
0042400222,1610612743,Denver,Nuggets,DEN,nuggets,201566,Russell,Westbrook,R. Westbrook,russell-westbrook,,,,21:49,104.0,104.0,174.5,174.5,-70.5,-70.5,0.455,1.25,20.0,0.0,0.056,0.021,16.0,0.5,0.617,0.317,0.317,106.71,106.71,88.92,50.0,0.076,2024-25,Playoffs
0042400222,1610612743,Denver,Nuggets,DEN,nuggets,1631212,Peyton,Watson,P. Watson,peyton-watson,,,,14:48,108.6,108.6,134.3,134.3,-25.7,-25.7,0.0,0.0,0.0,0.0,0.167,0.067,0.0,1.125,1.125,0.093,0.093,113.58,113.58,94.65,35.0,0.157,2024-25,Playoffs
0042400222,1610612743,Denver,Nuggets,DEN,nuggets,201599,DeAndre,Jordan,D. Jordan,deandre-jordan,,,,2:11,150.0,150.0,240.0,240.0,-90.0,-90.0,0.0,0.0,0.0,0.0,0.0,0.0,0.0,1.0,1.0,0.167,0.167,120.92,120.92,100.76,6.0,0.0,2024-25,Playoffs
0042400222,1610612743,Denver,Nuggets,DEN,nuggets,1631124,Julian,Strawther,J. Strawther,julian-strawther,,,,14:15,90.9,90.9,106.1,106.1,-15.2,-15.2,0.143,1.0,10.0,0.0,0.0,0.0,10.0,0.5,0.541,0.25,0.25,111.16,111.16,92.63,33.0,0.075,2024-25,Playoffs
0042400222,1610612743,Denver,Nuggets,DEN,nuggets,1630192,Zeke,Nnaji,Z. Nnaji,zeke-nnaji,,,,13:17,100.0,100.0,103.2,103.2,-3.2,-3.2,0.222,2.0,25.0,0.083,0.182,0.13,12.5,0.375,0.41,0.182,0.182,110.21,110.21,91.84,30.0,0.019,2024-25,Playoffs
0042400222,1610612743,Denver,Nuggets,DEN,nuggets,1629618,Jalen,Pickett,J. Pickett,jalen-pickett,,,,13:03,100.0,100.0,100.0,100.0,0.0,0.0,0.111,0.5,16.7,0.0,0.182,0.087,33.3,0.5,0.5,0.152,0.152,110.34,110.34,91.95,30.0,0.048,2024-25,Playoffs
0042400222,1610612743,Denver,Nuggets,DEN,nuggets,1641816,Hunter,Tyson,H. Tyson,hunter-tyson,,,,12:00,111.1,111.1,89.3,89.3,21.8,21.8,0.125,0.0,14.3,0.091,0.273,0.182,0.0,0.5,0.694,0.2,0.2,110.0,110.0,91.67,27.0,0.221,2024-25,Playoffs
0042400222,1610612743,Denver,Nuggets,DEN,nuggets,1628427,Vlatko,Čančar,V. Čančar,vlatko-čančar,,,,6:44,106.7,106.7,106.7,106.7,0.0,0.0,0.0,0.0,0.0,0.0,0.286,0.154,100.0,0.0,0.0,0.059,0.059,106.93,106.93,89.11,15.0,0.039,2024-25,Playoffs
0042400222,1610612743,Denver,Nuggets,DEN,nuggets,203967,Dario,Saric,D. Saric,dario-saric,,DNP - Coach's Decision,,,0.0,0.0,0.0,0.0,0.0,0.0,0.0,0.0,0.0,0.0,0.0,0.0,0.0,0.0,0.0,0.0,0.0,0.0,0.0,0.0,0.0,0.0,2024-25,Playoffs
0042400222,1610612760,Oklahoma City,Thunder,OKC,thunder,1631114,Jalen,Williams,J. Williams,jalen-williams,F,,,26:28,150.0,150.0,105.2,105.2,44.8,44.8,0.292,7.0,31.8,0.042,0.073,0.062,4.5,0.545,0.623,0.224,0.224,103.37,103.37,86.14,56.0,0.185,2024-25,Playoffs
0042400222,1610612760,Oklahoma City,Thunder,OKC,thunder,1631096,Chet,Holmgren,C. Holmgren,chet-holmgren,F,,,26:21,163.6,163.6,96.6,96.6,67.1,67.1,0.071,0.0,15.4,0.045,0.256,0.18,0.0,0.5,0.677,0.169,0.169,102.92,102.92,85.77,55.0,0.213,2024-25,Playoffs
0042400222,1610612760,Oklahoma City,Thunder,OKC,thunder,1628392,Isaiah,Hartenstein,I. Hartenstein,isaiah-hartenstein,C,,,22:11,156.8,156.8,106.4,106.4,50.4,50.4,0.25,0.0,38.5,0.111,0.207,0.17,0.0,0.857,0.888,0.151,0.151,98.45,98.45,82.04,44.0,0.23,2024-25,Playoffs
0042400222,1610612760,Oklahoma City,Thunder,OKC,thunder,1629652,Luguentz,Dort,L. Dort,luguentz-dort,G,,,26:38,162.3,162.3,94.5,94.5,67.7,67.7,0.0,0.0,0.0,0.0,0.029,0.018,0.0,0.385,0.432,0.23,0.23,97.32,97.32,81.1,53.0,0.022,2024-25,Playoffs
0042400222,1610612760,Oklahoma City,Thunder,OKC,thunder,1628983,Shai,Gilgeous-Alexander,S. Gilgeous-Alexander,shai-gilgeous-alexander,G,,,30:11,169.4,169.4,87.1,87.1,82.3,82.3,0.333,4.0,28.6,0.091,0.049,0.063,7.1,0.885,0.953,0.278,0.278,98.6,98.6,82.17,62.0,0.299,2024-25,Playoffs
0042400222,1610612760,Oklahoma City,Thunder,OKC,thunder,1631119,Jaylin,Williams,J. Williams,jaylin-williams,,,,12:23,142.9,142.9,82.8,82.8,60.1,60.1,0.2,2.0,33.3,0.0,0.133,0.083,16.7,0.75,0.521,0.138,0.138,110.41,110.41,92.01,28.0,0.0,2024-25,Playoffs
0042400222,1610612760,Oklahoma City,Thunder,OKC,thunder,1641717,Cason,Wallace,C. Wallace,cason-wallace,,,,11:52,177.8,177.8,110.3,110.3,67.4,67.4,0.182,0.0,33.3,0.0,0.143,0.091,0.0,1.0,1.0,0.129,0.129,113.23,113.23,94.36,27.0,0.153,2024-25,Playoffs
0042400222,1610612760,Oklahoma City,Thunder,OKC,thunder,1630198,Isaiah,Joe,I. Joe,isaiah-joe,,,,17:02,123.1,123.1,102.7,102.7,20.4,20.4,0.25,2.0,25.0,0.0,0.067,0.037,12.5,1.4,1.4,0.15,0.15,107.14,107.14,89.28,39.0,0.215,2024-25,Playoffs
0042400222,1610612760,Oklahoma City,Thunder,OKC,thunder,1627936,Alex,Caruso,A. Caruso,alex-caruso,,,,9:45,161.9,161.9,108.7,108.7,53.2,53.2,0.0,0.0,0.0,0.0,0.0,0.0,0.0,0.333,0.333,0.12,0.12,108.29,108.29,90.24,21.0,0.01,2024-25,Playoffs
0042400222,1610612760,Oklahoma City,Thunder,OKC,thunder,1630598,Aaron,Wiggins,A. Wiggins,aaron-wiggins,,,,14:54,131.4,131.4,123.5,123.5,7.9,7.9,0.0,0.0,0.0,0.118,0.231,0.167,20.0,0.625,0.625,0.238,0.238,111.17,111.17,92.64,35.0,0.082,2024-25,Playoffs
0042400222,1610612760,Oklahoma City,Thunder,OKC,thunder,1642349,Ajay,Mitchell,A. Mitchell,ajay-mitchell,,,,13:17,103.2,103.2,100.0,100.0,3.2,3.2,0.0,0.0,0.0,0.0,0.0,0.0,12.5,0.714,0.714,0.258,0.258,110.21,110.21,91.84,31.0,0.093,2024-25,Playoffs
0042400222,1610612760,Oklahoma City,Thunder,OKC,thunder,1629026,Kenrich,Williams,K. Williams,kenrich-williams,,,,12:00,89.3,89.3,111.1,111.1,-21.8,-21.8,0.143,1.0,14.3,0.0,0.273,0.136,14.3,0.25,0.41,0.214,0.214,110.0,110.0,91.67,28.0,0.105,2024-25,Playoffs
0042400222,1610612760,Oklahoma City,Thunder,OKC,thunder,1641794,Dillon,Jones,D. Jones,dillon-jones,,,,8:29,100.0,100.0,94.7,94.7,5.3,5.3,0.2,0.0,33.3,0.0,0.1,0.056,0.0,1.0,1.064,0.105,0.105,107.5,107.5,89.59,19.0,0.177,2024-25,Playoffs
0042400222,1610612760,Oklahoma City,Thunder,OKC,thunder,1631172,Ousmane,Dieng,O. Dieng,ousmane-dieng,,,,8:29,100.0,100.0,94.7,94.7,5.3,5.3,0.167,0.0,20.0,0.0,0.2,0.111,0.0,0.0,0.258,0.211,0.211,107.5,107.5,89.59,19.0,0.065,2024-25,Playoffs
0042400223,1610612760,Oklahoma City,Thunder,OKC,thunder,1631114,Jalen,Williams,J. Williams,jalen-williams,F,,,43:29,103.7,103.7,111.6,111.6,-8.0,-8.0,0.25,1.67,15.2,0.019,0.051,0.033,9.1,0.595,0.653,0.28,0.28,92.72,92.72,77.27,82.0,0.158,2024-25,Playoffs
0042400223,1610612760,Oklahoma City,Thunder,OKC,thunder,1631096,Chet,Holmgren,C. Holmgren,chet-holmgren,F,,,40:11,98.7,98.7,103.7,103.7,-4.9,-4.9,0.0,0.0,0.0,0.102,0.306,0.188,12.5,0.395,0.434,0.25,0.25,95.56,95.56,79.64,78.0,0.114,2024-25,Playoffs
0042400223,1610612760,Oklahoma City,Thunder,OKC,thunder,1628392,Isaiah,Hartenstein,I. Hartenstein,isaiah-hartenstein,C,,,30:35,90.2,90.2,93.7,93.7,-3.5,-3.5,0.222,2.0,20.0,0.093,0.231,0.145,10.0,0.357,0.346,0.216,0.216,97.31,97.31,81.09,61.0,0.074,2024-25,Playoffs
0042400223,1610612760,Oklahoma City,Thunder,OKC,thunder,1629652,Luguentz,Dort,L. Dort,luguentz-dort,G,,,33:55,100.0,100.0,102.9,102.9,-2.9,-2.9,0.13,3.0,27.3,0.064,0.032,0.051,9.1,0.167,0.218,0.101,0.101,94.12,94.12,78.44,64.0,-0.033,2024-25,Playoffs
0042400223,1610612760,Oklahoma City,Thunder,OKC,thunder,1628983,Shai,Gilgeous-Alexander,S. Gilgeous-Alexander,shai-gilgeous-alexander,G,,,44:47,95.5,95.5,98.9,98.9,-3.4,-3.4,0.269,7.0,21.9,0.046,0.244,0.123,3.1,0.341,0.372,0.229,0.229,95.93,95.93,79.94,89.0,0.13,2024-25,Playoffs
0042400223,1610612760,Oklahoma City,Thunder,OKC,thunder,1631119,Jaylin,Williams,J. Williams,jaylin-williams,,,,13:43,103.6,103.6,103.4,103.4,0.1,0.1,0.0,0.0,0.0,0.0,0.0,0.0,0.0,0.833,0.833,0.086,0.086,99.72,99.72,83.1,28.0,0.061,2024-25,Playoffs
0042400223,1610612760,Oklahoma City,Thunder,OKC,thunder,1641717,Cason,Wallace,C. Wallace,cason-wallace,,,,19:40,100.0,100.0,102.2,102.2,-2.2,-2.2,0.063,1.0,20.0,0.043,0.111,0.073,20.0,0.333,0.333,0.085,0.085,104.98,104.98,87.48,41.0,0.032,2024-25,Playoffs
0042400223,1610612760,Oklahoma City,Thunder,OKC,thunder,1627936,Alex,Caruso,A. Caruso,alex-caruso,,,,22:60,104.3,104.3,106.0,106.0,-1.7,-1.7,0.125,0.0,16.7,0.0,0.091,0.042,0.0,0.333,0.354,0.185,0.185,101.24,101.24,84.37,47.0,0.024,2024-25,Playoffs
0042400223,1610612760,Oklahoma City,Thunder,OKC,thunder,1630198,Isaiah,Joe,I. Joe,isaiah-joe,,,,3:11,33.3,33.3,57.1,57.1,-23.8,-23.8,0.0,0.0,0.0,0.0,0.25,0.083,0.0,0.5,0.5,0.182,0.182,120.88,120.88,100.73,9.0,0.0,2024-25,Playoffs
0042400223,1610612760,Oklahoma City,Thunder,OKC,thunder,1630598,Aaron,Wiggins,A. Wiggins,aaron-wiggins,,,,12:30,128.0,128.0,128.0,128.0,0.0,0.0,0.2,0.0,28.6,0.091,0.125,0.105,0.0,0.7,0.7,0.172,0.172,96.0,96.0,80.0,25.0,0.125,2024-25,Playoffs
0042400223,1610612760,Oklahoma City,Thunder,OKC,thunder,1631172,Ousmane,Dieng,O. Dieng,ousmane-dieng,,DNP - Coach's Decision,,,0.0,0.0,0.0,0.0,0.0,0.0,0.0,0.0,0.0,0.0,0.0,0.0,0.0,0.0,0.0,0.0,0.0,0.0,0.0,0.0,0.0,0.0,2024-25,Playoffs
0042400223,1610612760,Oklahoma City,Thunder,OKC,thunder,1641794,Dillon,Jones,D. Jones,dillon-jones,,DNP - Coach's Decision,,,0.0,0.0,0.0,0.0,0.0,0.0,0.0,0.0,0.0,0.0,0.0,0.0,0.0,0.0,0.0,0.0,0.0,0.0,0.0,0.0,0.0,0.0,2024-25,Playoffs
0042400223,1610612760,Oklahoma City,Thunder,OKC,thunder,1642349,Ajay,Mitchell,A. Mitchell,ajay-mitchell,,DNP - Coach's Decision,,,0.0,0.0,0.0,0.0,0.0,0.0,0.0,0.0,0.0,0.0,0.0,0.0,0.0,0.0,0.0,0.0,0.0,0.0,0.0,0.0,0.0,0.0,2024-25,Playoffs
0042400223,1610612760,Oklahoma City,Thunder,OKC,thunder,1629026,Kenrich,Williams,K. Williams,kenrich-williams,,DNP - Coach's Decision,,,0.0,0.0,0.0,0.0,0.0,0.0,0.0,0.0,0.0,0.0,0.0,0.0,0.0,0.0,0.0,0.0,0.0,0.0,0.0,0.0,0.0,0.0,2024-25,Playoffs
0042400223,1610612743,Denver,Nuggets,DEN,nuggets,1629008,Michael,Porter Jr.,M. Porter Jr.,michael-porter-jr,F,,,42:07,107.0,107.0,103.7,103.7,3.3,3.3,0.04,1.0,7.7,0.028,0.13,0.089,7.7,0.95,0.965,0.13,0.13,95.72,95.72,79.77,86.0,0.129,2024-25,Playoffs
0042400223,1610612743,Denver,Nuggets,DEN,nuggets,203932,Aaron,Gordon,A. Gordon,aaron-gordon,F,,,46:22,110.6,110.6,100.0,100.0,10.6,10.6,0.167,5.0,26.3,0.0,0.136,0.08,5.3,0.818,0.862,0.135,0.135,94.73,94.73,78.94,94.0,0.177,2024-25,Playoffs
0042400223,1610612743,Denver,Nuggets,DEN,nuggets,203999,Nikola,Jokić,N. Jokić,nikola-jokić,C,,,43:41,100.0,100.0,98.8,98.8,1.2,1.2,0.286,0.75,15.0,0.049,0.23,0.157,20.0,0.32,0.374,0.351,0.351,95.6,95.6,79.67,89.0,0.113,2024-25,Playoffs
0042400223,1610612743,Denver,Nuggets,DEN,nuggets,1631128,Christian,Braun,C. Braun,christian-braun,G,,,43:00,98.8,98.8,92.9,92.9,5.9,5.9,0.04,1.0,10.0,0.0,0.115,0.069,10.0,0.5,0.5,0.096,0.096,95.44,95.44,79.53,86.0,0.044,2024-25,Playoffs
0042400223,1610612743,Denver,Nuggets,DEN,nuggets,1627750,Jamal,Murray,J. Murray,jamal-murray,G,,,47:55,109.4,109.4,100.0,100.0,9.4,9.4,0.286,4.0,24.2,0.0,0.067,0.039,6.1,0.526,0.599,0.238,0.238,93.68,93.68,78.07,96.0,0.164,2024-25,Playoffs
0042400223,1610612743,Denver,Nuggets,DEN,nuggets,201566,Russell,Westbrook,R. Westbrook,russell-westbrook,,,,22:17,100.0,100.0,102.1,102.1,-2.1,-2.1,0.308,0.0,30.8,0.0,0.038,0.021,0.0,0.438,0.45,0.17,0.17,102.35,102.35,85.29,47.0,0.063,2024-25,Playoffs
0042400223,1610612743,Denver,Nuggets,DEN,nuggets,1631212,Peyton,Watson,P. Watson,peyton-watson,,,,16:39,114.3,114.3,94.3,94.3,20.0,20.0,0.0,0.0,0.0,0.143,0.167,0.156,14.3,0.75,0.608,0.184,0.184,100.87,100.87,84.06,35.0,0.063,2024-25,Playoffs
0042400223,1610612743,Denver,Nuggets,DEN,nuggets,1630192,Zeke,Nnaji,Z. Nnaji,zeke-nnaji,,,,2:60,33.3,33.3,100.0,100.0,-66.7,-66.7,0.0,0.0,0.0,0.0,0.0,0.0,0.0,0.0,0.0,0.0,0.0,152.42,152.42,127.02,9.0,0.0,2024-25,Playoffs
0042400223,1610612743,Denver,Nuggets,DEN,nuggets,201599,DeAndre,Jordan,D. Jordan,deandre-jordan,,DNP - Coach's Decision,,,0.0,0.0,0.0,0.0,0.0,0.0,0.0,0.0,0.0,0.0,0.0,0.0,0.0,0.0,0.0,0.0,0.0,0.0,0.0,0.0,0.0,0.0,2024-25,Playoffs
0042400223,1610612743,Denver,Nuggets,DEN,nuggets,1629618,Jalen,Pickett,J. Pickett,jalen-pickett,,DNP - Coach's Decision,,,0.0,0.0,0.0,0.0,0.0,0.0,0.0,0.0,0.0,0.0,0.0,0.0,0.0,0.0,0.0,0.0,0.0,0.0,0.0,0.0,0.0,0.0,2024-25,Playoffs
0042400223,1610612743,Denver,Nuggets,DEN,nuggets,203967,Dario,Saric,D. Saric,dario-saric,,DNP - Coach's Decision,,,0.0,0.0,0.0,0.0,0.0,0.0,0.0,0.0,0.0,0.0,0.0,0.0,0.0,0.0,0.0,0.0,0.0,0.0,0.0,0.0,0.0,0.0,2024-25,Playoffs
0042400223,1610612743,Denver,Nuggets,DEN,nuggets,1631124,Julian,Strawther,J. Strawther,julian-strawther,,DNP - Coach's Decision,,,0.0,0.0,0.0,0.0,0.0,0.0,0.0,0.0,0.0,0.0,0.0,0.0,0.0,0.0,0.0,0.0,0.0,0.0,0.0,0.0,0.0,0.0,2024-25,Playoffs
0042400223,1610612743,Denver,Nuggets,DEN,nuggets,1641816,Hunter,Tyson,H. Tyson,hunter-tyson,,DNP - Coach's Decision,,,0.0,0.0,0.0,0.0,0.0,0.0,0.0,0.0,0.0,0.0,0.0,0.0,0.0,0.0,0.0,0.0,0.0,0.0,0.0,0.0,0.0,0.0,2024-25,Playoffs
0042400223,1610612743,Denver,Nuggets,DEN,nuggets,1628427,Vlatko,Čančar,V. Čančar,vlatko-čančar,,DNP - Coach's Decision,,,0.0,0.0,0.0,0.0,0.0,0.0,0.0,0.0,0.0,0.0,0.0,0.0,0.0,0.0,0.0,0.0,0.0,0.0,0.0,0.0,0.0,0.0,2024-25,Playoffs
0042400224,1610612760,Oklahoma City,Thunder,OKC,thunder,1631114,Jalen,Williams,J. Williams,jalen-williams,F,,,33:10,94.0,94.0,95.7,95.7,-1.6,-1.6,0.25,5.0,22.7,0.0,0.071,0.038,4.5,0.154,0.32,0.23,0.23,98.41,98.41,82.01,67.0,0.074,2024-25,Playoffs
0042400224,1610612760,Oklahoma City,Thunder,OKC,thunder,1631096,Chet,Holmgren,C. Holmgren,chet-holmgren,F,,,29:20,78.1,78.1,89.1,89.1,-10.9,-10.9,0.0,0.0,0.0,0.049,0.344,0.178,16.7,0.4,0.4,0.16,0.16,104.75,104.75,87.29,64.0,0.118,2024-25,Playoffs
0042400224,1610612760,Oklahoma City,Thunder,OKC,thunder,1628392,Isaiah,Hartenstein,I. Hartenstein,isaiah-hartenstein,C,,,33:08,98.6,98.6,86.8,86.8,11.8,11.8,0.143,3.0,25.0,0.122,0.22,0.171,8.3,0.429,0.481,0.114,0.114,99.23,99.23,82.69,69.0,0.162,2024-25,Playoffs
0042400224,1610612760,Oklahoma City,Thunder,OKC,thunder,1629652,Luguentz,Dort,L. Dort,luguentz-dort,G,,,19:12,75.6,75.6,92.5,92.5,-16.9,-16.9,0.0,0.0,0.0,0.037,0.042,0.039,9.1,0.3,0.3,0.239,0.239,101.24,101.24,84.37,41.0,-0.044,2024-25,Playoffs
0042400224,1610612760,Oklahoma City,Thunder,OKC,thunder,1628983,Shai,Gilgeous-Alexander,S. Gilgeous-Alexander,shai-gilgeous-alexander,G,,,38:22,93.8,93.8,84.3,84.3,9.5,9.5,0.353,2.0,18.2,0.02,0.114,0.065,9.1,0.421,0.515,0.29,0.29,102.6,102.6,85.5,81.0,0.198,2024-25,Playoffs
0042400224,1610612760,Oklahoma City,Thunder,OKC,thunder,1627936,Alex,Caruso,A. Caruso,alex-caruso,,,,28:20,101.7,101.7,79.7,79.7,22.1,22.1,0.125,2.0,16.7,0.03,0.073,0.054,8.3,0.571,0.601,0.149,0.149,99.09,99.09,82.58,58.0,0.078,2024-25,Playoffs
0042400224,1610612760,Oklahoma City,Thunder,OKC,thunder,1630598,Aaron,Wiggins,A. Wiggins,aaron-wiggins,,,,15:46,113.3,113.3,66.7,66.7,46.7,46.7,0.0,0.0,0.0,0.071,0.2,0.154,11.1,0.688,0.688,0.265,0.265,91.35,91.35,76.13,30.0,0.319,2024-25,Playoffs
0042400224,1610612760,Oklahoma City,Thunder,OKC,thunder,1641717,Cason,Wallace,C. Wallace,cason-wallace,,,,22:36,104.3,104.3,78.3,78.3,26.1,26.1,0.182,0.67,16.7,0.111,0.074,0.093,25.0,0.786,0.786,0.179,0.179,97.71,97.71,81.43,46.0,0.165,2024-25,Playoffs
0042400224,1610612760,Oklahoma City,Thunder,OKC,thunder,1631119,Jaylin,Williams,J. Williams,jaylin-williams,,,,12:43,69.2,69.2,103.7,103.7,-34.5,-34.5,0.2,1.0,25.0,0.0,0.077,0.036,25.0,0.5,0.5,0.1,0.1,100.0,100.0,83.33,26.0,-0.063,2024-25,Playoffs
0042400224,1610612760,Oklahoma City,Thunder,OKC,thunder,1630198,Isaiah,Joe,I. Joe,isaiah-joe,,,,7:23,76.5,76.5,93.8,93.8,-17.3,-17.3,0.2,0.0,16.7,0.1,0.0,0.063,0.0,0.0,0.102,0.238,0.238,107.2,107.2,89.33,17.0,-0.28,2024-25,Playoffs
0042400224,1610612760,Oklahoma City,Thunder,OKC,thunder,1631172,Ousmane,Dieng,O. Dieng,ousmane-dieng,,DNP - Coach's Decision,,,0.0,0.0,0.0,0.0,0.0,0.0,0.0,0.0,0.0,0.0,0.0,0.0,0.0,0.0,0.0,0.0,0.0,0.0,0.0,0.0,0.0,0.0,2024-25,Playoffs
0042400224,1610612760,Oklahoma City,Thunder,OKC,thunder,1641794,Dillon,Jones,D. Jones,dillon-jones,,DNP - Coach's Decision,,,0.0,0.0,0.0,0.0,0.0,0.0,0.0,0.0,0.0,0.0,0.0,0.0,0.0,0.0,0.0,0.0,0.0,0.0,0.0,0.0,0.0,0.0,2024-25,Playoffs
0042400224,1610612760,Oklahoma City,Thunder,OKC,thunder,1642349,Ajay,Mitchell,A. Mitchell,ajay-mitchell,,DNP - Coach's Decision,,,0.0,0.0,0.0,0.0,0.0,0.0,0.0,0.0,0.0,0.0,0.0,0.0,0.0,0.0,0.0,0.0,0.0,0.0,0.0,0.0,0.0,0.0,2024-25,Playoffs
0042400224,1610612760,Oklahoma City,Thunder,OKC,thunder,1629026,Kenrich,Williams,K. Williams,kenrich-williams,,DNP - Coach's Decision,,,0.0,0.0,0.0,0.0,0.0,0.0,0.0,0.0,0.0,0.0,0.0,0.0,0.0,0.0,0.0,0.0,0.0,0.0,0.0,0.0,0.0,0.0,2024-25,Playoffs
0042400224,1610612743,Denver,Nuggets,DEN,nuggets,1629008,Michael,Porter Jr.,M. Porter Jr.,michael-porter-jr,F,,,34:04,98.6,98.6,81.7,81.7,17.0,17.0,0.0,0.0,0.0,0.0,0.22,0.108,11.1,0.143,0.19,0.102,0.102,102.14,102.14,85.12,74.0,0.046,2024-25,Playoffs
0042400224,1610612743,Denver,Nuggets,DEN,nuggets,203932,Aaron,Gordon,A. Gordon,aaron-gordon,F,,,38:07,89.9,89.9,96.2,96.2,-6.3,-6.3,0.375,1.5,27.3,0.152,0.188,0.17,18.2,0.65,0.638,0.174,0.174,98.85,98.85,82.38,79.0,0.196,2024-25,Playoffs
0042400224,1610612743,Denver,Nuggets,DEN,nuggets,203999,Nikola,Jokić,N. Jokić,nikola-jokić,C,,,42:43,86.4,86.4,86.2,86.2,0.2,0.2,0.2,1.5,8.8,0.0,0.236,0.12,5.9,0.364,0.479,0.31,0.31,98.32,98.32,81.94,88.0,0.221,2024-25,Playoffs
0042400224,1610612743,Denver,Nuggets,DEN,nuggets,1631128,Christian,Braun,C. Braun,christian-braun,G,,,44:05,89.0,89.0,85.7,85.7,3.3,3.3,0.111,2.0,11.1,0.02,0.053,0.037,5.6,0.455,0.585,0.16,0.16,99.09,99.09,82.57,91.0,0.125,2024-25,Playoffs
0042400224,1610612743,Denver,Nuggets,DEN,nuggets,1627750,Jamal,Murray,J. Murray,jamal-murray,G,,,41:00,83.5,83.5,97.6,97.6,-14.1,-14.1,0.313,1.25,18.5,0.038,0.041,0.04,14.8,0.4,0.482,0.224,0.224,99.5,99.5,82.92,85.0,0.096,2024-25,Playoffs
0042400224,1610612743,Denver,Nuggets,DEN,nuggets,201566,Russell,Westbrook,R. Westbrook,russell-westbrook,,,,26:34,76.4,76.4,110.7,110.7,-34.4,-34.4,0.1,1.0,7.1,0.059,0.029,0.044,7.1,0.25,0.25,0.203,0.203,100.28,100.28,83.57,55.0,-0.102,2024-25,Playoffs
0042400224,1610612743,Denver,Nuggets,DEN,nuggets,1631212,Peyton,Watson,P. Watson,peyton-watson,,,,8:43,84.2,84.2,129.4,129.4,-45.2,-45.2,0.0,0.0,0.0,0.0,0.0,0.0,0.0,0.333,0.258,0.174,0.174,99.16,99.16,82.63,19.0,-0.167,2024-25,Playoffs
0042400224,1610612743,Denver,Nuggets,DEN,nuggets,1631124,Julian,Strawther,J. Strawther,julian-strawther,,,,4:44,45.5,45.5,63.6,63.6,-18.2,-18.2,0.0,0.0,0.0,0.0,0.0,0.0,0.0,0.0,0.0,0.0,0.0,111.55,111.55,92.96,11.0,-0.4,2024-25,Playoffs
0042400224,1610612743,Denver,Nuggets,DEN,nuggets,201599,DeAndre,Jordan,D. Jordan,deandre-jordan,,DNP - Coach's Decision,,,0.0,0.0,0.0,0.0,0.0,0.0,0.0,0.0,0.0,0.0,0.0,0.0,0.0,0.0,0.0,0.0,0.0,0.0,0.0,0.0,0.0,0.0,2024-25,Playoffs
0042400224,1610612743,Denver,Nuggets,DEN,nuggets,1630192,Zeke,Nnaji,Z. Nnaji,zeke-nnaji,,DNP - Coach's Decision,,,0.0,0.0,0.0,0.0,0.0,0.0,0.0,0.0,0.0,0.0,0.0,0.0,0.0,0.0,0.0,0.0,0.0,0.0,0.0,0.0,0.0,0.0,2024-25,Playoffs
0042400224,1610612743,Denver,Nuggets,DEN,nuggets,1629618,Jalen,Pickett,J. Pickett,jalen-pickett,,DNP - Coach's Decision,,,0.0,0.0,0.0,0.0,0.0,0.0,0.0,0.0,0.0,0.0,0.0,0.0,0.0,0.0,0.0,0.0,0.0,0.0,0.0,0.0,0.0,0.0,2024-25,Playoffs
0042400224,1610612743,Denver,Nuggets,DEN,nuggets,203967,Dario,Saric,D. Saric,dario-saric,,DNP - Coach's Decision,,,0.0,0.0,0.0,0.0,0.0,0.0,0.0,0.0,0.0,0.0,0.0,0.0,0.0,0.0,0.0,0.0,0.0,0.0,0.0,0.0,0.0,0.0,2024-25,Playoffs
0042400224,1610612743,Denver,Nuggets,DEN,nuggets,1628427,Vlatko,Čančar,V. Čančar,vlatko-čančar,,DNP - Coach's Decision,,,0.0,0.0,0.0,0.0,0.0,0.0,0.0,0.0,0.0,0.0,0.0,0.0,0.0,0.0,0.0,0.0,0.0,0.0,0.0,0.0,0.0,0.0,2024-25,Playoffs
0042400225,1610612743,Denver,Nuggets,DEN,nuggets,1629008,Michael,Porter Jr.,M. Porter Jr.,michael-porter-jr,F,,,29:08,120.3,120.3,126.2,126.2,-5.9,-5.9,0.077,2.0,20.0,0.029,0.13,0.069,10.0,0.143,0.143,0.114,0.114,98.86,98.86,82.38,59.0,-0.01,2024-25,Playoffs
0042400225,1610612743,Denver,Nuggets,DEN,nuggets,203932,Aaron,Gordon,A. Gordon,aaron-gordon,F,,,36:51,113.3,113.3,113.3,113.3,0.0,0.0,0.12,1.0,15.8,0.049,0.091,0.068,15.8,0.5,0.484,0.18,0.18,97.69,97.69,81.41,75.0,0.064,2024-25,Playoffs
0042400225,1610612743,Denver,Nuggets,DEN,nuggets,203999,Nikola,Jokić,N. Jokić,nikola-jokić,C,,,44:08,110.1,110.1,116.5,116.5,-6.4,-6.4,0.25,2.5,14.7,0.113,0.231,0.163,5.9,0.78,0.809,0.269,0.269,97.89,97.89,81.57,89.0,0.263,2024-25,Playoffs
0042400225,1610612743,Denver,Nuggets,DEN,nuggets,1631128,Christian,Braun,C. Braun,christian-braun,G,,,43:02,109.3,109.3,119.3,119.3,-10.0,-10.0,0.091,3.0,18.8,0.019,0.162,0.079,6.3,0.333,0.333,0.125,0.125,97.04,97.04,80.87,86.0,0.046,2024-25,Playoffs
0042400225,1610612743,Denver,Nuggets,DEN,nuggets,1627750,Jamal,Murray,J. Murray,jamal-murray,G,,,41:59,110.6,110.6,115.1,115.1,-4.5,-4.5,0.12,0.75,8.3,0.042,0.053,0.047,11.1,0.426,0.479,0.32,0.32,97.76,97.76,81.47,85.0,0.059,2024-25,Playoffs
0042400225,1610612743,Denver,Nuggets,DEN,nuggets,201566,Russell,Westbrook,R. Westbrook,russell-westbrook,,,,19:41,97.5,97.5,97.6,97.6,-0.1,-0.1,0.2,1.5,23.1,0.042,0.125,0.083,15.4,0.143,0.254,0.192,0.192,98.76,98.76,82.3,40.0,0.008,2024-25,Playoffs
0042400225,1610612743,Denver,Nuggets,DEN,nuggets,1631212,Peyton,Watson,P. Watson,peyton-watson,,,,15:18,78.8,78.8,87.9,87.9,-9.1,-9.1,0.0,0.0,0.0,0.136,0.278,0.2,33.3,0.375,0.375,0.136,0.136,103.53,103.53,86.27,33.0,0.07,2024-25,Playoffs
0042400225,1610612743,Denver,Nuggets,DEN,nuggets,1631124,Julian,Strawther,J. Strawther,julian-strawther,,,,9:53,81.8,81.8,95.0,95.0,-13.2,-13.2,0.143,0.0,33.3,0.0,0.154,0.071,0.0,0.75,0.75,0.069,0.069,101.96,101.96,84.96,22.0,0.161,2024-25,Playoffs
0042400225,1610612743,Denver,Nuggets,DEN,nuggets,201599,DeAndre,Jordan,D. Jordan,deandre-jordan,,DNP - Coach's Decision,,,0.0,0.0,0.0,0.0,0.0,0.0,0.0,0.0,0.0,0.0,0.0,0.0,0.0,0.0,0.0,0.0,0.0,0.0,0.0,0.0,0.0,0.0,2024-25,Playoffs
0042400225,1610612743,Denver,Nuggets,DEN,nuggets,1630192,Zeke,Nnaji,Z. Nnaji,zeke-nnaji,,DNP - Coach's Decision,,,0.0,0.0,0.0,0.0,0.0,0.0,0.0,0.0,0.0,0.0,0.0,0.0,0.0,0.0,0.0,0.0,0.0,0.0,0.0,0.0,0.0,0.0,2024-25,Playoffs
0042400225,1610612743,Denver,Nuggets,DEN,nuggets,1629618,Jalen,Pickett,J. Pickett,jalen-pickett,,DNP - Coach's Decision,,,0.0,0.0,0.0,0.0,0.0,0.0,0.0,0.0,0.0,0.0,0.0,0.0,0.0,0.0,0.0,0.0,0.0,0.0,0.0,0.0,0.0,0.0,2024-25,Playoffs
0042400225,1610612743,Denver,Nuggets,DEN,nuggets,203967,Dario,Saric,D. Saric,dario-saric,,DNP - Coach's Decision,,,0.0,0.0,0.0,0.0,0.0,0.0,0.0,0.0,0.0,0.0,0.0,0.0,0.0,0.0,0.0,0.0,0.0,0.0,0.0,0.0,0.0,0.0,2024-25,Playoffs
0042400225,1610612743,Denver,Nuggets,DEN,nuggets,1628427,Vlatko,Čančar,V. Čančar,vlatko-čančar,,DNP - Coach's Decision,,,0.0,0.0,0.0,0.0,0.0,0.0,0.0,0.0,0.0,0.0,0.0,0.0,0.0,0.0,0.0,0.0,0.0,0.0,0.0,0.0,0.0,0.0,2024-25,Playoffs
0042400225,1610612760,Oklahoma City,Thunder,OKC,thunder,1631114,Jalen,Williams,J. Williams,jalen-williams,F,,,37:32,123.1,123.1,109.1,109.1,14.0,14.0,0.138,0.0,18.2,0.063,0.167,0.122,0.0,0.429,0.514,0.217,0.217,99.11,99.11,82.59,78.0,0.113,2024-25,Playoffs
0042400225,1610612760,Oklahoma City,Thunder,OKC,thunder,1631096,Chet,Holmgren,C. Holmgren,chet-holmgren,F,,,33:40,122.7,122.7,101.5,101.5,21.2,21.2,0.042,1.0,8.3,0.033,0.143,0.101,8.3,0.722,0.678,0.149,0.149,94.8,94.8,79.0,66.0,0.126,2024-25,Playoffs
0042400225,1610612760,Oklahoma City,Thunder,OKC,thunder,1628392,Isaiah,Hartenstein,I. Hartenstein,isaiah-hartenstein,C,,,33:08,123.2,123.2,123.9,123.9,-0.7,-0.7,0.083,2.0,15.4,0.074,0.152,0.117,7.7,0.7,0.718,0.151,0.151,98.53,98.53,82.11,69.0,0.102,2024-25,Playoffs
0042400225,1610612760,Oklahoma City,Thunder,OKC,thunder,1629652,Luguentz,Dort,L. Dort,luguentz-dort,G,,,28:14,110.5,110.5,110.7,110.7,-0.2,-0.2,0.053,0.5,9.1,0.042,0.056,0.05,18.2,0.75,0.75,0.164,0.164,96.06,96.06,80.05,57.0,0.058,2024-25,Playoffs
0042400225,1610612760,Oklahoma City,Thunder,OKC,thunder,1628983,Shai,Gilgeous-Alexander,S. Gilgeous-Alexander,shai-gilgeous-alexander,G,,,38:51,112.8,112.8,103.9,103.9,8.9,8.9,0.333,1.4,18.9,0.029,0.098,0.071,13.5,0.543,0.605,0.349,0.349,95.75,95.75,79.79,78.0,0.211,2024-25,Playoffs
0042400225,1610612760,Oklahoma City,Thunder,OKC,thunder,1627936,Alex,Caruso,A. Caruso,alex-caruso,,,,23:50,92.3,92.3,102.0,102.0,-9.7,-9.7,0.143,1.0,13.3,0.038,0.12,0.078,13.3,0.55,0.597,0.22,0.22,103.69,103.69,86.41,52.0,0.134,2024-25,Playoffs
0042400225,1610612760,Oklahoma City,Thunder,OKC,thunder,1641717,Cason,Wallace,C. Wallace,cason-wallace,,,,17:44,112.8,112.8,107.7,107.7,5.1,5.1,0.133,2.0,33.3,0.0,0.111,0.056,16.7,0.5,0.602,0.091,0.091,105.56,105.56,87.97,39.0,0.085,2024-25,Playoffs
0042400225,1610612760,Oklahoma City,Thunder,OKC,thunder,1630598,Aaron,Wiggins,A. Wiggins,aaron-wiggins,,,,11:20,111.5,111.5,111.5,111.5,0.0,0.0,0.222,2.0,28.6,0.0,0.091,0.04,14.3,0.375,0.375,0.172,0.172,110.12,110.12,91.76,26.0,0.042,2024-25,Playoffs
0042400225,1610612760,Oklahoma City,Thunder,OKC,thunder,1631119,Jaylin,Williams,J. Williams,jaylin-williams,,,,10:27,95.2,95.2,65.0,65.0,30.2,30.2,0.333,2.0,40.0,0.0,0.111,0.067,20.0,0.5,0.5,0.12,0.12,94.19,94.19,78.49,21.0,0.041,2024-25,Playoffs
0042400225,1610612760,Oklahoma City,Thunder,OKC,thunder,1630198,Isaiah,Joe,I. Joe,isaiah-joe,,,,5:14,60.0,60.0,109.1,109.1,-49.1,-49.1,0.0,0.0,0.0,0.0,0.143,0.067,0.0,0.0,0.0,0.0,0.0,96.31,96.31,80.25,10.0,0.118,2024-25,Playoffs
0042400225,1610612760,Oklahoma City,Thunder,OKC,thunder,1631172,Ousmane,Dieng,O. Dieng,ousmane-dieng,,DNP - Coach's Decision,,,0.0,0.0,0.0,0.0,0.0,0.0,0.0,0.0,0.0,0.0,0.0,0.0,0.0,0.0,0.0,0.0,0.0,0.0,0.0,0.0,0.0,0.0,2024-25,Playoffs
0042400225,1610612760,Oklahoma City,Thunder,OKC,thunder,1641794,Dillon,Jones,D. Jones,dillon-jones,,DNP - Coach's Decision,,,0.0,0.0,0.0,0.0,0.0,0.0,0.0,0.0,0.0,0.0,0.0,0.0,0.0,0.0,0.0,0.0,0.0,0.0,0.0,0.0,0.0,0.0,2024-25,Playoffs
0042400225,1610612760,Oklahoma City,Thunder,OKC,thunder,1642349,Ajay,Mitchell,A. Mitchell,ajay-mitchell,,DNP - Coach's Decision,,,0.0,0.0,0.0,0.0,0.0,0.0,0.0,0.0,0.0,0.0,0.0,0.0,0.0,0.0,0.0,0.0,0.0,0.0,0.0,0.0,0.0,0.0,2024-25,Playoffs
0042400225,1610612760,Oklahoma City,Thunder,OKC,thunder,1629026,Kenrich,Williams,K. Williams,kenrich-williams,,DNP - Coach's Decision,,,0.0,0.0,0.0,0.0,0.0,0.0,0.0,0.0,0.0,0.0,0.0,0.0,0.0,0.0,0.0,0.0,0.0,0.0,0.0,0.0,0.0,0.0,2024-25,Playoffs
0042400226,1610612760,Oklahoma City,Thunder,OKC,thunder,1631114,Jalen,Williams,J. Williams,jalen-williams,F,,,37:47,111.0,111.0,120.7,120.7,-9.8,-9.8,0.294,3.33,34.5,0.025,0.171,0.093,10.3,0.188,0.188,0.218,0.218,104.18,104.18,86.82,82.0,0.037,2024-25,Playoffs
0042400226,1610612760,Oklahoma City,Thunder,OKC,thunder,1631096,Chet,Holmgren,C. Holmgren,chet-holmgren,F,,,30:03,116.2,116.2,113.4,113.4,2.7,2.7,0.04,0.0,6.3,0.036,0.37,0.2,0.0,0.643,0.62,0.211,0.211,107.84,107.84,89.87,68.0,0.138,2024-25,Playoffs
0042400226,1610612760,Oklahoma City,Thunder,OKC,thunder,1628392,Isaiah,Hartenstein,I. Hartenstein,isaiah-hartenstein,C,,,25:07,90.4,90.4,116.4,116.4,-26.0,-26.0,0.0,0.0,0.0,0.069,0.16,0.111,20.0,1.0,1.0,0.089,0.089,102.25,102.25,85.21,52.0,0.072,2024-25,Playoffs
0042400226,1610612760,Oklahoma City,Thunder,OKC,thunder,1629652,Luguentz,Dort,L. Dort,luguentz-dort,G,,,21:02,100.0,100.0,134.0,134.0,-34.0,-34.0,0.083,1.0,9.1,0.048,0.045,0.047,9.1,0.556,0.556,0.213,0.213,104.97,104.97,87.47,45.0,0.055,2024-25,Playoffs
0042400226,1610612760,Oklahoma City,Thunder,OKC,thunder,1628983,Shai,Gilgeous-Alexander,S. Gilgeous-Alexander,shai-gilgeous-alexander,G,,,34:57,105.3,105.3,112.8,112.8,-7.6,-7.6,0.3,3.0,20.7,0.0,0.079,0.041,6.9,0.75,0.768,0.284,0.284,105.73,105.73,88.11,76.0,0.179,2024-25,Playoffs
0042400226,1610612760,Oklahoma City,Thunder,OKC,thunder,1627936,Alex,Caruso,A. Caruso,alex-caruso,,,,27:21,106.6,106.6,113.1,113.1,-6.6,-6.6,0.182,4.0,28.6,0.0,0.0,0.0,7.1,0.556,0.556,0.149,0.149,107.04,107.04,89.2,61.0,0.048,2024-25,Playoffs
0042400226,1610612760,Oklahoma City,Thunder,OKC,thunder,1641717,Cason,Wallace,C. Wallace,cason-wallace,,,,26:50,87.7,87.7,108.8,108.8,-21.1,-21.1,0.0,0.0,0.0,0.0,0.129,0.063,10.0,0.556,0.556,0.156,0.156,101.96,101.96,84.97,57.0,0.084,2024-25,Playoffs
0042400226,1610612760,Oklahoma City,Thunder,OKC,thunder,1630598,Aaron,Wiggins,A. Wiggins,aaron-wiggins,,,,12:28,92.0,92.0,84.6,84.6,7.4,7.4,0.1,1.0,12.5,0.0,0.067,0.032,12.5,0.167,0.167,0.241,0.241,98.18,98.18,81.82,25.0,-0.06,2024-25,Playoffs
0042400226,1610612760,Oklahoma City,Thunder,OKC,thunder,1631119,Jaylin,Williams,J. Williams,jaylin-williams,,,,14:25,96.8,96.8,100.0,100.0,-3.2,-3.2,0.25,2.0,22.2,0.154,0.167,0.161,11.1,0.7,0.68,0.206,0.206,103.17,103.17,85.97,31.0,0.169,2024-25,Playoffs
0042400226,1610612760,Oklahoma City,Thunder,OKC,thunder,1630198,Isaiah,Joe,I. Joe,isaiah-joe,,,,7:59,125.0,125.0,116.7,116.7,8.3,8.3,0.0,0.0,0.0,0.0,0.2,0.083,0.0,0.333,0.333,0.143,0.143,114.24,114.24,95.2,20.0,0.026,2024-25,Playoffs
0042400226,1610612760,Oklahoma City,Thunder,OKC,thunder,1631172,Ousmane,Dieng,O. Dieng,ousmane-dieng,,,,0:40,0.0,0.0,0.0,0.0,0.0,0.0,0.0,0.0,0.0,0.0,0.0,0.0,0.0,0.0,0.0,0.0,0.0,107.46,107.46,89.55,2.0,0.0,2024-25,Playoffs
0042400226,1610612760,Oklahoma City,Thunder,OKC,thunder,1642349,Ajay,Mitchell,A. Mitchell,ajay-mitchell,,,,0:40,0.0,0.0,0.0,0.0,0.0,0.0,0.0,0.0,0.0,0.0,0.0,0.0,0.0,0.0,0.0,0.5,0.5,107.46,107.46,89.55,2.0,2.0,2024-25,Playoffs
0042400226,1610612760,Oklahoma City,Thunder,OKC,thunder,1641794,Dillon,Jones,D. Jones,dillon-jones,,,,0:40,0.0,0.0,0.0,0.0,0.0,0.0,0.0,0.0,0.0,0.0,0.0,0.0,0.0,0.0,0.0,0.0,0.0,107.46,107.46,89.55,2.0,0.0,2024-25,Playoffs
0042400226,1610612760,Oklahoma City,Thunder,OKC,thunder,1629026,Kenrich,Williams,K. Williams,kenrich-williams,,DNP - Coach's Decision,,,0.0,0.0,0.0,0.0,0.0,0.0,0.0,0.0,0.0,0.0,0.0,0.0,0.0,0.0,0.0,0.0,0.0,0.0,0.0,0.0,0.0,0.0,2024-25,Playoffs
0042400226,1610612743,Denver,Nuggets,DEN,nuggets,1629008,Michael,Porter Jr.,M. Porter Jr.,michael-porter-jr,F,,,28:57,116.1,116.1,106.3,106.3,9.8,9.8,0.0,0.0,0.0,0.0,0.138,0.069,10.0,0.556,0.556,0.149,0.149,103.62,103.62,86.35,62.0,0.06,2024-25,Playoffs
0042400226,1610612743,Denver,Nuggets,DEN,nuggets,203932,Aaron,Gordon,A. Gordon,aaron-gordon,F,,,38:16,120.9,120.9,104.8,104.8,16.1,16.1,0.212,7.0,46.7,0.054,0.116,0.088,6.7,0.357,0.357,0.08,0.08,106.0,106.0,88.34,86.0,0.071,2024-25,Playoffs
0042400226,1610612743,Denver,Nuggets,DEN,nuggets,203999,Nikola,Jokić,N. Jokić,nikola-jokić,C,,,40:49,120.5,120.5,106.7,106.7,13.7,13.7,0.296,8.0,27.6,0.027,0.317,0.179,3.4,0.679,0.752,0.219,0.219,104.07,104.07,86.72,88.0,0.208,2024-25,Playoffs
0042400226,1610612743,Denver,Nuggets,DEN,nuggets,1631128,Christian,Braun,C. Braun,christian-braun,G,,,39:19,124.4,124.4,108.1,108.1,16.3,16.3,0.179,2.5,21.7,0.057,0.22,0.145,8.7,0.679,0.73,0.188,0.188,105.0,105.0,87.5,86.0,0.151,2024-25,Playoffs
0042400226,1610612743,Denver,Nuggets,DEN,nuggets,1627750,Jamal,Murray,J. Murray,jamal-murray,G,,,42:20,125.0,125.0,94.6,94.6,30.4,30.4,0.226,1.4,21.2,0.024,0.143,0.089,15.2,0.526,0.578,0.241,0.241,104.31,104.31,86.93,92.0,0.109,2024-25,Playoffs
0042400226,1610612743,Denver,Nuggets,DEN,nuggets,1631212,Peyton,Watson,P. Watson,peyton-watson,,,,13:53,62.1,62.1,93.3,93.3,-31.3,-31.3,0.0,0.0,0.0,0.048,0.133,0.083,0.0,0.143,0.254,0.211,0.211,102.04,102.04,85.03,29.0,0.043,2024-25,Playoffs
0042400226,1610612743,Denver,Nuggets,DEN,nuggets,1631124,Julian,Strawther,J. Strawther,julian-strawther,,,,19:31,100.0,100.0,95.0,95.0,5.0,5.0,0.0,0.0,0.0,0.043,0.05,0.047,0.0,0.688,0.768,0.192,0.192,100.85,100.85,84.05,42.0,0.156,2024-25,Playoffs
0042400226,1610612743,Denver,Nuggets,DEN,nuggets,201566,Russell,Westbrook,R. Westbrook,russell-westbrook,,,,16:56,83.8,83.8,105.3,105.3,-21.5,-21.5,0.0,0.0,0.0,0.136,0.0,0.077,28.6,0.375,0.41,0.311,0.311,106.34,106.34,88.62,37.0,-0.022,2024-25,Playoffs
0042400226,1610612743,Denver,Nuggets,DEN,nuggets,201599,DeAndre,Jordan,D. Jordan,deandre-jordan,,DNP - Coach's Decision,,,0.0,0.0,0.0,0.0,0.0,0.0,0.0,0.0,0.0,0.0,0.0,0.0,0.0,0.0,0.0,0.0,0.0,0.0,0.0,0.0,0.0,0.0,2024-25,Playoffs
0042400226,1610612743,Denver,Nuggets,DEN,nuggets,1630192,Zeke,Nnaji,Z. Nnaji,zeke-nnaji,,DNP - Coach's Decision,,,0.0,0.0,0.0,0.0,0.0,0.0,0.0,0.0,0.0,0.0,0.0,0.0,0.0,0.0,0.0,0.0,0.0,0.0,0.0,0.0,0.0,0.0,2024-25,Playoffs
0042400226,1610612743,Denver,Nuggets,DEN,nuggets,1629618,Jalen,Pickett,J. Pickett,jalen-pickett,,DNP - Coach's Decision,,,0.0,0.0,0.0,0.0,0.0,0.0,0.0,0.0,0.0,0.0,0.0,0.0,0.0,0.0,0.0,0.0,0.0,0.0,0.0,0.0,0.0,0.0,2024-25,Playoffs
0042400226,1610612743,Denver,Nuggets,DEN,nuggets,203967,Dario,Saric,D. Saric,dario-saric,,DNP - Coach's Decision,,,0.0,0.0,0.0,0.0,0.0,0.0,0.0,0.0,0.0,0.0,0.0,0.0,0.0,0.0,0.0,0.0,0.0,0.0,0.0,0.0,0.0,0.0,2024-25,Playoffs
0042400226,1610612743,Denver,Nuggets,DEN,nuggets,1628427,Vlatko,Čančar,V. Čančar,vlatko-čančar,,DNP - Coach's Decision,,,0.0,0.0,0.0,0.0,0.0,0.0,0.0,0.0,0.0,0.0,0.0,0.0,0.0,0.0,0.0,0.0,0.0,0.0,0.0,0.0,0.0,0.0,2024-25,Playoffs
0042400227,1610612743,Denver,Nuggets,DEN,nuggets,1629008,Michael,Porter Jr.,M. Porter Jr.,michael-porter-jr,F,,,23:12,102.0,102.0,125.0,125.0,-23.0,-23.0,0.067,0.0,11.1,0.087,0.038,0.061,0.0,0.375,0.375,0.131,0.131,102.39,102.39,85.33,51.0,0.033,2024-25,Playoffs
0042400227,1610612743,Denver,Nuggets,DEN,nuggets,203932,Aaron,Gordon,A. Gordon,aaron-gordon,F,,,24:30,105.7,105.7,125.0,125.0,-19.3,-19.3,0.0,0.0,0.0,0.16,0.25,0.208,44.4,0.625,0.752,0.141,0.141,102.86,102.86,85.71,53.0,0.095,2024-25,Playoffs
0042400227,1610612743,Denver,Nuggets,DEN,nuggets,203999,Nikola,Jokić,N. Jokić,nikola-jokić,C,,,36:49,94.9,94.9,126.0,126.0,-31.1,-31.1,0.333,1.4,26.9,0.024,0.2,0.11,19.2,0.611,0.723,0.202,0.202,101.04,101.04,84.2,78.0,0.144,2024-25,Playoffs
0042400227,1610612743,Denver,Nuggets,DEN,nuggets,1631128,Christian,Braun,C. Braun,christian-braun,G,,,32:48,94.3,94.3,132.4,132.4,-38.1,-38.1,0.188,1.5,14.3,0.059,0.059,0.059,9.5,0.571,0.603,0.214,0.214,103.18,103.18,85.98,70.0,0.08,2024-25,Playoffs
0042400227,1610612743,Denver,Nuggets,DEN,nuggets,1627750,Jamal,Murray,J. Murray,jamal-murray,G,,,34:45,92.1,92.1,123.0,123.0,-30.9,-30.9,0.105,1.0,10.0,0.0,0.026,0.013,10.0,0.406,0.406,0.202,0.202,103.6,103.6,86.33,76.0,0.046,2024-25,Playoffs
0042400227,1610612743,Denver,Nuggets,DEN,nuggets,201566,Russell,Westbrook,R. Westbrook,russell-westbrook,,,,21:49,66.0,66.0,135.4,135.4,-69.5,-69.5,0.222,0.5,15.4,0.034,0.154,0.091,30.8,0.429,0.429,0.196,0.196,104.53,104.53,87.11,47.0,0.006,2024-25,Playoffs
0042400227,1610612743,Denver,Nuggets,DEN,nuggets,1631212,Peyton,Watson,P. Watson,peyton-watson,,,,19:46,70.0,70.0,137.5,137.5,-67.5,-67.5,0.2,1.0,14.3,0.083,0.118,0.098,14.3,0.125,0.205,0.245,0.245,97.14,97.14,80.95,40.0,-0.036,2024-25,Playoffs
0042400227,1610612743,Denver,Nuggets,DEN,nuggets,1631124,Julian,Strawther,J. Strawther,julian-strawther,,,,17:33,86.1,86.1,117.1,117.1,-31.0,-31.0,0.0,0.0,0.0,0.053,0.1,0.077,27.3,0.375,0.375,0.262,0.262,97.08,97.08,80.9,36.0,0.025,2024-25,Playoffs
0042400227,1610612743,Denver,Nuggets,DEN,nuggets,1629618,Jalen,Pickett,J. Pickett,jalen-pickett,,,,9:36,100.0,100.0,105.6,105.6,-5.6,-5.6,0.4,0.0,28.6,0.0,0.286,0.118,0.0,0.6,0.6,0.217,0.217,92.5,92.5,77.08,19.0,0.233,2024-25,Playoffs
0042400227,1610612743,Denver,Nuggets,DEN,nuggets,1630192,Zeke,Nnaji,Z. Nnaji,zeke-nnaji,,,,9:36,100.0,100.0,105.6,105.6,-5.6,-5.6,0.0,0.0,0.0,0.0,0.286,0.118,0.0,0.0,0.0,0.087,0.087,92.5,92.5,77.08,19.0,-0.033,2024-25,Playoffs
0042400227,1610612743,Denver,Nuggets,DEN,nuggets,1641816,Hunter,Tyson,H. Tyson,hunter-tyson,,,,9:36,100.0,100.0,105.6,105.6,-5.6,-5.6,0.2,0.0,25.0,0.2,0.143,0.176,0.0,0.833,0.833,0.13,0.13,92.5,92.5,77.08,19.0,0.167,2024-25,Playoffs
0042400227,1610612743,Denver,Nuggets,DEN,nuggets,201599,DeAndre,Jordan,D. Jordan,deandre-jordan,,DNP - Coach's Decision,,,0.0,0.0,0.0,0.0,0.0,0.0,0.0,0.0,0.0,0.0,0.0,0.0,0.0,0.0,0.0,0.0,0.0,0.0,0.0,0.0,0.0,0.0,2024-25,Playoffs
0042400227,1610612743,Denver,Nuggets,DEN,nuggets,203967,Dario,Saric,D. Saric,dario-saric,,DNP - Coach's Decision,,,0.0,0.0,0.0,0.0,0.0,0.0,0.0,0.0,0.0,0.0,0.0,0.0,0.0,0.0,0.0,0.0,0.0,0.0,0.0,0.0,0.0,0.0,2024-25,Playoffs
0042400227,1610612743,Denver,Nuggets,DEN,nuggets,1628427,Vlatko,Čančar,V. Čančar,vlatko-čančar,,DNP - Coach's Decision,,,0.0,0.0,0.0,0.0,0.0,0.0,0.0,0.0,0.0,0.0,0.0,0.0,0.0,0.0,0.0,0.0,0.0,0.0,0.0,0.0,0.0,0.0,2024-25,Playoffs
0042400227,1610612760,Oklahoma City,Thunder,OKC,thunder,1631114,Jalen,Williams,J. Williams,jalen-williams,F,,,32:42,140.0,140.0,88.7,88.7,51.3,51.3,0.25,7.0,26.9,0.031,0.121,0.077,3.8,0.647,0.655,0.235,0.235,103.49,103.49,86.24,70.0,0.198,2024-25,Playoffs
0042400227,1610612760,Oklahoma City,Thunder,OKC,thunder,1631096,Chet,Holmgren,C. Holmgren,chet-holmgren,F,,,28:27,142.4,142.4,80.6,80.6,61.7,61.7,0.037,0.5,6.7,0.125,0.286,0.212,13.3,0.444,0.558,0.209,0.209,102.07,102.07,85.06,59.0,0.122,2024-25,Playoffs
0042400227,1610612760,Oklahoma City,Thunder,OKC,thunder,1628392,Isaiah,Hartenstein,I. Hartenstein,isaiah-hartenstein,C,,,17:05,105.9,105.9,113.2,113.2,-7.3,-7.3,0.091,0.0,12.5,0.167,0.15,0.159,0.0,0.714,0.714,0.167,0.167,101.19,101.19,84.33,34.0,0.168,2024-25,Playoffs
0042400227,1610612760,Oklahoma City,Thunder,OKC,thunder,1629652,Luguentz,Dort,L. Dort,luguentz-dort,G,,,17:15,117.1,117.1,108.6,108.6,8.6,8.6,0.133,1.0,16.7,0.174,0.056,0.122,16.7,0.357,0.381,0.227,0.227,97.35,97.35,81.13,35.0,0.031,2024-25,Playoffs
0042400227,1610612760,Oklahoma City,Thunder,OKC,thunder,1628983,Shai,Gilgeous-Alexander,S. Gilgeous-Alexander,shai-gilgeous-alexander,G,,,36:03,137.3,137.3,92.2,92.2,45.1,45.1,0.143,0.0,15.4,0.0,0.081,0.041,0.0,0.711,0.762,0.247,0.247,101.21,101.21,84.34,75.0,0.234,2024-25,Playoffs
0042400227,1610612760,Oklahoma City,Thunder,OKC,thunder,1641717,Cason,Wallace,C. Wallace,cason-wallace,,,,28:35,135.5,135.5,70.8,70.8,64.7,64.7,0.167,5.0,31.3,0.032,0.059,0.046,6.3,0.35,0.35,0.149,0.149,106.67,106.67,88.89,62.0,0.065,2024-25,Playoffs
0042400227,1610612760,Oklahoma City,Thunder,OKC,thunder,1627936,Alex,Caruso,A. Caruso,alex-caruso,,,,25:45,147.3,147.3,75.9,75.9,71.3,71.3,0.12,0.0,30.0,0.0,0.0,0.0,0.0,0.786,0.786,0.111,0.111,101.61,101.61,84.67,55.0,0.112,2024-25,Playoffs
0042400227,1610612760,Oklahoma City,Thunder,OKC,thunder,1630598,Aaron,Wiggins,A. Wiggins,aaron-wiggins,,,,19:22,129.3,129.3,79.1,79.1,50.2,50.2,0.2,0.0,21.4,0.08,0.083,0.082,0.0,0.364,0.364,0.212,0.212,104.08,104.08,86.73,41.0,0.087,2024-25,Playoffs
0042400227,1610612760,Oklahoma City,Thunder,OKC,thunder,1629026,Kenrich,Williams,K. Williams,kenrich-williams,,,,7:40,73.3,73.3,106.3,106.3,-32.9,-32.9,0.0,0.0,0.0,0.0,0.1,0.059,0.0,0.0,0.129,0.25,0.25,97.04,97.04,80.87,15.0,-0.1,2024-25,Playoffs
0042400227,1610612760,Oklahoma City,Thunder,OKC,thunder,1642349,Ajay,Mitchell,A. Mitchell,ajay-mitchell,,,,7:40,73.3,73.3,106.3,106.3,-32.9,-32.9,0.0,0.0,0.0,0.0,0.1,0.059,33.3,1.25,1.25,0.188,0.188,97.04,97.04,80.87,15.0,0.2,2024-25,Playoffs
0042400227,1610612760,Oklahoma City,Thunder,OKC,thunder,1630198,Isaiah,Joe,I. Joe,isaiah-joe,,,,3:33,142.9,142.9,75.0,75.0,67.9,67.9,0.5,0.0,33.3,0.0,0.0,0.0,0.0,1.5,1.33,0.25,0.25,101.41,101.41,84.51,7.0,0.417,2024-25,Playoffs
0042400227,1610612760,Oklahoma City,Thunder,OKC,thunder,1631119,Jaylin,Williams,J. Williams,jaylin-williams,,,,7:40,73.3,73.3,106.3,106.3,-32.9,-32.9,0.333,0.0,25.0,0.0,0.2,0.118,0.0,0.0,0.0,0.188,0.188,97.04,97.04,80.87,15.0,0.05,2024-25,Playoffs
0042400227,1610612760,Oklahoma City,Thunder,OKC,thunder,1631172,Ousmane,Dieng,O. Dieng,ousmane-dieng,,,,4:07,12.5,12.5,122.2,122.2,-109.7,-109.7,0.0,0.0,0.0,0.0,0.167,0.1,0.0,0.0,0.0,0.0,0.0,99.11,99.11,82.59,8.0,0.125,2024-25,Playoffs
0042400227,1610612760,Oklahoma City,Thunder,OKC,thunder,1641794,Dillon,Jones,D. Jones,dillon-jones,,,,4:07,12.5,12.5,122.2,122.2,-109.7,-109.7,0.0,0.0,0.0,0.0,0.167,0.1,100.0,0.0,0.0,0.25,0.25,99.11,99.11,82.59,8.0,-0.125,2024-25,Playoffs
0042400231,1610612744,Golden State,Warriors,GSW,warriors,1627741,Buddy,Hield,B. Hield,buddy-hield,F,,,39:59,110.8,110.8,87.5,87.5,23.3,23.3,0.125,0.0,12.5,0.095,0.089,0.092,0.0,0.5,0.566,0.21,0.21,97.84,97.84,81.53,83.0,0.166,2024-25,Playoffs
0042400231,1610612744,Golden State,Warriors,GSW,warriors,202710,Jimmy,Butler III,J. Butler III,jimmy-butler-iii,F,,,41:16,110.0,110.0,92.4,92.4,17.6,17.6,0.333,8.0,25.0,0.159,0.089,0.124,3.1,0.4,0.442,0.245,0.245,92.47,92.47,77.06,80.0,0.159,2024-25,Playoffs
0042400231,1610612744,Golden State,Warriors,GSW,warriors,203110,Draymond,Green,D. Green,draymond-green,C,,,34:33,110.0,110.0,97.1,97.1,12.9,12.9,0.316,1.5,25.0,0.0,0.211,0.11,16.7,0.615,0.648,0.217,0.217,95.86,95.86,79.88,70.0,0.155,2024-25,Playoffs
0042400231,1610612744,Golden State,Warriors,GSW,warriors,1641764,Brandin,Podziemski,B. Podziemski,brandin-podziemski,G,,,29:00,94.7,94.7,93.2,93.2,1.5,1.5,0.158,1.5,25.0,0.0,0.242,0.129,16.7,0.214,0.214,0.138,0.138,96.0,96.0,80.0,57.0,0.053,2024-25,Playoffs
0042400231,1610612744,Golden State,Warriors,GSW,warriors,201939,Stephen,Curry,S. Curry,stephen-curry,G,,,12:54,116.7,116.7,72.0,72.0,44.7,44.7,0.2,1.0,9.1,0.0,0.059,0.031,9.1,0.722,0.722,0.345,0.345,91.16,91.16,75.97,24.0,0.274,2024-25,Playoffs
0042400231,1610612744,Golden State,Warriors,GSW,warriors,1630541,Moses,Moody,M. Moody,moses-moody,,,,8:30,46.7,46.7,131.3,131.3,-84.6,-84.6,0.0,0.0,0.0,0.0,0.0,0.0,0.0,0.0,0.0,0.2,0.2,87.48,87.48,72.9,15.0,-0.216,2024-25,Playoffs
0042400231,1610612744,Golden State,Warriors,GSW,warriors,1627780,Gary,Payton II,G. Payton II,gary-payton-ii,,,,25:55,101.9,101.9,90.4,90.4,11.5,11.5,0.267,4.0,44.4,0.059,0.1,0.078,11.1,1.0,1.0,0.072,0.072,98.16,98.16,81.8,54.0,0.15,2024-25,Playoffs
0042400231,1610612744,Golden State,Warriors,GSW,warriors,1630611,Gui,Santos,G. Santos,gui-santos,,,,3:43,42.9,42.9,85.7,85.7,-42.9,-42.9,0.0,0.0,0.0,0.0,0.0,0.0,0.0,0.0,0.0,0.0,0.0,90.4,90.4,75.34,7.0,-0.333,2024-25,Playoffs
0042400231,1610612744,Golden State,Warriors,GSW,warriors,1626172,Kevon,Looney,K. Looney,kevon-looney,,,,14:07,89.7,89.7,73.3,73.3,16.3,16.3,0.0,0.0,0.0,0.111,0.235,0.171,0.0,0.5,0.5,0.054,0.054,100.31,100.31,83.59,29.0,0.169,2024-25,Playoffs
0042400231,1610612744,Golden State,Warriors,GSW,warriors,1642366,Quinten,Post,Q. Post,quinten-post,,,,6:20,138.5,138.5,28.6,28.6,109.9,109.9,0.0,0.0,0.0,0.0,0.111,0.071,0.0,0.0,0.0,0.0,0.0,102.32,102.32,85.26,13.0,0.056,2024-25,Playoffs
0042400231,1610612744,Golden State,Warriors,GSW,warriors,1630228,Jonathan,Kuminga,J. Kuminga,jonathan-kuminga,,,,13:10,79.3,79.3,123.1,123.1,-43.8,-43.8,0.167,0.5,11.1,0.071,0.0,0.043,22.2,0.5,0.595,0.216,0.216,100.25,100.25,83.54,29.0,0.046,2024-25,Playoffs
0042400231,1610612744,Golden State,Warriors,GSW,warriors,1630311,Pat,Spencer,P. Spencer,pat-spencer,,,,10:33,114.3,114.3,123.8,123.8,-9.5,-9.5,0.0,0.0,0.0,0.182,0.0,0.095,20.0,0.5,0.5,0.2,0.2,95.59,95.59,79.66,21.0,0.055,2024-25,Playoffs
0042400231,1610612744,Golden State,Warriors,GSW,warriors,1631218,Trayce,Jackson-Davis,T. Jackson-Davis,trayce-jackson-davis,,DNP - Coach's Decision,,,0.0,0.0,0.0,0.0,0.0,0.0,0.0,0.0,0.0,0.0,0.0,0.0,0.0,0.0,0.0,0.0,0.0,0.0,0.0,0.0,0.0,0.0,2024-25,Playoffs
0042400231,1610612744,Golden State,Warriors,GSW,warriors,1630296,Braxton,Key,B. Key,braxton-key,,DNP - Coach's Decision,,,0.0,0.0,0.0,0.0,0.0,0.0,0.0,0.0,0.0,0.0,0.0,0.0,0.0,0.0,0.0,0.0,0.0,0.0,0.0,0.0,0.0,0.0,2024-25,Playoffs
0042400231,1610612744,Golden State,Warriors,GSW,warriors,1628995,Kevin,Knox II,K. Knox II,kevin-knox-ii,,DNP - Coach's Decision,,,0.0,0.0,0.0,0.0,0.0,0.0,0.0,0.0,0.0,0.0,0.0,0.0,0.0,0.0,0.0,0.0,0.0,0.0,0.0,0.0,0.0,0.0,2024-25,Playoffs
0042400231,1610612750,Minnesota,Timberwolves,MIN,timberwolves,1630183,Jaden,McDaniels,J. McDaniels,jaden-mcdaniels,F,,,37:38,110.0,110.0,110.0,110.0,0.0,0.0,0.042,0.0,7.7,0.083,0.023,0.051,0.0,0.5,0.5,0.145,0.145,89.28,89.28,74.4,70.0,0.062,2024-25,Playoffs
0042400231,1610612750,Minnesota,Timberwolves,MIN,timberwolves,203944,Julius,Randle,J. Randle,julius-randle,F,,,30:36,87.5,87.5,92.3,92.3,-4.8,-4.8,0.375,2.0,24.0,0.028,0.059,0.043,12.0,0.364,0.584,0.253,0.253,101.18,101.18,84.31,64.0,0.15,2024-25,Playoffs
0042400231,1610612750,Minnesota,Timberwolves,MIN,timberwolves,203497,Rudy,Gobert,R. Gobert,rudy-gobert,C,,,26:12,87.8,87.8,108.2,108.2,-20.4,-20.4,0.0,0.0,0.0,0.129,0.233,0.18,11.1,0.571,0.571,0.155,0.155,89.77,89.77,74.81,49.0,0.146,2024-25,Playoffs
0042400231,1610612750,Minnesota,Timberwolves,MIN,timberwolves,1630162,Anthony,Edwards,A. Edwards,anthony-edwards,G,,,41:44,100.0,100.0,102.4,102.4,-2.4,-2.4,0.091,0.67,7.1,0.022,0.271,0.149,10.7,0.432,0.475,0.271,0.271,93.16,93.16,77.64,80.0,0.187,2024-25,Playoffs
0042400231,1610612750,Minnesota,Timberwolves,MIN,timberwolves,201144,Mike,Conley,M. Conley,mike-conley,G,,,21:44,90.5,90.5,122.0,122.0,-31.5,-31.5,0.333,0.0,50.0,0.0,0.048,0.021,0.0,0.0,0.0,0.1,0.1,91.66,91.66,76.38,42.0,0.0,2024-25,Playoffs
0042400231,1610612750,Minnesota,Timberwolves,MIN,timberwolves,1628978,Donte,DiVincenzo,D. DiVincenzo,donte-divincenzo,,,,32:32,86.6,86.6,94.1,94.1,-7.6,-7.6,0.211,1.0,21.1,0.029,0.054,0.042,21.1,0.318,0.318,0.2,0.2,99.59,99.59,82.99,67.0,-0.006,2024-25,Playoffs
0042400231,1610612750,Minnesota,Timberwolves,MIN,timberwolves,1629675,Naz,Reid,N. Reid,naz-reid,,,,33:40,97.0,97.0,104.5,104.5,-7.6,-7.6,0.059,0.25,5.3,0.057,0.081,0.069,21.1,0.679,0.679,0.237,0.237,94.1,94.1,78.42,66.0,0.107,2024-25,Playoffs
0042400231,1610612750,Minnesota,Timberwolves,MIN,timberwolves,1629638,Nickeil,Alexander-Walker,N. Alexander-Walker,nickeil-alexander-walker,,,,14:08,65.6,65.6,109.7,109.7,-44.1,-44.1,0.0,0.0,0.0,0.0,0.0,0.0,25.0,0.0,0.0,0.108,0.108,106.98,106.98,89.15,32.0,-0.12,2024-25,Playoffs
0042400231,1610612750,Minnesota,Timberwolves,MIN,timberwolves,1630545,Terrence,Shannon Jr.,T. Shannon Jr.,terrence-shannon-jr,,,,1:46,75.0,75.0,80.0,80.0,-5.0,-5.0,0.0,0.0,0.0,0.0,0.0,0.0,0.0,0.0,0.0,0.25,0.25,122.26,122.26,101.89,4.0,-0.4,2024-25,Playoffs
0042400231,1610612750,Minnesota,Timberwolves,MIN,timberwolves,1641740,Jaylen,Clark,J. Clark,jaylen-clark,,DNP - Coach's Decision,,,0.0,0.0,0.0,0.0,0.0,0.0,0.0,0.0,0.0,0.0,0.0,0.0,0.0,0.0,0.0,0.0,0.0,0.0,0.0,0.0,0.0,0.0,2024-25,Playoffs
0042400231,1610612750,Minnesota,Timberwolves,MIN,timberwolves,1630568,Luka,Garza,L. Garza,luka-garza,,DNP - Coach's Decision,,,0.0,0.0,0.0,0.0,0.0,0.0,0.0,0.0,0.0,0.0,0.0,0.0,0.0,0.0,0.0,0.0,0.0,0.0,0.0,0.0,0.0,0.0,2024-25,Playoffs
0042400231,1610612750,Minnesota,Timberwolves,MIN,timberwolves,204060,Joe,Ingles,J. Ingles,joe-ingles,,DNP - Coach's Decision,,,0.0,0.0,0.0,0.0,0.0,0.0,0.0,0.0,0.0,0.0,0.0,0.0,0.0,0.0,0.0,0.0,0.0,0.0,0.0,0.0,0.0,0.0,2024-25,Playoffs
0042400231,1610612750,Minnesota,Timberwolves,MIN,timberwolves,1631159,Leonard,Miller,L. Miller,leonard-miller,,DNP - Coach's Decision,,,0.0,0.0,0.0,0.0,0.0,0.0,0.0,0.0,0.0,0.0,0.0,0.0,0.0,0.0,0.0,0.0,0.0,0.0,0.0,0.0,0.0,0.0,2024-25,Playoffs
0042400231,1610612750,Minnesota,Timberwolves,MIN,timberwolves,1631169,Josh,Minott,J. Minott,josh-minott,,DNP - Coach's Decision,,,0.0,0.0,0.0,0.0,0.0,0.0,0.0,0.0,0.0,0.0,0.0,0.0,0.0,0.0,0.0,0.0,0.0,0.0,0.0,0.0,0.0,0.0,2024-25,Playoffs
0042400232,1610612744,Golden State,Warriors,GSW,warriors,202710,Jimmy,Butler III,J. Butler III,jimmy-butler-iii,F,,,33:51,100.0,100.0,111.1,111.1,-11.1,-11.1,0.222,2.0,19.0,0.054,0.161,0.103,9.5,0.538,0.559,0.224,0.224,91.46,91.46,76.22,66.0,0.12,2024-25,Playoffs
0042400232,1610612744,Golden State,Warriors,GSW,warriors,203110,Draymond,Green,D. Green,draymond-green,F,,,29:09,105.2,105.2,112.3,112.3,-7.1,-7.1,0.25,2.5,27.8,0.0,0.154,0.077,11.1,0.35,0.414,0.194,0.194,94.68,94.68,78.9,58.0,0.078,2024-25,Playoffs
0042400232,1610612744,Golden State,Warriors,GSW,warriors,1642366,Quinten,Post,Q. Post,quinten-post,C,,,3:18,0.0,0.0,216.7,216.7,-216.7,-216.7,0.0,0.0,0.0,0.0,0.0,0.0,0.0,0.0,0.0,0.0,0.0,80.0,80.0,66.67,5.0,0.0,2024-25,Playoffs
0042400232,1610612744,Golden State,Warriors,GSW,warriors,1627741,Buddy,Hield,B. Hield,buddy-hield,G,,,28:39,113.0,113.0,125.0,125.0,-12.0,-12.0,0.059,0.5,5.9,0.037,0.091,0.061,11.8,0.5,0.519,0.258,0.258,92.13,92.13,76.78,54.0,0.053,2024-25,Playoffs
0042400232,1610612744,Golden State,Warriors,GSW,warriors,1641764,Brandin,Podziemski,B. Podziemski,brandin-podziemski,G,,,33:02,117.5,117.5,114.1,114.1,3.4,3.4,0.261,3.0,33.3,0.067,0.148,0.105,11.1,0.5,0.557,0.171,0.171,92.26,92.26,76.88,63.0,0.117,2024-25,Playoffs
0042400232,1610612744,Golden State,Warriors,GSW,warriors,1627780,Gary,Payton II,G. Payton II,gary-payton-ii,,,,11:16,60.9,60.9,122.7,122.7,-61.9,-61.9,0.0,0.0,0.0,0.077,0.0,0.033,0.0,0.0,0.0,0.069,0.069,95.9,95.9,79.92,23.0,-0.018,2024-25,Playoffs
0042400232,1610612744,Golden State,Warriors,GSW,warriors,1630541,Moses,Moody,M. Moody,moses-moody,,,,16:29,73.5,73.5,115.2,115.2,-41.6,-41.6,0.111,1.0,11.1,0.0,0.091,0.054,11.1,0.0,0.222,0.216,0.216,97.55,97.55,81.29,34.0,-0.063,2024-25,Playoffs
0042400232,1610612744,Golden State,Warriors,GSW,warriors,1630228,Jonathan,Kuminga,J. Kuminga,jonathan-kuminga,,,,26:23,121.8,121.8,133.9,133.9,-12.1,-12.1,0.056,0.5,6.3,0.043,0.16,0.104,12.5,0.773,0.705,0.242,0.242,100.97,100.97,84.14,55.0,0.103,2024-25,Playoffs
0042400232,1610612744,Golden State,Warriors,GSW,warriors,1626172,Kevon,Looney,K. Looney,kevon-looney,,,,2:48,40.0,40.0,200.0,200.0,-160.0,-160.0,0.0,0.0,0.0,0.0,0.0,0.0,0.0,0.0,0.0,0.0,0.0,94.29,94.29,78.57,5.0,0.0,2024-25,Playoffs
0042400232,1610612744,Golden State,Warriors,GSW,warriors,1630311,Pat,Spencer,P. Spencer,pat-spencer,,,,13:51,58.6,58.6,123.3,123.3,-64.7,-64.7,0.167,1.0,25.0,0.0,0.1,0.061,25.0,0.0,0.0,0.088,0.088,102.24,102.24,85.2,29.0,-0.063,2024-25,Playoffs
0042400232,1610612744,Golden State,Warriors,GSW,warriors,1630611,Gui,Santos,G. Santos,gui-santos,,,,8:29,90.0,90.0,122.2,122.2,-32.2,-32.2,0.4,0.67,40.0,0.0,0.222,0.167,60.0,0.0,0.0,0.15,0.15,107.53,107.53,89.61,20.0,0.029,2024-25,Playoffs
0042400232,1610612744,Golden State,Warriors,GSW,warriors,1628995,Kevin,Knox II,K. Knox II,kevin-knox-ii,,,,9:02,57.9,57.9,89.5,89.5,-31.6,-31.6,0.0,0.0,0.0,0.125,0.091,0.105,0.0,0.333,0.387,0.174,0.174,100.96,100.96,84.13,19.0,0.05,2024-25,Playoffs
0042400232,1610612744,Golden State,Warriors,GSW,warriors,1631218,Trayce,Jackson-Davis,T. Jackson-Davis,trayce-jackson-davis,,,,19:18,97.5,97.5,138.5,138.5,-41.0,-41.0,0.111,1.0,10.0,0.095,0.235,0.158,10.0,1.0,0.915,0.184,0.184,98.24,98.24,81.87,40.0,0.187,2024-25,Playoffs
0042400232,1610612744,Golden State,Warriors,GSW,warriors,1630296,Braxton,Key,B. Key,braxton-key,,,,4:25,76.9,76.9,108.3,108.3,-31.4,-31.4,0.5,1.0,33.3,0.0,0.333,0.222,33.3,1.0,1.0,0.133,0.133,135.95,135.95,113.29,13.0,0.229,2024-25,Playoffs
0042400232,1610612744,Golden State,Warriors,GSW,warriors,201939,Stephen,Curry,S. Curry,stephen-curry,,DND - Injury/Illness,,,0.0,0.0,0.0,0.0,0.0,0.0,0.0,0.0,0.0,0.0,0.0,0.0,0.0,0.0,0.0,0.0,0.0,0.0,0.0,0.0,0.0,0.0,2024-25,Playoffs
0042400232,1610612750,Minnesota,Timberwolves,MIN,timberwolves,1630183,Jaden,McDaniels,J. McDaniels,jaden-mcdaniels,F,,,33:03,127.4,127.4,90.8,90.8,36.7,36.7,0.0,0.0,0.0,0.032,0.029,0.031,8.3,0.75,0.735,0.167,0.167,92.22,92.22,76.85,62.0,0.13,2024-25,Playoffs
0042400232,1610612750,Minnesota,Timberwolves,MIN,timberwolves,203944,Julius,Randle,J. Randle,julius-randle,F,,,32:54,128.1,128.1,98.5,98.5,29.6,29.6,0.524,5.5,35.5,0.069,0.161,0.117,6.5,0.618,0.655,0.282,0.282,94.83,94.83,79.03,64.0,0.201,2024-25,Playoffs
0042400232,1610612750,Minnesota,Timberwolves,MIN,timberwolves,203497,Rudy,Gobert,R. Gobert,rudy-gobert,C,,,26:49,109.4,109.4,94.2,94.2,15.2,15.2,0.0,0.0,0.0,0.074,0.233,0.158,33.3,0.5,0.434,0.148,0.148,93.97,93.97,78.31,53.0,0.011,2024-25,Playoffs
0042400232,1610612750,Minnesota,Timberwolves,MIN,timberwolves,1630162,Anthony,Edwards,A. Edwards,anthony-edwards,G,,,33:54,123.9,123.9,91.2,91.2,32.7,32.7,0.208,5.0,21.7,0.0,0.25,0.125,4.3,0.538,0.605,0.234,0.234,95.58,95.58,79.65,67.0,0.209,2024-25,Playoffs
0042400232,1610612750,Minnesota,Timberwolves,MIN,timberwolves,201144,Mike,Conley,M. Conley,mike-conley,G,,,17:19,103.3,103.3,90.6,90.6,12.7,12.7,0.2,2.0,25.0,0.067,0.059,0.063,12.5,0.6,0.551,0.182,0.182,85.93,85.93,71.61,30.0,0.085,2024-25,Playoffs
0042400232,1610612750,Minnesota,Timberwolves,MIN,timberwolves,1628978,Donte,DiVincenzo,D. DiVincenzo,donte-divincenzo,,,,25:34,141.5,141.5,107.5,107.5,34.0,34.0,0.192,2.5,31.3,0.12,0.0,0.063,12.5,0.5,0.5,0.18,0.18,99.5,99.5,82.92,53.0,0.042,2024-25,Playoffs
0042400232,1610612750,Minnesota,Timberwolves,MIN,timberwolves,1629675,Naz,Reid,N. Reid,naz-reid,,,,29:35,134.5,134.5,101.7,101.7,32.8,32.8,0.2,0.0,33.3,0.0,0.111,0.053,0.0,0.55,0.55,0.149,0.149,94.92,94.92,79.1,58.0,0.09,2024-25,Playoffs
0042400232,1610612750,Minnesota,Timberwolves,MIN,timberwolves,1629638,Nickeil,Alexander-Walker,N. Alexander-Walker,nickeil-alexander-walker,,,,25:37,119.6,119.6,107.5,107.5,12.1,12.1,0.188,3.0,16.7,0.04,0.042,0.041,5.6,0.692,0.72,0.263,0.263,97.44,97.44,81.2,51.0,0.13,2024-25,Playoffs
0042400232,1610612750,Minnesota,Timberwolves,MIN,timberwolves,1631169,Josh,Minott,J. Minott,josh-minott,,,,3:21,88.9,88.9,66.7,66.7,22.2,22.2,0.5,0.0,33.3,0.0,0.0,0.0,0.0,0.5,0.5,0.167,0.167,128.96,128.96,107.46,9.0,0.333,2024-25,Playoffs
0042400232,1610612750,Minnesota,Timberwolves,MIN,timberwolves,1630545,Terrence,Shannon Jr.,T. Shannon Jr.,terrence-shannon-jr,,,,3:21,88.9,88.9,66.7,66.7,22.2,22.2,0.5,0.0,33.3,0.0,0.0,0.0,0.0,0.5,0.5,0.167,0.167,128.96,128.96,107.46,9.0,0.5,2024-25,Playoffs
0042400232,1610612750,Minnesota,Timberwolves,MIN,timberwolves,1641740,Jaylen,Clark,J. Clark,jaylen-clark,,,,3:21,88.9,88.9,66.7,66.7,22.2,22.2,0.0,0.0,0.0,0.0,1.0,0.167,100.0,0.0,0.0,0.083,0.083,128.96,128.96,107.46,9.0,-0.167,2024-25,Playoffs
0042400232,1610612750,Minnesota,Timberwolves,MIN,timberwolves,1631159,Leonard,Miller,L. Miller,leonard-miller,,,,3:10,88.9,88.9,75.0,75.0,13.9,13.9,0.0,0.0,0.0,0.2,0.0,0.2,0.0,0.5,0.5,0.167,0.167,128.84,128.84,107.37,9.0,0.25,2024-25,Playoffs
0042400232,1610612750,Minnesota,Timberwolves,MIN,timberwolves,1630568,Luka,Garza,L. Garza,luka-garza,,,,2:02,100.0,100.0,60.0,60.0,40.0,40.0,0.0,0.0,0.0,0.0,0.0,0.0,0.0,0.0,0.0,0.0,0.0,129.84,129.84,108.2,6.0,-0.286,2024-25,Playoffs
0042400232,1610612750,Minnesota,Timberwolves,MIN,timberwolves,204060,Joe,Ingles,J. Ingles,joe-ingles,,DNP - Coach's Decision,,,0.0,0.0,0.0,0.0,0.0,0.0,0.0,0.0,0.0,0.0,0.0,0.0,0.0,0.0,0.0,0.0,0.0,0.0,0.0,0.0,0.0,0.0,2024-25,Playoffs
0042400233,1610612750,Minnesota,Timberwolves,MIN,timberwolves,1630183,Jaden,McDaniels,J. McDaniels,jaden-mcdaniels,F,,,42:11,109.5,109.5,100.0,100.0,9.5,9.5,0.034,0.5,8.3,0.0,0.136,0.07,16.7,0.786,0.856,0.109,0.109,93.88,93.88,78.23,84.0,0.128,2024-25,Playoffs
0042400233,1610612750,Minnesota,Timberwolves,MIN,timberwolves,203944,Julius,Randle,J. Randle,julius-randle,F,,,40:26,116.5,116.5,97.5,97.5,19.0,19.0,0.522,3.0,30.0,0.079,0.167,0.125,10.0,0.457,0.493,0.292,0.292,94.39,94.39,78.66,79.0,0.216,2024-25,Playoffs
0042400233,1610612750,Minnesota,Timberwolves,MIN,timberwolves,203497,Rudy,Gobert,R. Gobert,rudy-gobert,C,,,26:45,94.3,94.3,103.8,103.8,-9.4,-9.4,0.0,0.0,0.0,0.125,0.321,0.217,12.5,0.5,0.678,0.123,0.123,95.1,95.1,79.25,53.0,0.166,2024-25,Playoffs
0042400233,1610612750,Minnesota,Timberwolves,MIN,timberwolves,1630162,Anthony,Edwards,A. Edwards,anthony-edwards,G,,,43:49,101.2,101.2,104.6,104.6,-3.4,-3.4,0.235,1.33,10.3,0.023,0.071,0.047,7.7,0.554,0.571,0.34,0.34,94.76,94.76,78.97,86.0,0.18,2024-25,Playoffs
0042400233,1610612750,Minnesota,Timberwolves,MIN,timberwolves,201144,Mike,Conley,M. Conley,mike-conley,G,,,28:18,120.0,120.0,93.0,93.0,27.0,27.0,0.238,2.5,31.3,0.097,0.03,0.063,12.5,0.389,0.389,0.159,0.159,94.98,94.98,79.15,55.0,0.016,2024-25,Playoffs
0042400233,1610612750,Minnesota,Timberwolves,MIN,timberwolves,1629675,Naz,Reid,N. Reid,naz-reid,,,,24:30,122.4,122.4,102.0,102.0,20.4,20.4,0.111,1.0,25.0,0.0,0.143,0.075,25.0,1.125,1.125,0.103,0.103,95.99,95.99,79.99,49.0,0.084,2024-25,Playoffs
0042400233,1610612750,Minnesota,Timberwolves,MIN,timberwolves,1628978,Donte,DiVincenzo,D. DiVincenzo,donte-divincenzo,,,,15:49,87.1,87.1,132.3,132.3,-45.2,-45.2,0.0,0.0,0.0,0.067,0.1,0.08,50.0,0.333,0.333,0.167,0.167,94.08,94.08,78.4,31.0,-0.115,2024-25,Playoffs
0042400233,1610612750,Minnesota,Timberwolves,MIN,timberwolves,1629638,Nickeil,Alexander-Walker,N. Alexander-Walker,nickeil-alexander-walker,,,,18:12,105.9,105.9,100.0,100.0,5.9,5.9,0.308,4.0,44.4,0.053,0.067,0.059,11.1,0.0,0.0,0.116,0.116,92.31,92.31,76.92,34.0,0.009,2024-25,Playoffs
0042400233,1610612750,Minnesota,Timberwolves,MIN,timberwolves,1641740,Jaylen,Clark,J. Clark,jaylen-clark,,DNP - Coach's Decision,,,0.0,0.0,0.0,0.0,0.0,0.0,0.0,0.0,0.0,0.0,0.0,0.0,0.0,0.0,0.0,0.0,0.0,0.0,0.0,0.0,0.0,0.0,2024-25,Playoffs
0042400233,1610612750,Minnesota,Timberwolves,MIN,timberwolves,1642265,Rob,Dillingham,R. Dillingham,rob-dillingham,,DNP - Coach's Decision,,,0.0,0.0,0.0,0.0,0.0,0.0,0.0,0.0,0.0,0.0,0.0,0.0,0.0,0.0,0.0,0.0,0.0,0.0,0.0,0.0,0.0,0.0,2024-25,Playoffs
0042400233,1610612750,Minnesota,Timberwolves,MIN,timberwolves,1630568,Luka,Garza,L. Garza,luka-garza,,DNP - Coach's Decision,,,0.0,0.0,0.0,0.0,0.0,0.0,0.0,0.0,0.0,0.0,0.0,0.0,0.0,0.0,0.0,0.0,0.0,0.0,0.0,0.0,0.0,0.0,2024-25,Playoffs
0042400233,1610612750,Minnesota,Timberwolves,MIN,timberwolves,204060,Joe,Ingles,J. Ingles,joe-ingles,,DNP - Coach's Decision,,,0.0,0.0,0.0,0.0,0.0,0.0,0.0,0.0,0.0,0.0,0.0,0.0,0.0,0.0,0.0,0.0,0.0,0.0,0.0,0.0,0.0,0.0,2024-25,Playoffs
0042400233,1610612750,Minnesota,Timberwolves,MIN,timberwolves,1631159,Leonard,Miller,L. Miller,leonard-miller,,DNP - Coach's Decision,,,0.0,0.0,0.0,0.0,0.0,0.0,0.0,0.0,0.0,0.0,0.0,0.0,0.0,0.0,0.0,0.0,0.0,0.0,0.0,0.0,0.0,0.0,2024-25,Playoffs
0042400233,1610612750,Minnesota,Timberwolves,MIN,timberwolves,1631169,Josh,Minott,J. Minott,josh-minott,,DNP - Coach's Decision,,,0.0,0.0,0.0,0.0,0.0,0.0,0.0,0.0,0.0,0.0,0.0,0.0,0.0,0.0,0.0,0.0,0.0,0.0,0.0,0.0,0.0,0.0,2024-25,Playoffs
0042400233,1610612750,Minnesota,Timberwolves,MIN,timberwolves,1630545,Terrence,Shannon Jr.,T. Shannon Jr.,terrence-shannon-jr,,DNP - Coach's Decision,,,0.0,0.0,0.0,0.0,0.0,0.0,0.0,0.0,0.0,0.0,0.0,0.0,0.0,0.0,0.0,0.0,0.0,0.0,0.0,0.0,0.0,0.0,2024-25,Playoffs
0042400233,1610612744,Golden State,Warriors,GSW,warriors,202710,Jimmy,Butler III,J. Butler III,jimmy-butler-iii,F,,,42:59,103.5,103.5,105.9,105.9,-2.4,-2.4,0.35,1.75,17.1,0.023,0.136,0.08,9.8,0.5,0.551,0.343,0.343,95.48,95.48,79.57,86.0,0.169,2024-25,Playoffs
0042400233,1610612744,Golden State,Warriors,GSW,warriors,203110,Draymond,Green,D. Green,draymond-green,F,,,29:08,92.5,92.5,96.4,96.4,-4.0,-4.0,0.222,0.8,30.8,0.0,0.067,0.035,38.5,0.25,0.25,0.155,0.155,89.79,89.79,74.82,53.0,-0.058,2024-25,Playoffs
0042400233,1610612744,Golden State,Warriors,GSW,warriors,1631218,Trayce,Jackson-Davis,T. Jackson-Davis,trayce-jackson-davis,C,,,11:05,113.6,113.6,108.3,108.3,5.3,5.3,0.0,0.0,0.0,0.077,0.083,0.08,0.0,0.75,0.717,0.192,0.192,99.61,99.61,83.01,22.0,0.116,2024-25,Playoffs
0042400233,1610612744,Golden State,Warriors,GSW,warriors,1627741,Buddy,Hield,B. Hield,buddy-hield,G,,,32:21,110.8,110.8,120.3,120.3,-9.5,-9.5,0.238,0.0,31.3,0.067,0.065,0.066,0.0,0.636,0.636,0.151,0.151,95.72,95.72,79.77,65.0,0.125,2024-25,Playoffs
0042400233,1610612744,Golden State,Warriors,GSW,warriors,1641764,Brandin,Podziemski,B. Podziemski,brandin-podziemski,G,,,39:08,100.0,100.0,105.2,105.2,-5.2,-5.2,0.071,2.0,14.3,0.073,0.116,0.095,7.1,0.15,0.23,0.132,0.132,95.67,95.67,79.73,79.0,0.031,2024-25,Playoffs
0042400233,1610612744,Golden State,Warriors,GSW,warriors,1642366,Quinten,Post,Q. Post,quinten-post,,,,2:31,40.0,40.0,160.0,160.0,-120.0,-120.0,0.0,0.0,0.0,0.0,0.0,0.0,0.0,0.0,0.0,0.0,0.0,95.36,95.36,79.47,5.0,-0.143,2024-25,Playoffs
0042400233,1610612744,Golden State,Warriors,GSW,warriors,1627780,Gary,Payton II,G. Payton II,gary-payton-ii,,,,25:33,90.0,90.0,92.0,92.0,-2.0,-2.0,0.0,0.0,0.0,0.0,0.042,0.021,0.0,0.25,0.25,0.071,0.071,93.92,93.92,78.26,50.0,-0.02,2024-25,Playoffs
0042400233,1610612744,Golden State,Warriors,GSW,warriors,1630228,Jonathan,Kuminga,J. Kuminga,jonathan-kuminga,,,,35:52,109.6,109.6,104.2,104.2,5.4,5.4,0.176,1.5,12.0,0.031,0.143,0.09,8.0,0.694,0.727,0.272,0.272,97.03,97.03,80.86,73.0,0.235,2024-25,Playoffs
0042400233,1610612744,Golden State,Warriors,GSW,warriors,1626172,Kevon,Looney,K. Looney,kevon-looney,,,,18:03,108.1,108.1,120.0,120.0,-11.9,-11.9,0.0,0.0,0.0,0.222,0.105,0.162,28.6,0.25,0.41,0.159,0.159,95.74,95.74,79.79,37.0,0.0,2024-25,Playoffs
0042400233,1610612744,Golden State,Warriors,GSW,warriors,1630541,Moses,Moody,M. Moody,moses-moody,,,,3:20,57.1,57.1,183.3,183.3,-126.2,-126.2,0.0,0.0,0.0,0.0,0.0,0.0,0.0,0.0,0.0,0.0,0.0,93.6,93.6,78.0,7.0,0.0,2024-25,Playoffs
0042400233,1610612744,Golden State,Warriors,GSW,warriors,201939,Stephen,Curry,S. Curry,stephen-curry,,DND - Injury/Illness,,,0.0,0.0,0.0,0.0,0.0,0.0,0.0,0.0,0.0,0.0,0.0,0.0,0.0,0.0,0.0,0.0,0.0,0.0,0.0,0.0,0.0,0.0,2024-25,Playoffs
0042400233,1610612744,Golden State,Warriors,GSW,warriors,1630296,Braxton,Key,B. Key,braxton-key,,DNP - Coach's Decision,,,0.0,0.0,0.0,0.0,0.0,0.0,0.0,0.0,0.0,0.0,0.0,0.0,0.0,0.0,0.0,0.0,0.0,0.0,0.0,0.0,0.0,0.0,2024-25,Playoffs
0042400233,1610612744,Golden State,Warriors,GSW,warriors,1628995,Kevin,Knox II,K. Knox II,kevin-knox-ii,,DNP - Coach's Decision,,,0.0,0.0,0.0,0.0,0.0,0.0,0.0,0.0,0.0,0.0,0.0,0.0,0.0,0.0,0.0,0.0,0.0,0.0,0.0,0.0,0.0,0.0,2024-25,Playoffs
0042400233,1610612744,Golden State,Warriors,GSW,warriors,1630611,Gui,Santos,G. Santos,gui-santos,,DNP - Coach's Decision,,,0.0,0.0,0.0,0.0,0.0,0.0,0.0,0.0,0.0,0.0,0.0,0.0,0.0,0.0,0.0,0.0,0.0,0.0,0.0,0.0,0.0,0.0,2024-25,Playoffs
0042400233,1610612744,Golden State,Warriors,GSW,warriors,1630311,Pat,Spencer,P. Spencer,pat-spencer,,DNP - Coach's Decision,,,0.0,0.0,0.0,0.0,0.0,0.0,0.0,0.0,0.0,0.0,0.0,0.0,0.0,0.0,0.0,0.0,0.0,0.0,0.0,0.0,0.0,0.0,2024-25,Playoffs
0042400234,1610612750,Minnesota,Timberwolves,MIN,timberwolves,1630183,Jaden,McDaniels,J. McDaniels,jaden-mcdaniels,F,,,40:18,117.4,117.4,101.2,101.2,16.3,16.3,0.069,2.0,16.7,0.033,0.273,0.176,8.3,0.5,0.563,0.104,0.104,101.84,101.84,84.86,86.0,0.112,2024-25,Playoffs
0042400234,1610612750,Minnesota,Timberwolves,MIN,timberwolves,203944,Julius,Randle,J. Randle,julius-randle,F,,,40:49,117.2,117.2,107.1,107.1,10.2,10.2,0.143,0.75,9.7,0.0,0.122,0.068,12.9,0.619,0.656,0.289,0.289,101.14,101.14,84.28,87.0,0.158,2024-25,Playoffs
0042400234,1610612750,Minnesota,Timberwolves,MIN,timberwolves,203497,Rudy,Gobert,R. Gobert,rudy-gobert,C,,,29:46,116.1,116.1,93.7,93.7,22.5,22.5,0.048,0.0,14.3,0.1,0.088,0.094,0.0,0.5,0.694,0.085,0.085,100.78,100.78,83.99,62.0,0.111,2024-25,Playoffs
0042400234,1610612750,Minnesota,Timberwolves,MIN,timberwolves,1630162,Anthony,Edwards,A. Edwards,anthony-edwards,G,,,33:17,120.0,120.0,107.5,107.5,12.5,12.5,0.313,1.67,16.7,0.0,0.121,0.061,10.0,0.667,0.672,0.338,0.338,95.18,95.18,79.32,65.0,0.185,2024-25,Playoffs
0042400234,1610612750,Minnesota,Timberwolves,MIN,timberwolves,201144,Mike,Conley,M. Conley,mike-conley,G,,,29:23,123.3,123.3,95.0,95.0,28.3,28.3,0.25,0.0,31.3,0.074,0.029,0.048,0.0,0.333,0.491,0.162,0.162,98.01,98.01,81.68,60.0,0.087,2024-25,Playoffs
0042400234,1610612750,Minnesota,Timberwolves,MIN,timberwolves,1628978,Donte,DiVincenzo,D. DiVincenzo,donte-divincenzo,,,,25:40,103.3,103.3,118.3,118.3,-15.0,-15.0,0.158,1.5,21.4,0.0,0.125,0.067,14.3,0.429,0.514,0.167,0.167,112.21,112.21,93.51,60.0,0.041,2024-25,Playoffs
0042400234,1610612750,Minnesota,Timberwolves,MIN,timberwolves,1629675,Naz,Reid,N. Reid,naz-reid,,,,23:33,101.9,101.9,120.4,120.4,-18.5,-18.5,0.053,0.2,10.0,0.0,0.083,0.05,50.0,0.625,0.625,0.155,0.155,109.04,109.04,90.87,53.0,0.016,2024-25,Playoffs
0042400234,1610612750,Minnesota,Timberwolves,MIN,timberwolves,1629638,Nickeil,Alexander-Walker,N. Alexander-Walker,nickeil-alexander-walker,,,,17:14,100.0,100.0,114.0,114.0,-14.0,-14.0,0.182,0.5,16.7,0.0,0.1,0.065,33.3,1.1,1.105,0.222,0.222,118.38,118.38,98.65,42.0,0.203,2024-25,Playoffs
0042400234,1610612750,Minnesota,Timberwolves,MIN,timberwolves,1641740,Jaylen,Clark,J. Clark,jaylen-clark,,DNP - Coach's Decision,,,0.0,0.0,0.0,0.0,0.0,0.0,0.0,0.0,0.0,0.0,0.0,0.0,0.0,0.0,0.0,0.0,0.0,0.0,0.0,0.0,0.0,0.0,2024-25,Playoffs
0042400234,1610612750,Minnesota,Timberwolves,MIN,timberwolves,1642265,Rob,Dillingham,R. Dillingham,rob-dillingham,,DNP - Coach's Decision,,,0.0,0.0,0.0,0.0,0.0,0.0,0.0,0.0,0.0,0.0,0.0,0.0,0.0,0.0,0.0,0.0,0.0,0.0,0.0,0.0,0.0,0.0,2024-25,Playoffs
0042400234,1610612750,Minnesota,Timberwolves,MIN,timberwolves,1630568,Luka,Garza,L. Garza,luka-garza,,DNP - Coach's Decision,,,0.0,0.0,0.0,0.0,0.0,0.0,0.0,0.0,0.0,0.0,0.0,0.0,0.0,0.0,0.0,0.0,0.0,0.0,0.0,0.0,0.0,0.0,2024-25,Playoffs
0042400234,1610612750,Minnesota,Timberwolves,MIN,timberwolves,204060,Joe,Ingles,J. Ingles,joe-ingles,,DNP - Coach's Decision,,,0.0,0.0,0.0,0.0,0.0,0.0,0.0,0.0,0.0,0.0,0.0,0.0,0.0,0.0,0.0,0.0,0.0,0.0,0.0,0.0,0.0,0.0,2024-25,Playoffs
0042400234,1610612750,Minnesota,Timberwolves,MIN,timberwolves,1631159,Leonard,Miller,L. Miller,leonard-miller,,DNP - Coach's Decision,,,0.0,0.0,0.0,0.0,0.0,0.0,0.0,0.0,0.0,0.0,0.0,0.0,0.0,0.0,0.0,0.0,0.0,0.0,0.0,0.0,0.0,0.0,2024-25,Playoffs
0042400234,1610612750,Minnesota,Timberwolves,MIN,timberwolves,1631169,Josh,Minott,J. Minott,josh-minott,,DNP - Coach's Decision,,,0.0,0.0,0.0,0.0,0.0,0.0,0.0,0.0,0.0,0.0,0.0,0.0,0.0,0.0,0.0,0.0,0.0,0.0,0.0,0.0,0.0,0.0,2024-25,Playoffs
0042400234,1610612750,Minnesota,Timberwolves,MIN,timberwolves,1630545,Terrence,Shannon Jr.,T. Shannon Jr.,terrence-shannon-jr,,DNP - Coach's Decision,,,0.0,0.0,0.0,0.0,0.0,0.0,0.0,0.0,0.0,0.0,0.0,0.0,0.0,0.0,0.0,0.0,0.0,0.0,0.0,0.0,0.0,0.0,2024-25,Playoffs
0042400234,1610612744,Golden State,Warriors,GSW,warriors,202710,Jimmy,Butler III,J. Butler III,jimmy-butler-iii,F,,,34:21,88.9,88.9,136.2,136.2,-47.3,-47.3,0.167,1.5,18.8,0.083,0.107,0.094,12.5,0.556,0.625,0.157,0.157,98.5,98.5,82.08,72.0,0.101,2024-25,Playoffs
0042400234,1610612744,Golden State,Warriors,GSW,warriors,203110,Draymond,Green,D. Green,draymond-green,F,,,33:53,98.6,98.6,122.5,122.5,-24.0,-24.0,0.133,1.0,11.1,0.026,0.2,0.103,11.1,0.5,0.5,0.19,0.19,99.88,99.88,83.23,70.0,0.074,2024-25,Playoffs
0042400234,1610612744,Golden State,Warriors,GSW,warriors,1631218,Trayce,Jackson-Davis,T. Jackson-Davis,trayce-jackson-davis,C,,,19:14,97.3,97.3,145.9,145.9,-48.6,-48.6,0.091,0.0,25.0,0.05,0.125,0.083,0.0,1.0,0.868,0.067,0.067,92.34,92.34,76.95,37.0,0.059,2024-25,Playoffs
0042400234,1610612744,Golden State,Warriors,GSW,warriors,1627741,Buddy,Hield,B. Hield,buddy-hield,G,,,34:44,102.8,102.8,119.7,119.7,-16.9,-16.9,0.05,0.25,5.6,0.027,0.103,0.061,22.2,0.455,0.509,0.198,0.198,98.8,98.8,82.33,72.0,0.037,2024-25,Playoffs
0042400234,1610612744,Golden State,Warriors,GSW,warriors,1641764,Brandin,Podziemski,B. Podziemski,brandin-podziemski,G,,,33:01,107.2,107.2,120.3,120.3,-13.0,-13.0,0.048,0.5,5.0,0.029,0.074,0.048,10.0,0.214,0.331,0.235,0.235,100.31,100.31,83.59,69.0,0.021,2024-25,Playoffs
0042400234,1610612744,Golden State,Warriors,GSW,warriors,1627780,Gary,Payton II,G. Payton II,gary-payton-ii,,,,15:52,103.0,103.0,108.8,108.8,-5.8,-5.8,0.182,1.0,22.2,0.188,0.0,0.1,22.2,0.3,0.3,0.179,0.179,101.38,101.38,84.48,33.0,-0.028,2024-25,Playoffs
0042400234,1610612744,Golden State,Warriors,GSW,warriors,1630228,Jonathan,Kuminga,J. Kuminga,jonathan-kuminga,,,,29:31,98.5,98.5,120.3,120.3,-21.9,-21.9,0.067,0.5,4.5,0.0,0.0,0.0,9.1,0.462,0.629,0.284,0.284,104.89,104.89,87.41,65.0,0.135,2024-25,Playoffs
0042400234,1610612744,Golden State,Warriors,GSW,warriors,1626172,Kevon,Looney,K. Looney,kevon-looney,,,,13:51,124.1,124.1,113.8,113.8,10.3,10.3,0.0,0.0,0.0,0.231,0.385,0.308,0.0,0.6,0.68,0.171,0.171,100.51,100.51,83.75,29.0,0.193,2024-25,Playoffs
0042400234,1610612744,Golden State,Warriors,GSW,warriors,1630296,Braxton,Key,B. Key,braxton-key,,,,0:08,0.0,0.0,300.0,300.0,-300.0,-300.0,0.0,0.0,0.0,0.0,0.0,0.0,0.0,0.0,0.0,0.0,0.0,360.0,360.0,300.0,1.0,0.0,2024-25,Playoffs
0042400234,1610612744,Golden State,Warriors,GSW,warriors,1630541,Moses,Moody,M. Moody,moses-moody,,,,6:53,127.8,127.8,63.2,63.2,64.6,64.6,0.429,0.0,50.0,0.0,0.2,0.077,0.0,0.5,0.5,0.158,0.158,129.01,129.01,107.51,18.0,0.122,2024-25,Playoffs
0042400234,1610612744,Golden State,Warriors,GSW,warriors,1630311,Pat,Spencer,P. Spencer,pat-spencer,,,,4:38,146.2,146.2,38.5,38.5,107.7,107.7,0.0,0.0,0.0,0.0,0.0,0.0,0.0,0.0,1.136,0.071,0.071,134.68,134.68,112.23,13.0,0.114,2024-25,Playoffs
0042400234,1610612744,Golden State,Warriors,GSW,warriors,1628995,Kevin,Knox II,K. Knox II,kevin-knox-ii,,,,4:38,146.2,146.2,38.5,38.5,107.7,107.7,0.167,1.0,33.3,0.0,0.0,0.0,33.3,1.0,1.0,0.143,0.143,134.68,134.68,112.23,13.0,0.057,2024-25,Playoffs
0042400234,1610612744,Golden State,Warriors,GSW,warriors,1630611,Gui,Santos,G. Santos,gui-santos,,,,4:38,146.2,146.2,38.5,38.5,107.7,107.7,0.5,0.0,33.3,0.0,0.25,0.111,0.0,0.875,0.875,0.286,0.286,134.68,134.68,112.23,13.0,0.571,2024-25,Playoffs
0042400234,1610612744,Golden State,Warriors,GSW,warriors,1642366,Quinten,Post,Q. Post,quinten-post,,,,4:38,146.2,146.2,38.5,38.5,107.7,107.7,0.2,0.0,20.0,0.2,0.25,0.222,0.0,0.625,0.625,0.286,0.286,134.68,134.68,112.23,13.0,0.257,2024-25,Playoffs
0042400234,1610612744,Golden State,Warriors,GSW,warriors,201939,Stephen,Curry,S. Curry,stephen-curry,,DND - Injury/Illness,,,0.0,0.0,0.0,0.0,0.0,0.0,0.0,0.0,0.0,0.0,0.0,0.0,0.0,0.0,0.0,0.0,0.0,0.0,0.0,0.0,0.0,0.0,2024-25,Playoffs
0042400235,1610612744,Golden State,Warriors,GSW,warriors,202710,Jimmy,Butler III,J. Butler III,jimmy-butler-iii,F,,,41:54,105.7,105.7,122.5,122.5,-16.7,-16.7,0.214,6.0,26.1,0.059,0.111,0.077,4.3,0.364,0.537,0.16,0.16,100.83,100.83,84.02,87.0,0.104,2024-25,Playoffs
0042400235,1610612744,Golden State,Warriors,GSW,warriors,203110,Draymond,Green,D. Green,draymond-green,F,,,35:46,110.5,110.5,124.0,124.0,-13.5,-13.5,0.24,2.0,28.6,0.045,0.19,0.092,14.3,0.409,0.421,0.161,0.161,101.34,101.34,84.45,76.0,0.046,2024-25,Playoffs
0042400235,1610612744,Golden State,Warriors,GSW,warriors,1631218,Trayce,Jackson-Davis,T. Jackson-Davis,trayce-jackson-davis,C,,,6:41,85.7,85.7,138.5,138.5,-52.7,-52.7,0.0,0.0,0.0,0.25,0.0,0.182,0.0,1.0,1.0,0.063,0.063,96.96,96.96,80.8,14.0,0.123,2024-25,Playoffs
0042400235,1610612744,Golden State,Warriors,GSW,warriors,1627741,Buddy,Hield,B. Hield,buddy-hield,G,,,29:37,96.8,96.8,119.7,119.7,-22.9,-22.9,0.053,0.25,6.3,0.056,0.118,0.075,25.0,0.222,0.372,0.203,0.203,99.68,99.68,83.07,62.0,-0.017,2024-25,Playoffs
0042400235,1610612744,Golden State,Warriors,GSW,warriors,1641764,Brandin,Podziemski,B. Podziemski,brandin-podziemski,G,,,38:44,119.2,119.2,118.8,118.8,0.5,0.5,0.174,2.0,14.8,0.043,0.154,0.082,7.4,0.684,0.66,0.237,0.237,97.9,97.9,81.58,78.0,0.13,2024-25,Playoffs
0042400235,1610612744,Golden State,Warriors,GSW,warriors,1630228,Jonathan,Kuminga,J. Kuminga,jonathan-kuminga,,,,32:14,105.9,105.9,125.4,125.4,-19.5,-19.5,0.0,0.0,0.0,0.024,0.1,0.049,7.7,0.543,0.535,0.31,0.31,100.52,100.52,83.76,68.0,0.09,2024-25,Playoffs
0042400235,1610612744,Golden State,Warriors,GSW,warriors,1627780,Gary,Payton II,G. Payton II,gary-payton-ii,,,,5:42,115.4,115.4,92.9,92.9,22.5,22.5,0.0,0.0,0.0,0.0,0.0,0.0,0.0,0.0,0.0,0.0,0.0,113.68,113.68,94.74,13.0,0.042,2024-25,Playoffs
0042400235,1610612744,Golden State,Warriors,GSW,warriors,1630611,Gui,Santos,G. Santos,gui-santos,,,,15:43,108.8,108.8,118.8,118.8,-9.9,-9.9,0.0,0.0,0.0,0.167,0.167,0.167,0.0,0.25,0.25,0.098,0.098,100.74,100.74,83.95,34.0,0.025,2024-25,Playoffs
0042400235,1610612744,Golden State,Warriors,GSW,warriors,1626172,Kevon,Looney,K. Looney,kevon-looney,,,,5:59,46.2,46.2,130.8,130.8,-84.6,-84.6,0.333,0.0,100.0,0.125,0.5,0.25,0.0,0.0,0.0,0.0,0.0,104.29,104.29,86.91,13.0,0.127,2024-25,Playoffs
0042400235,1610612744,Golden State,Warriors,GSW,warriors,1642366,Quinten,Post,Q. Post,quinten-post,,,,9:56,127.3,127.3,86.4,86.4,40.9,40.9,0.0,0.0,0.0,0.0,0.333,0.158,33.3,0.375,0.375,0.231,0.231,106.24,106.24,88.53,22.0,0.0,2024-25,Playoffs
0042400235,1610612744,Golden State,Warriors,GSW,warriors,1630311,Pat,Spencer,P. Spencer,pat-spencer,,,,5:44,100.0,100.0,150.0,150.0,-50.0,-50.0,0.333,0.5,20.0,0.143,0.0,0.1,40.0,0.5,0.5,0.267,0.267,104.65,104.65,87.21,13.0,-0.019,2024-25,Playoffs
0042400235,1610612744,Golden State,Warriors,GSW,warriors,1630541,Moses,Moody,M. Moody,moses-moody,,,,12:00,146.2,146.2,107.7,107.7,38.5,38.5,0.2,2.0,18.2,0.067,0.0,0.04,9.1,0.667,0.732,0.265,0.265,104.0,104.0,86.67,26.0,0.178,2024-25,Playoffs
0042400235,1610612744,Golden State,Warriors,GSW,warriors,201939,Stephen,Curry,S. Curry,stephen-curry,,DND - Injury/Illness,,,0.0,0.0,0.0,0.0,0.0,0.0,0.0,0.0,0.0,0.0,0.0,0.0,0.0,0.0,0.0,0.0,0.0,0.0,0.0,0.0,0.0,0.0,2024-25,Playoffs
0042400235,1610612744,Golden State,Warriors,GSW,warriors,1630296,Braxton,Key,B. Key,braxton-key,,DNP - Coach's Decision,,,0.0,0.0,0.0,0.0,0.0,0.0,0.0,0.0,0.0,0.0,0.0,0.0,0.0,0.0,0.0,0.0,0.0,0.0,0.0,0.0,0.0,0.0,2024-25,Playoffs
0042400235,1610612744,Golden State,Warriors,GSW,warriors,1628995,Kevin,Knox II,K. Knox II,kevin-knox-ii,,DNP - Coach's Decision,,,0.0,0.0,0.0,0.0,0.0,0.0,0.0,0.0,0.0,0.0,0.0,0.0,0.0,0.0,0.0,0.0,0.0,0.0,0.0,0.0,0.0,0.0,2024-25,Playoffs
0042400235,1610612750,Minnesota,Timberwolves,MIN,timberwolves,1630183,Jaden,McDaniels,J. McDaniels,jaden-mcdaniels,F,,,41:05,120.2,120.2,117.9,117.9,2.4,2.4,0.057,0.67,10.0,0.038,0.058,0.051,15.0,0.429,0.47,0.196,0.196,98.14,98.14,81.78,84.0,0.051,2024-25,Playoffs
0042400235,1610612750,Minnesota,Timberwolves,MIN,timberwolves,203944,Julius,Randle,J. Randle,julius-randle,F,,,42:30,117.8,117.8,115.9,115.9,1.9,1.9,0.172,1.0,17.9,0.074,0.115,0.101,17.9,0.778,0.786,0.235,0.235,100.52,100.52,83.76,90.0,0.162,2024-25,Playoffs
0042400235,1610612750,Minnesota,Timberwolves,MIN,timberwolves,203497,Rudy,Gobert,R. Gobert,rudy-gobert,C,,,27:31,132.1,132.1,96.4,96.4,35.8,35.8,0.0,0.0,0.0,0.0,0.25,0.167,0.0,0.889,0.79,0.177,0.177,96.81,96.81,80.68,56.0,0.159,2024-25,Playoffs
0042400235,1610612750,Minnesota,Timberwolves,MIN,timberwolves,1630162,Anthony,Edwards,A. Edwards,anthony-edwards,G,,,41:09,128.2,128.2,104.7,104.7,23.5,23.5,0.343,1.71,34.3,0.042,0.118,0.093,20.0,0.7,0.693,0.247,0.247,99.15,99.15,82.62,85.0,0.139,2024-25,Playoffs
0042400235,1610612750,Minnesota,Timberwolves,MIN,timberwolves,201144,Mike,Conley,M. Conley,mike-conley,G,,,26:30,125.9,125.9,116.4,116.4,9.6,9.6,0.381,4.0,44.4,0.063,0.139,0.115,11.1,1.0,1.015,0.179,0.179,98.72,98.72,82.26,54.0,0.177,2024-25,Playoffs
0042400235,1610612750,Minnesota,Timberwolves,MIN,timberwolves,1629675,Naz,Reid,N. Reid,naz-reid,,,,21:02,104.4,104.4,108.7,108.7,-4.3,-4.3,0.059,1.0,12.5,0.059,0.13,0.1,12.5,0.6,0.68,0.143,0.143,103.84,103.84,86.53,45.0,0.096,2024-25,Playoffs
0042400235,1610612750,Minnesota,Timberwolves,MIN,timberwolves,1628978,Donte,DiVincenzo,D. DiVincenzo,donte-divincenzo,,,,26:27,117.2,117.2,107.0,107.0,10.2,10.2,0.261,6.0,40.0,0.0,0.065,0.042,6.7,0.857,0.825,0.138,0.138,104.35,104.35,86.96,58.0,0.177,2024-25,Playoffs
0042400235,1610612750,Minnesota,Timberwolves,MIN,timberwolves,1629638,Nickeil,Alexander-Walker,N. Alexander-Walker,nickeil-alexander-walker,,,,13:46,100.0,100.0,100.0,100.0,0.0,0.0,0.154,2.0,33.3,0.0,0.0,0.0,16.7,0.333,0.333,0.118,0.118,111.57,111.57,92.98,32.0,-0.018,2024-25,Playoffs
0042400235,1610612750,Minnesota,Timberwolves,MIN,timberwolves,1641740,Jaylen,Clark,J. Clark,jaylen-clark,,DNP - Coach's Decision,,,0.0,0.0,0.0,0.0,0.0,0.0,0.0,0.0,0.0,0.0,0.0,0.0,0.0,0.0,0.0,0.0,0.0,0.0,0.0,0.0,0.0,0.0,2024-25,Playoffs
0042400235,1610612750,Minnesota,Timberwolves,MIN,timberwolves,1642265,Rob,Dillingham,R. Dillingham,rob-dillingham,,DNP - Coach's Decision,,,0.0,0.0,0.0,0.0,0.0,0.0,0.0,0.0,0.0,0.0,0.0,0.0,0.0,0.0,0.0,0.0,0.0,0.0,0.0,0.0,0.0,0.0,2024-25,Playoffs
0042400235,1610612750,Minnesota,Timberwolves,MIN,timberwolves,1630568,Luka,Garza,L. Garza,luka-garza,,DNP - Coach's Decision,,,0.0,0.0,0.0,0.0,0.0,0.0,0.0,0.0,0.0,0.0,0.0,0.0,0.0,0.0,0.0,0.0,0.0,0.0,0.0,0.0,0.0,0.0,2024-25,Playoffs
0042400235,1610612750,Minnesota,Timberwolves,MIN,timberwolves,204060,Joe,Ingles,J. Ingles,joe-ingles,,DNP - Coach's Decision,,,0.0,0.0,0.0,0.0,0.0,0.0,0.0,0.0,0.0,0.0,0.0,0.0,0.0,0.0,0.0,0.0,0.0,0.0,0.0,0.0,0.0,0.0,2024-25,Playoffs
0042400235,1610612750,Minnesota,Timberwolves,MIN,timberwolves,1631159,Leonard,Miller,L. Miller,leonard-miller,,DNP - Coach's Decision,,,0.0,0.0,0.0,0.0,0.0,0.0,0.0,0.0,0.0,0.0,0.0,0.0,0.0,0.0,0.0,0.0,0.0,0.0,0.0,0.0,0.0,0.0,2024-25,Playoffs
0042400235,1610612750,Minnesota,Timberwolves,MIN,timberwolves,1631169,Josh,Minott,J. Minott,josh-minott,,DNP - Coach's Decision,,,0.0,0.0,0.0,0.0,0.0,0.0,0.0,0.0,0.0,0.0,0.0,0.0,0.0,0.0,0.0,0.0,0.0,0.0,0.0,0.0,0.0,0.0,2024-25,Playoffs
0042400235,1610612750,Minnesota,Timberwolves,MIN,timberwolves,1630545,Terrence,Shannon Jr.,T. Shannon Jr.,terrence-shannon-jr,,DNP - Coach's Decision,,,0.0,0.0,0.0,0.0,0.0,0.0,0.0,0.0,0.0,0.0,0.0,0.0,0.0,0.0,0.0,0.0,0.0,0.0,0.0,0.0,0.0,0.0,2024-25,Playoffs
0042400301,1610612754,Indiana,Pacers,IND,pacers,1630174,Aaron,Nesmith,A. Nesmith,aaron-nesmith,F,,,38:30,134.6,134.6,122.2,122.2,12.3,12.3,0.0,0.0,0.0,0.0,0.056,0.029,0.0,1.0,1.016,0.169,0.169,100.99,100.99,84.16,81.0,0.137,2024-25,Playoffs
0042400301,1610612754,Indiana,Pacers,IND,pacers,1627783,Pascal,Siakam,P. Siakam,pascal-siakam,F,,,42:44,134.8,134.8,125.8,125.8,9.0,9.0,0.154,0.0,25.0,0.026,0.1,0.063,0.0,0.438,0.467,0.182,0.182,99.97,99.97,83.31,89.0,0.084,2024-25,Playoffs
0042400301,1610612754,Indiana,Pacers,IND,pacers,1626167,Myles,Turner,M. Turner,myles-turner,C,,,31:19,120.3,120.3,125.0,125.0,-4.7,-4.7,0.083,2.0,13.3,0.067,0.1,0.083,6.7,0.591,0.589,0.181,0.181,98.08,98.08,81.74,64.0,0.086,2024-25,Playoffs
0042400301,1610612754,Indiana,Pacers,IND,pacers,1630169,Tyrese,Haliburton,T. Haliburton,tyrese-haliburton,G,,,42:27,135.6,135.6,124.1,124.1,11.5,11.5,0.344,5.5,28.9,0.0,0.1,0.051,5.3,0.609,0.626,0.273,0.273,96.11,96.11,80.09,87.0,0.157,2024-25,Playoffs
0042400301,1610612754,Indiana,Pacers,IND,pacers,1629614,Andrew,Nembhard,A. Nembhard,andrew-nembhard,G,,,35:03,119.7,119.7,115.1,115.1,4.6,4.6,0.143,1.33,22.2,0.059,0.063,0.061,16.7,0.7,0.689,0.177,0.177,98.62,98.62,82.18,71.0,0.063,2024-25,Playoffs
0042400301,1610612754,Indiana,Pacers,IND,pacers,1631097,Bennedict,Mathurin,B. Mathurin,bennedict-mathurin,,,,21:08,97.7,97.7,129.5,129.5,-31.8,-31.8,0.0,0.0,0.0,0.074,0.043,0.06,0.0,0.4,0.625,0.132,0.132,99.95,99.95,83.29,44.0,0.088,2024-25,Playoffs
0042400301,1610612754,Indiana,Pacers,IND,pacers,1630167,Obi,Toppin,O. Toppin,obi-toppin,,,,19:36,127.9,127.9,102.2,102.2,25.7,25.7,0.0,0.0,0.0,0.125,0.35,0.227,0.0,0.444,0.444,0.173,0.173,107.76,107.76,89.8,43.0,0.126,2024-25,Playoffs
0042400301,1610612754,Indiana,Pacers,IND,pacers,1628418,Thomas,Bryant,T. Bryant,thomas-bryant,,,,12:54,100.0,100.0,134.6,134.6,-34.6,-34.6,0.0,0.0,0.0,0.083,0.067,0.074,0.0,0.333,0.515,0.148,0.148,92.99,92.99,77.49,24.0,0.06,2024-25,Playoffs
0042400301,1610612754,Indiana,Pacers,IND,pacers,204456,T.J.,McConnell,T. McConnell,tj-mcconnell,,,,14:04,96.8,96.8,146.7,146.7,-49.9,-49.9,0.333,2.0,14.3,0.0,0.308,0.129,7.1,0.444,0.465,0.324,0.324,104.08,104.08,86.73,31.0,0.101,2024-25,Playoffs
0042400301,1610612754,Indiana,Pacers,IND,pacers,1641767,Ben,Sheppard,B. Sheppard,ben-sheppard,,,,7:15,223.1,223.1,107.1,107.1,115.9,115.9,0.1,0.0,50.0,0.0,0.0,0.0,0.0,0.0,0.0,0.067,0.067,89.38,89.38,74.48,13.0,-0.029,2024-25,Playoffs
0042400301,1610612754,Indiana,Pacers,IND,pacers,1628396,Tony,Bradley,T. Bradley,tony-bradley,,DNP - Coach's Decision,,,0.0,0.0,0.0,0.0,0.0,0.0,0.0,0.0,0.0,0.0,0.0,0.0,0.0,0.0,0.0,0.0,0.0,0.0,0.0,0.0,0.0,0.0,2024-25,Playoffs
0042400301,1610612754,Indiana,Pacers,IND,pacers,1642277,Johnny,Furphy,J. Furphy,johnny-furphy,,DNP - Coach's Decision,,,0.0,0.0,0.0,0.0,0.0,0.0,0.0,0.0,0.0,0.0,0.0,0.0,0.0,0.0,0.0,0.0,0.0,0.0,0.0,0.0,0.0,0.0,2024-25,Playoffs
0042400301,1610612754,Indiana,Pacers,IND,pacers,1630543,Isaiah,Jackson,I. Jackson,isaiah-jackson,,DND - Injury/Illness,,,0.0,0.0,0.0,0.0,0.0,0.0,0.0,0.0,0.0,0.0,0.0,0.0,0.0,0.0,0.0,0.0,0.0,0.0,0.0,0.0,0.0,0.0,2024-25,Playoffs
0042400301,1610612754,Indiana,Pacers,IND,pacers,201949,James,Johnson,J. Johnson,james-johnson,,DNP - Coach's Decision,,,0.0,0.0,0.0,0.0,0.0,0.0,0.0,0.0,0.0,0.0,0.0,0.0,0.0,0.0,0.0,0.0,0.0,0.0,0.0,0.0,0.0,0.0,2024-25,Playoffs
0042400301,1610612754,Indiana,Pacers,IND,pacers,1641716,Jarace,Walker,J. Walker,jarace-walker,,DNP - Coach's Decision,,,0.0,0.0,0.0,0.0,0.0,0.0,0.0,0.0,0.0,0.0,0.0,0.0,0.0,0.0,0.0,0.0,0.0,0.0,0.0,0.0,0.0,0.0,2024-25,Playoffs
0042400301,1610612752,New York,Knicks,NYK,knicks,1628384,OG,Anunoby,O. Anunoby,og-anunoby,F,,,41:36,120.7,120.7,136.0,136.0,-15.4,-15.4,0.065,0.67,9.1,0.025,0.053,0.038,13.6,0.467,0.477,0.192,0.192,99.8,99.8,83.17,87.0,0.032,2024-25,Playoffs
0042400301,1610612752,New York,Knicks,NYK,knicks,1628404,Josh,Hart,J. Hart,josh-hart,F,,,44:03,130.7,130.7,133.7,133.7,-3.0,-3.0,0.189,7.0,46.7,0.05,0.262,0.159,6.7,0.583,0.581,0.075,0.075,96.43,96.43,80.36,88.0,0.094,2024-25,Playoffs
0042400301,1610612752,New York,Knicks,NYK,knicks,1626157,Karl-Anthony,Towns,K. Towns,karl-anthony-towns,C,,,39:08,124.7,124.7,122.7,122.7,2.0,2.0,0.087,2.0,8.0,0.05,0.256,0.152,4.0,0.765,0.801,0.235,0.235,95.66,95.66,79.72,81.0,0.221,2024-25,Playoffs
0042400301,1610612752,New York,Knicks,NYK,knicks,1628969,Mikal,Bridges,M. Bridges,mikal-bridges,G,,,46:18,121.5,121.5,136.2,136.2,-14.7,-14.7,0.147,1.67,20.0,0.087,0.049,0.069,12.0,0.5,0.474,0.18,0.18,96.94,96.94,80.78,93.0,0.065,2024-25,Playoffs
0042400301,1610612752,New York,Knicks,NYK,knicks,1628973,Jalen,Brunson,J. Brunson,jalen-brunson,G,,,37:33,126.7,126.7,147.1,147.1,-20.5,-20.5,0.25,0.71,11.6,0.0,0.036,0.017,16.3,0.62,0.69,0.432,0.432,92.68,92.68,77.23,75.0,0.144,2024-25,Playoffs
0042400301,1610612752,New York,Knicks,NYK,knicks,1629011,Mitchell,Robinson,M. Robinson,mitchell-robinson,,,,20:53,131.7,131.7,122.7,122.7,9.0,9.0,0.053,0.0,33.3,0.222,0.16,0.186,0.0,1.0,0.532,0.04,0.04,97.7,97.7,81.42,41.0,0.091,2024-25,Playoffs
0042400301,1610612752,New York,Knicks,NYK,knicks,1630540,Miles,McBride,M. McBride,miles-mcbride,,,,25:30,125.5,125.5,100.0,100.0,25.5,25.5,0.045,0.0,10.0,0.0,0.061,0.032,0.0,0.357,0.489,0.134,0.134,105.42,105.42,87.85,55.0,0.055,2024-25,Playoffs
0042400301,1610612752,New York,Knicks,NYK,knicks,1626166,Cameron,Payne,C. Payne,cameron-payne,,,,9:33,104.5,104.5,85.7,85.7,18.8,18.8,0.167,0.0,12.5,0.0,0.071,0.034,0.0,0.429,0.429,0.259,0.259,108.08,108.08,90.07,22.0,0.0,2024-25,Playoffs
0042400301,1610612752,New York,Knicks,NYK,knicks,1626153,Delon,Wright,D. Wright,delon-wright,,,,0:26,0.0,0.0,200.0,200.0,-200.0,-200.0,0.0,0.0,0.0,0.0,0.0,0.0,0.0,0.0,0.0,0.0,0.0,110.34,110.34,91.95,1.0,0.0,2024-25,Playoffs
0042400301,1610612752,New York,Knicks,NYK,knicks,1630173,Precious,Achiuwa,P. Achiuwa,precious-achiuwa,,DNP - Coach's Decision,,,0.0,0.0,0.0,0.0,0.0,0.0,0.0,0.0,0.0,0.0,0.0,0.0,0.0,0.0,0.0,0.0,0.0,0.0,0.0,0.0,0.0,0.0,2024-25,Playoffs
0042400301,1610612752,New York,Knicks,NYK,knicks,1642359,Pacôme,Dadiet,P. Dadiet,pacôme-dadiet,,DNP - Coach's Decision,,,0.0,0.0,0.0,0.0,0.0,0.0,0.0,0.0,0.0,0.0,0.0,0.0,0.0,0.0,0.0,0.0,0.0,0.0,0.0,0.0,0.0,0.0,2024-25,Playoffs
0042400301,1610612752,New York,Knicks,NYK,knicks,1630574,Ariel,Hukporti,A. Hukporti,ariel-hukporti,,DNP - Coach's Decision,,,0.0,0.0,0.0,0.0,0.0,0.0,0.0,0.0,0.0,0.0,0.0,0.0,0.0,0.0,0.0,0.0,0.0,0.0,0.0,0.0,0.0,0.0,2024-25,Playoffs
0042400301,1610612752,New York,Knicks,NYK,knicks,1642278,Tyler,Kolek,T. Kolek,tyler-kolek,,DNP - Coach's Decision,,,0.0,0.0,0.0,0.0,0.0,0.0,0.0,0.0,0.0,0.0,0.0,0.0,0.0,0.0,0.0,0.0,0.0,0.0,0.0,0.0,0.0,0.0,2024-25,Playoffs
0042400301,1610612752,New York,Knicks,NYK,knicks,1629013,Landry,Shamet,L. Shamet,landry-shamet,,DNP - Coach's Decision,,,0.0,0.0,0.0,0.0,0.0,0.0,0.0,0.0,0.0,0.0,0.0,0.0,0.0,0.0,0.0,0.0,0.0,0.0,0.0,0.0,0.0,0.0,2024-25,Playoffs
0042400301,1610612752,New York,Knicks,NYK,knicks,200782,P.J.,Tucker,P. Tucker,pj-tucker,,DNP - Coach's Decision,,,0.0,0.0,0.0,0.0,0.0,0.0,0.0,0.0,0.0,0.0,0.0,0.0,0.0,0.0,0.0,0.0,0.0,0.0,0.0,0.0,0.0,0.0,2024-25,Playoffs
0042400302,1610612754,Indiana,Pacers,IND,pacers,1630174,Aaron,Nesmith,A. Nesmith,aaron-nesmith,F,,,32:38,129.7,129.7,112.7,112.7,17.0,17.0,0.037,0.5,9.1,0.074,0.147,0.115,18.2,0.714,0.761,0.135,0.135,93.4,93.4,77.83,64.0,0.089,2024-25,Playoffs
0042400302,1610612754,Indiana,Pacers,IND,pacers,1627783,Pascal,Siakam,P. Siakam,pascal-siakam,F,,,32:51,128.8,128.8,111.3,111.3,17.5,17.5,0.176,3.0,10.3,0.0,0.143,0.079,3.4,0.717,0.735,0.351,0.351,93.52,93.52,77.93,66.0,0.255,2024-25,Playoffs
0042400302,1610612754,Indiana,Pacers,IND,pacers,1626167,Myles,Turner,M. Turner,myles-turner,C,,,32:46,141.7,141.7,109.7,109.7,32.0,32.0,0.038,1.0,6.7,0.036,0.067,0.052,6.7,0.55,0.612,0.206,0.206,89.35,89.35,74.45,60.0,0.087,2024-25,Playoffs
0042400302,1610612754,Indiana,Pacers,IND,pacers,1630169,Tyrese,Haliburton,T. Haliburton,tyrese-haliburton,G,,,35:08,118.2,118.2,123.1,123.1,-4.9,-4.9,0.44,11.0,37.9,0.056,0.231,0.129,3.4,0.406,0.415,0.24,0.24,89.47,89.47,74.56,66.0,0.136,2024-25,Playoffs
0042400302,1610612754,Indiana,Pacers,IND,pacers,1629614,Andrew,Nembhard,A. Nembhard,andrew-nembhard,G,,,36:48,116.7,116.7,120.0,120.0,-3.3,-3.3,0.077,0.0,20.0,0.0,0.1,0.045,0.0,0.75,0.75,0.1,0.1,92.62,92.62,77.18,72.0,0.089,2024-25,Playoffs
0042400302,1610612754,Indiana,Pacers,IND,pacers,1630167,Obi,Toppin,O. Toppin,obi-toppin,,,,19:22,105.0,105.0,135.9,135.9,-30.9,-30.9,0.133,2.0,22.2,0.0,0.118,0.059,11.1,0.333,0.333,0.163,0.163,97.87,97.87,81.56,40.0,0.013,2024-25,Playoffs
0042400302,1610612754,Indiana,Pacers,IND,pacers,1631097,Bennedict,Mathurin,B. Mathurin,bennedict-mathurin,,,,10:43,85.0,85.0,145.0,145.0,-60.0,-60.0,0.167,1.0,25.0,0.0,0.0,0.0,25.0,0.0,0.0,0.136,0.136,89.58,89.58,74.65,20.0,-0.071,2024-25,Playoffs
0042400302,1610612754,Indiana,Pacers,IND,pacers,1628418,Thomas,Bryant,T. Bryant,thomas-bryant,,,,4:27,33.3,33.3,133.3,133.3,-100.0,-100.0,0.0,0.0,0.0,0.0,0.0,0.0,100.0,0.0,0.0,0.111,0.111,97.22,97.22,81.02,9.0,-0.6,2024-25,Playoffs
0042400302,1610612754,Indiana,Pacers,IND,pacers,204456,T.J.,McConnell,T. McConnell,tj-mcconnell,,,,14:27,126.7,126.7,122.2,122.2,4.4,4.4,0.4,4.0,30.8,0.111,0.056,0.074,7.7,0.625,0.625,0.273,0.273,94.67,94.67,78.89,30.0,0.176,2024-25,Playoffs
0042400302,1610612754,Indiana,Pacers,IND,pacers,1628396,Tony,Bradley,T. Bradley,tony-bradley,,,,8:06,111.1,111.1,118.8,118.8,-7.6,-7.6,0.0,0.0,0.0,0.125,0.143,0.133,50.0,0.0,0.568,0.095,0.095,100.7,100.7,83.92,18.0,-0.015,2024-25,Playoffs
0042400302,1610612754,Indiana,Pacers,IND,pacers,1641767,Ben,Sheppard,B. Sheppard,ben-sheppard,,,,12:43,129.6,129.6,100.0,100.0,29.6,29.6,0.091,0.0,25.0,0.0,0.0,0.0,0.0,1.0,1.0,0.107,0.107,101.86,101.86,84.88,27.0,0.073,2024-25,Playoffs
0042400302,1610612754,Indiana,Pacers,IND,pacers,1642277,Johnny,Furphy,J. Furphy,johnny-furphy,,DNP - Coach's Decision,,,0.0,0.0,0.0,0.0,0.0,0.0,0.0,0.0,0.0,0.0,0.0,0.0,0.0,0.0,0.0,0.0,0.0,0.0,0.0,0.0,0.0,0.0,2024-25,Playoffs
0042400302,1610612754,Indiana,Pacers,IND,pacers,1630543,Isaiah,Jackson,I. Jackson,isaiah-jackson,,DND - Injury/Illness,,,0.0,0.0,0.0,0.0,0.0,0.0,0.0,0.0,0.0,0.0,0.0,0.0,0.0,0.0,0.0,0.0,0.0,0.0,0.0,0.0,0.0,0.0,2024-25,Playoffs
0042400302,1610612754,Indiana,Pacers,IND,pacers,201949,James,Johnson,J. Johnson,james-johnson,,DNP - Coach's Decision,,,0.0,0.0,0.0,0.0,0.0,0.0,0.0,0.0,0.0,0.0,0.0,0.0,0.0,0.0,0.0,0.0,0.0,0.0,0.0,0.0,0.0,0.0,2024-25,Playoffs
0042400302,1610612754,Indiana,Pacers,IND,pacers,1641716,Jarace,Walker,J. Walker,jarace-walker,,DNP - Coach's Decision,,,0.0,0.0,0.0,0.0,0.0,0.0,0.0,0.0,0.0,0.0,0.0,0.0,0.0,0.0,0.0,0.0,0.0,0.0,0.0,0.0,0.0,0.0,2024-25,Playoffs
0042400302,1610612752,New York,Knicks,NYK,knicks,1628384,OG,Anunoby,O. Anunoby,og-anunoby,F,,,35:54,129.9,129.9,118.8,118.8,11.0,11.0,0.038,1.0,7.1,0.031,0.111,0.074,7.1,0.636,0.673,0.169,0.169,90.92,90.92,75.77,67.0,0.108,2024-25,Playoffs
0042400302,1610612752,New York,Knicks,NYK,knicks,1628404,Josh,Hart,J. Hart,josh-hart,F,,,28:30,107.3,107.3,125.5,125.5,-18.2,-18.2,0.053,0.5,14.3,0.08,0.148,0.115,28.6,0.667,0.773,0.098,0.098,92.63,92.63,77.19,55.0,0.065,2024-25,Playoffs
0042400302,1610612752,New York,Knicks,NYK,knicks,1626157,Karl-Anthony,Towns,K. Towns,karl-anthony-towns,C,,,27:41,103.8,103.8,141.5,141.5,-37.7,-37.7,0.0,0.0,0.0,0.074,0.238,0.146,5.9,0.5,0.601,0.283,0.283,91.91,91.91,76.59,53.0,0.118,2024-25,Playoffs
0042400302,1610612752,New York,Knicks,NYK,knicks,1628969,Mikal,Bridges,M. Bridges,mikal-bridges,G,,,45:08,118.8,118.8,122.7,122.7,-3.9,-3.9,0.069,1.0,8.7,0.023,0.15,0.083,8.7,0.528,0.53,0.208,0.208,92.01,92.01,76.68,85.0,0.089,2024-25,Playoffs
0042400302,1610612752,New York,Knicks,NYK,knicks,1628973,Jalen,Brunson,J. Brunson,jalen-brunson,G,,,38:58,123.0,123.0,117.6,117.6,5.4,5.4,0.524,3.67,25.6,0.0,0.081,0.041,7.0,0.574,0.616,0.372,0.372,91.17,91.17,75.98,74.0,0.205,2024-25,Playoffs
0042400302,1610612752,New York,Knicks,NYK,knicks,1629011,Mitchell,Robinson,M. Robinson,mitchell-robinson,,,,29:20,126.3,126.3,115.8,115.8,10.5,10.5,0.0,0.0,0.0,0.148,0.185,0.167,0.0,0.667,0.63,0.071,0.071,93.26,93.26,77.72,57.0,0.092,2024-25,Playoffs
0042400302,1610612752,New York,Knicks,NYK,knicks,1630540,Miles,McBride,M. McBride,miles-mcbride,,,,25:29,129.2,129.2,114.3,114.3,14.9,14.9,0.095,1.0,22.2,0.0,0.045,0.021,22.2,0.5,0.5,0.117,0.117,91.35,91.35,76.13,48.0,0.0,2024-25,Playoffs
0042400302,1610612752,New York,Knicks,NYK,knicks,1626166,Cameron,Payne,C. Payne,cameron-payne,,,,9:01,100.0,100.0,158.8,158.8,-58.8,-58.8,0.167,1.0,20.0,0.0,0.0,0.0,20.0,0.0,0.0,0.182,0.182,93.16,93.16,77.63,18.0,-0.083,2024-25,Playoffs
0042400302,1610612752,New York,Knicks,NYK,knicks,1630173,Precious,Achiuwa,P. Achiuwa,precious-achiuwa,,DNP - Coach's Decision,,,0.0,0.0,0.0,0.0,0.0,0.0,0.0,0.0,0.0,0.0,0.0,0.0,0.0,0.0,0.0,0.0,0.0,0.0,0.0,0.0,0.0,0.0,2024-25,Playoffs
0042400302,1610612752,New York,Knicks,NYK,knicks,1642359,Pacôme,Dadiet,P. Dadiet,pacôme-dadiet,,DNP - Coach's Decision,,,0.0,0.0,0.0,0.0,0.0,0.0,0.0,0.0,0.0,0.0,0.0,0.0,0.0,0.0,0.0,0.0,0.0,0.0,0.0,0.0,0.0,0.0,2024-25,Playoffs
0042400302,1610612752,New York,Knicks,NYK,knicks,1630574,Ariel,Hukporti,A. Hukporti,ariel-hukporti,,DNP - Coach's Decision,,,0.0,0.0,0.0,0.0,0.0,0.0,0.0,0.0,0.0,0.0,0.0,0.0,0.0,0.0,0.0,0.0,0.0,0.0,0.0,0.0,0.0,0.0,2024-25,Playoffs
0042400302,1610612752,New York,Knicks,NYK,knicks,1642278,Tyler,Kolek,T. Kolek,tyler-kolek,,DNP - Coach's Decision,,,0.0,0.0,0.0,0.0,0.0,0.0,0.0,0.0,0.0,0.0,0.0,0.0,0.0,0.0,0.0,0.0,0.0,0.0,0.0,0.0,0.0,0.0,2024-25,Playoffs
0042400302,1610612752,New York,Knicks,NYK,knicks,1629013,Landry,Shamet,L. Shamet,landry-shamet,,DNP - Coach's Decision,,,0.0,0.0,0.0,0.0,0.0,0.0,0.0,0.0,0.0,0.0,0.0,0.0,0.0,0.0,0.0,0.0,0.0,0.0,0.0,0.0,0.0,0.0,2024-25,Playoffs
0042400302,1610612752,New York,Knicks,NYK,knicks,200782,P.J.,Tucker,P. Tucker,pj-tucker,,DNP - Coach's Decision,,,0.0,0.0,0.0,0.0,0.0,0.0,0.0,0.0,0.0,0.0,0.0,0.0,0.0,0.0,0.0,0.0,0.0,0.0,0.0,0.0,0.0,0.0,2024-25,Playoffs
0042400302,1610612752,New York,Knicks,NYK,knicks,1626153,Delon,Wright,D. Wright,delon-wright,,DNP - Coach's Decision,,,0.0,0.0,0.0,0.0,0.0,0.0,0.0,0.0,0.0,0.0,0.0,0.0,0.0,0.0,0.0,0.0,0.0,0.0,0.0,0.0,0.0,0.0,2024-25,Playoffs
0042400303,1610612752,New York,Knicks,NYK,knicks,1628384,OG,Anunoby,O. Anunoby,og-anunoby,F,,,36:56,102.7,102.7,98.7,98.7,4.1,4.1,0.111,0.0,16.7,0.0,0.053,0.027,0.0,0.889,0.81,0.118,0.118,96.16,96.16,80.13,73.0,0.135,2024-25,Playoffs
0042400303,1610612752,New York,Knicks,NYK,knicks,1626157,Karl-Anthony,Towns,K. Towns,karl-anthony-towns,F,,,32:59,106.1,106.1,103.2,103.2,2.8,2.8,0.067,0.17,3.8,0.029,0.438,0.227,23.1,0.559,0.611,0.321,0.321,93.12,93.12,77.6,66.0,0.18,2024-25,Playoffs
0042400303,1610612752,New York,Knicks,NYK,knicks,1629011,Mitchell,Robinson,M. Robinson,mitchell-robinson,C,,,28:59,110.5,110.5,103.3,103.3,7.2,7.2,0.056,1.0,16.7,0.111,0.1,0.105,16.7,0.75,0.75,0.078,0.078,96.9,96.9,80.75,57.0,0.086,2024-25,Playoffs
0042400303,1610612752,New York,Knicks,NYK,knicks,1628969,Mikal,Bridges,M. Bridges,mikal-bridges,G,,,36:48,106.8,106.8,104.1,104.1,2.7,2.7,0.056,1.0,4.8,0.056,0.0,0.026,4.8,0.361,0.397,0.238,0.238,96.54,96.54,80.45,74.0,0.035,2024-25,Playoffs
0042400303,1610612752,New York,Knicks,NYK,knicks,1628973,Jalen,Brunson,J. Brunson,jalen-brunson,G,,,30:31,101.6,101.6,115.0,115.0,-13.4,-13.4,0.063,0.33,3.7,0.0,0.074,0.033,11.1,0.361,0.513,0.361,0.361,95.95,95.95,79.96,62.0,0.06,2024-25,Playoffs
0042400303,1610612752,New York,Knicks,NYK,knicks,1628404,Josh,Hart,J. Hart,josh-hart,,,,34:02,116.2,116.2,108.8,108.8,7.4,7.4,0.174,4.0,36.4,0.097,0.25,0.169,9.1,0.333,0.709,0.091,0.091,95.91,95.91,79.92,68.0,0.137,2024-25,Playoffs
0042400303,1610612752,New York,Knicks,NYK,knicks,1630540,Miles,McBride,M. McBride,miles-mcbride,,,,15:02,131.0,131.0,96.9,96.9,34.2,34.2,0.0,0.0,0.0,0.0,0.0,0.0,11.1,0.417,0.58,0.281,0.281,97.38,97.38,81.15,29.0,0.049,2024-25,Playoffs
0042400303,1610612752,New York,Knicks,NYK,knicks,1626153,Delon,Wright,D. Wright,delon-wright,,,,13:20,117.9,117.9,119.2,119.2,-1.4,-1.4,0.111,0.0,50.0,0.0,0.0,0.0,0.0,1.0,1.0,0.031,0.031,97.2,97.2,81.0,28.0,0.078,2024-25,Playoffs
0042400303,1610612752,New York,Knicks,NYK,knicks,1629013,Landry,Shamet,L. Shamet,landry-shamet,,,,11:23,136.4,136.4,85.7,85.7,50.6,50.6,0.182,2.0,40.0,0.0,0.0,0.0,20.0,0.75,0.75,0.12,0.12,90.66,90.66,75.55,22.0,0.08,2024-25,Playoffs
0042400303,1610612752,New York,Knicks,NYK,knicks,1630173,Precious,Achiuwa,P. Achiuwa,precious-achiuwa,,DNP - Coach's Decision,,,0.0,0.0,0.0,0.0,0.0,0.0,0.0,0.0,0.0,0.0,0.0,0.0,0.0,0.0,0.0,0.0,0.0,0.0,0.0,0.0,0.0,0.0,2024-25,Playoffs
0042400303,1610612752,New York,Knicks,NYK,knicks,1642359,Pacôme,Dadiet,P. Dadiet,pacôme-dadiet,,DNP - Coach's Decision,,,0.0,0.0,0.0,0.0,0.0,0.0,0.0,0.0,0.0,0.0,0.0,0.0,0.0,0.0,0.0,0.0,0.0,0.0,0.0,0.0,0.0,0.0,2024-25,Playoffs
0042400303,1610612752,New York,Knicks,NYK,knicks,1630574,Ariel,Hukporti,A. Hukporti,ariel-hukporti,,DNP - Coach's Decision,,,0.0,0.0,0.0,0.0,0.0,0.0,0.0,0.0,0.0,0.0,0.0,0.0,0.0,0.0,0.0,0.0,0.0,0.0,0.0,0.0,0.0,0.0,2024-25,Playoffs
0042400303,1610612752,New York,Knicks,NYK,knicks,1642278,Tyler,Kolek,T. Kolek,tyler-kolek,,DNP - Coach's Decision,,,0.0,0.0,0.0,0.0,0.0,0.0,0.0,0.0,0.0,0.0,0.0,0.0,0.0,0.0,0.0,0.0,0.0,0.0,0.0,0.0,0.0,0.0,2024-25,Playoffs
0042400303,1610612752,New York,Knicks,NYK,knicks,1626166,Cameron,Payne,C. Payne,cameron-payne,,DNP - Coach's Decision,,,0.0,0.0,0.0,0.0,0.0,0.0,0.0,0.0,0.0,0.0,0.0,0.0,0.0,0.0,0.0,0.0,0.0,0.0,0.0,0.0,0.0,0.0,2024-25,Playoffs
0042400303,1610612752,New York,Knicks,NYK,knicks,200782,P.J.,Tucker,P. Tucker,pj-tucker,,DNP - Coach's Decision,,,0.0,0.0,0.0,0.0,0.0,0.0,0.0,0.0,0.0,0.0,0.0,0.0,0.0,0.0,0.0,0.0,0.0,0.0,0.0,0.0,0.0,0.0,2024-25,Playoffs
0042400303,1610612754,Indiana,Pacers,IND,pacers,1630174,Aaron,Nesmith,A. Nesmith,aaron-nesmith,F,,,26:21,94.3,94.3,100.0,100.0,-5.7,-5.7,0.0,0.0,0.0,0.0,0.269,0.123,0.0,0.313,0.41,0.164,0.164,95.64,95.64,79.7,53.0,0.093,2024-25,Playoffs
0042400303,1610612754,Indiana,Pacers,IND,pacers,1627783,Pascal,Siakam,P. Siakam,pascal-siakam,F,,,34:59,94.1,94.1,123.2,123.2,-29.1,-29.1,0.133,0.0,11.1,0.027,0.097,0.059,0.0,0.5,0.525,0.211,0.211,93.99,93.99,78.32,68.0,0.104,2024-25,Playoffs
0042400303,1610612754,Indiana,Pacers,IND,pacers,1626167,Myles,Turner,M. Turner,myles-turner,C,,,33:02,106.1,106.1,109.1,109.1,-3.0,-3.0,0.167,3.0,15.0,0.029,0.094,0.061,5.0,0.542,0.612,0.224,0.224,95.92,95.92,79.93,66.0,0.126,2024-25,Playoffs
0042400303,1610612754,Indiana,Pacers,IND,pacers,1629614,Andrew,Nembhard,A. Nembhard,andrew-nembhard,G,,,38:19,98.7,98.7,110.4,110.4,-11.7,-11.7,0.13,0.0,20.0,0.0,0.108,0.052,0.0,0.222,0.387,0.14,0.14,95.21,95.21,79.34,75.0,0.062,2024-25,Playoffs
0042400303,1610612754,Indiana,Pacers,IND,pacers,1630169,Tyrese,Haliburton,T. Haliburton,tyrese-haliburton,G,,,37:10,104.0,104.0,105.3,105.3,-1.3,-1.3,0.368,2.33,25.9,0.0,0.108,0.051,11.1,0.533,0.597,0.227,0.227,96.86,96.86,80.72,75.0,0.183,2024-25,Playoffs
0042400303,1610612754,Indiana,Pacers,IND,pacers,1630167,Obi,Toppin,O. Toppin,obi-toppin,,,,14:11,135.5,135.5,76.7,76.7,58.8,58.8,0.0,0.0,0.0,0.125,0.176,0.16,22.2,0.5,0.581,0.25,0.25,103.22,103.22,86.02,31.0,0.098,2024-25,Playoffs
0042400303,1610612754,Indiana,Pacers,IND,pacers,1641767,Ben,Sheppard,B. Sheppard,ben-sheppard,,,,17:09,113.5,113.5,107.9,107.9,5.6,5.6,0.0,0.0,0.0,0.0,0.176,0.103,66.7,1.5,1.5,0.071,0.071,105.0,105.0,87.5,37.0,0.017,2024-25,Playoffs
0042400303,1610612754,Indiana,Pacers,IND,pacers,1628396,Tony,Bradley,T. Bradley,tony-bradley,,,,14:57,100.0,100.0,103.2,103.2,-3.2,-3.2,0.111,1.0,25.0,0.091,0.143,0.12,25.0,0.5,0.5,0.091,0.091,97.96,97.96,81.63,30.0,0.024,2024-25,Playoffs
0042400303,1610612754,Indiana,Pacers,IND,pacers,204456,T.J.,McConnell,T. McConnell,tj-mcconnell,,,,15:27,117.2,117.2,125.0,125.0,-7.8,-7.8,0.429,1.5,20.0,0.286,0.077,0.15,13.3,0.556,0.607,0.387,0.387,94.76,94.76,78.96,29.0,0.174,2024-25,Playoffs
0042400303,1610612754,Indiana,Pacers,IND,pacers,1631097,Bennedict,Mathurin,B. Mathurin,bennedict-mathurin,,,,8:26,106.7,106.7,131.3,131.3,-24.6,-24.6,0.333,2.0,40.0,0.0,0.333,0.2,20.0,0.0,0.532,0.2,0.2,88.22,88.22,73.52,15.0,0.097,2024-25,Playoffs
0042400303,1610612754,Indiana,Pacers,IND,pacers,1628418,Thomas,Bryant,T. Bryant,thomas-bryant,,DNP - Coach's Decision,,,0.0,0.0,0.0,0.0,0.0,0.0,0.0,0.0,0.0,0.0,0.0,0.0,0.0,0.0,0.0,0.0,0.0,0.0,0.0,0.0,0.0,0.0,2024-25,Playoffs
0042400303,1610612754,Indiana,Pacers,IND,pacers,1642277,Johnny,Furphy,J. Furphy,johnny-furphy,,DNP - Coach's Decision,,,0.0,0.0,0.0,0.0,0.0,0.0,0.0,0.0,0.0,0.0,0.0,0.0,0.0,0.0,0.0,0.0,0.0,0.0,0.0,0.0,0.0,0.0,2024-25,Playoffs
0042400303,1610612754,Indiana,Pacers,IND,pacers,1630543,Isaiah,Jackson,I. Jackson,isaiah-jackson,,DND - Injury/Illness,,,0.0,0.0,0.0,0.0,0.0,0.0,0.0,0.0,0.0,0.0,0.0,0.0,0.0,0.0,0.0,0.0,0.0,0.0,0.0,0.0,0.0,0.0,2024-25,Playoffs
0042400303,1610612754,Indiana,Pacers,IND,pacers,201949,James,Johnson,J. Johnson,james-johnson,,DNP - Coach's Decision,,,0.0,0.0,0.0,0.0,0.0,0.0,0.0,0.0,0.0,0.0,0.0,0.0,0.0,0.0,0.0,0.0,0.0,0.0,0.0,0.0,0.0,0.0,2024-25,Playoffs
0042400303,1610612754,Indiana,Pacers,IND,pacers,1641716,Jarace,Walker,J. Walker,jarace-walker,,DNP - Coach's Decision,,,0.0,0.0,0.0,0.0,0.0,0.0,0.0,0.0,0.0,0.0,0.0,0.0,0.0,0.0,0.0,0.0,0.0,0.0,0.0,0.0,0.0,0.0,2024-25,Playoffs
0042400304,1610612752,New York,Knicks,NYK,knicks,1628384,OG,Anunoby,O. Anunoby,og-anunoby,F,,,39:43,119.0,119.0,118.8,118.8,0.2,0.2,0.038,0.5,4.3,0.024,0.077,0.05,8.7,0.469,0.551,0.224,0.224,102.12,102.12,85.1,84.0,0.074,2024-25,Playoffs
0042400304,1610612752,New York,Knicks,NYK,knicks,1626157,Karl-Anthony,Towns,K. Towns,karl-anthony-towns,F,,,37:04,115.0,115.0,112.7,112.7,2.3,2.3,0.15,1.5,12.5,0.081,0.237,0.16,8.3,0.567,0.633,0.226,0.226,102.95,102.95,85.8,80.0,0.162,2024-25,Playoffs
0042400304,1610612752,New York,Knicks,NYK,knicks,1629011,Mitchell,Robinson,M. Robinson,mitchell-robinson,C,,,18:49,113.2,113.2,153.7,153.7,-40.5,-40.5,0.067,0.0,20.0,0.25,0.133,0.2,0.0,0.667,0.773,0.091,0.091,100.75,100.75,83.96,38.0,0.074,2024-25,Playoffs
0042400304,1610612752,New York,Knicks,NYK,knicks,1628969,Mikal,Bridges,M. Bridges,mikal-bridges,G,,,34:29,119.7,119.7,136.8,136.8,-17.1,-17.1,0.087,0.67,10.0,0.0,0.086,0.043,15.0,0.533,0.551,0.209,0.209,105.79,105.79,88.16,76.0,0.037,2024-25,Playoffs
0042400304,1610612752,New York,Knicks,NYK,knicks,1628973,Jalen,Brunson,J. Brunson,jalen-brunson,G,,,36:48,116.0,116.0,134.1,134.1,-18.1,-18.1,0.238,1.67,15.6,0.0,0.054,0.027,9.4,0.526,0.638,0.293,0.293,106.3,106.3,88.59,81.0,0.137,2024-25,Playoffs
0042400304,1610612752,New York,Knicks,NYK,knicks,1628404,Josh,Hart,J. Hart,josh-hart,,,,35:59,117.9,117.9,117.7,117.7,0.2,0.2,0.042,0.2,7.1,0.125,0.212,0.169,35.7,0.7,0.785,0.149,0.149,104.72,104.72,87.26,78.0,0.055,2024-25,Playoffs
0042400304,1610612752,New York,Knicks,NYK,knicks,1630540,Miles,McBride,M. McBride,miles-mcbride,,,,14:31,97.1,97.1,145.5,145.5,-48.3,-48.3,0.0,0.0,0.0,0.0,0.167,0.083,25.0,0.5,0.5,0.111,0.111,112.42,112.42,93.69,35.0,0.029,2024-25,Playoffs
0042400304,1610612752,New York,Knicks,NYK,knicks,1630173,Precious,Achiuwa,P. Achiuwa,precious-achiuwa,,,,2:24,133.3,133.3,160.0,160.0,-26.7,-26.7,0.0,0.0,0.0,0.0,0.5,0.25,0.0,0.0,0.0,0.0,0.0,110.0,110.0,91.67,6.0,0.063,2024-25,Playoffs
0042400304,1610612752,New York,Knicks,NYK,knicks,1626153,Delon,Wright,D. Wright,delon-wright,,,,9:04,115.8,115.8,57.9,57.9,57.9,57.9,0.2,1.0,25.0,0.0,0.0,0.0,25.0,0.75,0.75,0.136,0.136,100.59,100.59,83.82,19.0,0.179,2024-25,Playoffs
0042400304,1610612752,New York,Knicks,NYK,knicks,1629013,Landry,Shamet,L. Shamet,landry-shamet,,,,11:09,116.0,116.0,92.0,92.0,24.0,24.0,0.375,0.0,42.9,0.0,0.182,0.087,0.0,0.375,0.375,0.143,0.143,107.62,107.62,89.69,25.0,0.1,2024-25,Playoffs
0042400304,1610612752,New York,Knicks,NYK,knicks,1642359,Pacôme,Dadiet,P. Dadiet,pacôme-dadiet,,DNP - Coach's Decision,,,0.0,0.0,0.0,0.0,0.0,0.0,0.0,0.0,0.0,0.0,0.0,0.0,0.0,0.0,0.0,0.0,0.0,0.0,0.0,0.0,0.0,0.0,2024-25,Playoffs
0042400304,1610612752,New York,Knicks,NYK,knicks,1630574,Ariel,Hukporti,A. Hukporti,ariel-hukporti,,DNP - Coach's Decision,,,0.0,0.0,0.0,0.0,0.0,0.0,0.0,0.0,0.0,0.0,0.0,0.0,0.0,0.0,0.0,0.0,0.0,0.0,0.0,0.0,0.0,0.0,2024-25,Playoffs
0042400304,1610612752,New York,Knicks,NYK,knicks,1642278,Tyler,Kolek,T. Kolek,tyler-kolek,,DNP - Coach's Decision,,,0.0,0.0,0.0,0.0,0.0,0.0,0.0,0.0,0.0,0.0,0.0,0.0,0.0,0.0,0.0,0.0,0.0,0.0,0.0,0.0,0.0,0.0,2024-25,Playoffs
0042400304,1610612752,New York,Knicks,NYK,knicks,1626166,Cameron,Payne,C. Payne,cameron-payne,,DNP - Coach's Decision,,,0.0,0.0,0.0,0.0,0.0,0.0,0.0,0.0,0.0,0.0,0.0,0.0,0.0,0.0,0.0,0.0,0.0,0.0,0.0,0.0,0.0,0.0,2024-25,Playoffs
0042400304,1610612752,New York,Knicks,NYK,knicks,200782,P.J.,Tucker,P. Tucker,pj-tucker,,DNP - Coach's Decision,,,0.0,0.0,0.0,0.0,0.0,0.0,0.0,0.0,0.0,0.0,0.0,0.0,0.0,0.0,0.0,0.0,0.0,0.0,0.0,0.0,0.0,0.0,2024-25,Playoffs
0042400304,1610612754,Indiana,Pacers,IND,pacers,1630174,Aaron,Nesmith,A. Nesmith,aaron-nesmith,F,,,32:25,119.7,119.7,92.9,92.9,26.9,26.9,0.04,0.33,6.7,0.0,0.081,0.043,20.0,0.667,0.743,0.177,0.177,104.41,104.41,87.01,71.0,0.099,2024-25,Playoffs
0042400304,1610612754,Indiana,Pacers,IND,pacers,1627783,Pascal,Siakam,P. Siakam,pascal-siakam,F,,,35:11,125.3,125.3,111.8,111.8,13.5,13.5,0.095,2.0,7.4,0.091,0.05,0.068,3.7,0.595,0.635,0.298,0.298,103.01,103.01,85.84,75.0,0.139,2024-25,Playoffs
0042400304,1610612754,Indiana,Pacers,IND,pacers,1626167,Myles,Turner,M. Turner,myles-turner,C,,,33:10,120.3,120.3,118.6,118.6,1.7,1.7,0.04,0.25,7.1,0.034,0.065,0.05,28.6,0.688,0.697,0.173,0.173,100.58,100.58,83.82,69.0,0.03,2024-25,Playoffs
0042400304,1610612754,Indiana,Pacers,IND,pacers,1629614,Andrew,Nembhard,A. Nembhard,andrew-nembhard,G,,,28:52,125.4,125.4,120.6,120.6,4.8,4.8,0.12,3.0,23.1,0.0,0.063,0.031,7.7,0.167,0.167,0.141,0.141,104.77,104.77,87.31,63.0,-0.03,2024-25,Playoffs
0042400304,1610612754,Indiana,Pacers,IND,pacers,1630169,Tyrese,Haliburton,T. Haliburton,tyrese-haliburton,G,,,37:31,129.6,129.6,111.3,111.3,18.4,18.4,0.6,0.0,36.6,0.0,0.316,0.158,0.0,0.587,0.624,0.286,0.286,103.01,103.01,85.84,81.0,0.286,2024-25,Playoffs
0042400304,1610612754,Indiana,Pacers,IND,pacers,1641767,Ben,Sheppard,B. Sheppard,ben-sheppard,,,,14:10,113.3,113.3,156.7,156.7,-43.3,-43.3,0.0,0.0,0.0,0.0,0.333,0.158,0.0,0.5,0.5,0.063,0.063,101.67,101.67,84.73,30.0,0.045,2024-25,Playoffs
0042400304,1610612754,Indiana,Pacers,IND,pacers,1630167,Obi,Toppin,O. Toppin,obi-toppin,,,,17:40,123.3,123.3,128.6,128.6,-5.3,-5.3,0.133,0.0,40.0,0.0,0.182,0.067,0.0,0.833,0.833,0.065,0.065,115.45,115.45,96.21,43.0,0.078,2024-25,Playoffs
0042400304,1610612754,Indiana,Pacers,IND,pacers,204456,T.J.,McConnell,T. McConnell,tj-mcconnell,,,,18:33,120.9,120.9,119.5,119.5,1.4,1.4,0.188,1.5,33.3,0.0,0.0,0.0,22.2,0.75,0.75,0.13,0.13,108.72,108.72,90.6,43.0,0.084,2024-25,Playoffs
0042400304,1610612754,Indiana,Pacers,IND,pacers,1628396,Tony,Bradley,T. Bradley,tony-bradley,,,,10:00,136.4,136.4,95.2,95.2,41.1,41.1,0.0,0.0,0.0,0.091,0.0,0.043,0.0,1.0,0.798,0.077,0.077,103.2,103.2,86.0,22.0,0.039,2024-25,Playoffs
0042400304,1610612754,Indiana,Pacers,IND,pacers,1631097,Bennedict,Mathurin,B. Mathurin,bennedict-mathurin,,,,12:30,116.7,116.7,127.6,127.6,-10.9,-10.9,0.333,0.0,13.3,0.0,0.2,0.1,0.0,0.625,0.779,0.406,0.406,113.36,113.36,94.46,30.0,0.352,2024-25,Playoffs
0042400304,1610612754,Indiana,Pacers,IND,pacers,1628418,Thomas,Bryant,T. Bryant,thomas-bryant,,DNP - Coach's Decision,,,0.0,0.0,0.0,0.0,0.0,0.0,0.0,0.0,0.0,0.0,0.0,0.0,0.0,0.0,0.0,0.0,0.0,0.0,0.0,0.0,0.0,0.0,2024-25,Playoffs
0042400304,1610612754,Indiana,Pacers,IND,pacers,1642277,Johnny,Furphy,J. Furphy,johnny-furphy,,DNP - Coach's Decision,,,0.0,0.0,0.0,0.0,0.0,0.0,0.0,0.0,0.0,0.0,0.0,0.0,0.0,0.0,0.0,0.0,0.0,0.0,0.0,0.0,0.0,0.0,2024-25,Playoffs
0042400304,1610612754,Indiana,Pacers,IND,pacers,1630543,Isaiah,Jackson,I. Jackson,isaiah-jackson,,DND - Injury/Illness,,,0.0,0.0,0.0,0.0,0.0,0.0,0.0,0.0,0.0,0.0,0.0,0.0,0.0,0.0,0.0,0.0,0.0,0.0,0.0,0.0,0.0,0.0,2024-25,Playoffs
0042400304,1610612754,Indiana,Pacers,IND,pacers,201949,James,Johnson,J. Johnson,james-johnson,,DNP - Coach's Decision,,,0.0,0.0,0.0,0.0,0.0,0.0,0.0,0.0,0.0,0.0,0.0,0.0,0.0,0.0,0.0,0.0,0.0,0.0,0.0,0.0,0.0,0.0,2024-25,Playoffs
0042400304,1610612754,Indiana,Pacers,IND,pacers,1641716,Jarace,Walker,J. Walker,jarace-walker,,DNP - Coach's Decision,,,0.0,0.0,0.0,0.0,0.0,0.0,0.0,0.0,0.0,0.0,0.0,0.0,0.0,0.0,0.0,0.0,0.0,0.0,0.0,0.0,0.0,0.0,2024-25,Playoffs
0042400305,1610612754,Indiana,Pacers,IND,pacers,1630174,Aaron,Nesmith,A. Nesmith,aaron-nesmith,F,,,15:52,60.0,60.0,126.7,126.7,-66.7,-66.7,0.0,0.0,0.0,0.0,0.2,0.074,11.1,0.188,0.188,0.265,0.265,90.76,90.76,75.63,30.0,-0.095,2024-25,Playoffs
0042400305,1610612754,Indiana,Pacers,IND,pacers,1627783,Pascal,Siakam,P. Siakam,pascal-siakam,F,,,34:23,101.4,101.4,101.4,101.4,0.0,0.0,0.278,2.5,20.8,0.032,0.135,0.088,8.3,0.423,0.454,0.244,0.244,99.82,99.82,83.18,71.0,0.109,2024-25,Playoffs
0042400305,1610612754,Indiana,Pacers,IND,pacers,1626167,Myles,Turner,M. Turner,myles-turner,C,,,24:11,77.1,77.1,121.3,121.3,-44.2,-44.2,0.167,0.5,22.2,0.045,0.048,0.047,44.4,0.833,0.833,0.135,0.135,94.31,94.31,78.59,48.0,0.025,2024-25,Playoffs
0042400305,1610612754,Indiana,Pacers,IND,pacers,1630169,Tyrese,Haliburton,T. Haliburton,tyrese-haliburton,G,,,31:35,87.5,87.5,119.7,119.7,-32.2,-32.2,0.429,0.0,40.0,0.0,0.071,0.033,0.0,0.286,0.435,0.129,0.129,98.81,98.81,82.34,64.0,0.112,2024-25,Playoffs
0042400305,1610612754,Indiana,Pacers,IND,pacers,1629614,Andrew,Nembhard,A. Nembhard,andrew-nembhard,G,,,27:13,76.8,76.8,121.4,121.4,-44.6,-44.6,0.091,0.33,8.3,0.032,0.04,0.036,25.0,0.375,0.375,0.18,0.18,98.76,98.76,82.3,56.0,-0.006,2024-25,Playoffs
0042400305,1610612754,Indiana,Pacers,IND,pacers,1641767,Ben,Sheppard,B. Sheppard,ben-sheppard,,,,21:54,115.6,115.6,112.8,112.8,2.8,2.8,0.077,1.0,16.7,0.043,0.071,0.059,16.7,1.0,1.031,0.098,0.098,100.82,100.82,84.02,45.0,0.086,2024-25,Playoffs
0042400305,1610612754,Indiana,Pacers,IND,pacers,1630167,Obi,Toppin,O. Toppin,obi-toppin,,,,17:39,81.1,81.1,151.4,151.4,-70.3,-70.3,0.0,0.0,0.0,0.0,0.286,0.114,8.3,0.4,0.486,0.3,0.3,100.62,100.62,83.85,37.0,0.077,2024-25,Playoffs
0042400305,1610612754,Indiana,Pacers,IND,pacers,204456,T.J.,McConnell,T. McConnell,tj-mcconnell,,,,17:34,108.3,108.3,91.7,91.7,16.7,16.7,0.455,1.67,38.5,0.0,0.227,0.128,23.1,0.7,0.7,0.195,0.195,98.33,98.33,81.94,36.0,0.164,2024-25,Playoffs
0042400305,1610612754,Indiana,Pacers,IND,pacers,1628396,Tony,Bradley,T. Bradley,tony-bradley,,,,5:22,120.0,120.0,60.0,60.0,60.0,60.0,0.0,0.0,0.0,0.286,0.0,0.143,0.0,0.0,0.532,0.154,0.154,89.44,89.44,74.53,10.0,0.133,2024-25,Playoffs
0042400305,1610612754,Indiana,Pacers,IND,pacers,1631097,Bennedict,Mathurin,B. Mathurin,bennedict-mathurin,,,,24:42,113.0,113.0,96.4,96.4,16.6,16.6,0.0,0.0,0.0,0.053,0.258,0.18,17.6,0.7,0.824,0.298,0.298,105.91,105.91,88.26,54.0,0.217,2024-25,Playoffs
0042400305,1610612754,Indiana,Pacers,IND,pacers,1641716,Jarace,Walker,J. Walker,jarace-walker,,,,13:10,107.1,107.1,86.2,86.2,20.9,20.9,0.0,0.0,0.0,0.091,0.0,0.034,33.3,0.75,0.75,0.2,0.2,103.85,103.85,86.54,28.0,0.038,2024-25,Playoffs
0042400305,1610612754,Indiana,Pacers,IND,pacers,1628418,Thomas,Bryant,T. Bryant,thomas-bryant,,,,4:57,123.1,123.1,84.6,84.6,38.5,38.5,0.0,0.0,0.0,0.0,0.143,0.111,0.0,0.0,0.0,0.143,0.143,126.06,126.06,105.05,13.0,-0.069,2024-25,Playoffs
0042400305,1610612754,Indiana,Pacers,IND,pacers,1642277,Johnny,Furphy,J. Furphy,johnny-furphy,,,,1:28,133.3,133.3,75.0,75.0,58.3,58.3,0.0,0.0,0.0,0.0,0.5,0.333,0.0,0.0,0.0,0.0,0.0,114.55,114.55,95.45,3.0,0.222,2024-25,Playoffs
0042400305,1610612754,Indiana,Pacers,IND,pacers,1630543,Isaiah,Jackson,I. Jackson,isaiah-jackson,,DND - Injury/Illness,,,0.0,0.0,0.0,0.0,0.0,0.0,0.0,0.0,0.0,0.0,0.0,0.0,0.0,0.0,0.0,0.0,0.0,0.0,0.0,0.0,0.0,0.0,2024-25,Playoffs
0042400305,1610612754,Indiana,Pacers,IND,pacers,201949,James,Johnson,J. Johnson,james-johnson,,DNP - Coach's Decision,,,0.0,0.0,0.0,0.0,0.0,0.0,0.0,0.0,0.0,0.0,0.0,0.0,0.0,0.0,0.0,0.0,0.0,0.0,0.0,0.0,0.0,0.0,2024-25,Playoffs
0042400305,1610612752,New York,Knicks,NYK,knicks,1628384,OG,Anunoby,O. Anunoby,og-anunoby,F,,,33:53,107.4,107.4,82.9,82.9,24.5,24.5,0.0,0.0,0.0,0.059,0.059,0.059,5.9,0.25,0.349,0.215,0.215,97.76,97.76,81.47,68.0,0.03,2024-25,Playoffs
0042400305,1610612752,New York,Knicks,NYK,knicks,1626157,Karl-Anthony,Towns,K. Towns,karl-anthony-towns,F,,,35:46,119.4,119.4,83.3,83.3,36.1,36.1,0.125,0.75,10.7,0.063,0.297,0.188,14.3,0.525,0.541,0.298,0.298,96.64,96.64,80.54,72.0,0.155,2024-25,Playoffs
0042400305,1610612752,New York,Knicks,NYK,knicks,1629011,Mitchell,Robinson,M. Robinson,mitchell-robinson,C,,,19:51,112.5,112.5,105.0,105.0,7.5,7.5,0.0,0.0,0.0,0.053,0.25,0.154,20.0,1.0,0.773,0.111,0.111,96.73,96.73,80.6,40.0,0.115,2024-25,Playoffs
0042400305,1610612752,New York,Knicks,NYK,knicks,1628969,Mikal,Bridges,M. Bridges,mikal-bridges,G,,,33:46,109.7,109.7,94.3,94.3,15.4,15.4,0.192,5.0,27.8,0.026,0.056,0.041,5.6,0.5,0.5,0.155,0.155,100.93,100.93,84.11,72.0,0.109,2024-25,Playoffs
0042400305,1610612752,New York,Knicks,NYK,knicks,1628973,Jalen,Brunson,J. Brunson,jalen-brunson,G,,,33:41,108.5,108.5,85.5,85.5,22.9,22.9,0.25,1.67,18.5,0.0,0.135,0.07,11.1,0.778,0.81,0.268,0.268,99.77,99.77,83.14,71.0,0.306,2024-25,Playoffs
0042400305,1610612752,New York,Knicks,NYK,knicks,1630540,Miles,McBride,M. McBride,miles-mcbride,,,,18:14,107.7,107.7,125.0,125.0,-17.3,-17.3,0.143,2.0,28.6,0.048,0.0,0.029,14.3,0.625,0.625,0.116,0.116,98.72,98.72,82.27,39.0,0.019,2024-25,Playoffs
0042400305,1610612752,New York,Knicks,NYK,knicks,1628404,Josh,Hart,J. Hart,josh-hart,,,,34:07,100.0,100.0,101.4,101.4,-1.4,-1.4,0.16,1.33,23.5,0.071,0.219,0.135,17.6,0.5,0.564,0.16,0.16,98.49,98.49,82.07,70.0,0.121,2024-25,Playoffs
0042400305,1610612752,New York,Knicks,NYK,knicks,1629013,Landry,Shamet,L. Shamet,landry-shamet,,,,14:14,110.3,110.3,103.7,103.7,6.6,6.6,0.0,0.0,0.0,0.0,0.091,0.043,25.0,0.833,0.833,0.125,0.125,94.43,94.43,78.69,29.0,0.056,2024-25,Playoffs
0042400305,1610612752,New York,Knicks,NYK,knicks,1626153,Delon,Wright,D. Wright,delon-wright,,,,10:13,142.9,142.9,123.8,123.8,19.0,19.0,0.273,0.0,42.9,0.091,0.0,0.05,0.0,0.0,0.0,0.16,0.16,98.71,98.71,82.26,21.0,0.01,2024-25,Playoffs
0042400305,1610612752,New York,Knicks,NYK,knicks,1630173,Precious,Achiuwa,P. Achiuwa,precious-achiuwa,,,,5:36,146.2,146.2,108.3,108.3,37.8,37.8,0.0,0.0,0.0,0.0,0.2,0.083,0.0,0.5,0.41,0.133,0.133,107.02,107.02,89.18,13.0,0.042,2024-25,Playoffs
0042400305,1610612752,New York,Knicks,NYK,knicks,1630574,Ariel,Hukporti,A. Hukporti,ariel-hukporti,,,,0:40,100.0,100.0,200.0,200.0,-100.0,-100.0,0.0,0.0,0.0,0.0,0.0,0.0,0.0,1.0,1.0,0.5,0.5,108.0,108.0,90.0,2.0,0.4,2024-25,Playoffs
0042400305,1610612752,New York,Knicks,NYK,knicks,1642359,Pacôme,Dadiet,P. Dadiet,pacôme-dadiet,,DNP - Coach's Decision,,,0.0,0.0,0.0,0.0,0.0,0.0,0.0,0.0,0.0,0.0,0.0,0.0,0.0,0.0,0.0,0.0,0.0,0.0,0.0,0.0,0.0,0.0,2024-25,Playoffs
0042400305,1610612752,New York,Knicks,NYK,knicks,1642278,Tyler,Kolek,T. Kolek,tyler-kolek,,DNP - Coach's Decision,,,0.0,0.0,0.0,0.0,0.0,0.0,0.0,0.0,0.0,0.0,0.0,0.0,0.0,0.0,0.0,0.0,0.0,0.0,0.0,0.0,0.0,0.0,2024-25,Playoffs
0042400305,1610612752,New York,Knicks,NYK,knicks,1626166,Cameron,Payne,C. Payne,cameron-payne,,DNP - Coach's Decision,,,0.0,0.0,0.0,0.0,0.0,0.0,0.0,0.0,0.0,0.0,0.0,0.0,0.0,0.0,0.0,0.0,0.0,0.0,0.0,0.0,0.0,0.0,2024-25,Playoffs
0042400305,1610612752,New York,Knicks,NYK,knicks,200782,P.J.,Tucker,P. Tucker,pj-tucker,,DNP - Coach's Decision,,,0.0,0.0,0.0,0.0,0.0,0.0,0.0,0.0,0.0,0.0,0.0,0.0,0.0,0.0,0.0,0.0,0.0,0.0,0.0,0.0,0.0,0.0,2024-25,Playoffs
0042400306,1610612752,New York,Knicks,NYK,knicks,1628384,OG,Anunoby,O. Anunoby,og-anunoby,F,,,37:00,111.8,111.8,133.3,133.3,-21.5,-21.5,0.13,3.0,13.0,0.07,0.067,0.068,4.3,0.611,0.621,0.208,0.208,97.95,97.95,81.62,76.0,0.132,2024-25,Playoffs
0042400306,1610612752,New York,Knicks,NYK,knicks,1626157,Karl-Anthony,Towns,K. Towns,karl-anthony-towns,F,,,38:15,111.4,111.4,131.3,131.3,-19.9,-19.9,0.077,1.0,7.1,0.067,0.379,0.189,7.1,0.421,0.47,0.263,0.263,99.78,99.78,83.15,79.0,0.093,2024-25,Playoffs
0042400306,1610612752,New York,Knicks,NYK,knicks,1629011,Mitchell,Robinson,M. Robinson,mitchell-robinson,C,,,29:37,98.4,98.4,127.9,127.9,-29.5,-29.5,0.0,0.0,0.0,0.161,0.129,0.145,28.6,0.8,0.8,0.096,0.096,98.85,98.85,82.37,61.0,0.102,2024-25,Playoffs
0042400306,1610612752,New York,Knicks,NYK,knicks,1628969,Mikal,Bridges,M. Bridges,mikal-bridges,G,,,32:27,109.0,109.0,134.3,134.3,-25.4,-25.4,0.174,0.8,21.1,0.0,0.036,0.016,26.3,0.722,0.759,0.179,0.179,99.11,99.11,82.59,67.0,0.066,2024-25,Playoffs
0042400306,1610612752,New York,Knicks,NYK,knicks,1628973,Jalen,Brunson,J. Brunson,jalen-brunson,G,,,34:24,107.0,107.0,134.3,134.3,-27.2,-27.2,0.318,1.4,22.6,0.0,0.069,0.03,16.1,0.5,0.503,0.273,0.273,98.37,98.37,81.98,71.0,0.07,2024-25,Playoffs
0042400306,1610612752,New York,Knicks,NYK,knicks,1630540,Miles,McBride,M. McBride,miles-mcbride,,,,11:13,72.0,72.0,104.2,104.2,-32.2,-32.2,0.2,1.0,20.0,0.0,0.25,0.13,20.0,0.0,0.347,0.154,0.154,104.84,104.84,87.37,25.0,0.111,2024-25,Playoffs
0042400306,1610612752,New York,Knicks,NYK,knicks,1628404,Josh,Hart,J. Hart,josh-hart,,,,21:56,100.0,100.0,116.3,116.3,-16.3,-16.3,0.067,1.0,11.1,0.095,0.211,0.15,11.1,0.167,0.273,0.157,0.157,96.29,96.29,80.24,45.0,0.038,2024-25,Playoffs
0042400306,1610612752,New York,Knicks,NYK,knicks,1626153,Delon,Wright,D. Wright,delon-wright,,,,11:44,92.0,92.0,108.3,108.3,-16.3,-16.3,0.0,0.0,0.0,0.0,0.091,0.042,0.0,0.0,0.347,0.107,0.107,100.23,100.23,83.52,25.0,0.024,2024-25,Playoffs
0042400306,1610612752,New York,Knicks,NYK,knicks,1629013,Landry,Shamet,L. Shamet,landry-shamet,,,,15:56,109.1,109.1,112.1,112.1,-3.0,-3.0,0.2,0.0,22.2,0.0,0.0,0.0,0.0,0.857,0.857,0.189,0.189,99.41,99.41,82.85,33.0,0.129,2024-25,Playoffs
0042400306,1610612752,New York,Knicks,NYK,knicks,1642359,Pacôme,Dadiet,P. Dadiet,pacôme-dadiet,,,,1:52,225.0,225.0,125.0,125.0,100.0,100.0,0.0,0.0,0.0,0.0,0.0,0.0,0.0,0.0,0.0,0.0,0.0,102.86,102.86,85.71,4.0,0.0,2024-25,Playoffs
0042400306,1610612752,New York,Knicks,NYK,knicks,1630173,Precious,Achiuwa,P. Achiuwa,precious-achiuwa,,,,1:52,225.0,225.0,125.0,125.0,100.0,100.0,0.0,0.0,0.0,0.0,0.0,0.0,0.0,0.0,0.0,0.0,0.0,102.86,102.86,85.71,4.0,0.0,2024-25,Playoffs
0042400306,1610612752,New York,Knicks,NYK,knicks,1642278,Tyler,Kolek,T. Kolek,tyler-kolek,,,,1:52,225.0,225.0,125.0,125.0,100.0,100.0,1.0,0.0,100.0,0.0,0.0,0.0,0.0,0.0,0.0,0.0,0.0,102.86,102.86,85.71,4.0,0.2,2024-25,Playoffs
0042400306,1610612752,New York,Knicks,NYK,knicks,1630574,Ariel,Hukporti,A. Hukporti,ariel-hukporti,,,,1:52,225.0,225.0,125.0,125.0,100.0,100.0,0.0,0.0,0.0,0.0,0.0,0.0,0.0,0.0,0.0,0.25,0.25,102.86,102.86,85.71,4.0,-0.133,2024-25,Playoffs
0042400306,1610612752,New York,Knicks,NYK,knicks,1626166,Cameron,Payne,C. Payne,cameron-payne,,DNP - Coach's Decision,,,0.0,0.0,0.0,0.0,0.0,0.0,0.0,0.0,0.0,0.0,0.0,0.0,0.0,0.0,0.0,0.0,0.0,0.0,0.0,0.0,0.0,0.0,2024-25,Playoffs
0042400306,1610612752,New York,Knicks,NYK,knicks,200782,P.J.,Tucker,P. Tucker,pj-tucker,,DNP - Coach's Decision,,,0.0,0.0,0.0,0.0,0.0,0.0,0.0,0.0,0.0,0.0,0.0,0.0,0.0,0.0,0.0,0.0,0.0,0.0,0.0,0.0,0.0,0.0,2024-25,Playoffs
0042400306,1610612754,Indiana,Pacers,IND,pacers,1630174,Aaron,Nesmith,A. Nesmith,aaron-nesmith,F,,,19:34,123.1,123.1,85.4,85.4,37.7,37.7,0.083,0.0,11.1,0.0,0.12,0.063,0.0,0.625,0.625,0.186,0.186,98.15,98.15,81.79,39.0,0.065,2024-25,Playoffs
0042400306,1610612754,Indiana,Pacers,IND,pacers,1627783,Pascal,Siakam,P. Siakam,pascal-siakam,F,,,36:08,138.4,138.4,98.7,98.7,39.7,39.7,0.115,1.5,10.7,0.063,0.073,0.068,7.1,0.639,0.679,0.301,0.301,99.64,99.64,83.03,73.0,0.163,2024-25,Playoffs
0042400306,1610612754,Indiana,Pacers,IND,pacers,1626167,Myles,Turner,M. Turner,myles-turner,C,,,21:03,134.9,134.9,106.8,106.8,28.1,28.1,0.0,0.0,0.0,0.0,0.091,0.053,14.3,0.833,0.854,0.156,0.156,99.19,99.19,82.66,43.0,0.051,2024-25,Playoffs
0042400306,1610612754,Indiana,Pacers,IND,pacers,1629614,Andrew,Nembhard,A. Nembhard,andrew-nembhard,G,,,37:27,139.0,139.0,105.1,105.1,33.8,33.8,0.235,8.0,38.1,0.0,0.073,0.042,4.8,0.583,0.583,0.155,0.155,99.34,99.34,82.78,77.0,0.128,2024-25,Playoffs
0042400306,1610612754,Indiana,Pacers,IND,pacers,1630169,Tyrese,Haliburton,T. Haliburton,tyrese-haliburton,G,,,36:31,139.0,139.0,106.4,106.4,32.6,32.6,0.406,3.25,38.2,0.0,0.154,0.086,11.8,0.588,0.602,0.247,0.247,101.85,101.85,84.88,77.0,0.159,2024-25,Playoffs
0042400306,1610612754,Indiana,Pacers,IND,pacers,1631097,Bennedict,Mathurin,B. Mathurin,bennedict-mathurin,,,,8:34,68.4,68.4,125.0,125.0,-56.6,-56.6,0.0,0.0,0.0,0.143,0.0,0.063,25.0,0.5,0.694,0.19,0.19,109.37,109.37,91.14,19.0,0.017,2024-25,Playoffs
0042400306,1610612754,Indiana,Pacers,IND,pacers,1630167,Obi,Toppin,O. Toppin,obi-toppin,,,,25:00,111.5,111.5,116.4,116.4,-4.8,-4.8,0.0,0.0,0.0,0.056,0.179,0.13,7.7,0.727,0.758,0.236,0.236,102.71,102.71,85.59,52.0,0.171,2024-25,Playoffs
0042400306,1610612754,Indiana,Pacers,IND,pacers,1628418,Thomas,Bryant,T. Bryant,thomas-bryant,,,,13:02,122.2,122.2,92.9,92.9,29.4,29.4,0.0,0.0,0.0,0.071,0.167,0.115,0.0,0.9,0.935,0.188,0.188,101.29,101.29,84.41,27.0,0.185,2024-25,Playoffs
0042400306,1610612754,Indiana,Pacers,IND,pacers,204456,T.J.,McConnell,T. McConnell,tj-mcconnell,,,,13:46,88.5,88.5,96.4,96.4,-8.0,-8.0,0.333,1.0,25.0,0.0,0.267,0.143,25.0,0.375,0.375,0.207,0.207,94.15,94.15,78.46,26.0,0.076,2024-25,Playoffs
0042400306,1610612754,Indiana,Pacers,IND,pacers,1641767,Ben,Sheppard,B. Sheppard,ben-sheppard,,,,20:18,144.7,144.7,114.3,114.3,30.5,30.5,0.143,0.0,75.0,0.0,0.095,0.061,0.0,0.0,0.0,0.023,0.023,94.62,94.62,78.85,38.0,0.023,2024-25,Playoffs
0042400306,1610612754,Indiana,Pacers,IND,pacers,1641716,Jarace,Walker,J. Walker,jarace-walker,,,,7:04,129.4,129.4,116.7,116.7,12.7,12.7,0.0,0.0,0.0,0.25,0.0,0.111,0.0,1.0,1.0,0.056,0.056,118.87,118.87,99.06,17.0,0.054,2024-25,Playoffs
0042400306,1610612754,Indiana,Pacers,IND,pacers,1642277,Johnny,Furphy,J. Furphy,johnny-furphy,,,,0:47,0.0,0.0,150.0,150.0,-150.0,-150.0,0.0,0.0,0.0,0.0,0.0,0.0,0.0,0.0,0.0,0.0,0.0,122.03,122.03,101.69,2.0,0.0,2024-25,Playoffs
0042400306,1610612754,Indiana,Pacers,IND,pacers,201949,James,Johnson,J. Johnson,james-johnson,,,,0:47,0.0,0.0,150.0,150.0,-150.0,-150.0,0.0,0.0,0.0,0.0,0.0,0.0,0.0,0.0,0.0,0.0,0.0,122.03,122.03,101.69,2.0,0.0,2024-25,Playoffs
0042400306,1610612754,Indiana,Pacers,IND,pacers,1628396,Tony,Bradley,T. Bradley,tony-bradley,,DNP - Coach's Decision,,,0.0,0.0,0.0,0.0,0.0,0.0,0.0,0.0,0.0,0.0,0.0,0.0,0.0,0.0,0.0,0.0,0.0,0.0,0.0,0.0,0.0,0.0,2024-25,Playoffs
0042400306,1610612754,Indiana,Pacers,IND,pacers,1630543,Isaiah,Jackson,I. Jackson,isaiah-jackson,,DND - Injury/Illness,,,0.0,0.0,0.0,0.0,0.0,0.0,0.0,0.0,0.0,0.0,0.0,0.0,0.0,0.0,0.0,0.0,0.0,0.0,0.0,0.0,0.0,0.0,2024-25,Playoffs
0042400311,1610612750,Minnesota,Timberwolves,MIN,timberwolves,1630183,Jaden,McDaniels,J. McDaniels,jaden-mcdaniels,F,,,23:45,92.3,92.3,113.7,113.7,-21.4,-21.4,0.231,1.0,27.3,0.037,0.227,0.122,27.3,0.7,0.7,0.131,0.131,104.11,104.11,86.76,52.0,0.069,2024-25,Playoffs
0042400311,1610612750,Minnesota,Timberwolves,MIN,timberwolves,203944,Julius,Randle,J. Randle,julius-randle,F,,,35:40,95.9,95.9,118.9,118.9,-23.0,-23.0,0.071,0.2,4.5,0.103,0.121,0.111,22.7,0.885,0.895,0.244,0.244,99.59,99.59,82.99,74.0,0.174,2024-25,Playoffs
0042400311,1610612750,Minnesota,Timberwolves,MIN,timberwolves,203497,Rudy,Gobert,R. Gobert,rudy-gobert,C,,,21:20,100.0,100.0,100.0,100.0,0.0,0.0,0.071,1.0,16.7,0.037,0.105,0.065,16.7,0.333,0.258,0.102,0.102,99.0,99.0,82.5,43.0,0.0,2024-25,Playoffs
0042400311,1610612750,Minnesota,Timberwolves,MIN,timberwolves,1630162,Anthony,Edwards,A. Edwards,anthony-edwards,G,,,36:34,90.4,90.4,118.7,118.7,-28.3,-28.3,0.176,0.75,13.0,0.0,0.273,0.118,17.4,0.5,0.56,0.23,0.23,97.14,97.14,80.95,73.0,0.104,2024-25,Playoffs
0042400311,1610612750,Minnesota,Timberwolves,MIN,timberwolves,201144,Mike,Conley,M. Conley,mike-conley,G,,,22:53,110.0,110.0,102.0,102.0,8.0,8.0,0.2,0.0,25.0,0.0,0.13,0.064,0.0,0.313,0.394,0.161,0.161,103.83,103.83,86.53,50.0,0.068,2024-25,Playoffs
0042400311,1610612750,Minnesota,Timberwolves,MIN,timberwolves,1629675,Naz,Reid,N. Reid,naz-reid,,,,27:45,79.7,79.7,119.3,119.3,-39.6,-39.6,0.308,1.33,21.1,0.088,0.2,0.136,15.8,0.091,0.168,0.214,0.214,100.31,100.31,83.59,59.0,0.0,2024-25,Playoffs
0042400311,1610612750,Minnesota,Timberwolves,MIN,timberwolves,1628978,Donte,DiVincenzo,D. DiVincenzo,donte-divincenzo,,,,30:04,81.4,81.4,117.2,117.2,-35.9,-35.9,0.154,2.0,11.8,0.0,0.034,0.015,5.9,0.321,0.321,0.211,0.211,93.39,93.39,77.83,59.0,-0.005,2024-25,Playoffs
0042400311,1610612750,Minnesota,Timberwolves,MIN,timberwolves,1629638,Nickeil,Alexander-Walker,N. Alexander-Walker,nickeil-alexander-walker,,,,27:36,90.4,90.4,113.0,113.0,-22.6,-22.6,0.0,0.0,0.0,0.029,0.038,0.033,0.0,0.364,0.364,0.177,0.177,92.17,92.17,76.81,52.0,0.029,2024-25,Playoffs
0042400311,1610612750,Minnesota,Timberwolves,MIN,timberwolves,1641740,Jaylen,Clark,J. Clark,jaylen-clark,,,,6:19,58.3,58.3,100.0,100.0,-41.7,-41.7,0.0,0.0,0.0,0.2,0.0,0.133,0.0,0.5,0.521,0.2,0.2,87.39,87.39,72.82,12.0,0.286,2024-25,Playoffs
0042400311,1610612750,Minnesota,Timberwolves,MIN,timberwolves,1630545,Terrence,Shannon Jr.,T. Shannon Jr.,terrence-shannon-jr,,,,2:01,50.0,50.0,200.0,200.0,-150.0,-150.0,0.0,0.0,0.0,0.0,0.0,0.0,0.0,0.5,0.5,0.5,0.5,95.21,95.21,79.34,4.0,0.1,2024-25,Playoffs
0042400311,1610612750,Minnesota,Timberwolves,MIN,timberwolves,1630568,Luka,Garza,L. Garza,luka-garza,,,,2:01,50.0,50.0,200.0,200.0,-150.0,-150.0,0.0,0.0,0.0,0.0,0.0,0.0,0.0,0.0,0.0,0.0,0.0,95.21,95.21,79.34,4.0,0.0,2024-25,Playoffs
0042400311,1610612750,Minnesota,Timberwolves,MIN,timberwolves,1642265,Rob,Dillingham,R. Dillingham,rob-dillingham,,,,2:01,50.0,50.0,200.0,200.0,-150.0,-150.0,1.0,0.0,50.0,0.0,0.0,0.0,0.0,0.0,0.0,0.25,0.25,95.21,95.21,79.34,4.0,0.0,2024-25,Playoffs
0042400311,1610612750,Minnesota,Timberwolves,MIN,timberwolves,1631169,Josh,Minott,J. Minott,josh-minott,,,,2:01,50.0,50.0,200.0,200.0,-150.0,-150.0,0.0,0.0,0.0,0.0,0.0,0.0,0.0,0.0,0.0,0.0,0.0,95.21,95.21,79.34,4.0,-0.1,2024-25,Playoffs
0042400311,1610612750,Minnesota,Timberwolves,MIN,timberwolves,204060,Joe,Ingles,J. Ingles,joe-ingles,,DNP - Coach's Decision,,,0.0,0.0,0.0,0.0,0.0,0.0,0.0,0.0,0.0,0.0,0.0,0.0,0.0,0.0,0.0,0.0,0.0,0.0,0.0,0.0,0.0,0.0,2024-25,Playoffs
0042400311,1610612750,Minnesota,Timberwolves,MIN,timberwolves,1631159,Leonard,Miller,L. Miller,leonard-miller,,DNP - Coach's Decision,,,0.0,0.0,0.0,0.0,0.0,0.0,0.0,0.0,0.0,0.0,0.0,0.0,0.0,0.0,0.0,0.0,0.0,0.0,0.0,0.0,0.0,0.0,2024-25,Playoffs
0042400311,1610612760,Oklahoma City,Thunder,OKC,thunder,1631114,Jalen,Williams,J. Williams,jalen-williams,F,,,33:08,112.9,112.9,93.0,93.0,19.9,19.9,0.238,0.0,20.0,0.032,0.194,0.119,0.0,0.417,0.481,0.253,0.253,102.11,102.11,85.09,70.0,0.2,2024-25,Playoffs
0042400311,1610612760,Oklahoma City,Thunder,OKC,thunder,1631096,Chet,Holmgren,C. Holmgren,chet-holmgren,F,,,25:50,107.4,107.4,90.9,90.9,16.5,16.5,0.2,3.0,20.0,0.083,0.167,0.13,6.7,0.722,0.697,0.203,0.203,101.26,101.26,84.39,54.0,0.229,2024-25,Playoffs
0042400311,1610612760,Oklahoma City,Thunder,OKC,thunder,1628392,Isaiah,Hartenstein,I. Hartenstein,isaiah-hartenstein,C,,,19:45,104.9,104.9,102.4,102.4,2.4,2.4,0.0,0.0,0.0,0.059,0.182,0.128,27.3,0.75,0.75,0.239,0.239,99.65,99.65,83.04,41.0,0.132,2024-25,Playoffs
0042400311,1610612760,Oklahoma City,Thunder,OKC,thunder,1629652,Luguentz,Dort,L. Dort,luguentz-dort,G,,,27:35,112.3,112.3,101.8,101.8,10.5,10.5,0.0,0.0,0.0,0.0,0.037,0.019,20.0,0.625,0.625,0.079,0.079,98.32,98.32,81.93,57.0,0.005,2024-25,Playoffs
0042400311,1610612760,Oklahoma City,Thunder,OKC,thunder,1628983,Shai,Gilgeous-Alexander,S. Gilgeous-Alexander,shai-gilgeous-alexander,G,,,37:42,115.6,115.6,88.2,88.2,27.4,27.4,0.409,4.5,20.9,0.029,0.091,0.064,4.7,0.37,0.467,0.395,0.395,97.4,97.4,81.17,77.0,0.209,2024-25,Playoffs
0042400311,1610612760,Oklahoma City,Thunder,OKC,thunder,1641717,Cason,Wallace,C. Wallace,cason-wallace,,,,33:04,118.2,118.2,83.8,83.8,34.4,34.4,0.25,2.33,53.8,0.065,0.023,0.04,23.1,0.5,0.5,0.08,0.08,97.28,97.28,81.06,66.0,0.054,2024-25,Playoffs
0042400311,1610612760,Oklahoma City,Thunder,OKC,thunder,1630198,Isaiah,Joe,I. Joe,isaiah-joe,,,,13:29,100.0,100.0,66.7,66.7,33.3,33.3,0.111,0.0,20.0,0.077,0.35,0.242,0.0,0.75,0.931,0.125,0.125,99.68,99.68,83.07,29.0,0.415,2024-25,Playoffs
0042400311,1610612760,Oklahoma City,Thunder,OKC,thunder,1627936,Alex,Caruso,A. Caruso,alex-caruso,,,,21:30,118.6,118.6,97.6,97.6,21.0,21.0,0.0,0.0,0.0,0.0,0.115,0.065,20.0,1.125,1.125,0.1,0.1,94.91,94.91,79.09,43.0,0.092,2024-25,Playoffs
0042400311,1610612760,Oklahoma City,Thunder,OKC,thunder,1629026,Kenrich,Williams,K. Williams,kenrich-williams,,,,9:35,152.6,152.6,52.6,52.6,100.0,100.0,0.0,0.0,0.0,0.0,0.188,0.143,25.0,1.333,1.333,0.19,0.19,95.1,95.1,79.25,19.0,0.212,2024-25,Playoffs
0042400311,1610612760,Oklahoma City,Thunder,OKC,thunder,1630598,Aaron,Wiggins,A. Wiggins,aaron-wiggins,,,,12:57,107.7,107.7,107.7,107.7,0.0,0.0,0.0,0.0,0.0,0.067,0.125,0.097,0.0,0.333,0.333,0.097,0.097,96.37,96.37,80.31,26.0,0.028,2024-25,Playoffs
0042400311,1610612760,Oklahoma City,Thunder,OKC,thunder,1642349,Ajay,Mitchell,A. Mitchell,ajay-mitchell,,,,2:01,200.0,200.0,50.0,50.0,150.0,150.0,0.5,0.0,100.0,0.0,0.0,0.0,0.0,0.0,0.0,0.0,0.0,95.21,95.21,79.34,4.0,0.1,2024-25,Playoffs
0042400311,1610612760,Oklahoma City,Thunder,OKC,thunder,1631172,Ousmane,Dieng,O. Dieng,ousmane-dieng,,,,1:58,200.0,200.0,50.0,50.0,150.0,150.0,0.0,0.0,0.0,0.0,0.0,0.0,0.0,0.0,0.0,0.0,0.0,97.63,97.63,81.36,4.0,0.0,2024-25,Playoffs
0042400311,1610612760,Oklahoma City,Thunder,OKC,thunder,1641794,Dillon,Jones,D. Jones,dillon-jones,,,,1:26,200.0,200.0,0.0,0.0,200.0,200.0,1.0,0.0,50.0,0.0,0.0,0.0,0.0,1.5,1.5,0.333,0.333,100.47,100.47,83.72,3.0,0.571,2024-25,Playoffs
0042400311,1610612760,Oklahoma City,Thunder,OKC,thunder,1631119,Jaylin,Williams,J. Williams,jaylin-williams,,DNP - Coach's Decision,,,0.0,0.0,0.0,0.0,0.0,0.0,0.0,0.0,0.0,0.0,0.0,0.0,0.0,0.0,0.0,0.0,0.0,0.0,0.0,0.0,0.0,0.0,2024-25,Playoffs
0042400312,1610612750,Minnesota,Timberwolves,MIN,timberwolves,1630183,Jaden,McDaniels,J. McDaniels,jaden-mcdaniels,F,,,34:35,104.3,104.3,111.6,111.6,-7.3,-7.3,0.0,0.0,0.0,0.026,0.028,0.027,5.9,0.667,0.693,0.21,0.21,96.46,96.46,80.39,70.0,0.096,2024-25,Playoffs
0042400312,1610612750,Minnesota,Timberwolves,MIN,timberwolves,203944,Julius,Randle,J. Randle,julius-randle,F,,,31:57,100.0,100.0,125.0,125.0,-25.0,-25.0,0.227,1.25,23.8,0.083,0.067,0.076,19.0,0.182,0.253,0.208,0.208,96.9,96.9,80.75,65.0,0.004,2024-25,Playoffs
0042400312,1610612750,Minnesota,Timberwolves,MIN,timberwolves,203497,Rudy,Gobert,R. Gobert,rudy-gobert,C,,,29:45,100.0,100.0,119.0,119.0,-19.0,-19.0,0.05,0.0,14.3,0.114,0.185,0.145,0.0,0.4,0.425,0.083,0.083,95.2,95.2,79.33,60.0,0.066,2024-25,Playoffs
0042400312,1610612750,Minnesota,Timberwolves,MIN,timberwolves,1630162,Anthony,Edwards,A. Edwards,anthony-edwards,G,,,40:04,98.8,98.8,125.9,125.9,-27.2,-27.2,0.375,0.0,16.7,0.042,0.184,0.105,0.0,0.481,0.526,0.306,0.306,97.04,97.04,80.87,81.0,0.186,2024-25,Playoffs
0042400312,1610612750,Minnesota,Timberwolves,MIN,timberwolves,201144,Mike,Conley,M. Conley,mike-conley,G,,,28:06,132.1,132.1,109.1,109.1,23.1,23.1,0.12,3.0,30.0,0.0,0.1,0.055,10.0,0.25,0.25,0.109,0.109,94.8,94.8,79.0,56.0,0.008,2024-25,Playoffs
0042400312,1610612750,Minnesota,Timberwolves,MIN,timberwolves,1628978,Donte,DiVincenzo,D. DiVincenzo,donte-divincenzo,,,,22:04,82.2,82.2,139.1,139.1,-56.9,-56.9,0.3,0.75,20.0,0.036,0.111,0.065,26.7,0.5,0.5,0.218,0.218,98.97,98.97,82.48,45.0,0.029,2024-25,Playoffs
0042400312,1610612750,Minnesota,Timberwolves,MIN,timberwolves,1629675,Naz,Reid,N. Reid,naz-reid,,,,28:05,114.3,114.3,122.8,122.8,-8.5,-8.5,0.0,0.0,0.0,0.034,0.259,0.143,15.4,0.375,0.47,0.191,0.191,96.57,96.57,80.47,56.0,0.073,2024-25,Playoffs
0042400312,1610612750,Minnesota,Timberwolves,MIN,timberwolves,1629638,Nickeil,Alexander-Walker,N. Alexander-Walker,nickeil-alexander-walker,,,,25:24,117.0,117.0,130.8,130.8,-13.8,-13.8,0.133,1.0,14.3,0.038,0.042,0.04,14.3,0.813,0.871,0.182,0.182,99.21,99.21,82.67,53.0,0.123,2024-25,Playoffs
0042400312,1610612750,Minnesota,Timberwolves,MIN,timberwolves,1641740,Jaylen,Clark,J. Clark,jaylen-clark,,DNP - Coach's Decision,,,0.0,0.0,0.0,0.0,0.0,0.0,0.0,0.0,0.0,0.0,0.0,0.0,0.0,0.0,0.0,0.0,0.0,0.0,0.0,0.0,0.0,0.0,2024-25,Playoffs
0042400312,1610612750,Minnesota,Timberwolves,MIN,timberwolves,1642265,Rob,Dillingham,R. Dillingham,rob-dillingham,,DNP - Coach's Decision,,,0.0,0.0,0.0,0.0,0.0,0.0,0.0,0.0,0.0,0.0,0.0,0.0,0.0,0.0,0.0,0.0,0.0,0.0,0.0,0.0,0.0,0.0,2024-25,Playoffs
0042400312,1610612750,Minnesota,Timberwolves,MIN,timberwolves,1630568,Luka,Garza,L. Garza,luka-garza,,DNP - Coach's Decision,,,0.0,0.0,0.0,0.0,0.0,0.0,0.0,0.0,0.0,0.0,0.0,0.0,0.0,0.0,0.0,0.0,0.0,0.0,0.0,0.0,0.0,0.0,2024-25,Playoffs
0042400312,1610612750,Minnesota,Timberwolves,MIN,timberwolves,204060,Joe,Ingles,J. Ingles,joe-ingles,,DNP - Coach's Decision,,,0.0,0.0,0.0,0.0,0.0,0.0,0.0,0.0,0.0,0.0,0.0,0.0,0.0,0.0,0.0,0.0,0.0,0.0,0.0,0.0,0.0,0.0,2024-25,Playoffs
0042400312,1610612750,Minnesota,Timberwolves,MIN,timberwolves,1631159,Leonard,Miller,L. Miller,leonard-miller,,DNP - Coach's Decision,,,0.0,0.0,0.0,0.0,0.0,0.0,0.0,0.0,0.0,0.0,0.0,0.0,0.0,0.0,0.0,0.0,0.0,0.0,0.0,0.0,0.0,0.0,2024-25,Playoffs
0042400312,1610612750,Minnesota,Timberwolves,MIN,timberwolves,1631169,Josh,Minott,J. Minott,josh-minott,,DNP - Coach's Decision,,,0.0,0.0,0.0,0.0,0.0,0.0,0.0,0.0,0.0,0.0,0.0,0.0,0.0,0.0,0.0,0.0,0.0,0.0,0.0,0.0,0.0,0.0,2024-25,Playoffs
0042400312,1610612750,Minnesota,Timberwolves,MIN,timberwolves,1630545,Terrence,Shannon Jr.,T. Shannon Jr.,terrence-shannon-jr,,DNP - Coach's Decision,,,0.0,0.0,0.0,0.0,0.0,0.0,0.0,0.0,0.0,0.0,0.0,0.0,0.0,0.0,0.0,0.0,0.0,0.0,0.0,0.0,0.0,0.0,2024-25,Playoffs
0042400312,1610612760,Oklahoma City,Thunder,OKC,thunder,1631114,Jalen,Williams,J. Williams,jalen-williams,F,,,38:45,124.4,124.4,102.6,102.6,21.8,21.8,0.192,0.0,20.0,0.027,0.209,0.125,0.0,0.65,0.636,0.222,0.222,96.62,96.62,80.52,78.0,0.216,2024-25,Playoffs
0042400312,1610612760,Oklahoma City,Thunder,OKC,thunder,1631096,Chet,Holmgren,C. Holmgren,chet-holmgren,F,,,31:45,121.5,121.5,107.6,107.6,14.0,14.0,0.1,0.67,8.0,0.033,0.088,0.063,12.0,0.5,0.56,0.307,0.307,99.04,99.04,82.54,65.0,0.095,2024-25,Playoffs
0042400312,1610612760,Oklahoma City,Thunder,OKC,thunder,1628392,Isaiah,Hartenstein,I. Hartenstein,isaiah-hartenstein,C,,,26:38,105.8,105.8,98.1,98.1,7.6,7.6,0.095,2.0,25.0,0.071,0.2,0.138,12.5,0.6,0.6,0.103,0.103,95.53,95.53,79.6,52.0,0.091,2024-25,Playoffs
0042400312,1610612760,Oklahoma City,Thunder,OKC,thunder,1629652,Luguentz,Dort,L. Dort,luguentz-dort,G,,,34:39,132.4,132.4,92.9,92.9,39.5,39.5,0.125,0.0,28.6,0.065,0.136,0.107,0.0,0.444,0.455,0.125,0.125,97.66,97.66,81.39,71.0,0.1,2024-25,Playoffs
0042400312,1610612760,Oklahoma City,Thunder,OKC,thunder,1628983,Shai,Gilgeous-Alexander,S. Gilgeous-Alexander,shai-gilgeous-alexander,G,,,41:47,125.9,125.9,96.5,96.5,29.4,29.4,0.286,8.0,22.2,0.0,0.061,0.033,2.8,0.595,0.688,0.289,0.289,97.65,97.65,81.37,85.0,0.222,2024-25,Playoffs
0042400312,1610612760,Oklahoma City,Thunder,OKC,thunder,1641717,Cason,Wallace,C. Wallace,cason-wallace,,,,27:48,132.1,132.1,110.3,110.3,21.8,21.8,0.167,0.0,36.4,0.083,0.031,0.054,0.0,0.571,0.571,0.108,0.108,98.39,98.39,81.99,56.0,0.09,2024-25,Playoffs
0042400312,1610612760,Oklahoma City,Thunder,OKC,thunder,1630198,Isaiah,Joe,I. Joe,isaiah-joe,,,,3:02,142.9,142.9,166.7,166.7,-23.8,-23.8,1.0,0.0,50.0,0.0,0.2,0.125,0.0,0.0,0.0,0.125,0.125,103.03,103.03,85.86,7.0,0.081,2024-25,Playoffs
0042400312,1610612760,Oklahoma City,Thunder,OKC,thunder,1627936,Alex,Caruso,A. Caruso,alex-caruso,,,,24:10,114.9,114.9,115.7,115.7,-0.8,-0.8,0.105,2.0,20.0,0.0,0.1,0.045,10.0,0.643,0.643,0.148,0.148,97.3,97.3,81.08,47.0,0.052,2024-25,Playoffs
0042400312,1610612760,Oklahoma City,Thunder,OKC,thunder,1629026,Kenrich,Williams,K. Williams,kenrich-williams,,,,1:30,0.0,0.0,66.7,66.7,-66.7,-66.7,0.0,0.0,0.0,0.0,0.5,0.2,0.0,0.0,0.0,0.25,0.25,96.0,96.0,80.0,3.0,0.0,2024-25,Playoffs
0042400312,1610612760,Oklahoma City,Thunder,OKC,thunder,1630598,Aaron,Wiggins,A. Wiggins,aaron-wiggins,,,,9:56,111.1,111.1,152.6,152.6,-41.5,-41.5,0.222,0.0,50.0,0.111,0.167,0.133,0.0,0.0,0.0,0.095,0.095,89.4,89.4,74.5,18.0,0.01,2024-25,Playoffs
0042400312,1610612760,Oklahoma City,Thunder,OKC,thunder,1631172,Ousmane,Dieng,O. Dieng,ousmane-dieng,,DNP - Coach's Decision,,,0.0,0.0,0.0,0.0,0.0,0.0,0.0,0.0,0.0,0.0,0.0,0.0,0.0,0.0,0.0,0.0,0.0,0.0,0.0,0.0,0.0,0.0,2024-25,Playoffs
0042400312,1610612760,Oklahoma City,Thunder,OKC,thunder,1641794,Dillon,Jones,D. Jones,dillon-jones,,DNP - Coach's Decision,,,0.0,0.0,0.0,0.0,0.0,0.0,0.0,0.0,0.0,0.0,0.0,0.0,0.0,0.0,0.0,0.0,0.0,0.0,0.0,0.0,0.0,0.0,2024-25,Playoffs
0042400312,1610612760,Oklahoma City,Thunder,OKC,thunder,1642349,Ajay,Mitchell,A. Mitchell,ajay-mitchell,,DNP - Coach's Decision,,,0.0,0.0,0.0,0.0,0.0,0.0,0.0,0.0,0.0,0.0,0.0,0.0,0.0,0.0,0.0,0.0,0.0,0.0,0.0,0.0,0.0,0.0,2024-25,Playoffs
0042400312,1610612760,Oklahoma City,Thunder,OKC,thunder,1631119,Jaylin,Williams,J. Williams,jaylin-williams,,DNP - Coach's Decision,,,0.0,0.0,0.0,0.0,0.0,0.0,0.0,0.0,0.0,0.0,0.0,0.0,0.0,0.0,0.0,0.0,0.0,0.0,0.0,0.0,0.0,0.0,2024-25,Playoffs
0042400313,1610612760,Oklahoma City,Thunder,OKC,thunder,1631114,Jalen,Williams,J. Williams,jalen-williams,F,,,24:43,78.8,78.8,141.2,141.2,-62.3,-62.3,0.222,0.5,11.1,0.0,0.174,0.078,22.2,0.444,0.558,0.276,0.276,100.0,100.0,83.33,52.0,0.066,2024-25,Playoffs
0042400313,1610612760,Oklahoma City,Thunder,OKC,thunder,1631096,Chet,Holmgren,C. Holmgren,chet-holmgren,F,,,20:48,95.7,95.7,120.9,120.9,-25.3,-25.3,0.167,0.0,20.0,0.043,0.19,0.114,0.0,0.5,0.601,0.16,0.16,102.69,102.69,85.58,46.0,0.15,2024-25,Playoffs
0042400313,1610612760,Oklahoma City,Thunder,OKC,thunder,1628392,Isaiah,Hartenstein,I. Hartenstein,isaiah-hartenstein,C,,,19:06,75.0,75.0,156.4,156.4,-81.4,-81.4,0.0,0.0,0.0,0.0,0.316,0.143,0.0,0.5,0.466,0.146,0.146,99.27,99.27,82.72,40.0,0.103,2024-25,Playoffs
0042400313,1610612760,Oklahoma City,Thunder,OKC,thunder,1629652,Luguentz,Dort,L. Dort,luguentz-dort,G,,,21:46,91.1,91.1,137.0,137.0,-45.8,-45.8,0.0,0.0,0.0,0.0,0.042,0.022,33.3,0.75,0.75,0.133,0.133,100.37,100.37,83.64,45.0,0.0,2024-25,Playoffs
0042400313,1610612760,Oklahoma City,Thunder,OKC,thunder,1628983,Shai,Gilgeous-Alexander,S. Gilgeous-Alexander,shai-gilgeous-alexander,G,,,27:38,87.7,87.7,146.4,146.4,-58.7,-58.7,0.462,1.5,24.0,0.0,0.077,0.035,16.0,0.385,0.474,0.306,0.306,98.14,98.14,81.79,57.0,0.066,2024-25,Playoffs
0042400313,1610612760,Oklahoma City,Thunder,OKC,thunder,1641717,Cason,Wallace,C. Wallace,cason-wallace,,,,15:39,75.0,75.0,174.2,174.2,-99.2,-99.2,0.2,0.0,50.0,0.048,0.0,0.033,0.0,0.0,1.136,0.026,0.026,96.63,96.63,80.53,32.0,0.04,2024-25,Playoffs
0042400313,1610612760,Oklahoma City,Thunder,OKC,thunder,1627936,Alex,Caruso,A. Caruso,alex-caruso,,,,9:44,73.7,73.7,142.9,142.9,-69.2,-69.2,0.0,0.0,0.0,0.0,0.0,0.0,0.0,0.3,0.3,0.208,0.208,98.63,98.63,82.19,19.0,-0.111,2024-25,Playoffs
0042400313,1610612760,Oklahoma City,Thunder,OKC,thunder,1630198,Isaiah,Joe,I. Joe,isaiah-joe,,,,17:25,100.0,100.0,136.4,136.4,-36.4,-36.4,0.0,0.0,0.0,0.0,0.188,0.088,0.0,0.143,0.143,0.171,0.171,96.42,96.42,80.35,37.0,0.007,2024-25,Playoffs
0042400313,1610612760,Oklahoma City,Thunder,OKC,thunder,1630598,Aaron,Wiggins,A. Wiggins,aaron-wiggins,,,,16:11,108.6,108.6,147.1,147.1,-38.5,-38.5,0.222,2.0,25.0,0.0,0.0,0.0,12.5,0.5,0.5,0.158,0.158,102.33,102.33,85.27,35.0,0.013,2024-25,Playoffs
0042400313,1610612760,Oklahoma City,Thunder,OKC,thunder,1631119,Jaylin,Williams,J. Williams,jaylin-williams,,,,17:20,121.1,121.1,135.9,135.9,-14.8,-14.8,0.176,1.5,25.0,0.059,0.267,0.156,16.7,0.0,0.145,0.209,0.209,106.62,106.62,88.85,38.0,-0.005,2024-25,Playoffs
0042400313,1610612760,Oklahoma City,Thunder,OKC,thunder,1642349,Ajay,Mitchell,A. Mitchell,ajay-mitchell,,,,18:58,111.9,111.9,140.5,140.5,-28.6,-28.6,0.077,0.0,8.3,0.0,0.0,0.0,0.0,0.591,0.612,0.244,0.244,106.29,106.29,88.58,42.0,0.083,2024-25,Playoffs
0042400313,1610612760,Oklahoma City,Thunder,OKC,thunder,1629026,Kenrich,Williams,K. Williams,kenrich-williams,,,,14:08,125.0,125.0,134.4,134.4,-9.4,-9.4,0.077,1.0,12.5,0.0,0.0,0.0,12.5,0.667,0.667,0.2,0.2,108.68,108.68,90.57,32.0,0.059,2024-25,Playoffs
0042400313,1610612760,Oklahoma City,Thunder,OKC,thunder,1641794,Dillon,Jones,D. Jones,dillon-jones,,,,9:39,125.0,125.0,116.7,116.7,8.3,8.3,0.111,0.0,16.7,0.182,0.111,0.15,0.0,1.0,1.0,0.185,0.185,119.38,119.38,99.48,24.0,0.2,2024-25,Playoffs
0042400313,1610612760,Oklahoma City,Thunder,OKC,thunder,1631172,Ousmane,Dieng,O. Dieng,ousmane-dieng,,,,6:55,153.3,153.3,143.8,143.8,9.6,9.6,0.0,0.0,0.0,0.0,0.2,0.083,0.0,1.5,1.5,0.118,0.118,107.57,107.57,89.64,15.0,0.146,2024-25,Playoffs
0042400313,1610612750,Minnesota,Timberwolves,MIN,timberwolves,1630183,Jaden,McDaniels,J. McDaniels,jaden-mcdaniels,F,,,26:16,147.2,147.2,90.9,90.9,56.3,56.3,0.148,0.0,28.6,0.16,0.069,0.111,0.0,0.444,0.506,0.167,0.167,98.67,98.67,82.22,53.0,0.086,2024-25,Playoffs
0042400313,1610612750,Minnesota,Timberwolves,MIN,timberwolves,203944,Julius,Randle,J. Randle,julius-randle,F,,,29:57,145.9,145.9,82.3,82.3,63.6,63.6,0.12,0.0,15.0,0.0,0.121,0.067,0.0,0.667,0.716,0.25,0.25,98.56,98.56,82.14,61.0,0.174,2024-25,Playoffs
0042400313,1610612750,Minnesota,Timberwolves,MIN,timberwolves,203497,Rudy,Gobert,R. Gobert,rudy-gobert,C,,,28:10,136.7,136.7,95.2,95.2,41.5,41.5,0.071,0.0,22.2,0.074,0.172,0.125,0.0,0.5,0.509,0.101,0.101,103.95,103.95,86.63,60.0,0.091,2024-25,Playoffs
0042400313,1610612750,Minnesota,Timberwolves,MIN,timberwolves,1630162,Anthony,Edwards,A. Edwards,anthony-edwards,G,,,29:42,146.7,146.7,83.9,83.9,62.8,62.8,0.286,1.5,21.4,0.034,0.242,0.145,14.3,0.853,0.839,0.314,0.314,98.59,98.59,82.15,60.0,0.279,2024-25,Playoffs
0042400313,1610612750,Minnesota,Timberwolves,MIN,timberwolves,201144,Mike,Conley,M. Conley,mike-conley,G,,,21:42,125.5,125.5,100.0,100.0,25.5,25.5,0.095,2.0,18.2,0.0,0.143,0.073,9.1,0.375,0.375,0.176,0.176,103.96,103.96,86.64,47.0,0.053,2024-25,Playoffs
0042400313,1610612750,Minnesota,Timberwolves,MIN,timberwolves,1628978,Donte,DiVincenzo,D. DiVincenzo,donte-divincenzo,,,,16:19,155.9,155.9,82.9,82.9,73.0,73.0,0.176,0.0,60.0,0.0,0.05,0.031,0.0,1.5,1.5,0.053,0.053,101.49,101.49,84.58,34.0,0.118,2024-25,Playoffs
0042400313,1610612750,Minnesota,Timberwolves,MIN,timberwolves,1629675,Naz,Reid,N. Reid,naz-reid,,,,18:58,150.0,150.0,89.5,89.5,60.5,60.5,0.125,0.0,25.0,0.0,0.348,0.205,0.0,0.833,0.833,0.143,0.143,96.19,96.19,80.15,38.0,0.193,2024-25,Playoffs
0042400313,1610612750,Minnesota,Timberwolves,MIN,timberwolves,1629638,Nickeil,Alexander-Walker,N. Alexander-Walker,nickeil-alexander-walker,,,,18:24,142.5,142.5,102.4,102.4,40.1,40.1,0.125,0.67,14.3,0.111,0.048,0.077,21.4,0.667,0.636,0.255,0.255,105.65,105.65,88.04,40.0,0.09,2024-25,Playoffs
0042400313,1610612750,Minnesota,Timberwolves,MIN,timberwolves,1630545,Terrence,Shannon Jr.,T. Shannon Jr.,terrence-shannon-jr,,,,13:12,122.6,122.6,87.1,87.1,35.5,35.5,0.1,0.0,10.0,0.0,0.125,0.071,0.0,0.688,0.768,0.273,0.273,112.73,112.73,93.94,31.0,0.248,2024-25,Playoffs
0042400313,1610612750,Minnesota,Timberwolves,MIN,timberwolves,1641740,Jaylen,Clark,J. Clark,jaylen-clark,,,,9:02,133.3,133.3,123.8,123.8,9.5,9.5,0.1,0.0,33.3,0.0,0.273,0.15,0.0,1.0,1.0,0.083,0.083,111.59,111.59,92.99,21.0,0.152,2024-25,Playoffs
0042400313,1610612750,Minnesota,Timberwolves,MIN,timberwolves,1642265,Rob,Dillingham,R. Dillingham,rob-dillingham,,,,7:50,127.8,127.8,127.8,127.8,0.0,0.0,0.4,0.0,57.1,0.0,0.111,0.063,0.0,0.0,0.174,0.15,0.15,110.3,110.3,91.91,18.0,0.066,2024-25,Playoffs
0042400313,1610612750,Minnesota,Timberwolves,MIN,timberwolves,1631169,Josh,Minott,J. Minott,josh-minott,,,,7:41,127.8,127.8,135.3,135.3,-7.5,-7.5,0.0,0.0,0.0,0.0,0.0,0.0,25.0,0.0,0.0,0.2,0.2,109.33,109.33,91.11,18.0,-0.075,2024-25,Playoffs
0042400313,1610612750,Minnesota,Timberwolves,MIN,timberwolves,1631159,Leonard,Miller,L. Miller,leonard-miller,,,,7:41,127.8,127.8,135.3,135.3,-7.5,-7.5,0.0,0.0,0.0,0.286,0.125,0.2,14.3,0.917,0.917,0.35,0.35,109.33,109.33,91.11,18.0,0.237,2024-25,Playoffs
0042400313,1610612750,Minnesota,Timberwolves,MIN,timberwolves,1630568,Luka,Garza,L. Garza,luka-garza,,,,5:06,154.5,154.5,172.7,172.7,-18.2,-18.2,0.0,0.0,0.0,0.0,0.0,0.0,0.0,1.167,1.167,0.231,0.231,103.53,103.53,86.27,11.0,0.197,2024-25,Playoffs
0042400313,1610612750,Minnesota,Timberwolves,MIN,timberwolves,204060,Joe,Ingles,J. Ingles,joe-ingles,,DNP - Coach's Decision,,,0.0,0.0,0.0,0.0,0.0,0.0,0.0,0.0,0.0,0.0,0.0,0.0,0.0,0.0,0.0,0.0,0.0,0.0,0.0,0.0,0.0,0.0,2024-25,Playoffs
0042400314,1610612760,Oklahoma City,Thunder,OKC,thunder,1631114,Jalen,Williams,J. Williams,jalen-williams,F,,,39:01,127.2,127.2,128.0,128.0,-0.9,-0.9,0.192,2.5,15.6,0.044,0.024,0.035,6.3,0.667,0.683,0.265,0.265,100.27,100.27,83.56,81.0,0.163,2024-25,Playoffs
0042400314,1610612760,Oklahoma City,Thunder,OKC,thunder,1631096,Chet,Holmgren,C. Holmgren,chet-holmgren,F,,,33:02,127.3,127.3,126.2,126.2,1.1,1.1,0.045,1.0,5.9,0.111,0.091,0.101,5.9,0.714,0.706,0.19,0.19,95.17,95.17,79.31,66.0,0.147,2024-25,Playoffs
0042400314,1610612760,Oklahoma City,Thunder,OKC,thunder,1628392,Isaiah,Hartenstein,I. Hartenstein,isaiah-hartenstein,C,,,15:34,129.4,129.4,122.9,122.9,6.6,6.6,0.125,2.0,50.0,0.211,0.167,0.194,25.0,1.0,1.0,0.045,0.045,106.43,106.43,88.69,34.0,0.073,2024-25,Playoffs
0042400314,1610612760,Oklahoma City,Thunder,OKC,thunder,1629652,Luguentz,Dort,L. Dort,luguentz-dort,G,,,30:13,140.7,140.7,131.7,131.7,9.0,9.0,0.0,0.0,0.0,0.042,0.115,0.08,33.3,0.5,0.515,0.087,0.087,94.52,94.52,78.77,59.0,-0.007,2024-25,Playoffs
0042400314,1610612760,Oklahoma City,Thunder,OKC,thunder,1628983,Shai,Gilgeous-Alexander,S. Gilgeous-Alexander,shai-gilgeous-alexander,G,,,40:02,128.4,128.4,122.2,122.2,6.2,6.2,0.4,2.0,19.2,0.095,0.147,0.118,9.6,0.467,0.553,0.42,0.42,97.1,97.1,80.92,81.0,0.181,2024-25,Playoffs
0042400314,1610612760,Oklahoma City,Thunder,OKC,thunder,1627936,Alex,Caruso,A. Caruso,alex-caruso,,,,33:27,130.9,130.9,119.1,119.1,11.8,11.8,0.036,1.0,11.1,0.028,0.028,0.028,11.1,0.714,0.714,0.095,0.095,97.58,97.58,81.32,68.0,0.057,2024-25,Playoffs
0042400314,1610612760,Oklahoma City,Thunder,OKC,thunder,1629026,Kenrich,Williams,K. Williams,kenrich-williams,,,,12:21,144.0,144.0,125.0,125.0,19.0,19.0,0.0,0.0,0.0,0.0,0.182,0.1,25.0,0.833,0.833,0.138,0.138,102.95,102.95,85.8,25.0,0.119,2024-25,Playoffs
0042400314,1610612760,Oklahoma City,Thunder,OKC,thunder,1641717,Cason,Wallace,C. Wallace,cason-wallace,,,,27:53,136.4,136.4,125.0,125.0,11.4,11.4,0.111,0.0,25.0,0.097,0.0,0.057,0.0,0.389,0.389,0.129,0.129,99.01,99.01,82.51,55.0,0.049,2024-25,Playoffs
0042400314,1610612760,Oklahoma City,Thunder,OKC,thunder,1630198,Isaiah,Joe,I. Joe,isaiah-joe,,,,8:24,115.8,115.8,172.2,172.2,-56.4,-56.4,0.0,0.0,0.0,0.0,0.0,0.0,20.0,0.625,0.563,0.192,0.192,105.71,105.71,88.1,19.0,0.02,2024-25,Playoffs
0042400314,1610612760,Oklahoma City,Thunder,OKC,thunder,1631119,Jaylin,Williams,J. Williams,jaylin-williams,,,,0:03,0.0,0.0,0.0,0.0,0.0,0.0,0.0,0.0,0.0,0.0,0.0,0.0,0.0,0.0,0.0,0.0,0.0,900.0,900.0,750.0,1.0,0.0,2024-25,Playoffs
0042400314,1610612760,Oklahoma City,Thunder,OKC,thunder,1631172,Ousmane,Dieng,O. Dieng,ousmane-dieng,,DNP - Coach's Decision,,,0.0,0.0,0.0,0.0,0.0,0.0,0.0,0.0,0.0,0.0,0.0,0.0,0.0,0.0,0.0,0.0,0.0,0.0,0.0,0.0,0.0,0.0,2024-25,Playoffs
0042400314,1610612760,Oklahoma City,Thunder,OKC,thunder,1641794,Dillon,Jones,D. Jones,dillon-jones,,DNP - Coach's Decision,,,0.0,0.0,0.0,0.0,0.0,0.0,0.0,0.0,0.0,0.0,0.0,0.0,0.0,0.0,0.0,0.0,0.0,0.0,0.0,0.0,0.0,0.0,2024-25,Playoffs
0042400314,1610612760,Oklahoma City,Thunder,OKC,thunder,1642349,Ajay,Mitchell,A. Mitchell,ajay-mitchell,,DNP - Coach's Decision,,,0.0,0.0,0.0,0.0,0.0,0.0,0.0,0.0,0.0,0.0,0.0,0.0,0.0,0.0,0.0,0.0,0.0,0.0,0.0,0.0,0.0,0.0,2024-25,Playoffs
0042400314,1610612760,Oklahoma City,Thunder,OKC,thunder,1630598,Aaron,Wiggins,A. Wiggins,aaron-wiggins,,DNP - Coach's Decision,,,0.0,0.0,0.0,0.0,0.0,0.0,0.0,0.0,0.0,0.0,0.0,0.0,0.0,0.0,0.0,0.0,0.0,0.0,0.0,0.0,0.0,0.0,2024-25,Playoffs
0042400314,1610612750,Minnesota,Timberwolves,MIN,timberwolves,1630183,Jaden,McDaniels,J. McDaniels,jaden-mcdaniels,F,,,31:11,115.6,115.6,123.4,123.4,-7.8,-7.8,0.118,1.0,10.5,0.032,0.086,0.061,10.5,0.7,0.712,0.213,0.213,98.51,98.51,82.09,64.0,0.162,2024-25,Playoffs
0042400314,1610612750,Minnesota,Timberwolves,MIN,timberwolves,203944,Julius,Randle,J. Randle,julius-randle,F,,,28:10,113.3,113.3,122.8,122.8,-9.5,-9.5,0.15,0.6,17.6,0.091,0.118,0.104,29.4,0.143,0.285,0.175,0.175,99.7,99.7,83.09,60.0,0.005,2024-25,Playoffs
0042400314,1610612750,Minnesota,Timberwolves,MIN,timberwolves,203497,Rudy,Gobert,R. Gobert,rudy-gobert,C,,,32:16,132.8,132.8,126.6,126.6,6.3,6.3,0.12,1.5,18.8,0.233,0.059,0.141,12.5,0.625,0.611,0.163,0.163,95.2,95.2,79.33,64.0,0.083,2024-25,Playoffs
0042400314,1610612750,Minnesota,Timberwolves,MIN,timberwolves,1630162,Anthony,Edwards,A. Edwards,anthony-edwards,G,,,40:56,124.1,124.1,127.7,127.7,-3.6,-3.6,0.2,1.2,22.2,0.026,0.07,0.049,18.5,0.423,0.498,0.2,0.2,97.33,97.33,81.11,83.0,0.045,2024-25,Playoffs
0042400314,1610612750,Minnesota,Timberwolves,MIN,timberwolves,201144,Mike,Conley,M. Conley,mike-conley,G,,,19:07,112.8,112.8,113.5,113.5,-0.7,-0.7,0.214,3.0,25.0,0.0,0.069,0.042,8.3,0.375,0.375,0.18,0.18,95.41,95.41,79.51,39.0,0.061,2024-25,Playoffs
0042400314,1610612750,Minnesota,Timberwolves,MIN,timberwolves,1628978,Donte,DiVincenzo,D. DiVincenzo,donte-divincenzo,,,,28:20,135.6,135.6,147.5,147.5,-11.9,-11.9,0.25,2.5,26.3,0.083,0.05,0.068,10.5,0.864,0.884,0.194,0.194,99.98,99.98,83.32,59.0,0.147,2024-25,Playoffs
0042400314,1610612750,Minnesota,Timberwolves,MIN,timberwolves,1629675,Naz,Reid,N. Reid,naz-reid,,,,23:03,129.2,129.2,142.6,142.6,-13.4,-13.4,0.111,2.0,22.2,0.188,0.12,0.146,11.1,0.875,0.955,0.121,0.121,98.92,98.92,82.44,48.0,0.124,2024-25,Playoffs
0042400314,1610612750,Minnesota,Timberwolves,MIN,timberwolves,1629638,Nickeil,Alexander-Walker,N. Alexander-Walker,nickeil-alexander-walker,,,,29:19,151.7,151.7,141.7,141.7,10.0,10.0,0.273,6.0,27.3,0.087,0.074,0.08,4.5,0.767,0.767,0.216,0.216,98.27,98.27,81.89,60.0,0.151,2024-25,Playoffs
0042400314,1610612750,Minnesota,Timberwolves,MIN,timberwolves,1630545,Terrence,Shannon Jr.,T. Shannon Jr.,terrence-shannon-jr,,,,7:39,143.8,143.8,135.3,135.3,8.5,8.5,0.0,0.0,0.0,0.0,0.25,0.154,28.6,0.833,0.945,0.368,0.368,103.51,103.51,86.26,16.0,0.152,2024-25,Playoffs
0042400314,1610612750,Minnesota,Timberwolves,MIN,timberwolves,1641740,Jaylen,Clark,J. Clark,jaylen-clark,,DNP - Coach's Decision,,,0.0,0.0,0.0,0.0,0.0,0.0,0.0,0.0,0.0,0.0,0.0,0.0,0.0,0.0,0.0,0.0,0.0,0.0,0.0,0.0,0.0,0.0,2024-25,Playoffs
0042400314,1610612750,Minnesota,Timberwolves,MIN,timberwolves,1642265,Rob,Dillingham,R. Dillingham,rob-dillingham,,DNP - Coach's Decision,,,0.0,0.0,0.0,0.0,0.0,0.0,0.0,0.0,0.0,0.0,0.0,0.0,0.0,0.0,0.0,0.0,0.0,0.0,0.0,0.0,0.0,0.0,2024-25,Playoffs
0042400314,1610612750,Minnesota,Timberwolves,MIN,timberwolves,1630568,Luka,Garza,L. Garza,luka-garza,,DNP - Coach's Decision,,,0.0,0.0,0.0,0.0,0.0,0.0,0.0,0.0,0.0,0.0,0.0,0.0,0.0,0.0,0.0,0.0,0.0,0.0,0.0,0.0,0.0,0.0,2024-25,Playoffs
0042400314,1610612750,Minnesota,Timberwolves,MIN,timberwolves,204060,Joe,Ingles,J. Ingles,joe-ingles,,DNP - Coach's Decision,,,0.0,0.0,0.0,0.0,0.0,0.0,0.0,0.0,0.0,0.0,0.0,0.0,0.0,0.0,0.0,0.0,0.0,0.0,0.0,0.0,0.0,0.0,2024-25,Playoffs
0042400314,1610612750,Minnesota,Timberwolves,MIN,timberwolves,1631159,Leonard,Miller,L. Miller,leonard-miller,,DNP - Coach's Decision,,,0.0,0.0,0.0,0.0,0.0,0.0,0.0,0.0,0.0,0.0,0.0,0.0,0.0,0.0,0.0,0.0,0.0,0.0,0.0,0.0,0.0,0.0,2024-25,Playoffs
0042400314,1610612750,Minnesota,Timberwolves,MIN,timberwolves,1631169,Josh,Minott,J. Minott,josh-minott,,DNP - Coach's Decision,,,0.0,0.0,0.0,0.0,0.0,0.0,0.0,0.0,0.0,0.0,0.0,0.0,0.0,0.0,0.0,0.0,0.0,0.0,0.0,0.0,0.0,0.0,2024-25,Playoffs
0042400315,1610612750,Minnesota,Timberwolves,MIN,timberwolves,1630183,Jaden,McDaniels,J. McDaniels,jaden-mcdaniels,F,,,20:49,72.3,72.3,106.4,106.4,-34.0,-34.0,0.091,1.0,6.7,0.077,0.13,0.102,6.7,0.192,0.192,0.275,0.275,108.34,108.34,90.28,47.0,-0.041,2024-25,Playoffs
0042400315,1610612750,Minnesota,Timberwolves,MIN,timberwolves,203944,Julius,Randle,J. Randle,julius-randle,F,,,31:23,88.2,88.2,129.4,129.4,-41.2,-41.2,0.2,0.75,13.0,0.03,0.148,0.083,17.4,0.714,0.741,0.274,0.274,104.0,104.0,86.67,68.0,0.146,2024-25,Playoffs
0042400315,1610612750,Minnesota,Timberwolves,MIN,timberwolves,203497,Rudy,Gobert,R. Gobert,rudy-gobert,C,,,19:21,75.0,75.0,88.1,88.1,-13.1,-13.1,0.1,1.0,33.3,0.038,0.174,0.102,33.3,1.0,1.0,0.043,0.043,101.71,101.71,84.75,40.0,0.093,2024-25,Playoffs
0042400315,1610612750,Minnesota,Timberwolves,MIN,timberwolves,1630162,Anthony,Edwards,A. Edwards,anthony-edwards,G,,,38:30,80.7,80.7,117.1,117.1,-36.4,-36.4,0.111,0.67,7.7,0.0,0.15,0.071,11.5,0.417,0.46,0.264,0.264,102.86,102.86,85.71,83.0,0.068,2024-25,Playoffs
0042400315,1610612750,Minnesota,Timberwolves,MIN,timberwolves,201144,Mike,Conley,M. Conley,mike-conley,G,,,21:06,76.6,76.6,126.1,126.1,-49.5,-49.5,0.071,1.0,20.0,0.0,0.0,0.0,20.0,0.0,0.0,0.077,0.077,105.78,105.78,88.15,47.0,-0.027,2024-25,Playoffs
0042400315,1610612750,Minnesota,Timberwolves,MIN,timberwolves,1628978,Donte,DiVincenzo,D. DiVincenzo,donte-divincenzo,,,,22:25,77.6,77.6,122.9,122.9,-45.4,-45.4,0.167,1.0,25.0,0.0,0.273,0.146,25.0,0.75,0.75,0.115,0.115,103.85,103.85,86.54,49.0,0.119,2024-25,Playoffs
0042400315,1610612750,Minnesota,Timberwolves,MIN,timberwolves,1629638,Nickeil,Alexander-Walker,N. Alexander-Walker,nickeil-alexander-walker,,,,20:20,83.7,83.7,111.6,111.6,-27.9,-27.9,0.231,1.5,23.1,0.0,0.091,0.051,15.4,0.0,0.0,0.217,0.217,101.51,101.51,84.59,43.0,-0.101,2024-25,Playoffs
0042400315,1610612750,Minnesota,Timberwolves,MIN,timberwolves,1629675,Naz,Reid,N. Reid,naz-reid,,,,24:05,82.0,82.0,124.0,124.0,-42.0,-42.0,0.0,0.0,0.0,0.091,0.136,0.114,45.5,0.917,0.917,0.204,0.204,99.68,99.68,83.07,50.0,0.091,2024-25,Playoffs
0042400315,1610612750,Minnesota,Timberwolves,MIN,timberwolves,1630545,Terrence,Shannon Jr.,T. Shannon Jr.,terrence-shannon-jr,,,,15:45,105.3,105.3,128.2,128.2,-22.9,-22.9,0.0,0.0,0.0,0.0,0.1,0.037,9.1,0.438,0.564,0.262,0.262,117.33,117.33,97.78,38.0,0.046,2024-25,Playoffs
0042400315,1610612750,Minnesota,Timberwolves,MIN,timberwolves,1642265,Rob,Dillingham,R. Dillingham,rob-dillingham,,,,6:34,129.4,129.4,105.9,105.9,23.5,23.5,0.4,0.0,28.6,0.0,0.333,0.1,0.0,0.7,0.7,0.263,0.263,124.26,124.26,103.55,17.0,0.179,2024-25,Playoffs
0042400315,1610612750,Minnesota,Timberwolves,MIN,timberwolves,1641740,Jaylen,Clark,J. Clark,jaylen-clark,,,,6:34,129.4,129.4,105.9,105.9,23.5,23.5,0.0,0.0,0.0,0.0,0.333,0.1,0.0,1.0,1.0,0.053,0.053,124.26,124.26,103.55,17.0,0.103,2024-25,Playoffs
0042400315,1610612750,Minnesota,Timberwolves,MIN,timberwolves,1631169,Josh,Minott,J. Minott,josh-minott,,,,6:34,129.4,129.4,105.9,105.9,23.5,23.5,0.143,1.0,25.0,0.0,0.0,0.0,25.0,0.75,0.75,0.158,0.158,124.26,124.26,103.55,17.0,0.051,2024-25,Playoffs
0042400315,1610612750,Minnesota,Timberwolves,MIN,timberwolves,1630568,Luka,Garza,L. Garza,luka-garza,,,,6:34,129.4,129.4,105.9,105.9,23.5,23.5,0.0,0.0,0.0,0.286,0.0,0.2,0.0,1.0,1.0,0.105,0.105,124.26,124.26,103.55,17.0,0.128,2024-25,Playoffs
0042400315,1610612750,Minnesota,Timberwolves,MIN,timberwolves,204060,Joe,Ingles,J. Ingles,joe-ingles,,DNP - Coach's Decision,,,0.0,0.0,0.0,0.0,0.0,0.0,0.0,0.0,0.0,0.0,0.0,0.0,0.0,0.0,0.0,0.0,0.0,0.0,0.0,0.0,0.0,0.0,2024-25,Playoffs
0042400315,1610612750,Minnesota,Timberwolves,MIN,timberwolves,1631159,Leonard,Miller,L. Miller,leonard-miller,,DNP - Coach's Decision,,,0.0,0.0,0.0,0.0,0.0,0.0,0.0,0.0,0.0,0.0,0.0,0.0,0.0,0.0,0.0,0.0,0.0,0.0,0.0,0.0,0.0,0.0,2024-25,Playoffs
0042400315,1610612760,Oklahoma City,Thunder,OKC,thunder,1631114,Jalen,Williams,J. Williams,jalen-williams,F,,,32:28,115.5,115.5,80.3,80.3,35.2,35.2,0.208,1.25,20.0,0.0,0.235,0.125,16.0,0.536,0.586,0.256,0.256,104.96,104.96,87.47,71.0,0.158,2024-25,Playoffs
0042400315,1610612760,Oklahoma City,Thunder,OKC,thunder,1631096,Chet,Holmgren,C. Holmgren,chet-holmgren,F,,,30:17,118.5,118.5,86.2,86.2,32.3,32.3,0.0,0.0,0.0,0.04,0.182,0.121,0.0,0.692,0.703,0.225,0.225,103.02,103.02,85.85,65.0,0.169,2024-25,Playoffs
0042400315,1610612760,Oklahoma City,Thunder,OKC,thunder,1628392,Isaiah,Hartenstein,I. Hartenstein,isaiah-hartenstein,C,,,17:01,108.8,108.8,76.5,76.5,32.4,32.4,0.0,0.0,0.0,0.056,0.174,0.122,16.7,0.8,0.8,0.154,0.154,95.89,95.89,79.91,34.0,0.236,2024-25,Playoffs
0042400315,1610612760,Oklahoma City,Thunder,OKC,thunder,1629652,Luguentz,Dort,L. Dort,luguentz-dort,G,,,38:02,110.8,110.8,81.9,81.9,28.9,28.9,0.032,0.5,7.1,0.026,0.07,0.049,14.3,0.545,0.545,0.141,0.141,104.73,104.73,87.28,83.0,0.062,2024-25,Playoffs
0042400315,1610612760,Oklahoma City,Thunder,OKC,thunder,1628983,Shai,Gilgeous-Alexander,S. Gilgeous-Alexander,shai-gilgeous-alexander,G,,,33:36,115.7,115.7,80.6,80.6,35.2,35.2,0.471,4.0,22.2,0.028,0.167,0.097,5.6,0.6,0.635,0.35,0.35,101.43,101.43,84.52,70.0,0.316,2024-25,Playoffs
0042400315,1610612760,Oklahoma City,Thunder,OKC,thunder,1627936,Alex,Caruso,A. Caruso,alex-caruso,,,,24:13,110.2,110.2,77.4,77.4,32.8,32.8,0.167,0.0,27.3,0.038,0.091,0.063,0.0,0.2,0.524,0.148,0.148,101.09,101.09,84.25,49.0,0.122,2024-25,Playoffs
0042400315,1610612760,Oklahoma City,Thunder,OKC,thunder,1641717,Cason,Wallace,C. Wallace,cason-wallace,,,,24:09,132.1,132.1,83.3,83.3,48.7,48.7,0.136,3.0,30.0,0.045,0.037,0.041,10.0,0.417,0.417,0.121,0.121,106.36,106.36,88.64,53.0,0.042,2024-25,Playoffs
0042400315,1610612760,Oklahoma City,Thunder,OKC,thunder,1630598,Aaron,Wiggins,A. Wiggins,aaron-wiggins,,,,8:22,147.6,147.6,75.0,75.0,72.6,72.6,0.1,0.0,50.0,0.0,0.25,0.167,0.0,0.0,0.0,0.048,0.048,117.61,117.61,98.01,21.0,0.022,2024-25,Playoffs
0042400315,1610612760,Oklahoma City,Thunder,OKC,thunder,1629026,Kenrich,Williams,K. Williams,kenrich-williams,,,,7:07,100.0,100.0,40.0,40.0,60.0,60.0,0.0,0.0,0.0,0.1,0.375,0.222,0.0,0.0,0.0,0.0,0.0,134.8,134.8,112.33,20.0,0.231,2024-25,Playoffs
0042400315,1610612760,Oklahoma City,Thunder,OKC,thunder,1630198,Isaiah,Joe,I. Joe,isaiah-joe,,,,5:32,120.0,120.0,133.3,133.3,-13.3,-13.3,0.0,0.0,0.0,0.0,0.167,0.125,0.0,1.375,1.375,0.267,0.267,129.96,129.96,108.3,15.0,0.324,2024-25,Playoffs
0042400315,1610612760,Oklahoma City,Thunder,OKC,thunder,1642349,Ajay,Mitchell,A. Mitchell,ajay-mitchell,,,,5:14,114.3,114.3,142.9,142.9,-28.6,-28.6,0.0,0.0,0.0,0.0,0.167,0.125,50.0,1.0,1.0,0.143,0.143,128.41,128.41,107.01,14.0,0.057,2024-25,Playoffs
0042400315,1610612760,Oklahoma City,Thunder,OKC,thunder,1631119,Jaylin,Williams,J. Williams,jaylin-williams,,,,5:14,114.3,114.3,142.9,142.9,-28.6,-28.6,0.333,1.0,40.0,0.0,0.167,0.125,40.0,0.0,0.0,0.214,0.214,128.41,128.41,107.01,14.0,-0.057,2024-25,Playoffs
0042400315,1610612760,Oklahoma City,Thunder,OKC,thunder,1641794,Dillon,Jones,D. Jones,dillon-jones,,,,4:22,108.3,108.3,163.6,163.6,-55.3,-55.3,0.2,1.0,50.0,0.0,0.25,0.167,50.0,0.0,0.0,0.083,0.083,126.41,126.41,105.34,12.0,0.033,2024-25,Playoffs
0042400315,1610612760,Oklahoma City,Thunder,OKC,thunder,1631172,Ousmane,Dieng,O. Dieng,ousmane-dieng,,,,4:22,108.3,108.3,163.6,163.6,-55.3,-55.3,0.5,0.0,50.0,0.0,0.0,0.0,0.0,0.75,0.75,0.167,0.167,126.41,126.41,105.34,12.0,0.133,2024-25,Playoffs
0042400401,1610612754,Indiana,Pacers,IND,pacers,1630174,Aaron,Nesmith,A. Nesmith,aaron-nesmith,F,,,31:10,105.9,105.9,88.1,88.1,17.8,17.8,0.045,0.2,6.3,0.0,0.279,0.162,31.3,0.5,0.506,0.188,0.188,103.94,103.94,86.62,68.0,0.085,2024-25,Playoffs
0042400401,1610612754,Indiana,Pacers,IND,pacers,1627783,Pascal,Siakam,P. Siakam,pascal-siakam,F,,,34:59,100.0,100.0,114.3,114.3,-14.3,-14.3,0.143,3.0,13.6,0.108,0.158,0.133,4.5,0.5,0.539,0.207,0.207,106.34,106.34,88.61,78.0,0.131,2024-25,Playoffs
0042400401,1610612754,Indiana,Pacers,IND,pacers,1626167,Myles,Turner,M. Turner,myles-turner,C,,,27:37,106.8,106.8,93.2,93.2,13.6,13.6,0.0,0.0,0.0,0.179,0.1,0.132,33.3,0.6,0.638,0.265,0.265,102.57,102.57,85.48,59.0,0.088,2024-25,Playoffs
0042400401,1610612754,Indiana,Pacers,IND,pacers,1629614,Andrew,Nembhard,A. Nembhard,andrew-nembhard,G,,,32:24,114.5,114.5,100.0,100.0,14.5,14.5,0.24,3.0,28.6,0.033,0.07,0.055,9.5,0.455,0.53,0.192,0.192,101.5,101.5,84.58,69.0,0.089,2024-25,Playoffs
0042400401,1610612754,Indiana,Pacers,IND,pacers,1630169,Tyrese,Haliburton,T. Haliburton,tyrese-haliburton,G,,,38:55,106.1,106.1,92.6,92.6,13.5,13.5,0.24,2.0,27.3,0.0,0.182,0.11,13.6,0.538,0.538,0.17,0.17,100.52,100.52,83.77,82.0,0.138,2024-25,Playoffs
0042400401,1610612754,Indiana,Pacers,IND,pacers,1630167,Obi,Toppin,O. Toppin,obi-toppin,,,,25:18,118.5,118.5,94.4,94.4,24.1,24.1,0.133,0.67,14.3,0.0,0.132,0.089,21.4,0.944,0.944,0.2,0.2,102.46,102.46,85.39,54.0,0.171,2024-25,Playoffs
0042400401,1610612754,Indiana,Pacers,IND,pacers,1641767,Ben,Sheppard,B. Sheppard,ben-sheppard,,,,9:05,89.5,89.5,145.0,145.0,-55.5,-55.5,0.0,0.0,0.0,0.0,0.2,0.105,0.0,0.75,0.75,0.087,0.087,103.05,103.05,85.87,19.0,0.033,2024-25,Playoffs
0042400401,1610612754,Indiana,Pacers,IND,pacers,204456,T.J.,McConnell,T. McConnell,tj-mcconnell,,,,16:33,102.6,102.6,136.8,136.8,-34.2,-34.2,0.444,1.33,30.8,0.0,0.063,0.03,23.1,0.75,0.75,0.205,0.205,110.24,110.24,91.87,38.0,0.117,2024-25,Playoffs
0042400401,1610612754,Indiana,Pacers,IND,pacers,1631097,Bennedict,Mathurin,B. Mathurin,bennedict-mathurin,,,,15:53,114.7,114.7,130.6,130.6,-15.8,-15.8,0.154,2.0,20.0,0.2,0.0,0.097,10.0,0.2,0.37,0.205,0.205,105.77,105.77,88.14,34.0,0.015,2024-25,Playoffs
0042400401,1610612754,Indiana,Pacers,IND,pacers,1628418,Thomas,Bryant,T. Bryant,thomas-bryant,,,,8:07,100.0,100.0,152.9,152.9,-52.9,-52.9,0.0,0.0,0.0,0.0,0.0,0.0,0.0,1.25,1.25,0.1,0.1,100.55,100.55,83.8,17.0,0.062,2024-25,Playoffs
0042400401,1610612754,Indiana,Pacers,IND,pacers,1628396,Tony,Bradley,T. Bradley,tony-bradley,,DNP - Coach's Decision,,,0.0,0.0,0.0,0.0,0.0,0.0,0.0,0.0,0.0,0.0,0.0,0.0,0.0,0.0,0.0,0.0,0.0,0.0,0.0,0.0,0.0,0.0,2024-25,Playoffs
0042400401,1610612754,Indiana,Pacers,IND,pacers,1642277,Johnny,Furphy,J. Furphy,johnny-furphy,,DNP - Coach's Decision,,,0.0,0.0,0.0,0.0,0.0,0.0,0.0,0.0,0.0,0.0,0.0,0.0,0.0,0.0,0.0,0.0,0.0,0.0,0.0,0.0,0.0,0.0,2024-25,Playoffs
0042400401,1610612754,Indiana,Pacers,IND,pacers,1630543,Isaiah,Jackson,I. Jackson,isaiah-jackson,,DND - Injury/Illness,,,0.0,0.0,0.0,0.0,0.0,0.0,0.0,0.0,0.0,0.0,0.0,0.0,0.0,0.0,0.0,0.0,0.0,0.0,0.0,0.0,0.0,0.0,2024-25,Playoffs
0042400401,1610612754,Indiana,Pacers,IND,pacers,201949,James,Johnson,J. Johnson,james-johnson,,DNP - Coach's Decision,,,0.0,0.0,0.0,0.0,0.0,0.0,0.0,0.0,0.0,0.0,0.0,0.0,0.0,0.0,0.0,0.0,0.0,0.0,0.0,0.0,0.0,0.0,2024-25,Playoffs
0042400401,1610612754,Indiana,Pacers,IND,pacers,1641716,Jarace,Walker,J. Walker,jarace-walker,,DND - Injury/Illness,,,0.0,0.0,0.0,0.0,0.0,0.0,0.0,0.0,0.0,0.0,0.0,0.0,0.0,0.0,0.0,0.0,0.0,0.0,0.0,0.0,0.0,0.0,2024-25,Playoffs
0042400401,1610612760,Oklahoma City,Thunder,OKC,thunder,1629652,Luguentz,Dort,L. Dort,luguentz-dort,F,,,36:21,96.1,96.1,98.7,98.7,-2.6,-2.6,0.043,0.0,9.1,0.041,0.059,0.048,0.0,0.75,0.75,0.115,0.115,101.03,101.03,84.19,76.0,0.128,2024-25,Playoffs
0042400401,1610612760,Oklahoma City,Thunder,OKC,thunder,1631114,Jalen,Williams,J. Williams,jalen-williams,F,,,36:27,105.1,105.1,111.5,111.5,-6.5,-6.5,0.261,0.0,22.2,0.022,0.083,0.049,0.0,0.342,0.409,0.231,0.231,103.37,103.37,86.15,79.0,0.075,2024-25,Playoffs
0042400401,1610612760,Oklahoma City,Thunder,OKC,thunder,1631096,Chet,Holmgren,C. Holmgren,chet-holmgren,C,,,23:32,96.2,96.2,90.2,90.2,6.0,6.0,0.0,0.0,0.0,0.0,0.25,0.105,9.1,0.222,0.304,0.183,0.183,105.07,105.07,87.56,52.0,0.045,2024-25,Playoffs
0042400401,1610612760,Oklahoma City,Thunder,OKC,thunder,1641717,Cason,Wallace,C. Wallace,cason-wallace,G,,,33:16,97.2,97.2,115.3,115.3,-18.1,-18.1,0.042,0.0,10.0,0.0,0.065,0.026,0.0,0.333,0.333,0.107,0.107,103.87,103.87,86.56,72.0,0.02,2024-25,Playoffs
0042400401,1610612760,Oklahoma City,Thunder,OKC,thunder,1628983,Shai,Gilgeous-Alexander,S. Gilgeous-Alexander,shai-gilgeous-alexander,G,,,39:34,104.7,104.7,103.6,103.6,1.1,1.1,0.158,1.5,7.7,0.0,0.139,0.058,5.1,0.517,0.567,0.371,0.371,101.9,101.9,84.92,85.0,0.189,2024-25,Playoffs
0042400401,1610612760,Oklahoma City,Thunder,OKC,thunder,1627936,Alex,Caruso,A. Caruso,alex-caruso,,,,28:28,110.9,110.9,111.3,111.3,-0.4,-0.4,0.1,2.0,15.4,0.061,0.148,0.1,7.7,0.438,0.539,0.151,0.151,106.23,106.23,88.52,64.0,0.088,2024-25,Playoffs
0042400401,1610612760,Oklahoma City,Thunder,OKC,thunder,1628392,Isaiah,Hartenstein,I. Hartenstein,isaiah-hartenstein,,,,17:01,121.1,121.1,118.9,118.9,2.1,2.1,0.0,0.0,0.0,0.111,0.438,0.265,0.0,0.6,0.712,0.136,0.136,105.81,105.81,88.17,38.0,0.204,2024-25,Playoffs
0042400401,1610612760,Oklahoma City,Thunder,OKC,thunder,1630198,Isaiah,Joe,I. Joe,isaiah-joe,,,,11:08,112.5,112.5,96.0,96.0,16.5,16.5,0.0,0.0,0.0,0.0,0.0,0.0,0.0,0.833,0.833,0.111,0.111,105.68,105.68,88.06,24.0,0.104,2024-25,Playoffs
0042400401,1610612760,Oklahoma City,Thunder,OKC,thunder,1630598,Aaron,Wiggins,A. Wiggins,aaron-wiggins,,,,9:25,136.4,136.4,120.0,120.0,16.4,16.4,0.0,0.0,0.0,0.0,0.0,0.0,40.0,0.5,0.521,0.2,0.2,107.06,107.06,89.22,22.0,0.0,2024-25,Playoffs
0042400401,1610612760,Oklahoma City,Thunder,OKC,thunder,1629026,Kenrich,Williams,K. Williams,kenrich-williams,,,,0:39,50.0,50.0,150.0,150.0,-100.0,-100.0,0.0,0.0,0.0,0.0,0.0,0.0,0.0,0.0,0.0,0.0,0.0,147.31,147.31,122.76,2.0,0.0,2024-25,Playoffs
0042400401,1610612760,Oklahoma City,Thunder,OKC,thunder,1642349,Ajay,Mitchell,A. Mitchell,ajay-mitchell,,,,4:10,100.0,100.0,130.0,130.0,-30.0,-30.0,0.0,0.0,0.0,0.429,0.0,0.25,0.0,0.0,0.0,0.231,0.231,115.2,115.2,96.0,10.0,-0.083,2024-25,Playoffs
0042400401,1610612760,Oklahoma City,Thunder,OKC,thunder,1631172,Ousmane,Dieng,O. Dieng,ousmane-dieng,,DNP - Coach's Decision,,,0.0,0.0,0.0,0.0,0.0,0.0,0.0,0.0,0.0,0.0,0.0,0.0,0.0,0.0,0.0,0.0,0.0,0.0,0.0,0.0,0.0,0.0,2024-25,Playoffs
0042400401,1610612760,Oklahoma City,Thunder,OKC,thunder,1641794,Dillon,Jones,D. Jones,dillon-jones,,DNP - Coach's Decision,,,0.0,0.0,0.0,0.0,0.0,0.0,0.0,0.0,0.0,0.0,0.0,0.0,0.0,0.0,0.0,0.0,0.0,0.0,0.0,0.0,0.0,0.0,2024-25,Playoffs
0042400401,1610612760,Oklahoma City,Thunder,OKC,thunder,1631119,Jaylin,Williams,J. Williams,jaylin-williams,,DNP - Coach's Decision,,,0.0,0.0,0.0,0.0,0.0,0.0,0.0,0.0,0.0,0.0,0.0,0.0,0.0,0.0,0.0,0.0,0.0,0.0,0.0,0.0,0.0,0.0,2024-25,Playoffs
0042400402,1610612754,Indiana,Pacers,IND,pacers,1630174,Aaron,Nesmith,A. Nesmith,aaron-nesmith,F,,,25:41,103.6,103.6,125.0,125.0,-21.4,-21.4,0.0,0.0,0.0,0.0,0.182,0.078,0.0,0.583,0.583,0.188,0.188,99.98,99.98,83.32,55.0,0.075,2024-25,Playoffs
0042400402,1610612754,Indiana,Pacers,IND,pacers,1627783,Pascal,Siakam,P. Siakam,pascal-siakam,F,,,29:34,100.0,100.0,126.7,126.7,-26.7,-26.7,0.222,2.0,19.0,0.129,0.1,0.115,9.5,0.318,0.501,0.246,0.246,98.22,98.22,81.85,61.0,0.084,2024-25,Playoffs
0042400402,1610612754,Indiana,Pacers,IND,pacers,1626167,Myles,Turner,M. Turner,myles-turner,C,,,27:16,114.3,114.3,125.9,125.9,-11.6,-11.6,0.25,1.33,19.0,0.0,0.148,0.082,14.3,0.542,0.581,0.279,0.279,96.83,96.83,80.69,56.0,0.101,2024-25,Playoffs
0042400402,1610612754,Indiana,Pacers,IND,pacers,1629614,Andrew,Nembhard,A. Nembhard,andrew-nembhard,G,,,32:23,98.5,98.5,124.6,124.6,-26.2,-26.2,0.222,4.0,26.7,0.029,0.091,0.06,6.7,0.563,0.564,0.149,0.149,96.35,96.35,80.29,65.0,0.109,2024-25,Playoffs
0042400402,1610612754,Indiana,Pacers,IND,pacers,1630169,Tyrese,Haliburton,T. Haliburton,tyrese-haliburton,G,,,34:16,113.2,113.2,122.4,122.4,-9.2,-9.2,0.316,1.2,25.0,0.0,0.094,0.047,20.8,0.654,0.654,0.222,0.222,94.56,94.56,78.8,68.0,0.123,2024-25,Playoffs
0042400402,1610612754,Indiana,Pacers,IND,pacers,1631097,Bennedict,Mathurin,B. Mathurin,bennedict-mathurin,,,,21:54,106.4,106.4,131.1,131.1,-24.7,-24.7,0.071,0.5,7.7,0.0,0.111,0.05,15.4,0.643,0.694,0.226,0.226,100.83,100.83,84.02,47.0,0.059,2024-25,Playoffs
0042400402,1610612754,Indiana,Pacers,IND,pacers,1630167,Obi,Toppin,O. Toppin,obi-toppin,,,,19:04,95.0,95.0,120.5,120.5,-25.5,-25.5,0.182,2.0,18.2,0.04,0.25,0.122,9.1,0.188,0.188,0.176,0.176,99.44,99.44,82.87,40.0,0.02,2024-25,Playoffs
0042400402,1610612754,Indiana,Pacers,IND,pacers,1628418,Thomas,Bryant,T. Bryant,thomas-bryant,,,,11:34,116.0,116.0,120.0,120.0,-4.0,-4.0,0.0,0.0,0.0,0.0,0.077,0.038,0.0,0.0,0.266,0.069,0.069,103.73,103.73,86.44,25.0,-0.03,2024-25,Playoffs
0042400402,1610612754,Indiana,Pacers,IND,pacers,204456,T.J.,McConnell,T. McConnell,tj-mcconnell,,,,18:04,107.5,107.5,122.5,122.5,-15.0,-15.0,0.545,0.0,46.2,0.0,0.167,0.083,0.0,0.786,0.786,0.171,0.171,106.26,106.26,88.55,40.0,0.201,2024-25,Playoffs
0042400402,1610612754,Indiana,Pacers,IND,pacers,1641767,Ben,Sheppard,B. Sheppard,ben-sheppard,,,,13:32,118.5,118.5,137.9,137.9,-19.4,-19.4,0.0,0.0,0.0,0.1,0.0,0.043,33.3,0.75,0.75,0.097,0.097,99.3,99.3,82.75,27.0,0.017,2024-25,Playoffs
0042400402,1610612754,Indiana,Pacers,IND,pacers,1642277,Johnny,Furphy,J. Furphy,johnny-furphy,,,,4:00,162.5,162.5,133.3,133.3,29.2,29.2,0.0,0.0,0.0,0.0,0.5,0.25,0.0,0.0,0.0,0.0,0.0,102.0,102.0,85.0,8.0,0.0,2024-25,Playoffs
0042400402,1610612754,Indiana,Pacers,IND,pacers,201949,James,Johnson,J. Johnson,james-johnson,,,,2:42,140.0,140.0,100.0,100.0,40.0,40.0,0.0,0.0,0.0,0.0,0.0,0.0,0.0,1.0,1.0,0.2,0.2,97.78,97.78,81.48,5.0,0.0,2024-25,Playoffs
0042400402,1610612754,Indiana,Pacers,IND,pacers,1628396,Tony,Bradley,T. Bradley,tony-bradley,,DNP - Coach's Decision,,,0.0,0.0,0.0,0.0,0.0,0.0,0.0,0.0,0.0,0.0,0.0,0.0,0.0,0.0,0.0,0.0,0.0,0.0,0.0,0.0,0.0,0.0,2024-25,Playoffs
0042400402,1610612754,Indiana,Pacers,IND,pacers,1630543,Isaiah,Jackson,I. Jackson,isaiah-jackson,,DND - Injury/Illness,,,0.0,0.0,0.0,0.0,0.0,0.0,0.0,0.0,0.0,0.0,0.0,0.0,0.0,0.0,0.0,0.0,0.0,0.0,0.0,0.0,0.0,0.0,2024-25,Playoffs
0042400402,1610612754,Indiana,Pacers,IND,pacers,1641716,Jarace,Walker,J. Walker,jarace-walker,,DND - Injury/Illness,,,0.0,0.0,0.0,0.0,0.0,0.0,0.0,0.0,0.0,0.0,0.0,0.0,0.0,0.0,0.0,0.0,0.0,0.0,0.0,0.0,0.0,0.0,2024-25,Playoffs
0042400402,1610612760,Oklahoma City,Thunder,OKC,thunder,1629652,Luguentz,Dort,L. Dort,luguentz-dort,F,,,26:26,123.1,123.1,126.4,126.4,-3.3,-3.3,0.048,0.0,25.0,0.0,0.087,0.048,0.0,0.5,0.5,0.055,0.055,95.34,95.34,79.45,52.0,0.0,2024-25,Playoffs
0042400402,1610612760,Oklahoma City,Thunder,OKC,thunder,1631114,Jalen,Williams,J. Williams,jalen-williams,F,,,33:51,125.0,125.0,114.3,114.3,10.7,10.7,0.217,2.5,20.0,0.065,0.091,0.078,8.0,0.393,0.529,0.256,0.256,97.84,97.84,81.54,68.0,0.094,2024-25,Playoffs
0042400402,1610612760,Oklahoma City,Thunder,OKC,thunder,1631096,Chet,Holmgren,C. Holmgren,chet-holmgren,C,,,27:45,126.8,126.8,111.7,111.7,15.1,15.1,0.056,0.5,6.7,0.042,0.156,0.107,13.3,0.591,0.631,0.233,0.233,100.33,100.33,83.61,56.0,0.1,2024-25,Playoffs
0042400402,1610612760,Oklahoma City,Thunder,OKC,thunder,1641717,Cason,Wallace,C. Wallace,cason-wallace,G,,,22:43,120.0,120.0,95.5,95.5,24.5,24.5,0.059,0.0,20.0,0.04,0.074,0.058,0.0,0.5,0.5,0.071,0.071,94.03,94.03,78.36,45.0,0.064,2024-25,Playoffs
0042400402,1610612760,Oklahoma City,Thunder,OKC,thunder,1628983,Shai,Gilgeous-Alexander,S. Gilgeous-Alexander,shai-gilgeous-alexander,G,,,36:25,126.0,126.0,116.0,116.0,10.0,10.0,0.421,4.0,22.2,0.0,0.139,0.075,5.6,0.548,0.647,0.354,0.354,97.53,97.53,81.28,73.0,0.223,2024-25,Playoffs
0042400402,1610612760,Oklahoma City,Thunder,OKC,thunder,1628392,Isaiah,Hartenstein,I. Hartenstein,isaiah-hartenstein,,,,22:01,123.9,123.9,87.0,87.0,37.0,37.0,0.222,4.0,50.0,0.107,0.238,0.163,12.5,0.5,0.521,0.068,0.068,100.27,100.27,83.56,46.0,0.143,2024-25,Playoffs
0042400402,1610612760,Oklahoma City,Thunder,OKC,thunder,1627936,Alex,Caruso,A. Caruso,alex-caruso,,,,27:05,125.0,125.0,110.3,110.3,14.7,14.7,0.059,0.5,6.3,0.033,0.08,0.055,12.5,0.727,0.784,0.224,0.224,101.03,101.03,84.19,56.0,0.115,2024-25,Playoffs
0042400402,1610612760,Oklahoma City,Thunder,OKC,thunder,1630198,Isaiah,Joe,I. Joe,isaiah-joe,,,,6:27,93.8,93.8,86.7,86.7,7.1,7.1,0.0,0.0,0.0,0.0,0.111,0.063,25.0,0.333,0.333,0.235,0.235,115.32,115.32,96.1,16.0,0.0,2024-25,Playoffs
0042400402,1610612760,Oklahoma City,Thunder,OKC,thunder,1630598,Aaron,Wiggins,A. Wiggins,aaron-wiggins,,,,20:32,137.8,137.8,88.4,88.4,49.4,49.4,0.077,1.0,7.1,0.045,0.158,0.098,7.1,0.773,0.758,0.224,0.224,102.85,102.85,85.71,45.0,0.188,2024-25,Playoffs
0042400402,1610612760,Oklahoma City,Thunder,OKC,thunder,1629026,Kenrich,Williams,K. Williams,kenrich-williams,,,,7:38,150.0,150.0,56.3,56.3,93.8,93.8,0.286,2.0,50.0,0.333,0.222,0.267,25.0,0.0,0.0,0.105,0.105,100.63,100.63,83.86,16.0,0.14,2024-25,Playoffs
0042400402,1610612760,Oklahoma City,Thunder,OKC,thunder,1642349,Ajay,Mitchell,A. Mitchell,ajay-mitchell,,,,2:42,100.0,100.0,140.0,140.0,-40.0,-40.0,1.0,0.0,50.0,0.0,0.5,0.333,0.0,0.0,1.136,0.167,0.167,97.78,97.78,81.48,6.0,0.333,2024-25,Playoffs
0042400402,1610612760,Oklahoma City,Thunder,OKC,thunder,1631119,Jaylin,Williams,J. Williams,jaylin-williams,,,,2:25,83.3,83.3,140.0,140.0,-56.7,-56.7,0.0,0.0,0.0,0.0,0.5,0.333,50.0,1.5,1.5,0.333,0.333,109.24,109.24,91.03,6.0,0.231,2024-25,Playoffs
0042400402,1610612760,Oklahoma City,Thunder,OKC,thunder,1631172,Ousmane,Dieng,O. Dieng,ousmane-dieng,,,,2:00,125.0,125.0,175.0,175.0,-50.0,-50.0,0.0,0.0,0.0,0.0,0.0,0.0,0.0,0.0,0.0,0.0,0.0,96.0,96.0,80.0,4.0,0.0,2024-25,Playoffs
0042400402,1610612760,Oklahoma City,Thunder,OKC,thunder,1641794,Dillon,Jones,D. Jones,dillon-jones,,,,2:00,125.0,125.0,175.0,175.0,-50.0,-50.0,0.0,0.0,0.0,0.0,0.0,0.0,0.0,0.0,0.0,0.0,0.0,96.0,96.0,80.0,4.0,0.0,2024-25,Playoffs
0042400403,1610612760,Oklahoma City,Thunder,OKC,thunder,1629652,Luguentz,Dort,L. Dort,luguentz-dort,F,,,35:46,109.5,109.5,108.1,108.1,1.4,1.4,0.0,0.0,0.0,0.03,0.091,0.061,0.0,0.75,0.75,0.095,0.095,99.32,99.32,82.77,74.0,0.062,2024-25,Playoffs
0042400403,1610612760,Oklahoma City,Thunder,OKC,thunder,1631114,Jalen,Williams,J. Williams,jalen-williams,F,,,36:27,107.7,107.7,117.7,117.7,-10.0,-10.0,0.143,0.75,10.0,0.061,0.129,0.094,13.3,0.528,0.569,0.307,0.307,103.37,103.37,86.14,78.0,0.098,2024-25,Playoffs
0042400403,1610612760,Oklahoma City,Thunder,OKC,thunder,1631096,Chet,Holmgren,C. Holmgren,chet-holmgren,C,,,34:42,103.9,103.9,108.3,108.3,-4.4,-4.4,0.1,2.0,9.1,0.031,0.25,0.147,4.5,0.4,0.527,0.23,0.23,102.38,102.38,85.32,76.0,0.164,2024-25,Playoffs
0042400403,1610612760,Oklahoma City,Thunder,OKC,thunder,1641717,Cason,Wallace,C. Wallace,cason-wallace,G,,,24:20,105.7,105.7,117.9,117.9,-12.2,-12.2,0.059,0.5,11.1,0.045,0.136,0.091,22.2,0.6,0.595,0.133,0.133,107.51,107.51,89.6,53.0,0.057,2024-25,Playoffs
0042400403,1610612760,Oklahoma City,Thunder,OKC,thunder,1628983,Shai,Gilgeous-Alexander,S. Gilgeous-Alexander,shai-gilgeous-alexander,G,,,42:02,105.7,105.7,111.6,111.6,-5.9,-5.9,0.174,0.67,12.1,0.05,0.158,0.103,18.2,0.475,0.53,0.287,0.287,99.36,99.36,82.8,88.0,0.105,2024-25,Playoffs
0042400403,1610612760,Oklahoma City,Thunder,OKC,thunder,1627936,Alex,Caruso,A. Caruso,alex-caruso,,,,32:14,91.4,91.4,114.5,114.5,-23.1,-23.1,0.211,4.0,36.4,0.03,0.138,0.081,9.1,0.6,0.68,0.088,0.088,103.48,103.48,86.24,70.0,0.097,2024-25,Playoffs
0042400403,1610612760,Oklahoma City,Thunder,OKC,thunder,1628392,Isaiah,Hartenstein,I. Hartenstein,isaiah-hartenstein,,,,18:13,100.0,100.0,110.5,110.5,-10.5,-10.5,0.0,0.0,0.0,0.0,0.188,0.094,40.0,0.667,0.667,0.122,0.122,100.11,100.11,83.42,38.0,0.043,2024-25,Playoffs
0042400403,1610612760,Oklahoma City,Thunder,OKC,thunder,1630598,Aaron,Wiggins,A. Wiggins,aaron-wiggins,,,,9:39,104.8,104.8,117.4,117.4,-12.6,-12.6,0.222,2.0,40.0,0.111,0.111,0.111,20.0,0.0,0.0,0.125,0.125,109.39,109.39,91.16,21.0,-0.051,2024-25,Playoffs
0042400403,1610612760,Oklahoma City,Thunder,OKC,thunder,1630198,Isaiah,Joe,I. Joe,isaiah-joe,,,,4:13,110.0,110.0,137.5,137.5,-27.5,-27.5,0.0,0.0,0.0,0.0,0.0,0.0,0.0,1.5,1.5,0.167,0.167,102.45,102.45,85.38,10.0,0.276,2024-25,Playoffs
0042400403,1610612760,Oklahoma City,Thunder,OKC,thunder,1631119,Jaylin,Williams,J. Williams,jaylin-williams,,,,0:20,50.0,50.0,0.0,0.0,50.0,50.0,0.0,0.0,0.0,0.0,0.0,0.0,0.0,0.0,0.0,0.0,0.0,212.81,212.81,177.34,2.0,0.0,2024-25,Playoffs
0042400403,1610612760,Oklahoma City,Thunder,OKC,thunder,1629026,Kenrich,Williams,K. Williams,kenrich-williams,,,,2:04,120.0,120.0,200.0,200.0,-80.0,-80.0,0.0,0.0,0.0,0.0,0.0,0.0,0.0,0.0,0.0,0.2,0.2,104.68,104.68,87.24,5.0,-0.074,2024-25,Playoffs
0042400403,1610612760,Oklahoma City,Thunder,OKC,thunder,1631172,Ousmane,Dieng,O. Dieng,ousmane-dieng,,DNP - Coach's Decision,,,0.0,0.0,0.0,0.0,0.0,0.0,0.0,0.0,0.0,0.0,0.0,0.0,0.0,0.0,0.0,0.0,0.0,0.0,0.0,0.0,0.0,0.0,2024-25,Playoffs
0042400403,1610612760,Oklahoma City,Thunder,OKC,thunder,1641794,Dillon,Jones,D. Jones,dillon-jones,,DNP - Coach's Decision,,,0.0,0.0,0.0,0.0,0.0,0.0,0.0,0.0,0.0,0.0,0.0,0.0,0.0,0.0,0.0,0.0,0.0,0.0,0.0,0.0,0.0,0.0,2024-25,Playoffs
0042400403,1610612760,Oklahoma City,Thunder,OKC,thunder,1642349,Ajay,Mitchell,A. Mitchell,ajay-mitchell,,DNP - Coach's Decision,,,0.0,0.0,0.0,0.0,0.0,0.0,0.0,0.0,0.0,0.0,0.0,0.0,0.0,0.0,0.0,0.0,0.0,0.0,0.0,0.0,0.0,0.0,2024-25,Playoffs
0042400403,1610612754,Indiana,Pacers,IND,pacers,1630174,Aaron,Nesmith,A. Nesmith,aaron-nesmith,F,,,22:06,106.4,106.4,106.5,106.5,-0.1,-0.1,0.0,0.0,0.0,0.045,0.048,0.047,0.0,0.7,0.7,0.098,0.098,101.0,101.0,84.16,47.0,0.023,2024-25,Playoffs
0042400403,1610612754,Indiana,Pacers,IND,pacers,1627783,Pascal,Siakam,P. Siakam,pascal-siakam,F,,,31:58,114.7,114.7,101.4,101.4,13.3,13.3,0.182,0.0,19.0,0.0,0.214,0.107,0.0,0.571,0.631,0.233,0.233,102.87,102.87,85.72,68.0,0.19,2024-25,Playoffs
0042400403,1610612754,Indiana,Pacers,IND,pacers,1626167,Myles,Turner,M. Turner,myles-turner,C,,,29:44,106.3,106.3,121.0,121.0,-14.6,-14.6,0.043,0.5,6.7,0.0,0.083,0.036,13.3,0.318,0.379,0.2,0.2,100.9,100.9,84.08,63.0,0.027,2024-25,Playoffs
0042400403,1610612754,Indiana,Pacers,IND,pacers,1629614,Andrew,Nembhard,A. Nembhard,andrew-nembhard,G,,,33:25,110.3,110.3,101.4,101.4,8.9,8.9,0.038,0.33,10.0,0.033,0.091,0.063,30.0,0.7,0.68,0.12,0.12,99.83,99.83,83.19,68.0,0.012,2024-25,Playoffs
0042400403,1610612754,Indiana,Pacers,IND,pacers,1630169,Tyrese,Haliburton,T. Haliburton,tyrese-haliburton,G,,,36:20,113.2,113.2,110.4,110.4,2.8,2.8,0.478,2.75,34.4,0.031,0.229,0.134,12.5,0.647,0.647,0.256,0.256,101.07,101.07,84.23,76.0,0.21,2024-25,Playoffs
0042400403,1610612754,Indiana,Pacers,IND,pacers,1630167,Obi,Toppin,O. Toppin,obi-toppin,,,,27:48,120.0,120.0,87.1,87.1,32.9,32.9,0.043,1.0,10.0,0.042,0.161,0.109,10.0,0.5,0.5,0.136,0.136,105.31,105.31,87.76,60.0,0.074,2024-25,Playoffs
0042400403,1610612754,Indiana,Pacers,IND,pacers,1641767,Ben,Sheppard,B. Sheppard,ben-sheppard,,,,18:05,112.5,112.5,117.5,117.5,-5.0,-5.0,0.0,0.0,0.0,0.056,0.071,0.063,0.0,0.4,0.4,0.119,0.119,106.18,106.18,88.48,40.0,0.043,2024-25,Playoffs
0042400403,1610612754,Indiana,Pacers,IND,pacers,204456,T.J.,McConnell,T. McConnell,tj-mcconnell,,,,15:06,126.5,126.5,93.9,93.9,32.5,32.5,0.385,2.5,29.4,0.071,0.0,0.038,11.8,0.375,0.512,0.324,0.324,106.47,106.47,88.72,34.0,0.203,2024-25,Playoffs
0042400403,1610612754,Indiana,Pacers,IND,pacers,1628418,Thomas,Bryant,T. Bryant,thomas-bryant,,,,3:04,33.3,33.3,85.7,85.7,-52.4,-52.4,0.0,0.0,0.0,0.0,0.0,0.0,0.0,0.0,0.0,0.0,0.0,101.74,101.74,84.78,6.0,-0.571,2024-25,Playoffs
0042400403,1610612754,Indiana,Pacers,IND,pacers,1631097,Bennedict,Mathurin,B. Mathurin,bennedict-mathurin,,,,22:24,134.8,134.8,93.9,93.9,40.9,40.9,0.077,1.0,5.9,0.056,0.136,0.1,5.9,0.833,0.87,0.314,0.314,101.79,101.79,84.82,46.0,0.312,2024-25,Playoffs
0042400403,1610612754,Indiana,Pacers,IND,pacers,1628396,Tony,Bradley,T. Bradley,tony-bradley,,DNP - Coach's Decision,,,0.0,0.0,0.0,0.0,0.0,0.0,0.0,0.0,0.0,0.0,0.0,0.0,0.0,0.0,0.0,0.0,0.0,0.0,0.0,0.0,0.0,0.0,2024-25,Playoffs
0042400403,1610612754,Indiana,Pacers,IND,pacers,1642277,Johnny,Furphy,J. Furphy,johnny-furphy,,DNP - Coach's Decision,,,0.0,0.0,0.0,0.0,0.0,0.0,0.0,0.0,0.0,0.0,0.0,0.0,0.0,0.0,0.0,0.0,0.0,0.0,0.0,0.0,0.0,0.0,2024-25,Playoffs
0042400403,1610612754,Indiana,Pacers,IND,pacers,1630543,Isaiah,Jackson,I. Jackson,isaiah-jackson,,DND - Injury/Illness,,,0.0,0.0,0.0,0.0,0.0,0.0,0.0,0.0,0.0,0.0,0.0,0.0,0.0,0.0,0.0,0.0,0.0,0.0,0.0,0.0,0.0,0.0,2024-25,Playoffs
0042400403,1610612754,Indiana,Pacers,IND,pacers,201949,James,Johnson,J. Johnson,james-johnson,,DNP - Coach's Decision,,,0.0,0.0,0.0,0.0,0.0,0.0,0.0,0.0,0.0,0.0,0.0,0.0,0.0,0.0,0.0,0.0,0.0,0.0,0.0,0.0,0.0,0.0,2024-25,Playoffs
0042400403,1610612754,Indiana,Pacers,IND,pacers,1641716,Jarace,Walker,J. Walker,jarace-walker,,DND - Injury/Illness,,,0.0,0.0,0.0,0.0,0.0,0.0,0.0,0.0,0.0,0.0,0.0,0.0,0.0,0.0,0.0,0.0,0.0,0.0,0.0,0.0,0.0,0.0,2024-25,Playoffs
0042400404,1610612760,Oklahoma City,Thunder,OKC,thunder,1631114,Jalen,Williams,J. Williams,jalen-williams,F,,,35:48,106.5,106.5,106.5,106.5,0.0,0.0,0.176,0.75,10.0,0.033,0.171,0.108,13.3,0.444,0.591,0.318,0.318,103.24,103.24,86.03,77.0,0.163,2024-25,Playoffs
0042400404,1610612760,Oklahoma City,Thunder,OKC,thunder,1631096,Chet,Holmgren,C. Holmgren,chet-holmgren,F,,,37:11,106.3,106.3,91.0,91.0,15.2,15.2,0.042,1.0,7.1,0.118,0.268,0.2,7.1,0.444,0.601,0.144,0.144,101.98,101.98,84.98,80.0,0.17,2024-25,Playoffs
0042400404,1610612760,Oklahoma City,Thunder,OKC,thunder,1628392,Isaiah,Hartenstein,I. Hartenstein,isaiah-hartenstein,C,,,21:14,118.6,118.6,126.1,126.1,-7.5,-7.5,0.188,3.0,42.9,0.158,0.158,0.158,14.3,0.333,0.333,0.078,0.078,100.57,100.57,83.81,43.0,0.05,2024-25,Playoffs
0042400404,1610612760,Oklahoma City,Thunder,OKC,thunder,1629652,Luguentz,Dort,L. Dort,luguentz-dort,G,,,32:35,117.9,117.9,110.1,110.1,7.8,7.8,0.0,0.0,0.0,0.0,0.107,0.056,25.0,1.25,1.042,0.053,0.053,100.17,100.17,83.48,67.0,0.037,2024-25,Playoffs
0042400404,1610612760,Oklahoma City,Thunder,OKC,thunder,1628983,Shai,Gilgeous-Alexander,S. Gilgeous-Alexander,shai-gilgeous-alexander,G,,,40:09,112.3,112.3,111.0,111.0,1.4,1.4,0.0,0.0,0.0,0.0,0.075,0.041,6.7,0.521,0.616,0.326,0.326,97.45,97.45,81.21,81.0,0.173,2024-25,Playoffs
0042400404,1610612760,Oklahoma City,Thunder,OKC,thunder,1627936,Alex,Caruso,A. Caruso,alex-caruso,,,,30:24,114.3,114.3,87.9,87.9,26.4,26.4,0.0,0.0,0.0,0.087,0.032,0.056,15.4,0.833,0.828,0.188,0.188,101.84,101.84,84.86,63.0,0.215,2024-25,Playoffs
0042400404,1610612760,Oklahoma City,Thunder,OKC,thunder,1630598,Aaron,Wiggins,A. Wiggins,aaron-wiggins,,,,8:12,110.0,110.0,81.0,81.0,29.0,29.0,0.143,0.0,20.0,0.0,0.0,0.0,0.0,0.0,0.129,0.174,0.174,120.0,120.0,100.0,20.0,-0.043,2024-25,Playoffs
0042400404,1610612760,Oklahoma City,Thunder,OKC,thunder,1641717,Cason,Wallace,C. Wallace,cason-wallace,,,,18:37,91.9,91.9,94.9,94.9,-3.0,-3.0,0.167,2.0,25.0,0.0,0.087,0.047,12.5,0.2,0.2,0.14,0.14,98.01,98.01,81.68,37.0,-0.057,2024-25,Playoffs
0042400404,1610612760,Oklahoma City,Thunder,OKC,thunder,1630198,Isaiah,Joe,I. Joe,isaiah-joe,,,,4:33,155.6,155.6,100.0,100.0,55.6,55.6,0.0,0.0,0.0,0.0,0.167,0.091,0.0,0.0,0.0,0.083,0.083,110.61,110.61,92.17,9.0,-0.049,2024-25,Playoffs
0042400404,1610612760,Oklahoma City,Thunder,OKC,thunder,1629026,Kenrich,Williams,K. Williams,kenrich-williams,,,,11:17,119.0,119.0,81.8,81.8,37.2,37.2,0.125,1.0,16.7,0.182,0.071,0.12,16.7,0.5,0.5,0.185,0.185,91.46,91.46,76.22,21.0,0.154,2024-25,Playoffs
0042400404,1610612760,Oklahoma City,Thunder,OKC,thunder,1631172,Ousmane,Dieng,O. Dieng,ousmane-dieng,,DNP - Coach's Decision,,,0.0,0.0,0.0,0.0,0.0,0.0,0.0,0.0,0.0,0.0,0.0,0.0,0.0,0.0,0.0,0.0,0.0,0.0,0.0,0.0,0.0,0.0,2024-25,Playoffs
0042400404,1610612760,Oklahoma City,Thunder,OKC,thunder,1641794,Dillon,Jones,D. Jones,dillon-jones,,DNP - Coach's Decision,,,0.0,0.0,0.0,0.0,0.0,0.0,0.0,0.0,0.0,0.0,0.0,0.0,0.0,0.0,0.0,0.0,0.0,0.0,0.0,0.0,0.0,0.0,2024-25,Playoffs
0042400404,1610612760,Oklahoma City,Thunder,OKC,thunder,1642349,Ajay,Mitchell,A. Mitchell,ajay-mitchell,,DNP - Coach's Decision,,,0.0,0.0,0.0,0.0,0.0,0.0,0.0,0.0,0.0,0.0,0.0,0.0,0.0,0.0,0.0,0.0,0.0,0.0,0.0,0.0,0.0,0.0,2024-25,Playoffs
0042400404,1610612760,Oklahoma City,Thunder,OKC,thunder,1631119,Jaylin,Williams,J. Williams,jaylin-williams,,DNP - Coach's Decision,,,0.0,0.0,0.0,0.0,0.0,0.0,0.0,0.0,0.0,0.0,0.0,0.0,0.0,0.0,0.0,0.0,0.0,0.0,0.0,0.0,0.0,0.0,2024-25,Playoffs
0042400404,1610612754,Indiana,Pacers,IND,pacers,1630174,Aaron,Nesmith,A. Nesmith,aaron-nesmith,F,,,30:00,110.7,110.7,112.1,112.1,-1.4,-1.4,0.105,2.0,15.4,0.138,0.185,0.161,7.7,0.333,0.405,0.169,0.169,91.2,91.2,76.0,56.0,0.041,2024-25,Playoffs
0042400404,1610612754,Indiana,Pacers,IND,pacers,1627783,Pascal,Siakam,P. Siakam,pascal-siakam,F,,,35:01,108.0,108.0,98.7,98.7,9.3,9.3,0.25,5.0,20.0,0.0,0.242,0.114,4.0,0.467,0.54,0.238,0.238,102.81,102.81,85.67,75.0,0.205,2024-25,Playoffs
0042400404,1610612754,Indiana,Pacers,IND,pacers,1626167,Myles,Turner,M. Turner,myles-turner,C,,,30:27,106.5,106.5,124.1,124.1,-17.7,-17.7,0.105,2.0,12.5,0.037,0.037,0.037,6.3,0.3,0.475,0.2,0.2,94.59,94.59,78.82,62.0,0.026,2024-25,Playoffs
0042400404,1610612754,Indiana,Pacers,IND,pacers,1629614,Andrew,Nembhard,A. Nembhard,andrew-nembhard,G,,,35:52,116.4,116.4,112.3,112.3,4.1,4.1,0.08,0.5,13.3,0.0,0.071,0.033,26.7,0.556,0.556,0.157,0.157,97.7,97.7,81.41,73.0,0.028,2024-25,Playoffs
0042400404,1610612754,Indiana,Pacers,IND,pacers,1630169,Tyrese,Haliburton,T. Haliburton,tyrese-haliburton,G,,,36:27,110.3,110.3,113.3,113.3,-3.1,-3.1,0.35,1.4,25.0,0.0,0.067,0.032,17.9,0.5,0.551,0.241,0.241,100.75,100.75,83.96,78.0,0.121,2024-25,Playoffs
0042400404,1610612754,Indiana,Pacers,IND,pacers,1641767,Ben,Sheppard,B. Sheppard,ben-sheppard,,,,11:35,95.8,95.8,137.5,137.5,-41.7,-41.7,0.0,0.0,0.0,0.0,0.0,0.0,50.0,1.5,1.5,0.067,0.067,99.4,99.4,82.83,24.0,-0.024,2024-25,Playoffs
0042400404,1610612754,Indiana,Pacers,IND,pacers,1630167,Obi,Toppin,O. Toppin,obi-toppin,,,,28:48,90.6,90.6,115.9,115.9,-25.2,-25.2,0.083,0.0,7.1,0.031,0.286,0.132,0.0,0.667,0.618,0.176,0.176,105.83,105.83,88.19,64.0,0.152,2024-25,Playoffs
0042400404,1610612754,Indiana,Pacers,IND,pacers,204456,T.J.,McConnell,T. McConnell,tj-mcconnell,,,,17:57,80.0,80.0,97.5,97.5,-17.5,-17.5,0.286,2.0,18.2,0.043,0.0,0.023,9.1,0.429,0.508,0.2,0.2,106.97,106.97,89.14,40.0,0.111,2024-25,Playoffs
0042400404,1610612754,Indiana,Pacers,IND,pacers,1631097,Bennedict,Mathurin,B. Mathurin,bennedict-mathurin,,,,13:53,77.1,77.1,91.4,91.4,-14.3,-14.3,0.0,0.0,0.0,0.0,0.133,0.057,14.3,0.75,0.725,0.179,0.179,121.01,121.01,100.84,35.0,0.109,2024-25,Playoffs
0042400404,1610612754,Indiana,Pacers,IND,pacers,1628396,Tony,Bradley,T. Bradley,tony-bradley,,DNP - Coach's Decision,,,0.0,0.0,0.0,0.0,0.0,0.0,0.0,0.0,0.0,0.0,0.0,0.0,0.0,0.0,0.0,0.0,0.0,0.0,0.0,0.0,0.0,0.0,2024-25,Playoffs
0042400404,1610612754,Indiana,Pacers,IND,pacers,1628418,Thomas,Bryant,T. Bryant,thomas-bryant,,DNP - Coach's Decision,,,0.0,0.0,0.0,0.0,0.0,0.0,0.0,0.0,0.0,0.0,0.0,0.0,0.0,0.0,0.0,0.0,0.0,0.0,0.0,0.0,0.0,0.0,2024-25,Playoffs
0042400404,1610612754,Indiana,Pacers,IND,pacers,1642277,Johnny,Furphy,J. Furphy,johnny-furphy,,DNP - Coach's Decision,,,0.0,0.0,0.0,0.0,0.0,0.0,0.0,0.0,0.0,0.0,0.0,0.0,0.0,0.0,0.0,0.0,0.0,0.0,0.0,0.0,0.0,0.0,2024-25,Playoffs
0042400404,1610612754,Indiana,Pacers,IND,pacers,1630543,Isaiah,Jackson,I. Jackson,isaiah-jackson,,DND - Injury/Illness,,,0.0,0.0,0.0,0.0,0.0,0.0,0.0,0.0,0.0,0.0,0.0,0.0,0.0,0.0,0.0,0.0,0.0,0.0,0.0,0.0,0.0,0.0,2024-25,Playoffs
0042400404,1610612754,Indiana,Pacers,IND,pacers,201949,James,Johnson,J. Johnson,james-johnson,,DNP - Coach's Decision,,,0.0,0.0,0.0,0.0,0.0,0.0,0.0,0.0,0.0,0.0,0.0,0.0,0.0,0.0,0.0,0.0,0.0,0.0,0.0,0.0,0.0,0.0,2024-25,Playoffs
0042400404,1610612754,Indiana,Pacers,IND,pacers,1641716,Jarace,Walker,J. Walker,jarace-walker,,DND - Injury/Illness,,,0.0,0.0,0.0,0.0,0.0,0.0,0.0,0.0,0.0,0.0,0.0,0.0,0.0,0.0,0.0,0.0,0.0,0.0,0.0,0.0,0.0,0.0,2024-25,Playoffs
0042400405,1610612754,Indiana,Pacers,IND,pacers,1630174,Aaron,Nesmith,A. Nesmith,aaron-nesmith,F,,,24:30,117.0,117.0,139.6,139.6,-22.6,-22.6,0.0,0.0,0.0,0.15,0.136,0.143,18.2,0.778,0.778,0.183,0.183,103.84,103.84,86.53,53.0,0.069,2024-25,Playoffs
0042400405,1610612754,Indiana,Pacers,IND,pacers,1627783,Pascal,Siakam,P. Siakam,pascal-siakam,F,,,33:16,115.7,115.7,121.1,121.1,-5.4,-5.4,0.294,0.83,16.7,0.061,0.1,0.082,20.0,0.7,0.756,0.294,0.294,101.72,101.72,84.77,70.0,0.182,2024-25,Playoffs
0042400405,1610612754,Indiana,Pacers,IND,pacers,1626167,Myles,Turner,M. Turner,myles-turner,C,,,24:41,122.4,122.4,136.7,136.7,-14.3,-14.3,0.063,0.0,11.1,0.063,0.25,0.167,0.0,0.7,0.804,0.148,0.148,95.27,95.27,79.4,49.0,0.127,2024-25,Playoffs
0042400405,1610612754,Indiana,Pacers,IND,pacers,1629614,Andrew,Nembhard,A. Nembhard,andrew-nembhard,G,,,35:36,120.3,120.3,134.7,134.7,-14.4,-14.4,0.111,0.75,20.0,0.061,0.026,0.042,26.7,0.375,0.415,0.135,0.135,100.45,100.45,83.71,74.0,0.006,2024-25,Playoffs
0042400405,1610612754,Indiana,Pacers,IND,pacers,1630169,Tyrese,Haliburton,T. Haliburton,tyrese-haliburton,G,,,34:09,109.9,109.9,128.2,128.2,-18.3,-18.3,0.231,2.0,35.3,0.029,0.14,0.091,17.6,0.0,0.258,0.128,0.128,99.8,99.8,83.16,71.0,0.032,2024-25,Playoffs
0042400405,1610612754,Indiana,Pacers,IND,pacers,1630167,Obi,Toppin,O. Toppin,obi-toppin,,,,21:40,93.5,93.5,128.3,128.3,-34.8,-34.8,0.083,1.0,7.1,0.038,0.115,0.077,7.1,0.5,0.505,0.224,0.224,101.92,101.92,84.94,46.0,0.127,2024-25,Playoffs
0042400405,1610612754,Indiana,Pacers,IND,pacers,1641767,Ben,Sheppard,B. Sheppard,ben-sheppard,,,,6:00,36.4,36.4,90.9,90.9,-54.5,-54.5,0.5,1.0,50.0,0.0,0.167,0.077,50.0,0.0,0.0,0.083,0.083,88.0,88.0,73.33,11.0,0.077,2024-25,Playoffs
0042400405,1610612754,Indiana,Pacers,IND,pacers,204456,T.J.,McConnell,T. McConnell,tj-mcconnell,,,,21:58,104.4,104.4,93.5,93.5,11.0,11.0,0.444,1.33,19.0,0.0,0.148,0.075,14.3,0.607,0.623,0.304,0.304,99.42,99.42,82.85,45.0,0.234,2024-25,Playoffs
0042400405,1610612754,Indiana,Pacers,IND,pacers,1631097,Bennedict,Mathurin,B. Mathurin,bennedict-mathurin,,,,22:12,108.9,108.9,93.5,93.5,15.4,15.4,0.067,1.0,6.7,0.222,0.063,0.136,6.7,0.227,0.274,0.237,0.237,98.38,98.38,81.98,45.0,0.0,2024-25,Playoffs
0042400405,1610612754,Indiana,Pacers,IND,pacers,1628396,Tony,Bradley,T. Bradley,tony-bradley,,,,12:16,103.7,103.7,100.0,100.0,3.7,3.7,0.0,0.0,0.0,0.105,0.1,0.103,25.0,0.5,0.694,0.108,0.108,103.7,103.7,86.41,27.0,0.048,2024-25,Playoffs
0042400405,1610612754,Indiana,Pacers,IND,pacers,1642277,Johnny,Furphy,J. Furphy,johnny-furphy,,,,1:51,66.7,66.7,0.0,0.0,66.7,66.7,0.0,0.0,0.0,0.0,0.0,0.0,0.0,1.0,0.694,0.333,0.333,90.81,90.81,75.68,3.0,0.5,2024-25,Playoffs
0042400405,1610612754,Indiana,Pacers,IND,pacers,1628418,Thomas,Bryant,T. Bryant,thomas-bryant,,,,1:51,66.7,66.7,0.0,0.0,66.7,66.7,1.0,0.0,100.0,0.0,0.333,0.2,0.0,0.0,0.0,0.0,0.0,90.81,90.81,75.68,3.0,1.0,2024-25,Playoffs
0042400405,1610612754,Indiana,Pacers,IND,pacers,1630543,Isaiah,Jackson,I. Jackson,isaiah-jackson,,DND - Injury/Illness,,,0.0,0.0,0.0,0.0,0.0,0.0,0.0,0.0,0.0,0.0,0.0,0.0,0.0,0.0,0.0,0.0,0.0,0.0,0.0,0.0,0.0,0.0,2024-25,Playoffs
0042400405,1610612754,Indiana,Pacers,IND,pacers,201949,James,Johnson,J. Johnson,james-johnson,,DNP - Coach's Decision,,,0.0,0.0,0.0,0.0,0.0,0.0,0.0,0.0,0.0,0.0,0.0,0.0,0.0,0.0,0.0,0.0,0.0,0.0,0.0,0.0,0.0,0.0,2024-25,Playoffs
0042400405,1610612754,Indiana,Pacers,IND,pacers,1641716,Jarace,Walker,J. Walker,jarace-walker,,DND - Injury/Illness,,,0.0,0.0,0.0,0.0,0.0,0.0,0.0,0.0,0.0,0.0,0.0,0.0,0.0,0.0,0.0,0.0,0.0,0.0,0.0,0.0,0.0,0.0,2024-25,Playoffs
0042400405,1610612760,Oklahoma City,Thunder,OKC,thunder,1631114,Jalen,Williams,J. Williams,jalen-williams,F,,,35:11,121.6,121.6,101.3,101.3,20.3,20.3,0.222,4.0,11.4,0.023,0.139,0.075,2.9,0.62,0.661,0.337,0.337,101.65,101.65,84.71,74.0,0.23,2024-25,Playoffs
0042400405,1610612760,Oklahoma City,Thunder,OKC,thunder,1631096,Chet,Holmgren,C. Holmgren,chet-holmgren,F,,,33:43,126.4,126.4,112.9,112.9,13.5,13.5,0.0,0.0,0.0,0.152,0.2,0.175,16.7,0.3,0.3,0.214,0.214,101.08,101.08,84.23,72.0,0.02,2024-25,Playoffs
0042400405,1610612760,Oklahoma City,Thunder,OKC,thunder,1628392,Isaiah,Hartenstein,I. Hartenstein,isaiah-hartenstein,C,,,20:51,111.6,111.6,108.9,108.9,2.7,2.7,0.25,4.0,44.4,0.214,0.08,0.151,11.1,0.5,0.532,0.091,0.091,101.29,101.29,84.41,43.0,0.103,2024-25,Playoffs
0042400405,1610612760,Oklahoma City,Thunder,OKC,thunder,1629652,Luguentz,Dort,L. Dort,luguentz-dort,G,,,32:23,126.5,126.5,107.5,107.5,19.0,19.0,0.115,3.0,27.3,0.122,0.107,0.116,9.1,0.643,0.643,0.092,0.092,100.05,100.05,83.38,68.0,0.085,2024-25,Playoffs
0042400405,1610612760,Oklahoma City,Thunder,OKC,thunder,1628983,Shai,Gilgeous-Alexander,S. Gilgeous-Alexander,shai-gilgeous-alexander,G,,,37:57,127.5,127.5,119.2,119.2,8.3,8.3,0.385,3.33,25.0,0.0,0.057,0.027,7.5,0.429,0.571,0.309,0.309,99.92,99.92,83.27,80.0,0.156,2024-25,Playoffs
0042400405,1610612760,Oklahoma City,Thunder,OKC,thunder,1627936,Alex,Caruso,A. Caruso,alex-caruso,,,,29:19,116.9,116.9,100.0,100.0,16.9,16.9,0.087,2.0,18.2,0.029,0.038,0.033,9.1,0.125,0.125,0.123,0.123,98.24,98.24,81.86,59.0,-0.01,2024-25,Playoffs
0042400405,1610612760,Oklahoma City,Thunder,OKC,thunder,1630598,Aaron,Wiggins,A. Wiggins,aaron-wiggins,,,,22:24,100.0,100.0,108.5,108.5,-8.5,-8.5,0.0,0.0,0.0,0.0,0.185,0.089,8.3,0.6,0.643,0.211,0.211,99.63,99.63,83.02,46.0,0.145,2024-25,Playoffs
0042400405,1610612760,Oklahoma City,Thunder,OKC,thunder,1641717,Cason,Wallace,C. Wallace,cason-wallace,,,,17:28,111.1,111.1,114.3,114.3,-3.2,-3.2,0.0,0.0,0.0,0.045,0.037,0.041,0.0,1.1,1.1,0.114,0.114,97.56,97.56,81.3,36.0,0.215,2024-25,Playoffs
0042400405,1610612760,Oklahoma City,Thunder,OKC,thunder,1629026,Kenrich,Williams,K. Williams,kenrich-williams,,,,10:44,121.7,121.7,120.0,120.0,1.7,1.7,0.125,0.0,50.0,0.0,0.091,0.05,0.0,0.0,0.0,0.037,0.037,96.15,96.15,80.12,23.0,0.022,2024-25,Playoffs
0042400405,1610612760,Oklahoma City,Thunder,OKC,thunder,1631172,Ousmane,Dieng,O. Dieng,ousmane-dieng,,DNP - Coach's Decision,,,0.0,0.0,0.0,0.0,0.0,0.0,0.0,0.0,0.0,0.0,0.0,0.0,0.0,0.0,0.0,0.0,0.0,0.0,0.0,0.0,0.0,0.0,2024-25,Playoffs
0042400405,1610612760,Oklahoma City,Thunder,OKC,thunder,1630198,Isaiah,Joe,I. Joe,isaiah-joe,,DNP - Coach's Decision,,,0.0,0.0,0.0,0.0,0.0,0.0,0.0,0.0,0.0,0.0,0.0,0.0,0.0,0.0,0.0,0.0,0.0,0.0,0.0,0.0,0.0,0.0,2024-25,Playoffs
0042400405,1610612760,Oklahoma City,Thunder,OKC,thunder,1641794,Dillon,Jones,D. Jones,dillon-jones,,DNP - Coach's Decision,,,0.0,0.0,0.0,0.0,0.0,0.0,0.0,0.0,0.0,0.0,0.0,0.0,0.0,0.0,0.0,0.0,0.0,0.0,0.0,0.0,0.0,0.0,2024-25,Playoffs
0042400405,1610612760,Oklahoma City,Thunder,OKC,thunder,1642349,Ajay,Mitchell,A. Mitchell,ajay-mitchell,,DNP - Coach's Decision,,,0.0,0.0,0.0,0.0,0.0,0.0,0.0,0.0,0.0,0.0,0.0,0.0,0.0,0.0,0.0,0.0,0.0,0.0,0.0,0.0,0.0,0.0,2024-25,Playoffs
0042400405,1610612760,Oklahoma City,Thunder,OKC,thunder,1631119,Jaylin,Williams,J. Williams,jaylin-williams,,DNP - Coach's Decision,,,0.0,0.0,0.0,0.0,0.0,0.0,0.0,0.0,0.0,0.0,0.0,0.0,0.0,0.0,0.0,0.0,0.0,0.0,0.0,0.0,0.0,0.0,2024-25,Playoffs
0042400406,1610612760,Oklahoma City,Thunder,OKC,thunder,1631114,Jalen,Williams,J. Williams,jalen-williams,F,,,26:51,66.1,66.1,135.1,135.1,-69.0,-69.0,0.111,0.33,5.3,0.0,0.091,0.049,15.8,0.462,0.526,0.295,0.295,101.01,101.01,84.17,56.0,0.071,2024-25,Playoffs
0042400406,1610612760,Oklahoma City,Thunder,OKC,thunder,1631096,Chet,Holmgren,C. Holmgren,chet-holmgren,F,,,24:08,70.6,70.6,92.2,92.2,-21.6,-21.6,0.0,0.0,0.0,0.04,0.156,0.105,18.2,0.222,0.222,0.2,0.2,101.44,101.44,84.53,51.0,-0.025,2024-25,Playoffs
0042400406,1610612760,Oklahoma City,Thunder,OKC,thunder,1628392,Isaiah,Hartenstein,I. Hartenstein,isaiah-hartenstein,C,,,16:03,91.7,91.7,128.6,128.6,-36.9,-36.9,0.143,0.0,14.3,0.143,0.095,0.114,0.0,0.75,0.868,0.154,0.154,106.17,106.17,88.47,36.0,0.219,2024-25,Playoffs
0042400406,1610612760,Oklahoma City,Thunder,OKC,thunder,1629652,Luguentz,Dort,L. Dort,luguentz-dort,G,,,20:55,73.8,73.8,134.1,134.1,-60.3,-60.3,0.0,0.0,0.0,0.0,0.143,0.08,0.0,0.3,0.3,0.106,0.106,98.69,98.69,82.24,42.0,0.0,2024-25,Playoffs
0042400406,1610612760,Oklahoma City,Thunder,OKC,thunder,1628983,Shai,Gilgeous-Alexander,S. Gilgeous-Alexander,shai-gilgeous-alexander,G,,,30:56,84.4,84.4,109.2,109.2,-24.9,-24.9,0.167,0.25,7.1,0.0,0.108,0.059,28.6,0.467,0.567,0.377,0.377,100.09,100.09,83.41,64.0,0.083,2024-25,Playoffs
0042400406,1610612760,Oklahoma City,Thunder,OKC,thunder,1627936,Alex,Caruso,A. Caruso,alex-caruso,,,,22:00,54.3,54.3,126.1,126.1,-71.7,-71.7,0.222,2.0,40.0,0.0,0.111,0.059,20.0,0.0,0.0,0.063,0.063,100.36,100.36,83.63,46.0,0.022,2024-25,Playoffs
0042400406,1610612760,Oklahoma City,Thunder,OKC,thunder,1630598,Aaron,Wiggins,A. Wiggins,aaron-wiggins,,,,17:53,85.0,85.0,92.5,92.5,-7.5,-7.5,0.091,0.33,11.1,0.0,0.087,0.049,33.3,0.375,0.512,0.2,0.2,107.36,107.36,89.47,40.0,0.026,2024-25,Playoffs
0042400406,1610612760,Oklahoma City,Thunder,OKC,thunder,1641717,Cason,Wallace,C. Wallace,cason-wallace,,,,13:56,84.8,84.8,96.9,96.9,-12.0,-12.0,0.0,0.0,0.0,0.0,0.2,0.103,0.0,0.25,0.25,0.121,0.121,111.95,111.95,93.29,33.0,0.027,2024-25,Playoffs
0042400406,1610612760,Oklahoma City,Thunder,OKC,thunder,1629026,Kenrich,Williams,K. Williams,kenrich-williams,,,,18:06,117.5,117.5,92.7,92.7,24.8,24.8,0.0,0.0,0.0,0.0,0.167,0.097,0.0,0.75,0.521,0.073,0.073,107.41,107.41,89.51,40.0,0.045,2024-25,Playoffs
0042400406,1610612760,Oklahoma City,Thunder,OKC,thunder,1630198,Isaiah,Joe,I. Joe,isaiah-joe,,,,14:51,128.1,128.1,87.9,87.9,40.2,40.2,0.125,1.0,14.3,0.0,0.071,0.04,14.3,1.0,1.034,0.171,0.171,105.05,105.05,87.54,32.0,0.169,2024-25,Playoffs
0042400406,1610612760,Oklahoma City,Thunder,OKC,thunder,1642349,Ajay,Mitchell,A. Mitchell,ajay-mitchell,,,,12:00,114.8,114.8,69.2,69.2,45.6,45.6,0.444,2.0,40.0,0.0,0.077,0.042,20.0,0.25,0.25,0.207,0.207,106.0,106.0,88.33,27.0,0.047,2024-25,Playoffs
0042400406,1610612760,Oklahoma City,Thunder,OKC,thunder,1631119,Jaylin,Williams,J. Williams,jaylin-williams,,,,12:00,114.8,114.8,69.2,69.2,45.6,45.6,0.125,0.0,20.0,0.0,0.385,0.208,0.0,1.0,0.902,0.138,0.138,106.0,106.0,88.33,27.0,0.233,2024-25,Playoffs
0042400406,1610612760,Oklahoma City,Thunder,OKC,thunder,1641794,Dillon,Jones,D. Jones,dillon-jones,,,,7:17,120.0,120.0,60.0,60.0,60.0,60.0,0.2,1.0,25.0,0.167,0.111,0.133,25.0,1.0,1.0,0.176,0.176,98.86,98.86,82.38,15.0,0.188,2024-25,Playoffs
0042400406,1610612760,Oklahoma City,Thunder,OKC,thunder,1631172,Ousmane,Dieng,O. Dieng,ousmane-dieng,,,,3:04,150.0,150.0,60.0,60.0,90.0,90.0,0.0,0.0,0.0,0.0,0.0,0.0,0.0,0.5,0.5,0.429,0.429,86.09,86.09,71.74,6.0,0.136,2024-25,Playoffs
0042400406,1610612754,Indiana,Pacers,IND,pacers,1630174,Aaron,Nesmith,A. Nesmith,aaron-nesmith,F,,,25:10,115.4,115.4,66.7,66.7,48.7,48.7,0.167,3.0,23.1,0.0,0.071,0.034,7.7,0.5,0.536,0.167,0.167,101.09,101.09,84.24,52.0,0.079,2024-25,Playoffs
0042400406,1610612754,Indiana,Pacers,IND,pacers,1627783,Pascal,Siakam,P. Siakam,pascal-siakam,F,,,32:02,103.0,103.0,82.4,82.4,20.6,20.6,0.15,3.0,15.8,0.128,0.242,0.181,5.3,0.464,0.522,0.213,0.213,101.14,101.14,84.29,67.0,0.188,2024-25,Playoffs
0042400406,1610612754,Indiana,Pacers,IND,pacers,1626167,Myles,Turner,M. Turner,myles-turner,C,,,26:09,114.0,114.0,83.6,83.6,30.4,30.4,0.042,1.0,8.3,0.034,0.115,0.073,8.3,0.111,0.152,0.169,0.169,102.79,102.79,85.66,57.0,-0.039,2024-25,Playoffs
0042400406,1610612754,Indiana,Pacers,IND,pacers,1629614,Andrew,Nembhard,A. Nembhard,andrew-nembhard,G,,,31:06,107.7,107.7,77.3,77.3,30.4,30.4,0.211,4.0,28.6,0.0,0.0,0.0,7.1,0.929,0.97,0.135,0.135,101.09,101.09,84.24,65.0,0.201,2024-25,Playoffs
0042400406,1610612754,Indiana,Pacers,IND,pacers,1630169,Tyrese,Haliburton,T. Haliburton,tyrese-haliburton,G,,,22:53,130.6,130.6,79.6,79.6,51.0,51.0,0.25,5.0,27.8,0.0,0.045,0.02,5.6,0.542,0.563,0.224,0.224,102.79,102.79,85.66,49.0,0.152,2024-25,Playoffs
0042400406,1610612754,Indiana,Pacers,IND,pacers,1630167,Obi,Toppin,O. Toppin,obi-toppin,,,,23:10,101.9,101.9,88.2,88.2,13.7,13.7,0.0,0.0,0.0,0.0,0.273,0.115,6.3,0.667,0.683,0.276,0.276,106.68,106.68,88.9,52.0,0.215,2024-25,Playoffs
0042400406,1610612754,Indiana,Pacers,IND,pacers,204456,T.J.,McConnell,T. McConnell,tj-mcconnell,,,,24:07,103.6,103.6,85.5,85.5,18.2,18.2,0.5,2.0,27.3,0.034,0.381,0.18,13.6,0.5,0.466,0.262,0.262,109.46,109.46,91.22,55.0,0.222,2024-25,Playoffs
0042400406,1610612754,Indiana,Pacers,IND,pacers,1641767,Ben,Sheppard,B. Sheppard,ben-sheppard,,,,20:44,102.2,102.2,100.0,100.0,2.2,2.2,0.0,0.0,0.0,0.045,0.2,0.119,0.0,0.5,0.5,0.143,0.143,106.5,106.5,88.75,45.0,0.089,2024-25,Playoffs
0042400406,1610612754,Indiana,Pacers,IND,pacers,1631097,Bennedict,Mathurin,B. Mathurin,bennedict-mathurin,,,,14:16,59.4,59.4,119.4,119.4,-60.0,-60.0,0.167,0.0,14.3,0.053,0.333,0.143,0.0,0.167,0.167,0.176,0.176,105.98,105.98,88.32,32.0,0.085,2024-25,Playoffs
0042400406,1610612754,Indiana,Pacers,IND,pacers,1628396,Tony,Bradley,T. Bradley,tony-bradley,,,,6:02,138.5,138.5,91.7,91.7,46.8,46.8,0.0,0.0,0.0,0.333,0.0,0.2,0.0,0.5,0.521,0.188,0.188,99.45,99.45,82.87,13.0,0.108,2024-25,Playoffs
0042400406,1610612754,Indiana,Pacers,IND,pacers,1628418,Thomas,Bryant,T. Bryant,thomas-bryant,,,,6:30,61.5,61.5,138.5,138.5,-76.9,-76.9,0.0,0.0,0.0,0.0,0.0,0.0,0.0,0.75,0.694,0.214,0.214,96.0,96.0,80.0,13.0,0.08,2024-25,Playoffs
0042400406,1610612754,Indiana,Pacers,IND,pacers,1642277,Johnny,Furphy,J. Furphy,johnny-furphy,,,,5:44,80.0,80.0,145.5,145.5,-65.5,-65.5,0.0,0.0,0.0,0.0,0.0,0.0,100.0,0.0,0.0,0.091,0.091,87.91,87.91,73.26,10.0,-0.043,2024-25,Playoffs
0042400406,1610612754,Indiana,Pacers,IND,pacers,201949,James,Johnson,J. Johnson,james-johnson,,,,2:07,75.0,75.0,120.0,120.0,-45.0,-45.0,0.0,0.0,0.0,0.0,0.0,0.0,0.0,0.0,0.0,0.25,0.25,102.29,102.29,85.24,4.0,-0.125,2024-25,Playoffs
0042400406,1610612754,Indiana,Pacers,IND,pacers,1630543,Isaiah,Jackson,I. Jackson,isaiah-jackson,,DND - Injury/Illness,,,0.0,0.0,0.0,0.0,0.0,0.0,0.0,0.0,0.0,0.0,0.0,0.0,0.0,0.0,0.0,0.0,0.0,0.0,0.0,0.0,0.0,0.0,2024-25,Playoffs
0042400406,1610612754,Indiana,Pacers,IND,pacers,1641716,Jarace,Walker,J. Walker,jarace-walker,,DND - Injury/Illness,,,0.0,0.0,0.0,0.0,0.0,0.0,0.0,0.0,0.0,0.0,0.0,0.0,0.0,0.0,0.0,0.0,0.0,0.0,0.0,0.0,0.0,0.0,2024-25,Playoffs
0042400407,1610612754,Indiana,Pacers,IND,pacers,1630174,Aaron,Nesmith,A. Nesmith,aaron-nesmith,F,,,30:28,108.5,108.5,101.8,101.8,6.7,6.7,0.05,1.0,14.3,0.036,0.132,0.091,14.3,0.3,0.3,0.087,0.087,91.4,91.4,76.17,59.0,0.016,2024-25,Playoffs
0042400407,1610612754,Indiana,Pacers,IND,pacers,1627783,Pascal,Siakam,P. Siakam,pascal-siakam,F,,,36:55,97.3,97.3,102.7,102.7,-5.5,-5.5,0.118,2.0,10.5,0.025,0.065,0.047,5.3,0.462,0.498,0.195,0.195,94.93,94.93,79.11,73.0,0.087,2024-25,Playoffs
0042400407,1610612754,Indiana,Pacers,IND,pacers,1626167,Myles,Turner,M. Turner,myles-turner,C,,,23:49,102.2,102.2,126.1,126.1,-23.9,-23.9,0.067,1.0,12.5,0.048,0.115,0.085,12.5,0.625,0.521,0.137,0.137,91.7,91.7,76.42,45.0,0.016,2024-25,Playoffs
0042400407,1610612754,Indiana,Pacers,IND,pacers,1629614,Andrew,Nembhard,A. Nembhard,andrew-nembhard,G,,,36:41,104.3,104.3,115.5,115.5,-11.2,-11.2,0.316,3.0,28.6,0.03,0.089,0.064,9.5,0.5,0.593,0.183,0.183,92.24,92.24,76.86,70.0,0.113,2024-25,Playoffs
0042400407,1610612754,Indiana,Pacers,IND,pacers,1630169,Tyrese,Haliburton,T. Haliburton,tyrese-haliburton,G,,,7:05,133.3,133.3,150.0,150.0,-16.7,-16.7,0.0,0.0,0.0,0.0,0.0,0.0,16.7,0.9,0.9,0.429,0.429,81.32,81.32,67.76,12.0,0.16,2024-25,Playoffs
0042400407,1610612754,Indiana,Pacers,IND,pacers,1631097,Bennedict,Mathurin,B. Mathurin,bennedict-mathurin,,,,33:23,93.8,93.8,115.4,115.4,-21.5,-21.5,0.3,1.0,12.0,0.206,0.154,0.178,12.0,0.5,0.652,0.278,0.278,93.47,93.47,77.89,65.0,0.275,2024-25,Playoffs
0042400407,1610612754,Indiana,Pacers,IND,pacers,1630167,Obi,Toppin,O. Toppin,obi-toppin,,,,20:33,81.4,81.4,117.1,117.1,-35.7,-35.7,0.083,0.33,12.5,0.0,0.095,0.053,37.5,0.0,0.0,0.137,0.137,98.1,98.1,81.75,43.0,-0.121,2024-25,Playoffs
0042400407,1610612754,Indiana,Pacers,IND,pacers,1641767,Ben,Sheppard,B. Sheppard,ben-sheppard,,,,16:13,84.4,84.4,91.2,91.2,-6.8,-6.8,0.0,0.0,0.0,0.059,0.143,0.105,50.0,0.0,0.0,0.051,0.051,97.68,97.68,81.4,32.0,0.017,2024-25,Playoffs
0042400407,1610612754,Indiana,Pacers,IND,pacers,204456,T.J.,McConnell,T. McConnell,tj-mcconnell,,,,28:05,83.6,83.6,101.8,101.8,-18.1,-18.1,0.3,0.43,13.0,0.0,0.167,0.102,30.4,0.615,0.615,0.333,0.333,95.73,95.73,79.77,55.0,0.162,2024-25,Playoffs
0042400407,1610612754,Indiana,Pacers,IND,pacers,1628396,Tony,Bradley,T. Bradley,tony-bradley,,,,5:12,72.7,72.7,90.9,90.9,-18.2,-18.2,0.0,0.0,0.0,0.0,0.111,0.077,50.0,0.0,1.136,0.167,0.167,101.44,101.44,84.53,11.0,0.0,2024-25,Playoffs
0042400407,1610612754,Indiana,Pacers,IND,pacers,1628418,Thomas,Bryant,T. Bryant,thomas-bryant,,,,1:04,100.0,100.0,66.7,66.7,33.3,33.3,0.0,0.0,0.0,0.0,0.0,0.0,0.0,0.0,0.0,0.2,0.2,156.52,156.52,130.43,4.0,-0.286,2024-25,Playoffs
0042400407,1610612754,Indiana,Pacers,IND,pacers,1642277,Johnny,Furphy,J. Furphy,johnny-furphy,,,,0:32,200.0,200.0,0.0,0.0,200.0,200.0,0.0,0.0,0.0,0.0,0.0,0.0,0.0,0.0,0.0,0.0,0.0,177.78,177.78,148.15,2.0,0.0,2024-25,Playoffs
0042400407,1610612754,Indiana,Pacers,IND,pacers,1630543,Isaiah,Jackson,I. Jackson,isaiah-jackson,,DND - Injury/Illness,,,0.0,0.0,0.0,0.0,0.0,0.0,0.0,0.0,0.0,0.0,0.0,0.0,0.0,0.0,0.0,0.0,0.0,0.0,0.0,0.0,0.0,0.0,2024-25,Playoffs
0042400407,1610612754,Indiana,Pacers,IND,pacers,201949,James,Johnson,J. Johnson,james-johnson,,DNP - Coach's Decision,,,0.0,0.0,0.0,0.0,0.0,0.0,0.0,0.0,0.0,0.0,0.0,0.0,0.0,0.0,0.0,0.0,0.0,0.0,0.0,0.0,0.0,0.0,2024-25,Playoffs
0042400407,1610612754,Indiana,Pacers,IND,pacers,1641716,Jarace,Walker,J. Walker,jarace-walker,,DND - Injury/Illness,,,0.0,0.0,0.0,0.0,0.0,0.0,0.0,0.0,0.0,0.0,0.0,0.0,0.0,0.0,0.0,0.0,0.0,0.0,0.0,0.0,0.0,0.0,2024-25,Playoffs
0042400407,1610612760,Oklahoma City,Thunder,OKC,thunder,1631114,Jalen,Williams,J. Williams,jalen-williams,F,,,38:12,120.3,120.3,104.1,104.1,16.2,16.2,0.174,4.0,14.3,0.0,0.118,0.053,3.6,0.4,0.442,0.273,0.273,92.37,92.37,76.97,74.0,0.079,2024-25,Playoffs
0042400407,1610612760,Oklahoma City,Thunder,OKC,thunder,1631096,Chet,Holmgren,C. Holmgren,chet-holmgren,F,,,31:17,113.1,113.1,96.7,96.7,16.4,16.4,0.0,0.0,0.0,0.056,0.194,0.119,0.0,0.813,0.781,0.164,0.164,93.59,93.59,77.99,61.0,0.212,2024-25,Playoffs
0042400407,1610612760,Oklahoma City,Thunder,OKC,thunder,1628392,Isaiah,Hartenstein,I. Hartenstein,isaiah-hartenstein,C,,,18:13,108.6,108.6,112.1,112.1,-3.5,-3.5,0.333,2.0,36.4,0.15,0.353,0.243,18.2,0.75,0.658,0.163,0.163,89.6,89.6,74.66,35.0,0.24,2024-25,Playoffs
0042400407,1610612760,Oklahoma City,Thunder,OKC,thunder,1629652,Luguentz,Dort,L. Dort,luguentz-dort,G,,,35:13,117.6,117.6,101.5,101.5,16.2,16.2,0.0,0.0,0.0,0.071,0.138,0.099,8.3,0.4,0.414,0.148,0.148,92.02,92.02,76.68,68.0,0.048,2024-25,Playoffs
0042400407,1610612760,Oklahoma City,Thunder,OKC,thunder,1628983,Shai,Gilgeous-Alexander,S. Gilgeous-Alexander,shai-gilgeous-alexander,G,,,40:11,111.7,111.7,100.0,100.0,11.7,11.7,0.6,12.0,26.1,0.0,0.135,0.058,2.2,0.333,0.449,0.362,0.362,90.77,90.77,75.64,77.0,0.178,2024-25,Playoffs
0042400407,1610612760,Oklahoma City,Thunder,OKC,thunder,1627936,Alex,Caruso,A. Caruso,alex-caruso,,,,32:25,100.0,100.0,91.9,91.9,8.1,8.1,0.0,0.0,0.0,0.045,0.032,0.04,0.0,0.5,0.5,0.123,0.123,94.05,94.05,78.37,65.0,0.081,2024-25,Playoffs
0042400407,1610612760,Oklahoma City,Thunder,OKC,thunder,1641717,Cason,Wallace,C. Wallace,cason-wallace,,,,26:03,100.0,100.0,88.5,88.5,11.5,11.5,0.0,0.0,0.0,0.061,0.0,0.033,14.3,0.833,0.833,0.108,0.108,96.74,96.74,80.61,53.0,0.11,2024-25,Playoffs
0042400407,1610612760,Oklahoma City,Thunder,OKC,thunder,1629026,Kenrich,Williams,K. Williams,kenrich-williams,,,,4:37,70.0,70.0,72.7,72.7,-2.7,-2.7,0.0,0.0,0.0,0.2,0.0,0.091,0.0,0.0,0.0,0.083,0.083,109.01,109.01,90.84,10.0,-0.05,2024-25,Playoffs
0042400407,1610612760,Oklahoma City,Thunder,OKC,thunder,1630598,Aaron,Wiggins,A. Wiggins,aaron-wiggins,,,,12:12,112.0,112.0,65.4,65.4,46.6,46.6,0.0,0.0,0.0,0.0,0.077,0.037,0.0,0.0,0.0,0.032,0.032,100.3,100.3,83.58,25.0,-0.056,2024-25,Playoffs
0042400407,1610612760,Oklahoma City,Thunder,OKC,thunder,1641794,Dillon,Jones,D. Jones,dillon-jones,,,,0:32,0.0,0.0,200.0,200.0,-200.0,-200.0,0.0,0.0,0.0,0.0,0.0,0.0,0.0,0.0,0.0,0.0,0.0,177.78,177.78,148.15,2.0,-0.333,2024-25,Playoffs
0042400407,1610612760,Oklahoma City,Thunder,OKC,thunder,1642349,Ajay,Mitchell,A. Mitchell,ajay-mitchell,,,,0:32,0.0,0.0,200.0,200.0,-200.0,-200.0,0.0,0.0,0.0,0.0,0.0,0.0,100.0,0.0,0.0,0.5,0.5,177.78,177.78,148.15,2.0,-0.333,2024-25,Playoffs
0042400407,1610612760,Oklahoma City,Thunder,OKC,thunder,1631172,Ousmane,Dieng,O. Dieng,ousmane-dieng,,,,0:32,0.0,0.0,200.0,200.0,-200.0,-200.0,0.0,0.0,0.0,0.0,0.0,0.0,0.0,0.0,0.0,0.0,0.0,177.78,177.78,148.15,2.0,0.0,2024-25,Playoffs
0042400407,1610612760,Oklahoma City,Thunder,OKC,thunder,1630198,Isaiah,Joe,I. Joe,isaiah-joe,,DNP - Coach's Decision,,,0.0,0.0,0.0,0.0,0.0,0.0,0.0,0.0,0.0,0.0,0.0,0.0,0.0,0.0,0.0,0.0,0.0,0.0,0.0,0.0,0.0,0.0,2024-25,Playoffs
0042400407,1610612760,Oklahoma City,Thunder,OKC,thunder,1631119,Jaylin,Williams,J. Williams,jaylin-williams,,DNP - Coach's Decision,,,0.0,0.0,0.0,0.0,0.0,0.0,0.0,0.0,0.0,0.0,0.0,0.0,0.0,0.0,0.0,0.0,0.0,0.0,0.0,0.0,0.0,0.0,2024-25,Playoffs
